ticker,last_close,last_date,1W,2W,1M,3M,6M,12M
NV20,12007.3,2026-06-25,84637.47,84697.32,84339.52,85361.21,7630.68,7940.24
ACCORD,126.95,2026-06-24,10.2,40.43,139.53,379.06,359.13,447.2
SSFL,242.3,2026-06-24,10.21,21.88,95.25,98.53,82.87,53.92
HITECHCORP,318.04,2026-06-25,3.52,2.89,90.67,134.03,80.83,65.24
SIGNORIA,100.85,2026-06-24,10.22,38.91,82.7,80.41,6.27,-18.01
GRANDOAK,45.96,2026-06-25,-13.46,26.93,77.38,,,
VENUSREM,1947.0,2026-06-25,15.08,3.4,71.37,121.64,142.87,347.74
SIGMAADV,615.05,2026-06-25,11.56,33.07,67.59,276.29,204.04,549.95
GTECJAINX,29.34,2026-06-25,15.69,-1.18,59.54,48.41,19.41,27.57
BLUSPRING,107.94,2026-06-25,-0.08,16.3,59.09,100.52,60.77,58.53
DEEM,54.0,2026-06-24,-0.74,20.81,58.82,57.21,10.88,-10.0
SETL,213.96,2026-06-25,5.74,26.65,56.16,84.69,43.95,22.86
AEGISLOG,1140.65,2026-06-25,6.63,15.88,56.05,86.46,57.13,44.43
QUADFUTURE,448.5,2026-06-25,7.64,18.06,55.38,53.99,29.19,-8.63
CLCIND,44.49,2026-06-24,0.0,4.98,54.96,177.89,-84.11,-84.11
BLISSGVS,491.95,2026-06-25,3.95,11.92,54.92,119.54,180.25,231.39
NRL,83.01,2026-06-25,-0.42,9.61,54.49,74.35,45.61,6.56
SANGINITA,41.57,2026-06-25,6.07,17.03,54.08,130.43,310.77,305.96
NPST,1584.9,2026-06-25,2.3,-4.14,53.69,37.96,14.7,-16.5
MODISONLTD,321.15,2026-06-25,-5.06,7.1,53.45,164.5,135.07,105.2
BETA,2096.6,2026-06-25,-2.37,14.22,53.18,74.43,31.84,17.79
INDSWFTLAB,200.9,2026-06-25,6.36,24.13,51.99,46.77,118.61,82.67
SKMEGGPROD,276.01,2026-06-25,11.03,16.99,51.75,66.64,28.45,123.45
CARTRADE,2694.4,2026-06-25,4.79,15.89,50.61,53.96,-3.39,65.36
MSTCLTD,647.4,2026-06-25,-6.21,2.8,50.54,61.93,34.02,26.63
SICALLOG,95.91,2026-06-24,0.0,9.41,50.38,49.84,-2.13,-16.82
RUBICON,1416.6,2026-06-25,2.91,5.37,49.98,83.12,109.22,
VSCL,29.75,2026-06-24,4.94,10.19,49.12,33.71,82.52,-10.93
ROLLT,3.07,2026-06-25,-14.01,8.1,49.03,155.83,143.65,76.44
QFIL,59.4,2026-06-24,4.21,6.17,48.87,38.79,1.02,-21.12
ELECTHERM,1139.55,2026-06-25,8.25,1.54,47.8,91.2,28.33,-8.67
BTTL,50.8,2026-06-25,47.76,43.1,47.33,,,
RAMCOSYS,709.8,2026-06-25,27.06,29.49,46.58,86.91,20.81,69.06
CUPID,182.61,2026-06-25,1.57,10.79,46.45,126.42,93.28,780.9
ZEELEARN,8.93,2026-06-25,-3.56,19.87,46.39,75.79,22.5,-6.1
IZMO,1015.7,2026-06-25,-3.44,-1.52,46.34,49.52,22.11,182.06
THANGAMAYL,5594.2,2026-06-25,0.67,1.68,46.28,55.45,70.42,198.43
MDL,73.0,2026-06-24,3.99,4.29,46.0,30.36,0.0,-24.78
VADILALIND,6377.1,2026-06-25,0.28,5.82,45.94,45.22,27.27,15.14
KIRLOSENG,2484.3,2026-06-25,3.95,28.47,45.89,78.42,96.95,192.79
NIITLTD,100.38,2026-06-25,-3.09,12.45,45.58,76.48,6.97,-23.03
WABAG,2110.8,2026-06-25,2.38,29.57,45.29,68.62,65.51,41.63
KANORICHEM,132.07,2026-06-25,4.23,29.88,44.45,111.45,70.33,38.5
PARAS,1233.75,2026-06-25,-10.52,11.33,44.17,92.28,83.89,55.04
ORBTEXP,235.98,2026-06-25,13.44,23.52,44.0,56.06,24.49,32.1
VMARCIND,1614.45,2026-06-24,0.16,13.39,43.9,154.4,132.04,436.72
VIPULLTD,12.98,2026-06-25,15.48,38.23,43.74,18.21,12.38,8.35
EFFWA,376.9,2026-06-24,2.24,16.33,43.69,93.58,64.51,49.09
BAFNAPH,194.68,2026-06-25,15.75,23.86,43.32,65.38,13.09,150.42
SPAL,1099.95,2026-06-25,12.35,26.74,43.09,53.16,54.96,31.04
RPTECH,780.9,2026-06-25,2.72,39.14,42.66,116.59,122.38,159.88
EQUIPPP,21.65,2026-06-25,0.74,16.27,42.25,33.39,-2.39,11.08
MTEDUCARE,2.3,2026-06-25,8.49,19.17,41.98,71.64,29.21,9.0
BHAGERIA,219.13,2026-06-25,-4.37,0.61,41.81,53.32,17.85,16.02
PRIZOR,925.0,2026-06-24,5.73,7.4,41.6,137.51,237.16,378.04
AMIABLE,84.95,2026-06-24,10.04,7.6,41.58,16.53,-0.29,13.27
BHAGYANGR,392.15,2026-06-25,-3.76,20.25,41.01,166.81,168.72,376.43
SUPREMEENG,1.38,2026-06-25,4.55,13.11,40.82,33.98,22.12,-25.81
STOVEKRAFT,779.2,2026-06-25,6.35,18.14,40.65,63.3,32.24,34.5
AEROENTER,137.6,2026-06-25,-5.1,24.62,40.31,100.85,51.53,45.5
VIJIFIN,5.46,2026-06-25,15.43,40.0,40.0,106.82,117.53,133.33
ORIENTHOT,139.32,2026-06-25,15.78,17.13,39.75,51.25,35.25,-7.26
SKFINDUS,2906.0,2026-06-25,5.46,16.67,39.37,36.27,14.39,
ASTRAMICRO,1721.7,2026-06-25,2.76,18.09,39.34,87.61,77.45,62.84
CPPLUS,3558.5,2026-06-25,-2.01,5.71,39.22,96.67,132.38,
VINSYS,457.2,2026-06-24,9.2,24.48,39.18,70.15,17.5,16.93
KERNEX,2035.7,2026-06-25,3.38,-0.07,39.05,116.98,60.13,63.42
SYNOPTICS,67.0,2026-06-24,-2.12,-5.17,38.86,47.25,4.77,-14.27
TCIFINANCE,18.53,2026-06-25,-14.21,-33.54,38.59,42.54,-17.72,27.35
RELAXO,413.55,2026-06-25,16.08,21.1,38.43,55.62,2.02,-0.81
RILINFRA,44.6,2026-06-24,9.72,22.87,38.29,25.81,18.62,8.65
CEMPRO,1213.4,2026-06-25,-4.7,2.96,38.25,115.98,49.66,40.75
MANCREDIT,232.73,2026-06-25,6.77,3.87,38.07,36.87,36.82,17.0
JAYBARMARU,166.85,2026-06-25,2.17,4.86,38.02,99.72,82.61,114.82
EIFFL,331.04,2026-06-25,-7.15,35.25,38.01,50.25,34.9,52.83
ICIL,426.4,2026-06-25,9.54,21.97,37.46,65.02,59.25,48.02
UFBL,690.85,2026-06-25,3.22,12.34,37.39,198.11,264.08,107.81
JASH,550.3,2026-06-25,0.24,9.35,37.18,52.58,29.98,0.12
IMPEXFERRO,2.41,2026-06-24,0.0,-4.74,36.93,68.53,33.89,12.62
VINYAS,1405.2,2026-06-24,-4.69,0.02,36.89,56.04,19.59,23.36
SHUBHLAXMI,27.55,2026-06-24,-5.0,12.91,36.72,2.99,-29.63,66.97
TBZ,185.67,2026-06-25,-2.96,-1.11,36.53,48.04,14.66,1.01
IPSL,259.95,2026-06-24,-0.02,-0.02,36.42,32.53,-5.13,-3.41
SYRMA,1440.5,2026-06-25,7.81,10.71,36.25,76.15,96.29,167.82
MAHESHWARI,74.08,2026-06-25,4.34,3.61,35.95,68.94,47.63,28.52
YASHO,2868.5,2026-06-25,0.31,2.95,35.9,101.86,97.53,39.67
WELSPLSOL,58.09,2026-06-25,-0.63,10.73,35.41,,,
COCKERILL,8840.5,2026-06-25,-4.0,-5.2,35.09,,,
ZEEL,111.36,2026-06-25,-3.79,2.65,34.69,46.6,21.29,-22.34
ORCHPHARMA,963.3,2026-06-25,0.54,0.25,34.66,81.19,24.72,36.95
SAAKSHI,308.65,2026-06-24,13.98,20.83,33.61,63.26,67.74,84.16
HMVL,85.29,2026-06-25,-2.0,3.51,33.43,40.3,21.62,-3.39
PRADPME,561.95,2026-06-25,6.63,12.86,33.26,,,
DYNAMIC,175.55,2026-06-24,5.12,14.33,33.24,95.16,50.17,17.27
TIMEX,507.5,2026-06-25,1.57,2.23,33.03,,,
PANACEABIO,557.2,2026-06-25,6.32,3.03,32.97,69.62,55.14,31.37
UCAL,121.8,2026-06-25,6.7,22.91,32.72,31.92,8.62,-21.03
STLTECH,613.35,2026-06-25,-1.7,0.75,32.42,218.41,491.92,511.88
INVPRECQ,829.15,2026-06-25,9.99,35.18,32.2,,,
HFCL,215.0,2026-06-25,2.64,19.15,32.03,203.12,234.68,147.05
KWIL,34.76,2026-06-25,-4.66,-6.68,32.02,43.4,,
COFFEEDAY,33.29,2026-06-25,-2.15,-1.33,31.84,41.06,-6.49,-11.6
TEJASNET,622.75,2026-06-25,-0.74,6.94,31.4,46.98,37.78,-10.71
DECNGOLD,194.38,2026-06-25,-14.56,0.92,31.11,,,
SRIVASAVI,68.25,2026-06-24,4.12,23.42,30.75,62.5,42.19,-7.77
VIMTALABS,598.0,2026-06-25,4.89,9.93,30.68,41.56,-3.08,28.36
PALREDTEC,58.0,2026-06-25,2.65,26.06,30.63,95.42,54.83,15.15
PPL,262.74,2026-06-25,-0.62,1.93,30.58,38.26,7.85,-33.42
NACLIND,205.0,2026-06-25,-5.02,24.39,30.41,53.29,22.69,8.67
BROOKS,73.55,2026-06-25,5.06,8.88,30.38,57.23,-18.28,-50.63
ACSTECH,44.83,2026-06-25,13.15,17.08,30.32,,,
INOXINDIA,1872.9,2026-06-25,-8.23,4.84,30.22,51.37,69.54,56.45
DENORA,929.4,2026-06-25,2.29,14.79,30.15,31.41,32.89,7.17
TRIDHYA,11.75,2026-06-24,0.0,10.85,29.83,47.8,-22.19,-39.12
PATINTLOG,15.96,2026-06-25,8.65,18.75,29.55,75.96,13.92,5.26
NAVKARURB,1.1,2026-06-25,-3.51,6.8,29.41,39.24,-16.67,-32.81
SEDEMAC,2666.2,2026-06-25,-6.68,-2.51,29.15,73.22,,
ARROWGREEN,588.8,2026-06-25,-2.24,4.09,29.08,42.08,14.35,-4.98
IBULLSLTD,25.75,2026-06-25,-5.64,8.28,29.01,161.16,58.36,44.18
ROTO,74.37,2026-06-25,14.13,13.85,28.98,37.32,5.59,-22.55
PATELENG,33.87,2026-06-25,5.09,22.5,28.88,36.85,15.87,-17.81
GENESYS,326.5,2026-06-25,-8.81,3.55,28.72,35.14,-28.24,-48.89
AGARIND,546.2,2026-06-25,0.16,-5.87,28.68,46.61,-27.58,-43.81
NETWEB,4943.8,2026-06-25,-3.27,7.19,28.64,52.06,54.82,169.36
GVPIL,987.25,2026-06-25,-3.4,1.15,28.48,140.06,205.56,205.98
NELCO,863.05,2026-06-25,-6.71,20.55,28.45,53.02,16.31,-18.22
APARINDS,16022.0,2026-06-25,-0.93,0.23,28.38,60.0,84.37,99.39
SPECTRUM,1789.1,2026-06-25,1.56,11.93,28.33,22.31,47.62,14.5
LAL,9.17,2026-06-25,8.91,27.89,28.07,31.19,1.33,-25.63
PSPPROJECT,988.3,2026-06-25,2.46,7.27,27.94,54.93,13.12,31.39
REDINGTON,286.4,2026-06-25,2.33,17.96,27.78,35.57,4.28,-4.62
STEL,597.6,2026-06-25,-2.92,-3.08,27.67,35.36,14.58,43.09
RPPL,20.94,2026-06-25,1.5,6.78,27.45,35.89,10.74,-22.36
SVLL,711.5,2026-06-25,1.04,-0.21,27.43,35.6,1.41,-1.83
BEARDSELL,31.1,2026-06-25,5.03,5.71,27.3,33.82,3.22,4.03
FEDDERSHOL,41.74,2026-06-25,4.69,17.54,27.26,,,
PGIL,2071.0,2026-06-25,10.24,22.19,27.23,44.59,28.43,40.48
AMAGI,514.05,2026-06-25,-3.29,20.6,27.15,57.08,,
POKARNA,1086.05,2026-06-25,6.63,24.73,27.08,17.61,29.83,0.89
WTICAB,115.6,2026-06-24,-6.47,22.52,27.03,39.19,-17.4,-17.72
EBGNG,565.75,2026-06-25,3.1,26.17,26.99,47.25,78.44,
KIRLOSIND,3928.3,2026-06-25,-8.93,22.81,26.68,43.94,20.29,0.79
CEWATER,355.35,2026-06-25,-0.66,31.95,26.68,28.68,-20.92,-39.77
SILVERTUC,184.59,2026-06-25,-5.35,-11.41,26.67,61.64,-79.51,-74.36
SHIVAUM,405.0,2026-06-25,9.46,10.96,26.56,16.61,32.44,40.14
RELTD,161.5,2026-06-25,-0.3,9.91,26.54,17.86,-4.06,19.1
K2INFRA,69.25,2026-06-24,-2.6,14.84,25.91,34.47,13.06,-3.75
SADHNANIQ,2.97,2026-06-25,-0.67,24.79,25.85,120.0,-61.43,-71.52
THOMASCOTT,320.8,2026-06-25,3.4,17.85,25.58,17.7,-4.71,-3.76
EPACKPEB,239.96,2026-06-25,-10.17,-5.68,25.44,63.86,-20.61,
TAMBOLIIN,225.61,2026-06-25,11.53,23.19,25.43,,,
RRKABEL,2488.3,2026-06-25,5.74,14.04,25.41,85.24,66.39,85.98
HOACFOODS,667.5,2026-06-24,2.53,8.8,25.36,83.38,90.71,217.86
KPRMILL,1191.3,2026-06-25,3.43,12.87,25.34,39.27,26.98,6.17
JKIPL,106.03,2026-06-25,-2.17,-1.53,25.32,111.59,16.98,
JNKINDIA,475.5,2026-06-25,-0.82,-4.11,25.2,104.86,108.89,35.01
SWSOLAR,246.68,2026-06-25,1.55,16.92,25.19,47.69,12.13,-22.21
ZIMLAB,124.9,2026-06-25,-0.4,11.7,25.06,95.92,77.36,12.65
EMSLIMITED,419.9,2026-06-25,2.88,36.09,24.86,42.85,-3.43,-32.92
PANACHE,434.35,2026-06-25,-1.95,16.65,24.76,42.41,32.26,117.6
GREAVESCOT,214.09,2026-06-25,0.72,11.83,24.73,58.27,12.37,6.09
IFCI,77.0,2026-06-25,-7.63,-14.06,24.7,45.75,45.09,20.92
EMKAY,279.27,2026-06-25,-4.9,-3.99,24.54,35.63,6.37,26.07
SHRIPISTON,4033.0,2026-06-25,6.11,7.78,24.53,30.01,26.47,67.2
BLACKROSE,125.93,2026-06-25,12.3,33.87,24.44,,,
SOTL,527.95,2026-06-25,-10.09,-8.59,24.41,62.85,35.23,26.62
GAYAPROJ,21.91,2026-06-25,-7.51,-4.53,24.21,56.61,90.03,154.77
SHEMAROO,128.27,2026-06-25,-7.11,8.68,24.12,40.14,18.68,8.54
BIRLACABLE,207.74,2026-06-25,-6.56,1.92,24.01,76.42,53.17,12.9
KIRLOSBROS,2018.5,2026-06-25,-2.64,15.15,23.95,33.47,24.85,-6.27
SIGACHI,24.8,2026-06-25,2.95,15.83,23.88,32.41,-27.17,-55.72
ZOTA,1389.5,2026-06-25,1.47,11.45,23.83,22.88,-10.72,45.62
GALAPREC,1083.65,2026-06-25,-7.63,4.8,23.7,44.19,36.65,23.05
DPWIRES,213.03,2026-06-25,13.24,21.63,23.68,48.39,1.96,-8.63
UNIHEALTH,569.5,2026-06-24,-4.16,14.6,23.58,42.73,106.15,234.31
CLEANMAX,1352.1,2026-06-25,-9.5,6.12,23.42,61.85,,
RVHL,45.95,2026-06-25,-3.24,-2.81,23.36,36.35,-14.95,-8.12
AETHER,1325.1,2026-06-25,8.01,15.27,23.32,14.38,58.31,70.27
RPEL,1171.35,2026-06-25,-2.6,-2.3,23.24,86.28,18.44,67.02
AVL,660.5,2026-06-25,3.81,16.41,23.23,37.5,29.85,69.32
INDORAMA,45.63,2026-06-25,-1.7,-0.61,23.12,40.06,-6.71,-6.11
DHARAN,0.16,2026-06-25,0.0,0.0,23.08,23.08,-40.74,-65.96
MANBA,132.4,2026-06-25,1.12,7.76,23.01,21.81,-5.69,-10.49
DAICHI,314.62,2026-06-25,-2.32,18.66,22.9,,,
REFEX,348.95,2026-06-25,1.69,11.1,22.8,69.25,30.06,-25.51
PRITIKAUTO,17.15,2026-06-25,-14.21,18.44,22.76,47.46,30.82,-5.98
FAZE3Q,621.85,2026-06-25,5.13,13.22,22.74,50.04,40.55,5.82
ONELIFECAP,32.33,2026-06-25,-0.83,20.05,22.69,115.53,105.79,126.24
GOCOLORS,403.5,2026-06-25,11.53,9.07,22.61,49.94,-13.37,-54.44
LIKHITHA,257.6,2026-06-25,0.87,10.99,22.56,64.96,28.33,-12.1
CPEDU,216.89,2026-06-25,2.73,20.6,22.56,36.9,-17.72,
OLECTRA,1493.4,2026-06-25,-1.96,17.13,22.54,40.42,19.52,25.68
QMSMEDI,102.25,2026-06-25,-4.84,6.51,22.46,35.61,10.3,17.26
WIPL,174.52,2026-06-25,3.01,13.44,22.38,16.93,16.74,6.95
HYBRIDFIN,21.88,2026-06-25,-7.6,34.23,22.17,32.93,14.5,14.74
AARTECH,52.29,2026-06-25,3.14,27.07,22.0,23.21,2.89,-28.22
MGEL,16.1,2026-06-25,2.55,-2.07,21.88,30.15,9.23,7.33
QUESS,251.1,2026-06-25,2.12,2.26,21.79,44.05,19.81,-11.04
IGARASHI,473.45,2026-06-25,-0.05,25.17,21.79,51.72,7.68,-1.24
MOREPENLAB,53.16,2026-06-25,6.04,1.41,21.59,43.79,27.79,-15.11
AIAENG,4829.9,2026-06-25,-0.37,8.07,21.57,38.54,22.53,47.19
RUBYMILLS,332.0,2026-06-25,-1.43,-0.58,21.57,64.05,47.42,41.49
FILATEX,52.72,2026-06-25,-4.3,-0.55,21.56,29.66,5.63,-6.1
IFBIND,1278.4,2026-06-25,-0.12,0.83,21.5,30.04,-22.59,-19.29
KSHINTL,844.4,2026-06-25,-2.1,-2.22,21.5,84.23,150.56,
AMANTA,160.68,2026-06-25,0.18,2.25,21.48,62.94,43.52,
INDOSTAR,258.43,2026-06-25,4.81,5.82,21.47,31.15,5.86,-25.64
GOLDTECH,51.88,2026-06-25,16.51,23.49,21.41,43.31,-0.94,-23.15
DEEDEV,667.3,2026-06-25,-1.45,-3.22,21.34,139.91,203.35,111.94
MEGASTAR,351.85,2026-06-25,1.57,8.06,21.22,35.84,48.79,27.95
AKSHOPTFBR,7.27,2026-06-25,-8.55,5.52,21.17,65.23,10.99,-18.04
SUPRIYA,928.15,2026-06-25,0.07,-2.83,21.14,56.62,22.72,38.54
INDIGO,5450.0,2026-06-25,8.54,11.67,21.06,26.9,7.25,-3.19
SAREGAMA,480.7,2026-06-25,0.72,3.91,20.9,44.9,37.23,-3.25
CAPLIPOINT,2506.4,2026-06-25,-1.22,6.0,20.86,57.39,27.47,19.3
PANAMAPET,404.85,2026-06-25,-18.45,6.12,20.83,55.65,38.67,12.93
KODYTECH,1077.7,2026-06-24,-5.22,9.32,20.72,55.18,18.4,37.35
VINDHYATEL,2141.2,2026-06-25,-8.53,-2.6,20.71,107.08,50.16,26.6
WELSPUNLIV,167.32,2026-06-25,3.44,15.45,20.7,47.54,23.92,21.1
MOTISONS,14.12,2026-06-25,-0.63,-10.8,20.68,17.28,-9.31,-30.58
TARSONS,259.03,2026-06-25,-4.21,25.3,20.65,40.33,10.92,-32.98
AURUM,215.1,2026-06-25,3.29,11.86,20.63,27.72,13.7,8.17
HMT,68.39,2026-06-25,0.62,21.84,20.62,13.27,42.45,5.2
BAHETI,721.85,2026-06-24,-0.46,17.89,20.58,45.45,18.7,24.06
ANLON,705.0,2026-06-24,0.71,0.86,20.55,102.01,76.23,91.06
SURYAROSNI,261.56,2026-06-25,-0.76,-1.99,20.51,26.06,-3.29,-22.4
UNICHEMLAB,433.0,2026-06-25,-3.32,-1.58,20.45,44.96,-3.47,-27.86
FERMENTA,366.35,2026-06-25,6.93,12.24,20.37,,,
INDOTECH,2935.2,2026-06-25,4.32,9.67,20.35,131.94,86.63,46.5
SANSTAR,125.04,2026-06-25,0.62,6.28,20.27,52.08,39.9,38.86
PDSL,360.15,2026-06-25,3.71,12.51,20.25,27.89,-1.89,-9.18
TBOTEK,1460.8,2026-06-25,0.33,0.61,20.21,33.97,-14.25,12.27
GEMAROMA,184.83,2026-06-25,2.51,-1.5,20.14,21.77,11.08,
DIFFNKG,388.3,2026-06-25,3.33,6.72,20.09,45.27,16.96,22.12
XPROINDIA,1341.2,2026-06-25,-0.7,10.84,20.08,34.35,34.46,7.69
WOCKPHARMA,1965.2,2026-06-25,-2.42,3.02,20.0,64.15,36.76,14.33
VENUSPIPES,1696.5,2026-06-25,1.37,18.71,19.95,71.61,42.49,22.45
PRAXIS,8.48,2026-06-25,-0.12,13.37,19.94,45.7,-6.92,-27.46
CCCL,18.49,2026-06-25,26.47,21.64,19.91,31.6,0.71,-5.81
TERASOFT,408.55,2026-06-25,-3.81,-6.65,19.86,29.8,-0.64,51.36
OSWALPUMPS,431.85,2026-06-25,1.68,2.2,19.76,37.64,-20.48,-34.34
GULFPETRO,39.86,2026-06-25,-0.72,-3.09,19.74,46.28,11.0,-14.08
GRWRHITECH,6688.5,2026-06-25,-4.02,5.82,19.7,82.58,110.05,62.95
THOMASCOOK,111.5,2026-06-25,-3.13,2.72,19.67,16.29,-21.99,-32.18
STEELXIND,12.41,2026-06-25,-6.2,0.49,19.67,72.36,29.81,45.49
GOKEX,854.75,2026-06-25,4.31,18.43,19.58,37.61,8.93,-3.34
SURYALA,447.1,2026-06-25,-5.77,0.37,19.58,,,
HCC,26.76,2026-06-25,-3.84,12.11,19.57,77.22,43.79,-14.45
SAIPARENT,585.3,2026-06-25,-0.43,2.16,19.5,,,
BORORENEW,615.7,2026-06-25,1.88,12.47,19.37,51.59,13.11,14.2
UNIMECH,1135.4,2026-06-25,-4.42,-1.0,19.29,44.23,21.77,-10.87
JSWINFRA,329.9,2026-06-25,7.44,12.38,19.18,28.15,14.4,6.36
DCMSIL,71.6,2026-06-25,6.09,8.65,19.17,-5.44,,
AKSHARCHEM,239.58,2026-06-25,-2.26,16.37,19.15,48.66,-2.75,-5.24
SHBAJRG,187.62,2026-06-25,-4.48,-5.46,19.02,,,
PAISALO,59.34,2026-06-25,0.44,2.03,18.99,73.46,68.48,91.66
POWERICA,660.25,2026-06-25,6.43,37.84,18.92,,,
ACMESOLAR,357.2,2026-06-25,2.1,2.87,18.83,40.56,50.81,44.04
DJML,117.11,2026-06-25,0.19,2.07,18.8,39.45,69.19,15.19
PNC,22.63,2026-06-25,-0.22,4.43,18.54,17.62,-17.41,-16.09
JALAN,2.25,2026-06-24,0.0,0.0,18.42,18.42,-40.0,-74.58
COMMITTED,325.45,2026-06-24,5.32,26.58,18.35,25.2,57.95,45.91
INDOCO,231.6,2026-06-25,-2.04,-3.33,18.32,24.58,-1.3,-20.6
IDBI,86.4,2026-06-25,-1.43,12.38,18.29,28.67,-14.38,-6.65
AHCL,16.29,2026-06-25,2.13,6.89,18.21,40.23,16.53,
KORE,144.55,2026-06-24,2.81,17.09,18.14,52.16,-11.73,29.06
PIXTRANS,1796.1,2026-06-25,11.16,10.57,18.14,23.8,25.21,16.64
GOCLCORP,408.8,2026-06-25,-8.2,1.0,18.0,44.66,39.76,12.51
UNIVASTU,85.15,2026-06-25,-8.56,3.29,17.97,35.2,22.5,6.97
MUTHOOTMF,210.55,2026-06-25,3.49,7.86,17.92,27.21,18.38,58.27
NINSYS,773.0,2026-06-25,2.7,9.76,17.92,139.02,90.82,64.57
ALKALI,84.21,2026-06-25,-2.25,-1.45,17.84,55.57,7.0,-15.64
HESTERBIO,2230.8,2026-06-25,3.8,7.95,17.74,61.73,40.86,20.93
TINNARUBR,926.15,2026-06-25,3.11,6.96,17.71,52.06,14.54,0.2
SMARTLINK,179.27,2026-06-25,1.38,9.05,17.7,53.0,34.68,13.16
RANEHOLDIN,1644.2,2026-06-25,-0.47,12.03,17.68,50.58,25.68,6.25
KONSTELEC,46.0,2026-06-24,-4.17,4.07,17.65,58.62,5.75,-29.5
AVG,183.96,2026-06-25,-2.5,7.89,17.53,16.17,5.83,-35.48
TATACAP,363.65,2026-06-25,2.19,6.74,17.48,11.86,5.93,
NIBE,1656.2,2026-06-25,-9.76,0.91,17.44,81.16,45.61,-1.77
RAMCOIND,342.75,2026-06-25,11.86,16.64,17.42,32.98,6.26,28.62
GULFOILLUB,1085.5,2026-06-25,4.81,10.81,17.4,15.15,-7.51,-7.18
CONFIPET,71.87,2026-06-25,3.86,1.15,17.4,107.48,99.36,26.38
CAPACITE,263.91,2026-06-25,0.57,17.8,17.4,18.98,1.48,-19.27
MADHUSUDAN,193.95,2026-06-24,-5.32,36.58,17.37,38.54,44.74,30.56
SPRL,105.6,2026-06-24,4.92,27.23,17.33,-8.89,-34.0,-24.57
SMCGLOBAL,72.27,2026-06-25,-2.31,-1.15,17.28,15.56,-17.86,-4.49
INDNIPPON,957.65,2026-06-25,3.97,4.82,17.19,27.72,22.7,33.99
CALSOFT,23.87,2026-06-25,-10.23,13.99,17.12,80.7,57.66,59.99
ABDL,622.3,2026-06-25,-0.61,-0.03,17.11,53.66,1.0,46.36
AKUMS,609.35,2026-06-25,-1.28,-1.71,16.96,23.44,36.53,5.88
SASKEN,2250.4,2026-06-25,-8.4,5.94,16.94,98.1,49.59,58.87
FINOPB,146.6,2026-06-25,-5.63,6.59,16.91,18.51,-42.72,-51.03
DYCL,377.4,2026-06-25,3.23,17.72,16.84,43.66,10.43,-20.08
THELEELA,483.9,2026-06-25,-2.32,5.61,16.79,16.67,14.95,19.47
GSMFOILS,233.9,2026-06-24,4.86,14.21,16.75,20.2,12.45,51.78
RBA,79.38,2026-06-25,-0.38,14.93,16.63,33.41,25.17,-3.56
BELRISE,245.66,2026-06-25,-0.74,3.11,16.63,26.13,42.14,136.88
STYLAMIND,3326.2,2026-06-25,4.83,2.12,16.55,52.05,44.59,104.27
UNIPARTS,651.85,2026-06-25,-4.27,-1.78,16.51,37.97,35.62,82.21
KHFM,63.9,2026-06-24,10.08,-0.08,16.5,7.58,1.19,-21.93
SETCO,16.82,2026-06-25,-2.15,-11.43,16.47,70.65,101.96,76.11
QPOWER,1255.4,2026-06-25,-3.99,-2.08,16.35,46.92,72.47,86.71
MARKSANS,256.07,2026-06-25,0.0,2.53,16.26,55.01,40.53,4.04
GNA,436.7,2026-06-25,4.34,17.02,16.26,11.03,38.81,35.5
NUVAMA,1748.6,2026-06-25,0.45,5.28,16.2,46.99,15.91,18.73
EMMVEE,337.25,2026-06-25,3.51,0.15,16.19,47.72,78.99,
ANUP,2297.9,2026-06-25,-1.68,17.17,16.19,34.0,3.8,-13.3
GREENPLY,303.46,2026-06-25,2.71,3.29,16.18,55.08,16.87,-4.38
ORIENTLTD,71.31,2026-06-25,0.17,17.54,16.16,20.33,-10.32,-22.53
VELJAN,1212.1,2026-06-25,-3.96,0.31,16.15,,,
SUDEEPPHRM,809.2,2026-06-25,-2.64,-1.63,16.13,28.99,28.7,
CBAZAAR,4.7,2026-06-24,4.44,13.25,16.05,-6.0,18.99,-18.97
RELIGARE,274.43,2026-06-25,3.35,14.02,15.99,21.15,10.14,22.6
TIRUPATIFL,48.36,2026-06-25,-1.1,3.38,15.94,12.67,54.31,3.67
BFINVEST,457.6,2026-06-25,-0.71,2.83,15.91,26.37,9.0,-6.71
HUHTAMAKI,197.0,2026-06-25,1.68,12.28,15.88,20.56,-5.48,-8.76
RATEGAIN,840.95,2026-06-25,-3.71,1.99,15.86,69.65,29.38,89.62
PGEL,545.9,2026-06-25,-3.81,10.78,15.84,5.55,-6.14,-28.39
AVALON,1750.3,2026-06-25,1.58,-0.55,15.82,80.44,99.1,106.43
BHARATGEAR,131.22,2026-06-25,-4.44,15.07,15.82,37.1,22.6,49.79
TRAVELFOOD,1334.1,2026-06-25,-1.58,1.52,15.75,15.45,10.27,
VMART,762.1,2026-06-25,-2.11,4.12,15.68,50.93,2.12,-13.27
ZENITHDRUG,45.05,2026-06-24,3.8,5.5,15.66,9.88,-14.11,-34.04
SHREEPUSHK,403.15,2026-06-25,1.69,4.54,15.65,29.24,4.09,29.71
PROLIFE,72.2,2026-06-24,4.94,14.97,15.61,23.63,-11.95,-51.75
AYE,167.92,2026-06-25,0.24,7.13,15.6,50.06,,
EUROTEXIND,17.97,2026-06-25,-3.54,-2.92,15.56,42.51,32.23,12.31
JINDWORLD,30.84,2026-06-25,-2.77,2.32,15.55,46.51,5.54,-44.89
AGI,688.7,2026-06-25,-5.92,4.29,15.51,35.03,-6.68,-15.07
RAJRILTD,23.33,2026-06-25,6.05,14.87,15.5,18.73,1.66,-14.26
JINDALSAW,260.72,2026-06-25,1.96,5.85,15.39,39.56,57.77,9.22
DIAMONDYD,1130.2,2026-06-25,2.14,1.27,15.33,24.77,-3.73,7.75
SWANDEF,2215.6,2026-06-25,5.36,10.88,15.29,25.62,67.58,1022.05
HIRECT,1121.0,2026-06-25,-2.17,-1.29,15.24,41.18,53.55,73.74
TVSSRICHAK,4137.9,2026-06-25,-2.65,1.99,15.17,19.0,2.59,38.68
GKENERGY,146.37,2026-06-25,-1.8,3.89,15.11,47.02,-6.05,
GRINDWELL,2228.0,2026-06-25,5.58,10.13,15.08,59.28,41.31,31.6
STARTECK,287.7,2026-06-25,2.09,9.0,15.08,17.21,-0.31,-3.53
DIVGIITTS,855.25,2026-06-25,-1.06,-1.6,15.08,22.59,44.22,46.28
NARMADA,42.73,2026-06-25,14.04,15.18,15.05,31.84,97.73,129.85
CCAVENUE,16.07,2026-06-25,7.13,16.53,15.03,15.95,-2.43,-15.21
HLEGLAS,380.45,2026-06-25,-3.94,-1.76,15.01,34.53,-15.59,-19.37
BASML,28.08,2026-06-25,6.93,14.52,14.99,44.0,4.74,-21.34
STYL,308.75,2026-06-25,0.82,7.6,14.99,36.25,12.54,
CPCAP,106.37,2026-06-25,-3.11,6.28,14.93,31.45,-8.78,-33.98
DDEVPLSTIK,272.43,2026-06-25,-1.31,6.33,14.9,22.39,-10.44,0.09
PNBGILTS,91.09,2026-06-25,-1.94,0.0,14.9,38.25,11.02,-8.83
FINEORG,5236.1,2026-06-25,0.62,6.34,14.88,23.74,25.18,5.1
RELINFRA,77.48,2026-06-24,0.0,-4.99,14.87,6.85,-55.27,-79.9
CGCL,217.44,2026-06-25,0.62,1.52,14.87,27.9,22.1,24.85
ONDOOR,202.15,2026-06-24,3.35,10.59,14.86,50.86,79.77,35.22
INOXGREEN,204.15,2026-06-25,-0.47,4.57,14.81,40.0,-2.97,32.08
SAHANA,918.9,2026-06-24,-2.92,14.5,14.78,-0.99,-0.73,-36.93
TALBROAUTO,406.5,2026-06-25,12.05,11.43,14.72,70.15,43.56,39.38
LOTUSEYE,125.02,2026-06-25,-1.85,-10.69,14.64,18.7,-1.89,74.76
BHAGCHEM,281.91,2026-06-25,-2.27,8.39,14.62,54.37,24.32,-4.31
MINDACORP,670.45,2026-06-25,1.71,1.19,14.54,23.26,14.26,31.41
HONAUT,39405.0,2026-06-25,2.74,9.75,14.53,39.71,18.58,1.66
SCPL,480.65,2026-06-25,-2.21,-6.72,14.52,52.59,51.95,53.73
AGSTRA,2.69,2026-06-24,0.0,-4.95,14.47,0.37,-34.55,-38.58
BIOFILCHEM,36.07,2026-06-25,2.09,0.56,14.44,24.25,7.61,-24.03
KIRLPNU,1899.2,2026-06-25,-9.19,16.57,14.42,72.86,85.98,33.77
EVEREADY,364.5,2026-06-25,-0.3,4.41,14.41,27.36,10.67,13.96
AIROLAM,95.68,2026-06-25,9.88,11.2,14.4,10.98,-7.6,-16.63
MIRZAINT,35.49,2026-06-25,6.77,16.63,14.37,23.7,-6.28,14.23
JISLJALEQS,34.98,2026-06-25,-0.65,10.7,14.35,16.14,-14.52,-41.1
KSB,934.35,2026-06-25,-1.42,9.24,14.34,15.64,21.71,16.62
WELENT,572.45,2026-06-25,-0.96,2.16,14.33,28.19,10.88,12.11
HSCL,678.1,2026-06-25,3.52,1.38,14.3,47.28,40.61,50.01
KOTYARK,45.45,2026-06-25,13.29,22.33,14.27,29.62,102.9,59.95
LINC,115.46,2026-06-25,2.44,14.93,14.26,17.28,0.9,-19.84
SFL,725.6,2026-06-25,-2.18,2.25,14.26,41.19,22.66,-4.39
OMNI,489.95,2026-06-25,-1.85,0.78,14.1,109.75,,
THEMISMED,114.33,2026-06-25,-2.58,11.1,14.06,52.32,11.09,-13.25
IDFCFIRSTB,79.22,2026-06-25,-1.82,1.14,14.05,25.27,-5.96,10.23
GARFIBRES,728.35,2026-06-25,-6.23,7.19,14.05,19.77,5.55,-19.64
INDOBORAX,380.5,2026-06-25,5.33,2.02,14.04,55.24,40.57,83.25
SREEL,218.21,2026-06-25,0.09,10.36,14.0,18.71,0.48,-11.35
ELANTAS,10540.0,2026-06-25,-1.24,7.38,14.0,,,
RELIABLE,151.84,2026-06-25,-0.88,-1.98,13.96,30.48,2.84,102.93
GOLDIAM,464.85,2026-06-25,-0.98,-0.88,13.95,59.69,28.91,36.46
UCL,177.45,2026-06-24,8.9,16.25,13.93,120.85,269.69,259.57
SHANTHALA,26.2,2026-06-24,19.09,11.02,13.91,7.16,-4.9,-12.81
CHEMBONDCH,225.6,2026-06-25,5.2,31.51,13.89,84.96,40.79,
ADOR,1229.3,2026-06-25,-1.47,4.37,13.85,31.14,19.37,22.68
TCPLPACK,2997.3,2026-06-25,0.34,19.1,13.79,24.79,-1.34,-19.47
LLOYDSENGG,84.91,2026-06-25,-5.96,19.0,13.77,102.75,49.94,43.86
SAHLIBHFI,80.49,2026-06-25,7.01,7.02,13.77,,,
DENTA,324.75,2026-06-25,-0.05,26.68,13.75,33.92,-1.99,9.36
ESAFSFB,32.94,2026-06-25,-6.55,13.2,13.7,48.58,25.58,2.23
SHAKTIPUMP,580.9,2026-06-25,4.9,6.33,13.65,17.07,-21.69,-39.36
CONCORDBIO,1286.1,2026-06-25,-3.85,-6.82,13.62,23.77,-4.57,-28.68
TVTODAY,124.89,2026-06-25,15.48,17.12,13.56,26.11,-8.34,-26.72
MENNPIS,67.92,2026-06-25,3.88,19.85,13.54,,,
JYOTICNC,761.45,2026-06-25,4.24,10.52,13.53,-1.96,-23.13,-32.63
KDDL,3170.4,2026-06-25,0.19,10.81,13.5,44.25,31.81,20.34
DEN,31.24,2026-06-25,-5.28,6.08,13.48,21.37,-1.39,-18.48
ARVIND,547.25,2026-06-25,7.61,9.74,13.48,50.7,74.34,56.03
EMMBI,96.16,2026-06-25,2.36,13.72,13.45,40.32,-3.1,-12.84
SGIL,583.95,2026-06-25,-0.49,3.68,13.42,18.14,9.93,10.64
KAMDHENU,28.23,2026-06-25,-2.25,-7.87,13.42,44.92,19.87,-9.18
SUBROS,835.45,2026-06-25,-2.4,12.34,13.41,21.56,-4.1,-12.85
NAVKARCORP,110.23,2026-06-25,0.87,7.32,13.41,33.14,8.42,-1.89
KIRANVYPAR,195.14,2026-06-25,-1.24,1.59,13.41,,,
MADHUCON,6.1,2026-06-25,-3.48,8.35,13.38,50.62,-3.17,-21.09
GENSOL,22.5,2026-06-24,0.0,-4.98,13.29,9.54,-17.4,-47.48
KKCL,504.55,2026-06-25,1.44,9.38,13.18,12.65,5.06,1.94
LYKALABS,69.85,2026-06-25,2.31,-2.74,13.17,36.69,-6.94,-39.39
OFSS,10974.5,2026-06-25,12.77,17.09,13.1,71.07,45.06,24.91
CHOLAFIN,1799.2,2026-06-25,4.68,8.81,13.09,22.08,6.05,11.97
AAREYDRUGS,92.5,2026-06-25,5.76,16.57,13.03,49.29,27.94,48.71
SEMAC,353.0,2026-06-25,9.71,3.47,13.01,43.32,13.87,-16.9
NCLIND,192.85,2026-06-25,0.24,3.34,13.01,17.03,-1.66,-13.39
SIKA,1056.05,2026-06-25,-9.41,17.65,12.95,,,
PWL,125.34,2026-06-25,-0.65,15.5,12.93,45.66,-5.37,
MARINE,268.75,2026-06-25,-0.43,8.96,12.91,58.3,27.22,21.97
ACUTAAS,3300.0,2026-06-25,1.55,6.57,12.87,30.57,99.6,204.06
IVALUE,276.23,2026-06-25,-0.74,11.84,12.77,22.43,-0.58,
BFUTILITIE,622.45,2026-06-25,-4.11,1.42,12.75,52.37,-12.08,-19.71
KRISHNADEF,1275.0,2026-06-25,-6.95,4.79,12.73,43.71,62.82,42.6
LANDMARK,432.85,2026-06-25,-4.63,1.84,12.71,14.45,-10.36,-16.93
AEROFLEX,466.65,2026-06-25,-8.44,-2.37,12.62,85.64,126.84,132.28
HIMATSEIDE,89.85,2026-06-25,5.56,15.67,12.59,14.69,-21.81,-40.47
EXIDEIND,389.8,2026-06-25,2.22,-1.28,12.58,26.91,6.17,1.57
AARVI,143.1,2026-06-25,3.64,-2.53,12.57,11.92,11.38,32.6
J&KBANK,158.4,2026-06-25,-2.43,-0.94,12.52,34.16,59.52,46.97
RICOAUTO,134.74,2026-06-25,-8.89,1.01,12.51,23.46,7.8,75.94
SABAR,6.3,2026-06-24,4.13,6.78,12.5,5.88,24.75,50.0
KOVAI,6019.0,2026-06-25,3.02,4.23,12.49,133.6,133.6,133.6
IMAGICAA,49.18,2026-06-25,2.48,12.44,12.41,26.95,4.53,-28.64
PREMIERPOL,62.69,2026-06-25,-2.93,11.97,12.41,3.26,53.54,20.94
RELCHEMQ,138.33,2026-06-25,0.36,-0.3,12.37,24.15,0.22,-23.9
TRENT,3216.2,2026-06-25,1.12,10.86,12.36,38.88,-24.91,-47.41
BHARATCOAL,40.47,2026-06-25,-2.46,7.52,12.32,26.75,,
RUPA,167.18,2026-06-25,3.29,8.98,12.31,38.49,3.02,-21.49
CENTUM,3562.3,2026-06-25,-3.81,-1.77,12.31,25.88,48.54,65.3
ABSLAMC,1141.2,2026-06-25,-3.32,-0.43,12.3,21.43,47.5,50.65
RML,1041.4,2026-06-25,-8.15,12.13,12.27,47.31,32.11,16.35
TAALTECH,3191.7,2026-06-25,-6.78,-5.1,12.26,,,
THEJO,1822.2,2026-06-25,0.31,12.98,12.25,14.87,4.14,-0.98
SPECIALITY,127.24,2026-06-25,-2.98,18.32,12.25,32.79,13.59,0.44
MAXHEALTH,1123.35,2026-06-25,2.58,9.18,12.24,13.68,3.88,-9.23
TATATECH,748.35,2026-06-25,-0.5,-1.56,12.19,39.72,15.55,8.56
MAFATIND,143.54,2026-06-25,1.09,10.64,12.18,,,
AEGISVOPAK,233.19,2026-06-25,-5.32,0.65,12.18,33.02,-5.67,-6.75
CREST,392.75,2026-06-25,-2.89,2.57,12.18,23.9,-1.92,-3.33
CREDITACC,1462.3,2026-06-25,3.65,6.35,12.16,24.79,12.22,21.56
WELCORP,1455.1,2026-06-25,3.61,5.46,12.14,74.15,79.45,56.17
BOROSCI,154.84,2026-06-25,0.28,0.95,12.13,47.79,30.62,-2.74
VIJAYA,1367.8,2026-06-25,3.21,6.59,12.08,53.27,32.76,41.87
HATHWAY,11.73,2026-06-25,-3.85,4.64,12.03,20.18,-6.53,-26.92
NITCO,108.25,2026-06-25,-5.03,12.95,12.03,27.46,16.7,-19.62
FEDERALBNK,324.05,2026-06-25,0.2,2.19,12.03,19.6,23.8,54.95
KAMATHOTEL,185.13,2026-06-25,5.71,8.55,11.94,11.14,-22.04,-19.73
GMRAIRPORT,108.44,2026-06-25,0.24,1.67,11.91,20.41,5.2,29.74
KRONOX,153.12,2026-06-25,1.82,7.74,11.91,43.61,8.7,-14.82
AIMTRON,1263.1,2026-06-24,1.99,2.49,11.91,60.52,53.88,94.92
CORONA,1893.3,2026-06-25,2.52,9.93,11.9,20.3,41.25,
GPTINFRA,131.37,2026-06-25,-3.09,13.64,11.88,26.8,18.29,4.99
VOLTAMP,10304.0,2026-06-25,-1.95,4.15,11.84,20.07,30.64,18.33
KAJARIACER,1196.6,2026-06-25,2.64,8.17,11.83,26.4,22.82,9.29
BHARATFORG,2145.3,2026-06-25,1.97,6.18,11.83,23.54,48.07,69.22
CEIGALL,382.2,2026-06-25,1.74,1.34,11.8,38.78,51.99,50.41
MANORAMA,1573.5,2026-06-25,1.69,2.73,11.79,23.71,18.57,15.21
SILKFLEX,228.0,2026-06-24,6.32,1.9,11.76,99.3,168.24,123.42
SIS,435.4,2026-06-25,0.55,1.79,11.74,52.29,33.61,19.52
WALCHANNAG,273.75,2026-06-25,-10.95,4.56,11.73,92.78,40.03,18.99
CNL,731.6,2026-06-25,-1.96,0.92,11.7,29.97,-2.55,4.5
DLINKINDIA,516.05,2026-06-25,-0.74,1.37,11.65,26.78,22.94,-0.72
MOTHERSON,151.71,2026-06-25,4.02,2.42,11.63,34.52,27.32,48.85
SHILPAMED,571.6,2026-06-25,4.32,7.29,11.61,65.54,79.3,33.57
MAZDA,235.66,2026-06-25,-4.76,2.6,11.6,28.44,9.09,-3.42
GRPLTD,1899.7,2026-06-25,0.6,12.47,11.6,5.05,12.2,-29.11
ACE,988.1,2026-06-25,-2.33,6.37,11.59,20.69,2.85,-18.6
NYKAA,301.35,2026-06-25,-0.99,10.47,11.59,23.45,16.82,47.62
YESBANK,24.87,2026-06-25,-0.36,4.58,11.57,34.65,14.66,22.94
PULZ,25.2,2026-06-24,6.11,1.61,11.5,-2.51,-18.71,-47.5
TASTYBITE,8478.0,2026-06-25,1.81,3.86,11.5,18.08,7.14,-22.09
PRUDENT,2988.7,2026-06-25,-2.94,-0.5,11.49,28.51,15.24,10.37
EUROPRATIK,275.3,2026-06-25,-1.27,2.78,11.48,18.69,-6.76,
DCM,98.34,2026-06-25,-0.14,3.54,11.46,66.96,7.04,-5.3
JTLIND,77.42,2026-06-25,-4.61,1.22,11.44,56.09,29.83,4.6
SAKSOFT,160.45,2026-06-25,13.53,11.63,11.42,29.92,-21.21,-20.84
HAWKINCOOK,8013.0,2026-06-25,1.53,2.78,11.42,,,
E2E,412.3,2026-06-25,-7.78,10.27,11.38,83.42,98.28,64.36
IRISDOREME,39.65,2026-06-25,1.12,4.29,11.38,37.96,7.39,-36.83
BOSCHLTD,40440.0,2026-06-25,0.35,3.51,11.37,33.07,11.73,29.08
HDBFS,743.55,2026-06-25,2.86,7.28,11.36,21.87,-1.05,
TPLPLASTEH,71.89,2026-06-25,-0.25,7.15,11.32,21.72,8.19,-10.25
CEREBRAINT,3.65,2026-06-25,-3.69,-5.44,11.28,-10.32,-43.85,-42.97
BLUECHIP,2.37,2026-06-24,0.0,-1.66,11.27,-5.58,-24.76,-54.6
RSWM,193.36,2026-06-25,0.49,-6.51,11.27,50.87,28.55,12.05
GUFICBIO,361.65,2026-06-25,0.35,0.35,11.26,22.74,5.7,3.03
SHREEKARNI,462.85,2026-06-24,-2.63,6.23,11.26,30.93,-7.43,-19.5
VETO,125.8,2026-06-25,-5.63,-12.55,11.22,35.2,8.31,0.43
BBTCL,214.07,2026-06-25,0.77,-2.38,11.21,23.11,11.47,33.89
ITCHOTELS,173.68,2026-06-25,-1.64,9.22,11.18,17.55,-10.51,-20.61
JAMNAAUTO,130.79,2026-06-25,-2.32,4.67,11.18,7.67,3.75,41.37
TEXINFRA,110.23,2026-06-25,0.71,8.97,11.17,12.91,9.49,6.59
SHYAMCENT,5.48,2026-06-25,4.18,10.26,11.16,34.64,-12.46,-26.05
NRBBEARING,429.2,2026-06-25,0.14,-0.2,11.15,83.97,54.3,54.26
CAMLINFINE,136.37,2026-06-25,-3.39,-1.64,11.11,21.21,-10.61,-57.92
OCCLLTD,126.66,2026-06-25,-2.77,-6.49,11.11,43.18,24.16,5.88
STCINDIA,129.31,2026-06-25,-1.98,3.98,11.09,23.04,6.07,-12.41
NIACL,184.63,2026-06-25,-12.96,15.13,11.09,43.93,22.69,-2.07
ORTINGLOBE,17.44,2026-06-25,5.0,2.05,11.08,18.56,21.53,50.73
LAMBODHARA,114.58,2026-06-25,-2.02,8.37,11.08,24.46,-5.94,-15.37
PRESTIGE,1556.3,2026-06-25,2.9,5.69,11.05,26.72,-3.81,-10.89
SKIPPER,533.15,2026-06-25,-2.74,-3.01,10.99,49.59,26.1,6.6
IVC,8.28,2026-06-25,-2.82,-2.82,10.99,20.17,-1.78,0.81
MAHABANK,88.71,2026-06-25,-0.85,-0.46,10.96,37.48,59.68,68.38
MOLDTECH,133.1,2026-06-25,-0.99,5.43,10.91,13.9,-15.41,-18.55
VLSFINANCE,262.27,2026-06-25,5.08,13.15,10.89,19.68,-12.33,6.23
APOLLOTYRE,430.65,2026-06-25,0.58,3.93,10.89,2.62,-15.25,-2.83
RESPONIND,193.48,2026-06-25,-0.9,10.11,10.88,35.94,-4.45,-8.06
PTL,42.13,2026-06-25,-2.43,2.56,10.87,11.66,8.89,5.92
EVERESTIND,461.55,2026-06-25,16.73,32.31,10.87,47.18,-12.03,-12.26
HOMEFIRST,1191.7,2026-06-25,3.8,6.83,10.85,26.29,6.42,-13.17
SOUTHBANK,45.41,2026-06-25,-2.72,-3.22,10.76,22.76,19.12,50.56
SHADOWFAX,221.31,2026-06-25,0.52,-1.12,10.73,89.17,,
ONMOBILE,57.08,2026-06-25,9.6,14.14,10.73,25.2,-3.82,2.61
NBCC,107.17,2026-06-25,-2.56,-0.18,10.72,26.8,-7.62,-13.64
PARAGMILK,233.81,2026-06-25,0.68,0.55,10.67,15.95,-21.36,2.95
SAMHI,179.85,2026-06-25,0.42,6.89,10.67,29.89,-0.89,-17.88
SHILCTECH,4516.8,2026-06-25,-1.74,8.99,10.65,18.94,12.23,
ANTELOPUS,808.1,2026-06-25,-0.72,1.68,10.65,55.91,89.03,16.74
YUKEN,748.95,2026-06-25,3.83,7.82,10.62,18.14,-11.36,-34.97
KRN,1191.0,2026-06-25,-2.7,-5.18,10.61,30.01,63.48,41.69
FDC,408.3,2026-06-25,1.19,6.11,10.55,23.76,1.06,-12.35
PASUPTAC,63.58,2026-06-25,-4.42,-7.69,10.54,44.07,17.13,27.7
JUBLCPL,2023.0,2026-06-25,7.49,8.23,10.52,25.05,-14.95,19.86
5PAISA,353.6,2026-06-25,4.68,11.62,10.52,28.63,3.79,-14.75
CERA,6330.5,2026-06-25,-4.97,1.14,10.5,33.89,20.58,-5.68
RUSHIL,17.38,2026-06-25,0.7,-2.85,10.49,19.04,-24.57,-39.4
TMCV,431.9,2026-06-25,5.77,6.22,10.39,1.14,6.86,
POONAWALLA,440.3,2026-06-25,3.67,10.21,10.38,12.71,-6.15,0.36
SANATHAN,444.9,2026-06-25,-1.35,9.54,10.36,17.34,2.69,-2.18
AGARWALFT,37.8,2026-06-24,9.57,32.4,10.36,51.2,-3.69,-22.38
RIIL,833.7,2026-06-25,-3.88,4.89,10.35,22.83,2.75,-14.33
OLAELEC,41.8,2026-06-25,-1.69,-5.26,10.32,75.19,18.25,-3.37
PIRAMALFIN,2131.0,2026-06-25,2.18,6.05,10.3,18.19,31.55,
UMESLTD,5.58,2026-06-25,0.9,-2.11,10.28,-11.57,9.2,-2.28
JOCIL,147.05,2026-06-25,-1.41,-3.91,10.27,40.37,2.76,-7.49
RSSOFTWARE,36.2,2026-06-25,-5.83,15.69,10.26,41.96,-31.61,-50.42
EQUITASBNK,75.14,2026-06-25,-1.87,-4.23,10.24,31.96,21.78,10.88
MCON,47.0,2026-06-24,3.07,-10.22,10.2,13.66,-29.85,-56.86
ENGINERSIN,251.82,2026-06-25,-2.58,6.67,10.16,28.49,26.12,9.28
ZENTEC,1771.2,2026-06-25,-9.73,-1.0,10.15,26.99,27.28,-6.4
PVP,28.78,2026-06-25,-2.97,-7.16,10.14,12.6,-18.29,23.2
INNOVACAP,941.35,2026-06-25,0.68,-0.7,10.09,32.3,32.06,8.97
SENORES,1269.7,2026-06-25,-1.9,-1.05,10.06,62.62,55.52,122.01
BLUESTONE,533.15,2026-06-25,2.35,1.07,10.05,7.96,6.3,
DATAPATTNS,4506.6,2026-06-25,-7.39,1.83,10.02,40.25,68.64,61.98
LCCINFOTEC,4.72,2026-06-25,-5.22,8.01,10.02,6.31,10.02,-11.11
SOMICONVEY,115.33,2026-06-25,16.86,15.94,10.01,17.4,-10.24,-28.61
BGLOBAL,3.3,2026-06-24,0.0,4.43,10.0,13.01,-6.78,7.14
INDOFARM,144.69,2026-06-25,-6.29,8.59,10.0,19.86,-24.12,-15.39
KNAGRI,210.98,2026-06-25,0.35,2.04,9.99,18.45,6.5,-3.6
BIL,805.25,2026-06-25,10.78,13.74,9.92,11.81,6.97,17.45
RGL,114.15,2026-06-25,0.11,7.84,9.9,14.52,-8.83,-8.35
PRIMO,24.11,2026-06-25,-4.85,-1.67,9.84,42.58,1.22,-7.62
CCL,1163.2,2026-06-25,1.26,2.63,9.84,7.94,22.16,38.55
STARHEALTH,577.1,2026-06-25,-0.82,9.16,9.79,25.69,27.28,34.18
UWCSL,107.1,2026-06-24,5.0,5.0,9.73,15.1,-1.11,-32.69
NOCIL,181.86,2026-06-25,-4.7,11.21,9.73,13.59,16.81,-2.99
NITINSPIN,550.4,2026-06-25,-1.34,0.46,9.7,48.54,72.43,44.29
HAPPYFORGE,1509.3,2026-06-25,-2.93,11.47,9.66,24.03,38.37,56.12
BLUEJET,527.6,2026-06-25,1.17,4.62,9.6,49.29,-2.02,-39.98
CPS,1059.2,2026-06-24,3.91,13.47,9.57,11.98,1.7,20.36
AADHARHFC,518.5,2026-06-25,4.68,6.04,9.56,10.01,6.49,17.44
HITECHGEAR,641.65,2026-06-25,12.56,11.88,9.53,10.78,-7.01,-10.45
PINELABS,160.07,2026-06-25,4.68,4.22,9.49,-2.63,-31.84,
KMEW,2240.0,2026-06-25,-4.15,13.54,9.48,40.47,23.21,162.6
GEEKAYWIRE,26.51,2026-06-25,3.03,12.28,9.41,27.94,-17.34,-23.77
WINDLAS,859.0,2026-06-25,0.19,4.86,9.39,10.11,6.6,-4.69
EDELWEISS,122.45,2026-06-25,-6.01,6.92,9.37,14.43,11.99,11.69
CANTABIL,238.68,2026-06-25,1.43,8.79,9.36,4.41,-6.82,-8.14
GALAXYSURF,2012.5,2026-06-25,2.86,14.59,9.36,23.6,-2.82,-23.74
MANGLMCEM,921.8,2026-06-25,2.65,9.06,9.36,10.72,19.3,23.93
GVPTECH,7.04,2026-06-25,-3.3,8.81,9.32,16.36,-24.87,-29.75
HOLMARC,108.0,2026-06-24,6.25,4.35,9.31,54.29,2.08,-15.99
KIRLFER,489.65,2026-06-25,-1.69,12.71,9.31,8.28,8.28,8.28
FUSION,192.77,2026-06-25,8.31,8.57,9.3,29.98,18.95,-8.03
OPTIEMUS,469.3,2026-06-25,6.18,9.87,9.28,41.46,-6.22,-28.05
BLACKBUCK,562.8,2026-06-25,-1.54,2.77,9.28,-4.8,-16.09,28.52
MGL,1174.6,2026-06-25,-5.69,3.13,9.28,25.08,5.03,-16.77
ATGL,719.8,2026-06-25,-1.85,-0.03,9.24,38.26,27.4,13.55
GINNIFILA,49.16,2026-06-25,14.73,12.75,9.24,32.51,20.37,6.29
KPL,2439.3,2026-06-25,0.67,1.3,9.24,,,
WEWORK,626.55,2026-06-25,1.08,-1.49,9.23,36.16,6.58,
PNCINFRA,232.3,2026-06-25,-1.74,12.62,9.13,30.37,-8.28,-23.16
PAUSHAKLTD,493.4,2026-06-25,-1.94,6.3,9.12,27.25,-17.04,
JITFINFRA,314.0,2026-06-25,8.84,4.65,9.12,2.38,12.63,-14.72
INDHOTEL,720.65,2026-06-25,-1.25,4.93,9.09,17.26,-2.19,-7.15
GABRIEL,1229.2,2026-06-25,-1.02,7.23,9.07,39.48,17.3,93.69
UTLSOLAR,309.5,2026-06-25,-2.61,0.05,9.06,55.63,44.86,
PPAP,231.17,2026-06-25,-7.75,-4.91,9.05,17.58,8.22,-2.16
TTKPRESTIG,570.55,2026-06-25,1.18,6.75,9.05,29.6,-8.17,-7.71
AKCAPIT,1800.4,2026-06-25,0.31,3.13,9.04,,,
HBLENGINE,827.25,2026-06-25,1.17,4.31,9.04,24.1,-5.92,40.71
SSWL,229.87,2026-06-25,0.12,-2.12,9.01,23.71,19.12,-15.24
ZODIACLOTH,83.28,2026-06-25,5.7,12.15,9.01,29.78,-4.92,-23.15
RAYMONDLSL,794.95,2026-06-25,-3.0,-1.51,8.99,4.72,-21.71,-26.98
FIVESTAR,497.0,2026-06-25,-1.28,6.47,8.97,29.9,-11.0,-33.77
BIMETAL,629.35,2026-06-25,-0.96,-1.91,8.97,,,
ASAHISONG,255.96,2026-06-25,-0.49,-2.02,8.96,27.6,-6.17,-41.74
MOTOUR,79.88,2026-06-25,0.88,5.13,8.96,14.64,-6.56,-12.97
KISSHT,275.1,2026-06-25,-6.94,1.57,8.94,,,
JSWDULUX,3199.1,2026-06-25,-2.2,-1.34,8.9,9.37,2.01,3.9
MAWANASUG,105.59,2026-06-25,-4.5,0.54,8.89,36.02,30.91,6.08
THERMAX,4828.8,2026-06-25,-0.72,1.85,8.86,48.62,60.93,40.75
SAYAJIHOTL,308.0,2026-06-25,5.12,1.99,8.85,,,
PGHL,6232.5,2026-06-25,-1.15,0.1,8.85,26.25,13.81,9.52
TVSSCS,131.49,2026-06-25,-4.63,-2.31,8.84,33.51,21.16,-3.86
TMB,732.6,2026-06-25,-4.65,-5.37,8.84,23.39,45.37,72.62
DBEIL,8.35,2026-06-25,-6.81,0.98,8.82,22.31,-30.75,-41.0
AURIONPRO,895.1,2026-06-25,0.56,4.99,8.77,12.56,-20.55,-32.6
UMIYA-MRO,91.08,2026-06-25,3.44,4.71,8.77,19.36,3.03,24.15
SPLPETRO,740.5,2026-06-25,-4.43,5.67,8.75,10.28,14.23,-14.88
GRCL,598.65,2026-06-24,10.25,19.98,8.74,65.26,65.44,35.87
KPIL,1384.2,2026-06-25,-3.85,6.16,8.74,24.7,15.32,12.54
KRISHANA,724.6,2026-06-25,6.79,7.18,8.74,50.41,35.92,40.87
MOTILALOFS,946.15,2026-06-25,-0.28,0.71,8.72,38.29,6.74,9.76
JAGSNPHARM,223.5,2026-06-25,0.35,4.88,8.66,21.24,11.7,2.29
NITTAGELA,1719.8,2026-06-25,6.57,16.33,8.65,,,
JBMA,693.1,2026-06-25,-4.81,1.43,8.65,21.03,8.31,8.86
COROMANDEL,2000.4,2026-06-25,0.64,0.71,8.63,-0.74,-16.32,-14.39
TRIVENI,409.8,2026-06-25,-2.37,2.87,8.6,0.59,2.81,5.48
AFIL,10.38,2026-06-25,-2.54,3.9,8.58,28.78,53.78,38.96
SANGHVIMOV,411.1,2026-06-25,-5.86,-2.32,8.58,54.46,16.15,43.79
CGPOWER,942.1,2026-06-25,-2.12,0.71,8.55,36.09,42.86,39.55
NEWGEN,473.1,2026-06-25,-1.96,0.55,8.53,8.6,-44.35,-58.72
LMW,16146.0,2026-06-25,-3.25,2.02,8.51,22.67,8.57,0.0
CANARYS,21.7,2026-06-24,-0.46,13.61,8.5,25.8,-28.03,-26.44
HALDER,236.08,2026-06-25,-2.45,-1.7,8.5,-6.32,,
VINCOFE,151.17,2026-06-25,-5.6,-2.8,8.47,13.45,-3.49,22.74
SEIL,212.56,2026-06-25,-2.71,2.93,8.45,,,
ATHERENERG,998.75,2026-06-25,3.97,-2.79,8.39,28.6,38.38,192.97
ERIS,1459.0,2026-06-25,1.56,5.39,8.37,9.78,-5.06,-9.89
AAVAS,1489.9,2026-06-25,1.59,6.03,8.36,31.21,-1.45,-20.8
POWERMECH,2760.1,2026-06-25,-4.67,-3.23,8.36,43.91,17.06,-10.93
ADFFOODS,300.5,2026-06-25,-4.22,6.41,8.31,79.03,44.45,7.31
SANSERA,3146.2,2026-06-25,5.17,7.01,8.3,44.12,85.1,131.27
SUNDRMFAST,929.0,2026-06-25,4.36,9.11,8.28,16.84,-0.55,-5.0
EIMCOELECO,1728.9,2026-06-25,-2.42,7.72,8.27,11.28,14.5,-29.19
DISAQ,12519.0,2026-06-25,-0.33,7.32,8.23,,,
VARDMNPOLY,6.97,2026-06-25,-0.99,-0.14,8.23,-1.83,11.7,-41.53
UTKARSHBNK,14.52,2026-06-25,-1.49,7.8,8.2,27.37,-4.22,-39.35
RADICO,3829.8,2026-06-25,1.35,6.62,8.2,39.42,15.99,42.57
CDSL,1317.0,2026-06-25,-3.99,4.05,8.18,8.59,-12.14,-23.88
MHRIL,240.06,2026-06-25,-1.1,3.11,8.17,-0.72,-22.52,-29.82
ADVAIT,2274.7,2026-06-25,-7.18,-2.59,8.16,29.07,,
EMCURE,1880.2,2026-06-25,4.98,10.24,8.16,18.0,33.24,41.09
ADANIGREEN,1526.1,2026-06-25,-1.54,2.93,8.15,78.74,50.35,55.55
HILTON,24.03,2026-06-25,-3.07,22.85,8.15,39.3,-38.04,-64.75
WENDT,7559.5,2026-06-25,-2.73,-5.02,8.14,12.89,-5.41,-10.37
CARBORUNIV,1143.3,2026-06-25,-5.62,7.26,8.12,45.09,34.93,17.43
PIDILITIND,1597.0,2026-06-25,1.58,1.65,8.11,17.19,10.4,6.99
CHEMBOND,184.0,2026-06-25,1.98,18.27,8.11,51.19,11.3,-18.95
YATRA,109.69,2026-06-25,-2.85,2.52,8.1,5.81,-38.88,26.3
MOHITIND,24.74,2026-06-25,5.1,8.99,8.08,20.57,-13.28,-14.87
RBLBANK,371.05,2026-06-25,-1.97,-0.43,8.07,22.08,21.28,57.98
SBCL,754.0,2026-06-25,1.4,3.89,8.06,98.03,74.9,52.64
GICHSGFIN,159.7,2026-06-25,-1.12,3.5,8.03,17.02,-8.67,-13.76
ITDC,599.35,2026-06-25,-3.87,0.22,8.03,44.93,5.39,1.59
MENONBE,161.7,2026-06-25,-6.43,-3.7,8.0,44.45,50.68,32.69
SAKUMA,1.9,2026-06-25,-0.52,-1.55,7.95,39.71,-13.24,-37.7
LIBERTSHOE,269.59,2026-06-25,3.22,11.55,7.94,13.43,-3.63,-33.43
WEALTH,994.9,2026-06-25,1.29,1.33,7.92,6.61,6.24,-23.13
BAJEL,195.73,2026-06-25,-5.71,-1.88,7.91,28.27,11.34,-16.23
GENCON,43.47,2026-06-25,4.39,13.38,7.89,2.16,-4.48,6.05
TREL,26.56,2026-06-25,1.96,2.83,7.88,9.39,-6.45,-20.1
PCBL,317.4,2026-06-25,1.76,4.72,7.87,17.66,3.83,-22.02
SADHAV,117.3,2026-06-24,3.35,-2.25,7.86,23.47,16.25,12.03
SHREEOSFM,63.1,2026-06-24,-3.15,6.95,7.86,-11.38,-18.32,-42.64
UNITDSPR,1384.9,2026-06-25,3.11,8.92,7.85,5.59,-2.18,-3.81
PARIN,721.95,2026-06-24,0.31,-0.1,7.85,18.66,26.9,110.17
SBIN,1045.4,2026-06-25,0.45,2.4,7.82,0.34,9.83,33.02
IOLCP,133.66,2026-06-25,2.23,0.1,7.79,70.07,63.3,39.46
SUNDRMBRAK,815.85,2026-06-25,-3.71,9.49,7.77,55.24,16.43,2.25
POLYPLEX,984.3,2026-06-25,3.3,7.73,7.74,21.53,20.65,-20.37
BANKA,90.09,2026-06-25,1.22,0.1,7.71,94.66,38.83,25.18
SUPERSPIN,5.46,2026-06-25,7.06,4.8,7.69,27.87,-33.9,-45.56
KRBL,385.35,2026-06-25,-1.68,2.88,7.67,27.14,-3.82,8.19
PARACABLES,70.34,2026-06-25,-0.61,9.79,7.64,113.86,86.04,21.49
TRIDENT,26.45,2026-06-25,1.22,7.48,7.61,9.22,-0.08,-11.74
PRIVISCL,3550.5,2026-06-25,-2.88,2.35,7.57,19.82,5.67,54.66
JPOLYINVST,1100.3,2026-06-25,-0.78,1.45,7.56,-2.11,4.23,19.46
DEEPAKFERT,1566.4,2026-06-25,-2.26,3.85,7.55,56.79,25.05,-1.82
MAITHANALL,1012.8,2026-06-25,-4.4,-4.71,7.5,14.23,4.88,-16.18
TEGA,1730.2,2026-06-25,-1.55,-2.89,7.48,3.84,-12.2,17.46
ABCAPITAL,390.8,2026-06-25,-0.29,6.14,7.47,24.18,12.49,43.5
AMBIKCO,1724.8,2026-06-25,2.63,5.43,7.46,40.3,36.0,12.92
MANAKALUCO,37.71,2026-06-25,-2.28,-8.85,7.44,57.12,50.66,49.5
MIRCELECTR,42.29,2026-06-24,1.73,12.35,7.44,78.82,61.1,190.41
BATLIBOI,84.83,2026-06-25,3.68,7.05,7.43,,,
WPIL,493.55,2026-06-25,1.09,6.25,7.43,,,
MAHLIFE,361.25,2026-06-25,0.33,8.26,7.42,7.1,-9.28,-0.98
ICICIBANK,1387.5,2026-06-25,2.6,4.51,7.41,10.15,2.04,-1.94
ROXHITECH,35.55,2026-06-24,10.06,12.32,7.4,21.75,-20.2,-19.84
ADANIENSOL,1507.8,2026-06-25,-2.05,1.07,7.37,52.24,51.3,77.35
USK,23.46,2026-06-25,-0.8,-5.1,7.37,9.37,-3.02,-38.49
BEWLTD,65.65,2026-06-24,-7.54,-6.21,7.36,-13.96,-43.7,-61.03
SPORTKING,178.09,2026-06-25,-0.27,-2.94,7.34,49.1,97.75,57.89
VISHWAS,54.4,2026-06-24,4.82,15.99,7.3,57.23,22.66,-9.33
TFCILTD,78.44,2026-06-25,5.42,2.99,7.28,20.21,21.11,72.5
VINNY,1.18,2026-06-25,0.0,6.31,7.27,13.46,-9.23,-15.11
SHRIRAMFIN,1031.8,2026-06-25,3.92,3.11,7.26,7.93,5.97,54.46
SIYSIL,645.3,2026-06-25,2.34,2.02,7.25,32.4,0.68,-4.71
SJLOGISTIC,337.75,2026-06-24,-2.64,-0.37,7.24,27.86,-5.67,-29.6
JAGRAN,65.19,2026-06-25,-0.02,2.18,7.2,24.58,5.09,3.3
PRIMESECU,299.2,2026-06-25,-2.37,4.62,7.2,9.46,2.45,10.98
MANAKSTEEL,73.87,2026-06-25,1.0,7.86,7.18,45.67,-4.0,16.18
NEULANDLAB,17961.0,2026-06-25,4.28,5.31,7.18,48.49,19.06,49.54
KREBSBIO,66.24,2026-06-25,2.6,-0.24,7.17,40.52,-4.73,-23.17
SMARTWORKS,489.55,2026-06-25,4.53,4.18,7.17,28.1,3.92,
PENIND,162.3,2026-06-25,-1.65,1.89,7.16,13.86,-19.56,-30.41
IXIGO,189.83,2026-06-25,-2.28,3.83,7.16,4.71,-28.14,7.73
PIGL,112.7,2026-06-25,-3.32,5.44,7.15,4.93,-10.99,-22.31
JIWANRAM,6.0,2026-06-24,-2.44,7.14,7.14,22.45,0.0,-42.31
KALAMANDIR,109.98,2026-06-25,-0.34,4.17,7.13,12.03,-28.31,-20.5
KICL,5393.5,2026-06-25,0.04,3.76,7.12,23.2,8.7,6.14
WINSOME,2.41,2026-06-24,0.0,-5.49,7.11,41.76,28.88,26.84
SBC,41.59,2026-06-25,-5.67,11.98,7.11,33.69,46.39,182.35
PTCIL,17429.0,2026-06-25,-2.7,-6.58,7.06,6.0,-4.73,16.89
LTF,299.0,2026-06-25,3.57,1.96,7.03,15.61,-0.39,49.91
FMNL,10.98,2026-06-25,4.27,3.39,7.02,50.82,20.79,-28.93
SONUINFRA,53.4,2026-06-24,10.1,22.34,7.01,28.21,-27.45,-60.15
STERTOOLS,250.94,2026-06-25,2.46,4.76,6.98,44.8,-12.2,-31.36
CHENNPETRO,1102.2,2026-06-25,-1.28,-8.95,6.95,10.72,30.97,67.56
GANESHHOU,755.2,2026-06-25,-3.04,-1.22,6.94,28.46,-6.18,-23.76
SAATVIKGL,475.35,2026-06-25,1.8,1.18,6.94,25.36,24.14,
JISLDVREQS,24.39,2026-06-25,-0.2,5.86,6.93,11.78,-13.72,-26.05
AUROPHARMA,1555.2,2026-06-25,4.24,10.43,6.92,18.92,28.38,39.35
LAURUSLABS,1450.0,2026-06-25,0.98,4.38,6.91,41.81,33.8,116.83
EMAMIPAP,85.25,2026-06-25,-1.77,0.53,6.86,31.84,-1.47,-9.7
NEOGEN,1874.8,2026-06-25,-2.09,-9.18,6.85,56.05,70.89,12.31
ANANDRATHI,1932.5,2026-06-25,0.77,8.47,6.85,29.4,26.45,87.48
SUPREMEPWR,258.35,2026-06-24,0.96,6.89,6.84,53.6,29.3,20.47
GRAUWEIL,72.75,2026-06-25,-4.73,-5.63,6.83,-37.07,-37.07,-37.07
SATIN,231.03,2026-06-25,-2.16,-0.47,6.83,57.67,63.34,45.78
COFORGE,1492.9,2026-06-25,0.61,6.45,6.79,28.36,-13.88,-20.04
TITAGARH,888.45,2026-06-25,-3.49,3.27,6.77,41.3,3.96,-3.77
HONASA,417.7,2026-06-25,0.44,2.59,6.76,42.15,51.78,33.64
SABEVENTS,8.53,2026-06-25,11.21,12.24,6.76,-9.74,2.77,36.48
LOTUSDEV,150.69,2026-06-25,2.78,5.41,6.74,32.94,-3.58,
MOTOGENFIN,30.0,2026-06-25,-0.2,3.09,6.72,51.21,29.37,12.91
BERGEPAINT,538.65,2026-06-25,-2.07,3.71,6.7,26.61,-2.97,-4.58
PAGEIND,40950.0,2026-06-25,4.15,4.48,6.66,25.97,12.72,-13.98
PREMIERENE,1050.6,2026-06-25,-1.15,0.5,6.66,14.67,18.58,3.25
ADANIENT,3038.0,2026-06-25,-0.71,3.25,6.66,61.1,36.74,20.27
POLYMED,1650.2,2026-06-25,-1.27,9.22,6.66,26.69,-7.53,-24.61
SIMPLEXINF,253.9,2026-06-25,-4.22,-1.34,6.63,63.87,-6.17,-6.14
SHYAMTEL,20.58,2026-06-25,3.11,31.5,6.58,143.26,63.46,33.12
RECLTD,364.65,2026-06-25,-1.41,3.64,6.56,11.28,5.05,-3.55
ZYDUSWELL,518.1,2026-06-25,-3.44,3.75,6.55,13.13,21.51,27.72
TARIL,334.45,2026-06-25,-4.85,5.4,6.51,18.22,12.93,-31.42
DRONE,42.6,2026-06-24,-2.52,2.65,6.5,-3.62,-37.35,-61.73
TIL,207.37,2026-06-25,-10.6,13.97,6.49,14.61,-24.19,-45.56
SOFTTECH,440.0,2026-06-25,1.56,9.6,6.49,76.46,34.93,19.19
NAHARINDUS,119.7,2026-06-25,0.5,2.27,6.49,32.81,9.88,-11.77
M&MFIN,328.55,2026-06-25,11.77,10.31,6.48,4.04,-15.68,26.39
SURYODAY,171.98,2026-06-25,-1.82,0.05,6.48,33.87,22.38,21.81
SJS,2141.4,2026-06-25,-1.85,-2.67,6.45,29.69,22.39,67.49
CRAFTSMAN,9252.0,2026-06-25,-2.84,-0.91,6.44,31.25,31.12,69.42
STUDDS,480.15,2026-06-25,-1.81,-4.85,6.42,-0.32,-10.74,
SBIETFPB,291.37,2026-06-25,1.99,3.05,6.4,13.11,0.5,2.45
PATELRMART,212.55,2026-06-25,-4.6,-3.05,6.4,30.11,2.71,
GLOSTERLTD,720.2,2026-06-25,1.24,5.78,6.4,37.1,10.42,3.71
ACCENTMIC,464.3,2026-06-24,3.57,3.18,6.39,29.82,40.25,104.29
ELGIEQUIP,604.05,2026-06-25,-1.67,-0.78,6.37,23.95,29.65,13.71
FOCUS,88.7,2026-06-25,-2.86,-3.53,6.37,38.85,18.03,-23.68
ATLANTAELE,1812.0,2026-06-25,-6.16,-0.89,6.35,51.51,92.65,
RAMAPHO,129.72,2026-06-25,-3.85,2.93,6.35,9.36,-20.93,6.45
UCOBANK,27.16,2026-06-25,-1.49,3.74,6.34,12.2,-4.09,-8.38
APOLSINHOT,1275.9,2026-06-25,-4.97,-0.26,6.32,23.75,3.14,0.81
ASHOKA,131.03,2026-06-25,-3.32,-1.1,6.3,14.04,-23.9,-37.71
SHREDIGCEM,76.01,2026-06-25,2.63,1.52,6.26,31.57,-15.71,-0.5
RAINBOW,1434.5,2026-06-25,-0.85,1.12,6.26,22.77,5.46,-2.35
OBCL,56.5,2026-06-25,-0.04,-4.95,6.24,2.06,2.26,2.71
THYROCARE,517.2,2026-06-25,-3.83,-2.18,6.24,41.95,15.68,61.88
KAPSTON,364.45,2026-06-25,5.64,5.79,6.24,28.83,22.65,52.13
ASHIKA,385.6,2026-06-25,-3.29,-1.24,6.23,,,
BLSE,225.26,2026-06-25,-1.36,-3.84,6.23,38.68,5.27,11.74
GULPOLY,190.59,2026-06-25,-8.07,-10.41,6.21,29.34,33.32,5.39
CYIENTDLM,465.0,2026-06-25,-3.69,-0.76,6.2,57.84,9.19,-1.84
INTERARCH,1925.2,2026-06-25,1.65,4.99,6.19,7.66,-18.25,-8.71
TBI,66.9,2026-06-24,2.14,0.75,6.19,13.78,-29.47,-43.88
DCMFINSERV,5.5,2026-06-25,1.1,-0.18,6.18,-3.85,4.36,-19.59
GPECO,445.0,2026-06-24,-0.45,1.6,6.18,41.11,3.4,15.64
IGL,170.38,2026-06-25,0.38,0.45,6.17,14.35,-10.36,-16.38
GNFC,546.85,2026-06-25,-5.96,7.24,6.17,37.16,11.83,2.19
AEQUS,228.95,2026-06-25,-3.34,12.54,6.17,88.98,63.97,
BANSWRAS,133.15,2026-06-25,2.21,0.03,6.14,25.79,16.26,-7.97
NEPHROPLUS,657.95,2026-06-25,-9.18,-7.77,6.1,23.86,38.4,
CUB,198.85,2026-06-25,0.45,-0.25,6.1,4.82,-10.44,34.47
KABRAEXTRU,245.02,2026-06-25,1.47,1.96,6.1,20.4,10.39,-13.45
AGRITECH,115.07,2026-06-25,0.07,-4.16,6.09,6.16,-29.22,-26.76
GOLDSTAR,7.85,2026-06-24,0.64,4.67,6.08,17.16,5.37,-19.9
TRANSWORLD,171.24,2026-06-25,-1.24,-2.2,6.08,28.74,-14.19,-37.94
BBNPNBETF,58.85,2026-06-25,1.03,2.21,6.07,8.68,-1.44,4.09
MBAPL,576.7,2026-06-25,3.8,1.86,6.01,24.06,39.12,37.98
REPCOHOME,420.0,2026-06-25,6.76,7.25,6.01,13.33,5.73,-3.32
MITCON,82.6,2026-06-25,0.56,4.88,6.01,48.59,22.08,-2.25
INDRAMEDCO,385.45,2026-06-25,-2.31,-0.13,5.99,-4.86,-16.26,-5.71
KHADIM,108.89,2026-06-25,1.4,1.07,5.99,19.34,-30.62,-58.56
RAYMOND,592.3,2026-06-25,-1.36,0.07,5.98,67.08,37.82,-1.36
WINDMACHIN,305.15,2026-06-25,-3.8,-6.41,5.97,34.34,12.37,-17.06
HINDWAREAP,250.63,2026-06-25,-0.28,-1.72,5.96,33.35,-2.71,-13.68
LFIC,145.3,2026-06-25,-2.9,-2.15,5.94,12.86,-19.03,-32.15
SMLMAH,4092.9,2026-06-25,-0.17,1.93,5.93,-2.04,10.31,119.75
GPTHEALTH,147.51,2026-06-25,-1.65,0.18,5.92,21.21,7.62,2.07
JTEKTINDIA,134.8,2026-06-25,-1.17,2.25,5.85,7.12,-6.31,-3.88
PARADEEP,136.14,2026-06-25,-2.04,6.69,5.85,21.47,-14.97,-17.48
BANKBARODA,279.15,2026-06-25,-2.41,1.12,5.85,5.68,-0.82,20.55
KSHITIJPOL,4.35,2026-06-25,-14.03,-33.08,5.84,92.48,55.91,28.7
SANGAMIND,541.85,2026-06-25,0.91,2.31,5.84,26.51,20.62,24.29
SUZLON,57.14,2026-06-25,-3.66,2.83,5.83,35.18,7.2,-11.16
MMTC,68.63,2026-06-25,-8.71,-2.22,5.81,20.36,19.29,-3.76
SURANAT&P,19.06,2026-06-25,-3.0,5.19,5.77,15.94,-9.67,-1.35
IIFL,509.7,2026-06-25,-5.22,-2.42,5.77,9.78,-14.73,6.56
COMSYN,162.13,2026-06-25,-4.21,-5.1,5.75,5.62,10.29,19.14
TIGERLOGS,37.95,2026-06-25,2.87,7.48,5.74,42.19,1.52,
DBOL,112.05,2026-06-25,-2.23,-2.45,5.73,11.7,48.67,40.79
PVTBANKADD,28.84,2026-06-25,1.44,2.63,5.72,11.57,-0.03,1.98
PARAGON,49.05,2026-06-24,-4.11,7.1,5.71,15.82,27.9,-26.13
CANFINHOME,886.2,2026-06-25,-0.69,2.52,5.7,6.35,-6.43,14.72
SWARAJENG,3954.0,2026-06-25,-0.27,3.35,5.69,12.64,9.67,-2.11
SHOPERSTOP,356.4,2026-06-25,-0.17,-3.75,5.66,19.3,-13.88,-28.92
NPBET,294.2,2026-06-25,1.35,2.43,5.66,9.78,-0.03,1.91
MAHICKRA,248.0,2026-06-24,0.0,2.46,5.64,25.65,60.62,105.43
PILITA,8.43,2026-06-25,0.72,3.44,5.64,11.95,-19.48,-45.93
BANKBETA,60.24,2026-06-25,0.67,2.26,5.63,8.83,-1.16,
GVT&D,5043.0,2026-06-25,-8.22,4.94,5.62,34.0,59.42,110.91
MAYURUNIQ,789.85,2026-06-25,-1.97,-0.91,5.62,48.52,60.96,41.77
CARYSIL,1179.1,2026-06-25,-1.0,0.5,5.6,43.12,30.81,35.01
SETFNIFBK,597.94,2026-06-25,0.64,2.14,5.59,8.87,-1.24,3.71
ALIVUS,1108.3,2026-06-25,2.53,5.43,5.58,12.55,22.51,10.21
HCL-INSYS,12.31,2026-06-25,-0.49,-1.6,5.57,13.77,-10.08,-28.1
KALYANKJIL,377.8,2026-06-25,-0.87,-1.36,5.57,-3.59,-22.45,-29.88
AXISBNKETF,600.66,2026-06-25,0.62,2.27,5.57,8.9,-1.21,3.88
BANKBETF,59.17,2026-06-25,0.51,2.19,5.55,8.57,-1.1,3.83
DBL,459.7,2026-06-25,1.06,6.49,5.54,13.38,-1.29,-7.63
HDFCPVTBAN,28.79,2026-06-25,0.91,1.84,5.54,11.33,-0.59,1.41
SPLIL,31.99,2026-06-25,1.39,1.62,5.54,32.03,-7.11,-22.56
BANKADD,59.62,2026-06-25,0.73,2.35,5.52,8.76,-1.16,3.74
SUNDARMFIN,4627.1,2026-06-25,1.94,3.59,5.52,-2.93,-9.96,-5.45
HDFCNIFBAN,59.8,2026-06-25,0.39,2.03,5.5,8.73,-1.45,3.77
MPTODAY,46.0,2026-06-24,0.0,0.0,5.5,-2.13,-3.26,23.99
NOVARTIND,1434.9,2026-06-25,-3.81,10.85,5.49,113.45,113.45,113.45
VTL,634.3,2026-06-25,-3.34,-0.55,5.47,21.13,42.83,31.49
BANCOINDIA,658.85,2026-06-25,-1.58,-4.16,5.46,17.49,-4.4,12.81
SANOFI,3355.6,2026-06-25,0.37,3.55,5.46,2.51,-17.07,-43.15
GROWW,199.79,2026-06-25,1.09,-3.64,5.45,23.7,22.1,
JAYSREETEA,89.16,2026-06-25,-2.2,1.17,5.43,12.32,2.19,-18.25
BANKETF,592.74,2026-06-25,0.54,2.1,5.43,8.8,-1.25,3.77
PVTBANIETF,28.61,2026-06-25,1.17,2.07,5.42,11.19,-0.21,1.74
BANKBEES,601.92,2026-06-25,0.49,2.08,5.41,8.79,-1.35,3.58
MOBANK10,17.35,2026-06-25,1.28,3.09,5.41,,,
ONWARDTEC,284.7,2026-06-25,8.21,12.73,5.4,19.0,4.17,-12.45
KFINTECH,874.15,2026-06-25,-3.38,3.14,5.4,-6.45,-19.9,-34.17
REMUS,801.85,2026-06-24,2.37,3.63,5.39,27.66,9.24,-55.72
AFCONS,319.35,2026-06-25,1.2,-1.78,5.38,12.98,-17.62,-26.62
ASAHIINDIA,898.9,2026-06-25,4.25,0.68,5.37,7.43,-7.32,28.95
BANKNIFTY1,60.32,2026-06-25,0.37,2.12,5.36,8.78,-90.13,-89.63
EBANKNIFTY,58.47,2026-06-25,0.58,1.69,5.35,8.14,-2.01,3.27
COHANCE,458.05,2026-06-25,13.03,7.27,5.34,49.62,-14.57,-53.11
IFGLEXPOR,185.54,2026-06-25,-3.35,-4.19,5.34,32.94,-10.18,-26.56
ASPINWALL,243.26,2026-06-25,-3.66,-6.18,5.34,6.81,5.37,-16.4
INM,176.95,2026-06-24,4.09,7.9,5.33,-5.37,-29.22,-65.28
CLEDUCATE,49.0,2026-06-25,-1.01,-10.5,5.31,-0.53,-43.02,-45.72
IL&FSENGG,30.45,2026-06-25,-1.36,3.43,5.29,22.88,13.03,-13.0
BANKIETF,59.66,2026-06-25,0.47,1.91,5.28,8.75,-1.36,13.47
SUPRAJIT,468.4,2026-06-25,-1.64,0.01,5.27,14.12,-1.21,1.58
SHRENIK,0.4,2026-06-25,5.26,8.11,5.26,2.56,-18.37,-32.2
GROWWRLTY,9.21,2026-06-25,1.43,3.02,5.26,18.99,-7.08,
ABSLBANETF,59.62,2026-06-25,0.42,2.11,5.26,8.8,-1.31,3.81
PHOENIXLTD,1904.6,2026-06-25,1.79,3.12,5.25,21.16,2.76,17.81
GNRL,101.85,2026-06-25,18.65,12.85,5.24,,,
SUBEXLTD,11.72,2026-06-25,-1.51,6.26,5.21,54.21,-0.59,-18.89
BANK10ADD,17.39,2026-06-25,1.4,3.08,5.2,8.15,,
SPECTSTM,57.85,2026-06-24,2.03,8.23,5.18,-1.87,-40.02,-57.15
INTLCONV,81.98,2026-06-25,-2.81,1.8,5.18,20.81,-11.93,-11.54
GATEWAY,58.65,2026-06-25,-6.29,-2.25,5.16,6.48,-3.51,-6.61
BGRENERGY,315.0,2026-06-25,-7.31,-6.21,5.16,15.77,0.41,209.92
MODTHREAD,45.98,2026-06-25,5.75,2.18,5.15,2.77,6.93,3.05
BEEKAY,401.2,2026-06-25,-4.02,0.44,5.14,,,
VARROC,611.65,2026-06-25,-2.05,4.91,5.12,23.97,-0.86,6.96
MUKKA,24.32,2026-06-25,-2.56,0.75,5.1,18.46,0.95,-18.93
JINDALPHOT,1068.2,2026-06-25,-3.45,-3.16,5.09,-2.56,-28.81,9.0
KIMS,795.35,2026-06-25,-1.34,3.31,5.09,22.47,26.28,21.94
GEOJITFSL,79.25,2026-06-25,0.56,3.61,5.08,35.77,1.71,-6.26
PACEDIGITK,200.03,2026-06-25,8.82,6.75,5.06,27.87,2.73,
SUNTECK,319.0,2026-06-25,-1.38,6.96,5.06,5.12,-22.96,-28.4
MANALIPETC,63.53,2026-06-25,-4.03,-6.85,5.06,45.28,4.85,-8.65
AHLUCONT,848.1,2026-06-25,1.02,4.9,5.05,22.94,-12.99,-10.64
MEDANTA,1312.4,2026-06-25,1.89,7.58,5.05,29.77,10.17,16.46
HDFCPSUBK,87.59,2026-06-25,-1.1,0.59,5.04,1.15,4.42,24.56
BAJAJHFL,87.5,2026-06-25,-1.69,1.05,5.04,10.58,-8.05,-28.12
AXISBANK,1377.2,2026-06-25,1.37,0.65,5.03,12.69,12.31,13.61
CHOICEIN,723.85,2026-06-25,-0.48,3.08,5.01,10.86,-11.12,2.02
SINCLAIR,78.16,2026-06-25,-1.04,3.15,5.0,5.68,-6.25,-11.45
SMVD,11.55,2026-06-24,0.0,0.0,5.0,3.59,49.03,-28.26
GLAXO,2354.8,2026-06-25,-0.35,10.94,4.98,4.01,-2.9,-25.9
MOREALTY,82.38,2026-06-25,1.42,3.07,4.97,19.08,-7.34,-19.03
SAFARI,1590.6,2026-06-25,-3.64,-2.78,4.97,4.21,-29.94,-25.88
MOBIKWIK,200.65,2026-06-25,1.34,0.94,4.96,12.91,-14.24,-18.29
INDOAMIN,137.95,2026-06-25,-3.73,5.05,4.94,49.9,5.15,-15.33
GFSTEELS,13.61,2026-06-24,0.0,0.0,4.93,10.11,20.98,46.82
MSUMI,41.26,2026-06-25,7.48,8.95,4.93,8.64,-8.88,3.56
DIACABS,206.28,2026-06-25,-0.66,-4.21,4.93,61.11,46.19,76.88
OMFREIGHT,91.24,2026-06-25,7.3,8.58,4.92,40.18,-6.12,
PONNIERODE,314.4,2026-06-25,-3.23,-1.78,4.91,18.58,19.78,-4.15
BANKPSU,87.2,2026-06-25,-1.41,0.86,4.91,1.14,4.54,24.7
DLF,621.35,2026-06-25,-1.0,1.12,4.9,16.28,-10.58,-26.74
UNIVAFOODS,8.57,2026-06-24,0.0,0.0,4.9,-9.79,-39.82,-27.0
MONQ50,143.78,2026-06-25,-0.54,-0.34,4.9,43.92,45.57,92.45
HINDCOMPOS,411.55,2026-06-25,-2.88,-1.85,4.89,9.38,-5.79,-14.14
GROWWPSUBK,86.41,2026-06-25,-1.28,-0.01,4.87,,,
GKWLIMITED,1787.5,2026-06-25,-2.85,-2.57,4.86,17.48,2.99,-0.35
LALPATHLAB,1689.2,2026-06-25,1.28,4.78,4.85,25.74,20.58,23.2
GILT5BETA,66.54,2026-06-25,1.39,0.86,4.85,3.52,4.44,6.57
CUMMINSIND,5642.0,2026-06-25,-2.12,-1.95,4.83,19.06,28.3,72.38
DMART,4294.6,2026-06-25,-0.83,4.77,4.82,9.81,13.01,0.43
PSUBANKADD,87.53,2026-06-25,-1.19,0.79,4.81,1.17,4.55,24.83
INDIANHUME,332.55,2026-06-25,1.48,4.64,4.81,6.95,-21.73,-20.3
FCL,40.9,2026-06-25,-9.93,-1.45,4.79,92.83,68.8,47.98
LOKESHMACH,272.45,2026-06-25,-3.91,1.32,4.76,35.1,65.33,50.02
CEATLTD,3490.0,2026-06-25,-0.59,1.0,4.76,-1.67,-10.01,-3.4
MARC,92.4,2026-06-24,14.85,27.1,4.76,43.48,30.69,
ABREL,1346.7,2026-06-25,2.5,8.6,4.74,15.32,-20.68,-42.85
GOLDENTOBC,27.24,2026-06-25,6.66,4.37,4.73,14.5,-12.41,-22.06
INTELLECT,747.05,2026-06-25,-0.68,-1.52,4.73,13.69,-26.05,-32.69
PITTIENG,978.8,2026-06-25,-2.99,0.13,4.72,30.07,17.19,1.87
HYUNDAI,1969.4,2026-06-25,-0.98,-2.99,4.71,4.45,-14.67,-6.46
GODREJPROP,1850.6,2026-06-25,2.87,4.78,4.71,18.26,-7.75,-23.0
ZFCVINDIA,2616.0,2026-06-25,0.67,4.0,4.69,15.48,6.04,18.33
SBIBPB,50.12,2026-06-25,-1.51,0.42,4.68,1.05,3.64,22.87
PSUBNKBEES,96.45,2026-06-25,-1.46,0.51,4.67,0.8,4.39,24.24
NAM-INDIA,1139.0,2026-06-25,-3.11,0.99,4.67,32.41,30.92,48.62
AUTOIND,88.08,2026-06-25,9.21,14.52,4.66,48.81,7.99,10.03
ADVANCE,110.13,2026-06-25,0.28,12.79,4.65,14.48,-11.95,
ABSL10BANK,172.0,2026-06-25,0.22,2.07,4.64,7.17,,
PSUBANK,863.48,2026-06-25,-1.51,0.38,4.63,0.75,3.93,23.34
ARIHANTSUP,254.6,2026-06-25,-5.32,-2.88,4.62,15.62,-18.9,-32.73
ENSER,15.85,2026-06-24,-0.31,-3.94,4.62,50.95,-7.04,-4.8
JMA,91.47,2026-06-25,-1.09,-3.37,4.62,13.81,18.35,0.65
COSMOFIRST,803.55,2026-06-25,3.77,9.86,4.61,31.62,19.48,-30.3
BOROLTD,237.31,2026-06-25,1.68,4.93,4.61,4.74,-17.46,-31.46
BRIGADE,525.2,2026-06-25,-1.91,2.36,4.59,4.38,-20.38,-39.37
PSUBNKIETF,87.76,2026-06-25,-1.15,0.72,4.58,1.29,4.44,24.82
NGLFINE,2989.9,2026-06-25,-5.06,-3.84,4.58,33.42,123.63,189.57
TTKHLTCARE,922.75,2026-06-25,-0.73,5.08,4.57,16.68,-11.12,-27.58
MARKOLINES,173.59,2026-06-25,0.96,3.21,4.57,18.16,4.21,
EPL,229.22,2026-06-25,-2.34,1.04,4.55,13.5,7.32,-2.07
LT,4216.4,2026-06-25,0.36,1.12,4.54,16.67,5.03,17.62
APCOTEXIND,511.85,2026-06-25,-5.69,-1.22,4.53,47.59,36.85,33.35
CLEAN,779.05,2026-06-25,-5.12,-1.59,4.51,11.1,-12.92,-47.85
GLFL,6.5,2026-06-25,-5.66,4.84,4.5,59.71,8.88,4.0
GARUDA,179.27,2026-06-25,4.79,5.45,4.49,15.44,-10.72,45.41
LODHA,947.45,2026-06-25,2.24,2.89,4.48,29.11,-12.28,-34.74
ALEMBICLTD,91.54,2026-06-25,0.23,2.42,4.47,15.48,-9.46,-18.78
PNB,107.87,2026-06-25,-1.76,-0.08,4.47,0.85,-8.21,4.78
FINCABLES,1116.5,2026-06-25,-6.22,6.93,4.45,34.17,44.36,20.0
SHREEJISPG,481.15,2026-06-25,-3.25,1.06,4.45,34.25,36.84,
ZUARI,230.98,2026-06-25,-4.26,5.84,4.44,16.07,-26.17,8.28
HNDFDS,559.75,2026-06-25,1.74,0.37,4.44,8.89,9.82,6.54
QUADPRO,2.35,2026-06-24,4.44,9.3,4.44,20.51,-4.08,-47.78
SONACOMS,619.25,2026-06-25,0.01,4.14,4.44,21.43,28.73,30.02
OILCOUNTUB,59.13,2026-06-25,4.9,3.77,4.43,48.83,-6.54,-36.32
SMALLADD,17.73,2026-06-25,-1.12,2.07,4.42,18.52,6.55,
VIDYAWIRES,97.65,2026-06-25,-10.85,4.41,4.42,83.97,88.55,
GROWWSC250,10.19,2026-06-25,-0.78,2.52,4.41,18.08,6.24,
WAAREERTL,1020.65,2026-06-25,1.55,5.79,4.38,20.11,5.57,1.97
MARUTI,13745.0,2026-06-25,2.41,-0.43,4.37,8.13,-17.71,8.83
HALDYNGL,119.18,2026-06-25,-6.58,-1.7,4.37,,,
UFLEX,426.45,2026-06-25,1.22,0.49,4.34,9.6,-11.91,-29.19
UNIVCABLES,1216.1,2026-06-25,-9.85,1.09,4.31,79.8,36.76,65.62
RATNAMANI,2647.1,2026-06-25,-3.82,2.26,4.31,14.37,14.36,-5.24
GILT10BETA,26.66,2026-06-25,0.26,2.58,4.3,2.62,2.3,2.11
NAUKRI,978.85,2026-06-25,-0.58,-0.37,4.3,-1.92,-28.23,-34.74
GLOBAL,106.02,2026-06-25,-2.5,4.3,4.27,12.56,15.75,71.7
METROGLOBL,133.2,2026-06-25,4.07,0.79,4.27,,,
EIEL,218.55,2026-06-25,-2.83,15.7,4.23,48.99,6.41,-11.59
TIRUPATI,510.0,2026-06-24,1.63,2.31,4.19,7.37,-29.07,6.65
TCL,100.0,2026-06-24,2.04,2.56,4.17,17.51,-1.96,8.34
WEIZMANIND,85.55,2026-06-25,-2.33,3.84,4.16,16.81,-13.81,-26.29
URBANCO,129.83,2026-06-25,-5.22,0.93,4.16,13.81,2.27,
INDIGRID,176.44,2026-06-24,2.0,2.91,4.14,9.38,10.12,25.91
TCIEXP,533.35,2026-06-25,-1.04,0.78,4.14,13.07,-7.88,-27.62
WESTLIFE,486.3,2026-06-25,-0.09,2.72,4.13,11.42,-9.64,-34.99
KOTAKBANK,409.0,2026-06-25,1.7,0.8,4.11,10.21,-5.49,-6.87
BOMDYEING,131.37,2026-06-25,-4.85,-0.05,4.1,29.42,-0.23,-14.79
BAJFINANCE,980.4,2026-06-25,1.25,4.04,4.09,11.06,-3.09,5.65
GREENLAM,260.67,2026-06-25,2.05,3.11,4.09,21.21,7.12,11.18
SERVICE,52.15,2026-06-24,3.99,5.89,4.09,-4.92,16.15,-10.32
STEELCAS,297.95,2026-06-25,-1.97,2.97,4.09,35.51,42.73,36.63
SURYALAXMI,62.5,2026-06-25,5.45,4.85,4.08,23.32,6.82,-14.03
YUDIZ,28.1,2026-06-24,9.13,20.86,4.07,12.4,4.07,-12.6
63MOONS,669.5,2026-06-25,-1.8,1.39,4.06,32.53,-10.16,-33.0
KEC,528.15,2026-06-25,-3.13,3.0,4.06,-3.95,-28.76,-42.71
SMALL250,17.7,2026-06-25,-0.67,2.14,4.06,18.39,6.43,
SCODATUBES,144.05,2026-06-25,-3.05,9.59,4.01,9.39,-9.97,-28.31
TEAMLEASE,1450.2,2026-06-25,0.09,3.24,4.0,19.49,-7.76,-28.49
EXICOM,158.07,2026-06-25,-10.28,-2.17,4.0,86.29,33.81,-22.11
SHEETAL,296.35,2026-06-24,-0.05,1.84,3.98,26.65,95.55,152.97
HDFCSML250,177.91,2026-06-25,-1.17,2.11,3.98,18.11,6.37,1.28
KCP,170.57,2026-06-25,-3.77,2.06,3.96,26.35,-5.52,-16.71
FAIRCHEMOR,634.4,2026-06-25,1.3,4.45,3.95,34.07,-8.99,-32.17
NIRAJ,30.03,2026-06-25,-7.51,0.07,3.95,28.88,-27.02,-46.04
CELEBRITY,7.89,2026-06-25,-2.35,3.41,3.95,13.69,-13.49,-42.7
LAXMICOT,15.03,2026-06-25,-2.4,5.85,3.94,14.3,-21.6,-46.57
MOSMALL250,17.73,2026-06-25,-1.17,2.01,3.93,18.04,6.17,1.37
SUYOG,804.75,2026-06-25,-1.97,9.77,3.91,27.21,30.78,-8.35
BASF,3652.4,2026-06-25,2.23,5.93,3.91,7.51,-6.58,-26.73
INDTERRAIN,33.47,2026-06-25,1.42,1.49,3.91,15.81,-5.4,-13.09
KOHINOOR,25.84,2026-06-25,0.31,1.1,3.9,16.61,-8.66,-29.05
COOLCAPS,25.35,2026-06-24,-6.11,-6.11,3.89,-10.9,-63.66,-96.84
SUNTV,513.5,2026-06-25,-2.13,-0.82,3.88,-15.72,-10.29,-11.59
ABCOTS,225.22,2026-06-25,-8.0,-8.57,3.87,-44.44,-45.62,-48.11
SAILIFE,1221.3,2026-06-25,1.61,1.11,3.86,20.64,35.59,60.88
QUINTEGRA,1.35,2026-06-24,0.0,0.0,3.85,8.0,-6.9,-22.41
AMBICAAGAR,24.55,2026-06-25,0.45,-2.35,3.85,5.55,-3.42,-15.64
GANESHBE,103.64,2026-06-25,-4.71,-1.7,3.84,29.0,25.62,3.46
TATACOMM,1991.9,2026-06-25,-3.39,3.94,3.82,38.64,13.47,20.2
STLNETWORK,27.25,2026-06-25,-4.85,-3.51,3.81,50.47,22.25,
BEPL,99.01,2026-06-25,-5.58,-0.43,3.79,15.91,10.94,-10.91
GLOBALPET,145.0,2026-06-24,0.0,-4.61,3.79,66.67,23.93,15.08
MUFIN,128.1,2026-06-25,-2.87,3.8,3.78,24.2,10.89,77.5
ROSSELLIND,57.64,2026-06-25,1.26,5.72,3.78,27.78,12.91,-16.62
PREMEXPLN,741.45,2026-06-25,-2.28,8.51,3.76,73.78,44.0,27.57
NIITMTS,227.43,2026-06-25,-4.1,6.39,3.73,-20.88,-47.42,-31.98
ITI,301.6,2026-06-25,-3.1,-0.05,3.73,15.73,-3.67,-6.71
CAMS,798.3,2026-06-25,-2.54,2.7,3.72,23.98,5.55,-3.97
GTLINFRA,1.4,2026-06-25,-7.28,-10.26,3.7,37.25,14.75,-25.13
SONATSOFTW,284.25,2026-06-25,-4.26,9.18,3.7,24.81,-20.52,-29.78
VARDHACRLC,44.6,2026-06-25,-0.11,-0.71,3.67,46.13,19.28,-1.17
INGERRAND,4489.8,2026-06-25,-4.37,3.78,3.66,23.58,32.77,20.87
AARNAV,24.49,2026-06-25,0.25,-0.81,3.64,-0.53,,
RBZJEWEL,128.61,2026-06-25,-4.19,-7.49,3.64,11.45,-11.58,-11.64
RAIN,185.49,2026-06-25,-3.76,-10.73,3.64,69.1,43.56,26.35
DGCONTENT,27.73,2026-06-25,0.43,5.68,3.62,17.95,-13.96,-37.91
SCANSTL,39.81,2026-06-25,5.04,6.02,3.62,,,
FOSECOIND,5191.4,2026-06-25,-0.13,2.2,3.62,3.31,4.48,7.62
GSTL,18.6,2026-06-24,-3.63,-5.34,3.62,-47.16,26.53,66.07
METROPOLIS,543.35,2026-06-25,0.53,3.32,3.59,24.07,15.39,27.75
SHAILY,2849.7,2026-06-25,3.07,-3.34,3.59,25.68,22.13,69.77
NAZARA,300.65,2026-06-25,0.03,3.33,3.58,32.24,25.66,-8.8
VILAS,390.2,2026-06-24,-3.42,-0.42,3.58,7.39,-5.04,-34.0
GROWWHOSPI,53.19,2026-06-25,0.57,2.35,3.58,15.86,,
ATALREAL,31.06,2026-06-25,2.34,1.94,3.57,38.23,21.61,59.69
ARIHANTACA,466.0,2026-06-24,0.22,-0.64,3.56,-4.9,-2.92,69.9
NDTV,81.08,2026-06-25,-2.12,-0.92,3.56,17.03,-13.39,-48.58
ENRIN,3685.8,2026-06-25,-4.6,3.8,3.55,32.99,42.24,31.75
NETWORK18,32.63,2026-06-25,-4.37,0.28,3.55,6.95,-25.21,-47.22
BALAMINES,1989.0,2026-06-25,-6.34,-5.65,3.55,87.73,76.69,19.65
MCCHRLS-B,700.7,2026-06-25,1.17,4.72,3.54,,,
AKIKO,283.0,2026-06-24,-3.74,9.69,3.53,38.05,9.27,253.75
ABB,6993.0,2026-06-25,-3.65,1.02,3.52,13.02,34.64,17.91
STALLION,182.05,2026-06-25,-8.06,-5.67,3.51,64.59,-13.87,132.95
EVINDIA,31.66,2026-06-25,0.51,0.92,3.5,13.52,0.51,8.5
LICI,423.35,2026-06-25,-2.06,6.8,3.49,10.94,1.48,-7.68
HARSHA,416.25,2026-06-25,-4.61,-0.85,3.49,24.2,10.29,5.76
SUTLEJTEX,37.28,2026-06-25,-0.19,-0.82,3.47,33.05,14.64,-6.57
ACEINTEG,20.86,2026-06-25,-0.95,3.22,3.47,21.63,-5.22,-18.29
UNIONBANK,174.71,2026-06-25,-1.08,1.99,3.46,-3.11,15.89,25.18
AUBANK,1033.85,2026-06-25,-1.07,0.02,3.46,13.56,6.14,28.26
IKS,1704.3,2026-06-25,0.84,1.74,3.45,28.77,-2.6,6.72
GROWWEV,31.61,2026-06-25,0.57,0.96,3.44,13.3,0.77,8.11
PRICOLLTD,586.7,2026-06-25,2.23,0.93,3.44,7.86,-7.06,32.31
ARKADE,123.12,2026-06-25,2.74,7.22,3.4,18.33,-10.29,-36.33
AGUL,63.9,2026-06-24,0.0,0.0,3.4,-12.35,3.06,26.79
VAISHALI,7.29,2026-06-25,-1.49,1.67,3.4,27.23,-21.53,-39.8
VSSL,282.9,2026-06-25,1.09,-0.61,3.36,22.28,-0.81,7.07
PRINCEPIPE,280.55,2026-06-25,-2.25,0.32,3.35,21.82,12.35,-18.06
SELECTIPO,44.91,2026-06-25,-0.2,2.07,3.34,12.21,-3.75,-7.38
ADSL,128.25,2026-06-25,4.22,6.88,3.33,29.27,-17.86,-29.39
ZUARIIND,260.65,2026-06-25,-4.4,3.58,3.33,13.92,-16.94,-9.65
ELPROINTL,172.19,2026-06-25,0.26,1.83,3.32,,,
EXXARO,6.85,2026-06-25,-1.01,-0.58,3.32,1.33,-15.01,-20.99
BSL,127.38,2026-06-25,0.49,3.31,3.31,9.49,-17.19,-2.69
MONARCH,337.75,2026-06-25,-4.77,-0.16,3.3,32.55,9.94,5.31
JSWENERGY,573.5,2026-06-25,-1.47,1.28,3.3,16.42,18.81,13.34
GEECEE,342.25,2026-06-25,-3.14,5.88,3.29,34.45,3.2,-11.06
HISARMETAL,155.66,2026-06-25,-1.9,-2.62,3.28,9.69,-3.28,-19.54
NECCLTD,16.05,2026-06-25,-4.75,-6.2,3.28,32.21,-13.38,-33.43
SERVOTECH,98.45,2026-06-25,-4.27,-5.1,3.27,40.04,25.29,-34.28
MOIPO,44.84,2026-06-25,-1.26,2.14,3.25,11.51,-5.1,
AJANTPHARM,3180.4,2026-06-25,-0.29,4.13,3.21,10.43,16.31,24.4
VIYASH,269.3,2026-06-25,-0.7,7.74,3.2,39.02,25.92,38.82
BDL,1368.4,2026-06-25,-2.72,13.12,3.19,15.75,-7.29,-24.3
BBETF0432,1343.79,2026-06-25,0.57,0.97,3.18,3.25,2.81,4.98
TITAN,4291.3,2026-06-25,-1.86,0.18,3.18,6.24,9.77,17.85
SRGHFL,296.5,2026-06-25,0.56,7.41,3.18,26.28,6.58,-3.75
RISHABH,567.4,2026-06-25,-3.03,2.18,3.18,46.6,44.36,98.84
VISAKAIND,75.44,2026-06-25,-3.25,1.51,3.17,32.81,10.51,-9.08
LAOPALA,180.18,2026-06-25,-0.69,0.59,3.17,-0.39,-11.49,-27.93
SUPERHOUSE,159.64,2026-06-25,1.72,5.04,3.17,19.59,8.55,-6.69
YCCL,9.8,2026-06-24,0.51,-3.92,3.16,-2.97,-20.0,-23.44
PLADAINFO,11.45,2026-06-24,0.0,0.0,3.15,20.53,-30.4,-38.11
TNPETRO,94.0,2026-06-25,3.14,4.39,3.15,14.11,-10.59,-4.73
MAHLOG,368.0,2026-06-25,-0.45,5.69,3.14,-0.58,11.97,9.4
EDUCOMP,0.99,2026-06-24,0.0,4.21,3.13,2.06,-16.81,-48.17
EBBETF0433,1304.73,2026-06-25,0.46,0.85,3.13,3.3,2.71,4.46
EVIETF,31.57,2026-06-25,0.0,0.86,3.1,12.95,0.13,8.15
WHEELS,1674.4,2026-06-25,3.51,4.72,3.1,54.57,94.33,122.17
TEXMOPIPES,46.18,2026-06-25,1.74,-0.11,3.08,21.65,-5.47,-27.72
CONSUMER,11.39,2026-06-25,-0.44,1.7,3.08,11.12,-4.53,-3.39
ALKYLAMINE,1788.7,2026-06-25,-1.89,-0.88,3.07,30.51,12.19,-23.0
SKYGOLD,499.15,2026-06-25,-1.49,-6.46,3.06,49.0,51.14,53.44
ROLEXRINGS,148.07,2026-06-25,1.86,5.26,3.06,25.05,15.49,-2.71
GANDHAR,175.15,2026-06-25,-0.38,10.52,3.04,35.38,19.3,1.65
KRYSTAL,600.7,2026-06-25,-0.78,4.44,3.04,11.15,15.54,1.5
SAMBHV,110.69,2026-06-25,-1.88,1.39,3.04,16.16,10.05,
CHALET,818.95,2026-06-25,-0.62,9.29,3.03,10.76,-6.2,-10.76
SITINET,0.34,2026-06-25,0.0,-5.56,3.03,9.68,-12.82,-29.17
AVAILFC,157.73,2026-06-03,0.88,0.44,3.02,,,
GTL,7.84,2026-06-25,-4.39,-8.3,3.02,28.31,-3.21,-29.18
ETERNAL,255.15,2026-06-25,-3.22,1.25,3.02,5.36,-10.43,-1.43
AIIL,518.0,2026-06-25,-5.81,-7.28,3.01,-1.65,-11.36,-4.77
IPCALAB,1618.3,2026-06-25,1.31,2.7,3.01,3.08,14.39,19.36
WONDERLA,495.8,2026-06-25,1.43,1.83,3.01,-2.25,-3.78,-22.43
MADHAVIPL,8.59,2026-06-25,-4.77,-8.13,3.0,,,
BRIGHOTEL,63.54,2026-06-25,-4.24,-0.56,3.0,11.26,-9.71,
SCI,311.8,2026-06-25,-3.41,0.34,2.99,33.62,44.92,47.18
EBBETF0431,1432.41,2026-06-25,0.54,0.65,2.97,3.21,2.84,5.1
ASTERDM,769.05,2026-06-25,-2.63,-2.24,2.97,18.47,29.34,30.77
CENTRALBK,32.2,2026-06-25,-2.51,1.04,2.97,-4.08,-11.09,-14.07
ANANTRAJ,522.55,2026-06-25,-1.83,-2.75,2.97,14.66,-7.81,-7.61
BAJAJCON,578.45,2026-06-25,-6.66,-2.35,2.96,60.68,117.5,179.05
KHAITANLTD,138.42,2026-06-25,8.01,8.94,2.96,34.15,40.3,13.26
GENUSPOWER,334.0,2026-06-25,3.37,4.15,2.93,42.37,9.62,-10.4
TARACHAND,57.12,2026-06-25,-0.52,0.74,2.92,-1.86,-26.66,-8.84
ANIKINDS,45.6,2026-06-25,-2.27,3.59,2.91,24.73,-12.34,-58.54
LGBBROSLTD,1587.4,2026-06-25,1.43,2.64,2.9,-8.25,-13.89,28.5
BFSI,27.79,2026-06-25,0.94,1.83,2.89,7.26,-2.49,0.8
TVSMOTOR,3569.7,2026-06-25,2.32,3.19,2.89,1.1,-2.27,22.81
GOODYEAR,761.55,2026-06-25,-0.2,2.08,2.89,-40.21,-40.21,-40.21
HDFCBANK,796.3,2026-06-25,1.26,4.13,2.87,3.47,-18.83,-17.14
RMDRIP,19.5,2026-06-25,-0.41,0.05,2.85,-11.26,-57.69,-40.2
ASCOM,256.95,2026-06-24,9.48,9.48,2.84,11.09,112.36,204.62
CGRAPHICS,143.2,2026-06-24,-1.78,-2.22,2.84,-0.35,-27.86,-29.41
PRUDMOULI,16.0,2026-06-25,-2.14,3.9,2.83,28.31,-25.48,-61.28
CONTROLPR,640.05,2026-06-25,-0.6,3.67,2.82,5.26,-8.73,-17.67
DCBBANK,186.15,2026-06-25,-0.57,0.83,2.82,8.3,8.13,32.3
VEEDOL,1467.8,2026-06-25,-0.76,2.11,2.82,11.22,-11.33,-8.69
SML100CASE,10.62,2026-06-25,-0.93,1.63,2.81,18.05,6.31,
CIPLA,1440.1,2026-06-25,1.72,4.26,2.81,16.81,-2.85,-2.71
ASIANENE,368.3,2026-06-25,-1.6,1.33,2.81,39.8,24.66,22.81
REDTAPE,136.9,2026-06-25,0.89,0.78,2.8,18.86,10.45,6.04
ASKAUTOLTD,464.8,2026-06-25,-0.68,2.83,2.79,4.65,-6.72,-6.95
JKTYRE,397.15,2026-06-25,-3.25,1.44,2.77,-2.38,-21.91,12.39
S&SPOWER,378.5,2026-06-25,-0.7,0.71,2.76,11.95,38.79,3.68
STYRENIX,2334.4,2026-06-25,-2.07,7.23,2.73,21.27,17.63,-25.83
HGS,420.25,2026-06-25,-3.03,-1.95,2.73,16.88,-6.94,-22.41
VHL,3562.4,2026-06-25,-3.27,2.47,2.73,13.33,-0.6,-11.13
SNXT50BETA,93.73,2026-06-25,0.26,2.64,2.73,11.31,0.6,
FIBERWEB,30.11,2026-06-25,0.87,4.33,2.73,-13.55,-16.34,-38.76
CIFL,25.67,2026-06-25,0.86,4.22,2.72,3.18,-32.71,-39.02
BATAINDIA,715.1,2026-06-25,-2.18,5.12,2.71,8.34,-24.69,-40.7
BBL,2820.8,2026-06-25,-2.71,1.01,2.68,26.4,3.43,-9.49
JETFREIGHT,20.86,2026-06-25,-5.57,-3.34,2.66,21.99,16.28,47.94
ZYDUSLIFE,1101.4,2026-06-25,1.46,1.22,2.65,21.88,20.0,14.29
AMBER,7659.0,2026-06-25,-3.13,0.51,2.65,13.53,15.0,12.03
JUSTDIAL,537.7,2026-06-25,-2.08,-0.43,2.65,4.2,-26.41,-41.48
MOLOWVOL,37.71,2026-06-25,2.58,4.03,2.64,7.07,-3.18,-0.05
GILT5YBEES,65.95,2026-06-25,0.67,0.76,2.63,2.92,3.87,5.74
MIDWESTLTD,1289.8,2026-06-25,-0.81,0.8,2.63,0.89,-20.65,
DATAMATICS,799.8,2026-06-25,-0.89,0.91,2.62,11.95,-5.28,29.42
VENTIVE,643.9,2026-06-25,-0.79,-1.48,2.59,2.83,-10.51,-7.61
LLOYDSENT,73.17,2026-06-25,-5.82,5.43,2.59,64.46,8.13,-6.27
SHALPAINTS,52.11,2026-06-25,-3.39,-0.91,2.56,25.32,-6.68,-46.82
VIAZ,64.9,2026-06-24,1.56,4.51,2.53,3.84,-2.41,20.19
EKC,120.14,2026-06-25,-4.79,6.92,2.51,16.45,4.02,-12.66
LEMONTREE,119.69,2026-06-25,0.79,8.19,2.51,11.21,-26.5,-13.75
ANUHPHR,78.2,2026-06-25,-0.74,0.44,2.5,9.95,0.04,-23.83
JGCHEM,416.8,2026-06-25,-5.83,-3.06,2.5,24.49,14.32,2.59
PAYTM,1124.8,2026-06-25,3.26,0.3,2.5,5.53,-15.09,25.72
ZEEMEDIA,8.23,2026-06-25,-5.07,-4.08,2.49,11.82,-13.37,-44.58
SOLARA,568.05,2026-06-25,-3.17,-5.51,2.49,24.4,1.75,-10.6
3PLAND,31.64,2026-06-25,-3.27,-0.09,2.49,1.61,-14.56,-37.27
JKCEMENT,5577.0,2026-06-25,1.88,7.74,2.49,5.99,-2.02,-7.33
GAIL,172.85,2026-06-25,-2.51,-1.46,2.48,24.17,4.23,-2.56
EICHERMOT,7598.0,2026-06-25,-0.54,-0.35,2.48,8.66,3.9,38.03
LUPIN,2343.5,2026-06-25,0.15,3.1,2.46,-0.17,11.22,21.85
LICNETFGSC,29.36,2026-06-25,1.0,0.86,2.44,2.55,2.16,3.53
SETF10GILT,263.86,2026-06-25,0.57,1.25,2.43,2.49,1.55,2.13
BANDHANBNK,201.76,2026-06-25,-3.15,-4.32,2.43,31.51,37.88,11.88
MIDSELIETF,18.95,2026-06-25,-1.04,1.55,2.43,15.34,2.1,7.49
RAJRATAN,433.5,2026-06-25,-6.57,-4.9,2.42,17.27,-8.17,5.87
SARVESHWAR,3.82,2026-06-25,-3.05,6.11,2.41,34.04,-13.57,-46.94
PSB,24.63,2026-06-25,-1.76,2.58,2.41,8.22,-8.17,-18.73
LGEINDIA,1571.3,2026-06-25,-2.22,2.75,2.4,4.0,2.33,
MAXIND,159.04,2026-06-25,-4.87,0.26,2.4,14.56,-14.75,-16.4
ASPIRE,15.1,2026-06-24,4.86,11.85,2.37,37.9,-16.8,-58.8
GCSL,411.95,2026-06-25,-4.41,-4.52,2.36,16.11,12.25,
BANKINDIA,144.72,2026-06-25,-0.94,-1.03,2.35,-0.04,6.92,28.67
RAJPALAYAM,834.0,2026-06-25,0.1,-1.48,2.35,,,
TAC,398.65,2026-06-24,2.38,6.88,2.35,-4.38,-48.14,-61.11
GOYALALUM,6.97,2026-06-25,-1.55,-1.13,2.35,18.34,2.2,-14.48
NAVINFLUOR,7609.0,2026-06-25,0.49,4.42,2.32,22.53,29.69,62.35
GRETEX,265.0,2026-06-24,0.0,1.15,2.32,-7.67,39.47,8.16
UJJIVANSFB,56.14,2026-06-25,-0.99,-1.42,2.31,3.03,5.92,13.71
CENTENKA,517.9,2026-06-25,-4.87,3.9,2.31,28.93,17.73,3.57
POLYSIL,144.55,2026-06-24,4.75,5.28,2.3,-5.49,-51.98,113.04
PARKHOSPS,285.5,2026-06-25,-1.3,4.77,2.3,42.67,92.44,
MASKINVEST,152.4,2026-06-25,-3.97,2.97,2.28,13.55,-5.66,-4.15
MOGSEC,64.92,2026-06-25,0.95,0.74,2.28,2.53,3.29,5.41
BPL,56.6,2026-06-25,-5.4,7.87,2.28,27.45,-9.02,-38.28
EBBETF0430,1599.97,2026-06-25,0.21,0.43,2.27,2.41,2.77,5.37
DRAGARWQ,5059.5,2026-06-25,0.51,1.18,2.25,,,
TIMETECHNO,182.08,2026-06-25,3.11,2.68,2.25,7.84,-1.82,-19.35
MEDIORG,25.0,2026-06-24,4.17,22.85,2.25,19.05,-2.15,-47.7
ROML,46.73,2026-06-25,0.19,2.3,2.25,14.14,-9.01,-18.18
VAIBHAVGBL,232.9,2026-06-25,-2.87,-3.24,2.24,19.74,-1.41,0.04
APOLLOHOSP,8592.0,2026-06-25,1.45,1.46,2.24,13.34,19.96,22.33
LANCORHOL,24.69,2026-06-25,-1.48,-4.78,2.24,16.46,-1.24,9.2
CAPITALSFB,280.1,2026-06-25,-0.94,-1.75,2.23,28.99,8.32,-0.82
CYBERTECH,151.12,2026-06-25,2.14,9.28,2.23,42.57,2.25,1.66
CLSL,43.9,2026-06-24,-0.23,4.15,2.21,2.09,-5.59,-11.13
NEXT50ADD,72.61,2026-06-25,-0.49,0.86,2.2,13.7,,
TIMESCAN,42.0,2026-06-24,2.94,-2.21,2.19,-10.26,-17.73,-36.94
CONSUMIETF,120.19,2026-06-25,0.45,2.12,2.19,7.76,-5.07,-0.51
MASFIN,311.95,2026-06-25,-1.78,0.27,2.19,3.38,-2.48,1.58
INDIQUBE,169.82,2026-06-25,-0.19,6.89,2.18,19.78,-15.52,
NEXT50BETA,77.94,2026-06-25,-0.81,1.88,2.18,13.53,5.45,
OBEROIRLTY,1749.2,2026-06-25,3.44,4.78,2.15,16.78,4.86,-11.62
DOMS,2252.1,2026-06-25,-1.19,-0.79,2.14,-3.66,-12.53,-9.92
AUTOBEES,277.27,2026-06-25,0.77,-0.15,2.14,7.48,-2.97,13.94
CIEINDIA,471.3,2026-06-25,-0.5,1.4,2.13,6.14,20.73,6.11
GROWWDEFNC,93.91,2026-06-25,-3.21,2.68,2.12,23.29,20.57,8.14
BECTORFOOD,182.67,2026-06-25,-2.74,-0.71,2.12,-0.89,-20.67,-32.19
WCIL,101.01,2026-06-25,-1.78,3.35,2.11,13.67,-18.34,-8.71
SETFNN50,773.9,2026-06-25,-0.78,0.96,2.1,13.93,5.19,7.89
VINATIORGA,1367.3,2026-06-25,1.61,0.97,2.1,-0.32,-13.9,-30.41
RATNAVEER,180.51,2026-06-25,-3.49,8.82,2.09,28.34,17.32,14.09
SPANDANA,266.8,2026-06-25,1.41,11.89,2.09,28.98,-1.28,-4.25
NXST,159.94,2026-06-24,2.5,3.42,2.08,6.4,4.04,21.97
DAMODARIND,31.36,2026-06-25,1.16,1.98,2.08,40.25,3.09,-12.23
DEFENCE,78.28,2026-06-25,-3.01,2.68,2.07,24.67,,
VASCONEQ,34.73,2026-06-25,-3.42,1.46,2.06,8.7,-25.26,-33.57
NEXT50,743.88,2026-06-25,-0.97,0.77,2.06,13.88,5.15,7.57
AUTOIETF,27.8,2026-06-25,1.2,0.07,2.06,7.71,-2.9,14.26
LTGILTBEES,29.79,2026-06-25,0.61,0.57,2.06,2.34,1.99,3.26
NEXT50ETF,72.78,2026-06-25,-0.42,1.73,2.05,13.52,,
DELHIVERY,464.8,2026-06-25,-3.93,2.48,2.05,8.01,14.45,19.75
ABSLNN50ET,75.74,2026-06-25,-0.93,1.79,2.05,13.69,4.64,7.57
ARTNIRMAN,42.09,2026-06-25,0.62,6.83,2.04,25.9,-12.95,-28.49
EMIL,119.14,2026-06-25,-1.99,8.37,2.03,30.02,14.04,-19.11
HEALTHCARE,20.62,2026-06-25,0.93,3.0,2.03,12.8,,
LTGILTCASE,30.34,2026-06-25,0.66,0.83,2.02,2.12,1.91,
LICNETFSEN,865.14,2026-06-24,-0.23,1.23,2.02,3.82,-10.16,-6.32
IOB,34.47,2026-06-25,-2.57,1.86,2.01,4.3,1.62,-9.65
YATHARTH,837.05,2026-06-25,-1.74,0.92,2.01,29.21,21.43,59.18
GODIGIT,312.65,2026-06-25,-1.67,4.62,2.01,-3.79,-10.12,-11.98
KRISHIVAL,404.6,2026-06-25,-0.02,-0.15,2.0,27.71,13.68,-0.05
SMSPHARMA,376.55,2026-06-25,0.55,-0.38,2.0,-6.92,20.81,57.7
MASTER,346.05,2026-06-24,-1.48,-0.49,2.0,15.79,5.73,-1.07
FLUOROCHEM,3909.2,2026-06-25,1.5,6.08,2.0,20.04,7.53,12.77
GROWWNET,9.23,2026-06-25,-0.97,1.32,1.99,9.36,-12.97,
MONEXT50,72.0,2026-06-25,-1.42,1.28,1.98,13.49,5.17,7.38
BLUEDART,4982.3,2026-06-25,-0.22,1.59,1.97,-1.47,-8.41,-20.47
PGINVIT,93.78,2026-06-24,-0.12,-0.09,1.97,7.5,11.59,17.98
ABGSEC,113.09,2026-06-25,0.15,0.62,1.97,1.47,1.88,2.77
GIPCL,159.54,2026-06-25,-2.71,-1.8,1.96,20.82,2.29,-22.28
JUNIORBEES,779.65,2026-06-25,-0.91,0.81,1.94,13.61,5.16,7.53
BABAFP,26.5,2026-06-24,9.28,33.84,1.92,14.97,-16.54,-30.72
NEXT50IETF,76.12,2026-06-25,-0.82,0.85,1.9,13.51,5.28,7.5
SMALLCAP,46.42,2026-06-25,-0.71,1.98,1.89,17.7,4.22,-3.13
INTERNET,12.43,2026-06-25,-1.82,1.22,1.89,9.4,-13.13,
POLYCAB,9531.0,2026-06-25,-4.9,0.21,1.89,34.03,25.5,48.68
CONSUMBEES,128.96,2026-06-25,0.23,1.7,1.88,7.92,-5.32,-0.78
JLHL,1375.3,2026-06-25,1.31,3.72,1.88,7.67,-1.65,-3.54
KLBRENG-B,485.7,2026-06-25,-2.28,3.0,1.87,,,
KRITI,70.77,2026-06-25,-2.37,-4.36,1.86,7.86,-18.47,-53.21
RAYMONDREL,624.55,2026-06-25,-5.54,0.95,1.86,60.0,27.5,
SHAHALLOYS,71.17,2026-06-25,-1.56,6.38,1.85,19.19,1.18,17.46
GRSE,2724.8,2026-06-25,-4.75,2.08,1.84,25.16,11.35,-8.63
GROWWNXT50,72.09,2026-06-25,-1.11,0.35,1.84,12.85,4.58,
RKSWAMY,100.5,2026-06-25,1.35,-0.89,1.83,27.51,-10.13,-47.19
VIPIND,312.45,2026-06-25,-0.76,-3.04,1.82,-3.94,-23.43,-25.81
AXISHCETF,162.83,2026-06-25,1.14,3.13,1.82,10.47,8.58,12.83
DIGISPICE,19.68,2026-06-25,3.2,-3.05,1.81,17.28,-21.31,-14.25
SHREMINVIT,101.7,2026-06-24,0.3,-0.29,1.8,5.4,10.16,13.02
HEALTHX,328.25,2026-06-25,4.04,9.51,1.8,18.27,8.66,5.6
GROWWMOM50,10.87,2026-06-25,-0.64,0.56,1.78,11.6,1.45,-1.99
UNOMINDA,1136.5,2026-06-25,1.77,0.96,1.77,4.66,-11.86,6.19
CHOLAHLDNG,1653.4,2026-06-25,4.05,5.47,1.77,17.93,-13.11,-18.43
PODDARMENT,253.55,2026-06-25,1.04,-1.21,1.77,21.71,-3.57,-21.23
VOLTAS,1302.4,2026-06-25,-3.81,-1.81,1.75,-4.55,-6.32,-0.34
ALOKINDS,12.83,2026-06-25,-2.88,1.1,1.74,1.1,-22.62,-34.37
GSEC10ABSL,112.36,2026-06-25,0.68,0.68,1.74,1.78,2.41,2.57
NCC,153.59,2026-06-25,-3.74,0.62,1.74,9.56,-4.92,-31.78
SANOFICONR,4618.1,2026-06-25,-2.15,-0.66,1.73,11.18,4.48,-9.05
20MICRONS,200.08,2026-06-25,6.19,5.96,1.73,31.92,1.13,-13.22
MODEFENCE,103.0,2026-06-25,-3.67,2.83,1.72,23.18,20.41,8.34
AMJLAND,38.66,2026-06-25,-0.9,2.11,1.71,5.14,-24.62,-40.48
IL&FSTRANS,2.38,2026-06-25,-7.75,-2.46,1.71,17.24,-15.3,-37.04
CMPDI,248.82,2026-06-25,-1.66,3.07,1.7,,,
SBIETFCON,119.5,2026-06-25,-0.14,1.66,1.7,7.73,-5.26,-0.69
SARLAPOLY,99.49,2026-06-25,1.81,1.56,1.7,28.96,10.08,-11.37
ELLEN,269.85,2026-06-25,-5.8,-3.4,1.7,26.64,-21.7,
KOKUYOCMLN,88.48,2026-06-25,-3.17,1.36,1.7,19.78,-1.69,-33.68
AAATECH,95.16,2026-06-25,0.01,-1.37,1.69,3.48,0.11,14.48
MANOMAY,185.19,2026-06-25,-2.06,-0.26,1.69,-20.02,-9.29,9.8
EIHOTEL,326.45,2026-06-25,-1.12,5.46,1.68,8.98,-10.25,-9.82
HTMEDIA,22.38,2026-06-25,-2.4,-0.22,1.68,10.25,-2.86,7.65
MOKSH,12.14,2026-06-25,2.53,1.0,1.68,19.84,-19.66,-17.97
GALLANTT,711.15,2026-06-25,-4.13,5.35,1.67,31.76,35.69,30.43
WAAREEINDO,404.7,2026-06-25,-3.79,3.78,1.66,-0.27,-18.22,92.12
RANASUG,12.84,2026-06-25,-1.0,-0.47,1.66,14.54,2.39,-21.61
DHANLAXMI,30.55,2026-06-24,8.33,5.34,1.66,31.68,0.16,-35.28
SIGMA,39.02,2026-06-25,2.15,-3.39,1.64,-3.44,-31.17,2.67
BIRLANU,1377.2,2026-06-25,-2.69,-1.09,1.64,5.55,-8.64,-38.49
ROUTE,525.0,2026-06-25,-2.78,-0.28,1.64,14.22,-25.24,-45.99
PDMJEPAPER,84.12,2026-06-25,-0.04,1.94,1.63,17.01,-11.96,-27.11
MPSLTD,1815.1,2026-06-25,0.78,0.14,1.63,20.41,-10.36,-33.43
MANINDS,569.15,2026-06-25,-5.36,-0.68,1.62,64.57,43.42,38.94
SHARDUL,29.03,2026-06-25,2.58,5.1,1.61,,,
GSEC10IETF,262.74,2026-06-25,0.14,1.16,1.61,1.56,1.06,1.83
MULTICAP,16.49,2026-06-25,-0.72,1.23,1.6,10.15,-0.54,1.17
MOHEALTH,49.04,2026-06-25,1.05,3.22,1.6,13.2,9.81,11.63
DIXON,12013.0,2026-06-25,-2.62,0.47,1.6,15.34,-4.88,-15.15
ARSSBL,541.15,2026-06-25,-3.59,-0.82,1.59,19.17,-16.79,
WEL,97.28,2026-06-25,3.34,3.15,1.59,-25.12,-34.16,-39.7
INFOBEAN,157.85,2026-06-25,-0.04,-8.25,1.58,14.18,-16.72,64.32
CRISIL,4089.9,2026-06-25,-3.19,2.71,1.57,4.05,-3.78,-30.14
DODLA,1108.7,2026-06-25,-2.44,1.21,1.57,5.77,-9.71,-20.73
CHEMCON,189.1,2026-06-25,-3.61,-2.91,1.56,38.94,-3.01,-1.22
LAHOTIOV,44.27,2026-06-25,-3.38,-1.38,1.56,,,
HDFCNEXT50,73.43,2026-06-25,-1.12,0.33,1.56,13.02,4.51,7.13
MAHEPC,121.12,2026-06-25,0.95,7.09,1.55,13.32,-4.04,-17.04
CONS,11.87,2026-06-25,-0.34,1.02,1.54,7.71,-90.57,-90.08
HEALTHIETF,163.68,2026-06-25,1.04,2.85,1.53,9.78,8.32,12.84
URBAN,136.5,2026-06-24,2.55,3.41,1.52,-0.8,-9.0,-12.02
SHREECEM,25735.0,2026-06-25,2.96,3.67,1.5,6.21,-1.57,-11.06
AROGRANITE,25.71,2026-06-25,-2.65,0.67,1.5,18.04,-19.13,-35.55
HEALTHADD,160.91,2026-06-25,0.57,3.17,1.49,9.56,8.19,12.45
MIDQ50ADD,248.41,2026-06-25,-1.55,0.85,1.49,11.68,0.02,-1.67
AXISCETF,118.81,2026-06-25,-0.42,1.29,1.49,7.47,-5.89,-1.11
NATCAPSUQ,157.07,2026-06-25,0.25,2.43,1.49,6.82,-10.59,-28.62
MONTECARLO,556.95,2026-06-25,-1.79,0.98,1.49,9.6,-20.67,-5.88
INFRA,12.31,2026-06-25,-1.76,1.57,1.48,15.26,,
RCF,132.62,2026-06-25,-3.18,2.96,1.48,15.08,-5.35,-14.68
VSTIND,261.1,2026-06-25,-0.55,0.48,1.48,20.43,2.25,-7.29
TAJGVK,333.0,2026-06-25,-2.7,-0.43,1.46,6.46,-19.52,-17.81
HINDPETRO,409.25,2026-06-25,4.07,1.89,1.46,18.97,-13.06,3.97
BSLSENETFG,77.7,2026-06-25,0.28,-0.36,1.45,2.87,-9.07,-5.34
MOM30IETF,31.74,2026-06-25,-0.44,0.57,1.44,8.7,-0.72,-1.64
DYNPRO,235.2,2026-06-25,1.31,1.44,1.44,6.89,-13.26,-17.73
MOALPHA50,53.31,2026-06-25,-1.19,1.16,1.43,12.8,4.9,
DRREDDY,1350.5,2026-06-25,4.63,5.55,1.43,3.83,6.69,1.3
GSEC5IETF,65.98,2026-06-25,0.61,0.37,1.43,2.64,3.76,5.25
CASTROLIND,185.37,2026-06-25,-0.49,-0.09,1.43,4.12,0.7,-8.23
HEALTHY,16.4,2026-06-25,1.11,2.89,1.42,10.14,8.32,12.71
HERITGFOOD,336.8,2026-06-25,2.43,4.84,1.42,7.45,-26.48,-30.74
RAMCOCEM,919.1,2026-06-25,3.69,0.86,1.4,-0.99,-13.33,-11.71
VGL,66.03,2026-06-25,-5.21,-12.0,1.4,31.27,-9.83,-10.29
GODREJCP,1034.6,2026-06-25,1.48,-0.21,1.39,0.01,-12.41,-11.14
ASHIANA,385.05,2026-06-25,-0.81,5.75,1.38,28.61,31.43,10.93
M&M,3182.2,2026-06-25,3.88,1.53,1.38,1.73,-12.5,-0.24
MRPL,153.93,2026-06-25,-0.29,-8.89,1.38,-17.3,7.62,11.29
DELTAMAGNT,60.82,2026-06-25,-1.89,2.39,1.37,16.25,-11.68,-35.94
SGFIN,587.15,2026-06-25,-0.89,-2.17,1.37,36.55,45.44,
SENSEXIETF,886.15,2026-06-25,0.4,1.68,1.37,2.96,-9.19,-5.47
ADVANIHOTR,53.24,2026-06-25,-0.89,0.95,1.37,8.63,-3.72,-9.83
MAXESTATES,443.9,2026-06-25,-3.23,1.72,1.36,25.54,-1.48,-12.58
TCI,928.65,2026-06-25,-1.87,-2.09,1.35,-1.05,-12.44,-17.61
SCHAEFFLER,4157.6,2026-06-25,-3.77,2.88,1.34,3.17,10.96,6.65
MTNL,30.15,2026-06-25,-5.81,-3.21,1.34,22.16,-18.18,-43.23
EMBDL,63.71,2026-06-25,3.04,3.66,1.34,45.76,3.39,-49.83
HDFCMOMENT,31.41,2026-06-25,-0.44,0.06,1.32,8.12,-0.88,-1.69
TRF,246.37,2026-06-25,5.97,4.83,1.32,7.21,-19.02,-36.12
IKIO,156.43,2026-06-25,-4.27,-3.66,1.3,34.59,-14.92,-26.25
BAJAJST,416.5,2026-06-25,1.93,11.65,1.29,,,
HDFCBSE500,37.11,2026-06-25,-4.28,1.03,1.28,7.72,-2.93,-0.3
IDEAFORGE,824.75,2026-06-25,-7.44,-4.64,1.23,103.87,71.79,37.14
CHAMBLFERT,469.05,2026-06-25,-3.73,-1.07,1.21,8.49,-0.94,-14.58
INDIANB,832.6,2026-06-25,-3.31,-2.0,1.21,-6.46,9.41,37.0
SUNPHARMA,1862.8,2026-06-25,-0.01,3.15,1.21,3.75,7.94,12.67
APLLTD,771.5,2026-06-25,-1.18,4.57,1.21,11.14,-10.0,-19.74
AONETOTAL,11.76,2026-06-25,-0.51,1.29,1.2,8.59,-2.41,0.05
MONIFTY500,23.65,2026-06-25,-0.13,1.11,1.2,7.94,-2.67,0.21
IRIS,266.6,2026-06-25,-3.77,14.0,1.19,13.17,-12.65,1.39
PRAKASH,142.97,2026-06-25,-1.54,-5.41,1.19,17.45,5.07,-11.49
ARIHANTCAP,69.53,2026-06-25,-3.12,-3.42,1.19,3.87,-24.79,-19.31
MOMENTUM,31.5,2026-06-25,-0.54,-0.06,1.19,8.66,-1.04,-1.96
FOODSIN,55.96,2026-06-25,0.83,-0.09,1.19,5.39,-19.48,-54.94
PHARMABEES,25.63,2026-06-25,0.95,3.14,1.18,10.09,9.95,15.4
DCMNVL,150.3,2026-06-25,1.55,-4.56,1.18,44.97,19.11,-15.59
LICHSGFIN,549.85,2026-06-25,0.25,-0.72,1.18,10.79,1.93,-8.28
MNC,33.33,2026-06-25,-1.22,0.36,1.18,8.64,7.52,14.97
ALPHA,51.4,2026-06-25,-2.17,0.37,1.16,13.49,5.31,0.65
PETRONET,282.25,2026-06-25,-1.48,-1.28,1.15,14.27,1.59,-0.2
AXISBPSETF,13.33,2026-04-29,0.0,0.23,1.14,1.76,2.54,5.88
MUFTI,87.46,2026-06-25,-3.95,-1.51,1.13,23.27,-13.28,-46.83
TOP15IETF,9.88,2026-06-25,0.82,1.02,1.13,2.6,-11.15,
MOMNC,32.32,2026-06-25,-0.71,0.03,1.13,11.29,6.91,
HDFCNIF100,25.98,2026-06-25,-0.23,0.89,1.13,5.65,-5.46,-1.55
CEINSYS,913.0,2026-06-25,-1.53,-1.95,1.12,-10.97,,
WORTHPERI,130.52,2026-06-25,-1.21,0.42,1.12,-0.16,-6.51,-10.47
IGPL,450.05,2026-06-25,-0.57,3.15,1.12,27.26,13.38,-0.22
JBCHEPHARM,2243.9,2026-06-25,1.71,1.18,1.12,8.06,24.95,26.72
MONIFTY100,25.3,2026-06-25,0.12,1.61,1.12,5.55,-5.42,
SENSEXBETA,850.77,2026-06-25,-0.0,1.71,1.12,2.53,-9.58,
ESENSEX,77.44,2026-06-25,0.28,1.14,1.11,2.73,-9.32,
AVTNPL,70.09,2026-06-25,-1.41,-3.32,1.1,20.51,5.93,7.81
ANDHRAPAP,63.61,2026-06-25,0.62,2.98,1.1,3.31,-5.38,-22.65
MOMOMENTUM,63.1,2026-06-25,-0.32,0.38,1.09,8.42,-1.14,-2.23
UNIENTER,108.69,2026-06-25,-0.39,0.05,1.09,14.17,-25.06,-29.59
EFCIL,186.08,2026-06-25,-4.11,-2.34,1.09,-3.08,-38.58,
SENSEXETF,79.43,2026-06-25,0.21,1.38,1.08,2.94,-9.32,-5.63
AGROPHOS,30.32,2026-06-25,-2.7,-1.59,1.07,0.76,-23.88,-14.32
GUJTHEM,393.5,2026-06-25,-2.19,2.18,1.07,46.75,-10.12,14.6
MOMENTUM50,53.65,2026-06-25,-0.68,0.39,1.07,11.52,1.0,-2.44
MOMENTUM30,31.19,2026-06-25,-0.35,-0.16,1.07,8.37,-0.76,
SPCENET,3.85,2026-06-25,-0.77,14.93,1.06,10.94,-44.53,-45.55
SENSEXADD,79.32,2026-06-25,0.1,1.13,1.06,3.01,-9.16,-5.78
BSE500IETF,38.94,2026-06-25,-0.51,0.8,1.04,7.36,-3.47,-0.49
ASAL,519.05,2026-06-25,-3.77,2.96,1.04,26.12,7.2,-11.35
LXCHEM,155.99,2026-06-25,-4.25,0.7,1.03,31.69,-8.67,-22.54
AGARWALEYE,484.65,2026-06-25,2.63,10.32,1.03,16.59,-4.24,20.6
INDIGOPNTS,1006.25,2026-06-25,-1.15,0.09,1.03,31.39,-12.8,-14.11
PREMIER,2.98,2026-06-25,0.0,1.36,1.02,2.05,2.05,-16.99
LENSKART,508.9,2026-06-25,-1.57,1.91,1.02,2.75,12.59,
ELDEHSG,813.95,2026-06-25,2.89,2.34,1.02,3.04,-12.69,2.93
RPGLIFE,2276.4,2026-06-25,-2.49,-0.93,1.01,18.47,-3.23,-5.87
QUINT,41.51,2026-06-25,-5.16,-3.47,1.0,,,
NIVABUPA,84.79,2026-06-25,-2.32,1.68,0.99,18.77,11.65,3.38
UNIECOM,89.48,2026-06-25,0.16,-2.34,0.99,-0.06,-23.34,-28.37
GSEC10YEAR,29.95,2026-06-25,-0.79,-0.2,0.98,0.84,1.05,2.46
APTUS,265.1,2026-06-25,-2.03,-2.79,0.97,29.11,-5.2,-16.49
21STCENMGM,33.2,2026-06-25,-1.92,3.81,0.97,10.34,-35.8,-46.84
ALPL30IETF,27.27,2026-06-25,-0.04,1.49,0.96,5.29,-2.68,-1.91
NIFTY100EW,34.66,2026-06-25,-2.64,0.99,0.96,10.45,2.09,6.25
GOYALSALT,115.5,2026-06-24,-1.2,-1.45,0.96,6.94,-28.26,-27.36
HDFCSENSEX,87.21,2026-06-25,-0.03,1.36,0.96,2.62,-9.31,-5.8
TOP100CASE,10.52,2026-06-25,-0.28,0.96,0.96,5.73,-5.48,-1.5
LOWVOL,203.03,2026-06-24,-0.25,1.98,0.95,6.56,-6.11,0.54
MUNJALAU,94.16,2026-06-25,-3.96,-3.25,0.95,26.81,16.71,27.38
GROWWNIFTY,9.72,2026-06-25,0.1,1.14,0.93,3.74,,
MOSERVICE,30.64,2026-06-25,-1.98,0.69,0.92,2.82,-9.4,
SOBHA,1408.0,2026-06-25,-0.7,2.42,0.92,15.09,-4.7,-7.5
TIMKEN,3653.7,2026-06-25,-2.85,3.78,0.9,10.42,19.12,8.94
SAKAR,808.05,2026-06-25,-1.31,-4.28,0.88,50.63,90.22,122.45
RAMANEWS,29.06,2026-06-25,-0.14,-2.52,0.87,-6.32,-6.23,-8.7
PNGJL,532.65,2026-06-25,-3.2,-5.03,0.87,-5.74,-13.0,-9.11
NH,1956.8,2026-06-25,2.72,4.51,0.87,15.0,4.3,-4.73
MPHASIS,2263.4,2026-06-25,-0.73,-2.0,0.86,6.16,-21.73,-16.13
MAJESAUT,340.9,2026-06-25,-0.19,1.59,0.86,,,
WAAREEENER,3009.4,2026-06-25,-1.7,-1.36,0.84,-5.3,-2.3,2.34
MIDCAPADD,22.84,2026-06-25,-1.08,0.84,0.84,11.58,2.42,
ENIFTY,24.24,2026-06-25,0.25,1.13,0.83,3.68,-7.16,
ARVEE,165.04,2026-06-25,-3.96,-2.52,0.83,16.85,-35.25,1.85
OMAXE,77.48,2026-06-25,-0.79,-1.17,0.83,9.05,-7.08,-25.61
UDS,181.27,2026-06-25,1.26,-0.3,0.82,27.06,-8.84,-37.47
VISHNU,608.4,2026-06-25,-3.64,1.03,0.82,18.46,11.03,8.85
SRF,2732.9,2026-06-25,0.45,0.46,0.81,6.42,-11.63,-11.0
GLOBALE,12.5,2026-06-25,0.64,1.96,0.81,22.43,2.54,-17.98
AMIRCHAND,127.34,2026-06-25,-3.73,-1.38,0.79,,,
FACT,890.0,2026-06-25,-1.79,-1.77,0.79,12.62,1.69,-14.22
ARVINDFASN,469.25,2026-06-25,-2.04,1.65,0.78,17.33,-9.06,-5.58
GROBTEA,912.1,2026-06-25,-0.88,3.03,0.78,6.08,-8.48,-20.48
GRAVITA,1671.0,2026-06-25,-3.97,0.69,0.78,17.88,-10.54,-5.29
AXSENSEX,79.79,2026-06-25,-0.15,1.06,0.77,2.84,-9.49,-5.56
BEACON,97.8,2026-06-24,5.39,11.14,0.77,31.54,12.09,66.33
GRANULES,764.2,2026-06-25,-1.82,2.1,0.76,21.48,24.79,55.25
RITES,208.88,2026-06-25,-2.26,0.24,0.76,9.18,-13.18,-22.8
AATMAJ,20.0,2026-06-24,0.0,3.36,0.76,-1.48,-19.68,9.59
SLONE,178.35,2026-06-24,41.55,52.44,0.76,0.91,-34.42,-28.96
CAMPUS,237.85,2026-06-25,0.55,0.06,0.76,1.95,-9.04,-16.33
LICNFNHGP,275.6,2026-06-25,0.15,0.95,0.75,5.98,-5.13,-0.56
ALPA,68.5,2026-06-25,1.36,-2.5,0.74,20.85,-12.59,-31.36
SAMMAANCAP,169.81,2026-06-25,-4.81,-6.05,0.74,15.61,20.07,18.33
GOKUL,41.6,2026-06-25,-4.74,1.54,0.73,5.48,8.76,-7.78
NIFTYCASE,9.64,2026-06-25,0.1,1.26,0.73,3.88,-7.31,
PRAENG,21.05,2026-06-25,-0.09,1.06,0.72,7.62,-18.88,-7.76
MRF,129550.0,2026-06-25,-1.53,0.79,0.7,-0.32,-14.45,-6.82
EBBETF0425,1290.83,2025-04-08,0.02,0.23,0.7,1.9,3.85,7.57
GROWWMC150,227.55,2026-06-25,-1.13,0.76,0.67,11.71,2.27,
BALKRISIND,2233.6,2026-06-25,-0.68,1.87,0.65,1.17,-2.68,-6.31
BBTC,1556.7,2026-06-25,-2.05,2.18,0.65,9.8,-15.62,-18.4
INTENTECH,100.26,2026-06-25,-3.79,-4.5,0.65,25.67,-13.56,10.72
KNRCON,134.2,2026-06-25,-3.68,5.4,0.64,15.87,-21.53,-41.75
IVZINNIFTY,2757.21,2026-06-25,0.02,1.19,0.63,3.65,-6.97,-2.92
DCW,48.19,2026-06-25,-4.93,-0.48,0.63,17.05,-21.01,-38.72
DEEPINDS,474.8,2026-06-25,-3.26,-5.76,0.63,11.26,6.05,7.35
LICNETFN50,269.8,2026-06-25,0.2,1.17,0.62,3.9,-7.09,-3.1
LOVABLE,72.84,2026-06-25,-1.85,2.49,0.62,19.02,-10.47,-28.78
KOPRAN,189.63,2026-06-25,-6.91,3.41,0.61,55.89,26.79,5.01
BSLNIFTY,28.18,2026-06-25,0.14,1.29,0.61,3.87,-7.3,-3.26
SBIMIDMOM,63.82,2026-06-25,-1.47,0.0,0.61,11.17,,
SETFNIF50,258.66,2026-06-25,-0.05,1.15,0.6,3.59,-7.39,-3.37
NIFTYETF,261.03,2026-06-25,-0.07,1.02,0.59,3.63,-7.46,-3.46
MCLOUD,27.13,2026-06-25,-5.73,1.76,0.59,26.3,3.79,-62.99
PUNJABCHEM,1031.9,2026-06-25,-2.45,-0.22,0.58,2.22,-15.91,-15.46
TOP20,8.67,2026-06-25,-0.12,0.93,0.58,1.64,,
HUBTOWN,209.79,2026-06-25,4.47,9.45,0.57,9.81,-14.55,-5.02
NIFTY1,266.4,2026-06-25,-0.06,1.14,0.57,3.92,-7.6,-3.32
VESUVIUS,469.05,2026-06-25,-0.11,3.17,0.56,-0.63,-2.1,-17.83
MID150,23.14,2026-06-25,-1.28,1.05,0.56,11.04,2.75,6.05
IRBINVIT,60.81,2026-06-24,-0.59,0.7,0.55,7.03,3.6,9.4
MSCIADD,29.42,2026-06-25,-0.84,1.06,0.55,6.36,,
LRRPL,92.0,2026-06-24,-1.08,2.28,0.55,27.96,21.05,21.13
NETF,260.9,2026-06-25,-0.08,0.88,0.55,3.61,-7.5,-3.47
VIRINCHI,16.86,2026-06-25,-0.06,7.66,0.54,6.78,-30.93,-23.61
TATAINVEST,678.85,2026-06-25,-1.6,0.63,0.54,16.13,-4.18,0.43
BIRET,322.08,2026-06-24,0.01,0.85,0.54,-0.57,-0.11,10.54
NIFTYBEES,273.43,2026-06-25,-0.09,1.03,0.53,3.55,-7.47,-3.52
NORTHARC,288.1,2026-06-25,-3.22,-2.31,0.52,29.19,14.53,18.51
RITCO,265.25,2026-06-25,-2.52,2.93,0.52,41.62,-3.63,-5.34
BAJAJHCARE,304.05,2026-06-25,-4.31,1.62,0.51,-3.14,-28.65,-42.61
PVRINOX,986.4,2026-06-25,0.74,4.51,0.51,3.35,-3.7,2.05
AONENIFTY,9.9,2026-06-25,-0.2,0.92,0.51,3.56,-7.56,-3.7
KTKBANK,265.6,2026-06-25,-3.15,-2.6,0.51,17.27,28.96,31.68
HDFCNIFTY,270.46,2026-06-25,-0.07,1.0,0.5,3.58,-7.55,-3.45
BPCL,309.75,2026-06-25,0.37,-0.27,0.49,8.86,-12.96,3.26
QNIFTY,264.5,2026-06-25,-0.13,1.02,0.49,3.58,-90.75,-90.36
LAGNAM,80.13,2026-06-25,-1.97,-1.26,0.48,25.65,16.4,-24.23
NHPC,79.4,2026-06-25,1.51,6.31,0.48,2.85,3.89,-4.29
RUCHINFRA,6.24,2026-06-25,-1.89,-1.42,0.48,28.93,-3.55,-18.64
SURANASOL,27.13,2026-06-25,-0.18,-0.22,0.48,25.89,-1.52,-23.77
AXISNIFTY,265.71,2026-06-25,-0.12,1.06,0.48,3.94,-7.48,-3.36
CASHIETF,1068.4,2026-06-25,0.08,0.18,0.47,1.27,2.48,5.12
NIFTYIETF,272.14,2026-06-25,-0.09,1.1,0.47,3.62,-7.44,-3.44
LIQUID1,1110.95,2026-06-25,0.08,0.18,0.47,1.28,2.5,5.17
LIQUIDPLUS,1091.85,2026-06-25,0.08,0.18,0.47,1.27,2.49,5.15
MSCIINDIA,29.65,2026-06-25,-0.54,0.54,0.47,6.27,-4.48,-0.84
LIQUIDCASE,114.74,2026-06-25,0.09,0.18,0.46,1.26,2.46,5.08
SBILIQETF,1044.99,2026-06-25,0.08,0.18,0.46,1.26,2.47,
AONELIQUID,1065.74,2026-06-25,0.08,0.18,0.46,1.28,2.48,5.11
NIF100BEES,265.63,2026-06-25,0.05,1.22,0.46,5.05,0.05,0.05
HDFCLIQUID,1066.87,2026-06-25,0.08,0.18,0.46,1.27,2.43,6.44
INFRABEES,978.27,2026-06-25,-0.7,1.27,0.46,6.54,-1.09,3.15
NIFTYBETF,247.24,2026-06-25,-0.31,1.04,0.46,2.92,-7.52,-3.31
ELIQUID,1036.92,2026-06-25,0.08,0.18,0.46,1.28,2.49,
IDFNIFTYET,265.14,2026-06-25,-0.29,0.93,0.45,4.6,-7.63,-3.52
LIQUIDBETF,1087.78,2026-06-25,0.08,0.17,0.45,1.24,2.41,4.97
NIFTYADD,252.53,2026-06-25,-0.38,0.97,0.45,3.58,-7.53,-3.54
LIQUIDADD,1133.09,2026-06-25,0.08,0.17,0.45,1.25,2.45,5.06
ALKEM,5425.0,2026-06-25,1.08,1.71,0.45,-0.19,-1.75,12.85
DIGJAMLMTD,47.0,2026-06-25,5.29,5.4,0.45,17.09,-8.01,41.06
GROWWLIQID,109.67,2026-06-25,0.08,0.17,0.44,1.2,2.33,4.87
LIQGRWBEES,1045.28,2026-06-25,0.08,0.17,0.44,1.2,2.35,
KOTIC,163.32,2026-06-25,-1.1,-3.56,0.44,,,
EQUAL200,13.58,2026-06-25,-1.09,0.74,0.44,9.62,1.13,4.24
LIQUIDSHRI,1110.56,2026-06-25,0.08,0.17,0.44,1.2,2.35,4.89
MID150BEES,234.95,2026-06-25,-1.38,0.54,0.43,11.26,2.63,5.51
MMFL,461.05,2026-06-25,2.13,-1.63,0.42,10.89,27.16,25.5
HIKAL,214.93,2026-06-25,-1.66,14.78,0.41,30.0,-9.66,-41.11
DIGITIDE,86.36,2026-06-25,-1.75,1.97,0.41,5.19,-37.92,-60.47
STEELCITY,77.35,2026-06-25,-1.78,1.07,0.4,2.92,-12.2,-26.01
UBL,1328.8,2026-06-25,-0.81,-1.53,0.4,-17.28,-18.0,-31.06
BEDMUTHA,108.33,2026-06-25,-1.36,-0.32,0.39,-0.64,-4.18,-28.6
ASIANPAINT,2645.2,2026-06-25,-0.22,-2.6,0.39,17.53,-4.21,17.21
NIF100IETF,27.97,2026-06-25,-0.25,0.79,0.39,5.39,-5.86,17.71
INFRAIETF,97.36,2026-06-25,-0.64,0.83,0.39,6.47,-1.33,3.46
MAHSEAMLES,628.4,2026-06-25,-2.22,-0.25,0.38,8.39,13.97,-13.42
MINDTECK,205.49,2026-06-25,-2.06,-2.45,0.38,23.86,-1.67,-11.05
AUTOAXLES,1781.7,2026-06-25,-1.67,1.31,0.37,7.96,-3.39,-0.67
EIHAHOTELS,322.05,2026-06-25,-1.24,4.38,0.37,9.11,-10.1,-13.75
SADBHIN,2.72,2026-06-25,-3.89,-9.63,0.37,14.77,-29.72,-47.79
ETHOSLTD,2436.9,2026-06-25,-0.62,-0.36,0.36,6.72,-18.69,-7.33
HUDCO,208.27,2026-06-25,-1.48,-0.61,0.36,18.44,-2.42,-10.66
MOM50,250.56,2026-06-25,-0.36,0.84,0.35,3.35,-7.78,-3.83
MIDCAPETF,23.26,2026-06-25,-1.23,0.69,0.35,11.67,2.65,5.78
SBINMID150,22.81,2026-06-25,-1.3,1.51,0.35,,,
MOMGF,159.32,2026-06-25,-0.44,0.73,0.34,9.2,4.65,11.65
FINPIPE,176.25,2026-06-25,-1.67,1.88,0.34,8.48,4.32,-17.32
PRSMJOHNSN,117.92,2026-06-25,-3.14,-1.51,0.34,-5.69,-17.57,-23.62
MAHSCOOTER,12506.0,2026-06-25,-1.61,-0.15,0.33,1.96,-11.39,-9.12
NIFTYBETA,265.99,2026-06-25,0.02,1.05,0.32,3.54,-7.61,
MTARTECH,7976.5,2026-06-25,-3.83,8.61,0.32,124.34,225.48,394.33
CINEVISTA,16.22,2026-06-25,5.67,5.6,0.31,13.67,6.71,-16.48
FINKURVE,66.08,2026-06-25,-4.76,1.76,0.3,21.63,-36.35,
MARICO,825.8,2026-06-25,1.64,1.99,0.3,9.56,12.39,18.32
TRANSRAILL,511.95,2026-06-25,-1.16,2.58,0.29,5.94,-13.85,-18.74
INDGN,518.05,2026-06-25,-4.32,0.87,0.28,12.56,-1.01,-10.77
GROWWN200,11.25,2026-06-25,-1.06,0.54,0.27,6.13,-4.2,-0.75
ABSLMSCIN,29.28,2026-06-25,-15.84,2.7,0.27,5.44,,
ALPHAETF,26.15,2026-06-25,-1.73,0.19,0.27,11.56,4.1,2.47
MID150CASE,11.4,2026-06-25,-1.47,0.53,0.26,11.87,2.61,6.05
ABSLLIQUID,1000.0,2026-06-25,0.0,0.0,0.25,0.77,1.57,3.28
NAVNETEDUL,141.46,2026-06-25,0.97,-3.04,0.25,11.69,-1.72,1.8
MWL,371.05,2026-06-25,-1.38,-1.58,0.24,43.79,38.75,128.12
KSCL,925.6,2026-06-25,-1.97,5.14,0.24,14.93,-5.45,-21.59
BALRAMCHIN,534.2,2026-06-25,-0.45,-3.15,0.23,5.05,21.33,-9.88
LOWVOLIETF,21.79,2026-06-25,-0.14,1.02,0.23,4.21,-6.0,-0.09
MIDCAPIETF,23.53,2026-06-25,-1.3,0.64,0.21,11.36,2.57,5.56
TIINDIA,3054.0,2026-06-25,-7.68,-5.33,0.21,13.85,17.76,7.07
MANKIND,2462.3,2026-06-25,-2.99,3.44,0.2,21.66,12.26,6.69
SWELECTES,612.5,2026-06-25,-3.1,-4.64,0.2,17.19,-4.15,5.87
MIDCAPBETA,229.36,2026-06-25,-1.39,0.52,0.2,11.13,2.45,
AVANTEL,171.83,2026-06-25,-2.59,2.86,0.2,32.25,6.51,8.56
MAKEINDIA,161.95,2026-06-25,-1.21,-0.12,0.19,9.08,4.35,11.69
TOP10ADD,88.25,2026-06-25,0.06,0.27,0.19,2.07,-14.02,-11.25
RCDL,26.45,2026-06-24,-2.22,-5.37,0.19,20.23,29.02,18.23
NDLVENTURE,130.05,2026-06-25,-1.97,0.32,0.17,10.28,46.14,101.2
SHRINGARMS,216.58,2026-06-25,4.11,1.81,0.17,13.61,-4.95,
RADIOCITY,6.16,2026-06-25,-2.38,0.65,0.16,24.44,-6.81,-32.23
NDGL,2595.3,2026-06-25,-2.92,-1.77,0.15,-0.51,-10.2,-40.03
DONEAR,90.58,2026-06-25,-0.22,0.5,0.15,8.22,-2.62,-16.34
KAMAHOLD,2607.2,2026-06-25,-1.04,-0.56,0.15,,,
SALSTEEL,56.29,2026-06-25,-1.52,-5.49,0.14,48.17,34.73,229.18
IDEA,14.06,2026-06-25,-5.13,-5.95,0.14,55.53,16.97,97.19
MOMIDMTM,64.59,2026-06-25,-3.68,-0.31,0.14,10.88,1.73,
WSI,67.41,2026-06-25,-1.73,-2.01,0.13,-5.36,-25.17,-23.73
HDFCMID150,23.0,2026-06-25,-1.5,0.48,0.13,11.38,2.18,5.41
PANSARI,286.25,2026-06-25,-3.21,2.78,0.12,5.24,-5.22,25.38
AERONEU,90.01,2026-06-25,-4.41,2.16,0.11,15.03,16.35,-24.1
TECHM,1437.1,2026-06-25,0.13,0.81,0.11,2.03,-11.92,-13.27
HIGREEN,142.65,2026-06-24,-4.58,9.1,0.11,27.88,-9.46,-31.37
ESG,41.08,2026-06-25,-0.46,0.79,0.1,4.08,-7.81,-3.93
MAZDOCK,2472.5,2026-06-25,-2.72,1.32,0.09,9.6,-2.37,-22.08
AJMERA,131.47,2026-06-25,-5.5,-1.74,0.08,20.18,-30.4,-29.1
MOM100,66.73,2026-06-25,-1.55,0.41,0.07,11.94,2.43,5.52
KILITCH,185.31,2026-06-25,-2.27,0.66,0.07,21.28,6.1,-11.77
KHAICHEM,55.62,2026-06-25,-2.27,-2.75,0.05,12.2,-30.83,-33.67
ADANIPORTS,1796.0,2026-06-25,-1.71,-0.49,0.04,31.08,20.7,29.46
PFS,30.65,2026-06-25,-2.54,-0.42,0.03,11.66,-9.24,-28.05
NAHARPOLY,253.35,2026-06-25,0.48,1.91,0.02,10.15,5.12,-28.73
BIKAJI,640.6,2026-06-25,-3.39,-2.87,0.02,1.97,-13.62,-10.36
KENNAMET,3030.6,2026-06-25,-3.44,1.63,0.02,24.05,24.05,24.05
GODREJIND,1160.7,2026-06-25,4.06,8.21,0.01,43.78,15.63,-6.94
WATERBASE,74.9,2023-12-06,0.0,0.0,0.0,-13.41,-1.45,-5.79
MBECL,65.4,2026-06-24,0.0,0.0,0.0,0.0,0.0,0.0
OMKARCHEM,3.41,2026-06-24,0.0,0.0,0.0,-10.5,-42.2,-48.88
SECURCRED,1.56,2026-06-24,0.0,0.0,0.0,0.0,0.0,0.0
INDLMETER,23.69,2026-06-24,0.0,0.0,0.0,0.0,0.0,0.0
PODDARHOUS,43.37,2026-06-24,0.0,0.0,0.0,0.0,0.0,0.0
SAROJA,33.0,2026-06-24,0.0,2.17,0.0,17.23,-17.5,-8.21
MARSHALL,3.64,2026-06-24,0.0,0.0,0.0,0.0,-4.96,-66.64
DESTINY,105.9,2026-06-24,0.0,0.0,0.0,-14.22,-9.87,16.76
DSKULKARNI,13.55,2026-06-24,0.0,0.0,0.0,0.0,0.0,0.0
SRIRAM,10.1,2026-06-24,0.0,0.0,0.0,0.0,0.0,0.0
KALYANI,138.09,2026-06-24,0.0,0.0,0.0,0.0,0.0,
FCSSOFT,1.52,2026-06-25,-3.8,-6.17,0.0,11.76,-20.0,-41.76
DUGLOBAL,36.35,2026-06-24,4.45,12.19,0.0,8.67,12.89,-24.74
VELS,68.35,2026-06-24,0.0,0.0,0.0,36.16,22.16,3.56
ALPSINDUS,34.3,2026-06-24,0.0,0.0,0.0,0.0,-9.02,27.51
APLAB,32.5,2026-06-19,0.0,0.0,0.0,0.0,0.0,0.0
BKMINDST,45.0,2026-06-24,0.0,0.0,0.0,0.0,0.0,0.0
PERFECT,8.1,2026-06-24,0.0,0.0,0.0,0.0,0.0,-34.94
JINDCOT,2.5,2024-11-08,0.0,0.0,0.0,0.0,0.0,0.0
ANDREWYU,31.35,2023-12-06,0.0,0.0,0.0,-0.32,29.31,21.31
KTL,4.85,2026-06-24,0.0,0.0,0.0,0.0,0.0,-43.27
FIVECORE,31.7,2026-06-19,0.0,0.0,0.0,0.0,0.0,0.0
ANTGRAPHIC,0.81,2026-06-25,1.25,2.53,0.0,12.5,-17.35,-39.55
OPAL,43.0,2026-06-19,0.0,0.0,0.0,0.0,0.0,0.0
TECHIN,14.0,2026-06-24,0.0,0.0,0.0,0.0,0.0,0.0
GANGOTRI,0.61,2026-06-24,0.0,0.0,0.0,0.0,0.0,-7.58
SAHAJ,3.85,2026-06-24,0.0,0.0,0.0,-4.94,-34.19,-65.16
SAIFL,5.95,2026-06-24,6.25,15.53,0.0,-33.89,-58.39,-75.76
JAKHARIA,60.5,2026-06-24,0.0,0.0,0.0,0.0,0.0,-30.1
LIQUID,999.99,2026-06-25,0.0,0.0,0.0,0.4,1.57,4.08
MELSTAR,4.25,2026-06-24,0.0,0.0,0.0,0.0,0.0,0.0
LIQUIDETF,1000.0,2026-06-25,0.0,0.0,0.0,0.38,1.46,3.77
LIQUIDBEES,999.99,2026-06-25,-0.0,0.0,0.0,0.0,-0.0,1.31
RMCL,200.0,2026-06-24,0.0,0.0,0.0,0.0,0.0,0.0
MINDPOOL,71.1,2026-06-24,0.0,0.0,0.0,0.0,0.0,26.96
SIIL,26.0,2026-06-19,0.0,0.0,0.0,0.0,0.0,0.0
HERCULES,159.32,2026-06-24,0.0,0.0,0.0,0.0,0.55,-14.29
LIQUIDIETF,999.99,2026-06-25,0.0,0.0,0.0,-0.0,0.0,0.0
SHAIVAL,33.0,2026-06-24,0.0,0.0,0.0,0.0,8.2,8.2
LIQUIDSBI,1000.01,2026-06-25,0.0,0.0,0.0,0.41,1.55,3.53
ADROITINFO,8.82,2026-06-25,-4.13,-4.65,0.0,2.32,-16.64,-20.68
GOENKA,0.82,2026-06-24,0.0,0.0,0.0,0.0,0.0,-8.89
CADSYS,70.45,2026-06-24,0.0,0.0,0.0,56.73,65.96,-2.15
AVSL,119.7,2026-06-24,0.0,0.0,0.0,0.0,-5.0,-7.35
REGENCERAM,42.0,2026-06-25,0.55,2.97,0.0,6.33,-10.94,2.51
BURNPUR,33.0,2026-06-24,0.0,0.0,0.0,0.0,0.0,0.0
VERA,69.0,2026-06-24,0.0,0.0,0.0,0.0,-1.29,1.47
AURIGROW,0.31,2026-06-25,-6.06,-8.82,0.0,14.81,-66.3,-44.64
RCOM,0.91,2026-06-25,-2.15,-5.21,0.0,9.64,-14.15,-45.18
AJRINFRA,0.7,2026-06-24,0.0,0.0,0.0,0.0,0.0,0.0
SUULD,1.57,2026-06-24,0.0,0.0,0.0,0.0,4.67,-45.49
AHIMSA,24.7,2026-06-24,0.0,0.0,0.0,0.0,-1.2,11.76
BRIGHT,2.8,2026-06-24,0.0,0.0,0.0,0.0,0.0,0.0
HINDUNILVR,2174.2,2026-06-25,0.52,1.87,-0.01,2.88,-3.76,-2.86
AFSL,201.0,2026-06-25,0.0,-0.0,-0.02,-0.08,-0.68,-22.47
BOSCH-HCIL,1370.4,2026-06-25,-0.8,1.83,-0.03,13.62,-6.52,-21.15
IOC,143.89,2026-06-25,-0.34,-0.42,-0.04,2.4,-9.6,8.06
VIVIANA,837.9,2026-06-25,-1.61,-1.01,-0.04,24.43,10.95,-33.79
CHEMICAL,29.66,2026-06-25,-0.77,0.58,-0.07,11.88,2.21,
PARKHOTELS,122.23,2026-06-25,-2.25,3.56,-0.08,15.53,-9.69,-25.94
TOLINS,106.06,2026-06-25,-0.9,-1.04,-0.08,10.69,-20.97,-33.41
SHANTIGEAR,441.2,2026-06-25,-1.28,-1.37,-0.09,1.39,-5.55,-10.95
SDL26BEES,136.94,2026-04-27,-0.44,-0.33,-0.1,1.29,2.15,5.7
MADRASFERT,68.77,2026-06-25,-4.61,-0.41,-0.1,14.25,-11.54,-26.08
INDIASHLTR,768.75,2026-06-25,-1.11,-0.12,-0.12,3.33,-4.68,-10.59
ELM250,16.39,2026-06-25,-1.38,0.24,-0.12,7.26,-2.61,
EPACK,233.85,2026-06-25,-7.44,1.77,-0.13,4.12,-14.98,-32.63
ICICIAMC,3326.9,2026-06-25,-2.63,1.76,-0.13,15.11,27.15,
VGUARD,306.2,2026-06-25,-1.42,0.91,-0.13,-6.58,-7.37,-19.51
VRLLOG,239.58,2026-06-25,-0.25,0.68,-0.15,-4.05,-9.15,-12.58
HDFCLOWVOL,20.28,2026-06-25,-0.05,0.75,-0.15,4.54,-5.85,0.0
SBGLP,25.55,2026-06-25,-2.48,-4.13,-0.16,9.37,-32.44,-40.87
USHAMART,473.1,2026-06-25,-1.57,-4.41,-0.17,14.28,4.24,41.8
TATVA,1180.7,2026-06-25,-0.84,0.07,-0.17,1.65,-12.99,25.66
MANUFGBEES,159.51,2026-06-25,-1.24,-0.22,-0.18,9.19,4.21,
GMMPFAUDLR,804.55,2026-06-25,-2.38,3.63,-0.18,-5.54,-24.53,-32.16
FABTECH,156.92,2026-06-25,-0.07,7.51,-0.18,12.85,-24.63,
AYMSYNTEX,214.48,2026-06-25,-1.7,-2.79,-0.19,19.98,32.28,-14.21
EQUAL50ADD,339.71,2026-06-25,-0.3,0.87,-0.19,6.63,-1.48,4.1
AIRAN,16.16,2026-06-25,-2.59,-2.71,-0.19,8.02,-11.06,-46.63
TTML,42.78,2026-06-25,-4.21,-6.31,-0.19,22.61,-16.07,-35.96
WSTCSTPAPR,496.85,2026-06-25,-2.14,-2.66,-0.2,12.68,17.71,-1.64
TANLA,520.05,2026-06-25,-0.37,-0.32,-0.22,27.83,-3.91,-18.74
SAMPANN,27.55,2026-06-25,1.55,-2.44,-0.22,1.96,-18.05,-2.17
AWHCL,472.0,2026-06-25,-2.69,4.18,-0.22,12.22,-9.58,-28.12
ANTHEM,761.7,2026-06-25,-0.32,-1.26,-0.22,18.25,14.34,
TVSHLTD,13518.0,2026-06-25,-1.26,-0.04,-0.24,-3.48,-3.48,23.68
JUNIPER,196.7,2026-06-25,-4.27,-1.84,-0.25,-4.45,-24.17,-31.51
MIDSMALL,51.05,2026-06-25,-1.81,0.12,-0.25,13.65,5.54,0.43
KEI,5268.0,2026-06-25,-6.93,-3.53,-0.26,25.55,19.63,38.58
GRINFRA,942.85,2026-06-25,-1.69,6.52,-0.28,14.52,-7.49,-26.59
PLASTIBLEN,176.34,2026-06-25,-2.1,1.37,-0.28,34.24,8.16,-13.86
LOWVOL1,20.77,2026-06-25,0.14,1.27,-0.29,5.49,-5.85,0.58
SIDDHIKA,217.85,2026-06-24,5.24,7.95,-0.3,6.24,4.26,14.66
BIRLACORPN,1003.9,2026-06-25,-0.28,2.3,-0.31,11.4,-6.94,-22.86
EMBASSY,428.5,2026-06-24,0.52,-0.34,-0.32,2.91,3.84,18.08
BIRLAMONEY,140.87,2026-06-25,-2.85,3.0,-0.34,29.69,-3.64,-26.36
SHALBY,172.15,2026-06-25,-1.49,0.9,-0.36,23.81,-14.48,-6.09
MON50EQUAL,33.01,2026-06-25,-0.57,1.26,-0.36,6.59,-1.67,3.94
SUVIDHAA,2.69,2026-06-25,-3.58,1.51,-0.37,3.07,-27.69,-28.07
CANBK,128.95,2026-06-25,-4.35,-2.46,-0.37,-2.44,-11.0,20.32
KITEX,162.43,2026-06-25,0.46,5.66,-0.39,1.77,-11.31,-41.29
SNOWMAN,37.86,2026-06-25,-4.47,-1.69,-0.39,11.22,-5.81,-37.29
SBINEQWETF,33.08,2026-06-25,-0.33,0.82,-0.39,6.57,-1.4,4.06
BAJAJHLDNG,10599.0,2026-06-25,-2.72,3.04,-0.4,10.94,-5.57,-22.21
ASHOKLEY,160.68,2026-06-25,2.22,1.89,-0.4,-4.4,-6.78,34.52
GANGAFORGE,2.4,2026-06-25,-10.78,-6.61,-0.41,-10.45,-31.23,-40.74
INDBANK,33.74,2026-06-25,-0.21,-0.06,-0.41,7.28,-4.23,-0.82
KSOLVES,285.25,2026-06-25,-2.81,-3.52,-0.44,5.86,-0.83,-13.84
MINDSPACE,461.99,2026-06-24,-0.45,-0.26,-0.47,2.72,0.96,21.26
LICNMID100,61.81,2026-06-25,-1.95,0.16,-0.47,11.23,1.59,4.9
HBESD,75.0,2026-06-25,2.74,1.04,-0.48,,,
MADHAV,36.5,2026-06-25,-4.8,-0.68,-0.49,15.03,-12.13,-25.83
PHANTOMFX,181.2,2026-06-24,1.34,6.12,-0.49,1.23,-23.01,-30.09
MIDCAP,17.93,2026-06-25,-1.32,0.22,-0.5,9.33,-88.76,-88.76
KARURVYSYA,290.5,2026-06-25,-1.76,0.41,-0.51,2.0,16.15,41.93
GROWWCHEM,29.53,2026-06-25,-1.57,0.58,-0.51,11.48,,
DREDGECORP,1067.4,2026-06-25,-11.79,-2.94,-0.52,24.73,8.05,51.21
COMPUSOFT,13.31,2026-06-25,-2.85,-2.78,-0.52,6.48,-19.63,-38.88
FROG,160.1,2026-06-24,2.04,-5.38,-0.53,15.26,0.06,-36.59
KAYA,246.94,2026-06-25,-4.18,-4.04,-0.53,-4.73,-39.39,-38.66
PEARLPOLY,18.79,2026-06-25,-2.44,-0.11,-0.53,24.19,-21.68,-40.48
CELLO,378.45,2026-06-25,-2.76,-0.63,-0.54,-6.79,-30.92,-34.61
GOKULAGRO,217.58,2026-06-25,-1.19,-2.48,-0.54,16.77,17.67,42.94
VIKRAN,70.24,2026-06-25,-3.7,0.7,-0.54,17.69,-27.13,
SOMANYCERA,513.95,2026-06-25,-1.11,-1.18,-0.54,34.81,26.45,-6.56
MEDIASSIST,363.15,2026-06-25,-1.63,-3.57,-0.55,15.41,-18.41,-26.58
CRAMC,247.61,2026-06-25,-2.59,-3.65,-0.56,3.78,-18.87,
THEINVEST,98.76,2026-06-25,0.36,0.41,-0.56,-1.44,-17.57,-33.46
JAICORPLTD,116.08,2026-06-25,-4.44,2.65,-0.58,18.98,-9.81,7.73
EQUAL50,327.93,2026-06-25,-0.42,0.42,-0.59,6.18,-1.95,3.45
MMWL,13.59,2026-06-25,2.41,3.42,-0.59,,,
GHCL,429.1,2026-06-25,-2.09,-1.16,-0.59,-2.05,-21.86,-26.18
INDUSINDBK,918.95,2026-06-25,-0.07,-1.37,-0.61,12.47,8.54,10.92
NILASPACES,12.86,2026-06-25,-0.85,-1.91,-0.62,0.55,-22.81,6.28
DIVISLAB,6713.5,2026-06-25,-1.09,1.59,-0.64,11.62,3.34,2.39
ROSSARI,534.85,2026-06-25,-2.88,4.57,-0.67,28.77,-7.86,-20.63
VIKASLIFE,1.46,2026-06-25,-1.35,-2.67,-0.68,17.74,-21.08,-42.97
3MINDIA,33380.0,2026-06-25,0.17,5.42,-0.7,5.0,-3.46,19.13
NILKAMAL,1276.6,2026-06-25,-0.93,-0.31,-0.72,10.64,-8.8,-24.95
SILINV,421.05,2026-06-25,-1.47,-0.33,-0.73,4.4,-18.9,-30.71
ATLASCYCLE,98.55,2026-06-25,-1.74,-2.14,-0.73,17.14,6.78,-21.52
KCK,13.15,2026-06-24,-1.5,-2.59,-0.75,-11.45,-54.18,-68.54
RTNPOWER,9.12,2026-06-25,-3.29,-4.1,-0.76,11.36,-4.2,-35.27
MOINFRA,63.01,2026-06-25,-1.24,1.4,-0.76,10.49,6.31,4.32
NESTLEIND,1402.6,2026-06-25,0.05,2.03,-0.78,16.49,11.95,17.79
TIPSMUSIC,637.85,2026-06-25,-2.18,-0.35,-0.78,24.34,22.54,-3.49
TNIDETF,80.76,2026-06-25,-1.43,0.17,-0.81,2.62,-19.41,-14.15
GLAND,2314.8,2026-06-25,5.86,4.6,-0.81,35.33,40.29,31.23
PYRAMID,170.54,2026-06-25,-2.12,1.51,-0.81,20.77,3.21,-4.9
GHCLTEXTIL,92.59,2026-06-25,-2.4,2.88,-0.82,29.83,27.71,0.04
KHANDSE,17.67,2026-06-25,-1.78,-1.45,-0.84,21.69,-18.8,-23.74
MIDHANI,413.05,2026-06-25,-6.5,-5.34,-0.85,35.58,33.02,-4.89
GLOBALVECT,168.23,2026-06-25,4.81,7.29,-0.85,11.06,-19.16,-34.81
NIRLON,620.1,2026-06-25,-0.05,0.0,-0.86,,,
AEPL,16.19,2026-06-25,-1.76,-0.8,-0.86,0.68,,
AMNPLST,191.76,2026-06-25,-2.11,-1.17,-0.86,28.93,-1.44,-23.0
INDIAMART,1955.4,2026-06-25,-4.63,-1.8,-0.86,-0.19,-9.81,-24.38
SBICARD,624.85,2026-06-25,-0.47,3.99,-0.86,-10.76,-27.73,-35.34
ASHAPURMIN,671.3,2026-06-25,-5.8,-5.32,-0.86,37.13,-23.5,56.59
GROWWLOVOL,10.25,2026-06-25,0.2,1.08,-0.87,3.74,-4.59,1.07
SALZERELEC,644.8,2026-06-25,-4.22,0.79,-0.87,17.83,-7.44,-30.3
NDRAUTO,819.8,2026-06-25,-3.51,-2.64,-0.87,19.41,-0.88,-15.23
GOODLUCK,1404.7,2026-06-25,-5.3,6.08,-0.88,39.19,33.34,28.34
ARIHANT,844.05,2026-06-25,-2.26,-3.38,-0.89,2028.75,2028.75,2028.75
ESCORTS,2949.7,2026-06-25,-0.02,5.31,-0.9,-0.6,-20.49,-9.81
BCPL,72.18,2026-06-25,-4.94,-6.24,-0.9,,,
MOSCHIP,204.46,2026-06-25,-4.11,-4.05,-0.91,23.78,-2.37,13.9
MOQUALITY,200.4,2026-06-25,-2.0,0.49,-0.91,8.78,0.0,2.13
JSWCEMENT,133.55,2026-06-25,2.69,2.3,-0.91,12.78,12.56,
GLOBECIVIL,43.38,2026-06-25,-3.3,4.33,-0.91,7.59,-27.63,
BLUESTARCO,1637.2,2026-06-25,-1.65,1.61,-0.91,-6.16,-7.89,-0.03
VISHWARAJ,5.39,2026-06-25,-5.27,-9.41,-0.92,18.46,-22.56,-46.21
NRAIL,455.4,2026-06-25,-3.68,2.18,-0.92,9.47,-7.68,36.69
VALIANTORG,284.9,2026-06-25,0.16,0.71,-0.92,20.53,1.71,-34.54
FLEXIADD,9.69,2026-06-25,-1.32,-0.21,-0.92,4.53,-10.03,
JKIL,503.65,2026-06-25,-0.78,3.88,-0.93,5.28,-13.59,-31.24
NV20IETF,13.76,2026-06-25,-0.51,-0.72,-0.94,0.51,-9.41,-5.75
JIOFIN,239.43,2026-06-25,-1.62,-0.04,-0.96,0.88,-19.9,-20.94
HATSUN,917.55,2026-06-25,-0.11,0.79,-0.99,-2.05,-5.82,-2.11
RADAAN,3.01,2026-06-25,-3.83,-2.59,-0.99,11.48,-16.62,-30.48
AZAD,2020.1,2026-06-25,-2.99,-4.8,-1.01,37.12,21.99,26.62
3IINFOLTD,17.29,2026-06-25,-0.75,-2.65,-1.03,27.04,2.49,-33.04
TAINWALCHM,197.89,2026-06-25,-0.96,-0.14,-1.03,10.42,-1.1,-11.19
GPPL,153.81,2026-06-25,-1.75,-1.29,-1.03,2.68,-19.89,0.57
PLAZACABLE,47.05,2026-06-25,-2.24,-1.69,-1.03,46.94,12.75,-22.14
TORNTPHARM,4516.2,2026-06-25,1.33,0.27,-1.04,5.3,18.83,41.2
GILLANDERS,90.96,2026-06-25,2.02,-0.74,-1.04,7.7,-10.68,-35.77
AFFORDABLE,169.49,2026-06-25,-0.58,-2.83,-1.06,19.51,-19.42,-62.98
NIRAJISPAT,203.0,2026-06-25,1.77,4.19,-1.07,6.81,-5.42,-48.54
TATACHEM,746.2,2026-06-25,1.74,1.51,-1.08,21.19,-1.02,-19.39
SIEMENS,3627.9,2026-06-25,-3.71,0.72,-1.08,16.98,17.1,15.2
BHARATSE,186.61,2026-06-25,-0.92,2.21,-1.08,17.56,4.18,85.32
ROHLTD,335.9,2026-06-25,-2.34,1.82,-1.09,10.26,-17.33,-12.52
NV20BEES,141.47,2026-06-25,-0.07,-0.41,-1.1,0.79,-9.28,48.57
NAVA,607.15,2026-06-25,-2.4,0.58,-1.1,6.11,7.84,3.82
EFORCE,22.3,2026-06-24,-4.29,-7.08,-1.11,25.28,-34.89,-56.23
AAKASH,8.84,2026-06-25,-3.91,-9.05,-1.12,7.54,1.38,-27.0
GILLETTE,7719.0,2026-06-25,-1.6,-0.05,-1.13,0.48,-4.94,-24.49
SHK,134.75,2026-06-25,-3.65,0.32,-1.15,5.8,-21.43,-45.71
HDFCGROWTH,112.62,2026-06-25,0.28,-0.46,-1.15,0.64,-13.82,-5.24
ORKLAINDIA,621.3,2026-06-25,1.94,0.19,-1.16,4.52,1.52,
AHLADA,39.69,2026-06-25,-1.39,-2.89,-1.17,2.74,-21.39,-42.51
SHANTIGOLD,221.91,2026-06-25,3.03,-3.4,-1.18,27.15,15.66,
CHEVIOT,1120.2,2026-06-25,-0.74,2.06,-1.2,15.53,3.07,2.24
MANGALAM,28.79,2026-06-25,-4.07,-2.67,-1.2,-3.78,19.96,-63.94
MUTHOOTCAP,202.68,2026-06-25,-3.84,1.51,-1.22,6.13,-26.67,-37.78
DANGEE,3.25,2026-06-25,6.21,2.2,-1.22,10.92,-13.79,-25.12
CARERATING,1653.1,2026-06-25,-3.32,0.95,-1.22,8.47,3.93,-5.38
COUNCODOS,4.79,2026-06-25,-0.42,-1.64,-1.24,21.57,-12.91,-30.38
SARTELE,138.7,2026-06-24,-6.82,3.9,-1.25,-17.0,-41.76,-42.77
SVPGLOB,3.94,2026-06-25,-2.48,-1.01,-1.25,56.35,-1.5,20.12
DTIL,139.01,2026-06-25,-0.39,2.8,-1.26,14.44,-14.18,-27.23
AONETMMQ50,10.21,2026-06-25,-2.48,-0.29,-1.26,11.1,4.08,
AFFLE,1449.7,2026-06-25,-2.07,-2.47,-1.26,4.02,-18.58,-25.19
ITALIANE,34.9,2026-06-24,7.38,2.5,-1.27,-9.94,23.54,-0.7
HDFCVALUE,126.99,2026-06-25,-0.41,-0.61,-1.27,0.41,-9.72,-5.67
SKFINDIA,1658.0,2026-06-25,0.02,0.43,-1.27,8.85,-7.38,-64.56
HAL,4368.7,2026-06-25,-3.24,1.96,-1.29,19.06,-0.37,-7.78
BHARTIARTL,1850.7,2026-06-25,-3.44,0.52,-1.29,0.86,-12.85,-5.06
GROWWPOWER,12.14,2026-06-25,-3.04,1.59,-1.3,16.4,,
KANANIIND,1.52,2026-06-25,-4.4,-2.56,-1.3,20.63,-10.59,-29.3
KSL,818.7,2026-06-25,-0.9,0.92,-1.31,25.67,10.82,-6.48
IIFLCAPS,340.95,2026-06-25,-1.33,0.09,-1.33,28.25,3.23,-1.18
TVVISION,5.17,2026-06-25,-0.58,-3.36,-1.34,-5.14,-46.42,-28.29
INFINIUM,208.85,2026-06-24,-2.41,6.53,-1.35,3.39,-6.97,-26.72
JYOTHYLAB,200.4,2026-06-25,-2.02,-2.47,-1.35,-6.55,-28.24,-39.94
ENIL,108.44,2026-06-25,-2.24,-1.42,-1.36,2.39,-2.86,-26.27
PAR,91.0,2026-06-25,-3.88,-2.57,-1.38,5.03,-15.33,-6.07
MODIRUBBER,131.31,2026-06-25,2.91,4.15,-1.38,16.2,-13.77,10.64
HERANBA,187.04,2026-06-25,-2.66,-1.33,-1.39,5.07,-26.49,-37.65
VASWANI,53.5,2026-06-25,-4.07,-9.89,-1.4,1.83,-12.09,16.53
SUVEN,267.25,2026-06-25,0.83,-0.96,-1.4,99.63,59.45,12.67
ARVSMART,600.35,2026-06-25,-1.94,0.96,-1.4,15.16,-1.19,-9.36
SECMARK,123.5,2026-06-25,-2.76,0.22,-1.41,20.46,8.94,-19.17
NIBL,30.03,2026-06-25,-2.5,-2.69,-1.41,7.25,2.04,9.04
PFC,432.65,2026-06-25,-1.88,1.92,-1.42,7.24,25.0,8.71
GRASIM,3126.6,2026-06-25,-1.53,-1.2,-1.42,18.08,10.6,10.81
BLIL,71.64,2026-06-25,-0.62,-0.29,-1.42,,,
TGBHOTELS,8.93,2026-06-25,-1.54,-1.43,-1.43,7.33,-9.16,-28.16
OAL,323.95,2026-06-25,-2.67,-4.31,-1.43,37.3,7.36,-18.02
RKFORGE,563.7,2026-06-25,-4.55,-4.3,-1.44,11.75,9.26,-17.14
FMCGIETF,52.92,2026-06-25,0.28,0.51,-1.45,4.81,-10.27,-9.17
ZENITHEXPO,200.04,2026-06-25,-7.6,-5.51,-1.46,6.74,-8.76,-18.67
NEXTMEDIA,4.04,2026-06-25,-0.49,2.02,-1.46,3.32,-33.44,-42.29
KIOCL,391.75,2026-06-25,-3.95,-2.68,-1.46,17.75,2.89,33.27
VERANDA,234.37,2026-06-25,-1.95,-2.94,-1.46,63.69,26.29,18.05
SWANCORP,318.25,2026-06-25,-2.59,0.71,-1.46,-2.27,-31.23,-28.4
NEXT30ADD,42.12,2026-06-25,-3.06,0.24,-1.47,9.12,4.0,8.36
NAGREEKEXP,26.55,2026-06-25,-1.78,-0.64,-1.48,29.7,-0.41,-7.78
ARCHIDPLY,80.14,2026-06-25,-1.95,-1.84,-1.48,14.99,-11.18,-23.1
MON100,325.82,2026-06-25,-3.01,-1.32,-1.48,37.95,39.19,76.01
NAHARCAP,252.5,2026-06-25,-0.43,-1.0,-1.5,15.37,-1.96,-22.59
ICRA,5346.0,2026-06-25,1.95,3.73,-1.52,0.93,-15.14,-19.89
OMINFRAL,87.05,2026-06-25,1.0,1.59,-1.52,2.94,-12.71,-32.8
GREENPANEL,195.61,2026-06-25,4.03,1.0,-1.53,7.45,-14.73,-26.57
HEXATRADEX,161.47,2026-06-25,-2.44,-2.47,-1.55,1.78,0.46,-13.62
MANYAVAR,412.6,2026-06-25,-1.14,0.23,-1.56,16.31,-29.11,-47.87
DWARKESH,42.69,2026-06-25,-1.84,-4.77,-1.57,4.4,14.82,-11.71
HDFCQUAL,56.48,2026-06-25,-2.1,-0.3,-1.59,4.19,-6.63,-2.37
FRACTAL,924.5,2026-06-25,-3.61,-3.79,-1.6,12.24,,
HPL,366.15,2026-06-25,-8.91,-1.15,-1.6,26.87,-11.12,-33.08
MAMATA,409.6,2026-06-25,7.1,13.49,-1.6,17.55,-1.37,-1.81
FORTIS,954.8,2026-06-25,-2.16,-2.59,-1.6,15.02,5.77,22.59
TI,433.8,2026-06-25,-1.58,-0.45,-1.61,-2.96,-7.86,22.51
EUREKAFORB,458.3,2026-06-25,-3.57,0.22,-1.62,0.92,-28.14,-24.45
DBSTOCKBRO,31.0,2026-06-25,5.12,-2.49,-1.62,21.81,24.25,-4.02
ASMS,7.23,2026-06-25,-5.98,-3.86,-1.63,-5.37,-42.34,-48.28
GOACARBON,395.4,2026-06-25,-5.17,1.24,-1.63,30.58,-0.38,-18.51
ZTECH,622.8,2026-06-24,5.24,1.55,-1.64,20.19,-2.44,3.58
HEROMOTOCO,4896.1,2026-06-25,-1.76,-2.55,-1.66,-7.44,-12.41,17.82
SHYAMMETL,945.75,2026-06-25,-1.57,-2.48,-1.69,19.0,14.81,12.48
BRITANNIA,5237.0,2026-06-25,0.37,0.72,-1.69,-7.26,-13.15,-7.05
SILLYMONKS,16.72,2026-06-25,-3.52,-6.07,-1.7,2.58,-22.52,4.17
ALLTIME,234.52,2026-06-25,-3.67,-7.7,-1.71,14.49,-12.02,
PATTECH,114.85,2026-06-24,0.0,0.0,-1.71,14.56,1.19,49.84
FINIETF,32.24,2026-06-25,-0.77,0.94,-1.71,9.07,-1.59,4.57
MILTON,40.0,2026-06-24,2.56,2.56,-1.72,-16.67,31.15,33.33
APTECHT,105.63,2026-06-25,-2.54,-9.86,-1.72,44.66,14.97,-29.09
VSTL,116.37,2026-06-25,-0.97,-3.89,-1.73,5.57,-12.27,-24.22
ZEAL,67.8,2026-06-24,0.0,0.37,-1.74,5.94,-29.74,-50.15
HPAL,35.5,2026-06-25,-4.52,-4.75,-1.74,14.48,-18.43,-29.76
GMBREW,925.9,2026-06-25,0.83,1.32,-1.75,-11.71,-15.8,27.76
DUCOL,112.0,2026-06-24,7.49,2.71,-1.75,11.44,-27.34,-2.31
HLVLTD,7.83,2026-06-25,-2.37,-2.85,-1.76,17.74,-19.61,-42.3
ADANIPOWER,229.27,2026-06-25,-1.93,3.97,-1.76,49.22,60.15,105.81
BANSALWIRE,314.9,2026-06-25,1.7,0.46,-1.76,28.66,1.24,-18.82
BALKRISHNA,18.45,2026-06-25,-4.01,0.82,-1.76,23.49,0.27,-10.57
EMAMILTD,396.95,2026-06-25,-2.42,0.04,-1.76,-3.29,-22.26,-29.25
IRB,21.19,2026-06-25,-2.35,0.33,-1.76,3.28,0.16,-14.25
GODREJAGRO,562.05,2026-06-25,-2.6,-1.54,-1.77,0.29,-0.63,-25.58
IREDA,127.47,2026-06-25,-2.58,2.12,-1.77,7.5,-7.21,-25.32
UGROCAP,98.04,2026-06-25,-2.23,-0.13,-1.77,6.02,-43.24,-46.71
SHARDAMOTR,829.75,2026-06-25,-0.09,3.2,-1.78,4.35,-12.8,-10.56
ALPEXSOLAR,938.05,2026-06-24,0.23,-5.26,-1.79,18.53,14.47,-9.02
HARDWYN,24.73,2026-06-25,-2.06,3.17,-1.79,23.4,41.4,73.06
DAMCAPITAL,150.0,2026-06-25,-3.26,-2.32,-1.79,10.88,-30.25,-39.99
RHFL,2.18,2026-06-25,0.0,-1.8,-1.8,-15.18,-27.33,-66.15
ESSARSHPNG,23.23,2026-06-25,-3.41,-2.88,-1.82,-1.4,-16.68,-23.61
UNIINFO,11.88,2026-06-25,-0.92,6.55,-1.82,4.67,-25.14,-33.3
ICICIGI,1813.6,2026-06-25,-2.51,4.58,-1.82,2.83,-7.08,-9.17
HECPROJECT,128.19,2026-06-25,-8.07,5.39,-1.82,19.81,4.02,-29.97
DHARMAJ,265.05,2026-06-25,0.44,-4.5,-1.83,10.53,10.46,-15.58
KROSS,189.46,2026-06-25,-3.13,2.75,-1.83,11.59,-4.87,1.79
HDFCAMC,2649.7,2026-06-25,-1.49,1.02,-1.83,13.47,1.94,6.34
KPITTECH,742.6,2026-06-25,-1.82,-1.9,-1.85,10.24,-38.86,-42.26
TIIL,2559.0,2026-06-25,-1.05,1.09,-1.86,17.25,15.53,-16.49
BMETRICS,36.8,2026-06-24,2.08,3.95,-1.87,-8.68,-13.41,-24.9
OMAXAUTO,223.53,2026-06-25,-3.94,-3.86,-1.87,131.37,117.41,157.26
BBOX,957.9,2026-06-25,-2.45,-5.32,-1.87,100.06,79.79,89.28
SNXT30BEES,41.96,2026-06-25,-1.29,0.36,-1.87,8.99,3.91,8.28
SHRADHA,33.97,2026-06-25,-2.5,0.32,-1.88,8.25,-15.2,-55.28
UFO,72.14,2026-06-25,-3.05,-2.38,-1.94,15.89,-14.34,-1.94
NIFTYQLITY,20.72,2026-06-25,-1.29,-0.38,-1.94,5.5,-7.09,-3.36
FISCHER,36.96,2026-06-25,5.24,3.36,-1.94,-0.03,-14.37,
BUILDPRO,1031.9,2026-06-25,-1.39,4.12,-1.94,4.55,,
CINELINE,78.13,2026-06-25,-1.31,-1.0,-1.95,-8.66,-16.25,-14.27
FIEMIND,2229.1,2026-06-25,-3.53,-6.61,-1.96,6.98,-6.88,20.74
MSPL,41.9,2026-06-25,-6.37,-0.5,-1.97,42.76,14.64,49.86
TNTELE,8.98,2026-06-25,-3.23,-3.44,-1.97,-0.99,-12.48,-24.73
GLOBUSSPR,866.5,2026-06-25,-3.55,0.78,-1.98,-0.54,-12.35,-9.76
ALBERTDAVD,708.5,2026-06-25,-0.35,-1.78,-1.98,9.21,-5.38,-15.99
ITC,290.0,2026-06-25,-0.43,0.73,-1.99,0.74,-25.2,-26.95
MALLCOM,1006.8,2026-06-25,-8.34,-2.1,-1.99,-2.25,-14.41,-22.35
QUALITY30,20.09,2026-06-25,-0.94,-0.25,-2.0,4.91,-7.33,
MOLDTKPAC,689.5,2026-06-25,-0.27,-0.91,-2.02,41.75,13.87,-1.2
IEX,125.0,2026-06-25,-0.54,1.67,-2.02,4.35,-7.64,-32.01
HONDAPOWER,2196.6,2026-06-25,-3.6,0.03,-2.02,8.87,-6.48,-22.24
ORIENTCER,39.77,2026-06-25,-1.17,0.89,-2.02,7.72,-2.43,11.45
SUNDROP,661.75,2026-06-25,1.06,0.53,-2.02,7.48,-4.79,-22.44
ANMOL,11.16,2026-06-25,-4.12,-0.71,-2.02,14.23,-18.9,-36.48
ULTRACEMCO,11489.0,2026-06-25,0.76,0.2,-2.02,2.54,-2.34,-1.46
UTIAMC,938.2,2026-06-25,0.18,-0.48,-2.04,-2.66,-17.32,-24.1
HEADSUP,7.04,2026-06-25,0.28,1.15,-2.09,1.15,-23.14,-27.72
BAJAJHIND,18.15,2026-06-25,-5.32,-8.43,-2.1,12.38,-2.21,-25.4
NUCLEUS,758.05,2026-06-25,-3.13,2.51,-2.1,-2.73,-17.83,-35.21
SCILAL,44.89,2026-06-25,-2.54,-2.46,-2.12,12.45,-4.1,-16.25
HAVELLS,1178.3,2026-06-25,-0.25,0.61,-2.12,-6.64,-16.61,-24.31
LORDSCHLO,133.16,2026-06-25,-0.29,-3.24,-2.13,13.59,-23.1,-13.08
SELMC,29.11,2026-06-25,-2.77,-3.35,-2.15,3.74,-18.91,-17.25
VITAL,53.35,2026-06-25,0.57,2.14,-2.15,36.79,-3.35,-19.17
SCHNEIDER,1335.3,2026-06-25,-4.31,9.79,-2.15,49.45,80.69,67.52
JFLLIFE,9.05,2026-06-24,0.0,-4.23,-2.16,-4.74,-35.36,-39.26
ZSARACOM,9590.0,2026-06-25,2.79,-3.27,-2.19,,,
QUAL30IETF,20.48,2026-06-25,-1.21,-0.49,-2.2,4.86,-7.25,-3.8
MANAPPURAM,318.5,2026-06-25,-2.64,0.27,-2.2,21.6,1.59,17.54
DPABHUSHAN,953.25,2026-06-25,3.19,2.78,-2.21,-4.51,-36.28,-35.86
MORARJEE,8.83,2026-06-25,-11.88,12.2,-2.21,36.06,10.24,7.03
EMULTIMQ,42.11,2026-06-25,-2.12,-0.78,-2.21,9.95,0.02,-3.55
HEXT,494.85,2026-06-25,-0.74,-0.58,-2.23,14.25,-32.63,-39.95
NATIONSTD,1223.2,2026-06-25,-2.53,1.98,-2.23,,,
PRECAM,150.79,2026-06-25,-3.41,0.03,-2.24,26.44,-7.28,-26.91
SBIETFQLTY,215.23,2026-06-25,-1.53,-0.29,-2.25,4.78,-7.58,-3.89
BALMLAWRIE,179.27,2026-06-25,-2.18,1.15,-2.25,10.55,-0.21,-10.4
AKI,4.77,2026-06-25,-3.83,-3.05,-2.25,16.63,-32.44,-38.53
SHRIRAMPPS,88.85,2026-06-25,-3.06,0.66,-2.26,30.22,3.25,-14.24
MARALOVER,54.87,2026-06-25,-3.65,-3.8,-2.26,38.11,22.64,-26.34
FMGOETZE,452.55,2026-06-25,-4.42,2.75,-2.26,12.48,-0.6,-16.51
IMPAL,1094.4,2026-06-25,-0.45,-0.02,-2.27,10.33,6.47,-1.03
GANGESSECU,120.23,2026-06-25,-1.06,-2.58,-2.28,8.36,-12.64,-28.88
SAGCEM,178.32,2026-06-25,3.54,3.23,-2.28,8.6,-13.3,-26.68
TARMAT,50.9,2026-06-25,-3.38,-2.25,-2.28,-8.58,-2.13,-5.9
BELLACASA,244.96,2026-06-25,-0.48,3.53,-2.29,-3.52,-35.27,
ICICIB22,118.94,2026-06-25,-1.9,-0.62,-2.29,2.07,1.91,8.85
NBIFIN,1911.8,2026-06-25,2.22,3.21,-2.3,7.16,-14.94,-36.66
MOENERGY,39.79,2026-06-25,-2.69,0.33,-2.31,11.55,13.3,
HINDOILEXP,160.08,2026-06-25,-2.99,-0.67,-2.31,31.77,3.79,-6.62
MBEL,303.5,2026-06-25,-2.58,-1.04,-2.32,12.53,-22.45,
ENERGY,39.77,2026-06-25,-2.93,0.38,-2.33,11.37,13.32,
STARPAPER,138.1,2026-06-25,-0.31,0.76,-2.35,5.27,-15.16,-19.5
IONEXCHANG,398.65,2026-06-25,2.0,11.39,-2.36,15.3,8.09,-24.91
SONAMAC,35.15,2026-06-24,0.29,2.33,-2.36,14.5,-24.57,-56.12
DIAMINESQ,240.96,2026-06-25,1.21,-4.59,-2.37,11.2,-7.82,-43.72
BAJAJFINSV,1764.6,2026-06-25,-0.99,0.82,-2.37,1.05,-13.32,-12.24
HITECH,89.85,2026-06-25,-5.0,0.19,-2.38,18.11,0.01,-12.3
KIRIINDUS,386.9,2026-06-25,-3.97,-1.74,-2.4,3.87,-34.26,-33.66
DICIND,509.65,2026-06-25,-5.43,-1.74,-2.41,0.06,6.13,-21.25
SRD,41.18,2026-06-25,0.88,6.08,-2.44,-8.61,-41.73,-43.78
GFLLIMITED,46.61,2026-06-25,-1.91,-0.91,-2.45,13.66,-22.88,-28.67
BCLIND,34.15,2026-06-25,-4.82,-10.91,-2.46,22.67,6.45,-21.18
ORCHASP,1.98,2026-06-25,8.2,3.13,-2.46,-9.59,-31.72,-29.03
SAPPHIRE,180.37,2026-06-25,-6.04,3.99,-2.46,12.76,-28.59,-45.12
MANAKCOAT,104.63,2026-06-25,-6.64,-2.2,-2.47,-3.2,-21.02,-22.66
ALICON,645.05,2026-06-25,-1.94,-2.12,-2.47,3.15,-22.07,-27.07
ECOSMOBLTY,133.59,2026-06-25,-1.71,1.61,-2.51,12.53,-33.29,-55.63
MACPOWER,1154.3,2026-06-25,-2.23,14.21,-2.52,34.51,12.71,15.3
GREENPOWER,10.74,2026-06-25,-3.59,-3.85,-2.54,16.99,-10.28,-24.05
MOVALUE,115.47,2026-06-25,-2.06,-1.89,-2.54,5.58,1.49,12.66
DIVOPPBEES,76.38,2026-06-25,-1.43,-0.99,-2.55,-0.3,-8.34,-2.75
ASIANHOTNR,296.35,2026-06-25,-1.66,-1.05,-2.56,-0.64,-6.69,-17.34
SBFC,90.82,2026-06-25,-2.62,-2.15,-2.56,7.52,-14.32,-14.8
PROSTARM,138.64,2026-06-25,-2.5,-3.14,-2.56,7.26,-23.93,4.04
AMBALALSA,31.64,2026-06-25,-0.57,-4.76,-2.56,,,
RSL,128.16,2026-06-25,-1.35,-2.0,-2.62,20.34,,
SUNREST,35.05,2026-06-24,3.39,3.39,-2.64,-13.46,-18.49,-35.09
LUMAXTECH,1548.9,2026-06-25,-6.29,-7.8,-2.65,-4.58,-0.26,39.83
ACC,1337.9,2026-06-25,-0.88,-1.36,-2.65,-1.63,-22.64,-27.43
NITIRAJ,186.04,2026-06-25,-2.55,-3.89,-2.66,-11.9,-3.04,-8.67
ALUWIND,49.35,2026-06-24,-1.2,-2.66,-2.66,-11.24,-29.5,-38.58
THACKER,1153.0,2026-06-25,-2.96,-4.15,-2.68,,,
SHERA,163.6,2026-06-24,-2.33,7.84,-2.71,57.31,27.27,12.09
KANSAINER,212.41,2026-06-25,-1.37,-1.87,-2.72,22.35,-12.31,-12.86
GLOTTIS,67.51,2026-06-25,1.29,0.28,-2.72,64.22,8.89,
BALUFORGE,453.95,2026-06-25,-0.93,1.18,-2.73,5.11,-25.89,-32.09
BUTTERFLY,656.85,2026-06-25,0.33,4.28,-2.73,8.07,-1.13,-11.69
DEVYANI,112.84,2026-06-25,-3.76,1.29,-2.76,10.63,-22.27,-34.48
VAL30IETF,15.51,2026-06-25,-1.84,-1.59,-2.76,4.51,6.09,19.03
SHANKARA,122.51,2026-06-25,-1.39,8.85,-2.77,15.36,13.11,-87.93
VINEETLAB,34.0,2026-06-25,-2.19,0.0,-2.77,15.02,-13.13,13.33
CAPILLARY,507.55,2026-06-25,2.31,0.68,-2.79,7.76,-25.28,
KOTHARIPRO,71.09,2026-06-25,-1.51,1.3,-2.79,10.65,-4.33,-16.89
KRSNAA,538.25,2026-06-25,0.63,-0.09,-2.82,-6.18,-26.17,-23.45
DECCANCE,590.75,2026-06-25,2.34,1.94,-2.82,-4.78,-22.48,-33.89
PLATIND,221.14,2026-06-25,-4.94,-3.46,-2.83,6.11,-15.17,-20.65
ARENTERP,37.18,2026-06-25,-6.68,-0.85,-2.85,0.92,-23.02,-20.69
PARASPETRO,2.04,2026-06-25,-5.56,5.7,-2.86,-18.73,9.09,-20.93
SYSTANGO,225.55,2026-06-24,-3.16,3.89,-2.86,-6.27,-26.43,-6.33
HARIOMPIPE,401.35,2026-06-25,-4.8,-6.46,-2.87,29.61,14.43,0.92
SUNDARAM,1.35,2026-06-25,-0.74,0.0,-2.88,8.87,-23.3,-36.32
ARMANFIN,1668.0,2026-06-25,2.77,0.57,-2.88,14.69,10.62,-5.22
GAEL,158.27,2026-06-25,-1.82,0.78,-2.88,20.15,26.34,38.45
MODIS,335.0,2026-06-25,-3.26,-2.67,-2.9,8.45,-1.95,
TEXRAIL,110.0,2026-06-25,-3.01,3.31,-2.9,24.38,-17.97,-36.23
MAPMYINDIA,840.65,2026-06-25,-5.59,-2.67,-2.92,-5.67,-50.58,-52.3
AXISVALUE,33.08,2026-06-25,-2.39,-2.19,-2.93,5.59,6.78,16.89
ECAPINSURE,24.19,2026-06-25,-2.77,0.75,-2.93,8.77,-0.33,1.94
SJVN,72.09,2026-06-25,-2.77,-1.44,-2.94,6.2,-2.41,-27.12
AXITA,7.57,2026-06-25,-1.17,-1.94,-2.95,-13.98,-36.19,-7.48
NSLNISP,43.68,2026-06-25,-5.82,-8.71,-2.98,23.95,5.23,10.67
AMDIND,45.22,2026-06-25,-1.2,-2.02,-2.98,18.07,-6.28,-8.79
JSWHL,12150.0,2026-06-25,-3.59,-2.19,-2.99,-2.43,-40.13,-42.62
PRAKASHSTL,4.22,2026-06-25,-7.46,-5.59,-2.99,1.93,1.2,-32.8
SURAJLTD,228.53,2026-06-25,-0.46,-1.01,-2.99,2.66,-8.72,-42.46
INDPRUD,6529.0,2026-06-25,1.35,4.11,-2.99,,,
HILINFRA,47.14,2026-06-25,-0.57,-2.78,-3.0,1.55,-18.39,
MANUGRAPH,15.21,2026-06-25,-3.06,-0.59,-3.0,33.19,-4.76,-25.37
CENTURYPLY,754.55,2026-06-25,-0.36,0.43,-3.02,7.49,-8.98,2.48
ALLDIGI,802.9,2026-06-25,-0.58,-1.89,-3.04,5.4,1.01,-7.52
NFL,75.18,2026-06-25,-4.06,-0.66,-3.04,7.96,-14.22,-24.34
ORIENTCEM,133.92,2026-06-25,-1.91,-1.85,-3.05,2.12,-21.43,-40.79
INDOTHAI,231.58,2026-06-25,2.61,-4.27,-3.06,-17.85,-32.16,25.47
KOTARISUG,24.96,2026-06-25,-2.69,-2.95,-3.07,4.7,-10.28,-34.51
SIRCA,407.05,2026-06-25,-1.61,-3.04,-3.07,-5.98,-15.54,6.64
SANDHAR,683.95,2026-06-25,-4.01,-3.27,-3.07,47.09,23.31,24.85
MASON,126.0,2026-06-24,-0.08,-10.0,-3.08,-1.75,-34.03,-22.46
SUDARCOLOR,364.15,2026-06-25,0.57,1.27,-3.09,20.32,-20.59,-38.22
RTNINDIA,33.88,2026-06-25,-4.37,-4.64,-3.09,21.87,-19.08,-43.13
ASALCBR,860.2,2026-06-25,0.88,4.08,-3.09,18.48,-10.82,-19.49
VALUE,16.26,2026-06-25,-2.69,-3.5,-3.1,,,
DIL,0.93,2026-06-24,0.0,-1.06,-3.12,-17.7,-47.46,-60.92
RADHIKAJWE,55.43,2026-06-25,-2.15,-5.55,-3.13,-3.01,-30.25,-35.49
RELIANCE,1318.1,2026-06-25,-0.63,0.85,-3.13,-6.29,-15.02,-9.39
KELLTONTEC,15.38,2026-06-25,-1.35,-0.26,-3.15,2.47,-18.97,-41.45
GODFRYPHLP,2247.3,2026-06-25,-1.76,0.36,-3.16,9.38,-20.05,-17.67
OILIETF,11.3,2026-06-25,-1.22,-0.26,-3.17,1.8,-6.69,-2.5
SUNCLAY,1329.1,2026-06-25,-0.52,-2.91,-3.18,-3.8,9.87,-37.05
KAVDEFENCE,63.8,2026-06-25,-6.4,2.69,-3.19,11.21,-20.01,37.26
SUPREME,47.63,2026-06-25,1.97,3.52,-3.21,-4.03,-38.76,-47.92
LINDEINDIA,7021.5,2026-06-25,-5.3,1.17,-3.22,-4.55,20.38,6.51
HARRMALAYA,204.7,2026-06-25,-3.41,-1.24,-3.22,23.69,25.67,-4.44
BIOCON,416.15,2026-06-25,-1.18,0.02,-3.23,9.61,4.47,18.58
ANGELONE,335.25,2026-06-25,-5.51,-4.84,-3.23,39.73,34.98,19.06
NGIL,37.24,2026-06-25,-0.69,-0.72,-3.25,55.17,18.15,28.02
JKLAKSHMI,594.6,2026-06-25,-2.39,-0.34,-3.25,-3.46,-24.93,-28.82
WANBURY,274.35,2026-06-25,0.53,2.62,-3.26,15.44,14.94,-1.3
CTE,31.18,2026-06-25,-0.29,-2.62,-3.26,38.15,-22.24,-31.03
IRMENERGY,265.5,2026-06-25,-4.82,-5.48,-3.28,48.79,-5.92,-11.21
NSIL,5503.0,2026-06-25,-4.3,-2.34,-3.3,5.54,-16.28,-19.96
AGIIL,370.25,2026-06-25,1.05,-2.58,-3.3,22.26,45.94,88.12
ELGIRUBCO,48.61,2026-06-25,-1.24,-4.98,-3.32,29.18,5.56,-15.67
KAKATCEM,120.8,2026-06-25,-1.52,-3.28,-3.32,30.67,-6.52,-23.5
MMP,279.8,2026-06-25,-3.53,4.83,-3.33,32.69,9.36,4.73
RNBDENIMS,10.64,2026-06-25,-3.97,-5.59,-3.36,-55.34,-73.37,
CANHLIFE,134.83,2026-06-25,-5.96,-3.63,-3.36,-4.64,-7.29,
REPRO,372.15,2026-06-25,-1.14,2.25,-3.36,1.53,-20.93,-28.48
NELCAST,132.57,2026-06-25,-5.2,-4.24,-3.37,9.38,25.21,-3.92
MOL,49.36,2026-06-25,-2.74,-0.5,-3.37,18.28,-23.6,-49.52
TRITURBINE,669.35,2026-06-25,-9.22,0.93,-3.38,48.2,23.36,10.3
ARCHIES,14.29,2026-06-25,-2.86,0.99,-3.38,6.64,-22.84,-35.02
DOLLAR,263.1,2026-06-25,1.19,4.01,-3.38,6.11,-27.89,-29.15
SHAREINDIA,135.19,2026-06-25,-3.26,-2.39,-3.42,9.3,-20.99,-26.0
TRUALT,467.65,2026-06-25,-2.63,-5.07,-3.42,13.55,14.62,
STARCEMENT,210.65,2026-06-25,-0.76,-1.54,-3.42,0.92,-7.1,-0.54
SAGILITY,40.37,2026-06-25,0.85,0.92,-3.42,1.2,-22.69,-4.96
AARTIIND,466.05,2026-06-25,-4.14,-6.44,-3.43,8.07,22.74,-0.7
OMPOWER,182.46,2026-06-25,-0.27,1.96,-3.45,,,
CYIENT,886.25,2026-06-25,1.1,-1.2,-3.46,8.65,-20.98,-29.98
SPARC,224.92,2026-06-25,-5.51,-1.79,-3.46,71.11,65.86,41.4
PRECOT,736.2,2026-06-25,-2.97,0.77,-3.46,42.0,70.61,38.42
URAVIDEF,113.83,2026-06-25,-1.57,-0.08,-3.47,-5.69,-45.31,-77.32
ACCELYA,1102.8,2026-06-25,-1.74,-1.17,-3.47,-3.46,-12.21,-17.2
BEL,407.2,2026-06-25,-5.63,-0.57,-3.47,-1.51,2.23,0.94
LOYALTEX,213.31,2026-06-25,2.55,4.56,-3.48,7.73,-0.01,-25.99
JMFINANCIL,125.81,2026-06-25,-2.31,1.8,-3.48,2.57,-11.85,-16.65
SULA,154.34,2026-06-25,-2.56,-1.07,-3.48,2.32,-30.33,-48.68
FELDVR,2.48,2026-06-25,-4.62,-8.82,-3.5,-3.88,-22.74,-32.79
DHUNINV,850.1,2026-06-25,-2.27,4.43,-3.51,14.33,-36.79,-42.62
HPIL,127.5,2026-06-25,-2.29,1.5,-3.52,4.45,-6.33,-2.03
GRAVISSHO,29.0,2026-06-25,-0.96,-0.34,-3.53,,,
CHAVDA,91.15,2026-06-24,-0.92,1.9,-3.54,1.22,-29.04,-27.14
JUBLFOOD,423.2,2026-06-25,-2.35,0.13,-3.54,-8.47,-24.92,-40.54
DBCORP,199.55,2026-06-25,-1.53,-3.63,-3.54,-0.99,-22.84,-26.3
KOLTEPATIL,368.35,2026-06-25,-2.27,2.08,-3.56,16.42,-5.73,-20.04
BVCL,41.28,2026-06-25,-0.05,-1.48,-3.57,6.36,-8.71,7.95
GSFC,163.13,2026-06-25,-2.18,-1.08,-3.58,7.89,-8.02,-17.76
TDPOWERSYS,1255.1,2026-06-25,-5.38,4.89,-3.59,41.72,74.05,141.86
DOLATALGO,72.99,2026-06-25,-5.31,-4.05,-3.61,2.6,-14.71,-26.97
BLS,259.3,2026-06-25,-2.92,-1.74,-3.62,-1.91,-19.36,-29.08
TREJHARA,141.97,2026-06-25,-3.16,1.5,-3.63,-10.26,-40.5,-39.89
BENGALASM,6365.5,2026-06-25,0.89,-1.64,-3.63,,,
ACI,522.5,2026-06-25,-2.06,-3.04,-3.63,-12.8,0.24,-17.37
ENDURANCE,2699.2,2026-06-25,0.61,3.17,-3.64,15.69,4.54,-1.68
AMBUJACEM,423.75,2026-06-25,-0.99,-1.19,-3.64,0.96,-22.3,-23.87
ASTEC,725.45,2026-06-25,-6.69,-4.92,-3.65,16.35,1.22,-18.32
ORISSAMINE,3929.8,2026-06-25,-4.56,-2.18,-3.65,12.62,-19.56,-20.51
CELLPOINT,15.85,2026-06-24,4.28,-1.86,-3.65,13.21,-6.21,-14.78
SHARIABEES,449.41,2026-06-25,-0.73,-1.17,-3.71,-0.62,-13.7,-12.2
SWIGGY,240.75,2026-06-25,-5.46,-6.4,-3.72,-12.98,-39.82,-39.8
MATRIMONY,401.6,2026-06-25,2.99,1.85,-3.74,-2.17,-24.18,-23.83
MICROPRO,19.25,2026-06-24,-3.02,-3.02,-3.75,2.12,-3.75,-17.91
PNBHOUSING,1044.8,2026-06-25,3.4,2.7,-3.76,30.14,8.12,-3.04
PNGSREVA,388.65,2026-06-25,-3.21,2.06,-3.79,7.05,,
IGIL,359.7,2026-06-25,0.32,-2.59,-3.8,8.16,10.21,1.91
TORNTPOWER,1413.7,2026-06-25,-4.17,2.08,-3.8,1.92,11.91,-1.96
SPIC,69.08,2026-06-25,-2.96,0.1,-3.8,13.17,-13.83,-20.71
MANORG,552.2,2026-06-25,-3.65,11.78,-3.82,39.36,11.97,-3.44
MAGNUM,19.56,2026-06-25,-1.95,-0.76,-3.83,8.01,-14.96,-26.52
ORIENTELEC,177.95,2026-06-25,-1.04,-1.89,-3.83,11.23,-0.68,-18.49
SHRIKRISH,40.93,2026-06-25,-6.51,-0.49,-3.83,,,
MAGADSUGAR,455.05,2026-06-25,-1.59,-1.07,-3.84,1.04,-11.05,-30.53
COLPAL,1993.0,2026-06-25,0.55,-3.14,-3.84,5.0,-3.67,-15.77
VMM,116.39,2026-06-25,-2.11,-3.57,-3.85,7.96,-14.91,-12.82
GROWWCAPM,11.48,2026-06-25,-1.96,-0.69,-3.85,20.59,16.08,
GATECH,0.5,2026-06-25,-1.96,-1.96,-3.85,11.11,-10.71,-48.98
SPENCERS,36.0,2026-06-25,-4.31,-2.39,-3.87,27.93,-13.54,-42.82
POWERGRID,283.9,2026-06-25,-2.02,-0.63,-3.88,-3.76,7.1,0.94
SGMART,588.7,2026-06-25,-0.61,-0.91,-3.89,22.35,55.02,
ALGOQUANT,56.79,2026-06-25,-2.42,0.44,-3.89,6.51,,
PERSISTENT,4841.5,2026-06-25,-0.39,-1.0,-3.9,-1.77,-23.51,-20.24
TNPL,144.99,2026-06-25,-1.53,0.16,-3.9,11.45,0.36,-10.27
PCJEWELLER,8.57,2026-06-25,-4.25,-6.54,-3.92,5.54,-9.5,-30.78
NILE,1744.4,2026-06-25,-1.49,1.03,-3.95,,,
CONSOFINVT,225.11,2026-06-25,-0.14,0.05,-3.96,3.26,30.79,11.25
METROBRAND,1031.3,2026-06-25,-1.23,2.67,-3.98,9.75,-11.54,-9.11
BHEL,402.7,2026-06-25,-2.14,5.18,-3.98,53.67,44.75,54.11
KAYNES,3264.7,2026-06-25,-0.57,5.92,-3.99,-12.19,-20.73,-44.19
BEML,1748.7,2026-06-25,-0.81,-1.69,-3.99,17.05,-6.12,-21.12
ENERGYDEV,16.29,2026-06-25,-0.97,-2.57,-4.01,11.88,-16.07,-24.37
TSFINV,396.75,2026-06-25,-0.64,-1.95,-4.02,5.72,-14.27,-20.7
PRITI,42.03,2026-06-25,-2.26,5.63,-4.02,16.52,-30.18,-55.02
KINGFA,5059.0,2026-06-25,-0.38,0.93,-4.03,24.37,22.16,59.87
ASHIMASYN,15.2,2026-06-25,-4.94,-6.98,-4.04,17.01,-18.24,-45.09
DKEGL,70.9,2026-06-24,10.78,6.86,-4.06,1.36,-11.65,8.87
KOTHARIPET,123.86,2026-06-25,0.62,1.84,-4.09,15.18,-6.77,-31.62
DCMSHRIRAM,1045.6,2026-06-25,0.27,-0.24,-4.1,-6.62,-16.65,-12.16
GODAVARIB,280.85,2026-06-25,-4.73,-1.25,-4.11,-10.08,-3.72,13.7
NIMBSPROJ,209.99,2026-06-25,1.01,1.34,-4.12,,,
MEGATHERM,221.4,2026-06-24,6.57,11.85,-4.14,18.59,-1.18,-36.54
NAHARSPING,252.1,2026-06-25,-1.0,-0.24,-4.14,23.26,27.7,-7.01
LYPSAGEMS,4.83,2026-06-25,-2.82,-2.42,-4.17,4.77,-0.21,-40.37
BLAL,182.11,2026-06-25,-1.26,-1.13,-4.18,10.73,-12.64,-16.54
BAYERCROP,4186.3,2026-06-25,0.18,-2.45,-4.18,-7.0,-7.52,-25.28
SARDAEN,521.1,2026-06-25,-1.7,-0.39,-4.19,0.61,-2.83,19.04
VINYLINDIA,257.0,2026-06-25,0.9,1.94,-4.19,38.68,8.22,-12.62
ASTRAL,1486.9,2026-06-25,-4.55,-3.75,-4.21,-9.7,6.47,-0.96
LGHL,221.97,2026-06-25,-1.78,-3.39,-4.22,-8.67,-20.18,-22.3
AKASH,26.48,2026-06-25,0.08,0.99,-4.23,9.6,3.24,-7.15
CLSEL,285.35,2026-06-25,-3.22,-1.47,-4.24,25.04,9.14,-17.23
JUBLPHARMA,964.4,2026-06-25,0.83,-2.72,-4.25,12.18,-9.58,-18.19
HEMIPROP,139.55,2026-06-25,0.48,-1.08,-4.26,8.3,6.41,1.11
FIRSTCRY,222.96,2026-06-25,0.73,1.96,-4.26,-0.83,-24.85,-34.26
NATHBIOGEN,168.4,2026-06-25,0.11,-0.37,-4.27,24.24,4.27,-19.19
ESCONET,123.4,2026-06-24,4.22,8.77,-4.27,21.22,-16.37,-39.76
SRM,508.65,2026-06-25,-1.44,2.92,-4.28,27.29,-5.23,4.09
INDIANCARD,214.96,2026-06-25,-3.66,-4.04,-4.29,25.47,-10.56,-35.58
SYSTMTXC,62.98,2026-06-25,-5.97,-6.68,-4.29,0.8,-59.18,
OMFURN,54.55,2026-06-24,0.0,-6.03,-4.3,24.97,-38.71,-44.73
VASA,4.45,2026-06-24,0.0,0.0,-4.3,-6.32,-11.0,12.66
DIVIDEND,34.88,2026-06-25,-1.97,-0.99,-4.31,2.17,,
WELINV,1798.9,2026-06-25,6.14,1.06,-4.32,37.72,34.0,69.39
KRISHCA,177.0,2026-06-24,-0.03,0.0,-4.32,7.4,-11.72,-36.31
CENTEXT,19.73,2026-06-25,-2.57,-3.33,-4.32,7.0,-7.98,-3.71
DALMIASUG,324.95,2026-06-25,-3.78,-4.64,-4.33,-1.69,10.36,-20.19
ELECON,522.2,2026-06-25,-4.19,-6.81,-4.33,35.23,8.91,-17.98
KUANTUM,76.42,2026-06-25,1.03,1.03,-4.34,5.22,-18.76,-32.91
COMMOIETF,100.51,2026-06-25,-2.16,-1.58,-4.34,5.89,6.15,13.83
VBL,507.65,2026-06-25,-1.03,-6.16,-4.34,26.73,6.52,10.64
LPDC,6.55,2026-06-25,-2.24,-6.56,-4.38,11.58,-8.52,-25.48
SEJALLTD,740.5,2026-06-25,-5.72,7.24,-4.38,58.33,-16.41,51.14
RUSTOMJEE,384.55,2026-06-25,-2.74,-4.03,-4.38,-1.42,-26.2,-32.64
LLOYDSME,1721.4,2026-06-25,-3.6,-2.63,-4.38,31.71,25.25,13.15
MAXPOSURE,36.0,2026-06-24,4.5,8.6,-4.38,2.27,-25.62,-33.33
VIPCLOTHNG,25.11,2026-06-25,0.28,-0.16,-4.38,50.54,-21.92,-39.19
PRABHA,153.39,2026-06-25,-1.42,-5.69,-4.39,3.43,-19.62,-45.66
VISHNUINFR,162.0,2026-06-24,0.59,-3.31,-4.4,19.29,-6.66,-1.14
ORTEL,1.52,2026-06-25,-5.0,-2.56,-4.4,-14.12,-6.17,-31.84
RAILTEL,314.05,2026-06-25,-2.92,-1.47,-4.41,16.83,-11.66,-25.17
CORALFINAC,31.65,2026-06-25,-1.52,-1.95,-4.41,5.82,-22.84,-30.72
GOPAL,280.05,2026-06-25,-1.79,-1.79,-4.42,5.78,-11.1,-22.81
ODIGMA,24.84,2026-06-25,-3.53,10.84,-4.42,9.72,-24.06,-35.16
IRCTC,514.1,2026-06-25,-1.47,-0.74,-4.42,-1.84,-23.93,-32.07
DCMSRIND,37.93,2026-06-25,-1.45,-3.07,-4.43,16.14,-77.97,-77.34
ATL,24.21,2026-06-25,-2.54,-1.47,-4.46,12.76,-13.38,-17.29
BHARATRAS,1368.5,2026-06-25,-1.93,-4.99,-4.47,2.77,-41.14,-45.68
SANDESH,972.4,2026-06-25,-2.72,1.82,-4.47,7.65,-10.81,-15.25
DHANBANK,32.0,2026-06-25,-7.75,-0.37,-4.48,48.01,28.41,7.31
SESHAPAPER,223.36,2026-06-25,-0.19,-1.4,-4.48,-12.24,-7.69,-25.59
TREEHOUSE,6.59,2026-06-25,-6.79,-6.52,-4.49,-19.54,-17.31,-17.83
ZFSTEERING,676.15,2026-06-25,-3.78,-3.92,-4.49,,,
ASHOKAMET,15.23,2026-06-25,0.73,0.2,-4.51,12.23,-2.37,-12.42
JSWSTEEL,1231.0,2026-06-25,-4.01,-5.05,-4.53,6.49,12.8,20.49
SILGO,75.66,2026-06-25,0.97,0.68,-4.53,7.27,0.99,40.37
RPSGVENT,889.75,2026-06-25,1.89,0.17,-4.53,23.42,15.7,-3.26
ATULAUTO,467.8,2026-06-25,-1.36,0.58,-4.54,12.63,5.97,2.55
AMRUTANJAN,537.3,2026-06-25,-2.1,-3.13,-4.54,3.49,-20.33,-26.15
QUICKTOUCH,25.25,2026-06-24,-0.98,-0.39,-4.54,-12.93,-41.55,-63.38
HEIDELBERG,154.93,2026-06-25,0.07,1.74,-4.55,3.38,-11.64,-20.98
AVADHSUGAR,445.85,2026-06-25,-2.14,-2.99,-4.55,-1.75,19.9,-10.92
UYFINCORP,14.02,2026-06-25,-2.77,-3.11,-4.56,11.09,-1.82,-18.54
BHARTIHEXA,1477.0,2026-06-25,-1.87,0.09,-4.57,-6.71,-18.69,-20.55
SIGIND,47.9,2026-06-25,-3.85,-3.41,-4.58,4.49,-11.77,-23.67
ELECTCAST,78.6,2026-06-25,-5.48,0.52,-4.58,1.51,2.66,-40.25
TMPV,353.2,2026-06-25,-2.3,-10.16,-4.59,12.01,-0.85,-47.2
DHAMPURSUG,136.75,2026-06-25,-3.25,-5.4,-4.59,12.06,12.47,-11.43
ACCURACY,5.59,2026-06-25,-1.24,-0.53,-4.61,41.16,-4.44,-36.48
COCHINSHIP,1458.4,2026-06-25,-1.22,3.3,-4.62,10.7,-11.37,-31.25
SUPREMEIND,3421.9,2026-06-25,-3.95,-2.93,-4.62,-10.07,3.79,-21.67
ASTRAZEN,8391.0,2026-06-25,-2.08,-0.39,-4.65,-0.29,-8.48,-4.83
BAJAJELEC,322.35,2026-06-25,-2.39,0.59,-4.66,-10.82,-33.58,-52.76
AKG,10.62,2026-06-25,-5.68,-0.93,-4.67,1.82,-15.18,-27.66
CENTRUM,21.83,2026-06-25,-10.13,-0.27,-4.67,-28.19,-23.27,-31.14
SADBHAV,8.76,2026-06-25,0.34,-3.74,-4.68,8.42,-31.67,-32.67
TRANSTEEL,122.15,2026-06-24,0.0,0.16,-4.68,-14.58,-16.9,-2.98
TRANSWIND,13.2,2026-06-24,0.0,0.0,-4.69,-35.61,-34.0,-13.16
POWERINDIA,33965.0,2026-06-25,-7.6,-2.1,-4.69,32.31,84.39,73.02
GANESHCP,193.67,2026-06-25,-3.71,-4.46,-4.7,15.87,-14.74,
VRAJ,117.97,2026-06-25,-2.99,-3.29,-4.7,10.14,-6.92,-32.75
ABLBL,97.57,2026-06-25,-0.97,-2.55,-4.71,4.82,-20.69,-36.85
CROWN,110.68,2026-06-25,-3.46,-1.25,-4.71,-6.46,-18.7,-41.23
TATACONSUM,1131.3,2026-06-25,1.65,2.81,-4.71,8.03,-3.25,1.28
PILANIINVS,4397.6,2026-06-25,-0.81,0.39,-4.73,-3.09,-14.65,-15.9
GROWWPSE,100.17,2026-06-25,-2.74,-0.07,-4.75,2.49,,
TOUCHWOOD,69.04,2026-06-25,-6.84,-1.37,-4.77,1.83,-33.62,-39.18
SAHAJSOLAR,134.9,2026-06-24,-1.14,1.54,-4.83,21.53,-20.22,-48.9
SUMMITSEC,1524.4,2026-06-25,-3.02,-0.68,-4.84,4.62,-23.61,-27.39
BAJAJ-AUTO,9843.0,2026-06-25,-3.41,-1.01,-4.86,10.31,8.85,18.98
PFIZER,4460.7,2026-06-25,-0.06,-1.27,-4.87,-5.28,-11.43,-17.63
MBLINFRA,25.0,2026-06-25,-7.27,-8.63,-4.87,13.33,-23.69,-43.45
INDIACEM,383.85,2026-06-25,1.59,-2.66,-4.87,6.65,-12.02,14.8
LTFOODS,385.55,2026-06-25,-0.28,1.11,-4.88,0.39,-4.33,-13.52
BORANA,304.45,2026-06-25,-4.26,-4.44,-4.89,-9.54,2.68,38.43
BLKASHYAP,54.59,2026-06-25,-2.55,0.7,-4.91,10.82,6.73,-16.94
KALYANIFRG,601.65,2026-06-25,-2.87,-0.6,-4.92,3.2,-5.41,-19.65
COALINDIA,435.4,2026-06-25,-3.03,-1.95,-4.93,-1.87,9.64,18.96
KANCHI,372.5,2026-06-25,-6.79,3.98,-4.95,,,
CCHHL,12.68,2026-06-25,1.04,-3.94,-4.95,16.54,-18.93,-26.32
MOPSE,100.91,2026-06-25,-2.97,-0.11,-4.95,1.72,2.93,1.9
BNALTD,340.05,2026-06-25,0.01,0.01,-4.96,,,
NIPPOBATRY,345.3,2026-06-25,-2.86,-3.01,-4.97,18.84,-16.35,-26.38
MURUDCERA,32.12,2026-06-25,-2.19,1.65,-4.97,14.31,-7.83,-24.75
RADIANTCMS,39.35,2026-06-25,-2.07,-2.16,-4.97,10.66,-25.25,-35.52
PRAVEG,250.55,2026-06-25,6.82,7.97,-4.97,,,
JPPOWER,17.94,2026-06-25,-1.54,-2.87,-4.98,17.49,1.87,-0.55
MEGAFLEX,126.95,2026-06-24,0.0,0.0,-4.98,-16.75,9.44,141.81
VISAMAN,107.6,2026-06-24,0.0,-4.99,-4.99,6.01,-11.07,141.8
360ONE,1085.4,2026-06-25,-4.72,-4.01,-4.99,8.94,-8.72,-7.79
EMAMIREAL,83.42,2026-06-25,-7.31,-4.85,-4.99,43.36,1.98,-26.49
CYBERMEDIA,16.74,2026-06-25,-2.28,-1.53,-4.99,27.49,-3.35,-3.07
INVENTURE,0.95,2026-06-25,-1.04,-3.06,-5.0,4.4,-20.83,-41.36
KKVAPOW,582.35,2026-06-24,0.0,-5.0,-5.0,-0.45,-8.15,1.65
JSL,695.05,2026-06-25,-1.94,-0.87,-5.03,-4.03,-12.43,3.58
SAURASHCEM,58.18,2026-06-25,-1.59,-1.56,-5.03,5.02,-28.46,-33.71
PRECWIRE,420.35,2026-06-25,-0.57,4.1,-5.03,33.57,79.43,126.06
MEESHO,186.45,2026-06-25,8.27,10.63,-5.03,24.53,-5.38,
MAFANG,186.57,2026-06-25,-4.61,-2.85,-5.04,16.89,10.97,36.91
MUKANDLTD,133.06,2026-06-25,-3.33,-1.89,-5.05,8.58,-1.31,-5.46
FIDEL,150.0,2026-06-24,-0.73,-5.72,-5.06,24.95,9.01,-21.88
PALASHSECU,91.62,2026-06-25,-3.81,-6.94,-5.06,8.25,-16.28,-27.09
IGCL,59.39,2026-06-25,-3.59,-4.5,-5.1,10.84,-28.79,
ASTRON,3.9,2026-06-25,-2.74,-0.26,-5.11,4.84,-37.2,-75.25
ATMASTCO,174.05,2026-06-24,-4.55,-6.45,-5.12,50.43,23.66,-8.87
DNAMEDIA,2.78,2026-06-25,-2.11,-4.79,-5.12,-0.36,-30.85,-44.18
MKPL,4.81,2026-06-25,-2.24,-3.22,-5.13,1.26,-20.1,-37.77
UNIDT,218.72,2026-06-25,0.15,-5.75,-5.13,37.6,9.32,-3.16
KRIDHANINF,2.96,2026-06-25,1.37,0.68,-5.13,33.33,-27.09,-41.73
RAJMET,3.69,2026-06-25,-3.91,-2.89,-5.14,16.4,-7.29,-23.92
BSHSL,91.4,2026-06-25,-1.17,-2.53,-5.14,23.78,-19.54,-35.44
BAIDFIN,9.78,2026-06-25,-2.2,-2.4,-5.14,-7.3,-16.48,-14.3
ABSLPSE,10.32,2026-06-25,-2.55,-0.19,-5.15,2.18,3.1,2.48
SOLARINDS,17428.0,2026-06-25,-5.49,0.87,-5.16,35.21,39.59,2.58
TFL,12.1,2026-06-25,-0.08,0.67,-5.17,-4.87,-30.02,-26.58
XTGLOBAL,30.96,2026-06-25,5.31,4.84,-5.18,4.24,-13.64,-8.58
KAMOPAINTS,5.11,2026-06-25,-3.77,-3.58,-5.19,21.67,-19.65,-52.47
ADVENTHTL,144.57,2026-06-25,-0.61,3.32,-5.2,-0.48,-40.11,
JSLL,602.25,2026-06-25,-1.08,-1.11,-5.2,1.3,-15.31,41.71
DABUR,423.9,2026-06-25,0.39,-1.22,-5.21,-1.65,-13.59,-10.38
AWL,182.03,2026-06-25,-2.71,-4.28,-5.22,0.07,-22.78,-29.49
MONOPHARMA,10.9,2026-06-24,-0.91,-1.8,-5.22,-8.02,-28.29,-54.49
AXISTECETF,301.01,2026-06-25,-1.08,-2.77,-5.22,-7.42,-28.98,-28.46
NIDAN,13.6,2026-06-24,-2.51,-2.16,-5.23,-6.21,-27.08,-32.0
TECH,29.9,2026-06-25,-1.03,-2.95,-5.23,-6.74,-28.81,-27.88
ATUL,6670.5,2026-06-25,1.9,1.55,-5.24,7.22,10.17,-9.03
TATAELXSI,4028.3,2026-06-25,-2.11,-0.98,-5.24,-2.68,-23.89,-34.56
HDFCLIFE,585.45,2026-06-25,-1.96,1.09,-5.24,-4.14,-22.22,-25.16
SATIA,55.79,2026-06-25,-1.1,0.43,-5.25,-2.52,-15.79,-36.99
MEIL,306.3,2026-06-25,-3.68,-1.35,-5.26,26.83,-17.54,
ACL,52.34,2026-06-25,-1.1,-3.09,-5.27,18.74,-24.93,-20.85
IT,30.38,2026-06-25,-0.88,-2.5,-5.27,-7.04,-28.72,-28.04
PTC,181.8,2026-06-25,-4.29,-4.62,-5.28,11.99,17.18,8.76
TVSELECT,501.5,2026-06-25,4.16,10.51,-5.29,30.04,12.48,17.32
MFML,22.73,2026-06-25,-0.35,-0.92,-5.29,-5.17,-10.86,-23.78
REXPIPES,174.25,2026-06-24,0.0,0.0,-5.3,-6.42,13.15,30.52
KPEL,348.95,2026-06-25,-0.63,-0.81,-5.31,26.75,-0.06,-33.02
ELCIDIN,115975.0,2026-06-25,-0.67,-1.67,-5.32,,,
GENUSPAPER,12.1,2026-06-25,-3.97,-1.31,-5.32,15.68,-8.19,-37.79
RENUKA,22.4,2026-06-25,-3.28,-6.9,-5.33,-10.79,-12.87,-32.39
SYNGENE,436.5,2026-06-25,-1.28,-3.48,-5.33,4.53,-32.96,-32.67
DALBHARAT,1720.4,2026-06-25,0.84,0.35,-5.33,-8.42,-18.2,-17.45
BALAJEE,29.29,2026-06-25,-1.51,1.31,-5.33,18.34,-30.18,-37.36
KAUSHALYA,837.55,2026-06-25,-0.29,-2.29,-5.35,3.49,-5.14,-7.82
PROTEAN,597.1,2026-06-25,-2.43,-4.11,-5.36,20.21,-23.17,-29.82
TATAPOWER,388.95,2026-06-25,-3.59,-3.15,-5.37,0.17,3.07,-2.9
ITADD,29.05,2026-06-25,-0.75,-2.25,-5.37,-7.01,-28.66,-28.17
ITETF,28.9,2026-06-25,-1.13,-2.73,-5.4,-7.37,-29.06,-28.52
ONEPOINT,57.9,2026-06-25,-0.63,-1.98,-5.41,28.92,0.77,11.07
DVL,235.72,2026-06-25,-3.31,-2.02,-5.41,16.21,-17.11,-29.61
KMSUGAR,26.07,2026-06-25,-2.98,-4.54,-5.41,2.96,-4.78,-9.38
SBIETFIT,303.04,2026-06-25,-0.95,-2.77,-5.42,-7.31,-29.11,-28.41
TOKYOPLAST,83.16,2026-06-25,-1.6,-2.13,-5.42,25.13,-26.5,-39.27
OSWALAGRO,43.4,2026-06-25,-0.14,-1.3,-5.43,8.23,-26.14,-53.51
TAKE,28.02,2026-06-25,-6.22,-5.11,-5.43,-26.44,-28.19,223.93
ZAGGLE,205.6,2026-06-25,-4.78,-2.96,-5.44,-2.12,-41.68,-51.23
UNITEDPOLY,32.03,2026-06-25,-3.61,-3.06,-5.46,30.63,20.91,64.68
MUKTAARTS,60.99,2026-06-25,-7.01,-3.34,-5.47,43.98,-3.24,-27.44
LANDSMILL,0.86,2026-06-25,2.38,-2.27,-5.49,-14.0,-43.79,-2.27
ARE&M,834.8,2026-06-25,-2.61,-0.27,-5.5,15.14,-9.79,-12.95
VSTTILLERS,4483.1,2026-06-25,-1.82,-3.35,-5.51,-12.51,-25.46,22.12
MCL,57.24,2026-06-25,-4.06,-3.99,-5.51,-5.03,6.61,4.15
AARTIDRUGS,372.7,2026-06-25,-0.98,-0.72,-5.51,9.26,-11.21,-17.07
SYMPHONY,682.1,2026-06-25,-3.14,1.49,-5.52,-8.79,-19.06,-36.29
MVGJL,143.8,2026-06-25,-2.69,-5.4,-5.52,0.45,-21.55,-44.14
INDIAGLYCO,955.45,2026-06-25,-0.06,-2.4,-5.52,7.44,-8.33,-3.68
NUVOCO,306.2,2026-06-25,-2.44,-2.39,-5.54,0.97,-16.46,-12.18
AARTISURF,373.75,2026-06-25,-0.47,-4.06,-5.54,5.74,-5.74,-32.54
APLAPOLLO,1793.5,2026-06-25,-3.31,-2.2,-5.54,-10.26,-3.5,0.21
BTML,6.13,2026-06-25,0.99,-5.84,-5.55,7.17,-24.04,-27.11
GANECOS,889.9,2026-06-25,-3.38,-4.22,-5.57,16.08,1.74,-39.37
ITBEES,30.36,2026-06-25,-1.08,-2.66,-5.57,-7.38,-28.95,-28.46
HCLTECH,1100.7,2026-06-25,-2.64,-1.66,-5.58,-18.79,-32.53,-33.15
CSLFINANCE,225.97,2026-06-25,-0.14,-1.42,-5.58,-4.21,-27.9,-32.48
MALUPAPER,30.95,2026-06-25,-1.87,-4.94,-5.58,-4.48,-12.62,-23.32
LIBAS,11.64,2026-06-25,-1.1,-4.43,-5.6,18.78,4.58,-15.84
IWP,33.37,2026-06-25,0.09,-0.68,-5.6,,,
ITIETF,30.37,2026-06-25,-1.11,-2.54,-5.6,-7.07,-28.88,-28.29
PICCADIL,564.75,2026-06-25,-2.18,-1.51,-5.62,4.29,-0.02,
SPCL,71.3,2026-06-24,0.85,1.49,-5.63,4.47,-11.81,-43.68
RACLGEAR,1342.7,2026-06-25,-1.57,1.19,-5.64,5.94,25.52,48.0
HDFCNIFIT,29.21,2026-06-25,-1.05,-2.63,-5.65,-7.21,-28.96,-28.23
ORIENTALTL,6.0,2026-06-25,-4.31,-6.83,-5.66,16.96,-28.49,-54.89
SOTAC,105.0,2026-06-24,-5.41,-5.41,-5.66,-8.7,-14.91,-12.02
MOS,12.45,2026-06-24,-9.45,-22.91,-5.68,18.57,-45.39,-95.13
MASTEK,1575.2,2026-06-25,-1.91,-2.58,-5.68,8.63,-26.3,-36.51
DUCON,3.32,2026-06-25,-5.41,-12.4,-5.68,18.57,-6.74,-44.2
AARTIPHARM,690.7,2026-06-25,1.87,7.81,-5.7,8.09,-8.9,-19.9
LASA,7.6,2026-06-25,2.7,6.44,-5.71,18.38,-17.3,-18.28
VENKEYS,1421.5,2026-06-25,-3.16,1.43,-5.72,12.93,-3.91,-11.24
ITBETA,287.69,2026-06-25,-0.95,-2.6,-5.72,-7.0,-28.91,-28.17
SAKHTISUG,16.93,2026-06-25,-2.87,-7.18,-5.73,16.84,-11.31,-32.87
LTM,3762.6,2026-06-25,-1.76,-3.47,-5.74,-11.18,-38.13,-29.58
SICAGEN,53.19,2026-06-25,-3.29,-2.49,-5.74,118.44,118.44,118.44
GSPCROP,414.45,2026-06-25,-4.7,-9.23,-5.75,17.42,,
PIIND,2684.9,2026-06-25,-4.3,-5.28,-5.76,-7.59,-16.43,-35.32
NILAINFRA,7.68,2026-06-25,-4.83,-3.52,-5.77,11.14,-21.87,-38.61
NAMAN,47.1,2026-06-24,-0.84,-1.67,-5.8,-0.84,-26.86,-56.15
ICEMAKE,768.7,2026-06-25,-0.65,0.79,-5.81,5.65,-5.92,-1.98
KRITIKA,5.84,2026-06-25,-2.18,-4.26,-5.81,7.55,-18.55,-42.24
NMDC,84.94,2026-06-25,-3.69,-3.99,-5.82,9.11,7.48,28.58
APOLLO,384.4,2026-06-25,-9.5,-8.83,-5.83,94.47,46.16,94.91
HGINFRA,567.5,2026-06-25,-2.89,-1.34,-5.86,17.08,-28.16,-45.33
ESFL,118.15,2026-06-24,0.55,0.08,-5.86,-3.04,-43.95,-73.37
SPMLINFRA,199.07,2026-06-25,-4.88,6.47,-5.89,20.9,14.15,-20.94
IRCON,134.16,2026-06-25,-3.57,-2.6,-5.91,8.35,-20.79,-33.1
KARMAENG,43.44,2026-06-25,7.02,1.38,-5.91,14.92,-15.32,-39.73
MERCANTILE,25.25,2026-06-25,-3.96,-0.28,-5.92,,,
WINSOL,128.45,2026-06-24,1.14,2.23,-5.93,16.14,-18.86,-37.52
HOMESFY,111.0,2026-06-24,0.0,-5.61,-5.93,-13.28,-34.69,-61.32
ICDSLTD,42.32,2026-06-25,-0.19,-1.79,-5.93,2.47,-3.8,-27.66
ANNAPURNA,130.85,2026-06-24,-0.91,-2.42,-5.96,-12.62,-38.19,-52.31
COMPINFO,1.26,2026-06-25,-5.26,-7.35,-5.97,27.27,-25.44,-29.21
BALPHARMA,83.27,2026-06-25,-4.43,-5.14,-5.97,24.49,13.54,-15.56
RAJOOENG,54.41,2026-06-25,-3.13,-1.13,-5.98,0.0,-12.47,-53.18
SEL,183.3,2026-06-24,0.0,3.56,-6.0,36.79,-10.15,-39.7
NECLIFE,11.42,2026-06-25,-3.38,-3.95,-6.01,10.98,-45.98,-48.97
ESTER,89.84,2026-06-25,-2.34,-0.26,-6.03,4.21,-15.27,-30.15
BYKE,33.64,2026-06-25,-4.89,-8.71,-6.09,10.77,-35.37,-60.6
SHREERAMA,42.4,2026-06-25,-2.71,0.47,-6.11,-19.98,-31.93,-0.89
MANAKSIA,58.41,2026-06-25,0.15,-2.28,-6.11,22.17,-6.72,-20.56
WHIRLPOOL,802.8,2026-06-25,-1.78,1.11,-6.12,-0.55,-13.11,-41.72
UEL,132.93,2026-06-25,-5.12,-8.27,-6.13,-8.48,-6.58,21.86
ORIENTPPR,17.11,2026-06-25,-3.33,-3.44,-6.14,9.33,-26.03,-41.12
PAVNAIND,17.64,2026-06-25,-4.08,4.26,-6.17,8.96,-29.19,-57.32
SRTL,40.45,2026-06-25,0.9,-2.18,-6.17,-8.73,,
NTPCGREEN,95.72,2026-06-25,-1.5,-3.05,-6.18,-0.99,2.63,-10.74
3BBLACKBIO,1159.7,2026-06-25,-3.58,-9.92,-6.19,,,
BALAJITELE,88.26,2026-06-25,0.8,3.99,-6.19,10.48,-24.94,-4.86
CROMPTON,275.3,2026-06-25,-0.34,3.48,-6.2,13.5,6.95,-21.73
AARON,118.16,2026-06-25,-1.62,-3.65,-6.2,-9.29,-33.82,-36.75
DPEL,476.1,2026-06-24,-1.52,-2.44,-6.2,16.45,79.66,243.75
EMPOWER,2.27,2026-06-25,11.27,20.11,-6.2,,,
ZENITHSTL,5.59,2026-06-25,-4.93,-0.36,-6.21,16.46,-21.6,-35.82
KEEPLEARN,1.96,2026-06-25,-1.01,-1.01,-6.22,13.95,-20.0,-42.86
SINTERCOM,74.24,2026-06-25,-4.45,2.57,-6.22,1.95,-27.43,-42.16
BHANDARI,3.01,2026-06-25,-0.66,-3.22,-6.23,24.38,-23.99,-45.08
SHANTI,6.32,2026-06-25,-3.81,0.64,-6.23,16.18,-31.15,-62.51
CUBEXTUB,84.34,2026-06-25,-2.73,-2.54,-6.26,-1.17,-10.83,-21.0
CMSINFO,291.1,2026-06-25,-3.63,-2.33,-6.26,7.12,-15.87,-40.13
JSFB,448.5,2026-06-25,-2.75,-5.94,-6.28,17.19,7.35,-12.0
BONLON,43.13,2026-06-25,-2.2,-3.81,-6.3,13.5,,
FONEBOX,78.0,2026-06-24,0.06,-4.88,-6.31,14.71,-17.46,-5.45
LTTS,3322.4,2026-06-25,-0.47,-2.15,-6.31,4.98,-27.09,-22.61
TENNIND,578.8,2026-06-25,-1.35,4.52,-6.31,9.98,16.75,
GROWWMETAL,11.85,2026-06-25,-4.2,-4.82,-6.32,10.44,16.24,
BANARISUG,3377.9,2026-06-25,-3.88,-7.44,-6.32,-6.33,-7.16,-13.19
SIL,15.31,2026-06-25,-2.11,-2.3,-6.36,13.91,-1.04,-19.24
NLCINDIA,320.1,2026-06-25,-2.29,0.69,-6.36,19.69,29.98,43.2
ATAM,70.02,2026-06-25,-2.12,-1.92,-6.37,32.61,-15.98,-33.98
GSS,13.18,2026-06-25,0.69,1.7,-6.39,31.67,-19.93,-61.24
JYOTISTRUC,11.68,2026-06-25,-4.58,-4.5,-6.41,13.4,18.1,-38.62
SALONA,258.9,2026-06-25,-4.2,-0.71,-6.43,-2.54,-2.5,2.62
TEAMGTY,236.0,2026-06-25,0.68,-1.52,-6.44,-12.4,-20.95,30.67
XCHANGING,62.46,2026-06-25,-3.79,-3.69,-6.44,12.78,-24.39,-34.94
ICICIPRULI,491.05,2026-06-25,-3.01,1.01,-6.45,-8.85,-24.43,-22.36
JAIBALAJI,68.19,2026-06-25,-4.44,-0.34,-6.45,15.22,6.86,-41.8
RULKA,87.0,2026-06-24,-3.44,-3.23,-6.45,6.29,-19.41,-37.09
METAL,12.57,2026-06-25,-4.84,-4.99,-6.47,10.36,16.5,34.44
WILLAMAGOR,26.18,2026-06-25,-1.84,-3.36,-6.5,5.44,-7.26,-20.71
A2ZINFRA,13.82,2026-06-25,-2.88,-3.42,-6.5,-20.44,-19.88,-32.16
AVPINFRA,68.05,2026-06-24,0.37,-6.65,-6.52,-23.41,-45.78,-64.58
PPLPHARMA,167.69,2026-06-25,5.79,0.29,-6.56,18.87,-5.43,-16.91
AUROIMPEX,27.0,2026-06-24,-1.64,-3.57,-6.57,3.45,-38.22,-40.85
SWARAJ,246.1,2026-06-24,-1.26,-4.46,-6.59,-11.01,-0.75,23.51
DBREALTY,112.96,2026-06-25,-4.69,-1.74,-6.6,19.37,-6.67,-50.16
PENINLAND,15.7,2026-06-25,0.71,2.01,-6.6,-3.5,-41.13,-44.27
PGHH,9020.5,2026-06-25,-1.49,0.32,-6.61,-6.56,-29.59,-31.76
DRCSYSTEMS,14.21,2026-06-25,-1.46,-0.7,-6.64,8.23,-18.43,-26.79
INDIFRA,12.65,2026-06-24,0.0,-8.0,-6.64,-1.17,-20.69,-33.25
RSYSTEMS,249.6,2026-06-25,-1.85,-2.75,-6.66,-2.37,-37.21,-43.03
RHIM,376.2,2026-06-25,-3.29,0.19,-6.68,6.83,-15.89,-21.63
MFSL,1611.4,2026-06-25,-4.46,-1.3,-6.68,1.61,-4.0,-1.01
DIGIDRIVE,18.54,2026-06-25,-2.22,-0.16,-6.69,-4.09,-30.9,-40.12
ALMONDZ,13.03,2026-06-25,-0.46,-2.62,-6.73,-3.12,-25.11,-37.72
RHL,177.3,2026-06-25,-0.87,0.02,-6.76,1.62,-6.16,-34.08
SINDHUTRAD,24.99,2026-06-25,-0.79,-0.4,-6.79,7.39,21.61,-1.88
METALIETF,12.48,2026-06-25,-4.88,-5.6,-6.8,9.67,15.88,33.76
ARFIN,89.81,2026-06-25,-7.44,-2.4,-6.82,15.17,30.63,
UMA,18.4,2026-06-24,0.0,1.66,-6.84,19.48,-6.12,-29.9
GPIL,265.4,2026-06-25,-4.14,-5.8,-6.89,-4.29,5.11,43.86
VIVIDHA,0.54,2026-06-25,1.89,3.85,-6.9,1.89,-19.4,-35.71
MEDPLUS,835.0,2026-06-25,0.2,-4.1,-6.91,0.09,1.79,-5.52
RPOWER,24.88,2026-06-25,-6.04,-6.61,-6.92,9.75,-34.8,-62.73
ARIES,339.3,2026-06-25,2.03,1.07,-6.93,-3.02,5.55,4.98
USASEEDS,93.0,2026-06-24,0.0,-2.11,-6.95,3.22,-36.3,-43.64
MASPTOP50,76.51,2026-06-25,-2.25,-2.96,-6.96,10.17,6.96,40.39
DCI,269.05,2026-06-25,-0.44,-0.39,-6.98,-9.96,10.15,-2.99
INFOMEDIA,5.73,2026-06-25,-3.7,-1.04,-6.98,15.29,-12.65,-29.87
ANURAS,1275.1,2026-06-25,-0.56,0.44,-7.0,0.64,-3.47,12.54
EMKAYTOOLS,93.0,2026-06-24,-2.11,-6.11,-7.0,-0.53,-20.51,-61.44
ABANSENT,26.39,2026-06-25,-1.97,-5.24,-7.01,,,
OLIL,427.9,2026-06-24,-1.17,-1.59,-7.01,34.86,29.8,126.4
AVROIND,10.59,2026-06-25,4.03,-2.13,-7.02,-10.31,-11.19,-36.99
SIGNATURE,756.5,2026-06-25,-4.59,-4.01,-7.02,-2.36,-33.73,-39.57
VCL,1.32,2026-06-25,5.6,0.76,-7.04,-2.94,-33.33,53.49
CMRSL,68.0,2026-06-24,0.0,0.74,-7.04,17.34,-8.72,-22.7
DEEPAKNTR,1622.4,2026-06-25,-2.94,-2.66,-7.07,18.47,-6.79,-16.23
ATLANTAA,39.85,2026-06-25,-2.66,-1.19,-7.07,10.97,-9.51,14.18
PROV,1525.0,2026-06-24,1.67,1.33,-7.07,32.61,15.36,52.5
DOLLEX,29.5,2026-06-24,-2.48,-4.38,-7.09,-3.28,-27.43,-21.44
DRL,11.75,2026-06-24,-7.48,-4.47,-7.11,25.67,-46.47,-60.3
RSDFIN,84.0,2026-06-25,-1.15,2.44,-7.13,,,
AJAXENGG,533.25,2026-06-25,-6.08,-2.93,-7.14,15.56,-10.75,-16.21
BMWVENTLTD,57.87,2026-06-25,-1.92,-2.58,-7.16,7.21,1.74,
DMCC,258.85,2026-06-25,1.71,1.01,-7.17,17.54,-0.82,-0.99
TARC,123.77,2026-06-25,-4.53,-3.9,-7.21,0.84,-17.53,-37.69
EMMIL,131.0,2026-06-24,-1.65,3.84,-7.22,6.24,-34.48,-31.57
VAKRANGEE,6.15,2026-06-25,-2.23,-3.15,-7.24,13.47,-22.25,-36.0
SHREYANIND,139.07,2026-06-25,0.46,-4.81,-7.24,-4.52,-20.58,-38.72
IPL,163.49,2026-06-25,-3.81,0.56,-7.28,20.7,-6.75,-26.32
PREMCO,362.5,2026-06-25,-2.55,-5.28,-7.28,,,
FLFL,1.39,2026-06-25,1.46,4.51,-7.33,8.59,-2.11,-18.71
V2RETAIL,221.23,2026-06-25,-7.25,-4.5,-7.35,12.7,-8.32,19.29
KARNIKA,126.0,2026-06-24,-0.75,-7.59,-7.35,10.53,6.42,-81.01
PURVA,212.97,2026-06-25,-2.17,-0.36,-7.36,17.22,-14.72,-27.52
BILVYAPAR,4.28,2026-06-25,-1.61,7.54,-7.36,-18.32,-44.05,-63.45
ANDHRSUGAR,80.42,2026-06-25,-5.33,-4.51,-7.39,8.21,6.39,0.94
SAGARDEEP,24.94,2026-06-25,-2.08,-1.11,-7.39,8.67,-2.96,-23.05
ISFT,78.08,2026-06-25,-3.68,-7.79,-7.4,28.72,-16.02,-31.48
GROWWRAIL,29.39,2026-06-25,-3.45,-0.88,-7.4,-0.51,-14.98,-23.6
BAJAJINDEF,259.75,2026-06-25,2.99,8.75,-7.4,13.69,-23.86,-36.03
GMRP&UI,99.6,2026-06-25,-2.1,-6.32,-7.43,-2.28,-11.05,-8.11
ULTRAMAR,375.5,2026-06-25,1.08,-1.78,-7.43,,,
UTTAMSUGAR,227.31,2026-06-25,-3.17,-4.56,-7.45,-4.49,-13.27,-24.81
AVONMORE,10.55,2026-06-25,-3.12,-5.8,-7.46,-9.75,-44.79,-41.45
UNITEDTEA,477.85,2026-06-25,-2.02,-4.86,-7.46,-7.86,7.1,8.93
GLOBE,2.23,2026-06-25,0.0,-3.88,-7.47,-2.62,-16.79,-6.69
BALAXI,23.12,2026-06-25,0.22,-2.82,-7.48,30.33,-18.39,-53.71
SINGERIND,70.01,2026-06-25,-2.36,-2.12,-7.5,2.44,,
TRUST,31.45,2026-06-24,1.45,-2.93,-7.5,1.62,-35.82,-50.71
LATENTVIEW,297.9,2026-06-25,-0.5,-1.6,-7.5,9.89,-35.76,-27.81
CPSEETF,96.14,2026-06-25,-3.44,-0.84,-7.51,-4.35,5.44,3.4
NDL,2.46,2026-06-25,-1.99,-5.75,-7.52,16.04,-18.54,-34.57
VIKASECO,1.23,2026-06-25,-3.15,-4.65,-7.52,2.5,-31.28,-50.6
SHARDACROP,876.55,2026-06-25,-2.95,-4.23,-7.53,-7.79,1.04,9.1
DTL,120.2,2026-06-24,-0.66,-7.54,-7.54,14.2,-17.67,-23.92
INNOVISION,286.5,2026-06-25,-3.47,-2.05,-7.55,-23.94,,
ADVENZYMES,348.35,2026-06-25,-7.09,-5.17,-7.56,26.9,13.23,6.79
NKIND,62.11,2026-06-25,-3.04,-4.39,-7.57,-2.25,-8.66,-10.65
APOLLOPIPE,481.7,2026-06-25,-2.3,-4.9,-7.58,16.21,56.91,12.3
ARIS,114.24,2026-06-25,-4.96,-8.9,-7.58,10.16,-17.28,-34.49
CARRARO,560.65,2026-06-25,-3.57,5.94,-7.6,20.32,2.45,28.61
SHEKHAWATI,13.7,2026-06-25,-3.52,-6.68,-7.62,28.4,-30.39,-43.01
ABBOTINDIA,25585.0,2026-06-25,-1.84,-2.55,-7.65,-3.11,-10.28,-18.11
VIKRAMSOLR,185.28,2026-06-25,-6.5,-12.95,-7.65,-5.0,-23.26,
MOIL,279.55,2026-06-25,-4.1,-5.48,-7.66,-3.34,-18.76,-23.49
BRNL,18.75,2026-06-25,-0.42,0.05,-7.68,-2.09,-15.27,-11.26
ISHAN,0.6,2026-06-24,-7.69,0.0,-7.69,9.09,-25.0,-40.0
SMLT,69.71,2026-06-25,-5.05,-0.75,-7.71,7.05,-19.17,-43.42
SAHYADRI,281.4,2026-06-25,-3.86,3.17,-7.71,25.71,10.33,-8.01
EXCELINDUS,906.5,2026-06-25,-1.35,-2.09,-7.72,0.08,-3.36,-26.32
HRHNEXT,25.7,2026-06-24,1.38,-0.39,-7.72,-5.17,-4.64,-53.44
MAHAPEXLTD,47.04,2026-06-25,-2.02,-3.88,-7.73,-11.86,-56.44,-59.02
SSDL,57.28,2026-06-25,-2.44,0.76,-7.73,5.78,-27.51,-41.29
INOXWIND,89.52,2026-06-25,-3.63,-0.39,-7.75,9.28,-29.37,-48.95
BI,56.99,2026-06-25,-0.07,-3.19,-7.77,,,
QUESTLAB,99.6,2026-06-24,-2.06,-0.05,-7.78,-7.13,2.05,14.48
GICRE,360.95,2026-06-25,-2.26,-6.79,-7.78,-1.73,-3.1,-3.59
URJA,9.93,2026-06-25,-1.39,-7.63,-7.8,10.7,-10.78,-35.6
BLUECOAST,29.64,2026-06-25,2.35,2.28,-7.81,49.47,-18.79,-1.2
GLENMARK,2154.4,2026-06-25,-1.71,-0.1,-7.81,-0.65,6.65,25.78
MICEL,40.42,2026-06-25,-5.32,-5.1,-7.82,21.78,-12.15,-25.11
ROCKINGDCE,175.0,2026-06-24,0.0,-9.33,-7.85,16.67,-30.15,-5.66
MAGSON,170.0,2026-06-24,1.19,6.18,-7.86,18.1,37.71,21.43
RUDRA,17.4,2026-06-25,-1.97,-4.34,-7.89,5.9,-31.6,
VIDHIING,279.25,2026-06-25,-2.34,-3.94,-7.91,-0.36,-16.63,-32.72
DRSDILIP,110.0,2026-06-24,0.0,0.0,-7.95,-5.58,83.03,12.24
FELIX,191.45,2026-06-24,0.74,3.12,-7.96,11.08,19.58,13.05
JAINAM,255.0,2026-06-24,0.0,-0.12,-7.96,47.4,4.04,-9.41
ASTAR,644.15,2026-06-25,3.9,6.76,-7.97,,,
ARABIAN,64.0,2026-06-24,-3.03,-3.03,-7.98,-6.02,-13.34,-21.95
SKIL,0.92,2026-06-24,0.0,-4.17,-8.0,-1.08,-22.69,-65.93
AMEYA,104.0,2026-06-24,0.1,-1.89,-8.01,9.47,-0.91,-6.64
VHLTD,128.42,2026-06-25,-4.93,-7.26,-8.03,-8.06,-13.21,32.65
DSFCL,23.91,2026-06-25,0.63,1.1,-8.04,19.43,,
SYLVANPLY,49.65,2026-06-24,-4.98,-4.52,-8.06,9.72,-18.61,-39.23
THAKDEV,129.26,2026-06-24,2.39,6.96,-8.07,,,
RADIOWALLA,27.35,2026-06-24,10.06,1.86,-8.07,6.63,-51.16,-56.2
GREENCHEF,50.6,2026-06-24,-4.62,-1.65,-8.08,16.59,-13.95,-17.12
KLL,32.8,2026-06-24,2.18,-8.89,-8.12,-15.25,-30.73,-56.03
ALLCARGO,8.15,2026-06-25,-4.68,-11.22,-8.12,5.98,-24.47,-76.98
HDIL,1.81,2026-06-25,0.0,-3.72,-8.12,-10.84,-25.21,-48.58
MUNJALSHOW,128.25,2026-06-25,-0.8,-0.8,-8.18,7.15,0.84,1.93
AHLWEST,596.6,2026-06-25,-5.27,6.54,-8.19,313.87,313.87,313.87
DEVX,35.72,2026-06-25,-0.89,-1.95,-8.22,-0.14,-14.67,
ANKITMETAL,1.45,2026-06-25,-3.97,-8.81,-8.23,2.11,-15.2,-27.5
CONCOR,469.8,2026-06-25,-0.81,2.27,-8.25,5.54,-7.01,-21.19
SBILIFE,1744.9,2026-06-25,-3.36,-0.83,-8.25,-5.77,-13.73,-5.18
HAPPSTMNDS,342.45,2026-06-25,-1.71,-2.62,-8.26,-13.98,-29.25,-46.78
RKDL,19.38,2026-06-25,1.95,7.07,-8.28,-0.56,-16.1,-34.19
UGARSUGAR,38.6,2026-06-25,-2.67,-5.92,-8.29,-0.46,-6.83,-19.15
AKSHAR,0.44,2026-06-25,-2.22,-2.22,-8.33,12.82,-15.38,-20.0
COMFINTE,5.94,2026-06-25,-0.5,-1.98,-8.33,,,
MONEYBOXX,66.78,2026-06-25,-2.31,-3.86,-8.37,-1.68,6.05,
TATASTEEL,188.71,2026-06-25,-5.16,-4.34,-8.38,-2.06,13.25,23.15
TIJARIA,4.25,2026-06-25,-11.64,-4.71,-8.41,-5.56,-12.55,-45.44
PKTEA,764.65,2026-06-25,-1.72,0.74,-8.41,-6.32,-16.91,-4.09
GUJAPOLLO,359.5,2026-06-25,-4.59,-3.79,-8.43,-14.68,-14.68,-0.61
SGL,10.21,2026-06-25,-0.1,-4.49,-8.43,-0.29,-19.1,-36.58
EUROBOND,171.16,2026-06-25,-2.73,-1.89,-8.44,13.19,-4.54,-2.19
SHIVAMILLS,62.0,2026-06-25,-2.82,-2.29,-8.47,26.84,2.14,-19.69
HCG,600.4,2026-06-25,-2.43,-4.3,-8.47,12.06,-11.4,11.09
ROSSTECH,932.5,2026-06-25,-13.76,-6.54,-8.48,32.61,46.99,129.4
WAKEFIT,119.83,2026-06-25,-3.71,-3.81,-8.48,-25.67,-36.09,
GKSL,129.23,2026-06-25,0.02,-0.99,-8.51,25.41,,
SENCO,323.55,2026-06-25,-4.54,-7.61,-8.55,9.49,1.61,-6.29
LUMAXIND,5291.5,2026-06-25,0.62,-1.3,-8.55,2.78,-4.7,62.49
SECURKLOUD,19.01,2026-06-25,-0.11,0.0,-8.56,-9.82,-23.65,-24.86
SOMATEX,94.68,2026-06-25,-1.49,-3.43,-8.58,7.51,-23.46,116.81
INCREDIBLE,32.9,2026-06-25,-4.72,-5.81,-8.61,4.21,-16.94,-21.65
INSPIRISYS,109.0,2026-06-25,-1.8,-3.21,-8.62,42.93,23.35,9.0
JAYAGROGN,210.85,2026-06-25,-2.41,-3.69,-8.63,22.32,3.25,-16.24
GTPL,60.98,2026-06-25,-3.98,-6.24,-8.63,4.19,-39.07,-47.74
KPIGREEN,398.7,2026-06-25,-2.99,-1.63,-8.63,3.84,-6.44,-19.88
IRFC,91.77,2026-06-25,-9.05,-5.47,-8.64,-3.64,-23.66,-32.99
WEBELSOLAR,101.48,2026-06-25,-4.28,-3.49,-8.67,36.07,8.04,-23.37
EXPLEOSOL,826.4,2026-06-25,0.22,2.83,-8.69,17.34,-17.22,-36.35
TRACXN,30.44,2026-06-25,0.33,-4.52,-8.7,4.78,-24.86,-47.8
BHARATWIRE,202.4,2026-06-25,-5.2,-4.22,-8.71,26.11,11.19,-7.79
INDOWIND,9.1,2026-06-25,-0.76,-2.78,-8.73,8.33,-37.41,-55.19
SUKHJITS,178.64,2026-06-25,0.56,4.96,-8.75,15.19,8.16,-7.76
ALANKIT,8.33,2026-06-25,-1.65,0.0,-8.76,11.21,-23.65,-42.43
SEAMECLTD,1488.0,2026-06-25,8.88,-7.5,-8.81,4.67,45.63,77.04
SIKKO,3.83,2026-06-25,-3.77,-4.25,-8.81,-17.1,-31.48,-3.56
RACE,111.21,2026-06-25,-1.73,1.1,-8.81,17.27,-21.69,-56.22
FCONSUMER,0.31,2026-06-24,0.0,-3.12,-8.82,-3.12,-31.11,-38.0
GOLD360,140.45,2026-06-25,-1.54,-4.55,-8.83,0.68,5.13,46.3
SOUTHWEST,223.75,2026-06-25,-9.61,-10.95,-8.85,3.77,13.93,50.57
EMUDHRA,440.75,2026-06-25,-2.96,-3.38,-8.86,13.03,-25.15,-42.62
IBLFL,54.5,2026-06-24,-0.46,-5.22,-8.86,17.2,-13.42,-13.49
GUJGASLTD,344.0,2026-06-25,-7.73,-13.94,-8.87,3.86,-12.18,-23.71
STAR,1082.2,2026-06-25,-3.05,-0.29,-8.91,16.47,15.34,22.26
SONAMLTD,52.52,2026-06-25,-2.72,-4.72,-8.93,-3.54,26.92,12.01
DISHTV,3.16,2026-06-25,-0.32,0.32,-8.93,45.62,-19.39,-36.29
LAXMIDENTL,224.76,2026-06-25,-0.32,-0.9,-8.95,29.54,-14.56,-47.56
BAWEJA,28.5,2026-06-24,-1.21,-4.68,-8.95,6.34,-29.1,-46.48
JINDALPOLY,643.35,2026-06-25,-3.92,-12.99,-8.96,-21.62,31.94,6.59
RALLIS,227.52,2026-06-25,-2.62,-0.58,-8.97,-2.5,-15.09,-27.91
SUMEETINDS,27.2,2026-06-25,0.29,6.79,-8.97,-6.59,-11.89,100.03
KALPATARU,307.55,2026-06-25,-5.7,-4.09,-8.97,9.51,-7.52,
INFY,1041.2,2026-06-25,-2.27,-8.26,-8.97,-16.84,-36.05,-33.12
SURAKSHA,271.65,2026-06-25,-2.51,1.27,-8.99,9.43,0.02,-22.37
DOLPHIN,372.25,2026-06-25,-3.69,-4.65,-9.0,-7.82,-15.34,-3.99
MAHKTECH,21.42,2026-06-25,-4.03,-6.46,-9.01,-5.56,-16.26,-2.37
FORCEMOT,18391.0,2026-06-25,-0.71,-0.8,-9.02,-14.36,0.14,32.73
ALLETEC,146.95,2026-06-24,1.21,0.31,-9.04,6.45,-32.91,-60.94
SHINDL,144.05,2026-06-25,-5.85,-8.98,-9.05,,,
SUMICHEM,435.3,2026-06-25,-0.82,-8.27,-9.06,12.47,-5.19,-14.73
GESHIP,1499.0,2026-06-25,1.74,8.29,-9.07,6.55,37.01,56.38
TTL,6.81,2026-06-25,-1.3,0.15,-9.08,-24.25,-20.35,-54.27
OSWALSEEDS,10.91,2026-06-25,0.09,-0.82,-9.08,-3.45,-43.53,-22.4
SECL,3.0,2026-06-24,0.0,-4.76,-9.09,-20.0,-30.23,-55.22
BSOFT,300.7,2026-06-25,-5.16,-7.16,-9.1,-13.44,-33.09,-31.15
LATTEYS,21.72,2026-06-25,-1.18,-1.72,-9.12,17.79,-3.34,0.51
MANINFRA,104.38,2026-06-25,-2.25,-9.79,-9.23,18.11,-18.75,-41.83
EFACTOR,178.5,2026-06-24,0.0,-4.44,-9.23,6.25,-46.1,-24.01
AGNI,18.15,2026-06-24,-2.16,5.22,-9.25,27.37,-24.84,-33.52
TCS,2094.7,2026-06-25,-1.56,-3.11,-9.25,-10.7,-34.87,-36.8
TECHNVISN,4900.0,2026-06-25,-2.26,-9.06,-9.26,,,
DCXINDIA,191.3,2026-06-25,-6.92,3.12,-9.3,12.23,-5.45,-33.58
MAHASTEEL,791.45,2026-06-25,-6.12,-5.41,-9.3,-19.5,-14.77,125.48
ARTEMISMED,261.1,2026-06-25,-2.7,-1.21,-9.32,15.69,-5.05,5.81
SHIVAMAUTO,16.63,2026-06-25,-2.29,-1.25,-9.32,3.94,-33.35,-46.2
DHANUKA,1062.6,2026-06-25,-0.87,-1.15,-9.37,11.22,-10.8,-37.26
PASHUPATI,86.95,2026-06-25,-0.46,-0.47,-9.41,-11.67,7.37,31.71
SRHHYPOLTD,486.35,2026-06-25,-2.05,-2.26,-9.41,13.89,-7.11,-23.03
GAUDIUMIVF,108.63,2026-06-25,-2.04,6.99,-9.42,37.79,,
TPHQ,0.48,2026-06-25,-2.04,0.0,-9.43,0.0,-43.53,-36.0
CESC,168.03,2026-06-25,-3.55,-0.58,-9.46,10.36,-0.18,0.74
UPL,590.5,2026-06-25,-2.48,-4.23,-9.47,-5.56,-23.58,-8.42
QUICKHEAL,176.69,2026-06-25,-1.32,1.2,-9.48,24.78,-35.71,-50.47
RAJSREESUG,31.9,2026-06-25,-6.12,-4.66,-9.48,19.57,-8.94,-34.83
DYNAMATECH,10232.0,2026-06-25,-6.88,-3.49,-9.5,6.97,5.85,43.2
VLEGOV,12.95,2026-06-25,-3.36,-6.97,-9.5,29.63,-37.01,-72.52
KCPSUGIND,22.13,2026-06-25,0.18,-3.95,-9.53,-4.36,-15.11,-39.33
PAKKA,80.97,2026-06-25,0.04,0.33,-9.62,-8.58,-25.14,-56.72
ZENSARTECH,445.4,2026-06-25,-1.06,-1.22,-9.66,-16.77,-39.58,-46.88
KANPRPLA,189.69,2026-06-25,0.18,2.92,-9.71,5.37,2.34,-6.54
GOLDKART,136.9,2026-06-24,0.0,-9.73,-9.73,-44.57,-47.33,-35.73
INNOVATIVE,76.5,2026-06-24,-0.58,3.38,-9.73,-18.27,-21.58,-0.33
NTPC,352.05,2026-06-25,-4.09,1.13,-9.74,-6.96,9.97,9.22
MAL,33.7,2026-06-24,1.35,10.49,-9.77,4.66,-34.44,-52.23
RRIL,18.28,2026-06-25,-0.71,-9.95,-9.77,,,
BSE,3872.1,2026-06-25,-3.98,-6.15,-9.77,33.97,44.97,38.83
MOXSH,114.0,2026-06-24,0.0,0.0,-9.77,-10.52,20.0,321.44
MUTHOOTFIN,3025.6,2026-06-25,-5.92,-4.26,-9.8,-8.1,-19.8,18.54
BAGFILMS,4.6,2026-06-25,-5.93,-8.55,-9.8,11.38,-28.13,-38.67
BCG,9.82,2026-06-25,-5.3,-9.49,-9.83,14.59,-6.3,-4.2
VIVO,73.75,2026-06-24,-4.84,-4.84,-9.84,1.58,-5.45,15.23
POLICYBZR,1615.2,2026-06-25,-3.21,2.16,-9.84,10.0,-15.71,-12.21
AHLEAST,149.25,2026-06-25,-3.02,-2.07,-9.89,3.77,9.88,1.74
VILINBIO,43.7,2026-06-24,-8.67,-5.21,-9.9,16.84,115.8,56.91
HINDCOPPER,491.4,2026-06-25,-3.79,-4.79,-9.93,2.26,12.74,90.85
VEEKAYEM,126.1,2026-06-24,-3.81,-8.62,-9.93,5.08,-29.38,-49.67
BANARBEADS,102.74,2026-06-25,1.62,2.02,-9.93,-2.86,-20.9,-19.46
PROZONER,46.18,2026-06-25,-3.06,-3.35,-9.95,-0.13,-10.57,30.45
KECL,113.16,2026-06-25,6.1,10.94,-9.95,31.98,13.83,-20.13
FEDFINA,148.37,2026-06-25,-3.43,-8.52,-9.96,12.26,0.55,26.86
CURAA,80.76,2026-06-25,-4.92,-11.99,-9.97,-30.6,-27.43,-45.57
APCL,109.68,2026-06-25,-2.9,-3.19,-9.99,2.01,-9.19,-24.37
EASEMYTRIP,7.2,2026-06-25,-8.51,-13.98,-10.0,7.78,-4.76,-32.46
BLBLIMITED,14.65,2026-06-25,-8.49,-8.27,-10.01,-6.93,4.87,-2.33
GAYAHWS,2.15,2026-06-25,-3.15,-3.59,-10.04,0.0,-28.33,62.88
CRIZAC,201.39,2026-06-25,-4.29,-7.25,-10.09,3.93,-27.05,
DENTALKART,369.5,2026-06-24,-3.27,-2.83,-10.1,-6.46,-34.35,-39.39
OWAIS,113.85,2026-06-24,-9.68,15.12,-10.11,-3.23,-58.88,-80.91
RHETAN,26.55,2026-06-25,-3.94,-9.63,-10.12,6.03,8.77,
EIDPARRY,709.75,2026-06-25,-0.87,-2.19,-10.14,-12.19,-33.14,-32.73
WINNY,41.25,2026-06-24,0.0,0.0,-10.23,-4.07,-47.12,-73.04
BIGBLOC,49.74,2026-06-25,1.04,-1.58,-10.25,6.85,-26.41,-24.11
GUJRAFFIA,40.72,2026-06-25,-6.28,-1.02,-10.25,10.32,-17.4,-2.75
KEYFINSERV,243.95,2026-06-25,-3.48,-4.31,-10.28,0.14,-22.1,-16.01
RUBFILA,70.85,2026-06-25,-2.36,-1.8,-10.32,16.24,-4.33,-5.95
INDUSTOWER,393.55,2026-06-25,-4.8,-4.77,-10.32,-8.02,-7.16,-5.28
RAJVIR,6.86,2026-06-24,0.0,-4.99,-10.33,-10.33,-22.49,-34.67
VMSTMT,43.6,2026-06-25,-4.05,-4.89,-10.34,10.16,-19.21,
RVTH,716.8,2026-06-25,-0.24,4.04,-10.34,35.48,0.88,-26.26
KEL,78.0,2026-06-24,2.03,-4.88,-10.34,6.34,-20.25,-37.6
CREATIVEYE,6.31,2026-06-25,-3.22,-4.25,-10.37,2.94,-18.37,-34.27
RPPINFRA,64.95,2026-06-25,-5.15,2.53,-10.39,1.53,-38.58,-51.43
DEVIT,26.27,2026-06-25,-6.78,-6.68,-10.4,-1.5,-32.36,-38.69
OSWALGREEN,22.6,2026-06-25,-5.04,-7.15,-10.42,-5.28,-32.05,-51.87
EPIGRAL,1106.2,2026-06-25,-2.38,-3.52,-10.47,25.6,-15.76,-38.86
GMDCLTD,586.3,2026-06-25,-4.67,-3.44,-10.56,1.32,7.45,48.03
ORIENTBELL,319.0,2026-06-25,0.2,0.71,-10.56,14.3,19.19,0.35
ORIENTTECH,248.95,2026-06-25,-3.23,-4.16,-10.56,-3.6,-18.07,-18.67
LUXIND,1220.0,2026-06-25,-2.55,-5.75,-10.58,32.37,9.05,-15.83
GANDHITUBE,859.55,2026-06-25,0.63,1.36,-10.58,5.51,12.6,23.6
SUMIT,40.1,2026-06-25,-0.3,1.42,-10.61,-16.16,-43.98,-58.45
TOTAL,50.34,2026-06-25,-0.26,-1.91,-10.63,-1.08,-34.89,-39.73
JHS,7.73,2026-06-25,-2.77,-6.64,-10.64,6.92,-21.6,-41.08
PENTAGON,58.95,2026-06-24,0.0,7.18,-10.68,-1.75,-19.25,-5.91
MANDEEP,19.2,2026-06-24,-2.54,-2.54,-10.7,4.07,-14.86,-30.69
ABFRL,60.12,2026-06-25,-0.99,-1.51,-10.75,2.16,-22.84,-19.67
REPL,65.76,2026-06-25,-6.22,-9.35,-10.77,-0.47,-47.13,-63.58
ISHANCH,57.02,2026-06-25,-1.55,-5.74,-10.78,7.52,-10.5,9.74
HMAAGRO,21.98,2026-06-25,-0.23,-4.35,-10.8,-6.35,-23.57,-33.56
RUCHIRA,112.36,2026-06-25,2.58,3.45,-10.8,11.68,-7.42,-17.09
ALPHAGEO,198.81,2026-06-25,-4.75,-3.05,-10.85,5.26,-11.54,-28.13
CAPTRUST,12.89,2026-06-25,1.34,-0.85,-10.86,9.7,-8.32,-82.96
JAINREC,349.55,2026-06-25,-8.06,-0.38,-10.87,-23.19,-14.96,
GROWWGOLD,13.73,2026-06-25,-4.12,-6.34,-10.9,-2.49,-89.76,-85.71
SANDUMA,207.03,2026-06-25,-3.05,-3.46,-10.92,14.79,-13.91,31.4
GUJALKALI,623.7,2026-06-25,-4.76,-4.63,-10.94,3.69,22.86,8.33
IFBAGRO,896.8,2026-06-25,-1.9,-3.23,-10.97,17.84,-31.87,18.04
CONTI,11.75,2026-06-24,-4.86,-6.37,-10.98,-9.96,-51.84,-50.32
HEG,520.05,2026-06-25,-3.26,-4.21,-11.03,3.37,-5.54,5.7
SAMBHAAV,6.51,2026-06-25,-2.98,0.46,-11.07,19.89,-29.24,-7.66
TWCGOLDETF,139.53,2026-06-25,-4.49,-6.77,-11.09,-2.3,,
FEL,0.4,2026-06-25,-2.44,-6.98,-11.11,2.56,-14.89,-32.2
PROPEQUITY,222.15,2026-06-24,-10.06,-8.2,-11.14,30.68,13.95,5.79
WEWIN,48.5,2026-06-25,-3.0,-3.96,-11.14,14.82,6.59,0.1
SUNFLAG,345.15,2026-06-25,-3.62,-4.35,-11.15,57.85,30.71,18.84
CHOICEGOLD,138.97,2026-06-25,-4.53,-6.74,-11.17,-2.18,2.32,
HSBCGOLD,122.13,2026-06-25,-4.4,-6.05,-11.17,,,
CSBBANK,324.6,2026-06-25,-10.75,-12.93,-11.19,-10.7,-22.92,-18.16
BBNPPGOLD,135.35,2026-06-25,-4.78,-7.14,-11.19,-2.38,2.23,42.47
IVP,159.61,2026-06-25,1.39,-0.31,-11.2,24.12,7.75,-9.61
DHRUV,28.18,2026-06-25,-1.47,2.25,-11.24,-6.6,-41.79,-56.75
JARO,513.25,2026-06-25,-2.82,-8.07,-11.24,9.52,-4.94,
LAXMIINDIA,101.74,2026-06-25,-4.51,-7.41,-11.24,22.99,-18.94,
JWL,262.95,2026-06-25,-5.94,-4.56,-11.26,0.44,-22.8,-31.18
IMFA,1327.0,2026-06-25,-7.2,-8.03,-11.3,6.62,-6.29,71.59
LICMFGOLD,125.8,2026-06-25,-4.55,-7.06,-11.31,-2.59,-98.99,-98.58
FLAIR,265.2,2026-06-25,-5.91,0.4,-11.32,-9.41,-12.36,1.55
ABMINTLLTD,40.74,2026-06-25,-0.71,-1.45,-11.34,-8.04,-4.34,-30.38
VIVIMEDLAB,5.71,2026-06-25,-3.55,-10.22,-11.34,-2.23,-73.65,15.35
MAKS,23.05,2026-06-24,0.0,-12.69,-11.35,-17.09,-22.26,-26.94
EASTSILK,48.88,2026-06-25,-6.59,-0.61,-11.37,-22.88,-40.82,2615.56
VR,119.1,2026-06-24,0.0,-9.7,-11.38,-21.15,-25.19,-35.98
CMICABLES,2.95,2026-06-24,0.0,-1.99,-11.41,-18.28,-45.77,-6.35
PRAJIND,348.65,2026-06-25,2.08,3.47,-11.43,7.03,4.25,-29.42
PML,499.95,2026-06-25,-0.63,-1.37,-11.47,,,
ADL,68.2,2026-06-25,-0.44,-3.94,-11.51,6.55,-14.69,-24.9
AONEGOLD,13.06,2026-06-25,-4.53,-7.05,-11.52,-2.68,2.11,
SKP,153.05,2026-06-24,-3.44,-1.07,-11.53,3.34,-12.54,-31.33
INNOVANA,309.6,2026-06-25,-1.84,-1.28,-11.54,-13.05,-25.58,-40.02
STANLEY,144.74,2026-06-25,-3.93,1.92,-11.54,4.15,-31.26,-57.91
CORDSCABLE,208.39,2026-06-25,-3.85,-6.09,-11.55,48.43,11.59,2.77
UNIONGOLD,136.5,2026-06-25,-4.88,-7.43,-11.56,-3.23,1.9,41.67
ECLERX,1404.5,2026-06-25,-3.12,-0.11,-11.56,-6.09,-41.32,-19.95
RVNL,240.85,2026-06-25,-2.17,0.48,-11.6,-10.41,-30.11,-39.19
CHEMFAB,365.0,2026-06-25,-3.49,-5.17,-11.62,4.45,-13.18,-52.11
SATIPOLY,31.9,2026-06-24,-5.9,-14.93,-11.63,3.4,-50.92,-64.46
EGOLD,139.5,2026-06-25,-4.68,-7.0,-11.65,-3.09,2.05,42.13
TRU,5.37,2026-06-25,-8.05,-6.45,-11.68,-1.65,-31.42,-67.43
APEX,407.8,2026-06-25,-1.41,-4.45,-11.71,2.91,47.67,73.94
AISL,52.8,2026-06-24,-4.0,-7.61,-11.78,-11.78,-37.11,-44.42
INDOUS,88.75,2026-06-25,-4.24,-1.42,-11.79,-12.57,-26.71,-41.91
MOGOLD,137.7,2026-06-25,-4.9,-7.15,-11.82,-2.96,1.51,
TATAGOLD,13.5,2026-06-25,-5.06,-7.28,-11.82,-3.36,1.35,41.96
INSECTICID,658.6,2026-06-25,-4.4,-7.21,-11.82,14.84,-7.63,-32.8
UNITECH,4.77,2026-06-25,-1.24,-0.83,-11.83,22.31,-19.02,-47.35
GOLDETF,135.05,2026-06-25,-5.08,-7.23,-11.86,-3.43,1.63,41.96
JAYKAY,174.19,2026-06-25,-7.37,3.9,-11.9,37.04,-12.22,
SRPL,0.37,2026-06-24,0.0,-2.63,-11.9,-21.28,-44.78,-27.45
GOLDBEES,114.96,2026-06-25,-5.09,-7.37,-11.91,-3.63,1.55,41.73
BSLGOLDETF,122.19,2026-06-25,-5.13,-7.32,-11.92,-3.03,1.55,42.08
TRIGYN,52.17,2026-06-25,-8.89,-6.34,-11.92,15.75,-21.94,-38.82
PATANJALI,412.55,2026-06-25,-1.36,-3.09,-11.93,-14.64,-24.32,-23.62
RAMKY,404.45,2026-06-25,-5.44,-7.92,-11.95,-12.49,-28.93,-24.93
HNGSNGBEES,472.34,2026-06-25,-1.43,-4.84,-11.95,-1.92,-5.81,21.35
QGOLDHALF,115.09,2026-06-25,-5.12,-7.45,-11.96,-3.56,1.17,42.28
GOLDBETA,116.9,2026-06-25,-5.11,-7.33,-11.97,-3.39,1.48,42.39
MAANALU,125.59,2026-06-25,-3.49,-1.54,-11.98,-2.73,-22.69,-0.86
NIRMAN,44.45,2026-06-24,-1.44,-7.11,-11.98,0.34,-30.38,-77.7
GATECHDVR,0.44,2026-06-25,-4.35,-6.38,-12.0,10.0,-12.0,-52.17
PVSL,92.79,2026-06-25,-2.13,-2.81,-12.0,-2.56,-21.24,-27.05
IVZINGOLD,120.9,2026-06-25,-5.32,-7.6,-12.01,-99.04,-98.98,-98.58
HINDCON,20.51,2026-06-25,-3.03,-4.2,-12.01,8.4,-24.98,-41.33
DELTACORP,64.45,2026-06-25,-3.23,-1.3,-12.03,20.06,-9.48,-27.28
YASHOPTICS,117.0,2026-06-24,-0.97,-4.68,-12.03,9.35,-6.77,41.82
PARTYCRUS,89.5,2026-06-24,-1.43,-8.44,-12.04,11.88,4.07,10.49
PRESSTONIC,29.6,2026-06-24,-1.33,-1.17,-12.04,-4.52,-52.33,-70.98
JINDRILL,553.3,2026-06-25,-5.2,-8.1,-12.05,12.49,-3.78,-13.68
GVKPIL,2.7,2026-06-25,-2.53,-5.59,-12.05,10.2,-16.92,-35.1
HDFCGOLD,118.55,2026-06-25,-5.12,-7.51,-12.05,-3.58,1.36,41.7
ABINFRA,11.73,2026-06-25,12.57,10.14,-12.07,-30.34,-35.34,-23.86
GOLDBND,138.54,2026-06-25,-5.38,-7.65,-12.08,-4.05,,
NURECA,240.3,2026-06-25,0.71,1.97,-12.09,2.96,-15.61,-14.79
REMSONSIND,81.99,2026-06-25,-3.99,-9.68,-12.09,-7.27,-33.11,-41.84
SETFGOLD,118.34,2026-06-25,-5.29,-7.63,-12.11,-3.74,1.36,41.66
CELLECOR,36.45,2026-06-24,2.1,-3.19,-12.17,54.45,22.11,-7.95
GOLDADD,134.57,2026-06-25,-5.31,-7.78,-12.18,-3.73,1.21,41.5
LINCOLN,631.55,2026-06-25,2.37,-3.28,-12.18,5.65,31.26,11.45
GOLDIETF,118.55,2026-06-25,-5.48,-7.92,-12.19,-4.0,1.03,41.5
GOLDCASE,21.82,2026-06-25,-5.3,-7.54,-12.26,-3.62,1.44,41.87
GOLD1,115.7,2026-06-25,-5.31,-7.53,-12.28,-3.6,1.53,41.56
AXISGOLD,115.34,2026-06-25,-5.5,-7.99,-12.28,-4.01,1.05,41.56
DREAMFOLKS,67.54,2026-06-25,-4.86,-7.4,-12.29,-1.3,-38.98,-70.53
SYNCOMF,13.89,2026-06-25,-0.64,-4.01,-12.37,20.16,-5.19,-28.51
INFOLLION,171.05,2026-06-24,-1.04,-1.07,-12.37,-38.65,-55.46,-64.03
SCHAND,147.31,2026-06-25,-2.09,-1.95,-12.4,5.61,-4.58,-36.09
RETAIL,18.2,2026-06-25,0.22,2.19,-12.42,2.36,-28.93,-50.92
DAVANGERE,3.59,2026-06-25,-0.83,-1.91,-12.44,-8.88,1.41,6.21
PRITIKA,63.7,2026-06-24,2.82,-2.0,-12.44,32.71,-17.27,-15.12
SANWARIA,0.21,2026-06-25,-4.55,-4.55,-12.5,-12.5,-19.23,-46.15
ENTERO,1180.4,2026-06-25,7.89,5.17,-12.52,-4.63,22.61,4.44
DPSCLTD,7.47,2026-06-25,-2.61,-1.58,-12.53,-6.04,-24.77,-43.94
NAGAFERT,3.35,2026-06-24,0.0,-4.83,-12.53,-13.88,-33.13,-36.67
ORICONENT,55.53,2026-06-25,-2.49,-2.34,-12.54,-14.0,-7.45,24.59
BODALCHEM,66.29,2026-06-25,-3.35,-0.03,-12.55,15.89,24.16,-10.71
AJOONI,3.69,2026-06-25,-0.54,-1.34,-12.56,-8.21,-17.45,-39.01
JINDALSTEL,1059.5,2026-06-25,-6.4,-7.83,-12.6,-7.31,6.06,15.4
MVKAGRO,404.0,2026-06-24,-1.19,-8.8,-12.6,-19.24,-46.62,183.21
POCL,1317.3,2026-06-25,-3.91,2.47,-12.62,19.66,-5.96,73.26
UMAEXPORTS,22.01,2026-06-25,-4.26,-7.91,-12.62,-1.21,-44.75,-62.11
RAMASTEEL,4.64,2026-06-25,-7.2,-11.45,-12.62,-2.11,-51.05,-61.87
FLEXITUFF,6.06,2026-06-25,-10.75,-12.3,-12.68,-6.63,-58.63,-83.17
TEMBO,554.35,2026-06-25,-1.82,-2.37,-12.69,13.02,-25.46,16.84
VALIANTLAB,68.0,2026-06-25,1.0,1.49,-12.71,19.66,-9.31,-41.55
BASILIC,204.4,2026-06-24,-0.05,-1.33,-12.74,11.94,-39.35,-54.38
KRITINUT,82.93,2026-06-25,-3.34,0.55,-12.81,32.45,21.42,-27.59
SHIVATEX,146.39,2026-06-25,-3.16,-3.06,-12.91,9.21,-19.87,-26.63
SAPPL,271.0,2026-06-25,0.44,-3.18,-12.93,,,
ISGEC,922.9,2026-06-25,-3.58,-0.26,-12.95,1.77,1.78,-23.0
REGAAL,78.93,2026-06-25,1.98,-3.01,-12.97,17.16,8.06,
JKPAPER,341.9,2026-06-25,-1.55,-4.11,-12.98,1.63,-6.07,-5.31
SHRITECH,65.0,2026-06-24,1.88,6.3,-12.99,11.11,3.26,-27.78
FRONTSP,1415.2,2026-06-25,-2.4,-5.24,-13.02,,,
PURVFLEXI,50.0,2026-06-24,-2.91,-2.44,-13.04,32.28,-41.86,-30.17
RITEZONE,18.95,2026-06-24,4.99,15.2,-13.07,18.81,-8.01,-15.78
SUPREMEINF,71.29,2026-06-25,-5.45,-12.02,-13.07,12.09,-16.59,-36.58
ELITECON,27.46,2026-06-25,-4.25,-8.5,-13.1,,,
KSR,31.59,2026-06-25,-3.78,3.78,-13.14,-9.2,112.58,
FSL,243.45,2026-06-25,-0.35,-1.26,-13.14,8.51,-29.01,-36.03
MODINATUR,399.85,2026-06-25,-1.76,-5.37,-13.15,33.93,7.57,
ASIANTILES,54.36,2026-06-25,-1.72,-10.94,-13.18,-8.53,-30.2,-16.75
ARSHIYA,1.05,2026-06-25,-0.94,-4.55,-13.22,-21.05,-16.67,-58.33
NOVAAGRI,24.87,2026-06-25,-2.66,-8.83,-13.22,11.78,-36.21,-50.1
DIGIKORE,51.8,2026-06-24,-3.72,0.39,-13.23,-32.86,-27.86,-70.73
MITTAL,0.98,2026-06-25,0.0,-5.77,-13.27,-1.01,-19.67,-33.78
HINDALCO,953.2,2026-06-25,-6.01,-5.99,-13.31,9.73,10.27,42.75
RBS,84.5,2026-06-24,-2.87,-7.14,-13.33,13.88,-11.8,-25.09
MHHL,33.75,2026-06-24,10.11,-0.74,-13.46,-7.53,-15.62,-42.21
SANGANI,45.0,2026-06-24,0.0,0.0,-13.46,16.13,-21.05,-38.36
ARISTO,99.7,2026-06-24,0.0,6.01,-13.72,20.63,-16.67,-12.94
WOMANCART,109.5,2026-06-24,0.09,2.05,-13.78,-27.75,-62.44,-53.13
SALASAR,6.17,2026-06-25,-12.36,-14.9,-13.83,-4.04,-34.22,-22.39
ZODIAC,275.9,2026-06-25,-1.55,-2.28,-13.86,14.28,-7.99,-41.7
ONESOURCE,1556.0,2026-06-25,-3.64,-4.15,-13.88,16.63,-9.69,-22.18
SAIL,170.79,2026-06-25,-2.32,-6.42,-13.88,12.58,29.53,34.83
SEYAIND,13.08,2026-06-25,-1.06,-0.68,-13.89,24.93,-24.31,-45.48
RAJESHEXPO,97.02,2026-06-25,-5.24,20.93,-14.0,8.94,-56.68,-50.75
TAPIFRUIT,49.0,2026-06-24,-2.0,3.38,-14.04,-17.65,-27.08,-39.24
RAMRAT,404.4,2026-06-25,-4.71,6.37,-14.04,32.98,26.75,16.22
NORBTEAEXP,71.97,2026-06-25,1.61,-3.58,-14.11,-18.4,-8.42,108.97
BANG,31.92,2026-06-25,1.17,4.01,-14.12,-2.18,-35.29,-42.38
JETKNIT,76.55,2026-06-24,0.0,-14.18,-14.18,-14.18,-14.18,-30.38
OSIAHYPER,3.31,2026-06-25,-0.6,2.16,-14.25,-23.02,-78.41,-78.49
AILIMITED,36.0,2026-06-24,0.0,-0.28,-14.29,-10.0,-10.0,-46.63
DCG,56.55,2026-06-24,-1.48,-2.16,-14.32,4.53,-14.32,-16.96
NESCO,1087.8,2026-06-25,-3.99,-1.55,-14.33,1.8,-12.0,0.2
NAGREEKCAP,24.84,2026-06-25,-6.26,-11.29,-14.34,10.79,-12.84,-5.01
BESTAGRO,15.58,2026-06-25,-1.64,-3.29,-14.35,14.64,-39.63,-26.09
MANAV,38.45,2026-06-24,-2.04,-6.79,-14.46,-3.87,27.32,94.19
MASTERTR,76.21,2026-06-25,-5.56,-3.24,-14.48,16.78,-35.98,-49.66
TGL,17.4,2026-06-24,-9.14,-16.55,-14.5,-48.14,-78.0,-86.94
KDL,118.45,2026-06-24,-6.44,-8.64,-14.54,7.68,-35.48,-63.02
EXCELSOFT,74.87,2026-06-25,-7.29,-5.76,-14.55,1.62,-15.21,
MCX,2831.7,2026-06-25,-1.35,-2.21,-14.55,14.87,30.79,64.08
GGBL,286.65,2026-06-24,-3.64,-8.91,-14.56,14.72,-11.62,-39.25
COASTCORP,50.11,2026-06-25,-3.86,2.66,-14.62,13.53,8.91,31.87
SUDARSCHEM,891.25,2026-06-25,-1.69,-0.76,-14.63,13.06,-6.53,-26.8
SURAJEST,191.61,2026-06-25,-1.88,-2.23,-14.64,-2.28,-19.95,-47.78
HBSL,51.52,2026-06-25,-3.23,-4.5,-14.65,11.2,-30.82,-43.02
APS,299.4,2026-06-24,-1.16,-4.88,-14.76,-0.2,-20.47,-48.01
PFOCUS,209.94,2026-06-25,-6.45,-13.0,-14.87,-34.44,-13.03,85.02
ESSENTIA,1.37,2026-06-25,-2.84,-9.87,-14.91,15.13,-11.61,-38.29
DCAL,170.02,2026-06-25,-1.8,-5.67,-14.92,10.36,-33.27,-31.66
MADHAVBAUG,170.0,2026-06-24,-6.59,2.81,-14.98,-12.82,-39.5,11.07
JUBLINGREA,621.65,2026-06-25,-3.71,-2.59,-15.05,6.47,-12.2,-15.41
AUSOMENT,114.75,2026-06-25,-1.43,-3.36,-15.16,13.61,1.48,6.69
UNIVPHOTO,366.0,2026-06-25,4.54,-0.69,-15.17,-14.49,56.11,53.02
MARINETRAN,13.5,2026-06-24,-4.26,-8.16,-15.36,-16.92,-46.11,-18.43
WIPRO,175.0,2026-06-25,-2.87,-3.52,-15.39,-7.43,-33.03,-32.06
VISASTEEL,42.35,2026-06-24,-2.73,2.1,-15.4,52.34,-12.57,30.83
GSLSU,45.72,2026-06-25,4.24,-10.53,-15.4,-10.32,-57.09,-62.88
AWFIS,304.85,2026-06-25,1.18,0.53,-15.46,20.78,-38.34,-52.84
PIONEEREMB,22.6,2026-06-25,-8.24,-8.91,-15.48,-2.25,-21.96,-47.79
TCC,329.25,2026-06-25,-3.25,-5.14,-15.53,-11.5,,
XELPMOC,85.99,2026-06-25,-0.57,1.91,-15.56,-6.26,-34.47,-8.46
PCCL,243.85,2026-06-24,5.27,-9.08,-15.62,-2.46,18.95,31.92
MEDICAMEQ,228.2,2026-06-25,0.09,1.31,-15.68,-9.1,-40.41,-44.61
OIL,406.8,2026-06-25,-3.73,-2.49,-15.7,-13.7,1.01,-5.26
KESORAMIND,11.13,2026-06-25,-5.76,-3.39,-15.81,22.31,-7.63,73.91
JAIPURKURT,27.86,2026-06-25,-2.38,-2.21,-15.83,0.11,-3.16,-35.61
TIPSFILMS,330.95,2026-06-25,-4.16,-7.43,-15.86,14.34,-23.44,-42.25
HALEOSLABS,1399.4,2026-06-25,-1.3,-1.67,-15.9,11.92,6.63,16.5
HGM,52.01,2026-06-25,-2.98,-3.24,-15.92,0.33,-26.44,-6.84
PRECISION,6.75,2026-06-24,-4.93,-11.18,-16.15,-15.09,-46.0,-67.55
SEPC,6.59,2026-06-25,-9.6,-10.22,-16.16,17.26,-34.3,-52.76
MARATHON,405.1,2026-06-25,-0.02,-0.53,-16.39,-2.99,-19.14,-35.41
TARAPUR,18.48,2026-06-25,-5.18,-8.29,-16.53,-30.84,-37.71,-34.49
CHEMPLASTS,203.56,2026-06-25,-2.64,1.16,-16.54,-24.51,-22.22,-52.91
RMC,327.0,2026-06-25,-8.99,4.93,-16.55,,,
NEPHROCARE,67.35,2026-06-24,-0.96,-2.39,-16.75,20.59,-40.87,-46.97
ORIANA,1578.5,2026-06-24,-3.73,-6.5,-16.77,-4.7,-32.05,-30.05
AMBEY,20.45,2026-06-24,5.68,-9.51,-16.87,0.25,-51.31,-47.96
SWASTIK,18.8,2026-06-24,0.0,-13.76,-17.0,21.29,-19.49,-47.56
AXISCADES,1691.0,2026-06-25,-9.96,-11.27,-17.31,21.02,25.73,27.7
FILATFASH,0.19,2026-06-25,-5.0,-5.0,-17.39,18.75,-47.22,-62.75
HAVISHA,1.28,2026-06-25,2.4,-0.78,-17.42,10.34,-32.63,-44.83
BNAGROCHEM,276.1,2026-06-25,-2.07,-1.64,-17.44,,,
ENFUSE,160.0,2026-06-24,-0.03,-3.03,-17.53,-9.09,-28.89,-31.17
DENEERS,198.9,2026-06-24,-5.98,-8.85,-17.54,26.57,22.7,-43.03
NATIONALUM,332.15,2026-06-25,-12.12,-13.13,-17.58,-9.12,14.45,84.71
ESABINDIA,5760.0,2026-06-25,-0.33,-0.01,-17.59,9.62,-5.58,13.81
SCML,76.9,2026-06-24,-0.19,-2.41,-17.62,-43.58,-44.32,0.46
MAITREYA,138.0,2026-06-24,-5.48,-9.8,-17.66,-24.18,-37.03,-48.81
ELIN,99.43,2026-06-25,-7.6,-7.73,-17.68,-8.35,-40.71,-43.26
BIRLAPREC,38.66,2026-06-25,2.09,2.9,-17.74,,,
VEDL,273.45,2026-06-25,-10.59,-9.6,-17.76,-58.48,-53.52,-34.78
ABMKNO,201.77,2026-06-25,-4.15,-6.56,-17.77,,,
GIRIRAJ,136.0,2026-06-24,-2.33,-2.51,-17.82,-27.66,-39.42,-46.25
SOLARWORLD,183.1,2026-06-25,-3.17,-1.68,-17.87,17.76,-32.66,
LLOYDS,76.3,2026-06-24,-9.7,-4.03,-18.09,83.19,8.15,-19.68
DURLAX,48.8,2026-06-24,6.09,-2.3,-18.12,0.83,16.33,11.67
JAYNECOIND,85.76,2026-06-25,-4.0,-8.67,-18.12,16.35,6.24,114.72
MARCO,29.0,2026-06-24,-6.75,-9.23,-18.19,-11.99,-25.06,-33.03
MEDICO,40.28,2026-06-25,-4.93,-5.16,-18.2,11.8,-25.74,-19.42
ONGC,233.1,2026-06-25,-5.03,-4.33,-18.2,-13.73,2.06,1.57
HINDZINC,518.05,2026-06-25,-9.62,-8.12,-18.35,1.9,-15.58,19.32
MOSILVER,215.37,2026-06-25,-7.24,-12.44,-18.39,-4.31,-0.25,
REFRACTORY,31.95,2026-06-24,3.06,-1.84,-18.39,6.15,-46.75,-43.3
TECILCHEM,10.35,2026-06-25,-7.84,-5.82,-18.44,-9.05,-44.62,-41.13
RBMINFRA,300.0,2026-06-24,-0.43,-3.6,-18.46,-7.69,-29.24,-35.06
FALCONTECH,11.25,2026-06-24,-12.79,-16.67,-18.48,11.3,-26.23,-62.5
SILVERADD,210.05,2026-06-25,-7.5,-12.85,-18.7,-5.85,-0.72,104.85
SILVERBND,217.29,2026-06-25,-7.92,-13.1,-18.8,-6.61,,
AONESILVER,8.29,2026-06-25,-7.68,-13.01,-18.81,-6.22,,
GRAPHISAD,28.0,2026-06-24,-3.61,-6.67,-18.84,-13.58,-40.11,-31.54
ABSMARINE,244.55,2026-06-24,2.15,4.91,-18.85,52.61,22.52,29.05
ESILVER,216.52,2026-06-25,-7.84,-12.99,-18.85,-6.26,-0.64,103.32
MCLEODRUSS,59.97,2026-06-25,-5.86,-8.3,-18.86,80.85,28.53,73.73
STYLEBAAZA,279.9,2026-06-25,-14.25,-15.92,-18.92,-0.83,1.45,-3.2
AXISILVER,215.63,2026-06-25,-7.78,-13.2,-18.96,-5.7,-0.81,103.79
RKEC,27.42,2026-06-25,-2.21,3.59,-18.97,-14.5,-51.87,-65.15
SILVER360,212.9,2026-06-25,-8.11,-13.02,-18.98,-5.78,-0.65,103.17
SILVER,216.36,2026-06-25,-7.89,-13.04,-18.99,-5.3,-1.08,103.96
SILVER1,21.07,2026-06-25,-7.75,-13.11,-18.99,-6.02,-90.08,-77.95
SILVERIETF,216.32,2026-06-25,-7.92,-13.14,-19.05,-6.06,-0.74,104.02
GRAPHITE,605.8,2026-06-25,-5.05,-8.34,-19.06,1.69,6.12,10.58
SIGNPOST,248.1,2026-06-25,-3.54,-4.28,-19.07,6.32,11.75,25.2
TATSILV,21.02,2026-06-25,-8.09,-13.25,-19.09,-6.16,-1.13,103.68
SIMBHALS,6.78,2026-06-25,-3.97,-3.28,-19.09,-6.22,-26.3,-60.56
BOHRAIND,14.75,2026-06-25,-7.29,-10.61,-19.13,-9.68,-16.71,-46.13
SBISILVER,211.86,2026-06-25,-8.19,-13.48,-19.18,-6.6,-1.18,102.5
GROWWSLVR,21.19,2026-06-25,-8.07,-13.69,-19.21,-6.86,-90.09,-79.79
CRAYONS,27.05,2026-06-24,-6.72,-11.31,-19.25,-5.75,-30.64,-41.2
SILVERBETA,208.65,2026-06-25,-8.23,-13.48,-19.3,-6.15,-1.43,102.4
SILVERBEES,206.57,2026-06-25,-8.25,-13.43,-19.32,-6.71,-1.27,102.76
SILVERAG,210.17,2026-06-25,-8.35,-13.47,-19.43,-6.22,-1.56,102.77
HDFCSILVER,206.44,2026-06-25,-8.4,-13.68,-19.45,-6.85,-1.75,102.27
DELAPLEX,101.9,2026-06-24,-1.07,0.3,-19.45,11.37,-21.8,-33.59
SHIVALIK,212.9,2026-06-25,-2.83,-3.23,-19.52,-13.05,-42.52,-59.67
SILVERCASE,21.88,2026-06-25,-8.26,-13.45,-19.53,-6.22,-1.09,102.67
TRANSPEK,1009.5,2026-06-25,0.23,2.89,-19.68,,,
VERTOZ,37.92,2026-06-25,-8.58,-16.27,-19.75,4.17,-49.01,-58.55
SDBL,69.85,2026-06-25,-2.34,-10.93,-19.98,-2.1,-36.72,-58.95
SETUINFRA,0.44,2026-06-25,2.33,0.0,-20.0,10.0,-10.2,-53.68
TUNWAL,27.15,2026-06-24,0.37,-4.4,-20.15,-8.12,-22.09,-12.69
SURANI,106.0,2026-06-24,-4.5,-15.13,-20.3,30.38,85.15,-6.19
BCONCEPTS,167.14,2026-06-25,-4.21,-6.35,-20.31,-29.39,-47.54,-52.41
CMNL,100.95,2026-06-24,4.29,-0.88,-20.45,1.97,-19.24,-38.67
IEML,45.85,2026-06-24,-3.47,-3.88,-20.47,-33.6,-48.19,-67.72
DHTL,40.5,2026-06-24,0.0,2.4,-20.59,1.25,-31.12,-29.93
DELPHIFX,8.27,2026-06-25,-2.25,-8.11,-20.63,-9.32,-48.98,-12.31
TECHNOE,1087.1,2026-06-25,-0.64,0.67,-20.82,0.54,-1.62,-27.28
PRLIND,47.05,2026-06-24,-3.98,-1.98,-20.86,-11.23,-39.68,-52.01
IITL,128.72,2026-06-25,0.09,-8.8,-21.0,-3.52,-22.77,-25.67
SHIGAN,65.5,2026-06-24,-4.1,-13.82,-21.65,38.77,40.86,-20.67
SHAH,4.08,2026-06-25,-11.11,-17.24,-21.77,-14.82,-17.74,-1.69
SOLEX,1091.0,2026-06-25,-3.91,0.53,-21.88,10.45,-19.02,-17.0
KCEIL,79.85,2026-06-24,-5.22,-8.9,-22.06,-27.64,-47.45,-76.75
MEP,0.74,2026-06-25,-3.9,-8.64,-22.11,-15.91,-63.18,-67.4
LAKPRE,4.7,2026-06-25,-2.08,-2.29,-22.19,0.64,-10.98,-3.69
ABAN,13.87,2026-06-24,0.0,-4.93,-22.47,-40.45,-37.94,-76.17
NEUEON,19.78,2026-06-24,0.0,-5.0,-22.55,29.28,227.48,278.93
VERITAAS,37.05,2026-06-24,-5.48,-14.53,-22.81,-11.26,-43.09,-49.8
INA,113.18,2026-06-25,-5.62,-4.66,-22.92,18.27,,
NATCOPHARM,903.7,2026-06-25,2.19,6.62,-22.96,-7.19,-1.2,3.43
TIRUMALCHM,162.24,2026-06-25,-7.16,-7.43,-23.09,-5.57,-32.26,-44.65
BLUEPEBBLE,78.0,2026-06-24,0.0,1.96,-23.42,-32.2,-37.1,-61.4
PRATHAM,106.9,2026-06-24,-3.35,-7.84,-23.64,-5.15,-28.73,-28.26
INSPIRE,8.4,2026-06-24,-9.19,-9.19,-23.98,-11.58,-30.86,-57.25
LEXUS,14.15,2026-06-25,-8.35,-5.03,-25.17,-48.21,-47.53,-56.61
MHLXMIRU,131.91,2026-06-25,-13.08,-22.1,-25.77,-20.82,-38.13,-39.56
MARSONS,112.44,2026-06-25,-6.94,0.07,-25.82,-17.51,,
NEWJAISA,17.05,2026-06-24,-3.67,7.23,-25.87,-5.54,-37.43,-57.32
PIONRINV,91.48,2026-06-25,-2.28,-7.12,-25.99,,,
SANCO,2.9,2026-06-24,0.0,0.0,-26.21,18.85,43.56,-24.87
BIRDYS,95.8,2026-06-24,0.0,-9.71,-26.39,-9.62,-22.11,-6.08
TICL,17.06,2026-06-25,-12.78,-17.34,-26.4,-22.98,-26.53,-35.01
KONTOR,60.05,2026-06-24,0.0,6.85,-27.17,-12.65,-7.97,-27.65
DSSL,1378.8,2026-06-25,-6.52,7.57,-27.24,55.67,44.2,27.08
PRAMARA,127.7,2026-06-24,-3.04,-13.89,-28.32,-62.82,-63.3,-28.2
ANSALAPI,2.99,2026-06-24,-3.86,-12.32,-28.47,-5.38,-15.3,-28.47
AVANTIFEED,962.2,2026-06-25,0.61,-7.46,-28.55,-23.84,17.16,31.6
NOIDATOLL,4.82,2026-06-25,-1.83,-4.55,-29.33,53.99,11.57,29.22
KANDARP,103.65,2026-06-24,-6.28,-4.86,-29.49,-22.65,-27.37,16.59
VPRPL,29.05,2026-06-25,-5.83,4.65,-29.83,-17.75,-52.59,-82.27
WALPAR,24.05,2026-06-24,0.0,0.0,-30.69,-47.14,-47.6,-51.85
PARSVNATH,2.81,2026-06-25,-5.07,-13.8,-33.88,-58.06,-75.48,-84.69
GRADIENTE,2.97,2026-06-25,15.12,36.87,-35.43,,,
AQYLON,39.55,2026-06-25,-14.25,-29.22,-36.51,-29.5,-97.5,-95.25
RAJTV,12.65,2026-06-25,-0.16,5.5,-39.39,-66.04,-69.89,-72.25
GRMOVER,92.24,2026-06-25,-1.02,4.54,-41.37,-39.01,-44.32,-24.48
TECHLABS,118.15,2026-06-24,-4.29,-12.68,-48.85,-31.84,-67.75,-79.97
VERTEXPLUS,37.0,2026-06-24,-6.92,-27.73,-49.42,-58.84,-66.7,-65.13
LEMERITE,24.28,2026-06-25,-12.54,-11.29,-50.88,-73.2,-76.11,-59.54
GICL,18.09,2026-06-25,-20.41,-22.29,-55.33,-48.85,-61.26,-84.75
