ticker,last_close,last_date,1W,2W,1M,3M,6M,12M
NV20,11860.4,2026-08-24,84195.67,82897.9,85472.88,83837.72,7714.21,7971.05
VCL,2.23,2026-08-24,25.99,59.29,125.25,62.77,0.9,127.55
VIVO,157.0,2026-08-21,2.85,31.11,102.97,82.66,106.58,133.63
GATECH,0.93,2026-08-24,19.23,36.76,93.75,82.35,78.85,63.16
PVP,48.59,2026-08-24,31.29,40.15,77.92,88.19,73.23,132.93
MOREPENLAB,95.22,2026-08-24,6.01,20.29,76.99,121.91,104.91,95.04
ROLLT,3.82,2026-08-24,20.5,26.91,76.04,85.44,210.57,159.86
IMPEXFERRO,3.99,2026-08-24,9.62,20.18,66.95,126.7,133.33,99.5
ALLCARGO,13.33,2026-08-24,32.5,36.72,65.38,55.0,53.39,-60.46
CTE,52.0,2026-08-24,27.54,37.75,65.08,63.06,69.11,21.55
GULFPETRO,70.52,2026-08-24,15.46,19.47,64.25,117.85,119.94,64.7
DOLPHIN,616.45,2026-08-24,6.86,47.65,63.54,51.28,40.36,40.12
VALIANTLAB,100.52,2026-08-24,16.17,48.24,63.45,30.75,69.4,14.24
RBA,106.45,2026-08-24,6.89,17.98,63.37,57.24,67.37,32.78
KABRAEXTRU,611.1,2026-08-24,17.41,19.65,62.18,168.44,129.19,146.81
COMSYN,289.17,2026-08-24,2.66,7.49,61.98,88.74,51.73,110.47
KOTARISUG,39.16,2026-08-24,48.95,48.28,60.16,51.9,59.19,31.41
KOHINOOR,36.47,2026-08-24,31.28,57.4,59.12,49.28,48.19,4.41
AVADHSUGAR,832.2,2026-08-24,14.75,31.03,58.41,80.34,161.81,91.51
ALPHAGEO,319.62,2026-08-24,-5.54,30.62,56.18,44.99,57.77,35.28
SHEKHAWATI,18.32,2026-08-24,-0.33,33.04,55.52,29.65,46.33,-14.63
MAHASTEEL,1175.7,2026-08-24,6.97,15.11,55.24,39.4,55.97,241.92
SIGIND,68.55,2026-08-24,-3.65,-2.92,53.8,35.85,52.2,23.6
PRABHA,214.0,2026-08-24,30.98,35.82,53.01,31.2,16.87,-16.65
KENNAMET,4232.0,2026-08-24,19.15,26.61,52.07,46.01,73.22,73.22
KWIL,48.63,2026-08-24,25.37,40.75,51.97,84.34,85.54,
RATNAVEER,271.32,2026-08-24,10.8,30.51,51.91,48.68,69.73,83.6
WELCORP,2409.2,2026-08-24,28.01,30.33,50.87,89.21,211.33,171.72
MARINE,382.9,2026-08-24,4.3,7.81,50.27,64.27,102.38,123.33
VIJIFIN,13.92,2026-08-24,10.21,21.36,50.16,254.2,535.62,283.47
TFCILTD,129.56,2026-08-24,7.72,13.03,49.24,76.98,66.93,110.71
UCL,260.0,2026-08-21,0.0,15.32,47.77,69.93,274.1,420.0
TPHQ,0.59,2026-08-24,1.72,43.9,47.5,13.46,3.51,-16.9
UGARSUGAR,58.01,2026-08-24,11.17,24.78,46.4,38.16,63.44,38.49
UTTAMSUGAR,334.05,2026-08-24,18.04,29.12,46.22,36.24,72.3,28.18
MACPOWER,1963.4,2026-08-24,10.22,7.62,46.03,74.66,114.51,138.51
TOTAL,72.94,2026-08-24,12.09,8.88,45.94,34.72,11.36,-1.43
BALUFORGE,632.2,2026-08-24,23.15,37.08,45.8,32.88,37.45,-0.21
SUBEXLTD,18.25,2026-08-24,29.34,31.39,45.07,65.16,87.95,38.57
AVONMORE,13.58,2026-08-24,4.38,22.45,44.62,24.02,-10.3,-33.0
INDSWFTLAB,327.27,2026-08-24,4.55,37.95,43.86,148.33,130.05,234.02
MOLDTECH,193.62,2026-08-24,7.81,0.8,43.76,59.56,46.76,22.83
MODISONLTD,396.8,2026-08-24,11.43,35.5,43.61,129.85,188.47,154.47
UEL,172.17,2026-08-24,-22.61,-36.39,43.5,19.24,-12.53,48.27
SABAR,6.95,2026-08-21,0.0,1.46,43.3,29.91,41.84,57.95
GICL,23.89,2026-08-24,2.18,15.19,42.88,-41.4,-52.22,-79.83
AARTISURF,544.35,2026-08-24,-12.99,4.68,42.65,42.31,35.71,15.02
ABMINTLLTD,58.37,2026-08-24,3.86,33.26,42.3,32.09,36.28,26.7
DEEPINDS,678.05,2026-08-24,-0.01,5.04,41.92,45.16,89.86,23.49
MAXESTATES,549.15,2026-08-24,15.77,30.3,41.84,28.02,37.24,19.54
EMIL,183.48,2026-08-24,-4.65,1.5,41.53,52.08,83.26,39.62
STYLEBAAZA,396.8,2026-08-24,3.47,17.87,41.51,15.47,21.36,25.99
SHILPAMED,855.8,2026-08-24,5.75,5.97,41.17,74.56,166.98,101.16
REDINGTON,365.1,2026-08-24,9.71,3.37,40.94,68.79,55.5,53.36
YASHO,4308.5,2026-08-24,-1.23,2.55,40.27,112.81,196.25,153.49
TDPOWERSYS,780.1,2026-08-24,0.74,26.19,40.24,20.6,75.83,201.89
BAJAJHIND,24.23,2026-08-24,35.14,33.87,40.14,30.76,58.99,14.62
MMP,394.1,2026-08-24,12.6,14.68,39.9,37.16,64.65,41.34
ESCONET,184.8,2026-08-21,-3.75,11.76,39.63,36.94,27.4,-1.86
NEPHROCARE,89.5,2026-08-21,7.77,12.51,39.3,10.7,19.1,-38.32
SAPPHIRE,249.3,2026-08-24,6.23,13.0,39.18,38.1,15.9,-23.76
BIRLACABLE,271.0,2026-08-24,-2.92,1.53,38.22,70.94,99.46,69.09
MAHAPEXLTD,59.98,2026-08-24,10.89,25.3,37.79,25.77,-34.96,-42.33
SUDEEPPHRM,1131.15,2026-08-24,2.69,7.39,37.08,68.29,75.9,
CAPTRUST,20.08,2026-08-24,-6.04,-0.99,37.06,37.44,53.63,-59.43
MAWANASUG,150.81,2026-08-24,21.56,31.87,36.96,52.91,100.42,75.13
PAUSHAKLTD,768.6,2026-08-24,4.69,10.56,36.65,69.59,60.19,
AKSHOPTFBR,7.87,2026-08-24,12.75,21.83,36.4,30.08,66.38,0.51
VMARCIND,393.15,2026-08-21,9.15,6.39,36.23,-64.62,-45.73,-17.94
MANINDS,718.1,2026-08-24,13.92,30.68,36.17,25.72,68.02,77.64
SALSTEEL,77.06,2026-08-24,7.22,30.59,35.88,32.16,65.72,332.44
PCCL,350.1,2026-08-21,13.5,14.84,35.7,22.84,71.37,93.64
HAPPYFORGE,2191.0,2026-08-24,-0.32,13.76,35.62,59.34,65.19,131.58
AMBALALSA,43.91,2026-08-24,-3.92,-9.03,35.57,33.63,,
MHLXMIRU,189.18,2026-08-24,1.56,22.03,35.54,8.97,-1.61,-14.48
SMLMAH,5204.0,2026-08-24,-2.2,-0.44,35.37,35.42,3.78,15.34
RANASUG,15.92,2026-08-24,23.41,19.79,35.14,24.76,46.32,9.19
ARIES,459.05,2026-08-24,5.61,33.14,34.6,29.86,35.03,7.29
AKSHARCHEM,318.38,2026-08-24,5.05,14.27,34.58,60.24,46.19,13.57
DURLAX,63.85,2026-08-21,-0.39,14.63,34.56,11.43,47.63,54.23
ARCHIDPLY,111.51,2026-08-24,16.27,17.01,34.45,42.85,34.56,11.08
LUMAXTECH,1964.3,2026-08-24,-4.13,13.01,34.44,21.28,17.81,72.53
SUPREMEENG,2.58,2026-08-24,8.86,10.73,34.37,163.27,189.89,115.0
CUPID,286.41,2026-08-24,7.14,9.02,34.19,138.06,243.5,732.88
CALSOFT,29.21,2026-08-24,13.09,34.36,34.11,40.3,113.99,68.94
PRESSTONIC,34.8,2026-08-21,18.97,7.74,34.1,1.46,-30.19,-59.32
TIIL,3441.3,2026-08-24,11.11,28.63,34.09,33.09,45.79,25.55
KAMATHOTEL,225.94,2026-08-24,16.08,35.08,33.61,38.89,21.09,-26.12
RUDRA,21.66,2026-08-24,-8.99,20.47,33.54,11.36,22.58,
PONNIERODE,421.85,2026-08-24,20.27,26.0,33.5,40.91,62.38,48.06
DCI,384.0,2026-08-24,0.43,9.25,33.4,30.1,47.15,63.98
PNGSREVA,541.05,2026-08-24,-6.14,4.91,33.28,32.72,,
DCMSRIND,53.06,2026-08-24,16.03,19.67,33.12,29.53,53.25,-66.76
KRONOX,205.36,2026-08-24,35.53,22.45,33.01,50.03,75.58,21.09
UNIVASTU,164.47,2026-08-24,-2.51,24.4,32.98,131.42,160.77,79.03
DALMIASUG,480.75,2026-08-24,4.6,14.75,32.82,41.18,71.03,28.47
DEVYANI,149.12,2026-08-24,3.81,11.65,32.79,30.35,15.17,-12.93
VR,136.6,2026-08-21,-4.97,-10.04,32.75,6.72,-5.99,-21.49
MANYAVAR,533.95,2026-08-24,-1.46,1.72,32.72,28.54,31.11,-30.48
UNIVCABLES,1631.7,2026-08-24,-5.39,-3.64,32.63,61.82,141.87,129.79
VIPULLTD,16.07,2026-08-24,10.22,28.77,32.59,80.76,38.89,65.84
SBCL,1001.5,2026-08-24,-2.25,-9.37,32.53,47.72,109.5,89.68
RAJSREESUG,39.68,2026-08-24,15.05,26.49,32.4,10.53,52.15,3.01
QMSMEDI,146.2,2026-08-24,5.84,30.9,32.19,74.57,66.89,74.54
MARKSANS,323.9,2026-08-24,-2.01,19.65,31.87,53.31,86.59,80.48
YUKEN,933.1,2026-08-24,13.52,15.99,31.75,40.71,26.24,-7.77
NDL,3.04,2026-08-24,30.47,31.03,31.6,16.03,9.75,-10.85
NETWEB,5454.5,2026-08-24,4.64,11.25,31.33,41.72,53.17,135.01
ASIANENE,466.9,2026-08-24,9.79,15.94,31.26,26.14,50.69,38.14
SYNCOMF,17.18,2026-08-24,12.88,19.8,31.25,19.8,34.01,-0.81
PANACHE,548.55,2026-08-24,1.46,13.94,31.11,59.39,58.79,119.03
TI,578.6,2026-08-24,-0.34,14.98,30.96,32.9,30.1,18.52
VISHWARAJ,6.79,2026-08-24,26.44,25.74,30.83,26.21,21.68,-23.88
SHANTIGEAR,549.0,2026-08-24,39.57,37.47,30.71,25.15,22.37,-2.66
REMUS,961.65,2026-08-21,5.99,15.2,30.33,19.47,36.32,2.02
URBANCO,168.84,2026-08-24,16.76,21.21,30.12,40.66,54.6,
KAYA,367.35,2026-08-24,9.12,32.64,29.98,51.33,16.01,-15.66
ROLEXRINGS,181.19,2026-08-24,0.96,16.7,29.76,26.32,30.47,30.76
SAKHTISUG,22.4,2026-08-24,27.06,27.42,29.63,27.2,43.59,0.99
SUNDRMFAST,1219.25,2026-08-24,0.37,8.74,29.62,43.1,32.74,23.3
SLONE,153.7,2026-08-21,7.26,9.01,29.49,-14.61,-14.33,-47.79
CORDELIA,1043.6,2026-08-24,26.77,24.07,29.41,,,
UFLEX,619.2,2026-08-24,5.66,25.74,29.4,50.59,36.2,14.36
FINCABLES,1291.6,2026-08-24,-2.21,22.07,29.3,25.25,59.0,53.48
INDORAMA,62.61,2026-08-24,14.34,10.99,29.28,74.06,73.34,16.12
ROXHITECH,53.75,2026-08-21,-4.78,11.98,29.21,60.45,49.31,9.92
DIVGIITTS,1221.05,2026-08-24,-4.94,15.61,29.13,71.86,62.35,82.84
CLSL,80.0,2026-08-21,9.36,8.84,29.03,92.77,64.78,33.33
A2ZINFRA,16.07,2026-08-24,10.9,-3.19,28.97,3.48,0.94,-13.42
TRANSPEK,1372.0,2026-08-24,20.5,11.31,28.84,15.72,,
JAYSREETEA,103.7,2026-08-24,17.41,20.86,28.53,23.17,26.82,3.05
SIL,20.15,2026-08-24,-0.69,7.47,28.5,27.54,25.11,11.71
ALBERTDAVD,888.7,2026-08-24,10.25,10.53,28.19,26.83,26.0,10.48
FINKURVE,79.63,2026-08-24,9.19,31.73,28.13,16.47,-2.63,
PALREDTEC,58.29,2026-08-24,9.79,22.59,28.08,31.88,56.9,7.63
SHANTIGOLD,270.52,2026-08-24,1.38,18.7,28.03,18.05,25.56,9.87
SOLARA,629.1,2026-08-24,23.57,22.35,27.88,14.78,32.96,-0.4
SURAKSHA,323.1,2026-08-24,4.75,21.69,27.73,3.16,14.47,2.82
RPEL,1662.4,2026-08-24,16.24,26.53,27.56,75.35,132.41,179.47
WESTLIFE,584.6,2026-08-24,0.86,-0.26,27.41,24.11,18.7,-16.45
SIGMA,48.48,2026-08-24,7.38,2.6,27.34,22.42,27.75,21.67
UNITEDPOLY,38.39,2026-08-24,13.51,27.29,27.25,9.97,80.07,10.83
DHAMPURSUG,180.79,2026-08-24,5.81,13.4,27.21,26.02,61.1,40.69
DWARKESH,54.94,2026-08-24,22.25,29.94,27.19,23.79,56.62,34.78
PARAS,1520.0,2026-08-24,9.47,19.92,27.18,87.19,140.26,122.27
VINDHYATEL,2388.4,2026-08-24,-3.95,-2.05,27.04,50.85,126.57,59.56
DIGJAMLMTD,51.31,2026-08-24,1.56,4.71,27.0,7.59,14.15,-4.22
EFACTOR,203.0,2026-08-21,1.83,6.84,26.88,1.5,-16.12,-5.59
VERA,86.25,2026-08-21,4.99,10.22,26.84,25.0,23.39,26.84
WEL,135.94,2026-08-24,-6.72,0.86,26.76,43.52,-3.96,-5.64
COFORGE,1873.0,2026-08-24,3.71,3.48,26.74,35.66,55.23,8.16
VARROC,812.4,2026-08-24,-4.17,-1.64,26.65,44.86,49.09,47.55
NAHARINDUS,147.6,2026-08-24,25.75,13.16,26.54,30.09,49.51,31.93
PAYTM,1623.5,2026-08-24,2.74,2.49,26.52,45.95,43.46,28.38
TIJARIA,5.87,2026-08-24,5.77,-0.51,26.51,28.17,29.3,-22.86
HALDER,296.59,2026-08-24,0.57,12.5,26.46,31.82,18.0,
VIVIMEDLAB,6.55,2026-08-24,27.18,34.22,26.45,0.15,-18.23,32.32
LANCORHOL,32.62,2026-08-24,11.37,21.81,26.39,33.31,26.09,23.72
AIMTRON,1675.1,2026-08-21,0.75,-1.67,26.39,47.74,107.46,145.6
SAHYADRI,351.25,2026-08-24,-8.9,1.07,26.3,15.57,40.18,22.47
LAMBODHARA,141.69,2026-08-24,28.69,24.86,26.2,39.39,32.92,9.48
BOSCH-HCIL,1681.8,2026-08-24,-1.09,-1.6,26.19,23.52,22.05,-3.12
SIGMAADV,659.75,2026-08-24,5.21,-6.28,26.15,88.74,298.26,397.06
ELANTAS,11687.5,2026-08-24,-0.15,-0.5,26.13,27.77,,
SIMBHALS,8.69,2026-08-24,27.23,22.57,25.94,-1.47,1.05,-43.42
AMANTA,205.17,2026-08-24,25.0,26.0,25.87,57.71,102.32,
DBOL,128.45,2026-08-24,6.09,10.06,25.82,23.0,28.59,47.53
RSL,166.99,2026-08-24,1.27,7.78,25.82,27.5,,
PRICOLLTD,790.9,2026-08-24,-1.94,7.93,25.8,42.08,27.76,77.1
REGAAL,95.02,2026-08-24,5.04,13.77,25.6,8.69,43.02,-23.42
EIMCOELECO,2245.8,2026-08-24,2.59,24.75,25.52,40.24,42.97,0.65
RKFORGE,728.5,2026-08-24,-3.51,-1.05,25.45,31.25,34.14,27.48
KANPRPLA,275.96,2026-08-24,4.99,34.37,25.45,34.43,48.19,31.95
ABINFRA,12.94,2026-08-24,13.91,27.11,25.39,-0.61,-36.26,-33.25
FCL,49.62,2026-08-24,14.31,16.73,25.33,49.28,104.53,95.5
AVTNPL,87.15,2026-08-24,-1.08,21.43,25.25,28.93,34.16,20.43
EXPLEOSOL,882.05,2026-08-24,-4.44,5.57,25.24,11.31,28.4,-4.96
IIFL,696.4,2026-08-24,10.53,11.26,25.13,50.51,38.6,55.52
AARTIPHARM,843.15,2026-08-24,-2.18,2.45,25.13,18.24,22.04,-1.86
DSKULKARNI,16.94,2026-08-24,27.37,47.3,25.02,25.02,25.02,25.02
BRIGADE,654.1,2026-08-24,10.17,7.64,24.91,30.2,19.91,-9.08
KRBL,437.8,2026-08-24,10.64,17.09,24.82,27.34,24.43,-6.69
BECTORFOOD,257.29,2026-08-24,0.78,10.29,24.52,44.72,18.74,-5.98
CORDSCABLE,253.39,2026-08-24,18.38,13.51,24.42,29.06,50.62,40.28
ENTERO,1529.8,2026-08-24,9.15,16.33,24.41,12.95,48.77,24.42
APOLLOPIPE,609.25,2026-08-24,11.73,20.11,24.26,18.16,86.55,51.28
3IINFOLTD,24.52,2026-08-24,-4.37,-9.62,24.21,41.0,73.9,3.55
UFBL,837.95,2026-08-24,9.88,4.99,24.17,76.32,241.48,215.91
LMW,19558.0,2026-08-24,-2.44,10.9,24.08,38.23,26.32,29.52
TCPLPACK,3972.0,2026-08-24,-1.62,20.36,24.06,54.67,47.26,15.94
ALIVUS,1366.1,2026-08-24,-2.03,-0.61,24.06,31.48,54.61,41.63
QUADFUTURE,447.3,2026-08-24,28.04,20.94,23.89,57.58,53.71,8.92
KIRIINDUS,502.4,2026-08-24,22.4,16.92,23.88,26.09,10.1,-7.0
PRUDMOULI,16.0,2026-08-24,15.86,20.85,23.84,4.23,-2.97,-57.22
MATRIMONY,521.45,2026-08-24,-3.98,8.56,23.83,24.79,21.77,3.04
TVSSRICHAK,4907.9,2026-08-24,0.8,24.11,23.81,37.55,22.73,70.78
WOMANCART,121.45,2026-08-21,17.4,28.72,23.68,-0.86,-30.36,-53.51
MEP,0.68,2026-08-24,7.94,17.24,23.64,-29.17,-36.45,-59.04
MANAKSTEEL,87.38,2026-08-24,2.76,8.3,23.56,33.12,47.5,47.3
FONEBOX,94.7,2026-08-21,-3.86,-1.35,23.55,24.61,9.86,14.79
NEULANDLAB,22905.0,2026-08-24,-3.2,3.1,23.5,37.47,71.68,65.23
CONCORDBIO,1539.4,2026-08-24,1.61,8.48,23.3,34.28,43.91,-11.83
JYOTICNC,980.25,2026-08-24,14.25,22.32,23.29,46.74,15.59,2.69
VINYAS,1611.8,2026-08-21,21.14,23.41,23.27,57.5,64.86,32.22
OSWALSEEDS,12.36,2026-08-24,-9.05,17.83,23.23,3.26,-3.66,-33.01
KRISHANA,199.68,2026-08-24,6.63,8.79,23.22,49.86,100.29,66.12
KCPSUGIND,34.31,2026-08-24,10.25,14.67,23.2,42.07,54.06,4.89
KMSUGAR,34.05,2026-08-24,14.3,22.26,23.1,23.01,41.17,19.14
MARC,140.2,2026-08-21,16.06,7.06,23.04,58.96,122.54,
VOLTAMP,11292.0,2026-08-24,12.91,9.85,23.01,24.97,35.41,38.84
SHALPAINTS,84.75,2026-08-24,-7.33,0.45,23.0,69.2,52.76,16.1
UCAL,141.13,2026-08-24,-7.07,16.75,22.83,58.04,31.64,3.43
KDDL,3848.7,2026-08-24,-5.78,0.34,22.76,37.23,63.83,57.01
BLUSPRING,133.01,2026-08-24,22.03,18.38,22.68,97.64,140.52,63.64
RBS,92.0,2026-08-21,0.66,-1.76,22.67,-7.07,6.42,-30.3
GMMPFAUDLR,989.3,2026-08-24,-6.37,-0.43,22.58,22.72,3.14,-18.82
LTFOODS,459.0,2026-08-24,10.3,8.84,22.5,16.06,12.58,6.63
TNPETRO,116.34,2026-08-24,1.91,16.87,22.46,28.98,27.68,6.51
CANARYS,23.35,2026-08-21,10.14,4.47,22.25,17.63,-12.55,-25.87
PTCIL,21672.0,2026-08-24,5.29,11.88,22.22,36.46,21.09,57.45
SONAMLTD,64.41,2026-08-24,12.23,18.64,22.18,10.92,34.26,28.18
VISL,37.07,2026-08-24,-2.37,0.27,22.14,,,
MENONBE,260.96,2026-08-24,8.21,5.84,22.08,77.02,126.85,108.09
SKYGOLD,798.0,2026-08-24,2.78,2.36,22.07,69.81,120.29,161.68
ARABIAN,82.0,2026-08-21,-5.26,-10.63,21.93,17.9,13.1,8.97
FALCONTECH,12.8,2026-08-21,2.81,8.94,21.9,-9.86,-15.51,-29.28
BODALCHEM,82.91,2026-08-24,19.45,20.4,21.89,11.87,76.37,24.19
CNL,1202.2,2026-08-24,-3.99,10.94,21.8,87.48,85.87,89.2
MAGADSUGAR,601.05,2026-08-24,5.33,13.07,21.71,30.17,43.44,10.03
AVALON,2119.4,2026-08-24,2.91,10.17,21.7,43.88,116.54,148.14
BLISSGVS,564.9,2026-08-24,8.53,17.74,21.59,88.45,168.78,251.66
UMAEXPORTS,24.35,2026-08-24,12.06,21.69,21.57,-1.58,-16.01,-56.17
JUBLFOOD,507.9,2026-08-24,-0.7,2.61,21.43,16.65,-1.84,-17.73
SHADOWFAX,260.34,2026-08-24,0.67,5.17,21.38,29.34,123.81,
IVP,181.48,2026-08-24,1.97,2.45,21.37,3.87,32.9,7.89
CHENNPETRO,1412.1,2026-08-24,2.15,13.87,21.31,44.96,62.05,125.33
ASKAUTOLTD,615.4,2026-08-24,-5.21,-6.13,21.27,35.66,44.38,20.68
UNIMECH,1499.4,2026-08-24,-0.79,3.24,21.17,60.19,69.62,38.54
BANG,34.04,2026-08-24,18.19,11.75,21.14,-7.37,-18.74,-32.39
HFCL,238.42,2026-08-24,8.62,11.95,21.12,60.87,243.54,224.32
ATL,27.59,2026-08-24,15.39,10.27,20.96,8.37,7.82,0.44
NRBBEARING,480.95,2026-08-24,-0.64,0.56,20.95,28.63,77.87,67.99
SINGERIND,79.11,2026-08-24,-2.3,14.24,20.94,8.35,,
KAYNES,3840.2,2026-08-24,5.18,2.81,20.91,15.62,0.04,-38.15
NILKAMAL,2026.4,2026-08-24,11.96,17.04,20.9,66.61,47.48,30.04
INDOBORAX,502.35,2026-08-24,19.54,16.96,20.73,69.82,125.38,112.56
SANSERA,3844.3,2026-08-24,-3.94,0.84,20.71,34.71,63.9,196.94
GFLLIMITED,55.41,2026-08-24,11.96,13.36,20.59,21.01,19.14,-10.35
TCL,142.25,2026-08-21,0.49,19.69,20.5,50.61,42.25,21.79
GALAXYSURF,2316.4,2026-08-24,-3.63,11.11,20.45,28.6,20.64,5.58
IRISDOREME,57.6,2026-08-24,-1.2,3.28,20.43,61.12,77.5,80.51
MANORAMA,1909.4,2026-08-24,-1.75,14.06,20.43,37.72,34.93,35.04
ORISSAMINE,4511.4,2026-08-24,-7.38,1.36,20.4,11.15,8.66,-8.65
AFFLE,1740.0,2026-08-24,2.12,9.13,20.39,21.58,24.42,-10.7
JGCHEM,608.15,2026-08-24,1.22,-2.26,20.34,54.86,65.78,24.26
MSTCLTD,730.6,2026-08-24,11.85,25.48,20.32,71.4,61.28,64.87
JHS,9.01,2026-08-24,6.63,13.76,20.29,5.01,-6.92,-17.42
APARINDS,16705.0,2026-08-24,1.1,1.56,20.28,30.69,54.32,103.86
ATHERENERG,1453.1,2026-08-24,-2.16,-0.89,20.22,64.42,107.93,248.26
TRANSWORLD,190.96,2026-08-24,19.84,19.73,20.21,17.8,33.65,-25.62
PGIL,2372.2,2026-08-24,-0.24,-2.33,20.14,46.4,54.23,76.65
JAYNECOIND,104.22,2026-08-24,18.02,13.91,20.12,1.03,34.37,71.41
LYKALABS,75.09,2026-08-24,10.38,10.31,20.09,22.28,22.38,-25.28
EMUDHRA,546.85,2026-08-24,5.42,3.18,19.99,16.42,23.63,-26.82
VPRPL,33.56,2026-08-24,-3.89,-9.57,19.86,-17.2,-23.93,-77.46
PCJEWELLER,11.12,2026-08-24,13.59,13.24,19.83,32.86,10.43,-18.59
AEROFLEX,504.25,2026-08-24,10.62,19.85,19.82,25.23,130.87,178.84
UTLSOLAR,459.85,2026-08-24,-0.98,15.32,19.82,70.13,132.35,
DCMNVL,171.85,2026-08-24,-1.14,4.3,19.73,12.39,25.69,0.59
MCX,3268.0,2026-08-24,11.42,18.44,19.71,-0.06,36.41,105.28
DIACABS,353.2,2026-08-24,-1.86,-2.02,19.67,82.53,166.61,141.11
SIGACHI,30.49,2026-08-24,15.71,19.99,19.57,49.83,47.15,-2.68
TRIVENI,297.18,2026-08-24,6.27,22.28,19.49,-21.1,-21.79,-11.63
PITTIENG,1098.25,2026-08-24,4.94,13.86,19.29,16.57,22.4,16.05
ARTEMISMED,328.9,2026-08-24,4.61,4.1,19.27,20.67,42.26,38.41
SUDARSCHEM,1236.1,2026-08-24,13.1,10.44,19.27,22.57,39.89,-12.79
SEL,302.0,2026-08-21,-3.82,24.28,19.25,57.29,63.24,24.79
KRN,1471.2,2026-08-24,-4.45,19.96,19.23,32.59,55.48,54.0
TBOTEK,1703.5,2026-08-24,0.21,6.34,19.21,42.6,30.1,18.09
KTKBANK,333.25,2026-08-24,8.73,9.17,19.15,25.99,64.23,98.7
GAEL,180.6,2026-08-24,4.54,4.48,19.1,10.5,25.17,74.43
GKSL,152.54,2026-08-24,0.78,14.08,18.99,6.47,37.78,
LPDC,7.25,2026-08-24,-7.88,15.08,18.85,5.07,19.64,-8.11
ORIENTBELL,379.7,2026-08-24,8.78,16.44,18.84,14.92,25.48,34.81
HINDCOPPER,574.15,2026-08-24,0.26,9.1,18.83,5.2,1.9,142.89
QPOWER,1313.2,2026-08-24,0.81,11.28,18.82,16.85,48.47,66.7
ACCENTMIC,605.05,2026-08-21,2.97,8.21,18.74,43.23,80.97,97.98
SIGNORIA,162.0,2026-08-21,2.53,-2.7,18.68,178.83,92.74,62.0
LENSKART,659.75,2026-08-24,8.58,12.56,18.68,28.37,36.17,
SEAMECLTD,1655.0,2026-08-24,6.14,8.03,18.67,3.06,26.38,84.56
VRLLOG,288.45,2026-08-24,-2.62,1.25,18.65,20.72,0.82,5.28
VSSL,351.45,2026-08-24,-2.79,4.09,18.63,28.95,41.66,38.99
E2E,612.9,2026-08-24,-10.68,1.68,18.62,71.28,151.08,161.5
GLAND,2801.6,2026-08-24,-3.73,5.83,18.61,20.94,56.61,44.21
SADBHIN,2.68,2026-08-24,-4.63,0.37,18.58,0.75,-22.32,-41.99
UNIPARTS,808.2,2026-08-24,0.88,-0.91,18.54,45.06,73.25,105.86
21STCENMGM,43.97,2026-08-24,-2.14,1.85,18.49,36.38,19.91,-21.48
PLAZACABLE,50.8,2026-08-24,-5.17,9.48,18.41,7.79,33.37,-8.63
MOL,64.43,2026-08-24,2.32,10.34,18.31,27.86,26.11,-25.54
VMART,856.55,2026-08-24,8.11,4.66,18.2,33.75,50.72,14.82
CARTRADE,3138.6,2026-08-24,12.22,13.64,18.15,74.7,76.48,33.75
KHAITANLTD,151.94,2026-08-24,3.33,0.96,17.94,15.1,65.44,37.88
KRITINUT,88.68,2026-08-24,4.15,2.58,17.91,-2.11,29.88,-10.69
CENTEXT,22.34,2026-08-24,1.87,-1.02,17.89,10.98,11.2,0.72
USASEEDS,94.9,2026-08-21,2.71,7.11,17.89,-5.05,-19.44,-67.12
GNFC,593.0,2026-08-24,-1.27,8.99,17.88,17.05,29.6,15.43
MANUGRAPH,15.92,2026-08-24,-1.12,2.05,17.84,1.53,11.72,-29.59
HATSUN,1044.5,2026-08-24,7.81,9.61,17.78,14.64,17.96,17.42
SHAHALLOYS,78.37,2026-08-24,4.65,12.13,17.74,7.68,17.43,39.85
APLAPOLLO,2145.0,2026-08-24,3.06,6.19,17.68,14.07,-2.3,30.04
IFCI,82.48,2026-08-24,4.5,8.5,17.63,35.79,40.46,52.63
MANINFRA,113.68,2026-08-24,9.18,0.04,17.58,-3.94,5.69,-30.72
NATIONALUM,403.3,2026-08-24,4.33,5.65,17.57,-1.2,18.47,123.74
WELSPUNLIV,190.43,2026-08-24,13.25,15.91,17.55,36.89,41.97,60.55
CMRSL,69.0,2026-08-21,6.74,8.28,17.41,-7.75,5.24,-15.79
MTARTECH,6812.0,2026-08-24,-3.47,-1.84,17.35,-15.65,81.21,348.04
RAMRAT,485.85,2026-08-24,3.93,6.13,17.33,12.97,52.83,42.18
PRIZOR,971.75,2026-08-21,15.66,7.1,17.33,47.64,212.66,245.82
BALKRISIND,2358.4,2026-08-24,-2.03,-6.58,17.32,7.17,-6.03,-0.89
GSPCROP,622.2,2026-08-24,5.5,4.57,17.29,39.69,,
IITL,154.8,2026-08-24,2.96,5.57,17.25,-10.55,20.31,-9.47
TIL,247.85,2026-08-24,7.83,6.6,17.25,29.3,8.99,-13.46
DIVISLAB,8496.0,2026-08-24,0.17,2.36,17.21,23.87,36.38,38.68
SEDEMAC,3151.0,2026-08-24,-2.75,8.35,17.17,58.88,,
SUNREST,41.0,2026-08-21,-8.17,10.51,17.14,10.81,-11.26,-19.29
HAPPSTMNDS,436.25,2026-08-24,2.21,8.57,17.1,19.21,21.41,-25.17
ARIS,144.09,2026-08-24,5.75,5.56,17.09,20.79,28.99,0.13
VISAKAIND,92.51,2026-08-24,0.55,-9.72,17.04,31.3,52.47,10.04
SUVEN,369.75,2026-08-24,11.02,11.17,17.01,39.29,148.22,60.24
TMCV,475.05,2026-08-24,0.99,5.52,16.96,25.45,1.03,
RUBICON,1776.1,2026-08-24,-1.26,11.26,16.95,87.19,129.69,
ZEEMEDIA,9.32,2026-08-24,-3.92,35.07,16.94,18.58,5.31,-26.67
DVL,283.61,2026-08-24,6.65,0.73,16.87,15.62,13.61,-17.33
ETERNAL,327.15,2026-08-24,2.88,5.45,16.84,35.21,28.8,2.52
AETHER,1667.8,2026-08-24,3.87,4.4,16.83,58.64,72.83,116.23
BESTAGRO,17.71,2026-08-24,-6.2,-10.74,16.82,-0.39,2.49,-30.12
GANGAFORGE,1.95,2026-08-24,-21.69,-11.36,16.77,-19.42,-33.45,-43.15
PRUDENT,3336.8,2026-08-24,-0.04,-1.27,16.72,26.18,31.58,15.52
STLTECH,658.5,2026-08-24,2.5,3.25,16.72,49.27,298.83,404.64
GLAXO,2931.7,2026-08-24,8.46,12.71,16.6,30.32,14.82,7.41
PPLPHARMA,211.15,2026-08-24,3.14,-1.15,16.48,20.22,32.4,9.55
SAILIFE,1435.9,2026-08-24,1.38,0.68,16.47,28.92,52.29,55.08
ALKYLAMINE,2083.8,2026-08-24,8.53,8.74,16.45,21.84,40.07,-2.57
SANGANI,52.25,2026-08-21,-5.77,13.59,16.37,0.48,13.59,-22.13
SILINV,482.7,2026-08-24,7.35,12.47,16.33,12.43,12.13,-15.75
GATECHDVR,0.5,2026-08-24,0.0,-3.85,16.28,0.0,6.38,-1.96
GOKULAGRO,244.05,2026-08-24,5.35,7.48,16.25,10.24,40.88,48.81
GILLANDERS,102.26,2026-08-24,15.56,11.01,16.23,11.64,12.57,-15.27
MUTHOOTCAP,248.41,2026-08-24,-3.97,-3.01,16.2,25.6,7.93,-11.65
MOTISONS,16.46,2026-08-24,-0.48,16.9,16.16,38.2,3.33,-17.95
POLICYBZR,1785.0,2026-08-24,3.29,9.51,16.12,-0.41,19.43,-6.6
MOTHERSON,169.0,2026-08-24,0.56,0.6,16.11,24.32,29.08,78.46
OMAXE,101.77,2026-08-24,0.93,19.87,16.1,37.25,32.95,12.78
AKIKO,392.25,2026-08-21,8.4,21.23,15.96,42.64,85.9,180.38
BOSCHLTD,48100.0,2026-08-24,2.41,10.56,15.95,34.25,37.04,23.12
VOGL,39.69,2026-08-24,5.39,-0.1,15.95,,,
THOMASCOOK,113.43,2026-08-24,9.4,7.35,15.92,23.64,5.88,-34.1
THELEELA,549.7,2026-08-24,9.28,8.42,15.8,32.22,25.56,30.68
PVRINOX,1231.8,2026-08-24,3.34,7.67,15.78,25.72,19.35,8.89
CPS,1146.05,2026-08-21,7.46,10.2,15.76,16.94,-9.4,57.64
NAUKRI,1349.0,2026-08-24,-0.5,5.23,15.74,40.82,32.94,-1.6
QUESS,338.6,2026-08-24,-1.54,4.59,15.73,68.62,73.29,30.15
EASTSILK,63.85,2026-08-24,12.83,-3.48,15.69,12.45,-9.52,108.59
WINDLAS,991.75,2026-08-24,6.25,18.11,15.6,26.49,31.25,-1.25
HERITGFOOD,387.55,2026-08-24,6.57,7.04,15.58,19.56,18.88,-17.25
KOLTEPATIL,452.1,2026-08-24,-4.15,-2.19,15.55,14.67,24.89,8.38
INDGN,566.65,2026-08-24,0.87,-0.37,15.53,11.91,18.62,-0.59
DPABHUSHAN,1533.3,2026-08-24,9.22,4.0,15.45,58.55,26.77,-4.02
BOHRAIND,14.56,2026-08-24,3.93,-2.67,15.37,-24.17,-21.89,-49.25
PRECWIRE,429.05,2026-08-24,-6.27,-0.98,15.36,3.51,42.12,142.38
PAVNAIND,18.54,2026-08-24,-2.01,-2.52,15.23,3.52,-21.04,-58.02
AARNAV,32.63,2026-08-24,4.48,6.56,15.22,40.28,,
MMFL,635.8,2026-08-24,0.55,-3.41,15.21,41.19,39.17,101.31
TFL,11.99,2026-08-24,5.73,9.8,15.18,-9.44,-7.63,-27.02
GLFL,5.77,2026-08-24,2.3,5.87,15.17,-8.99,-10.96,0.87
VINSYS,590.0,2026-08-21,1.72,2.01,15.12,87.3,85.01,58.11
NAZARA,347.95,2026-08-24,-0.61,-1.85,15.1,22.73,29.11,20.29
RRKABEL,2869.9,2026-08-24,4.41,4.1,15.09,47.73,91.55,137.32
EXCELINDUS,1072.65,2026-08-24,8.29,5.95,15.07,7.36,13.01,-17.61
RACLGEAR,1513.5,2026-08-24,12.66,9.07,15.05,8.3,8.0,62.59
ANDHRSUGAR,99.28,2026-08-24,-2.65,-0.7,15.0,12.03,38.2,26.62
HOACFOODS,829.0,2026-08-21,2.35,8.17,14.94,61.46,130.28,294.95
BAHETI,815.1,2026-08-21,3.31,4.13,14.92,35.1,35.43,41.02
VITAL,53.78,2026-08-24,-0.41,4.53,14.91,-4.03,5.24,-5.81
JUBLCPL,2127.1,2026-08-24,-9.19,19.37,14.89,16.55,14.53,-23.9
CLEAN,828.25,2026-08-24,-1.4,3.07,14.88,9.46,14.13,-27.79
VIAZ,70.0,2026-08-21,4.48,20.69,14.75,10.58,10.15,-1.34
EUROTEXIND,14.0,2026-08-24,0.57,2.71,14.75,-14.53,13.82,-3.65
ANTHEM,883.35,2026-08-24,-1.63,3.56,14.74,13.97,26.98,7.63
ASHOKLEY,173.29,2026-08-24,-2.15,-0.41,14.71,11.4,-16.15,35.25
SAROJA,34.4,2026-08-21,4.88,17.21,14.67,4.24,-4.58,-40.17
AZAD,2796.2,2026-08-24,-3.58,9.67,14.65,37.1,60.51,74.33
ISFT,87.41,2026-08-24,6.27,11.14,14.65,6.29,19.81,-13.34
KODYTECH,1435.0,2026-08-21,2.75,2.65,14.63,61.37,60.75,90.32
GULFOILLUB,1164.1,2026-08-24,-0.89,-1.13,14.61,29.13,8.57,-2.43
SANDHAR,680.6,2026-08-24,7.6,4.05,14.59,9.33,40.0,56.22
RENUKA,25.47,2026-08-24,10.74,13.5,14.57,6.79,9.64,-12.23
VGUARD,331.55,2026-08-24,-3.61,3.33,14.56,9.19,6.64,-10.61
SETL,312.35,2026-08-24,1.18,10.08,14.54,135.58,151.79,72.51
BIL,835.45,2026-08-24,-2.28,1.0,14.46,16.57,0.66,-0.3
ATLANTAELE,1819.5,2026-08-24,1.75,13.2,14.45,9.03,106.44,
DICIND,592.05,2026-08-24,0.02,13.64,14.41,14.31,10.05,0.59
NRL,120.01,2026-08-24,3.46,4.34,14.3,130.88,131.77,75.3
ELLEN,321.4,2026-08-24,-2.1,8.69,14.3,13.75,34.9,-39.06
ANNAPURNA,148.0,2026-08-24,-9.2,-9.06,14.29,6.36,-14.55,-42.81
ZFCVINDIA,2650.1,2026-08-24,1.01,1.55,14.2,7.59,0.82,9.32
GUJTHEM,411.7,2026-08-24,17.21,12.01,14.2,11.66,28.94,2.95
BANARISUG,3997.9,2026-08-24,15.22,14.98,14.17,10.76,10.79,6.46
ALICON,726.5,2026-08-24,0.06,0.5,14.17,10.88,-8.38,-13.99
CRAFTSMAN,10598.5,2026-08-24,1.13,3.07,14.16,21.94,34.72,55.52
SCPL,651.6,2026-08-24,-0.97,3.21,14.15,47.5,108.85,162.64
ARVSMART,694.85,2026-08-24,3.65,5.45,14.13,12.34,30.6,10.86
SHRIPISTON,4746.8,2026-08-24,6.99,7.62,14.11,46.07,49.28,81.55
HYUNDAI,2207.0,2026-08-24,0.78,-0.72,14.11,20.53,3.16,-5.85
SMARTWORKS,550.5,2026-08-24,11.22,14.24,14.08,22.02,28.34,12.1
IL&FSENGG,36.0,2026-08-24,0.59,1.41,14.07,28.62,50.0,6.29
LUMAXIND,5808.5,2026-08-24,0.28,2.71,14.04,3.9,-1.46,53.01
BALRAMCHIN,695.5,2026-08-24,6.06,6.14,13.99,29.98,52.2,19.82
MBAPL,168.91,2026-08-24,2.54,2.72,13.94,59.17,82.33,90.39
ENDURANCE,2988.2,2026-08-24,0.34,0.65,13.91,10.24,11.75,5.88
BALAJITELE,95.7,2026-08-24,3.21,5.83,13.87,4.35,-5.4,5.15
FILATEX,84.05,2026-08-24,1.61,-0.86,13.84,99.98,87.24,58.77
HAVISHA,1.4,2026-08-24,0.0,0.0,13.82,-9.68,-15.15,-31.71
MARINETRAN,16.1,2026-08-21,-5.85,3.87,13.78,0.94,-21.27,0.63
PKTEA,770.35,2026-08-24,9.35,10.32,13.76,-1.91,-2.48,7.14
MODTHREAD,54.21,2026-08-24,-5.95,17.19,13.74,20.68,31.45,-4.91
SGMART,811.55,2026-08-24,7.88,13.52,13.73,31.66,88.54,
ENSER,15.35,2026-08-21,6.97,4.42,13.7,-3.15,33.48,-31.01
TURTLEMINT,147.89,2026-08-24,-1.51,28.12,13.7,,,
AARTIIND,543.15,2026-08-24,3.12,8.51,13.68,14.06,20.75,42.07
PAKKA,81.25,2026-08-24,-8.99,13.07,13.65,-10.92,-8.06,-49.02
AUSOMENT,147.69,2026-08-24,2.29,5.46,13.61,13.71,52.01,40.06
KALYANIFRG,679.8,2026-08-24,4.92,8.23,13.6,9.59,10.02,-3.0
MOTILALOFS,990.0,2026-08-24,3.66,12.24,13.54,16.55,33.21,7.4
HINDZINC,604.0,2026-08-24,6.43,1.49,13.54,-4.47,2.96,44.75
SHIVAUM,444.2,2026-08-24,-0.2,3.74,13.53,33.98,61.53,43.29
GIPCL,178.39,2026-08-24,2.26,8.29,13.46,18.77,27.29,-2.92
HEROMOTOCO,5685.0,2026-08-24,-1.04,-2.99,13.45,16.16,4.67,17.67
SYRMA,1459.9,2026-08-24,-0.44,-3.63,13.44,40.67,76.72,96.27
MUNJALAU,112.14,2026-08-24,-5.51,10.79,13.39,25.89,40.04,31.17
NIRAJISPAT,216.0,2026-08-24,2.37,8.32,13.39,0.0,-26.23,-45.78
SONACOMS,813.5,2026-08-24,1.04,0.12,13.31,37.41,54.1,82.03
IOLCP,169.08,2026-08-24,4.84,2.68,13.31,42.41,135.29,77.0
MWL,40.79,2026-08-24,-0.29,-0.32,13.31,10.5,50.95,114.24
RCDL,28.6,2026-08-21,5.93,-4.67,13.27,30.0,-2.05,25.32
GOLD1,134.48,2026-08-24,5.31,6.81,13.27,2.11,1.77,61.52
SAYAJIHOTL,339.35,2026-08-24,9.36,8.77,13.27,19.93,,
URBAN,144.3,2026-08-21,-1.87,-2.2,13.22,9.78,-2.5,-5.84
INTERNET,14.68,2026-08-24,2.3,4.71,13.18,20.62,21.47,
SAMBHV,131.18,2026-08-24,9.43,7.55,13.16,23.16,34.76,1.25
BBNPPGOLD,156.05,2026-08-24,5.58,7.1,13.16,2.23,1.63,61.04
CYBERMEDIA,17.54,2026-08-24,5.54,8.2,13.16,-2.01,18.27,10.66
ENGINERSIN,254.83,2026-08-24,6.1,2.77,13.15,17.98,18.98,36.08
STEELCAS,346.5,2026-08-24,-1.59,4.19,13.15,20.62,45.52,59.55
LATTEYS,23.08,2026-08-24,-0.9,15.0,13.14,1.36,5.29,10.06
RATNAMANI,2697.0,2026-08-24,14.59,19.38,13.13,5.65,8.92,12.59
RPPL,24.28,2026-08-24,5.66,-7.01,13.09,49.05,40.43,8.3
KFINTECH,969.9,2026-08-24,-0.32,4.46,13.07,20.23,-1.82,-12.71
SWIGGY,284.25,2026-08-24,1.95,1.88,13.06,13.72,-9.47,-33.57
EPL,263.48,2026-08-24,8.43,15.07,13.05,21.98,22.51,13.53
QGOLDHALF,133.43,2026-08-24,5.29,6.76,13.01,2.1,1.49,61.67
63MOONS,800.25,2026-08-24,2.56,-7.07,12.98,17.66,33.16,-16.55
IVZINGOLD,140.15,2026-08-24,5.18,7.11,12.98,2.19,-98.98,-98.38
ASAHISONG,376.15,2026-08-24,5.36,5.7,12.97,59.3,75.26,22.94
AONEGOLD,15.02,2026-08-24,5.4,6.98,12.93,2.55,1.74,
GOKUL,44.36,2026-08-24,14.68,12.47,12.93,10.07,9.83,6.4
ANIKINDS,45.96,2026-08-24,7.48,8.91,12.92,5.58,0.48,-50.63
HDFCGOLD,137.53,2026-08-24,5.29,6.8,12.92,2.03,1.54,61.34
SETFGOLD,137.32,2026-08-24,5.25,6.73,12.91,2.04,1.46,61.25
GRADIENTE,2.98,2026-08-24,7.58,20.65,12.88,-41.68,,
GOLDCASE,25.33,2026-08-24,5.28,6.83,12.88,2.18,1.48,61.44
GOLDBETA,135.5,2026-08-24,5.24,6.86,12.87,2.03,1.46,61.89
KEI,5494.0,2026-08-24,-6.45,-2.93,12.86,4.44,14.91,39.08
ETHOSLTD,2892.0,2026-08-24,3.71,2.08,12.85,20.11,18.7,13.66
GROWWGOLD,15.72,2026-08-24,5.29,6.87,12.85,2.08,1.42,-83.92
TGBHOTELS,9.66,2026-08-24,5.0,5.23,12.85,6.04,6.86,-16.15
GOLDIETF,137.71,2026-08-24,5.11,6.57,12.83,1.92,1.47,61.29
VIJAYA,1482.4,2026-08-24,-1.61,6.45,12.82,20.81,50.34,45.47
KOTYARK,35.52,2026-08-24,-7.19,-14.09,12.82,-12.36,64.14,12.88
GOLDBEES,133.02,2026-08-24,5.22,6.77,12.81,1.93,1.37,61.0
GOLDADD,156.37,2026-08-24,5.19,6.76,12.81,1.99,1.63,61.31
EGOLD,160.8,2026-08-24,5.2,6.63,12.8,2.0,2.0,61.12
SHREERAMA,45.31,2026-08-24,-2.1,19.52,12.77,-1.8,-18.51,7.07
GOLDBND,160.69,2026-08-24,5.14,6.87,12.76,1.77,1.42,
TVSMOTOR,4363.5,2026-08-24,-0.51,-2.3,12.75,27.68,14.74,32.91
INDOTECH,3850.6,2026-08-24,6.71,1.21,12.66,65.77,154.7,106.46
BSLGOLDETF,141.38,2026-08-24,5.12,6.7,12.66,1.9,1.55,61.25
BTML,7.84,2026-08-24,-12.4,-2.0,12.64,17.19,4.12,-1.51
TATAGOLD,15.61,2026-08-24,5.12,6.7,12.63,1.96,1.63,60.93
SAHANA,853.05,2026-08-21,8.55,5.65,12.58,5.22,-16.78,-29.54
TREJHARA,156.21,2026-08-24,-4.61,-8.86,12.58,3.59,-20.68,-25.04
ABSMARINE,247.5,2026-08-21,0.59,11.09,12.55,-5.88,42.77,20.41
ROCKINGDCE,205.95,2026-08-21,22.99,24.48,12.54,1.7,-3.26,-7.02
KHAICHEM,53.96,2026-08-24,-9.69,4.35,12.53,-2.43,-7.72,-50.14
JINDALSAW,287.25,2026-08-24,6.23,2.94,12.49,30.57,65.0,42.7
LAURUSLABS,1801.0,2026-08-24,-0.48,-2.86,12.48,34.05,75.28,105.24
ESAFSFB,43.52,2026-08-24,10.85,9.21,12.48,54.88,61.9,47.68
MUKKA,25.8,2026-08-24,-6.28,7.46,12.47,15.13,10.78,-3.3
TASTYBITE,10109.0,2026-08-24,0.94,6.14,12.46,33.7,38.15,3.99
TWCGOLDETF,160.18,2026-08-24,5.15,6.8,12.45,2.25,2.17,
RADICO,4600.0,2026-08-24,-1.99,1.1,12.43,29.46,69.49,59.5
ANKITMETAL,1.72,2026-08-24,12.42,11.69,12.42,9.55,1.78,-11.34
RISHABH,699.55,2026-08-24,0.71,4.12,12.41,35.63,66.99,63.43
GOLDETF,156.11,2026-08-24,5.08,6.64,12.4,1.87,1.34,60.89
BIRLANU,1502.9,2026-08-24,-3.15,-6.5,12.39,11.63,0.0,-20.32
HEG,722.75,2026-08-24,3.5,5.73,12.38,23.67,28.7,49.34
PREMIERPOL,89.12,2026-08-24,6.62,26.32,12.38,53.97,71.85,82.27
PARAGMILK,240.62,2026-08-24,16.08,9.43,12.33,14.47,26.51,2.3
LICMFGOLD,144.55,2026-08-24,5.13,6.29,12.32,1.9,-98.98,-98.4
SIRCA,439.75,2026-08-24,0.07,-2.97,12.32,5.38,-4.82,-3.38
ACE,1167.2,2026-08-24,4.8,4.81,12.3,32.35,34.85,18.45
DHUNINV,967.9,2026-08-24,-4.61,0.48,12.28,12.64,-1.06,-32.67
HINDALCO,1058.5,2026-08-24,0.82,0.42,12.27,-4.07,15.3,51.1
HTMEDIA,27.23,2026-08-24,5.67,-1.55,12.24,31.23,23.72,7.25
MANALIPETC,74.91,2026-08-24,10.75,16.41,12.19,19.02,37.22,12.27
IGPL,501.05,2026-08-24,5.98,3.82,12.17,17.24,36.75,9.27
TATATECH,797.5,2026-08-24,-5.25,-9.29,12.17,20.61,41.53,18.45
NAM-INDIA,1247.8,2026-08-24,3.75,6.29,12.16,16.76,29.09,47.36
SAKAR,899.5,2026-08-24,-0.65,-0.59,12.13,18.11,72.63,170.97
GSLSU,31.4,2026-08-24,-6.85,17.12,12.1,-42.12,-65.25,-72.62
AKUMS,770.35,2026-08-24,3.54,5.51,12.08,48.83,60.02,61.23
BLACKBUCK,604.4,2026-08-24,6.13,4.88,12.06,20.83,0.2,-6.18
SIEMENS,4114.0,2026-08-24,4.34,5.1,12.04,8.46,22.84,30.29
GROWWNET,10.8,2026-08-24,1.41,3.75,12.03,20.0,20.27,
RGL,132.32,2026-08-24,8.55,13.32,12.03,30.54,16.15,15.36
WELINV,2123.1,2026-08-24,14.3,17.49,11.86,11.05,67.17,130.85
INNOVACAP,1063.05,2026-08-24,2.37,10.04,11.85,25.32,58.24,16.99
ACMESOLAR,409.15,2026-08-24,12.13,11.85,11.84,40.99,76.66,40.82
MANGALAM,30.44,2026-08-24,9.34,11.58,11.83,3.5,1.64,-62.79
SMARTLINK,225.76,2026-08-24,0.89,3.56,11.82,44.9,83.02,54.6
CLSEL,312.75,2026-08-24,11.06,12.14,11.78,17.27,15.34,12.24
BEML,1915.0,2026-08-24,0.34,1.62,11.78,4.77,12.94,-4.76
PROSTARM,138.18,2026-08-24,1.63,-5.61,11.73,-12.3,-9.3,-32.02
AEQUS,256.07,2026-08-24,2.6,4.89,11.71,20.51,79.56,
SILKFLEX,210.0,2026-08-21,1.45,-0.31,11.7,5.0,82.61,146.33
ADROITINFO,10.33,2026-08-24,3.4,2.48,11.68,17.25,9.08,-5.66
MERCURYEV,39.2,2026-08-24,10.14,13.29,11.65,,,
KMEW,2712.7,2026-08-24,-1.59,4.46,11.62,31.21,73.05,178.84
SOMANYCERA,552.1,2026-08-24,6.4,10.51,11.59,4.72,42.48,14.0
BLSE,315.0,2026-08-24,1.35,0.16,11.58,51.41,99.37,77.02
PARASPETRO,2.22,2026-08-24,-3.48,-10.12,11.56,6.22,-0.89,-11.2
MUFIN,138.61,2026-08-24,2.02,0.6,11.49,14.19,19.23,57.65
GOLDSTAR,7.8,2026-08-21,-3.11,18.18,11.43,10.64,23.81,-11.36
RPTECH,867.0,2026-08-24,-0.56,-3.09,11.43,59.3,152.03,207.12
VALIANTORG,292.9,2026-08-24,-5.0,-1.63,11.43,2.86,22.39,-15.63
RAMANEWS,31.83,2026-08-24,-2.9,-5.72,11.41,9.83,-7.74,-3.16
DYNAMATECH,11646.0,2026-08-24,4.7,4.5,11.39,4.29,17.38,78.41
WSTCSTPAPR,613.45,2026-08-24,1.31,4.64,11.38,28.54,48.85,27.46
FROG,215.75,2026-08-21,2.15,-0.12,11.35,27.36,40.83,-9.37
KIOCL,388.3,2026-08-24,0.04,-1.22,11.34,1.04,16.22,-10.06
GALLANTT,580.25,2026-08-24,-0.46,-1.85,11.33,-15.91,4.77,-5.54
SHRIRAMFIN,1119.0,2026-08-24,-0.27,-1.65,11.33,19.59,5.99,83.84
SUDARCOLOR,401.4,2026-08-24,-1.88,-2.26,11.31,5.3,15.54,-32.1
SMVD,16.25,2026-08-21,6.21,11.3,11.3,47.73,92.31,95.78
SAIL,179.65,2026-08-24,3.49,4.18,11.27,-10.72,12.16,49.19
AXISGOLD,132.27,2026-08-21,3.81,5.07,11.27,,,
VIDHIING,345.5,2026-08-24,8.24,9.93,11.25,17.22,14.69,-5.84
KAPSTON,512.2,2026-08-24,-2.01,-9.51,11.18,55.26,29.97,107.32
STEL,617.6,2026-08-24,4.43,15.32,11.17,39.16,26.44,42.63
MCLOUD,29.58,2026-08-24,10.5,1.93,11.16,13.86,20.1,-64.67
ZUARIIND,285.6,2026-08-24,11.37,9.26,11.13,14.33,12.95,-16.05
JINDALSTEL,1149.0,2026-08-24,3.13,2.32,11.13,-4.86,-6.67,15.42
ORTEL,2.0,2026-08-24,-4.76,-13.04,11.11,25.0,21.21,26.58
TREL,27.02,2026-08-24,3.72,-2.91,11.1,9.26,15.27,-18.61
MAHSEAMLES,634.75,2026-08-24,2.05,4.43,11.06,-0.09,18.9,-4.98
AUBANK,1114.0,2026-08-24,3.9,4.31,11.06,14.03,11.26,50.27
UNOMINDA,1251.3,2026-08-24,-1.46,-2.85,11.03,15.05,6.43,-0.92
BBTCL,240.93,2026-08-24,3.25,8.21,10.98,25.72,35.28,18.85
PNBHOUSING,1165.0,2026-08-24,1.23,1.37,10.97,10.81,41.17,46.81
MAZDOCK,2540.0,2026-08-24,-0.98,-1.18,10.93,3.06,12.77,-5.18
VADILALIND,7425.5,2026-08-24,0.43,0.85,10.91,71.89,53.31,51.21
TARSONS,346.85,2026-08-24,-4.05,10.64,10.9,58.59,86.99,5.91
MITCON,79.86,2026-08-24,1.49,0.45,10.89,2.89,40.06,14.79
HNDFDS,639.4,2026-08-24,5.09,9.19,10.78,24.55,31.88,20.92
IRMENERGY,281.95,2026-08-24,-3.47,-4.25,10.76,0.8,20.89,2.27
MEESHO,205.07,2026-08-24,5.8,6.82,10.71,3.05,32.34,
CHEMBONDCH,273.91,2026-08-24,3.88,9.88,10.7,43.47,85.96,26.76
MEDICO,42.03,2026-08-24,-5.06,-8.83,10.63,-12.14,-8.73,5.6
NATCAPSUQ,164.68,2026-08-24,10.71,-3.23,10.63,8.84,4.83,-16.6
LTM,4525.7,2026-08-24,-3.71,-5.62,10.6,14.44,1.9,-11.87
ANSALAPI,3.35,2026-08-24,-1.18,-4.56,10.56,-19.86,-11.61,-37.5
STEELCITY,82.21,2026-08-24,0.54,-0.86,10.56,6.52,-4.48,-18.25
TBZ,286.2,2026-08-24,17.44,3.68,10.55,112.84,93.2,52.01
MARATHON,422.8,2026-08-24,17.84,11.22,10.46,-12.19,4.1,-34.54
UDS,221.1,2026-08-24,4.43,5.02,10.44,28.51,44.06,-13.43
ALMONDZ,14.2,2026-08-24,0.0,-1.18,10.42,0.5,-11.19,-33.02
CGRAPHICS,147.0,2026-08-21,2.08,-2.2,10.4,-2.1,-6.37,-34.68
METROGLOBL,143.28,2026-08-24,-7.41,10.04,10.39,12.49,,
LODHA,1258.4,2026-08-24,0.35,3.74,10.38,42.41,21.33,0.14
SHREEPUSHK,426.9,2026-08-24,13.43,3.77,10.35,23.11,39.06,28.45
GEECEE,368.7,2026-08-24,-0.03,-0.86,10.34,11.66,27.07,5.36
ALUWIND,50.75,2026-08-21,3.78,1.6,10.33,-3.43,-16.8,-37.35
GUFICBIO,418.0,2026-08-24,-0.05,-3.46,10.33,42.32,48.7,15.1
APCOTEXIND,618.8,2026-08-24,2.2,-0.61,10.29,25.88,69.28,59.94
PRAJIND,352.65,2026-08-24,5.57,7.63,10.26,-8.6,16.81,-12.49
AONESILVER,9.25,2026-08-24,3.58,5.23,10.25,-8.07,,
ESILVER,242.11,2026-08-24,3.67,5.42,10.25,-8.08,-7.69,110.64
AGI,741.65,2026-08-24,3.51,3.27,10.23,27.79,34.86,-21.43
RBLBANK,388.0,2026-08-24,1.7,-0.51,10.23,16.35,19.33,54.22
MMWL,15.42,2026-08-24,1.38,-1.15,10.22,12.55,,
KINGFA,5744.0,2026-08-24,-5.64,2.16,10.21,11.84,37.66,27.39
SILVER1,23.54,2026-08-24,3.75,5.09,10.21,-8.08,-90.72,-75.36
KSHINTL,978.95,2026-08-24,-4.25,8.7,10.19,37.41,170.99,
SJLOGISTIC,353.55,2026-08-21,8.45,15.28,10.19,13.19,9.97,-17.77
ESABINDIA,6224.5,2026-08-24,-1.03,8.33,10.18,-11.36,13.58,16.27
SILVERCASE,24.59,2026-08-24,3.71,5.13,10.17,-8.28,-7.56,111.1
AGL,13.86,2026-08-24,-1.07,1.09,10.17,,,
GOPAL,284.35,2026-08-24,5.02,3.93,10.11,-2.64,-1.41,-21.3
SILVERADD,233.88,2026-08-24,3.65,5.26,10.11,-8.13,-7.34,111.58
MCON,48.5,2026-08-21,4.98,18.0,10.1,8.14,5.43,-40.71
SHAILY,3268.8,2026-08-24,-3.75,-2.93,10.07,21.28,68.02,55.54
BDL,1368.0,2026-08-24,-0.87,4.43,10.06,4.23,10.31,-9.5
MARSONS,120.97,2026-08-24,15.43,16.94,10.05,-20.2,,
CHAVDA,137.15,2026-08-21,1.55,-0.51,10.03,42.94,25.48,4.89
INFINIUM,227.75,2026-08-21,-4.87,4.45,10.02,7.99,8.97,-16.04
CPCAP,119.35,2026-08-24,-8.42,1.52,10.01,27.09,30.85,-15.85
GROWWSLVR,23.75,2026-08-24,3.67,5.09,10.0,-8.16,-7.44,-78.99
THEMISMED,120.81,2026-08-24,16.06,10.86,9.97,20.46,41.12,17.1
SILVERBETA,234.1,2026-08-24,3.62,5.09,9.95,-8.19,-7.41,110.43
HDFCSILVER,231.71,2026-08-24,3.61,4.99,9.92,-8.3,-7.54,110.11
SHK,154.6,2026-08-24,-5.88,-9.53,9.92,21.25,0.96,-30.89
MCL,58.66,2026-08-24,-2.99,-0.24,9.91,-4.87,-1.99,19.98
SILVERAG,235.99,2026-08-24,3.83,5.22,9.9,-8.07,-7.78,110.76
SHEETAL,323.0,2026-08-21,-0.23,-4.23,9.9,8.53,31.81,142.88
SBISILVER,237.34,2026-08-24,3.55,4.97,9.89,-8.17,-7.4,110.76
SILVERBEES,231.8,2026-08-24,3.66,5.14,9.88,-8.21,-7.53,110.86
PERSISTENT,5694.0,2026-08-24,2.23,4.02,9.87,14.96,22.56,6.8
DREDGECORP,1101.7,2026-08-24,-5.07,3.76,9.81,3.47,19.87,78.8
SILVER,242.05,2026-08-24,3.71,5.13,9.81,-8.11,-7.4,111.31
PARADEEP,149.4,2026-08-24,1.87,-0.31,9.8,17.46,29.44,-32.13
SILVERIETF,242.06,2026-08-24,3.73,5.15,9.79,-8.2,-7.5,111.54
TATSILV,23.5,2026-08-24,3.52,5.0,9.76,-8.27,-7.59,111.14
CYIENTDLM,735.85,2026-08-24,-0.22,6.41,9.75,75.91,130.67,65.19
ABAN,16.38,2026-08-24,-9.5,-18.06,9.71,-8.44,-17.85,-66.94
RAMBHAJO,212.89,2026-08-24,17.64,9.79,9.7,,,
SJS,2561.7,2026-08-24,1.07,8.0,9.68,29.57,39.0,86.08
WONDERLA,511.95,2026-08-24,9.23,5.67,9.67,6.81,5.66,-19.72
TAINWALCHM,218.11,2026-08-24,4.61,8.91,9.66,13.1,16.47,-0.59
WINSOME,836.67,2026-08-21,0.0,0.0,9.61,13.57,45.93,25.5
MILTON,40.5,2026-08-21,0.0,13.92,9.61,-0.49,-14.38,40.14
OCCLLTD,157.16,2026-08-24,1.22,1.73,9.61,36.81,78.63,16.44
SILVERBND,242.79,2026-08-24,3.4,5.02,9.57,-8.03,-7.77,
LEMERITE,22.46,2026-08-24,-3.4,-2.98,9.56,-59.1,-75.39,-68.35
GNA,555.4,2026-08-24,-1.1,3.1,9.55,49.33,33.78,77.81
SREEL,249.71,2026-08-24,-4.23,12.88,9.54,33.25,24.6,7.64
FINEORG,5277.4,2026-08-24,3.27,4.96,9.54,14.88,8.56,10.57
GPPL,163.43,2026-08-24,2.42,8.68,9.52,7.34,-6.47,10.95
SSDL,57.46,2026-08-24,-6.39,6.66,9.51,-6.25,-9.13,-37.89
DOLATALGO,75.29,2026-08-24,5.77,4.77,9.5,0.23,-1.23,-8.06
GANESHBE,121.98,2026-08-24,3.26,1.35,9.49,22.91,47.25,27.49
JTLIND,79.52,2026-08-24,5.56,2.54,9.47,13.1,24.7,4.84
SHIVATEX,168.97,2026-08-24,4.76,5.25,9.46,-1.55,6.73,-6.94
TEXMOPIPES,47.11,2026-08-24,3.27,8.25,9.46,3.38,2.82,-20.31
HONASA,490.8,2026-08-24,1.9,2.87,9.41,27.7,60.58,63.57
AEROENTER,139.23,2026-08-24,10.74,9.54,9.37,40.61,78.55,52.56
RAJRILTD,22.79,2026-08-24,3.92,2.66,9.36,14.98,1.33,-9.09
BOROLTD,254.04,2026-08-24,3.77,5.39,9.34,10.92,3.5,-26.11
IPCALAB,1920.4,2026-08-24,1.9,13.92,9.32,20.28,27.17,35.86
CHEMCON,192.93,2026-08-24,2.08,0.7,9.29,8.23,21.77,-12.15
KCP,176.62,2026-08-24,13.74,16.49,9.29,10.16,9.82,-13.09
SENORES,1515.7,2026-08-24,-1.94,6.57,9.24,36.43,94.51,109.28
TEGA,1704.3,2026-08-24,-2.28,4.33,9.23,6.32,-4.37,-8.99
IFGLEXPOR,213.45,2026-08-24,-2.52,-5.26,9.18,27.29,28.92,-18.57
HARSHA,442.9,2026-08-24,4.06,2.38,9.18,9.36,21.46,8.31
SIKKO,5.13,2026-08-24,-5.87,-16.04,9.15,17.39,8.92,44.06
NCC,147.35,2026-08-24,5.7,2.17,9.14,2.36,0.42,-31.04
AFIL,10.05,2026-08-24,6.91,2.24,9.12,9.48,42.15,39.58
GLENMARK,2390.7,2026-08-24,2.65,6.19,9.06,5.83,16.13,23.71
DOLLEX,33.1,2026-08-21,3.28,2.48,9.06,3.92,-9.93,-20.53
GOCOLORS,353.3,2026-08-24,2.69,7.3,8.99,16.45,9.48,-49.1
GEOJITFSL,82.98,2026-08-24,4.63,6.85,8.97,15.27,29.31,15.14
LGEINDIA,1664.2,2026-08-24,-0.2,6.83,8.97,11.65,6.13,
POWERINDIA,33840.0,2026-08-24,-4.52,-6.11,8.94,-4.8,35.92,70.3
INDIGOPNTS,1142.5,2026-08-24,-1.59,0.11,8.92,13.86,20.48,0.79
HBSL,53.98,2026-08-24,-5.13,-7.2,8.92,-10.78,-12.08,-31.84
ASHIMASYN,18.35,2026-08-24,4.8,4.92,8.9,13.76,22.33,-29.37
VIYASH,273.2,2026-08-24,8.35,-0.16,8.89,11.03,24.51,55.36
NAVINFLUOR,8187.0,2026-08-24,0.44,-0.12,8.87,15.04,29.53,63.12
SICALLOG,105.65,2026-08-24,-3.91,3.51,8.84,65.65,60.03,6.74
ULTRAMAR,413.0,2026-08-24,4.77,3.78,8.83,3.1,,
MAZDA,235.49,2026-08-24,1.99,0.44,8.83,21.01,19.99,-17.14
ADOR,1625.4,2026-08-24,6.56,7.05,8.8,54.21,55.12,80.58
TEMBO,57.7,2026-08-24,-4.39,-7.09,8.79,-8.55,7.75,2.04
NECCLTD,16.59,2026-08-24,10.82,11.49,8.79,6.48,14.97,-23.37
ELGIRUBCO,59.37,2026-08-24,0.44,-2.42,8.78,25.73,52.98,4.49
TMB,875.1,2026-08-24,3.72,-1.7,8.78,30.3,28.45,108.26
SKIPPER,575.0,2026-08-24,8.35,8.7,8.77,24.99,55.01,6.54
ORIENTCER,44.34,2026-08-24,0.59,3.67,8.76,13.31,12.2,15.48
WORTHPERI,155.32,2026-08-24,0.02,-1.2,8.74,14.55,13.3,3.39
SUPERSPIN,5.98,2026-08-24,1.7,-4.17,8.73,17.95,-10.21,-39.47
COCHINSHIP,1514.0,2026-08-24,3.86,0.8,8.73,-1.18,1.62,-10.69
PRINCEPIPE,283.95,2026-08-24,-0.11,4.41,8.71,3.84,13.39,-17.01
EIDPARRY,823.95,2026-08-24,4.03,4.13,8.7,5.78,-4.97,-30.06
JAGSNPHARM,240.77,2026-08-24,3.1,3.35,8.65,14.7,38.95,3.48
HINDCON,22.28,2026-08-24,0.68,0.54,8.63,0.13,7.32,-31.04
TITAN,5079.0,2026-08-24,0.21,-0.22,8.6,24.9,18.66,40.73
JALAN,1.9,2026-08-21,11.76,15.15,8.57,2.7,-39.68,-72.06
INFY,1130.0,2026-08-24,-0.87,-4.48,8.56,-1.71,-9.49,-21.2
WINDMACHIN,317.15,2026-08-24,5.58,4.45,8.54,10.22,33.59,-0.66
UMESLTD,5.85,2026-08-24,-2.82,8.33,8.53,21.37,32.95,1.74
NAHARSPING,299.0,2026-08-24,0.78,-2.64,8.51,13.62,48.81,38.9
CONCOR,516.4,2026-08-24,-1.54,2.89,8.47,2.39,2.47,-4.35
AXITA,7.98,2026-08-24,10.07,9.32,8.42,2.84,-12.11,-0.25
NITINSPIN,580.15,2026-08-24,4.77,3.83,8.4,16.15,51.89,67.09
ORIENTELEC,185.0,2026-08-24,-1.29,-2.5,8.35,1.07,6.75,-12.88
SUPERHOUSE,167.86,2026-08-24,-0.75,3.91,8.32,10.07,6.52,11.02
DODLA,1149.4,2026-08-24,4.54,9.38,8.31,8.62,0.35,-14.48
JUNIPER,209.12,2026-08-24,8.87,6.62,8.31,6.02,-2.75,-29.52
ASAHIINDIA,962.15,2026-08-24,3.32,6.56,8.31,12.39,3.06,9.24
JSFB,581.55,2026-08-24,5.96,7.74,8.31,29.1,56.79,17.18
WHEELS,1561.4,2026-08-24,10.15,10.6,8.3,-6.38,76.07,109.32
GVPTECH,7.31,2026-08-24,4.13,4.43,8.3,16.77,7.66,-26.97
YATHARTH,907.55,2026-08-24,7.68,1.04,8.26,5.33,28.97,26.8
CEATLTD,3565.9,2026-08-24,-1.18,-6.0,8.22,10.62,-3.24,13.12
CYIENT,909.05,2026-08-24,4.73,6.32,8.21,0.82,-4.32,-25.11
KHADIM,101.85,2026-08-24,4.92,9.43,8.2,-4.2,-25.29,-57.45
WELENT,647.9,2026-08-24,13.79,11.83,8.2,28.89,30.05,38.06
UYFINCORP,20.09,2026-08-24,-6.08,-4.42,8.19,33.75,40.1,34.83
GSS,13.1,2026-08-24,0.69,-1.8,8.18,-5.35,-8.84,-54.8
PAR,101.45,2026-08-24,0.54,-2.01,8.17,17.45,6.64,5.13
PINELABS,157.54,2026-08-24,-3.13,-2.72,8.15,10.29,-22.49,
GARFIBRES,809.4,2026-08-24,8.14,1.26,8.14,29.44,25.4,0.58
OFSS,11518.0,2026-08-24,-2.3,-3.13,8.13,20.92,83.58,39.51
DLF,689.0,2026-08-24,2.68,4.39,8.13,18.91,14.06,-8.51
FEL,0.4,2026-08-24,2.56,5.26,8.11,-11.11,-6.98,-28.57
SHARDAMOTR,893.15,2026-08-24,-1.8,-6.54,8.07,4.69,-6.08,-15.56
LT,4090.0,2026-08-24,0.08,0.25,8.04,4.16,-3.03,14.85
ATLANTAA,38.0,2026-08-24,-4.14,-15.91,8.02,-11.48,-6.61,16.74
M&M,3414.1,2026-08-24,0.7,-2.93,7.99,11.96,0.49,1.38
JKIPL,104.4,2026-08-24,7.52,6.8,7.97,23.59,56.45,
VIMTALABS,615.85,2026-08-24,-1.22,-4.62,7.96,36.89,33.72,-6.02
360ONE,1189.8,2026-08-24,1.43,1.21,7.94,6.96,7.48,11.62
VERTOZ,38.4,2026-08-24,6.76,7.68,7.93,-18.36,-17.27,-52.42
IFBIND,1407.1,2026-08-24,1.52,0.17,7.9,34.12,25.52,-4.76
GLOBALE,11.76,2026-08-24,8.19,13.62,7.89,-2.0,7.69,-16.0
PROV,1845.0,2026-08-21,-3.15,8.53,7.89,12.43,52.67,95.65
SALONA,268.37,2026-08-24,2.74,11.53,7.87,-3.64,9.82,6.77
HCG,718.8,2026-08-24,0.91,0.44,7.84,9.86,23.69,6.06
MONARCH,384.8,2026-08-24,-0.84,-1.87,7.84,20.43,39.47,15.71
TNIDETF,90.62,2026-08-24,-0.25,0.1,7.83,11.75,9.84,-3.64
AMDIND,53.56,2026-08-24,4.18,13.35,7.81,17.74,26.41,4.92
SOLARINDS,19925.0,2026-08-24,-0.38,5.87,7.8,9.95,50.14,34.3
DYCL,433.7,2026-08-24,-6.8,2.57,7.78,44.74,56.0,-4.29
GAYAPROJ,22.34,2026-08-24,0.63,12.83,7.77,32.98,75.91,151.58
PETRONET,295.95,2026-08-24,5.02,5.7,7.74,9.92,-2.79,10.88
BAJEL,192.09,2026-08-24,3.35,0.08,7.74,6.71,19.95,-6.62
ELGIEQUIP,621.95,2026-08-24,-0.36,6.76,7.73,11.55,15.56,25.07
KALPATARU,286.9,2026-08-24,1.34,-0.1,7.72,-14.05,-14.87,-25.71
SHIGAN,68.0,2026-08-21,9.68,9.41,7.68,-22.73,5.67,-5.16
JBCHEPHARM,2408.9,2026-07-23,0.0,-2.08,7.68,20.26,31.92,44.73
METALIETF,13.46,2026-08-24,1.66,1.36,7.68,0.98,11.15,43.19
UNIONBANK,183.6,2026-08-24,-2.81,1.36,7.68,17.61,-5.78,40.26
SHOPERSTOP,406.75,2026-08-24,-5.86,-4.5,7.68,23.2,28.76,-25.24
ZENTEC,1903.3,2026-08-24,2.13,10.71,7.67,19.53,43.72,27.58
SADHNANIQ,2.95,2026-08-24,-4.53,-6.94,7.66,27.16,29.96,-57.37
SELECTIPO,48.91,2026-08-24,1.01,1.3,7.64,13.51,14.44,-1.66
GENUSPOWER,339.6,2026-08-24,6.71,11.34,7.6,6.78,31.6,-4.66
COHANCE,448.75,2026-08-24,0.9,0.39,7.59,7.22,44.97,-49.28
ENRIN,3485.7,2026-08-24,-3.33,-2.29,7.58,-0.64,19.92,3.48
PTC,156.84,2026-08-24,-2.35,-11.88,7.57,-8.73,6.86,-4.13
LAL,9.01,2026-08-24,3.33,3.09,7.52,28.71,17.78,-15.4
SUPREMEPWR,232.2,2026-08-21,20.65,15.26,7.52,-2.44,59.26,12.66
METAL,13.47,2026-08-24,1.58,0.97,7.5,0.75,11.14,42.99
HAL,4906.0,2026-08-24,-3.02,-0.24,7.49,12.53,24.37,10.82
FSL,272.5,2026-08-24,1.77,-2.57,7.46,1.45,19.57,-24.37
RAYMOND,632.2,2026-08-24,-2.42,0.83,7.44,14.35,57.68,1.78
MUTHOOTFIN,3209.0,2026-08-24,11.1,10.43,7.44,-2.66,-7.38,20.72
SRD,40.74,2026-08-24,-0.76,9.93,7.44,-2.16,-21.23,-47.06
GROWWMETAL,12.72,2026-08-24,2.42,1.35,7.43,1.03,11.29,
GYFTR,160.61,2026-08-24,-0.99,0.75,7.42,,,
ADVANCE,118.0,2026-08-24,0.8,-2.65,7.38,13.09,-5.71,
BHAGCHEM,282.9,2026-08-24,-2.03,-0.86,7.38,15.61,41.13,0.91
VETO,130.45,2026-08-24,8.52,7.66,7.37,16.96,22.38,15.34
LALPATHLAB,1883.8,2026-08-24,0.35,-3.59,7.37,16.15,34.37,12.74
DOLLAR,273.7,2026-08-24,1.99,-1.72,7.33,-0.05,-6.06,-24.83
DCMSHRIRAM,1075.4,2026-08-24,5.6,5.85,7.33,-2.91,-0.33,-14.16
GLOBECIVIL,42.12,2026-08-24,-6.11,-2.7,7.31,-6.65,-17.31,-47.47
THEJO,2032.2,2026-08-24,-3.83,-8.04,7.28,25.02,21.84,5.59
DTIL,139.92,2026-08-24,5.1,4.34,7.26,3.04,0.72,-28.88
DCBBANK,199.74,2026-08-24,8.5,6.57,7.25,11.07,7.45,64.86
GHCLTEXTIL,124.21,2026-08-24,3.44,2.77,7.24,38.12,60.52,56.15
NILASPACES,12.75,2026-08-24,-0.93,6.87,7.23,-1.16,-8.34,-8.41
AJANTPHARM,3579.9,2026-08-24,-3.72,2.1,7.22,16.26,22.51,38.46
SAGILITY,43.23,2026-08-24,1.96,-0.94,7.2,5.07,2.19,-5.84
EDELWEISS,125.41,2026-08-24,2.23,5.94,7.17,13.9,3.04,35.38
IDEA,14.07,2026-08-24,2.63,8.9,7.16,2.48,28.96,99.01
ROSSTECH,1053.65,2026-08-24,-4.98,-3.73,7.15,14.07,55.18,54.51
GUJALKALI,723.0,2026-08-24,6.25,5.91,7.14,5.21,52.15,29.16
VMSTMT,47.19,2026-08-24,-5.34,-2.16,7.13,-1.21,1.11,
MOIPO,48.84,2026-08-24,0.85,0.97,7.13,13.63,13.95,
ICIL,430.4,2026-08-24,10.73,1.67,7.1,42.66,62.36,72.05
YATRA,115.31,2026-08-24,1.19,10.31,7.1,13.79,-1.38,-24.26
CHOLAFIN,1846.7,2026-08-24,-2.02,-3.82,7.09,19.98,6.47,21.3
DHANLAXMI,25.0,2026-08-21,2.46,-1.96,7.07,-21.63,-6.37,-44.2
CMNL,109.95,2026-08-21,4.66,-0.32,7.06,-8.38,4.12,-27.19
ATALREAL,33.66,2026-08-24,-6.11,-2.63,7.06,14.1,36.55,77.63
JYOTHYLAB,212.57,2026-08-24,-0.64,3.47,7.05,6.18,-15.41,-35.83
ARVEE,164.43,2026-08-24,-0.68,6.02,7.01,4.3,6.08,2.25
ALEMBICLTD,91.64,2026-08-24,1.65,8.02,7.01,7.74,1.77,-10.82
VERANDA,250.15,2026-08-24,6.4,1.4,7.0,3.6,30.33,12.95
SHIVALIK,271.52,2026-08-24,6.65,6.45,7.0,5.08,-3.85,-45.27
RVTH,732.95,2026-08-24,-1.97,1.71,6.99,9.51,17.27,-15.32
JAIBALAJI,65.52,2026-08-24,-6.35,-4.41,6.99,-9.04,7.67,-36.1
JSWSTEEL,1327.0,2026-08-24,3.85,1.92,6.95,3.82,6.39,26.55
ALPHA,54.35,2026-08-24,0.31,1.12,6.9,8.18,11.79,10.49
BAFNAPH,254.55,2026-08-24,0.79,-8.86,6.89,88.51,133.06,165.82
SONATSOFTW,306.75,2026-08-24,-4.26,-3.8,6.88,16.51,15.54,-15.62
INGERRAND,4653.3,2026-08-24,3.93,8.93,6.87,4.4,18.19,25.56
MOXSH,109.0,2026-08-21,0.0,2.83,6.86,-18.05,-1.27,174.21
KPIL,1388.9,2026-08-24,-1.09,5.59,6.85,10.46,16.15,7.69
RATEGAIN,962.1,2026-08-24,1.33,3.17,6.85,34.66,87.54,94.34
SKFINDIA,1586.4,2026-08-24,-4.02,3.19,6.84,-4.1,-14.42,-63.94
GRAPHITE,718.75,2026-08-24,-1.47,-0.57,6.84,-1.88,6.29,35.28
INDIQUBE,193.72,2026-08-24,8.45,4.42,6.84,18.61,11.32,-14.75
TALBROAUTO,418.4,2026-08-24,-1.19,-0.86,6.8,16.53,58.61,55.68
TATACAP,364.45,2026-08-24,1.45,-0.92,6.77,21.81,8.18,
CHALET,869.55,2026-08-24,2.94,3.88,6.77,9.37,3.06,-14.61
GRASIM,3288.0,2026-08-24,1.15,-2.74,6.76,4.53,14.55,17.22
AUTOIETF,30.12,2026-08-24,-0.92,-1.95,6.73,12.35,4.62,15.98
SPIC,69.3,2026-08-24,3.29,2.24,6.71,-6.67,-0.09,-36.02
DHARAN,0.16,2026-08-24,0.0,6.67,6.67,33.33,6.67,-62.79
BAJAJFINSV,2001.7,2026-08-24,-0.16,-0.97,6.66,13.44,-1.95,1.91
AUTOBEES,299.87,2026-08-24,-1.07,-2.39,6.65,12.26,4.3,15.3
IDFCFIRSTB,85.89,2026-08-24,0.99,0.93,6.62,25.06,21.38,23.63
ESCORTS,3097.3,2026-08-24,-1.16,0.49,6.62,6.85,-12.15,-11.81
NOVAAGRI,24.32,2026-08-24,-5.41,0.0,6.62,-13.79,-19.31,-53.42
MOALPHA50,56.39,2026-08-24,0.27,0.62,6.6,8.77,11.3,9.99
EICHERMOT,8047.0,2026-08-24,-0.04,0.9,6.6,16.47,2.55,37.25
MINDACORP,719.95,2026-08-24,-0.72,-2.08,6.55,25.43,25.64,42.07
KRYSTAL,640.4,2026-08-24,3.22,6.28,6.48,8.91,2.46,2.06
MIDHANI,418.1,2026-08-24,-2.45,-3.7,6.47,1.19,23.84,7.15
MANGLMCEM,1045.4,2026-08-24,19.81,16.16,6.41,24.22,18.19,43.21
PFOCUS,307.8,2026-08-24,15.54,8.74,6.4,26.85,14.84,102.54
MGL,1127.7,2026-08-24,1.49,1.99,6.4,8.64,-3.94,-12.74
BASF,3878.6,2026-08-24,-4.02,-3.8,6.39,11.9,10.6,-15.15
BLUESTONE,821.6,2026-08-24,-1.56,-1.03,6.37,73.15,103.64,50.38
ARE&M,922.8,2026-08-24,-2.42,2.8,6.35,13.12,8.1,-5.49
SOTL,681.8,2026-08-24,-0.85,-0.61,6.35,61.2,85.52,70.31
BAJFINANCE,1077.0,2026-08-24,-1.13,-2.29,6.34,18.23,5.87,21.14
ESTER,94.13,2026-08-24,-4.88,-5.13,6.33,-1.43,-3.08,-13.98
ESSENTIA,1.18,2026-08-24,-10.61,-8.53,6.31,-27.61,-13.24,-39.8
GROBTEA,954.45,2026-08-24,0.07,6.01,6.31,6.29,4.18,-6.88
BCLIND,37.99,2026-08-24,4.48,1.74,6.3,8.95,35.1,-8.65
PULZ,24.45,2026-08-21,11.64,-0.81,6.3,8.19,-11.41,-41.79
NIACL,184.08,2026-08-24,0.24,2.52,6.28,12.73,24.17,-4.51
CAMPUS,228.55,2026-08-24,4.88,2.92,6.26,-2.79,-12.39,-13.62
WAKEFIT,137.81,2026-08-24,10.58,8.37,6.25,2.45,-27.35,
TTKHLTCARE,1112.6,2026-08-24,-2.27,5.06,6.25,26.37,22.67,-1.99
APOLLOTYRE,445.85,2026-08-24,2.1,-0.02,6.24,20.6,-1.4,-3.05
M&MFIN,378.7,2026-08-24,-2.62,-8.15,6.23,29.27,6.19,47.23
RIIL,774.95,2026-08-24,3.73,2.74,6.22,3.58,9.71,-13.94
ITETF,32.37,2026-08-24,-0.89,-3.29,6.2,6.2,2.34,-12.13
DMCC,287.1,2026-08-24,-1.37,-7.5,6.19,4.5,34.0,-13.48
STOVEKRAFT,821.25,2026-08-24,9.72,1.53,6.19,47.39,69.87,23.66
SPECIALITY,146.24,2026-08-24,7.55,-2.6,6.18,32.64,45.11,18.23
SBIETFIT,338.38,2026-08-24,-1.02,-3.68,6.17,6.04,1.94,-12.42
ANANDRATHI,2167.9,2026-08-24,-0.37,1.71,6.16,21.26,42.13,55.11
OMFURN,59.45,2026-08-21,9.18,-1.16,6.16,4.3,7.5,-45.53
IMAGICAA,49.53,2026-08-24,5.25,0.88,6.15,15.4,10.16,-13.97
FOSECOIND,5358.0,2026-08-24,-5.02,-3.82,6.14,6.15,13.81,-16.76
SANDESH,1034.15,2026-08-24,-4.41,-5.25,6.13,4.3,3.12,-16.94
JMFINANCIL,129.5,2026-08-24,1.24,1.8,6.1,1.95,-1.05,-31.21
JSWDULUX,3122.9,2026-08-24,-0.54,2.21,6.08,9.48,1.72,-6.71
ELDEHSG,825.55,2026-08-24,7.87,10.12,6.07,0.25,-6.13,11.89
MPHASIS,2427.0,2026-08-24,-3.31,-3.23,6.07,12.13,12.1,-12.52
SIMPLEXINF,253.76,2026-08-24,0.97,-2.61,6.06,17.08,26.68,-16.42
OIL,477.0,2026-08-24,0.5,5.3,6.06,-4.55,1.02,19.7
CONSUMER,12.3,2026-08-24,0.16,0.65,6.03,12.53,9.33,1.23
BAJAJ-AUTO,11800.0,2026-08-24,1.17,1.05,6.02,13.43,21.74,37.87
NETWORK18,30.34,2026-08-24,4.8,3.48,6.01,-4.65,-12.54,-45.84
AYMSYNTEX,248.55,2026-08-24,-8.59,-3.14,6.0,22.24,24.0,29.09
KALYANKJIL,607.95,2026-08-24,-0.34,1.28,6.0,72.52,49.41,19.29
ITBEES,33.92,2026-08-24,-0.93,-3.39,6.0,5.93,2.17,-12.4
HILINFRA,46.5,2026-08-24,4.59,3.08,5.99,-3.63,-18.56,-53.1
UNITDSPR,1555.0,2026-08-24,0.65,2.17,5.98,22.22,10.23,18.36
ITIETF,33.88,2026-08-24,-1.14,-3.48,5.97,5.74,2.08,-12.36
RITCO,314.95,2026-08-24,7.68,2.86,5.97,20.13,41.75,11.76
MANOMAY,214.76,2026-08-24,-0.27,-1.54,5.96,17.38,-1.77,28.41
AAATECH,95.0,2026-08-24,3.28,-4.5,5.96,2.46,-7.46,19.97
PROLIFE,79.45,2026-08-21,-9.72,1.02,5.93,33.53,8.84,-42.33
NIITLTD,99.1,2026-08-24,4.76,3.99,5.88,51.52,39.73,-10.12
BSOFT,299.0,2026-08-24,-3.8,-5.75,5.88,-7.55,-17.18,-18.66
BHANDARI,3.06,2026-08-24,0.99,7.37,5.88,-4.08,-1.96,-40.35
DIAMONDYD,1176.5,2026-08-24,-1.17,-2.48,5.86,20.04,9.56,28.72
SWASTIK,19.0,2026-08-21,0.0,0.53,5.85,-16.11,0.0,-44.04
ITBETA,320.74,2026-08-24,-2.11,-3.2,5.84,6.05,2.12,-12.38
HDFCNIFIT,32.6,2026-08-24,-1.18,-3.46,5.84,6.09,2.07,-12.25
ITADD,32.31,2026-08-24,-1.4,-3.61,5.83,5.83,2.12,-12.13
TECH,33.2,2026-08-24,-1.63,-3.94,5.83,5.0,1.9,-11.87
GANGESSECU,122.99,2026-08-24,2.23,5.25,5.81,0.62,-0.01,-27.0
PASUPTAC,61.27,2026-08-24,0.31,-6.13,5.8,5.69,20.37,41.66
COUNCODOS,6.77,2026-08-24,0.74,11.53,5.78,39.3,27.74,1.65
SASKEN,1926.1,2026-08-24,0.34,1.22,5.77,6.95,66.28,36.28
SICAGEN,53.55,2026-08-24,-5.15,-19.67,5.77,1.83,,
BILVYAPAR,4.22,2026-08-24,3.18,-0.71,5.76,-13.17,-35.87,-60.93
MANAKALUCO,37.26,2026-08-24,-2.23,-16.44,5.76,10.99,28.09,26.42
IT,33.83,2026-08-24,-1.26,-3.51,5.75,6.25,2.08,-12.38
RADHIKAJWE,67.27,2026-08-24,-0.93,-1.95,5.72,16.44,0.72,-32.36
MAMATA,417.5,2026-08-24,2.93,-1.83,5.71,2.73,-3.64,1.02
BANDHANBNK,173.9,2026-08-24,0.38,1.61,5.71,-9.87,-2.85,1.26
SML100CASE,11.32,2026-08-24,0.35,0.53,5.7,11.2,18.0,
CARBORUNIV,1122.2,2026-08-24,-0.04,0.11,5.69,6.44,33.58,21.62
PIDILITIND,1660.0,2026-08-24,-0.54,-1.48,5.67,13.09,12.93,8.32
SMCGLOBAL,79.73,2026-08-24,-0.85,0.43,5.66,28.51,2.13,19.41
FEDFINA,159.05,2026-08-24,4.64,6.1,5.66,2.61,16.34,11.98
LANDMARK,541.75,2026-08-24,6.02,-3.49,5.65,48.81,31.24,-4.86
PFIZER,4881.5,2026-08-24,1.09,0.08,5.58,6.21,-2.43,-12.49
VEEDOL,1476.7,2026-08-24,-2.95,-3.14,5.57,5.34,6.6,-6.52
LINCOLN,612.25,2026-08-24,-1.78,2.97,5.56,-16.6,-0.55,11.57
SANDUMA,205.21,2026-08-24,2.15,0.4,5.47,-8.84,5.46,37.68
LGBBROSLTD,1602.2,2026-08-24,1.35,4.7,5.46,5.1,-15.76,25.44
REMSONSIND,82.56,2026-08-24,0.82,-6.93,5.43,-10.53,-26.13,-32.62
JSWINFRA,340.2,2026-08-24,1.43,-0.53,5.42,24.26,33.03,11.8
KRISHIVAL,408.5,2026-08-24,0.05,2.69,5.41,8.51,28.54,-0.34
EBGNG,603.3,2026-08-24,1.74,8.58,5.41,34.37,61.87,74.95
GLOBAL,107.5,2026-08-24,0.03,5.82,5.4,5.99,3.42,67.32
CAPILLARY,501.95,2026-08-24,-4.49,-3.76,5.4,-2.78,-1.91,
GROWWEV,33.35,2026-08-24,-2.43,-2.49,5.4,11.06,9.63,10.91
KECL,131.57,2026-08-24,-4.31,-12.39,5.38,9.93,47.35,8.57
INDIANB,870.45,2026-08-24,-1.22,-1.55,5.37,7.63,-9.82,32.64
DEEPAKNTR,1730.3,2026-08-24,-2.82,-2.75,5.37,-0.09,9.43,-3.71
FRACTAL,828.5,2026-08-24,1.28,2.84,5.31,-9.7,-0.4,
CANHLIFE,154.7,2026-08-24,3.9,3.83,5.3,11.55,3.66,
CSLFINANCE,225.02,2026-08-24,2.49,1.39,5.23,-2.8,-14.08,-26.43
DIXON,14570.0,2026-08-24,3.89,3.22,5.23,24.3,38.43,-13.71
RADAAN,3.03,2026-08-24,2.02,-1.94,5.21,-4.42,4.12,-18.77
SATIPOLY,44.7,2026-08-21,4.56,-1.97,5.18,23.82,-19.31,-48.62
NORBTEAEXP,70.86,2026-08-24,7.09,5.87,5.18,-15.78,-26.57,85.21
ORIENTHOT,141.78,2026-08-24,15.88,12.42,5.15,43.71,41.43,1.99
SBICARD,650.3,2026-08-24,1.33,-0.72,5.1,4.85,-16.29,-20.51
HCC,22.52,2026-08-24,10.77,11.6,5.09,7.91,23.94,-17.48
SMALLCAP,48.88,2026-08-24,0.78,1.26,5.07,8.74,16.24,7.67
VMM,113.5,2026-08-24,7.58,4.51,5.05,-6.71,-8.16,-24.67
ALPHAETF,26.85,2026-08-24,0.11,0.26,5.05,4.8,5.21,6.38
UWCSL,100.8,2026-08-21,0.0,5.0,5.05,3.28,2.7,-10.18
MMTC,64.61,2026-08-24,1.25,1.03,5.02,0.47,4.75,0.75
ORCHPHARMA,1038.1,2026-08-24,3.98,-3.8,5.01,46.94,60.23,34.43
MEDIASSIST,357.05,2026-08-24,3.94,1.15,5.0,-3.98,-8.12,-36.53
EVINDIA,33.49,2026-08-24,-1.85,-1.96,4.98,10.89,9.44,10.86
NSIL,5724.0,2026-08-24,3.04,0.23,4.98,1.85,-3.17,-15.12
GFSTEELS,15.0,2026-08-24,0.0,0.0,4.97,15.65,27.33,54.16
MAFANG,205.87,2026-08-24,-2.63,-0.22,4.97,4.83,33.01,32.91
PNB,115.86,2026-08-24,-1.24,2.08,4.96,16.14,-9.01,13.24
AUROPHARMA,1608.0,2026-08-24,-1.18,-2.43,4.96,9.87,38.1,53.08
ANANTRAJ,614.6,2026-08-24,-2.06,1.71,4.95,22.16,13.18,12.52
VAML,449.35,2026-08-24,1.78,-4.92,4.95,,,
AURUM,232.17,2026-08-24,1.33,0.39,4.94,29.35,26.39,30.93
KNRCON,127.15,2026-08-24,-5.53,-10.89,4.89,-3.76,-6.04,-36.22
GANDHITUBE,895.1,2026-08-24,2.03,1.47,4.87,-2.78,0.81,17.73
LTTS,3584.6,2026-08-24,1.59,0.03,4.87,4.83,15.13,-14.82
SCI,288.45,2026-08-24,0.72,-2.2,4.85,-8.8,10.99,40.83
NAHARCAP,257.22,2026-08-24,0.63,-2.55,4.85,1.85,10.14,-14.31
GROWWMOM50,11.04,2026-08-24,0.0,0.27,4.84,4.25,5.14,5.48
ABCAPITAL,412.9,2026-08-24,3.56,1.26,4.84,15.56,18.21,44.19
SUPRAJIT,507.75,2026-08-24,-2.5,-4.06,4.81,16.02,19.95,12.41
GRWRHITECH,7234.5,2026-08-24,2.91,3.34,4.8,35.14,82.56,143.57
BAJAJELEC,344.65,2026-08-24,-3.58,-5.08,4.79,3.48,-6.01,-40.47
KPRMILL,1112.3,2026-08-24,-2.05,2.42,4.79,18.38,21.15,8.84
PALASHSECU,92.53,2026-08-24,3.06,2.06,4.78,-3.64,-2.01,-21.62
UNIHEALTH,751.1,2026-08-21,5.14,-0.75,4.76,65.88,138.48,368.56
IRBINVIT,64.15,2026-08-21,-0.53,0.08,4.75,9.4,9.81,12.27
MOMENTUM50,54.36,2026-08-24,-0.04,0.35,4.74,4.22,4.42,4.78
PIRAMALFIN,2184.1,2026-08-24,5.71,3.97,4.73,12.09,25.11,
VARDHACRLC,43.92,2026-08-24,-1.24,-2.64,4.7,1.13,22.37,-0.22
KIRLOSBROS,1922.4,2026-08-24,-1.06,-0.99,4.7,20.77,23.27,-0.69
ANLON,670.0,2026-08-21,-0.94,1.85,4.69,19.64,77.04,57.65
GARUDA,182.87,2026-08-24,0.21,-5.98,4.68,7.91,1.46,-4.88
VEDL,277.0,2026-08-24,2.71,-2.34,4.67,-16.05,-59.48,-34.27
ELECTCAST,74.53,2026-08-24,3.59,1.61,4.66,-3.41,8.72,-26.92
SUPREMEINF,86.36,2026-08-24,-4.74,-2.3,4.64,4.88,8.07,-23.45
CELLO,358.7,2026-08-24,-2.95,-0.4,4.64,-5.75,-15.8,-33.23
VAISHALI,8.12,2026-08-24,-2.64,-1.1,4.64,16.0,5.73,-33.5
OBCL,54.81,2026-08-24,1.52,2.49,4.62,0.61,-1.69,-9.22
LASA,7.26,2026-08-24,1.68,-5.71,4.61,-9.14,-12.11,-21.43
ELECTHERM,1054.4,2026-08-24,8.17,3.23,4.58,36.25,46.93,34.89
STYLAMIND,3573.2,2026-08-24,-0.26,-2.14,4.58,29.53,61.24,118.87
ASTRAL,1532.8,2026-08-24,-0.36,6.83,4.57,-0.42,-7.74,7.83
AONETMMQ50,10.39,2026-08-24,-0.48,0.68,4.53,1.45,6.46,
MOSMALL250,18.46,2026-08-24,0.38,0.22,4.53,9.43,15.23,8.08
SMALLADD,18.47,2026-08-24,0.16,-0.16,4.53,10.01,16.16,
GROWWSC250,10.63,2026-08-24,0.38,0.66,4.52,9.7,15.67,
GREENCHEF,51.0,2026-08-21,-2.67,2.2,4.51,-2.76,8.51,-20.31
CASTROLIND,186.87,2026-08-24,-0.36,-0.17,4.5,6.06,6.28,-3.67
NEWGEN,528.4,2026-08-24,-1.21,-6.18,4.49,22.1,3.96,-38.33
HDFCAMC,2618.0,2026-08-24,3.77,2.27,4.48,-2.32,-0.23,-8.19
AIIL,554.9,2026-08-24,0.62,-5.34,4.48,8.64,11.73,-6.99
JAYAGROGN,228.63,2026-08-24,5.03,5.34,4.47,0.23,32.58,-4.43
EKC,113.62,2026-08-24,3.73,-0.81,4.47,-1.18,-1.35,-21.31
AHIMSA,25.8,2026-08-21,-0.39,4.45,4.45,4.45,4.03,0.98
LTF,315.85,2026-08-24,0.27,0.96,4.45,16.92,7.28,43.29
20MICRONS,213.26,2026-08-24,8.11,13.12,4.42,21.23,22.12,-8.45
MIDSMALL,52.28,2026-08-24,-0.25,-0.06,4.41,3.18,11.12,7.7
POLYMED,1737.2,2026-08-24,0.21,-1.99,4.4,8.7,34.97,-15.95
MIDSELIETF,19.98,2026-08-24,0.15,0.55,4.39,9.18,13.27,13.91
MODEFENCE,107.03,2026-08-24,-1.1,1.22,4.37,7.23,21.62,26.18
NEWJAISA,16.75,2026-08-21,-6.16,1.52,4.36,-27.17,-3.18,-47.08
VERTEXPLUS,50.4,2026-08-21,4.35,9.57,4.35,-31.1,-40.18,-61.02
KOTAKBANK,401.45,2026-08-24,2.23,2.02,4.34,4.68,-5.98,1.21
KANSAINER,201.56,2026-08-24,-2.06,-6.53,4.33,-6.41,3.19,-12.32
IMFA,1390.6,2026-08-24,-0.58,-4.71,4.33,-2.44,12.29,62.11
BERGEPAINT,515.5,2026-08-24,-6.16,-4.91,4.31,3.64,12.25,-1.44
PGINVIT,99.85,2026-08-21,-0.45,-0.13,4.3,11.94,18.28,24.13
PGEL,597.0,2026-08-24,-2.77,-3.99,4.29,27.84,-2.67,5.95
HDFCSML250,185.18,2026-08-24,-0.01,0.29,4.28,9.58,15.63,8.05
JINDRILL,630.95,2026-08-24,7.63,4.9,4.27,-5.8,35.7,1.81
FINIETF,33.37,2026-08-24,0.36,-0.3,4.25,3.76,2.93,10.94
VIVIANA,727.0,2026-08-24,4.45,3.3,4.24,-17.01,3.39,-41.05
SHEMAROO,126.51,2026-08-24,-2.01,4.69,4.23,22.5,30.09,11.1
BATAINDIA,686.25,2026-08-24,-6.37,-0.43,4.22,4.48,-10.01,-34.92
VENKEYS,1568.5,2026-08-24,2.45,0.22,4.21,4.8,14.75,4.12
BLUECHIP,1.99,2026-08-24,8.15,17.75,4.19,-6.57,-26.57,-56.74
JMA,88.96,2026-08-24,3.2,5.71,4.19,10.08,2.17,0.53
RAJMET,3.5,2026-08-24,8.36,5.42,4.17,-10.71,-10.03,-22.57
RML,1160.8,2026-08-24,7.02,9.99,4.17,27.62,45.42,32.29
TIINDIA,2880.0,2026-08-24,5.06,2.31,4.14,-4.31,12.44,-6.12
RAMCOIND,341.55,2026-08-24,-3.37,-9.13,4.13,22.43,14.02,11.57
BAJAJHLDNG,11120.0,2026-08-24,-2.28,-3.06,4.13,7.39,-0.63,-16.47
SUPREMEIND,3601.0,2026-08-24,0.31,3.03,4.11,1.98,-8.45,-21.58
KANDARP,101.5,2026-08-21,4.53,-3.29,4.1,-31.86,-37.33,-12.84
SHRINGARMS,228.67,2026-08-24,0.63,-2.19,4.1,7.53,-6.83,
KKCL,522.9,2026-08-24,0.36,1.24,4.1,20.0,4.28,2.33
AARTIDRUGS,421.05,2026-08-24,2.51,-0.35,4.09,7.98,13.95,-12.37
NECLIFE,10.72,2026-08-24,-4.54,2.19,4.08,-11.11,-12.77,-32.45
MANAKSIA,58.1,2026-08-24,-1.31,-0.41,4.08,0.4,-2.94,-18.11
PDSL,366.3,2026-08-24,-2.67,-4.17,4.06,27.67,18.73,13.13
ABREL,1429.8,2026-08-24,1.98,2.63,4.05,14.61,12.97,-20.26
ABCOTS,208.43,2026-08-24,4.39,3.36,4.02,-2.18,-49.62,-49.51
HCLTECH,1322.0,2026-08-24,-0.23,-2.59,4.01,14.73,1.63,-5.76
ELECON,438.55,2026-08-24,0.07,0.18,4.01,-17.52,4.79,-20.85
TAPIFRUIT,52.0,2026-08-21,4.0,4.0,4.0,-8.77,-14.47,-34.47
MADHAV,35.14,2026-08-24,-2.04,0.51,4.0,-1.79,-5.79,-22.77
MAKEINDIA,167.93,2026-08-24,-0.8,-0.98,3.97,4.71,5.68,14.07
MOCAPITAL,54.9,2026-08-24,2.43,3.27,3.96,,,
DCG,55.1,2026-08-21,3.86,3.96,3.96,-15.23,-7.86,-22.07
AGARWALEYE,497.8,2026-08-24,-0.76,-11.22,3.95,3.85,9.27,9.25
MOS,11.85,2026-08-21,11.27,11.79,3.95,-6.32,-48.14,-75.41
APLLTD,816.9,2026-08-24,-0.67,-1.74,3.94,9.71,10.41,-14.93
JKIL,504.65,2026-08-24,-0.98,1.2,3.91,3.58,-7.84,-21.84
GOLDENTOBC,24.97,2026-08-24,-0.08,3.83,3.91,-7.11,-15.41,-31.12
PVSL,110.15,2026-08-24,-4.96,0.79,3.91,2.83,26.7,-5.68
APEX,395.85,2026-08-24,-6.32,2.59,3.9,-11.83,-8.33,76.75
CDSL,1385.1,2026-08-24,2.09,3.95,3.9,16.08,5.51,-11.22
BATLIBOI,87.6,2026-08-24,-0.28,-0.19,3.9,11.86,,
EMBDL,63.59,2026-08-24,0.76,-2.59,3.89,3.05,8.24,-36.21
HITECHCORP,332.65,2026-08-24,0.76,2.99,3.87,98.16,126.14,64.15
GROWWDEFNC,97.09,2026-08-24,-1.75,0.49,3.87,6.81,21.07,25.81
BLUEJET,588.8,2026-08-24,-0.74,-0.57,3.86,33.5,43.82,-23.93
GROWWRLTY,10.26,2026-08-24,0.59,1.58,3.85,18.48,14.38,
CAPACITE,220.9,2026-08-24,4.25,4.94,3.83,2.17,-8.77,-26.26
NKIND,62.01,2026-08-24,2.51,-3.09,3.83,-7.72,-1.46,-6.7
TATAELXSI,3673.5,2026-08-24,-2.3,-3.53,3.83,-13.26,-16.87,-32.98
JFLLIFE,10.9,2026-08-21,-13.15,-21.3,3.81,17.84,0.0,-17.11
HDFCGROWTH,120.25,2026-08-24,-0.92,-3.7,3.76,6.29,0.5,-1.82
ASPINWALL,259.74,2026-08-24,9.95,12.87,3.73,17.29,24.53,-2.09
MANAPPURAM,365.05,2026-08-24,4.72,-0.87,3.73,12.96,20.1,37.95
MOMIDMTM,64.96,2026-08-24,-0.49,-0.32,3.7,2.17,3.16,3.7
BHARATSE,226.21,2026-08-24,-5.13,-4.57,3.7,22.91,14.12,65.61
SGL,10.1,2026-08-24,1.92,2.33,3.7,-8.68,-18.09,-25.19
MIDCAPBETA,236.3,2026-08-24,-0.63,-0.25,3.7,3.63,7.11,
MOREALTY,91.54,2026-08-24,0.1,1.13,3.69,18.33,14.48,0.44
VEDPOWER,36.3,2026-08-24,-0.79,-0.55,3.68,,,
KNACK,202.03,2026-08-24,-2.66,-6.17,3.67,,,
EFCIL,202.46,2026-08-24,16.29,10.28,3.67,6.04,-16.7,-39.91
EMULTIMQ,42.25,2026-08-24,0.02,0.64,3.66,-0.78,3.4,2.57
MIDCAP,18.72,2026-08-24,0.05,0.75,3.65,4.46,-89.06,-88.27
SCML,82.4,2026-08-21,-2.2,-4.19,3.65,-12.85,-38.02,7.01
INSPIRE,8.55,2026-08-21,-5.52,-5.52,3.64,-22.62,-32.14,-55.93
MAANALU,119.04,2026-08-24,-0.24,-4.68,3.64,-17.1,-16.96,13.52
POLYPLEX,1170.0,2026-08-24,-3.37,-0.82,3.64,21.69,44.67,15.85
RITES,220.14,2026-08-24,-0.71,-5.45,3.63,8.59,2.09,-11.21
HPAL,34.5,2026-08-24,-3.2,2.86,3.63,-3.6,-6.88,-26.11
TPLPLASTEH,79.68,2026-08-24,3.15,5.2,3.62,25.46,14.19,0.47
AIROLAM,88.99,2026-08-24,1.8,-4.05,3.62,7.49,-4.05,-20.75
MAITHANALL,993.95,2026-08-24,1.42,1.76,3.61,5.3,0.71,-7.02
DEN,28.14,2026-08-24,1.3,3.23,3.61,4.42,-0.28,-22.73
KEYFINSERV,263.0,2026-08-24,1.96,5.6,3.59,-3.7,-6.56,1.71
MFSL,1569.8,2026-08-24,-0.12,3.65,3.58,-6.56,-14.77,-4.2
KNAGRI,221.2,2026-08-24,2.32,9.06,3.54,13.99,22.31,-7.83
NOCIL,165.78,2026-08-24,1.26,-0.77,3.54,-0.45,13.39,-9.05
ARSSBL,526.2,2026-08-24,3.34,5.11,3.54,0.64,5.29,
MANCREDIT,222.63,2026-08-24,-5.96,-3.2,3.53,32.86,26.66,22.13
IDBI,87.93,2026-08-24,7.0,5.94,3.53,21.03,-22.28,-7.44
WIPRO,181.31,2026-08-24,-0.32,-2.26,3.53,-9.71,-8.37,-24.34
INDTERRAIN,30.29,2026-08-24,-2.48,-5.08,3.52,-6.6,-7.11,-18.07
SIGNATURE,795.4,2026-08-24,-1.2,-3.55,3.52,-3.01,-14.57,-29.1
THYROCARE,584.0,2026-08-24,-5.59,-6.12,3.5,26.99,47.92,40.35
GTECJAINX,29.64,2026-08-24,-1.13,-4.79,3.49,61.97,56.0,22.38
MOM100,68.86,2026-08-24,0.12,0.12,3.49,4.24,7.98,11.1
PLASTIBLEN,192.5,2026-08-24,0.36,-1.51,3.49,15.1,32.45,2.35
GTL,7.42,2026-08-24,0.13,-3.26,3.49,-2.5,4.21,-26.61
ORICONENT,56.94,2026-08-24,6.67,6.85,3.47,-7.31,-11.16,9.1
NIRLON,642.1,2026-08-24,3.31,1.41,3.46,3.65,,
GLOBUSSPR,910.95,2026-08-24,3.31,2.4,3.46,4.44,-1.31,-27.05
EPIGRAL,1202.7,2026-08-24,9.63,6.75,3.44,-3.45,28.4,-34.54
MOMGF,164.18,2026-08-24,-1.22,-1.47,3.44,4.49,5.42,13.57
NEOGEN,2132.6,2026-08-24,-6.06,-2.25,3.43,26.47,58.5,49.56
SHANKARA,144.83,2026-08-24,2.64,1.99,3.4,14.51,44.87,-85.97
ICRA,4967.2,2026-08-24,-1.69,-2.48,3.4,-5.76,-10.41,-18.99
STCINDIA,121.89,2026-08-24,4.35,2.75,3.39,5.43,4.57,-0.64
BLS,241.51,2026-08-24,-11.39,-7.36,3.39,-9.78,-15.6,-33.75
HAVELLS,1268.5,2026-08-24,-2.35,-1.28,3.39,5.63,-9.19,-17.82
PRAKASH,127.96,2026-08-24,-4.81,-1.74,3.39,-10.89,-5.67,-20.33
EMKAY,246.01,2026-08-24,4.56,2.75,3.36,11.45,4.89,14.4
CLEDUCATE,62.94,2026-08-24,6.68,10.87,3.35,36.62,39.56,-45.86
JIOFIN,242.0,2026-08-24,-3.1,-4.72,3.35,1.84,-4.97,-24.34
ESFL,121.95,2026-08-21,-8.86,-8.0,3.35,-6.16,-4.99,-70.56
POONAWALLA,475.1,2026-08-24,-4.49,-0.34,3.35,18.85,1.5,2.06
ICICIAMC,3230.0,2026-08-24,3.0,5.76,3.34,0.39,2.94,
KRSNAA,563.0,2026-08-24,0.81,-0.81,3.34,0.08,-10.27,-30.19
MASTER,465.0,2026-08-21,-4.71,-2.11,3.33,37.06,50.32,24.45
MASKINVEST,152.0,2026-08-24,2.61,-4.14,3.33,1.93,-2.56,-5.43
DRREDDY,1190.0,2026-08-24,-0.17,2.69,3.33,-8.39,-7.9,-6.27
PATANJALI,350.0,2026-08-24,-0.45,-0.76,3.33,-23.98,-32.31,-40.86
MIDCAPETF,23.96,2026-08-24,-0.08,0.0,3.32,4.26,7.78,10.06
DATAPATTNS,4736.2,2026-08-24,4.58,6.92,3.31,19.57,53.23,83.22
CHEVIOT,1166.3,2026-08-24,0.41,2.06,3.31,5.55,10.94,-1.13
GSFC,159.65,2026-08-24,-0.14,-1.24,3.29,-5.58,-6.8,-22.22
SNOWMAN,37.59,2026-08-24,-2.69,-4.11,3.27,-0.42,-4.47,-29.06
CRISIL,4478.2,2026-08-24,-0.23,-3.39,3.25,9.86,0.51,-14.44
SMLT,68.96,2026-08-24,-1.89,-2.18,3.25,-10.88,-2.56,-35.58
MID150CASE,11.79,2026-08-24,-0.42,-0.17,3.24,4.71,7.87,10.29
ORTINGLOBE,15.29,2026-08-24,-3.78,4.51,3.24,-0.26,-14.91,8.83
ZUARI,226.97,2026-08-24,1.91,-0.22,3.23,5.7,1.17,-39.7
HDFCMID150,23.73,2026-08-24,0.08,0.04,3.22,4.03,7.47,9.41
NEXT30ADD,43.4,2026-08-24,-0.8,-1.81,3.21,1.73,4.5,11.86
NEXT50ETF,74.58,2026-08-24,-1.83,-1.11,3.18,6.25,8.2,
SNXT50BETA,95.59,2026-08-24,-1.07,-0.31,3.18,6.65,4.02,
MOM30IETF,31.56,2026-08-24,-0.5,-0.6,3.17,2.27,-1.47,1.02
MID150BEES,242.27,2026-08-24,-0.26,-0.24,3.17,4.13,7.43,9.46
GOLDIAM,360.55,2026-08-24,-3.7,-2.3,3.16,22.86,35.9,35.47
SBINMID150,23.52,2026-08-24,0.21,0.17,3.16,4.47,,
NAVA,567.0,2026-08-24,1.31,-1.76,3.15,-6.03,-0.92,-14.34
NGIL,39.25,2026-08-24,-3.63,-1.08,3.15,0.93,56.87,43.41
GROWWNXT50,74.49,2026-08-24,-1.04,-1.01,3.14,6.51,7.0,
LICNMID100,64.01,2026-08-24,-0.25,-0.4,3.13,4.18,7.62,9.72
MIDQ50ADD,25.42,2026-08-24,-0.9,-1.2,3.12,-89.56,-89.44,-89.82
MIDCAPADD,23.49,2026-08-24,-0.25,-0.17,3.12,4.49,7.65,
SAMBHAAV,6.3,2026-08-24,-0.79,-1.1,3.11,-11.76,-14.63,-5.41
CINELINE,89.41,2026-08-24,1.04,-0.25,3.11,12.51,2.55,-2.56
NEXT50,763.32,2026-08-24,-0.9,-1.11,3.1,6.3,6.51,10.19
MSCIADD,29.96,2026-08-24,-0.23,-3.07,3.1,3.42,-1.71,
MAHSCOOTER,13063.0,2026-08-24,-2.87,-4.59,3.09,12.56,-1.05,-15.01
CRAYONS,26.8,2026-08-21,4.48,3.28,3.08,-20.0,-34.47,-46.35
ABSLNN50ET,77.88,2026-08-24,-0.64,-1.14,3.07,6.13,6.7,10.41
COSMOFIRST,907.95,2026-08-24,-5.9,-2.07,3.06,18.32,39.7,-10.58
AVROIND,9.09,2026-08-24,6.94,5.21,3.06,-12.34,-25.52,-42.29
MULTICAP,16.88,2026-08-24,-0.35,-0.71,3.05,4.98,4.39,4.58
CURAA,73.55,2026-08-24,3.59,0.0,3.05,-16.89,-13.23,-77.97
JUNIORBEES,799.94,2026-08-24,-1.03,-1.12,3.05,6.18,6.62,10.3
GROWWCAPM,11.53,2026-08-24,2.49,3.22,3.04,-1.71,17.29,
DEVX,34.93,2026-08-24,6.23,2.74,3.04,-10.55,-17.56,
AWL,193.88,2026-08-24,0.28,-1.15,3.04,-0.13,1.65,-24.58
NEXT50IETF,78.05,2026-08-24,-1.1,-1.13,3.04,6.1,6.32,10.01
SETFNN50,792.94,2026-08-24,-1.01,-1.28,3.02,6.58,6.56,10.18
DKEGL,70.0,2026-08-21,6.06,5.98,3.02,-5.28,-1.41,-1.87
TRUALT,441.85,2026-08-24,-7.8,-7.66,3.01,-10.76,7.45,
PHARMABEES,27.07,2026-08-24,-0.4,-0.62,3.01,7.29,16.48,18.52
MOMENTUM,31.29,2026-08-24,-0.89,-0.89,3.0,2.05,-2.07,0.81
CORALFINAC,33.47,2026-08-24,-2.36,0.06,2.98,5.58,-0.92,-23.09
VENUSREM,1686.9,2026-08-24,-6.46,10.79,2.96,56.9,139.14,232.89
DGCONTENT,24.81,2026-08-24,1.97,-4.21,2.95,-8.31,-10.43,-36.69
ZIMLAB,123.95,2026-08-24,7.6,11.5,2.95,23.75,82.09,67.66
ABB,7504.0,2026-08-24,-2.04,-1.9,2.94,13.5,25.88,50.57
HDFCMOMENT,31.27,2026-08-24,-0.64,-0.16,2.93,2.39,-1.48,1.3
VOEPL,498.2,2026-08-24,1.59,0.81,2.92,,,
CUBEXTUB,79.24,2026-08-24,-4.78,-2.58,2.92,-12.63,-26.21,-3.19
NEXT50ADD,74.35,2026-08-24,-1.09,-1.22,2.92,6.58,6.41,
ITCHOTELS,164.59,2026-08-24,-1.06,-2.53,2.92,6.68,-7.78,-32.32
MONEXT50,74.16,2026-08-24,-1.11,-0.92,2.9,6.77,6.89,10.52
BLUEDART,5053.5,2026-08-24,-1.4,-2.64,2.89,4.16,-8.95,-13.09
INDIAGLYCO,1191.3,2026-08-24,11.24,9.82,2.89,20.55,29.37,41.53
GROWWMC150,233.95,2026-08-24,-1.47,-1.02,2.89,4.33,7.4,
SHERA,178.65,2026-08-21,0.93,7.75,2.88,3.87,45.78,23.89
HDFCQUAL,59.1,2026-08-24,-1.04,-1.81,2.87,3.56,2.71,2.2
ONEPOINT,55.51,2026-08-24,-2.97,-5.61,2.83,-8.31,15.79,21.97
TIMEX,595.25,2026-08-24,9.97,5.68,2.83,57.08,,
BEPL,125.26,2026-08-24,1.93,-0.7,2.83,35.37,54.85,22.8
PRESTIGE,1635.8,2026-08-24,2.76,3.07,2.83,17.96,14.89,0.25
GRANULES,855.3,2026-08-24,-0.73,0.02,2.82,13.98,42.94,86.93
MONQ50,146.46,2026-08-24,-3.26,1.19,2.82,7.98,48.06,83.26
TEJASNET,509.3,2026-08-24,-2.59,-2.34,2.81,8.79,60.66,-18.01
MIDCAPIETF,24.18,2026-08-24,-0.62,-0.41,2.81,3.82,7.28,9.46
AHCL,15.43,2026-08-24,6.34,6.78,2.8,10.93,32.26,
NMDC,85.9,2026-08-24,0.47,0.49,2.8,-2.22,6.31,26.16
SECURKLOUD,17.96,2026-08-24,0.22,-7.47,2.8,-15.84,-17.65,-20.04
NPST,1561.8,2026-08-24,-3.76,-0.2,2.8,52.85,38.11,-33.28
WOCKPHARMA,1901.0,2026-08-24,0.12,-1.56,2.8,20.67,39.57,28.5
MODIRUBBER,129.37,2026-08-24,10.48,5.49,2.79,0.49,6.6,10.78
MOMNC,33.16,2026-08-24,-1.54,-2.1,2.76,4.33,5.47,
MRF,134365.0,2026-08-24,1.01,0.38,2.76,6.16,-6.5,-8.75
TOP20,8.97,2026-08-24,-0.66,-1.75,2.75,5.53,-4.06,
ECAPINSURE,24.29,2026-08-24,1.67,2.84,2.75,-1.38,-0.49,3.1
SAREGAMA,510.05,2026-08-24,-2.55,-3.77,2.73,26.78,55.5,5.37
JSWHL,11161.0,2026-08-24,-5.4,-5.83,2.72,-11.62,-34.98,-37.97
NEXT50BETA,79.86,2026-08-24,-0.76,-0.8,2.71,6.44,6.55,
PRATHAM,120.05,2026-08-21,-0.7,-1.11,2.69,-14.89,-9.05,-15.75
TITAGARH,841.45,2026-08-24,2.5,0.24,2.68,11.11,14.65,-1.91
SANGHVIMOV,466.05,2026-08-24,-8.07,-8.5,2.68,31.87,79.01,39.19
OBEROIRLTY,1870.0,2026-08-24,-3.16,4.29,2.68,12.8,23.97,13.38
DELTAMAGNT,57.32,2026-08-24,-2.98,-3.45,2.67,-4.61,-6.75,-32.56
MON50EQUAL,33.92,2026-08-24,0.3,-1.4,2.66,3.68,1.2,6.97
MOMOMENTUM,62.57,2026-08-24,-0.86,-1.14,2.66,2.12,-1.68,0.55
RBZJEWEL,144.65,2026-08-24,6.21,-5.0,2.65,16.88,16.13,6.92
AONETOTAL,11.99,2026-08-24,-0.42,-0.83,2.65,4.44,1.96,3.18
HDFCNEXT50,75.27,2026-08-24,-1.41,-1.25,2.65,5.95,6.03,9.39
ALLDIGI,814.85,2026-08-24,0.69,0.31,2.64,2.3,2.26,-9.47
EQUAL200,13.99,2026-08-24,-0.43,-0.71,2.64,4.48,4.36,8.26
MOTOUR,79.33,2026-08-24,-1.2,-1.88,2.63,9.65,-1.11,-15.03
HINDPETRO,371.95,2026-08-24,0.26,-0.52,2.63,0.38,-12.51,1.14
HDFCBSE500,37.97,2026-08-24,-0.39,-0.71,2.62,4.6,1.8,3.07
WENDT,8286.0,2026-08-24,2.17,1.99,2.62,18.87,22.91,-17.63
INDIGO,5115.0,2026-08-24,-3.04,-4.1,2.61,15.24,5.46,-15.96
GENCON,41.57,2026-08-24,6.15,5.45,2.59,7.0,-29.15,5.19
CONSUMBEES,133.54,2026-08-24,-1.25,-1.78,2.57,6.49,2.96,-1.58
AMRUTANJAN,522.1,2026-08-24,6.15,-1.0,2.57,-6.3,-13.4,-25.14
GPIL,245.27,2026-08-24,-2.21,3.85,2.55,-15.48,-8.31,3.22
MEDANTA,1405.5,2026-08-24,-0.68,-4.76,2.55,13.56,22.27,1.54
DREAMFOLKS,68.74,2026-08-24,4.39,-2.26,2.55,-9.87,-16.7,-55.4
SPECTSTM,62.55,2026-08-21,-0.08,-8.42,2.54,10.12,-25.54,-41.24
ATULAUTO,485.4,2026-08-24,-2.53,-4.66,2.53,0.07,2.53,8.81
CPEDU,191.17,2026-08-24,-8.14,-8.62,2.52,9.31,-11.25,
MNC,34.21,2026-08-24,-1.58,-2.29,2.52,4.59,5.59,14.15
BANCOINDIA,623.8,2026-08-24,2.07,-0.59,2.52,1.48,-2.94,9.93
TENNIND,553.5,2026-08-24,0.92,-0.17,2.51,-6.84,-2.14,
BSE500IETF,39.71,2026-08-24,-0.75,-1.07,2.5,4.31,0.71,2.32
CONSUMIETF,124.17,2026-08-24,-1.01,-1.83,2.5,6.44,2.92,-1.47
RELIANCE,1309.8,2026-08-24,-0.47,-1.32,2.49,-2.85,-7.9,-6.62
RAMKY,380.3,2026-08-24,-2.5,-5.23,2.48,-13.29,-17.69,-37.04
IL&FSTRANS,2.07,2026-08-24,-0.48,-0.96,2.48,-10.39,-16.53,-36.7
PCBL,321.2,2026-08-24,1.82,-0.68,2.45,11.08,4.89,-12.92
BBNPNBETF,58.61,2026-08-24,0.93,0.53,2.43,8.26,-4.11,5.62
XELPMOC,83.16,2026-08-24,4.63,1.55,2.43,-18.22,-37.12,-8.36
ORKLAINDIA,570.3,2026-08-24,4.78,0.44,2.43,-10.08,-2.32,
APOLSINHOT,1201.4,2026-08-24,-0.36,-2.58,2.42,6.23,-3.24,-15.12
TARIL,302.1,2026-08-24,1.96,1.0,2.41,-2.74,-0.14,-39.45
MONTECARLO,550.05,2026-08-24,4.91,8.78,2.41,-0.57,-3.34,-3.13
KREBSBIO,53.15,2026-08-24,-2.76,-7.13,2.41,-9.72,-8.2,-29.03
SBIN,1039.5,2026-08-24,-2.04,-2.94,2.41,9.51,-13.49,29.65
SADBHAV,8.09,2026-08-24,-2.06,-8.69,2.41,-7.65,-20.84,-53.21
LOYALTEX,210.0,2026-08-24,-4.98,-1.87,2.41,-6.71,-2.91,-30.33
MRPL,173.84,2026-08-24,-1.87,6.68,2.41,16.69,-9.83,42.13
TATAINVEST,645.95,2026-08-24,-1.31,-6.1,2.41,-2.9,-2.54,-6.11
SBIETFQLTY,224.71,2026-08-24,-1.27,-2.27,2.38,2.52,2.76,1.39
RULKA,108.0,2026-08-21,-1.01,-2.04,2.37,16.07,12.03,-14.69
INDIANHUME,396.3,2026-08-24,9.31,1.94,2.36,28.03,15.7,6.03
BLBLIMITED,16.07,2026-08-24,0.25,-0.86,2.36,2.75,-13.32,1.39
NIF100IETF,28.31,2026-08-24,-0.84,-1.39,2.35,3.4,-2.58,19.14
MARUTI,13620.0,2026-08-24,-1.02,-3.38,2.34,5.93,-7.83,-4.13
DALBHARAT,1853.0,2026-08-24,0.49,0.43,2.33,3.5,-10.19,-19.97
DUCON,3.08,2026-08-24,-4.94,-8.61,2.33,-8.33,-9.14,-44.6
EXIDEIND,453.3,2026-08-24,-4.71,-6.61,2.33,34.06,35.58,15.0
NYKAA,330.3,2026-08-24,0.99,2.04,2.32,19.13,26.38,46.84
CONS,12.36,2026-08-24,-1.2,-1.83,2.32,6.37,-89.66,-90.09
CONTI,11.1,2026-08-21,-4.31,0.45,2.3,-12.6,-33.73,-49.89
INDOWIND,9.35,2026-08-24,6.98,3.89,2.3,-4.1,-3.21,-48.06
BALAMINES,2224.5,2026-08-24,4.67,8.72,2.3,22.66,106.59,45.92
AUTOIND,89.87,2026-08-24,-3.74,-3.31,2.28,6.19,18.73,21.87
VINATIORGA,1329.6,2026-08-24,-1.09,0.61,2.27,0.84,-11.64,-20.29
SETUINFRA,0.45,2026-08-24,9.76,12.5,2.27,-21.05,7.14,-34.78
VIPIND,302.05,2026-08-24,0.52,-5.46,2.25,-0.38,-17.53,-29.76
NAGREEKCAP,23.18,2026-08-24,-1.36,0.0,2.25,-18.44,-11.96,-12.43
HEIDELBERG,159.93,2026-08-24,-0.18,3.03,2.25,0.6,-4.44,-22.87
PSUBANK,85.36,2026-08-24,-2.31,-1.59,2.24,-89.39,-91.3,-87.83
INDUSINDBK,1018.4,2026-08-24,0.77,-0.87,2.24,12.07,9.52,34.2
SSWL,294.7,2026-08-24,-4.78,-8.36,2.22,40.82,37.99,40.13
TOP100CASE,10.66,2026-08-24,-0.65,-1.3,2.21,3.5,-2.2,0.47
SUTLEJTEX,38.44,2026-08-24,1.0,0.26,2.21,6.57,22.65,0.55
GAIL,173.75,2026-08-24,0.96,0.72,2.19,8.07,3.51,1.33
DCMFINSERV,5.13,2026-08-24,-7.57,-4.65,2.19,1.58,14.51,-10.94
LICNETFN50,272.11,2026-08-24,-0.6,-1.63,2.18,2.82,-3.9,-1.44
SBIETFCON,123.45,2026-08-24,-1.59,-2.5,2.18,6.1,2.61,-1.77
MONIFTY500,24.02,2026-08-24,-1.03,-1.03,2.17,3.76,0.97,2.34
CHOLAHLDNG,1548.4,2026-08-24,-1.78,-4.54,2.17,-3.05,-6.78,-16.8
MONIFTY100,25.54,2026-08-24,-0.78,-1.88,2.16,3.25,-2.43,
INTLCONV,76.66,2026-08-24,-3.04,2.72,2.15,-0.65,-1.78,-13.35
AWFIS,277.7,2026-08-24,3.25,3.0,2.15,-19.17,-8.86,-51.79
GROWWN200,11.47,2026-08-24,-0.69,-0.95,2.14,3.43,-1.12,2.25
ADL,75.06,2026-08-24,9.34,1.78,2.14,-2.67,1.68,-19.75
DIVIDEND,35.85,2026-08-24,-0.17,-1.24,2.14,-0.61,-1.4,
SAURASHCEM,56.85,2026-08-24,-3.18,-6.34,2.14,-6.97,-13.33,-52.46
ICICIPRULI,511.25,2026-08-24,0.84,2.3,2.14,-1.35,-22.43,-18.05
NIFTYQLITY,21.61,2026-08-24,-1.14,-2.04,2.13,2.56,2.9,0.75
GAYAHWS,1.92,2026-08-24,1.59,-1.54,2.13,-15.79,-13.9,2.67
BIRET,342.56,2026-08-21,-0.57,0.44,2.12,8.84,0.6,13.53
CARYSIL,1149.4,2026-08-24,-0.55,-8.17,2.11,6.52,25.18,28.77
NEPHROPLUS,687.25,2026-08-24,-1.07,-1.5,2.1,13.13,21.11,
RETAIL,17.0,2026-08-24,-6.75,-2.3,2.1,-11.83,-28.93,-58.09
PSUBANKADD,86.22,2026-08-24,-2.43,-1.47,2.06,6.18,-12.76,21.37
GRINDWELL,2053.1,2026-08-24,-5.1,-3.0,2.06,6.65,23.24,31.94
BVCL,41.63,2026-08-24,2.71,0.7,2.06,-0.69,-1.0,-3.63
IDFNIFTYET,268.16,2026-08-24,-1.27,-1.76,2.05,3.11,-4.13,-1.88
PATELRMART,228.01,2026-08-24,-0.48,3.91,2.05,15.02,27.35,
HEALTHCARE,21.39,2026-08-24,-0.74,-1.43,2.05,6.31,14.88,
PSUBNKIETF,86.44,2026-08-24,-2.42,-1.27,2.04,6.04,-13.7,21.97
HDFCNIF100,26.16,2026-08-24,-0.57,-2.17,2.03,2.71,-2.79,-0.38
RADIOCITY,6.53,2026-08-24,-1.95,-4.25,2.03,7.05,7.58,-23.27
AMJLAND,38.56,2026-08-24,0.36,1.57,2.03,3.0,-5.37,-31.87
INDRAMEDCO,371.9,2026-08-24,0.58,-4.82,2.0,3.65,-7.33,-18.3
MOHEALTH,51.24,2026-08-24,-0.33,-1.5,1.99,7.02,16.43,13.04
TATASTEEL,186.3,2026-08-24,0.16,-2.07,1.99,-9.11,-9.08,19.93
GROWWNIFTY,9.8,2026-08-24,-0.2,-1.31,1.98,2.94,-4.2,
GROWWPSUBK,85.7,2026-08-24,-2.2,-1.48,1.96,6.55,,
LICNFNHGP,278.75,2026-08-24,-0.86,-0.88,1.96,2.12,-2.19,0.63
UNIECOM,86.03,2026-08-24,1.27,1.94,1.96,0.03,-20.2,-38.92
ROSSARI,499.35,2026-08-24,0.64,-1.88,1.95,-4.61,0.1,-21.07
TOP15IETF,9.92,2026-08-24,-1.0,-1.88,1.95,3.09,-7.12,-3.45
CIPLA,1437.9,2026-08-24,0.45,-2.03,1.94,3.73,9.4,-8.88
ARMANFIN,1954.4,2026-08-24,-0.43,-1.51,1.94,14.57,20.81,34.19
NRAIL,518.8,2026-08-24,1.75,-1.7,1.94,13.71,18.02,40.72
BHARTIARTL,1935.0,2026-08-24,-1.74,-0.41,1.94,4.7,0.95,1.35
HERANBA,178.35,2026-08-24,7.29,0.99,1.94,-6.2,-14.53,-51.8
NIFTYETF,263.49,2026-08-24,-0.71,-1.58,1.93,2.71,-4.2,-1.8
HEXT,562.5,2026-08-24,0.27,-1.37,1.93,9.43,20.1,-27.73
NESTLEIND,1471.3,2026-08-24,0.09,-3.75,1.93,3.88,12.0,27.81
SHREMINVIT,101.0,2026-08-21,0.0,1.0,1.93,8.31,9.82,11.87
HISARMETAL,149.33,2026-08-24,-2.04,-6.99,1.92,-1.38,-11.2,-20.65
MAHESHWARI,74.55,2026-08-24,3.54,2.12,1.91,34.11,77.5,26.33
QNIFTY,266.59,2026-08-24,-0.69,-1.55,1.91,2.63,-4.19,-90.2
BSLNIFTY,28.41,2026-08-24,-0.73,-1.7,1.9,2.9,-4.18,-1.7
MUKTAARTS,56.94,2026-08-24,0.69,3.53,1.88,-8.47,4.42,-21.33
ALANKIT,8.11,2026-08-24,-0.73,-3.8,1.88,-6.03,-12.13,-43.33
EQUAL50,334.52,2026-08-24,-0.68,-1.89,1.88,2.42,-0.13,5.6
MSCIINDIA,29.96,2026-08-24,-1.02,-1.71,1.87,2.5,-1.61,0.91
HDFCPSUBK,86.2,2026-08-24,-1.97,-1.38,1.86,6.31,-13.03,21.87
LOWVOL1,21.34,2026-08-24,-0.56,-1.34,1.86,3.29,-0.88,0.85
NUCLEUS,737.9,2026-08-24,3.38,5.42,1.84,-7.45,-5.41,-28.24
KOTHARIPET,134.25,2026-08-24,0.25,-7.74,1.84,9.68,14.49,-20.08
PSUBNKBEES,95.13,2026-08-24,-2.58,-1.36,1.83,6.15,-13.12,22.06
NIFTY1,268.92,2026-08-24,-0.59,-1.44,1.83,2.71,-4.15,-1.65
HDFCNIFTY,273.07,2026-08-24,-0.66,-1.68,1.82,2.67,-4.16,-1.82
ITALIANE,33.6,2026-08-21,10.16,5.83,1.82,-4.95,-14.29,0.6
QUAL30IETF,21.32,2026-08-24,-1.52,-2.25,1.81,2.4,2.55,0.99
GRAVITA,1807.8,2026-08-24,-0.76,1.36,1.81,10.25,14.43,4.65
CIFL,20.41,2026-08-24,-2.53,-6.97,1.8,-18.91,-34.88,-42.11
GODREJAGRO,572.75,2026-08-24,-4.06,3.0,1.79,0.84,-8.53,-21.74
AARON,137.18,2026-08-24,-1.2,-1.66,1.79,15.52,-14.52,-35.97
VINCOFE,158.98,2026-08-24,8.68,8.07,1.79,22.61,8.08,2.48
SETFNIF50,260.85,2026-08-24,-0.71,-1.55,1.79,2.63,-4.17,-1.73
NIFTYBETA,268.67,2026-08-24,-0.69,-1.5,1.78,2.54,-4.21,
SENSEXETF,79.85,2026-08-24,-0.59,-1.44,1.77,3.06,-5.37,-4.12
SENSEXBETA,857.86,2026-08-24,0.04,-1.35,1.76,3.06,-6.06,
HEXATRADEX,157.76,2026-08-24,0.29,-0.92,1.75,-3.92,0.04,-11.88
GHCL,443.85,2026-08-24,2.65,2.16,1.75,2.38,-6.8,-20.46
BHARATRAS,1283.1,2026-08-24,-1.38,-6.36,1.74,-8.56,-18.37,-50.82
MOSERVICE,31.1,2026-08-24,-0.64,-1.43,1.73,3.84,-4.82,
SBINEQWETF,33.59,2026-08-24,-1.03,-1.96,1.73,2.53,-0.3,5.6
NIFTYBETF,249.18,2026-08-24,-0.63,-1.61,1.73,2.52,-4.26,-1.84
AONENIFTY,9.99,2026-08-24,-0.6,-1.48,1.73,2.78,-4.31,-1.96
SENSEXADD,79.93,2026-08-24,-0.49,-1.06,1.73,3.06,-5.09,-4.02
VAKRANGEE,5.91,2026-08-24,1.03,-1.83,1.72,-9.36,-11.66,-34.62
NIFTYBEES,275.87,2026-08-24,-0.73,-1.64,1.72,2.52,-4.16,-1.74
BANKPSU,85.87,2026-08-24,-2.52,-1.46,1.71,6.18,-12.97,22.41
LICNETFSEN,876.83,2026-08-24,-0.43,-0.82,1.71,3.39,-6.37,-4.0
CORONA,2149.0,2026-08-24,1.7,3.25,1.7,28.27,35.5,
AGARIND,485.8,2026-08-24,-2.76,-5.52,1.7,18.52,-12.88,-39.24
KROSS,209.6,2026-08-24,2.14,1.72,1.68,10.53,5.34,10.83
IKS,1789.4,2026-08-24,-2.23,3.51,1.68,12.83,22.89,15.1
RMDRIP,18.41,2026-08-24,3.02,3.66,1.66,-2.23,-74.22,-56.21
UTKARSHBNK,14.69,2026-08-24,4.63,4.78,1.66,11.2,-3.74,-31.39
CCHHL,12.95,2026-08-24,3.19,3.11,1.65,-2.12,-6.3,-26.59
KALAMANDIR,88.37,2026-08-24,2.56,1.62,1.64,-12.9,-20.0,-51.74
POLYCAB,9054.0,2026-08-24,-3.37,-2.38,1.64,-1.8,12.02,28.12
GODIGIT,260.4,2026-08-24,2.18,-2.98,1.64,-15.86,-22.9,-29.26
AATMAJ,18.55,2026-08-21,2.49,0.0,1.64,-6.55,-13.11,-2.62
BSLSENETFG,77.79,2026-08-24,-0.75,-2.6,1.63,1.74,-5.74,-5.59
KOVAI,5925.5,2026-08-24,-2.97,-3.6,1.63,10.14,130.54,130.54
AJAXENGG,576.85,2026-08-24,1.69,1.89,1.63,1.21,17.63,-15.15
HOMEFIRST,1192.9,2026-08-24,1.1,0.96,1.61,12.7,-0.55,-8.33
NIFTYADD,254.91,2026-08-24,-0.75,-1.67,1.61,2.51,-4.32,-1.76
AMBER,7378.0,2026-08-24,1.64,3.99,1.6,0.26,-6.96,1.62
TOP10ADD,87.79,2026-08-24,-0.66,-1.65,1.6,0.83,-7.71,-7.59
TRAVELFOOD,1306.8,2026-08-24,-3.78,-6.45,1.59,15.58,6.25,7.06
ANUHPHR,78.83,2026-08-24,4.11,1.53,1.59,6.28,6.28,-10.64
DIFFNKG,401.65,2026-08-24,0.82,1.54,1.59,24.22,48.9,16.59
HERCULES,159.32,2026-08-21,0.0,0.0,1.59,1.59,1.59,-0.58
CONTROLPR,599.8,2026-08-24,5.28,3.43,1.57,-1.93,-7.82,-21.42
SENSEXIETF,890.53,2026-08-24,-0.71,-2.04,1.57,3.33,-5.24,-4.11
TECHM,1584.0,2026-08-24,-1.61,-3.41,1.57,14.27,20.79,9.11
ABGSEC,115.1,2026-08-24,0.03,0.66,1.57,3.95,2.76,5.11
KAMOPAINTS,4.62,2026-08-24,4.29,1.54,1.54,-12.0,6.94,-55.41
THEINVEST,96.68,2026-08-24,-2.03,-2.65,1.54,-2.62,-3.62,-37.83
EQUAL50ADD,344.84,2026-08-24,-0.91,-1.8,1.53,2.2,-0.27,5.36
CMRGREEN,221.39,2026-08-24,3.01,0.05,1.53,,,
SUNFLAG,354.05,2026-08-24,-1.86,-7.04,1.53,-6.15,48.25,21.66
MOQUALITY,202.28,2026-08-24,-1.28,-2.51,1.53,0.06,4.58,5.37
SHREEJISPG,635.3,2026-08-24,5.57,-4.13,1.52,41.15,59.18,
ESG,41.59,2026-08-24,-0.86,-1.89,1.51,2.62,-2.78,-2.62
BEDMUTHA,108.5,2026-08-24,-0.56,-3.17,1.51,-0.22,-21.15,-22.23
CANTABIL,243.44,2026-08-24,3.02,4.39,1.51,11.47,-11.67,-4.98
MAHICKRA,257.5,2026-08-21,-12.71,-2.07,1.5,10.63,51.12,72.93
IGIL,340.65,2026-08-24,-3.36,-3.14,1.5,-7.97,4.01,-1.41
GMDCLTD,570.85,2026-08-24,-0.55,-5.36,1.48,-12.38,1.78,36.1
KRISHCA,172.2,2026-08-21,3.58,2.17,1.47,-9.37,-0.92,-24.29
TEAMGTY,230.02,2026-08-24,2.6,4.53,1.46,-10.17,-14.73,-16.07
MOM50,252.6,2026-08-24,-0.66,-1.99,1.45,2.26,-4.78,-2.3
NETF,262.64,2026-08-24,-0.97,-1.86,1.44,2.59,-4.56,-2.52
HDFCSENSEX,87.64,2026-08-24,-0.69,-1.42,1.44,2.73,-5.61,-4.28
STYL,387.45,2026-08-24,-2.11,-5.64,1.42,46.63,62.39,
SBIETFPB,282.41,2026-08-24,1.21,0.33,1.42,5.26,-4.14,3.79
ITI,279.0,2026-08-24,0.63,-2.45,1.4,-3.33,2.01,-5.71
OSWALGREEN,21.0,2026-08-24,-0.38,-3.31,1.4,-17.06,-23.27,-50.7
GLOTTIS,67.66,2026-08-24,2.36,-0.16,1.39,-2.55,36.08,
SKFINDUS,2748.1,2026-08-24,0.86,1.02,1.37,33.65,9.66,
BANKADD,58.87,2026-08-24,-0.66,-0.34,1.36,6.44,-5.57,4.71
HDFCLOWVOL,20.81,2026-08-24,-0.9,-2.07,1.36,3.43,-1.28,0.0
SWARAJ,372.55,2026-08-24,0.88,3.54,1.36,41.41,20.43,103.41
KRITI,65.11,2026-08-24,-2.43,-3.71,1.34,-8.39,-22.93,-54.47
SARDAEN,507.0,2026-08-24,-2.72,1.69,1.33,-10.45,-2.0,-14.72
CHAMBLFERT,430.95,2026-08-24,-1.84,-3.28,1.33,-3.95,-4.64,-21.39
PIXTRANS,1789.6,2026-08-24,-7.7,-9.91,1.33,10.78,20.71,30.37
FEDERALBNK,357.75,2026-08-24,1.03,0.17,1.32,24.99,21.42,82.83
TCS,2284.1,2026-08-24,-1.26,-5.84,1.32,0.45,-9.56,-22.1
CANBK,127.3,2026-08-24,-2.9,-1.32,1.31,2.55,-16.26,19.62
SUNDARMFIN,4505.1,2026-08-24,-0.42,-1.39,1.29,0.79,-17.16,-13.78
ICDSLTD,41.0,2026-08-24,1.31,-0.36,1.28,-8.67,-5.29,-19.95
LOWVOL,208.35,2026-08-24,-0.6,-2.19,1.27,3.59,-1.52,0.02
MEDIORG,24.3,2026-08-21,4.97,-5.26,1.25,-10.0,-4.71,-39.7
MAHEPC,106.69,2026-08-24,-0.58,-1.72,1.24,-9.0,-10.63,-38.96
SHARIABEES,459.58,2026-08-24,-1.43,-3.7,1.24,-1.28,-3.23,-8.18
OILCOUNTUB,59.42,2026-08-24,-0.3,-2.59,1.23,2.96,26.18,-28.91
PVTBANIETF,27.9,2026-08-24,0.58,0.32,1.23,4.89,-3.99,3.68
HEALTHIETF,168.67,2026-08-24,0.05,-1.37,1.22,5.01,12.15,11.81
XTGLOBAL,28.33,2026-08-24,-4.55,-11.77,1.21,-9.69,-1.22,-12.12
MAHLIFE,379.15,2026-08-24,-1.94,-1.99,1.2,12.24,3.52,10.37
JAICORPLTD,101.52,2026-08-24,0.32,-1.6,1.19,-11.84,-10.06,-21.3
CAPLIPOINT,2496.1,2026-08-24,-1.03,-4.87,1.18,23.33,46.04,15.51
SETFNIFBK,590.09,2026-08-24,-0.59,-0.53,1.18,6.29,-5.59,4.37
GRSE,2596.1,2026-08-24,-0.15,0.36,1.18,-3.63,7.44,2.41
BANKBEES,594.7,2026-08-24,-0.62,-0.35,1.18,6.27,-5.6,4.32
PILANIINVS,4362.1,2026-08-24,-1.87,-0.05,1.18,-5.69,-2.82,-13.27
GROWWLOVOL,10.47,2026-08-24,-0.76,-1.78,1.16,2.25,-2.06,2.44
SURANI,101.85,2026-08-21,8.12,2.67,1.14,-27.25,75.6,8.87
ARTNIRMAN,40.65,2026-08-24,-3.74,-3.01,1.14,-1.76,0.4,-17.43
CGPOWER,877.5,2026-08-24,-2.37,-0.17,1.13,1.36,21.12,29.36
BEL,409.0,2026-08-24,-0.84,1.29,1.12,-1.68,-5.46,9.72
INFRAIETF,95.95,2026-08-24,-1.03,-1.68,1.12,-0.39,-3.28,2.41
FINPIPE,165.51,2026-08-24,3.86,2.59,1.12,-4.39,-9.38,-20.51
PENINLAND,16.27,2026-08-24,6.9,2.97,1.12,-3.33,-9.46,-55.91
BUILDPRO,1249.9,2026-08-24,0.46,-1.83,1.11,18.73,32.43,
BANKETF,585.1,2026-08-24,-0.44,-0.33,1.11,6.28,-5.61,4.39
GANESHHOU,808.15,2026-08-24,-3.56,4.58,1.09,17.0,17.36,-9.67
NXST,166.84,2026-08-21,-0.7,-1.24,1.08,8.55,6.73,17.65
HEALTHY,16.86,2026-08-24,-0.77,-1.63,1.08,4.53,12.1,11.58
BANKNIFTY1,59.53,2026-08-24,-0.6,-0.77,1.07,6.02,-90.57,-89.57
FLUOROCHEM,4622.6,2026-08-24,-1.8,3.09,1.07,20.57,30.63,35.1
NIPPOBATRY,329.75,2026-08-24,-0.47,1.34,1.06,-6.53,-1.23,-31.67
GRINFRA,879.1,2026-08-24,0.86,-0.69,1.06,-6.47,-10.84,-30.48
ALPL30IETF,28.04,2026-08-24,-1.02,-1.79,1.05,5.29,-1.16,2.26
PREMIERENE,1030.0,2026-08-24,1.43,-1.35,1.05,4.74,32.65,2.25
PURVFLEXI,48.5,2026-08-21,-2.61,-7.71,1.04,-19.77,-19.23,-37.82
GODREJPROP,2039.9,2026-08-24,-0.69,-3.25,1.04,18.28,15.76,-0.15
HDFCNIFBAN,59.05,2026-08-24,-0.82,-0.54,1.03,6.17,-5.72,4.24
ONDOOR,245.05,2026-08-21,0.43,-1.88,1.03,44.15,70.17,47.62
AQYLON,26.52,2026-08-24,21.71,-0.79,1.03,-55.41,-81.04,-97.58
MHRIL,221.05,2026-08-24,-1.71,-4.02,1.01,1.0,-22.63,-38.94
BANKIETF,58.9,2026-08-24,-0.81,-0.52,1.01,6.18,-5.81,12.02
PARACABLES,62.25,2026-08-24,-2.05,-7.6,0.99,4.78,77.5,28.09
RHL,169.0,2026-08-24,1.59,-0.26,0.99,-11.52,-9.5,-41.98
BHARTIHEXA,1605.8,2026-08-24,-2.15,6.56,0.99,5.27,-1.83,-12.7
BSHSL,87.84,2026-08-24,-0.91,-2.7,0.97,-9.46,-3.42,-36.68
BANKBETF,58.32,2026-08-24,-0.75,-0.7,0.97,6.21,-5.74,4.22
IMPAL,1086.5,2026-08-24,0.31,-0.06,0.97,-1.61,6.08,6.62
SUKHJITS,159.95,2026-08-24,1.99,-1.19,0.97,-14.23,-11.17,-6.59
MFML,18.93,2026-08-24,1.39,0.58,0.96,-24.22,-21.97,-36.5
MINDSPACE,494.98,2026-08-21,-0.46,-0.11,0.95,9.1,3.46,23.56
VALUE,16.14,2026-08-24,-0.62,-2.0,0.94,-2.64,,
FMGOETZE,483.35,2026-08-24,6.48,-1.61,0.94,7.33,15.58,-9.33
PATELENG,28.28,2026-08-24,-0.7,-4.27,0.93,8.56,-0.14,-27.58
NPBET,285.09,2026-08-24,0.62,-1.95,0.93,4.9,-4.78,3.17
AIRAN,15.17,2026-08-24,-0.39,0.66,0.93,-6.01,-8.72,-42.12
BMWVENTLTD,57.04,2026-08-24,-1.01,-3.19,0.92,-6.18,-5.55,
IOC,138.5,2026-08-24,-0.08,-1.6,0.91,0.19,-21.47,4.2
BANKBETA,59.27,2026-08-24,-0.84,-0.69,0.9,6.09,-5.94,
SURAJEST,195.29,2026-08-24,-7.61,-6.32,0.89,-9.21,-7.78,-38.7
VISHNU,637.7,2026-08-24,3.2,9.19,0.89,6.47,24.17,23.12
AMBICAAGAR,24.86,2026-08-24,4.54,1.43,0.89,4.5,-1.31,-8.3
JPPOWER,17.1,2026-08-24,-1.67,-3.93,0.88,-8.85,18.83,-9.38
ARVIND,531.75,2026-08-24,-3.72,-3.43,0.86,10.7,48.72,80.84
MOPSE,101.86,2026-08-24,1.24,0.28,0.85,-3.16,-3.76,6.98
BALMLAWRIE,176.08,2026-08-24,0.85,1.3,0.85,-2.64,0.02,-16.5
BIOFILCHEM,32.34,2026-08-24,1.92,-0.92,0.84,1.79,-4.4,-26.92
INDIGRID,176.08,2026-08-21,-0.51,0.84,0.83,6.35,12.29,21.59
KPITTECH,583.1,2026-08-24,-4.25,-6.35,0.83,-21.71,-22.68,-50.75
INFRA,12.15,2026-08-24,-1.06,-0.98,0.83,1.33,5.65,
JBMA,661.45,2026-08-24,6.45,3.46,0.82,4.69,18.86,3.75
OILIETF,11.33,2026-08-24,-0.79,-0.87,0.8,-1.65,-8.26,0.53
PREMEXPLN,667.35,2026-08-24,-0.79,2.8,0.79,12.07,37.12,24.27
BFSI,27.16,2026-08-24,-0.55,-1.56,0.78,2.68,-7.18,-0.22
EBANKNIFTY,57.82,2026-08-24,-0.5,-0.81,0.78,6.09,-5.75,3.84
LOWVOLIETF,22.25,2026-08-24,-1.16,-2.71,0.77,3.3,-1.85,-0.63
AAREYDRUGS,78.1,2026-08-24,-8.74,-6.81,0.77,-6.74,3.39,23.91
INDOSTAR,262.5,2026-08-24,6.21,8.43,0.77,22.25,17.16,-3.03
GVT&D,4177.9,2026-08-24,-2.37,-3.27,0.74,-13.64,12.11,51.2
IBLFL,61.45,2026-08-21,0.74,0.74,0.74,3.36,30.74,-13.45
SINCLAIR,75.32,2026-08-24,0.91,-2.16,0.74,1.61,0.82,-21.82
MKPL,4.16,2026-08-24,1.22,-0.72,0.73,-17.46,-19.69,-37.44
OLAELEC,37.35,2026-08-24,-4.77,-4.96,0.73,3.72,48.57,-20.85
BANK10ADD,16.95,2026-08-24,-0.24,-0.47,0.71,5.28,,
AXISBANK,1236.0,2026-08-24,0.71,-0.91,0.71,-3.77,-10.86,15.51
MOHITIND,23.16,2026-08-24,-0.26,-11.23,0.7,0.65,-5.04,-33.06
PRECISION,7.3,2026-08-21,-11.52,-10.43,0.69,-12.05,-26.26,-68.6
NFL,70.79,2026-08-24,-1.05,-2.32,0.68,-7.31,-8.56,-26.74
LICNETFGSC,29.56,2026-08-24,0.17,-0.17,0.68,3.39,2.53,5.05
OMFREIGHT,93.6,2026-08-24,-1.79,1.07,0.67,5.1,8.88,
ABSLBANETF,58.63,2026-08-24,-1.08,-1.0,0.65,5.85,-5.98,4.06
KOTHARIPRO,68.52,2026-08-24,-0.09,0.0,0.65,-5.67,1.08,-14.32
LOVABLE,72.43,2026-08-24,0.54,-0.23,0.65,1.74,-5.47,-22.54
CHEMFAB,368.45,2026-08-24,0.41,-2.53,0.64,-8.95,-5.67,-46.8
TECHNOE,998.05,2026-08-24,4.06,-6.07,0.63,-25.21,-14.66,-35.0
HDFCVALUE,125.68,2026-08-24,-0.73,-2.31,0.62,-1.28,-7.79,-4.7
AISL,57.85,2026-08-21,-0.26,-1.95,0.61,-3.34,-19.09,-31.94
MOGSEC,65.36,2026-08-24,-0.21,-0.23,0.6,3.42,2.09,5.05
CENTRALBK,31.21,2026-08-24,-0.19,0.61,0.58,-0.19,-19.47,-10.51
PVTBANKADD,27.9,2026-08-24,0.22,-0.29,0.58,4.38,-4.48,3.37
COMMITTED,345.0,2026-08-21,-0.81,-0.29,0.58,23.21,77.2,32.43
SUMICHEM,523.45,2026-08-24,-6.49,-6.73,0.58,11.83,29.61,-12.26
PRIMESECU,276.05,2026-08-24,-2.56,-8.61,0.58,-1.76,1.17,5.46
DIVOPPBEES,77.45,2026-08-24,-1.34,-3.2,0.57,-0.53,-6.28,0.9
UTIAMC,886.45,2026-08-24,-2.3,-2.36,0.57,-3.24,-12.3,-32.99
SILLYMONKS,15.88,2026-08-24,1.86,-1.55,0.57,1.86,-12.56,-1.85
BPCL,311.9,2026-08-24,-1.5,-2.07,0.56,5.51,-16.7,3.45
COMMOIETF,100.17,2026-08-24,-0.07,-1.87,0.55,-4.04,-1.11,12.6
APTECHT,91.84,2026-08-24,-3.1,-3.05,0.54,-0.54,8.37,-26.09
JWL,247.85,2026-08-24,-1.9,-3.71,0.53,-10.51,-12.74,-27.3
SPORTKING,214.86,2026-08-24,4.09,2.34,0.52,31.4,88.11,94.02
GSEC10IETF,263.61,2026-08-24,-1.27,-1.31,0.52,2.19,1.48,2.62
3PLAND,31.73,2026-08-24,-1.92,0.73,0.51,1.41,-6.04,-33.87
TRENT,2905.0,2026-08-24,-1.39,-3.97,0.5,1.57,11.0,-46.3
SVLL,776.0,2026-08-24,2.64,4.02,0.49,38.07,40.33,0.91
ANURAS,1255.5,2026-08-24,4.9,3.22,0.47,-8.1,-1.05,11.04
GOCLCORP,398.4,2026-08-24,-2.35,-6.96,0.47,21.3,58.41,0.29
5PAISA,374.8,2026-08-24,-1.58,-2.5,0.46,18.01,14.18,1.57
PURVA,214.3,2026-08-24,-5.43,0.53,0.45,-5.01,-1.87,-25.71
UNIVAFOODS,9.03,2026-08-24,0.0,0.0,0.44,10.53,-8.88,-26.7
GILT5YBEES,66.16,2026-08-24,-0.15,-0.42,0.43,3.26,2.84,6.06
HDFCPVTBAN,27.98,2026-08-24,-0.29,-0.36,0.43,4.21,-4.57,2.91
LIQUIDSBI,999.99,2026-08-24,0.0,-0.0,0.41,0.81,1.56,3.49
BELRISE,229.2,2026-08-24,-2.92,-9.32,0.41,5.93,25.01,56.37
LIQUID,999.99,2026-08-24,0.0,0.0,0.41,0.81,1.54,4.06
ABSLLIQUID,1000.0,2026-08-24,0.0,0.0,0.4,0.92,1.69,3.37
ELIQUID,1044.91,2026-08-24,0.09,0.18,0.39,1.28,2.46,
RAJRATAN,490.2,2026-08-24,-5.15,-7.02,0.39,19.71,19.13,51.21
LIQUID1,1119.55,2026-08-24,0.09,0.19,0.39,1.26,2.47,5.09
STLNETWORK,25.61,2026-08-24,0.95,2.11,0.39,2.44,23.48,
CASHIETF,1076.59,2026-08-24,0.09,0.19,0.38,1.25,2.45,5.04
LIQUIDBETF,1095.91,2026-08-24,0.09,0.18,0.38,1.21,2.38,4.89
LIQUIDADD,1141.67,2026-08-24,0.09,0.18,0.38,1.23,2.42,4.98
LIQUIDPLUS,1100.21,2026-08-24,0.09,0.18,0.38,1.25,2.45,5.07
HDFCLIQUID,1075.01,2026-08-24,0.09,0.18,0.38,1.24,2.43,7.25
AONELIQUID,1073.9,2026-08-24,0.09,0.19,0.38,1.25,2.45,5.04
BRITANNIA,5311.0,2026-08-24,-3.8,-5.56,0.37,1.27,-12.38,-2.63
LIQUIDCASE,115.6,2026-08-24,0.1,0.17,0.37,1.23,2.43,5.0
SUNTECK,307.35,2026-08-24,2.6,2.95,0.36,6.64,-23.4,-20.82
LIQUIDSHRI,1118.59,2026-08-24,0.08,0.17,0.36,1.18,2.31,4.8
GROWWLIQID,110.47,2026-08-24,0.09,0.18,0.36,1.18,2.32,4.78
MOBANK10,16.94,2026-08-24,-0.59,-0.53,0.36,5.06,,
YASHOPTICS,115.45,2026-08-21,1.27,0.39,0.35,-11.74,-0.47,0.87
VSTL,111.53,2026-08-24,4.36,4.8,0.35,-7.24,-3.19,-27.76
EBBETF0433,1315.26,2026-08-24,-0.09,-0.33,0.35,4.04,2.83,5.44
DDEVPLSTIK,276.6,2026-08-24,2.71,-3.22,0.34,16.37,-0.05,-14.32
MOVALUE,113.07,2026-08-24,-1.23,-1.81,0.33,-2.79,-10.02,11.38
HONDAPOWER,2073.1,2026-08-24,-1.97,-0.4,0.32,-5.65,-4.17,-27.27
RAYMONDLSL,717.15,2026-08-24,-5.9,-1.56,0.31,0.77,-19.73,-38.08
LTGILTBEES,29.95,2026-08-24,-0.33,-0.43,0.3,2.92,2.01,4.72
ATUL,6425.0,2026-08-24,-4.4,-6.26,0.27,-8.21,-0.17,-0.63
INCREDIBLE,33.48,2026-08-24,5.15,-1.44,0.27,-4.99,-5.34,-15.35
MURUDCERA,30.48,2026-08-24,-0.03,-3.3,0.26,-9.23,-5.34,-30.96
SHUBHLAXMI,19.9,2026-08-21,3.65,4.74,0.25,-1.24,-32.43,33.11
EBBETF0431,1443.19,2026-08-24,0.0,0.11,0.23,3.83,3.05,5.47
URJA,9.24,2026-08-24,-2.33,-4.45,0.22,-13.56,-2.84,-32.06
GROWWRAIL,28.69,2026-08-24,-1.24,-2.22,0.21,-8.63,-13.95,-17.37
GSEC5IETF,66.28,2026-08-24,-0.08,-0.73,0.2,3.37,2.6,5.64
INDHOTEL,728.9,2026-08-24,1.24,0.03,0.2,12.59,8.28,-7.19
KRITIKA,5.48,2026-08-24,-1.08,-1.44,0.18,-8.97,-10.31,-38.5
SDBL,73.02,2026-08-24,-0.56,-2.58,0.18,-13.54,-8.55,-47.87
NV20BEES,139.16,2026-08-24,-1.28,-2.32,0.18,-1.67,-8.47,46.15
RAINBOW,1460.1,2026-08-24,-1.24,-5.1,0.16,8.01,22.05,-7.22
MUNJALSHOW,131.78,2026-08-24,-3.54,-3.19,0.15,-1.07,6.85,-2.44
MAGNUM,19.45,2026-08-24,0.88,0.46,0.15,-2.56,-12.9,-16.99
EBBETF0430,1608.31,2026-08-24,-0.2,-0.2,0.14,2.98,2.24,5.22
MUKANDLTD,135.68,2026-08-24,0.3,-3.87,0.13,-0.59,9.27,1.27
LICI,421.85,2026-08-24,2.89,7.34,0.13,6.22,-2.1,-2.88
ASIANPAINT,2640.8,2026-08-24,-1.74,-3.97,0.11,0.91,10.39,6.52
KAVDEFENCE,57.12,2026-08-24,0.9,-5.21,0.11,-9.0,-14.03,-19.74
GLOBALVECT,149.1,2026-08-24,0.07,-6.12,0.1,-14.53,-8.64,-29.65
GSEC10ABSL,113.4,2026-08-24,0.11,0.11,0.09,4.42,2.47,4.04
MASPTOP50,79.6,2026-08-24,-2.04,-1.3,0.09,-3.84,15.11,26.63
CARRARO,534.45,2026-08-24,4.09,7.36,0.08,-10.17,3.29,26.67
SOFTTECH,419.15,2026-08-24,-1.85,-0.91,0.08,2.08,47.2,6.28
KARMAENG,38.21,2026-08-24,-5.7,-8.39,0.08,-15.91,-12.94,-27.48
SETF10GILT,264.52,2026-08-24,-0.56,-0.71,0.08,2.72,1.57,3.02
GODFRYPHLP,2100.5,2026-08-24,-1.43,-6.89,0.08,-7.95,-0.78,-39.15
JOCIL,148.0,2026-08-24,-0.34,-0.13,0.07,9.0,12.07,-8.0
CHOICEIN,797.65,2026-08-24,-0.77,-5.58,0.06,17.86,4.86,-0.7
SBFC,92.23,2026-08-24,-1.83,-1.88,0.05,1.16,-4.79,-18.69
SOMICONVEY,97.36,2026-08-24,17.17,3.66,0.05,-6.44,-8.14,-33.26
UCOBANK,25.89,2026-08-24,-0.84,-0.88,0.04,4.65,-9.98,-8.95
GRMOVER,90.24,2026-08-24,2.22,-0.34,0.04,-44.41,-43.48,-27.76
SARLAPOLY,100.02,2026-08-24,-1.56,0.73,0.01,7.28,20.73,-7.73
BKMINDST,45.0,2026-08-21,0.0,0.0,0.0,0.0,0.0,0.0
PODDARHOUS,43.37,2026-08-21,0.0,0.0,0.0,0.0,0.0,0.0
GTLINFRA,1.22,2026-08-24,0.83,-1.61,0.0,-6.87,6.09,-20.26
MPTODAY,46.0,2026-08-21,0.0,0.0,0.0,5.26,-3.26,-3.87
LIQUIDIETF,999.99,2026-08-24,0.0,0.0,0.0,0.0,0.0,0.0
PERFECT,8.1,2026-08-21,0.0,0.0,0.0,0.0,0.0,0.0
LIQUIDETF,999.99,2026-08-24,-0.0,0.0,-0.0,-0.0,0.72,2.9
VIVIDHA,0.53,2026-08-24,0.0,0.0,0.0,-1.85,-7.02,-34.57
MELSTAR,4.25,2026-08-21,0.0,0.0,0.0,0.0,0.0,0.0
VINNY,1.07,2026-08-24,0.94,2.88,0.0,-4.46,-4.46,-18.32
RMCL,200.0,2026-08-21,0.0,0.0,0.0,0.0,0.0,0.0
LIQUIDBEES,999.99,2026-08-24,0.0,-0.0,0.0,-0.0,-0.0,0.62
KTL,4.85,2026-08-21,0.0,0.0,0.0,0.0,0.0,-24.22
BRIGHT,2.8,2026-08-21,0.0,0.0,0.0,0.0,0.0,0.0
QUADPRO,2.4,2026-08-21,0.0,0.0,0.0,6.67,0.0,-20.0
PATTECH,114.85,2026-08-21,0.0,0.0,0.0,-1.71,8.09,-19.35
MAL,32.0,2026-08-21,9.22,0.0,0.0,-18.05,-22.8,-50.04
VELS,73.0,2026-08-21,0.0,0.0,0.0,6.8,32.61,29.09
AVSL,119.7,2026-08-21,0.0,0.0,0.0,0.0,0.0,-8.8
MINDPOOL,71.1,2026-08-21,0.0,0.0,0.0,0.0,0.0,3.72
SAHAJ,3.85,2026-08-21,0.0,0.0,0.0,0.0,-17.2,-56.25
GANGOTRI,0.61,2026-08-21,0.0,0.0,0.0,0.0,0.0,5.17
KALYANI,138.09,2026-08-21,0.0,0.0,0.0,0.0,0.0,0.0
SHAIVAL,33.0,2026-08-21,0.0,0.0,0.0,0.0,8.2,8.2
SECL,3.0,2026-08-21,0.0,0.0,0.0,-9.09,-26.83,-50.0
AFSL,201.01,2026-08-24,-0.09,-0.11,0.0,-0.08,-0.1,-9.05
GLOBALPET,151.0,2026-08-21,-2.04,-6.79,0.0,13.49,25.83,11.89
SAIFL,5.1,2026-08-21,2.0,2.0,0.0,-10.53,-51.43,-81.91
KANANIIND,1.49,2026-08-24,-0.67,-0.67,0.0,-5.1,-1.97,-23.59
SANCO,2.9,2026-08-21,0.0,0.0,0.0,-28.4,28.89,7.41
SECURCRED,1.56,2026-08-21,0.0,0.0,0.0,0.0,0.0,0.0
JAKHARIA,60.5,2026-08-21,0.0,0.0,0.0,0.0,0.0,-31.33
ALPSINDUS,34.3,2026-08-21,0.0,0.0,0.0,0.0,0.0,90.56
ISHAN,0.5,2026-08-21,11.11,0.0,0.0,-23.08,-28.57,-41.18
AURIGROW,0.28,2026-08-21,0.0,0.0,0.0,-9.68,-3.45,-53.33
FILATFASH,0.18,2026-08-24,0.0,0.0,0.0,-21.74,-18.18,-66.67
MARSHALL,3.64,2026-08-21,0.0,0.0,0.0,0.0,0.0,-49.51
SRIRAM,10.1,2026-08-21,0.0,0.0,0.0,0.0,0.0,0.0
SRPL,0.34,2026-08-21,0.0,0.0,0.0,-19.05,-40.35,-37.04
INDIFRA,11.95,2026-08-21,0.0,0.0,0.0,-11.81,-16.72,-23.15
INDLMETER,23.69,2026-08-21,0.0,0.0,0.0,0.0,0.0,0.0
TECHIN,14.0,2026-08-21,0.0,0.0,0.0,0.0,0.0,0.0
SUULD,1.57,2026-08-21,0.0,0.0,0.0,0.0,0.0,-25.94
OMKARCHEM,3.41,2026-08-21,0.0,0.0,0.0,0.0,-31.8,-52.51
ARIHANTACA,465.0,2026-08-21,-5.43,-3.33,0.0,3.33,5.68,26.09
MBECL,65.4,2026-08-21,0.0,0.0,0.0,0.0,0.0,0.0
GOENKA,0.82,2026-08-21,0.0,0.0,0.0,0.0,0.0,-11.83
REGENCERAM,33.93,2026-08-24,-4.23,3.73,-0.03,-16.76,-21.91,-27.93
WIPL,164.99,2026-08-24,-0.59,-2.93,-0.04,15.48,7.9,8.26
MON100,327.98,2026-08-24,-2.62,-0.03,-0.05,-1.25,43.64,63.06
MICEL,36.15,2026-08-24,-0.63,-2.38,-0.06,-16.32,-9.92,-28.09
SETCO,17.99,2026-08-24,2.8,0.39,-0.06,27.02,125.15,122.42
ANDHRAPAP,60.8,2026-08-24,1.4,-0.33,-0.06,-3.02,-9.27,-17.15
BHARATCOAL,34.97,2026-08-24,4.92,2.85,-0.06,-3.26,6.29,
PARKHOSPS,280.05,2026-08-24,1.23,-3.15,-0.07,8.05,45.13,
NV20IETF,13.54,2026-08-24,-1.38,-2.59,-0.07,-1.38,-8.45,-5.58
JINDALPOLY,636.85,2026-08-24,-4.33,1.33,-0.08,-9.65,15.23,22.81
DHARMAJ,260.65,2026-08-24,-3.19,-7.26,-0.11,-3.32,10.96,-29.19
FMNL,9.2,2026-08-24,5.38,-1.08,-0.11,-14.42,8.24,-30.04
FORCEMOT,17600.0,2026-08-24,-5.4,-3.83,-0.11,-11.46,-29.71,-12.74
TVSSCS,132.99,2026-08-24,9.47,3.56,-0.11,9.39,14.77,0.84
HESTERBIO,2364.5,2026-08-24,-2.2,-5.18,-0.12,26.64,53.4,17.63
CRAMC,259.6,2026-08-24,2.22,-0.71,-0.13,9.47,2.86,
AARVI,152.71,2026-08-24,0.07,-0.84,-0.13,20.5,24.16,27.28
GABRIEL,1358.9,2026-08-24,-5.8,-7.35,-0.13,21.58,40.99,14.63
STUDDS,450.0,2026-08-24,0.44,4.11,-0.13,0.51,-13.52,
ASMS,6.99,2026-08-24,0.43,-4.9,-0.14,-4.25,-35.22,-44.39
GICRE,356.95,2026-08-24,0.41,1.18,-0.15,-6.42,-7.55,-3.68
BAJAJHFL,84.05,2026-08-24,0.06,-1.19,-0.17,1.18,-3.74,-25.57
EQUIPPP,23.97,2026-08-24,10.21,7.25,-0.17,59.16,36.97,33.17
VARDMNPOLY,6.0,2026-08-24,-3.07,-10.45,-0.17,-7.69,-15.49,-36.31
GUJRAFFIA,40.49,2026-08-24,-2.01,1.96,-0.17,-1.84,-0.64,3.32
ICICIB22,115.16,2026-08-24,-0.48,-1.22,-0.17,-4.35,-9.39,8.05
SRHHYPOLTD,476.9,2026-08-24,-3.86,-4.3,-0.2,-10.66,1.17,-21.12
MOLOWVOL,36.74,2026-08-24,-1.29,-2.24,-0.22,0.46,-5.36,-3.26
KARURVYSYA,338.15,2026-08-24,1.24,2.1,-0.22,18.31,1.41,58.38
PIONEEREMB,22.0,2026-08-24,-3.42,-3.68,-0.23,-16.82,-18.91,-41.3
GSEC10YEAR,30.37,2026-08-24,-0.78,-0.16,-0.23,2.57,1.91,4.04
TATAPOWER,373.5,2026-08-24,-2.1,-2.23,-0.24,-8.09,-1.04,-2.54
UMIYA-MRO,89.08,2026-08-24,0.08,0.63,-0.24,6.33,4.32,8.25
HEALTHADD,16.36,2026-08-24,-1.74,-2.79,-0.24,-89.7,-88.9,-89.02
VISACHROME,36.81,2026-08-24,-4.17,-1.92,-0.24,-26.47,-4.44,17.79
GILT5BETA,66.5,2026-08-24,0.11,0.51,-0.25,2.12,2.07,5.67
GROWWCHEM,29.93,2026-08-24,-2.64,-2.79,-0.27,2.32,7.97,
EXICOM,159.87,2026-08-24,7.79,4.34,-0.27,1.29,68.67,11.0
SWARAJENG,3558.9,2026-08-24,-1.92,-1.2,-0.28,-0.68,3.35,-11.49
HMAAGRO,21.28,2026-08-24,-7.28,-3.67,-0.28,-12.68,-20.42,-32.32
SARVESHWAR,3.44,2026-08-24,-1.71,0.58,-0.29,-5.75,-12.02,-55.78
USHAMART,490.6,2026-08-24,-1.5,-4.36,-0.29,6.14,21.73,31.11
KICL,5272.5,2026-08-24,-0.38,-2.61,-0.3,7.23,8.01,10.17
DISAQ,11880.0,2026-08-24,2.05,1.35,-0.3,4.52,,
SADHAV,114.45,2026-08-21,-1.55,-0.91,-0.3,4.05,-1.25,-1.08
WHIRLPOOL,769.05,2026-08-24,-1.07,-4.2,-0.31,-9.07,-14.95,-40.66
PYRAMID,163.65,2026-08-24,-1.82,-5.32,-0.34,-5.72,7.92,2.17
HPIL,125.23,2026-08-24,-1.66,-0.65,-0.34,-5.42,-1.39,-4.83
MASTEK,1685.0,2026-08-24,-7.0,-6.52,-0.35,3.05,7.49,-31.64
SRTL,40.13,2026-08-24,2.58,-0.4,-0.37,-8.5,,
BETA,2307.0,2026-08-24,-5.17,-7.87,-0.37,67.57,120.45,18.61
HDFCLIFE,552.95,2026-08-24,1.83,2.4,-0.38,-10.0,-24.47,-29.65
HDBFS,688.9,2026-08-24,0.73,1.85,-0.38,5.59,-3.64,-12.9
FLAIR,251.05,2026-08-24,-1.39,0.08,-0.38,-14.74,-18.66,-19.26
DIGIDRIVE,17.88,2026-08-24,2.05,3.35,-0.39,-6.53,-18.84,-45.22
SINTERCOM,81.72,2026-08-24,-1.11,-6.06,-0.39,3.3,1.82,-33.84
BBETF0432,1349.36,2026-08-24,-0.67,-0.3,-0.39,3.72,2.42,5.17
SHIVAMILLS,59.64,2026-08-24,-1.06,-7.46,-0.4,-8.77,9.61,-16.73
MAHABANK,80.7,2026-08-24,-0.49,2.31,-0.41,2.36,14.01,51.78
NURECA,300.4,2026-08-24,-11.72,-10.13,-0.41,10.36,0.02,23.28
ICICIBANK,1415.0,2026-08-24,-0.02,-1.17,-0.42,12.86,3.04,-0.66
BANKINDIA,142.0,2026-08-24,-1.22,0.71,-0.43,4.8,-16.45,27.0
ATLASCYCLE,96.68,2026-08-24,-0.95,-0.28,-0.43,-2.02,9.74,-18.72
TRACXN,29.57,2026-08-24,1.72,-0.74,-0.44,-10.18,-8.28,-42.23
ZYDUSLIFE,1103.8,2026-08-24,-2.45,-1.36,-0.44,6.34,22.23,11.73
MASTERTR,84.34,2026-08-24,7.47,4.63,-0.44,-6.61,-0.32,-44.27
BCPL,70.06,2026-08-24,-4.49,0.78,-0.47,-5.25,,
CANFINHOME,810.1,2026-08-24,-0.52,-1.24,-0.47,-4.12,-7.5,7.02
CHEMBOND,173.42,2026-08-24,0.59,-3.16,-0.48,2.02,23.43,-7.98
SPRL,102.5,2026-08-21,0.54,0.54,-0.49,13.89,-8.81,-30.27
V2RETAIL,218.22,2026-08-24,-0.29,-0.12,-0.49,-6.48,9.42,26.81
BSL,124.13,2026-08-24,0.33,0.1,-0.49,0.8,-5.25,-28.76
RAJPALAYAM,803.25,2026-08-24,-2.91,-4.01,-0.5,2.06,,
RAILTEL,282.05,2026-08-24,0.75,-2.6,-0.51,-11.5,-12.11,-19.59
VAL30IETF,15.19,2026-08-24,-1.3,-2.13,-0.52,-3.43,-6.81,17.57
TCIFINANCE,15.11,2026-08-24,-2.26,1.14,-0.53,14.3,3.85,12.76
KAKATCEM,117.38,2026-08-24,7.21,2.88,-0.55,1.12,6.41,-21.4
EMAMILTD,405.6,2026-08-24,0.27,-0.95,-0.56,0.67,-14.56,-32.41
NIITMTS,225.74,2026-08-24,-4.24,-8.38,-0.56,8.68,-33.78,-30.31
BAJAJHCARE,321.55,2026-08-24,-0.46,-2.63,-0.56,5.24,-5.92,-27.47
SELMC,28.08,2026-08-24,3.2,4.04,-0.57,-5.1,-10.69,-10.17
SEYAIND,12.21,2026-08-24,-2.16,-4.24,-0.57,-21.23,-8.4,-35.36
ZENITHEXPO,199.0,2026-08-24,-2.69,-16.44,-0.58,-4.55,0.35,-20.71
AEGISLOG,1341.5,2026-08-24,4.22,0.58,-0.6,86.16,92.8,83.48
OSWALAGRO,37.19,2026-08-24,-1.67,-4.25,-0.61,-17.02,-21.89,-53.1
UJJIVANSFB,70.29,2026-08-24,-2.66,0.76,-0.61,33.91,15.72,60.81
ENFUSE,164.0,2026-08-21,2.69,-4.6,-0.61,-14.58,-13.27,-32.79
BANSALWIRE,321.9,2026-08-24,-0.57,-0.2,-0.65,1.5,19.67,-13.3
GENSOL,18.23,2026-08-24,4.47,5.93,-0.65,-8.21,-27.63,-54.05
SUNDRMBRAK,789.8,2026-08-24,-12.22,-0.97,-0.65,25.29,17.79,0.8
MARICO,846.1,2026-08-24,-0.7,-2.02,-0.66,3.1,4.89,16.32
HMT,60.97,2026-08-24,1.14,0.94,-0.68,7.4,15.78,8.49
GILT10BETA,26.5,2026-08-24,-1.52,-0.75,-0.71,1.42,0.53,2.32
KSL,876.45,2026-08-24,5.62,4.98,-0.72,6.99,21.49,2.77
LEMONTREE,108.56,2026-08-24,-0.9,0.57,-0.73,-4.19,-4.5,-35.93
RELINFRA,62.73,2026-08-24,-4.64,-13.76,-0.73,-7.0,-34.38,-78.38
EMBASSY,436.08,2026-08-21,-0.96,-0.73,-0.73,1.85,3.66,18.64
WSI,61.85,2026-08-24,1.68,2.27,-0.74,-7.12,-14.37,-21.18
KAJARIACER,1205.6,2026-08-24,-3.68,1.76,-0.77,13.82,26.96,-4.45
KOPRAN,193.88,2026-08-24,-2.92,10.97,-0.77,20.85,53.33,25.94
INFOBEAN,155.17,2026-08-24,-3.11,-4.76,-0.79,3.43,-24.66,-7.78
INDIAMART,1746.0,2026-08-24,-1.36,-2.06,-0.79,-11.51,-18.82,-32.73
ELPROINTL,175.13,2026-08-24,-0.11,-0.23,-0.79,1.64,,
LIBAS,9.96,2026-08-24,4.62,0.2,-0.8,-19.94,-1.68,-20.57
AROGRANITE,24.81,2026-08-24,0.98,0.16,-0.8,-2.82,-7.39,-30.43
PASHUPATI,86.39,2026-08-24,1.89,3.14,-0.8,-5.74,-10.48,25.93
GULPOLY,193.54,2026-08-24,0.77,-3.81,-0.81,2.18,27.44,16.54
DLINKINDIA,448.5,2026-08-24,7.12,2.55,-0.82,2.4,15.78,-1.27
DHANBANK,34.01,2026-08-24,5.0,2.38,-0.82,0.89,43.26,25.5
DPSCLTD,7.11,2026-08-24,-1.39,-3.4,-0.84,-14.54,-23.38,-42.14
PRSMJOHNSN,107.11,2026-08-24,1.69,-1.73,-0.84,-9.84,-14.59,-28.32
ZEEL,104.57,2026-08-24,-0.29,10.75,-0.84,27.32,18.78,-13.61
ZODIAC,249.15,2026-08-24,-2.77,-0.66,-0.84,-18.37,0.99,-39.42
DOMS,2201.7,2026-08-24,-0.74,-2.15,-0.87,-0.1,-6.89,-10.89
TNTELE,9.06,2026-08-24,1.12,-1.74,-0.88,0.78,4.38,-38.53
SERVICE,61.4,2026-08-21,-2.54,0.66,-0.89,22.55,9.64,11.64
ULTRACEMCO,11504.0,2026-08-24,-1.52,-4.44,-0.9,1.47,-9.42,-6.75
MARCO,32.5,2026-08-21,1.72,1.72,-0.91,-8.32,-8.19,-19.55
ADANIENT,2998.6,2026-08-24,-0.29,-0.38,-0.92,10.4,37.42,29.04
RAMCOCEM,903.9,2026-08-24,-2.03,-4.97,-0.92,-0.89,-20.99,-15.55
CAMS,752.0,2026-08-24,-3.12,-4.44,-0.93,0.15,6.92,-2.06
DBCORP,206.8,2026-08-24,-2.51,-2.12,-0.93,2.72,-3.63,-19.53
RVNL,221.7,2026-08-24,-2.67,-3.59,-0.95,-17.97,-30.86,-31.09
SGFIN,689.35,2026-08-24,4.41,2.78,-0.96,17.88,74.59,80.39
AHLADA,37.64,2026-08-24,1.73,-3.14,-0.97,-5.78,-19.23,-34.06
SYSTANGO,217.65,2026-08-21,-0.21,2.52,-0.98,-8.55,-17.01,-7.69
PAISALO,69.48,2026-08-24,2.8,-0.66,-0.98,38.08,97.27,129.74
MANAKCOAT,124.77,2026-08-24,2.37,9.1,-0.99,23.89,5.67,-17.99
VSTTILLERS,4373.1,2026-08-24,-3.41,-2.58,-0.99,-7.28,-25.44,-17.41
JISLDVREQS,21.07,2026-08-24,-0.99,1.3,-0.99,-6.06,-5.3,-31.14
AARTECH,47.45,2026-08-24,-6.63,2.66,-1.0,12.2,10.07,-21.62
FELIX,178.8,2026-08-21,-2.24,-2.64,-1.0,-8.66,-7.19,0.87
JKPAPER,393.3,2026-08-24,4.38,1.2,-1.0,4.74,17.55,13.97
IRIS,242.06,2026-08-24,-1.9,1.62,-1.0,-4.13,-3.23,-26.18
DPEL,570.4,2026-08-21,-3.25,3.87,-1.01,9.46,92.8,319.57
WAAREEENER,2674.8,2026-08-24,-1.19,-0.97,-1.01,-10.77,-11.53,-16.07
IEX,123.01,2026-08-24,-1.83,-2.6,-1.01,-3.2,-0.54,-12.13
TEXINFRA,111.27,2026-08-24,3.17,-0.46,-1.02,13.47,17.73,15.12
CSM,98.59,2026-08-24,-1.77,-6.55,-1.03,,,
YCCL,9.65,2026-08-21,0.0,3.21,-1.03,1.58,-16.09,-20.58
MADRASFERT,65.66,2026-08-24,0.97,-1.38,-1.04,-3.27,-5.17,-30.04
KSHITIJPOL,2.83,2026-08-24,-6.6,1.07,-1.05,-28.72,2.91,-9.87
PPL,268.5,2026-08-24,-1.52,2.97,-1.05,38.1,32.72,-17.1
JKTYRE,382.6,2026-08-24,0.16,-0.62,-1.06,5.13,-27.73,18.93
APOLLOHOSP,8702.0,2026-08-24,-1.4,-2.24,-1.06,4.18,12.84,10.11
IGL,147.72,2026-08-24,-2.17,-2.91,-1.08,-5.01,-13.19,-26.83
ELCIDIN,108320.0,2026-08-24,-2.32,-2.87,-1.08,-10.31,,
HBLENGINE,690.9,2026-08-24,2.42,-0.53,-1.1,-10.81,-1.38,-13.38
TTL,6.3,2026-08-24,2.44,7.69,-1.1,-18.29,-35.58,-44.63
REXPIPES,169.1,2026-08-21,0.0,-1.11,-1.11,-5.79,-14.27,11.99
SBGLP,24.15,2026-08-24,-3.21,-4.17,-1.11,-6.47,-18.05,-37.96
NIDAN,13.35,2026-08-21,4.71,-0.37,-1.11,-7.61,-23.71,-29.55
KAUSHALYA,885.0,2026-08-24,0.07,-5.25,-1.12,-1.34,4.12,-10.42
SALZERELEC,569.45,2026-08-24,-0.15,-0.28,-1.13,-19.17,-13.85,-31.24
EVEREADY,350.5,2026-08-24,-0.68,-0.03,-1.13,10.17,8.81,-18.81
PENIND,161.0,2026-08-24,6.31,-0.3,-1.13,6.6,13.44,-37.47
DATAMATICS,812.15,2026-08-24,-4.72,-5.84,-1.14,3.48,1.8,-16.69
LLOYDSENGG,87.17,2026-08-24,-4.43,-8.31,-1.14,26.01,78.83,26.88
SAAKSHI,285.7,2026-08-21,-4.01,3.08,-1.14,21.83,51.16,48.18
MHHL,34.8,2026-08-21,-1.42,-1.0,-1.14,-10.77,-12.56,-36.73
SESHAPAPER,227.55,2026-08-24,0.12,-2.36,-1.16,-1.27,-15.41,-12.7
LUXIND,1212.4,2026-08-24,0.28,-2.61,-1.16,-7.7,32.06,-6.77
RELIABLE,142.19,2026-08-24,2.49,-3.3,-1.17,8.35,0.18,50.51
JAIPURKURT,26.69,2026-08-24,-2.7,-9.0,-1.18,-13.96,-23.26,-31.69
BLUEPEBBLE,66.2,2026-08-21,-8.69,-8.5,-1.19,-31.75,-56.16,-63.33
DYNPRO,228.55,2026-08-24,-1.51,-15.26,-1.2,0.14,0.92,-41.6
METROPOLIS,563.35,2026-08-24,2.29,-1.62,-1.21,8.56,19.17,4.29
RCOM,0.81,2026-08-24,0.0,-2.41,-1.22,-10.99,-12.9,-55.49
GRPLTD,1983.1,2026-08-24,-3.23,0.07,-1.22,15.03,14.85,-13.12
IVALUE,284.15,2026-08-24,1.81,1.88,-1.23,16.19,26.28,
PARIN,707.0,2026-08-21,-0.84,-0.42,-1.23,6.54,-0.72,66.33
DECCANCE,546.85,2026-08-24,0.52,-2.74,-1.23,-8.17,-22.95,-48.02
JSL,702.4,2026-08-24,-5.2,-3.74,-1.25,-4.25,-11.13,-9.17
STARPAPER,145.91,2026-08-24,0.3,-4.53,-1.25,4.21,2.35,-14.48
MPSLTD,2734.8,2026-08-24,-2.84,-4.52,-1.26,53.56,77.62,23.91
JSWENERGY,544.7,2026-08-24,-1.94,-5.76,-1.26,-0.85,11.48,5.53
TRF,229.99,2026-08-24,-0.25,-1.94,-1.27,-2.07,-13.96,-29.06
SAIPARENT,528.75,2026-08-24,-4.2,-10.0,-1.28,8.64,,
NIRAJ,28.21,2026-08-24,-1.4,-3.95,-1.29,-2.42,-8.35,-42.07
CESC,155.27,2026-08-24,-5.4,-2.16,-1.32,-9.14,3.4,-0.23
GRETEX,300.0,2026-08-21,0.0,3.81,-1.32,21.04,19.05,27.12
SONAMAC,33.5,2026-08-21,-4.29,0.0,-1.33,-4.15,-11.84,-56.38
LANDSMILL,0.74,2026-08-24,-1.33,-6.33,-1.33,-21.28,-33.93,-43.94
DBL,414.6,2026-08-24,-1.19,-6.36,-1.34,-3.56,-6.9,-11.41
STARHEALTH,573.0,2026-08-24,-1.93,-0.34,-1.34,9.59,25.75,28.89
AMEYA,108.5,2026-08-21,-5.65,-0.46,-1.36,-4.02,13.02,5.24
MEGATHERM,218.05,2026-08-21,12.45,7.63,-1.36,-10.27,1.21,-29.23
AUTOAXLES,1743.8,2026-08-24,-2.42,-4.26,-1.38,1.59,-11.44,0.28
FABTECH,147.05,2026-08-24,0.78,0.16,-1.39,-2.31,-4.12,
PDMJEPAPER,89.84,2026-08-24,2.98,-7.54,-1.4,7.27,11.38,-31.77
TIMKEN,3080.7,2026-08-24,-6.38,-6.19,-1.4,-17.79,-5.28,2.71
DONEAR,84.58,2026-08-24,-3.49,0.55,-1.41,-7.22,-5.56,-12.47
BHEL,411.4,2026-08-24,-5.63,0.59,-1.41,1.02,57.65,88.81
IFBAGRO,980.7,2026-08-24,-5.53,0.06,-1.42,0.26,9.82,19.57
MAHKTECH,22.83,2026-08-24,-1.85,-3.26,-1.42,-5.7,-6.2,-7.87
ELIN,99.69,2026-08-24,-2.53,4.13,-1.42,-15.73,-24.57,-44.8
SURYALAXMI,56.68,2026-08-24,-1.7,-6.5,-1.44,-2.56,-6.61,-14.34
JAGRAN,61.94,2026-08-24,0.03,-1.81,-1.45,3.05,11.88,-2.2
APCL,101.47,2026-08-24,-5.05,-1.34,-1.46,-15.93,-19.77,-28.74
EMCURE,1853.6,2026-08-24,-1.08,-7.1,-1.46,8.17,29.22,24.14
KOKUYOCMLN,82.34,2026-08-24,-2.82,-1.95,-1.47,-4.25,0.82,-29.06
HUBTOWN,192.12,2026-08-24,5.04,7.49,-1.47,-7.48,-4.8,-44.42
MARALOVER,55.16,2026-08-24,3.78,3.39,-1.5,-6.51,20.12,-3.02
UNIDT,219.78,2026-08-24,-3.75,-6.08,-1.5,-5.64,26.06,7.77
EMAMIPAP,116.41,2026-08-24,2.19,4.7,-1.5,45.79,34.39,21.56
ONWARDTEC,286.3,2026-08-24,-0.16,0.54,-1.5,12.59,10.02,-12.91
ENERGY,38.47,2026-08-24,-1.23,-1.23,-1.51,-4.71,3.53,
TORNTPHARM,4886.5,2026-08-24,-0.28,-0.76,-1.51,9.14,11.33,33.77
GMRP&UI,96.1,2026-08-24,-0.62,-0.39,-1.53,-11.15,-18.77,-19.24
YESBANK,22.6,2026-08-24,-1.4,-0.66,-1.53,3.34,8.55,17.22
FOODSIN,54.2,2026-08-24,0.84,1.33,-1.54,-2.25,-9.71,-39.66
MOLDTKPAC,716.25,2026-08-24,5.31,5.08,-1.54,5.43,27.54,-9.08
BRIGHOTEL,59.23,2026-08-24,-3.01,-1.14,-1.55,-2.55,-3.64,-31.41
CENTRUM,23.29,2026-08-24,-4.16,-11.28,-1.56,1.39,-4.24,-41.14
TRANSRAILL,472.35,2026-08-24,1.61,-1.39,-1.56,-6.32,-15.33,-39.0
BGLOBAL,3.16,2026-08-24,0.32,-3.36,-1.56,5.33,6.76,-2.47
XCHANGING,61.12,2026-08-24,-0.97,-7.32,-1.56,-5.58,-5.21,-28.22
VINYLINDIA,238.82,2026-08-24,0.95,-2.33,-1.58,-12.95,13.94,-9.95
HATHWAY,10.59,2026-08-24,0.0,-2.04,-1.58,4.44,-1.03,-28.2
WILLAMAGOR,24.87,2026-08-24,-0.24,-6.12,-1.58,-11.78,-12.95,-26.33
IVC,8.1,2026-08-24,-2.64,-2.41,-1.58,10.66,8.29,6.06
PTL,38.64,2026-08-24,-0.03,-1.5,-1.58,1.59,4.05,2.66
TARMAT,50.14,2026-08-24,-10.43,-7.35,-1.59,-4.6,-7.04,-8.72
INDUSTOWER,374.25,2026-08-24,-1.51,1.7,-1.59,-10.12,-17.36,9.84
MAYURUNIQ,770.05,2026-08-24,5.99,0.06,-1.6,10.09,46.07,43.04
BALKRISHNA,17.26,2026-08-24,-1.09,-0.63,-1.6,-7.7,7.01,-20.57
SUNPHARMA,1910.0,2026-08-24,1.49,-1.77,-1.6,3.82,10.58,17.4
RILINFRA,36.65,2026-08-21,-2.4,-3.17,-1.61,14.89,-1.48,0.14
DUCOL,106.7,2026-08-21,3.59,0.42,-1.61,-4.56,-19.86,-27.24
JETFREIGHT,22.51,2026-08-24,-0.97,0.22,-1.62,9.32,24.09,65.03
KEEPLEARN,1.82,2026-08-24,-5.21,-6.19,-1.62,-12.92,-7.14,-38.1
ROHLTD,305.9,2026-08-24,-0.58,-5.35,-1.62,-8.93,-16.02,-36.33
NDLVENTURE,123.01,2026-08-24,-0.45,-4.92,-1.64,-4.82,8.21,37.8
CGCL,234.32,2026-08-24,3.57,0.83,-1.64,22.91,39.78,24.8
ABSLPSE,10.16,2026-08-24,-1.17,-0.78,-1.65,-5.31,-5.75,4.21
CROMPTON,246.0,2026-08-24,-0.2,-0.63,-1.66,-15.54,-5.13,-21.39
PENTAGON,53.0,2026-08-21,5.47,3.62,-1.67,-20.66,-15.87,-1.76
GOYALALUM,6.43,2026-08-24,0.47,-0.31,-1.68,-4.17,-5.72,-14.15
ABDL,610.35,2026-08-24,-0.05,-2.3,-1.68,14.79,24.17,17.92
AAKASH,8.77,2026-08-24,0.0,-2.99,-1.68,-2.34,1.98,-17.42
SALASAR,5.87,2026-08-24,-3.29,0.51,-1.68,-15.66,-25.7,-25.22
MOINFRA,59.44,2026-08-24,-0.59,-1.57,-1.69,-4.98,-3.31,1.9
SECMARK,126.0,2026-08-24,-1.3,0.77,-1.7,4.95,23.89,-3.08
TREEHOUSE,6.24,2026-08-24,5.23,0.16,-1.73,-9.43,-31.58,-19.59
EMMVEE,325.25,2026-08-24,1.4,0.45,-1.74,23.06,52.52,
MOENERGY,38.38,2026-08-24,-1.29,-1.16,-1.74,-5.0,3.31,
SINDHUTRAD,24.02,2026-08-24,0.97,-1.84,-1.76,-11.17,-5.95,0.71
BALAJEE,26.59,2026-08-24,-2.42,-2.92,-1.77,-12.19,-13.72,-48.38
WEIZMANIND,75.8,2026-08-24,-1.93,-4.03,-1.8,-6.55,-9.21,-29.7
HALEOSLABS,1510.7,2026-08-24,5.09,5.47,-1.8,-8.93,19.25,31.5
ABSLAMC,998.7,2026-08-24,-1.99,-1.29,-1.8,1.19,10.42,16.04
INM,164.05,2026-08-21,0.0,-1.17,-1.8,-2.35,-15.42,-67.33
ASIANHOTNR,301.1,2026-08-24,0.37,-4.75,-1.81,2.0,0.96,-12.59
TAJGVK,353.35,2026-08-24,4.7,-0.16,-1.82,9.98,4.62,-19.17
DHANUKA,994.9,2026-08-24,-0.21,-2.03,-1.82,-14.97,-8.73,-37.86
DRSDILIP,108.0,2026-08-21,-1.73,-1.73,-1.82,-9.62,10.49,10.2
GREENLAM,251.3,2026-08-24,-0.59,3.56,-1.84,6.09,6.38,8.71
ADVANIHOTR,50.18,2026-08-24,0.54,0.22,-1.84,-4.54,-7.05,-18.84
GROWWPSE,98.21,2026-08-24,-1.12,-0.99,-1.85,-6.5,-6.11,
ASPIRE,13.25,2026-08-21,-7.67,-12.83,-1.85,-14.52,-14.79,-43.01
TCI,900.8,2026-08-24,-0.75,-3.94,-1.85,-0.45,-12.46,-21.36
HDFCBANK,729.0,2026-08-24,0.0,-0.27,-1.86,-3.36,-18.61,-24.56
IRFC,85.99,2026-08-24,-1.22,-2.84,-1.86,-12.42,-20.59,-29.88
ORIENTPPR,17.25,2026-08-24,0.88,-1.54,-1.88,1.11,-7.41,-37.7
NELCO,915.3,2026-08-24,-15.37,-9.16,-1.88,37.85,47.13,9.02
ACCELYA,1137.1,2026-08-24,0.25,-0.57,-1.88,1.33,-2.38,-14.3
HONAUT,36640.0,2026-08-24,0.66,-3.67,-1.89,3.78,16.24,-3.53
IIFLCAPS,333.75,2026-08-24,-0.24,-0.04,-1.9,-2.57,11.23,4.47
NESCO,1035.8,2026-08-24,-1.0,-0.92,-1.9,-16.02,-6.56,-27.87
CENTENKA,552.85,2026-08-24,-3.45,-7.76,-1.93,7.92,30.17,12.63
WABAG,2001.1,2026-08-24,5.45,1.39,-1.96,40.14,57.25,26.04
DMART,3940.0,2026-08-24,-1.38,-2.81,-1.96,-4.3,2.36,-16.15
SOUTHBANK,45.16,2026-08-24,-0.13,-0.86,-1.97,11.99,10.8,52.52
NDTV,75.14,2026-08-24,-1.57,-1.31,-1.98,-2.06,-6.96,-49.54
UFO,65.69,2026-08-24,-1.17,-2.48,-1.98,-10.55,-8.95,-13.71
ACCORD,198.35,2026-08-21,0.0,0.0,-1.98,274.25,673.29,731.66
SYNGENE,398.55,2026-08-24,-1.1,-1.01,-1.99,-13.46,-8.56,-40.11
HRHNEXT,27.0,2026-08-21,8.22,6.93,-2.0,1.69,0.37,-27.03
BANKBARODA,241.5,2026-08-24,-2.05,-2.55,-2.01,-6.06,-20.37,3.78
ECLERX,1822.8,2026-08-24,-1.36,3.43,-2.02,15.6,9.03,-6.41
ATGL,639.6,2026-08-24,-1.13,-3.11,-2.03,-1.99,23.48,3.57
GREENPLY,291.55,2026-08-24,1.83,3.13,-2.04,12.79,30.35,-5.21
HNGSNGBEES,474.44,2026-08-24,-2.08,-2.88,-2.04,-11.2,-11.91,4.76
AHLEAST,143.22,2026-08-24,1.61,0.18,-2.06,-13.32,-6.54,-7.55
IOB,33.18,2026-08-24,-1.43,-2.07,-2.07,-0.75,-9.05,-12.84
ANMOL,9.93,2026-08-24,-0.9,-4.79,-2.07,-12.97,-14.47,-38.13
ODIGMA,22.17,2026-08-24,-2.08,-2.46,-2.08,-18.94,-16.53,-28.02
VLSFINANCE,248.2,2026-08-24,-3.27,-5.54,-2.09,7.48,-3.56,7.84
EMKAYTOOLS,93.5,2026-08-21,1.63,2.75,-2.09,-9.0,-5.6,-50.92
SJVN,65.8,2026-08-24,-0.62,-2.58,-2.12,-9.49,-10.84,-32.29
ZEELEARN,7.85,2026-08-24,-1.63,0.9,-2.12,35.11,35.11,-18.4
ASHOKAMET,13.86,2026-08-24,0.65,-1.14,-2.12,-13.05,-11.27,-18.95
SCHAEFFLER,4020.4,2026-08-24,-0.21,-1.05,-2.13,-1.27,-0.77,2.68
DISHTV,2.76,2026-08-24,-1.78,-2.47,-2.13,-20.0,-7.38,-46.82
STAR,993.6,2026-08-24,0.66,-0.54,-2.13,-13.44,15.94,15.34
ARIHANT,999.6,2026-08-24,-3.1,-11.09,-2.16,15.52,2421.06,2421.06
TICL,9.51,2026-08-24,-1.04,-6.03,-2.16,-58.25,-60.98,-63.38
EUROBOND,158.12,2026-08-24,2.01,-2.74,-2.16,-13.47,-6.18,-33.16
PRITIKAUTO,17.62,2026-08-24,0.74,-1.73,-2.17,19.54,31.79,-6.18
SILGO,72.45,2026-08-24,5.32,4.68,-2.17,-5.95,-2.56,-4.17
SANSTAR,106.59,2026-08-24,-2.38,-5.64,-2.18,-8.73,23.08,27.12
ARCHIES,13.45,2026-08-24,-0.3,-3.38,-2.18,-7.88,-13.28,-30.02
COMPUSOFT,13.04,2026-08-24,-1.88,-1.21,-2.18,-2.47,-9.07,-34.46
ROML,43.53,2026-08-24,-1.27,-2.25,-2.2,-4.96,1.61,-9.03
NTPC,339.5,2026-08-24,0.74,-0.28,-2.22,-12.65,-11.3,3.4
BAIDFIN,9.64,2026-08-24,0.42,-3.41,-2.23,-5.58,-12.68,-16.03
PSB,23.24,2026-08-24,-1.86,-1.82,-2.23,-0.12,-9.33,-18.1
CAPITALSFB,285.5,2026-08-24,1.4,-1.4,-2.23,3.33,10.66,-3.84
NDGL,2710.1,2026-08-24,-5.86,0.46,-2.24,5.24,7.42,-34.63
CPSEETF,94.07,2026-08-24,0.33,0.29,-2.24,-9.38,-8.38,5.02
PRAKASHSTL,3.92,2026-08-24,-1.51,-1.01,-2.24,-10.09,-10.3,-32.41
DIGITIDE,98.94,2026-08-24,2.54,-4.96,-2.25,16.48,0.95,-52.14
VISHNUINFR,152.55,2026-08-21,3.07,-5.1,-2.27,-6.95,-10.79,-8.4
KSOLVES,274.45,2026-08-24,0.13,-1.01,-2.3,-1.76,-8.62,-12.72
VIDYAWIRES,86.5,2026-08-24,-3.24,-11.65,-2.3,-2.58,76.67,
SHYAMMETL,1001.0,2026-08-24,1.43,-0.21,-2.31,6.08,21.0,6.96
APOLLO,385.15,2026-08-24,-0.49,-0.8,-2.32,8.48,61.42,63.92
REDTAPE,121.95,2026-08-24,0.24,-9.32,-2.34,-7.66,-0.88,-0.49
EFORCE,20.85,2026-08-21,-0.71,-0.48,-2.34,-7.54,-31.64,-52.61
KELLTONTEC,13.76,2026-08-24,1.62,-1.99,-2.34,-9.53,-30.96,-46.69
TATACONSUM,1062.5,2026-08-24,-0.94,-4.17,-2.34,-10.09,-9.04,-1.16
SUNDARAM,1.25,2026-08-24,10.62,0.0,-2.34,-10.71,-19.35,-38.73
PUNJABCHEM,1095.2,2026-08-24,-2.85,-1.53,-2.35,8.63,5.67,-8.78
RSYSTEMS,239.75,2026-08-24,-0.19,-2.16,-2.35,-10.84,-16.67,-45.18
IRCON,123.1,2026-08-24,-1.18,-5.31,-2.36,-12.63,-16.84,-27.1
AKSHAR,0.41,2026-08-24,0.0,0.0,-2.38,-16.33,-8.89,-25.45
SWANCORP,302.9,2026-08-24,-0.75,-1.5,-2.38,-4.7,-21.48,-36.26
OPTIEMUS,585.7,2026-08-24,5.66,4.76,-2.38,39.82,44.14,-0.2
BBOX,759.85,2026-08-24,-1.84,0.3,-2.39,-20.46,46.51,58.85
JUBLINGREA,708.2,2026-08-24,-3.36,-4.54,-2.39,-2.36,17.95,-0.53
MTNL,26.46,2026-08-24,-2.29,-3.82,-2.4,-9.63,-10.88,-42.59
IRCTC,483.15,2026-08-24,-3.36,-7.49,-2.4,-8.88,-21.37,-32.51
PANAMAPET,483.25,2026-08-24,-0.79,-8.05,-2.4,42.94,75.49,46.6
GATEWAY,53.84,2026-08-24,-2.38,-5.19,-2.4,-0.52,-7.24,-17.6
SHREEOSFM,60.5,2026-08-21,2.54,5.22,-2.42,-2.34,-24.47,-48.53
GKWLIMITED,1601.0,2026-08-24,-0.43,-3.06,-2.42,-8.36,-3.96,-9.52
BFINVEST,448.85,2026-08-24,-3.33,-6.18,-2.43,17.69,16.21,-2.92
GUJENERGY,259.0,2026-08-24,-6.33,-2.43,-2.43,-30.56,-36.11,-39.25
KSR,28.8,2026-08-24,-1.71,5.53,-2.44,-23.2,-2.21,
DEVIT,25.43,2026-08-24,-2.27,-4.76,-2.45,-11.15,6.85,-43.04
VTL,599.55,2026-08-24,-0.94,-1.44,-2.45,-1.82,11.1,46.24
BALPHARMA,85.19,2026-08-24,0.22,-6.28,-2.46,3.85,12.05,-2.25
NAGREEKEXP,22.57,2026-08-24,-6.97,1.58,-2.46,-13.59,-11.49,-18.05
BYKE,31.64,2026-08-24,0.48,-4.09,-2.47,-12.35,-31.81,-55.25
BBTC,1422.2,2026-08-24,-2.83,-5.78,-2.47,-7.27,-19.49,-21.36
BHAGERIA,223.33,2026-08-24,10.52,8.33,-2.47,48.25,44.44,26.39
HIKAL,211.99,2026-08-24,-0.39,-5.66,-2.49,3.24,5.7,-16.49
GROWWPOWER,11.38,2026-08-24,-1.22,-1.56,-2.49,-6.41,7.77,
GEMAROMA,173.67,2026-08-24,2.36,-2.91,-2.49,10.55,-9.42,
VIRINCHI,15.14,2026-08-24,0.73,-3.13,-2.51,-6.49,-21.06,-49.77
ICICIGI,1620.0,2026-08-24,-0.39,-1.75,-2.52,-10.95,-14.59,-14.62
KIRLPNU,729.6,2026-08-24,-4.89,-1.84,-2.53,-8.8,29.04,13.12
CUB,212.2,2026-08-24,-1.39,-1.95,-2.53,14.9,-1.13,34.93
VHL,3414.2,2026-08-24,-1.72,-3.95,-2.54,-1.14,4.55,-10.19
KUANTUM,73.0,2026-08-24,-6.14,-12.63,-2.54,-6.91,-14.56,-33.36
AFCONS,278.65,2026-08-24,2.56,6.01,-2.55,-6.55,-8.9,-34.89
ARROWGREEN,690.75,2026-08-24,-10.13,-10.56,-2.56,44.74,64.97,20.23
TVTODAY,113.47,2026-08-24,2.29,0.22,-2.56,3.03,-9.29,-21.57
TOKYOPLAST,78.1,2026-08-24,-2.25,-2.38,-2.56,-7.3,-11.14,-39.18
INDOUS,82.79,2026-08-24,-2.31,2.5,-2.58,-17.99,-43.08,-45.1
AKI,4.15,2026-08-24,0.48,-4.16,-2.58,-15.13,-16.67,-55.76
SENCO,371.75,2026-08-24,9.16,-6.52,-2.62,7.15,15.44,-1.39
CSBBANK,331.9,2026-08-24,3.73,2.09,-2.64,-8.12,-15.03,-17.64
GPTINFRA,113.34,2026-08-24,-1.49,-1.29,-2.64,-1.94,-7.34,-1.69
ACUTAAS,3173.0,2026-08-24,-0.79,-3.32,-2.65,7.52,47.42,123.07
REFRACTORY,27.35,2026-08-21,10.28,3.01,-2.67,-29.69,-36.54,-49.82
ANTGRAPHIC,0.73,2026-08-24,-1.35,-1.35,-2.67,-13.1,-12.05,-35.96
MVGJL,151.59,2026-08-24,-0.69,-12.13,-2.68,-7.86,-4.06,-25.97
AMBIKCO,1662.2,2026-08-24,2.87,0.49,-2.69,5.42,21.52,15.18
LAXMICOT,13.74,2026-08-24,2.46,-5.57,-2.69,-3.03,-23.15,-45.93
HUDCO,187.53,2026-08-24,-0.78,-5.3,-2.72,-7.37,0.79,-8.2
SUNTV,468.75,2026-08-24,-3.0,-2.91,-2.73,-2.69,-19.37,-16.28
JYOTISTRUC,10.67,2026-08-24,0.19,-8.33,-2.73,-13.32,-14.02,-32.64
HOLMARC,107.0,2026-08-21,-1.79,-0.93,-2.73,2.88,5.0,-9.39
TCIEXP,545.85,2026-08-24,-3.69,-0.06,-2.73,8.24,0.12,-20.65
SURANASOL,25.54,2026-08-24,0.2,-3.66,-2.74,-4.59,10.56,-19.18
PIGL,102.4,2026-08-24,-2.12,-6.48,-2.74,-0.04,-10.96,-32.34
COROMANDEL,1926.6,2026-08-24,-8.17,-8.18,-2.74,6.0,-15.43,-20.09
MARKOLINES,171.01,2026-08-24,-0.37,-4.73,-2.75,3.93,9.26,
HINDOILEXP,157.58,2026-08-24,1.74,-3.82,-2.75,-5.92,18.75,-6.72
DCXINDIA,175.72,2026-08-24,1.38,-1.87,-2.75,-13.03,2.45,-34.2
TRIDENT,24.43,2026-08-24,-0.57,-1.53,-2.75,0.12,-3.61,-12.47
VLEGOV,10.2,2026-08-24,4.83,-5.03,-2.76,-28.32,-32.36,-72.18
AMNPLST,188.91,2026-08-24,1.81,-5.2,-2.76,-0.89,16.69,-16.52
BAYERCROP,4043.6,2026-08-24,-1.36,-2.73,-2.78,-6.44,-12.97,-24.2
ARKADE,131.82,2026-08-24,1.41,-2.02,-2.79,16.49,13.66,-27.99
LAXMIINDIA,125.5,2026-08-24,-8.1,-6.55,-2.8,7.95,33.88,-11.07
VIPCLOTHNG,20.77,2026-08-24,0.87,2.77,-2.81,-18.64,-2.85,-43.61
LINDEINDIA,6531.0,2026-08-24,-2.99,-7.34,-2.81,-9.41,-1.42,3.65
GROWW,196.47,2026-08-24,-1.12,1.62,-2.81,4.62,20.45,
ORIENTALTL,5.16,2026-08-24,2.18,-0.39,-2.82,-19.88,-25.43,-47.35
AYE,167.18,2026-08-24,-1.53,-6.05,-2.82,19.05,39.99,
ZODIACLOTH,73.7,2026-08-24,-2.51,-2.65,-2.82,-4.46,-8.7,-24.86
MICROPRO,18.9,2026-08-21,-1.82,-0.53,-2.83,4.42,1.07,-13.5
SHARDUL,52.08,2026-08-24,-5.14,21.03,-2.85,87.95,,
SAFARI,1495.1,2026-08-24,-0.15,-0.57,-2.85,-1.97,-20.07,-25.6
BAGFILMS,4.41,2026-08-24,-1.12,1.15,-2.86,-11.8,-15.68,-32.36
MOBIKWIK,195.24,2026-08-24,-3.74,-5.54,-2.88,1.02,-5.13,-14.73
DCW,44.9,2026-08-24,1.45,-4.31,-2.88,-4.51,-7.84,-43.41
OLECTRA,1297.6,2026-08-24,-1.7,-5.17,-2.9,7.44,26.64,-16.45
TMPV,314.4,2026-08-24,-4.78,-9.42,-2.9,-12.75,-16.04,-53.4
DEEDEV,634.5,2026-08-24,-2.47,1.33,-2.9,21.13,125.8,132.59
BONLON,39.73,2026-08-24,-5.45,-2.72,-2.91,-9.79,-11.71,
AUROIMPEX,25.0,2026-08-21,-4.21,-5.66,-2.91,-20.38,-21.88,-49.49
ONIDA,37.07,2026-08-24,2.92,-4.88,-2.91,-5.82,31.55,35.59
OMNI,594.05,2026-08-24,5.24,7.45,-2.93,32.42,,
REPL,63.51,2026-08-24,-0.77,-5.32,-2.93,-12.92,-27.52,-61.09
KIRLOSIND,3663.8,2026-08-24,-4.66,-2.52,-2.94,18.65,28.96,-4.36
USK,21.11,2026-08-24,-3.3,-2.49,-2.94,-1.86,-25.25,-37.66
GMBREW,877.85,2026-08-24,-1.51,-2.58,-2.94,-4.87,-11.81,30.32
ASAL,493.8,2026-08-24,-2.4,-0.95,-2.94,0.04,7.75,0.12
AVANTEL,158.66,2026-08-24,0.73,-2.24,-2.95,-2.1,9.95,6.63
SRF,2580.8,2026-08-24,-1.35,-1.12,-2.96,-2.03,0.08,-11.21
DSFCL,27.1,2026-08-24,6.27,8.4,-2.97,5.23,-25.94,
ACC,1300.9,2026-08-24,-1.19,-4.18,-2.98,-3.79,-19.19,-28.15
LOTUSEYE,115.5,2026-08-24,-0.28,-0.1,-2.99,5.78,6.74,18.06
ROSSELLIND,56.77,2026-08-24,1.79,1.14,-2.99,6.81,31.71,-13.81
ORIENTCEM,129.8,2026-08-24,-1.58,-5.44,-2.99,-4.47,-17.46,-45.18
VINEETLAB,37.37,2026-08-24,0.03,4.82,-2.99,4.97,23.54,5.92
DCMSIL,77.38,2026-08-24,4.2,-6.71,-3.0,26.15,29.11,
MADHUCON,5.15,2026-08-24,-5.85,-3.74,-3.01,-5.68,8.19,-19.41
UBL,1346.7,2026-08-24,-1.55,-2.61,-3.03,3.12,-15.2,-27.67
KHFM,47.45,2026-08-21,-2.37,-8.49,-3.06,-24.38,-29.18,-40.2
POWERMECH,2514.0,2026-08-24,2.52,-0.66,-3.07,-1.21,18.34,-21.31
EMMIL,124.55,2026-08-21,-2.43,3.49,-3.07,-13.48,-18.94,-36.06
JKLAKSHMI,554.9,2026-08-24,-0.42,-0.68,-3.07,-8.22,-22.04,-39.33
ZFSTEERING,672.8,2026-08-24,-0.12,2.36,-3.08,-4.51,,
AAVAS,1336.3,2026-08-24,-3.85,-4.82,-3.1,-4.34,5.29,-19.01
FACT,784.25,2026-08-24,-1.13,-6.04,-3.1,-10.8,3.57,-22.36
PATINTLOG,13.39,2026-08-24,-2.26,-5.5,-3.11,13.67,30.0,-11.8
INOXINDIA,1941.5,2026-08-24,-0.48,-2.15,-3.12,34.21,68.27,68.74
AURUS,4.65,2026-08-24,-1.27,-2.92,-3.13,-5.49,-9.71,-31.31
DRCSYSTEMS,12.99,2026-08-24,-0.61,0.08,-3.13,-15.32,-14.71,-25.3
EIHAHOTELS,297.85,2026-08-24,1.93,0.97,-3.13,-6.77,-9.39,-25.09
SWELECTES,594.0,2026-08-24,-5.67,-14.07,-3.15,-4.95,13.08,-20.58
SEPC,5.82,2026-08-24,-0.51,-6.88,-3.16,-25.48,-26.7,-50.97
KESORAMIND,11.35,2026-08-24,-3.16,-9.92,-3.16,-12.89,26.53,119.11
SCILAL,40.02,2026-08-24,-0.42,-2.41,-3.17,-12.14,-10.91,-18.59
MAHLOG,403.1,2026-08-24,-0.46,-2.01,-3.18,14.51,-0.02,23.99
AXISCADES,1556.9,2026-08-24,0.23,0.14,-3.18,-21.94,5.58,28.07
EUREKAFORB,418.35,2026-08-24,-3.16,-6.58,-3.19,-9.93,-15.1,-24.03
NHPC,76.65,2026-08-24,0.07,-0.44,-3.19,-1.91,1.44,-3.05
HMVL,90.41,2026-08-24,-0.62,-3.69,-3.2,42.42,29.45,2.76
SPLIL,30.25,2026-08-24,-2.64,-7.24,-3.2,1.48,2.2,-21.94
CARERATING,1626.0,2026-08-24,-4.75,-6.15,-3.21,-4.98,2.39,1.54
FMCGIETF,51.0,2026-08-24,-1.89,-3.74,-3.21,-4.99,-8.57,-14.39
AEPL,14.48,2026-08-24,-3.01,-9.56,-3.21,-11.27,,
FORTIS,918.0,2026-08-24,1.02,-2.87,-3.24,-4.31,-0.06,-1.65
AJMERA,118.6,2026-08-24,-0.08,-3.61,-3.24,-1.13,-11.19,-33.42
NSLNISP,40.06,2026-08-24,-4.07,-10.32,-3.26,-9.28,3.62,3.38
MODIS,379.25,2026-08-24,-8.75,-3.67,-3.28,8.54,16.28,
TRIGYN,52.71,2026-08-24,-4.68,-2.3,-3.28,-8.27,-0.06,-33.23
CREST,364.25,2026-08-24,2.52,0.0,-3.3,4.67,8.92,-2.3
MITTAL,0.88,2026-08-24,-2.22,-1.12,-3.3,-17.76,-11.11,-46.67
EDUCOMP,0.88,2026-08-24,-1.12,-5.38,-3.3,-8.33,-17.76,-46.67
INDBANK,32.11,2026-08-24,-0.83,-2.93,-3.31,-4.41,-10.73,-1.32
IRB,18.91,2026-08-24,-1.36,-3.13,-3.33,-13.75,-5.37,-12.77
UNIENTER,94.99,2026-08-24,-0.63,-1.87,-3.34,-9.33,-8.7,-35.92
VASCONEQ,31.25,2026-08-24,0.39,-9.37,-3.34,-8.65,-20.42,-40.01
DIAMINESQ,238.65,2026-08-24,1.19,-3.46,-3.34,-5.5,1.51,-33.34
SAKSOFT,162.13,2026-08-24,-1.71,-2.07,-3.35,17.01,9.63,-25.36
OMPOWER,163.53,2026-08-24,-2.64,-3.9,-3.35,-14.27,,
HEMIPROP,128.9,2026-08-24,-4.0,-5.85,-3.35,-10.34,-8.83,-5.64
JTEKTINDIA,126.54,2026-08-24,-2.8,-11.27,-3.35,-1.11,-6.52,-3.56
SVPGLOB,3.74,2026-08-24,-3.36,-3.61,-3.36,-2.35,25.08,0.81
SANOFI,3274.6,2026-08-24,2.41,-1.57,-3.37,3.52,-18.66,-35.53
RUCHIRA,102.88,2026-08-24,0.81,-7.33,-3.37,-17.99,-0.83,-24.48
RALLIS,211.32,2026-08-24,-0.83,-0.85,-3.38,-15.39,-20.88,-43.39
DANGEE,2.85,2026-08-24,-3.06,-4.36,-3.39,-12.84,-6.25,-32.3
BHARATWIRE,186.73,2026-08-24,-3.21,-2.93,-3.4,-14.79,6.02,0.09
TIMESCAN,39.6,2026-08-21,-3.3,-5.71,-3.41,1.02,-16.54,-42.65
ORBTEXP,234.76,2026-08-24,1.75,-11.53,-3.41,42.23,36.97,20.0
PRITIKA,59.55,2026-08-21,-0.75,-6.95,-3.41,-17.86,-6.59,-33.05
MASON,119.95,2026-08-21,-0.87,3.27,-3.42,-4.8,-34.38,-40.52
RPSGVENT,863.35,2026-08-24,-2.69,-5.08,-3.42,-4.91,29.24,-5.44
SGIL,575.85,2026-08-24,4.77,-6.81,-3.43,13.85,10.75,2.2
RADIANTCMS,35.66,2026-08-24,2.29,-7.52,-3.44,-12.47,-4.04,-37.22
MEDICAMEQ,233.53,2026-08-24,6.21,-1.23,-3.44,-13.36,-22.05,-33.37
SIYSIL,588.45,2026-08-24,-6.98,-5.09,-3.45,0.65,10.62,-1.69
ALGOQUANT,66.04,2026-08-24,-0.38,-1.05,-3.46,9.92,9.98,
ARIHANTSUP,253.5,2026-08-24,-1.59,-3.21,-3.47,4.47,0.72,-38.67
CIEINDIA,399.35,2026-08-24,-2.91,-2.48,-3.48,-11.48,-18.26,1.64
SKP,152.0,2026-08-21,-1.3,-11.11,-3.49,-12.01,-6.14,-33.33
CPPLUS,3419.5,2026-08-24,2.29,-9.17,-3.5,41.6,132.01,151.46
SULA,144.53,2026-08-24,-3.08,-6.02,-3.51,-9.55,-15.1,-45.25
TUNWAL,26.15,2026-08-21,-0.19,-0.95,-3.51,-20.76,-10.29,-14.26
COALINDIA,406.9,2026-08-24,-0.38,-1.0,-3.52,-9.68,-4.32,14.6
HEADSUP,6.86,2026-08-24,2.54,-2.28,-3.52,-3.11,-13.27,-33.78
MOKSH,10.34,2026-08-24,-3.63,-1.99,-3.54,-12.74,-19.09,-25.13
GCSL,512.15,2026-08-24,4.01,-1.01,-3.55,30.85,46.68,
DENORA,822.3,2026-08-24,-0.99,-6.24,-3.55,14.0,27.95,-6.66
SHRADHA,32.95,2026-08-24,-1.72,-0.55,-3.56,-2.86,-13.28,-47.13
COOLCAPS,20.25,2026-08-21,2.53,-3.8,-3.57,-15.27,-39.28,-75.2
PARAGON,48.0,2026-08-21,-2.04,-3.81,-3.61,0.21,8.11,-13.51
DAMODARIND,27.8,2026-08-24,0.8,-4.14,-3.61,-8.82,12.05,-22.58
GRAUWEIL,71.28,2026-08-24,4.89,5.44,-3.64,4.45,-38.34,-38.34
BASILIC,190.3,2026-08-21,10.99,-4.78,-3.65,-11.14,-19.6,-58.43
UNITEDTEA,450.5,2026-08-24,-1.13,-4.1,-3.66,-13.66,-9.78,-6.86
AVL,588.5,2026-08-24,-3.31,-5.73,-3.69,9.69,22.3,17.17
SPCENET,3.38,2026-08-24,-5.85,-12.66,-3.7,-11.96,-34.69,-30.12
ALKALI,67.5,2026-08-24,-0.31,3.33,-3.7,-3.77,-0.86,-22.83
CERA,5793.0,2026-08-24,0.1,-3.99,-3.72,2.66,17.33,-10.24
BROOKS,61.68,2026-08-24,1.68,2.97,-3.72,14.8,-13.09,-57.27
BCG,9.05,2026-08-24,-6.41,-8.4,-3.72,-14.46,-17.73,-45.45
TIRUMALCHM,161.37,2026-08-24,4.29,-2.01,-3.8,-22.6,-16.27,-42.91
RUBYMILLS,391.85,2026-08-24,2.46,4.54,-3.81,72.17,105.23,69.1
AMAGI,585.8,2026-08-24,0.83,-9.56,-3.82,48.89,52.89,
WEWIN,45.52,2026-08-24,-1.04,0.04,-3.82,-19.83,13.74,-10.18
RUCHINFRA,5.76,2026-08-24,-0.86,2.67,-3.84,-8.43,-3.03,-22.89
CMPDI,237.86,2026-08-24,1.14,-3.63,-3.85,2.43,,
DELHIVERY,444.75,2026-08-24,-2.47,-7.02,-3.85,-0.64,1.83,-6.09
PRIVISCL,3446.7,2026-08-24,-0.07,-4.59,-3.86,4.16,15.61,42.41
AMBUJACEM,408.75,2026-08-24,-1.57,-5.13,-3.86,-5.86,-20.16,-28.83
FISCHER,36.47,2026-08-24,-2.15,-6.44,-3.87,-0.03,-8.92,-64.96
BLKASHYAP,52.44,2026-08-24,-2.4,-4.6,-3.89,-8.42,8.73,-27.72
NATCOPHARM,884.05,2026-08-24,-0.48,-2.74,-3.9,-24.29,-6.28,0.7
COFFEEDAY,29.06,2026-08-24,-2.06,-6.47,-3.9,18.61,-7.22,-34.45
MAGSON,183.2,2026-08-21,-3.93,-2.03,-3.91,-0.7,30.67,55.25
TIRUPATIFL,70.73,2026-08-24,10.1,0.33,-3.91,75.86,91.73,68.44
PHOENIXLTD,1932.0,2026-08-24,0.11,-0.16,-3.91,7.91,14.14,22.63
ARVINDFASN,442.95,2026-08-24,-0.27,-3.76,-3.92,-1.44,-0.0,-14.75
NAMAN,44.0,2026-08-21,7.58,4.39,-3.93,-12.78,-23.48,-53.95
KIMS,766.35,2026-08-24,-4.25,-6.49,-3.95,0.29,4.14,4.01
IGCL,71.59,2026-08-24,0.29,-1.45,-3.97,16.18,12.39,-37.76
CELEBRITY,6.76,2026-08-24,-0.59,-2.17,-3.98,-11.52,-14.21,-48.32
RAMASTEEL,4.09,2026-08-24,-5.54,-14.08,-3.99,-21.65,-44.13,-60.82
SWANDEF,2330.7,2026-08-24,-2.5,-11.13,-4.0,21.19,37.06,526.2
POCL,505.0,2026-08-24,3.75,4.5,-4.03,-14.82,13.23,15.71
NATHBIOGEN,154.63,2026-08-24,0.13,-0.99,-4.03,-10.53,3.82,-12.79
RPOWER,23.09,2026-08-24,1.63,-3.63,-4.03,-14.73,-9.24,-52.79
JSWCEMENT,126.79,2026-08-24,-0.63,-4.55,-4.03,-7.78,-0.17,-16.89
AGUL,53.65,2026-08-21,0.0,-4.96,-4.03,-13.19,-36.99,3.07
GOKEX,796.95,2026-08-24,-0.89,0.1,-4.04,14.29,12.27,5.61
HINDCOMPOS,411.1,2026-08-24,0.38,-1.7,-4.04,3.05,-3.97,-12.9
KHANDSE,17.11,2026-08-24,-0.81,-2.95,-4.04,-2.28,-1.21,-30.22
LOTUSDEV,173.05,2026-08-24,1.81,-1.98,-4.07,24.6,22.69,-9.78
ABFRL,53.95,2026-08-24,-2.42,-11.62,-4.09,-19.9,-21.58,-33.6
WCIL,86.3,2026-08-24,-1.92,-1.84,-4.09,-11.59,-23.84,-33.96
RSSOFTWARE,29.98,2026-08-24,-5.1,-0.27,-4.09,-8.12,-19.52,-59.03
GUJAPOLLO,349.4,2026-08-24,0.07,-2.37,-4.1,-8.93,-7.64,-29.81
SIDDHIKA,208.0,2026-08-21,-3.28,-0.6,-4.13,-7.06,1.85,13.9
DPWIRES,158.35,2026-08-24,-2.65,-3.73,-4.13,-7.69,2.76,-36.54
HCL-INSYS,10.87,2026-08-24,-3.29,-4.82,-4.14,-7.01,-16.64,-31.89
PODDARMENT,253.0,2026-08-24,-0.18,-4.62,-4.16,1.22,7.0,-9.29
INOXWIND,73.75,2026-08-24,-5.61,0.34,-4.18,-21.8,-22.39,-48.8
LFIC,137.31,2026-08-24,-2.41,-1.72,-4.18,-0.68,6.8,-32.59
RCF,119.03,2026-08-24,-3.43,-6.42,-4.18,-8.98,-6.72,-23.83
SATIA,57.91,2026-08-24,-2.25,-7.05,-4.2,-10.27,-10.4,-30.72
ARSHIYA,0.91,2026-08-24,-2.15,-2.15,-4.21,-24.79,-43.48,-65.0
IREDA,115.4,2026-08-24,-1.24,-3.83,-4.22,-10.55,-7.93,-21.34
KARNIKA,112.35,2026-08-21,-1.06,-5.39,-4.22,-17.93,-19.49,-35.68
PREMIER,2.72,2026-08-24,0.0,-3.89,-4.23,-9.33,-9.03,-23.81
EQUITASBNK,75.0,2026-08-24,0.11,-0.65,-4.26,12.82,14.87,36.66
URAVIDEF,107.16,2026-08-24,1.09,-0.28,-4.27,-9.6,-28.73,-77.9
NEXTMEDIA,3.81,2026-08-24,-2.56,0.26,-4.27,-8.41,-36.39,-41.2
SAATVIKGL,421.6,2026-08-24,4.71,0.64,-4.3,-2.48,7.14,
BELLACASA,229.19,2026-08-24,2.92,-5.27,-4.3,-3.48,-17.76,-47.0
BIRLAMONEY,126.31,2026-08-24,-2.74,-5.36,-4.3,-8.74,-6.4,-27.12
COMPINFO,1.11,2026-08-24,-0.89,0.91,-4.31,-20.14,-20.71,-55.95
INFOMEDIA,5.33,2026-08-24,1.33,-3.27,-4.31,-11.02,6.6,-10.87
ZAGGLE,191.32,2026-08-24,19.22,-6.21,-4.33,-11.24,-14.65,-52.5
HIGREEN,132.7,2026-08-21,-1.12,-4.84,-4.33,-8.04,-4.94,-36.73
RKSWAMY,95.11,2026-08-24,-2.42,-10.62,-4.34,-0.91,-2.78,-39.23
VESUVIUS,432.65,2026-08-24,-1.82,-6.56,-4.34,-7.34,-14.26,-18.3
KAMDHENU,34.57,2026-08-24,2.13,-1.76,-4.34,39.85,60.42,23.07
OMINFRAL,83.29,2026-08-24,-4.12,-4.84,-4.37,-4.28,-5.72,-23.27
ENIL,101.01,2026-08-24,-0.01,-0.47,-4.37,-8.04,-4.56,-35.56
YUDIZ,22.95,2026-08-21,-6.71,-11.73,-4.37,-13.72,-25.85,-28.28
BLAL,168.24,2026-08-24,-0.7,-2.17,-4.37,-10.52,-10.14,-19.32
KANORICHEM,154.67,2026-08-24,2.23,0.35,-4.38,77.52,116.05,82.14
BIKAJI,602.95,2026-08-24,-1.74,-3.26,-4.4,-7.51,-3.94,-21.46
NIBE,1438.0,2026-08-24,-0.07,2.75,-4.41,-0.86,40.21,19.09
GANESHCP,161.73,2026-08-24,-1.36,1.66,-4.41,-21.53,-3.78,
ASTERDM,750.9,2026-08-24,-8.4,-13.41,-4.42,-0.75,18.21,25.39
CEIGALL,322.15,2026-08-24,1.96,0.73,-4.43,-6.23,12.5,27.63
PARKHOTELS,116.97,2026-08-24,0.42,-3.13,-4.43,-0.45,-6.97,-23.46
JNKINDIA,450.0,2026-08-24,-5.53,8.87,-4.44,16.1,83.7,50.67
SUMMITSEC,1416.9,2026-08-24,-1.99,-3.4,-4.44,-9.99,-15.86,-32.59
SHIVAMAUTO,16.3,2026-08-24,0.43,-7.33,-4.45,-9.39,-18.17,-44.37
SIS,418.05,2026-08-24,0.38,-2.18,-4.46,6.5,42.17,16.63
INVENTURE,0.85,2026-08-24,-5.56,-5.56,-4.49,-13.27,-22.02,-43.71
VASA,4.25,2026-08-21,-4.49,-4.49,-4.49,-8.6,-10.53,-7.61
RUSHIL,16.96,2026-08-24,1.07,-0.12,-4.5,6.94,-8.08,-26.83
INDOAMIN,123.64,2026-08-24,-0.12,-5.81,-4.5,-0.83,13.37,-20.66
VIKASECO,1.06,2026-08-24,-2.75,-5.36,-4.5,-17.19,-28.38,-51.38
MSPL,33.78,2026-08-24,-2.0,-5.11,-4.5,-19.99,6.83,6.39
3MINDIA,33885.0,2026-08-24,-2.94,-5.61,-4.55,3.18,-4.18,12.52
TSFINV,413.0,2026-08-24,-1.76,-4.86,-4.57,1.17,3.61,-14.59
GALAPREC,1093.9,2026-08-24,7.46,9.72,-4.57,26.77,46.55,30.88
GILLETTE,7406.5,2026-08-24,-1.36,-2.42,-4.63,-4.08,-11.3,-26.35
NOIDATOLL,4.12,2026-08-24,2.23,-2.37,-4.63,-42.54,8.42,6.19
OLIL,409.1,2026-08-21,-1.42,-4.64,-4.64,-8.89,41.02,64.07
NAVKARCORP,97.41,2026-08-24,-1.5,-3.23,-4.64,2.67,3.63,-19.44
PNC,18.45,2026-08-24,1.93,-5.24,-4.65,-2.17,-25.66,-34.43
ADANIPOWER,203.7,2026-08-24,0.07,-3.3,-4.66,-7.12,41.15,71.38
HEALTHX,298.2,2026-08-24,2.3,-1.65,-4.68,3.17,6.18,9.43
PFS,27.91,2026-08-24,-0.82,-2.99,-4.68,-9.47,-10.54,-30.35
RAIN,213.69,2026-08-24,3.78,4.94,-4.68,37.34,46.87,44.38
EMSLIMITED,384.3,2026-08-24,4.12,-3.65,-4.71,18.54,27.31,-30.82
ADVENZYMES,302.35,2026-08-24,-1.06,2.65,-4.73,-19.06,-1.6,-0.86
WINSOL,111.5,2026-08-21,-0.36,1.32,-4.74,-18.61,-17.41,-43.74
PROZONER,41.72,2026-08-24,-4.09,-2.84,-4.75,-19.08,-18.36,-0.12
JLHL,307.85,2026-08-24,-2.32,-3.8,-4.75,13.46,19.92,9.63
RANEHOLDIN,1613.4,2026-08-24,0.78,-7.75,-4.76,18.41,35.79,9.75
NIVABUPA,82.51,2026-08-24,-0.24,-4.49,-4.77,-4.05,7.86,-3.46
ACL,44.81,2026-08-24,-2.46,-6.67,-4.78,-18.69,-18.62,-38.91
HITECH,80.72,2026-08-24,2.92,-3.82,-4.8,-5.25,-6.51,-6.89
TAKE,19.79,2026-08-24,-15.54,-13.92,-4.81,-32.23,-57.62,73.6
GINNIFILA,44.79,2026-08-24,0.29,-1.06,-4.82,-0.33,14.85,-13.23
CCCL,15.11,2026-08-24,-3.08,-0.4,-4.85,0.73,-6.79,-15.49
ITC,269.7,2026-08-24,-1.23,-4.58,-4.85,-8.17,-14.36,-28.98
HGS,402.05,2026-08-24,-2.66,-2.53,-4.85,-1.09,5.52,-26.51
ALKEM,5350.0,2026-08-24,-0.45,-4.44,-4.86,-0.83,-2.47,-0.43
RTNINDIA,30.06,2026-08-24,-1.38,-3.84,-4.87,-13.15,-1.18,-42.92
BRNL,17.18,2026-08-24,-1.55,-2.77,-4.87,-15.12,-12.66,-18.23
TATACOMM,1688.5,2026-08-24,-1.37,-2.93,-4.89,-13.25,4.99,6.19
UGROCAP,88.23,2026-08-24,-4.87,-8.52,-4.89,-11.57,-22.96,-47.61
ALOKINDS,11.48,2026-08-24,-0.43,-3.61,-4.89,-6.67,-21.1,-36.89
STARCEMENT,194.85,2026-08-24,-2.11,-2.06,-4.9,-11.83,-10.45,-29.26
ONGC,236.55,2026-08-24,-0.81,-1.37,-4.91,-18.43,-14.45,5.53
AERONEU,81.16,2026-08-24,-3.94,-2.52,-4.94,-10.7,17.54,-21.58
DESTINY,100.65,2026-08-21,0.0,-4.96,-4.96,-4.96,-16.82,-21.43
INSPIRISYS,93.03,2026-08-24,1.56,-9.85,-4.96,-25.84,4.53,-5.73
BMETRICS,34.5,2026-08-21,-5.99,-10.39,-4.96,-8.0,-7.51,-27.69
BANSWRAS,121.59,2026-08-24,5.3,-2.09,-4.96,-3.84,11.38,-5.84
CREDITACC,1442.3,2026-08-24,-6.26,-5.76,-4.96,13.16,12.74,3.12
FOCUS,68.64,2026-08-24,-0.42,0.09,-4.97,-17.39,5.34,-28.33
VISAMAN,102.25,2026-08-21,-4.97,-4.97,-4.97,-9.71,-19.99,24.47
LXCHEM,173.18,2026-08-24,-3.61,-2.69,-4.99,14.27,31.09,-18.56
MOIL,255.4,2026-08-24,-6.38,-10.02,-5.0,-15.83,-14.44,-20.97
MEGAFLEX,95.0,2026-08-21,0.0,-5.0,-5.0,-28.89,-26.36,55.74
SANWARIA,0.19,2026-08-24,0.0,-5.0,-5.0,-20.83,-24.0,-44.12
NORTHARC,284.35,2026-08-24,2.03,-0.35,-5.03,1.37,11.99,12.79
KIRLOSENG,2068.3,2026-08-24,-1.58,-2.95,-5.03,24.04,48.81,118.81
SHREDIGCEM,72.32,2026-08-24,2.63,1.06,-5.04,2.1,0.75,-23.63
TEAMLEASE,1247.4,2026-08-24,0.63,-0.49,-5.05,-9.75,-0.96,-32.6
NTPCGREEN,91.44,2026-08-24,-0.76,-0.48,-5.07,-12.41,1.71,-11.49
UPL,571.9,2026-08-24,0.85,0.86,-5.07,-8.63,-8.42,-19.4
SAGARDEEP,23.88,2026-08-24,-0.58,-3.28,-5.09,0.89,-1.89,-16.77
TTML,37.37,2026-08-24,-2.04,-4.23,-5.1,-11.42,-11.72,-36.7
LLOYDSENT,74.06,2026-08-24,-2.1,-10.28,-5.1,9.24,36.68,3.26
BEARDSELL,26.23,2026-08-24,5.47,-2.09,-5.1,8.08,-2.24,-9.42
MANAV,29.8,2026-08-21,10.78,24.17,-5.1,-33.7,-33.78,95.41
DHRUV,23.24,2026-08-24,-7.56,-3.93,-5.1,-25.03,-13.86,-63.69
TNPL,142.09,2026-08-24,0.86,-7.66,-5.12,-5.08,4.36,-5.75
CYBERTECH,134.67,2026-08-24,0.77,-1.69,-5.12,-8.83,16.84,-8.6
UNICHEMLAB,509.8,2026-08-24,-6.17,0.52,-5.13,37.47,43.75,1.39
SYSTMTXC,56.98,2026-08-24,-3.83,-3.59,-5.14,-13.72,-25.31,
BHARATFORG,2041.0,2026-08-24,-2.48,-2.49,-5.14,7.88,10.16,82.51
PWL,121.46,2026-08-24,1.24,-4.75,-5.15,10.8,33.4,
IGARASHI,431.35,2026-08-24,-5.18,-5.52,-5.15,12.43,20.77,-13.16
FCSSOFT,1.47,2026-08-24,-2.65,0.0,-5.16,-2.65,-8.7,-39.75
SUPRIYA,797.15,2026-08-24,1.68,-13.62,-5.16,2.98,20.26,15.78
RUSTOMJEE,379.05,2026-08-24,1.05,2.54,-5.18,-4.03,-13.29,-41.74
NH,1859.8,2026-08-24,1.71,1.37,-5.18,0.45,2.36,2.77
MTEDUCARE,1.83,2026-08-24,-3.68,-6.15,-5.18,7.65,31.65,-8.96
VENTIVE,585.7,2026-08-24,-1.1,-1.31,-5.19,-5.49,-17.95,-21.9
GOODLUCK,477.7,2026-08-24,9.31,-3.14,-5.19,-0.18,19.58,28.22
GPTHEALTH,150.0,2026-08-24,-2.17,-4.54,-5.19,8.12,23.61,-3.33
NILAINFRA,6.94,2026-08-24,-1.14,-6.47,-5.19,-14.11,-13.9,-37.48
PNGJL,613.35,2026-08-24,0.48,-3.81,-5.2,16.67,11.38,5.34
ASHIANA,366.6,2026-08-24,0.44,-4.27,-5.2,-1.73,12.87,18.01
SBILIFE,1761.8,2026-08-24,-1.6,-5.02,-5.21,-5.82,-15.3,-5.1
GOODYEAR,756.15,2026-08-24,-1.2,-4.96,-5.22,6.23,-38.77,-38.77
JINDALPHOT,1019.8,2026-08-24,-3.57,-3.78,-5.23,1.97,-22.87,20.8
IKIO,194.05,2026-08-24,-3.81,-1.85,-5.26,28.06,35.89,-15.12
JAINAM,234.0,2026-08-21,-0.43,-0.43,-5.26,-15.54,12.5,-16.61
GREENPOWER,9.5,2026-08-24,-0.52,-2.96,-5.28,-13.4,-4.71,-33.38
HGINFRA,506.65,2026-08-24,-1.53,-8.2,-5.28,-15.13,-10.63,-49.14
MANKIND,2374.5,2026-08-24,-0.27,-2.6,-5.29,-4.23,15.56,-8.91
SOTAC,90.05,2026-08-21,-2.07,-2.07,-5.31,-19.09,-27.96,-31.2
SURAJLTD,209.51,2026-08-24,-3.89,-6.07,-5.33,-9.31,-8.5,-37.3
STARTECK,252.0,2026-08-24,-3.06,-1.58,-5.33,0.91,-6.23,-21.16
BAJAJINDEF,216.08,2026-08-24,0.35,-6.56,-5.34,-22.63,-13.23,-43.22
WINNY,33.7,2026-08-21,4.98,10.13,-5.34,-26.66,-40.83,-55.6
BBL,2384.9,2026-08-24,3.76,3.71,-5.34,-12.91,-0.29,-12.54
BHAGYANGR,388.95,2026-08-24,1.69,2.18,-5.34,41.67,162.96,327.7
ERIS,1325.6,2026-08-24,-1.73,-4.87,-5.35,-0.83,-3.75,-24.65
SBC,39.82,2026-08-24,2.76,-3.11,-5.35,3.27,24.09,110.35
S&SPOWER,328.7,2026-08-24,10.41,2.05,-5.36,-8.99,1.31,-17.41
HINDUNILVR,2030.0,2026-08-24,-1.22,-2.74,-5.36,-6.94,-13.06,-21.41
PROPEQUITY,212.0,2026-08-21,-3.64,-9.59,-5.36,-18.23,8.44,7.07
SOBHA,1289.1,2026-08-24,-2.41,-4.91,-5.37,-5.99,-11.08,-12.46
BASML,24.99,2026-08-24,2.5,-11.82,-5.38,4.36,9.39,-15.24
MOTOGENFIN,25.95,2026-08-24,-0.46,-2.26,-5.43,-3.96,24.22,-4.17
VILAS,345.15,2026-08-21,-2.75,-4.47,-5.43,-6.3,-17.87,-34.71
ADANIPORTS,1672.1,2026-08-24,-1.12,-0.53,-5.44,-6.03,7.96,25.2
NBCC,88.58,2026-08-24,-1.3,-6.45,-5.45,-6.42,-6.03,-13.96
INNOVATIVE,66.8,2026-08-21,0.3,-1.62,-5.45,-21.18,-4.37,-50.59
GOYALSALT,108.75,2026-08-21,1.64,-5.43,-5.48,-1.94,-19.62,-34.27
TEXRAIL,104.05,2026-08-24,-2.66,-3.07,-5.48,-3.84,-2.48,-27.28
SAMPANN,26.05,2026-08-24,-0.95,-3.59,-5.51,-1.55,-14.25,-18.29
DTL,120.0,2026-08-21,3.45,3.45,-5.51,-13.98,0.0,-13.04
GEEKAYWIRE,22.48,2026-08-24,-3.35,-2.09,-5.51,-7.22,-12.12,-33.74
POKARNA,875.35,2026-08-24,-6.66,-8.72,-5.52,5.01,-6.3,-7.67
DELPHIFX,6.49,2026-08-24,-2.55,-3.71,-5.53,-37.72,-50.15,-48.08
LAOPALA,169.46,2026-08-24,-8.95,-10.11,-5.55,2.19,-16.43,-30.83
LOKESHMACH,320.2,2026-08-24,-2.91,-8.84,-5.55,21.96,76.94,43.16
SHALBY,154.03,2026-08-24,0.57,-4.84,-5.56,-9.89,1.4,-22.33
ROTO,64.28,2026-08-24,-2.13,-3.11,-5.58,10.5,7.17,-23.6
BIOCON,409.4,2026-08-24,-0.63,-3.92,-5.59,-4.73,4.9,14.02
WEWORK,672.1,2026-08-24,-5.04,-7.32,-5.6,18.93,30.43,
ORIENTTECH,244.3,2026-08-24,-4.14,-5.69,-5.6,-10.45,-19.43,-13.58
LIBERTSHOE,243.8,2026-08-24,-1.71,-3.04,-5.6,0.97,0.44,-22.48
UNIVPHOTO,449.1,2026-08-24,-6.05,-3.77,-5.6,6.17,19.01,79.64
SUVIDHAA,2.36,2026-08-24,-5.22,-6.72,-5.6,-16.01,-21.59,-42.72
RHFL,1.85,2026-08-24,3.93,1.09,-5.61,-14.75,-18.86,-66.18
LLOYDSME,1831.7,2026-08-24,-5.68,-10.77,-5.61,5.5,57.44,35.39
JINDWORLD,35.7,2026-08-24,0.2,-4.19,-5.63,35.07,43.43,-1.11
DCAL,173.25,2026-08-24,-1.47,-7.99,-5.63,-11.32,-3.24,-35.39
KIRLFER,444.1,2026-08-24,2.52,1.02,-5.64,2.62,-1.16,-1.16
CONSOFINVT,270.25,2026-08-24,-0.63,-4.05,-5.65,17.66,12.59,41.29
ABBOTINDIA,26420.0,2026-08-24,-1.8,-4.05,-5.66,-2.85,2.55,-15.17
CEREBRAINT,2.82,2026-08-24,9.3,0.36,-5.69,-11.6,-41.74,-62.35
SRIVASAVI,81.0,2026-08-21,-3.57,-5.81,-5.7,50.42,56.07,26.27
EXCELSOFT,70.13,2026-08-24,-4.02,-9.72,-5.71,-28.72,-12.21,
PRECAM,130.74,2026-08-24,-2.9,-7.94,-5.71,-20.29,-6.95,-27.42
TRITURBINE,576.8,2026-08-24,-3.53,-9.41,-5.72,-18.41,19.01,8.91
ZENSARTECH,476.9,2026-08-24,-2.82,-4.4,-5.73,-0.07,-9.1,-38.15
HPL,314.35,2026-08-24,0.64,-7.41,-5.74,-14.14,-9.15,-35.83
DELTACORP,58.88,2026-08-24,-2.16,-6.97,-5.75,-18.4,-4.21,-32.53
AADHARHFC,466.45,2026-08-24,-4.35,-7.02,-5.77,-1.89,3.12,-10.62
DRONE,36.7,2026-08-21,-2.39,-7.09,-5.78,-10.71,-26.6,-61.75
HYBRIDFIN,17.09,2026-08-24,-1.84,1.06,-5.79,-7.62,-14.64,7.69
STEELXIND,10.9,2026-08-24,-0.18,2.35,-5.79,4.91,41.74,12.37
POWERGRID,271.4,2026-08-24,1.97,0.48,-5.83,-7.78,-10.96,-1.51
JAYKAY,155.51,2026-08-24,3.33,1.97,-5.84,-10.75,3.08,
INSECTICID,580.15,2026-08-24,-6.23,-10.72,-5.84,-22.54,-7.46,-31.48
DABUR,398.45,2026-08-24,-2.05,-3.8,-5.85,-10.52,-22.09,-21.36
SAHLIBHFI,73.37,2026-08-24,1.9,-2.45,-5.85,0.88,,
RELTD,161.4,2026-08-24,0.96,-3.1,-5.86,24.93,12.93,12.47
MSUMI,37.75,2026-08-24,-6.4,-8.02,-5.88,-3.43,-12.18,-8.29
TANLA,564.4,2026-08-24,-1.59,-10.71,-5.89,8.83,27.81,-7.74
VIKRAMSOLR,172.02,2026-08-24,-6.05,9.71,-5.9,-13.91,-7.21,
HILTON,19.89,2026-08-24,-1.24,-5.82,-5.91,-8.51,3.22,-63.74
PRLIND,43.0,2026-08-21,-0.12,-2.27,-5.91,-28.27,-28.33,-50.0
RBMINFRA,242.45,2026-08-21,0.66,-6.68,-5.92,-34.06,-32.62,-48.17
LATENTVIEW,278.5,2026-08-24,-2.45,-6.48,-5.93,-14.7,-19.32,-33.67
HIRECT,1223.3,2026-08-24,-2.8,-5.39,-5.94,27.08,73.24,48.16
CENTURYPLY,744.95,2026-08-24,-0.77,-4.44,-5.96,-2.83,-1.3,1.12
INFOLLION,158.6,2026-08-21,1.5,-0.87,-5.96,-20.88,-52.8,-64.75
CRIZAC,173.41,2026-08-24,-1.58,-7.08,-5.98,-14.84,-22.43,-49.06
TOLINS,96.55,2026-08-24,-0.55,-5.32,-5.99,-6.56,-17.6,-35.56
VRAJ,121.47,2026-08-24,-0.02,-3.09,-5.99,-1.57,-2.99,-21.9
INTERARCH,1691.6,2026-08-24,-2.71,-0.32,-5.99,-3.35,-11.08,-16.69
PEARLPOLY,16.17,2026-08-24,-0.8,-1.1,-5.99,-13.2,-15.74,-50.85
SPECTRUM,2144.3,2026-08-24,0.9,-15.25,-6.02,51.12,53.67,47.01
FELDVR,2.34,2026-08-24,-3.31,-1.27,-6.02,-8.24,-15.83,-28.22
RPPINFRA,57.78,2026-08-24,-0.98,-5.01,-6.05,-18.98,-26.58,-49.32
TIGERLOGS,29.5,2026-08-24,8.94,11.15,-6.05,-16.76,-7.47,
DBREALTY,105.68,2026-08-24,-2.61,-9.45,-6.06,-8.26,-6.36,-40.03
IPSL,216.0,2026-08-21,0.47,-2.26,-6.09,0.7,-20.88,-38.27
MADHUSUDAN,217.35,2026-08-21,-3.31,-6.66,-6.09,32.45,62.38,54.2
ARISTO,108.0,2026-08-21,0.0,-1.19,-6.09,-11.18,10.2,-2.39
RHIM,374.6,2026-08-24,0.09,-11.52,-6.1,-4.98,-14.92,-22.57
MEDPLUS,676.6,2026-08-24,3.06,-1.41,-6.1,-24.72,-18.97,-17.61
INTELLECT,687.5,2026-08-24,-1.14,-5.54,-6.1,-0.55,-0.41,-28.29
NCLIND,173.38,2026-08-24,0.79,-0.4,-6.11,2.94,-4.91,-18.51
KONTOR,55.95,2026-08-21,-9.76,-6.75,-6.12,-22.56,-29.67,-26.33
EXXARO,6.14,2026-08-24,2.33,-1.29,-6.12,-6.26,-17.25,-23.25
SPAL,941.35,2026-08-24,0.95,-11.85,-6.13,21.25,33.88,28.63
DEEPAKFERT,1476.1,2026-08-24,-1.77,-3.55,-6.17,0.15,48.47,-2.77
RMC,251.5,2026-08-24,-3.16,-24.69,-6.17,-36.57,,
ZENITHSTL,5.47,2026-08-24,-0.18,2.82,-6.17,-3.7,9.62,-31.19
IPL,139.94,2026-08-24,-0.25,-2.1,-6.19,-14.9,-8.14,-37.66
SPMLINFRA,187.0,2026-08-24,-5.08,-0.59,-6.21,-9.41,8.37,-32.89
ADANIGREEN,1308.0,2026-08-24,-1.48,-4.46,-6.24,-3.99,33.29,36.65
FIVESTAR,500.0,2026-08-24,-7.02,-8.52,-6.24,12.62,17.76,-14.77
SUNDROP,644.05,2026-08-24,-1.13,-2.77,-6.26,-4.85,-1.7,-22.59
EFFWA,343.1,2026-08-21,-0.77,-7.92,-6.26,34.44,65.27,53.75
WALCHANNAG,222.25,2026-08-24,-0.74,-6.18,-6.26,-4.14,31.29,20.01
VBL,428.0,2026-08-24,-1.35,-3.93,-6.28,-20.57,-6.46,-16.88
LINC,96.21,2026-08-24,-1.1,-4.22,-6.29,-3.22,-12.31,-27.16
GESHIP,1333.0,2026-08-24,4.56,0.26,-6.3,-19.13,2.52,42.08
RELAXO,377.55,2026-08-24,-3.49,-11.05,-6.3,28.24,6.97,-20.82
HAWKINCOOK,8153.5,2026-08-24,-2.24,-2.73,-6.32,15.03,,
ASHOKA,113.22,2026-08-24,-0.04,-4.03,-6.33,-8.28,-19.34,-37.87
TVSHLTD,13707.0,2026-08-24,-2.59,-6.37,-6.33,1.56,-3.73,14.03
PRIMO,20.92,2026-08-24,-10.14,-12.69,-6.36,-4.56,4.91,-22.4
CENTUM,3359.5,2026-08-24,-0.09,-12.99,-6.38,5.55,21.01,22.72
TOUCHWOOD,63.0,2026-08-24,0.51,-7.2,-6.38,-11.39,-26.0,-43.45
GOACARBON,351.7,2026-08-24,-1.19,-7.65,-6.38,-11.61,-6.14,-24.09
WAAREERTL,872.35,2026-08-24,-2.74,-4.27,-6.4,-8.85,0.76,-18.16
BIRDYS,86.2,2026-08-21,-2.6,-2.6,-6.41,-33.77,-28.79,-29.92
ZEAL,61.3,2026-08-21,-3.46,-10.38,-6.41,-11.16,-29.54,-49.13
JARO,445.2,2026-08-24,-0.87,-2.54,-6.41,-22.91,2.42,
HGM,43.73,2026-08-24,-2.95,-9.37,-6.42,-29.59,-23.06,-38.17
MANBA,129.08,2026-08-24,-1.1,-2.32,-6.43,21.72,6.23,-6.91
VOLTAS,1242.0,2026-08-24,-1.97,-2.04,-6.43,-1.75,-18.99,-7.93
ATMASTCO,146.35,2026-08-21,-0.44,-0.44,-6.46,-21.7,-8.22,-43.46
TINNARUBR,1027.6,2026-08-24,-0.26,-8.32,-6.48,38.84,41.72,22.2
AEROPLANE,175.66,2026-08-24,-3.93,-8.01,-6.48,38.16,,
JUBLPHARMA,902.7,2026-08-24,4.12,-6.23,-6.49,-9.84,3.23,-16.22
FUSION,202.38,2026-08-24,3.48,-1.83,-6.51,13.61,8.35,21.05
LRRPL,86.0,2026-08-21,2.99,1.18,-6.52,-9.95,32.31,3.55
GLOBE,2.0,2026-08-24,0.0,-1.48,-6.54,-16.67,-26.2,-11.11
PROTEAN,554.9,2026-08-24,1.17,-2.12,-6.57,-14.3,-6.58,-34.07
EMMBI,81.76,2026-08-24,-1.53,-4.06,-6.59,-1.05,-9.3,-20.16
MIDWESTLTD,1152.6,2026-08-24,3.84,-2.91,-6.61,-12.47,-11.91,
GICHSGFIN,137.16,2026-08-24,-1.6,-10.56,-6.61,-6.31,-9.03,-20.17
MONEYBOXX,56.0,2026-08-24,-2.08,-8.27,-6.62,-22.91,-14.39,
ARIHANTCAP,76.21,2026-08-24,3.73,0.55,-6.63,13.02,-9.71,-31.67
BORANA,305.75,2026-08-24,-4.78,-10.95,-6.63,-4.51,-23.51,41.03
HITECHGEAR,548.9,2026-08-24,0.85,-2.63,-6.66,-8.51,-12.87,-14.6
KCEIL,84.7,2026-08-21,10.29,0.83,-6.67,-18.2,-32.83,-75.07
CINEVISTA,14.27,2026-08-24,-3.58,-4.03,-6.67,-9.22,-8.7,-18.46
BSE,3312.7,2026-08-24,-0.58,-7.88,-6.68,-20.8,20.73,42.38
MASFIN,292.6,2026-08-24,-4.16,-2.68,-6.68,-4.94,-13.47,-6.21
AIAENG,4276.3,2026-08-24,-2.45,-10.73,-6.69,7.07,10.8,38.32
AVPINFRA,59.2,2026-08-21,-1.82,-3.58,-6.7,-20.11,-44.44,-68.34
MALLCOM,969.25,2026-08-24,1.39,-3.58,-6.7,-5.12,-14.79,-19.88
GENUSPAPER,11.12,2026-08-24,-1.59,-10.83,-6.71,-13.8,-11.68,-38.93
SOUTHWEST,217.99,2026-08-24,-3.66,-5.96,-6.71,-14.21,18.38,64.11
AGARWALFT,36.8,2026-08-21,2.36,-0.14,-6.72,7.45,26.46,-44.16
NLCINDIA,273.1,2026-08-24,-1.64,-4.29,-6.73,-20.76,3.49,18.71
SUBROS,729.3,2026-08-24,-4.32,-6.28,-6.73,0.46,-8.77,-15.92
SPLPETRO,691.4,2026-08-24,-4.43,-0.34,-6.77,1.03,7.61,-11.79
ALPEXSOLAR,815.8,2026-08-21,5.54,0.69,-6.78,-19.55,1.12,-37.65
BALAXI,22.81,2026-08-24,-5.78,-5.74,-6.78,-8.98,13.94,-51.23
TATVA,1605.5,2026-08-24,-4.76,-9.58,-6.79,35.2,30.68,45.15
TARC,122.53,2026-08-24,-1.47,-6.74,-6.79,-6.19,-18.85,-22.76
SURYAROSNI,219.13,2026-08-24,0.18,-10.52,-6.84,-9.8,-0.46,-23.76
SAGCEM,165.33,2026-08-24,-2.18,-3.93,-6.88,-8.79,-15.15,-31.46
LIKHITHA,210.98,2026-08-24,2.09,-6.9,-6.89,3.82,39.44,-15.49
CREATIVEYE,6.2,2026-08-24,-0.16,1.64,-6.91,-10.79,-9.49,-14.25
STALLION,225.15,2026-08-24,-6.54,-11.36,-6.92,34.98,83.98,52.63
SUMIT,50.92,2026-08-24,-4.84,-2.41,-6.94,13.46,23.71,-48.17
AJOONI,3.75,2026-08-24,-1.57,-2.34,-6.95,-9.2,-19.87,-26.61
RUPA,151.82,2026-08-24,1.82,-8.15,-6.97,3.79,7.9,-22.49
FIRSTCRY,193.77,2026-08-24,-7.02,-8.93,-6.98,-17.51,-8.88,-49.51
LICHSGFIN,491.4,2026-08-24,0.61,0.25,-6.99,-7.04,-5.79,-11.04
SAMMAANCAP,149.4,2026-08-24,-2.56,-7.95,-7.0,-7.47,-2.62,22.63
ACI,515.95,2026-08-24,0.12,-0.54,-7.01,-3.09,-9.81,-23.09
BIRLACORPN,889.4,2026-08-24,-1.38,-0.9,-7.02,-10.45,-9.79,-29.92
ENERGYDEV,16.22,2026-08-24,-1.76,-0.12,-7.05,-4.02,-0.49,-21.94
GGBL,238.35,2026-08-21,1.95,-4.62,-7.08,-32.31,-12.36,-46.21
SMSPHARMA,354.1,2026-08-24,-1.12,-4.79,-7.08,-7.17,-7.01,49.39
INNOVANA,319.9,2026-08-24,4.15,-5.42,-7.1,-10.53,-24.53,-37.48
ONELIFECAP,33.75,2026-08-24,-4.69,0.75,-7.1,34.46,111.47,162.65
SANATHAN,448.7,2026-08-24,-3.19,-6.89,-7.1,10.41,8.58,-11.64
KEC,431.35,2026-08-24,-1.15,-9.35,-7.13,-10.04,-26.13,-47.09
PICCADIL,684.65,2026-08-24,-1.55,-10.95,-7.13,20.47,20.12,14.89
ANGELONE,286.0,2026-08-24,-2.56,-2.99,-7.13,-15.46,17.46,15.75
BIMETAL,619.75,2026-08-24,-0.04,-4.94,-7.14,11.84,,
RACE,101.44,2026-08-24,-1.26,-5.73,-7.15,-16.51,-16.14,-54.79
HINDWAREAP,196.73,2026-08-24,-0.46,-8.43,-7.16,-19.04,-13.98,-33.83
FIEMIND,2164.1,2026-08-24,-5.15,-14.78,-7.2,-0.94,-1.86,7.04
NAVNETEDUL,133.58,2026-08-24,-0.71,1.18,-7.22,-5.6,-9.22,-12.4
FIDEL,140.0,2026-08-21,3.02,-0.18,-7.28,-13.39,-1.01,-20.56
KILITCH,166.89,2026-08-24,-3.3,-13.17,-7.29,-8.44,4.27,-17.37
BABAFP,22.25,2026-08-21,0.23,-6.71,-7.29,-12.75,-15.88,-42.21
CUMMINSIND,5190.0,2026-08-24,-4.77,-4.74,-7.33,-2.24,6.57,34.24
ONESOURCE,1531.8,2026-08-24,-1.69,-2.77,-7.38,-16.5,15.79,-17.63
MBLINFRA,23.37,2026-08-24,-4.14,-5.8,-7.41,-6.71,-13.15,-45.31
AHLWEST,532.3,2026-08-24,-5.61,-2.33,-7.42,-22.18,269.27,269.27
PACEDIGITK,180.73,2026-08-24,2.42,1.45,-7.44,-5.01,-1.03,
INDIASHLTR,669.75,2026-08-24,-0.74,4.23,-7.48,-13.53,-4.98,-24.98
HARRMALAYA,200.68,2026-08-24,3.73,-10.17,-7.5,-8.61,5.0,-7.53
SPENCERS,30.58,2026-08-24,-2.21,-4.5,-7.5,-16.79,-7.7,-47.51
HLVLTD,6.53,2026-08-24,-2.97,-9.05,-7.51,-17.76,-19.68,-46.56
NITCO,96.28,2026-08-24,4.04,-0.65,-7.52,0.01,25.3,-23.15
AGIIL,288.3,2026-08-24,-4.38,-3.4,-7.52,-24.75,-2.01,23.01
JASH,469.7,2026-08-24,-2.25,-7.26,-7.54,17.65,19.2,-13.13
DAMCAPITAL,145.96,2026-08-24,-0.29,-3.34,-7.55,-9.27,-7.13,-34.86
RSWM,195.69,2026-08-24,0.6,-4.69,-7.57,13.76,30.98,24.76
BORORENEW,536.55,2026-08-24,-5.85,-2.18,-7.59,5.49,15.5,-5.35
ORIENTLTD,82.5,2026-08-24,8.54,5.1,-7.6,35.78,31.47,-5.22
BANARBEADS,112.67,2026-08-24,0.83,-1.5,-7.61,-0.82,-8.6,5.56
AEGISVOPAK,270.3,2026-08-24,0.3,-2.26,-7.63,30.44,18.74,6.67
VIKASLIFE,1.21,2026-08-24,-1.63,-3.97,-7.63,-15.97,-18.79,-47.39
APS,259.85,2026-08-21,9.41,5.29,-7.63,-28.63,-21.09,-50.01
TTKPRESTIG,587.9,2026-08-24,-0.71,-2.92,-7.63,10.27,9.91,-9.21
THOMASCOTT,283.6,2026-08-24,-5.81,-18.75,-7.64,10.03,-9.64,-24.1
SHRITECH,56.7,2026-08-21,-8.4,-2.24,-7.65,-24.1,-5.81,-30.43
JKCEMENT,5215.5,2026-08-24,-2.33,-3.19,-7.67,-5.8,-6.95,-23.48
PANSARI,327.95,2026-08-24,2.92,1.93,-7.67,26.13,11.41,17.97
MAFATIND,121.56,2026-08-24,-2.13,-4.67,-7.67,-3.62,,
AVG,187.97,2026-08-24,-5.55,-5.47,-7.69,18.64,28.23,-18.67
MCLEODRUSS,49.91,2026-08-24,11.28,-2.96,-7.69,-31.13,20.91,34.78
LUPIN,2188.0,2026-08-24,-3.14,-4.87,-7.7,-3.42,-2.06,11.61
PLATIND,210.26,2026-08-24,-1.84,-7.86,-7.71,-5.19,-6.88,-23.37
AGRITECH,102.05,2026-08-24,-1.39,-5.78,-7.72,-4.18,-17.94,-28.91
RAMAPHO,120.74,2026-08-24,-0.64,0.41,-7.72,-0.66,-6.29,-16.45
ITDC,680.5,2026-08-24,-2.55,-2.18,-7.72,23.72,27.78,24.0
EIHOTEL,299.8,2026-08-24,1.28,-1.11,-7.73,-5.53,-6.02,-25.86
GMRAIRPORT,98.82,2026-08-24,-2.46,-7.04,-7.75,3.1,-2.83,10.35
JSLL,511.3,2026-08-24,-1.16,-5.31,-7.84,-21.31,-22.6,-28.9
SPANDANA,241.0,2026-08-24,-2.63,-4.63,-7.84,-6.62,-3.58,-3.04
SHILCTECH,3921.2,2026-08-24,1.3,-16.29,-7.86,-3.45,4.44,
MUFTI,76.4,2026-08-24,-1.05,-12.13,-7.86,-14.41,-9.96,-35.4
SCHAND,136.06,2026-08-24,-1.31,-3.93,-7.87,-18.52,-9.42,-29.59
RECLTD,327.9,2026-08-24,-3.56,-4.18,-7.87,-1.13,-4.98,-8.22
CONFIPET,72.14,2026-08-24,-0.57,-12.81,-7.87,25.44,128.73,45.81
STERTOOLS,223.45,2026-08-24,0.7,-3.75,-7.87,-3.41,-2.06,-29.7
SUNCLAY,1255.6,2026-08-24,-2.65,1.71,-7.89,-6.18,-6.82,-24.33
INDIANCARD,206.27,2026-08-24,-4.54,-6.25,-7.9,-2.14,-2.62,-23.91
SWSOLAR,191.46,2026-08-24,-5.97,-6.13,-7.92,-3.32,-6.38,-31.29
PANACEABIO,406.2,2026-08-24,-1.68,0.47,-7.93,-2.95,21.53,-0.48
ADVENTHTL,131.0,2026-08-24,-2.89,-9.95,-7.95,-9.25,-33.87,
MBEL,272.7,2026-08-24,-3.74,1.87,-7.96,-7.15,-13.44,-41.38
TIPSMUSIC,643.75,2026-08-24,-1.9,-3.29,-7.96,-5.48,14.73,12.59
JISLJALEQS,27.95,2026-08-24,0.79,-1.24,-7.97,-5.99,-19.78,-43.69
AKASH,24.8,2026-08-24,-2.48,-5.99,-7.98,-12.89,-3.88,-7.32
CCAVENUE,15.03,2026-08-24,-1.18,-14.31,-8.02,8.6,-15.18,-5.53
CROWN,105.2,2026-08-24,-1.72,-3.87,-8.03,-10.33,-16.26,-33.1
ONMOBILE,55.86,2026-08-24,-9.57,-18.23,-8.03,10.33,8.3,6.7
KSCL,768.35,2026-08-24,-0.51,0.66,-8.04,-16.33,-4.18,-33.71
TIMETECHNO,185.05,2026-08-24,-2.4,-10.56,-8.05,6.13,-2.02,-22.39
PNBGILTS,78.62,2026-08-24,-2.14,-2.78,-8.06,-0.92,1.28,-24.04
JPOLYINVST,946.1,2026-08-24,-6.01,-9.09,-8.07,-6.91,-25.93,30.54
QUICKHEAL,140.4,2026-08-24,-6.03,-7.12,-8.07,-28.99,-19.36,-53.5
IEML,40.35,2026-08-21,-0.25,-7.03,-8.09,-23.07,-51.91,-72.65
RAJOOENG,49.93,2026-08-24,-0.48,-3.05,-8.13,-9.25,-19.48,-52.67
ADVAIT,2069.1,2026-08-24,-0.49,-5.39,-8.14,3.07,20.46,
INOXGREEN,176.26,2026-08-24,-2.91,-2.08,-8.14,-2.27,0.28,15.98
BLUESTARCO,1504.0,2026-08-24,-0.27,-0.27,-8.14,-8.8,-22.87,-21.28
NIMBSPROJ,174.45,2026-08-24,-5.19,-1.99,-8.18,-22.68,,
ASTRAMICRO,1664.9,2026-08-24,-2.47,-4.02,-8.19,41.71,80.41,65.41
ALPA,61.66,2026-08-24,-3.23,-9.28,-8.2,-10.84,-5.73,-36.99
INDOFARM,139.75,2026-08-24,-3.02,-7.33,-8.21,9.14,-1.1,-38.09
MANORG,480.5,2026-08-24,7.34,6.94,-8.23,-17.13,14.79,-21.09
APTUS,254.35,2026-08-24,-0.33,0.43,-8.23,-2.3,8.55,-25.28
VERITAAS,33.3,2026-08-21,0.0,0.0,-8.26,-30.63,-46.03,-55.48
GKENERGY,124.37,2026-08-24,0.36,-6.44,-8.27,-0.54,6.4,
SEMAC,293.4,2026-08-24,-5.64,-4.12,-8.28,-4.52,18.74,-46.53
MEIL,261.05,2026-08-24,-3.12,-4.59,-8.29,-17.35,6.59,
GANDHAR,256.62,2026-08-24,4.03,8.36,-8.3,57.63,83.93,73.13
DENTALKART,395.6,2026-08-21,-3.49,-6.16,-8.32,-3.04,-17.87,-35.59
MAXHEALTH,990.5,2026-08-24,-1.32,-7.34,-8.32,-3.03,-8.67,-19.64
INNOVISION,261.4,2026-08-24,-5.6,-7.37,-8.38,-14.67,,
VSTIND,210.65,2026-08-24,-1.79,-4.08,-8.43,-14.58,-6.83,-20.1
SHYAMCENT,4.89,2026-08-24,1.24,-3.55,-8.43,0.2,-5.96,-32.74
ISGEC,783.3,2026-08-24,4.88,-3.0,-8.45,-27.36,-11.43,-22.45
NOVARTIND,1502.2,2026-08-24,-5.47,-6.54,-8.47,10.03,123.46,123.46
IDEAFORGE,796.45,2026-08-24,0.17,-11.28,-8.52,2.64,94.78,59.59
TATACHEM,626.95,2026-08-24,-5.42,-6.27,-8.52,-15.14,-10.34,-32.14
NDRAUTO,743.35,2026-08-24,-7.49,-12.36,-8.54,-7.38,-1.48,-26.18
RICOAUTO,127.17,2026-08-24,-4.31,-10.77,-8.56,6.01,1.44,38.49
SRM,464.05,2026-08-24,-1.58,-9.7,-8.58,-9.97,10.4,-5.2
KSB,791.75,2026-08-24,-0.44,-1.51,-8.58,-3.41,12.0,-1.78
CCL,1081.8,2026-08-24,-4.3,-3.64,-8.6,1.59,1.89,22.91
QUINTEGRA,1.27,2026-08-24,0.0,-4.51,-8.63,-2.31,2.42,-26.16
ADANIENSOL,1555.1,2026-08-24,-2.14,-4.71,-8.64,13.69,49.95,94.35
VILINBIO,41.1,2026-08-21,-4.42,-1.91,-8.67,-15.26,22.14,74.89
SHAH,3.99,2026-08-24,-0.99,2.05,-8.7,-20.62,-16.35,25.08
OSIAHYPER,2.73,2026-08-24,5.81,1.87,-8.7,-32.76,-72.48,-81.05
BPL,49.1,2026-08-24,-2.09,-8.24,-8.7,-9.48,-8.33,-40.25
GRAPHISAD,26.15,2026-08-21,0.58,-3.68,-8.73,-23.54,-29.23,-29.7
ARFIN,83.95,2026-08-24,0.31,-3.67,-8.74,-11.3,18.51,149.29
JIWANRAM,4.7,2026-08-21,-4.08,-6.0,-8.74,-20.34,-12.96,-46.59
JUSTDIAL,664.95,2026-08-24,-2.26,-3.29,-8.78,27.84,13.71,-20.33
UNIINFO,11.31,2026-08-24,-3.25,-7.52,-8.79,-6.99,-19.04,-43.59
LEXUS,13.8,2026-08-24,1.62,-6.06,-8.79,-26.71,-63.91,-53.27
NITIRAJ,200.84,2026-08-24,-1.18,-4.64,-8.8,3.14,-4.06,3.56
SANGAMIND,561.6,2026-08-24,-5.21,-4.22,-8.81,13.7,20.48,55.93
VENUSPIPES,1550.3,2026-08-24,-2.89,-4.28,-8.81,10.68,47.61,18.98
ALLTIME,201.29,2026-08-24,-5.56,-8.06,-8.86,-17.29,-17.96,-36.15
BOMDYEING,110.55,2026-08-24,-2.93,-7.84,-8.86,-12.09,-3.44,-37.75
RTNPOWER,7.86,2026-08-24,-5.87,-9.24,-8.92,-13.82,-5.98,-35.78
EPACKPEB,229.45,2026-08-24,3.57,-8.68,-8.92,21.16,26.99,
POWERICA,517.5,2026-08-24,-7.65,-3.59,-8.93,-6.2,,
SEJALLTD,686.2,2026-08-24,0.59,-4.03,-8.93,-11.69,12.29,22.34
DNAMEDIA,2.54,2026-08-24,-5.58,-5.93,-8.96,-15.05,-25.29,-45.96
ABLBL,85.13,2026-08-24,-5.33,-7.01,-8.96,-16.11,-18.06,-40.07
ADSL,107.56,2026-08-24,-3.15,-6.76,-8.96,-11.99,-9.67,-30.25
HIMATSEIDE,73.25,2026-08-24,3.9,-7.44,-9.03,-4.91,-27.55,-42.32
RKDL,18.11,2026-08-24,-1.36,-4.98,-9.04,-14.21,-6.99,-35.07
PIIND,2475.0,2026-08-24,0.12,-10.05,-9.06,-10.68,-20.06,-35.63
OAL,338.5,2026-08-24,-3.13,-10.53,-9.13,9.18,23.48,-1.38
SAKUMA,1.49,2026-08-24,-6.88,-11.31,-9.15,-14.37,-21.16,-43.77
CMSINFO,248.8,2026-08-24,-2.18,-10.94,-9.16,-18.8,-19.79,-42.97
SHAREINDIA,173.53,2026-08-24,-0.82,3.37,-9.16,22.93,29.91,15.07
IXIGO,167.68,2026-08-24,-2.8,-7.97,-9.17,-2.04,2.0,-40.26
ZYDUSWELL,511.1,2026-08-24,0.19,-0.97,-9.23,4.43,28.35,28.14
MEGASTAR,309.25,2026-08-24,-0.8,-4.45,-9.26,-1.56,44.72,30.24
ASTRAZEN,7232.0,2026-08-24,-5.35,-10.61,-9.26,-15.41,-17.46,-13.86
UMA,14.6,2026-08-21,-6.11,-1.02,-9.32,-23.16,-20.87,-38.53
ISHANCH,47.27,2026-08-24,-0.13,-2.66,-9.34,-23.15,-23.21,-25.37
RUBFILA,66.25,2026-08-24,-1.65,-7.24,-9.35,-16.94,1.15,-6.4
REFEX,286.45,2026-08-24,-5.38,-3.45,-9.35,2.98,21.91,-24.15
RAYMONDREL,593.15,2026-08-24,2.08,-2.29,-9.38,6.74,37.67,-6.73
PGHH,8127.5,2026-08-24,-2.84,-4.18,-9.44,-15.21,-29.28,-37.61
PPAP,262.95,2026-08-24,-6.09,-13.87,-9.45,26.05,20.15,12.78
GVKPIL,2.2,2026-08-24,-5.98,-6.38,-9.47,-29.71,-24.66,-34.52
SPCL,60.5,2026-08-21,-2.42,-8.26,-9.5,-18.79,-26.62,-44.7
TRANSWIND,11.9,2026-08-21,-9.51,-9.51,-9.51,-14.08,-48.37,-12.82
TBI,58.9,2026-08-21,-4.38,-4.69,-9.52,-5.84,-18.19,-35.13
ACEINTEG,17.81,2026-08-24,0.17,-5.67,-9.59,-11.35,-5.42,-26.31
WALPAR,31.5,2026-08-21,-9.61,-9.61,-9.61,-9.22,-30.77,-31.45
WEALTH,849.85,2026-08-24,-3.07,-9.53,-9.61,-7.32,-12.5,-29.06
AFFORDABLE,165.84,2026-08-24,-4.03,-14.41,-9.62,-2.37,-14.95,-58.4
SHRIRAMPPS,76.83,2026-08-24,0.73,-11.64,-9.63,-8.68,-3.56,-14.3
INDIACEM,367.75,2026-08-24,-2.23,-6.27,-9.64,-8.25,-13.62,-2.32
PILITA,8.02,2026-08-24,-1.96,-5.98,-9.68,0.25,-6.31,-44.23
JETKNIT,56.4,2026-08-21,-4.97,-4.97,-9.69,-36.77,-36.77,-48.26
REPCOHOME,350.7,2026-08-24,0.31,-7.92,-9.71,-9.74,-9.6,-3.39
SANOFICONR,4220.6,2026-08-24,-3.26,-6.33,-9.71,-9.49,7.15,-17.0
GPECO,379.0,2026-08-21,0.09,-4.39,-9.72,1.11,9.46,-35.74
SHARDACROP,779.3,2026-08-24,-0.99,-4.1,-9.74,-11.78,-32.24,-17.6
ACCURACY,4.54,2026-08-24,-4.42,-4.82,-9.74,-20.49,-5.61,-36.5
BANKA,81.9,2026-08-24,4.12,-3.48,-9.77,-0.12,37.6,-10.28
MAJESAUT,362.05,2026-08-24,-0.1,-18.42,-9.79,18.33,,
SPARC,195.04,2026-08-24,-1.18,-5.95,-9.8,-7.02,52.97,33.52
QUESTLAB,85.85,2026-08-21,-2.5,-4.29,-9.82,-20.51,-30.03,-13.02
AGROPHOS,26.18,2026-08-24,-0.8,-6.77,-9.85,-12.76,-21.48,-40.52
FAZE3Q,492.85,2026-08-24,1.73,-13.63,-9.89,2.13,0.76,2.0
LAXMIDENTL,194.99,2026-08-24,-2.82,-9.54,-9.91,-21.78,3.96,-44.26
COLPAL,1879.0,2026-08-24,-4.33,-6.96,-9.93,-11.86,-14.99,-16.42
SILVERTUC,180.13,2026-08-24,-8.69,-11.3,-9.95,22.86,26.01,-75.13
INDOCO,219.19,2026-08-24,0.21,-1.0,-9.95,10.1,7.92,-21.54
COCKERILL,8047.5,2026-08-24,-4.41,-15.52,-9.96,30.19,,
NUVOCO,320.6,2026-08-24,-3.17,-5.12,-9.96,-0.09,-4.26,-29.9
DYNAMIC,141.2,2026-08-21,0.53,2.92,-9.98,13.55,10.83,-4.63
SUZLON,47.05,2026-08-24,-3.98,-0.95,-10.0,-12.47,6.62,-19.59
UNITECH,3.94,2026-08-24,-0.25,-3.43,-10.05,-23.2,-20.08,-46.68
KCK,15.2,2026-08-21,2.01,-8.16,-10.06,15.15,-36.8,-62.65
ASTEC,592.7,2026-08-24,2.05,-4.5,-10.07,-23.21,-4.15,-34.33
MAITREYA,111.0,2026-08-21,-3.9,-7.92,-10.09,-35.47,-44.5,-56.46
KISSHT,305.6,2026-08-24,0.33,4.12,-10.16,31.87,,
SHREECEM,24020.0,2026-08-24,-2.1,-7.97,-10.17,-2.83,-9.21,-19.51
SAMHI,159.58,2026-08-24,0.11,-6.02,-10.18,6.33,-1.57,-23.63
BIGBLOC,42.88,2026-08-24,-3.27,-8.63,-10.2,-22.71,-16.02,-26.85
GTPL,54.49,2026-08-24,0.83,-7.68,-10.2,-19.06,-20.83,-52.6
NBIFIN,1988.0,2026-08-24,-3.68,-7.63,-10.28,4.66,6.26,-20.44
RAJTV,10.47,2026-08-24,2.05,1.36,-10.28,-49.1,-74.06,-76.6
JAMNAAUTO,118.82,2026-08-24,-3.66,-7.49,-10.44,3.48,-16.85,18.54
SHANTI,6.33,2026-08-24,0.0,-5.8,-10.47,-3.21,-10.09,-34.27
INDNIPPON,1072.5,2026-08-24,-5.8,-4.61,-10.48,34.9,29.54,36.06
MGEL,14.5,2026-08-24,-1.23,-2.29,-10.49,11.61,31.78,-8.86
SHAKTIPUMP,493.9,2026-08-24,-1.85,-3.23,-10.51,-2.01,-7.94,-41.52
SYLVANPLY,49.3,2026-08-21,0.61,-1.4,-10.53,-8.7,1.96,-30.56
EASEMYTRIP,6.11,2026-08-24,-0.33,-6.57,-10.54,-23.91,-30.25,-31.73
MIRZAINT,31.36,2026-08-24,-0.25,-6.02,-10.55,3.23,-9.7,-5.46
NACLIND,176.02,2026-08-24,1.48,-1.1,-10.56,11.32,30.23,-37.99
NAHARPOLY,244.85,2026-08-24,3.03,-1.07,-10.57,-4.13,3.69,-14.62
ECOSMOBLTY,111.16,2026-08-24,-3.01,-13.75,-10.58,-13.96,-25.77,-61.15
NGLFINE,2864.3,2026-08-24,-1.46,-17.11,-10.59,4.76,27.12,103.67
DCM,79.47,2026-08-24,-3.18,-3.09,-10.61,-3.77,-1.83,-20.75
RPGLIFE,2623.4,2026-08-24,-4.3,-0.55,-10.68,15.49,40.75,12.35
SHREYANIND,122.49,2026-08-24,-5.94,-14.22,-10.7,-18.97,-17.84,-44.79
ANTELOPUS,798.65,2026-08-24,-0.28,0.83,-10.71,14.81,39.17,44.59
VGL,54.59,2026-08-24,-7.94,-10.39,-10.8,-19.05,-18.81,-41.93
PFC,364.0,2026-08-24,-2.78,-5.49,-10.8,-14.67,-11.7,-5.52
KERNEX,1966.8,2026-08-24,12.28,-14.86,-10.81,45.54,78.27,84.31
AGSTRA,1.97,2026-08-24,-2.48,-1.5,-10.86,-16.17,-45.28,-65.8
PRITI,33.63,2026-08-24,-2.69,-7.1,-10.87,-25.03,-27.11,-57.32
SKIL,0.82,2026-08-24,-4.65,-8.89,-10.87,-18.0,-26.13,-55.68
AMIABLE,65.0,2026-08-21,0.0,-10.96,-10.9,0.15,-10.84,-5.93
RELCHEMQ,113.34,2026-08-24,-1.96,-12.86,-10.96,-7.14,-8.45,-32.5
METROBRAND,909.9,2026-08-24,-3.49,-5.92,-10.96,-14.84,-12.6,-21.13
ADFFOODS,272.6,2026-08-24,3.71,3.67,-11.02,-3.55,29.05,19.9
CLCIND,48.09,2026-08-24,-4.03,-10.3,-11.03,67.5,264.59,-82.82
SURANAT&P,16.23,2026-08-24,0.25,-1.81,-11.07,-9.63,-9.88,-14.76
GODREJIND,1184.5,2026-08-24,-3.15,-8.33,-11.09,5.15,12.78,-8.01
NAVKARURB,0.96,2026-08-24,-2.04,-3.03,-11.11,18.52,-32.39,-60.09
BFUTILITIE,515.75,2026-08-24,-5.48,-8.4,-11.14,-6.55,3.71,-36.94
HARIOMPIPE,348.05,2026-08-24,0.46,-13.05,-11.17,1.07,-5.56,-28.98
MOSCHIP,205.84,2026-08-24,-2.78,0.69,-11.2,2.38,3.42,18.34
BTTL,44.28,2026-08-24,0.71,3.22,-11.21,23.03,,
PAGEIND,35560.0,2026-08-24,-4.29,-7.51,-11.22,-9.02,8.25,-20.84
VHLTD,117.13,2026-08-24,1.09,-1.6,-11.26,-14.65,-19.66,-0.74
LORDSCHLO,132.25,2026-08-24,-5.52,-7.15,-11.27,-3.54,11.41,-32.71
DIGISPICE,16.67,2026-08-24,0.3,-6.3,-11.28,-13.49,-16.52,-38.71
EIEL,195.31,2026-08-24,-2.42,-9.42,-11.29,4.47,21.76,-27.19
INTENTECH,80.24,2026-08-24,0.54,0.36,-11.29,-19.41,-20.55,-2.8
PRAMARA,119.75,2026-08-21,12.87,1.91,-11.3,-39.49,-66.88,-50.27
HDIL,1.49,2026-08-24,-2.61,-4.49,-11.31,-25.13,-39.68,-53.0
SARTELE,105.85,2026-08-21,4.91,-8.75,-11.31,-24.55,-52.48,-47.14
KONSTELEC,53.2,2026-08-21,-13.14,-12.93,-11.33,42.82,31.36,-17.65
EUROPRATIK,267.4,2026-08-24,-5.76,-17.25,-11.35,3.0,7.37,
CHEMPLASTS,179.22,2026-08-24,-1.38,0.36,-11.4,-24.51,-31.7,-59.19
K2INFRA,52.3,2026-08-21,4.6,-0.76,-11.43,-3.24,-6.94,-20.27
FINOPB,147.91,2026-08-24,0.65,-6.13,-11.46,18.16,-27.86,-44.18
SCODATUBES,130.03,2026-08-24,0.27,-7.33,-11.5,-4.74,-2.77,-24.01
SYMPHONY,597.75,2026-08-24,-3.67,-7.28,-11.55,-15.19,-28.16,-36.83
STANLEY,136.03,2026-08-24,-0.45,-5.0,-11.58,-14.46,-18.9,-55.86
TVSELECT,439.1,2026-08-24,-2.5,-4.31,-11.59,-5.76,19.08,5.2
NUVAMA,1750.0,2026-08-24,1.09,6.99,-11.62,18.17,38.48,27.75
AVANTIFEED,853.45,2026-08-24,-2.53,-5.57,-11.66,-33.95,-35.32,34.29
NEUEON,14.52,2026-08-24,-17.26,2.98,-11.68,-43.15,34.44,178.16
GANECOS,1068.2,2026-08-24,-3.0,2.96,-11.68,11.78,37.11,-21.33
ASALCBR,725.35,2026-08-24,-1.08,-1.31,-11.7,-9.5,-12.17,-31.08
ZTECH,494.4,2026-08-21,-1.0,-2.75,-11.71,-21.14,-7.5,-6.59
TCC,240.05,2026-08-24,-6.34,-12.37,-11.73,-38.5,,
THERMAX,3984.2,2026-08-24,-3.8,-1.68,-11.74,-10.19,27.07,22.75
TARACHAND,48.53,2026-08-24,2.99,-3.17,-11.75,-15.13,-23.13,-32.67
PSPPROJECT,909.55,2026-08-24,-3.95,-3.84,-11.8,19.16,22.55,35.51
GODREJCP,928.9,2026-08-24,0.1,-9.58,-11.84,-9.1,-23.97,-24.68
SHYAMTEL,13.99,2026-08-24,-7.6,-5.28,-11.9,-28.98,38.38,-1.96
TECILCHEM,8.77,2026-08-24,4.53,2.33,-11.95,-30.78,-32.95,-52.44
AWHCL,381.1,2026-08-24,-1.24,-8.57,-11.96,-18.16,-23.74,-35.57
IBULLSLTD,26.85,2026-08-24,-3.52,-6.77,-12.05,40.8,194.73,59.82
MALUPAPER,31.38,2026-08-24,-1.48,-1.44,-12.05,-2.61,0.06,-17.38
RELIGARE,226.95,2026-08-24,-1.8,-1.15,-12.05,-5.56,7.61,-9.58
RESPONIND,154.67,2026-08-24,-2.73,-8.63,-12.08,-6.69,-12.87,-23.3
SUYOG,746.35,2026-08-24,-8.29,-12.4,-12.24,-7.05,12.61,-14.45
FIBERWEB,26.7,2026-08-24,-0.96,-9.46,-12.26,-10.55,-36.23,-44.49
ROUTE,493.25,2026-08-24,-2.64,-7.53,-12.27,-2.45,0.83,-42.66
VISHWAS,40.05,2026-08-21,4.98,-0.25,-12.27,-21.47,2.56,-33.25
CELLECOR,31.4,2026-08-21,-0.32,0.96,-12.29,-22.47,20.08,-5.71
EMAMIREAL,70.08,2026-08-24,-6.42,-4.25,-12.31,-18.59,4.99,-41.89
VAIBHAVGBL,219.5,2026-08-24,-3.07,-7.36,-12.32,0.74,-3.47,3.48
DENEERS,170.0,2026-08-21,-5.82,-2.66,-12.37,-27.66,5.26,-44.23
SUPREME,39.67,2026-08-24,-2.55,-8.87,-12.37,-18.58,-28.59,-46.49
DBEIL,6.5,2026-08-24,-4.97,-9.85,-12.4,-14.29,-20.49,-50.43
SSFL,230.0,2026-08-21,1.77,-0.41,-12.45,91.35,72.35,46.43
TRUST,24.95,2026-08-21,-4.77,-10.89,-12.46,-26.62,-37.47,-59.35
CEMPRO,1261.4,2026-08-24,-4.57,-0.39,-12.46,46.57,113.91,65.71
SITINET,0.28,2026-08-24,-3.45,-3.45,-12.5,-15.15,-24.32,-44.0
RNBDENIMS,8.11,2026-08-24,-5.48,-10.49,-12.51,-25.25,-87.79,
PGHL,5873.5,2026-08-24,0.63,-1.55,-12.52,5.77,13.81,-8.07
HOMESFY,107.45,2026-08-21,-9.74,-9.74,-12.54,-4.91,-33.07,-60.83
GRCL,531.2,2026-08-21,5.19,6.45,-12.55,-3.51,36.21,36.21
LGHL,178.2,2026-08-24,0.33,-9.91,-12.61,-22.3,-36.59,-37.46
VASWANI,45.89,2026-08-24,-4.32,-12.71,-12.62,-14.85,-23.32,-11.32
GLOSTERLTD,597.0,2026-08-24,-3.67,-9.53,-12.67,-3.53,6.65,-8.68
FAIRCHEMOR,670.0,2026-08-24,-2.53,-10.67,-12.77,9.29,16.27,-18.61
MINDTECK,169.08,2026-08-24,-3.63,-11.82,-12.86,-15.17,-18.97,-14.85
MAXPOSURE,30.15,2026-08-21,-8.5,-10.0,-12.86,-19.92,-11.58,-52.07
DSSL,1080.1,2026-08-24,-6.69,-14.23,-12.9,-37.7,16.03,7.85
SAHAJSOLAR,108.35,2026-08-21,2.95,-0.69,-12.94,-22.16,-22.8,-57.83
IONEXCHANG,370.1,2026-08-24,-1.16,-4.03,-12.94,-6.32,-1.52,-16.51
BEACON,84.6,2026-08-21,-3.86,-6.83,-12.96,-12.78,-1.17,42.3
RVHL,39.92,2026-08-24,-7.27,-8.63,-12.97,1.71,2.81,-9.27
ZOTA,1094.5,2026-08-24,-1.52,-13.96,-13.02,-8.23,-12.35,-13.74
SANGINITA,53.6,2026-08-24,-5.47,-7.46,-13.03,102.57,268.38,430.17
TAC,417.85,2026-08-21,-4.94,-15.4,-13.07,1.93,-17.41,-59.63
RAJESHEXPO,77.29,2026-08-24,-6.42,-5.67,-13.09,-28.06,-50.38,-58.43
TORNTPOWER,1246.3,2026-08-24,-5.07,-7.19,-13.1,-16.54,-18.89,-1.44
MANDEEP,17.5,2026-08-21,-11.17,-12.5,-13.15,-18.6,-6.42,-37.05
ALLETEC,119.75,2026-08-21,-9.72,-10.93,-13.22,-21.71,-30.2,-61.46
JITFINFRA,316.35,2026-08-24,3.31,-8.05,-13.42,11.18,-17.27,7.58
KITEX,127.16,2026-08-24,-1.28,-7.81,-13.52,-19.45,-33.04,-35.53
PLADAINFO,9.9,2026-08-21,8.79,-1.0,-13.54,-10.81,-15.02,-48.57
NELCAST,116.17,2026-08-24,-0.66,-6.88,-13.61,-14.35,1.44,-28.72
GODAVARIB,240.85,2026-08-24,-1.93,0.31,-13.64,-24.08,-11.74,-8.04
MAPMYINDIA,961.7,2026-08-24,-3.03,-2.37,-13.66,12.06,-10.31,-44.23
JAINREC,294.3,2026-08-24,-2.52,-2.65,-13.7,-23.53,-20.25,
MODINATUR,353.75,2026-08-24,-7.07,-11.55,-13.74,-23.52,16.48,
CLEANMAX,1256.4,2026-08-24,1.33,-2.76,-13.76,12.18,,
SFL,656.15,2026-08-24,-2.81,-2.55,-13.89,2.9,18.2,-6.31
CAMLINFINE,107.15,2026-08-24,-6.1,-13.85,-13.91,-11.19,-23.68,-49.99
SERVOTECH,82.26,2026-08-24,-0.35,-3.36,-13.99,-11.36,10.43,-34.08
PARTYCRUS,77.35,2026-08-21,-7.37,-13.09,-14.06,-23.42,-7.92,-3.07
BCONCEPTS,160.3,2026-08-24,2.03,-6.21,-14.06,-24.77,-38.33,-45.66
RKEC,22.97,2026-08-24,-1.88,-13.65,-14.07,-27.24,-49.28,-63.6
OMAXAUTO,192.1,2026-08-24,-0.36,-3.42,-14.08,-10.33,83.61,26.08
LLOYDS,64.0,2026-08-21,1.75,-3.25,-14.09,-31.29,16.68,-27.27
SOMATEX,86.79,2026-08-24,-4.63,-7.9,-14.12,-13.22,-25.92,0.17
VIKRAN,61.32,2026-08-24,-1.95,-15.42,-14.15,-5.37,-10.68,
BEWLTD,50.65,2026-08-21,-1.46,-3.62,-14.15,-13.05,-51.11,-68.46
AURIONPRO,708.6,2026-08-24,-1.96,-2.93,-14.16,-13.48,-20.95,-47.64
EPACK,201.29,2026-08-24,-4.47,-12.97,-14.19,-13.61,-20.01,-47.73
PNCINFRA,204.33,2026-08-24,-5.04,-2.88,-14.22,-5.1,-4.04,-33.77
ASCOM,221.95,2026-08-21,-4.99,-9.72,-14.22,-15.61,21.28,146.61
HUHTAMAKI,273.35,2026-08-24,-2.06,-3.99,-14.22,62.05,57.26,28.21
SHREEKARNI,351.65,2026-08-21,9.19,-12.67,-14.23,-19.68,-16.28,-31.26
SCHNEIDER,1158.4,2026-08-24,-4.44,-18.7,-14.36,-11.41,29.17,34.62
TARAPUR,15.55,2026-08-24,8.51,9.2,-14.37,-27.67,-40.33,-34.77
GOLDTECH,50.18,2026-08-24,4.45,-5.12,-14.54,22.99,23.11,-28.04
STYRENIX,2076.4,2026-08-24,-4.82,-8.32,-14.55,-5.67,9.5,-18.34
SABEVENTS,132.6,2026-08-21,0.0,0.0,-14.56,-21.17,-61.63,10.68
RAJVIR,5.32,2026-08-24,-5.0,-5.67,-14.61,-30.46,-30.46,-49.33
BLUECOAST,23.05,2026-08-24,-3.96,-12.02,-14.63,-27.95,-4.2,-68.6
AKG,8.92,2026-08-24,-0.67,3.96,-14.72,-20.14,-36.1,-29.37
AGNI,15.3,2026-08-21,-3.77,-10.53,-14.76,-23.5,-18.62,-32.89
SIGNPOST,263.1,2026-08-24,-1.66,-1.72,-14.96,-9.35,8.48,-7.03
DIL,0.68,2026-08-24,-4.23,-8.11,-15.0,-29.17,-50.0,-64.4
ANUP,1789.6,2026-08-24,-2.45,-3.51,-15.02,-8.92,10.46,-21.24
DBSTOCKBRO,29.2,2026-08-24,-10.18,-11.0,-15.07,-2.21,14.69,14.51
ASIANTILES,45.4,2026-08-24,-5.36,-15.68,-15.09,-27.16,-34.87,-26.83
CMICABLES,2.53,2026-08-24,-1.94,-6.3,-15.1,-24.02,-42.89,-20.69
SOLEX,796.25,2026-08-24,0.92,-11.86,-15.11,-38.73,-16.82,-43.16
CEWATER,253.15,2026-08-24,-7.95,-8.15,-15.15,-7.31,-21.72,-54.01
DELAPLEX,83.15,2026-08-21,-7.61,-4.97,-15.15,-33.48,-21.59,-36.58
TRU,4.14,2026-08-24,-7.59,-6.76,-15.16,-32.13,-36.6,-60.94
KPEL,256.75,2026-08-24,5.33,-11.95,-15.21,-28.53,-11.22,-40.8
MAXIND,154.37,2026-08-24,2.69,-8.9,-15.23,-0.13,-0.87,-29.67
LAKPRE,4.28,2026-08-24,-6.14,-13.36,-15.25,-30.86,-10.08,-34.76
J&KBANK,146.21,2026-08-24,-1.19,-5.76,-15.27,4.41,32.86,42.2
NIBL,31.31,2026-08-24,-4.31,-4.72,-15.33,2.39,0.97,19.96
ZENITHDRUG,42.65,2026-08-21,-5.22,-6.06,-15.38,6.76,-9.06,-43.77
TIPSFILMS,346.2,2026-08-24,1.36,-10.5,-15.39,-8.41,-11.68,-25.87
BHARATGEAR,101.78,2026-08-24,-0.25,-5.47,-15.41,-6.47,-5.01,8.75
XPROINDIA,1172.5,2026-08-24,6.23,9.77,-15.42,2.03,34.25,5.34
MUTHOOTMF,211.33,2026-08-24,1.54,-3.26,-15.51,17.22,18.81,32.64
CELLPOINT,15.25,2026-08-21,-10.56,-8.13,-15.51,-6.44,0.33,-16.44
BUTTERFLY,642.8,2026-08-24,-2.0,-5.97,-15.63,-3.26,7.04,-12.5
BAJAJCON,463.2,2026-08-24,-3.78,-15.33,-15.75,-18.99,15.17,104.49
ATAM,55.5,2026-08-24,-8.52,-14.67,-15.76,-23.98,-15.51,-40.34
ESSARSHPNG,16.98,2026-08-24,6.19,-15.18,-15.82,-28.45,-35.14,-31.56
PRAENG,18.87,2026-08-24,-4.7,-5.08,-15.83,-11.7,-15.38,-16.36
LAGNAM,75.96,2026-08-24,-2.54,-7.51,-15.89,-6.38,2.5,-9.97
ASHAPURMIN,585.8,2026-08-24,-4.31,-9.14,-15.96,-13.26,10.28,20.04
INA,94.51,2026-08-24,-3.96,-12.39,-16.04,-31.58,,
DENTA,282.55,2026-08-24,-1.57,-16.02,-16.07,0.57,12.48,-33.27
DAVANGERE,2.87,2026-08-24,-10.31,-6.82,-16.08,-34.77,-33.1,-13.81
REPRO,311.95,2026-08-24,-4.06,-11.95,-16.12,-15.35,-22.09,-35.31
HSCL,662.2,2026-08-24,-15.9,-14.23,-16.13,12.78,35.83,41.25
ICEMAKE,726.05,2026-08-24,0.5,-11.18,-16.13,-8.51,-11.65,-1.88
DHTL,31.45,2026-08-21,-0.32,-10.14,-16.13,-38.33,-29.48,-32.29
ORIANA,1192.05,2026-08-21,-4.33,-16.13,-16.22,-35.84,-43.86,-49.51
DUGLOBAL,23.8,2026-08-21,-0.83,-4.03,-16.34,-37.78,-41.81,-46.15
GIRIRAJ,83.5,2026-08-21,21.37,54.63,-16.37,-47.03,-41.81,-74.46
RADIOWALLA,25.0,2026-08-21,-0.2,-4.03,-16.39,-20.13,-51.92,-59.68
KRIDHANINF,2.04,2026-08-24,-6.85,-11.3,-16.39,-36.05,-41.21,-50.49
FDC,344.3,2026-08-24,-2.82,-4.45,-16.62,-7.76,-6.66,-26.54
COASTCORP,41.33,2026-08-24,-0.34,-2.58,-16.67,-28.18,-10.46,25.37
RITEZONE,17.95,2026-08-21,-1.64,-6.02,-16.71,-14.11,-8.18,-31.88
SATIN,223.63,2026-08-24,-2.23,-1.44,-16.83,6.45,44.5,58.84
MADHAVBAUG,169.95,2026-08-21,-1.76,-10.55,-16.89,-12.13,-24.45,-41.14
NARMADA,14.5,2026-08-24,0.35,6.07,-16.95,-22.89,-10.85,32.12
BOROSCI,126.29,2026-08-24,-4.82,-8.24,-16.96,-9.06,19.97,-9.63
CEINSYS,720.9,2026-08-24,-7.89,-14.43,-17.14,-20.32,-24.39,
NINSYS,717.2,2026-08-24,-2.47,-3.17,-17.24,11.26,120.07,63.86
SRGHFL,256.0,2026-08-24,-3.89,-10.82,-17.29,-12.42,-6.42,-18.04
ARENTERP,36.56,2026-08-24,-4.69,-0.49,-17.36,-4.59,-13.16,-21.68
OSWALPUMPS,296.75,2026-08-24,-2.38,-3.12,-17.37,-17.18,-8.03,-66.04
HECPROJECT,115.01,2026-08-24,-4.07,-14.77,-17.53,-7.68,-0.84,-26.97
SHRENIK,0.28,2026-08-24,-9.68,-12.5,-17.65,-26.32,-28.21,-50.0
KPIGREEN,321.15,2026-08-24,5.96,-13.03,-17.7,-24.75,-16.74,-38.01
KORE,127.55,2026-08-21,-15.75,-25.19,-17.71,9.44,3.07,-0.12
FCONSUMER,0.23,2026-08-24,-4.17,-8.0,-17.86,-32.35,-36.11,-47.73
MORARJEE,10.18,2026-08-24,-0.1,-4.68,-17.9,7.16,43.38,14.64
GVPIL,650.5,2026-08-24,-11.03,-13.19,-17.98,-10.27,37.37,75.31
NITTAGELA,1563.6,2026-08-24,-1.6,-7.02,-18.09,10.45,,
PRECOT,670.15,2026-08-24,-4.05,-12.72,-18.24,-8.06,43.13,36.63
ORCHASP,1.29,2026-08-24,-7.86,-15.13,-18.35,-35.5,-50.76,-53.93
GREENPANEL,158.12,2026-08-24,-6.76,-16.81,-18.38,-18.54,-24.34,-40.04
KKVAPOW,407.45,2026-08-21,-4.99,-9.74,-18.4,-33.53,-38.73,-44.07
CADSYS,50.8,2026-08-21,0.0,0.0,-18.46,-27.89,4.74,-23.38
FLFL,1.14,2026-08-24,-5.0,-5.79,-18.57,-27.39,-2.56,-26.45
SURYODAY,157.12,2026-08-24,2.02,-2.6,-18.63,-0.63,36.04,20.76
EIFFL,259.95,2026-08-24,-0.4,-8.06,-18.77,11.36,8.86,9.23
WEBELSOLAR,80.87,2026-08-24,-2.33,-14.41,-18.94,-25.04,32.36,-38.98
BAWEJA,23.35,2026-08-21,-4.69,-6.04,-19.2,-23.44,-18.78,-61.37
LCCINFOTEC,3.53,2026-08-24,-7.59,-4.59,-19.41,-21.73,-24.89,-21.56
WTICAB,102.25,2026-08-21,-2.76,-9.11,-19.46,23.27,-11.89,-41.57
HARDWYN,9.1,2026-08-24,-16.89,-19.18,-19.47,-50.37,-24.08,-8.48
WANBURY,267.25,2026-08-24,6.6,8.57,-19.48,-5.72,1.51,-11.32
VEEKAYEM,102.9,2026-08-21,-9.74,-16.31,-19.61,-23.35,-30.73,-64.21
EVERESTIND,420.4,2026-08-24,-6.51,-12.76,-19.66,4.05,6.82,-31.23
RAMCOSYS,570.05,2026-08-24,-4.06,-14.89,-19.82,21.31,23.12,31.17
BGRENERGY,233.1,2026-08-24,-7.21,-10.64,-19.92,-21.12,-29.56,34.97
SONUINFRA,35.0,2026-08-21,-4.11,-15.56,-20.45,-33.33,-51.46,-68.35
THANGAMAYL,5493.5,2026-08-24,2.94,2.7,-20.46,44.31,47.07,160.39
TECHLABS,113.55,2026-08-21,-5.37,-7.15,-20.48,-50.46,-39.02,-78.98
TRANSTEEL,92.5,2026-08-21,15.55,-18.14,-20.6,-28.85,-33.52,-30.22
SYNOPTICS,60.6,2026-08-21,-9.69,-14.65,-20.63,20.0,-4.04,-38.16
SKMEGGPROD,256.8,2026-08-24,-1.01,2.81,-20.92,41.83,50.81,54.85
WAAREEINDO,278.8,2026-08-24,-7.17,-10.43,-20.94,-29.13,-26.84,-29.79
JAYBARMARU,126.81,2026-08-24,-0.18,-3.68,-20.99,6.81,22.05,53.05
TERASOFT,310.45,2026-08-24,-7.8,-23.85,-21.15,-8.79,-23.49,7.64
GREAVESCOT,192.6,2026-08-24,-1.24,-1.27,-21.17,14.59,25.67,-6.9
MONOPHARMA,8.45,2026-08-21,3.05,11.18,-21.4,-26.52,-32.94,-65.37
AHLUCONT,649.6,2026-08-24,-18.17,-21.73,-21.52,-19.44,-19.7,-30.26
NAGAFERT,2.15,2026-08-24,-4.87,-9.28,-21.82,-43.86,-51.25,-62.93
TRIDHYA,8.2,2026-08-21,0.0,-9.39,-21.9,-8.89,-39.26,-53.41
MAKS,14.05,2026-08-21,-9.35,-14.07,-22.16,-45.96,-49.91,-47.96
KRISHNADEF,1018.4,2026-08-24,-4.15,-14.15,-22.66,-7.22,1.78,27.8
RHETAN,21.81,2026-08-24,2.49,-35.4,-23.07,-25.0,-18.1,
KDL,88.45,2026-08-21,-3.65,-12.73,-23.12,-34.46,-36.23,-67.04
CBAZAAR,5.0,2026-08-21,0.0,-4.76,-23.66,28.21,7.53,9.89
IZMO,841.25,2026-08-24,-8.19,-13.94,-23.83,19.5,4.28,43.18
PRAXIS,5.27,2026-08-24,-10.22,-22.5,-23.95,-27.61,-35.42,-60.05
DJML,86.92,2026-08-24,-19.1,-21.9,-24.01,-10.27,-6.37,-16.83
HLEGLAS,313.6,2026-08-24,-0.32,-33.91,-25.15,-3.42,-0.51,-39.94
GAUDIUMIVF,113.63,2026-08-24,-5.91,-11.47,-25.19,-1.25,,
VSCL,21.65,2026-08-21,-4.84,-9.98,-25.34,8.52,-6.07,-27.83
SOLARWORLD,150.13,2026-08-24,-2.33,-9.86,-25.65,-32.09,-24.92,
GSTL,13.9,2026-08-21,-7.33,-8.55,-25.67,-18.71,-44.62,12.1
MDL,52.0,2026-08-21,-7.14,-18.43,-25.71,4.21,-1.79,-41.57
NIRMAN,29.05,2026-08-21,-7.34,-11.97,-26.73,-39.6,-46.2,-80.25
ASTRON,3.02,2026-08-24,-10.65,-17.49,-27.05,-25.43,-26.16,-78.66
DIGIKORE,36.25,2026-08-21,-2.42,5.53,-27.35,-27.93,-56.97,-74.44
DEEM,40.2,2026-08-21,-1.23,-9.87,-27.44,18.24,0.5,-34.63
TVVISION,3.4,2026-08-24,-13.92,-20.0,-27.66,-35.36,-43.14,-48.25
KLL,21.8,2026-08-21,-3.11,-6.84,-27.69,-38.94,-49.18,-71.58
QUICKTOUCH,16.7,2026-08-21,-7.99,-24.09,-27.86,-36.86,-48.69,-66.16
TGL,15.55,2026-08-21,-18.37,-26.65,-28.34,-25.06,-65.79,-85.33
TIRUPATI,332.0,2026-08-21,-2.35,-2.35,-28.39,-32.18,-36.59,-33.6
AASTHA,73.01,2026-08-24,-0.27,-0.68,-28.85,,,
PHANTOMFX,128.1,2026-08-21,4.66,-13.77,-29.48,-26.95,-39.82,-53.42
SHANTHALA,16.5,2026-08-21,-9.34,-4.35,-29.64,-31.39,-52.52,-56.75
PARSVNATH,1.37,2026-08-24,-6.8,-15.43,-29.74,-68.36,-79.08,-91.17
GOLDKART,84.0,2026-08-21,-6.93,-16.0,-37.78,-44.61,-64.71,-59.97
OWAIS,61.15,2026-08-21,-18.41,-31.45,-38.42,-54.13,-71.67,-87.53
GENESYS,178.55,2026-08-24,4.51,-19.12,-40.02,-35.63,-41.71,-70.06
FLEXITUFF,2.67,2026-08-24,-12.17,-23.93,-41.7,-61.8,-74.4,-87.36
SUMEETINDS,13.18,2026-08-24,-6.39,-19.73,-54.19,-55.73,-40.63,-41.81
POLYSIL,55.05,2026-08-21,-18.38,-30.1,-55.06,-62.98,-72.06,-63.39
MVKAGRO,177.3,2026-08-21,-18.5,-30.25,-56.32,-63.45,-64.32,-42.82
BURNPUR,13.49,2026-08-24,-22.52,-59.12,-59.12,-59.12,-59.12,-59.12
AILIMITED,16.35,2026-08-21,-4.11,-54.39,-60.74,-61.07,-45.77,-63.05
GSMFOILS,92.25,2026-08-21,-0.65,-23.0,-67.34,-53.96,-54.44,-60.17
INDOTHAI,56.68,2026-08-24,-22.6,-40.1,-73.8,-77.57,-77.52,-65.69
IVZINNIFTY,277.7,2026-08-24,-0.54,-1.7,-89.82,-89.73,-90.44,-90.24
