ticker,last_close,last_date,1W,2W,1M,3M,6M,12M
NV20,11807.6,2026-07-28,84542.29,83228.15,83404.95,81954.2,7502.6,8019.65
VIJIFIN,9.63,2026-07-28,1.9,12.24,76.37,150.13,291.46,157.49
SHARDUL,48.39,2026-07-28,-4.99,-10.19,66.69,69.2,,
KABRAEXTRU,399.3,2026-07-28,-1.36,13.55,62.97,57.66,96.1,41.4
KALYANKJIL,608.35,2026-07-28,7.75,6.73,61.02,47.43,65.33,2.23
TBZ,291.1,2026-07-28,3.88,13.88,56.78,97.99,77.32,57.74
DIACABS,321.39,2026-07-28,4.63,31.39,55.8,97.33,154.28,90.78
NILKAMAL,1947.6,2026-07-28,9.71,31.92,54.93,50.08,42.19,10.81
SANGINITA,64.11,2026-07-28,1.99,12.55,54.22,216.75,458.45,531.63
ACCORD,202.35,2026-07-27,0.0,-0.07,51.86,340.37,633.15,789.45
TIRUPATIFL,73.34,2026-07-28,-2.62,4.83,51.65,61.93,121.5,91.39
HUHTAMAKI,298.51,2026-07-28,-4.51,19.5,51.53,67.74,59.51,42.43
CLSL,64.1,2026-07-27,6.66,36.38,49.07,39.5,23.63,12.75
VELJAN,1795.0,2026-07-28,-0.52,5.01,48.09,73.6,,
UNIVASTU,125.48,2026-07-28,0.48,7.09,47.36,83.56,97.61,44.73
CYIENTDLM,681.95,2026-07-28,2.54,14.41,46.66,73.72,93.32,53.59
TATVA,1718.2,2026-07-28,-4.55,0.26,45.52,29.15,47.12,51.62
AEROPLANE,185.28,2026-07-28,-2.1,-4.03,45.5,37.44,,
DPABHUSHAN,1384.0,2026-07-28,-2.01,-3.51,45.19,23.42,6.77,-15.88
SEL,264.5,2026-07-27,13.28,15.5,44.3,55.59,39.21,5.82
MPSLTD,2609.9,2026-07-28,-2.87,26.6,43.79,53.22,39.94,18.62
SUPREMEENG,1.98,2026-07-28,1.54,10.0,43.48,88.57,48.87,39.44
CHAVDA,126.55,2026-07-27,6.12,21.16,42.19,20.52,15.41,4.24
BLUESTONE,757.25,2026-07-28,-7.74,24.06,42.03,47.18,70.4,
MENONBE,226.55,2026-07-28,4.18,9.05,41.39,88.12,87.81,72.7
KONSTELEC,62.0,2026-07-27,-1.2,5.62,41.39,46.57,45.03,-5.34
CNL,1033.4,2026-07-28,1.32,11.01,41.25,69.91,48.86,58.32
MBAPL,161.2,2026-07-28,-1.68,10.75,39.76,53.22,99.78,95.32
KCPSUGIND,30.91,2026-07-28,-3.65,42.38,39.67,21.22,36.83,-7.75
UYFINCORP,19.49,2026-07-28,3.23,14.24,39.02,35.72,56.04,6.91
FILATEX,72.89,2026-07-28,-2.34,0.58,38.26,60.98,67.87,25.9
WALPAR,34.85,2026-07-27,0.0,1.01,38.02,-8.53,-24.07,-29.09
ASAHISONG,352.9,2026-07-28,3.84,30.27,37.87,50.61,53.87,-17.93
PFOCUS,289.23,2026-07-28,0.51,1.8,37.77,-6.64,31.15,107.33
LODHA,1301.4,2026-07-28,8.57,9.51,37.36,47.4,40.07,8.52
STALLION,249.69,2026-07-28,-2.27,15.01,37.15,55.62,25.59,116.24
UNIHEALTH,786.25,2026-07-27,9.66,6.26,36.74,56.03,196.7,367.73
GANDHAR,237.93,2026-07-28,-3.07,4.21,35.84,69.28,56.27,45.3
JUSTDIAL,728.3,2026-07-28,1.34,-2.55,35.45,36.59,9.21,-14.89
MAPMYINDIA,1136.15,2026-07-28,0.36,3.57,35.15,22.25,-13.79,-38.44
ECLERX,1897.7,2026-07-28,4.75,1.08,35.12,30.96,-14.18,0.59
GAUDIUMIVF,145.9,2026-07-28,-2.0,-1.43,34.31,19.82,,
MORARJEE,11.83,2026-07-27,-4.6,15.64,33.98,67.09,72.95,58.79
SKYGOLD,668.5,2026-07-28,-0.47,1.54,33.93,53.17,113.17,118.68
CELLPOINT,20.05,2026-07-27,31.48,26.9,33.67,17.6,19.35,9.26
FAIRCHEMOR,846.8,2026-07-28,5.0,20.85,33.67,51.42,32.32,-4.31
GANECOS,1184.35,2026-07-28,-2.29,-0.65,33.09,14.1,75.49,-19.88
KODYTECH,1345.3,2026-07-27,9.07,6.5,32.85,86.24,78.9,84.31
SWARAJ,354.4,2026-07-27,-1.53,3.43,32.83,22.0,43.37,79.99
IKIO,207.53,2026-07-28,-0.22,-3.19,32.67,40.53,39.13,3.46
SHAREINDIA,179.21,2026-07-28,-4.87,-1.06,32.56,23.5,22.66,4.88
TAC,515.1,2026-07-27,6.63,17.82,32.42,4.55,-19.63,-41.92
KCK,17.3,2026-07-27,3.28,8.12,32.06,35.69,-18.01,-57.7
OPTIEMUS,619.2,2026-07-28,1.43,2.01,31.94,47.38,54.88,9.2
GSPCROP,546.4,2026-07-28,-1.83,11.53,31.84,32.81,,
SPECTRUM,2357.3,2026-07-28,7.0,22.01,31.76,105.63,90.92,46.37
MARC,115.55,2026-07-27,7.19,25.26,31.61,25.8,149.03,
COUNCODOS,6.3,2026-07-28,-0.32,-4.55,31.52,19.54,17.32,-7.62
SIKKO,5.02,2026-07-28,0.0,3.72,31.07,5.68,21.26,41.63
PICCADIL,737.85,2026-07-28,-2.54,-1.83,30.65,9.33,25.06,23.67
BNALTD,444.0,2026-07-28,-4.91,-15.75,30.57,4.94,,
SUMIT,52.15,2026-07-28,0.19,4.59,30.05,-4.28,3.62,-40.0
SHALPAINTS,67.7,2026-07-28,-2.69,15.18,29.92,28.83,4.41,-18.67
NURECA,311.76,2026-07-28,-1.25,10.37,29.74,17.1,9.05,29.36
CBAZAAR,6.35,2026-07-27,-1.55,2.42,29.59,32.29,67.11,29.59
SENCO,418.65,2026-07-28,0.17,14.39,29.39,31.84,33.12,24.25
ARIHANT,1088.4,2026-07-28,0.65,26.46,28.95,17.77,2645.02,2645.02
UNIVPHOTO,471.6,2026-07-28,-3.57,7.56,28.85,5.48,143.08,78.35
VERTEXPLUS,48.3,2026-07-27,0.0,0.0,28.8,-45.73,-49.69,-64.12
THANGAMAYL,7168.5,2026-07-28,-1.93,12.58,28.5,81.17,100.03,299.23
SSWL,294.92,2026-07-28,0.33,6.73,28.3,41.58,54.21,27.26
RPGLIFE,2888.7,2026-07-28,-1.35,-4.26,28.15,42.6,48.66,29.94
SHREEJISPG,615.85,2026-07-28,-2.44,0.0,28.0,55.46,98.71,
AARNAV,31.3,2026-07-28,-1.04,-0.7,27.81,33.53,,
RULKA,111.05,2026-07-27,-1.73,-5.81,27.79,1.32,4.81,-16.69
CONSOFINVT,287.54,2026-07-28,0.89,1.59,27.73,27.72,69.76,46.35
CLCIND,56.75,2026-07-27,5.0,10.24,27.56,128.74,-79.73,-79.73
SIGNORIA,135.0,2026-07-27,3.85,-9.85,27.54,109.95,39.82,26.17
PNGJL,679.35,2026-07-28,-1.41,15.12,27.54,1.3,21.97,16.46
MASTER,441.0,2026-07-27,-5.16,5.18,27.44,29.98,42.56,12.1
BAFNAPH,247.76,2026-07-28,2.0,8.19,27.27,86.33,117.56,177.79
ASHIKAG,490.3,2026-07-28,14.12,22.67,27.15,24.35,,
3IINFOLTD,21.97,2026-07-28,6.24,17.36,27.07,23.84,45.11,-5.91
FROG,213.5,2026-07-27,15.69,26.59,27.05,29.79,52.72,-10.24
ZSARACOM,12180.0,2026-07-28,-1.32,-5.46,27.01,21.89,,
CUPID,231.83,2026-07-28,4.68,11.85,26.95,107.86,191.83,674.88
SCANSTL,50.51,2026-07-28,4.64,7.74,26.88,39.34,,
KAMDHENU,35.8,2026-07-28,-2.61,6.36,26.82,55.99,62.51,22.61
NAUKRI,1236.15,2026-07-28,3.5,4.07,26.68,23.43,-4.4,-11.68
KORE,177.2,2026-07-27,15.44,24.79,26.62,34.14,32.44,34.8
JINDWORLD,39.03,2026-07-28,-1.01,23.71,26.56,47.34,54.09,-1.84
SMVD,14.6,2026-07-27,0.0,4.66,26.41,26.96,56.99,33.94
KECL,142.93,2026-07-28,4.08,17.51,26.31,11.35,77.44,10.88
GCSL,519.6,2026-07-28,-2.17,0.04,26.3,46.5,72.29,
SETL,269.7,2026-07-28,-4.63,-6.37,26.05,90.3,129.96,52.58
ORIENTLTD,89.85,2026-07-28,-8.73,27.52,26.0,42.03,41.47,6.75
HEG,651.05,2026-07-28,-0.22,10.17,25.9,-0.67,15.01,27.62
ONDOOR,253.6,2026-07-27,11.23,26.8,25.89,67.01,113.56,37.64
LXCHEM,196.0,2026-07-28,1.53,11.21,25.86,30.47,36.13,-4.12
AEGISVOPAK,292.46,2026-07-28,-3.63,4.07,25.51,47.01,37.64,18.04
MAJESAUT,427.8,2026-07-28,-0.31,1.57,25.49,35.9,,
BLSE,282.63,2026-07-28,-1.97,3.58,25.47,51.67,72.14,56.8
LOTUSDEV,188.88,2026-07-28,0.49,33.97,25.34,28.24,20.02,
EMAMIPAP,106.67,2026-07-28,-5.0,12.78,25.13,36.65,26.33,12.7
E2E,515.4,2026-07-28,-5.0,21.23,25.01,73.03,148.22,153.55
UJJIVANSFB,70.12,2026-07-28,-2.03,6.87,24.9,25.06,11.16,60.13
KISSHT,342.8,2026-07-28,0.16,8.24,24.61,,,
FERMENTA,456.45,2026-07-28,3.26,2.83,24.59,45.92,,
JFLLIFE,11.25,2026-07-27,2.27,6.13,24.31,17.8,11.94,-27.42
RADHIKAJWE,68.87,2026-07-28,1.23,6.56,24.25,5.23,0.55,-32.6
TFCILTD,97.04,2026-07-28,2.36,17.28,23.71,33.57,51.86,76.56
UTLSOLAR,382.55,2026-07-28,-0.48,1.58,23.6,25.04,90.48,
SATIPOLY,37.5,2026-07-27,-8.76,5.34,23.56,9.33,-7.52,-59.46
LOKESHMACH,336.5,2026-07-28,0.45,0.03,23.51,26.55,101.05,75.58
KAPSTON,449.85,2026-07-28,-2.25,4.07,23.43,28.95,9.05,90.98
GHCLTEXTIL,114.23,2026-07-28,-1.65,0.05,23.37,33.31,48.79,28.3
LAXMIINDIA,125.44,2026-07-28,-2.4,6.53,23.29,8.56,33.49,
PANSARI,352.85,2026-07-28,3.7,-1.05,23.27,21.8,22.9,45.48
UNICHEMLAB,533.55,2026-07-28,-1.19,-10.42,23.22,45.42,39.0,-14.3
NIBL,37.0,2026-07-28,0.24,5.8,23.21,17.46,21.55,55.07
TTKPRESTIG,702.25,2026-07-28,7.16,5.53,23.08,36.64,17.68,11.31
TAALTECH,3925.1,2026-07-28,-1.28,1.93,22.98,30.87,,
IGCL,73.03,2026-07-28,-2.85,3.53,22.97,11.21,7.07,-31.08
NRL,102.0,2026-07-28,-1.07,-7.36,22.88,84.18,93.33,36.4
SIGNPOST,304.8,2026-07-28,-0.28,-4.72,22.85,15.41,45.72,35.38
INVPRECQ,1015.0,2026-07-28,4.53,21.94,22.41,61.01,,
ROXHITECH,45.55,2026-07-27,14.88,21.3,22.12,24.97,26.7,7.94
CAPTRUST,15.74,2026-07-28,2.34,12.59,22.11,17.38,2.67,-75.38
LANDMARK,528.05,2026-07-28,-1.94,-1.36,21.99,25.25,32.46,6.05
SERVICE,61.8,2026-07-27,-2.06,7.48,21.89,10.36,50.73,9.87
IRISDOREME,48.32,2026-07-28,0.06,4.34,21.87,36.65,55.62,55.67
PPAP,281.4,2026-07-28,-2.1,-2.46,21.73,31.98,45.01,13.6
SUMICHEM,528.4,2026-07-28,-1.94,-2.27,21.68,22.64,31.89,-8.72
KCEIL,92.65,2026-07-27,2.83,5.22,21.67,-27.98,-21.62,-73.97
JGCHEM,506.95,2026-07-28,-0.16,3.63,21.63,25.11,62.15,6.15
OMNI,595.75,2026-07-28,-3.86,7.54,21.59,49.09,,
MUTHOOTMF,255.81,2026-07-28,0.31,0.99,21.5,35.64,42.76,56.11
INDNIPPON,1163.1,2026-07-28,-2.99,-3.83,21.45,44.29,62.93,55.79
OCCLLTD,153.65,2026-07-28,0.95,13.19,21.31,52.73,60.89,12.2
LAURUSLABS,1758.9,2026-07-28,2.66,12.83,21.3,61.46,76.24,98.16
AMAGI,622.7,2026-07-28,-0.38,4.97,21.14,55.42,69.74,
HCLTECH,1318.6,2026-07-28,1.75,7.97,21.02,11.38,-21.51,-5.99
SHIVALIK,257.48,2026-07-28,-2.54,17.14,20.94,-6.4,-17.87,-52.0
SGMART,711.55,2026-07-28,-1.26,4.97,20.87,29.31,102.32,
MVGJL,173.81,2026-07-28,4.0,10.51,20.87,-3.67,4.53,-18.57
ETERNAL,308.35,2026-07-28,4.23,7.46,20.85,21.84,15.79,0.34
QUESS,303.25,2026-07-28,2.54,2.81,20.77,53.78,55.5,9.38
SPORTKING,214.98,2026-07-28,-0.27,8.82,20.71,51.64,155.72,76.73
AVADHSUGAR,527.85,2026-07-28,-1.11,-0.67,20.66,15.55,62.03,18.54
ZENSARTECH,524.65,2026-07-28,1.79,-0.32,20.65,1.74,-21.64,-32.6
GANESHBE,124.93,2026-07-28,11.2,16.74,20.54,20.4,75.91,31.23
AUSOMENT,138.27,2026-07-28,3.85,4.88,20.5,-6.42,15.33,28.08
ADOR,1456.0,2026-07-28,-4.4,0.05,20.48,38.31,45.2,46.26
SCPL,578.75,2026-07-28,-3.43,19.75,20.41,63.88,89.85,97.69
ATHERENERG,1202.0,2026-07-28,-1.06,-7.3,20.35,29.09,97.91,254.68
PREMIERPOL,75.4,2026-07-28,1.24,1.91,20.27,40.91,58.57,49.66
TMB,880.8,2026-07-28,-1.44,9.27,20.23,21.24,56.66,104.99
INDIAGLYCO,1147.9,2026-07-28,-3.09,0.41,20.14,19.36,36.5,39.51
AARON,141.84,2026-07-28,-0.08,22.3,20.04,0.8,-8.94,-35.11
TARSONS,310.95,2026-07-28,-3.1,10.52,20.04,46.36,56.2,-16.16
MMFL,553.4,2026-07-28,-1.09,3.69,20.03,12.85,34.4,61.17
ARROWGREEN,706.1,2026-07-28,0.04,5.81,19.92,29.71,61.88,-5.23
PAISALO,71.14,2026-07-28,0.99,-0.38,19.89,49.74,114.79,125.56
HEXT,593.15,2026-07-28,5.36,6.75,19.86,33.16,-13.0,-17.53
CUB,238.14,2026-07-28,7.54,5.85,19.76,15.19,8.26,56.58
ITDC,717.35,2026-07-28,-2.42,-7.31,19.69,21.3,39.64,24.96
GULFPETRO,47.71,2026-07-28,5.0,30.57,19.69,44.53,45.06,13.73
JLHL,328.3,2026-07-28,0.4,5.35,19.36,31.26,25.8,14.21
DPEL,567.95,2026-07-27,-2.07,-3.28,19.3,28.18,99.28,325.43
TINNARUBR,1103.6,2026-07-28,-3.13,-7.25,19.16,52.47,69.94,22.07
ALGOQUANT,67.67,2026-07-28,-2.35,5.18,19.16,23.98,9.45,
SRIVASAVI,82.2,2026-07-27,-4.14,-1.97,19.13,46.0,92.96,24.55
MASTEK,1873.4,2026-07-28,8.19,7.41,18.93,11.49,-6.49,-23.92
AZAD,2401.1,2026-07-28,-1.66,2.36,18.86,9.09,60.08,60.11
RAIN,220.28,2026-07-28,-1.55,3.9,18.76,67.41,52.28,45.42
PAUSHAKLTD,582.55,2026-07-28,1.82,3.44,18.61,24.8,14.72,
KANORICHEM,156.47,2026-07-28,-2.04,6.92,18.48,75.93,130.95,76.46
JSFB,531.1,2026-07-28,-1.14,-0.09,18.42,8.06,45.47,15.91
AKIKO,335.0,2026-07-27,-0.31,17.52,18.37,50.22,60.79,246.25
THAKDEV,152.95,2026-07-28,-5.0,4.42,18.33,13.63,,
SMARTLINK,209.52,2026-07-28,-0.51,-2.65,18.19,55.58,68.29,43.44
INDOTECH,3467.3,2026-07-28,-1.03,1.74,18.13,41.45,186.2,96.13
ORTEL,1.79,2026-07-28,4.07,-0.56,17.76,-5.29,34.59,-9.14
NITIRAJ,218.88,2026-07-28,-0.03,-1.72,17.65,8.11,19.47,11.42
INDSWFTLAB,236.31,2026-07-28,-1.5,0.99,17.63,69.8,117.4,125.72
MANAKCOAT,123.03,2026-07-28,-2.44,-4.14,17.59,4.97,-4.36,-23.22
RUBYMILLS,390.1,2026-07-28,-1.87,-0.73,17.5,64.5,100.37,69.42
KARURVYSYA,338.4,2026-07-28,-0.37,13.3,17.39,16.14,16.08,58.98
SOTL,619.65,2026-07-28,-4.57,5.09,17.37,68.29,75.61,57.22
JUBLINGREA,726.35,2026-07-28,-2.39,-1.09,17.24,1.18,15.41,-7.2
PARASPETRO,2.39,2026-07-28,9.63,19.5,17.16,10.65,27.81,-2.85
ONELIFECAP,37.86,2026-07-28,-0.08,4.67,17.1,99.79,140.23,175.75
GNA,510.95,2026-07-28,-0.18,0.58,17.0,19.68,46.8,69.06
HIRECT,1311.5,2026-07-28,-1.56,4.74,16.99,42.12,115.72,83.83
PVSL,108.44,2026-07-28,0.18,2.57,16.87,5.41,-1.05,-11.16
TECHM,1635.2,2026-07-28,3.82,3.73,16.74,19.15,-4.83,16.87
ANANTRAJ,609.95,2026-07-28,-1.13,1.52,16.73,23.7,24.57,8.32
BEPL,113.41,2026-07-28,-0.96,-10.49,16.64,17.02,40.92,11.08
SYNOPTICS,78.1,2026-07-27,2.29,-4.76,16.57,24.56,57.62,-24.8
GSMFOILS,271.55,2026-07-27,-2.55,1.57,16.55,27.43,38.16,34.76
MODIS,390.15,2026-07-28,0.44,6.29,16.46,-0.31,26.24,
VAIBHAVGBL,271.2,2026-07-28,2.34,6.39,16.44,24.14,17.24,18.97
PAYTM,1307.9,2026-07-28,1.43,-2.94,16.28,15.83,11.12,19.53
21STCENMGM,38.6,2026-07-28,1.98,12.27,16.27,7.16,1.53,-36.02
M&MFIN,373.5,2026-07-28,2.89,15.8,16.24,22.15,3.18,53.34
GODREJPROP,2136.6,2026-07-28,3.28,1.33,16.01,17.67,38.48,1.47
MONARCH,391.65,2026-07-28,-1.5,9.45,15.96,30.59,41.57,8.38
POLYPLEX,1141.35,2026-07-28,-1.77,6.14,15.96,20.84,34.78,3.84
CENTENKA,600.2,2026-07-28,3.88,9.25,15.89,42.23,37.76,20.75
SUDARSCHEM,1032.35,2026-07-28,-2.27,-2.11,15.83,14.28,16.76,-24.22
TIMETECHNO,210.75,2026-07-28,1.93,-1.11,15.75,13.99,17.51,-2.99
DIXON,13903.0,2026-07-28,0.67,-4.7,15.73,22.28,35.26,-16.93
ARMANFIN,1928.2,2026-07-28,-3.27,-0.8,15.6,28.86,20.73,19.47
DENTALKART,431.6,2026-07-27,2.7,16.22,15.6,10.21,-27.24,-29.14
BUILDPRO,1192.5,2026-07-28,-2.2,-2.76,15.56,5.55,63.85,
BAJAJ-AUTO,11374.0,2026-07-28,1.7,8.09,15.55,21.47,22.27,42.58
APCOTEXIND,591.1,2026-07-28,0.44,7.06,15.48,49.14,70.86,51.68
JKPAPER,394.7,2026-07-28,-4.79,6.12,15.44,7.52,22.54,12.94
SHANKARA,141.33,2026-07-28,0.33,2.12,15.36,12.48,38.19,-86.61
PPLPHARMA,193.43,2026-07-28,0.72,8.14,15.35,17.61,25.64,-5.34
EASTSILK,56.36,2026-07-28,2.47,15.94,15.3,-2.83,-19.08,3031.11
ASHIMASYN,17.52,2026-07-28,-2.94,1.74,15.26,9.36,7.22,-30.2
TGL,19.3,2026-07-27,-15.35,-10.44,15.22,-31.8,-68.2,-85.73
BUTTERFLY,756.7,2026-07-28,-1.23,-0.2,15.2,25.43,25.13,-0.25
KAYA,284.46,2026-07-28,0.79,14.54,15.19,7.26,-18.68,-33.97
SONACOMS,713.0,2026-07-28,-1.1,-0.22,15.14,19.42,45.19,54.1
TCS,2398.0,2026-07-28,4.46,6.53,15.11,-0.04,-23.63,-18.89
PRECISION,8.0,2026-07-27,15.11,23.08,15.11,0.0,-11.6,-70.75
BECTORFOOD,210.16,2026-07-28,-0.82,0.04,15.05,6.78,-3.95,-27.14
IBULLSLTD,29.61,2026-07-28,-4.97,0.75,14.99,74.69,153.51,100.34
LLOYDSME,1979.1,2026-07-28,-1.78,3.73,14.97,13.04,73.4,34.67
TANLA,597.5,2026-07-28,1.77,4.29,14.89,7.98,16.53,-0.65
PDMJEPAPER,96.6,2026-07-28,0.89,13.89,14.84,12.82,14.77,-17.09
DSFCL,27.0,2026-07-28,-1.39,5.84,14.84,11.71,,
BANARBEADS,117.98,2026-07-28,-1.32,0.23,14.83,5.85,3.8,-1.32
FLUOROCHEM,4487.5,2026-07-28,-1.67,3.97,14.79,32.39,48.83,29.04
WSTCSTPAPR,570.3,2026-07-28,-1.96,10.33,14.78,16.45,42.75,6.98
TTKHLTCARE,1048.15,2026-07-28,-3.73,3.17,14.75,17.92,9.64,-16.89
UDS,207.97,2026-07-28,0.66,7.47,14.73,29.84,32.01,-27.05
SGFIN,673.55,2026-07-28,-2.11,0.25,14.72,24.08,92.5,
CLEDUCATE,56.2,2026-07-28,-2.87,-3.1,14.69,16.84,-23.43,-36.95
KANPRPLA,217.52,2026-07-28,-3.13,6.63,14.67,3.39,21.11,10.82
SPECTSTM,63.2,2026-07-27,3.61,10.78,14.6,-9.06,-29.19,-42.86
OAL,371.1,2026-07-28,-5.44,5.77,14.55,19.07,31.88,-0.89
LTM,4309.2,2026-07-28,2.83,5.52,14.53,-0.31,-27.41,-13.13
GABRIEL,1407.8,2026-07-28,-2.09,0.7,14.53,37.96,56.95,43.63
JETFREIGHT,23.88,2026-07-28,1.88,1.62,14.48,13.88,35.68,77.81
VINEETLAB,38.92,2026-07-28,0.13,3.65,14.47,6.81,16.42,27.15
NUVOCO,350.45,2026-07-28,-0.2,1.32,14.45,19.73,-0.37,-14.25
IFBAGRO,1026.35,2026-07-28,-1.74,5.29,14.45,17.49,-23.82,23.13
IIFL,582.35,2026-07-28,1.6,4.42,14.25,32.94,7.72,18.22
INDIANHUME,375.0,2026-07-28,-3.1,-7.05,14.18,19.46,-2.18,-7.31
WANBURY,312.45,2026-07-28,-5.1,-8.08,13.89,20.24,66.26,30.05
PRAVEG,285.3,2026-07-28,-5.24,3.57,13.87,-7.02,,
SINTERCOM,84.5,2026-07-28,3.85,3.14,13.82,11.42,-6.41,-34.12
INSPIRE,9.5,2026-07-27,15.15,9.83,13.77,-5.47,-9.95,-55.29
KRISHANA,164.8,2026-07-28,-1.7,13.42,13.72,23.25,69.43,60.41
WEL,110.6,2026-07-28,0.57,8.48,13.69,4.22,-21.34,-33.93
TSFINV,446.55,2026-07-28,3.46,-6.49,13.65,11.03,12.68,-2.64
BHARATSE,210.54,2026-07-28,-0.62,-4.78,13.55,22.28,47.21,95.1
NBIFIN,2170.0,2026-07-28,-2.36,3.03,13.51,6.39,1.48,-22.81
HESTERBIO,2520.4,2026-07-28,-0.32,-0.12,13.47,48.95,76.25,39.99
GPTHEALTH,167.32,2026-07-28,0.8,12.26,13.43,21.18,30.58,6.56
MANAPPURAM,361.25,2026-07-28,0.39,7.16,13.42,23.59,24.25,40.41
VERA,78.25,2026-07-27,19.28,19.37,13.41,13.41,11.95,15.07
ELGIRUBCO,55.12,2026-07-28,-2.65,-5.83,13.39,11.06,34.18,-3.03
TITAN,4849.7,2026-07-28,2.31,4.44,13.38,10.16,22.4,43.4
INDOBORAX,395.55,2026-07-28,-2.72,-10.32,13.38,74.86,77.14,54.58
LORDSCHLO,150.97,2026-07-28,-4.36,6.04,13.37,2.46,3.16,-27.21
PVRINOX,1118.15,2026-07-28,-0.45,9.7,13.36,6.31,19.61,14.25
PRICOLLTD,665.1,2026-07-28,-0.04,8.39,13.36,11.49,18.99,54.45
MANOMAY,209.9,2026-07-28,1.67,6.94,13.34,-13.48,-4.59,30.97
WEWORK,710.1,2026-07-28,-1.97,4.25,13.33,30.05,21.31,
BALRAMCHIN,605.25,2026-07-28,-1.05,0.87,13.3,18.98,47.84,4.05
WELCORP,1643.1,2026-07-28,2.71,1.69,13.3,34.42,120.37,91.03
BALAMINES,2241.5,2026-07-28,-1.9,-1.51,13.25,69.91,84.65,35.85
GRETEX,300.0,2026-07-27,-1.32,2.92,13.21,2.74,52.28,36.36
HCG,679.35,2026-07-28,0.35,3.92,13.15,17.73,15.83,19.98
ESAFSFB,37.25,2026-07-28,-2.72,5.2,13.08,47.76,32.19,19.89
HAPPSTMNDS,383.4,2026-07-28,-1.11,0.25,13.04,4.4,-4.24,-35.27
MOL,55.75,2026-07-28,0.25,9.9,12.95,6.7,-3.5,-41.47
FIVESTAR,561.3,2026-07-28,3.9,-1.61,12.94,12.16,11.97,-15.95
COFORGE,1686.0,2026-07-28,10.31,11.85,12.93,40.39,-0.25,-1.57
KFINTECH,973.75,2026-07-28,2.58,10.43,12.9,3.4,-3.44,-13.53
63MOONS,755.65,2026-07-28,3.68,3.71,12.87,4.09,20.26,-24.71
EQUIPPP,24.43,2026-07-28,-2.4,0.12,12.84,42.53,30.43,23.38
DIGITIDE,97.44,2026-07-28,-3.26,-2.07,12.83,2.36,-14.06,-59.1
GODREJIND,1309.2,2026-07-28,-1.78,-4.07,12.79,32.36,31.74,15.78
ASKAUTOLTD,524.15,2026-07-28,1.9,9.8,12.77,16.74,22.71,4.83
DBSTOCKBRO,34.94,2026-07-28,3.53,-4.8,12.71,27.05,42.85,24.96
AISL,59.5,2026-07-27,6.34,2.23,12.69,4.66,-28.53,-36.6
VINSYS,523.5,2026-07-27,3.49,4.08,12.68,62.45,41.49,51.19
RAJRATAN,486.45,2026-07-28,-3.58,0.59,12.67,11.13,11.65,24.45
RBZJEWEL,144.86,2026-07-28,-0.52,-1.19,12.64,3.25,6.35,5.71
AFFLE,1631.8,2026-07-28,9.31,7.48,12.56,14.02,4.5,-11.31
EVERESTIND,518.45,2026-07-28,-4.11,6.16,12.54,32.61,27.17,-1.42
PUNJABCHEM,1158.2,2026-07-28,0.18,1.29,12.53,5.77,5.29,-14.16
PERSISTENT,5428.4,2026-07-28,3.04,4.98,12.51,13.4,-12.32,6.16
PROV,1720.0,2026-07-27,1.0,5.2,12.42,33.75,42.03,75.51
GREAVESCOT,238.68,2026-07-28,-2.18,-2.07,12.4,44.06,42.35,22.34
SATIN,259.6,2026-07-28,-0.73,1.38,12.37,51.53,63.73,76.97
KMEW,2516.0,2026-07-28,3.63,2.89,12.32,39.27,47.38,198.46
NEWGEN,525.45,2026-07-28,3.78,-6.08,12.31,10.05,-11.44,-37.71
MACPOWER,1296.0,2026-07-28,-1.69,-0.48,12.28,13.7,55.27,27.15
RADICO,4289.7,2026-07-28,3.38,4.04,12.26,26.48,56.52,60.45
ARIS,128.24,2026-07-28,2.77,11.65,12.25,-0.16,23.8,-7.62
MAHLOG,410.4,2026-07-28,-2.08,4.41,12.24,0.72,21.65,16.72
TIL,232.75,2026-07-28,8.73,5.26,12.24,12.96,-8.46,-32.41
GUJALKALI,699.95,2026-07-28,0.84,15.53,12.23,-1.09,54.36,24.81
AYMSYNTEX,240.64,2026-07-28,2.28,-0.05,12.2,0.99,53.58,11.74
DIVGIITTS,959.1,2026-07-28,-0.34,4.95,12.14,29.45,60.65,49.22
KERNEX,2282.4,2026-07-28,-1.67,7.66,12.12,68.74,82.46,123.26
THYROCARE,579.7,2026-07-28,-0.74,4.36,12.08,44.43,28.02,42.15
GROWWRLTY,10.32,2026-07-28,1.98,0.39,12.05,16.35,19.47,
VIDHIING,312.75,2026-07-28,-0.76,2.16,12.0,4.7,0.47,-23.82
BCONCEPTS,187.18,2026-07-28,-2.61,-1.37,11.99,-23.69,-35.79,-43.63
3BBLACKBIO,1298.8,2026-07-28,0.5,2.48,11.99,-0.9,,
AEGISLOG,1270.4,2026-07-28,-1.62,-8.2,11.97,79.52,81.04,74.24
MOREALTY,92.22,2026-07-28,2.04,0.59,11.94,16.38,19.53,0.91
J&KBANK,177.3,2026-07-28,-0.12,-2.72,11.93,37.96,68.54,72.73
ESFL,129.9,2026-07-27,15.26,15.88,11.89,-2.11,-9.79,-68.41
RKFORGE,630.65,2026-07-28,0.83,12.19,11.88,4.88,23.23,3.1
TVSMOTOR,3993.5,2026-07-28,3.02,11.23,11.87,14.23,7.48,43.18
GLAXO,2632.6,2026-07-28,3.19,6.02,11.8,12.01,10.9,-12.45
OMAXE,86.62,2026-07-28,-3.7,-6.43,11.8,6.41,11.08,-13.25
LAGNAM,89.51,2026-07-28,-0.96,0.69,11.71,9.98,32.51,-10.78
TIMEX,566.7,2026-07-28,0.97,-0.13,11.67,60.08,,
ITETF,32.27,2026-07-28,3.56,4.57,11.66,5.7,-20.69,-12.09
ABBOTINDIA,27905.0,2026-07-28,0.38,1.0,11.62,12.68,3.43,-13.18
SICALLOG,107.01,2026-07-28,4.99,13.2,11.57,56.75,15.32,-2.02
SWIGGY,268.47,2026-07-28,4.07,-0.76,11.51,-4.9,-17.01,-34.05
NELCO,962.4,2026-07-28,3.07,8.18,11.51,35.98,48.16,13.93
PANAMAPET,451.35,2026-07-28,-7.34,-0.43,11.49,63.73,57.37,33.09
ITBETA,320.65,2026-07-28,3.63,3.48,11.46,5.85,-20.73,-12.3
HDFCNIFIT,32.55,2026-07-28,2.88,4.29,11.43,5.41,-20.61,-12.34
SBIETFIT,337.64,2026-07-28,3.54,4.4,11.42,5.28,-20.79,-12.42
ASHIKA,429.65,2026-07-27,7.49,7.59,11.42,7.53,,
MADHUSUDAN,237.65,2026-07-27,2.86,-5.88,11.42,55.63,78.62,63.78
EUROPRATIK,306.75,2026-07-28,-2.5,-0.47,11.42,13.86,29.24,
RSWM,215.43,2026-07-28,0.82,1.45,11.41,32.08,59.11,35.43
YASHO,3195.3,2026-07-28,3.32,4.03,11.39,114.1,171.32,63.37
SHINDL,160.42,2026-07-28,0.91,-0.53,11.36,8.58,,
COSMOFIRST,890.3,2026-07-28,-2.08,7.41,11.33,24.32,51.48,-12.28
ICEMAKE,855.8,2026-07-28,-0.86,2.2,11.33,6.54,17.71,10.65
ONESOURCE,1731.3,2026-07-28,2.51,2.21,11.27,-1.8,49.88,-13.26
ITBEES,33.77,2026-07-28,3.27,4.29,11.23,5.3,-20.82,-12.6
ITIETF,33.78,2026-07-28,3.21,4.19,11.23,5.4,-20.74,-12.49
IT,33.79,2026-07-28,3.21,4.13,11.22,5.59,-20.48,-12.26
FINOPB,163.05,2026-07-28,-2.05,-3.23,11.22,22.23,-28.01,-38.74
STYL,343.35,2026-07-28,-4.47,-8.18,11.21,41.62,41.5,
TECH,33.25,2026-07-28,2.97,4.0,11.2,4.59,-20.55,-11.78
CONCOR,522.4,2026-07-28,2.33,4.69,11.2,2.33,5.96,-10.28
RHETAN,29.52,2026-07-28,1.62,3.65,11.19,-0.1,11.06,
SANGAMIND,602.35,2026-07-28,-1.67,-3.02,11.17,17.32,33.68,41.34
HTMEDIA,24.88,2026-07-28,1.3,-5.44,11.17,12.48,7.38,6.23
HAWKINCOOK,8765.5,2026-07-28,-1.45,-3.77,11.12,19.05,,
NAHARSPING,280.1,2026-07-28,0.16,-0.14,11.11,15.57,82.04,11.24
ARIHANTCAP,77.24,2026-07-28,-1.05,2.25,11.09,8.1,-3.63,-22.46
DIVISLAB,7425.0,2026-07-28,0.15,1.88,11.05,15.91,20.49,13.24
FIDEL,164.0,2026-07-27,8.43,13.24,11.04,6.6,28.45,-10.21
ARENTERP,41.27,2026-07-28,0.41,18.8,11.0,1.05,0.63,-16.98
ITADD,32.21,2026-07-28,3.04,4.07,10.88,5.4,-20.78,-12.4
SILVERTUC,204.66,2026-07-28,1.11,5.36,10.87,33.29,50.51,-73.21
KSL,906.45,2026-07-28,1.17,-1.65,10.72,11.99,30.86,5.38
HOMESFY,122.85,2026-07-27,0.0,5.0,10.68,-16.71,-28.16,-54.5
UFLEX,472.0,2026-07-28,-0.93,7.9,10.68,10.06,3.99,-18.26
GRANULES,845.4,2026-07-28,0.31,-3.5,10.63,19.89,49.65,83.07
COMSYN,179.25,2026-07-28,2.73,-14.38,10.56,16.78,11.75,35.2
HSCL,749.65,2026-07-28,-5.16,-2.63,10.55,31.37,67.32,56.03
IPCALAB,1789.0,2026-07-28,0.64,-2.7,10.55,16.4,23.63,20.82
AETHER,1464.7,2026-07-28,-1.04,0.97,10.54,25.18,46.89,91.69
SMCGLOBAL,79.87,2026-07-28,4.67,-0.83,10.52,21.81,7.12,9.63
CEMPRO,1340.8,2026-07-28,-2.06,-17.59,10.5,97.67,113.49,85.62
SUYOG,889.1,2026-07-28,0.42,5.36,10.48,17.37,59.81,4.89
SUPREMEINF,78.7,2026-07-28,-1.98,-0.14,10.39,-2.49,-6.03,-36.89
HLEGLAS,419.95,2026-07-28,0.24,0.23,10.38,26.76,6.72,-2.46
SAPPL,299.1,2026-07-28,0.0,-1.93,10.37,-0.3,,
TECHLABS,128.0,2026-07-27,-10.05,-16.59,10.3,-39.79,-40.66,-73.2
PLATIND,243.86,2026-07-28,1.51,6.53,10.27,0.31,8.09,-15.41
FEDERALBNK,357.25,2026-07-28,0.21,1.85,10.25,22.94,25.59,74.47
IOLCP,147.15,2026-07-28,-2.85,-5.33,10.09,61.97,103.53,61.45
SUVEN,294.15,2026-07-28,-5.62,-13.1,10.07,34.56,122.86,6.57
QMSMEDI,112.55,2026-07-28,0.37,4.06,10.07,24.57,35.52,51.37
ONMOBILE,62.83,2026-07-28,1.26,3.54,10.07,13.0,27.96,24.76
NOVARTIND,1579.3,2026-07-28,-3.17,-5.31,10.06,50.29,134.93,134.93
CHOICEIN,796.55,2026-07-28,-0.43,-2.27,10.04,17.58,7.09,8.11
CRISIL,4489.9,2026-07-28,0.08,6.29,10.03,5.33,-1.68,-15.09
SJS,2355.6,2026-07-28,-2.63,8.34,10.0,44.93,41.91,92.89
CARTRADE,2962.7,2026-07-28,-0.53,7.52,9.96,78.13,23.09,43.34
WENDT,8299.5,2026-07-28,-0.04,9.51,9.93,20.87,20.29,-11.79
ACCENTMIC,504.25,2026-07-27,-4.42,-3.66,9.92,19.24,57.67,85.01
UNITDSPR,1508.8,2026-07-28,1.81,8.13,9.79,10.62,14.6,16.75
HALEOSLABS,1535.4,2026-07-28,-0.01,-3.38,9.72,6.72,33.98,35.28
AILIMITED,39.5,2026-07-27,-0.63,0.89,9.72,-4.59,50.76,-33.72
MADHAVBAUG,191.9,2026-07-27,-7.29,2.13,9.66,-22.7,-17.92,-1.49
HMVL,93.52,2026-07-28,-1.82,2.07,9.65,39.23,33.41,6.49
ARISTO,109.25,2026-07-27,-5.0,9.41,9.58,-3.79,5.05,-9.41
DURLAX,51.5,2026-07-27,10.87,6.19,9.57,3.62,41.1,15.6
AARTIDRUGS,408.3,2026-07-28,-0.64,-2.32,9.55,7.6,6.7,-22.2
NINSYS,846.7,2026-07-28,0.18,-5.73,9.53,65.63,145.28,97.25
RITCO,290.5,2026-07-28,-1.56,4.67,9.52,36.34,21.22,1.22
WORTHPERI,142.94,2026-07-28,-0.26,-2.97,9.52,4.56,3.88,-10.49
MPHASIS,2413.5,2026-07-28,3.46,0.0,9.49,9.16,-12.55,-8.34
ORIENTTECH,272.5,2026-07-28,-2.39,1.9,9.46,-3.14,-18.29,-3.83
ADANIENSOL,1649.5,2026-07-28,-3.16,-4.63,9.4,14.91,87.02,102.16
NYKAA,329.6,2026-07-28,0.87,1.89,9.37,22.02,38.95,57.89
BAJAJFINSV,1927.9,2026-07-28,0.78,3.57,9.35,8.46,-0.55,-2.44
LLOYDSENT,79.94,2026-07-28,-2.08,-2.78,9.33,12.65,36.46,-1.03
AVG,201.13,2026-07-28,-2.18,-2.65,9.33,20.27,38.58,-17.47
CORONA,2069.7,2026-07-28,-1.36,1.15,9.32,23.49,43.54,
VISAKAIND,82.47,2026-07-28,0.22,1.69,9.32,24.93,31.67,0.79
OIL,444.6,2026-07-28,0.59,-1.97,9.29,-10.58,-7.97,7.14
TCL,109.25,2026-07-27,-12.6,-5.62,9.25,11.65,24.57,1.82
AKUMS,662.15,2026-07-28,-1.99,-2.13,9.18,24.77,54.54,25.63
TVSHLTD,14754.0,2026-07-28,0.41,5.15,9.14,2.61,3.28,27.78
EXIDEIND,423.4,2026-07-28,-0.84,-3.03,9.14,19.42,32.47,11.34
JAYAGROGN,230.1,2026-07-28,-1.11,1.85,9.13,12.5,30.24,-6.84
TPLPLASTEH,78.45,2026-07-28,0.14,-5.4,9.13,16.62,26.43,2.32
PNGSREVA,423.95,2026-07-28,2.38,5.68,9.08,-2.08,,
ACE,1077.6,2026-07-28,1.49,8.67,9.06,19.17,29.6,-1.17
SAREGAMA,524.25,2026-07-28,1.83,1.96,9.06,46.13,57.29,11.71
FUSION,210.21,2026-07-28,-4.75,-6.98,9.05,16.22,13.43,26.09
SHANTI,6.89,2026-07-28,0.29,-1.57,9.02,-4.17,-5.87,-46.55
LENSKART,554.65,2026-07-28,-3.03,2.39,8.99,3.29,27.02,
PRECOT,802.3,2026-07-28,-5.0,-3.44,8.98,45.86,142.46,27.92
MAXIND,173.31,2026-07-28,-6.3,5.77,8.97,7.81,9.55,-18.04
DALMIASUG,352.4,2026-07-28,-1.7,-2.81,8.93,-5.09,29.12,-3.69
TIPSFILMS,360.35,2026-07-28,-4.48,10.55,8.88,-4.9,-1.4,-28.63
RSL,139.45,2026-07-28,3.81,8.93,8.81,1.31,,
ALLDIGI,873.6,2026-07-28,0.18,4.27,8.81,4.42,6.03,-6.35
SHYAMMETL,1027.0,2026-07-28,-0.78,-2.49,8.78,17.21,23.03,7.67
SWANDEF,2408.3,2026-07-28,-0.92,6.47,8.7,28.22,32.43,648.94
MENNPIS,73.82,2026-07-28,-0.07,5.17,8.69,27.17,,
MUNJALAU,102.32,2026-07-28,-2.46,-0.06,8.67,26.92,43.02,34.93
KAUSHALYA,910.0,2026-07-28,0.05,2.99,8.65,-0.18,10.5,4.94
BHARTIHEXA,1604.6,2026-07-28,-0.6,-0.78,8.64,6.29,4.52,-8.75
UNIVCABLES,1316.2,2026-07-28,4.78,10.01,8.63,52.37,87.79,80.31
GOODLUCK,1525.8,2026-07-28,-0.12,-2.22,8.62,22.2,47.29,50.98
EXCELINDUS,984.65,2026-07-28,0.25,9.43,8.62,4.51,8.83,-26.76
VRLLOG,260.14,2026-07-28,-0.99,13.32,8.58,2.83,0.74,-12.68
GROWWNET,10.02,2026-07-28,1.83,1.11,8.56,10.84,3.94,
INTERNET,13.49,2026-07-28,1.73,0.45,8.53,9.31,4.13,
ARABIAN,69.45,2026-07-27,3.27,-4.21,8.52,-0.79,4.04,-19.2
MAGADSUGAR,481.8,2026-07-28,-1.48,-2.47,8.52,-2.67,14.98,-10.77
JITFINFRA,340.75,2026-07-28,-2.74,-11.73,8.52,13.21,37.23,2.07
SATIA,60.54,2026-07-28,-2.56,1.82,8.51,-13.13,-0.98,-29.59
TGBHOTELS,9.69,2026-07-28,7.19,13.33,8.51,0.0,7.31,-14.32
VINCOFE,164.02,2026-07-28,0.71,3.2,8.5,19.88,11.77,8.28
PCCL,269.0,2026-07-27,4.28,5.93,8.49,-3.24,16.78,55.4
INNOVANA,335.9,2026-07-28,-3.35,0.51,8.49,-10.96,-8.47,-36.86
TNIDETF,87.62,2026-07-28,2.38,2.74,8.49,8.79,-7.62,-4.28
TIPSMUSIC,691.95,2026-07-28,-2.89,-2.62,8.48,5.02,25.98,18.18
RAMRAT,436.05,2026-07-28,2.53,3.04,8.47,0.48,54.32,22.59
SALSTEEL,61.06,2026-07-28,2.55,17.04,8.47,4.0,59.13,286.7
TORNTPHARM,4898.3,2026-07-28,-2.41,-2.14,8.46,17.34,24.83,36.4
BLUEJET,571.95,2026-07-28,-0.71,-2.98,8.41,28.98,37.44,-27.96
RUBICON,1535.6,2026-07-28,-1.31,1.57,8.4,60.85,127.19,
KMSUGAR,28.25,2026-07-28,-0.28,-1.12,8.36,-4.69,14.98,5.06
LTTS,3599.3,2026-07-28,2.89,7.46,8.33,2.06,-5.63,-13.82
INDORAMA,49.42,2026-07-28,-0.64,0.43,8.31,25.98,10.88,-0.92
USHAMART,512.3,2026-07-28,2.03,0.77,8.29,11.98,23.39,41.48
SBILIFE,1889.1,2026-07-28,1.19,3.54,8.26,4.47,-7.86,2.23
IDFCFIRSTB,85.75,2026-07-28,1.02,4.85,8.24,24.8,3.4,21.25
HONASA,452.1,2026-07-28,-0.14,-1.19,8.24,30.48,68.85,70.19
RELTD,174.79,2026-07-28,0.44,-0.61,8.23,17.21,12.89,32.94
ENFUSE,171.0,2026-07-27,3.98,0.47,8.23,-10.0,-14.5,-20.47
GRAPHITE,648.55,2026-07-28,-2.13,1.81,8.23,-10.99,-0.92,21.53
SAMBHV,119.79,2026-07-28,-1.56,0.77,8.22,-0.43,35.69,-8.7
EIDPARRY,768.05,2026-07-28,-0.4,0.76,8.21,-9.14,-14.71,-34.91
DCMSIL,77.03,2026-07-28,-2.0,-10.91,8.2,24.63,,
SOLARWORLD,198.12,2026-07-28,-1.19,-1.76,8.2,-2.65,-15.41,
BLBLIMITED,15.85,2026-07-28,-1.61,-1.55,8.19,-9.84,25.0,8.71
RITEZONE,20.5,2026-07-27,-9.49,-13.87,8.18,-8.07,-1.68,-29.43
RML,1126.1,2026-07-28,-1.99,-4.41,8.13,46.31,51.48,36.2
TAJGVK,360.05,2026-07-28,-0.01,-0.3,8.12,12.41,-2.32,-10.8
RADIOCITY,6.66,2026-07-28,1.22,11.74,8.12,8.65,7.94,-23.97
PRESTIGE,1682.3,2026-07-28,2.29,0.79,8.1,19.94,18.31,4.53
MEDICO,43.54,2026-07-28,6.85,13.89,8.09,8.09,-11.63,8.63
FSL,263.06,2026-07-28,0.32,-1.35,8.06,24.07,-15.99,-18.83
DLF,663.05,2026-07-28,1.87,0.41,8.05,14.2,7.33,-14.71
MATRIMONY,433.9,2026-07-28,1.07,-1.32,8.04,0.78,-22.46,-17.28
PGINVIT,101.33,2026-07-27,2.85,4.5,8.04,12.4,17.95,23.44
AFFORDABLE,183.08,2026-07-28,-0.57,-4.37,8.02,3.38,7.1,-56.18
TIJARIA,4.59,2026-07-28,2.68,1.55,8.0,-0.22,14.75,-37.64
RATEGAIN,908.25,2026-07-28,0.27,-4.24,8.0,54.36,53.71,106.87
ABMINTLLTD,43.99,2026-07-28,-1.43,2.73,7.98,5.54,17.49,-25.94
UBL,1434.7,2026-07-28,0.42,6.2,7.97,-2.88,0.5,-27.87
NEOGEN,2024.3,2026-07-28,-1.93,-7.25,7.97,21.82,74.18,29.98
RPEL,1264.4,2026-07-28,-2.19,-1.46,7.94,80.29,71.8,97.98
INDUSINDBK,991.95,2026-07-28,-1.46,-3.96,7.94,12.2,10.19,23.88
TCPLPACK,3234.6,2026-07-28,0.81,2.89,7.92,22.56,24.67,-10.23
SAHYADRI,303.65,2026-07-28,3.9,7.28,7.91,17.12,26.18,0.21
IZMO,1095.9,2026-07-28,-0.73,1.43,7.9,48.19,81.52,181.36
MUTHOOTCAP,218.62,2026-07-28,1.64,1.76,7.86,8.78,-2.45,-29.78
KOTHARIPET,133.56,2026-07-28,-1.84,2.65,7.83,-1.46,15.85,-16.48
CONFIPET,77.49,2026-07-28,-4.38,1.08,7.82,31.99,138.58,52.06
CREDITACC,1576.6,2026-07-28,-0.91,5.25,7.82,26.01,22.0,23.78
PLASTIBLEN,190.1,2026-07-28,-0.51,-4.88,7.8,5.02,26.04,-0.36
SHOPERSTOP,384.15,2026-07-28,-0.44,-2.08,7.79,31.42,11.51,-25.57
METROPOLIS,585.5,2026-07-28,1.41,2.05,7.76,22.0,28.17,19.64
FONEBOX,82.0,2026-07-27,6.98,10.44,7.75,24.24,0.43,-9.34
ARKADE,132.65,2026-07-28,-1.44,-3.92,7.74,14.4,16.47,-31.03
MASTERTR,82.09,2026-07-28,-2.44,-4.79,7.72,7.98,-18.84,-50.61
VARROC,658.7,2026-07-28,-1.05,2.6,7.69,27.87,18.14,25.72
JBCHEPHARM,2408.9,2026-07-23,0.0,-2.08,7.68,20.26,31.92,44.73
AIIL,557.7,2026-07-28,1.09,1.04,7.66,14.14,11.07,3.89
BAJFINANCE,1048.4,2026-07-28,0.01,-1.47,7.59,14.2,12.8,19.8
PCJEWELLER,9.22,2026-07-28,-1.39,-6.3,7.58,-2.64,-12.11,-37.36
UGARSUGAR,41.48,2026-07-28,-4.62,4.85,7.46,0.44,12.23,-7.08
NGLFINE,3212.0,2026-07-28,-0.45,6.71,7.43,41.7,87.78,158.47
LLOYDSENGG,91.18,2026-07-28,-0.16,0.52,7.38,55.15,100.93,28.8
MEDIORG,25.5,2026-07-27,11.35,9.21,7.37,-12.67,10.63,-41.65
PYRAMID,183.06,2026-07-28,-6.58,12.51,7.34,5.94,24.33,14.32
NITTAGELA,1838.9,2026-07-28,-3.46,-1.0,7.32,89.93,,
PFIZER,4710.7,2026-07-28,0.39,2.9,7.32,-0.68,1.88,-9.69
ADVANCE,118.17,2026-07-28,4.02,4.48,7.3,4.26,-12.24,
COLPAL,2138.1,2026-07-28,0.07,1.18,7.28,1.79,0.41,-0.87
ADROITINFO,9.46,2026-07-28,3.39,2.49,7.26,-4.54,-2.67,-13.76
HAPPYFORGE,1614.6,2026-07-28,-2.19,0.41,7.25,24.19,54.63,68.65
PGEL,585.45,2026-07-28,0.99,-5.71,7.24,3.98,8.41,-25.8
GUFICBIO,387.75,2026-07-28,1.44,-1.52,7.22,33.5,28.84,0.66
GOODYEAR,816.45,2026-07-28,-0.23,-0.58,7.21,3.27,-35.9,-35.9
MAHKTECH,22.96,2026-07-28,-1.5,-1.96,7.19,-3.12,-16.33,-3.45
SHERA,172.0,2026-07-27,-1.15,8.72,7.13,25.55,47.01,24.46
SIL,16.4,2026-07-28,1.11,0.86,7.12,5.4,19.88,-13.04
PGHL,6675.5,2026-07-28,-1.6,-2.58,7.11,30.56,27.8,18.35
KOLTEPATIL,394.5,2026-07-28,2.04,5.21,7.1,4.42,7.95,-11.42
CHENNPETRO,1180.5,2026-07-28,1.0,-2.76,7.1,10.09,40.01,66.27
DCAL,182.07,2026-07-28,-2.17,-4.59,7.09,-1.14,-11.25,-24.5
SHAILY,3051.8,2026-07-28,0.07,6.79,7.09,22.59,66.22,97.8
MUNJALSHOW,137.3,2026-07-28,0.27,1.62,7.06,6.57,16.74,-3.21
AJAXENGG,570.75,2026-07-28,0.69,-3.89,7.03,8.15,14.2,-13.87
STANLEY,154.92,2026-07-28,-0.74,-0.97,7.03,9.46,-13.59,-53.13
SANATHAN,476.05,2026-07-28,-2.5,7.27,7.0,2.13,7.22,-8.27
ONWARDTEC,296.3,2026-07-28,1.21,8.4,7.0,28.61,-0.67,-7.8
DBCORP,208.51,2026-07-28,0.11,-0.44,6.99,-2.4,-11.58,-21.14
CRAMC,262.41,2026-07-28,-0.17,2.58,6.99,-1.13,5.97,
MARICO,883.25,2026-07-28,2.86,3.27,6.96,13.11,19.9,27.73
SAGILITY,43.16,2026-07-28,-0.3,4.48,6.91,4.58,-16.52,2.64
FMGOETZE,483.8,2026-07-28,0.01,-1.02,6.91,4.07,7.65,-16.36
LALPATHLAB,1805.2,2026-07-28,-1.2,6.61,6.87,28.18,29.54,20.14
NESTLEIND,1491.8,2026-07-28,3.16,3.15,6.87,4.1,16.61,35.21
ABAN,14.82,2026-07-28,-0.94,-1.13,6.85,-17.89,-32.48,-69.43
MAHICKRA,265.0,2026-07-27,7.83,10.42,6.85,15.29,57.0,105.95
SHK,143.97,2026-07-28,-2.89,10.58,6.84,-1.89,0.59,-42.22
NDGL,2772.4,2026-07-28,1.33,0.09,6.82,3.04,10.51,-32.29
SVLL,760.0,2026-07-28,0.26,-2.88,6.82,31.0,10.74,-2.94
HEROMOTOCO,5154.3,2026-07-28,0.79,5.07,6.82,3.2,-3.27,24.26
VRAJ,125.98,2026-07-28,-1.96,-4.59,6.79,-2.46,1.73,-23.93
WTICAB,119.6,2026-07-27,-7.72,-5.19,6.79,17.31,4.0,-36.04
AJOONI,3.94,2026-07-28,-0.76,-6.19,6.78,-9.22,0.77,-27.71
DEEPINDS,506.95,2026-07-28,-1.84,6.49,6.77,4.1,37.09,18.24
MEDANTA,1401.3,2026-07-28,-0.42,5.25,6.77,23.19,33.58,3.42
IKS,1819.6,2026-07-28,-0.51,-4.33,6.77,19.57,14.71,15.16
NILE,1861.7,2026-07-28,-1.87,0.01,6.72,13.63,,
SUDEEPPHRM,861.8,2026-07-28,0.43,-0.36,6.69,26.25,47.06,
PRATHAM,114.15,2026-07-27,-2.35,-2.27,6.68,-20.73,-10.05,-20.17
MINDSPACE,494.07,2026-07-27,-0.19,1.04,6.67,6.81,3.3,24.35
GLOBALPET,160.0,2026-07-27,5.96,1.91,6.67,41.59,36.75,14.41
QUINTEGRA,1.44,2026-07-27,3.6,5.88,6.67,1.41,6.67,-28.0
SHIVAMAUTO,17.74,2026-07-28,1.95,3.86,6.67,-5.44,-7.12,-41.64
BRIGADE,560.2,2026-07-28,3.08,-0.64,6.66,-6.71,1.58,-26.13
DHANBANK,34.13,2026-07-28,-3.59,0.98,6.66,7.26,42.27,25.02
3MINDIA,35090.0,2026-07-28,-0.3,-0.43,6.65,7.03,5.38,15.02
IBLFL,61.0,2026-07-27,0.0,5.63,6.64,13.81,25.77,-5.06
DCI,286.85,2026-07-28,-0.64,5.91,6.62,-1.61,25.96,16.68
EMPOWER,2.42,2026-07-28,0.83,5.22,6.61,30.81,,
RISHABH,602.95,2026-07-28,-3.48,-7.96,6.6,26.75,73.89,116.49
STARPAPER,147.21,2026-07-28,-2.21,0.1,6.6,4.39,3.15,-14.22
MODTHREAD,49.0,2026-07-28,-0.55,3.11,6.57,4.61,19.6,-5.41
EMIL,126.94,2026-07-28,1.01,-2.26,6.55,3.41,40.67,-1.03
INFOBEAN,168.13,2026-07-28,6.99,-0.81,6.51,-15.44,-24.22,18.7
ACI,556.45,2026-07-28,-3.52,-1.84,6.5,-8.02,-1.04,-15.73
RUSTOMJEE,409.45,2026-07-28,-0.04,-1.06,6.48,3.2,-13.13,-32.86
SAILIFE,1300.5,2026-07-28,1.05,0.27,6.48,24.1,53.43,57.76
GOLDTECH,55.24,2026-07-28,-3.34,1.21,6.48,37.72,23.58,-16.37
GRWRHITECH,7120.5,2026-07-28,-0.55,2.85,6.46,80.18,132.17,102.42
HECPROJECT,136.43,2026-07-28,-0.92,18.02,6.43,1.09,22.76,-17.94
SETCO,17.9,2026-07-28,-0.56,-2.56,6.42,27.17,172.63,95.69
BIRET,343.44,2026-07-27,0.72,0.93,6.41,8.84,4.02,16.24
SUNPHARMA,1976.7,2026-07-28,0.15,1.04,6.39,13.43,23.85,17.19
LAKPRE,5.0,2026-07-27,-4.76,-10.07,6.38,0.4,0.0,-11.97
CORALFINAC,33.67,2026-07-28,0.06,7.85,6.38,-2.35,-5.05,-29.97
TASTYBITE,9018.0,2026-07-28,1.63,2.59,6.37,30.61,31.14,-21.21
EFCIL,197.89,2026-07-28,0.43,3.55,6.35,0.52,-15.81,
RAYMONDREL,662.1,2026-07-28,-0.57,-5.88,6.35,55.22,56.43,-5.38
FIEMIND,2330.1,2026-07-28,-1.12,2.81,6.34,8.3,8.89,21.38
ARTEMISMED,277.2,2026-07-28,-0.47,2.38,6.34,15.31,17.43,16.54
MANKIND,2617.9,2026-07-28,2.6,2.03,6.32,15.61,23.67,3.04
ASIANHOTNR,315.05,2026-07-28,1.01,6.4,6.31,5.09,2.21,-10.37
TIRUMALCHM,172.46,2026-07-28,0.22,6.18,6.3,-12.87,-9.52,-41.05
HINDCON,21.8,2026-07-28,4.96,1.63,6.29,-5.5,-2.02,-34.63
MAHLIFE,380.25,2026-07-28,0.0,1.89,6.26,12.92,8.21,6.21
ZYDUSWELL,549.45,2026-07-28,-1.77,-8.8,6.26,12.47,30.05,35.48
PHOENIXLTD,2023.2,2026-07-28,-0.66,-2.45,6.23,14.83,17.21,34.31
KPL,2590.4,2026-07-28,-4.34,-5.56,6.19,61.21,,
INFY,1105.7,2026-07-28,2.46,1.71,6.19,-1.95,-32.22,-24.35
HOACFOODS,722.05,2026-07-27,5.11,3.15,6.18,80.56,148.13,237.88
CENTRUM,23.18,2026-07-28,0.13,-2.36,6.18,-6.91,-3.86,-39.57
SANGHVIMOV,436.45,2026-07-28,-3.01,-0.05,6.17,44.22,52.02,71.57
NH,2072.8,2026-07-28,0.92,2.32,6.16,18.24,17.93,4.57
SWASTIK,19.0,2026-07-27,3.83,27.95,6.15,-12.64,0.0,-39.39
SONATSOFTW,297.65,2026-07-28,1.47,-3.92,6.14,17.35,-2.88,-25.21
APLLTD,818.85,2026-07-28,0.54,-2.82,6.14,7.83,7.22,-17.24
SIKA,1120.8,2026-07-28,-0.24,0.74,6.13,7.39,,
MARCO,32.9,2026-07-27,0.3,-1.64,6.13,-19.66,-0.15,-19.07
APTUS,281.3,2026-07-28,0.81,-7.91,6.11,9.7,3.97,-15.76
RANEHOLDIN,1744.6,2026-07-28,-1.03,-0.02,6.11,55.89,39.49,12.61
SHRIPISTON,4270.3,2026-07-28,0.67,0.86,6.01,22.99,58.48,80.78
ASIANTILES,57.62,2026-07-28,7.86,24.45,6.0,-25.14,-19.36,2.11
INDIGOPNTS,1066.6,2026-07-28,-0.68,-1.06,6.0,23.27,0.65,-6.35
SONAMLTD,55.67,2026-07-28,-0.57,0.96,6.0,8.69,37.66,15.76
KEYFINSERV,258.49,2026-07-28,-0.23,-2.6,5.96,-9.27,-9.25,1.61
ZENITHDRUG,49.0,2026-07-27,0.82,-6.67,5.95,18.07,2.19,-29.5
JYOTICNC,806.45,2026-07-28,0.34,0.42,5.91,5.63,-4.05,-20.91
HDFCGROWTH,119.27,2026-07-28,1.11,2.59,5.9,5.38,-5.39,1.12
VENKEYS,1505.1,2026-07-28,0.09,-1.13,5.88,-4.0,0.45,-0.86
SHILPAMED,605.2,2026-07-28,-2.48,-3.24,5.88,48.41,121.12,36.87
RUSHIL,18.4,2026-07-28,4.31,13.86,5.87,7.85,-8.59,-24.14
IL&FSENGG,32.23,2026-07-28,4.98,14.9,5.85,22.92,38.92,-6.55
BORANA,322.25,2026-07-28,-1.77,-2.95,5.85,-4.45,-11.05,47.93
BAJAJHCARE,321.75,2026-07-28,0.66,-16.76,5.82,-0.85,-6.28,-39.11
EPIGRAL,1170.5,2026-07-28,1.17,8.06,5.81,-3.56,12.39,-35.31
POONAWALLA,465.85,2026-07-28,0.16,-0.3,5.8,12.01,14.66,10.75
SIGNATURE,800.3,2026-07-28,1.2,0.12,5.79,-6.24,-2.4,-31.36
ASTERDM,813.5,2026-07-28,1.5,-0.2,5.78,15.34,48.65,42.0
CAPITALSFB,296.3,2026-07-28,-1.18,-2.93,5.78,14.08,17.3,3.72
UNIPARTS,689.3,2026-07-28,-2.2,-0.31,5.75,30.66,63.94,105.34
TARC,130.88,2026-07-28,-1.54,11.85,5.74,-2.6,-18.26,-28.54
QFIL,62.8,2026-07-27,4.67,4.67,5.72,57.39,8.28,-14.5
DEVIT,27.77,2026-07-28,6.48,3.04,5.71,-13.76,-11.98,-39.24
VADILALIND,6741.5,2026-07-28,-0.3,-0.72,5.71,41.71,51.92,26.32
BALAXI,24.44,2026-07-28,0.21,1.75,5.71,-7.91,-2.78,-49.73
IEX,132.11,2026-07-28,4.21,5.1,5.69,6.56,5.52,-2.38
MCLOUD,28.64,2026-07-28,6.63,0.53,5.57,6.19,28.6,-67.57
SFL,764.75,2026-07-28,-0.32,0.55,5.54,48.99,45.63,15.66
JINDRILL,583.9,2026-07-28,-1.76,-2.91,5.53,6.76,10.87,-4.98
EPACKPEB,253.19,2026-07-28,-0.78,2.36,5.51,26.43,33.15,
TRANSPEK,1065.15,2026-07-28,-4.07,3.06,5.51,-10.14,,
SHIVAUM,427.15,2026-07-28,9.99,5.47,5.47,24.21,32.08,41.44
GRPLTD,1999.9,2026-07-28,-1.05,5.47,5.47,3.4,21.42,-12.77
ADVENTHTL,152.48,2026-07-28,2.01,2.71,5.47,-1.03,-14.74,
ANANDRATHI,2037.9,2026-07-28,-0.69,-2.15,5.45,14.1,41.82,54.78
XCHANGING,65.86,2026-07-28,2.6,1.53,5.44,-1.48,-6.62,-26.66
MHLXMIRU,139.02,2026-07-28,-1.16,1.45,5.39,-26.59,-28.87,-35.78
WELINV,1895.2,2026-07-28,-1.9,3.89,5.35,28.49,51.41,77.12
ANSALAPI,3.15,2026-07-28,1.94,11.31,5.35,-13.46,3.96,-43.95
IFGLEXPOR,195.44,2026-07-28,-2.71,-6.01,5.34,0.74,13.11,-17.4
SESHAPAPER,235.28,2026-07-28,-0.85,5.63,5.34,-11.66,6.94,-14.5
HAL,4600.1,2026-07-28,-0.41,2.43,5.3,5.96,0.31,3.27
WAKEFIT,126.18,2026-07-28,-1.19,-1.24,5.3,-12.72,-30.19,
AARVI,150.67,2026-07-28,-4.23,-3.73,5.29,16.84,27.43,49.03
DALBHARAT,1811.2,2026-07-28,-0.84,-1.98,5.28,-5.33,-12.43,-17.48
NEULANDLAB,18871.0,2026-07-28,-0.65,-0.23,5.26,30.88,47.12,36.26
ACCELYA,1159.9,2026-07-28,-0.04,0.09,5.18,-3.0,-9.83,-9.76
DEEPAKFERT,1647.4,2026-07-28,0.79,2.64,5.17,35.15,40.64,9.13
SPECIALITY,133.81,2026-07-28,1.35,-1.24,5.16,32.45,28.76,3.62
AIMTRON,1339.3,2026-07-27,-0.32,-2.32,5.15,36.06,84.51,81.77
INDOFARM,152.11,2026-07-28,-2.1,-3.14,5.13,9.91,-7.51,-25.98
KOPRAN,199.34,2026-07-28,-0.93,-1.87,5.12,25.23,53.09,14.43
KEL,78.1,2026-07-27,-1.14,-1.64,5.11,-3.58,-13.99,-29.64
SRGHFL,311.6,2026-07-28,0.81,2.16,5.09,12.33,10.2,-2.35
AJANTPHARM,3342.4,2026-07-28,-1.29,-3.65,5.09,21.28,22.96,22.15
BALPHARMA,87.49,2026-07-28,-1.29,-3.51,5.07,14.88,25.72,-9.26
CANHLIFE,141.67,2026-07-28,-2.3,-5.41,5.07,3.92,-3.21,
MARALOVER,57.64,2026-07-28,-1.81,4.8,5.05,25.77,45.67,-21.44
IONEXCHANG,418.75,2026-07-28,-2.02,-3.52,5.04,4.86,15.5,-8.64
DATAMATICS,840.0,2026-07-28,-1.73,0.27,5.03,18.02,21.51,-8.61
NAHARPOLY,266.1,2026-07-28,-4.81,1.56,5.03,5.22,20.37,-13.83
DCMSRIND,39.41,2026-07-28,-1.0,-5.06,5.03,0.75,6.01,-75.71
ROUTE,551.35,2026-07-28,1.99,-1.93,5.02,4.03,-7.77,-38.57
MALUPAPER,32.5,2026-07-28,-7.67,12.46,5.01,-1.13,0.81,-13.52
GFSTEELS,14.29,2026-07-27,0.0,0.0,5.0,15.61,27.36,46.87
MANGLMCEM,967.8,2026-07-28,-1.72,-1.26,4.99,4.29,29.99,37.45
RADAAN,3.16,2026-07-28,13.26,7.48,4.98,-4.24,5.33,-20.0
CGCL,228.22,2026-07-28,-6.57,-8.72,4.96,23.34,29.89,27.5
VSSL,296.9,2026-07-28,-0.13,-3.85,4.95,1.23,17.86,20.05
GLAND,2428.3,2026-07-28,0.05,-1.25,4.9,37.91,43.71,19.42
UNIVAFOODS,8.99,2026-07-27,0.0,0.0,4.9,15.4,-21.0,-27.03
VIVO,77.35,2026-07-27,0.0,0.0,4.88,1.78,1.78,20.86
CENTURYPLY,791.15,2026-07-28,-0.19,-0.66,4.85,0.8,3.19,7.67
NEPHROPLUS,689.8,2026-07-28,1.2,9.7,4.84,27.84,35.16,
RICOAUTO,141.23,2026-07-28,-2.99,2.07,4.82,23.32,17.66,101.09
SAKAR,846.9,2026-07-28,2.04,-5.77,4.81,29.87,123.02,139.95
MARINETRAN,14.15,2026-07-27,0.0,0.0,4.81,-16.02,-9.29,-12.11
DCBBANK,195.1,2026-07-28,2.54,2.77,4.81,3.75,-1.39,44.59
SBICARD,654.9,2026-07-28,1.53,1.54,4.81,1.15,-16.0,-21.49
PAR,95.37,2026-07-28,1.08,-7.02,4.8,4.73,4.85,-11.67
MEDICAMEQ,239.1,2026-07-28,-0.85,1.1,4.78,-3.68,-32.31,-36.84
ASIANENE,385.9,2026-07-28,0.55,8.52,4.78,21.77,50.1,26.86
ALUWIND,51.7,2026-07-27,11.66,14.89,4.76,-10.86,-15.25,-32.29
LATENTVIEW,312.05,2026-07-28,-0.57,0.43,4.75,5.6,-22.48,-23.63
SOLARINDS,18244.0,2026-07-28,-2.0,-4.06,4.74,19.28,31.18,26.18
OMFURN,56.6,2026-07-27,1.07,4.91,4.72,-9.29,-11.56,-46.43
DYCL,394.65,2026-07-28,-4.88,-11.44,4.72,3.07,26.83,-1.68
SYLVANPLY,52.35,2026-07-27,-9.74,-12.46,4.7,-18.58,-3.94,-37.64
SHREECEM,26875.0,2026-07-28,0.06,0.09,4.7,8.26,-1.95,-11.97
OBEROIRLTY,1829.5,2026-07-28,-0.17,-2.72,4.7,7.22,23.63,12.98
ENTERO,1235.8,2026-07-28,-2.95,3.87,4.69,3.37,10.04,-2.09
WIPRO,181.12,2026-07-28,1.45,3.86,4.68,-9.12,-22.82,-24.85
ETHOSLTD,2550.7,2026-07-28,-1.09,-3.88,4.67,-1.42,2.36,-11.16
BRITANNIA,5478.5,2026-07-28,1.75,0.16,4.61,-3.24,-4.7,-1.32
STYRENIX,2441.6,2026-07-28,-1.39,3.23,4.59,4.83,30.32,-14.97
SUPERSPIN,5.71,2026-07-28,1.78,11.09,4.58,3.82,-27.9,-41.32
ALPHAGEO,207.89,2026-07-28,2.76,3.82,4.57,-7.46,-5.35,-18.45
MUKANDLTD,139.1,2026-07-28,-1.05,-3.31,4.54,0.2,7.9,5.78
ALICON,674.3,2026-07-28,-0.61,8.1,4.53,-4.0,-1.76,-24.14
INDIQUBE,177.52,2026-07-28,0.01,8.73,4.53,2.07,-1.25,
PENINLAND,16.41,2026-07-28,1.99,-5.8,4.52,-9.49,-19.32,-54.29
VELS,73.0,2026-07-27,0.0,4.51,4.51,6.8,38.39,16.61
CSBBANK,339.2,2026-07-28,0.58,-6.03,4.5,-13.81,-19.68,-19.82
CONSUMER,11.9,2026-07-28,0.85,0.76,4.48,8.28,8.38,2.85
SONAMAC,35.25,2026-07-27,10.33,10.5,4.44,-20.34,-7.36,-55.8
PROTEAN,623.5,2026-07-28,-0.36,6.45,4.42,16.3,2.43,-20.1
KIRIINDUS,404.0,2026-07-28,-1.66,-1.04,4.42,-2.94,-14.85,-26.25
EMUDHRA,460.1,2026-07-28,-0.66,0.4,4.39,-6.43,-11.96,-42.92
INDOSTAR,269.75,2026-07-28,0.47,1.16,4.38,35.0,25.04,-6.66
THEJO,1901.9,2026-07-28,-1.0,-0.44,4.37,7.92,8.39,-19.03
AMDIND,47.19,2026-07-28,-0.8,2.72,4.36,5.78,5.62,-7.2
SKIL,0.96,2026-07-27,4.35,9.09,4.35,4.35,-27.82,-55.96
SADBHAV,9.14,2026-07-28,9.99,13.4,4.34,-8.42,39.33,-22.34
WELENT,594.35,2026-07-28,-0.41,-4.99,4.34,15.4,25.45,23.84
PHARMABEES,26.73,2026-07-28,0.04,-0.15,4.29,12.59,20.03,14.77
SENORES,1323.9,2026-07-28,-6.24,-4.41,4.27,44.42,67.35,105.78
PATELRMART,221.63,2026-07-28,-0.26,2.96,4.27,4.64,13.27,
SHIVATEX,152.63,2026-07-28,-1.37,4.16,4.26,-0.48,-7.18,-22.54
ENERGYDEV,16.98,2026-07-28,-0.93,-0.35,4.24,-2.58,-0.12,-16.48
JSL,724.3,2026-07-28,0.04,-0.88,4.21,-6.4,-10.36,10.2
KTKBANK,276.75,2026-07-28,-3.08,0.54,4.2,4.98,51.05,53.99
SANGANI,44.8,2026-07-27,-0.22,-0.44,4.19,-13.01,-7.63,-31.08
ALKEM,5651.5,2026-07-28,0.69,-0.04,4.18,4.3,-0.44,13.06
MANORAMA,1639.3,2026-07-28,-1.18,2.39,4.18,13.45,28.32,-2.79
RHIM,391.85,2026-07-28,-2.29,-4.12,4.16,-4.35,-7.48,-21.24
PILITA,8.78,2026-07-28,0.57,-2.34,4.15,8.0,-1.46,-40.27
HAVELLS,1227.1,2026-07-28,-0.83,2.23,4.14,-3.06,-4.16,-17.96
AVPINFRA,70.5,2026-07-27,16.63,19.39,4.14,-26.22,-24.84,-62.63
FLEXIADD,10.09,2026-07-28,0.7,1.2,4.13,4.13,-3.9,
MANALIPETC,66.14,2026-07-28,-1.24,3.55,4.11,21.51,19.69,-5.23
EFFWA,379.9,2026-07-27,3.6,2.58,4.08,69.6,87.47,65.86
IRBINVIT,61.85,2026-07-27,2.17,2.75,4.08,5.52,7.59,13.34
ANDHRSUGAR,83.69,2026-07-28,-4.3,2.2,4.07,-14.66,19.45,8.35
KNAGRI,219.57,2026-07-28,-0.85,12.01,4.07,12.88,35.65,-10.74
MOHEALTH,51.03,2026-07-28,-0.99,-0.45,4.06,13.25,21.96,11.2
ULTRACEMCO,11956.0,2026-07-28,0.63,0.45,4.06,1.18,-6.35,-2.32
BHARTIARTL,1901.8,2026-07-28,-0.18,-0.74,4.05,4.44,-1.63,1.87
BIOCON,432.45,2026-07-28,-0.87,-0.93,4.04,19.34,16.86,11.75
TNPL,150.84,2026-07-28,-3.33,3.36,4.03,-0.9,7.57,-2.31
EIMCOELECO,1798.5,2026-07-28,-1.71,-1.31,4.03,11.26,6.47,-24.87
MOREPENLAB,55.3,2026-07-28,-2.4,-5.03,4.03,31.04,55.03,-3.72
LEXUS,14.72,2026-07-28,-1.67,-7.77,4.03,-17.67,-41.96,-54.43
LTF,311.0,2026-07-28,-0.4,1.68,4.01,9.95,8.57,55.55
UNIMECH,1180.8,2026-07-28,-1.86,-7.35,4.0,6.35,40.43,2.61
MAGSON,182.0,2026-07-27,0.0,0.0,4.0,-0.55,40.0,40.0
SUPRAJIT,487.15,2026-07-28,-0.86,-0.81,4.0,17.05,16.13,5.78
BI,59.25,2026-07-28,1.35,-4.47,3.97,-2.63,,
MRPL,160.03,2026-07-28,-1.39,-6.37,3.96,-7.88,-0.34,21.08
UNIINFO,12.35,2026-07-28,0.0,0.08,3.96,-8.45,-18.48,-39.99
360ONE,1128.3,2026-07-28,-0.39,0.16,3.95,8.6,-0.44,6.14
IMPAL,1114.6,2026-07-28,-1.57,0.05,3.92,13.86,5.57,7.62
MANDEEP,19.95,2026-07-27,-0.99,3.37,3.91,-12.88,-2.21,-23.42
ICICIPRULI,510.1,2026-07-28,0.06,2.35,3.88,-1.67,-20.32,-16.73
M&M,3271.2,2026-07-28,1.01,3.34,3.88,7.04,-4.16,2.98
LAOPALA,187.15,2026-07-28,0.69,0.69,3.87,4.85,-2.7,-28.08
ARE&M,861.85,2026-07-28,-1.39,-4.86,3.86,-3.43,3.01,-9.84
HOLMARC,109.0,2026-07-27,-0.91,-0.91,3.81,21.38,17.2,-11.79
BHAGYANGR,407.05,2026-07-28,-4.61,6.36,3.8,46.07,131.74,307.42
TEXINFRA,114.41,2026-07-28,1.07,0.35,3.79,15.71,22.31,16.9
SOUTHBANK,47.13,2026-07-28,-1.61,2.06,3.79,19.2,6.08,61.38
ASPIRE,15.1,2026-07-27,11.85,11.85,3.78,-8.48,-10.91,-46.07
OMINFRAL,90.34,2026-07-28,3.79,2.89,3.78,-2.58,18.15,-23.55
INDIANCARD,223.04,2026-07-28,-0.69,0.01,3.76,5.86,-1.12,-23.27
MANBA,137.37,2026-07-28,-6.15,-0.33,3.75,25.68,1.85,2.96
NXST,167.5,2026-07-27,-0.02,2.09,3.75,7.86,7.72,19.25
IMPEXFERRO,2.5,2026-07-27,4.6,9.65,3.73,51.52,43.68,19.62
SCML,78.85,2026-07-27,-0.32,2.2,3.68,-43.27,-36.95,-0.19
MAHASTEEL,820.6,2026-07-28,6.68,0.15,3.68,-3.65,3.56,127.53
VARDHACRLC,46.24,2026-07-28,5.0,6.59,3.68,30.77,24.6,-3.21
HINDCOMPOS,426.65,2026-07-28,0.64,-3.31,3.67,-9.35,4.23,-14.05
SUBEXLTD,12.15,2026-07-28,-1.3,-6.03,3.67,26.3,30.23,-9.67
CINELINE,80.99,2026-07-28,-1.58,4.27,3.66,-7.47,-8.37,-12.38
SBIETFQLTY,223.06,2026-07-28,0.47,1.24,3.64,2.28,-2.62,2.74
MICROPRO,19.95,2026-07-27,2.57,6.12,3.64,4.72,7.84,-10.34
ARCHIDPLY,83.06,2026-07-28,1.98,2.66,3.64,2.98,-0.05,-23.24
AUTOBEES,287.37,2026-07-28,0.75,3.0,3.64,8.27,4.82,18.42
APOLLOHOSP,8903.0,2026-07-28,0.67,-0.02,3.62,14.83,29.62,21.34
MERCURYEV,35.86,2026-07-28,-0.17,1.53,3.61,,,
LOWVOL1,21.52,2026-07-28,1.27,1.61,3.61,4.42,0.61,4.52
AUTOIETF,28.8,2026-07-28,0.7,3.15,3.6,8.31,4.54,18.42
HEALTHY,16.99,2026-07-28,0.12,0.18,3.6,11.7,18.65,11.48
AURUM,222.82,2026-07-28,-2.99,-5.1,3.59,22.39,23.95,16.6
ABB,7243.5,2026-07-28,-1.15,-3.64,3.58,-0.2,44.21,31.4
GRAPHISAD,29.0,2026-07-27,5.45,5.45,3.57,-20.11,-39.96,-29.1
RRKABEL,2576.9,2026-07-28,2.04,10.46,3.56,60.56,91.65,89.17
HNGSNGBEES,489.13,2026-07-28,0.19,0.88,3.55,-6.61,-11.5,10.91
MOTISONS,14.62,2026-07-28,4.73,4.5,3.54,5.64,29.27,-29.68
HEALTHCARE,21.35,2026-07-28,0.09,0.0,3.54,12.25,,
FALCONTECH,11.7,2026-07-27,10.38,1.3,3.54,-20.68,-22.77,-35.18
ABREL,1391.7,2026-07-28,-0.61,-3.47,3.52,-7.76,6.76,-29.05
RKSWAMY,104.03,2026-07-28,-2.51,3.0,3.51,21.76,-3.76,-34.52
PNB,111.65,2026-07-28,0.03,-0.1,3.5,3.15,-7.71,7.59
PRUDENT,3089.5,2026-07-28,7.65,9.14,3.5,10.02,35.96,5.91
QUAL30IETF,21.19,2026-07-28,0.43,1.19,3.47,2.12,-2.93,3.01
JYOTHYLAB,203.72,2026-07-28,0.86,1.32,3.46,-20.99,-16.36,-37.01
BAJAJHLDNG,10831.0,2026-07-28,0.19,5.17,3.46,7.02,2.44,-20.16
ANKITMETAL,1.5,2026-07-28,-3.23,2.74,3.45,-6.25,-13.79,-24.62
ASIANPAINT,2736.2,2026-07-28,0.96,1.66,3.44,12.07,9.88,17.15
NUVAMA,1808.8,2026-07-28,-5.62,-2.44,3.44,32.49,38.08,27.4
PSPPROJECT,1022.0,2026-07-28,-3.21,-4.69,3.41,35.03,33.49,26.89
ORBTEXP,244.0,2026-07-28,-0.03,10.75,3.4,49.45,41.39,3.75
BIMETAL,638.15,2026-07-28,-1.94,-2.57,3.35,8.3,,
DHAMPURSUG,141.33,2026-07-28,-1.59,-2.81,3.35,2.37,22.93,2.4
HEALTHIETF,169.13,2026-07-28,0.16,-0.15,3.33,10.84,18.51,11.24
KROSS,195.77,2026-07-28,2.87,-6.02,3.33,4.51,1.53,9.73
BPCL,320.05,2026-07-28,1.2,0.77,3.33,4.0,-9.18,2.27
TRIGYN,53.89,2026-07-28,0.9,0.19,3.3,-6.94,-3.23,-32.26
RADIOWALLA,28.25,2026-07-27,-3.91,14.6,3.29,-20.08,-48.92,-54.25
CHEVIOT,1156.9,2026-07-28,-0.36,2.86,3.28,5.72,14.15,-1.95
NIFTYQLITY,21.4,2026-07-28,0.28,1.13,3.28,2.1,-5.35,2.74
OFSS,11334.0,2026-07-28,2.21,-2.46,3.28,21.83,45.51,36.38
TBOTEK,1508.6,2026-07-28,-0.7,4.43,3.27,20.26,6.37,10.2
CAPLIPOINT,2588.3,2026-07-28,-1.26,-2.3,3.27,49.72,47.32,26.6
KIRANVYPAR,201.52,2026-07-28,0.26,3.8,3.27,0.13,,
BTML,6.33,2026-07-28,-5.24,3.6,3.26,0.64,-19.36,-22.14
QUALITY30,20.74,2026-07-28,-0.19,1.07,3.24,1.72,-3.26,2.62
BANKA,93.0,2026-07-28,-1.19,4.2,3.23,24.73,50.24,6.66
CHEMFAB,376.8,2026-07-28,-0.05,1.02,3.23,-6.89,-7.53,-49.33
DENTA,335.2,2026-07-28,0.4,-1.63,3.22,18.78,27.14,5.82
ESCORTS,3009.9,2026-07-28,1.89,0.96,3.2,-8.0,-12.15,-10.27
SELECTIPO,46.34,2026-07-28,0.54,-0.43,3.18,5.87,9.66,-4.43
CMNL,103.15,2026-07-27,7.34,5.31,3.15,-18.84,-2.69,-32.23
RATNAVEER,186.17,2026-07-28,-6.73,3.28,3.14,15.9,32.91,27.12
TVSSCS,135.6,2026-07-28,-0.75,-0.4,3.13,15.63,34.67,7.04
EICHERMOT,7836.0,2026-07-28,0.86,3.6,3.13,10.81,10.82,47.37
GODREJCP,1066.9,2026-07-28,-0.63,0.2,3.12,-1.81,-8.1,-10.61
ICICIBANK,1430.8,2026-07-28,-1.03,-2.01,3.12,10.74,4.61,-3.13
BANARISUG,3482.7,2026-07-28,0.22,0.15,3.1,-3.29,-3.2,-7.15
ORIENTPPR,17.64,2026-07-28,-3.13,5.82,3.1,-4.7,-12.24,-37.11
CHALET,844.15,2026-07-28,-0.28,-1.38,3.08,7.49,2.41,-5.94
CDSL,1345.1,2026-07-28,1.21,-2.89,3.07,2.47,0.03,-10.14
MOIPO,46.21,2026-07-28,0.26,-0.82,3.06,4.98,9.58,
CONS,12.23,2026-07-28,-0.08,1.33,3.03,4.62,-89.6,-89.71
DMCC,266.7,2026-07-28,-1.6,-0.02,3.03,-6.12,18.35,-12.36
JAYNECOIND,88.36,2026-07-28,0.89,5.15,3.03,-19.53,18.1,114.52
KRN,1226.7,2026-07-28,-1.44,-3.36,3.0,-6.31,98.4,48.93
CONSUMBEES,132.83,2026-07-28,0.43,1.63,3.0,5.0,4.25,3.31
CCAVENUE,16.55,2026-07-28,-1.08,-3.95,2.99,16.96,5.68,4.35
IVALUE,284.45,2026-07-28,-1.54,-4.63,2.98,10.67,22.27,
LOWVOL,209.07,2026-07-28,0.46,0.95,2.97,4.23,0.0,3.43
LUPIN,2395.8,2026-07-28,-0.59,-3.34,2.97,4.8,13.32,23.09
APLAPOLLO,1846.7,2026-07-28,-0.17,1.79,2.97,-6.54,-11.68,23.15
MRF,133140.0,2026-07-28,0.85,0.26,2.95,2.5,-1.16,-9.76
ADL,70.21,2026-07-28,0.01,-2.82,2.95,-9.36,-6.24,-17.33
SEJALLTD,762.35,2026-07-28,-1.31,4.04,2.95,-9.8,10.48,63.33
ANTELOPUS,831.8,2026-07-28,-5.0,-3.48,2.93,21.86,44.15,38.78
DAMCAPITAL,154.39,2026-07-28,-1.57,-5.19,2.93,-3.64,-13.54,-29.45
SHARIABEES,462.52,2026-07-28,0.46,0.72,2.92,-0.52,-11.03,-5.92
ANTHEM,783.9,2026-07-28,-0.84,-0.97,2.91,1.5,30.89,3.97
SGIL,600.95,2026-07-28,0.2,-1.54,2.91,10.64,21.04,13.96
MIDSELIETF,19.5,2026-07-28,0.26,0.46,2.9,7.85,9.67,12.33
ELPROINTL,177.18,2026-07-28,-0.4,1.33,2.9,57.54,,
GOLDIAM,358.7,2026-07-28,0.83,4.29,2.89,25.1,49.46,43.23
XPROINDIA,1378.0,2026-07-28,-1.15,-0.66,2.88,35.92,33.41,16.26
IGPL,463.0,2026-07-28,-2.06,7.99,2.88,9.53,24.21,-0.44
SUNFLAG,355.1,2026-07-28,-1.95,1.14,2.88,20.59,43.19,27.94
TCIEXP,548.4,2026-07-28,-2.31,-5.06,2.82,5.49,10.96,-20.1
IDEAFORGE,847.95,2026-07-28,-1.43,-1.09,2.81,49.51,96.44,87.12
CHEMBONDCH,230.78,2026-07-28,-4.09,-8.54,2.81,51.27,65.92,13.06
VHLTD,132.01,2026-07-28,-1.55,0.45,2.8,-5.25,-5.03,23.55
LOWVOLIETF,22.4,2026-07-28,0.49,0.81,2.8,4.14,-0.31,3.08
BODALCHEM,68.13,2026-07-28,0.78,3.49,2.78,-1.07,42.03,-7.93
SBIETFCON,122.81,2026-07-28,0.15,1.33,2.77,4.51,3.97,2.96
HDFCQUAL,58.04,2026-07-28,-0.05,0.78,2.76,1.13,-4.0,3.05
ROSSELLIND,59.19,2026-07-28,0.51,-5.17,2.69,5.49,38.33,-11.54
IFBIND,1312.6,2026-07-28,-0.85,-2.31,2.68,11.53,19.59,-2.05
GODREJAGRO,577.1,2026-07-28,0.48,0.91,2.68,-1.79,8.7,-30.05
RAINBOW,1469.5,2026-07-28,-0.94,-1.3,2.68,18.6,23.97,-4.4
HDFCLOWVOL,20.82,2026-07-28,0.43,0.73,2.66,3.53,-0.72,3.12
SUNDRMFAST,953.75,2026-07-28,-0.47,-0.2,2.66,18.46,5.31,-2.92
RITES,214.29,2026-07-28,-1.32,-2.57,2.59,-3.52,-4.9,-16.0
HNDFDS,574.25,2026-07-28,-0.67,0.23,2.59,18.86,25.88,6.02
EXCELSOFT,76.8,2026-07-28,-0.86,0.66,2.58,-18.61,7.04,
ALPL30IETF,27.97,2026-07-28,0.0,0.14,2.57,5.59,2.64,3.06
BAIDFIN,10.03,2026-07-28,1.72,-0.79,2.56,-10.37,-14.71,-17.21
CONSUMIETF,123.27,2026-07-28,0.16,1.39,2.56,4.63,3.89,3.19
EMAMILTD,407.1,2026-07-28,-1.69,0.48,2.56,-10.44,-15.6,-26.24
PTCIL,17874.0,2026-07-28,-0.27,-0.87,2.55,11.78,-0.31,21.73
EPL,235.07,2026-07-28,-1.67,-1.95,2.55,4.32,20.88,10.4
PREMCO,371.7,2026-07-28,0.96,0.15,2.54,-12.54,,
SIGACHI,25.43,2026-07-28,-1.97,-0.35,2.54,25.58,23.81,-34.24
VILINBIO,42.6,2026-07-27,-3.95,-8.39,2.53,16.08,40.59,70.06
UPL,599.65,2026-07-28,-1.45,-1.06,2.53,-6.2,-15.33,-17.04
ARIHANTSUP,261.0,2026-07-28,0.13,-0.46,2.51,-7.4,-2.97,-39.54
PRITIKAUTO,17.58,2026-07-28,-2.12,-2.28,2.51,29.17,32.48,0.0
ONGC,238.91,2026-07-28,0.15,-4.28,2.49,-20.71,-8.95,4.92
VOGL,34.18,2026-07-28,-1.89,-3.85,2.49,,,
TNTELE,9.2,2026-07-28,1.21,2.0,2.45,-11.11,2.22,-55.1
STYLAMIND,3407.3,2026-07-28,-0.23,-0.21,2.44,52.25,54.93,82.56
MAFANG,191.12,2026-07-28,-0.74,-3.8,2.44,5.71,14.94,23.92
ASPINWALL,243.13,2026-07-28,-1.53,-3.33,2.44,7.02,15.13,-12.92
BLUEDART,5103.5,2026-07-28,-0.21,4.52,2.43,-5.61,-7.28,-21.76
MAWANASUG,108.15,2026-07-28,-1.18,-3.48,2.42,10.18,40.03,15.95
JUBLFOOD,432.2,2026-07-28,1.11,1.73,2.42,-10.15,-12.2,-32.9
UNOMINDA,1163.9,2026-07-28,0.13,0.82,2.41,3.19,1.56,9.53
TI,444.1,2026-07-28,-0.58,0.28,2.37,-3.37,2.42,-12.66
BAJAJELEC,327.05,2026-07-28,-0.71,-2.15,2.37,-17.09,-17.02,-47.23
NATCOPHARM,925.05,2026-07-28,-0.22,-2.69,2.36,-15.45,13.21,-1.15
PNBHOUSING,1069.4,2026-07-28,-0.84,-2.64,2.35,2.48,26.47,6.05
MIDCAP,18.35,2026-07-28,0.0,-0.65,2.34,5.34,-88.5,-88.5
MAHSCOOTER,12733.0,2026-07-28,-1.95,-2.08,2.31,3.19,-3.64,-13.39
TOP20,8.87,2026-07-28,0.11,0.57,2.31,2.19,,
GSEC10YEAR,30.64,2026-07-28,0.13,0.96,2.3,3.37,3.62,4.86
AARTIIND,476.75,2026-07-28,-1.92,-3.76,2.3,-4.97,34.07,11.56
ORCHPHARMA,985.35,2026-07-28,-0.26,-5.85,2.29,68.35,41.18,40.77
AWL,186.17,2026-07-28,-0.78,-1.69,2.27,-8.67,-10.8,-29.92
PARADEEP,139.21,2026-07-28,3.39,0.71,2.26,3.59,4.44,-29.79
EMBASSY,437.95,2026-07-27,-2.53,-1.24,2.26,2.6,4.76,15.8
STOVEKRAFT,796.7,2026-07-28,0.1,2.44,2.25,45.37,59.93,32.2
DEEPAKNTR,1651.3,2026-07-28,-1.64,-1.83,2.25,-1.41,5.63,-10.31
DIVIDEND,35.66,2026-07-28,0.51,0.59,2.24,-4.01,,
APOLLOPIPE,491.75,2026-07-28,-2.69,-0.32,2.23,13.67,78.61,22.18
GANESHHOU,772.05,2026-07-28,-5.83,-5.57,2.23,13.41,5.96,-12.43
PRIVISCL,3629.2,2026-07-28,0.15,-1.26,2.22,11.01,29.66,46.31
SULA,157.76,2026-07-28,4.58,5.17,2.22,-10.32,-15.21,-44.94
UCL,190.0,2026-07-27,10.14,-0.08,2.21,61.36,265.38,313.04
SSFL,260.0,2026-07-27,-5.54,-0.19,2.2,147.03,174.7,48.86
SKP,159.0,2026-07-27,2.22,7.07,2.19,6.64,3.79,-24.79
SML100CASE,10.85,2026-07-28,-0.18,-1.09,2.17,6.61,14.43,
DNAMEDIA,2.84,2026-07-28,0.35,2.16,2.16,-5.02,-14.2,-39.57
MAGNUM,19.98,2026-07-28,0.65,7.13,2.15,-6.98,-2.96,-16.51
BOSCHLTD,41310.0,2026-07-28,0.15,0.85,2.15,10.69,14.16,9.51
PPL,268.4,2026-07-28,-0.07,5.15,2.15,24.65,31.29,-26.22
PIDILITIND,1619.6,2026-07-28,0.52,4.18,2.15,17.14,11.68,13.33
CCL,1188.2,2026-07-28,1.18,-1.07,2.15,7.7,27.72,42.2
SAPPHIRE,184.23,2026-07-28,-1.53,1.7,2.14,5.7,-2.96,-45.4
GOLDBND,141.49,2026-07-28,-1.09,0.01,2.13,-4.62,,
SOMATEX,96.25,2026-07-28,-3.3,-5.27,2.13,-13.97,-19.17,-1.95
QUADPRO,2.4,2026-07-27,0.0,0.0,2.13,23.08,11.63,-30.43
NIVABUPA,86.58,2026-07-28,-0.39,0.58,2.11,12.44,12.43,4.38
HARRMALAYA,208.99,2026-07-28,-2.75,-3.88,2.1,-6.22,29.73,1.66
MSUMI,41.52,2026-07-28,-0.53,4.64,2.09,7.35,-2.76,5.28
ANUHPHR,79.82,2026-07-28,-1.07,-0.98,2.07,-3.07,9.37,-16.88
GROWWHOSPI,54.29,2026-07-28,0.31,0.43,2.07,11.39,,
GOLDIETF,120.99,2026-07-28,-1.58,-0.06,2.06,-4.63,-14.36,42.98
GROWWLOVOL,10.46,2026-07-28,-0.38,0.19,2.05,1.45,-0.34,5.35
TAPIFRUIT,50.0,2026-07-27,4.82,4.82,2.04,-10.79,-23.08,-32.43
GOLDADD,137.31,2026-07-28,-1.48,-0.09,2.04,-4.62,-14.0,42.87
EBGNG,577.3,2026-07-28,-1.7,3.38,2.04,39.51,128.72,
IITL,131.33,2026-07-28,-0.95,2.49,2.03,-21.88,-6.2,-18.62
3PLAND,32.28,2026-07-28,-0.03,1.8,2.02,-10.31,-8.66,-29.05
NRAIL,464.45,2026-07-28,-2.96,8.38,1.99,-7.01,5.2,35.7
GOLDETF,137.71,2026-07-28,-1.21,0.19,1.97,-4.51,-13.62,43.09
MINDACORP,683.6,2026-07-28,-1.29,1.09,1.96,31.49,25.94,34.4
VISHNU,620.3,2026-07-28,-2.51,-3.09,1.96,5.59,22.26,25.3
INDHOTEL,734.7,2026-07-28,0.13,1.33,1.95,13.11,12.46,-0.92
SUTLEJTEX,38.0,2026-07-28,-0.34,-2.69,1.93,-5.85,28.55,-10.29
SANOFICONR,4707.2,2026-07-28,0.47,3.94,1.93,2.07,15.89,-3.69
PARIN,734.4,2026-07-27,0.6,0.85,1.92,15.43,21.49,98.22
SCODATUBES,146.8,2026-07-28,-0.63,1.13,1.91,-0.86,11.03,-23.19
GOLD1,117.89,2026-07-28,-1.51,-0.13,1.89,-4.63,-13.84,42.9
GOLDCASE,22.23,2026-07-28,-1.46,0.05,1.88,-4.76,-14.17,43.05
HDFCGOLD,120.78,2026-07-28,-1.46,-0.01,1.88,-4.76,-13.82,42.83
JSWSTEEL,1246.9,2026-07-28,0.18,-0.8,1.87,-2.15,2.9,21.9
MGEL,16.39,2026-07-28,-0.24,-0.06,1.86,16.31,32.15,-4.32
ELLEN,274.85,2026-07-28,-2.69,-4.32,1.85,-0.03,6.99,-51.32
SUNDROP,674.0,2026-07-28,-1.25,6.12,1.85,1.89,10.24,-20.17
RGL,116.26,2026-07-28,-1.51,-2.97,1.85,15.94,7.84,1.84
FEDFINA,151.1,2026-07-28,0.55,-4.22,1.84,-0.34,-3.54,22.49
GOLDBETA,119.05,2026-07-28,-1.41,0.17,1.84,-4.68,-13.73,43.43
RSYSTEMS,254.2,2026-07-28,0.53,1.51,1.84,-5.09,-30.29,-37.58
SETFGOLD,120.52,2026-07-28,-1.5,-0.06,1.84,-4.72,-13.99,42.68
BEEKAY,408.55,2026-07-28,3.35,0.88,1.83,-7.02,,
DIFFNKG,395.35,2026-07-28,-2.15,2.38,1.82,32.03,63.4,23.88
CPCAP,108.31,2026-07-28,-0.02,-0.21,1.82,12.04,5.78,-34.5
MASPTOP50,77.9,2026-07-28,-0.24,-2.21,1.82,1.3,7.82,30.86
BSLGOLDETF,124.4,2026-07-28,-1.34,0.19,1.81,-4.73,-13.84,43.09
PENIND,165.2,2026-07-28,0.02,-2.34,1.79,-3.26,-2.98,-32.15
TATAGOLD,13.74,2026-07-28,-1.36,0.07,1.78,-4.58,-13.53,42.83
SHREYANIND,141.53,2026-07-28,-1.03,4.04,1.77,-15.54,-13.31,-38.3
MONEXT50,73.24,2026-07-28,0.94,2.25,1.77,4.3,8.09,10.66
MALLCOM,1024.6,2026-07-28,2.52,-0.92,1.77,-6.72,-9.59,-21.79
SADHAV,118.05,2026-07-27,3.69,2.79,1.77,-0.88,17.17,-2.36
AMEYA,107.85,2026-07-27,-6.62,-3.49,1.75,-4.77,18.45,-10.57
AGARWALEYE,493.1,2026-07-28,3.55,1.73,1.74,11.67,12.21,9.74
GRCL,585.0,2026-07-27,-3.72,-7.02,1.74,56.75,81.34,41.65
PHANTOMFX,187.25,2026-07-27,1.79,-0.27,1.74,-10.41,-7.8,-41.13
ATULAUTO,475.9,2026-07-28,-1.32,-1.05,1.73,-2.04,18.15,5.83
CROWN,112.58,2026-07-28,0.06,0.0,1.72,-18.17,2.05,-27.31
RUBFILA,72.06,2026-07-28,-0.39,-1.26,1.71,-1.42,0.94,-10.2
HINDZINC,526.9,2026-07-28,-0.52,0.81,1.71,-12.92,-24.24,24.18
QGOLDHALF,117.05,2026-07-28,-1.56,-0.12,1.7,-4.69,-13.97,43.09
RBMINFRA,290.9,2026-07-27,12.64,7.8,1.7,-30.96,-13.93,-37.73
INNOVACAP,957.25,2026-07-28,-1.36,-1.64,1.69,32.9,37.84,9.15
CHEMICAL,30.16,2026-07-28,-1.24,-1.18,1.69,6.2,7.98,
SYMPHONY,688.55,2026-07-28,1.41,-2.57,1.67,-20.62,-17.24,-37.19
HYUNDAI,2001.9,2026-07-28,0.87,1.5,1.65,9.68,-7.37,-1.4
INCREDIBLE,33.44,2026-07-28,0.0,3.11,1.64,-6.7,-9.77,-17.41
GOLDBEES,116.83,2026-07-28,-1.51,-0.01,1.63,-4.77,-13.98,42.42
GANDHITUBE,873.35,2026-07-28,-0.29,0.94,1.61,3.21,20.65,17.01
MOGOLD,139.9,2026-07-28,-1.37,0.0,1.6,-4.7,-13.56,
NIITMTS,231.08,2026-07-28,-1.07,-1.66,1.6,-27.38,-39.37,-28.25
DELHIVERY,472.2,2026-07-28,0.47,-3.01,1.59,1.46,15.81,10.11
INDIACEM,389.95,2026-07-28,-2.11,-0.65,1.59,-6.98,-12.39,9.52
AARTISURF,379.65,2026-07-28,-4.68,-3.09,1.58,-9.0,-7.32,-29.24
ELIN,100.99,2026-07-28,-0.41,-4.04,1.57,-17.26,-32.66,-41.77
GROWWCHEM,29.99,2026-07-28,-1.22,-1.96,1.56,5.49,7.52,
JKCEMENT,5642.5,2026-07-28,-1.53,3.48,1.55,3.49,-0.12,-12.04
EQUAL200,13.79,2026-07-28,0.36,-0.22,1.55,2.62,5.61,7.51
COMMITTED,330.0,2026-07-27,0.43,-2.37,1.54,23.0,59.19,51.34
KUANTUM,77.59,2026-07-28,-3.22,3.33,1.53,-4.41,-12.42,-38.51
EQUAL50,332.9,2026-07-28,0.5,0.09,1.52,2.24,1.05,7.29
LICMFGOLD,127.7,2026-07-28,-1.05,0.12,1.51,-4.49,-99.13,-98.57
ASHAPURMIN,681.4,2026-07-28,-2.95,-1.02,1.5,5.14,4.45,27.49
MON50EQUAL,33.42,2026-07-28,0.54,0.53,1.49,2.58,1.38,7.6
DHUNINV,862.8,2026-07-28,-0.54,-8.62,1.49,-6.58,-14.27,-41.67
EVIETF,32.04,2026-07-28,-0.06,1.2,1.49,6.91,8.57,10.1
LICNMID100,62.73,2026-07-28,0.18,-0.65,1.49,3.81,7.27,8.49
SHRADHA,34.47,2026-07-28,-1.12,-7.76,1.47,-11.21,-12.47,-46.86
GALAPREC,1099.6,2026-07-28,-5.55,-9.5,1.47,47.82,57.68,31.63
SEDEMAC,2705.4,2026-07-28,-2.62,1.02,1.47,42.73,,
SIEMENS,3681.0,2026-07-28,-1.0,0.07,1.46,-3.82,23.49,20.23
PIONEEREMB,22.93,2026-07-28,-0.48,-1.16,1.46,-13.67,-9.47,-41.52
DABUR,424.6,2026-07-28,-0.64,-0.45,1.46,-4.45,-16.61,-17.17
SHRIRAMFIN,1040.9,2026-07-28,0.26,0.53,1.45,9.81,2.75,66.26
SHRINGARMS,219.7,2026-07-28,-0.22,-2.05,1.44,8.15,-2.01,
COROMANDEL,2026.8,2026-07-28,1.15,0.32,1.42,0.9,-9.75,-15.59
GLENMARK,2184.6,2026-07-28,-0.52,-2.45,1.4,-9.12,9.59,2.12
LUXIND,1236.9,2026-07-28,-0.78,-3.33,1.39,-18.09,38.65,-10.31
20MICRONS,201.63,2026-07-28,-1.16,-2.25,1.39,13.73,13.82,-15.29
BBTCL,217.03,2026-07-28,-1.05,2.44,1.38,8.47,15.44,5.21
CTE,31.61,2026-07-28,-1.1,2.63,1.38,-1.06,-2.71,-30.08
AGI,698.15,2026-07-28,-1.27,0.36,1.37,3.81,3.38,-26.24
VAISHALI,7.39,2026-07-28,-4.27,-5.5,1.37,-8.2,-10.1,-39.82
AONEGOLD,13.21,2026-07-28,-1.27,0.24,1.34,-4.51,-13.67,
GIPCL,161.68,2026-07-28,-0.55,-0.91,1.34,2.67,15.59,-16.05
AUBANK,1047.7,2026-07-28,-0.43,5.48,1.34,2.43,8.87,44.04
IMFA,1344.6,2026-07-28,-1.98,-0.17,1.33,-17.61,10.35,85.5
GAIL,175.15,2026-07-28,0.53,1.24,1.33,5.72,7.42,0.57
INDOWIND,9.22,2026-07-28,0.0,0.11,1.32,-17.38,-31.5,-49.67
BASF,3700.2,2026-07-28,-1.02,0.37,1.31,1.34,2.16,-23.84
URBAN,133.15,2026-07-27,6.65,5.63,1.29,-6.89,-4.62,-21.56
EGOLD,141.3,2026-07-28,-1.46,-0.04,1.29,-4.69,-13.89,42.58
TORNTPOWER,1431.8,2026-07-28,-0.57,-0.1,1.28,-18.13,8.91,8.46
SOUTHWEST,226.61,2026-07-28,-3.7,-3.94,1.28,-4.8,18.81,64.09
DYNPRO,238.22,2026-07-28,0.0,3.79,1.28,1.5,9.1,-31.26
UFBL,699.65,2026-07-28,0.04,4.92,1.27,107.41,289.11,128.72
SAKSOFT,162.47,2026-07-28,-1.35,-8.54,1.26,13.84,-8.02,-22.44
RUDRA,17.62,2026-07-28,-0.34,2.92,1.26,-18.99,-9.83,
EQUAL50ADD,343.95,2026-07-28,0.3,0.12,1.25,2.17,1.16,7.43
ALKYLAMINE,1811.1,2026-07-28,-0.57,-1.09,1.25,18.18,15.15,-15.57
MOLDTECH,134.75,2026-07-28,-5.37,7.55,1.24,4.38,2.15,-10.75
GARFIBRES,737.35,2026-07-28,-2.08,-4.75,1.24,19.6,14.01,-15.97
INOXINDIA,1896.1,2026-07-28,-4.52,-5.36,1.24,27.65,74.13,62.76
HEIDELBERG,156.85,2026-07-28,-0.77,-1.66,1.24,-1.07,-8.22,-22.93
TEMBO,561.2,2026-07-28,1.61,2.6,1.24,-6.72,1.07,11.1
PARAGON,49.0,2026-07-27,0.0,1.03,1.24,20.54,35.92,-10.01
MIDCAPBETA,232.19,2026-07-28,0.08,-0.22,1.23,3.75,7.62,
CARERATING,1673.2,2026-07-28,-1.61,0.11,1.22,5.71,8.39,-2.49
UNIONGOLD,138.15,2026-07-28,-1.78,-0.25,1.21,-4.49,-14.72,42.28
ORIENTCER,40.25,2026-07-28,-0.17,-3.31,1.21,-0.67,-3.06,-2.35
BSOFT,299.9,2026-07-28,2.2,2.93,1.21,-17.97,-24.4,-20.5
STARHEALTH,584.0,2026-07-28,-1.36,0.48,1.2,12.89,32.56,37.87
BCLIND,34.56,2026-07-28,-2.1,-1.93,1.2,1.26,22.29,-20.12
GPECO,430.5,2026-07-27,2.52,-0.65,1.2,14.22,35.83,-26.3
HDFCMID150,23.27,2026-07-28,0.13,-0.34,1.17,3.65,7.24,8.18
FEDDERSHOL,42.22,2026-07-28,-5.42,-12.7,1.15,19.43,,
AAKASH,8.94,2026-07-28,-0.67,-0.45,1.13,7.45,11.75,-9.79
SURAJEST,193.78,2026-07-28,-0.92,-2.43,1.13,-19.5,-15.67,-34.14
GHCL,433.9,2026-07-28,-1.07,-0.14,1.12,-13.29,-16.83,-24.13
KOTARISUG,25.24,2026-07-28,1.61,-0.36,1.12,-6.48,4.99,-28.7
HRHNEXT,27.05,2026-07-27,-6.56,-0.92,1.12,-14.4,-17.53,-31.43
SMSPHARMA,380.75,2026-07-28,-2.85,-0.96,1.12,-2.43,25.64,58.43
BHARATFORG,2162.7,2026-07-28,-0.85,-2.1,1.12,14.48,48.84,82.73
EVINDIA,32.01,2026-07-28,-0.03,1.07,1.11,6.77,8.11,10.15
NAZARA,304.0,2026-07-28,0.2,-1.7,1.11,12.99,8.82,-9.74
IXIGO,191.93,2026-07-28,-2.07,-4.01,1.11,13.34,-11.21,-12.78
EBBETF0433,1319.07,2026-07-28,0.47,0.54,1.1,3.31,4.04,5.25
SARLAPOLY,98.64,2026-07-28,-1.93,0.71,1.1,10.3,21.37,-9.03
MIDCAPIETF,23.79,2026-07-28,0.04,-0.17,1.1,3.48,7.6,8.28
SPLPETRO,740.4,2026-07-28,-2.69,4.97,1.09,-3.93,42.05,-6.46
GRAUWEIL,73.54,2026-07-28,-2.36,-2.74,1.09,2.85,-36.38,-36.38
SBINEQWETF,33.44,2026-07-28,0.24,0.06,1.09,2.42,1.3,7.15
BHEL,405.75,2026-07-28,-2.45,-2.81,1.08,14.76,56.77,72.3
SBC,42.04,2026-07-28,-0.12,-0.47,1.08,25.83,46.53,144.42
IVZINGOLD,122.2,2026-07-28,-2.24,-0.81,1.08,-5.04,-99.15,-98.58
DYNAMATECH,10343.0,2026-07-28,-1.92,0.56,1.08,-12.04,26.69,55.39
GENUSPAPER,12.23,2026-07-28,-2.86,10.38,1.07,-10.92,4.17,-33.17
SDBL,70.59,2026-07-28,-2.05,-8.18,1.06,-21.1,-20.84,-53.86
MID150CASE,11.52,2026-07-28,-0.09,-0.78,1.05,3.5,7.26,8.58
REGAAL,79.76,2026-07-28,2.81,1.81,1.05,-6.8,29.94,
KAJARIACER,1209.1,2026-07-28,-0.89,-2.66,1.04,-0.24,36.83,4.15
RECLTD,368.45,2026-07-28,0.08,1.36,1.04,-1.96,-0.25,-1.08
DVL,238.18,2026-07-28,-1.26,-2.7,1.04,-3.42,-7.08,-28.75
XTGLOBAL,31.28,2026-07-28,10.18,11.71,1.03,-0.26,14.37,-8.76
MMWL,13.73,2026-07-28,0.07,-3.85,1.03,30.76,,
ISFT,78.88,2026-07-28,2.35,8.55,1.02,5.41,-8.48,-21.75
SETF10GILT,266.55,2026-07-28,0.02,1.07,1.02,3.04,3.21,3.22
UNIDT,220.92,2026-07-28,-2.28,-1.37,1.01,4.96,18.05,4.34
NAM-INDIA,1150.3,2026-07-28,-0.31,-2.78,0.99,13.64,39.3,48.09
SANSERA,3177.2,2026-07-28,-2.93,-4.74,0.99,23.31,90.17,137.08
NIFTY100EW,35.0,2026-07-28,-0.03,0.17,0.98,2.52,4.98,7.96
BLUESTARCO,1645.2,2026-07-28,0.12,-4.03,0.98,-12.6,-2.83,-4.91
AUTOAXLES,1799.1,2026-07-28,0.37,-2.14,0.98,-4.49,-5.96,-5.21
TAINWALCHM,199.81,2026-07-28,-2.11,-5.67,0.97,-4.52,15.96,-18.01
TWCGOLDETF,140.88,2026-07-28,-1.6,-0.27,0.97,-4.51,,
HIKAL,216.99,2026-07-28,-2.25,-4.52,0.96,15.59,10.79,-32.65
DOMS,2273.7,2026-07-28,0.45,0.33,0.96,-0.95,-3.32,-1.71
STEELCAS,300.25,2026-07-28,-3.6,-1.42,0.95,-2.92,51.56,23.76
PURVA,214.97,2026-07-28,-2.04,-2.17,0.94,-0.37,-4.94,-18.32
JKTYRE,400.8,2026-07-28,0.3,-0.3,0.92,0.09,-20.98,19.1
GILLETTE,7790.0,2026-07-28,-1.9,-0.33,0.92,-5.03,1.06,-24.31
MOM100,67.34,2026-07-28,0.1,-0.75,0.91,3.62,6.97,8.86
MID150BEES,237.09,2026-07-28,-0.16,-0.77,0.91,3.45,7.32,7.91
LICI,427.15,2026-07-28,0.66,-1.35,0.9,6.93,6.35,-1.85
ATALREAL,31.34,2026-07-28,-0.63,3.16,0.9,21.38,17.33,63.23
MASFIN,314.75,2026-07-28,-1.12,-1.1,0.9,-1.22,-0.38,-0.08
GLOBUSSPR,874.25,2026-07-28,-1.71,-4.67,0.89,-18.18,-7.98,-30.29
SBINMID150,22.98,2026-07-28,0.13,-0.91,0.89,3.39,,
MIDCAPADD,23.04,2026-07-28,0.44,-0.39,0.88,3.74,7.16,
NAVNETEDUL,142.7,2026-07-28,-1.27,-3.3,0.88,-0.53,-1.33,-2.07
JSWCEMENT,134.22,2026-07-28,-0.14,-4.53,0.87,8.67,19.27,
JAMNAAUTO,131.9,2026-07-28,-2.34,-1.9,0.85,7.04,9.25,48.75
ORIENTBELL,320.7,2026-07-28,-1.99,3.2,0.85,0.32,13.94,6.34
WINSOME,2.43,2026-07-28,1.67,8.0,0.83,33.52,45.51,32.79
MOMGF,160.0,2026-07-28,0.01,0.7,0.83,3.08,6.42,12.9
HALDYNGL,120.16,2026-07-28,-0.24,1.74,0.82,10.95,,
HITECHCORP,320.65,2026-07-28,0.41,-0.68,0.82,130.68,103.14,68.5
NGIL,37.54,2026-07-28,-3.84,-6.1,0.81,-0.32,39.81,28.78
KALYANIFRG,606.5,2026-07-28,0.41,0.97,0.81,-1.0,-0.27,-14.9
PIIND,2706.6,2026-07-28,-1.31,1.85,0.81,-12.62,-15.83,-33.92
DIVOPPBEES,76.99,2026-07-28,-0.63,-0.7,0.8,-3.65,-8.76,0.67
RPSGVENT,896.8,2026-07-28,-0.21,-1.32,0.79,9.87,25.02,-5.75
SMALLADD,17.87,2026-07-28,-0.39,-1.49,0.79,6.43,15.07,
ABGSEC,113.98,2026-07-28,-0.49,-0.69,0.79,1.79,2.8,3.07
MOSMALL250,17.87,2026-07-28,-0.33,-1.43,0.79,6.5,13.32,3.71
BAYERCROP,4219.4,2026-07-28,-0.45,-0.97,0.79,-8.28,-3.55,-31.56
DEVYANI,113.72,2026-07-28,-2.02,2.52,0.78,1.38,-0.61,-33.07
CAMS,800.3,2026-07-28,1.94,3.85,0.77,5.79,13.96,4.44
CAPILLARY,511.4,2026-07-28,-4.46,5.81,0.76,-11.87,-17.03,
GROWWNXT50,72.62,2026-07-28,-0.52,-0.19,0.74,2.4,6.09,
NATIONALUM,334.55,2026-07-28,-1.41,-2.44,0.72,-23.85,-16.18,86.29
AMNPLST,193.14,2026-07-28,-1.04,0.2,0.72,14.85,10.53,-13.55
PNCINFRA,233.98,2026-07-28,-3.25,-5.19,0.72,6.11,9.64,-21.61
EBBETF0431,1442.74,2026-07-28,0.07,0.51,0.72,2.48,3.94,5.24
EBBETF0430,1611.3,2026-07-28,0.09,0.56,0.71,2.56,3.61,5.28
EBBETF0425,1290.83,2025-04-08,0.02,0.23,0.7,1.9,3.85,7.57
MID150,23.3,2026-07-28,0.13,-0.81,0.69,3.51,7.03,7.72
LTGILTCASE,30.55,2026-07-28,0.07,0.26,0.69,2.79,3.0,
BBETF0432,1352.94,2026-07-28,0.22,0.22,0.68,2.92,3.5,5.12
CHOICEGOLD,139.92,2026-07-28,-1.64,-0.38,0.68,-4.87,-14.17,
DOLPHIN,374.75,2026-07-28,-1.16,-0.86,0.67,-10.25,-17.12,-11.0
HBESD,75.5,2026-07-28,0.23,0.59,0.67,0.8,,
VIKRAN,70.71,2026-07-28,-1.56,-2.28,0.67,-3.64,-22.48,
VOLTAS,1311.1,2026-07-28,-0.62,-3.41,0.67,-12.96,-4.2,-0.4
VIMTALABS,601.95,2026-07-28,2.52,13.52,0.66,33.42,32.36,-8.31
ESCONET,130.4,2026-07-27,-1.17,7.77,0.66,-3.59,12.41,-31.02
AVTNPL,70.55,2026-07-28,0.47,1.28,0.66,-0.44,8.15,-2.09
DELTAMAGNT,61.22,2026-07-28,8.89,4.45,0.66,-2.62,-2.83,-32.98
MOSERVICE,31.01,2026-07-28,0.0,-1.76,0.66,2.04,-6.58,
BBNPPGOLD,136.25,2026-07-28,-1.7,-0.33,0.66,-5.05,-13.87,42.22
GROWWMC150,229.03,2026-07-28,0.03,-0.85,0.65,3.34,7.22,
HDFCSML250,179.06,2026-07-28,-0.49,-1.3,0.65,6.31,13.54,3.56
MIDCAPETF,23.41,2026-07-28,0.0,-0.72,0.64,3.36,7.24,7.98
EMCURE,1892.2,2026-07-28,-1.69,1.67,0.64,17.66,31.79,35.18
BETA,2109.8,2026-07-28,-5.42,-13.51,0.63,62.01,40.63,25.1
BFINVEST,450.5,2026-07-28,-2.09,-4.61,0.63,9.75,24.81,-3.64
SMALL250,17.81,2026-07-28,-0.17,-1.44,0.62,6.33,13.51,
AMBICAAGAR,24.7,2026-07-28,0.24,0.57,0.61,4.93,4.97,-9.26
GROWWEV,31.8,2026-07-28,-0.44,0.92,0.6,6.85,7.32,9.5
BEML,1759.2,2026-07-28,-1.17,-0.64,0.6,-4.37,-3.03,-11.66
INDIGRID,177.2,2026-07-27,-0.76,-1.29,0.6,5.58,13.17,23.96
LTGILTBEES,29.97,2026-07-28,-0.03,0.27,0.6,2.88,2.92,3.74
ORIENTCEM,134.73,2026-07-28,-1.01,-2.82,0.6,-8.58,-17.87,-44.46
SNXT30BEES,42.21,2026-07-28,0.07,0.14,0.6,0.5,3.38,10.24
FINIETF,32.43,2026-07-28,-0.46,-0.64,0.59,2.46,1.98,9.3
HSBCGOLD,122.83,2026-07-28,-2.07,0.13,0.57,-4.68,,
INM,180.0,2026-07-27,7.75,4.74,0.56,2.86,-13.04,-64.68
RPTECH,785.3,2026-07-28,-2.02,3.78,0.56,61.04,120.44,172.97
BMETRICS,37.0,2026-07-27,2.64,4.23,0.54,-7.85,-2.25,-22.85
AMBUJACEM,426.0,2026-07-28,-1.15,-2.7,0.53,-6.69,-19.82,-29.94
GROWWN200,11.31,2026-07-28,-0.09,-0.7,0.53,1.25,-0.89,1.7
CRAFTSMAN,9290.0,2026-07-28,-0.4,-1.1,0.53,22.84,19.55,49.16
AKSHARCHEM,240.82,2026-07-28,2.48,2.46,0.52,18.88,6.4,-17.6
GRAVISSHO,29.15,2026-07-28,-1.02,-3.99,0.52,5.62,,
TIIL,2572.2,2026-07-28,-0.8,0.2,0.52,2.09,28.26,-21.41
EXICOM,158.88,2026-07-28,-3.83,-5.55,0.51,35.79,60.08,-6.79
ASTRON,3.92,2026-07-28,-1.75,4.81,0.51,-12.11,-18.67,-73.44
GROWWGOLD,13.8,2026-07-28,-1.57,-0.07,0.51,-4.76,-91.42,-85.76
SHAH,4.1,2026-07-28,-10.09,-7.45,0.49,-23.22,-17.0,7.05
GROWWSC250,10.24,2026-07-28,0.0,-1.73,0.49,5.89,13.61,
SHREMINVIT,102.0,2026-07-27,0.0,0.0,0.49,1.94,10.49,10.26
POWERGRID,285.3,2026-07-28,-1.23,-1.18,0.49,-10.56,11.05,0.93
GSEC10IETF,264.0,2026-07-28,-0.55,0.38,0.48,2.64,2.1,2.54
SMALLCAP,46.64,2026-07-28,-0.58,-1.46,0.47,5.59,12.01,1.66
ELIQUID,1041.19,2026-07-28,0.01,0.15,0.44,1.24,2.44,
MCON,46.2,2026-07-27,3.82,4.76,0.43,-4.74,-16.76,-48.87
JUBLPHARMA,963.45,2026-07-28,-1.66,-5.41,0.42,2.76,0.65,-17.52
CASHIETF,1072.75,2026-07-28,0.01,0.11,0.41,1.24,2.42,5.07
SBILIQETF,1049.32,2026-07-28,0.01,0.11,0.41,1.23,2.41,
AURUS,4.85,2026-07-28,2.32,2.32,0.41,-14.91,2.97,-32.73
LIQUIDPLUS,1096.31,2026-07-28,0.01,0.11,0.41,1.24,2.42,5.09
ESG,41.25,2026-07-28,-0.51,-1.1,0.41,0.93,-4.29,-2.46
AONELIQUID,1070.06,2026-07-28,0.01,0.11,0.41,1.23,2.41,5.06
MARUTI,13802.0,2026-07-28,0.52,2.13,0.41,7.06,-7.23,13.06
DCMSHRIRAM,1049.9,2026-07-28,1.65,1.81,0.41,-10.96,-9.23,-23.59
LIQUID1,1115.52,2026-07-28,0.02,0.11,0.41,1.25,2.44,5.12
GFLLIMITED,46.8,2026-07-28,-0.32,1.47,0.41,-3.05,-6.66,-24.09
LIQUID,999.99,2026-07-28,0.0,0.0,0.4,0.4,1.55,4.08
LIQUIDADD,1137.65,2026-07-28,0.01,0.11,0.4,1.22,2.39,5.01
HDFCLIQUID,1071.19,2026-07-28,0.01,0.11,0.4,1.23,2.39,6.87
LIQUIDBETF,1092.11,2026-07-28,0.01,0.1,0.4,1.2,2.35,4.92
LIQUIDSBI,1000.0,2026-07-28,0.0,-0.0,0.39,0.39,1.54,3.5
LIQUIDCASE,115.19,2026-07-28,0.0,0.1,0.39,1.22,2.4,5.01
LIQGRWBEES,1049.33,2026-07-28,0.01,0.1,0.39,1.17,2.29,4.8
LIQUIDSHRI,1114.84,2026-07-28,0.01,0.1,0.39,1.17,2.29,4.83
KIMS,798.35,2026-07-28,-0.26,1.24,0.38,20.55,30.95,3.54
GROWWLIQID,110.09,2026-07-28,0.01,0.1,0.38,1.17,2.28,4.81
HILINFRA,47.32,2026-07-28,2.05,8.38,0.38,-8.1,-7.78,
DTL,120.65,2026-07-27,-5.0,-5.0,0.37,11.71,-6.11,-17.33
DEEDEV,669.75,2026-07-28,-1.89,-3.69,0.37,66.27,256.93,127.07
URBANCO,130.3,2026-07-28,-0.09,-2.47,0.36,-8.78,5.34,
NEXT30ADD,42.27,2026-07-28,-0.07,-0.24,0.36,0.33,3.6,10.42
MOQUALITY,201.08,2026-07-28,-0.24,-0.31,0.34,-1.11,1.17,6.56
MNC,33.44,2026-07-28,-0.62,-0.06,0.33,2.2,7.84,15.39
PCBL,318.4,2026-07-28,-2.38,-2.2,0.32,7.42,17.95,-15.83
BSE500IETF,39.06,2026-07-28,-0.1,-0.89,0.31,1.61,0.21,1.48
CIPLA,1444.6,2026-07-28,2.5,0.21,0.31,11.61,9.77,-7.24
SNXT50BETA,94.01,2026-07-28,0.02,-0.28,0.3,3.08,3.16,
V2RETAIL,221.87,2026-07-28,-0.71,-1.79,0.29,8.82,17.16,17.24
ENDURANCE,2707.1,2026-07-28,-0.94,-1.25,0.29,15.03,13.04,6.41
ACC,1341.8,2026-07-28,-1.2,-2.87,0.29,-6.23,-19.87,-26.08
MOM50,251.27,2026-07-28,0.06,-0.9,0.28,0.54,-4.42,-1.81
GMMPFAUDLR,805.8,2026-07-28,-2.89,0.53,0.28,-10.95,-18.54,-37.51
MARINE,269.5,2026-07-28,-0.17,5.85,0.28,14.65,49.72,45.96
JTEKTINDIA,135.17,2026-07-28,1.41,0.49,0.27,4.21,-0.27,7.58
MMP,280.55,2026-07-28,-1.58,-1.37,0.27,10.12,11.33,6.13
ABSLLIQUID,1000.0,2026-07-28,0.0,0.0,0.27,0.78,1.55,3.27
MOGSEC,65.09,2026-07-28,-0.97,0.25,0.26,2.15,3.33,4.58
JAGSNPHARM,224.06,2026-07-28,-2.42,0.47,0.25,9.01,37.46,-22.68
RVTH,718.6,2026-07-28,1.28,2.95,0.25,17.73,2.66,-28.43
SINDHUTRAD,25.05,2026-07-28,0.97,-2.34,0.24,5.56,24.01,-13.83
HDFCBSE500,37.2,2026-07-28,-0.24,-1.14,0.24,1.67,0.51,-4.49
ARIES,340.1,2026-07-28,-1.12,-1.55,0.24,-10.38,10.26,-7.95
MOMNC,32.45,2026-07-28,-0.67,0.2,0.24,2.28,,
LICNETFGSC,29.43,2026-07-28,-0.1,0.1,0.24,2.58,2.54,3.63
MULTICAP,16.53,2026-07-28,-0.18,-0.96,0.24,2.8,3.51,3.05
MSCIINDIA,29.72,2026-07-28,-0.03,-0.64,0.24,0.71,-1.43,1.19
MARKSANS,256.65,2026-07-28,-2.56,-3.86,0.23,39.41,57.97,13.86
DECNGOLD,194.83,2026-07-28,-1.1,2.49,0.23,58.46,,
SANOFI,3363.2,2026-07-28,-0.17,-0.84,0.23,-3.06,-16.41,-40.19
ABANSENT,26.45,2026-07-28,-0.15,-6.24,0.23,-19.97,,
SECMARK,123.77,2026-07-28,-1.06,-3.24,0.22,6.14,16.39,-11.59
ASHIANA,385.85,2026-07-28,-0.27,3.28,0.21,13.79,36.44,23.81
MANUFGBEES,159.84,2026-07-28,-0.71,-0.84,0.21,2.26,5.7,
HDFCNEXT50,73.58,2026-07-28,-0.57,-0.37,0.2,2.08,5.92,8.51
INDIANB,834.25,2026-07-28,0.36,-2.82,0.2,-4.92,-5.16,35.95
ESENSEX,77.59,2026-07-28,0.52,-0.46,0.19,0.65,-5.01,
LICNETFSEN,866.75,2026-07-28,-0.02,-1.54,0.19,0.4,-5.9,-4.32
HGS,421.0,2026-07-28,-0.37,-2.04,0.18,2.43,3.27,-25.4
ATUL,6650.0,2026-07-28,-2.05,9.17,0.18,-2.51,8.68,-0.35
GILT5YBEES,66.06,2026-07-28,0.05,0.3,0.17,2.59,3.92,5.48
DJML,117.14,2026-07-28,2.31,9.83,0.15,28.18,58.36,4.33
ABCAPITAL,391.35,2026-07-28,-2.27,-2.44,0.14,15.68,12.36,54.23
DBREALTY,113.09,2026-07-28,-0.67,-1.53,0.12,7.3,10.95,-36.51
ADVAIT,2277.5,2026-07-28,-1.61,2.0,0.12,9.63,62.31,
SILVERAG,210.41,2026-07-28,-2.95,-0.62,0.11,-7.92,-38.35,89.7
MAKEINDIA,162.11,2026-07-28,-0.59,-0.47,0.1,2.45,5.75,12.21
AONENIFTY,9.91,2026-07-28,0.0,-0.8,0.1,0.61,-4.53,-1.78
SHARDAMOTR,830.5,2026-07-28,-0.49,-3.64,0.09,-4.3,-1.37,-19.63
AONETOTAL,11.77,2026-07-28,-0.34,-0.93,0.09,2.08,1.2,1.64
CERA,6263.5,2026-07-28,0.93,1.3,0.08,21.2,26.87,-3.15
NIFTYADD,252.7,2026-07-28,-0.09,-0.89,0.07,0.56,-4.74,-1.69
NIF100BEES,265.82,2026-07-28,-0.25,-0.85,0.07,0.8,-3.15,0.12
SPANDANA,266.95,2026-07-28,0.36,-6.56,0.06,18.92,7.06,-1.59
MANORG,552.55,2026-07-28,5.0,-2.65,0.06,20.63,22.87,17.19
KICL,5396.5,2026-07-28,-0.9,-2.54,0.06,11.95,13.85,10.62
SANDESH,973.0,2026-07-28,-0.16,-0.85,0.06,-4.52,-6.49,-15.59
NIFTYIETF,272.28,2026-07-28,0.05,-0.68,0.05,0.85,-4.49,-1.69
SHARDACROP,877.0,2026-07-28,-1.31,-0.96,0.05,-24.57,1.26,-18.69
SILVER360,212.99,2026-07-28,-2.64,-0.35,0.04,-7.99,-36.72,89.81
NIFTYBETA,266.1,2026-07-28,-0.1,-0.95,0.04,0.75,-4.61,
NIFTYBEES,273.53,2026-07-28,-0.02,-0.74,0.04,0.76,-4.56,-1.78
HDFCNIFTY,270.51,2026-07-28,-0.03,-0.85,0.02,0.65,-4.53,-1.76
BEDMUTHA,108.34,2026-07-28,-3.42,1.25,0.01,-4.0,-8.74,-24.92
DESTINY,105.9,2026-07-27,0.0,0.0,0.0,0.0,-7.91,-8.94
KALYANI,138.09,2026-07-27,0.0,0.0,0.0,0.0,0.0,0.0
OMKARCHEM,3.41,2026-07-27,0.0,0.0,0.0,-4.75,-36.97,-36.97
MPTODAY,46.0,2026-07-27,0.0,0.0,0.0,12.75,-3.26,-15.67
MSCIADD,29.42,2026-07-28,-0.27,-0.88,0.0,1.1,,
BRIGHT,2.8,2026-07-27,0.0,0.0,0.0,0.0,0.0,0.0
HERCULES,159.32,2026-07-27,0.0,0.0,0.0,0.0,0.0,-13.54
MARSHALL,3.64,2026-07-27,0.0,0.0,0.0,0.0,0.0,-58.96
MBECL,65.4,2026-07-27,0.0,0.0,0.0,0.0,0.0,0.0
INDLMETER,23.69,2026-07-27,0.0,0.0,0.0,0.0,0.0,0.0
MELSTAR,4.25,2026-07-27,0.0,0.0,0.0,0.0,0.0,0.0
GANGOTRI,0.61,2026-07-27,0.0,0.0,0.0,0.0,0.0,-3.17
SILVERCASE,21.88,2026-07-28,-3.01,-0.64,0.0,-8.22,-38.76,89.25
DRSDILIP,110.0,2026-07-27,0.0,0.0,0.0,-7.95,90.15,12.24
MINDPOOL,71.1,2026-07-27,0.0,0.0,0.0,0.0,0.0,-6.39
ABSLNN50ET,75.74,2026-07-28,-0.63,-0.42,0.0,2.24,6.35,8.62
BKMINDST,45.0,2026-07-27,0.0,0.0,0.0,0.0,0.0,0.0
DSKULKARNI,13.55,2026-07-27,0.0,0.0,0.0,0.0,0.0,0.0
ABSLMSCIN,29.28,2026-07-28,-0.24,-1.11,0.0,0.48,,
KTL,4.85,2026-07-27,0.0,0.0,0.0,0.0,0.0,-37.42
VISAMAN,107.6,2026-07-27,0.0,0.0,0.0,-8.74,-25.25,20.49
JAKHARIA,60.5,2026-07-27,0.0,0.0,0.0,0.0,0.0,-31.33
SECL,3.0,2026-07-27,0.0,0.0,0.0,-13.04,-26.83,-52.38
BURNPUR,33.0,2026-07-27,0.0,0.0,0.0,0.0,0.0,0.0
JINDCOT,2.5,2024-11-08,0.0,0.0,0.0,0.0,0.0,0.0
AVSL,119.7,2026-07-27,0.0,0.0,0.0,0.0,0.0,-4.24
GOENKA,0.82,2026-07-27,0.0,0.0,0.0,0.0,0.0,-6.82
RMCL,200.0,2026-07-27,0.0,0.0,0.0,0.0,0.0,0.0
LIQUIDIETF,999.99,2026-07-28,0.0,0.0,0.0,0.0,0.0,0.0
SECURCRED,1.56,2026-07-27,0.0,0.0,0.0,0.0,0.0,0.0
LIQUIDBEES,1000.0,2026-07-28,0.0,0.0,0.0,0.0,0.0,0.99
ALPSINDUS,34.3,2026-07-27,0.0,0.0,0.0,0.0,0.0,58.06
SANCO,2.9,2026-07-27,0.0,0.0,0.0,11.54,-7.94,-12.91
SAHAJ,3.85,2026-07-27,0.0,0.0,0.0,0.0,-20.62,-54.17
AHIMSA,24.7,2026-07-27,0.0,0.0,0.0,0.0,4.22,1.44
AFSL,201.0,2026-07-28,-0.01,-0.04,0.0,-0.84,-0.03,-8.72
GATECHDVR,0.44,2026-07-28,0.0,2.33,0.0,-6.38,0.0,-18.52
SUULD,1.57,2026-07-27,0.0,0.0,0.0,0.0,0.0,-33.19
LIQUIDETF,1000.0,2026-07-28,0.0,0.0,0.0,0.0,1.13,3.34
PERFECT,8.1,2026-07-27,0.0,0.0,0.0,0.0,0.0,-6.9
SHAIVAL,33.0,2026-07-27,0.0,0.0,0.0,0.0,8.2,8.2
MOS,11.85,2026-07-27,-1.25,-21.78,0.0,-14.13,-47.45,-95.28
PODDARHOUS,43.37,2026-07-27,0.0,0.0,0.0,0.0,0.0,0.0
SRIRAM,10.1,2026-07-27,0.0,0.0,0.0,0.0,0.0,0.0
TECHIN,14.0,2026-07-27,0.0,0.0,0.0,0.0,0.0,0.0
VASA,4.45,2026-07-27,0.0,0.0,0.0,-4.3,-11.0,-12.75
PATTECH,114.85,2026-07-27,0.0,0.0,0.0,13.71,12.76,-16.78
ESTER,89.83,2026-07-28,-1.17,1.27,-0.01,-1.84,-5.84,-22.95
JUNIORBEES,779.58,2026-07-28,-0.49,-0.24,-0.01,2.36,6.5,8.81
NIRLON,620.0,2026-07-28,-0.01,-0.02,-0.02,10.55,,
SAGCEM,178.27,2026-07-28,-2.66,-1.74,-0.03,-2.71,-7.57,-25.02
KSHINTL,844.05,2026-07-28,-4.64,-5.58,-0.04,23.39,140.37,
AKASH,26.47,2026-07-28,-0.08,-4.85,-0.04,-6.5,11.45,-6.23
NEXT50BETA,77.91,2026-07-28,-0.32,-0.31,-0.04,2.35,6.7,
NEXT50IETF,76.08,2026-07-28,-0.43,-0.18,-0.05,2.29,6.14,8.75
SETFNIF50,258.51,2026-07-28,-0.07,-0.73,-0.06,0.72,-4.54,-1.77
DDEVPLSTIK,272.25,2026-07-28,-1.16,-5.53,-0.07,7.67,-4.88,-9.44
ACUTAAS,3297.7,2026-07-28,-2.08,-9.81,-0.07,33.63,77.07,187.52
CANTABIL,238.48,2026-07-28,0.03,-6.38,-0.08,-3.89,-18.0,-8.66
ZENITHEXPO,199.86,2026-07-28,-2.51,2.45,-0.09,-7.26,1.85,-13.92
SETFNN50,773.24,2026-07-28,-0.6,-0.12,-0.09,2.43,6.39,8.85
KRYSTAL,600.15,2026-07-28,-0.02,-0.04,-0.09,0.58,-0.24,-5.99
NIFTY1,266.16,2026-07-28,-0.1,-1.09,-0.09,0.48,-4.77,-1.87
MONIFTY100,25.21,2026-07-28,-0.24,-1.01,-0.1,0.81,-3.03,
TOP100CASE,10.51,2026-07-28,-0.1,-0.94,-0.1,0.86,-3.13,-0.1
NIFTYCASE,9.63,2026-07-28,-0.1,-0.72,-0.1,0.84,-4.46,
ZYDUSLIFE,1099.2,2026-07-28,-0.81,-4.25,-0.11,20.73,22.67,12.25
NIFTYETF,260.75,2026-07-28,-0.2,-1.38,-0.11,0.63,-4.75,-1.93
MCCHRLS-B,699.95,2026-07-28,0.14,-0.22,-0.11,3.18,,
IVZINNIFTY,2754.23,2026-07-28,0.05,-0.83,-0.11,0.76,-4.33,-1.72
BSLNIFTY,28.15,2026-07-28,-0.11,-0.92,-0.11,0.79,-4.45,-1.75
DIAMINESQ,240.67,2026-07-28,-2.89,-4.62,-0.12,-9.43,-1.93,-36.21
QNIFTY,264.19,2026-07-28,-0.0,-0.94,-0.12,0.75,-90.47,-90.2
TNPETRO,93.88,2026-07-28,-0.28,-0.32,-0.13,4.42,3.11,-3.5
MONIFTY500,23.62,2026-07-28,0.0,-0.71,-0.13,1.99,-0.67,1.37
COASTCORP,50.04,2026-07-28,-0.06,-5.26,-0.14,-11.99,14.69,39.92
SUNREST,35.0,2026-07-27,0.0,-1.69,-0.14,-1.55,-3.05,-34.15
POLYMED,1647.7,2026-07-28,-1.96,-4.25,-0.15,9.0,8.85,-16.18
DRAGARWQ,5052.0,2026-07-28,0.21,0.91,-0.15,2.28,,
METALIETF,12.46,2026-07-28,-0.64,-1.27,-0.16,-4.81,2.3,33.83
UTIAMC,900.25,2026-07-28,-0.41,-3.18,-0.16,-2.68,-5.56,-30.08
SENSEXETF,79.3,2026-07-28,0.09,-1.04,-0.16,0.53,-6.13,-4.12
HDFCSILVER,206.08,2026-07-28,-3.29,-1.05,-0.17,-8.21,-38.65,88.58
SAHANA,919.7,2026-07-27,-0.88,-0.96,-0.17,6.07,14.57,-29.6
5PAISA,353.0,2026-07-28,-4.4,-6.56,-0.17,4.06,-0.44,-6.2
NEXT50,742.57,2026-07-28,-0.63,-0.47,-0.18,2.27,6.02,8.75
SILVERBEES,206.2,2026-07-28,-3.2,-0.81,-0.18,-8.25,-37.9,89.09
SILVERBETA,208.28,2026-07-28,-3.34,-0.81,-0.18,-8.11,-38.26,88.81
GROWWSLVR,21.15,2026-07-28,-3.03,-0.8,-0.19,-8.12,-93.92,-81.16
PRAENG,21.01,2026-07-28,-4.98,3.6,-0.19,-8.21,-4.33,6.81
SCHNEIDER,1332.7,2026-07-28,-1.43,-0.62,-0.19,16.48,91.01,49.43
SBISILVER,211.43,2026-07-28,-3.15,-0.81,-0.2,-7.97,-38.01,88.91
SILVERBND,216.85,2026-07-28,-3.0,-0.86,-0.2,-7.86,,
ENIFTY,24.19,2026-07-28,0.04,-0.74,-0.21,0.67,-4.35,
FDC,407.45,2026-07-28,-2.31,-2.5,-0.21,11.57,10.91,-15.29
LICNFNHGP,274.98,2026-07-28,-0.04,-0.99,-0.22,0.79,-3.03,-0.22
NEXT50ADD,72.45,2026-07-28,-0.4,-0.55,-0.22,2.45,,
FIBERWEB,30.04,2026-07-28,-2.09,-5.77,-0.23,-20.93,-14.05,-37.1
ULTRAMAR,368.95,2026-07-28,-1.6,-2.5,-0.23,-6.32,,
GSEC10ABSL,112.09,2026-07-28,-0.58,-1.14,-0.24,1.57,1.98,2.59
FISCHER,36.87,2026-07-28,-2.2,-7.64,-0.24,-6.4,3.02,-61.25
CPS,1030.0,2026-07-27,4.04,1.46,-0.25,-0.48,-8.15,40.62
TEXRAIL,109.71,2026-07-28,-2.71,-4.48,-0.26,3.57,-14.79,-25.72
NETF,260.21,2026-07-28,-0.08,-1.19,-0.26,0.22,-5.26,-2.39
DREDGECORP,1064.4,2026-07-28,-0.05,4.39,-0.28,10.82,6.37,56.76
ADFFOODS,299.65,2026-07-28,-4.69,-0.28,-0.28,12.79,68.11,14.69
NIFTYBETF,246.56,2026-07-28,-0.17,-1.2,-0.28,0.4,-4.69,-1.75
BMWVENTLTD,57.71,2026-07-28,-2.75,1.07,-0.28,-11.43,8.91,
EIHOTEL,325.5,2026-07-28,-1.56,-4.32,-0.29,-0.21,3.22,-13.14
AEQUS,228.28,2026-07-28,-0.66,-5.03,-0.29,15.95,67.12,
NEXT50ETF,72.56,2026-07-28,-0.47,-0.38,-0.3,2.01,6.22,
GROWWNIFTY,9.69,2026-07-28,0.0,-0.72,-0.31,0.73,-4.91,
SCHAEFFLER,4144.6,2026-07-28,-0.98,-0.26,-0.31,-3.24,14.79,2.93
ALIVUS,1104.7,2026-07-28,-2.45,-2.44,-0.32,9.63,18.44,8.67
ABDL,620.3,2026-07-28,-0.64,-0.97,-0.32,15.0,35.05,31.04
EUREKAFORB,456.85,2026-07-28,3.9,-1.1,-0.32,-8.38,-12.88,-17.71
AONESILVER,8.28,2026-07-28,-2.82,-0.6,-0.32,-8.12,,
GATEWAY,58.46,2026-07-28,-0.07,0.34,-0.32,0.88,4.02,-3.85
HDFCSENSEX,86.93,2026-07-28,-0.02,-1.14,-0.32,0.18,-6.33,-4.14
GRASIM,3116.2,2026-07-28,0.12,-0.88,-0.33,11.97,9.76,14.68
IDFNIFTYET,264.23,2026-07-28,-0.34,-1.41,-0.34,0.18,-4.85,-2.39
GTPL,60.77,2026-07-28,1.52,-2.66,-0.34,-10.59,-22.97,-48.14
LICNETFN50,268.88,2026-07-28,0.14,-1.31,-0.34,0.32,-4.54,-2.09
ZFSTEERING,673.7,2026-07-28,-1.85,1.26,-0.36,-16.6,,
YATHARTH,833.95,2026-07-28,-1.18,-1.76,-0.37,6.83,50.72,34.23
MUTHOOTFIN,3014.4,2026-07-28,-0.38,1.06,-0.37,-13.78,-23.15,14.8
GILT5BETA,66.29,2026-07-28,0.99,1.98,-0.38,2.19,2.9,5.22
AGARWALFT,39.45,2026-07-27,0.0,-4.94,-0.38,1.15,25.24,-34.2
TATSILV,20.94,2026-07-28,-3.19,-0.81,-0.38,-8.28,-36.97,89.5
TRANSWIND,13.15,2026-07-27,0.0,0.0,-0.38,-24.86,-48.43,-13.2
AUROPHARMA,1549.2,2026-07-28,-0.01,-0.67,-0.39,8.9,35.91,37.98
SCHAND,146.74,2026-07-28,-0.76,-1.48,-0.39,-5.98,-2.72,-31.02
FCL,40.74,2026-07-28,1.29,3.43,-0.39,77.28,81.39,55.87
VISHNUINFR,161.35,2026-07-27,-0.4,1.8,-0.4,3.43,-14.65,-7.27
METAL,12.52,2026-07-28,-0.56,-1.03,-0.4,-4.65,2.88,34.19
SILVER,215.49,2026-07-28,-3.0,-0.71,-0.4,-8.07,-38.29,89.49
SAKHTISUG,16.86,2026-07-28,-1.98,-0.18,-0.41,-6.28,-2.82,-29.52
SENSEXIETF,882.49,2026-07-28,-0.11,-1.1,-0.41,0.46,-6.12,-4.33
WINDLAS,849.0,2026-07-28,-0.99,-2.59,-0.42,-0.02,8.55,-13.42
NIF100IETF,27.85,2026-07-28,-0.36,-1.35,-0.43,0.29,-3.2,17.2
AVANTIFEED,958.05,2026-07-28,-2.19,-7.36,-0.43,-32.27,21.78,40.13
GMRAIRPORT,107.96,2026-07-28,-0.04,-3.21,-0.44,10.32,14.96,20.42
INDPRUD,6500.0,2026-07-28,-0.79,-1.06,-0.44,-2.94,,
BSLSENETFG,77.35,2026-07-28,-0.21,-1.4,-0.45,0.42,-6.8,-4.03
MARKOLINES,172.78,2026-07-28,-3.13,0.1,-0.47,12.99,28.05,
SENSEXBETA,846.8,2026-07-28,-0.31,-1.39,-0.47,-0.03,-6.47,
GTECJAINX,29.2,2026-07-28,1.96,6.03,-0.48,47.18,47.7,8.15
JINDALSTEL,1054.4,2026-07-28,-1.06,2.04,-0.48,-16.68,-5.81,8.06
ACMESOLAR,355.5,2026-07-28,-1.9,-5.84,-0.48,16.48,64.45,20.89
GSEC5IETF,65.66,2026-07-28,-0.8,-1.25,-0.48,1.8,2.79,4.02
SENSEXADD,78.94,2026-07-28,-0.16,-1.23,-0.48,-0.01,-6.54,-4.57
GLOBAL,104.99,2026-07-28,0.96,4.82,-0.48,3.03,36.67,55.49
SILVERIETF,215.28,2026-07-28,-3.13,-0.75,-0.48,-8.11,-38.14,89.61
SRM,506.15,2026-07-28,-0.67,1.27,-0.49,-3.86,11.71,14.71
MOALPHA50,53.0,2026-07-28,-0.9,-0.63,-0.5,4.14,9.17,
MAYURUNIQ,785.9,2026-07-28,-3.88,-1.09,-0.5,39.37,53.33,36.8
METROBRAND,1026.0,2026-07-28,-0.55,-4.01,-0.51,-1.91,0.25,-15.24
PAVNAIND,17.55,2026-07-28,8.2,4.03,-0.51,-15.5,0.0,-55.23
GROWWMETAL,11.79,2026-07-28,-0.59,-1.09,-0.51,-5.07,2.43,
PGHH,8973.0,2026-07-28,-0.23,2.86,-0.53,-11.95,-23.92,-29.34
OILIETF,11.24,2026-07-28,-0.27,-2.35,-0.53,-5.07,-5.55,-1.66
PASHUPATI,86.48,2026-07-28,-0.37,-0.85,-0.54,-1.56,7.27,25.2
MOPSE,100.44,2026-07-28,-1.18,-0.38,-0.55,-8.12,-2.21,3.44
CCHHL,12.61,2026-07-28,-0.63,0.88,-0.55,-9.28,-5.05,-29.63
ATLASCYCLE,98.01,2026-07-28,0.55,-2.36,-0.55,-3.79,5.21,-24.93
BOROSCI,153.95,2026-07-28,-0.27,-5.19,-0.57,31.89,41.86,-5.08
MASON,125.25,2026-07-27,3.64,-2.94,-0.6,-13.02,-26.24,-38.47
REPRO,369.9,2026-07-28,-0.78,-0.71,-0.6,3.22,-6.78,-28.82
LANCORHOL,24.54,2026-07-28,-3.0,-0.61,-0.61,1.36,-11.38,16.51
HDFCNIF100,25.82,2026-07-28,-0.23,-1.15,-0.62,1.14,-2.86,-0.62
SILVER1,20.94,2026-07-28,-2.92,-0.81,-0.62,-7.96,-93.72,-78.08
SBFC,90.26,2026-07-28,-0.13,-3.47,-0.62,-4.5,1.59,-18.98
VIJAYA,1359.1,2026-07-28,0.61,1.83,-0.64,22.4,42.18,19.32
ESILVER,215.12,2026-07-28,-3.4,-1.16,-0.65,-8.32,-37.64,88.4
ABSLPSE,10.25,2026-07-28,-1.35,-1.25,-0.68,-8.24,-2.38,3.54
COMPUSOFT,13.22,2026-07-28,0.0,1.61,-0.68,-5.3,-6.51,-34.28
EQUITASBNK,74.63,2026-07-28,-5.53,-5.87,-0.68,12.07,7.4,24.95
SRHHYPOLTD,483.0,2026-07-28,-0.84,-0.63,-0.69,-4.26,6.78,-20.91
MOBIKWIK,199.24,2026-07-28,-3.07,-6.95,-0.7,-12.89,-1.12,-21.05
CHEMPLASTS,202.14,2026-07-28,-2.34,0.25,-0.7,-14.65,-18.36,-53.09
TCI,921.05,2026-07-28,-1.21,-0.98,-0.71,-2.1,-9.0,-22.26
MOSILVER,213.84,2026-07-28,-2.66,-0.41,-0.71,-8.02,-37.96,
KSOLVES,279.45,2026-07-28,-0.02,-5.4,-0.71,-12.23,5.76,-10.26
CASTROLIND,184.06,2026-07-28,-0.14,-0.11,-0.71,0.14,2.19,-11.91
ALPHA,51.03,2026-07-28,-0.8,-1.2,-0.72,4.19,9.13,3.09
TOP15IETF,9.82,2026-07-28,-0.81,-1.46,-0.72,0.27,-7.81,-2.2
IVC,8.22,2026-07-28,-0.6,-0.84,-0.72,4.05,6.34,5.36
SILLYMONKS,16.6,2026-07-28,0.0,0.48,-0.72,-3.49,-18.11,-4.82
GLOBALVECT,166.98,2026-07-28,4.55,10.53,-0.74,-10.76,-3.65,-21.76
ARFIN,89.14,2026-07-28,-2.23,3.63,-0.75,-6.23,19.14,180.32
LICHSGFIN,545.7,2026-07-28,-1.1,-1.22,-0.75,-0.78,5.14,-5.93
MODINATUR,396.8,2026-07-28,-3.61,-3.4,-0.76,6.68,14.72,
MANYAVAR,409.45,2026-07-28,-0.21,-1.09,-0.76,-6.81,-15.66,-45.62
BNAGROCHEM,274.0,2026-07-28,-0.35,0.27,-0.76,15.61,,
SUPREMEIND,3395.4,2026-07-28,1.71,-1.2,-0.77,-5.85,-2.66,-20.17
KONTOR,58.05,2026-07-27,-2.6,-10.55,-0.77,-26.52,4.03,-27.66
REDINGTON,278.05,2026-07-28,-0.04,3.17,-0.78,32.18,9.27,-0.68
GROBTEA,905.0,2026-07-28,0.56,-0.48,-0.78,-2.04,1.51,-17.12
GULPOLY,189.09,2026-07-28,-4.37,3.58,-0.79,6.9,44.91,13.61
BENGALASM,6315.0,2026-07-28,1.6,1.11,-0.79,-0.03,,
BLUSPRING,107.08,2026-07-28,-2.08,-2.36,-0.8,72.43,74.68,20.0
BLKASHYAP,54.14,2026-07-28,0.06,-6.66,-0.82,4.92,12.53,-24.77
GEMAROMA,183.32,2026-07-28,-3.19,-0.84,-0.82,8.24,16.81,
DOLLEX,29.85,2026-07-27,-0.5,3.83,-0.83,-6.43,-16.27,-30.18
BIKAJI,633.95,2026-07-28,-1.14,-1.25,-0.84,-5.58,-4.02,-15.24
WILLAMAGOR,25.96,2026-07-28,2.0,-0.19,-0.84,-2.81,-12.83,-25.96
KINGFA,5016.0,2026-07-28,-2.19,-0.67,-0.85,7.69,25.48,39.68
ARIHANTACA,465.0,2026-07-27,-1.06,-1.06,-0.85,-3.12,3.33,66.57
RAMAPHO,128.62,2026-07-28,-1.74,3.54,-0.85,-5.9,-17.41,-18.43
SREEL,216.33,2026-07-28,-2.86,1.61,-0.86,18.07,-0.67,-9.53
EPACK,231.83,2026-07-28,-0.12,-3.73,-0.86,-20.34,3.06,-32.94
UNIONBANK,168.24,2026-07-28,-1.1,-4.37,-0.86,1.6,-4.79,29.8
DREAMFOLKS,66.95,2026-07-28,-0.87,-1.69,-0.87,-18.76,-27.32,-53.27
FORTIS,945.45,2026-07-28,0.33,-0.5,-0.87,-0.54,11.47,11.84
MIDSMALL,50.6,2026-07-28,-0.3,-0.55,-0.88,1.44,8.26,4.42
ZAGGLE,203.79,2026-07-28,0.22,-1.93,-0.88,-20.05,-30.24,-44.79
SAHLIBHFI,79.78,2026-07-28,2.02,0.86,-0.88,-1.04,,
JUNIPER,194.95,2026-07-28,-1.55,-0.23,-0.89,-7.31,-9.43,-36.52
GICRE,357.7,2026-07-28,-0.42,-0.71,-0.9,-10.47,-4.7,-0.78
HOMEFIRST,1181.0,2026-07-28,-0.13,-7.24,-0.9,5.6,-0.37,-13.5
MOSCHIP,202.62,2026-07-28,-2.73,-13.33,-0.9,-3.04,8.16,23.37
PWL,124.2,2026-07-28,0.9,-6.64,-0.91,16.82,-0.58,
SPCL,69.8,2026-07-27,3.79,0.72,-0.92,-18.79,-26.02,-39.46
COCKERILL,8759.5,2026-07-28,-1.13,-4.64,-0.92,69.87,,
MASKINVEST,151.0,2026-07-28,0.0,0.34,-0.92,-5.11,4.33,-6.31
DIGIKORE,48.4,2026-07-27,-5.28,-5.38,-0.92,-28.93,-21.04,-72.97
BAHETI,712.6,2026-07-27,0.11,0.32,-0.92,19.62,21.39,21.76
KRSNAA,533.25,2026-07-28,-1.63,-2.45,-0.93,-9.59,-25.6,-37.11
KILITCH,183.59,2026-07-28,1.52,3.05,-0.93,19.38,14.14,-16.55
FMCGIETF,52.43,2026-07-28,-1.41,-0.36,-0.93,-3.53,-3.94,-10.21
TARMAT,50.42,2026-07-28,-0.04,0.32,-0.94,-4.94,1.86,-9.23
GILT10BETA,26.41,2026-07-28,0.34,-1.49,-0.94,1.11,1.46,1.62
BSL,126.18,2026-07-28,0.98,-0.72,-0.94,0.37,-6.63,-16.62
SRTL,40.07,2026-07-28,-1.96,-4.25,-0.94,-19.76,,
SIDDHIKA,212.0,2026-07-27,1.17,-0.54,-0.95,-2.71,0.45,8.23
NORTHARC,285.35,2026-07-28,-4.92,-6.53,-0.95,9.2,6.23,22.56
EIEL,216.45,2026-07-28,-1.06,-5.62,-0.96,-0.15,21.81,-16.99
AUROIMPEX,25.5,2026-07-27,0.79,-1.92,-0.97,-25.0,-27.14,-48.85
HDFCVALUE,125.75,2026-07-28,0.08,-1.62,-0.98,-2.78,-10.14,-4.49
JIOFIN,237.08,2026-07-28,0.39,-0.77,-0.98,-5.47,-7.1,-22.74
KESORAMIND,11.02,2026-07-28,-3.76,-5.25,-0.99,7.93,13.84,91.32
RAMANEWS,28.77,2026-07-28,0.88,-0.28,-1.0,-8.75,-6.47,-11.34
AROGRANITE,25.45,2026-07-28,0.79,1.48,-1.01,-4.36,-7.35,-32.39
APOLLOTYRE,423.85,2026-07-28,0.93,-1.13,-1.02,0.62,-14.32,-5.02
ASTRAMICRO,1704.1,2026-07-28,-5.42,-2.68,-1.02,55.44,77.19,77.27
SILINV,414.25,2026-07-28,-0.61,-1.29,-1.02,-9.94,-4.95,-29.17
ASTRAL,1471.4,2026-07-28,0.38,5.39,-1.04,-5.0,1.27,4.5
JINDALPHOT,1057.1,2026-07-28,-0.59,-4.14,-1.04,-4.37,-27.91,22.7
UNITEDTEA,472.9,2026-07-28,-0.01,2.19,-1.04,-12.48,-0.47,1.96
AMANTA,159.0,2026-07-28,-0.62,-3.43,-1.05,20.12,55.93,
TOP10ADD,87.31,2026-07-28,0.6,-0.66,-1.07,-0.75,-10.18,-8.07
SUPERHOUSE,157.93,2026-07-28,0.52,-8.68,-1.07,0.21,-0.47,-5.42
ZENITHSTL,5.53,2026-07-28,-3.32,2.98,-1.07,-14.79,20.22,-35.77
SILVERADD,207.79,2026-07-28,-3.11,-0.81,-1.08,-8.17,-38.71,89.52
UMESLTD,5.52,2026-07-28,2.99,3.76,-1.08,-5.8,19.74,-2.47
BAGFILMS,4.55,2026-07-28,-1.3,0.44,-1.09,-13.66,-20.73,-34.91
SAMPANN,27.25,2026-07-28,-1.41,1.11,-1.09,-3.74,-8.06,-13.13
SURANASOL,26.83,2026-07-28,-3.84,2.37,-1.11,-4.79,11.14,-16.93
MEGATHERM,214.3,2026-07-27,-4.71,-5.03,-1.11,-22.06,6.19,-33.37
UMIYA-MRO,90.06,2026-07-28,0.27,0.42,-1.12,2.97,3.97,7.99
KAYNES,3227.7,2026-07-28,1.46,-3.04,-1.13,-21.22,-7.53,-41.5
ANDHRAPAP,62.89,2026-07-28,0.48,3.32,-1.13,-4.65,-0.63,-15.92
SIS,430.5,2026-07-28,-1.13,-1.27,-1.13,20.94,34.19,17.06
INNOVISION,283.25,2026-07-28,-0.11,-1.94,-1.13,-13.35,,
GAEL,156.46,2026-07-28,-0.54,8.74,-1.14,4.63,13.25,48.1
RAMCOCEM,908.5,2026-07-28,-1.22,-1.87,-1.15,-5.05,-14.84,-22.22
SWELECTES,601.9,2026-07-28,-0.98,-2.0,-1.16,-10.16,12.82,-8.3
FOODSIN,55.31,2026-07-28,3.13,-4.11,-1.16,-15.51,-9.64,-47.81
IWP,32.98,2026-07-28,0.3,1.98,-1.17,-4.96,,
ADANIENT,3002.3,2026-07-28,-1.13,-5.69,-1.18,24.51,50.58,19.08
NDRAUTO,806.2,2026-07-28,-2.27,-1.73,-1.18,4.42,19.37,-15.96
ADANIPORTS,1774.7,2026-07-28,0.24,-3.76,-1.19,8.83,28.97,29.52
IDBI,85.37,2026-07-28,1.05,0.4,-1.19,11.1,-14.35,-7.51
NMDC,83.92,2026-07-28,0.48,0.08,-1.2,-7.68,6.07,23.46
AUTOIND,87.02,2026-07-28,-2.91,-2.15,-1.2,39.86,21.16,17.52
FELDVR,2.45,2026-07-28,3.38,-2.0,-1.21,-15.81,-20.71,-28.15
ARVSMART,593.0,2026-07-28,-1.12,-0.79,-1.22,-5.98,10.39,-4.75
ECAPINSURE,23.89,2026-07-28,0.63,-1.04,-1.24,0.42,0.13,4.73
NSIL,5434.5,2026-07-28,-0.19,-0.28,-1.24,-5.74,-7.32,-19.99
KRONOX,151.22,2026-07-28,-2.78,-1.4,-1.24,15.9,22.75,-14.95
RKDL,19.14,2026-07-28,-1.75,-0.62,-1.24,-13.63,-3.48,-32.91
SHEETAL,291.9,2026-07-27,-0.58,-1.05,-1.25,14.47,43.51,127.15
HINDALCO,936.4,2026-07-28,-0.94,-1.2,-1.25,-12.38,-5.7,37.55
NAVINFLUOR,7512.5,2026-07-28,-2.57,-4.44,-1.27,13.5,25.99,47.57
BELLACASA,241.8,2026-07-28,0.6,-0.74,-1.29,-5.86,-25.32,-41.58
TATATECH,738.6,2026-07-28,3.55,-1.35,-1.3,31.62,13.52,7.24
FCSSOFT,1.5,2026-07-28,-1.32,-3.23,-1.32,-10.18,-2.6,-41.18
VMSTMT,43.01,2026-07-28,-2.29,-4.23,-1.35,-7.84,-14.36,
SAGARDEEP,24.6,2026-07-28,-1.44,3.4,-1.36,-1.44,-4.87,-13.01
IIFLCAPS,336.3,2026-07-28,-0.41,-0.59,-1.36,4.27,-2.08,13.29
JINDALSAW,257.15,2026-07-28,2.51,-3.31,-1.37,8.01,43.45,20.28
KDL,114.3,2026-07-27,-0.61,-1.64,-1.38,-27.66,-32.82,-58.17
PROPEQUITY,221.9,2026-07-27,-7.5,-2.68,-1.38,4.92,36.93,6.1
JOCIL,145.0,2026-07-28,-2.03,3.46,-1.39,12.06,14.18,-10.29
NHPC,78.28,2026-07-28,-1.81,-3.36,-1.41,-8.32,1.02,-4.21
BVCL,40.7,2026-07-28,-0.93,-3.16,-1.41,-10.06,-8.31,-3.42
PAGEIND,40370.0,2026-07-28,1.0,0.11,-1.42,8.06,24.71,-11.97
KDDL,3124.7,2026-07-28,0.18,-2.08,-1.44,24.59,43.2,13.09
MAHESHWARI,73.01,2026-07-28,-0.67,0.01,-1.44,44.57,64.03,21.08
GEECEE,337.3,2026-07-28,-1.06,-2.2,-1.45,13.3,9.02,-7.91
NV20IETF,13.56,2026-07-28,-0.44,-2.09,-1.45,-3.49,-10.44,-4.91
KANCHI,367.05,2026-07-28,-1.04,2.38,-1.46,-10.05,,
KKCL,497.2,2026-07-28,-0.95,-1.54,-1.46,6.01,6.48,-6.18
APOLLO,378.75,2026-07-28,-3.61,-3.58,-1.47,23.81,57.06,108.93
MOTOUR,78.7,2026-07-28,-0.14,-0.49,-1.48,6.78,2.54,-13.43
MAXHEALTH,1104.8,2026-07-28,-0.88,0.22,-1.48,10.15,15.46,-11.98
ORIENTHOT,136.6,2026-07-28,-0.55,-4.47,-1.48,37.45,35.48,-5.53
DEFENCE,77.11,2026-07-28,-1.87,-1.38,-1.49,5.3,,
NRBBEARING,422.8,2026-07-28,0.85,4.46,-1.49,49.66,70.27,56.41
GLOTTIS,66.49,2026-07-28,-0.27,0.44,-1.51,6.04,31.3,
RVHL,45.25,2026-07-28,-0.61,-0.57,-1.52,5.43,1.09,5.58
INDOCO,228.05,2026-07-28,-8.1,-6.75,-1.53,7.85,5.24,-26.7
PODDARMENT,249.65,2026-07-28,-1.22,-0.58,-1.54,-7.02,0.46,-14.72
UTTAMSUGAR,223.79,2026-07-28,-2.15,-4.66,-1.55,-11.65,4.89,-15.45
PETRONET,277.8,2026-07-28,1.8,1.0,-1.58,1.18,-3.32,-4.37
GROWWDEFNC,92.42,2026-07-28,-1.99,-1.18,-1.59,3.41,13.08,18.31
HEXATRADEX,158.88,2026-07-28,1.05,0.06,-1.6,-6.56,-0.24,-13.61
SBGLP,25.14,2026-07-28,2.91,-2.06,-1.6,-7.06,-25.02,-41.53
LMW,15849.0,2026-07-28,-1.8,-1.55,-1.62,6.36,9.47,4.59
VAKRANGEE,6.05,2026-07-28,-0.66,2.02,-1.63,-13.69,-14.31,-36.32
COMMOIETF,98.87,2026-07-28,-0.98,-2.14,-1.63,-5.96,0.21,11.58
MODEFENCE,101.3,2026-07-28,-1.95,-1.29,-1.65,3.59,12.99,17.64
KIRLFER,478.45,2026-07-28,-0.52,-0.39,-1.66,10.71,6.48,6.48
VALUE,15.98,2026-07-28,-0.56,-1.36,-1.66,-4.92,,
RBLBANK,364.9,2026-07-28,0.56,-0.96,-1.66,13.76,22.72,44.61
CORDSCABLE,204.92,2026-07-28,0.17,-1.01,-1.67,13.63,28.3,2.5
BATLIBOI,83.4,2026-07-28,-1.26,2.09,-1.69,-0.18,,
UTKARSHBNK,14.27,2026-07-28,-1.65,-4.93,-1.72,1.71,-0.49,-35.46
SHBAJRG,184.4,2026-07-28,1.07,-4.1,-1.72,6.28,,
THELEELA,475.6,2026-07-28,0.0,-3.44,-1.72,13.29,17.01,11.32
MOLOWVOL,37.06,2026-07-28,0.19,0.05,-1.72,0.9,-2.45,-1.15
ALPHAETF,25.7,2026-07-28,-0.73,-1.34,-1.72,2.07,4.51,2.64
GKSL,127.0,2026-07-28,-0.31,-0.02,-1.73,10.74,22.68,
URAVIDEF,111.85,2026-07-28,-1.89,-3.11,-1.74,-22.73,-41.13,-77.42
VAL30IETF,15.24,2026-07-28,-0.72,-1.49,-1.74,-5.28,-2.25,16.96
INFINIUM,206.1,2026-07-27,-2.18,-0.55,-1.74,-2.78,-3.92,-24.79
CONCORDBIO,1256.1,2026-07-28,-0.02,-5.35,-1.75,17.88,6.15,-31.84
SUNCLAY,1305.8,2026-07-28,-6.72,-5.88,-1.75,-6.44,11.95,-32.52
BALUFORGE,445.9,2026-07-28,1.4,-0.12,-1.77,-10.51,25.15,-28.34
DISAQ,12296.0,2026-07-28,0.86,3.56,-1.78,0.48,,
UCOBANK,26.67,2026-07-28,0.04,0.11,-1.8,3.26,-6.88,-10.04
IOC,141.28,2026-07-28,-0.17,-0.79,-1.81,-2.83,-12.15,2.08
AHLUCONT,832.75,2026-07-28,0.25,-1.41,-1.81,-5.59,-3.79,-17.24
BANSALWIRE,309.15,2026-07-28,-2.31,-2.66,-1.83,1.83,11.29,-25.16
SAFARI,1559.6,2026-07-28,-2.17,-4.72,-1.83,7.04,-22.96,-23.0
NV20BEES,138.88,2026-07-28,-0.15,-1.86,-1.83,-3.38,-10.64,45.85
IOB,33.84,2026-07-28,-0.82,-3.31,-1.83,-3.23,-4.0,-10.33
ALLCARGO,8.0,2026-07-28,-1.11,-0.74,-1.84,-13.14,-19.84,-76.35
ITC,284.65,2026-07-28,-0.42,0.69,-1.84,-3.96,-7.04,-27.17
BALMLAWRIE,175.98,2026-07-28,-0.38,-1.84,-1.84,-3.0,7.3,-11.42
INDGN,508.5,2026-07-28,0.09,-0.12,-1.84,1.92,6.92,-7.15
BIRLANU,1351.7,2026-07-28,-1.19,4.82,-1.85,-3.79,-16.36,-40.93
VASWANI,52.51,2026-07-28,-0.32,-0.59,-1.85,-9.53,-3.08,0.29
MBEL,297.85,2026-07-28,0.3,-6.16,-1.86,-10.82,-1.62,
AMBALALSA,31.05,2026-07-28,-1.71,0.36,-1.86,-6.48,,
INFRABEES,960.01,2026-07-28,-0.35,-1.44,-1.87,-0.85,2.38,3.18
DPSCLTD,7.33,2026-07-28,2.23,-0.54,-1.87,-27.78,-18.1,-42.36
SAURASHCEM,57.09,2026-07-28,-1.45,-5.5,-1.87,-6.64,-19.39,-43.64
REXPIPES,171.0,2026-07-27,0.0,-1.87,-1.87,-12.26,22.32,13.85
HINDOILEXP,157.08,2026-07-28,-0.57,-3.0,-1.87,-3.02,2.73,-3.14
PARKHOTELS,119.95,2026-07-28,-1.94,-4.64,-1.87,-4.46,-1.83,-19.81
JNKINDIA,466.55,2026-07-28,-0.61,-0.47,-1.88,24.58,123.68,47.65
GOLD360,137.8,2026-07-28,-1.47,-0.33,-1.89,-4.7,-14.04,42.28
OMFREIGHT,89.51,2026-07-28,-2.6,-3.62,-1.9,11.97,-1.14,
TBI,63.5,2026-07-27,-3.71,3.17,-1.93,-10.5,-17.53,-42.59
SHREEOSFM,60.5,2026-07-27,-3.2,0.08,-1.94,-15.86,-16.55,-45.59
SAMHI,176.36,2026-07-28,-1.22,8.1,-1.94,10.52,-0.29,-22.16
GRAVITA,1638.5,2026-07-28,-8.4,-9.46,-1.94,0.83,5.38,-9.72
LOYALTEX,209.15,2026-07-28,2.55,4.05,-1.95,2.02,2.67,-37.61
CMPDI,242.96,2026-07-28,-4.14,-3.74,-1.95,28.11,,
CPSEETF,94.27,2026-07-28,-1.86,-2.58,-1.95,-13.2,-3.88,3.79
POLICYBZR,1583.3,2026-07-28,1.94,-0.08,-1.97,-5.04,-4.22,-11.19
KANANIIND,1.49,2026-07-28,-1.32,0.68,-1.97,-10.24,-3.87,-26.96
INA,110.94,2026-07-28,-0.98,-6.86,-1.98,-29.08,,
SHRIKRISH,40.12,2026-07-28,1.65,-0.02,-1.98,-16.24,,
ASHOKLEY,157.5,2026-07-28,1.57,1.74,-1.98,-4.38,-17.99,31.38
WEBELSOLAR,99.46,2026-07-28,0.45,-2.82,-1.99,-18.61,21.38,-25.88
BABAFP,24.5,2026-07-27,2.08,8.17,-2.0,-10.91,-9.76,-38.67
SKMEGGPROD,270.5,2026-07-28,-15.15,-15.3,-2.0,61.9,33.32,83.34
MONQ50,140.88,2026-07-28,-0.91,-0.17,-2.02,11.37,40.77,80.38
NAHARCAP,247.39,2026-07-28,1.17,-1.6,-2.02,-0.25,8.53,-18.22
VERITAAS,36.3,2026-07-27,0.0,-9.59,-2.02,-31.64,-21.43,-58.08
INFRA,12.06,2026-07-28,-0.58,-2.58,-2.03,0.25,,
GROWWPSE,98.13,2026-07-28,-1.78,-2.01,-2.04,-9.2,,
BESTAGRO,15.26,2026-07-28,-4.09,-1.29,-2.05,-17.69,-26.99,-47.63
JINDALPOLY,630.1,2026-07-28,-0.83,-5.43,-2.06,-6.82,60.03,8.53
SHILCTECH,4423.7,2026-07-28,0.38,-1.44,-2.06,-15.29,28.81,
EXPLEOSOL,809.3,2026-07-28,-0.33,-1.86,-2.07,-0.6,-10.77,-33.32
VENUSPIPES,1661.4,2026-07-28,-1.58,-2.36,-2.07,17.58,62.55,16.97
JHS,7.57,2026-07-28,2.3,4.27,-2.07,-17.36,-27.28,-39.0
SARDAEN,510.2,2026-07-28,-0.41,1.58,-2.09,-15.34,5.78,18.66
VSTTILLERS,4389.2,2026-07-28,-0.93,-2.27,-2.09,-16.35,-19.78,-1.35
LOVABLE,71.32,2026-07-28,0.15,-4.42,-2.09,-6.31,-0.53,-24.26
LGBBROSLTD,1554.3,2026-07-28,0.03,0.21,-2.09,-10.95,-7.29,24.4
BAJAJHFL,85.66,2026-07-28,0.19,-0.43,-2.1,-4.15,-3.93,-25.64
GUJAPOLLO,351.9,2026-07-28,-2.03,1.02,-2.11,-19.71,-13.88,-27.02
GANGESSECU,117.69,2026-07-28,0.81,1.54,-2.11,-7.94,-1.65,-25.3
EBANKNIFTY,57.23,2026-07-28,-0.35,-2.0,-2.12,2.65,-4.6,1.29
INTELLECT,724.25,2026-07-28,0.91,-2.69,-2.12,-3.01,-19.65,-30.39
SHRIRAMPPS,86.96,2026-07-28,1.72,-1.97,-2.13,0.91,15.36,-7.68
YATRA,107.34,2026-07-28,-2.99,-0.99,-2.14,-1.76,-28.69,18.03
NPST,1550.7,2026-07-28,-0.41,1.33,-2.16,27.83,25.33,-21.51
TECHNVISN,4793.6,2026-07-28,-2.45,45.59,-2.17,-17.11,,
SMARTWORKS,478.95,2026-07-28,-1.25,-1.46,-2.17,12.15,8.05,16.65
RUCHIRA,109.92,2026-07-28,-0.45,5.97,-2.17,-6.82,-5.92,-15.46
GSFC,159.59,2026-07-28,-0.31,0.23,-2.17,-8.04,-10.87,-16.95
AARTIPHARM,675.65,2026-07-28,-1.27,-3.2,-2.18,-5.14,-11.21,-26.44
PIXTRANS,1748.4,2026-07-28,-2.69,-5.86,-2.18,16.88,37.29,19.86
PSB,23.71,2026-07-28,-0.75,-3.03,-2.2,-3.95,-12.88,-18.37
AMJLAND,37.81,2026-07-28,0.35,0.88,-2.2,-8.61,-11.89,-34.83
BLIL,70.06,2026-07-28,0.13,0.52,-2.21,-3.7,,
SURAJLTD,223.43,2026-07-28,1.96,-2.22,-2.23,-5.32,-6.32,-36.56
TATACAP,354.95,2026-07-28,1.26,0.72,-2.23,9.13,5.05,
PARTYCRUS,89.95,2026-07-27,3.39,6.58,-2.23,1.07,-0.06,21.55
ROSSTECH,911.6,2026-07-28,-6.56,-6.85,-2.24,-10.64,36.89,62.06
BANKNIFTY1,58.96,2026-07-28,-0.67,-2.03,-2.25,2.99,-90.41,-89.81
INFRAIETF,95.17,2026-07-28,-0.48,-2.14,-2.25,-1.35,1.96,2.92
HINDPETRO,400.05,2026-07-28,1.55,-1.32,-2.25,5.26,-7.66,-1.68
GREENPANEL,191.2,2026-07-28,-0.34,-0.86,-2.25,-7.88,-10.05,-40.3
GROWW,195.3,2026-07-28,-2.05,-4.0,-2.25,-11.17,13.49,
PONNIERODE,307.3,2026-07-28,-1.35,-5.29,-2.26,2.66,18.58,7.91
TIMESCAN,41.05,2026-07-27,1.99,-3.3,-2.26,2.62,5.12,-31.41
MON100,318.46,2026-07-28,-1.13,-2.9,-2.26,5.7,35.35,55.35
SETUINFRA,0.43,2026-07-28,0.0,-6.52,-2.27,-33.85,4.88,-24.56
BANKETF,579.27,2026-07-28,-0.38,-2.02,-2.27,2.9,-4.32,1.82
CARYSIL,1152.2,2026-07-28,-0.16,-2.17,-2.28,25.34,51.27,32.28
DICIND,498.05,2026-07-28,-0.83,-2.01,-2.28,-5.48,-7.71,-20.6
HDFCNIFBAN,58.43,2026-07-28,-0.61,-2.14,-2.29,2.71,-4.49,1.85
ZUARI,225.68,2026-07-28,1.61,-2.03,-2.29,-8.11,-20.07,3.05
SHREEPUSHK,393.9,2026-07-28,1.48,-4.34,-2.29,2.86,21.84,5.27
BANKIETF,58.29,2026-07-28,-0.66,-2.08,-2.3,2.91,-4.32,10.86
MIRZAINT,34.67,2026-07-28,-1.34,-9.05,-2.31,3.77,-11.51,2.06
MOMIDMTM,63.08,2026-07-28,-0.1,-0.32,-2.34,0.41,3.51,1.86
ENIL,105.89,2026-07-28,-0.16,-2.4,-2.35,-9.35,-9.43,-23.67
DENEERS,190.35,2026-07-27,-4.11,10.22,-2.36,16.78,33.39,-38.99
NTPC,343.75,2026-07-28,-2.01,-1.01,-2.36,-15.51,-0.49,5.97
BANKBETF,57.77,2026-07-28,-0.35,-2.08,-2.37,2.81,-4.07,1.67
BCPL,70.47,2026-07-28,-0.4,-0.23,-2.37,-0.76,,
MOTHERSON,147.86,2026-07-28,-0.75,3.22,-2.37,18.29,33.34,45.84
RKEC,26.77,2026-07-28,-0.7,1.83,-2.37,-25.29,-40.02,-59.79
MOVALUE,112.73,2026-07-28,-0.71,-2.25,-2.37,-5.74,-6.86,9.69
TOTAL,49.14,2026-07-28,2.16,-5.3,-2.38,-14.58,-26.5,-34.34
AXITA,7.39,2026-07-28,-0.27,0.54,-2.38,-10.1,-14.61,-8.87
BANSWRAS,128.97,2026-07-28,3.73,-1.06,-2.39,7.99,27.12,-9.74
BANKBEES,587.54,2026-07-28,-0.66,-2.11,-2.39,2.73,-4.33,1.67
DOLLAR,253.8,2026-07-28,-0.35,-1.95,-2.4,-15.52,-17.88,-31.28
VERANDA,228.75,2026-07-28,-1.8,2.09,-2.4,21.58,18.09,2.33
BHARATWIRE,197.53,2026-07-28,-2.65,-1.6,-2.41,-11.39,13.26,4.28
GVPTECH,6.87,2026-07-28,-1.43,0.88,-2.41,-1.72,-15.39,-34.01
GROWWRAIL,28.68,2026-07-28,-0.45,-1.38,-2.42,-12.85,-16.41,-20.9
VAML,432.1,2026-07-28,-1.16,-1.03,-2.42,,,
BANKBETA,58.78,2026-07-28,-0.59,-2.0,-2.42,2.96,-4.13,
GLOSTERLTD,684.0,2026-07-28,0.92,2.24,-2.42,15.29,18.89,10.66
ABSLBANETF,58.18,2026-07-28,-0.61,-2.2,-2.42,2.83,-4.56,1.84
SUDARCOLOR,355.3,2026-07-28,-1.31,-2.6,-2.43,1.67,-3.84,-40.0
BANKADD,58.16,2026-07-28,-0.5,-2.15,-2.45,2.81,-4.47,1.8
PDSL,349.7,2026-07-28,-2.18,-3.57,-2.45,23.97,2.8,-1.46
JMFINANCIL,122.7,2026-07-28,-1.33,-0.87,-2.47,-9.61,-3.8,-22.77
SETFNIFBK,583.17,2026-07-28,-0.69,-2.13,-2.47,2.83,-4.26,1.75
CESC,163.88,2026-07-28,0.96,-1.04,-2.47,-14.32,14.64,-2.65
RACLGEAR,1309.4,2026-07-28,-1.71,-1.15,-2.48,2.99,22.6,35.02
HARSHA,404.45,2026-07-28,-0.32,-3.97,-2.48,4.99,10.57,-0.17
EMMVEE,328.85,2026-07-28,-1.42,-2.17,-2.49,20.78,72.22,
EMBDL,62.12,2026-07-28,-0.08,-2.56,-2.5,34.23,3.38,-43.1
LIBERTSHOE,262.85,2026-07-28,-2.29,-2.58,-2.5,0.54,0.92,-26.3
CUMMINSIND,5455.5,2026-07-28,-3.09,-0.92,-2.5,4.62,37.32,56.56
TECILCHEM,10.09,2026-07-28,1.0,2.75,-2.51,-21.66,-34.82,-52.47
SIMBHALS,6.61,2026-07-28,-3.5,-4.06,-2.51,-35.64,-27.6,-57.98
ALEMBICLTD,89.23,2026-07-28,-1.02,-1.15,-2.52,-3.29,-4.46,-18.69
CHOLAFIN,1753.0,2026-07-28,-1.8,-1.63,-2.53,14.14,7.22,17.76
CEATLTD,3401.4,2026-07-28,0.94,-0.17,-2.54,-3.28,-7.99,3.32
SPMLINFRA,194.0,2026-07-28,-2.3,-6.27,-2.55,-8.77,13.34,-30.34
KEEPLEARN,1.91,2026-07-28,0.53,3.8,-2.55,-9.05,-19.41,-40.68
DATAPATTNS,4381.7,2026-07-28,-4.31,10.04,-2.56,8.16,68.21,71.27
DHARMAJ,258.25,2026-07-28,-0.73,-0.63,-2.57,0.95,14.68,-17.98
BAJAJST,405.7,2026-07-28,2.64,0.82,-2.59,-12.87,,
CLEANMAX,1317.1,2026-07-28,-8.47,-1.45,-2.59,22.99,,
WEALTH,969.1,2026-07-28,1.06,1.05,-2.59,3.71,21.07,-16.71
KOVAI,5862.0,2026-07-28,0.31,-1.08,-2.61,3.94,127.5,127.5
SHANTIGOLD,216.09,2026-07-28,-0.38,1.78,-2.62,5.7,4.14,
RAYMOND,576.8,2026-07-28,-3.06,-5.88,-2.62,22.24,48.97,-15.93
ANNAPURNA,126.25,2026-07-27,-4.03,-5.22,-2.62,-24.38,-32.32,-54.45
MARSONS,109.48,2026-07-28,-2.13,-3.18,-2.63,-30.23,,
SBIMIDMOM,62.14,2026-07-28,-0.03,-1.0,-2.63,0.44,,
HALDER,229.84,2026-07-28,-1.66,0.71,-2.64,-5.57,-17.91,
POCL,513.0,2026-07-28,-1.87,-8.51,-2.64,3.91,1.26,13.66
MBLINFRA,24.34,2026-07-28,-0.45,-3.3,-2.64,-3.49,-5.66,-42.08
SANDUMA,201.55,2026-07-28,1.72,3.98,-2.65,-7.01,-8.03,37.45
GALAXYSURF,1958.9,2026-07-28,-0.2,0.17,-2.66,5.55,3.02,-23.81
NIRMAN,42.1,2026-07-27,4.08,-0.71,-2.66,-22.32,-24.55,-75.55
MEESHO,181.48,2026-07-28,-0.34,-2.26,-2.67,1.47,7.9,
BOSCH-HCIL,1333.8,2026-07-28,0.07,-0.28,-2.67,-7.32,-3.75,-23.13
BBNPNBETF,57.28,2026-07-28,-0.47,-1.93,-2.67,2.58,-4.12,1.7
RPPL,20.38,2026-07-28,-6.04,-7.53,-2.67,27.37,26.27,-18.87
BLAL,177.23,2026-07-28,-0.21,-2.01,-2.68,-5.98,-8.16,-15.79
NATHBIOGEN,163.88,2026-07-28,-0.61,0.2,-2.68,-4.72,16.18,-8.31
BFSI,27.04,2026-07-28,-0.29,-2.21,-2.7,0.78,-4.22,-1.39
VHL,3466.3,2026-07-28,-1.06,-2.3,-2.7,1.04,5.11,-13.51
BALKRISHNA,17.95,2026-07-28,2.34,-0.61,-2.71,-3.49,7.94,-15.57
ECOSMOBLTY,129.92,2026-07-28,-1.18,-1.17,-2.75,-6.51,-25.68,-58.36
PARKHOSPS,277.65,2026-07-28,-0.73,-0.48,-2.75,18.52,82.24,
DELTACORP,62.68,2026-07-28,-0.05,-1.94,-2.75,-14.54,-2.14,-27.04
AMBIKCO,1677.4,2026-07-28,-2.09,-1.92,-2.75,11.72,34.17,8.01
GREENLAM,253.1,2026-07-28,-1.25,0.2,-2.75,13.69,5.12,5.65
TRACXN,29.6,2026-07-28,-1.6,-1.37,-2.76,-8.95,-12.89,-47.47
THEINVEST,96.03,2026-07-28,-0.38,-1.12,-2.76,-14.22,-3.96,-41.21
NUCLEUS,724.85,2026-07-28,-0.91,-3.13,-2.77,-7.08,-16.46,-28.46
WHIRLPOOL,780.4,2026-07-28,-1.81,0.89,-2.79,-21.69,-0.57,-43.22
RAJPALAYAM,810.55,2026-07-28,-0.02,-1.75,-2.81,-0.41,,
ARVINDFASN,456.0,2026-07-28,-1.66,-3.95,-2.82,2.6,2.39,-8.58
BATAINDIA,694.95,2026-07-28,-0.67,-0.79,-2.82,-4.21,-18.65,-41.56
EIHAHOTELS,309.45,2026-07-28,-1.28,-1.01,-2.84,-3.07,-5.69,-18.57
LAMBODHARA,111.31,2026-07-28,-2.54,-3.9,-2.85,3.8,9.26,-16.84
NAMAN,47.5,2026-07-27,8.32,0.74,-2.86,-20.7,-20.24,-54.33
MONTECARLO,541.0,2026-07-28,-1.07,1.13,-2.86,-3.12,-3.97,-4.63
ARCHIES,13.88,2026-07-28,-0.79,-0.86,-2.87,-5.77,-12.92,-28.89
AONETMMQ50,9.91,2026-07-28,-1.0,-0.77,-2.88,-0.73,,
RACE,108.01,2026-07-28,-0.94,-1.73,-2.88,-15.11,3.26,-53.28
SURYODAY,165.68,2026-07-28,-10.26,-9.49,-2.88,11.34,26.87,29.23
GRMOVER,89.57,2026-07-28,-0.61,-1.56,-2.89,-45.53,-44.64,-27.75
SAIL,165.85,2026-07-28,1.99,1.97,-2.89,-10.66,6.49,33.71
CLSEL,277.1,2026-07-28,-0.79,4.0,-2.89,-1.96,17.79,-13.68
AGROPHOS,29.44,2026-07-28,2.51,-1.41,-2.9,-8.06,-22.4,-26.37
MVKAGRO,377.85,2026-07-27,-5.75,-1.28,-2.9,-25.85,-37.67,68.49
SWANCORP,309.0,2026-07-28,-1.02,-0.79,-2.91,-8.4,-27.31,-33.74
RUPA,162.3,2026-07-28,-1.04,-2.46,-2.92,6.42,7.62,-22.77
TALBROAUTO,394.65,2026-07-28,2.02,-5.26,-2.92,26.51,58.62,41.28
KPIGREEN,387.0,2026-07-28,-1.39,-6.28,-2.93,-15.81,-4.69,-22.58
ESABINDIA,5567.0,2026-07-28,-0.97,-5.15,-2.93,-9.64,0.31,5.94
SUMMITSEC,1479.8,2026-07-28,-1.12,-1.18,-2.93,-10.34,-12.82,-27.47
STEELCITY,75.08,2026-07-28,-0.65,-2.15,-2.93,-8.78,-8.68,-26.61
PFC,419.9,2026-07-28,-0.05,1.46,-2.95,-12.78,11.58,7.52
MOBANK10,16.84,2026-07-28,-0.24,-2.83,-2.95,2.14,,
STYLEBAAZA,271.6,2026-07-28,-1.22,-6.34,-2.97,-30.28,-19.75,1.72
DWARKESH,41.42,2026-07-28,-2.59,-4.52,-2.97,-1.64,21.29,-3.68
GILLANDERS,88.25,2026-07-28,0.12,-1.04,-2.98,-6.11,-8.12,-32.5
NESCO,1048.6,2026-07-28,4.0,-3.35,-2.98,-11.87,-3.9,-14.55
AYE,162.92,2026-07-28,-2.33,-4.99,-2.98,12.3,,
CENTUM,3455.9,2026-07-28,-1.35,-6.96,-2.99,19.21,53.15,57.2
GUJRAFFIA,39.5,2026-07-28,1.26,-0.48,-3.0,-1.96,-6.69,2.12
KAKATCEM,117.17,2026-07-28,-2.63,-3.9,-3.0,-13.41,3.89,-24.25
MWL,35.95,2026-07-28,0.14,-2.23,-3.03,13.27,31.03,93.34
INDUSTOWER,381.6,2026-07-28,-1.5,-5.07,-3.04,-7.81,-10.28,-0.78
ASMS,7.01,2026-07-28,0.0,-2.77,-3.04,-12.37,-37.63,-48.11
ALLETEC,136.2,2026-07-27,-1.3,-5.35,-3.06,-15.98,-31.54,-60.92
CHEMBOND,176.45,2026-07-28,2.68,-4.28,-3.07,17.02,16.8,-5.42
PIONRINV,88.67,2026-07-28,-4.92,-10.45,-3.07,-13.45,,
PACEDIGITK,193.88,2026-07-28,-1.98,-4.22,-3.07,7.37,13.38,
SBIN,1013.2,2026-07-28,-0.73,-4.42,-3.08,-5.48,-3.01,29.39
ALPA,66.39,2026-07-28,-0.29,-3.15,-3.08,-2.74,3.93,-34.35
ALBERTDAVD,686.65,2026-07-28,0.35,-1.63,-3.08,-4.66,-2.42,-22.88
GMRP&UI,96.5,2026-07-28,-1.15,-0.65,-3.11,-9.64,-7.82,-15.17
RAMCOIND,332.05,2026-07-28,-1.42,-6.29,-3.12,23.17,9.17,17.86
GOKULAGRO,210.79,2026-07-28,-0.36,-0.23,-3.12,-6.36,34.67,38.47
HGM,50.38,2026-07-28,-3.85,3.05,-3.13,-3.36,-12.2,-12.15
KOTIC,158.2,2026-07-28,-4.02,-6.79,-3.13,-15.63,,
DAICHI,304.75,2026-07-28,0.74,-1.58,-3.14,17.55,,
ASAHIINDIA,870.6,2026-07-28,-0.86,-2.16,-3.15,0.47,-10.28,4.67
ARVEE,159.84,2026-07-28,0.99,1.16,-3.15,-2.1,2.1,-0.32
SHIVAMILLS,60.05,2026-07-28,0.84,1.16,-3.15,-1.62,6.49,-20.71
WIPL,169.0,2026-07-28,-0.04,0.27,-3.16,5.6,13.06,11.36
INVENTURE,0.92,2026-07-28,1.1,2.22,-3.16,-8.0,-18.58,-41.4
NITINSPIN,532.9,2026-07-28,-1.29,-3.06,-3.18,16.71,61.83,40.31
PRAMARA,128.7,2026-07-27,-4.88,-6.47,-3.2,-63.53,-63.86,-38.47
SIYSIL,619.6,2026-07-28,-0.82,-3.12,-3.2,9.18,21.21,-3.67
PREMIERENE,1016.9,2026-07-28,-2.21,-6.4,-3.21,-1.9,42.32,-3.32
NEXTMEDIA,3.91,2026-07-28,-1.26,-0.26,-3.22,-9.07,-28.12,-39.57
SBCL,729.7,2026-07-28,-1.69,-2.32,-3.22,19.08,78.42,40.57
TATASTEEL,182.63,2026-07-28,-0.88,-2.03,-3.22,-13.32,-3.85,16.73
MUFIN,123.96,2026-07-28,-1.31,-3.64,-3.23,7.27,9.31,43.79
LFIC,140.61,2026-07-28,-2.95,-1.83,-3.23,-1.92,1.91,-33.06
UGROCAP,94.86,2026-07-28,-0.83,-3.02,-3.24,-12.89,-35.48,-44.48
VEEKAYEM,122.0,2026-07-27,-4.69,-6.15,-3.25,-17.01,18.56,-51.47
NIRAJ,29.05,2026-07-28,0.28,0.62,-3.26,-0.41,-11.59,-41.54
LUMAXIND,5118.0,2026-07-28,-1.24,-1.27,-3.28,0.73,8.91,35.66
BIL,778.85,2026-07-28,4.43,4.47,-3.28,0.33,3.69,-8.13
HERITGFOOD,323.3,2026-07-28,-1.19,-2.8,-3.28,-10.68,-17.88,-29.59
INDIGO,5270.5,2026-07-28,0.77,0.79,-3.29,18.64,10.98,-8.38
KAMAHOLD,2521.2,2026-07-28,-0.88,-3.79,-3.3,0.76,,
EFACTOR,175.0,2026-07-27,9.14,9.38,-3.31,-27.04,-32.69,-23.24
SEAMECLTD,1438.8,2026-07-28,1.96,5.72,-3.31,-6.29,19.14,80.03
NIDAN,13.15,2026-07-27,1.54,-5.73,-3.31,-15.71,-13.77,-34.09
TREJHARA,137.26,2026-07-28,-0.54,1.66,-3.32,-12.68,-31.54,-38.01
JAINREC,337.95,2026-07-28,-0.15,3.08,-3.32,-24.48,-13.95,
VISHWARAJ,5.21,2026-07-28,-0.76,-0.57,-3.34,-11.24,-18.21,-43.8
MOCAPITAL,52.86,2026-07-28,-0.53,-2.97,-3.35,,,
REPL,63.55,2026-07-28,-0.06,-1.97,-3.36,-20.61,-35.94,-63.34
TAMBOLIIN,218.0,2026-07-28,1.35,0.78,-3.37,36.29,,
SAMBHAAV,6.29,2026-07-28,-0.63,2.95,-3.38,-6.81,-22.25,-12.27
INDBANK,32.6,2026-07-28,-1.51,-2.48,-3.38,-5.59,-10.09,-2.16
PILANIINVS,4240.0,2026-07-28,-2.42,-2.94,-3.39,-11.23,-8.81,-16.7
HIGREEN,137.0,2026-07-27,-1.83,-0.72,-3.39,1.41,3.98,-41.64
RENUKA,21.64,2026-07-28,-1.01,-2.39,-3.39,-21.71,-12.81,-28.08
BYKE,32.5,2026-07-28,-0.76,-1.37,-3.39,-13.86,-35.05,-58.27
NILAINFRA,7.42,2026-07-28,0.41,4.21,-3.39,-10.28,-14.32,-32.73
GROWWCAPM,11.09,2026-07-28,-0.98,-3.14,-3.4,-0.36,12.36,
DIGIDRIVE,17.91,2026-07-28,0.45,-3.08,-3.4,-25.31,-21.62,-40.91
ZEEL,107.57,2026-07-28,-1.19,0.21,-3.4,15.72,27.95,-7.4
ABMKNO,193.62,2026-07-28,-2.21,0.43,-3.41,-14.17,,
MOMENTUM50,51.82,2026-07-28,-1.18,-1.69,-3.41,0.8,2.33,0.39
AJMERA,126.97,2026-07-28,0.63,-2.25,-3.42,0.46,-18.5,-31.36
TRAVELFOOD,1288.3,2026-07-28,0.93,-1.22,-3.43,0.27,19.72,15.18
ABSL10BANK,166.1,2026-07-28,-1.88,-3.97,-3.43,0.73,,
VTL,612.5,2026-07-28,-2.51,-2.94,-3.44,0.55,48.32,34.83
TVSELECT,484.25,2026-07-28,-1.97,-5.6,-3.44,3.8,32.47,17.52
SRF,2633.4,2026-07-28,0.07,-8.12,-3.46,4.17,-6.34,-13.41
NAHARINDUS,115.56,2026-07-28,-0.81,-0.7,-3.46,5.42,19.8,-7.63
HMAAGRO,21.22,2026-07-28,-1.44,-2.3,-3.46,-13.03,-19.19,-29.74
BLACKBUCK,543.3,2026-07-28,-0.79,-5.32,-3.46,-6.59,-2.92,15.95
JAYBARMARU,161.05,2026-07-28,-4.94,-4.34,-3.48,73.56,89.29,124.84
LANDSMILL,0.83,2026-07-28,1.22,12.16,-3.49,-16.16,-30.83,-29.06
VLSFINANCE,253.1,2026-07-28,-0.49,-2.88,-3.5,6.76,-4.0,9.77
HARIOMPIPE,387.25,2026-07-28,-1.96,-3.15,-3.51,19.45,-7.23,-12.38
TMCV,416.7,2026-07-28,1.36,1.8,-3.52,0.74,-9.95,
MOMENTUM,30.39,2026-07-28,-0.91,-1.46,-3.52,-0.78,-1.87,-1.17
SHREDIGCEM,73.33,2026-07-28,0.2,-0.66,-3.53,-0.81,-3.39,-13.46
CPPLUS,3431.2,2026-07-28,-3.56,-3.78,-3.53,48.82,143.67,
HDFCPVTBAN,27.77,2026-07-28,-0.54,-2.36,-3.54,2.74,-3.81,0.73
MEIL,295.45,2026-07-28,-1.83,-1.99,-3.54,-0.58,3.0,
BOROLTD,228.9,2026-07-28,-2.07,-2.71,-3.54,-8.87,-6.25,-29.91
TOLINS,102.3,2026-07-28,-0.57,-2.49,-3.55,-7.63,-14.36,-33.53
JSWINFRA,318.2,2026-07-28,-1.12,-8.68,-3.55,12.01,22.28,4.42
ICICIB22,114.7,2026-07-28,-0.72,-1.52,-3.56,-8.72,-4.41,7.45
DEVX,34.45,2026-07-28,0.85,1.29,-3.56,-19.02,-5.44,
GPPL,148.33,2026-07-28,0.01,-2.08,-3.56,-5.38,-12.19,0.43
ENERGY,38.35,2026-07-28,-1.72,-3.84,-3.57,-6.87,10.54,
TVSSRICHAK,3989.7,2026-07-28,0.43,-2.42,-3.58,3.85,-2.95,30.9
GLOBE,2.15,2026-07-28,0.0,0.47,-3.59,-13.31,-21.82,-3.15
ADVANIHOTR,51.33,2026-07-28,-1.76,-0.81,-3.59,-4.92,-7.87,-11.11
HDFCMOMENT,30.28,2026-07-28,-1.34,-1.59,-3.6,-1.05,-1.66,-0.72
NTPCGREEN,92.27,2026-07-28,-1.52,0.32,-3.6,-20.33,-1.39,-13.99
IRMENERGY,255.95,2026-07-28,-1.1,-1.73,-3.6,-26.38,5.39,-10.26
ALMONDZ,12.56,2026-07-28,-3.24,-3.68,-3.61,-24.97,-14.85,-42.57
BEACON,90.5,2026-07-27,-2.84,-3.21,-3.62,-8.49,8.25,59.33
GMBREW,892.4,2026-07-28,-1.46,-3.26,-3.62,-7.1,-8.34,26.63
TATAINVEST,654.3,2026-07-28,0.67,-1.16,-3.62,-9.31,5.4,-1.05
DUCOL,105.05,2026-07-27,-0.99,-2.1,-3.62,-17.83,-24.88,-18.97
KOKUYOCMLN,85.27,2026-07-28,-0.69,1.25,-3.63,-8.33,0.49,-22.92
RPPINFRA,62.58,2026-07-28,0.69,-1.15,-3.65,-22.05,-29.22,-48.39
CANBK,124.24,2026-07-28,-2.37,-3.56,-3.65,-6.39,-18.64,16.24
MOMOMENTUM,60.8,2026-07-28,-1.11,-1.33,-3.65,-1.11,-1.44,-1.07
EMULTIMQ,40.57,2026-07-28,-0.86,-1.55,-3.66,-3.04,-0.69,-1.15
MONOPHARMA,10.5,2026-07-27,-2.33,-0.94,-3.67,-19.85,1.45,-53.95
ICIL,410.75,2026-07-28,2.39,4.66,-3.67,49.3,76.89,39.66
TUNWAL,26.2,2026-07-27,-1.5,1.16,-3.68,-16.69,-12.52,-11.64
BANK10ADD,16.75,2026-07-28,-0.83,-3.29,-3.68,1.52,,
MOM30IETF,30.57,2026-07-28,-1.04,-1.45,-3.69,-1.16,-1.55,-1.07
HINDCOPPER,473.15,2026-07-28,-1.92,-1.85,-3.71,-14.96,-25.18,91.85
NSLNISP,42.05,2026-07-28,-0.24,-2.16,-3.73,1.37,-1.89,11.66
CMICABLES,2.84,2026-07-27,-4.7,-2.07,-3.73,-10.97,-43.76,-12.07
STAR,1041.7,2026-07-28,-0.12,-1.68,-3.74,-0.97,30.83,12.94
PVTBANIETF,27.54,2026-07-28,-0.43,-2.1,-3.74,3.46,-4.01,0.77
SUNTECK,307.05,2026-07-28,-1.19,-3.14,-3.75,-12.82,-17.94,-23.52
PGIL,1993.4,2026-07-28,-1.15,-4.84,-3.75,28.82,35.69,34.89
MOMENTUM30,30.02,2026-07-28,-1.18,-1.38,-3.75,-1.57,-1.41,
ORIENTELEC,170.51,2026-07-28,-1.43,-1.68,-3.76,-9.05,-2.24,-21.02
ZEEMEDIA,7.92,2026-07-28,-0.5,-1.98,-3.77,-7.37,0.64,-42.11
SIGMA,37.55,2026-07-28,-1.0,-1.47,-3.77,-15.35,-27.29,-1.87
VEEDOL,1391.0,2026-07-28,-0.09,-0.4,-3.77,-0.17,1.84,-13.16
KRISHIVAL,389.35,2026-07-28,-0.36,-2.28,-3.77,14.87,23.66,-2.01
PVTBANKADD,27.75,2026-07-28,-0.22,-1.63,-3.78,3.62,-3.68,1.24
MOENERGY,38.28,2026-07-28,-1.72,-3.72,-3.79,-6.86,10.34,
TREEHOUSE,6.34,2026-07-28,-1.86,3.76,-3.79,-23.06,-14.09,-8.25
ABLBL,93.87,2026-07-28,-1.68,-1.56,-3.79,-9.74,-9.39,-33.67
NPBET,283.03,2026-07-28,-0.45,-2.08,-3.8,3.72,-3.94,0.97
NORBTEAEXP,69.23,2026-07-28,1.72,0.99,-3.81,12.95,-19.39,104.88
ASTRAZEN,8071.5,2026-07-28,-1.18,0.21,-3.81,-4.65,-4.53,-9.69
ASCOM,258.75,2026-07-27,0.0,-0.23,-3.81,-5.39,74.83,200.7
WOCKPHARMA,1890.1,2026-07-28,1.33,-1.73,-3.82,33.36,39.32,12.31
RELIANCE,1267.7,2026-07-28,-0.96,-4.19,-3.82,-8.3,-8.82,-7.85
CREST,377.7,2026-07-28,0.72,0.12,-3.83,2.8,3.82,1.77
KANDARP,96.7,2026-07-27,1.79,-7.9,-3.83,-31.83,-38.58,26.57
VENTIVE,619.25,2026-07-28,0.23,-0.26,-3.83,-0.29,-16.84,-15.18
SAMMAANCAP,163.27,2026-07-28,-1.02,-0.29,-3.85,13.89,15.12,31.18
LUMAXTECH,1489.3,2026-07-28,-0.31,2.27,-3.85,-10.46,11.74,43.83
BIRDYS,92.1,2026-07-27,0.0,1.21,-3.86,-34.52,-23.25,-28.05
PSUBNKBEES,92.73,2026-07-28,-0.84,-3.57,-3.86,-3.67,-8.41,19.98
PARAS,1186.1,2026-07-28,-2.88,-1.7,-3.86,47.08,73.0,68.44
SIRCA,391.3,2026-07-28,-1.62,-0.41,-3.87,-8.9,-18.45,-5.13
GROWWPSUBK,83.32,2026-07-28,-0.79,-3.64,-3.88,-3.69,,
LGEINDIA,1510.2,2026-07-28,-1.09,-4.2,-3.89,-6.12,7.11,
ONEPOINT,55.65,2026-07-28,0.38,3.34,-3.89,3.44,13.62,13.9
EFORCE,21.0,2026-07-27,-1.64,-6.04,-3.89,-22.65,-34.38,-54.84
HAVISHA,1.23,2026-07-28,1.65,0.0,-3.91,-21.66,-23.12,-40.0
SUNDARMFIN,4422.1,2026-07-28,0.12,-0.07,-3.93,-2.82,-14.93,-8.99
GROWWMOM50,10.44,2026-07-28,-1.69,-1.88,-3.96,0.38,2.18,0.3
EMKAYTOOLS,91.05,2026-07-27,-2.15,-3.96,-3.96,-20.13,-6.62,-56.54
NCLIND,185.22,2026-07-28,-0.2,-0.58,-3.96,6.37,0.15,-14.7
VSCL,29.0,2026-07-27,0.0,0.0,-3.97,8.82,42.51,-3.33
AADHARHFC,497.85,2026-07-28,-0.83,-2.49,-3.98,0.82,4.69,-3.62
FLAIR,254.65,2026-07-28,-0.82,0.49,-3.98,-20.43,-16.35,-19.49
LTFOODS,370.15,2026-07-28,-1.66,-3.94,-3.99,-12.91,3.7,-22.45
GODAVARIB,269.65,2026-07-28,-1.55,2.26,-3.99,-14.74,7.77,-11.93
HEMIPROP,133.97,2026-07-28,-0.87,-1.25,-4.0,3.49,0.74,5.46
GATECH,0.48,2026-07-28,-2.04,2.13,-4.0,2.13,0.0,-17.24
WESTLIFE,466.8,2026-07-28,0.5,3.71,-4.01,-2.41,-5.56,-38.03
HISARMETAL,149.42,2026-07-28,2.26,-2.0,-4.01,-5.94,-5.67,-26.81
ORISSAMINE,3771.8,2026-07-28,1.58,1.86,-4.02,-10.28,-18.54,-24.01
ZUARIIND,250.15,2026-07-28,-2.13,-4.18,-4.03,-6.28,-9.14,-8.0
BHAGERIA,207.99,2026-07-28,-4.64,-0.6,-4.03,19.01,24.06,7.51
BANKPSU,83.69,2026-07-28,-0.7,-3.64,-4.03,-3.77,-8.16,20.4
ATL,23.23,2026-07-28,-1.9,-0.9,-4.05,-9.75,-3.73,-24.38
AHCL,15.63,2026-07-28,-0.76,4.2,-4.05,18.41,21.77,
SVPGLOB,3.78,2026-07-28,-0.53,-4.55,-4.06,6.78,20.38,3.85
SHRITECH,61.4,2026-07-27,0.0,-2.54,-4.06,0.82,15.09,-32.53
CENTRALBK,30.89,2026-07-28,-1.15,-3.62,-4.07,-12.93,-15.47,-13.62
PSUBNKIETF,84.19,2026-07-28,-0.91,-3.56,-4.07,-3.8,-8.22,20.41
STARCEMENT,202.01,2026-07-28,-0.4,-3.32,-4.1,-13.05,-6.21,-10.32
SOBHA,1344.4,2026-07-28,-1.23,-7.65,-4.13,-5.98,-4.67,-15.75
OLIL,418.0,2026-07-27,-2.34,-0.71,-4.13,33.12,39.17,95.37
REMSONSIND,78.6,2026-07-28,-1.29,-3.25,-4.13,-28.34,-27.97,-38.26
HDFCPSUBK,83.97,2026-07-28,-0.7,-3.58,-4.13,-4.2,-8.37,19.97
VESUVIUS,449.6,2026-07-28,-0.3,-3.79,-4.15,-13.19,-5.43,-12.59
FOSECOIND,4975.5,2026-07-28,-1.21,-3.14,-4.16,4.84,11.8,5.74
MERCANTILE,24.2,2026-07-28,-1.98,2.11,-4.16,9.5,,
METROGLOBL,127.65,2026-07-28,-2.5,-4.27,-4.17,2.45,,
MADRASFERT,65.9,2026-07-28,-0.98,-2.36,-4.17,-5.41,-13.47,-24.84
BBTC,1491.7,2026-07-28,-0.33,-0.37,-4.18,-0.4,-12.65,-21.62
MCX,2713.4,2026-07-28,-1.51,-3.71,-4.18,-6.37,4.64,76.15
WELSPUNLIV,160.23,2026-07-28,-2.02,-1.93,-4.18,21.66,26.76,19.36
RAJOOENG,52.13,2026-07-28,-3.78,2.1,-4.19,-26.48,-18.78,-51.99
GRSE,2610.7,2026-07-28,-1.39,1.91,-4.19,-9.2,3.94,5.37
INDRAMEDCO,369.3,2026-07-28,0.19,-1.4,-4.19,-7.96,0.9,-17.46
PSUBANKADD,83.85,2026-07-28,-1.11,-3.65,-4.2,-3.97,-8.35,20.56
BASML,26.9,2026-07-28,-0.33,1.82,-4.2,13.74,16.2,-10.21
BILVYAPAR,4.1,2026-07-28,-0.73,-3.3,-4.21,-27.43,-42.66,-66.99
ASAL,497.2,2026-07-28,-0.21,-6.84,-4.21,-5.72,8.06,-0.68
SBIBPB,48.0,2026-07-28,-0.54,-3.5,-4.23,-4.23,-9.31,18.84
JKLAKSHMI,562.95,2026-07-28,-1.96,-1.5,-4.24,-14.28,-26.81,-39.04
MHHL,33.85,2026-07-27,-8.51,-0.29,-4.24,-16.11,-9.01,-37.78
GOYALSALT,114.05,2026-07-27,-0.83,-1.38,-4.24,-10.16,-19.29,-31.3
KIRLOSIND,3761.5,2026-07-28,-1.2,-2.72,-4.25,14.66,18.17,-10.18
MOINFRA,60.21,2026-07-28,-0.59,-1.17,-4.27,-7.25,3.88,2.89
AEROFLEX,446.3,2026-07-28,6.73,9.86,-4.27,52.45,167.87,117.19
FRONTSP,1354.6,2026-07-28,-1.9,-3.43,-4.28,-7.05,,
POLYCAB,9121.5,2026-07-28,1.24,2.66,-4.3,11.03,32.29,34.04
VIKRAMSOLR,177.31,2026-07-28,-2.14,-7.25,-4.3,-21.67,-12.48,
EVEREADY,348.8,2026-07-28,-0.27,1.69,-4.31,7.89,8.02,-16.08
ELCIDIN,110900.0,2026-07-28,0.16,-0.98,-4.35,-12.13,,
TATACONSUM,1082.1,2026-07-28,-2.28,-0.9,-4.35,-4.92,-3.58,2.96
DCMFINSERV,5.26,2026-07-28,0.0,1.94,-4.36,7.35,19.55,-13.91
UCAL,116.47,2026-07-28,-1.02,-1.52,-4.38,14.23,6.08,-20.11
SHANTIGEAR,419.95,2026-07-28,0.8,-0.19,-4.38,-11.33,-7.08,-24.48
MEDIASSIST,347.2,2026-07-28,0.01,-3.37,-4.39,0.54,-13.87,-33.72
VSTL,111.26,2026-07-28,-0.06,-0.61,-4.39,-13.98,-6.34,-30.07
OSWALSEEDS,10.43,2026-07-28,3.27,-1.51,-4.4,-16.49,-24.15,-17.61
ELDEHSG,778.1,2026-07-28,0.52,1.2,-4.4,-7.91,-12.8,4.8
MOIL,267.25,2026-07-28,-0.43,-1.49,-4.4,-19.5,-26.2,-26.49
SBIETFPB,278.52,2026-07-28,-0.43,-2.18,-4.41,3.72,-3.91,0.79
ALLTIME,224.18,2026-07-28,-1.19,-7.18,-4.41,-6.33,-2.17,
AGRITECH,110.0,2026-07-28,-1.77,0.8,-4.41,-1.09,-20.13,-24.61
SIGIND,45.78,2026-07-28,0.0,-0.56,-4.43,-10.93,-6.44,-21.1
SHIGAN,62.55,2026-07-27,-0.95,0.08,-4.43,-16.32,21.46,-27.9
INSECTICID,629.45,2026-07-28,2.76,-0.9,-4.43,-9.77,-2.33,-37.99
VISL,29.51,2026-07-28,-2.8,-10.36,-4.44,,,
ANURAS,1218.4,2026-07-28,-0.4,-3.9,-4.45,-6.99,-0.2,7.76
PINELABS,152.94,2026-07-28,2.69,2.14,-4.45,-25.57,-33.61,
IVP,152.51,2026-07-28,-1.15,-3.12,-4.45,4.91,15.42,-20.08
PTL,39.26,2026-07-28,-0.41,-0.78,-4.47,1.25,6.09,4.47
BEL,389.0,2026-07-28,-4.46,-4.69,-4.47,-10.73,-13.76,0.59
HDFCAMC,2531.2,2026-07-28,-0.83,-4.3,-4.47,-6.29,4.4,-7.02
SUMEETINDS,25.98,2026-07-28,-4.97,-26.4,-4.49,-13.49,-5.53,4.42
SUNTV,490.45,2026-07-28,0.36,0.11,-4.49,-17.58,-8.67,-11.69
POWERMECH,2636.1,2026-07-28,-2.11,2.63,-4.49,6.3,29.51,-11.59
JKIL,480.95,2026-07-28,-1.65,-3.1,-4.51,-6.94,-14.43,-31.75
ROML,44.62,2026-07-28,-0.8,-0.89,-4.52,-0.67,-0.22,-14.98
TATAPOWER,371.35,2026-07-28,-1.59,-3.37,-4.53,-19.09,5.24,-6.4
LAXMIDENTL,214.56,2026-07-28,-1.6,-4.3,-4.54,2.2,11.17,-50.85
DCW,46.0,2026-07-28,-2.48,-1.35,-4.54,-1.92,-0.35,-39.31
HONAUT,37510.0,2026-07-28,-0.04,-1.84,-4.54,20.35,19.11,-1.48
SALASAR,5.89,2026-07-28,-1.17,-1.67,-4.54,-21.57,-26.01,-17.97
MURUDCERA,30.66,2026-07-28,0.0,0.89,-4.55,-7.96,-6.7,-27.52
NAVKARURB,1.05,2026-07-28,-0.94,-8.7,-4.55,32.91,-24.46,-52.62
HDFCLIFE,558.75,2026-07-28,1.07,-1.04,-4.56,-4.98,-23.04,-26.33
VGUARD,292.25,2026-07-28,-0.73,-2.89,-4.56,-12.51,-7.95,-24.2
GINNIFILA,46.92,2026-07-28,-4.21,-6.98,-4.56,13.47,31.83,1.65
MUKTAARTS,58.19,2026-07-28,-0.53,9.17,-4.59,5.42,4.19,-31.53
YCCL,9.35,2026-07-27,-4.1,-10.95,-4.59,-6.5,-16.89,-23.36
NIPPOBATRY,329.4,2026-07-28,-1.2,0.63,-4.6,2.23,-13.21,-26.01
GULFOILLUB,1035.6,2026-07-28,-1.2,3.58,-4.6,4.6,-2.62,-8.69
CMRSL,65.1,2026-07-27,3.75,0.93,-4.62,-10.82,-4.19,-22.87
MANGALAM,27.46,2026-07-28,0.15,0.62,-4.62,-3.14,-31.52,-68.31
GARUDA,170.98,2026-07-28,-0.79,-2.01,-4.62,-2.21,6.33,-6.56
JAGRAN,62.17,2026-07-28,-0.22,-1.18,-4.63,8.73,6.91,0.4
WOMANCART,99.95,2026-07-27,10.93,-6.37,-4.63,-46.96,-55.55,-54.53
DELAPLEX,95.55,2026-07-27,-2.5,-6.32,-4.64,-15.33,-17.63,-33.97
ROHLTD,320.3,2026-07-28,-0.64,0.71,-4.64,-5.71,-12.55,-23.15
INOXGREEN,194.68,2026-07-28,-2.2,-0.33,-4.64,8.2,14.65,15.41
ERIS,1390.8,2026-07-28,-0.9,-4.95,-4.67,5.32,3.51,-21.36
MOLDTKPAC,657.3,2026-07-28,-5.06,-6.35,-4.67,15.28,20.52,-13.11
JAIPURKURT,26.56,2026-07-28,-0.34,0.15,-4.67,-17.97,-29.04,-35.6
NITCO,103.18,2026-07-28,-4.1,-5.15,-4.68,19.91,25.8,-22.16
AIAENG,4603.0,2026-07-28,-0.68,-1.17,-4.7,15.25,17.81,43.64
TOUCHWOOD,65.79,2026-07-28,-1.81,-2.55,-4.71,-13.66,-32.69,-32.75
MAL,32.4,2026-07-27,-1.67,4.18,-4.71,-16.17,-28.48,-58.17
SAAKSHI,290.6,2026-07-27,-1.34,-3.9,-4.72,39.75,57.68,52.99
HPIL,121.48,2026-07-28,-0.3,-2.49,-4.72,-10.68,-8.0,-13.23
PRAKASHSTL,4.02,2026-07-28,-0.99,-0.5,-4.74,-15.01,-13.73,-30.81
OILCOUNTUB,56.32,2026-07-28,-0.58,1.51,-4.75,-4.66,21.01,-36.29
FIRSTCRY,212.36,2026-07-28,-0.54,0.72,-4.75,-13.53,-22.0,-40.16
SNOWMAN,36.06,2026-07-28,-0.8,-2.3,-4.75,-13.34,-3.68,-33.07
SPLIL,30.47,2026-07-28,-1.46,-6.71,-4.75,-5.58,10.56,-23.83
SANWARIA,0.2,2026-07-28,0.0,-4.76,-4.76,0.0,-23.08,-42.86
KENNAMET,2886.3,2026-07-28,1.73,3.69,-4.76,11.75,18.14,18.14
SUKHJITS,170.13,2026-07-28,0.81,4.85,-4.76,-7.61,-4.85,-2.1
DRONE,40.0,2026-07-27,2.83,0.63,-4.76,-25.93,-21.95,-60.06
RCF,126.3,2026-07-28,0.02,-0.73,-4.77,-3.04,-5.85,-14.51
INDOTHAI,220.51,2026-07-28,0.19,0.66,-4.78,-24.55,-10.25,22.64
TARACHAND,54.19,2026-07-28,-0.75,-3.04,-4.79,-15.72,-28.91,-23.03
PLADAINFO,10.9,2026-07-27,-4.8,-9.17,-4.8,-3.11,-22.14,-42.33
SGL,9.72,2026-07-28,-1.42,-2.11,-4.8,-18.18,-9.07,-31.06
INGERRAND,4255.0,2026-07-28,-2.83,-6.75,-4.8,0.7,33.34,12.9
IEML,43.4,2026-07-27,2.24,0.81,-4.82,-48.39,-43.31,-70.68
HONDAPOWER,2090.8,2026-07-28,-1.57,-0.49,-4.82,-9.58,3.5,-21.89
SUNDRMBRAK,775.95,2026-07-28,-1.28,-5.17,-4.82,29.76,34.62,-10.46
DBL,437.55,2026-07-28,-1.37,7.89,-4.82,-7.7,-5.46,-5.15
AHLEAST,142.05,2026-07-28,-1.32,-6.24,-4.82,-15.04,8.01,-9.3
HEADSUP,6.7,2026-07-28,-5.5,-0.74,-4.83,-8.72,-18.29,-27.25
GOKEX,813.4,2026-07-28,-2.5,-3.78,-4.84,15.64,45.22,-8.75
EIFFL,314.95,2026-07-28,-0.41,-1.73,-4.86,27.78,27.56,33.82
JMA,87.02,2026-07-28,-2.09,-2.31,-4.86,-3.9,14.52,-1.73
VINATIORGA,1300.9,2026-07-28,-0.97,-1.36,-4.86,0.07,-13.58,-29.35
FELIX,177.6,2026-07-27,-5.48,-3.45,-4.9,-18.06,-1.33,-7.98
JARO,485.15,2026-07-28,1.38,-1.14,-4.9,15.79,-1.72,
JBMA,659.05,2026-07-28,-0.89,-1.75,-4.91,2.13,17.3,3.31
RRIL,17.38,2026-07-28,5.65,1.16,-4.92,1.34,,
AAATECH,90.47,2026-07-28,-1.02,-2.38,-4.93,-8.01,-11.7,10.85
ORICONENT,52.79,2026-07-28,-2.87,-10.14,-4.93,-18.26,-21.72,13.3
AMRUTANJAN,510.8,2026-07-28,-0.5,-6.56,-4.93,-12.47,-13.05,-22.08
SILGO,71.93,2026-07-28,-3.2,-3.31,-4.93,-6.27,1.21,27.22
UNIECOM,85.06,2026-07-28,-0.78,-1.38,-4.94,-13.61,-20.7,-30.42
STERTOOLS,238.51,2026-07-28,-1.37,-2.69,-4.95,-8.89,4.29,-31.58
SMLT,66.26,2026-07-28,-1.9,-0.47,-4.95,-7.74,-2.3,-44.54
MAITHANALL,962.5,2026-07-28,-0.39,-4.94,-4.97,-1.92,-6.5,-11.7
VETO,119.55,2026-07-28,-1.31,-6.33,-4.97,8.19,19.5,-4.15
FEL,0.38,2026-07-28,2.7,0.0,-5.0,-17.39,-15.56,-34.48
FABTECH,149.07,2026-07-28,0.11,-1.54,-5.0,-13.66,-8.38,
DIAMONDYD,1073.5,2026-07-28,-2.2,-7.11,-5.02,6.5,-3.1,3.66
IRFC,87.15,2026-07-28,-1.11,-1.77,-5.03,-17.11,-26.7,-32.16
LINDEINDIA,6667.5,2026-07-28,-1.46,-4.7,-5.04,-7.76,12.45,2.75
ZEELEARN,8.48,2026-07-28,3.92,1.07,-5.04,67.59,29.47,-4.72
GOCLCORP,388.15,2026-07-28,-1.97,-3.23,-5.05,14.7,47.64,7.31
SEYAIND,12.42,2026-07-28,1.97,-1.82,-5.05,-7.04,-22.33,-33.05
AERONEU,85.43,2026-07-28,-1.4,-4.38,-5.09,9.53,24.7,-27.6
TERASOFT,387.7,2026-07-28,-1.31,-3.03,-5.1,10.95,3.64,25.58
SALONA,245.7,2026-07-28,0.02,-3.99,-5.1,-7.84,0.31,-2.54
JSWENERGY,544.25,2026-07-28,-0.99,-4.13,-5.1,-5.99,22.38,5.0
KCP,161.36,2026-07-28,-0.73,-5.11,-5.11,-7.35,-5.51,-21.04
SPIC,65.55,2026-07-28,-0.91,-1.52,-5.11,-6.92,-11.19,-32.06
CSLFINANCE,214.4,2026-07-28,-1.31,0.08,-5.12,-6.0,-23.17,-27.9
SONAL,88.28,2026-07-28,-2.0,-0.81,-5.13,-15.72,,
PRIZOR,860.0,2026-07-27,5.91,5.24,-5.13,38.06,214.79,262.11
MIDHANI,391.75,2026-07-28,-1.35,-4.35,-5.16,-0.39,6.69,-1.64
NFL,71.3,2026-07-28,0.37,-1.23,-5.16,-7.51,-13.52,-25.23
LOTUSEYE,118.57,2026-07-28,-0.32,-2.35,-5.16,-1.33,-11.94,64.45
VEDL,259.35,2026-07-28,-2.0,-0.95,-5.16,-64.92,-64.23,-37.57
SUNDARAM,1.28,2026-07-28,0.0,1.59,-5.19,-10.49,-21.95,-40.74
AGARIND,517.85,2026-07-28,7.09,3.02,-5.19,18.47,-26.04,-45.85
SURANAT&P,18.07,2026-07-28,-0.28,1.69,-5.19,-5.59,0.84,-3.93
QUESTLAB,92.95,2026-07-27,-4.27,1.92,-5.2,-29.53,-3.88,-16.45
COCHINSHIP,1382.6,2026-07-28,-1.4,-1.78,-5.2,-18.46,-14.61,-20.67
KHANDSE,16.75,2026-07-28,-2.62,-3.79,-5.21,1.82,-14.93,-33.16
NIITLTD,95.15,2026-07-28,0.07,-3.45,-5.21,32.95,26.48,-18.07
RELAXO,391.95,2026-07-28,-2.35,-10.32,-5.22,28.79,3.21,-17.78
DCG,53.55,2026-07-27,2.98,5.73,-5.22,-14.8,-8.46,-27.88
KRISHNADEF,1207.3,2026-07-28,-6.84,-7.31,-5.22,13.29,26.36,49.44
CREATIVEYE,5.98,2026-07-28,-6.12,-0.66,-5.23,-17.52,-10.61,-19.41
SKIPPER,505.25,2026-07-28,-2.96,-7.28,-5.23,3.12,39.3,11.78
RALLIS,215.61,2026-07-28,-2.7,-10.11,-5.23,-16.48,-20.66,-39.68
INDIASHLTR,728.5,2026-07-28,0.08,-10.63,-5.24,-9.19,-1.75,-18.8
INDOUS,84.1,2026-07-28,-1.06,-3.73,-5.24,-17.42,-36.17,-47.8
FILATFASH,0.18,2026-07-28,0.0,0.0,-5.26,-35.71,-37.93,-71.43
ELGIEQUIP,569.45,2026-07-28,-1.62,-3.15,-5.29,3.52,32.65,3.92
BCG,9.3,2026-07-28,-1.8,-2.82,-5.3,-3.33,0.0,-21.39
BHANDARI,2.85,2026-07-28,-0.7,-2.06,-5.32,-12.84,-28.57,-45.63
AGUL,60.5,2026-07-27,12.04,12.04,-5.32,2.54,-12.19,0.75
MARATHON,383.5,2026-07-28,-1.34,-3.34,-5.33,-19.76,-23.26,-41.81
MANAKSIA,55.29,2026-07-28,-1.3,-4.57,-5.34,-7.37,-15.77,-26.61
MEGASTAR,333.05,2026-07-28,-1.58,-1.76,-5.34,19.89,57.11,23.9
HATSUN,868.25,2026-07-28,-0.73,-6.68,-5.37,-9.49,0.58,-2.92
PIGL,106.62,2026-07-28,-2.25,-4.08,-5.39,-5.53,3.76,-13.88
NEAGI,3026.1,2026-07-28,-0.3,-0.46,-5.4,-6.77,,
INFOMEDIA,5.42,2026-07-28,-0.55,-7.98,-5.41,-9.36,-8.91,-18.0
BSHSL,86.45,2026-07-28,0.38,-0.08,-5.42,-12.61,-7.08,-35.38
PVP,27.22,2026-07-28,-0.66,-4.73,-5.42,-16.07,-13.2,29.56
CYIENT,838.0,2026-07-28,1.55,-1.34,-5.44,-2.39,-25.06,-31.16
BGLOBAL,3.12,2026-07-27,-2.8,1.63,-5.45,0.65,1.63,0.32
ROCKINGDCE,177.65,2026-07-27,1.14,-1.31,-5.46,-8.9,-13.26,1.49
PANACHE,410.55,2026-07-28,-3.73,-4.8,-5.48,23.72,60.59,54.59
HITECH,84.93,2026-07-28,-2.09,-2.69,-5.48,-8.43,13.12,-6.71
IREDA,120.49,2026-07-28,0.17,-1.1,-5.48,-12.72,-9.52,-19.51
IRCTC,485.95,2026-07-28,-1.63,-3.72,-5.48,-10.65,-21.83,-32.5
CRIZAC,190.33,2026-07-28,-2.38,2.31,-5.49,-11.53,-21.65,-37.37
PALASHSECU,86.59,2026-07-28,-2.83,-3.06,-5.49,-11.58,-11.09,-28.91
CINEVISTA,15.33,2026-07-28,0.07,1.52,-5.49,-2.48,-2.29,-16.41
SERVOTECH,93.05,2026-07-28,-2.67,-6.89,-5.49,-1.62,58.14,-31.81
DODLA,1043.2,2026-07-28,1.1,-2.83,-5.5,-8.64,-11.36,-18.17
KOTHARIPRO,67.17,2026-07-28,-1.58,-1.64,-5.51,-8.6,2.66,-17.73
APOLSINHOT,1205.5,2026-07-28,0.54,0.15,-5.52,6.86,-7.61,-13.73
HGINFRA,536.15,2026-07-28,-0.68,-4.23,-5.52,-11.72,-14.34,-48.65
CENTEXT,18.64,2026-07-28,-0.32,-1.32,-5.52,-10.73,-13.78,-19.79
UFO,68.15,2026-07-28,-0.44,0.95,-5.53,-6.66,-16.68,-1.82
BHARATGEAR,123.96,2026-07-28,-2.76,4.7,-5.53,15.46,11.12,30.48
INDIFRA,11.95,2026-07-27,0.0,-1.65,-5.53,0.84,-18.98,-31.71
BANCOINDIA,622.35,2026-07-28,-0.6,-5.94,-5.54,-0.52,9.69,6.09
BIRLACABLE,194.98,2026-07-28,-2.99,8.75,-5.54,25.13,51.93,18.11
GMDCLTD,553.8,2026-07-28,-1.49,-4.08,-5.54,-22.48,-0.86,37.8
KANSAINER,198.26,2026-07-28,-2.76,-1.46,-5.55,0.6,-11.3,-16.65
SEIL,200.76,2026-07-28,-2.12,-5.22,-5.55,0.46,,
VIVIDHA,0.51,2026-07-28,-1.92,-1.92,-5.56,-7.27,-8.93,-36.25
MANCREDIT,219.8,2026-07-28,-1.12,-1.97,-5.56,25.31,28.03,15.99
DEEM,51.0,2026-07-27,-7.94,-7.19,-5.56,34.21,8.51,-9.33
SURYALA,422.2,2026-07-28,-0.07,0.99,-5.57,19.79,,
TEAMGTY,222.82,2026-07-28,-2.91,-0.13,-5.58,-13.64,-13.85,-7.59
IGARASHI,447.05,2026-07-28,-1.89,-1.18,-5.58,17.2,13.58,-22.25
UNITEDPOLY,30.24,2026-07-28,0.6,3.17,-5.59,-2.55,4.82,14.81
PML,472.0,2026-07-28,-0.85,-1.59,-5.59,-17.88,,
GROWWPOWER,11.46,2026-07-28,-2.3,-3.78,-5.6,-8.03,21.66,
CARRARO,529.15,2026-07-28,-1.29,-5.85,-5.62,-6.08,6.81,10.39
ROSSARI,504.3,2026-07-28,-3.01,-2.75,-5.62,7.64,-10.39,-28.64
KOTAKBANK,385.3,2026-07-28,0.17,0.85,-5.63,2.12,-6.41,-1.87
ALANKIT,7.86,2026-07-28,-0.25,-0.51,-5.64,-15.21,-18.46,-48.29
INTERARCH,1816.7,2026-07-28,-0.57,-1.78,-5.64,-13.15,-8.27,-16.63
APCL,103.48,2026-07-28,-1.44,1.96,-5.65,-9.48,-24.08,-31.01
SKFINDUS,2731.8,2026-07-28,0.66,3.63,-5.66,21.32,2.26,
NDTV,76.48,2026-07-28,-1.21,-4.45,-5.67,-6.56,-8.19,-45.56
REFEX,328.1,2026-07-28,-1.04,5.65,-5.67,23.8,42.37,-18.32
ABFRL,56.7,2026-07-28,-0.61,-1.01,-5.69,-10.82,-13.18,-22.77
JPPOWER,16.92,2026-07-28,-0.53,0.18,-5.69,-15.19,6.89,-17.1
RAJTV,11.93,2026-07-28,1.02,-0.42,-5.69,-49.49,-69.36,-72.57
RPOWER,23.46,2026-07-28,-1.26,-3.54,-5.71,-20.61,-20.2,-56.51
ARSHIYA,0.99,2026-07-28,1.02,1.02,-5.71,-22.66,-16.81,-67.54
SECURKLOUD,17.92,2026-07-28,2.34,1.53,-5.73,-20.28,-20.71,-27.07
MINDTECK,193.72,2026-07-28,-0.49,-3.52,-5.73,-5.92,-12.6,-7.27
DHANUKA,999.8,2026-07-28,0.36,-1.34,-5.73,-6.03,-11.47,-42.44
RHL,167.13,2026-07-28,-0.9,-2.15,-5.74,-8.63,-3.4,-40.99
ARSSBL,509.9,2026-07-28,-0.51,-2.97,-5.77,-14.52,-13.97,
RUCHINFRA,5.88,2026-07-28,-1.18,1.38,-5.77,-9.26,-0.68,-20.65
AVL,622.3,2026-07-28,-0.26,-2.35,-5.78,14.67,27.22,63.55
BRIGHOTEL,59.86,2026-07-28,-0.22,-3.12,-5.79,-12.04,-1.01,
PROZONER,43.5,2026-07-28,-1.38,1.12,-5.8,-31.0,-11.82,5.89
MUKKA,22.91,2026-07-28,1.28,-2.51,-5.8,-5.25,-0.04,-19.1
BANKINDIA,136.32,2026-07-28,-1.12,-7.23,-5.8,-2.41,-15.88,26.25
COALINDIA,410.15,2026-07-28,-4.06,-4.48,-5.8,-12.17,-6.41,16.03
GOACARBON,372.35,2026-07-28,-1.06,1.64,-5.83,-1.36,-5.91,-19.83
IPSL,244.8,2026-07-27,6.43,-0.08,-5.83,-2.08,-10.62,-19.71
MODIRUBBER,123.64,2026-07-28,-1.87,-5.06,-5.84,-6.89,9.78,5.68
SELMC,27.41,2026-07-28,-0.98,-4.53,-5.84,-14.53,-4.06,-13.2
VMM,109.58,2026-07-28,-0.66,-1.47,-5.85,-13.02,-8.58,-17.45
SINCLAIR,73.58,2026-07-28,-0.1,-0.66,-5.86,-8.04,-5.51,-28.13
VINYLINDIA,241.95,2026-07-28,-3.68,-1.91,-5.86,-6.07,14.93,-16.27
PIRAMALFIN,2005.8,2026-07-28,-1.91,-7.04,-5.88,0.42,12.75,
KRISHCA,164.75,2026-07-27,-0.21,-0.45,-5.88,-13.86,-10.95,-35.39
GOYALALUM,6.56,2026-07-28,1.55,-0.3,-5.88,-7.74,-21.15,-14.36
AMBER,7209.0,2026-07-28,-0.98,-8.27,-5.88,-12.09,28.41,-3.44
IMAGICAA,46.29,2026-07-28,1.25,0.22,-5.88,0.15,-11.76,-27.98
VIYASH,253.45,2026-07-28,-2.41,-4.2,-5.89,20.54,24.25,44.47
SAHAJSOLAR,123.6,2026-07-27,1.73,1.15,-5.9,-21.32,-12.96,-48.3
TRANSWORLD,161.12,2026-07-28,-1.69,-2.05,-5.91,-3.87,-8.98,-38.3
MAHAPEXLTD,44.26,2026-07-28,-0.52,0.66,-5.91,-15.76,-54.29,-58.64
PARAGMILK,219.87,2026-07-28,1.13,-2.38,-5.96,-4.49,-15.4,-11.12
PROLIFE,71.25,2026-07-27,-5.0,-10.43,-6.0,9.11,15.67,-52.38
SOFTTECH,413.6,2026-07-28,-0.34,-0.1,-6.0,12.0,42.4,12.25
VIAZ,61.0,2026-07-27,1.67,-0.49,-6.01,-3.1,-6.15,-4.69
NOIDATOLL,4.53,2026-07-28,2.03,-1.95,-6.02,23.43,11.03,23.77
AKCAPIT,1691.8,2026-07-28,-3.3,-7.54,-6.03,9.81,,
TRANSRAILL,481.1,2026-07-28,-0.8,-3.0,-6.03,-21.51,-0.96,-28.41
PREMIER,2.8,2026-07-28,-4.76,-2.78,-6.04,-3.45,-4.76,-26.32
NDLVENTURE,122.2,2026-07-28,0.86,-4.48,-6.04,1.73,36.78,91.59
MADHAVIPL,8.07,2026-07-28,3.33,0.0,-6.05,-15.05,,
KHAITANLTD,130.0,2026-07-28,-0.63,4.75,-6.08,-4.98,39.98,5.63
PFS,28.78,2026-07-28,-1.57,-4.03,-6.1,-10.29,-14.5,-27.83
BTTL,47.7,2026-07-28,-1.85,-3.17,-6.1,42.81,,
BASILIC,191.85,2026-07-27,-3.35,-5.47,-6.12,-20.16,-27.98,-54.1
APS,275.35,2026-07-27,-3.64,-8.79,-6.12,-28.55,-8.6,-50.54
SJVN,67.65,2026-07-28,-0.57,-2.1,-6.16,-17.29,-7.44,-27.16
VMART,714.15,2026-07-28,-0.11,-9.04,-6.17,13.64,17.71,-10.12
DOLATALGO,68.49,2026-07-28,0.15,-0.33,-6.17,-11.73,-19.68,-23.61
ATAM,65.7,2026-07-28,-0.58,-2.51,-6.17,-5.0,-10.11,-33.32
HERANBA,175.45,2026-07-28,-0.28,-2.12,-6.2,-22.36,-18.78,-52.18
AHLADA,37.22,2026-07-28,1.92,-3.75,-6.22,-18.09,-24.52,-39.2
NECCLTD,15.05,2026-07-28,-0.66,-0.59,-6.23,-5.23,-1.63,-31.47
SHADOWFAX,207.52,2026-07-28,-0.99,-6.29,-6.23,33.14,88.69,
GENUSPOWER,313.15,2026-07-28,-2.75,-0.35,-6.24,0.45,11.28,-10.0
SIGMAADV,576.6,2026-07-28,5.0,8.1,-6.25,121.0,237.13,438.38
GEOJITFSL,72.89,2026-07-28,-3.02,-12.1,-6.25,12.78,8.62,2.62
DHARAN,0.15,2026-07-28,0.0,0.0,-6.25,0.0,-21.05,-61.54
SYNGENE,409.15,2026-07-28,-1.14,-2.02,-6.27,-6.8,-14.57,-40.58
EMAMIREAL,78.19,2026-07-28,-2.07,2.08,-6.27,-17.23,12.37,-33.31
CLEAN,730.1,2026-07-28,0.25,0.04,-6.28,-8.09,-14.8,-40.92
JSLL,564.45,2026-07-28,-0.16,-1.84,-6.28,-16.37,-14.39,6.69
MADHAV,34.2,2026-07-28,1.21,-0.58,-6.3,-14.48,-1.98,-23.51
AVALON,1640.0,2026-07-28,-5.1,-4.46,-6.3,58.31,106.59,105.23
TRIDENT,24.78,2026-07-28,-1.2,-2.09,-6.31,-3.05,-3.72,-17.61
GOPAL,262.35,2026-07-28,0.85,-0.59,-6.32,-4.52,-14.32,-21.97
YUKEN,701.6,2026-07-28,-1.26,-1.51,-6.32,-2.67,-8.37,-32.67
GOLDKART,128.25,2026-07-27,-5.0,-6.32,-6.32,-32.85,-50.65,-36.62
ASHOKA,122.73,2026-07-28,-1.13,-0.7,-6.33,-10.35,-16.53,-37.86
JPOLYINVST,1030.6,2026-07-28,-1.2,-5.37,-6.33,-8.78,4.03,33.56
ARTNIRMAN,39.42,2026-07-28,0.0,-1.35,-6.34,-11.81,-8.33,-27.0
BOHRAIND,13.81,2026-07-28,4.94,5.26,-6.37,-25.59,-7.87,-57.79
SHALBY,161.14,2026-07-28,-1.43,-2.27,-6.4,-1.59,-4.47,-23.13
NIRAJISPAT,190.0,2026-07-28,-0.26,-0.52,-6.4,-21.49,12.94,-61.29
BALAJITELE,82.6,2026-07-28,-1.43,-5.76,-6.41,-16.3,-4.89,-8.4
ICICIAMC,3113.7,2026-07-28,-0.96,-0.12,-6.41,-5.27,10.49,
GNFC,511.75,2026-07-28,-0.43,1.02,-6.42,7.68,8.64,-0.35
GSTL,17.4,2026-07-27,-2.52,17.97,-6.45,-42.0,14.1,30.83
MIDWESTLTD,1206.6,2026-07-28,-2.7,-5.09,-6.45,-5.6,-11.28,
NEPHROCARE,63.0,2026-07-27,-3.45,-7.22,-6.46,-27.0,-36.49,-53.69
TEXMOPIPES,43.19,2026-07-28,-0.64,-0.35,-6.47,-8.9,-6.54,-29.44
DRCSYSTEMS,13.29,2026-07-28,-2.14,-0.08,-6.47,-13.08,-12.57,-28.55
WEWIN,45.36,2026-07-28,-2.45,0.02,-6.47,-19.99,4.66,-0.68
DCMNVL,140.56,2026-07-28,-3.06,-4.45,-6.48,-3.17,8.67,-22.09
SAIPARENT,547.4,2026-07-28,-2.21,-3.61,-6.48,13.44,,
SMLMAH,3805.0,2026-07-28,-2.53,-4.53,-6.49,-1.19,4.37,6.04
FORCEMOT,17197.0,2026-07-28,-0.41,-3.98,-6.49,-17.19,-8.99,-5.45
MFSL,1506.7,2026-07-28,-0.29,-2.36,-6.5,-6.46,-7.22,-1.36
BHAGCHEM,263.4,2026-07-28,0.04,-4.25,-6.51,-1.88,28.14,-13.26
LRRPL,86.0,2026-07-27,-4.55,-2.27,-6.52,11.76,24.64,-4.44
CHAMBLFERT,438.4,2026-07-28,-0.3,-1.08,-6.53,-2.25,-0.67,-15.58
NATCAPSUQ,146.81,2026-07-28,-0.7,4.83,-6.53,-5.82,-11.43,-31.83
GOKUL,38.87,2026-07-28,-1.87,-3.19,-6.56,-4.59,6.29,-12.42
ARVIND,511.35,2026-07-28,-2.31,-3.66,-6.56,30.03,71.57,52.51
PITTIENG,914.45,2026-07-28,-1.75,-2.05,-6.57,-8.35,18.37,-0.84
JWL,245.65,2026-07-28,-0.79,-2.35,-6.58,-15.61,-24.17,-28.18
NLCINDIA,299.05,2026-07-28,0.2,0.89,-6.58,-6.0,19.1,30.15
DCXINDIA,178.71,2026-07-28,-2.33,-3.62,-6.58,-11.34,0.84,-30.04
MAMATA,382.6,2026-07-28,0.49,-3.42,-6.59,-5.75,-0.46,-24.12
BRNL,17.51,2026-07-28,-0.45,0.0,-6.61,-16.46,-12.54,-14.79
NKIND,57.99,2026-07-28,-2.55,-4.62,-6.63,-16.76,-5.48,-12.47
HUDCO,194.45,2026-07-28,-3.81,-3.7,-6.64,-9.58,-3.59,-6.77
MANINFRA,97.42,2026-07-28,-0.98,-3.1,-6.67,-15.75,-8.36,-46.1
AKG,9.91,2026-07-28,-0.8,-0.8,-6.69,-12.69,-27.13,-21.85
RTNPOWER,8.51,2026-07-28,-1.39,-2.96,-6.69,-16.24,0.47,-34.23
SINGERIND,65.31,2026-07-28,-1.75,-2.35,-6.71,-10.14,,
CMSINFO,271.55,2026-07-28,-0.39,-2.67,-6.72,-9.51,-16.3,-42.58
SOMANYCERA,479.3,2026-07-28,-2.55,-7.19,-6.74,4.82,24.86,-7.79
ICDSLTD,39.46,2026-07-27,1.96,-1.35,-6.76,-18.37,-4.76,-16.29
ENSER,14.45,2026-07-27,14.23,3.21,-6.77,-7.37,7.04,-15.99
BELRISE,229.03,2026-07-28,-1.56,-2.09,-6.77,6.18,43.06,82.25
BHARATRAS,1275.7,2026-07-28,0.15,-2.86,-6.78,-8.12,-23.43,-53.09
RTNINDIA,31.58,2026-07-28,-1.4,-1.56,-6.79,-12.03,-11.54,-43.51
ANIKINDS,42.5,2026-07-28,0.54,0.59,-6.8,-3.91,-14.76,-56.59
GPTINFRA,122.44,2026-07-28,1.27,4.77,-6.8,8.7,17.49,0.58
OBCL,52.65,2026-07-28,-1.31,-0.74,-6.81,-5.22,-3.5,-4.32
BPL,52.74,2026-07-28,0.02,-6.07,-6.82,-11.51,-6.37,-36.24
EDELWEISS,114.08,2026-07-28,-2.42,-6.57,-6.84,-7.99,8.26,10.88
SYNCOMF,12.94,2026-07-28,-1.75,-4.64,-6.84,-6.97,2.78,-26.06
RADIANTCMS,36.66,2026-07-28,0.05,-3.2,-6.84,-14.0,-20.23,-31.3
KRITIKA,5.44,2026-07-28,-1.45,-3.2,-6.85,-16.82,-18.07,-39.56
VIPULLTD,12.09,2026-07-28,4.95,-18.64,-6.86,17.49,-0.58,42.4
STARTECK,267.95,2026-07-28,-0.28,0.45,-6.86,7.99,-3.41,-12.77
PEARLPOLY,17.5,2026-07-28,2.94,-0.34,-6.87,-15.62,-14.47,-43.13
VIPIND,291.0,2026-07-28,-1.77,-3.13,-6.87,-1.22,-19.72,-34.6
XELPMOC,80.07,2026-07-28,0.95,-2.56,-6.88,-19.36,-43.66,-11.86
HEALTHX,305.65,2026-07-28,-2.52,-3.93,-6.88,12.33,1.49,3.05
DONEAR,84.34,2026-07-28,-2.14,-0.97,-6.89,-8.84,0.84,-16.97
WONDERLA,461.6,2026-07-28,-1.31,-1.95,-6.9,-12.24,-7.52,-28.12
HCL-INSYS,11.46,2026-07-28,-0.26,-3.13,-6.9,-6.9,-4.74,-26.87
INSPIRISYS,101.47,2026-07-28,2.14,1.33,-6.91,25.1,20.03,-2.8
CELLECOR,33.65,2026-07-27,-5.21,-11.45,-6.92,-8.68,22.14,-1.61
DKEGL,65.95,2026-07-27,-2.94,-2.94,-6.92,-10.27,-8.4,-2.22
AVANTEL,159.92,2026-07-28,-3.11,-7.31,-6.93,5.85,11.59,22.97
MAXPOSURE,33.5,2026-07-27,-4.29,-3.87,-6.94,-13.99,-16.35,-44.21
TOKYOPLAST,77.38,2026-07-28,-4.92,-5.86,-6.95,-16.44,-24.44,-33.83
CANFINHOME,817.05,2026-07-28,0.52,-4.68,-6.96,-6.65,-8.96,8.65
PRABHA,142.72,2026-07-28,0.49,-1.78,-6.96,-11.34,-10.63,-44.85
GREENPLY,282.3,2026-07-28,-4.22,-12.21,-6.97,10.88,25.11,-14.38
HINDUNILVR,2022.7,2026-07-28,-6.99,-5.47,-6.97,-10.75,-14.09,-15.66
CONTROLPR,589.85,2026-07-28,-0.36,-7.89,-6.98,-9.13,-11.15,-16.12
CHEMCON,175.91,2026-07-28,-1.16,-3.42,-6.98,12.3,4.36,-13.64
SUBROS,777.15,2026-07-28,-1.38,-3.47,-6.98,-0.85,0.43,-6.77
YASHOPTICS,111.3,2026-07-27,-3.18,-6.51,-6.98,-4.87,-3.05,19.74
VPRPL,27.02,2026-07-28,-4.49,4.32,-6.99,-43.09,-38.97,-83.19
THOMASCOTT,298.35,2026-07-28,-5.33,-2.85,-7.0,12.9,-10.05,-8.76
RANASUG,11.94,2026-07-28,0.84,0.59,-7.01,-10.02,9.84,-17.83
JSWDULUX,2929.2,2026-07-28,-0.5,-2.47,-7.01,-0.09,5.18,-17.36
WSI,62.68,2026-07-28,0.45,1.36,-7.02,-16.01,-20.04,-28.37
MOXSH,106.0,2026-07-27,3.77,-3.64,-7.02,-20.81,21.84,167.68
BORORENEW,572.4,2026-07-28,-2.17,-3.9,-7.03,11.56,8.63,-6.42
COHANCE,425.75,2026-07-28,-0.53,-5.54,-7.05,-13.69,11.6,-57.23
SUVIDHAA,2.5,2026-07-28,3.73,-1.96,-7.06,-15.54,-21.14,-46.24
REDTAPE,127.22,2026-07-28,-0.05,-4.04,-7.07,-2.09,0.7,-2.43
SIMPLEXINF,235.9,2026-07-28,-0.86,-6.56,-7.09,-1.57,12.85,-22.55
ALOKINDS,11.92,2026-07-28,-1.0,-2.45,-7.09,-14.24,-20.37,-39.21
ROLEXRINGS,137.56,2026-07-28,-0.26,-11.39,-7.1,-7.76,10.56,-4.45
SPARC,208.96,2026-07-28,-2.77,-8.15,-7.1,42.29,67.18,39.33
NAVKARCORP,102.4,2026-07-28,-1.7,-1.83,-7.1,1.9,4.2,-13.74
MUFTI,81.24,2026-07-28,-3.57,-4.4,-7.11,3.53,-10.41,-47.97
BDL,1271.0,2026-07-28,1.16,1.07,-7.12,-9.0,-18.76,-21.32
USK,21.79,2026-07-28,-0.55,-0.77,-7.12,-9.7,5.67,-40.9
TVTODAY,115.97,2026-07-28,-1.39,-4.97,-7.14,2.43,-7.36,-22.77
MAZDOCK,2295.8,2026-07-28,-1.48,-2.16,-7.15,-14.44,-8.09,-17.2
EXXARO,6.36,2026-07-28,-3.34,0.32,-7.15,-9.14,-10.55,-22.44
CARBORUNIV,1061.5,2026-07-28,-1.08,-2.36,-7.15,9.64,27.46,14.15
ICICIGI,1683.8,2026-07-28,0.17,3.84,-7.16,-4.61,-7.24,-10.95
CAMLINFINE,126.59,2026-07-28,-0.62,2.12,-7.17,1.61,-9.76,-50.43
IRCON,124.52,2026-07-28,-1.55,-3.95,-7.19,-19.11,-23.35,-28.32
JAYKAY,161.65,2026-07-28,-3.77,-3.61,-7.2,-12.7,-0.73,
DENORA,862.5,2026-07-28,-0.98,-2.09,-7.2,3.31,47.35,-3.08
SYSTANGO,214.9,2026-07-27,-4.13,-2.5,-7.21,-19.69,-21.79,-8.47
SHAHALLOYS,66.03,2026-07-28,-0.45,-2.03,-7.22,-4.64,4.54,13.57
HLVLTD,7.26,2026-07-28,-0.68,1.68,-7.28,-17.87,-15.38,-41.78
SICAGEN,49.31,2026-07-28,-3.2,-4.53,-7.29,-8.09,102.51,102.51
BERGEPAINT,499.35,2026-07-28,-0.92,1.76,-7.3,8.59,4.28,-10.25
ITCHOTELS,161.01,2026-07-28,-2.67,-3.62,-7.3,2.61,-10.45,-31.14
GLOBECIVIL,40.21,2026-07-28,0.15,0.22,-7.31,-13.08,-23.28,-51.98
ASHOKAMET,14.11,2026-07-28,-1.12,-2.08,-7.35,-14.95,0.43,-17.39
ZEAL,63.0,2026-07-27,-4.55,-5.97,-7.35,-13.99,-14.92,-50.24
JTLIND,71.73,2026-07-28,-1.98,-4.4,-7.35,-9.26,-3.11,-3.81
AIRAN,14.97,2026-07-28,-0.4,-2.09,-7.36,-12.97,-2.09,-44.35
SURYALAXMI,57.9,2026-07-28,1.94,1.58,-7.36,3.21,7.22,-17.74
TARAPUR,17.12,2026-07-28,-3.49,0.18,-7.36,-29.34,-32.94,-30.94
CYBERTECH,139.99,2026-07-28,0.82,-1.46,-7.37,9.89,7.52,-0.25
ZENTEC,1640.6,2026-07-28,-2.82,-6.24,-7.37,-2.79,20.38,-2.83
EMSLIMITED,388.95,2026-07-28,-3.19,-9.63,-7.37,8.22,14.57,-36.09
BIRLAMONEY,130.47,2026-07-28,-0.57,-3.82,-7.38,-12.88,9.47,-21.73
GAYAPROJ,20.29,2026-07-28,0.4,-4.02,-7.39,16.34,67.69,133.76
PRINCEPIPE,259.8,2026-07-28,-2.2,-2.88,-7.4,-2.7,8.73,-21.77
STEL,553.4,2026-07-28,-0.93,0.13,-7.4,24.16,32.25,37.78
ANTGRAPHIC,0.75,2026-07-28,1.35,0.0,-7.41,-14.77,-17.58,-36.44
ZIMLAB,115.64,2026-07-28,-2.0,-4.43,-7.41,34.37,54.66,4.53
DHTL,37.5,2026-07-27,0.0,1.9,-7.41,-14.97,-46.39,-24.4
CYBERMEDIA,15.5,2026-07-28,-2.7,-0.13,-7.41,-3.85,-2.15,-10.29
MAFATIND,132.91,2026-07-28,-1.19,-1.14,-7.41,-2.38,,
INDOAMIN,127.72,2026-07-28,-0.3,5.82,-7.42,12.74,11.18,-12.63
PRIMO,22.32,2026-07-28,-0.76,-4.62,-7.42,-5.66,9.04,-18.9
GRINDWELL,2043.3,2026-07-28,1.42,-3.98,-7.42,27.61,34.61,28.09
KRITI,65.51,2026-07-28,1.35,-2.51,-7.43,-18.77,-14.92,-60.84
BAJAJHIND,16.8,2026-07-28,-0.77,-2.55,-7.44,-13.45,1.39,-30.17
VGL,61.11,2026-07-28,-0.83,-1.58,-7.45,-2.07,-4.67,-28.11
INFOLLION,158.75,2026-07-27,-6.04,-7.84,-7.46,-26.93,-55.54,-65.75
THEMISMED,105.78,2026-07-28,-1.99,-6.56,-7.48,12.13,30.96,-4.58
SHYAMCENT,5.07,2026-07-28,-2.87,-2.69,-7.48,-12.59,-14.07,-35.9
TIINDIA,2825.3,2026-07-28,-0.84,-2.13,-7.49,-5.85,23.98,0.22
NAGREEKCAP,22.98,2026-07-28,1.1,-0.26,-7.49,-29.68,-10.79,-10.83
BONLON,39.9,2026-07-28,-1.6,-3.58,-7.49,-17.94,,
GPIL,245.5,2026-07-28,3.26,0.57,-7.5,-19.51,-4.55,30.78
AATMAJ,18.5,2026-07-27,1.37,-4.39,-7.5,-7.73,-18.68,-4.15
DTIL,128.58,2026-07-28,-2.54,-6.74,-7.5,-7.88,-8.92,-31.82
RSDFIN,77.69,2026-07-28,-5.26,-12.1,-7.51,-12.61,,
MANAKALUCO,34.87,2026-07-28,-0.94,-5.32,-7.53,-8.96,-26.91,22.03
SWARAJENG,3558.4,2026-07-28,-1.3,-3.2,-7.53,-8.45,3.45,-11.47
CEINSYS,844.25,2026-07-28,-1.67,-6.17,-7.53,-22.88,,
AWFIS,281.85,2026-07-28,-2.36,-1.97,-7.54,-20.92,-30.17,-51.85
TRF,227.8,2026-07-28,-2.09,-6.39,-7.54,-15.53,-16.85,-34.6
VERTOZ,35.06,2026-07-28,-1.38,-4.7,-7.54,-31.33,-43.26,-59.9
IL&FSTRANS,2.2,2026-07-28,3.77,2.8,-7.56,-9.47,-20.86,-33.93
MANINDS,526.05,2026-07-28,-0.14,-1.81,-7.57,-0.75,63.55,22.07
IPL,151.11,2026-07-28,0.82,0.91,-7.57,1.16,-4.09,-28.99
SAYAJIHOTL,284.65,2026-07-28,-4.99,-5.12,-7.58,3.02,,
BIGBLOC,45.97,2026-07-28,-2.15,-3.34,-7.58,-4.76,-23.01,-23.31
GICHSGFIN,147.6,2026-07-28,-0.45,-1.83,-7.58,-1.41,-7.04,-18.01
RMDRIP,18.02,2026-07-28,-3.38,-5.01,-7.59,-9.22,-70.09,-49.07
PRECAM,138.34,2026-07-28,-1.08,-1.91,-7.6,-15.08,1.58,-23.33
SCILAL,41.47,2026-07-28,-1.61,-0.98,-7.62,-7.27,-5.73,-17.17
ACL,48.35,2026-07-28,-0.14,-1.37,-7.62,-13.71,-17.21,-30.4
AAVAS,1376.1,2026-07-28,-1.04,-8.1,-7.64,0.0,-7.83,-23.79
HDFCBANK,735.4,2026-07-28,-0.56,-5.43,-7.65,-4.47,-19.85,-25.56
LLOYDS,67.0,2026-07-27,-10.07,-5.7,-7.65,-30.89,12.79,-23.08
GTL,7.24,2026-07-28,-1.63,0.7,-7.65,0.56,2.84,-22.65
CANARYS,19.3,2026-07-27,1.05,2.39,-7.66,-1.53,-25.48,-36.09
KELLTONTEC,14.2,2026-07-28,0.71,-3.73,-7.67,-10.41,-9.5,-46.5
KIRLOSBROS,1856.3,2026-07-28,1.24,-1.89,-7.69,9.67,22.64,-3.29
DECCANCE,545.2,2026-07-28,-0.02,-4.22,-7.71,-16.31,-15.01,-46.86
NDL,2.27,2026-07-28,-2.16,-3.4,-7.72,-20.91,-20.07,-38.81
FINPIPE,162.65,2026-07-28,-0.72,-1.47,-7.72,-7.44,-5.94,-20.33
NOVAAGRI,22.95,2026-07-28,-0.95,0.22,-7.72,-20.17,-31.55,-59.77
SSDL,52.85,2026-07-28,-0.15,-0.79,-7.73,-15.15,-21.0,-44.09
APEX,376.25,2026-07-28,-1.98,-6.82,-7.74,-20.33,23.56,54.62
RETAIL,16.79,2026-07-28,-4.11,-0.24,-7.75,-17.37,-35.4,-52.56
ATMASTCO,156.6,2026-07-27,-0.45,-4.37,-7.75,5.14,7.26,-29.25
EUROBOND,157.88,2026-07-28,-0.7,-3.47,-7.76,-8.26,-9.77,-19.04
LGHL,204.72,2026-07-28,-0.23,-3.41,-7.77,-23.27,-24.36,-35.56
JASH,507.5,2026-07-28,-1.8,-3.97,-7.78,18.53,37.02,-11.28
FINKURVE,60.94,2026-07-28,-0.94,-3.13,-7.78,-15.57,-25.63,
PKTEA,705.05,2026-07-28,1.01,-1.93,-7.79,-10.91,7.59,7.92
JKIPL,97.76,2026-07-28,0.91,5.41,-7.8,6.35,43.79,
RBS,75.6,2026-07-27,2.16,-2.45,-7.8,-28.34,-18.71,-43.01
GREENPOWER,9.9,2026-07-28,-0.9,-2.94,-7.82,-22.17,-6.43,-27.63
KPIL,1265.5,2026-07-28,-2.53,-4.38,-7.84,1.71,14.2,11.93
HATHWAY,10.81,2026-07-28,-0.64,-2.44,-7.84,-2.52,1.41,-27.25
LEMONTREE,110.31,2026-07-28,-1.35,-1.18,-7.84,-7.0,-13.13,-27.55
JAINAM,235.0,2026-07-27,-4.86,-6.0,-7.84,11.16,2.69,-2.08
ANUP,2117.6,2026-07-28,-1.25,-2.2,-7.85,-2.51,18.85,-16.88
LAXMICOT,13.85,2026-07-28,-3.62,-7.05,-7.85,-10.59,1.02,-48.51
MSTCLTD,596.55,2026-07-28,-1.02,-2.98,-7.85,34.42,28.17,21.87
SAATVIKGL,437.85,2026-07-28,-1.15,-5.63,-7.89,-8.91,13.98,
IDEA,12.95,2026-07-28,-0.84,-4.15,-7.89,30.15,30.15,81.63
FLFL,1.28,2026-07-28,-4.48,-3.03,-7.91,-15.79,-4.48,-30.05
GRINFRA,868.2,2026-07-28,-1.05,-5.9,-7.92,-4.7,-4.51,-29.09
LEMERITE,22.35,2026-07-28,4.78,6.63,-7.95,-74.66,-75.81,-65.99
LAHOTIOV,40.75,2026-07-28,-7.28,-4.32,-7.95,-14.66,,
ACEINTEG,19.2,2026-07-28,-0.57,-3.95,-7.96,-4.29,-2.34,-23.2
MCL,52.68,2026-07-28,-1.22,0.08,-7.97,-10.71,-38.73,7.69
PNBGILTS,83.8,2026-07-28,-1.92,-3.52,-8.0,17.32,5.53,-19.55
ABSMARINE,220.7,2026-07-27,-2.86,-5.48,-8.02,-4.58,23.99,10.24
DLINKINDIA,450.75,2026-07-28,0.69,0.49,-8.02,3.38,17.82,-1.23
TRANSTEEL,112.75,2026-07-27,-3.09,-1.14,-8.03,-14.97,-20.04,-21.24
RAJSREESUG,29.34,2026-07-28,-4.83,-10.87,-8.03,-12.1,-2.4,-34.8
VSTIND,229.25,2026-07-28,-2.32,-0.91,-8.03,-7.81,2.23,-14.29
SHEKHAWATI,12.6,2026-07-28,-0.24,-0.94,-8.03,-25.04,-6.53,-46.18
JYOTISTRUC,10.74,2026-07-28,-1.83,-3.85,-8.05,-21.49,8.7,-37.3
KEI,4843.0,2026-07-28,-0.62,-1.73,-8.07,-2.46,24.85,24.05
OMPOWER,167.74,2026-07-28,-1.25,-1.28,-8.07,-15.73,,
VASCONEQ,31.92,2026-07-28,-1.88,-4.0,-8.09,-20.6,-25.19,-39.43
RVNL,221.34,2026-07-28,-1.17,-2.44,-8.1,-28.28,-35.17,-37.03
LATTEYS,19.96,2026-07-28,-0.2,-3.71,-8.1,-4.77,-8.82,-7.42
GESHIP,1377.4,2026-07-28,-1.52,-0.7,-8.11,-5.94,19.04,51.73
OSWALGREEN,20.76,2026-07-28,-1.94,-3.8,-8.14,-26.9,-25.7,-51.84
TMPV,324.4,2026-07-28,-0.99,-3.58,-8.15,-6.76,-3.92,-52.1
UNIENTER,96.62,2026-07-28,-1.04,-5.0,-8.15,-7.61,-22.02,-37.58
STUDDS,440.95,2026-07-28,-0.73,-1.99,-8.16,-9.24,-12.4,
RAMKY,371.45,2026-07-28,-1.0,-3.48,-8.16,-27.42,-24.17,-35.09
MGL,1078.7,2026-07-28,-1.76,-1.12,-8.16,-4.79,4.48,-19.75
THERMAX,4416.5,2026-07-28,-0.85,-6.24,-8.16,10.44,54.49,19.12
MITTAL,0.9,2026-07-28,-1.1,-3.23,-8.16,-5.26,-11.76,-46.75
VIDYAWIRES,89.66,2026-07-28,-1.8,-3.24,-8.18,2.48,92.49,
CRAYONS,25.25,2026-07-27,-5.08,-12.48,-8.18,-31.01,-35.67,-60.39
VIRINCHI,15.48,2026-07-28,-0.06,-4.68,-8.19,-13.95,-24.85,-42.77
VALIANTORG,261.55,2026-07-28,-0.32,-2.1,-8.2,-5.04,8.68,-28.18
FACT,817.0,2026-07-28,-0.31,-1.71,-8.2,-9.82,-0.29,-12.28
HDBFS,682.5,2026-07-28,-0.55,-6.26,-8.21,2.88,-3.67,-8.57
GKENERGY,134.36,2026-07-28,-1.7,-5.9,-8.21,-2.2,16.9,
MOHITIND,22.71,2026-07-28,-1.0,0.58,-8.21,-7.83,-4.9,-27.02
IRB,19.45,2026-07-28,-0.87,-2.31,-8.21,-10.82,-5.0,-13.76
BAJAJCON,530.95,2026-07-28,-1.83,-1.48,-8.21,13.95,64.71,130.15
SUPREME,43.72,2026-07-28,-1.93,-4.0,-8.21,-16.12,-23.1,-38.39
LPDC,6.01,2026-07-28,-1.64,-3.69,-8.24,-22.05,-6.68,-25.06
ZOTA,1274.9,2026-07-28,-0.64,-4.23,-8.25,-2.17,-2.07,7.38
LINCOLN,579.45,2026-07-28,-0.46,-3.0,-8.25,-10.35,29.04,7.63
YESBANK,22.81,2026-07-28,-0.57,-0.52,-8.28,14.22,6.19,18.0
HDIL,1.66,2026-07-28,0.0,-1.19,-8.29,-22.43,-18.63,-39.64
BLISSGVS,450.1,2026-07-28,-2.02,-6.75,-8.33,67.49,169.46,191.38
BOMDYEING,120.42,2026-07-28,-1.36,-2.28,-8.34,4.85,4.75,-29.68
HBSL,47.22,2026-07-28,-2.07,-2.15,-8.35,-26.53,-23.09,-42.03
POWERINDIA,31130.0,2026-07-28,-1.33,-4.04,-8.35,-5.11,76.04,64.93
ISGEC,845.7,2026-07-28,-1.58,-4.07,-8.36,-22.76,17.79,-24.11
CHOLAHLDNG,1515.0,2026-07-28,-0.75,-2.47,-8.37,-2.33,-7.41,-20.27
PRADPME,514.9,2026-07-28,0.91,-4.56,-8.37,35.46,,
AWHCL,432.45,2026-07-28,-1.72,-3.7,-8.38,-15.64,-23.03,-26.6
REPCOHOME,384.75,2026-07-28,-1.61,-5.07,-8.39,-5.94,-4.27,-4.91
SURAKSHA,248.85,2026-07-28,-0.3,-3.58,-8.39,-12.15,-5.49,-18.36
HPAL,32.51,2026-07-28,-2.64,-5.19,-8.42,-13.97,-15.71,-33.36
EASEMYTRIP,6.59,2026-07-28,-3.37,-3.8,-8.47,-16.05,3.45,-35.58
SURYAROSNI,239.35,2026-07-28,0.06,-1.05,-8.49,1.08,-1.78,-27.29
USASEEDS,85.1,2026-07-27,1.37,-8.49,-8.49,-21.89,-38.29,-47.44
SJLOGISTIC,307.35,2026-07-27,-3.92,-9.47,-8.49,0.75,-2.98,-24.19
PURVFLEXI,45.75,2026-07-27,-4.69,-4.69,-8.5,-26.62,-31.72,-37.33
FINEORG,4790.5,2026-07-28,-0.99,-2.89,-8.51,0.96,15.42,-5.85
AIROLAM,87.54,2026-07-28,1.2,-2.64,-8.51,3.33,-4.53,-20.86
SHEMAROO,117.36,2026-07-28,-1.35,-2.81,-8.51,13.29,19.69,-3.31
BFUTILITIE,569.3,2026-07-28,-1.48,-6.33,-8.54,-0.03,8.58,-22.38
NILASPACES,11.76,2026-07-28,-2.97,-3.76,-8.55,-11.11,-18.95,-14.47
BANG,29.19,2026-07-28,4.03,1.67,-8.55,-25.38,-32.48,-45.56
VILAS,353.7,2026-07-27,-4.42,-7.31,-8.56,-22.41,4.14,-34.22
PRIMESECU,273.6,2026-07-28,-0.33,-2.74,-8.56,-5.33,3.44,-5.72
DCM,89.9,2026-07-28,3.33,-7.79,-8.58,6.87,4.36,-14.92
OMAXAUTO,204.35,2026-07-28,-5.0,-12.57,-8.58,65.46,77.23,60.94
IGIL,328.75,2026-07-28,-0.29,-3.92,-8.6,-7.99,3.58,-16.55
EMMBI,87.87,2026-07-28,0.48,-5.12,-8.62,4.22,-6.25,-19.69
SILKFLEX,197.9,2026-07-27,2.01,-9.18,-8.63,0.87,106.15,112.23
MAHSEAMLES,574.1,2026-07-28,-0.48,-1.81,-8.64,-11.64,11.56,-15.29
PRLIND,44.75,2026-07-27,-1.1,-5.29,-8.67,-31.15,-24.15,-48.36
ORKLAINDIA,567.2,2026-07-28,-0.3,-3.2,-8.71,-12.09,0.09,
HPL,334.25,2026-07-28,-1.62,-1.92,-8.71,-9.78,1.83,-39.01
SPENCERS,32.86,2026-07-28,-1.79,-7.33,-8.72,-3.15,-4.48,-45.61
PTC,165.91,2026-07-28,-0.25,-4.09,-8.74,-19.35,-3.31,-8.07
TFL,11.04,2026-07-28,-1.16,3.08,-8.76,-9.36,-24.38,-36.73
RAILTEL,286.55,2026-07-28,-0.69,-2.77,-8.76,-13.77,-17.12,-23.56
TECHNOE,991.9,2026-07-28,-0.53,-2.14,-8.76,-21.51,5.24,-29.29
PASUPTAC,58.0,2026-07-28,1.36,-1.51,-8.78,15.38,26.69,19.71
SYSTMTXC,57.45,2026-07-28,-4.25,-8.15,-8.78,-24.93,-30.72,
TITAGARH,810.4,2026-07-28,-0.7,-6.55,-8.78,3.1,-0.73,-4.3
INTLCONV,74.78,2026-07-28,-0.2,-5.01,-8.78,-2.82,-5.16,-14.33
ODIGMA,22.66,2026-07-28,-1.73,-0.22,-8.78,-17.51,-19.27,-35.57
AGNI,17.15,2026-07-27,-4.46,-1.72,-8.78,-22.05,-13.6,-30.85
MDL,69.0,2026-07-27,-1.43,-1.22,-8.79,40.82,31.43,-25.81
RELIGARE,250.3,2026-07-28,-2.02,-2.61,-8.79,10.42,7.31,-5.83
RCOM,0.83,2026-07-28,0.0,-2.35,-8.79,-16.16,-25.89,-34.13
SITINET,0.31,2026-07-28,-3.12,-3.12,-8.82,-16.22,-6.06,-45.61
AHLWEST,543.95,2026-07-28,-4.4,-2.87,-8.83,65.78,277.35,277.35
GGBL,263.65,2026-07-27,-1.93,-0.06,-8.85,-22.8,5.12,-46.78
VOLTAMP,9290.0,2026-07-28,1.17,-1.46,-8.86,-18.43,31.61,9.08
BGRENERGY,287.05,2026-07-28,2.43,-0.59,-8.87,-7.76,-14.89,193.78
TRENT,2930.7,2026-07-28,-0.26,0.16,-8.88,3.49,13.94,-41.23
TTML,38.98,2026-07-28,-1.27,-3.13,-8.88,-11.99,-10.94,-35.48
SEMAC,321.5,2026-07-28,0.48,5.32,-8.92,11.97,28.83,-38.02
MICEL,36.81,2026-07-28,1.1,-1.45,-8.93,-9.25,-5.54,-29.29
VIVIMEDLAB,5.2,2026-07-28,-1.14,-1.14,-8.93,-25.07,-35.16,5.05
KRITINUT,75.51,2026-07-28,-4.07,-2.37,-8.95,-23.76,2.0,-28.26
DIGJAMLMTD,42.79,2026-07-28,-0.42,-3.5,-8.96,-8.43,-13.47,-23.78
VIVIANA,762.85,2026-07-28,4.17,8.52,-8.96,-6.59,26.84,-38.95
TRITURBINE,609.35,2026-07-28,-2.25,-0.79,-8.96,4.76,27.55,0.24
TENNIND,526.9,2026-07-28,-2.51,-5.45,-8.97,-6.93,4.52,
KLBRENG-B,442.15,2026-07-28,0.57,0.29,-8.97,-13.26,,
ZFCVINDIA,2376.9,2026-07-28,3.38,1.64,-8.98,-3.67,0.37,8.05
CELLO,344.45,2026-07-28,-0.17,-5.84,-8.98,-17.74,-31.34,-41.53
WEIZMANIND,77.37,2026-07-28,-0.05,-1.96,-8.99,-7.34,-5.97,-34.03
BALAJEE,26.65,2026-07-28,-1.77,-6.13,-9.01,-19.34,-19.75,-40.71
CUBEXTUB,76.72,2026-07-28,-0.92,-2.75,-9.03,-23.96,-29.6,-13.01
NAVA,552.3,2026-07-28,-2.19,-4.24,-9.03,-17.47,-1.07,-6.62
UEL,120.93,2026-07-28,-0.02,-2.44,-9.03,-25.36,2.76,29.66
CAMPUS,216.36,2026-07-28,-1.4,-3.93,-9.04,-13.54,-14.5,-20.73
GKWLIMITED,1625.8,2026-07-28,1.01,-4.35,-9.05,1.61,-2.38,-8.3
STCINDIA,117.61,2026-07-28,-0.67,-1.47,-9.05,-1.76,-0.8,-6.49
CROMPTON,247.4,2026-07-28,-0.68,-4.47,-9.05,-7.14,11.08,-24.4
ELECTCAST,71.48,2026-07-28,-0.91,-3.18,-9.06,-15.26,0.41,-34.4
MHRIL,218.28,2026-07-28,-2.48,-3.65,-9.07,-11.33,-26.22,-39.48
ANLON,629.75,2026-07-27,-5.73,-0.82,-9.09,47.1,67.89,51.73
EDUCOMP,0.9,2026-07-27,-1.1,-2.17,-9.09,-5.26,-14.29,-48.86
SAROJA,30.0,2026-07-27,0.0,-9.09,-9.09,-8.68,-8.4,-16.78
AKSHAR,0.4,2026-07-28,-2.44,-4.76,-9.09,-14.89,-18.37,-25.93
BLS,235.7,2026-07-28,-0.76,-0.06,-9.1,-15.61,-10.21,-33.88
LT,3832.0,2026-07-28,0.68,-0.18,-9.12,-4.17,1.99,13.07
COFFEEDAY,30.25,2026-07-28,-0.46,-3.75,-9.13,13.59,-3.57,-12.77
REMUS,721.0,2026-07-27,0.31,-1.25,-9.16,13.97,9.86,-26.23
ADANIPOWER,208.25,2026-07-28,-2.67,-5.33,-9.17,-6.76,54.58,82.47
ASTAR,585.1,2026-07-27,-6.06,-2.48,-9.17,-9.22,,
BAWEJA,27.15,2026-07-27,-6.22,-3.72,-9.2,-27.02,-15.42,-62.6
SKFINDIA,1469.4,2026-07-28,-0.81,-0.87,-9.21,-13.61,-10.8,-68.8
JAYSREETEA,80.95,2026-07-28,0.52,-0.72,-9.21,-9.35,-1.91,-24.38
RILINFRA,39.35,2026-07-27,3.55,-0.38,-9.23,15.23,18.7,3.28
DIGISPICE,17.86,2026-07-28,-1.65,-7.08,-9.25,-15.75,-9.89,-15.71
PRITIKA,57.8,2026-07-27,-6.77,-6.47,-9.26,2.57,-16.23,-35.35
URJA,9.01,2026-07-28,-0.99,-2.59,-9.26,-28.72,-12.61,-36.5
GSS,11.96,2026-07-28,0.59,-4.09,-9.26,-17.52,-18.36,-62.07
RAMASTEEL,4.21,2026-07-28,-0.71,-2.09,-9.27,-28.4,-47.44,-62.0
WINDMACHIN,276.85,2026-07-28,-1.79,-5.83,-9.27,-2.85,3.38,-16.42
PRSMJOHNSN,106.98,2026-07-28,-1.45,-2.53,-9.28,-19.53,-12.29,-31.55
TVVISION,4.69,2026-07-28,0.86,-1.26,-9.28,-12.34,-27.4,-35.04
ANMOL,10.12,2026-07-28,0.8,-4.89,-9.32,-17.99,-16.36,-35.34
VR,108.0,2026-07-27,4.96,7.04,-9.32,-30.32,-30.35,-50.91
VINNY,1.07,2026-07-28,1.9,1.9,-9.32,-6.96,-7.76,-17.69
SYRMA,1306.0,2026-07-28,-0.77,-2.6,-9.34,34.42,80.66,75.31
DUCON,3.01,2026-07-28,-0.33,-0.33,-9.34,-8.51,-6.81,-48.01
CALSOFT,21.64,2026-07-28,-0.6,-6.12,-9.34,80.03,53.15,40.16
WINSOL,112.65,2026-07-27,-3.92,-5.46,-9.34,-17.77,-15.01,-47.85
ITI,273.4,2026-07-28,-0.98,-2.98,-9.35,-10.51,-6.66,-6.86
BBL,2523.4,2026-07-28,-1.51,-5.71,-9.37,-19.67,1.08,-9.19
KSB,846.75,2026-07-28,-3.49,-6.66,-9.38,-13.96,22.72,-1.04
MANAKSTEEL,66.94,2026-07-28,-4.33,-12.01,-9.38,-4.26,9.9,6.09
SOTAC,95.1,2026-07-27,0.0,-4.9,-9.43,-18.72,-11.58,-23.86
ANGELONE,302.6,2026-07-28,-0.53,-6.42,-9.46,-4.93,16.92,18.27
GENCON,39.35,2026-07-28,-2.74,-1.63,-9.48,-4.54,-15.45,-4.37
MOTILALOFS,856.15,2026-07-28,-1.51,-12.02,-9.51,9.38,9.23,-2.27
BIOFILCHEM,32.64,2026-07-28,-0.55,-1.6,-9.51,-4.62,10.27,-26.37
COMPINFO,1.14,2026-07-28,-2.56,0.0,-9.52,-18.57,-16.18,-59.43
WAAREERTL,923.5,2026-07-28,-0.84,-9.5,-9.52,-12.82,0.15,-11.35
ISHANCH,51.58,2026-07-28,-2.01,-1.9,-9.54,-17.41,-12.92,-9.51
TTL,6.16,2026-07-28,-1.75,-4.64,-9.54,-22.9,-16.53,-51.61
GOLDSTAR,7.1,2026-07-27,0.71,-7.19,-9.55,-2.07,46.39,-24.47
GUJTHEM,355.9,2026-07-28,-1.34,-2.21,-9.56,-3.94,14.29,-3.11
NACLIND,185.37,2026-07-28,-4.0,-11.43,-9.58,18.13,16.8,-33.63
MAHABANK,80.2,2026-07-28,-0.53,-0.4,-9.59,4.74,24.16,45.45
SRD,37.23,2026-07-28,-1.06,-2.74,-9.59,-16.13,-34.06,-53.89
GODFRYPHLP,2031.3,2026-07-28,-8.11,-4.79,-9.61,-4.01,0.48,-29.11
HUBTOWN,189.62,2026-07-28,-3.27,-4.92,-9.61,-10.07,-10.15,-41.14
JSWHL,10981.0,2026-07-28,-0.16,-0.63,-9.62,-14.5,-35.61,-47.91
TATACHEM,674.3,2026-07-28,-3.52,-2.78,-9.64,-14.65,-5.86,-26.72
MANUGRAPH,13.74,2026-07-28,4.97,-7.35,-9.66,1.78,-7.54,-30.92
KAMATHOTEL,167.22,2026-07-28,-1.54,-4.31,-9.67,0.34,-23.08,-30.49
AURIGROW,0.28,2026-07-27,0.0,0.0,-9.68,-24.32,-42.86,-53.33
BALKRISIND,2013.2,2026-07-28,-0.59,-2.04,-9.7,-7.87,-16.17,-24.73
EMMIL,119.95,2026-07-27,-7.73,-5.55,-9.71,-22.61,-25.15,-45.63
ADANIGREEN,1377.8,2026-07-28,-1.56,-9.95,-9.72,10.23,67.43,37.24
KKVAPOW,499.35,2026-07-27,0.0,-4.99,-9.74,-18.67,-24.39,-24.15
LASA,6.86,2026-07-28,0.59,-3.79,-9.74,-15.31,-25.68,-36.19
STEELXIND,11.2,2026-07-28,-3.28,-6.67,-9.75,12.0,43.04,5.07
WELSPLSOL,52.42,2026-07-28,1.41,-0.91,-9.76,22.48,,
TREL,23.96,2026-07-28,-1.84,-3.11,-9.79,-11.03,-6.22,-27.46
JISLDVREQS,22.0,2026-07-28,0.36,-0.45,-9.8,-9.58,-7.21,-26.3
MAZDA,212.53,2026-07-28,-2.02,-4.68,-9.81,-2.22,6.34,-27.94
RELIABLE,136.94,2026-07-28,-1.64,-7.68,-9.81,4.37,-12.58,83.9
RELCHEMQ,124.76,2026-07-28,-2.58,-4.03,-9.81,7.57,2.77,-31.11
ORIANA,1438.25,2026-07-27,-0.12,-4.43,-9.85,-33.92,-9.55,-35.35
DANGEE,2.93,2026-07-28,0.34,-4.87,-9.85,-19.95,-4.56,-36.85
ZODIACLOTH,75.08,2026-07-28,-1.0,-2.12,-9.85,-4.17,-9.54,-28.5
COMFINTE,5.35,2026-07-28,-0.93,-3.6,-9.93,-26.71,,
DBEIL,7.52,2026-07-28,1.76,-2.34,-9.94,-9.77,-18.95,-44.78
ICRA,4712.5,2026-07-28,-0.68,-7.66,-10.01,-12.52,-18.95,-26.83
HITECHGEAR,577.3,2026-07-28,-0.09,-8.07,-10.03,-7.13,-13.31,-16.6
ACSTECH,40.32,2026-07-28,-0.47,-3.19,-10.06,2.34,,
WABAG,1893.6,2026-07-28,-4.24,-10.55,-10.07,25.64,77.09,20.42
GREENCHEF,47.1,2026-07-27,-3.48,-6.82,-10.11,-6.55,0.21,-25.0
GICL,16.26,2026-07-28,0.18,-2.87,-10.12,-60.22,-63.79,-86.22
KAMOPAINTS,4.59,2026-07-28,-0.43,1.1,-10.18,-17.74,-19.61,-52.53
TRUST,28.5,2026-07-27,-1.72,-3.06,-10.24,-30.83,-34.41,-52.96
ABSLAMC,999.2,2026-07-28,1.01,-8.44,-10.25,-3.94,31.3,17.7
SHREERAMA,38.05,2026-07-28,-4.4,-9.12,-10.26,-17.98,-35.12,-5.49
KRBL,345.8,2026-07-28,-1.36,-2.71,-10.26,-7.63,5.8,-9.47
BLUEPEBBLE,70.0,2026-07-27,0.0,-2.78,-10.26,-41.62,-53.02,-62.01
GNRL,91.39,2026-07-28,-0.76,-7.76,-10.27,-5.39,,
KNRCON,120.39,2026-07-28,-1.79,-2.86,-10.29,-7.83,-17.0,-43.42
GANGAFORGE,1.71,2026-07-28,1.79,-10.94,-10.3,-40.42,-49.56,-53.28
ATGL,645.55,2026-07-28,-2.26,-9.45,-10.32,-1.23,21.88,3.22
SABAR,5.65,2026-07-27,20.21,29.89,-10.32,9.71,2.73,20.21
TEAMLEASE,1300.5,2026-07-28,0.5,-5.92,-10.32,4.72,-7.29,-30.57
ALPEXSOLAR,827.2,2026-07-27,-8.02,3.6,-10.34,-21.31,6.24,-33.94
SPAL,986.2,2026-07-28,-2.78,-6.71,-10.34,23.17,46.58,17.16
BAJEL,175.49,2026-07-28,-1.27,-2.14,-10.34,-3.24,8.25,-22.59
NCC,137.7,2026-07-28,-3.12,-1.54,-10.35,-16.47,-7.06,-35.47
STLNETWORK,24.43,2026-07-28,-4.98,0.41,-10.35,-15.17,19.11,
TRUALT,419.15,2026-07-28,-0.5,-0.23,-10.37,-12.08,18.42,
ADVENZYMES,310.85,2026-07-28,-1.82,-2.15,-10.38,-8.72,11.4,-8.52
CGPOWER,844.1,2026-07-28,-3.78,-7.49,-10.4,1.55,45.37,28.38
CURAA,72.35,2026-07-28,-0.37,-2.24,-10.41,-22.2,-0.9,-69.06
UWCSL,95.95,2026-07-27,0.0,-5.84,-10.41,-1.13,-11.4,-17.78
DMART,3846.6,2026-07-28,-4.5,-3.24,-10.43,-15.36,2.97,-2.62
BEWLTD,58.85,2026-07-27,-0.25,-2.0,-10.43,-30.31,-39.3,-64.4
AEPL,14.5,2026-07-28,-4.23,-8.98,-10.44,-23.56,,
SADHNANIQ,2.66,2026-07-28,-1.12,0.76,-10.44,17.7,-56.46,-63.86
JUBLCPL,1811.5,2026-07-28,-3.47,-7.97,-10.45,4.84,-12.19,-13.83
BSE,3457.8,2026-07-28,-2.23,-5.21,-10.46,-4.39,22.87,41.51
CPEDU,194.2,2026-07-28,-1.58,3.57,-10.46,-1.43,-11.61,
WAAREEENER,2694.3,2026-07-28,-1.72,-4.67,-10.47,-21.99,-2.01,-13.37
ASTEC,649.45,2026-07-28,-2.28,-5.31,-10.48,-10.64,10.6,-24.76
RAJESHEXPO,86.85,2026-07-28,-1.82,-0.65,-10.48,-31.65,-47.58,-55.71
SAIFL,5.1,2026-07-27,0.0,0.99,-10.53,-43.33,-51.43,-83.47
QUINT,37.14,2026-07-28,-0.56,-5.01,-10.53,-5.97,,
SCI,278.9,2026-07-28,-1.73,-0.62,-10.55,-7.98,28.29,37.77
SUPRIYA,830.1,2026-07-28,-1.75,-0.86,-10.56,17.79,25.34,23.8
PREMEXPLN,663.15,2026-07-28,-0.89,0.23,-10.56,21.06,32.46,42.84
VINYAS,1275.0,2026-07-27,-0.92,-2.99,-10.57,12.68,20.89,-5.25
RAJMET,3.3,2026-07-28,-0.9,-1.2,-10.57,-17.29,-19.71,-32.38
VIKASECO,1.1,2026-07-28,-1.79,-2.65,-10.57,-20.86,-27.15,-51.75
LCCINFOTEC,4.22,2026-07-28,-2.76,-8.86,-10.59,-12.99,-12.63,5.24
RESPONIND,172.99,2026-07-28,-1.41,-10.26,-10.59,8.81,0.88,-22.38
AFIL,9.28,2026-07-28,0.22,-4.33,-10.6,5.1,86.35,30.15
GOLDENTOBC,24.35,2026-07-28,-1.7,-5.98,-10.61,-11.45,-20.22,-32.53
DBOL,98.75,2026-07-28,-3.47,-8.15,-10.63,-16.16,1.31,24.72
NOCIL,160.96,2026-07-28,-1.27,-1.48,-10.67,-11.95,25.32,-8.44
SHAKTIPUMP,518.85,2026-07-28,-2.01,-4.74,-10.68,-8.85,-18.39,-40.63
PULZ,23.0,2026-07-27,0.0,-5.93,-10.68,-8.37,-7.26,-47.25
KITEX,145.03,2026-07-28,-1.46,-3.72,-10.71,-11.76,-22.95,-41.27
EKC,107.25,2026-07-28,-2.31,-4.82,-10.73,-13.64,-5.66,-15.85
KSR,28.2,2026-07-28,-1.09,-5.94,-10.73,-17.42,-1.81,
SOLARA,507.0,2026-07-28,0.4,-11.08,-10.75,6.03,-1.64,-22.86
KPEL,311.45,2026-07-28,0.1,-1.7,-10.75,-14.3,4.85,-37.56
DISHTV,2.82,2026-07-28,-1.74,-4.08,-10.76,-25.79,-17.3,-47.19
IRIS,237.9,2026-07-28,-2.6,-1.49,-10.77,0.66,-19.16,-36.68
DAMODARIND,27.98,2026-07-28,-0.07,-4.18,-10.78,-9.48,8.03,-25.55
PLAZACABLE,41.98,2026-07-28,-1.92,-2.69,-10.78,1.11,9.41,-27.99
MAXESTATES,396.0,2026-07-28,0.14,-1.57,-10.79,-1.26,6.38,-19.45
KSCL,825.55,2026-07-28,-0.86,-2.31,-10.81,-11.63,-3.77,-25.01
SRPL,0.33,2026-07-27,-2.94,-5.71,-10.81,-25.0,-43.1,-47.62
ELECTHERM,1016.1,2026-07-28,-1.37,-4.9,-10.83,17.66,23.79,-5.13
NECLIFE,10.18,2026-07-28,-2.21,-5.74,-10.86,-17.97,-26.6,-38.56
INDIAMART,1743.0,2026-07-28,-0.95,-9.82,-10.86,-15.78,-17.97,-29.85
LAL,8.17,2026-07-28,0.86,-6.63,-10.91,11.31,4.48,-25.73
RAYMONDLSL,707.25,2026-07-28,0.23,-2.66,-10.92,-12.62,-22.79,-35.02
SEPC,5.87,2026-07-28,-3.14,-4.08,-10.93,-29.36,-29.28,-51.08
NIMBSPROJ,187.0,2026-07-28,-1.58,-4.59,-10.95,2.83,,
NIACL,163.07,2026-07-28,-1.51,-7.77,-10.95,0.55,11.33,-4.77
MOTOGENFIN,26.71,2026-07-28,-2.48,-1.98,-10.97,6.71,22.19,0.72
RATNAMANI,2356.5,2026-07-28,-1.99,-7.68,-10.98,-11.95,14.14,-11.12
KIOCL,348.7,2026-07-28,-1.87,-6.21,-10.99,-16.96,-3.97,6.57
UMAEXPORTS,19.59,2026-07-28,0.62,-1.85,-11.0,-25.96,-40.33,-60.24
IFCI,68.52,2026-07-28,-2.66,-6.3,-11.01,14.2,18.42,17.83
SANSTAR,111.24,2026-07-28,-4.3,2.03,-11.04,27.86,21.95,24.44
CONTI,10.45,2026-07-27,0.97,-8.33,-11.06,-26.15,-50.24,-61.08
TRIDHYA,10.45,2026-07-27,-0.48,2.96,-11.06,-3.69,-40.46,-41.94
TATAELXSI,3581.8,2026-07-28,0.77,1.28,-11.08,-11.75,-32.37,-39.59
AXISBANK,1223.5,2026-07-28,-0.33,-2.59,-11.09,-5.01,-7.23,14.05
NETWEB,4395.7,2026-07-28,0.77,5.21,-11.09,9.83,40.15,140.82
BIRLAPREC,34.37,2026-07-28,0.47,-0.89,-11.1,-0.66,,
ABCOTS,200.23,2026-07-28,-0.67,-1.11,-11.1,-16.24,-51.35,-52.21
RCDL,24.0,2026-07-27,-4.38,-4.38,-11.11,0.0,21.21,10.47
GVKPIL,2.4,2026-07-28,0.42,-5.51,-11.11,-25.23,-19.19,-37.82
AKI,4.24,2026-07-28,1.19,-9.21,-11.11,-18.3,-32.91,-65.16
GEEKAYWIRE,23.56,2026-07-28,-1.46,-0.46,-11.13,-13.22,-16.95,-30.52
MONEYBOXX,59.35,2026-07-28,0.58,1.98,-11.13,-19.25,16.24,
SHREEKARNI,422.0,2026-07-27,2.93,2.93,-11.16,-4.09,-0.71,-24.82
GAYAHWS,1.91,2026-07-28,1.6,0.53,-11.16,-13.96,-3.05,-2.05
OSIAHYPER,2.94,2026-07-28,-0.68,-1.34,-11.18,-57.21,-79.54,-79.01
TDPOWERSYS,1114.8,2026-07-28,-2.34,-2.3,-11.18,-2.68,70.15,139.3
INNOVATIVE,69.25,2026-07-27,-1.98,-5.78,-11.22,-29.7,-16.92,-41.29
DGCONTENT,24.62,2026-07-28,-1.48,-2.73,-11.22,-20.86,-15.51,-41.63
JAIBALAJI,60.54,2026-07-28,-1.3,-4.95,-11.22,-25.64,-12.46,-45.98
OLAELEC,37.11,2026-07-28,-0.43,-5.28,-11.22,3.63,15.68,-10.12
VALIANTLAB,60.37,2026-07-28,-1.85,-5.69,-11.22,-24.18,5.19,-32.78
NEWJAISA,15.4,2026-07-27,-5.81,-12.25,-11.24,-38.89,-5.81,-52.1
ROTO,66.0,2026-07-28,-1.92,-4.72,-11.25,10.09,11.11,-26.91
KWIL,30.85,2026-07-28,-2.06,-9.4,-11.25,14.94,,
MTNL,26.75,2026-07-28,-1.55,-4.87,-11.28,-15.72,-14.21,-44.73
QUICKHEAL,156.73,2026-07-28,0.65,-2.67,-11.3,-6.5,-17.73,-49.9
ZODIAC,244.65,2026-07-28,-0.51,-5.69,-11.33,-29.44,-8.06,-44.06
PATINTLOG,14.14,2026-07-28,0.0,-3.28,-11.4,23.28,15.33,-14.63
TATACOMM,1764.5,2026-07-28,1.69,-3.19,-11.42,11.38,16.42,3.24
MKPL,4.26,2026-07-28,1.91,-0.7,-11.43,-19.62,-24.06,-38.97
ADSL,113.57,2026-07-28,-2.4,-4.22,-11.45,-2.35,-8.89,-28.64
WCIL,89.43,2026-07-28,-1.79,-4.17,-11.46,-13.38,-21.1,-16.93
RHFL,1.93,2026-07-28,-1.53,-3.02,-11.47,-3.98,-33.22,-54.16
HIMATSEIDE,79.54,2026-07-28,-1.83,-6.82,-11.47,-11.07,-22.66,-47.02
ITALIANE,31.85,2026-07-27,-9.0,-11.53,-11.53,-20.37,25.39,-13.55
PARACABLES,62.22,2026-07-28,-1.08,-4.06,-11.54,59.01,75.22,10.34
IGL,150.7,2026-07-28,0.29,-2.56,-11.55,-9.46,-12.21,-24.18
NETWORK18,28.86,2026-07-28,0.03,-3.45,-11.55,-17.71,-22.71,-48.69
MAHEPC,107.11,2026-07-28,-0.86,-3.17,-11.57,-7.3,-10.26,-25.96
KAVDEFENCE,56.41,2026-07-28,-1.67,-3.7,-11.58,-14.21,-10.03,-0.3
ENGINERSIN,222.59,2026-07-28,-1.69,-3.13,-11.61,-13.23,29.4,5.16
TARIL,295.6,2026-07-28,-2.28,-11.39,-11.62,-12.49,22.17,-38.73
BIRLACORPN,875.75,2026-07-28,-3.78,-12.77,-11.63,-3.74,-14.66,-38.05
AFCONS,280.25,2026-07-28,-1.41,-4.65,-11.63,-15.48,-16.24,-29.47
ATLANTAA,35.21,2026-07-28,-0.42,-7.75,-11.64,-16.98,-19.0,6.83
LYKALABS,61.71,2026-07-28,-4.19,-10.21,-11.65,3.92,-17.75,-44.11
ORIENTALTL,5.3,2026-07-28,-0.38,-2.21,-11.67,-24.72,-27.0,-47.11
ELANTAS,9310.0,2026-07-28,-2.56,-2.33,-11.67,-2.05,,
MAANALU,110.92,2026-07-28,-2.88,-2.09,-11.68,-26.75,-26.25,-7.64
DAVANGERE,3.17,2026-07-28,-3.94,-6.21,-11.7,-12.19,-31.09,-4.38
MMTC,60.59,2026-07-28,-1.74,-4.82,-11.71,-8.21,-10.52,-7.27
KOHINOOR,22.81,2026-07-28,-1.72,-4.64,-11.73,-16.35,-6.02,-33.67
UNITECH,4.21,2026-07-28,-2.09,-8.48,-11.74,-12.47,-7.27,-40.54
KIRLOSENG,2192.2,2026-07-28,-3.98,-1.33,-11.76,27.13,97.27,144.35
BAJAJINDEF,229.2,2026-07-28,-0.71,-2.39,-11.76,-29.36,-23.38,-45.11
KEC,466.0,2026-07-28,0.3,-4.46,-11.77,-18.43,-29.73,-46.05
NELCAST,116.32,2026-07-28,-0.27,-9.09,-11.78,-13.51,29.25,-25.03
OSWALAGRO,38.28,2026-07-28,-1.26,-2.6,-11.8,-22.46,-20.91,-53.08
NBCC,94.51,2026-07-28,-0.41,-3.67,-11.81,-0.13,-4.92,-12.34
AXISCADES,1491.2,2026-07-28,-2.75,-5.85,-11.82,-22.86,27.14,14.58
WPIL,434.75,2026-07-28,-1.68,-5.12,-11.91,1.12,,
ASALCBR,757.7,2026-07-28,-4.29,-7.28,-11.92,-14.36,-6.68,-29.13
AEROENTER,121.01,2026-07-28,-0.89,0.56,-12.06,32.61,54.27,18.39
KALPATARU,270.4,2026-07-28,1.27,-0.66,-12.08,-18.11,-17.95,-33.86
LINC,101.5,2026-07-28,-1.29,-5.33,-12.09,-5.09,-6.01,-25.45
OLECTRA,1312.7,2026-07-28,-1.16,-2.45,-12.1,2.08,20.61,-8.74
MILTON,35.15,2026-07-27,-4.87,-7.62,-12.12,-26.46,-25.13,21.63
GLOBALE,10.98,2026-07-28,0.09,-1.79,-12.16,-22.18,-4.27,-14.15
CELEBRITY,6.93,2026-07-28,-0.86,-2.94,-12.17,-13.91,-8.7,-43.06
PROSTARM,121.74,2026-07-28,-1.35,-3.59,-12.19,-21.83,-19.74,-44.27
THOMASCOOK,97.88,2026-07-28,-0.58,-5.1,-12.22,-0.71,-23.46,-42.69
KPRMILL,1043.3,2026-07-28,-1.2,-6.29,-12.23,12.25,13.13,-11.08
SARVESHWAR,3.35,2026-07-28,-0.89,-3.18,-12.3,-15.83,-17.89,-56.77
GENESYS,286.35,2026-07-28,-4.72,-10.84,-12.3,7.63,-4.09,-51.11
THACKER,1011.0,2026-07-28,0.0,-7.24,-12.32,-6.82,,
VIKASLIFE,1.28,2026-07-28,0.79,-3.76,-12.33,-19.5,-24.26,-46.67
AARTECH,45.82,2026-07-28,-2.94,-5.35,-12.37,-6.36,1.17,-32.16
HFCL,188.39,2026-07-28,-2.16,-9.44,-12.38,75.67,192.03,147.0
HMT,59.88,2026-07-28,-1.46,-1.43,-12.44,-2.7,41.06,4.19
KARMAENG,38.03,2026-07-28,0.58,0.5,-12.45,-24.75,-1.71,-40.11
PNC,19.81,2026-07-28,1.07,2.64,-12.46,-7.47,-18.34,-24.99
NIBE,1449.5,2026-07-28,-2.99,-6.97,-12.48,31.51,40.62,-17.28
VINDHYATEL,1868.0,2026-07-28,-2.07,4.39,-12.48,40.92,54.07,20.74
INTENTECH,87.71,2026-07-28,-1.47,-4.36,-12.52,-12.24,-23.59,6.18
KARNIKA,111.85,2026-07-27,-3.08,-9.1,-12.58,-17.79,-6.48,-84.17
HILTON,21.0,2026-07-28,-0.24,-8.46,-12.61,-13.9,-27.29,-65.51
SAKUMA,1.66,2026-07-28,0.0,-1.78,-12.63,-14.43,-13.99,-40.71
VARDMNPOLY,6.09,2026-07-28,-0.98,-4.09,-12.63,-12.37,-1.46,-39.94
BEARDSELL,27.17,2026-07-28,-0.91,-1.34,-12.64,3.27,-1.7,-13.03
QPOWER,1096.6,2026-07-28,-0.81,-3.72,-12.65,-20.47,83.87,43.49
TRU,4.69,2026-07-28,-4.48,-4.09,-12.66,-27.17,-29.69,-69.84
ACCURACY,4.88,2026-07-28,-1.81,-0.41,-12.7,-4.5,-1.01,-34.14
VIPCLOTHNG,21.91,2026-07-28,0.37,0.32,-12.74,-3.01,-6.73,-44.06
A2ZINFRA,12.06,2026-07-28,-2.27,-4.13,-12.74,-29.02,-15.9,-44.01
GANESHCP,168.96,2026-07-28,-0.55,-2.27,-12.76,-13.65,-15.18,
SALZERELEC,562.45,2026-07-28,-1.99,-4.26,-12.77,-12.97,-3.64,-28.72
RIIL,727.15,2026-07-28,-1.23,-6.88,-12.78,-8.23,2.48,-18.05
PRECWIRE,366.6,2026-07-28,-1.97,0.47,-12.79,-11.16,48.06,107.77
CMRGREEN,215.1,2026-07-28,-1.83,-0.6,-12.81,,,
MITCON,72.0,2026-07-28,-1.57,-0.91,-12.83,-8.84,23.69,-5.83
FINCABLES,973.1,2026-07-28,-2.55,-4.17,-12.84,-3.12,34.05,10.55
DEN,27.23,2026-07-28,-0.51,0.81,-12.84,-2.92,-2.92,-26.37
KHADIM,94.86,2026-07-28,1.23,-3.22,-12.88,-6.75,-44.7,-65.91
PENTAGON,51.35,2026-07-27,-4.73,-4.91,-12.89,-30.7,-21.36,-16.5
FCONSUMER,0.27,2026-07-27,-3.57,-6.9,-12.9,-20.59,-27.03,-44.9
DIL,0.81,2026-07-27,1.25,-1.22,-12.9,-20.59,-40.0,-58.88
MAITREYA,120.0,2026-07-27,-3.23,-5.33,-12.95,-32.51,-42.78,-54.79
RAJRILTD,20.28,2026-07-28,-1.89,-5.23,-13.07,-4.34,0.15,-26.25
LIBAS,10.1,2026-07-28,-0.2,-2.23,-13.23,-16.39,1.81,-23.14
TEGA,1501.0,2026-07-28,-0.63,-7.32,-13.25,-10.24,-12.13,-19.74
PRAJIND,302.45,2026-07-28,-4.29,-10.41,-13.25,-23.45,5.29,-35.81
AVONMORE,9.15,2026-07-28,-1.51,-6.25,-13.27,-28.74,-41.08,-47.14
MADHUCON,5.29,2026-07-28,-1.12,1.93,-13.28,1.93,10.44,-19.36
DSSL,1195.3,2026-07-28,-2.95,-1.08,-13.31,13.14,27.32,18.62
CIEINDIA,408.3,2026-07-28,-1.23,-13.82,-13.37,-13.05,0.73,2.06
FAZE3Q,538.5,2026-07-28,-2.6,-4.56,-13.4,17.04,39.83,-19.85
HINDWAREAP,217.0,2026-07-28,-1.83,-2.36,-13.42,0.08,-1.3,-13.67
CGRAPHICS,125.45,2026-07-27,-3.57,-8.13,-13.45,-25.33,-24.88,-39.79
SARTELE,117.8,2026-07-27,-3.01,-8.65,-13.45,-22.98,-45.39,-46.38
KHAICHEM,48.08,2026-07-28,-1.6,-1.74,-13.47,-11.12,-22.24,-57.3
SPCENET,3.33,2026-07-28,-3.2,-8.52,-13.51,-17.96,-39.4,-50.16
PRAKASH,123.64,2026-07-28,-1.46,-0.54,-13.52,-15.89,1.35,-28.33
JAICORPLTD,100.37,2026-07-28,-2.26,-6.33,-13.53,-16.37,-12.34,-0.26
APTECHT,91.31,2026-07-28,-0.38,-3.93,-13.56,-8.66,14.65,-27.81
RAJVIR,5.93,2026-07-27,-4.82,-9.47,-13.56,-22.48,-29.82,-43.52
MSPL,36.22,2026-07-28,0.22,-0.77,-13.56,2.14,22.7,13.86
STLTECH,530.05,2026-07-28,-4.56,5.25,-13.58,85.9,412.22,317.76
PAKKA,69.97,2026-07-28,-1.59,-2.68,-13.59,-27.83,-25.17,-63.6
RSSOFTWARE,31.28,2026-07-28,-2.52,-5.58,-13.59,-26.9,-20.61,-62.23
QUICKTOUCH,21.1,2026-07-27,-8.86,-9.05,-13.7,-27.74,-38.84,-62.49
ENRIN,3180.9,2026-07-28,-2.56,-6.29,-13.7,-1.63,35.18,5.6
WINNY,35.6,2026-07-27,0.0,-9.18,-13.7,-28.08,-44.33,-65.74
PRESSTONIC,25.35,2026-07-27,-0.59,-2.87,-13.78,-43.92,-39.64,-72.16
VITAL,46.0,2026-07-28,0.0,-7.56,-13.78,-26.62,-15.67,-19.44
MCLEODRUSS,51.67,2026-07-28,-1.71,-3.46,-13.84,-10.7,24.57,26.7
PRITI,36.19,2026-07-28,-2.48,-3.88,-13.89,-21.55,-29.77,-57.16
ESSARSHPNG,20.0,2026-07-28,-2.1,-1.72,-13.9,-25.4,-18.63,-27.38
JISLJALEQS,30.07,2026-07-28,-1.18,-2.05,-14.04,-9.13,-17.03,-42.36
ABINFRA,10.08,2026-07-28,-2.42,-0.59,-14.07,-35.59,-42.99,-45.4
RNBDENIMS,9.14,2026-07-28,-1.93,-4.69,-14.1,-37.95,-81.97,
SURANI,93.45,2026-07-27,-11.84,-8.29,-14.11,-27.56,53.2,-9.67
S&SPOWER,324.85,2026-07-28,-3.55,2.06,-14.17,-23.35,24.25,-10.89
GTLINFRA,1.2,2026-07-28,-1.64,-4.0,-14.29,-2.44,20.0,-22.58
BANKBARODA,239.2,2026-07-28,-1.97,-6.14,-14.31,-7.8,-19.35,2.74
FRACTAL,792.1,2026-07-28,-2.13,-5.93,-14.32,-19.05,,
RAMCOSYS,607.95,2026-07-28,-4.99,-24.35,-14.35,44.87,43.01,59.44
DHANLAXMI,25.4,2026-07-27,8.78,1.6,-14.48,-9.61,-14.62,-43.56
SANDHAR,584.85,2026-07-28,-2.45,-2.76,-14.49,16.2,16.48,21.22
K2INFRA,56.3,2026-07-27,-1.31,-7.1,-14.5,12.38,-3.26,-12.1
KLL,28.15,2026-07-27,-5.7,-11.48,-14.57,-32.9,-36.88,-63.23
TPHQ,0.41,2026-07-28,-4.65,-4.65,-14.58,-28.07,-32.79,-47.44
BROOKS,62.75,2026-07-28,-1.88,-7.38,-14.68,1.57,-2.56,-58.17
LIKHITHA,219.6,2026-07-28,-4.65,-6.69,-14.75,-3.26,35.42,-21.21
POKARNA,923.2,2026-07-28,-1.08,-4.95,-14.94,1.51,24.18,-2.54
CCCL,15.72,2026-07-28,-0.13,-2.06,-14.98,-10.17,-0.69,-3.74
CEIGALL,324.75,2026-07-28,-3.29,-4.86,-15.03,-1.98,19.09,25.36
GLFL,5.52,2026-07-28,4.94,4.35,-15.08,-22.36,23.21,-16.49
INOXWIND,75.94,2026-07-28,-2.93,-4.14,-15.17,-26.32,-30.49,-51.01
REFRACTORY,25.9,2026-07-27,-3.54,-0.58,-15.22,-36.75,-41.14,-52.82
VBL,430.0,2026-07-28,-7.43,-8.12,-15.3,-17.0,-8.0,-11.38
BHARATCOAL,34.27,2026-07-28,-2.78,-8.0,-15.32,1.78,-7.83,
ATLANTAELE,1533.6,2026-07-28,-5.0,-11.75,-15.36,-13.12,110.86,
WHEELS,1417.1,2026-07-28,-5.25,-3.02,-15.37,33.92,94.62,87.36
DRREDDY,1135.6,2026-07-28,-1.32,-7.15,-15.38,-15.64,-6.52,-11.23
INDTERRAIN,28.3,2026-07-28,-3.12,-4.04,-15.45,-8.24,-13.11,-28.54
AVROIND,8.95,2026-07-28,0.11,-4.07,-15.49,-29.37,-29.47,-39.03
MOKSH,10.24,2026-07-28,-0.49,-11.03,-15.65,-23.01,-26.17,-23.87
DHRUV,23.77,2026-07-28,-0.92,-8.4,-15.65,-33.94,-39.07,-66.12
UMA,15.5,2026-07-27,-4.62,-12.43,-15.76,-26.19,-17.55,-40.27
SADBHIN,2.29,2026-07-28,-1.29,-2.97,-15.81,-19.65,-33.24,-45.08
TIMKEN,3075.6,2026-07-28,-1.64,-1.72,-15.82,-13.01,3.04,-10.8
VLEGOV,10.9,2026-07-28,1.96,-3.96,-15.83,-28.99,-27.62,-76.98
APARINDS,13480.0,2026-07-28,-4.06,-2.9,-15.87,13.64,81.88,56.49
SOMICONVEY,96.96,2026-07-28,-0.27,-3.0,-15.93,-13.61,-6.15,-34.84
VEDPOWER,35.66,2026-07-28,-3.54,-6.92,-15.94,,,
SUZLON,48.02,2026-07-28,-9.65,-9.55,-15.96,-16.22,0.46,-21.08
CADSYS,59.2,2026-07-27,-9.69,-11.64,-15.97,-6.18,23.08,-8.92
BLACKROSE,105.79,2026-07-28,4.99,8.82,-15.99,26.24,,
HBLENGINE,694.95,2026-07-28,-2.63,-4.89,-15.99,-13.17,-5.15,24.79
RBA,66.67,2026-07-28,-1.33,-0.12,-16.01,4.03,3.99,-17.82
SPRL,93.0,2026-07-27,-9.71,-16.22,-16.03,-15.45,-34.48,-36.73
MEDPLUS,700.65,2026-07-28,-2.27,-12.56,-16.09,-19.99,-11.01,-22.03
ZTECH,517.2,2026-07-27,-9.1,-12.28,-16.2,-16.39,-9.63,-10.69
JIWANRAM,4.9,2026-07-27,-4.85,-5.77,-16.24,-4.85,-6.67,-41.67
BANDHANBNK,168.84,2026-07-28,-0.35,-20.11,-16.32,-5.49,10.1,-2.66
SWSOLAR,206.39,2026-07-28,-0.9,-3.75,-16.33,-3.24,9.13,-27.58
SOLEX,912.1,2026-07-28,-2.93,-7.11,-16.4,-32.87,-9.22,-35.97
MTEDUCARE,1.92,2026-07-28,-4.0,6.08,-16.52,28.86,28.0,-21.31
AAREYDRUGS,77.15,2026-07-28,1.58,1.5,-16.59,-18.95,9.06,19.8
ISHAN,0.5,2026-07-27,0.0,-9.09,-16.67,-28.57,-28.57,-47.37
OWAIS,99.5,2026-07-27,1.22,-5.87,-16.74,-50.29,-57.81,-80.96
AMIABLE,70.7,2026-07-27,-3.08,-3.08,-16.77,-11.63,-3.02,-10.51
PATANJALI,342.95,2026-07-28,-1.12,1.11,-16.87,-26.06,-31.94,-44.29
AGIIL,307.75,2026-07-28,1.22,-7.93,-16.88,-14.02,20.83,44.18
POWERICA,548.15,2026-07-28,-3.1,-3.35,-16.98,13.48,,
ORTINGLOBE,14.43,2026-07-28,-0.55,-4.88,-17.26,-8.09,17.22,12.3
EMKAY,230.8,2026-07-28,-3.05,-4.82,-17.36,1.16,-12.48,-3.06
WALCHANNAG,226.15,2026-07-28,-3.15,-9.67,-17.39,-4.96,27.78,14.17
SHRENIK,0.33,2026-07-28,0.0,-8.33,-17.5,-15.38,-15.38,-42.11
VISHWAS,44.0,2026-07-27,-8.33,-12.44,-17.6,12.1,11.68,-25.42
HYBRIDFIN,18.03,2026-07-28,-3.89,-0.11,-17.6,-5.35,-20.29,12.55
BLUECOAST,24.41,2026-07-28,-4.98,-13.68,-17.65,-21.08,-7.19,-41.25
FMNL,9.04,2026-07-28,-1.53,-3.52,-17.67,1.69,9.44,-30.78
ALKALI,69.25,2026-07-28,-1.06,-18.48,-17.77,-0.2,0.2,-24.42
AURIONPRO,735.4,2026-07-28,-12.1,-12.43,-17.84,-15.78,-22.17,-45.23
PRAXIS,6.96,2026-07-28,-1.0,-5.56,-17.92,-13.22,-2.25,-40.15
TIRUPATI,418.45,2026-07-27,-9.74,-14.25,-17.95,-9.9,-38.46,-14.6
TIGERLOGS,31.13,2026-07-28,-2.26,-3.14,-17.97,-12.83,1.04,
CAPACITE,216.25,2026-07-28,-1.17,-2.55,-18.06,-14.86,-1.97,-30.38
DELPHIFX,6.77,2026-07-28,-4.11,-1.46,-18.14,-47.36,-55.73,-50.3
YUDIZ,23.0,2026-07-27,-4.17,-5.54,-18.15,-14.34,-8.0,-35.75
GVT&D,4124.0,2026-07-28,-1.86,-7.22,-18.22,-8.78,41.96,72.25
MFML,18.58,2026-07-28,-1.38,2.37,-18.26,-25.77,-22.52,-38.92
CEREBRAINT,2.98,2026-07-28,-0.67,-1.32,-18.36,-28.71,-46.01,-66.55
JETKNIT,62.45,2026-07-27,0.0,-9.69,-18.42,-29.99,-29.99,-43.2
MODISONLTD,259.0,2026-07-28,-4.87,-12.53,-18.53,53.42,71.49,57.59
SUPREMEPWR,209.05,2026-07-27,-4.26,-4.85,-18.59,-10.89,52.54,1.43
SABEVENTS,6.93,2026-07-28,-4.94,-12.61,-18.76,-29.21,-45.3,-1.56
KPITTECH,602.45,2026-07-28,2.95,7.35,-18.87,-17.97,-45.39,-49.38
GRANDOAK,37.22,2026-07-28,-4.98,-12.55,-19.02,31.29,,
POLYSIL,112.5,2026-07-27,-6.6,-1.83,-19.06,-29.0,-49.21,6.43
GALLANTT,574.6,2026-07-28,5.0,-7.35,-19.2,-32.61,9.55,-14.02
COOLCAPS,20.5,2026-07-27,-2.61,-10.48,-19.29,-23.22,-68.39,-74.03
CEWATER,286.25,2026-07-28,-1.8,-8.05,-19.45,-13.13,-27.19,-53.95
KREBSBIO,53.35,2026-07-28,-3.87,-1.75,-19.46,-11.29,-8.74,-30.36
NAGREEKEXP,21.28,2026-07-28,-6.79,-11.19,-19.85,-23.12,-12.5,-19.45
KALAMANDIR,87.87,2026-07-28,0.61,-3.74,-20.1,-15.03,-22.05,-51.36
PATELENG,27.06,2026-07-28,-3.29,-10.25,-20.11,-6.82,-6.53,-29.84
TCIFINANCE,14.79,2026-07-28,-2.5,-4.15,-20.18,3.43,-25.42,10.7
OSWALPUMPS,344.65,2026-07-28,-1.3,-11.54,-20.19,-16.78,-10.31,-51.81
TCC,262.3,2026-07-28,-2.56,-7.85,-20.33,-31.96,,
FOCUS,70.52,2026-07-28,-1.59,-6.31,-20.5,-11.25,-0.72,-27.22
ELECON,414.85,2026-07-28,-2.09,-8.82,-20.56,-13.18,6.81,-26.15
TEJASNET,494.3,2026-07-28,-3.65,-9.04,-20.63,19.76,45.79,-14.32
NARMADA,33.86,2026-07-28,2.67,-12.62,-20.76,1.8,19.44,59.57
SLONE,128.3,2026-07-27,7.18,1.02,-20.8,-37.08,-45.4,-59.33
NEUEON,15.62,2026-07-27,4.69,20.8,-21.03,-19.9,75.51,199.23
RMC,257.9,2026-07-28,-2.92,-7.68,-21.13,-47.86,,
WAAREEINDO,318.9,2026-07-28,-4.82,-16.41,-21.2,-29.11,-28.89,12.98
MEGAFLEX,100.0,2026-07-27,0.0,-4.76,-21.23,-31.03,-0.99,54.68
HCC,21.08,2026-07-28,-2.99,-7.14,-21.23,-5.89,4.3,-19.88
VENUSREM,1530.7,2026-07-28,-2.63,-9.63,-21.38,67.8,105.34,194.93
CIFL,20.18,2026-07-28,0.3,-3.68,-21.39,-26.67,-39.16,-44.22
REGENCERAM,33.01,2026-07-28,-1.76,-8.53,-21.4,-27.16,-28.22,-34.37
GODIGIT,245.65,2026-07-28,-3.59,-12.55,-21.43,-22.46,-25.61,-28.59
KRIDHANINF,2.32,2026-07-28,-0.85,-7.94,-21.62,-12.78,-38.79,-46.42
PRUDMOULI,12.54,2026-07-28,-3.54,-6.07,-21.63,-25.53,-37.17,-70.52
MAKS,18.05,2026-07-27,0.0,-17.39,-21.69,-30.58,-38.81,-39.33
NAGAFERT,2.62,2026-07-27,-4.73,-9.34,-21.79,-34.17,-43.9,-56.84
AGSTRA,2.1,2026-07-27,-4.98,-9.48,-21.93,-22.79,-43.55,-58.0
BLUECHIP,1.85,2026-07-28,-1.6,-9.76,-21.94,-6.57,-25.1,-61.46
GUJENERGY,268.3,2026-07-28,1.04,-1.23,-22.01,-31.11,-34.65,-39.98
SASKEN,1742.2,2026-07-28,-4.22,-7.99,-22.03,34.74,39.06,21.56
DPWIRES,165.73,2026-07-28,-1.27,-4.49,-22.2,-11.19,-2.43,-25.23
ORCHASP,1.54,2026-07-28,-3.75,-7.23,-22.22,-25.24,-40.08,-43.38
SHYAMTEL,16.0,2026-07-28,-0.06,2.89,-22.25,-22.07,57.79,12.68
DYNAMIC,140.6,2026-07-27,-11.85,-14.22,-22.26,-8.34,1.33,-0.18
GOCOLORS,313.65,2026-07-28,-4.78,-8.92,-22.27,0.59,-25.02,-62.89
MANAV,28.4,2026-07-27,-9.55,-14.07,-22.3,-32.54,3.27,68.05
GENSOL,17.44,2026-07-27,-4.96,-9.68,-22.49,-24.67,-27.87,-64.2
RELINFRA,60.04,2026-07-27,-4.98,-9.63,-22.51,-23.67,-55.21,-82.44
ESSENTIA,1.06,2026-07-28,-1.85,-8.62,-22.63,-21.48,-22.63,-47.78
QUADFUTURE,345.8,2026-07-28,-4.66,-15.3,-22.9,9.9,14.09,-23.5
SONUINFRA,43.0,2026-07-27,0.58,-0.69,-23.28,-23.49,-38.53,-64.46
BBOX,732.45,2026-07-28,-5.58,-12.56,-23.54,14.47,50.52,52.99
AKSHOPTFBR,5.55,2026-07-28,-1.94,0.0,-23.66,-11.2,3.16,-32.4
KIRLPNU,1442.3,2026-07-28,-3.18,-16.16,-23.71,-5.0,29.04,18.01
PALREDTEC,44.0,2026-07-28,-2.74,-9.37,-24.14,17.68,24.47,-24.81
GVPIL,746.4,2026-07-28,-4.29,-10.35,-24.4,27.49,161.39,163.61
SHUBHLAXMI,20.5,2026-07-27,2.76,-11.83,-24.91,-6.82,-40.67,25.77
VCL,0.99,2026-07-28,-2.94,-10.0,-25.0,-33.11,-54.17,-15.38
KHFM,47.8,2026-07-27,-2.35,-7.81,-25.2,-8.87,-36.69,-45.18
FLEXITUFF,4.52,2026-07-28,-2.16,-9.24,-25.41,-34.96,-59.96,-87.01
JALAN,1.6,2026-07-27,-11.11,-13.51,-25.58,-17.95,-54.93,-77.93
PANACEABIO,414.4,2026-07-28,-4.32,-24.5,-25.63,9.92,11.01,2.68
KOTYARK,33.55,2026-07-28,4.94,-2.92,-26.18,-9.84,87.15,53.76
TAKE,20.63,2026-07-28,-1.01,3.25,-26.37,-53.58,-46.35,95.92
ROLLT,2.25,2026-07-28,1.35,7.14,-26.71,28.57,82.93,43.31
MEP,0.53,2026-07-28,-1.85,-10.17,-28.38,-45.92,-63.45,-70.56
EUROTEXIND,12.85,2026-07-28,4.81,0.23,-28.49,-17.36,-1.83,-4.96
KSHITIJPOL,3.1,2026-07-28,3.33,30.8,-28.74,3.68,52.71,4.03
SHANTHALA,18.0,2026-07-27,-23.24,-21.23,-30.64,-30.9,-45.12,-43.66
MTARTECH,5467.0,2026-07-28,-5.0,-4.82,-31.46,3.3,102.36,272.67
DUGLOBAL,25.95,2026-07-27,-4.42,-19.03,-31.89,-40.0,-10.36,-40.55
PARSVNATH,1.89,2026-07-28,-1.56,-10.0,-32.74,-76.7,-78.84,-89.44
HARDWYN,11.49,2026-07-28,3.18,3.05,-34.95,-38.84,1.75,15.64
AQYLON,25.16,2026-07-28,0.72,-20.81,-36.38,-47.4,-86.24,-97.04
GIRIRAJ,81.5,2026-07-27,-26.51,-37.93,-37.31,-58.01,-52.6,-74.02
GSLSU,28.14,2026-07-28,-4.32,10.48,-38.45,-51.13,-66.51,-75.76
ELITECON,15.81,2026-07-28,-1.06,-11.53,-42.43,-58.45,,
TRIVENI,228.75,2026-07-28,-4.69,-51.37,-44.18,-43.59,-35.94,-35.96
TICL,9.23,2026-07-28,-0.32,-5.53,-45.9,-61.27,-58.89,-70.92
NATIONSTD,289.0,2026-07-28,-5.0,-26.44,-76.37,-79.48,,
VMARCIND,279.0,2026-07-27,-2.11,1.29,-82.35,-71.55,-52.47,-38.4
HEALTHADD,16.63,2026-07-28,0.06,0.06,-89.67,-88.95,-88.17,-88.91
MIDQ50ADD,24.92,2026-07-28,0.52,-0.12,-89.97,-89.64,-89.52,-89.98
PSUBANK,83.18,2026-07-28,-0.89,-3.8,-90.37,-90.36,-90.82,-88.07
