ticker,last_close,last_date,1W,2W,1M,3M,6M,12M
NV20,11864.0,2026-09-01,84885.67,85068.7,84101.56,84161.36,78106.99,7988.36
MBECL,223.65,2026-09-01,241.97,241.97,241.97,241.97,241.97,241.97
PVP,65.06,2026-09-01,-4.99,33.9,142.49,129.73,138.32,206.16
MODISONLTD,499.45,2026-09-01,10.0,25.87,86.08,68.86,267.88,213.28
CALSOFT,39.13,2026-09-01,4.99,33.96,83.54,85.71,211.54,135.72
MOREPENLAB,103.65,2026-09-01,-3.28,8.85,81.71,122.86,137.35,116.12
KALYANIFRG,1083.9,2026-09-01,18.55,59.44,81.13,85.87,76.21,59.54
BODALCHEM,126.76,2026-09-01,6.62,52.89,79.39,71.83,170.45,96.1
VIVO,160.0,2026-08-31,0.0,4.81,78.77,95.6,120.39,138.1
IMPEXFERRO,4.46,2026-09-01,1.83,11.78,78.4,125.25,162.35,119.7
NIRAJISPAT,390.6,2026-09-01,10.0,80.83,75.56,78.36,37.18,-19.59
VCL,1.83,2026-09-01,-4.69,-17.94,71.03,32.61,-14.08,77.67
SHAHALLOYS,113.0,2026-09-01,4.93,44.19,69.92,63.01,71.6,87.68
INDSWFTLAB,368.15,2026-09-01,0.9,12.49,64.15,124.22,153.32,276.05
AVADHSUGAR,823.3,2026-09-01,-3.74,-1.07,63.35,86.5,125.1,98.85
ROLLT,4.01,2026-09-01,1.26,4.97,63.01,96.57,184.4,234.17
MARINE,432.6,2026-09-01,7.92,12.98,62.63,72.21,125.25,159.62
KENNAMET,4558.2,2026-09-01,3.69,7.71,61.56,59.2,86.57,86.57
RATNAVEER,291.35,2026-09-01,-4.79,7.82,60.63,74.53,94.84,102.85
BIRLACABLE,325.35,2026-09-01,5.0,20.06,59.63,60.82,122.74,108.62
NEPHROCARE,101.85,2026-08-31,11.31,22.64,58.52,33.57,32.53,-34.31
CORDSCABLE,312.95,2026-09-01,10.78,23.51,55.29,37.31,82.03,80.3
WELCORP,2553.6,2026-09-01,6.8,5.99,54.71,85.98,210.46,201.97
AKSHARCHEM,384.65,2026-09-01,5.0,20.81,53.9,104.54,77.86,38.69
MANAV,36.0,2026-08-31,15.2,33.83,53.19,-18.74,-20.0,136.07
VIJIFIN,15.64,2026-09-01,1.96,12.36,53.18,309.42,644.76,361.36
SYNCOMF,20.07,2026-09-01,2.98,16.82,52.97,35.88,56.92,20.18
MANAKSTEEL,104.1,2026-09-01,4.6,19.13,52.24,54.06,79.73,74.96
GATECH,1.05,2026-09-01,-4.55,12.9,52.17,90.91,114.29,81.03
ESCONET,197.65,2026-08-31,5.05,2.94,51.05,54.41,68.14,9.74
VALIANTLAB,91.56,2026-09-01,-4.96,-8.91,50.74,14.01,59.85,5.72
RBA,99.96,2026-09-01,1.9,-6.1,50.0,47.11,57.29,21.15
ALLCARGO,11.92,2026-09-01,-0.25,-10.58,48.44,33.33,41.23,-62.29
DOLPHIN,583.3,2026-09-01,0.01,-5.38,48.12,47.04,40.44,37.09
OMAXE,126.77,2026-09-01,1.0,24.57,47.13,70.21,60.39,46.42
KABRAEXTRU,579.4,2026-09-01,-3.48,-5.19,46.7,158.2,126.24,101.32
STYLEBAAZA,398.15,2026-09-01,-0.67,0.34,46.7,22.83,30.48,17.81
HAPPYFORGE,2420.4,2026-09-01,0.35,10.47,46.45,69.92,81.94,169.47
SHILPAMED,889.7,2026-09-01,-6.28,3.96,45.55,78.21,164.28,109.48
ENTERO,1805.0,2026-09-01,-0.27,17.99,45.11,58.14,74.9,49.22
SUBEXLTD,17.88,2026-09-01,-3.25,-2.03,45.01,75.47,95.2,41.01
PRABHA,212.56,2026-09-01,3.89,-0.67,43.71,34.55,21.91,-16.07
KWIL,44.35,2026-09-01,-2.27,-8.8,43.48,57.21,69.79,
MANINDS,762.75,2026-09-01,1.3,6.22,43.29,56.73,65.12,96.86
SALSTEEL,82.43,2026-09-01,4.61,6.97,43.21,39.31,75.42,355.16
MENONBE,301.4,2026-09-01,5.01,15.5,43.12,113.55,161.94,140.85
MEP,0.74,2026-09-01,1.37,8.82,42.31,-18.68,-26.73,-50.99
AMBEY,27.3,2026-08-31,23.81,30.94,42.19,,,
PAR,140.6,2026-09-01,19.81,38.59,42.16,57.43,46.93,42.09
RPEL,1727.1,2026-09-01,-2.49,3.89,42.0,81.52,144.68,189.86
KOHINOOR,33.04,2026-09-01,-2.71,-9.4,41.99,30.54,31.79,-3.95
COMSYN,304.35,2026-09-01,2.44,5.25,41.68,98.87,96.56,112.83
BALUFORGE,621.9,2026-09-01,-1.38,-1.63,41.23,37.57,28.06,-1.21
PCCL,402.0,2026-08-31,15.17,30.33,41.05,49.08,71.83,121.06
QMSMEDI,161.31,2026-09-01,2.61,10.34,40.77,87.57,88.23,87.55
SETL,387.05,2026-09-01,4.75,23.92,40.69,177.75,210.26,116.45
TVSSRICHAK,5525.5,2026-09-01,0.11,12.58,40.56,41.69,40.46,93.74
NATCAPSUQ,201.37,2026-09-01,-5.18,22.28,40.54,25.91,30.87,2.49
SBCL,1047.9,2026-09-01,-2.07,4.84,40.1,43.68,133.98,109.8
KAMATHOTEL,233.89,2026-09-01,3.91,3.52,40.06,30.29,24.89,-22.1
SUDEEPPHRM,1230.9,2026-09-01,1.75,8.82,39.71,57.99,92.98,
MAHASTEEL,1394.1,2026-09-01,1.54,18.58,39.24,46.5,83.81,298.31
TFCILTD,141.07,2026-09-01,0.82,8.88,39.2,92.8,100.21,120.2
PLAZACABLE,58.92,2026-09-01,4.19,15.98,38.8,19.88,53.84,6.45
GICL,23.74,2026-09-01,-0.42,-0.63,38.26,-43.23,-50.95,-79.4
DCMNVL,189.67,2026-09-01,-1.08,10.37,38.07,23.02,48.28,15.73
SUPREMEENG,2.88,2026-09-01,1.77,11.63,37.8,213.04,185.15,166.67
DSKULKARNI,18.67,2026-09-01,1.97,10.21,37.79,37.79,37.79,37.79
TOTAL,66.7,2026-09-01,-2.83,-6.91,37.78,25.58,5.25,-1.58
INDOBORAX,516.05,2026-09-01,1.49,2.73,37.65,63.95,130.35,145.63
CYIENT,1164.6,2026-09-01,-0.87,28.11,37.38,28.48,27.32,-1.02
DYCL,542.4,2026-09-01,9.98,25.06,37.25,69.66,85.69,25.83
TNPETRO,132.35,2026-09-01,9.59,13.76,37.15,51.67,40.86,26.57
UFLEX,645.05,2026-09-01,-0.62,4.17,37.06,47.41,34.84,22.75
ATHERENERG,1725.6,2026-09-01,0.46,18.75,36.92,84.08,142.73,254.48
SHIVALIK,338.05,2026-09-01,4.92,24.5,36.75,24.6,17.24,-25.61
SAROJA,40.95,2026-08-31,13.43,24.85,36.5,26.0,27.77,-14.42
AKSHOPTFBR,7.42,2026-09-01,0.82,-5.72,36.4,19.29,52.67,2.49
SEL,308.4,2026-08-31,2.63,-1.78,36.25,49.82,71.33,25.88
GULFPETRO,67.51,2026-09-01,-0.16,-4.27,36.21,76.99,112.13,65.94
MAWANASUG,142.31,2026-09-01,-4.55,-5.64,36.01,49.24,80.54,67.72
ARIES,458.85,2026-09-01,-3.29,-0.04,35.98,41.01,39.81,6.12
UEL,208.72,2026-09-01,5.0,21.23,35.77,51.73,16.41,84.16
TPHQ,0.57,2026-09-01,3.64,-3.39,35.71,14.0,-1.72,-20.83
YUKEN,972.05,2026-09-01,-1.72,4.34,35.43,43.82,24.42,-1.26
IVP,205.84,2026-09-01,2.44,13.42,35.42,24.48,51.91,25.48
BLISSGVS,630.4,2026-09-01,2.21,11.59,35.38,56.95,197.87,300.28
SURAKSHA,340.8,2026-09-01,0.66,5.48,35.16,20.98,25.55,13.73
EMIL,175.7,2026-09-01,-2.72,-4.24,34.99,54.34,74.86,40.31
TDPOWERSYS,758.05,2026-09-01,-2.44,-2.83,34.18,23.31,68.0,196.13
CLSL,88.3,2026-08-31,5.12,20.71,33.99,104.16,83.96,52.24
SIGIND,70.09,2026-09-01,-0.76,2.25,33.99,40.18,49.76,26.86
VIVIMEDLAB,6.8,2026-09-01,-1.88,3.82,33.86,5.92,-10.17,37.37
TIJARIA,6.73,2026-09-01,8.37,14.65,33.8,54.71,45.67,-4.94
PRECWIRE,497.3,2026-09-01,-1.64,15.91,33.47,14.28,59.51,187.67
DALMIASUG,467.85,2026-09-01,-3.37,-2.68,33.33,39.82,55.59,27.66
UTTAMSUGAR,296.3,2026-09-01,-5.05,-11.3,33.27,26.63,49.43,14.1
HATSUN,1178.5,2026-09-01,-1.0,12.83,33.1,26.22,33.89,33.83
RAMBHAJO,237.07,2026-09-01,-1.35,11.36,32.95,,,
TBZ,366.8,2026-09-01,19.99,28.16,32.74,111.57,149.42,97.78
DWARKESH,49.14,2026-09-01,-6.26,-10.56,32.67,10.59,32.09,22.32
MANYAVAR,546.85,2026-09-01,0.29,2.42,31.88,37.04,40.24,-25.95
DIVGIITTS,1268.8,2026-09-01,6.92,3.91,31.79,57.34,75.67,94.86
LUMAXTECH,2060.0,2026-09-01,-0.89,4.87,31.78,17.35,17.6,66.55
FMGOETZE,624.85,2026-09-01,0.0,29.27,31.73,46.51,53.45,14.32
QPOWER,1488.0,2026-09-01,3.64,13.31,31.32,42.08,71.58,83.97
MACPOWER,1911.3,2026-09-01,-3.92,-2.65,31.07,108.94,92.34,122.45
MMP,383.25,2026-09-01,-2.59,-2.75,31.03,43.0,53.73,39.8
PRESSTONIC,34.0,2026-08-31,-4.9,16.24,31.02,5.26,-34.62,-60.26
BAJAJHIND,21.92,2026-09-01,-2.45,-9.53,30.87,15.13,35.64,7.87
UGARSUGAR,53.15,2026-09-01,-4.39,-8.38,30.62,32.01,45.61,22.48
ROLEXRINGS,178.68,2026-09-01,-1.06,-1.39,30.47,29.76,32.84,28.92
IOLCP,190.48,2026-09-01,-1.66,12.66,30.17,51.33,160.75,107.28
ALPHAGEO,286.45,2026-09-01,-1.87,-10.38,30.13,41.72,43.07,20.64
KRN,1527.4,2026-09-01,-1.65,3.82,30.06,45.19,53.04,71.13
VINDHYATEL,2576.7,2026-09-01,1.62,7.88,29.75,18.36,146.49,74.94
AARTIPHARM,865.2,2026-09-01,2.34,2.62,29.69,34.69,19.55,1.01
PREMIERPOL,90.44,2026-09-01,-0.15,1.48,29.61,63.9,72.76,83.69
URBANCO,167.63,2026-09-01,0.31,-0.72,29.55,39.69,56.52,
MANALIPETC,84.04,2026-09-01,2.8,12.19,29.51,41.17,51.67,24.36
DBOL,126.76,2026-09-01,-0.38,-1.32,29.51,19.73,25.33,52.03
VARROC,877.0,2026-09-01,1.74,7.95,29.39,52.66,62.45,57.26
VMARCIND,359.15,2026-08-31,-9.5,-0.29,29.31,-74.09,-48.87,-23.58
GEEKAYWIRE,29.09,2026-09-01,8.95,29.4,29.17,33.07,16.59,-16.18
SOTL,771.4,2026-09-01,12.04,13.14,29.13,84.94,104.94,92.65
SHANTIGEAR,530.65,2026-09-01,0.98,-3.34,28.7,21.12,18.44,-4.3
SONAMLTD,70.59,2026-09-01,-9.29,9.59,28.55,23.0,43.6,40.67
AARTISURF,514.45,2026-09-01,-1.18,-5.49,28.34,36.77,27.04,13.2
PTCIL,22755.0,2026-09-01,2.9,5.0,28.29,23.07,26.87,64.41
AVALON,2318.6,2026-09-01,-2.3,9.4,28.25,59.71,127.49,175.16
UCAL,146.87,2026-09-01,-2.01,4.07,28.24,48.38,35.25,11.42
CTE,44.78,2026-09-01,-1.3,-13.88,28.24,41.13,58.07,10.21
NEWJAISA,17.95,2026-08-31,5.9,0.56,28.21,-13.7,11.84,-38.74
CYIENTDLM,857.2,2026-09-01,1.68,16.49,27.93,97.97,174.22,101.34
MAXESTATES,503.0,2026-09-01,-1.85,-8.4,27.92,11.79,24.86,13.38
LANCORHOL,33.46,2026-09-01,0.27,2.58,27.91,38.26,38.55,34.44
INFINIUM,263.0,2026-08-31,18.42,9.86,27.67,23.04,24.44,4.16
GKSL,162.45,2026-09-01,2.73,6.5,27.59,19.92,42.84,
DHAMPURSUG,172.82,2026-09-01,-3.55,-4.41,27.56,23.41,38.37,39.27
MARC,147.0,2026-08-31,3.05,21.69,27.55,65.17,140.98,
KANPRPLA,262.2,2026-09-01,-2.06,-4.99,27.32,36.85,49.06,22.45
PAUSHAKLTD,801.6,2026-09-01,5.75,4.29,27.3,84.85,74.74,
ARABIAN,88.0,2026-08-31,6.02,1.68,27.26,27.54,25.71,17.73
WELSPUNLIV,198.41,2026-09-01,1.12,4.19,27.23,36.79,58.41,78.63
SHEKHAWATI,15.98,2026-09-01,-2.8,-12.77,27.23,8.27,22.92,-26.19
SHARDUL,52.77,2026-09-01,1.56,1.32,27.13,89.62,,
RAMRAT,570.2,2026-09-01,1.15,17.36,27.13,43.31,78.86,60.45
MANINFRA,124.56,2026-09-01,1.58,9.57,27.0,9.15,17.85,-21.2
AEROFLEX,552.05,2026-09-01,5.07,9.48,26.78,42.29,135.21,216.17
TIIL,3267.5,2026-09-01,-0.43,-5.05,26.62,36.98,44.57,33.17
CORDELIA,103.92,2026-09-01,0.26,-0.42,26.61,,,
RANASUG,14.94,2026-09-01,-4.48,-6.16,26.5,23.27,34.59,4.99
PRIZOR,1109.1,2026-08-31,8.7,32.01,26.47,68.36,221.8,294.0
ALBERTDAVD,871.7,2026-09-01,-2.92,-1.91,26.46,24.3,23.4,7.63
FINCABLES,1248.3,2026-09-01,0.09,-3.35,26.4,26.13,36.62,49.62
UMAEXPORTS,25.44,2026-09-01,-1.97,4.48,26.38,1.03,-7.02,-51.3
MOLDTECH,192.76,2026-09-01,-1.64,-0.44,26.18,63.43,44.51,17.35
AMBALALSA,43.92,2026-09-01,-3.73,0.02,26.06,23.27,,
TRIVENI,277.95,2026-09-01,-5.98,-6.06,26.04,-23.66,-29.3,-19.84
FROG,248.2,2026-08-31,12.79,17.52,25.99,51.48,72.54,4.73
ENGINERSIN,280.05,2026-09-01,6.94,9.9,25.93,24.62,27.22,41.01
ABMINTLLTD,55.0,2026-09-01,-0.33,-5.77,25.83,22.03,34.15,31.89
PONNIERODE,380.2,2026-09-01,-5.73,-9.87,25.62,26.11,41.63,35.55
CMNL,118.0,2026-08-31,6.79,12.33,25.53,-6.72,13.46,-21.33
BOSCH-HCIL,1745.5,2026-09-01,0.76,3.79,25.46,24.64,23.91,0.74
CNL,1245.5,2026-09-01,-2.66,3.6,25.4,96.7,87.11,93.71
GMMPFAUDLR,1083.8,2026-09-01,3.97,9.55,25.38,38.19,16.29,-7.37
ARCHIDPLY,101.72,2026-09-01,-3.97,-8.78,25.36,31.98,25.7,2.46
RSL,176.74,2026-09-01,-0.52,5.84,25.32,41.63,,
SOLARA,643.45,2026-09-01,1.71,2.28,25.29,17.55,39.21,1.37
UNIPARTS,901.15,2026-09-01,0.86,11.5,25.18,53.71,98.89,142.14
SIGMAADV,780.45,2026-09-01,-0.19,18.29,25.16,83.03,388.21,515.25
MARKSANS,322.4,2026-09-01,0.25,-0.46,25.14,35.45,85.87,93.16
SLONE,174.5,2026-08-31,10.13,21.77,25.04,3.28,-3.03,-41.25
MAHAPEXLTD,56.17,2026-09-01,-0.86,-6.35,25.04,17.39,-38.23,-45.08
DIFFNKG,477.5,2026-09-01,-1.65,19.33,24.93,48.07,81.52,32.66
JUBLCPL,2222.0,2026-09-01,-4.03,4.46,24.93,29.14,20.54,-24.81
REMUS,899.45,2026-08-31,-3.0,-0.87,24.92,29.21,34.45,0.96
ALIVUS,1443.7,2026-09-01,3.07,6.06,24.9,38.25,58.9,54.71
STLTECH,693.7,2026-09-01,-4.77,5.35,24.53,23.23,335.8,550.45
AVTNPL,88.41,2026-09-01,-3.96,1.45,24.48,27.79,37.66,23.49
KIRIINDUS,515.95,2026-09-01,-2.82,2.7,24.43,32.48,13.85,-2.24
SABAR,7.9,2026-08-31,8.97,13.67,24.41,47.66,44.95,-0.63
SETUINFRA,0.51,2026-09-01,4.08,13.33,24.39,-5.56,27.5,-33.77
UCL,254.8,2026-08-31,0.0,-2.0,24.32,63.6,240.19,409.6
JGCHEM,626.3,2026-09-01,-1.11,2.98,24.32,43.93,73.13,35.47
LAMBODHARA,141.38,2026-09-01,0.0,-0.22,24.29,19.47,33.26,15.16
SUVEN,381.6,2026-09-01,-2.67,3.2,24.26,38.84,161.24,83.27
SAPPHIRE,229.96,2026-09-01,-1.9,-7.76,24.23,30.04,12.57,-29.35
FCL,48.83,2026-09-01,-3.86,-1.59,24.19,19.42,106.82,104.56
AZAD,2844.3,2026-09-01,-0.61,1.72,24.07,43.63,66.02,78.97
BHAGERIA,263.2,2026-09-01,4.99,17.85,24.05,73.8,72.59,33.34
SIMBHALS,8.27,2026-09-01,-1.9,-4.83,23.99,3.76,-2.59,-41.1
KOTARISUG,31.34,2026-09-01,-4.97,-19.97,23.97,26.58,25.86,4.05
GIRIRAJ,82.9,2026-08-31,-5.42,20.49,23.92,-43.14,-38.32,-74.6
TURTLEMINT,148.81,2026-09-01,3.25,0.62,23.91,,,
RAJSREESUG,36.23,2026-09-01,-4.15,-8.69,23.69,1.48,31.27,-3.95
GHCLTEXTIL,140.45,2026-09-01,4.21,13.07,23.61,42.12,85.0,81.74
ABSMARINE,272.3,2026-08-31,4.79,10.67,23.46,-4.51,61.7,43.58
VINYAS,1545.55,2026-08-31,-3.59,16.16,23.37,29.05,57.28,26.82
TCPLPACK,3860.2,2026-09-01,-1.23,-2.81,23.36,50.96,46.05,14.03
GIPCL,198.8,2026-09-01,-0.28,11.44,23.35,22.37,40.77,10.32
UMA,18.55,2026-08-31,12.77,19.29,23.26,-5.84,2.2,-21.23
SUNDRMFAST,1204.7,2026-09-01,0.07,-1.19,23.25,43.58,38.65,19.31
EIMCOELECO,2193.4,2026-09-01,-0.09,-2.33,23.17,43.97,39.34,-3.59
VIPULLTD,14.84,2026-09-01,-1.98,-7.65,23.15,64.71,12.42,51.43
EBGNG,650.5,2026-09-01,6.2,7.82,23.05,51.72,68.63,84.15
ASIANHOTNR,369.2,2026-09-01,0.76,22.62,23.03,20.71,27.44,11.84
MCX,3303.0,2026-09-01,-2.85,1.32,22.99,14.55,35.52,112.44
SUDARSCHEM,1240.7,2026-09-01,-2.06,0.37,22.92,37.46,42.05,-15.32
FOSECOIND,6308.5,2026-09-01,-1.92,17.74,22.89,26.46,19.06,3.37
AMDIND,57.02,2026-09-01,1.33,6.46,22.81,20.68,37.4,14.41
APLAPOLLO,2234.0,2026-09-01,0.48,4.15,22.78,24.92,-0.03,36.24
LUMAXIND,6422.5,2026-09-01,3.03,10.57,22.7,17.23,7.25,49.39
OAL,446.3,2026-09-01,-3.79,31.85,22.6,43.07,62.33,36.29
JALAN,1.9,2026-08-31,-2.56,11.76,22.58,-7.32,-28.3,-67.24
ASIANENE,488.4,2026-09-01,3.58,4.6,22.54,39.17,67.15,37.21
PRUDMOULI,16.42,2026-09-01,-0.48,2.63,22.45,4.39,-6.17,-58.51
ROCKINGDCE,230.1,2026-08-31,2.7,37.41,22.39,4.59,19.72,12.9
SIGACHI,31.72,2026-09-01,-2.76,4.03,22.38,41.92,57.11,-1.3
RUBICON,1822.2,2026-09-01,0.14,2.6,22.33,55.75,133.74,
JYOTICNC,989.1,2026-09-01,-0.59,0.9,22.31,68.93,20.56,10.29
ORIENTBELL,390.45,2026-09-01,0.01,2.83,22.3,18.05,30.26,33.91
WAKEFIT,152.92,2026-09-01,4.18,10.96,22.2,26.63,-18.15,
MHLXMIRU,172.57,2026-09-01,-3.21,-8.78,22.16,-3.73,-0.28,-20.76
KHADIM,118.47,2026-09-01,1.99,16.32,22.15,18.64,-1.59,-51.0
JAIBALAJI,70.44,2026-09-01,-2.38,7.51,22.06,-0.55,2.21,-31.08
HFCL,236.64,2026-09-01,-5.0,-0.75,22.03,29.82,245.41,232.23
GENESYS,225.93,2026-09-01,-0.62,26.54,21.96,-12.45,-24.85,-61.37
ICDSLTD,49.22,2026-09-01,19.99,20.05,21.86,15.84,19.76,1.9
RACLGEAR,1537.9,2026-09-01,0.14,1.61,21.83,21.25,9.76,72.36
TIMEX,647.45,2026-09-01,-4.71,8.77,21.69,43.88,,
VPRPL,32.89,2026-09-01,-1.67,-2.0,21.68,-13.26,-25.59,-72.58
PAYTM,1633.5,2026-09-01,-4.87,0.62,21.63,49.18,48.73,32.18
BLUECHIP,2.14,2026-09-01,-1.83,7.54,21.59,-8.15,-21.03,-51.47
LYKALABS,73.86,2026-09-01,-1.99,-1.64,21.48,28.72,18.46,-25.88
DEVYANI,138.69,2026-09-01,-0.06,-6.99,21.47,21.58,8.83,-20.82
MTARTECH,6946.5,2026-09-01,-1.38,1.97,21.32,-1.74,82.48,380.43
APARINDS,17400.0,2026-09-01,-1.71,4.16,21.27,35.93,55.63,123.02
QUADFUTURE,419.15,2026-09-01,-0.57,-6.29,21.16,29.73,42.88,-2.19
UNIVCABLES,1644.6,2026-09-01,-0.22,0.79,21.07,50.92,137.55,133.56
HOACFOODS,870.9,2026-08-31,7.35,7.52,20.96,48.36,139.69,324.83
NEULANDLAB,23025.0,2026-09-01,0.07,0.52,20.91,34.13,79.86,72.16
INDORAMA,68.01,2026-09-01,3.17,8.62,20.91,58.79,91.96,35.53
PARAGMILK,259.1,2026-09-01,1.84,7.68,20.9,15.34,27.98,12.95
SKYGOLD,778.25,2026-09-01,-3.57,-2.47,20.9,49.09,115.37,171.74
KRBL,424.1,2026-09-01,0.44,-3.13,20.79,22.7,24.86,-4.35
SAKHTISUG,20.4,2026-09-01,-3.77,-8.93,20.78,14.16,27.34,-6.16
NDL,2.85,2026-09-01,0.71,-6.25,20.76,9.62,6.74,-14.41
CANARYS,24.45,2026-08-31,7.24,15.33,20.74,13.46,4.71,-21.51
GFLLIMITED,56.3,2026-09-01,3.93,1.61,20.71,19.76,23.11,-6.8
PANACHE,519.4,2026-09-01,-2.0,-5.31,20.65,46.23,52.7,113.6
PRAENG,24.44,2026-09-01,13.73,29.52,20.63,16.27,15.94,-5.45
DCBBANK,224.39,2026-09-01,2.84,12.34,20.58,29.41,21.94,83.98
ELANTAS,11297.0,2026-09-01,-2.65,-3.34,20.57,19.34,,
JINDALSAW,309.75,2026-09-01,0.03,7.83,20.55,28.59,68.64,56.47
KAPSTON,572.3,2026-09-01,-2.47,11.73,20.51,67.14,39.06,134.38
AEROENTER,143.39,2026-09-01,3.87,3.29,20.41,52.87,83.26,63.98
RUDRA,20.79,2026-09-01,0.97,-4.02,20.38,13.79,5.32,
ASKAUTOLTD,635.65,2026-09-01,-3.67,3.29,20.38,44.65,53.6,27.26
MOL,64.85,2026-09-01,1.42,0.65,20.36,35.73,22.96,-20.83
UNITEDPOLY,36.91,2026-09-01,-1.81,-3.86,20.27,8.85,49.68,17.96
MMFL,657.45,2026-09-01,1.13,3.41,20.22,49.63,44.5,114.0
TRUST,34.25,2026-08-31,37.0,30.73,20.18,14.93,-6.8,-41.26
MATRIMONY,519.0,2026-09-01,0.06,-0.47,20.16,25.71,29.99,3.78
ELECTCAST,83.83,2026-09-01,0.47,12.48,20.14,10.81,22.8,-12.78
E2E,620.9,2026-09-01,0.35,1.31,20.06,50.76,141.43,173.52
DOLLEX,36.3,2026-08-31,9.5,13.26,20.0,15.42,16.91,-12.74
OILCOUNTUB,67.23,2026-09-01,5.0,13.14,19.84,23.72,41.96,-18.01
IITL,153.0,2026-09-01,-2.98,-1.16,19.83,4.13,16.75,-11.43
BAHETI,861.8,2026-08-31,3.86,9.23,19.81,45.1,44.34,52.9
KRONOX,181.19,2026-09-01,2.17,-11.77,19.76,35.18,51.21,10.65
SGMART,835.05,2026-09-01,3.95,2.9,19.75,45.76,80.86,
JAYSREETEA,98.12,2026-09-01,1.9,-5.38,19.72,18.93,19.97,-0.54
ELLEN,315.4,2026-09-01,-2.13,-1.87,19.72,28.29,37.58,-38.94
BIL,885.45,2026-09-01,3.9,5.98,19.56,20.39,16.86,6.26
RNBDENIMS,10.83,2026-09-01,4.94,33.54,19.54,-5.74,-80.98,
SIL,19.77,2026-09-01,3.24,-1.89,19.46,26.0,32.23,13.01
TARMAT,58.92,2026-09-01,-3.96,17.51,19.44,12.44,-17.18,17.86
AVONMORE,13.34,2026-09-01,-3.26,-1.77,19.43,23.98,-8.63,-30.88
PNGSREVA,511.25,2026-09-01,-4.72,-5.51,19.42,35.57,,
KRITINUT,86.65,2026-09-01,-0.59,-2.29,19.39,-7.02,23.31,-12.47
UNIMECH,1475.1,2026-09-01,-1.0,-1.62,19.35,55.95,68.28,42.01
CUPID,275.05,2026-09-01,-1.93,-3.97,19.27,113.07,238.23,696.74
MOTILALOFS,1016.0,2026-09-01,-2.58,2.63,19.26,19.29,40.11,14.38
KMEW,2936.0,2026-09-01,0.4,8.23,19.19,69.29,83.76,213.01
YATHARTH,974.8,2026-09-01,-2.7,7.41,19.17,23.02,37.46,39.17
SHIGAN,77.5,2026-08-31,14.78,25.88,19.16,-2.5,27.53,5.76
WELENT,705.55,2026-09-01,2.95,8.9,19.12,38.73,46.22,50.86
ROSSTECH,1136.2,2026-09-01,2.36,7.83,19.09,13.82,56.88,63.99
SHALPAINTS,79.38,2026-09-01,-1.81,-6.34,19.05,59.98,43.26,11.47
DTIL,153.5,2026-09-01,-5.07,9.71,19.01,18.47,12.05,-18.72
BOSCHLTD,48550.0,2026-09-01,-2.9,0.94,18.95,33.14,34.16,19.82
BAFNAPH,312.6,2026-09-01,2.74,22.8,18.9,125.72,194.49,198.17
AAREYDRUGS,92.49,2026-09-01,4.85,18.43,18.79,19.54,20.54,46.44
MILTON,38.0,2026-08-31,-5.35,-6.17,18.75,-6.17,-20.83,31.49
DCMSRIND,46.61,2026-09-01,-3.66,-12.16,18.72,28.07,29.8,-69.9
KAYA,327.15,2026-09-01,-3.01,-10.94,18.64,40.44,1.07,-20.55
NAHARINDUS,134.32,2026-09-01,-1.56,-9.0,18.54,11.9,38.36,24.67
ALMONDZ,17.49,2026-09-01,-0.23,23.17,18.5,31.7,8.5,-10.49
GILLANDERS,105.83,2026-09-01,0.29,3.49,18.5,13.91,14.42,-11.51
ATLANTAELE,1823.6,2026-09-01,-0.37,0.23,18.49,-8.07,94.76,
MUKKA,26.7,2026-09-01,7.62,3.49,18.46,19.95,17.31,-0.52
GLOBECIVIL,46.21,2026-09-01,-1.03,9.71,18.37,13.71,-8.64,-41.02
AKUMS,779.05,2026-09-01,0.3,1.13,18.33,49.19,60.35,67.68
VINCOFE,176.85,2026-09-01,-4.8,11.24,18.31,23.0,21.55,20.0
APOLLOPIPE,609.85,2026-09-01,-2.74,0.1,18.28,26.6,70.59,49.61
HALDER,292.25,2026-09-01,0.71,-1.46,18.27,30.35,16.78,
LENSKART,663.75,2026-09-01,0.2,0.61,18.23,27.9,23.51,
CHEMBONDCH,267.6,2026-09-01,4.32,-2.3,18.19,46.7,83.15,44.07
DVL,282.5,2026-09-01,3.49,-0.39,18.02,18.31,15.38,-17.37
MSTCLTD,729.55,2026-09-01,-2.87,-0.14,18.01,64.2,59.57,61.58
AIMTRON,1635.8,2026-08-31,-2.71,-1.62,17.98,42.57,109.73,137.83
CYBERMEDIA,18.66,2026-09-01,1.63,6.39,17.88,6.2,28.51,12.82
ADOR,1700.8,2026-09-01,-0.26,4.64,17.73,57.07,64.2,78.82
LMW,19011.0,2026-09-01,0.19,-2.8,17.7,22.08,29.06,35.05
VSSL,354.85,2026-09-01,-0.37,1.96,17.59,32.26,39.65,41.78
WINDLAS,1008.35,2026-09-01,1.42,1.67,17.56,24.95,34.57,1.32
GODREJAGRO,654.4,2026-09-01,6.35,14.26,17.53,15.57,4.2,-10.12
INDGN,605.4,2026-09-01,-1.02,6.84,17.52,19.29,22.52,11.09
SAHYADRI,352.8,2026-09-01,-0.95,0.44,17.52,27.6,42.5,40.08
ANDHRSUGAR,96.49,2026-09-01,-3.16,-2.81,17.48,20.75,30.69,30.02
THEMISMED,123.57,2026-09-01,-0.95,2.28,17.44,17.29,44.02,23.22
KDDL,3877.4,2026-09-01,-1.33,0.75,17.43,43.53,59.26,64.02
ACCENTMIC,596.65,2026-08-31,1.12,1.54,17.43,35.27,70.54,111.2
TI,545.7,2026-09-01,-2.74,-5.69,17.32,25.68,20.22,13.76
GUJTHEM,419.95,2026-09-01,-0.53,2.0,17.29,5.3,36.21,9.45
GANDHAR,261.8,2026-09-01,1.58,2.02,17.27,67.71,88.16,82.38
VILINBIO,46.9,2026-08-31,8.69,9.07,17.25,0.75,34.19,74.35
REMSONSIND,97.44,2026-09-01,-1.06,18.02,17.13,5.93,-12.56,-20.28
SIGNORIA,166.0,2026-08-31,2.47,5.06,17.11,177.59,107.89,66.0
GVPTECH,8.23,2026-09-01,-4.19,12.59,17.07,23.95,17.91,-21.02
SHREEPUSHK,464.45,2026-09-01,-1.29,8.8,17.06,29.97,46.21,48.2
SANGANI,52.5,2026-08-31,-4.28,-5.32,17.06,8.36,14.88,-21.52
IMAGICAA,55.0,2026-09-01,-2.29,11.04,17.05,23.32,28.32,-2.98
DHUNINV,987.3,2026-09-01,-0.13,2.0,16.99,19.21,1.23,-29.67
SECMARK,148.51,2026-09-01,-9.04,17.87,16.94,18.25,15.57,15.12
SREEL,249.74,2026-09-01,0.78,0.01,16.92,23.04,22.35,5.65
AYMSYNTEX,294.2,2026-09-01,4.9,18.37,16.83,31.93,48.25,53.03
RGL,136.96,2026-09-01,1.29,3.51,16.79,32.87,15.58,23.83
SINGERIND,75.65,2026-09-01,-1.05,-4.37,16.78,9.81,,
JTLIND,87.97,2026-09-01,-2.18,10.63,16.69,31.48,38.25,13.85
KHAICHEM,55.02,2026-09-01,-0.95,1.96,16.69,1.74,-2.8,-54.71
MAHSEAMLES,649.6,2026-09-01,-0.55,3.91,16.66,7.26,17.36,1.68
SANSERA,3903.0,2026-09-01,-2.86,1.53,16.62,39.08,66.64,206.34
SMVD,17.0,2026-08-31,0.0,11.11,16.44,54.55,83.78,104.82
IGPL,548.35,2026-09-01,2.53,9.44,16.36,34.78,53.43,25.5
THELEELA,575.35,2026-09-01,0.87,4.67,16.33,40.4,26.85,41.96
FONEBOX,100.0,2026-08-31,10.5,1.52,16.28,12.04,31.41,16.28
PITTIENG,1074.7,2026-09-01,-2.86,-2.14,16.25,17.17,18.09,17.21
KTKBANK,330.9,2026-09-01,-1.27,-0.71,16.21,24.54,63.1,94.99
PROV,1881.0,2026-08-31,3.35,-1.26,16.11,15.75,56.75,104.46
SILINV,485.25,2026-09-01,-0.72,0.53,16.07,15.57,11.96,-12.57
VISHWARAJ,5.94,2026-09-01,-2.3,-12.52,16.02,1.19,1.37,-36.27
NITINSPIN,630.75,2026-09-01,0.53,8.72,15.9,25.1,66.18,78.46
ATLANTAA,40.68,2026-09-01,5.12,7.05,15.9,-1.07,0.35,13.35
BANG,34.27,2026-09-01,-1.69,0.68,15.89,-12.46,-17.46,-30.99
KOPRAN,217.58,2026-09-01,-0.11,12.22,15.85,12.94,67.88,42.27
COFORGE,1988.9,2026-09-01,0.18,6.19,15.84,36.74,68.5,13.76
GLAND,2875.0,2026-09-01,-0.37,2.62,15.73,26.36,58.97,54.81
RKFORGE,753.6,2026-09-01,1.34,3.45,15.73,31.12,36.79,31.81
SOMANYCERA,563.15,2026-09-01,1.05,2.0,15.65,7.48,39.02,27.37
WELINV,2170.1,2026-09-01,-1.99,2.21,15.44,18.91,69.35,121.55
SAILIFE,1518.1,2026-09-01,4.0,5.72,15.44,32.56,52.08,79.64
UTLSOLAR,439.15,2026-09-01,-4.75,-4.5,15.41,44.17,133.75,
KHAITANLTD,149.45,2026-09-01,7.43,-1.64,15.41,11.54,58.06,37.97
WSTCSTPAPR,653.6,2026-09-01,6.83,6.54,15.34,28.31,55.83,28.69
VITAL,54.75,2026-09-01,3.19,1.8,15.31,5.35,8.74,-4.12
VOEPL,551.45,2026-09-01,-0.84,10.69,15.22,,,
QUESS,379.5,2026-09-01,-0.59,12.08,15.21,85.36,98.37,47.39
SERVICE,71.45,2026-08-31,11.29,13.41,15.15,40.1,37.4,29.91
SILKFLEX,242.95,2026-08-31,10.18,17.37,15.14,38.87,73.91,203.69
GARFIBRES,842.7,2026-09-01,3.67,4.24,15.12,31.13,31.34,11.59
SSWL,357.25,2026-09-01,16.88,21.22,15.11,81.95,66.17,60.5
PINELABS,159.89,2026-09-01,-2.52,1.49,15.05,11.15,-15.94,
SEAMECLTD,1678.8,2026-09-01,0.24,1.44,14.94,3.47,27.67,71.39
MUNJALAU,115.46,2026-09-01,-0.29,2.96,14.93,33.71,41.58,31.12
KINGFA,6030.0,2026-09-01,-0.34,4.98,14.89,13.86,36.92,37.25
RMDRIP,21.77,2026-09-01,2.06,18.25,14.88,27.68,-47.09,-49.49
EMUDHRA,533.1,2026-09-01,-2.69,-2.51,14.87,13.69,24.87,-26.4
VIAZ,73.5,2026-08-31,0.34,9.7,14.84,16.76,13.25,6.83
MAZDA,249.4,2026-09-01,-0.96,5.91,14.84,7.18,26.35,-12.66
CHENNPETRO,1387.0,2026-09-01,1.43,-1.78,14.83,31.96,51.67,112.35
GALAXYSURF,2229.4,2026-09-01,-1.16,-3.76,14.65,27.67,14.88,-1.19
NECLIFE,12.13,2026-09-01,-3.27,13.15,14.65,0.33,-0.57,-14.7
ISFT,93.21,2026-09-01,-1.25,6.64,14.64,8.78,30.88,-6.57
DELAPLEX,108.3,2026-08-31,28.17,20.33,14.6,3.88,4.89,-16.24
DURLAX,65.4,2026-08-31,2.19,2.03,14.44,9.18,35.54,63.5
PRICOLLTD,797.0,2026-09-01,-0.78,0.77,14.4,41.68,32.22,67.5
TRIGYN,61.45,2026-09-01,1.14,16.58,14.39,9.3,17.92,-18.73
PALREDTEC,50.5,2026-09-01,-4.91,-13.36,14.38,8.02,55.15,0.54
MANORAMA,1834.0,2026-09-01,-3.0,-3.95,14.3,27.55,28.58,38.58
ANTHEM,924.5,2026-09-01,3.52,4.66,14.25,22.92,32.18,13.83
SPORTKING,229.91,2026-09-01,1.41,7.0,14.24,23.83,99.06,105.13
MANGLMCEM,1084.0,2026-09-01,1.14,3.69,14.24,30.69,19.47,47.65
POLICYBZR,1829.2,2026-09-01,-2.44,2.48,14.22,9.44,23.46,0.7
SAIL,193.0,2026-09-01,-1.03,7.43,14.18,-5.25,16.47,61.38
MARINETRAN,16.1,2026-08-31,0.0,-5.85,14.18,1.26,-20.69,0.63
NAVINFLUOR,8636.0,2026-09-01,-0.46,5.48,14.12,23.55,38.2,85.18
IPCALAB,1987.6,2026-09-01,0.64,3.5,14.11,33.82,30.45,45.57
BALRAMCHIN,668.85,2026-09-01,-3.55,-3.83,14.1,25.51,42.13,24.42
GYFTR,182.15,2026-09-01,4.31,13.41,14.07,,,
IFCI,87.26,2026-09-01,-2.72,5.8,14.01,29.81,45.48,66.15
MEDICAMEQ,267.4,2026-09-01,2.27,14.5,14.01,-1.0,-11.22,-22.71
CRAFTSMAN,11253.0,2026-09-01,0.49,6.18,13.97,28.45,49.7,57.37
RISHABH,695.7,2026-09-01,-1.38,-0.55,13.95,41.97,67.1,58.49
EPIGRAL,1239.5,2026-09-01,3.01,3.06,13.85,7.13,39.59,-31.16
ANNAPURNA,145.76,2026-09-01,-1.85,-1.51,13.83,4.23,-24.57,-42.74
CUB,234.99,2026-09-01,2.53,10.74,13.8,24.46,11.73,60.27
SINCLAIR,82.91,2026-09-01,0.64,10.08,13.79,12.68,7.22,-15.13
DIVISLAB,9165.0,2026-09-01,-3.19,7.87,13.77,40.43,43.6,51.04
KMSUGAR,31.39,2026-09-01,-3.39,-7.81,13.73,17.52,25.96,14.31
PGIL,2348.0,2026-09-01,-4.7,-1.02,13.72,43.98,53.41,90.45
BTML,8.06,2026-09-01,-4.5,2.81,13.68,26.73,11.63,-11.04
SHEETAL,335.0,2026-08-31,-0.67,3.47,13.66,13.06,38.46,163.97
MAFANG,211.05,2026-09-01,1.89,2.52,13.63,4.79,35.64,30.98
NETWEB,5136.5,2026-09-01,-1.0,-5.83,13.61,11.25,33.1,130.19
KEL,92.0,2026-08-31,15.58,7.16,13.58,,,
CHEMCON,199.32,2026-09-01,-0.72,3.31,13.57,8.06,25.18,-1.35
INOXINDIA,2165.9,2026-09-01,1.49,11.56,13.52,49.88,86.46,85.34
MAGADSUGAR,568.05,2026-09-01,-4.53,-5.49,13.52,27.35,26.66,9.12
KSHINTL,953.0,2026-09-01,0.63,-2.65,13.49,17.21,154.85,
RBZJEWEL,169.0,2026-09-01,12.08,16.83,13.44,35.2,34.53,24.17
MARCO,34.0,2026-08-31,1.49,6.42,13.33,-5.42,4.62,-14.89
KOLTEPATIL,436.2,2026-09-01,-2.37,-3.52,13.27,19.54,22.98,-7.41
NILKAMAL,2034.0,2026-09-01,1.39,0.38,13.14,63.88,50.3,33.04
HARSHA,453.7,2026-09-01,-0.48,2.44,13.13,16.6,23.21,13.49
DYNAMATECH,11678.0,2026-09-01,-2.41,0.32,13.03,11.79,16.51,78.16
TBI,70.35,2026-08-31,9.24,14.2,13.01,4.84,-2.09,-17.82
BALAMINES,2409.7,2026-09-01,3.71,8.33,12.96,38.24,122.7,64.27
COUNCODOS,6.72,2026-09-01,0.75,-0.74,12.94,34.94,21.08,3.07
SVLL,815.1,2026-09-01,-0.06,5.04,12.89,30.24,46.1,7.25
VRLLOG,299.85,2026-09-01,-1.09,3.95,12.87,26.51,8.05,13.39
GNFC,576.0,2026-09-01,0.22,-2.87,12.87,15.36,26.62,10.89
GLAXO,2996.1,2026-09-01,-1.77,2.2,12.83,35.91,19.47,9.4
GREENCHEF,58.0,2026-08-31,7.61,10.69,12.73,-5.69,27.33,-7.5
WONDERLA,536.25,2026-09-01,-0.19,4.75,12.72,13.54,12.8,-12.34
CLEAN,827.1,2026-09-01,0.52,-0.14,12.68,5.02,12.51,-29.89
MARSONS,123.99,2026-09-01,-4.81,2.5,12.68,-7.57,,
ABINFRA,11.32,2026-09-01,-1.05,-12.52,12.64,0.98,-37.22,-41.87
HBSL,54.06,2026-09-01,0.97,0.15,12.63,-0.31,-2.87,-29.28
NRL,120.05,2026-09-01,-2.0,0.03,12.63,79.53,126.08,75.05
ALKYLAMINE,2011.0,2026-09-01,0.36,-3.49,12.62,26.1,36.25,-0.66
AMANTA,190.0,2026-09-01,0.64,-7.39,12.61,56.75,84.56,
JAYNECOIND,96.88,2026-09-01,-1.55,-7.04,12.61,-2.0,26.15,68.28
MEESHO,205.15,2026-09-01,-0.12,0.04,12.6,13.93,28.23,
BEML,1970.2,2026-09-01,1.76,2.88,12.56,14.69,17.36,1.51
TBOTEK,1722.4,2026-09-01,-1.3,1.11,12.49,40.11,40.51,26.55
GPPL,169.02,2026-09-01,0.87,3.42,12.48,8.08,-4.44,14.35
STYL,386.8,2026-09-01,0.26,-0.17,12.45,47.69,60.35,
CPS,1150.0,2026-08-31,5.35,7.83,12.41,11.11,2.22,59.72
UDS,227.12,2026-09-01,1.06,2.72,12.28,30.19,45.03,-8.39
SANGHVIMOV,458.05,2026-09-01,0.17,-1.72,12.23,32.02,76.07,39.51
CENTEXT,22.28,2026-09-01,0.32,-0.27,12.13,15.68,12.64,1.36
DCI,369.7,2026-09-01,-0.78,-3.72,12.13,30.8,47.61,43.12
HNDFDS,644.1,2026-09-01,-2.14,0.74,12.09,23.14,32.2,22.23
AXISGOLD,131.78,2026-08-28,-1.88,3.43,12.03,,,
UNIVASTU,153.06,2026-09-01,-2.66,-6.94,11.98,92.31,128.72,81.17
TREL,27.15,2026-09-01,0.82,0.48,11.96,5.81,11.45,-16.59
TEAMGTY,241.0,2026-09-01,-0.44,4.77,11.93,-4.08,-8.68,-12.68
VERTEXPLUS,51.45,2026-08-31,2.08,6.52,11.85,-25.97,-46.74,-51.16
DEEPINDS,665.0,2026-09-01,-3.6,-1.92,11.83,32.46,92.32,19.42
USASEEDS,96.0,2026-08-31,-0.93,3.9,11.82,1.05,-14.29,-63.65
STLNETWORK,27.16,2026-09-01,-3.52,6.05,11.82,-7.9,31.65,
ETHOSLTD,2879.4,2026-09-01,-0.67,-0.44,11.8,23.81,18.36,25.58
NRBBEARING,458.25,2026-09-01,-3.29,-4.72,11.8,27.26,70.22,66.59
ONDOOR,301.0,2026-08-31,3.61,23.36,11.77,73.54,85.06,87.13
SMARTWORKS,525.9,2026-09-01,-2.17,-4.47,11.77,20.66,28.25,6.21
LGEINDIA,1665.6,2026-09-01,-1.9,0.08,11.75,8.23,4.82,
EDELWEISS,128.94,2026-09-01,1.28,2.81,11.67,16.01,12.69,18.93
GRAPHITE,732.9,2026-09-01,4.32,1.97,11.65,3.35,3.18,43.07
SICAGEN,55.48,2026-09-01,2.66,3.6,11.61,-1.7,,
MOTISONS,15.87,2026-09-01,-2.28,-3.58,11.6,37.76,2.32,-16.43
BRIGADE,645.1,2026-09-01,-1.64,-1.38,11.57,30.77,24.36,-6.92
CLEDUCATE,62.96,2026-09-01,1.4,0.03,11.51,42.25,59.72,-44.92
MARATHON,434.5,2026-09-01,5.19,2.77,11.5,-3.36,0.33,-29.05
VIJAYA,1499.0,2026-09-01,-1.28,1.12,11.5,20.8,49.23,43.64
PURVFLEXI,51.55,2026-08-31,6.29,3.51,11.46,-4.8,-6.87,-31.54
PCJEWELLER,10.32,2026-09-01,-6.1,-7.19,11.45,11.69,4.03,-21.16
GENCON,44.93,2026-09-01,-4.87,8.08,11.41,13.6,-1.45,12.13
SENORES,1454.7,2026-09-01,1.53,-4.02,11.41,36.23,90.18,107.33
ALEMBICLTD,98.85,2026-09-01,0.11,7.87,11.39,17.15,10.67,-0.29
AXISILVER,238.97,2026-08-28,-0.77,2.86,11.38,,,
ASPINWALL,260.05,2026-09-01,-1.33,0.12,11.34,11.11,23.64,-0.73
UMIYA-MRO,98.88,2026-09-01,2.85,11.0,11.34,13.45,15.45,23.86
SEDEMAC,2988.6,2026-09-01,-3.26,-5.15,11.33,35.76,,
ACMESOLAR,403.7,2026-09-01,0.44,-1.33,11.33,31.41,71.06,43.21
CSLFINANCE,236.92,2026-09-01,-1.16,5.29,11.25,3.44,-10.0,-19.75
AGL,13.59,2026-09-01,-1.74,-1.95,11.12,,,
ISHAN,0.5,2026-08-31,0.0,11.11,11.11,-16.67,-23.08,-41.18
ARVSMART,656.0,2026-09-01,-1.43,-5.26,11.09,14.3,20.35,9.02
INDOCO,243.84,2026-09-01,0.21,11.25,11.09,16.01,20.55,-8.92
HEG,729.9,2026-09-01,0.15,0.99,11.05,30.95,27.06,53.42
ANIKINDS,45.89,2026-09-01,-0.61,-0.15,11.03,1.32,-0.71,-52.2
IVC,9.32,2026-09-01,2.98,15.06,10.95,14.78,27.15,23.06
RATNAMANI,2605.1,2026-09-01,-1.68,-3.41,10.93,4.19,6.54,9.64
RAMANEWS,31.49,2026-09-01,0.54,-1.07,10.92,7.81,-11.4,1.06
CRISIL,4829.5,2026-09-01,0.16,7.84,10.77,22.99,11.66,-3.36
INDTERRAIN,30.82,2026-09-01,2.36,1.75,10.74,-1.09,-0.36,-12.44
HINDZINC,597.0,2026-09-01,0.26,-1.16,10.72,-4.67,0.68,39.46
GLENMARK,2470.4,2026-09-01,-0.39,3.44,10.7,12.34,15.73,28.65
RENUKA,24.21,2026-09-01,-2.77,-4.95,10.7,6.61,-0.41,-15.91
SALONA,270.0,2026-09-01,1.5,0.61,10.7,-6.32,1.89,10.58
20MICRONS,213.0,2026-09-01,-2.31,-0.12,10.67,17.45,22.68,-7.62
JKIPL,108.4,2026-09-01,2.1,3.83,10.65,15.17,67.05,
YASHO,4269.8,2026-09-01,1.46,-0.9,10.65,94.98,173.5,137.9
CHALET,897.5,2026-09-01,-0.71,3.21,10.61,15.03,11.06,-11.89
NAUKRI,1356.0,2026-09-01,3.27,0.52,10.58,35.47,32.11,-0.45
INGERRAND,4794.0,2026-09-01,-1.12,3.02,10.57,24.53,20.2,28.71
SBFC,99.95,2026-09-01,1.14,8.37,10.56,8.36,7.37,-7.51
ULTRAMAR,428.1,2026-09-01,-3.33,3.66,10.55,7.93,,
YASHOPTICS,124.75,2026-08-31,7.92,9.43,10.54,-3.29,12.44,-1.34
JUBLFOOD,484.4,2026-09-01,-2.34,-4.63,10.53,14.65,-6.56,-23.0
PRINCEPIPE,291.75,2026-09-01,-0.8,2.75,10.51,13.28,15.62,-13.15
STEELCITY,83.12,2026-09-01,-0.91,1.11,10.46,8.67,-2.51,-16.22
AKIKO,392.4,2026-08-31,-3.67,8.44,10.46,62.15,80.0,126.17
VINSYS,607.0,2026-08-31,1.17,4.66,10.4,65.85,95.55,58.05
ELGIEQUIP,628.9,2026-09-01,0.25,1.12,10.4,8.89,18.15,33.34
ZEEMEDIA,8.28,2026-09-01,-4.28,-11.16,10.4,1.35,-2.47,-33.55
AKI,4.57,2026-09-01,10.12,10.12,10.39,-4.99,-10.22,-48.94
PRAJIND,340.3,2026-09-01,-1.05,-3.5,10.36,1.76,8.26,-14.41
BALAJITELE,92.26,2026-09-01,0.39,-3.59,10.35,2.25,-14.68,-5.17
KPRMILL,1158.5,2026-09-01,-1.62,4.15,10.35,17.03,29.32,18.2
BECTORFOOD,227.75,2026-09-01,0.37,-11.48,10.31,30.98,9.17,-15.25
AGI,782.25,2026-09-01,0.79,5.47,10.29,30.67,46.24,-10.59
WOMANCART,113.25,2026-08-31,-10.26,9.47,10.27,2.26,-31.26,-57.94
ANKITMETAL,1.72,2026-09-01,-1.15,0.0,10.26,9.55,3.61,-10.42
RRKABEL,2869.8,2026-09-01,-2.0,-0.0,10.26,41.87,84.12,141.33
LPDC,6.67,2026-09-01,-3.89,-8.0,10.25,-3.89,9.7,-14.6
GRAVITA,1781.9,2026-09-01,-1.02,-1.43,10.24,9.6,10.47,7.63
VERA,86.25,2026-08-31,0.0,4.99,10.22,25.0,23.39,26.84
SPRL,102.5,2026-08-31,0.0,0.54,10.22,31.41,-8.07,-22.79
TTKHLTCARE,1128.7,2026-09-01,-2.67,1.45,10.17,24.47,25.54,-1.37
MANGALAM,29.86,2026-09-01,-5.92,-1.91,10.14,3.47,2.68,-60.87
SABEVENTS,132.6,2026-08-31,0.0,0.0,10.13,-17.02,-60.84,10.87
VENKEYS,1649.0,2026-09-01,-3.11,5.13,9.98,15.04,22.36,12.25
EMKAY,264.1,2026-09-01,2.69,7.35,9.93,21.81,13.25,23.63
IDBI,92.06,2026-09-01,1.3,4.7,9.92,27.74,-20.64,5.76
SAHANA,928.15,2026-08-31,3.95,18.11,9.91,12.65,-8.0,-23.69
PARAS,1380.1,2026-09-01,-3.68,-9.14,9.91,69.56,116.53,108.38
VISL,35.48,2026-09-01,-3.67,-4.29,9.91,,,
CPPLUS,3726.9,2026-09-01,4.51,8.99,9.91,19.28,120.76,198.72
TCL,130.5,2026-08-31,-6.79,-7.81,9.89,23.64,35.94,24.64
ARTEMISMED,327.95,2026-09-01,3.31,-0.29,9.87,22.76,36.93,45.72
MOTHERSON,165.6,2026-09-01,-2.98,-2.01,9.85,17.01,24.8,72.01
STEELCAS,339.85,2026-09-01,-2.84,-1.92,9.79,26.49,45.58,64.62
ARTNIRMAN,40.7,2026-09-01,1.75,0.12,9.79,-4.33,0.59,-16.94
JINDWORLD,42.08,2026-09-01,9.84,17.87,9.75,37.83,70.5,14.35
KANORICHEM,156.18,2026-09-01,-1.82,0.98,9.69,66.73,127.9,86.22
ZENTEC,1780.7,2026-09-01,0.09,-6.44,9.69,10.06,31.01,18.38
JINDALPOLY,694.45,2026-09-01,9.99,9.04,9.66,4.13,12.67,14.61
JUNIPER,214.14,2026-09-01,-0.1,2.4,9.63,10.09,-1.91,-24.7
INNOVACAP,1068.1,2026-09-01,-0.93,0.48,9.63,24.08,59.84,15.01
RAJRILTD,22.81,2026-09-01,-1.98,0.09,9.61,14.05,-0.52,-13.01
BEPL,127.16,2026-09-01,5.01,1.52,9.6,37.66,59.09,27.75
RPPL,23.14,2026-09-01,-0.94,-4.7,9.56,23.94,39.4,2.75
RAYMOND,635.3,2026-09-01,0.55,0.49,9.52,19.87,58.51,5.33
FALCONTECH,12.75,2026-08-31,-0.39,2.41,9.44,-12.07,-16.12,-25.66
PNBHOUSING,1152.0,2026-09-01,0.29,-1.12,9.39,15.75,40.77,52.51
TARSONS,344.1,2026-09-01,3.75,-0.79,9.38,64.74,80.35,7.28
WHEELS,1541.8,2026-09-01,-0.3,-1.26,9.38,-0.38,71.96,112.37
INDIQUBE,190.05,2026-09-01,-0.91,-1.89,9.38,21.52,10.16,-14.3
AETHER,1683.7,2026-09-01,-0.45,0.95,9.36,50.91,75.64,127.01
PKTEA,739.5,2026-09-01,-0.87,-4.0,9.33,-8.55,-6.39,-2.26
WESTLIFE,553.9,2026-09-01,-3.03,-5.25,9.3,29.11,12.01,-25.77
VAISHALI,8.03,2026-09-01,-0.37,-1.11,9.25,14.22,15.21,-34.07
IRISDOREME,57.85,2026-09-01,-1.08,0.43,9.23,63.74,79.32,80.5
CARTRADE,2970.1,2026-09-01,-0.72,-5.37,9.21,67.6,64.91,18.8
KPIL,1408.4,2026-09-01,0.54,1.4,9.21,9.06,14.48,14.51
VMART,850.3,2026-09-01,0.34,-0.73,9.14,25.24,53.74,13.78
DCG,56.9,2026-08-31,2.61,7.26,9.11,-14.69,-4.37,-19.29
ESABINDIA,6141.5,2026-09-01,0.36,-1.33,9.11,-1.5,12.04,21.55
FINEORG,5255.5,2026-09-01,-0.52,-0.41,9.11,17.27,11.83,11.67
SAKAR,965.75,2026-09-01,11.86,7.37,9.09,15.56,95.26,190.54
SOLARINDS,20060.0,2026-09-01,-0.24,0.68,9.08,10.27,48.64,42.9
VGUARD,343.05,2026-09-01,-0.95,3.47,9.08,14.82,10.05,-3.99
HTMEDIA,26.88,2026-09-01,2.01,-1.29,9.05,20.75,23.19,5.62
HISARMETAL,159.54,2026-09-01,1.4,6.84,9.04,11.39,-4.9,-13.98
TATATECH,814.95,2026-09-01,-1.94,2.19,9.0,15.76,41.34,22.2
BROOKS,66.47,2026-09-01,-0.11,7.77,9.0,-3.03,-0.95,-52.04
BLSE,327.7,2026-09-01,-0.06,4.03,8.99,46.9,123.02,86.67
PPLPHARMA,213.2,2026-09-01,-0.56,0.97,8.99,24.75,36.55,13.52
ATL,25.33,2026-09-01,-2.13,-8.19,8.99,5.41,1.36,-9.24
GEOJITFSL,83.22,2026-09-01,-0.12,0.29,8.98,19.53,34.31,17.1
SHIVATEX,178.33,2026-09-01,-1.57,5.54,8.97,22.97,12.55,-0.74
HCC,23.36,2026-09-01,-1.97,3.73,8.96,4.8,34.41,-8.46
OFSS,12187.0,2026-09-01,-2.81,5.81,8.95,19.59,80.84,50.26
KOTAKBANK,425.0,2026-09-01,1.34,5.87,8.89,12.81,2.54,8.13
IRMENERGY,280.4,2026-09-01,-1.54,-0.55,8.87,6.53,17.57,6.31
AASTHA,83.01,2026-09-01,-0.72,13.7,8.87,,,
SAYAJIHOTL,316.0,2026-09-01,-0.8,-6.88,8.87,16.43,,
MANAKALUCO,38.34,2026-09-01,-0.34,2.9,8.86,6.38,35.76,28.73
STOVEKRAFT,847.1,2026-09-01,-0.25,3.15,8.83,36.43,73.8,35.18
SANDESH,1059.4,2026-09-01,0.83,2.44,8.81,13.83,7.96,-12.54
AXITA,7.96,2026-09-01,0.89,-0.25,8.74,0.38,-3.28,-0.5
EUROTEXIND,13.99,2026-09-01,0.0,-0.07,8.7,-10.03,8.37,-8.2
LGBBROSLTD,1702.9,2026-09-01,0.62,6.29,8.7,15.56,-11.36,35.36
VIMTALABS,661.75,2026-09-01,2.84,7.45,8.69,43.72,46.93,1.58
REDINGTON,349.6,2026-09-01,-2.28,-4.25,8.69,53.19,27.39,46.49
VOLTAMP,10782.0,2026-09-01,-1.16,-4.52,8.66,18.9,19.71,36.47
PVRINOX,1228.2,2026-09-01,1.7,-0.29,8.63,25.12,20.15,9.73
WINDMACHIN,307.5,2026-09-01,0.02,-3.04,8.62,10.18,22.05,-6.16
SKFINDUS,2953.0,2026-09-01,-1.02,7.46,8.59,39.1,16.52,
SIMPLEXINF,256.6,2026-09-01,-4.55,1.12,8.57,7.7,26.81,-14.78
FLUOROCHEM,4740.1,2026-09-01,0.99,2.54,8.55,31.23,36.08,39.7
ARVIND,557.1,2026-09-01,0.26,4.77,8.55,16.27,58.42,95.06
NPST,1655.6,2026-09-01,-0.9,6.01,8.52,37.62,41.69,-21.79
ASAHIINDIA,951.2,2026-09-01,-0.09,-1.14,8.52,5.83,5.61,11.0
ORISSAMINE,4325.0,2026-09-01,0.25,-4.13,8.49,7.96,4.85,-9.64
SUNREST,39.6,2026-08-31,-3.41,-11.31,8.49,13.14,-12.0,-19.51
ICIL,433.45,2026-09-01,-7.67,0.71,8.45,30.0,63.8,94.65
NAZARA,367.65,2026-09-01,-1.35,5.66,8.45,34.89,38.84,26.69
SJLOGISTIC,328.2,2026-08-31,-7.96,0.67,8.41,-5.8,5.38,-18.15
STEL,623.1,2026-09-01,-5.76,0.89,8.39,41.1,26.15,25.59
BANARISUG,3766.2,2026-09-01,-4.06,-5.8,8.37,4.49,4.46,3.58
ETERNAL,327.75,2026-09-01,-0.11,0.18,8.37,32.1,33.07,2.07
UNICHEMLAB,556.35,2026-09-01,-0.04,9.13,8.37,62.18,60.7,10.32
PAKKA,76.68,2026-09-01,0.64,-5.62,8.32,-12.66,-15.01,-47.82
SUPERSPIN,6.52,2026-09-01,1.56,9.03,8.31,29.37,1.87,-32.15
PIRAMALFIN,2226.1,2026-09-01,-3.23,1.92,8.3,15.72,28.77,
COHANCE,460.0,2026-09-01,0.89,2.51,8.22,7.13,48.41,-48.84
GCSL,562.9,2026-09-01,1.14,9.91,8.14,35.11,52.36,
MAHICKRA,297.0,2026-08-31,4.23,0.68,8.14,23.83,60.64,83.45
SUPERHOUSE,173.09,2026-09-01,1.46,3.12,8.1,13.72,11.44,15.38
NEXTMEDIA,4.27,2026-09-01,-14.26,12.07,8.1,5.17,-24.96,-31.79
IDEA,14.06,2026-09-01,-1.88,-0.07,8.07,0.79,32.77,114.98
PANAMAPET,487.05,2026-09-01,3.33,0.79,8.06,62.71,74.19,64.88
EPL,240.35,2026-09-01,-8.28,-8.78,8.06,12.4,10.72,9.46
SHANTIGOLD,234.78,2026-09-01,-4.82,-13.21,8.05,2.15,12.89,4.42
PROZONER,44.92,2026-09-01,0.0,7.67,8.03,-11.56,-9.51,11.91
GUFICBIO,421.05,2026-09-01,1.13,0.75,8.03,21.47,48.79,16.02
FINKURVE,67.76,2026-09-01,-6.19,-14.91,8.02,15.83,-13.05,
ENSER,14.85,2026-08-31,-3.57,3.48,8.0,-7.48,23.75,-33.26
AEQUS,247.47,2026-09-01,1.28,-3.36,7.99,33.87,74.88,
UNIONBANK,184.9,2026-09-01,-1.98,0.71,7.98,17.12,-5.89,48.53
CGCL,250.9,2026-09-01,-2.17,7.08,7.97,26.7,57.13,32.92
NUCLEUS,740.7,2026-09-01,-0.5,0.38,7.97,3.7,-4.89,-26.59
VISHNU,661.75,2026-09-01,1.47,3.77,7.96,6.83,31.98,34.69
UNOMINDA,1274.4,2026-09-01,-0.13,1.85,7.95,18.07,7.39,-2.84
GOLDSTAR,7.5,2026-08-31,0.67,-6.83,7.91,-7.41,-5.06,-15.73
MON100,329.32,2026-09-01,0.68,0.41,7.91,-1.94,46.24,61.7
KRYSTAL,647.35,2026-09-01,3.29,1.09,7.88,11.81,3.44,-3.81
TASTYBITE,9946.0,2026-09-01,-1.9,-1.61,7.8,37.58,38.3,3.88
VADILALIND,7757.0,2026-09-01,1.11,4.46,7.77,47.83,57.24,55.43
NECCLTD,16.1,2026-09-01,-1.04,-2.95,7.76,5.64,14.43,-22.82
MITCON,79.2,2026-09-01,0.58,-0.83,7.76,-7.97,35.38,8.52
DUCOL,111.1,2026-08-31,2.44,7.86,7.76,1.93,-18.96,-24.75
BIRLANU,1437.7,2026-09-01,-0.19,-4.34,7.72,10.38,-3.58,-24.53
CAPLIPOINT,2711.2,2026-09-01,7.7,8.62,7.72,35.63,59.79,28.94
JBCHEPHARM,2408.9,2026-07-23,0.0,-2.08,7.68,20.26,31.92,44.73
TRANSPEK,1422.8,2026-09-01,-1.11,3.7,7.68,44.17,,
VIDHIING,354.35,2026-09-01,-0.06,2.56,7.67,19.69,14.21,-5.93
MODTHREAD,51.54,2026-09-01,-3.81,-4.93,7.64,9.03,23.07,-3.54
PROLIFE,80.5,2026-08-31,1.9,-8.52,7.62,41.23,33.83,-38.4
LICMFGOLD,137.1,2026-09-01,-3.45,-5.15,7.61,-1.4,-99.04,-98.55
TREJHARA,144.98,2026-09-01,-1.21,-7.19,7.58,0.89,-23.46,-23.91
DICIND,553.6,2026-09-01,-4.02,-6.49,7.57,11.13,5.84,-3.99
VALIANTORG,286.8,2026-09-01,-1.32,-2.08,7.54,-1.02,24.92,-14.91
MOHITIND,24.28,2026-09-01,0.83,4.84,7.53,3.72,-3.23,-20.34
PASUPTAC,62.73,2026-09-01,1.26,2.38,7.52,-9.44,17.69,49.11
RADIANTCMS,39.07,2026-09-01,-1.59,9.56,7.48,1.93,6.4,-33.77
POLYPLEX,1187.7,2026-09-01,0.43,1.51,7.45,27.28,40.01,17.34
DPABHUSHAN,1416.0,2026-09-01,-4.01,-7.65,7.44,52.13,19.37,-11.98
JMA,91.27,2026-09-01,-1.51,2.6,7.42,7.78,5.05,7.72
MOXSH,109.0,2026-08-31,0.0,0.0,7.39,-4.64,-2.46,169.14
SHEMAROO,126.16,2026-09-01,0.93,-0.28,7.37,24.26,24.7,13.88
REGAAL,87.9,2026-09-01,-1.26,-7.49,7.35,5.36,20.68,-20.7
AARTIIND,524.85,2026-09-01,0.09,-3.37,7.31,11.46,17.38,39.0
BAJAJ-AUTO,12361.0,2026-09-01,1.9,4.75,7.3,19.13,25.7,39.79
HPAL,34.93,2026-09-01,-0.2,1.25,7.28,-2.24,-4.75,-23.15
SAGILITY,46.45,2026-09-01,-1.28,7.45,7.27,15.04,17.72,3.45
MERCURYEV,37.64,2026-09-01,-3.39,-3.98,7.27,,,
GROWWNET,10.77,2026-09-01,-1.01,-0.28,7.27,20.74,22.39,
DEEPAKNTR,1782.8,2026-09-01,1.91,3.03,7.26,7.24,13.3,0.11
SUPREMEPWR,223.2,2026-08-31,-3.81,15.98,7.26,-9.58,49.95,13.39
GOLDBETA,127.85,2026-09-01,-1.62,-5.65,7.26,-1.62,-4.45,45.45
AARNAV,33.63,2026-09-01,5.0,3.06,7.24,34.52,23.23,
BSLGOLDETF,133.67,2026-09-01,-4.26,-5.45,7.23,-1.55,-4.37,44.84
IL&FSTRANS,2.23,2026-09-01,0.45,7.73,7.21,-3.88,-8.98,-28.75
INDOTECH,3702.2,2026-09-01,-0.03,-3.85,7.19,42.77,134.24,103.76
SIEMENS,4030.0,2026-09-01,0.0,-2.04,7.18,9.12,18.46,29.02
HDFCGOLD,129.71,2026-09-01,-1.6,-5.69,7.18,-1.56,-4.65,45.04
ABCOTS,213.11,2026-09-01,-0.75,2.25,7.17,-1.92,-47.9,-45.66
JSWINFRA,334.8,2026-09-01,-1.53,-1.59,7.17,22.6,31.79,12.52
INTERNET,14.55,2026-09-01,-0.75,-0.89,7.14,21.15,23.01,
A2ZINFRA,16.66,2026-09-01,-0.54,3.67,7.14,17.74,-6.77,-16.82
GOLD1,126.58,2026-09-01,-1.63,-5.87,7.13,-1.66,-4.68,44.71
HINDCOPPER,526.65,2026-09-01,0.25,-8.27,7.13,-2.46,-7.0,127.74
HERITGFOOD,353.7,2026-09-01,-2.1,-8.73,7.13,11.84,11.94,-24.18
TEXMOPIPES,45.93,2026-09-01,0.72,-2.5,7.11,6.47,1.75,-18.48
NILASPACES,12.73,2026-09-01,1.43,-0.16,7.06,2.08,-9.01,-7.82
GOLDETF,147.58,2026-09-01,-4.02,-5.46,7.06,-1.42,-4.38,44.98
EGOLD,151.65,2026-09-01,-4.08,-5.69,7.06,-1.69,-4.44,44.84
GOLDBEES,125.34,2026-09-01,-4.21,-5.77,7.03,-1.69,-4.76,44.72
ECLERX,1973.8,2026-09-01,-0.16,8.28,7.01,33.97,24.5,-12.16
SETFGOLD,129.31,2026-09-01,-4.23,-5.83,7.01,-1.66,-4.78,44.64
GOLDCASE,23.86,2026-09-01,-4.18,-5.8,7.0,-1.73,-4.71,44.52
SMARTLINK,214.42,2026-09-01,-0.97,-5.02,7.0,40.69,74.98,47.54
NIACL,185.77,2026-09-01,-2.86,0.92,7.0,19.29,27.16,-1.0
QGOLDHALF,125.58,2026-09-01,-4.26,-5.88,6.99,-1.78,-4.71,44.94
INDIFRA,12.25,2026-08-31,2.51,2.51,6.99,-13.43,-9.93,-18.06
KEI,5348.0,2026-09-01,-6.83,-2.66,6.98,3.36,5.27,36.58
TAINWALCHM,207.76,2026-09-01,-1.04,-4.75,6.97,7.33,0.81,-0.48
BLACKBUCK,580.3,2026-09-01,-2.27,-3.99,6.97,13.01,-0.41,-8.38
MPHASIS,2505.5,2026-09-01,3.22,3.23,6.97,11.35,12.03,-11.94
GOLDADD,14.73,2026-09-01,-1.6,-5.8,6.97,-1.63,-4.67,44.68
YATRA,113.89,2026-09-01,7.02,-1.23,6.96,16.51,-3.97,-28.47
JSWDULUX,3143.4,2026-09-01,-0.67,0.66,6.96,1.07,8.76,-6.32
CPCAP,117.72,2026-09-01,0.38,-1.37,6.95,25.42,29.33,-19.62
AONEGOLD,14.18,2026-09-01,-3.73,-5.59,6.94,-1.56,-3.87,
EXXARO,6.48,2026-09-01,-9.12,5.54,6.93,-0.77,-21.17,-16.17
IVZINGOLD,131.9,2026-09-01,-4.49,-5.89,6.93,-1.57,-99.04,-98.55
GOLDIETF,129.73,2026-09-01,-1.51,-5.79,6.92,-1.65,-4.81,44.58
GRASIM,3305.0,2026-09-01,-1.96,0.52,6.92,6.86,18.41,18.24
PARADEEP,157.51,2026-09-01,-1.58,5.43,6.91,27.5,29.64,-30.99
TATAGOLD,14.73,2026-09-01,-4.1,-5.64,6.89,-1.47,-4.35,44.7
NIITLTD,101.25,2026-09-01,-0.19,2.17,6.89,25.53,43.36,-7.99
GROWWGOLD,14.8,2026-09-01,-4.08,-5.85,6.86,-1.6,-5.01,-85.59
OIL,490.0,2026-09-01,1.42,2.73,6.85,1.5,1.26,25.83
TWCGOLDETF,151.0,2026-09-01,-4.19,-5.73,6.83,-1.59,-4.02,
BBNPPGOLD,146.85,2026-09-01,-3.93,-5.9,6.8,-1.44,-4.27,44.18
CGRAPHICS,144.6,2026-08-31,-8.19,0.42,6.79,-3.28,1.58,-37.06
REFRACTORY,28.3,2026-08-31,8.43,14.11,6.79,-11.42,-27.34,-56.06
INTLCONV,79.51,2026-09-01,0.04,3.72,6.77,0.0,0.39,-8.71
GOLDBND,151.57,2026-09-01,-4.01,-5.68,6.77,-1.51,-5.07,
EASTSILK,63.68,2026-09-01,3.13,-0.27,6.76,15.78,-18.14,79.79
LTFOODS,437.0,2026-09-01,-2.14,-4.79,6.75,14.81,8.89,1.89
ITALIANE,34.1,2026-08-31,2.4,11.8,6.73,2.56,-23.46,7.72
PIXTRANS,1785.1,2026-09-01,-1.84,-0.25,6.71,13.93,23.56,28.47
SHERA,176.05,2026-08-31,0.77,-0.54,6.7,6.02,47.94,29.16
SHAILY,3266.3,2026-09-01,-0.18,-0.08,6.69,3.86,67.49,51.03
MCL,56.86,2026-09-01,-1.39,-3.07,6.68,-6.11,-10.46,20.14
ARIHANTACA,480.0,2026-08-31,3.23,-2.38,6.67,6.67,-3.03,28.34
GSPCROP,621.7,2026-09-01,-2.78,-0.08,6.65,42.74,,
MASPTOP50,80.48,2026-09-01,0.88,1.11,6.62,-1.9,14.38,23.74
TMB,908.1,2026-09-01,-2.63,3.77,6.62,26.76,37.98,118.44
CMRGREEN,231.03,2026-09-01,0.11,4.35,6.61,,,
SWASTIK,21.0,2026-08-31,5.26,10.53,6.6,-5.41,23.53,-35.78
NAHARSPING,299.55,2026-09-01,3.49,0.18,6.56,10.84,46.25,38.95
NATIONALUM,372.0,2026-09-01,-2.49,-7.76,6.54,-14.11,5.7,103.24
KROSS,209.03,2026-09-01,-1.73,-0.27,6.54,10.54,6.03,9.47
ZENITHEXPO,214.0,2026-09-01,-0.15,7.54,6.52,9.51,5.32,-22.7
NEOGEN,2153.9,2026-09-01,-2.15,1.0,6.52,19.08,47.17,49.08
AUROPHARMA,1683.3,2026-09-01,-1.96,4.68,6.52,17.41,37.93,64.22
VEEDOL,1489.8,2026-09-01,1.17,0.89,6.45,5.52,8.55,-5.55
VISACHROME,40.18,2026-09-01,-2.05,9.16,6.44,-26.42,4.94,23.4
COSMOFIRST,949.65,2026-09-01,2.2,4.59,6.43,33.15,34.15,-3.38
SSDL,56.23,2026-09-01,-0.41,-2.14,6.42,-5.08,-8.35,-37.31
EXPLEOSOL,854.4,2026-09-01,-0.31,-3.13,6.42,11.19,29.01,-4.7
AGARWALEYE,508.7,2026-09-01,-0.88,2.19,6.42,5.68,12.62,17.41
GOKUL,41.53,2026-09-01,-0.29,-6.38,6.35,-1.12,2.95,2.44
GUJALKALI,713.3,2026-09-01,1.99,-1.34,6.34,5.02,49.26,27.08
TMCV,464.35,2026-09-01,-1.43,-2.25,6.31,25.48,-7.07,
MANOMAY,223.64,2026-09-01,0.25,4.13,6.3,27.31,0.09,32.96
VOGL,37.78,2026-09-01,-2.4,-4.81,6.3,,,
SHREERAMA,41.63,2026-09-01,0.14,-8.12,6.28,-10.38,-23.04,-31.48
SHUBHLAXMI,19.45,2026-08-31,0.0,1.3,6.28,-2.51,-33.96,40.43
GROBTEA,975.25,2026-09-01,-2.15,2.18,6.24,8.73,3.15,-3.36
MODIRUBBER,128.29,2026-09-01,-0.97,-0.83,6.17,-0.28,9.54,14.46
KRSNAA,559.95,2026-09-01,1.14,-0.54,6.16,3.39,-11.88,-29.22
BEL,411.2,2026-09-01,-0.78,0.54,6.16,1.12,-7.01,10.59
ORTEL,1.9,2026-08-31,-5.0,-9.52,6.15,18.75,25.83,14.46
VERTOZ,37.72,2026-09-01,-1.28,-1.77,6.13,-18.03,-21.01,-51.55
SILVERADD,22.08,2026-09-01,-1.87,-5.59,6.11,-12.23,-13.49,85.14
SCML,86.0,2026-08-31,4.37,2.08,6.11,13.31,-37.13,14.74
SYRMA,1447.9,2026-09-01,0.76,-0.82,6.04,30.89,76.27,92.0
LTM,4625.0,2026-09-01,1.87,2.19,6.03,10.22,5.04,-9.46
METROGLOBL,139.85,2026-09-01,1.31,-2.39,6.03,8.56,,
AHCL,15.49,2026-09-01,-2.33,0.39,6.02,13.98,42.74,
NSLNISP,45.61,2026-09-01,-1.26,13.85,6.02,-9.68,12.42,19.99
FMNL,10.04,2026-09-01,-4.11,9.13,6.02,-7.64,20.96,-25.9
WORTHPERI,154.5,2026-09-01,-1.25,-0.53,5.99,20.58,10.95,0.02
HONASA,473.5,2026-09-01,-1.54,-2.92,5.98,18.27,57.24,59.27
EFACTOR,185.45,2026-08-31,-8.15,-6.97,5.97,3.31,-21.07,-13.35
OSWALSEEDS,11.4,2026-09-01,-2.98,-7.77,5.95,2.33,-12.78,-27.66
ANANDRATHI,2197.0,2026-09-01,-0.33,1.34,5.95,25.46,43.13,51.05
EMMBI,92.66,2026-09-01,2.61,13.33,5.95,9.98,3.15,-10.99
GULFOILLUB,1132.8,2026-09-01,0.98,-2.69,5.94,22.1,2.58,-7.4
CLSEL,302.4,2026-09-01,0.58,-3.31,5.92,4.8,12.18,6.86
SHADOWFAX,257.2,2026-09-01,-0.5,-1.21,5.89,34.49,112.32,
APLLTD,843.85,2026-09-01,1.07,3.3,5.87,18.94,20.42,-9.15
AXISCADES,1644.2,2026-09-01,-1.62,5.61,5.84,-7.14,16.33,29.06
GLOBAL,110.14,2026-09-01,2.92,2.46,5.84,10.08,10.11,72.54
SRD,39.62,2026-09-01,-0.83,-2.75,5.82,-2.7,-7.65,-53.36
ADL,75.42,2026-09-01,-0.44,0.48,5.73,4.46,9.1,-13.8
SAMBHV,126.93,2026-09-01,-0.77,-3.24,5.72,24.08,27.07,3.68
TEGA,1570.5,2026-09-01,-1.0,-7.85,5.72,-13.3,-13.6,-18.71
RVTH,740.25,2026-09-01,1.93,1.0,5.68,-0.03,20.56,-12.81
TEJASNET,541.9,2026-09-01,-3.19,6.4,5.63,3.0,24.33,-7.71
LINCOLN,609.65,2026-09-01,0.48,-0.42,5.63,0.57,-3.39,12.56
BVCL,43.5,2026-09-01,-2.99,4.49,5.58,1.16,3.08,-0.16
CANHLIFE,154.18,2026-09-01,-1.26,-0.34,5.56,13.52,8.0,
LIBAS,10.63,2026-09-01,0.85,6.73,5.56,-17.08,5.88,-8.6
SILVER,227.52,2026-09-01,-5.45,-6.0,5.53,-12.62,-13.59,84.96
MONQ50,145.12,2026-09-01,-0.85,-0.91,5.5,2.78,47.03,71.66
DATAPATTNS,4515.2,2026-09-01,-0.14,-4.67,5.47,17.84,40.96,80.15
VISAKAIND,89.09,2026-09-01,0.63,-3.7,5.46,28.4,49.43,10.22
SILVERIETF,227.47,2026-09-01,-5.43,-6.03,5.45,-12.65,-13.73,84.35
HITECHCORP,337.65,2026-09-01,0.91,1.5,5.45,26.75,139.21,67.38
INDIGOPNTS,1172.4,2026-09-01,1.69,2.62,5.45,17.49,25.15,6.78
ESTER,92.68,2026-09-01,1.04,-1.54,5.44,0.04,-12.25,-15.01
ORIENTCER,43.2,2026-09-01,-3.72,-2.57,5.44,6.43,11.89,18.45
SILVERBEES,217.72,2026-09-01,-5.51,-6.07,5.43,-12.75,-13.88,83.59
SILVERAG,221.73,2026-09-01,-2.37,-6.04,5.43,-12.69,-13.74,83.83
NCC,146.46,2026-09-01,-1.29,-0.6,5.42,-0.37,-2.57,-29.54
KAMDHENU,36.16,2026-09-01,-1.15,4.6,5.42,55.13,57.35,27.56
MIDHANI,417.45,2026-09-01,0.8,-0.16,5.42,2.37,20.88,11.11
INDIANB,881.75,2026-09-01,-1.89,1.3,5.41,11.21,-9.08,34.71
JINDALSTEL,1160.0,2026-09-01,-2.76,0.96,5.41,-3.94,-6.6,20.69
SILVERBND,228.5,2026-09-01,-5.33,-5.89,5.4,-12.21,-13.55,
SILVER1,22.09,2026-09-01,-5.68,-6.16,5.39,-12.76,-14.21,-76.88
AARTECH,48.94,2026-09-01,2.17,3.14,5.38,16.5,14.35,-19.02
ZFCVINDIA,2547.8,2026-09-01,0.52,-3.86,5.37,6.82,0.98,7.75
SBISILVER,222.99,2026-09-01,-5.56,-6.05,5.36,-12.71,-13.83,83.52
ORIENTHOT,138.65,2026-09-01,-0.27,-2.21,5.32,41.53,37.27,0.73
BAJEL,186.17,2026-09-01,-4.1,-3.08,5.3,-3.1,15.65,-8.17
URAVIDEF,118.97,2026-09-01,5.0,11.02,5.28,0.35,-18.46,-72.46
MAHSCOOTER,13695.0,2026-09-01,0.15,4.84,5.27,9.58,3.79,-13.89
GROWWSLVR,22.27,2026-09-01,-5.6,-6.23,5.25,-12.84,-13.95,-81.71
HDFCSILVER,217.42,2026-09-01,-5.61,-6.17,5.24,-12.92,-14.16,82.49
MCON,46.2,2026-08-31,-4.74,0.0,5.24,17.86,4.17,-49.51
SIDDHIKA,222.0,2026-08-31,1.83,3.23,5.21,8.08,6.41,19.01
SONACOMS,809.5,2026-09-01,-0.44,-0.49,5.21,35.26,51.89,80.68
AFCONS,285.25,2026-09-01,-0.14,2.37,5.2,-13.31,-1.68,-32.5
ESILVER,227.73,2026-09-01,-5.19,-5.94,5.2,-12.39,-13.96,83.95
TATSILV,22.08,2026-09-01,-2.39,-6.04,5.19,-12.76,-13.92,83.24
AONESILVER,8.71,2026-09-01,-5.33,-5.84,5.19,-12.51,,
VHL,3568.4,2026-09-01,0.54,4.67,5.17,5.15,7.32,-3.08
SILVERBETA,219.47,2026-09-01,-2.52,-6.25,5.17,-12.93,-14.03,82.66
NRAIL,495.9,2026-09-01,-2.76,-4.04,5.16,9.65,8.13,28.81
LAL,8.97,2026-09-01,-1.75,-0.44,5.16,18.34,19.28,-14.41
SPLIL,31.65,2026-09-01,-2.68,4.63,5.15,-0.22,5.57,-19.03
DIACABS,340.6,2026-09-01,-1.93,-3.57,5.13,86.13,148.7,142.37
AKSHAR,0.41,2026-09-01,0.0,0.0,5.13,-10.87,-2.38,-28.07
SASKEN,1904.3,2026-09-01,0.25,-1.13,5.11,-15.51,67.52,34.52
GOKULAGRO,236.58,2026-09-01,-3.08,-3.06,5.1,1.56,39.51,38.33
KRISHANA,192.23,2026-09-01,0.63,-3.73,5.07,41.5,98.59,63.22
MUTHOOTCAP,245.24,2026-09-01,0.25,-1.28,5.04,23.75,6.33,-10.98
KIOCL,383.95,2026-09-01,0.72,-1.12,5.03,-1.11,13.81,-7.21
IIFL,639.15,2026-09-01,-1.18,-8.22,5.01,36.63,28.81,46.67
SARLAPOLY,103.81,2026-09-01,3.8,3.79,5.0,7.63,25.88,4.96
KALYANI,144.99,2026-08-31,5.0,5.0,5.0,5.0,5.0,5.0
JMFINANCIL,128.25,2026-09-01,0.2,-0.97,4.99,9.66,1.94,-28.95
SGL,10.31,2026-09-01,-0.77,2.08,4.99,-10.43,-18.04,-23.06
KODYTECH,1489.45,2026-08-31,2.48,6.64,4.98,74.4,75.44,101.15
GFSTEELS,15.0,2026-08-31,0.0,0.0,4.97,15.65,27.33,54.16
HCG,704.4,2026-09-01,-3.94,-2.0,4.95,9.01,23.12,4.96
SUDARCOLOR,379.0,2026-09-01,-1.62,-5.58,4.94,4.6,10.33,-36.24
AEPL,15.09,2026-09-01,0.27,4.21,4.94,-8.27,,
SKMEGGPROD,262.2,2026-09-01,-2.13,2.1,4.94,27.17,57.88,41.46
HEADSUP,6.85,2026-09-01,-0.29,-0.15,4.9,-3.66,-15.74,-33.69
ORKLAINDIA,584.5,2026-09-01,-1.7,2.49,4.88,-4.2,-0.37,
DRCSYSTEMS,13.76,2026-09-01,0.58,5.93,4.88,-7.9,-9.83,-29.33
GANESHHOU,775.2,2026-09-01,-0.23,-3.9,4.87,9.6,15.62,-6.93
AAATECH,93.72,2026-09-01,-1.13,-1.35,4.86,1.12,-8.28,18.96
GENUSPOWER,327.9,2026-09-01,-2.18,-3.45,4.86,5.89,25.01,-2.33
BLUSPRING,121.47,2026-09-01,-3.9,-8.68,4.85,48.28,138.88,52.6
ALPHA,54.43,2026-09-01,-1.73,0.15,4.81,9.96,11.95,13.18
SHYAMMETL,1078.0,2026-09-01,-1.42,7.69,4.81,12.62,25.86,19.97
BHEL,426.55,2026-09-01,-3.64,3.68,4.8,5.71,61.51,101.64
SILVERCASE,22.93,2026-09-01,-6.37,-6.75,4.8,-13.41,-14.44,82.71
OLAELEC,40.51,2026-09-01,-1.48,8.46,4.79,2.48,60.63,-35.16
ARVEE,164.21,2026-09-01,-2.53,-0.13,4.78,2.63,5.94,0.53
HINDOILEXP,169.0,2026-09-01,4.28,7.25,4.78,2.42,29.13,-1.07
REGENCERAM,34.49,2026-09-01,1.5,1.65,4.77,-17.37,-17.88,-26.26
TFL,11.65,2026-09-01,-2.35,-2.84,4.77,-5.28,-13.83,-27.19
NOVAAGRI,24.22,2026-09-01,-4.68,-0.41,4.76,-8.71,-18.26,-53.32
MWL,37.71,2026-09-01,-0.55,-7.55,4.75,0.2,41.35,98.59
BSHSL,89.03,2026-09-01,-1.06,1.35,4.74,-6.29,-0.84,-36.32
SCPL,644.0,2026-09-01,1.46,-1.17,4.72,44.3,106.28,168.03
BELLACASA,248.58,2026-09-01,4.66,8.46,4.71,4.26,-10.65,-39.25
KANANIIND,1.56,2026-09-01,2.63,4.7,4.7,1.3,3.31,-22.39
GEECEE,368.55,2026-09-01,-0.38,-0.04,4.69,13.87,27.99,2.49
HAVISHA,1.34,2026-09-01,2.29,-4.29,4.69,-10.67,-13.55,-34.31
EIDPARRY,795.6,2026-09-01,-0.48,-3.44,4.68,7.34,-8.04,-29.59
NIRLON,649.45,2026-09-01,0.32,1.14,4.67,7.73,,
TRANSWORLD,169.74,2026-09-01,-2.0,-11.11,4.64,3.24,21.97,-31.91
HMT,64.27,2026-09-01,5.0,5.41,4.64,16.54,5.45,14.46
AUSOMENT,149.77,2026-09-01,0.03,1.41,4.63,15.75,53.78,46.29
SHRIPISTON,4598.2,2026-09-01,-0.24,-3.13,4.62,37.93,47.7,79.9
APCOTEXIND,639.2,2026-09-01,-1.1,3.3,4.56,31.12,76.67,63.86
ROXHITECH,49.4,2026-08-31,-4.54,-12.49,4.55,29.15,47.24,3.56
MAZDOCK,2485.0,2026-09-01,0.2,-2.17,4.52,2.74,11.89,-5.59
PERSISTENT,5800.0,2026-09-01,3.67,1.86,4.52,7.74,22.97,7.77
KRISHIVAL,411.35,2026-09-01,0.1,0.7,4.52,4.36,31.32,-8.75
ADROITINFO,10.46,2026-09-01,1.55,1.26,4.5,17.66,2.45,-0.85
JHS,7.91,2026-09-01,-1.86,-12.21,4.49,-10.62,-16.74,-27.96
OBCL,55.04,2026-09-01,0.4,0.42,4.48,4.28,-1.7,0.97
CONCORDBIO,1484.3,2026-09-01,2.64,-3.58,4.47,40.69,22.33,-10.87
AHIMSA,25.8,2026-08-31,0.0,-0.39,4.45,4.45,4.03,0.98
PRSMJOHNSN,111.2,2026-09-01,-0.02,3.82,4.45,-9.93,-11.58,-24.68
CONTROLPR,597.8,2026-09-01,-0.57,-0.33,4.42,-1.83,-8.46,-22.0
SMALLCAP,48.9,2026-09-01,-0.51,0.04,4.42,9.42,16.96,8.88
ANUHPHR,81.43,2026-09-01,-0.74,3.3,4.4,7.96,7.54,-4.81
CMRSL,65.0,2026-08-31,-0.84,0.55,4.39,1.31,-1.3,-19.38
ZIMLAB,117.94,2026-09-01,-3.87,-4.85,4.38,15.55,69.09,58.01
NORTHARC,299.5,2026-09-01,-3.9,5.33,4.36,7.71,18.83,25.08
SPECIALITY,138.93,2026-09-01,-0.88,-5.0,4.35,28.54,36.88,12.96
CDSL,1391.0,2026-09-01,-0.82,0.43,4.35,15.52,10.34,-4.96
IMPAL,1131.4,2026-09-01,5.48,4.13,4.33,9.21,10.62,13.61
GANGESSECU,118.03,2026-09-01,0.29,-4.03,4.33,-2.67,-4.61,-25.09
ANURAS,1259.8,2026-09-01,-0.24,0.34,4.31,-5.15,1.65,14.1
LICHSGFIN,534.9,2026-09-01,-0.65,8.85,4.31,1.49,1.47,-3.15
KCP,167.89,2026-09-01,0.59,-4.94,4.25,6.31,6.87,-15.02
MAHABANK,82.7,2026-09-01,0.77,2.48,4.25,8.14,12.31,63.89
PALASHSECU,90.77,2026-09-01,2.89,-1.9,4.25,-7.41,-4.23,-22.79
KONSTELEC,64.05,2026-08-31,20.39,4.57,4.23,34.84,67.89,6.75
ASTRAL,1507.0,2026-09-01,-1.0,-1.68,4.2,-1.55,-9.5,7.36
SANDHAR,653.15,2026-09-01,-0.06,-4.03,4.2,-3.45,28.93,46.45
BLBLIMITED,16.15,2026-09-01,0.37,0.5,4.19,-5.28,-8.96,5.76
SYNGENE,402.05,2026-09-01,0.32,0.88,4.19,-10.0,-4.5,-36.52
TARIL,308.9,2026-09-01,-1.56,2.25,4.18,-0.87,-0.4,-38.22
DTL,125.0,2026-08-31,-7.41,7.76,4.17,-7.41,10.62,-15.82
ZUARIIND,269.6,2026-09-01,-0.77,-5.6,4.17,7.58,2.43,-13.83
TGBHOTELS,9.77,2026-09-01,-0.71,1.14,4.16,7.36,5.74,-16.42
MOLDTKPAC,699.95,2026-09-01,-1.31,-2.28,4.13,1.44,21.7,-13.4
PETRONET,292.3,2026-09-01,-2.76,-1.23,4.11,9.33,-8.57,9.37
HINDALCO,1014.4,2026-09-01,-0.1,-4.17,4.1,-10.66,10.27,41.7
LATTEYS,20.8,2026-09-01,-4.19,-9.88,4.1,-12.2,-7.06,4.37
VIYASH,262.3,2026-09-01,-0.49,-3.99,4.09,4.75,23.1,53.88
S&SPOWER,331.45,2026-09-01,-2.97,0.84,4.08,-16.86,9.55,-10.47
GARUDA,179.85,2026-09-01,4.8,-1.65,4.08,5.45,1.26,-18.08
JSWHL,11716.0,2026-09-01,-2.59,4.97,4.08,-9.06,-29.37,-34.62
DOLATALGO,70.93,2026-09-01,-1.51,-5.79,4.05,-3.39,-5.46,-10.78
GANDHITUBE,896.6,2026-09-01,-0.48,0.17,4.04,9.07,4.38,5.44
SUPREMEIND,3605.0,2026-09-01,1.29,0.11,4.03,3.12,-8.67,-20.41
MOTOGENFIN,28.03,2026-09-01,-0.04,8.02,4.01,11.85,36.27,8.43
LASERPOWER,311.35,2026-09-01,-0.94,-6.92,4.0,,,
MOKSH,10.46,2026-09-01,-0.19,1.16,3.98,-10.6,-16.19,-23.54
DDEVPLSTIK,278.75,2026-09-01,0.81,0.78,3.95,12.96,2.86,-10.15
BATLIBOI,85.1,2026-09-01,-1.41,-2.85,3.93,8.94,,
SYLVANPLY,55.8,2026-08-31,13.88,13.88,3.91,3.33,21.3,-20.4
VETO,126.05,2026-09-01,0.47,-3.37,3.85,3.02,21.74,13.78
GROWWDEFNC,96.75,2026-09-01,-0.71,-0.35,3.85,8.16,19.34,27.59
JAGSNPHARM,239.63,2026-09-01,-0.5,-0.47,3.83,18.86,42.07,0.97
DECCANCE,574.4,2026-09-01,0.23,5.04,3.83,-4.48,-22.19,-46.52
CASTROLIND,186.02,2026-09-01,0.83,-0.45,3.79,4.49,5.81,-0.78
SUTLEJTEX,39.44,2026-09-01,-1.57,2.6,3.79,10.6,25.61,4.95
JKPAPER,401.05,2026-09-01,1.21,1.97,3.77,12.04,11.96,6.45
MEDANTA,1458.1,2026-09-01,-1.46,3.74,3.77,24.8,28.08,4.49
SADHNANIQ,2.76,2026-09-01,-1.43,-6.44,3.76,11.29,40.82,-68.71
ALANKIT,8.07,2026-09-01,-0.25,-0.49,3.73,-5.06,-4.83,-42.15
COCHINSHIP,1475.9,2026-09-01,-2.26,-2.52,3.72,3.25,-1.06,-11.3
RETAIL,17.09,2026-09-01,-3.39,0.53,3.7,-18.23,-31.03,-55.11
MANAKSIA,57.79,2026-09-01,-1.6,-0.53,3.7,-3.86,-3.04,-17.04
VTL,602.3,2026-09-01,5.29,1.31,3.69,1.3,11.95,46.91
VEDL,274.0,2026-09-01,-1.51,-1.08,3.69,-18.73,-61.22,-35.37
SELECTIPO,48.64,2026-09-01,-1.02,-0.55,3.69,13.54,15.26,-0.54
PROSTARM,131.72,2026-09-01,-3.28,-4.68,3.68,-3.6,-9.98,-31.18
HAL,4807.6,2026-09-01,0.12,-2.01,3.68,13.24,23.1,9.66
IKIO,207.53,2026-09-01,-3.69,6.95,3.65,39.38,46.18,-1.43
ZYDUSLIFE,1167.8,2026-09-01,0.56,5.8,3.64,7.12,26.81,17.94
GANESHBE,116.37,2026-09-01,1.02,-4.6,3.6,23.78,41.31,20.24
SPIC,68.86,2026-09-01,1.65,-0.63,3.6,2.06,-0.94,-39.73
MOSCHIP,215.26,2026-09-01,0.5,4.58,3.59,0.92,10.76,25.26
TITAN,5050.0,2026-09-01,-1.03,-0.57,3.59,25.89,17.08,40.01
CAPTRUST,18.82,2026-09-01,-3.29,-6.27,3.58,43.12,45.22,-56.55
NAHARCAP,258.0,2026-09-01,1.61,0.3,3.56,1.14,8.14,-9.62
GLOBUSSPR,914.95,2026-09-01,-0.26,0.44,3.56,7.09,2.26,-24.16
GAYAPROJ,20.69,2026-09-01,-4.35,-7.39,3.55,5.35,62.91,141.14
HEIDELBERG,158.1,2026-09-01,0.44,-1.14,3.54,1.66,-3.44,-21.55
UNIECOM,87.71,2026-09-01,-1.85,1.95,3.54,2.6,-18.61,-37.11
METALIETF,13.23,2026-09-01,-2.43,-1.71,3.52,-2.43,7.56,41.35
SKFINDIA,1531.6,2026-09-01,-1.44,-3.45,3.51,-2.36,-9.7,-65.39
METAL,13.29,2026-09-01,-2.28,-1.34,3.5,-2.35,7.96,42.29
BHANDARI,2.96,2026-09-01,-0.67,-3.27,3.5,-6.62,5.34,-40.56
BASF,3760.8,2026-09-01,-0.71,-3.04,3.49,13.69,9.68,-18.22
SYSTANGO,223.15,2026-08-31,3.21,2.32,3.48,4.54,-10.78,-0.74
BAIDFIN,10.15,2026-09-01,0.0,5.29,3.47,-4.43,-8.56,-8.1
TNIDETF,91.54,2026-09-01,-0.26,1.02,3.45,11.63,11.13,-1.91
CARBORUNIV,1100.5,2026-09-01,-0.55,-1.93,3.45,7.04,34.0,18.42
SUNCLAY,1296.7,2026-09-01,-0.68,3.27,3.44,-1.51,-8.46,-22.56
TTL,6.64,2026-09-01,0.0,5.4,3.43,-10.27,-31.19,-38.35
JSWSTEEL,1313.5,2026-09-01,0.44,-1.02,3.43,1.67,4.46,27.58
RUBYMILLS,385.8,2026-09-01,0.38,-1.54,3.43,53.92,114.66,73.99
SURYALAXMI,62.92,2026-09-01,4.59,11.01,3.42,8.26,12.38,-1.92
POLYMED,1756.4,2026-09-01,-0.18,1.31,3.41,31.94,40.12,-14.89
APOLLOTYRE,442.7,2026-09-01,0.85,-0.71,3.4,15.55,-1.94,-4.12
BONLON,41.71,2026-09-01,2.56,4.98,3.4,-8.09,-2.11,
MOIPO,48.73,2026-09-01,-0.16,-0.23,3.39,13.38,14.88,
DPEL,577.2,2026-08-31,-0.13,-2.09,3.35,14.33,96.16,327.56
AFSL,207.73,2026-09-01,-2.06,3.34,3.33,3.35,3.35,-1.48
SHANKARA,146.59,2026-09-01,0.31,1.22,3.33,23.6,35.48,-85.01
EFCIL,201.34,2026-09-01,-1.69,-0.55,3.33,12.57,-10.04,-39.63
NOCIL,169.62,2026-09-01,-1.07,2.32,3.32,5.06,18.47,-4.36
ORTINGLOBE,15.86,2026-09-01,3.66,3.73,3.32,5.66,-7.74,20.79
LYPSAGEMS,4.69,2026-08-31,0.86,-0.42,3.3,,,
MODEFENCE,105.72,2026-09-01,-1.06,-1.22,3.3,7.93,18.36,26.91
GROWWMOM50,11.02,2026-09-01,-2.91,-0.18,3.28,5.25,4.85,7.66
IRBINVIT,64.85,2026-08-31,0.45,0.56,3.25,10.08,10.47,13.93
KNAGRI,214.99,2026-09-01,-1.12,-2.81,3.24,16.19,19.59,-0.17
NSIL,5696.0,2026-09-01,-0.12,-0.49,3.19,1.72,-4.48,-16.05
BANKINDIA,142.35,2026-09-01,0.54,0.25,3.19,4.1,-16.5,31.38
SHREEOSFM,58.8,2026-08-31,-4.62,-0.34,3.16,9.4,-24.42,-49.96
MOMENTUM50,54.29,2026-09-01,-2.11,-0.13,3.15,4.99,4.56,7.27
HEROMOTOCO,5555.0,2026-09-01,1.93,-2.29,3.14,16.95,-1.28,9.58
ASMS,7.24,2026-09-01,2.99,3.58,3.13,-1.63,-29.23,-39.52
GROWWMETAL,12.52,2026-09-01,-2.72,-1.57,3.13,-2.26,7.28,
AYE,171.7,2026-09-01,-4.36,2.7,3.11,15.2,44.23,
RADICO,4474.3,2026-09-01,-0.24,-2.73,3.08,27.9,69.25,56.97
JOCIL,148.74,2026-09-01,0.49,0.5,3.08,-0.06,11.41,-9.27
MONTECARLO,539.05,2026-09-01,1.65,-2.0,3.07,-1.07,-2.8,-3.56
VIVIANA,740.55,2026-09-01,1.79,1.86,3.06,-19.86,15.5,-37.39
AUBANK,1079.2,2026-09-01,-0.64,-3.12,3.05,11.46,12.72,49.71
SRPL,0.34,2026-08-31,0.0,0.0,3.03,-17.07,-38.18,-46.87
ENDURANCE,2841.7,2026-09-01,-1.03,-4.9,3.02,4.44,7.2,-2.94
GROWWSC250,10.65,2026-09-01,-0.19,0.19,3.0,9.57,15.76,
JYOTHYLAB,204.81,2026-09-01,0.66,-3.65,3.0,4.54,-17.76,-38.4
MMWL,14.14,2026-09-01,-3.08,-8.3,2.99,1.87,,
KSL,900.0,2026-09-01,-1.07,2.69,2.97,8.25,21.69,9.53
ANLON,625.0,2026-08-31,-6.02,-7.59,2.97,-4.62,63.83,45.35
EXCELINDUS,1015.5,2026-09-01,-2.93,-5.33,2.96,9.54,6.59,-17.2
RITCO,300.3,2026-09-01,-2.33,-4.65,2.95,12.73,36.72,6.7
SILLYMONKS,16.08,2026-09-01,0.5,1.26,2.94,-2.07,-8.58,2.55
SHREMINVIT,101.0,2026-08-31,1.1,0.0,2.94,2.94,9.77,12.4
SPAL,1021.3,2026-09-01,-2.76,8.49,2.94,32.08,44.36,41.14
DIXON,14461.0,2026-09-01,-2.62,-0.75,2.93,26.15,37.36,-17.71
NOVARTIND,1582.1,2026-09-01,1.78,5.32,2.93,4.84,135.34,135.34
EXICOM,162.98,2026-09-01,-1.81,1.95,2.91,2.75,75.45,13.65
SJS,2461.2,2026-09-01,-1.1,-3.92,2.91,22.74,40.09,85.56
RAMASTEEL,4.25,2026-09-01,-1.85,3.91,2.91,-19.2,-40.23,-58.74
EMAMIPAP,109.77,2026-09-01,-1.49,-3.13,2.9,29.53,33.3,4.73
CHAVDA,129.55,2026-08-31,-5.47,-4.07,2.9,38.56,18.85,8.41
OBEROIRLTY,1880.7,2026-09-01,0.68,0.57,2.9,14.15,23.79,15.36
AONETMMQ50,10.33,2026-09-01,-1.05,-0.58,2.89,1.78,5.74,
GLOBALE,11.2,2026-09-01,-2.61,-4.76,2.85,-13.85,-1.5,-19.02
DELTAMAGNT,58.45,2026-09-01,2.17,1.97,2.8,-5.5,-4.24,-33.33
BBTC,1539.0,2026-09-01,2.4,8.21,2.8,2.24,-9.16,-13.11
NAVA,563.6,2026-09-01,-0.79,-0.6,2.79,-4.79,-4.49,-19.59
HDFCSML250,185.65,2026-09-01,-0.46,0.25,2.76,9.44,15.87,10.0
AMEYA,112.0,2026-08-31,7.64,-2.61,2.75,6.62,18.33,9.54
CSBBANK,338.95,2026-09-01,-1.34,2.12,2.74,-5.6,-14.71,-9.27
SML100CASE,11.3,2026-09-01,-1.05,-0.18,2.73,10.78,17.99,
ABB,7396.0,2026-09-01,-3.17,-1.44,2.73,6.48,23.72,46.54
360ONE,1165.6,2026-09-01,-0.8,-2.03,2.67,8.05,6.23,14.31
KKCL,510.2,2026-09-01,1.27,-2.43,2.66,18.16,1.06,-0.18
AURUS,4.66,2026-09-01,-0.64,0.22,2.64,-8.81,-10.73,-29.07
ASHOKLEY,170.53,2026-09-01,-2.91,-1.59,2.62,15.8,-17.84,36.39
AWL,194.38,2026-09-01,0.95,0.26,2.61,2.49,3.33,-21.83
AXISTECETF,343.84,2026-08-28,2.58,0.64,2.59,,,
VILAS,357.95,2026-08-31,1.82,0.86,2.58,-0.21,-8.73,-31.1
CGPOWER,885.5,2026-09-01,-3.33,0.91,2.56,-0.99,22.1,23.74
KAJARIACER,1229.0,2026-09-01,-1.27,1.94,2.56,11.55,28.41,1.25
GODIGIT,260.75,2026-09-01,1.3,0.13,2.54,-13.87,-22.34,-26.49
EMULTIMQ,42.11,2026-09-01,-0.21,-0.33,2.53,0.05,3.54,3.26
BLKASHYAP,55.84,2026-09-01,0.29,6.48,2.53,2.65,7.76,-19.47
SIRCA,431.0,2026-09-01,-0.91,-1.99,2.51,2.48,-5.28,-7.2
LAURUSLABS,1861.6,2026-09-01,-2.79,3.36,2.5,34.08,73.22,116.86
GKENERGY,132.08,2026-09-01,-0.83,6.2,2.5,8.23,19.11,
RADIOWALLA,28.85,2026-08-31,13.14,15.17,2.49,-4.47,-44.52,-47.69
DODLA,1066.2,2026-09-01,-1.33,-7.24,2.46,-2.85,-8.28,-21.98
LOKESHMACH,346.25,2026-09-01,0.29,8.14,2.44,38.61,87.05,68.61
OLIL,420.0,2026-08-31,4.3,1.2,2.44,-4.55,39.88,82.61
SMALLADD,18.5,2026-09-01,-0.7,0.16,2.44,9.27,16.43,
DENTALKART,403.35,2026-08-31,-2.06,-1.6,2.44,-7.18,-10.24,-35.02
BUILDPRO,1272.4,2026-09-01,1.47,1.8,2.43,12.95,31.94,
DLF,675.15,2026-09-01,-2.3,-2.01,2.4,17.86,13.21,-8.64
TEAMLEASE,1264.5,2026-09-01,-1.48,1.37,2.4,-8.37,3.7,-30.62
KOVAI,6036.0,2026-09-01,-0.63,1.86,2.39,12.69,134.84,134.84
MFSL,1534.7,2026-09-01,-2.44,-2.24,2.38,-5.52,-15.37,-5.8
MANORG,496.8,2026-09-01,-4.37,3.39,2.37,-9.43,20.36,-12.2
ARIS,131.68,2026-09-01,-7.44,-8.61,2.36,15.6,17.84,-7.84
MEGATHERM,214.55,2026-08-31,-2.48,10.65,2.34,-1.08,0.7,-32.05
MOSMALL250,18.47,2026-09-01,-0.43,0.05,2.33,9.23,15.58,9.81
DMCC,286.8,2026-09-01,-1.63,-0.1,2.32,10.76,29.54,-7.93
AXISBANK,1258.0,2026-09-01,-3.23,1.78,2.32,-1.33,-9.03,18.6
ARVINDFASN,458.8,2026-09-01,1.39,3.58,2.31,-1.11,4.59,-12.51
PRAKASH,126.22,2026-09-01,-0.93,-1.36,2.29,-14.86,-3.77,-19.91
BOROLTD,241.85,2026-09-01,-1.63,-4.8,2.29,9.79,1.92,-28.71
INFY,1156.0,2026-09-01,1.96,2.3,2.29,-1.79,-9.16,-20.03
TCIFINANCE,15.25,2026-09-01,0.0,0.93,2.28,15.36,-2.56,17.4
BALMLAWRIE,176.13,2026-09-01,0.78,0.03,2.28,-3.93,-0.52,-14.89
MALLCOM,1004.45,2026-09-01,3.13,3.63,2.27,4.65,-13.23,-22.69
ACUTAAS,3174.3,2026-09-01,0.43,0.04,2.24,5.15,47.04,124.78
PNB,115.22,2026-09-01,0.87,-0.55,2.23,14.25,-8.4,15.92
INVENTURE,0.92,2026-09-01,-3.16,8.24,2.22,-5.15,-14.81,-39.07
MUFIN,134.65,2026-09-01,-1.38,-2.86,2.21,11.46,17.23,56.52
ICRA,5011.9,2026-09-01,1.94,0.9,2.21,-2.8,-7.49,-18.26
ACE,1093.8,2026-09-01,-1.5,-6.29,2.2,25.09,23.64,2.08
ARIHANTCAP,80.03,2026-09-01,2.93,5.01,2.16,21.81,-0.17,-26.74
SHIVAMILLS,62.34,2026-09-01,-0.08,4.53,2.16,-1.53,10.93,-12.68
IEML,42.7,2026-08-31,3.64,5.56,2.15,12.37,-44.33,-70.55
MINDSPACE,495.85,2026-08-31,-0.18,-0.29,2.13,8.68,10.31,23.52
PRIMESECU,282.7,2026-09-01,-1.48,2.41,2.09,1.11,2.26,4.38
NAGREEKEXP,22.0,2026-09-01,-0.09,-2.53,2.09,-20.17,-12.7,-13.01
SHREDIGCEM,73.82,2026-09-01,-1.61,2.07,2.09,3.06,6.28,-22.49
AJANTPHARM,3504.8,2026-09-01,-2.7,-2.1,2.07,20.67,18.14,45.86
SRHHYPOLTD,494.45,2026-09-01,-1.42,3.68,2.07,-2.16,6.21,-17.87
TIMKEN,3209.6,2026-09-01,1.91,4.18,2.04,-9.49,-7.51,9.56
GROWWPSUBK,85.46,2026-09-01,-0.43,-0.28,2.04,6.27,,
NXST,167.79,2026-08-31,-0.12,-0.13,2.02,9.71,6.83,19.89
DRREDDY,1171.0,2026-09-01,1.44,-1.6,1.99,-8.68,-8.39,-7.93
PIDILITIND,1643.5,2026-09-01,-2.62,-0.99,1.99,13.6,10.95,5.93
SBIETFIT,347.27,2026-09-01,0.53,2.63,1.99,4.97,2.87,-10.68
THYROCARE,590.55,2026-09-01,-2.31,1.12,1.99,14.53,51.97,39.9
ITETF,33.21,2026-09-01,0.39,2.59,1.96,5.26,3.04,-10.56
ITBEES,34.79,2026-09-01,0.26,2.56,1.96,5.01,2.87,-10.7
HMAAGRO,20.92,2026-09-01,-0.29,-1.69,1.95,-9.32,-19.26,-30.31
FRACTAL,827.8,2026-09-01,-2.86,-0.08,1.94,-15.85,6.33,
MIDSMALL,52.16,2026-09-01,-1.12,-0.23,1.93,3.88,10.74,9.08
MICROPRO,18.65,2026-08-31,-1.32,-3.12,1.91,-6.05,-13.05,-13.26
VRAJ,124.88,2026-09-01,-1.41,2.81,1.9,-1.18,-1.55,-15.24
ODIGMA,23.16,2026-09-01,3.25,4.47,1.89,3.76,-9.0,-23.31
MIDSELIETF,19.97,2026-09-01,-0.4,-0.05,1.89,9.42,13.02,14.97
GATECHDVR,0.54,2026-09-01,-3.57,8.0,1.89,10.2,14.89,5.88
MOMNC,33.55,2026-09-01,1.51,1.18,1.88,6.25,6.5,
LOVABLE,72.78,2026-09-01,-0.57,0.48,1.88,2.61,-2.2,-20.25
VENUSREM,1600.9,2026-09-01,-3.77,-5.1,1.87,19.87,139.62,254.07
WABAG,2013.9,2026-09-01,1.75,0.64,1.86,29.74,59.68,35.35
AXISHCETF,170.79,2026-08-28,2.53,1.7,1.86,,,
THOMASCOOK,105.71,2026-09-01,-2.05,-6.38,1.84,13.05,3.17,-40.12
PRUDENT,3352.3,2026-09-01,-8.77,0.46,1.83,22.95,42.83,22.19
VISHNUINFR,161.35,2026-08-31,1.22,9.02,1.83,-6.19,-3.7,-9.85
TOKYOPLAST,77.9,2026-09-01,1.05,-0.26,1.83,-9.42,-3.31,-37.67
AURUM,223.93,2026-09-01,-3.17,-3.55,1.82,25.11,24.78,34.52
MOALPHA50,56.23,2026-09-01,-2.17,-0.28,1.81,9.27,11.43,12.06
PSUBANK,85.16,2026-09-01,-1.15,-0.23,1.81,-89.43,-91.31,-87.55
UTKARSHBNK,14.88,2026-09-01,-1.2,1.29,1.78,14.11,7.59,-28.5
MADHAV,35.42,2026-09-01,2.61,0.8,1.78,-3.96,-8.36,-22.02
CELLO,349.4,2026-09-01,-0.82,-2.59,1.78,-8.87,-15.66,-34.4
NIPPOBATRY,328.05,2026-09-01,0.37,-0.52,1.77,-8.3,-2.5,-29.53
MINDACORP,712.4,2026-09-01,-0.02,-1.05,1.75,15.26,28.38,40.79
TECH,34.24,2026-09-01,0.56,3.13,1.75,5.39,3.29,-9.97
ITBETA,329.02,2026-09-01,0.31,2.58,1.75,4.89,2.85,-10.61
ITIETF,34.8,2026-09-01,1.43,2.72,1.75,5.2,2.96,-10.47
EICHERMOT,7970.0,2026-09-01,0.21,-0.96,1.74,13.42,0.54,28.24
HDFCNIFIT,33.43,2026-09-01,0.54,2.55,1.73,4.76,2.83,-10.78
ROSSELLIND,58.13,2026-09-01,-0.56,2.4,1.73,4.59,21.47,-12.54
RAMCOSYS,590.95,2026-09-01,2.73,3.67,1.73,32.19,32.56,38.06
PSUBNKIETF,86.24,2026-09-01,-0.35,-0.23,1.73,5.8,-13.27,24.97
BIRET,341.71,2026-08-31,-0.84,-0.82,1.72,8.92,-4.26,13.97
ITADD,33.15,2026-09-01,1.69,2.6,1.72,5.27,2.76,-10.48
ABSLAMC,1029.1,2026-09-01,-2.16,3.04,1.71,3.49,18.05,25.87
MICEL,39.02,2026-09-01,-1.98,7.94,1.69,-8.85,5.46,-24.57
SHIVAUM,448.35,2026-09-01,0.53,0.93,1.68,40.99,61.86,45.1
RITES,216.38,2026-09-01,-0.94,-1.71,1.68,8.21,1.76,-13.55
ARROWGREEN,734.5,2026-09-01,4.66,6.33,1.67,34.63,81.99,25.57
IT,34.72,2026-09-01,0.26,2.63,1.67,5.05,2.78,-10.86
ORIENTELEC,177.66,2026-09-01,-1.21,-3.97,1.65,-2.38,-3.61,-16.15
THANGAMAYL,5311.5,2026-09-01,-1.86,-3.31,1.63,24.33,34.53,137.55
ELGIRUBCO,60.66,2026-09-01,2.87,2.17,1.63,32.5,51.61,-27.31
CHEVIOT,1124.6,2026-09-01,-0.86,-3.58,1.63,5.09,9.94,-6.29
REPL,64.99,2026-09-01,0.22,2.33,1.63,-5.37,-25.62,-59.61
BANSALWIRE,319.75,2026-09-01,0.98,-0.67,1.62,3.68,21.79,-11.28
APOLSINHOT,1219.5,2026-09-01,-1.07,1.51,1.62,-2.17,-2.49,-11.73
VIPIND,303.75,2026-09-01,-0.9,0.56,1.61,-8.59,-15.05,-27.68
JAYAGROGN,229.42,2026-09-01,-1.51,0.35,1.61,0.65,32.15,-3.2
EMKAYTOOLS,95.0,2026-08-31,-0.94,3.26,1.6,-5.28,-4.19,-44.05
RBLBANK,380.5,2026-09-01,0.04,-1.93,1.59,12.6,19.31,44.53
HERCULES,159.32,2026-08-31,0.0,0.0,1.59,1.59,1.59,1.81
ORIENTLTD,82.22,2026-09-01,0.0,-0.34,1.57,32.44,26.75,-6.34
KREBSBIO,54.49,2026-09-01,-3.2,2.52,1.57,-14.97,-4.47,-24.33
PATELENG,27.76,2026-09-01,-0.96,-1.84,1.57,6.32,0.62,-25.52
EMBASSY,438.48,2026-08-31,0.69,-0.41,1.56,4.13,6.27,19.93
GROWWEV,33.17,2026-09-01,-0.63,-0.54,1.56,9.29,7.42,8.54
SUPREMEINF,84.93,2026-09-01,1.37,-1.66,1.55,-1.82,1.57,-20.86
FEDFINA,156.21,2026-09-01,-0.66,-1.79,1.55,-0.28,19.36,13.2
ELDEHSG,783.65,2026-09-01,0.68,-5.08,1.54,-0.41,-12.48,7.97
NYKAA,338.5,2026-09-01,-3.16,2.48,1.53,26.92,27.5,44.83
GRANULES,837.2,2026-09-01,1.05,-2.12,1.52,7.69,44.09,62.65
NAM-INDIA,1178.9,2026-09-01,0.56,-5.52,1.51,9.05,27.98,50.56
TEXRAIL,113.07,2026-09-01,3.78,8.67,1.51,9.16,7.95,-18.13
SHRITECH,60.95,2026-08-31,1.5,-1.53,1.5,-7.86,-0.08,-19.8
KARURVYSYA,347.6,2026-09-01,0.0,2.79,1.5,22.36,7.39,67.53
PSUBANKADD,85.72,2026-09-01,-0.59,-0.58,1.49,6.0,-13.48,24.72
SHARDAMOTR,884.3,2026-09-01,0.16,-0.99,1.49,4.39,-5.12,-15.37
USHAMART,499.6,2026-09-01,0.13,1.83,1.49,2.57,20.3,29.56
POWERINDIA,32640.0,2026-09-01,-3.32,-3.55,1.47,-10.26,27.72,72.36
BANKPSU,85.72,2026-09-01,-1.05,-0.17,1.43,5.98,-13.11,25.23
SILGO,70.94,2026-09-01,-2.6,-2.08,1.43,-13.74,-2.76,4.14
AFIL,9.43,2026-09-01,-0.42,-6.17,1.4,-7.28,32.82,36.27
AXISBNKETF,593.78,2026-08-28,0.05,-0.48,1.37,,,
ALPHAETF,26.53,2026-09-01,-2.86,-1.19,1.34,4.16,4.12,6.55
GROWWCAPM,11.37,2026-09-01,-1.81,-1.39,1.34,0.18,16.86,
HDFCPSUBK,85.73,2026-09-01,-1.12,-0.55,1.32,5.29,-13.66,24.17
PSUBNKBEES,94.65,2026-09-01,-1.45,-0.5,1.32,5.83,-13.29,24.38
CINELINE,88.95,2026-09-01,0.96,-0.51,1.31,9.94,1.06,2.02
DEN,27.77,2026-09-01,-1.77,-1.31,1.31,4.32,-0.93,-20.61
SKIPPER,534.55,2026-09-01,-1.23,-7.03,1.29,-2.34,45.91,-0.2
VMSTMT,45.23,2026-09-01,-0.68,-4.15,1.28,-4.72,-2.14,
TIMESCAN,39.5,2026-08-31,0.77,-3.54,1.28,0.51,-16.75,-39.83
BGLOBAL,3.16,2026-08-31,0.0,0.32,1.28,1.28,6.76,-2.47
PCBL,317.5,2026-09-01,0.14,-1.15,1.27,12.39,4.05,-12.69
TEMBO,56.03,2026-09-01,-3.48,-2.89,1.27,-6.4,5.23,-9.43
PLASTIBLEN,185.59,2026-09-01,0.06,-3.59,1.23,9.98,28.36,0.05
GROWWMC150,234.07,2026-09-01,-1.29,0.05,1.23,2.28,6.71,
SIS,427.55,2026-09-01,-0.26,2.27,1.22,4.89,40.04,19.6
TRUALT,428.15,2026-09-01,-0.34,-3.1,1.22,-13.54,6.66,
CHEMBOND,168.99,2026-09-01,-3.14,-2.55,1.19,2.28,16.19,-9.45
GTECJAINX,28.28,2026-09-01,1.04,-4.59,1.18,41.26,46.99,17.83
SHRIRAMFIN,1059.1,2026-09-01,-4.58,-5.35,1.18,15.89,-1.33,82.06
PILANIINVS,4353.2,2026-09-01,-0.0,-0.2,1.17,0.08,-5.09,-13.6
NEPHROPLUS,689.6,2026-09-01,0.97,0.34,1.17,8.33,16.13,
HOLMARC,102.05,2026-08-31,-4.98,-5.9,1.16,-0.89,7.92,-13.18
DGCONTENT,24.23,2026-09-01,-3.85,-2.34,1.13,-9.76,-12.46,-33.96
NIF100BEES,266.76,2026-09-01,-0.57,-0.92,1.12,1.12,-2.74,-0.19
NIRAJ,29.27,2026-09-01,-0.17,3.76,1.11,5.21,-1.15,-36.56
CARRARO,542.25,2026-09-01,-3.07,1.46,1.09,4.26,4.06,31.95
MOMIDMTM,64.66,2026-09-01,-1.27,-0.46,1.08,1.89,2.99,5.13
TITAGARH,833.95,2026-09-01,1.94,-0.89,1.06,4.06,18.97,-0.96
GRCL,572.0,2026-08-31,2.55,13.27,1.05,6.72,43.0,43.39
LT,3980.1,2026-09-01,-1.6,-2.69,1.05,-0.77,-6.06,11.69
NPBET,287.68,2026-09-01,-0.08,0.91,1.04,6.94,-2.83,6.06
NIFTYIETF,272.12,2026-09-01,-0.48,-0.94,1.03,1.03,-4.23,-1.74
MOCAPITAL,53.93,2026-09-01,-2.64,-1.77,1.03,0.07,,
MIDQ50ADD,25.44,2026-09-01,-0.62,0.08,1.03,-89.56,-89.48,-89.74
AARTIDRUGS,427.1,2026-09-01,3.74,1.44,1.03,11.54,16.38,-9.31
ICICIBANK,1438.0,2026-09-01,-1.1,1.63,1.03,16.97,5.17,2.77
DSFCL,26.07,2026-09-01,-2.98,-3.8,1.01,8.39,-16.94,
DOLLAR,266.6,2026-09-01,-0.87,-2.59,0.98,2.41,-8.05,-24.25
EVINDIA,33.15,2026-09-01,-1.28,-1.02,0.97,9.19,7.04,8.4
MIDCAP,18.66,2026-09-01,-0.9,-0.32,0.97,5.72,8.36,-88.3
BANARBEADS,116.4,2026-09-01,1.51,3.31,0.96,8.59,-4.27,15.95
RIIL,749.7,2026-09-01,-0.37,-3.26,0.96,1.37,7.1,-15.32
PHARMABEES,27.53,2026-09-01,-0.25,1.7,0.95,10.65,16.7,23.23
AHLADA,37.31,2026-09-01,-3.54,-0.88,0.95,-6.98,-17.36,-33.09
KCPSUGIND,32.25,2026-09-01,-0.95,-6.0,0.94,28.69,39.31,-2.77
STUDDS,441.3,2026-09-01,-0.83,-1.28,0.93,-0.7,-14.57,
JKIL,486.45,2026-09-01,-0.75,-3.61,0.92,-2.56,-7.97,-20.22
MIDCAPBETA,235.13,2026-09-01,-0.72,-0.5,0.91,4.36,6.3,
LTTS,3587.8,2026-09-01,-0.57,0.09,0.91,5.98,3.3,-14.14
HYUNDAI,2179.8,2026-09-01,-1.14,-1.23,0.91,16.9,1.63,-10.38
AMBER,7508.0,2026-09-01,-1.47,1.76,0.91,-1.52,-5.84,-1.61
VEDPOWER,34.83,2026-09-01,-0.99,-4.05,0.9,,,
LICNMID100,63.81,2026-09-01,-0.62,-0.31,0.9,3.72,7.21,0.41
V2RETAIL,221.25,2026-09-01,-0.64,1.39,0.88,-9.44,10.95,28.44
MRPL,171.42,2026-09-01,0.62,-1.39,0.87,16.56,-10.99,39.06
VSTL,111.83,2026-09-01,-0.02,0.27,0.87,-1.58,-4.22,-30.6
KIRLOSBROS,1886.3,2026-09-01,-0.73,-1.88,0.87,16.59,19.63,-4.18
APEX,374.7,2026-09-01,-1.39,-5.34,0.86,-13.49,-3.79,77.32
CONFIPET,80.34,2026-09-01,-1.27,11.37,0.85,26.58,153.04,67.84
HEXATRADEX,158.72,2026-09-01,-1.1,0.61,0.85,-1.95,-0.87,-10.65
SURANASOL,26.26,2026-09-01,-2.2,2.82,0.84,-3.03,14.82,-15.24
PLATIND,227.79,2026-09-01,-3.19,8.34,0.84,4.64,2.54,-13.02
INDOSTAR,252.08,2026-09-01,1.12,-3.97,0.83,11.75,12.42,-3.2
GPIL,243.41,2026-09-01,-0.11,-0.76,0.83,-13.22,-8.12,2.15
VINATIORGA,1315.4,2026-09-01,-1.09,-1.07,0.83,0.63,-10.64,-21.75
GRWRHITECH,7209.5,2026-09-01,1.01,-0.35,0.81,24.01,71.08,160.83
ZEAL,62.5,2026-08-31,-3.85,-1.57,0.81,-11.85,-21.38,-47.03
GUJRAFFIA,39.96,2026-09-01,-0.2,-1.31,0.78,-5.69,5.83,4.77
EMMIL,125.0,2026-08-31,3.31,-2.08,0.77,2.63,-12.13,-31.24
DIGIKORE,39.3,2026-08-31,4.24,5.79,0.77,-31.29,-54.06,-74.32
SUPRAJIT,506.45,2026-09-01,0.99,0.14,0.77,9.82,16.47,11.56
HDFCMID150,23.56,2026-09-01,-0.97,-0.72,0.77,4.57,6.46,10.3
NMDC,85.69,2026-09-01,-2.85,-0.24,0.76,-7.23,4.83,26.82
AIROLAM,86.68,2026-09-01,-1.6,-2.6,0.76,5.07,-5.53,-20.06
SUMICHEM,514.2,2026-09-01,-0.63,-1.77,0.76,7.02,28.49,-9.44
AXISNIFTY,267.88,2026-08-28,0.06,-0.73,0.76,,,
TALBROAUTO,410.8,2026-09-01,-0.15,-1.82,0.75,19.59,58.24,57.53
SPLPETRO,718.5,2026-09-01,-1.45,3.92,0.75,8.02,1.34,-6.4
PURVA,212.38,2026-09-01,-0.26,-0.9,0.75,-0.76,7.0,-25.61
IRIS,250.04,2026-09-01,0.43,3.3,0.74,-3.37,0.8,-30.08
CUBEXTUB,76.82,2026-09-01,-0.22,-3.05,0.71,-12.54,-27.63,-9.94
CAMPUS,223.92,2026-09-01,-1.0,-2.03,0.71,-10.16,-13.14,-14.94
DHARMAJ,269.75,2026-09-01,-0.09,3.49,0.71,-5.8,13.94,-26.39
EBBETF0425,1290.83,2025-04-08,0.02,0.23,0.7,1.9,3.85,7.57
IIFLCAPS,340.15,2026-09-01,0.95,1.92,0.7,0.43,17.9,12.53
MID150CASE,11.7,2026-09-01,-1.43,-0.76,0.69,4.56,6.95,11.11
PREMIER,2.9,2026-09-01,-1.36,6.62,0.69,-3.33,-3.01,-15.45
SBIN,1034.5,2026-09-01,-2.41,-0.48,0.69,8.43,-12.36,30.66
OMPOWER,169.08,2026-09-01,-2.92,3.39,0.68,0.41,,
GLFL,5.93,2026-09-01,0.51,2.77,0.68,-1.66,6.46,3.67
GREENPLY,286.2,2026-09-01,-1.38,-1.84,0.68,15.9,29.85,-6.28
TATACAP,367.85,2026-09-01,-0.01,0.93,0.67,22.43,10.45,
MIDCAPIETF,24.1,2026-09-01,-0.62,-0.33,0.67,4.56,6.64,10.7
GSEC10YEAR,30.51,2026-09-01,-0.39,0.46,0.66,2.73,2.62,5.46
BIOFILCHEM,32.15,2026-09-01,-1.35,-0.59,0.66,-7.67,0.34,-27.05
GSEC10IETF,263.5,2026-09-01,-0.01,-0.04,0.65,2.32,1.27,3.27
PVTBANKADD,28.08,2026-09-01,-0.28,0.65,0.65,5.96,-3.21,5.48
PVTBANIETF,27.93,2026-09-01,-0.43,0.11,0.65,6.24,-3.26,5.32
MOM100,68.31,2026-09-01,-1.17,-0.8,0.65,4.18,7.15,11.6
HDFCMOMENT,31.01,2026-09-01,-2.21,-0.83,0.65,2.31,-2.05,2.07
MOM30IETF,31.29,2026-09-01,-0.79,-0.86,0.64,2.32,-2.04,2.09
BATAINDIA,677.35,2026-09-01,-0.74,-1.3,0.64,6.85,-10.05,-36.38
LOYALTEX,205.27,2026-09-01,-5.84,-2.25,0.62,-6.7,-7.41,-34.6
TECILCHEM,9.74,2026-09-01,3.29,11.06,0.62,-17.81,-27.91,-48.74
MANUGRAPH,14.54,2026-09-01,-2.35,-8.67,0.62,-6.62,-3.77,-38.52
GILT10BETA,26.52,2026-09-01,-1.08,0.08,0.61,2.16,1.11,3.39
MAGSON,181.05,2026-08-31,-1.17,-5.06,0.58,7.77,30.25,59.16
SSFL,260.95,2026-08-31,13.46,15.46,0.58,59.94,89.51,66.82
ARMANFIN,1952.3,2026-09-01,-1.43,-0.11,0.58,22.65,24.55,38.79
CEIGALL,344.7,2026-09-01,0.98,7.0,0.57,0.79,21.42,39.4
SBINMID150,23.36,2026-09-01,-0.85,-0.68,0.56,4.86,,
RHL,169.45,2026-09-01,2.41,0.27,0.56,-9.92,-12.55,-42.83
MOMENTUM,31.07,2026-09-01,-2.23,-0.7,0.55,1.7,-2.11,2.24
IDFCFIRSTB,84.9,2026-09-01,-1.24,-1.15,0.55,19.51,15.88,23.51
ASHOKA,121.75,2026-09-01,1.21,7.53,0.55,-0.07,-6.36,-33.95
INDIGRID,175.6,2026-08-31,0.18,-0.78,0.55,4.85,10.67,17.46
PGINVIT,99.94,2026-08-31,-0.06,-0.36,0.54,10.97,14.76,24.78
BBNPNBETF,57.86,2026-09-01,-0.19,-1.28,0.52,6.95,-4.52,6.48
MIDCAPADD,23.33,2026-09-01,-1.14,-0.68,0.52,4.48,6.48,
EMMVEE,319.25,2026-09-01,-0.78,-1.84,0.52,5.05,63.56,
CANBK,125.6,2026-09-01,-1.02,-1.34,0.5,1.39,-17.56,23.4
UNIENTER,95.39,2026-09-01,2.01,0.42,0.5,-7.09,-8.08,-36.05
ABSLBANETF,58.88,2026-09-01,-0.32,0.43,0.48,7.31,-4.69,6.61
MIDCAPETF,23.75,2026-09-01,-0.71,-0.88,0.47,4.26,6.5,10.47
QUAL30IETF,21.49,2026-09-01,1.27,0.8,0.47,3.97,3.12,1.22
MOMOMENTUM,62.18,2026-09-01,-2.08,-0.62,0.45,2.24,-2.12,2.05
DIGJAMLMTD,49.17,2026-09-01,-4.04,-4.17,0.45,11.88,3.58,-14.86
MANAKCOAT,120.46,2026-09-01,-1.61,-3.42,0.45,17.86,2.19,-15.43
MID150BEES,240.53,2026-09-01,-0.67,-0.72,0.44,4.61,6.45,10.34
LAXMIINDIA,127.04,2026-09-01,-2.22,1.23,0.44,16.17,34.79,-3.79
UNIVAFOODS,9.03,2026-08-31,0.0,0.0,0.44,10.53,-8.88,-26.7
TIINDIA,2763.2,2026-09-01,-0.6,-4.06,0.43,-9.55,0.41,-11.9
HDFCQUAL,59.14,2026-09-01,-0.2,0.07,0.42,3.48,2.64,1.91
AONELIQUID,1075.03,2026-09-01,0.03,0.11,0.4,1.24,2.49,5.03
LIQUID1,1120.75,2026-09-01,0.01,0.11,0.4,1.26,2.51,5.09
LIQUIDADD,1142.86,2026-09-01,0.03,0.1,0.39,1.23,2.46,4.97
CASHIETF,1077.71,2026-09-01,0.01,0.1,0.39,1.24,2.48,5.04
HDFCLIQUID,1076.13,2026-09-01,0.03,0.1,0.39,1.24,2.47,7.36
LIQUIDCASE,115.73,2026-09-01,0.03,0.11,0.39,1.22,2.47,5.01
LIQUIDPLUS,1101.37,2026-09-01,0.02,0.11,0.39,1.24,2.49,5.06
ELIQUID,1045.99,2026-09-01,0.02,0.1,0.39,1.24,2.53,
LIQUIDBETF,1097.02,2026-09-01,0.02,0.1,0.38,1.2,2.42,4.88
DALBHARAT,1806.6,2026-09-01,-2.67,-2.5,0.38,3.69,-9.09,-24.47
WHIRLPOOL,801.15,2026-09-01,-0.25,4.8,0.38,-2.99,-12.57,-38.79
HEALTHCARE,21.69,2026-09-01,-0.91,1.4,0.37,9.82,14.94,
GROWWLIQID,110.58,2026-09-01,0.03,0.1,0.37,1.18,2.35,4.78
SINDHUTRAD,24.5,2026-09-01,-1.92,2.0,0.37,-5.81,-2.58,-0.24
COMPUSOFT,13.48,2026-09-01,0.22,3.37,0.37,-0.52,-5.27,-28.52
LIQUIDSHRI,1119.72,2026-09-01,0.03,0.1,0.37,1.17,2.35,4.79
MBAPL,160.78,2026-09-01,-0.41,-4.81,0.36,52.46,71.65,91.85
MUKTAARTS,57.0,2026-09-01,1.69,0.11,0.35,-13.54,3.6,-18.7
BANKADD,58.77,2026-09-01,-0.34,-0.17,0.34,7.32,-5.0,6.45
VARDMNPOLY,5.99,2026-09-01,0.34,-0.17,0.34,-9.65,-29.03,-33.74
SBIETFPB,281.39,2026-09-01,-0.79,-0.36,0.34,5.98,-3.83,5.02
DIGIDRIVE,17.82,2026-09-01,0.62,-0.34,0.34,-5.76,-15.9,-43.43
RAJRATAN,496.7,2026-09-01,-0.09,1.33,0.34,20.49,19.67,61.21
PENIND,165.66,2026-09-01,-0.28,2.89,0.33,3.9,10.68,-31.89
MOMGF,164.05,2026-09-01,-0.65,-0.08,0.33,4.87,4.54,13.57
HCLTECH,1351.4,2026-09-01,2.99,2.22,0.33,14.23,0.16,-3.8
MEIL,284.95,2026-09-01,-0.77,9.16,0.32,-10.98,21.2,-44.92
BANKBETA,59.31,2026-09-01,-0.25,0.07,0.32,7.21,-5.0,
ALPEXSOLAR,831.7,2026-08-31,-3.12,7.6,0.32,-16.52,8.03,-32.89
3PLAND,31.8,2026-09-01,0.98,0.22,0.32,4.3,-2.69,-29.83
SUNTECK,303.25,2026-09-01,0.17,-1.33,0.31,4.75,-24.4,-20.54
OMFREIGHT,89.94,2026-09-01,0.49,-3.91,0.31,7.49,13.08,
JSL,734.0,2026-09-01,4.54,4.5,0.31,5.92,-5.06,-2.3
FILATEX,73.74,2026-09-01,-1.9,-12.27,0.3,63.58,70.03,40.35
KOTHARIPRO,66.97,2026-09-01,-0.19,-2.26,0.3,-8.2,-0.83,-12.15
ZFSTEERING,665.9,2026-09-01,-0.05,-1.03,0.29,0.11,,
MOHEALTH,51.81,2026-09-01,-1.22,1.11,0.29,9.93,16.01,16.77
MSCIINDIA,30.23,2026-09-01,0.3,0.9,0.27,4.53,-0.17,3.63
GVT&D,4324.0,2026-09-01,-2.73,3.5,0.26,-8.84,12.58,55.0
BANKBEES,593.79,2026-09-01,-0.38,-0.15,0.26,7.28,-4.84,6.43
MFML,18.97,2026-09-01,3.38,0.21,0.26,-22.57,-11.52,-36.66
ECAPINSURE,23.88,2026-09-01,-1.49,-1.69,0.25,0.21,-0.75,4.55
AXISCETF,122.8,2026-08-28,-0.42,-1.55,0.24,,,
KHANDSE,17.97,2026-09-01,5.52,5.03,0.22,-7.23,5.4,-24.08
BANKETF,584.26,2026-09-01,-0.29,-0.14,0.22,7.16,-4.86,6.39
BANKBETF,58.21,2026-09-01,-0.48,-0.19,0.21,7.2,-4.85,6.22
BANKIETF,58.9,2026-09-01,-0.39,0.0,0.2,7.19,-4.82,6.38
HDFCPVTBAN,28.14,2026-09-01,-0.64,0.57,0.18,5.99,-3.33,5.16
SUNDRMBRAK,768.0,2026-09-01,-0.32,-2.76,0.15,10.24,27.01,-1.61
HDFCNIFBAN,59.0,2026-09-01,-0.47,-0.08,0.15,7.18,-4.98,6.29
TCS,2369.0,2026-09-01,-1.26,3.72,0.14,3.68,-8.46,-20.73
GAEL,172.03,2026-09-01,-2.76,-4.58,0.13,12.78,22.28,67.25
WSI,60.98,2026-09-01,-0.8,-1.41,0.13,-9.95,-13.5,-20.71
MAKEINDIA,166.46,2026-09-01,-0.69,-0.88,0.12,4.08,4.01,13.21
UWCSL,100.8,2026-08-31,0.0,0.0,0.1,3.07,2.7,-12.7
RELIANCE,1309.0,2026-09-01,2.51,-0.06,0.09,-0.37,-5.66,-2.87
SETFNIFBK,588.44,2026-09-01,-0.53,-0.28,0.07,7.16,-5.07,6.32
JINDRILL,615.65,2026-09-01,-0.61,-2.27,0.07,2.25,38.48,0.52
SBC,42.04,2026-09-01,-0.26,5.58,0.07,14.08,30.4,117.49
MULTICAP,16.75,2026-09-01,-0.83,-0.77,0.06,5.15,4.1,5.55
TCIEXP,541.95,2026-09-01,-1.02,-0.71,0.06,8.95,-0.71,-19.5
KNACK,190.21,2026-09-01,-0.07,-5.85,0.03,,,
ANDHRAPAP,60.55,2026-09-01,-0.23,-0.41,0.02,-2.07,-11.24,-23.68
SGFIN,682.3,2026-09-01,-0.92,-1.02,0.01,21.9,75.04,79.41
ALPSINDUS,34.3,2026-08-31,0.0,0.0,0.0,0.0,0.0,87.43
PATTECH,114.85,2026-08-31,0.0,0.0,0.0,-1.71,8.09,-4.05
INDLMETER,23.69,2026-08-31,0.0,0.0,0.0,0.0,0.0,0.0
BRIGHT,2.8,2026-08-31,0.0,0.0,0.0,0.0,0.0,0.0
PERFECT,8.1,2026-08-31,0.0,0.0,0.0,0.0,0.0,0.0
DCMFINSERV,5.22,2026-09-01,-1.88,1.75,0.0,-14.57,19.18,-12.85
SANCO,2.9,2026-08-31,0.0,0.0,0.0,-11.04,31.22,13.28
ANTGRAPHIC,0.75,2026-09-01,-1.32,2.74,0.0,-7.41,-13.79,-33.63
GANGOTRI,0.61,2026-08-31,0.0,0.0,0.0,0.0,0.0,1.67
GAYAHWS,2.02,2026-09-01,3.06,5.21,0.0,-10.22,-12.17,16.09
SECURCRED,1.56,2026-08-31,0.0,0.0,0.0,0.0,0.0,0.0
SECL,3.0,2026-08-31,0.0,0.0,0.0,-4.76,-23.08,-50.0
MARSHALL,3.64,2026-08-31,0.0,0.0,0.0,0.0,0.0,-46.78
GANGAFORGE,1.77,2026-09-01,4.73,-9.23,0.0,-24.36,-41.2,-41.97
BKMINDST,45.0,2026-08-31,0.0,0.0,0.0,0.0,0.0,0.0
SHAIVAL,33.0,2026-08-31,0.0,0.0,0.0,0.0,8.2,8.2
KTL,4.85,2026-08-31,0.0,0.0,0.0,0.0,0.0,-20.49
LIQUIDETF,999.99,2026-09-01,0.0,0.0,-0.0,0.0,0.38,2.46
WINSOME,836.67,2026-08-31,0.0,0.0,0.0,4.15,46.78,21.84
LIQUIDIETF,999.99,2026-09-01,0.0,0.0,0.0,0.0,0.0,0.0
LIQUIDSBI,1000.0,2026-09-01,0.0,0.0,-0.0,0.81,1.23,3.09
CONSUMER,12.08,2026-09-01,-1.23,-1.79,0.0,11.85,8.15,-0.08
SALASAR,5.84,2026-09-01,-1.18,-0.51,0.0,-14.37,-26.17,-21.61
LIQUIDBEES,1000.0,2026-09-01,0.0,0.0,0.0,0.0,0.0,0.31
RMCL,200.0,2026-08-31,0.0,0.0,0.0,0.0,0.0,0.0
GOENKA,0.82,2026-08-31,0.0,0.0,0.0,0.0,0.0,-11.83
LIQUID,999.99,2026-09-01,0.0,0.0,0.0,0.81,1.22,3.61
QUADPRO,2.4,2026-08-31,0.0,0.0,0.0,11.63,4.35,-20.0
SAHAJ,3.85,2026-08-31,0.0,0.0,0.0,0.0,-20.62,-54.17
PODDARHOUS,43.37,2026-08-31,0.0,0.0,0.0,0.0,0.0,0.0
AVSL,119.7,2026-08-31,0.0,0.0,0.0,0.0,0.0,-4.24
AURIGROW,0.28,2026-08-31,0.0,0.0,0.0,-9.68,7.69,-50.88
EBANKNIFTY,57.95,2026-09-01,-0.31,0.22,0.0,7.35,-4.77,6.45
JINDCOT,2.5,2024-11-08,0.0,0.0,0.0,0.0,0.0,0.0
SUULD,1.57,2026-08-31,0.0,0.0,0.0,0.0,0.0,-26.98
DPSCLTD,7.35,2026-09-01,2.23,3.38,0.0,-10.91,-21.47,-38.95
AIIL,539.3,2026-09-01,-3.85,-2.81,0.0,17.76,11.92,-16.25
MINDPOOL,71.1,2026-08-31,0.0,0.0,0.0,0.0,0.0,3.72
OMKARCHEM,3.41,2026-08-31,0.0,0.0,0.0,0.0,-28.21,-42.59
MELSTAR,4.25,2026-08-31,0.0,0.0,0.0,0.0,0.0,0.0
TECHIN,14.0,2026-08-31,0.0,0.0,0.0,0.0,0.0,0.0
FEL,0.38,2026-09-01,0.0,-5.0,0.0,-11.63,-11.63,-37.7
JAKHARIA,60.5,2026-08-31,0.0,0.0,0.0,0.0,0.0,-31.33
DKEGL,65.25,2026-08-31,-8.29,-1.14,0.0,-2.47,-5.71,-3.76
EDUCOMP,0.9,2026-08-31,2.27,1.12,0.0,-9.09,-15.89,-44.44
FILATFASH,0.18,2026-09-01,0.0,0.0,0.0,-21.74,-18.18,-65.38
ABSLLIQUID,1000.0,2026-09-01,0.0,0.0,0.0,0.68,1.46,3.1
VIKASECO,1.09,2026-09-01,-2.68,2.83,0.0,-14.84,-21.58,-47.6
SRIRAM,10.1,2026-08-31,0.0,0.0,0.0,0.0,0.0,0.0
VELS,73.0,2026-08-31,0.0,0.0,0.0,6.8,46.0,32.73
SGIL,602.4,2026-09-01,-0.1,4.61,-0.02,13.98,15.31,13.68
METROPOLIS,582.25,2026-09-01,-0.02,3.35,-0.03,7.65,22.58,8.84
PREMEXPLN,663.95,2026-09-01,0.17,-0.51,-0.03,3.16,23.49,29.37
PHOENIXLTD,1892.6,2026-09-01,-0.39,-2.04,-0.04,8.28,14.11,24.95
KFINTECH,937.5,2026-09-01,-3.35,-3.34,-0.04,12.38,-0.68,-11.21
LALPATHLAB,1904.4,2026-09-01,-1.56,1.09,-0.04,21.35,36.73,17.55
INFOLLION,157.0,2026-08-31,-1.94,0.48,-0.06,-16.4,-51.11,-66.74
GSFC,158.75,2026-09-01,0.38,-0.56,-0.06,-3.14,-5.97,-20.73
DHANBANK,32.05,2026-09-01,-0.19,-5.76,-0.06,-4.39,34.33,28.46
KSOLVES,281.3,2026-09-01,4.85,2.5,-0.07,2.5,-6.12,-7.58
GOPAL,270.3,2026-09-01,-1.62,-4.94,-0.07,-8.91,-9.33,-28.21
BHAGYANGR,380.0,2026-09-01,-1.22,-2.3,-0.08,23.44,153.5,322.18
STAR,1024.2,2026-09-01,-0.08,3.08,-0.08,-5.95,20.84,14.75
UNIDT,222.2,2026-09-01,3.1,1.1,-0.08,-6.07,27.55,11.19
KIRLPNU,740.4,2026-09-01,3.61,1.48,-0.11,-4.23,28.03,17.96
NAVNETEDUL,133.95,2026-09-01,-0.49,0.28,-0.11,-3.77,-7.68,-9.29
ELM250,16.65,2026-09-01,-1.36,-1.07,-0.12,,,
EBBETF0430,1606.67,2026-09-01,0.05,-0.1,-0.12,2.29,2.24,5.11
TREEHOUSE,6.35,2026-09-01,1.6,1.76,-0.16,-6.07,-35.47,-14.99
SETCO,17.67,2026-09-01,-0.17,-1.78,-0.17,13.12,91.35,103.24
GRINFRA,882.5,2026-09-01,0.72,0.39,-0.18,-0.31,-7.17,-29.45
BSE500IETF,39.51,2026-09-01,-0.4,-0.5,-0.18,4.47,0.84,3.13
GILT5YBEES,66.04,2026-09-01,-0.27,-0.18,-0.2,2.64,2.58,5.9
PFOCUS,286.5,2026-09-01,-0.28,-6.92,-0.21,25.44,12.43,102.29
BASILIC,199.0,2026-08-31,3.0,16.07,-0.23,-17.12,-7.76,-54.61
BDL,1250.0,2026-09-01,-1.96,-8.63,-0.25,3.82,-1.2,-13.97
BANKNIFTY1,59.31,2026-09-01,-1.15,-0.37,-0.25,6.6,-5.26,-89.37
MONEXT50,72.89,2026-09-01,-1.53,-1.71,-0.25,4.72,5.16,10.0
CARERATING,1705.0,2026-09-01,-1.39,4.86,-0.26,7.4,6.64,9.48
APTECHT,91.41,2026-09-01,-0.47,-0.47,-0.28,-11.2,8.9,-28.76
ABGSEC,113.68,2026-09-01,-1.39,-1.23,-0.29,1.51,1.44,3.87
BAJAJHLDNG,11310.0,2026-09-01,-2.87,1.71,-0.29,11.5,5.98,-8.27
TOP10ADD,88.06,2026-09-01,-0.02,0.31,-0.29,2.55,-6.45,-6.6
PTC,155.2,2026-09-01,2.86,-1.05,-0.3,-6.14,5.09,0.8
IFGLEXPOR,207.91,2026-09-01,-1.17,-2.6,-0.32,19.13,22.92,-12.32
SBIETFQLTY,224.87,2026-09-01,0.3,0.07,-0.32,3.18,2.64,0.67
SHIVAMAUTO,17.94,2026-09-01,1.76,10.06,-0.33,0.45,-8.42,-36.04
MRF,132335.0,2026-09-01,-1.05,-1.51,-0.33,6.54,-5.97,-8.47
DCMSHRIRAM,1030.4,2026-09-01,1.35,-4.18,-0.34,-0.76,-0.28,-14.91
SETF10GILT,263.52,2026-09-01,-0.29,-0.38,-0.34,1.91,1.16,3.02
AONETOTAL,11.9,2026-09-01,-0.67,-0.75,-0.34,4.48,1.62,3.39
MOGSEC,65.34,2026-09-01,0.35,-0.03,-0.34,3.14,2.11,5.85
MOPSE,99.88,2026-09-01,1.33,-1.94,-0.35,-3.06,-5.78,6.07
GMDCLTD,562.25,2026-09-01,-0.14,-1.51,-0.35,-15.85,-1.26,32.78
BLUESTONE,813.25,2026-09-01,-0.51,-1.02,-0.36,63.93,85.91,47.88
ABDL,617.2,2026-09-01,-0.19,1.12,-0.37,12.87,30.76,20.43
ARSSBL,508.8,2026-09-01,0.01,-3.31,-0.39,-2.91,1.32,
SAAKSHI,294.4,2026-08-31,-1.17,-1.09,-0.39,24.64,62.65,67.75
MAYURUNIQ,742.2,2026-09-01,-1.02,-3.62,-0.4,1.8,40.64,40.19
TECHNOE,976.35,2026-09-01,-0.58,-2.17,-0.4,-7.3,-16.78,-35.19
MSPL,34.17,2026-09-01,-3.69,1.15,-0.41,-15.96,7.52,12.0
HEALTHY,17.13,2026-09-01,-0.64,1.6,-0.41,9.53,12.11,15.82
APCL,100.19,2026-09-01,-0.69,-1.26,-0.41,-16.63,-21.2,-27.39
HEALTHIETF,171.16,2026-09-01,0.05,1.48,-0.42,9.21,12.24,16.55
KHFM,47.2,2026-08-31,4.19,-2.88,-0.42,-21.27,-28.86,-41.37
UFO,64.87,2026-09-01,-2.23,-1.25,-0.43,-11.04,-8.25,-12.93
GROWWNXT50,73.35,2026-09-01,-1.56,-1.53,-0.43,4.41,4.52,9.98
DIAMINESQ,242.01,2026-09-01,0.18,1.41,-0.43,1.63,0.54,-32.96
VIDYAWIRES,91.24,2026-09-01,1.1,5.48,-0.44,-19.96,70.77,
EBBETF0433,1310.99,2026-09-01,-0.05,-0.32,-0.45,3.11,2.54,5.18
DREAMFOLKS,66.36,2026-09-01,-1.48,-3.46,-0.45,-10.2,-18.74,-51.28
HITECHGEAR,569.25,2026-09-01,1.0,3.71,-0.45,-1.84,-11.41,-10.75
VARDHACRLC,43.22,2026-09-01,-0.44,1.77,-0.47,0.67,28.93,3.53
SOFTTECH,415.1,2026-09-01,-0.12,-0.97,-0.47,-13.75,44.06,4.76
WINNY,32.05,2026-08-31,0.0,-0.16,-0.47,-14.65,-30.63,-59.76
HEALTHADD,16.83,2026-09-01,-0.47,2.87,-0.47,-89.09,-88.79,-88.36
LICNETFGSC,29.35,2026-09-01,-0.81,-0.71,-0.47,2.34,1.56,4.6
LTGILTBEES,29.84,2026-09-01,-0.07,-0.37,-0.47,2.16,1.63,4.52
RAMCOIND,323.7,2026-09-01,-1.33,-5.23,-0.48,13.74,11.74,5.11
ITCHOTELS,161.58,2026-09-01,0.93,-1.83,-0.49,5.35,-7.62,-33.45
VMM,106.55,2026-09-01,-3.7,-6.12,-0.51,-10.08,-9.53,-28.54
INDUSTOWER,375.0,2026-09-01,-3.55,0.2,-0.51,-9.81,-14.47,14.65
BLS,238.19,2026-09-01,-0.99,-1.37,-0.51,-9.05,-14.54,-35.08
YCCL,9.65,2026-08-31,0.0,0.0,-0.52,-2.53,-11.06,-21.54
HOMEFIRST,1182.8,2026-09-01,1.55,-0.85,-0.52,9.92,9.72,-3.04
GICRE,354.75,2026-09-01,0.0,-0.62,-0.52,-5.56,-7.39,-1.69
MMTC,62.32,2026-09-01,-0.05,-3.54,-0.54,-2.69,0.81,0.14
UYFINCORP,19.84,2026-09-01,1.64,-1.24,-0.55,32.62,40.61,54.76
POONAWALLA,460.95,2026-09-01,-0.61,-2.98,-0.56,17.51,1.35,7.52
GHCL,435.6,2026-09-01,-0.5,-1.86,-0.57,-2.69,-6.65,-20.44
KPITTECH,590.0,2026-09-01,0.85,1.18,-0.57,-24.31,-22.84,-51.34
EQUAL200,13.83,2026-09-01,-1.14,-1.14,-0.58,3.91,3.26,8.02
EQUIPPP,22.2,2026-09-01,-0.45,-7.38,-0.58,21.25,24.02,21.78
LICNETFSEN,872.0,2026-09-01,-0.16,-0.55,-0.58,4.15,-4.61,-2.8
EBBETF0431,1433.04,2026-09-01,-0.23,-0.7,-0.58,2.6,2.27,4.99
TEXINFRA,113.33,2026-09-01,1.89,1.85,-0.58,16.8,20.3,20.3
MAITREYA,118.3,2026-08-31,4.83,2.42,-0.59,-27.78,-40.25,-53.58
ALLDIGI,807.8,2026-09-01,-0.7,-0.87,-0.6,1.55,1.65,-9.85
LAKPRE,4.9,2026-09-01,4.93,14.49,-0.61,-8.75,-1.41,-17.09
GNA,532.45,2026-09-01,-1.37,-4.13,-0.62,46.24,27.99,79.23
HDFCBSE500,37.56,2026-09-01,-0.82,-1.08,-0.63,4.28,0.78,3.05
NIFTYQLITY,21.44,2026-09-01,-0.51,-0.79,-0.65,2.44,1.8,0.0
URJA,9.03,2026-09-01,-1.42,-2.27,-0.66,-16.16,-2.48,-33.31
BPCL,317.65,2026-09-01,-1.98,1.84,-0.66,7.01,-17.58,5.93
SETFNN50,784.06,2026-09-01,-1.36,-1.12,-0.66,4.68,5.11,10.55
NKIND,57.24,2026-09-01,-1.48,-7.69,-0.68,-13.67,-13.69,-15.74
MASTERTR,81.58,2026-09-01,-0.84,-3.27,-0.68,1.83,-7.59,-46.57
GSEC10ABSL,112.65,2026-09-01,0.54,-0.66,-0.68,2.62,1.47,3.62
ORBTEXP,238.97,2026-09-01,0.8,2.0,-0.7,32.64,40.93,31.01
NEXT50ETF,73.62,2026-09-01,-1.5,-1.29,-0.7,4.75,4.87,
BCPL,68.58,2026-09-01,0.44,-2.11,-0.71,-14.71,,
LTF,309.05,2026-09-01,-3.72,-2.15,-0.71,13.94,9.96,40.27
SOUTHBANK,45.91,2026-09-01,0.55,1.66,-0.73,12.91,12.66,57.48
NEXT50IETF,77.02,2026-09-01,-0.49,-1.32,-0.73,4.39,4.96,9.95
NAGREEKCAP,23.18,2026-09-01,3.71,0.0,-0.73,-17.45,-9.95,-9.56
OCCLLTD,163.01,2026-09-01,2.7,3.72,-0.73,44.28,83.14,29.68
GSEC5IETF,66.01,2026-09-01,-0.29,-0.41,-0.74,2.26,1.57,5.9
STARPAPER,150.26,2026-09-01,-1.45,2.98,-0.75,8.26,7.25,-12.6
GENUSPAPER,11.99,2026-09-01,-1.07,7.82,-0.75,-2.99,-6.47,-34.55
BANK10ADD,16.89,2026-09-01,-0.35,-0.35,-0.76,5.3,,
PENINLAND,15.38,2026-09-01,-4.77,-5.47,-0.77,-8.34,-15.73,-56.94
TRF,224.18,2026-09-01,-1.48,-2.53,-0.77,-0.78,-15.59,-32.15
GESHIP,1325.6,2026-09-01,1.83,-0.56,-0.78,-8.71,0.76,42.99
RATEGAIN,911.25,2026-09-01,-2.82,-5.29,-0.78,17.26,72.15,69.09
TIGERLOGS,28.15,2026-09-01,-0.39,-4.58,-0.78,-14.85,-8.34,
GROWWCHEM,30.0,2026-09-01,-1.15,0.23,-0.79,3.56,7.76,
NEXT50BETA,78.69,2026-09-01,-0.91,-1.47,-0.79,4.49,4.88,
ABSLNN50ET,76.79,2026-09-01,-1.41,-1.4,-0.79,4.25,4.78,10.19
AVROIND,8.64,2026-09-01,-4.32,-4.95,-0.8,-16.12,-37.75,-41.65
TECHM,1638.0,2026-09-01,0.61,3.41,-0.81,8.9,23.77,12.8
SUNDARAM,1.22,2026-09-01,-2.4,-2.4,-0.81,-10.95,-19.21,-38.07
SHOPERSTOP,386.35,2026-09-01,0.65,-5.02,-0.83,9.88,27.15,-27.32
FABTECH,147.6,2026-09-01,-0.55,0.37,-0.84,-2.13,-1.23,
DONEAR,84.02,2026-09-01,-0.72,-0.66,-0.85,-11.26,-3.38,-13.32
GABRIEL,1426.3,2026-09-01,-0.81,4.96,-0.87,31.51,43.1,16.75
CEATLTD,3400.2,2026-09-01,-0.57,-4.65,-0.87,7.44,-2.73,7.23
TNTELE,9.0,2026-09-01,1.01,-0.66,-0.88,-6.74,3.57,-47.06
JPOLYINVST,1011.8,2026-09-01,2.16,6.94,-0.88,-0.9,-14.28,-2.59
NV20BEES,139.53,2026-09-01,0.0,0.27,-0.89,-1.06,-8.02,46.53
NEXT50,752.66,2026-09-01,-0.68,-1.4,-0.89,4.44,4.91,10.01
IBLFL,61.0,2026-08-31,-0.73,0.0,-0.89,1.67,26.95,-12.67
ACCELYA,1132.3,2026-09-01,0.39,-0.42,-0.9,-0.72,-5.38,-14.52
CONTI,10.95,2026-08-31,-3.95,-5.6,-0.9,-17.05,-34.43,-52.29
RIR,157.5,2026-09-01,-1.11,-4.06,-0.9,,,
TNPL,149.32,2026-09-01,5.99,5.09,-0.9,1.6,9.2,-6.7
AUTOIETF,29.46,2026-09-01,-1.54,-2.19,-0.91,10.17,1.52,11.89
ORICONENT,53.3,2026-09-01,-2.43,-6.39,-0.91,-13.94,-21.65,1.2
NTPCGREEN,89.21,2026-09-01,-0.34,-2.44,-0.91,-10.44,-1.03,-14.41
PREMIERENE,1012.9,2026-09-01,-2.26,-1.66,-0.91,-3.78,38.67,-2.19
RADHIKAJWE,71.1,2026-09-01,5.41,5.69,-0.91,25.37,7.32,-23.85
EKC,105.79,2026-09-01,-1.56,-6.89,-0.92,-8.83,-5.67,-24.41
BSLSENETFG,77.82,2026-09-01,-0.24,0.04,-0.93,4.23,-4.59,-2.98
PROPEQUITY,210.0,2026-08-31,-0.94,-4.55,-0.94,-12.5,17.65,3.45
LICNFNHGP,274.35,2026-09-01,-1.22,-1.58,-0.94,2.79,-3.02,0.1
JUNIORBEES,788.17,2026-09-01,-1.64,-1.47,-0.94,4.37,5.02,10.01
NEXT30ADD,42.78,2026-09-01,-1.09,-1.43,-0.95,1.62,3.31,10.8
VINNY,1.04,2026-09-01,-0.95,-2.8,-0.95,-4.59,-2.8,-24.64
TATAELXSI,3638.0,2026-09-01,1.66,-0.97,-0.95,-13.94,-17.94,-30.87
SNXT50BETA,94.34,2026-09-01,-0.31,-1.31,-0.96,4.38,2.28,
SWELECTES,588.55,2026-09-01,0.01,-0.92,-0.97,-7.08,14.44,-17.65
ANMOL,10.02,2026-09-01,-0.69,0.91,-0.99,-13.17,-15.59,-36.7
MALUPAPER,31.94,2026-09-01,0.82,1.78,-0.99,-1.78,-1.81,-15.68
AMBICAAGAR,24.75,2026-09-01,1.94,-0.44,-1.0,4.39,-2.44,-6.39
FORCEMOT,17722.0,2026-09-01,1.12,0.69,-1.01,-6.25,-27.19,-6.97
KANSAINER,194.75,2026-09-01,1.01,-3.38,-1.01,-8.39,-3.16,-18.44
SENSEXBETA,854.47,2026-09-01,0.02,-0.4,-1.02,4.14,-4.89,
PDSL,359.85,2026-09-01,-2.24,-1.76,-1.02,18.96,18.82,12.97
ELECTHERM,997.25,2026-09-01,0.67,-5.42,-1.03,5.94,38.98,19.42
INCREDIBLE,32.81,2026-09-01,2.4,-2.0,-1.03,-9.86,-6.2,-23.23
NUVAMA,1785.0,2026-09-01,1.79,2.0,-1.04,14.64,44.76,41.03
TRACXN,30.03,2026-09-01,-0.36,1.56,-1.05,-2.02,-11.6,-39.95
GROWWN200,11.28,2026-09-01,-0.97,-1.66,-1.05,2.64,-1.48,1.67
LICNETFN50,269.95,2026-09-01,-0.59,-0.79,-1.06,3.16,-4.09,-0.97
WIPRO,181.7,2026-09-01,-1.52,0.22,-1.06,-10.97,-8.55,-24.7
BLUEDART,5105.0,2026-09-01,3.68,1.02,-1.07,8.15,-10.16,-12.01
AJAXENGG,573.95,2026-09-01,-0.1,-0.5,-1.07,-2.45,18.34,-17.43
5PAISA,344.85,2026-09-01,-3.3,-7.99,-1.08,6.22,7.82,-4.14
BHARATSE,219.25,2026-09-01,-2.23,-3.08,-1.08,20.45,16.1,35.91
IFBIND,1301.4,2026-09-01,-2.25,-7.51,-1.09,4.4,18.58,-12.29
MNC,33.67,2026-09-01,-0.88,-1.58,-1.09,3.19,3.44,11.45
GOCOLORS,323.45,2026-09-01,-1.34,-8.45,-1.1,-0.48,4.49,-53.83
PATELRMART,223.14,2026-09-01,-1.58,-2.14,-1.11,22.53,25.13,-14.98
TOP20,8.93,2026-09-01,-0.56,-0.45,-1.11,6.44,-3.88,
MAITHANALL,972.75,2026-09-01,-0.38,-2.13,-1.11,-6.08,-1.96,-5.81
BETA,2206.8,2026-09-01,-2.35,-4.34,-1.12,55.04,109.85,17.32
CAPILLARY,491.8,2026-09-01,-0.43,-2.02,-1.12,-3.6,-4.33,
ELPROINTL,175.01,2026-09-01,0.6,-0.07,-1.12,4.81,,
NEXT50ADD,73.36,2026-09-01,-1.49,-1.33,-1.12,4.46,5.16,
MONIFTY500,23.8,2026-09-01,-1.29,-0.92,-1.12,3.66,1.06,-0.04
SDBL,71.1,2026-09-01,-2.2,-2.63,-1.13,-5.28,-11.6,-48.0
MOREALTY,89.29,2026-09-01,-1.68,-2.46,-1.13,16.6,14.23,1.25
MAMATA,401.85,2026-09-01,0.12,-3.75,-1.13,4.54,-8.08,-2.39
NIF100IETF,28.06,2026-09-01,-0.57,-0.88,-1.13,3.09,-2.81,0.29
SRF,2592.0,2026-09-01,1.23,0.43,-1.16,-3.68,1.36,-10.22
NETF,261.17,2026-09-01,-0.39,-0.56,-1.16,2.56,-4.38,-1.74
GODFRYPHLP,2078.3,2026-09-01,-1.26,-1.06,-1.16,-6.47,-0.32,-39.82
CANTABIL,241.92,2026-09-01,-0.2,-0.32,-1.18,15.1,-8.93,-6.31
SENSEXIETF,885.91,2026-09-01,-0.13,-0.52,-1.18,4.2,-4.83,-3.42
HDFCNIF100,26.0,2026-09-01,-1.18,-0.61,-1.18,2.97,-2.77,0.15
STYLAMIND,3344.3,2026-09-01,-3.47,-6.41,-1.18,13.06,50.06,99.29
HDFCVALUE,125.56,2026-09-01,0.04,-0.1,-1.19,-0.92,-7.81,-5.47
HDFCSENSEX,87.38,2026-09-01,0.1,-0.3,-1.19,4.11,-4.78,-3.39
GENSOL,17.23,2026-09-01,-1.15,-5.49,-1.2,-12.98,-31.6,-51.86
AHLWEST,534.65,2026-09-01,-2.63,0.44,-1.2,-3.19,270.9,270.9
DOMS,2229.0,2026-09-01,-0.16,1.41,-1.21,2.85,-4.26,-8.58
SAKUMA,1.62,2026-09-01,-2.41,8.72,-1.22,-22.12,-11.48,-35.71
RCOM,0.81,2026-09-01,0.0,0.0,-1.22,-10.0,-5.81,-44.14
TOP100CASE,10.55,2026-09-01,-1.12,-1.03,-1.22,3.23,-2.5,0.29
SENSEXADD,79.37,2026-09-01,0.08,-0.7,-1.23,3.89,-4.78,-3.34
UFBL,693.0,2026-09-01,-4.76,-17.3,-1.23,44.63,192.12,160.53
BIRLACORPN,879.55,2026-09-01,0.78,-1.11,-1.23,-9.27,-10.96,-29.56
BSL,123.25,2026-09-01,0.15,-0.71,-1.24,-5.07,-5.3,-37.13
HDFCNIFTY,270.87,2026-09-01,-0.36,-0.81,-1.25,3.11,-4.05,-1.63
WENDT,8105.0,2026-09-01,-0.8,-2.18,-1.25,17.78,18.4,-17.53
DIVOPPBEES,77.35,2026-09-01,0.25,-0.13,-1.26,0.01,-6.78,0.85
DIAMONDYD,1144.8,2026-09-01,-0.2,-2.69,-1.27,3.79,6.48,23.53
SHREEJISPG,637.1,2026-09-01,-1.16,0.28,-1.28,36.05,59.81,150.18
MTNL,26.68,2026-09-01,-1.98,0.83,-1.29,-10.53,-10.29,-38.82
TATACOMM,1733.8,2026-09-01,0.6,2.68,-1.29,-9.94,9.52,12.08
HDFCGROWTH,120.24,2026-09-01,-0.93,-0.01,-1.29,7.0,0.32,-1.54
OILIETF,11.27,2026-09-01,0.36,-0.53,-1.31,-0.62,-9.11,1.62
BRNL,17.28,2026-09-01,0.17,0.58,-1.31,-13.47,-11.2,-14.46
NFL,70.53,2026-09-01,0.23,-0.37,-1.32,-5.47,-8.78,-26.63
AFFLE,1565.1,2026-09-01,-2.05,-10.05,-1.32,8.73,13.64,-18.07
GROWWNIFTY,9.72,2026-09-01,-0.21,-0.82,-1.32,3.18,-4.14,
NIFTY1,266.54,2026-09-01,-0.61,-0.89,-1.33,3.07,-4.09,-1.31
RELIGARE,249.78,2026-09-01,2.87,10.06,-1.33,6.01,17.89,3.44
ZUARI,231.42,2026-09-01,-0.03,1.96,-1.33,6.39,3.29,-37.72
NURECA,339.0,2026-09-01,2.17,12.85,-1.34,41.22,14.84,40.76
THEJO,2075.4,2026-09-01,-0.06,2.13,-1.35,34.15,23.34,9.89
AATMAJ,18.25,2026-08-31,-1.62,0.83,-1.35,-6.41,-13.1,-4.45
ESAFSFB,41.48,2026-09-01,-3.47,-4.69,-1.36,51.11,53.69,43.03
MARKOLINES,173.96,2026-09-01,0.12,1.73,-1.36,3.91,7.04,
SCI,287.5,2026-09-01,-0.73,-0.33,-1.36,0.14,9.12,39.65
PRATHAM,119.35,2026-08-31,-0.54,-1.28,-1.36,-13.07,-15.65,-14.75
BAGFILMS,4.36,2026-09-01,-0.46,-1.13,-1.36,-12.45,-14.51,-31.87
MSCIADD,29.55,2026-09-01,-0.77,-1.37,-1.37,3.32,-1.53,
SENSEXETF,79.35,2026-09-01,-0.59,-0.63,-1.37,3.9,-4.94,-3.58
FACT,815.25,2026-09-01,-0.73,3.95,-1.38,-6.15,9.66,-14.35
NIFTYADD,253.06,2026-09-01,-0.44,-0.73,-1.39,3.13,-4.13,-1.55
AIRAN,14.92,2026-09-01,0.27,-1.65,-1.39,-10.34,-9.02,-41.97
BBETF0432,1338.05,2026-09-01,-0.33,-0.84,-1.39,2.22,1.29,4.3
HDFCNEXT50,74.14,2026-09-01,-2.1,-1.5,-1.4,3.69,4.26,9.17
IGL,149.85,2026-09-01,-0.43,1.44,-1.4,-8.92,-12.3,-27.08
KELLTONTEC,13.98,2026-09-01,-0.64,1.6,-1.41,-10.96,-27.07,-45.54
21STCENMGM,39.6,2026-09-01,-1.83,-9.94,-1.42,14.82,8.97,-24.23
MOTOUR,77.3,2026-09-01,-1.78,-2.56,-1.42,7.78,-0.59,-14.9
WINSOL,114.1,2026-08-31,2.06,1.97,-1.43,-12.53,-13.76,-44.83
MONIFTY100,25.28,2026-09-01,-0.86,-1.02,-1.44,3.33,-2.62,
NIFTYBETA,266.38,2026-09-01,-0.43,-0.85,-1.45,3.05,-4.26,
EQUAL50,331.69,2026-09-01,-0.78,-0.85,-1.45,2.42,-0.46,4.88
SMCGLOBAL,79.65,2026-09-01,0.47,-0.1,-1.46,35.05,4.51,20.65
SEYAIND,12.17,2026-09-01,-0.25,-0.33,-1.46,-17.83,2.96,-31.44
BSLNIFTY,28.18,2026-09-01,-0.7,-0.81,-1.47,3.07,-4.08,-1.5
VALUE,15.99,2026-09-01,-1.11,-0.93,-1.48,-3.51,,
GROWWRLTY,9.96,2026-09-01,-1.78,-2.92,-1.48,15.81,13.7,
SARVESHWAR,3.33,2026-09-01,-0.89,-3.2,-1.48,-11.2,-12.83,-57.09
SUNDROP,655.55,2026-09-01,-0.69,1.79,-1.49,-2.45,1.41,-19.59
HDFCLIFE,540.3,2026-09-01,-0.56,-2.29,-1.49,-7.56,-24.2,-30.64
BCLIND,36.19,2026-09-01,-1.15,-4.74,-1.5,12.67,26.36,-9.13
NIFTYBEES,273.25,2026-09-01,-0.86,-0.95,-1.5,2.91,-4.22,-1.77
SMSPHARMA,368.25,2026-09-01,-0.97,4.0,-1.51,2.43,-4.4,56.29
AUTOBEES,292.63,2026-09-01,-1.84,-2.41,-1.51,9.69,0.87,10.99
SETFNIF50,258.44,2026-09-01,-0.79,-0.92,-1.52,3.01,-4.26,-1.75
DIVIDEND,35.55,2026-09-01,-0.75,-0.84,-1.52,-1.5,-3.4,
PARIN,710.0,2026-08-31,0.0,-0.42,-1.53,3.6,-2.07,52.95
INDOWIND,9.04,2026-09-01,-2.16,-3.32,-1.53,-6.03,-2.06,-47.04
NIFTYBETF,247.21,2026-09-01,-0.58,-0.79,-1.53,3.0,-4.15,-1.51
JUSTDIAL,705.65,2026-09-01,-0.64,6.12,-1.54,35.23,28.27,-13.43
JNKINDIA,430.75,2026-09-01,-0.69,-4.28,-1.55,20.76,80.34,47.53
IDFNIFTYET,265.41,2026-09-01,0.4,-1.03,-1.55,3.06,-4.06,-1.36
BALKRISHNA,16.97,2026-09-01,-1.34,-1.68,-1.57,-6.91,0.89,-23.14
JAIPURKURT,26.25,2026-09-01,0.57,-1.65,-1.57,-20.5,-24.68,-27.49
GILT5BETA,65.68,2026-09-01,-1.59,-1.23,-1.57,0.91,0.97,5.39
QNIFTY,264.36,2026-09-01,-0.73,-0.84,-1.58,3.14,-4.22,-90.17
SWARAJ,358.95,2026-09-01,-1.25,-3.65,-1.58,61.65,18.37,105.58
AONENIFTY,9.89,2026-09-01,-0.7,-1.0,-1.59,2.81,-4.35,-2.08
TOP15IETF,9.86,2026-09-01,-0.8,-0.6,-1.6,4.23,-6.58,-3.57
LASA,6.76,2026-09-01,-2.31,-6.89,-1.6,-14.86,-15.29,-20.38
MPSLTD,2652.6,2026-09-01,-1.16,-3.01,-1.61,40.45,76.24,15.99
HDBFS,675.3,2026-09-01,-1.03,-1.97,-1.61,2.6,-3.97,-12.91
ELECON,412.25,2026-09-01,0.1,-6.0,-1.62,-18.06,-0.58,-25.43
VLEGOV,10.23,2026-09-01,-1.54,0.29,-1.63,-27.45,-34.42,-68.66
MURUDCERA,30.12,2026-09-01,-0.4,-1.18,-1.63,-4.68,-7.83,-30.73
PPL,261.55,2026-09-01,0.06,-2.59,-1.64,35.66,27.55,-16.77
SBINEQWETF,33.28,2026-09-01,-1.01,-0.92,-1.65,2.31,-0.8,4.98
EQUAL50ADD,342.71,2026-09-01,-0.93,-0.62,-1.66,2.33,-0.37,5.33
NV20IETF,13.55,2026-09-01,-0.07,0.07,-1.67,-1.02,-8.2,-5.84
NIBE,1355.9,2026-09-01,-1.14,-5.71,-1.68,-10.88,34.26,14.22
KEYFINSERV,251.7,2026-09-01,-2.63,-4.3,-1.68,-6.67,-10.59,-2.68
BILVYAPAR,3.99,2026-09-01,-0.99,-5.45,-1.72,-16.35,-41.24,-64.56
IVZINNIFTY,275.76,2026-09-01,-0.4,-0.7,-1.72,-89.67,-90.42,-90.08
IRCTC,481.35,2026-09-01,0.02,-0.37,-1.73,-6.1,-15.49,-30.75
NDGL,2733.2,2026-09-01,-0.99,0.85,-1.73,10.18,5.62,-31.06
INFRA,11.93,2026-09-01,-1.65,-1.81,-1.73,-0.5,4.37,
IOC,136.53,2026-09-01,-1.87,-1.42,-1.73,-0.76,-25.6,3.01
MUKANDLTD,136.03,2026-09-01,-0.98,0.26,-1.75,0.12,5.78,3.83
PDMJEPAPER,92.57,2026-09-01,-2.77,3.04,-1.76,11.06,12.18,-29.9
AMJLAND,38.45,2026-09-01,-2.83,-0.29,-1.76,5.86,-3.98,-33.24
COMMOIETF,98.85,2026-09-01,-0.05,-1.32,-1.77,-5.34,-2.36,12.09
COMPINFO,1.11,2026-09-01,3.74,0.0,-1.77,-17.16,-20.14,-53.56
MOM50,250.5,2026-09-01,-0.45,-0.83,-1.78,2.6,-4.51,-2.16
SHARIABEES,462.13,2026-09-01,0.64,0.55,-1.79,-0.4,-3.16,-8.03
NIFTYETF,260.72,2026-09-01,-0.85,-1.05,-1.79,2.93,-4.27,-1.87
FIVESTAR,538.1,2026-09-01,0.57,7.62,-1.8,21.02,29.46,-1.67
ENRIN,3172.5,2026-09-01,-1.77,-8.99,-1.8,-14.66,8.24,-9.01
PATANJALI,345.8,2026-09-01,0.23,-1.2,-1.84,-22.52,-31.23,-41.33
SAFARI,1530.9,2026-09-01,1.32,2.39,-1.84,-4.62,-14.71,-27.66
BHARATCOAL,33.34,2026-09-01,-1.27,-4.66,-1.85,-12.56,1.83,
NIDAN,13.2,2026-08-31,-9.59,3.53,-1.86,-9.28,-18.01,-27.07
ICICIB22,113.64,2026-09-01,-0.67,-1.32,-1.86,-4.69,-10.65,6.85
KAVDEFENCE,56.05,2026-09-01,-0.27,-1.87,-1.86,-7.39,-12.52,-16.65
HEXT,551.1,2026-09-01,-0.66,-2.03,-1.88,7.18,18.59,-24.56
CONCOR,514.0,2026-09-01,0.41,-0.46,-1.89,11.09,4.02,-3.32
DYNAMIC,134.65,2026-08-31,-4.64,-4.13,-1.89,-5.84,12.21,6.19
ALICON,659.65,2026-09-01,-0.86,-9.2,-1.89,-1.12,-12.07,-20.88
MON50EQUAL,33.26,2026-09-01,-1.33,-1.95,-1.89,2.55,-0.26,5.06
CRAYONS,26.0,2026-08-31,-2.26,1.36,-1.89,-31.58,-31.76,-50.94
RAILTEL,277.9,2026-09-01,0.72,-1.47,-1.89,-10.34,-10.7,-17.25
BRIGHOTEL,58.32,2026-09-01,-0.77,-1.54,-1.9,-5.28,-4.0,-32.8
CHOLAFIN,1814.7,2026-09-01,-2.3,-1.73,-1.9,21.6,4.89,24.97
GILLETTE,7419.5,2026-09-01,1.23,0.18,-1.9,-4.42,-10.35,-24.15
CIFL,20.38,2026-09-01,-0.05,-0.15,-1.92,-15.4,-33.4,-39.33
ADFFOODS,265.15,2026-09-01,-1.87,-2.73,-1.93,-0.4,35.07,26.71
SCHAEFFLER,4000.2,2026-09-01,-0.36,-0.5,-1.94,-1.95,-7.44,3.88
HDFCLOWVOL,20.69,2026-09-01,-0.24,-0.58,-1.94,4.28,-1.43,-0.96
MOVALUE,112.1,2026-09-01,-0.87,-0.86,-1.95,-3.66,-11.91,11.58
NESCO,1044.0,2026-09-01,0.3,0.79,-1.95,-8.11,-6.49,-27.33
TVTODAY,111.46,2026-09-01,-2.37,-1.77,-1.96,-2.3,-10.87,-23.73
INDUSINDBK,992.6,2026-09-01,-2.36,-2.53,-1.96,10.33,3.92,32.06
INDIAMART,1764.4,2026-09-01,0.51,1.05,-1.97,-8.45,-14.85,-30.18
OMAXAUTO,184.48,2026-09-01,-0.58,-3.97,-1.98,-27.35,76.18,25.33
SAGARDEEP,23.76,2026-09-01,0.51,-0.5,-1.98,-6.16,-0.79,-14.35
ACCORD,198.35,2026-08-31,0.0,0.0,-1.98,256.42,571.24,762.39
AHLEAST,142.2,2026-09-01,3.01,-0.71,-2.0,-9.96,-11.55,-7.91
TAPIFRUIT,49.0,2026-08-31,-5.77,-2.0,-2.0,-11.23,-18.33,-44.51
HERANBA,175.96,2026-09-01,1.96,-1.34,-2.01,-1.27,-15.59,-49.63
INFRABEES,950.4,2026-09-01,-0.3,-1.63,-2.02,-2.02,-3.45,2.62
BANKBARODA,237.7,2026-09-01,-0.38,-1.57,-2.02,-7.17,-23.78,4.68
HINDPETRO,363.1,2026-09-01,-0.72,-2.38,-2.04,-1.75,-12.98,0.14
ARISTO,107.0,2026-08-31,-0.93,-0.93,-2.06,-2.55,12.69,-10.91
SOTAC,90.05,2026-08-31,0.0,-2.07,-2.07,-18.87,-18.87,-34.48
PODDARMENT,256.2,2026-09-01,0.57,1.26,-2.07,7.47,7.82,-1.66
MONEYBOXX,57.01,2026-09-01,-1.37,1.8,-2.08,-18.59,-10.08,
FOODSIN,53.46,2026-09-01,-2.75,-1.37,-2.11,-0.43,-8.3,-40.18
TUNWAL,25.5,2026-08-31,-2.3,-2.67,-2.11,-15.0,-15.14,-10.54
RBS,88.0,2026-08-31,-1.12,-3.72,-2.11,-9.51,7.12,-25.55
BEDMUTHA,106.61,2026-09-01,1.29,-1.74,-2.11,-7.7,-20.64,-21.02
GOLDENTOBC,24.46,2026-09-01,1.7,-2.04,-2.12,-1.17,-18.03,-29.1
BAJAJELEC,325.85,2026-09-01,0.32,-5.45,-2.12,4.28,-9.87,-42.41
SELMC,27.11,2026-09-01,-0.88,-3.45,-2.13,-8.13,-9.42,-10.76
ALUWIND,48.15,2026-08-31,-3.99,-1.53,-2.13,-3.31,-21.71,-39.81
SUMIT,50.92,2026-09-01,1.56,0.39,-2.13,16.44,33.29,-44.77
CENTRALBK,30.31,2026-09-01,0.3,-2.88,-2.13,0.0,-23.12,-11.18
APOLLOHOSP,8755.0,2026-09-01,-1.61,0.61,-2.14,8.1,12.07,14.41
MOLOWVOL,36.46,2026-09-01,-0.41,-0.76,-2.15,1.76,-5.05,-3.62
MOBANK10,16.86,2026-09-01,0.06,-0.47,-2.15,6.25,,
ALPL30IETF,27.77,2026-09-01,-0.54,-0.96,-2.15,6.28,-1.35,2.32
LOWVOL,207.13,2026-09-01,-0.48,-0.59,-2.16,4.41,-1.51,-0.89
PARAGON,47.25,2026-08-31,-8.78,-3.57,-2.17,-8.78,1.29,-14.09
BSOFT,295.8,2026-09-01,1.56,-1.07,-2.18,-8.43,-23.05,-19.45
KAMOPAINTS,4.48,2026-09-01,0.0,-3.03,-2.18,-13.18,1.36,-55.99
ESFL,120.6,2026-08-31,-1.95,-9.87,-2.19,-1.43,-10.27,-68.35
GLOBALPET,156.4,2026-08-31,3.58,1.46,-2.19,-5.07,36.0,16.72
VAL30IETF,15.08,2026-09-01,-0.53,-0.72,-2.2,-4.01,-8.22,17.81
PARACABLES,63.45,2026-09-01,-2.89,1.93,-2.2,4.75,82.12,43.52
BAJAJHCARE,329.0,2026-09-01,-1.41,2.32,-2.21,11.9,-0.2,-22.61
ROTO,65.97,2026-09-01,4.96,2.63,-2.22,18.46,15.74,-20.31
WEWIN,43.9,2026-09-01,-0.86,-3.56,-2.23,-22.64,0.8,-12.95
INFRAIETF,94.49,2026-09-01,-0.12,-1.52,-2.23,-0.39,-3.71,2.73
SMLT,65.61,2026-09-01,1.56,-4.86,-2.24,-9.57,-6.23,-37.31
RAJPALAYAM,810.0,2026-09-01,0.42,0.84,-2.24,-3.26,,
BFSI,26.99,2026-09-01,-0.84,-0.63,-2.25,4.25,-6.28,1.39
GROWWLOVOL,10.38,2026-09-01,-0.86,-0.86,-2.26,2.17,-3.08,1.4
MGL,1077.7,2026-09-01,0.79,-4.43,-2.26,1.67,-10.22,-12.5
SADBHIN,2.58,2026-09-01,-2.64,-3.73,-2.27,-11.03,-20.37,-40.0
SURAJEST,191.51,2026-09-01,0.26,-1.94,-2.27,-7.79,-12.63,-33.55
ESCORTS,3016.1,2026-09-01,0.7,-2.62,-2.27,10.4,-13.31,-15.87
MOQUALITY,199.46,2026-09-01,-1.05,-1.39,-2.27,-0.82,2.93,3.67
ASHIMASYN,17.67,2026-09-01,-4.59,-3.71,-2.27,9.82,25.32,-27.19
CRAMC,255.35,2026-09-01,-1.52,-1.64,-2.27,3.39,2.42,
COMMITTED,342.0,2026-08-31,-1.95,-1.67,-2.29,17.93,62.86,34.39
CONSUMBEES,131.45,2026-09-01,-0.27,-1.57,-2.29,6.53,2.21,-3.23
KALAMANDIR,85.62,2026-09-01,-0.26,-3.11,-2.29,-17.95,-22.89,-49.72
MOSERVICE,30.77,2026-09-01,-1.44,-1.06,-2.29,4.15,-4.83,
BEACON,85.0,2026-08-31,3.03,-3.41,-2.3,0.0,6.05,41.9
QUESTLAB,87.2,2026-08-31,0.81,-0.97,-2.3,-25.44,-27.78,-11.65
RULKA,110.35,2026-08-31,3.91,1.15,-2.3,13.88,19.3,-12.9
BFINVEST,444.4,2026-09-01,0.69,-0.99,-2.3,5.25,13.2,-0.56
INDIGO,5052.0,2026-09-01,-3.48,-1.23,-2.3,13.44,4.66,-10.9
TRIDENT,24.14,2026-09-01,-0.17,-1.19,-2.31,-0.33,-3.67,-10.69
POLYCAB,8895.5,2026-09-01,-5.82,-1.75,-2.32,-5.73,3.8,25.1
HINDCON,23.47,2026-09-01,-0.42,5.34,-2.33,3.57,16.02,-26.86
INDRAMEDCO,357.8,2026-09-01,-1.45,-3.79,-2.33,-4.37,-11.01,-19.24
KARNIKA,115.05,2026-08-31,-0.22,1.32,-2.33,-13.5,0.61,-43.0
3IINFOLTD,22.67,2026-09-01,-1.52,-7.54,-2.33,29.47,62.63,-0.18
VIKASLIFE,1.25,2026-09-01,-3.85,3.31,-2.34,-16.67,-14.38,-43.69
FEDERALBNK,349.25,2026-09-01,-2.09,-2.38,-2.34,21.6,16.87,81.03
ENERGY,37.94,2026-09-01,-0.76,-1.38,-2.34,-6.18,2.05,
KIRLOSENG,2138.3,2026-09-01,1.85,3.38,-2.35,11.69,53.81,134.24
XELPMOC,79.34,2026-09-01,-1.98,-4.59,-2.35,-19.33,-39.16,-22.3
CCHHL,12.77,2026-09-01,0.87,-1.39,-2.37,-1.47,-5.2,-29.53
TENNIND,525.2,2026-09-01,-0.79,-5.11,-2.37,-5.73,-9.65,
SVPGLOB,3.69,2026-09-01,1.93,-1.34,-2.38,-5.87,27.68,1.65
EQUITASBNK,73.42,2026-09-01,-0.74,-2.11,-2.38,5.78,14.06,44.41
CREATIVEYE,6.09,2026-09-01,0.5,-1.77,-2.4,-11.61,-7.73,-15.65
KRISHCA,156.45,2026-08-31,-7.67,-5.89,-2.4,-14.72,-12.72,-30.77
SWANDEF,2413.8,2026-09-01,-1.4,3.57,-2.42,13.04,41.95,488.3
DAMODARIND,27.85,2026-09-01,3.07,0.18,-2.42,-11.76,9.04,-20.93
SATIPOLY,39.95,2026-08-31,-6.0,-6.55,-2.44,13.98,-15.89,-47.98
IPSL,215.6,2026-08-31,-0.19,0.28,-2.44,7.8,-15.99,-43.2
ABCAPITAL,394.45,2026-09-01,-3.65,-4.47,-2.44,12.52,14.52,40.85
LOWVOL1,21.14,2026-09-01,-0.7,-0.94,-2.45,4.6,-1.21,-0.66
GMBREW,876.2,2026-09-01,-0.12,-0.19,-2.46,-3.07,-11.12,29.37
DMART,3824.0,2026-09-01,-1.95,-2.94,-2.47,-6.09,-0.61,-19.24
EMBDL,59.63,2026-09-01,-3.93,-6.23,-2.47,3.52,-1.29,-36.76
TRAVELFOOD,1270.5,2026-09-01,-2.24,-2.78,-2.49,2.05,2.94,1.32
JAINAM,234.0,2026-08-31,0.0,-0.43,-2.5,-6.44,11.43,-16.43
ESG,41.03,2026-09-01,-0.51,-1.35,-2.5,2.45,-3.3,-2.91
CAPITALSFB,284.4,2026-09-01,0.42,-0.39,-2.5,8.07,10.36,1.07
ICICIAMC,3038.1,2026-09-01,-0.88,-5.94,-2.5,-8.45,-2.0,
SWARAJENG,3537.7,2026-09-01,-0.89,-0.6,-2.51,-4.36,1.11,-11.5
ONGC,236.45,2026-09-01,2.01,-0.04,-2.51,-10.54,-15.46,4.41
KARMAENG,37.28,2026-09-01,-1.87,-2.43,-2.51,-16.8,-15.31,-24.55
HATHWAY,10.5,2026-09-01,-1.32,-0.85,-2.51,-0.66,-2.05,-27.54
CPSEETF,92.53,2026-09-01,-0.25,-1.64,-2.51,-8.35,-10.04,3.94
GUJAPOLLO,335.65,2026-09-01,-1.53,-3.94,-2.53,-9.99,-10.28,-33.51
BELRISE,230.73,2026-09-01,-0.69,0.67,-2.53,7.31,22.91,67.68
DISAQ,11724.0,2026-09-01,-2.98,-1.31,-2.53,2.01,,
INTENTECH,81.2,2026-09-01,-0.83,1.2,-2.54,-13.77,-19.98,-6.54
GROWW,189.41,2026-09-01,-1.38,-3.59,-2.55,1.99,15.85,
TVSMOTOR,4203.0,2026-09-01,-3.19,-3.68,-2.55,25.67,8.99,25.67
AUTOIND,85.59,2026-09-01,-1.81,-4.76,-2.55,6.84,13.21,18.86
RSYSTEMS,255.74,2026-09-01,4.26,6.67,-2.56,-3.59,-9.74,-43.31
TTML,38.92,2026-09-01,0.88,4.15,-2.58,-8.4,-6.42,-30.45
LOWVOLIETF,22.13,2026-09-01,-0.18,-0.54,-2.6,4.19,-1.69,-1.38
MADRASFERT,64.7,2026-09-01,-0.9,-1.46,-2.6,-2.47,-4.11,-26.78
BIRDYS,86.2,2026-08-31,0.0,-2.6,-2.6,-30.29,-27.26,-29.92
MAANALU,119.42,2026-09-01,-2.65,0.32,-2.61,-6.18,-11.91,6.55
UTIAMC,879.5,2026-09-01,1.03,-0.78,-2.61,-1.59,-7.31,-29.44
PTL,38.39,2026-09-01,-0.67,-0.65,-2.61,0.22,2.49,2.2
KEEPLEARN,1.86,2026-09-01,-4.12,2.2,-2.62,-10.58,-5.1,-36.73
KONTOR,55.5,2026-08-31,-3.73,-10.48,-2.63,-26.1,-30.49,-26.0
PSB,22.58,2026-09-01,-1.35,-2.84,-2.63,-3.29,-13.92,-18.71
SOMICONVEY,90.62,2026-09-01,-0.71,-6.92,-2.63,-9.4,-14.44,-36.81
VAML,434.65,2026-09-01,-0.11,-3.27,-2.64,,,
MOENERGY,37.91,2026-09-01,-0.66,-1.22,-2.65,-6.05,2.01,
FINIETF,32.65,2026-09-01,-1.83,-2.16,-2.65,4.58,1.84,11.55
CONSUMIETF,122.08,2026-09-01,-0.91,-1.68,-2.65,6.28,2.29,-2.96
KSCL,761.6,2026-09-01,-0.51,-0.88,-2.66,-12.62,-1.37,-35.58
MASKINVEST,146.0,2026-09-01,-4.1,-3.95,-2.67,-3.95,0.4,-8.47
TIRUPATIFL,68.13,2026-09-01,-1.25,-3.68,-2.67,51.03,83.89,75.64
APOLLO,379.5,2026-09-01,-1.71,-1.47,-2.67,-6.1,59.59,42.46
BANCOINDIA,620.15,2026-09-01,-0.84,-0.59,-2.68,-5.26,0.95,7.43
ARCHIES,13.4,2026-09-01,2.13,-0.37,-2.69,-6.82,-15.3,-27.17
SUNDARMFIN,4540.1,2026-09-01,0.0,0.78,-2.69,8.34,-17.16,2.9
NIITMTS,230.16,2026-09-01,1.34,1.96,-2.69,5.99,-30.81,-29.33
RELIABLE,135.98,2026-09-01,-1.35,-4.37,-2.69,-0.84,-0.88,-12.64
SBIETFCON,121.5,2026-09-01,-1.51,-1.58,-2.7,6.22,2.06,-3.4
HDFCAMC,2544.9,2026-09-01,-2.94,-2.79,-2.71,-0.16,-3.63,-6.78
RPTECH,809.1,2026-09-01,-0.86,-6.68,-2.71,45.97,119.74,190.77
GRSE,2530.2,2026-09-01,-1.38,-2.54,-2.73,-2.74,3.95,2.53
DRSDILIP,107.0,2026-08-31,-0.93,-2.64,-2.73,-10.46,1.9,9.18
DCAL,181.83,2026-09-01,1.96,4.95,-2.73,-7.05,3.87,-31.28
ENFUSE,160.0,2026-08-31,0.0,0.19,-2.74,-7.67,-17.95,-36.0
PRESTIGE,1570.0,2026-09-01,-3.86,-4.02,-2.74,15.74,12.85,-0.28
BMWVENTLTD,55.28,2026-09-01,-2.28,-3.09,-2.76,-6.15,-10.71,
SHARDACROP,788.3,2026-09-01,2.79,1.15,-2.77,-12.09,-33.1,-17.84
INDHOTEL,718.0,2026-09-01,-2.7,-1.5,-2.78,11.51,8.12,-5.09
PFS,26.96,2026-09-01,-0.22,-3.4,-2.78,-12.1,-12.33,-29.66
SUKHJITS,158.99,2026-09-01,0.16,-0.6,-2.79,-7.57,-26.14,-6.6
DEVX,32.99,2026-09-01,-2.94,-5.55,-2.8,-11.63,-23.42,
ABSLPSE,10.05,2026-09-01,-0.69,-1.08,-2.8,-6.51,-7.12,4.91
ONWARDTEC,283.9,2026-09-01,-2.02,-0.84,-2.81,12.29,7.06,-14.45
CONS,12.12,2026-09-01,-1.3,-1.94,-2.81,6.5,1.93,-90.29
BAJAJFINSV,1972.0,2026-09-01,-2.42,-1.48,-2.81,12.21,-0.99,1.55
SURANI,97.0,2026-08-31,0.41,2.97,-2.81,-19.3,62.07,14.39
NHPC,76.3,2026-09-01,-0.55,-0.46,-2.82,-0.9,1.56,-0.85
SCILAL,40.03,2026-09-01,0.83,0.02,-2.82,-9.6,-12.62,-18.19
CAPACITE,208.64,2026-09-01,-2.5,-5.55,-2.82,-4.98,-14.08,-28.36
ROML,43.15,2026-09-01,1.24,-0.87,-2.84,-6.28,-1.19,-7.64
VAKRANGEE,5.8,2026-09-01,-0.34,-1.86,-2.85,-10.63,-10.63,-31.03
PASHUPATI,83.1,2026-09-01,-0.29,-3.81,-2.86,-12.32,-16.86,23.32
CREST,364.45,2026-09-01,0.1,0.05,-2.86,6.21,5.61,-0.7
LEMONTREE,106.15,2026-09-01,-0.09,-2.22,-2.88,-5.35,-6.62,-37.64
ADANIPORTS,1647.5,2026-09-01,3.41,-1.47,-2.89,-7.24,8.77,23.9
GROWWPSE,96.64,2026-09-01,-0.5,-1.6,-2.89,-5.43,-6.17,
GROWWRAIL,28.17,2026-09-01,-1.23,-1.81,-2.93,-5.56,-13.22,-16.8
YESBANK,22.1,2026-09-01,-3.2,-2.21,-2.94,-3.95,6.66,13.04
ITI,268.55,2026-09-01,-0.89,-3.75,-2.95,-9.1,-0.65,-5.57
JUBLPHARMA,907.6,2026-09-01,2.91,0.54,-2.95,-7.62,5.31,-12.39
INFOMEDIA,5.27,2026-09-01,1.15,-1.13,-2.95,-0.75,3.13,-13.61
LICI,412.15,2026-09-01,-1.4,-2.3,-2.96,4.19,-0.68,-1.81
TATASTEEL,184.07,2026-09-01,-0.15,-1.2,-2.96,-10.78,-11.52,20.3
ADVANIHOTR,49.55,2026-09-01,-0.62,-1.26,-2.96,-5.94,-7.76,-16.46
OSWALGREEN,20.41,2026-09-01,1.49,-2.81,-2.99,-15.42,-25.02,-49.69
BALPHARMA,85.45,2026-09-01,0.53,0.31,-3.0,-0.52,13.51,-2.17
APTUS,253.36,2026-09-01,1.81,-0.39,-3.0,-2.59,4.81,-19.24
SAATVIKGL,420.5,2026-09-01,0.61,-0.26,-3.01,-5.25,14.59,
HAVELLS,1222.8,2026-09-01,-1.71,-3.6,-3.01,6.96,-12.04,-21.7
IRB,19.35,2026-09-01,-0.05,2.33,-3.01,-11.54,-6.77,-9.86
EXIDEIND,436.25,2026-09-01,-0.91,-3.76,-3.01,11.75,31.12,6.33
AAKASH,8.68,2026-09-01,0.46,-1.03,-3.02,-2.91,5.08,-16.14
GTL,7.07,2026-09-01,-1.94,-4.72,-3.02,-4.2,0.57,-23.32
CELEBRITY,6.74,2026-09-01,1.81,-0.3,-3.02,-12.01,-16.06,-44.98
PUNJABCHEM,1109.3,2026-09-01,-0.82,1.29,-3.02,14.6,-6.03,-3.62
ATLASCYCLE,95.37,2026-09-01,-0.19,-1.35,-3.03,-1.83,4.74,-27.4
GOACARBON,369.05,2026-09-01,-0.14,4.93,-3.03,-5.58,1.68,-17.47
MAHESHWARI,70.78,2026-09-01,-1.19,-5.06,-3.03,23.27,71.5,19.86
COALINDIA,401.6,2026-09-01,-0.04,-1.3,-3.03,-13.89,-5.5,12.07
UNITDSPR,1470.0,2026-09-01,-1.34,-5.47,-3.03,18.62,7.28,12.63
RELINFRA,58.21,2026-09-01,-1.99,-7.21,-3.05,-13.48,-35.59,-78.12
KUSUMGAR,565.1,2026-09-01,-2.81,-6.54,-3.05,,,
TORNTPHARM,4965.5,2026-09-01,-1.98,1.62,-3.07,14.14,14.82,39.76
MASTEK,1802.0,2026-09-01,3.07,7.85,-3.07,10.14,14.68,-27.56
SHRINGARMS,215.97,2026-09-01,-1.61,-5.55,-3.08,3.28,-7.77,
DHANUKA,990.35,2026-09-01,1.46,-0.46,-3.09,-8.52,-2.27,-38.93
SUNPHARMA,1929.0,2026-09-01,-2.81,0.99,-3.09,7.66,11.34,24.52
INDOUS,79.09,2026-09-01,-0.48,-4.47,-3.1,-20.72,-45.29,-47.12
CORONA,2033.3,2026-09-01,-0.83,-5.38,-3.12,21.82,28.81,
INDIAGLYCO,1111.7,2026-09-01,-3.1,-6.68,-3.12,11.6,16.56,38.46
MUNJALSHOW,128.9,2026-09-01,-1.14,-2.19,-3.13,3.62,3.94,-3.66
SUZLON,46.5,2026-09-01,-2.15,-1.17,-3.15,-13.78,8.98,-19.63
IGIL,339.75,2026-09-01,-0.35,-0.26,-3.15,-5.61,3.73,-0.39
KOTYARK,31.84,2026-09-01,-4.5,-10.36,-3.16,-15.96,46.52,6.02
JARO,453.05,2026-09-01,-1.41,1.76,-3.16,-20.48,2.73,
FORTIS,915.0,2026-09-01,0.89,-0.33,-3.17,-1.42,-2.83,-0.94
CHEMFAB,362.8,2026-09-01,0.79,-1.53,-3.18,-6.65,-4.4,-45.47
SAHLIBHFI,75.58,2026-09-01,-2.73,3.01,-3.21,-8.02,,
JAYKAY,161.97,2026-09-01,8.29,12.73,-3.22,-4.35,13.62,
AVANTEL,156.67,2026-09-01,-2.17,-1.25,-3.22,-9.54,9.41,3.91
ALKALI,67.41,2026-09-01,5.0,-0.13,-3.22,-29.64,5.99,-20.55
SHREEKARNI,397.65,2026-08-31,16.25,23.47,-3.22,-3.72,-5.34,-22.33
AMRUTANJAN,498.35,2026-09-01,-2.16,-4.55,-3.23,-10.99,-16.49,-30.36
KSB,828.2,2026-09-01,2.6,4.6,-3.24,7.63,8.05,1.39
JAICORPLTD,98.35,2026-09-01,-0.27,-3.12,-3.24,-13.61,-11.06,-20.57
PRAKASHSTL,3.87,2026-09-01,0.26,-1.28,-3.25,-13.81,-11.44,-28.6
RML,1117.2,2026-09-01,-1.11,-3.76,-3.25,24.28,34.82,36.12
HGM,48.67,2026-09-01,7.92,11.3,-3.26,-15.18,-12.43,-34.12
HEALTHX,297.9,2026-09-01,-1.16,-0.1,-3.26,-1.18,5.17,9.68
DCMSIL,70.98,2026-09-01,0.54,-8.27,-3.26,18.78,12.12,
POWERICA,512.35,2026-09-01,-1.28,-1.0,-3.26,-3.78,,
PFIZER,4665.9,2026-09-01,-0.39,-4.42,-3.28,5.01,-6.33,-7.66
ADANIPOWER,204.36,2026-09-01,3.21,0.32,-3.29,-12.03,45.86,68.38
CANFINHOME,793.4,2026-09-01,-0.24,-2.06,-3.31,-4.35,-5.07,12.07
ORIENTALTL,4.96,2026-09-01,-1.39,-3.88,-3.31,-22.26,-25.08,-46.32
HALEOSLABS,1480.0,2026-09-01,1.04,-2.03,-3.32,3.98,17.43,29.0
SITINET,0.29,2026-09-01,0.0,3.57,-3.33,-14.71,-17.14,-40.82
POWERMECH,2481.0,2026-09-01,-1.59,-1.31,-3.33,-1.19,19.46,-21.61
FLAIR,249.98,2026-09-01,0.53,-0.43,-3.33,-13.72,-18.72,-19.85
WEIZMANIND,74.9,2026-09-01,2.43,-1.19,-3.33,-7.13,-15.35,-29.2
FCSSOFT,1.45,2026-09-01,-2.03,-1.36,-3.33,-11.59,-8.23,-40.08
INDBANK,31.27,2026-09-01,-1.17,-2.62,-3.34,-4.58,-11.84,-8.97
UNIHEALTH,724.95,2026-08-31,-1.91,1.48,-3.34,68.12,121.63,350.28
ARE&M,879.9,2026-09-01,-1.43,-4.65,-3.36,1.49,4.76,-12.01
THEINVEST,94.32,2026-09-01,-1.25,-2.44,-3.37,-4.66,-1.67,-38.66
RUCHINFRA,5.68,2026-09-01,-1.22,-1.39,-3.4,-10.69,-1.05,-23.96
PARTYCRUS,85.0,2026-08-31,3.66,1.8,-3.41,-14.96,4.94,11.77
CIPLA,1423.0,2026-09-01,0.98,-1.04,-3.41,3.31,6.54,-9.5
LAOPALA,173.3,2026-09-01,-0.18,2.27,-3.41,5.46,-13.71,-26.4
CCAVENUE,15.31,2026-09-01,1.86,1.86,-3.41,9.67,-7.66,-1.67
SARDAEN,497.05,2026-09-01,-0.37,-1.96,-3.42,-4.33,-9.54,-17.01
KNRCON,117.68,2026-09-01,-2.9,-7.45,-3.42,-8.71,-11.34,-39.19
MVGJL,162.37,2026-09-01,7.51,7.11,-3.43,3.94,3.37,-18.29
PRITIKA,61.8,2026-08-31,3.78,3.0,-3.44,-6.08,1.73,-29.93
WAAREEENER,2588.0,2026-09-01,-0.65,-3.25,-3.44,-16.41,-4.48,-19.09
GROWWPOWER,11.16,2026-09-01,-1.5,-1.93,-3.46,-8.6,5.98,
SWIGGY,275.0,2026-09-01,-2.45,-3.25,-3.46,10.11,-8.86,-35.82
GRPLTD,2025.6,2026-09-01,3.06,2.14,-3.46,13.12,11.88,-5.09
CENTUM,3420.1,2026-09-01,-0.74,1.8,-3.47,-2.46,28.75,21.6
DLINKINDIA,436.1,2026-09-01,-1.25,-2.76,-3.47,-0.98,8.69,-3.02
DCW,44.58,2026-09-01,-2.15,-0.71,-3.49,-2.94,-6.11,-39.07
ICICIGI,1566.9,2026-09-01,0.0,-3.28,-3.5,-10.36,-17.28,-14.26
KSR,28.65,2026-09-01,0.21,-0.52,-3.5,-14.61,-4.31,
INTELLECT,694.7,2026-09-01,2.02,1.05,-3.5,-3.93,0.54,-29.12
ANTELOPUS,792.65,2026-09-01,1.06,-0.75,-3.51,-2.57,54.02,43.38
BAJAJINDEF,224.51,2026-09-01,1.77,3.9,-3.51,-7.24,-8.96,-37.72
NGIL,39.5,2026-09-01,-3.56,0.64,-3.52,-3.89,53.22,29.98
KAUSHALYA,876.9,2026-09-01,2.23,-0.92,-3.53,0.57,-2.24,-30.88
OSWALAGRO,36.9,2026-09-01,-1.76,-0.78,-3.53,-16.78,-21.99,-52.73
GOYALALUM,6.29,2026-09-01,0.16,-2.18,-3.53,-6.26,-8.44,-15.23
BCG,9.0,2026-09-01,-0.44,-0.55,-3.54,-10.27,-15.97,-44.79
VENUSPIPES,1606.7,2026-09-01,-2.22,3.64,-3.57,17.0,44.62,27.67
CORALFINAC,32.21,2026-09-01,-2.42,-3.19,-3.57,1.6,-4.14,-21.49
SIKKO,5.11,2026-09-01,1.79,-0.39,-3.58,25.86,11.09,46.02
MKPL,4.03,2026-09-01,-1.95,-3.12,-3.59,-19.4,-20.67,-37.52
NOIDATOLL,4.23,2026-09-01,0.48,2.67,-3.64,-24.06,13.1,0.24
TIPSMUSIC,643.5,2026-09-01,-0.05,-0.04,-3.67,-1.79,19.23,13.17
BHARATRAS,1233.0,2026-09-01,-1.2,-3.9,-3.69,-14.12,-18.36,-51.4
BAJAJHFL,82.85,2026-09-01,-1.39,-1.43,-3.69,-1.43,-4.81,-26.7
GREENLAM,242.61,2026-09-01,-2.13,-3.46,-3.69,5.18,1.66,-0.24
LODHA,1193.9,2026-09-01,-0.39,-5.13,-3.69,34.17,21.23,-0.75
KSHITIJPOL,2.86,2026-09-01,-4.35,1.06,-3.7,-42.34,5.54,-8.92
MAGNUM,18.95,2026-09-01,-0.11,-2.57,-3.71,-5.44,-12.91,-22.94
AARVI,148.92,2026-09-01,4.59,-2.48,-3.73,14.44,16.02,14.7
MDL,61.95,2026-08-31,21.47,10.63,-3.73,11.62,37.67,-24.22
HILINFRA,44.19,2026-09-01,-0.76,-4.97,-3.73,-8.64,-19.97,-53.88
MONARCH,374.6,2026-09-01,-1.58,-2.65,-3.74,13.87,34.39,15.25
MARICO,838.1,2026-09-01,2.21,-0.95,-3.74,4.5,6.76,15.11
HONDAPOWER,1993.4,2026-09-01,-1.22,-3.84,-3.75,-13.12,-5.19,-27.31
3MINDIA,33315.0,2026-09-01,-0.02,-1.68,-3.76,3.8,-9.89,8.0
SBIFUNDS,566.95,2026-09-01,-1.83,4.72,-3.77,,,
SHANTHALA,16.6,2026-08-31,1.84,-8.79,-3.77,-27.83,-48.84,-56.88
GOCLCORP,387.35,2026-09-01,-1.31,-2.77,-3.78,-0.79,47.28,10.07
CHOLAHLDNG,1475.0,2026-09-01,-0.71,-4.74,-3.78,-2.97,-9.66,-15.93
STARTECK,249.3,2026-09-01,-1.77,-1.07,-3.78,-6.89,-6.42,-21.23
DCXINDIA,173.51,2026-09-01,0.25,-1.26,-3.8,-9.18,-2.11,-34.91
SANGAMIND,586.65,2026-09-01,-2.26,4.46,-3.81,12.0,26.07,57.16
GULPOLY,188.28,2026-09-01,-1.18,-1.96,-3.83,3.67,18.07,18.06
HAPPSTMNDS,362.7,2026-09-01,-10.87,-16.86,-3.84,-3.34,1.78,-34.97
DUGLOBAL,25.0,2026-08-31,7.53,4.17,-3.85,-36.39,-41.86,-45.36
PRITIKAUTO,16.75,2026-09-01,-1.82,-4.94,-3.85,24.35,26.8,-3.46
VIVIDHA,0.5,2026-09-01,0.0,-5.66,-3.85,-10.71,-10.71,-37.5
TRITURBINE,578.5,2026-09-01,0.06,0.29,-3.86,-16.7,18.25,11.64
ATMASTCO,145.9,2026-08-31,2.86,-0.75,-3.86,-16.68,-1.55,-37.42
ELCIDIN,106700.0,2026-09-01,-0.56,-1.5,-3.87,-10.1,,
MODIS,377.95,2026-09-01,-0.46,-0.34,-3.87,12.45,16.47,
ICICIPRULI,495.45,2026-09-01,-4.18,-3.09,-3.87,1.75,-24.04,-18.34
GICHSGFIN,141.95,2026-09-01,1.98,3.49,-3.88,-1.94,-5.46,-15.78
ASHOKAMET,13.63,2026-09-01,-1.09,-1.66,-3.88,-12.85,-10.45,-17.39
RUBFILA,68.48,2026-09-01,-0.31,3.37,-3.89,-10.94,4.58,-14.74
HPIL,121.17,2026-09-01,-0.96,-3.24,-3.89,-6.84,-3.67,-5.81
AROGRANITE,24.45,2026-09-01,-1.25,-1.45,-3.89,-4.0,-8.22,-31.2
ANSALAPI,3.2,2026-09-01,-1.84,-4.48,-3.9,-15.79,-20.0,-37.13
ORCHPHARMA,947.9,2026-09-01,-2.37,-8.69,-3.92,21.98,52.95,30.06
SANSTAR,107.36,2026-09-01,-2.72,0.72,-3.93,-4.59,24.79,25.38
BASML,25.57,2026-09-01,-0.43,2.32,-3.94,4.24,12.22,-11.09
BEARDSELL,25.79,2026-09-01,0.82,-1.68,-3.95,-11.89,1.54,-10.7
STCINDIA,115.7,2026-09-01,-0.51,-5.08,-3.98,-1.62,-0.81,0.11
WTICAB,107.15,2026-08-31,-1.56,1.9,-4.03,14.23,-6.09,-39.63
ERIS,1299.9,2026-09-01,0.21,-1.94,-4.05,-5.7,-3.79,-26.26
AISL,56.6,2026-08-31,1.07,-2.41,-4.07,4.62,-23.1,-29.99
AADHARHFC,476.45,2026-09-01,1.78,2.14,-4.08,2.08,3.81,-5.06
MAHEPC,102.3,2026-09-01,0.17,-4.11,-4.09,-10.85,-13.79,-39.15
SECURKLOUD,17.33,2026-09-01,-1.03,-3.51,-4.1,-12.56,-22.98,-26.35
NELCAST,116.39,2026-09-01,-1.5,0.19,-4.1,-17.6,2.2,-20.64
M&M,3259.0,2026-09-01,-0.7,-4.54,-4.1,10.88,-3.07,-0.67
MADHUSUDAN,225.75,2026-08-31,1.35,0.42,-4.12,45.65,64.0,66.24
JAGRAN,61.17,2026-09-01,0.15,-1.24,-4.14,-8.11,10.72,-2.0
ROHLTD,297.4,2026-09-01,0.35,-1.97,-4.15,-10.99,-17.25,-39.36
PARKHOSPS,280.5,2026-09-01,-2.11,0.16,-4.15,2.35,45.28,
MOINFRA,58.08,2026-09-01,-2.16,-2.29,-4.16,-6.41,-5.06,1.56
GANESHCP,168.2,2026-09-01,-1.72,4.0,-4.18,-16.19,-2.98,
SBICARD,632.4,2026-09-01,-1.92,-2.75,-4.2,2.67,-18.05,-21.73
RTNINDIA,30.02,2026-09-01,-0.07,-0.13,-4.21,-12.25,4.64,-51.19
HINDCOMPOS,405.2,2026-09-01,-0.56,-1.44,-4.21,0.36,-1.53,-13.77
SHRADHA,31.85,2026-09-01,0.03,-3.34,-4.21,-5.36,-14.15,-46.52
ATUL,6452.0,2026-09-01,0.94,0.42,-4.22,-3.02,-2.85,2.56
ULTRACEMCO,11400.0,2026-09-01,-0.44,-0.9,-4.23,3.57,-8.24,-9.3
GOKEX,780.5,2026-09-01,-0.05,-2.06,-4.23,11.46,22.01,11.74
SNOWMAN,36.68,2026-09-01,-1.66,-2.42,-4.23,-0.35,-7.05,-27.36
VINEETLAB,37.95,2026-09-01,-2.34,1.55,-4.24,10.74,28.51,14.51
BRITANNIA,5187.0,2026-09-01,-1.2,-2.33,-4.24,2.25,-12.15,-9.8
WIPL,162.05,2026-09-01,-1.19,-1.78,-4.24,5.56,6.61,-7.16
DIGITIDE,97.01,2026-09-01,-0.3,-1.95,-4.26,13.08,-1.18,-53.02
NEWGEN,532.05,2026-09-01,0.61,0.69,-4.26,21.86,5.75,-39.66
AGSTRA,2.01,2026-09-01,1.01,2.03,-4.29,-14.47,-42.57,-64.8
SHAREINDIA,170.8,2026-09-01,-1.11,-1.57,-4.3,26.09,30.18,15.05
ABREL,1357.0,2026-09-01,0.11,-5.09,-4.31,8.71,5.36,-23.51
VISHWAS,42.1,2026-08-31,7.95,10.35,-4.32,-16.55,10.21,-30.7
NATHBIOGEN,152.3,2026-09-01,-3.73,-1.51,-4.32,-14.17,1.49,-10.56
ZENITHSTL,5.3,2026-09-01,-0.75,-3.11,-4.33,-10.77,-6.69,-30.17
FINPIPE,155.34,2026-09-01,-1.51,-6.14,-4.33,-12.72,-16.15,-26.2
CIEINDIA,390.85,2026-09-01,-0.05,-2.13,-4.34,-10.64,-15.94,2.41
FELIX,172.75,2026-08-31,-4.53,-5.55,-4.35,-13.32,-10.42,-0.35
SBGLP,24.33,2026-09-01,0.7,0.75,-4.36,-8.36,-17.55,-34.43
SESHAPAPER,232.52,2026-09-01,1.39,2.18,-4.36,-0.14,-13.72,-13.25
MANBA,129.3,2026-09-01,-0.33,0.17,-4.38,15.07,7.12,-5.81
NCLIND,174.15,2026-09-01,0.24,0.44,-4.39,-6.17,-6.26,-17.33
ZODIACLOTH,73.04,2026-09-01,-0.49,-0.9,-4.39,-3.34,-9.27,-26.03
DELHIVERY,460.8,2026-09-01,1.01,3.61,-4.39,5.39,6.32,-2.73
LUXIND,1192.8,2026-09-01,-1.44,-1.62,-4.39,-15.78,32.42,-6.95
ELIN,96.17,2026-09-01,-3.95,-3.53,-4.4,-13.4,-25.28,-47.67
PPAP,269.3,2026-09-01,2.88,2.41,-4.4,29.58,24.9,25.52
RAMCOCEM,875.35,2026-09-01,-0.48,-3.16,-4.41,1.47,-22.31,-17.08
VIRINCHI,14.53,2026-09-01,-0.89,-4.03,-4.41,-11.56,-26.28,-47.58
SHAH,3.67,2026-09-01,1.66,-8.02,-4.43,-24.17,-25.25,8.58
PVSL,103.7,2026-09-01,-1.26,-5.86,-4.43,3.56,10.38,-7.08
BIMETAL,640.05,2026-09-01,0.5,3.28,-4.43,5.45,,
DHRUV,23.5,2026-09-01,0.0,1.12,-4.43,-21.22,-15.19,-62.52
PIGL,99.68,2026-09-01,-0.48,-2.66,-4.45,10.53,-4.14,-37.3
NH,1938.7,2026-09-01,1.65,4.24,-4.46,2.02,6.12,8.84
QFIL,60.0,2026-08-31,0.0,0.0,-4.46,36.67,2.74,-8.47
ARIHANTSUP,250.15,2026-09-01,-0.73,-1.32,-4.47,-3.44,-5.57,-37.06
DELPHIFX,6.41,2026-09-01,-0.31,-1.23,-4.47,-23.14,-51.77,-50.32
SPARC,196.98,2026-09-01,-1.18,0.99,-4.48,0.31,55.0,38.86
VASCONEQ,30.52,2026-09-01,0.46,-2.34,-4.48,-6.55,-19.75,-39.87
VIKRAMSOLR,169.67,2026-09-01,0.57,-1.37,-4.49,-13.78,-2.43,-48.32
VASA,4.25,2026-08-31,0.0,-4.49,-4.49,-8.6,-10.53,-7.61
AUTOAXLES,1690.9,2026-09-01,-2.18,-3.03,-4.49,-0.54,-15.9,-3.05
BAYERCROP,3987.6,2026-09-01,0.42,-1.38,-4.51,-10.58,-13.46,-20.87
EVEREADY,325.1,2026-09-01,-1.43,-7.25,-4.51,3.72,-1.15,-24.4
IREDA,114.2,2026-09-01,-1.97,-1.04,-4.51,-9.56,-6.09,-19.44
CCL,1100.1,2026-09-01,2.16,1.97,-4.51,3.6,8.69,22.23
CINEVISTA,14.38,2026-09-01,-0.28,0.77,-4.52,-7.05,-7.52,-18.39
VLSFINANCE,243.09,2026-09-01,-0.02,-2.06,-4.52,7.73,-3.48,11.98
MEDPLUS,673.05,2026-09-01,0.12,-0.52,-4.53,-23.05,-20.59,-19.21
NORBTEAEXP,65.46,2026-09-01,-4.44,-7.62,-4.54,-19.62,-32.17,60.44
DPWIRES,158.02,2026-09-01,0.2,-0.21,-4.54,-15.53,4.93,-27.77
MASFIN,304.5,2026-09-01,-0.02,4.33,-4.54,0.26,-5.88,-1.15
BLAL,164.88,2026-09-01,-0.66,-2.0,-4.56,-10.62,-12.15,-21.11
BBOX,719.95,2026-09-01,-3.7,-5.12,-4.58,-31.12,35.13,59.22
GINNIFILA,43.54,2026-09-01,-1.02,-2.79,-4.58,7.29,11.67,-10.39
MANKIND,2356.5,2026-09-01,-2.59,-0.76,-4.58,1.56,4.85,-6.52
GRETEX,272.0,2026-08-31,-9.33,-9.33,-4.59,16.36,0.74,25.93
RALLIS,207.17,2026-09-01,-0.01,-1.96,-4.59,-11.19,-24.05,-40.69
EUREKAFORB,427.8,2026-09-01,-0.37,2.26,-4.6,-4.17,-10.09,-24.19
GTPL,57.14,2026-09-01,-1.02,4.86,-4.61,-12.52,-2.26,-49.59
MHRIL,208.31,2026-09-01,-0.64,-5.76,-4.62,-4.88,-26.7,-40.41
SHYAMCENT,4.95,2026-09-01,0.61,1.23,-4.62,-0.4,-3.32,-41.07
JINDALPHOT,1012.0,2026-09-01,-0.5,-0.76,-4.63,1.4,-20.63,-18.07
HAWKINCOOK,8152.0,2026-09-01,0.44,-0.02,-4.65,10.51,,
BALAJEE,26.06,2026-09-01,-0.46,-1.99,-4.65,-13.19,-4.99,-55.22
ZODIAC,239.89,2026-09-01,-1.54,-3.72,-4.67,-16.59,-1.58,-38.13
NDLVENTURE,122.99,2026-09-01,0.84,-0.02,-4.68,-5.91,6.64,40.05
LLOYDSENGG,84.27,2026-09-01,-2.51,-3.33,-4.69,18.53,76.78,30.34
COFFEEDAY,29.08,2026-09-01,-1.36,0.07,-4.69,-23.97,-3.8,-38.42
NESTLEIND,1438.2,2026-09-01,-3.9,-2.25,-4.73,3.83,11.88,23.72
ONEPOINT,54.74,2026-09-01,-0.07,-1.39,-4.73,-7.61,16.27,26.19
BALAXI,22.77,2026-09-01,1.92,-0.18,-4.73,-12.46,15.41,-50.27
SHALBY,153.65,2026-09-01,-1.04,-0.25,-4.74,-9.24,-0.76,-21.75
VASWANI,49.13,2026-09-01,0.45,7.06,-4.75,-12.1,-20.1,-13.27
PRLIND,42.1,2026-08-31,-2.09,-2.21,-4.75,-33.65,-28.76,-49.0
NETWORK18,28.05,2026-09-01,3.01,-7.55,-4.75,-7.0,-15.84,-47.63
INDIANHUME,372.15,2026-09-01,-2.3,-6.09,-4.76,24.96,13.31,1.13
KIRLOSIND,3740.4,2026-09-01,0.07,2.09,-4.76,21.26,32.41,-0.05
ARFIN,85.5,2026-09-01,-1.98,1.85,-4.76,-3.77,19.25,154.87
BORANA,309.15,2026-09-01,0.21,1.11,-4.77,-6.47,-20.86,43.95
INTERARCH,1722.6,2026-09-01,1.06,1.83,-4.77,2.25,-8.3,-18.39
VINYLINDIA,230.21,2026-09-01,-1.06,-3.61,-4.79,-8.81,12.4,-15.83
SHANTI,6.35,2026-09-01,-3.64,0.32,-4.8,-3.79,-8.5,-25.56
CHAMBLFERT,412.3,2026-09-01,0.67,-4.33,-4.8,-10.99,-9.41,-22.48
SMLMAH,5412.5,2026-09-01,5.96,4.01,-4.8,48.87,13.89,33.23
AEGISLOG,1219.3,2026-09-01,-3.58,-9.11,-4.8,58.32,78.05,76.39
IOB,32.27,2026-09-01,-0.62,-2.74,-4.81,-2.06,-11.47,-16.98
BHARTIARTL,1877.2,2026-09-01,3.6,-2.99,-4.81,4.98,1.15,0.01
GAIL,172.69,2026-09-01,-2.71,-0.61,-4.82,5.47,1.86,1.21
CROWN,109.04,2026-09-01,1.06,3.65,-4.84,-0.32,-9.47,-31.74
ADANIENT,2863.9,2026-09-01,0.17,-4.49,-4.84,-1.52,32.54,25.43
HDFCBANK,711.9,2026-09-01,0.41,-2.35,-4.85,-2.56,-18.48,-23.87
TATACONSUM,1030.5,2026-09-01,-0.67,-3.01,-4.86,-9.87,-8.92,-3.39
RAMAPHO,122.22,2026-09-01,-0.92,1.23,-4.87,1.68,-3.58,-17.76
RUCHIRA,102.97,2026-09-01,0.43,0.09,-4.87,-10.53,-6.1,-27.52
CARYSIL,1118.0,2026-09-01,-0.93,-2.73,-4.88,5.87,24.82,29.94
SJVN,64.92,2026-09-01,0.32,-1.34,-4.89,-10.48,-10.63,-29.35
JETFREIGHT,21.59,2026-09-01,-1.6,-4.09,-4.89,0.14,17.21,56.56
RAJMET,3.11,2026-09-01,0.32,-11.14,-4.89,-19.22,-18.8,-29.32
SANOFI,3155.0,2026-09-01,0.99,-3.65,-4.91,1.2,-19.35,-36.43
RPOWER,22.26,2026-09-01,0.77,-3.59,-4.91,-16.82,-7.13,-49.46
MAHKTECH,22.52,2026-09-01,-1.01,-1.36,-4.94,-6.52,-7.89,-11.76
GRMOVER,85.29,2026-09-01,-1.36,-5.49,-4.95,-44.75,-46.92,-30.67
GKWLIMITED,1550.0,2026-09-01,1.66,-3.19,-4.95,-7.47,-6.48,-10.05
SAIFL,4.8,2026-08-31,-4.95,-4.0,-4.95,-11.93,-50.77,-82.98
DESTINY,100.65,2026-08-31,0.0,0.0,-4.96,-4.96,-16.82,-22.28
BERGEPAINT,490.85,2026-09-01,-1.39,-4.78,-4.98,-3.58,8.43,-9.59
MPTODAY,43.7,2026-08-31,0.0,-5.0,-5.0,0.23,-3.32,-8.29
MEGAFLEX,95.0,2026-08-31,0.0,0.0,-5.0,-28.89,-29.63,75.93
SANWARIA,0.19,2026-09-01,0.0,0.0,-5.0,-20.83,-13.64,-47.22
VENTIVE,593.3,2026-09-01,0.36,1.3,-5.01,-6.84,-14.6,-17.96
TRENT,2855.0,2026-09-01,-0.86,-1.72,-5.02,3.16,9.98,-47.54
INFOBEAN,157.52,2026-09-01,-2.45,1.51,-5.04,-0.7,-23.17,4.56
AMBIKCO,1625.1,2026-09-01,-0.89,-2.23,-5.06,-2.98,20.17,18.76
HINDUNILVR,1994.8,2026-09-01,1.39,-1.73,-5.07,-3.32,-13.82,-23.35
TCI,883.25,2026-09-01,1.76,-1.95,-5.08,-3.82,-11.98,-21.84
VR,113.0,2026-08-31,-13.08,-21.39,-5.08,-14.33,-21.23,-46.67
LORDSCHLO,136.46,2026-09-01,0.37,3.18,-5.08,-2.26,9.05,-21.55
JISLDVREQS,20.97,2026-09-01,2.09,-0.47,-5.11,-7.25,-9.34,-33.47
ITC,266.6,2026-09-01,4.34,-1.15,-5.12,-4.67,-12.67,-31.11
AVL,604.1,2026-09-01,0.6,2.87,-5.12,15.92,25.22,21.38
ASAHISONG,374.55,2026-09-01,-1.11,-0.43,-5.15,44.85,66.76,23.99
UNIINFO,11.38,2026-09-01,1.79,0.62,-5.17,-4.13,-18.95,-43.07
RAINBOW,1446.4,2026-09-01,2.24,-0.94,-5.18,5.86,21.86,-3.39
PAVNAIND,17.17,2026-09-01,-4.82,-7.39,-5.19,-0.69,-16.73,-54.76
RSSOFTWARE,28.72,2026-09-01,-3.43,-4.2,-5.21,-10.56,-14.83,-59.95
MANDEEP,18.15,2026-08-31,5.22,-7.87,-5.22,-8.1,-4.47,-32.53
KUANTUM,71.62,2026-09-01,-0.69,-1.89,-5.23,-1.48,-17.44,-33.03
CAMS,752.0,2026-09-01,-3.84,0.0,-5.24,-1.46,11.91,-0.39
RHIM,368.2,2026-09-01,-0.91,-1.71,-5.24,0.82,-15.29,-22.68
SAIPARENT,518.75,2026-09-01,-0.28,-1.89,-5.25,1.27,,
NITIRAJ,204.5,2026-09-01,0.13,1.82,-5.25,16.92,-4.87,8.38
CYBERTECH,132.91,2026-09-01,-0.12,-1.31,-5.25,-2.88,17.08,-6.9
PLADAINFO,9.9,2026-08-31,0.0,8.79,-5.26,-15.02,-18.85,-47.34
SIGNATURE,777.2,2026-09-01,0.95,-2.29,-5.27,-5.24,-21.48,-27.54
AURIONPRO,694.7,2026-09-01,-2.04,-1.96,-5.28,-10.52,-21.83,-46.06
ASAL,473.6,2026-09-01,-0.51,-4.09,-5.32,-7.36,0.28,-2.23
GSS,11.9,2026-09-01,-1.82,-9.16,-5.33,-9.92,-11.79,-57.38
HEMIPROP,127.15,2026-09-01,-1.22,-1.36,-5.34,-8.89,-10.08,-8.18
IL&FSENGG,35.0,2026-09-01,-1.57,-2.78,-5.35,19.66,36.19,6.19
LINDEINDIA,6373.0,2026-09-01,-0.2,-2.42,-5.35,-7.48,-5.14,0.24
DBCORP,197.76,2026-09-01,-0.72,-4.37,-5.36,-1.08,-9.86,-24.01
KAYNES,3600.5,2026-09-01,-2.29,-6.24,-5.36,16.14,-6.64,-45.45
EIHAHOTELS,293.3,2026-09-01,-2.59,-1.53,-5.37,-2.15,-10.02,-21.63
HUBTOWN,180.33,2026-09-01,-1.08,-6.14,-5.38,-13.44,-15.97,-48.35
EMAMILTD,376.65,2026-09-01,3.48,-7.14,-5.38,-5.27,-18.58,-34.02
WAAREERTL,863.8,2026-09-01,-1.0,-0.98,-5.41,-11.15,1.25,-16.83
NIVABUPA,82.3,2026-09-01,1.28,-0.25,-5.41,-2.6,9.6,0.09
MASTER,435.0,2026-08-31,-1.81,-10.86,-5.43,28.1,42.41,23.35
KIRLFER,449.8,2026-09-01,-0.53,1.28,-5.43,5.62,0.11,0.11
MAHLOG,387.2,2026-09-01,-1.09,-3.94,-5.45,12.18,-5.81,23.15
ESSENTIA,1.04,2026-09-01,0.97,-11.86,-5.45,-39.53,-20.61,-44.68
GRADIENTE,2.59,2026-09-01,0.0,-13.09,-5.47,-27.45,,
IRCON,119.08,2026-09-01,-0.24,-3.27,-5.48,-11.34,-17.08,-27.49
DREDGECORP,1076.7,2026-09-01,-2.32,-2.27,-5.5,-4.92,13.19,80.26
AWFIS,262.8,2026-09-01,1.51,-5.37,-5.5,-17.42,-10.12,-53.65
ROSSARI,476.55,2026-09-01,-1.77,-4.57,-5.5,-8.65,-3.88,-22.86
INDOAMIN,120.47,2026-09-01,0.02,-2.56,-5.5,-5.07,11.29,-17.75
ANGELONE,281.55,2026-09-01,-1.86,-1.56,-5.5,-15.85,21.99,26.61
CENTURYPLY,755.45,2026-09-01,-0.24,1.41,-5.51,0.17,2.78,-1.14
CELLPOINT,16.3,2026-08-31,1.87,-4.4,-5.51,-2.1,9.4,-7.39
MEDIORG,25.65,2026-08-31,10.8,10.8,-5.52,6.87,6.87,-29.63
J&KBANK,147.38,2026-09-01,-0.2,0.8,-5.53,3.96,21.41,47.12
M&MFIN,364.4,2026-09-01,-2.31,-3.78,-5.53,26.26,-0.45,44.7
JBMA,621.85,2026-09-01,-0.36,-5.99,-5.54,-3.87,12.79,1.5
VSTTILLERS,4208.5,2026-09-01,-3.43,-3.76,-5.55,-8.94,-27.14,-22.38
VERITAAS,31.45,2026-08-31,-5.56,-5.56,-5.56,-34.48,-49.03,-57.95
SAREGAMA,493.75,2026-09-01,2.89,-3.2,-5.57,7.4,48.27,2.97
MEDIASSIST,338.05,2026-09-01,2.69,-5.32,-5.57,-8.03,-8.81,-33.78
WOCKPHARMA,1850.6,2026-09-01,-1.76,-2.65,-5.57,-14.04,35.88,30.72
FMCGIETF,49.78,2026-09-01,-0.64,-2.39,-5.58,-3.81,-9.14,-16.96
BALKRISIND,2331.8,2026-09-01,2.31,-1.13,-5.58,7.94,-1.85,1.08
RADIOCITY,6.41,2026-09-01,-1.23,-1.84,-5.6,5.25,6.13,-23.96
GPECO,404.0,2026-08-31,2.81,6.69,-5.61,-10.9,13.8,-31.83
SANDUMA,200.4,2026-09-01,-0.98,-2.34,-5.61,-11.21,-7.03,39.19
ENERGYDEV,15.78,2026-09-01,-0.63,-2.71,-5.62,-3.01,-5.05,-20.5
RKDL,18.63,2026-09-01,1.31,2.87,-5.62,-7.82,-2.41,-29.99
BANDHANBNK,162.9,2026-09-01,-0.37,-6.33,-5.64,-20.68,-9.71,1.84
INOXGREEN,160.29,2026-09-01,-3.94,-9.06,-5.65,-5.35,-5.22,5.84
ONESOURCE,1527.9,2026-09-01,0.58,-0.25,-5.67,-16.86,13.45,-18.73
KICL,5177.0,2026-09-01,-0.03,-1.81,-5.67,3.92,3.05,8.58
COOLCAPS,20.75,2026-08-31,0.24,5.06,-5.68,-12.82,-31.86,-75.24
HNGSNGBEES,469.33,2026-09-01,-0.82,-1.08,-5.68,-8.33,-11.07,-1.76
NTPC,327.5,2026-09-01,0.03,-3.53,-5.69,-13.52,-14.24,1.65
WCIL,84.9,2026-09-01,1.06,-1.62,-5.7,-12.02,-25.83,-30.9
AARON,127.59,2026-09-01,-1.93,-6.99,-5.72,8.3,-20.74,-39.41
KIMS,758.4,2026-09-01,0.38,-1.04,-5.75,0.6,1.79,4.25
RUSHIL,16.24,2026-09-01,-0.98,-4.25,-5.75,8.92,-8.4,-43.38
SYSTMTXC,57.72,2026-09-01,-0.31,1.3,-5.76,-10.04,-23.51,
JUBLINGREA,693.25,2026-09-01,2.72,-2.11,-5.77,9.01,18.82,-4.45
ISGEC,778.25,2026-09-01,-1.57,-0.64,-5.78,-14.06,-12.43,-21.55
BIOCON,401.05,2026-09-01,-2.66,-2.04,-5.79,-5.67,3.01,13.89
REPCOHOME,362.8,2026-09-01,-0.06,3.45,-5.79,-4.64,-4.74,4.14
PAISALO,67.07,2026-09-01,-0.36,-3.47,-5.8,26.88,88.61,123.1
ATGL,613.65,2026-09-01,-1.22,-4.06,-5.8,-16.34,19.9,3.32
BIRLAMONEY,127.02,2026-09-01,0.21,0.56,-5.8,-6.66,-2.53,-29.75
KANDARP,95.05,2026-08-31,-4.85,-2.11,-5.8,-37.67,-40.13,-8.3
FOCUS,66.14,2026-09-01,0.61,-3.64,-5.8,-21.17,1.26,-31.48
OLECTRA,1247.3,2026-09-01,-2.3,-3.88,-5.81,1.36,25.09,-21.19
WILLAMAGOR,23.74,2026-09-01,-0.04,-4.54,-5.83,-10.89,-15.31,-29.58
EMCURE,1845.9,2026-09-01,-0.51,-0.42,-5.83,8.25,26.82,33.61
MADHUCON,4.84,2026-09-01,-2.62,-6.02,-5.84,-7.81,2.33,-18.79
IKS,1740.8,2026-09-01,0.37,-2.72,-5.85,6.2,26.53,15.03
CHOICEIN,774.7,2026-09-01,-0.77,-2.88,-5.86,15.88,5.14,-2.22
MASON,117.65,2026-08-31,0.13,-2.77,-5.88,0.47,-25.18,-42.19
ANANTRAJ,587.8,2026-09-01,-2.67,-4.36,-5.88,9.3,11.13,12.97
HITECH,79.67,2026-09-01,0.91,-1.3,-5.88,-4.8,-9.6,-8.09
CENTRUM,22.33,2026-09-01,-2.79,-4.12,-5.9,0.86,-9.96,-38.04
KAKATCEM,112.3,2026-09-01,-3.81,-4.33,-5.92,-5.98,1.89,-23.22
XCHANGING,60.31,2026-09-01,-1.03,-1.33,-5.93,-5.22,-5.47,-27.56
TATACHEM,633.6,2026-09-01,-1.46,1.06,-5.93,-12.35,-10.32,-31.55
SWANCORP,289.4,2026-09-01,-1.33,-4.41,-5.93,-9.16,-24.28,-36.06
MIRZAINT,31.29,2026-09-01,-1.11,-0.22,-5.95,2.79,-8.86,-3.69
RUSTOMJEE,376.05,2026-09-01,-0.77,-0.79,-5.95,-4.12,-9.77,-39.83
BHARTIHEXA,1511.7,2026-09-01,-2.19,-5.86,-5.96,0.93,-4.89,-13.65
GLOTTIS,63.01,2026-09-01,-1.18,-6.87,-5.96,-3.17,30.83,
SAMBHAAV,5.98,2026-09-01,-1.32,-5.08,-5.97,-9.94,-20.37,-9.8
STEELXIND,10.56,2026-09-01,-0.19,-3.12,-5.97,-17.44,27.38,17.73
RPPINFRA,56.57,2026-09-01,1.71,-2.09,-5.97,-10.46,-26.48,-64.01
ABBOTINDIA,26135.0,2026-09-01,1.1,-1.08,-5.99,-0.35,0.82,-16.76
FIDEL,140.0,2026-08-31,1.49,3.02,-6.01,-12.78,7.9,-16.42
SUMMITSEC,1413.7,2026-09-01,-0.91,-0.23,-6.02,-6.94,-15.06,-37.42
FISCHER,36.77,2026-09-01,4.43,0.82,-6.03,1.46,-3.89,-65.12
UCOBANK,24.59,2026-09-01,-1.21,-5.02,-6.04,-1.21,-15.6,-12.49
REXPIPES,160.65,2026-08-31,0.0,-5.0,-6.05,-12.4,-20.47,0.09
GODREJPROP,1978.0,2026-09-01,-1.82,-3.03,-6.06,15.95,14.82,1.81
RITEZONE,17.05,2026-08-31,-2.01,-6.58,-6.06,-16.63,-10.26,-40.7
CMSINFO,247.67,2026-09-01,1.67,-0.45,-6.08,-18.64,-18.42,-39.99
DIGISPICE,17.0,2026-09-01,0.06,1.98,-6.08,-14.31,-10.48,-33.59
VSTIND,208.0,2026-09-01,-0.83,-1.26,-6.09,-13.99,-6.85,-19.44
RAJOOENG,49.45,2026-09-01,2.83,-0.96,-6.1,-8.51,-20.87,-50.91
SURAJLTD,206.01,2026-09-01,1.95,-1.67,-6.11,-11.86,-8.69,-34.09
MANCREDIT,230.19,2026-09-01,-5.17,3.4,-6.15,8.3,36.57,24.11
UPL,567.1,2026-09-01,0.86,-0.84,-6.16,-11.26,-10.17,-21.34
USK,20.88,2026-09-01,-1.32,-1.09,-6.16,-7.98,-27.17,-37.11
GOYALSALT,106.0,2026-08-31,0.0,-0.93,-6.19,-5.99,-15.47,-33.33
BPL,50.02,2026-09-01,-2.06,1.87,-6.21,-5.5,-9.48,-37.46
ORIENTCEM,128.16,2026-09-01,-1.07,-1.26,-6.21,-6.04,-16.52,-42.01
PANSARI,303.8,2026-09-01,0.31,-7.36,-6.21,7.03,0.26,13.02
SEMAC,292.0,2026-09-01,3.56,-0.48,-6.23,-8.49,20.84,-44.07
VERANDA,242.94,2026-09-01,-2.55,-2.88,-6.23,4.86,33.62,8.66
VESUVIUS,416.05,2026-09-01,2.04,-3.84,-6.24,-12.27,-16.53,-17.96
SPCL,61.6,2026-08-31,2.58,-0.65,-6.24,-17.87,-18.03,-42.43
AJOONI,3.75,2026-09-01,-2.34,0.0,-6.25,-7.86,-15.35,-29.38
ASIANPAINT,2575.5,2026-09-01,-2.94,-2.47,-6.25,-1.31,9.33,1.23
JISLJALEQS,28.07,2026-09-01,-0.74,0.43,-6.25,-3.94,-20.19,-45.74
PILITA,8.08,2026-09-01,1.76,0.75,-6.26,0.75,-4.83,-41.02
JSWCEMENT,124.75,2026-09-01,-1.01,-1.61,-6.27,-0.65,0.11,-17.49
ACC,1272.3,2026-09-01,-0.33,-2.2,-6.27,-5.91,-19.64,-29.63
AVANTIFEED,833.75,2026-09-01,1.1,-2.31,-6.27,-27.22,-34.27,33.36
ADVENZYMES,295.35,2026-09-01,0.43,-2.32,-6.27,-21.85,-1.22,-12.38
ACI,492.65,2026-09-01,1.48,-4.52,-6.28,-7.52,-14.09,-25.85
LRRPL,87.0,2026-08-31,3.57,4.19,-6.3,1.75,34.78,8.07
INDIANCARD,211.47,2026-09-01,1.34,2.52,-6.31,-3.6,2.12,-19.02
SRTL,37.99,2026-09-01,-1.45,-5.33,-6.31,-9.42,,
SPMLINFRA,179.64,2026-09-01,-1.02,-3.94,-6.32,-11.1,5.78,-35.15
DISHTV,2.67,2026-09-01,-2.55,-3.26,-6.32,-15.77,-7.61,-47.54
NUVOCO,322.85,2026-09-01,1.24,0.7,-6.33,-5.57,-1.62,-29.23
FUSION,194.65,2026-09-01,-2.83,-3.82,-6.34,13.56,3.39,11.95
BLUEJET,586.35,2026-09-01,1.31,-0.42,-6.37,31.28,44.67,-9.88
VIPCLOTHNG,19.97,2026-09-01,-0.65,-3.85,-6.38,-23.55,-0.1,-42.23
UNIVPHOTO,444.6,2026-09-01,-1.0,-1.0,-6.4,7.87,1.89,68.73
KOTHARIPET,130.9,2026-09-01,-0.14,-2.5,-6.41,6.67,14.07,-20.16
RPGLIFE,2590.5,2026-09-01,-1.46,-1.25,-6.42,20.42,39.57,11.81
SCHAND,133.55,2026-09-01,-3.06,-1.84,-6.44,-13.91,-10.29,-29.0
SINTERCOM,78.3,2026-09-01,-0.65,-4.19,-6.44,9.94,-10.66,-36.37
LANDMARK,505.95,2026-09-01,-2.22,-6.61,-6.44,35.34,22.42,-17.09
JKTYRE,373.95,2026-09-01,-1.29,-2.26,-6.45,-2.4,-24.62,13.79
CLEANMAX,1249.5,2026-09-01,0.21,-0.55,-6.45,14.59,,
GRINDWELL,1983.3,2026-09-01,-1.96,-3.4,-6.46,8.34,20.44,25.51
KALYANKJIL,573.0,2026-09-01,-4.66,-5.75,-6.46,66.59,39.72,12.67
SONAMAC,33.2,2026-08-31,-3.35,-5.14,-6.48,-12.05,-13.2,-56.17
EUROBOND,148.02,2026-09-01,-1.5,-6.39,-6.49,-19.34,-10.33,-39.02
GTLINFRA,1.15,2026-09-01,-1.71,-5.74,-6.5,-19.01,4.55,-22.3
JWL,242.36,2026-09-01,0.75,-2.22,-6.5,-11.61,-9.3,-24.6
MCLEODRUSS,48.57,2026-09-01,-1.98,-2.68,-6.52,-36.8,16.47,27.55
ENIL,100.96,2026-09-01,-0.99,-0.05,-6.52,-6.1,-4.71,-36.26
BANSWRAS,115.54,2026-09-01,-0.19,-4.98,-6.57,-5.49,1.4,-5.28
RILINFRA,36.2,2026-08-31,-0.69,-3.6,-6.58,2.26,0.84,4.93
JSWENERGY,518.0,2026-09-01,-0.46,-4.9,-6.61,-10.92,6.56,3.72
BOMDYEING,113.49,2026-09-01,-0.67,2.66,-6.62,-8.62,0.56,-33.81
HIRECT,1248.2,2026-09-01,2.15,2.04,-6.63,14.58,76.2,59.89
EVERESTIND,420.75,2026-09-01,-2.47,0.08,-6.63,10.66,8.44,-37.17
KALPATARU,278.1,2026-09-01,0.18,-3.07,-6.63,-14.01,-14.35,-29.36
MEGASTAR,309.9,2026-09-01,0.88,0.21,-6.64,8.95,36.65,32.53
CERA,5717.5,2026-09-01,-0.23,-1.3,-6.67,3.61,18.36,-8.01
DHARAN,0.14,2026-09-01,-6.67,-12.5,-6.67,0.0,-17.65,-68.18
IGARASHI,421.05,2026-09-01,0.26,-2.39,-6.67,12.77,17.5,-11.96
INSECTICID,598.35,2026-09-01,-2.05,3.14,-6.68,-17.32,-3.66,-27.38
ROUTE,501.95,2026-09-01,0.39,1.76,-6.68,0.7,-0.07,-39.88
FELDVR,2.23,2026-09-01,0.0,-4.7,-6.69,-18.32,-24.92,-34.8
KCEIL,81.6,2026-08-31,-1.15,6.25,-6.69,-17.16,-33.25,-71.24
RHFL,1.81,2026-09-01,0.0,-2.16,-6.7,-17.73,-15.42,-62.05
SURYODAY,151.06,2026-09-01,-2.35,-3.86,-6.71,-6.6,15.3,24.26
CCCL,14.45,2026-09-01,-0.62,-4.37,-6.71,-2.43,-9.63,-19.59
JKCEMENT,5078.5,2026-09-01,-1.06,-2.63,-6.71,-1.79,-9.88,-27.88
BHARATFORG,2052.2,2026-09-01,-2.5,0.55,-6.71,7.06,7.7,82.95
MARALOVER,54.44,2026-09-01,-0.11,-1.31,-6.72,-5.04,20.68,-3.22
TATAINVEST,633.65,2026-09-01,-1.33,-1.9,-6.74,-5.18,-3.31,-6.56
HONAUT,35580.0,2026-09-01,0.14,-2.89,-6.75,1.74,15.19,-7.05
STARHEALTH,560.4,2026-09-01,-1.29,-2.2,-6.76,5.15,20.39,24.67
CMPDI,222.68,2026-09-01,-3.57,-6.38,-6.76,-2.2,,
BIKAJI,598.3,2026-09-01,-4.38,-0.77,-6.76,-9.84,-6.06,-24.79
AKG,9.19,2026-09-01,1.88,3.03,-6.8,-18.89,-30.85,-27.92
GATEWAY,52.86,2026-09-01,-1.73,-1.82,-6.81,-3.13,-8.19,-14.26
DAMCAPITAL,141.45,2026-09-01,-2.62,-2.44,-6.84,-3.34,-5.23,-34.75
PULZ,22.35,2026-08-31,-3.87,2.05,-6.87,-8.59,-12.52,-46.72
MUTHOOTFIN,2905.0,2026-09-01,-2.45,-9.47,-6.88,-10.52,-12.64,8.1
NAVKARCORP,95.65,2026-09-01,-0.4,-1.81,-6.88,1.32,1.6,-19.53
NAHARPOLY,250.13,2026-09-01,2.62,2.16,-6.89,-2.12,1.53,-16.04
ZENSARTECH,472.95,2026-09-01,2.74,-0.83,-6.89,-2.22,-14.22,-38.26
HGS,393.7,2026-09-01,-1.71,-2.08,-6.9,-3.12,4.71,-23.67
ASPIRE,13.5,2026-08-31,-2.88,-5.92,-6.9,-15.36,5.88,-42.8
AEGISVOPAK,270.1,2026-09-01,0.5,-0.07,-6.91,40.14,18.51,11.29
AGNI,15.5,2026-08-31,5.44,-2.52,-6.91,-15.53,-13.65,-38.86
ASHIANA,363.65,2026-09-01,-0.89,-0.8,-6.91,1.62,12.13,18.04
KISSHT,295.8,2026-09-01,-3.7,-3.21,-6.92,13.03,,
RAIN,206.55,2026-09-01,5.73,-3.34,-6.92,8.82,39.61,52.13
POWERGRID,264.55,2026-09-01,0.38,-2.52,-6.93,-7.55,-11.42,-2.8
AMBUJACEM,402.2,2026-09-01,0.26,-1.6,-6.94,-7.06,-19.23,-28.73
UNITEDTEA,447.5,2026-09-01,-1.05,-0.67,-6.95,-11.86,-10.19,-5.45
SALZERELEC,538.75,2026-09-01,-1.4,-4.96,-6.99,-9.88,-17.79,-34.05
SUNFLAG,339.65,2026-09-01,-0.19,-4.07,-7.02,-9.31,38.05,24.88
ADVANCE,116.22,2026-09-01,-0.17,-1.51,-7.03,13.42,-4.6,
PGEL,569.9,2026-09-01,-1.91,-4.54,-7.08,21.15,-9.24,2.74
IBULLSLTD,25.44,2026-09-01,-3.09,-5.25,-7.09,15.22,143.44,48.6
UBL,1308.9,2026-09-01,0.03,-2.81,-7.09,2.5,-17.87,-26.59
GAUDIUMIVF,127.72,2026-09-01,-0.06,12.4,-7.11,11.37,59.13,
JKLAKSHMI,524.1,2026-09-01,-1.28,-5.55,-7.18,-9.51,-25.76,-44.03
PENTAGON,51.0,2026-08-31,-1.92,1.49,-7.19,-13.49,-20.93,-2.02
NATCOPHARM,849.2,2026-09-01,0.92,-3.94,-7.24,-8.86,-13.95,-1.29
PANACEABIO,390.9,2026-09-01,0.98,-3.77,-7.25,-1.8,18.1,-6.07
COROMANDEL,1922.9,2026-09-01,0.89,-0.19,-7.27,7.67,-13.3,-17.4
INNOVATIVE,64.2,2026-08-31,-3.89,-3.6,-7.29,-22.74,-14.97,-49.55
RVNL,208.38,2026-09-01,-0.77,-6.01,-7.3,-13.47,-33.92,-33.58
YUDIZ,23.5,2026-08-31,-2.08,-4.47,-7.3,-8.56,-29.85,-16.07
SANATHAN,440.25,2026-09-01,-2.65,-1.88,-7.31,6.75,7.54,-15.13
DATAMATICS,771.05,2026-09-01,-1.39,-5.06,-7.33,-3.7,0.14,-24.09
SUPRIYA,803.15,2026-09-01,0.61,0.75,-7.36,-23.69,22.62,21.21
GUJENERGY,254.3,2026-09-01,2.66,-1.81,-7.36,-35.91,-37.58,-41.68
NDTV,71.42,2026-09-01,-1.08,-4.95,-7.37,-12.76,-10.5,-49.17
TANLA,543.15,2026-09-01,2.45,-3.77,-7.4,4.97,20.72,-10.87
ACEINTEG,17.63,2026-09-01,3.4,-1.01,-7.41,-7.84,-2.81,-25.8
SAMPANN,24.59,2026-09-01,-5.6,-5.6,-7.42,-7.7,-17.79,-17.7
RMC,232.45,2026-09-01,-3.29,-7.57,-7.43,-37.05,,
LOTUSEYE,108.77,2026-09-01,-0.28,-5.83,-7.44,0.55,-1.29,-15.37
DEVIT,25.02,2026-09-01,1.75,-1.61,-7.44,-13.87,7.8,-42.11
DEEPAKFERT,1427.5,2026-09-01,1.46,-2.63,-7.44,1.89,44.3,2.92
BHAGCHEM,269.05,2026-09-01,-4.17,-4.9,-7.46,10.55,33.06,-1.73
IRFC,82.5,2026-09-01,-1.01,-4.06,-7.46,-14.3,-19.48,-30.25
CELLECOR,31.5,2026-08-31,-3.82,0.0,-7.49,-17.75,21.86,0.32
TVSSCS,124.99,2026-09-01,-1.65,-6.02,-7.49,11.07,8.72,-1.71
LIKHITHA,204.23,2026-09-01,-1.57,-3.2,-7.5,7.19,36.26,-17.71
PRIVISCL,3345.9,2026-09-01,-3.69,-2.92,-7.5,1.51,10.39,47.21
CUMMINSIND,5105.0,2026-09-01,0.0,-1.64,-7.5,-9.39,5.08,33.26
SURYAROSNI,218.82,2026-09-01,-0.41,-0.14,-7.54,-11.4,-1.11,-20.78
PATINTLOG,12.87,2026-09-01,-1.0,-3.88,-7.54,-6.26,25.56,-14.03
EIFFL,290.05,2026-09-01,-1.99,11.58,-7.55,26.71,24.43,21.78
AIAENG,4243.2,2026-09-01,-0.34,-0.77,-7.58,-6.18,10.17,38.01
APS,250.4,2026-08-31,-8.46,5.43,-7.58,-21.92,-18.33,-47.33
SBILIFE,1739.3,2026-09-01,-0.07,-1.28,-7.58,-4.04,-14.5,-3.76
IGCL,71.98,2026-09-01,0.39,0.54,-7.6,21.49,9.13,-31.22
SATIA,57.06,2026-09-01,0.32,-1.47,-7.6,2.13,-13.86,-31.74
PGHH,7881.5,2026-09-01,-0.48,-2.29,-7.6,-15.91,-30.04,-39.24
LXCHEM,164.9,2026-09-01,-1.0,-4.78,-7.61,11.08,31.16,-20.68
ATULAUTO,476.05,2026-09-01,-2.19,-1.93,-7.64,-0.33,-3.98,8.55
MAXPOSURE,31.4,2026-08-31,2.95,-4.7,-7.65,-7.37,-13.97,-45.15
ALPA,61.73,2026-09-01,-1.59,0.11,-7.65,-11.43,-6.48,-35.94
BAJFINANCE,1053.9,2026-09-01,-0.29,-2.14,-7.65,19.27,6.47,19.23
LINC,94.35,2026-09-01,-0.27,-1.93,-7.67,-4.78,-12.13,-24.23
POCL,484.75,2026-09-01,-2.19,-4.01,-7.68,-6.07,5.75,13.35
ALKEM,5300.0,2026-09-01,-0.55,-0.93,-7.69,-0.09,-5.85,0.98
GALAPREC,1009.6,2026-09-01,-1.54,-7.71,-7.71,12.33,34.62,30.44
IZMO,916.3,2026-09-01,10.0,8.92,-7.71,16.22,23.57,43.67
LFIC,133.01,2026-09-01,-0.81,-3.13,-7.71,-8.29,-3.53,-33.51
AGRITECH,101.16,2026-09-01,-0.38,-0.87,-7.73,-7.42,-17.81,-26.58
HUDCO,178.58,2026-09-01,-1.91,-4.77,-7.74,-10.66,-2.31,-12.38
FLFL,1.19,2026-09-01,-0.83,4.39,-7.75,-15.0,-0.83,-21.19
DHANLAXMI,25.0,2026-08-31,-10.07,2.46,-7.75,-15.54,-2.15,-43.82
ACL,43.94,2026-09-01,0.5,-1.94,-7.75,-20.11,-20.89,-50.23
INNOVISION,263.3,2026-09-01,-3.99,0.73,-7.78,-13.06,,
REDTAPE,122.19,2026-09-01,-1.58,0.2,-7.79,-10.7,5.67,0.64
OMNI,535.6,2026-09-01,-0.91,-9.84,-7.81,8.17,,
JIOFIN,235.85,2026-09-01,-2.28,-2.54,-7.82,0.62,-7.44,-24.72
DANGEE,2.71,2026-09-01,-3.9,-4.91,-7.82,-16.1,-9.06,-34.06
BIGBLOC,41.89,2026-09-01,1.31,-2.31,-7.83,-15.87,-21.89,-24.5
ASTERDM,757.8,2026-09-01,0.24,0.92,-7.83,5.11,16.27,25.76
COCKERILL,7968.5,2026-09-01,-2.52,-0.98,-7.83,5.68,,
JSFB,529.8,2026-09-01,-1.43,-8.9,-7.86,9.38,42.88,7.99
JAMNAAUTO,120.85,2026-09-01,-0.45,1.71,-7.87,-4.07,-18.03,16.3
ALGOQUANT,63.02,2026-09-01,-2.61,-4.57,-7.88,13.41,4.77,
GOLDKART,96.3,2026-08-31,14.64,6.7,-7.89,-36.5,-62.28,-57.2
TATAPOWER,350.55,2026-09-01,1.02,-6.14,-7.92,-15.92,-6.58,-7.31
NLCINDIA,274.3,2026-09-01,2.58,0.44,-7.92,-18.45,5.48,21.15
ABAN,14.54,2026-09-01,-1.96,-11.23,-7.92,-9.97,-25.55,-68.02
SIYSIL,554.45,2026-09-01,-1.61,-5.78,-7.94,-2.89,5.88,-8.11
PWL,114.94,2026-09-01,-1.17,-5.37,-7.97,13.51,32.77,
ITDC,644.75,2026-09-01,0.71,-5.25,-7.98,20.17,22.65,20.87
RELCHEMQ,113.19,2026-09-01,-0.58,-0.13,-8.0,-6.54,-7.47,-30.33
SADHAV,110.3,2026-08-31,-3.67,-5.12,-8.01,-4.71,-2.3,-11.23
DBL,394.8,2026-09-01,-2.51,-4.78,-8.01,-5.36,-5.1,-15.92
SAURASHCEM,55.54,2026-09-01,-0.5,-2.3,-8.02,-6.8,-15.26,-53.28
LIBERTSHOE,239.45,2026-09-01,-1.07,-1.78,-8.05,-1.3,-0.82,-24.2
EFORCE,20.0,2026-08-31,-4.76,-4.76,-8.05,-14.89,-25.93,-52.04
ADSL,103.94,2026-09-01,-1.19,-2.0,-8.05,-11.49,-10.55,-34.86
AMIABLE,65.0,2026-08-31,0.0,0.0,-8.06,-10.84,-10.84,-5.8
IFBAGRO,899.4,2026-09-01,0.02,-8.29,-8.06,-9.35,4.02,16.73
DELTACORP,57.41,2026-09-01,-1.81,-2.5,-8.07,-12.53,-5.52,-30.81
ASIANTILES,50.26,2026-09-01,1.31,10.7,-8.08,-18.25,-29.47,-14.22
TECHLABS,116.4,2026-08-31,1.22,-3.0,-8.09,-38.15,-40.31,-79.06
ADVENTHTL,135.72,2026-09-01,-2.32,3.6,-8.09,1.18,-29.98,
SWSOLAR,187.42,2026-09-01,-1.01,-2.11,-8.11,2.97,-5.34,-29.78
HIGREEN,127.45,2026-08-31,-1.05,-5.03,-8.11,5.16,-3.3,-40.3
MARUTI,12950.0,2026-09-01,-4.41,-4.92,-8.11,1.04,-11.96,-12.14
BBL,2319.2,2026-09-01,-1.87,-2.75,-8.13,-14.3,-3.99,-20.21
WEALTH,854.2,2026-09-01,0.35,0.51,-8.15,-10.71,-9.24,-29.7
RSWM,197.09,2026-09-01,-0.67,0.72,-8.15,12.57,31.18,23.86
SHAKTIPUMP,477.95,2026-09-01,-1.74,-3.23,-8.16,-6.69,-7.09,-40.71
JIWANRAM,4.5,2026-08-31,-10.0,-8.16,-8.16,-19.64,-10.89,-43.04
HCL-INSYS,10.46,2026-09-01,-2.61,-3.77,-8.17,-13.7,-19.35,-31.99
OMINFRAL,82.04,2026-09-01,-0.22,-1.5,-8.17,-7.25,-3.91,-24.79
NIMBSPROJ,168.01,2026-09-01,-2.39,-3.69,-8.19,-21.9,,
AAVAS,1248.4,2026-09-01,-1.01,-6.58,-8.19,-5.74,-2.89,-18.29
JITFINFRA,310.25,2026-09-01,-0.35,-1.93,-8.2,-2.27,-17.84,20.28
SUNTV,462.15,2026-09-01,-0.86,-1.41,-8.2,-9.62,-27.75,-13.18
ADVAIT,2121.0,2026-09-01,-2.29,2.51,-8.21,9.3,24.38,
VBL,405.85,2026-09-01,1.35,-5.18,-8.24,-22.68,-9.79,-17.8
SKP,146.5,2026-08-31,-4.59,-4.87,-8.27,-9.4,-10.1,-37.62
HBLENGINE,659.2,2026-09-01,0.28,-4.59,-8.28,-17.41,-3.73,-21.14
KECL,126.34,2026-09-01,-3.0,-3.98,-8.31,9.52,41.24,9.66
HYBRIDFIN,16.96,2026-09-01,-1.68,-0.76,-8.32,0.71,-10.88,15.3
REFEX,277.6,2026-09-01,-1.73,-3.09,-8.32,-9.49,26.19,-23.53
VGL,57.02,2026-09-01,-3.55,4.45,-8.33,-14.18,-10.97,-38.33
AGIIL,286.1,2026-09-01,0.39,-0.76,-8.33,-18.46,-6.43,23.61
MUFTI,72.81,2026-09-01,-2.15,-2.19,-8.33,-9.73,-13.78,-38.3
GREENPOWER,9.12,2026-09-01,-0.76,-4.0,-8.34,-19.22,-7.6,-32.59
TOLINS,93.67,2026-09-01,-0.97,-2.98,-8.36,-8.23,-15.68,-38.91
RELTD,153.9,2026-09-01,-3.31,-4.65,-8.38,25.25,4.73,9.38
CURAA,67.0,2026-09-01,4.56,-8.91,-8.39,-24.7,-22.31,-78.45
RANEHOLDIN,1560.7,2026-09-01,-0.39,-3.27,-8.4,11.34,32.74,3.91
INDNIPPON,1072.1,2026-09-01,2.05,-0.04,-8.4,20.18,29.58,37.09
NILAINFRA,6.76,2026-09-01,0.3,-2.59,-8.4,-14.43,-16.23,-35.74
ZYDUSWELL,528.8,2026-09-01,-0.3,3.46,-8.44,7.17,37.66,19.46
BANKA,78.75,2026-09-01,0.23,-3.85,-8.44,-13.0,36.62,-10.5
AJMERA,115.67,2026-09-01,-1.05,-2.47,-8.45,6.1,-10.13,-35.37
TINNARUBR,1020.2,2026-09-01,2.32,-0.72,-8.45,26.96,43.64,26.99
STARCEMENT,185.63,2026-09-01,0.47,-4.73,-8.46,-13.2,-13.34,-37.28
MOBIKWIK,187.78,2026-09-01,-1.02,-3.82,-8.49,-3.3,-4.42,-20.9
SERVOTECH,78.58,2026-09-01,-1.52,-4.47,-8.5,-20.11,4.0,-37.2
INNOVANA,300.0,2026-09-01,-1.43,-6.22,-8.51,-8.79,-25.56,-40.72
HMVL,86.57,2026-09-01,-1.66,-4.25,-8.52,20.77,23.5,0.6
ADANIGREEN,1265.0,2026-09-01,4.12,-3.29,-8.53,-12.57,33.53,35.8
TIRUMALCHM,159.38,2026-09-01,-0.42,-1.23,-8.53,-15.28,-16.61,-45.87
BBTCL,220.62,2026-09-01,-0.63,-8.43,-8.54,-2.32,24.37,9.42
PARKHOTELS,111.92,2026-09-01,-0.5,-4.32,-8.55,-2.13,-10.96,-25.31
MBLINFRA,22.84,2026-09-01,0.09,-2.27,-8.6,-17.13,-13.19,-43.38
KILITCH,170.55,2026-09-01,-2.34,2.19,-8.6,-5.79,5.44,-3.92
TIL,230.67,2026-09-01,-1.76,-6.93,-8.6,24.55,10.38,-16.5
OPTIEMUS,582.8,2026-09-01,1.51,-0.5,-8.6,47.19,40.84,0.19
KOKUYOCMLN,78.54,2026-09-01,-1.01,-4.62,-8.61,-2.85,-4.24,-31.01
MSUMI,37.11,2026-09-01,0.87,-1.7,-8.62,-0.0,-12.85,-10.32
ZTECH,480.05,2026-08-31,-2.72,-3.87,-8.63,-17.31,-7.33,-6.51
TIMETECHNO,190.53,2026-09-01,1.78,2.96,-8.64,10.82,3.68,-17.84
FAZE3Q,490.55,2026-09-01,0.63,-0.47,-8.64,-11.13,7.17,12.24
ORIENTPPR,16.78,2026-09-01,-0.47,-2.72,-8.66,-6.31,-10.27,-40.22
DEEDEV,619.8,2026-09-01,5.0,-2.32,-8.66,-0.52,110.57,131.44
MAXHEALTH,1003.0,2026-09-01,-3.75,1.26,-8.69,7.07,-7.98,-14.94
CEWATER,262.7,2026-09-01,-2.52,3.77,-8.72,-3.88,-12.3,-52.22
SHREYANIND,125.8,2026-09-01,0.27,2.7,-8.73,-11.22,-16.94,-44.62
AKASH,24.36,2026-09-01,-1.77,-1.77,-8.73,-9.61,-6.74,-8.76
ZEELEARN,7.42,2026-09-01,-2.62,-5.48,-8.73,11.75,23.67,-19.87
LEXUS,13.38,2026-09-01,-3.39,-3.04,-8.73,-23.59,-65.07,-55.06
ORIENTTECH,238.46,2026-09-01,-0.23,-2.39,-8.75,-10.25,-19.71,-13.17
TMPV,310.0,2026-09-01,0.37,-1.4,-8.76,-18.79,-18.31,-54.71
BLUECOAST,22.57,2026-09-01,-3.3,-2.08,-8.77,-26.93,5.81,-60.25
DBREALTY,102.9,2026-09-01,-0.84,-2.63,-8.78,-10.53,-9.56,-39.54
PRECISION,6.75,2026-08-31,-11.18,-18.18,-8.78,-15.62,-28.95,-70.39
AUROIMPEX,24.8,2026-08-31,-0.8,-4.98,-8.82,-20.39,-14.48,-45.01
DENEERS,170.45,2026-08-31,-1.98,-5.57,-8.83,-16.22,18.53,-41.83
DNAMEDIA,2.58,2026-09-01,-3.01,1.57,-8.83,-12.24,-24.78,-43.05
GOLDIAM,342.4,2026-09-01,-1.79,-5.03,-8.86,11.42,29.81,21.63
AMNPLST,181.17,2026-09-01,-0.06,-4.1,-8.87,-0.71,17.08,-18.34
GOODYEAR,736.25,2026-09-01,-0.96,-2.63,-8.87,4.01,-40.38,-40.38
MAFATIND,121.77,2026-09-01,-0.71,0.17,-8.88,-7.89,,
JYOTISTRUC,9.84,2026-09-01,-1.7,-7.78,-8.89,-20.26,-21.59,-34.62
DABUR,384.0,2026-09-01,0.79,-3.63,-8.89,-8.39,-24.98,-25.33
TAJGVK,328.95,2026-09-01,-1.41,-6.35,-8.9,-3.32,-7.38,-18.66
UJJIVANSFB,65.36,2026-09-01,-5.43,-7.01,-8.91,21.33,12.57,50.91
SAKSOFT,154.22,2026-09-01,-0.73,-4.88,-8.91,8.89,9.22,-27.46
RBMINFRA,241.2,2026-08-31,-2.66,0.15,-8.91,-34.02,-30.06,-46.51
MCLOUD,26.67,2026-09-01,0.08,-9.84,-8.95,3.41,6.34,-67.04
RACE,99.68,2026-09-01,-1.31,-1.74,-8.96,-10.88,-12.91,-57.55
DHTL,32.45,2026-08-31,3.18,2.85,-8.98,-33.02,-28.29,-29.46
NELCO,924.35,2026-09-01,-2.85,0.99,-8.99,34.69,48.78,12.88
NIBL,30.82,2026-09-01,-0.16,-1.56,-9.01,2.29,-1.44,16.96
CEMPRO,1244.1,2026-09-01,1.51,-1.37,-9.04,16.16,116.5,81.16
BTTL,43.19,2026-09-01,0.23,-2.46,-9.04,25.66,,
GRAPHISAD,27.1,2026-08-31,3.24,4.23,-9.06,-18.13,-13.97,-26.76
TGL,17.05,2026-08-31,15.2,-10.5,-9.07,-23.71,-62.77,-82.35
GLOBE,1.9,2026-09-01,-1.55,-5.0,-9.09,-18.8,-28.57,-13.24
MAHLIFE,356.95,2026-09-01,-2.38,-5.86,-9.09,7.36,0.77,3.2
CESC,145.15,2026-09-01,-0.69,-6.52,-9.09,-15.6,-4.82,-0.29
BABAFP,22.5,2026-08-31,1.12,1.35,-9.09,-19.06,-10.89,-39.19
ASALCBR,693.7,2026-09-01,-1.01,-4.36,-9.11,-14.59,-14.15,-33.23
MANAPPURAM,337.0,2026-09-01,-0.91,-7.68,-9.11,6.94,19.51,23.53
THERMAX,3913.2,2026-09-01,0.3,-1.78,-9.12,-21.3,26.02,22.38
WEWORK,675.65,2026-09-01,-1.31,0.53,-9.13,10.56,36.14,
TPLPLASTEH,72.07,2026-09-01,0.8,-9.55,-9.13,3.06,6.88,-5.15
NINSYS,710.35,2026-09-01,-0.51,-0.96,-9.17,-3.3,118.0,58.99
GPTINFRA,107.72,2026-09-01,-2.66,-4.96,-9.19,-6.91,-12.4,-3.52
CENTENKA,544.1,2026-09-01,-0.49,-1.58,-9.22,13.93,27.89,9.7
ALLTIME,200.6,2026-09-01,0.46,-0.34,-9.23,-8.81,-14.74,-34.28
SOBHA,1244.9,2026-09-01,-0.88,-3.43,-9.28,-9.75,-10.4,-14.29
LAXMIDENTL,192.95,2026-09-01,-1.3,-1.05,-9.28,-16.22,0.2,-43.24
SEPC,5.37,2026-09-01,-1.29,-7.73,-9.29,-25.83,-28.11,-53.39
JASH,457.7,2026-09-01,-1.69,-2.55,-9.29,8.14,14.63,-11.1
HSCL,680.85,2026-09-01,3.28,2.82,-9.3,12.84,40.62,50.62
RAMKY,343.85,2026-09-01,-2.15,-9.58,-9.32,-21.38,-24.72,-38.07
VOLTAS,1205.0,2026-09-01,0.89,-2.98,-9.32,-1.6,-22.58,-14.39
GMRP&UI,89.91,2026-09-01,-0.44,-6.44,-9.33,-18.22,-25.25,-19.04
AERONEU,77.97,2026-09-01,-2.55,-3.93,-9.34,-11.79,11.32,-21.64
BYKE,31.87,2026-09-01,-1.24,0.73,-9.36,-8.63,-23.99,-54.4
EASEMYTRIP,5.99,2026-09-01,-1.8,-1.96,-9.38,-14.31,-30.51,-28.26
ABLBL,85.33,2026-09-01,-1.59,0.23,-9.39,-13.55,-15.96,-38.35
SHRIRAMPPS,76.13,2026-09-01,-1.17,-0.91,-9.4,-14.84,-4.06,-10.77
HOMESFY,111.3,2026-08-31,0.0,-6.51,-9.4,4.75,-26.32,-60.09
SAMMAANCAP,147.14,2026-09-01,0.57,-1.51,-9.41,-17.03,-1.85,17.31
ASTRAMICRO,1686.4,2026-09-01,1.22,1.29,-9.41,28.13,74.11,58.8
TIRUPATI,325.0,2026-08-31,0.0,-4.41,-9.43,-30.12,-38.02,-35.03
SPANDANA,236.45,2026-09-01,-1.87,-1.89,-9.44,-4.87,-6.58,-4.34
SATIN,217.18,2026-09-01,-3.05,-2.88,-9.44,-1.95,40.37,55.41
JPPOWER,16.56,2026-09-01,0.67,-3.16,-9.46,-11.87,8.59,-10.58
XTGLOBAL,30.74,2026-09-01,-0.52,8.51,-9.46,-0.65,-20.45,-6.78
WALCHANNAG,210.01,2026-09-01,-2.28,-5.51,-9.48,-11.35,21.41,18.11
EMSLIMITED,372.4,2026-09-01,-0.63,-3.1,-9.5,27.67,28.97,-29.76
NBCC,85.2,2026-09-01,-1.16,-3.31,-9.51,-17.83,-7.43,-14.14
PNBGILTS,76.44,2026-09-01,-0.68,-2.77,-9.54,-0.95,-4.37,-20.87
GRAUWEIL,69.25,2026-09-01,-3.32,-2.85,-9.55,1.3,-40.1,-40.1
MONOPHARMA,9.0,2026-08-31,2.86,9.76,-9.55,-27.71,-30.77,-60.0
MBEL,265.6,2026-09-01,-0.62,-2.6,-9.55,-10.83,-10.69,-38.89
INDIACEM,359.85,2026-09-01,-2.91,-2.15,-9.59,-6.73,-11.37,-6.2
MAL,30.15,2026-08-31,-5.19,2.9,-9.6,-22.19,-29.14,-51.21
SPECTRUM,2135.8,2026-09-01,0.72,-0.4,-9.61,47.28,47.35,43.84
TTKPRESTIG,579.75,2026-09-01,-0.69,-1.39,-9.64,8.3,12.11,-13.09
SPCENET,3.09,2026-09-01,-0.32,-8.58,-9.65,-11.97,-38.4,-43.76
RADAAN,2.9,2026-09-01,-5.54,-4.29,-9.66,-10.49,-7.05,-20.33
SHK,148.67,2026-09-01,-1.84,-3.84,-9.67,14.96,0.57,-41.09
SRM,447.3,2026-09-01,-1.0,-3.61,-9.69,-12.24,7.38,-2.63
RUPA,145.38,2026-09-01,-1.54,-4.24,-9.73,-8.7,5.02,-23.49
SAGCEM,157.03,2026-09-01,-1.62,-5.02,-9.73,-11.4,-18.59,-39.48
TOUCHWOOD,59.79,2026-09-01,1.12,-5.1,-9.74,-14.37,-19.08,-42.6
RICOAUTO,127.39,2026-09-01,-1.3,0.6,-9.76,14.61,-3.24,33.63
LEMERITE,21.0,2026-09-01,-1.13,-6.5,-9.76,-41.91,-76.9,-70.97
GUJGASLTD,247.7,2026-08-31,-4.36,-10.42,-9.76,,,
GGBL,226.8,2026-08-31,-5.87,-2.99,-9.8,-33.87,-12.95,-46.42
K2INFRA,48.75,2026-08-31,-3.27,-2.5,-9.81,-7.14,-2.79,-19.49
HPL,299.8,2026-09-01,-1.09,-4.63,-9.82,-11.31,-11.82,-36.24
CSM,94.49,2026-09-01,-2.38,-4.16,-9.82,,,
EXCELSOFT,69.79,2026-09-01,-0.2,-0.48,-9.84,-20.55,-18.14,
IPL,138.24,2026-09-01,1.01,-1.21,-9.84,-12.62,-11.7,-34.33
SHREECEM,23490.0,2026-09-01,1.25,-2.21,-9.84,-6.02,-9.68,-20.93
ALLETEC,125.3,2026-08-31,3.13,-5.54,-9.86,-19.08,-20.39,-59.43
ZAGGLE,184.42,2026-09-01,-0.04,-3.61,-9.86,-10.17,-18.95,-54.06
IEX,119.2,2026-09-01,-1.08,-3.1,-9.86,-4.94,-3.63,-13.83
ONIDA,35.63,2026-09-01,-1.57,-3.88,-9.89,-12.39,26.75,26.08
TVSHLTD,13258.0,2026-09-01,0.19,-3.28,-9.89,-1.1,-11.72,8.91
RPSGVENT,842.35,2026-09-01,-0.71,-2.43,-9.93,-8.94,23.52,-4.28
BLUEPEBBLE,63.0,2026-08-31,-4.4,-13.1,-9.94,-33.16,-53.93,-63.41
SONUINFRA,36.65,2026-08-31,4.86,0.41,-9.95,-21.35,-48.38,-67.28
EIHOTEL,294.45,2026-09-01,4.3,-1.78,-9.95,2.44,-5.67,-25.46
BAJAJCON,471.95,2026-09-01,-0.44,1.89,-9.95,-15.58,19.45,97.95
GODAVARIB,234.95,2026-09-01,0.26,-2.45,-9.95,-14.56,-20.26,-9.41
SONATSOFTW,289.0,2026-09-01,-1.04,-5.79,-10.03,10.41,9.65,-16.28
KEC,417.0,2026-09-01,0.12,-3.33,-10.04,-15.29,-27.92,-48.43
GALLANTT,552.8,2026-09-01,-2.55,-4.73,-10.06,-15.45,-4.09,-6.0
UMESLTD,4.91,2026-09-01,-9.91,-16.07,-10.07,-12.48,19.76,-16.21
HILTON,19.32,2026-09-01,-0.05,-2.87,-10.1,-8.04,8.42,-62.59
SANGINITA,58.76,2026-09-01,4.98,9.63,-10.1,101.3,313.22,511.45
RCF,114.51,2026-09-01,0.87,-3.8,-10.12,-8.43,-9.68,-23.98
ONELIFECAP,32.46,2026-09-01,0.22,-3.82,-10.16,23.8,107.15,167.82
MGEL,14.33,2026-09-01,1.56,-1.17,-10.16,-6.77,30.0,-9.07
JTEKTINDIA,125.72,2026-09-01,0.84,-0.65,-10.18,0.36,-15.33,-7.47
IMFA,1301.1,2026-09-01,-1.25,-6.44,-10.18,-7.34,3.41,47.16
HDIL,1.5,2026-09-01,0.67,0.67,-10.18,-21.87,-39.27,-50.66
HGINFRA,481.85,2026-09-01,-1.67,-4.89,-10.2,-15.46,-10.52,-51.25
AMAGI,584.25,2026-09-01,2.95,-0.26,-10.21,42.81,52.95,
DENORA,813.9,2026-09-01,-1.47,-1.02,-10.21,15.76,15.68,-2.07
FIEMIND,2085.7,2026-09-01,2.43,-3.62,-10.23,-5.09,-2.52,-3.22
POKARNA,841.95,2026-09-01,-1.51,-3.82,-10.23,3.79,-7.09,-1.08
ORIANA,1238.0,2026-08-31,-3.97,-0.64,-10.23,-30.66,-34.45,-46.47
TATVA,1605.0,2026-09-01,-1.33,-0.03,-10.24,34.25,31.18,52.86
QUICKHEAL,137.23,2026-09-01,0.17,-2.26,-10.24,-21.41,-17.52,-52.99
SANOFICONR,4137.8,2026-09-01,-0.06,-1.96,-10.27,-8.4,-6.41,-17.46
HIKAL,198.54,2026-09-01,-1.42,-6.34,-10.29,3.33,0.95,-22.25
RAJVIR,5.32,2026-08-31,0.0,-5.0,-10.29,-30.46,-30.46,-46.8
RAYMONDLSL,637.15,2026-09-01,-3.86,-11.16,-10.32,-15.49,-27.55,-42.91
GLOSTERLTD,591.5,2026-09-01,0.27,-0.92,-10.32,-8.75,8.08,-10.0
ANDREWYU,28.11,2026-09-01,0.79,6.32,-10.33,-10.33,-10.33,-10.33
SRIVASAVI,74.65,2026-08-31,-8.01,-11.13,-10.33,38.24,61.06,28.04
COLPAL,1859.8,2026-09-01,-1.99,-1.02,-10.42,-6.55,-16.53,-19.41
SURANAT&P,16.08,2026-09-01,-1.71,-0.92,-10.42,-10.37,-10.32,-16.38
HARRMALAYA,193.07,2026-09-01,-1.95,-3.79,-10.43,-0.86,1.08,-8.33
IDEAFORGE,783.6,2026-09-01,-1.46,-1.61,-10.46,-2.73,89.73,51.51
LOTUSDEV,179.18,2026-09-01,-2.01,3.54,-10.46,28.76,26.84,-1.26
GOODLUCK,452.9,2026-09-01,-2.48,-5.19,-10.46,3.09,15.47,19.35
BESTAGRO,17.11,2026-09-01,-0.29,-3.39,-10.51,6.94,5.94,-28.71
BORORENEW,497.15,2026-09-01,-1.08,-7.34,-10.54,1.06,9.05,-13.52
PSPPROJECT,874.5,2026-09-01,-0.25,-3.85,-10.58,4.13,20.53,27.68
GMRAIRPORT,94.12,2026-09-01,0.52,-4.76,-10.58,-3.03,-6.47,8.15
SEJALLTD,675.3,2026-09-01,-4.48,-1.59,-10.59,-13.11,20.47,22.61
NBIFIN,1966.4,2026-09-01,0.28,-1.09,-10.6,6.27,3.4,-18.56
PRITI,33.29,2026-09-01,0.12,-1.01,-10.61,-22.67,-28.25,-55.84
FIBERWEB,26.15,2026-09-01,-0.76,-2.06,-10.66,-8.34,-37.78,-41.2
NAVKARURB,0.92,2026-09-01,1.1,-4.17,-10.68,-8.91,-26.4,-63.28
TARC,122.49,2026-09-01,3.42,-0.03,-10.75,-6.87,-16.39,-21.18
NACLIND,168.61,2026-09-01,-0.95,-4.21,-10.76,6.88,26.21,-37.46
LLOYDSENT,71.34,2026-09-01,-1.4,-3.67,-10.78,5.37,39.79,-1.45
RAJESHEXPO,75.71,2026-09-01,-0.29,-2.04,-10.81,-32.65,-47.35,-56.51
LUPIN,2153.0,2026-09-01,-1.62,-1.6,-10.85,-4.17,-5.79,14.26
MTEDUCARE,1.8,2026-09-01,1.12,-1.64,-10.89,14.65,30.43,-10.0
MOIL,250.43,2026-09-01,1.06,-1.95,-10.89,-15.54,-18.41,-24.22
MINDTECK,171.84,2026-09-01,-0.88,1.63,-10.89,-18.04,-17.33,-14.98
TSFINV,403.1,2026-09-01,0.47,-2.4,-10.92,1.85,1.21,-13.27
CMICABLES,2.53,2026-08-31,0.0,-1.94,-10.92,-20.69,-42.89,-21.91
HLVLTD,6.34,2026-09-01,-2.46,-2.91,-10.96,-19.13,-20.25,-46.0
MITTAL,0.81,2026-09-01,-1.22,-7.95,-10.99,-19.0,-19.0,-49.38
SCODATUBES,130.29,2026-09-01,1.49,0.2,-11.0,8.38,-4.35,-22.12
SIGNPOST,252.3,2026-09-01,-0.96,-4.1,-11.02,-7.58,0.15,-9.15
UGROCAP,84.92,2026-09-01,-2.46,-3.75,-11.03,-10.59,-23.52,-52.07
AVPINFRA,58.4,2026-08-31,-6.56,-3.15,-11.04,-18.38,-40.71,-67.32
RELAXO,359.35,2026-09-01,0.42,-4.82,-11.04,9.62,3.23,-26.62
GPTHEALTH,151.63,2026-09-01,-0.9,1.09,-11.06,6.9,21.18,3.97
INOXWIND,69.5,2026-09-01,-1.24,-5.76,-11.06,-17.1,-24.56,-50.65
BSE,3242.0,2026-09-01,-1.22,-2.13,-11.09,-20.07,20.07,49.08
PAGEIND,35675.0,2026-09-01,-0.35,0.32,-11.15,-3.63,12.16,-19.1
CROMPTON,231.1,2026-09-01,-2.03,-6.06,-11.18,-14.46,-9.3,-30.22
HESTERBIO,2200.5,2026-09-01,-2.59,-6.94,-11.19,9.57,41.48,8.78
OMFURN,59.45,2026-08-31,0.0,9.18,-11.27,0.25,8.09,-51.65
KDL,91.25,2026-08-31,-6.17,-0.6,-11.28,-33.0,-31.67,-67.4
BLUESTARCO,1490.9,2026-09-01,1.85,-0.87,-11.32,-3.02,-22.82,-23.1
NAMAN,39.9,2026-08-31,-5.23,-2.44,-11.33,-16.0,-31.5,-54.14
KESORAMIND,11.1,2026-09-01,0.0,-2.2,-11.34,-10.63,21.05,116.8
MIDWESTLTD,1058.3,2026-09-01,-3.51,-8.18,-11.37,-13.25,-18.12,
URBAN,120.35,2026-08-31,-17.0,-18.16,-11.38,-9.17,-14.04,-21.49
AGARIND,442.8,2026-09-01,-3.36,-8.85,-11.4,5.78,-19.64,-44.09
SPECTSTM,60.0,2026-08-31,-4.0,-4.15,-11.44,-10.11,-19.95,-46.9
METROBRAND,917.95,2026-09-01,-0.18,0.88,-11.45,-11.1,-13.12,-20.65
AWHCL,377.35,2026-09-01,-1.55,-0.98,-11.47,-18.26,-23.31,-33.6
CONSOFINVT,264.0,2026-09-01,-0.13,-2.31,-11.48,10.21,12.48,30.06
OSWALPUMPS,291.35,2026-09-01,-0.33,-1.82,-11.48,-18.25,-7.7,-64.81
BFUTILITIE,504.7,2026-09-01,0.36,-2.14,-11.51,-11.56,-0.17,-37.87
RKSWAMY,90.58,2026-09-01,-1.32,-4.76,-11.53,-7.21,-7.44,-38.36
HECPROJECT,116.37,2026-09-01,-2.68,1.18,-11.53,-7.83,3.22,-23.73
SADBHAV,8.03,2026-09-01,-4.97,-0.74,-11.56,-14.57,-24.95,-45.0
JLHL,293.15,2026-09-01,-0.83,-4.78,-11.57,12.29,16.25,1.98
BHARATWIRE,174.18,2026-09-01,-4.14,-6.72,-11.58,-19.34,-2.31,-0.18
DBSTOCKBRO,30.46,2026-09-01,4.96,4.32,-11.61,-8.91,17.24,18.02
NDRAUTO,722.4,2026-09-01,-1.79,-2.82,-11.64,-10.39,-3.89,-29.25
UNITECH,3.78,2026-09-01,-0.79,-4.06,-11.68,-21.41,-26.17,-46.08
ICEMAKE,733.45,2026-09-01,-2.12,1.02,-11.78,-6.92,-11.15,-0.28
DCM,77.67,2026-09-01,-1.68,-2.27,-11.79,-8.36,-0.24,-21.7
PGHL,5776.0,2026-09-01,0.14,-0.89,-11.86,-3.98,18.79,-4.98
ZENITHDRUG,42.1,2026-08-31,2.18,-6.44,-11.92,-12.2,-14.95,-38.58
LAXMICOT,12.76,2026-09-01,-1.01,-7.13,-11.94,-7.13,-16.87,-47.85
FSL,266.0,2026-09-01,0.45,-2.39,-11.96,-0.47,24.79,-24.21
TRU,4.05,2026-09-01,0.0,-2.17,-11.96,-31.7,-39.28,-63.87
LAGNAM,75.93,2026-09-01,-0.59,-0.04,-12.06,-9.65,2.54,-13.65
SHRENIK,0.29,2026-09-01,-3.33,3.57,-12.12,-23.68,-34.09,-44.23
SPENCERS,28.89,2026-09-01,-2.92,-5.53,-12.19,-20.65,-12.37,-49.63
PRECAM,123.15,2026-09-01,-1.84,-5.81,-12.22,-17.38,-8.8,-27.83
CPEDU,183.28,2026-09-01,0.66,-4.13,-12.23,-0.18,-9.43,
SICALLOG,98.77,2026-09-01,-2.24,-6.51,-12.23,52.75,52.56,6.78
SENCO,352.75,2026-09-01,1.19,-5.11,-12.26,4.2,11.51,-6.27
CHEMPLASTS,170.35,2026-09-01,-3.5,-4.95,-12.27,-21.97,-30.7,-59.7
GSLSU,24.52,2026-09-01,-4.7,-21.91,-12.27,-53.04,-70.39,-77.88
PRAMARA,111.85,2026-08-31,-8.09,5.42,-12.27,-14.16,-69.02,-56.71
THOMASCOTT,261.8,2026-09-01,-3.54,-7.69,-12.28,-2.08,-15.44,-24.16
HARIOMPIPE,342.55,2026-09-01,-0.8,-1.58,-12.28,-14.82,-6.97,-30.68
ACCURACY,4.21,2026-09-01,-4.97,-7.27,-12.29,-26.66,-13.73,-39.34
STANLEY,137.72,2026-09-01,0.84,1.24,-12.3,-5.78,-15.02,-53.91
SCHNEIDER,1188.3,2026-09-01,-2.53,2.58,-12.32,-4.43,31.09,40.73
IONEXCHANG,367.6,2026-09-01,1.03,-0.34,-12.33,4.56,1.3,-12.72
TICL,8.39,2026-09-01,-3.01,-11.78,-12.33,-63.88,-68.89,-67.35
SHILCTECH,4014.4,2026-09-01,-0.7,2.38,-12.36,-0.27,-0.23,
LLOYDS,60.0,2026-08-31,-1.64,-4.61,-12.41,-35.59,17.65,-29.7
RESPONIND,150.17,2026-09-01,0.75,-2.91,-12.44,-16.93,-13.91,-21.92
DRL,9.5,2026-08-31,0.0,-1.04,-12.44,,,
SOUTHWEST,208.6,2026-09-01,1.8,-4.31,-12.45,-19.08,14.49,42.59
PNGJL,586.65,2026-09-01,0.47,-4.35,-12.48,6.33,6.28,1.27
AGROPHOS,25.6,2026-09-01,-2.85,-2.22,-12.48,-17.84,-25.19,-39.41
GODREJIND,1152.9,2026-09-01,1.62,-2.67,-12.5,5.59,16.1,-5.82
DYNPRO,230.19,2026-09-01,1.18,0.72,-12.52,-8.25,-0.82,-37.53
CREDITACC,1393.3,2026-09-01,2.19,-3.4,-12.53,6.04,10.12,-0.71
LGHL,179.64,2026-09-01,0.11,0.81,-12.53,-23.46,-37.4,-37.92
SUBROS,716.6,2026-09-01,-0.13,-1.74,-12.53,0.91,-9.52,-22.03
LLOYDSME,1790.0,2026-09-01,-0.26,-2.28,-12.55,-1.46,45.26,34.87
EMAMIREAL,68.57,2026-09-01,-1.27,-2.15,-12.56,-20.05,3.88,-39.38
DRONE,34.45,2026-08-31,-1.71,-8.38,-12.56,-16.89,-30.19,-62.23
PIIND,2397.1,2026-09-01,1.14,-3.15,-12.56,-10.99,-22.83,-36.04
HIMATSEIDE,69.27,2026-09-01,-0.33,-5.43,-12.57,-9.6,-30.54,-40.32
ECOSMOBLTY,115.16,2026-09-01,0.9,3.6,-12.59,-12.96,-22.95,-57.86
WAAREEINDO,268.1,2026-09-01,-0.22,-3.84,-12.59,-34.31,-22.75,-38.75
RVHL,39.24,2026-09-01,1.87,-1.7,-12.66,2.35,-5.47,-13.89
MADHAVBAUG,169.0,2026-08-31,-1.46,-2.31,-12.66,-7.5,-21.83,-40.27
PYRAMID,158.08,2026-09-01,-0.25,-3.4,-12.72,-2.19,8.32,-3.36
SRGHFL,255.6,2026-09-01,-1.45,-0.16,-12.82,-10.63,-4.25,-16.95
KRIDHANINF,2.04,2026-09-01,2.0,0.0,-12.82,-33.33,-40.18,-50.36
MAJESAUT,357.15,2026-09-01,0.51,-1.35,-12.84,12.05,,
KRITIKA,5.35,2026-09-01,-0.56,-2.37,-12.87,-12.44,-12.3,-45.85
INSPIRISYS,86.21,2026-09-01,-3.18,-7.33,-12.92,-31.32,-0.42,-11.22
SULA,148.65,2026-09-01,0.99,2.85,-12.92,-4.63,-12.05,-39.3
MODINATUR,338.8,2026-09-01,-1.43,-4.23,-12.95,-28.65,18.19,
PEARLPOLY,15.05,2026-09-01,-2.84,-6.93,-12.96,-22.42,-19.86,-52.7
GVKPIL,2.08,2026-09-01,0.0,-5.45,-12.97,-30.43,-25.45,-36.39
SAHAJSOLAR,99.95,2026-08-31,-3.15,-5.04,-12.97,-30.45,-18.11,-59.57
AMIRCHAND,174.33,2026-08-31,-0.76,-4.66,-12.98,,,
GEMAROMA,166.69,2026-09-01,-0.93,-4.02,-13.0,12.18,-15.91,-39.31
HRHNEXT,24.7,2026-08-31,-12.87,-1.0,-13.03,-8.52,-1.98,-31.39
AEROPLANE,174.19,2026-09-01,-0.08,-0.84,-13.05,39.06,,
HUHTAMAKI,258.95,2026-09-01,-1.5,-5.27,-13.14,61.73,48.25,13.39
AFFORDABLE,157.07,2026-09-01,-2.52,-5.29,-13.15,-13.29,-12.1,-41.08
NITCO,93.43,2026-09-01,-0.6,-2.96,-13.17,-4.12,24.96,-21.5
REPRO,328.6,2026-09-01,7.35,5.34,-13.22,-5.56,-17.47,-25.05
BUTTERFLY,624.35,2026-09-01,-0.74,-2.87,-13.24,-6.32,3.76,-15.15
ATAM,55.9,2026-09-01,-0.11,0.72,-13.25,-21.08,-12.55,-37.17
EIEL,190.82,2026-09-01,-3.1,-2.3,-13.29,3.01,20.73,-23.65
TRANSRAILL,433.45,2026-09-01,-1.02,-8.24,-13.3,-10.1,-22.82,-42.6
WANBURY,254.4,2026-09-01,0.12,-4.81,-13.34,-4.56,-4.22,-8.03
BEWLTD,50.0,2026-08-31,-2.53,-2.72,-13.42,-24.3,-51.46,-68.53
INDIASHLTR,628.9,2026-09-01,-3.25,-6.1,-13.43,-15.64,-13.13,-29.58
GANECOS,1024.6,2026-09-01,0.28,-4.08,-13.45,12.54,32.52,-24.03
TARACHAND,47.69,2026-09-01,-0.4,-1.73,-13.48,-14.97,-21.23,-32.03
BOHRAIND,12.69,2026-09-01,2.75,-12.84,-13.5,-25.35,-34.55,-49.88
MAXIND,148.97,2026-09-01,-1.21,-3.5,-13.5,-12.1,-2.39,-32.37
VISHAL,19.15,2026-09-01,-0.62,1.92,-13.54,-13.54,-13.54,-13.54
SKIL,0.83,2026-08-31,1.22,-3.49,-13.54,-17.0,-25.23,-53.11
TVSELECT,422.8,2026-09-01,-1.3,-3.71,-13.59,-12.25,13.85,6.42
KITEX,126.0,2026-09-01,-0.96,-0.91,-13.59,-22.22,-30.66,-32.41
PICCADIL,634.0,2026-09-01,-0.17,-7.4,-13.61,10.08,13.06,7.02
PNC,16.89,2026-09-01,-2.43,-8.46,-13.61,-11.25,-28.07,-48.51
TIPSFILMS,333.45,2026-09-01,-0.63,-3.68,-13.66,-5.92,-7.66,-25.85
BCONCEPTS,162.75,2026-09-01,-1.17,1.53,-13.68,-19.53,-35.46,-40.55
PRECOT,694.9,2026-09-01,-1.37,3.69,-13.73,-8.43,53.11,45.27
TORNTPOWER,1219.3,2026-09-01,0.35,-2.17,-13.73,-13.36,-21.89,-2.04
EFFWA,320.0,2026-08-31,-3.83,-7.45,-13.76,19.56,59.32,45.03
IVALUE,236.35,2026-09-01,-4.58,-16.82,-13.76,-0.32,5.0,
GVPIL,622.55,2026-09-01,-0.77,-4.3,-13.77,-23.53,31.94,88.46
LATENTVIEW,272.55,2026-09-01,1.02,-2.14,-13.8,-13.86,-19.17,-33.96
LCCINFOTEC,3.6,2026-09-01,1.41,1.98,-13.88,-13.88,-23.4,-18.92
GLOBALVECT,142.2,2026-09-01,-0.22,-4.63,-13.89,-14.49,-12.87,-31.98
KRITI,60.56,2026-09-01,0.3,-6.99,-13.9,-18.89,-23.94,-54.71
VHLTD,115.42,2026-09-01,-0.32,-1.46,-13.95,-17.13,-21.48,-0.96
PIONEEREMB,21.73,2026-09-01,-0.14,-1.23,-13.97,-10.8,-20.49,-40.76
SIGMA,47.29,2026-09-01,-2.19,-2.45,-13.99,16.08,12.78,14.51
TRANSWIND,11.3,2026-08-31,-0.44,-14.07,-14.07,-14.39,-48.4,-24.67
JSLL,503.45,2026-09-01,-1.49,-1.54,-14.11,2.29,-17.28,-28.56
ORCHASP,1.4,2026-09-01,2.19,8.53,-14.11,-28.93,-48.15,-50.53
ASTEC,562.4,2026-09-01,0.3,-5.11,-14.18,-23.82,-9.83,-35.49
BAWEJA,23.85,2026-08-31,1.27,-2.65,-14.21,-19.43,-22.44,-53.87
INSPIRE,8.15,2026-08-31,0.0,-9.94,-14.21,-24.88,-25.91,-62.79
ASCOM,221.95,2026-08-31,0.0,-4.99,-14.22,-10.79,5.97,146.61
FINOPB,136.44,2026-09-01,-2.11,-7.75,-14.24,7.67,-29.01,-52.11
AVG,174.63,2026-09-01,-0.35,-7.1,-14.46,17.52,18.51,-18.91
RTNPOWER,7.45,2026-09-01,-0.67,-5.22,-14.47,-21.58,-10.13,-38.98
ARKADE,120.72,2026-09-01,-2.13,-8.42,-14.5,5.89,7.17,-30.57
SUVIDHAA,2.18,2026-09-01,-0.46,-7.63,-14.51,-19.26,-27.33,-47.72
STERTOOLS,212.84,2026-09-01,-2.05,-3.55,-14.52,-6.59,-3.27,-32.19
ASTRAZEN,6917.0,2026-09-01,-0.5,-4.36,-14.6,-20.4,-21.48,-20.72
DBEIL,6.27,2026-09-01,-2.79,-3.54,-14.69,-24.15,-17.64,-51.63
INM,156.0,2026-08-31,-4.91,-4.91,-14.75,-9.04,-13.95,-71.88
ARENTERP,35.31,2026-09-01,-4.49,-3.42,-14.83,-9.21,-13.9,-23.24
MHHL,31.5,2026-08-31,-4.83,-10.76,-14.86,-19.23,-20.55,-41.67
SOMATEX,84.14,2026-09-01,4.99,-3.05,-14.86,-21.11,-23.91,6.51
SAMHI,153.05,2026-09-01,-2.12,-4.09,-14.9,-7.03,-5.82,-28.38
AQYLON,21.69,2026-09-01,3.24,-18.21,-14.91,-64.75,-81.94,-98.06
CEREBRAINT,2.51,2026-09-01,0.4,-10.99,-14.92,-24.62,-46.25,-64.94
SUYOG,736.7,2026-09-01,-0.55,-1.29,-14.96,-6.03,3.98,-10.12
PARASPETRO,2.1,2026-09-01,-4.11,-5.41,-14.98,7.69,-3.23,-12.86
EUROPRATIK,259.35,2026-09-01,-1.65,-3.01,-14.98,1.45,3.76,
GODREJCP,905.0,2026-09-01,0.41,-2.57,-14.99,-9.81,-24.89,-26.6
NITTAGELA,1631.4,2026-09-01,0.66,4.34,-15.14,-0.69,,
SILVERTUC,171.12,2026-09-01,-0.67,-5.0,-15.16,-3.12,21.2,-75.13
MAPMYINDIA,999.6,2026-09-01,-1.36,3.94,-15.16,19.28,-3.05,-38.96
ABFRL,51.1,2026-09-01,-1.92,-5.28,-15.17,-18.58,-23.65,-38.69
OSIAHYPER,2.45,2026-09-01,-0.41,-10.26,-15.22,-29.19,-71.61,-86.66
ISHANCH,44.22,2026-09-01,1.38,-6.45,-15.32,-25.24,-26.2,-29.19
RECLTD,314.05,2026-09-01,-2.86,-4.22,-15.41,-3.72,-7.9,-8.51
ESSARSHPNG,16.83,2026-09-01,1.51,-0.88,-15.55,-28.29,-34.74,-28.57
CRIZAC,164.63,2026-09-01,-0.5,-5.06,-15.63,-23.78,-28.9,-53.46
PROTEAN,509.9,2026-09-01,-2.1,-6.43,-15.73,-13.55,-12.01,-40.12
PRIMO,21.26,2026-09-01,0.66,1.63,-15.77,-3.32,13.57,-19.16
QUINTEGRA,1.21,2026-08-31,-4.72,-4.72,-15.97,-10.37,-2.42,-30.86
ADANIENSOL,1382.0,2026-09-01,-2.5,-11.13,-16.01,-7.65,36.62,80.26
LANDSMILL,0.68,2026-09-01,0.0,-8.11,-16.05,-22.73,-35.85,-52.11
BMETRICS,31.05,2026-08-31,-8.68,-15.4,-16.08,-16.08,-15.97,-33.25
CEINSYS,704.4,2026-09-01,-0.84,-2.29,-16.08,-25.86,-27.54,
ANUP,1810.2,2026-09-01,0.93,1.15,-16.15,-0.99,15.96,-18.98
TAC,416.65,2026-08-31,0.43,-5.21,-16.17,10.66,9.19,-61.14
GOLDTECH,47.25,2026-09-01,-2.15,-5.84,-16.19,9.22,18.72,-29.91
EPACKPEB,224.0,2026-09-01,1.04,-2.38,-16.2,22.07,24.99,
SUPREME,38.29,2026-09-01,1.19,-3.48,-16.25,-16.85,-31.44,-49.68
FIRSTCRY,177.67,2026-09-01,-2.6,-8.31,-16.3,-20.45,-18.28,-50.12
CLCIND,47.48,2026-08-31,-1.27,-5.25,-16.33,57.53,259.97,-83.04
INDOFARM,134.83,2026-09-01,-1.33,-3.52,-16.37,6.69,1.36,-42.87
SYMPHONY,574.4,2026-09-01,-2.05,-3.91,-16.41,-15.93,-26.91,-38.32
KRISHNADEF,1001.7,2026-09-01,-0.31,-1.64,-16.42,-8.4,-7.54,31.25
TRIDHYA,8.3,2026-08-31,-3.49,1.22,-16.58,-7.78,-34.13,-50.89
FAIRCHEMOR,664.15,2026-09-01,-1.61,-0.87,-16.68,10.33,12.0,-16.19
63MOONS,775.55,2026-09-01,-0.42,-3.09,-16.73,26.58,28.7,-15.06
MOS,9.15,2026-08-31,-20.09,-14.08,-16.82,-35.56,-56.22,-80.92
GREAVESCOT,197.8,2026-09-01,0.0,2.7,-16.91,10.48,30.39,-2.77
RAJTV,9.39,2026-09-01,-4.96,-10.32,-17.05,-38.99,-76.06,-77.86
GREENPANEL,160.09,2026-09-01,2.24,1.25,-17.06,-11.51,-21.98,-41.16
DSSL,1020.8,2026-09-01,-1.97,-5.49,-17.18,-35.01,9.75,4.33
PARSVNATH,1.49,2026-09-01,1.36,8.76,-17.22,-62.09,-81.23,-90.37
RKEC,21.54,2026-09-01,-3.32,-6.23,-17.25,-30.58,-50.08,-68.35
HINDWAREAP,182.11,2026-09-01,-2.6,-7.43,-17.39,-15.31,-20.11,-42.93
VAIBHAVGBL,218.45,2026-09-01,-0.3,-0.48,-17.47,-1.76,-1.89,2.68
PFC,345.8,2026-09-01,2.82,-3.97,-17.63,-16.22,-14.06,-6.87
KPIGREEN,307.8,2026-09-01,1.05,-4.16,-17.65,-26.05,-20.29,-37.34
SFL,644.75,2026-09-01,0.47,-1.74,-17.74,6.45,17.92,-9.67
COASTCORP,39.84,2026-09-01,-2.73,-3.61,-17.88,-17.71,-12.08,31.96
STYRENIX,2011.7,2026-09-01,0.47,-3.12,-17.93,-9.13,6.13,-24.17
MORARJEE,9.7,2026-08-31,-4.72,-4.81,-18.01,25.0,57.47,5.43
JFLLIFE,10.65,2026-08-31,-2.74,-15.14,-18.08,18.33,-3.18,-29.0
EPACK,187.72,2026-09-01,0.2,-6.74,-18.24,-14.14,-24.3,-51.43
VEEKAYEM,103.0,2026-08-31,3.41,-9.65,-18.25,-26.43,-30.41,-65.89
NGLFINE,2657.6,2026-09-01,0.31,-7.22,-18.44,-2.95,15.56,80.47
ZEEL,93.41,2026-09-01,-0.18,-10.67,-18.45,-2.48,6.82,-18.03
FCONSUMER,0.22,2026-08-31,-4.35,-8.33,-18.52,-33.33,-38.89,-51.11
FDC,333.6,2026-09-01,-1.07,-3.11,-18.59,-15.58,-6.46,-25.92
NARMADA,13.85,2026-09-01,0.14,-4.48,-18.63,-23.92,-15.42,30.54
AGARWALFT,30.5,2026-08-31,-17.12,-15.16,-18.67,-12.86,4.27,-56.12
OWAIS,79.5,2026-08-31,23.83,6.07,-18.75,-38.11,-50.71,-82.05
BGRENERGY,233.12,2026-09-01,-4.48,0.01,-18.94,-30.85,-28.19,29.4
PACEDIGITK,166.37,2026-09-01,-3.07,-7.95,-18.99,-8.61,-2.99,
CBAZAAR,4.9,2026-08-31,-2.0,-2.0,-19.01,8.89,5.38,12.64
BOROSCI,127.65,2026-09-01,3.86,1.08,-19.03,-15.27,23.08,-7.57
ASTRON,3.07,2026-09-01,-0.97,1.66,-19.21,-22.08,-24.38,-79.13
JAINREC,280.7,2026-09-01,1.41,-4.62,-19.39,-23.94,-29.03,
TARAPUR,13.36,2026-09-01,-0.3,-14.08,-19.52,-32.42,-47.28,-38.35
VIKRAN,57.84,2026-09-01,-1.57,-5.39,-19.63,-18.14,-15.26,
ZOTA,1028.1,2026-09-01,-2.44,-6.07,-19.64,-8.63,-15.39,-14.8
RAYMONDREL,516.75,2026-09-01,-2.9,-12.88,-19.65,-7.06,23.29,-16.21
ATALREAL,26.65,2026-09-01,-19.99,-20.83,-19.66,-8.26,4.96,44.84
DIL,0.65,2026-08-31,-4.41,-8.45,-19.75,-32.29,-52.21,-65.79
IXIGO,158.57,2026-09-01,-2.73,-5.43,-19.76,-2.57,-6.92,-46.69
BHARATGEAR,100.3,2026-09-01,-1.18,-1.45,-19.82,-8.81,-5.21,12.84
INA,89.6,2026-09-01,-2.16,-5.2,-19.84,-25.3,,
HARDWYN,9.03,2026-09-01,-0.11,-0.77,-19.88,-49.53,-27.26,-6.7
CAMLINFINE,102.14,2026-09-01,-0.48,-4.68,-20.04,-13.12,-30.94,-49.24
MUTHOOTMF,196.21,2026-09-01,-3.74,-7.15,-20.06,12.72,16.16,25.82
STALLION,207.6,2026-09-01,-1.61,-7.79,-20.19,17.49,62.43,26.82
SOLEX,726.4,2026-09-01,-1.74,-8.77,-20.25,-38.04,-15.8,-40.62
VSCL,23.1,2026-08-31,1.76,1.54,-20.34,0.65,-9.06,-23.0
MEDICO,38.91,2026-09-01,-8.12,-7.42,-20.38,-18.26,-12.62,-3.88
ASHAPURMIN,555.5,2026-09-01,-1.59,-5.17,-20.93,-22.45,5.11,2.6
KCK,15.0,2026-08-31,3.81,0.67,-21.05,7.91,-40.94,-66.06
KPEL,241.75,2026-09-01,-1.17,-5.84,-21.24,-31.04,-14.95,-43.39
ARIHANT,900.0,2026-09-01,-0.86,-9.96,-21.24,22.05,2169.86,2169.86
TCC,227.44,2026-09-01,1.02,-5.25,-21.48,-40.15,-49.13,
CADSYS,46.45,2026-08-31,-8.56,-8.56,-21.54,-34.07,-1.8,-26.79
NAGAFERT,2.05,2026-08-31,-4.65,-9.29,-21.76,-44.59,-53.09,-60.88
JAYBARMARU,124.8,2026-09-01,-0.04,-1.59,-21.87,9.41,17.45,42.41
ONMOBILE,49.5,2026-09-01,-2.0,-11.39,-21.94,-0.98,-2.56,-2.94
KLL,21.75,2026-08-31,-5.02,-3.33,-22.04,-45.76,-46.95,-70.65
JETKNIT,48.45,2026-08-31,-14.1,-18.37,-22.42,-45.68,-45.68,-55.55
KKVAPOW,368.0,2026-08-31,-4.93,-14.19,-22.55,-39.97,-44.66,-43.98
GSTL,12.15,2026-08-31,-12.59,-19.0,-22.61,-43.88,-55.0,1.67
DEEM,39.45,2026-08-31,-3.31,-3.07,-22.65,-16.77,1.28,-35.12
SARTELE,93.45,2026-08-31,-7.38,-7.38,-22.8,-32.21,-55.87,-51.81
NEUEON,12.05,2026-09-01,-4.97,-17.01,-22.86,-47.75,11.57,130.84
WEBELSOLAR,74.5,2026-09-01,-2.58,-7.88,-22.95,-30.44,34.67,-44.56
SOLARWORLD,145.04,2026-09-01,-1.11,-3.39,-22.97,-27.93,-25.64,
PNCINFRA,188.77,2026-09-01,0.33,-7.62,-23.3,-8.84,-8.71,-37.6
PRAXIS,4.69,2026-09-01,-1.26,-11.01,-23.49,-31.33,-39.79,-66.26
DENTA,270.35,2026-09-01,-0.93,-4.32,-23.68,10.39,8.01,-38.31
TVVISION,3.48,2026-09-01,-4.92,2.35,-23.68,-33.71,-41.61,-44.85
MAKS,13.75,2026-08-31,-6.46,-11.29,-23.82,-47.12,-52.99,-50.89
XPROINDIA,1135.8,2026-09-01,-1.08,-3.13,-24.3,1.39,26.04,-4.05
ARSHIYA,0.74,2026-09-01,-3.9,-18.68,-24.49,-35.09,-54.04,-68.38
TERASOFT,283.15,2026-09-01,-1.41,-8.79,-24.81,-31.63,-20.86,-6.59
AHLUCONT,612.5,2026-09-01,-1.08,-5.71,-25.43,-19.79,-20.73,-34.54
HLEGLAS,316.75,2026-09-01,0.68,1.0,-25.8,-0.75,-3.36,-41.79
NIRMAN,29.0,2026-08-31,-4.76,-7.5,-25.93,-40.57,-43.41,-79.25
SHYAMTEL,12.02,2026-09-01,-9.96,-14.08,-26.21,-32.59,22.53,-8.52
SYNOPTICS,54.75,2026-08-31,-9.65,-18.41,-26.21,18.63,-5.6,-38.14
WALPAR,25.7,2026-08-31,-18.41,-26.26,-26.26,-22.0,-43.52,-41.86
AGUL,45.9,2026-08-31,-14.45,-14.45,-26.68,-25.73,-42.62,-18.54
KERNEX,1634.3,2026-09-01,-5.85,-16.91,-28.69,-11.02,51.6,59.12
ALPINETEX,51.95,2026-09-01,-3.11,-9.38,-28.98,,,
PHANTOMFX,119.0,2026-08-31,-1.49,-2.78,-29.04,-34.95,-44.66,-54.02
DUCON,2.07,2026-09-01,9.52,-4.86,-29.83,-42.02,-37.46,-61.67
QUICKTOUCH,15.8,2026-08-31,-7.33,-12.95,-29.93,-41.8,-53.53,-65.69
VISAMAN,75.25,2026-08-31,-22.54,-30.07,-30.07,-33.55,-43.31,-15.26
KORE,118.8,2026-08-31,-7.3,-21.53,-31.92,-6.82,2.68,-4.15
TAKE,14.58,2026-09-01,-4.95,-26.33,-31.93,-52.43,-65.47,38.46
WEL,80.84,2026-09-01,-10.0,-40.53,-32.38,-12.24,-42.73,-37.1
DAVANGERE,2.08,2026-09-01,0.0,-27.53,-34.8,-45.41,-48.89,-46.8
ALOKINDS,7.69,2026-09-01,-9.53,-33.01,-35.49,-38.48,-46.22,-55.37
GSMFOILS,123.45,2026-08-31,27.47,32.96,-35.54,-38.78,-40.06,-43.89
WATERBASE,48.02,2026-09-01,-2.06,-4.74,-35.89,-35.89,-35.89,-35.89
DJML,71.92,2026-09-01,0.4,-17.26,-37.36,-31.32,-20.44,-29.62
RHETAN,19.12,2026-09-01,0.05,-12.33,-37.66,-37.25,-26.49,
TRANSTEEL,74.95,2026-08-31,-15.6,-6.37,-39.36,-39.9,-46.98,-38.57
MVKAGRO,194.5,2026-08-31,15.46,-10.6,-41.09,-61.17,-66.79,-43.17
FLEXITUFF,2.46,2026-09-01,-3.15,-7.87,-42.79,-63.45,-71.82,-90.87
BURNPUR,18.64,2026-09-01,4.95,38.18,-43.52,-43.52,-43.52,-43.52
RCDL,17.0,2026-08-31,-19.81,-6.7,-47.04,-36.09,-34.62,-31.15
SUMEETINDS,11.67,2026-09-01,-4.97,-11.46,-47.64,-58.92,-57.5,-47.93
POLYSIL,58.0,2026-08-31,10.9,-14.01,-49.06,-59.74,-72.12,-65.04
AILIMITED,17.15,2026-08-31,4.89,0.59,-49.78,-59.17,-53.08,-62.06
INDOTHAI,41.69,2026-09-01,-4.99,-26.45,-80.47,-81.6,-84.06,-72.93
LANCER,12.61,2026-09-01,-3.89,16.11,-91.58,-91.58,-91.58,-91.58
