ticker,last_close,last_date,1W,2W,1M,3M,6M,12M
NV20,12075.85,2026-07-13,84881.35,85544.32,85605.11,82952.61,7747.07,8054.4
ACCORD,198.55,2026-07-10,11.33,41.92,154.23,499.85,584.66,770.83
SIGNORIA,142.65,2026-07-10,21.46,34.77,116.46,127.51,54.89,24.04
VIJIFIN,7.8,2026-07-13,10.17,36.13,100.0,137.8,156.58,229.11
VIPULLTD,17.81,2026-07-13,21.16,30.86,89.47,68.66,49.66,71.75
SETL,277.55,2026-07-13,3.68,18.9,74.67,110.3,100.56,53.61
MADHUSUDAN,248.0,2026-07-10,-2.0,15.48,67.0,59.33,90.84,68.59
BTTL,57.0,2026-07-13,3.9,24.37,62.86,,,
RAMCOSYS,886.15,2026-07-13,0.75,11.72,57.64,108.41,82.2,129.1
SRIVASAVI,80.15,2026-07-10,-6.86,19.09,57.16,54.88,70.17,20.53
EVERESTIND,513.4,2026-07-13,3.98,8.52,56.21,43.21,16.39,-5.97
GOLDTECH,63.99,2026-07-13,4.47,9.61,54.01,56.0,35.26,-10.03
TARSONS,315.9,2026-07-13,7.76,21.47,53.83,57.1,45.7,-17.18
TIRUPATIFL,69.07,2026-07-13,-3.79,19.13,53.08,59.15,93.96,58.34
UNIHEALTH,709.95,2026-07-10,8.25,18.41,52.17,55.67,141.52,317.62
CBAZAAR,6.15,2026-07-10,3.36,25.51,51.85,23.0,61.84,17.14
SKMEGGPROD,360.9,2026-07-13,12.99,18.7,49.99,108.46,110.5,149.45
PPAP,372.14,2026-07-13,50.27,57.75,49.51,80.06,69.45,63.89
SANGINITA,51.61,2026-07-13,10.37,21.72,48.18,135.13,369.18,392.46
KALYANKJIL,510.65,2026-07-13,33.94,35.15,48.12,15.62,3.07,-12.03
WALPAR,34.5,2026-07-10,2.37,30.19,48.07,-18.34,-24.84,-24.18
CHEMBONDCH,255.28,2026-07-13,6.33,17.55,47.88,73.91,76.37,
NACLIND,243.02,2026-07-13,8.68,20.23,47.5,49.64,38.26,-5.67
AMIRCHAND,179.8,2026-07-13,5.62,41.03,45.91,50.1,,
INDSWFTLAB,237.7,2026-07-13,7.2,15.8,45.8,70.82,135.02,127.16
ONELIFECAP,38.02,2026-07-13,-2.81,13.19,45.73,153.47,134.98,173.53
EMSLIMITED,441.15,2026-07-13,5.51,7.02,45.02,37.99,13.82,-26.8
ZSARACOM,13168.5,2026-07-13,27.39,38.62,44.45,,,
EIFFL,331.95,2026-07-13,2.19,3.3,44.37,37.36,18.49,28.86
GNA,529.25,2026-07-13,11.82,22.72,43.58,21.12,51.73,65.11
ONMOBILE,71.14,2026-07-13,-5.87,18.13,43.43,54.89,25.03,35.74
GREAVESCOT,262.17,2026-07-13,16.96,25.1,41.68,73.86,52.5,31.51
BHARATSE,254.62,2026-07-13,4.96,35.83,41.31,45.63,57.08,143.84
SPAL,1124.8,2026-07-13,1.88,6.98,41.3,44.01,67.49,33.95
NRL,105.3,2026-07-13,9.97,25.49,41.21,95.62,92.72,34.21
DENTA,345.95,2026-07-13,-0.25,3.07,41.15,25.27,11.99,17.62
CEMPRO,1583.7,2026-07-13,4.09,26.41,41.1,156.77,131.75,82.7
EBGNG,608.55,2026-07-13,-5.14,6.94,40.71,45.55,113.53,
MAPMYINDIA,1184.9,2026-07-13,25.11,44.86,40.69,28.58,-24.18,-33.86
WABAG,2205.7,2026-07-13,7.32,10.39,39.8,62.75,85.93,49.17
RPTECH,778.35,2026-07-13,2.26,3.35,39.39,83.72,112.58,160.88
AEGISVOPAK,303.3,2026-07-13,8.41,30.39,39.33,61.34,31.75,16.69
INDNIPPON,1236.1,2026-07-13,23.94,28.11,38.85,59.59,63.15,61.21
RITEZONE,23.8,2026-07-10,0.0,25.59,38.37,53.55,3.48,11.74
AGARWALFT,41.5,2026-07-10,-0.24,3.75,38.1,28.28,6.41,-12.82
INDIANHUME,411.55,2026-07-13,13.44,23.66,37.94,30.57,2.9,-4.75
AEGISLOG,1293.6,2026-07-13,-7.71,10.77,37.71,110.45,79.56,77.44
KANORICHEM,133.36,2026-07-13,-1.38,1.55,37.7,84.28,89.92,44.08
SHARDUL,40.32,2026-07-13,40.98,39.85,37.56,,,
SUPREMEENG,1.65,2026-07-13,10.0,17.86,37.5,47.32,12.24,-1.2
KODYTECH,1216.75,2026-07-10,8.65,13.63,37.04,55.2,27.61,64.92
OPTIEMUS,579.9,2026-07-13,11.01,23.45,37.0,55.62,24.15,-3.38
AMAGI,583.2,2026-07-13,11.53,5.19,36.92,66.84,,
NITTAGELA,1929.2,2026-07-13,9.42,16.72,36.42,,,
MORARJEE,10.23,2026-07-13,10.59,15.86,36.4,37.32,41.1,37.69
JAYBARMARU,197.15,2026-07-13,9.45,15.04,36.29,119.08,105.88,162.41
RML,1254.3,2026-07-13,0.47,11.41,35.94,68.82,60.26,43.72
FUSION,237.14,2026-07-13,4.84,27.67,35.69,56.55,43.61,25.6
SWARAJ,326.45,2026-07-10,-0.12,18.54,35.68,10.77,38.91,74.25
MACPOWER,1347.0,2026-07-13,-5.93,2.2,35.36,30.76,41.22,31.64
VELJAN,1692.2,2026-07-13,-1.98,41.84,34.93,,,
CCAVENUE,18.21,2026-07-13,7.56,8.46,34.89,23.37,18.4,9.83
SPANDANA,305.3,2026-07-13,-1.69,15.86,34.79,42.27,27.08,8.9
DAICHI,321.5,2026-07-13,-0.16,1.82,34.53,,,
SUMEETINDS,32.63,2026-07-13,5.05,14.61,34.5,8.91,14.69,21.84
SAKSOFT,185.02,2026-07-13,8.97,0.68,34.22,37.23,-0.96,-22.98
AEQUS,244.69,2026-07-13,5.52,2.15,34.05,61.75,72.83,
SUVEN,359.55,2026-07-13,14.32,29.8,34.04,88.84,134.82,29.98
PRITIKAUTO,19.25,2026-07-13,14.99,18.1,33.87,47.4,43.12,1.74
SIKA,1200.8,2026-07-13,2.76,14.62,33.74,,,
SPRL,111.0,2026-07-10,0.0,-4.06,33.73,0.77,-26.59,-24.44
PWL,142.62,2026-07-13,5.57,15.3,33.55,41.52,11.07,
HIKAL,245.69,2026-07-13,11.59,14.31,33.53,34.45,15.55,-27.55
UNICHEMLAB,596.95,2026-07-13,28.97,32.01,33.37,77.27,44.68,1.03
SCANSTL,50.02,2026-07-13,19.75,28.26,33.35,,,
LODHA,1198.65,2026-07-13,9.38,27.58,33.29,46.05,11.56,-14.11
AUTOIND,98.88,2026-07-13,18.22,16.37,33.28,51.08,35.43,28.17
MCLOUD,29.61,2026-07-13,-5.25,3.97,33.26,14.41,23.84,-61.98
GODREJIND,1382.4,2026-07-13,14.33,19.84,33.19,55.54,38.13,26.18
CNL,938.8,2026-07-13,19.65,27.18,33.15,54.2,33.31,46.16
KABRAEXTRU,315.65,2026-07-13,7.04,21.5,33.04,36.52,54.29,-2.49
VINSYS,500.0,2026-07-10,2.65,9.33,32.57,49.32,45.43,36.09
BETA,2347.8,2026-07-13,9.03,8.54,32.55,67.62,47.62,33.34
IBULLSLTD,31.1,2026-07-13,3.12,15.31,32.28,127.84,157.45,99.61
BLUSPRING,116.8,2026-07-13,-0.92,5.35,32.19,73.81,74.04,41.59
GRANDOAK,43.49,2026-07-13,-13.56,-0.41,32.07,,,
IVALUE,309.1,2026-07-13,10.06,13.13,31.99,26.23,24.34,
FERMENTA,445.05,2026-07-13,12.66,24.37,31.54,,,
IKIO,204.81,2026-07-13,2.71,34.43,31.54,44.37,20.92,-2.56
EQUIPPP,24.21,2026-07-13,10.55,13.61,31.5,62.05,18.1,35.63
STYL,367.8,2026-07-13,11.02,17.87,31.45,59.89,33.21,
MENNPIS,73.94,2026-07-13,-6.76,14.94,31.4,,,
KIRLOSIND,4110.9,2026-07-13,1.37,2.53,31.37,40.98,33.94,-0.15
MUTHOOTMF,246.31,2026-07-13,14.39,18.61,31.3,41.07,34.35,47.31
SHAREINDIA,179.04,2026-07-13,30.28,33.21,31.28,26.81,20.13,5.18
KONSTELEC,55.95,2026-07-10,21.37,33.21,31.03,51.63,20.32,-17.05
THOMASCOTT,334.8,2026-07-13,2.4,3.75,30.96,29.72,1.26,-8.69
IONEXCHANG,451.7,2026-07-13,10.66,9.64,30.7,17.66,29.11,-16.87
GAUDIUMIVF,130.02,2026-07-13,5.93,17.35,30.62,35.11,,
UNIVASTU,104.49,2026-07-13,12.56,15.59,30.45,55.44,67.99,7.84
INDOTECH,3396.4,2026-07-13,8.8,10.2,30.43,137.38,132.04,80.65
HESTERBIO,2545.0,2026-07-13,17.36,15.76,30.32,75.42,68.0,41.49
PANSARI,358.85,2026-07-13,7.57,27.23,29.95,31.45,19.16,38.55
DPABHUSHAN,1161.45,2026-07-13,21.14,22.1,29.42,5.39,-18.58,-22.35
UTLSOLAR,401.1,2026-07-13,17.5,30.33,29.32,77.58,84.56,
K2INFRA,62.0,2026-07-10,0.16,-0.96,29.3,19.81,-11.3,-7.53
CUPID,206.83,2026-07-13,-2.94,9.78,29.29,123.72,135.65,772.55
GANDHAR,206.12,2026-07-13,9.47,15.05,29.25,51.73,28.12,22.55
PAYTM,1386.5,2026-07-13,13.82,22.36,29.11,25.28,8.19,45.77
PENINLAND,19.25,2026-07-13,23.0,25.24,29.02,6.89,-20.39,-52.2
KIRLOSENG,2436.2,2026-07-13,7.53,-0.2,28.87,64.05,112.09,167.93
FEDDERSHOL,44.21,2026-07-13,10.14,7.83,28.82,,,
GSMFOILS,261.45,2026-07-10,6.19,14.22,28.79,37.53,22.37,40.26
SUBEXLTD,13.53,2026-07-13,17.14,19.52,28.73,53.23,30.1,-5.38
RPGLIFE,2822.9,2026-07-13,17.97,25.12,28.61,51.76,23.11,12.85
RELTD,174.71,2026-07-13,-1.41,7.2,28.46,29.64,9.39,37.11
CEWATER,332.7,2026-07-13,2.57,-0.55,28.36,7.18,-21.58,-44.1
DIGITIDE,106.71,2026-07-13,-11.48,25.53,28.35,19.71,-13.31,-50.93
LLOYDSENGG,90.82,2026-07-13,0.49,4.26,28.02,86.22,77.8,11.98
NOVARTIND,1664.8,2026-07-13,14.23,15.61,27.9,147.65,147.65,147.65
BUILDPRO,1298.4,2026-07-13,24.49,27.85,27.88,18.46,77.9,
GODREJPROP,2162.6,2026-07-13,5.68,18.17,27.86,26.7,15.11,-1.98
MIRZAINT,37.9,2026-07-13,5.22,8.1,27.65,19.45,7.58,12.8
RAMCOIND,372.0,2026-07-13,7.56,12.3,27.57,39.94,17.35,30.81
CLCIND,51.48,2026-07-13,4.98,10.21,27.52,117.86,-81.61,-81.61
INVPRECQ,802.1,2026-07-13,0.54,-3.7,27.36,,,
HUHTAMAKI,221.53,2026-07-13,3.12,13.52,27.35,28.16,20.05,-2.58
NEWGEN,590.5,2026-07-13,23.01,26.11,27.19,32.65,-24.21,-45.56
QUADFUTURE,435.25,2026-07-13,-5.22,-2.33,27.17,44.22,42.85,-7.99
EIEL,235.89,2026-07-13,-1.91,7.49,27.14,18.44,24.6,-14.41
VENUSPIPES,1797.9,2026-07-13,-0.75,5.68,27.12,45.89,59.84,12.47
COMMITTED,338.0,2026-07-10,0.43,5.3,27.12,35.28,75.77,47.93
AETHER,1452.8,2026-07-13,6.74,8.24,27.12,22.57,46.83,86.6
COUNCODOS,6.38,2026-07-13,26.84,32.37,27.09,28.89,13.12,-8.86
GOKEX,856.8,2026-07-13,0.66,0.82,27.03,29.74,43.29,-6.37
ZEELEARN,9.01,2026-07-13,4.16,6.12,26.9,85.01,37.35,-2.07
PROLIFE,79.55,2026-07-10,0.0,4.95,26.67,34.15,8.01,-49.13
INDOBORAX,472.65,2026-07-13,17.25,22.83,26.56,85.21,79.31,102.74
DHUNINV,996.75,2026-07-13,12.79,15.98,26.48,24.38,-12.3,-32.2
AURUM,231.83,2026-07-13,1.24,3.47,26.41,36.73,30.22,20.99
KMEW,2425.4,2026-07-13,7.43,8.96,26.15,39.56,31.99,195.56
BAFNAPH,208.7,2026-07-13,-1.62,2.1,26.14,54.66,60.55,150.33
NINSYS,869.75,2026-07-13,-2.07,7.64,26.13,115.87,127.09,94.05
IOLCP,169.09,2026-07-13,17.05,18.8,25.96,101.95,125.92,87.96
OFSS,11746.0,2026-07-13,6.1,8.01,25.93,68.64,57.0,42.08
DBSTOCKBRO,41.0,2026-07-13,13.79,28.12,25.88,54.66,64.59,43.91
WELSPUNLIV,174.14,2026-07-13,2.71,7.53,25.77,41.88,43.56,24.1
JUSTDIAL,676.85,2026-07-13,23.65,28.78,25.76,18.44,-7.68,-28.3
TAMBOLIIN,220.53,2026-07-13,-3.65,-1.11,25.74,,,
PGIL,2049.4,2026-07-13,3.73,2.28,25.66,34.67,37.32,36.93
PAUSHAKLTD,571.15,2026-07-13,7.58,17.26,25.62,14.98,2.26,
SCODATUBES,154.51,2026-07-13,2.11,7.55,25.46,3.19,0.36,-27.29
SPECTRUM,2005.5,2026-07-13,-2.58,14.37,25.46,66.85,84.98,28.34
ORBTEXP,235.68,2026-07-13,1.76,5.13,25.4,47.44,31.53,9.76
IGARASHI,475.45,2026-07-13,-3.3,3.61,25.33,46.77,14.91,-6.25
ORIENTLTD,73.74,2026-07-13,6.87,3.18,25.3,24.5,4.57,-18.02
SUYOG,873.75,2026-07-13,-1.1,8.49,25.3,6.04,57.32,2.16
POWERICA,574.35,2026-07-13,4.75,-8.43,25.2,41.34,,
BFINVEST,535.25,2026-07-13,20.15,22.44,25.11,39.54,35.44,10.92
RPPL,22.57,2026-07-13,0.67,10.31,25.04,43.21,30.61,-15.75
EMIL,131.82,2026-07-13,-1.6,13.34,24.95,31.22,33.62,-7.05
UFBL,741.4,2026-07-13,4.78,12.96,24.9,153.77,274.97,142.13
HFCL,214.63,2026-07-13,-4.59,1.75,24.89,149.57,242.42,164.67
NELCO,901.4,2026-07-13,-2.16,1.37,24.75,43.61,28.37,-4.68
SCHNEIDER,1378.3,2026-07-13,-8.17,-5.18,24.65,35.37,119.13,61.3
GALAPREC,1156.8,2026-07-13,-6.26,8.49,24.53,54.27,57.2,28.48
BUTTERFLY,780.2,2026-07-13,8.48,21.25,24.41,24.82,27.8,9.72
SONATSOFTW,316.05,2026-07-13,14.1,14.84,24.4,30.51,-9.71,-24.9
ESAFSFB,35.43,2026-07-13,2.73,8.88,24.4,49.68,37.38,3.96
IGCL,75.42,2026-07-13,8.02,26.63,24.37,22.75,1.84,-29.53
PRESTIGE,1724.3,2026-07-13,1.22,12.01,24.29,32.18,13.61,1.85
MOREPENLAB,62.29,2026-07-13,2.48,13.96,24.28,55.61,62.13,-0.18
GOODLUCK,1629.4,2026-07-13,9.55,10.5,24.08,47.99,42.67,47.57
GINNIFILA,52.44,2026-07-13,-4.04,9.5,24.03,23.59,29.74,20.55
FILATEX,64.38,2026-07-13,9.53,24.45,24.0,47.12,40.38,8.93
TPLPLASTEH,82.73,2026-07-13,1.5,17.02,24.0,22.4,23.79,5.7
QFIL,60.0,2026-07-10,-1.4,6.29,23.97,50.0,-1.64,-24.53
SHANKARA,136.79,2026-07-13,6.12,11.62,23.96,11.3,24.87,-86.65
TTKPRESTIG,665.65,2026-07-13,6.25,11.73,23.93,41.07,11.96,6.71
FIVESTAR,544.1,2026-07-13,-1.76,11.67,23.9,29.33,5.0,-29.1
POONAWALLA,485.1,2026-07-13,1.84,13.22,23.78,18.68,5.19,6.66
PICCADIL,718.9,2026-07-13,7.37,27.28,23.75,28.51,24.23,22.44
TRIVENI,477.15,2026-07-13,2.97,15.73,23.63,24.23,39.69,31.7
PANACHE,448.9,2026-07-13,5.13,3.02,23.48,53.08,53.5,108.79
TCL,117.3,2026-07-10,4.04,18.54,23.34,36.4,20.31,8.11
PGEL,595.85,2026-07-13,4.46,11.06,23.29,22.39,0.7,-22.35
ARKADE,140.85,2026-07-13,12.73,14.14,23.23,22.14,10.08,-29.37
SIGNPOST,321.15,2026-07-13,10.51,29.68,23.19,32.35,61.73,22.39
ORIENTHOT,133.41,2026-07-13,-3.51,-5.47,23.16,38.41,15.81,-8.18
TSFINV,480.75,2026-07-13,5.19,9.34,23.14,23.39,15.62,-0.05
CGCL,256.65,2026-07-13,5.89,18.48,23.11,39.73,42.38,45.81
SYNOPTICS,79.0,2026-07-10,4.64,14.49,23.05,71.74,38.6,-20.04
MARC,92.25,2026-07-10,-3.3,0.65,23.0,37.69,122.02,
GANECOS,1122.65,2026-07-13,4.35,24.37,22.96,7.01,44.52,-24.6
SSFL,274.0,2026-07-10,-4.38,2.58,22.76,140.35,126.35,81.47
PNCINFRA,247.46,2026-07-13,2.14,9.32,22.74,32.67,4.68,-18.32
HIGREEN,141.95,2026-07-10,-0.25,-1.25,22.69,-2.31,0.18,-28.65
REDINGTON,283.3,2026-07-13,2.37,5.08,22.61,32.48,6.03,-3.43
PHOENIXLTD,2154.0,2026-07-13,2.29,12.66,22.55,23.09,13.69,44.9
GROWWRLTY,10.5,2026-07-13,3.45,14.5,22.52,23.67,9.31,
NAUKRI,1191.05,2026-07-13,16.18,20.7,22.51,19.75,-10.41,-12.83
TBZ,225.11,2026-07-13,19.59,18.99,22.5,59.72,36.75,20.19
SKYGOLD,623.2,2026-07-13,12.17,21.69,22.45,59.98,88.82,96.66
CHEMBOND,184.91,2026-07-13,-2.54,0.48,22.43,27.22,17.74,-15.13
WTICAB,120.85,2026-07-10,-0.9,9.22,22.38,14.82,-8.2,-21.35
RAYMONDREL,722.75,2026-07-13,2.84,16.2,22.18,66.31,52.59,-15.27
THEJO,1885.6,2026-07-13,1.25,3.38,22.16,10.98,5.3,-15.57
UJJIVANSFB,66.87,2026-07-13,11.86,17.5,22.11,10.9,15.85,40.66
UCL,190.15,2026-07-10,-1.98,2.29,22.09,96.23,296.15,265.67
QUESS,297.75,2026-07-13,1.43,20.09,22.02,58.28,45.08,1.59
KAPSTON,413.7,2026-07-13,10.19,14.84,21.96,45.9,32.26,67.58
PAISALO,72.3,2026-07-13,0.36,19.86,21.92,83.32,108.54,135.96
TAALTECH,4078.0,2026-07-13,5.11,29.66,21.91,,,
LOKESHMACH,323.75,2026-07-13,-2.07,19.66,21.89,25.43,79.54,41.12
INDOFARM,158.9,2026-07-13,-4.84,11.65,21.79,10.9,-15.25,-11.49
CHOICEIN,820.15,2026-07-13,3.32,10.06,21.77,17.84,1.12,16.18
SUMIT,46.91,2026-07-13,2.22,13.89,21.72,0.09,-16.17,-49.9
DECNGOLD,199.32,2026-07-13,-2.27,1.94,21.72,,,
POLYPLEX,1092.75,2026-07-13,7.67,12.73,21.64,27.2,33.93,-3.88
DCMSIL,78.34,2026-07-13,10.35,7.89,21.59,13.86,,
SIGMAADV,582.95,2026-07-13,8.08,-0.23,21.57,237.18,207.89,498.02
GABRIEL,1265.0,2026-07-13,-0.79,-0.8,21.56,36.37,32.79,17.28
MOREALTY,93.44,2026-07-13,3.26,14.43,21.48,23.3,8.93,-2.98
RANEHOLDIN,1760.0,2026-07-13,0.58,3.04,21.38,70.36,34.83,15.13
SHREEOSFM,61.0,2026-07-10,-2.4,12.44,21.15,-29.84,-22.54,-44.04
ITCHOTELS,186.5,2026-07-13,1.47,6.75,21.06,21.51,-2.45,-19.21
JSWINFRA,351.2,2026-07-13,8.4,9.37,21.05,34.68,33.25,11.11
NBIFIN,2260.1,2026-07-13,18.96,17.56,21.05,22.95,4.58,-20.83
SYLVANPLY,62.9,2026-07-10,1.21,19.81,20.96,23.33,10.16,-27.2
RATEGAIN,946.7,2026-07-13,0.28,9.52,20.9,69.83,43.06,101.08
NUVAMA,1919.7,2026-07-13,2.69,8.38,20.88,49.53,36.47,33.67
ARROWGREEN,695.7,2026-07-13,10.11,17.09,20.85,22.32,46.17,7.12
BHAGYANGR,375.35,2026-07-13,-3.77,-8.84,20.85,102.79,127.2,350.65
JITFINFRA,357.6,2026-07-13,17.59,13.29,20.71,8.1,31.96,-3.65
PALREDTEC,53.7,2026-07-13,-8.83,-9.01,20.67,57.48,14.21,1.44
STOVEKRAFT,791.15,2026-07-13,1.6,1.59,20.61,37.39,44.12,36.39
GHCLTEXTIL,109.77,2026-07-13,-0.72,15.66,20.48,31.26,48.86,22.24
BCONCEPTS,214.89,2026-07-13,10.91,19.37,20.47,-15.03,-31.85,-37.04
SAAKSHI,295.05,2026-07-10,-3.06,-9.35,20.43,52.88,83.26,48.53
KSL,972.3,2026-07-13,10.63,15.13,20.41,44.98,39.53,8.0
ITDC,704.4,2026-07-13,20.27,19.69,20.39,11.34,23.99,17.89
ONWARDTEC,290.45,2026-07-13,3.34,4.05,20.34,18.82,-2.23,-12.1
HEALTHX,337.6,2026-07-13,5.19,6.08,20.19,25.46,2.32,24.62
BIRLAMONEY,157.8,2026-07-13,10.48,14.0,20.16,18.31,15.06,-14.73
SOMATEX,114.06,2026-07-13,16.13,25.13,20.11,19.65,-4.97,76.4
KISSHT,324.85,2026-07-13,1.22,18.47,20.07,,,
NYKAA,328.4,2026-07-13,4.75,8.72,20.07,27.8,28.99,51.18
SABEVENTS,8.74,2026-07-13,4.92,2.94,20.05,-19.37,-17.86,35.71
NIACL,181.82,2026-07-13,-1.47,1.06,19.97,6.78,22.37,0.8
ANANDRATHI,2117.7,2026-07-13,1.06,6.49,19.96,18.14,34.63,92.25
RAJESHEXPO,91.66,2026-07-13,-5.93,-0.55,19.96,-20.46,-44.33,-54.7
BLISSGVS,524.1,2026-07-13,7.08,-0.9,19.93,101.21,223.87,243.22
ABREL,1436.6,2026-07-13,1.35,9.25,19.88,5.35,-7.43,-34.67
NIITMTS,255.11,2026-07-13,6.79,12.15,19.81,-19.29,-39.1,-25.17
DENORA,883.2,2026-07-13,-1.01,-2.27,19.8,19.72,36.92,-4.51
IRISDOREME,43.82,2026-07-13,1.27,11.11,19.79,32.31,32.99,37.41
LAL,8.79,2026-07-13,-3.41,-3.51,19.75,14.16,12.84,-28.01
ICIL,412.3,2026-07-13,-4.49,-2.97,19.7,69.47,64.46,45.2
5PAISA,370.7,2026-07-13,-2.61,5.6,19.7,23.22,3.94,-7.15
HAPPYFORGE,1593.0,2026-07-13,4.33,4.25,19.6,22.79,44.18,71.09
POKARNA,1011.5,2026-07-13,-0.92,-4.82,19.54,13.88,30.17,-0.5
CORONA,2054.1,2026-07-13,2.49,4.33,19.5,30.94,44.14,
OMAXE,90.77,2026-07-13,0.97,7.73,19.5,17.68,10.97,-11.08
UCAL,119.54,2026-07-13,1.51,-1.34,19.48,21.98,11.19,-19.47
ARMANFIN,1965.8,2026-07-13,12.28,17.56,19.36,23.54,28.11,15.55
CARTRADE,2799.3,2026-07-13,0.28,5.29,19.36,53.67,-0.04,47.35
TCPLPACK,3006.6,2026-07-13,3.17,0.47,19.34,19.3,6.18,-18.67
ZENSARTECH,540.2,2026-07-13,13.02,24.64,19.3,-1.73,-24.01,-33.79
AVADHSUGAR,539.25,2026-07-13,0.35,15.52,19.25,13.92,62.55,9.56
ECLERX,1662.9,2026-07-13,10.99,23.61,19.12,14.64,-27.61,-4.44
AVG,212.53,2026-07-13,-1.19,18.91,19.11,33.71,27.23,-25.47
ASTRAMICRO,1719.7,2026-07-13,-7.04,-0.44,19.11,68.72,74.39,73.44
IFGLEXPOR,223.52,2026-07-13,-5.97,25.57,19.09,29.79,16.49,-20.86
BORORENEW,647.3,2026-07-13,3.57,6.97,18.86,38.45,31.22,16.02
HILTON,22.3,2026-07-13,-5.79,-3.46,18.81,-7.47,-28.36,-66.98
EXICOM,168.35,2026-07-13,-0.05,8.07,18.75,48.2,59.68,-5.01
SHRIPISTON,4185.1,2026-07-13,-0.77,4.4,18.75,15.91,37.63,74.48
PURVA,248.4,2026-07-13,12.03,15.83,18.75,15.01,7.87,-13.6
OBEROIRLTY,1925.2,2026-07-13,-1.44,9.75,18.63,14.38,16.48,5.4
RISHABH,659.9,2026-07-13,1.37,13.81,18.59,44.3,86.33,122.9
BLACKROSE,106.98,2026-07-13,-5.34,-10.58,18.59,,,
SADHNANIQ,2.69,2026-07-13,-6.27,-7.88,18.5,47.8,-59.91,-60.61
GCSL,511.4,2026-07-13,4.11,21.59,18.48,53.14,57.6,
AVL,636.0,2026-07-13,-2.11,-4.87,18.46,26.28,30.39,78.55
FINOPB,161.33,2026-07-13,19.24,10.77,18.44,21.47,-32.84,-45.6
PATINTLOG,15.52,2026-07-13,-2.21,-4.08,18.38,43.7,19.38,-8.99
DPEL,580.05,2026-07-10,8.45,22.37,18.38,30.72,79.03,297.02
XPROINDIA,1426.4,2026-07-13,-1.25,4.7,18.33,35.47,60.46,20.04
HDBFS,756.25,2026-07-13,1.61,0.53,18.32,23.36,-1.25,-10.07
BLUEJET,606.3,2026-07-13,7.89,17.43,18.3,50.6,21.41,-33.14
TIL,214.93,2026-07-13,-3.92,2.09,18.13,-3.92,-15.38,-43.76
SHREEJISPG,570.7,2026-07-13,8.44,18.69,18.13,63.55,56.02,
IXIGO,210.43,2026-07-13,-2.44,9.07,18.07,24.83,-6.74,20.41
SATIN,267.19,2026-07-13,3.86,13.27,18.06,65.39,77.02,65.31
MBAPL,132.85,2026-07-13,11.26,18.14,18.03,25.81,68.46,58.63
EFFWA,365.85,2026-07-10,-3.16,0.65,18.02,62.85,73.59,63.33
CANTABIL,255.96,2026-07-13,-4.04,6.76,17.93,10.36,-11.09,-7.4
LLOYDSENT,78.87,2026-07-13,1.48,4.88,17.92,36.05,31.91,-12.7
BAHETI,706.55,2026-07-10,-2.28,-0.48,17.91,21.01,20.48,24.68
SHYAMCENT,5.79,2026-07-13,1.05,5.08,17.68,26.42,-5.24,-29.99
SUDARSCHEM,1038.05,2026-07-13,11.79,17.95,17.67,29.26,13.62,-14.69
LTF,324.7,2026-07-13,-3.25,8.58,17.67,19.71,13.65,60.34
KAUSHALYA,982.75,2026-07-13,-18.66,12.26,17.66,19.12,12.69,9.71
MBEL,337.7,2026-07-13,1.72,9.52,17.65,9.03,-3.2,
CDSL,1444.5,2026-07-13,6.32,11.3,17.64,11.92,1.73,-13.76
JUBLINGREA,733.2,2026-07-13,6.17,20.01,17.61,14.55,7.55,-8.58
CCCL,17.4,2026-07-13,7.81,3.02,17.57,8.48,1.46,-7.99
CREDITACC,1540.2,2026-07-13,-2.96,7.58,17.54,26.19,19.52,17.89
PDSL,359.35,2026-07-13,-1.37,2.64,17.51,24.43,1.89,-6.69
MASTERTR,91.82,2026-07-13,20.78,21.58,17.37,25.71,-14.91,-30.62
CONSOFINVT,259.72,2026-07-13,11.82,15.19,17.35,18.34,59.97,25.7
ZOTA,1437.2,2026-07-13,1.15,2.93,17.3,9.8,4.63,19.53
HIMATSEIDE,89.11,2026-07-13,0.46,2.84,17.22,0.42,-13.03,-41.08
KDDL,3363.2,2026-07-13,5.45,7.32,17.21,41.93,44.82,25.32
SPECIALITY,124.05,2026-07-13,-3.91,-6.95,17.15,21.88,14.43,-3.51
DIVGIITTS,959.35,2026-07-13,-3.63,9.85,17.14,39.2,63.29,54.65
AKIKO,295.15,2026-07-10,2.5,3.2,17.12,43.59,19.04,274.79
ZYDUSWELL,592.65,2026-07-13,1.7,4.07,17.12,14.46,34.22,46.76
GRANULES,897.65,2026-07-13,5.09,12.94,17.12,41.94,51.94,91.98
MANAKCOAT,126.26,2026-07-13,6.67,16.13,17.05,20.24,-1.7,-4.34
UYFINCORP,16.7,2026-07-13,7.05,19.37,17.03,17.52,22.79,-11.03
PREMIERPOL,65.6,2026-07-13,2.79,-0.33,17.0,18.33,33.8,23.6
ETERNAL,285.2,2026-07-13,0.64,9.95,16.98,20.73,-3.17,8.3
SPCENET,3.8,2026-07-13,3.83,3.83,16.92,-7.96,-36.06,-52.19
KECL,116.91,2026-07-13,0.79,1.66,16.91,1.34,26.44,-17.71
CYIENTDLM,525.65,2026-07-13,4.71,13.96,16.89,65.72,31.46,8.9
M&MFIN,332.7,2026-07-13,2.53,7.86,16.88,14.6,-6.23,31.16
FAIRCHEMOR,692.1,2026-07-13,-2.87,7.53,16.87,31.93,-2.47,-29.1
DIXON,13490.0,2026-07-13,1.4,14.27,16.84,28.43,20.04,-14.51
TIMEX,576.75,2026-07-13,7.86,12.61,16.81,,,
MERCURYEV,35.93,2026-07-13,-3.1,5.93,16.77,,,
SHREEPUSHK,417.6,2026-07-13,-0.18,2.38,16.76,24.77,24.71,19.35
MANAKSTEEL,77.23,2026-07-13,-3.6,6.14,16.75,40.06,24.75,19.92
TINNARUBR,996.2,2026-07-13,5.1,7.0,16.7,54.25,41.86,9.73
JASH,544.4,2026-07-13,8.83,5.33,16.69,41.15,35.61,-6.12
ADVENTHTL,151.47,2026-07-13,0.15,6.78,16.67,-4.66,-31.68,
CENTRUM,25.36,2026-07-13,-2.12,17.3,16.65,-2.2,-7.88,-32.05
NILE,1981.3,2026-07-13,11.89,15.54,16.64,,,
THELEELA,501.2,2026-07-13,-0.2,4.54,16.61,16.61,14.01,15.26
SHIVAUM,419.8,2026-07-13,4.73,-0.05,16.61,23.49,41.56,39.01
AARTECH,48.57,2026-07-13,-15.5,1.12,16.61,10.49,-3.42,-30.96
HAWKINCOOK,8957.0,2026-07-13,1.07,9.81,16.56,,,
SAHANA,852.1,2026-07-10,-3.54,-2.89,16.56,-5.11,11.79,-34.64
CPCAP,111.33,2026-07-13,1.38,5.2,16.56,27.38,-2.68,-34.95
OMNI,547.65,2026-07-13,9.43,9.66,16.48,54.28,,
HAPPSTMNDS,407.55,2026-07-13,17.33,20.7,16.46,9.04,-5.1,-34.51
DYCL,369.65,2026-07-13,2.03,0.15,16.42,22.74,19.16,-23.74
MEGATHERM,234.4,2026-07-10,6.04,13.37,16.41,0.93,12.18,-28.5
RELAXO,398.85,2026-07-13,-0.47,-4.55,16.4,35.27,0.81,-19.85
MAHLIFE,378.6,2026-07-13,1.69,4.13,16.36,13.18,3.97,6.98
BOROLTD,256.97,2026-07-13,7.1,9.7,16.34,4.52,-7.51,-23.73
EIMCOELECO,1792.0,2026-07-13,-6.33,7.75,16.33,2.09,15.41,-29.94
DELHIVERY,512.3,2026-07-13,-1.41,10.52,16.3,10.1,29.09,24.57
BLSE,265.57,2026-07-13,-1.18,14.04,16.27,64.0,52.06,43.73
GALAXYSURF,1981.3,2026-07-13,-4.81,0.42,16.27,9.85,5.7,-21.97
NDGL,2904.7,2026-07-13,11.29,15.2,16.26,16.61,3.74,-30.03
NEWJAISA,17.9,2026-07-10,-7.01,1.42,16.23,-24.79,-19.55,-47.04
DLF,682.35,2026-07-13,1.34,11.0,16.23,20.05,4.59,-15.67
PSPPROJECT,1066.0,2026-07-13,-3.0,8.9,16.22,53.25,28.81,40.63
STERTOOLS,243.73,2026-07-13,-0.94,-1.57,16.22,7.02,-3.85,-31.03
UTKARSHBNK,15.2,2026-07-13,3.83,6.37,16.21,13.94,7.8,-35.67
SOLARWORLD,213.9,2026-07-13,2.14,18.17,16.1,17.28,-22.49,
KKCL,504.05,2026-07-13,-0.46,1.9,16.09,5.38,8.71,-8.68
BANARBEADS,117.9,2026-07-13,16.16,16.72,16.08,10.22,-1.16,0.14
MOBIKWIK,225.29,2026-07-13,12.61,12.57,16.06,18.86,-3.76,-10.69
CHALET,847.75,2026-07-13,2.52,4.21,16.02,11.62,-3.06,-1.1
J&KBANK,182.6,2026-07-13,11.53,14.38,16.01,47.4,81.8,71.39
CEATLTD,3867.7,2026-07-13,1.68,13.94,16.0,8.18,0.4,4.85
SPARC,259.42,2026-07-13,-0.88,12.21,15.94,82.19,90.96,62.81
WAKEFIT,133.04,2026-07-13,7.17,9.08,15.93,-12.23,-24.5,
WEWORK,741.05,2026-07-13,0.53,14.23,15.91,53.06,23.79,
WELCORP,1619.9,2026-07-13,4.94,7.58,15.9,61.64,119.42,79.38
TRIDHYA,10.65,2026-07-10,0.0,-9.36,15.76,26.79,-23.66,-40.67
HMT,64.19,2026-07-13,-5.17,-3.05,15.72,1.28,39.42,-0.02
VARROC,659.85,2026-07-13,-0.16,6.67,15.69,27.3,17.12,17.83
MUTHOOTCAP,225.55,2026-07-13,4.04,13.27,15.69,16.13,-18.01,-34.62
SKFINDUS,2751.3,2026-07-13,-4.1,-3.8,15.68,22.41,3.27,
LINC,113.73,2026-07-13,3.71,-1.91,15.67,15.32,1.05,-20.96
AMANTA,175.59,2026-07-13,2.54,9.19,15.66,54.94,62.1,
RBZJEWEL,155.5,2026-07-13,10.54,18.14,15.6,12.96,9.54,11.69
CALSOFT,23.06,2026-07-13,7.41,-1.79,15.59,94.93,54.25,22.86
PIXTRANS,1853.4,2026-07-13,3.62,-0.87,15.53,28.26,42.32,20.84
MSTCLTD,656.65,2026-07-13,-9.66,-4.95,15.5,55.53,40.28,25.78
CHOLAFIN,1810.9,2026-07-13,-2.14,2.08,15.48,20.15,6.53,18.31
3MINDIA,36430.0,2026-07-13,3.46,11.37,15.47,16.56,4.1,24.77
PATELENG,31.53,2026-07-13,-5.46,-8.66,15.45,18.58,18.67,-21.17
STARHEALTH,599.75,2026-07-13,3.17,2.57,15.43,27.35,33.52,41.18
ADVANCE,113.67,2026-07-13,-1.24,4.32,15.42,7.07,-8.28,
EPACKPEB,278.32,2026-07-13,8.81,19.28,15.4,61.16,11.48,
TAINWALCHM,232.0,2026-07-13,17.39,18.85,15.39,23.96,28.85,13.09
MAGADSUGAR,517.9,2026-07-13,4.33,14.96,15.35,5.41,15.18,-19.05
TEXINFRA,114.0,2026-07-13,-1.77,4.97,15.33,15.22,14.08,12.58
GRCL,617.0,2026-07-10,3.69,9.49,15.33,57.0,70.44,61.94
PUNJABCHEM,1158.9,2026-07-13,8.02,13.54,15.29,9.63,4.35,-2.83
MMFL,516.4,2026-07-13,4.29,13.18,15.27,17.56,24.02,45.28
SHILPAMED,630.2,2026-07-13,5.61,9.87,15.26,51.53,113.7,40.72
SANGAMIND,622.55,2026-07-13,13.82,16.94,15.23,39.7,38.35,39.2
IPCALAB,1823.3,2026-07-13,2.29,10.69,15.18,25.66,20.92,25.95
DDEVPLSTIK,294.15,2026-07-13,5.43,9.41,15.18,28.9,4.4,11.21
GRAVITA,1846.0,2026-07-13,4.22,10.96,15.17,18.65,13.57,6.17
SUMICHEM,531.9,2026-07-13,9.89,26.67,15.17,25.98,20.37,-1.77
ATHERENERG,1184.6,2026-07-13,5.26,9.31,15.16,30.48,81.31,256.38
SMVD,13.3,2026-07-10,0.0,15.15,15.15,18.75,64.2,10.37
DATAMATICS,896.3,2026-07-13,6.91,13.88,15.15,28.63,21.83,23.08
JYOTICNC,784.9,2026-07-13,1.86,-0.07,15.14,12.3,-16.14,-22.69
TATVA,1391.4,2026-07-13,10.83,16.34,15.14,14.26,4.22,46.15
RUPA,172.02,2026-07-13,-0.62,2.04,15.06,26.4,8.38,-18.59
JTEKTINDIA,144.09,2026-07-13,-0.96,7.98,14.95,8.99,-2.47,2.01
COMSYN,195.3,2026-07-13,2.35,19.37,14.95,27.65,32.51,48.62
INDIQUBE,175.05,2026-07-13,3.62,5.28,14.93,16.17,-13.99,
GEMAROMA,197.28,2026-07-13,4.06,1.99,14.86,17.81,31.14,
SFL,806.95,2026-07-13,7.43,8.81,14.85,55.32,41.85,19.29
GRWRHITECH,7041.0,2026-07-13,0.28,6.34,14.83,89.05,134.13,96.06
RUBYMILLS,381.1,2026-07-13,10.67,17.1,14.72,67.3,82.31,59.93
MASTER,399.35,2026-07-10,15.75,15.4,14.67,25.06,25.48,-3.91
ANUP,2178.9,2026-07-13,-5.59,-6.6,14.61,12.81,5.96,-23.03
MANGLMCEM,965.4,2026-07-13,1.86,5.83,14.47,9.08,29.94,31.6
GANESHHOU,872.9,2026-07-13,8.55,14.06,14.44,48.6,13.84,-11.82
OMFREIGHT,93.99,2026-07-13,-6.42,-1.36,14.41,19.79,0.96,
ADOR,1333.0,2026-07-13,0.98,6.54,14.35,52.84,29.66,20.82
STALLION,209.88,2026-07-13,10.7,17.33,14.34,49.05,1.98,121.93
SOBHA,1517.6,2026-07-13,4.59,9.84,14.32,17.49,-0.59,1.59
QMSMEDI,108.95,2026-07-13,1.29,8.68,14.32,38.79,25.23,29.99
EUROPRATIK,312.4,2026-07-13,0.31,10.53,14.31,30.54,12.45,
ONDOOR,199.05,2026-07-10,-0.52,2.47,14.3,14.4,77.17,12.24
SUNDRMFAST,960.95,2026-07-13,2.55,3.46,14.29,22.05,4.03,-5.88
VISAKAIND,85.55,2026-07-13,4.69,11.49,14.26,38.04,32.99,-1.74
KAJARIACER,1236.4,2026-07-13,1.72,2.53,14.24,10.1,24.32,5.87
PRECOT,796.5,2026-07-13,2.67,12.14,14.22,42.27,123.77,39.6
RADICO,4045.4,2026-07-13,-1.49,4.35,14.22,44.08,38.17,49.04
KAMATHOTEL,186.65,2026-07-13,1.96,3.71,14.18,11.85,-18.85,-22.01
HONASA,472.25,2026-07-13,0.71,5.78,14.17,37.22,62.79,60.49
HTMEDIA,25.81,2026-07-13,1.53,15.58,14.15,14.1,10.11,23.14
LANCORHOL,28.07,2026-07-13,16.28,12.46,14.15,7.96,18.14,20.71
NIITLTD,99.6,2026-07-13,-7.2,3.52,14.13,51.74,19.01,-20.87
RGL,119.43,2026-07-13,-0.48,3.29,14.12,11.84,-1.67,2.13
GLAXO,2420.5,2026-07-13,0.76,2.81,14.09,2.81,4.77,-23.48
EIHOTEL,337.05,2026-07-13,0.79,5.03,14.08,9.29,-2.67,-10.35
MAHLOG,382.75,2026-07-13,-3.52,3.44,14.07,-1.06,26.93,1.68
AYE,170.93,2026-07-13,-1.99,-3.21,14.06,56.87,,
EMPOWER,2.19,2026-07-13,-4.78,-7.59,14.06,,,
SWANDEF,2254.6,2026-07-13,-1.74,2.31,13.99,24.85,22.5,711.62
COSMOFIRST,828.5,2026-07-13,-3.27,4.51,13.97,24.93,28.82,-27.31
AURIONPRO,885.25,2026-07-13,2.62,1.8,13.9,1.15,-14.06,-44.83
MEGASTAR,366.45,2026-07-13,-0.37,2.86,13.89,32.13,59.84,32.96
SUBROS,821.75,2026-07-13,-2.59,0.75,13.89,9.84,-1.0,-10.98
TAC,416.4,2026-07-10,8.73,5.42,13.88,-26.54,-38.02,-58.64
TVTODAY,121.24,2026-07-13,-4.94,-0.67,13.85,9.05,-12.06,-27.4
SWSOLAR,236.96,2026-07-13,-3.33,-3.02,13.8,32.73,16.94,-28.12
ABCAPITAL,407.45,2026-07-13,-0.56,5.75,13.78,20.74,16.13,51.22
KOPRAN,206.66,2026-07-13,6.14,10.01,13.77,32.48,39.91,18.14
THANGAMAYL,6233.0,2026-07-13,-0.8,6.09,13.77,49.28,66.36,226.18
VIYASH,284.35,2026-07-13,-1.9,5.39,13.76,38.54,49.62,54.27
POCL,1437.0,2026-07-13,0.4,10.17,13.72,22.18,3.69,48.55
HOMEFIRST,1261.0,2026-07-13,5.87,7.97,13.68,15.87,16.05,-8.59
GRETEX,289.65,2026-07-10,1.63,9.3,13.68,-3.77,46.29,24.31
MEESHO,189.76,2026-07-13,-0.09,-2.29,13.68,19.11,15.17,
PILITA,9.09,2026-07-13,-1.2,2.83,13.63,29.86,0.22,-40.86
KCK,15.45,2026-07-10,19.31,17.49,13.6,3.34,-38.2,-65.16
RILINFRA,40.1,2026-07-10,8.23,-3.14,13.6,14.08,7.94,-1.84
PARADEEP,143.38,2026-07-13,0.33,6.59,13.57,18.98,-3.56,-12.55
HEXT,566.2,2026-07-13,5.68,9.01,13.55,21.88,-21.47,-32.29
HMVL,89.27,2026-07-13,-1.03,2.75,13.45,31.96,29.75,1.5
SONACOMS,670.85,2026-07-13,0.5,8.07,13.45,18.18,47.68,50.95
NATCOPHARM,979.95,2026-07-13,5.14,6.57,13.43,-9.03,12.6,2.48
SBC,42.17,2026-07-13,0.0,1.01,13.42,27.44,47.29,160.95
IKS,1903.4,2026-07-13,1.4,11.99,13.41,25.72,12.16,20.07
SEJALLTD,745.75,2026-07-13,-0.27,2.37,13.4,14.96,-4.85,46.27
PNBHOUSING,1122.3,2026-07-13,2.98,8.54,13.38,32.56,15.7,4.76
EMBDL,66.93,2026-07-13,6.78,8.53,13.33,33.3,-6.99,-43.58
AGARWALEYE,497.85,2026-07-13,3.46,5.0,13.21,14.92,-0.45,16.52
BIMETAL,714.85,2026-07-13,5.65,10.98,13.2,,,
GROWWNET,10.05,2026-07-13,4.47,8.3,13.18,16.45,-0.65,
AJMERA,136.74,2026-07-13,3.22,6.1,13.16,13.66,-24.87,-23.92
PACEDIGITK,212.24,2026-07-13,-0.43,5.65,13.15,34.54,19.68,
PPL,273.05,2026-07-13,-1.5,-10.67,13.15,32.61,25.34,-28.84
AADHARHFC,535.9,2026-07-13,-3.7,3.31,13.14,14.12,10.87,18.64
BLUESTONE,588.8,2026-07-13,1.07,9.35,13.12,18.19,23.76,
INTERNET,13.54,2026-07-13,4.31,8.41,13.12,16.55,-0.8,
SMARTLINK,185.64,2026-07-13,6.57,9.35,13.1,49.76,49.08,22.06
LICI,441.3,2026-07-13,2.84,2.33,13.09,12.4,8.6,-0.77
SUDEEPPHRM,847.55,2026-07-13,3.24,3.22,13.08,36.43,36.39,
BAJAJFINSV,1908.1,2026-07-13,2.0,8.55,13.06,6.79,-5.05,-5.33
HUBTOWN,210.17,2026-07-13,-3.43,2.4,13.04,3.43,-7.36,-31.93
SYRMA,1431.7,2026-07-13,2.92,4.63,13.03,66.19,103.02,111.42
KSB,943.15,2026-07-13,0.9,-0.27,12.98,4.38,29.15,7.74
MVGJL,165.14,2026-07-13,9.52,16.48,12.95,-2.9,-6.65,-24.54
BAJAJHCARE,343.15,2026-07-13,1.98,-2.69,12.95,2.52,-10.92,-28.13
BPL,58.27,2026-07-13,1.53,6.47,12.93,17.15,-5.8,-32.71
PARKHOTELS,131.26,2026-07-13,6.43,9.8,12.93,12.82,3.5,-18.47
KICL,5679.5,2026-07-13,3.47,7.81,12.93,23.58,19.5,10.58
SURYODAY,191.57,2026-07-13,5.47,10.38,12.92,42.94,37.17,41.17
HALEOSLABS,1587.3,2026-07-13,-2.04,17.02,12.88,24.16,22.89,37.35
ZENITHDRUG,49.1,2026-07-10,-8.91,6.39,12.87,15.53,0.61,-26.44
HYBRIDFIN,18.36,2026-07-13,-7.32,-11.69,12.85,-11.09,-0.7,9.35
PRICOLLTD,621.15,2026-07-13,-0.55,6.5,12.83,8.38,-0.66,35.91
ACMESOLAR,378.8,2026-07-13,-1.28,-0.12,12.82,33.36,68.81,28.35
NAM-INDIA,1215.3,2026-07-13,0.65,4.11,12.81,34.2,37.74,54.22
SHYAMTEL,16.82,2026-07-13,-7.84,-16.61,12.81,79.51,43.03,12.89
ADFFOODS,319.45,2026-07-13,3.62,4.72,12.8,68.81,64.81,21.58
FOODSIN,61.1,2026-07-13,-1.18,12.86,12.79,2.83,-5.24,-45.38
HOACFOODS,697.0,2026-07-10,0.11,-0.43,12.77,67.37,121.06,161.39
KIRLOSBROS,1950.0,2026-07-13,3.99,-0.7,12.76,10.97,20.27,-10.81
EDELWEISS,123.93,2026-07-13,-1.74,2.51,12.74,7.29,18.65,10.12
SUNTECK,323.95,2026-07-13,-4.41,2.61,12.74,3.23,-22.96,-25.93
COFORGE,1540.9,2026-07-13,3.98,3.32,12.7,25.14,-9.59,-16.93
TVSELECT,513.8,2026-07-13,2.38,1.04,12.68,28.29,19.11,20.13
DIACABS,227.46,2026-07-13,3.97,9.07,12.65,64.98,72.92,37.95
PFOCUS,269.52,2026-07-13,14.91,28.04,12.64,-20.15,11.17,70.59
JINDALSAW,268.6,2026-07-13,3.41,3.28,12.62,32.25,67.83,20.63
SENCO,381.0,2026-07-13,16.69,16.46,12.61,17.87,13.43,11.76
SANSERA,3281.2,2026-07-13,2.84,4.51,12.59,39.85,80.03,142.74
SANGHVIMOV,436.7,2026-07-13,-4.52,3.5,12.57,40.57,38.57,60.12
SRGHFL,305.1,2026-07-13,3.04,3.3,12.44,10.2,13.74,-3.28
PLASTIBLEN,195.79,2026-07-13,9.06,8.08,12.39,34.98,24.09,-5.99
BEPL,108.1,2026-07-13,9.6,10.39,12.36,17.2,30.09,0.3
ACSTECH,44.39,2026-07-13,-1.22,-0.76,12.35,,,
RHIM,413.2,2026-07-13,7.42,10.79,12.34,6.98,-7.69,-13.06
MANORG,528.4,2026-07-13,-0.61,-3.13,12.31,23.88,5.99,-4.12
BEACON,97.65,2026-07-10,4.44,8.5,12.31,16.32,22.98,63.84
TALBROAUTO,403.95,2026-07-13,-1.75,-2.91,12.29,51.98,51.69,38.08
NORTHARC,324.95,2026-07-13,4.97,11.06,12.26,37.79,23.65,31.36
SARTELE,130.15,2026-07-10,-2.47,0.35,12.25,-23.08,-46.31,-48.38
GRPLTD,1901.8,2026-07-13,2.76,0.12,12.24,-6.37,6.04,-27.14
DALMIASUG,366.05,2026-07-13,-2.36,12.72,12.22,-2.78,33.83,-7.31
WIPL,172.97,2026-07-13,0.59,-1.22,12.19,13.06,16.87,9.72
FIBERWEB,31.23,2026-07-13,-1.85,2.8,12.18,-15.07,-5.48,-38.56
SUNDRMBRAK,816.1,2026-07-13,1.5,1.26,12.12,32.87,25.93,6.81
BATLIBOI,83.76,2026-07-13,1.05,-1.1,12.07,,,
SEL,218.1,2026-07-10,17.26,20.5,12.05,2.39,5.36,-16.44
KERNEX,2233.4,2026-07-13,-7.06,8.62,12.05,92.53,101.06,93.3
LIBERTSHOE,267.6,2026-07-13,-1.33,-2.21,12.05,3.26,10.67,-31.22
RADHIKAJWE,63.36,2026-07-13,15.18,16.47,12.04,-3.25,-16.3,-25.64
BAJFINANCE,1022.6,2026-07-13,-0.63,4.77,12.04,14.45,8.42,10.22
GEEKAYWIRE,24.76,2026-07-13,0.98,-2.98,12.04,-6.28,-20.72,-28.62
OMAXAUTO,254.36,2026-07-13,10.58,17.53,12.03,142.82,167.05,166.5
SIGACHI,23.12,2026-07-13,3.91,-4.9,12.02,2.21,-18.33,-44.68
KFINTECH,925.85,2026-07-13,4.96,6.51,11.99,2.81,-12.23,-26.79
KRONOX,150.7,2026-07-13,-4.03,-0.92,11.99,16.14,14.59,-20.59
WESTLIFE,499.25,2026-07-13,-0.81,5.84,11.98,8.94,-2.25,-35.46
AARTIPHARM,717.8,2026-07-13,1.77,6.29,11.96,3.77,-5.93,-22.21
YUKEN,766.9,2026-07-13,0.26,5.05,11.96,4.72,-4.66,-31.6
BRIGADE,569.7,2026-07-13,6.02,13.51,11.94,1.92,-11.26,-28.36
HDFCAMC,2749.0,2026-07-13,-0.88,5.46,11.93,10.33,13.01,9.82
WELENT,614.95,2026-07-13,0.18,7.63,11.9,41.51,36.37,20.57
RELIGARE,268.15,2026-07-13,1.13,-0.68,11.81,19.35,10.19,-0.99
APOLLOTYRE,440.6,2026-07-13,-2.69,5.34,11.81,2.48,-14.27,-2.7
RAMRAT,423.95,2026-07-13,3.58,4.77,11.8,26.12,42.55,30.53
APLLTD,831.05,2026-07-13,-0.55,5.64,11.8,15.83,3.74,-13.96
LAURUSLABS,1558.6,2026-07-13,1.92,3.89,11.78,43.42,47.42,97.6
VAIBHAVGBL,255.88,2026-07-13,9.13,11.34,11.73,21.51,16.93,10.86
THEMISMED,116.17,2026-07-13,-4.16,3.24,11.71,41.48,21.75,-5.72
HITECHGEAR,640.85,2026-07-13,-7.46,-3.18,11.71,3.52,-16.19,-7.19
ROUTE,582.85,2026-07-13,6.08,12.56,11.68,20.96,-9.81,-40.19
SERVICE,55.0,2026-07-10,5.77,10.0,11.68,7.84,10.89,-6.7
SHIVAMAUTO,18.86,2026-07-13,0.8,15.63,11.66,2.72,-14.85,-38.41
BAJAJCON,660.45,2026-07-13,6.58,10.6,11.63,57.04,132.96,183.27
CUB,225.13,2026-07-13,0.2,11.73,11.62,20.33,8.29,44.2
PARAS,1224.5,2026-07-13,-9.86,3.52,11.61,73.47,80.5,50.69
ELGIRUBCO,57.34,2026-07-13,-6.06,25.22,11.58,40.5,34.44,-7.74
CPS,1048.7,2026-07-10,4.87,-3.27,11.56,11.56,-14.29,37.99
MAWANASUG,112.15,2026-07-13,1.17,10.72,11.52,19.52,41.07,15.08
SAMBHV,120.92,2026-07-13,5.47,9.38,11.51,4.77,35.08,-3.16
IDBI,84.07,2026-07-13,0.12,-2.2,11.51,13.89,-18.88,-13.26
TIPSMUSIC,713.75,2026-07-13,3.63,14.35,11.48,32.72,41.64,12.36
TTKHLTCARE,993.3,2026-07-13,5.74,7.13,11.48,14.33,0.51,-23.94
PCBL,323.55,2026-07-13,0.37,1.25,11.47,20.34,15.2,-22.21
GEOJITFSL,82.03,2026-07-13,4.37,8.35,11.46,33.78,14.73,2.11
STANLEY,159.29,2026-07-13,2.64,5.55,11.45,18.01,-17.44,-53.0
AKSHARCHEM,230.67,2026-07-13,-2.05,-1.58,11.45,26.39,1.03,-23.43
SHARDAMOTR,871.9,2026-07-13,-2.51,4.93,11.44,7.11,0.29,-17.5
OWAIS,104.9,2026-07-10,-5.96,-11.55,11.42,-22.84,-52.39,-81.68
SHILCTECH,4494.6,2026-07-13,2.36,0.68,11.4,-2.72,40.48,
ACCENTMIC,513.45,2026-07-10,0.8,6.15,11.39,23.09,45.72,85.11
MPSLTD,2020.7,2026-07-13,0.47,7.27,11.34,12.77,5.62,-27.1
BELLACASA,255.25,2026-07-13,-5.59,-1.21,11.34,-9.44,-26.87,
UTIAMC,1028.0,2026-07-13,3.68,10.91,11.31,7.13,-4.78,-23.8
SENORES,1435.5,2026-07-13,5.18,8.78,11.28,71.48,76.58,134.75
JLHL,1463.7,2026-07-13,0.25,5.66,11.25,17.78,8.12,-2.15
PCJEWELLER,9.92,2026-07-13,4.86,16.3,11.21,8.42,-3.6,-42.82
GULFOILLUB,1044.6,2026-07-13,-3.04,-4.46,11.2,17.2,-6.12,-12.37
LAKPRE,5.56,2026-07-13,-7.02,13.93,11.2,9.02,14.88,9.23
TBOTEK,1504.1,2026-07-13,-1.0,4.46,11.18,28.19,-2.1,13.49
63MOONS,734.2,2026-07-13,4.79,11.81,11.16,29.1,5.68,-31.88
PENIND,172.34,2026-07-13,0.29,3.52,11.14,5.57,-8.09,-25.03
JAMNAAUTO,135.36,2026-07-13,-1.69,1.88,11.13,10.12,1.38,46.16
PANAMAPET,419.2,2026-07-13,-5.33,4.66,11.12,59.88,40.86,21.9
ACUTAAS,3495.2,2026-07-13,-0.56,-2.05,11.12,46.02,107.64,205.2
INDOSTAR,269.35,2026-07-13,4.36,5.64,11.1,23.76,18.94,-17.5
LOVABLE,78.3,2026-07-13,-2.64,1.4,11.08,10.97,3.33,-20.96
TAJGVK,366.8,2026-07-13,6.85,12.29,11.08,10.7,-10.83,-10.27
VLSFINANCE,255.55,2026-07-13,-0.08,-0.65,11.07,8.5,-9.84,3.61
VAISHALI,7.93,2026-07-13,6.73,6.16,11.06,22.19,-5.82,-37.85
INDIGO,5229.5,2026-07-13,-3.31,-1.61,11.04,18.12,9.87,-11.48
RUBICON,1438.2,2026-07-13,5.58,1.31,11.02,75.44,112.41,
ICICIPRULI,519.7,2026-07-13,7.13,6.17,11.01,-4.57,-23.47,-21.07
20MICRONS,202.45,2026-07-13,3.25,2.55,11.01,26.22,6.19,-9.07
TVSMOTOR,3676.9,2026-07-13,-0.76,6.37,10.99,-1.64,-1.75,33.95
BHARATGEAR,123.31,2026-07-13,-6.89,-2.19,10.97,17.15,16.4,37.33
MASTEK,1749.8,2026-07-13,9.57,11.95,10.93,11.38,-13.67,-29.86
ALIVUS,1160.0,2026-07-13,0.83,3.62,10.93,10.87,32.31,14.94
IMAGICAA,47.15,2026-07-13,-1.87,1.09,10.92,0.32,-8.09,-31.28
TANLA,569.55,2026-07-13,4.58,7.39,10.87,24.73,15.64,-7.98
MOSCHIP,232.83,2026-07-13,0.36,15.39,10.85,34.24,20.33,33.59
RPEL,1316.4,2026-07-13,1.61,13.57,10.8,90.28,45.6,91.94
SIDDHIKA,223.0,2026-07-10,1.36,4.19,10.79,3.29,16.48,13.56
JKCEMENT,5361.5,2026-07-13,-1.63,1.16,10.76,-1.29,-6.94,-16.53
MAXPOSURE,35.0,2026-07-10,0.0,-5.41,10.76,-19.91,-14.53,-37.33
ETHOSLTD,2649.0,2026-07-13,4.41,8.67,10.75,9.19,-2.28,-1.93
DEN,30.1,2026-07-13,2.91,2.59,10.74,3.44,-1.47,-21.22
SUNREST,35.6,2026-07-10,0.0,1.57,10.73,-1.39,-11.0,-29.37
TATACAP,360.95,2026-07-13,3.08,-2.21,10.7,12.22,3.53,
TEXRAIL,117.19,2026-07-13,-3.18,8.97,10.7,21.84,-5.92,-28.17
YATRA,114.12,2026-07-13,0.04,3.61,10.65,10.88,-30.69,35.26
GMRAIRPORT,114.68,2026-07-13,1.08,4.81,10.64,20.82,15.52,26.56
KIRLPNU,1768.8,2026-07-13,-4.32,-6.76,10.64,43.5,69.57,27.77
BHARATFORG,2145.6,2026-07-13,0.32,-0.87,10.64,19.48,47.54,77.36
OMINFRAL,91.15,2026-07-13,1.38,7.67,10.63,-1.28,11.29,-28.77
MOTILALOFS,982.85,2026-07-13,3.13,3.71,10.63,29.8,18.34,6.03
SHANTI,7.08,2026-07-13,3.66,9.94,10.62,-0.14,-12.27,-38.06
AZAD,2378.5,2026-07-13,5.88,19.88,10.62,36.6,52.09,49.75
BLKASHYAP,59.46,2026-07-13,8.62,8.82,10.62,20.88,27.27,-11.96
INDUSINDBK,1012.9,2026-07-13,0.31,10.65,10.59,23.89,11.42,18.13
NEULANDLAB,19019.0,2026-07-13,0.33,5.15,10.59,31.06,32.76,54.74
THAKDEV,127.28,2026-07-13,0.55,3.48,10.58,,,
MINDACORP,704.35,2026-07-13,1.05,4.75,10.54,38.31,22.62,40.33
KIRLFER,472.55,2026-07-13,3.29,-0.48,10.53,4.5,4.5,4.5
IFBIND,1423.4,2026-07-13,11.67,14.45,10.53,34.52,0.15,-4.9
ASCOM,259.35,2026-07-10,0.0,-5.0,10.5,6.07,89.31,201.39
SAPPHIRE,186.97,2026-07-13,1.34,3.64,10.47,7.7,-17.51,-43.49
ADANIENSOL,1644.6,2026-07-13,1.34,10.64,10.41,39.93,76.36,88.16
MATRIMONY,430.6,2026-07-13,-3.8,8.5,10.41,1.51,-21.62,-15.03
TIMETECHNO,187.1,2026-07-13,4.69,4.2,10.4,1.46,3.78,-14.53
SHRIRAMFIN,1048.1,2026-07-13,-1.34,2.07,10.38,4.97,7.66,58.69
ARE&M,909.05,2026-07-13,6.76,10.54,10.37,23.07,3.08,-6.02
LAMBODHARA,113.81,2026-07-13,0.68,2.34,10.37,8.26,1.26,-18.68
KOLTEPATIL,387.5,2026-07-13,5.89,7.46,10.37,15.64,4.41,-14.94
ASAHISONG,283.95,2026-07-13,10.87,13.84,10.35,26.17,17.36,-35.5
FDC,428.0,2026-07-13,-0.57,1.74,10.35,21.06,10.7,-13.54
AVANTEL,183.76,2026-07-13,1.01,6.99,10.35,22.1,20.34,18.81
TITAN,4601.5,2026-07-13,2.95,7.94,10.34,3.99,8.9,37.33
KOTHARIPET,130.79,2026-07-13,-2.32,5.37,10.33,7.5,10.41,-26.71
JKIL,506.25,2026-07-13,3.2,2.8,10.32,7.78,-8.45,-28.26
AKUMS,683.85,2026-07-13,9.49,9.99,10.3,31.02,54.8,23.14
BALAMINES,2340.9,2026-07-13,9.15,24.33,10.29,117.34,91.92,31.9
INDIAGLYCO,1088.2,2026-07-13,1.42,11.0,10.29,17.69,13.98,7.53
TCIEXP,565.85,2026-07-13,12.17,9.76,10.24,8.42,7.69,-22.62
RSSOFTWARE,34.36,2026-07-13,-0.64,-3.16,10.23,6.21,-25.3,-57.79
TARIL,347.3,2026-07-13,1.77,4.36,10.22,19.24,28.01,-30.63
MAHEPC,120.73,2026-07-13,1.9,1.74,10.2,-4.67,-8.06,-16.32
AEROENTER,120.97,2026-07-13,-7.58,-14.99,10.19,39.83,52.11,20.03
ANANTRAJ,589.15,2026-07-13,6.94,14.68,10.17,21.4,3.99,5.09
RULKA,101.0,2026-07-10,4.34,12.28,10.14,4.12,-4.27,-26.36
EMMBI,91.67,2026-07-13,-2.47,-1.93,10.11,6.78,-2.58,-14.7
BALKRISIND,2216.1,2026-07-13,0.24,2.24,10.08,-0.81,-7.34,-16.14
ARVIND,544.35,2026-07-13,-0.4,-0.94,10.08,41.72,80.46,63.69
HCLTECH,1221.2,2026-07-13,7.67,10.78,10.06,-12.93,-24.71,-22.27
MASFIN,330.55,2026-07-13,3.56,6.68,10.04,7.83,6.26,7.25
MSUMI,40.54,2026-07-13,-1.22,1.71,10.04,5.22,-11.33,-4.1
GRAUWEIL,79.89,2026-07-13,-0.77,9.27,10.03,-30.89,-30.89,-30.89
BAJAJST,403.75,2026-07-13,0.66,-0.51,10.0,,,
RITES,226.65,2026-07-13,4.86,9.97,9.99,10.45,0.84,-15.94
ZUARIIND,268.95,2026-07-13,2.26,5.59,9.98,5.46,-6.09,2.74
EQUITASBNK,83.07,2026-07-13,7.13,11.35,9.97,32.32,22.14,30.29
REPCOHOME,419.7,2026-07-13,-1.57,-0.42,9.97,10.9,3.31,-0.04
DAMCAPITAL,161.97,2026-07-13,8.04,9.28,9.97,11.6,-22.21,-35.15
AARTIIND,484.3,2026-07-13,-0.86,5.93,9.92,14.14,33.42,10.11
GLOBUSSPR,936.55,2026-07-13,1.36,8.42,9.87,2.23,-7.22,-6.87
ORCHPHARMA,1007.4,2026-07-13,7.91,5.95,9.85,84.3,36.43,40.25
WEL,101.75,2026-07-13,-2.12,2.83,9.81,16.39,-30.1,-42.9
LEMONTREE,117.74,2026-07-13,-1.97,1.31,9.8,4.84,-22.28,-23.24
RRKABEL,2374.8,2026-07-13,3.47,-5.1,9.8,73.81,58.47,79.71
SCPL,495.6,2026-07-13,-7.4,1.8,9.79,55.38,64.51,63.03
LRRPL,90.0,2026-07-10,5.88,-3.23,9.76,20.32,31.58,13.49
PIGL,114.77,2026-07-13,0.68,2.22,9.76,1.08,5.25,-12.14
CMPDI,261.68,2026-07-13,-2.97,7.36,9.75,53.85,,
SHRINGARMS,231.09,2026-07-13,0.34,5.19,9.71,24.48,3.37,
DCMSRIND,41.53,2026-07-13,1.34,12.7,9.7,4.82,-7.75,-75.27
SAFARI,1683.5,2026-07-13,3.52,6.11,9.67,10.06,-20.73,-24.03
MANBA,136.79,2026-07-13,-1.04,3.74,9.65,26.31,-0.15,-1.64
UWCSL,101.9,2026-07-10,0.15,0.15,9.63,9.51,-5.91,-25.3
PLADAINFO,12.0,2026-07-10,1.69,4.8,9.59,10.09,-18.64,-33.33
TASTYBITE,8962.5,2026-07-13,5.24,5.13,9.58,25.38,16.37,-18.92
ASKAUTOLTD,470.35,2026-07-13,3.72,2.12,9.55,8.0,1.0,-13.03
DIFFNKG,396.05,2026-07-13,-4.29,-4.64,9.48,40.62,31.25,23.59
ESCONET,121.85,2026-07-10,-1.85,-10.4,9.48,-12.68,-3.6,-46.14
SUNDARMFIN,4529.1,2026-07-13,-1.57,0.12,9.47,-5.22,-11.57,-8.5
MAXHEALTH,1106.2,2026-07-13,-2.32,-3.63,9.45,16.44,7.78,-9.11
VSCL,29.0,2026-07-10,-7.94,-4.29,9.43,13.73,49.48,-9.38
WANBURY,300.45,2026-07-13,5.92,6.66,9.43,19.3,41.34,10.28
UFLEX,453.55,2026-07-13,4.19,8.34,9.42,20.43,-3.54,-22.91
MOTOUR,80.94,2026-07-13,-0.67,2.66,9.42,13.04,0.42,-12.65
KAMDHENU,32.05,2026-07-13,-2.32,10.67,9.42,46.61,43.14,7.22
RATNAVEER,179.73,2026-07-13,-0.13,-0.59,9.38,14.37,16.35,22.93
AJAXENGG,599.7,2026-07-13,11.75,10.77,9.37,28.11,4.27,-12.87
ZUARI,236.75,2026-07-13,-0.19,4.59,9.36,8.83,-19.66,16.97
SAREGAMA,498.5,2026-07-13,2.14,-0.08,9.36,50.7,41.64,2.76
DEEM,54.95,2026-07-10,0.0,7.12,9.35,37.03,17.16,-6.86
SYMPHONY,732.45,2026-07-13,3.81,6.06,9.35,-1.4,-18.91,-35.56
SSWL,253.26,2026-07-13,2.87,10.35,9.34,19.09,25.99,2.57
EMAMILTD,427.25,2026-07-13,2.52,4.58,9.33,0.78,-15.31,-25.77
HEG,575.4,2026-07-13,5.94,11.25,9.33,1.67,4.49,14.24
SURAJEST,207.3,2026-07-13,1.14,10.21,9.32,-4.27,-12.18,-35.1
SHREECEM,26420.0,2026-07-13,-0.79,5.07,9.29,8.72,-2.71,-14.94
PNGJL,598.35,2026-07-13,3.21,13.11,9.28,-7.05,-0.18,1.85
AJANTPHARM,3421.4,2026-07-13,1.42,1.1,9.27,18.09,25.3,31.73
ENTERO,1241.8,2026-07-13,4.04,3.47,9.25,0.19,1.48,-2.34
PGHL,6867.0,2026-07-13,8.12,9.93,9.23,38.0,31.32,23.78
CANFINHOME,933.25,2026-07-13,1.57,12.48,9.22,11.75,5.35,19.47
GARUDA,183.04,2026-07-13,0.23,3.77,9.19,7.66,-5.99,36.37
AIAENG,4732.0,2026-07-13,-1.68,-4.43,9.19,23.64,21.17,41.58
INDHOTEL,738.55,2026-07-13,0.05,4.46,9.18,16.83,9.39,0.9
LENSKART,539.15,2026-07-13,0.56,6.58,9.12,-1.83,20.63,
AGARIND,527.5,2026-07-13,-0.73,-1.19,9.09,33.19,-23.72,-42.64
KOTIC,175.14,2026-07-13,9.24,7.94,9.09,,,
JUBLCPL,2051.3,2026-07-13,-3.43,1.78,9.08,22.77,-6.34,21.22
SELECTIPO,47.0,2026-07-13,2.15,4.93,9.07,13.57,5.17,-3.91
ALGOQUANT,61.32,2026-07-13,6.37,9.97,9.05,12.7,-5.5,
MAGSON,179.8,2026-07-10,5.24,5.76,9.04,-5.07,41.57,29.35
SIGNATURE,846.5,2026-07-13,7.32,14.33,9.03,5.92,-10.67,-32.56
WORTHPERI,134.63,2026-07-13,-0.39,2.06,9.02,-3.63,1.65,-6.54
INDORAMA,49.43,2026-07-13,-0.24,10.14,9.0,33.23,13.29,-3.61
JSWCEMENT,138.29,2026-07-13,1.71,4.54,8.98,10.0,13.46,
JBCHEPHARM,2460.0,2026-07-13,2.93,6.81,8.96,23.62,33.07,55.2
CENTURYPLY,789.45,2026-07-13,1.5,6.55,8.95,8.55,3.14,8.18
SANATHAN,443.75,2026-07-13,-1.36,-0.94,8.94,6.45,3.11,-16.67
GREENPLY,317.0,2026-07-13,-0.42,5.42,8.94,48.33,29.94,4.94
UNOMINDA,1152.3,2026-07-13,1.26,5.59,8.94,7.04,-3.82,7.64
SAMHI,178.06,2026-07-13,2.4,0.92,8.91,13.83,-4.73,-23.2
FAZE3Q,593.9,2026-07-13,-3.19,-1.71,8.91,35.1,60.71,-8.21
CCL,1229.7,2026-07-13,2.5,5.57,8.89,12.27,27.49,39.66
JAGSNPHARM,230.06,2026-07-13,-2.9,-0.14,8.83,18.21,26.37,-4.0
REFEX,338.45,2026-07-13,-3.77,-4.88,8.83,46.42,40.06,-23.39
BHAGCHEM,293.85,2026-07-13,3.32,4.02,8.82,36.9,35.26,-0.54
SMLMAH,4200.7,2026-07-13,7.92,4.92,8.8,2.84,-0.49,40.35
GLAND,2461.2,2026-07-13,-0.08,3.72,8.8,42.74,43.16,33.63
SBILIFE,1855.9,2026-07-13,3.81,5.73,8.79,-3.06,-10.75,1.27
NITCO,107.06,2026-07-13,-6.9,0.03,8.79,20.09,28.22,-26.56
UNITDSPR,1373.4,2026-07-13,-3.04,3.17,8.77,12.38,5.37,3.02
ADANIENT,3177.5,2026-07-13,-0.91,7.26,8.76,49.32,47.27,24.24
AMNPLST,206.84,2026-07-13,9.33,10.24,8.76,33.63,13.34,-16.51
ESCORTS,2969.7,2026-07-13,-0.43,3.66,8.76,-4.18,-18.92,-8.54
REMUS,739.95,2026-07-10,-5.98,-3.09,8.74,13.14,5.02,-15.67
CONTROLPR,652.1,2026-07-13,-3.04,6.62,8.73,1.33,-0.78,-20.71
MANAPPURAM,331.75,2026-07-13,-4.15,5.17,8.7,24.63,8.05,27.08
LUPIN,2492.6,2026-07-13,0.04,3.46,8.69,7.67,14.39,32.37
GNRL,101.12,2026-07-13,-5.79,-11.03,8.68,,,
UNIINFO,12.14,2026-07-13,2.88,1.17,8.68,-4.63,-21.68,-37.74
RAINBOW,1483.4,2026-07-13,2.9,5.54,8.67,16.27,18.04,-2.87
MOIPO,46.95,2026-07-13,1.87,3.96,8.66,13.13,5.17,
STYRENIX,2317.7,2026-07-13,1.43,1.92,8.66,7.83,21.69,-25.75
PHANTOMFX,181.85,2026-07-10,-3.94,1.96,8.66,-9.12,-18.89,-42.74
KANPRPLA,202.94,2026-07-13,1.27,7.28,8.65,8.57,21.79,2.31
GOACARBON,412.05,2026-07-13,6.82,4.55,8.65,23.94,7.36,-14.65
CAPLIPOINT,2616.1,2026-07-13,-0.31,2.28,8.65,55.37,44.65,29.73
OAL,355.2,2026-07-13,12.73,13.16,8.62,29.0,26.2,-5.26
MAFATIND,136.84,2026-07-13,-3.3,-4.78,8.61,,,
AIMTRON,1389.9,2026-07-10,3.82,11.03,8.58,56.98,70.68,79.42
BDL,1302.8,2026-07-13,-7.58,-2.42,8.55,-2.25,-14.13,-29.55
EXIDEIND,423.4,2026-07-13,1.84,10.06,8.54,30.98,22.96,12.35
BASML,26.86,2026-07-13,2.28,-2.18,8.53,21.1,8.35,-18.43
IFBAGRO,1005.45,2026-07-13,4.39,9.91,8.53,18.84,-33.12,44.18
3IINFOLTD,18.68,2026-07-13,6.32,8.35,8.48,16.31,23.38,-21.51
RAJRILTD,21.96,2026-07-13,-3.68,-7.69,8.44,4.72,2.38,-17.88
JKTYRE,410.1,2026-07-13,0.16,5.53,8.42,-2.38,-18.66,14.01
BANSALWIRE,329.4,2026-07-13,-9.17,-1.32,8.41,14.85,9.78,-18.8
RAIN,213.41,2026-07-13,8.39,15.52,8.4,71.99,51.83,47.11
VENKEYS,1510.1,2026-07-13,5.85,5.93,8.39,1.94,-4.25,-4.66
MMP,281.7,2026-07-13,3.93,3.07,8.39,19.62,12.21,-3.61
SEIL,213.56,2026-07-13,-9.07,3.44,8.39,,,
MANCREDIT,240.64,2026-07-13,-1.82,0.21,8.36,37.65,50.99,20.11
BLUESTARCO,1716.1,2026-07-13,7.4,4.93,8.35,-0.8,-4.3,-4.19
CONSUMER,11.82,2026-07-13,0.25,4.42,8.34,10.57,1.81,2.25
STEELCAS,309.3,2026-07-13,-3.46,2.98,8.34,5.4,52.33,31.1
ORIENTCER,41.48,2026-07-13,-0.55,4.25,8.33,2.95,-10.66,3.76
BALRAMCHIN,584.85,2026-07-13,2.43,10.96,8.32,23.0,37.48,-4.35
TORNTPHARM,4951.1,2026-07-13,2.66,6.3,8.31,18.65,26.77,50.71
SARLAPOLY,105.95,2026-07-13,-1.06,8.72,8.31,26.13,24.44,-7.05
HECPROJECT,128.69,2026-07-13,-5.71,1.47,8.3,-7.39,20.55,-18.55
TRIGYN,58.89,2026-07-13,15.47,15.93,8.27,8.37,-5.11,-28.45
ELECTCAST,77.81,2026-07-13,0.32,1.45,8.26,-4.95,10.65,-35.97
IMPAL,1153.5,2026-07-13,-4.34,5.09,8.25,15.07,16.63,4.24
WSTCSTPAPR,535.15,2026-07-13,2.22,3.67,8.25,16.21,28.77,1.01
DOLLAR,268.9,2026-07-13,-2.11,-1.38,8.23,0.75,-19.41,-32.14
JINDALPHOT,1189.5,2026-07-13,2.83,7.34,8.23,5.84,-16.89,38.31
BAJAJELEC,336.55,2026-07-13,3.24,6.13,8.23,-11.45,-22.84,-49.39
TFCILTD,80.81,2026-07-13,-0.39,6.98,8.21,16.59,29.63,43.02
GENESYS,343.75,2026-07-13,3.27,6.33,8.2,35.46,-9.47,-48.4
PVRINOX,1020.55,2026-07-13,0.64,6.15,8.17,9.17,-2.12,3.14
VIDYAWIRES,96.35,2026-07-13,-2.77,-5.16,8.16,45.21,101.23,
IRIS,257.95,2026-07-13,-3.21,-3.39,8.16,9.26,-10.91,-37.52
BFUTILITIE,672.55,2026-07-13,17.49,11.15,8.15,41.25,10.63,-18.81
CHOLAHLDNG,1648.2,2026-07-13,-2.18,0.1,8.14,5.34,-9.46,-20.61
SUPRAJIT,497.75,2026-07-13,2.84,8.36,8.14,20.93,8.83,11.93
OLECTRA,1401.2,2026-07-13,-5.27,-4.95,8.12,15.5,24.03,14.21
MPHASIS,2390.4,2026-07-13,6.38,11.17,8.11,5.97,-14.59,-13.54
AGI,698.1,2026-07-13,-1.24,1.94,8.11,30.0,2.04,-11.14
PROV,1600.0,2026-07-10,-1.48,0.0,8.11,25.0,25.98,53.11
TNPETRO,97.77,2026-07-13,-1.38,3.48,8.03,9.66,-0.93,-1.31
BHEL,409.1,2026-07-13,5.57,-1.12,8.01,42.16,54.06,58.47
TECHM,1504.5,2026-07-13,6.97,7.66,8.0,7.54,-4.41,-2.67
AUSOMENT,123.85,2026-07-13,6.08,8.18,7.98,16.46,-12.85,16.65
LALPATHLAB,1725.1,2026-07-13,2.32,4.74,7.98,25.33,22.0,18.97
AMBIKCO,1735.2,2026-07-13,0.82,1.91,7.97,25.02,43.01,10.55
AHLUCONT,861.6,2026-07-13,0.95,-1.08,7.96,9.8,-4.09,-12.36
SHEMAROO,128.0,2026-07-13,3.3,-2.29,7.95,27.49,24.84,-5.9
GVPTECH,6.8,2026-07-13,-5.16,-4.23,7.94,-4.36,-17.17,-37.38
NILKAMAL,1350.1,2026-07-13,5.61,8.41,7.94,7.52,-0.4,-21.74
MAHSCOOTER,13250.0,2026-07-13,1.69,7.51,7.94,1.35,-3.53,-6.09
RUSTOMJEE,419.3,2026-07-13,-2.28,-1.2,7.93,4.51,-15.34,-36.55
PERSISTENT,5192.4,2026-07-13,10.11,20.8,7.93,-3.44,-18.03,-6.34
ARSSBL,580.85,2026-07-13,1.21,8.83,7.93,2.23,-7.57,
MUNJALAU,105.69,2026-07-13,-4.26,14.11,7.91,35.29,42.44,36.03
KRISHNADEF,1304.8,2026-07-13,-1.19,4.73,7.9,39.89,42.58,47.92
VIJAYA,1388.8,2026-07-13,3.07,5.91,7.89,40.23,39.01,36.37
KAYNES,3319.5,2026-07-13,-1.18,5.36,7.88,-14.41,-10.15,-44.66
SAPPL,301.95,2026-07-13,12.71,17.15,7.88,,,
HNDFDS,571.3,2026-07-13,5.49,3.69,7.85,13.6,13.95,1.93
IZMO,1060.3,2026-07-13,6.76,9.19,7.84,50.22,47.73,152.54
CLEDUCATE,58.0,2026-07-13,5.24,16.05,7.83,14.26,-25.47,-39.13
ENDURANCE,2698.2,2026-07-13,1.89,1.31,7.82,12.81,4.27,3.27
MAYURUNIQ,855.15,2026-07-13,-3.15,4.78,7.81,50.55,75.69,51.16
GUFICBIO,400.25,2026-07-13,6.69,3.61,7.81,30.31,25.12,14.7
CPPLUS,3639.4,2026-07-13,0.78,-2.01,7.81,86.23,156.35,
TMCV,420.75,2026-07-13,-2.13,-0.56,7.8,-1.0,0.32,
CAPITALSFB,298.55,2026-07-13,2.33,6.21,7.79,18.08,15.23,9.89
POLYMED,1651.6,2026-07-13,-2.14,-0.06,7.78,13.66,-3.61,-25.44
DISAQ,12264.0,2026-07-13,1.0,2.68,7.78,,,
LOTUSDEV,144.46,2026-07-13,-1.61,-5.16,7.77,3.67,-4.85,
VIKRAN,75.09,2026-07-13,-1.75,0.87,7.75,14.76,-21.26,
NAVKARCORP,109.95,2026-07-13,0.86,2.94,7.75,16.52,-0.44,3.59
TRAVELFOOD,1337.8,2026-07-13,0.62,1.82,7.74,2.8,16.17,
CLSL,47.4,2026-07-10,3.04,10.23,7.73,5.33,-8.85,-10.57
EIHAHOTELS,326.25,2026-07-13,1.05,0.71,7.73,4.18,-3.53,-16.85
RAYMOND,625.5,2026-07-13,0.43,7.22,7.71,57.46,55.29,-10.35
PIRAMALFIN,2172.8,2026-07-13,0.0,1.3,7.71,24.31,18.26,
INGERRAND,4444.4,2026-07-13,0.24,-0.08,7.7,13.14,39.51,8.83
NHPC,79.46,2026-07-13,-0.49,-2.59,7.68,2.32,-0.64,-7.57
HCG,678.85,2026-07-13,4.02,14.08,7.67,23.28,1.65,21.42
RESPONIND,188.1,2026-07-13,-12.03,-3.41,7.65,27.62,0.17,-22.63
ROXHITECH,37.35,2026-07-10,-8.9,0.0,7.64,5.21,-1.32,-16.72
HDFCBANK,817.95,2026-07-13,-1.43,2.38,7.64,4.63,-11.29,-15.96
MODTHREAD,47.5,2026-07-13,0.53,1.91,7.64,-3.02,8.67,4.63
UDS,196.44,2026-07-13,3.38,6.08,7.61,31.15,15.88,-31.19
HAL,4511.3,2026-07-13,1.59,3.88,7.61,10.03,2.16,-6.21
NH,2037.8,2026-07-13,1.94,7.09,7.6,15.24,7.95,1.77
PRAJIND,357.35,2026-07-13,-2.36,3.16,7.6,4.14,16.08,-26.98
EIDPARRY,784.7,2026-07-13,2.29,9.9,7.56,-8.38,-16.74,-31.91
DHANBANK,34.85,2026-07-13,3.05,10.32,7.53,31.71,40.13,18.46
PNGSREVA,406.85,2026-07-13,-3.6,3.89,7.53,11.7,,
MEDANTA,1328.1,2026-07-13,-1.7,1.79,7.53,25.12,13.68,1.94
NAZARA,307.3,2026-07-13,2.9,1.17,7.5,23.31,16.34,-7.86
DMCC,263.15,2026-07-13,5.01,0.67,7.5,-2.06,13.89,4.25
COROMANDEL,2060.1,2026-07-13,0.23,7.64,7.48,-1.6,-12.04,-10.7
NDRAUTO,846.8,2026-07-13,-3.82,4.0,7.46,16.3,13.45,-20.93
BHARTIHEXA,1587.4,2026-07-13,8.21,10.23,7.45,4.83,-5.52,-10.88
MENONBE,179.6,2026-07-13,7.74,10.91,7.45,52.38,41.61,46.26
INDIANCARD,229.9,2026-07-13,5.1,2.12,7.41,14.38,-1.83,-26.5
FABTECH,158.27,2026-07-13,-2.52,1.05,7.41,4.04,-16.29,
ASHOKA,132.16,2026-07-13,0.92,-0.02,7.39,8.04,-12.32,-35.57
MAMATA,387.7,2026-07-13,-2.13,-6.57,7.38,-0.59,-3.99,-20.87
SML100CASE,11.08,2026-07-13,1.09,4.82,7.36,16.79,13.49,
ELLEN,296.05,2026-07-13,13.82,13.13,7.32,24.25,5.34,-51.01
CARRARO,564.4,2026-07-13,3.82,2.54,7.32,15.57,7.03,26.57
IIFL,556.9,2026-07-13,5.52,13.82,7.32,24.18,-12.0,7.94
HLEGLAS,409.25,2026-07-13,5.64,9.05,7.3,35.92,-8.81,-1.41
GPTINFRA,122.48,2026-07-13,-3.2,-7.74,7.29,10.84,18.37,1.13
LTM,4124.3,2026-07-13,10.65,11.89,7.27,-6.43,-31.49,-19.4
GOODYEAR,786.3,2026-07-13,-1.54,4.02,7.27,-38.27,-38.27,-38.27
PREMIERENE,1109.5,2026-07-13,8.47,7.79,7.24,14.0,48.28,0.56
METROBRAND,1072.6,2026-07-13,3.15,4.56,7.21,5.08,-1.13,-8.04
SGIL,590.45,2026-07-13,1.31,5.36,7.18,18.02,16.32,11.77
ARVSMART,615.1,2026-07-13,1.08,3.18,7.18,4.78,7.37,-6.07
RPPINFRA,66.37,2026-07-13,3.56,4.98,7.17,-10.1,-26.88,-52.8
SANOFI,3343.7,2026-07-13,-2.96,-0.68,7.14,-2.27,-16.89,-41.74
ARIHANTCAP,73.95,2026-07-13,-0.59,7.45,7.13,5.67,-16.63,-16.35
BAJAJHLDNG,10752.0,2026-07-13,-0.62,2.77,7.13,10.42,1.46,-20.45
GALLANTT,700.95,2026-07-13,4.85,2.24,7.12,3.26,25.63,20.45
DIAMINESQ,270.61,2026-07-13,2.67,12.81,7.1,2.46,4.81,-32.94
SREEL,211.76,2026-07-13,-0.13,-0.64,7.09,15.84,-1.65,-15.16
JFLLIFE,10.6,2026-07-10,1.44,17.78,7.07,14.59,-10.55,-33.75
ADSL,125.74,2026-07-13,2.44,1.04,7.07,11.38,-3.99,-28.14
FSL,265.06,2026-07-13,6.31,12.62,7.07,22.68,-15.9,-23.49
BI,64.01,2026-07-13,1.47,13.94,7.06,,,
CPEDU,194.09,2026-07-13,-5.63,-7.88,7.03,3.6,-20.08,
TNIDETF,85.18,2026-07-13,4.32,6.46,7.02,5.87,-12.33,-8.05
CONFIPET,75.35,2026-07-13,3.26,5.43,7.0,37.98,121.75,35.93
CELLECOR,38.25,2026-07-10,-0.26,7.14,6.99,22.6,41.4,8.66
VADILALIND,6428.5,2026-07-13,0.16,1.02,6.98,44.24,39.89,23.21
ATULAUTO,487.3,2026-07-13,-3.17,2.62,6.93,0.46,12.38,8.13
MONARCH,363.5,2026-07-13,2.76,7.39,6.93,23.25,21.51,0.14
VSSL,295.2,2026-07-13,8.59,5.86,6.9,17.08,9.74,13.57
SUDARCOLOR,381.25,2026-07-13,4.2,7.29,6.9,14.37,-13.94,-35.01
GRINDWELL,2034.3,2026-07-13,-1.42,-4.34,6.9,33.71,30.16,21.45
DCBBANK,192.24,2026-07-13,2.73,2.33,6.88,4.81,5.1,35.87
ODIGMA,23.0,2026-07-13,-8.44,-5.89,6.88,-17.39,-17.8,-38.49
PROPEQUITY,235.0,2026-07-10,-2.45,6.84,6.87,20.51,42.42,17.5
SMCGLOBAL,76.54,2026-07-13,7.55,7.91,6.84,24.93,-7.73,1.66
MASKINVEST,155.0,2026-07-13,0.0,5.77,6.82,10.09,13.13,-11.68
FINIETF,33.02,2026-07-13,0.58,2.8,6.79,7.24,2.64,8.37
GARFIBRES,739.4,2026-07-13,1.17,-1.35,6.78,20.76,14.73,-17.88
KSHINTL,875.5,2026-07-13,2.05,1.98,6.77,67.45,163.78,
TVSHLTD,14210.0,2026-07-13,-0.94,5.62,6.76,0.66,0.52,27.16
BLACKBUCK,583.35,2026-07-13,3.95,6.49,6.76,2.22,-11.31,33.63
SWIGGY,266.77,2026-07-13,7.41,11.74,6.75,0.97,-23.86,-30.73
BOSCHLTD,41695.0,2026-07-13,-1.02,4.54,6.75,13.87,10.0,15.7
DBREALTY,119.42,2026-07-13,4.13,7.13,6.74,17.91,9.02,-50.51
SAGCEM,178.73,2026-07-13,1.2,1.88,6.73,-2.38,-11.41,-26.32
KARURVYSYA,308.4,2026-07-13,1.4,3.2,6.73,9.95,16.47,38.88
MEDIORG,22.25,2026-07-10,-6.51,-10.64,6.71,-19.68,-2.41,-45.73
MARKSANS,269.3,2026-07-13,3.7,2.24,6.71,52.89,55.17,6.17
LXCHEM,164.2,2026-07-13,4.06,6.51,6.71,26.59,8.46,-14.58
KANCHI,364.05,2026-07-13,0.15,-0.52,6.7,,,
SHAKTIPUMP,573.15,2026-07-13,-4.4,-2.81,6.7,14.66,-20.5,-37.59
VMART,767.9,2026-07-13,-3.93,1.65,6.69,25.31,24.31,0.35
FLUOROCHEM,3899.3,2026-07-13,-0.94,0.7,6.68,16.64,12.88,15.34
MARCO,33.6,2026-07-10,7.52,9.98,6.67,-12.27,-6.15,-21.86
QUADPRO,2.4,2026-07-10,0.0,2.13,6.67,29.73,-2.04,-37.66
DCAL,196.93,2026-07-13,0.53,16.82,6.66,23.68,-25.22,-22.73
MONQ50,146.41,2026-07-13,0.57,1.42,6.65,26.09,45.81,92.16
ARABIAN,72.5,2026-07-10,-0.62,6.62,6.62,-0.68,3.13,-11.48
MAJESAUT,357.75,2026-07-13,5.17,7.53,6.6,,,
AAVAS,1498.4,2026-07-13,-1.03,0.98,6.59,16.73,3.55,-25.42
ABSLAMC,1173.7,2026-07-13,1.12,0.25,6.58,16.18,42.95,42.83
SUNPHARMA,1921.4,2026-07-13,0.71,2.75,6.57,16.6,12.16,15.97
JAYKAY,183.53,2026-07-13,6.4,5.77,6.55,19.24,4.08,
APTUS,289.5,2026-07-13,1.4,8.37,6.55,29.25,6.57,-15.43
SONUINFRA,45.55,2026-07-10,6.55,-17.18,6.55,-11.64,-44.42,-66.2
SMALL250,18.21,2026-07-13,0.55,3.17,6.55,15.84,12.41,
RAMCOCEM,938.2,2026-07-13,-0.03,0.91,6.54,-5.73,-13.52,-17.6
MIDCAPADD,23.67,2026-07-13,2.96,4.09,6.53,11.49,7.79,
KPL,2654.9,2026-07-13,0.09,-1.86,6.51,,,
DCXINDIA,196.21,2026-07-13,-5.75,1.02,6.49,12.04,9.3,-29.59
MALLCOM,1088.2,2026-07-13,6.16,7.56,6.47,-0.17,-2.4,-10.68
AARTIDRUGS,395.7,2026-07-13,4.21,5.96,6.46,12.13,1.06,-16.0
AFFLE,1539.3,2026-07-13,6.34,9.99,6.43,8.4,-11.21,-22.55
GROWWSC250,10.45,2026-07-13,0.58,2.85,6.42,15.6,11.91,
TRIDENT,25.74,2026-07-13,-1.94,-0.54,6.41,4.39,3.52,-17.12
HDFCSML250,183.23,2026-07-13,0.59,3.41,6.41,16.27,12.41,3.39
PULZ,24.9,2026-07-10,4.84,0.4,6.41,-9.12,-18.36,-45.09
METROPOLIS,564.7,2026-07-13,-1.54,7.81,6.41,22.38,18.69,20.3
GEECEE,342.7,2026-07-13,-2.56,3.15,6.41,16.04,9.59,-7.82
AUTOAXLES,1797.1,2026-07-13,-0.5,1.67,6.4,6.31,-5.79,1.11
MAL,32.4,2026-07-10,-7.95,-1.82,6.4,-20.98,-30.02,-58.17
BOROSCI,162.75,2026-07-13,-0.44,-6.08,6.39,43.24,41.26,2.7
YCCL,10.85,2026-07-10,17.3,13.61,6.37,7.43,-17.49,-13.2
ASIANHOTNR,316.55,2026-07-13,-11.73,9.4,6.33,5.69,0.8,-13.23
FINEORG,5024.0,2026-07-13,-2.21,-5.81,6.33,10.15,19.34,-2.37
GHCL,445.7,2026-07-13,3.78,3.65,6.33,-6.45,-16.63,-23.12
EPACK,241.8,2026-07-13,2.8,4.36,6.32,1.69,-11.15,-34.17
SMALLADD,18.25,2026-07-13,-0.16,2.93,6.29,16.09,12.45,
MIDWESTLTD,1324.8,2026-07-13,-2.81,6.38,6.27,1.74,-14.54,
SMARTWORKS,474.3,2026-07-13,0.26,-3.66,6.26,16.29,-0.21,
NXST,164.52,2026-07-10,0.17,0.86,6.25,5.81,6.57,20.5
MOSMALL250,18.25,2026-07-13,1.0,3.58,6.23,16.24,12.03,3.52
CANHLIFE,147.3,2026-07-13,4.07,5.9,6.22,1.64,4.0,
DALBHARAT,1757.1,2026-07-13,-0.88,3.33,6.21,-9.52,-16.3,-18.88
BEML,1885.9,2026-07-13,1.65,10.34,6.21,16.35,6.84,-14.58
BEARDSELL,29.48,2026-07-13,0.41,-1.44,6.16,18.73,0.0,-0.36
SHAHALLOYS,71.93,2026-07-13,-3.41,3.51,6.15,5.01,4.25,14.63
COASTCORP,51.85,2026-07-13,2.05,5.09,6.14,4.1,19.03,36.95
NOCIL,171.44,2026-07-13,-5.34,-6.09,6.12,0.7,22.6,-8.41
INNOVACAP,1000.1,2026-07-13,4.84,0.59,6.12,44.04,45.78,14.58
MIDSELIETF,19.44,2026-07-13,1.3,3.29,6.11,13.22,7.28,10.33
VILAS,384.5,2026-07-10,-0.53,0.4,6.08,-8.41,1.26,-36.67
HINDCOMPOS,437.3,2026-07-13,-0.05,5.09,6.04,6.7,4.99,-8.75
LIKHITHA,245.55,2026-07-13,-2.81,-9.22,6.04,7.74,43.64,-13.75
EKC,115.53,2026-07-13,-2.09,-1.43,6.01,2.34,5.55,-14.56
NAVNETEDUL,150.53,2026-07-13,0.93,6.66,6.01,13.56,5.43,8.04
CRAMC,265.16,2026-07-13,5.36,7.39,6.0,2.84,-5.62,
DIAMONDYD,1197.1,2026-07-13,-0.03,7.28,5.99,25.63,3.96,11.86
ECAPINSURE,24.64,2026-07-13,1.27,1.65,5.98,5.16,3.01,4.99
PPLPHARMA,173.63,2026-07-13,-2.39,4.14,5.97,18.54,3.13,-13.55
TOTAL,54.0,2026-07-13,-1.14,7.21,5.97,1.16,-24.37,-32.97
MOHEALTH,50.74,2026-07-13,0.08,2.24,5.95,17.54,15.55,13.16
MUFIN,129.74,2026-07-13,-2.69,1.86,5.94,18.37,9.44,40.7
TRANSRAILL,506.4,2026-07-13,-2.65,-2.26,5.92,-6.95,4.36,-32.03
DKEGL,67.95,2026-07-10,7.77,-4.09,5.92,-11.52,-12.04,5.37
CORALFINAC,33.33,2026-07-13,-4.74,5.01,5.91,1.74,-8.76,-27.68
SOLARINDS,18156.0,2026-07-13,-2.07,2.01,5.91,25.0,43.01,17.74
SIL,16.31,2026-07-13,4.22,3.56,5.91,10.28,10.47,-12.26
ROTO,68.32,2026-07-13,-5.53,-4.3,5.89,20.69,12.18,-35.09
ACE,985.7,2026-07-13,-2.06,0.06,5.87,11.0,11.2,-17.42
GLENMARK,2301.3,2026-07-13,1.34,5.25,5.87,4.93,14.6,5.77
FISCHER,38.27,2026-07-13,0.92,-0.05,5.86,-4.63,-4.49,-54.71
JGCHEM,454.35,2026-07-13,8.24,7.22,5.86,28.66,36.4,-9.04
SMALLCAP,47.56,2026-07-13,0.27,2.92,5.85,14.33,10.86,-0.13
GPTHEALTH,156.8,2026-07-13,-0.85,6.9,5.82,13.93,16.08,-9.34
ARTEMISMED,277.4,2026-07-13,0.71,5.81,5.81,21.76,8.48,10.42
NURECA,245.57,2026-07-13,7.22,4.59,5.8,-3.45,-13.55,-14.33
SICALLOG,88.32,2026-07-13,-1.3,-3.07,5.79,36.95,-1.38,-25.76
BIRET,337.68,2026-07-10,-0.5,4.23,5.79,2.62,2.84,16.32
FMGOETZE,471.25,2026-07-13,2.42,4.83,5.78,6.03,5.46,-14.92
PAR,91.68,2026-07-13,1.32,4.45,5.77,0.61,-1.77,-2.77
PARKHOSPS,290.45,2026-07-13,0.92,0.26,5.77,39.18,92.84,
DIGIDRIVE,18.98,2026-07-13,0.42,4.34,5.74,-9.45,-27.64,-37.75
NEOGEN,2150.0,2026-07-13,6.98,14.22,5.72,54.85,65.09,35.49
KSOLVES,301.15,2026-07-13,3.81,6.0,5.72,-1.85,9.19,-9.62
MAFANG,196.58,2026-07-13,2.5,6.21,5.71,21.14,16.88,28.76
LAXMICOT,15.17,2026-07-13,-0.39,3.13,5.71,-1.43,-4.29,-46.87
HONAUT,38215.0,2026-07-13,-0.78,-2.06,5.68,30.43,14.86,-5.22
MAXIND,167.44,2026-07-13,6.37,3.1,5.68,10.4,-1.82,-10.0
MINDSPACE,488.47,2026-07-10,0.21,4.34,5.65,2.86,3.47,23.46
ZODIACLOTH,78.72,2026-07-13,2.21,-4.87,5.65,10.66,-5.23,-28.02
DICIND,524.15,2026-07-13,0.05,4.45,5.64,-0.52,13.74,-14.42
TRF,240.63,2026-07-13,2.9,1.52,5.64,-6.12,-15.92,-36.21
ULTRAMAR,395.45,2026-07-13,2.73,1.29,5.61,,,
ROSSELLIND,56.84,2026-07-13,-1.32,-0.18,5.57,13.07,17.49,-22.39
WAAREERTL,1007.2,2026-07-13,0.32,-0.6,5.56,3.66,0.08,2.28
INDIGOPNTS,1050.5,2026-07-13,-2.62,2.93,5.56,30.08,-14.11,-12.2
CENTENKA,529.65,2026-07-13,0.81,3.18,5.53,26.76,22.96,6.1
GRINFRA,905.1,2026-07-13,0.11,-2.05,5.52,7.0,-3.45,-27.93
PRUDENT,3069.7,2026-07-13,1.63,3.88,5.52,22.56,26.41,16.36
PHARMABEES,26.39,2026-07-13,-0.53,1.89,5.52,16.67,14.24,16.0
PDMJEPAPER,85.61,2026-07-13,-1.06,3.79,5.51,1.39,-4.94,-30.55
AMJLAND,38.18,2026-07-13,0.77,2.52,5.5,-9.57,-22.03,-38.41
JMFINANCIL,127.26,2026-07-13,-3.71,2.96,5.5,-2.55,-4.52,-22.08
ASHIKA,399.35,2026-07-13,-1.08,6.78,5.49,,,
SINDHUTRAD,25.79,2026-07-13,-4.66,4.54,5.48,10.21,36.46,-17.47
ARVINDFASN,474.85,2026-07-13,1.43,2.11,5.48,-0.89,1.02,3.86
STEELXIND,12.12,2026-07-13,-4.94,-3.81,5.48,39.63,38.51,12.64
CAPACITE,233.05,2026-07-13,-6.82,-9.14,5.47,-1.31,-3.6,-26.0
SAHYADRI,278.65,2026-07-13,-1.54,1.77,5.47,17.08,11.17,-6.8
ORCHASP,1.94,2026-07-13,3.74,-2.02,5.43,-3.0,-24.22,-36.6
SPORTKING,192.53,2026-07-13,4.49,10.17,5.43,40.86,126.51,68.44
KITEX,152.88,2026-07-13,-3.53,-1.94,5.42,-7.65,-1.51,-46.31
CENTRALBK,32.72,2026-07-13,0.31,-2.68,5.41,-5.39,-11.33,-12.2
SANDESH,994.5,2026-07-13,0.92,-1.66,5.41,5.8,-5.69,-14.21
HEIDELBERG,157.08,2026-07-13,-2.75,2.53,5.4,3.77,-6.61,-23.39
ICICIGI,1787.3,2026-07-13,0.11,1.09,5.4,0.67,-4.85,-10.55
KRSNAA,563.15,2026-07-13,2.23,4.86,5.4,-5.31,-22.31,-30.48
RBA,72.57,2026-07-13,-2.7,-9.05,5.4,15.98,7.26,-11.78
GENCON,41.35,2026-07-13,-2.43,-5.98,5.4,-4.35,-7.14,3.09
GOYALSALT,118.0,2026-07-10,-5.6,-0.55,5.36,1.68,-22.88,-24.07
SBCL,732.75,2026-07-13,-0.91,-1.9,5.36,50.79,69.68,38.13
EPL,236.83,2026-07-13,-2.0,4.99,5.35,0.03,14.97,2.65
COHANCE,449.75,2026-07-13,-0.71,-0.09,5.34,25.42,0.4,-55.82
IDFCFIRSTB,80.58,2026-07-13,-0.69,3.04,5.33,24.24,-2.87,7.11
HARSHA,422.45,2026-07-13,-2.23,3.45,5.33,14.53,10.07,3.58
HERITGFOOD,337.05,2026-07-13,1.02,2.04,5.33,0.34,-24.09,-28.89
UNIPARTS,694.8,2026-07-13,6.98,4.67,5.32,39.94,59.94,89.12
FEDERALBNK,332.5,2026-07-13,0.67,2.61,5.32,15.37,33.37,61.3
MANKIND,2507.5,2026-07-13,-1.34,0.86,5.31,20.7,13.26,-2.71
PRAVEG,238.15,2026-07-13,-7.09,-3.68,5.28,,,
MUNJALSHOW,134.48,2026-07-13,0.13,5.99,5.28,11.55,11.95,-8.08
MADHUCON,5.8,2026-07-13,-2.19,-4.29,5.26,19.83,-1.53,-17.73
TRENT,2900.1,2026-07-13,-13.27,-10.99,5.26,12.42,11.08,-45.85
URBANCO,133.07,2026-07-13,-0.56,1.02,5.24,-1.54,-1.8,
HATHWAY,11.24,2026-07-13,0.81,0.9,5.24,-0.27,-6.1,-26.82
MUKKA,24.0,2026-07-13,1.44,1.91,5.22,7.1,8.11,-19.81
AMEYA,112.95,2026-07-10,-4.68,6.56,5.22,5.56,10.74,-0.04
BALAXI,24.04,2026-07-13,0.17,1.91,5.21,-0.62,-6.89,-50.93
HITECHCORP,326.15,2026-07-13,2.48,3.97,5.2,130.14,102.08,62.18
HEALTHY,16.83,2026-07-13,-0.77,1.51,5.19,15.75,12.65,13.72
AUROPHARMA,1549.3,2026-07-13,-2.84,0.12,5.19,15.64,32.68,38.26
ALOKINDS,12.79,2026-07-13,-1.08,1.35,5.18,-7.18,-19.41,-38.48
FOSECOIND,5189.0,2026-07-13,1.27,-2.52,5.17,15.89,10.69,8.17
PRIVISCL,3621.8,2026-07-13,-0.73,0.66,5.15,23.4,33.96,50.07
SWARAJENG,3789.6,2026-07-13,-0.75,-1.69,5.15,-0.33,8.12,-4.99
SIYSIL,649.6,2026-07-13,3.25,2.17,5.12,24.8,7.78,-7.59
ICICIBANK,1409.5,2026-07-13,-1.22,1.58,5.12,4.32,-1.91,-0.11
INDIASHLTR,823.15,2026-07-13,4.69,7.34,5.12,7.41,6.43,-13.27
DCW,49.11,2026-07-13,-3.12,4.11,5.09,5.64,-8.52,-35.5
SAYAJIHOTL,310.0,2026-07-13,1.47,-1.71,5.08,123.5,,
EMMIL,131.35,2026-07-10,-5.06,5.08,5.08,-14.29,-26.82,-30.5
ALKEM,5567.0,2026-07-13,-0.56,2.78,5.08,3.77,-4.29,16.94
HEALTHCARE,21.16,2026-07-13,-0.8,1.58,5.06,16.58,,
SGMART,622.7,2026-07-13,3.48,5.87,5.05,14.54,81.94,
PFIZER,4736.3,2026-07-13,3.46,7.52,5.04,-2.38,-2.49,-14.15
GROWWDEFNC,94.41,2026-07-13,-2.31,0.28,5.03,13.13,20.99,10.71
MAHESHWARI,73.0,2026-07-13,0.0,0.93,5.02,58.66,66.51,16.95
GFSTEELS,14.29,2026-07-13,5.0,5.0,5.0,15.61,27.02,54.15
VOLTAS,1349.5,2026-07-13,5.06,4.14,4.99,-0.58,-7.32,-1.15
SUMMITSEC,1572.0,2026-07-13,1.62,4.56,4.99,-3.86,-13.17,-24.03
ROSSARI,528.5,2026-07-13,-0.38,1.15,4.97,19.03,-2.87,-24.66
SBICARD,618.7,2026-07-13,2.52,2.79,4.96,-7.8,-27.63,-32.03
SARVESHWAR,3.6,2026-07-13,-3.23,-4.0,4.96,-6.98,-16.08,-58.24
BASF,3523.1,2026-07-13,-3.23,-3.12,4.96,-1.62,-2.6,-29.9
VISHNUINFR,161.2,2026-07-10,-3.24,-0.49,4.95,-4.47,-4.92,-7.33
MIDCAPBETA,235.23,2026-07-13,1.41,2.48,4.95,9.25,6.56,
M&M,3160.4,2026-07-13,-1.27,3.25,4.95,-0.83,-12.78,3.92
BROOKS,69.85,2026-07-13,-9.13,-0.11,4.94,-2.47,-2.27,-53.94
PRLIND,49.0,2026-07-10,-2.0,-0.71,4.93,-24.62,-32.74,-46.71
NIVABUPA,88.09,2026-07-13,2.84,4.1,4.92,18.54,12.88,-0.68
EUREKAFORB,459.8,2026-07-13,-1.44,3.65,4.92,-8.0,-19.31,-19.79
UNIVAFOODS,8.99,2026-07-13,4.9,4.9,4.9,4.53,-26.43,-23.42
AEPL,16.78,2026-07-13,-2.27,4.48,4.88,-12.65,,
EXPLEOSOL,823.05,2026-07-13,0.14,2.07,4.87,10.17,-12.0,-34.3
USHAMART,510.15,2026-07-13,-0.86,5.33,4.86,17.22,18.2,38.81
UNIENTER,108.03,2026-07-13,0.46,0.06,4.81,4.94,-24.09,-29.84
SCHAND,152.11,2026-07-13,0.8,4.54,4.78,-0.81,-3.8,-31.81
SAKAR,863.5,2026-07-13,3.42,3.73,4.78,39.59,130.17,156.12
PARAGON,48.2,2026-07-10,-3.6,0.42,4.78,17.85,25.68,-23.55
EMBASSY,450.03,2026-07-10,0.38,4.11,4.77,2.17,6.18,22.22
SETUINFRA,0.44,2026-07-13,0.0,0.0,4.76,-10.2,4.76,-47.62
KMSUGAR,27.96,2026-07-13,-1.1,8.04,4.76,1.27,2.72,-2.27
SOTL,597.45,2026-07-13,3.2,18.59,4.75,73.07,65.59,41.22
INTELLECT,778.3,2026-07-13,1.16,7.04,4.74,19.36,-16.4,-32.04
NUCLEUS,773.4,2026-07-13,3.31,3.75,4.74,-0.83,-13.63,-32.15
XCHANGING,66.04,2026-07-13,3.74,7.28,4.74,6.28,-13.53,-31.09
AMBER,7771.0,2026-07-13,2.06,4.83,4.73,8.25,26.45,4.08
VIRINCHI,15.97,2026-07-13,-1.11,-2.8,4.72,-12.92,-27.18,-44.49
HEALTHIETF,167.01,2026-07-13,-1.34,0.94,4.72,14.95,11.69,12.85
BAJAJHFL,88.57,2026-07-13,-1.7,2.05,4.71,4.16,-6.01,-26.67
RITCO,263.6,2026-07-13,-2.42,1.54,4.71,33.75,4.05,-15.01
RAJRATAN,480.8,2026-07-13,2.9,10.78,4.7,18.8,-8.61,15.79
WAAREEINDO,398.9,2026-07-13,2.98,1.36,4.7,-10.36,-15.64,63.59
MODEFENCE,103.48,2026-07-13,-2.19,0.38,4.69,13.19,20.54,10.65
CRAFTSMAN,9333.0,2026-07-13,2.59,-0.59,4.66,26.15,21.42,57.33
AYMSYNTEX,234.46,2026-07-13,-4.45,8.07,4.66,22.96,46.47,1.51
SPLPETRO,734.75,2026-07-13,0.89,0.51,4.65,0.97,30.44,-9.26
SHYAMMETL,1029.35,2026-07-13,7.39,8.12,4.64,23.94,26.62,21.53
PRAXIS,7.46,2026-07-13,-4.11,-10.12,4.63,0.67,-19.26,-41.58
GROWW,208.18,2026-07-13,4.0,2.59,4.63,6.92,27.96,
MRF,131285.0,2026-07-13,-3.21,5.83,4.6,-2.26,-11.12,-11.3
KCP,174.04,2026-07-13,3.3,2.48,4.6,6.95,1.2,-12.54
HARRMALAYA,221.24,2026-07-13,9.12,10.87,4.59,16.39,37.68,6.02
NAVINFLUOR,7637.0,2026-07-13,-1.19,2.01,4.57,22.57,27.69,50.88
ASAHIINDIA,924.0,2026-07-13,5.96,10.16,4.57,11.59,-3.66,8.75
CRISIL,4071.5,2026-07-13,2.61,-0.12,4.56,0.63,-14.65,-30.85
INOXINDIA,1890.7,2026-07-13,0.96,1.17,4.56,34.1,69.3,53.59
EFCIL,195.34,2026-07-13,-0.9,5.74,4.54,1.21,-31.74,
AKASH,27.2,2026-07-13,2.18,1.15,4.53,2.41,-6.4,-3.37
DIVISLAB,6938.5,2026-07-13,1.18,5.81,4.53,14.31,7.8,1.98
PONNIERODE,329.55,2026-07-13,3.4,5.78,4.52,20.4,28.43,0.08
MON100,332.37,2026-07-13,1.36,2.51,4.51,30.32,41.56,73.79
ARISTO,95.1,2026-07-10,0.11,-0.63,4.51,10.97,-14.36,-27.16
URAVIDEF,118.86,2026-07-13,-4.57,2.46,4.5,-22.95,-40.11,-75.89
VESUVIUS,472.65,2026-07-13,0.33,1.63,4.5,3.18,6.61,-8.29
ALKYLAMINE,1903.5,2026-07-13,5.82,13.49,4.5,38.51,18.83,-14.32
DEFENCE,78.54,2026-07-13,-2.68,0.9,4.48,14.32,,
ASAL,523.75,2026-07-13,2.67,3.01,4.48,13.46,16.61,-9.0
PATELRMART,227.18,2026-07-13,-5.05,7.32,4.48,23.88,25.83,
ASHIANA,376.0,2026-07-13,-1.13,-2.74,4.46,17.35,29.38,14.42
SNXT50BETA,94.12,2026-07-13,0.11,2.09,4.45,7.19,0.32,
ALPL30IETF,27.7,2026-07-13,-0.14,1.43,4.45,5.73,-0.61,0.51
ASHOKLEY,159.22,2026-07-13,-4.15,1.18,4.44,-5.88,-12.8,32.41
TMB,801.1,2026-07-13,5.53,8.7,4.44,23.9,43.72,87.7
JKPAPER,369.05,2026-07-13,5.19,7.39,4.44,0.78,5.14,-4.33
KEYFINSERV,259.37,2026-07-13,-7.44,7.36,4.44,-2.64,-10.75,-1.64
ENERGYDEV,17.2,2026-07-13,-3.37,6.57,4.43,5.65,-5.91,-20.11
AUBANK,1060.5,2026-07-13,-0.08,2.92,4.43,8.32,9.11,29.17
SAILIFE,1272.1,2026-07-13,3.2,1.94,4.43,28.4,40.59,62.64
IDEAFORGE,907.5,2026-07-13,6.26,11.91,4.42,106.81,93.97,60.1
SOMANYCERA,536.85,2026-07-13,0.85,3.71,4.42,28.1,30.17,-3.35
CENTUM,3741.1,2026-07-13,2.82,1.65,4.42,33.75,60.52,62.11
ZFSTEERING,670.7,2026-07-13,-3.34,-5.02,4.42,,,
PSB,25.08,2026-07-13,1.09,3.0,4.41,3.38,-8.13,-20.22
MID150,23.56,2026-07-13,1.03,2.48,4.39,10.3,6.27,7.88
TVSSRICHAK,4159.7,2026-07-13,-1.67,1.44,4.37,4.72,1.31,33.17
TVSSCS,138.03,2026-07-13,-0.07,4.72,4.36,26.2,26.55,3.16
BHARTIARTL,1901.8,2026-07-13,-1.24,3.3,4.35,1.65,-6.17,-0.22
ITBETA,304.85,2026-07-13,6.6,7.21,4.34,-4.79,-23.1,-21.47
STARPAPER,141.43,2026-07-13,1.25,3.5,4.34,-0.11,-12.5,-19.13
JTLIND,78.24,2026-07-13,-5.84,0.09,4.33,21.66,17.71,-7.68
JINDRILL,625.55,2026-07-13,14.73,14.1,4.33,14.27,20.09,2.15
SUTLEJTEX,37.8,2026-07-13,0.4,-1.12,4.33,11.05,30.62,-17.27
CONSUMIETF,120.78,2026-07-13,-1.56,1.68,4.32,5.73,-2.78,0.67
ZAGGLE,217.8,2026-07-13,3.97,9.67,4.31,-12.9,-28.84,-47.32
INDIGRID,179.49,2026-07-10,0.72,1.53,4.31,7.41,12.2,27.78
GOLDIAM,374.55,2026-07-13,7.44,10.33,4.3,47.6,45.65,48.37
AAREYDRUGS,81.18,2026-07-13,-6.22,-11.76,4.28,13.6,25.16,14.34
HDFCBSE500,37.78,2026-07-13,0.16,2.08,4.28,6.12,0.37,-0.37
ASPINWALL,251.1,2026-07-13,1.9,-0.19,4.28,11.57,12.37,-12.46
ANIKINDS,44.82,2026-07-13,0.04,0.72,4.28,1.77,5.98,-57.31
ITADD,30.7,2026-07-13,6.34,7.01,4.28,-5.13,-23.17,-21.54
SMSPHARMA,399.8,2026-07-13,-4.9,5.02,4.26,-4.09,18.02,68.82
BILVYAPAR,4.16,2026-07-13,1.22,0.97,4.26,-33.44,-41.33,-65.39
CAMS,785.75,2026-07-13,0.13,0.15,4.26,11.98,11.64,-1.38
MIDCAPIETF,24.0,2026-07-13,0.88,2.3,4.26,9.79,6.05,7.62
ITETF,30.66,2026-07-13,6.16,7.17,4.25,-4.93,-23.37,-21.49
ABBOTINDIA,27395.0,2026-07-13,1.99,8.3,4.24,6.49,-2.47,-19.3
MCCHRLS-B,709.0,2026-07-13,-0.83,2.75,4.24,,,
SBIETFIT,321.32,2026-07-13,6.48,7.3,4.24,-4.94,-23.28,-21.6
CLEANMAX,1305.7,2026-07-13,3.45,0.4,4.23,46.82,,
NESTLEIND,1427.0,2026-07-13,-2.7,3.36,4.23,16.94,9.32,19.96
RUSHIL,15.8,2026-07-13,-1.99,-4.13,4.22,6.54,-25.96,-44.78
MID150CASE,11.62,2026-07-13,0.69,2.2,4.22,9.73,6.22,7.89
PILANIINVS,4459.4,2026-07-13,1.36,2.77,4.21,-1.54,-9.08,-15.97
IT,32.15,2026-07-13,6.25,6.99,4.21,-4.77,-23.1,-21.28
BSL,128.39,2026-07-13,-1.71,2.37,4.21,6.57,-8.18,-22.14
BANDHANBNK,213.15,2026-07-13,2.78,5.35,4.18,27.84,48.67,22.5
CINEVISTA,15.73,2026-07-13,-1.32,-14.09,4.17,8.18,-6.92,-14.04
BALUFORGE,467.5,2026-07-13,1.55,2.49,4.17,2.83,0.59,-29.76
KRYSTAL,600.6,2026-07-13,-0.43,0.06,4.16,12.35,-2.2,-8.17
SBINMID150,23.26,2026-07-13,1.39,2.33,4.16,9.67,,
GRAVISSHO,30.8,2026-07-13,-2.78,6.24,4.16,,,
IRMENERGY,266.0,2026-07-13,-1.1,1.22,4.15,31.6,-2.58,-12.35
CIEINDIA,469.4,2026-07-13,0.01,2.29,4.15,-1.54,17.08,10.33
ITIETF,32.14,2026-07-13,6.14,6.96,4.15,-5.0,-23.26,-21.61
DEVYANI,113.94,2026-07-13,-0.17,2.64,4.13,7.04,-15.55,-32.71
CONSUMBEES,129.65,2026-07-13,-1.74,1.57,4.12,5.38,-2.85,0.49
UMIYA-MRO,89.99,2026-07-13,-0.5,-0.76,4.12,9.68,8.29,13.22
GOLDENTOBC,26.08,2026-07-13,2.31,0.77,4.11,2.27,-12.13,-27.45
TECH,31.66,2026-07-13,5.92,6.96,4.11,-4.67,-22.86,-21.05
ITBEES,32.16,2026-07-13,6.21,7.13,4.11,-5.02,-23.3,-21.6
INDOCO,259.02,2026-07-13,9.92,10.66,4.11,22.41,19.79,-20.6
ADANIGREEN,1546.5,2026-07-13,-0.17,2.93,4.09,42.48,65.1,55.4
AROGRANITE,25.7,2026-07-13,2.11,-0.35,4.09,3.13,-10.3,-35.73
ULTRACEMCO,11571.0,2026-07-13,-0.77,2.07,4.08,0.6,-3.93,-6.81
HDFCMID150,23.47,2026-07-13,1.16,1.91,4.08,9.62,6.06,7.46
SRD,40.63,2026-07-13,1.22,1.25,4.07,-8.84,-34.59,-48.27
ABSL10BANK,174.4,2026-07-13,-0.29,1.25,4.06,4.45,,
GLOSTERLTD,677.4,2026-07-13,1.87,-3.81,4.06,20.0,9.9,-1.57
MON50EQUAL,33.56,2026-07-13,0.09,3.17,4.06,5.27,0.48,5.83
SIMBHALS,7.17,2026-07-13,4.67,7.17,4.06,-16.53,-26.46,-58.58
BAIDFIN,10.28,2026-07-13,-0.77,2.9,4.05,-4.19,0.69,-9.6
MULTICAP,16.7,2026-07-13,-0.12,1.83,4.05,7.74,2.71,2.2
RBLBANK,380.6,2026-07-13,3.26,4.62,4.03,20.4,24.5,44.6
IDFNIFTYET,266.61,2026-07-13,-0.91,0.81,4.03,1.67,-5.69,-3.34
MANORAMA,1627.3,2026-07-13,3.26,2.53,4.02,25.73,23.02,10.97
STCINDIA,123.0,2026-07-13,-1.34,-4.0,4.01,9.7,-2.26,-12.6
BALAJITELE,91.89,2026-07-13,0.54,6.1,4.01,-6.73,-13.23,0.37
CARERATING,1676.8,2026-07-13,0.13,0.28,3.99,10.01,4.47,-4.12
EQUAL200,13.8,2026-07-13,0.44,2.22,3.99,7.26,3.87,5.71
SPLIL,31.12,2026-07-13,1.57,3.18,3.98,8.06,0.71,-24.1
RPSGVENT,907.0,2026-07-13,4.37,5.22,3.97,-7.08,25.35,2.74
BATAINDIA,695.6,2026-07-13,0.94,-0.1,3.96,-5.16,-23.38,-43.44
TORNTPOWER,1441.9,2026-07-13,6.23,1.69,3.94,-1.81,8.57,3.82
SHRIRAMPPS,89.36,2026-07-13,-2.15,2.55,3.94,15.18,11.06,-7.05
BLUEDART,4945.6,2026-07-13,-0.54,1.47,3.93,-2.17,-8.51,-25.23
MID150BEES,239.34,2026-07-13,0.74,2.17,3.93,9.34,5.95,7.35
LGBBROSLTD,1584.3,2026-07-13,0.11,-0.99,3.93,-8.65,-17.83,24.35
KPIL,1341.7,2026-07-13,-2.8,-0.33,3.91,15.5,19.93,13.49
VSTTILLERS,4673.0,2026-07-13,3.28,4.97,3.91,-9.38,-16.69,4.79
CONS,11.96,2026-07-13,-1.89,1.36,3.91,4.73,-90.28,-89.94
MOSERVICE,31.43,2026-07-13,0.26,1.98,3.9,2.14,-6.15,
JISLJALEQS,32.23,2026-07-13,-4.98,-7.01,3.9,0.78,-16.33,-41.19
KIRANVYPAR,194.04,2026-07-13,-0.49,0.72,3.89,,,
VINYAS,1388.6,2026-07-10,-7.71,-0.64,3.88,43.1,21.11,7.75
KPRMILL,1107.2,2026-07-13,-6.07,-2.15,3.88,27.16,29.96,-7.3
GIPCL,166.81,2026-07-13,4.65,2.48,3.87,16.63,16.28,-19.98
MIDCAPETF,23.63,2026-07-13,0.6,1.99,3.87,9.35,5.96,7.51
RUBFILA,74.16,2026-07-13,0.54,5.63,3.87,10.57,4.66,-10.59
SAGILITY,42.03,2026-07-13,3.57,6.65,3.85,0.14,-17.21,-6.07
BMETRICS,36.5,2026-07-10,-0.82,1.39,3.84,-10.76,-7.83,-24.98
HDFCNIFIT,30.91,2026-07-13,6.0,7.14,3.83,-5.21,-23.3,-21.63
MIDCAP,18.44,2026-07-13,1.37,2.79,3.83,10.68,-88.44,-88.44
MOM100,68.0,2026-07-13,0.89,2.39,3.83,10.0,5.94,7.97
GROWWCAPM,11.68,2026-07-13,0.6,1.3,3.82,12.09,18.78,
GILT10BETA,26.94,2026-07-13,0.64,1.74,3.82,4.42,2.32,3.54
MOBANK10,17.44,2026-07-13,-0.51,1.81,3.81,5.0,,
SBIETFCON,120.13,2026-07-13,-1.22,1.31,3.81,4.61,-2.87,0.65
JPOLYINVST,1117.5,2026-07-13,1.66,1.55,3.8,1.2,18.53,32.51
ABSLMSCIN,29.59,2026-07-13,-0.47,1.58,3.79,3.61,,
MODIRUBBER,130.19,2026-07-13,-0.2,0.86,3.79,10.47,8.28,1.77
ANDHRSUGAR,85.95,2026-07-13,-2.65,10.32,3.79,2.49,20.68,5.9
CYBERTECH,141.39,2026-07-13,-1.57,-3.93,3.78,14.25,5.11,-5.81
GROWWMC150,231.35,2026-07-13,0.29,1.46,3.76,8.39,5.53,
FLEXIADD,9.94,2026-07-13,1.12,3.11,3.76,4.41,-6.14,
ONESOURCE,1673.0,2026-07-13,0.6,4.65,3.75,8.28,-5.94,-15.48
VINCOFE,165.41,2026-07-13,7.82,10.29,3.74,19.48,3.8,22.89
ARCHIES,14.41,2026-07-13,3.59,1.62,3.74,0.7,-16.17,-34.29
LICNMID100,63.19,2026-07-13,0.67,2.07,3.74,9.29,5.93,7.78
JAINREC,338.5,2026-07-13,-3.84,-1.57,3.74,-19.65,-18.21,
REPRO,369.7,2026-07-13,-0.38,-0.09,3.73,3.31,-17.52,-34.62
VHL,3517.5,2026-07-13,-1.93,-0.46,3.72,6.28,2.15,-13.15
IVZINNIFTY,2766.11,2026-07-13,-0.75,0.95,3.72,1.93,-5.54,-3.39
SRM,498.55,2026-07-13,-0.29,-1.68,3.71,-0.32,2.97,4.14
STEELCITY,77.23,2026-07-13,-2.5,0.89,3.71,-6.67,-12.64,-24.98
GSEC10ABSL,113.5,2026-07-10,0.83,1.01,3.71,2.36,2.67,3.37
GROWWHOSPI,54.14,2026-07-13,-0.73,1.31,3.7,16.61,,
LLOYDSME,1827.1,2026-07-13,4.08,1.19,3.7,21.64,47.95,22.79
MONIFTY500,23.91,2026-07-13,-0.29,1.31,3.69,5.56,-0.13,1.01
TI,450.95,2026-07-13,-0.98,1.25,3.69,6.95,5.07,33.59
SURYALA,438.1,2026-07-13,-2.43,-1.96,3.68,,,
LOWVOL1,21.15,2026-07-13,-0.14,2.72,3.68,3.93,-3.86,1.39
NGLFINE,3160.9,2026-07-13,-2.36,2.51,3.68,40.92,120.07,142.95
ARTNIRMAN,41.54,2026-07-13,1.1,4.16,3.67,-11.22,-11.62,-29.02
LAXMIINDIA,108.49,2026-07-13,-9.3,9.11,3.67,-1.34,0.52,
SUPERHOUSE,157.2,2026-07-13,0.96,-0.75,3.67,5.31,13.08,-9.35
MSCIADD,29.67,2026-07-13,1.3,1.44,3.67,3.67,,
BIL,719.55,2026-07-13,-5.91,-7.3,3.67,-1.45,8.66,-11.18
BELRISE,236.56,2026-07-13,6.41,-1.62,3.65,15.72,34.62,99.13
MARINE,252.95,2026-07-13,-8.33,-7.34,3.65,31.74,29.14,25.77
VINYLINDIA,253.5,2026-07-13,-2.61,-0.1,3.64,17.08,14.03,-17.21
LAOPALA,182.21,2026-07-13,0.41,3.07,3.63,5.34,-9.08,-29.13
CHEVIOT,1123.4,2026-07-13,-0.35,0.41,3.63,5.09,10.51,-4.86
VTL,650.65,2026-07-13,-1.69,2.8,3.63,18.68,56.58,32.28
VIDHIING,297.55,2026-07-13,4.31,5.31,3.62,-7.46,-12.4,-26.59
HDFCLIFE,573.4,2026-07-13,1.63,-1.69,3.62,-7.05,-23.12,-24.18
BANK10ADD,17.44,2026-07-13,-0.57,0.87,3.62,5.06,,
ENFUSE,172.0,2026-07-10,8.86,4.97,3.61,-3.64,-21.82,-22.31
LMW,16326.0,2026-07-13,3.47,2.21,3.6,20.89,15.91,-1.08
RAMAPHO,125.71,2026-07-13,-0.61,-0.5,3.59,-5.52,-32.21,-3.9
METROGLOBL,135.09,2026-07-13,1.43,4.7,3.56,,,
YASHO,2972.5,2026-07-13,3.67,0.49,3.56,100.72,127.71,49.2
ESG,41.65,2026-07-13,-0.93,1.66,3.56,2.54,-5.23,-2.37
INDOWIND,9.31,2026-07-13,-2.1,2.65,3.56,4.02,-36.62,-52.84
GREENLAM,260.95,2026-07-13,0.08,0.63,3.55,20.68,7.22,7.53
BRITANNIA,5348.5,2026-07-13,-1.94,4.83,3.54,-4.3,-9.62,-5.9
MEDICAMEQ,237.65,2026-07-13,-7.1,-1.55,3.53,-1.36,-39.57,-39.15
TOP20,8.81,2026-07-13,0.23,2.09,3.53,1.26,,
BSE500IETF,39.37,2026-07-13,-0.35,1.21,3.52,5.15,-0.83,0.25
MOALPHA50,53.94,2026-07-13,0.48,0.95,3.51,9.28,9.39,3.41
RENUKA,23.07,2026-07-13,-0.04,3.64,3.5,-15.46,-7.98,-29.1
SETFNN50,773.32,2026-07-13,-0.59,0.95,3.47,7.81,6.18,7.09
KOTARISUG,25.83,2026-07-13,-0.12,4.32,3.44,-2.34,-1.79,-30.95
PAGEIND,39955.0,2026-07-13,-6.01,-1.11,3.44,11.89,16.2,-15.45
GODREJCP,1068.7,2026-07-13,-2.9,4.58,3.43,1.33,-12.97,-15.34
MOCAPITAL,55.59,2026-07-13,0.91,1.44,3.42,,,
AONETOTAL,11.87,2026-07-13,-0.42,1.45,3.4,5.89,0.42,0.88
NGIL,39.24,2026-07-13,-5.7,3.4,3.4,27.2,34.89,35.4
WINDLAS,852.25,2026-07-13,-0.7,-0.77,3.39,4.67,9.95,-3.94
NEXT50ADD,72.59,2026-07-13,-0.51,0.92,3.39,7.94,,
HDFCGROWTH,115.46,2026-07-13,1.17,3.73,3.38,1.09,-11.42,-3.51
MARICO,846.75,2026-07-13,1.03,0.81,3.38,12.44,12.0,17.85
JAYNECOIND,93.93,2026-07-13,3.53,10.95,3.38,7.83,9.54,146.99
NIF100BEES,268.89,2026-07-13,-0.23,1.68,3.38,3.56,1.28,1.28
DCM,96.02,2026-07-13,-1.0,-0.07,3.37,38.38,9.49,-18.75
ALPHA,51.88,2026-07-13,0.72,0.46,3.37,9.29,9.68,3.51
LUXIND,1309.0,2026-07-13,2.07,7.05,3.36,-2.69,34.15,-10.57
LOWVOL,205.75,2026-07-13,-0.73,1.66,3.35,4.0,-4.17,0.4
APOLLOHOSP,8782.5,2026-07-13,-1.19,1.47,3.35,16.84,20.28,22.48
MFSL,1631.8,2026-07-13,3.16,1.89,3.34,-0.89,-0.87,4.12
FINKURVE,65.73,2026-07-13,-4.7,1.84,3.32,4.07,-31.14,
YESBANK,23.78,2026-07-13,-1.98,-5.22,3.3,25.95,4.34,20.96
SONAL,90.5,2026-07-13,-5.19,-2.74,3.3,,,
APOLLOPIPE,511.35,2026-07-13,8.43,8.53,3.3,11.54,75.72,21.35
HDFCSENSEX,87.91,2026-07-13,-0.64,0.81,3.3,1.76,-6.83,-5.26
ABSLNN50ET,75.73,2026-07-13,-0.71,0.91,3.29,7.37,5.68,7.1
EMCURE,1793.3,2026-07-13,-2.27,-3.04,3.29,9.99,15.65,38.53
EMAMIPAP,88.44,2026-07-13,4.03,3.1,3.28,22.1,7.02,-11.92
NEXT50,743.98,2026-07-13,-0.64,0.91,3.28,7.85,5.96,7.05
SENSEXADD,79.9,2026-07-13,-0.73,1.32,3.26,1.19,-6.79,-5.2
KRISHANA,139.0,2026-07-13,-5.51,1.89,3.25,19.86,39.38,59.14
ROLEXRINGS,143.96,2026-07-13,3.15,-2.54,3.25,10.33,17.26,-5.71
HDFCLOWVOL,20.64,2026-07-13,-0.05,2.23,3.25,3.98,-4.18,0.78
PRADPME,503.95,2026-07-13,-5.77,-14.63,3.24,,,
BSLSENETFG,78.11,2026-07-13,-0.7,1.09,3.24,1.55,-6.85,-5.07
BIRLACORPN,981.95,2026-07-13,0.6,-0.58,3.24,4.76,-6.84,-27.62
NIFTY100EW,34.88,2026-07-13,-0.46,1.07,3.23,6.21,2.98,6.05
ERIS,1449.9,2026-07-13,0.03,3.14,3.23,4.86,-1.31,-14.75
DYNAMIC,160.0,2026-07-10,-5.16,-6.9,3.23,17.04,16.28,5.4
MAZDA,239.77,2026-07-13,-12.5,3.88,3.22,20.88,15.71,-20.27
NEXT50BETA,77.78,2026-07-13,-0.55,0.9,3.21,7.53,5.64,
TOUCHWOOD,70.32,2026-07-13,2.21,-0.52,3.21,-2.35,-30.55,-30.96
GATEWAY,59.95,2026-07-13,-2.63,5.42,3.2,6.52,9.95,-3.77
ALEMBICLTD,89.84,2026-07-13,-2.0,-0.62,3.19,6.14,-8.75,-21.74
SENSEXBETA,858.67,2026-07-13,-0.75,1.39,3.18,1.33,-7.0,
SIS,434.55,2026-07-13,1.98,-0.3,3.18,42.64,32.44,19.79
KOVAI,5995.5,2026-07-13,-0.46,0.74,3.18,132.69,132.69,132.69
OIL,431.05,2026-07-13,1.29,4.43,3.17,-9.66,-2.29,2.44
ACC,1378.8,2026-07-13,-1.31,3.4,3.16,-1.68,-18.77,-30.05
BAJAJ-AUTO,10381.0,2026-07-13,3.43,7.8,3.16,7.24,10.19,30.5
UNIONBANK,170.39,2026-07-13,5.78,0.49,3.16,-5.01,5.55,26.17
PGINVIT,96.75,2026-07-10,1.93,3.17,3.16,8.07,12.2,21.54
NAVA,602.65,2026-07-13,-2.54,0.58,3.15,-0.96,7.26,3.62
SURYALAXMI,60.03,2026-07-13,0.1,-1.77,3.14,8.99,5.33,-18.83
MONEXT50,72.08,2026-07-13,-0.43,0.92,3.13,7.87,5.83,7.01
BSLNIFTY,28.38,2026-07-13,-0.73,1.21,3.12,1.98,-5.27,-2.47
LOWVOLIETF,22.12,2026-07-13,-0.27,1.89,3.12,3.85,-4.41,0.41
NAHARPOLY,253.7,2026-07-13,-0.49,1.46,3.11,-1.51,9.97,-27.99
JUNIORBEES,779.19,2026-07-13,-0.72,0.81,3.1,7.68,5.72,6.95
SENSEXIETF,889.94,2026-07-13,-1.11,1.14,3.1,1.2,-6.95,-5.14
DBEIL,8.12,2026-07-13,-6.45,-2.4,3.1,18.02,-21.8,-41.1
INA,120.52,2026-07-13,6.92,6.12,3.1,-8.28,,
INFRA,12.29,2026-07-13,-1.05,0.33,3.1,8.76,,
MNC,33.37,2026-07-13,-2.34,0.45,3.09,8.27,7.44,13.08
ENIFTY,24.36,2026-07-13,-0.61,1.2,3.09,2.18,-5.1,
SHREERAMA,43.01,2026-07-13,-2.14,1.92,3.09,-19.25,-29.45,-0.14
TATAINVEST,686.5,2026-07-13,3.35,3.02,3.09,-3.25,3.13,4.46
MONIFTY100,25.42,2026-07-13,-0.74,1.4,3.08,2.96,-3.38,
KNRCON,129.02,2026-07-13,-0.55,-3.2,3.08,9.06,-9.08,-40.02
MAXESTATES,445.05,2026-07-13,-6.6,4.98,3.08,18.71,5.3,-12.71
NILASPACES,12.44,2026-07-13,-1.89,-1.74,3.07,-8.33,-15.09,-18.37
EBANKNIFTY,58.71,2026-07-13,0.19,0.6,3.05,5.46,-2.3,2.59
CONCOR,463.95,2026-07-13,-3.6,-1.5,3.05,-3.65,-9.75,-23.44
AUTOBEES,278.85,2026-07-13,-1.11,2.26,3.04,3.9,-2.9,15.98
PINELABS,155.14,2026-07-13,2.74,-2.13,3.04,-13.34,-27.9,
MSCIINDIA,29.95,2026-07-13,-0.6,1.53,3.03,4.28,-2.22,0.5
SENSEXETF,79.85,2026-07-13,-0.97,0.99,3.03,1.33,-6.79,-5.26
BFSI,27.84,2026-07-13,-0.96,0.83,3.03,3.49,-2.35,0.54
GROWWNXT50,72.58,2026-07-13,-0.68,0.92,3.02,7.78,5.98,
VMSTMT,45.99,2026-07-13,-5.78,5.02,3.02,3.86,-4.62,
POLICYBZR,1594.6,2026-07-13,0.88,-1.76,3.02,9.75,-2.67,-11.1
NEXT50IETF,76.05,2026-07-13,-0.51,0.8,3.02,7.6,5.67,6.93
MANINDS,562.45,2026-07-13,-1.64,-2.08,3.02,20.03,63.93,33.98
DEVIT,28.08,2026-07-13,-3.27,9.56,3.01,-7.14,-15.47,-37.85
ROSSTECH,1025.25,2026-07-13,4.27,10.35,3.0,9.47,77.81,106.84
INNOVANA,331.7,2026-07-13,6.81,2.98,3.0,-10.83,-17.31,-45.71
DOMS,2359.5,2026-07-13,1.23,5.76,2.99,-0.59,-3.8,0.2
SIMPLEXINF,265.15,2026-07-13,-1.1,5.09,2.99,25.19,10.74,1.09
GROWWN200,11.39,2026-07-13,-0.18,1.33,2.98,4.21,-1.6,0.62
ESENSEX,77.79,2026-07-13,-0.99,1.21,2.98,0.97,-7.15,
ARIES,346.35,2026-07-13,0.7,3.08,2.97,-8.22,9.29,0.48
EQUAL50,331.56,2026-07-13,-0.75,1.13,2.96,4.18,-0.62,4.94
ELPROINTL,173.81,2026-07-13,0.12,1.21,2.96,,,
NIBL,31.62,2026-07-13,2.33,4.7,2.96,9.83,-3.57,14.9
RATNAMANI,2656.8,2026-07-13,3.16,3.37,2.96,14.92,21.45,-7.94
LICNETFSEN,872.1,2026-07-13,-1.31,1.02,2.95,1.0,-7.25,-5.64
PIDILITIND,1580.7,2026-07-13,-2.24,-1.18,2.94,19.16,5.46,6.07
LOYALTEX,210.0,2026-07-13,-0.93,-4.7,2.94,4.52,1.02,-38.52
GKSL,133.9,2026-07-13,4.41,3.53,2.94,25.95,27.75,
SETFNIF50,260.49,2026-07-13,-0.67,1.33,2.94,1.91,-5.36,-2.77
AFFORDABLE,181.99,2026-07-13,1.96,8.4,2.94,3.2,-2.33,-63.2
HINDCON,21.4,2026-07-13,-2.19,5.99,2.93,-7.92,-13.81,-39.84
DABUR,438.9,2026-07-13,-2.41,2.96,2.93,3.33,-15.93,-16.05
ALPHAETF,26.36,2026-07-13,0.57,0.42,2.93,6.85,6.63,4.44
SAIPARENT,586.15,2026-07-13,-3.95,-0.22,2.92,37.38,,
NIFTY1,268.36,2026-07-13,-0.72,1.27,2.92,2.27,-5.35,-2.87
FEDFINA,157.25,2026-07-13,3.34,6.9,2.92,12.73,-2.99,36.87
HDFCNIF100,26.11,2026-07-13,-0.57,1.56,2.92,3.28,-3.26,-1.25
AARVI,152.62,2026-07-13,7.27,8.77,2.92,21.28,17.54,43.62
AWHCL,457.9,2026-07-13,-0.38,-2.68,2.92,-8.89,-0.97,-31.42
PARACABLES,65.99,2026-07-13,-8.0,-2.68,2.92,78.11,87.26,9.97
OSIAHYPER,3.18,2026-07-13,-1.85,0.32,2.91,-25.18,-78.07,-79.46
HDFCNEXT50,73.5,2026-07-13,-0.69,0.85,2.91,7.35,5.39,6.58
BHARATWIRE,215.07,2026-07-13,-1.73,6.72,2.91,27.91,20.89,-3.08
WCIL,96.47,2026-07-13,-0.57,-3.79,2.9,-0.17,-14.92,-18.81
KUANTUM,76.94,2026-07-13,0.52,1.41,2.89,-7.04,-16.48,-37.04
SINTERCOM,76.5,2026-07-13,-2.82,5.02,2.89,-10.22,-23.65,-39.39
SBINEQWETF,33.31,2026-07-13,-1.48,0.97,2.87,4.13,-0.39,4.88
DVL,243.78,2026-07-13,3.04,3.69,2.87,5.26,-8.71,-26.65
JUBLFOOD,431.4,2026-07-13,-1.56,3.28,2.87,-1.48,-18.3,-36.32
NIFTYBETA,268.27,2026-07-13,-0.66,1.28,2.87,2.0,-5.34,
VISHWAS,48.35,2026-07-10,0.0,-8.34,2.87,20.87,19.38,-19.82
NIFTYCASE,9.69,2026-07-13,-0.82,1.04,2.87,2.22,-5.19,
LINDEINDIA,7114.0,2026-07-13,-1.11,-2.51,2.86,-1.74,16.95,4.9
ELM250,16.59,2026-07-13,0.12,1.34,2.85,5.53,0.0,
BANKADD,59.53,2026-07-13,-0.25,0.76,2.85,5.01,-1.94,2.94
NIFTYIETF,274.07,2026-07-13,-0.71,1.2,2.85,2.02,-5.39,-2.75
AUTOIETF,27.87,2026-07-13,-1.38,2.09,2.84,3.64,-2.99,15.55
AARTISURF,385.35,2026-07-13,-0.94,4.01,2.83,-2.6,1.25,-29.2
QNIFTY,266.3,2026-07-13,-0.89,1.11,2.82,2.09,-90.53,-90.27
JETFREIGHT,22.64,2026-07-13,5.35,4.24,2.82,25.08,35.73,62.76
DODLA,1110.6,2026-07-13,-3.4,-0.52,2.82,6.56,-8.54,-21.48
ECOSMOBLTY,128.73,2026-07-13,-3.98,-1.84,2.8,-2.46,-31.45,-56.35
HDFCNIFTY,272.28,2026-07-13,-0.79,1.18,2.8,2.2,-5.51,-2.83
RVTH,714.8,2026-07-13,-4.65,-4.18,2.8,16.45,1.95,-21.88
DTIL,136.96,2026-07-13,-4.56,0.04,2.79,0.98,-8.94,-31.58
BANKBETF,58.97,2026-07-13,-0.24,0.53,2.79,4.84,-2.37,2.68
ABSLBANETF,59.5,2026-07-13,-0.34,0.73,2.78,4.77,-2.2,2.71
NIFTYBEES,275.3,2026-07-13,-0.77,1.15,2.78,2.14,-5.44,-2.76
GROWWLOVOL,10.37,2026-07-13,0.29,2.98,2.78,2.47,-3.09,2.52
PRECAM,148.04,2026-07-13,-1.21,-0.2,2.78,2.09,-2.73,-29.18
NIFTYETF,262.82,2026-07-13,-0.83,0.97,2.78,2.1,-5.46,-2.75
AONENIFTY,9.97,2026-07-13,-0.8,1.22,2.78,2.26,-5.41,-2.84
UTTAMSUGAR,237.25,2026-07-13,-1.89,3.73,2.76,-3.29,3.53,-16.89
PLATIND,231.08,2026-07-13,-5.84,4.17,2.76,8.66,-1.79,-13.26
MOM50,252.83,2026-07-13,-0.7,1.17,2.75,1.96,-5.3,-2.87
ARFIN,87.15,2026-07-13,-4.28,4.66,2.75,-7.26,6.63,
ROHLTD,325.3,2026-07-13,0.09,-2.03,2.75,-8.76,-14.43,-17.4
GROWWNIFTY,9.76,2026-07-13,-1.11,0.83,2.74,1.99,,
BRIGHOTEL,64.01,2026-07-13,-0.56,1.25,2.73,2.29,-3.96,
NAHARSPING,271.2,2026-07-13,1.61,5.94,2.73,14.39,47.91,0.13
LICNFNHGP,276.47,2026-07-13,-1.07,0.89,2.72,2.87,-3.3,-1.39
TOP100CASE,10.57,2026-07-13,-1.12,0.96,2.72,2.92,-3.73,-1.4
NETF,262.97,2026-07-13,-0.73,1.02,2.72,1.78,-5.24,-2.84
RCF,130.82,2026-07-13,0.21,0.72,2.72,3.65,-4.12,-12.48
NIFTYADD,254.46,2026-07-13,-0.85,1.06,2.71,2.2,-5.55,-2.89
SETFNIFBK,596.41,2026-07-13,-0.32,0.54,2.71,4.87,-2.16,2.93
AKCAPIT,1763.3,2026-07-13,-0.27,-0.78,2.7,,,
DCI,277.7,2026-07-13,-4.88,3.06,2.7,-15.92,14.47,0.18
NIFTYBETF,248.25,2026-07-13,-0.92,0.87,2.7,1.73,-5.67,-3.03
BANKETF,592.34,2026-07-13,-0.28,0.65,2.69,5.15,-2.06,3.04
EQUAL50ADD,342.53,2026-07-13,-0.56,1.14,2.69,4.03,-0.56,4.81
CIPLA,1426.7,2026-07-13,-3.1,-1.88,2.68,18.91,-0.57,-3.02
BANKNIFTY1,60.25,2026-07-13,-0.45,0.37,2.68,4.84,-90.22,-89.69
GSS,12.68,2026-07-13,-1.4,-0.16,2.67,-19.03,-20.4,-60.23
MAHASTEEL,881.65,2026-07-13,13.39,7.99,2.67,-4.98,3.52,144.6
UGROCAP,97.83,2026-07-13,-0.12,0.64,2.67,4.26,-38.84,-45.44
ICRA,5284.0,2026-07-13,0.29,0.0,2.66,-1.55,-11.93,-22.59
LASA,7.32,2026-07-13,-0.68,-1.61,2.66,-3.94,-25.84,-42.18
LICNETFN50,271.0,2026-07-13,-0.85,0.87,2.65,2.06,-5.41,-2.63
WHIRLPOOL,790.35,2026-07-13,-1.3,-1.24,2.65,-3.86,-2.38,-42.19
KOKUYOCMLN,86.73,2026-07-13,-0.88,-1.42,2.63,3.56,-0.28,-30.89
ACEINTEG,20.69,2026-07-13,-3.9,-1.66,2.63,11.3,4.55,-20.91
BANKBEES,600.74,2026-07-13,-0.38,0.46,2.62,4.88,-2.25,2.88
BANKIETF,59.56,2026-07-13,-0.6,0.63,2.62,4.91,-2.3,13.28
CELLPOINT,15.8,2026-07-10,2.93,5.33,2.6,-1.25,-0.32,-16.4
DLINKINDIA,488.75,2026-07-13,-2.34,-0.74,2.6,22.08,25.54,-4.63
HDFCNIFBAN,59.72,2026-07-13,-0.45,0.59,2.59,4.79,-2.16,2.66
GROBTEA,911.2,2026-07-13,0.37,-0.42,2.58,5.74,-8.02,-19.42
QUAL30IETF,20.87,2026-07-13,0.53,1.46,2.56,3.83,-4.75,-2.06
SBFC,92.9,2026-07-13,0.44,2.17,2.55,-0.66,-8.87,-21.95
AHLWEST,575.0,2026-07-13,-2.15,-2.04,2.55,213.23,298.89,298.89
MGEL,16.86,2026-07-13,0.54,5.38,2.55,34.24,29.39,-0.94
IRBINVIT,61.97,2026-07-10,0.94,1.96,2.51,5.28,4.24,12.72
BBNPNBETF,58.38,2026-07-13,-0.93,0.02,2.51,4.91,-1.87,2.66
PVTBANKADD,28.6,2026-07-13,-0.8,-1.45,2.51,0.03,-0.87,0.7
EVEREADY,354.25,2026-07-13,-0.83,-3.22,2.5,19.84,7.72,-2.53
LAGNAM,81.99,2026-07-13,4.22,7.25,2.5,23.87,16.65,-17.39
BALMLAWRIE,179.34,2026-07-13,-1.43,-1.95,2.5,6.67,5.79,-11.8
AERONEU,88.34,2026-07-13,-0.94,-11.84,2.48,9.85,19.39,-23.61
SBIETFPB,287.84,2026-07-13,-0.23,0.45,2.48,6.03,-1.23,1.19
UNIVPHOTO,367.6,2026-07-13,5.63,2.7,2.48,-1.99,82.34,30.44
ORTEL,1.65,2026-07-13,1.23,7.84,2.48,-7.3,12.24,-25.0
MARUTI,13695.0,2026-07-13,-5.26,2.11,2.46,4.73,-16.63,10.09
OSWALPUMPS,408.0,2026-07-13,-4.17,-4.74,2.46,10.43,-10.55,-40.83
ZEAL,67.0,2026-07-10,-2.19,-1.47,2.45,-17.28,-25.56,-48.42
NIFTYQLITY,21.07,2026-07-13,0.43,2.38,2.43,2.68,-4.75,-2.05
DEEDEV,672.65,2026-07-13,-0.46,0.86,2.43,83.58,215.22,126.06
STARTECK,271.35,2026-07-13,-4.77,-4.57,2.42,10.52,-0.29,-10.67
ZYDUSLIFE,1131.3,2026-07-13,-1.45,0.89,2.41,22.65,25.6,16.81
JUNIPER,199.95,2026-07-13,2.04,3.48,2.41,-9.34,-19.99,-36.41
EVIETF,31.49,2026-07-13,-0.63,1.25,2.41,8.77,1.55,8.51
VINATIORGA,1334.6,2026-07-13,-0.68,0.59,2.41,10.39,-15.48,-30.51
ALLETEC,144.9,2026-07-10,3.5,3.65,2.4,-18.5,-29.59,-59.0
MANDEEP,19.3,2026-07-10,0.0,0.52,2.39,-10.23,-18.22,-28.25
MOLOWVOL,36.87,2026-07-13,-1.39,0.0,2.39,3.39,-5.12,-3.58
TECHLABS,146.15,2026-07-10,21.49,30.08,2.38,-34.37,-51.26,-70.79
ARIHANTSUP,262.9,2026-07-13,-2.95,4.55,2.38,3.59,-14.75,-36.3
RACE,110.5,2026-07-13,-3.07,-1.15,2.37,-14.1,-10.74,-52.36
MOMNC,32.38,2026-07-13,-1.7,0.84,2.37,8.15,7.01,
GSEC10IETF,265.0,2026-07-13,-0.37,0.66,2.36,2.27,2.12,2.85
JIOFIN,241.41,2026-07-13,0.59,1.99,2.34,1.57,-15.18,-25.79
INTERARCH,1834.5,2026-07-13,-2.39,-4.09,2.34,-3.48,-11.52,-16.36
NPBET,292.17,2026-07-13,-0.28,-0.28,2.34,5.59,-0.64,1.15
IOB,34.15,2026-07-13,-0.15,0.41,2.34,-0.99,-3.45,-12.19
DYNAMATECH,10408.0,2026-07-13,-3.57,4.71,2.33,0.16,14.91,46.62
HDFCPVTBAN,28.7,2026-07-13,-0.83,0.67,2.32,5.55,-1.0,0.81
MRPL,164.74,2026-07-13,9.36,10.42,2.32,-3.58,15.87,18.1
KALYANIFRG,613.05,2026-07-13,-4.83,1.01,2.32,1.78,0.24,-16.76
DYNPRO,233.88,2026-07-13,-0.28,0.77,2.31,1.08,2.69,-29.16
MARATHON,412.15,2026-07-13,-2.0,2.68,2.31,-11.27,-17.5,-39.81
SHADOWFAX,222.61,2026-07-13,-4.23,-1.59,2.28,60.9,,
TNTELE,9.46,2026-07-13,5.11,5.35,2.27,-10.08,-0.94,-63.13
JAGRAN,63.9,2026-07-13,-0.37,-0.96,2.26,8.0,5.48,2.73
ABANSENT,28.06,2026-07-13,-2.97,1.89,2.26,,,
NEXT30ADD,42.32,2026-07-13,-0.82,1.39,2.25,5.46,3.35,9.04
BANKBETA,60.15,2026-07-13,-0.12,0.72,2.24,5.14,-2.0,
MMWL,13.24,2026-07-13,-0.97,-0.3,2.24,,,
KCEIL,91.8,2026-07-10,-2.44,20.08,2.23,-26.32,-32.3,-73.39
HUDCO,210.24,2026-07-13,-2.03,1.1,2.22,11.85,-0.95,-6.33
NIDAN,13.95,2026-07-10,-0.36,5.28,2.2,-5.1,-23.56,-31.62
IREDA,124.81,2026-07-13,-1.52,-2.1,2.19,1.18,-10.37,-21.58
VEEDOL,1449.9,2026-07-13,-0.23,0.08,2.19,5.61,-5.9,-12.7
VELS,69.85,2026-07-10,0.0,0.0,2.19,15.65,20.43,8.8
CROMPTON,261.8,2026-07-13,-3.86,-4.28,2.19,10.15,3.56,-21.31
AHCL,15.39,2026-07-13,0.46,-4.65,2.19,15.49,12.43,
VERANDA,231.86,2026-07-13,-10.66,-0.73,2.18,56.93,7.77,-6.33
SWANCORP,323.45,2026-07-13,-3.04,3.82,2.18,1.76,-23.21,-28.72
FINCABLES,1058.4,2026-07-13,-2.63,-10.24,2.18,25.0,38.92,11.59
EBBETF0433,1316.14,2026-07-13,-0.27,0.62,2.15,3.23,3.16,5.48
CROWN,113.88,2026-07-13,-1.38,1.83,2.15,-7.77,-3.73,-32.9
ORIENTTECH,258.8,2026-07-13,0.94,5.42,2.15,-5.34,-30.7,-17.58
GOKUL,41.53,2026-07-13,-0.26,-0.98,2.14,6.93,8.43,-5.55
HDFCQUAL,57.21,2026-07-13,-0.56,1.94,2.14,2.53,-5.42,-1.12
SHALPAINTS,52.95,2026-07-13,0.57,3.5,2.14,5.0,-22.02,-45.23
LGEINDIA,1543.5,2026-07-13,-1.07,-1.49,2.14,2.83,10.34,
HAVELLS,1178.8,2026-07-13,-0.23,1.96,2.14,-7.0,-17.0,-22.22
AMBUJACEM,432.15,2026-07-13,-2.1,1.86,2.14,-1.52,-19.22,-26.03
RAJTV,12.0,2026-07-13,2.48,-5.66,2.13,-49.22,-70.36,-73.18
TRANSTEEL,122.0,2026-07-10,-4.69,-4.61,2.13,-18.5,-14.39,-6.87
NEXT50ETF,72.24,2026-07-13,-1.27,0.63,2.13,6.94,5.28,
SAMPANN,28.36,2026-07-13,-1.77,0.53,2.12,-6.96,-12.55,3.43
PVTBANIETF,28.44,2026-07-13,-0.73,0.28,2.12,5.72,-1.22,0.92
CEINSYS,939.75,2026-07-13,1.34,1.97,2.08,-14.45,,
SKIPPER,556.0,2026-07-13,-0.99,5.19,2.08,46.2,39.47,16.02
ZENTEC,1831.1,2026-07-13,-1.17,5.08,2.08,20.11,48.1,-1.32
SPCL,68.9,2026-07-10,-2.41,-2.27,2.07,-14.25,-29.77,-43.92
DELTAMAGNT,59.56,2026-07-13,-2.31,-3.36,2.07,2.23,-11.34,-36.07
STYLAMIND,3245.5,2026-07-13,-0.51,-1.28,2.06,45.62,48.29,95.93
KAVDEFENCE,61.67,2026-07-13,-3.03,-4.08,2.05,-0.69,-8.93,-1.71
SJS,2154.6,2026-07-13,-1.97,-2.38,2.03,23.53,25.5,77.61
RKSWAMY,101.58,2026-07-13,-5.3,3.96,2.03,17.73,-5.96,-42.65
SNXT30BEES,42.22,2026-07-13,-0.59,1.39,2.03,5.13,3.35,8.84
KIMS,800.95,2026-07-13,-2.83,-0.56,2.02,21.82,28.59,12.83
VISHNU,601.8,2026-07-13,-2.97,-0.22,2.01,13.13,16.5,20.34
PARASPETRO,2.03,2026-07-13,-0.98,0.5,2.01,-13.62,6.84,-19.44
AVALON,1720.9,2026-07-13,-0.93,-3.57,2.01,64.72,93.29,101.1
EVINDIA,31.45,2026-07-13,-0.51,0.8,2.01,8.64,1.52,8.41
FROG,177.5,2026-07-10,4.72,5.94,2.01,4.17,17.28,-34.13
GILLETTE,7880.5,2026-07-13,1.39,4.23,2.0,2.6,-0.62,-24.82
SHREMINVIT,102.0,2026-07-10,1.8,0.29,2.0,2.96,10.49,13.4
MAITHANALL,1034.8,2026-07-13,2.93,3.12,2.0,10.85,-1.56,-8.79
GMBREW,916.95,2026-07-13,-7.01,-2.61,1.99,-4.83,-12.66,23.81
SAIFL,5.15,2026-07-10,-2.83,-5.5,1.98,-59.61,-57.08,-83.06
IVP,162.55,2026-07-13,-14.3,0.62,1.98,18.89,11.47,-11.54
SUNCLAY,1393.3,2026-07-13,3.58,0.47,1.98,8.8,12.6,-30.63
GOLDSTAR,7.75,2026-07-10,-4.32,-5.49,1.97,13.97,19.23,-22.11
MOQUALITY,201.81,2026-07-13,-0.09,1.85,1.97,5.07,2.36,3.45
TOP15IETF,9.86,2026-07-13,-0.7,0.61,1.96,0.31,-9.29,-4.73
VIVIDHA,0.52,2026-07-13,-1.89,-1.89,1.96,-11.86,-8.77,-38.82
SBIN,1037.0,2026-07-13,-0.07,0.09,1.95,-0.74,2.65,30.55
SCHAEFFLER,4134.7,2026-07-13,-0.04,1.04,1.95,7.51,10.01,0.32
INDPRUD,6548.0,2026-07-13,2.04,-0.77,1.95,,,
MOL,48.8,2026-07-13,3.41,1.12,1.94,0.97,-20.24,-51.01
REDTAPE,136.46,2026-07-13,-0.81,1.25,1.93,13.27,5.68,-0.54
MASPTOP50,79.11,2026-07-13,1.46,3.81,1.93,11.58,9.48,38.69
NDLVENTURE,132.08,2026-07-13,-0.3,1.48,1.93,9.47,46.77,79.18
NUVOCO,316.55,2026-07-13,-0.47,4.08,1.93,3.21,-10.3,-12.18
360ONE,1118.0,2026-07-13,-1.35,2.59,1.93,11.39,-1.08,-5.34
LORDSCHLO,135.4,2026-07-13,-4.34,0.95,1.93,-15.09,-13.0,-18.65
MANAKSIA,58.44,2026-07-13,1.48,-1.75,1.92,5.66,-10.49,-20.02
DHAMPURSUG,143.97,2026-07-13,-0.46,4.61,1.91,4.09,23.17,-4.33
CARBORUNIV,1073.0,2026-07-13,-6.25,-9.98,1.89,21.43,32.65,10.82
JBMA,696.55,2026-07-13,0.59,1.76,1.86,11.52,14.62,8.52
WEALTH,958.5,2026-07-13,-4.18,-3.0,1.85,3.11,10.71,-12.94
UCOBANK,26.47,2026-07-13,-0.38,-1.19,1.85,3.87,-6.98,-14.92
TECHNOE,1057.8,2026-07-13,-1.44,-2.71,1.84,-4.98,6.96,-33.4
SUPREME,47.35,2026-07-13,-1.7,0.72,1.83,-15.58,-24.43,-36.14
GMMPFAUDLR,774.0,2026-07-13,0.56,-2.37,1.83,-15.47,-24.47,-40.07
SHERA,157.0,2026-07-10,1.95,-4.12,1.82,26.56,20.31,11.86
UGARSUGAR,40.31,2026-07-13,-1.75,-1.18,1.82,3.25,0.42,-18.35
JAIPURKURT,28.5,2026-07-13,2.0,1.1,1.82,-0.18,-25.9,-33.5
MOHITIND,22.89,2026-07-13,-0.48,-6.46,1.82,-0.3,-16.61,-29.24
SURANAT&P,18.58,2026-07-13,-4.82,-6.96,1.81,1.75,-4.03,-1.01
RACLGEAR,1300.4,2026-07-13,-3.63,-5.82,1.8,-5.31,26.13,36.46
WENDT,7819.5,2026-07-13,-3.22,-0.84,1.8,14.13,7.0,-30.2
CHENNPETRO,1157.9,2026-07-13,3.35,0.36,1.78,22.52,41.99,63.45
MGL,1114.4,2026-07-13,-1.02,-2.43,1.78,4.05,5.84,-23.2
VIVO,77.35,2026-07-10,0.0,0.0,1.78,1.78,-0.83,20.86
SINCLAIR,76.93,2026-07-13,2.66,1.52,1.76,-4.39,-5.91,-18.89
STAR,1074.0,2026-07-13,-4.24,-2.66,1.75,7.28,15.92,21.52
MARSONS,119.51,2026-07-13,5.81,6.99,1.75,-20.85,,
KDL,116.2,2026-07-10,-7.37,3.43,1.75,-13.61,-31.04,-63.04
INFRABEES,969.35,2026-07-13,-1.25,-0.18,1.74,3.98,1.73,1.46
GANDHITUBE,860.8,2026-07-13,-1.95,0.75,1.73,0.5,14.61,19.89
VGUARD,304.3,2026-07-13,-0.41,0.13,1.72,-3.04,-2.8,-22.44
LUMAXIND,5403.0,2026-07-13,0.7,3.93,1.72,0.07,-1.27,54.78
TENNIND,584.1,2026-07-13,-1.56,0.61,1.72,4.5,9.23,
MANUFGBEES,159.84,2026-07-13,-1.24,0.7,1.72,5.95,4.66,
SAHLIBHFI,78.0,2026-07-13,-3.29,-2.39,1.72,-4.25,,
BPCL,307.55,2026-07-13,-0.19,2.24,1.72,4.98,-10.95,-4.98
3PLAND,32.65,2026-07-13,-1.06,2.71,1.71,-8.26,-12.96,-33.64
MOMGF,158.61,2026-07-13,-1.1,-0.13,1.71,5.35,4.93,10.66
SHK,130.2,2026-07-13,-1.67,-1.54,1.71,-5.95,-21.82,-42.55
HCC,23.77,2026-07-13,-3.37,-7.47,1.71,37.64,20.97,-18.34
TOLINS,104.04,2026-07-13,-0.63,-0.35,1.7,-1.65,-19.46,-35.92
SHINDL,159.13,2026-07-13,5.66,9.59,1.69,,,
MARKOLINES,169.02,2026-07-13,-3.59,-5.44,1.67,12.25,17.1,
PFS,31.03,2026-07-13,1.37,-1.12,1.67,7.18,-4.73,-25.34
INDTERRAIN,31.8,2026-07-13,-2.93,-3.69,1.66,-0.84,-3.05,-15.54
HISARMETAL,157.03,2026-07-13,1.84,2.61,1.66,7.81,2.2,-19.51
LICNETFGSC,29.48,2026-07-13,-0.2,0.55,1.66,2.75,2.57,3.8
ASHAPURMIN,703.5,2026-07-13,9.0,4.68,1.65,33.78,-17.53,49.46
JYOTHYLAB,200.66,2026-07-13,5.05,2.58,1.63,-6.72,-21.57,-41.98
KROSS,185.46,2026-07-13,1.85,-0.79,1.63,-0.51,-6.66,-2.45
RMDRIP,18.87,2026-07-13,-4.12,-4.07,1.62,-26.8,-64.99,-41.73
SETF10GILT,265.24,2026-07-13,-0.34,0.22,1.62,2.86,2.24,2.65
SCML,78.5,2026-07-10,-0.13,2.15,1.62,-43.14,-41.74,-2.48
GRMOVER,94.73,2026-07-13,-4.92,5.13,1.61,-43.39,-44.64,-24.7
ESTER,89.92,2026-07-13,-4.08,0.06,1.59,0.27,-5.19,-28.38
ORIENTCEM,136.89,2026-07-13,-2.81,2.32,1.57,-1.13,-16.8,-42.84
BOMDYEING,129.13,2026-07-13,1.52,-0.07,1.56,19.65,5.69,-18.66
SATIA,55.39,2026-07-13,-2.0,2.59,1.56,-13.34,-17.23,-37.45
BANKA,92.01,2026-07-13,-0.05,2.23,1.56,26.81,50.05,31.16
ANURAS,1269.7,2026-07-13,0.04,-0.38,1.55,-0.42,-5.08,11.49
INFRAIETF,96.59,2026-07-13,-1.47,-0.07,1.55,3.95,1.85,1.67
GAIL,173.12,2026-07-13,-1.09,0.52,1.54,12.63,8.02,-1.29
GLOBECIVIL,41.0,2026-07-13,-2.75,-4.54,1.54,-9.21,-19.58,-48.17
LTGILTCASE,30.53,2026-07-13,-0.1,0.39,1.53,2.83,2.66,
MOGSEC,65.14,2026-07-13,-1.51,0.51,1.53,2.24,3.43,4.63
ZTECH,590.3,2026-07-10,-1.53,-4.17,1.53,8.07,-9.74,3.22
PETRONET,278.95,2026-07-13,1.25,-0.82,1.53,6.66,-1.84,-3.47
SPMLINFRA,192.16,2026-07-13,-2.28,-2.79,1.51,4.26,17.36,-30.78
TATATECH,760.8,2026-07-13,6.92,6.41,1.51,37.86,17.0,8.98
ABSMARINE,232.95,2026-07-10,-0.89,-1.44,1.5,16.3,22.41,10.61
AVTNPL,71.06,2026-07-13,-0.06,-0.14,1.5,13.21,7.81,8.02
MIDSMALL,51.0,2026-07-13,0.18,0.63,1.49,7.14,8.56,1.82
NIF100IETF,28.07,2026-07-13,-0.99,0.57,1.48,2.6,-3.97,18.13
NIRLON,629.2,2026-07-13,1.49,1.53,1.48,,,
DELAPLEX,99.3,2026-07-10,-2.89,-0.9,1.48,-4.52,-23.73,-33.8
SEYAIND,13.12,2026-07-13,0.85,0.77,1.47,16.93,-23.94,-39.4
MAKEINDIA,161.44,2026-07-13,-1.72,0.46,1.46,5.77,4.57,10.94
SKFINDIA,1574.1,2026-07-13,-1.99,-2.61,1.46,0.5,-14.02,-66.81
JSFB,486.75,2026-07-13,6.71,4.41,1.46,26.68,20.68,-0.84
KNAGRI,206.9,2026-07-13,-1.86,-1.74,1.43,-6.29,8.9,-6.08
ORIENTBELL,321.45,2026-07-13,-0.45,-0.59,1.4,13.55,20.46,9.27
DSFCL,23.44,2026-07-13,-1.35,-0.55,1.39,7.13,,
NIPPOBATRY,338.4,2026-07-13,-2.83,-2.41,1.39,1.85,-14.44,-24.96
UMESLTD,5.82,2026-07-13,1.04,4.86,1.39,-10.19,17.58,1.75
ALLDIGI,832.85,2026-07-13,1.56,3.89,1.36,1.51,5.0,-6.93
GROWWEV,31.2,2026-07-13,-1.45,-0.13,1.36,7.81,1.23,7.36
LTGILTBEES,29.95,2026-07-13,-0.1,0.47,1.35,2.81,2.67,3.67
QUALITY30,20.38,2026-07-13,0.3,2.05,1.34,3.35,-5.03,
WPIL,461.75,2026-07-13,-5.09,-6.35,1.34,,,
EBBETF0431,1437.36,2026-07-13,-0.35,0.35,1.33,2.74,2.91,5.43
GROWWCHEM,29.76,2026-07-13,-1.49,1.78,1.33,10.43,3.35,
ANTELOPUS,847.6,2026-07-13,3.92,4.78,1.32,37.55,130.45,28.76
BBETF0432,1347.65,2026-07-13,-0.87,-0.27,1.32,2.72,2.55,5.21
ZIMLAB,115.89,2026-07-13,-3.08,-6.54,1.31,59.34,53.48,1.58
KELLTONTEC,15.45,2026-07-13,0.98,0.91,1.31,5.82,-7.98,-42.7
KANDARP,101.0,2026-07-10,-2.74,1.0,1.3,-25.87,-31.96,18.2
SIGIND,47.47,2026-07-13,1.87,0.79,1.28,-1.53,-2.57,-24.76
ADVANIHOTR,52.86,2026-07-13,-1.36,0.08,1.28,2.51,-0.74,-11.36
NDTV,82.29,2026-07-13,1.88,2.39,1.28,7.05,-11.77,-44.96
JSL,703.35,2026-07-13,0.16,2.96,1.27,-8.08,-10.22,3.15
GRASIM,3144.3,2026-07-13,-2.14,2.08,1.25,15.9,13.34,14.26
OILIETF,11.33,2026-07-13,-0.96,1.25,1.25,1.25,-3.9,-4.31
GILT5BETA,66.0,2026-07-10,-0.72,-0.86,1.24,2.14,4.46,5.11
NKIND,65.0,2026-07-13,3.87,4.84,1.23,3.98,-1.87,-2.23
SOFTTECH,414.65,2026-07-13,-4.68,-4.89,1.23,33.03,39.71,3.33
CHEMICAL,29.64,2026-07-13,-1.72,1.33,1.23,9.41,2.88,
UNIMECH,1173.8,2026-07-13,-1.12,7.55,1.23,29.37,31.31,-5.99
GREENPANEL,196.07,2026-07-13,3.89,1.95,1.23,-5.41,-9.39,-30.47
AIROLAM,87.03,2026-07-13,-4.77,-9.37,1.23,4.58,-7.86,-26.46
HOLMARC,108.0,2026-07-10,9.64,8.27,1.22,34.41,11.92,-11.96
HARDWYN,24.12,2026-07-13,-1.03,-1.63,1.22,15.24,36.43,68.32
SILKFLEX,212.0,2026-07-10,1.68,0.95,1.22,53.18,117.1,120.6
PANACEABIO,542.5,2026-07-13,1.48,-2.03,1.21,64.34,36.74,30.36
ACCELYA,1130.9,2026-07-13,1.97,2.77,1.21,0.28,-10.76,-13.8
BNAGROCHEM,284.0,2026-07-13,-3.07,-1.01,1.21,,,
MUKANDLTD,135.85,2026-07-13,2.17,3.62,1.21,1.74,7.15,-1.66
CERA,6147.5,2026-07-13,-5.36,-3.79,1.21,19.18,22.54,-6.82
SEMAC,328.85,2026-07-13,-5.42,-3.42,1.2,25.49,13.85,-38.79
AMBICAAGAR,24.66,2026-07-13,-1.64,-0.92,1.19,4.01,-2.49,-12.89
PRATHAM,119.7,2026-07-10,-5.0,5.93,1.18,-8.35,-17.28,-20.68
KTKBANK,278.95,2026-07-13,5.98,3.85,1.18,15.78,49.65,50.66
SHARIABEES,456.87,2026-07-13,0.2,1.72,1.17,-0.65,-11.56,-10.0
ABGSEC,114.0,2026-07-13,-0.7,0.28,1.15,2.95,2.88,3.35
PRITI,39.48,2026-07-13,0.87,-1.13,1.15,-19.76,-28.22,-57.72
ASALCBR,829.25,2026-07-13,-5.17,-3.28,1.14,-3.28,-4.47,-30.6
DOLPHIN,393.95,2026-07-13,6.8,6.89,1.12,-2.18,-11.69,-11.81
SWELECTES,640.85,2026-07-13,-0.33,1.15,1.1,8.81,9.73,7.11
SHALBY,170.77,2026-07-13,0.44,-0.48,1.09,11.07,-5.94,-6.27
GPPL,155.56,2026-07-13,-0.28,2.34,1.09,3.89,-15.33,4.13
RKDL,18.67,2026-07-13,0.32,-0.11,1.08,-11.93,-14.83,-36.86
ARIHANTACA,470.0,2026-07-10,2.17,0.21,1.08,-2.08,-0.05,65.96
WELSPLSOL,52.19,2026-07-13,-0.46,-9.35,1.07,,,
NIRAJ,29.19,2026-07-13,-1.85,-3.15,1.07,5.76,-15.1,-44.28
BEL,410.8,2026-07-13,-3.47,-0.19,1.06,-6.96,-0.28,1.03
ANDHRAPAP,61.76,2026-07-13,0.1,-0.47,1.05,-3.18,-4.96,-23.42
LTFOODS,384.85,2026-07-13,1.52,2.64,1.04,-5.28,3.15,-20.02
LAHOTIOV,43.81,2026-07-13,1.67,0.69,1.04,,,
GROWWMOM50,10.67,2026-07-13,-0.19,-2.47,1.04,4.51,2.79,-0.13
AKG,10.83,2026-07-13,-0.73,0.84,1.03,-5.33,-12.73,-21.81
RADAAN,2.94,2026-07-13,1.73,-3.29,1.03,-8.41,-13.78,-31.94
TARACHAND,56.01,2026-07-13,-0.83,-0.21,1.03,-8.76,-23.1,-20.95
EBBETF0430,1605.11,2026-07-13,-0.29,-0.04,1.02,2.22,2.69,5.17
ABFRL,60.51,2026-07-13,-3.08,2.91,1.02,-2.34,-17.47,-21.26
MOPSE,101.02,2026-07-13,-0.92,0.0,1.01,-2.0,1.03,0.77
SIKKO,4.03,2026-07-13,11.02,6.33,1.0,-15.69,-3.36,5.89
CCHHL,13.08,2026-07-13,5.31,0.38,1.0,-2.02,-7.23,-32.3
MINDTECK,209.81,2026-07-13,-0.74,3.13,1.0,15.45,-6.47,-4.49
NIBE,1594.4,2026-07-13,-0.93,-2.9,1.0,58.83,31.83,0.24
BLAL,184.6,2026-07-13,-2.13,2.22,0.98,2.85,-8.46,-12.67
TNPL,145.32,2026-07-13,0.01,0.11,0.97,5.69,3.51,-12.66
JIWANRAM,5.2,2026-07-10,-0.95,-11.11,0.97,-5.45,-5.45,-38.82
DANGEE,3.2,2026-07-13,-1.84,-0.62,0.95,0.95,-8.05,-34.16
PTL,40.13,2026-07-13,-3.5,-2.61,0.95,7.83,10.12,-0.98
RIIL,795.2,2026-07-13,-1.42,-4.75,0.93,10.56,3.18,-14.41
GESHIP,1402.0,2026-07-13,-0.57,-7.96,0.93,5.72,28.54,45.38
DBOL,116.27,2026-07-13,2.8,1.48,0.93,-2.83,46.81,24.97
TCS,2181.5,2026-07-13,6.02,3.98,0.93,-10.58,-31.11,-30.58
SBIETFQLTY,219.32,2026-07-13,0.05,2.31,0.92,3.27,-5.05,-1.97
ABLBL,99.24,2026-07-13,2.74,2.97,0.92,-3.65,-16.18,-37.49
BEWLTD,61.05,2026-07-10,-3.02,-1.05,0.91,-30.07,-44.68,-61.64
HGINFRA,568.05,2026-07-13,-0.23,-2.21,0.91,2.61,-18.75,-47.67
ONGC,248.45,2026-07-13,1.87,6.15,0.91,-13.6,4.31,8.33
SANOFICONR,4588.0,2026-07-13,-0.3,-0.43,0.9,0.82,10.07,-10.13
BAJAJINDEF,247.85,2026-07-13,-2.29,-0.86,0.9,-9.59,-27.89,-45.55
NETWORK18,31.79,2026-07-13,-2.06,1.24,0.89,-5.53,-21.82,-42.0
TEMBO,552.95,2026-07-13,-2.52,0.14,0.88,-5.42,-4.04,9.9
MOMENTUM50,52.81,2026-07-13,0.08,-2.8,0.88,4.91,2.82,-0.3
SGFIN,617.05,2026-07-13,-8.82,2.44,0.87,31.92,52.4,
INTLCONV,79.81,2026-07-13,-0.76,-1.44,0.87,4.05,-2.39,-11.19
RECLTD,351.05,2026-07-13,-3.76,-3.81,0.86,1.17,-2.22,-7.74
DGCONTENT,26.0,2026-07-13,2.32,-2.18,0.85,-11.35,-19.65,-40.87
DRAGARWQ,4997.0,2026-07-13,-0.05,-0.14,0.85,,,
SSDL,55.45,2026-07-13,-2.17,-3.38,0.85,-11.48,-23.69,-42.2
ENGINERSIN,236.66,2026-07-13,-2.97,-3.19,0.84,8.78,22.97,-3.39
RALLIS,230.66,2026-07-13,-0.61,2.7,0.83,-9.4,-6.35,-32.0
GREENCHEF,50.55,2026-07-10,3.91,-1.46,0.8,2.12,-8.09,-18.47
TOP10ADD,87.83,2026-07-13,0.01,0.29,0.8,-1.34,-10.77,-11.11
JAIBALAJI,66.38,2026-07-13,-4.85,-1.19,0.8,5.94,0.99,-45.26
SAMBHAAV,6.37,2026-07-13,1.11,0.31,0.79,-12.26,-24.88,-10.16
DCMSHRIRAM,1035.8,2026-07-13,1.79,0.83,0.78,-7.4,-11.87,-22.63
AATMAJ,19.35,2026-07-10,-5.61,3.2,0.78,-3.73,-19.37,-1.78
GILT5YBEES,65.9,2026-07-13,-0.02,0.09,0.78,2.22,3.8,5.04
LATENTVIEW,303.6,2026-07-13,6.19,8.47,0.78,5.03,-30.91,-29.75
SBIMIDMOM,62.97,2026-07-13,0.61,-0.46,0.77,4.86,,
HDFCMOMENT,30.88,2026-07-13,-0.13,-2.68,0.75,2.18,-0.9,-1.06
GODIGIT,303.3,2026-07-13,-2.82,-5.14,0.75,-4.95,-10.52,-11.33
MADHAVBAUG,183.9,2026-07-10,1.04,4.85,0.74,-9.03,-29.26,11.35
NITINSPIN,563.3,2026-07-13,0.74,0.6,0.71,39.52,73.8,47.42
REGAAL,81.33,2026-07-13,-2.39,5.71,0.71,3.92,19.9,
EBBETF0425,1290.83,2025-04-08,0.02,0.23,0.7,1.9,3.85,7.57
HINDPETRO,391.6,2026-07-13,-2.19,0.51,0.69,12.08,-12.75,-6.85
YATHARTH,845.45,2026-07-13,0.34,-0.41,0.68,12.24,32.14,38.6
GLOBALVECT,158.42,2026-07-13,-2.48,-4.61,0.66,-11.4,-14.81,-39.05
MOMENTUM,30.94,2026-07-13,-0.29,-2.73,0.65,2.15,-1.28,-1.21
AFSL,202.28,2026-07-13,0.63,0.62,0.63,-2.67,0.38,-20.36
VIMTALABS,556.3,2026-07-13,-1.63,-4.78,0.63,20.84,1.61,23.9
DIVIDEND,35.2,2026-07-13,0.46,1.41,0.63,-1.59,,
INDOUS,89.72,2026-07-13,2.16,-0.09,0.62,-15.59,-24.55,-42.25
APLAPOLLO,1828.7,2026-07-13,1.34,2.3,0.61,-7.63,-4.02,7.83
MOMOMENTUM,61.9,2026-07-13,-0.47,-2.92,0.6,1.88,-0.98,-1.35
BIRLAPREC,37.17,2026-07-13,0.03,-1.09,0.6,,,
MOMENTUM30,30.58,2026-07-13,-0.52,-1.16,0.59,1.63,-0.94,
INNOVISION,290.45,2026-07-13,-0.95,2.76,0.59,-8.45,,
NV20BEES,142.31,2026-07-13,0.15,0.96,0.58,-2.4,-8.65,49.45
EXCELSOFT,79.93,2026-07-13,-1.52,6.06,0.58,-6.97,-3.06,
BHAGERIA,210.44,2026-07-13,-2.96,1.09,0.57,33.47,25.55,4.63
AGNI,17.9,2026-07-10,0.0,0.0,0.56,-10.5,-17.7,-33.21
GSEC10YEAR,30.42,2026-07-13,-0.26,-0.72,0.56,2.94,2.94,3.68
SANGANI,45.0,2026-07-10,0.0,4.65,0.56,2.27,-7.69,-35.53
PEARLPOLY,18.1,2026-07-13,0.84,-2.16,0.56,10.23,-15.74,-39.16
NEPHROCARE,71.45,2026-07-10,2.14,11.03,0.56,-11.57,-33.84,-38.91
MUTHOOTFIN,3058.5,2026-07-13,-2.52,1.23,0.54,-13.42,-21.44,16.81
ABB,6807.0,2026-07-13,-3.76,-4.5,0.54,0.09,37.63,18.96
SHANTIGEAR,443.5,2026-07-13,-0.79,0.69,0.51,-4.93,6.44,-13.65
ASTRAZEN,8291.0,2026-07-13,0.67,2.89,0.5,-4.97,0.78,-9.98
ORIENTELEC,175.94,2026-07-13,-0.16,0.74,0.49,5.85,7.85,-19.72
ABSLPSE,10.34,2026-07-13,-0.39,-0.1,0.49,-1.24,1.87,0.78
CASTROLIND,183.58,2026-07-13,-0.33,-0.82,0.49,2.81,0.75,-12.67
TREJHARA,141.24,2026-07-13,2.35,0.12,0.49,-14.09,-35.48,-40.13
BVCL,41.74,2026-07-13,-6.01,0.26,0.48,-0.41,-2.64,12.78
GSEC5IETF,66.02,2026-07-13,0.02,-0.18,0.47,2.69,3.56,5.18
VRLLOG,230.97,2026-07-13,-3.77,-1.53,0.47,-13.48,-5.86,-21.78
NCLIND,185.9,2026-07-13,0.37,-4.27,0.47,1.16,-8.83,-11.7
MOTHERSON,144.06,2026-07-13,-0.87,-4.32,0.46,20.95,25.73,43.79
WOMANCART,108.5,2026-07-10,0.18,0.98,0.46,-43.71,-56.63,-52.75
BALKRISHNA,18.03,2026-07-13,-2.06,-2.91,0.45,6.88,1.41,-18.23
VENUSREM,1805.4,2026-07-13,8.5,-6.46,0.44,73.57,142.81,296.75
ALLTIME,235.25,2026-07-13,-8.49,0.37,0.44,10.45,-1.55,
KIRIINDUS,402.2,2026-07-13,5.05,5.45,0.44,0.34,-25.0,-27.07
DIVOPPBEES,76.92,2026-07-13,0.39,1.1,0.43,-2.92,-6.98,-2.88
GUJAPOLLO,371.05,2026-07-13,3.99,3.03,0.43,-15.97,-5.11,-0.6
SETCO,18.7,2026-07-13,17.76,13.4,0.43,41.88,138.44,99.21
NAHARINDUS,117.75,2026-07-13,0.23,0.97,0.42,11.1,16.0,-9.45
POWERGRID,286.0,2026-07-13,0.21,-0.09,0.42,-4.78,11.75,-1.07
BOSCH-HCIL,1337.1,2026-07-13,-1.07,-1.24,0.41,2.09,-6.74,-22.37
GAYAPROJ,21.95,2026-07-13,3.25,0.97,0.41,27.69,81.4,166.06
LIQUIDPLUS,1094.11,2026-07-13,0.09,0.19,0.4,1.22,2.43,5.1
HDFCLIQUID,1069.04,2026-07-13,0.09,0.19,0.4,1.21,2.38,6.65
ELIQUID,1039.08,2026-07-13,0.1,0.19,0.4,1.22,2.44,
FORCEMOT,17963.0,2026-07-13,-4.18,0.77,0.4,-18.62,-10.61,9.63
LIQUID,999.99,2026-07-13,0.0,0.4,0.4,0.4,1.55,4.08
LIQUIDCASE,114.97,2026-07-13,0.1,0.18,0.4,1.21,2.4,5.03
CARYSIL,1183.6,2026-07-13,3.21,-0.38,0.4,40.67,48.98,39.59
SBILIQETF,1047.21,2026-07-13,0.09,0.2,0.4,1.21,2.42,
LIQUID1,1113.22,2026-07-13,0.1,0.19,0.4,1.22,2.44,5.12
CASHIETF,1070.56,2026-07-13,0.1,0.19,0.39,1.21,2.42,5.07
GICHSGFIN,151.76,2026-07-13,-0.47,-1.7,0.39,4.49,-7.91,-19.87
LIQUIDSBI,999.99,2026-07-13,0.0,0.39,0.39,0.39,1.54,3.5
LIQUIDADD,1135.37,2026-07-13,0.09,0.19,0.39,1.2,2.39,5.01
AONELIQUID,1067.89,2026-07-13,0.09,0.19,0.39,1.21,2.41,5.1
LIQUIDBETF,1089.96,2026-07-13,0.09,0.19,0.38,1.17,2.35,4.93
LIQGRWBEES,1047.32,2026-07-13,0.09,0.18,0.38,1.15,2.3,
VPRPL,26.54,2026-07-13,-5.21,-6.78,0.38,-37.63,-46.02,-83.53
MONTECARLO,537.25,2026-07-13,-2.16,-2.56,0.37,0.55,-11.53,-8.87
LIQUIDSHRI,1112.7,2026-07-13,0.09,0.18,0.37,1.15,2.3,4.85
VENTIVE,621.8,2026-07-13,-1.68,-1.11,0.37,3.58,-18.24,-20.6
GROWWLIQID,109.88,2026-07-13,0.09,0.18,0.37,1.15,2.27,4.82
MOM30IETF,31.08,2026-07-13,-0.48,-2.97,0.36,1.67,-1.36,-1.33
INOXGREEN,190.58,2026-07-13,-7.79,-4.24,0.36,19.08,1.88,25.8
AISL,57.35,2026-07-10,-9.33,4.37,0.35,-10.39,-31.11,-39.31
MURUDCERA,31.43,2026-07-13,-0.57,-2.27,0.35,1.62,-5.59,-29.25
BALAJEE,28.84,2026-07-13,-0.1,-0.21,0.35,-14.62,-24.7,-35.95
MOINFRA,61.59,2026-07-13,-1.77,-1.58,0.31,2.34,6.03,1.77
CLEAN,772.0,2026-07-13,-2.61,0.55,0.31,7.02,-9.52,-45.57
PAVNAIND,16.67,2026-07-13,-6.35,-8.51,0.3,-17.64,-21.18,-59.83
RELIANCE,1296.9,2026-07-13,-1.85,-0.32,0.3,-0.93,-10.32,-12.51
HDFCVALUE,127.84,2026-07-13,-0.36,1.01,0.3,-2.21,-8.39,-4.4
CHAVDA,87.05,2026-07-10,-5.12,-2.57,0.29,-10.67,-25.91,-32.99
DUCOL,107.3,2026-07-10,-4.62,1.23,0.28,-14.09,-27.01,-15.38
ABSLLIQUID,1000.01,2026-07-13,0.0,0.28,0.27,0.78,1.55,3.27
FMCGIETF,52.48,2026-07-13,-2.8,-0.23,0.25,2.94,-6.79,-11.8
DSSL,1287.2,2026-07-13,-5.22,-2.52,0.24,20.84,26.32,21.73
BLIL,70.05,2026-07-13,-0.13,-2.26,0.24,,,
MOMIDMTM,63.77,2026-07-13,0.39,-1.86,0.24,4.64,3.68,1.46
INDGN,511.55,2026-07-13,3.52,-1.03,0.24,5.78,0.13,-9.29
MODIS,348.8,2026-07-13,1.31,3.33,0.24,18.64,5.68,
KHAITANLTD,132.9,2026-07-13,0.68,-1.5,0.23,23.95,38.8,8.45
HYUNDAI,1994.4,2026-07-13,-0.5,5.38,0.22,14.21,-13.53,-4.27
ANGELONE,340.25,2026-07-13,-1.65,3.5,0.22,21.32,41.74,29.06
BLUECOAST,28.56,2026-07-13,-0.35,1.42,0.21,16.0,-2.69,-0.52
ABMINTLLTD,41.42,2026-07-13,1.22,-1.24,0.19,-12.08,9.69,-31.4
DPWIRES,176.98,2026-07-13,-4.95,-12.22,0.19,-10.22,-5.8,-22.86
MOLDTKPAC,677.3,2026-07-13,-0.7,-4.3,0.18,27.7,17.36,-4.53
KINGFA,5117.0,2026-07-13,1.25,2.61,0.18,15.98,18.47,47.4
JNKINDIA,504.95,2026-07-13,-1.23,3.26,0.18,74.97,127.53,60.94
MOLDTECH,126.97,2026-07-13,-2.29,-5.38,0.17,4.86,-7.73,-19.11
GOCLCORP,402.95,2026-07-13,-0.27,-0.1,0.15,45.84,44.45,7.75
MADRASFERT,68.47,2026-07-13,-0.51,2.19,0.15,3.3,-13.74,-23.45
E2E,386.95,2026-07-13,1.38,-2.14,0.14,56.75,94.66,54.62
DELTACORP,64.74,2026-07-13,-0.74,1.92,0.14,11.99,-6.61,-26.78
SHIVATEX,149.82,2026-07-13,2.78,0.73,0.13,1.51,-11.95,-27.64
MASON,124.5,2026-07-10,-0.32,-1.19,0.12,-17.82,-33.67,-25.29
MANALIPETC,65.27,2026-07-13,3.1,2.77,0.11,16.89,11.08,-4.36
DREAMFOLKS,69.95,2026-07-13,-2.4,5.2,0.11,-8.03,-31.37,-56.38
NAMAN,45.05,2026-07-10,-6.15,-4.15,0.11,-19.48,-31.64,-54.24
RKEC,27.61,2026-07-13,-6.44,3.64,0.11,-26.8,-46.27,-63.6
GODREJAGRO,565.4,2026-07-13,-0.48,1.39,0.08,-3.71,0.97,-26.58
TCI,934.4,2026-07-13,0.21,-0.12,0.08,-4.91,-11.26,-24.07
RAILTEL,309.0,2026-07-13,-0.18,0.91,0.08,8.66,-8.84,-24.19
GROWWPSE,99.71,2026-07-13,-1.14,-0.48,0.08,-2.73,,
IMFA,1399.9,2026-07-13,2.92,6.46,0.07,0.73,14.69,88.26
GLOTTIS,67.04,2026-07-13,1.07,0.48,0.06,11.94,21.69,
THEINVEST,98.18,2026-07-13,0.21,4.52,0.04,-4.88,-15.46,-33.16
MOENERGY,39.38,2026-07-13,-0.48,-1.75,0.03,5.58,14.38,
DMART,3994.1,2026-07-13,-1.74,-8.33,0.01,-10.2,4.37,-1.72
RSDFIN,80.0,2026-07-13,-4.76,0.49,0.0,,,
BKMINDST,45.0,2026-07-10,0.0,0.0,0.0,0.0,0.0,0.0
BNALTD,340.0,2026-07-13,-5.56,1.4,0.0,,,
PATTECH,114.85,2026-07-10,0.0,0.0,0.0,30.88,6.89,-12.23
DHARAN,0.15,2026-07-13,-6.25,0.0,0.0,-6.25,-31.82,-65.91
HOMESFY,112.0,2026-07-10,0.9,0.9,0.0,-20.0,-31.91,-61.18
GOENKA,0.82,2026-07-10,0.0,0.0,0.0,0.0,0.0,-9.89
REXPIPES,174.25,2026-07-10,0.0,0.0,0.0,-13.74,21.47,41.61
FILATFASH,0.19,2026-07-13,5.56,0.0,0.0,-13.64,-36.67,-72.46
KALYANI,138.09,2026-07-10,0.0,0.0,0.0,0.0,0.0,0.0
AJRINFRA,0.7,2026-07-10,0.0,0.0,0.0,0.0,0.0,0.0
MINDPOOL,71.1,2026-07-10,0.0,0.0,0.0,0.0,0.0,-8.14
SUULD,1.57,2026-07-10,0.0,0.0,0.0,0.0,0.0,-39.38
MPTODAY,46.0,2026-07-10,0.0,0.0,0.0,3.02,-3.26,-17.34
VASA,4.45,2026-07-10,0.0,0.0,0.0,-5.32,-11.0,3.49
RMCL,200.0,2026-07-10,0.0,0.0,0.0,0.0,0.0,0.0
NAVKARURB,0.99,2026-07-13,2.06,-5.71,0.0,22.22,-35.71,-51.85
OMKARCHEM,3.41,2026-07-10,0.0,0.0,0.0,-22.15,-43.73,-43.26
PODDARHOUS,43.37,2026-07-10,0.0,0.0,0.0,0.0,0.0,0.0
PERFECT,8.1,2026-07-10,0.0,0.0,0.0,0.0,0.0,-13.37
WATERBASE,74.9,2023-12-06,0.0,0.0,0.0,-13.41,-1.45,-5.79
AARNAV,24.98,2026-07-13,-0.04,1.46,0.0,7.03,,
SECURCRED,1.56,2026-07-10,0.0,0.0,0.0,0.0,0.0,0.0
BURNPUR,33.0,2026-07-10,0.0,0.0,0.0,0.0,0.0,0.0
GANGOTRI,0.61,2026-07-10,0.0,0.0,0.0,0.0,0.0,-6.15
ANDREWYU,31.35,2023-12-06,0.0,0.0,0.0,-0.32,29.31,21.31
SHEETAL,295.05,2026-07-10,1.13,-0.49,0.0,15.71,63.24,124.39
SHAIVAL,33.0,2026-07-10,0.0,0.0,0.0,0.0,8.2,8.2
ALPSINDUS,34.3,2026-07-10,0.0,0.0,0.0,0.0,0.0,41.74
AVSL,119.7,2026-07-10,0.0,0.0,0.0,0.0,-5.0,-4.24
INDLMETER,23.69,2026-07-10,0.0,0.0,0.0,0.0,0.0,0.0
BRIGHT,2.8,2026-07-10,0.0,0.0,0.0,0.0,0.0,0.0
MAHKTECH,23.11,2026-07-13,5.91,6.11,0.0,0.78,-12.5,6.84
LIQUIDBEES,999.99,2026-07-13,0.0,-0.0,0.0,-0.0,-0.0,0.98
LIQUIDIETF,999.99,2026-07-13,-0.0,0.0,0.0,0.0,0.0,0.0
MARSHALL,3.64,2026-07-10,0.0,0.0,0.0,0.0,0.0,-63.01
MBECL,65.4,2026-07-10,0.0,0.0,0.0,0.0,0.0,0.0
MELSTAR,4.25,2026-07-10,0.0,0.0,0.0,0.0,0.0,0.0
AHIMSA,24.7,2026-07-10,0.0,0.0,0.0,0.0,-1.2,6.47
DRSDILIP,110.0,2026-07-10,0.0,0.0,0.0,-7.95,99.64,12.24
SRIRAM,10.1,2026-07-10,0.0,0.0,0.0,0.0,0.0,0.0
KTL,4.85,2026-07-10,0.0,0.0,0.0,0.0,0.0,-40.49
ITALIANE,36.0,2026-07-10,-2.7,-2.17,0.0,0.0,20.0,-0.94
SAHAJ,3.85,2026-07-10,0.0,0.0,0.0,4.05,-24.51,-65.32
DSKULKARNI,13.55,2026-07-10,0.0,0.0,0.0,0.0,0.0,0.0
SANCO,2.9,2026-07-10,0.0,0.0,0.0,36.79,-9.66,-21.62
JAKHARIA,60.5,2026-07-10,0.0,0.0,0.0,0.0,0.0,-30.1
TECHIN,14.0,2026-07-10,0.0,0.0,0.0,0.0,0.0,0.0
HERCULES,159.32,2026-07-10,0.0,0.0,0.0,0.0,0.0,-21.02
DESTINY,105.9,2026-07-10,0.0,0.0,0.0,-14.22,-7.91,0.19
JINDCOT,2.5,2024-11-08,0.0,0.0,0.0,0.0,0.0,0.0
LIQUIDETF,1000.0,2026-07-13,0.0,0.0,0.0,0.0,1.13,3.34
SHRITECH,63.0,2026-07-10,-1.02,-3.08,0.0,5.0,8.71,-31.89
SILINV,420.85,2026-07-13,-0.37,-0.32,0.0,-2.46,-11.97,-30.52
NV20IETF,13.81,2026-07-13,-0.58,0.51,0.0,-2.68,-8.97,-4.69
LANDMARK,422.9,2026-07-13,-3.33,-2.56,-0.01,-0.37,-7.07,-16.66
ASTERDM,814.9,2026-07-13,2.95,6.43,-0.01,22.35,35.01,35.09
KPIGREEN,401.35,2026-07-13,-0.4,1.47,-0.01,-3.8,-10.38,-22.86
INDBANK,33.32,2026-07-13,-3.14,-0.3,-0.03,0.09,-4.96,-3.45
STEL,553.95,2026-07-13,-1.98,-3.27,-0.03,18.08,27.54,33.35
LYKALABS,69.58,2026-07-13,-2.43,-4.74,-0.03,21.62,-9.2,-36.84
CPSEETF,96.78,2026-07-13,-0.84,-0.22,-0.04,-6.45,3.62,3.71
SRF,2741.6,2026-07-13,-3.15,2.89,-0.05,12.21,-9.64,-13.58
BANKINDIA,145.59,2026-07-13,4.14,2.13,-0.06,3.71,1.89,31.24
KOHINOOR,24.32,2026-07-13,-0.73,-3.72,-0.08,-0.49,-3.11,-32.82
SKP,149.85,2026-07-10,-2.54,-2.06,-0.1,0.2,-11.98,-30.91
21STCENMGM,31.33,2026-07-13,1.1,-3.9,-0.1,2.55,-30.69,-48.35
RAMANEWS,29.12,2026-07-13,0.76,1.39,-0.1,-14.45,-4.52,-8.28
BHARATCOAL,37.53,2026-07-13,-2.11,-4.92,-0.11,15.26,,
TREL,25.5,2026-07-13,-2.45,-2.63,-0.12,-1.96,-1.2,-25.22
DBCORP,202.39,2026-07-13,2.33,4.53,-0.12,-3.12,-16.61,-22.98
VITAL,53.92,2026-07-13,7.71,2.12,-0.13,-14.41,-0.88,-8.84
ADANIPORTS,1810.3,2026-07-13,-2.9,1.93,-0.14,24.07,27.25,26.98
DEEPAKNTR,1667.2,2026-07-13,4.06,6.62,-0.16,13.15,6.11,-15.79
RADIOCITY,6.07,2026-07-13,0.17,-0.65,-0.16,-2.1,-5.3,-33.88
CONCORDBIO,1351.7,2026-07-13,5.31,7.12,-0.16,29.18,-0.03,-24.56
PARIN,715.25,2026-07-10,1.1,-1.37,-0.17,12.82,22.98,116.02
V2RETAIL,223.1,2026-07-13,-3.12,-2.22,-0.17,14.9,4.66,16.49
AMDIND,45.89,2026-07-13,-2.51,2.64,-0.17,7.75,5.52,-10.89
TATACONSUM,1098.6,2026-07-13,-1.73,-1.28,-0.19,1.61,-6.85,2.89
FELIX,185.2,2026-07-10,-1.28,1.01,-0.19,2.75,-4.39,5.35
BBL,2773.3,2026-07-13,2.84,-0.4,-0.19,8.77,-0.57,-13.77
HEROMOTOCO,4952.1,2026-07-13,0.16,2.88,-0.21,-5.62,-11.96,21.48
EICHERMOT,7296.5,2026-07-13,-2.34,-1.74,-0.21,3.5,-1.45,31.69
PRIZOR,825.0,2026-07-10,0.86,-7.14,-0.21,94.03,193.07,266.75
SOMICONVEY,98.05,2026-07-13,-4.81,-8.24,-0.21,-9.15,-17.38,-37.7
GKENERGY,143.23,2026-07-13,0.47,2.27,-0.22,24.33,1.32,
UNIDT,226.12,2026-07-13,1.54,6.74,-0.23,11.81,15.43,1.59
GNFC,502.65,2026-07-13,-3.52,-8.02,-0.24,14.32,5.95,-3.53
AWL,189.38,2026-07-13,-0.73,3.67,-0.24,5.92,-13.38,-29.47
ENERGY,39.31,2026-07-13,-0.93,-1.38,-0.25,5.28,14.2,
NRAIL,447.25,2026-07-13,8.01,3.23,-0.27,-4.63,1.36,26.8
DECCANCE,577.55,2026-07-13,1.31,-3.55,-0.28,-11.02,-15.4,-34.09
QPOWER,1217.4,2026-07-13,6.06,0.83,-0.3,22.56,82.61,56.89
AONETMMQ50,10.06,2026-07-13,-0.79,-1.18,-0.3,3.29,4.79,
MAZDOCK,2402.6,2026-07-13,-6.66,-1.81,-0.31,-3.7,-2.87,-23.84
GRSE,2640.6,2026-07-13,-4.52,-1.39,-0.31,4.71,8.11,-5.08
ZENITHEXPO,201.0,2026-07-13,0.3,0.0,-0.31,-7.55,-2.42,-18.7
WILLAMAGOR,25.51,2026-07-13,-5.8,-0.62,-0.31,-3.33,-7.54,-26.67
BBTC,1514.0,2026-07-13,-2.31,-2.09,-0.32,4.37,-15.86,-21.64
JINDWORLD,29.77,2026-07-13,-0.23,-1.81,-0.33,23.58,9.41,-30.56
REGENCERAM,39.29,2026-07-13,-0.58,-6.21,-0.33,-11.31,-15.58,-4.15
INDIANB,842.55,2026-07-13,7.07,3.42,-0.35,-10.97,5.23,36.26
IGPL,434.25,2026-07-13,-0.99,-2.96,-0.36,5.09,17.97,-5.46
GENUSPOWER,317.65,2026-07-13,-0.09,-0.25,-0.36,16.78,17.84,-11.68
TOKYOPLAST,84.06,2026-07-13,-4.91,-2.82,-0.37,15.77,-20.71,-34.33
SHREEKARNI,413.5,2026-07-10,-4.15,-7.16,-0.37,3.38,-10.11,-33.09
INDIAMART,1952.6,2026-07-13,3.35,1.31,-0.37,-4.64,-6.84,-22.87
WINNY,39.2,2026-07-10,-4.97,-4.97,-0.38,-6.67,-34.67,-69.85
TRANSWIND,13.15,2026-07-10,0.0,4.78,-0.38,-25.5,-48.43,-17.55
AARON,118.77,2026-07-13,0.36,1.18,-0.39,-15.51,-29.25,-34.04
NESCO,1085.6,2026-07-13,-5.71,-0.74,-0.39,-4.75,-6.66,-9.02
KENNAMET,2769.1,2026-07-13,-3.24,-7.26,-0.4,13.34,13.34,13.34
FIRSTCRY,215.89,2026-07-13,-0.17,-2.47,-0.4,-12.06,-19.77,-43.16
KOTHARIPRO,68.99,2026-07-13,-0.32,-0.66,-0.4,3.7,0.28,-19.03
NRBBEARING,424.1,2026-07-13,1.13,-1.33,-0.41,67.39,69.42,52.77
JUBLPHARMA,972.7,2026-07-13,-0.92,1.93,-0.41,9.01,-6.53,-16.2
EMULTIMQ,41.6,2026-07-13,0.22,1.07,-0.41,2.74,1.02,-3.14
HEMIPROP,139.8,2026-07-13,-0.72,0.93,-0.41,13.45,2.37,4.34
BENGALASM,6384.0,2026-07-13,2.84,2.01,-0.43,,,
RSYSTEMS,250.28,2026-07-13,11.11,4.76,-0.45,-3.11,-33.7,-41.77
LCCINFOTEC,4.45,2026-07-13,-6.32,-7.1,-0.45,-12.4,-17.59,-6.9
AGROPHOS,30.28,2026-07-13,-0.39,-0.3,-0.46,-4.84,-18.45,-13.11
DAMODARIND,30.1,2026-07-13,-3.74,0.0,-0.5,12.31,1.79,-22.44
PNB,106.34,2026-07-13,1.97,-0.58,-0.51,-1.17,-12.12,-0.71
ATLASCYCLE,97.89,2026-07-13,1.64,-1.01,-0.51,-18.05,-6.89,-25.96
INFOMEDIA,5.71,2026-07-13,1.6,0.88,-0.52,-5.62,-4.83,-23.15
CANARYS,19.0,2026-07-10,0.0,-8.87,-0.52,-19.32,-32.74,-38.91
VARDHACRLC,44.29,2026-07-13,0.98,1.28,-0.52,21.64,18.39,-5.5
VINEETLAB,33.79,2026-07-13,-0.09,1.35,-0.53,5.49,0.6,3.65
OCCLLTD,128.3,2026-07-13,2.12,3.2,-0.54,39.85,34.05,-1.7
PSUBANKADD,85.35,2026-07-13,0.97,-1.66,-0.55,-2.51,-2.81,20.89
ASTAR,600.0,2026-07-13,-2.91,-3.23,-0.56,,,
HITECH,89.12,2026-07-13,-0.85,-1.47,-0.59,5.26,4.44,-6.26
VRAJ,119.55,2026-07-13,3.99,2.34,-0.59,-8.14,-10.17,-30.53
CMRSL,67.85,2026-07-10,0.0,-4.97,-0.59,13.08,-10.43,-26.08
SHREYANIND,137.98,2026-07-13,-0.65,-0.02,-0.59,-12.1,-18.29,-40.0
SHOPERSTOP,372.45,2026-07-13,4.78,1.99,-0.59,25.81,0.23,-27.18
YUDIZ,24.35,2026-07-10,-9.48,-13.35,-0.61,-21.07,-9.48,-25.42
NTPC,351.75,2026-07-13,-1.26,-1.22,-0.61,-8.93,4.88,5.35
EXCELINDUS,911.4,2026-07-13,0.17,0.9,-0.66,-2.49,-2.17,-31.98
BMWVENTLTD,58.57,2026-07-13,0.9,-0.19,-0.66,0.81,18.29,
DPSCLTD,7.46,2026-07-13,0.0,2.05,-0.67,-17.57,-19.87,-46.23
PRUDMOULI,14.85,2026-07-13,-1.33,-3.57,-0.67,-10.54,-21.97,-61.91
KRBL,364.3,2026-07-13,-2.63,-3.92,-0.68,12.04,0.59,-5.42
PVSL,93.95,2026-07-13,-0.46,4.15,-0.69,-7.22,-21.53,-28.9
NIMBSPROJ,204.0,2026-07-13,3.93,-0.48,-0.7,6.12,,
IOC,139.95,2026-07-13,-1.22,0.55,-0.7,-0.8,-9.97,-0.95
ESABINDIA,5687.5,2026-07-13,-0.48,-1.17,-0.71,5.3,1.51,10.41
PNBGILTS,89.19,2026-07-13,-0.49,-1.29,-0.71,22.11,11.57,-5.0
PSUBNKBEES,94.6,2026-07-13,1.39,-0.96,-0.73,-2.24,-2.47,20.93
ZODIAC,273.8,2026-07-13,2.87,-0.69,-0.73,-4.18,-1.4,-41.29
BYKE,33.66,2026-07-13,3.47,3.44,-0.74,-15.53,-37.41,-58.3
SRHHYPOLTD,495.5,2026-07-13,-1.59,2.68,-0.74,7.4,2.43,-26.5
RVNL,231.54,2026-07-13,-0.98,-2.51,-0.74,-14.81,-29.66,-38.82
MANGALAM,27.97,2026-07-13,-0.57,-1.55,-0.75,-8.95,-34.4,-67.38
MAGNUM,19.6,2026-07-13,-0.76,1.03,-0.76,-9.34,-10.22,-19.18
BIRLACABLE,192.66,2026-07-13,1.83,-4.18,-0.76,31.64,43.79,8.95
ALICON,637.65,2026-07-13,-1.69,0.85,-0.76,-3.96,-17.14,-34.78
SRTL,40.72,2026-07-13,3.19,1.55,-0.76,-11.44,,
HINDUNILVR,2130.6,2026-07-13,-3.24,-0.96,-0.76,1.18,-9.93,-13.91
TEXMOPIPES,44.07,2026-07-13,-0.05,-4.47,-0.77,2.35,-3.97,-32.21
COMMOIETF,100.02,2026-07-13,-1.12,0.38,-0.78,0.9,3.79,11.11
DELPHIFX,8.86,2026-07-13,4.73,7.79,-0.78,-18.79,-45.6,-39.17
TEAMLEASE,1394.0,2026-07-13,-0.42,-3.68,-0.79,18.35,-6.08,-28.46
SVPGLOB,3.78,2026-07-13,-2.33,-2.58,-0.79,38.46,4.13,20.38
PSUBNKIETF,85.77,2026-07-13,1.19,-1.3,-0.79,-2.48,-2.63,20.57
CAPILLARY,504.05,2026-07-13,-2.29,-1.05,-0.79,-8.0,-24.8,
NAHARCAP,250.65,2026-07-13,1.27,1.07,-0.81,5.5,4.09,-21.21
BANKPSU,85.4,2026-07-13,1.67,-1.31,-0.81,-2.27,-2.29,20.81
SBIBPB,48.99,2026-07-13,1.81,-1.21,-0.83,-2.53,-2.99,19.75
UMA,18.0,2026-07-10,0.0,-2.17,-0.83,9.09,-13.04,-32.08
KAMAHOLD,2554.6,2026-07-13,-2.26,-0.38,-0.83,,,
SHREDIGCEM,73.03,2026-07-13,-3.82,-2.01,-0.84,3.32,-19.91,-1.84
APS,300.6,2026-07-10,-1.23,-0.46,-0.86,-16.27,-10.3,-44.87
PNC,20.4,2026-07-13,-2.44,-7.06,-0.87,-9.49,-18.43,-38.24
NATHBIOGEN,164.98,2026-07-13,-2.18,-0.12,-0.87,-4.6,12.37,-27.34
COCHINSHIP,1411.8,2026-07-13,-6.28,-1.11,-0.88,-1.62,-8.55,-28.37
ELANTAS,9461.0,2026-07-13,-4.03,-10.91,-0.88,,,
TTL,6.74,2026-07-13,0.45,-1.03,-0.88,-20.43,-13.14,-48.7
BEEKAY,401.5,2026-07-13,1.66,0.41,-0.89,,,
ABCOTS,208.31,2026-07-13,-3.65,-6.59,-0.89,-48.41,-49.09,-51.77
VAL30IETF,15.38,2026-07-13,-0.45,-0.13,-0.9,-0.71,2.67,15.73
INFOBEAN,167.85,2026-07-13,2.24,7.06,-0.91,-5.6,-21.1,80.4
SILGO,74.4,2026-07-13,-1.96,-0.72,-0.93,-0.73,4.57,28.19
IL&FSENGG,28.65,2026-07-13,-3.05,-2.65,-0.93,3.62,6.78,-15.69
THERMAX,4663.5,2026-07-13,-1.54,-8.64,-0.93,20.97,57.97,35.14
VINNY,1.06,2026-07-13,-3.64,-7.02,-0.93,-10.92,-11.67,-22.06
CSBBANK,362.95,2026-07-13,3.74,10.37,-0.93,-10.48,-30.03,-12.54
JISLDVREQS,23.27,2026-07-13,-2.68,-1.36,-0.94,0.34,-15.23,-26.66
ATLANTAA,39.48,2026-07-13,-0.23,0.97,-0.95,-1.82,-15.33,8.25
WIPRO,178.43,2026-07-13,2.36,1.68,-0.95,-12.09,-30.72,-27.74
PGHH,8906.0,2026-07-13,-0.62,1.06,-0.97,-9.07,-26.89,-31.04
CSLFINANCE,226.14,2026-07-13,0.44,-1.45,-0.98,-4.65,-21.59,-27.91
CGPOWER,905.5,2026-07-13,-2.11,-5.31,-0.98,26.45,56.03,35.9
JAICORPLTD,111.66,2026-07-13,-1.92,-1.83,-0.98,4.62,-6.66,6.21
GLOBAL,101.96,2026-07-13,-1.12,-2.69,-0.99,0.47,24.86,58.58
DWARKESH,43.84,2026-07-13,-2.64,0.8,-0.99,-4.36,26.34,-7.02
NEXTMEDIA,3.96,2026-07-13,-1.25,-0.5,-1.0,-6.82,-33.33,-40.9
ROML,44.94,2026-07-13,-0.88,-2.3,-1.01,3.55,-7.83,-18.44
JSWENERGY,553.65,2026-07-13,1.14,-5.56,-1.02,9.01,12.42,6.08
ANUHPHR,78.77,2026-07-13,-1.78,-1.38,-1.03,0.42,3.88,-22.17
ICICIAMC,3205.6,2026-07-13,-2.72,-2.34,-1.03,-4.04,21.08,
BEDMUTHA,109.98,2026-07-13,0.04,2.47,-1.03,-1.01,-4.05,-27.14
ICICIB22,117.23,2026-07-13,-1.31,-1.48,-1.04,-3.52,0.2,6.82
ATGL,720.95,2026-07-13,-0.46,-1.46,-1.04,26.0,29.84,11.86
UNIVCABLES,1164.2,2026-07-13,2.02,-4.85,-1.05,50.53,44.49,49.21
HBLENGINE,766.2,2026-07-13,-5.11,-3.36,-1.05,1.9,-9.2,25.83
MUFTI,87.16,2026-07-13,-1.41,0.29,-1.07,11.39,-7.85,-47.35
GULFPETRO,39.49,2026-07-13,2.2,0.3,-1.08,22.03,17.04,-11.26
HDFCPSUBK,85.53,2026-07-13,1.19,-1.42,-1.08,-3.02,-2.55,20.91
INVENTURE,0.92,2026-07-13,-1.08,-1.08,-1.08,-2.13,-18.58,-45.24
TITAGARH,849.3,2026-07-13,-2.19,-3.31,-1.09,21.89,7.23,-8.63
NSIL,5492.5,2026-07-13,1.91,0.64,-1.09,-1.89,-11.26,-23.37
ALPA,68.91,2026-07-13,0.73,1.31,-1.12,3.19,-3.88,-33.6
SPIC,68.11,2026-07-13,-0.79,0.74,-1.13,1.88,-12.95,-17.35
VAKRANGEE,6.12,2026-07-13,0.33,0.66,-1.13,-4.97,-17.41,-38.12
ISGEC,899.75,2026-07-13,-2.69,-2.59,-1.13,-9.78,13.16,-23.34
XTGLOBAL,28.55,2026-07-13,-3.64,-3.25,-1.14,-2.56,-8.49,-17.47
VALUE,16.19,2026-07-13,-0.43,0.0,-1.16,0.81,,
PRECWIRE,387.15,2026-07-13,0.62,-3.44,-1.17,13.43,70.81,105.62
CUMMINSIND,5555.0,2026-07-13,-0.42,0.24,-1.18,11.29,40.29,58.83
CELEBRITY,7.49,2026-07-13,-3.23,-1.32,-1.19,-0.4,-3.23,-48.73
KRISHIVAL,399.75,2026-07-13,-0.94,-0.42,-1.19,24.53,15.8,1.94
RSL,128.82,2026-07-13,-1.28,0.16,-1.2,4.03,,
CYIENT,867.4,2026-07-13,-0.29,-1.61,-1.2,-3.21,-26.18,-30.86
WONDERLA,472.45,2026-07-13,-4.11,-5.01,-1.21,-12.42,-9.99,-25.86
MAHICKRA,240.0,2026-07-10,-7.26,-3.54,-1.23,4.91,47.78,80.7
INFY,1102.6,2026-07-13,5.8,6.36,-1.24,-11.77,-29.55,-28.29
ANTGRAPHIC,0.78,2026-07-13,1.3,-4.88,-1.27,-8.24,-21.21,-36.07
HEXATRADEX,161.35,2026-07-13,1.27,-0.4,-1.27,0.53,1.41,-11.21
BESTAGRO,15.61,2026-07-13,-0.95,5.4,-1.27,-12.11,-48.16,-39.22
VALIANTORG,276.6,2026-07-13,-0.36,-0.84,-1.27,4.78,8.28,-31.77
AWFIS,299.2,2026-07-13,-0.76,1.66,-1.27,-6.0,-35.06,-52.81
EMMVEE,339.2,2026-07-13,-3.32,2.06,-1.27,42.36,59.94,
TARC,123.72,2026-07-13,-0.65,-0.17,-1.28,0.03,-29.29,-38.73
JAYAGROGN,222.95,2026-07-13,6.88,8.83,-1.28,13.83,13.52,-11.19
OSWALSEEDS,10.79,2026-07-13,-0.55,-1.19,-1.28,-12.63,-27.44,-22.98
WEIZMANIND,80.13,2026-07-13,-2.19,-5.57,-1.28,0.04,-13.42,-32.32
KANANIIND,1.54,2026-07-13,1.32,1.99,-1.28,-7.78,-4.35,-27.36
RICOAUTO,131.46,2026-07-13,-3.27,-1.15,-1.3,13.03,2.64,69.48
HALDYNGL,122.95,2026-07-13,-1.15,6.74,-1.32,,,
SHARDACROP,911.15,2026-07-13,-1.06,3.49,-1.32,-12.69,12.93,11.27
GROWWPSUBK,84.64,2026-07-13,0.69,-0.9,-1.32,-2.17,,
TRANSWORLD,159.01,2026-07-13,-0.9,-2.88,-1.33,10.63,-3.5,-42.05
HATSUN,901.9,2026-07-13,-0.18,-2.69,-1.34,0.08,-2.1,-3.21
ALANKIT,8.07,2026-07-13,-1.71,-0.62,-1.34,-8.4,-22.18,-52.59
OMPOWER,175.58,2026-07-13,-1.03,-2.7,-1.34,,,
DJML,111.8,2026-07-13,-6.05,-2.99,-1.35,30.55,59.46,-10.06
ANMOL,10.93,2026-07-13,-1.0,-1.53,-1.35,-3.53,-17.7,-37.76
PREMCO,373.6,2026-07-13,2.36,2.64,-1.35,,,
MILTON,39.95,2026-07-10,0.0,5.13,-1.36,-20.58,13.33,38.24
LICHSGFIN,551.9,2026-07-13,0.56,-1.58,-1.36,6.06,5.92,-7.12
PREMIER,2.91,2026-07-13,-1.02,-3.32,-1.36,-9.35,0.0,-23.42
GUJTHEM,381.95,2026-07-13,-0.79,-0.59,-1.38,34.98,4.1,10.93
AILIMITED,35.55,2026-07-10,4.56,3.64,-1.39,-1.11,6.28,-48.48
GROWWRAIL,28.88,2026-07-13,-1.16,-0.59,-1.4,-6.11,-14.61,-24.22
UBL,1334.4,2026-07-13,-2.54,0.88,-1.4,-8.71,-13.0,-31.57
APEX,413.25,2026-07-13,4.0,4.51,-1.41,-2.24,51.29,73.1
IIFLCAPS,337.15,2026-07-13,-0.53,-0.15,-1.42,19.4,-8.05,3.13
SALONA,255.4,2026-07-13,0.14,-0.47,-1.43,-7.98,1.13,-9.19
ICEMAKE,764.65,2026-07-13,-1.25,0.45,-1.43,-2.96,1.93,-2.09
SYSTANGO,219.5,2026-07-10,-0.9,-1.99,-1.44,-18.37,-23.31,-7.41
MITCON,78.0,2026-07-13,2.17,-5.22,-1.45,15.11,23.81,-4.9
QUINTEGRA,1.36,2026-07-13,4.62,3.03,-1.45,4.62,-2.86,-28.8
INDRAMEDCO,378.9,2026-07-13,-0.59,-0.33,-1.46,-10.79,-7.1,-21.55
GROWWMETAL,12.03,2026-07-13,-0.91,0.5,-1.47,3.0,11.69,
FLFL,1.32,2026-07-13,-2.94,-6.38,-1.49,-1.49,-12.0,-38.6
MOVALUE,114.48,2026-07-13,-0.28,0.02,-1.5,0.25,-1.85,9.01
QUICKHEAL,168.04,2026-07-13,-2.37,-3.6,-1.51,2.92,-25.63,-55.76
METAL,12.73,2026-07-13,-0.86,0.63,-1.55,2.66,11.57,35.28
IWP,33.43,2026-07-13,1.92,0.12,-1.56,,,
HINDWAREAP,247.85,2026-07-13,-0.84,-2.61,-1.56,19.41,3.66,-8.47
BLBLIMITED,16.05,2026-07-13,-1.47,6.64,-1.59,-4.97,25.29,8.81
LTTS,3297.7,2026-07-13,4.3,5.36,-1.59,-0.63,-22.76,-24.06
ATL,23.59,2026-07-13,-0.21,-1.26,-1.59,-2.88,-11.61,-19.1
APOLLO,402.85,2026-07-13,-4.95,-1.06,-1.6,73.29,61.85,124.23
MHRIL,231.68,2026-07-13,-0.36,-3.79,-1.61,-8.84,-23.4,-35.14
PASHUPATI,86.95,2026-07-13,-0.69,0.44,-1.61,-12.95,7.41,31.67
GSFC,161.7,2026-07-13,0.03,-0.3,-1.61,-3.43,-6.75,-17.74
YASHOPTICS,121.0,2026-07-10,-0.82,-0.78,-1.63,4.09,4.45,49.85
KSCL,864.35,2026-07-13,-5.03,-4.57,-1.65,-6.57,-3.66,-23.58
SOUTHBANK,45.88,2026-07-13,-2.09,0.09,-1.67,19.67,13.37,55.01
BCLIND,37.16,2026-07-13,3.77,9.94,-1.67,15.69,24.11,-10.66
IEX,118.8,2026-07-13,-3.95,-4.82,-1.69,-6.55,-13.57,-40.84
SONAMLTD,53.98,2026-07-13,0.78,4.92,-1.69,0.84,34.48,10.96
ATALREAL,28.96,2026-07-13,2.77,2.15,-1.7,16.07,11.9,44.22
UFO,70.52,2026-07-13,-1.52,-0.68,-1.7,0.07,-11.7,-7.32
KEC,495.85,2026-07-13,-1.89,-3.79,-1.7,-12.08,-27.71,-42.29
TIIL,2465.4,2026-07-13,-1.17,-5.81,-1.71,3.34,19.42,-22.14
SECURKLOUD,18.88,2026-07-13,5.71,-0.63,-1.72,-28.35,-23.25,-19.14
PARAGMILK,229.46,2026-07-13,-1.8,-0.6,-1.73,11.41,-16.18,-1.19
MAANALU,122.07,2026-07-13,-0.62,-0.62,-1.74,-10.51,-18.3,1.92
GENUSPAPER,11.83,2026-07-13,1.2,-1.25,-1.74,-5.51,-9.28,-39.7
GROWWPOWER,11.75,2026-07-13,-1.26,-3.77,-1.76,5.86,,
RHL,173.91,2026-07-13,-4.49,-1.29,-1.77,-7.64,-15.1,-36.94
KONTOR,58.0,2026-07-10,-0.34,-0.85,-1.78,-17.08,-12.58,-26.3
CANBK,129.33,2026-07-13,2.27,2.76,-1.78,-3.73,-11.44,19.37
GILLANDERS,89.33,2026-07-13,0.38,-3.72,-1.78,0.95,-12.29,-32.71
CHEMPLASTS,199.31,2026-07-13,-3.85,-0.45,-1.79,-14.51,-28.34,-52.72
BIOCON,410.95,2026-07-13,-3.15,-0.92,-1.8,19.26,9.05,9.95
HCL-INSYS,11.97,2026-07-13,-0.75,-2.13,-1.8,-0.99,-9.18,-26.16
OMFURN,53.95,2026-07-10,-0.09,-0.19,-1.82,-14.91,-20.78,-46.58
SEDEMAC,2719.6,2026-07-13,-2.52,0.1,-1.84,63.99,,
DOLATALGO,73.27,2026-07-13,1.09,1.52,-1.85,-7.62,-16.43,-25.89
BTML,6.38,2026-07-13,3.91,4.93,-1.85,-2.74,-19.65,-23.78
RAJSREESUG,31.88,2026-07-13,0.79,2.15,-1.85,7.12,-0.78,-32.44
RMC,294.5,2026-07-13,-2.53,-5.62,-1.88,-26.17,,
APCOTEXIND,519.35,2026-07-13,1.66,4.61,-1.88,38.86,49.1,32.01
NFL,73.63,2026-07-13,-1.42,-1.09,-1.88,-0.88,-11.42,-23.16
BAWEJA,28.5,2026-07-10,1.97,-4.68,-1.89,-8.65,-32.14,-44.66
SHAH,4.64,2026-07-13,-9.2,14.57,-1.9,-5.88,-10.94,17.17
AIIL,520.0,2026-07-13,-0.43,0.38,-1.91,21.28,-22.14,-1.09
CINELINE,77.86,2026-07-13,-5.33,1.16,-1.91,-10.26,-6.64,-16.58
ITC,279.65,2026-07-13,-2.98,-3.8,-1.91,-3.81,-12.37,-29.63
KHADIM,101.34,2026-07-13,-5.2,-7.62,-1.94,1.12,-41.46,-61.37
PITTIENG,973.55,2026-07-13,2.18,0.89,-1.96,17.56,33.97,1.11
SINGERIND,67.54,2026-07-13,-3.25,-7.15,-1.96,-11.97,,
ESFL,116.9,2026-07-10,0.78,1.21,-1.97,-21.36,-20.42,-76.09
ABDL,626.25,2026-07-13,-10.88,-5.04,-1.98,26.36,30.74,41.23
BHARATRAS,1377.1,2026-07-13,3.23,2.37,-1.99,-13.22,-37.13,-50.95
MEDIASSIST,365.55,2026-07-13,0.4,0.81,-2.0,4.37,-17.69,-35.6
BHANDARI,2.94,2026-07-13,-2.33,-1.01,-2.0,-5.77,-24.62,-47.97
TIRUPATI,488.0,2026-07-10,-4.31,-4.31,-2.01,8.2,-29.28,-2.4
SNOWMAN,36.55,2026-07-13,-2.71,-0.52,-2.01,-8.1,-4.76,-38.05
ASHOKAMET,14.81,2026-07-13,-1.4,-1.59,-2.05,-9.2,0.41,-12.68
ELDEHSG,788.05,2026-07-13,-3.78,-2.14,-2.06,-1.03,-12.89,2.87
MANYAVAR,398.95,2026-07-13,-0.87,-3.16,-2.07,-4.58,-26.25,-49.35
HPL,351.05,2026-07-13,0.07,-2.13,-2.08,8.38,-1.67,-41.37
METALIETF,12.68,2026-07-13,-0.63,0.71,-2.08,2.42,11.13,34.89
SASKEN,2076.0,2026-07-13,1.19,-5.1,-2.1,68.88,48.65,46.63
SUKHJITS,169.4,2026-07-13,-3.72,-2.48,-2.11,-4.35,-4.72,-3.31
ASPIRE,13.95,2026-07-10,2.57,-7.92,-2.11,8.14,-14.68,-48.33
LAXMIDENTL,221.94,2026-07-13,-1.43,-0.92,-2.12,16.54,-9.02,-48.28
POLYCAB,9306.5,2026-07-13,-2.9,-4.83,-2.13,23.88,23.77,39.45
BABAFP,23.0,2026-07-10,-4.17,-8.0,-2.13,-8.37,-34.1,-40.1
BANCOINDIA,674.85,2026-07-13,-0.33,3.29,-2.13,16.59,5.47,7.66
URBAN,127.5,2026-07-10,0.2,3.03,-2.15,-11.3,-15.0,-16.12
MONOPHARMA,11.0,2026-07-10,-1.79,-0.9,-2.22,-9.09,-16.67,-55.01
ORKLAINDIA,590.95,2026-07-13,-2.13,-4.2,-2.23,-3.27,-3.35,
UNIECOM,88.16,2026-07-13,-2.14,0.81,-2.23,-3.82,-23.31,-28.02
ATAM,69.94,2026-07-13,1.0,0.84,-2.24,2.94,-13.77,-34.63
LPDC,6.46,2026-07-13,-0.46,0.47,-2.27,-12.23,-7.98,-22.82
KCPSUGIND,21.97,2026-07-13,0.6,-0.5,-2.27,-13.81,-11.05,-37.23
RETAIL,17.57,2026-07-13,-9.67,1.56,-2.28,-22.5,-27.84,-51.18
PRINCEPIPE,270.6,2026-07-13,-0.64,-5.15,-2.28,12.58,12.03,-26.2
HONDAPOWER,2143.5,2026-07-13,-1.53,-1.59,-2.28,-1.1,-1.6,-28.22
THYROCARE,510.15,2026-07-13,-6.43,-2.72,-2.29,29.91,10.27,45.93
SLONE,127.0,2026-07-10,3.38,-13.37,-2.31,-38.84,-50.19,-54.33
RELIABLE,144.42,2026-07-13,-0.61,-3.07,-2.31,18.87,-3.94,97.04
SYNCOMF,13.94,2026-07-13,-0.21,0.14,-2.31,4.26,7.07,-25.85
AAATECH,95.04,2026-07-13,-0.12,0.9,-2.32,-3.15,-15.74,18.25
FLAIR,264.15,2026-07-13,1.19,-0.11,-2.33,-15.24,-16.8,-11.55
EMUDHRA,456.15,2026-07-13,4.55,3.06,-2.35,-5.83,-18.41,-40.64
IRB,20.32,2026-07-13,-1.79,-6.06,-2.35,-4.74,-0.27,-14.01
HINDCOPPER,497.95,2026-07-13,0.68,0.35,-2.36,-5.52,-7.55,90.87
RAJPALAYAM,822.55,2026-07-13,-0.25,0.1,-2.36,,,
DCMFINSERV,5.38,2026-07-13,1.51,-1.82,-2.36,-3.41,11.62,-19.46
CREST,369.85,2026-07-13,-1.62,-2.66,-2.38,6.26,-1.74,-6.3
TGL,20.55,2026-07-10,20.53,25.69,-2.38,-32.73,-71.3,-81.28
MWL,37.05,2026-07-13,-2.15,0.42,-2.38,38.22,33.32,122.86
SUNFLAG,344.05,2026-07-13,0.56,0.91,-2.38,37.7,33.9,14.19
RTNPOWER,9.02,2026-07-13,-0.22,0.11,-2.38,-1.1,1.23,-44.04
HGS,417.4,2026-07-13,1.71,0.4,-2.39,4.51,-2.56,-23.5
3BBLACKBIO,1215.1,2026-07-13,0.63,3.52,-2.43,,,
FMNL,10.0,2026-07-13,-3.94,-8.42,-2.44,17.92,21.21,-37.07
SBGLP,25.2,2026-07-13,0.28,-0.12,-2.44,-20.65,-29.15,-43.64
SUPREMEINF,79.14,2026-07-13,-4.5,11.15,-2.45,2.85,-6.11,-32.82
OSWALAGRO,40.96,2026-07-13,-1.47,-1.85,-2.45,-17.32,-22.35,-50.8
TIJARIA,4.37,2026-07-13,0.92,-0.91,-2.46,-11.72,8.17,-46.71
MCX,2782.1,2026-07-13,2.17,-4.54,-2.49,0.6,21.33,73.5
SAGARDEEP,24.03,2026-07-13,-2.28,-3.53,-2.52,4.34,-10.6,-20.95
ACI,529.25,2026-07-13,-0.12,1.52,-2.53,-12.83,4.07,-21.01
DRCSYSTEMS,13.81,2026-07-13,-1.57,-1.5,-2.54,-11.98,-17.65,-26.85
SANSTAR,113.52,2026-07-13,-2.7,-6.19,-2.54,35.09,22.3,20.48
VOLTAMP,9471.0,2026-07-13,-3.82,-6.04,-2.56,0.08,32.27,-0.78
HSCL,663.1,2026-07-13,-3.08,-1.84,-2.56,41.11,40.1,33.01
SIEMENS,3477.8,2026-07-13,-2.63,-2.67,-2.57,4.02,17.98,11.55
IPL,156.76,2026-07-13,-3.06,-2.8,-2.57,6.57,-6.24,-23.13
FINPIPE,168.56,2026-07-13,-2.98,-3.42,-2.58,2.09,-3.13,-16.57
ELCIDIN,113985.0,2026-07-13,0.55,0.43,-2.58,,,
DRREDDY,1234.5,2026-07-13,-9.18,-9.69,-2.59,0.52,4.28,-0.99
INFINIUM,205.05,2026-07-10,-5.27,-0.46,-2.59,-4.65,-6.8,-28.34
TRACXN,30.45,2026-07-13,2.42,1.53,-2.59,-6.88,-21.46,-49.96
COLPAL,2025.0,2026-07-13,-2.63,1.29,-2.6,6.94,-2.74,-12.84
IRCON,131.81,2026-07-13,-1.82,0.45,-2.62,-2.49,-18.12,-30.11
ASIANPAINT,2652.1,2026-07-13,-3.73,-0.18,-2.63,13.72,-7.32,9.84
HNGSNGBEES,481.9,2026-07-13,-0.35,0.93,-2.64,-7.38,-9.42,25.39
SURAKSHA,260.95,2026-07-13,-3.55,-4.52,-2.65,-5.42,-2.36,-17.72
DEEPAKFERT,1513.4,2026-07-13,-5.72,-2.01,-2.65,41.22,23.59,-3.7
AXISBANK,1319.4,2026-07-13,-1.43,-2.68,-2.65,-2.45,4.63,12.49
MTEDUCARE,1.83,2026-07-13,-8.5,-24.07,-2.66,28.87,16.56,-18.3
MADHAVIPL,8.42,2026-07-13,-1.41,-1.29,-2.66,,,
SVLL,676.3,2026-07-13,-2.13,-5.03,-2.67,14.87,1.7,-3.61
ARCHIDPLY,80.2,2026-07-13,-2.05,-0.17,-2.67,0.45,-7.07,-21.1
HEADSUP,6.91,2026-07-13,1.47,-1.71,-2.68,-0.43,-19.84,-29.7
PYRAMID,163.53,2026-07-13,-2.15,-1.38,-2.7,7.09,0.41,-6.92
MODISONLTD,296.7,2026-07-13,0.22,-3.72,-2.71,109.86,92.61,76.45
RAJMET,3.59,2026-07-13,-2.71,-2.18,-2.71,-9.8,-17.47,-29.33
FORTIS,963.5,2026-07-13,-1.69,1.38,-2.71,13.32,6.11,26.17
SUPERSPIN,5.0,2026-07-13,-7.24,-12.74,-2.72,1.21,-37.5,-51.92
AIRAN,15.72,2026-07-13,-1.5,-3.56,-2.72,-6.21,-3.79,-47.88
MERCANTILE,25.07,2026-07-13,1.09,4.11,-2.72,,,
MKPL,4.6,2026-07-13,-2.95,-3.36,-2.75,-12.05,-22.69,-36.64
DHRUV,26.92,2026-07-13,2.36,-5.01,-2.75,-19.57,-40.11,-62.5
ASMS,7.05,2026-07-13,-1.26,-1.26,-2.76,-15.57,-36.71,-48.99
INDUSTOWER,409.55,2026-07-13,5.95,3.78,-2.77,-6.59,-4.29,1.27
TEGA,1707.9,2026-07-13,2.58,0.18,-2.77,1.08,-9.06,0.92
GRAPHITE,626.5,2026-07-13,0.97,1.94,-2.79,-1.74,4.54,13.52
VSTIND,241.05,2026-07-13,-5.91,-3.08,-2.8,11.52,4.1,-15.34
SAROJA,33.0,2026-07-10,0.0,0.0,-2.8,2.01,-14.06,-8.33
SJVN,70.57,2026-07-13,-1.64,-1.7,-2.81,-2.65,-9.76,-26.5
INFOLLION,171.0,2026-07-10,-0.78,-0.06,-2.81,-48.06,-55.16,-63.62
VEEKAYEM,130.0,2026-07-10,0.0,6.73,-2.84,11.02,-0.73,-47.96
CORDSCABLE,205.83,2026-07-13,-3.16,-0.75,-2.86,30.9,19.28,6.73
DBL,418.15,2026-07-13,-2.73,-9.85,-2.87,-4.41,-11.18,-14.92
CUBEXTUB,80.72,2026-07-13,-1.36,-2.88,-2.89,-9.65,-27.94,-13.28
TGBHOTELS,8.72,2026-07-13,-1.13,-3.65,-2.9,-11.74,-9.92,-26.72
OILCOUNTUB,54.5,2026-07-13,-7.3,-9.15,-2.9,17.69,-10.79,-39.21
INDIACEM,381.65,2026-07-13,0.12,1.06,-2.91,0.34,-18.29,10.13
ITI,290.55,2026-07-13,-2.2,-1.87,-2.91,0.51,-4.74,-7.91
JAYSREETEA,84.54,2026-07-13,-1.85,-3.16,-2.92,2.46,-0.19,-23.6
CEIGALL,364.1,2026-07-13,1.6,-8.04,-2.92,22.22,31.92,27.02
KRN,1224.4,2026-07-13,-0.5,-2.09,-2.92,16.6,72.08,38.08
INM,165.0,2026-07-10,-1.2,0.0,-2.94,-8.33,-32.1,-66.98
SMLT,67.76,2026-07-13,-3.54,-1.17,-2.94,-1.78,-14.02,-44.91
JKIPL,99.54,2026-07-13,0.88,-8.65,-2.94,51.58,16.12,
SUNTV,499.5,2026-07-13,-2.63,-2.75,-2.95,-19.12,-9.76,-9.9
PROTEAN,599.05,2026-07-13,-1.39,1.34,-2.97,12.35,-15.73,-25.2
VMM,116.21,2026-07-13,-2.4,0.36,-2.97,1.46,-9.33,-13.03
CHAMBLFERT,456.25,2026-07-13,-4.16,-3.8,-2.97,-0.22,2.98,-13.02
LT,3928.5,2026-07-13,-2.78,-5.68,-2.98,0.32,2.04,12.04
HERANBA,183.25,2026-07-13,-2.68,1.48,-2.98,-8.5,-17.81,-50.11
ABMKNO,205.1,2026-07-13,-6.76,3.07,-2.99,,,
COALINDIA,430.2,2026-07-13,-0.5,-3.29,-3.0,-1.13,1.63,20.87
AXITA,7.42,2026-07-13,-1.59,-1.46,-3.01,-15.49,-10.21,-9.31
CELLO,365.95,2026-07-13,-0.26,-2.17,-3.01,-13.1,-27.34,-41.36
UPL,591.75,2026-07-13,-2.78,4.11,-3.01,-8.08,-23.49,-9.35
VIVIANA,792.75,2026-07-13,-0.22,-3.35,-3.03,9.59,15.44,-38.17
CYBERMEDIA,16.27,2026-07-13,0.99,1.69,-3.04,5.79,2.39,-4.01
KIOCL,386.5,2026-07-13,-0.14,-1.16,-3.05,8.25,6.77,34.18
BANARISUG,3505.1,2026-07-13,0.76,2.19,-3.06,-3.34,-2.65,-6.79
NELCAST,135.08,2026-07-13,-4.36,-0.79,-3.06,6.85,40.65,-2.64
SESHAPAPER,220.85,2026-07-13,-4.02,-2.47,-3.06,-15.13,-6.13,-24.53
APCL,105.0,2026-07-13,-0.58,-1.99,-3.07,-9.13,-25.16,-29.87
MOTOGENFIN,28.4,2026-07-13,-1.93,-2.24,-3.07,24.95,23.32,5.22
AMRUTANJAN,540.45,2026-07-13,1.68,0.11,-3.09,2.89,-11.28,-25.12
NEAGI,3101.0,2026-07-13,0.03,0.03,-3.09,,,
PRAMARA,133.0,2026-07-10,-0.15,1.6,-3.1,-61.32,-61.7,-33.75
FIEMIND,2236.8,2026-07-13,-0.28,-0.36,-3.11,3.32,-0.84,18.65
BONLON,41.5,2026-07-13,-0.98,-0.88,-3.11,-6.3,,
PREMEXPLN,670.95,2026-07-13,-10.58,-17.01,-3.13,46.34,32.43,23.25
KRITIKA,5.81,2026-07-13,1.4,0.35,-3.17,-3.97,-17.82,-41.19
PRIMO,23.8,2026-07-13,-1.29,-2.5,-3.17,4.11,7.99,-7.43
SALZERELEC,614.8,2026-07-13,-2.39,-2.16,-3.17,3.58,-0.83,-28.13
SICAGEN,52.61,2026-07-13,-0.51,-0.47,-3.2,116.06,116.06,116.06
XELPMOC,83.4,2026-07-13,-1.35,-1.88,-3.21,-20.99,-36.29,-9.89
NPST,1594.6,2026-07-13,-4.3,0.71,-3.21,30.15,20.54,-20.47
ALBERTDAVD,702.3,2026-07-13,-0.86,0.65,-3.21,-2.36,-2.32,-22.02
PIONEEREMB,23.42,2026-07-13,0.52,4.88,-3.22,-4.13,-14.49,-44.71
OSWALGREEN,22.47,2026-07-13,-0.58,-0.62,-3.23,-17.66,-24.5,-50.33
WALCHANNAG,256.85,2026-07-13,8.74,-6.29,-3.24,44.55,57.02,21.08
SELMC,29.02,2026-07-13,-0.82,-0.72,-3.27,-10.84,-0.03,-15.64
HMAAGRO,21.88,2026-07-13,-0.23,-0.18,-3.27,-3.44,-21.24,-27.5
DENTALKART,373.65,2026-07-10,0.76,-1.37,-3.27,-1.68,-35.18,-38.97
ALKALI,84.0,2026-07-13,-1.82,0.12,-3.28,27.85,10.35,-12.56
RUDRA,17.35,2026-07-13,0.41,0.87,-3.29,-4.98,-29.93,
ORIENTPPR,16.72,2026-07-13,-1.24,-0.59,-3.3,-7.11,-24.65,-44.08
BASILIC,202.1,2026-07-10,0.1,0.7,-3.3,-13.47,-34.87,-54.72
MBLINFRA,25.67,2026-07-13,-4.11,-1.27,-3.31,-4.36,-7.76,-40.67
BBTCL,214.45,2026-07-13,-3.46,-0.75,-3.31,11.84,10.56,30.79
DAVANGERE,3.49,2026-07-13,-3.06,-2.79,-3.32,-5.42,-28.63,-2.24
FRONTSP,1429.5,2026-07-13,-2.25,1.54,-3.33,,,
SADHAV,116.0,2026-07-10,1.0,3.11,-3.33,2.65,11.86,-0.3
MICROPRO,18.8,2026-07-10,-1.05,-2.34,-3.34,-9.62,-7.62,-21.01
SHUBHLAXMI,24.45,2026-07-10,-5.6,-6.68,-3.36,-6.14,-32.08,51.86
SPENCERS,35.39,2026-07-13,-4.56,0.08,-3.36,8.39,-7.72,-42.6
TATAPOWER,377.85,2026-07-13,0.08,-2.24,-3.39,-7.17,3.19,-4.2
TDPOWERSYS,1152.2,2026-07-13,-1.87,-6.55,-3.4,25.85,67.64,136.73
GKWLIMITED,1780.0,2026-07-13,4.44,1.89,-3.4,14.36,4.71,0.78
DNAMEDIA,2.83,2026-07-13,-0.7,4.04,-3.41,-10.16,-23.92,-43.63
ADANIPOWER,215.46,2026-07-13,-2.0,-5.1,-3.41,18.81,50.27,78.38
CRIZAC,198.92,2026-07-13,-0.16,0.6,-3.42,-7.97,-20.64,-38.48
SALSTEEL,57.07,2026-07-13,1.35,4.75,-3.42,15.43,42.04,233.16
AJOONI,3.67,2026-07-13,-5.41,0.82,-3.42,-12.83,-10.05,-35.16
AHLADA,38.56,2026-07-13,-1.73,-2.53,-3.43,-13.45,-27.0,-41.06
ADROITINFO,8.99,2026-07-13,-0.11,0.78,-3.44,-5.77,-10.46,-18.42
VIKASLIFE,1.4,2026-07-13,-2.1,-2.1,-3.45,-10.83,-21.35,-44.22
KARMAENG,39.98,2026-07-13,-4.01,-3.59,-3.45,-4.51,-15.97,-42.13
RUCHIRA,104.93,2026-07-13,1.78,-4.44,-3.46,-5.53,-10.35,-22.54
VIAZ,61.3,2026-07-10,1.49,-5.55,-3.46,0.49,-4.59,11.56
SCILAL,43.37,2026-07-13,-0.96,-1.32,-3.47,4.08,-6.61,-17.47
SUZLON,53.17,2026-07-13,-4.15,-7.06,-3.47,15.94,9.2,-19.34
DHANUKA,1043.6,2026-07-13,-4.29,-1.09,-3.48,3.59,-2.58,-35.69
KLBRENG-B,454.9,2026-07-13,-5.86,-6.74,-3.48,,,
BAYERCROP,4099.8,2026-07-13,-1.76,0.82,-3.48,-16.21,-7.41,-32.09
GOYALALUM,6.63,2026-07-13,-3.77,-4.33,-3.49,-5.82,-22.37,-17.95
DRONE,40.05,2026-07-10,-2.32,-2.08,-3.49,-22.68,-36.78,-61.86
NBCC,101.49,2026-07-13,1.93,-2.74,-3.49,14.48,-3.5,-9.52
MANUGRAPH,14.88,2026-07-13,-2.68,-5.94,-3.5,15.53,-4.43,-25.49
HSBCGOLD,123.61,2026-07-13,-1.97,0.67,-3.51,-6.51,,
MHHL,33.0,2026-07-10,2.48,-6.65,-3.51,-17.6,-13.27,-43.1
IVC,8.14,2026-07-13,0.49,-0.12,-3.55,12.28,3.43,-1.12
RSWM,201.7,2026-07-13,2.41,5.11,-3.56,33.98,47.99,17.97
ENIL,105.98,2026-07-13,-1.37,-0.04,-3.58,-2.74,-10.19,-26.33
ASTRON,3.76,2026-07-13,-1.05,-3.09,-3.59,-18.44,-34.61,-75.87
GFLLIMITED,46.41,2026-07-13,0.13,1.58,-3.61,1.29,-15.12,-27.44
AMBALALSA,31.38,2026-07-13,-2.33,-0.1,-3.62,,,
DONEAR,85.71,2026-07-13,-1.12,-1.51,-3.62,-3.93,-3.53,-21.45
WINDMACHIN,312.8,2026-07-13,-2.36,2.54,-3.62,12.76,27.18,-14.1
SUPREMEIND,3334.6,2026-07-13,3.11,4.4,-3.64,-11.58,-3.08,-18.14
MOTISONS,14.25,2026-07-13,-5.0,1.93,-3.65,5.24,8.53,-36.86
SCI,286.2,2026-07-13,-2.57,-6.87,-3.65,16.22,36.81,36.42
GOLDBND,141.48,2026-07-13,-2.1,0.37,-3.65,-5.33,,
GUJALKALI,610.5,2026-07-13,0.76,0.38,-3.66,-4.55,26.83,5.93
BAJEL,191.2,2026-07-13,1.55,-0.61,-3.67,14.12,14.18,-22.15
NLCINDIA,304.65,2026-07-13,-1.07,-7.05,-3.68,12.09,21.01,36.85
INCREDIBLE,33.32,2026-07-13,2.52,0.24,-3.7,-4.17,-10.77,-19.22
IRCTC,502.05,2026-07-13,-1.36,-0.36,-3.7,-6.66,-19.89,-34.19
AKI,4.68,2026-07-13,-1.06,-0.21,-3.7,-9.13,-25.83,-69.85
COMFINTE,5.72,2026-07-13,-2.05,-1.89,-3.7,,,
ZEEMEDIA,8.31,2026-07-13,0.12,2.85,-3.71,6.81,-4.26,-41.85
CESC,161.92,2026-07-13,-4.31,-1.56,-3.71,0.68,1.14,-4.26
GMDCLTD,589.55,2026-07-13,-1.42,1.93,-3.72,-4.08,3.37,58.43
SIRCA,402.6,2026-07-13,0.04,-0.94,-3.72,-6.18,-15.95,-4.87
GOLDETF,137.7,2026-07-13,-2.48,0.92,-3.73,-5.11,0.63,44.54
MOKSH,11.57,2026-07-13,-2.69,-6.69,-3.74,5.47,-21.61,-20.97
EGOLD,141.7,2026-07-13,-1.7,1.07,-3.77,-5.15,0.64,44.15
CAMPUS,229.41,2026-07-13,-1.6,-1.27,-3.77,-3.48,-9.4,-18.96
PFC,405.1,2026-07-13,-3.8,-4.56,-3.79,-6.56,11.58,-2.48
SOLARA,585.4,2026-07-13,4.59,2.4,-3.8,20.71,3.54,-11.95
GICRE,364.85,2026-07-13,1.31,0.22,-3.8,-6.33,-0.46,-0.09
DREDGECORP,1042.8,2026-07-13,-2.99,-2.28,-3.8,15.77,-5.63,52.14
GOLDADD,137.43,2026-07-13,-2.04,0.48,-3.81,-5.33,0.87,44.22
MDL,73.05,2026-07-10,-5.31,-4.63,-3.82,30.45,9.36,-26.66
WEBELSOLAR,99.67,2026-07-13,-3.32,0.17,-3.82,25.18,16.61,-22.76
PKTEA,729.0,2026-07-13,-2.83,0.4,-3.82,-5.57,12.87,-2.37
OLIL,420.75,2026-07-10,1.93,-0.53,-3.83,31.28,35.73,104.99
KESORAMIND,10.56,2026-07-13,-2.04,-6.96,-3.83,6.88,11.28,78.98
LICMFGOLD,127.8,2026-07-13,-2.07,0.51,-3.84,-4.84,-98.99,-98.56
NTPCGREEN,94.55,2026-07-13,-0.51,0.08,-3.84,-9.29,3.15,-15.72
TATAGOLD,13.75,2026-07-13,-2.07,0.51,-3.85,-5.24,0.66,44.28
BSLGOLDETF,124.45,2026-07-13,-2.1,0.57,-3.85,-5.35,0.53,44.89
AONEGOLD,13.25,2026-07-13,-1.92,0.84,-3.85,-5.15,0.91,
ANNAPURNA,132.0,2026-07-10,-0.53,2.68,-3.86,-29.54,-33.33,-52.0
INTENTECH,96.99,2026-07-13,-0.79,-1.93,-3.87,-6.92,-15.44,9.11
COMPUSOFT,13.17,2026-07-13,0.23,-0.3,-3.87,-5.66,-11.43,-37.13
ATUL,6264.0,2026-07-13,-3.03,-5.21,-3.89,-0.71,2.06,-15.18
EMKAYTOOLS,94.0,2026-07-10,0.75,0.37,-3.89,-9.35,-13.56,-60.74
BSOFT,299.3,2026-07-13,8.18,1.54,-3.89,-16.8,-28.55,-26.36
GOLD1,118.08,2026-07-13,-2.15,0.49,-3.9,-5.28,0.66,44.32
ALPHAGEO,199.92,2026-07-13,0.4,0.48,-3.9,-15.85,-10.28,-28.03
SARDAEN,500.05,2026-07-13,-0.95,-1.08,-3.92,-13.64,3.59,10.74
PATANJALI,408.85,2026-07-13,-1.6,-0.91,-3.92,-10.81,-24.54,-25.76
DIGJAMLMTD,44.09,2026-07-13,-0.56,-5.95,-3.92,-2.07,-11.68,-9.97
SULA,150.98,2026-07-13,-1.76,-1.42,-3.93,-5.95,-21.87,-48.97
HPAL,34.45,2026-07-13,-1.71,-2.19,-3.93,-3.26,-13.46,-32.13
VIKASECO,1.22,2026-07-13,1.67,1.67,-3.94,-12.86,-23.27,-48.95
UNITECH,4.59,2026-07-13,-2.75,-2.75,-3.97,-4.57,-11.05,-43.05
ARENTERP,36.9,2026-07-13,8.37,3.91,-3.98,-9.4,-20.95,-25.26
GOLDBETA,119.1,2026-07-13,-2.14,0.59,-3.99,-5.29,0.68,45.07
GSPCROP,431.95,2026-07-13,6.96,11.53,-3.99,10.67,,
MEIL,299.7,2026-07-13,-2.98,-0.07,-4.0,18.47,-16.09,
CIFL,22.24,2026-07-13,-2.75,-5.28,-4.01,-13.73,-32.79,-42.2
ONEPOINT,55.46,2026-07-13,-5.16,-2.84,-4.02,5.84,3.24,12.06
BORANA,307.15,2026-07-13,0.47,-0.49,-4.02,-4.31,-2.75,34.94
LINCOLN,610.45,2026-07-13,-0.68,-2.42,-4.03,6.1,27.51,11.38
SETFGOLD,120.67,2026-07-13,-2.12,0.21,-4.03,-5.43,0.45,44.22
HRHNEXT,27.35,2026-07-10,4.19,2.24,-4.04,5.19,-22.08,-32.13
QGOLDHALF,117.21,2026-07-13,-2.15,0.36,-4.04,-5.36,0.44,44.7
SHIVAMILLS,59.61,2026-07-13,-3.85,0.0,-4.04,14.77,8.01,-22.38
GOLDCASE,22.26,2026-07-13,-2.07,0.54,-4.05,-5.36,0.41,44.26
TEAMGTY,231.19,2026-07-13,1.4,-3.63,-4.07,-11.13,-19.16,28.88
SAHAJSOLAR,123.9,2026-07-10,-3.73,-6.14,-4.07,-12.13,-21.83,-52.06
GOLDBEES,116.95,2026-07-13,-2.14,0.45,-4.08,-5.5,0.5,44.12
SYSTMTXC,63.9,2026-07-13,-2.43,1.36,-4.08,-11.31,-39.69,
COCKERILL,9602.5,2026-07-13,7.69,9.87,-4.08,,,
HDFCGOLD,120.73,2026-07-13,-2.32,0.32,-4.08,-5.55,0.28,44.09
MAHSEAMLES,591.85,2026-07-13,-1.03,-4.45,-4.09,-5.87,13.57,-13.89
JSWSTEEL,1237.4,2026-07-13,0.11,0.98,-4.09,3.35,5.64,19.99
GROWWGOLD,13.83,2026-07-13,-1.98,0.44,-4.09,-5.53,-89.98,-85.6
NETWEB,4400.0,2026-07-13,-0.26,-1.23,-4.09,32.95,34.43,126.22
KALAMANDIR,101.85,2026-07-13,-2.24,-8.33,-4.11,7.35,-16.82,-33.76
GOCOLORS,343.9,2026-07-13,-2.72,-11.16,-4.11,20.69,-15.05,-61.86
KHANDSE,17.47,2026-07-13,-1.8,1.93,-4.12,12.35,-11.18,-28.69
GOLD360,138.55,2026-07-13,-1.74,0.69,-4.12,-4.58,1.28,43.87
UNIONGOLD,138.25,2026-07-13,-2.05,0.95,-4.13,-5.86,-0.22,43.34
GOLDIETF,121.07,2026-07-13,-2.17,0.34,-4.15,-5.59,0.32,44.7
VILINBIO,46.0,2026-07-10,-6.12,14.86,-4.17,21.21,73.58,78.64
JKLAKSHMI,564.15,2026-07-13,-2.62,-6.44,-4.19,-9.23,-25.87,-42.37
KPEL,329.75,2026-07-13,-0.54,-2.83,-4.2,6.03,3.64,-33.58
QUICKTOUCH,23.95,2026-07-10,2.79,-2.04,-4.2,-19.22,-41.15,-60.22
EPIGRAL,1068.5,2026-07-13,7.52,-4.01,-4.2,-4.89,-7.61,-38.37
HLVLTD,7.49,2026-07-13,-2.6,-2.85,-4.22,-8.1,-16.41,-43.26
MARALOVER,53.63,2026-07-13,-0.04,-0.69,-4.23,22.89,28.73,-27.3
TATACHEM,714.4,2026-07-13,2.62,-2.09,-4.23,1.08,-4.91,-19.96
DOLLEX,29.25,2026-07-10,-1.85,-2.82,-4.26,-7.0,-23.93,-32.91
GODAVARIB,266.2,2026-07-13,-0.75,-3.95,-4.26,-14.88,-4.79,-4.42
MOGOLD,140.2,2026-07-13,-2.06,0.54,-4.27,-5.4,0.72,
RANASUG,12.1,2026-07-13,-0.74,-1.87,-4.27,-6.71,1.77,-23.76
TIRUMALCHM,164.39,2026-07-13,-8.92,2.94,-4.29,-14.24,-23.31,-43.23
WOCKPHARMA,1854.5,2026-07-13,-3.18,-4.88,-4.31,36.04,33.65,5.54
BERGEPAINT,492.95,2026-07-13,-5.54,-4.89,-4.31,7.0,-5.34,-13.32
NECLIFE,11.09,2026-07-13,-3.4,-4.97,-4.31,-6.81,-32.34,-44.22
AGRITECH,112.83,2026-07-13,-2.92,0.43,-4.31,-5.75,-24.78,-26.05
TAPIFRUIT,47.7,2026-07-10,-2.65,-2.65,-4.31,-20.5,-21.8,-42.39
WELINV,1710.9,2026-07-13,-4.42,-0.24,-4.31,31.58,33.13,45.76
NIRMAN,44.1,2026-07-10,5.25,1.97,-4.34,-13.7,-26.32,-75.08
MSPL,39.67,2026-07-13,-6.15,-3.83,-4.34,15.76,18.14,26.54
CLSEL,287.0,2026-07-13,-0.88,-1.41,-4.35,7.37,12.9,-15.31
IBLFL,55.0,2026-07-10,-3.59,-8.33,-4.35,7.42,4.46,-11.29
IVZINGOLD,123.0,2026-07-13,-1.99,0.33,-4.35,-99.05,-99.01,-98.56
GATECHDVR,0.44,2026-07-13,-4.35,0.0,-4.35,-4.35,-8.33,-24.14
WEWIN,47.82,2026-07-13,-2.15,-1.22,-4.36,-8.11,12.76,3.26
TWCGOLDETF,140.77,2026-07-13,-2.24,0.22,-4.39,-6.39,,
SURYAROSNI,251.45,2026-07-13,-4.52,-2.46,-4.4,12.96,-5.31,-21.66
BIGBLOC,47.05,2026-07-13,-4.39,-5.06,-4.41,-5.54,-31.33,-25.55
POWERMECH,2666.2,2026-07-13,-0.25,-1.98,-4.42,20.41,15.35,-19.34
AKSHAR,0.43,2026-07-13,-4.44,-2.27,-4.44,-8.51,-12.24,-23.21
NORBTEAEXP,71.35,2026-07-13,-1.9,1.21,-4.45,-14.11,-21.89,109.85
SECMARK,124.13,2026-07-13,-5.1,-1.23,-4.45,-7.66,11.59,-14.97
UNITEDPOLY,31.48,2026-07-13,-1.5,-2.05,-4.46,14.72,22.97,52.37
INNOVATIVE,73.5,2026-07-10,0.0,-3.92,-4.48,-30.2,-22.67,-24.23
VIPCLOTHNG,23.66,2026-07-13,-5.66,-5.21,-4.48,4.14,-21.29,-45.28
BIKAJI,643.45,2026-07-13,-1.79,0.13,-4.5,0.89,-8.28,-11.48
RKFORGE,565.5,2026-07-13,-1.56,1.23,-4.51,6.31,14.02,-14.3
PRSMJOHNSN,112.57,2026-07-13,-2.53,-4.24,-4.51,-9.06,-12.67,-28.35
CHOICEGOLD,140.26,2026-07-13,-2.13,0.72,-4.53,-5.05,0.38,
ADL,69.01,2026-07-10,-0.35,1.41,-4.54,-1.53,-10.82,-22.62
ANKITMETAL,1.47,2026-07-13,1.38,1.38,-4.55,-6.37,-15.52,-26.13
KRIDHANINF,2.72,2026-07-13,-2.51,-4.56,-4.56,9.24,-30.26,-34.62
MMTC,64.95,2026-07-13,-1.98,-2.7,-4.57,10.1,2.2,-4.43
APOLSINHOT,1219.7,2026-07-13,-1.49,-2.74,-4.58,17.95,-4.71,-12.04
HPIL,121.14,2026-07-13,-4.55,-3.86,-4.61,-2.31,-11.55,-16.0
BIRLANU,1301.0,2026-07-13,-3.35,-5.71,-4.62,-8.56,-26.25,-43.31
KOTAKBANK,384.65,2026-07-13,0.88,-2.74,-4.62,3.43,-9.82,-13.29
JOCIL,144.04,2026-07-13,-3.28,-0.66,-4.65,23.93,5.69,-12.23
VIPIND,300.25,2026-07-13,-0.71,-1.98,-4.67,-4.8,-19.9,-34.24
KAYA,243.06,2026-07-13,0.58,-0.6,-4.67,-13.08,-38.06,-40.24
NITIRAJ,182.12,2026-07-13,-2.12,-1.57,-4.68,-11.5,1.31,-9.68
MALUPAPER,30.61,2026-07-13,-1.07,-1.1,-4.7,-5.93,-9.28,-25.74
BRNL,18.11,2026-07-13,-2.84,-2.11,-4.73,-9.5,-12.68,-13.22
BBNPPGOLD,136.6,2026-07-13,-2.39,0.89,-4.74,-5.63,-0.04,43.26
CAPTRUST,12.65,2026-07-13,1.12,-0.32,-4.74,-3.36,-1.4,-81.82
DEVX,34.9,2026-07-13,0.09,-1.63,-4.75,-9.59,-10.6,
SECL,3.0,2026-07-10,0.0,0.0,-4.76,-16.67,-26.83,-54.55
NCC,144.45,2026-07-13,-3.97,-3.66,-4.77,-4.89,-3.62,-34.23
GANESHCP,189.23,2026-07-13,-3.29,-2.23,-4.77,-1.15,-9.6,
HGM,51.26,2026-07-13,0.16,-1.14,-4.79,-5.09,-16.92,-14.67
KEI,5112.0,2026-07-13,-2.65,-6.24,-4.8,14.65,18.73,41.68
DISHTV,2.97,2026-07-13,-1.98,-2.94,-4.81,-3.57,-22.25,-47.8
ARIHANT,816.65,2026-07-13,3.42,-4.02,-4.82,1959.65,1959.65,1959.65
ALMONDZ,13.02,2026-07-13,-2.84,2.04,-4.82,-8.44,-24.08,-43.49
ORICONENT,56.33,2026-07-13,-0.62,1.81,-4.83,-17.16,-7.73,26.24
FCSSOFT,1.57,2026-07-13,4.67,3.97,-4.85,-7.65,-9.77,-42.7
SJLOGISTIC,336.6,2026-07-10,-0.85,1.78,-4.85,14.67,-0.15,-26.82
TRANSPEK,973.2,2026-07-13,-2.6,-2.52,-4.86,,,
HINDALCO,966.85,2026-07-13,-0.87,0.84,-4.87,-0.65,3.8,45.92
THOMASCOOK,104.43,2026-07-13,-2.26,-3.88,-4.87,0.79,-24.58,-35.71
SUVIDHAA,2.54,2026-07-13,-2.68,-6.96,-4.87,-20.13,-26.8,-36.82
HINDZINC,532.6,2026-07-13,-1.43,1.35,-4.88,-3.59,-13.9,27.64
INDOAMIN,124.52,2026-07-13,-3.19,-5.71,-4.88,16.9,0.31,-22.08
LFIC,142.19,2026-07-13,-1.94,-1.4,-4.9,9.88,-7.66,-33.89
CADSYS,67.0,2026-07-10,0.0,-4.9,-4.9,40.17,41.95,1.52
UMAEXPORTS,21.65,2026-07-13,-0.69,-3.31,-4.92,-18.33,-38.27,-58.29
JAINAM,250.0,2026-07-10,0.0,-1.96,-4.92,43.68,5.04,-3.88
PTCIL,17687.0,2026-07-13,-0.79,2.87,-4.92,18.49,-1.95,22.78
DURLAX,48.35,2026-07-10,-7.02,-0.62,-4.92,-2.72,16.93,12.57
KILITCH,179.71,2026-07-13,-6.65,-3.56,-4.93,44.13,5.26,-20.89
MTNL,29.31,2026-07-13,-2.23,-1.25,-4.96,-4.74,-12.66,-39.68
ANTHEM,747.65,2026-07-13,-3.41,-3.53,-4.96,2.69,19.05,
WINSOL,118.85,2026-07-10,-4.15,-3.57,-4.96,-5.97,-18.18,-43.28
CHEMFAB,372.05,2026-07-13,-0.05,0.08,-4.98,-5.22,-10.38,-51.96
VISAMAN,107.6,2026-07-10,0.0,0.0,-4.99,-14.09,-20.88,89.94
ACCURACY,5.14,2026-07-13,-4.81,-4.81,-4.99,0.59,-4.46,-34.36
WAAREEENER,2880.2,2026-07-13,0.14,-0.2,-4.99,-13.63,10.78,-7.4
VERA,65.55,2026-07-10,0.0,-5.0,-5.0,-5.0,-6.22,-3.6
FELDVR,2.47,2026-07-13,-4.26,3.78,-5.0,-8.52,-20.32,-33.42
KRITI,68.95,2026-07-13,-2.78,-0.12,-5.03,-16.05,-16.43,-61.05
HBESD,75.0,2026-07-13,-4.45,-1.55,-5.03,,,
SHIVALIK,215.26,2026-07-13,-6.98,-3.69,-5.07,-21.68,-35.96,-59.15
AMIABLE,72.95,2026-07-10,0.0,-14.13,-5.07,4.21,-10.49,-3.89
ELGIEQUIP,573.2,2026-07-13,-3.17,-5.77,-5.08,11.16,30.21,4.43
GANGESSECU,117.26,2026-07-13,-2.74,-2.19,-5.08,-3.41,-7.34,-29.91
EMAMIREAL,79.21,2026-07-13,-6.81,-6.58,-5.14,12.88,2.55,-26.75
SERVOTECH,97.25,2026-07-13,-5.44,1.62,-5.15,19.53,37.55,-30.79
FACT,855.85,2026-07-13,-2.53,-1.58,-5.15,0.41,-1.41,-6.5
CONTI,11.9,2026-07-10,0.85,-3.25,-5.18,-12.5,-43.6,-59.39
ZFCVINDIA,2321.3,2026-07-13,-3.09,-13.43,-5.18,-0.83,-1.28,7.87
PVP,29.49,2026-07-13,8.7,2.9,-5.18,-14.94,-11.57,45.06
JSLL,580.45,2026-07-13,3.31,-1.1,-5.19,-12.21,-19.03,4.86
MIDHANI,412.35,2026-07-13,-5.27,-0.54,-5.23,23.79,21.1,0.08
CMICABLES,2.9,2026-07-13,0.0,-4.92,-5.23,-9.66,-47.65,-6.45
TFL,11.35,2026-07-13,-5.1,-5.42,-5.26,-7.35,-27.52,-41.56
ADVAIT,2184.3,2026-07-13,0.21,-3.3,-5.27,15.75,,
PRAKASHSTL,4.12,2026-07-13,-2.6,-1.2,-5.29,-7.83,-18.74,-33.55
MOIL,276.4,2026-07-13,-1.18,-1.3,-5.31,-9.48,-17.89,-23.79
MANINFRA,105.09,2026-07-13,1.09,0.43,-5.31,13.61,-10.85,-41.94
LYPSAGEMS,4.63,2026-07-13,1.31,-2.94,-5.32,-11.3,-4.93,-40.1
CTE,30.39,2026-07-13,-2.44,-2.03,-5.33,3.05,-11.84,-34.91
HILINFRA,45.3,2026-07-13,-2.45,-3.18,-5.35,-11.4,-18.05,
PRIMESECU,274.15,2026-07-13,-2.4,-5.29,-5.35,-2.84,-0.92,-10.0
GLOBALPET,150.0,2026-07-10,-6.25,2.04,-5.36,48.51,28.21,12.36
ABINFRA,10.24,2026-07-13,-5.88,-12.48,-5.36,-36.28,-46.42,-39.75
CENTEXT,19.02,2026-07-13,0.16,-0.78,-5.37,-6.54,-12.71,-21.4
SILVERTUC,188.08,2026-07-13,2.47,5.47,-5.38,51.04,24.51,-73.99
GLFL,5.79,2026-07-13,-3.5,-9.11,-5.39,22.41,7.22,-7.36
GMRP&UI,99.87,2026-07-13,-0.31,0.82,-5.4,-4.32,-5.92,-12.23
SHRENIK,0.35,2026-07-13,-7.89,-12.5,-5.41,-10.26,-16.67,-39.66
MAHABANK,82.56,2026-07-13,-4.57,-12.03,-5.43,19.5,30.81,52.09
TATASTEEL,187.11,2026-07-13,-1.97,-1.3,-5.43,-7.47,4.6,19.47
KANSAINER,202.32,2026-07-13,-4.48,-1.26,-5.44,8.52,-11.85,-16.86
SAMMAANCAP,164.91,2026-07-13,-6.64,-1.63,-5.45,7.08,16.14,29.64
EASTSILK,48.74,2026-07-13,-1.73,1.54,-5.45,-19.08,-34.62,2607.78
COFFEEDAY,32.07,2026-07-13,-1.32,-2.26,-5.48,23.54,-3.61,-7.82
CHEMCON,184.16,2026-07-13,0.27,-2.56,-5.52,25.7,3.04,-2.33
GAEL,149.09,2026-07-13,-8.48,-7.9,-5.54,-3.74,7.98,35.22
SAKHTISUG,16.67,2026-07-13,-2.97,0.24,-5.55,-10.28,-6.77,-34.52
ARSHIYA,1.02,2026-07-13,-5.56,-5.56,-5.56,-20.93,-19.05,-57.85
EUROBOND,168.16,2026-07-13,0.23,0.58,-5.6,-1.07,-5.21,-16.3
STARCEMENT,206.31,2026-07-13,-0.63,-1.06,-5.61,-3.9,-3.3,-1.59
SURAJLTD,221.79,2026-07-13,-1.83,-2.66,-5.61,-14.6,-7.37,-40.37
BSE,3804.2,2026-07-13,0.3,-1.18,-5.61,15.46,34.68,60.86
ENRIN,3404.3,2026-07-13,-0.47,-5.01,-5.62,19.48,41.81,7.34
CGRAPHICS,139.35,2026-07-10,-2.48,-3.36,-5.62,-16.58,-17.54,-30.64
IGIL,346.1,2026-07-13,-2.75,-1.2,-5.63,2.53,11.45,-8.77
SHANTIGOLD,212.82,2026-07-13,-3.88,-4.42,-5.65,15.87,1.25,
GOPAL,267.2,2026-07-13,-3.21,-3.35,-5.67,1.46,-17.46,-23.71
JYOTISTRUC,11.45,2026-07-13,-2.47,-0.61,-5.68,-4.98,30.56,-42.72
JSWDULUX,2942.1,2026-07-13,-8.08,-8.43,-5.7,0.04,-3.7,-13.64
TARMAT,48.98,2026-07-13,-1.47,-2.27,-5.7,-9.14,-9.35,-21.36
SAATVIKGL,449.25,2026-07-13,3.62,-2.84,-5.7,-2.78,12.4,
GLOBE,2.15,2026-07-13,-1.83,-2.71,-5.7,-13.31,-28.57,-11.52
COOLCAPS,24.0,2026-07-10,-1.23,-4.0,-5.7,-21.31,-64.71,-69.96
RADIANTCMS,37.83,2026-07-13,-2.2,-3.32,-5.71,-9.54,-24.57,-36.11
MANAKALUCO,37.32,2026-07-13,5.96,3.98,-5.73,35.56,-17.21,40.56
PRAENG,19.41,2026-07-13,-4.29,-5.27,-5.73,-10.92,-18.14,-13.35
NATIONALUM,355.2,2026-07-13,1.18,2.25,-5.74,-14.61,1.13,95.91
TIGERLOGS,33.0,2026-07-13,-4.29,-9.79,-5.74,14.7,-0.78,
IPSL,245.0,2026-07-10,0.0,-5.41,-5.77,7.01,-12.26,-15.2
MTARTECH,6746.0,2026-07-13,-4.27,-10.98,-5.78,53.41,156.07,338.62
KEL,81.5,2026-07-10,0.0,3.49,-5.78,-1.45,-17.68,-33.06
LEXUS,14.32,2026-07-13,-2.52,12.31,-5.79,-29.04,-44.92,-57.76
JWL,259.65,2026-07-13,0.58,-3.51,-5.79,-0.85,-11.74,-29.97
JMA,89.1,2026-07-13,-1.54,-1.93,-5.81,6.4,18.78,-1.92
REPL,66.46,2026-07-13,-0.78,-0.31,-5.81,-21.17,-35.06,-61.45
TATACOMM,1835.4,2026-07-13,-2.99,-7.93,-5.82,22.47,6.53,8.2
TIMESCAN,40.45,2026-07-10,-3.46,1.25,-5.82,-2.18,-10.8,-35.49
ORISSAMINE,3784.3,2026-07-13,-3.11,-1.97,-5.82,2.25,-21.33,-19.38
SHBAJRG,187.62,2026-07-13,-6.71,-2.32,-5.82,,,
TIPSFILMS,329.95,2026-07-13,-0.92,-0.09,-5.84,-4.75,-18.89,-43.7
SANDUMA,203.25,2026-07-13,-3.66,-2.26,-5.84,0.33,-10.82,28.73
MODINATUR,404.65,2026-07-13,-2.62,-3.61,-5.88,5.86,14.58,
PURVFLEXI,48.0,2026-07-10,0.84,-4.0,-5.88,-17.03,-33.38,-38.14
TCC,335.9,2026-07-13,-2.3,4.89,-5.88,-8.56,,
SOLEX,1006.9,2026-07-13,-2.19,-8.6,-5.91,-19.73,-9.99,-23.84
NDL,2.39,2026-07-13,-0.42,1.7,-5.91,-5.16,-17.87,-37.11
WSI,65.67,2026-07-13,1.86,-1.05,-5.92,-11.97,-23.16,-29.46
AFIL,9.53,2026-07-13,-3.83,-8.37,-5.92,6.96,65.45,30.73
TATAELXSI,3823.6,2026-07-13,4.51,-3.94,-5.94,-11.77,-32.81,-35.84
AEROFLEX,421.5,2026-07-13,-8.16,-10.13,-5.94,45.68,134.6,112.92
VHLTD,129.0,2026-07-13,0.62,-1.83,-5.94,-6.67,-7.57,32.72
VCL,1.26,2026-07-13,-5.26,-6.67,-5.97,-26.74,-45.92,46.51
SGL,10.01,2026-07-13,2.56,0.0,-6.01,-12.27,-19.79,-36.61
PRITIKA,61.7,2026-07-10,0.0,-3.14,-6.02,14.37,-16.73,-29.73
KRISHCA,168.65,2026-07-10,3.02,-2.35,-6.02,1.57,-14.95,-37.65
CRAYONS,28.8,2026-07-10,4.73,4.73,-6.04,-21.1,-20.0,-45.66
DATAPATTNS,4270.3,2026-07-13,-7.48,-4.51,-6.06,27.73,64.78,50.33
SEPC,6.49,2026-07-13,-1.82,0.93,-6.08,-8.46,-28.29,-53.71
VASCONEQ,32.38,2026-07-13,-2.79,-4.93,-6.09,-8.09,-27.5,-40.18
EDUCOMP,0.92,2026-07-13,-4.17,-6.12,-6.12,-1.08,-15.6,-51.83
ESSARSHPNG,22.24,2026-07-13,-3.72,-3.97,-6.12,-15.85,-10.29,-22.54
RPOWER,24.98,2026-07-13,-1.03,3.48,-6.13,-4.33,-25.34,-61.46
ELIN,99.35,2026-07-13,-0.81,0.93,-6.17,-13.83,-33.17,-45.11
BECTORFOOD,170.35,2026-07-13,-3.9,-5.32,-6.22,-10.03,-26.13,-41.05
GPECO,433.6,2026-07-10,-0.07,-0.17,-6.23,11.62,7.42,-19.97
ENSER,14.25,2026-07-10,-3.06,-3.72,-6.25,-12.84,-10.94,-18.1
TERASOFT,397.75,2026-07-13,-0.79,-3.34,-6.25,10.99,-2.43,30.12
TPHQ,0.45,2026-07-13,-8.16,-6.25,-6.25,-19.64,-28.57,-50.0
VALIANTLAB,63.75,2026-07-13,-2.69,-4.22,-6.25,9.18,-0.13,-38.76
AGIIL,349.2,2026-07-13,-1.91,-4.66,-6.26,-2.88,21.4,69.19
SANDHAR,667.1,2026-07-13,-2.95,-1.03,-6.31,37.72,19.31,32.5
RUCHINFRA,5.79,2026-07-13,-4.93,-6.31,-6.31,-4.14,-5.24,-24.51
IDEA,13.96,2026-07-13,-0.92,-3.26,-6.31,50.92,29.26,94.7
PASUPTAC,62.04,2026-07-13,0.53,-2.38,-6.34,32.37,30.64,18.83
IEML,42.65,2026-07-10,-0.81,-7.88,-6.37,-48.05,-51.17,-70.64
PRABHA,150.46,2026-07-13,1.99,-1.87,-6.38,-5.97,-10.76,-48.74
IGL,153.07,2026-07-13,0.56,-7.48,-6.39,-5.66,-13.87,-28.06
IRFC,89.75,2026-07-13,-0.54,-0.95,-6.4,-9.27,-25.24,-32.38
DIGISPICE,19.07,2026-07-13,-5.92,-2.51,-6.43,10.49,-15.84,-16.25
HARIOMPIPE,381.95,2026-07-13,-2.94,-2.03,-6.43,34.47,-7.5,-15.78
IL&FSTRANS,2.18,2026-07-13,2.35,-4.39,-6.44,-6.44,-22.7,-42.18
SIGMA,38.02,2026-07-13,-0.05,-1.58,-6.45,-15.75,-37.67,0.99
RCOM,0.87,2026-07-13,-2.25,0.0,-6.45,-13.86,-17.92,-41.61
FCONSUMER,0.29,2026-07-13,-3.33,-6.45,-6.45,-9.38,-27.5,-43.14
RAYMONDLSL,742.35,2026-07-13,-4.13,-5.63,-6.48,-6.46,-23.55,-41.49
ELECON,502.0,2026-07-13,-5.47,-3.98,-6.49,21.38,25.67,-18.63
HALDER,227.74,2026-07-13,-1.92,-4.29,-6.5,-11.73,,
VSTL,112.52,2026-07-13,-2.28,-2.38,-6.52,-3.76,-14.09,-35.02
VINDHYATEL,1951.7,2026-07-13,-1.61,-5.37,-6.52,60.5,48.8,15.93
RCDL,25.1,2026-07-10,-4.2,-2.14,-6.52,11.56,25.5,22.27
VISHWARAJ,5.42,2026-07-13,-1.81,-0.55,-6.55,-5.9,-20.88,-44.24
BAJAJHIND,17.7,2026-07-13,-0.73,-1.72,-6.55,-1.88,2.91,-36.03
NECCLTD,15.49,2026-07-13,-3.31,-2.33,-6.57,-0.9,-10.67,-33.69
DEEPINDS,462.7,2026-07-13,1.38,0.13,-6.6,0.19,22.41,3.13
KAMOPAINTS,4.8,2026-07-13,-4.38,-2.83,-6.61,-10.45,-25.93,-52.1
MCL,54.83,2026-07-13,-1.3,-2.28,-6.62,-12.27,-24.94,1.16
TUNWAL,26.05,2026-07-10,-3.87,-2.8,-6.63,-22.47,-17.56,-15.69
DUGLOBAL,30.8,2026-07-10,-2.07,-14.92,-6.67,-17.87,1.99,-32.46
TARAPUR,17.96,2026-07-13,-0.22,-0.88,-6.7,-27.23,-32.94,-36.56
KHAICHEM,51.92,2026-07-13,-2.5,-6.5,-6.72,-8.53,-24.73,-47.33
LGHL,211.34,2026-07-13,-4.31,-4.8,-6.74,-11.68,-27.64,-39.5
S&SPOWER,361.0,2026-07-13,-3.05,-2.63,-6.74,6.51,28.79,-16.25
PLAZACABLE,43.63,2026-07-13,-4.32,-5.19,-6.75,15.73,10.65,-27.21
HINDOILEXP,154.34,2026-07-13,-1.56,-3.36,-6.76,-2.43,3.58,-8.83
MADHAV,35.22,2026-07-13,-2.14,-2.0,-6.78,2.09,-12.8,-22.68
JSWHL,11420.0,2026-07-13,-6.04,-4.99,-6.82,-14.88,-36.71,-47.89
MEDPLUS,821.75,2026-07-13,-0.05,2.52,-6.83,-5.4,-2.56,-6.02
HIRECT,1052.7,2026-07-13,-3.7,-6.84,-6.88,24.29,51.17,58.03
GULPOLY,192.17,2026-07-13,-3.15,0.49,-6.89,12.93,35.52,14.92
AAKASH,9.59,2026-07-13,9.73,10.1,-6.89,17.52,13.49,-4.58
USASEEDS,93.0,2026-07-10,0.0,0.0,-6.91,-19.48,-32.56,-42.59
ATMASTCO,161.85,2026-07-10,1.44,-5.1,-6.93,7.65,23.27,-26.86
ZENITHSTL,5.51,2026-07-13,-2.65,-1.08,-6.93,-14.71,-23.26,-30.08
VIKRAMSOLR,195.24,2026-07-13,5.01,4.59,-6.97,-10.67,-14.87,
KEEPLEARN,1.87,2026-07-13,-1.58,-2.6,-6.97,-6.03,-20.09,-40.82
MOS,15.3,2026-07-10,6.99,23.39,-6.99,13.75,-32.6,-93.92
LATTEYS,20.73,2026-07-13,-1.0,-1.33,-7.0,-3.22,-13.52,-12.05
PML,477.05,2026-07-13,-2.08,-2.8,-7.0,,,
BIOFILCHEM,33.71,2026-07-13,-0.3,-3.8,-7.01,-3.16,8.04,-28.26
POWERINDIA,31915.0,2026-07-13,-1.38,-8.75,-7.02,12.67,86.57,71.91
TIINDIA,2921.1,2026-07-13,-2.82,-3.35,-7.02,7.57,22.46,1.93
PODDARMENT,240.33,2026-07-13,-0.48,-0.15,-7.03,-3.77,-4.08,-19.13
TREEHOUSE,6.47,2026-07-13,-1.97,-1.97,-7.04,-18.92,-25.03,-15.31
PENTAGON,54.0,2026-07-10,-3.57,-5.18,-7.06,-27.95,-22.47,-14.49
SHEKHAWATI,13.41,2026-07-13,-4.35,-3.18,-7.07,5.92,-27.28,-45.49
A2ZINFRA,13.15,2026-07-13,-4.08,-4.36,-7.07,-22.83,-7.78,-34.15
HBSL,49.39,2026-07-13,-3.5,-1.48,-7.09,-11.99,-28.55,-47.13
VARDMNPOLY,6.66,2026-07-13,-2.06,-1.62,-7.11,-15.48,24.72,-40.38
TEJASNET,556.25,2026-07-13,-2.41,-7.84,-7.11,25.69,48.14,-19.81
GUJRAFFIA,38.0,2026-07-13,-5.73,-5.19,-7.11,-4.52,-15.85,-8.28
URJA,9.62,2026-07-13,-1.03,1.37,-7.14,-5.87,-10.18,-37.04
GIRIRAJ,130.0,2026-07-10,7.71,0.81,-7.14,-22.76,-38.39,-46.28
AUROIMPEX,26.0,2026-07-10,0.0,0.97,-7.14,-22.27,-30.94,-51.04
KRITINUT,77.54,2026-07-13,-5.67,-6.68,-7.15,14.06,6.25,-29.45
JHS,7.53,2026-07-13,-1.83,0.8,-7.15,-15.2,-28.29,-41.45
RNBDENIMS,9.97,2026-07-13,-6.47,-6.91,-7.17,-39.5,-75.9,
SUNDROP,637.35,2026-07-13,-0.3,-1.35,-7.19,1.68,-5.27,-27.05
AHLEAST,142.32,2026-07-13,-1.86,-2.94,-7.21,-9.99,6.59,-10.83
ASIANENE,339.8,2026-07-13,3.9,-7.07,-7.21,12.31,31.76,15.79
JARO,524.9,2026-07-13,2.57,4.66,-7.26,23.93,24.34,
NARMADA,34.36,2026-07-13,-5.08,-14.01,-7.26,-3.43,26.56,97.58
ATLANTAELE,1709.8,2026-07-13,0.91,-4.41,-7.26,31.36,108.63,
PALASHSECU,90.36,2026-07-13,-5.6,-0.79,-7.28,-5.65,-8.18,-28.61
PROSTARM,131.23,2026-07-13,-2.56,-3.96,-7.32,-9.56,-17.43,-36.26
SHAILY,2754.1,2026-07-13,-4.22,-4.93,-7.33,41.8,26.86,71.01
SAKUMA,1.77,2026-07-13,-0.56,-4.84,-7.33,-11.06,-14.08,-39.59
LIBAS,11.1,2026-07-13,-0.18,-4.06,-7.35,-1.16,4.91,-20.32
NOIDATOLL,4.78,2026-07-13,-0.42,1.06,-7.36,29.89,26.46,11.16
SKIL,0.88,2026-07-13,-4.35,0.0,-7.37,-9.28,-28.46,-63.79
NILAINFRA,7.27,2026-07-13,-5.34,-3.45,-7.39,-12.3,-20.37,-44.03
INSPIRISYS,102.87,2026-07-13,-1.12,-2.58,-7.4,22.46,22.35,-4.37
PAKKA,73.72,2026-07-13,-5.04,-7.9,-7.41,-25.32,-23.8,-65.35
INSECTICID,665.75,2026-07-13,0.45,2.21,-7.41,-1.53,5.22,-30.63
ASHIMASYN,14.85,2026-07-13,2.91,0.13,-7.42,4.36,-16.57,-47.42
ARVEE,158.0,2026-07-13,-3.51,-4.1,-7.43,-3.55,-16.35,-18.35
NMDC,84.13,2026-07-13,-1.1,-1.54,-7.48,-1.96,5.56,27.3
RELCHEMQ,130.71,2026-07-13,-2.17,-2.96,-7.49,10.44,-2.64,-31.67
GPIL,256.35,2026-07-13,-0.29,-2.16,-7.5,-11.33,-1.1,37.89
GTPL,60.22,2026-07-13,-0.91,-0.1,-7.51,-13.39,-32.23,-47.11
BGLOBAL,3.07,2026-07-13,-1.29,-3.76,-7.53,8.87,-9.71,3.02
BSHSL,86.65,2026-07-13,-5.52,-6.06,-7.56,-14.36,-12.8,-37.07
BLUEPEBBLE,72.0,2026-07-10,1.98,-5.26,-7.57,-51.68,-40.0,-60.76
GOKULAGRO,215.4,2026-07-13,4.56,1.3,-7.58,8.1,32.15,38.95
KOTYARK,34.41,2026-07-13,-9.66,-20.35,-7.59,4.06,78.54,60.88
UNITEDTEA,469.0,2026-07-13,-2.54,-0.56,-7.6,-14.7,-1.45,2.31
ELECTHERM,1099.6,2026-07-13,-10.64,-5.65,-7.6,56.57,24.8,0.05
PROZONER,43.98,2026-07-13,-5.72,-1.96,-7.61,-24.22,-22.69,12.28
SOUTHWEST,224.03,2026-07-13,2.0,3.45,-7.62,-7.47,25.42,50.68
FCL,36.18,2026-07-13,-3.29,-5.44,-7.63,57.65,56.49,34.23
RAJOOENG,50.28,2026-07-13,-0.85,-4.99,-7.64,-19.81,-24.04,-59.41
DIGIKORE,51.95,2026-07-10,0.1,-2.72,-7.64,-25.84,-26.26,-73.22
GATECH,0.48,2026-07-13,0.0,-2.04,-7.69,2.13,-7.69,-45.45
DHARMAJ,256.2,2026-07-13,-0.77,-1.88,-7.71,-6.89,7.73,-27.03
CAMLINFINE,126.15,2026-07-13,-4.99,-2.65,-7.74,21.66,-16.49,-57.26
BCPL,71.03,2026-07-13,-2.4,-3.29,-7.79,10.24,,
RHFL,2.01,2026-07-13,-6.07,-5.19,-7.8,-9.46,-24.15,-62.92
CMSINFO,273.6,2026-07-13,1.43,-7.02,-7.8,-10.59,-17.46,-46.87
BGRENERGY,299.25,2026-07-13,0.08,-1.38,-7.82,-9.31,-6.66,193.9
CMNL,97.7,2026-07-10,-5.15,-2.59,-7.83,-6.06,-14.56,-35.36
NATCAPSUQ,143.68,2026-07-13,-3.28,-5.2,-7.87,-4.91,-20.85,-34.92
INOXWIND,81.09,2026-07-13,-6.74,-8.04,-7.88,-7.38,-29.58,-53.99
ABAN,14.14,2026-07-13,-10.56,7.28,-7.88,-29.23,-22.9,-73.29
RAMKY,403.8,2026-07-13,0.66,1.2,-7.88,-16.48,-19.26,-33.51
PCCL,257.0,2026-07-10,7.53,5.98,-7.89,2.86,19.01,43.58
SADBHAV,8.4,2026-07-13,-4.0,-3.45,-7.89,-14.72,3.58,-36.6
ACL,49.4,2026-07-13,-1.04,-6.35,-7.92,-12.94,-27.61,-25.86
LOTUSEYE,124.38,2026-07-13,1.81,2.29,-7.93,15.85,15.24,70.27
KSR,28.7,2026-07-13,-11.94,-7.75,-7.95,-22.07,21.61,
SUNDARAM,1.27,2026-07-13,-1.55,-4.51,-7.97,-8.63,-28.25,-42.27
AVONMORE,10.0,2026-07-13,-0.4,-1.67,-8.0,-16.39,-43.6,-46.64
STYLEBAAZA,307.05,2026-07-13,-3.63,15.45,-8.01,4.67,20.22,6.89
SYNGENE,420.35,2026-07-13,-2.3,-3.18,-8.07,4.64,-33.1,-32.68
GLOBALE,11.02,2026-07-13,-8.09,-11.77,-8.09,-8.09,-6.05,-21.29
SPECTSTM,57.25,2026-07-10,-2.97,0.97,-8.11,-7.36,-28.79,-52.29
QUINT,39.37,2026-07-13,-0.43,-2.84,-8.12,,,
TRITURBINE,616.7,2026-07-13,-5.04,-10.29,-8.12,34.2,20.68,-3.41
BALPHARMA,79.17,2026-07-13,3.02,-0.19,-8.14,5.31,11.4,-19.43
ORTINGLOBE,16.0,2026-07-13,-5.88,-9.86,-8.15,10.96,18.78,39.13
BLUECHIP,2.25,2026-07-13,-1.75,-3.43,-8.16,-5.46,-24.24,-55.97
STLNETWORK,25.31,2026-07-13,-1.94,-7.19,-8.16,15.99,20.29,
RTNINDIA,33.42,2026-07-13,0.3,1.64,-8.19,2.64,-13.31,-48.0
SURANASOL,25.19,2026-07-13,-4.44,-6.43,-8.2,8.53,-3.26,-26.41
STUDDS,459.65,2026-07-13,-0.78,-2.47,-8.23,1.2,-13.75,
CREATIVEYE,6.0,2026-07-13,-4.46,-5.06,-8.26,-4.61,-13.92,-29.91
RBS,80.35,2026-07-10,4.69,-2.55,-8.28,-9.16,-6.35,-34.67
AFCONS,299.0,2026-07-13,-4.84,-5.33,-8.28,-2.42,-17.16,-29.22
TRU,5.2,2026-07-13,-2.8,0.78,-8.29,-12.46,-32.38,-74.04
INDIFRA,12.15,2026-07-10,0.0,-3.95,-8.3,-5.45,-15.92,-36.05
WHEELS,1489.6,2026-07-13,0.92,-15.94,-8.35,46.59,85.61,89.3
UEL,128.36,2026-07-13,0.24,-2.17,-8.37,-20.55,5.2,30.38
ISFT,77.65,2026-07-13,-0.78,-2.13,-8.4,1.3,-15.72,-29.86
DCMNVL,148.0,2026-07-13,-3.55,0.2,-8.4,28.23,15.09,-19.65
SAURASHCEM,54.43,2026-07-13,-4.27,-4.69,-8.41,-12.0,-29.4,-38.65
MEDICO,39.17,2026-07-13,-2.37,-2.73,-8.42,1.19,-17.35,-4.07
ALLCARGO,8.15,2026-07-13,0.12,0.74,-8.43,-4.68,-26.51,-75.91
IITL,125.35,2026-07-13,-9.07,-4.21,-8.43,-17.61,-17.3,-24.99
GVT&D,4525.6,2026-07-13,-0.63,-8.69,-8.44,10.55,65.68,94.35
ISHANCH,55.36,2026-07-13,-2.24,-4.29,-8.5,-6.2,-11.92,-4.77
TVVISION,4.93,2026-07-13,-3.52,-6.1,-8.53,-5.74,-25.3,-36.06
ORIANA,1478.05,2026-07-10,-4.82,-5.18,-8.55,-23.58,-26.21,-35.87
JINDALPOLY,687.6,2026-07-13,9.49,7.75,-8.56,-6.73,63.58,16.69
BLS,239.5,2026-07-13,-4.2,-6.17,-8.62,-15.29,-18.88,-37.19
NSLNISP,43.15,2026-07-13,-1.91,0.07,-8.66,3.95,3.16,8.39
JPPOWER,16.79,2026-07-13,-5.09,-5.73,-8.7,-2.27,0.84,-28.95
KLL,31.95,2026-07-10,1.27,-3.47,-8.71,-23.93,-34.12,-60.53
BANKBARODA,250.65,2026-07-13,0.28,-8.12,-8.77,-6.15,-14.28,8.98
QUESTLAB,91.2,2026-07-10,0.44,-6.89,-8.8,-13.14,-10.15,1.05
MAHAPEXLTD,44.19,2026-07-13,-5.44,-6.0,-8.81,-11.55,-54.64,-59.78
KAKATCEM,116.08,2026-07-13,-1.88,-2.85,-8.81,9.57,-2.09,-25.29
BANG,28.93,2026-07-13,-5.67,4.89,-8.82,-18.94,-38.06,-48.74
MITTAL,0.92,2026-07-13,-3.16,-2.13,-8.91,-2.13,-10.68,-46.51
EMKAY,264.75,2026-07-13,0.36,-3.43,-8.92,23.33,0.13,4.69
NAGREEKEXP,24.37,2026-07-13,-1.69,-6.77,-8.93,4.01,-4.17,-14.34
KORE,130.0,2026-07-10,-4.06,-6.2,-8.96,18.56,-15.67,-6.91
AONESILVER,8.31,2026-07-13,-5.68,-0.24,-8.98,-7.25,,
PRAKASH,128.61,2026-07-13,-3.33,-7.96,-8.98,-5.4,-3.1,-18.2
SEAMECLTD,1441.2,2026-07-13,-0.91,-0.67,-8.99,-4.86,39.54,70.85
SOTAC,101.0,2026-07-10,0.0,-3.81,-9.01,-0.98,-9.9,-22.15
USK,22.4,2026-07-13,-4.52,-2.95,-9.02,-5.37,0.99,-37.33
APARINDS,13847.0,2026-07-13,-3.32,-13.38,-9.03,24.58,80.97,60.63
NIRAJISPAT,194.0,2026-07-13,-0.02,-4.43,-9.03,-4.76,2.23,-67.69
RADIOWALLA,24.65,2026-07-10,-0.6,-5.19,-9.04,-11.33,-58.92,-59.26
SHRIKRISH,39.39,2026-07-13,-10.46,-2.81,-9.05,,,
GREENPOWER,10.14,2026-07-13,-0.88,-2.78,-9.06,1.0,-6.2,-33.16
GODFRYPHLP,2091.8,2026-07-13,-2.39,-4.63,-9.09,2.37,-5.58,-24.48
SILVER360,213.74,2026-07-13,-5.68,-0.4,-9.11,-7.47,-16.02,94.43
ARIS,109.17,2026-07-13,-4.5,-3.61,-9.12,-4.13,-3.22,-33.1
BAGFILMS,4.52,2026-07-13,0.22,0.44,-9.24,-14.72,-26.02,-38.84
GRAPHISAD,26.5,2026-07-10,-7.67,-5.36,-9.25,-28.28,-44.33,-33.17
RAJVIR,6.55,2026-07-10,0.0,-4.52,-9.28,-14.38,-22.49,-37.62
SAIL,167.01,2026-07-13,-1.31,-4.69,-9.28,-0.52,13.03,25.89
INDOTHAI,216.93,2026-07-13,-9.88,-2.77,-9.3,-23.28,-16.31,15.67
KALPATARU,284.9,2026-07-13,-7.68,-6.38,-9.31,-5.91,-20.57,-31.8
GANESHBE,98.17,2026-07-13,-3.12,-4.93,-9.34,5.82,25.33,2.88
MANOMAY,175.28,2026-07-13,-0.53,-4.28,-9.35,-18.57,-19.71,2.26
VGL,63.28,2026-07-13,-2.87,-2.94,-9.38,1.87,-5.82,-18.04
SONAMAC,31.7,2026-07-10,0.0,-6.35,-9.43,-26.02,-27.21,-59.28
SILVER,216.73,2026-07-13,-5.76,-0.38,-9.48,-8.18,-16.72,95.43
SILVERBND,217.82,2026-07-13,-5.66,-0.19,-9.52,-7.49,,
HDIL,1.7,2026-07-13,-1.73,-3.95,-9.57,-24.11,-22.37,-46.37
MOSILVER,214.46,2026-07-13,-5.8,-0.25,-9.58,-7.77,-16.64,
IFCI,76.46,2026-07-13,1.78,-0.93,-9.59,34.9,32.58,25.92
VASWANI,53.8,2026-07-13,-2.71,-1.45,-9.6,-2.29,-1.99,-8.44
PIIND,2569.0,2026-07-13,-4.02,0.36,-9.6,-11.7,-21.24,-36.23
SILVERADD,209.08,2026-07-13,-5.75,-0.25,-9.61,-7.76,-16.65,94.55
SILVERBETA,209.51,2026-07-13,-5.76,-0.56,-9.61,-7.67,-16.91,94.26
TATSILV,21.08,2026-07-13,-5.72,-0.28,-9.68,-7.75,-16.78,94.82
SBISILVER,212.71,2026-07-13,-5.78,-0.21,-9.68,-7.53,-16.63,94.47
GROWWSLVR,21.26,2026-07-13,-5.76,-0.23,-9.69,-7.81,-91.66,-80.64
SILVERBEES,207.46,2026-07-13,-5.85,-0.27,-9.71,-7.78,-16.85,94.45
ESILVER,216.57,2026-07-13,-5.61,-0.42,-9.71,-7.82,-16.86,93.9
SILVERIETF,216.5,2026-07-13,-5.88,-0.18,-9.71,-7.73,-16.97,94.76
MCON,42.75,2026-07-10,-2.84,-6.86,-9.71,-26.42,-32.3,-58.5
GOLDKART,136.9,2026-07-10,0.0,0.0,-9.73,-43.78,-47.33,-35.73
SILVERAG,211.24,2026-07-13,-5.73,-0.37,-9.73,-7.6,-16.92,94.6
THACKER,1034.0,2026-07-13,-4.52,-12.63,-9.75,,,
PTC,170.76,2026-07-13,-2.29,-6.12,-9.75,0.63,9.63,-2.81
SILVERCASE,21.99,2026-07-13,-5.86,-0.32,-9.77,-7.95,-16.96,94.5
HDFCSILVER,207.6,2026-07-13,-5.87,-0.34,-9.78,-7.71,-17.34,93.98
SILVER1,21.02,2026-07-13,-6.12,-0.43,-9.82,-7.73,-91.71,-78.0
ROCKINGDCE,181.6,2026-07-10,-4.02,-2.76,-9.88,15.71,-14.86,3.77
MOXSH,108.0,2026-07-10,-6.9,-9.62,-9.89,-19.31,20.33,220.95
MUKTAARTS,54.5,2026-07-13,-0.91,-8.25,-9.99,13.19,-15.57,-35.1
ZEEL,101.33,2026-07-13,-0.51,-5.58,-10.01,26.84,13.69,-24.68
TIMKEN,3175.4,2026-07-13,-5.12,-9.04,-10.05,-8.51,4.45,-4.43
SHIGAN,62.0,2026-07-10,3.33,-4.17,-10.14,16.98,10.71,-21.0
BANSWRAS,119.11,2026-07-13,-8.81,-9.62,-10.15,8.87,17.64,-19.06
ADVENZYMES,331.45,2026-07-13,2.71,3.22,-10.16,10.74,14.21,0.05
BCG,9.8,2026-07-13,-0.1,-0.31,-10.17,1.55,-1.01,-4.39
VBL,469.1,2026-07-13,-5.2,-6.94,-10.17,9.05,-6.2,4.05
SRPL,0.35,2026-07-13,0.0,-2.78,-10.26,-18.6,-45.31,-39.66
FRACTAL,854.0,2026-07-13,-2.05,-4.13,-10.3,0.52,,
SHANTHALA,22.85,2026-07-10,-6.35,-1.08,-10.39,-16.91,-30.55,-19.96
JINDALSTEL,1028.8,2026-07-13,-2.9,-3.68,-10.42,-15.57,1.78,9.85
OBCL,53.62,2026-07-13,-3.11,-3.82,-10.47,-4.23,-2.53,-0.11
AVANTIFEED,948.6,2026-07-13,0.12,1.47,-10.52,-33.06,16.63,29.05
LUMAXTECH,1461.8,2026-07-13,-3.59,-2.75,-10.54,-20.89,-2.46,27.99
FOCUS,82.09,2026-07-13,-1.45,-8.8,-10.59,21.87,13.07,-21.98
MCLEODRUSS,57.24,2026-07-13,3.32,0.46,-10.73,25.42,25.01,66.93
SUPREMEPWR,215.75,2026-07-10,-6.52,-13.7,-10.75,18.84,22.93,0.33
ANLON,624.0,2026-07-10,-2.95,-7.56,-10.77,62.08,60.82,49.28
ASTEC,686.65,2026-07-13,-1.82,-3.66,-10.78,8.02,7.76,-23.15
FIDEL,146.9,2026-07-10,2.69,-5.2,-10.81,1.66,17.52,-29.09
MARINETRAN,14.15,2026-07-10,4.81,4.81,-11.01,-16.76,-32.62,-16.52
HAVISHA,1.21,2026-07-13,-4.72,-6.2,-11.03,-21.94,-32.02,-45.98
TBI,64.0,2026-07-10,-1.77,0.79,-11.05,-7.98,-24.44,-45.09
RVHL,44.81,2026-07-13,2.17,-0.93,-11.06,14.84,-9.58,-7.87
ICDSLTD,40.0,2026-07-13,0.0,-2.58,-11.09,-12.64,-6.45,-22.81
SITINET,0.32,2026-07-13,-3.03,-5.88,-11.11,-8.57,-11.11,-37.25
MICEL,37.48,2026-07-13,-3.3,-5.57,-11.12,-2.4,-4.09,-26.91
STLTECH,518.15,2026-07-13,-11.45,-17.04,-11.22,113.42,457.69,403.6
TRUST,28.85,2026-07-10,-1.37,-2.04,-11.23,-28.05,-38.09,-58.37
RHETAN,26.58,2026-07-13,-2.28,0.87,-11.28,5.27,3.59,
KARNIKA,119.75,2026-07-10,23.58,-4.2,-11.3,-12.59,-1.8,-81.43
MAITREYA,136.35,2026-07-10,2.52,-2.19,-11.46,-24.65,-35.38,-48.19
TTML,41.12,2026-07-13,-2.67,-2.12,-11.46,-1.3,-11.95,-35.97
TMPV,342.25,2026-07-13,-1.38,-0.81,-11.52,-0.12,-1.33,-49.39
SILLYMONKS,16.02,2026-07-13,0.06,-1.17,-11.59,-2.32,-21.62,-12.03
REMSONSIND,78.54,2026-07-13,-6.56,-3.13,-11.61,-16.37,-31.49,-39.13
FONEBOX,74.25,2026-07-10,5.39,2.41,-11.61,14.58,-17.04,-16.57
JALAN,1.9,2026-07-10,-7.32,-11.63,-11.63,8.57,-51.28,-72.06
BBOX,898.75,2026-07-13,-9.33,-3.59,-11.77,72.44,74.06,71.57
SALASAR,6.14,2026-07-13,0.16,0.82,-11.78,-14.01,-27.76,-22.38
ASTRAL,1330.9,2026-07-13,-4.18,-2.71,-11.78,-18.1,-7.48,-9.53
OLAELEC,40.32,2026-07-13,-4.88,-0.15,-11.85,5.36,3.41,1.31
FEL,0.37,2026-07-13,-2.63,-7.5,-11.9,-15.91,-19.57,-38.33
VERITAAS,40.15,2026-07-10,0.0,8.37,-11.95,-16.0,-29.81,-35.5
KWIL,32.46,2026-07-13,-1.81,-6.99,-12.03,34.02,,
MONEYBOXX,60.81,2026-07-13,-3.63,-6.03,-12.06,-15.51,2.89,
LEMERITE,22.92,2026-07-13,-0.82,-0.74,-12.08,-73.82,-75.15,-66.18
SADBHIN,2.65,2026-07-13,-3.99,-1.12,-12.25,-7.99,-27.0,-46.25
VIVIMEDLAB,5.36,2026-07-13,-5.96,-10.52,-12.42,-26.68,-43.58,8.28
FALCONTECH,11.5,2026-07-10,0.0,1.77,-12.55,-1.29,-23.08,-39.31
RBMINFRA,268.95,2026-07-10,-0.85,-2.22,-12.64,-36.02,-34.97,-39.36
GTLINFRA,1.31,2026-07-13,-1.5,-3.68,-12.67,10.08,13.91,-25.14
SDBL,67.26,2026-07-13,-1.58,0.04,-12.75,-15.68,-33.56,-54.88
LANDSMILL,0.75,2026-07-13,-5.06,-10.71,-12.79,-29.25,-42.75,-21.87
DTL,122.4,2026-07-10,3.29,-5.85,-12.82,9.78,-6.74,-18.4
ORIENTALTL,5.48,2026-07-13,-5.19,-4.03,-12.88,-21.49,-29.83,-59.91
RRIL,17.68,2026-07-13,-0.34,-1.83,-12.91,,,
GGBL,264.0,2026-07-10,-1.58,-6.55,-12.91,-3.43,-12.73,-50.81
VEDL,269.65,2026-07-13,-4.38,-5.24,-12.92,-64.17,-56.98,-35.8
SHRADHA,29.62,2026-07-13,-11.29,-12.75,-13.01,-26.61,-25.78,-59.95
GVPIL,808.3,2026-07-13,-11.89,-13.82,-13.04,70.82,165.5,143.54
TRUALT,435.45,2026-07-13,-5.36,-5.28,-13.13,6.31,17.64,
AVROIND,9.55,2026-07-13,-5.63,-6.19,-13.18,-20.14,-28.78,-40.97
BODALCHEM,59.24,2026-07-13,-4.79,-8.28,-13.28,-11.25,18.1,-21.38
NAGREEKCAP,24.29,2026-07-13,-0.12,-2.29,-13.34,1.59,-11.03,-10.04
ALUWIND,43.2,2026-07-10,-4.53,-8.09,-13.34,-28.0,-34.55,-47.32
VLEGOV,11.69,2026-07-13,5.98,-5.04,-13.41,-19.49,-33.05,-76.95
RAMASTEEL,4.52,2026-07-13,-3.42,2.26,-13.41,-11.89,-48.28,-62.55
GAYAHWS,1.87,2026-07-13,-6.5,-7.88,-13.43,-18.34,-30.22,16.15
GTL,7.28,2026-07-13,-4.21,-4.21,-13.44,-1.22,-4.46,-28.84
CURAA,73.81,2026-07-13,-6.25,-12.55,-13.5,-30.48,-29.21,-60.76
SUPRIYA,845.0,2026-07-13,-2.33,-12.95,-13.52,32.54,14.41,23.07
SANWARIA,0.19,2026-07-13,0.0,-9.52,-13.64,-9.52,-24.0,-47.22
DIL,0.82,2026-07-13,-3.53,-7.87,-13.68,-23.36,-50.9,-62.73
APTECHT,98.93,2026-07-13,-5.04,-4.32,-13.72,22.33,17.4,-28.08
GVKPIL,2.45,2026-07-13,-7.2,-7.89,-13.73,-8.58,-19.14,-39.66
AKSHOPTFBR,6.11,2026-07-13,-5.56,-14.31,-13.82,11.29,0.83,-29.61
MFML,19.88,2026-07-13,-2.88,-14.79,-13.94,-16.79,-15.55,-21.98
EFORCE,20.8,2026-07-10,-0.24,-3.7,-14.05,-26.63,-36.39,-59.38
KKVAPOW,525.6,2026-07-10,0.0,-5.0,-14.26,-14.4,-13.84,-24.15
IMPEXFERRO,2.28,2026-07-13,4.59,-0.44,-14.29,44.3,34.91,14.0
NEPHROPLUS,640.9,2026-07-13,-5.18,-2.63,-14.34,10.97,33.52,
COMPINFO,1.18,2026-07-13,-7.81,-6.35,-14.49,-1.67,-22.37,-47.32
CEREBRAINT,3.18,2026-07-13,3.58,-9.92,-14.52,-36.14,-52.4,-60.5
EXXARO,6.55,2026-07-13,-1.36,-1.06,-14.6,0.0,-14.04,-25.65
NOVAAGRI,23.13,2026-07-13,-9.65,-5.48,-14.71,-18.76,-36.84,-57.77
INSPIRE,8.25,2026-07-10,-1.2,-1.2,-14.95,-5.71,-23.61,-57.69
PARTYCRUS,85.0,2026-07-10,-0.41,-7.61,-15.0,-4.49,-5.56,6.92
MVKAGRO,388.35,2026-07-10,-1.99,3.6,-15.11,-29.95,-37.08,115.03
VETO,122.61,2026-07-13,-2.71,-1.85,-15.18,20.74,17.14,-2.72
REFRACTORY,27.1,2026-07-10,-6.55,-11.29,-15.31,-35.63,-46.86,-55.54
KHFM,53.25,2026-07-10,0.19,-4.83,-15.34,-8.82,-14.39,-37.32
ALPEXSOLAR,800.05,2026-07-10,-0.97,-9.98,-15.39,-12.61,4.75,-28.39
DHANLAXMI,24.9,2026-07-10,-3.86,-17.0,-15.45,-14.73,-20.95,-49.7
AGUL,54.0,2026-07-10,-1.64,-15.49,-15.49,-25.0,-19.4,-0.37
VERTOZ,38.31,2026-07-13,-1.08,-1.82,-15.52,-14.1,-44.12,-55.91
LLOYDS,74.75,2026-07-10,5.73,3.03,-15.54,7.48,11.65,-22.26
PRESSTONIC,26.05,2026-07-10,-2.98,-10.94,-15.56,-20.34,-55.47,-72.43
EASEMYTRIP,7.04,2026-07-13,0.14,0.57,-15.59,-8.21,-0.71,-32.31
SURANI,104.0,2026-07-10,-3.48,-3.61,-15.79,-15.65,88.07,-2.48
KREBSBIO,54.92,2026-07-13,-6.1,-8.89,-15.81,-11.22,-13.03,-32.71
DHTL,36.8,2026-07-10,4.99,-9.14,-15.89,-8.0,-47.39,-25.13
POLYSIL,116.0,2026-07-10,-6.79,-14.07,-15.94,-37.63,-47.33,35.36
MAKS,21.85,2026-07-10,0.0,-5.21,-15.96,-17.39,-26.06,-33.99
AVPINFRA,61.4,2026-07-10,-3.15,-9.24,-16.01,-40.36,-47.14,-69.38
TECILCHEM,9.36,2026-07-13,-6.21,-11.53,-16.28,-27.33,-45.58,-36.54
DCG,50.0,2026-07-10,-0.4,-8.42,-16.39,-21.88,-21.75,-23.72
PRECISION,6.8,2026-07-10,-2.86,0.0,-16.56,-5.56,-43.33,-73.28
ISHAN,0.5,2026-07-10,-9.09,-16.67,-16.67,-37.5,-33.33,-50.0
GANGAFORGE,2.1,2026-07-13,-17.0,10.15,-17.0,-23.36,-36.94,-43.55
SATIPOLY,33.95,2026-07-10,4.46,6.59,-17.09,10.59,-40.23,-60.45
EFACTOR,153.85,2026-07-10,-9.84,-11.63,-17.28,-31.16,-50.37,-35.57
MEGAFLEX,105.0,2026-07-10,-3.63,-12.97,-17.29,-30.69,-0.94,85.35
GTECJAINX,25.84,2026-07-13,-7.25,-16.1,-17.31,31.64,20.07,5.56
PIONRINV,81.34,2026-07-13,-10.4,-7.68,-17.59,,,
AXISCADES,1601.3,2026-07-13,0.27,-5.76,-17.78,-3.09,17.99,11.5
ROLLT,2.22,2026-07-13,-14.62,-23.97,-18.08,76.19,48.0,27.59
DUCON,3.07,2026-07-13,-4.95,-8.08,-18.13,-10.76,-2.85,-51.5
GICL,18.04,2026-07-13,-0.61,4.94,-18.81,-55.36,-58.53,-85.21
VERTEXPLUS,48.3,2026-07-10,8.42,22.74,-18.96,-40.81,-56.09,-62.6
WINSOME,2.05,2026-07-13,-7.24,-12.02,-19.61,19.19,13.26,10.22
ASIANTILES,48.43,2026-07-13,-1.92,-12.91,-19.84,-34.62,-32.18,-24.89
MANAV,33.05,2026-07-10,-4.89,-4.89,-19.88,-10.68,15.96,83.1
BOHRAIND,13.75,2026-07-13,-5.11,-1.93,-20.79,-19.17,-17.47,-46.39
SABAR,4.55,2026-07-10,-13.33,-27.78,-21.55,-8.08,-6.19,-9.0
NAGAFERT,2.89,2026-07-13,-4.93,-9.4,-21.89,-29.85,-38.38,-51.43
AGSTRA,2.32,2026-07-13,-4.92,-9.38,-21.89,-22.92,-40.82,-61.59
ESSENTIA,1.2,2026-07-13,-4.0,-9.77,-22.08,-6.25,-17.24,-44.44
DENEERS,175.5,2026-07-10,-0.9,-8.71,-22.35,5.5,4.46,-43.75
JETKNIT,69.15,2026-07-10,-9.67,-9.67,-22.48,-22.48,-22.48,-37.11
GENSOL,19.31,2026-07-13,-4.97,-9.68,-22.51,-16.98,-18.69,-64.23
BIRDYS,91.0,2026-07-10,-0.27,-5.01,-22.55,-18.02,-26.91,-32.09
RELINFRA,66.44,2026-07-13,-4.99,-9.74,-22.6,-23.75,-55.26,-82.41
MEP,0.63,2026-07-13,-7.35,-13.7,-23.17,-28.41,-62.28,-63.58
KPITTECH,573.45,2026-07-13,2.77,-19.48,-23.44,-19.22,-51.03,-54.46
VR,100.9,2026-07-10,1.61,-10.83,-23.5,-32.33,-28.44,-40.65
MHLXMIRU,136.42,2026-07-13,-2.11,23.88,-23.92,-16.89,-30.02,-38.76
GUJGASLTD,289.7,2026-07-10,-2.08,-13.6,-24.02,-10.49,-31.81,-37.98
AURIGROW,0.28,2026-07-10,0.0,-6.67,-24.32,-9.68,-60.0,-60.0
ANSALAPI,2.58,2026-07-13,-5.49,-12.24,-24.34,-20.86,-21.82,-47.77
TAKE,22.4,2026-07-13,-5.56,-15.85,-24.5,-51.69,-48.78,119.82
EUROTEXIND,14.51,2026-07-13,-7.4,-15.05,-25.36,9.34,15.16,0.07
GSLSU,36.47,2026-07-13,-9.75,-15.25,-25.4,-39.83,-60.98,-67.54
FLEXITUFF,5.06,2026-07-13,-8.83,-12.15,-28.02,-24.14,-57.73,-85.2
GSTL,14.05,2026-07-10,-12.73,-23.01,-29.75,-59.1,-6.95,-3.77
PARSVNATH,2.3,2026-07-13,-8.37,-16.67,-30.72,-74.67,-75.99,-90.39
AQYLON,39.35,2026-07-13,-7.85,-0.86,-30.78,-12.88,-79.87,-97.09
ELITECON,19.98,2026-07-13,-22.26,-26.6,-33.38,,,
SWASTIK,14.15,2026-07-10,-7.52,-17.01,-35.09,-23.1,-38.88,-55.64
TECHNVISN,3479.8,2026-07-13,-7.7,-27.35,-35.7,,,
TCIFINANCE,15.92,2026-07-13,-4.38,-9.6,-40.06,14.53,-49.32,5.5
TICL,12.3,2026-07-13,-5.46,-19.92,-40.12,-48.08,-48.75,-53.69
NEUEON,12.93,2026-07-13,-15.66,-31.22,-40.99,-26.95,60.02,147.7
KSHITIJPOL,3.04,2026-07-13,-22.05,-26.57,-55.56,11.76,26.67,-7.6
NATIONSTD,507.5,2026-07-13,-34.19,-60.59,-57.69,,,
VMARCIND,263.8,2026-07-10,0.92,2.34,-81.12,-66.94,-58.42,-35.66
HEALTHADD,16.45,2026-07-13,-1.14,-89.9,-89.49,-88.49,-88.81,-88.71
MIDQ50ADD,24.93,2026-07-13,0.61,-89.89,-89.73,-89.22,-89.77,-90.19
PSUBANK,84.65,2026-07-13,-89.86,-90.11,-90.08,-90.27,-90.29,-87.91
