ticker,last_close,last_date,1W,2W,1M,3M,6M,12M
NV20,12109.75,2026-06-18,85420.83,86895.33,86646.06,84940.38,7774.21,8027.89
HITECHCORP,309.82,2026-06-18,0.23,1.3,128.38,126.29,83.73,66.33
ACCORD,99.6,2026-06-17,10.18,40.48,117.23,273.73,277.99,349.66
JAYBARMARU,172.79,2026-06-18,8.59,22.76,101.79,94.76,104.58,124.24
GRANDOAK,48.19,2026-06-18,33.08,77.95,86.57,,,
MODISONLTD,307.0,2026-06-18,2.38,-10.91,83.82,147.2,130.83,94.42
VENUSREM,1739.1,2026-06-18,-7.64,2.58,81.66,94.36,132.8,300.76
TCIFINANCE,23.92,2026-06-18,-14.2,37.23,79.04,72.71,48.39,27.03
DECNGOLD,215.78,2026-06-18,12.03,33.57,77.16,,,
PARAS,1310.3,2026-06-18,18.24,35.82,76.22,100.34,112.04,60.66
UFBL,624.55,2026-06-18,1.56,15.24,71.32,182.08,258.61,96.62
GENESYS,349.9,2026-06-18,10.97,31.59,70.97,26.59,-19.02,-46.35
YASHO,2892.4,2026-06-18,3.8,16.86,69.34,103.02,101.49,49.6
BLISSGVS,482.95,2026-06-18,9.87,15.1,68.04,124.2,202.46,247.71
MSTCLTD,687.6,2026-06-18,9.19,40.28,64.81,61.18,51.45,37.69
BLUSPRING,114.29,2026-06-18,23.14,25.59,64.73,144.05,77.33,54.61
NIBE,1748.4,2026-06-18,6.53,19.0,64.45,75.82,57.76,-0.24
SIGMAADV,500.05,2026-06-18,8.19,20.02,63.39,214.38,193.25,442.77
IZMO,1024.35,2026-06-18,-0.68,6.34,61.49,41.28,27.98,206.55
BETA,1948.3,2026-06-18,6.14,36.24,60.2,75.62,25.75,8.99
COCKERILL,9021.5,2026-06-18,-3.25,-0.88,59.24,,,
SICALLOG,100.87,2026-06-18,15.07,32.99,59.0,54.24,1.99,-8.42
NIITLTD,97.87,2026-06-18,9.63,5.2,58.37,47.75,13.35,-24.3
EIFFL,349.71,2026-06-18,42.88,52.66,58.32,51.22,47.93,61.67
SSFL,191.5,2026-06-17,-3.67,-0.93,58.26,40.76,41.33,21.15
NPST,1604.0,2026-06-18,-2.99,9.24,57.78,49.06,14.57,-22.8
ROLLT,3.24,2026-06-18,14.08,39.66,55.77,153.13,145.45,82.02
CLCIND,42.38,2026-06-17,0.0,4.98,54.95,177.9,-84.86,-84.86
ELECTHERM,1081.5,2026-06-18,-3.63,22.0,54.18,72.54,37.67,-8.03
SANGINITA,37.68,2026-06-18,6.08,17.02,53.92,130.32,277.18,273.81
ASTRAMICRO,1670.0,2026-06-18,14.54,18.26,53.61,76.52,89.88,48.39
STLTECH,647.2,2026-06-18,6.31,10.01,53.4,235.18,576.7,519.03
THANGAMAYL,5435.7,2026-06-18,-1.2,-1.02,53.25,55.23,65.74,186.11
KERNEX,2077.7,2026-06-18,1.99,10.11,53.04,114.68,82.19,72.28
VMARCIND,1664.05,2026-06-17,16.87,20.37,52.69,144.8,153.26,471.15
EXICOM,168.15,2026-06-18,4.07,11.71,52.39,83.37,45.56,-7.54
GVPIL,1002.45,2026-06-18,2.71,16.24,51.59,123.71,214.0,223.53
VADILALIND,6212.3,2026-06-18,3.08,10.29,50.82,32.72,24.36,15.56
DEEDEV,714.0,2026-06-18,3.55,1.32,49.89,153.37,229.18,138.0
NRL,79.1,2026-06-18,4.45,6.25,49.58,54.7,38.05,1.02
KSHITIJPOL,5.59,2026-06-18,-14.0,-10.42,49.47,132.92,124.5,53.99
SPARC,242.47,2026-06-18,5.87,19.09,49.46,101.64,83.98,54.13
BHAGERIA,226.35,2026-06-18,3.93,7.31,48.79,52.98,27.54,22.48
QUADFUTURE,424.15,2026-06-18,11.65,23.79,48.49,38.2,67.88,-10.5
RUBYMILLS,333.95,2026-06-18,0.0,1.72,48.33,65.86,50.5,40.59
BROOKS,68.0,2026-06-18,0.67,2.01,47.44,19.38,-29.03,-46.13
WELSPLSOL,60.43,2026-06-18,15.19,10.52,47.03,,,
GOCLCORP,424.95,2026-06-18,4.99,7.22,46.81,75.27,46.23,18.13
AEGISLOG,1006.9,2026-06-18,2.3,33.27,46.79,65.2,37.99,31.39
VINYAS,1422.3,2026-06-17,1.23,6.7,46.66,55.96,21.05,42.23
IMPEXFERRO,2.53,2026-06-17,0.0,4.55,46.24,62.18,42.13,9.52
RAMCOSYS,560.75,2026-06-18,2.3,-0.4,45.76,35.68,-4.25,42.65
CPPLUS,3513.7,2026-06-18,4.38,2.63,45.37,108.66,130.21,
TBZ,189.67,2026-06-18,1.02,16.28,45.32,40.87,17.91,2.48
EQUIPPP,21.1,2026-06-18,13.32,26.8,45.02,11.46,-4.83,5.13
CARTRADE,2585.0,2026-06-18,11.18,24.89,44.89,52.24,-3.84,53.19
ZEELEARN,8.4,2026-06-18,12.75,11.26,44.58,58.49,21.39,-10.26
EPACKPEB,271.86,2026-06-18,6.86,35.52,44.43,69.89,-6.42,
COFFEEDAY,34.57,2026-06-18,2.46,-5.31,44.34,35.83,2.25,1.71
GAYAPROJ,24.73,2026-06-18,7.76,20.17,44.28,85.52,114.48,178.49
SASKEN,2647.9,2026-06-18,24.65,24.23,44.22,130.17,127.46,88.98
SOTL,589.4,2026-06-18,2.05,8.46,44.09,70.69,61.99,42.78
ONELIFECAP,30.13,2026-06-18,11.88,14.52,43.75,103.58,93.89,118.33
PPL,259.91,2026-06-18,0.83,12.94,43.53,33.38,9.61,-33.91
HFCL,199.63,2026-06-18,10.63,12.23,42.91,174.86,208.93,142.71
FCL,43.45,2026-06-18,4.7,13.92,42.37,95.72,80.67,63.28
PALREDTEC,53.25,2026-06-18,15.74,13.3,42.0,79.17,39.87,3.2
TIMEX,476.95,2026-06-18,-3.93,7.94,41.8,,,
NAVKARURB,1.12,2026-06-18,8.74,17.89,41.77,20.43,-16.42,-36.61
ORCHPHARMA,1008.25,2026-06-18,4.93,19.67,41.4,87.27,28.28,45.84
RPTECH,730.0,2026-06-18,30.07,33.93,41.21,109.35,111.14,144.76
BIRLACABLE,216.53,2026-06-18,6.23,1.8,41.09,63.48,59.91,9.41
OCCLLTD,128.21,2026-06-18,-5.35,-4.62,40.33,45.2,38.47,8.73
PREMEXPLN,741.1,2026-06-18,8.46,7.71,40.33,64.52,56.55,24.79
CUPID,169.19,2026-06-18,2.65,20.53,40.01,113.35,91.67,828.7
EMKAY,291.37,2026-06-18,0.17,4.86,39.99,25.3,11.7,27.08
QFIL,55.85,2026-06-17,-0.18,21.28,39.97,18.45,-4.28,-28.03
JNKINDIA,467.0,2026-06-18,-5.83,11.63,39.86,93.09,115.85,29.72
SHEMAROO,136.93,2026-06-18,16.01,25.22,39.62,36.77,31.15,24.65
MDL,74.0,2026-06-17,5.71,5.71,39.36,46.53,-1.33,-28.85
KSHINTL,885.55,2026-06-18,2.55,18.1,39.13,112.06,,
SYRMA,1346.8,2026-06-18,3.51,12.12,38.85,71.69,89.73,156.01
KWIL,36.65,2026-06-18,-1.61,12.6,38.62,48.32,,
RPEL,1189.75,2026-06-18,-0.85,9.13,38.58,80.61,28.8,61.24
SEDEMAC,2730.8,2026-06-18,-0.15,15.38,38.42,78.12,,
GOCOLORS,357.95,2026-06-18,-3.24,-11.68,37.94,34.69,-21.96,-58.44
RATEGAIN,889.0,2026-06-18,7.82,19.21,37.93,74.55,35.13,103.74
SUPREMEENG,1.28,2026-06-18,4.92,21.9,37.63,14.29,3.23,-34.69
TERASOFT,416.2,2026-06-18,-4.9,-4.62,37.5,22.9,-9.81,55.66
HOACFOODS,619.35,2026-06-17,0.95,-4.71,37.47,81.89,74.46,208.06
ALKALI,87.41,2026-06-18,2.29,0.4,37.46,52.2,11.04,-10.76
TEJASNET,600.15,2026-06-18,3.06,10.63,37.43,33.37,34.11,-13.71
APOLLO,426.6,2026-06-18,1.17,4.82,37.17,106.8,88.22,116.72
IBULLSLTD,25.25,2026-06-18,6.18,8.28,36.86,143.49,49.85,41.3
ORBTEXP,213.69,2026-06-18,11.85,15.51,36.82,41.3,13.91,23.79
SETCO,17.89,2026-06-18,-5.79,3.89,36.58,97.94,120.88,90.13
PRADPME,527.5,2026-06-18,5.94,20.31,36.52,,,
CARYSIL,1237.8,2026-06-18,5.51,17.19,36.33,52.14,42.98,42.36
SUPRIYA,932.25,2026-06-18,-2.4,1.43,36.29,58.21,27.62,39.18
AGARIND,550.4,2026-06-18,-5.14,17.02,36.15,27.2,-22.95,-43.6
ICIL,405.85,2026-06-18,16.09,26.12,36.03,69.28,52.23,51.75
CEMPRO,1192.4,2026-06-18,1.18,9.23,35.99,117.53,50.93,49.73
JKIPL,112.18,2026-06-18,4.18,14.11,35.96,111.3,19.68,
EFFWA,345.3,2026-06-17,6.57,11.3,35.94,72.65,49.29,42.8
VINDHYATEL,2179.5,2026-06-18,-0.86,14.4,35.87,93.6,58.0,26.08
MAYURUNIQ,827.45,2026-06-18,3.81,14.99,35.61,63.53,72.69,49.65
NGLFINE,3045.4,2026-06-18,-2.06,14.78,35.36,39.77,133.17,205.59
STEL,600.9,2026-06-18,-2.55,18.58,35.28,30.55,6.98,46.92
PANAMAPET,408.25,2026-06-18,7.01,21.96,35.25,49.46,48.97,11.42
SANDHAR,694.6,2026-06-18,-1.77,0.18,35.25,42.41,27.65,33.3
K2INFRA,78.3,2026-06-17,29.85,58.82,35.23,59.63,26.29,-1.88
MAHESHWARI,72.25,2026-06-18,1.05,8.52,35.15,60.52,54.31,25.43
HARIOMPIPE,412.4,2026-06-18,-3.88,1.74,34.97,28.55,18.23,3.31
PRITIKAUTO,18.0,2026-06-18,24.31,35.85,34.83,52.41,38.36,1.47
SURYALA,452.35,2026-06-18,1.55,2.46,34.63,,,
DEEM,47.0,2026-06-17,5.15,-10.65,34.29,35.25,3.07,-28.3
E2E,405.7,2026-06-18,8.5,-5.72,34.14,79.62,101.85,56.36
FAZE3Q,582.5,2026-06-18,6.05,6.82,34.14,32.12,33.57,3.89
GTECJAINX,25.46,2026-06-18,-14.25,-33.61,34.0,24.99,6.71,6.04
SANGHVIMOV,412.3,2026-06-18,-2.03,9.64,33.97,62.84,34.3,45.04
HMVL,84.83,2026-06-18,2.95,0.21,33.8,35.38,16.56,0.35
STALLION,191.39,2026-06-18,-0.83,7.08,33.76,61.78,-6.35,148.56
DYNAMIC,154.0,2026-06-17,0.29,3.22,33.68,50.24,52.4,-3.14
NETWEB,5079.6,2026-06-18,10.13,19.11,33.46,54.12,62.78,190.73
FINOPB,157.27,2026-06-18,14.35,23.13,33.34,3.01,-38.84,-45.36
DHARAN,0.16,2026-06-18,0.0,14.29,33.33,14.29,-40.74,-70.91
AVALON,1755.3,2026-06-18,-0.27,9.36,33.28,86.71,104.76,110.25
VINSYS,404.0,2026-06-17,9.99,7.12,33.11,32.39,3.31,-0.15
SIMPLEXINF,282.0,2026-06-18,9.58,13.25,32.96,59.58,10.2,1.68
NELCO,871.9,2026-06-18,21.78,27.79,32.74,43.54,21.72,-20.61
INDORAMA,46.62,2026-06-18,1.55,6.37,32.59,41.4,-1.77,3.23
AEROFLEX,489.0,2026-06-18,2.3,22.56,32.56,97.36,175.79,180.08
FILATEX,54.49,2026-06-18,2.79,3.83,32.45,34.08,9.4,4.41
KDDL,2908.8,2026-06-18,1.66,-1.22,32.41,25.56,25.39,2.95
WABAG,1821.8,2026-06-18,11.83,17.97,32.4,48.11,40.85,19.89
IFCI,82.31,2026-06-18,-8.14,11.53,32.35,46.75,75.84,37.34
JASH,493.5,2026-06-18,-1.94,13.89,32.31,33.76,16.51,-9.28
EMMVEE,333.7,2026-06-18,-0.91,1.11,32.21,39.88,92.97,
SKMEGGPROD,238.96,2026-06-18,1.28,-0.99,32.21,44.83,16.34,95.31
ZEEL,111.78,2026-06-18,3.03,0.62,32.17,45.4,23.54,-14.7
VSCL,27.0,2026-06-17,0.0,1.89,31.71,21.35,54.29,-19.16
PANACEABIO,534.85,2026-06-18,-1.1,-3.26,31.57,56.87,54.72,24.75
KISSHT,271.9,2026-06-18,0.39,0.57,31.45,,,
DREDGECORP,1137.2,2026-06-18,3.41,2.33,31.35,24.9,20.15,59.57
SUDEEPPHRM,852.5,2026-06-18,3.63,16.8,31.31,37.06,26.46,
INDOBORAX,359.9,2026-06-18,-3.5,-3.11,31.25,45.46,34.83,87.28
WEWORK,634.25,2026-06-18,-0.28,-2.14,31.08,27.65,9.94,
RUBICON,1307.3,2026-06-18,-2.76,10.66,31.07,70.24,101.46,
SIGNORIA,80.0,2026-06-17,10.19,33.67,30.93,35.82,-15.16,-36.0
DIVGIITTS,850.6,2026-06-18,-2.14,10.02,30.77,22.95,43.23,37.73
SETL,180.17,2026-06-18,6.65,16.93,30.7,51.72,21.41,6.72
RICOAUTO,144.43,2026-06-18,8.28,9.32,30.63,27.63,16.9,90.03
TARSONS,267.32,2026-06-18,29.31,29.16,30.44,42.12,15.88,-28.5
STEELXIND,13.05,2026-06-18,5.67,8.57,30.24,70.37,65.19,61.31
KPRMILL,1186.4,2026-06-18,12.41,14.31,30.1,41.48,23.21,6.99
APARINDS,15812.0,2026-06-18,-1.09,19.1,30.1,64.55,83.68,99.58
BGRENERGY,331.25,2026-06-18,-1.37,-0.48,29.72,6.32,5.14,225.71
ADVAIT,2434.3,2026-06-18,4.25,13.33,29.62,49.58,,
GOLDIAM,479.7,2026-06-18,2.28,16.9,29.61,56.66,33.21,33.16
HONAUT,37170.0,2026-06-18,3.52,7.61,29.58,27.1,10.54,-1.46
TBOTEK,1465.2,2026-06-18,0.91,23.22,29.55,25.19,-11.33,16.17
SHUBHLAXMI,26.1,2026-06-17,6.97,12.99,29.53,-0.38,-27.5,59.15
BOROSCI,153.91,2026-06-18,0.35,1.96,29.53,44.54,31.11,9.37
INOXINDIA,1812.4,2026-06-18,1.46,8.98,29.44,52.59,61.63,54.62
SILVERTUC,185.69,2026-06-18,-10.88,-1.11,29.41,65.94,-78.0,-75.94
ANLON,716.7,2026-06-17,2.53,2.85,29.37,112.04,77.4,96.17
HCC,27.35,2026-06-18,14.58,19.75,29.13,74.76,51.86,-12.84
SVLL,720.0,2026-06-18,0.98,-15.21,29.1,27.43,2.13,-3.85
GUFICBIO,357.65,2026-06-18,-0.76,-5.06,29.07,18.78,2.35,-1.49
WALCHANNAG,301.35,2026-06-18,15.11,25.77,28.79,100.7,52.56,31.35
UNIVASTU,89.7,2026-06-18,8.81,14.34,28.49,39.01,37.53,16.67
TAALTECH,3419.1,2026-06-18,1.66,2.97,28.43,,,
TRIDHYA,11.55,2026-06-17,8.96,29.78,28.33,35.88,-23.0,-44.87
MCLOUD,31.53,2026-06-18,18.27,28.28,28.22,39.02,20.99,-57.9
RELAXO,367.85,2026-06-18,7.72,15.26,28.04,28.8,-8.65,-11.54
PARACABLES,69.82,2026-06-18,8.97,10.25,28.04,99.2,101.38,29.13
VIMTALABS,567.1,2026-06-18,4.25,8.02,27.98,31.85,-3.97,18.46
DATAPATTNS,4802.1,2026-06-18,8.51,15.96,27.98,45.43,91.12,60.49
DYCL,366.55,2026-06-18,14.33,17.11,27.85,32.02,10.17,-18.61
PRIZOR,873.45,2026-06-17,1.42,16.47,27.76,139.3,233.7,343.38
J&KBANK,162.9,2026-06-18,1.87,9.95,27.73,31.89,63.28,61.4
THACKER,1284.3,2026-06-18,6.77,-2.91,27.66,,,
INDSWFTLAB,168.68,2026-06-18,4.23,7.62,27.59,16.01,79.35,63.21
KPL,2342.6,2026-06-18,-2.72,3.16,27.56,,,
ARROWGREEN,604.35,2026-06-18,6.84,13.52,27.42,50.96,18.08,-3.48
AYE,163.05,2026-06-18,4.02,16.56,27.27,48.85,,
RCDL,28.5,2026-06-17,1.97,5.95,27.23,28.38,33.49,24.88
INDOSTAR,243.91,2026-06-18,-0.13,1.36,26.98,23.0,0.16,-22.9
VETO,138.67,2026-06-18,-3.6,-1.34,26.92,42.36,25.14,12.44
LOTUSEYE,132.86,2026-06-18,-5.09,12.67,26.85,21.92,4.56,84.63
MANCREDIT,213.88,2026-06-18,-4.54,3.73,26.8,26.09,27.0,1.82
SOUTHBANK,48.49,2026-06-18,3.35,10.73,26.77,30.45,23.89,65.87
UNIVCABLES,1236.0,2026-06-18,2.74,6.71,26.67,89.24,48.91,83.64
WOCKPHARMA,1989.2,2026-06-18,4.28,5.09,26.58,63.64,44.2,15.75
PASUPTAC,66.89,2026-06-18,-2.89,-10.02,26.54,44.28,28.56,39.73
STOVEKRAFT,687.75,2026-06-18,4.28,9.87,26.32,39.45,19.86,19.31
MINDACORP,650.9,2026-06-18,-1.76,2.73,26.3,28.79,12.02,21.24
SPORTKING,182.7,2026-06-18,-0.43,4.57,26.17,57.41,110.29,71.23
OMNI,493.75,2026-06-18,1.56,0.13,26.12,104.24,,
SPECTRUM,1770.7,2026-06-18,10.78,5.39,26.1,27.05,48.85,11.12
BFUTILITIE,653.2,2026-06-18,6.43,6.99,26.09,52.71,0.81,-16.59
AGI,722.05,2026-06-18,9.34,20.36,26.05,38.94,0.89,-9.98
HIRECT,1147.0,2026-06-18,1.0,6.09,26.02,51.02,62.49,79.52
PAISALO,58.51,2026-06-18,0.6,-1.4,25.88,69.74,60.35,92.08
MOS,15.95,2026-06-17,-1.24,-5.62,25.59,18.15,-30.35,-94.03
LIKHITHA,245.77,2026-06-18,5.89,8.17,25.5,70.65,36.48,-16.09
THOMASCOOK,116.56,2026-06-18,7.38,11.2,25.44,20.07,-17.3,-28.97
DAICHI,311.23,2026-06-18,17.38,33.66,25.39,,,
PNBGILTS,91.19,2026-06-18,0.11,-1.77,25.35,29.77,16.48,-6.26
HSCL,690.3,2026-06-18,3.2,3.46,25.34,52.41,49.25,53.45
BALAMINES,2209.5,2026-06-18,4.81,5.67,25.33,106.94,102.48,53.78
APOLSINHOT,1370.9,2026-06-18,7.17,8.72,25.33,26.29,15.02,6.0
TRAVELFOOD,1332.8,2026-06-18,1.42,10.49,25.25,17.67,5.9,
MOTOGENFIN,29.93,2026-06-18,2.85,3.28,25.23,43.27,30.3,13.2
BHAGYANGR,377.45,2026-06-18,15.75,28.76,25.17,149.97,178.23,407.6
QUESS,249.94,2026-06-18,1.79,5.88,25.1,38.67,26.01,-13.88
JALAN,2.25,2026-06-17,0.0,7.14,25.0,-6.25,-31.82,-76.32
SUNDRMBRAK,762.4,2026-06-18,2.31,4.17,24.94,39.65,16.65,-4.79
SAMMAANCAP,174.4,2026-06-18,-3.51,-1.32,24.89,23.5,21.55,41.27
AMAGI,499.45,2026-06-18,17.17,22.1,24.8,42.21,,
KIRLOSIND,3808.7,2026-06-18,19.07,22.05,24.72,35.61,16.82,4.79
KANORICHEM,114.98,2026-06-18,13.07,25.01,24.68,82.31,49.03,22.24
PPAP,259.6,2026-06-18,6.79,24.38,24.41,25.79,21.77,14.43
QPOWER,1309.7,2026-06-18,2.15,16.36,24.39,58.62,99.53,144.87
CHEMCON,194.98,2026-06-18,0.11,-1.48,24.33,33.23,1.97,4.22
REDINGTON,271.95,2026-06-18,12.01,18.48,24.31,17.6,1.08,-6.22
MANBA,131.35,2026-06-18,6.91,12.26,24.28,11.77,-6.18,-8.32
HLEGLAS,378.4,2026-06-18,-2.29,3.37,24.27,32.12,-14.49,-12.32
RSWM,195.32,2026-06-18,-5.56,-4.43,23.97,42.38,30.12,14.56
ZENTEC,1929.4,2026-06-18,7.84,10.06,23.92,33.31,43.54,-0.28
RAIN,189.15,2026-06-18,-8.97,-1.79,23.91,64.49,70.39,30.3
SBCL,738.4,2026-06-18,1.74,0.93,23.9,76.21,68.39,53.83
TITAGARH,932.6,2026-06-18,8.4,11.27,23.83,43.66,20.75,7.21
FONEBOX,81.5,2026-06-17,-0.61,-4.12,23.77,11.64,-10.49,-2.98
ENRIN,3783.4,2026-06-18,6.55,8.07,23.61,33.19,33.46,
BLUECHIP,2.41,2026-06-17,0.0,-1.63,23.59,-5.86,-24.92,-54.78
MOREPENLAB,51.03,2026-06-18,-2.65,19.03,23.56,32.1,31.93,-17.75
VMART,789.2,2026-06-18,7.82,20.88,23.46,49.7,4.61,-12.81
AEROENTER,124.42,2026-06-18,12.68,23.53,23.44,57.39,58.66,39.84
TVSSCS,136.12,2026-06-18,1.13,8.92,23.38,30.21,30.75,-4.26
RISHABH,574.25,2026-06-18,3.41,12.83,23.27,45.21,49.04,96.09
AEGISVOPAK,243.1,2026-06-18,4.92,31.93,23.22,28.43,-6.73,-1.44
LLOYDSENGG,84.76,2026-06-18,18.79,21.17,23.14,96.11,57.43,44.81
PGEL,564.25,2026-06-18,14.5,19.95,23.04,5.1,-0.37,-26.02
UNITECH,5.18,2026-06-18,7.69,7.02,23.04,15.37,-11.3,-37.89
GKENERGY,149.7,2026-06-18,6.25,11.04,22.98,40.05,-1.9,
XPROINDIA,1303.7,2026-06-18,7.74,11.91,22.81,34.31,34.9,5.99
ORIENTHOT,119.72,2026-06-18,0.66,14.01,22.7,29.55,20.62,-19.1
KAMDHENU,29.76,2026-06-18,-2.87,15.53,22.57,37.08,34.78,-4.32
UNIPARTS,652.9,2026-06-18,-1.62,3.14,22.56,41.95,35.53,88.45
KODYTECH,1042.85,2026-06-17,5.79,25.3,22.52,48.94,12.46,23.85
KONSTELEC,48.7,2026-06-17,10.18,9.56,22.52,51.24,13.12,-29.42
TAKE,29.76,2026-06-18,0.78,1.02,22.37,-23.48,-15.33,243.65
MUKTAARTS,63.59,2026-06-18,0.78,3.62,22.29,48.78,7.76,-22.67
GULFPETRO,40.5,2026-06-18,-1.53,1.33,22.17,38.27,13.76,-10.75
DEN,31.31,2026-06-18,6.32,15.96,22.16,17.57,1.07,-11.2
GRWRHITECH,6575.0,2026-06-18,4.03,12.57,22.15,69.5,92.82,57.65
GPECO,442.7,2026-06-17,1.07,-4.58,22.14,42.92,0.48,8.33
NITTAGELA,1602.7,2026-06-18,8.41,11.0,22.07,,,
SAIPARENT,584.2,2026-06-18,1.96,6.04,22.06,,,
UNIMECH,1133.65,2026-06-18,-1.15,8.46,22.03,47.04,24.82,-13.28
MGEL,15.7,2026-06-18,-4.5,-1.44,21.99,56.22,5.02,11.65
MOTISONS,14.16,2026-06-18,-10.55,23.99,21.96,9.26,-9.81,-32.47
MAZDA,236.99,2026-06-18,3.18,6.74,21.93,30.31,10.67,-1.26
IDBI,84.62,2026-06-18,10.07,17.77,21.76,12.93,-13.25,-6.05
MANAKALUCO,40.54,2026-06-18,-2.01,18.16,21.71,59.61,75.57,56.82
TATATECH,753.7,2026-06-18,-0.86,-1.84,21.59,39.5,19.01,4.55
AVANTEL,179.79,2026-06-18,7.62,11.83,21.51,35.27,22.88,17.61
LANDMARK,447.6,2026-06-18,5.31,7.99,21.5,20.34,-9.86,-8.31
BLUEJET,510.9,2026-06-18,1.31,13.32,21.34,33.29,-2.5,-42.1
APTECHT,113.74,2026-06-18,-2.94,11.74,21.28,47.77,21.57,-22.32
SKIPPER,547.05,2026-06-18,-0.48,2.45,21.27,54.1,30.61,11.53
MMTC,74.95,2026-06-18,6.78,14.69,21.14,19.59,38.44,8.04
QMSMEDI,101.75,2026-06-18,5.99,11.81,21.13,33.18,12.68,16.23
OLAELEC,42.27,2026-06-18,-4.19,-4.86,21.01,70.03,35.22,-8.35
IPSL,260.0,2026-06-17,0.0,2.1,20.93,2.77,-5.11,-3.39
PNC,22.96,2026-06-18,5.95,14.63,20.78,9.07,-18.61,-14.96
HYBRIDFIN,22.69,2026-06-18,39.2,37.6,20.76,39.29,23.72,24.12
DBEIL,89.94,2026-06-18,8.77,12.38,20.74,29.54,-22.51,-34.64
JINDALSAW,264.06,2026-06-18,7.21,11.84,20.72,34.56,62.57,12.9
ACEINTEG,23.04,2026-06-18,14.0,11.52,20.69,37.72,5.64,-14.57
SANSERA,2886.8,2026-06-18,-1.81,-0.66,20.66,31.29,69.41,116.75
ORTINGLOBE,17.01,2026-06-18,-0.47,-14.61,20.64,6.31,27.7,45.38
CEWATER,341.7,2026-06-18,26.88,36.95,20.55,27.57,-23.39,-38.99
SKFINDUS,2495.7,2026-06-18,0.2,4.74,20.55,10.85,3.51,
PATINTLOG,14.28,2026-06-18,6.25,8.18,20.51,48.75,5.31,-5.82
ACMESOLAR,331.9,2026-06-18,-4.42,-5.78,20.43,33.46,42.71,30.91
PSPPROJECT,911.15,2026-06-18,-1.11,6.87,20.43,34.37,7.16,18.96
AFIL,10.58,2026-06-18,5.91,3.62,20.36,19.82,58.38,37.22
SYNOPTICS,68.6,2026-06-17,-2.9,17.57,20.35,47.53,2.46,-3.31
ROSSTECH,1042.3,2026-06-18,4.46,4.44,20.32,49.17,66.14,149.45
PREMIERPOL,61.12,2026-06-18,9.16,10.05,20.27,3.93,53.41,19.66
STCINDIA,135.76,2026-06-18,9.17,14.04,20.21,18.54,17.47,-11.25
MANALIPETC,66.55,2026-06-18,-2.42,6.77,20.17,41.87,11.98,-4.79
NBCC,110.15,2026-06-18,2.6,6.47,20.17,24.55,1.88,-6.77
MARKSANS,261.45,2026-06-18,4.68,10.76,20.14,55.73,44.02,4.89
DJML,114.56,2026-06-18,-0.15,7.07,20.12,43.18,65.48,12.79
PGHL,6310.5,2026-06-18,1.35,1.79,20.09,27.75,15.05,10.01
OLECTRA,1446.6,2026-06-18,13.46,16.66,20.08,37.0,27.57,24.22
UMESLTD,5.75,2026-06-18,0.88,3.98,20.04,-11.27,15.46,-1.2
VINCOFE,151.27,2026-06-18,-2.73,0.83,20.03,15.31,-3.81,24.57
PARAGON,52.2,2026-06-17,13.97,6.1,20.0,21.25,21.68,-19.57
GALAPREC,1021.0,2026-06-18,-1.26,16.96,19.97,31.79,36.07,15.48
ABDL,632.8,2026-06-18,0.79,11.48,19.94,49.46,3.18,49.45
DEEPAKFERT,1525.7,2026-06-18,1.15,5.1,19.91,61.72,27.68,-0.4
CENTUM,3489.6,2026-06-18,-3.78,5.65,19.9,23.05,60.89,45.11
TINNARUBR,882.55,2026-06-18,1.93,4.44,19.8,40.39,12.37,-3.39
KIRLPNU,1828.0,2026-06-18,12.2,14.61,19.77,72.73,79.87,38.24
CONCORDBIO,1347.5,2026-06-18,-2.37,12.6,19.76,17.9,0.27,-32.5
IFGLEXPOR,188.91,2026-06-18,-2.45,-0.89,19.68,29.11,-5.42,-25.36
GREAVESCOT,192.04,2026-06-18,0.31,1.47,19.67,38.12,8.54,-2.6
JAMNAAUTO,132.11,2026-06-18,5.72,12.55,19.64,6.93,5.18,46.56
KRISHNADEF,1320.0,2026-06-18,8.49,13.97,19.64,40.05,96.08,42.3
UNICHEMLAB,448.3,2026-06-18,1.9,25.61,19.56,38.81,-0.88,-21.91
MTEDUCARE,1.96,2026-06-18,1.55,8.89,19.51,41.01,1.03,-15.88
NUVAMA,1720.4,2026-06-18,3.58,11.73,19.51,47.37,18.94,20.55
SAMHI,171.6,2026-06-18,1.99,7.73,19.42,12.29,-2.46,-22.34
AURIONPRO,877.0,2026-06-18,2.87,18.02,19.4,4.83,-18.45,-35.52
BORORENEW,595.2,2026-06-18,8.72,15.85,19.4,36.12,14.1,11.08
SABAR,5.85,2026-06-17,-0.85,9.35,19.39,-1.68,12.5,4.46
VAIBHAVGBL,251.2,2026-06-18,3.71,12.48,19.33,17.33,9.29,8.35
VELJAN,1200.0,2026-06-18,-0.7,-5.34,19.31,,,
HALDYNGL,123.34,2026-06-18,1.73,7.76,19.15,,,
LYKALABS,70.06,2026-06-18,-2.45,10.0,19.15,27.8,-5.88,-38.64
MAITHANALL,1136.2,2026-06-18,6.9,15.63,19.13,23.33,23.82,0.35
UTLSOLAR,313.85,2026-06-18,1.45,0.34,19.09,60.01,59.09,
NINSYS,694.75,2026-06-18,-1.35,-3.02,19.07,137.04,70.26,50.87
WINSOME,2.5,2026-06-18,-1.96,-3.85,19.05,42.86,25.63,31.58
CAPLIPOINT,2359.4,2026-06-18,-0.22,11.77,19.03,43.43,23.93,13.33
BAJAJCON,620.5,2026-06-18,4.74,7.85,19.03,75.83,149.05,258.01
SONATSOFTW,309.0,2026-06-18,18.69,18.44,18.87,28.27,-8.64,-24.06
MANUGRAPH,15.37,2026-06-18,0.46,-5.88,18.87,15.83,-4.83,-24.4
GRPLTD,1900.4,2026-06-18,12.51,8.15,18.79,9.96,13.09,-29.69
ATGL,724.35,2026-06-18,0.6,-1.31,18.77,40.52,24.51,11.31
REFEX,318.65,2026-06-18,1.45,6.82,18.7,54.05,15.66,-31.17
SJS,2216.1,2026-06-18,0.56,7.52,18.65,33.7,32.42,76.28
GTLINFRA,1.53,2026-06-18,-1.92,1.32,18.6,45.71,26.45,-14.04
GVT&D,5250.0,2026-06-18,9.25,10.67,18.6,37.88,83.47,121.56
IFBIND,1288.4,2026-06-18,1.62,3.97,18.54,25.14,-17.02,-18.45
CGCL,220.81,2026-06-18,3.1,11.17,18.52,29.64,24.49,30.46
GRAUWEIL,75.25,2026-06-18,-2.39,2.59,18.52,-34.9,-34.9,-34.9
MENONBE,169.64,2026-06-18,1.02,19.11,18.51,38.08,64.67,44.67
AMIABLE,77.2,2026-06-17,-2.22,0.46,18.5,5.9,9.5,6.19
PROTEAN,624.55,2026-06-18,0.3,4.94,18.5,17.6,-19.06,-31.18
MUFTI,90.94,2026-06-18,2.41,5.04,18.46,19.69,-6.04,-44.2
TRENT,3179.7,2026-06-18,9.6,16.9,18.46,31.19,-20.98,-44.47
YATRA,111.13,2026-06-18,3.87,15.28,18.45,4.2,-36.81,23.46
NATIONSTD,1296.8,2026-06-18,8.12,8.07,18.43,,,
SHADOWFAX,219.81,2026-06-18,-1.79,8.23,18.43,95.58,,
UNIHEALTH,547.8,2026-06-17,10.23,18.55,18.43,60.36,67.88,213.03
AMANTA,148.95,2026-06-18,-5.21,13.83,18.38,53.37,36.66,
DIFFNKG,372.25,2026-06-18,2.31,14.1,18.31,47.72,20.64,22.94
IOLCP,128.3,2026-06-18,-3.91,1.09,18.31,73.59,62.67,53.22
ABSLAMC,1167.1,2026-06-18,1.83,11.77,18.22,20.39,48.79,59.93
THYROCARE,534.4,2026-06-18,-0.22,-1.28,18.18,43.41,24.8,64.32
RRKABEL,2296.2,2026-06-18,5.24,6.84,18.18,60.06,60.96,74.19
SBC,39.88,2026-06-18,7.38,8.99,18.16,25.13,39.88,151.13
NRBBEARING,419.8,2026-06-18,-2.38,-2.0,18.1,64.59,52.48,61.36
SPAL,920.95,2026-06-18,6.12,13.06,18.1,28.63,31.29,11.71
STYLAMIND,3312.9,2026-06-18,1.71,6.82,18.07,49.52,52.92,99.38
POWERMECH,2814.2,2026-06-18,-1.34,13.17,18.06,38.38,23.53,-9.27
CGPOWER,954.45,2026-06-18,2.03,5.65,18.02,34.97,44.54,39.86
SKYGOLD,522.1,2026-06-18,-2.16,6.06,18.0,47.36,63.0,51.66
IL&FSENGG,31.3,2026-06-18,6.32,7.89,17.89,32.07,17.49,-12.28
PROLIFE,69.0,2026-06-17,9.87,9.87,17.85,9.7,-9.39,-54.49
DENORA,833.9,2026-06-18,3.0,10.4,17.56,11.14,18.32,-3.58
WELSPUNLIV,163.0,2026-06-18,12.47,14.47,17.55,41.48,22.5,25.02
DIXON,12666.0,2026-06-18,5.93,11.18,17.5,18.27,-4.76,-11.8
SFL,702.45,2026-06-18,-1.01,4.63,17.41,32.79,22.77,-5.82
BEARDSELL,29.21,2026-06-18,-0.71,-0.65,17.4,21.96,0.41,-9.03
HINDWAREAP,250.39,2026-06-18,-1.81,16.5,17.34,23.29,-3.47,-13.1
SJLOGISTIC,339.75,2026-06-17,0.22,-8.55,17.32,34.96,-5.08,-29.97
WINDMACHIN,325.05,2026-06-18,-0.31,14.19,17.3,47.18,21.97,-11.33
RAYMOND,589.25,2026-06-18,-0.45,15.44,17.25,56.34,38.42,-2.1
INDIGO,5011.8,2026-06-18,2.69,14.96,17.22,14.93,-2.03,-4.79
AVG,180.9,2026-06-18,6.1,22.35,17.2,6.94,-7.07,-37.63
TVSSRICHAK,4101.8,2026-06-18,1.1,3.74,17.14,12.79,-0.57,33.03
BLSE,225.11,2026-06-18,-3.9,-1.06,17.13,57.01,9.7,15.93
IXIGO,188.9,2026-06-18,3.32,24.54,17.1,13.09,-25.29,4.72
INDNIPPON,911.95,2026-06-18,-0.18,3.02,17.01,18.08,19.07,29.34
PATELENG,30.01,2026-06-18,8.54,14.06,17.0,20.18,-4.55,-26.21
ZIMLAB,113.97,2026-06-18,1.92,5.85,17.0,69.12,62.35,8.15
PANSARI,303.0,2026-06-18,8.8,9.07,16.99,11.01,0.48,26.83
EUROTEXIND,18.82,2026-06-18,1.67,21.26,16.97,44.88,33.1,32.26
TEGA,1819.7,2026-06-18,2.13,2.68,16.95,7.38,-4.7,23.56
MARINE,261.5,2026-06-18,6.02,12.74,16.93,46.16,30.43,19.48
MUTHOOTMF,207.48,2026-06-18,6.29,15.08,16.92,35.23,15.52,61.92
RUSHIL,17.82,2026-06-18,-0.39,25.76,16.85,12.22,-23.45,-39.63
COOLCAPS,27.75,2026-06-17,2.78,17.58,16.84,18.59,-63.68,-96.57
YESBANK,25.48,2026-06-18,7.15,10.78,16.83,34.53,18.84,28.1
MTARTECH,8305.5,2026-06-18,13.09,17.78,16.81,132.18,260.17,390.61
CENTENKA,506.9,2026-06-18,1.7,2.05,16.8,20.19,13.62,3.47
MAHABANK,89.5,2026-06-18,0.43,12.42,16.79,41.69,63.62,69.32
RIIL,862.0,2026-06-18,8.45,14.94,16.79,31.54,8.78,-9.42
OAL,346.7,2026-06-18,2.41,10.19,16.75,39.38,15.53,-10.46
AHCL,15.75,2026-06-18,3.35,12.02,16.75,38.02,17.48,
HONASA,406.5,2026-06-18,-0.16,-2.02,16.73,44.43,57.19,32.22
AIAENG,4532.9,2026-06-18,1.43,-0.28,16.73,21.87,19.28,34.64
PDSL,346.75,2026-06-18,8.33,12.13,16.73,25.91,0.19,-14.06
IDEA,15.01,2026-06-18,0.4,4.24,16.72,59.0,32.83,128.81
KIRLOSENG,1983.5,2026-06-18,2.57,6.98,16.68,38.17,54.58,133.32
KRBL,383.4,2026-06-18,2.36,11.62,16.66,31.44,-1.24,10.42
WELENT,570.35,2026-06-18,1.78,7.41,16.64,22.2,14.04,11.0
GOKEX,784.1,2026-06-18,8.64,15.95,16.57,31.66,-0.03,-15.35
SOMANYCERA,519.6,2026-06-18,-0.1,4.84,16.53,34.92,28.25,-9.49
SENORES,1315.4,2026-06-18,2.51,30.63,16.46,75.39,64.49,147.02
KIRLOSBROS,1903.2,2026-06-18,8.57,11.93,16.45,20.66,18.66,6.0
VIPULLTD,10.13,2026-06-18,7.88,0.3,16.44,-10.67,-0.3,-10.51
EQUITASBNK,77.7,2026-06-18,-0.97,3.84,16.42,33.62,34.17,17.23
BHARATGEAR,125.41,2026-06-18,9.98,14.03,16.41,25.18,21.32,39.17
TATACOMM,1942.0,2026-06-18,0.42,1.9,16.4,29.75,8.39,15.96
SAFARI,1660.0,2026-06-18,1.47,6.65,16.38,8.19,-24.44,-21.6
KRONOX,152.97,2026-06-18,7.63,15.63,16.35,36.3,7.55,-6.57
INTERARCH,1898.6,2026-06-18,3.54,11.43,16.34,5.49,-19.69,-8.84
GMRAIRPORT,110.55,2026-06-18,3.65,10.2,16.32,20.14,9.9,33.6
ESENSEX,87.37,2026-06-18,14.1,18.18,16.32,14.06,3.47,
ELANTAS,10505.5,2026-06-18,7.03,8.93,16.29,,,
BATAINDIA,789.9,2026-06-18,16.11,19.95,16.27,17.35,-15.98,-34.24
SAREGAMA,456.15,2026-06-18,-1.39,-0.16,16.26,29.66,30.55,-12.04
CLEDUCATE,51.54,2026-06-18,-5.86,-8.71,16.24,9.61,-37.31,-42.39
VIDYAWIRES,106.68,2026-06-18,14.06,13.96,16.23,92.91,100.64,
SHBAJRG,197.42,2026-06-18,-0.52,-1.5,16.16,,,
IIFL,529.2,2026-06-18,1.31,7.59,16.09,8.25,-4.89,9.91
RELIABLE,153.81,2026-06-18,-0.71,5.91,16.08,26.32,5.2,100.68
ANGELONE,352.8,2026-06-18,0.14,8.32,16.07,50.45,44.61,25.05
WENDT,7875.0,2026-06-18,-1.06,18.41,16.05,16.55,-1.52,-4.94
SMCGLOBAL,72.59,2026-06-18,-0.71,12.82,15.98,8.93,-12.28,8.81
CORDSCABLE,222.48,2026-06-18,0.26,4.23,15.98,46.09,21.88,13.96
BELRISE,239.24,2026-06-18,0.41,10.9,15.94,30.2,53.38,135.65
SERVOTECH,101.85,2026-06-18,-1.82,2.19,15.94,43.15,31.73,-27.25
AURUM,200.27,2026-06-18,4.15,8.81,15.92,17.52,12.05,-2.55
CEREBRAINT,4.01,2026-06-18,3.89,16.57,15.9,-3.84,-38.96,-35.01
NOIDATOLL,4.96,2026-06-18,-1.78,4.86,15.89,46.31,18.66,27.51
AARTECH,49.9,2026-06-18,21.26,21.03,15.86,5.52,5.65,-25.56
RPPL,18.49,2026-06-18,-5.71,6.63,15.85,16.95,10.85,-29.18
NCLIND,192.36,2026-06-18,3.08,5.39,15.79,7.98,-2.47,-5.88
AKUMS,601.7,2026-06-18,-2.94,10.33,15.77,25.02,42.57,8.63
ATLANTAELE,1905.5,2026-06-18,4.22,-2.51,15.76,76.92,100.36,
GEMAROMA,175.29,2026-06-18,-6.59,7.34,15.75,3.62,18.15,
NECCLTD,17.36,2026-06-18,1.46,16.04,15.73,28.4,-4.72,-28.68
ADFFOODS,305.6,2026-06-18,8.22,9.59,15.71,64.98,45.66,6.71
TIINDIA,3256.5,2026-06-18,0.94,6.56,15.68,27.22,26.33,12.5
MAXESTATES,454.15,2026-06-18,4.07,3.89,15.62,21.4,0.15,-8.93
HESTERBIO,2058.7,2026-06-18,-0.38,4.86,15.62,46.89,30.72,14.44
TMB,780.6,2026-06-18,0.83,7.39,15.55,25.46,56.38,81.83
HATHWAY,11.6,2026-06-18,3.48,7.41,15.54,14.85,-5.0,-22.1
IDFCFIRSTB,78.09,2026-06-18,-0.31,9.32,15.53,19.66,-6.8,10.69
NOVARTIND,1364.3,2026-06-18,5.4,0.96,15.49,102.95,102.95,102.95
PRECOT,727.4,2026-06-18,-0.44,0.98,15.48,45.54,66.0,33.17
KREBSBIO,64.31,2026-06-18,-3.15,-4.23,15.44,32.6,-5.58,-28.58
EMAMIPAP,86.39,2026-06-18,1.87,1.87,15.42,24.09,1.79,-7.27
GREENPLY,292.21,2026-06-18,-0.54,1.85,15.41,45.89,14.46,-6.98
BAJAJHCARE,317.1,2026-06-18,5.98,9.14,15.33,2.94,-23.17,-39.98
RILINFRA,36.7,2026-06-17,1.1,1.8,15.23,10.21,3.38,-13.03
SMLMAH,4035.9,2026-06-18,0.51,8.61,15.23,-2.63,11.97,116.84
GCSL,435.25,2026-06-18,0.88,5.86,15.19,28.13,23.37,
SHREEJISPG,496.6,2026-06-18,4.31,8.05,15.18,33.85,50.04,
BHARATCOAL,42.55,2026-06-18,13.04,8.88,15.16,22.31,,
BAJEL,199.17,2026-06-18,-0.16,3.74,15.13,18.53,19.7,-4.69
SUBEXLTD,11.68,2026-06-18,5.89,10.4,15.07,37.9,-0.43,-15.48
ANUP,2218.8,2026-06-18,13.14,16.66,14.99,33.81,3.0,-15.57
FIVESTAR,518.85,2026-06-18,11.15,23.21,14.93,37.7,-12.07,-32.07
DIAMONDYD,1124.8,2026-06-18,0.79,-0.29,14.87,20.15,3.34,3.95
RELINFRA,81.55,2026-06-17,0.0,-5.0,14.86,4.71,-48.1,-77.85
MANAKCOAT,114.12,2026-06-18,6.67,10.11,14.86,-0.71,-11.49,-17.01
PAR,96.4,2026-06-18,3.21,13.41,14.79,7.79,-8.29,0.33
AARVI,139.94,2026-06-18,-4.68,6.91,14.74,8.39,14.43,30.0
HUHTAMAKI,184.31,2026-06-18,5.05,11.1,14.69,12.27,-9.36,-11.54
TIRUPATIFL,47.16,2026-06-18,0.81,10.63,14.69,7.04,49.81,15.76
ADANIENSOL,1523.3,2026-06-18,2.1,-3.0,14.68,46.94,56.03,79.96
ESAFSFB,32.02,2026-06-18,10.03,16.56,14.64,36.43,25.77,4.91
PANACHE,424.15,2026-06-18,13.91,19.8,14.62,31.32,22.69,127.37
TIL,215.69,2026-06-18,18.54,23.73,14.59,15.81,-18.5,-40.26
SHILPAMED,545.6,2026-06-18,2.41,2.46,14.57,68.08,70.1,19.02
AGSTRA,2.83,2026-06-17,0.0,-4.71,14.57,-4.71,-31.97,-36.83
ORIENTLTD,70.57,2026-06-18,16.32,19.77,14.56,12.18,-7.66,-26.41
JINDWORLD,30.39,2026-06-18,0.83,9.95,14.55,39.02,6.89,-47.14
PCBL,306.25,2026-06-18,1.04,9.38,14.49,19.49,-1.11,-19.82
KTKBANK,277.9,2026-06-18,1.91,8.3,14.43,19.85,39.9,40.58
BANCOINDIA,666.05,2026-06-18,-3.11,6.09,14.4,16.1,-2.6,16.06
MGL,1210.7,2026-06-18,6.29,13.18,14.36,21.02,9.07,-13.02
JGCHEM,440.75,2026-06-18,2.51,3.8,14.35,28.33,27.4,10.83
ASIANENE,354.55,2026-06-18,-2.45,-5.86,14.35,21.88,24.58,20.38
MAJESAUT,340.2,2026-06-18,1.39,1.83,14.33,,,
VENUSPIPES,1482.4,2026-06-18,3.73,5.29,14.28,47.96,24.51,8.14
AIMTRON,1268.8,2026-06-17,2.95,5.22,14.26,62.55,59.25,122.34
JSWINFRA,307.95,2026-06-18,4.9,15.06,14.21,18.8,12.71,0.38
BALPHARMA,87.79,2026-06-18,0.01,3.23,14.19,27.36,20.21,-11.13
RAJRATAN,454.6,2026-06-18,-0.27,6.35,14.11,17.07,1.33,10.72
IVC,8.49,2026-06-18,-0.35,5.86,14.11,21.81,6.12,1.22
JBMA,706.5,2026-06-18,3.4,8.27,14.11,20.82,29.9,2.02
CEIGALL,379.8,2026-06-18,0.7,8.39,14.11,36.79,65.53,56.51
ROTO,64.64,2026-06-18,-1.04,5.6,14.1,11.08,-14.72,-32.07
NEOGEN,1929.5,2026-06-18,-6.53,1.03,14.1,45.14,79.49,20.26
BAFNAPH,154.36,2026-06-18,-1.79,-20.42,14.09,34.5,5.19,100.29
APOLLOTYRE,428.0,2026-06-18,3.29,11.21,14.09,1.97,-13.1,-2.2
BCG,10.37,2026-06-18,-4.42,-6.74,14.08,13.09,-1.24,1.17
LMW,16720.0,2026-06-18,5.64,7.32,14.07,16.14,11.5,2.36
GNA,412.85,2026-06-18,9.84,11.15,14.06,4.27,34.46,32.19
TATACAP,345.45,2026-06-18,1.39,10.53,14.03,6.59,6.47,
CDSL,1350.4,2026-06-18,6.69,13.16,14.03,9.47,-9.34,-18.98
RELTD,143.96,2026-06-18,-2.03,17.86,13.99,6.24,-10.39,4.54
SAHANA,936.8,2026-06-17,16.73,24.13,13.98,-4.56,-3.59,-39.87
GREENLAM,255.55,2026-06-18,1.09,11.21,13.97,19.56,2.08,6.57
PROPEQUITY,245.0,2026-06-17,1.24,13.95,13.95,28.95,25.67,16.56
CLSEL,296.8,2026-06-18,2.49,10.93,13.93,23.1,11.77,-10.67
SHK,138.41,2026-06-18,3.04,12.36,13.92,7.27,-14.73,-41.84
VEEKAYEM,140.0,2026-06-17,1.45,1.45,13.91,7.69,-30.86,-44.74
GANESHBE,105.23,2026-06-18,-0.19,-2.46,13.9,36.38,30.07,5.36
SINDHUTRAD,25.48,2026-06-18,1.55,2.29,13.9,1.64,19.46,-5.59
GULFOILLUB,1031.4,2026-06-18,5.29,14.63,13.9,6.36,-12.25,-11.59
FEDDERSHOL,38.06,2026-06-18,7.18,9.71,13.88,,,
MASKINVEST,162.35,2026-06-18,9.7,10.91,13.88,24.88,3.47,1.78
JMA,95.93,2026-06-18,1.34,3.22,13.82,18.26,23.62,4.2
RUPA,160.74,2026-06-18,4.78,8.92,13.82,26.62,0.06,-22.52
SWSOLAR,222.13,2026-06-18,5.28,12.95,13.82,26.81,5.34,-31.08
INFOBEAN,169.03,2026-06-18,-1.75,0.02,13.82,19.57,-10.41,77.62
PRESTIGE,1527.7,2026-06-18,3.75,15.07,13.78,15.61,-4.53,-9.63
SADHNANIQ,2.73,2026-06-18,14.71,16.17,13.75,69.57,-60.78,-79.78
SAAKSHI,264.6,2026-06-17,3.58,7.56,13.68,44.83,49.87,55.24
FINEORG,5150.9,2026-06-18,4.61,9.76,13.66,19.23,20.69,11.74
MOTILALOFS,948.15,2026-06-18,0.93,15.47,13.65,35.78,10.15,16.92
MITTAL,1.0,2026-06-18,-3.85,2.04,13.64,4.17,-18.03,-33.33
JTLIND,75.28,2026-06-18,-1.58,7.45,13.63,43.5,26.5,-2.53
POKARNA,944.05,2026-06-18,8.42,16.81,13.6,9.19,12.99,-11.11
RELIGARE,247.63,2026-06-18,2.88,10.2,13.59,9.04,8.48,9.12
WTICAB,111.0,2026-06-17,17.65,11.0,13.55,6.63,-17.16,-18.41
SHIVAUM,369.0,2026-06-17,1.1,10.48,13.54,31.79,30.85,31.55
IGIL,355.7,2026-06-18,-3.67,-2.63,13.53,4.88,13.4,0.08
BANSWRAS,134.28,2026-06-18,0.88,13.82,13.44,19.67,18.65,-2.92
GRINDWELL,2105.5,2026-06-18,4.07,7.67,13.42,47.27,33.1,25.17
RBLBANK,369.25,2026-06-18,-0.91,7.04,13.41,22.53,23.6,62.23
UCOBANK,27.99,2026-06-18,6.91,11.83,13.41,10.82,-0.25,-8.14
SRIVASAVI,63.9,2026-06-17,15.55,27.8,13.4,37.12,40.44,-11.25
PRECWIRE,423.75,2026-06-18,4.94,7.08,13.38,37.74,88.02,140.72
THOMASCOTT,296.95,2026-06-18,9.09,16.25,13.36,13.27,-8.53,-0.75
PNB,109.58,2026-06-18,1.5,6.68,13.34,-0.31,-5.16,10.01
NITINSPIN,561.0,2026-06-18,2.39,6.98,13.34,50.89,74.47,48.11
SUPRAJIT,469.8,2026-06-18,0.31,1.73,13.34,15.32,1.8,2.97
MIRZAINT,33.09,2026-06-18,8.74,10.82,13.32,5.92,-18.5,10.08
CHENNPETRO,1119.4,2026-06-18,-7.53,-6.04,13.31,11.14,26.62,80.68
GENSOL,23.68,2026-06-17,0.0,-4.98,13.3,9.53,-13.67,-50.06
OSWALPUMPS,419.95,2026-06-18,-0.62,5.97,13.29,31.79,-20.77,
FINCABLES,1158.6,2026-06-18,10.97,13.63,13.26,32.12,49.54,21.59
STARHEALTH,565.65,2026-06-18,7.0,9.04,13.22,22.51,22.57,29.63
SHRIPISTON,3807.2,2026-06-18,1.75,15.63,13.21,24.91,24.72,59.62
CAMLINFINE,137.19,2026-06-18,-1.05,7.74,13.21,5.88,-11.35,-54.6
ITDC,611.65,2026-06-18,2.27,1.99,13.17,38.43,14.03,4.29
VIJIFIN,4.3,2026-06-18,10.26,7.77,13.16,35.22,72.0,88.6
IL&FSTRANS,2.58,2026-06-18,5.74,11.21,13.16,14.16,-9.15,-32.46
ASAHISONG,257.89,2026-06-18,-1.28,5.05,13.15,30.71,-8.97,-39.77
TCPLPACK,2880.1,2026-06-18,14.44,10.55,13.14,17.31,-1.26,-21.62
SADHAV,124.4,2026-06-17,3.67,-0.32,13.14,27.92,25.66,21.01
GTL,8.2,2026-06-18,-4.09,-7.03,13.1,20.94,2.37,-20.39
LOKESHMACH,275.0,2026-06-18,2.27,8.89,13.04,32.79,70.27,59.7
EUROPRATIK,277.0,2026-06-18,3.42,10.45,12.99,24.46,-7.31,
TRITURBINE,674.15,2026-06-18,1.66,1.59,12.99,41.78,29.52,10.54
JAYKAY,177.08,2026-06-18,5.62,-0.19,12.93,29.52,-11.41,
UTKARSHBNK,15.02,2026-06-18,11.51,21.62,12.93,23.93,1.9,-36.36
DCM,94.43,2026-06-18,-0.58,-0.68,12.91,50.56,1.82,-7.03
NIRAJ,32.55,2026-06-18,8.46,17.0,12.9,22.46,-6.17,-40.12
JAGRAN,66.05,2026-06-18,3.53,4.2,12.9,21.6,9.18,5.23
BFINVEST,453.0,2026-06-18,1.8,6.61,12.88,18.9,11.23,-7.81
FEDERALBNK,320.45,2026-06-18,1.06,5.2,12.85,18.03,20.74,55.68
ELGIEQUIP,602.0,2026-06-18,-1.12,0.83,12.85,24.87,28.8,16.26
LAXMIDENTL,223.03,2026-06-18,-1.66,-0.19,12.83,26.04,-14.35,-45.19
SHILCTECH,4453.9,2026-06-18,7.47,12.31,12.77,10.99,14.87,
CNL,717.1,2026-06-18,-1.08,-0.29,12.76,18.44,-2.8,6.05
JARO,542.45,2026-06-18,-2.84,-1.35,12.75,11.43,-0.47,
BEPL,107.06,2026-06-18,7.66,9.51,12.73,21.73,25.06,-1.51
ABB,7229.0,2026-06-18,4.43,3.89,12.72,14.53,42.39,20.33
PYRAMID,175.3,2026-06-18,4.34,8.46,12.71,22.29,8.17,-4.42
CRAFTSMAN,9500.0,2026-06-18,1.75,5.84,12.71,37.93,34.34,81.26
SCPL,489.8,2026-06-18,-4.95,6.36,12.7,63.65,63.98,54.27
DLINKINDIA,526.3,2026-06-18,3.38,7.39,12.67,29.95,28.6,1.76
BPCL,316.3,2026-06-18,1.84,10.92,12.64,4.15,-10.49,6.69
BCLIND,37.62,2026-06-18,-1.85,1.62,12.6,35.57,20.46,-9.95
VIYASH,253.85,2026-06-18,1.56,0.81,12.58,29.97,21.25,30.88
BANDHANBNK,214.28,2026-06-18,1.61,5.6,12.58,31.06,47.44,19.63
COROMANDEL,2068.2,2026-06-18,4.12,18.11,12.57,2.14,-7.63,-9.04
CYIENTDLM,469.1,2026-06-18,0.12,7.79,12.56,49.54,11.0,2.37
SARTELE,160.65,2026-06-17,20.34,30.72,12.54,-11.24,-29.55,-35.44
GLOTTIS,68.06,2026-06-18,1.1,2.28,12.53,53.29,16.16,
DAMODARIND,31.88,2026-06-18,3.67,5.7,12.53,43.99,6.3,-13.72
BIMETAL,638.05,2026-06-18,-0.55,3.09,12.5,,,
IDEAFORGE,919.75,2026-06-18,6.35,-2.02,12.48,112.54,122.62,57.78
OMAXAUTO,224.31,2026-06-18,-3.53,0.59,12.48,125.62,126.56,169.63
GIPCL,161.62,2026-06-18,-0.52,-1.12,12.45,19.88,12.24,-15.68
SMARTWORKS,472.1,2026-06-18,0.47,4.6,12.44,17.83,2.65,
IRISDOREME,39.93,2026-06-18,5.02,10.73,12.42,31.26,10.76,-31.02
MOTHERSON,144.68,2026-06-18,-2.32,4.08,12.37,23.22,23.88,45.65
NEPHROPLUS,723.35,2026-06-18,1.39,8.77,12.37,30.58,56.67,
INDOFARM,140.67,2026-06-18,5.58,9.16,12.36,7.07,-24.07,-19.31
BANKBARODA,283.0,2026-06-18,2.52,9.16,12.35,3.18,1.41,23.53
BAJAJHIND,19.4,2026-06-18,-2.12,-0.21,12.33,21.71,3.52,-16.95
ARFIN,99.16,2026-06-18,7.76,14.02,12.29,30.68,52.81,
CLEANMAX,1339.7,2026-06-18,5.15,9.61,12.26,54.45,,
EXIDEIND,384.85,2026-06-18,-2.53,-0.27,12.25,24.65,7.19,2.31
BOMDYEING,133.44,2026-06-18,1.53,6.59,12.23,24.08,3.09,-11.3
SAKUMA,1.93,2026-06-18,0.0,0.52,12.21,27.81,-9.81,-35.88
LRRPL,91.95,2026-06-17,2.22,17.13,12.13,45.49,18.65,17.73
MTNL,32.04,2026-06-18,2.86,7.63,12.11,24.86,-10.83,-34.57
QUINT,43.25,2026-06-18,0.58,3.77,12.1,,,
IGL,169.99,2026-06-18,0.22,3.89,12.1,8.05,-11.62,-15.15
ADANIENT,3013.4,2026-06-18,2.41,1.51,12.08,50.2,35.23,22.6
ACUTAAS,3136.3,2026-06-18,1.28,-5.42,12.05,38.91,92.25,183.45
CALSOFT,24.22,2026-06-18,15.66,21.95,12.03,79.41,56.56,53.1
VASCONEQ,36.88,2026-06-18,7.74,18.62,12.0,11.25,-19.03,-24.98
AVL,617.45,2026-06-18,8.82,14.96,11.99,37.26,27.59,78.62
RELCHEMQ,137.76,2026-06-18,-0.71,13.84,11.9,20.13,2.14,-22.45
HINDPETRO,401.6,2026-06-18,-0.01,7.74,11.9,14.96,-13.45,5.7
PRIVISCL,3463.6,2026-06-18,-0.16,6.86,11.89,15.58,14.4,41.17
KOPRAN,184.78,2026-06-18,0.76,1.53,11.86,56.85,44.31,-1.28
IVALUE,264.67,2026-06-18,7.16,15.02,11.86,13.48,-1.7,
ACSTECH,37.83,2026-06-18,-1.2,4.79,11.86,,,
KKCL,491.45,2026-06-18,6.54,13.38,11.85,11.31,2.3,-0.17
DLF,640.7,2026-06-18,4.27,14.15,11.79,13.78,-5.65,-23.6
BBTCL,215.3,2026-06-18,-1.82,-2.94,11.79,27.0,12.95,32.72
PSUBANK,881.12,2026-06-18,2.43,7.13,11.78,1.66,6.27,27.76
PRINCEPIPE,282.55,2026-06-18,1.04,5.98,11.75,13.47,14.56,-19.23
WSTCSTPAPR,520.85,2026-06-18,2.04,4.39,11.67,22.73,29.82,4.19
AARNAV,24.97,2026-06-18,1.13,1.71,11.67,-0.2,,
NDTV,83.15,2026-06-18,1.61,1.99,11.66,13.81,-3.77,-44.94
VAISHALI,7.67,2026-06-18,6.97,5.07,11.64,25.12,-13.43,-38.15
LFIC,152.77,2026-06-18,2.88,7.55,11.63,22.15,-12.91,-29.08
CANBK,134.97,2026-06-18,2.1,5.7,11.63,1.39,-6.95,28.83
JISLJALEQS,33.17,2026-06-18,4.97,8.51,11.61,1.78,-15.27,-46.6
KHFM,63.95,2026-06-17,0.0,5.53,11.61,6.58,-1.24,-21.0
MANAKSTEEL,69.15,2026-06-18,0.96,2.69,11.6,29.16,14.98,14.03
VARROC,613.35,2026-06-18,5.21,7.4,11.59,16.98,-2.5,10.41
MANORAMA,1529.3,2026-06-18,-0.16,1.18,11.58,14.9,14.91,8.0
EVEREADY,357.55,2026-06-18,2.42,10.92,11.53,19.82,9.86,12.51
GKWLIMITED,1849.7,2026-06-18,0.82,2.53,11.52,12.38,8.22,-3.98
KFINTECH,906.85,2026-06-18,7.0,8.31,11.5,-3.92,-15.17,-25.35
TASTYBITE,8251.0,2026-06-18,1.08,3.58,11.5,19.11,2.54,-23.91
BRIGADE,554.6,2026-06-18,8.09,14.98,11.46,7.77,-15.6,-36.51
ARVINDFASN,478.1,2026-06-18,3.56,3.07,11.45,16.82,-4.34,-1.49
KRN,1219.4,2026-06-18,-2.91,3.92,11.42,37.79,66.26,56.04
BBOX,1042.0,2026-06-18,2.99,3.56,11.42,104.98,101.47,113.12
LLOYDSENT,76.88,2026-06-18,10.78,19.94,11.4,61.99,14.52,9.01
SANGAMIND,540.75,2026-06-18,1.72,3.28,11.4,22.81,26.42,28.26
SBIBPB,50.94,2026-06-18,2.06,6.66,11.39,1.76,5.42,26.72
PSUBANKADD,88.77,2026-06-18,2.22,6.96,11.39,1.74,6.18,28.0
MADHUCON,6.36,2026-06-18,12.97,16.27,11.38,54.37,4.26,-23.37
CREST,394.8,2026-06-18,3.11,9.7,11.38,21.31,8.03,-1.79
CEATLTD,3486.7,2026-06-18,0.91,12.25,11.38,-1.93,-6.85,-2.43
MUNJALAU,97.13,2026-06-18,-0.2,5.54,11.36,27.25,25.02,29.84
AMBER,7965.5,2026-06-18,4.53,2.78,11.35,16.28,20.96,19.01
ASHAPURMIN,712.95,2026-06-18,0.55,6.3,11.35,40.61,-7.42,83.53
PSUBNKBEES,98.21,2026-06-18,2.34,7.24,11.34,1.91,6.14,27.93
KNRCON,139.13,2026-06-18,9.27,9.66,11.34,13.0,-2.09,-34.36
SHREERAMA,46.03,2026-06-18,9.08,8.15,11.32,-4.66,-22.64,0.92
HIMATSEIDE,83.71,2026-06-18,7.76,12.02,11.29,1.92,-26.52,-39.87
STUDDS,487.35,2026-06-18,-3.42,10.94,11.27,-1.6,-8.55,
FERMENTA,318.8,2026-06-18,-2.33,-7.29,11.24,,,
FOCUS,92.84,2026-06-18,0.97,0.35,11.23,36.45,25.88,-19.76
KIRLFER,473.7,2026-06-18,9.03,12.69,11.21,4.75,4.75,4.75
RML,986.75,2026-06-18,6.24,11.38,11.21,31.87,35.53,3.77
AKSHARCHEM,219.95,2026-06-18,6.84,3.98,11.19,25.04,-12.51,-10.13
STLNETWORK,28.45,2026-06-18,0.74,5.57,11.18,52.63,27.07,
VGL,67.3,2026-06-18,-10.3,-2.69,11.15,12.71,-9.5,-5.54
BANKPSU,88.41,2026-06-18,2.26,6.88,11.12,1.62,5.79,27.76
KAJARIACER,1164.1,2026-06-18,5.23,8.31,11.12,21.84,9.0,15.15
GLOBALPET,150.0,2026-06-17,-1.32,-1.96,11.11,45.56,22.95,7.72
SIKA,988.0,2026-06-18,10.07,7.94,11.11,,,
TARIL,324.85,2026-06-18,2.38,4.93,11.08,12.46,15.15,-33.34
PATELRMART,220.92,2026-06-18,0.77,19.22,11.07,27.27,7.98,
ANANTRAJ,528.75,2026-06-18,-1.59,-1.59,11.02,12.31,-0.54,0.38
VTL,661.4,2026-06-18,3.7,6.88,11.02,20.54,47.01,42.92
SBIN,1042.7,2026-06-18,2.14,6.19,11.0,-0.78,8.59,34.04
SHREEKARNI,459.0,2026-06-17,5.35,10.46,11.0,21.3,-5.18,-20.86
PARADEEP,134.25,2026-06-18,5.21,8.27,11.0,15.58,-12.05,-18.67
PSUBNKIETF,88.92,2026-06-18,2.05,6.77,10.96,1.43,5.87,27.78
GROWWPSUBK,88.07,2026-06-18,1.91,7.42,10.96,,,
HDFCPSUBK,88.62,2026-06-18,1.77,6.8,10.96,1.51,5.54,27.58
CRAMC,256.19,2026-06-18,-0.31,5.96,10.95,7.21,-15.32,
HYUNDAI,1976.6,2026-06-18,-2.64,4.32,10.93,-0.69,-13.66,3.36
CMPDI,248.97,2026-06-18,3.14,6.06,10.91,,,
BIOFILCHEM,35.4,2026-06-18,-1.31,0.28,10.9,16.29,7.18,-27.52
AIIL,551.55,2026-06-18,-1.28,20.8,10.86,13.6,2.06,8.53
ACE,976.45,2026-06-18,5.11,10.46,10.86,15.62,5.54,-18.36
IOC,146.11,2026-06-18,1.12,7.75,10.85,-1.46,-8.53,10.63
RVHL,45.2,2026-06-18,-4.4,9.02,10.84,25.0,-18.81,-12.2
UNIONBANK,176.12,2026-06-18,2.81,6.62,10.84,-1.01,14.25,26.34
SHOPERSTOP,362.0,2026-06-18,-2.24,4.4,10.82,20.31,-19.32,-28.16
CERA,6160.0,2026-06-18,-1.58,12.55,10.82,23.64,16.42,-10.76
KAPSTON,350.45,2026-06-18,1.73,6.29,10.8,27.04,18.14,47.14
MUFIN,128.66,2026-06-18,4.25,8.44,10.79,21.66,15.41,78.94
ELECON,535.0,2026-06-18,-4.52,2.96,10.78,34.89,13.84,-15.95
GHCLTEXTIL,95.02,2026-06-18,4.91,-1.46,10.73,29.05,28.41,5.51
NSLNISP,47.11,2026-06-18,-1.55,-2.48,10.72,26.57,18.72,24.33
THELEELA,457.6,2026-06-18,-0.13,11.83,10.71,11.37,10.76,15.08
AKSHOPTFBR,7.24,2026-06-18,5.08,5.85,10.7,56.71,10.87,-20.0
CCAVENUE,15.01,2026-06-18,8.85,8.85,10.69,2.11,-10.12,-22.88
ZEEMEDIA,8.49,2026-06-18,-1.05,-0.24,10.69,12.15,-7.31,-37.06
POWERINDIA,36300.0,2026-06-18,4.63,3.68,10.67,45.35,99.89,96.69
KEI,5630.5,2026-06-18,3.11,9.37,10.66,28.26,37.94,56.99
KALYANKJIL,382.95,2026-06-18,-0.01,8.12,10.65,-1.71,-18.67,-26.13
DATAMATICS,816.45,2026-06-18,3.02,6.2,10.59,14.88,0.18,35.0
JINDALPHOT,1107.5,2026-06-18,0.41,-2.3,10.56,-8.44,-26.92,18.18
CUMMINSIND,5858.0,2026-06-18,1.81,4.41,10.56,24.17,34.19,81.22
STYL,293.15,2026-06-18,2.16,11.61,10.56,15.65,5.96,
VIKRAN,74.41,2026-06-18,6.68,7.84,10.55,17.48,-12.37,
GULPOLY,208.6,2026-06-18,-1.95,-2.24,10.55,32.04,49.06,16.1
MONARCH,348.4,2026-06-18,2.99,3.95,10.55,29.04,15.98,12.74
CHOLAFIN,1688.9,2026-06-18,2.13,16.0,10.54,10.81,0.66,6.56
RCF,134.45,2026-06-18,4.38,9.26,10.5,11.46,-1.61,-12.53
TAJGVK,332.65,2026-06-18,-0.54,3.45,10.44,5.89,-10.66,-15.25
JKTYRE,397.25,2026-06-18,1.47,8.63,10.44,-9.04,-13.42,10.22
KPIL,1367.9,2026-06-18,4.91,7.97,10.44,28.02,22.11,14.77
KICL,5200.0,2026-06-18,0.04,5.92,10.43,12.6,6.75,2.25
INDIANB,875.7,2026-06-18,3.07,6.09,10.41,0.61,14.98,42.27
RGL,110.11,2026-06-18,4.02,9.27,10.4,7.63,-13.1,-9.8
GUJRAFFIA,40.72,2026-06-18,-1.02,-1.95,10.35,8.33,-20.69,-7.22
MASON,143.05,2026-06-17,2.18,21.23,10.34,-1.34,-26.03,-1.55
BANKINDIA,147.67,2026-06-18,0.98,5.42,10.33,0.03,7.16,32.04
JSWDULUX,3230.9,2026-06-18,-0.36,1.98,10.32,10.62,3.82,5.15
NAVKARCORP,104.24,2026-06-18,1.49,9.19,10.32,21.27,10.59,-6.55
AJMERA,135.33,2026-06-18,1.14,16.45,10.31,17.18,-25.17,-30.17
BIRLAMONEY,146.96,2026-06-18,7.45,12.49,10.28,25.71,0.49,-17.89
ADOR,1174.8,2026-06-18,-0.25,4.1,10.27,21.01,12.0,19.79
TALBROAUTO,354.05,2026-06-18,-2.95,-2.33,10.26,44.1,28.05,20.86
KARNIKA,136.15,2026-06-17,-0.15,1.99,10.24,18.39,15.77,-79.11
DUCON,3.56,2026-06-18,-6.07,6.91,10.22,18.67,2.89,-40.96
CONFIPET,67.89,2026-06-18,-4.45,-12.29,10.21,85.49,102.66,15.9
VIVIDHA,0.54,2026-06-18,3.85,-1.82,10.2,-8.47,-21.74,-37.21
KIMS,789.75,2026-06-18,2.58,-1.43,10.17,17.52,24.52,18.74
FACT,953.45,2026-06-18,5.23,10.05,10.14,17.12,12.14,-6.64
DEEPINDS,492.25,2026-06-18,-2.29,-3.67,10.12,33.93,11.51,16.04
GAIL,176.44,2026-06-18,0.59,4.65,10.12,16.89,8.59,-1.47
BANKA,90.3,2026-06-18,0.33,-0.39,10.12,85.96,34.38,21.0
DCW,50.36,2026-06-18,4.01,9.48,10.12,19.34,-12.05,-32.85
HARDWYN,25.84,2026-06-18,7.8,5.77,10.1,43.96,50.93,77.59
APCOTEXIND,526.25,2026-06-18,1.56,2.92,10.07,55.97,45.46,38.66
ADANIGREEN,1506.8,2026-06-18,1.63,1.09,10.07,69.06,49.04,55.52
TRUALT,489.0,2026-06-18,-0.74,-5.21,10.04,26.01,20.16,
COFORGE,1483.0,2026-06-18,5.74,4.36,10.01,31.01,-19.85,-18.56
NETWORK18,34.54,2026-06-18,6.15,8.38,10.0,8.65,-16.59,-34.67
SVPGLOB,4.07,2026-06-18,2.26,6.27,10.0,60.24,-0.25,14.01
SHYAMMETL,975.1,2026-06-18,0.54,-0.08,9.98,23.97,21.76,18.3
PETRONET,288.25,2026-06-18,0.82,9.06,9.97,-0.01,8.47,1.66
SIGACHI,21.94,2026-06-18,2.48,3.93,9.97,10.36,-35.34,-59.63
TRIVENI,405.55,2026-06-18,1.81,11.0,9.96,20.9,9.61,2.18
GANDHAR,174.11,2026-06-18,9.86,10.49,9.95,32.01,19.96,1.14
EICHERMOT,7601.0,2026-06-18,-0.31,7.82,9.95,8.16,6.96,42.77
ICICIAMC,3431.7,2026-06-18,4.97,6.54,9.95,14.08,,
RKSWAMY,98.49,2026-06-18,-2.87,0.14,9.95,9.84,-15.63,-47.27
SARVESHWAR,3.98,2026-06-18,10.56,8.74,9.94,25.16,-9.75,-44.1
EDELWEISS,121.34,2026-06-18,5.96,12.75,9.91,9.76,15.85,15.13
KALAMANDIR,110.26,2026-06-18,4.43,6.09,9.89,8.38,-25.55,-20.07
NIACL,178.67,2026-06-18,11.41,19.48,9.89,32.7,12.4,-1.15
HALDER,240.57,2026-06-18,0.17,0.69,9.87,-4.91,,
AXISBANK,1360.1,2026-06-18,-0.6,7.25,9.87,8.53,10.6,11.49
ZUARI,234.98,2026-06-18,7.67,10.44,9.8,13.54,-24.36,12.31
SUZLON,58.44,2026-06-18,5.16,7.37,9.75,38.94,12.86,-8.79
STARTECK,275.3,2026-06-18,4.3,2.04,9.74,9.27,0.58,-3.21
AURIGROW,0.34,2026-06-18,0.0,-2.86,9.68,21.43,-61.8,-33.33
INDIAMART,2137.7,2026-06-18,4.34,6.44,9.68,1.89,-5.58,-13.51
GOACARBON,420.6,2026-06-18,7.69,8.98,9.67,30.95,6.01,-11.26
KANANIIND,1.59,2026-06-18,1.92,1.92,9.66,15.22,-5.92,-25.35
DCMFINSERV,5.24,2026-06-18,-4.9,-7.75,9.62,-28.9,-0.95,-22.26
ASPINWALL,251.39,2026-06-18,-3.05,6.47,9.62,20.51,14.97,-9.33
RANEHOLDIN,1654.3,2026-06-18,12.71,16.14,9.62,48.88,29.4,9.02
USK,23.95,2026-06-18,-3.11,-8.17,9.61,3.46,3.86,-37.66
GSMFOILS,218.7,2026-06-17,6.79,7.63,9.6,10.93,9.82,43.79
PGIL,1743.5,2026-06-18,2.87,7.16,9.59,14.04,7.31,19.85
AAVAS,1467.6,2026-06-18,4.44,16.54,9.59,30.6,0.82,-19.49
GUJGASLTD,399.7,2026-06-18,0.0,-0.07,9.58,11.34,4.32,-12.69
INTELLECT,757.3,2026-06-18,-0.16,4.89,9.57,11.89,-26.07,-36.5
TIMESCAN,42.95,2026-06-17,0.0,3.49,9.57,-8.62,-20.02,-28.77
INDHOTEL,710.45,2026-06-18,2.99,8.92,9.54,11.54,-1.6,-6.65
HPL,377.65,2026-06-18,1.96,9.8,9.51,27.5,0.12,-28.99
MADRASFERT,70.7,2026-06-18,2.39,6.6,9.48,10.23,-3.31,-21.91
ZUARIIND,268.0,2026-06-18,6.5,9.08,9.48,12.51,-15.22,-4.07
ITI,311.15,2026-06-18,3.12,5.01,9.46,17.68,5.74,-1.32
GRSE,2825.3,2026-06-18,5.85,8.21,9.44,18.08,27.49,-11.88
PCJEWELLER,8.93,2026-06-18,-2.62,0.9,9.44,4.81,-9.98,-27.28
RAMCOIND,292.95,2026-06-18,-0.31,-2.58,9.41,10.59,-6.27,9.72
PVP,29.42,2026-06-18,-5.1,-7.4,9.41,14.65,-11.78,23.87
KOVAI,5867.5,2026-06-18,1.61,6.34,9.41,127.72,127.72,127.72
SURYAROSNI,261.39,2026-06-18,-2.05,5.91,9.39,23.69,-2.34,-21.73
SITINET,0.35,2026-06-18,-2.78,-5.41,9.38,6.06,-10.26,-30.0
EMSLIMITED,343.5,2026-06-18,11.33,7.03,9.34,15.62,-23.3,-41.61
JAICORPLTD,121.19,2026-06-18,7.17,10.03,9.34,18.0,-4.32,14.68
ZODIACLOTH,83.1,2026-06-18,11.9,12.37,9.34,21.58,-2.89,-22.13
LIBERTSHOE,259.72,2026-06-18,7.47,7.95,9.33,1.84,-1.97,-37.03
KIRANVYPAR,200.11,2026-06-18,4.18,16.21,9.32,,,
JOCIL,153.0,2026-06-18,-0.03,3.38,9.31,34.84,4.96,-3.59
NYKAA,298.1,2026-06-18,9.27,14.52,9.31,22.35,22.12,51.93
CREDITACC,1419.6,2026-06-18,3.24,14.19,9.3,19.47,12.24,24.53
SPECIALITY,109.5,2026-06-18,1.82,3.05,9.3,11.25,-0.67,-12.43
GICHSGFIN,162.38,2026-06-18,2.4,9.92,9.26,9.61,-5.11,-11.92
SAATVIKGL,476.65,2026-06-18,1.46,3.59,9.25,33.09,21.18,
SHRIRAMPPS,88.44,2026-06-18,0.19,3.75,9.2,26.76,6.37,-10.16
KAVDEFENCE,66.03,2026-06-18,6.28,10.46,9.19,10.58,-6.1,44.71
TRANSWORLD,179.84,2026-06-18,2.71,10.14,9.17,33.77,-9.38,-34.2
JSWENERGY,575.55,2026-06-18,1.64,0.81,9.16,13.44,22.35,14.57
IMAGICAA,45.92,2026-06-18,4.98,7.06,9.15,11.78,-5.42,-32.37
MOREALTY,81.8,2026-06-18,2.34,9.21,9.14,12.09,-5.91,-18.91
GOLDTECH,43.85,2026-06-18,4.38,3.1,9.11,9.03,-11.95,-33.97
MOLDTECH,133.01,2026-06-18,5.36,15.15,9.11,8.8,-15.76,-13.13
SINGERIND,74.63,2026-06-18,4.33,7.74,9.11,,,
GROWW,200.54,2026-06-18,-3.28,5.63,9.1,22.77,39.16,
PIDILITIND,1581.1,2026-06-18,0.64,8.31,9.03,14.21,8.92,7.27
WCIL,104.61,2026-06-18,7.03,11.69,9.01,10.65,-13.06,-5.63
20MICRONS,185.05,2026-06-18,-2.0,-0.05,9.01,18.6,-3.22,-20.21
TRIDENT,25.97,2026-06-18,5.53,8.07,9.0,8.46,-0.61,-11.79
HARSHA,434.25,2026-06-18,3.44,8.68,8.98,27.31,15.49,12.36
MBLINFRA,27.46,2026-06-18,0.37,-4.92,8.97,23.03,-9.82,-39.19
UCL,158.5,2026-06-17,3.83,1.77,8.93,137.1,230.21,221.18
GROWWRLTY,9.15,2026-06-18,2.35,9.45,8.93,12.0,-6.12,
JUBLCPL,1866.3,2026-06-18,-0.16,2.72,8.89,9.35,-14.53,13.9
NIVABUPA,87.09,2026-06-18,4.44,6.83,8.88,21.69,16.71,7.49
RAYMONDLSL,816.05,2026-06-18,1.11,10.05,8.85,-3.47,-19.44,-22.94
RVTH,702.0,2026-06-18,1.89,-1.12,8.84,21.08,-2.36,-31.68
TAMBOLIIN,186.38,2026-06-18,1.77,3.01,8.82,,,
WIPL,157.41,2026-06-18,2.32,6.37,8.81,2.95,4.05,7.9
VIPIND,318.2,2026-06-18,-1.26,0.78,8.8,-5.56,-8.84,-23.36
DBSTOCKBRO,29.45,2026-06-18,-7.36,-6.66,8.79,13.84,16.63,-3.19
POLYCAB,9952.5,2026-06-18,4.15,4.82,8.76,34.96,40.2,67.11
MPHASIS,2336.6,2026-06-18,1.16,0.11,8.75,10.02,-19.09,-11.32
NAUKRI,1006.8,2026-06-18,2.48,0.76,8.73,1.2,-24.34,-30.96
VOLTAMP,10031.0,2026-06-18,1.39,4.34,8.73,14.97,27.29,16.62
VOLTAS,1357.6,2026-06-18,2.35,6.71,8.71,-4.27,-2.84,6.04
HCL-INSYS,12.54,2026-06-18,0.24,-2.11,8.67,5.38,-8.4,-27.68
LICI,430.0,2026-06-18,5.99,8.72,8.67,9.44,1.49,-6.76
NATHBIOGEN,172.01,2026-06-18,1.77,3.51,8.66,20.09,12.05,-15.88
LAXMICOT,14.98,2026-06-18,5.49,1.63,8.63,19.65,-21.12,-47.73
EMMBI,92.13,2026-06-18,8.95,10.68,8.63,12.26,-6.6,-16.62
AERONEU,93.95,2026-06-18,6.63,7.94,8.63,46.16,24.73,-13.47
GLOBAL,111.38,2026-06-18,9.57,5.81,8.61,8.98,20.67,79.55
HEALTHX,317.65,2026-06-18,5.97,5.69,8.6,11.22,4.54,2.25
JPOLYINVST,1095.0,2026-06-18,0.96,0.58,8.59,-11.34,5.73,23.38
NAHARINDUS,117.6,2026-06-18,0.48,1.55,8.59,27.77,10.78,-13.11
KAYNES,3385.5,2026-06-18,9.84,11.82,8.57,-8.89,-16.34,-40.81
BLUESTONE,503.95,2026-06-18,-4.46,-8.29,8.56,-7.23,0.28,
CARBORUNIV,1192.2,2026-06-18,11.85,13.06,8.55,55.3,40.49,27.88
ZFCVINDIA,15581.0,2026-06-18,3.24,9.6,8.52,13.56,3.72,17.11
ONDOOR,195.1,2026-06-17,6.73,19.8,8.51,37.59,63.06,20.43
ALLTIME,249.62,2026-06-18,-1.76,12.86,8.47,15.21,-3.17,
AKCAPIT,1704.1,2026-06-18,-2.39,0.51,8.46,,,
BRIGHOTEL,64.89,2026-06-18,1.55,2.48,8.44,7.88,-8.9,
INOXGREEN,195.11,2026-06-18,-0.06,14.15,8.44,34.89,-1.54,25.23
SAILIFE,1206.8,2026-06-18,-0.09,1.02,8.43,19.03,37.68,63.42
KHANDSE,18.4,2026-06-18,2.62,-0.54,8.43,11.52,-17.12,-21.9
GARFIBRES,697.6,2026-06-18,2.66,6.36,8.43,11.11,3.18,-18.07
ZYDUSLIFE,1074.4,2026-06-18,-1.26,-1.21,8.4,19.43,17.59,13.4
BANKADD,59.15,2026-06-18,1.55,7.16,8.39,4.78,-1.47,4.41
TMCV,407.05,2026-06-18,0.11,13.4,8.38,-8.04,2.64,
GNFC,562.6,2026-06-18,10.32,15.75,8.38,33.76,15.31,9.55
TEAMLEASE,1456.4,2026-06-18,3.68,5.28,8.38,20.71,-9.03,-28.35
MIDHANI,431.05,2026-06-18,-1.21,2.42,8.36,34.03,48.06,2.2
MOTOUR,77.59,2026-06-18,2.12,8.37,8.34,8.06,-7.25,-12.74
ANIKINDS,46.79,2026-06-18,6.29,9.58,8.34,16.54,-10.42,-58.06
SHAKTIPUMP,543.05,2026-06-18,-0.59,4.89,8.34,6.22,-25.16,-45.95
PRAXIS,8.18,2026-06-18,9.36,15.05,8.34,26.82,-12.89,-34.98
AVTNPL,72.57,2026-06-18,0.1,1.98,8.33,18.21,12.21,14.34
POLYMED,1573.2,2026-06-18,4.12,13.77,8.33,22.99,-12.44,-26.21
SCHNEIDER,1301.0,2026-06-18,6.97,13.83,8.32,44.78,85.92,65.93
BANKBETF,58.73,2026-06-18,1.43,7.11,8.32,4.71,-1.53,4.41
FINPIPE,177.21,2026-06-18,2.43,4.92,8.31,-0.19,7.39,-22.51
NITCO,106.92,2026-06-18,11.56,13.68,8.31,34.69,18.42,-18.82
PLASTIBLEN,173.21,2026-06-18,-0.43,1.41,8.3,26.36,6.68,-16.8
AMBIKCO,1659.2,2026-06-18,1.42,2.41,8.3,28.09,31.01,9.9
RAJPALAYAM,844.7,2026-06-18,-0.22,4.54,8.29,,,
GATEWAY,60.27,2026-06-18,0.45,6.63,8.28,13.25,5.16,0.06
TCL,100.95,2026-06-17,3.54,4.13,8.26,9.14,-0.69,9.14
MAHLIFE,350.15,2026-06-18,4.93,4.69,8.25,-0.37,-11.76,-2.84
PARAGMILK,230.9,2026-06-18,-0.7,-1.18,8.25,14.45,-23.82,6.73
UJJIVANSFB,58.62,2026-06-18,2.93,12.02,8.25,5.41,9.98,20.07
ASAL,507.85,2026-06-18,0.73,2.62,8.25,21.25,6.98,-8.95
MADHAV,38.39,2026-06-18,4.46,5.03,8.23,7.17,-8.38,-17.46
BANKNIFTY1,59.91,2026-06-18,1.42,6.83,8.22,4.87,-90.16,-89.55
DCMSIL,64.88,2026-06-18,-1.55,-5.42,8.19,-35.38,,
GANESHHOU,766.5,2026-06-18,0.26,1.61,8.19,22.88,-3.98,-19.99
BANKBETA,59.71,2026-06-18,1.36,6.95,8.19,4.7,-1.61,
TREL,26.25,2026-06-18,1.63,3.31,8.16,4.04,-14.91,-20.53
JETFREIGHT,22.43,2026-06-18,3.94,-1.02,8.15,26.37,28.24,58.74
BBNPNBETF,58.14,2026-06-18,0.97,7.01,8.13,5.0,-2.09,4.51
EBANKNIFTY,58.18,2026-06-18,1.18,7.05,8.12,4.58,-2.15,4.49
VINNY,1.2,2026-06-18,8.11,12.15,8.11,7.14,-3.23,-14.89
SPENCERS,37.03,2026-06-18,0.41,2.01,8.09,24.55,-7.89,-43.19
DRL,12.7,2026-06-17,3.25,7.17,8.09,35.83,-42.14,-57.09
KILITCH,182.69,2026-06-18,-0.76,9.32,8.06,14.31,8.34,-17.27
MMFL,471.4,2026-06-18,0.58,5.17,8.06,9.31,26.66,33.24
ABSLBANETF,59.21,2026-06-18,1.4,7.11,8.05,4.93,-1.53,4.52
ARVIND,510.65,2026-06-18,2.4,3.62,8.05,39.83,65.34,52.69
SETFNIFBK,593.02,2026-06-18,1.3,7.02,8.05,4.86,-1.66,4.4
INGERRAND,4714.1,2026-06-18,8.97,20.46,8.04,27.65,38.45,24.17
AXISBNKETF,595.23,2026-06-18,1.35,7.05,8.04,4.62,-1.8,4.07
HMT,61.66,2026-06-18,9.85,13.12,8.04,-0.44,29.29,-11.43
BANKBEES,597.77,2026-06-18,1.37,6.99,8.03,4.97,-1.62,4.45
CPCAP,102.3,2026-06-18,2.22,12.79,8.03,17.53,-13.3,-37.18
HOMEFIRST,1146.1,2026-06-18,2.74,9.5,8.02,17.05,-0.37,-10.27
SSWL,226.52,2026-06-18,-3.54,1.68,8.02,21.28,19.31,-14.24
LT,4190.0,2026-06-18,0.48,8.12,7.99,17.27,4.96,17.48
HDFCNIFBAN,59.4,2026-06-18,1.35,7.03,7.98,4.72,-1.62,4.47
BANKETF,588.08,2026-06-18,1.3,6.99,7.98,4.71,-1.7,4.46
GFLLIMITED,47.8,2026-06-18,1.62,5.99,7.97,5.29,-17.67,-24.14
SONAMLTD,54.21,2026-06-18,-1.65,-0.88,7.97,-1.45,28.43,21.93
BEEKAY,419.7,2026-06-18,5.07,7.38,7.96,,,
CRIZAC,218.57,2026-06-18,0.66,3.71,7.94,0.48,-20.95,
HISARMETAL,159.17,2026-06-18,-0.42,7.37,7.93,10.4,1.83,-18.13
HITECH,91.16,2026-06-18,1.65,7.15,7.92,16.98,0.08,-7.83
BANKIETF,59.24,2026-06-18,1.2,6.82,7.91,4.66,-1.66,12.67
KRISHIVAL,407.3,2026-06-18,0.52,1.1,7.89,25.87,-4.75,6.91
CHOICEIN,707.55,2026-06-18,0.75,9.17,7.87,9.69,-8.32,2.17
VARDMNPOLY,6.85,2026-06-18,-1.86,-1.01,7.87,-12.18,12.85,-40.49
TOUCHWOOD,75.72,2026-06-18,8.17,8.17,7.86,8.64,-26.78,-36.73
HBLENGINE,804.4,2026-06-18,1.42,4.94,7.86,18.21,-1.51,39.4
PARIN,718.4,2026-06-17,-0.59,1.97,7.84,12.63,22.41,102.14
MARALOVER,57.3,2026-06-18,0.46,2.45,7.83,39.89,30.55,-23.82
KEC,525.8,2026-06-18,2.55,8.86,7.83,-6.42,-24.92,-40.85
NORTHARC,295.05,2026-06-18,0.05,3.22,7.82,28.96,20.04,34.98
PVTBANKADD,28.41,2026-06-18,1.1,7.53,7.82,6.52,-0.77,1.72
INDOCO,232.09,2026-06-18,-3.12,16.32,7.82,19.89,-2.4,-17.87
GOLDSTAR,7.6,2026-06-17,1.33,-6.17,7.8,7.04,3.4,-24.75
NAM-INDIA,1167.4,2026-06-18,2.39,10.63,7.79,31.94,27.49,60.18
PITTIENG,991.65,2026-06-18,1.45,8.37,7.79,24.82,26.09,3.75
CAMS,832.8,2026-06-18,7.13,12.52,7.77,26.54,11.25,2.07
RAYMONDREL,621.85,2026-06-18,0.51,8.5,7.76,43.61,32.03,
VILAS,392.65,2026-06-17,0.2,10.36,7.75,0.23,-0.01,-34.05
BOSCHLTD,40035.0,2026-06-18,2.47,9.36,7.75,29.12,12.08,25.28
TTML,44.89,2026-06-18,-1.69,3.24,7.73,12.73,-10.04,-32.52
SADBHIN,2.93,2026-06-18,-2.66,-2.33,7.72,3.17,-19.95,-47.11
LODHA,924.0,2026-06-18,0.34,6.1,7.72,8.18,-13.57,-35.76
SWANDEF,2035.1,2026-06-18,1.85,0.6,7.71,-10.71,61.62,982.15
WELCORP,1397.4,2026-06-18,1.28,3.77,7.67,70.09,78.26,53.72
AZAD,2067.7,2026-06-18,-2.56,-4.97,7.67,36.45,31.42,26.36
LAOPALA,181.41,2026-06-18,1.28,5.83,7.67,-2.56,-10.66,-29.57
MBAPL,565.9,2026-06-18,-0.04,3.71,7.66,26.05,41.12,60.39
HNDFDS,554.25,2026-06-18,-0.62,5.32,7.65,13.49,6.49,3.42
NAHARPOLY,253.95,2026-06-18,2.15,3.95,7.61,4.65,4.16,-29.56
NDLVENTURE,128.48,2026-06-18,-0.89,-0.35,7.59,11.99,43.84,100.01
INVPRECQ,646.85,2026-06-18,5.46,9.42,7.58,,,
TPLPLASTEH,67.2,2026-06-18,0.16,4.01,7.57,4.48,1.39,-15.07
HAWKINCOOK,7797.5,2026-06-18,0.01,2.8,7.56,,,
SUNTECK,324.45,2026-06-18,8.78,18.35,7.56,-0.38,-16.07,-26.94
PAGEIND,40180.0,2026-06-18,2.51,4.23,7.55,27.17,13.42,-9.81
EPL,229.23,2026-06-18,1.04,10.03,7.51,17.04,9.37,-1.18
SIS,424.2,2026-06-18,-0.83,4.35,7.5,51.74,31.22,16.95
UFLEX,424.3,2026-06-18,-0.71,0.81,7.49,-5.83,-9.72,-28.34
KIOCL,409.15,2026-06-18,1.64,5.45,7.49,25.85,24.82,40.72
SMALLADD,17.66,2026-06-18,1.67,5.12,7.49,16.49,9.14,
RECLTD,358.7,2026-06-18,1.95,4.46,7.49,4.06,8.78,-3.67
PHOENIXLTD,1853.7,2026-06-18,0.37,6.44,7.49,13.91,3.1,15.64
ROUTE,538.2,2026-06-18,2.22,5.32,7.47,11.96,-25.87,-47.74
RESPONIND,185.72,2026-06-18,5.7,9.29,7.46,17.2,-4.91,-9.72
DODLA,1099.6,2026-06-18,0.38,2.02,7.46,0.11,-9.57,-21.17
PSB,25.15,2026-06-18,4.75,8.45,7.43,6.93,-6.12,-18.6
URBANCO,131.34,2026-06-18,2.1,9.22,7.43,8.39,6.95,
DENTA,277.75,2026-06-18,8.35,13.95,7.41,12.63,-18.82,-0.99
EBGNG,456.35,2026-06-18,1.77,14.13,7.41,17.74,58.02,
PONNIERODE,318.05,2026-06-18,-0.64,-2.69,7.4,21.14,16.83,-2.92
SHRIRAMFIN,1002.7,2026-06-18,0.2,11.83,7.39,-1.85,15.33,53.05
GABRIEL,1141.9,2026-06-18,-0.38,16.4,7.38,31.0,5.01,88.2
NDGL,2674.7,2026-06-18,1.24,8.98,7.37,3.25,-5.89,-37.04
BIRLANU,1444.0,2026-06-18,3.71,11.44,7.36,12.85,-5.39,-36.77
GODREJPROP,1810.2,2026-06-18,2.49,9.4,7.35,10.18,-9.48,-26.46
DEFENCE,79.44,2026-06-18,4.2,5.85,7.34,19.32,,
PVTBANIETF,28.25,2026-06-18,0.78,7.29,7.33,6.6,-0.95,1.77
MRPL,159.07,2026-06-18,-5.85,4.96,7.31,-17.17,13.03,19.74
ASAHIINDIA,861.3,2026-06-18,-3.53,-1.83,7.3,-0.36,-12.3,11.93
AAATECH,98.33,2026-06-18,1.92,7.09,7.3,4.5,-1.55,18.89
RAINBOW,1450.0,2026-06-18,2.21,7.95,7.3,29.02,9.51,-0.41
ICICIBANK,1342.3,2026-06-18,1.11,7.37,7.29,4.11,-1.07,-4.24
ERIS,1430.6,2026-06-18,3.34,4.8,7.27,9.95,-7.33,-19.21
CAPITALSFB,291.0,2026-06-18,2.07,10.35,7.27,23.76,11.06,0.65
PLAZACABLE,47.76,2026-06-18,-0.21,0.95,7.23,37.84,20.64,-19.61
KAMATHOTEL,173.72,2026-06-18,1.86,2.82,7.23,-5.68,-24.81,-25.47
GUJTHEM,372.55,2026-06-18,-3.26,-7.31,7.22,30.7,-4.24,14.61
PTL,41.95,2026-06-18,2.12,5.48,7.21,10.57,11.37,9.32
PTCIL,17420.0,2026-06-18,-6.63,-4.66,7.19,0.43,3.01,17.94
KANCHI,396.35,2026-06-18,10.64,14.3,7.19,,,
GALLANTT,738.8,2026-06-18,9.44,18.96,7.17,32.91,42.8,64.05
PRUDENT,2954.7,2026-06-18,-1.63,13.04,7.17,25.29,9.75,8.29
SURANASOL,26.89,2026-06-18,-1.1,0.0,7.17,20.69,-0.44,-22.64
PREMIERENE,1057.7,2026-06-18,1.18,-3.01,7.17,21.72,18.31,5.89
SURANAT&P,18.88,2026-06-18,4.19,5.42,7.15,6.43,-4.93,-3.13
KAYA,256.73,2026-06-18,-0.23,7.42,7.15,-11.32,-21.51,-26.43
WEALTH,962.55,2026-06-18,-1.97,5.96,7.15,4.74,-0.43,-26.17
MICROPRO,21.0,2026-06-17,5.79,7.14,7.14,12.3,5.0,-8.1
METROPOLIS,542.5,2026-06-18,3.16,2.43,7.13,16.4,16.32,28.16
JISLDVREQS,24.37,2026-06-18,5.77,6.65,7.12,9.48,-8.07,-28.13
MUKKA,24.55,2026-06-18,1.7,13.45,7.11,12.98,2.38,-19.14
HDFCSML250,177.47,2026-06-18,1.85,5.28,7.1,16.5,8.91,2.99
ETERNAL,258.55,2026-06-18,2.6,4.13,7.1,6.6,-9.2,4.08
BANK10ADD,17.06,2026-06-18,1.13,7.16,7.09,2.71,,
VASWANI,58.62,2026-06-18,-1.26,-0.53,7.09,9.8,-4.28,29.35
ARIHANTACA,469.0,2026-06-17,0.0,2.4,7.08,-0.56,-1.26,72.03
ATALREAL,30.19,2026-06-18,-0.92,7.13,7.06,30.75,19.99,49.53
5PAISA,324.0,2026-06-18,2.27,5.5,7.04,8.96,5.11,-18.5
MOSMALL250,17.66,2026-06-18,1.61,5.37,7.03,16.03,8.54,2.97
SBIETFPB,284.63,2026-06-18,0.67,6.78,7.02,6.27,-1.53,1.23
GLOSTERLTD,692.5,2026-06-18,1.71,5.35,7.02,31.63,6.83,2.41
HILTON,22.62,2026-06-18,15.64,16.72,7.0,39.37,-37.78,-69.78
KELLTONTEC,15.76,2026-06-18,2.2,3.48,6.99,-6.97,-11.71,-38.22
SHALBY,170.46,2026-06-18,-0.09,-0.52,6.99,17.89,-11.2,-7.35
ASMS,7.96,2026-06-18,5.85,9.94,6.99,-5.69,-32.31,-43.75
INDIANCARD,217.01,2026-06-18,-3.12,-2.84,6.97,15.49,-9.28,-26.1
GROWWSC250,10.14,2026-06-18,2.01,5.19,6.96,16.02,8.66,
GOYALALUM,7.07,2026-06-18,0.28,1.73,6.96,15.52,5.37,-13.57
RAJSREESUG,33.94,2026-06-18,1.43,1.65,6.93,24.41,-2.58,-30.16
GRANULES,782.1,2026-06-18,4.49,2.06,6.92,33.2,34.42,58.52
ARIHANT,861.85,2026-06-18,-1.34,4.77,6.91,2073.64,2073.64,2073.64
SMALL250,17.64,2026-06-18,1.79,5.31,6.91,16.21,8.96,
THERMAX,4696.3,2026-06-18,-0.94,-0.0,6.9,43.21,64.74,34.38
SREEL,202.99,2026-06-18,2.66,3.66,6.88,6.85,-6.17,-16.77
HTMEDIA,22.71,2026-06-18,1.25,0.62,6.87,7.73,-3.97,12.82
MANOMAY,188.89,2026-06-18,1.73,10.89,6.87,-9.63,-9.58,11.35
CYBERTECH,148.88,2026-06-18,7.66,7.82,6.85,33.5,2.72,3.22
GRASIM,3145.1,2026-06-18,-0.61,3.11,6.84,15.5,12.02,17.98
SIYSIL,638.8,2026-06-18,1.0,5.42,6.83,31.02,4.26,-5.19
BHARATFORG,2019.9,2026-06-18,-0.03,6.7,6.82,11.94,43.67,56.54
BHAGCHEM,258.99,2026-06-18,-0.42,10.28,6.82,34.75,4.05,-13.03
GENUSPOWER,325.5,2026-06-18,1.5,8.21,6.81,31.44,10.19,-8.46
NPBET,288.9,2026-06-18,0.58,7.19,6.8,6.12,-0.92,1.16
INDIGOPNTS,1027.3,2026-06-18,2.19,10.39,6.76,33.68,-12.84,-6.42
HDFCPVTBAN,28.42,2026-06-18,0.53,7.12,6.76,6.12,-1.29,1.39
COMSYN,163.35,2026-06-18,-4.38,6.76,6.72,6.47,13.01,25.49
TEXINFRA,102.23,2026-06-18,1.06,2.54,6.72,14.88,-1.74,0.32
LINC,100.96,2026-06-18,0.5,3.71,6.71,0.49,-8.27,-24.4
TCI,939.75,2026-06-18,-0.92,-2.63,6.71,-2.09,-8.49,-15.39
AJAXENGG,559.95,2026-06-18,1.93,-0.61,6.71,14.05,-4.98,-7.07
EVIETF,31.49,2026-06-18,0.61,4.31,6.71,11.08,2.34,8.14
KNAGRI,204.28,2026-06-18,-1.2,6.72,6.68,9.65,6.01,-7.57
SURYODAY,173.43,2026-06-18,0.9,1.86,6.67,36.43,29.41,24.81
POLYPLEX,929.45,2026-06-18,1.72,4.5,6.66,5.02,17.2,-24.68
ROSSARI,533.7,2026-06-18,4.34,4.27,6.65,24.51,-6.73,-21.27
EVINDIA,31.45,2026-06-18,0.26,4.31,6.65,10.86,2.34,8.11
PRIMESECU,292.4,2026-06-18,2.24,0.48,6.64,2.85,1.7,13.16
ASHOKLEY,158.45,2026-06-18,0.48,12.36,6.62,-9.78,-6.07,38.68
OPTIEMUS,442.55,2026-06-18,3.61,5.91,6.61,26.46,-12.37,-35.36
SONACOMS,605.05,2026-06-18,1.46,2.86,6.61,18.22,24.78,27.26
TOLINS,107.04,2026-06-18,-0.12,10.72,6.61,5.1,-18.35,-33.32
SARLAPOLY,98.99,2026-06-18,1.05,-0.99,6.59,20.68,17.08,-13.87
LAMBODHARA,108.56,2026-06-18,2.68,4.48,6.57,9.27,-11.18,-21.1
ENGINERSIN,253.15,2026-06-18,7.24,5.76,6.57,30.11,31.12,15.99
RBZJEWEL,132.74,2026-06-18,-4.52,2.97,6.56,12.42,-3.43,-11.67
SPLIL,29.77,2026-06-18,-5.43,-2.04,6.55,13.45,-18.21,-21.97
ASHIANA,379.6,2026-06-18,4.26,5.61,6.55,22.87,29.97,9.19
GEEKAYWIRE,25.85,2026-06-18,9.49,14.28,6.55,23.15,-15.8,-26.7
JTEKTINDIA,137.29,2026-06-18,4.14,14.95,6.53,4.88,-2.1,-3.09
RACLGEAR,1332.6,2026-06-18,0.43,9.56,6.52,9.18,31.39,41.44
MONEXT50,72.53,2026-06-18,2.03,5.25,6.52,10.83,7.34,9.58
MAXIND,168.68,2026-06-18,6.34,8.16,6.51,16.07,-9.01,-9.55
BCPL,76.41,2026-06-18,-0.74,-2.2,6.49,,,
PDMJEPAPER,82.97,2026-06-18,0.55,2.46,6.48,12.09,-12.26,-25.0
PARKHOSPS,255.25,2026-06-18,-6.33,-9.82,6.47,26.91,64.3,
RATNAMANI,2626.0,2026-06-18,1.44,2.91,6.47,9.35,13.12,-7.3
ATHERENERG,969.05,2026-06-18,-5.68,-3.31,6.45,29.17,46.19,199.37
KOHINOOR,26.08,2026-06-18,2.03,9.44,6.45,11.41,-1.06,-25.89
JSWCEMENT,130.72,2026-06-18,0.13,3.34,6.44,10.14,11.64,
LAL,7.6,2026-06-18,6.0,2.7,6.44,13.94,-19.49,-39.97
AUTOAXLES,1785.5,2026-06-18,1.52,7.15,6.43,2.34,-3.15,0.04
HGS,424.3,2026-06-18,-1.0,5.47,6.41,16.98,-2.95,-21.65
INNOVACAP,932.95,2026-06-18,-1.58,7.23,6.37,32.33,34.37,9.59
NEWGEN,487.95,2026-06-18,3.71,2.02,6.35,6.13,-41.55,-59.38
ABREL,1319.6,2026-06-18,6.42,8.55,6.33,8.39,-23.19,-45.99
MERCANTILE,25.52,2026-06-18,0.79,-3.3,6.33,,,
FIEMIND,2289.5,2026-06-18,-4.08,0.51,6.33,10.37,-2.0,20.66
CUB,198.35,2026-06-18,-0.5,7.07,6.32,5.28,-3.9,37.97
VINEETLAB,35.08,2026-06-18,3.18,5.06,6.3,17.01,-1.87,20.97
RADICO,3690.0,2026-06-18,2.73,5.89,6.3,36.18,16.65,39.15
MOBANK10,17.07,2026-06-18,1.43,6.89,6.29,,,
VISHWARAJ,5.58,2026-06-18,-6.22,-0.89,6.29,6.69,-18.06,-43.06
SGFIN,583.45,2026-06-18,-2.79,2.42,6.28,52.3,42.88,
SEJALLTD,799.3,2026-06-18,15.76,14.11,6.27,62.06,-5.94,64.99
ECOSMOBLTY,137.62,2026-06-18,4.68,9.71,6.26,12.07,-37.43,-50.46
FEDFINA,159.78,2026-06-18,-1.49,4.16,6.25,16.69,14.82,37.77
MANINDS,588.5,2026-06-18,2.7,16.3,6.25,53.0,48.76,56.31
MODEFENCE,104.4,2026-06-18,4.22,6.12,6.23,17.5,29.08,7.27
GRAVITA,1726.4,2026-06-18,4.03,11.78,6.22,19.4,-5.17,2.79
IRIS,240.55,2026-06-18,2.87,1.5,6.21,2.41,-19.16,-1.72
ZOTA,1274.4,2026-06-18,2.22,5.84,6.21,9.74,-18.65,34.69
TANLA,525.5,2026-06-18,0.73,4.56,6.2,23.22,-5.82,-19.23
HDFCAMC,2728.2,2026-06-18,4.01,11.22,6.2,12.92,2.39,12.8
GEOJITFSL,77.69,2026-06-18,1.57,6.63,6.19,29.29,-1.84,-1.92
AMBICAAGAR,25.24,2026-06-18,0.4,5.92,6.18,8.7,0.32,-10.78
IRB,21.42,2026-06-18,1.42,3.73,6.18,2.8,5.52,-11.12
ALLCARGO,9.1,2026-06-18,-0.87,5.69,6.18,9.9,-16.05,-73.84
SHREDIGCEM,76.16,2026-06-18,1.72,9.08,6.18,21.91,-15.54,0.71
FDC,384.2,2026-06-18,-0.16,0.77,6.16,13.99,-5.87,-16.93
SUMMITSEC,1569.4,2026-06-18,2.25,4.84,6.15,0.32,-19.2,-23.82
DDEVPLSTIK,253.41,2026-06-18,-1.09,3.4,6.14,5.72,-9.99,-6.98
SHANTIGOLD,224.78,2026-06-18,-2.15,2.23,6.14,17.83,21.57,
ABSL10BANK,170.08,2026-06-18,0.93,6.65,6.12,2.41,,
ALEMBICLTD,93.77,2026-06-18,4.91,9.38,6.12,15.25,-6.18,-16.37
TRIGYN,58.12,2026-06-18,4.34,7.95,6.12,15.96,-13.41,-30.24
NAGREEKEXP,27.59,2026-06-18,3.26,3.26,6.12,26.27,8.37,-3.5
21STCENMGM,33.42,2026-06-18,4.5,0.3,6.1,2.33,-31.16,-49.0
DBOL,116.35,2026-06-18,1.29,6.26,6.09,18.17,49.38,50.66
APTUS,272.75,2026-06-18,0.02,6.54,6.09,25.6,-2.67,-12.62
MIDSELIETF,19.0,2026-06-18,1.82,5.32,6.09,14.25,3.15,8.82
ARVEE,164.83,2026-06-18,-2.65,3.12,6.07,9.89,-31.98,-3.01
SHARDUL,29.9,2026-06-18,8.25,6.67,6.07,,,
LENSKART,505.05,2026-06-18,1.14,0.08,6.05,-1.21,23.17,
GROWWEV,31.2,2026-06-18,-0.35,3.45,6.05,10.13,2.09,7.88
CONSUMER,11.39,2026-06-18,1.7,6.15,6.05,8.48,-3.06,-0.44
V2RETAIL,230.44,2026-06-18,-0.53,-2.75,6.04,19.81,5.17,24.65
GROWWDEFNC,94.86,2026-06-18,3.72,5.45,6.04,16.82,29.29,7.11
SAHLIBHFI,77.44,2026-06-18,2.97,3.86,6.04,,,
VEEDOL,1496.4,2026-06-18,4.1,3.69,6.03,11.39,-8.49,-7.05
WPIL,468.65,2026-06-18,0.89,12.0,6.02,,,
JUSTDIAL,549.3,2026-06-18,1.72,6.21,6.01,3.9,-22.18,-37.33
HDFCNEXT50,74.18,2026-06-18,1.35,5.35,6.0,10.55,7.35,9.57
UNIECOM,90.15,2026-06-18,-1.6,7.26,5.98,-5.43,-22.01,-27.88
SIEMENS,3746.2,2026-06-18,4.01,3.37,5.97,16.31,21.87,11.63
ENSER,16.9,2026-06-17,2.42,13.42,5.96,45.69,-5.59,22.02
FOSECOIND,5191.9,2026-06-18,2.21,9.81,5.95,-0.69,4.68,12.67
ARSSBL,550.5,2026-06-18,0.0,8.12,5.94,13.24,-5.6,
SUPREMEPWR,245.2,2026-06-17,1.45,-3.06,5.94,50.25,26.2,26.16
BATLIBOI,82.44,2026-06-18,4.04,12.75,5.94,,,
ASHIKA,403.15,2026-06-18,3.25,7.02,5.94,,,
NEXT50IETF,76.6,2026-06-18,1.48,5.23,5.92,10.71,7.42,9.65
GROBTEA,942.6,2026-06-18,6.48,4.62,5.91,2.2,-5.55,-16.47
NAVINFLUOR,7303.5,2026-06-18,0.23,6.54,5.91,15.38,25.91,54.65
FINKURVE,70.24,2026-06-18,8.16,13.8,5.88,23.68,-32.57,
HAPPYFORGE,1453.9,2026-06-18,7.38,7.6,5.87,12.69,36.39,50.8
STEELCAS,292.4,2026-06-18,1.05,2.58,5.87,24.63,48.02,34.09
ABCAPITAL,370.6,2026-06-18,0.65,7.73,5.86,12.83,7.65,44.64
TVSELECT,483.15,2026-06-18,6.47,5.93,5.86,19.46,-0.02,15.67
OBEROIRLTY,1694.2,2026-06-18,1.49,5.86,5.84,15.17,2.44,-10.21
MALLCOM,1080.8,2026-06-18,5.1,8.11,5.83,3.47,-5.09,-11.54
FABTECH,156.77,2026-06-18,7.41,6.81,5.83,5.38,-29.16,
NEXT50,748.13,2026-06-18,1.34,5.25,5.82,10.94,7.57,9.69
BOROLTD,231.45,2026-06-18,2.34,5.56,5.81,-1.02,-18.87,-32.34
SUYOG,805.2,2026-06-18,9.83,15.75,5.79,17.04,24.94,-13.04
JUNIORBEES,783.47,2026-06-18,1.3,5.18,5.79,10.9,7.37,9.52
MONQ50,142.81,2026-06-18,-1.01,-2.87,5.78,48.79,44.11,92.49
PIXTRANS,1616.5,2026-06-18,-0.49,2.27,5.78,11.36,11.57,4.72
SUDARSCHEM,906.45,2026-06-18,0.93,5.04,5.78,11.09,-4.56,-26.82
GPTHEALTH,146.76,2026-06-18,-0.33,-0.3,5.77,18.33,7.52,1.01
UWCSL,102.0,2026-06-17,0.0,9.74,5.75,-1.02,-10.53,-35.89
ITCHOTELS,161.13,2026-06-18,1.33,7.16,5.7,2.4,-14.5,-23.67
TFL,12.66,2026-06-18,5.32,3.6,5.68,-1.86,-12.51,-20.88
SUDARCOLOR,369.85,2026-06-18,2.85,2.84,5.67,16.87,-20.79,-36.83
AGRITECH,113.68,2026-06-18,-5.31,-25.29,5.66,8.8,-32.1,-26.7
SETFNN50,774.74,2026-06-18,1.07,5.0,5.65,10.45,7.14,9.51
GEECEE,350.35,2026-06-18,8.38,7.67,5.65,32.61,3.62,-9.38
MAWANASUG,108.46,2026-06-18,-0.36,1.89,5.64,38.57,31.56,8.22
MOSCHIP,214.09,2026-06-18,0.47,2.88,5.63,25.21,9.76,20.97
INDTERRAIN,32.85,2026-06-18,-0.39,1.86,5.63,10.31,-6.01,-13.44
BOSCH-HCIL,1407.0,2026-06-18,4.55,4.77,5.61,9.57,-4.36,-19.73
HLVLTD,7.91,2026-06-18,-1.86,1.41,5.61,10.78,-19.53,-41.54
PURVA,225.04,2026-06-18,5.29,10.63,5.61,18.31,-4.53,-19.61
UMIYA-MRO,87.47,2026-06-18,0.56,-0.83,5.61,7.62,2.32,28.9
GSPCROP,444.95,2026-06-18,-2.55,2.04,5.6,,,
DVL,242.88,2026-06-18,0.96,2.64,5.6,10.97,-10.84,-24.32
PNGSREVA,386.35,2026-06-18,1.46,0.03,5.59,3.96,,
JITFINFRA,299.65,2026-06-18,-0.13,1.25,5.58,-10.22,13.33,-22.37
NSIL,5718.5,2026-06-18,1.48,4.71,5.57,4.17,-12.01,-14.66
MAHSCOOTER,12544.0,2026-06-18,0.15,3.1,5.57,-1.06,-10.26,-10.6
EVERESTIND,382.85,2026-06-18,9.75,10.47,5.56,14.69,-22.89,-25.46
DCBBANK,185.97,2026-06-18,0.74,8.44,5.54,4.36,11.61,31.94
SAKSOFT,140.64,2026-06-18,-2.16,0.92,5.54,17.69,-29.62,-27.71
GINNIFILA,43.99,2026-06-18,0.89,7.08,5.54,21.92,9.78,-9.63
IKIO,162.48,2026-06-18,0.07,7.92,5.53,31.85,-5.84,-24.37
BALKRISIND,2234.2,2026-06-18,1.9,6.66,5.53,2.85,-5.43,-7.99
REGAAL,79.04,2026-06-18,-2.88,-4.17,5.53,5.63,8.44,
AGROPHOS,31.35,2026-06-18,1.75,2.38,5.52,-3.3,-16.67,-11.04
PENIND,160.66,2026-06-18,0.86,6.71,5.52,11.87,-16.13,-30.14
OBCL,56.61,2026-06-18,-4.76,5.36,5.52,-0.68,2.74,2.93
PIRAMALFIN,1998.4,2026-06-18,-0.55,2.31,5.51,11.11,30.74,
MOMIDMTM,66.01,2026-06-18,1.88,6.3,5.5,7.77,5.76,
SATIN,231.43,2026-06-18,-0.29,-2.47,5.5,56.32,65.53,51.54
LGEINDIA,1607.6,2026-06-18,5.13,5.77,5.49,1.7,5.6,
AARTIIND,486.45,2026-06-18,-2.35,12.46,5.47,12.37,33.57,8.35
INDRAMEDCO,379.8,2026-06-18,-1.59,-2.53,5.47,-6.72,-17.42,-4.0
SAKHTISUG,18.13,2026-06-18,-0.6,4.08,5.47,25.03,-3.1,-28.37
KOTARISUG,26.21,2026-06-18,1.91,4.71,5.47,10.17,-4.79,-29.58
NEULANDLAB,17220.0,2026-06-18,0.96,1.51,5.47,38.73,8.99,40.49
SML100CASE,10.6,2026-06-18,1.44,5.47,5.47,15.79,9.51,
NEXT50BETA,78.08,2026-06-18,2.07,4.96,5.47,10.31,7.39,
SAGARDEEP,24.78,2026-06-18,-1.74,-0.8,5.45,7.23,-1.86,-26.25
DIACABS,202.25,2026-06-18,-6.08,2.02,5.44,55.37,43.86,95.92
PRIMO,24.08,2026-06-18,-1.79,-2.9,5.43,33.63,4.7,-8.86
MASTEK,1636.2,2026-06-18,1.19,1.41,5.43,6.5,-23.16,-32.55
SANOFI,3370.5,2026-06-18,4.01,6.56,5.43,-1.29,-16.19,-42.7
CHAMBLFERT,482.05,2026-06-18,1.68,7.43,5.41,9.83,9.51,-10.73
ABSLNN50ET,75.97,2026-06-18,2.1,4.93,5.41,10.2,6.79,9.29
KRIDHANINF,2.93,2026-06-18,-0.34,-2.33,5.4,19.11,-26.75,-36.85
KPITTECH,745.95,2026-06-18,-1.46,-1.24,5.4,8.38,-35.59,-47.16
MFSL,1688.2,2026-06-18,3.41,7.02,5.4,1.17,0.09,6.4
ASIANPAINT,2755.0,2026-06-18,0.57,3.6,5.39,21.79,-0.17,20.95
IOB,35.23,2026-06-18,4.11,7.7,5.38,8.17,3.37,-6.43
INFRA,12.39,2026-06-18,2.23,4.82,5.36,13.15,,
GANGAFORGE,2.57,2026-06-18,0.0,12.72,5.33,-8.87,-25.94,-39.67
SCHAEFFLER,4186.0,2026-06-18,3.58,4.49,5.33,4.11,11.26,6.11
CANHLIFE,141.75,2026-06-18,1.32,1.22,5.32,-3.77,11.1,
PRAKASHSTL,4.55,2026-06-18,1.79,4.6,5.32,9.9,14.04,-27.78
ASHOKA,131.75,2026-06-18,-0.56,11.38,5.32,12.28,-24.25,-35.59
YUKEN,701.9,2026-06-18,1.04,3.22,5.31,0.45,-18.13,-36.33
TATAINVEST,694.15,2026-06-18,2.9,7.59,5.29,11.45,-0.76,6.89
MOIPO,44.49,2026-06-18,1.34,4.71,5.28,8.43,-2.41,
ETHOSLTD,2396.1,2026-06-18,-2.02,1.91,5.28,9.8,-17.28,-15.87
DWARKESH,43.85,2026-06-18,-2.19,-4.17,5.28,17.91,13.42,-6.01
REDTAPE,133.9,2026-06-18,-1.43,0.93,5.28,12.67,9.08,5.65
SANSTAR,115.12,2026-06-18,-2.15,0.86,5.27,38.25,28.67,28.55
ARE&M,851.7,2026-06-18,1.74,3.28,5.26,8.52,-7.84,-13.06
MPTODAY,46.0,2026-06-17,0.0,0.0,5.26,-2.13,-3.26,30.31
ATAM,71.98,2026-06-18,0.83,2.27,5.25,23.04,-12.71,-34.11
SHALPAINTS,51.62,2026-06-18,-1.84,6.28,5.24,8.24,-5.96,-46.4
PRUDMOULI,15.5,2026-06-18,0.65,1.17,5.23,22.43,-28.31,-63.47
SHEETAL,292.0,2026-06-17,0.34,-0.15,5.23,25.86,96.3,126.53
TITAN,4387.9,2026-06-18,2.44,4.66,5.23,5.85,11.96,26.91
SWARAJENG,3872.3,2026-06-18,1.21,3.74,5.23,4.6,8.53,-3.46
THEMISMED,101.81,2026-06-18,-1.07,-1.79,5.22,31.1,1.98,-23.56
SICAGEN,55.41,2026-06-18,1.58,2.92,5.22,127.56,127.56,127.56
TCIEXP,535.8,2026-06-18,1.25,4.43,5.22,9.45,-5.77,-28.16
INDUSINDBK,938.75,2026-06-18,0.59,4.88,5.22,11.47,12.44,10.38
SNXT50BETA,93.5,2026-06-18,2.39,4.76,5.2,8.07,1.65,
ASTEC,793.85,2026-06-18,4.05,2.93,5.18,33.35,11.6,3.57
HUDCO,211.55,2026-06-18,0.96,3.64,5.17,19.12,3.59,-2.76
VLSFINANCE,242.11,2026-06-18,4.46,5.05,5.16,4.76,-18.6,1.52
ADANIPOWER,230.57,2026-06-18,4.56,2.09,5.14,49.65,63.18,109.3
KESORAMIND,12.29,2026-06-18,6.68,10.52,5.13,56.16,23.77,79.68
SILLYMONKS,16.61,2026-06-18,-6.69,-0.3,5.13,4.07,-27.56,-7.72
NFL,77.17,2026-06-18,1.97,6.53,5.12,8.71,-9.36,-20.65
SELECTIPO,44.51,2026-06-18,1.16,5.32,5.12,8.87,-2.31,-6.49
SEIL,204.81,2026-06-18,-0.82,14.61,5.12,,,
UYFINCORP,14.62,2026-06-18,1.04,2.89,5.1,6.48,4.5,-18.55
SNOWMAN,39.59,2026-06-18,2.8,8.44,5.1,11.33,0.83,-34.31
ORISSAMINE,4213.6,2026-06-18,4.88,6.36,5.1,15.4,-9.74,-12.92
GPTINFRA,122.35,2026-06-18,5.84,8.16,5.09,15.06,16.14,-0.28
GROWWNET,9.29,2026-06-18,1.98,7.03,5.09,8.02,-10.49,
DTIL,139.47,2026-06-18,3.14,7.02,5.09,7.46,-12.95,-28.3
MSPL,42.21,2026-06-18,0.24,4.07,5.08,37.9,18.0,50.27
NEXT50ADD,72.35,2026-06-18,0.5,4.43,5.07,9.7,,
TVSMOTOR,3457.6,2026-06-18,-0.05,4.22,5.06,-2.89,-3.41,24.99
GRETEX,274.0,2026-06-17,4.58,7.54,5.04,7.7,45.2,15.13
GALAXYSURF,1913.6,2026-06-18,8.96,10.36,5.03,10.6,-3.98,-23.75
BSOFT,325.15,2026-06-18,0.39,0.29,5.02,-10.77,-24.97,-22.12
SAMBHAAV,7.12,2026-06-18,9.88,13.02,5.01,22.76,-26.75,0.0
SMVD,11.55,2026-06-17,0.0,0.0,5.0,3.59,49.03,-31.25
MANAPPURAM,321.35,2026-06-18,1.16,7.4,4.98,19.21,12.32,22.24
UDS,180.24,2026-06-18,-0.86,-1.54,4.97,26.95,4.71,-38.73
LANDSMILL,0.85,2026-06-18,-3.41,-2.3,4.94,-19.81,-37.5,-9.57
JIOFIN,244.1,2026-06-18,1.91,6.66,4.93,-1.65,-16.49,-15.16
GFSTEELS,13.61,2026-06-17,0.0,0.0,4.93,10.11,20.98,46.82
UNIVAFOODS,8.57,2026-06-17,0.0,0.0,4.9,-14.3,-39.82,-27.0
UNIENTER,107.41,2026-06-18,-1.13,1.96,4.9,10.72,-23.19,-28.6
IKS,1673.4,2026-06-18,-0.11,0.88,4.89,23.96,1.15,-1.76
APOLLOHOSP,8411.5,2026-06-18,-0.67,0.63,4.88,12.59,21.74,21.63
AUTOBEES,275.99,2026-06-18,-0.61,4.24,4.87,4.78,-1.62,15.92
3MINDIA,33250.0,2026-06-18,5.01,5.42,4.87,0.83,-5.04,15.93
MOBIKWIK,198.21,2026-06-18,-0.29,3.48,4.86,7.0,-15.73,-19.05
EIMCOELECO,1623.8,2026-06-18,1.17,5.21,4.85,3.34,5.43,-33.08
LANCORHOL,25.3,2026-06-18,-2.43,7.02,4.85,25.06,4.12,15.76
MINDTECK,211.17,2026-06-18,0.25,2.65,4.81,14.92,6.45,-11.21
CANFINHOME,883.7,2026-06-18,2.23,7.41,4.8,4.97,-3.57,13.56
LOVABLE,73.66,2026-06-18,3.64,3.4,4.78,9.71,-9.52,-23.79
S&SPOWER,380.95,2026-06-18,1.36,-5.04,4.77,11.65,34.54,4.27
BLS,266.85,2026-06-18,1.12,1.85,4.77,8.54,-15.07,-25.67
AADHARHFC,486.45,2026-06-18,-0.51,5.65,4.77,1.68,1.25,10.52
ZENITHEXPO,213.25,2026-06-18,0.73,-0.35,4.75,17.11,-7.06,-16.59
BFSI,27.48,2026-06-18,0.7,7.18,4.73,2.58,-2.41,1.36
ALPHA,51.58,2026-06-18,0.72,5.46,4.73,11.74,8.02,2.83
AUBANK,1025.35,2026-06-18,-0.8,6.93,4.73,10.23,3.82,29.22
JAGSNPHARM,210.56,2026-06-18,-1.19,6.01,4.72,13.62,5.98,-4.91
LAHOTIOV,44.66,2026-06-18,-0.51,4.49,4.69,,,
BASML,24.79,2026-06-18,1.1,-0.08,4.69,23.58,-5.49,-25.87
INTERNET,12.52,2026-06-18,1.95,6.73,4.69,8.12,-10.58,
ALKYLAMINE,1791.2,2026-06-18,-1.3,0.13,4.69,32.67,14.28,-7.03
KITEX,161.21,2026-06-18,4.87,-1.44,4.68,-2.06,-13.71,-38.52
GROWWNXT50,72.14,2026-06-18,0.42,3.65,4.66,9.42,6.38,
NIPPOBATRY,363.8,2026-06-18,2.19,2.74,4.66,28.19,-9.47,-22.69
PRAENG,21.47,2026-06-18,3.07,3.42,4.63,7.57,-18.92,-7.77
SPIC,70.86,2026-06-18,2.68,6.6,4.62,12.8,-9.57,-11.77
ORIENTPPR,17.72,2026-06-18,0.0,1.61,4.6,6.75,-21.28,-37.91
USHAMART,490.8,2026-06-18,-0.84,-0.61,4.59,19.08,9.65,58.59
HPAL,37.02,2026-06-18,-0.67,4.19,4.58,18.65,-10.92,-25.79
BAHETI,627.4,2026-06-17,2.47,2.52,4.55,20.45,0.64,10.05
CLEAN,781.7,2026-06-18,-1.25,1.68,4.54,9.22,-13.34,-45.6
CELLPOINT,16.15,2026-06-17,0.0,2.54,4.53,19.19,-3.0,-18.84
YATHARTH,845.15,2026-06-18,1.9,3.45,4.53,25.52,25.6,63.38
KPEL,355.65,2026-06-18,1.09,4.56,4.53,27.13,6.54,-29.05
KSB,878.15,2026-06-18,2.67,9.13,4.52,8.77,19.15,3.82
FRACTAL,966.4,2026-06-18,0.57,2.38,4.52,19.88,,
MEIL,315.45,2026-06-18,1.59,1.15,4.52,30.65,-12.67,
GROWWMOM50,10.88,2026-06-18,0.65,5.43,4.51,10.12,3.21,0.3
WAAREERTL,975.85,2026-06-18,1.15,3.01,4.5,12.93,4.7,0.55
INTLCONV,82.03,2026-06-18,1.86,3.2,4.48,17.35,-8.32,-7.66
SMALLCAP,46.17,2026-06-18,1.43,4.65,4.48,15.42,6.78,-1.97
ARVSMART,609.65,2026-06-18,2.52,5.25,4.48,11.15,1.31,-9.29
SBIMIDMOM,64.44,2026-06-18,0.97,5.14,4.46,10.3,,
GANESHCP,198.16,2026-06-18,-2.25,-2.95,4.44,16.46,-12.74,
BLUESTARCO,1706.3,2026-06-18,5.9,9.93,4.44,-6.23,-8.0,5.08
VHL,3604.6,2026-06-18,3.69,5.7,4.42,12.2,1.07,-11.68
BLACKBUCK,550.35,2026-06-18,0.49,7.42,4.41,-7.63,-13.53,28.89
RTNINDIA,35.03,2026-06-18,-1.41,-4.0,4.41,26.23,-12.67,-38.13
VIKRAMSOLR,209.95,2026-06-18,-1.36,0.37,4.41,8.42,-9.76,
ASTERDM,788.5,2026-06-18,0.23,2.92,4.4,19.63,33.78,39.24
MOALPHA50,53.53,2026-06-18,1.57,5.44,4.39,11.96,7.97,
RANASUG,12.86,2026-06-18,-0.31,2.8,4.38,12.02,1.18,-20.22
SHRIKRISH,42.94,2026-06-18,4.4,-1.31,4.38,,,
FISCHER,36.29,2026-06-18,1.48,12.32,4.37,-0.85,-16.31,
NEXT50ETF,72.89,2026-06-18,1.89,4.55,4.35,9.89,,
AIROLAM,87.64,2026-06-18,1.86,10.94,4.33,-0.08,-15.36,-16.62
AHLUCONT,823.7,2026-06-18,1.88,5.1,4.32,10.42,-13.55,-9.99
AUTOIETF,27.55,2026-06-18,-0.83,4.0,4.32,4.47,-1.96,15.37
RKFORGE,589.2,2026-06-18,0.03,10.21,4.32,10.57,23.37,-6.52
MOMOMENTUM,63.21,2026-06-18,0.56,5.31,4.31,6.11,0.52,-0.33
VERANDA,242.44,2026-06-18,0.4,7.86,4.3,74.66,34.84,15.45
SURYALAXMI,59.5,2026-06-18,-0.18,7.46,4.29,7.79,5.83,-16.91
HDFCMOMENT,31.5,2026-06-18,0.35,5.42,4.27,6.49,0.7,0.0
TTKPRESTIG,537.3,2026-06-18,0.53,3.63,4.27,12.48,-12.53,-12.77
CHEMBONDCH,198.05,2026-06-18,15.45,14.33,4.25,53.01,25.32,
SHRINGARMS,213.26,2026-06-18,0.25,4.04,4.24,5.48,-1.25,
SPLPETRO,721.7,2026-06-18,2.99,8.04,4.24,8.23,13.34,-9.14
GLFL,7.14,2026-06-18,15.16,23.32,4.23,62.64,13.69,20.81
INDIANHUME,321.0,2026-06-18,1.01,10.39,4.22,-0.83,-20.55,-21.13
PWL,115.02,2026-06-18,5.99,8.99,4.21,32.48,-12.12,
MOM30IETF,31.78,2026-06-18,0.7,5.79,4.2,6.39,0.7,-0.09
SGIL,589.95,2026-06-18,4.75,6.61,4.2,17.57,10.64,9.55
ALPHAETF,26.36,2026-06-18,1.0,4.64,4.19,10.25,6.12,5.65
ABCOTS,228.35,2026-06-18,-7.3,11.63,4.19,-43.25,-44.7,-49.2
MAHICKRA,249.9,2026-06-17,3.24,2.0,4.19,18.79,77.98,103.79
MIDQ50ADD,251.03,2026-06-18,1.91,4.56,4.17,10.94,2.67,-0.05
VARDHACRLC,45.07,2026-06-18,0.33,-0.92,4.16,35.59,20.7,6.05
EXXARO,6.77,2026-06-18,-1.74,3.68,4.15,-1.88,-14.3,-27.28
SUNDRMFAST,867.2,2026-06-18,1.85,5.94,4.14,7.46,-6.0,-11.66
CAMPUS,240.5,2026-06-18,1.18,1.14,4.13,5.04,-6.35,-14.61
KCP,165.99,2026-06-18,-0.68,5.91,4.11,15.62,-7.93,-14.73
EIEL,194.76,2026-06-18,3.11,7.91,4.11,27.55,-2.05,-9.85
BAJFINANCE,958.85,2026-06-18,1.76,10.07,4.1,8.95,-4.14,4.34
RSSOFTWARE,34.87,2026-06-18,11.44,10.8,4.09,22.18,-35.29,-47.29
ISFT,82.5,2026-06-18,-2.57,-3.33,4.09,19.0,-11.42,-24.3
NACLIND,167.65,2026-06-18,1.72,-1.01,4.06,31.99,6.03,-8.17
INDOAMIN,133.74,2026-06-18,1.84,3.23,4.06,44.74,6.24,-9.28
WINDLAS,807.65,2026-06-18,-1.41,-0.8,4.05,10.43,9.58,-9.52
GAUDIUMIVF,106.59,2026-06-18,4.98,2.8,4.05,12.46,,
GROWWPOWER,12.37,2026-06-18,3.51,2.49,4.04,17.47,,
PACEDIGITK,183.23,2026-06-18,-2.22,2.4,4.04,6.93,-7.13,
TIMKEN,3573.9,2026-06-18,1.51,-0.03,4.04,5.76,18.49,11.56
MULTICAP,16.51,2026-06-18,1.35,4.69,4.03,8.33,1.29,2.93
MOMENTUM30,31.23,2026-06-18,-0.03,6.26,4.03,6.26,0.45,
MOMENTUM,31.6,2026-06-18,0.25,5.4,4.02,6.29,0.64,-0.09
MADHAVIPL,8.82,2026-06-18,-5.67,6.14,4.01,,,
KABRAEXTRU,237.87,2026-06-18,-1.02,0.09,4.0,7.78,9.14,-12.53
BHARATRAS,1437.4,2026-06-18,-0.21,4.2,3.99,7.42,-37.07,-44.12
AUTOIND,80.71,2026-06-18,4.94,3.59,3.98,30.37,3.87,-2.44
LTF,286.9,2026-06-18,-2.17,9.63,3.98,7.83,-3.33,53.55
EMCURE,1753.2,2026-06-18,2.79,1.95,3.97,14.48,26.33,31.21
DAMCAPITAL,154.82,2026-06-18,0.82,5.25,3.96,17.31,-25.35,-39.38
MOMENTUM50,53.61,2026-06-18,0.32,5.28,3.96,9.48,2.7,-0.32
AEQUS,203.07,2026-06-18,-0.18,8.59,3.95,60.81,34.29,
HDFCBANK,799.0,2026-06-18,2.79,8.17,3.95,-5.23,-18.44,-16.25
MITCON,81.0,2026-06-18,2.84,-5.26,3.94,48.11,17.14,-2.87
WAAREEINDO,396.7,2026-06-18,1.73,1.77,3.93,13.54,-4.89,20.21
VBL,531.55,2026-06-18,-1.75,1.8,3.92,28.34,12.48,13.6
DENEERS,219.95,2026-06-17,0.8,0.89,3.92,51.01,44.66,-38.13
GROWWMC150,229.83,2026-06-18,1.77,4.4,3.89,10.35,4.95,
JBCHEPHARM,2198.5,2026-06-18,-0.87,1.18,3.88,4.24,24.37,29.65
FLUOROCHEM,3837.5,2026-06-18,4.14,9.88,3.87,22.1,8.43,8.68
IGCL,63.05,2026-06-18,1.38,14.55,3.87,7.61,-20.01,
SUPERHOUSE,157.31,2026-06-18,3.51,3.9,3.87,8.45,7.55,-8.9
QUINTEGRA,1.35,2026-06-17,0.0,-2.17,3.85,8.0,-9.4,-18.67
LPDC,6.75,2026-06-18,-3.71,-1.17,3.85,14.21,-4.39,-23.21
CCL,1132.4,2026-06-18,-0.09,-3.46,3.85,8.26,14.66,43.16
SHREECEM,25410.0,2026-06-18,2.36,7.97,3.82,6.21,-0.92,-12.88
ENDURANCE,2623.3,2026-06-18,0.27,4.37,3.82,11.02,0.26,8.5
ELECTCAST,80.94,2026-06-18,3.52,12.51,3.82,11.21,9.22,-35.74
SUTLEJTEX,37.84,2026-06-18,0.67,4.39,3.81,28.71,18.14,-7.35
HDFCBSE500,37.32,2026-06-18,1.61,5.1,3.81,5.93,-0.82,1.8
SHINDL,156.66,2026-06-18,-1.02,1.41,3.81,,,
WANBURY,261.45,2026-06-18,-2.21,3.59,3.81,4.85,15.43,-10.51
BIRLACORPN,1049.7,2026-06-18,6.96,9.6,3.79,23.05,0.99,-20.86
NILKAMAL,1299.2,2026-06-18,1.45,2.34,3.79,5.45,-7.4,-24.03
FLEXIADD,9.89,2026-06-18,1.85,3.45,3.78,5.44,-7.22,
AMIRCHAND,130.75,2026-06-18,1.26,9.42,3.78,,,
HDFCMID150,23.25,2026-06-18,1.57,4.78,3.75,10.66,5.16,7.94
ARCHIDPLY,82.25,2026-06-18,0.75,5.88,3.75,15.12,-8.04,-21.85
KRITI,72.3,2026-06-18,-2.3,-1.03,3.73,-7.01,-16.13,-53.12
KRYSTAL,601.65,2026-06-18,4.61,4.45,3.73,4.75,17.16,0.47
SAMPANN,27.31,2026-06-18,-3.29,1.22,3.72,-4.98,-10.81,-5.01
HONDAPOWER,2216.6,2026-06-18,0.94,1.12,3.71,7.37,-2.91,-17.25
CSBBANK,367.5,2026-06-18,-1.42,3.81,3.71,-5.84,-6.01,-5.53
VIVO,77.5,2026-06-17,0.0,1.97,3.68,6.75,-0.64,21.09
MAZDOCK,2533.9,2026-06-18,3.83,6.07,3.67,3.13,7.79,-21.73
KSOLVES,291.45,2026-06-18,-1.42,6.19,3.65,2.23,4.8,-12.4
RHETAN,28.1,2026-06-18,-4.36,-5.96,3.65,13.58,14.88,
AAKASH,9.1,2026-06-18,-6.38,-7.61,3.64,0.0,3.64,-6.19
GLOBECIVIL,45.1,2026-06-18,8.47,10.57,3.63,4.33,-22.85,
KENNAMET,2956.0,2026-06-18,-0.88,7.11,3.63,20.99,20.99,20.99
BYKE,35.49,2026-06-18,-3.69,2.87,3.62,4.97,-28.52,-58.83
ARIHANTSUP,267.85,2026-06-18,2.17,7.61,3.62,21.06,-11.82,-24.98
VISHNU,600.15,2026-06-18,-0.34,2.32,3.62,15.89,18.34,8.34
LICNMID100,62.75,2026-06-18,1.69,3.79,3.62,10.67,4.99,6.84
HBESD,76.96,2026-06-18,3.68,1.66,3.61,,,
MARUTI,13484.0,2026-06-18,-2.33,4.43,3.6,3.34,-17.42,6.92
MOSERVICE,30.87,2026-06-18,1.45,4.96,3.59,0.55,-8.02,
OMAXE,77.86,2026-06-18,-0.69,5.83,3.59,7.9,21.49,-24.29
RAJRILTD,21.15,2026-06-18,4.14,4.39,3.57,-0.61,-9.42,-26.92
MOMNC,32.53,2026-06-18,0.68,4.36,3.57,11.02,8.91,
AETHER,1154.5,2026-06-18,0.43,1.58,3.55,8.04,36.86,50.21
LLOYDSME,1756.2,2026-06-18,-0.66,2.69,3.54,40.92,34.15,16.91
MORARJEE,9.1,2026-06-18,15.63,27.45,3.53,45.37,7.95,4.72
CLSL,44.0,2026-06-17,4.39,0.0,3.53,-5.38,-2.22,-13.73
WEBELSOLAR,104.1,2026-06-18,-1.0,-1.14,3.53,67.34,25.51,-15.3
GROWWCHEM,29.89,2026-06-18,1.81,4.55,3.53,11.74,,
REPL,72.41,2026-06-18,-0.18,8.41,3.53,-0.44,-40.55,-59.99
MOM100,67.34,2026-06-18,1.32,4.18,3.52,10.88,4.91,7.92
MCON,50.15,2026-06-17,-4.2,-4.29,3.51,25.38,-16.42,-55.81
FOODSIN,56.51,2026-06-18,0.89,2.8,3.5,4.47,-20.61,-42.06
APLLTD,749.7,2026-06-18,1.62,0.56,3.49,10.85,-11.62,-20.94
SENCO,342.05,2026-06-18,-2.33,-0.31,3.49,12.68,9.81,-1.3
ADANIPORTS,1842.1,2026-06-18,2.07,2.49,3.48,31.95,23.68,34.77
AMJLAND,39.25,2026-06-18,3.67,9.61,3.48,2.05,-24.62,-39.23
MOVALUE,117.77,2026-06-18,0.07,1.81,3.47,3.3,4.97,15.81
ELPROINTL,170.28,2026-06-18,0.7,2.1,3.46,,,
DPWIRES,177.95,2026-06-18,1.6,1.01,3.45,22.9,-7.42,-21.35
TEXMOPIPES,45.34,2026-06-18,-1.93,-3.2,3.45,7.98,-5.21,-29.32
MIDCAPIETF,23.69,2026-06-18,1.33,4.41,3.45,10.39,4.82,7.73
NUCLEUS,796.75,2026-06-18,7.74,14.57,3.43,-3.96,-12.49,-31.75
ZTECH,596.45,2026-06-17,-2.75,2.38,3.43,18.17,0.75,-9.0
APCL,114.32,2026-06-18,0.91,-2.47,3.43,-0.23,-4.76,-17.27
CTE,31.8,2026-06-18,-0.69,-0.28,3.38,26.59,-21.25,-33.72
THEJO,1747.6,2026-06-18,8.36,14.1,3.38,10.36,8.97,-2.59
ACCELYA,1141.6,2026-06-18,2.3,3.0,3.37,-4.64,-10.02,-14.11
MARKOLINES,167.58,2026-06-18,-0.36,2.91,3.36,7.77,1.93,
JWL,279.5,2026-06-18,1.45,1.4,3.35,3.14,10.06,-26.3
AMNPLST,200.55,2026-06-18,3.36,7.6,3.34,34.08,-3.17,-16.03
MIDSMALL,51.7,2026-06-18,1.39,4.68,3.34,13.43,8.73,3.3
BHARATSE,185.99,2026-06-18,1.87,3.3,3.33,11.76,9.85,85.34
INDOTECH,2552.1,2026-06-18,-4.65,-1.35,3.33,94.12,65.52,25.68
AONETOTAL,11.78,2026-06-18,1.46,4.43,3.33,6.41,-0.51,1.84
PAUSHAKLTD,467.05,2026-06-18,0.62,0.19,3.32,11.31,-20.91,
LUPIN,2327.1,2026-06-18,2.38,3.22,3.32,1.07,9.82,19.83
HDBFS,695.45,2026-06-18,0.34,11.23,3.31,6.45,-6.73,
MIDCAPETF,23.38,2026-06-18,1.21,4.51,3.31,10.49,4.98,7.79
RCOM,0.94,2026-06-18,-2.08,-4.08,3.3,6.82,-16.07,-46.29
ELM250,16.57,2026-06-18,1.35,4.28,3.3,4.28,-0.24,
NIF100BEES,266.68,2026-06-18,1.62,4.7,3.3,2.46,0.44,0.44
360ONE,1141.3,2026-06-18,0.93,8.19,3.29,7.3,0.41,3.14
ELLEN,282.95,2026-06-18,1.29,8.14,3.29,35.32,-17.16,
KRISHANA,686.7,2026-06-18,1.57,3.97,3.28,40.46,32.17,35.86
JFLLIFE,9.45,2026-06-17,0.0,-0.53,3.28,-2.07,-22.22,-43.92
MONIFTY500,23.68,2026-06-18,1.24,4.41,3.27,5.81,-1.04,1.67
SWELECTES,637.1,2026-06-18,-0.81,1.18,3.27,16.96,5.36,13.64
TMPV,364.65,2026-06-18,-8.01,-6.26,3.26,12.29,5.45,-45.59
CEINSYS,936.7,2026-06-18,0.59,1.51,3.24,-2.06,,
NIFTY100EW,34.76,2026-06-18,1.28,1.94,3.24,7.58,3.89,6.82
SOBHA,1426.9,2026-06-18,3.8,10.38,3.23,10.3,-0.83,-8.08
ABSLMSCIN,29.53,2026-06-18,3.58,4.27,3.22,4.13,,
CAPTRUST,13.51,2026-06-18,3.92,1.05,3.21,15.27,13.82,-83.92
BBL,2791.1,2026-06-18,-0.06,-0.62,3.21,17.46,2.72,-2.46
BECTORFOOD,187.54,2026-06-18,1.94,10.97,3.2,-1.27,-23.59,-32.46
SANOFICONR,4948.6,2026-06-18,4.84,4.85,3.2,15.64,7.09,-2.53
BSLSENETFG,77.94,2026-06-18,-0.05,5.38,3.2,1.25,-7.92,-3.71
POWERICA,551.6,2026-06-18,15.16,11.08,3.18,,,
ANMOL,12.0,2026-06-18,6.76,8.3,3.18,9.19,-13.67,-33.18
GROWWN200,11.34,2026-06-18,1.34,4.52,3.18,4.61,-2.14,1.67
MNC,33.42,2026-06-18,0.63,4.4,3.18,10.3,8.61,16.49
PODDARMENT,255.65,2026-06-18,-0.39,3.5,3.17,17.94,-5.17,-14.13
ARTNIRMAN,39.71,2026-06-18,0.79,1.61,3.17,6.95,-16.75,-35.02
SBINMID150,22.86,2026-06-18,1.74,3.96,3.16,,,
MID150,23.19,2026-06-18,1.27,3.76,3.16,10.53,4.46,7.51
UGROCAP,100.23,2026-06-18,2.1,8.12,3.16,0.74,-41.13,-41.38
PLADAINFO,11.45,2026-06-17,0.0,0.0,3.15,16.84,-30.4,-46.99
EQUAL200,13.64,2026-06-18,1.19,4.12,3.15,7.95,3.27,5.87
KAKATCEM,123.78,2026-06-18,-0.9,4.54,3.15,19.72,-4.52,-17.76
BLBLIMITED,16.1,2026-06-18,0.81,-2.72,3.14,-5.63,10.12,6.41
HDFCNIF100,26.0,2026-06-18,0.97,5.05,3.13,3.26,-3.88,-0.08
LAURUSLABS,1368.8,2026-06-18,-1.46,-2.56,3.13,39.33,34.92,106.41
HDFCSENSEX,87.3,2026-06-18,1.46,4.86,3.12,0.84,-8.37,-4.04
TNIDETF,82.43,2026-06-18,2.25,3.32,3.1,3.4,-16.61,-11.47
MOMGF,160.35,2026-06-18,1.38,3.71,3.09,8.32,7.08,13.81
AONETMMQ50,10.42,2026-06-18,1.76,4.41,3.07,11.21,8.65,
MANUFGBEES,160.89,2026-06-18,0.64,3.54,3.07,7.73,7.09,
SENSEXIETF,885.6,2026-06-18,1.61,5.05,3.06,1.2,-8.13,-4.08
LUMAXIND,5320.0,2026-06-18,-0.76,1.04,3.06,0.85,-3.17,64.44
BSE500IETF,39.05,2026-06-18,1.09,4.27,3.06,5.6,-1.71,1.14
MID150CASE,11.47,2026-06-18,1.15,4.18,3.05,10.29,4.84,7.9
AMDIND,46.44,2026-06-18,0.63,-0.85,3.04,22.89,-4.82,-6.31
AXSENSEX,79.89,2026-06-18,1.19,4.87,3.03,0.55,-8.4,-4.09
AVAILFC,157.73,2026-06-03,0.88,0.44,3.02,,,
MIDCAP,18.1,2026-06-18,1.17,3.96,3.02,10.77,-88.66,-88.66
MAXHEALTH,1090.45,2026-06-18,5.98,8.24,3.01,11.29,4.0,-7.62
CHEMICAL,29.84,2026-06-18,1.19,4.45,3.0,11.51,5.67,
INFOMEDIA,5.86,2026-06-18,1.21,5.21,2.99,17.43,-10.4,-31.86
ZSARACOM,9706.5,2026-06-18,-2.09,5.79,2.98,,,
UNOMINDA,1097.9,2026-06-18,-2.47,4.25,2.98,2.44,-10.29,3.46
BAJAJHLDNG,10676.0,2026-06-18,3.79,8.19,2.98,8.29,-2.42,-21.44
MID150BEES,236.39,2026-06-18,1.16,4.21,2.97,10.45,4.95,7.43
AXISVALUE,34.16,2026-06-18,1.01,2.49,2.95,6.42,12.37,22.35
CONS,11.91,2026-06-18,1.36,5.49,2.94,6.34,-90.41,-89.74
SENSEXETF,79.49,2026-06-18,1.46,5.15,2.94,1.0,-8.25,-4.14
GMBREW,922.35,2026-06-18,0.93,6.79,2.94,-9.44,-3.26,29.06
VAL30IETF,15.88,2026-06-18,0.76,2.32,2.92,4.61,10.89,23.29
TRF,236.55,2026-06-18,0.66,8.11,2.91,-0.94,-21.88,-37.6
VALIANTORG,310.7,2026-06-18,9.83,15.2,2.9,31.01,20.03,-29.46
AFFORDABLE,169.26,2026-06-18,-2.96,-1.19,2.9,11.66,-13.05,-62.79
ARCHIES,14.67,2026-06-18,3.67,3.9,2.88,7.16,-22.3,-37.49
CENTEXT,20.01,2026-06-18,-1.96,4.16,2.88,4.44,-3.75,-0.25
UTTAMSUGAR,239.92,2026-06-18,0.73,0.84,2.86,18.02,-9.92,-15.34
ALUWIND,50.3,2026-06-17,-0.79,0.6,2.86,-14.02,-30.14,-42.15
TIMETECHNO,178.29,2026-06-18,0.54,6.12,2.86,7.46,-3.95,-19.23
MAKEINDIA,162.89,2026-06-18,0.46,3.51,2.86,7.45,6.65,13.63
MIDCAPBETA,230.55,2026-06-18,1.04,4.84,2.85,10.05,4.65,
KOTAKBANK,402.95,2026-06-18,-0.69,6.85,2.85,7.34,-6.92,-5.41
NATCAPSUQ,158.94,2026-06-18,3.65,0.66,2.85,7.85,-9.25,-24.16
MONIFTY100,25.29,2026-06-18,1.57,4.46,2.85,3.14,-4.24,
SBIETFCON,119.42,2026-06-18,1.59,4.5,2.85,5.93,-4.23,1.95
MCCHRLS-B,690.0,2026-06-18,3.12,1.69,2.84,,,
MANAKSIA,59.85,2026-06-18,0.13,3.08,2.84,16.62,1.42,-21.23
GROWWHOSPI,52.3,2026-06-18,0.63,1.08,2.83,13.25,,
SUVEN,259.7,2026-06-18,-3.76,11.2,2.82,88.05,55.43,10.39
SHEKHAWATI,14.94,2026-06-18,1.77,4.92,2.82,25.76,-21.24,-37.59
JYOTICNC,700.65,2026-06-18,1.7,14.87,2.79,-8.3,-23.55,-37.66
IMPAL,1081.3,2026-06-18,-1.22,3.39,2.79,5.76,5.29,4.36
KHAICHEM,56.28,2026-06-18,-1.59,3.17,2.78,8.36,-25.99,-32.73
SOFTTECH,416.5,2026-06-18,3.75,-5.56,2.78,58.37,28.71,30.61
SULA,159.37,2026-06-18,2.15,3.31,2.78,1.09,-23.23,-46.46
VENTIVE,650.55,2026-06-18,-0.46,3.72,2.78,-2.5,-8.11,-7.28
LICNFNHGP,274.72,2026-06-18,0.63,3.87,2.78,2.86,-3.94,-0.34
LEMONTREE,111.86,2026-06-18,1.11,4.45,2.77,3.98,-29.63,-17.85
SENSEXADD,79.3,2026-06-18,1.11,4.71,2.77,0.69,-8.28,-4.22
CONSUMBEES,128.96,2026-06-18,1.7,4.59,2.77,6.24,-3.94,1.83
MSCIADD,29.34,2026-06-18,0.79,4.01,2.77,3.31,,
ESG,41.28,2026-06-18,1.28,4.37,2.76,2.38,-5.86,-1.57
PGINVIT,93.89,2026-06-17,0.03,0.56,2.76,7.32,7.82,22.79
LICNETFSEN,865.93,2026-06-18,1.33,4.71,2.76,0.26,-8.9,-4.3
DHANBANK,34.06,2026-06-18,6.04,8.3,2.75,47.0,39.53,17.41
RHL,178.31,2026-06-18,0.59,0.79,2.75,3.15,-7.13,-29.01
ADVANIHOTR,53.17,2026-06-18,0.82,1.74,2.74,4.37,-2.51,-11.54
TOP100CASE,10.54,2026-06-18,1.15,4.36,2.73,3.23,-4.09,-0.09
SMLT,71.75,2026-06-18,2.15,2.72,2.73,5.28,-20.44,-41.15
IVZINNIFTY,2760.81,2026-06-18,1.32,4.69,2.71,1.65,-5.83,-1.11
DSSL,1420.2,2026-06-18,10.8,13.89,2.7,56.17,48.61,28.02
TOP10ADD,88.9,2026-06-18,1.01,5.03,2.69,1.14,-12.29,-9.39
BHEL,405.9,2026-06-18,6.02,5.07,2.69,56.03,47.57,61.54
JAYAGROGN,216.58,2026-06-18,-1.07,-1.46,2.69,27.04,6.85,-11.97
GOYALSALT,115.0,2026-06-17,-1.88,2.68,2.68,1.81,-27.22,-28.12
ESSARSHPNG,24.52,2026-06-18,2.51,8.45,2.68,1.2,-10.05,-17.08
ENERGY,40.67,2026-06-18,2.65,2.21,2.68,12.11,18.0,
NIRLON,620.45,2026-06-18,0.06,0.88,2.67,,,
VRAJ,121.63,2026-06-18,-0.29,1.13,2.66,8.55,-1.58,-28.18
NAHARCAP,254.7,2026-06-18,-0.14,2.74,2.66,11.85,-0.57,-21.55
ADVENZYMES,373.4,2026-06-18,1.65,0.38,2.65,32.46,22.87,11.14
LUMAXTECH,1672.4,2026-06-18,-0.45,3.94,2.65,1.41,15.22,54.62
AMBALALSA,32.15,2026-06-18,-3.22,-7.13,2.65,,,
GILT5YBEES,65.6,2026-06-18,0.23,0.68,2.64,2.01,3.39,5.03
UNITDSPR,1350.3,2026-06-18,6.2,9.03,2.63,2.27,-2.5,-6.65
RBA,69.69,2026-06-18,0.9,1.46,2.62,12.99,10.92,-7.98
SADBHAV,9.03,2026-06-18,-0.77,-2.69,2.61,12.73,-18.58,-28.45
BLKASHYAP,53.88,2026-06-18,-0.61,1.76,2.61,4.85,6.63,-19.34
SENSEXBETA,852.11,2026-06-18,1.87,5.01,2.6,0.37,-8.72,
FSL,240.0,2026-06-18,-2.66,-4.76,2.6,5.4,-28.37,-35.99
DYNAMATECH,10888.0,2026-06-18,2.7,7.02,2.59,10.44,20.64,49.66
SHANTIGEAR,451.8,2026-06-18,0.99,2.61,2.59,0.32,-3.6,-11.13
MUTHOOTCAP,200.83,2026-06-18,0.58,2.53,2.58,1.07,-25.48,-30.81
CCCL,14.78,2026-06-18,-2.76,1.44,2.57,-3.84,-24.71,-18.7
HARRMALAYA,209.64,2026-06-18,1.15,6.14,2.57,22.36,31.16,-0.57
MIDCAPADD,22.86,2026-06-18,0.93,3.86,2.56,6.92,4.44,
SINTERCOM,78.5,2026-06-18,8.46,6.69,2.56,2.49,-26.5,-39.07
MEGASTAR,315.55,2026-06-18,-3.09,4.73,2.55,25.69,32.6,29.35
SMARTLINK,167.5,2026-06-18,1.89,1.92,2.55,40.5,32.1,6.11
RATNAVEER,187.13,2026-06-18,12.81,15.02,2.55,27.6,17.27,22.86
IRFC,100.13,2026-06-18,3.14,5.73,2.53,1.91,-8.68,-24.97
PNGJL,559.0,2026-06-18,-0.33,-0.01,2.52,-0.33,-6.0,-3.31
EMULTIMQ,43.17,2026-06-18,1.72,4.71,2.52,10.58,3.92,-0.02
MOQUALITY,204.02,2026-06-18,2.31,3.81,2.52,8.93,3.77,5.09
ARIHANTCAP,69.95,2026-06-18,-2.83,10.28,2.52,-0.04,-24.13,-6.2
CINELINE,81.44,2026-06-18,3.19,4.87,2.5,-3.95,-5.65,-7.85
AKI,4.92,2026-06-18,0.0,1.86,2.5,5.81,-30.41,-35.6
SAPPHIRE,184.82,2026-06-18,6.56,4.25,2.5,7.76,-18.11,-43.32
GSEC5IETF,65.62,2026-06-18,-0.18,0.71,2.48,1.82,2.68,4.69
BAJAJHFL,85.87,2026-06-18,-0.83,4.05,2.48,3.35,-9.65,-28.69
REPRO,366.55,2026-06-18,0.71,4.8,2.47,-2.16,-20.92,-29.69
BSLNIFTY,28.25,2026-06-18,1.55,4.55,2.47,1.73,-5.9,-1.26
TI,433.85,2026-06-18,-0.44,0.79,2.47,-3.85,-2.6,19.56
DIGISPICE,20.01,2026-06-18,-1.43,-1.14,2.46,17.15,-18.79,-14.19
WEIZMANIND,84.04,2026-06-18,2.0,3.5,2.46,5.0,-16.61,-28.73
GSEC10YEAR,30.15,2026-06-18,0.47,0.9,2.45,0.84,2.34,3.08
NIFTY1,266.82,2026-06-18,1.3,4.27,2.45,1.77,-6.29,-1.47
RADHIKAJWE,57.12,2026-06-18,-2.68,1.95,2.44,-4.08,-20.23,-33.41
VSTIND,258.65,2026-06-18,-0.46,0.49,2.44,14.15,3.42,-5.7
MURUDCERA,33.62,2026-06-18,6.39,3.07,2.44,11.81,-1.49,-19.83
QNIFTY,265.11,2026-06-18,1.26,4.54,2.43,1.88,-90.6,-90.17
CONSUMIETF,119.78,2026-06-18,1.77,4.81,2.43,6.02,-4.34,1.71
HDFCNIFTY,271.04,2026-06-18,1.21,4.31,2.43,1.72,-6.13,-1.63
ASKAUTOLTD,463.25,2026-06-18,2.49,8.9,2.43,10.9,-4.12,2.51
SHYAMCENT,5.09,2026-06-18,2.41,3.88,2.41,13.62,-19.59,-31.49
BALRAMCHIN,554.15,2026-06-18,0.46,0.68,2.41,16.43,22.93,-5.28
INDIGRID,171.98,2026-06-17,0.31,0.23,2.41,6.72,7.23,23.46
INFRAIETF,97.83,2026-06-18,1.32,4.54,2.41,6.08,0.51,6.29
GODREJAGRO,576.2,2026-06-18,0.94,1.57,2.4,-2.5,2.31,-23.59
MOENERGY,40.52,2026-06-18,2.17,1.6,2.4,11.75,17.48,
NIFTYIETF,272.57,2026-06-18,1.26,4.35,2.4,1.72,-6.11,-1.55
RITES,212.18,2026-06-18,1.82,4.19,2.4,7.54,-3.91,-22.07
TOP15IETF,9.87,2026-06-18,0.92,5.11,2.39,1.02,-10.44,
SRD,41.48,2026-06-18,6.85,9.53,2.39,-12.16,-37.39,-38.78
SRF,2703.0,2026-06-18,-0.64,1.07,2.39,5.2,-11.23,-11.8
NIFTYBEES,273.97,2026-06-18,1.23,4.35,2.39,1.69,-6.12,-1.53
DOMS,2337.3,2026-06-18,2.96,12.03,2.39,4.14,-7.94,-3.96
ROSSELLIND,56.37,2026-06-18,3.39,3.09,2.38,21.3,12.16,-20.23
NIF100IETF,28.0,2026-06-18,0.9,4.13,2.38,2.9,-4.4,17.84
INFRABEES,979.53,2026-06-18,1.4,4.2,2.38,5.7,0.22,5.4
AONENIFTY,9.92,2026-06-18,1.12,4.42,2.37,1.64,-6.15,-1.81
AXISCETF,119.16,2026-06-18,1.59,5.0,2.36,6.41,-4.1,2.05
BELLACASA,238.76,2026-06-18,0.91,1.88,2.36,-11.24,-36.84,
MOGSEC,64.7,2026-06-18,0.4,0.95,2.36,1.6,2.91,4.69
TOP20,8.72,2026-06-18,1.51,4.81,2.35,0.81,,
JKCEMENT,5540.0,2026-06-18,7.02,16.22,2.34,8.49,1.68,-5.49
PNCINFRA,216.81,2026-06-18,5.11,5.97,2.34,13.35,-12.45,-27.46
NIFTYCASE,9.64,2026-06-18,1.26,4.44,2.34,1.9,-6.13,
MOM50,251.34,2026-06-18,1.16,4.1,2.33,1.64,-6.44,-1.77
MAFATIND,129.0,2026-06-18,-0.57,3.16,2.32,,,
AEPL,16.29,2026-06-18,-0.18,-0.31,2.32,-11.32,,
PFS,30.95,2026-06-18,0.55,-0.58,2.31,12.18,-4.5,-24.24
BPL,54.84,2026-06-18,4.52,6.55,2.31,10.43,2.41,-43.03
MSCIINDIA,29.71,2026-06-18,0.75,3.92,2.31,2.95,-2.97,0.78
RADIOCITY,6.24,2026-06-18,1.96,2.8,2.3,16.64,-3.26,-31.05
PFOCUS,240.77,2026-06-18,-0.23,-2.73,2.3,-9.01,10.23,83.82
AXISNIFTY,266.15,2026-06-18,1.22,4.33,2.29,1.69,-6.17,-1.81
ALPL30IETF,27.21,2026-06-18,1.27,4.41,2.29,3.62,-1.84,-0.69
NIFTYADD,253.3,2026-06-18,1.28,4.19,2.29,1.79,-6.08,-1.7
EFCIL,183.4,2026-06-18,-3.74,-1.9,2.28,-10.16,-38.74,
AFFLE,1489.4,2026-06-18,0.2,-0.46,2.28,10.62,-11.03,-21.75
WAAREEENER,3065.9,2026-06-18,0.49,2.07,2.28,-3.73,6.51,13.67
EBBETF0431,1424.76,2026-06-18,0.12,1.25,2.28,1.66,2.36,4.61
NIFTYETF,261.19,2026-06-18,1.08,4.23,2.27,1.67,-6.22,-1.74
ALGOQUANT,60.01,2026-06-18,6.14,12.48,2.27,5.26,,
MWL,373.95,2026-06-18,-0.81,0.09,2.26,38.32,39.29,129.69
BAGFILMS,4.98,2026-06-18,-0.99,0.4,2.26,14.22,-21.33,-33.95
BBETF0432,1334.46,2026-06-18,0.27,1.1,2.26,1.38,2.05,4.06
IDFNIFTYET,265.47,2026-06-18,1.06,4.19,2.25,1.88,-6.02,-2.18
IGARASHI,394.5,2026-06-18,4.3,8.22,2.23,24.27,-7.52,-16.86
NETF,261.07,2026-06-18,0.95,4.09,2.21,1.4,-6.31,-1.87
GROWWNIFTY,9.7,2026-06-18,0.94,4.08,2.21,1.25,,
SETFNIF50,258.91,2026-06-18,1.24,4.32,2.21,1.87,-6.14,-1.56
MASFIN,320.05,2026-06-18,2.88,8.0,2.2,6.59,2.82,9.91
SDBL,85.9,2026-06-18,9.54,21.93,2.18,15.04,-17.54,-46.31
LTGILTBEES,29.6,2026-06-18,-0.07,0.75,2.17,0.68,1.65,2.46
VHLTD,137.49,2026-06-18,-0.71,0.2,2.17,-1.79,4.21,38.43
ONWARDTEC,256.4,2026-06-18,1.52,-0.7,2.17,3.26,-2.32,-14.79
VSSL,283.2,2026-06-18,-0.51,4.02,2.16,18.74,-3.03,14.81
LICNETFN50,269.32,2026-06-18,0.99,4.0,2.16,1.55,-6.28,-1.5
NIFTYBETA,266.54,2026-06-18,1.26,4.35,2.15,1.66,-6.27,
CONTROLPR,627.0,2026-06-18,1.55,4.37,2.15,-2.92,-10.2,-19.34
NIFTYBETF,247.09,2026-06-18,0.98,4.23,2.14,1.5,-6.19,-1.82
KLBRENG-B,489.55,2026-06-18,3.82,2.37,2.14,,,
CANARYS,19.4,2026-06-17,1.57,-0.51,2.11,-4.9,-36.5,-34.57
ECAPINSURE,24.72,2026-06-18,2.96,6.51,2.11,6.74,2.87,7.57
GLAND,2202.2,2026-06-18,-0.49,-2.03,2.11,32.28,32.16,28.13
EBBETF0430,1594.63,2026-06-18,0.09,0.54,2.09,1.84,2.36,4.9
RTNPOWER,9.31,2026-06-18,-2.1,-1.59,2.08,11.23,-0.11,-29.68
LTGILTCASE,30.14,2026-06-18,0.17,0.7,2.07,0.43,1.55,
FMGOETZE,441.45,2026-06-18,0.23,4.82,2.07,10.39,1.04,-16.91
LICNETFGSC,29.09,2026-06-18,-0.07,0.8,2.07,0.55,1.46,2.5
COMPUSOFT,13.38,2026-06-18,-2.26,-1.47,2.06,-1.4,-17.36,-35.73
SAKAR,795.9,2026-06-18,-5.72,3.69,2.05,47.57,92.74,121.76
PIGL,105.43,2026-06-18,-1.37,8.42,2.05,4.46,-16.52,-29.26
BBTC,1527.4,2026-06-18,0.26,3.05,2.04,-0.87,-18.66,-20.33
LOTUSDEV,141.14,2026-06-18,-1.27,5.18,2.03,14.49,-6.51,
AKASH,26.67,2026-06-18,1.72,-1.62,2.03,11.03,3.77,-7.43
NDRAUTO,836.95,2026-06-18,-0.61,3.89,2.02,18.68,2.86,-15.09
YCCL,10.1,2026-06-17,-0.98,-7.76,2.02,-3.81,-15.83,-25.74
DEVIT,28.27,2026-06-18,0.43,5.45,2.02,-2.85,-18.48,-34.8
SWANCORP,318.95,2026-06-18,0.93,4.25,2.02,-7.99,-32.3,-24.59
JSFB,471.4,2026-06-18,-1.13,-0.11,2.01,31.22,11.61,-4.7
SHREMINVIT,102.0,2026-06-17,0.0,0.0,2.0,8.4,10.49,13.35
TSFINV,395.05,2026-06-18,-2.37,0.57,2.0,6.68,-10.78,-13.21
PRECAM,150.97,2026-06-18,0.15,5.24,1.97,24.44,1.53,-24.33
HAL,4411.5,2026-06-18,2.96,4.09,1.96,11.36,4.43,-10.63
ALICON,655.95,2026-06-18,-0.46,3.42,1.95,-2.56,-19.41,-23.51
BGLOBAL,3.16,2026-06-17,0.0,-4.82,1.94,11.66,-14.13,1.28
EQUAL50,330.41,2026-06-18,1.18,3.39,1.94,5.11,0.37,6.18
TFCILTD,74.5,2026-06-18,-2.18,0.43,1.93,12.28,16.17,68.74
MBEL,311.5,2026-06-18,1.57,15.22,1.93,10.72,-17.34,
RUCHINFRA,6.34,2026-06-18,0.16,0.96,1.93,25.54,-1.86,-18.93
VAKRANGEE,6.37,2026-06-18,0.31,2.25,1.92,5.64,-17.38,-34.26
GOODYEAR,753.15,2026-06-18,0.95,3.54,1.91,-40.87,-40.87,-40.87
NV20IETF,13.93,2026-06-18,0.51,2.5,1.9,0.36,-7.26,-4.13
ATLASCYCLE,99.59,2026-06-18,-1.11,0.58,1.89,20.45,8.51,-21.45
LOWVOL,203.02,2026-06-18,1.98,3.58,1.87,2.86,-5.21,1.26
SPECTSTM,57.05,2026-06-17,6.74,-17.32,1.87,-17.32,-32.96,-53.26
EMBASSY,428.97,2026-06-17,-0.23,0.67,1.87,3.22,2.06,16.17
TATACHEM,732.65,2026-06-18,-0.33,3.61,1.86,14.37,-0.67,-19.86
STEELCITY,78.83,2026-06-18,3.01,3.94,1.86,-2.07,-11.01,-20.4
GVPTECH,6.61,2026-06-18,2.16,2.01,1.85,20.4,-31.22,-32.55
TIRUPATI,498.5,2026-06-17,0.0,0.1,1.84,-0.3,-29.99,3.82
ACCURACY,5.56,2026-06-18,-1.07,2.21,1.83,37.28,-0.54,-33.01
ZODIAC,286.9,2026-06-18,1.61,3.15,1.83,12.21,-3.76,-39.73
ICICIGI,1839.0,2026-06-18,6.05,5.79,1.82,0.81,-5.32,-4.16
METROGLOBL,127.4,2026-06-18,-3.59,1.25,1.82,,,
ZYDUSWELL,504.65,2026-06-18,1.06,-3.6,1.82,17.54,18.64,23.19
ENIFTY,24.16,2026-06-18,0.79,4.23,1.81,1.38,-6.21,
JAYSREETEA,89.95,2026-06-18,2.07,8.11,1.8,2.78,3.28,-15.61
MOL,50.22,2026-06-18,1.23,6.33,1.8,11.77,-19.76,-44.31
BSL,126.16,2026-06-18,2.32,0.37,1.79,2.95,-19.32,-2.46
SETF10GILT,261.94,2026-06-18,0.52,1.23,1.78,0.64,1.3,1.38
REPCOHOME,391.0,2026-06-18,-0.15,9.1,1.77,6.48,2.39,-7.0
MAHEPC,116.61,2026-06-18,3.1,9.78,1.76,2.0,-4.67,-14.86
SBINEQWETF,33.14,2026-06-18,1.01,2.98,1.75,4.84,0.49,6.05
ALLDIGI,810.0,2026-06-18,-1.03,-1.93,1.75,7.96,0.83,-5.36
RSDFIN,81.0,2026-06-18,-1.22,1.63,1.73,,,
KAMOPAINTS,5.28,2026-06-18,-0.38,4.55,1.73,21.1,-19.27,-52.69
ANUHPHR,78.9,2026-06-18,1.34,4.46,1.73,2.43,1.99,-23.22
SALASAR,7.09,2026-06-18,-2.21,4.11,1.72,-0.14,-20.52,-11.15
M&M,3136.5,2026-06-18,0.07,5.75,1.71,-2.43,-12.55,3.97
SBFC,91.95,2026-06-18,-0.94,0.73,1.71,3.54,-11.02,-14.35
GSEC10ABSL,110.56,2026-06-17,-0.93,1.02,1.71,-0.57,0.63,0.72
INDGN,518.6,2026-06-18,0.97,1.26,1.69,14.53,-3.17,-11.56
GILLANDERS,90.09,2026-06-18,-1.69,3.54,1.69,11.77,-10.92,-33.34
DPABHUSHAN,920.65,2026-06-18,-0.73,1.35,1.68,-10.04,-34.61,-35.55
UNITEDPOLY,32.6,2026-06-18,-1.33,-1.69,1.68,20.03,10.47,67.35
ORIENTCEM,136.69,2026-06-18,0.18,4.25,1.66,-1.53,-14.61,-45.81
MHRIL,232.92,2026-06-18,0.05,10.7,1.65,-10.57,-23.8,-31.03
ICICIPRULI,522.1,2026-06-18,7.39,9.82,1.65,-11.01,-18.86,-17.03
RADAAN,3.11,2026-06-18,0.65,1.97,1.63,8.74,-14.56,-30.73
HDFCVALUE,128.32,2026-06-18,0.43,2.25,1.63,-0.06,-7.43,-4.57
KARURVYSYA,296.75,2026-06-18,2.58,5.45,1.63,4.23,19.72,45.34
FINIETF,32.26,2026-06-18,1.0,6.5,1.61,5.53,1.07,7.25
EBBETF0433,1294.35,2026-06-18,0.04,1.04,1.6,1.35,1.95,3.6
DYNPRO,230.4,2026-06-18,-0.63,-5.96,1.6,2.77,-13.82,-19.0
GARUDA,170.33,2026-06-18,0.19,4.36,1.6,3.31,-13.53,36.68
ZENITHDRUG,41.65,2026-06-17,-2.46,-2.23,1.59,3.22,-16.45,-40.92
KOKUYOCMLN,87.78,2026-06-18,0.56,6.01,1.59,7.81,-0.67,-32.86
VALUE,16.6,2026-06-18,-1.48,1.1,1.59,,,
GSTL,19.3,2026-06-17,-1.78,-5.39,1.58,-40.62,32.19,66.38
MOINFRA,63.29,2026-06-18,1.85,3.31,1.57,9.23,10.07,6.32
CSLFINANCE,228.55,2026-06-18,-0.29,3.87,1.56,-7.53,-28.47,-30.19
RAJOOENG,54.76,2026-06-18,-0.49,3.57,1.56,-5.46,-14.9,-53.93
TARMAT,51.82,2026-06-18,-0.48,-0.33,1.55,-6.5,-0.31,-9.64
INDIFRA,13.2,2026-06-17,-4.0,-0.38,1.54,-1.86,-17.24,-22.35
MAKS,26.4,2026-06-17,0.0,1.54,1.54,-5.04,-10.96,-11.41
MEDANTA,1258.2,2026-06-18,3.14,3.95,1.53,20.52,9.16,7.42
JSWHL,12863.0,2026-06-18,3.55,4.73,1.51,-22.85,-35.85,-40.42
SHAILY,2731.8,2026-06-18,-7.34,-11.28,1.51,16.18,15.16,53.92
TIJARIA,4.78,2026-06-18,7.17,5.52,1.49,3.46,-11.48,-25.78
KAMAHOLD,2603.5,2026-06-18,-0.7,1.78,1.49,,,
NCC,154.98,2026-06-18,1.53,8.03,1.49,5.58,1.25,-30.01
SJVN,74.21,2026-06-18,1.46,2.66,1.48,5.35,7.1,-21.29
INDBANK,34.26,2026-06-18,1.48,3.5,1.48,8.87,-0.06,-1.81
ABGSEC,112.65,2026-06-18,0.23,0.58,1.48,0.2,1.69,2.52
IRBINVIT,60.28,2026-06-17,-0.18,-0.63,1.47,3.44,3.3,11.92
MICEL,42.78,2026-06-18,0.45,0.78,1.45,27.13,-1.06,-29.0
TNPETRO,90.93,2026-06-18,0.98,6.65,1.45,6.0,-11.43,0.74
KIRIINDUS,390.65,2026-06-18,-0.79,-2.4,1.45,-1.04,-31.88,-33.22
TEMBO,570.35,2026-06-18,0.45,-0.39,1.44,12.19,-22.33,21.2
QUALITY30,20.49,2026-06-18,1.74,2.19,1.44,5.78,-3.8,
LASA,7.81,2026-06-18,9.38,1.96,1.43,7.13,-16.65,-28.41
SAYAJIHOTL,292.1,2026-06-18,-3.28,0.41,1.42,,,
EQUAL50ADD,340.63,2026-06-18,1.14,3.35,1.42,5.19,0.18,5.92
RAILTEL,322.7,2026-06-18,1.24,6.29,1.41,14.25,-0.68,-23.71
PROV,1511.0,2026-06-17,0.4,4.21,1.41,28.05,19.92,51.1
IGPL,452.35,2026-06-18,3.68,3.08,1.41,19.32,14.56,-1.9
GILLETTE,7840.0,2026-06-18,1.52,2.87,1.4,-1.14,0.1,-22.46
GPPL,154.97,2026-06-18,-0.55,1.06,1.4,0.54,-18.98,3.19
LXCHEM,153.21,2026-06-18,-1.09,1.24,1.4,22.86,-9.64,-20.45
VIVIANA,793.55,2026-06-18,-6.25,-6.15,1.39,14.8,12.27,-36.09
ORKLAINDIA,638.15,2026-06-18,2.9,2.06,1.38,12.81,6.61,
TORNTPHARM,4445.5,2026-06-18,-1.3,0.8,1.38,3.85,19.29,39.24
RHFL,2.21,2026-06-18,-0.45,1.38,1.38,-18.15,-24.57,-69.13
MON50EQUAL,33.1,2026-06-18,1.53,3.24,1.38,5.15,0.3,5.95
CADSYS,70.45,2026-06-17,0.0,0.0,1.37,56.73,72.25,0.57
SBIETFQLTY,220.15,2026-06-18,1.99,2.57,1.36,5.19,-3.62,-1.1
HATSUN,924.35,2026-06-18,1.53,3.65,1.36,-4.55,-4.39,-2.32
QUAL30IETF,20.91,2026-06-18,1.6,2.8,1.36,5.08,-3.68,-1.18
KRITIKA,5.99,2026-06-18,-1.8,-0.33,1.35,2.92,-16.92,-40.69
BENGALASM,6256.0,2026-06-18,-3.33,-8.52,1.34,,,
HCLTECH,1161.8,2026-06-18,3.8,0.91,1.33,-12.76,-28.22,-29.39
OILIETF,11.45,2026-06-18,1.06,3.06,1.33,0.88,-4.5,-0.52
NV20BEES,142.35,2026-06-18,0.21,2.01,1.32,-0.16,-7.77,49.5
STERTOOLS,243.38,2026-06-18,1.6,15.35,1.32,29.96,-7.74,-31.63
NAHARSPING,256.35,2026-06-18,1.44,-6.6,1.32,24.04,32.33,-4.52
DIVOPPBEES,78.12,2026-06-18,1.27,2.68,1.32,0.03,-4.71,-0.42
DALMIASUG,340.6,2026-06-18,-0.04,-0.1,1.32,13.36,14.9,-15.3
GLOBUSSPR,890.9,2026-06-18,3.62,5.57,1.31,1.58,-8.06,-5.07
ASIANTILES,60.18,2026-06-18,-1.41,3.51,1.3,-0.59,-12.38,-12.31
KALPATARU,326.55,2026-06-18,1.84,4.45,1.3,6.35,-0.94,
HDFCLOWVOL,20.27,2026-06-18,0.7,3.37,1.3,2.68,-5.15,0.95
LOWVOLIETF,21.78,2026-06-18,0.97,3.42,1.3,2.93,-5.1,0.93
HEROMOTOCO,5021.6,2026-06-18,-0.05,5.15,1.3,-7.45,-10.94,19.25
SAMBHV,108.17,2026-06-18,-0.92,1.42,1.3,16.63,18.01,
STARCEMENT,215.15,2026-06-18,0.56,3.14,1.29,2.92,0.18,2.35
CASTROLIND,184.57,2026-06-18,-0.52,0.82,1.29,1.43,3.57,-7.19
IVP,159.33,2026-06-18,-0.48,-4.58,1.29,19.45,9.72,-11.92
SINCLAIR,78.44,2026-06-18,3.52,4.42,1.29,2.7,-4.04,-10.09
ASTRAL,1565.7,2026-06-18,1.35,3.61,1.29,-6.16,11.21,-0.12
KROSS,186.88,2026-06-18,1.35,3.0,1.28,-0.29,6.64,2.22
SUNFLAG,360.0,2026-06-18,-0.24,2.78,1.28,63.18,38.59,30.48
BEDMUTHA,111.82,2026-06-18,2.89,3.54,1.24,-1.98,6.47,-26.42
NAVA,607.3,2026-06-18,0.6,3.61,1.24,7.39,6.82,11.76
PLATIND,228.37,2026-06-18,-0.3,7.58,1.24,8.23,-7.19,-15.14
HEXT,493.0,2026-06-18,-0.95,-5.24,1.24,15.01,-33.54,-39.7
TECHM,1447.7,2026-06-18,1.55,-3.7,1.24,4.51,-9.83,-12.93
EMIL,118.88,2026-06-18,8.13,10.57,1.23,26.94,12.38,-24.94
KSL,814.7,2026-06-18,0.43,2.71,1.23,19.96,11.43,-7.18
DHUNINV,850.05,2026-06-18,4.43,10.25,1.23,3.27,-25.62,-41.73
AWHCL,469.5,2026-06-18,3.63,7.09,1.22,5.09,-8.65,-23.23
ATL,24.55,2026-06-18,-0.08,2.16,1.2,6.65,-6.97,-15.23
LOWVOL1,20.78,2026-06-18,1.32,3.54,1.17,2.16,-4.77,1.66
UCAL,101.28,2026-06-18,2.2,2.99,1.17,0.24,-8.63,-35.15
ANTHEM,798.1,2026-06-18,3.19,3.23,1.17,23.09,19.31,
AARTIDRUGS,370.15,2026-06-18,-1.4,1.12,1.16,8.5,-2.07,-16.64
SHRADHA,34.94,2026-06-18,3.19,1.84,1.16,6.39,-16.05,-51.05
JYOTISTRUC,12.24,2026-06-18,0.08,-3.01,1.16,13.33,24.14,-35.34
HDFCNIFIT,30.48,2026-06-18,1.6,-0.26,1.16,-2.78,-25.39,-25.37
UTIAMC,958.0,2026-06-18,1.62,4.82,1.15,-1.29,-15.91,-20.91
HERITGFOOD,328.7,2026-06-18,2.32,4.28,1.14,2.65,-28.35,-25.11
AXISBPSETF,13.33,2026-04-29,0.0,0.23,1.14,1.76,2.54,5.88
HDFCQUAL,57.48,2026-06-18,1.47,2.3,1.13,4.22,-3.64,0.16
NILAINFRA,8.05,2026-06-18,1.13,0.88,1.13,11.03,-15.08,-35.19
ICDSLTD,44.17,2026-06-18,2.51,2.46,1.12,-6.52,-0.74,-20.4
PILITA,8.12,2026-06-18,-0.37,0.62,1.12,8.99,-21.32,-49.15
SHRITECH,68.0,2026-06-17,11.2,-2.02,1.12,18.88,13.24,-20.88
HEADSUP,7.33,2026-06-18,5.32,3.82,1.1,8.59,-17.18,-29.45
SOLARA,567.55,2026-06-18,-5.6,8.13,1.1,27.63,-1.02,8.16
BONLON,45.85,2026-06-18,2.25,12.05,1.1,14.97,,
HIKAL,198.6,2026-06-18,6.06,10.47,1.1,14.41,-16.24,-45.45
DONEAR,91.83,2026-06-18,1.89,2.81,1.08,5.9,-5.14,-15.85
KRITINUT,83.29,2026-06-18,0.98,-4.51,1.07,24.07,28.38,-29.47
HITECHGEAR,576.1,2026-06-18,0.45,-2.26,1.07,-6.57,-11.77,-24.06
BAJAJFINSV,1771.7,2026-06-18,1.23,5.8,1.06,-1.12,-12.56,-10.54
PRICOLLTD,559.4,2026-06-18,-3.77,1.33,1.06,2.48,-16.57,27.79
CANTABIL,229.25,2026-06-18,4.49,6.94,1.05,-8.9,-10.52,-9.67
HILINFRA,47.9,2026-06-18,-1.22,1.14,1.05,-5.43,-15.1,
DHAMPURSUG,141.15,2026-06-18,-2.36,-2.63,1.04,18.81,10.23,-5.41
CAPACITE,227.23,2026-06-18,1.43,5.36,1.04,3.14,-10.82,-30.56
SRM,492.2,2026-06-18,-0.4,1.47,1.04,22.19,-10.43,10.86
JKIL,495.8,2026-06-18,2.26,6.05,1.04,-2.4,-10.22,-30.74
SIL,15.65,2026-06-18,-0.13,1.49,1.03,11.95,1.79,-19.82
INVENTURE,0.98,2026-06-18,0.0,3.16,1.03,-3.92,-16.95,-39.88
SUBROS,736.65,2026-06-18,-0.95,4.76,1.03,5.78,-15.72,-21.58
HINDCOMPOS,414.4,2026-06-18,-1.17,0.36,1.01,7.04,-1.39,-16.61
LALPATHLAB,1662.9,2026-06-18,2.9,7.57,1.01,23.46,19.35,14.99
QUESTLAB,116.25,2026-06-17,16.66,14.93,1.0,6.41,29.67,25.95
FIRSTCRY,219.08,2026-06-18,0.18,0.2,1.0,2.35,-26.42,-40.81
GREENPOWER,11.18,2026-06-18,0.09,2.57,0.99,17.07,-8.13,-18.16
THEINVEST,100.12,2026-06-18,1.79,5.19,0.98,0.39,-14.4,-32.83
ANANDRATHI,1805.3,2026-06-18,1.33,2.92,0.98,18.07,20.98,74.36
VIRINCHI,16.84,2026-06-18,7.54,10.28,0.96,-0.06,-23.42,-21.93
GOODLUCK,1354.8,2026-06-18,2.31,2.46,0.96,28.14,33.18,25.38
NARMADA,35.25,2026-06-18,-4.99,-3.53,0.95,6.53,69.47,113.25
DOLATALGO,76.44,2026-06-18,0.49,5.78,0.95,2.92,-7.81,-22.66
GSS,13.03,2026-06-18,0.54,0.39,0.93,16.24,-19.07,-62.7
PILANIINVS,4440.7,2026-06-18,1.37,6.17,0.93,-7.22,-13.88,-14.33
ITBETA,299.17,2026-06-18,1.28,-0.71,0.9,-3.29,-25.32,-25.37
HOMESFY,112.0,2026-06-17,-4.76,0.0,0.9,-20.57,-32.12,-62.98
KUANTUM,76.98,2026-06-18,1.77,3.84,0.9,-6.63,-15.45,-29.82
SHREEPUSHK,389.1,2026-06-18,0.89,10.02,0.89,26.23,6.82,24.4
SBIETFIT,316.01,2026-06-18,1.4,-0.64,0.88,-2.94,-25.28,-25.34
BNAGROCHEM,285.05,2026-06-18,1.55,3.11,0.88,,,
SANATHAN,428.6,2026-06-18,5.53,3.39,0.88,11.11,-2.02,-5.08
GROWWLOVOL,10.26,2026-06-18,1.18,2.09,0.88,2.19,-3.77,2.6
CORONA,1836.0,2026-06-18,6.02,5.48,0.87,12.56,34.37,
EMUDHRA,463.6,2026-06-18,1.63,-0.1,0.87,12.82,-20.71,-36.95
IT,31.58,2026-06-18,1.35,-0.6,0.86,-3.31,-25.27,-25.4
TATAELXSI,4116.0,2026-06-18,1.17,-1.54,0.85,-0.42,-16.43,-35.04
HDFCGROWTH,113.51,2026-06-18,0.33,2.1,0.84,0.15,-11.69,-4.13
MOHEALTH,48.16,2026-06-18,1.37,1.28,0.84,11.58,9.36,10.33
LICHSGFIN,550.15,2026-06-18,-0.67,1.69,0.84,9.34,4.18,-7.31
ITBEES,31.62,2026-06-18,1.38,-0.35,0.83,-3.1,-25.34,-25.44
ITIETF,31.62,2026-06-18,1.48,-0.53,0.83,-3.1,-25.46,-25.35
CRISIL,4121.4,2026-06-18,3.5,8.29,0.83,3.15,-3.92,-25.36
SCODATUBES,140.55,2026-06-18,6.93,16.25,0.82,6.55,-8.91,-28.47
PARKHOTELS,120.51,2026-06-18,2.1,6.35,0.82,6.97,-11.44,-25.55
INFY,1127.5,2026-06-18,-0.65,-3.01,0.82,-9.09,-29.19,-28.38
IREDA,127.96,2026-06-18,2.52,6.49,0.82,9.04,-2.12,-22.14
NIFTYQLITY,21.11,2026-06-18,1.49,2.08,0.81,5.18,-3.91,-1.08
ITADD,30.11,2026-06-18,1.31,-0.23,0.8,-3.0,-25.43,-25.4
BANSALWIRE,304.15,2026-06-18,-2.97,4.05,0.8,16.96,-2.47,-19.07
GOKUL,41.34,2026-06-18,0.9,2.48,0.78,-3.55,4.34,-10.71
SHARDACROP,908.25,2026-06-18,-0.77,4.64,0.78,-10.21,2.97,13.65
ICICIB22,121.11,2026-06-18,1.19,3.07,0.77,1.38,5.61,10.94
ITETF,30.13,2026-06-18,1.41,-0.5,0.77,-3.12,-25.46,-25.44
DELHIVERY,459.2,2026-06-18,1.25,4.52,0.76,8.67,14.13,25.69
PICCADIL,584.65,2026-06-18,1.96,0.14,0.76,7.04,7.6,
DALBHARAT,1725.7,2026-06-18,0.37,3.71,0.76,-9.93,-14.75,-15.41
MRF,130085.0,2026-06-18,1.2,5.92,0.76,-2.84,-14.56,-5.55
LINDEINDIA,7275.5,2026-06-18,4.83,5.91,0.75,0.75,22.47,3.89
SWIGGY,255.95,2026-06-18,-0.49,6.12,0.73,-14.33,-37.68,-29.95
ASALCBR,838.45,2026-06-18,1.45,0.88,0.73,12.66,-10.38,-20.31
AXISTECETF,313.51,2026-06-18,1.27,-0.46,0.7,-3.39,-25.37,-25.7
EBBETF0425,1290.83,2025-04-08,0.02,0.23,0.7,1.9,3.85,7.57
NAZARA,301.0,2026-06-18,3.45,12.29,0.69,17.92,29.21,-8.85
VERTOZ,44.11,2026-06-18,-2.61,8.51,0.68,17.2,-39.49,-55.47
GUJAPOLLO,377.25,2026-06-18,0.96,-0.78,0.68,-8.81,-12.2,2.03
TECH,31.05,2026-06-18,0.78,-0.67,0.68,-2.91,-25.11,-25.14
ROHLTD,331.6,2026-06-18,0.52,6.32,0.67,2.54,-13.93,-12.48
IIFLCAPS,348.35,2026-06-18,2.26,2.46,0.66,22.27,12.4,5.24
ARKADE,114.31,2026-06-18,-0.45,2.34,0.66,7.24,-14.23,-40.65
VISHNUINFR,169.65,2026-06-17,1.25,8.2,0.65,20.79,-1.71,-5.1
DCMNVL,149.16,2026-06-18,-5.28,-6.77,0.65,33.94,19.24,-13.77
AGARWALEYE,444.8,2026-06-18,1.25,-1.51,0.63,2.5,-10.52,11.49
GSEC10IETF,259.6,2026-06-18,-0.05,-0.22,0.62,-0.44,0.29,0.27
SUMICHEM,452.35,2026-06-18,-4.68,-1.7,0.6,16.2,1.16,-9.26
GROWWCAPM,11.65,2026-06-18,0.78,5.81,0.6,19.0,19.09,
CORALFINAC,32.66,2026-06-18,1.18,3.45,0.59,4.25,-14.41,-25.38
MOLOWVOL,36.73,2026-06-18,1.32,3.61,0.58,1.6,-4.84,-1.26
SUPREMEIND,3524.5,2026-06-18,-0.72,0.96,0.58,-12.12,5.5,-23.02
PRAKASH,148.24,2026-06-18,-1.92,6.66,0.57,21.01,16.86,-6.15
EUROBOND,178.91,2026-06-18,2.55,3.72,0.57,16.23,-0.9,4.23
PROSTARM,141.2,2026-06-18,-1.35,-0.06,0.56,8.62,-18.22,15.67
ELITECON,28.92,2026-06-18,-3.63,7.95,0.56,,,
RADIANTCMS,40.05,2026-06-18,-0.42,5.12,0.55,11.81,-23.07,-33.45
AVONMORE,10.93,2026-06-18,-2.41,11.64,0.55,-15.21,-34.82,-39.28
AKG,11.12,2026-06-18,3.73,2.77,0.54,1.28,-11.32,-18.59
ACC,1358.9,2026-06-18,0.18,3.57,0.53,-2.74,-22.12,-25.74
NOCIL,162.52,2026-06-18,-0.62,4.23,0.53,9.74,4.84,-12.07
ORIENTBELL,327.6,2026-06-18,3.43,5.58,0.51,17.08,24.0,9.81
AFCONS,319.15,2026-06-18,-1.85,2.23,0.5,10.84,-15.89,-26.99
ZENITHSTL,5.99,2026-06-18,6.77,2.04,0.5,18.38,-16.92,-32.92
DCXINDIA,193.33,2026-06-18,4.22,5.35,0.5,11.82,23.33,-33.78
MINDSPACE,463.18,2026-06-17,-0.01,0.7,0.49,2.38,0.24,18.14
WONDERLA,482.05,2026-06-18,-1.0,2.95,0.49,-7.23,-9.11,-26.11
BEL,428.6,2026-06-18,4.65,3.79,0.47,-3.16,12.25,7.72
BEML,1773.4,2026-06-18,-0.3,1.84,0.47,13.82,6.68,-20.31
AMBUJACEM,430.0,2026-06-18,0.27,4.05,0.46,-2.07,-19.35,-20.72
HAVELLS,1194.4,2026-06-18,1.99,4.74,0.46,-10.68,-14.07,-21.6
WSI,67.22,2026-06-18,-2.28,-2.95,0.45,-2.78,-23.32,-16.05
ALIVUS,1060.0,2026-06-18,0.84,5.79,0.45,12.53,17.79,6.05
LCCINFOTEC,4.59,2026-06-18,5.03,7.24,0.44,-7.27,13.61,-17.89
LIQUID1,1109.41,2026-06-18,0.04,0.14,0.43,1.24,2.46,5.12
LIQUIDCASE,114.59,2026-06-18,0.05,0.15,0.43,1.24,2.42,5.05
NEXT30ADD,42.13,2026-06-18,0.26,1.37,0.43,6.47,5.96,11.1
SBILIQETF,1043.58,2026-06-18,0.04,0.13,0.42,1.23,2.43,
CASHIETF,1066.92,2026-06-18,0.04,0.13,0.42,1.23,2.43,5.08
LIQUIDADD,1131.58,2026-06-18,0.04,0.13,0.42,1.22,2.41,5.01
LIQUIDPLUS,1090.34,2026-06-18,0.04,0.13,0.42,1.23,2.44,5.11
AONELIQUID,1064.27,2026-06-18,0.04,0.13,0.42,1.23,2.44,5.07
ELIQUID,1035.5,2026-06-18,0.04,0.13,0.42,1.24,2.45,
HDFCLIQUID,1065.43,2026-06-18,0.04,0.14,0.42,1.23,2.39,6.29
ALBERTDAVD,711.9,2026-06-18,-1.31,2.96,0.42,5.78,-4.64,-15.31
LIQUIDBETF,1086.34,2026-06-18,0.04,0.13,0.41,1.2,2.37,4.93
CELEBRITY,7.53,2026-06-18,-1.31,-0.13,0.4,-1.31,-8.06,-42.52
LIQGRWBEES,1043.94,2026-06-18,0.04,0.13,0.4,1.16,2.31,
TIGERLOGS,35.16,2026-06-18,-0.42,1.09,0.4,31.54,-3.06,
LIQUIDSHRI,1109.14,2026-06-18,0.04,0.13,0.4,1.16,2.32,4.86
GROWWLIQID,109.52,2026-06-18,0.04,0.13,0.39,1.15,2.29,4.81
DOLLAR,261.35,2026-06-18,3.32,6.28,0.38,0.11,-27.53,-31.9
SNXT30BEES,42.06,2026-06-18,0.6,1.47,0.38,6.67,5.97,10.54
CIEINDIA,456.3,2026-06-18,-1.83,4.2,0.38,-3.81,17.73,3.98
JLHL,1342.0,2026-06-18,1.21,0.66,0.38,4.76,-1.27,-10.82
ORIENTCER,40.09,2026-06-18,1.7,5.75,0.38,4.98,-0.64,13.07
ALOKINDS,13.23,2026-06-18,4.26,10.53,0.38,0.0,-15.57,-32.29
RMDRIP,19.21,2026-06-18,-1.44,22.75,0.37,-15.28,-58.39,-39.92
KOLTEPATIL,379.9,2026-06-18,5.28,5.45,0.37,15.75,-1.67,-15.6
AROGRANITE,25.29,2026-06-18,-0.98,0.92,0.36,6.84,-16.4,-37.56
LGBBROSLTD,1549.9,2026-06-18,0.22,4.45,0.34,-14.48,-14.1,28.82
GHCL,439.55,2026-06-18,1.25,5.27,0.33,0.06,-20.02,-24.36
VISAKAIND,76.82,2026-06-18,1.78,7.41,0.33,34.47,19.83,-4.62
ORIENTALTL,6.31,2026-06-18,-2.02,-2.17,0.32,18.16,-24.79,-63.31
MALUPAPER,32.0,2026-06-18,-1.72,0.69,0.31,0.19,-8.7,-16.43
SYNCOMF,13.98,2026-06-18,-3.39,-1.2,0.29,16.79,-2.71,-27.45
JINDALPOLY,690.95,2026-06-18,-6.55,8.3,0.28,-31.41,43.78,14.99
TIPSMUSIC,642.5,2026-06-18,0.37,-2.1,0.26,21.47,21.6,-1.37
AARTISURF,387.8,2026-06-18,-0.45,7.95,0.26,9.98,-2.56,-28.94
GENCON,38.03,2026-06-18,-0.81,-3.18,0.26,-13.13,-14.39,-11.58
RENUKA,23.21,2026-06-18,-3.53,5.74,0.26,-3.53,-13.62,-27.1
SGMART,587.95,2026-06-18,-1.04,1.92,0.26,33.7,75.74,
NXST,155.39,2026-06-17,0.48,-0.73,0.25,1.51,-0.42,19.68
MPSLTD,1810.3,2026-06-18,-0.13,2.89,0.25,17.54,-9.94,-29.72
GANDHITUBE,851.5,2026-06-18,0.41,0.87,0.24,3.74,13.99,22.8
ABSLLIQUID,1000.0,2026-06-18,0.0,0.0,0.24,0.77,1.57,3.28
TOKYOPLAST,85.68,2026-06-18,0.84,2.0,0.22,16.87,-20.42,-36.31
PULZ,24.05,2026-06-17,-3.02,-2.24,0.21,-3.41,-23.65,-51.9
VIJAYA,1305.6,2026-06-18,1.75,-0.15,0.21,39.16,31.51,36.89
BDL,1311.8,2026-06-18,8.44,10.51,0.2,-0.64,-1.94,-30.91
BAJAJ-AUTO,10077.0,2026-06-18,1.35,-1.51,0.2,10.22,15.72,23.73
ATMASTCO,185.65,2026-06-17,-0.22,9.53,0.19,39.64,31.34,-6.26
LATENTVIEW,309.3,2026-06-18,2.16,3.05,0.19,8.11,-35.88,-24.04
GILT10BETA,26.05,2026-06-18,0.23,0.42,0.19,-0.08,-0.42,0.39
CELLO,387.85,2026-06-18,1.84,1.96,0.18,-5.0,-28.41,-35.56
ASIANHOTNR,300.65,2026-06-18,0.38,1.25,0.18,0.35,-6.3,-12.83
ASTRAZEN,8529.0,2026-06-18,1.25,2.22,0.18,0.54,-6.04,-12.08
CONSOFINVT,225.49,2026-06-18,0.22,-2.57,0.17,-0.06,32.31,14.06
BTML,6.44,2026-06-18,-1.08,-0.31,0.16,-4.73,-20.98,-26.32
PEARLPOLY,18.99,2026-06-18,0.96,3.94,0.16,14.12,-9.27,-36.36
MMP,276.3,2026-06-18,3.52,6.31,0.15,26.22,10.56,9.6
SBICARD,624.95,2026-06-18,4.0,8.77,0.15,-12.66,-26.06,-35.52
SUNTV,521.9,2026-06-18,0.8,2.84,0.15,-12.78,-4.19,-13.85
NH,1869.0,2026-06-18,-0.18,-2.73,0.15,10.59,1.74,-1.6
FRONTSP,1490.0,2026-06-18,-0.23,2.82,0.13,,,
ENERGYDEV,16.82,2026-06-18,0.6,1.08,0.12,11.84,-15.31,-24.17
SBGLP,26.24,2026-06-18,-1.54,4.83,0.11,1.27,-33.55,-42.61
JSWSTEEL,1293.9,2026-06-18,-0.2,2.63,0.09,9.62,19.56,31.53
ICEMAKE,751.4,2026-06-18,-1.48,1.36,0.07,-7.65,-6.22,-4.42
DISAQ,12011.0,2026-06-18,2.97,8.3,0.07,,,
BIKAJI,659.85,2026-06-18,0.05,0.95,0.05,6.71,-11.22,-7.66
DMART,4306.7,2026-06-18,5.07,5.99,0.05,12.04,14.63,1.85
IEX,123.56,2026-06-18,0.5,3.87,0.05,1.99,-9.11,-30.71
MON100,331.76,2026-06-18,0.48,0.26,0.04,47.26,42.08,81.73
SOUTHWEST,249.25,2026-06-18,-0.8,-0.16,0.02,21.37,34.25,63.14
ALPSINDUS,34.3,2026-06-17,0.0,0.0,0.0,0.0,3.63,20.77
ALANKIT,8.65,2026-06-18,3.84,5.36,0.0,13.07,-17.93,-42.1
FIVECORE,31.7,2026-06-12,0.0,0.0,0.0,0.0,0.0,0.0
BRIGHT,2.8,2026-06-17,0.0,0.0,0.0,0.0,0.0,0.0
HERCULES,159.32,2026-06-17,0.0,0.0,0.0,0.0,2.0,-16.75
BURNPUR,33.0,2026-06-17,0.0,0.0,0.0,0.0,0.0,0.0
COMPINFO,1.33,2026-06-18,-2.21,1.53,0.0,22.02,-19.88,-30.37
VISAMAN,113.25,2026-06-17,0.0,0.0,0.0,7.04,-6.02,158.56
NEXTMEDIA,4.01,2026-06-18,1.26,4.43,0.0,-22.59,-33.5,-42.88
SAHAJ,3.85,2026-06-17,0.0,0.0,0.0,-9.41,-34.19,-65.93
RMCL,200.0,2026-06-17,0.0,0.0,0.0,0.0,0.0,0.0
AHIMSA,24.7,2026-06-17,0.0,0.0,0.0,-0.4,-1.2,11.76
GOENKA,0.82,2026-06-17,0.0,0.0,0.0,0.0,0.0,-14.58
PERFECT,8.1,2026-06-17,0.0,0.0,0.0,0.0,0.0,-38.17
LIQUIDETF,999.99,2026-06-18,-0.0,0.0,-0.0,0.38,1.45,3.77
LIQUIDIETF,999.99,2026-06-18,0.0,0.0,0.0,0.0,0.0,0.0
LIQUIDSBI,1000.0,2026-06-18,0.0,-0.0,-0.0,0.42,1.55,3.53
AJRINFRA,0.7,2026-06-17,0.0,0.0,0.0,0.0,0.0,0.0
KKVAPOW,613.0,2026-06-17,0.0,0.0,0.0,4.79,-3.31,17.78
KTL,4.85,2026-06-17,0.0,0.0,0.0,0.0,0.0,-43.27
LIQUIDBEES,999.99,2026-06-18,0.0,0.0,-0.0,-0.0,-0.0,1.31
MBECL,65.4,2026-06-17,0.0,0.0,0.0,0.0,0.0,0.0
GANGOTRI,0.61,2026-06-17,0.0,0.0,0.0,0.0,0.0,-6.15
JAKHARIA,60.5,2026-06-17,0.0,0.0,0.0,0.0,0.0,-30.1
TNTELE,9.08,2026-06-18,-2.37,-2.05,0.0,-0.22,-9.11,-6.49
AVSL,119.7,2026-06-17,0.0,0.0,0.0,0.0,-5.0,-7.35
SIIL,26.0,2026-06-12,0.0,0.0,0.0,0.0,0.0,0.0
LIQUID,999.99,2026-06-18,0.0,0.0,0.0,0.4,1.57,4.08
FLEXITUFF,6.88,2026-06-18,-0.43,0.73,0.0,6.67,-55.18,-82.47
SECURCRED,1.56,2026-06-17,0.0,0.0,0.0,0.0,0.0,0.0
DESTINY,105.9,2026-06-17,0.0,0.0,0.0,-14.22,-15.62,35.77
INDLMETER,23.69,2026-06-17,0.0,0.0,0.0,0.0,0.0,0.0
BIRLAPREC,38.27,2026-06-18,1.86,3.68,0.0,,,
VIKASLIFE,1.49,2026-06-18,-0.67,1.36,0.0,11.19,-15.34,-42.02
SRIRAM,10.1,2026-06-17,0.0,0.0,0.0,0.0,0.0,0.0
BKMINDST,45.0,2026-06-17,0.0,0.0,0.0,0.0,0.0,0.0
MINDPOOL,71.1,2026-06-17,0.0,0.0,0.0,0.0,0.0,37.92
MARSHALL,3.64,2026-06-17,0.0,0.0,0.0,0.0,-7.85,-66.64
DANGEE,3.15,2026-06-18,-0.94,-2.48,0.0,12.5,-13.22,-24.82
WATERBASE,74.9,2023-12-06,0.0,0.0,0.0,-13.41,-1.45,-5.79
SHAIVAL,33.0,2026-06-17,0.0,0.0,0.0,8.2,8.2,8.2
MELSTAR,4.25,2026-06-17,0.0,0.0,0.0,0.0,0.0,0.0
ISHAN,0.65,2026-06-17,8.33,8.33,0.0,8.33,-13.33,-35.0
OPAL,43.0,2026-06-12,0.0,0.0,0.0,0.0,0.0,0.0
TECHIN,14.0,2026-06-17,0.0,0.0,0.0,0.0,0.0,0.0
KRISHCA,179.0,2026-06-17,1.13,1.7,0.0,7.19,3.23,-34.55
DSKULKARNI,13.55,2026-06-17,0.0,0.0,0.0,0.0,0.0,0.0
VELS,68.35,2026-06-17,0.0,0.0,0.0,28.48,16.14,-9.41
VERA,69.0,2026-06-17,0.0,0.0,0.0,-1.43,-1.29,1.47
APLAB,32.5,2026-06-12,0.0,0.0,0.0,0.0,0.0,0.0
OMKARCHEM,3.41,2026-06-17,0.0,0.0,0.0,-9.55,-39.96,-51.49
PODDARHOUS,43.37,2026-06-17,0.0,0.0,0.0,0.0,0.0,4.99
SUULD,1.57,2026-06-17,0.0,0.0,0.0,0.0,3.29,-45.49
JINDCOT,2.5,2024-11-08,0.0,0.0,0.0,0.0,0.0,0.0
ANDREWYU,31.35,2023-12-06,0.0,0.0,0.0,-0.32,29.31,21.31
KALYANI,138.09,2026-06-17,0.0,0.0,0.0,0.0,0.0,
BANARISUG,3600.2,2026-06-18,-1.35,-0.35,-0.01,-0.04,-0.78,-7.5
AFSL,201.27,2026-06-18,0.13,0.13,-0.01,0.05,-1.76,-14.06
PUNJABCHEM,1016.5,2026-06-18,-1.71,9.5,-0.05,-3.25,-16.45,-6.07
BALKRISHNA,18.41,2026-06-18,0.6,0.82,-0.05,12.39,-7.77,-11.91
NITIRAJ,197.86,2026-06-18,2.22,11.62,-0.07,-8.46,7.47,-1.14
PERSISTENT,4940.5,2026-06-18,1.02,-2.46,-0.07,5.15,-21.53,-17.49
SHAREINDIA,139.29,2026-06-18,0.57,5.84,-0.08,7.73,-19.54,-20.13
DIVIDEND,35.69,2026-06-18,1.31,1.31,-0.08,2.09,,
SDL26BEES,136.94,2026-04-27,-0.44,-0.33,-0.1,1.29,2.15,5.7
OFSS,9399.5,2026-06-18,0.28,-3.65,-0.1,46.62,26.18,1.68
MODTHREAD,43.71,2026-06-18,-2.87,-6.34,-0.11,-6.48,-0.07,-4.19
COSMOFIRST,766.8,2026-06-18,4.84,6.78,-0.12,19.26,12.83,-36.84
RELIANCE,1328.1,2026-06-18,1.61,5.13,-0.12,-5.25,-13.61,-6.33
PFC,429.3,2026-06-18,1.13,0.21,-0.12,0.11,30.42,12.17
SHIVAMILLS,62.34,2026-06-18,-1.75,-2.52,-0.13,15.1,5.88,-16.71
GREENPANEL,189.84,2026-06-18,-1.98,-2.72,-0.14,-3.5,-15.82,-27.15
ALPEXSOLAR,968.25,2026-06-17,-2.21,-0.41,-0.14,36.76,20.21,-3.06
RPOWER,26.66,2026-06-18,0.08,-2.17,-0.15,17.24,-29.43,-60.09
AGUL,63.9,2026-06-17,0.0,0.0,-0.16,-12.35,3.73,38.91
SILGO,74.96,2026-06-18,-0.25,-0.6,-0.16,4.1,0.83,41.17
MAGADSUGAR,459.9,2026-06-18,-0.01,2.81,-0.16,6.27,-8.85,-29.92
SPANDANA,256.65,2026-06-18,7.63,9.98,-0.17,20.55,-3.28,-4.93
RAMCOCEM,890.35,2026-06-18,-2.29,4.13,-0.17,-9.37,-16.32,-13.61
ANDHRAPAP,63.32,2026-06-18,2.51,4.52,-0.19,1.47,-5.83,-17.81
BABAFP,26.25,2026-06-17,32.58,5.0,-0.19,20.41,-17.19,-33.54
HEALTHCARE,20.14,2026-06-18,0.6,0.9,-0.25,9.99,,
SOTAC,111.0,2026-06-17,0.0,0.0,-0.27,0.41,-10.05,-11.13
KMEW,2054.3,2026-06-18,4.13,9.04,-0.28,31.5,18.97,145.71
AVROIND,10.39,2026-06-18,-3.97,-13.2,-0.29,-17.51,-6.09,-35.49
DISHTV,3.19,2026-06-18,1.27,5.98,-0.31,39.91,-18.83,-33.12
INTENTECH,101.63,2026-06-18,-3.19,12.1,-0.32,15.4,-10.98,15.83
MANGLMCEM,849.15,2026-06-18,0.46,0.86,-0.32,2.96,12.59,13.44
ELDEHSG,800.05,2026-06-18,0.59,4.09,-0.33,-3.64,-18.12,0.57
DHARMAJ,264.9,2026-06-18,-4.56,-3.69,-0.34,9.89,9.26,-9.72
CYIENT,873.45,2026-06-18,-2.63,1.29,-0.34,1.79,-23.47,-34.04
FORTIS,958.75,2026-06-18,-2.18,-3.07,-0.35,13.33,10.67,26.47
TATAPOWER,402.9,2026-06-18,-0.3,-0.32,-0.36,0.64,7.45,3.02
BORANA,318.3,2026-06-18,-0.09,0.43,-0.38,-15.56,14.83,42.37
SURAJLTD,229.99,2026-06-18,-0.38,0.87,-0.47,-0.44,-10.47,-42.59
NIRAJISPAT,218.65,2026-06-18,12.23,2.65,-0.49,0.95,5.91,-29.3
INDIQUBE,170.33,2026-06-18,7.21,8.47,-0.49,16.78,-16.93,
GODREJCP,1009.2,2026-06-18,-2.66,1.22,-0.51,-3.76,-14.17,-14.14
BIRET,319.47,2026-06-17,0.03,0.14,-0.54,-2.33,-0.19,10.61
NAGREEKCAP,27.66,2026-06-18,-1.21,0.36,-0.54,16.37,1.88,6.67
GILT5BETA,65.06,2026-06-18,-1.38,0.87,-0.55,0.73,2.38,4.18
LTM,3998.0,2026-06-18,2.57,0.51,-0.56,-5.75,-35.12,-25.37
EIHAHOTELS,320.6,2026-06-18,3.91,8.27,-0.56,3.55,-10.28,-13.58
VSTL,118.77,2026-06-18,-1.91,1.69,-0.57,5.72,-9.16,-20.67
WESTLIFE,464.25,2026-06-18,-1.93,7.44,-0.57,5.63,-10.78,-33.69
BLUEDART,4870.4,2026-06-18,-0.69,4.8,-0.59,-7.16,-7.76,-21.47
SELMC,29.68,2026-06-18,-1.46,-1.43,-0.6,0.54,-16.63,-18.53
IMFA,1441.8,2026-06-18,-0.07,-0.5,-0.61,14.56,3.19,101.69
MAHSEAMLES,632.7,2026-06-18,0.44,2.91,-0.61,12.16,12.79,-5.75
AARON,123.69,2026-06-18,0.86,8.34,-0.63,-11.83,-30.18,-38.52
ANTELOPUS,774.65,2026-06-18,-2.53,-13.81,-0.63,45.83,92.6,13.06
METROBRAND,1031.8,2026-06-18,2.72,4.12,-0.64,5.09,-7.87,-12.1
TTKHLTCARE,883.35,2026-06-18,0.59,-1.46,-0.64,5.94,-14.89,-29.01
HECPROJECT,124.35,2026-06-18,2.24,2.3,-0.64,14.44,-0.1,-21.03
DEVYANI,115.28,2026-06-18,3.48,4.33,-0.64,5.67,-8.59,-32.48
KALYANIFRG,612.75,2026-06-18,1.23,2.02,-0.67,6.44,-4.75,-15.36
BALMLAWRIE,183.48,2026-06-18,3.53,7.17,-0.68,11.5,9.47,-5.45
NUVOCO,311.95,2026-06-18,-0.56,0.39,-0.68,2.53,-11.68,-10.07
ABFRL,61.54,2026-06-18,0.82,3.79,-0.68,3.9,-18.4,-17.32
DBREALTY,113.55,2026-06-18,-1.23,3.25,-0.69,11.53,-1.69,-48.72
ONMOBILE,52.92,2026-06-18,5.82,5.9,-0.71,5.57,-10.56,-1.47
SIGIND,49.06,2026-06-18,-1.07,1.66,-0.73,8.66,-8.84,-23.25
BAYERCROP,4268.7,2026-06-18,-0.53,-0.38,-0.73,-4.84,-0.49,-22.59
NDL,2.62,2026-06-18,0.38,4.38,-0.76,12.45,-11.19,-31.05
HEXATRADEX,163.89,2026-06-18,-1.01,0.6,-0.77,1.17,2.46,-9.08
PENINLAND,16.36,2026-06-18,6.3,6.23,-0.79,5.96,-35.08,-43.06
RAMASTEEL,5.04,2026-06-18,-3.82,-2.89,-0.79,-11.42,-47.23,-59.32
KMSUGAR,27.2,2026-06-18,-0.4,0.55,-0.8,8.5,2.22,-4.76
APLAPOLLO,1860.9,2026-06-18,1.48,2.38,-0.8,-7.57,3.63,3.81
TARC,127.76,2026-06-18,-0.8,3.81,-0.8,2.16,-13.24,-31.81
VRLLOG,241.69,2026-06-18,1.57,2.98,-0.82,-2.49,-7.34,-12.27
COMMOIETF,102.41,2026-06-18,0.28,1.34,-0.84,5.77,10.19,17.47
TECILCHEM,11.66,2026-06-18,6.1,6.29,-0.85,-10.24,-40.21,-48.72
ELCIDIN,117690.0,2026-06-18,-0.22,1.05,-0.85,,,
MANGALAM,30.11,2026-06-18,1.79,5.83,-0.86,-1.67,23.91,-62.59
MOLDTKPAC,685.6,2026-06-18,-1.47,-0.22,-0.87,31.53,22.12,-1.59
SKFINDIA,1646.2,2026-06-18,-0.28,2.66,-0.91,2.98,-6.82,-64.3
ELGIRUBCO,48.64,2026-06-18,-4.93,8.38,-0.94,22.33,2.44,-11.37
TVVISION,5.26,2026-06-18,-1.68,5.62,-0.94,-1.5,-55.54,-32.82
TEXRAIL,109.32,2026-06-18,2.67,6.09,-0.95,17.28,-11.19,-33.17
UBL,1341.3,2026-06-18,-0.6,2.05,-0.97,-17.1,-15.55,-31.93
OSWALGREEN,24.14,2026-06-18,-0.82,5.83,-0.98,-4.77,-26.0,-45.64
RPGLIFE,2278.1,2026-06-18,-0.85,9.05,-0.99,18.31,-2.69,1.76
DIVISLAB,6767.0,2026-06-18,2.4,3.77,-0.99,10.21,6.07,3.8
PAYTM,1093.9,2026-06-18,-2.45,6.03,-1.01,1.63,-14.94,22.7
CHEMPLASTS,225.08,2026-06-18,11.86,14.78,-1.02,-18.45,-9.52,-48.0
IRCON,139.18,2026-06-18,1.05,4.22,-1.03,7.27,-6.49,-28.52
CPEDU,182.23,2026-06-18,1.33,3.33,-1.03,3.87,-30.96,
BMWVENTLTD,59.27,2026-06-18,-0.22,-1.41,-1.04,-0.7,4.06,
ADSL,121.29,2026-06-18,1.08,1.95,-1.04,15.08,-20.21,-31.56
MAGNUM,19.89,2026-06-18,0.91,1.17,-1.04,4.68,-13.11,-23.71
SILINV,436.45,2026-06-18,3.31,4.87,-1.12,5.36,-13.11,-26.07
APEX,424.75,2026-06-18,-0.48,9.2,-1.13,14.91,47.51,82.2
ULTRACEMCO,11430.0,2026-06-18,-0.31,5.88,-1.13,1.63,-0.27,0.85
VIDHIING,284.55,2026-06-18,-2.12,-2.27,-1.18,2.65,-13.84,-32.35
CONTI,12.55,2026-06-17,0.0,0.0,-1.18,-17.16,-46.48,-47.71
RUSTOMJEE,395.65,2026-06-18,-1.26,3.8,-1.19,2.33,-24.92,-27.95
MKPL,4.96,2026-06-18,-0.2,1.02,-1.2,0.2,-17.61,-41.51
METAL,13.12,2026-06-18,-0.83,0.85,-1.2,12.43,24.36,43.23
TNPL,145.15,2026-06-18,0.27,0.58,-1.23,7.55,3.46,-6.2
STARPAPER,137.88,2026-06-18,0.6,2.1,-1.24,3.04,-14.08,-18.21
LAGNAM,80.37,2026-06-18,-0.96,0.12,-1.24,25.07,15.03,-23.89
GROWWPSE,102.46,2026-06-18,2.21,1.4,-1.27,1.2,,
DRAGARWQ,5044.3,2026-06-18,0.87,1.09,-1.28,,,
ADROITINFO,9.18,2026-06-18,-0.76,-0.11,-1.29,-0.11,-8.2,-16.92
FCSSOFT,1.53,2026-06-18,-5.56,-13.56,-1.29,5.52,-18.18,-40.93
SHARIABEES,457.73,2026-06-18,0.66,-0.04,-1.31,0.86,-10.64,-9.89
AXISHCETF,158.48,2026-06-18,0.37,1.11,-1.31,7.85,7.0,11.37
RAMANEWS,29.88,2026-06-18,0.23,0.47,-1.32,-12.78,-1.06,-13.06
CENTURYPLY,759.45,2026-06-18,1.08,1.21,-1.33,11.26,-7.16,1.37
MASTER,345.0,2026-06-17,-1.0,-1.58,-1.34,9.21,0.04,-0.32
63MOONS,668.3,2026-06-18,1.21,5.44,-1.34,19.64,-8.53,-28.12
MODINATUR,411.85,2026-06-18,-2.53,-6.49,-1.35,46.15,12.48,
TRANSRAILL,496.45,2026-06-18,-0.52,3.28,-1.35,-3.57,-13.35,-20.94
ACCENTMIC,435.3,2026-06-17,-3.27,-8.49,-1.35,27.99,26.36,90.2
DHANUKA,1071.1,2026-06-18,-0.36,-0.56,-1.36,6.63,-9.29,-36.02
METALIETF,13.07,2026-06-18,-1.13,0.62,-1.36,12.09,24.0,42.69
GROWWMETAL,12.33,2026-06-18,-0.96,0.33,-1.36,12.3,,
HEALTHADD,156.8,2026-06-18,0.54,0.79,-1.36,7.4,7.16,11.1
UFO,73.98,2026-06-18,0.11,2.47,-1.37,13.73,-10.85,3.88
ARMANFIN,1696.1,2026-06-18,2.26,9.09,-1.38,14.11,12.04,0.01
JUNIPER,196.26,2026-06-18,-2.06,-2.67,-1.38,-4.14,-22.73,-37.66
MONTECARLO,558.2,2026-06-18,1.21,4.15,-1.39,6.8,-20.5,-2.93
ABSLPSE,10.59,2026-06-18,2.42,2.02,-1.4,1.53,8.84,5.37
MOPSE,103.38,2026-06-18,2.34,1.34,-1.41,1.46,8.27,4.71
SOLARINDS,17764.0,2026-06-18,2.82,-1.93,-1.42,29.67,50.9,3.96
NILE,1766.6,2026-06-18,2.31,5.05,-1.42,,,
TVSHLTD,13287.0,2026-06-18,-1.75,-0.52,-1.43,-3.42,-5.54,26.83
ROLEXRINGS,141.01,2026-06-18,0.24,2.15,-1.44,16.21,12.34,-5.87
STYRENIX,2251.8,2026-06-18,3.43,5.13,-1.44,13.32,14.02,-30.53
SUNDARAM,1.36,2026-06-18,0.74,-0.73,-1.45,4.62,-20.93,-34.62
SRHHYPOLTD,490.45,2026-06-18,-1.44,-2.26,-1.46,9.46,-4.33,-22.5
MOKSH,12.04,2026-06-18,0.17,3.88,-1.47,11.17,-24.37,-18.81
IRCTC,524.0,2026-06-18,1.17,1.53,-1.48,-3.01,-20.62,-30.05
HEALTHY,15.98,2026-06-18,0.25,0.57,-1.48,7.25,6.96,11.28
JMFINANCIL,125.31,2026-06-18,1.4,8.01,-1.51,-0.12,-11.07,-9.83
NAVNETEDUL,137.51,2026-06-18,-5.75,-1.59,-1.52,5.34,-2.79,1.06
SAURASHCEM,58.95,2026-06-18,-0.25,0.49,-1.55,-2.43,-27.2,-31.06
MARICO,820.75,2026-06-18,1.37,1.45,-1.56,8.56,10.55,20.19
HINDUNILVR,2218.5,2026-06-18,2.89,5.14,-1.58,3.9,-2.07,-1.65
INSPIRISYS,112.29,2026-06-18,-0.29,-5.19,-1.58,38.14,26.01,10.53
MCLEODRUSS,64.73,2026-06-18,-1.02,-6.86,-1.58,79.56,45.92,91.17
MODIRUBBER,127.92,2026-06-18,1.46,1.86,-1.6,12.92,27.37,7.86
MAHLOG,354.55,2026-06-18,1.82,4.91,-1.61,-7.19,12.95,9.47
SALONA,273.4,2026-06-18,4.85,3.72,-1.62,-0.02,5.21,12.08
HEALTHIETF,159.4,2026-06-18,0.16,0.61,-1.64,7.22,7.02,11.05
VSTTILLERS,4549.3,2026-06-18,-1.92,-1.56,-1.65,-14.08,-19.37,21.44
ONEPOINT,59.12,2026-06-18,0.08,8.18,-1.66,36.92,13.15,12.16
A2ZINFRA,14.26,2026-06-18,-0.35,0.35,-1.66,-11.32,2.08,-29.3
CHALET,776.65,2026-06-18,3.64,3.46,-1.67,3.44,-9.33,-13.99
DNAMEDIA,2.94,2026-06-18,0.68,4.26,-1.67,-13.27,-27.23,-41.55
IFBAGRO,918.1,2026-06-18,-0.93,2.39,-1.68,27.97,-24.84,21.7
SECMARK,126.45,2026-06-18,2.61,-0.43,-1.69,17.34,7.79,-16.81
GSFC,166.62,2026-06-18,1.04,3.93,-1.69,3.59,-1.7,-14.19
PATTECH,114.85,2026-06-17,0.0,-1.71,-1.71,8.91,-1.84,53.95
MAHASTEEL,791.6,2026-06-18,-5.39,-13.32,-1.71,-12.11,-3.22,145.84
IPL,161.34,2026-06-18,-0.76,4.88,-1.74,17.52,-4.07,-20.05
FAIRCHEMOR,603.25,2026-06-18,-0.68,1.38,-1.75,14.03,-10.74,-36.39
UNIINFO,11.74,2026-06-18,5.29,0.69,-1.76,-4.48,-25.18,-36.06
MOIL,295.6,2026-06-18,-0.05,1.63,-1.76,0.66,-6.6,-17.61
ALKEM,5372.0,2026-06-18,0.71,0.29,-1.76,0.38,-1.91,12.89
GAYAHWS,2.22,2026-06-18,-0.45,-0.45,-1.77,0.45,-30.19,54.17
ECLERX,1448.1,2026-06-18,2.99,4.57,-1.78,-2.55,-35.18,-19.9
KANPRPLA,192.13,2026-06-18,4.24,-4.02,-1.79,4.91,-2.02,-8.3
NMDC,88.53,2026-06-18,0.07,-1.18,-1.79,11.37,19.23,35.03
INA,117.78,2026-06-18,-0.78,1.63,-1.79,17.25,,
3IINFOLTD,17.37,2026-06-18,-2.2,5.34,-1.81,28.38,10.57,-30.85
SAROJA,32.4,2026-06-17,0.31,-4.57,-1.82,4.01,-17.77,-14.74
ORTEL,1.62,2026-06-18,3.85,-7.43,-1.82,-7.95,-4.71,-25.0
KOTHARIPRO,71.52,2026-06-18,1.91,0.59,-1.83,9.9,-1.16,-16.9
OSWALAGRO,44.16,2026-06-18,0.43,5.14,-1.84,-0.05,-24.12,-51.23
COUNCODOS,4.81,2026-06-18,-1.23,0.21,-1.84,12.65,-16.49,-29.78
TIIL,2512.2,2026-06-18,-0.76,0.63,-1.85,13.89,12.27,-11.81
EIHOTEL,316.5,2026-06-18,2.25,10.84,-1.86,-2.07,-12.16,-10.03
TARACHAND,56.31,2026-06-18,-0.69,1.22,-1.88,-1.9,-23.93,-11.6
DBCORP,205.37,2026-06-18,-0.82,1.76,-1.89,-3.18,-20.52,-21.49
SRGHFL,277.7,2026-06-18,0.6,-0.8,-1.89,3.2,3.39,-10.04
GODFRYPHLP,2271.2,2026-06-18,1.43,4.0,-1.89,11.3,-17.76,-15.52
GATECH,0.51,2026-06-18,0.0,-3.77,-1.92,8.51,-1.92,-42.7
PALASHSECU,95.01,2026-06-18,-3.49,-4.13,-1.95,10.82,-12.02,-26.09
GAEL,158.78,2026-06-18,1.1,0.15,-1.98,16.28,36.32,39.8
CENTRALBK,33.1,2026-06-18,3.86,8.77,-1.98,-4.37,-6.1,-9.74
TPHQ,0.49,2026-06-18,2.08,-2.0,-2.0,-2.0,-9.26,-36.36
PREMIER,2.91,2026-06-18,-1.02,0.34,-2.02,-3.0,1.75,-23.22
SEPC,7.19,2026-06-18,-2.04,8.61,-2.04,38.27,-27.45,-46.1
SHANKARA,119.43,2026-06-18,6.11,5.92,-2.07,8.67,12.65,-88.48
MODIS,345.05,2026-06-18,0.25,0.36,-2.07,11.16,2.15,
HAPPSTMNDS,350.85,2026-06-18,-0.23,-0.67,-2.07,-8.62,-26.28,-45.25
GODIGIT,301.25,2026-06-18,0.8,-0.86,-2.08,-8.21,-12.06,-12.66
PHARMABEES,24.9,2026-06-18,0.2,0.4,-2.12,7.28,7.84,12.87
BLIL,72.09,2026-06-18,0.33,1.08,-2.12,,,
SCILAL,45.96,2026-06-18,-0.13,2.8,-2.13,8.94,-1.14,-13.92
AMRUTANJAN,545.9,2026-06-18,-1.58,-1.98,-2.14,5.33,-21.55,-23.52
DBL,429.55,2026-06-18,-0.5,2.13,-2.15,-1.79,-5.47,-15.21
UNIDT,220.22,2026-06-18,-5.11,-8.52,-2.16,35.21,9.19,0.89
MUNJALSHOW,129.64,2026-06-18,0.28,1.4,-2.17,4.44,5.98,-0.64
GMDCLTD,619.05,2026-06-18,1.95,1.54,-2.17,10.69,20.19,59.65
OMINFRAL,85.39,2026-06-18,-0.35,2.98,-2.18,-3.73,-12.27,-32.52
COALINDIA,452.0,2026-06-18,1.79,-2.77,-2.19,-0.7,18.86,23.93
TCS,2203.3,2026-06-18,1.91,2.41,-2.19,-8.51,-30.69,-33.65
NESTLEIND,1400.4,2026-06-18,1.87,0.11,-2.19,16.24,14.14,20.8
NILASPACES,12.9,2026-06-18,-1.6,7.05,-2.2,-0.54,-17.25,9.04
VGUARD,310.45,2026-06-18,2.31,3.23,-2.21,-6.48,-5.41,-17.11
GENUSPAPER,12.34,2026-06-18,0.65,2.07,-2.22,7.49,-5.44,-35.36
GANGESSECU,121.46,2026-06-18,-1.58,0.43,-2.22,6.75,-13.75,-28.52
HDFCLIFE,591.3,2026-06-18,1.74,4.74,-2.26,-8.09,-21.89,-22.61
DOLLEX,30.25,2026-06-17,-1.94,-4.27,-2.26,-4.12,-21.94,-16.67
WELINV,1775.0,2026-06-18,-0.28,-1.39,-2.27,34.72,28.19,64.5
VIKASECO,1.29,2026-06-18,0.0,1.57,-2.27,-2.27,-19.38,-47.98
QUADPRO,2.15,2026-06-17,0.0,-2.27,-2.27,2.38,-12.24,-44.16
VESUVIUS,457.3,2026-06-18,0.58,-2.28,-2.27,-6.31,-0.86,-16.38
NHPC,75.94,2026-06-18,1.67,3.31,-2.28,-1.84,3.03,-5.76
RSL,129.98,2026-06-18,-0.61,1.68,-2.28,,,
NELCAST,137.37,2026-06-18,-0.77,-3.13,-2.29,8.76,34.76,-0.34
CCHHL,12.78,2026-06-18,-3.18,-0.08,-2.29,4.84,-15.59,-24.82
ACI,524.45,2026-06-18,-2.68,1.92,-2.29,-8.41,5.02,-14.98
CBAZAAR,4.25,2026-06-17,2.41,6.25,-2.3,-10.53,-2.3,-28.57
STANLEY,152.18,2026-06-18,7.16,8.21,-2.34,1.81,-29.45,-55.5
EKC,112.24,2026-06-18,-0.11,3.58,-2.39,6.36,-3.46,-13.37
CMSINFO,294.2,2026-06-18,-1.29,-1.37,-2.39,1.17,-15.15,-37.9
AIRAN,16.27,2026-06-18,-2.05,-0.67,-2.4,4.76,-6.39,-45.02
YASHOPTICS,126.0,2026-06-17,2.65,1.08,-2.4,9.57,-4.55,56.42
YUDIZ,24.4,2026-06-17,4.95,-1.21,-2.4,-9.8,-12.86,-24.22
TATASTEEL,200.52,2026-06-18,1.64,0.95,-2.41,4.73,21.73,34.54
ACL,53.36,2026-06-18,-1.2,0.49,-2.41,-1.02,-23.74,-22.17
AXITA,7.68,2026-06-18,-0.52,-1.16,-2.41,-13.22,-34.21,-6.13
SYSTMTXC,67.0,2026-06-18,-0.73,2.26,-2.42,5.0,-56.82,
PINELABS,149.83,2026-06-18,-2.45,4.96,-2.42,-12.63,-33.08,
EFORCE,22.2,2026-06-17,-7.5,-8.26,-2.42,10.72,-35.47,-56.43
VIAZ,62.5,2026-06-17,0.64,2.04,-2.42,-2.04,-9.22,9.94
MAHAPEXLTD,47.51,2026-06-18,-2.92,0.27,-2.42,-34.3,-55.98,-58.1
DELTACORP,65.95,2026-06-18,1.0,0.79,-2.43,19.3,-4.31,-24.23
XCHANGING,64.21,2026-06-18,-0.99,-0.42,-2.43,10.5,-20.41,-31.91
DELTAMAGNT,59.88,2026-06-18,0.81,-0.02,-2.46,8.66,-12.1,-37.88
MEDIASSIST,363.8,2026-06-18,-3.4,4.09,-2.47,7.09,-16.73,-25.79
LIBAS,11.81,2026-06-18,-3.04,-2.07,-2.48,14.33,11.52,-14.42
BALAJITELE,88.22,2026-06-18,3.95,2.9,-2.5,-1.74,-13.88,0.83
ANKITMETAL,1.55,2026-06-18,-2.52,0.65,-2.52,-1.27,-10.92,-21.32
BRITANNIA,5245.0,2026-06-18,0.88,3.28,-2.52,-10.88,-13.17,-4.64
SAGCEM,171.13,2026-06-18,-0.93,-4.8,-2.53,-2.48,-18.4,-21.27
ALPA,67.86,2026-06-18,-3.42,-0.56,-2.53,13.16,-11.24,-31.16
MEDICO,43.07,2026-06-18,1.41,-1.37,-2.53,10.92,-13.29,-16.19
CUBEXTUB,86.19,2026-06-18,-0.4,0.1,-2.54,-6.27,-5.08,-20.34
DIGITIDE,91.57,2026-06-18,8.12,8.38,-2.55,18.64,-31.95,-59.57
MAFANG,192.82,2026-06-18,0.41,-4.64,-2.56,20.35,13.46,42.67
POONAWALLA,404.5,2026-06-18,1.25,6.15,-2.57,-1.83,-8.9,-3.46
BSE,4014.5,2026-06-18,-2.7,2.49,-2.58,34.01,49.63,52.46
ORIENTTECH,258.2,2026-06-18,-0.6,1.31,-2.58,-4.21,-12.57,-14.85
PAVNAIND,18.1,2026-06-18,6.97,10.43,-2.58,-0.17,-29.16,-57.59
RITCO,258.65,2026-06-18,0.37,3.42,-2.6,29.17,-7.06,-5.74
KEYFINSERV,254.95,2026-06-18,0.0,0.77,-2.6,-4.12,-19.74,-4.37
BHARATWIRE,214.22,2026-06-18,1.37,5.39,-2.61,26.83,22.94,-4.88
RHIM,370.85,2026-06-18,-1.24,-1.7,-2.61,-2.72,-15.14,-26.14
RBMINFRA,306.9,2026-06-17,-1.38,-4.93,-2.63,0.43,-25.94,-37.49
ICRA,5224.0,2026-06-18,1.36,2.04,-2.63,-0.34,-15.21,-21.56
ARABIAN,66.7,2026-06-17,1.06,-0.45,-2.63,-6.58,-6.06,-11.07
SANDUMA,214.58,2026-06-18,0.06,0.78,-2.64,14.0,1.65,41.06
DCMSRIND,38.5,2026-06-18,-1.61,-3.63,-2.65,10.54,-76.72,-76.14
POWERGRID,288.7,2026-06-18,1.05,-0.55,-2.65,-3.57,13.18,3.77
IWP,33.7,2026-06-18,0.3,-2.38,-2.66,,,
MOHITIND,22.65,2026-06-18,-0.22,3.05,-2.66,-5.86,-21.03,-24.75
TBI,65.95,2026-06-17,-0.68,-7.11,-2.66,11.03,-21.72,-49.92
SPMLINFRA,187.0,2026-06-18,0.02,-1.13,-2.66,9.04,8.72,-15.1
SUPREMEINF,77.72,2026-06-18,-4.08,0.43,-2.72,10.07,-14.6,-18.63
VLEGOV,13.21,2026-06-18,-5.1,-3.86,-2.72,12.91,-34.96,-75.19
RAMKY,430.45,2026-06-18,-2.0,0.5,-2.75,-11.07,-20.77,-17.4
GLAXO,2266.2,2026-06-18,6.77,3.77,-2.76,-4.66,-9.02,-29.29
HCG,614.75,2026-06-18,-2.01,-2.09,-2.77,7.85,-12.02,14.01
FMCGIETF,53.05,2026-06-18,0.76,3.07,-2.77,3.13,-9.07,-8.55
ASTAR,613.65,2026-06-17,1.71,0.14,-2.78,,,
BODALCHEM,67.29,2026-06-18,1.48,-2.94,-2.79,42.59,32.67,-2.91
BLAL,185.85,2026-06-18,0.9,2.72,-2.8,8.49,-8.06,-13.07
SPRL,91.35,2026-06-17,10.06,10.39,-2.82,-25.12,-42.0,-31.65
MIDWESTLTD,1299.4,2026-06-18,1.55,4.86,-2.83,-0.92,-15.72,
KAUSHALYA,859.0,2026-06-18,0.22,1.77,-2.83,8.96,-3.84,-6.58
EMAMIREAL,90.65,2026-06-18,3.4,8.02,-2.84,51.34,11.12,-21.17
SBILIFE,1807.6,2026-06-18,2.73,2.45,-2.84,-7.89,-10.14,0.72
MANYAVAR,419.1,2026-06-18,1.81,5.47,-2.85,15.18,-28.12,-47.75
TVTODAY,107.05,2026-06-18,0.39,-2.77,-2.85,0.27,-19.57,-35.3
EPACK,233.67,2026-06-18,1.69,4.46,-2.86,-4.9,-22.15,-31.18
ASHOKAMET,15.21,2026-06-18,0.07,-0.72,-2.87,6.89,0.6,-11.67
GLOBALVECT,163.36,2026-06-18,4.18,2.04,-2.87,1.53,-15.16,-24.56
COCHINSHIP,1469.6,2026-06-18,4.09,4.44,-2.9,4.09,-2.2,-31.03
LTTS,3407.8,2026-06-18,0.37,7.66,-2.91,2.35,-24.28,-21.57
BIOCON,413.85,2026-06-18,-0.53,1.12,-2.91,8.17,5.51,21.17
EASEMYTRIP,7.99,2026-06-18,-4.54,19.25,-2.92,13.01,5.13,-25.26
SANDESH,968.6,2026-06-18,1.42,3.08,-2.96,3.26,-9.69,-16.81
LORDSCHLO,132.38,2026-06-18,-3.81,3.28,-3.03,8.25,-23.07,-17.54
INDPRUD,6445.0,2026-06-18,2.77,4.09,-3.07,,,
CARRARO,537.4,2026-06-18,1.55,4.02,-3.07,25.14,3.89,24.38
VMM,117.87,2026-06-18,-2.34,0.44,-3.09,9.24,-11.47,-4.08
INSECTICID,699.8,2026-06-18,-1.41,-0.68,-3.1,20.53,0.74,-22.4
HPIL,127.0,2026-06-18,1.1,-1.5,-3.1,11.98,-3.63,-5.03
SHANTI,6.55,2026-06-18,4.3,0.92,-3.11,4.47,-28.96,-64.94
GRAVISSHO,29.31,2026-06-18,0.72,2.84,-3.11,,,
PRSMJOHNSN,122.43,2026-06-18,2.26,3.66,-3.12,-3.15,-2.07,-19.06
INDIASHLTR,768.2,2026-06-18,-1.49,3.71,-3.13,2.08,-7.65,-11.61
HEIDELBERG,150.01,2026-06-18,-1.49,-0.01,-3.13,-1.96,-12.06,-21.31
SIRCA,411.15,2026-06-18,-2.06,-1.2,-3.13,-5.26,-13.51,7.74
SUNREST,33.9,2026-06-17,0.0,-0.29,-3.14,-20.86,-21.16,-35.86
NRAIL,442.7,2026-06-18,-0.67,-2.4,-3.14,2.46,-6.66,28.17
TRACXN,31.07,2026-06-18,-2.54,-1.18,-3.15,-4.46,-20.58,-45.72
SESHAPAPER,220.71,2026-06-18,-2.57,-2.68,-3.18,-15.63,-4.74,-20.23
3PLAND,32.45,2026-06-18,2.46,-0.95,-3.19,1.25,-13.63,-39.77
SARDAEN,519.55,2026-06-18,-0.69,-3.4,-3.21,-1.4,1.57,15.77
PRITI,43.33,2026-06-18,8.9,7.12,-3.24,18.74,-23.88,-53.5
CESC,170.69,2026-06-18,0.99,-2.18,-3.24,9.17,2.97,7.76
TGBHOTELS,8.93,2026-06-18,-1.43,-0.78,-3.25,1.59,-10.25,-31.1
UMAEXPORTS,23.66,2026-06-18,-1.0,4.09,-3.27,6.53,-37.9,-60.8
BHARTIARTL,1874.8,2026-06-18,1.82,3.39,-3.27,1.05,-10.38,1.32
SYSTANGO,218.3,2026-06-17,0.55,-3.94,-3.28,-7.23,-35.76,-8.75
WORTHPERI,131.43,2026-06-18,1.12,2.04,-3.28,1.32,-7.42,-8.15
KOTIC,165.33,2026-06-18,-2.37,4.41,-3.29,,,
LATTEYS,22.6,2026-06-18,2.26,-1.61,-3.29,13.97,0.94,-0.53
TRU,5.87,2026-06-18,2.26,6.92,-3.29,-3.29,-27.53,-60.76
KPIGREEN,407.4,2026-06-18,0.52,4.53,-3.29,5.75,-3.53,-15.08
MUTHOOTFIN,3182.4,2026-06-18,0.71,7.34,-3.3,-6.52,-14.42,21.82
RAJMET,3.81,2026-06-18,0.26,-0.26,-3.3,8.86,-4.75,-26.31
AXISCADES,1942.6,2026-06-18,1.93,5.33,-3.31,33.63,55.22,44.75
JHS,8.17,2026-06-18,-1.33,3.16,-3.31,1.11,-18.14,-39.97
BIL,700.85,2026-06-18,-1.01,0.4,-3.32,-1.49,-3.23,1.0
COHANCE,413.8,2026-06-18,-3.09,-2.47,-3.33,35.12,-21.87,-59.01
PARASPETRO,2.03,2026-06-18,5.18,6.84,-3.33,-6.02,6.28,-22.81
KINGFA,5126.5,2026-06-18,2.27,-2.7,-3.34,21.22,36.39,64.84
BAWEJA,29.9,2026-06-17,0.0,-0.5,-3.39,8.73,-23.43,-45.14
RSYSTEMS,267.6,2026-06-18,4.27,9.87,-3.39,1.88,-34.81,-37.87
CHOLAHLDNG,1589.3,2026-06-18,1.38,12.53,-3.4,6.27,-12.13,-21.26
RRIL,19.56,2026-06-18,-3.65,-4.07,-3.41,,,
JAIPURKURT,28.55,2026-06-18,0.21,-0.97,-3.42,-4.8,0.74,-33.65
TREJHARA,145.42,2026-06-18,3.97,5.82,-3.48,-13.48,-39.29,-38.32
MENNPIS,55.83,2026-06-18,-1.48,4.57,-3.48,,,
AWL,192.43,2026-06-18,0.66,3.62,-3.48,8.55,-19.57,-27.14
SUNDROP,658.85,2026-06-18,0.09,-0.6,-3.49,5.77,-7.06,-23.74
TCC,347.0,2026-06-18,-0.03,-5.29,-3.5,-5.1,,
TECHNVISN,5114.0,2026-06-18,-5.09,-6.84,-3.51,,,
APOLLOPIPE,490.4,2026-06-18,-3.18,3.48,-3.53,21.51,72.31,9.67
STAR,1110.8,2026-06-18,2.35,10.45,-3.53,22.46,24.97,30.69
FUSION,176.81,2026-06-18,-0.42,7.29,-3.56,6.19,18.0,-10.39
RAMRAT,408.2,2026-06-18,7.36,9.25,-3.56,30.31,33.64,17.12
SHAHALLOYS,66.28,2026-06-18,-0.93,-4.32,-3.56,9.83,-1.44,11.7
PIONEEREMB,24.29,2026-06-18,-2.1,1.25,-3.57,-4.07,-12.15,-43.67
ITC,291.15,2026-06-18,1.13,4.19,-3.57,-1.63,-23.74,-26.58
GROWWRAIL,30.28,2026-06-18,2.12,3.91,-3.57,0.1,-6.86,-20.61
NIDAN,13.5,2026-06-17,-2.88,-3.57,-3.57,-3.91,-32.5,-35.71
DUCOL,110.0,2026-06-17,0.87,-3.85,-3.59,-5.98,-30.42,-3.51
JUBLPHARMA,973.45,2026-06-18,-1.81,1.68,-3.59,13.64,-7.69,-12.97
MANKIND,2406.0,2026-06-18,1.08,2.06,-3.59,14.4,12.32,2.06
VIPCLOTHNG,25.64,2026-06-18,1.95,-1.35,-3.61,42.21,-21.73,-36.3
LGHL,229.73,2026-06-18,-0.02,-0.85,-3.62,-14.61,-17.66,-21.57
DIGJAMLMTD,44.73,2026-06-18,0.31,2.43,-3.62,12.67,-8.88,25.43
OILCOUNTUB,56.54,2026-06-18,-0.77,-3.15,-3.63,37.57,-7.46,-28.67
GODAVARIB,293.95,2026-06-18,3.36,6.35,-3.64,-9.48,8.33,10.11
DECCANCE,577.65,2026-06-18,-0.32,-1.38,-3.65,-12.59,-24.25,-21.26
ANDHRSUGAR,84.52,2026-06-18,0.36,8.54,-3.67,20.31,12.74,12.23
DCI,271.2,2026-06-18,0.41,2.19,-3.68,-2.24,11.58,-2.59
TREEHOUSE,7.07,2026-06-18,0.28,3.06,-3.68,-15.83,-17.98,-14.41
OMPOWER,178.38,2026-06-18,-0.32,-2.59,-3.69,,,
HMAAGRO,22.46,2026-06-18,-2.26,-3.61,-3.69,-5.35,-22.36,-31.72
ZFSTEERING,689.75,2026-06-18,-1.98,6.58,-3.7,,,
TOTAL,51.1,2026-06-18,-0.43,5.17,-3.71,-4.58,-31.98,-40.21
AHLADA,39.91,2026-06-18,-2.35,-2.59,-3.72,-1.11,-17.98,-43.24
INCREDIBLE,34.67,2026-06-18,-0.74,0.35,-3.72,6.51,-12.45,-16.56
MONEYBOXX,70.4,2026-06-18,1.35,-2.94,-3.72,11.64,11.83,
BERGEPAINT,505.05,2026-06-18,-2.76,2.67,-3.73,21.71,-5.84,-8.82
BALAXI,23.67,2026-06-18,-0.5,-3.39,-3.74,31.94,-15.8,-52.62
INNOVISION,298.25,2026-06-18,1.97,1.46,-3.74,,,
SAGILITY,39.83,2026-06-18,-0.42,2.13,-3.75,0.94,-21.81,-4.66
MANORG,544.1,2026-06-18,10.14,15.24,-3.75,34.3,15.54,-9.66
SWASTIK,21.8,2026-06-17,0.0,-1.8,-3.75,34.98,-7.04,-38.16
ARENTERP,37.85,2026-06-18,0.93,2.3,-3.76,-5.66,-17.7,-16.54
MSUMI,37.75,2026-06-18,-0.32,0.75,-3.77,-2.68,-15.92,-5.75
AUROPHARMA,1443.7,2026-06-18,2.51,-0.56,-3.79,13.77,19.38,31.11
KANSAINER,209.46,2026-06-18,-3.23,-0.57,-3.79,19.68,-5.18,-12.74
PROZONER,48.49,2026-06-18,1.49,-5.16,-3.81,7.47,-6.17,33.84
HOLMARC,101.0,2026-06-17,-2.42,-5.61,-3.81,21.54,-5.43,-17.6
NOVAAGRI,26.44,2026-06-18,-3.08,0.27,-3.82,-1.75,-30.49,-46.36
CYBERMEDIA,16.89,2026-06-18,-0.65,2.99,-3.82,23.56,5.69,-13.34
ABSMARINE,229.35,2026-06-17,-1.61,-6.06,-3.84,40.92,15.77,33.54
INDUSTOWER,414.3,2026-06-18,0.25,-2.78,-3.85,-6.04,1.36,5.72
JKPAPER,357.05,2026-06-18,0.14,2.15,-3.85,7.0,2.47,0.2
ZAGGLE,210.39,2026-06-18,-0.7,7.16,-3.86,-4.41,-39.5,-50.17
HGINFRA,579.05,2026-06-18,0.67,2.62,-3.87,14.73,-21.04,-43.49
GODREJIND,1111.2,2026-06-18,3.6,7.53,-3.9,33.57,10.0,-17.58
MANDEEP,19.7,2026-06-17,0.0,4.51,-3.9,6.49,-11.86,-31.95
BAJAJST,384.1,2026-06-18,2.96,1.24,-3.94,,,
PNBHOUSING,1003.9,2026-06-18,-1.32,3.48,-3.95,24.3,12.02,-4.58
LYPSAGEMS,4.84,2026-06-18,-2.22,-2.22,-3.97,1.89,-3.2,-41.48
WHEELS,1527.2,2026-06-18,-5.03,3.17,-3.99,56.92,84.4,106.14
XTGLOBAL,28.77,2026-06-18,-2.57,-0.07,-4.0,-7.16,-20.44,-14.11
SKIL,0.96,2026-06-17,0.0,1.05,-4.0,-1.03,-17.24,-66.32
ENIL,107.71,2026-06-18,-2.08,-6.89,-4.01,1.7,-8.96,-24.58
VMSTMT,45.19,2026-06-18,-1.42,0.33,-4.01,6.25,-15.02,
HUBTOWN,197.98,2026-06-18,3.29,0.45,-4.04,0.44,-15.65,-9.19
EDUCOMP,0.95,2026-06-17,0.0,-3.06,-4.04,-5.0,-23.39,-52.26
CIPLA,1355.5,2026-06-18,-1.87,-2.33,-4.07,7.86,-8.72,-7.69
WILLAMAGOR,26.85,2026-06-18,-0.89,2.87,-4.07,2.83,-13.11,-21.24
ANNAPURNA,133.3,2026-06-17,-0.6,-2.56,-4.07,-18.67,-39.41,-52.7
PVSL,95.94,2026-06-18,0.49,0.78,-4.08,8.22,-20.66,-20.59
ABLBL,99.31,2026-06-18,-0.81,1.86,-4.11,0.52,-18.95,
HERANBA,188.59,2026-06-18,-0.52,9.26,-4.11,5.63,-21.78,-33.71
JIWANRAM,5.8,2026-06-17,3.57,11.54,-4.13,16.0,-3.33,-49.12
NBIFIN,1859.3,2026-06-18,0.38,-2.08,-4.15,5.42,-17.22,-36.19
UEL,141.2,2026-06-18,-2.57,5.61,-4.15,-8.44,-5.73,22.98
IBLFL,57.5,2026-06-17,0.0,-0.09,-4.17,21.69,-13.53,-6.81
MILTON,39.0,2026-06-17,0.0,-3.7,-4.18,-18.75,27.87,29.14
HINDCON,21.57,2026-06-18,0.75,-1.51,-4.18,14.13,-23.16,-39.6
SONAMAC,34.05,2026-06-17,-0.87,-3.95,-4.22,3.97,-27.24,-59.46
ROML,45.18,2026-06-18,-1.09,-1.78,-4.22,2.26,-5.2,-21.06
BESTAGRO,15.83,2026-06-18,-1.74,-0.75,-4.23,7.47,-39.44,-25.2
CENTRUM,21.95,2026-06-18,0.27,2.38,-4.23,-4.52,-22.22,-30.21
UPL,610.8,2026-06-18,-0.94,-2.26,-4.24,-3.28,-17.95,-3.43
HINDALCO,1008.5,2026-06-18,-0.53,-5.07,-4.24,8.09,17.72,57.42
SUNPHARMA,1824.8,2026-06-18,1.04,2.01,-4.25,2.61,5.2,11.81
SIGMA,38.82,2026-06-18,-3.89,-3.14,-4.29,-3.38,-23.31,1.04
ORIENTELEC,181.95,2026-06-18,0.31,5.2,-4.29,7.4,2.13,-16.93
VASA,4.45,2026-06-17,0.0,0.0,-4.3,-6.32,-11.0,20.27
BALUFORGE,446.25,2026-06-18,-0.53,-2.53,-4.3,-2.83,-27.59,-29.7
DICIND,499.85,2026-06-18,-3.63,-0.79,-4.33,-0.43,4.0,-21.68
MASPTOP50,79.11,2026-06-18,0.34,-3.84,-4.33,15.0,10.03,45.05
ADVANCE,96.76,2026-06-18,-0.9,-1.82,-4.35,-4.39,-17.52,
NIMBSPROJ,207.98,2026-06-18,0.37,1.84,-4.35,,,
SANWARIA,0.22,2026-06-18,0.0,0.0,-4.35,-12.0,-18.52,-45.0
SSDL,57.18,2026-06-18,0.58,2.33,-4.35,-0.56,-25.6,-41.08
PREMCO,373.1,2026-06-18,-2.51,2.28,-4.36,,,
CAPILLARY,496.4,2026-06-18,-1.53,-0.71,-4.37,-2.48,-26.78,
AJANTPHARM,3073.6,2026-06-18,0.63,3.53,-4.37,0.56,18.2,20.4
DTL,120.5,2026-06-17,-7.31,-14.17,-4.37,12.62,-21.24,-26.66
BRNL,18.85,2026-06-18,0.59,0.37,-4.41,-5.94,-15.77,-14.4
MHLXMIRU,168.75,2026-06-18,-0.35,-4.42,-4.43,0.8,-21.62,-21.73
TDPOWERSYS,1269.0,2026-06-18,6.05,3.52,-4.44,51.7,81.97,142.12
INDIAGLYCO,963.7,2026-06-18,-1.55,-1.45,-4.46,10.8,-6.46,3.5
LTFOODS,386.45,2026-06-18,1.35,3.65,-4.47,-2.09,-2.07,-11.15
SOMATEX,96.81,2026-06-18,-1.25,-1.12,-4.47,-0.04,-7.6,114.04
DKEGL,67.1,2026-06-17,1.13,4.6,-4.48,6.51,-7.13,0.35
TENNIND,569.65,2026-06-18,2.87,-1.09,-4.48,2.92,21.24,
BAIDFIN,10.02,2026-06-18,0.0,0.4,-4.48,-10.38,-15.37,-13.32
TATVA,1196.2,2026-06-18,1.38,4.91,-4.49,1.68,-13.99,27.89
GPIL,270.55,2026-06-18,-3.98,-2.92,-4.5,4.02,13.61,50.69
FORCEMOT,18662.0,2026-06-18,0.66,7.96,-4.51,-13.48,7.85,34.23
MACPOWER,1052.05,2026-06-18,4.09,8.43,-4.52,20.74,8.96,10.92
BSHSL,92.22,2026-06-18,-1.65,-1.91,-4.52,14.46,-7.12,-32.69
BVCL,40.83,2026-06-18,-2.55,-1.02,-4.54,7.36,-2.58,9.99
MVGJL,148.38,2026-06-18,-2.39,-0.89,-4.58,0.21,-15.38,-40.99
TAINWALCHM,198.24,2026-06-18,0.04,2.65,-4.61,6.91,3.5,-6.73
SCANSTL,37.54,2026-06-18,-0.03,5.42,-4.62,,,
HALEOSLABS,1448.5,2026-06-18,1.78,6.77,-4.63,15.68,17.53,28.59
SUPERSPIN,4.92,2026-06-18,-5.57,2.93,-4.65,8.85,-36.76,-50.5
COLPAL,2027.3,2026-06-18,-1.48,1.09,-4.65,5.64,-1.86,-13.55
BUTTERFLY,651.85,2026-06-18,3.48,-0.15,-4.66,9.91,0.05,-9.26
IONEXCHANG,369.55,2026-06-18,3.26,8.44,-4.67,8.9,-0.36,-29.59
JPPOWER,18.16,2026-06-18,-1.68,-1.89,-4.67,21.07,3.59,5.52
VINYLINDIA,254.55,2026-06-18,0.97,4.97,-4.72,34.38,8.85,-14.88
PRAVEG,234.95,2026-06-18,1.25,5.48,-4.74,,,
EPIGRAL,1141.9,2026-06-18,-0.41,2.14,-4.74,34.27,-20.35,-35.5
AATMAJ,20.0,2026-06-17,3.36,6.67,-4.76,2.56,-18.53,4.17
DRREDDY,1267.5,2026-06-18,-0.94,-0.63,-4.79,-2.11,-0.98,-2.88
ZENSARTECH,462.75,2026-06-18,2.63,-2.52,-4.83,-20.14,-36.65,-45.74
WIPRO,182.84,2026-06-18,0.8,0.59,-4.86,-5.9,-28.91,-26.89
BALAJEE,28.88,2026-06-18,-0.1,1.09,-4.87,12.07,-26.74,-36.61
GOLDENTOBC,25.17,2026-06-18,-3.56,-3.67,-4.88,-8.94,-20.25,-29.0
URJA,10.14,2026-06-18,-5.67,-2.12,-4.88,9.27,-7.65,-33.11
EMKAYTOOLS,96.05,2026-06-17,-3.03,0.89,-4.9,5.67,-19.96,-58.05
AHLEAST,150.23,2026-06-18,-1.43,-3.4,-4.92,-1.62,13.17,2.75
TORNTPOWER,1448.6,2026-06-18,4.24,-0.4,-4.92,-0.39,16.84,5.49
CARERATING,1642.9,2026-06-18,-0.51,2.85,-4.95,5.17,6.43,-13.06
IRMENERGY,266.35,2026-06-18,-5.18,3.1,-4.98,31.0,-4.12,-7.54
JETKNIT,84.75,2026-06-17,-4.99,-4.99,-4.99,-4.99,-4.99,-22.92
INDIACEM,383.7,2026-06-18,-2.7,3.2,-5.0,3.83,-10.96,18.57
GOPAL,281.85,2026-06-18,-1.16,-0.28,-5.01,0.78,-8.72,-23.26
RPSGVENT,872.55,2026-06-18,-1.76,-2.57,-5.04,41.24,16.89,-5.13
DIL,0.94,2026-06-17,0.0,-1.05,-5.05,-20.34,-46.29,-61.16
TIPSFILMS,348.05,2026-06-18,-2.64,-2.47,-5.06,9.21,-14.4,-39.89
SATIPOLY,37.5,2026-06-17,0.0,-1.19,-5.06,9.01,-40.48,-56.42
PVRINOX,956.7,2026-06-18,1.37,-1.0,-5.08,-6.13,-8.39,0.44
CPSEETF,99.36,2026-06-18,2.49,-0.78,-5.08,-2.66,12.56,7.2
JYOTHYLAB,203.96,2026-06-18,-0.74,2.79,-5.09,-4.78,-28.11,-38.5
AISL,55.0,2026-06-17,-3.76,-3.76,-5.09,-17.91,-31.46,-45.79
HEMIPROP,138.77,2026-06-18,-1.63,1.95,-5.11,0.51,7.58,1.48
GTPL,63.61,2026-06-18,-2.2,0.17,-5.12,7.94,-36.11,-42.38
INFINIUM,204.0,2026-06-17,4.06,0.05,-5.12,1.75,-8.38,-31.53
MAPMYINDIA,890.65,2026-06-18,3.12,5.92,-5.16,1.18,-46.39,-48.87
DEEPAKNTR,1658.2,2026-06-18,-0.51,-0.4,-5.16,17.33,4.78,-12.88
GRINFRA,891.55,2026-06-18,0.72,3.15,-5.18,-3.62,-12.33,-30.69
EXCELINDUS,932.95,2026-06-18,0.77,3.09,-5.2,5.73,1.26,-24.46
EMAMILTD,400.35,2026-06-18,0.89,3.99,-5.2,-3.96,-23.21,-28.4
MIRCELECTR,38.22,2026-06-18,1.54,0.79,-5.21,46.1,54.8,143.13
OMFREIGHT,81.71,2026-06-18,-2.76,0.28,-5.22,11.58,-9.84,
EMBDL,63.74,2026-06-18,3.71,11.51,-5.22,23.79,-3.83,-45.54
SILKFLEX,205.0,2026-06-17,-8.38,7.89,-5.25,67.55,122.83,95.24
ARTEMISMED,258.15,2026-06-18,-2.33,0.16,-5.25,12.02,-7.54,4.09
ISHANCH,58.32,2026-06-18,-3.59,-4.99,-5.26,9.83,-9.61,29.06
SHRENIK,0.36,2026-06-18,-2.7,-2.7,-5.26,-12.2,-29.41,-40.98
RUBFILA,71.66,2026-06-18,-0.68,-0.82,-5.26,14.0,-1.48,-5.18
CREATIVEYE,6.62,2026-06-18,0.46,-1.63,-5.29,-1.05,-4.89,-28.2
SUNDARMFIN,4409.6,2026-06-18,-1.28,8.37,-5.34,-11.81,-8.02,-7.29
NIITMTS,226.22,2026-06-18,5.82,0.55,-5.35,-23.26,-43.71,-34.86
LICMFGOLD,133.7,2026-06-18,-1.22,-1.44,-5.35,-3.85,-98.88,-98.52
ROCKINGDCE,190.7,2026-06-17,-1.19,1.71,-5.36,15.26,-15.23,9.1
ITALIANE,33.5,2026-06-17,-1.62,-6.94,-5.37,-13.99,10.2,-2.61
VIVIMEDLAB,5.98,2026-06-18,-5.97,-4.01,-5.38,-8.28,-77.52,20.81
SAHYADRI,290.45,2026-06-18,6.49,7.85,-5.39,20.89,12.64,-5.7
GOLD360,144.35,2026-06-18,-1.9,-1.2,-5.41,-4.12,11.12,46.7
ANURAS,1287.3,2026-06-18,1.4,-1.13,-5.42,3.78,-2.5,14.32
ASHIMASYN,15.69,2026-06-18,-3.98,-3.62,-5.42,8.28,-12.78,-42.97
DCMSHRIRAM,1039.9,2026-06-18,-0.78,4.28,-5.42,-4.95,-14.29,-10.12
ESCORTS,2809.7,2026-06-18,0.31,0.39,-5.43,-9.09,-22.39,-13.18
SAIL,182.16,2026-06-18,-0.19,-0.88,-5.48,17.96,43.13,45.2
ADL,69.34,2026-06-18,-2.34,0.35,-5.48,2.21,-12.7,-26.23
ESCONET,117.25,2026-06-17,3.35,-1.47,-5.48,5.96,-13.91,-43.95
CHEMBOND,176.49,2026-06-18,13.45,13.13,-5.49,36.84,11.54,-23.2
AWFIS,304.45,2026-06-18,0.4,2.44,-5.52,10.29,-40.08,-53.99
KRSNAA,533.65,2026-06-18,-0.95,-0.35,-5.52,-11.81,-25.44,-22.1
CROMPTON,277.1,2026-06-18,4.15,7.86,-5.52,10.77,8.39,-19.35
NKIND,63.49,2026-06-18,-2.26,-0.72,-5.52,0.78,-5.24,-8.25
DURLAX,48.7,2026-06-17,-2.5,-8.72,-5.53,0.62,20.4,8.71
DHANLAXMI,29.8,2026-06-17,2.76,3.83,-5.55,33.63,12.03,-44.66
LUXIND,1257.4,2026-06-18,-2.86,-4.16,-5.55,35.91,13.22,-13.17
GOLDBND,147.72,2026-06-18,-1.53,-1.43,-5.55,-4.02,,
WHIRLPOOL,807.5,2026-06-18,1.7,3.59,-5.55,-3.91,-12.76,-40.65
JSL,707.0,2026-06-18,0.83,6.2,-5.56,-3.78,-11.3,5.76
ATUL,6500.0,2026-06-18,-1.05,-1.4,-5.56,2.35,12.08,-7.46
ORCHASP,1.86,2026-06-18,-3.12,-5.1,-5.58,-16.96,-34.51,-33.81
SYNGENE,440.3,2026-06-18,-2.91,-2.05,-5.58,4.87,-32.99,-31.56
SUMIT,41.78,2026-06-18,5.67,3.9,-5.58,-10.09,-39.16,-56.79
RULKA,87.6,2026-06-17,-2.56,-5.81,-5.6,1.68,-17.24,-38.87
ABANSENT,27.15,2026-06-18,-2.51,0.89,-5.6,,,
DREAMFOLKS,71.82,2026-06-18,-1.54,-0.65,-5.6,-2.35,-34.12,-72.7
NGIL,37.07,2026-06-18,-1.17,-10.48,-5.6,51.37,24.86,24.15
RAJVIR,7.22,2026-06-17,0.0,0.0,-5.62,-5.62,-18.42,-31.24
CHEVIOT,1113.7,2026-06-18,1.47,3.85,-5.63,12.03,5.52,2.05
BBNPPGOLD,143.15,2026-06-18,-1.78,-1.17,-5.64,-4.38,11.18,46.9
CMICABLES,3.01,2026-06-17,0.0,-1.63,-5.64,-20.79,-42.0,-6.23
SALZERELEC,645.3,2026-06-18,0.87,2.94,-5.65,15.3,-5.55,-28.38
TWCGOLDETF,146.74,2026-06-18,-1.96,-1.94,-5.65,-4.1,,
ARIS,119.23,2026-06-18,-4.92,5.02,-5.65,12.79,-6.38,
MOGOLD,146.3,2026-06-18,-1.35,-1.18,-5.67,-4.22,11.13,
VENKEYS,1418.6,2026-06-18,1.22,4.09,-5.68,7.4,0.57,-11.57
AVADHSUGAR,453.55,2026-06-18,-1.32,-3.81,-5.69,8.65,15.5,-7.4
NIRMAN,46.4,2026-06-17,-3.03,12.76,-5.69,-0.43,-30.85,-78.25
INDOWIND,9.27,2026-06-18,-0.96,-0.64,-5.7,3.23,-32.19,-53.23
SYMPHONY,684.8,2026-06-18,1.89,2.13,-5.71,-16.1,-18.86,-36.76
GOLDBETA,124.35,2026-06-18,-1.43,-1.82,-5.72,-4.35,11.37,48.39
SOLARWORLD,188.89,2026-06-18,1.43,3.35,-5.72,14.55,-29.45,
TATAGOLD,14.34,2026-06-18,-1.51,-1.65,-5.72,-4.4,11.16,47.53
INOXWIND,89.33,2026-06-18,-0.6,5.7,-5.72,8.95,-28.08,-47.37
GROWWGOLD,14.41,2026-06-18,-1.71,-1.84,-5.76,-4.51,-88.93,-85.28
GOLDETF,143.6,2026-06-18,-1.36,-1.39,-5.76,-4.41,11.24,47.62
VINATIORGA,1308.3,2026-06-18,-3.38,1.57,-5.78,-8.54,-15.76,-31.78
QGOLDHALF,122.35,2026-06-18,-1.61,-1.76,-5.78,-4.38,11.13,48.03
BSLGOLDETF,129.95,2026-06-18,-1.43,-1.58,-5.78,-4.35,11.27,48.24
NIBL,30.94,2026-06-18,0.26,1.54,-5.79,4.14,7.77,12.14
STYLEBAAZA,348.6,2026-06-18,4.72,5.88,-5.8,37.43,28.59,33.61
ABMKNO,217.9,2026-06-18,0.91,1.35,-5.8,,,
LAXMIINDIA,112.77,2026-06-18,2.63,9.65,-5.8,34.91,-9.91,
MMWL,13.32,2026-06-18,1.37,1.14,-5.8,,,
SETFGOLD,125.96,2026-06-18,-1.68,-1.68,-5.81,-4.48,11.12,47.65
GOLDIETF,126.39,2026-06-18,-1.83,-1.54,-5.81,-4.42,10.91,47.82
QUICKTOUCH,24.3,2026-06-17,-4.14,1.89,-5.81,-16.78,-34.32,-64.05
IVZINGOLD,128.45,2026-06-18,-1.83,-1.5,-5.83,-99.05,-98.89,-98.52
GOLDBEES,122.12,2026-06-18,-1.6,-1.64,-5.84,-4.53,11.14,47.51
EGOLD,147.55,2026-06-18,-1.63,-1.89,-5.84,-4.47,11.11,47.26
UNIONGOLD,144.75,2026-06-18,-1.83,-1.76,-5.85,-4.2,11.69,47.63
AXISGOLD,122.86,2026-06-18,-1.99,-1.26,-5.85,-4.6,10.75,47.37
SHREEOSFM,61.2,2026-06-17,3.73,17.92,-5.85,-16.16,-23.4,-47.24
CHOICEGOLD,146.52,2026-06-18,-1.67,-1.98,-5.85,-4.22,11.1,
GOLDADD,143.41,2026-06-18,-1.73,-1.74,-5.88,-4.51,11.39,47.56
GOLDCASE,23.23,2026-06-18,-1.57,-1.86,-5.88,-4.48,11.31,47.77
SIGNATURE,791.4,2026-06-18,0.42,-1.83,-5.9,-1.29,-30.35,-37.81
HDFCGOLD,126.09,2026-06-18,-1.63,-1.81,-5.91,-4.46,11.06,47.56
PRAJIND,343.15,2026-06-18,1.84,-4.17,-5.91,11.99,1.15,-28.82
GOLD1,123.15,2026-06-18,-1.57,-1.54,-5.93,-4.56,10.78,47.57
ASTRON,3.95,2026-06-18,1.02,3.4,-5.95,0.51,-33.95,-77.03
AAREYDRUGS,81.89,2026-06-18,3.2,2.48,-5.99,13.8,23.44,50.15
VITAL,53.82,2026-06-18,3.04,-2.13,-5.99,34.55,-7.29,-20.79
SMSPHARMA,374.15,2026-06-18,-1.02,1.45,-5.99,-2.12,23.18,50.74
GATECHDVR,0.47,2026-06-18,0.0,0.0,-6.0,17.5,-2.08,-50.0
VISHWAS,51.65,2026-06-17,10.13,9.89,-6.01,43.47,26.44,-13.92
UGARSUGAR,39.59,2026-06-18,-3.51,-2.63,-6.01,6.74,-12.85,-14.82
COMMITTED,279.15,2026-06-17,8.58,4.98,-6.01,10.77,28.73,14.13
NECLIFE,11.63,2026-06-18,-2.19,-0.09,-6.06,3.75,-44.99,-47.16
DABUR,428.7,2026-06-18,-0.1,2.13,-6.06,-5.12,-12.96,-7.43
AONEGOLD,13.76,2026-06-18,-2.06,-2.06,-6.08,-4.44,10.88,
AARTIPHARM,658.5,2026-06-18,2.79,8.6,-6.1,0.37,-9.29,-24.88
SUPREME,45.89,2026-06-18,-0.26,2.02,-6.1,-14.18,-41.31,-49.4
SUVIDHAA,2.75,2026-06-18,3.77,3.38,-6.14,-7.41,-24.66,-26.27
BTTL,35.8,2026-06-18,0.85,3.2,-6.16,,,
CINEVISTA,15.2,2026-06-18,-1.04,-3.25,-6.17,-2.0,3.54,-30.88
EXCELSOFT,79.82,2026-06-18,0.47,-4.77,-6.19,2.9,-9.29,
GOKULAGRO,225.67,2026-06-18,1.14,-1.7,-6.2,21.02,20.22,48.83
ALLETEC,144.25,2026-06-17,-1.54,1.37,-6.21,6.97,-32.92,-62.48
RAMAPHO,122.11,2026-06-18,-3.11,1.83,-6.21,2.73,-21.18,1.59
IPCALAB,1543.6,2026-06-18,-2.04,-6.41,-6.24,0.0,9.81,13.51
HSBCGOLD,128.69,2026-06-18,-1.01,-1.97,-6.24,,,
SPCL,71.45,2026-06-17,1.71,3.55,-6.36,-3.58,-9.21,-43.41
AJOONI,3.83,2026-06-18,2.41,1.32,-6.36,-8.81,-8.81,-31.61
RPPINFRA,64.58,2026-06-18,1.94,8.85,-6.37,-11.18,-32.67,-52.76
ABBOTINDIA,26145.0,2026-06-18,-0.42,1.42,-6.37,-0.87,-6.56,-16.02
KOTHARIPET,123.64,2026-06-18,1.66,7.88,-6.39,14.66,1.11,-31.32
ESTER,90.95,2026-06-18,0.98,2.7,-6.4,-2.58,-13.42,-29.0
POLYSIL,137.45,2026-06-17,0.11,-3.88,-6.4,-19.62,-53.21,122.95
VEDL,306.0,2026-06-18,1.16,0.58,-6.42,-54.18,-46.28,-28.22
SUNCLAY,1333.5,2026-06-18,-2.59,0.28,-6.45,1.3,8.98,-36.98
EUREKAFORB,461.65,2026-06-18,0.95,6.16,-6.48,1.6,-26.63,-21.83
GUJALKALI,638.35,2026-06-18,-2.39,1.84,-6.5,47.73,27.48,12.69
KHADIM,108.29,2026-06-18,0.51,8.17,-6.5,13.61,-31.69,-59.17
MAANALU,128.25,2026-06-18,0.54,1.96,-6.53,-2.14,-24.27,0.23
FIDEL,155.15,2026-06-17,-2.48,2.75,-6.54,22.75,6.34,-25.77
HRHNEXT,27.05,2026-06-17,4.84,-7.36,-6.56,9.29,0.74,-52.71
ARIES,333.6,2026-06-18,-0.63,3.39,-6.57,-0.6,5.74,7.49
PFIZER,4539.3,2026-06-18,0.47,0.25,-6.59,-5.78,-11.01,-19.36
ADVENTHTL,136.2,2026-06-18,-2.67,6.29,-6.63,-11.44,-35.55,
RNBDENIMS,10.85,2026-06-18,-3.73,12.09,-6.63,-64.75,-72.52,
CPS,958.0,2026-06-17,2.62,-4.2,-6.63,-6.54,-8.01,8.86
HIGREEN,142.0,2026-06-17,8.6,13.83,-6.67,13.96,7.86,-34.21
M&MFIN,296.05,2026-06-18,-0.6,5.45,-6.68,-7.89,-18.92,13.91
BNALTD,336.2,2026-06-18,-1.12,-0.25,-6.69,,,
MFML,22.87,2026-06-18,-0.31,-4.07,-6.69,-4.27,-11.46,-23.51
KLL,34.05,2026-06-17,-5.42,-4.35,-6.71,-14.77,-24.25,-55.78
SHIVAMAUTO,16.89,2026-06-18,0.3,-1.11,-6.74,4.52,-36.81,-44.46
MCL,58.74,2026-06-18,-1.48,-0.42,-6.76,-6.44,17.9,6.26
SHERA,161.7,2026-06-17,6.59,1.7,-6.77,48.35,34.41,4.39
NTPC,361.95,2026-06-18,3.98,-0.12,-6.79,-4.37,14.5,11.76
AYMSYNTEX,216.62,2026-06-18,-1.82,-0.66,-6.79,18.21,35.53,-12.05
ZEAL,67.1,2026-06-17,-0.67,-2.75,-6.81,-1.32,-32.87,-50.3
FEL,0.41,2026-06-18,-4.65,-4.65,-6.82,0.0,-12.77,-32.79
AGIIL,352.85,2026-06-18,-7.16,-4.39,-6.86,17.3,35.35,101.74
PGHH,9005.0,2026-06-18,0.14,-1.43,-6.87,-10.12,-29.54,-31.16
NAMAN,48.4,2026-06-17,1.04,4.09,-6.92,-3.2,-29.34,-53.93
KECL,102.51,2026-06-18,0.5,-2.53,-6.92,23.21,5.33,-24.4
DOLPHIN,386.5,2026-06-18,-1.0,-1.29,-6.93,-0.43,-7.7,4.42
CONCOR,467.15,2026-06-18,1.7,4.9,-6.93,1.81,-5.61,-20.54
SHARDAMOTR,814.3,2026-06-18,1.27,4.2,-6.98,-1.57,-13.44,-12.78
KCPSUGIND,22.04,2026-06-18,-4.34,-7.74,-7.0,-5.12,-15.23,-37.32
GMMPFAUDLR,809.55,2026-06-18,4.28,5.93,-7.0,-7.41,-23.18,-30.48
NLCINDIA,323.75,2026-06-18,1.84,-3.57,-7.01,23.64,38.21,45.58
ANTGRAPHIC,0.79,2026-06-18,0.0,-2.47,-7.06,-1.25,-15.05,-41.91
AUSOMENT,114.43,2026-06-18,-3.63,-3.21,-7.07,12.02,8.34,4.23
PRITIKA,67.85,2026-06-17,4.38,5.11,-7.18,15.49,-6.15,-9.53
BLACKROSE,94.3,2026-06-18,0.24,1.3,-7.18,,,
BHANDARI,3.1,2026-06-18,-0.32,0.32,-7.19,20.62,-22.89,-42.07
DENTALKART,370.95,2026-06-17,-2.45,-10.94,-7.19,-5.66,-35.11,-39.83
DRCSYSTEMS,14.43,2026-06-18,0.84,1.12,-7.2,11.0,-15.07,-24.92
SUKHJITS,171.93,2026-06-18,1.02,1.67,-7.24,4.18,19.41,-11.29
ENTERO,1105.5,2026-06-18,-1.51,-1.22,-7.24,-0.58,13.27,-3.15
3BBLACKBIO,1201.1,2026-06-18,-6.7,4.05,-7.27,,,
ASCOM,234.7,2026-06-17,0.0,-4.98,-7.31,1.47,97.23,206.6
ESFL,120.45,2026-06-17,2.03,-2.43,-7.35,-11.37,-27.29,-71.1
GLOBE,2.26,2026-06-18,-2.59,0.44,-7.38,-9.24,-6.22,-6.22
KHAITANLTD,126.0,2026-06-18,-0.83,-3.85,-7.39,27.27,26.05,3.98
DGCONTENT,26.01,2026-06-18,-0.88,-2.69,-7.4,8.97,-15.28,-44.23
PHANTOMFX,177.85,2026-06-17,4.16,3.1,-7.42,-1.5,-23.21,-30.25
KSCL,862.75,2026-06-18,-2.0,2.03,-7.44,12.6,-9.33,-32.54
JUBLFOOD,422.95,2026-06-18,0.07,2.01,-7.44,-11.51,-24.3,-37.83
ATULAUTO,468.9,2026-06-18,0.82,2.68,-7.45,10.26,10.15,4.17
CGRAPHICS,139.8,2026-06-17,-4.54,-4.64,-7.45,-1.72,-28.67,-30.33
HINDOILEXP,159.62,2026-06-18,-0.96,-9.83,-7.46,21.68,3.68,-8.12
POLICYBZR,1617.7,2026-06-18,2.31,7.0,-7.47,5.13,-11.81,-14.58
MATRIMONY,390.25,2026-06-18,-1.03,-3.59,-7.51,-10.04,-24.62,-28.37
CURAA,88.03,2026-06-18,-4.06,4.8,-7.53,-28.82,-23.35,-34.51
MAXPOSURE,35.0,2026-06-17,5.58,4.48,-7.53,1.45,-27.54,-38.16
RUCHIRA,110.86,2026-06-18,2.07,0.53,-7.54,9.68,-6.85,-15.82
SGL,10.27,2026-06-18,-3.93,-4.47,-7.56,-8.39,-19.01,-38.21
GGBL,305.0,2026-06-17,-3.25,-4.19,-7.56,25.46,-4.25,-32.52
JKLAKSHMI,596.85,2026-06-18,0.03,0.94,-7.58,-3.06,-21.71,-26.57
AHLWEST,571.3,2026-06-18,2.02,-0.87,-7.59,296.32,296.32,296.32
SHANTHALA,23.1,2026-06-17,-2.12,5.0,-7.6,-19.93,-12.0,-24.51
ODIGMA,24.04,2026-06-18,7.27,14.86,-7.61,3.31,-22.68,-39.09
EIDPARRY,721.4,2026-06-18,-0.59,0.03,-7.64,-12.12,-29.74,-24.98
RETAIL,17.64,2026-06-18,-0.95,-2.54,-7.64,-12.59,-31.76,-51.72
PKTEA,764.35,2026-06-18,0.7,-2.55,-7.66,-5.64,-14.65,-5.51
CELLECOR,37.85,2026-06-17,0.53,5.73,-7.68,55.44,26.38,0.93
USASEEDS,96.0,2026-06-17,1.05,0.0,-7.69,5.49,-39.62,-44.19
GLOBALE,12.0,2026-06-18,-2.12,-6.18,-7.69,11.63,-2.99,-23.52
KORE,132.0,2026-06-17,6.93,-3.3,-7.69,37.79,-14.78,-1.53
WINNY,41.25,2026-06-17,0.0,4.83,-7.72,-17.33,-47.12,-74.22
OLIL,429.1,2026-06-17,-1.31,-1.36,-7.72,34.54,35.92,125.84
OMFURN,56.1,2026-06-17,-3.36,2.0,-7.73,16.87,-39.35,-48.77
HGM,53.17,2026-06-18,-1.08,-3.92,-7.74,9.79,-24.83,-11.01
ESSENTIA,1.42,2026-06-18,-6.58,-14.97,-7.75,10.94,-7.79,-35.75
CIFL,24.81,2026-06-18,0.73,6.94,-7.77,-6.16,-32.38,-41.79
BAJAJELEC,329.05,2026-06-18,2.68,7.39,-7.78,-5.53,-31.3,-50.24
THAKDEV,131.95,2026-06-18,9.18,9.05,-7.8,,,
SIDDHIKA,206.4,2026-06-17,2.28,0.56,-7.8,-0.77,-6.18,6.48
LOYALTEX,208.0,2026-06-18,1.96,1.96,-7.84,6.1,-4.14,-28.49
GLENMARK,2154.0,2026-06-18,-0.12,-1.03,-7.94,-1.48,10.06,30.05
DRSDILIP,110.0,2026-06-17,0.0,-7.95,-7.95,4.76,70.54,12.24
EXPLEOSOL,832.85,2026-06-18,3.63,0.82,-7.96,10.64,-20.01,-35.56
PTC,188.95,2026-06-18,-0.87,-2.13,-7.96,15.39,21.92,14.53
URAVIDEF,113.66,2026-06-18,-0.23,-1.76,-7.97,-10.5,-33.64,-77.17
DEVX,35.93,2026-06-18,-1.37,-1.94,-7.97,-10.26,-13.36,
BLUECOAST,28.32,2026-06-18,-2.28,-3.93,-7.99,44.05,-19.89,-9.4
MUKANDLTD,136.96,2026-06-18,0.99,-0.14,-8.05,7.88,4.36,19.71
PIIND,2846.0,2026-06-18,0.41,6.16,-8.08,-2.79,-11.3,-30.95
JINDALSTEL,1131.9,2026-06-18,-1.53,-2.11,-8.11,-4.01,14.8,26.88
DPEL,479.55,2026-06-17,-1.73,-2.93,-8.13,33.45,81.96,234.18
AKSHAR,0.45,2026-06-18,0.0,0.0,-8.16,12.5,-15.09,-22.41
NATIONALUM,367.75,2026-06-18,-3.82,-2.76,-8.17,-4.66,34.01,106.43
FMNL,10.46,2026-06-18,-1.51,2.35,-8.17,28.98,15.71,-35.51
UNITEDTEA,490.15,2026-06-18,-2.41,-3.57,-8.26,-7.8,11.34,13.74
MEDPLUS,850.9,2026-06-18,-2.27,-0.12,-8.31,0.65,4.62,-2.6
SYLVANPLY,52.25,2026-06-17,0.48,-3.24,-8.33,10.12,-17.06,-35.53
SAPPL,268.15,2026-06-18,-4.2,-4.22,-8.34,,,
BANARBEADS,99.53,2026-06-18,-1.17,-2.92,-8.39,-9.52,-22.57,-16.35
VCL,1.31,2026-06-18,0.0,-9.03,-8.39,-9.03,-27.62,52.33
PARTYCRUS,99.95,2026-06-17,2.25,-0.05,-8.43,19.06,13.84,19.34
ELIN,106.19,2026-06-18,-1.46,0.88,-8.46,-12.37,-35.77,-38.07
AMEYA,108.0,2026-06-17,1.89,0.61,-8.47,5.88,8.05,-5.68
SPCENET,3.34,2026-06-18,-0.3,-5.38,-8.49,-19.3,-46.41,-54.37
PPLPHARMA,160.2,2026-06-18,-4.19,-3.11,-8.5,11.93,-3.8,-17.1
SRTL,39.85,2026-06-18,-3.63,-3.37,-8.5,-15.45,,
ALPHAGEO,209.59,2026-06-18,2.21,2.09,-8.53,14.96,-2.06,-20.57
VALIANTLAB,68.73,2026-06-18,2.58,-7.05,-8.54,34.95,1.27,-39.3
FCONSUMER,0.32,2026-06-17,0.0,3.23,-8.57,-3.03,-31.91,-39.62
TRANSTEEL,119.85,2026-06-17,-1.72,1.14,-8.58,-15.98,-13.75,-7.45
HDIL,1.81,2026-06-18,-3.72,-5.73,-8.59,-15.02,-24.58,-51.21
SCHAND,149.7,2026-06-18,-0.36,2.41,-8.61,0.79,-5.48,-38.64
GNRL,86.66,2026-06-18,-3.98,-6.79,-8.67,,,
DHRUV,27.56,2026-06-18,0.0,-3.3,-8.68,-8.16,-46.02,-59.47
CHEMFAB,379.55,2026-06-18,-1.39,-6.82,-8.69,1.87,-15.89,-48.89
SECL,3.15,2026-06-17,0.0,0.0,-8.7,-16.0,-32.26,-52.99
TARAPUR,20.26,2026-06-18,0.55,6.69,-8.7,-20.8,-31.92,-33.88
FILATFASH,0.21,2026-06-18,5.0,10.53,-8.7,23.53,-43.24,-60.38
SILVERBND,240.94,2026-06-18,-3.64,1.41,-8.71,-3.09,,
BMETRICS,36.5,2026-06-17,3.11,-1.08,-8.75,-10.76,-17.98,-27.36
KEEPLEARN,1.98,2026-06-18,0.0,-1.0,-8.76,7.61,-23.55,-41.07
SIGNPOST,246.05,2026-06-18,-5.07,-5.44,-8.82,-1.03,11.61,31.16
FROG,165.5,2026-06-17,-2.19,-2.53,-8.82,30.01,3.34,-30.29
REGENCERAM,40.51,2026-06-18,-0.69,1.94,-8.84,-3.27,-16.01,-6.57
ONESOURCE,1651.2,2026-06-18,1.71,-4.98,-8.84,12.2,1.03,-24.77
GICRE,357.1,2026-06-18,-7.79,-7.23,-8.86,-3.72,-1.44,-1.2
MAMATA,366.4,2026-06-18,1.52,1.2,-8.87,-5.38,-11.12,-13.45
AKIKO,259.75,2026-06-17,0.68,7.42,-8.88,24.28,0.1,209.23
WEL,93.67,2026-06-18,-0.68,0.87,-8.89,-32.19,-33.24,-46.38
HNGSNGBEES,489.45,2026-06-18,-1.4,0.12,-8.95,-4.72,-2.2,28.04
TATACONSUM,1111.4,2026-06-18,1.0,0.4,-8.95,4.25,-4.33,5.22
PRABHA,157.54,2026-06-18,-3.14,1.3,-8.96,0.09,-14.29,-36.68
TRANSWIND,13.2,2026-06-17,0.0,0.0,-8.97,-36.69,-37.74,-17.5
SILVERCASE,24.45,2026-06-18,-3.28,0.7,-8.97,-2.74,20.75,118.31
ESILVER,240.19,2026-06-18,-3.48,0.84,-9.02,-3.39,19.07,116.39
SILVERIETF,240.38,2026-06-18,-3.48,0.83,-9.02,-2.86,19.01,117.5
ASPIRE,14.1,2026-06-17,4.44,-3.42,-9.03,25.89,-25.79,-63.42
SILVER,240.19,2026-06-18,-3.46,0.76,-9.03,-2.77,19.48,117.03
DRONE,40.75,2026-06-17,-1.81,2.39,-9.04,0.99,-39.94,-63.45
TATSILV,23.34,2026-06-18,-3.67,1.13,-9.08,-2.99,18.84,116.91
MAGSON,160.0,2026-06-17,-0.06,-5.88,-9.09,14.7,47.47,15.03
AONESILVER,9.18,2026-06-18,-3.67,0.44,-9.11,-3.06,,
SBISILVER,235.36,2026-06-18,-3.88,0.77,-9.12,-3.12,18.81,115.99
SILVERBEES,229.99,2026-06-18,-3.62,0.9,-9.15,-3.01,19.01,116.5
MAHKTECH,22.64,2026-06-18,-1.14,-7.4,-9.15,-2.03,-10.87,2.86
SILVER1,23.33,2026-06-18,-3.79,0.95,-9.15,-2.79,-88.17,-75.58
MOSILVER,237.65,2026-06-18,-3.38,0.65,-9.16,-2.81,19.16,
SILVERBETA,232.13,2026-06-18,-3.74,0.94,-9.16,-2.86,18.68,115.77
CROWN,113.04,2026-06-18,0.86,0.75,-9.16,-6.13,-15.26,-42.48
GROWWSLVR,23.56,2026-06-18,-4.03,1.03,-9.18,-2.97,-87.97,-78.34
SILVERADD,231.83,2026-06-18,-3.81,0.99,-9.21,-2.91,19.13,117.01
PASHUPATI,86.9,2026-06-18,-0.53,-2.6,-9.22,-12.01,6.4,31.56
SILVERAG,233.89,2026-06-18,-3.71,0.45,-9.22,-2.92,18.76,116.22
ARSHIYA,1.08,2026-06-18,-1.82,-6.9,-9.24,-22.3,-13.6,-56.8
DAVANGERE,3.63,2026-06-18,-0.82,1.97,-9.25,-9.02,-9.93,4.91
HDFCSILVER,229.89,2026-06-18,-3.87,1.02,-9.25,-3.09,18.42,115.68
DCAL,170.11,2026-06-18,-5.62,-7.73,-9.25,-0.9,-29.74,-32.08
INM,154.25,2026-06-17,-5.95,-6.43,-9.26,-15.01,-38.3,-70.54
URBAN,132.0,2026-06-17,0.0,0.3,-9.28,7.19,-9.12,-15.38
AXISILVER,238.95,2026-06-18,-3.81,0.6,-9.29,-3.05,18.93,116.66
BEWLTD,68.3,2026-06-17,-2.43,10.07,-9.3,-18.59,-44.29,-61.63
PML,499.3,2026-06-18,-1.5,-1.3,-9.37,,,
PRECISION,7.25,2026-06-17,-4.61,-7.05,-9.38,-22.04,-42.0,-66.89
BASF,3469.3,2026-06-18,0.62,4.04,-9.45,1.32,-9.07,-30.71
GSLSU,50.53,2026-06-18,-1.12,-5.82,-9.46,-19.97,-53.37,-58.65
RALLIS,228.44,2026-06-18,-0.17,0.79,-9.48,-5.33,-13.05,-26.7
RACE,110.25,2026-06-18,0.23,2.08,-9.48,3.75,-22.27,-56.53
GREENCHEF,50.5,2026-06-17,-1.85,2.75,-9.5,2.75,-8.27,-19.33
NAGAFERT,3.52,2026-06-17,0.0,-4.86,-9.51,-11.56,-24.95,-38.89
SEAMECLTD,1349.4,2026-06-18,-16.12,-15.67,-9.56,-2.24,32.71,59.67
SURAJEST,192.92,2026-06-18,-1.57,4.97,-9.56,-5.18,-16.47,-46.82
CRAYONS,29.75,2026-06-17,-2.46,-4.19,-9.57,-13.77,-26.36,-38.21
DCG,58.0,2026-06-17,0.35,2.65,-9.59,3.94,-11.31,-13.82
CHAVDA,90.4,2026-06-17,1.06,2.44,-9.6,-2.74,-19.5,-29.13
TECHNOE,1072.2,2026-06-18,-0.71,6.26,-9.6,-4.71,0.92,-28.2
SABEVENTS,7.6,2026-06-18,0.0,6.15,-9.63,-37.6,-9.74,32.87
FELDVR,2.52,2026-06-18,-7.35,-3.08,-9.68,-6.32,-15.72,-34.55
MEGAFLEX,126.95,2026-06-17,0.0,0.0,-9.71,-18.12,21.14,133.58
SILVER360,236.05,2026-06-18,-3.56,0.55,-9.77,-2.76,19.59,115.57
ORIANA,1641.4,2026-06-17,-2.78,-2.39,-9.8,-3.73,-23.18,-26.61
GANECOS,928.5,2026-06-18,-0.06,0.98,-9.8,10.87,5.13,-37.55
APS,312.65,2026-06-17,-0.67,2.54,-9.8,3.18,-16.76,-47.44
SERVICE,47.8,2026-06-17,-2.94,-5.63,-9.81,2.8,11.81,-23.82
PAKKA,82.37,2026-06-18,2.07,2.71,-9.84,-5.14,-16.94,-54.55
BASILIC,203.15,2026-06-17,-1.93,0.77,-9.85,8.14,-36.05,-54.35
NESCO,1116.4,2026-06-18,1.04,2.96,-9.87,4.67,-8.44,10.0
BUILDPRO,1047.8,2026-06-18,5.21,-2.09,-9.9,9.72,,
QUICKHEAL,182.3,2026-06-18,4.41,4.42,-9.94,20.53,-31.54,-48.71
SHIGAN,72.95,2026-06-17,-4.01,5.57,-9.94,34.84,56.71,-10.19
CMRSL,69.3,2026-06-17,2.67,6.62,-10.0,2.06,2.14,-23.72
BHARTIHEXA,1437.8,2026-06-18,-2.56,-1.17,-10.0,-9.78,-18.52,-17.47
SOMICONVEY,98.67,2026-06-18,-0.8,1.2,-10.14,-2.88,-21.66,-36.84
JINDRILL,582.35,2026-06-18,-3.27,-4.88,-10.17,22.73,16.28,-11.26
HINDZINC,571.45,2026-06-18,1.35,2.78,-10.22,8.24,-1.73,28.51
VILINBIO,44.35,2026-06-17,-3.8,-8.93,-10.22,31.6,123.43,56.16
UMA,18.4,2026-06-17,1.66,-5.64,-10.24,12.88,-8.0,-31.85
SUMEETINDS,25.87,2026-06-18,1.57,10.42,-10.24,-17.32,-13.36,37.41
SALSTEEL,54.85,2026-06-18,-7.91,-12.18,-10.26,45.76,30.84,223.6
SCI,309.25,2026-06-18,-0.48,5.51,-10.28,28.72,49.93,47.18
RBS,85.2,2026-06-17,-6.37,-8.39,-10.32,15.6,-17.28,-22.55
LINCOLN,608.75,2026-06-18,-6.77,-1.78,-10.33,1.48,27.96,6.29
MEESHO,170.72,2026-06-18,1.3,1.64,-10.34,15.23,-27.53,
NTPCGREEN,95.84,2026-06-18,-2.93,-3.95,-10.4,-2.05,6.42,-10.16
TAC,411.2,2026-06-17,10.24,12.26,-10.42,-5.75,-48.46,-60.49
KONTOR,60.0,2026-06-17,6.76,-5.51,-10.45,-14.29,-10.11,-30.92
JUBLINGREA,646.0,2026-06-18,1.22,4.53,-10.46,12.12,-4.04,-9.31
GKSL,128.2,2026-06-18,-1.78,-2.56,-10.48,22.11,,
RKDL,18.4,2026-06-18,1.66,-8.05,-10.51,-3.66,-18.84,-38.15
SIKKO,3.91,2026-06-18,-2.25,-1.76,-10.53,-17.86,-23.18,-5.4
RVNL,247.58,2026-06-18,3.29,8.48,-10.56,-10.0,-18.82,-37.27
FIBERWEB,29.46,2026-06-18,2.08,4.54,-10.65,-18.26,-16.35,-39.87
FLFL,1.34,2026-06-18,0.75,-1.47,-10.67,3.88,-4.29,-21.18
MANINFRA,105.63,2026-06-18,-8.71,-5.12,-10.71,13.5,-16.14,-34.44
HBSL,53.97,2026-06-18,0.04,0.92,-10.79,8.13,-26.27,-41.63
MONOPHARMA,11.15,2026-06-17,0.45,-5.51,-10.8,-3.88,-34.6,-52.04
SEMAC,330.95,2026-06-18,-2.99,-6.09,-10.83,16.72,8.17,-18.06
BILVYAPAR,4.33,2026-06-18,8.79,2.85,-10.91,-26.73,-39.44,-68.35
VISASTEEL,42.47,2026-06-17,2.39,-8.59,-10.93,29.92,-11.54,48.08
GMRP&UI,101.77,2026-06-18,-4.28,-3.43,-11.0,-2.34,-10.55,-3.81
WINSOL,125.7,2026-06-17,0.04,3.03,-11.04,7.39,-21.78,-39.17
ALMONDZ,12.94,2026-06-18,-3.29,-4.29,-11.07,-7.17,-12.21,-35.43
HEG,538.65,2026-06-18,-0.78,2.3,-11.19,5.39,3.49,7.89
NURECA,238.85,2026-06-18,1.36,4.19,-11.29,-3.84,-15.26,-13.91
FELIX,182.05,2026-06-17,-1.94,-3.32,-11.41,5.72,21.12,11.69
ORICONENT,57.04,2026-06-18,0.32,-1.82,-11.43,-15.55,-5.23,27.72
VR,125.35,2026-06-17,-4.97,-4.97,-11.44,-12.89,-27.12,-34.03
SECURKLOUD,19.25,2026-06-18,1.26,-4.66,-11.45,-13.41,-15.53,-22.25
INDOTHAI,238.09,2026-06-18,-1.58,1.85,-11.51,-7.43,-34.14,31.42
BI,56.5,2026-06-18,-4.03,-10.06,-11.58,,,
REMUS,764.8,2026-06-17,-1.16,7.89,-11.61,12.98,6.85,-58.89
RUDRA,18.32,2026-06-18,0.71,2.69,-11.63,10.9,,
TGL,19.75,2026-06-17,-5.28,-10.23,-11.63,-46.55,-71.21,-87.96
SATIA,55.73,2026-06-18,0.32,2.6,-11.68,-6.87,-15.27,-30.33
KCK,13.6,2026-06-17,0.74,1.12,-11.69,-25.48,-54.52,-65.91
GVKPIL,2.77,2026-06-18,-3.15,-6.1,-11.78,4.92,-11.22,-34.52
MANAV,39.25,2026-06-17,-4.85,-4.85,-11.8,-3.44,35.81,140.06
LEXUS,16.32,2026-06-18,9.53,0.12,-11.88,-48.87,-37.73,-52.43
SWARAJ,244.9,2026-06-17,-4.93,4.17,-11.91,-16.42,-2.74,13.01
TTL,6.85,2026-06-18,0.74,-7.81,-12.07,-23.8,-20.16,-53.81
RAJESHEXPO,92.87,2026-06-18,15.75,-0.99,-12.09,-10.18,-50.85,-51.75
MASTERTR,79.61,2026-06-18,1.08,-13.49,-12.19,9.17,-33.2,-48.26
ESABINDIA,5733.0,2026-06-18,-0.48,-0.27,-12.25,6.8,-6.62,13.57
HINDCOPPER,509.7,2026-06-18,-1.24,0.7,-12.29,4.2,31.76,102.08
OSWALSEEDS,10.77,2026-06-18,-2.09,-2.53,-12.37,-7.95,-26.78,-24.05
AUROIMPEX,27.5,2026-06-17,-1.79,-3.34,-12.42,2.23,-32.93,-42.89
WOMANCART,108.65,2026-06-17,1.26,-5.36,-12.45,-37.18,-63.33,-53.86
KOTYARK,400.0,2026-06-18,-2.13,-0.56,-12.5,15.94,60.77,21.17
INDOUS,89.66,2026-06-18,-0.41,-6.62,-12.6,-15.91,-25.21,-42.52
ISGEC,925.65,2026-06-18,0.04,2.75,-12.6,2.26,15.1,-21.6
BEACON,89.1,2026-06-17,1.25,1.02,-12.65,23.84,-0.45,59.53
REMSONSIND,86.17,2026-06-18,-5.08,4.12,-12.67,-5.05,-27.78,-37.82
BIGBLOC,48.99,2026-06-18,-3.07,0.1,-12.7,-4.3,-30.95,-23.68
NORBTEAEXP,72.66,2026-06-18,-2.65,-10.05,-12.73,-16.58,3.8,107.6
WIMPLAST,335.3,2026-06-08,1.45,-3.32,-12.73,,,
SHIVALIK,219.6,2026-06-18,-0.18,-7.3,-12.75,-12.79,-39.87,-58.35
TIRUMALCHM,173.39,2026-06-18,-1.07,3.37,-12.78,-5.28,-25.39,-40.34
ROXHITECH,29.65,2026-06-17,-6.32,-6.17,-12.79,8.81,-33.67,-37.05
XELPMOC,84.6,2026-06-18,0.26,-4.98,-12.79,-13.13,-36.25,-11.41
SURANI,115.35,2026-06-17,-7.65,-12.55,-12.81,131.16,91.77,-0.3
ENFUSE,170.0,2026-06-17,3.03,0.0,-12.82,-6.59,-23.77,-33.16
EMMIL,123.7,2026-06-17,-1.94,-2.06,-12.89,-6.32,-32.11,-36.47
JSLL,549.45,2026-06-18,-9.78,-10.55,-12.98,-12.49,-23.3,29.27
TAPIFRUIT,52.2,2026-06-17,10.13,4.71,-13.0,-5.09,-28.0,-37.49
BAJAJINDEF,239.7,2026-06-18,0.36,5.13,-13.03,1.12,-23.7,-40.36
VERITAAS,41.2,2026-06-17,-4.96,-9.65,-13.26,-15.31,-26.89,-47.98
SURAKSHA,259.65,2026-06-18,-3.21,-5.82,-13.32,-1.59,-4.94,-19.79
DSFCL,23.29,2026-06-18,-1.52,-3.24,-13.32,-0.26,,
EFACTOR,188.9,2026-06-17,1.12,7.03,-13.35,-5.05,-41.88,-10.91
KSR,31.74,2026-06-18,4.27,-1.34,-13.4,-11.86,88.26,
SHAH,4.65,2026-06-18,-5.68,-2.52,-13.48,-2.52,-4.12,4.49
ABMINTLLTD,41.61,2026-06-18,0.65,-3.12,-13.51,-8.15,0.07,-15.63
SEYAIND,13.27,2026-06-18,0.76,-4.19,-13.55,35.69,-24.73,-36.02
DIAMINESQ,243.82,2026-06-18,-3.45,-2.07,-13.62,8.42,-8.6,-35.25
SRPL,0.38,2026-06-17,0.0,-2.56,-13.64,-22.45,-43.28,-20.83
TRANSPEK,1017.2,2026-06-18,3.68,3.88,-13.72,,,
REXPIPES,174.25,2026-06-17,0.0,0.0,-13.74,-8.77,13.52,24.91
INNOVANA,319.8,2026-06-18,1.98,2.16,-13.79,-13.87,-24.77,-26.53
SAHAJSOLAR,133.6,2026-06-17,0.56,-1.04,-13.81,12.27,-15.79,-47.71
JAYNECOIND,90.31,2026-06-18,-3.82,1.47,-13.82,22.57,27.97,128.46
ULTRAMAR,365.8,2026-06-18,-4.32,-3.84,-13.94,,,
MAL,33.6,2026-06-17,10.16,5.0,-13.96,-2.04,-32.8,-47.5
ATLANTAA,40.58,2026-06-18,0.62,-1.34,-13.97,7.07,-5.78,11.98
RKEC,26.7,2026-06-18,0.87,-11.59,-13.98,-26.1,-49.18,-66.1
ARISTO,99.7,2026-06-17,6.01,5.73,-13.98,15.53,-20.81,-13.32
POCL,1322.1,2026-06-18,2.84,7.51,-14.01,23.09,3.03,87.91
MAITREYA,149.5,2026-06-17,-2.29,-4.9,-14.08,-23.92,-35.28,-46.19
IITL,138.03,2026-06-18,-2.2,0.41,-14.09,3.71,-16.54,-21.12
AGNI,18.15,2026-06-17,5.22,4.01,-14.18,18.63,-27.25,-35.52
SANGANI,44.6,2026-06-17,-0.89,-0.89,-14.23,7.47,-24.66,-38.9
PRATHAM,115.0,2026-06-17,-0.86,-0.69,-14.24,-8.04,-22.51,-24.12
JAINAM,255.45,2026-06-17,0.06,1.77,-14.25,38.08,2.18,-2.5
VPRPL,32.11,2026-06-18,15.67,9.37,-14.28,-18.32,-51.82,-80.5
INNOVATIVE,75.45,2026-06-17,1.96,-1.95,-14.46,-12.82,-26.03,0.27
KARMAENG,42.0,2026-06-18,-1.98,5.03,-14.51,11.73,-17.0,-47.91
DIGIDRIVE,18.86,2026-06-18,1.56,3.06,-14.51,-7.09,-27.41,-37.49
SHIVATEX,152.1,2026-06-18,0.72,1.6,-14.56,11.8,-15.1,-27.02
BOHRAIND,16.41,2026-06-18,-0.55,-3.41,-14.58,-5.69,-12.48,-45.3
AILIMITED,36.05,2026-06-17,-0.14,-4.88,-14.67,-17.41,-9.88,-54.94
GRAPHITE,649.05,2026-06-18,-1.8,-3.44,-14.72,4.05,23.31,19.46
MARATHON,405.2,2026-06-18,-0.5,0.9,-14.73,-4.15,-23.71,-30.46
COASTCORP,51.53,2026-06-18,5.57,7.89,-14.73,16.11,13.15,30.95
LLOYDS,79.3,2026-06-17,-0.25,-14.87,-14.87,58.6,24.78,-18.87
AQYLON,48.04,2026-06-18,-14.03,-16.83,-15.0,-33.55,-97.12,-92.64
SHYAMTEL,18.11,2026-06-18,15.72,12.14,-15.14,117.93,47.48,0.0
INFOLLION,173.75,2026-06-17,0.49,-2.66,-15.16,-42.66,-54.28,-66.1
MADHUSUDAN,144.0,2026-06-17,1.41,-7.13,-15.17,6.75,8.72,-3.36
SHREYANIND,136.62,2026-06-18,-6.48,-0.42,-15.27,-2.5,-21.23,-36.01
TICL,19.51,2026-06-18,-5.47,-14.88,-15.32,-25.96,-24.56,-23.64
MVKAGRO,426.8,2026-06-17,-3.66,-7.68,-15.36,-14.87,-41.53,229.83
RADIOWALLA,27.9,2026-06-17,3.91,-2.11,-15.45,-19.13,-55.0,-55.99
NEPHROCARE,68.85,2026-06-17,-0.22,-6.96,-15.57,3.07,-43.98,-45.77
HAVISHA,1.28,2026-06-18,-0.78,-11.72,-15.79,1.59,-31.91,-44.1
MARINETRAN,14.1,2026-06-17,-4.08,-11.32,-15.82,-21.67,-38.16,-12.69
JAIBALAJI,68.06,2026-06-18,-0.53,1.86,-15.84,6.23,10.68,-33.71
MCX,2817.2,2026-06-18,-2.71,-0.23,-15.86,8.22,38.48,78.16
FALCONTECH,12.4,2026-06-17,-8.15,-7.12,-15.93,-19.48,-22.01,-57.97
MEDICAMEQ,225.8,2026-06-18,0.24,1.03,-16.03,-16.85,-42.05,-45.11
GESHIP,1412.1,2026-06-18,2.02,-1.42,-16.19,-1.33,28.83,50.9
PRESSTONIC,31.5,2026-06-17,5.18,-0.79,-16.33,-21.05,-47.5,-69.96
MARSONS,117.48,2026-06-18,4.56,-2.43,-16.39,-14.84,,
DHTL,40.5,2026-06-17,2.4,-12.05,-16.67,-0.98,-31.36,-33.44
SEL,175.0,2026-06-17,-1.13,-5.61,-16.67,14.04,-17.45,-44.31
AGARWALFT,29.95,2026-06-17,4.9,-0.33,-16.81,10.52,-25.22,-42.29
PURVFLEXI,52.2,2026-06-17,1.85,-1.42,-16.81,16.91,-41.68,-29.65
REFRACTORY,32.0,2026-06-17,-1.69,0.0,-16.88,-4.9,-45.21,-41.39
OIL,420.6,2026-06-18,0.81,-12.56,-16.89,-10.6,6.8,-8.0
SANCO,2.9,2026-06-17,0.0,0.0,-16.91,21.85,60.22,-16.43
DELAPLEX,103.0,2026-06-17,1.38,7.18,-16.97,3.94,-22.26,-30.87
EASTSILK,50.0,2026-06-18,1.67,-7.39,-17.0,-25.05,-42.49,2677.78
COMFINTE,6.1,2026-06-18,0.66,1.33,-17.12,,,
FLAIR,276.2,2026-06-18,4.56,-3.1,-17.16,-13.42,-5.32,10.54
GIRIRAJ,135.0,2026-06-17,-3.23,-10.0,-17.18,-11.76,-29.5,-44.75
GRAPHISAD,29.8,2026-06-17,-0.67,-1.0,-17.22,-6.88,-33.26,-30.7
MEDIORG,21.5,2026-06-17,5.65,2.38,-17.31,-6.93,-11.16,-55.07
ONGC,245.3,2026-06-18,0.68,-7.31,-17.46,-7.43,8.22,3.28
KDL,123.1,2026-06-17,-5.05,11.1,-17.52,-0.89,-24.78,-58.09
SOLEX,1130.2,2026-06-18,4.15,6.94,-17.53,18.91,-21.37,-13.92
TEAMGTY,235.05,2026-06-18,-1.92,-5.72,-17.84,-6.22,-13.01,42.94
BANG,29.94,2026-06-18,-2.44,-19.54,-17.86,-10.71,-36.38,-45.71
PCCL,247.25,2026-06-17,-7.81,-16.17,-17.86,4.7,26.79,33.9
KEL,78.0,2026-06-17,-4.88,-2.5,-17.89,-3.94,-21.21,-38.1
MARC,73.0,2026-06-17,0.41,-5.07,-17.98,12.83,,
TRUST,31.0,2026-06-17,-4.32,-1.74,-18.1,-2.05,-35.55,-55.14
WEWIN,48.13,2026-06-18,-4.69,-15.9,-18.15,17.5,6.84,-2.89
UNIVPHOTO,360.75,2026-06-18,-2.12,-3.19,-18.2,-23.79,58.05,47.41
PENTAGON,56.0,2026-06-17,1.82,-0.88,-18.25,-9.68,-22.01,-19.42
WAKEFIT,124.16,2026-06-18,-0.34,9.84,-18.36,-25.51,-35.64,
OSIAHYPER,3.68,2026-06-18,13.58,12.88,-18.4,-33.33,-78.16,-81.76
MOXSH,114.0,2026-06-17,0.0,-4.88,-18.57,-7.09,23.04,321.44
PRLIND,49.65,2026-06-17,3.44,8.52,-18.74,-6.76,-35.52,-50.1
SONUINFRA,44.0,2026-06-17,0.8,-4.14,-18.74,-11.91,-47.02,-67.4
BCONCEPTS,174.03,2026-06-18,-2.49,-8.43,-18.94,-24.71,-43.55,-49.03
DMCC,249.4,2026-06-18,-2.67,1.59,-18.95,15.03,-1.87,-3.02
GRCL,495.1,2026-06-17,-0.77,-4.77,-18.96,24.04,30.29,0.42
INSPIRE,9.25,2026-06-17,0.0,-6.09,-19.21,-4.15,-15.91,-52.69
MHHL,32.3,2026-06-17,-5.0,-5.56,-19.25,-10.77,-14.78,-45.25
CMNL,100.95,2026-06-17,-0.88,-4.4,-19.47,10.03,-14.01,-32.36
BLUEPEBBLE,80.0,2026-06-17,4.58,-14.8,-19.88,-25.23,-31.03,-56.17
GOLDKART,144.1,2026-06-17,-4.98,-4.98,-19.92,-43.49,-44.56,-30.23
JAINREC,371.15,2026-06-18,5.77,9.39,-19.92,-15.45,-7.39,
DIGIKORE,51.4,2026-06-17,-0.39,-8.21,-20.0,-37.32,-36.03,-68.27
NEUEON,20.82,2026-06-17,0.0,-4.97,-20.23,42.8,298.85,298.85
AVPINFRA,71.85,2026-06-17,-1.44,-0.21,-20.96,-20.39,-40.37,-61.42
KANDARP,116.25,2026-06-17,6.7,-21.11,-21.05,-16.9,-10.54,26.84
AMBEY,22.5,2026-06-17,-0.44,-1.32,-21.05,8.43,-42.6,-44.79
SKP,152.0,2026-06-17,-1.75,1.16,-21.3,-0.33,-7.88,-32.4
BIRDYS,100.8,2026-06-17,-5.0,-14.21,-21.62,-8.57,-17.71,-0.2
SIMBHALS,6.9,2026-06-18,-1.57,-1.85,-21.77,-4.43,-26.12,-59.34
DUGLOBAL,32.3,2026-06-17,-0.31,-2.42,-21.79,-12.58,1.73,-39.34
AVANTIFEED,980.9,2026-06-18,-5.66,-8.22,-21.97,-20.28,14.58,32.14
ABINFRA,10.24,2026-06-18,-3.85,-1.06,-22.48,-40.95,-45.79,-31.81
ABAN,14.59,2026-06-17,0.0,-4.95,-22.52,-40.47,-44.14,-71.54
MEP,0.78,2026-06-18,-3.7,-9.3,-22.77,-15.22,-63.89,-69.17
SETUINFRA,0.44,2026-06-18,0.0,0.0,-22.81,12.82,-6.38,-58.88
TUNWAL,26.4,2026-06-17,-7.04,-7.53,-22.92,-10.2,-29.79,-20.81
PIONRINV,92.19,2026-06-18,-6.4,-10.22,-23.01,,,
DPSCLTD,7.6,2026-06-18,0.13,-0.52,-23.54,-5.24,-24.45,-42.79
NATCOPHARM,883.5,2026-06-18,4.24,1.75,-24.2,-7.77,-3.26,1.19
SAIFL,5.15,2026-06-17,0.0,0.98,-25.36,-44.62,-64.73,-76.8
LAKPRE,4.73,2026-06-17,-1.66,-6.34,-25.39,-5.4,-10.59,-6.34
MEGATHERM,195.2,2026-06-17,-1.39,-12.23,-25.47,0.57,-10.85,-43.46
MARCO,30.6,2026-06-17,-4.23,-7.13,-25.64,-10.26,-23.31,-28.0
NEWJAISA,16.7,2026-06-17,5.03,8.09,-27.39,-10.46,-47.48,-60.71
DELPHIFX,8.4,2026-06-18,-6.67,-7.18,-27.46,-16.75,-48.73,-13.24
EMPOWER,1.92,2026-06-18,1.59,-6.8,-27.82,,,
ANSALAPI,3.23,2026-06-18,-5.28,-9.52,-28.06,-4.72,-10.03,-25.23
RMC,299.55,2026-06-18,-3.88,-4.04,-28.1,,,
RITEZONE,17.25,2026-06-17,4.86,0.29,-30.02,1.47,-14.18,-21.77
MADHAVBAUG,174.25,2026-06-17,5.38,-6.72,-30.66,-15.52,-38.86,12.35
KCEIL,86.55,2026-06-17,-1.25,-5.46,-31.88,-26.18,-41.7,-72.18
SLONE,122.0,2026-06-17,4.27,-13.48,-32.22,-35.7,-50.71,-52.64
OWAIS,108.95,2026-06-17,10.16,12.55,-33.32,18.04,-62.08,-83.48
WALPAR,24.05,2026-06-17,0.0,-6.6,-34.11,-47.14,-43.08,-53.53
VERTEXPLUS,46.25,2026-06-17,-9.67,-29.92,-36.77,-58.03,-60.47,-53.75
IEML,48.3,2026-06-17,1.26,2.33,-38.08,-25.92,-47.7,-67.75
RAJTV,12.54,2026-06-18,4.59,-0.48,-39.16,-68.08,-71.12,-72.46
PARSVNATH,3.08,2026-06-18,-5.52,-13.97,-39.96,-54.77,-73.31,-82.78
GICL,22.94,2026-06-18,-1.46,1.28,-42.65,-48.29,-51.91,-81.2
GRMOVER,93.27,2026-06-18,5.71,-23.39,-44.97,-39.0,-40.53,-24.35
SCML,78.0,2026-06-17,-1.02,-1.89,-45.07,-39.56,-46.21,1.23
TECHLABS,130.1,2026-06-17,-3.84,-17.74,-45.28,-35.1,-57.52,-73.97
PRAMARA,141.1,2026-06-17,-4.86,-4.47,-58.63,-59.74,-59.43,-21.57
GRADIENTE,2.35,2026-06-18,8.29,-15.47,-64.34,,,
LEMERITE,26.06,2026-06-18,-4.79,-6.9,-71.75,-71.59,-74.13,-58.28
