ticker,last_close,last_date,1W,2W,1M,3M,6M,12M
NV20,11884.4,2026-07-01,84186.53,83770.15,84306.25,87221.09,7585.7,7834.04
ACCORD,139.9,2026-06-30,0.0,21.44,151.39,438.08,382.41,533.03
SETL,282.45,2026-07-01,21.0,39.59,102.69,132.66,88.46,67.04
SIGNORIA,116.65,2026-06-30,10.2,27.49,95.07,116.02,21.64,10.05
RAMCOSYS,795.3,2026-07-01,0.26,42.36,77.9,118.94,39.94,99.37
SSFL,280.45,2026-06-30,5.0,27.56,71.9,155.19,118.42,81.84
GRANDOAK,43.56,2026-07-01,-0.25,-17.98,70.82,,,
VIJIFIN,6.31,2026-07-01,10.12,33.4,65.18,108.25,132.84,173.16
VIPULLTD,14.81,2026-07-01,8.82,31.76,64.37,43.09,16.98,25.51
PPL,316.25,2026-07-01,3.46,19.61,64.03,75.19,32.83,-19.65
VELJAN,1717.9,2026-07-01,44.0,36.11,63.53,,,
BAFNAPH,225.36,2026-07-01,10.25,33.99,62.73,101.29,51.87,155.42
AEGISLOG,1254.7,2026-07-01,6.86,17.29,62.05,107.94,75.9,69.87
MSTCLTD,715.8,2026-07-01,3.61,3.7,61.11,84.34,41.45,34.68
CARTRADE,2813.4,2026-07-01,5.82,9.42,58.76,60.2,-0.57,65.95
PARAS,1277.9,2026-07-01,8.03,-7.32,56.89,100.05,86.84,57.17
SUPREMEENG,1.44,2026-07-01,2.86,9.09,56.52,48.45,12.5,-18.18
CLCIND,46.71,2026-06-30,0.0,4.99,54.98,177.87,-83.32,-83.32
SKMEGGPROD,317.3,2026-07-01,4.36,27.64,53.89,100.87,57.02,138.3
BETA,2185.0,2026-07-01,1.01,1.75,53.51,72.03,41.39,25.99
EBGNG,656.7,2026-07-01,15.4,19.67,53.17,81.13,111.67,
SANGINITA,44.08,2026-07-01,3.96,12.48,51.01,130.42,336.44,329.21
GOLDTECH,64.88,2026-07-01,11.13,45.7,49.98,89.87,27.59,-15.76
CUPID,193.38,2026-07-01,2.64,7.56,49.8,122.69,84.21,783.26
JAYBARMARU,171.48,2026-07-01,0.06,5.0,49.53,105.32,88.4,119.6
SYNOPTICS,69.0,2026-06-30,0.0,0.8,49.51,74.02,15.77,-18.34
AEROENTER,139.89,2026-07-01,-1.69,-3.52,48.71,100.7,64.69,38.38
SPRL,115.7,2026-06-30,0.0,14.95,48.33,-0.17,-27.69,-18.52
SICALLOG,95.67,2026-07-01,4.99,-0.25,47.96,48.33,9.55,-16.82
GTECJAINX,29.59,2026-07-01,-3.93,16.68,47.8,63.93,24.96,33.05
MTEDUCARE,2.32,2026-07-01,-3.73,9.43,47.77,81.25,36.47,8.41
MACPOWER,1343.9,2026-07-01,1.97,13.83,46.91,54.93,31.38,35.61
UNIHEALTH,628.45,2026-06-30,4.82,5.76,45.74,73.41,119.2,263.9
SPAL,1118.8,2026-07-01,6.41,14.27,44.69,54.32,58.79,32.31
BHAGERIA,221.46,2026-07-01,6.38,-3.36,44.63,58.64,22.6,5.56
EIFFL,330.15,2026-07-01,2.74,-7.4,44.23,46.07,23.56,32.99
MDL,79.9,2026-06-30,4.31,13.82,43.96,40.18,10.97,-18.47
RPTECH,787.95,2026-07-01,4.62,3.65,41.83,121.99,118.54,162.39
TIRUPATIFL,63.98,2026-07-01,10.35,30.84,41.83,50.54,84.59,40.52
EFFWA,377.45,2026-06-30,3.84,2.39,41.02,126.29,66.76,53.72
NACLIND,222.39,2026-07-01,10.02,3.04,40.97,69.02,29.33,-3.01
EMSLIMITED,411.0,2026-07-01,-0.29,0.7,40.9,44.95,-4.1,-32.99
ZEELEARN,9.35,2026-07-01,10.13,0.97,40.81,98.94,29.86,1.52
YASHO,3064.7,2026-07-01,3.61,7.18,39.93,122.43,114.33,45.23
KANORICHEM,130.88,2026-07-01,-0.34,3.29,39.72,113.89,70.33,37.65
LIKHITHA,266.1,2026-07-01,-1.62,4.2,39.66,55.69,38.55,-8.76
ORIENTHOT,137.38,2026-07-01,-2.66,14.17,39.56,54.34,25.02,-10.02
ONELIFECAP,36.47,2026-07-01,8.57,11.87,39.09,136.82,127.09,161.06
EVERESTIND,529.0,2026-07-01,11.82,33.79,38.86,68.28,2.67,-6.85
THANGAMAYL,5945.5,2026-07-01,1.2,6.99,38.78,67.37,82.4,217.92
PANAMAPET,417.05,2026-07-01,4.12,-15.99,38.46,63.09,35.89,18.85
MADHUSUDAN,214.6,2026-06-30,-0.07,4.76,38.45,56.64,62.95,42.12
INVPRECQ,831.05,2026-07-01,-0.23,10.24,38.36,,,
UNICHEMLAB,474.55,2026-07-01,4.94,5.96,38.33,59.14,7.88,-20.14
AVG,205.3,2026-07-01,14.87,8.81,38.16,41.2,17.06,-29.47
JNKINDIA,492.7,2026-07-01,0.76,2.76,38.13,114.35,104.47,42.37
IPSL,275.0,2026-06-30,6.18,5.77,37.5,26.15,-4.18,-2.8
SAKSOFT,194.98,2026-07-01,6.1,37.96,37.21,58.6,-1.06,-2.35
NELCO,941.15,2026-07-01,5.84,1.73,37.14,69.87,30.53,-6.76
QUADFUTURE,442.25,2026-07-01,-0.76,6.14,36.88,54.58,33.85,-6.74
PANACEABIO,543.05,2026-07-01,-1.93,3.62,36.43,66.94,43.8,32.27
SIGMAADV,581.35,2026-07-01,-0.5,5.45,36.34,275.33,194.41,441.95
SWSOLAR,247.49,2026-07-01,1.29,1.89,35.98,51.28,15.11,-22.06
DAICHI,318.9,2026-07-01,1.0,-0.99,35.82,,,
BTTL,46.49,2026-07-01,1.44,35.22,35.26,,,
NPST,1621.8,2026-07-01,2.43,4.69,34.81,45.08,18.7,-20.08
MOREPENLAB,62.68,2026-07-01,14.67,25.03,34.77,68.49,52.47,1.46
BLUSPRING,110.21,2026-07-01,-0.6,2.02,34.53,102.82,69.42,49.97
PAISALO,70.84,2026-07-01,17.44,19.91,34.01,100.34,94.3,123.55
EPACKPEB,245.83,2026-07-01,5.35,-7.97,33.97,77.15,-8.43,
WABAG,2082.8,2026-07-01,4.24,1.02,33.86,68.48,58.36,46.97
UFBL,640.95,2026-07-01,-2.35,-4.24,33.77,213.56,195.48,103.03
DENTA,327.4,2026-07-01,-2.46,0.77,33.69,37.53,-0.68,13.05
RELTD,164.23,2026-07-01,0.77,1.38,33.66,27.49,4.78,24.24
SKFINDUS,2867.7,2026-07-01,-0.08,4.07,33.6,30.37,10.3,
OMFREIGHT,111.76,2026-07-01,17.28,31.44,33.57,68.47,19.3,
KAMDHENU,31.1,2026-07-01,7.39,7.69,33.42,65.51,23.31,-0.42
SAAKSHI,315.0,2026-06-30,-3.23,16.32,33.36,78.98,67.55,79.18
AMANTA,161.58,2026-07-01,0.48,0.74,33.31,52.71,51.14,
BHAGYANGR,410.3,2026-07-01,-0.35,0.7,33.28,171.61,157.63,420.16
ASTRAMICRO,1752.5,2026-07-01,1.46,4.6,33.15,95.34,78.28,71.33
JYOTICNC,779.5,2026-07-01,-0.76,6.71,33.13,1.76,-21.5,-26.9
STEL,587.6,2026-07-01,2.61,-4.54,33.06,35.77,18.85,43.83
PROLIFE,75.8,2026-06-30,0.0,10.17,32.98,26.33,-1.56,-53.95
ACSTECH,44.05,2026-07-01,-1.52,11.18,32.96,,,
SPECTRUM,1919.8,2026-07-01,9.48,8.98,32.38,31.04,56.78,21.53
QUESS,273.4,2026-07-01,10.27,11.19,32.27,57.15,36.1,-3.44
PRIZOR,870.65,2026-06-30,-2.0,-0.48,32.17,114.98,205.49,320.5
QFIL,58.0,2026-06-30,2.75,1.75,32.12,45.0,-1.36,-26.63
AMAGI,540.2,2026-07-01,-2.57,1.63,32.05,64.12,,
VSCL,30.3,2026-06-30,0.0,6.88,32.03,43.26,79.82,-9.28
PATELENG,34.44,2026-07-01,-0.23,6.86,31.9,43.32,21.18,-16.08
INOXINDIA,1905.0,2026-07-01,1.94,-6.66,31.83,53.18,71.38,53.22
VENUSPIPES,1807.0,2026-07-01,6.22,7.98,31.59,82.81,55.61,33.43
RML,1199.0,2026-07-01,6.5,5.75,31.48,80.06,48.16,33.53
IXIGO,213.96,2026-07-01,10.9,10.15,31.47,21.97,-11.16,21.56
SHRIPISTON,4380.2,2026-07-01,9.26,15.24,31.23,44.79,39.51,79.51
RPEL,1245.2,2026-07-01,7.43,3.54,30.87,99.19,29.15,76.62
HUHTAMAKI,209.4,2026-07-01,7.3,8.08,30.79,31.08,0.6,-0.19
ICIL,436.9,2026-07-01,2.82,12.24,30.52,77.33,53.95,50.38
LYKALABS,74.83,2026-07-01,2.45,9.61,30.41,46.24,-2.3,-34.53
VENUSREM,1751.9,2026-07-01,-9.23,3.55,30.34,103.46,130.36,290.0
BLISSGVS,523.55,2026-07-01,-1.2,10.63,30.09,128.23,223.66,238.56
ROLLT,2.65,2026-07-01,-9.25,-25.77,29.9,132.46,112.0,54.97
SEDEMAC,2859.0,2026-07-01,5.23,0.06,29.87,85.02,,
IZMO,1022.5,2026-07-01,5.29,-2.79,29.69,58.12,26.52,172.12
UCL,201.95,2026-06-30,8.63,23.93,29.66,137.59,320.73,310.47
ONMOBILE,64.74,2026-07-01,7.51,24.31,29.51,49.24,12.08,20.18
AKSHARCHEM,242.9,2026-07-01,3.64,-0.91,29.16,56.29,-0.25,-13.46
SHIVAUM,410.4,2026-07-01,-2.29,10.92,29.06,19.28,37.72,35.89
MEGASTAR,366.45,2026-07-01,2.86,5.79,28.83,41.82,62.0,30.55
KIRLPNU,2000.9,2026-07-01,5.0,-4.33,28.82,84.28,93.13,38.33
DIFFNKG,416.5,2026-07-01,0.29,10.83,28.67,54.51,24.46,36.7
AEQUS,237.86,2026-07-01,-0.71,0.42,28.67,93.52,72.13,
GEMAROMA,191.18,2026-07-01,-1.16,6.03,28.66,31.88,13.55,
WELSPLSOL,53.71,2026-07-01,-6.7,-8.13,28.4,,,
SYRMA,1421.6,2026-07-01,3.9,6.39,28.38,78.23,97.61,142.65
CAPLIPOINT,2564.0,2026-07-01,0.24,1.05,28.27,63.63,42.81,28.74
PALREDTEC,59.9,2026-07-01,1.49,6.02,28.13,107.55,33.38,22.32
PGIL,2088.0,2026-07-01,4.21,11.15,28.04,44.45,31.1,35.3
IGARASHI,479.1,2026-07-01,4.4,1.14,27.95,62.68,9.15,-6.17
RUBYMILLS,320.0,2026-07-01,-1.67,-4.99,27.67,56.75,43.5,31.4
NRL,85.3,2026-07-01,1.66,2.33,27.56,77.08,50.49,6.6
ROTO,70.97,2026-07-01,-0.59,8.92,27.44,41.35,3.38,-28.73
KIRLOSIND,3943.4,2026-07-01,-1.64,-8.58,27.4,47.42,24.66,-7.54
CEMPRO,1363.3,2026-07-01,8.82,7.08,27.29,156.53,77.38,51.48
PWL,128.87,2026-07-01,4.19,2.15,27.27,44.8,-2.83,
KODYTECH,1086.8,2026-06-30,1.49,-4.42,27.25,57.4,21.5,39.67
MAHESHWARI,73.06,2026-07-01,1.01,2.9,27.24,65.82,54.36,24.29
XPROINDIA,1427.4,2026-07-01,4.63,5.69,27.24,37.42,48.45,19.89
AURUM,227.71,2026-07-01,1.63,9.34,27.23,37.29,20.96,15.67
ACMESOLAR,390.8,2026-07-01,3.05,11.71,27.21,46.48,64.46,57.25
ZOTA,1430.6,2026-07-01,2.46,4.47,27.14,28.17,-5.89,31.28
UCAL,125.78,2026-07-01,3.81,10.19,27.08,44.99,15.45,-20.59
GOKEX,888.7,2026-07-01,4.58,8.46,26.91,43.62,21.39,-3.18
SANGHVIMOV,442.05,2026-07-01,4.76,1.23,26.9,65.31,27.17,59.61
SRIVASAVI,68.5,2026-06-30,1.78,4.5,26.85,54.63,41.24,-4.86
BLACKROSE,119.38,2026-07-01,-0.22,6.46,26.73,,,
VIMTALABS,583.25,2026-07-01,-0.16,2.31,26.67,43.41,-2.68,30.13
AGARIND,529.7,2026-07-01,-0.78,-2.87,26.54,35.14,-25.47,-45.86
TAMBOLIIN,222.6,2026-07-01,-0.18,10.04,26.44,,,
MUTHOOTMF,220.07,2026-07-01,5.97,8.17,26.43,46.29,27.58,54.11
KMEW,2189.1,2026-07-01,-1.66,-6.33,26.22,38.72,13.61,181.25
POKARNA,1023.3,2026-07-01,-3.71,0.47,26.07,17.66,21.81,-4.6
SSWL,246.98,2026-07-01,7.61,7.57,25.79,31.44,17.66,-4.95
AEROFLEX,488.5,2026-07-01,4.16,-4.15,25.79,94.9,153.62,137.07
SIKA,1112.8,2026-07-01,6.22,-4.55,25.65,,,
IBULLSLTD,27.73,2026-07-01,2.82,1.61,25.59,176.47,62.26,61.69
THEJO,1945.7,2026-07-01,6.68,7.11,25.47,30.82,12.5,7.09
IRISDOREME,44.33,2026-07-01,12.4,13.06,25.47,39.14,18.09,30.61
ORCHPHARMA,974.8,2026-07-01,2.52,1.74,25.44,87.71,22.9,31.81
ANUP,2307.7,2026-07-01,-1.08,-1.26,25.41,33.49,3.4,-15.52
VINSYS,458.5,2026-06-30,0.25,9.51,25.27,96.44,27.22,19.25
SHEMAROO,127.15,2026-07-01,-2.94,-7.92,25.23,49.78,18.48,-12.52
PREMIERPOL,69.1,2026-07-01,4.98,7.0,25.23,12.76,70.07,34.49
EMKAY,273.2,2026-07-01,-0.35,-6.96,25.23,39.19,-5.01,22.98
TARSONS,261.5,2026-07-01,0.55,-3.3,25.19,45.37,11.37,-32.81
KSB,962.55,2026-07-01,1.78,1.56,25.09,16.8,29.62,15.31
RELAXO,410.0,2026-07-01,-1.88,15.09,25.08,57.43,1.83,-5.99
SHUBHLAXMI,24.95,2026-06-30,-4.77,-13.97,25.06,1.01,-33.38,48.96
PRADPME,567.25,2026-07-01,-3.9,7.64,25.03,,,
INDOTECH,3239.9,2026-07-01,5.13,15.15,24.94,155.43,107.83,65.46
POLYMED,1666.1,2026-07-01,0.82,-0.32,24.9,29.84,-4.38,-26.45
GENESYS,322.25,2026-07-01,-0.32,-10.0,24.88,35.06,-24.04,-48.91
KERNEX,2293.6,2026-07-01,11.55,16.47,24.88,139.95,89.59,91.5
PIGL,112.5,2026-07-01,0.2,-3.49,24.75,8.78,-9.09,-14.06
TRIDHYA,11.2,2026-06-30,-4.68,-4.68,24.44,61.15,-25.83,-42.56
BORORENEW,612.2,2026-07-01,1.16,1.3,24.44,48.79,13.59,23.8
GREENPLY,307.7,2026-07-01,2.33,4.15,24.39,63.99,14.71,-3.01
HMT,68.56,2026-07-01,3.55,0.87,24.32,14.25,44.86,5.22
TASTYBITE,8989.0,2026-07-01,5.44,7.94,24.21,34.21,14.4,-18.34
STYL,327.3,2026-07-01,4.89,6.87,24.19,45.66,17.65,
TALBROAUTO,425.95,2026-07-01,2.38,17.41,24.0,75.06,54.98,41.29
CCAVENUE,17.31,2026-07-01,3.1,15.4,24.0,20.63,5.04,3.28
THOMASCOTT,331.45,2026-07-01,2.71,6.83,23.98,33.34,-5.65,-8.94
AVL,646.65,2026-07-01,-3.28,1.63,23.82,38.16,34.16,76.4
GALAPREC,1112.5,2026-07-01,4.33,-5.17,23.78,56.43,42.18,27.82
AVALON,1795.3,2026-07-01,0.59,4.2,23.66,91.63,103.46,118.27
COCKERILL,9323.5,2026-07-01,6.68,1.25,23.65,,,
TRIVENI,451.75,2026-07-01,9.57,7.62,23.53,15.04,18.78,21.2
MANBA,138.88,2026-07-01,5.32,6.06,23.36,35.69,-0.61,-3.39
PSPPROJECT,1034.0,2026-07-01,5.63,7.2,23.12,66.26,19.28,28.7
NIITLTD,100.35,2026-07-01,4.3,-3.12,23.07,80.06,10.0,-23.02
SHADOWFAX,235.3,2026-07-01,4.02,6.88,23.04,100.09,,
TBOTEK,1512.0,2026-07-01,5.01,3.85,23.0,38.22,-6.89,4.45
SENORES,1313.1,2026-07-01,-0.49,1.45,22.97,69.75,58.88,124.79
BLUEJET,549.15,2026-07-01,6.36,5.3,22.95,56.45,3.81,-34.79
OLECTRA,1512.4,2026-07-01,2.6,-0.71,22.9,47.43,25.97,24.56
MCLOUD,31.68,2026-07-01,11.24,10.08,22.84,52.9,23.08,-57.24
MOTISONS,14.15,2026-07-01,1.22,-0.42,22.83,16.46,-3.21,-33.75
CEWATER,335.35,2026-07-01,0.24,-6.25,22.7,21.06,-25.4,-41.12
PREMEXPLN,789.6,2026-07-01,-2.34,4.07,22.68,88.16,52.67,38.36
OPTIEMUS,485.4,2026-07-01,3.33,9.82,22.59,57.34,-1.55,-24.97
TVSSCS,137.92,2026-07-01,4.64,0.03,22.56,44.4,20.75,1.42
DIVGIITTS,987.85,2026-07-01,13.11,14.28,22.5,56.34,61.59,60.16
ABDL,669.55,2026-07-01,1.52,6.93,22.45,60.21,12.34,57.28
ESAFSFB,33.61,2026-07-01,3.29,-4.65,22.44,49.84,24.02,-5.3
GREAVESCOT,221.0,2026-07-01,5.46,3.98,22.44,68.27,14.38,9.66
PARACABLES,74.13,2026-07-01,9.32,4.75,22.39,132.02,89.3,28.72
SILKFLEX,214.0,2026-06-30,1.9,-0.21,22.32,106.96,131.98,103.62
GRAUWEIL,83.61,2026-07-01,14.36,9.49,22.31,-27.67,-27.67,-27.67
KDDL,3304.2,2026-07-01,5.44,4.42,22.31,52.81,34.01,17.68
INDSWFTLAB,200.73,2026-07-01,-2.21,6.27,22.25,45.28,121.83,78.92
KIRLOSBROS,1984.5,2026-07-01,1.05,-4.28,22.2,40.67,23.2,-14.13
PRAXIS,8.34,2026-07-01,0.48,-1.77,22.11,50.81,-7.85,-36.53
DENORA,858.45,2026-07-01,-5.01,-5.52,22.1,18.83,25.5,-1.84
AEGISVOPAK,235.5,2026-07-01,1.17,-4.38,22.1,40.29,-6.63,-3.5
AJMERA,133.1,2026-07-01,3.27,-4.33,22.09,26.8,-30.65,-26.39
KIRLOSENG,2341.1,2026-07-01,-4.1,-2.04,22.03,71.26,90.59,174.98
SOTL,512.65,2026-07-01,1.76,-12.7,22.02,64.02,34.29,24.05
GINNIFILA,49.5,2026-07-01,3.36,15.52,21.98,40.15,17.22,13.14
BAHETI,723.95,2026-06-30,1.97,-0.17,21.89,48.56,22.36,22.05
RPPL,22.75,2026-07-01,11.19,10.28,21.85,43.53,18.68,-15.05
MENNPIS,66.39,2026-07-01,3.2,1.54,21.82,,,
RICOAUTO,135.97,2026-07-01,2.24,-8.06,21.82,25.33,-1.51,81.78
KPL,2702.4,2026-07-01,-0.1,11.53,21.79,,,
STOVEKRAFT,755.9,2026-07-01,-2.93,3.17,21.74,58.34,30.69,29.79
GNA,443.15,2026-07-01,2.76,5.88,21.71,17.94,46.94,35.31
HMVL,87.17,2026-07-01,0.33,0.16,21.61,39.32,27.14,-2.32
EIMCOELECO,1852.5,2026-07-01,11.39,4.55,21.6,19.95,14.31,-29.69
CAPACITE,267.0,2026-07-01,4.1,1.75,21.6,24.26,4.22,-18.86
KIRANVYPAR,194.86,2026-07-01,1.14,-1.39,21.57,,,
BHARATSE,222.58,2026-07-01,18.74,18.17,21.5,42.83,28.72,103.23
SFL,736.9,2026-07-01,-0.77,-0.65,21.5,51.67,24.89,3.01
MAXHEALTH,1139.9,2026-07-01,-0.87,4.1,21.47,18.88,8.62,-10.82
FAIRCHEMOR,731.9,2026-07-01,13.71,16.87,21.41,55.34,-5.53,-26.45
CHEMBONDCH,222.53,2026-07-01,2.47,3.77,21.38,87.09,48.21,
BHARATGEAR,134.61,2026-07-01,6.77,-1.97,21.29,48.28,19.22,49.73
INDIGO,5399.0,2026-07-01,1.58,7.53,21.24,29.14,5.65,-9.34
CONCORDBIO,1286.2,2026-07-01,1.93,-3.84,21.19,26.1,-3.75,-27.9
IMPEXFERRO,2.29,2026-06-30,0.0,-4.98,21.16,68.38,28.65,-0.43
CONFIPET,76.89,2026-07-01,7.58,11.11,21.14,74.63,114.84,48.12
RAJRILTD,24.21,2026-07-01,1.77,10.05,21.05,19.09,8.91,-14.84
JSWINFRA,330.45,2026-07-01,2.91,7.62,21.01,33.67,17.02,5.62
UNIMECH,1144.3,2026-07-01,4.85,-3.67,20.97,58.12,25.28,-12.85
SPARC,237.5,2026-07-01,2.73,-0.22,20.95,97.36,75.89,47.58
HLEGLAS,385.7,2026-07-01,2.77,-2.61,20.85,43.28,-12.47,-18.08
CHOLAFIN,1803.3,2026-07-01,1.65,4.92,20.79,31.28,4.68,12.86
SCPL,539.05,2026-07-01,10.72,9.67,20.78,68.77,68.06,73.36
JTLIND,80.78,2026-07-01,3.34,-0.47,20.73,66.28,36.82,2.45
PRITIKAUTO,16.26,2026-07-01,-0.25,-18.66,20.71,41.27,17.49,-17.92
JTEKTINDIA,151.98,2026-07-01,13.89,11.42,20.68,21.25,7.7,4.61
DCMSIL,72.51,2026-07-01,-0.71,7.44,20.65,9.15,,
ATHERENERG,1130.4,2026-07-01,4.3,17.68,20.59,46.61,53.07,239.56
JISLJALEQS,35.2,2026-07-01,1.56,-0.03,20.47,19.65,-16.01,-39.23
KRONOX,161.41,2026-07-01,6.12,7.33,20.42,41.29,17.38,-14.71
SCODATUBES,144.67,2026-07-01,0.7,-2.63,20.34,4.96,-11.21,-25.89
TCIFINANCE,15.9,2026-07-01,-9.71,-26.39,20.27,18.75,-44.64,-0.63
AKUMS,630.85,2026-07-01,0.99,2.2,20.24,27.07,41.48,9.52
HOACFOODS,705.35,2026-06-30,0.76,8.35,20.16,84.48,102.11,202.92
TATACAP,361.55,2026-07-01,-2.05,1.6,20.14,18.19,6.2,
KPRMILL,1191.6,2026-07-01,5.31,3.46,20.11,42.3,30.97,8.09
KWIL,33.88,2026-07-01,-2.92,-7.08,20.1,42.53,,
CLEANMAX,1309.5,2026-07-01,0.69,-12.35,20.09,57.88,,
ZIMLAB,122.5,2026-07-01,-1.21,-2.31,20.02,90.28,74.08,10.47
PPAP,249.38,2026-07-01,5.71,-0.48,20.0,30.92,17.58,6.17
IEML,45.6,2026-06-30,-1.51,-4.0,20.0,-24.75,-48.18,-68.04
SMCGLOBAL,70.72,2026-07-01,-0.3,-4.41,19.91,19.77,-21.16,-8.81
MANINDS,583.3,2026-07-01,1.55,-3.01,19.86,68.03,48.91,40.33
MORARJEE,8.84,2026-07-01,0.11,-11.78,19.78,43.51,16.01,12.9
JINDALPHOT,1194.6,2026-07-01,7.8,7.97,19.7,13.74,-20.4,28.38
EIEL,221.72,2026-07-01,1.03,-1.42,19.69,35.55,8.96,-8.81
PRESTIGE,1625.3,2026-07-01,5.58,7.46,19.67,41.96,1.32,-0.61
RANEHOLDIN,1720.3,2026-07-01,0.72,4.13,19.59,64.7,25.08,12.15
SAIPARENT,612.1,2026-07-01,4.2,4.13,19.49,,,
GEEKAYWIRE,26.11,2026-07-01,2.31,1.48,19.44,25.83,-22.64,-24.97
JSLL,587.8,2026-07-01,0.15,-3.46,19.42,-0.16,-13.84,24.95
WELENT,610.35,2026-07-01,6.3,5.6,19.42,39.06,18.64,14.26
ORBTEXP,215.57,2026-07-01,-3.84,3.62,19.41,46.41,11.39,-0.63
BALAMINES,2090.2,2026-07-01,10.46,-1.57,19.32,104.7,88.36,15.25
MAHABANK,91.2,2026-07-01,-2.82,1.93,19.26,42.71,47.73,61.15
PDSL,362.3,2026-07-01,3.48,4.33,19.22,30.11,-3.05,-8.42
TINNARUBR,957.85,2026-07-01,2.88,6.64,19.2,60.4,22.9,2.73
JASH,504.1,2026-07-01,-2.47,-8.18,19.1,40.04,15.98,-11.98
SEIL,217.21,2026-07-01,5.21,-0.58,19.04,,,
GRWRHITECH,6918.5,2026-07-01,4.49,-0.72,19.01,90.93,123.19,67.77
LAL,9.02,2026-07-01,-0.99,7.13,19.0,29.23,-1.53,-26.07
FUSION,203.91,2026-07-01,9.78,14.57,18.97,40.94,27.82,2.21
RISHABH,584.8,2026-07-01,0.85,-0.06,18.96,55.1,37.31,101.27
GRETEX,278.0,2026-06-30,4.91,4.91,18.93,-7.21,46.32,19.31
AETHER,1326.9,2026-07-01,-1.14,8.16,18.93,18.9,47.61,75.11
TRENT,3290.3,2026-07-01,0.98,3.45,18.89,40.16,15.02,-46.37
HINDWAREAP,255.55,2026-07-01,0.41,1.68,18.85,32.41,-6.03,-11.16
ADVAIT,2305.2,2026-07-01,2.05,-5.93,18.79,32.67,,
HIMATSEIDE,90.91,2026-07-01,4.92,6.8,18.64,16.42,-19.36,-43.13
HITECHCORP,316.0,2026-07-01,0.73,2.86,18.62,148.62,84.04,57.08
BHAGCHEM,288.7,2026-07-01,2.19,0.08,18.56,47.67,40.12,-3.09
PATELRMART,215.84,2026-07-01,1.96,-3.12,18.52,30.74,8.73,
NAVKARCORP,111.7,2026-07-01,4.58,2.21,18.33,40.54,10.44,1.15
RVHL,45.36,2026-07-01,0.29,-4.49,18.31,32.32,-12.65,-8.84
SPECIALITY,127.8,2026-07-01,-4.13,-2.55,18.25,41.92,16.63,1.67
K2INFRA,62.05,2026-06-30,-0.88,-12.73,18.19,49.88,-0.16,-12.54
ACUTAAS,3567.5,2026-07-01,-0.02,9.78,18.17,52.97,103.76,218.31
DYNAMIC,168.95,2026-06-30,-1.69,1.17,18.15,99.47,32.87,17.24
YATRA,115.46,2026-07-01,4.83,2.26,18.12,17.35,-34.4,35.42
LLOYDSENGG,84.2,2026-07-01,-3.34,-6.74,18.11,103.09,49.5,13.62
KABRAEXTRU,265.0,2026-07-01,2.0,9.74,18.09,32.92,17.22,-7.66
DATAPATTNS,4533.5,2026-07-01,1.37,-6.84,18.06,45.88,74.28,55.24
JAGSNPHARM,237.9,2026-07-01,3.26,6.82,18.01,28.14,23.57,5.92
SGFIN,660.3,2026-07-01,9.62,11.46,17.97,46.73,62.42,
WEWORK,720.85,2026-07-01,11.11,16.29,17.96,58.48,18.47,
SUBROS,837.45,2026-07-01,2.68,-2.17,17.93,22.74,-2.84,-11.66
FERMENTA,355.05,2026-07-01,-0.78,3.63,17.92,,,
CENTRUM,26.08,2026-07-01,20.63,7.37,17.8,-8.56,-11.14,-25.01
AMIRCHAND,147.53,2026-07-01,15.72,11.53,17.78,,,
QMSMEDI,101.27,2026-07-01,1.02,-5.75,17.76,40.65,10.2,21.84
SABAR,6.3,2026-06-30,0.0,4.13,17.76,15.6,28.57,36.96
RRKABEL,2381.7,2026-07-01,-4.82,1.21,17.74,79.08,62.51,73.47
NRBBEARING,423.65,2026-07-01,-1.43,-1.15,17.65,79.93,58.34,47.66
IONEXCHANG,414.95,2026-07-01,0.72,6.17,17.63,23.02,11.08,-23.19
INOXGREEN,199.17,2026-07-01,0.08,-2.9,17.61,37.94,-4.23,29.9
WENDT,8103.5,2026-07-01,2.76,4.27,17.6,31.56,4.34,-11.14
PAUSHAKLTD,512.0,2026-07-01,5.11,1.76,17.53,33.54,-12.73,
ACEINTEG,22.47,2026-07-01,6.8,6.7,17.46,36.76,-1.27,-17.24
BAJAJHCARE,345.2,2026-07-01,-2.11,8.64,17.41,10.75,-18.71,-28.25
CLEDUCATE,51.95,2026-07-01,3.94,4.95,17.37,11.77,-41.03,-45.46
KRN,1234.6,2026-07-01,-1.27,0.87,17.36,38.53,65.97,43.83
REDINGTON,273.65,2026-07-01,-0.68,-2.23,17.34,35.17,-0.47,-15.15
CNL,742.7,2026-07-01,0.62,-0.48,17.29,33.8,2.47,10.09
MUNJALAU,102.09,2026-07-01,10.22,4.13,17.2,42.31,27.85,34.08
CORONA,1955.9,2026-07-01,-0.66,5.91,17.18,27.62,40.23,
VMART,796.55,2026-07-01,5.45,2.31,17.17,64.85,14.14,-6.49
OSWALPUMPS,417.6,2026-07-01,-2.5,-1.67,17.17,34.84,-20.51,-38.0
PAGEIND,43610.0,2026-07-01,7.93,10.91,17.15,34.22,23.27,-8.22
PNBGILTS,90.4,2026-07-01,0.04,-2.68,17.14,41.12,11.37,-8.95
THELEELA,479.9,2026-07-01,0.09,-3.13,17.11,15.04,10.41,18.45
WESTLIFE,502.7,2026-07-01,6.57,3.28,17.1,8.96,-6.66,-34.48
PGEL,550.8,2026-07-01,2.67,-2.94,17.09,14.54,-4.86,-23.78
AGI,700.85,2026-07-01,2.34,-4.26,17.07,39.4,-6.85,-13.11
GANDHAR,184.39,2026-07-01,2.92,4.87,17.03,48.08,20.12,5.25
AHCL,15.9,2026-07-01,-1.49,-0.31,17.0,40.62,7.2,
RAMCOIND,334.1,2026-07-01,0.86,9.04,16.98,35.36,7.38,15.94
GMRAIRPORT,113.53,2026-07-01,3.76,4.95,16.97,27.15,7.61,32.0
IOLCP,147.21,2026-07-01,3.43,12.59,16.95,90.12,81.56,54.2
ARVIND,560.35,2026-07-01,1.97,10.19,16.95,59.8,75.85,61.42
AKIKO,283.0,2026-06-30,-1.05,-3.74,16.94,41.39,10.12,265.16
HITECHGEAR,678.05,2026-07-01,2.44,18.95,16.92,19.4,-5.43,-7.43
ELECTHERM,1100.5,2026-07-01,-5.58,4.54,16.91,90.41,25.4,-5.63
RUBICON,1368.2,2026-07-01,-3.62,-0.61,16.83,74.94,102.25,
ONDOOR,202.6,2026-06-30,4.3,3.58,16.81,75.56,70.04,46.6
RMDRIP,19.9,2026-07-01,1.17,1.63,16.72,-17.12,-59.56,-42.62
SUNDRMBRAK,813.4,2026-07-01,0.92,-4.0,16.67,63.45,17.74,-0.92
KKCL,503.65,2026-07-01,1.82,1.26,16.64,14.73,5.0,-3.17
NIACL,183.11,2026-07-01,0.95,-13.67,16.62,48.06,17.74,-3.23
TMCV,431.45,2026-07-01,1.97,5.66,16.59,10.17,2.0,
GRINDWELL,2153.8,2026-07-01,0.33,2.06,16.55,53.25,38.22,26.34
HYBRIDFIN,19.62,2026-07-01,-5.63,-17.15,16.51,20.0,-3.02,7.45
TTKPRESTIG,630.45,2026-07-01,5.82,11.8,16.51,41.61,2.5,1.49
VINYAS,1394.65,2026-06-30,-0.2,-5.4,16.45,71.5,24.83,7.67
HFCL,212.09,2026-07-01,0.55,1.26,16.35,192.66,207.73,146.94
AYE,173.31,2026-07-01,-1.86,3.46,16.28,79.71,,
INGERRAND,4495.9,2026-07-01,0.62,-4.24,16.26,23.75,28.98,19.83
SMARTLINK,179.14,2026-07-01,4.35,1.31,16.23,60.56,36.95,13.5
RATEGAIN,902.95,2026-07-01,4.46,3.39,16.19,88.25,28.63,100.43
REFEX,357.35,2026-07-01,0.44,4.14,16.14,76.37,36.65,-20.68
DELHIVERY,507.7,2026-07-01,9.52,4.94,16.11,17.69,26.73,32.23
GPTINFRA,134.28,2026-07-01,1.14,-0.94,16.04,30.88,24.61,8.5
LCCINFOTEC,4.85,2026-07-01,1.25,-2.61,16.03,-5.46,6.13,-3.77
EUROPRATIK,296.55,2026-07-01,4.92,6.35,16.0,33.21,-4.69,
FINEORG,5209.0,2026-07-01,-2.35,0.1,15.97,25.09,26.85,2.87
FIVESTAR,517.35,2026-07-01,6.18,2.76,15.93,43.69,-3.18,-32.0
RITES,233.19,2026-07-01,13.14,9.12,15.92,23.11,-3.33,-13.77
MAYURUNIQ,851.5,2026-07-01,4.34,5.68,15.89,64.29,65.23,55.53
IVALUE,274.65,2026-07-01,0.52,-1.3,15.83,24.78,-2.14,
MARINE,290.95,2026-07-01,6.58,7.8,15.82,71.31,37.45,40.58
EMMVEE,351.95,2026-07-01,5.9,8.03,15.81,60.68,86.35,
HONASA,466.5,2026-07-01,4.49,12.18,15.8,51.73,64.49,54.06
PANACHE,411.25,2026-07-01,-5.62,-7.17,15.78,37.91,21.4,90.35
GOCOLORS,376.2,2026-07-01,-2.82,3.98,15.75,41.06,-17.95,-57.36
DCM,98.1,2026-07-01,2.09,-0.39,15.74,60.5,6.21,-7.44
NYKAA,308.65,2026-07-01,2.19,1.41,15.73,28.62,16.14,49.07
CMPDI,265.71,2026-07-01,9.01,5.02,15.72,65.97,,
VADILALIND,6085.5,2026-07-01,-4.37,-4.31,15.71,38.38,23.79,10.61
POWERICA,616.05,2026-07-01,-1.79,-0.69,15.69,,,
SHYAMCENT,5.75,2026-07-01,4.36,9.32,15.69,48.96,-7.7,-25.61
ITCHOTELS,177.37,2026-07-01,1.52,0.45,15.65,21.13,-9.16,-19.98
FINCABLES,1144.5,2026-07-01,-2.94,-3.86,15.64,43.29,45.55,17.66
INDOFARM,146.13,2026-07-01,2.68,-5.36,15.63,17.28,-32.62,-14.04
MADHUCON,6.07,2026-07-01,0.17,-3.96,15.62,54.85,-0.49,-15.22
PIXTRANS,1820.2,2026-07-01,-2.64,12.65,15.6,24.49,29.9,14.84
SWARAJ,277.5,2026-06-30,0.76,11.33,15.58,2.85,14.67,39.69
KNAGRI,213.83,2026-07-01,1.55,1.7,15.56,18.41,4.63,-2.38
PHOENIXLTD,2018.5,2026-07-01,5.57,7.88,15.49,33.01,7.79,30.75
TCPLPACK,2975.6,2026-07-01,-0.56,-0.38,15.47,24.48,-2.16,-18.63
VMARCIND,1600.35,2026-06-30,3.47,-0.72,15.46,175.78,137.9,367.12
AIROLAM,95.25,2026-07-01,-0.81,9.38,15.45,13.08,-6.23,-18.74
EVEREADY,364.4,2026-07-01,-0.45,-0.33,15.44,31.32,10.79,16.08
AGARWALFT,40.4,2026-06-30,1.0,17.1,15.43,68.68,6.04,-15.75
TEJASNET,607.1,2026-07-01,0.59,-3.24,15.4,44.53,34.28,-14.25
HALEOSLABS,1642.3,2026-07-01,21.08,15.83,15.39,30.99,25.37,36.01
CERA,6441.0,2026-07-01,-0.35,-3.31,15.39,38.0,22.94,-5.12
ADFFOODS,307.85,2026-07-01,0.92,-1.88,15.39,71.74,50.8,14.41
TIMEX,519.25,2026-07-01,1.39,3.92,15.39,,,
JUBLCPL,1984.2,2026-07-01,-1.55,5.43,15.32,19.27,-12.55,15.05
HCC,25.7,2026-07-01,0.04,-7.65,15.3,69.86,34.98,-15.38
LTF,312.7,2026-07-01,4.56,8.31,15.28,29.14,-0.42,52.0
HINDCOMPOS,465.25,2026-07-01,11.81,9.79,15.23,26.67,9.28,-3.77
TARIL,358.95,2026-07-01,7.86,2.12,15.2,30.86,16.58,-23.84
APLLTD,829.05,2026-07-01,5.39,6.19,15.15,22.45,-1.03,-17.18
FILATEX,51.89,2026-07-01,0.31,-5.81,15.11,28.41,5.83,-15.27
VIYASH,288.2,2026-07-01,6.82,6.27,15.1,49.38,38.31,53.68
OMNI,569.65,2026-07-01,14.07,14.11,15.05,108.84,,
ZYDUSWELL,568.5,2026-07-01,-0.17,5.95,14.99,30.46,22.46,41.34
FEDERALBNK,331.4,2026-07-01,2.27,2.47,14.99,23.84,24.47,52.44
RELINFRA,73.61,2026-06-30,0.0,-4.99,14.87,9.91,-55.26,-82.03
BAJFINANCE,1014.9,2026-07-01,3.98,5.46,14.86,24.94,4.94,9.02
NUVAMA,1788.1,2026-07-01,0.95,2.72,14.84,58.5,23.77,10.29
ARROWGREEN,626.4,2026-07-01,5.43,4.0,14.82,28.58,24.69,0.92
BANSALWIRE,354.0,2026-07-01,6.05,14.32,14.79,50.77,15.91,-8.99
CANTABIL,241.95,2026-07-01,0.92,2.82,14.76,4.73,-16.17,-10.07
MOTOGENFIN,28.75,2026-07-01,-1.03,-4.36,14.72,41.98,25.77,6.6
SVLL,718.0,2026-07-01,0.82,1.97,14.72,42.08,2.48,-0.12
SUBEXLTD,11.69,2026-07-01,3.27,-1.76,14.72,56.7,-0.09,-18.08
HAWKINCOOK,8594.5,2026-07-01,5.37,8.9,14.69,,,
MINDACORP,709.5,2026-07-01,5.52,7.63,14.66,37.99,21.43,36.44
CEIGALL,392.1,2026-07-01,-0.97,4.38,14.65,41.09,44.31,44.42
GABRIEL,1245.9,2026-07-01,-2.3,0.32,14.64,43.84,19.92,48.46
AAVAS,1518.3,2026-07-01,2.33,3.53,14.64,33.87,4.05,-25.34
RAYMONDREL,639.1,2026-07-01,2.43,-3.34,14.59,60.08,22.57,-34.06
WIPL,175.91,2026-07-01,0.46,3.83,14.58,17.27,18.05,9.08
PACEDIGITK,208.54,2026-07-01,3.81,13.45,14.56,35.75,11.07,
DECNGOLD,188.91,2026-07-01,-3.38,-16.97,14.55,,,
CGCL,226.82,2026-07-01,4.71,4.96,14.54,28.89,22.34,35.3
BDL,1379.0,2026-07-01,3.29,-1.97,14.53,14.54,-6.59,-30.09
BLUESTONE,568.15,2026-07-01,5.52,9.07,14.52,25.34,19.2,
BLSE,255.42,2026-07-01,9.68,11.84,14.5,56.76,26.6,30.56
NITCO,111.56,2026-07-01,4.23,-2.12,14.49,28.07,10.28,-27.39
AARTECH,48.09,2026-07-01,0.12,-5.15,14.47,31.25,1.11,-32.08
IGCL,67.82,2026-07-01,13.87,10.1,14.46,8.67,-17.76,
CPCAP,107.4,2026-07-01,1.48,-2.17,14.43,29.26,-7.1,-32.37
INTERARCH,1926.9,2026-07-01,0.74,1.74,14.38,8.37,-16.32,-13.12
LOKESHMACH,285.7,2026-07-01,5.6,0.76,14.37,36.54,67.62,56.39
RSSOFTWARE,36.72,2026-07-01,3.49,-4.47,14.36,59.51,-28.8,-53.52
CREDITACC,1502.3,2026-07-01,4.93,6.49,14.34,26.03,19.32,19.49
SHILPAMED,570.75,2026-07-01,-0.5,4.16,14.32,52.32,80.7,30.59
GODREJPROP,1959.6,2026-07-01,7.08,8.93,14.32,29.94,-2.76,-15.33
HDBFS,752.4,2026-07-01,0.02,4.08,14.32,30.85,-1.24,
EMMBI,96.31,2026-07-01,3.04,2.52,14.31,44.24,-2.09,-14.83
NINSYS,839.65,2026-07-01,3.91,11.56,14.3,112.35,111.18,84.92
NECCLTD,17.42,2026-07-01,9.84,3.38,14.3,43.37,-4.29,-25.84
AGSTRA,2.56,2026-06-30,0.0,-4.83,14.29,7.56,-38.31,-45.06
CPPLUS,3572.3,2026-07-01,-3.82,-1.63,14.28,99.54,134.71,
YUKEN,773.45,2026-07-01,5.94,7.22,14.26,22.59,-13.7,-30.81
ACE,999.1,2026-07-01,1.42,-1.25,14.26,23.12,5.84,-16.96
CHOICEIN,763.85,2026-07-01,2.5,5.02,14.25,19.3,-8.87,10.06
PIRAMALFIN,2197.1,2026-07-01,2.43,5.35,14.21,23.21,34.32,
AJANTPHARM,3347.5,2026-07-01,-1.08,4.95,14.21,18.84,13.92,35.26
AAREYDRUGS,88.36,2026-07-01,-3.96,1.03,14.2,65.84,30.81,27.39
MAHICKRA,273.85,2026-06-30,10.07,10.42,14.18,29.26,77.99,118.69
IDBI,82.28,2026-07-01,-4.28,-6.13,14.17,21.63,-20.7,-19.85
WTICAB,107.0,2026-06-30,-3.3,-13.43,14.07,40.7,-23.54,-28.14
DIACABS,208.73,2026-07-01,0.09,0.52,14.07,66.57,51.35,51.02
SHRIRAMFIN,1048.1,2026-07-01,1.5,5.56,14.04,16.38,2.79,52.09
APARINDS,14598.0,2026-07-01,-8.68,-9.73,14.04,49.35,75.3,67.62
SBC,42.0,2026-07-01,0.6,-4.74,13.98,38.89,46.04,186.1
SHREEPUSHK,407.3,2026-07-01,-0.15,2.74,13.98,26.86,8.02,14.68
EQUIPPP,20.87,2026-07-01,-2.06,-2.89,13.98,43.44,-8.63,12.69
HIKAL,218.96,2026-07-01,1.88,0.18,13.95,36.88,-3.42,-36.47
IFCI,76.59,2026-07-01,-0.76,-8.12,13.94,46.98,44.32,18.1
DYCL,364.7,2026-07-01,-1.33,-0.25,13.92,39.97,8.33,-20.31
LANDMARK,425.9,2026-07-01,-1.87,-6.16,13.92,6.16,-9.74,-18.89
JKIPL,107.21,2026-07-01,-1.62,-1.08,13.91,110.63,18.12,
GSMFOILS,229.65,2026-06-30,0.33,2.96,13.89,37.39,14.77,40.03
OLAELEC,45.02,2026-07-01,11.49,5.88,13.89,73.89,19.99,7.14
UTKARSHBNK,14.85,2026-07-01,3.92,0.75,13.88,29.81,0.75,-39.34
WELSPUNLIV,165.26,2026-07-01,1.99,2.17,13.87,42.82,25.15,18.21
IPCALAB,1696.4,2026-07-01,2.99,6.2,13.82,12.48,21.33,23.82
UJJIVANSFB,61.31,2026-07-01,7.73,8.13,13.81,14.34,14.81,24.56
RGL,117.31,2026-07-01,1.45,2.88,13.8,15.21,-7.41,-1.42
SMSPHARMA,408.95,2026-07-01,7.42,9.2,13.76,4.12,30.47,64.96
DEEPAKFERT,1604.6,2026-07-01,3.89,0.12,13.75,62.35,29.04,-7.31
MOLDTECH,134.17,2026-07-01,-0.01,-0.19,13.75,18.82,-10.85,-16.33
GUFICBIO,394.35,2026-07-01,2.08,9.42,13.74,36.6,15.51,11.46
MIRZAINT,34.62,2026-07-01,-1.25,4.15,13.73,24.67,-6.26,7.82
TEXINFRA,110.33,2026-07-01,1.59,0.8,13.71,14.24,10.51,7.25
SADHNANIQ,2.82,2026-07-01,-3.42,-5.69,13.71,97.2,-60.94,-66.75
CEATLTD,3634.8,2026-07-01,7.08,3.54,13.69,7.35,-3.71,0.37
MEDANTA,1328.0,2026-07-01,1.79,3.1,13.62,34.25,11.42,15.38
SATIN,251.63,2026-07-01,6.67,6.56,13.6,71.9,74.39,49.0
MANCREDIT,241.42,2026-07-01,0.53,10.76,13.59,40.73,44.51,23.57
KILITCH,205.52,2026-07-01,10.29,8.39,13.53,48.55,14.38,-4.92
ORIENTLTD,70.45,2026-07-01,-1.43,-1.04,13.48,16.08,-9.17,-25.47
RBA,77.09,2026-07-01,-3.38,-3.25,13.45,30.44,21.33,-7.02
GAYAPROJ,22.28,2026-07-01,2.48,-5.95,13.44,54.72,93.24,160.28
VLSFINANCE,255.95,2026-07-01,-0.5,2.54,13.43,18.28,-16.19,3.91
WEL,104.48,2026-07-01,5.59,10.98,13.42,29.35,-30.89,-34.91
PNC,21.58,2026-07-01,-1.69,-4.85,13.4,15.46,-21.56,-24.2
MENONBE,161.51,2026-07-01,-0.26,-6.54,13.4,49.77,45.57,29.71
ORTINGLOBE,17.02,2026-07-01,-4.11,2.47,13.39,19.61,23.33,42.07
CUB,216.05,2026-07-01,7.22,9.14,13.37,20.19,-0.32,26.15
ADOR,1248.4,2026-07-01,-0.22,0.06,13.35,39.76,19.66,21.01
CBAZAAR,5.1,2026-06-30,4.08,13.33,13.33,2.0,27.5,-35.03
GENSOL,21.38,2026-06-30,0.0,-4.98,13.3,9.53,-19.11,-49.48
SUPERSPIN,5.71,2026-07-01,-0.35,11.96,13.29,35.31,-29.42,-48.0
QPOWER,1186.3,2026-07-01,-1.75,-9.28,13.25,36.86,46.02,81.98
UNIVCABLES,1237.9,2026-07-01,1.17,-8.23,13.18,80.85,29.23,58.63
CCCL,16.76,2026-07-01,-0.77,14.64,13.17,18.61,-4.17,-15.31
GARFIBRES,727.95,2026-07-01,-2.88,-6.28,13.13,21.72,4.5,-20.04
HIGREEN,137.05,2026-06-30,-4.66,-8.33,13.08,32.42,-19.5,-35.26
INNOVACAP,973.35,2026-07-01,-2.1,4.1,13.08,38.27,32.2,15.63
ZEEL,108.31,2026-07-01,0.92,-6.43,13.07,42.38,19.71,-22.12
HONAUT,39655.0,2026-07-01,1.63,3.39,13.07,45.31,19.98,2.01
FISCHER,40.97,2026-07-01,7.0,16.66,13.05,-0.49,-1.09,
CARBORUNIV,1163.9,2026-07-01,-2.35,-3.92,12.93,45.03,35.63,17.25
EDELWEISS,125.44,2026-07-01,3.76,-3.72,12.86,18.12,15.44,8.44
TSFINV,451.0,2026-07-01,1.59,12.95,12.85,26.17,1.94,-8.81
SUNTECK,326.7,2026-07-01,3.48,1.0,12.85,10.71,-24.01,-25.39
FEDDERSHOL,40.8,2026-07-01,-0.49,2.33,12.83,,,
SANSERA,3165.1,2026-07-01,0.81,5.81,12.79,47.74,79.27,127.65
THOMASCOOK,105.93,2026-07-01,-2.49,-7.97,12.78,10.6,-28.69,-34.12
STEELCAS,303.95,2026-07-01,1.2,0.0,12.78,28.64,44.56,31.53
ETERNAL,279.7,2026-07-01,7.83,6.09,12.74,18.26,-1.44,7.16
RADICO,3952.6,2026-07-01,1.95,4.6,12.73,47.27,21.47,54.07
POONAWALLA,442.15,2026-07-01,3.2,4.11,12.72,15.55,-8.5,-4.72
SMARTWORKS,491.25,2026-07-01,-0.21,4.89,12.71,28.36,-2.82,
KOVAI,6050.0,2026-07-01,1.66,3.55,12.67,134.8,134.8,134.8
MARKSANS,268.85,2026-07-01,2.07,4.99,12.64,59.99,49.47,4.37
BELLACASA,268.55,2026-07-01,3.94,9.11,12.64,2.35,-25.79,
EIHOTEL,325.2,2026-07-01,1.34,-1.5,12.62,16.14,-11.17,-11.18
INDOCO,236.68,2026-07-01,1.12,0.11,12.6,26.51,3.14,-24.35
GKENERGY,137.9,2026-07-01,-1.54,-7.48,12.54,51.81,-10.7,
MBAPL,593.25,2026-07-01,5.51,6.78,12.51,17.63,38.72,41.86
LINC,111.34,2026-07-01,-3.97,-1.22,12.36,18.16,4.1,-26.74
ABANSENT,28.85,2026-07-01,4.76,7.17,12.34,,,
ABSLAMC,1144.6,2026-07-01,-2.24,-3.03,12.29,26.98,35.71,48.75
CINEVISTA,17.37,2026-07-01,-5.13,13.16,12.28,17.68,9.04,-9.3
EMIL,127.82,2026-07-01,9.9,5.15,12.28,37.75,19.88,-11.03
SIGNPOST,306.5,2026-07-01,23.76,19.17,12.27,32.62,39.08,38.7
SHILCTECH,4531.6,2026-07-01,1.51,-1.42,12.26,15.66,18.31,
MCON,44.0,2026-06-30,-4.14,-3.51,12.24,16.4,-25.23,-58.92
MOTILALOFS,955.95,2026-07-01,0.88,0.75,12.24,40.58,14.5,10.94
AIIL,513.95,2026-07-01,-0.79,-6.55,12.23,18.83,-18.06,3.1
RELIGARE,264.4,2026-07-01,-2.07,-0.43,12.22,20.44,6.67,17.13
PILITA,9.0,2026-07-01,1.81,7.53,12.22,28.39,-5.76,-41.06
ANANDRATHI,1964.9,2026-07-01,-1.2,2.46,12.2,26.42,27.23,87.1
ABCAPITAL,393.15,2026-07-01,2.04,0.31,12.15,29.8,8.62,40.01
SONUINFRA,52.25,2026-06-30,-5.0,7.73,12.12,37.5,-27.93,-59.34
CAMLINFINE,131.79,2026-07-01,1.71,-6.63,12.1,29.77,-10.24,-57.04
GULFOILLUB,1040.0,2026-07-01,-4.88,0.42,12.09,16.01,-12.88,-13.88
CHEMBOND,187.18,2026-07-01,0.63,3.74,12.08,53.3,16.12,-16.25
MOTOUR,80.38,2026-07-01,1.95,1.52,12.07,17.74,-6.3,-13.59
COMMITTED,325.0,2026-06-30,1.25,5.18,12.07,29.92,59.78,35.7
APOLLOTYRE,431.65,2026-07-01,2.62,0.82,12.03,3.95,-12.05,-1.87
INDOSTAR,252.6,2026-07-01,-0.93,2.45,11.98,29.45,4.64,-30.37
REMUS,779.25,2026-06-30,2.06,-0.51,11.95,24.1,9.82,-60.4
5PAISA,363.45,2026-07-01,3.53,7.59,11.95,34.51,-3.29,-12.0
RUSHIL,16.69,2026-07-01,1.27,-3.3,11.94,13.38,-26.93,-41.87
PARADEEP,138.29,2026-07-01,2.8,-0.49,11.94,19.3,-16.13,-12.68
BOROSCI,168.58,2026-07-01,-2.72,9.18,11.9,52.18,40.24,3.75
GOODLUCK,1474.8,2026-07-01,0.01,-0.57,11.9,42.25,38.86,30.41
FINKURVE,65.43,2026-07-01,1.38,-5.69,11.85,16.11,-35.31,
DLF,648.7,2026-07-01,5.52,3.36,11.84,27.26,-6.18,-22.53
GLAXO,2464.7,2026-07-01,4.68,4.3,11.81,8.51,2.91,-24.63
SPANDANA,277.85,2026-07-01,5.45,5.61,11.79,44.28,3.93,-1.28
MOREALTY,85.6,2026-07-01,4.82,5.38,11.78,28.7,-3.21,-13.03
TVTODAY,127.49,2026-07-01,4.45,17.88,11.75,23.27,-9.82,-24.87
SUNDRMFAST,937.35,2026-07-01,0.92,5.3,11.72,25.11,-0.44,-9.41
REPCOHOME,424.9,2026-07-01,0.82,8.01,11.68,16.81,-0.51,-1.28
RECLTD,370.1,2026-07-01,1.41,0.07,11.68,14.9,2.87,-2.59
HOMEFIRST,1201.6,2026-07-01,2.89,4.66,11.66,27.02,9.67,-8.55
ABREL,1396.0,2026-07-01,6.16,6.26,11.64,20.87,-16.93,-42.04
INDHOTEL,718.75,2026-07-01,1.65,-1.51,11.63,23.37,-2.25,-5.26
SIMPLEXINF,265.9,2026-07-01,5.39,0.3,11.61,67.26,7.45,-1.55
UNIPARTS,661.65,2026-07-01,-0.32,-2.83,11.6,44.21,39.32,78.21
DLINKINDIA,517.5,2026-07-01,-0.19,-0.46,11.59,30.83,23.35,-4.84
RAYMOND,591.25,2026-07-01,1.35,-1.53,11.56,68.54,38.92,-21.9
SCHNEIDER,1387.0,2026-07-01,-4.58,-0.61,11.55,58.32,93.8,66.58
COROMANDEL,1993.2,2026-07-01,4.14,0.28,11.5,3.88,-11.58,-13.63
PRIVISCL,3684.2,2026-07-01,2.39,0.78,11.46,25.7,31.62,62.12
VISAKAIND,78.13,2026-07-01,1.82,0.2,11.46,44.03,12.15,-15.8
PNCINFRA,230.71,2026-07-01,1.92,-2.42,11.42,33.84,-8.18,-24.83
GVPIL,915.4,2026-07-01,-2.4,-10.43,11.38,128.11,181.79,190.51
UTLSOLAR,339.25,2026-07-01,10.24,6.75,11.38,66.95,51.85,
GLOSTERLTD,741.75,2026-07-01,2.52,4.27,11.37,37.82,11.03,-7.0
SAYAJIHOTL,302.25,2026-07-01,-4.17,3.16,11.37,,,
PCBL,319.0,2026-07-01,-0.17,2.28,11.36,23.83,7.68,-21.79
GALAXYSURF,1966.6,2026-07-01,-0.33,0.51,11.35,20.35,-3.33,-24.31
ENERGYDEV,18.11,2026-07-01,12.21,10.09,11.31,31.23,-7.93,-19.62
ICICIBANK,1379.8,2026-07-01,-0.56,2.03,11.3,13.78,3.12,-2.9
GROWWRLTY,9.57,2026-07-01,4.36,5.4,11.28,27.6,-3.45,
NEOGEN,2013.6,2026-07-01,6.98,5.15,11.27,70.27,71.22,23.0
ONWARDTEC,289.15,2026-07-01,0.75,9.9,11.23,28.17,-1.65,-13.79
MARUTI,14395.0,2026-07-01,7.33,7.26,11.19,15.08,-13.84,16.95
AYMSYNTEX,247.93,2026-07-01,14.28,13.63,11.18,32.44,45.35,8.76
PUNJABCHEM,1078.9,2026-07-01,5.7,1.99,11.17,16.22,-9.39,-14.66
TITAGARH,890.7,2026-07-01,1.41,-3.25,11.14,46.26,1.02,-7.47
BOSCHLTD,40785.0,2026-07-01,2.26,1.2,11.12,33.13,12.85,27.92
LODHA,992.3,2026-07-01,5.61,7.08,11.12,44.79,-7.5,-28.45
CCL,1183.0,2026-07-01,1.56,2.99,11.1,9.3,30.3,42.37
NAZARA,302.8,2026-07-01,-0.31,0.75,11.1,27.85,8.14,-6.85
SJS,2227.7,2026-07-01,0.93,2.11,11.09,40.6,25.37,78.6
RESPONIND,200.88,2026-07-01,3.15,2.89,11.06,55.01,0.7,-14.76
EQUITASBNK,77.09,2026-07-01,3.34,0.68,11.06,44.12,20.42,11.35
AMIABLE,80.95,2026-06-30,-4.71,4.86,11.04,15.64,-3.57,9.54
MAHLIFE,372.7,2026-07-01,1.54,3.51,11.04,18.17,-5.37,3.77
SHAKTIPUMP,569.7,2026-07-01,-3.39,2.88,11.01,15.23,-22.94,-40.26
TNPETRO,96.87,2026-07-01,2.53,6.29,11.01,15.93,-7.87,-5.77
SANOFI,3460.4,2026-07-01,2.78,3.51,11.0,7.51,-14.41,-42.46
CARYSIL,1172.2,2026-07-01,-1.34,-1.58,11.0,47.84,29.1,34.63
CREST,381.85,2026-07-01,0.5,-5.59,10.97,16.17,-1.71,-0.21
RSWM,194.27,2026-07-01,1.24,0.96,10.96,51.55,30.9,11.84
RIIL,820.55,2026-07-01,-1.71,-5.4,10.95,23.63,0.74,-14.72
AADHARHFC,517.75,2026-07-01,-0.19,4.53,10.93,14.76,7.55,11.61
SHBAJRG,189.92,2026-07-01,-1.12,-3.31,10.93,,,
JPOLYINVST,1132.5,2026-07-01,2.92,2.12,10.92,5.01,8.79,26.9
MUFIN,134.0,2026-07-01,5.21,1.61,10.92,31.51,15.48,73.33
MANAKCOAT,113.38,2026-07-01,4.29,1.17,10.89,13.33,-14.48,-15.1
COSMOFIRST,794.05,2026-07-01,0.16,2.54,10.8,27.26,17.13,-32.16
KALYANKJIL,381.05,2026-07-01,0.85,-0.01,10.79,-1.56,-21.3,-32.99
IDFCFIRSTB,78.93,2026-07-01,0.93,-2.18,10.78,31.16,-7.8,2.52
SGIL,585.45,2026-07-01,4.47,-0.23,10.78,21.94,16.21,13.54
ALKYLAMINE,1765.9,2026-07-01,5.28,-3.14,10.73,35.01,9.73,-22.88
SOUTHBANK,45.46,2026-07-01,-0.83,-2.61,10.72,25.03,19.85,45.81
VARROC,637.15,2026-07-01,3.0,2.03,10.68,33.2,4.91,11.97
ASHIANA,396.05,2026-07-01,2.44,2.02,10.67,31.99,40.35,14.34
NAM-INDIA,1196.4,2026-07-01,2.49,1.77,10.67,39.8,38.22,53.2
JLHL,1444.5,2026-07-01,4.27,6.41,10.66,15.94,3.42,-2.32
SIYSIL,636.85,2026-07-01,0.17,1.0,10.64,35.3,2.1,-7.2
RUSTOMJEE,433.7,2026-07-01,2.19,9.69,10.58,13.8,-19.3,-31.59
DEN,29.43,2026-07-01,0.31,-10.76,10.56,18.43,-5.73,-22.98
GREENLAM,255.4,2026-07-01,-1.66,-0.01,10.55,16.89,5.35,7.01
GROWW,205.29,2026-07-01,1.17,3.88,10.54,27.08,32.19,
AHLUCONT,843.9,2026-07-01,-3.12,0.52,10.51,24.24,-12.02,-16.77
AIAENG,4996.0,2026-07-01,0.9,3.05,10.46,35.72,23.97,52.33
OCCLLTD,126.17,2026-07-01,1.49,-3.15,10.45,45.26,25.07,7.11
MANAKSTEEL,74.61,2026-07-01,2.54,2.01,10.42,52.73,2.97,14.17
VIJAYA,1369.9,2026-07-01,4.47,3.37,10.4,54.87,31.42,39.99
GEOJITFSL,78.31,2026-07-01,1.48,-0.63,10.34,37.05,5.35,-7.52
AURIONPRO,856.55,2026-07-01,-1.5,-3.77,10.33,9.36,-19.22,-40.46
TBZ,191.27,2026-07-01,1.1,-0.04,10.32,51.75,16.01,0.83
NITINSPIN,556.15,2026-07-01,-0.68,-0.31,10.3,53.21,74.92,43.34
APTUS,286.9,2026-07-01,7.39,6.02,10.3,42.16,2.67,-8.97
AKSHOPTFBR,6.86,2026-07-01,-3.79,-13.71,10.29,55.56,7.36,-24.37
JMFINANCIL,128.97,2026-07-01,4.34,0.15,10.27,8.85,-11.26,-16.68
RELCHEMQ,133.51,2026-07-01,-0.88,-3.13,10.24,21.36,-2.74,-26.51
UNIVASTU,87.73,2026-07-01,-2.95,-5.79,10.23,41.96,27.74,6.0
KIMS,831.0,2026-07-01,3.17,3.08,10.23,32.98,34.88,21.09
ASHOKLEY,162.32,2026-07-01,3.15,3.26,10.22,10.72,-10.7,32.12
BELRISE,237.0,2026-07-01,-1.44,-4.24,10.22,25.17,28.76,127.9
MTARTECH,7790.0,2026-07-01,2.8,-6.08,10.19,116.17,225.19,389.78
SHANKARA,130.67,2026-07-01,6.63,5.18,10.18,15.02,22.71,-87.09
J&KBANK,156.2,2026-07-01,-2.15,-3.79,10.18,36.69,54.59,36.6
BASML,27.28,2026-07-01,-0.66,3.88,10.18,41.35,3.69,-20.37
STARHEALTH,586.8,2026-07-01,0.35,0.84,10.1,24.88,26.28,38.45
LOVABLE,78.09,2026-07-01,1.13,5.23,10.09,27.27,-2.61,-20.97
WPIL,479.1,2026-07-01,-2.83,-1.87,10.07,,,
CALSOFT,23.19,2026-07-01,-1.24,-12.79,10.06,96.19,46.59,29.05
SMVD,12.1,2026-06-30,4.76,4.76,10.0,8.04,49.38,-14.18
FAZE3Q,607.05,2026-07-01,0.46,2.63,9.97,52.99,48.1,-4.18
BAJAJCON,614.55,2026-07-01,2.91,-0.83,9.93,69.91,131.29,190.69
PAYTM,1203.7,2026-07-01,6.23,10.5,9.93,20.72,-6.81,29.4
EMBDL,63.31,2026-07-01,2.66,2.39,9.91,52.81,6.47,-48.84
LICI,434.7,2026-07-01,0.8,0.56,9.89,19.27,4.34,-7.14
MANGLMCEM,912.75,2026-07-01,0.06,1.64,9.86,14.35,19.38,22.23
WINNY,41.25,2026-06-30,0.0,0.0,9.85,5.91,-46.95,-70.54
FINOPB,139.19,2026-07-01,-4.43,-10.4,9.84,11.79,-45.87,-51.67
IKS,1800.2,2026-07-01,5.92,6.51,9.83,35.2,7.01,10.52
MANALIPETC,65.38,2026-07-01,2.94,-1.24,9.83,56.56,4.01,-6.31
KAPSTON,375.95,2026-07-01,4.36,8.97,9.8,32.12,25.21,55.78
ACCENTMIC,485.25,2026-06-30,0.32,8.24,9.8,36.59,42.3,83.13
SBIN,1047.4,2026-07-01,1.09,0.64,9.78,4.76,8.28,29.99
URAVIDEF,130.15,2026-07-01,12.19,12.55,9.78,6.47,-28.07,-73.77
AARVI,144.69,2026-07-01,3.11,4.79,9.76,13.34,13.73,31.22
NOCIL,178.79,2026-07-01,-2.07,-6.3,9.71,9.21,17.06,-7.21
ELANTAS,10384.0,2026-07-01,-2.22,-2.7,9.69,,,
BHARATFORG,2108.8,2026-07-01,-2.86,0.24,9.68,26.4,44.17,65.16
INDOBORAX,376.5,2026-07-01,-2.16,4.22,9.67,54.28,38.83,74.66
TIRUPATI,510.0,2026-06-30,0.0,1.63,9.67,18.96,-28.67,8.51
GODREJIND,1197.4,2026-07-01,3.81,7.35,9.66,43.94,16.24,-0.79
SCANSTL,41.08,2026-07-01,5.33,8.39,9.66,,,
CDSL,1332.4,2026-07-01,2.66,-2.87,9.65,12.65,-7.87,-25.27
GANESHBE,103.07,2026-07-01,-0.18,-5.23,9.64,32.53,26.09,4.62
DTIL,144.1,2026-07-01,5.25,3.25,9.61,23.71,-9.18,-28.07
NGLFINE,3002.7,2026-07-01,-2.62,-4.66,9.59,44.28,115.0,159.99
LIBERTSHOE,265.85,2026-07-01,-2.85,1.79,9.58,17.29,-5.64,-33.65
PRICOLLTD,616.3,2026-07-01,5.67,7.39,9.55,14.58,-6.69,36.23
LOTUSEYE,118.45,2026-07-01,-2.58,-7.0,9.49,16.31,-1.66,66.01
KRBL,378.45,2026-07-01,-0.18,-3.44,9.49,24.96,-4.31,1.72
DDEVPLSTIK,270.2,2026-07-01,0.5,-2.12,9.49,26.26,-9.92,1.28
SURYODAY,178.51,2026-07-01,2.86,1.91,9.48,42.68,26.01,27.29
INFOMEDIA,5.81,2026-07-01,2.65,-2.35,9.42,16.43,-9.22,-25.61
OBEROIRLTY,1804.6,2026-07-01,2.88,6.71,9.41,22.54,6.69,-5.22
NORTHARC,304.15,2026-07-01,3.95,2.17,9.39,40.19,21.57,27.59
ESCONET,140.0,2026-06-30,2.94,18.24,9.38,53.42,4.99,-28.99
GENCON,43.25,2026-07-01,-1.66,3.87,9.36,-4.25,5.57,6.37
YUDIZ,28.1,2026-06-30,0.0,9.13,9.34,26.86,-0.88,-7.26
GANESHHOU,774.7,2026-07-01,1.23,-0.54,9.32,40.57,-3.58,-20.71
PRIMO,24.04,2026-07-01,-1.52,-5.13,9.32,25.54,2.21,-8.1
INDNIPPON,975.1,2026-07-01,1.06,5.86,9.31,35.95,22.22,30.62
ELECON,549.95,2026-07-01,5.19,0.9,9.31,44.62,14.73,-12.9
QUADPRO,2.35,2026-06-30,0.0,4.44,9.3,27.03,0.0,-39.74
BEACON,92.9,2026-06-30,3.22,0.11,9.29,38.04,7.09,54.83
TITAN,4398.6,2026-07-01,2.84,0.6,9.29,8.19,8.63,19.22
20MICRONS,199.35,2026-07-01,0.98,5.81,9.26,35.17,-6.0,-13.66
IGPL,449.35,2026-07-01,0.41,-0.73,9.25,23.43,13.76,-4.66
KAJARIACER,1203.6,2026-07-01,-0.19,3.24,9.25,21.36,25.0,13.11
AARTIPHARM,701.7,2026-07-01,3.91,3.5,9.24,10.5,-5.51,-22.74
NEULANDLAB,18786.0,2026-07-01,3.86,9.07,9.23,48.94,24.74,58.29
MSUMI,41.12,2026-07-01,3.16,7.11,9.22,7.64,-15.94,3.54
CHOLAHLDNG,1661.4,2026-07-01,0.9,4.55,9.2,19.81,-11.56,-21.28
CGPOWER,976.5,2026-07-01,2.12,1.45,9.19,43.54,53.42,43.28
WINDMACHIN,304.5,2026-07-01,-0.18,-4.0,9.1,39.77,14.22,-22.49
ITDC,585.25,2026-07-01,-0.55,-6.13,9.08,47.98,-3.59,-3.04
MARKOLINES,182.58,2026-07-01,2.15,6.19,9.06,25.96,12.95,
CENTENKA,530.4,2026-07-01,3.32,-2.57,9.03,34.93,17.2,6.42
POWERMECH,2736.8,2026-07-01,0.62,-5.47,9.0,45.9,20.14,-16.76
EPACK,238.3,2026-07-01,2.85,-5.68,9.0,9.56,-14.73,-32.61
HESTERBIO,2198.6,2026-07-01,0.0,2.3,9.0,61.0,37.92,21.53
GOLDIAM,446.6,2026-07-01,-1.34,-4.87,8.99,53.79,23.97,31.26
PRUDENT,2975.0,2026-07-01,0.68,-3.39,8.98,31.48,16.59,14.17
HDFCBANK,796.15,2026-07-01,-0.34,1.24,8.97,9.04,-18.35,-19.35
FDC,430.55,2026-07-01,2.34,6.7,8.96,31.15,4.1,-11.25
CPEDU,200.02,2026-07-01,-5.06,-5.26,8.94,29.88,-21.24,
KRISHNADEF,1192.3,2026-07-01,-4.39,-12.98,8.93,34.87,46.79,33.65
SURANAT&P,19.54,2026-07-01,-2.15,-0.56,8.92,16.1,-2.4,0.1
UMESLTD,6.11,2026-07-01,10.09,10.49,8.91,-8.53,23.19,4.98
3BBLACKBIO,1201.1,2026-07-01,2.33,-0.13,8.91,,,
ZENTEC,1763.1,2026-07-01,1.18,-10.14,8.91,31.05,29.96,-10.74
NIBE,1656.2,2026-07-01,0.86,-9.76,8.86,85.14,45.06,-0.81
EMPOWER,2.46,2026-07-01,3.8,20.59,8.85,,,
MANORAMA,1565.0,2026-07-01,-1.39,1.14,8.84,28.15,17.38,6.6
FLUOROCHEM,3930.9,2026-07-01,1.51,2.06,8.83,21.52,6.97,10.43
NITIRAJ,190.31,2026-07-01,2.85,-0.31,8.8,-10.37,1.55,-5.02
ALLTIME,239.33,2026-07-01,2.11,-1.7,8.8,20.55,-8.88,
LLOYDSENT,73.69,2026-07-01,-2.07,-5.15,8.77,64.56,17.73,-16.66
LRRPL,93.0,2026-06-30,0.0,0.0,8.77,27.75,26.36,29.17
ROLEXRINGS,149.78,2026-07-01,1.4,3.04,8.77,28.38,17.02,-7.4
ABSL10BANK,172.79,2026-07-01,0.31,0.68,8.71,10.26,,
SHYAMTEL,19.38,2026-07-01,-3.92,-2.91,8.69,136.92,57.69,22.97
BANKBEES,601.57,2026-07-01,0.6,0.44,8.68,12.78,-2.23,1.76
BAJAJST,412.15,2026-07-01,1.56,0.87,8.68,,,
TRANSTEEL,135.5,2026-06-30,5.94,10.93,8.66,-1.92,-5.18,7.54
GOYALSALT,122.5,2026-06-30,3.24,4.79,8.65,22.93,-23.44,-21.47
HDFCNIFBAN,59.81,2026-07-01,0.74,0.4,8.65,13.08,-2.24,1.96
BANKBETF,58.99,2026-07-01,0.56,0.2,8.64,12.96,-2.25,1.81
JBMA,702.7,2026-07-01,2.66,-3.49,8.63,25.24,12.32,7.29
TRIDENT,26.31,2026-07-01,1.66,0.69,8.63,12.41,0.1,-13.7
SAILIFE,1243.8,2026-07-01,-0.33,3.49,8.61,27.33,38.16,59.5
PANSARI,308.2,2026-07-01,9.27,4.21,8.58,21.63,2.73,34.6
BANKBETA,60.06,2026-07-01,0.57,0.37,8.57,9.22,-2.33,
SBIETFPB,288.25,2026-07-01,0.59,0.9,8.56,12.77,-1.61,0.56
PIDILITIND,1581.9,2026-07-01,-1.11,0.62,8.56,21.03,7.66,4.59
TIL,201.02,2026-07-01,-4.52,-13.34,8.54,13.65,-25.93,-49.23
INDIANHUME,327.25,2026-07-01,-1.67,-0.14,8.52,6.53,-19.02,-25.55
NAVINFLUOR,7585.0,2026-07-01,1.32,0.17,8.51,25.86,28.01,55.76
ARKADE,123.7,2026-07-01,0.24,3.22,8.51,21.08,-8.97,-35.46
SETFNIFBK,595.8,2026-07-01,0.44,0.28,8.5,12.65,-2.4,1.62
KOKUYOCMLN,88.03,2026-07-01,0.06,-3.67,8.5,18.99,-2.29,-32.81
AUBANK,1051.4,2026-07-01,2.03,0.61,8.49,20.17,5.2,25.57
STYLAMIND,3209.2,2026-07-01,-2.39,1.14,8.49,47.54,42.66,98.45
63MOONS,664.7,2026-07-01,1.23,-2.51,8.49,31.81,-8.82,-34.09
BANKIETF,59.61,2026-07-01,0.71,0.39,8.48,12.71,-2.28,13.37
RBZJEWEL,135.59,2026-07-01,3.02,1.01,8.47,16.89,-2.71,-2.57
BANKADD,59.4,2026-07-01,0.54,0.35,8.47,12.97,-2.32,1.56
MOBANK10,17.29,2026-07-01,0.93,0.93,8.47,,,
JSWCEMENT,136.7,2026-07-01,2.95,5.11,8.47,19.15,13.7,
GROWWHOSPI,53.72,2026-07-01,0.52,1.57,8.46,18.98,,
SUNDARMFIN,4568.9,2026-07-01,0.47,0.65,8.45,-0.53,-13.88,-10.75
AXISBNKETF,598.39,2026-07-01,0.51,0.24,8.45,12.95,-2.4,1.62
STERTOOLS,250.19,2026-07-01,1.03,2.15,8.45,38.18,-9.14,-31.8
ASHOKA,132.11,2026-07-01,-0.05,-2.52,8.44,19.3,-21.31,-39.06
ALIVUS,1136.4,2026-07-01,1.51,5.12,8.44,15.46,25.21,14.42
ZFSTEERING,721.35,2026-07-01,2.15,2.65,8.44,,,
DEEDEV,675.55,2026-07-01,1.3,-0.24,8.43,133.59,223.37,112.44
RAJRATAN,448.75,2026-07-01,3.4,-3.29,8.42,23.78,-2.69,6.56
NETWORK18,32.7,2026-07-01,4.14,-4.16,8.42,7.67,-24.15,-43.55
TENNIND,603.95,2026-07-01,4.03,2.93,8.41,13.71,19.59,
BANKETF,591.07,2026-07-01,0.43,0.26,8.41,13.1,-2.37,1.53
MUKKA,24.13,2026-07-01,2.46,-3.33,8.4,18.52,0.29,-19.41
FIBERWEB,30.92,2026-07-01,1.78,3.58,8.38,-6.84,-14.23,-39.28
VOLTAMP,9934.0,2026-07-01,-1.45,-5.47,8.37,9.71,27.51,2.27
ABSLBANETF,59.46,2026-07-01,0.66,0.15,8.37,12.89,-2.36,1.73
PINELABS,155.81,2026-07-01,-1.7,1.89,8.31,-0.47,-33.73,
UNITDSPR,1352.4,2026-07-01,0.81,0.69,8.3,8.25,-3.25,-2.41
AUROPHARMA,1552.6,2026-07-01,0.33,4.07,8.29,15.68,30.14,37.61
RPGLIFE,2352.6,2026-07-01,3.26,0.77,8.29,25.3,1.73,-7.22
SMLMAH,3960.5,2026-07-01,-1.66,-3.4,8.29,-0.23,-3.21,78.13
PVTBANIETF,28.47,2026-07-01,0.39,0.67,8.29,13.29,-1.93,0.39
NPBET,291.32,2026-07-01,-0.57,0.36,8.29,14.64,-2.0,0.1
RACLGEAR,1373.5,2026-07-01,-0.53,0.69,8.29,12.05,23.33,51.51
BBNPNBETF,58.58,2026-07-01,0.36,0.57,8.28,14.86,-2.37,1.75
MAMATA,416.75,2026-07-01,0.43,8.97,8.27,28.23,-4.22,5.55
ITALIANE,36.0,2026-06-30,-2.17,10.77,8.27,0.28,26.54,-9.73
DEEM,51.3,2026-06-30,0.0,-5.7,8.23,73.02,-0.97,-18.31
BANKNIFTY1,60.22,2026-07-01,0.32,0.2,8.23,13.37,-90.25,-89.83
SUZLON,58.35,2026-07-01,1.99,-1.62,8.2,41.9,11.21,-13.17
SUDEEPPHRM,844.35,2026-07-01,2.83,1.59,8.18,37.52,41.07,
STCINDIA,127.2,2026-07-01,-0.73,-3.58,8.16,23.29,1.68,-12.28
MHRIL,236.86,2026-07-01,-1.64,-2.42,8.16,-3.0,-23.2,-30.63
HDFCPVTBAN,28.71,2026-07-01,0.7,0.63,8.14,15.02,-1.61,0.35
SAHANA,890.7,2026-06-30,1.51,-5.9,8.11,15.77,8.17,-37.65
TEXRAIL,111.97,2026-07-01,4.12,-1.27,8.1,26.66,-18.06,-36.4
CMRSL,71.4,2026-06-30,0.0,5.0,8.1,36.13,-8.64,-15.06
ADANIENT,3143.6,2026-07-01,6.11,2.75,8.1,70.69,39.16,19.96
DJML,113.32,2026-07-01,-1.79,-3.05,8.08,35.63,64.97,5.02
YATHARTH,856.85,2026-07-01,0.94,0.58,8.07,28.53,26.9,56.13
JINDALSAW,260.25,2026-07-01,0.07,1.78,8.04,37.27,56.84,9.88
BANK10ADD,17.33,2026-07-01,0.23,1.05,8.04,12.31,,
VINCOFE,155.34,2026-07-01,3.57,-3.0,8.04,14.61,-3.05,15.89
BPL,57.18,2026-07-01,4.48,-4.43,8.03,28.75,-2.71,-37.43
ODIGMA,24.11,2026-07-01,-1.35,-6.37,8.02,7.92,-24.13,-39.47
UCOBANK,26.88,2026-07-01,0.34,-2.5,8.0,15.41,-7.45,-17.01
OMPOWER,181.84,2026-07-01,0.77,-0.61,7.99,,,
EBANKNIFTY,58.26,2026-07-01,-0.17,0.22,7.93,12.3,-2.74,1.15
PVTBANKADD,28.6,2026-07-01,-1.45,0.6,7.92,14.26,-1.72,0.32
INTERNET,12.96,2026-07-01,3.76,2.37,7.91,16.84,-7.86,
WANBURY,287.55,2026-07-01,2.08,5.37,7.88,24.79,25.07,2.71
MGL,1162.0,2026-07-01,1.74,-6.7,7.87,23.15,4.09,-20.19
STARTECK,288.8,2026-07-01,1.56,2.48,7.86,17.91,-2.05,-2.23
PTL,42.35,2026-07-01,0.26,-1.92,7.84,12.78,11.74,-1.82
GVPTECH,7.16,2026-07-01,0.85,-1.65,7.83,15.86,-20.09,-31.55
SPLPETRO,725.05,2026-07-01,-0.82,-6.43,7.82,-1.87,12.76,-12.83
HBESD,78.49,2026-07-01,3.03,7.52,7.82,,,
CENTRALBK,32.68,2026-07-01,-2.8,-1.06,7.82,0.41,-11.18,-16.24
BCLIND,34.63,2026-07-01,2.46,-3.48,7.81,19.79,6.29,-16.69
SHREDIGCEM,77.22,2026-07-01,3.61,4.27,7.8,20.69,-15.12,-3.77
VTL,646.2,2026-07-01,2.1,-1.52,7.77,21.97,48.4,30.0
PARKHOSPS,295.35,2026-07-01,1.95,2.11,7.77,49.14,97.03,
HDFCAMC,2745.8,2026-07-01,5.34,2.08,7.72,19.88,5.95,9.11
SANATHAN,444.2,2026-07-01,-0.84,-1.51,7.71,13.07,2.73,-7.74
RAMCOCEM,931.75,2026-07-01,0.22,5.12,7.71,-1.25,-11.96,-13.35
OILCOUNTUB,58.52,2026-07-01,-2.45,3.81,7.69,49.21,-4.14,-34.39
ASTERDM,776.0,2026-07-01,1.35,-1.75,7.64,13.3,28.47,32.39
MOIPO,46.26,2026-07-01,2.44,1.87,7.63,19.63,-0.19,
WELCORP,1477.6,2026-07-01,-1.87,5.56,7.62,79.09,85.46,63.5
GLOBUSSPR,919.4,2026-07-01,6.43,2.34,7.61,7.8,-14.46,-2.86
AERONEU,95.11,2026-07-01,-5.08,1.01,7.6,26.21,26.98,-19.31
UNIONBANK,174.88,2026-07-01,0.18,-0.99,7.59,1.89,13.87,16.92
LAURUSLABS,1493.3,2026-07-01,-0.47,4.0,7.56,43.9,34.62,100.53
GLAND,2465.2,2026-07-01,3.89,12.74,7.54,44.5,43.74,32.49
ZODIACLOTH,81.25,2026-07-01,-1.81,3.12,7.53,21.36,-5.31,-29.44
ZTECH,624.25,2026-06-30,1.34,5.48,7.53,23.04,-6.57,11.35
PRINCEPIPE,276.9,2026-07-01,-2.94,-3.52,7.51,24.01,3.63,-25.3
PATINTLOG,14.76,2026-07-01,-8.78,0.48,7.5,58.88,7.35,-14.48
LAXMICOT,14.77,2026-07-01,0.41,-4.09,7.5,18.44,-21.18,-48.1
HARSHA,419.7,2026-07-01,2.4,-3.82,7.48,26.86,7.63,1.86
PSUBANKADD,86.88,2026-07-01,0.1,-1.92,7.43,6.07,0.96,18.98
BFSI,27.81,2026-07-01,0.72,1.02,7.42,12.27,-2.73,-0.5
MGEL,16.52,2026-07-01,3.25,5.22,7.41,44.53,18.34,11.61
BOROLTD,236.6,2026-07-01,1.0,1.38,7.4,-2.15,-14.46,-29.94
GROWWNET,9.58,2026-07-01,3.23,2.79,7.4,16.12,-8.11,
JISLDVREQS,24.28,2026-07-01,2.92,-0.65,7.39,19.25,-12.06,-25.77
LOTUSDEV,149.45,2026-07-01,-1.88,1.94,7.39,32.79,-6.22,
HATHWAY,11.35,2026-07-01,1.89,-6.97,7.38,17.25,-8.84,-29.11
TVSSRICHAK,4187.3,2026-07-01,2.11,-1.49,7.37,23.35,-3.44,37.66
JBCHEPHARM,2298.0,2026-07-01,-0.23,4.16,7.37,14.88,27.64,41.72
EMCURE,1830.9,2026-07-01,-1.01,2.23,7.37,15.14,30.61,43.16
CYBERTECH,146.92,2026-07-01,-0.18,-0.7,7.36,35.8,1.94,0.82
AIMTRON,1231.6,2026-06-30,-1.61,-0.55,7.34,54.82,55.45,83.48
HILTON,22.55,2026-07-01,-2.38,-9.04,7.33,-5.29,-36.69,-64.68
MANKIND,2490.3,2026-07-01,0.17,-1.89,7.33,24.43,15.05,8.93
CONSUMER,11.59,2026-07-01,2.39,1.31,7.31,16.37,-2.85,-2.03
ASHIKA,377.45,2026-07-01,0.92,-5.33,7.31,,,
PSUBNKBEES,95.98,2026-07-01,0.48,-1.94,7.31,5.17,0.75,18.44
GNRL,106.61,2026-07-01,-6.19,24.2,7.3,,,
SHRINGARMS,224.37,2026-07-01,2.13,7.86,7.3,26.39,-5.77,
HAPPYFORGE,1532.1,2026-07-01,0.27,-1.46,7.29,29.28,32.55,61.47
NEWGEN,473.7,2026-07-01,1.16,-1.83,7.29,9.7,-43.26,-58.44
HEXT,551.65,2026-07-01,6.21,10.65,7.28,29.99,-25.85,-33.16
AXISBANK,1368.7,2026-07-01,0.88,0.74,7.27,14.72,7.4,16.75
ASALCBR,871.1,2026-07-01,1.6,2.16,7.25,20.68,-8.35,-23.07
HNDFDS,560.85,2026-07-01,1.8,1.94,7.23,13.57,9.36,4.18
CYIENTDLM,464.25,2026-07-01,0.65,-3.84,7.22,63.12,11.98,-2.35
EIHAHOTELS,324.95,2026-07-01,0.31,-0.35,7.21,15.48,-8.85,-13.05
INOXWIND,89.85,2026-07-01,1.89,-3.27,7.17,11.57,-26.86,-48.05
URBANCO,128.6,2026-07-01,-2.37,-6.12,7.17,3.89,-2.09,
MBEL,319.15,2026-07-01,3.5,2.44,7.15,25.84,-16.55,
DHARAN,0.15,2026-07-01,0.0,-6.25,7.14,25.0,-31.82,-67.39
TIGERLOGS,35.41,2026-07-01,-3.2,-4.01,7.11,34.49,-2.67,
SAREGAMA,492.35,2026-07-01,-1.31,3.16,7.09,50.29,40.37,0.62
SAMBHV,109.54,2026-07-01,-0.91,-2.9,7.08,8.61,13.95,
MOBIKWIK,207.93,2026-07-01,3.89,5.02,7.08,22.74,-9.62,-15.44
PSUBNKIETF,87.28,2026-07-01,0.44,-1.69,7.08,5.45,0.97,18.43
TIIL,2553.5,2026-07-01,-2.44,-1.26,7.05,14.2,14.21,-19.54
BASF,3564.7,2026-07-01,-1.97,-0.23,7.04,8.96,-8.96,-31.25
BANKPSU,86.57,2026-07-01,0.05,-2.13,7.04,5.48,0.7,18.74
DEFENCE,79.71,2026-07-01,2.4,-1.24,7.02,27.95,,
ARMANFIN,1703.4,2026-07-01,1.87,4.95,7.01,14.72,8.59,-1.87
GROWWDEFNC,95.72,2026-07-01,1.67,-1.34,7.01,25.11,23.88,7.23
INTENTECH,100.76,2026-07-01,1.88,-3.31,7.0,19.75,-13.09,10.79
HSCL,645.55,2026-07-01,-4.43,-1.45,6.99,44.66,33.17,28.54
PRAJIND,361.9,2026-07-01,4.47,5.96,6.99,10.94,13.2,-27.0
AVADHSUGAR,481.35,2026-07-01,3.12,5.65,6.99,2.43,31.37,-0.23
STANLEY,156.39,2026-07-01,3.63,3.8,6.99,20.23,-19.71,-54.84
WAAREERTL,1040.1,2026-07-01,2.65,3.48,6.98,24.04,7.45,4.11
GEECEE,346.2,2026-07-01,4.2,-2.02,6.97,46.79,9.64,-10.42
MAWANASUG,102.0,2026-07-01,0.7,-7.75,6.97,15.3,20.44,3.85
MODEFENCE,104.77,2026-07-01,1.63,-2.01,6.96,24.47,23.46,7.13
LGBBROSLTD,1597.9,2026-07-01,-0.14,2.1,6.95,-5.65,-10.69,25.67
ARSSBL,560.3,2026-07-01,4.98,-0.18,6.92,25.58,-10.65,
WORTHPERI,136.99,2026-07-01,3.85,3.69,6.91,11.33,-1.69,-5.02
SUYOG,838.15,2026-07-01,4.07,2.1,6.91,31.69,36.58,-4.03
MAHLOG,371.4,2026-07-01,-0.27,0.47,6.91,6.6,16.23,8.1
MASTER,363.0,2026-06-30,4.9,3.35,6.9,22.07,12.61,12.42
KORE,136.3,2026-06-30,-1.66,-3.06,6.9,60.35,-9.97,5.17
KHADIM,106.75,2026-07-01,-2.69,-0.6,6.9,25.57,-41.39,-59.55
BANSWRAS,131.67,2026-07-01,-0.09,1.07,6.88,30.35,13.56,-11.56
TVSELECT,514.95,2026-07-01,1.27,6.96,6.87,37.03,17.82,20.03
TEXMOPIPES,46.1,2026-07-01,-0.07,1.56,6.86,21.83,-5.65,-28.34
JAMNAAUTO,134.59,2026-07-01,1.3,0.52,6.83,12.21,6.38,44.13
YESBANK,24.58,2026-07-01,-2.03,-1.52,6.82,37.24,14.38,20.31
DCBBANK,185.23,2026-07-01,-1.41,-1.06,6.82,11.95,6.19,28.26
BLACKBUCK,548.4,2026-07-01,0.11,-4.06,6.8,-4.72,-18.7,26.39
M&MFIN,315.15,2026-07-01,-0.08,7.21,6.79,8.78,-22.02,20.9
HDFCPSUBK,86.95,2026-07-01,0.22,-1.82,6.79,5.55,0.54,19.0
RBLBANK,361.8,2026-07-01,-0.55,-4.41,6.79,19.94,14.75,39.65
GMBREW,965.15,2026-07-01,2.51,5.1,6.77,-7.08,-19.35,31.29
OMAXE,79.51,2026-07-01,-5.64,1.81,6.75,13.67,-1.72,-21.91
MASON,125.0,2026-06-30,-0.79,-0.87,6.75,1.67,-36.22,-28.06
SEMAC,340.6,2026-07-01,0.03,5.86,6.74,48.16,9.94,-34.02
ZEEMEDIA,8.72,2026-07-01,7.92,0.58,6.73,25.11,-1.8,-39.11
RATNAVEER,178.17,2026-07-01,-1.45,-4.74,6.73,29.01,16.52,12.64
KCP,169.62,2026-07-01,-0.12,-4.3,6.73,27.03,-5.85,-16.45
KISSHT,279.3,2026-07-01,1.86,-5.51,6.73,,,
TRANSRAILL,517.6,2026-07-01,-0.1,-0.07,6.71,7.01,-7.13,-22.11
TORNTPHARM,4640.8,2026-07-01,-0.36,4.12,6.68,13.1,21.66,37.03
TRAVELFOOD,1328.2,2026-07-01,1.09,-2.01,6.68,4.02,14.62,
NAVNETEDUL,148.43,2026-07-01,5.17,5.95,6.64,15.17,5.62,5.76
PNB,107.54,2026-07-01,0.54,-2.06,6.64,6.41,-10.71,-2.13
SELECTIPO,45.68,2026-07-01,1.99,1.51,6.63,17.5,-1.0,-7.28
LAOPALA,180.03,2026-07-01,1.83,-0.77,6.63,3.94,-10.96,-29.15
ESCORTS,2945.3,2026-07-01,1.66,-0.17,6.61,4.18,-22.52,-10.35
SBIBPB,49.69,2026-07-01,0.2,-2.36,6.61,5.08,-0.52,17.33
SHREEJISPG,499.2,2026-07-01,3.82,0.38,6.6,48.06,32.73,
FOSECOIND,5318.0,2026-07-01,-0.1,2.31,6.6,15.67,9.12,7.03
OFSS,10863.0,2026-07-01,-0.11,11.63,6.59,62.35,45.36,26.68
NEPHROPLUS,678.5,2026-07-01,3.08,-6.34,6.58,28.43,48.86,
MALLCOM,1022.9,2026-07-01,1.11,-6.88,6.57,0.34,-12.8,-21.13
GAIL,174.5,2026-07-01,1.32,-1.58,6.57,24.05,4.76,-4.56
GATEWAY,59.43,2026-07-01,4.5,-5.05,6.56,12.43,1.56,-6.28
KIRLFER,456.6,2026-07-01,-3.84,-8.32,6.53,0.97,0.97,0.97
AHLWEST,588.2,2026-07-01,0.21,-6.61,6.51,308.05,308.05,308.05
IMAGICAA,47.5,2026-07-01,1.84,-1.02,6.5,16.68,-0.75,-30.68
MAXPOSURE,36.1,2026-06-30,-2.43,4.79,6.49,9.39,-19.69,-31.11
POCL,1373.7,2026-07-01,5.31,0.2,6.47,24.89,-9.56,61.88
EFCIL,190.38,2026-07-01,3.05,-1.89,6.44,0.22,-36.32,
EMMIL,129.65,2026-06-30,3.72,-2.67,6.44,16.91,-31.04,-34.52
PSUBANK,857.64,2026-07-01,0.21,-2.18,6.43,5.03,0.38,18.08
SHREEOSFM,57.2,2026-06-30,5.44,-12.2,6.42,-19.09,-21.86,-46.27
ASPINWALL,255.25,2026-07-01,1.46,1.09,6.41,19.79,-0.74,-12.15
TRUST,31.7,2026-06-30,7.64,2.26,6.38,3.93,-32.77,-49.69
GAEL,162.5,2026-07-01,0.39,0.8,6.34,16.6,21.01,47.2
DMART,4328.6,2026-07-01,-0.65,-0.05,6.31,1.35,16.48,-2.78
SAMPANN,28.32,2026-07-01,0.39,4.39,6.31,6.91,-13.92,1.76
IDEAFORGE,856.4,2026-07-01,5.6,-3.89,6.31,118.22,84.51,46.12
APOLLOHOSP,8618.5,2026-07-01,-0.42,1.77,6.29,17.97,21.35,15.27
EPL,227.26,2026-07-01,0.75,-3.18,6.28,5.59,5.12,-4.17
BEML,1825.7,2026-07-01,6.82,3.56,6.28,23.79,-0.9,-17.37
GNFC,530.6,2026-07-01,-2.9,-8.75,6.27,35.62,8.18,-3.5
SWARAJENG,4038.7,2026-07-01,1.96,1.86,6.26,18.04,8.34,1.87
RUPA,169.18,2026-07-01,0.36,4.53,6.24,41.45,5.1,-21.34
TRF,240.01,2026-07-01,1.26,3.24,6.23,3.43,-20.06,-38.03
HARRMALAYA,206.86,2026-07-01,3.66,-2.39,6.22,16.49,23.98,-4.64
SGMART,608.55,2026-07-01,3.46,2.74,6.22,21.86,58.91,
HPL,358.95,2026-07-01,0.07,-10.7,6.18,21.91,-11.52,-37.48
RHIM,387.7,2026-07-01,3.95,-0.33,6.16,6.47,-14.71,-15.92
HISARMETAL,153.05,2026-07-01,0.01,-3.54,6.15,8.03,-6.63,-22.7
KOTAKBANK,400.45,2026-07-01,1.25,-0.42,6.11,12.47,-9.72,-8.2
SRGHFL,303.45,2026-07-01,2.74,2.92,6.1,22.38,4.3,-1.25
BANKBARODA,271.65,2026-07-01,-0.42,-5.03,6.09,11.27,-6.75,13.29
ADANIGREEN,1535.0,2026-07-01,2.16,-0.96,6.09,80.17,49.62,51.13
INDIQUBE,165.91,2026-07-01,-0.22,-2.49,6.08,20.59,-20.88,
CRAFTSMAN,9305.0,2026-07-01,-0.88,-2.28,6.08,36.08,20.49,63.35
ELLEN,260.8,2026-07-01,-0.34,-8.95,6.08,27.99,-22.48,-51.22
ARIHANT,782.25,2026-07-01,-8.06,-9.41,6.08,1872.89,1872.89,1872.89
ETHOSLTD,2467.1,2026-07-01,1.21,0.62,6.08,10.4,-16.22,-7.68
FMGOETZE,452.3,2026-07-01,0.61,-4.48,6.05,8.17,-2.54,-20.72
GANGAFORGE,2.48,2026-07-01,3.33,-7.81,5.98,-6.42,-32.05,-34.91
SANSTAR,119.26,2026-07-01,-1.45,-4.03,5.98,56.59,24.24,18.1
AEPL,17.43,2026-07-01,8.53,5.76,5.96,10.6,,
PYRAMID,171.25,2026-07-01,3.28,-1.72,5.96,19.59,5.15,-4.96
IIFL,495.65,2026-07-01,1.3,-7.84,5.95,13.23,-19.52,6.38
LUPIN,2397.5,2026-07-01,-0.49,2.46,5.95,5.39,14.01,23.03
DKEGL,70.85,2026-06-30,0.0,10.7,5.9,12.46,-14.74,5.88
WINDLAS,861.0,2026-07-01,0.25,0.43,5.89,12.16,7.4,-2.67
MOSMALL250,17.9,2026-07-01,1.59,-0.22,5.85,20.21,7.06,0.67
CENTUM,3716.8,2026-07-01,0.99,0.36,5.85,29.7,62.34,58.24
HALDYNGL,116.64,2026-07-01,1.26,-8.57,5.85,,,
DBL,441.55,2026-07-01,-4.81,-2.93,5.85,8.6,-6.83,-13.99
HDFCSML250,179.53,2026-07-01,1.33,-0.27,5.84,20.38,7.16,0.6
SMALL250,17.83,2026-07-01,1.02,0.06,5.82,20.72,6.96,
INDORAMA,45.3,2026-07-01,0.94,-2.41,5.77,38.83,-5.63,-5.49
MMTC,67.73,2026-07-01,1.47,-9.91,5.76,22.74,3.07,-5.93
CIPLA,1456.7,2026-07-01,0.18,2.9,5.76,22.95,-2.03,-2.99
HIRECT,1153.2,2026-07-01,2.05,0.64,5.75,64.16,53.47,77.8
HINDUNILVR,2182.0,2026-07-01,1.43,0.88,5.75,6.76,-5.11,-3.22
BOMDYEING,131.77,2026-07-01,1.97,-4.56,5.74,28.82,-0.37,-21.29
ENGINERSIN,237.58,2026-07-01,-2.82,-8.09,5.72,18.21,18.08,1.87
UBL,1359.3,2026-07-01,2.76,1.46,5.7,-14.2,-15.47,-29.94
BAJAJHLDNG,10719.0,2026-07-01,2.46,-0.39,5.67,21.84,-4.32,-23.95
KALYANIFRG,619.65,2026-07-01,2.1,0.03,5.64,8.04,-1.28,-16.72
ALEMBICLTD,91.54,2026-07-01,1.26,0.23,5.64,19.68,-10.33,-24.0
HEALTHY,16.52,2026-07-01,-0.36,1.85,5.63,12.61,10.06,11.7
GRPLTD,1895.0,2026-07-01,-0.24,0.35,5.63,0.34,4.95,-31.82
SAMHI,173.9,2026-07-01,-1.44,-2.9,5.63,29.61,-2.98,-21.53
OBCL,55.75,2026-07-01,0.0,-1.36,5.63,-1.68,0.13,1.22
SWANDEF,2255.4,2026-07-01,2.34,7.26,5.62,42.33,54.73,936.06
MARICO,851.0,2026-07-01,1.32,4.74,5.62,14.3,11.91,19.82
KICL,5271.0,2026-07-01,0.06,-2.23,5.61,24.78,6.42,2.14
MAFATIND,140.88,2026-07-01,-1.97,-0.78,5.57,,,
KAVDEFENCE,63.89,2026-07-01,-0.62,-6.26,5.57,17.51,-9.22,19.91
VIKRAN,74.8,2026-07-01,0.48,2.55,5.55,34.61,-25.64,
SMALLADD,17.87,2026-07-01,0.79,-0.33,5.55,20.17,7.13,
ROUTE,532.05,2026-07-01,2.75,-1.47,5.54,17.89,-23.17,-47.37
CONS,12.01,2026-07-01,1.78,0.84,5.54,10.59,-90.42,-90.07
SURYALAXMI,61.34,2026-07-01,0.38,3.49,5.54,23.0,3.91,-16.28
BATLIBOI,83.04,2026-07-01,-1.95,1.49,5.53,,,
HEALTHCARE,20.84,2026-07-01,0.05,2.01,5.52,17.08,,
LEMONTREE,118.34,2026-07-01,1.82,-0.35,5.52,9.78,-24.57,-15.17
MPTODAY,46.0,2026-06-30,0.0,0.0,5.5,-2.13,-3.26,2.34
AAATECH,97.75,2026-07-01,3.78,2.73,5.47,6.3,-3.47,19.83
BROOKS,72.3,2026-07-01,3.39,3.27,5.47,62.36,-6.87,-50.47
ADSL,125.59,2026-07-01,0.92,2.06,5.45,28.86,-17.62,-29.71
DOMS,2289.0,2026-07-01,2.6,0.43,5.44,-2.39,-12.02,-7.8
CANFINHOME,882.35,2026-07-01,5.38,-1.13,5.41,8.35,-5.27,13.2
VAISHALI,7.41,2026-07-01,-0.8,0.14,5.41,26.67,-13.23,-35.62
AMBICAAGAR,24.99,2026-07-01,0.4,2.25,5.4,12.82,-0.79,-12.65
DHUNINV,875.5,2026-07-01,1.87,0.65,5.39,17.37,-28.39,-40.86
M&M,3130.0,2026-07-01,1.2,2.17,5.38,3.25,-16.78,-0.66
THYROCARE,543.4,2026-07-01,3.62,1.04,5.38,52.06,23.23,73.14
MOHEALTH,49.66,2026-07-01,0.06,2.33,5.37,18.01,12.0,10.8
CONSUMIETF,121.03,2026-07-01,1.89,1.15,5.36,11.19,-4.4,-0.45
GROWWSC250,10.24,2026-07-01,0.79,-0.29,5.35,19.91,6.63,
RCF,131.72,2026-07-01,1.42,-3.83,5.33,13.76,-9.13,-15.73
SANDESH,984.65,2026-07-01,-2.64,-1.5,5.31,13.31,-7.63,-14.39
DCXINDIA,201.19,2026-07-01,3.58,-2.11,5.31,21.96,5.48,-28.4
GRSE,2738.6,2026-07-01,2.27,-4.26,5.27,16.08,12.45,-7.55
ARIHANTCAP,69.16,2026-07-01,0.49,-3.64,5.27,9.95,-22.72,-21.11
HEALTHIETF,164.96,2026-07-01,-0.3,1.83,5.26,14.25,10.19,11.67
COCHINSHIP,1504.4,2026-07-01,5.38,1.9,5.25,12.39,-7.07,-26.0
BIRLAMONEY,143.18,2026-07-01,3.44,-1.26,5.21,31.14,0.44,-26.7
HEALTHADD,162.21,2026-07-01,-0.41,1.38,5.19,13.9,10.13,11.46
CONSUMBEES,129.79,2026-07-01,1.68,0.88,5.19,11.03,-4.49,-0.79
NXST,163.24,2026-06-30,0.08,4.61,5.18,9.83,8.17,23.71
AXISCETF,120.23,2026-07-01,1.23,0.77,5.18,10.3,-4.95,-0.76
MMFL,462.1,2026-07-01,1.28,2.36,5.17,15.16,28.72,24.08
GICHSGFIN,152.22,2026-07-01,-1.41,-5.75,5.16,12.3,-12.13,-18.83
KSHINTL,855.0,2026-07-01,-0.41,-0.87,5.15,92.37,142.0,
GTL,7.76,2026-07-01,2.11,-5.37,5.15,27.63,-3.96,-28.61
JUSTDIAL,548.65,2026-07-01,4.39,-0.08,5.15,6.2,-24.46,-40.94
PARASPETRO,2.05,2026-07-01,1.49,-5.09,5.13,-17.67,12.02,-18.65
GRCL,563.5,2026-06-30,0.0,3.78,5.13,48.68,46.17,40.86
SBIETFCON,120.24,2026-07-01,1.4,0.48,5.12,12.04,-4.35,-0.73
SINTERCOM,74.87,2026-07-01,2.79,-3.64,5.12,7.46,-25.01,-41.55
SHALPAINTS,52.16,2026-07-01,1.95,-3.3,5.12,27.66,-19.18,-46.1
TEAMLEASE,1450.4,2026-07-01,0.22,0.1,5.1,26.1,-7.34,-27.86
SML100CASE,10.72,2026-07-01,1.42,0.0,5.1,20.59,7.33,
COHANCE,451.15,2026-07-01,0.22,11.33,5.07,44.62,-13.82,-53.02
THEMISMED,110.68,2026-07-01,-1.64,-5.69,5.06,49.2,10.87,-13.5
CHALET,819.65,2026-07-01,0.76,-0.53,5.05,14.2,-8.9,-9.27
KENNAMET,3007.5,2026-07-01,0.72,-4.18,5.04,23.1,23.1,23.1
PNGSREVA,396.05,2026-07-01,1.14,-1.37,5.03,15.77,,
EXICOM,166.54,2026-07-01,6.91,-5.47,4.99,98.81,43.42,-13.89
PONNIERODE,316.55,2026-07-01,1.6,-2.57,4.99,13.77,19.54,-3.32
DISAQ,12262.0,2026-07-01,2.66,-2.37,4.98,,,
PENIND,167.34,2026-07-01,0.52,1.4,4.95,15.97,-17.48,-27.24
IDEA,14.64,2026-07-01,1.46,-1.21,4.95,69.44,26.21,96.51
WONDERLA,497.7,2026-07-01,0.07,1.82,4.94,-4.79,-5.59,-22.39
STLTECH,590.75,2026-07-01,-5.41,-5.32,4.94,225.52,476.34,442.57
GOLDSTAR,8.5,2026-06-30,3.66,8.97,4.94,39.34,21.43,-11.46
GFSTEELS,13.61,2026-06-30,0.0,0.0,4.93,10.11,20.98,46.82
ERIS,1446.4,2026-07-01,2.9,0.68,4.93,10.99,-3.15,-13.27
CIEINDIA,458.9,2026-07-01,0.0,-3.11,4.92,2.32,7.25,4.61
ARCHIDPLY,80.86,2026-07-01,0.65,-1.06,4.92,18.67,-11.05,-25.23
MEESHO,188.88,2026-07-01,-2.74,9.68,4.9,28.17,4.02,
UNIVAFOODS,8.57,2026-06-30,0.0,0.0,4.9,-5.09,-36.66,-27.0
NIRAJ,29.18,2026-07-01,-3.19,-10.13,4.89,29.75,-27.36,-45.82
SCI,301.15,2026-07-01,-2.0,-6.71,4.89,30.15,32.97,41.35
JALAN,2.15,2026-06-30,0.0,-4.44,4.88,22.86,-37.68,-71.71
PNBHOUSING,1051.8,2026-07-01,1.72,4.1,4.87,34.84,6.61,-4.24
3PLAND,31.97,2026-07-01,0.57,-2.26,4.85,1.62,-14.5,-37.78
GPTHEALTH,150.06,2026-07-01,2.3,0.05,4.84,25.96,7.04,5.25
KARURVYSYA,300.1,2026-07-01,0.42,1.49,4.82,2.83,11.4,32.77
MSPL,42.61,2026-07-01,3.3,-4.78,4.8,46.48,15.01,58.76
ZUARI,227.95,2026-07-01,0.71,-5.52,4.79,16.08,-30.87,6.27
JETFREIGHT,22.59,2026-07-01,4.01,2.26,4.78,32.34,34.87,60.55
MAHEPC,120.24,2026-07-01,1.33,0.22,4.78,19.45,-6.07,-17.12
ALKEM,5567.5,2026-07-01,2.79,3.74,4.76,6.16,2.73,15.93
DABUR,444.75,2026-07-01,4.33,5.33,4.75,7.18,-11.04,-6.39
CPS,1084.15,2026-06-30,0.0,6.36,4.75,12.93,-5.45,44.55
SALZERELEC,629.1,2026-07-01,0.12,-6.55,4.75,19.51,-8.15,-30.57
ALPL30IETF,27.36,2026-07-01,0.18,0.29,4.71,9.66,-2.08,-2.01
KEC,521.45,2026-07-01,1.17,-4.36,4.71,-0.11,-29.37,-42.32
FINIETF,32.69,2026-07-01,1.77,0.62,4.71,15.39,0.15,4.24
SETCO,16.35,2026-07-01,-0.85,-4.89,4.67,43.47,91.06,57.42
BAJAJINDEF,255.55,2026-07-01,2.22,1.33,4.67,10.59,-29.75,-51.46
SIDDHIKA,218.95,2026-06-30,0.44,5.77,4.66,6.29,5.04,5.14
INDUSINDBK,941.6,2026-07-01,2.86,2.4,4.66,20.04,5.95,7.28
ELECTCAST,80.16,2026-07-01,4.51,-3.61,4.65,-1.22,4.14,-36.8
CAPITALSFB,275.4,2026-07-01,-2.03,-2.6,4.65,22.62,6.3,-1.86
MAZDOCK,2535.7,2026-07-01,3.63,-0.24,4.65,9.38,2.7,-22.09
PGHL,6344.5,2026-07-01,1.57,0.63,4.64,31.92,14.2,13.03
PRIMESECU,292.55,2026-07-01,1.07,-4.54,4.63,5.54,6.5,5.48
GARUDA,178.45,2026-07-01,1.17,4.31,4.63,21.1,-6.7,44.79
VOLTAS,1281.1,2026-07-01,-1.13,-5.38,4.62,2.83,-7.16,-3.12
RELIABLE,143.47,2026-07-01,-3.7,-6.35,4.62,19.6,-6.58,92.46
NITTAGELA,1725.0,2026-07-01,4.37,6.89,4.62,,,
HERITGFOOD,333.2,2026-07-01,0.88,1.34,4.57,8.29,-26.28,-32.42
VISHWAS,52.75,2026-06-30,0.0,1.64,4.56,48.59,18.94,-11.05
DHANLAXMI,30.95,2026-06-30,3.17,9.75,4.56,36.64,3.17,-35.99
SANDHAR,707.25,2026-07-01,4.93,-0.74,4.55,53.62,30.49,32.77
MOXSH,119.5,2026-06-30,0.0,4.82,4.55,-10.49,46.63,301.68
MANOMAY,183.65,2026-07-01,0.29,-2.87,4.54,-21.38,-9.8,11.95
IMPAL,1105.0,2026-07-01,0.67,0.51,4.53,13.27,6.93,-0.64
LXCHEM,155.44,2026-07-01,0.82,-4.59,4.53,32.9,-7.42,-21.53
LINDEINDIA,7212.0,2026-07-01,-1.16,-2.73,4.52,3.0,22.07,9.88
RILINFRA,37.0,2026-06-30,-10.63,-8.98,4.52,8.03,-1.07,-10.19
SIGACHI,23.36,2026-07-01,-3.91,-3.03,4.52,19.98,-23.71,-49.16
BAJAJHFL,87.84,2026-07-01,1.21,-1.3,4.51,13.75,-8.6,-27.73
PLASTIBLEN,179.06,2026-07-01,-1.15,-0.59,4.51,42.11,9.34,-13.26
SHARDAMOTR,885.05,2026-07-01,6.52,6.57,4.48,19.27,-5.99,-9.83
HEALTHX,314.95,2026-07-01,-1.04,-0.17,4.48,16.65,6.8,6.55
VHL,3551.0,2026-07-01,0.48,-3.58,4.48,10.15,-1.5,-13.43
QUINT,40.15,2026-07-01,-0.91,-8.27,4.48,,,
AMNPLST,190.61,2026-07-01,1.59,-2.7,4.47,39.88,-0.3,-21.99
TVSMOTOR,3494.0,2026-07-01,1.08,0.15,4.47,1.99,-7.6,21.17
HOMESFY,111.0,2026-06-30,0.0,0.0,4.47,-6.57,-31.71,-61.15
INDTERRAIN,32.55,2026-07-01,-1.42,-1.36,4.46,16.42,-5.3,-12.87
CARERATING,1658.2,2026-07-01,-0.84,-3.02,4.45,10.81,3.83,-7.94
NESTLEIND,1453.8,2026-07-01,4.79,3.7,4.45,23.12,12.87,21.8
VETO,127.79,2026-07-01,2.3,-4.13,4.45,35.76,13.85,-2.78
DPWIRES,195.39,2026-07-01,-3.09,3.86,4.45,36.79,-3.49,-17.48
ARIES,339.8,2026-07-01,1.13,2.18,4.43,-0.23,3.87,0.99
GULPOLY,191.14,2026-07-01,-0.05,-7.8,4.43,28.61,36.2,7.08
REPRO,363.3,2026-07-01,-1.82,-3.49,4.41,4.64,-21.89,-31.89
ELGIEQUIP,605.85,2026-07-01,-0.4,-1.38,4.41,26.46,27.24,13.63
PETRONET,279.1,2026-07-01,-0.76,-2.58,4.39,9.48,-2.01,-2.48
GODIGIT,316.05,2026-07-01,-1.16,-0.6,4.39,-1.2,-8.87,-7.49
BEPL,98.18,2026-07-01,-0.71,-6.37,4.38,13.83,9.56,-12.48
TI,453.2,2026-07-01,1.75,2.82,4.38,6.45,-0.35,31.57
NDGL,2591.7,2026-07-01,2.79,-3.05,4.38,9.29,-8.31,-40.69
GROWWPSUBK,85.81,2026-07-01,0.47,-1.97,4.35,4.79,,
SONAL,92.86,2026-07-01,-0.2,-0.2,4.34,,,
PARKHOTELS,119.32,2026-07-01,-0.18,-4.57,4.34,12.3,-10.03,-26.73
AGRITECH,114.0,2026-07-01,1.47,-0.86,4.33,13.95,-24.84,-27.99
PARIN,714.9,2026-06-30,-1.42,-0.67,4.31,22.0,21.58,104.26
DIXON,11956.0,2026-07-01,1.28,-3.08,4.3,16.6,-1.12,-18.72
EMAMILTD,414.7,2026-07-01,1.51,1.94,4.3,5.4,-20.06,-25.21
JKCEMENT,5413.0,2026-07-01,1.76,-1.11,4.29,5.31,-1.55,-11.57
EUREKAFORB,465.45,2026-07-01,4.93,-2.06,4.27,1.29,-25.09,-20.63
KFINTECH,881.65,2026-07-01,1.42,-2.55,4.27,-2.36,-18.12,-33.46
WHEELS,1613.5,2026-07-01,-8.94,-0.26,4.25,64.33,88.81,100.75
ADVANCE,106.83,2026-07-01,-1.95,-2.72,4.25,15.59,-11.99,
HAL,4434.4,2026-07-01,2.11,-1.79,4.24,20.8,1.67,-8.67
GREENPANEL,189.08,2026-07-01,-1.68,0.55,4.24,5.2,-18.12,-30.37
ASCOM,259.35,2026-06-30,-5.0,10.5,4.24,16.72,108.98,201.39
NIITMTS,229.5,2026-07-01,0.89,-3.23,4.23,-15.83,-42.56,-30.3
SOMICONVEY,104.25,2026-07-01,-2.43,5.63,4.23,9.17,-17.41,-34.88
ARIHANTACA,469.0,2026-06-30,0.0,0.86,4.22,-12.45,-6.0,70.99
TREL,26.74,2026-07-01,2.1,2.65,4.21,7.52,-5.61,-25.7
ENTERO,1189.5,2026-07-01,-0.88,8.72,4.21,-4.58,5.3,4.54
ANUHPHR,80.09,2026-07-01,0.28,1.66,4.2,9.74,1.78,-24.23
ELDEHSG,819.9,2026-07-01,1.81,3.64,4.19,4.42,-18.08,3.64
VAIBHAVGBL,233.14,2026-07-01,1.44,-2.77,4.18,26.59,-1.52,1.17
GRANULES,811.4,2026-07-01,2.09,4.24,4.16,29.18,31.04,66.39
MOSERVICE,30.88,2026-07-01,0.19,-1.22,4.15,6.85,-8.53,
SAPPHIRE,184.16,2026-07-01,2.08,-4.06,4.14,18.55,-29.9,-43.7
KPIL,1355.7,2026-07-01,0.71,-5.83,4.14,23.64,12.77,12.71
SREEL,211.36,2026-07-01,-0.83,-3.05,4.13,21.16,-2.65,-14.9
AXISHCETF,163.22,2026-07-01,-0.32,1.38,4.11,15.94,9.71,10.88
COLPAL,2071.9,2026-07-01,3.64,4.54,4.11,15.2,0.12,-12.06
PVP,29.48,2026-07-01,2.86,-0.61,4.1,19.26,-18.18,28.17
MOALPHA50,53.43,2026-07-01,0.0,-0.96,4.09,17.22,6.41,
ASIANPAINT,2716.4,2026-07-01,2.24,2.47,4.09,23.1,-0.44,15.82
INM,178.5,2026-06-30,8.18,5.0,4.08,-0.56,-28.6,-64.63
TFCILTD,76.54,2026-07-01,1.32,2.86,4.07,16.41,10.85,64.52
ADANIPORTS,1848.2,2026-07-01,4.06,1.15,4.06,33.97,25.31,28.26
MIDSELIETF,18.99,2026-07-01,0.9,-0.84,4.05,20.42,2.48,5.62
MOTHERSON,147.51,2026-07-01,-2.03,1.14,4.05,37.07,20.77,45.88
APCOTEXIND,507.2,2026-07-01,2.17,-6.55,4.04,48.22,41.02,30.07
UWCSL,101.75,2026-06-30,0.0,-0.25,4.04,9.35,-6.05,-36.05
FABTECH,157.53,2026-07-01,0.57,0.32,4.03,10.66,-19.0,
ZFCVINDIA,2485.6,2026-07-01,-7.46,-4.35,4.03,3.75,1.25,11.72
MRF,129430.0,2026-07-01,4.34,-1.62,4.02,0.26,-14.59,-9.03
HAVELLS,1188.8,2026-07-01,2.83,0.63,3.99,0.74,-15.46,-22.58
BLUESTARCO,1606.4,2026-07-01,-1.78,-3.5,3.99,3.22,-9.36,-5.32
RKSWAMY,103.48,2026-07-01,5.91,4.36,3.98,38.56,-6.57,-44.07
ESENSEX,77.47,2026-07-01,0.79,0.32,3.97,5.37,-8.93,
GALLANTT,679.75,2026-07-01,-0.85,-8.36,3.96,20.77,26.16,28.97
UDS,182.25,2026-07-01,-1.58,1.81,3.96,33.21,-5.82,-37.97
SYSTANGO,221.9,2026-06-30,-0.92,-4.72,3.96,-1.53,-21.38,-8.22
KAYA,242.16,2026-07-01,-0.97,-6.03,3.95,-2.91,-39.4,-46.0
PITTIENG,953.35,2026-07-01,-1.21,-5.51,3.94,29.4,15.63,-3.78
SINCLAIR,76.47,2026-07-01,0.91,-3.18,3.93,1.76,-8.35,-24.32
MONARCH,342.7,2026-07-01,1.24,-3.37,3.91,28.82,9.0,1.5
UMIYA-MRO,90.57,2026-07-01,-0.12,2.86,3.91,21.18,3.4,12.59
SENSEXIETF,883.3,2026-07-01,0.38,0.08,3.9,5.27,-9.37,-7.06
SENSEXETF,79.34,2026-07-01,0.34,0.1,3.89,5.77,-9.18,-7.02
SUNPHARMA,1866.2,2026-07-01,-0.46,0.18,3.88,7.97,9.13,13.03
EUROTEXIND,16.15,2026-07-01,-5.44,-13.31,3.86,23.09,8.17,0.69
RAINBOW,1422.3,2026-07-01,1.2,-1.69,3.85,21.03,8.13,-9.55
DRREDDY,1339.9,2026-07-01,-2.6,3.81,3.84,10.77,6.9,5.61
MUFTI,85.96,2026-07-01,-1.09,-5.6,3.84,26.58,-13.56,-47.25
KANPRPLA,200.11,2026-07-01,5.78,5.68,3.83,16.6,11.36,-3.1
AMBIKCO,1739.1,2026-07-01,2.14,3.48,3.83,39.89,39.88,11.82
HDFCSENSEX,87.14,2026-07-01,-0.07,-0.11,3.82,5.0,-9.38,-7.13
PHARMABEES,25.83,2026-07-01,-0.27,1.73,3.82,15.88,11.34,14.85
BIRET,331.04,2026-06-30,2.18,2.79,3.81,4.02,2.45,12.06
ITC,290.3,2026-07-01,-0.14,-0.33,3.81,2.23,-16.32,-26.65
MADRASFERT,68.86,2026-07-01,2.78,-4.48,3.8,18.23,-13.46,-26.37
LICNETFSEN,868.94,2026-07-01,0.66,0.21,3.79,5.68,-8.74,-6.8
SKFINDIA,1667.9,2026-07-01,0.74,0.62,3.79,9.94,-10.14,-65.74
SUMEETINDS,29.48,2026-07-01,3.55,8.7,3.77,-0.03,-0.97,78.43
MEDIORG,24.9,2026-06-30,0.0,3.75,3.75,18.01,1.22,-43.6
TAC,390.6,2026-06-30,-1.11,0.31,3.75,-2.02,-49.09,-62.84
SMALLCAP,46.36,2026-07-01,0.32,-0.83,3.74,18.78,5.48,-3.84
DIAMINESQ,247.02,2026-07-01,2.97,3.76,3.74,2.27,-9.53,-42.89
PRAMARA,135.15,2026-06-30,3.25,2.62,3.72,-60.52,-61.35,-26.75
KECL,119.64,2026-07-01,4.03,12.18,3.71,35.22,14.21,-16.97
CRISIL,4081.7,2026-07-01,0.13,-3.38,3.71,8.01,-4.81,-31.45
MULTICAP,16.52,2026-07-01,0.73,-0.54,3.7,12.92,-0.6,-0.18
IOB,34.17,2026-07-01,0.47,-3.42,3.7,5.43,-5.84,-14.47
ARVSMART,597.15,2026-07-01,0.17,-2.46,3.69,12.96,0.15,-11.49
BLUEDART,4893.8,2026-07-01,0.4,-1.99,3.67,0.14,-13.78,-28.21
SHANTI,6.84,2026-07-01,6.21,4.11,3.64,21.28,-24.17,-55.96
APOLLO,418.85,2026-07-01,2.87,-1.39,3.64,113.95,51.76,118.59
KRYSTAL,600.0,2026-07-01,-0.04,-0.9,3.64,10.93,15.56,-1.2
NUCLEUS,752.7,2026-07-01,-0.7,-3.81,3.64,-2.88,-18.38,-35.95
PSB,24.58,2026-07-01,0.94,-1.95,3.63,11.58,-12.12,-25.77
AUTOIND,83.02,2026-07-01,-2.29,2.94,3.63,53.71,4.07,2.53
MIDHANI,422.55,2026-07-01,1.92,-4.35,3.62,46.16,23.97,-2.63
ALOKINDS,12.95,2026-07-01,2.61,-1.97,3.6,4.02,-19.67,-35.99
AXSENSEX,79.7,2026-07-01,0.44,-0.26,3.59,5.41,-9.23,-6.89
MNC,33.8,2026-07-01,1.75,0.18,3.59,15.67,7.99,15.08
BSLSENETFG,77.33,2026-07-01,0.08,-0.19,3.58,5.11,-9.38,-6.98
BANKINDIA,141.64,2026-07-01,-0.64,-3.05,3.58,3.22,-0.49,20.79
AVANTEL,179.37,2026-07-01,4.43,1.68,3.57,33.75,14.77,9.6
MOMNC,32.78,2026-07-01,2.09,0.71,3.57,16.2,7.48,
INDOAMIN,131.43,2026-07-01,-0.48,-8.28,3.57,39.63,2.12,-22.63
PODDARMENT,246.88,2026-07-01,2.57,-1.62,3.56,18.69,-6.7,-19.37
SUTLEJTEX,36.93,2026-07-01,-3.4,-1.12,3.56,37.49,15.26,-13.57
VILAS,371.45,2026-06-30,-3.0,-8.06,3.55,9.95,-5.57,-35.1
FOODSIN,55.59,2026-07-01,2.68,0.16,3.54,7.63,-18.72,-51.38
INDIANB,820.95,2026-07-01,0.77,-4.66,3.54,-5.58,0.7,29.06
DCMSRIND,38.09,2026-07-01,2.26,-1.04,3.53,4.99,-31.92,-77.01
GOODYEAR,755.8,2026-07-01,-0.01,-0.96,3.53,-40.66,-40.66,-40.66
BFINVEST,446.8,2026-07-01,-0.01,-3.05,3.52,28.93,7.51,-10.3
ALPHA,51.24,2026-07-01,-0.77,-2.47,3.52,16.27,6.31,-0.31
SONACOMS,619.4,2026-07-01,-0.22,0.03,3.5,24.93,31.4,31.39
INFRA,12.41,2026-07-01,1.31,-0.96,3.5,18.76,,
SHREEKARNI,427.4,2026-06-30,-4.04,-10.09,3.49,25.52,-13.99,-31.24
AUTOBEES,276.09,2026-07-01,1.25,0.34,3.49,10.94,-5.71,13.48
GKWLIMITED,1733.5,2026-07-01,-0.77,-5.79,3.49,16.02,1.58,-3.71
SARTELE,142.65,2026-06-30,9.98,-4.17,3.48,-1.99,-34.23,-46.78
CONCOR,480.25,2026-07-01,1.96,1.39,3.48,8.03,-7.78,-18.31
SANGAMIND,542.0,2026-07-01,1.81,0.94,3.47,27.25,10.68,16.69
AZAD,2048.6,2026-07-01,3.26,-1.62,3.45,33.49,26.01,24.42
AFIL,10.52,2026-07-01,1.15,-1.22,3.44,33.16,64.12,41.59
SOLARA,566.25,2026-07-01,-0.95,-3.48,3.44,23.34,0.56,-13.2
GODREJCP,1043.6,2026-07-01,2.12,2.36,3.43,5.14,-15.29,-9.09
MIDWESTLTD,1261.8,2026-07-01,1.32,-2.96,3.43,4.31,-27.59,
SHREECEM,25920.0,2026-07-01,3.08,3.7,3.43,11.41,-3.41,-16.48
CARRARO,537.95,2026-07-01,-2.26,-7.47,3.43,15.12,2.71,18.15
VASCONEQ,33.78,2026-07-01,-0.82,-6.06,3.43,10.65,-25.48,-39.34
SENSEXADD,79.02,2026-07-01,0.2,-0.28,3.43,5.01,-9.55,-7.23
INDOTHAI,234.31,2026-07-01,5.02,3.82,3.42,-20.68,-16.81,30.07
MOLDTKPAC,713.5,2026-07-01,0.81,3.2,3.41,43.33,18.1,3.07
SENSEXBETA,848.48,2026-07-01,0.18,-0.27,3.41,4.24,-9.54,
AGUL,63.9,2026-06-30,0.0,0.0,3.4,-7.79,-4.77,30.67
INDIANCARD,226.83,2026-07-01,0.76,1.66,3.4,35.66,-5.91,-24.75
CHENNPETRO,1134.0,2026-07-01,-1.72,1.57,3.38,12.29,35.02,68.89
JAYSREETEA,85.28,2026-07-01,-2.31,-6.46,3.37,12.92,-2.81,-24.29
AUTOIETF,27.64,2026-07-01,1.25,0.62,3.37,10.56,-5.63,13.33
IFBIND,1288.4,2026-07-01,3.59,0.66,3.36,34.88,-17.43,-17.34
AONETOTAL,11.77,2026-07-01,0.6,-0.42,3.34,11.67,-2.4,-1.29
BHARTIARTL,1871.0,2026-07-01,1.62,-2.38,3.34,5.0,-11.34,-6.57
TOP20,8.67,2026-07-01,0.46,-0.12,3.34,4.71,,
FOCUS,86.69,2026-07-01,-3.69,-5.06,3.33,38.68,16.79,-20.09
HDFCBSE500,37.22,2026-07-01,0.57,-4.0,3.33,11.81,-2.69,-1.17
INDRAMEDCO,386.6,2026-07-01,1.7,-2.01,3.33,-3.28,-14.19,-19.77
PAVNAIND,17.86,2026-07-01,-1.98,-2.88,3.3,12.61,-21.94,-57.24
ELPROINTL,172.48,2026-07-01,0.43,0.43,3.29,,,
EBBETF0433,1313.3,2026-07-01,0.4,1.12,3.29,4.01,3.06,5.5
PARAGMILK,232.03,2026-07-01,0.52,-0.09,3.29,20.53,-23.44,3.66
BIMETAL,638.9,2026-07-01,-0.82,0.54,3.27,,,
MOLOWVOL,37.0,2026-07-01,0.35,0.65,3.27,7.37,-5.1,-3.47
DBOL,110.87,2026-07-01,-3.23,-3.25,3.27,-2.34,35.89,34.59
GROWWNXT50,72.53,2026-07-01,0.85,-0.51,3.25,15.16,4.14,
TOP15IETF,9.84,2026-07-01,0.41,0.41,3.25,5.24,-10.79,
RSL,128.85,2026-07-01,0.18,-0.82,3.25,19.21,,
DBSTOCKBRO,34.52,2026-07-01,7.88,17.06,3.23,32.97,38.97,9.28
INDIAGLYCO,1028.3,2026-07-01,4.89,7.56,3.23,16.42,2.76,2.88
AMJLAND,37.69,2026-07-01,1.21,-3.38,3.23,5.78,-28.59,-41.41
COASTCORP,50.31,2026-07-01,1.97,-3.47,3.22,14.63,14.13,32.22
TIMETECHNO,177.42,2026-07-01,-1.19,0.47,3.2,5.9,-5.84,-18.66
BSE500IETF,39.03,2026-07-01,0.33,-0.28,3.2,10.19,-3.37,-1.91
KSL,867.8,2026-07-01,2.75,5.05,3.19,42.02,15.2,-7.56
MONEXT50,72.03,2026-07-01,0.85,-1.38,3.19,16.21,4.36,5.48
LICNFNHGP,275.4,2026-07-01,0.5,0.08,3.18,8.3,-5.16,-3.1
GROWWCAPM,11.71,2026-07-01,1.56,0.0,3.17,23.92,20.15,
JUNIORBEES,779.15,2026-07-01,0.8,-0.98,3.17,16.35,4.2,5.79
QNIFTY,264.43,2026-07-01,0.4,-0.16,3.17,6.55,-90.75,-90.48
GRINFRA,913.25,2026-07-01,-1.16,-4.78,3.16,8.89,-8.41,-30.75
LALPATHLAB,1623.1,2026-07-01,-1.45,-2.68,3.15,22.92,8.03,18.08
STALLION,182.27,2026-07-01,1.9,-7.95,3.15,70.38,-26.15,110.62
EASEMYTRIP,7.21,2026-07-01,3.0,-8.39,3.15,12.31,-2.04,-31.59
BRIGHOTEL,63.51,2026-07-01,0.46,-4.28,3.15,9.56,-5.84,
INDIGRID,176.81,2026-06-30,0.01,2.21,3.14,9.41,10.36,29.29
TPLPLASTEH,72.11,2026-07-01,1.99,0.06,3.12,25.19,8.81,-10.88
SIS,420.3,2026-07-01,-3.57,-2.93,3.12,46.24,29.39,15.81
LICHSGFIN,554.45,2026-07-01,-1.12,1.08,3.12,7.55,3.47,-7.71
FMCGIETF,53.36,2026-07-01,1.44,1.12,3.11,8.59,-7.22,-8.27
NEXT50ADD,72.41,2026-07-01,0.67,-0.77,3.1,15.28,,
VIAZ,64.9,2026-06-30,0.0,1.56,3.1,6.39,0.54,20.3
TRANSPEK,1017.35,2026-07-01,1.9,1.01,3.09,,,
CANHLIFE,140.39,2026-07-01,0.93,-2.08,3.09,-2.76,-4.16,
DCW,47.35,2026-07-01,0.38,-6.59,3.09,15.26,-17.89,-44.07
GROWWNIFTY,9.71,2026-07-01,0.31,0.0,3.08,6.35,,
NHPC,79.57,2026-07-01,-2.45,1.73,3.07,5.54,1.82,-4.65
KTKBANK,273.85,2026-07-01,1.95,-0.15,3.07,18.98,32.35,43.11
BBL,2825.0,2026-07-01,1.45,-2.57,3.05,27.71,5.58,-6.58
GCSL,429.9,2026-07-01,2.21,-0.24,3.04,26.29,25.68,
NCLIND,191.23,2026-07-01,-1.53,-0.6,3.03,21.69,-5.11,-16.91
HBLENGINE,822.3,2026-07-01,3.72,0.57,3.03,24.53,-10.32,33.04
AVAILFC,157.73,2026-06-03,0.88,0.44,3.02,,,
NEXT50IETF,76.01,2026-07-01,0.74,-0.96,3.02,15.92,3.9,5.5
NEXT50,742.39,2026-07-01,0.69,-1.17,3.02,16.72,3.79,5.52
BHARATCOAL,39.28,2026-07-01,-0.48,-5.33,3.02,22.83,,
ALPHAETF,26.24,2026-07-01,-0.04,-1.39,3.02,16.11,4.71,1.12
MONTECARLO,561.3,2026-07-01,1.8,-1.02,3.01,14.43,-11.81,-5.2
BALUFORGE,465.6,2026-07-01,2.07,1.62,3.0,9.66,-22.41,-34.2
NDRAUTO,834.3,2026-07-01,2.47,-1.81,2.99,25.62,3.64,-25.75
TAINWALCHM,202.35,2026-07-01,3.66,1.27,2.99,13.33,3.5,-7.12
NEXT50ETF,72.38,2026-07-01,0.82,-0.97,2.99,15.57,,
GOCLCORP,402.1,2026-07-01,-0.31,-9.7,2.98,49.12,38.18,14.04
ADVENTHTL,138.14,2026-07-01,-2.62,-5.03,2.98,-1.16,-38.55,
HERANBA,183.52,2026-07-01,1.63,-4.49,2.97,5.59,-24.62,-47.46
UGROCAP,97.8,2026-07-01,0.61,-2.47,2.97,10.1,-46.39,-43.49
NILASPACES,12.84,2026-07-01,1.42,-1.0,2.97,-2.58,-19.09,7.81
GVT&D,4895.7,2026-07-01,-1.23,-10.9,2.96,28.88,54.71,108.73
GROWWMOM50,10.78,2026-07-01,-1.46,-1.46,2.96,12.41,1.79,-2.51
HUDCO,208.77,2026-07-01,0.39,-1.24,2.96,24.25,-7.06,-10.74
SNXT50BETA,93.05,2026-07-01,0.93,-0.47,2.95,11.77,-1.42,
SETFNN50,771.1,2026-07-01,0.66,-1.13,2.95,17.63,3.94,5.55
CAMS,792.2,2026-07-01,0.45,-3.28,2.95,20.88,8.3,-5.12
POLYCAB,9713.5,2026-07-01,-0.67,-3.08,2.94,40.93,27.19,46.45
MOMENTUM50,53.23,2026-07-01,-2.02,-1.46,2.94,13.5,1.58,-2.58
HITECH,86.15,2026-07-01,-4.75,-8.91,2.94,12.95,-7.68,-14.52
GSEC10YEAR,30.57,2026-07-01,-0.23,1.26,2.93,3.66,3.07,4.62
WEALTH,984.55,2026-07-01,-0.36,0.23,2.92,19.19,7.59,-18.46
NEXT50BETA,77.51,2026-07-01,0.54,-1.36,2.92,15.09,3.69,
CONTROLPR,632.55,2026-07-01,2.46,-1.76,2.91,14.25,-6.98,-22.27
ENIFTY,24.13,2026-07-01,0.25,-0.21,2.9,5.69,-7.51,
ATULAUTO,491.5,2026-07-01,3.51,3.64,2.9,18.98,3.74,8.15
NH,1959.6,2026-07-01,2.98,2.87,2.89,19.84,1.3,-6.2
BIRLANU,1354.8,2026-07-01,-1.81,-4.27,2.89,-0.53,-20.08,-40.9
SETFNIF50,258.16,2026-07-01,0.42,-0.24,2.89,6.26,-7.56,-5.08
LOWVOL1,20.79,2026-07-01,0.97,0.24,2.87,9.02,-5.54,-0.34
FLFL,1.44,2026-07-01,2.13,5.11,2.86,18.03,-1.37,-19.1
RAMAPHO,123.89,2026-07-01,-1.94,-8.18,2.86,10.23,-22.94,-0.42
NIRLON,620.05,2026-07-01,0.06,-0.06,2.85,,,
BANCOINDIA,673.2,2026-07-01,3.04,0.56,2.85,24.75,0.01,2.78
BBETF0432,1346.21,2026-07-01,-0.38,0.75,2.84,3.89,2.46,5.29
TOP100CASE,10.51,2026-07-01,0.38,-0.38,2.84,8.35,-5.74,-3.4
POLYPLEX,959.65,2026-07-01,-1.0,0.71,2.84,21.21,14.69,-19.79
NIFTYADD,252.35,2026-07-01,0.22,-0.45,2.84,5.78,-7.7,-4.97
MID150,23.22,2026-07-01,1.0,-0.94,2.83,16.57,2.7,4.97
MONIFTY500,23.61,2026-07-01,0.04,-0.3,2.83,9.66,-3.0,-0.92
NIF100IETF,27.99,2026-07-01,0.29,-0.18,2.83,7.9,-5.82,17.79
NIFTYETF,260.44,2026-07-01,0.05,-0.29,2.82,6.2,-7.65,-5.14
BSLNIFTY,28.11,2026-07-01,0.25,-0.11,2.82,6.68,-7.47,-4.87
KNRCON,132.54,2026-07-01,-0.56,-4.87,2.82,7.05,-17.95,-39.57
NIFTYIETF,271.58,2026-07-01,0.28,-0.29,2.82,6.09,-7.6,-4.84
ESG,41.18,2026-07-01,0.51,-0.22,2.82,7.32,-7.56,-5.05
MOGSEC,65.13,2026-07-01,0.49,1.28,2.81,2.62,3.4,5.17
AONENIFTY,9.89,2026-07-01,0.41,-0.3,2.81,6.12,-7.57,-5.05
EBBETF0431,1435.57,2026-07-01,0.22,0.77,2.78,3.75,2.79,5.52
NIFTYBEES,272.87,2026-07-01,0.26,-0.29,2.77,5.99,-7.61,-4.87
LICNETFN50,268.92,2026-07-01,0.1,-0.12,2.77,6.1,-7.45,-4.49
TECHNOE,1082.3,2026-07-01,-0.46,-1.08,2.76,4.94,1.68,-33.44
VSTIND,260.3,2026-07-01,-0.08,-0.86,2.76,23.29,1.88,-14.61
HDFCNIFTY,269.94,2026-07-01,0.31,-0.27,2.76,5.93,-7.66,-5.01
MID150BEES,236.25,2026-07-01,0.85,-0.83,2.75,13.9,2.41,4.54
DIGJAMLMTD,45.16,2026-07-01,-3.67,1.16,2.75,18.1,-14.32,24.79
AUTOAXLES,1777.3,2026-07-01,0.55,-1.91,2.75,9.47,-5.54,-0.03
VINNY,1.12,2026-07-01,-1.75,-5.08,2.75,8.74,-9.68,-18.84
GODAVARIB,282.55,2026-07-01,1.95,-4.16,2.75,-10.03,-2.11,14.58
NIFTYBETA,265.56,2026-07-01,0.26,-0.14,2.74,6.42,-7.6,
SETF10GILT,265.67,2026-07-01,0.38,1.26,2.74,4.62,2.51,3.19
IVZINNIFTY,2743.89,2026-07-01,0.14,-0.46,2.74,6.02,-7.38,-4.76
MSCIADD,29.38,2026-07-01,0.44,-0.98,2.73,8.53,,
ABSLNN50ET,75.67,2026-07-01,0.83,-1.02,2.73,16.99,3.76,5.39
MOMOMENTUM,62.48,2026-07-01,-2.01,-1.3,2.73,10.62,-1.08,-3.34
MOM50,250.8,2026-07-01,0.36,-0.26,2.72,5.25,-7.76,-4.81
KRISHANA,697.65,2026-07-01,2.28,2.82,2.71,40.11,33.66,40.92
AGIIL,360.35,2026-07-01,-1.61,-1.65,2.71,24.8,37.15,84.22
HDFCNEXT50,73.44,2026-07-01,0.77,-1.1,2.71,14.75,3.49,5.05
MONQ50,145.03,2026-07-01,0.46,0.33,2.71,38.74,46.39,90.93
HDFCMOMENT,31.13,2026-07-01,-1.89,-1.33,2.71,9.57,-1.11,-3.26
SBCL,750.5,2026-07-01,0.48,0.93,2.7,79.55,76.64,34.54
SUNCLAY,1352.2,2026-07-01,-2.49,1.21,2.7,9.42,11.62,-34.27
BECTORFOOD,178.56,2026-07-01,-0.76,-4.93,2.69,-5.43,-27.57,-33.56
BATAINDIA,682.1,2026-07-01,-2.04,-6.69,2.69,8.61,-27.95,-44.21
3MINDIA,33435.0,2026-07-01,2.22,0.33,2.69,13.74,-7.12,18.54
KANCHI,375.95,2026-07-01,2.73,-5.93,2.68,,,
NIFTY1,265.53,2026-07-01,0.2,-0.39,2.68,5.82,-7.91,-4.99
NIFTYCASE,9.6,2026-07-01,0.1,-0.31,2.67,5.84,-7.78,
HALDER,230.18,2026-07-01,-3.27,-4.88,2.67,-5.22,,
JAYKAY,173.85,2026-07-01,0.19,-7.55,2.66,27.49,-7.49,
AXISNIFTY,264.9,2026-07-01,0.17,-0.42,2.66,5.99,-7.61,-5.23
NATIONSTD,1273.0,2026-07-01,-1.16,1.43,2.66,,,
IDFNIFTYET,264.4,2026-07-01,-0.03,-0.56,2.66,6.35,-7.65,-4.71
ALGOQUANT,57.04,2026-07-01,2.3,-1.99,2.65,12.08,,
GANDHITUBE,858.15,2026-07-01,0.44,0.46,2.65,6.19,7.73,23.32
ICICIAMC,3406.0,2026-07-01,3.77,-0.31,2.64,19.68,30.61,
STUDDS,459.15,2026-07-01,-2.58,-6.1,2.63,1.57,-13.71,
NIF100BEES,265.58,2026-07-01,0.43,0.03,2.63,7.31,0.03,0.03
SHRENIK,0.39,2026-07-01,-2.5,2.63,2.63,2.63,-13.33,-37.1
MOMENTUM30,30.78,2026-07-01,-0.52,-1.66,2.63,8.8,-1.76,
STYRENIX,2295.1,2026-07-01,0.93,-3.72,2.62,24.23,14.54,-25.55
LINCOLN,622.1,2026-07-01,-0.56,0.84,2.62,4.58,29.66,10.4
MOHITIND,24.02,2026-07-01,-1.84,2.04,2.61,23.18,-14.52,-18.24
IPL,163.2,2026-07-01,1.19,-3.98,2.61,20.7,-6.46,-27.18
EBBETF0430,1611.63,2026-07-01,0.37,0.94,2.61,3.83,3.02,6.1
WSTCSTPAPR,525.2,2026-07-01,1.74,3.45,2.59,20.89,26.11,3.19
SUPERHOUSE,156.13,2026-07-01,-1.43,-0.52,2.58,12.65,7.6,-7.86
NAVA,612.85,2026-07-01,2.29,-1.49,2.57,8.76,8.47,4.95
NETF,261.2,2026-07-01,0.34,0.03,2.57,5.95,-7.72,-4.82
THERMAX,5120.5,2026-07-01,-0.09,5.28,2.56,53.06,67.15,53.16
ECAPINSURE,24.44,2026-07-01,0.83,-1.77,2.56,11.85,1.66,1.08
VERANDA,237.57,2026-07-01,1.71,-0.61,2.55,65.15,17.31,18.08
ZUARIIND,257.0,2026-07-01,0.9,-5.74,2.55,11.83,-20.16,-7.58
MOM30IETF,31.36,2026-07-01,-2.09,-1.63,2.55,10.85,-1.41,-3.51
TVSHLTD,13748.0,2026-07-01,2.19,0.42,2.55,-2.71,-0.64,25.43
GROWWN200,11.27,2026-07-01,0.27,-0.88,2.55,8.57,-4.25,-1.96
ELM250,16.51,2026-07-01,0.86,-0.66,2.55,11.18,-2.13,
EMBASSY,438.04,2026-06-30,1.33,2.75,2.54,5.83,6.34,19.39
NIFTYBETF,246.1,2026-07-01,0.0,-0.77,2.54,6.0,-7.88,-5.29
DICIND,510.8,2026-07-01,1.79,-5.21,2.54,1.72,4.69,-19.96
SOMANYCERA,539.25,2026-07-01,4.17,3.76,2.52,49.45,37.91,-1.7
DIAMONDYD,1130.8,2026-07-01,1.34,2.2,2.52,16.76,-7.16,10.76
MIDCAPBETA,230.96,2026-07-01,0.62,-0.7,2.51,14.76,2.51,
PLATIND,223.14,2026-07-01,0.59,-4.08,2.51,11.07,-9.31,-18.99
HUBTOWN,213.56,2026-07-01,4.05,6.34,2.51,14.63,-16.7,-19.56
INDIGOPNTS,1022.9,2026-07-01,0.23,0.49,2.51,36.47,-13.82,-13.08
EVINDIA,31.12,2026-07-01,-0.26,-1.21,2.5,14.45,-1.77,6.07
ABSLMSCIN,29.22,2026-07-01,0.31,-16.01,2.49,5.18,,
CORALFINAC,32.68,2026-07-01,2.96,1.68,2.48,20.06,-18.34,-28.16
ROXHITECH,39.2,2026-06-30,4.95,21.36,2.48,58.38,-9.26,-17.82
ROSSELLIND,57.37,2026-07-01,0.76,0.79,2.48,30.03,14.37,-16.45
BPCL,304.2,2026-07-01,1.13,-1.43,2.48,8.16,-18.01,-2.4
MIDCAPIETF,23.62,2026-07-01,0.68,-0.92,2.47,13.34,2.52,4.51
GROWWEV,31.1,2026-07-01,-0.45,-1.05,2.47,14.17,-1.46,5.96
MCX,2962.0,2026-07-01,1.63,3.19,2.47,19.93,34.77,64.08
LOWVOLIETF,21.76,2026-07-01,0.23,-0.27,2.45,7.62,-6.13,-1.23
JKTYRE,396.5,2026-07-01,2.03,-3.41,2.45,0.69,-23.26,12.22
MIDCAP,18.08,2026-07-01,0.78,-0.5,2.44,14.79,-88.67,-88.67
AWHCL,473.5,2026-07-01,0.64,-2.38,2.43,17.1,-2.57,-30.7
SURYAROSNI,255.9,2026-07-01,-0.74,-2.9,2.43,22.96,-7.15,-24.16
MIDCAPADD,22.87,2026-07-01,0.57,-0.95,2.42,14.81,2.1,
MIDCAPETF,23.33,2026-07-01,0.69,-0.93,2.41,15.04,2.37,4.71
MID150CASE,11.46,2026-07-01,0.79,-0.95,2.41,15.06,2.69,5.23
WCIL,98.83,2026-07-01,-1.44,-3.9,2.41,22.0,-17.73,-15.59
SHANTIGEAR,450.75,2026-07-01,2.34,0.86,2.41,2.45,-2.48,-7.83
BNALTD,348.25,2026-07-01,3.86,2.43,2.41,,,
KRISHIVAL,403.65,2026-07-01,0.55,-0.26,2.41,26.16,15.97,3.62
BALRAMCHIN,545.75,2026-07-01,3.54,1.71,2.41,10.26,24.52,-6.16
EFACTOR,183.8,2026-06-30,5.57,2.97,2.4,7.49,-45.46,-19.11
SHOPERSTOP,360.05,2026-07-01,-1.41,0.85,2.4,20.68,-5.72,-28.13
LTGILTCASE,30.46,2026-07-01,0.16,1.06,2.39,2.87,2.42,
IKIO,152.45,2026-07-01,0.07,-6.7,2.39,33.65,-14.63,-31.95
EVIETF,31.13,2026-07-01,0.1,-1.39,2.37,14.07,-1.74,6.06
GILT5BETA,66.63,2026-07-01,0.09,1.52,2.37,3.51,5.44,5.85
RAYMONDLSL,772.75,2026-07-01,-1.77,-5.71,2.36,-1.74,-24.2,-39.79
DSFCL,24.62,2026-07-01,4.45,5.38,2.36,32.33,,
MINDSPACE,473.39,2026-06-30,1.12,2.01,2.36,6.9,3.47,24.7
GILT5YBEES,65.86,2026-07-01,0.03,0.53,2.36,2.24,3.59,5.29
ZAGGLE,210.14,2026-07-01,5.81,-2.68,2.35,-3.38,-39.5,-49.13
LICNETFGSC,29.35,2026-07-01,0.1,0.96,2.34,3.16,2.12,3.56
LOWVOL,203.04,2026-07-01,0.32,-0.25,2.34,7.57,-6.02,-1.21
EQUAL200,13.62,2026-07-01,0.89,-0.8,2.33,12.71,0.57,2.92
TCIEXP,509.05,2026-07-01,-1.26,-5.55,2.33,7.38,-12.2,-32.28
MMP,274.25,2026-07-01,0.35,-5.45,2.33,34.94,3.06,-8.24
PFC,430.75,2026-07-01,1.48,-2.31,2.29,8.31,20.74,5.49
BAJAJFINSV,1797.6,2026-07-01,2.26,0.95,2.29,9.24,-11.68,-12.4
INFRAIETF,97.0,2026-07-01,0.35,-1.01,2.26,8.99,-2.51,0.43
HDFCMID150,23.04,2026-07-01,0.04,-1.33,2.26,13.5,2.04,4.3
BEEKAY,402.15,2026-07-01,0.58,-3.79,2.26,,,
BHEL,413.95,2026-07-01,0.05,0.6,2.26,64.37,42.03,56.74
HDFCNIF100,25.82,2026-07-01,0.43,-0.84,2.26,7.36,-6.21,-3.66
BBTC,1539.2,2026-07-01,-0.46,-3.15,2.25,9.6,-16.79,-22.25
SOLARINDS,18610.0,2026-07-01,4.56,0.92,2.24,45.31,52.97,8.29
GSEC10IETF,263.29,2026-07-01,0.01,0.35,2.24,2.5,1.85,1.86
LENSKART,530.55,2026-07-01,4.88,2.62,2.24,5.72,20.99,
BGLOBAL,3.19,2026-06-30,0.0,-3.33,2.24,14.75,-14.02,5.98
LAHOTIOV,43.35,2026-07-01,-0.37,-5.39,2.24,,,
INFRABEES,975.9,2026-07-01,0.49,-0.94,2.23,8.41,-2.15,0.24
SHALBY,173.07,2026-07-01,0.86,-0.97,2.23,24.0,-14.73,-6.04
GSEC5IETF,65.99,2026-07-01,-0.23,0.63,2.23,3.17,3.38,5.42
LTGILTBEES,29.86,2026-07-01,0.17,0.84,2.23,3.32,2.33,3.47
PFS,31.35,2026-07-01,-0.1,-0.32,2.22,17.95,-7.11,-26.13
BEL,416.25,2026-07-01,1.13,-3.53,2.22,-0.59,5.11,-3.07
RCOM,0.92,2026-07-01,5.75,-1.08,2.22,16.46,-17.12,-41.4
TREEHOUSE,6.91,2026-07-01,4.7,-2.26,2.22,-12.31,-13.08,-13.3
BIL,751.85,2026-07-01,-3.14,3.43,2.22,7.5,3.55,2.99
VELS,69.85,2026-06-30,0.0,2.19,2.19,40.4,19.61,9.14
COMSYN,156.39,2026-07-01,-4.41,-7.6,2.19,2.17,4.71,20.18
WALCHANNAG,242.05,2026-07-01,-11.69,-21.26,2.17,68.88,26.89,6.6
HDFCLOWVOL,20.27,2026-07-01,0.4,-0.1,2.17,7.36,-6.07,-0.98
CHEVIOT,1117.2,2026-07-01,-0.14,-1.01,2.16,20.38,3.06,-8.46
ITI,301.8,2026-07-01,1.93,-3.04,2.15,18.2,-2.91,-8.52
JIOFIN,240.01,2026-07-01,1.39,-1.38,2.15,3.48,-18.83,-27.07
FORTIS,949.05,2026-07-01,-0.14,-2.75,2.14,19.38,5.39,22.64
RADIANTCMS,39.15,2026-07-01,0.05,-2.56,2.14,3.27,-24.48,-35.84
UNIECOM,87.32,2026-07-01,-0.15,-2.26,2.14,2.0,-26.6,-29.55
MADHAVIPL,8.64,2026-07-01,1.29,-4.21,2.13,,,
MOM100,66.96,2026-07-01,0.83,-1.21,2.12,14.23,2.39,4.4
MSCIINDIA,29.53,2026-07-01,0.1,-0.94,2.11,5.54,-5.41,-2.8
BSL,132.56,2026-07-01,5.69,4.58,2.1,15.35,-14.55,-11.71
GILT10BETA,26.5,2026-07-01,0.08,-0.34,2.08,1.96,1.61,1.77
SADHAV,118.15,2026-06-30,5.02,4.1,2.07,20.07,19.95,13.72
JSWDULUX,3224.0,2026-07-01,-1.19,-1.44,2.07,12.28,1.2,-0.72
MOMENTUM,31.18,2026-07-01,-1.98,-1.55,2.06,10.02,-1.45,-3.41
RANASUG,12.37,2026-07-01,0.32,-4.63,2.06,0.73,0.73,-23.02
SUPREME,47.0,2026-07-01,-0.02,0.62,2.06,-12.62,-35.02,-44.15
SERVOTECH,100.39,2026-07-01,4.9,-2.38,2.06,46.66,27.77,-31.65
IRMENERGY,268.6,2026-07-01,2.21,-3.71,2.05,44.74,-7.17,-12.32
LT,4092.6,2026-07-01,-1.74,-2.59,2.04,14.56,-0.19,12.71
SYLVANPLY,55.1,2026-06-30,4.95,5.45,2.04,37.75,-8.32,-35.93
GSEC10ABSL,112.01,2026-07-01,-0.31,0.37,2.04,2.57,2.04,2.7
BRITANNIA,5262.0,2026-07-01,3.14,0.85,2.03,-3.87,-12.44,-7.18
SANOFICONR,4607.6,2026-07-01,-0.01,-2.38,2.0,3.15,2.57,-13.7
ULTRACEMCO,11456.0,2026-07-01,1.06,0.47,1.99,6.93,-3.74,-5.58
EXXARO,6.66,2026-07-01,0.6,-3.76,1.99,2.3,-17.06,-28.08
SPCENET,3.58,2026-07-01,-2.19,-7.73,1.99,14.33,-47.13,-49.72
INDIASHLTR,760.3,2026-07-01,-0.85,-2.2,1.99,2.0,-5.72,-10.92
MCCHRLS-B,705.0,2026-07-01,2.17,1.79,1.98,,,
LFIC,147.91,2026-07-01,2.57,-1.16,1.98,26.42,-11.97,-31.17
MUTHOOTCAP,202.11,2026-07-01,1.5,-4.11,1.98,11.6,-25.78,-36.97
KSCL,888.7,2026-07-01,-1.88,-5.88,1.97,6.57,-8.81,-22.78
GROWWCHEM,29.54,2026-07-01,1.03,-1.53,1.97,15.66,,
HECPROJECT,128.73,2026-07-01,1.5,-7.68,1.96,29.56,3.96,-23.75
VARDMNPOLY,6.76,2026-07-01,-0.15,-3.98,1.96,-0.29,7.99,-43.48
IRIS,263.8,2026-07-01,-1.2,-4.78,1.95,21.54,-14.32,-17.43
CANBK,126.28,2026-07-01,0.33,-6.33,1.94,2.47,-15.43,13.02
TMB,730.3,2026-07-01,-0.9,-4.95,1.94,22.39,43.21,68.83
HGS,414.3,2026-07-01,-0.35,-4.41,1.94,12.69,-9.56,-27.3
MODIRUBBER,131.13,2026-07-01,1.59,2.77,1.93,14.25,-5.45,6.08
INDBANK,33.4,2026-07-01,-0.06,-1.21,1.92,7.26,-3.44,-6.07
FIRSTCRY,227.61,2026-07-01,2.82,2.83,1.92,3.14,-20.71,-39.72
HYUNDAI,1918.3,2026-07-01,1.36,-3.55,1.91,11.78,-16.99,-13.56
NIFTY100EW,34.63,2026-07-01,0.35,-2.72,1.91,14.03,0.9,3.99
CHEMCON,187.99,2026-07-01,-0.53,-4.18,1.91,38.85,-8.43,-2.27
BFUTILITIE,581.55,2026-07-01,-3.89,-10.41,1.91,49.02,-14.78,-26.09
SHARDUL,28.36,2026-07-01,-1.63,0.21,1.9,,,
AAKASH,9.11,2026-07-01,4.59,-0.98,1.9,14.16,4.59,-16.27
SHAREINDIA,138.37,2026-07-01,2.95,-0.98,1.85,7.72,-15.59,-23.35
GLOBECIVIL,41.39,2026-07-01,-3.63,-7.74,1.85,12.35,-30.2,-56.18
KOTYARK,39.0,2026-07-01,-9.72,-2.79,1.85,8.02,79.91,31.54
LMW,15894.0,2026-07-01,-0.49,-4.76,1.84,27.91,6.07,-5.4
SKIPPER,557.4,2026-07-01,5.46,1.69,1.84,57.95,29.46,9.46
SOBHA,1410.4,2026-07-01,1.67,-0.53,1.83,17.74,-3.58,-5.27
VARDHACRLC,45.2,2026-07-01,3.36,1.23,1.8,53.79,14.08,-6.78
RAILTEL,316.9,2026-07-01,3.49,-2.04,1.8,20.14,-14.27,-25.05
GOYALALUM,6.83,2026-07-01,-1.44,-3.53,1.79,19.61,-3.53,-16.4
APOLSINHOT,1268.9,2026-07-01,1.18,-5.49,1.79,26.04,4.99,-2.18
NAMAN,48.35,2026-06-30,2.87,1.79,1.79,9.27,-24.45,-53.08
NDLVENTURE,133.06,2026-07-01,2.24,0.3,1.79,9.6,50.64,105.17
VGUARD,305.55,2026-07-01,0.54,-1.63,1.78,-3.22,-4.95,-20.69
SAHYADRI,284.55,2026-07-01,3.93,-2.78,1.77,35.93,9.86,-8.94
SILVERTUC,179.85,2026-07-01,0.85,-7.78,1.77,65.02,62.85,-77.15
AVTNPL,70.85,2026-07-01,-0.44,-0.34,1.77,24.49,6.26,8.94
MASFIN,309.85,2026-07-01,0.0,-2.44,1.76,5.66,-2.67,0.7
BLUECHIP,2.33,2026-06-30,0.0,-1.69,1.75,-5.28,-24.6,-54.4
DPABHUSHAN,947.05,2026-07-01,-0.44,2.52,1.75,-5.82,-33.64,-33.37
SHANTHALA,23.4,2026-06-30,1.3,6.36,1.74,-11.36,-19.03,-22.26
MURUDCERA,32.15,2026-07-01,-0.03,-2.1,1.74,18.81,-7.22,-24.15
CHEMICAL,29.49,2026-07-01,0.82,-1.34,1.69,14.21,1.62,
KAYNES,3152.1,2026-07-01,0.05,-4.0,1.67,-10.96,-20.07,-48.67
GLFL,6.13,2026-07-01,-3.77,-11.03,1.66,59.22,7.92,-1.29
ADANIENSOL,1521.4,2026-07-01,2.35,-1.17,1.66,59.04,45.39,74.39
TIMESCAN,39.95,2026-06-30,0.0,-2.08,1.65,-6.98,-20.66,-39.47
ZYDUSLIFE,1109.2,2026-07-01,-1.08,2.18,1.65,28.5,21.22,11.91
ADVANIHOTR,53.55,2026-07-01,1.38,-0.32,1.65,8.87,-4.82,-7.99
KRSNAA,550.55,2026-07-01,2.51,2.93,1.65,-1.89,-25.65,-21.22
LANCORHOL,24.6,2026-07-01,-1.44,-1.84,1.65,23.62,-2.92,8.9
TTML,43.18,2026-07-01,2.79,-3.31,1.62,22.71,-12.87,-34.66
MONIFTY100,25.14,2026-07-01,0.28,-0.51,1.62,7.67,-6.33,
SRF,2739.9,2026-07-01,2.82,0.71,1.62,7.23,-10.22,-14.11
PFOCUS,232.06,2026-07-01,10.25,3.41,1.61,-31.2,1.19,55.03
TOLINS,103.7,2026-07-01,-0.68,-3.1,1.6,11.33,-22.47,-35.24
ARVEE,162.56,2026-07-01,-1.33,-5.4,1.6,12.92,-20.36,-16.64
UTIAMC,944.65,2026-07-01,1.91,0.87,1.59,-0.62,-15.3,-23.89
AKCAPIT,1754.8,2026-07-01,-1.25,-2.23,1.58,,,
AISL,54.95,2026-06-30,0.0,-0.09,1.57,-8.42,-33.99,-40.91
GROBTEA,913.0,2026-07-01,-0.22,-0.78,1.57,7.76,-7.11,-18.98
RAMRAT,406.55,2026-07-01,0.47,-4.21,1.57,34.44,31.1,19.05
BRIGADE,502.7,2026-07-01,0.16,-6.11,1.56,-0.35,-25.25,-38.63
SAROJA,33.0,2026-06-30,0.0,0.0,1.54,17.86,-17.5,-8.97
ALBERTDAVD,717.25,2026-07-01,2.79,0.88,1.54,16.4,-3.01,-18.19
KAUSHALYA,885.25,2026-07-01,1.12,5.39,1.53,11.84,2.56,-0.87
RPOWER,27.17,2026-07-01,12.55,2.61,1.53,21.57,-21.75,-60.98
ABGSEC,113.66,2026-07-01,-0.02,0.66,1.49,2.31,2.25,3.36
GLOTTIS,66.04,2026-07-01,-1.02,-0.92,1.49,61.39,11.46,
ISGEC,918.9,2026-07-01,-0.52,-4.0,1.47,1.02,2.21,-24.81
ADROITINFO,9.02,2026-07-01,1.12,-1.96,1.46,2.04,-11.22,-17.93
ANTHEM,763.1,2026-07-01,-1.54,-0.14,1.46,14.93,19.9,
TAALTECH,3597.0,2026-07-01,14.36,5.06,1.46,,,
MAGADSUGAR,463.8,2026-07-01,2.95,0.3,1.45,-4.99,-7.99,-28.58
WAKEFIT,122.5,2026-07-01,0.43,-1.57,1.44,-17.06,-34.15,
SAATVIKGL,450.2,2026-07-01,-2.64,-3.59,1.44,12.68,19.51,
DAMCAPITAL,149.43,2026-07-01,0.82,-3.63,1.43,10.57,-30.64,-40.89
EQUAL50,328.46,2026-07-01,0.18,-0.26,1.43,8.68,-2.3,2.31
ANGELONE,340.4,2026-07-01,3.54,-4.06,1.43,41.48,46.39,16.69
BAJAJELEC,319.8,2026-07-01,0.85,-3.16,1.43,-7.48,-32.63,-52.08
RPPINFRA,64.08,2026-07-01,1.36,-6.43,1.42,2.5,-36.22,-51.37
KEI,5247.5,2026-07-01,-3.75,-7.3,1.42,26.91,16.37,37.86
ABCOTS,220.35,2026-07-01,-1.19,-9.99,1.41,-45.28,-46.48,-48.26
GLOBAL,101.93,2026-07-01,-2.72,-6.26,1.37,6.45,15.16,64.24
CROWN,110.89,2026-07-01,-0.84,-3.28,1.37,-4.95,-19.53,-39.62
DODLA,1117.3,2026-07-01,-0.36,-1.68,1.36,10.57,-9.35,-22.17
EQUAL50ADD,339.43,2026-07-01,0.23,-0.38,1.35,4.68,-2.13,2.49
MOMGF,158.83,2026-07-01,0.01,-0.75,1.35,11.51,3.46,9.84
IFGLEXPOR,178.85,2026-07-01,0.48,-6.83,1.35,35.95,-13.47,-32.0
MAHSCOOTER,12666.0,2026-07-01,2.78,0.14,1.34,13.02,-10.4,-11.06
SBIMIDMOM,63.13,2026-07-01,-0.21,-2.53,1.33,13.18,,
TIINDIA,3097.0,2026-07-01,2.47,-6.38,1.32,20.38,18.18,0.46
SKYGOLD,528.9,2026-07-01,3.28,4.38,1.32,56.6,58.64,68.63
IREDA,127.93,2026-07-01,0.35,-2.23,1.31,13.05,-7.72,-24.52
TANLA,524.25,2026-07-01,-1.15,0.43,1.31,26.53,1.7,-17.3
MUNJALSHOW,130.08,2026-07-01,2.52,0.61,1.31,12.68,5.5,-5.58
AROGRANITE,25.8,2026-07-01,0.04,-2.31,1.3,21.87,-21.91,-36.45
ASAL,517.85,2026-07-01,1.85,-4.0,1.29,27.06,7.33,-9.57
VINATIORGA,1324.1,2026-07-01,-0.2,-1.6,1.29,-1.35,-17.07,-31.99
RENUKA,23.0,2026-07-01,3.32,-0.69,1.28,-18.12,-11.81,-30.43
MOINFRA,62.79,2026-07-01,0.34,-1.58,1.26,10.2,4.18,2.63
SCML,76.85,2026-06-30,0.0,-0.26,1.25,-44.21,-45.78,-0.19
ICICIPRULI,492.95,2026-07-01,0.7,-2.64,1.24,-3.64,-26.64,-25.14
DANGEE,3.27,2026-07-01,1.55,6.86,1.24,11.99,-8.66,-48.18
GRASIM,3140.4,2026-07-01,1.95,-1.1,1.22,21.12,10.12,10.66
SBINEQWETF,32.92,2026-07-01,-0.21,-0.81,1.2,1.67,-2.4,2.14
MAGSON,170.0,2026-06-30,0.0,1.19,1.19,18.88,34.92,19.17
MIDQ50ADD,246.48,2026-07-01,-0.04,-2.31,1.19,12.07,-0.45,-3.55
ANDHRAPAP,63.05,2026-07-01,1.61,-0.27,1.16,3.6,-5.91,-22.87
UGARSUGAR,40.83,2026-07-01,0.1,2.95,1.16,4.34,-2.62,-17.75
TIJARIA,4.4,2026-07-01,-0.23,-8.52,1.15,9.45,1.15,-53.29
TOKYOPLAST,86.98,2026-07-01,0.55,2.92,1.14,33.45,-21.64,-34.37
LGEINDIA,1556.5,2026-07-01,-0.66,-3.14,1.14,12.24,4.84,
AXISBPSETF,13.33,2026-04-29,0.0,0.23,1.14,1.76,2.54,5.88
FACT,878.45,2026-07-01,1.02,-3.07,1.13,11.81,-2.78,-9.24
TOP10ADD,86.8,2026-07-01,-0.89,-1.59,1.08,0.12,-14.29,-13.53
SPIC,68.2,2026-07-01,0.87,-4.2,1.08,11.75,-18.08,-24.43
DOLLAR,266.2,2026-07-01,-2.37,2.38,1.06,9.8,-23.83,-28.16
PGINVIT,93.79,2026-06-30,0.01,-0.11,1.06,7.4,12.45,17.68
PURVA,216.23,2026-07-01,0.83,-0.67,1.04,23.02,-10.23,-26.34
MAKEINDIA,161.59,2026-07-01,0.55,-1.43,1.03,11.87,2.98,9.53
KAMATHOTEL,181.36,2026-07-01,0.77,3.56,1.02,15.55,-23.93,-26.65
GOLDENTOBC,25.0,2026-07-01,-3.4,-2.11,1.01,16.77,-21.75,-28.55
ARVINDFASN,470.25,2026-07-01,1.12,-1.83,1.01,14.32,-7.42,-2.22
PILANIINVS,4402.3,2026-07-01,1.25,-0.71,1.01,-0.19,-15.0,-19.7
BAWEJA,29.9,2026-06-30,0.0,3.64,1.01,40.05,-23.33,-42.5
CINELINE,81.73,2026-07-01,6.18,3.23,1.01,2.24,-5.87,-7.72
ATLASCYCLE,98.12,2026-07-01,-0.78,-2.17,1.0,20.13,-8.53,-28.75
SHAHALLOYS,70.01,2026-07-01,0.75,-3.17,1.0,19.9,1.85,12.63
SHIVATEX,147.0,2026-07-01,-1.16,-2.76,1.0,6.52,-20.58,-26.52
MANUFGBEES,159.21,2026-07-01,0.3,-1.43,1.0,11.51,3.05,
IRCON,135.64,2026-07-01,3.37,-2.51,0.99,8.17,-23.19,-32.48
SHRIKRISH,42.86,2026-06-30,5.75,-2.1,0.99,,,
SARLAPOLY,99.31,2026-07-01,1.91,1.63,0.98,31.52,8.77,-11.74
ADL,72.91,2026-07-01,7.14,6.44,0.98,23.58,-5.93,-20.27
AARTISURF,379.85,2026-07-01,2.52,1.16,0.98,8.22,-3.06,-31.84
ICEMAKE,795.65,2026-07-01,4.53,2.84,0.98,16.3,-1.7,1.79
WEIZMANIND,81.94,2026-07-01,-3.44,-6.45,0.96,18.75,-12.92,-34.85
ROSSARI,527.1,2026-07-01,0.78,-4.29,0.95,30.37,-8.99,-22.07
SBINMID150,22.75,2026-07-01,0.09,-1.56,0.93,,,
PAR,90.13,2026-07-01,2.69,-4.8,0.92,9.08,-11.36,-5.66
FIEMIND,2256.1,2026-07-01,0.5,-2.36,0.92,14.25,1.25,18.17
HINDPETRO,392.1,2026-07-01,0.64,-0.29,0.9,16.85,-21.36,-7.69
SCHAEFFLER,4116.2,2026-07-01,0.59,-4.73,0.89,7.22,7.21,4.74
JIWANRAM,5.65,2026-06-30,-3.42,-8.13,0.89,13.0,-10.32,-44.61
USK,22.89,2026-07-01,-0.82,-3.21,0.88,12.98,-2.8,-40.02
ANIKINDS,45.69,2026-07-01,2.67,-2.08,0.88,29.25,-11.76,-59.29
PDMJEPAPER,84.64,2026-07-01,2.62,0.58,0.87,19.41,-14.08,-26.72
DIGISPICE,20.01,2026-07-01,2.3,4.93,0.86,24.91,-16.1,-13.75
LICNMID100,62.04,2026-07-01,0.21,-1.59,0.85,14.78,1.51,3.45
ASKAUTOLTD,444.75,2026-07-01,-3.44,-4.97,0.84,2.08,-7.01,-14.2
KSOLVES,280.45,2026-07-01,-1.28,-4.45,0.83,4.93,0.4,-14.47
GANECOS,918.0,2026-07-01,1.7,-0.33,0.83,-10.19,9.18,-37.84
INNOVANA,331.6,2026-07-01,2.95,5.14,0.82,-5.31,-19.2,-45.62
DIGITIDE,86.49,2026-07-01,1.74,-1.6,0.82,12.12,-33.76,-55.41
AGNI,18.5,2026-06-30,3.35,-0.27,0.82,20.92,-20.09,-33.69
AMEYA,105.9,2026-06-30,-0.09,1.92,0.81,13.87,6.97,-2.84
UNOMINDA,1088.1,2026-07-01,-0.29,-2.56,0.81,4.45,-15.24,1.05
SUPREMEPWR,248.85,2026-06-30,-0.46,-2.75,0.81,64.31,29.78,7.24
MIDSMALL,50.61,2026-07-01,-0.14,-2.65,0.8,14.53,6.06,-0.94
PRECAM,151.32,2026-07-01,2.02,-3.07,0.8,28.77,-12.23,-28.98
SAFARI,1619.7,2026-07-01,2.09,-1.87,0.79,6.34,-25.7,-26.11
METROGLOBL,129.84,2026-07-01,0.63,1.45,0.79,,,
SHREMINVIT,101.8,2026-06-30,0.1,0.39,0.79,3.27,12.48,12.6
MOMIDMTM,63.96,2026-07-01,-1.57,-4.62,0.79,13.0,1.38,-1.33
MON50EQUAL,33.0,2026-07-01,1.44,-0.6,0.79,8.8,-1.67,2.71
SINGERIND,69.87,2026-07-01,-3.95,-2.55,0.79,4.5,,
INDGN,513.75,2026-07-01,-0.6,-5.12,0.78,10.59,-1.21,-10.71
POLICYBZR,1684.2,2026-07-01,3.76,0.92,0.77,17.52,-6.73,-8.11
SNOWMAN,37.09,2026-07-01,0.95,-6.41,0.76,8.29,-6.44,-37.74
IOC,139.83,2026-07-01,0.47,-3.15,0.74,3.03,-14.64,1.32
VINYLINDIA,254.3,2026-07-01,0.22,-0.16,0.73,39.67,8.89,-15.62
EKC,116.88,2026-07-01,-0.28,-7.38,0.73,15.12,0.86,-15.56
NIVABUPA,85.12,2026-07-01,0.59,-1.94,0.73,17.63,13.37,3.91
SABEVENTS,8.39,2026-07-01,-1.18,9.39,0.72,3.33,-8.0,37.32
MRPL,148.13,2026-07-01,-0.71,-4.04,0.72,-19.56,-1.45,5.93
SUPRAJIT,466.25,2026-07-01,1.5,-2.09,0.7,10.5,-0.61,-1.08
EBBETF0425,1290.83,2025-04-08,0.02,0.23,0.7,1.9,3.85,7.57
DATAMATICS,806.15,2026-07-01,2.43,-0.11,0.69,16.34,1.6,30.39
INDPRUD,6525.0,2026-07-01,-1.11,1.29,0.69,,,
APTECHT,103.65,2026-07-01,0.24,-4.36,0.69,40.97,20.25,-31.16
NBIFIN,1863.6,2026-07-01,-3.06,-0.35,0.68,11.3,-16.73,-38.25
VSTL,114.4,2026-07-01,-0.75,-2.65,0.68,5.19,-16.25,-27.18
SAGCEM,178.42,2026-07-01,1.7,3.6,0.67,8.38,-16.42,-26.99
MANYAVAR,401.65,2026-07-01,-2.5,-3.76,0.65,7.29,-30.23,-50.16
MAPMYINDIA,845.85,2026-07-01,3.41,-5.01,0.64,-2.05,-51.13,-52.48
JAICORPLTD,114.58,2026-07-01,0.74,-5.67,0.64,18.74,-12.96,6.49
VRLLOG,238.51,2026-07-01,1.68,-0.7,0.63,1.07,-9.75,-15.94
CHAMBLFERT,472.4,2026-07-01,-0.39,-3.04,0.63,5.87,-1.63,-13.74
SILINV,425.05,2026-07-01,0.68,-0.54,0.63,7.34,-17.87,-28.83
BALKRISHNA,18.34,2026-07-01,-1.24,-4.58,0.6,29.89,0.71,-14.54
BIRLACORPN,987.8,2026-07-01,0.02,-1.88,0.59,10.72,-11.02,-25.9
GROWWLOVOL,10.22,2026-07-01,1.49,-0.1,0.59,5.36,-4.88,-0.05
DBREALTY,115.67,2026-07-01,3.77,-2.4,0.57,26.33,-1.72,-49.63
SRM,512.55,2026-07-01,1.08,-0.69,0.56,26.6,-3.96,4.58
ICICIGI,1757.6,2026-07-01,-0.59,-5.52,0.55,4.09,-9.84,-14.23
EICHERMOT,7139.0,2026-07-01,-3.86,-6.55,0.54,4.59,-2.84,26.53
STARPAPER,139.53,2026-07-01,2.11,0.72,0.53,8.9,-16.69,-20.03
TCI,924.1,2026-07-01,-1.22,-2.35,0.52,-0.53,-14.08,-18.16
GAUDIUMIVF,115.27,2026-07-01,4.03,3.95,0.51,46.28,,
MOKSH,11.76,2026-07-01,-5.16,-0.68,0.51,29.8,-17.42,-17.88
CRAMC,250.59,2026-07-01,1.49,-1.42,0.51,7.33,-19.35,
VSSL,272.3,2026-07-01,-2.35,-2.7,0.5,21.63,-4.64,4.5
SYSTMTXC,64.48,2026-07-01,2.28,-3.73,0.5,11.56,-54.47,
KUANTUM,75.45,2026-07-01,-0.55,-0.25,0.49,9.22,-17.77,-35.6
POWERGRID,287.55,2026-07-01,0.45,-0.76,0.49,-1.79,8.99,-0.2
BERGEPAINT,515.35,2026-07-01,-0.57,-6.31,0.48,23.35,-3.43,-12.67
IL&FSENGG,29.39,2026-07-01,-0.14,-4.79,0.48,21.0,10.49,-14.81
SIL,15.97,2026-07-01,1.4,2.11,0.44,30.26,2.52,-15.02
TIPSMUSIC,657.95,2026-07-01,5.41,0.9,0.42,27.86,21.95,0.67
KHFM,60.2,2026-06-30,7.6,3.7,0.42,12.84,-1.47,-26.85
JUBLINGREA,640.8,2026-07-01,4.89,-0.74,0.42,11.83,-9.02,-15.75
OAL,313.65,2026-07-01,-0.08,-5.77,0.42,27.79,8.34,-16.47
MPSLTD,1896.5,2026-07-01,0.67,5.3,0.42,16.56,-5.39,-28.84
USHAMART,492.8,2026-07-01,1.74,2.53,0.42,21.19,11.02,36.22
LIQUIDPLUS,1092.3,2026-07-01,0.03,0.12,0.41,1.22,2.43,5.11
CASHIETF,1068.82,2026-07-01,0.03,0.12,0.41,1.22,2.42,5.08
ELIQUID,1037.36,2026-07-01,0.03,0.12,0.41,1.23,2.44,
HDFCLIQUID,1067.32,2026-07-01,0.03,0.12,0.41,1.22,2.38,6.48
AONELIQUID,1066.18,2026-07-01,0.03,0.12,0.41,1.22,2.42,5.07
LIQUID1,1111.4,2026-07-01,0.03,0.12,0.41,1.23,2.44,5.12
SHEETAL,297.5,2026-06-30,0.34,0.34,0.4,33.8,84.21,146.51
LIQUIDADD,1133.57,2026-07-01,0.03,0.12,0.4,1.2,2.39,5.01
LIQUIDCASE,114.79,2026-07-01,0.03,0.13,0.4,1.21,2.41,5.04
SBILIQETF,1045.41,2026-07-01,0.03,0.12,0.4,1.21,2.41,
LIQUIDSHRI,1111.01,2026-07-01,0.03,0.12,0.39,1.15,2.3,4.85
LIQUIDBETF,1088.23,2026-07-01,0.03,0.12,0.39,1.2,2.35,4.93
LIQGRWBEES,1045.7,2026-07-01,0.03,0.12,0.39,1.15,2.29,
ESSARSHPNG,23.56,2026-07-01,1.73,-2.04,0.38,1.33,-13.6,-21.26
GROWWLIQID,109.71,2026-07-01,0.03,0.12,0.38,1.15,2.27,4.82
SUVIDHAA,2.71,2026-07-01,-0.73,-2.87,0.37,11.07,-25.55,-28.87
IVC,8.15,2026-07-01,0.0,-4.34,0.37,22.19,0.37,-2.51
VSTTILLERS,4636.4,2026-07-01,4.15,1.54,0.32,-6.08,-25.22,25.71
MWL,377.85,2026-07-01,2.41,0.43,0.32,44.8,35.26,133.52
HEROMOTOCO,4834.9,2026-07-01,0.44,-2.99,0.31,-5.61,-15.62,18.4
SUMMITSEC,1523.8,2026-07-01,1.35,-3.05,0.31,4.26,-21.34,-26.97
SUKHJITS,173.64,2026-07-01,-0.04,-2.26,0.3,9.73,-6.57,-2.96
AONETMMQ50,10.18,2026-07-01,0.0,-2.77,0.3,12.74,5.6,
DHAMPURSUG,140.44,2026-07-01,2.04,-0.64,0.29,1.19,15.73,-5.89
FROG,164.3,2026-06-30,-1.94,4.72,0.27,22.84,3.33,-32.55
ARFIN,89.09,2026-07-01,6.99,-8.18,0.27,17.32,18.96,
SATIA,56.02,2026-07-01,3.76,-0.69,0.27,0.56,-16.04,-38.43
APOLLOPIPE,483.55,2026-07-01,2.63,-1.93,0.24,13.01,64.75,14.51
TRANSWORLD,164.81,2026-07-01,0.67,-4.95,0.24,24.63,-17.0,-42.24
NCC,149.61,2026-07-01,-0.22,-6.23,0.23,7.95,-7.43,-35.31
TAJGVK,343.1,2026-07-01,5.04,0.25,0.23,7.69,-19.27,-14.38
STEELCITY,76.65,2026-07-01,0.13,-2.67,0.21,3.81,-14.7,-28.82
CASTROLIND,184.33,2026-07-01,-0.42,-1.05,0.2,4.54,-0.6,-14.19
KOTARISUG,24.81,2026-07-01,0.2,-3.27,0.2,5.57,-8.38,-34.09
JUNIPER,194.9,2026-07-01,0.87,-5.14,0.2,-4.33,-22.2,-33.14
NFL,74.76,2026-07-01,0.43,-4.59,0.2,7.66,-17.26,-24.82
MTNL,29.88,2026-07-01,0.67,-6.65,0.2,23.93,-18.14,-42.32
UNIENTER,106.29,2026-07-01,-1.56,-2.59,0.2,12.79,-29.09,-30.26
MANAPPURAM,316.65,2026-07-01,0.38,-3.21,0.19,24.18,1.14,14.67
ICRA,5272.5,2026-07-01,-0.22,0.55,0.16,3.67,-14.3,-21.74
ASTAR,628.0,2026-07-01,1.29,1.29,0.16,,,
BLAL,184.77,2026-07-01,2.31,0.18,0.16,11.71,-10.2,-14.59
SYMPHONY,690.3,2026-07-01,-0.04,-1.97,0.15,-4.65,-24.54,-37.6
METROPOLIS,541.6,2026-07-01,3.4,0.2,0.14,27.91,14.44,27.18
AFSL,201.29,2026-07-01,0.12,0.14,0.14,0.09,-0.65,-17.4
IIFLCAPS,339.1,2026-07-01,0.43,-1.87,0.12,30.06,-9.88,-2.6
NILKAMAL,1261.6,2026-07-01,-0.25,-2.1,0.1,8.79,-9.82,-28.47
ZENITHEXPO,195.59,2026-07-01,-2.69,-9.66,0.09,4.37,-6.21,-21.01
GRAVITA,1627.2,2026-07-01,-2.19,-6.48,0.09,23.43,-12.45,-11.92
VEEDOL,1434.8,2026-07-01,-0.96,-2.99,0.08,11.33,-11.17,-13.72
BALKRISIND,2169.3,2026-07-01,0.08,-3.54,0.07,1.96,-6.18,-11.85
MANUGRAPH,15.58,2026-07-01,-1.52,-0.7,0.06,43.33,-4.3,-23.63
ATGL,734.0,2026-07-01,0.32,0.08,0.06,40.96,23.59,10.13
SILLYMONKS,16.43,2026-07-01,1.36,-5.19,0.06,4.45,-18.34,3.14
IRBINVIT,60.49,2026-06-30,-0.48,-1.11,0.05,3.02,2.97,9.5
NBCC,104.44,2026-07-01,0.09,-5.04,0.04,26.15,-14.35,-14.68
NARMADA,36.42,2026-07-01,-8.86,-2.8,0.03,12.17,67.45,100.77
GROWWMC150,228.9,2026-07-01,0.39,-0.54,0.02,13.65,2.33,
MOQUALITY,201.13,2026-07-01,1.51,-1.64,0.01,10.5,0.86,1.06
JINDCOT,2.5,2024-11-08,0.0,0.0,0.0,0.0,0.0,0.0
SECURCRED,1.56,2026-06-30,0.0,0.0,0.0,0.0,0.0,0.0
MBECL,65.4,2026-06-30,0.0,0.0,0.0,0.0,0.0,0.0
WATERBASE,74.9,2023-12-06,0.0,0.0,0.0,-13.41,-1.45,-5.79
LIQUIDSBI,1000.0,2026-07-01,-0.0,0.0,0.0,0.0,1.14,3.1
JAKHARIA,60.5,2026-06-30,0.0,0.0,0.0,0.0,0.0,-30.1
APLAB,32.5,2026-06-26,0.0,0.0,0.0,0.0,0.0,0.0
STAR,1094.1,2026-07-01,-0.84,-1.98,0.0,13.54,20.05,26.97
DSKULKARNI,13.55,2026-06-30,0.0,0.0,0.0,0.0,0.0,0.0
SUULD,1.57,2026-06-30,0.0,0.0,0.0,0.0,0.0,-42.49
INDLMETER,23.69,2026-06-30,0.0,0.0,0.0,0.0,0.0,0.0
IBLFL,60.0,2026-06-30,0.0,9.59,0.0,29.03,-0.58,-5.96
AVSL,119.7,2026-06-30,0.0,0.0,0.0,0.0,-5.0,-7.35
MINDPOOL,71.1,2026-06-30,0.0,0.0,0.0,0.0,0.0,10.92
DESTINY,105.9,2026-06-30,0.0,0.0,0.0,-14.22,-5.74,14.86
PERFECT,8.1,2026-06-30,0.0,0.0,0.0,0.0,0.0,-31.65
ABSLLIQUID,1000.0,2026-07-01,0.0,0.0,0.0,0.51,1.28,2.99
GANGOTRI,0.61,2026-06-30,0.0,0.0,0.0,0.0,0.0,-8.96
MELSTAR,4.25,2026-06-30,0.0,0.0,0.0,0.0,0.0,0.0
KTL,4.85,2026-06-30,0.0,0.0,0.0,0.0,0.0,-40.49
ALPSINDUS,34.3,2026-06-30,0.0,0.0,0.0,0.0,-3.65,34.51
VIKASECO,1.28,2026-07-01,6.67,0.79,0.0,13.27,-24.71,-49.41
PODDARHOUS,43.37,2026-06-30,0.0,0.0,0.0,0.0,0.0,0.0
HERCULES,159.32,2026-06-30,0.0,0.0,0.0,0.0,0.31,-19.47
VERA,69.0,2026-06-30,0.0,0.0,0.0,0.0,-1.29,1.47
AJRINFRA,0.7,2026-06-30,0.0,0.0,0.0,0.0,0.0,0.0
MARSHALL,3.64,2026-06-30,0.0,0.0,0.0,0.0,0.0,-64.86
BURNPUR,33.0,2026-06-30,0.0,0.0,0.0,0.0,0.0,0.0
SRIRAM,10.1,2026-06-30,0.0,0.0,0.0,0.0,0.0,0.0
LIQUIDIETF,999.99,2026-07-01,0.0,0.0,0.0,0.0,0.0,0.0
LIQUIDBEES,1000.0,2026-07-01,0.0,0.0,0.0,0.0,0.0,0.99
LIQUID,999.99,2026-07-01,0.0,0.0,0.0,0.0,1.15,3.67
LIQUIDETF,999.99,2026-07-01,0.0,0.0,0.0,0.0,1.13,3.34
ISHAN,0.6,2026-06-30,0.0,-7.69,0.0,0.0,-20.0,-42.86
JFLLIFE,9.0,2026-06-30,0.0,-0.55,0.0,5.26,-25.31,-43.04
ANDREWYU,31.35,2023-12-06,0.0,0.0,0.0,-0.32,29.31,21.31
CADSYS,70.45,2026-06-30,0.0,0.0,0.0,58.67,51.02,0.86
SIIL,26.0,2026-06-26,0.0,0.0,0.0,0.0,0.0,0.0
GOENKA,0.82,2026-06-30,0.0,0.0,0.0,0.0,0.0,-9.89
BRIGHT,2.8,2026-06-30,0.0,0.0,0.0,0.0,0.0,0.0
RMCL,200.0,2026-06-30,0.0,0.0,0.0,0.0,0.0,0.0
SAHAJ,3.85,2026-06-30,0.0,0.0,0.0,0.0,-34.19,-65.32
FIVECORE,31.7,2026-06-26,0.0,0.0,0.0,0.0,0.0,0.0
OMKARCHEM,3.41,2026-06-30,0.0,0.0,0.0,-7.34,-42.88,-46.13
AHIMSA,24.7,2026-06-30,0.0,0.0,0.0,0.0,-1.2,11.76
OPAL,43.0,2026-06-26,0.0,0.0,0.0,0.0,0.0,0.0
SHAIVAL,33.0,2026-06-30,0.0,0.0,0.0,0.0,8.2,8.2
BKMINDST,45.0,2026-06-30,0.0,0.0,0.0,0.0,0.0,0.0
KALYANI,138.09,2026-06-30,0.0,0.0,0.0,0.0,0.0,
TECHIN,14.0,2026-06-30,0.0,0.0,0.0,0.0,0.0,0.0
SASKEN,2269.6,2026-07-01,3.75,-7.62,-0.02,98.22,48.94,57.39
BAJEL,192.72,2026-07-01,0.18,-7.16,-0.03,25.04,11.41,-18.45
JAINAM,250.0,2026-06-30,-1.96,-1.96,-0.04,43.68,1.19,-9.09
CSLFINANCE,228.87,2026-07-01,-0.26,1.14,-0.07,-6.51,-22.32,-32.05
GROWWPOWER,12.2,2026-07-01,-0.08,-2.56,-0.08,18.79,,
MADHAV,36.85,2026-07-01,2.53,-3.89,-0.08,13.98,-14.2,-21.18
UNIINFO,11.86,2026-07-01,-1.17,-1.08,-0.08,10.12,-24.94,-31.92
MANORG,548.05,2026-07-01,0.48,-4.37,-0.09,42.65,13.0,-6.16
SDL26BEES,136.94,2026-04-27,-0.44,-0.33,-0.1,1.29,2.15,5.7
PREMIERENE,1051.6,2026-07-01,2.17,-1.05,-0.1,12.23,24.22,-0.35
SHK,129.18,2026-07-01,-2.31,-7.64,-0.11,4.77,-26.26,-44.62
DIVISLAB,6545.5,2026-07-01,-0.18,-3.57,-0.12,10.82,3.18,-4.1
MODIS,335.6,2026-07-01,-0.58,-3.09,-0.15,11.79,-2.29,
DALMIASUG,335.6,2026-07-01,2.88,-0.62,-0.15,-12.48,15.01,-14.7
ASIANENE,350.4,2026-07-01,-4.17,-6.39,-0.16,35.55,23.66,19.75
GRAVISSHO,29.02,2026-06-30,0.1,-0.89,-0.17,,,
APLAPOLLO,1785.1,2026-07-01,-0.13,-3.76,-0.18,-7.74,-9.39,1.81
BHARATWIRE,215.51,2026-07-01,6.94,0.94,-0.2,33.75,19.85,-0.65
TORNTPOWER,1404.5,2026-07-01,-0.95,-4.79,-0.2,5.4,7.31,-2.25
COOLCAPS,23.75,2026-06-30,-5.0,-12.04,-0.21,-16.81,-66.31,-97.13
BIRLAPREC,37.96,2026-07-01,1.01,0.24,-0.21,,,
BLKASHYAP,54.28,2026-07-01,-0.66,-3.11,-0.22,18.21,2.67,-16.96
KOLTEPATIL,364.1,2026-07-01,0.97,-3.4,-0.22,22.3,-6.92,-26.06
ICICIB22,118.97,2026-07-01,-0.02,-1.87,-0.22,1.99,1.29,7.6
BALAJITELE,90.02,2026-07-01,3.94,2.81,-0.23,12.98,-14.79,0.96
GULFPETRO,38.36,2026-07-01,-2.57,-4.46,-0.23,48.22,10.42,-15.78
VIRINCHI,16.39,2026-07-01,-0.24,-2.85,-0.24,6.64,-29.05,-22.91
BANKA,90.3,2026-07-01,0.33,1.46,-0.24,96.39,34.82,20.19
KOHINOOR,25.25,2026-07-01,-0.04,-1.98,-0.24,21.05,-4.86,-29.72
CELEBRITY,7.64,2026-07-01,0.66,-5.45,-0.26,20.5,-14.83,-43.2
KALAMANDIR,105.85,2026-07-01,-4.73,-4.08,-0.27,4.45,-30.74,-30.35
ORISSAMINE,3995.2,2026-07-01,3.49,-2.97,-0.27,18.18,-19.86,-18.15
NV20IETF,13.65,2026-07-01,-0.66,-1.3,-0.29,1.34,-9.48,-6.89
BLBLIMITED,17.0,2026-07-01,12.96,6.18,-0.29,8.01,21.69,14.02
NIBL,30.04,2026-07-01,-0.53,-2.47,-0.3,8.6,-17.43,7.9
CUMMINSIND,5663.0,2026-07-01,2.19,-1.75,-0.31,22.87,27.25,71.5
SNXT30BEES,41.9,2026-07-01,0.62,-1.43,-0.31,10.35,2.39,5.83
NEXT30ADD,41.97,2026-07-01,0.55,-3.41,-0.31,10.42,2.19,5.98
KIOCL,386.95,2026-07-01,-1.05,-5.12,-0.33,12.32,-4.79,29.03
PICCADIL,574.05,2026-07-01,1.64,-0.57,-0.33,6.02,-5.05,
PRAVEG,234.82,2026-07-01,-5.03,0.12,-0.33,,,
EMAMIPAP,86.76,2026-07-01,1.14,-0.03,-0.34,40.66,-1.42,-11.15
PVRINOX,978.15,2026-07-01,1.74,-0.1,-0.36,3.5,-3.82,1.4
RVTH,737.85,2026-07-01,-1.09,2.69,-0.36,34.09,5.11,-25.09
SUVEN,273.85,2026-07-01,-1.14,3.32,-0.36,85.75,66.28,7.95
BIOFILCHEM,34.69,2026-07-01,-1.0,-1.81,-0.37,25.92,5.18,-26.19
SJVN,72.63,2026-07-01,1.17,-2.04,-0.38,7.98,-1.31,-26.33
MEDIASSIST,366.1,2026-07-01,0.97,-0.83,-0.39,15.45,-21.01,-30.49
GOACARBON,389.25,2026-07-01,-1.23,-6.64,-0.41,32.35,-8.38,-21.91
RACE,111.39,2026-07-01,-0.35,-1.57,-0.41,7.87,-21.75,-55.05
CENTEXT,19.18,2026-07-01,0.05,-5.28,-0.42,5.04,-14.26,-22.51
PROSTARM,136.05,2026-07-01,-0.43,-4.32,-0.43,9.38,-23.71,-10.65
AARNAV,24.89,2026-07-01,1.1,1.88,-0.44,5.65,,
RELIANCE,1308.0,2026-07-01,0.54,-1.39,-0.45,-4.03,-16.6,-13.68
KOTIC,158.31,2026-07-01,-2.43,-4.14,-0.45,,,
TREJHARA,143.04,2026-07-01,1.4,-2.44,-0.46,-1.31,-37.11,-39.99
AARON,117.66,2026-07-01,0.24,-2.03,-0.48,-3.98,-30.56,-38.74
EXIDEIND,390.35,2026-07-01,0.98,2.36,-0.48,30.18,7.46,1.7
SHYAMMETL,956.8,2026-07-01,0.5,-0.42,-0.48,20.05,13.65,9.86
RADIOCITY,6.06,2026-07-01,-0.82,-3.96,-0.49,20.48,-10.22,-32.29
UTTAMSUGAR,232.82,2026-07-01,1.79,-0.83,-0.5,-4.79,-7.35,-21.23
JUBLFOOD,421.45,2026-07-01,0.9,-2.76,-0.53,-5.01,-23.81,-40.52
HDFCVALUE,126.03,2026-07-01,-0.42,-1.16,-0.54,1.83,-9.62,-6.93
TATAINVEST,664.65,2026-07-01,-0.26,-3.66,-0.54,15.76,-4.1,-2.75
JMA,87.15,2026-07-01,-4.07,-5.76,-0.55,7.81,9.28,-7.34
SHRIRAMPPS,88.91,2026-07-01,2.03,-2.99,-0.55,34.35,6.0,-11.28
INTELLECT,726.0,2026-07-01,-0.15,-3.48,-0.55,14.17,-23.4,-35.93
DYNAMATECH,10397.0,2026-07-01,4.6,-5.38,-0.55,10.74,12.32,44.34
JKLAKSHMI,582.45,2026-07-01,-3.4,-4.38,-0.57,-1.17,-26.6,-38.83
TATVA,1188.7,2026-07-01,-0.61,-0.17,-0.57,7.69,-10.27,24.87
MAZDA,231.37,2026-07-01,0.24,-6.49,-0.57,31.19,5.32,-2.47
GENUSPOWER,307.9,2026-07-01,-3.31,-4.7,-0.57,31.02,3.2,-15.76
CLSL,43.0,2026-06-30,0.0,-2.27,-0.58,4.88,-13.83,-14.94
LLOYDSME,1805.9,2026-07-01,0.01,1.14,-0.58,34.09,33.61,14.34
AVROIND,10.24,2026-07-01,0.59,0.59,-0.58,-9.68,-13.91,-44.55
HCL-INSYS,12.05,2026-07-01,-1.47,-2.59,-0.58,13.57,-9.26,-28.66
TNPL,146.1,2026-07-01,0.65,-0.78,-0.59,13.67,2.36,-11.99
SAMMAANCAP,176.29,2026-07-01,5.16,-1.18,-0.6,20.2,22.25,25.55
AFFLE,1430.9,2026-07-01,2.24,-3.34,-0.6,-0.45,-19.68,-27.12
ARIHANTSUP,257.5,2026-07-01,2.41,-4.24,-0.6,26.82,-25.17,-35.65
RAMANEWS,29.02,2026-07-01,1.04,-0.27,-0.65,-4.0,-8.45,-17.44
INTLCONV,78.99,2026-07-01,-2.46,-6.35,-0.65,22.81,-11.06,-18.11
ROML,45.74,2026-07-01,-0.57,-1.93,-0.65,14.61,-10.8,-18.73
TARACHAND,55.92,2026-07-01,-0.73,-2.61,-0.66,-0.69,-30.03,-17.2
KOTHARIPET,121.88,2026-07-01,-1.81,-0.99,-0.68,17.42,-5.81,-31.44
TRACXN,30.44,2026-07-01,1.5,0.33,-0.69,5.04,-23.8,-48.04
AARTIIND,467.6,2026-07-01,2.27,-3.83,-0.7,13.66,24.46,-3.22
KHAITANLTD,133.05,2026-07-01,-1.39,3.82,-0.7,35.74,27.86,7.8
TATACOMM,1911.7,2026-07-01,-4.1,-7.28,-0.7,38.76,6.49,11.78
BEARDSELL,29.06,2026-07-01,-2.84,-1.86,-0.72,29.96,-3.13,-0.88
NGIL,40.8,2026-07-01,7.51,8.8,-0.73,56.92,32.6,39.06
CAPILLARY,506.35,2026-07-01,-0.6,2.07,-0.74,4.26,-25.21,
GUJTHEM,395.75,2026-07-01,3.01,-1.63,-0.76,60.21,-10.17,13.9
NATCOPHARM,926.2,2026-07-01,0.73,4.74,-0.76,-7.56,4.46,-0.15
MODTHREAD,46.9,2026-07-01,0.62,7.87,-0.78,7.35,1.96,3.51
ANDHRSUGAR,79.29,2026-07-01,1.77,-6.66,-0.78,8.42,4.44,-3.17
SONATSOFTW,264.2,2026-07-01,-4.0,-11.01,-0.81,19.69,-26.88,-34.14
SWELECTES,631.85,2026-07-01,-0.27,-0.04,-0.82,18.76,2.26,8.55
MAJESAUT,333.0,2026-07-01,0.09,-2.5,-0.83,,,
EMULTIMQ,41.74,2026-07-01,1.41,-2.98,-0.83,9.99,0.87,-4.68
SCILAL,43.89,2026-07-01,-0.14,-4.71,-0.88,11.82,-7.13,-17.26
OILIETF,11.24,2026-07-01,0.45,-1.75,-0.88,1.54,-9.35,-5.78
CLSEL,286.0,2026-07-01,-1.75,-3.0,-0.88,24.9,8.23,-23.47
BIGBLOC,49.33,2026-07-01,-0.46,0.2,-0.92,7.57,-34.26,-23.45
METROBRAND,1023.1,2026-07-01,-0.26,-2.01,-0.92,11.21,-14.66,-9.53
KLBRENG-B,492.15,2026-07-01,0.9,-0.99,-0.92,,,
PFIZER,4473.6,2026-07-01,1.56,0.23,-0.92,-7.82,-9.0,-19.22
FLEXIADD,9.61,2026-07-01,-0.31,-2.14,-0.93,5.26,-9.51,
WSI,67.09,2026-07-01,1.08,-2.2,-0.93,-1.89,-25.75,-29.85
HRHNEXT,26.75,2026-06-30,0.0,5.52,-0.93,-2.37,-1.47,-49.53
TTKHLTCARE,907.5,2026-07-01,-2.12,-2.37,-0.94,15.83,-11.62,-28.6
MOL,47.33,2026-07-01,-1.93,-6.74,-0.94,11.86,-25.72,-53.59
MFSL,1608.9,2026-07-01,0.46,-4.61,-0.95,8.9,-3.89,-2.72
GOKUL,41.6,2026-07-01,-0.81,-4.74,-0.95,10.08,9.53,-7.92
SELMC,29.23,2026-07-01,0.0,-2.37,-0.95,3.84,-3.53,-17.69
SURANASOL,26.82,2026-07-01,-0.37,-1.32,-0.96,21.74,0.94,-22.78
THAKDEV,128.9,2026-07-01,4.8,2.11,-0.96,,,
MASKINVEST,150.53,2026-07-01,2.72,-5.15,-0.97,21.4,3.81,-5.92
NAHARPOLY,253.05,2026-07-01,1.2,0.36,-0.98,7.01,8.64,-28.4
OMINFRAL,87.58,2026-07-01,3.45,1.61,-0.98,3.08,-9.61,-33.7
ALICON,660.55,2026-07-01,4.47,0.42,-0.99,7.31,-19.29,-25.65
HEMIPROP,138.17,2026-07-01,-0.25,-0.52,-0.99,15.8,1.39,-0.8
ATL,23.79,2026-07-01,-0.42,-4.23,-1.0,13.94,-16.17,-18.5
QUICKHEAL,172.86,2026-07-01,-0.83,-3.46,-1.01,20.37,-35.19,-56.63
BANDHANBNK,205.04,2026-07-01,1.34,-1.58,-1.01,38.85,42.21,10.54
EDUCOMP,0.98,2026-06-30,0.0,-1.01,-1.01,5.38,-14.04,-50.0
WILLAMAGOR,26.37,2026-07-01,2.73,-1.12,-1.01,10.2,-12.97,-25.61
SVPGLOB,3.88,2026-07-01,0.0,-3.96,-1.02,65.11,4.02,15.13
DNAMEDIA,2.91,2026-07-01,6.99,2.46,-1.02,4.3,-25.19,-41.21
GILLANDERS,91.95,2026-07-01,-0.89,3.13,-1.03,12.31,-12.6,-32.94
NV20BEES,139.57,2026-07-01,-0.98,-1.41,-1.04,-0.76,-9.75,46.58
NAUKRI,993.55,2026-07-01,0.68,0.91,-1.05,0.84,-25.74,-31.01
AGROPHOS,30.83,2026-07-01,1.51,-1.06,-1.06,17.31,-25.64,-12.45
JOCIL,147.24,2026-07-01,1.54,-1.28,-1.07,46.09,2.25,-11.65
SHRADHA,33.9,2026-07-01,-0.15,-2.7,-1.08,9.92,-11.37,-52.81
JINDWORLD,30.2,2026-07-01,-0.4,-4.79,-1.08,49.65,4.14,-44.89
DOLATALGO,72.63,2026-07-01,0.64,-5.77,-1.08,3.91,-18.07,-27.59
GMMPFAUDLR,776.65,2026-07-01,-2.03,-5.77,-1.09,-7.94,-28.43,-35.93
DEVYANI,112.82,2026-07-01,1.63,-3.78,-1.1,16.6,-23.48,-33.11
FMNL,10.75,2026-07-01,-1.56,2.09,-1.1,44.49,22.86,-36.73
SUNTV,510.95,2026-07-01,-0.53,-2.62,-1.1,-12.27,-12.43,-12.21
SWIGGY,246.98,2026-07-01,3.45,-3.01,-1.11,-6.91,-36.79,-37.23
RAJPALAYAM,828.45,2026-07-01,0.82,-0.56,-1.12,,,
ONEPOINT,58.58,2026-07-01,2.63,0.53,-1.13,33.05,9.56,17.54
HARIOMPIPE,397.55,2026-07-01,1.98,-5.7,-1.14,30.73,3.84,0.72
DAMODARIND,31.2,2026-07-01,3.65,0.65,-1.14,44.98,4.63,-18.56
MADHAVBAUG,180.6,2026-06-30,2.96,-0.77,-1.15,8.4,-37.24,13.58
HPAL,35.32,2026-07-01,0.28,-5.0,-1.15,20.42,-14.56,-31.39
FRONTSP,1497.7,2026-07-01,6.39,3.29,-1.15,,,
ALPA,68.89,2026-07-01,1.28,1.94,-1.16,37.2,-12.62,-32.95
JUBLPHARMA,975.9,2026-07-01,2.27,2.03,-1.18,19.52,-7.77,-18.29
SBILIFE,1790.9,2026-07-01,2.02,-0.81,-1.19,0.02,-12.11,-3.71
VENKEYS,1416.4,2026-07-01,-0.65,-3.51,-1.19,16.03,-10.0,-10.92
KANSAINER,210.02,2026-07-01,2.5,-1.31,-1.2,21.05,-11.35,-15.04
360ONE,1065.9,2026-07-01,-2.19,-6.43,-1.2,12.49,-9.12,-8.33
FINPIPE,175.82,2026-07-01,0.74,-1.91,-1.21,10.54,0.03,-17.53
TGBHOTELS,8.99,2026-07-01,-0.66,-0.88,-1.21,9.77,-7.7,-25.95
IEX,123.86,2026-07-01,-0.76,-1.45,-1.22,4.89,-4.54,-34.06
NDTV,80.86,2026-07-01,0.61,-2.39,-1.23,18.2,-18.63,-48.65
ANTGRAPHIC,0.8,2026-07-01,-2.44,0.0,-1.23,3.9,-25.23,-37.98
IGIL,358.15,2026-07-01,2.24,-0.11,-1.24,10.49,8.38,-1.14
ENERGY,39.94,2026-07-01,0.2,-2.51,-1.24,12.41,12.47,
ORTEL,1.58,2026-07-01,3.27,-1.25,-1.25,-4.82,2.6,-30.7
VENTIVE,628.85,2026-07-01,0.01,-3.1,-1.26,8.95,-15.54,-6.93
RATNAMANI,2479.8,2026-07-01,-3.52,-9.9,-1.26,9.91,3.78,-13.77
ASTRON,3.89,2026-07-01,0.26,-2.99,-1.27,9.89,-35.7,-77.32
DIGIDRIVE,18.67,2026-07-01,2.64,-1.53,-1.27,2.92,-28.3,-40.08
MANAKALUCO,35.58,2026-07-01,-0.86,-7.8,-1.28,55.92,22.39,38.38
ABB,6937.0,2026-07-01,-2.68,-4.42,-1.29,14.88,34.56,17.3
QUAL30IETF,20.4,2026-07-01,-0.83,-1.59,-1.31,5.64,-7.36,-4.98
SULA,153.79,2026-07-01,0.42,-2.91,-1.33,0.22,-28.75,-48.98
MOENERGY,39.81,2026-07-01,-0.67,-2.64,-1.34,12.12,12.06,
ZSARACOM,9193.5,2026-07-01,-3.23,-1.46,-1.37,,,
BESTAGRO,15.78,2026-07-01,6.55,-0.38,-1.38,22.23,-38.07,-37.1
PPLPHARMA,168.54,2026-07-01,1.09,6.33,-1.38,18.27,-0.79,-17.62
HDFCGROWTH,110.81,2026-07-01,-0.45,-1.34,-1.39,0.95,-15.01,-7.36
SWANCORP,314.3,2026-07-01,0.88,-3.8,-1.4,-2.36,-32.55,-28.87
CENTURYPLY,743.55,2026-07-01,0.36,-1.82,-1.41,4.0,-10.01,-0.75
QUALITY30,19.98,2026-07-01,0.05,-1.48,-1.43,6.28,-7.07,
CROMPTON,269.45,2026-07-01,-1.48,-2.46,-1.44,15.85,8.1,-22.61
HATSUN,920.3,2026-07-01,-0.7,0.19,-1.44,3.72,-4.48,-1.75
DRAGARWQ,5049.0,2026-07-01,0.9,0.3,-1.45,,,
MANGALAM,28.44,2026-07-01,0.11,-5.23,-1.46,-0.21,-1.52,-65.01
VMM,116.76,2026-07-01,0.84,-1.8,-1.46,11.08,-14.03,-11.4
AKI,4.74,2026-07-01,1.07,-4.44,-1.46,14.22,-27.74,-40.97
VESUVIUS,467.3,2026-07-01,0.48,-0.48,-1.47,5.64,-2.84,-14.99
CTE,31.26,2026-07-01,0.77,-0.03,-1.48,38.32,-21.61,-38.06
MILTON,39.9,2026-06-30,5.0,2.31,-1.48,-20.68,30.82,38.06
ACC,1332.2,2026-07-01,-0.09,-1.3,-1.48,0.9,-23.01,-30.26
ABMKNO,202.72,2026-07-01,1.87,-3.7,-1.49,,,
ORIENTELEC,180.03,2026-07-01,2.64,0.12,-1.51,12.4,3.68,-18.4
KITEX,159.54,2026-07-01,2.33,-1.32,-1.52,2.5,-11.63,-43.08
EXCELINDUS,912.85,2026-07-01,1.06,-0.66,-1.53,3.47,-3.36,-27.95
PROV,1600.0,2026-06-30,0.0,6.67,-1.54,34.91,24.03,47.23
RAJMET,3.79,2026-07-01,3.27,-1.3,-1.56,20.32,-22.34,-21.37
MOVALUE,114.54,2026-07-01,0.07,-2.85,-1.56,5.56,-2.38,8.18
DELPHIFX,8.21,2026-07-01,-0.12,-2.96,-1.56,-8.57,-47.93,-18.78
NIFTYQLITY,20.6,2026-07-01,0.1,-1.86,-1.58,4.25,-7.17,-4.67
TOUCHWOOD,68.72,2026-07-01,-2.79,-7.27,-1.58,4.3,-35.16,-40.94
SBIETFQLTY,214.49,2026-07-01,0.06,-1.87,-1.59,5.64,-7.4,-4.95
SARVESHWAR,3.69,2026-07-01,-1.6,-6.35,-1.6,22.59,-19.78,-49.66
OSWALSEEDS,10.96,2026-07-01,0.37,0.55,-1.62,5.59,-37.51,-22.82
AMRUTANJAN,550.75,2026-07-01,2.02,0.35,-1.63,10.26,-17.32,-23.62
HGINFRA,562.75,2026-07-01,-3.12,-3.7,-1.63,17.84,-23.94,-48.03
RVNL,237.61,2026-07-01,0.04,-3.49,-1.64,-9.52,-34.06,-39.47
LTFOODS,375.15,2026-07-01,0.05,-2.97,-1.68,-2.3,-2.57,-20.63
BALMLAWRIE,180.24,2026-07-01,-1.46,-1.65,-1.69,13.72,-0.06,-10.04
HEADSUP,6.99,2026-07-01,-0.57,-0.43,-1.69,1.01,-23.44,-27.79
ORKLAINDIA,599.8,2026-07-01,-2.76,-1.58,-1.69,0.06,-5.32,
COMPUSOFT,13.32,2026-07-01,0.83,-2.77,-1.7,6.82,-17.11,-39.2
WELINV,1794.0,2026-07-01,4.61,5.85,-1.7,41.77,33.6,42.07
PATTECH,114.85,2026-06-30,0.0,0.0,-1.71,27.26,1.19,29.41
TBI,65.95,2026-06-30,3.86,0.69,-1.71,14.0,-23.36,-45.7
GHCLTEXTIL,97.13,2026-07-01,2.34,2.38,-1.71,38.88,31.98,2.79
PLADAINFO,11.45,2026-06-30,0.0,0.0,-1.72,19.27,-27.3,-36.74
ALMONDZ,13.05,2026-07-01,2.27,-0.31,-1.73,9.11,-28.1,-47.86
ELGIRUBCO,44.99,2026-07-01,-1.75,-8.59,-1.73,15.89,-1.38,-28.21
SHRITECH,65.0,2026-06-30,0.0,1.88,-1.74,11.59,8.33,-27.78
GROWWRAIL,29.31,2026-07-01,0.9,-3.71,-1.74,0.07,-17.23,-24.19
BIOCON,418.2,2026-07-01,0.71,-0.69,-1.75,14.51,7.85,15.52
TEMBO,588.15,2026-07-01,6.51,4.17,-1.75,22.53,1.78,5.23
MON100,329.91,2026-07-01,1.75,-1.79,-1.76,38.29,40.66,71.76
MODISONLTD,293.5,2026-07-01,-4.75,-13.23,-1.77,134.74,93.0,78.9
INDOWIND,9.45,2026-07-01,4.19,3.05,-1.77,31.43,-39.07,-53.43
REGENCERAM,41.0,2026-07-01,-2.12,-1.84,-1.77,1.66,-10.93,-6.82
INFOBEAN,156.71,2026-07-01,-0.04,-0.76,-1.79,15.13,-22.72,65.32
GLENMARK,2161.9,2026-07-01,-1.13,-1.37,-1.79,2.89,6.7,23.54
NURECA,235.75,2026-07-01,0.4,-1.19,-1.79,3.66,-24.15,-15.3
HEXATRADEX,158.97,2026-07-01,-1.87,-3.95,-1.8,0.13,-2.09,-13.04
ORIENTCEM,133.93,2026-07-01,0.1,-1.9,-1.81,2.48,-21.96,-43.35
DRONE,40.7,2026-06-30,-0.49,-6.86,-1.81,11.2,-38.66,-62.16
SAGARDEEP,24.86,2026-07-01,-0.2,-2.39,-1.82,8.61,-10.99,-20.35
RHFL,2.16,2026-07-01,1.89,-0.92,-1.82,-11.84,-24.74,-63.51
JKIL,490.15,2026-07-01,-0.47,-3.44,-1.82,7.52,-14.75,-31.34
HDFCQUAL,56.11,2026-07-01,-0.02,-2.74,-1.82,5.55,-6.81,-3.47
TIMKEN,3483.8,2026-07-01,-0.2,-7.37,-1.84,4.32,14.55,2.09
MARC,87.35,2026-06-30,-4.69,8.58,-1.85,42.96,43.9,
CCHHL,12.72,2026-07-01,-2.38,1.35,-1.85,15.01,-16.32,-24.78
PROTEAN,589.4,2026-07-01,-0.3,-3.69,-1.86,20.05,-21.58,-31.61
VBL,515.7,2026-07-01,2.3,0.54,-1.86,28.63,5.1,14.56
ENIL,105.52,2026-07-01,-0.47,-4.88,-1.86,2.36,-6.15,-27.61
ABINFRA,11.0,2026-07-01,-5.98,5.57,-1.87,-30.77,-38.27,-32.8
SBFC,90.51,2026-07-01,-0.46,-2.95,-1.88,7.79,-12.01,-16.13
HCG,633.95,2026-07-01,6.54,3.02,-1.89,18.46,-2.89,17.76
DVL,235.53,2026-07-01,0.18,-3.39,-1.89,16.04,-14.17,-30.02
BCG,9.84,2026-07-01,0.1,-5.11,-1.89,14.82,-7.34,-4.0
ARTEMISMED,262.55,2026-07-01,-0.02,-2.16,-1.89,17.97,-5.86,4.0
ALPHAGEO,198.3,2026-07-01,-0.34,-5.0,-1.89,8.34,-12.42,-27.02
GANGESSECU,118.97,2026-07-01,-0.77,-2.1,-1.9,7.79,-13.2,-30.01
HEIDELBERG,152.56,2026-07-01,-0.42,-1.46,-1.9,4.69,-12.63,-23.26
HLVLTD,7.69,2026-07-01,-0.26,-4.11,-1.91,19.6,-17.13,-43.46
THEINVEST,97.04,2026-07-01,3.31,-1.39,-1.91,2.96,-17.07,-35.26
DALBHARAT,1708.9,2026-07-01,0.49,0.16,-1.92,-5.1,-19.77,-21.55
AARTIDRUGS,375.55,2026-07-01,0.56,-0.23,-1.92,8.42,-9.38,-19.61
IRCTC,502.7,2026-07-01,-0.23,-3.65,-1.93,-1.66,-26.27,-34.26
3IINFOLTD,17.17,2026-07-01,-0.41,-1.44,-1.94,20.07,3.06,-31.29
KAMOPAINTS,5.06,2026-07-01,2.43,-4.71,-1.94,23.72,-16.09,-50.73
GFLLIMITED,46.1,2026-07-01,0.9,-2.99,-1.94,17.66,-20.8,-29.61
ARCHIES,14.1,2026-07-01,-0.56,-4.15,-1.95,17.11,-23.78,-40.38
KIRIINDUS,381.8,2026-07-01,0.1,-5.24,-1.96,4.62,-44.05,-33.41
SERVICE,50.0,2026-06-30,0.0,-0.3,-1.96,-13.04,11.36,-17.7
REDTAPE,136.18,2026-07-01,1.05,0.36,-1.97,18.55,9.65,4.41
NEXTMEDIA,3.98,2026-07-01,0.0,-1.97,-1.97,0.25,-34.86,-43.06
VAL30IETF,15.4,2026-07-01,0.0,-2.53,-1.97,5.84,2.39,14.93
DHANUKA,1063.2,2026-07-01,0.77,-0.81,-1.98,12.74,-9.7,-38.45
PREMIER,2.94,2026-07-01,-2.33,-1.34,-2.0,2.44,-3.29,-22.43
VIKASLIFE,1.47,2026-07-01,2.8,-0.68,-2.0,18.55,-17.88,-43.02
TPHQ,0.49,2026-07-01,2.08,0.0,-2.0,6.52,-19.67,-32.88
JSL,681.9,2026-07-01,-0.18,-3.8,-2.01,-3.26,-20.03,-3.18
GROWWPSE,100.13,2026-07-01,-0.06,-2.78,-2.02,2.37,,
BIRLACABLE,199.49,2026-07-01,-0.78,-10.27,-2.02,76.95,47.04,10.94
ORCHASP,1.93,2026-07-01,-2.53,5.46,-2.03,-9.39,-35.23,-35.45
ASMS,7.21,2026-07-01,0.98,-6.24,-2.04,-5.01,-39.67,-46.51
SAGILITY,39.64,2026-07-01,0.58,-0.97,-2.05,-4.96,-23.8,-3.6
KAMAHOLD,2553.1,2026-07-01,-0.44,-3.09,-2.06,,,
INVENTURE,0.95,2026-07-01,2.15,-1.04,-2.06,5.56,-16.67,-41.36
RKFORGE,562.9,2026-07-01,0.76,-4.68,-2.06,12.32,9.17,-16.08
JSWENERGY,569.45,2026-07-01,-2.87,-2.16,-2.07,18.02,13.82,8.39
MOPSE,101.84,2026-07-01,0.81,-2.08,-2.07,3.55,1.99,1.07
SRD,39.87,2026-07-01,-0.65,-2.33,-2.09,-7.15,-38.21,-51.2
ENRIN,3639.8,2026-07-01,1.56,-5.79,-2.09,39.25,43.59,22.69
USASEEDS,93.0,2026-06-30,0.0,0.0,-2.11,3.33,-35.86,-41.88
SINDHUTRAD,25.46,2026-07-01,3.2,1.07,-2.11,13.71,27.68,-11.13
KAKATCEM,119.85,2026-07-01,0.31,-2.29,-2.12,29.41,-6.48,-24.84
DWARKESH,43.6,2026-07-01,0.25,0.25,-2.13,-6.18,17.08,-10.63
ANLON,641.25,2026-06-30,-5.0,-8.39,-2.14,79.57,56.25,39.71
GIPCL,158.98,2026-07-01,-2.33,-3.05,-2.14,22.81,1.0,-25.81
PNGJL,539.9,2026-07-01,2.06,-1.88,-2.14,-3.82,-10.72,-10.48
ANTELOPUS,796.05,2026-07-01,-1.59,-2.2,-2.15,35.5,93.57,15.82
UFO,71.35,2026-07-01,0.49,-4.11,-2.15,15.79,-14.45,-3.59
ATUL,6541.0,2026-07-01,-1.02,-0.08,-2.16,1.62,6.03,-11.41
MAITHANALL,1013.2,2026-07-01,0.97,-4.36,-2.17,14.5,1.65,-16.52
KMSUGAR,26.12,2026-07-01,0.93,-2.79,-2.21,0.81,-3.69,-9.49
NAHARINDUS,117.39,2026-07-01,0.66,-1.44,-2.21,30.1,8.72,-13.17
E2E,402.7,2026-07-01,1.85,-9.93,-2.22,86.72,101.43,50.76
QUINTEGRA,1.32,2026-06-30,0.0,-2.22,-2.22,10.92,-8.97,-27.47
BLIL,70.6,2026-07-01,-1.49,-2.07,-2.23,,,
SESHAPAPER,227.6,2026-07-01,0.51,1.71,-2.25,-9.74,-3.17,-25.35
GILLETTE,7649.5,2026-07-01,1.17,-2.49,-2.25,1.48,-4.22,-27.05
AMBER,7451.0,2026-07-01,0.51,-5.76,-2.26,13.25,15.56,5.2
GHCL,437.45,2026-07-01,1.73,-0.18,-2.27,0.91,-20.03,-25.59
KHAICHEM,52.9,2026-07-01,-4.74,-7.05,-2.27,8.38,-32.69,-44.36
NSIL,5471.5,2026-07-01,0.26,-4.84,-2.29,7.47,-16.07,-22.81
DIVOPPBEES,75.55,2026-07-01,-0.7,-2.5,-2.31,-0.5,-9.35,-4.96
DGCONTENT,26.23,2026-07-01,-1.32,-5.0,-2.31,10.86,-21.54,-41.06
DEVIT,28.38,2026-07-01,10.73,0.71,-2.31,10.21,-17.02,-40.77
ADANIPOWER,226.86,2026-07-01,-0.08,-2.96,-2.34,44.4,52.5,91.8
RSDFIN,80.0,2026-06-30,0.49,-5.86,-2.39,,,
SHARDACROP,884.95,2026-07-01,0.52,-2.02,-2.39,-0.52,2.38,11.09
V2RETAIL,238.44,2026-07-01,4.51,-0.04,-2.4,25.88,-2.67,28.67
ATALREAL,28.35,2026-07-01,0.0,-6.59,-2.41,25.06,9.04,44.5
BMWVENTLTD,57.48,2026-07-01,-2.04,-2.58,-2.41,10.6,1.47,
MOSCHIP,208.12,2026-07-01,3.14,-2.4,-2.42,26.18,2.93,17.32
PRUDMOULI,15.35,2026-07-01,-0.32,-6.12,-2.42,29.86,-23.02,-60.55
GSS,12.89,2026-07-01,1.5,-1.53,-2.42,25.15,-21.35,-63.24
NETWEB,4507.9,2026-07-01,1.19,-11.8,-2.43,43.38,46.56,141.2
NAHARCAP,248.87,2026-07-01,0.35,-1.87,-2.44,18.93,-1.83,-25.76
ATAM,69.1,2026-07-01,-0.37,-3.41,-2.44,32.73,-16.19,-35.92
DELTAMAGNT,60.34,2026-07-01,-2.09,-2.66,-2.44,20.27,-12.54,-36.62
TFL,12.0,2026-07-01,0.0,-0.91,-2.44,-0.99,-21.98,-33.26
AXISVALUE,32.88,2026-07-01,0.03,-2.98,-2.46,3.72,3.76,13.03
TRITURBINE,677.35,2026-07-01,-1.46,-8.13,-2.47,49.18,26.63,12.71
HDFCLIFE,569.95,2026-07-01,-2.28,-4.55,-2.48,-0.17,-23.75,-29.38
ORIENTCER,39.58,2026-07-01,-0.53,-1.64,-2.49,7.61,-26.87,11.5
UNITECH,4.69,2026-07-01,-0.64,-2.9,-2.49,23.75,-22.48,-45.53
VISHNU,604.15,2026-07-01,0.17,-4.32,-2.52,21.52,9.75,15.34
BIKAJI,648.1,2026-07-01,0.86,-2.25,-2.53,4.3,-12.23,-12.44
VALUE,16.18,2026-07-01,-0.06,-3.17,-2.53,5.75,,
ALLDIGI,803.5,2026-07-01,0.22,-0.51,-2.54,6.48,-4.42,-7.2
KELLTONTEC,15.3,2026-07-01,-0.07,-1.86,-2.55,1.73,-17.39,-40.74
ECOSMOBLTY,131.61,2026-07-01,0.36,-3.16,-2.55,12.27,-33.55,-57.99
AGARWALEYE,469.05,2026-07-01,-1.08,-0.68,-2.56,11.81,-6.24,16.04
SYNCOMF,14.39,2026-07-01,3.38,2.93,-2.57,28.83,2.2,-24.7
AWFIS,310.0,2026-07-01,5.33,2.89,-2.59,23.84,-37.8,-51.51
JGCHEM,423.9,2026-07-01,0.04,-4.23,-2.59,26.44,20.31,6.09
KANANIIND,1.5,2026-07-01,-0.66,-5.66,-2.6,18.11,-11.24,-29.58
AKASH,26.24,2026-07-01,-2.42,-0.83,-2.63,5.04,3.84,-8.86
MALUPAPER,31.66,2026-07-01,2.29,0.38,-2.64,5.57,-11.79,-27.1
SIGIND,48.67,2026-07-01,3.33,-2.31,-2.66,3.95,-10.57,-24.21
PULZ,23.8,2026-06-30,-4.03,0.21,-2.66,6.97,-23.23,-49.04
SMLT,70.62,2026-07-01,3.0,-3.81,-2.66,13.15,-16.63,-42.06
JWL,266.85,2026-07-01,-0.84,-4.54,-2.68,3.96,-20.84,-30.91
LORDSCHLO,135.88,2026-07-01,1.31,1.74,-2.68,15.62,-18.59,-22.04
MATRIMONY,406.5,2026-07-01,2.43,4.24,-2.68,-6.58,-24.96,-21.97
BMETRICS,36.0,2026-06-30,0.0,-0.14,-2.7,-10.0,-15.19,-23.18
DCMSHRIRAM,1014.0,2026-07-01,-1.29,-2.76,-2.71,-11.97,-19.84,-16.11
ACI,518.25,2026-07-01,-0.59,-2.86,-2.72,-10.41,-6.01,-16.17
CGRAPHICS,145.4,2026-06-30,0.83,-0.27,-2.74,2.11,-26.57,-28.02
DUCOL,106.0,2026-06-30,0.0,1.73,-2.75,17.39,-29.1,-9.75
EIDPARRY,720.75,2026-07-01,0.95,0.67,-2.76,-11.47,-29.2,-35.01
MANDEEP,19.2,2026-06-30,0.0,-2.54,-2.78,10.66,-18.64,-28.09
MEDICAMEQ,262.6,2026-07-01,8.78,15.18,-2.78,13.37,-31.18,-36.19
SURAJEST,201.9,2026-07-01,7.34,3.39,-2.79,8.14,-22.51,-44.32
MERCANTILE,24.78,2026-07-01,2.91,-5.74,-2.79,,,
BOSCH-HCIL,1361.3,2026-07-01,0.55,-1.46,-2.79,20.34,-4.23,-20.35
DMCC,253.9,2026-07-01,-2.87,-0.24,-2.79,20.26,-0.67,-0.54
SAKAR,812.25,2026-07-01,-2.43,-0.79,-2.81,57.52,99.62,130.98
STEELXIND,12.43,2026-07-01,-1.35,-6.05,-2.81,62.91,30.7,26.06
ESTER,90.03,2026-07-01,0.18,-2.13,-2.82,9.5,-11.6,-29.04
GTLINFRA,1.38,2026-07-01,1.47,-8.61,-2.82,33.98,14.05,-23.76
SPENCERS,35.38,2026-07-01,0.06,-5.95,-2.83,26.45,-14.48,-44.8
WHIRLPOOL,807.25,2026-07-01,0.87,-1.24,-2.83,-2.77,-9.33,-41.25
NRAIL,441.1,2026-07-01,1.81,-6.7,-2.84,4.14,-7.12,14.99
GPPL,151.93,2026-07-01,-0.05,-2.95,-2.85,3.57,-16.59,0.2
MEGATHERM,210.7,2026-06-30,1.91,1.42,-2.86,22.75,-8.11,-39.08
SUNREST,34.0,2026-06-30,-3.0,0.29,-2.86,-8.11,-20.93,-32.61
CIFL,23.4,2026-07-01,-0.34,-8.06,-2.86,10.95,-31.86,-42.61
IRB,21.3,2026-07-01,-1.53,-1.84,-2.87,-1.21,1.44,-13.62
AWL,184.2,2026-07-01,0.84,-1.55,-2.88,1.39,-22.67,-28.34
INDIACEM,374.7,2026-07-01,-0.78,-0.83,-2.88,4.9,-14.07,8.23
MBLINFRA,26.76,2026-07-01,2.92,-0.74,-2.9,28.28,-15.42,-39.22
GANESHCP,197.91,2026-07-01,2.25,-1.61,-2.9,13.53,-12.58,
GUJAPOLLO,362.05,2026-07-01,0.53,-3.91,-2.91,-10.32,-12.48,-5.43
SUMIT,42.62,2026-07-01,3.47,5.97,-2.92,-8.13,-33.56,-57.27
WOMANCART,107.5,2026-06-30,0.05,-1.74,-2.93,-19.39,-60.95,-53.55
SITINET,0.33,2026-07-01,-2.94,-2.94,-2.94,10.0,-8.33,-32.65
VINEETLAB,33.26,2026-07-01,-0.24,-4.32,-2.95,12.86,-7.28,-3.26
REFRACTORY,31.0,2026-06-30,1.47,0.0,-2.97,8.2,-43.74,-53.66
ASAHISONG,250.9,2026-07-01,0.59,-2.45,-2.97,24.98,-4.31,-42.43
GENUSPAPER,11.99,2026-07-01,0.08,-4.84,-2.99,15.73,-7.63,-36.96
MITTAL,0.97,2026-07-01,3.19,-1.02,-3.0,8.99,-14.91,-41.92
COUNCODOS,4.83,2026-07-01,0.21,0.42,-3.01,15.83,-19.9,-30.0
BSE,3944.1,2026-07-01,2.18,-2.2,-3.01,37.54,50.08,42.12
MICROPRO,19.25,2026-06-30,0.0,-3.02,-3.02,21.84,-3.27,-18.78
AMDIND,45.82,2026-07-01,2.48,0.11,-3.03,20.93,-4.28,-7.47
TDPOWERSYS,1193.3,2026-07-01,-3.22,-10.04,-3.04,38.34,77.11,139.48
MAHSEAMLES,596.1,2026-07-01,-3.76,-7.24,-3.06,2.69,7.44,-20.33
FORCEMOT,18323.0,2026-07-01,2.79,-1.08,-3.07,-11.62,-12.16,24.62
PEARLPOLY,18.8,2026-07-01,1.62,-2.39,-3.09,35.94,-19.62,-39.45
GLOBALVECT,161.13,2026-07-01,-2.98,0.39,-3.11,7.01,-19.82,-40.12
KEYFINSERV,261.27,2026-07-01,8.14,3.37,-3.13,12.7,-17.08,-1.89
ABLBL,96.12,2026-07-01,-0.27,-2.45,-3.13,2.78,-23.97,-38.38
INDIAMART,1866.5,2026-07-01,-3.15,-8.97,-3.15,-5.81,-12.47,-26.08
KROSS,183.13,2026-07-01,-2.04,-6.37,-3.16,13.52,-11.26,-6.14
LAKPRE,5.2,2026-07-01,6.56,8.33,-3.17,3.17,4.0,9.24
GESHIP,1421.0,2026-07-01,-6.71,-3.55,-3.18,-2.01,29.31,49.19
VASWANI,54.11,2026-07-01,-0.88,-2.98,-3.18,4.4,-10.16,20.59
RITEZONE,19.8,2026-06-30,4.49,9.7,-3.18,37.02,-11.61,-8.12
PRITIKA,63.7,2026-06-30,0.0,2.82,-3.19,17.96,-18.02,-21.11
GKSL,131.14,2026-07-01,1.4,1.5,-3.19,26.94,26.78,
JYOTHYLAB,189.64,2026-07-01,-3.05,-5.64,-3.2,-6.14,-30.52,-43.67
SBICARD,596.15,2026-07-01,-0.96,-5.04,-3.21,-6.43,-30.4,-35.8
AMBUJACEM,418.85,2026-07-01,-1.27,-2.14,-3.21,0.14,-24.79,-27.46
RUCHIRA,111.36,2026-07-01,1.42,1.67,-3.24,11.05,-9.04,-17.95
JAIBALAJI,68.52,2026-07-01,1.99,-3.98,-3.26,17.19,-3.6,-45.78
MAHAPEXLTD,46.29,2026-07-01,-1.53,-3.58,-3.26,-12.64,-57.18,-59.42
TNIDETF,79.32,2026-07-01,-0.86,-3.19,-3.27,1.01,-19.77,-15.89
ORIENTBELL,320.95,2026-07-01,-0.74,0.82,-3.27,24.4,3.93,1.36
LAXMIDENTL,222.75,2026-07-01,-0.55,-1.22,-3.28,25.51,-18.93,-48.19
DCMNVL,149.11,2026-07-01,0.95,0.74,-3.29,46.03,11.55,-17.08
SUDARSCHEM,876.8,2026-07-01,-0.37,-3.29,-3.29,12.65,-6.96,-31.06
CEREBRAINT,3.22,2026-07-01,-8.78,-15.04,-3.3,-16.8,-47.04,-53.4
RADHIKAJWE,54.84,2026-07-01,0.81,-3.2,-3.3,-2.99,-25.86,-37.03
SAMBHAAV,6.42,2026-07-01,1.1,-4.32,-3.31,17.37,-27.87,-8.68
MINDTECK,203.76,2026-07-01,0.15,-2.89,-3.33,25.9,-0.53,-13.29
ISHANCH,57.18,2026-07-01,-1.14,-1.28,-3.33,12.49,-11.92,-5.71
ASTEC,713.65,2026-07-01,0.13,-8.21,-3.33,27.93,0.63,-24.36
ROHLTD,325.6,2026-07-01,-1.94,-5.34,-3.35,6.25,-21.56,-14.96
JAGRAN,64.34,2026-07-01,-0.28,-1.32,-3.35,18.36,2.62,2.08
RAJOOENG,52.23,2026-07-01,-1.3,-7.01,-3.37,0.19,-17.61,-52.4
SYNGENE,431.55,2026-07-01,-0.6,-2.4,-3.4,9.18,-33.44,-32.02
JSFB,467.85,2026-07-01,0.35,1.44,-3.41,26.69,10.98,-8.82
SUDARCOLOR,350.0,2026-07-01,-1.51,-3.34,-3.41,18.85,-26.15,-40.38
TVVISION,5.07,2026-07-01,-3.43,-2.5,-3.43,-4.52,-38.69,-30.74
UFLEX,422.55,2026-07-01,0.93,0.29,-3.44,15.23,-14.65,-29.89
ACCELYA,1101.0,2026-07-01,0.05,-1.9,-3.46,-1.26,-13.04,-17.65
ROSSTECH,963.7,2026-07-01,3.72,-10.88,-3.46,36.0,53.74,132.95
SEJALLTD,750.25,2026-07-01,2.99,-4.48,-3.46,87.07,-12.1,56.47
ANMOL,11.14,2026-07-01,0.36,-4.3,-3.47,17.76,-19.68,-35.53
RTNPOWER,9.17,2026-07-01,1.78,-2.76,-3.47,10.48,-2.96,-41.96
CAPTRUST,12.69,2026-07-01,0.0,-0.24,-3.5,10.25,1.6,-82.96
TERASOFT,399.65,2026-07-01,-2.88,-5.91,-3.5,27.83,0.18,29.85
HPIL,125.51,2026-07-01,-0.39,-3.82,-3.51,6.94,-12.99,-16.09
INA,115.73,2026-07-01,1.9,-3.49,-3.51,29.05,,
CELLECOR,36.95,2026-06-30,3.5,3.5,-3.52,61.71,27.63,-3.78
STARCEMENT,206.31,2026-07-01,-1.06,-2.8,-3.53,0.24,-6.71,-2.84
DYNPRO,242.05,2026-07-01,4.29,4.26,-3.53,18.11,-2.48,-19.11
BUTTERFLY,642.8,2026-07-01,-0.1,-1.82,-3.55,6.8,0.39,-11.93
VIVIDHA,0.54,2026-07-01,1.89,1.89,-3.57,12.5,-12.9,-36.47
RCDL,25.65,2026-06-30,0.0,-5.18,-3.57,38.65,22.14,22.57
CLEAN,759.3,2026-07-01,-1.11,-7.53,-3.59,8.48,-11.39,-47.32
DELTACORP,63.8,2026-07-01,0.44,-4.2,-3.6,17.47,-8.48,-28.86
SPMLINFRA,194.77,2026-07-01,-1.47,-6.94,-3.61,14.98,2.35,-18.49
SECMARK,121.04,2026-07-01,-3.68,-4.69,-3.62,14.81,6.46,-20.88
SALSTEEL,57.03,2026-07-01,4.68,-0.23,-3.62,49.57,28.91,231.76
ABSLPSE,10.36,2026-07-01,0.1,-2.17,-3.63,3.81,1.67,1.07
KINGFA,5103.0,2026-07-01,2.33,0.48,-3.64,21.65,15.36,44.44
SUNDROP,647.5,2026-07-01,0.22,-1.11,-3.65,10.39,-10.56,-26.23
SUNDARAM,1.32,2026-07-01,-0.75,-2.94,-3.65,8.2,-25.0,-40.0
BALAJEE,28.92,2026-07-01,0.07,-2.76,-3.66,25.14,-26.78,-38.4
ARE&M,840.2,2026-07-01,2.17,-1.98,-3.66,17.69,-9.44,-11.62
SPLIL,30.56,2026-07-01,1.33,-3.14,-3.66,32.58,-8.45,-32.84
PRECOT,734.65,2026-07-01,3.43,-3.18,-3.67,38.61,86.01,36.38
UYFINCORP,14.41,2026-07-01,3.0,-0.07,-3.68,11.88,2.42,-20.17
MAGNUM,19.3,2026-07-01,-0.52,-3.26,-3.69,-0.72,-15.79,-27.25
DTL,130.0,2026-06-30,0.0,7.44,-3.7,39.78,-10.96,-19.0
KOPRAN,188.69,2026-07-01,0.44,-7.37,-3.71,58.83,24.51,3.01
MANAKSIA,57.88,2026-07-01,-2.69,-0.75,-3.71,23.04,-10.43,-22.25
ASHOKAMET,15.06,2026-07-01,0.07,-0.4,-3.71,15.23,-3.28,-12.08
PENTAGON,56.75,2026-06-30,-0.35,-3.73,-3.73,3.18,-18.4,-9.2
SURAJLTD,225.0,2026-07-01,-1.25,-2.0,-3.74,-12.92,-7.59,-42.23
LPDC,6.68,2026-07-01,3.89,-0.3,-3.75,17.61,-4.43,-25.2
ARTNIRMAN,40.94,2026-07-01,2.66,-2.13,-3.76,28.18,-14.17,-31.65
BBTCL,217.34,2026-07-01,0.59,2.31,-3.77,24.64,14.59,33.86
NAHARSPING,260.05,2026-07-01,1.58,2.12,-3.77,21.34,34.05,-5.3
BANARISUG,3467.7,2026-07-01,1.1,-1.33,-3.8,-5.01,-3.69,-10.82
GSFC,157.66,2026-07-01,-2.79,-5.46,-3.8,6.23,-13.36,-21.91
DREDGECORP,1089.3,2026-07-01,2.08,-9.98,-3.81,31.34,9.22,52.37
MAANALU,122.4,2026-07-01,-0.35,-5.94,-3.83,-2.86,-22.69,1.07
BHARTIHEXA,1456.2,2026-07-01,1.12,-3.25,-3.83,-0.64,-19.56,-26.22
SHERA,159.65,2026-06-30,-2.5,-4.69,-3.85,59.41,22.29,12.04
AATMAJ,18.75,2026-06-30,0.0,-6.25,-3.85,2.18,-23.16,-3.85
DIGIKORE,55.0,2026-06-30,3.0,2.23,-3.85,-20.06,-23.66,-71.05
DCI,271.75,2026-07-01,0.85,0.56,-3.86,-14.04,10.1,-3.07
OLIL,423.0,2026-06-30,0.0,-2.3,-3.86,38.01,36.45,112.72
ZENITHDRUG,46.1,2026-06-30,-0.11,6.22,-3.86,30.97,-7.98,-35.43
URBAN,127.35,2026-06-30,2.91,-4.32,-3.89,-2.38,-17.31,-15.49
SRHHYPOLTD,485.6,2026-07-01,0.63,-2.21,-3.91,17.88,-6.08,-24.63
HARDWYN,24.07,2026-07-01,-1.84,-4.67,-3.91,18.69,43.62,80.03
SHANTIGOLD,220.82,2026-07-01,-0.83,2.53,-3.92,34.14,16.16,
DECCANCE,577.8,2026-07-01,-3.51,0.1,-3.92,-1.7,-22.02,-37.41
RITCO,255.9,2026-07-01,-1.43,-5.95,-3.94,38.95,-5.27,-8.79
CPSEETF,96.98,2026-07-01,-0.01,-2.59,-3.94,-4.47,5.48,2.94
IWP,32.97,2026-07-01,-1.26,-1.11,-3.96,,,
ELCIDIN,114000.0,2026-07-01,0.44,-2.36,-3.97,,,
MODINATUR,456.0,2026-07-01,8.62,12.04,-3.97,50.64,28.89,
ATMASTCO,168.15,2026-06-30,-1.41,-7.79,-3.97,68.49,28.85,-24.7
BVCL,41.29,2026-07-01,-0.82,-0.02,-3.98,13.22,-4.04,10.96
PRABHA,151.69,2026-07-01,-1.06,-2.51,-3.98,-0.93,-18.91,-47.1
AHLADA,38.51,2026-07-01,-2.65,-4.32,-3.99,9.06,-19.69,-41.71
EMAMIREAL,82.34,2026-07-01,-2.89,-8.51,-4.0,41.38,2.34,-28.57
SENCO,325.85,2026-07-01,-0.4,-3.86,-4.02,12.91,2.62,-3.9
JITFINFRA,304.7,2026-07-01,-3.47,5.62,-4.02,4.83,8.34,-13.09
KOTHARIPRO,70.01,2026-07-01,0.81,-3.01,-4.03,12.94,-6.95,-20.59
AIRAN,15.97,2026-07-01,-2.02,-3.74,-4.03,13.18,-11.57,-50.12
ANANTRAJ,516.9,2026-07-01,0.61,-2.89,-4.04,15.33,-6.44,-8.4
YCCL,9.5,2026-06-30,-0.52,-2.56,-4.04,2.7,-27.48,-24.0
HINDOILEXP,158.32,2026-07-01,-0.86,-4.06,-4.05,29.21,1.32,-5.25
SIEMENS,3560.7,2026-07-01,-0.35,-5.5,-4.06,18.02,15.18,7.15
AKG,10.87,2026-07-01,1.21,-3.46,-4.06,8.16,-11.63,-24.2
ZEAL,68.0,2026-06-30,0.0,0.29,-4.09,18.67,-25.93,-48.78
RUCHINFRA,6.1,2026-07-01,-1.29,-4.09,-4.09,23.23,-3.17,-20.47
SUPRIYA,1009.3,2026-07-01,3.97,8.82,-4.1,67.94,36.24,39.52
ALANKIT,8.15,2026-07-01,0.37,-3.78,-4.12,13.35,-24.33,-44.52
RAIN,182.82,2026-07-01,-1.04,-5.14,-4.13,59.14,24.6,24.83
HTMEDIA,21.34,2026-07-01,-4.43,-6.93,-4.13,3.14,-8.18,1.72
SKP,155.0,2026-06-30,1.31,-2.21,-4.14,10.71,-8.69,-30.76
WAAREEINDO,391.2,2026-07-01,-0.6,-7.0,-4.15,1.78,-27.08,68.45
RTNINDIA,32.79,2026-07-01,-0.27,-7.45,-4.15,14.61,-19.67,-48.48
PTC,178.66,2026-07-01,-1.78,-5.94,-4.17,6.78,11.68,5.38
SCHAND,148.63,2026-07-01,2.14,-1.22,-4.19,8.72,-2.36,-34.19
GODFRYPHLP,2159.6,2026-07-01,-1.54,-5.6,-4.21,12.05,-5.71,-26.1
NECLIFE,11.58,2026-07-01,-0.77,-2.03,-4.22,18.65,-43.18,-48.83
VINDHYATEL,2091.2,2026-07-01,1.39,-10.67,-4.24,93.41,46.96,23.53
HMAAGRO,22.09,2026-07-01,0.78,0.27,-4.25,-5.52,-25.3,-30.09
HILINFRA,46.31,2026-07-01,-1.03,-2.32,-4.26,0.04,-19.78,
VGL,63.61,2026-07-01,-2.44,-8.69,-4.26,24.95,-11.11,-14.45
ARABIAN,66.05,2026-06-30,-2.87,0.08,-4.28,-1.34,-7.04,-18.96
NOVARTIND,1444.4,2026-07-01,0.31,-3.17,-4.29,114.86,114.86,114.86
DOLLEX,30.1,2026-06-30,0.0,-0.5,-4.29,11.28,-25.31,-24.28
VASA,4.45,2026-06-30,0.0,0.0,-4.3,-6.32,-11.0,12.66
UNITEDPOLY,32.45,2026-07-01,0.96,-2.35,-4.31,35.77,22.18,55.11
TARC,125.85,2026-07-01,1.55,-2.92,-4.31,5.23,-27.22,-33.67
ZODIAC,275.2,2026-07-01,-0.18,-1.8,-4.31,13.98,-8.77,-43.46
PHANTOMFX,175.05,2026-06-30,-1.85,-2.1,-4.32,10.55,-24.27,-30.66
INFINIUM,204.5,2026-06-30,-0.73,-4.44,-4.33,6.07,-7.42,-31.35
ANURAS,1270.5,2026-07-01,-0.32,-0.92,-4.34,-0.46,-4.22,11.27
EMKAYTOOLS,95.95,2026-06-30,2.46,1.0,-4.34,14.09,-15.09,-57.32
AFFORDABLE,173.26,2026-07-01,3.2,1.63,-4.35,22.93,-15.12,-62.15
MITCON,82.3,2026-07-01,0.0,0.19,-4.37,40.76,23.3,-3.49
CMICABLES,3.05,2026-06-30,0.0,3.39,-4.39,-11.08,-46.58,1.67
MUKANDLTD,132.67,2026-07-01,1.19,-3.62,-4.4,6.49,-2.81,-3.47
KRITIKA,5.84,2026-07-01,0.86,-2.18,-4.42,14.06,-19.11,-41.89
GUJRAFFIA,40.49,2026-07-01,1.02,-6.81,-4.44,7.63,-18.17,-2.81
NKIND,63.35,2026-07-01,2.18,-1.11,-4.45,3.85,-2.21,-6.98
GICRE,358.95,2026-07-01,-1.4,-2.8,-4.45,-5.56,-5.0,-3.42
JPPOWER,17.95,2026-07-01,0.79,-1.48,-4.47,20.15,1.93,-5.92
GODREJAGRO,551.45,2026-07-01,-1.11,-4.44,-4.47,-3.44,-2.96,-29.04
FEDFINA,149.61,2026-07-01,1.71,-2.62,-4.49,14.56,-3.16,24.96
REPL,65.59,2026-07-01,-1.62,-6.46,-4.5,-5.35,-44.17,-63.42
LUMAXIND,5282.0,2026-07-01,1.61,0.44,-4.5,9.92,4.15,46.64
SSDL,56.57,2026-07-01,-1.43,-3.65,-4.51,3.17,-27.49,-42.32
PRAENG,20.07,2026-07-01,-2.05,-4.75,-4.52,3.94,-23.48,-13.71
DIVIDEND,34.45,2026-07-01,-0.75,-3.18,-4.54,0.64,,
OMFURN,56.6,2026-06-30,4.72,3.76,-4.55,41.5,-32.46,-46.1
NTPCGREEN,95.08,2026-07-01,0.65,-2.16,-4.55,-3.19,-0.14,-11.6
LOYALTEX,210.0,2026-07-01,-4.7,0.96,-4.55,17.33,-1.85,-25.97
TATACONSUM,1090.9,2026-07-01,-1.97,-1.98,-4.58,7.46,-6.52,0.41
DBCORP,195.31,2026-07-01,0.88,-3.63,-4.58,1.39,-24.58,-28.47
BI,61.46,2026-07-01,9.4,7.77,-4.58,,,
SAIFL,5.2,2026-06-30,-4.59,-7.14,-4.59,-36.97,-61.19,-80.15
NIPPOBATRY,341.25,2026-07-01,-1.59,-3.99,-4.61,19.46,-16.2,-25.26
ALUWIND,47.5,2026-06-30,1.06,-4.9,-4.62,-12.68,-29.1,-42.77
VAKRANGEE,6.19,2026-07-01,1.81,-1.59,-4.62,14.21,-22.14,-40.02
KPEL,334.35,2026-07-01,-1.47,-4.78,-4.62,21.68,-4.49,-36.24
KARNIKA,126.8,2026-06-30,1.44,-0.12,-4.66,20.08,7.0,-80.59
ARIS,108.6,2026-07-01,-4.11,-9.65,-4.66,5.36,-15.41,-33.67
KPIGREEN,396.8,2026-07-01,0.32,-3.45,-4.66,2.35,-18.19,-24.83
THACKER,1140.1,2026-07-01,-3.67,-4.05,-4.67,,,
KCK,13.25,2026-06-30,0.76,-0.75,-4.68,12.29,-50.09,-69.22
TIRUMALCHM,179.32,2026-07-01,12.29,2.61,-4.68,-0.42,-23.35,-38.46
IGL,156.81,2026-07-01,-5.22,-7.62,-4.69,5.83,-16.74,-25.52
ESFL,116.6,2026-06-30,0.95,-0.77,-4.7,5.76,-41.83,-75.13
SHARIABEES,442.16,2026-07-01,-1.56,-2.33,-4.7,-2.05,-14.56,-14.06
ACCURACY,5.47,2026-07-01,1.3,-3.36,-4.7,46.65,-3.53,-35.95
DHANBANK,31.94,2026-07-01,1.11,-7.93,-4.71,41.89,27.81,2.5
RALLIS,222.26,2026-07-01,-1.04,-4.87,-4.72,-3.57,-18.76,-31.04
VMSTMT,45.23,2026-07-01,3.29,-0.46,-4.72,20.2,-16.41,
COMMOIETF,99.5,2026-07-01,-0.14,-3.14,-4.72,6.01,2.17,10.07
PIIND,2575.0,2026-07-01,0.59,-8.22,-4.72,-9.49,-19.88,-37.76
DISHTV,3.02,2026-07-01,-1.31,-4.73,-4.73,37.27,-24.5,-39.6
SJLOGISTIC,331.85,2026-06-30,0.35,-4.34,-4.75,44.03,-7.65,-28.06
SECL,3.0,2026-06-30,0.0,0.0,-4.76,-16.67,-26.83,-55.22
IVP,159.04,2026-07-01,-1.55,1.03,-4.78,29.77,4.67,-18.76
SIRCA,402.4,2026-07-01,-0.98,-2.73,-4.79,-4.81,-16.71,7.5
AXITA,7.55,2026-07-01,0.27,-1.44,-4.79,-12.72,-32.75,-7.72
VITAL,49.48,2026-07-01,-6.29,-6.73,-4.79,9.74,-15.85,-23.64
TATATECH,670.2,2026-07-01,-6.27,-10.89,-4.8,28.14,5.63,-4.22
ABBOTINDIA,25550.0,2026-07-01,1.01,-1.98,-4.81,-3.55,-10.3,-25.27
VIPCLOTHNG,24.86,2026-07-01,-0.4,-0.72,-4.82,46.32,-20.04,-39.29
NELCAST,135.17,2026-07-01,-0.73,-3.34,-4.82,11.72,30.06,-7.57
CESC,169.73,2026-07-01,3.19,-2.58,-4.83,10.85,1.57,-0.58
SADBHIN,2.76,2026-07-01,2.99,-2.47,-4.83,28.97,-29.77,-46.3
CEINSYS,903.95,2026-07-01,-1.91,-2.51,-4.85,-8.03,,
COMFINTE,5.87,2026-07-01,0.69,-1.68,-4.86,,,
ASAHIINDIA,855.05,2026-07-01,1.94,-0.84,-4.87,3.93,-14.29,6.3
OSWALGREEN,22.95,2026-07-01,1.5,-3.57,-4.89,0.53,-30.73,-50.08
LAGNAM,79.93,2026-07-01,4.55,-2.21,-4.89,24.79,6.42,-23.98
MIRCELECTR,40.12,2026-06-30,0.05,-3.49,-4.91,53.89,44.16,170.35
ICDSLTD,40.4,2026-07-01,-1.61,-4.72,-4.92,-6.35,-13.36,-30.21
TRANSWIND,12.55,2026-06-30,0.0,-4.92,-4.92,-35.64,-45.79,-21.32
RUDRA,17.37,2026-07-01,0.99,-2.14,-4.93,10.43,-32.83,
SURAKSHA,267.8,2026-07-01,-2.01,-3.89,-4.93,9.19,-1.96,-18.58
WINSOL,124.0,2026-06-30,0.61,-2.36,-4.94,29.3,-20.82,-43.0
SICAGEN,53.65,2026-07-01,1.49,-2.45,-4.94,120.33,120.33,120.33
NILAINFRA,7.51,2026-07-01,-0.27,-6.94,-4.94,16.61,-20.86,-40.21
NAVKARURB,0.96,2026-07-01,-8.57,-15.79,-4.95,29.73,-41.82,-51.43
MASTEK,1568.0,2026-07-01,0.32,-2.36,-4.97,7.16,-25.41,-34.67
SAKHTISUG,16.98,2026-07-01,2.1,-2.58,-4.98,17.02,-10.87,-32.65
PCJEWELLER,8.78,2026-07-01,2.93,-1.9,-4.98,6.42,-5.59,-32.82
REXPIPES,174.25,2026-06-30,0.0,0.0,-4.99,-6.42,13.67,41.44
VISAMAN,107.6,2026-06-30,0.0,0.0,-4.99,7.92,-13.92,121.86
JAINREC,350.6,2026-07-01,1.95,-7.79,-5.0,-24.55,-13.52,
TATACHEM,686.55,2026-07-01,-5.91,-6.39,-5.03,14.89,-7.19,-25.09
CYIENT,860.9,2026-07-01,-2.34,-1.8,-5.03,10.31,-22.38,-31.88
BYKE,33.11,2026-07-01,1.75,-6.39,-5.07,9.82,-34.5,-60.24
TCL,100.2,2026-06-30,1.26,2.24,-5.07,32.63,0.35,-6.53
ENDURANCE,2593.3,2026-07-01,-2.62,-3.34,-5.08,15.16,1.97,-9.74
ACL,52.19,2026-07-01,-1.06,-1.38,-5.11,21.88,-20.5,-21.89
GLOBE,2.22,2026-07-01,0.45,-0.45,-5.13,3.74,-24.49,-12.6
GPECO,430.15,2026-06-30,-0.97,-3.77,-5.13,58.67,4.04,-2.71
PGHH,8958.5,2026-07-01,1.65,-2.16,-5.14,-8.1,-29.87,-31.28
SAHLIBHFI,77.95,2026-07-01,-2.45,3.63,-5.14,,,
BAJAJ-AUTO,9842.0,2026-07-01,2.2,-3.42,-5.15,12.2,4.42,18.83
BANARBEADS,101.65,2026-07-01,0.63,0.54,-5.17,-2.68,-18.51,-16.37
PALASHSECU,92.96,2026-07-01,2.06,-2.4,-5.17,11.06,-14.74,-27.26
BTML,6.03,2026-07-01,-0.82,-0.66,-5.19,-3.52,-30.45,-26.46
TARMAT,49.68,2026-07-01,-0.88,-5.69,-5.19,-6.05,-3.57,-9.36
ASIANHOTNR,289.95,2026-07-01,0.21,-3.78,-5.2,0.22,-11.32,-22.05
CELLO,365.05,2026-07-01,-2.41,-6.21,-5.21,-8.05,-32.52,-39.57
LAMBODHARA,112.14,2026-07-01,0.84,-4.1,-5.24,24.41,-7.71,-19.25
DEVX,35.37,2026-07-01,-0.31,-1.86,-5.25,4.58,-13.73,
PREMCO,367.9,2026-07-01,1.07,-1.1,-5.27,,,
SAPPL,265.1,2026-07-01,2.85,-1.74,-5.29,,,
IRFC,91.18,2026-07-01,0.63,-9.63,-5.29,-0.88,-26.74,-34.33
ORIENTPPR,16.96,2026-07-01,0.83,-4.18,-5.3,5.41,-25.38,-41.11
LGHL,222.23,2026-07-01,0.1,-1.67,-5.31,-5.03,-24.69,-27.56
VALIANTORG,274.35,2026-07-01,-1.65,-3.55,-5.31,18.89,1.18,-33.76
SHREERAMA,43.98,2026-07-01,4.22,0.92,-5.32,-7.51,-36.47,9.13
SADBHAV,8.9,2026-07-01,2.3,1.95,-5.32,16.19,-18.87,-28.63
HINDCON,21.45,2026-07-01,6.24,1.42,-5.34,22.99,-21.23,-40.27
SAURASHCEM,56.4,2026-07-01,-1.24,-4.6,-5.35,2.58,-31.5,-37.47
BAIDFIN,10.05,2026-07-01,0.6,0.5,-5.37,-0.99,-9.05,-12.39
SUPREMEINF,81.84,2026-07-01,14.94,8.54,-5.39,34.32,-6.84,-25.27
NILE,1708.4,2026-07-01,-0.37,-3.52,-5.4,,,
MMWL,13.13,2026-07-01,-1.13,-1.06,-5.4,,,
SOTAC,105.0,2026-06-30,0.0,-5.41,-5.41,-3.89,-18.95,-27.58
PROPEQUITY,227.0,2026-06-30,3.21,-8.1,-5.42,38.41,26.11,5.58
VIVO,77.35,2026-06-30,0.0,-0.19,-5.44,1.78,-0.83,20.86
SECURKLOUD,18.74,2026-07-01,-1.37,-1.52,-5.45,-2.5,-28.83,-22.24
NTPC,357.9,2026-07-01,0.51,-2.49,-5.49,-1.85,7.23,10.45
LAXMIINDIA,103.34,2026-07-01,3.93,-3.01,-5.5,30.69,-15.79,
A2ZINFRA,13.37,2026-07-01,-2.76,-6.04,-5.51,-13.85,-15.54,-31.33
MVGJL,147.58,2026-07-01,4.1,-0.14,-5.52,2.58,-18.91,-32.92
JKPAPER,341.65,2026-07-01,-0.58,-1.63,-5.54,2.69,-3.45,-6.36
LASA,7.5,2026-07-01,0.81,1.35,-5.54,26.05,-27.75,-33.51
SARDAEN,492.5,2026-07-01,-2.57,-7.09,-5.57,-6.28,-3.38,12.93
KRITI,70.45,2026-07-01,2.06,-2.81,-5.64,2.94,-12.77,-52.58
MEIL,302.0,2026-07-01,0.7,-5.03,-5.65,29.78,-18.43,
LANDSMILL,0.83,2026-07-01,-1.19,-1.19,-5.68,-18.63,-42.36,-6.74
PARAGON,48.85,2026-06-30,1.77,-4.5,-5.69,37.22,21.22,-23.55
PRSMJOHNSN,116.41,2026-07-01,-0.97,-4.38,-5.71,-6.64,-15.97,-24.11
DELAPLEX,98.3,2026-06-30,-1.9,-4.56,-5.71,19.73,-23.92,-34.64
TRUALT,466.85,2026-07-01,1.56,-2.8,-5.72,13.66,16.63,
NLCINDIA,317.1,2026-07-01,-3.25,-3.21,-5.72,11.97,25.56,42.44
ZENITHSTL,5.6,2026-07-01,0.54,-4.76,-5.72,16.67,-22.76,-30.95
SPORTKING,175.03,2026-07-01,0.15,-1.98,-5.73,44.35,100.31,52.97
SHREYANIND,135.02,2026-07-01,-2.17,-2.46,-5.73,-2.41,-23.03,-40.16
ANKITMETAL,1.48,2026-07-01,2.07,-1.99,-5.73,9.63,-14.45,-24.49
DBEIL,7.79,2026-07-01,-6.37,-13.06,-5.76,31.19,-33.49,-45.06
ATLANTAA,38.75,2026-07-01,-0.9,-5.35,-5.76,4.81,-11.79,5.13
DRCSYSTEMS,14.08,2026-07-01,0.43,-2.36,-5.76,-7.25,-19.03,-25.66
NEAGI,3100.0,2026-07-01,0.0,-3.09,-5.78,,,
AXISCADES,1668.1,2026-07-01,-1.82,-11.18,-5.79,5.33,24.23,15.58
WEBELSOLAR,100.88,2026-07-01,1.39,-4.85,-5.81,41.41,14.18,-24.46
CSBBANK,338.15,2026-07-01,2.83,-7.03,-5.82,-6.08,-30.12,-14.8
NESCO,1076.9,2026-07-01,-1.54,-4.95,-5.82,3.23,-12.09,-9.67
HBSL,51.07,2026-07-01,1.88,-4.08,-5.83,15.7,-30.51,-51.97
POWERINDIA,34250.0,2026-07-01,-2.07,-6.83,-5.85,36.64,85.32,77.6
REGAAL,78.54,2026-07-01,2.08,1.47,-5.86,22.18,12.89,
AVONMORE,10.13,2026-07-01,-0.39,-6.98,-5.86,-11.22,-45.8,-49.63
UEL,129.45,2026-07-01,-1.34,-7.6,-5.9,-6.52,-4.25,24.91
PRAKASH,139.49,2026-07-01,-0.18,-3.94,-5.91,15.78,-4.4,-12.54
AVPINFRA,67.3,2026-06-30,-0.52,-0.74,-5.94,-14.05,-43.37,-63.93
MAXESTATES,423.2,2026-07-01,-0.18,-7.74,-5.95,30.16,-7.38,-13.89
MOIL,278.85,2026-07-01,-0.43,-4.34,-5.95,-5.36,-23.38,-26.05
ASPIRE,15.0,2026-06-30,-0.99,4.17,-5.96,47.06,-5.96,-49.83
SHEKHAWATI,13.88,2026-07-01,0.22,-2.25,-5.96,38.94,-26.75,-39.99
MICEL,40.26,2026-07-01,1.44,-5.69,-5.96,27.97,-7.77,-25.42
PTCIL,17386.0,2026-07-01,1.12,-2.94,-5.97,15.68,-5.26,16.46
ULTRAMAR,378.65,2026-07-01,-3.01,1.92,-5.98,,,
SIGMA,38.3,2026-07-01,-0.85,0.26,-5.99,0.39,-33.48,1.72
DENEERS,191.25,2026-06-30,-0.52,-9.6,-6.0,32.44,20.89,-43.83
BCONCEPTS,190.04,2026-07-01,5.57,8.92,-6.04,-15.1,-46.17,-45.41
FCONSUMER,0.31,2026-06-30,0.0,0.0,-6.06,0.0,-27.91,-36.73
CONSOFINVT,225.04,2026-07-01,-0.2,-0.17,-6.06,9.47,36.93,9.37
MASTERTR,75.22,2026-07-01,-0.4,-6.79,-6.1,11.27,-36.09,-47.39
BEDMUTHA,108.46,2026-07-01,1.05,-1.24,-6.1,8.41,-0.5,-28.48
NIMBSPROJ,202.0,2026-07-01,-1.45,-2.84,-6.1,,,
GATECHDVR,0.46,2026-07-01,4.55,0.0,-6.12,9.52,-6.12,-36.11
TARAPUR,18.56,2026-07-01,2.43,-4.77,-6.12,-23.87,-37.36,-32.44
BLS,245.85,2026-07-01,-3.68,-7.96,-6.13,-3.74,-21.91,-31.74
ARSHIYA,1.07,2026-07-01,-0.93,0.94,-6.14,-19.55,-17.05,-56.85
SHIVAMILLS,59.42,2026-07-01,-0.32,-6.87,-6.14,26.67,-2.45,-23.63
RULKA,90.95,2026-06-30,1.11,0.94,-6.14,21.27,-12.17,-33.13
DOLPHIN,372.2,2026-07-01,0.99,-3.7,-6.18,-7.61,-21.44,-18.68
COFORGE,1370.7,2026-07-01,-8.09,-7.63,-6.19,18.79,-17.02,-28.21
BAGFILMS,4.67,2026-07-01,3.78,-4.5,-6.22,9.11,-25.52,-37.98
KRISHCA,172.0,2026-06-30,-0.41,-2.85,-6.24,21.55,-9.47,-37.68
BHARATRAS,1346.0,2026-07-01,0.06,-3.54,-6.25,3.07,-39.26,-51.19
VISHNUINFR,161.25,2026-06-30,-0.46,0.12,-6.25,28.38,-8.25,-1.89
DREAMFOLKS,69.26,2026-07-01,4.17,-2.44,-6.28,2.36,-35.53,-70.72
KREBSBIO,60.04,2026-07-01,-0.4,-7.0,-6.3,35.1,-14.13,-31.94
DAVANGERE,3.57,2026-07-01,-0.56,-1.38,-6.3,-5.31,-3.77,1.42
JSWHL,12067.0,2026-07-01,0.39,-4.25,-6.33,2.59,-38.98,-43.61
ASTRAZEN,8176.5,2026-07-01,1.47,-4.59,-6.33,4.13,-6.85,-7.8
IMFA,1322.4,2026-07-01,0.56,-7.52,-6.33,7.36,-11.32,67.46
SRTL,39.28,2026-07-01,-2.04,-2.02,-6.34,-6.68,,
MASPTOP50,76.83,2026-07-01,0.81,-1.84,-6.35,14.01,6.43,38.31
MAXIND,158.7,2026-07-01,-2.28,-5.07,-6.36,12.52,-13.54,-15.85
GTPL,61.15,2026-07-01,1.44,-3.72,-6.38,3.54,-37.96,-47.8
SONAMLTD,54.03,2026-07-01,5.01,0.07,-6.38,0.22,28.52,8.71
BALPHARMA,80.42,2026-07-01,1.39,-7.7,-6.38,23.97,10.13,-19.9
JSWSTEEL,1216.2,2026-07-01,-1.31,-5.16,-6.4,6.65,3.82,18.44
MHHL,36.5,2026-06-30,3.25,19.09,-6.41,0.0,-6.77,-38.19
SHINDL,144.88,2026-07-01,-0.22,-5.31,-6.43,,,
BLUECOAST,28.9,2026-07-01,2.63,-0.21,-6.44,47.37,-14.19,4.48
21STCENMGM,32.27,2026-07-01,-1.01,-4.67,-6.44,9.76,-34.18,-43.97
PASHUPATI,88.68,2026-07-01,2.44,1.52,-6.44,-10.01,9.93,34.19
TEAMGTY,234.99,2026-07-01,-2.05,0.25,-6.47,-6.41,-19.7,38.5
RHL,175.95,2026-07-01,-0.13,-1.63,-6.47,2.27,-4.93,-33.09
DPEL,472.0,2026-06-30,-0.42,-2.37,-6.51,13.93,76.12,242.15
VCL,1.29,2026-07-01,-4.44,3.2,-6.52,0.0,-40.0,44.94
AKSHAR,0.43,2026-07-01,-2.27,-4.44,-6.52,7.5,-12.24,-23.21
CAMPUS,234.6,2026-07-01,0.97,-0.82,-6.52,4.86,-10.44,-15.59
ABFRL,58.67,2026-07-01,-0.22,-3.38,-6.52,1.07,-22.9,-21.26
WINSOME,2.29,2026-07-01,-1.72,-4.98,-6.53,39.63,26.52,19.9
RUBFILA,71.86,2026-07-01,2.35,-0.96,-6.54,15.94,-3.17,-13.19
NOVAAGRI,24.79,2026-07-01,1.31,-2.97,-6.56,12.17,-36.14,-50.28
VHLTD,130.13,2026-07-01,-0.97,-3.66,-6.56,-6.7,-4.01,32.3
PKTEA,755.45,2026-07-01,4.04,-2.9,-6.58,-10.07,-11.39,-0.99
FELDVR,2.55,2026-07-01,7.14,-1.92,-6.59,-0.78,-18.79,-31.08
HONDAPOWER,2166.5,2026-07-01,-0.53,-4.92,-6.6,11.05,-7.0,-23.45
UMA,18.4,2026-06-30,0.0,0.0,-6.6,19.09,-6.6,-31.6
UNITEDTEA,476.45,2026-07-01,1.02,-2.31,-6.6,-6.9,3.67,7.01
TOTAL,50.5,2026-07-01,0.26,0.06,-6.6,-0.3,-34.81,-39.07
MEDPLUS,816.55,2026-07-01,1.87,-2.01,-6.64,-1.38,0.73,-8.26
PIONEEREMB,22.74,2026-07-01,1.84,-7.67,-6.65,4.55,-19.36,-47.82
INNOVISION,282.7,2026-07-01,0.02,-4.75,-6.65,-15.75,,
VIDHIING,276.3,2026-07-01,-2.21,-3.37,-6.67,-7.33,-18.5,-34.91
TUNWAL,28.0,2026-06-30,4.48,3.51,-6.67,-2.44,-19.54,-10.1
CUBEXTUB,81.97,2026-07-01,-1.37,-5.47,-6.67,-2.18,-31.37,-21.18
TIPSFILMS,330.65,2026-07-01,0.12,-4.24,-6.71,12.87,-22.8,-44.88
AFCONS,309.0,2026-07-01,-2.17,-2.08,-6.75,9.42,-21.36,-28.27
RADAAN,3.02,2026-07-01,-0.66,-3.51,-6.79,7.86,-11.95,-25.06
HEG,522.45,2026-07-01,1.02,-2.82,-6.8,-7.39,-16.29,2.14
FELIX,185.75,2026-06-30,1.31,-2.26,-6.8,17.19,19.53,5.42
QUICKTOUCH,25.3,2026-06-30,3.48,-0.78,-6.81,-3.44,-35.13,-63.07
EMUDHRA,436.8,2026-07-01,-1.31,-3.83,-6.85,11.38,-21.77,-43.06
FCL,38.09,2026-07-01,-0.44,-16.12,-6.85,82.69,55.15,37.21
IFBAGRO,924.2,2026-07-01,1.03,1.09,-6.85,28.16,-37.71,24.89
BAJAJHIND,17.73,2026-07-01,-1.55,-7.51,-6.88,4.54,-3.95,-31.04
MARALOVER,53.38,2026-07-01,-1.15,-6.27,-6.89,42.99,21.35,-30.06
SIKKO,3.78,2026-07-01,-0.26,-5.03,-6.9,-13.5,-27.17,-2.34
RKDL,18.81,2026-07-01,0.64,-1.05,-6.93,-2.54,-18.5,-37.03
BORANA,307.65,2026-07-01,-0.32,-3.25,-6.93,0.28,3.64,41.12
NATCAPSUQ,148.81,2026-07-01,-1.81,-5.02,-6.95,-3.13,-17.79,-32.86
CHAVDA,87.0,2026-06-30,-2.63,-5.43,-6.95,7.01,-27.04,-31.87
CHEMFAB,361.6,2026-07-01,-2.73,-4.39,-6.96,10.8,-12.4,-53.51
NATHBIOGEN,165.07,2026-07-01,-0.06,-1.87,-6.97,20.09,5.62,-20.03
JYOTISTRUC,11.48,2026-07-01,-0.35,-6.21,-6.97,10.92,20.08,-35.29
GOPAL,275.95,2026-07-01,-0.18,-3.23,-7.01,4.11,-11.52,-22.04
SOLARWORLD,187.11,2026-07-01,3.37,-1.05,-7.02,12.8,-31.56,
OSWALAGRO,41.22,2026-07-01,-1.22,-5.15,-7.04,1.88,-29.27,-53.62
ARENTERP,36.15,2026-07-01,1.8,-9.26,-7.05,7.4,-23.04,-35.86
WAAREEENER,2877.7,2026-07-01,-0.29,-6.0,-7.05,-6.85,-2.63,-6.0
BGRENERGY,313.3,2026-07-01,3.25,-7.81,-7.06,21.5,-13.96,211.21
ANNAPURNA,129.3,2026-06-30,0.58,-2.08,-7.11,-22.16,-33.25,-55.36
BSHSL,88.25,2026-07-01,-4.33,-4.57,-7.12,21.16,-16.6,-37.87
SPCL,69.65,2026-06-30,-1.21,-1.49,-7.13,16.47,-23.38,-47.35
MARATHON,417.5,2026-07-01,4.01,3.04,-7.14,5.5,-23.34,-36.25
GLOBALE,12.07,2026-07-01,-3.36,-2.82,-7.15,18.45,-1.87,-19.37
KONSTELEC,44.1,2026-06-30,5.0,-8.13,-7.16,53.93,-14.37,-34.08
MCL,56.2,2026-07-01,0.16,-5.8,-7.2,-2.24,-25.23,0.79
KEEPLEARN,1.93,2026-07-01,0.52,-2.53,-7.21,4.89,-20.58,-42.22
EFORCE,21.8,2026-06-30,0.93,-6.44,-7.23,32.93,-34.53,-55.46
KARMAENG,41.56,2026-07-01,0.22,2.39,-7.25,14.97,-14.64,-41.3
BONLON,42.09,2026-07-01,0.53,-4.56,-7.25,14.16,,
DEEPAKNTR,1548.8,2026-07-01,-0.95,-7.34,-7.26,14.54,-8.96,-20.62
ASHIMASYN,14.92,2026-07-01,0.61,-6.69,-7.27,15.48,-22.29,-50.0
APEX,401.6,2026-07-01,1.57,-2.91,-7.28,4.79,38.17,61.21
DIL,0.89,2026-06-30,0.0,-4.3,-7.29,-17.59,-47.65,-63.37
SURYALA,446.8,2026-07-01,-0.01,-5.84,-7.29,,,
NDL,2.41,2026-07-01,2.55,-3.98,-7.31,9.55,-17.75,-36.75
CORDSCABLE,211.24,2026-07-01,1.86,-2.54,-7.31,43.97,12.91,5.21
FCSSOFT,1.52,2026-07-01,0.66,-3.8,-7.32,16.03,-17.39,-45.71
MAFANG,186.63,2026-07-01,0.84,-4.58,-7.33,24.64,10.36,30.33
PRAKASHSTL,4.16,2026-07-01,-0.24,-8.77,-7.35,2.46,-22.96,-33.23
XCHANGING,60.75,2026-07-01,-1.32,-6.42,-7.44,14.34,-25.34,-37.19
CHEMPLASTS,202.04,2026-07-01,0.91,-3.37,-7.46,-22.25,-21.09,-53.99
TNTELE,8.93,2026-07-01,-0.56,-3.77,-7.46,2.88,-11.76,-43.69
COMPINFO,1.24,2026-07-01,-1.59,-6.77,-7.46,31.91,-24.39,-34.74
NAGREEKEXP,25.5,2026-07-01,-2.45,-5.66,-7.47,26.24,0.24,-11.67
OSIAHYPER,3.2,2026-07-01,0.95,-3.9,-7.51,-13.51,-80.31,-76.86
SOFTTECH,445.0,2026-07-01,2.08,2.71,-7.53,94.04,41.7,12.64
KALPATARU,299.0,2026-07-01,-1.74,-8.32,-7.54,8.77,-13.89,-30.94
BHANDARI,2.93,2026-07-01,-1.35,-3.3,-7.57,20.58,-26.75,-46.74
PML,496.35,2026-07-01,1.13,-1.34,-7.57,,,
APS,296.4,2026-06-30,-1.85,-2.15,-7.58,12.06,-18.85,-47.57
AMBEY,23.1,2026-06-30,10.0,19.38,-7.6,22.22,-47.91,-40.77
MKPL,4.62,2026-07-01,-2.94,-6.1,-7.6,5.72,-23.64,-38.97
PURVFLEXI,50.0,2026-06-30,0.0,-2.91,-7.66,31.06,-36.71,-34.21
SAHAJSOLAR,132.65,2026-06-30,0.49,-2.78,-7.69,43.79,-26.43,-51.66
ENFUSE,159.95,2026-06-30,-2.38,-0.06,-7.7,-1.84,-27.3,-35.24
GREENPOWER,10.42,2026-07-01,-0.1,-6.46,-7.71,16.04,-10.02,-30.81
GROWWMETAL,11.82,2026-07-01,-1.25,-4.45,-7.73,9.14,10.69,
DHARMAJ,264.2,2026-07-01,1.19,0.11,-7.74,11.15,8.67,-17.28
IL&FSTRANS,2.14,2026-07-01,-6.14,-17.05,-7.76,12.04,-27.95,-48.31
FLAIR,267.75,2026-07-01,1.25,-5.0,-7.77,-7.4,-13.98,1.92
PVSL,92.33,2026-07-01,2.35,-2.62,-7.8,-0.06,-24.04,-32.83
CRIZAC,199.14,2026-07-01,0.71,-5.36,-7.8,3.4,-27.56,
S&SPOWER,367.5,2026-07-01,-0.88,-3.58,-7.81,15.46,20.57,0.48
KSR,30.93,2026-07-01,-0.58,-5.79,-7.81,-5.59,42.73,
ABMINTLLTD,41.55,2026-07-01,-0.93,1.27,-7.81,-1.07,-4.15,-44.22
PRECWIRE,401.8,2026-07-01,0.21,-4.96,-7.81,30.41,61.85,114.85
SIGNATURE,756.0,2026-07-01,2.11,-4.65,-7.82,4.47,-33.02,-39.36
SUPREMEIND,3221.2,2026-07-01,0.85,-9.58,-7.86,-11.33,-6.9,-25.65
EUROBOND,169.09,2026-07-01,1.14,-3.9,-7.86,17.99,-3.49,-12.8
SBGLP,24.46,2026-07-01,-3.05,-6.64,-7.87,17.48,-31.41,-45.37
CMSINFO,280.4,2026-07-01,-4.71,-7.17,-7.88,-0.51,-19.7,-44.66
DONEAR,87.22,2026-07-01,0.23,-3.92,-7.88,3.57,-6.12,-19.73
INNOVATIVE,76.5,2026-06-30,0.0,-0.58,-7.94,-22.92,-18.14,-7.78
MPHASIS,2126.8,2026-07-01,-3.67,-6.72,-7.95,-0.46,-24.81,-24.72
PROZONER,46.75,2026-07-01,4.21,-1.87,-7.95,3.66,-17.97,22.19
DRSDILIP,110.0,2026-06-30,0.0,0.0,-7.95,-7.95,83.03,12.24
SILGO,75.69,2026-07-01,1.0,1.01,-7.96,1.14,3.0,42.81
HNGSNGBEES,471.17,2026-07-01,-1.31,-1.68,-7.97,-2.16,-5.24,22.09
COALINDIA,434.75,2026-07-01,-2.27,-3.17,-8.01,-3.26,10.0,19.39
BCPL,73.97,2026-07-01,0.71,-2.58,-8.01,10.75,,
PATANJALI,413.2,2026-07-01,0.15,-1.21,-8.02,-11.77,-24.94,-23.31
BBOX,962.5,2026-07-01,3.25,-1.99,-8.04,101.55,75.94,77.47
PENINLAND,15.43,2026-07-01,0.39,-1.03,-8.05,-6.48,-37.28,-52.44
METAL,12.51,2026-07-01,-1.11,-5.3,-8.08,9.07,10.71,30.31
EPIGRAL,1063.4,2026-07-01,-4.47,-6.16,-8.09,22.89,-15.41,-41.79
TTL,6.8,2026-07-01,-0.15,-1.45,-8.11,-20.19,-19.34,-55.38
CANARYS,19.8,2026-06-30,-5.04,-9.17,-8.12,31.56,-33.56,-37.44
ORIENTTECH,244.05,2026-07-01,-0.59,-5.13,-8.15,-4.5,-38.1,-23.39
HOLMARC,95.0,2026-06-30,-4.76,-6.54,-8.17,58.2,-6.13,-25.09
JINDALPOLY,612.35,2026-07-01,-4.04,-8.55,-8.18,-16.76,27.51,0.69
KEL,79.9,2026-06-30,1.46,4.51,-8.21,26.22,-20.1,-34.51
RAMKY,401.4,2026-07-01,0.6,-6.15,-8.22,-12.04,-27.18,-30.54
AJAXENGG,539.85,2026-07-01,-0.29,-4.92,-8.24,25.1,-8.69,-14.59
PLAZACABLE,45.06,2026-07-01,-2.09,-6.38,-8.32,40.81,8.58,-25.4
METALIETF,12.43,2026-07-01,-1.27,-5.26,-8.33,8.46,9.9,29.75
TEGA,1660.4,2026-07-01,-2.61,-5.52,-8.34,-1.93,-14.84,6.13
VISHWARAJ,5.38,2026-07-01,-1.28,-5.45,-8.35,18.24,-20.88,-45.98
AJOONI,3.73,2026-07-01,2.47,0.54,-8.35,-9.25,-13.86,-36.46
AHLEAST,144.72,2026-07-01,-1.3,-5.96,-8.36,-4.06,4.62,-7.11
ALLCARGO,8.19,2026-07-01,1.24,-4.21,-8.39,6.09,-23.03,-76.86
NIRAJISPAT,200.58,2026-07-01,-1.19,0.56,-8.41,4.44,-3.93,-56.07
POLYSIL,131.9,2026-06-30,-2.3,-4.42,-8.43,-17.67,-57.02,79.82
MOS,13.0,2026-06-30,4.84,-5.45,-8.45,34.02,-42.09,-94.81
BRNL,18.28,2026-07-01,-1.19,-2.92,-8.46,-0.6,-18.47,-12.7
TRIGYN,51.45,2026-07-01,1.28,-10.15,-8.48,12.9,-22.99,-39.79
SANDUMA,206.98,2026-07-01,-0.47,-3.08,-8.52,13.89,-15.32,32.6
ISFT,78.37,2026-07-01,-1.22,-3.32,-8.54,31.58,-14.01,-30.44
GMDCLTD,610.65,2026-07-01,5.58,-0.71,-8.61,5.23,1.86,48.0
VIPIND,303.65,2026-07-01,-0.87,-3.56,-8.62,-3.98,-20.76,-28.65
VEEKAYEM,127.85,2026-06-30,4.97,-2.48,-8.68,1.07,-11.4,-46.98
BAYERCROP,4128.9,2026-07-01,1.53,-1.19,-8.69,-12.96,-9.12,-33.38
CONTI,12.05,2026-06-30,-2.03,-2.43,-8.71,-7.66,-48.5,-54.27
ESABINDIA,5716.0,2026-07-01,-0.68,-1.09,-8.72,11.83,-6.57,12.95
NMDC,84.3,2026-07-01,-1.35,-4.41,-8.74,7.84,3.83,29.62
SHAILY,2869.2,2026-07-01,-0.96,3.78,-8.76,37.01,28.88,75.87
BALAXI,23.73,2026-07-01,0.59,2.86,-8.77,26.22,-16.12,-52.55
JINDRILL,550.15,2026-07-01,0.35,-5.74,-8.77,15.67,-2.89,-13.29
GMRP&UI,100.26,2026-07-01,1.21,-1.45,-8.8,1.94,-9.9,-13.8
PRITI,39.26,2026-07-01,-1.68,-8.7,-8.8,10.69,-33.08,-58.24
MANINFRA,104.05,2026-07-01,-0.56,-2.56,-8.82,22.64,-18.01,-42.21
WOCKPHARMA,1962.7,2026-07-01,0.67,-2.54,-8.83,54.84,37.94,17.01
KHANDSE,17.65,2026-07-01,2.98,-1.89,-8.88,28.46,-15.87,-24.93
TMPV,347.8,2026-07-01,0.8,-3.79,-8.89,15.76,-4.59,-48.72
HSBCGOLD,121.6,2026-07-01,-0.97,-4.81,-8.9,-5.72,,
SALASAR,6.21,2026-07-01,1.97,-11.79,-8.94,-0.48,-29.91,-15.74
CYBERMEDIA,16.0,2026-07-01,0.0,-6.6,-8.94,27.59,-8.73,-12.28
NUVOCO,311.3,2026-07-01,2.35,-0.81,-8.95,7.27,-11.11,-13.03
RPSGVENT,842.0,2026-07-01,-2.32,-3.58,-8.98,-11.07,12.72,-6.84
OMAXAUTO,234.04,2026-07-01,8.14,0.58,-8.99,138.7,137.17,176.0
SDBL,68.24,2026-07-01,1.5,-4.59,-9.09,-1.3,-36.3,-57.65
GATECH,0.5,2026-07-01,2.04,-1.96,-9.09,19.05,-9.09,-47.37
MONEYBOXX,63.66,2026-07-01,-1.62,-6.88,-9.1,2.17,2.68,
SATIPOLY,31.85,2026-06-30,0.0,-6.05,-9.13,12.94,-46.02,-64.19
HINDCOPPER,490.6,2026-07-01,-1.13,-3.95,-9.14,-1.09,-5.98,74.16
MOGOLD,138.25,2026-07-01,-0.86,-4.52,-9.14,-6.05,5.09,
KRIDHANINF,2.78,2026-07-01,-2.46,-4.79,-9.15,41.84,-35.35,-40.6
PASUPTAC,62.92,2026-07-01,-0.99,-5.41,-9.17,41.52,21.0,11.78
AONEGOLD,13.06,2026-07-01,-0.61,-4.53,-9.18,-5.91,4.4,
TWCGOLDETF,139.34,2026-07-01,-0.8,-4.62,-9.19,-5.61,,
GOLDBND,139.73,2026-07-01,-0.87,-4.56,-9.2,-6.1,,
VIKRAMSOLR,178.69,2026-07-01,-4.28,-9.83,-9.2,-2.45,-24.66,
INFOLLION,170.5,2026-06-30,-0.35,-1.36,-9.21,-40.31,-54.54,-65.07
GOLD360,136.4,2026-07-01,-0.87,-4.38,-9.22,-6.58,4.76,42.16
EXPLEOSOL,793.6,2026-07-01,-1.58,-3.76,-9.26,12.27,-17.26,-40.34
BBNPPGOLD,135.2,2026-07-01,-0.15,-4.89,-9.26,-6.5,4.44,42.77
STLNETWORK,26.76,2026-07-01,-1.87,-6.56,-9.26,53.88,19.3,
PAKKA,79.64,2026-07-01,-0.5,-1.61,-9.28,-7.59,-24.33,-62.89
VRAJ,114.63,2026-07-01,-1.87,-5.73,-9.29,8.87,-14.22,-36.31
FEL,0.39,2026-07-01,-2.5,-4.88,-9.3,2.63,-17.02,-36.07
TATAGOLD,13.56,2026-07-01,-0.88,-4.64,-9.3,-6.16,4.63,42.74
INSECTICID,656.25,2026-07-01,0.75,-4.74,-9.31,12.61,-6.61,-31.38
GROWWGOLD,13.64,2026-07-01,-0.94,-4.75,-9.31,-6.51,-89.56,-85.77
JAYAGROGN,209.95,2026-07-01,2.48,-2.82,-9.33,30.0,4.1,-17.72
GOLDETF,135.73,2026-07-01,-0.52,-4.6,-9.34,-5.64,4.63,42.69
SHIVAMAUTO,16.19,2026-07-01,-0.74,-4.88,-9.35,4.79,-31.54,-48.57
GOLDIETF,119.54,2026-07-01,-0.93,-4.69,-9.37,-6.26,4.42,42.9
SETFGOLD,119.15,2026-07-01,-1.05,-4.64,-9.38,-6.42,4.52,42.47
SOLEX,1062.3,2026-07-01,-3.58,-6.44,-9.38,5.24,-21.28,-19.31
AXISGOLD,116.24,2026-07-01,-0.95,-4.76,-9.39,-6.78,4.32,42.24
SUNFLAG,339.35,2026-07-01,-0.47,-5.24,-9.39,59.22,24.72,8.21
LYPSAGEMS,4.63,2026-07-01,-2.94,-6.84,-9.39,-0.43,-13.62,-41.09
GOLDADD,135.66,2026-07-01,-0.81,-4.54,-9.4,-6.16,4.61,42.62
ATLANTAELE,1797.0,2026-07-01,0.47,-6.94,-9.41,49.22,101.03,
GOLD1,116.58,2026-07-01,-0.79,-4.59,-9.43,-6.16,4.75,42.73
GOLDBEES,115.46,2026-07-01,-0.83,-4.67,-9.44,-6.41,4.47,42.46
DHRUV,27.01,2026-07-01,-4.69,-5.56,-9.45,-8.72,-43.82,-58.41
CHOICEGOLD,138.31,2026-07-01,-0.68,-4.99,-9.47,-6.81,4.41,
HDFCGOLD,119.25,2026-07-01,-0.91,-4.56,-9.49,-6.35,4.51,42.54
GOLDBETA,117.6,2026-07-01,-0.68,-4.55,-9.5,-5.96,4.77,43.41
EGOLD,139.6,2026-07-01,-0.43,-4.61,-9.5,-6.28,4.53,42.16
QGOLDHALF,115.67,2026-07-01,-0.96,-4.64,-9.53,-6.53,4.79,43.16
GSPCROP,394.05,2026-07-01,1.74,-9.39,-9.53,0.81,,
IVZINGOLD,121.2,2026-07-01,-1.14,-5.09,-9.55,-99.07,-98.95,-98.57
STYLEBAAZA,293.15,2026-07-01,10.23,-10.19,-9.56,-0.44,8.41,-7.54
BSLGOLDETF,122.77,2026-07-01,-0.79,-4.68,-9.58,-5.95,4.46,43.04
LICMFGOLD,125.7,2026-07-01,-1.14,-4.63,-9.6,-5.81,-98.96,-98.57
GPIL,254.6,2026-07-01,-2.82,-8.04,-9.6,-8.63,-4.5,38.85
YASHOPTICS,116.6,2026-06-30,-4.39,-1.31,-9.61,12.06,-0.3,38.4
ECLERX,1332.4,2026-07-01,-0.96,-8.1,-9.61,-10.23,-44.73,-23.24
GOLDCASE,21.94,2026-07-01,-0.9,-4.77,-9.64,-6.56,4.43,42.47
URJA,9.73,2026-07-01,2.53,-3.38,-9.66,8.35,-13.51,-36.61
ENSER,14.5,2026-06-30,-2.03,-8.81,-9.66,63.84,0.35,-9.94
SUMICHEM,435.1,2026-07-01,3.62,-0.87,-9.66,14.44,-7.33,-15.82
SEPC,6.54,2026-07-01,1.71,-10.29,-9.67,22.47,-34.67,-51.66
VILINBIO,42.05,2026-06-30,4.99,-12.12,-9.67,14.73,109.73,56.03
UNIONGOLD,136.3,2026-07-01,-0.47,-5.02,-9.68,-7.18,4.01,42.42
AURIGROW,0.28,2026-07-01,-6.67,-15.15,-9.68,7.69,-61.64,-52.54
DEEPINDS,454.95,2026-07-01,-1.55,-7.3,-9.72,1.59,-0.43,2.99
GOLDKART,136.9,2026-06-30,0.0,0.0,-9.73,-44.12,-47.33,-35.73
RNBDENIMS,10.36,2026-07-01,-3.27,-6.5,-9.83,-49.3,-76.96,
KRITINUT,84.03,2026-07-01,1.13,-2.06,-9.83,46.52,22.01,-26.15
BEWLTD,59.55,2026-06-30,-3.48,-16.13,-9.84,-8.81,-50.56,-65.56
INDUSTOWER,388.85,2026-07-01,-1.47,-5.94,-9.87,-8.13,-10.77,-7.49
XTGLOBAL,27.88,2026-07-01,-5.52,-5.17,-9.89,-5.84,-16.95,-19.13
HDIL,1.73,2026-07-01,-2.26,-4.42,-9.9,-13.07,-27.92,-48.2
CELLPOINT,15.0,2026-06-30,0.0,-1.32,-9.91,25.0,-11.76,-18.26
TATAPOWER,375.45,2026-07-01,-2.86,-6.94,-9.95,-0.64,-1.07,-7.08
NIDAN,13.1,2026-06-30,-1.13,-6.09,-9.97,2.75,-31.05,-38.64
LTTS,3047.7,2026-07-01,-2.62,-8.7,-9.98,-7.28,-29.63,-28.91
CURAA,80.1,2026-07-01,-5.09,-5.7,-9.98,-27.84,-25.67,-50.12
DCAL,175.97,2026-07-01,4.39,1.64,-10.04,20.41,-31.39,-31.02
BENGALASM,6253.5,2026-07-01,-0.07,-0.89,-10.07,,,
BABAFP,25.0,2026-06-30,0.0,3.09,-10.07,20.19,-22.0,-35.9
TECILCHEM,10.65,2026-07-01,0.66,-5.16,-10.13,-5.16,-46.75,-43.11
ELIN,99.78,2026-07-01,1.37,-7.28,-10.15,-5.19,-39.33,-44.57
MUTHOOTFIN,2914.9,2026-07-01,-3.52,-9.36,-10.21,-9.72,-23.43,11.27
ONESOURCE,1650.1,2026-07-01,3.22,2.19,-10.21,14.88,-7.7,-22.16
KESORAMIND,11.15,2026-07-01,-1.76,-5.59,-10.23,34.01,-11.3,89.63
GUJALKALI,609.6,2026-07-01,0.23,-6.92,-10.25,3.09,21.69,2.44
TATASTEEL,185.17,2026-07-01,-2.32,-6.94,-10.25,-2.88,3.9,18.07
DCMFINSERV,5.48,2026-07-01,0.0,0.74,-10.31,11.38,3.4,-20.69
RAJVIR,6.86,2026-06-30,0.0,0.0,-10.33,-10.33,-22.49,-34.67
LATTEYS,21.24,2026-07-01,1.09,-3.37,-10.34,22.28,-3.5,-9.81
PRESSTONIC,28.95,2026-06-30,-1.03,-3.5,-10.37,1.22,-53.04,-70.92
BUILDPRO,1008.7,2026-07-01,-0.68,-3.61,-10.46,0.58,,
MAL,34.65,2026-06-30,5.0,4.21,-10.58,7.61,-26.98,-54.56
INDIFRA,12.65,2026-06-30,0.0,0.0,-10.6,7.66,-20.44,-45.24
ASHAPURMIN,640.0,2026-07-01,-4.77,-10.19,-10.66,31.58,-25.78,50.9
GAYAHWS,2.01,2026-07-01,-0.99,-9.46,-10.67,-4.29,-27.7,58.27
AMBALALSA,31.81,2026-07-01,1.27,-0.03,-10.72,,,
GLOBALPET,147.0,2026-06-30,0.0,1.38,-10.77,54.9,25.64,9.01
HGM,51.16,2026-07-01,-1.33,-4.57,-10.84,7.07,-26.13,-13.99
ALLETEC,137.9,2026-06-30,-1.36,-5.03,-10.95,16.27,-35.77,-63.76
VIVIANA,822.7,2026-07-01,0.3,-3.4,-10.97,22.46,14.45,-32.04
SURANI,107.0,2026-06-30,-0.83,-3.6,-10.98,3.08,78.33,-5.27
FRACTAL,875.45,2026-07-01,-1.72,-8.72,-11.0,9.7,,
SANCO,2.9,2026-06-30,0.0,0.0,-11.04,32.42,31.82,-27.5
HAPPSTMNDS,336.9,2026-07-01,-0.22,-3.3,-11.07,-14.22,-26.11,-47.66
ONGC,234.99,2026-07-01,0.4,-4.26,-11.09,-18.42,1.08,1.78
ALPEXSOLAR,885.65,2026-06-30,-0.35,-5.37,-11.1,16.65,8.92,-21.73
ASTRAL,1362.1,2026-07-01,-0.43,-12.56,-11.15,-13.26,-5.07,-8.61
DUCON,3.17,2026-07-01,-5.09,-9.69,-11.2,16.54,-9.69,-52.83
OWAIS,114.05,2026-06-30,-3.84,-9.52,-11.21,-4.08,-56.64,-80.15
TAPIFRUIT,49.0,2026-06-30,0.0,-2.0,-11.23,-13.43,-28.47,-39.24
SANGANI,43.0,2026-06-30,0.0,-4.44,-11.25,10.54,-24.56,-40.28
INDOUS,88.48,2026-07-01,-1.47,-4.53,-11.31,-13.05,-26.57,-42.39
MAKS,23.05,2026-06-30,0.0,0.0,-11.35,-12.85,-22.0,-30.99
SALONA,255.45,2026-07-01,-0.45,-5.48,-11.36,-3.29,-2.09,1.77
VIVIMEDLAB,5.69,2026-07-01,-5.01,-3.89,-11.37,2.89,-66.11,14.95
GVKPIL,2.65,2026-07-01,-0.38,-4.33,-11.37,9.96,-15.06,-36.45
MAHKTECH,21.34,2026-07-01,-2.02,-4.39,-11.42,-7.98,-16.93,-2.56
ORICONENT,54.83,2026-07-01,-0.9,-3.72,-11.46,-14.66,-8.62,23.29
NIRMAN,43.2,2026-06-30,-0.12,-4.21,-11.48,9.92,-27.94,-79.02
UMAEXPORTS,22.29,2026-07-01,-0.45,-3.04,-11.48,9.53,-43.01,-58.34
DENTALKART,383.65,2026-06-30,1.27,0.43,-11.71,13.94,-33.42,-37.7
TECHM,1362.2,2026-07-01,-4.99,-5.09,-11.73,-3.01,-15.27,-16.13
GIRIRAJ,128.7,2026-06-30,-0.19,-7.58,-11.73,-30.43,-50.46,-48.52
APCL,106.04,2026-07-01,-1.02,-6.13,-11.76,1.2,-16.94,-29.53
ORIENTALTL,5.63,2026-07-01,-1.4,-10.21,-11.76,8.9,-31.59,-59.41
FIDEL,143.6,2026-06-30,-7.32,-4.96,-11.79,14.88,6.96,-25.21
DRL,11.2,2026-06-30,-4.68,-11.81,-11.81,4.19,-48.97,-62.16
UNIVPHOTO,363.45,2026-07-01,1.54,3.81,-11.82,-9.81,63.89,49.58
SGL,10.14,2026-07-01,1.3,-0.78,-11.9,8.92,-20.16,-36.51
SKIL,0.88,2026-06-30,0.0,-4.35,-12.0,-1.12,-29.03,-65.62
SAKUMA,1.83,2026-07-01,-1.61,-4.19,-12.02,37.59,-14.08,-39.6
INCREDIBLE,32.01,2026-07-01,-3.7,-7.3,-12.06,7.09,-20.55,-21.27
AUSOMENT,113.78,2026-07-01,-0.61,-2.26,-12.06,14.89,4.94,5.7
SRPL,0.36,2026-06-30,0.0,-2.7,-12.2,-20.0,-46.27,-34.55
JARO,502.95,2026-07-01,0.28,-4.77,-12.26,19.22,8.78,
PCCL,236.5,2026-06-30,-2.47,2.09,-12.29,5.46,14.58,27.8
GRAPHISAD,29.0,2026-06-30,3.57,-0.17,-12.39,-10.63,-39.14,-28.4
KCPSUGIND,21.95,2026-07-01,-0.59,-0.63,-12.41,-8.39,-15.9,-37.98
UNIDT,207.69,2026-07-01,-1.96,-4.9,-12.43,34.01,3.81,-9.19
UPL,565.05,2026-07-01,-0.59,-6.68,-12.43,-4.95,-29.84,-15.03
SONAMAC,33.05,2026-06-30,-2.36,-5.71,-12.45,20.62,-26.56,-57.41
GOKULAGRO,203.89,2026-07-01,-4.11,-7.4,-12.47,6.78,13.91,39.79
DUGLOBAL,34.4,2026-06-30,-4.97,-1.15,-12.47,25.55,13.91,-26.81
CREATIVEYE,6.03,2026-07-01,-4.59,-7.52,-12.48,0.0,-16.25,-38.78
NAGREEKCAP,24.57,2026-07-01,-1.17,-7.28,-12.5,10.58,-8.66,-9.2
SEL,180.0,2026-06-30,-0.55,-1.8,-12.56,50.0,-16.67,-34.14
SEAMECLTD,1420.0,2026-07-01,-2.13,3.9,-12.58,-1.57,29.82,65.47
DPSCLTD,7.21,2026-07-01,-1.37,-6.0,-12.61,-5.38,-27.68,-46.05
LIBAS,11.2,2026-07-01,-3.2,-4.84,-12.64,7.69,2.38,-18.01
ORIANA,1559.05,2026-06-30,0.02,-4.92,-12.68,0.96,-29.81,-28.7
LUXIND,1235.9,2026-07-01,1.07,-1.28,-12.74,36.21,11.09,-14.88
RRIL,17.59,2026-07-01,-2.33,-4.45,-12.75,,,
ARISTO,95.7,2026-06-30,0.0,-4.01,-12.84,27.6,-20.25,-18.66
SIMBHALS,6.94,2026-07-01,3.74,-1.7,-12.92,-2.12,-37.87,-60.21
REMSONSIND,80.07,2026-07-01,-1.25,-6.24,-12.95,-9.78,-33.47,-41.5
SETUINFRA,0.47,2026-07-01,6.82,9.3,-12.96,23.68,0.0,-41.98
RAJSREESUG,31.05,2026-07-01,-0.51,-8.62,-13.03,10.66,-9.87,-36.61
OIL,419.8,2026-07-01,1.71,-0.65,-13.04,-11.32,-0.31,-0.73
IITL,127.67,2026-07-01,-2.44,-0.73,-13.11,-2.02,-22.45,-24.31
TECH,28.23,2026-07-01,-4.63,-6.55,-13.11,-11.89,-31.18,-31.4
LEXUS,15.21,2026-07-01,19.29,-1.49,-13.14,-35.11,-41.34,-53.92
ITADD,27.35,2026-07-01,-4.67,-6.56,-13.15,-12.68,-31.64,-31.78
SEYAIND,12.86,2026-07-01,-1.23,-2.72,-13.17,27.08,-26.43,-43.57
JAYNECOIND,85.68,2026-07-01,1.2,-4.09,-13.33,14.22,-1.44,142.79
LUMAXTECH,1526.2,2026-07-01,1.53,-7.66,-13.34,-4.22,-5.59,33.23
IT,28.62,2026-07-01,-4.76,-6.62,-13.4,-12.69,-31.58,-31.86
ITIETF,28.64,2026-07-01,-4.69,-6.74,-13.42,-12.74,-31.7,-32.0
XELPMOC,85.12,2026-07-01,0.14,-1.57,-13.45,-4.39,-33.73,-9.6
HCLTECH,1034.2,2026-07-01,-6.19,-8.52,-13.46,-22.18,-35.05,-37.23
NEWJAISA,18.0,2026-06-30,1.98,1.69,-13.46,5.26,-32.96,-56.63
SHIVALIK,234.75,2026-07-01,5.03,7.14,-13.47,0.54,-34.29,-55.81
ITETF,27.3,2026-07-01,-4.58,-6.6,-13.47,-12.64,-31.73,-32.16
AUROIMPEX,26.95,2026-06-30,4.66,-1.82,-13.48,24.48,-32.62,-41.03
ITBEES,28.63,2026-07-01,-4.63,-6.71,-13.58,-13.01,-31.78,-32.19
ITBETA,271.02,2026-07-01,-4.69,-6.69,-13.6,-12.63,-31.67,-32.17
PARTYCRUS,86.35,2026-06-30,-6.14,-4.9,-13.61,14.9,0.41,5.95
RHETAN,26.32,2026-07-01,-0.11,-4.78,-13.62,6.99,6.9,
ASIANTILES,53.08,2026-07-01,-4.55,-4.03,-13.66,-9.14,-30.63,-16.19
SBIETFIT,285.57,2026-07-01,-4.64,-6.66,-13.68,-12.8,-31.83,-32.29
TCS,1982.6,2026-07-01,-5.5,-6.82,-13.7,-16.56,-36.6,-39.92
HDFCNIFIT,27.53,2026-07-01,-4.58,-6.74,-13.73,-12.71,-31.55,-32.18
NAGAFERT,3.19,2026-06-30,0.0,-4.78,-13.78,-7.27,-40.04,-42.0
JHS,7.63,2026-07-01,2.14,-4.03,-13.79,5.53,-19.94,-42.72
BILVYAPAR,4.11,2026-07-01,-0.24,-5.52,-13.84,-18.45,-44.23,-64.45
NEPHROCARE,65.65,2026-06-30,2.02,-3.46,-13.9,26.86,-40.86,-43.84
AXISTECETF,283.2,2026-07-01,-4.74,-6.94,-13.96,-12.79,-32.0,-32.47
ZENSARTECH,426.05,2026-07-01,-1.7,-5.35,-14.01,-20.84,-39.02,-48.47
EASTSILK,47.27,2026-07-01,-1.52,-9.67,-14.05,-22.3,-42.77,2526.11
FSL,229.69,2026-07-01,-2.4,-5.98,-14.05,6.89,-29.73,-34.42
MFML,21.05,2026-07-01,-9.77,-7.72,-14.08,-9.27,-15.9,-27.41
COFFEEDAY,32.85,2026-07-01,0.12,-3.44,-14.12,37.79,-8.52,-10.2
MEGAFLEX,114.65,2026-06-30,-4.97,-9.69,-14.18,-24.2,-7.24,106.02
JETKNIT,76.55,2026-06-30,0.0,0.0,-14.18,-14.18,-14.18,-30.38
SHAH,4.15,2026-07-01,2.47,-9.59,-14.26,-13.18,-17.0,6.14
RAMASTEEL,4.51,2026-07-01,2.04,-9.8,-14.26,13.03,-51.76,-62.85
KKVAPOW,525.6,2026-06-30,-5.0,-9.74,-14.26,-10.15,-17.1,-24.37
NSLNISP,43.25,2026-07-01,0.3,-6.75,-14.36,22.07,-1.91,6.53
ABAN,13.83,2026-07-01,4.93,-0.29,-14.37,-37.51,-27.78,-75.48
VIDYAWIRES,97.58,2026-07-01,-3.95,-10.92,-14.4,86.11,95.24,
BODALCHEM,63.08,2026-07-01,-2.34,-8.03,-14.49,15.43,17.73,-17.9
EXCELSOFT,75.07,2026-07-01,-0.38,-7.05,-14.54,0.54,-17.39,
AONESILVER,8.49,2026-07-01,1.92,-5.46,-14.59,-4.82,,
ELITECON,26.49,2026-07-01,-2.68,-7.64,-14.6,,,
MARSONS,114.45,2026-07-01,2.46,-5.28,-14.68,-14.47,,
GRAPHITE,611.6,2026-07-01,-0.48,-4.15,-14.69,-4.91,-5.64,8.8
SILVERBND,221.96,2026-07-01,1.7,-5.95,-14.72,-5.36,,
ESILVER,221.49,2026-07-01,1.84,-5.73,-14.79,-5.41,-1.84,104.44
KDL,116.05,2026-06-30,3.29,-8.33,-14.79,14.79,-32.49,-63.43
MONOPHARMA,10.6,2026-06-30,-4.5,-3.64,-14.86,-4.93,-33.75,-58.67
MAITREYA,139.4,2026-06-30,0.0,-4.52,-14.9,-22.06,-36.04,-47.59
SPECTSTM,56.8,2026-06-30,0.18,0.18,-14.91,10.29,-42.28,-53.44
JINDALSTEL,1028.8,2026-07-01,-3.68,-9.12,-14.96,-9.55,-3.71,8.37
PRECISION,6.8,2026-06-30,0.0,-4.23,-15.0,-4.23,-46.46,-68.52
MARCO,30.55,2026-06-30,0.0,-1.77,-15.02,5.53,-21.26,-35.21
SILVER360,217.73,2026-07-01,1.46,-6.03,-15.08,-5.39,-0.5,104.44
MUKTAARTS,55.98,2026-07-01,-5.76,-14.65,-15.09,35.18,-10.69,-38.06
MARINETRAN,13.5,2026-06-30,0.0,-4.26,-15.09,-16.67,-47.37,-20.35
SBISILVER,216.9,2026-07-01,1.75,-6.01,-15.1,-5.66,-1.53,104.12
TATAELXSI,3587.8,2026-07-01,-9.86,-12.82,-15.12,-11.51,-29.92,-41.18
MOSILVER,218.72,2026-07-01,1.73,-5.8,-15.12,-5.02,-1.97,
AXISILVER,219.69,2026-07-01,1.51,-6.04,-15.12,-5.82,-2.41,104.53
RBS,82.5,2026-06-30,0.06,-5.17,-15.17,35.47,-12.23,-26.57
TATSILV,21.47,2026-07-01,1.56,-6.12,-15.17,-6.08,-1.69,105.06
SILVER,220.78,2026-07-01,1.48,-6.01,-15.21,-5.79,-1.33,104.73
GROWWSLVR,21.66,2026-07-01,1.64,-6.03,-15.23,-5.74,-90.26,-79.63
SILVERIETF,220.73,2026-07-01,1.78,-6.04,-15.24,-5.76,-1.88,104.66
SILVERBETA,213.61,2026-07-01,1.39,-6.04,-15.25,-6.02,-1.69,104.06
SILVERADD,213.15,2026-07-01,1.69,-6.13,-15.27,-5.94,-2.23,104.5
SOUTHWEST,218.39,2026-07-01,0.85,-11.78,-15.29,0.64,13.09,48.25
HDFCSILVER,211.5,2026-07-01,1.54,-6.15,-15.29,-6.26,-1.71,103.82
SILVERBEES,211.34,2026-07-01,1.6,-6.13,-15.31,-5.99,-1.68,104.35
SILVER1,21.44,2026-07-01,1.56,-6.13,-15.32,-5.68,-90.31,-77.56
HAVISHA,1.27,2026-07-01,-1.55,1.6,-15.33,3.25,-30.22,-45.49
SILVERAG,215.01,2026-07-01,1.41,-6.24,-15.34,-5.69,-1.41,104.6
SILVERCASE,22.41,2026-07-01,1.59,-6.04,-15.37,-6.23,-2.63,104.73
NORBTEAEXP,68.91,2026-07-01,-2.26,-2.71,-15.39,-23.35,-29.26,97.28
LTM,3546.7,2026-07-01,-3.78,-7.4,-15.48,-12.49,-41.19,-31.97
TRU,5.01,2026-07-01,-2.91,-14.21,-15.51,3.09,-37.3,-71.89
RSYSTEMS,223.83,2026-07-01,-6.31,-11.98,-15.62,-12.31,-43.99,-50.17
WALPAR,27.8,2026-06-30,4.91,15.59,-15.63,-38.9,-39.43,-45.33
ALKALI,82.0,2026-07-01,-2.26,-4.82,-15.64,64.92,1.57,-17.94
BSOFT,275.7,2026-07-01,-7.82,-13.04,-15.89,-21.15,-36.18,-36.1
BASILIC,201.8,2026-06-30,0.55,-1.32,-15.95,19.87,-39.76,-51.37
VERTOZ,38.67,2026-07-01,-0.9,-6.77,-15.97,24.49,-44.93,-57.73
WEWIN,47.65,2026-07-01,-1.57,-4.7,-16.04,17.08,3.59,-3.11
QUESTLAB,98.1,2026-06-30,0.15,-3.54,-16.12,-6.03,-6.26,4.14
HINDZINC,524.4,2026-07-01,-0.21,-8.51,-16.26,1.82,-12.74,18.57
INFY,985.3,2026-07-01,-4.96,-7.52,-16.29,-21.09,-38.24,-36.39
DHTL,40.5,2026-06-30,0.0,0.0,-16.41,0.0,-40.4,-22.41
LATENTVIEW,264.25,2026-07-01,-5.59,-11.74,-16.48,1.17,-41.93,-35.56
SOMATEX,89.38,2026-07-01,-1.94,-7.0,-16.59,-6.06,-36.62,108.2
GREENCHEF,51.3,2026-06-30,0.0,-3.3,-16.59,15.41,-11.86,-15.9
JAIPURKURT,27.53,2026-07-01,-2.34,-3.54,-16.63,0.33,-13.18,-36.11
SANWARIA,0.2,2026-07-01,-4.76,-9.09,-16.67,-13.04,-23.08,-44.44
NOIDATOLL,4.64,2026-07-01,-1.9,-5.5,-16.7,48.24,13.45,9.43
GGBL,285.3,2026-06-30,0.99,-4.09,-16.81,30.86,-7.97,-46.31
RETAIL,17.38,2026-07-01,0.46,-4.3,-16.84,-5.95,-29.64,-50.67
BNAGROCHEM,296.85,2026-07-01,3.47,5.28,-16.9,,,
RKEC,25.77,2026-07-01,-3.27,-8.1,-16.95,-12.61,-52.09,-67.56
MEDICO,39.51,2026-07-01,-1.89,-6.75,-17.0,3.11,-19.65,-5.43
DSSL,1303.0,2026-07-01,-1.33,-11.66,-17.08,50.74,28.42,22.13
ADVENZYMES,314.6,2026-07-01,-2.02,-16.1,-17.11,18.09,3.47,-3.1
RMC,305.55,2026-07-01,-2.08,-14.96,-17.25,,,
PRATHAM,113.55,2026-06-30,0.49,2.67,-17.3,9.18,-23.2,-25.3
GSTL,17.9,2026-06-30,-1.92,-7.25,-17.32,-51.69,23.88,48.55
SAIL,168.27,2026-07-01,-3.97,-3.76,-17.39,7.99,13.35,27.78
KLL,33.1,2026-06-30,0.0,3.12,-17.46,4.09,-32.72,-58.31
SLONE,139.3,2026-06-30,-4.98,10.56,-17.55,-14.33,-50.63,-48.23
WIPRO,170.13,2026-07-01,-3.05,-5.58,-17.58,-11.01,-34.72,-32.73
HINDALCO,939.7,2026-07-01,-2.5,-7.35,-17.66,3.88,5.0,36.34
BLUEPEBBLE,77.5,2026-06-30,1.97,-0.64,-17.77,-32.37,-32.17,-63.52
VR,108.45,2026-06-30,-4.15,-8.94,-17.78,-20.72,-30.5,-43.37
FLEXITUFF,5.53,2026-07-01,-3.99,-18.56,-17.83,-13.46,-56.11,-84.64
INSPIRISYS,102.99,2026-07-01,-2.46,-7.22,-17.95,37.41,14.74,-9.78
RAJTV,12.6,2026-07-01,-0.94,-0.55,-18.13,-63.73,-70.85,-71.75
CMNL,103.5,2026-06-30,3.19,6.92,-18.18,14.49,-12.66,-37.27
RADIOWALLA,24.7,2026-06-30,-5.0,-0.6,-18.21,9.53,-58.1,-64.2
VEDL,275.55,2026-07-01,-3.16,-9.91,-18.27,-59.31,-53.51,-37.65
TCC,310.4,2026-07-01,-3.08,-8.79,-18.32,-10.34,,
AILIMITED,34.3,2026-06-30,0.0,-4.72,-18.33,-4.72,-14.25,-48.03
AVANTIFEED,945.1,2026-07-01,1.09,-1.18,-18.42,-22.76,7.58,33.26
GUJGASLTD,327.05,2026-06-30,-2.46,-12.27,-18.47,6.44,-16.45,-30.2
KCEIL,80.25,2026-06-30,4.97,-4.75,-18.53,-14.4,-43.15,-76.66
ABSMARINE,231.95,2026-06-30,-1.86,-3.11,-18.66,55.1,20.24,13.15
FONEBOX,72.5,2026-06-30,0.0,-6.99,-18.77,21.34,-16.67,-14.96
ROCKINGDCE,178.35,2026-06-30,-4.5,1.91,-18.93,36.72,-34.43,-2.43
DCG,53.95,2026-06-30,-1.19,-6.01,-19.12,11.81,-20.01,-18.07
SHIGAN,64.7,2026-06-30,0.0,-5.27,-19.18,37.51,50.12,-21.64
VALIANTLAB,64.79,2026-07-01,-2.66,-3.77,-19.33,13.79,-5.8,-42.14
VLEGOV,11.33,2026-07-01,-7.96,-15.45,-19.65,19.64,-41.54,-78.2
MAHASTEEL,764.3,2026-07-01,-6.39,-9.34,-19.68,-20.16,-24.68,122.12
PERSISTENT,4330.2,2026-07-01,0.74,-10.91,-19.84,-14.24,-30.83,-27.84
FALCONTECH,11.6,2026-06-30,2.65,-10.08,-20.0,-10.42,-22.92,-60.81
TECHNVISN,4357.8,2026-07-01,-9.02,-13.08,-20.04,,,
DURLAX,47.8,2026-06-30,-1.75,3.91,-20.2,6.22,15.04,6.22
BOHRAIND,13.49,2026-07-01,-3.78,-15.21,-20.65,-14.73,-20.37,-51.39
GRADIENTE,2.83,2026-07-01,-2.41,9.69,-20.73,,,
BANG,30.8,2026-07-01,11.68,-2.38,-21.33,3.32,-34.86,-48.59
MANAV,34.75,2026-06-30,0.0,-11.46,-21.56,-13.12,15.26,84.35
TAKE,24.03,2026-07-01,-9.73,-19.58,-21.6,-40.53,-40.43,155.37
FILATFASH,0.18,2026-07-01,-5.26,-10.0,-21.74,20.0,-43.75,-73.53
MEP,0.71,2026-07-01,-2.74,-7.79,-21.98,-16.47,-62.03,-65.7
KONTOR,58.5,2026-06-30,0.0,-2.58,-22.1,5.88,-13.72,-28.66
LLOYDS,72.55,2026-06-30,0.0,-14.14,-22.11,82.75,7.08,-25.97
PRLIND,49.35,2026-06-30,0.0,0.71,-22.22,4.11,-35.15,-50.13
RAJESHEXPO,87.32,2026-07-01,-5.26,-14.71,-22.33,4.88,-51.13,-56.86
BIRDYS,95.8,2026-06-30,0.0,0.0,-22.52,-9.62,-21.48,-11.05
NEUEON,17.86,2026-07-01,-5.0,-9.71,-22.55,11.21,132.55,242.15
NATIONALUM,334.65,2026-07-01,-3.67,-11.46,-22.93,-15.8,8.24,83.83
INSPIRE,8.35,2026-06-30,0.0,-9.73,-23.04,21.01,-22.69,-56.62
VISASTEEL,40.64,2026-06-30,-0.59,-6.66,-23.1,43.25,-21.16,15.06
ESSENTIA,1.32,2026-07-01,-0.75,-6.38,-23.26,10.0,-13.73,-40.54
GSLSU,39.99,2026-07-01,-7.06,-8.82,-23.42,-14.15,-60.27,-65.12
MCLEODRUSS,58.55,2026-07-01,2.76,-8.08,-23.81,83.77,20.18,73.48
ANSALAPI,2.88,2026-07-01,-2.04,-7.4,-24.21,-4.0,-14.29,-32.55
KSHITIJPOL,3.75,2026-07-01,-9.42,-25.89,-24.4,66.67,44.79,12.28
CRAYONS,28.65,2026-06-30,4.18,-1.21,-24.61,15.76,-26.73,-43.93
RBMINFRA,274.4,2026-06-30,-0.24,-8.93,-24.94,-1.08,-34.18,-42.88
PIONRINV,88.0,2026-07-01,-0.12,-5.99,-25.53,,,
VERITAAS,35.55,2026-06-30,-4.05,-9.31,-25.94,-10.23,-45.22,-49.47
MHLXMIRU,131.45,2026-07-01,19.37,-13.38,-26.67,-20.11,-37.39,-41.78
MVKAGRO,365.6,2026-06-30,-2.47,-10.58,-27.0,-32.55,-52.03,136.86
SWASTIK,16.2,2026-06-30,-4.99,-13.83,-27.03,24.62,-31.06,-51.2
VPRPL,27.36,2026-07-01,-3.9,-11.31,-27.85,-18.67,-45.45,-83.58
KPITTECH,557.55,2026-07-01,-21.71,-26.29,-29.07,-17.31,-51.96,-54.98
TGL,15.55,2026-06-30,-4.89,-18.8,-30.43,-50.87,-79.71,-87.69
AQYLON,41.97,2026-07-01,5.74,-9.0,-31.79,-12.87,-74.5,-95.85
PARSVNATH,2.66,2026-07-01,-3.62,-10.14,-32.32,-56.32,-73.95,-85.81
KANDARP,100.0,2026-06-30,0.0,-9.58,-34.43,-23.08,-30.7,11.23
LEMERITE,22.09,2026-07-01,-4.33,-20.43,-38.89,-75.06,-76.51,-65.04
TECHLABS,112.55,2026-06-30,0.18,-8.83,-40.2,-29.15,-65.81,-79.26
TICL,13.87,2026-07-01,-9.7,-29.09,-40.29,-38.14,-42.73,-47.32
GRMOVER,91.17,2026-07-01,1.18,-2.17,-40.94,-41.22,-43.53,-23.91
VERTEXPLUS,39.35,2026-06-30,0.0,-1.01,-43.38,-54.3,-64.61,-63.26
GICL,18.94,2026-07-01,10.18,-16.67,-54.71,-53.48,-59.87,-84.39
