ticker,last_close,last_date,1W,2W,1M,3M,6M,12M
NV20,11992.2,2026-07-30,85865.59,84530.91,85865.59,83179.17,7642.9,8120.03
VIJIFIN,10.01,2026-07-30,5.93,16.67,66.56,161.36,315.35,169.09
KALYANKJIL,634.6,2026-07-30,12.4,11.33,64.11,53.75,75.47,4.91
SHARDUL,43.69,2026-07-30,-14.22,-18.91,58.47,56.59,,
DIACABS,328.5,2026-07-30,6.94,34.3,56.92,108.17,168.08,100.45
SANGINITA,66.69,2026-07-30,6.09,17.08,54.3,229.66,490.18,560.95
SCANSTL,60.65,2026-07-30,25.65,29.37,52.04,69.89,,
HUHTAMAKI,298.58,2026-07-30,-4.49,19.53,51.43,66.47,67.47,41.11
GSPCROP,586.4,2026-07-30,5.35,19.7,50.22,39.25,,
ASAHISONG,376.1,2026-07-30,10.67,38.83,49.58,52.09,67.94,-3.09
KONSTELEC,62.5,2026-07-29,0.81,-0.4,48.81,40.92,44.51,-1.11
MBAPL,165.85,2026-07-30,1.16,13.95,47.55,57.85,101.87,81.75
CYIENTDLM,678.1,2026-07-30,1.96,13.77,47.32,72.5,81.04,50.72
UNIVASTU,134.92,2026-07-30,8.04,15.15,46.84,95.73,121.8,54.78
MAPMYINDIA,1184.75,2026-07-30,4.65,8.0,46.31,28.82,-10.31,-35.09
ACCORD,202.35,2026-07-29,0.0,0.0,44.64,319.81,633.15,789.45
SUPREMEENG,2.05,2026-07-30,5.13,13.89,44.37,91.59,54.14,44.37
KCPSUGIND,31.85,2026-07-30,-0.72,46.71,44.31,18.98,40.12,-4.61
ECLERX,1910.9,2026-07-30,5.48,1.78,44.23,33.72,-17.83,1.02
CLSL,62.0,2026-07-29,-3.28,3.16,44.19,42.53,19.58,10.71
KCK,18.9,2026-07-29,9.25,12.84,43.73,34.04,-1.56,-56.3
DPABHUSHAN,1341.75,2026-07-30,-5.0,-6.46,43.4,29.58,5.33,-19.43
TBZ,279.57,2026-07-30,-0.23,9.37,43.28,90.94,74.08,51.51
SEL,257.5,2026-07-29,-2.65,10.28,42.27,44.26,28.75,3.62
NILKAMAL,1753.4,2026-07-30,-1.23,18.76,41.41,37.12,28.02,5.28
JUSTDIAL,741.65,2026-07-30,3.19,-0.76,41.28,41.01,10.93,-12.76
TATVA,1680.2,2026-07-30,-6.66,-1.95,40.68,28.16,45.57,47.6
MPSLTD,2650.2,2026-07-30,-1.37,28.55,40.33,59.87,41.81,14.1
UYFINCORP,19.79,2026-07-30,4.82,16.0,40.06,36.11,58.32,11.74
MARC,128.25,2026-07-29,10.99,18.97,39.93,50.53,132.97,
CHAVDA,125.0,2026-07-29,-1.22,4.82,39.9,18.6,10.57,11.61
BLUESTONE,762.6,2026-07-30,-7.08,24.93,39.71,51.23,73.28,
CAPTRUST,17.31,2026-07-30,12.55,23.82,39.26,29.28,18.81,-70.75
SIKKO,5.24,2026-07-30,4.38,8.26,38.26,12.69,25.66,43.58
ELGIRUBCO,61.59,2026-07-30,8.78,5.23,38.0,14.86,49.02,12.39
ONDOOR,267.75,2026-07-29,5.58,17.43,37.84,74.03,127.1,46.31
AEROPLANE,191.52,2026-07-30,1.19,-0.8,37.58,42.39,,
JFLLIFE,12.35,2026-07-29,9.78,12.27,37.22,31.38,18.18,-18.21
CNL,997.15,2026-07-30,-2.23,7.12,36.55,61.98,46.07,51.66
NURECA,322.21,2026-07-30,2.06,14.07,35.72,20.9,15.97,35.21
KABRAEXTRU,365.2,2026-07-30,-9.78,3.85,35.45,46.39,83.4,26.89
ZSARACOM,12299.0,2026-07-30,-0.35,-4.54,34.93,23.76,,
LODHA,1287.15,2026-07-30,7.38,8.31,34.74,43.35,32.49,4.3
SMLMAH,5479.2,2026-07-30,40.36,37.47,34.49,47.86,59.31,63.98
MORARJEE,11.83,2026-07-29,0.0,-4.6,33.98,67.09,72.95,51.47
SIGNORIA,141.75,2026-07-29,5.0,9.04,33.92,120.45,54.5,32.48
CONSOFINVT,298.4,2026-07-30,4.7,5.42,33.75,32.62,81.05,51.23
GANECOS,1204.95,2026-07-30,-0.59,1.08,33.3,14.81,75.85,-18.98
OPTIEMUS,618.85,2026-07-30,1.38,1.95,33.17,48.83,53.87,6.28
CELLPOINT,19.95,2026-07-29,-0.5,30.82,33.0,18.75,20.91,10.83
MASTER,460.0,2026-07-29,4.31,-1.08,32.93,35.98,46.34,21.73
SHALPAINTS,67.24,2026-07-30,-3.35,14.39,32.86,31.53,10.05,-17.23
STALLION,244.25,2026-07-30,-4.4,12.51,32.57,62.79,32.03,99.84
COMSYN,213.71,2026-07-30,22.48,2.08,32.49,38.23,28.14,59.31
SHK,170.01,2026-07-30,14.67,30.59,32.48,16.35,17.93,-32.87
ROXHITECH,49.45,2026-07-29,8.56,24.72,32.4,38.52,43.33,17.6
SWARAJ,364.1,2026-07-29,2.74,1.17,32.21,27.35,35.96,83.47
FILATEX,68.34,2026-07-30,-8.44,-5.7,31.65,49.48,48.69,17.94
3IINFOLTD,22.59,2026-07-30,9.24,20.67,31.57,29.38,50.9,-6.19
WALPAR,34.85,2026-07-29,0.0,0.0,31.51,-5.81,-23.41,-25.77
PFOCUS,290.26,2026-07-30,0.87,2.16,31.33,-6.35,28.64,93.82
IKIO,199.22,2026-07-30,-4.21,-7.07,31.2,26.13,33.3,-0.03
FSL,299.62,2026-07-30,14.26,12.36,31.15,40.05,-4.28,-8.35
SPECTRUM,2440.0,2026-07-30,10.75,26.29,31.13,102.29,82.87,48.53
TFCILTD,101.0,2026-07-30,6.54,22.07,31.05,40.08,54.29,77.0
MENONBE,214.97,2026-07-30,-1.15,3.48,31.02,72.37,91.92,57.6
SHREEJISPG,643.45,2026-07-30,1.93,4.48,30.97,58.88,110.56,
KODYTECH,1401.7,2026-07-29,4.19,13.65,30.9,94.68,88.29,101.63
KRISHANA,180.05,2026-07-30,7.4,23.92,30.85,50.13,85.76,63.23
FERMENTA,465.4,2026-07-30,5.28,4.84,30.8,49.62,,
UNIVPHOTO,474.4,2026-07-30,-3.0,8.2,30.26,-3.28,147.99,77.94
LOTUSDEV,193.24,2026-07-30,2.81,37.06,30.18,35.02,28.88,
ASHIKA,486.0,2026-07-29,13.12,21.59,29.95,23.81,,
CBAZAAR,6.35,2026-07-29,0.0,-1.55,29.59,28.28,73.97,29.59
63MOONS,847.35,2026-07-30,16.27,16.3,29.42,13.49,30.66,-14.75
SSWL,297.19,2026-07-30,1.1,7.55,28.83,39.72,45.58,26.66
SATIPOLY,41.0,2026-07-29,9.33,-0.24,28.73,18.84,5.13,-54.44
ARIHANT,1087.0,2026-07-30,0.52,26.29,28.72,19.36,2641.49,2641.49
COUNCODOS,6.17,2026-07-30,-2.37,-6.52,28.54,20.98,18.88,-8.73
SICALLOG,117.07,2026-07-30,14.86,23.84,28.48,79.72,28.75,8.5
KORE,177.9,2026-07-29,0.4,15.9,28.35,47.15,37.11,38.07
TAALTECH,3960.0,2026-07-30,-0.4,2.84,28.32,34.24,,
HEG,659.25,2026-07-30,1.03,11.56,28.31,11.23,22.32,24.54
JINDWORLD,38.51,2026-07-30,-2.33,22.06,28.28,48.69,52.15,-6.1
SHAREINDIA,171.67,2026-07-30,-8.61,-4.95,28.04,25.25,20.41,-1.81
PERSISTENT,5514.7,2026-07-30,4.68,6.65,27.91,15.29,-8.3,7.58
SRIVASAVI,86.0,2026-07-29,4.62,0.29,27.79,49.96,112.08,25.55
NAUKRI,1244.05,2026-07-30,4.17,4.73,27.6,28.27,0.1,-10.23
HCLTECH,1352.7,2026-07-30,4.38,10.76,27.5,13.96,-17.87,-4.24
MAJESAUT,429.1,2026-07-30,-0.01,1.88,27.18,35.28,,
PICCADIL,719.45,2026-07-30,-4.97,-4.28,27.17,18.48,23.86,15.81
M&MFIN,392.55,2026-07-30,8.14,21.7,27.1,29.19,6.88,55.79
SMVD,14.6,2026-07-29,0.0,0.0,26.41,26.96,56.99,40.38
BLSE,294.72,2026-07-30,2.22,8.01,26.35,49.17,82.71,60.95
SUMIT,52.48,2026-07-30,0.83,5.25,26.28,-2.38,-0.7,-38.28
ASHIKAG,482.0,2026-07-30,12.18,20.59,26.26,21.38,,
KAPSTON,464.0,2026-07-30,0.83,7.35,25.9,35.06,16.92,94.65
LTM,4441.4,2026-07-30,5.98,8.75,25.53,5.42,-24.66,-12.08
APCOTEXIND,637.45,2026-07-30,8.32,15.46,25.51,60.1,74.32,51.68
ZENSARTECH,520.9,2026-07-30,1.07,-1.04,25.45,3.83,-17.94,-33.9
NRL,104.5,2026-07-30,1.36,-5.09,24.85,89.0,95.84,44.46
AEGISVOPAK,292.3,2026-07-30,-3.69,4.01,24.64,54.26,28.97,18.16
IGCL,77.15,2026-07-30,2.63,9.37,24.6,20.77,14.03,-31.03
OCCLLTD,158.12,2026-07-30,3.89,16.49,24.52,59.06,66.32,10.33
LOKESHMACH,338.5,2026-07-30,1.04,0.62,24.4,35.88,93.51,65.38
E2E,492.55,2026-07-30,-9.21,15.85,24.29,70.79,132.07,134.16
GULFPETRO,47.59,2026-07-30,4.73,30.24,24.29,44.78,41.72,13.55
PNGJL,666.15,2026-07-30,-3.32,12.89,24.26,1.9,21.16,13.45
INDORAMA,55.02,2026-07-30,10.62,11.81,24.14,43.43,26.31,4.62
SIGMA,48.3,2026-07-30,27.34,26.74,24.13,8.64,0.42,26.72
RADHIKAJWE,68.51,2026-07-30,0.71,6.0,24.09,6.6,2.56,-34.0
GAUDIUMIVF,140.14,2026-07-30,-5.86,-5.32,24.01,15.37,,
ASHIMASYN,18.33,2026-07-30,1.55,6.45,23.94,14.85,12.11,-27.15
TAC,488.95,2026-07-29,-5.08,1.22,23.78,0.36,-21.52,-45.72
OAL,380.85,2026-07-30,-2.96,8.55,23.69,22.78,32.52,0.96
SWIGGY,295.91,2026-07-30,14.7,9.38,23.63,9.47,-4.47,-26.23
AARNAV,31.13,2026-07-30,-1.58,-1.24,23.63,34.94,,
INVPRECQ,1047.2,2026-07-30,7.85,25.81,23.57,74.61,,
VELJAN,1767.0,2026-07-30,-2.07,3.37,23.43,70.26,,
LANDMARK,539.65,2026-07-30,0.21,0.8,23.31,34.09,38.19,10.6
SONACOMS,763.75,2026-07-30,5.94,6.89,23.21,26.14,54.51,66.59
MEDICO,47.54,2026-07-30,16.66,24.35,23.13,11.91,-6.56,15.11
AKIKO,352.0,2026-07-29,5.07,4.75,23.08,56.34,72.55,228.97
BNALTD,410.9,2026-07-30,-12.0,-22.03,22.64,2.76,,
SENCO,404.85,2026-07-30,-3.13,10.61,22.61,29.3,31.89,32.35
UNIHEALTH,734.95,2026-07-29,-6.52,2.5,22.58,51.91,151.61,334.88
FROG,205.1,2026-07-29,-3.93,11.14,22.41,23.52,43.08,-7.28
RPGLIFE,2778.1,2026-07-30,-5.12,-7.92,22.38,22.25,39.73,16.62
PAUSHAKLTD,605.0,2026-07-30,5.74,7.43,22.3,29.36,21.89,
LAXMIINDIA,120.46,2026-07-30,-6.27,2.3,21.98,7.33,30.91,
RAIN,221.67,2026-07-30,-0.93,4.55,21.92,75.65,43.09,42.29
TECHM,1669.0,2026-07-30,5.97,5.87,21.9,16.21,-1.76,18.25
SPECTSTM,69.0,2026-07-29,9.18,13.11,21.69,6.81,-21.19,-37.13
TVSMOTOR,4208.4,2026-07-30,8.56,17.22,21.61,20.48,14.84,51.17
21STCENMGM,39.39,2026-07-30,4.07,14.57,21.61,7.68,3.66,-34.5
FAIRCHEMOR,813.35,2026-07-30,0.85,16.08,21.52,42.7,25.4,-7.06
CLCIND,56.75,2026-07-29,0.0,5.0,21.49,128.74,-79.73,-79.73
GCSL,522.3,2026-07-30,-1.66,0.56,21.42,44.54,85.7,
ARROWGREEN,725.3,2026-07-30,2.76,8.69,21.34,35.91,69.66,-8.56
SUMICHEM,508.4,2026-07-30,-5.65,-5.97,21.09,21.59,24.41,-21.87
MAHASTEEL,966.25,2026-07-30,25.62,17.93,20.92,13.85,26.95,170.81
MASTEK,1930.2,2026-07-30,11.47,10.66,20.92,13.93,-5.89,-20.95
GATECH,0.58,2026-07-30,18.37,23.4,20.83,18.37,16.0,11.54
AUSOMENT,138.67,2026-07-30,4.15,5.18,20.77,-6.17,17.51,35.29
DEEPINDS,548.8,2026-07-30,6.26,15.28,20.73,13.03,47.59,16.2
ARIS,128.02,2026-07-30,2.6,11.46,20.68,-6.81,16.66,-11.44
CUPID,228.94,2026-07-30,3.38,10.45,20.54,91.45,185.46,661.26
ALGOQUANT,67.61,2026-07-30,-2.44,5.08,20.5,23.85,11.44,
TCS,2431.8,2026-07-30,5.93,8.03,20.36,0.18,-20.67,-17.06
DIXON,14338.0,2026-07-30,3.82,-1.72,20.29,28.4,37.26,-14.44
GNA,530.8,2026-07-30,3.7,4.49,20.29,24.17,48.71,75.48
PAISALO,71.06,2026-07-30,0.88,-0.49,20.24,42.29,107.29,127.03
JSFB,563.35,2026-07-30,4.86,5.97,20.18,22.96,56.64,21.5
JUBLINGREA,728.45,2026-07-30,-2.1,-0.81,20.17,2.4,15.49,-9.49
NIBL,35.91,2026-07-30,-2.71,2.69,20.14,14.51,23.36,56.74
PARASPETRO,2.45,2026-07-30,12.39,22.5,20.1,9.38,-8.58,0.41
BAFNAPH,257.76,2026-07-30,6.11,12.56,20.1,92.36,130.97,192.71
SERVICE,60.0,2026-07-29,-2.91,-4.91,20.0,5.63,44.58,6.67
SKYGOLD,638.25,2026-07-30,-4.97,-3.05,19.85,40.61,110.12,116.28
IIFL,607.85,2026-07-30,6.05,8.99,19.7,32.44,14.97,21.53
EMAMIPAP,104.38,2026-07-30,-7.04,10.36,19.67,32.75,25.05,9.28
DIVISLAB,7835.0,2026-07-30,5.68,7.51,19.58,20.99,30.02,18.31
BECTORFOOD,213.87,2026-07-30,0.93,1.8,19.23,9.0,-3.74,-28.0
COFORGE,1746.9,2026-07-30,14.3,15.89,19.19,46.07,5.63,0.54
UJJIVANSFB,70.33,2026-07-30,-1.73,7.19,19.1,23.65,7.59,61.16
IRISDOREME,49.63,2026-07-30,2.77,7.17,19.1,37.59,53.89,59.27
PPAP,281.77,2026-07-30,-1.97,-2.33,19.04,38.73,43.45,9.24
PRAVEG,285.18,2026-07-30,-5.28,3.53,19.02,-5.1,,
RUBYMILLS,386.7,2026-07-30,-2.73,-1.59,18.98,63.31,98.44,55.31
INDIANHUME,386.65,2026-07-30,-0.09,-4.16,18.94,19.72,2.27,-6.7
DIGITIDE,100.93,2026-07-30,0.21,1.44,18.9,3.72,-12.01,-57.46
DPEL,563.6,2026-07-29,-0.77,-2.82,18.9,19.05,105.88,314.41
BUILDPRO,1212.2,2026-07-30,-0.58,-1.15,18.88,10.03,62.17,
ITBETA,328.39,2026-07-30,6.13,5.97,18.88,6.69,-17.27,-10.25
IL&FSENGG,35.53,2026-07-30,15.73,26.67,18.79,35.1,58.9,2.75
SBIETFIT,346.06,2026-07-30,6.12,7.0,18.72,6.64,-17.29,-10.73
ITDC,696.9,2026-07-30,-5.2,-9.95,18.69,18.82,32.62,17.91
ITADD,33.15,2026-07-30,6.05,7.11,18.65,6.25,-17.06,-10.16
IT,34.63,2026-07-30,5.77,6.72,18.64,6.39,-17.23,-10.28
ADOR,1480.2,2026-07-30,-2.81,1.71,18.63,39.56,44.23,48.84
NEWGEN,552.95,2026-07-30,9.21,-1.16,18.57,10.56,-3.93,-34.42
HDFCNIFIT,33.33,2026-07-30,5.34,6.79,18.57,6.45,-17.46,-10.55
ITBEES,34.62,2026-07-30,5.87,6.92,18.56,6.72,-17.45,-10.7
ITIETF,34.64,2026-07-30,5.84,6.85,18.55,7.05,-17.39,-10.56
PVSL,108.6,2026-07-30,0.32,2.72,18.48,7.1,0.27,-11.51
TGL,19.35,2026-07-29,0.26,-15.13,18.35,-28.86,-66.84,-85.1
THAKDEV,145.5,2026-07-29,-9.63,-0.66,18.29,2.97,,
GANDHAR,216.93,2026-07-30,-11.63,-4.99,18.25,56.37,44.79,30.76
TARSONS,316.45,2026-07-30,-1.39,12.48,18.08,43.89,63.03,-14.25
TIL,241.56,2026-07-30,12.85,9.25,18.0,22.52,2.16,-30.41
GSMFOILS,269.8,2026-07-29,-0.64,-3.18,17.87,30.28,34.46,29.71
RULKA,106.0,2026-07-29,-4.55,-6.19,17.84,-1.76,-0.56,-21.54
ITETF,33.05,2026-07-30,6.07,7.1,17.83,6.82,-17.33,-10.39
TECH,34.17,2026-07-30,5.82,6.88,17.79,6.61,-16.88,-9.63
LXCHEM,182.16,2026-07-30,-5.64,3.35,17.75,26.42,28.69,-8.22
MMFL,535.0,2026-07-30,-4.38,0.24,17.67,9.19,31.91,54.71
PVRINOX,1131.45,2026-07-30,0.73,11.01,17.66,5.85,16.07,14.56
BAJAJ-AUTO,11432.0,2026-07-30,2.22,8.64,17.66,16.0,20.79,44.13
PRECISION,8.0,2026-07-29,0.0,15.11,17.65,0.63,-9.09,-70.75
AMAGI,658.6,2026-07-30,5.37,11.02,17.49,60.79,79.6,
KCEIL,89.75,2026-07-29,-3.13,-0.39,17.4,-31.36,-23.32,-74.95
ETERNAL,310.65,2026-07-30,5.0,8.26,17.4,25.75,13.54,2.37
LAURUSLABS,1781.3,2026-07-30,3.96,14.27,17.39,61.96,84.77,102.46
EXIDEIND,452.7,2026-07-30,6.02,3.68,17.36,26.16,41.44,16.32
MODIS,393.65,2026-07-30,1.34,7.25,17.35,-0.39,20.84,
SGMART,692.1,2026-07-30,-3.96,2.1,17.12,21.21,90.9,
ATALREAL,33.0,2026-07-30,4.63,8.62,17.06,24.2,22.22,69.06
PPLPHARMA,196.72,2026-07-30,2.43,9.98,17.03,21.53,27.18,-2.31
SONATSOFTW,308.9,2026-07-30,5.3,-0.29,16.99,22.78,-0.89,-23.5
JLHL,332.4,2026-07-30,1.65,6.67,16.97,35.68,23.1,15.55
ANANTRAJ,609.6,2026-07-30,-1.18,1.46,16.95,25.2,20.88,5.14
VERTEXPLUS,46.0,2026-07-29,-4.76,-4.76,16.9,-48.31,-49.45,-65.82
PAYTM,1332.5,2026-07-30,3.34,-1.11,16.73,21.6,17.14,24.74
SAGILITY,45.98,2026-07-30,6.21,11.3,16.7,10.16,-7.91,8.58
BLUEJET,612.45,2026-07-30,6.32,3.89,16.61,37.77,46.61,-22.96
NBIFIN,2202.4,2026-07-30,-0.9,4.57,16.55,7.56,9.53,-21.71
CENTENKA,606.0,2026-07-30,4.88,10.3,16.53,43.91,40.07,18.7
TMB,851.75,2026-07-30,-4.69,5.67,16.13,17.06,42.12,92.87
SMCGLOBAL,81.54,2026-07-30,6.85,1.24,16.09,21.54,7.81,15.23
KECL,136.17,2026-07-30,-0.84,11.95,16.09,6.52,62.61,5.04
MHLXMIRU,140.57,2026-07-30,-0.06,2.58,16.05,-23.69,-32.72,-36.26
KAYNES,3621.5,2026-07-30,13.84,8.79,16.0,-10.46,4.2,-35.77
POLYPLEX,1103.45,2026-07-30,-5.03,2.61,15.96,16.62,30.18,-0.13
EASTSILK,56.81,2026-07-30,3.29,16.87,15.94,-3.87,-18.44,3056.11
INDNIPPON,1160.6,2026-07-30,-3.19,-4.04,15.9,46.53,67.62,53.58
VINSYS,530.0,2026-07-29,1.24,4.77,15.88,71.52,42.76,50.57
KARURVYSYA,340.3,2026-07-30,0.19,13.94,15.82,16.85,13.78,60.58
TIMETECHNO,208.36,2026-07-30,0.78,-2.23,15.78,7.95,15.77,-11.28
QUESS,309.7,2026-07-30,4.72,5.0,15.73,58.77,54.39,10.24
ORIENTLTD,79.42,2026-07-30,-19.32,12.72,15.65,16.71,24.02,-7.0
TIPSFILMS,387.3,2026-07-30,2.66,18.82,15.56,2.28,10.06,-21.29
SCPL,551.15,2026-07-30,-8.03,14.04,15.55,43.9,78.71,85.54
FONEBOX,83.75,2026-07-29,2.13,9.26,15.52,26.42,4.69,-7.97
VADILALIND,7263.5,2026-07-30,7.42,6.97,15.51,54.65,65.81,37.67
INFY,1155.1,2026-07-30,7.03,6.26,15.46,-0.14,-28.09,-21.12
JGCHEM,491.65,2026-07-30,-3.17,0.5,15.45,21.64,54.78,-2.16
RSDFIN,92.29,2026-07-30,12.55,4.42,15.36,9.41,,
OMFURN,62.35,2026-07-29,10.16,11.34,15.36,2.21,-3.18,-34.88
WEL,117.75,2026-07-30,7.07,15.5,15.28,11.52,-15.1,-26.64
NUVOCO,349.2,2026-07-30,-0.56,0.95,15.23,17.69,0.42,-17.83
MUTHOOTMF,246.88,2026-07-30,-3.2,-2.53,15.17,28.33,38.52,49.14
SMARTLINK,204.93,2026-07-30,-2.69,-4.78,15.12,57.0,62.86,38.41
BANARBEADS,115.89,2026-07-30,-3.07,-1.55,15.07,2.88,2.82,-1.52
REDINGTON,310.95,2026-07-30,11.79,15.38,15.06,47.21,17.07,19.71
VAIBHAVGBL,263.6,2026-07-30,-0.52,3.41,14.98,22.13,19.31,14.98
RHETAN,30.26,2026-07-30,4.17,6.25,14.97,2.09,16.47,
VINEETLAB,38.86,2026-07-30,-0.03,3.49,14.94,2.1,18.55,25.19
PGEL,613.0,2026-07-30,5.74,-1.27,14.92,14.79,11.92,-23.86
HESTERBIO,2478.2,2026-07-30,-1.99,-1.79,14.92,52.3,67.74,32.65
ARENTERP,40.5,2026-07-30,-1.46,16.58,14.89,4.25,2.48,-15.22
MVGJL,167.23,2026-07-30,0.06,6.33,14.89,-3.57,-1.71,-18.72
MONARCH,386.2,2026-07-30,-2.87,7.92,14.68,30.57,29.49,5.16
PDMJEPAPER,96.56,2026-07-30,0.85,13.84,14.68,13.91,14.45,-16.43
LATENTVIEW,310.45,2026-07-30,-1.08,-0.08,14.64,6.19,-23.74,-24.39
GHCLTEXTIL,114.12,2026-07-30,-1.75,-0.04,14.54,28.94,50.56,27.75
SOTL,588.1,2026-07-30,-9.43,-0.26,14.53,62.5,68.58,46.16
BEPL,111.81,2026-07-30,-2.36,-11.76,14.52,18.44,39.5,8.19
MANOMAY,208.92,2026-07-30,1.19,6.45,14.45,-11.19,-7.98,28.01
SINTERCOM,83.62,2026-07-30,2.77,2.06,14.44,14.61,-10.75,-34.68
NITIRAJ,213.42,2026-07-30,-2.53,-4.18,14.44,1.47,19.97,9.38
LALPATHLAB,1878.8,2026-07-30,3.1,11.25,14.43,38.12,34.31,22.67
INDIAGLYCO,1128.35,2026-07-30,-4.74,-1.3,14.4,8.28,29.51,32.56
UNITDSPR,1531.9,2026-07-30,3.37,9.79,14.31,16.45,13.29,18.56
AFFLE,1622.7,2026-07-30,8.7,6.88,14.31,14.14,4.88,-18.18
SUDARSCHEM,1008.1,2026-07-30,-4.57,-4.41,14.3,10.25,11.68,-28.81
PCCL,277.15,2026-07-29,3.03,7.44,14.29,-3.26,7.84,55.75
ARTEMISMED,302.15,2026-07-30,8.49,11.6,14.23,23.97,22.06,26.21
XTGLOBAL,32.03,2026-07-30,12.82,14.39,14.19,-0.96,18.63,-4.75
RITCO,293.05,2026-07-30,-0.69,5.58,14.18,34.37,22.26,1.77
ARISTO,109.25,2026-07-29,0.0,-5.0,14.16,-5.82,5.05,-8.58
ABAN,15.04,2026-07-30,0.53,0.33,14.11,-16.68,-29.46,-66.31
GATECHDVR,0.49,2026-07-30,11.36,13.95,13.95,6.52,11.36,-7.55
PRITIKAUTO,17.65,2026-07-30,-1.73,-1.89,13.94,32.11,35.25,-1.51
SIGNPOST,311.2,2026-07-30,1.82,-2.72,13.85,21.92,49.72,31.19
PANSARI,329.85,2026-07-30,-3.06,-7.5,13.8,10.21,13.96,38.65
RAMRAT,460.25,2026-07-30,8.22,8.76,13.79,4.22,57.72,21.19
INSPIRE,9.5,2026-07-29,0.0,15.15,13.77,-13.64,-7.77,-52.97
KAMDHENU,34.06,2026-07-30,-7.34,1.19,13.68,47.32,59.08,17.32
GODREJPROP,2110.9,2026-07-30,2.03,0.11,13.63,15.58,34.52,-0.39
MANAPPURAM,368.35,2026-07-30,2.36,9.27,13.62,25.34,29.83,44.6
KISSHT,317.55,2026-07-30,-7.22,0.27,13.61,,,
UTLSOLAR,367.05,2026-07-30,-4.51,-2.54,13.6,23.83,84.23,
DURLAX,55.25,2026-07-29,7.28,18.95,13.57,11.39,46.16,25.57
ARKADE,140.95,2026-07-30,4.73,2.09,13.55,19.59,23.39,-26.15
MOL,55.3,2026-07-30,-0.56,9.01,13.55,13.02,-8.02,-45.12
UNICHEMLAB,523.7,2026-07-30,-3.01,-12.07,13.43,34.25,39.9,-15.51
EXPLEOSOL,906.6,2026-07-30,11.65,9.94,13.42,11.33,-0.19,-26.39
VERA,78.25,2026-07-29,0.0,19.28,13.41,13.41,11.95,15.07
SATIA,61.78,2026-07-30,-0.56,3.9,13.36,-9.11,2.98,-26.24
LTTS,3559.1,2026-07-30,1.74,6.26,13.35,-0.75,-3.32,-16.12
ARIHANTCAP,77.34,2026-07-30,-0.92,2.38,13.3,10.31,-3.79,-23.39
DBCORP,211.02,2026-07-30,1.31,0.76,13.27,-0.26,-10.57,-18.7
GRETEX,300.0,2026-07-29,0.0,-1.32,13.21,3.81,45.63,36.36
PIONEEREMB,25.7,2026-07-30,11.55,10.78,13.17,-7.19,0.47,-36.9
MOLDTECH,152.99,2026-07-30,7.44,22.11,13.15,20.12,19.07,0.25
SANGAMIND,615.65,2026-07-30,0.51,-0.88,13.12,19.34,35.88,39.34
ASKAUTOLTD,508.0,2026-07-30,-1.24,6.42,13.08,15.47,13.91,-1.49
PRICOLLTD,681.05,2026-07-30,2.36,10.99,13.07,18.91,24.03,55.91
UFLEX,474.6,2026-07-30,-0.39,8.49,13.03,7.32,3.65,-19.43
BUTTERFLY,722.3,2026-07-30,-5.72,-4.73,12.97,20.65,18.8,-2.29
TECHLABS,126.9,2026-07-29,-0.86,-10.82,12.95,-41.22,-46.62,-73.9
RADIOCITY,6.9,2026-07-30,4.86,15.77,12.93,14.05,14.43,-22.03
BRIGADE,565.1,2026-07-30,3.98,0.23,12.87,-4.62,0.16,-23.48
GPTHEALTH,166.04,2026-07-30,0.94,12.41,12.82,21.03,28.69,-2.34
PARADEEP,153.38,2026-07-30,13.92,10.96,12.75,18.94,10.35,-26.1
SHIVATEX,164.43,2026-07-30,6.26,12.21,12.74,-5.23,-0.43,-17.24
HEROMOTOCO,5325.0,2026-07-30,4.13,8.55,12.7,5.97,-0.46,29.58
SPORTKING,196.36,2026-07-30,-8.91,-0.6,12.68,33.14,117.89,62.71
HTMEDIA,24.53,2026-07-30,-0.12,-6.77,12.68,11.0,10.05,2.76
HAPPSTMNDS,380.45,2026-07-30,-1.87,-0.52,12.63,2.96,-7.08,-37.92
COSMOFIRST,883.1,2026-07-30,-2.87,6.54,12.58,24.33,49.01,-13.81
AVADHSUGAR,511.9,2026-07-30,-4.09,-3.67,12.53,6.19,57.28,12.31
MUTHOOTCAP,228.51,2026-07-30,6.24,6.36,12.52,11.96,-0.26,-25.82
PUNJABCHEM,1205.6,2026-07-30,4.28,5.44,12.37,2.61,-0.25,-17.87
GANESHBE,116.01,2026-07-30,3.26,8.4,12.36,15.79,59.57,24.62
GABRIEL,1392.0,2026-07-30,-3.19,-0.43,12.32,35.73,49.13,33.15
SOMATEX,98.67,2026-07-30,-0.86,-2.88,12.23,-9.04,-13.73,4.68
ASIANTILES,60.71,2026-07-30,13.65,31.12,12.22,-6.61,-12.65,3.23
HIRECT,1300.4,2026-07-30,-2.39,3.86,12.18,38.09,107.67,33.29
FINOPB,160.74,2026-07-30,-3.44,-4.6,12.18,27.35,-25.67,-38.13
RSYSTEMS,263.47,2026-07-30,4.2,5.21,12.16,0.13,-29.15,-35.62
SHIVAMAUTO,18.0,2026-07-30,3.45,5.39,12.15,-6.1,-15.29,-39.98
HSCL,760.5,2026-07-30,-3.79,-1.22,11.97,25.3,65.28,59.02
TNIDETF,88.95,2026-07-30,3.94,4.3,11.96,10.15,-5.5,-3.38
MRPL,166.84,2026-07-30,2.8,-2.39,11.94,-0.42,-3.5,31.18
ARMANFIN,1896.2,2026-07-30,-4.88,-2.44,11.94,26.99,17.16,15.92
AARON,131.28,2026-07-30,-7.52,13.19,11.9,-5.13,-14.07,-40.13
TANLA,593.05,2026-07-30,1.01,3.52,11.88,15.84,17.3,-5.18
EICHERMOT,7912.5,2026-07-30,1.84,4.61,11.86,11.3,11.09,46.23
HEXT,575.55,2026-07-30,2.24,3.58,11.79,31.0,-15.93,-16.99
BODALCHEM,69.81,2026-07-30,3.27,6.05,11.61,2.57,45.01,-9.57
ANSALAPI,3.27,2026-07-30,5.83,15.55,11.6,-13.49,11.99,-39.33
BHARTIHEXA,1654.0,2026-07-30,2.46,2.28,11.53,9.0,7.07,-8.09
KAYA,277.34,2026-07-30,-1.73,11.68,11.52,6.69,-17.05,-34.59
SILVERTUC,206.8,2026-07-30,2.16,6.47,11.48,26.55,49.51,-73.08
GODREJIND,1309.4,2026-07-30,-1.76,-4.06,11.47,36.53,34.42,15.04
MPHASIS,2346.7,2026-07-30,0.6,-2.76,11.47,5.84,-12.66,-14.14
SWASTIK,19.0,2026-07-29,0.0,3.83,11.44,-12.44,0.0,-40.44
LAGNAM,88.78,2026-07-30,-1.77,-0.13,11.42,7.44,32.45,-10.79
STYL,345.3,2026-07-30,-3.92,-7.66,11.41,42.75,38.56,
MADHUSUDAN,239.15,2026-07-29,0.63,3.51,11.36,54.79,79.81,74.88
JITFINFRA,344.95,2026-07-30,-1.54,-10.65,11.36,14.98,19.71,-2.97
QMSMEDI,113.43,2026-07-30,1.16,4.87,11.32,26.03,28.17,44.98
LLOYDSME,2015.1,2026-07-30,0.01,5.62,11.31,14.28,82.67,32.81
COMFINTE,6.5,2026-07-30,20.37,17.12,11.3,-10.96,,
QFIL,62.8,2026-07-29,0.0,4.67,11.25,57.39,8.28,-10.03
ADANIENSOL,1659.0,2026-07-30,-2.6,-4.08,11.24,23.6,85.4,101.36
ALMONDZ,14.35,2026-07-30,10.55,10.05,11.24,-12.92,-1.78,-33.53
TCL,110.0,2026-07-29,0.69,-12.0,11.17,3.77,23.8,5.52
TRANSPEK,1101.1,2026-07-30,-0.83,6.54,11.15,-6.49,,
MAGADSUGAR,500.5,2026-07-30,2.34,1.32,11.12,-3.13,18.09,-8.19
ADVANCE,119.4,2026-07-30,5.11,5.57,10.97,7.65,-10.35,
SIGACHI,26.44,2026-07-30,1.93,3.61,10.95,30.89,33.0,-30.59
HLEGLAS,424.45,2026-07-30,1.31,1.3,10.95,32.5,11.36,-1.02
RADICO,4366.6,2026-07-30,5.23,5.9,10.92,27.85,54.74,61.39
MARALOVER,61.43,2026-07-30,4.65,11.69,10.9,37.06,57.59,-17.74
RKFORGE,626.4,2026-07-30,0.15,11.43,10.89,4.87,22.76,4.92
SBICARD,657.8,2026-07-30,1.98,1.99,10.89,2.16,-12.4,-18.98
FLUOROCHEM,4395.0,2026-07-30,-3.69,1.83,10.87,22.02,43.93,22.35
ABBOTINDIA,27555.0,2026-07-30,-0.88,-0.27,10.85,10.87,2.3,-19.88
SWANDEF,2435.0,2026-07-30,0.18,7.65,10.83,32.51,33.89,657.25
MATRIMONY,437.25,2026-07-30,1.85,-0.56,10.74,3.91,-15.48,-16.92
BALAMINES,2243.4,2026-07-30,-1.81,-1.42,10.74,69.05,101.84,31.41
HOMESFY,122.85,2026-07-29,0.0,0.0,10.68,-16.46,-24.38,-56.65
WIPRO,186.33,2026-07-30,4.37,6.85,10.6,-6.08,-20.45,-22.73
PAR,99.3,2026-07-30,5.25,-3.19,10.59,9.33,10.85,-4.23
BHARATSE,208.57,2026-07-30,-1.55,-5.67,10.56,12.1,45.94,82.19
BALPHARMA,87.9,2026-07-30,-0.82,-3.06,10.5,15.34,31.67,-8.26
CONCOR,525.15,2026-07-30,2.87,5.24,10.5,3.2,5.26,-8.93
TITAN,4850.0,2026-07-30,2.32,4.45,10.49,10.96,22.34,44.11
KMEW,2529.0,2026-07-30,4.17,3.42,10.35,42.93,41.64,197.46
TTKHLTCARE,1000.95,2026-07-30,-8.07,-1.47,10.35,11.84,4.47,-19.45
INDOBORAX,383.3,2026-07-30,-5.73,-13.09,10.34,50.59,69.5,60.19
DSFCL,26.03,2026-07-30,-4.93,2.04,10.3,1.38,,
HINDCON,23.16,2026-07-30,11.51,7.97,10.29,-0.3,4.51,-33.64
JINDRILL,600.55,2026-07-30,1.04,-0.14,10.25,11.36,25.1,-5.46
ASTRAL,1471.9,2026-07-30,0.42,5.43,10.21,-3.78,-0.32,3.16
VIVO,85.25,2026-07-29,10.21,10.21,10.21,12.17,12.17,33.2
RSL,142.01,2026-07-30,5.72,10.93,10.07,2.62,,
HMVL,95.08,2026-07-30,-0.18,3.78,10.07,44.02,33.73,6.44
VRLLOG,259.1,2026-07-30,-1.39,12.87,10.06,2.34,-2.4,-13.76
SIGNATURE,813.45,2026-07-30,2.86,1.76,10.06,-6.42,-9.74,-27.97
WELINV,1879.9,2026-07-30,-2.69,3.05,10.03,26.12,52.02,82.92
EQUIPPP,22.61,2026-07-30,-9.67,-7.34,10.02,28.76,28.47,13.56
HDFCGROWTH,121.91,2026-07-30,3.35,4.86,10.01,6.42,-2.11,2.82
SHIVAUM,431.0,2026-07-30,10.98,6.42,10.01,21.41,33.44,42.72
YASHO,3215.6,2026-07-30,3.99,4.71,9.99,114.61,163.55,63.33
MACPOWER,1481.2,2026-07-30,12.36,13.74,9.97,31.36,75.83,48.28
AZAD,2259.6,2026-07-30,-7.45,-3.67,9.94,4.37,53.31,49.96
PFIZER,4801.3,2026-07-30,2.32,4.88,9.91,3.58,6.92,-7.25
EPACKPEB,268.08,2026-07-30,5.05,8.38,9.9,33.89,29.73,
TIRUPATIFL,70.41,2026-07-30,-6.51,0.64,9.9,58.72,107.82,80.86
NOVARTIND,1575.5,2026-07-30,-3.4,-5.54,9.84,52.89,134.36,134.36
RADAAN,3.24,2026-07-30,16.13,10.2,9.83,0.0,7.28,-19.0
TATATECH,751.35,2026-07-30,5.33,0.35,9.83,31.23,18.1,7.55
GOODYEAR,829.3,2026-07-30,1.34,0.99,9.78,6.28,-34.89,-34.89
XCHANGING,67.08,2026-07-30,4.5,3.41,9.75,0.74,-6.22,-25.42
PNGSREVA,432.9,2026-07-30,4.54,7.91,9.72,2.28,,
GRAPHITE,665.7,2026-07-30,0.46,4.51,9.72,-4.82,9.02,21.33
AETHER,1490.8,2026-07-30,0.72,2.77,9.69,27.22,48.78,94.08
RAJRATAN,482.05,2026-07-30,-4.45,-0.32,9.65,8.92,18.88,24.16
UNIPARTS,738.2,2026-07-30,4.74,6.76,9.59,38.15,73.05,122.52
OIL,456.9,2026-07-30,3.37,0.74,9.58,-6.91,-9.05,5.53
TVSHLTD,14987.0,2026-07-30,1.99,6.81,9.57,5.11,0.13,29.66
SUPREMEIND,3459.9,2026-07-30,3.65,0.68,9.57,-3.82,-0.83,-18.34
AJOONI,4.02,2026-07-30,1.26,-4.29,9.54,-4.29,3.34,-27.57
SULA,167.87,2026-07-30,11.28,11.91,9.53,-2.36,-7.2,-41.54
SALSTEEL,59.49,2026-07-30,-0.08,14.03,9.52,0.97,53.01,279.4
ORIENTTECH,270.34,2026-07-30,-3.16,1.1,9.52,-0.97,-17.78,-5.92
FIVESTAR,553.0,2026-07-30,2.36,-3.07,9.48,15.32,21.29,-9.11
AILIMITED,37.55,2026-07-29,-4.94,-5.53,9.48,-9.3,43.32,-37.0
SHANKARA,139.31,2026-07-30,-1.11,0.66,9.47,14.6,35.3,-87.3
INDUSINDBK,1011.45,2026-07-30,0.48,-2.07,9.44,10.59,13.06,26.34
TINNARUBR,1042.15,2026-07-30,-8.53,-12.42,9.44,44.8,67.23,14.46
MADHAVBAUG,191.9,2026-07-29,0.0,-7.29,9.41,-20.6,-17.92,-9.29
MUNJALAU,101.44,2026-07-30,-3.3,-0.92,9.38,25.56,41.12,32.06
LENSKART,563.2,2026-07-30,-1.54,3.97,9.37,9.16,23.14,
EXCELINDUS,994.95,2026-07-30,1.3,10.57,9.37,4.17,5.56,-27.73
ASIANENE,392.25,2026-07-30,2.2,10.31,9.37,23.44,53.1,22.18
VMARCIND,281.8,2026-07-29,1.0,-1.12,9.32,-71.76,-47.8,-37.08
RSWM,210.54,2026-07-30,-1.46,-0.85,9.31,27.93,50.99,27.96
AARTIDRUGS,412.8,2026-07-30,0.45,-1.24,9.24,9.7,8.91,-20.53
IMFA,1382.7,2026-07-30,0.79,2.66,9.22,-7.98,18.61,88.15
SHOPERSTOP,390.1,2026-07-30,1.1,-0.56,9.21,31.39,6.47,-26.07
NILE,1880.1,2026-07-30,-0.9,0.99,9.19,12.75,,
OMNI,585.6,2026-07-30,-5.5,5.7,9.18,61.14,,
GRPLTD,2060.4,2026-07-30,1.94,8.66,9.18,8.77,18.29,-6.52
IFGLEXPOR,194.77,2026-07-30,-1.96,-5.29,9.17,3.74,7.08,-17.44
IMPEXFERRO,2.5,2026-07-29,0.0,4.6,9.17,48.81,47.06,21.95
SHINDL,162.21,2026-07-30,2.04,0.58,9.14,9.27,,
QUINTEGRA,1.44,2026-07-29,0.0,3.6,9.09,1.41,6.67,-24.21
INM,180.0,2026-07-29,0.0,7.75,9.09,7.69,-7.43,-63.91
SKIL,0.96,2026-07-29,0.0,4.35,9.09,4.35,-27.82,-53.62
MAHKTECH,23.29,2026-07-30,-0.09,-0.56,9.04,-0.47,-14.15,-0.3
DENTALKART,413.05,2026-07-29,-4.3,-1.71,9.03,-8.16,-32.1,-33.08
VIDHIING,309.9,2026-07-30,-1.67,1.22,8.93,3.11,-2.12,-24.4
ESAFSFB,36.48,2026-07-30,-4.73,3.02,8.9,38.18,24.42,15.96
GROWWNET,10.08,2026-07-30,2.44,1.72,8.86,12.25,5.77,
HAVELLS,1261.7,2026-07-30,1.96,5.12,8.83,2.21,-1.32,-16.76
RPSGVENT,924.25,2026-07-30,2.84,1.7,8.81,9.06,27.65,-7.21
ATHERENERG,1240.9,2026-07-30,2.14,-4.3,8.8,32.74,99.74,258.85
AVONMORE,11.15,2026-07-30,20.02,14.24,8.78,-9.79,-26.21,-40.41
DALMIASUG,352.75,2026-07-30,-1.6,-2.72,8.77,-10.86,30.37,-3.87
GUJALKALI,668.3,2026-07-30,-3.72,10.31,8.76,-16.56,46.57,19.62
WELCORP,1655.0,2026-07-30,3.45,2.43,8.75,31.08,127.7,76.35
NESTLEIND,1520.7,2026-07-30,5.16,5.14,8.74,4.76,15.3,37.69
AIMTRON,1361.0,2026-07-29,1.62,1.3,8.72,25.56,88.91,80.9
PIIND,2777.3,2026-07-30,1.27,4.51,8.7,-9.08,-12.94,-35.51
GLOBALPET,159.75,2026-07-29,-0.16,5.79,8.67,36.54,38.91,15.76
SADBHAV,9.55,2026-07-30,14.92,18.49,8.65,-0.52,49.22,-20.48
LEXUS,15.02,2026-07-30,0.33,-5.89,8.6,-14.46,-38.09,-53.5
GOKULAGRO,225.15,2026-07-30,6.43,6.57,8.6,-3.29,39.04,45.96
KANPRPLA,210.84,2026-07-30,-6.1,3.36,8.58,0.32,22.42,3.23
BSOFT,306.3,2026-07-30,4.38,5.13,8.57,-15.87,-25.65,-24.58
TPLPLASTEH,79.41,2026-07-30,1.37,-4.24,8.56,15.86,30.03,3.96
ABMINTLLTD,44.51,2026-07-30,-0.27,3.95,8.56,1.71,26.56,-25.07
A2ZINFRA,14.58,2026-07-30,18.15,15.9,8.56,-13.73,3.18,-33.03
GOLDIAM,361.5,2026-07-30,1.62,5.1,8.52,27.82,56.0,44.57
PREMIERPOL,73.53,2026-07-30,-1.28,-0.62,8.48,36.24,48.64,42.73
INTERNET,13.63,2026-07-30,2.79,1.49,8.43,12.61,6.0,
CLEDUCATE,55.26,2026-07-30,-4.49,-4.72,8.42,18.76,-25.34,-39.26
PGINVIT,101.67,2026-07-29,0.34,3.2,8.41,12.79,17.45,26.47
ZEEL,112.21,2026-07-30,3.08,4.54,8.4,25.04,32.98,-1.8
MAHLOG,402.65,2026-07-30,-3.93,2.44,8.39,0.43,12.35,15.8
GROWWRLTY,10.08,2026-07-30,-0.4,-1.95,8.39,12.63,14.96,
KOTHARIPET,134.25,2026-07-30,-1.34,3.18,8.37,1.35,13.98,-16.26
SUPRAJIT,499.45,2026-07-30,1.64,1.69,8.36,20.31,11.25,9.43
CREDITACC,1614.0,2026-07-30,1.44,7.74,8.36,24.14,21.67,30.18
ARE&M,906.85,2026-07-30,3.76,0.11,8.35,4.31,8.68,-5.86
KFINTECH,940.5,2026-07-30,-0.92,6.66,8.35,6.42,-5.99,-13.49
MOREALTY,89.66,2026-07-30,-0.8,-2.2,8.35,12.85,14.55,-2.51
METROPOLIS,585.2,2026-07-30,1.36,2.0,8.34,23.05,25.22,16.34
HAPPYFORGE,1661.6,2026-07-30,0.66,3.33,8.32,23.57,56.59,76.03
CRISIL,4406.8,2026-07-30,-1.77,4.33,8.29,2.99,-4.4,-14.31
RADIOWALLA,28.15,2026-07-29,-0.35,-4.25,8.27,-22.24,-49.1,-54.15
LTFOODS,397.1,2026-07-30,5.5,3.05,8.2,-7.79,6.8,-20.2
POONAWALLA,476.9,2026-07-30,2.54,2.07,8.13,14.31,19.52,15.19
MASTERTR,81.41,2026-07-30,-3.24,-5.58,8.13,-0.65,-19.08,-51.0
M&M,3283.7,2026-07-30,1.39,3.73,8.13,7.12,-3.31,3.41
MANAKCOAT,122.09,2026-07-30,-3.19,-4.87,8.11,12.12,-4.27,-24.71
JAYAGROGN,220.39,2026-07-30,-5.28,-2.44,8.06,11.88,20.77,-11.04
EUROPRATIK,304.25,2026-07-30,-3.29,-1.28,8.04,13.23,38.92,
NITTAGELA,1832.5,2026-07-30,-3.8,-1.35,8.04,87.39,,
SAPPHIRE,195.25,2026-07-30,4.36,7.78,8.03,-5.04,3.01,-39.2
CTE,33.96,2026-07-30,6.26,10.26,8.02,2.01,-1.25,-21.04
INDSWFTLAB,219.82,2026-07-30,-8.37,-6.06,8.0,59.82,93.83,109.01
SIGMAADV,599.4,2026-07-30,9.15,12.37,7.98,108.39,252.03,437.96
AISL,59.25,2026-07-29,-0.42,5.9,7.83,4.22,-25.0,-36.05
UNOMINDA,1172.8,2026-07-30,0.89,1.59,7.81,5.58,-0.58,9.88
MEDANTA,1416.4,2026-07-30,0.65,6.38,7.81,26.78,34.41,8.47
JKPAPER,378.35,2026-07-30,-8.73,1.72,7.81,5.02,15.72,8.4
STARPAPER,148.59,2026-07-30,-1.29,1.04,7.81,6.21,3.35,-13.83
SHYAMMETL,1022.3,2026-07-30,-1.24,-2.93,7.8,17.2,19.6,4.15
RAINBOW,1520.6,2026-07-30,2.5,2.14,7.78,21.71,33.92,0.46
INFOBEAN,170.1,2026-07-30,8.25,0.35,7.78,-5.48,-15.75,11.29
3MINDIA,34940.0,2026-07-30,-0.72,-0.85,7.74,6.44,3.07,14.51
WINSOME,2.51,2026-07-30,5.02,11.56,7.73,33.51,50.3,38.67
SUNPHARMA,2001.1,2026-07-30,1.39,2.28,7.72,10.95,26.58,16.47
PRUDENT,3221.4,2026-07-30,12.24,13.8,7.72,14.13,34.56,5.3
BORANA,324.25,2026-07-30,-1.16,-2.35,7.72,-6.62,-15.6,46.14
MARCO,32.9,2026-07-29,0.0,0.3,7.69,-17.75,15.44,-23.22
JBCHEPHARM,2408.9,2026-07-23,0.0,-2.08,7.68,20.26,31.92,44.73
TTKPRESTIG,656.6,2026-07-30,1.27,-0.26,7.67,31.45,12.57,5.85
THYROCARE,591.45,2026-07-30,1.27,6.47,7.67,49.67,42.65,39.01
AUTOIND,87.69,2026-07-30,-2.16,-1.39,7.6,36.84,14.99,17.72
KIRIINDUS,410.4,2026-07-30,-0.1,0.53,7.59,-0.21,-11.47,-26.86
BESTAGRO,16.6,2026-07-30,4.34,7.37,7.58,-7.57,-12.4,-45.81
NAHARPOLY,271.1,2026-07-30,-3.02,3.47,7.54,7.35,16.11,-12.11
SYNOPTICS,74.2,2026-07-29,-4.99,-2.82,7.54,20.65,48.4,-25.65
NAHARSPING,277.75,2026-07-30,-0.68,-0.98,7.51,14.44,66.32,6.07
SIL,16.77,2026-07-30,3.39,3.14,7.5,11.58,20.45,-11.99
SAHYADRI,303.9,2026-07-30,3.99,7.37,7.5,18.74,21.83,0.77
MAXIND,170.25,2026-07-30,-7.95,3.9,7.49,9.6,5.94,-19.89
WORTHPERI,144.65,2026-07-30,0.94,-1.81,7.47,9.04,6.54,-6.45
COMMITTED,344.95,2026-07-29,4.53,4.98,7.46,28.23,67.74,59.33
ACI,561.2,2026-07-30,-2.7,-1.01,7.45,-7.15,-0.39,-13.59
BALRAMCHIN,596.3,2026-07-30,-2.51,-0.62,7.45,14.44,41.86,1.6
ULTRACEMCO,11847.0,2026-07-30,1.75,1.56,7.43,4.34,-4.77,-1.46
UBL,1436.1,2026-07-30,0.52,6.31,7.41,-1.54,-2.21,-26.03
MENNPIS,72.34,2026-07-30,-0.73,4.48,7.38,26.65,,
VSSL,300.1,2026-07-30,0.94,-2.82,7.37,7.68,17.41,13.19
NYKAA,333.75,2026-07-30,2.14,3.17,7.37,26.06,40.53,56.07
FIDEL,164.0,2026-07-29,0.0,8.43,7.35,-3.57,26.02,-6.52
BRITANNIA,5524.5,2026-07-30,2.6,1.0,7.34,-3.52,-5.73,-2.61
FEDERALBNK,354.15,2026-07-30,-0.66,0.97,7.3,23.42,23.08,74.07
AFFORDABLE,181.6,2026-07-30,-1.37,-5.14,7.3,1.9,7.4,-55.85
AJAXENGG,581.25,2026-07-30,2.54,-2.12,7.29,10.91,12.06,-13.65
MERCURYEV,35.72,2026-07-30,-0.56,1.13,7.27,,,
BAJAJFINSV,1909.4,2026-07-30,-0.19,2.57,7.26,9.38,-2.13,-2.49
SVLL,735.0,2026-07-30,-3.03,-6.08,7.24,22.99,16.23,-5.68
RCDL,27.5,2026-07-29,14.58,9.56,7.21,14.58,20.09,26.58
MAHICKRA,266.6,2026-07-29,0.6,8.48,7.15,15.99,48.87,91.23
LLOYDSENT,79.04,2026-07-30,-3.18,-3.88,7.14,15.45,36.02,-2.42
ATULAUTO,516.0,2026-07-30,7.0,7.29,7.1,5.67,28.63,14.62
CHENNPETRO,1238.2,2026-07-30,5.94,1.99,7.08,9.74,44.1,79.76
RISHABH,610.5,2026-07-30,-2.27,-6.8,7.06,29.78,65.5,109.85
SHARIABEES,474.29,2026-07-30,3.02,3.29,7.05,1.93,-7.8,-4.04
URBAN,132.45,2026-07-29,-0.53,6.09,7.03,-5.22,-4.02,-23.24
ALLDIGI,855.1,2026-07-30,-1.94,2.06,7.03,2.67,-1.74,-13.33
TAJGVK,360.85,2026-07-30,0.21,-0.08,7.03,10.86,-2.08,-12.81
ESFL,123.6,2026-07-29,-4.85,9.67,7.01,-3.51,-17.52,-67.58
CONFIPET,78.27,2026-07-30,-3.42,2.1,7.01,43.22,141.5,51.19
SHIVALIK,251.08,2026-07-30,-4.96,14.23,7.0,-3.46,-19.21,-58.99
BHARTIARTL,1956.8,2026-07-30,2.7,2.13,6.99,5.02,0.65,2.53
AEGISLOG,1249.3,2026-07-30,-3.25,-9.73,6.99,79.18,71.93,73.77
RRKABEL,2562.2,2026-07-30,1.46,9.83,6.97,63.5,86.99,82.0
STYRENIX,2457.6,2026-07-30,-0.74,3.91,6.95,8.7,29.45,-13.2
3BBLACKBIO,1250.0,2026-07-30,-3.27,-1.37,6.95,4.23,,
AUTOIETF,29.27,2026-07-30,2.34,4.84,6.94,9.91,6.44,20.06
DLF,654.85,2026-07-30,0.61,-0.83,6.94,12.96,4.3,-15.94
RUBICON,1500.2,2026-07-30,-3.59,-0.77,6.94,54.67,119.25,
EIDPARRY,763.2,2026-07-30,-1.03,0.12,6.9,-9.57,-17.32,-38.26
ORTEL,1.71,2026-07-30,-0.58,-5.0,6.88,0.0,28.57,-13.2
LANCORHOL,26.3,2026-07-30,3.95,6.52,6.87,7.92,-4.99,11.11
ASHAPURMIN,706.45,2026-07-30,0.62,2.61,6.86,11.9,7.9,30.1
AUTOBEES,291.79,2026-07-30,2.3,4.58,6.86,9.77,6.43,19.93
HALDYNGL,120.9,2026-07-30,0.37,2.36,6.85,12.1,,
KANORICHEM,143.18,2026-07-30,-10.36,-2.16,6.83,62.85,106.43,55.7
DEEPAKNTR,1643.9,2026-07-30,-2.08,-2.27,6.79,-4.92,0.54,-12.2
HCG,669.65,2026-07-30,-1.08,2.44,6.79,16.96,13.11,8.31
FLEXIADD,10.23,2026-07-30,2.1,2.61,6.78,4.92,-2.2,
SGFIN,658.8,2026-07-30,-4.26,-1.95,6.71,16.03,96.8,
EMIL,129.87,2026-07-30,3.34,-0.01,6.69,4.45,42.48,0.38
FMGOETZE,473.7,2026-07-30,-2.08,-3.09,6.65,0.81,9.69,-18.31
TGBHOTELS,9.63,2026-07-30,6.53,12.63,6.64,-0.62,2.88,-17.76
SUVEN,299.25,2026-07-30,-3.98,-11.6,6.63,41.24,125.32,11.12
IDFCFIRSTB,84.76,2026-07-30,-0.14,3.64,6.63,21.71,1.41,22.41
SAMBHV,115.64,2026-07-30,-4.97,-2.73,6.62,-2.59,27.55,-9.45
CAPITALSFB,296.05,2026-07-30,-1.27,-3.01,6.61,7.7,17.16,-1.18
ROUTE,549.3,2026-07-30,2.35,-1.58,6.61,4.96,-6.55,-38.62
ORBTEXP,234.7,2026-07-30,-3.84,6.53,6.61,41.2,34.08,1.11
TASTYBITE,9052.5,2026-07-30,2.02,2.98,6.6,29.46,32.92,-22.41
SAHANA,935.4,2026-07-29,1.71,0.81,6.6,10.86,5.22,-26.71
UNIVCABLES,1331.3,2026-07-30,5.98,11.27,6.59,59.55,83.83,85.15
BIMETAL,670.15,2026-07-30,2.97,2.31,6.59,14.22,,
SAILIFE,1315.2,2026-07-30,2.19,1.4,6.55,22.98,57.48,55.41
GLAXO,2610.7,2026-07-30,2.33,5.14,6.55,14.58,11.47,-16.26
GRAVISSHO,30.92,2026-07-30,4.99,1.84,6.55,13.26,,
BOHRAIND,14.19,2026-07-30,7.83,8.16,6.53,-26.48,-21.69,-56.83
JSL,737.75,2026-07-30,1.9,0.96,6.51,-3.86,-10.31,8.73
RITES,217.83,2026-07-30,0.31,-0.96,6.51,-0.49,-3.84,-13.73
UPL,602.55,2026-07-30,-0.98,-0.58,6.51,-5.21,-13.58,-15.72
AKUMS,660.6,2026-07-30,-2.22,-2.36,6.51,21.27,51.0,23.12
FIEMIND,2367.0,2026-07-30,0.44,4.44,6.48,10.32,10.95,21.92
INDIGOPNTS,1080.9,2026-07-30,0.65,0.27,6.47,25.66,3.49,-9.86
SAMHI,186.07,2026-07-30,4.22,14.06,6.47,19.07,9.85,-19.15
AMNPLST,200.51,2026-07-30,2.74,4.03,6.43,22.93,17.68,-11.49
DEVYANI,118.53,2026-07-30,2.13,6.86,6.43,-4.97,2.02,-28.11
FEDDERSHOL,42.84,2026-07-30,-4.03,-11.41,6.38,26.0,,
AMDIND,46.84,2026-07-30,-1.53,1.96,6.38,5.85,6.67,-8.41
ALUWIND,50.0,2026-07-29,-3.29,7.99,6.38,-11.97,-18.03,-30.8
VILINBIO,42.6,2026-07-29,0.0,-3.95,6.37,11.81,27.74,70.4
360ONE,1142.9,2026-07-30,0.9,1.46,6.36,10.46,1.34,8.98
MARICO,885.35,2026-07-30,3.58,3.99,6.36,14.76,21.87,27.77
SJS,2359.0,2026-07-30,-2.49,8.49,6.36,30.63,41.63,88.83
TCPLPACK,3155.4,2026-07-30,-1.66,0.37,6.36,18.81,20.95,-13.68
KTKBANK,290.75,2026-07-30,1.82,5.63,6.35,8.24,59.71,64.17
CRAFTSMAN,10047.0,2026-07-30,7.72,6.96,6.33,30.84,37.48,46.56
SBILIFE,1877.5,2026-07-30,0.57,2.9,6.33,3.22,-5.92,2.23
MUNJALSHOW,136.16,2026-07-30,-0.56,0.78,6.33,5.69,14.86,-6.46
CORONA,2091.1,2026-07-30,-0.34,2.2,6.29,21.77,42.14,
CRAMC,259.97,2026-07-30,-1.1,1.63,6.28,3.64,4.75,
NDGL,2800.0,2026-07-30,2.34,1.09,6.27,3.35,9.36,-28.79
GREAVESCOT,231.81,2026-07-30,-4.99,-4.89,6.24,41.49,43.16,10.18
TECHNVISN,4734.6,2026-07-30,-3.65,43.8,6.22,-20.77,,
UCL,197.45,2026-07-29,3.92,14.46,6.21,61.18,279.71,329.24
RHIM,390.55,2026-07-30,-2.62,-4.44,6.2,-3.31,-12.26,-20.47
QUALITY30,21.09,2026-07-30,1.49,2.78,6.19,1.3,-1.77,4.1
MAHLIFE,385.4,2026-07-30,1.35,3.27,6.17,14.26,5.94,7.25
REMSONSIND,83.8,2026-07-30,5.24,3.15,6.16,-21.34,-22.34,-34.26
CPCAP,112.62,2026-07-30,3.96,3.76,6.15,18.76,12.57,-33.29
GODREJCP,1072.1,2026-07-30,-0.15,0.69,6.15,0.97,-6.64,-10.29
IKS,1782.3,2026-07-30,-2.55,-6.29,6.13,7.71,14.85,12.9
TIPSMUSIC,664.9,2026-07-30,-6.69,-6.42,6.08,2.34,22.26,13.13
VARDHACRLC,46.33,2026-07-30,5.2,6.8,6.07,23.98,24.81,-0.47
UFBL,676.15,2026-07-30,-3.32,1.39,6.07,92.44,273.15,127.2
CHOICEIN,798.7,2026-07-30,-0.16,-2.01,6.04,20.39,4.33,7.33
UNIDT,222.09,2026-07-30,-1.76,-0.84,6.03,9.27,20.62,6.37
NIFTYQLITY,21.65,2026-07-30,1.45,2.32,6.02,2.85,-0.82,3.24
BALKRISIND,2306.9,2026-07-30,13.91,12.25,6.0,6.96,0.41,-15.82
CENTURYPLY,793.75,2026-07-30,0.14,-0.33,5.98,-0.49,-1.25,8.38
WANBURY,297.65,2026-07-30,-9.6,-12.43,5.98,17.06,42.59,12.38
TARC,133.97,2026-07-30,0.78,14.49,5.95,0.95,-12.46,-29.29
INDIACEM,399.4,2026-07-30,0.26,1.76,5.93,0.88,-12.74,7.54
CENTRUM,23.04,2026-07-30,-0.48,-2.95,5.93,-4.52,-6.11,-43.57
HYUNDAI,2018.2,2026-07-30,1.69,2.33,5.91,11.04,-8.1,-2.35
OMAXE,85.63,2026-07-30,-4.8,-7.5,5.91,1.84,14.3,-13.2
KIRANVYPAR,200.88,2026-07-30,-0.06,3.47,5.91,2.54,,
SUPREMEINF,85.34,2026-07-30,6.29,8.29,5.89,10.37,2.82,-29.9
MAWANASUG,105.11,2026-07-30,-3.96,-6.19,5.89,-3.62,32.66,13.07
MAGSON,180.0,2026-07-29,-1.1,-1.1,5.88,2.83,30.62,41.79
RPEL,1274.8,2026-07-30,-1.38,-0.65,5.88,82.27,71.81,96.81
VRAJ,123.68,2026-07-30,-3.75,-6.33,5.88,-3.68,-0.12,-25.95
MUKANDLTD,139.91,2026-07-30,-0.47,-2.75,5.86,1.35,9.09,-5.22
APLAPOLLO,1893.1,2026-07-30,2.34,4.34,5.84,-0.62,-7.46,21.29
JYOTHYLAB,202.8,2026-07-30,0.41,0.86,5.81,-22.3,-17.01,-36.87
HALEOSLABS,1540.2,2026-07-30,0.3,-3.08,5.81,5.72,30.24,36.28
SAREGAMA,521.4,2026-07-30,1.27,1.41,5.8,51.64,54.63,9.1
GROWWLOVOL,10.59,2026-07-30,0.86,1.44,5.79,2.72,1.33,6.05
QUAL30IETF,21.4,2026-07-30,1.42,2.2,5.78,2.79,-1.2,3.03
DYNPRO,251.57,2026-07-30,5.61,9.61,5.77,12.77,12.89,-31.4
ATUL,6803.0,2026-07-30,0.2,11.68,5.76,0.28,10.04,1.52
MINDSPACE,495.09,2026-07-29,0.21,0.02,5.76,7.6,2.45,25.59
BIRET,342.58,2026-07-29,-0.25,0.47,5.74,7.47,1.63,15.27
NH,2080.3,2026-07-30,1.28,2.69,5.74,18.02,17.93,7.85
HNGSNGBEES,495.32,2026-07-30,1.46,2.16,5.72,-5.16,-12.54,14.3
MRF,134860.0,2026-07-30,2.15,1.55,5.69,4.15,2.22,-9.95
ADROITINFO,9.71,2026-07-30,6.12,5.2,5.66,-2.71,4.97,-10.92
DCAL,185.3,2026-07-30,-0.44,-2.9,5.66,1.16,-15.18,-27.62
JUBLFOOD,439.8,2026-07-30,2.89,3.52,5.62,-7.85,-11.27,-32.77
SPECIALITY,133.93,2026-07-30,1.44,-1.15,5.61,29.03,30.09,3.03
ONWARDTEC,293.95,2026-07-30,0.41,7.54,5.58,24.56,-7.12,-8.14
LORDSCHLO,141.26,2026-07-30,-10.52,-0.78,5.58,-2.08,-0.62,-35.35
NGLFINE,3280.0,2026-07-30,1.66,8.97,5.55,48.11,95.55,157.83
VGUARD,316.65,2026-07-30,7.56,5.22,5.55,-4.1,-10.03,-18.33
SETCO,17.6,2026-07-30,-2.22,-4.19,5.52,17.69,143.2,100.42
CONSUMER,12.04,2026-07-30,2.03,1.95,5.52,10.05,9.36,3.35
DALBHARAT,1794.2,2026-07-30,-1.77,-2.9,5.5,-5.6,-12.88,-19.5
HDFCQUAL,59.02,2026-07-30,1.64,2.48,5.49,2.93,-1.85,3.96
SBIETFQLTY,225.25,2026-07-30,1.46,2.24,5.47,4.11,-1.28,3.34
AVPINFRA,71.35,2026-07-29,1.21,18.03,5.47,-28.15,-21.77,-64.32
TORNTPHARM,4872.1,2026-07-30,-2.94,-2.66,5.45,16.65,24.1,31.76
TEXINFRA,114.74,2026-07-30,1.36,0.64,5.44,18.4,18.28,15.02
SANDUMA,213.88,2026-07-30,7.94,10.34,5.44,1.55,-3.61,42.69
SUNDROP,672.6,2026-07-30,-1.46,5.9,5.41,1.52,7.76,-18.97
IFBAGRO,962.25,2026-07-30,-7.88,-1.28,5.38,11.07,-26.25,4.71
SAPPL,293.2,2026-07-30,-1.97,-3.87,5.34,-4.28,,
CONS,12.43,2026-07-30,1.55,2.98,5.34,5.97,-89.43,-89.6
KMSUGAR,27.34,2026-07-30,-3.49,-4.31,5.28,-11.41,12.79,0.33
WSTCSTPAPR,562.5,2026-07-30,-3.3,8.82,5.27,16.32,40.29,6.9
ASIANHOTNR,305.55,2026-07-30,-2.04,3.19,5.25,2.02,0.61,-10.81
SETL,270.25,2026-07-30,-4.44,-6.18,5.25,93.13,133.92,44.57
CONSUMBEES,134.51,2026-07-30,1.7,2.92,5.22,6.05,5.47,3.85
SUNFLAG,357.8,2026-07-30,-1.2,1.91,5.22,22.28,46.07,23.6
VR,119.05,2026-07-29,10.23,15.69,5.21,-23.19,-23.22,-41.93
CANHLIFE,147.13,2026-07-30,1.46,-1.76,5.2,4.13,-0.14,
DNAMEDIA,2.86,2026-07-30,1.06,2.88,5.15,-4.67,-13.07,-41.39
HARRMALAYA,210.0,2026-07-30,-2.28,-3.42,5.11,-6.04,28.98,-0.05
PYRAMID,180.85,2026-07-30,-7.71,11.15,5.11,3.16,19.9,13.35
RPTECH,813.0,2026-07-30,1.44,7.44,5.07,77.41,126.46,185.91
KOLTEPATIL,382.95,2026-07-30,-0.94,2.13,5.06,-0.18,2.72,-8.98
ANDHRSUGAR,82.29,2026-07-30,-5.9,0.49,5.04,-15.75,17.44,6.49
SHREECEM,26455.0,2026-07-30,-1.51,-1.47,5.04,9.62,-1.71,-13.05
IEX,131.4,2026-07-30,3.65,4.53,5.01,6.62,6.54,-0.71
GFSTEELS,14.29,2026-07-29,0.0,0.0,5.0,15.61,27.36,46.87
VARROC,664.6,2026-07-30,-0.17,3.52,4.99,24.5,15.2,24.16
PNCINFRA,239.63,2026-07-30,-0.92,-2.9,4.98,12.04,9.82,-23.93
DCMSHRIRAM,1055.9,2026-07-30,2.23,2.4,4.98,-13.98,-10.35,-25.24
STEELCAS,318.05,2026-07-30,2.12,4.43,4.96,10.08,72.98,28.37
PODDARMENT,261.11,2026-07-30,3.31,3.99,4.95,3.1,7.41,-11.2
INDHOTEL,749.25,2026-07-30,2.11,3.34,4.94,18.36,11.63,1.03
KESORAMIND,11.93,2026-07-30,4.19,2.58,4.93,18.59,25.98,116.12
UNIVAFOODS,8.99,2026-07-29,0.0,0.0,4.9,15.4,-21.0,-27.03
ENDURANCE,2804.3,2026-07-30,2.62,2.29,4.89,20.33,15.56,9.02
MMWL,14.24,2026-07-30,3.79,-0.28,4.86,34.98,,
JYOTICNC,812.75,2026-07-30,1.12,1.21,4.86,8.37,0.79,-22.29
BAJFINANCE,1053.5,2026-07-30,0.5,-0.99,4.85,13.12,13.99,19.79
CORALFINAC,32.83,2026-07-30,-2.44,5.16,4.85,-4.2,-6.07,-26.08
SBIETFCON,124.7,2026-07-30,1.7,2.89,4.84,6.34,5.59,3.96
TBOTEK,1498.5,2026-07-30,-1.36,3.73,4.81,19.36,7.64,10.79
KROSS,192.55,2026-07-30,1.18,-7.57,4.8,3.87,-0.97,8.82
IRBINVIT,62.06,2026-07-29,0.35,2.53,4.79,6.42,8.19,11.67
LOWVOL,211.59,2026-07-30,1.67,2.17,4.79,4.89,1.37,3.49
LOWVOLIETF,22.73,2026-07-30,1.97,2.3,4.79,5.33,1.38,3.74
AARTIIND,480.2,2026-07-30,-1.21,-3.07,4.78,-5.38,29.1,8.08
CONSUMIETF,125.02,2026-07-30,1.58,2.83,4.78,5.48,5.6,3.79
TRANSWIND,13.15,2026-07-29,0.0,0.0,4.78,-24.86,-48.43,-13.2
PROTEAN,619.55,2026-07-30,-0.99,5.78,4.77,16.91,1.63,-21.26
DYCL,384.65,2026-07-30,-7.29,-13.69,4.74,3.98,31.51,-5.14
INDOTECH,3387.8,2026-07-30,-3.3,-0.59,4.69,25.37,153.79,101.51
SATIN,257.42,2026-07-30,-1.56,0.53,4.68,46.13,62.56,75.56
RANEHOLDIN,1743.6,2026-07-30,-1.08,-0.07,4.65,54.96,34.15,13.85
ICICIPRULI,510.6,2026-07-30,0.16,2.45,4.64,-0.29,-19.55,-17.25
PNB,111.64,2026-07-30,0.02,-0.11,4.64,5.05,-8.23,6.28
DCMSRIND,39.04,2026-07-30,-1.93,-5.95,4.62,-7.64,3.72,-76.51
ASPIRE,15.85,2026-07-29,4.97,17.41,4.62,-3.94,-3.94,-42.26
CEMPRO,1358.7,2026-07-30,-0.75,-16.49,4.62,67.09,113.02,73.86
RKDL,19.26,2026-07-30,-1.13,0.0,4.62,-11.37,-3.46,-33.26
SHAILY,3029.1,2026-07-30,-0.68,5.99,4.61,19.6,58.29,87.37
TRIGYN,53.58,2026-07-30,0.32,-0.39,4.59,-9.6,-6.67,-33.67
HAWKINCOOK,8530.5,2026-07-30,-4.09,-6.35,4.58,16.16,,
HAL,4581.4,2026-07-30,-0.81,2.01,4.57,5.59,0.0,1.98
SONAMLTD,54.39,2026-07-30,-2.86,-1.36,4.54,5.24,35.87,13.31
TCIEXP,535.6,2026-07-30,-4.59,-7.28,4.52,2.15,-0.18,-21.75
TOP20,9.01,2026-07-30,1.69,2.15,4.52,3.44,,
AYMSYNTEX,245.46,2026-07-30,4.33,1.95,4.51,5.27,53.02,13.82
CONCORDBIO,1330.0,2026-07-30,5.86,0.22,4.51,17.16,13.85,-26.18
VELS,73.0,2026-07-29,0.0,0.0,4.51,6.8,38.39,10.61
SOUTHWEST,225.95,2026-07-30,-3.98,-4.22,4.49,-6.09,14.55,70.48
NRAIL,461.55,2026-07-30,-3.56,7.7,4.48,-3.82,4.26,29.63
JIOFIN,246.95,2026-07-30,4.56,3.36,4.45,0.24,-2.97,-22.78
ENTERO,1243.0,2026-07-30,-2.39,4.48,4.45,2.19,12.5,-4.83
AARVI,151.89,2026-07-30,-3.45,-2.95,4.44,21.41,18.22,47.39
MARINETRAN,14.1,2026-07-29,-0.35,-0.35,4.44,-20.11,-9.9,-12.42
RAYMONDREL,644.6,2026-07-30,-3.2,-8.37,4.43,45.33,27.67,-9.98
ALKEM,5816.5,2026-07-30,3.63,2.88,4.43,7.71,3.27,15.17
UDS,196.25,2026-07-30,-5.01,1.41,4.42,23.92,28.82,-32.01
FUSION,198.58,2026-07-30,-10.02,-12.12,4.41,3.93,8.29,19.6
DIVIDEND,36.1,2026-07-30,1.75,1.83,4.4,-1.9,,
GAEL,172.59,2026-07-30,9.71,19.95,4.39,10.81,22.4,57.65
BLUESTARCO,1691.4,2026-07-30,2.93,-1.34,4.38,-4.57,-6.45,-3.13
AMJLAND,39.11,2026-07-30,3.8,4.35,4.38,-3.07,-6.81,-32.85
VENKEYS,1494.2,2026-07-30,-0.63,-1.85,4.36,-5.58,-2.78,0.04
LOWVOL1,21.57,2026-07-30,1.51,1.84,4.35,4.81,1.03,2.71
IDEAFORGE,851.1,2026-07-30,-1.06,-0.72,4.35,39.71,84.42,85.18
COLPAL,2084.8,2026-07-30,-2.42,-1.34,4.35,0.63,-0.23,-4.69
VOLTAS,1333.2,2026-07-30,1.05,-1.78,4.35,-6.5,0.71,0.1
VOGL,33.64,2026-07-30,-3.44,-5.37,4.34,,,
ALKYLAMINE,1787.2,2026-07-30,-1.88,-2.39,4.31,18.55,14.43,-20.5
DIVOPPBEES,78.6,2026-07-30,1.45,1.38,4.31,-2.21,-6.38,2.52
ABREL,1378.1,2026-07-30,-1.58,-4.42,4.3,-7.11,9.01,-27.6
GROWWEV,32.29,2026-07-30,1.1,2.48,4.3,7.45,9.35,10.7
HOMEFIRST,1188.2,2026-07-30,0.48,-6.68,4.28,2.76,1.28,-5.71
ICICIBANK,1433.9,2026-07-30,-0.82,-1.8,4.27,13.5,5.82,-2.53
ALPHAGEO,207.62,2026-07-30,2.62,3.68,4.24,-5.37,-2.73,-19.69
JSWSTEEL,1270.8,2026-07-30,2.11,1.1,4.22,1.08,5.25,23.14
PRAENG,20.14,2026-07-30,-8.91,-0.69,4.19,-10.81,-9.52,3.18
ASIANPAINT,2746.2,2026-07-30,1.33,2.04,4.19,13.32,14.07,14.84
SANGANI,44.8,2026-07-29,0.0,-0.22,4.19,-13.01,-4.48,-31.08
MOIPO,46.97,2026-07-30,1.91,0.82,4.17,8.08,10.47,
HDFCLOWVOL,21.06,2026-07-30,1.59,1.89,4.15,4.78,0.57,3.39
BOSCHLTD,41550.0,2026-07-30,0.73,1.44,4.14,15.43,13.74,3.72
SONAMAC,35.25,2026-07-29,0.0,10.33,4.14,-11.88,-8.44,-54.31
AIIL,545.9,2026-07-30,-1.05,-1.1,4.11,15.71,8.06,-3.84
GRAPHISAD,29.15,2026-07-29,0.52,6.0,4.11,-19.92,-39.08,-27.31
PCJEWELLER,9.12,2026-07-30,-2.46,-7.32,4.11,-2.67,-14.21,-39.96
MHHL,36.8,2026-07-29,8.71,-0.54,4.1,-5.64,-0.54,-32.35
SCML,80.0,2026-07-29,1.46,1.14,4.1,-42.45,-38.77,2.24
ALPL30IETF,28.24,2026-07-30,0.97,1.11,4.09,6.61,4.4,3.75
ADVENTHTL,147.64,2026-07-30,-1.22,-0.55,4.08,-3.73,-26.07,
EMCURE,1910.9,2026-07-30,-0.72,2.67,4.08,13.74,30.54,34.12
SFL,776.3,2026-07-30,1.19,2.07,4.08,52.71,49.75,15.71
ANKITMETAL,1.53,2026-07-30,-1.29,4.79,4.08,-4.38,-10.53,-22.34
SKP,159.2,2026-07-29,0.13,2.35,4.05,8.3,-0.5,-26.6
ACCELYA,1142.5,2026-07-30,-1.54,-1.42,4.04,-1.39,-8.37,-13.77
SANATHAN,464.35,2026-07-30,-4.9,4.63,4.04,3.45,3.34,-10.11
BPCL,315.8,2026-07-30,-0.14,-0.57,4.04,5.11,-10.92,-0.18
PHARMABEES,27.09,2026-07-30,1.38,1.2,4.03,13.3,21.81,14.79
HALDER,247.13,2026-07-30,5.74,8.29,4.0,0.13,-8.38,
BAJAJELEC,329.25,2026-07-30,-0.05,-1.5,3.98,-16.13,-19.86,-47.14
CHEVIOT,1127.6,2026-07-30,-0.76,2.45,3.96,-1.74,14.6,-1.64
BANG,30.5,2026-07-30,8.7,6.23,3.92,-19.97,-31.03,-42.44
MANDEEP,19.95,2026-07-29,0.0,-0.99,3.91,-12.88,-0.25,-22.67
EVIETF,32.41,2026-07-30,1.09,2.37,3.84,6.51,9.23,10.43
ESCORTS,3013.6,2026-07-30,2.01,1.08,3.81,-5.98,-9.4,-10.69
MSUMI,41.05,2026-07-30,-1.65,3.45,3.8,2.73,-3.51,10.26
ZENITHDRUG,47.9,2026-07-29,-2.24,-1.44,3.79,20.81,1.91,-30.58
ASTERDM,814.0,2026-07-30,1.56,-0.14,3.77,16.11,48.07,38.16
ZUARI,238.21,2026-07-30,7.25,3.41,3.77,1.28,-13.99,-17.27
PTCIL,17795.0,2026-07-30,-0.71,-1.3,3.77,10.75,-1.46,20.6
SHRIPISTON,4339.5,2026-07-30,2.3,2.5,3.76,24.45,58.29,77.93
KUANTUM,78.17,2026-07-30,-2.49,4.1,3.74,0.01,-8.34,-38.15
AARTISURF,393.15,2026-07-30,-1.29,0.36,3.72,-3.62,-4.69,-28.88
IGPL,468.15,2026-07-30,0.11,10.38,3.72,9.92,30.77,-2.68
ABB,7291.5,2026-07-30,-0.49,-3.0,3.71,0.85,31.24,32.07
EVINDIA,32.37,2026-07-30,1.09,2.21,3.68,7.61,9.21,10.44
CARTRADE,2791.7,2026-07-30,-6.27,1.32,3.67,71.97,5.38,33.52
EIHOTEL,332.05,2026-07-30,0.42,-2.4,3.67,4.11,5.56,-12.6
DENTA,343.55,2026-07-30,2.91,0.82,3.65,22.63,28.36,6.98
STARHEALTH,610.4,2026-07-30,3.1,5.02,3.64,16.12,30.08,36.31
ECOSMOBLTY,134.9,2026-07-30,2.61,2.62,3.63,-2.18,-29.16,-56.58
SDBL,70.24,2026-07-30,-2.54,-8.64,3.63,-19.4,-21.14,-54.32
HEALTHY,17.21,2026-07-30,1.41,1.47,3.61,12.41,20.77,11.83
PATELRMART,223.82,2026-07-30,0.72,3.98,3.6,5.38,13.98,
AAKASH,8.92,2026-07-30,-0.89,-0.67,3.6,9.72,14.21,-9.07
ORIENTPPR,17.38,2026-07-30,-4.56,4.26,3.58,-5.7,-13.45,-38.35
HOACFOODS,725.0,2026-07-29,0.41,5.54,3.57,72.62,139.67,239.5
ETHOSLTD,2536.1,2026-07-30,-1.66,-4.44,3.57,5.59,-0.64,-9.05
LMW,16242.0,2026-07-30,0.63,0.89,3.55,11.78,9.1,7.47
NEULANDLAB,19202.0,2026-07-30,1.1,1.52,3.54,28.22,45.18,38.26
MOIL,287.95,2026-07-30,7.28,6.14,3.54,-7.38,-20.45,-15.28
MANGLMCEM,945.6,2026-07-30,-3.97,-3.52,3.54,2.5,20.52,30.8
PANAMAPET,435.4,2026-07-30,-10.61,-3.95,3.53,55.61,47.69,23.83
SESHAPAPER,237.37,2026-07-30,0.03,6.57,3.52,-10.68,5.81,-12.01
APOLLOHOSP,8988.0,2026-07-30,1.63,0.93,3.52,17.7,29.3,20.96
INDOSTAR,260.55,2026-07-30,-2.96,-2.29,3.48,28.57,25.82,-10.26
CARERATING,1707.6,2026-07-30,0.41,2.17,3.47,3.09,7.46,0.25
BAJAJHLDNG,10970.0,2026-07-30,1.48,6.52,3.46,8.17,2.84,-20.61
DMCC,262.8,2026-07-30,-3.04,-1.48,3.46,-5.14,12.72,-16.05
BYKE,34.49,2026-07-30,5.31,4.67,3.45,-6.05,-31.31,-54.59
VEEKAYEM,126.0,2026-07-29,3.28,-1.56,3.45,-5.97,35.56,-47.23
REGAAL,81.18,2026-07-30,4.64,3.63,3.45,-2.0,34.45,
SUNDRMFAST,966.15,2026-07-30,0.82,1.1,3.43,14.74,1.93,-2.99
STYLAMIND,3359.4,2026-07-30,-1.63,-1.61,3.42,50.23,51.82,89.68
SELECTIPO,46.74,2026-07-30,1.41,0.43,3.41,8.07,10.12,-4.23
KAUSHALYA,913.0,2026-07-30,0.38,3.33,3.4,1.08,12.85,4.02
PRECOT,771.15,2026-07-30,-8.69,-7.19,3.4,40.63,133.5,26.58
IPCALAB,1758.8,2026-07-30,-1.06,-4.34,3.4,14.89,19.58,15.15
HEALTHIETF,171.3,2026-07-30,1.44,1.13,3.39,12.17,20.34,11.33
DCI,276.75,2026-07-30,-4.14,2.18,3.38,-2.96,25.23,26.25
MOHEALTH,51.72,2026-07-30,0.35,0.9,3.38,14.45,23.41,11.44
DISAQ,12277.0,2026-07-30,0.71,3.4,3.36,-1.25,,
OFSS,11136.0,2026-07-30,0.42,-4.17,3.35,17.77,47.62,35.74
RELTD,170.82,2026-07-30,-1.84,-2.87,3.35,19.53,16.49,25.19
ENERGYDEV,16.8,2026-07-30,-1.98,-1.41,3.32,-2.38,-4.82,-19.39
STOVEKRAFT,801.2,2026-07-30,0.67,3.02,3.31,46.87,62.48,35.41
BLUEDART,5025.9,2026-07-30,-1.73,2.93,3.31,-8.05,-8.49,-18.14
CUB,215.48,2026-07-30,-2.7,-4.22,3.3,6.37,-4.79,40.08
CDSL,1336.4,2026-07-30,0.56,-3.52,3.3,6.02,2.15,-10.13
GRWRHITECH,6897.0,2026-07-30,-3.67,-0.38,3.29,72.47,128.94,92.94
MAFANG,189.08,2026-07-30,-1.8,-4.83,3.27,4.73,12.09,21.64
GMMPFAUDLR,814.3,2026-07-30,-1.86,1.59,3.26,-9.97,-16.39,-39.83
ARFIN,88.6,2026-07-30,-2.82,3.0,3.26,-6.23,17.73,169.08
SOLARWORLD,189.33,2026-07-30,-5.57,-6.12,3.26,-4.17,-15.59,
HNDFDS,574.05,2026-07-30,-0.71,0.19,3.25,16.45,23.53,5.52
ACE,1057.2,2026-07-30,-0.43,6.62,3.24,19.1,24.45,-6.84
ENIL,108.56,2026-07-30,2.36,0.06,3.24,-8.86,-5.68,-24.28
VISAKAIND,81.61,2026-07-30,-0.83,0.63,3.23,20.84,32.29,-0.68
MASFIN,319.5,2026-07-30,0.38,0.39,3.2,-6.0,-1.4,4.38
EFFWA,375.1,2026-07-29,-1.26,2.29,3.19,52.29,80.64,63.09
MON50EQUAL,33.76,2026-07-30,1.56,1.55,3.18,3.8,2.52,8.13
JINDALSTEL,1093.7,2026-07-30,2.63,5.85,3.17,-10.58,-3.38,11.5
ANANDRATHI,2039.3,2026-07-30,-0.62,-2.08,3.17,13.47,41.63,53.27
GULPOLY,194.04,2026-07-30,-1.87,6.29,3.14,7.11,51.87,16.32
SARDAEN,511.8,2026-07-30,-0.1,1.9,3.12,-13.48,4.49,14.81
PROV,1650.0,2026-07-29,-4.07,-3.11,3.12,26.24,37.5,70.98
SADHAV,116.0,2026-07-29,-1.74,1.89,3.11,3.62,11.54,-2.56
SBINEQWETF,33.84,2026-07-30,1.44,1.26,3.11,3.52,2.24,8.12
IVALUE,273.8,2026-07-30,-5.23,-8.2,3.11,6.07,13.59,
WEWORK,710.6,2026-07-30,-1.91,4.32,3.09,29.96,24.56,
HGS,425.55,2026-07-30,0.71,-0.98,3.09,4.0,2.26,-25.6
PIDILITIND,1629.9,2026-07-30,1.15,4.84,3.07,19.33,14.71,14.24
VIMTALABS,605.45,2026-07-30,3.12,14.18,3.05,32.93,47.84,-7.4
RECLTD,374.9,2026-07-30,1.83,3.14,3.05,5.81,5.23,-1.1
PRIMO,25.07,2026-07-30,11.47,7.14,3.04,9.09,24.98,-9.72
EXCELSOFT,76.94,2026-07-30,-0.68,0.84,3.04,-17.74,10.29,
SREEL,215.03,2026-07-30,-3.45,1.0,3.03,18.38,0.06,-9.66
INDOFARM,152.0,2026-07-30,-2.18,-3.21,3.03,11.2,-15.41,-26.61
BASF,3687.9,2026-07-30,-0.69,0.71,3.02,1.94,1.82,-25.92
SUYOG,860.75,2026-07-30,-2.78,2.0,2.99,12.79,57.03,-1.37
HPIL,129.85,2026-07-30,6.57,4.23,2.98,-3.73,-1.23,-11.41
SHREYANIND,139.09,2026-07-30,-2.73,2.24,2.98,-18.07,-16.2,-39.65
AKSHARCHEM,249.62,2026-07-30,6.22,6.21,2.97,25.29,12.63,-13.42
AMBUJACEM,434.2,2026-07-30,0.75,-0.82,2.93,-1.77,-14.47,-29.38
PENINLAND,15.8,2026-07-30,-1.8,-9.3,2.93,-7.66,-21.74,-56.53
RITEZONE,19.5,2026-07-29,-4.88,-13.91,2.9,-20.57,-2.5,-31.58
ALICON,680.55,2026-07-30,0.31,9.11,2.88,-2.16,0.44,-25.76
ONGC,241.59,2026-07-30,1.27,-3.2,2.85,-19.35,-8.06,5.32
KEYFINSERV,256.87,2026-07-30,-0.85,-3.21,2.85,-7.25,-8.38,-0.16
DIGJAMLMTD,47.31,2026-07-30,10.1,6.7,2.85,1.79,-1.89,-16.63
BCONCEPTS,186.37,2026-07-30,-3.03,-1.8,2.84,-20.72,-34.09,-43.78
AMEYA,109.0,2026-07-29,1.07,-5.63,2.83,-2.24,14.02,-6.03
ORCHPHARMA,1000.25,2026-07-30,1.25,-4.43,2.82,59.85,43.08,41.85
VISHNU,618.1,2026-07-30,-2.86,-3.44,2.81,4.03,17.9,9.59
ZUARIIND,262.3,2026-07-30,2.62,0.48,2.8,-0.04,-3.78,-13.1
BLUSPRING,114.11,2026-07-30,4.34,4.05,2.78,76.72,91.3,24.51
BMETRICS,37.0,2026-07-29,0.0,2.64,2.78,-10.19,-5.37,-21.63
FEDFINA,152.85,2026-07-30,1.72,-3.11,2.78,4.53,0.22,17.33
ONELIFECAP,36.02,2026-07-30,-4.94,-0.41,2.77,102.36,134.05,163.11
PGHL,6502.0,2026-07-30,-4.16,-5.11,2.77,24.63,26.3,13.42
HEALTHCARE,21.54,2026-07-30,0.98,0.89,2.77,13.37,,
GRANULES,833.95,2026-07-30,-0.84,-4.61,2.76,19.44,46.46,70.32
UNIINFO,12.29,2026-07-30,-0.49,-0.41,2.76,-8.15,-14.83,-37.23
SOUTHBANK,46.89,2026-07-30,-2.11,1.54,2.76,18.83,24.77,57.53
AMANTA,165.42,2026-07-30,3.39,0.47,2.75,26.15,60.09,
SNXT30BEES,42.79,2026-07-30,1.45,1.52,2.71,2.54,5.84,10.8
EQUAL50ADD,346.72,2026-07-30,1.11,0.93,2.69,3.23,2.07,8.04
MIDSELIETF,19.45,2026-07-30,0.0,0.21,2.69,9.39,10.01,11.14
OBEROIRLTY,1814.4,2026-07-30,-0.99,-3.52,2.67,8.92,21.98,10.63
GENUSPOWER,307.4,2026-07-30,-4.53,-2.18,2.67,-1.49,10.87,-13.02
ELPROINTL,177.01,2026-07-30,-0.49,1.23,2.66,63.61,,
RKSWAMY,104.39,2026-07-30,-2.17,3.36,2.66,24.08,-1.04,-34.11
EQUAL200,13.87,2026-07-30,0.95,0.36,2.66,4.23,6.29,7.05
DBREALTY,113.84,2026-07-30,-0.01,-0.88,2.65,9.92,6.76,-38.25
EPL,230.72,2026-07-30,-3.49,-3.77,2.63,2.03,20.21,5.03
TI,467.1,2026-07-30,4.57,5.48,2.63,0.65,8.14,-6.06
JKCEMENT,5567.0,2026-07-30,-2.84,2.09,2.63,5.69,1.16,-15.5
PREMCO,367.1,2026-07-30,-0.29,-1.09,2.63,-14.96,,
BLACKBUCK,544.65,2026-07-30,-0.54,-5.08,2.61,-0.62,-2.75,17.63
RKEC,26.32,2026-07-30,-2.37,0.11,2.61,-25.27,-40.8,-60.79
REPRO,380.6,2026-07-30,2.09,2.16,2.59,6.46,-3.49,-29.32
SILKFLEX,215.4,2026-07-29,8.84,11.03,2.57,-0.42,124.37,131.61
KERNEX,2215.1,2026-07-30,-4.57,4.48,2.56,64.23,76.11,112.74
EQUAL50,334.72,2026-07-30,1.05,0.63,2.55,2.98,1.71,7.32
SIGIND,49.39,2026-07-30,7.89,7.28,2.55,-1.75,4.53,-13.72
COROMANDEL,2054.2,2026-07-30,2.52,1.67,2.55,3.76,-9.56,-22.18
TNPETRO,97.97,2026-07-30,4.07,4.02,2.55,12.91,3.1,-1.81
TEXRAIL,110.39,2026-07-30,-2.11,-3.89,2.54,4.66,-13.58,-26.2
NXST,167.26,2026-07-29,-0.14,-0.17,2.54,8.47,9.14,19.39
BCLIND,34.7,2026-07-30,-1.7,-1.53,2.54,-2.77,24.82,-22.23
BVCL,42.1,2026-07-30,2.48,0.17,2.53,-7.43,-8.48,-4.34
BALAXI,24.51,2026-07-30,0.49,2.04,2.51,-7.96,0.53,-48.87
LAOPALA,185.0,2026-07-30,-0.47,-0.47,2.49,3.51,-4.53,-30.83
METROBRAND,1029.7,2026-07-30,-0.19,-3.67,2.48,0.67,-1.7,-15.38
ESG,41.8,2026-07-30,0.82,0.22,2.48,2.23,-3.04,-1.55
SILINV,427.6,2026-07-30,2.59,1.89,2.48,-8.37,-4.15,-26.2
RGL,119.55,2026-07-30,1.28,-0.23,2.47,19.39,10.28,5.08
GODREJAGRO,559.4,2026-07-30,-0.71,-0.29,2.47,-4.37,6.88,-31.11
ONESOURCE,1688.3,2026-07-30,-0.04,-0.33,2.46,-2.87,41.34,-14.47
DHANBANK,32.34,2026-07-30,-8.64,-4.32,2.44,6.35,33.97,19.07
RBLBANK,378.05,2026-07-30,4.19,2.61,2.44,12.33,26.54,44.96
RUSHIL,17.3,2026-07-30,-1.93,7.05,2.43,1.35,-11.1,-28.8
RBZJEWEL,141.5,2026-07-30,-2.82,-3.48,2.43,3.79,4.58,3.72
SIS,424.25,2026-07-30,-2.56,-2.71,2.41,19.36,28.65,12.67
PARAGON,49.15,2026-07-29,0.31,0.31,2.4,25.7,25.38,-13.32
NATIONALUM,347.65,2026-07-30,2.45,1.39,2.37,-12.5,-8.22,94.17
EMUDHRA,456.55,2026-07-30,-1.43,-0.37,2.37,-6.46,-14.37,-41.79
JETFREIGHT,22.13,2026-07-30,-5.59,-5.83,2.36,8.22,26.53,58.64
STANLEY,154.64,2026-07-30,-0.92,-1.14,2.35,11.55,-15.85,-53.04
BATAINDIA,700.05,2026-07-30,0.06,-0.06,2.35,-2.56,-18.61,-41.23
TOP15IETF,9.98,2026-07-30,0.81,0.14,2.34,1.32,-6.34,-1.45
JAYNECOIND,86.94,2026-07-30,-0.73,3.46,2.34,-21.53,18.67,71.07
TOP10ADD,88.75,2026-07-30,2.26,0.98,2.34,0.19,-8.74,-7.94
NEXT30ADD,42.81,2026-07-30,1.21,1.04,2.34,2.32,5.31,10.79
LUXIND,1253.9,2026-07-30,0.59,-2.0,2.33,-10.32,34.58,-10.64
MOLOWVOL,37.49,2026-07-30,1.35,1.21,2.32,2.29,-1.16,-0.92
GLOBALVECT,167.92,2026-07-30,5.14,11.15,2.32,-7.61,-2.0,-26.7
BBTCL,226.53,2026-07-30,3.28,6.92,2.31,18.42,20.18,10.7
AGI,705.15,2026-07-30,-0.28,1.37,2.3,11.22,12.83,-25.59
MANYAVAR,417.7,2026-07-30,1.8,0.91,2.3,-2.17,-13.94,-46.51
SYLVANPLY,53.7,2026-07-29,2.58,-7.41,2.29,-11.24,7.4,-36.79
KOTIC,159.11,2026-07-30,-3.46,-6.26,2.29,-14.64,,
ROCKINGDCE,191.0,2026-07-29,7.51,8.74,2.28,-5.86,-9.54,4.14
RICOAUTO,138.44,2026-07-30,-4.91,0.06,2.28,22.36,19.33,90.06
IONEXCHANG,417.5,2026-07-30,-2.32,-3.81,2.28,5.32,17.87,-12.14
ICEMAKE,813.95,2026-07-30,-5.71,-2.79,2.27,2.04,12.22,5.13
AMBALALSA,33.49,2026-07-30,6.01,8.24,2.26,5.48,,
HOLMARC,102.0,2026-07-29,-6.42,-7.27,2.26,8.22,14.61,-18.74
ASAHIINDIA,869.3,2026-07-30,-1.01,-2.31,2.25,3.95,-13.23,2.62
DAMCAPITAL,150.34,2026-07-30,-4.16,-7.68,2.24,-2.21,-15.01,-33.6
TIJARIA,4.58,2026-07-30,2.46,1.33,2.23,1.78,12.81,-35.67
DABUR,426.1,2026-07-30,-0.29,-0.09,2.23,-2.24,-14.8,-16.88
BERGEPAINT,521.35,2026-07-30,3.44,6.25,2.21,10.2,12.63,-8.71
ACC,1356.5,2026-07-30,-0.12,-1.8,2.21,-4.06,-16.65,-24.67
MIDCAP,18.43,2026-07-30,0.44,-0.22,2.16,6.78,-88.45,-88.45
MOSERVICE,31.28,2026-07-30,0.87,-0.91,2.16,3.44,-5.59,
AWL,187.58,2026-07-30,-0.03,-0.95,2.16,-3.98,-11.88,-29.52
NIFTY100EW,35.21,2026-07-30,0.57,0.77,2.15,4.6,5.26,7.68
SIEMENS,3658.8,2026-07-30,-1.11,-0.04,2.14,-3.45,18.56,19.71
PCBL,328.0,2026-07-30,0.57,0.75,2.13,12.88,23.31,-16.27
QUADPRO,2.4,2026-07-29,0.0,0.0,2.13,23.08,11.63,-30.43
KEEPLEARN,1.94,2026-07-30,2.11,5.43,2.11,-6.73,-17.09,-37.01
DREDGECORP,1120.0,2026-07-30,5.17,9.85,2.1,19.35,-0.51,63.52
ORIENTCEM,136.57,2026-07-30,0.34,-1.49,2.09,-4.66,-13.09,-44.4
DVL,238.66,2026-07-30,-1.06,-2.5,2.08,-1.62,-6.12,-31.05
STERTOOLS,246.24,2026-07-30,1.82,0.46,2.07,1.4,-2.77,-29.04
PLASTIBLEN,184.76,2026-07-30,-3.31,-7.56,2.05,10.49,23.41,-1.42
SML100CASE,10.95,2026-07-30,0.74,-0.18,2.05,7.25,14.79,
NIFTYBETF,250.31,2026-07-30,1.35,0.3,2.04,1.63,-3.44,-1.0
TAPIFRUIT,50.0,2026-07-29,0.0,4.82,2.04,-10.79,-27.54,-32.43
IVZINNIFTY,2786.51,2026-07-30,1.23,0.33,2.03,2.04,-3.3,-1.35
MSCIADD,29.81,2026-07-30,1.05,0.44,2.02,2.62,,
HITECHCORP,322.0,2026-07-30,0.83,-0.26,2.01,130.05,106.78,67.48
TOP100CASE,10.66,2026-07-30,1.33,0.47,2.01,2.4,-1.39,0.38
NAVKARURB,1.02,2026-07-30,-3.77,-11.3,2.0,32.47,-25.0,-55.57
NIFTYETF,264.56,2026-07-30,1.26,0.06,1.99,1.84,-3.37,-1.07
CCHHL,12.81,2026-07-30,0.95,2.48,1.99,-9.02,-2.44,-29.34
BFINVEST,445.65,2026-07-30,-3.14,-5.63,1.98,9.52,19.67,-5.59
BANARISUG,3497.1,2026-07-30,0.63,0.56,1.98,-6.13,-2.77,-6.88
SNXT50BETA,94.56,2026-07-30,0.61,0.31,1.97,4.56,3.6,
HINDALCO,970.4,2026-07-30,2.66,2.38,1.97,-6.02,1.34,42.66
EPIGRAL,1105.3,2026-07-30,-4.47,2.04,1.96,-8.68,6.42,-46.85
RATNAVEER,184.74,2026-07-30,-7.45,2.49,1.95,13.41,20.67,30.2
SENSEXADD,80.11,2026-07-30,1.32,0.24,1.95,1.37,-5.08,-3.54
VAISHALI,7.35,2026-07-30,-4.79,-6.01,1.94,-3.42,-7.78,-40.87
PRESTIGE,1594.8,2026-07-30,-3.03,-4.45,1.93,12.75,9.12,-1.73
IFBIND,1312.5,2026-07-30,-0.85,-2.32,1.93,14.84,17.01,-4.57
BAYERCROP,4226.5,2026-07-30,-0.28,-0.81,1.93,-11.28,-5.37,-31.53
ACCENTMIC,492.05,2026-07-29,-2.42,-6.73,1.93,17.39,53.25,74.3
VAML,457.05,2026-07-30,4.55,4.68,1.92,,,
MONIFTY100,25.52,2026-07-30,0.99,0.2,1.92,2.29,-1.68,
GROWWN200,11.35,2026-07-30,0.27,-0.35,1.89,2.71,-0.41,1.3
NIFTYCASE,9.74,2026-07-30,1.04,0.41,1.88,1.78,-3.47,
GROWWNIFTY,9.81,2026-07-30,1.24,0.51,1.87,1.66,-3.54,
NIF100BEES,268.6,2026-07-30,0.79,0.19,1.87,1.94,-1.74,1.17
CHEMPLASTS,201.71,2026-07-30,-2.55,0.04,1.85,-11.76,-22.49,-53.53
SENSEXBETA,860.71,2026-07-30,1.33,0.23,1.85,1.83,-5.0,
EFORCE,22.0,2026-07-29,4.76,3.04,1.85,-21.43,-30.38,-48.24
HDFCSENSEX,88.21,2026-07-30,1.45,0.32,1.84,1.82,-4.98,-3.76
AONENIFTY,10.02,2026-07-30,1.11,0.3,1.83,1.73,-3.28,-1.38
ORISSAMINE,4085.2,2026-07-30,10.02,10.32,1.83,-3.83,-8.83,-17.82
BTTL,46.77,2026-07-30,-3.77,-5.05,1.83,38.37,,
JKTYRE,397.25,2026-07-30,0.41,-0.19,1.83,-1.2,-22.79,18.48
GFLLIMITED,46.83,2026-07-30,-0.26,1.54,1.83,-3.6,-3.06,-23.75
MAKEINDIA,164.26,2026-07-30,0.72,0.85,1.82,4.07,7.52,13.02
SENSEXIETF,893.86,2026-07-30,1.18,0.17,1.82,1.57,-4.93,-3.75
KHANDSE,17.46,2026-07-30,1.51,0.29,1.81,1.57,-9.3,-29.34
TNTELE,9.01,2026-07-30,-0.88,-0.11,1.81,-8.34,-0.99,-54.19
BIOCON,425.35,2026-07-30,-2.5,-2.55,1.81,18.41,16.1,7.19
ANTHEM,784.4,2026-07-30,-0.78,-0.9,1.8,3.47,31.23,2.05
KKCL,505.65,2026-07-30,0.74,0.13,1.79,6.95,10.79,-8.73
SBC,42.12,2026-07-30,0.07,-0.28,1.79,24.84,46.25,135.18
NIFTYIETF,275.03,2026-07-30,1.06,0.32,1.79,1.6,-3.61,-1.31
SGIL,596.2,2026-07-30,-0.59,-2.32,1.79,8.24,15.53,14.59
KOTARISUG,25.18,2026-07-30,1.37,-0.59,1.78,-9.46,3.96,-25.5
LLOYDSENGG,88.07,2026-07-30,-3.57,-2.91,1.78,52.45,97.47,25.35
TATAINVEST,678.65,2026-07-30,4.42,2.52,1.78,-5.19,9.51,1.34
DCMSIL,74.86,2026-07-30,-4.76,-13.42,1.77,14.86,,
FALCONTECH,11.5,2026-07-29,-1.71,8.49,1.77,-20.69,-20.42,-34.47
SETFNN50,778.64,2026-07-30,0.09,0.57,1.77,3.59,5.46,8.97
AUTOAXLES,1800.3,2026-07-30,0.44,-2.08,1.76,-2.47,-3.92,-1.55
HDFCNIFTY,273.48,2026-07-30,1.07,0.24,1.76,1.53,-3.61,-1.27
SETFNIF50,261.27,2026-07-30,1.0,0.33,1.76,1.62,-3.66,-1.35
GANDHITUBE,874.2,2026-07-30,-0.19,1.04,1.76,4.97,19.17,16.52
MOMGF,160.94,2026-07-30,0.59,1.29,1.76,3.99,7.45,12.67
ENIFTY,24.44,2026-07-30,1.08,0.29,1.75,1.75,-3.93,
IBLFL,61.05,2026-07-29,0.08,0.08,1.75,3.39,24.59,-1.69
UNIONBANK,170.4,2026-07-30,0.17,-3.14,1.74,5.72,-2.95,34.16
GRCL,573.3,2026-07-29,-2.0,-5.65,1.74,42.26,61.4,39.51
TATACONSUM,1094.2,2026-07-30,-1.19,0.21,1.73,-3.59,-2.68,2.83
NIFTYADD,255.92,2026-07-30,1.18,0.37,1.73,1.68,-3.55,-1.2
SCODATUBES,145.76,2026-07-30,-1.33,0.41,1.73,-1.47,12.17,-26.74
NIFTYBEES,276.49,2026-07-30,1.06,0.33,1.72,1.65,-3.57,-1.3
LICNFNHGP,278.62,2026-07-30,1.28,0.32,1.72,2.61,-1.59,0.92
HDFCNIF100,26.19,2026-07-30,1.2,0.27,1.71,2.34,-2.02,0.23
GROWWHOSPI,54.66,2026-07-30,1.0,1.11,1.71,13.43,,
QNIFTY,267.54,2026-07-30,1.26,0.31,1.7,1.89,-90.35,-90.12
HDFCBSE500,37.67,2026-07-30,1.02,0.11,1.7,3.77,1.81,1.78
LICNETFN50,271.53,2026-07-30,1.12,-0.34,1.7,1.15,-3.85,-1.88
GROWWCHEM,30.11,2026-07-30,-0.82,-1.57,1.69,6.32,8.23,
ARABIAN,69.15,2026-07-29,-0.43,2.83,1.69,-0.86,3.6,-20.06
NIFTY1,269.27,2026-07-30,1.07,0.07,1.68,1.76,-3.57,-1.27
FMCGIETF,53.23,2026-07-30,0.09,1.16,1.68,-2.63,-2.83,-9.12
DATAMATICS,821.6,2026-07-30,-3.88,-1.93,1.67,12.12,17.3,-11.93
METALIETF,12.77,2026-07-30,1.83,1.19,1.67,-0.23,7.76,35.71
AKASH,26.81,2026-07-30,1.21,-3.63,1.67,0.68,8.98,-2.93
QGOLDHALF,118.13,2026-07-30,-0.66,0.8,1.67,-4.43,-10.08,43.36
HSBCGOLD,123.89,2026-07-30,-1.22,0.99,1.67,-4.99,,
DHARMAJ,269.65,2026-07-30,3.65,3.75,1.66,3.97,10.77,-17.66
METAL,12.84,2026-07-30,1.99,1.5,1.66,-0.62,8.26,36.31
BSLSENETFG,78.3,2026-07-30,1.02,-0.19,1.66,1.4,-4.96,-3.57
NIITMTS,239.96,2026-07-30,2.74,2.12,1.66,-23.26,-39.54,-23.83
SARLAPOLY,97.84,2026-07-30,-2.72,-0.1,1.66,10.11,11.38,-16.37
BBNPPGOLD,137.85,2026-07-30,-0.54,0.84,1.66,-4.6,-14.35,42.55
GOLDTECH,55.92,2026-07-30,-2.15,2.46,1.65,41.46,24.38,-19.33
BEDMUTHA,109.69,2026-07-30,-2.22,2.51,1.65,-0.92,-14.11,-22.88
MONEXT50,72.58,2026-07-30,0.03,1.33,1.64,4.7,7.67,8.57
NAZARA,308.05,2026-07-30,1.53,-0.39,1.63,16.88,8.32,-9.46
AONETOTAL,11.88,2026-07-30,0.59,0.0,1.63,3.57,2.33,1.8
NETF,263.97,2026-07-30,1.37,0.24,1.63,1.64,-3.73,-1.51
MSCIINDIA,29.97,2026-07-30,0.81,0.2,1.63,2.22,-0.6,1.7
TSFINV,442.95,2026-07-30,2.63,-7.25,1.62,11.0,4.45,-5.64
MASKINVEST,151.75,2026-07-30,0.5,0.84,1.61,-2.64,5.21,-3.02
MASPTOP50,76.96,2026-07-30,-1.45,-3.39,1.6,-0.16,8.41,26.1
TNPL,149.46,2026-07-30,-4.22,2.41,1.6,-0.67,12.44,-4.81
MANUFGBEES,161.71,2026-07-30,0.45,0.32,1.6,3.9,7.37,
NIVABUPA,85.92,2026-07-30,-1.15,-0.19,1.6,9.7,8.94,0.88
CHEMICAL,30.1,2026-07-30,-1.44,-1.38,1.59,5.8,7.92,
ICDSLTD,40.99,2026-07-30,3.88,5.92,1.59,-11.89,-1.49,-4.36
HDFCNEXT50,74.11,2026-07-30,0.15,0.35,1.59,4.06,7.27,8.36
NIF100IETF,28.25,2026-07-30,1.07,0.07,1.58,3.97,-1.94,18.89
BSLNIFTY,28.48,2026-07-30,1.06,0.25,1.57,1.57,-3.42,-1.01
CHOICEGOLD,141.42,2026-07-30,-0.58,0.68,1.56,-4.28,-10.67,
GROWWNXT50,72.62,2026-07-30,-0.52,-0.19,1.54,3.74,7.14,
ABFRL,58.94,2026-07-30,3.31,2.9,1.52,-8.19,-11.25,-21.04
MOQUALITY,202.07,2026-07-30,0.25,0.18,1.5,0.14,1.67,6.16
HECPROJECT,128.74,2026-07-30,-6.51,11.37,1.49,-0.15,16.46,-22.22
WAKEFIT,125.46,2026-07-30,-1.75,-1.8,1.48,-9.12,-31.16,
IVZINGOLD,123.7,2026-07-30,-1.04,0.41,1.48,-5.03,-99.12,-98.57
PAVNAIND,18.0,2026-07-30,10.97,6.7,1.47,-6.15,2.45,-54.62
ABSLMSCIN,29.64,2026-07-30,0.99,0.1,1.47,2.21,,
IDFNIFTYET,267.51,2026-07-30,0.9,-0.18,1.47,1.45,-3.93,-1.98
MIDCAPBETA,232.94,2026-07-30,0.41,0.1,1.47,5.15,7.08,
WTICAB,112.25,2026-07-29,-6.15,-13.39,1.45,-2.43,-9.84,-40.2
MINDACORP,706.9,2026-07-30,2.07,4.53,1.45,35.92,25.72,40.13
SBINMID150,23.13,2026-07-30,0.78,-0.26,1.45,5.11,,
NEXT50,749.0,2026-07-30,0.23,0.4,1.43,4.31,7.49,8.52
EGOLD,142.3,2026-07-30,-0.77,0.67,1.43,-4.62,-14.17,42.51
LICNETFSEN,874.47,2026-07-30,0.87,-0.66,1.42,1.09,-5.3,-3.76
SPLIL,30.75,2026-07-30,-0.55,-5.85,1.42,-1.47,10.45,-24.82
KRONOX,152.09,2026-07-30,-2.22,-0.83,1.42,8.16,24.12,-18.03
LICNMID100,62.78,2026-07-30,0.26,-0.57,1.41,4.3,6.62,8.13
BSE500IETF,39.42,2026-07-30,0.82,0.03,1.41,2.79,1.1,1.73
NEXT50BETA,78.29,2026-07-30,0.17,0.18,1.41,3.38,8.33,
ESENSEX,78.19,2026-07-30,1.3,0.31,1.41,2.01,-5.4,
LOTUSEYE,118.47,2026-07-30,-0.4,-2.43,1.41,-0.34,-12.42,62.87
NIFTYBETA,269.26,2026-07-30,1.09,0.22,1.39,1.51,-3.6,
KIRLFER,465.7,2026-07-30,-3.17,-3.04,1.39,7.81,3.65,3.65
ABSLNN50ET,76.41,2026-07-30,0.25,0.46,1.38,4.06,7.79,8.54
NEAGI,3142.4,2026-07-30,3.54,3.37,1.37,-3.19,,
APOLLOPIPE,495.85,2026-07-30,-1.88,0.51,1.36,9.7,85.1,24.24
GOLDBND,142.19,2026-07-30,-0.6,0.5,1.35,-4.76,,
UNIONGOLD,139.25,2026-07-30,-1.0,0.54,1.35,-4.39,-9.7,42.31
SENSEXETF,80.21,2026-07-30,1.24,0.1,1.35,1.56,-4.83,-3.66
GENUSPAPER,12.06,2026-07-30,-4.21,8.84,1.34,-10.8,3.08,-34.49
GROWWMETAL,12.07,2026-07-30,1.77,1.26,1.34,-1.47,6.81,
JUNIORBEES,784.35,2026-07-30,0.11,0.37,1.34,4.19,7.5,8.43
ABGSEC,115.01,2026-07-30,0.41,0.21,1.33,2.69,3.6,4.39
CPEDU,206.68,2026-07-30,4.74,10.22,1.33,-3.99,-5.73,
TWCGOLDETF,141.93,2026-07-30,-0.87,0.47,1.33,-4.7,,
MOM100,67.62,2026-07-30,0.52,-0.34,1.33,5.08,7.62,8.52
HINDCOMPOS,426.15,2026-07-30,0.52,-3.42,1.33,-6.88,5.27,-14.11
SAHLIBHFI,81.48,2026-07-30,4.19,3.01,1.32,-0.33,,
GOLDADD,137.96,2026-07-30,-1.01,0.39,1.31,-4.82,-11.16,42.55
NEXT50IETF,76.5,2026-07-30,0.12,0.37,1.31,3.94,7.25,8.3
INDIANB,827.25,2026-07-30,-0.48,-3.64,1.3,-0.82,-7.33,37.47
SETFGOLD,121.13,2026-07-30,-1.0,0.45,1.3,-4.95,-11.2,42.44
MIDCAPIETF,23.8,2026-07-30,0.08,-0.13,1.28,4.57,6.87,7.11
MULTICAP,16.64,2026-07-30,0.48,-0.3,1.28,3.81,4.2,2.78
MOTISONS,14.23,2026-07-30,1.93,1.72,1.28,5.56,23.63,-32.43
HDFCGOLD,121.28,2026-07-30,-1.05,0.41,1.27,-4.87,-10.99,42.38
HGM,52.71,2026-07-30,0.59,7.81,1.27,-1.44,-10.37,-6.67
JINDALPOLY,629.75,2026-07-30,-0.89,-5.48,1.27,-13.22,60.55,9.13
DCBBANK,187.55,2026-07-30,-1.42,-1.21,1.27,1.27,-5.28,33.24
GOLDBETA,119.45,2026-07-30,-1.08,0.5,1.27,-4.97,-10.09,43.05
GOLDCASE,22.33,2026-07-30,-1.02,0.5,1.27,-4.9,-12.71,42.5
BHARATFORG,2164.7,2026-07-30,-0.76,-2.01,1.27,15.39,50.81,82.88
NGIL,40.09,2026-07-30,2.69,0.28,1.26,6.94,48.37,39.25
GOLDETF,138.04,2026-07-30,-0.98,0.43,1.25,-4.63,-11.11,42.38
INNOVISION,285.15,2026-07-30,0.56,-1.28,1.24,-11.75,,
SHIGAN,65.5,2026-07-29,4.72,3.72,1.24,-10.27,-2.96,-18.91
RML,1153.4,2026-07-30,1.83,-0.68,1.23,44.56,58.71,38.16
MONIFTY500,23.86,2026-07-30,1.02,0.29,1.23,3.25,1.27,1.88
DOLLAR,267.5,2026-07-30,5.03,3.34,1.23,-9.72,-13.89,-27.98
SANSERA,3235.2,2026-07-30,-1.15,-3.0,1.22,28.71,86.45,138.76
TIRUMALCHM,168.87,2026-07-30,-1.87,3.97,1.22,-17.27,-11.34,-43.7
MID150CASE,11.57,2026-07-30,0.35,-0.34,1.22,4.9,7.73,7.83
MOGOLD,140.65,2026-07-30,-0.85,0.54,1.22,-4.61,-14.37,
GOLDBEES,117.37,2026-07-30,-1.05,0.45,1.21,-4.91,-10.49,42.46
COASTCORP,49.46,2026-07-30,-1.22,-6.36,1.21,-13.52,10.85,35.36
NV20BEES,141.12,2026-07-30,1.46,-0.28,1.2,-2.31,-9.07,48.2
MID150BEES,238.0,2026-07-30,0.22,-0.39,1.19,4.66,7.43,7.42
NEXT50ETF,72.95,2026-07-30,0.07,0.15,1.19,5.24,7.35,
MANKIND,2575.9,2026-07-30,0.95,0.39,1.19,14.65,21.28,0.05
CHEMFAB,373.55,2026-07-30,-0.92,0.15,1.18,-8.6,-7.8,-51.97
OLIL,428.0,2026-07-29,2.39,0.0,1.18,13.57,40.63,95.43
UTIAMC,909.3,2026-07-30,0.59,-2.21,1.18,-0.41,-2.73,-30.05
DOLPHIN,375.85,2026-07-30,-0.87,-0.57,1.18,-9.72,-17.46,-14.58
GOLDIETF,121.52,2026-07-30,-1.15,0.38,1.18,-5.03,-12.96,42.25
GROWWGOLD,13.87,2026-07-30,-1.07,0.43,1.17,-4.87,-91.19,-85.78
TATAGOLD,13.79,2026-07-30,-1.01,0.44,1.17,-4.77,-12.56,42.31
ARIHANTSUP,258.6,2026-07-30,-0.79,-1.37,1.17,-6.27,-4.68,-39.82
BTML,6.16,2026-07-30,-7.78,0.82,1.15,-4.64,-25.78,-24.14
BSLGOLDETF,124.82,2026-07-30,-1.01,0.53,1.15,-4.72,-13.57,42.42
AVG,205.0,2026-07-30,-0.3,-0.77,1.14,24.36,34.35,-16.65
GOLD1,118.39,2026-07-30,-1.09,0.3,1.14,-5.06,-9.04,42.64
SAURASHCEM,56.77,2026-07-30,-2.0,-6.03,1.14,-6.61,-20.93,-52.3
SIRCA,406.95,2026-07-30,2.31,3.58,1.13,-3.96,-12.27,-5.07
GOLD360,138.75,2026-07-30,-0.79,0.36,1.13,-4.84,-9.37,41.87
MIDCAPETF,23.54,2026-07-30,0.56,-0.17,1.12,4.72,7.64,7.44
SUBEXLTD,11.75,2026-07-30,-4.55,-9.13,1.12,25.8,26.62,-10.24
HRHNEXT,27.05,2026-07-29,0.0,-6.56,1.12,-14.13,-13.3,-31.43
MALUPAPER,31.76,2026-07-30,-9.77,9.9,1.11,-2.34,0.86,-20.82
USHAMART,502.4,2026-07-30,0.06,-1.18,1.11,11.2,22.76,33.94
HERITGFOOD,329.4,2026-07-30,0.67,-0.96,1.11,-7.33,-7.58,-30.15
EMBASSY,437.06,2026-07-29,-0.2,-2.72,1.11,3.92,2.98,17.61
BOROLTD,235.79,2026-07-30,0.88,0.22,1.1,-4.6,-5.95,-28.76
SUDEEPPHRM,856.25,2026-07-30,-0.22,-1.0,1.09,21.23,40.81,
SYMPHONY,683.5,2026-07-30,0.67,-3.28,1.07,-18.7,-25.27,-39.36
NV20IETF,13.75,2026-07-30,0.95,-0.72,1.03,-2.2,-8.94,-3.51
MNC,33.76,2026-07-30,0.33,0.9,1.02,2.61,8.45,15.06
AONEGOLD,13.26,2026-07-30,-0.9,0.62,1.02,-4.91,-13.23,
GREENPANEL,192.88,2026-07-30,0.53,0.01,0.98,-15.74,-15.81,-39.72
GROWWSC250,10.31,2026-07-30,0.68,-1.06,0.98,6.84,13.48,
MOMNC,32.67,2026-07-30,0.0,0.88,0.97,2.98,8.07,
LICMFGOLD,127.55,2026-07-30,-1.16,0.0,0.95,-4.96,-99.15,-98.58
MID150,23.36,2026-07-30,0.39,-0.55,0.95,5.51,7.21,6.76
HDFCVALUE,126.76,2026-07-30,0.88,-0.83,0.94,-2.36,-9.28,-3.85
RUDRA,17.26,2026-07-30,-2.38,0.82,0.94,-17.14,-7.2,
EFCIL,190.07,2026-07-30,-3.54,-0.54,0.94,-1.15,-25.81,
BAHETI,716.5,2026-07-29,0.55,0.65,0.92,22.36,15.68,23.45
GIPCL,162.01,2026-07-30,-0.35,-0.71,0.92,3.29,15.06,-16.76
HDFCMID150,23.3,2026-07-30,0.26,-0.21,0.91,5.1,7.23,7.27
CHEMBONDCH,218.61,2026-07-30,-9.15,-13.37,0.91,44.47,53.7,7.37
SMALLCAP,46.79,2026-07-30,-0.26,-1.14,0.91,6.12,11.33,1.28
PARKHOTELS,121.04,2026-07-30,-1.05,-3.77,0.91,-0.57,-0.32,-20.89
HEALTHX,310.2,2026-07-30,-1.07,-2.5,0.89,10.1,4.48,7.02
TVSSCS,135.65,2026-07-30,-0.71,-0.37,0.89,18.46,40.56,4.51
PWL,125.22,2026-07-30,1.73,-5.87,0.88,15.33,4.83,
PRATHAM,114.0,2026-07-29,-0.13,-2.48,0.88,-19.46,-17.39,-22.84
GLAND,2517.0,2026-07-30,3.7,2.35,0.88,43.76,36.3,23.28
WELSPUNLIV,160.14,2026-07-30,-2.07,-1.98,0.88,24.25,29.3,20.63
GILT10BETA,26.54,2026-07-30,0.84,-1.01,0.87,2.0,2.71,2.23
INDIGRID,178.32,2026-07-29,0.63,-0.13,0.87,4.54,14.04,22.41
MIDCAPADD,23.06,2026-07-30,0.52,-0.3,0.87,4.25,7.16,
BETA,2203.4,2026-07-30,-1.22,-9.67,0.86,65.66,50.36,29.72
NEPHROPLUS,683.1,2026-07-30,0.21,8.64,0.85,29.07,29.45,
NESCO,1080.5,2026-07-30,7.16,-0.41,0.84,-11.42,-4.58,-16.46
FINIETF,32.58,2026-07-30,0.0,-0.18,0.84,3.56,3.33,9.33
JUNIPER,195.63,2026-07-30,-1.2,0.12,0.84,-3.57,-13.9,-35.4
WINDLAS,859.9,2026-07-30,0.28,-1.34,0.83,1.71,2.06,-13.1
LUPIN,2421.2,2026-07-30,0.46,-2.31,0.82,5.79,13.28,22.88
TCI,931.15,2026-07-30,-0.12,0.11,0.81,0.56,-11.68,-21.34
PLATIND,226.88,2026-07-30,-5.56,-0.89,0.81,-5.1,-3.52,-21.47
GHCL,440.05,2026-07-30,0.33,1.28,0.8,-10.83,-14.85,-28.54
OILIETF,11.3,2026-07-30,0.27,-1.82,0.8,-4.88,-5.28,-2.08
ARIES,338.3,2026-07-30,-1.64,-2.07,0.79,-8.92,2.07,-9.93
MOSMALL250,17.96,2026-07-30,0.17,-0.94,0.79,5.9,13.67,3.76
GLOTTIS,67.01,2026-07-30,0.51,1.22,0.77,13.75,33.04,
SHILPAMED,602.95,2026-07-30,-2.84,-3.6,0.76,48.27,108.67,31.36
SAKAR,844.4,2026-07-30,1.73,-6.05,0.75,34.45,115.9,142.92
SHIVAMILLS,62.91,2026-07-30,5.64,5.98,0.75,4.41,18.21,-16.74
3PLAND,31.79,2026-07-30,-1.55,0.25,0.73,-9.22,-10.12,-27.82
SMALLADD,17.97,2026-07-30,0.17,-0.94,0.73,7.16,13.73,
INDIQUBE,170.59,2026-07-30,-3.9,4.48,0.73,-2.86,-3.22,-21.74
LAMBODHARA,112.33,2026-07-30,-1.65,-3.02,0.72,6.15,-2.0,-14.6
VENTIVE,632.15,2026-07-30,2.32,1.82,0.72,2.01,-15.27,-19.06
GSEC10IETF,263.18,2026-07-30,-0.86,0.07,0.72,2.53,1.42,2.01
INDIANCARD,223.25,2026-07-30,-0.6,0.1,0.71,7.28,-0.09,-24.08
GROWWMC150,230.17,2026-07-30,0.53,-0.36,0.7,4.44,7.5,
EBBETF0425,1290.83,2025-04-08,0.02,0.23,0.7,1.9,3.85,7.57
MOGSEC,65.33,2026-07-30,-0.61,0.62,0.69,2.77,3.6,4.18
AGARWALEYE,482.2,2026-07-30,1.26,-0.52,0.68,8.34,11.43,5.94
ONMOBILE,61.86,2026-07-30,-0.31,1.94,0.67,11.92,29.66,14.22
HDFCSML250,179.85,2026-07-30,-0.05,-0.86,0.67,6.65,13.55,3.31
MANALIPETC,64.52,2026-07-30,-3.66,1.02,0.66,20.76,12.17,-5.8
MOM50,251.1,2026-07-30,-0.01,-0.96,0.64,0.46,-4.5,-2.54
EBBETF0433,1317.75,2026-07-30,0.37,0.44,0.63,3.9,4.2,5.33
PGIL,2028.0,2026-07-30,0.57,-3.18,0.62,32.76,30.91,24.85
TORNTPOWER,1423.5,2026-07-30,-1.15,-0.68,0.61,-17.72,4.01,7.99
IDBI,84.04,2026-07-30,-0.52,-1.16,0.61,10.75,-15.6,-10.76
RELAXO,408.15,2026-07-30,1.68,-6.61,0.59,36.92,4.33,-14.95
AUROIMPEX,25.9,2026-07-29,1.57,2.37,0.58,-23.82,-29.62,-51.36
DJML,115.79,2026-07-30,1.14,8.56,0.58,25.56,56.77,3.88
EBBETF0431,1440.96,2026-07-30,-0.05,0.38,0.58,2.84,3.86,5.27
VIJAYA,1360.2,2026-07-30,0.7,1.91,0.56,20.41,41.88,24.64
SMALL250,17.87,2026-07-30,0.17,-1.11,0.56,6.62,13.32,
ABCAPITAL,394.05,2026-07-30,-1.6,-1.77,0.54,14.05,15.97,58.38
NIRAJISPAT,204.09,2026-07-30,7.13,6.85,0.54,-17.29,17.29,-56.71
CANTABIL,240.66,2026-07-30,0.94,-5.52,0.54,-0.5,-17.74,-9.6
IMPAL,1085.9,2026-07-30,-4.11,-2.52,0.53,10.35,1.98,5.54
PARIN,729.0,2026-07-29,-0.74,-0.14,0.52,15.71,17.69,92.83
MARUTI,14188.0,2026-07-30,3.34,4.99,0.52,6.56,-2.82,13.66
HINDZINC,535.9,2026-07-30,1.18,2.54,0.52,-10.08,-13.18,26.19
GILLETTE,7719.0,2026-07-30,-2.79,-1.24,0.51,-2.95,-10.46,-25.62
SEAMECLTD,1427.6,2026-07-30,1.16,4.9,0.51,-10.34,12.18,76.0
IVC,8.28,2026-07-30,0.12,-0.12,0.49,3.5,8.24,2.4
SANOFICONR,4619.7,2026-07-30,-1.4,2.01,0.49,-1.53,10.45,-5.41
CINELINE,81.0,2026-07-30,-1.57,4.29,0.48,-6.01,-5.67,-15.17
LEMERITE,23.36,2026-07-30,9.52,11.45,0.47,-73.45,-74.33,-64.2
IITL,135.83,2026-07-30,2.44,6.0,0.47,-18.22,-4.98,-16.15
PFC,426.25,2026-07-30,1.46,3.0,0.46,-4.94,14.37,7.36
KANCHI,370.7,2026-07-30,-0.05,3.4,0.45,-9.36,,
DEEDEV,646.25,2026-07-30,-5.33,-7.07,0.44,54.98,241.95,126.12
INCREDIBLE,32.61,2026-07-30,-2.48,0.56,0.43,-4.57,-14.54,-18.54
ADANIENT,3049.1,2026-07-30,0.41,-4.22,0.43,26.66,50.98,20.43
ANTELOPUS,797.6,2026-07-30,-8.9,-7.45,0.42,14.97,44.82,33.26
SBILIQETF,1049.62,2026-07-30,0.04,0.13,0.42,1.2,2.39,
LIQUIDCASE,115.24,2026-07-30,0.04,0.15,0.42,1.19,2.39,5.03
LIQUIDPLUS,1096.62,2026-07-30,0.04,0.13,0.41,1.2,2.4,5.09
GMRP&UI,99.48,2026-07-30,1.91,2.42,0.41,-6.64,-1.18,-12.75
HDFCLIQUID,1071.49,2026-07-30,0.04,0.13,0.41,1.2,2.36,6.9
LIQUID1,1115.82,2026-07-30,0.04,0.14,0.41,1.21,2.41,5.11
AONELIQUID,1070.37,2026-07-30,0.04,0.13,0.41,1.19,2.39,5.06
ELIQUID,1041.49,2026-07-30,0.04,0.18,0.41,1.24,2.44,
CASHIETF,1073.05,2026-07-30,0.04,0.14,0.41,1.2,2.39,5.07
IOC,139.94,2026-07-30,-1.12,-1.73,0.4,-1.62,-13.19,0.11
CARRARO,536.15,2026-07-30,0.02,-4.61,0.4,-4.27,2.51,12.5
ENFUSE,164.5,2026-07-29,-3.8,0.03,0.4,-17.87,-19.76,-28.46
AJANTPHARM,3436.4,2026-07-30,1.49,-0.94,0.4,21.74,23.53,24.08
LIQUIDADD,1137.96,2026-07-30,0.04,0.13,0.4,1.18,2.36,5.0
LIQUIDBETF,1092.39,2026-07-30,0.04,0.13,0.4,1.16,2.32,4.92
TIMEX,530.5,2026-07-30,-5.48,-6.51,0.39,54.91,,
GROWWLIQID,110.12,2026-07-30,0.04,0.13,0.39,1.13,2.25,4.81
LIQGRWBEES,1049.6,2026-07-30,0.04,0.13,0.39,1.13,2.27,4.8
BBETF0432,1356.53,2026-07-30,0.48,0.49,0.38,2.82,4.23,5.52
LIQUIDSHRI,1115.13,2026-07-30,0.04,0.13,0.38,1.13,2.27,4.83
MUTHOOTFIN,3008.7,2026-07-30,-0.57,0.87,0.38,-12.13,-20.77,15.23
SUDARCOLOR,353.9,2026-07-30,-1.69,-2.99,0.37,1.4,-6.47,-40.07
SHERA,164.3,2026-07-29,-4.48,-5.57,0.34,15.95,31.02,19.49
SETF10GILT,264.29,2026-07-30,-0.83,0.21,0.34,2.67,2.02,2.58
MMP,280.95,2026-07-30,-1.44,-1.23,0.34,14.11,11.71,2.43
KEL,79.0,2026-07-29,1.15,0.0,0.32,-4.82,-17.71,-30.61
EBBETF0430,1610.6,2026-07-30,0.05,0.51,0.32,2.92,3.44,5.4
ZYDUSLIFE,1115.1,2026-07-30,0.62,-2.86,0.31,25.14,26.07,12.15
LICNETFGSC,29.48,2026-07-30,0.07,0.27,0.31,3.15,2.86,3.73
INDUSTOWER,392.9,2026-07-30,1.42,-2.26,0.31,-4.16,-11.57,2.37
ROSSELLIND,57.82,2026-07-30,-1.82,-7.37,0.31,4.11,33.38,-11.68
DBSTOCKBRO,33.74,2026-07-30,-0.03,-8.07,0.3,22.47,35.72,21.15
SRHHYPOLTD,486.5,2026-07-30,-0.12,0.09,0.3,-0.49,8.73,-24.27
MEGATHERM,207.35,2026-07-29,-3.24,-7.8,0.29,-27.94,0.31,-34.49
PACEDIGITK,203.34,2026-07-30,2.8,0.45,0.26,19.08,18.57,
ASHOKLEY,158.09,2026-07-30,1.95,2.13,0.25,-0.8,-18.25,32.8
RVHL,44.27,2026-07-30,-2.77,-2.72,0.25,5.53,0.16,5.58
CASTROLIND,184.82,2026-07-30,0.27,0.3,0.21,0.0,3.26,-12.24
ORIENTCER,39.75,2026-07-30,-1.41,-4.52,0.2,-3.33,-5.33,-3.38
GEMAROMA,183.87,2026-07-30,-2.9,-0.55,0.19,12.41,9.71,
SHRINGARMS,219.9,2026-07-30,-0.13,-1.96,0.19,8.89,1.52,
KICL,5326.0,2026-07-30,-2.19,-3.81,0.18,11.99,13.66,9.71
SUNDARMFIN,4490.9,2026-07-30,1.68,1.48,0.17,-0.45,-14.21,-4.55
GRASIM,3104.8,2026-07-30,-0.24,-1.24,0.15,11.1,10.14,12.96
UNIMECH,1173.4,2026-07-30,-2.48,-7.93,0.15,17.06,33.21,1.88
UTKARSHBNK,14.31,2026-07-30,-1.38,-4.66,0.14,-0.83,5.45,-35.4
NSIL,5503.0,2026-07-30,1.07,0.98,0.12,-3.21,-6.04,-18.64
GILT5YBEES,65.99,2026-07-30,-0.06,0.2,0.11,2.5,3.53,5.21
LTGILTBEES,29.97,2026-07-30,-0.03,0.27,0.1,3.03,2.85,3.77
GAIL,173.64,2026-07-30,-0.34,0.36,0.1,6.38,7.03,-0.27
CAPILLARY,513.9,2026-07-30,-4.0,6.33,0.1,-6.8,-18.11,
KSL,880.75,2026-07-30,-1.7,-4.44,0.09,3.65,23.93,-3.36
XPROINDIA,1394.7,2026-07-30,0.04,0.55,0.09,37.17,48.06,24.74
METROGLOBL,128.42,2026-07-30,-1.91,-3.7,0.09,-4.52,,
NEXT50ADD,71.96,2026-07-30,-1.07,-1.22,0.08,2.96,,
CIPLA,1466.4,2026-07-30,4.04,1.72,0.07,13.02,11.79,-5.08
RAYMOND,582.2,2026-07-30,-2.15,-5.0,0.07,24.99,53.23,-14.83
GILT5BETA,66.07,2026-07-30,0.66,1.65,0.06,1.49,4.08,4.79
MCCHRLS-B,703.55,2026-07-30,0.66,0.29,0.06,3.11,,
CAMS,793.15,2026-07-30,1.03,2.92,0.05,7.94,14.71,3.67
VHLTD,130.09,2026-07-30,-2.98,-1.01,0.05,-7.31,-2.5,24.66
MERCANTILE,23.71,2026-07-30,-3.97,0.04,0.04,2.42,,
COMMOIETF,99.92,2026-07-30,0.07,-1.1,0.04,-4.31,1.95,11.7
MVKAGRO,374.95,2026-07-29,-0.77,-6.47,0.03,-27.92,-38.34,60.75
KRYSTAL,600.2,2026-07-30,-0.02,-0.03,0.03,-0.99,-0.14,-6.55
GATEWAY,57.86,2026-07-30,-1.09,-0.69,0.02,0.85,1.92,-14.72
NIRLON,620.4,2026-07-30,0.06,0.05,0.02,8.73,,
HEIDELBERG,152.84,2026-07-30,-3.3,-4.17,0.02,-3.77,-10.26,-26.85
MIDSMALL,50.79,2026-07-30,0.08,-0.18,0.02,2.46,8.09,3.34
ADVENZYMES,306.2,2026-07-30,-3.28,-3.61,0.01,-11.56,3.61,-11.78
MPTODAY,46.0,2026-07-29,0.0,0.0,0.0,12.75,-3.26,-13.94
JINDCOT,2.5,2024-11-08,0.0,0.0,0.0,0.0,0.0,0.0
BKMINDST,45.0,2026-07-29,0.0,0.0,0.0,0.0,0.0,0.0
AHIMSA,24.7,2026-07-29,0.0,0.0,0.0,0.0,4.22,1.44
ABSLLIQUID,999.99,2026-07-30,-0.0,-0.0,-0.0,0.52,1.29,3.27
SRIRAM,10.1,2026-07-29,0.0,0.0,0.0,0.0,0.0,0.0
OMKARCHEM,3.41,2026-07-29,0.0,0.0,0.0,0.0,-35.17,-33.53
DOLLEX,30.1,2026-07-29,0.84,0.33,0.0,-4.14,-20.37,-28.84
VISAMAN,107.6,2026-07-29,0.0,0.0,0.0,-8.74,-19.43,12.55
SHAIVAL,33.0,2026-07-29,0.0,0.0,0.0,0.0,8.2,8.2
JAKHARIA,60.5,2026-07-29,0.0,0.0,0.0,0.0,0.0,-31.33
SANCO,2.9,2026-07-29,0.0,0.0,0.0,11.11,-4.29,-8.23
SUULD,1.57,2026-07-29,0.0,0.0,0.0,0.0,0.0,-29.6
BLBLIMITED,15.53,2026-07-30,-3.6,-3.54,0.0,-9.18,14.61,0.98
INDLMETER,23.69,2026-07-29,0.0,0.0,0.0,0.0,0.0,0.0
SECURCRED,1.56,2026-07-29,0.0,0.0,0.0,0.0,0.0,0.0
MBECL,65.4,2026-07-29,0.0,0.0,0.0,0.0,0.0,0.0
DSKULKARNI,13.55,2026-07-29,0.0,0.0,0.0,0.0,0.0,0.0
DRSDILIP,110.0,2026-07-29,0.0,0.0,0.0,-7.95,110.53,12.24
RMCL,200.0,2026-07-29,0.0,0.0,0.0,0.0,0.0,0.0
MAL,33.0,2026-07-29,1.85,0.15,0.0,-11.88,-24.49,-56.0
BURNPUR,33.0,2026-07-29,0.0,0.0,0.0,0.0,0.0,0.0
DESTINY,105.9,2026-07-29,0.0,0.0,0.0,0.0,-7.91,-10.63
SAHAJ,3.85,2026-07-29,0.0,0.0,0.0,0.0,-20.62,-56.25
GOENKA,0.82,2026-07-29,0.0,0.0,0.0,0.0,0.0,-3.53
AFSL,201.0,2026-07-30,-0.01,-0.04,0.0,-0.3,0.0,-9.97
GSEC10YEAR,30.48,2026-07-30,-0.39,0.43,0.0,2.35,2.8,4.31
ALPSINDUS,34.3,2026-07-29,0.0,0.0,0.0,0.0,0.0,66.5
VASA,4.45,2026-07-29,0.0,0.0,0.0,-4.3,-11.0,-8.25
MARSHALL,3.64,2026-07-29,0.0,0.0,0.0,0.0,0.0,-56.77
BABAFP,25.0,2026-07-29,2.04,4.17,0.0,-9.09,-12.43,-33.86
ASTRON,3.85,2026-07-30,-3.51,2.94,0.0,-13.09,-17.03,-74.33
GANGOTRI,0.61,2026-07-29,0.0,0.0,0.0,0.0,0.0,-1.61
TECHIN,14.0,2026-07-29,0.0,0.0,0.0,0.0,0.0,0.0
PODDARHOUS,43.37,2026-07-29,0.0,0.0,0.0,0.0,0.0,0.0
EMPOWER,2.46,2026-07-30,2.5,6.96,0.0,26.15,,
MELSTAR,4.25,2026-07-29,0.0,0.0,0.0,0.0,0.0,0.0
LIQUIDIETF,999.99,2026-07-30,0.0,0.0,0.0,0.0,0.0,0.0
LIQUIDBEES,999.99,2026-07-30,0.0,-0.0,-0.0,0.0,-0.0,0.98
SECL,3.0,2026-07-29,0.0,0.0,0.0,-13.04,-26.83,-50.0
BRIGHT,2.8,2026-07-29,0.0,0.0,0.0,0.0,0.0,0.0
KALYANI,138.09,2026-07-29,0.0,0.0,0.0,0.0,0.0,0.0
HERCULES,159.32,2026-07-29,0.0,0.0,0.0,0.0,0.0,-11.07
FILATFASH,0.18,2026-07-30,0.0,0.0,0.0,-30.77,-37.93,-71.43
INFINIUM,206.0,2026-07-29,-0.05,-2.23,0.0,-2.83,-4.76,-25.83
PATTECH,114.85,2026-07-29,0.0,0.0,0.0,8.35,13.32,-19.57
KTL,4.85,2026-07-29,0.0,0.0,0.0,0.0,0.0,-34.46
PERFECT,8.1,2026-07-29,0.0,0.0,0.0,0.0,0.0,-5.26
LIQUIDSBI,1000.0,2026-07-30,0.0,-0.0,-0.0,0.4,1.15,3.51
LIQUIDETF,1000.0,2026-07-30,0.0,0.0,0.0,0.0,0.72,3.34
LIQUID,999.99,2026-07-30,0.0,0.0,0.0,0.4,1.13,4.08
MINDPOOL,71.1,2026-07-29,0.0,0.0,0.0,0.0,0.0,-6.39
AVSL,119.7,2026-07-29,0.0,0.0,0.0,0.0,0.0,-4.24
NELCO,929.75,2026-07-30,-0.43,4.51,-0.01,32.31,42.23,11.15
ONEPOINT,57.08,2026-07-30,2.96,6.0,-0.04,5.88,11.29,15.45
WILLAMAGOR,25.3,2026-07-30,-0.59,-2.73,-0.04,-7.02,-11.75,-27.07
INFRABEES,968.71,2026-07-30,0.56,-0.55,-0.05,-0.15,2.6,2.62
20MICRONS,200.07,2026-07-30,-1.93,-3.01,-0.06,13.8,14.84,-17.79
LTGILTCASE,30.48,2026-07-30,-0.16,0.03,-0.07,2.83,2.52,
RELIANCE,1292.9,2026-07-30,1.01,-2.28,-0.08,-9.22,-6.92,-7.52
SUMMITSEC,1509.9,2026-07-30,0.9,0.83,-0.09,-3.19,-14.61,-26.81
NAHARCAP,249.46,2026-07-30,2.02,-0.78,-0.1,-0.58,5.86,-18.08
ALPA,67.48,2026-07-30,1.35,-1.56,-0.1,1.96,-0.97,-34.95
UNITEDTEA,471.4,2026-07-30,-0.33,1.87,-0.13,-12.08,-0.2,2.14
SUNREST,35.0,2026-07-29,0.0,0.0,-0.14,-3.58,7.69,-35.72
DKEGL,70.75,2026-07-29,7.28,4.12,-0.14,-9.87,-1.74,4.14
IWP,32.84,2026-07-30,-0.12,1.55,-0.15,-3.27,,
GOODLUCK,1484.7,2026-07-30,-2.81,-4.85,-0.15,18.34,33.04,34.73
AUROPHARMA,1576.3,2026-07-30,1.74,1.07,-0.15,13.44,30.52,36.63
CREST,377.2,2026-07-30,0.59,-0.01,-0.16,3.07,4.81,0.01
SBIN,1025.3,2026-07-30,0.46,-3.27,-0.16,-2.31,-3.1,30.2
NATCOPHARM,929.85,2026-07-30,0.3,-2.19,-0.16,-15.14,11.43,-3.89
AVANTIFEED,930.7,2026-07-30,-4.99,-10.01,-0.18,-32.59,16.76,36.47
SEJALLTD,757.1,2026-07-30,-1.99,3.32,-0.18,-10.23,8.0,55.75
NMDC,85.01,2026-07-30,1.78,1.38,-0.18,-5.93,7.86,23.26
NINSYS,823.25,2026-07-30,-2.6,-8.34,-0.19,58.41,141.67,91.59
VAL30IETF,15.37,2026-07-30,0.13,-0.65,-0.19,-3.09,-0.07,17.78
VALUE,16.15,2026-07-30,0.5,-0.31,-0.21,-2.75,,
POWERGRID,285.7,2026-07-30,-1.09,-1.04,-0.21,-10.26,12.63,2.11
ALPHA,51.4,2026-07-30,-0.08,-0.48,-0.21,5.24,10.21,2.51
MAXHEALTH,1124.8,2026-07-30,0.92,2.03,-0.22,13.47,17.77,-10.9
BEML,1756.4,2026-07-30,-1.33,-0.8,-0.23,-2.62,-1.87,-12.32
GPECO,433.35,2026-07-29,0.66,3.2,-0.23,14.1,33.34,-26.35
EMAMILTD,403.35,2026-07-30,-2.6,-0.44,-0.23,-9.26,-15.63,-27.24
GSEC10ABSL,112.09,2026-07-29,-0.58,-1.14,-0.24,1.57,2.36,2.74
INFRAIETF,96.17,2026-07-30,0.56,-1.11,-0.24,-0.61,2.21,2.29
MALLCOM,1031.5,2026-07-30,3.21,-0.25,-0.26,-5.61,-6.32,-19.97
ASMS,7.1,2026-07-30,1.28,-1.53,-0.28,-9.32,-33.58,-47.41
MOALPHA50,53.21,2026-07-30,-0.5,-0.24,-0.29,5.16,9.81,
EIMCOELECO,1748.2,2026-07-30,-4.46,-4.07,-0.29,11.39,-0.52,-23.71
RATEGAIN,896.45,2026-07-30,-1.03,-5.48,-0.3,48.76,46.45,102.82
HONAUT,39505.0,2026-07-30,5.28,3.38,-0.3,27.67,18.7,2.49
GPPL,150.61,2026-07-30,1.55,-0.57,-0.32,-3.49,-9.84,0.53
TIIL,2556.3,2026-07-30,-1.42,-0.42,-0.34,3.71,26.88,-21.73
JMA,87.8,2026-07-30,-1.22,-1.44,-0.35,-0.22,14.34,-3.04
GEECEE,344.45,2026-07-30,1.04,-0.13,-0.35,16.4,11.64,-6.95
KDL,111.95,2026-07-29,-2.06,-2.65,-0.36,-28.33,-34.76,-60.86
SPLPETRO,703.65,2026-07-30,-7.52,-0.24,-0.36,-6.06,24.81,-10.62
MAGNUM,19.18,2026-07-30,-3.38,2.84,-0.36,-6.94,-12.38,-21.0
SHREEOSFM,54.05,2026-07-29,-10.66,-13.52,-0.37,-23.55,-25.7,-49.93
INDPRUD,6501.0,2026-07-30,-0.78,-1.04,-0.37,-4.47,,
EPACK,231.8,2026-07-30,-0.13,-3.75,-0.39,-17.01,2.43,-36.08
WESTLIFE,486.95,2026-07-30,4.83,8.19,-0.4,2.33,-1.26,-35.09
LGBBROSLTD,1589.0,2026-07-30,2.27,2.44,-0.43,-9.7,-6.97,24.82
IOLCP,144.65,2026-07-30,-4.5,-6.94,-0.44,53.36,98.04,46.19
JUBLPHARMA,961.65,2026-07-30,-1.84,-5.59,-0.44,4.32,-1.56,-21.81
MANAKALUCO,35.13,2026-07-30,-0.2,-4.62,-0.45,-5.87,-18.44,16.43
OMINFRAL,88.01,2026-07-30,1.11,0.24,-0.46,-5.05,12.53,-24.91
DIAMINESQ,239.34,2026-07-30,-3.43,-5.14,-0.46,-9.02,-6.05,-39.92
ISFT,79.7,2026-07-30,3.41,9.67,-0.46,5.79,-6.33,-21.95
HINDUNILVR,2107.9,2026-07-30,-3.07,-1.49,-0.49,-5.4,-10.27,-11.95
PENIND,166.62,2026-07-30,0.88,-1.5,-0.49,-0.61,-2.47,-28.89
NSLNISP,42.64,2026-07-30,1.16,-0.79,-0.49,-0.19,0.42,14.32
SHRADHA,33.92,2026-07-30,-2.7,-9.23,-0.5,-5.96,-14.65,-46.33
PNBHOUSING,1033.1,2026-07-30,-4.21,-5.95,-0.51,-1.2,25.62,5.23
GROWWRAIL,29.02,2026-07-30,0.73,-0.21,-0.51,-10.87,-15.69,-20.32
ASPINWALL,239.87,2026-07-30,-2.85,-4.62,-0.51,7.26,16.4,-14.28
YCCL,9.5,2026-07-29,1.6,-2.56,-0.52,-3.06,-15.18,-25.2
PILANIINVS,4317.7,2026-07-30,-0.63,-1.16,-0.52,-8.28,-6.24,-15.86
FOODSIN,54.14,2026-07-30,0.95,-6.14,-0.53,-15.94,-9.84,-50.83
CEATLTD,3464.0,2026-07-30,2.8,1.66,-0.53,0.55,-7.92,2.89
MOSCHIP,205.4,2026-07-30,-1.39,-12.14,-0.53,1.97,-2.39,22.47
CMRSL,71.0,2026-07-29,9.06,13.15,-0.56,-2.74,-0.42,-15.04
KALYANIFRG,608.25,2026-07-30,0.7,1.27,-0.56,0.81,0.8,-16.47
MOBIKWIK,198.73,2026-07-30,-3.32,-7.19,-0.56,-7.7,0.36,-20.28
KOTAKBANK,389.4,2026-07-30,1.23,1.92,-0.56,1.77,-4.39,-0.48
HEXATRADEX,157.42,2026-07-30,0.12,-0.86,-0.56,-5.55,-2.1,-13.88
BATLIBOI,82.37,2026-07-30,-2.47,0.83,-0.57,-0.34,,
RBMINFRA,273.45,2026-07-29,-6.0,5.89,-0.58,-31.65,-14.43,-39.99
ABSLPSE,10.28,2026-07-30,-1.06,-0.96,-0.58,-6.63,-1.53,3.52
DEEM,51.0,2026-07-29,0.0,-7.94,-0.58,40.3,12.46,-11.84
APTUS,277.2,2026-07-30,-0.66,-9.25,-0.59,7.55,1.59,-15.87
ALBERTDAVD,690.1,2026-07-30,1.59,-0.41,-0.59,-2.83,1.13,-22.36
GLOBAL,102.82,2026-07-30,-1.13,2.66,-0.6,-0.27,26.28,52.99
SUTLEJTEX,38.03,2026-07-30,-0.26,-2.61,-0.6,-1.22,31.36,-12.19
CCL,1174.0,2026-07-30,-0.03,-2.26,-0.61,3.43,21.3,40.0
AUBANK,1030.7,2026-07-30,-2.04,3.77,-0.61,1.45,4.92,38.11
TATASTEEL,186.92,2026-07-30,1.45,0.27,-0.61,-9.74,-1.22,18.23
AVTNPL,70.42,2026-07-30,0.28,1.09,-0.62,1.62,6.0,-4.91
RAMAPHO,125.86,2026-07-30,-3.85,1.32,-0.62,-8.99,-17.75,-21.47
URBANCO,130.5,2026-07-30,0.06,-2.32,-0.63,-13.95,5.0,
GALAXYSURF,1950.0,2026-07-30,-0.65,-0.29,-0.63,5.0,7.52,-27.58
PML,497.3,2026-07-30,4.46,3.68,-0.64,-10.63,,
GLENMARK,2190.3,2026-07-30,-0.26,-2.2,-0.64,-8.98,8.65,1.95
J&KBANK,153.74,2026-07-30,-13.39,-15.64,-0.65,19.16,46.82,49.22
ITC,285.05,2026-07-30,-0.28,0.83,-0.66,-7.01,-7.2,-26.66
KOPRAN,188.07,2026-07-30,-6.53,-7.41,-0.66,14.24,46.87,15.47
GROBTEA,900.0,2026-07-30,0.01,-1.03,-0.66,-2.27,-0.07,-18.74
FCSSOFT,1.5,2026-07-30,-1.32,-3.23,-0.66,-10.71,-3.23,-41.18
DATAPATTNS,4462.0,2026-07-30,-2.55,12.05,-0.67,9.56,67.37,72.98
SBFC,90.16,2026-07-30,-0.24,-3.57,-0.67,-2.33,5.55,-14.97
NUCLEUS,738.15,2026-07-30,0.91,-1.36,-0.68,-6.54,-17.21,-26.02
PETRONET,278.9,2026-07-30,2.2,1.4,-0.68,1.94,-2.63,-0.91
PAGEIND,41085.0,2026-07-30,2.79,1.88,-0.69,12.13,25.46,-13.75
INTELLECT,705.5,2026-07-30,-1.7,-5.21,-0.69,-4.43,-22.04,-32.69
SHREMINVIT,101.0,2026-07-29,-0.98,-0.98,-0.69,0.44,9.4,9.18
GULFOILLUB,1054.3,2026-07-30,0.58,5.45,-0.7,7.22,-1.47,-9.95
NUVAMA,1793.4,2026-07-30,-6.43,-3.27,-0.72,36.49,34.57,23.28
FORTIS,948.85,2026-07-30,0.7,-0.14,-0.74,2.92,11.55,12.72
IIFLCAPS,335.6,2026-07-30,-0.62,-0.8,-0.75,7.45,2.47,2.54
NIDAN,13.15,2026-07-29,0.0,1.54,-0.75,-12.04,-14.61,-34.09
RETAIL,17.28,2026-07-30,-1.31,2.67,-0.75,-11.79,-32.42,-50.1
SECMARK,124.02,2026-07-30,-0.86,-3.04,-0.76,-3.53,17.38,-11.41
CARYSIL,1189.0,2026-07-30,3.02,0.95,-0.77,31.69,49.68,32.47
KONTOR,58.05,2026-07-29,0.0,-2.6,-0.77,-26.8,-4.84,-31.67
MOTHERSON,146.72,2026-07-30,-1.51,2.42,-0.77,21.26,30.59,49.04
JMFINANCIL,121.35,2026-07-30,-2.42,-1.96,-0.78,-11.4,-4.45,-20.75
SUNTV,511.5,2026-07-30,4.67,4.41,-0.79,-15.54,-7.39,-7.95
SAMBHAAV,6.24,2026-07-30,-1.42,2.13,-0.79,-9.43,-21.31,-11.61
DELHIVERY,468.3,2026-07-30,-0.36,-3.81,-0.79,0.27,10.72,14.46
MEDIORG,24.7,2026-07-29,-3.14,7.86,-0.8,-15.56,-2.76,-43.48
JAMNAAUTO,130.32,2026-07-30,-3.51,-3.08,-0.8,7.21,4.79,42.37
MOPSE,100.44,2026-07-30,-1.18,-0.38,-0.8,-6.93,-2.13,2.74
NORBTEAEXP,68.32,2026-07-30,0.38,-0.34,-0.81,10.39,-23.24,108.29
ULTRAMAR,373.75,2026-07-30,-0.32,-1.23,-0.82,-7.48,,
GROWWPSE,98.72,2026-07-30,-1.19,-1.42,-0.83,-7.09,,
KOVAI,5948.5,2026-07-30,1.79,0.38,-0.83,5.14,130.86,130.86
WHIRLPOOL,805.7,2026-07-30,1.37,4.16,-0.84,-18.25,3.59,-41.56
SNOWMAN,36.6,2026-07-30,0.69,-0.84,-0.84,-9.96,-4.99,-32.43
AARTIPHARM,674.3,2026-07-30,-1.47,-3.39,-0.85,-8.91,-10.29,-28.41
BANKADD,58.46,2026-07-30,0.02,-1.65,-0.85,4.41,-3.9,2.02
CHOLAFIN,1773.8,2026-07-30,-0.64,-0.47,-0.86,13.54,8.84,20.14
SUPERHOUSE,157.11,2026-07-30,-0.01,-9.16,-0.87,4.02,0.08,-7.02
JAGSNPHARM,236.04,2026-07-30,2.8,5.84,-0.87,12.2,39.82,-15.61
ORIENTBELL,321.1,2026-07-30,-1.86,3.33,-0.87,5.37,17.26,4.38
JOCIL,143.75,2026-07-30,-2.87,2.57,-0.88,12.26,13.83,-9.34
TEMBO,565.8,2026-07-30,2.44,3.44,-0.88,-6.47,4.0,11.14
GUJRAFFIA,40.44,2026-07-30,3.67,1.89,-0.88,-1.22,-0.71,4.47
SHRIRAMFIN,1027.2,2026-07-30,-1.06,-0.79,-0.88,10.21,1.28,64.24
BANKBEES,591.08,2026-07-30,-0.06,-1.52,-0.89,4.25,-4.0,2.14
BIKAJI,643.7,2026-07-30,0.38,0.27,-0.89,-4.68,-1.96,-15.44
BANKETF,581.58,2026-07-30,0.02,-1.63,-0.9,4.45,-4.0,2.2
ABSLBANETF,58.52,2026-07-30,-0.03,-1.63,-0.91,4.22,-3.83,2.2
BAIDFIN,9.85,2026-07-30,-0.1,-2.57,-0.91,-13.52,-12.75,-16.65
INNOVACAP,969.55,2026-07-30,-0.09,-0.38,-0.91,28.92,39.46,5.99
EIFFL,319.85,2026-07-30,1.14,-0.2,-0.91,30.56,24.77,33.02
KIMS,807.0,2026-07-30,0.82,2.33,-0.93,21.04,33.66,7.54
EBANKNIFTY,57.67,2026-07-30,0.42,-1.25,-0.93,4.25,-4.06,2.45
GEOJITFSL,75.44,2026-07-30,0.37,-9.02,-0.94,19.35,13.4,5.3
KDDL,3191.8,2026-07-30,2.33,0.03,-0.94,34.64,38.03,18.89
BANKBETA,59.02,2026-07-30,-0.19,-1.6,-0.94,4.31,-4.11,
GRAUWEIL,76.94,2026-07-30,2.15,1.76,-0.94,10.63,-33.44,-33.44
BEACON,89.15,2026-07-29,-1.49,-4.29,-0.94,-11.29,2.53,58.35
THEJO,1900.6,2026-07-30,-1.07,-0.51,-0.94,4.62,10.37,-21.75
HDFCNIFBAN,58.74,2026-07-30,-0.09,-1.62,-0.94,4.37,-4.08,2.14
ORICONENT,53.22,2026-07-30,-2.08,-9.41,-0.95,-17.74,-19.53,7.18
MOVALUE,113.49,2026-07-30,-0.04,-1.6,-0.95,-3.64,-5.28,10.72
ORIENTELEC,173.02,2026-07-30,0.02,-0.23,-0.96,-5.64,-3.19,-19.17
JSWINFRA,319.05,2026-07-30,-0.85,-8.44,-0.96,17.66,23.8,4.56
BANKBETF,57.98,2026-07-30,0.02,-1.73,-0.96,4.37,-3.94,2.08
BANKIETF,58.6,2026-07-30,-0.14,-1.56,-0.96,4.31,-4.06,11.45
DONEAR,85.03,2026-07-30,-1.33,-0.16,-0.96,-6.56,-2.4,-18.31
RACE,110.41,2026-07-30,1.27,0.45,-0.96,-10.84,10.04,-52.54
BANKNIFTY1,59.31,2026-07-30,-0.08,-1.45,-0.97,4.31,-90.39,-89.77
SETFNIFBK,586.02,2026-07-30,-0.2,-1.65,-0.97,4.29,-4.12,2.1
BASILIC,198.75,2026-07-29,3.6,0.13,-0.97,-17.08,-24.62,-51.51
APLLTD,802.75,2026-07-30,0.03,-3.32,-0.98,7.91,4.02,-19.15
CANBK,124.28,2026-07-30,-2.34,-3.52,-0.99,-4.66,-12.92,18.65
ZAGGLE,204.77,2026-07-30,0.7,-1.45,-0.99,-14.95,-27.75,-47.21
HINDOILEXP,159.26,2026-07-30,0.81,-1.65,-1.0,0.42,2.18,-3.65
NDRAUTO,808.95,2026-07-30,-1.93,-1.4,-1.0,3.95,18.74,-18.79
JTEKTINDIA,134.84,2026-07-30,1.16,0.25,-1.02,-0.94,-1.45,3.49
SANGHVIMOV,433.95,2026-07-30,-3.57,-0.62,-1.02,35.65,43.62,69.43
UWCSL,100.7,2026-07-29,4.95,4.95,-1.03,3.76,-2.14,-13.9
HILINFRA,45.92,2026-07-30,-0.97,5.18,-1.03,-11.47,-9.93,
ARVSMART,594.45,2026-07-30,-0.88,-0.54,-1.03,-3.8,11.76,-3.58
SKIPPER,527.1,2026-07-30,1.24,-3.27,-1.04,10.17,45.73,8.63
IOB,33.73,2026-07-30,-1.14,-3.63,-1.06,-3.63,-5.33,-11.12
PURVA,213.02,2026-07-30,-2.93,-3.05,-1.06,-0.63,-9.01,-26.67
GSEC5IETF,66.2,2026-07-30,0.02,-0.44,-1.06,2.7,3.23,5.33
APOLLOTYRE,423.2,2026-07-30,0.77,-1.28,-1.06,4.22,-12.92,-6.84
HDFCPVTBAN,28.06,2026-07-30,0.5,-1.34,-1.06,5.21,-3.07,1.81
MOBANK10,17.04,2026-07-30,0.95,-1.67,-1.06,4.52,,
ABSL10BANK,170.04,2026-07-30,0.44,-1.69,-1.08,4.03,,
CROWN,110.68,2026-07-30,-1.63,-1.69,-1.08,-14.95,-3.4,-29.78
BANK10ADD,17.01,2026-07-30,0.71,-1.79,-1.1,3.97,,
DCG,54.0,2026-07-29,0.84,3.85,-1.1,-17.24,-12.9,-29.6
OSWALSEEDS,10.71,2026-07-30,6.04,1.13,-1.11,-13.0,-20.25,-13.63
PANACHE,427.45,2026-07-30,0.23,-0.88,-1.11,17.03,52.5,59.5
BAJAJHFL,86.52,2026-07-30,1.19,0.57,-1.12,-0.76,-4.75,-24.77
LUMAXTECH,1516.5,2026-07-30,1.51,4.14,-1.12,-6.47,12.49,37.03
GVPTECH,7.0,2026-07-30,0.43,2.79,-1.13,-1.55,-10.83,-29.08
RAMANEWS,28.82,2026-07-30,1.05,-0.1,-1.13,-10.83,-5.79,-12.8
MADRASFERT,66.66,2026-07-30,0.17,-1.23,-1.13,-2.86,-12.08,-29.43
KSOLVES,279.25,2026-07-30,-0.09,-5.47,-1.14,-8.24,9.36,-11.34
EMBDL,61.41,2026-07-30,-1.22,-3.67,-1.14,32.69,-7.28,-41.76
DYNAMATECH,10272.0,2026-07-30,-2.6,-0.13,-1.16,-11.2,16.81,53.47
VSTTILLERS,4458.3,2026-07-30,0.63,-0.73,-1.16,-14.51,-19.28,-3.42
SANOFI,3366.3,2026-07-30,-0.07,-0.75,-1.17,-1.2,-15.08,-41.05
KAKATCEM,119.56,2026-07-30,-0.65,-1.94,-1.17,-10.78,6.46,-23.78
SAKHTISUG,16.77,2026-07-30,-2.5,-0.71,-1.18,-14.44,-3.68,-30.24
SALASAR,5.85,2026-07-30,-1.85,-2.34,-1.18,-21.48,-26.23,-19.09
TRACXN,29.99,2026-07-30,-0.3,-0.07,-1.19,-7.72,-14.73,-47.92
KINGFA,5101.0,2026-07-30,-0.54,1.01,-1.19,6.74,16.9,45.23
TATACAP,360.9,2026-07-30,2.95,2.41,-1.2,8.51,5.67,
POLYMED,1667.2,2026-07-30,-0.8,-3.12,-1.2,10.26,9.62,-16.4
MANBA,135.71,2026-07-30,-7.28,-1.53,-1.2,24.33,1.64,0.07
CHALET,805.0,2026-07-30,-4.9,-5.96,-1.21,6.24,-7.6,-9.97
MANORAMA,1635.2,2026-07-30,-1.43,2.13,-1.21,8.36,21.06,7.03
SBIETFPB,281.09,2026-07-30,0.49,-1.27,-1.21,4.82,-3.44,1.73
DHUNINV,853.0,2026-07-30,-1.67,-9.65,-1.23,-6.81,-14.73,-42.99
KRISHNADEF,1191.1,2026-07-30,-8.09,-8.55,-1.25,10.65,11.5,48.26
ZENITHSTL,5.54,2026-07-30,-3.15,3.17,-1.25,-11.22,9.7,-35.81
NEXTMEDIA,3.92,2026-07-30,-1.01,0.0,-1.26,-10.91,-23.88,-38.65
BFSI,27.21,2026-07-30,0.33,-1.59,-1.27,2.52,-3.61,-1.16
JAGRAN,63.69,2026-07-30,2.21,1.24,-1.27,10.7,9.44,-1.37
RUBFILA,71.52,2026-07-30,-1.13,-2.0,-1.27,-2.04,0.48,-11.75
LAL,8.55,2026-07-30,5.56,-2.29,-1.27,16.64,10.75,-26.67
CMNL,99.0,2026-07-29,-4.02,3.02,-1.3,-24.77,-3.7,-31.46
NAM-INDIA,1146.9,2026-07-30,-0.61,-3.07,-1.3,14.8,32.04,42.24
MAHSCOOTER,12337.0,2026-07-30,-5.0,-5.13,-1.31,1.25,-7.75,-20.81
UEL,128.11,2026-07-30,5.91,3.35,-1.32,-18.76,8.86,37.36
SYRMA,1377.8,2026-07-30,4.68,2.76,-1.32,43.68,81.05,80.92
SRTL,39.53,2026-07-30,-3.28,-5.54,-1.32,-17.8,,
AATMAJ,18.5,2026-07-29,0.0,1.37,-1.33,-7.5,-18.68,-2.63
DUCOL,104.55,2026-07-29,-0.48,-1.46,-1.37,-16.36,-17.32,-21.98
BBNPNBETF,57.43,2026-07-30,-0.21,-1.68,-1.37,2.5,-4.41,2.03
LUMAXIND,5205.5,2026-07-30,0.45,0.41,-1.38,2.26,6.96,33.15
PONNIERODE,305.35,2026-07-30,-1.97,-5.89,-1.4,1.11,12.13,1.59
JKIL,485.65,2026-07-30,-0.69,-2.16,-1.42,-6.59,-15.03,-30.9
VISHNUINFR,159.7,2026-07-29,-1.02,-1.42,-1.42,9.01,-21.33,-7.67
MOTOUR,78.68,2026-07-30,-0.16,-0.52,-1.42,7.52,2.45,-13.49
SAGCEM,175.64,2026-07-30,-4.1,-3.19,-1.44,-2.55,-9.95,-28.23
ZYDUSWELL,566.0,2026-07-30,1.19,-6.06,-1.44,11.52,26.51,38.01
LTF,306.25,2026-07-30,-1.92,0.13,-1.45,10.61,8.05,52.12
MARKOLINES,177.95,2026-07-30,-0.23,3.1,-1.46,18.04,31.72,
JAIPURKURT,26.94,2026-07-30,1.09,1.58,-1.46,-16.95,-31.49,-37.49
WELENT,589.65,2026-07-30,-1.2,-5.74,-1.48,13.24,25.66,19.51
GAYAHWS,2.0,2026-07-30,6.38,5.26,-1.48,-11.11,1.52,-0.5
ARCHIDPLY,80.74,2026-07-30,-0.87,-0.21,-1.49,-4.2,-7.1,-28.98
MOMENTUM30,30.06,2026-07-30,-1.05,-1.25,-1.51,0.13,-0.46,
UTTAMSUGAR,225.07,2026-07-30,-1.59,-4.11,-1.52,-12.3,3.98,-14.16
HINDPETRO,388.45,2026-07-30,-1.4,-4.18,-1.52,3.71,-9.03,-5.5
KAJARIACER,1192.0,2026-07-30,-2.3,-4.04,-1.52,0.37,32.09,2.97
TRANSWORLD,162.0,2026-07-30,-1.15,-1.51,-1.54,-1.76,-10.0,-39.01
SHARDAMOTR,855.55,2026-07-30,2.52,-0.74,-1.55,-0.95,0.43,-18.97
HAVISHA,1.27,2026-07-30,4.96,3.25,-1.55,-20.63,-20.13,-38.65
THELEELA,468.1,2026-07-30,-1.58,-4.96,-1.55,9.31,11.19,10.74
MICROPRO,18.95,2026-07-29,-5.01,-2.57,-1.56,-0.52,-0.26,-18.32
BMWVENTLTD,56.32,2026-07-30,-5.09,-1.37,-1.56,-12.0,7.6,
SBGLP,24.62,2026-07-30,0.78,-4.09,-1.56,-8.07,-28.24,-40.65
JAINREC,343.15,2026-07-30,1.39,4.67,-1.58,-25.23,-16.48,
WENDT,8104.0,2026-07-30,-2.39,6.93,-1.6,16.99,17.68,-17.3
ASTRAZEN,8094.5,2026-07-30,-0.89,0.5,-1.6,-1.44,-5.33,-13.34
IXIGO,193.48,2026-07-30,-1.28,-3.23,-1.61,15.11,-6.53,-15.66
GSFC,159.23,2026-07-30,-0.53,0.0,-1.61,-6.55,-13.69,-21.46
RAMCOCEM,915.0,2026-07-30,-0.52,-1.17,-1.61,-2.15,-18.38,-23.71
PVTBANKADD,27.96,2026-07-30,0.54,-0.89,-1.62,3.9,-3.25,1.86
INNOVANA,321.05,2026-07-30,-7.62,-3.93,-1.62,-20.8,-5.85,-39.18
RAJOOENG,51.75,2026-07-30,-4.49,1.35,-1.63,-10.67,-18.23,-53.39
NILAINFRA,7.24,2026-07-30,-2.03,1.69,-1.63,-12.98,-11.71,-38.07
VAKRANGEE,6.0,2026-07-30,-1.48,1.18,-1.64,-13.04,-13.54,-35.62
IZMO,1002.8,2026-07-30,-9.17,-7.18,-1.65,41.36,67.33,166.6
DEEPAKFERT,1532.4,2026-07-30,-6.25,-4.53,-1.65,21.11,45.14,-1.35
NPBET,284.37,2026-07-30,0.02,-1.62,-1.65,4.72,-4.03,1.59
DREAMFOLKS,66.8,2026-07-30,-1.1,-1.91,-1.66,-17.45,-27.48,-52.35
SUPERSPIN,5.91,2026-07-30,5.35,14.98,-1.66,7.07,-25.19,-39.45
TOLINS,101.91,2026-07-30,-0.95,-2.86,-1.66,-6.11,-15.69,-32.69
SBIMIDMOM,62.25,2026-07-30,0.14,-0.83,-1.66,1.5,,
SPIC,66.36,2026-07-30,0.32,-0.3,-1.67,-5.55,-8.2,-32.56
TAINWALCHM,199.79,2026-07-30,-2.12,-5.67,-1.67,-0.83,10.75,-14.23
ANDHRAPAP,61.91,2026-07-30,-1.09,1.71,-1.67,-7.0,-4.62,-20.2
ZENITHEXPO,196.53,2026-07-30,-4.13,0.74,-1.69,-8.59,-4.98,-12.59
PVTBANIETF,27.76,2026-07-30,0.36,-1.32,-1.7,4.72,-3.58,1.68
CYBERMEDIA,16.06,2026-07-30,0.82,3.48,-1.71,-2.84,-4.06,-10.83
AMBER,7401.0,2026-07-30,1.66,-5.83,-1.71,-7.76,29.48,-7.95
DICIND,505.0,2026-07-30,0.56,-0.64,-1.71,-5.25,-8.88,-18.82
BANKPSU,84.2,2026-07-30,-0.09,-3.05,-1.72,-1.22,-7.07,21.4
BLKASHYAP,53.67,2026-07-30,-0.81,-7.47,-1.72,-6.27,13.04,-28.95
TARMAT,49.5,2026-07-30,-1.86,-1.51,-1.73,-6.27,-7.13,-10.67
KRITI,69.76,2026-07-30,7.92,3.81,-1.73,-15.08,-8.46,-59.91
COMPUSOFT,13.05,2026-07-30,-1.29,0.31,-1.73,-7.25,-7.97,-38.08
EUREKAFORB,450.55,2026-07-30,2.47,-2.47,-1.73,-9.65,-17.22,-19.32
ROML,45.19,2026-07-30,0.47,0.38,-1.74,0.09,1.01,-12.61
MIRZAINT,34.41,2026-07-30,-2.08,-9.73,-1.74,5.46,-8.92,0.79
SHILCTECH,4492.2,2026-07-30,1.93,0.08,-1.74,-12.95,33.06,
REDTAPE,133.8,2026-07-30,5.12,0.93,-1.74,4.14,8.18,3.02
ATLASCYCLE,97.63,2026-07-30,0.16,-2.74,-1.75,-2.91,4.24,-24.87
BENGALASM,6203.0,2026-07-30,-0.2,-0.68,-1.76,-0.73,,
VMART,764.2,2026-07-30,6.89,-2.66,-1.77,24.13,21.03,-4.96
GSS,12.67,2026-07-30,6.56,1.6,-1.78,-8.12,-13.28,-59.22
SAFARI,1563.7,2026-07-30,-1.91,-4.47,-1.78,10.84,-22.95,-23.01
IRFC,88.92,2026-07-30,0.9,0.23,-1.78,-14.67,-25.18,-31.03
UGROCAP,95.28,2026-07-30,-0.39,-2.59,-1.78,-12.8,-35.43,-43.94
ALPHAETF,25.73,2026-07-30,-0.62,-1.23,-1.79,3.29,5.62,2.92
BHARATWIRE,196.74,2026-07-30,-3.04,-1.99,-1.79,-11.39,14.22,1.9
PROPEQUITY,216.0,2026-07-29,-2.66,-9.96,-1.8,3.35,9.17,4.35
SURAJEST,194.85,2026-07-30,-0.37,-1.89,-1.8,-16.55,-13.07,-34.37
FLAIR,255.3,2026-07-30,-0.56,0.75,-1.81,-19.91,-14.89,-27.3
ALLETEC,137.25,2026-07-29,0.77,-0.54,-1.82,-18.67,-27.88,-60.01
IFCI,73.52,2026-07-30,4.45,0.53,-1.82,25.27,33.45,25.7
TOTAL,49.2,2026-07-30,2.29,-5.18,-1.82,-12.49,-25.78,-34.52
NEOGEN,1988.1,2026-07-30,-3.68,-8.91,-1.82,21.41,63.43,28.69
DDEVPLSTIK,266.7,2026-07-30,-3.18,-7.46,-1.82,5.49,-7.2,-12.42
GKSL,127.04,2026-07-30,-0.27,0.01,-1.82,1.45,20.81,
IL&FSTRANS,2.15,2026-07-30,1.42,0.47,-1.83,-8.12,-21.25,-32.81
RRIL,17.08,2026-07-30,3.83,-0.58,-1.84,1.36,,
ESABINDIA,5589.0,2026-07-30,-0.58,-4.78,-1.84,-10.43,1.18,5.55
STAR,1072.8,2026-07-30,2.86,1.26,-1.84,3.47,22.33,13.48
ABLBL,94.45,2026-07-30,-1.07,-0.95,-1.84,-8.1,-10.07,-34.38
ALLCARGO,7.94,2026-07-30,-1.85,-1.49,-1.85,-17.98,-23.58,-77.1
ANUHPHR,79.72,2026-07-30,-1.19,-1.1,-1.86,-1.82,9.75,-18.42
REXPIPES,171.0,2026-07-29,0.0,0.0,-1.87,-13.55,16.33,19.83
GICRE,356.7,2026-07-30,-0.7,-0.99,-1.87,-9.33,-5.65,-4.03
TUNWAL,26.3,2026-07-29,0.38,-1.13,-1.87,-16.24,-4.71,-10.4
IRMENERGY,257.45,2026-07-30,-0.52,-1.15,-1.87,-27.87,5.71,-12.37
SHREDIGCEM,73.2,2026-07-30,0.03,-0.84,-1.89,0.65,-0.46,-15.13
TMCV,414.95,2026-07-30,0.94,1.37,-1.89,2.37,-8.48,
SIMBHALS,6.7,2026-07-30,-2.19,-2.76,-1.9,-34.76,-27.17,-57.38
GODFRYPHLP,2131.8,2026-07-30,-3.56,-0.08,-1.9,-5.3,4.73,-31.14
UMIYA-MRO,89.55,2026-07-30,-0.3,-0.14,-1.91,3.17,1.84,10.12
WOCKPHARMA,1904.0,2026-07-30,2.08,-1.01,-1.93,36.43,37.75,13.01
DHANUKA,1032.7,2026-07-30,3.66,1.9,-1.94,-4.16,-7.51,-45.29
IRCTC,493.15,2026-07-30,-0.17,-2.3,-1.94,-8.6,-20.41,-32.06
UGARSUGAR,40.02,2026-07-30,-7.76,1.41,-1.94,-8.68,5.68,-11.62
GTPL,59.92,2026-07-30,0.1,-4.02,-1.95,-11.16,-23.91,-48.36
DRAGARWQ,4994.5,2026-07-30,-0.93,-0.24,-1.96,0.5,,
HIKAL,216.99,2026-07-30,-2.25,-4.52,-1.98,14.66,12.78,-33.94
JPPOWER,17.32,2026-07-30,1.82,2.55,-1.98,-12.17,14.02,-19.25
ESTER,88.08,2026-07-30,-3.09,-0.7,-1.98,-2.33,-7.54,-28.32
SCHAND,144.55,2026-07-30,-2.24,-2.95,-1.99,-8.15,-7.54,-32.11
AHLEAST,141.74,2026-07-30,-1.54,-6.44,-2.0,-12.19,5.11,-10.17
DAICHI,313.1,2026-07-30,3.5,1.11,-2.01,19.03,,
VERITAAS,36.3,2026-07-29,0.0,0.0,-2.02,-28.05,-21.43,-53.88
ASTRAMICRO,1726.0,2026-07-30,-4.21,-1.43,-2.02,53.39,75.66,78.86
PSUBNKBEES,93.16,2026-07-30,-0.38,-3.12,-2.03,-1.46,-7.32,20.77
AGUL,62.6,2026-07-29,3.47,15.93,-2.03,10.11,-10.19,4.25
INDGN,514.7,2026-07-30,1.31,1.1,-2.04,2.99,6.7,-5.81
LICI,422.85,2026-07-30,-0.35,-2.34,-2.04,8.48,4.98,-4.04
BLIL,69.98,2026-07-30,0.01,0.4,-2.04,-4.46,,
NATHBIOGEN,161.39,2026-07-30,-2.12,-1.33,-2.05,-17.66,9.15,-10.22
GRINDWELL,2101.8,2026-07-30,4.33,-1.24,-2.05,34.64,37.47,35.37
SOBHA,1344.4,2026-07-30,-1.23,-7.65,-2.07,-5.82,-6.92,-14.83
ECAPINSURE,23.68,2026-07-30,-0.25,-1.91,-2.07,-0.04,-0.13,2.38
EIHAHOTELS,313.8,2026-07-30,0.11,0.38,-2.07,-2.01,-4.5,-18.41
MCON,44.95,2026-07-29,-2.71,1.01,-2.07,-11.69,-18.94,-53.52
STEELCITY,75.34,2026-07-30,-0.3,-1.81,-2.09,-8.4,-8.36,-27.5
SMLT,66.8,2026-07-30,-1.1,0.35,-2.11,-11.17,-3.19,-44.05
STEL,560.05,2026-07-30,0.26,1.33,-2.11,19.85,26.25,34.35
PARTYCRUS,90.05,2026-07-29,0.11,3.51,-2.12,-2.12,8.49,21.69
KILITCH,190.58,2026-07-30,5.38,6.98,-2.13,23.74,21.41,-14.13
ALEMBICLTD,89.63,2026-07-30,-0.58,-0.71,-2.13,-1.72,-3.55,-19.86
GROWWPSUBK,83.43,2026-07-30,-0.65,-3.52,-2.14,-1.52,,
MOMIDMTM,62.69,2026-07-30,-0.71,-0.93,-2.15,0.87,2.1,0.11
LRRPL,91.0,2026-07-29,5.81,1.0,-2.15,22.56,35.82,3.41
POLICYBZR,1593.5,2026-07-30,2.59,0.56,-2.16,-4.36,-3.69,-12.51
PSUBANKADD,84.14,2026-07-30,-0.77,-3.32,-2.16,-1.8,-7.43,20.93
BIRLANU,1337.0,2026-07-30,-1.19,4.82,-2.16,-0.8,-14.86,-41.11
SWANCORP,306.65,2026-07-30,-1.78,-1.54,-2.17,-8.31,-27.27,-35.96
CLSEL,279.95,2026-07-30,0.23,5.07,-2.17,-0.49,14.76,-12.63
TARACHAND,54.59,2026-07-30,-0.02,-2.33,-2.18,-14.07,-10.87,-24.1
NEPHROCARE,62.95,2026-07-29,-0.08,-3.52,-2.18,-28.95,-35.77,-55.56
BGLOBAL,3.12,2026-07-29,0.0,-2.8,-2.19,0.65,1.63,5.41
GREENLAM,252.2,2026-07-30,-1.6,-0.16,-2.19,11.82,5.28,5.61
MGEL,15.55,2026-07-30,-5.36,-5.18,-2.2,14.16,24.18,-11.49
DRONE,40.0,2026-07-29,0.0,2.83,-2.2,-24.39,-24.1,-60.06
RENUKA,21.64,2026-07-30,-1.01,-2.39,-2.21,-25.92,-13.82,-29.4
SBIBPB,48.26,2026-07-30,0.0,-2.98,-2.21,-1.31,-7.81,19.81
AHLWEST,547.85,2026-07-30,-3.72,-2.17,-2.21,51.45,280.06,280.06
LFIC,141.03,2026-07-30,-2.66,-1.54,-2.21,0.14,16.8,-30.68
BAGFILMS,4.43,2026-07-30,-3.9,-2.21,-2.21,-14.31,-20.61,-36.44
DIAMONDYD,1125.2,2026-07-30,2.51,-2.64,-2.21,13.03,0.55,13.26
MEDIASSIST,357.45,2026-07-30,2.97,-0.51,-2.22,3.59,-10.37,-34.53
AGNI,17.5,2026-07-29,2.04,-2.51,-2.23,-16.67,-12.94,-23.25
VLSFINANCE,251.85,2026-07-30,-0.98,-3.36,-2.24,9.19,-4.96,8.37
PASHUPATI,86.24,2026-07-30,-0.65,-1.12,-2.24,-2.17,7.85,24.88
VIKRAMSOLR,175.6,2026-07-30,-3.09,-8.15,-2.26,-19.96,-13.93,
BANKINDIA,137.22,2026-07-30,-0.47,-6.62,-2.26,1.31,-13.65,24.15
GANESHHOU,746.7,2026-07-30,-8.92,-8.67,-2.26,12.19,2.19,-17.09
BGRENERGY,301.9,2026-07-30,7.73,4.55,-2.28,7.04,-13.46,206.0
SGL,9.83,2026-07-30,-0.3,-1.01,-2.29,-17.53,-7.35,-29.74
SPMLINFRA,192.32,2026-07-30,-3.15,-7.08,-2.29,-7.3,13.1,-31.91
CESC,164.93,2026-07-30,1.61,-0.41,-2.3,-12.05,9.84,-3.48
DELAPLEX,97.9,2026-07-29,2.46,-0.1,-2.3,-20.89,-11.0,-31.51
MCL,53.75,2026-07-30,0.79,2.11,-2.31,-8.2,-37.46,4.27
SIDDHIKA,209.1,2026-07-29,-1.37,-0.21,-2.31,-4.04,-0.48,6.91
SHEETAL,289.65,2026-07-29,-0.77,-1.35,-2.31,13.81,40.2,122.9
JSWCEMENT,131.29,2026-07-30,-2.32,-6.61,-2.33,7.6,15.39,
SUNTECK,303.5,2026-07-30,-2.33,-4.26,-2.33,-10.8,-24.14,-23.86
ANNAPURNA,125.55,2026-07-29,-0.55,-4.56,-2.33,-22.52,-36.75,-55.56
MAHESHWARI,72.99,2026-07-30,-0.69,-0.01,-2.33,42.39,64.39,20.82
HDFCPSUBK,84.19,2026-07-30,-0.44,-3.33,-2.34,-1.58,-7.5,20.58
AONETMMQ50,9.91,2026-07-30,-1.0,-0.77,-2.34,-0.35,,
VGL,62.29,2026-07-30,1.09,0.32,-2.34,4.57,0.78,-24.83
AVALON,1759.5,2026-07-30,1.81,2.51,-2.35,66.42,105.01,113.57
PSUBNKIETF,84.35,2026-07-30,-0.72,-3.38,-2.36,-1.79,-7.66,20.76
DOMS,2255.0,2026-07-30,-0.38,-0.49,-2.36,-1.58,-5.33,-3.32
BHEL,403.0,2026-07-30,-3.11,-3.47,-2.37,14.72,53.9,67.66
ASHIANA,386.55,2026-07-30,-0.09,3.47,-2.37,12.81,31.21,21.73
TIMESCAN,39.0,2026-07-29,-4.99,-3.11,-2.38,-2.62,-4.88,-39.63
AXITA,7.35,2026-07-30,-0.81,0.0,-2.39,-9.26,-13.99,-9.66
GLOBUSSPR,879.95,2026-07-30,-1.07,-4.05,-2.39,-20.47,-5.29,-30.1
JHS,7.28,2026-07-30,-1.62,0.28,-2.41,-17.74,-30.53,-43.39
SANDESH,966.35,2026-07-30,-0.84,-1.53,-2.42,-12.12,-3.67,-17.1
MOMOMENTUM,61.01,2026-07-30,-0.76,-0.99,-2.42,-1.58,-0.38,-0.57
BELRISE,232.79,2026-07-30,0.06,-0.48,-2.42,9.43,36.25,75.43
CPSEETF,94.58,2026-07-30,-1.54,-2.26,-2.43,-12.72,-3.68,3.79
INFRA,12.01,2026-07-30,-0.99,-2.99,-2.44,0.5,,
KANSAINER,199.05,2026-07-30,-2.37,-1.07,-2.46,2.15,-12.5,-17.99
VESUVIUS,446.7,2026-07-30,-0.94,-4.41,-2.46,-13.95,-9.56,-13.55
GPIL,249.35,2026-07-30,4.88,2.15,-2.46,-15.85,0.34,28.26
TATAPOWER,375.95,2026-07-30,-0.37,-2.17,-2.48,-14.91,3.27,-5.75
RALLIS,217.01,2026-07-30,-2.07,-9.53,-2.48,-17.34,-19.99,-42.12
NDL,2.35,2026-07-30,1.29,0.0,-2.49,-15.77,-16.07,-35.62
ADL,68.61,2026-07-30,-2.26,-5.04,-2.49,-9.71,-7.28,-21.76
STARCEMENT,202.53,2026-07-30,-0.15,-3.07,-2.5,-12.05,-7.51,-14.56
5PAISA,347.0,2026-07-30,-6.03,-8.15,-2.51,3.43,0.12,-10.83
HERANBA,174.96,2026-07-30,-0.56,-2.39,-2.52,-20.16,-20.47,-54.77
MUKTAARTS,57.2,2026-07-30,-2.22,7.32,-2.54,-5.64,0.39,-31.64
SILLYMONKS,15.74,2026-07-30,-5.18,-4.72,-2.54,-7.79,-18.19,-10.36
DEFENCE,77.1,2026-07-30,-1.88,-1.39,-2.54,4.2,,
RBS,80.35,2026-07-29,6.28,8.58,-2.55,-20.76,-12.43,-37.25
MOMENTUM,30.45,2026-07-30,-0.72,-1.26,-2.56,-0.62,-0.85,-0.59
ICICIB22,115.54,2026-07-30,0.01,-0.8,-2.56,-7.17,-4.23,6.92
SAIL,169.05,2026-07-30,3.95,3.94,-2.56,-8.43,11.86,37.86
AURUS,4.55,2026-07-30,-4.01,-4.01,-2.57,-14.15,-3.4,-37.67
INDIGO,5230.5,2026-07-30,0.01,0.03,-2.57,21.77,13.79,-8.72
HDFCMOMENT,30.41,2026-07-30,-0.91,-1.17,-2.59,-0.23,-0.43,-0.3
SURANASOL,26.27,2026-07-30,-5.84,0.23,-2.6,-5.98,11.36,-19.91
AROGRANITE,25.08,2026-07-30,-0.67,0.0,-2.6,-6.28,-8.3,-32.78
SRGHFL,292.2,2026-07-30,-5.47,-4.2,-2.6,3.37,2.83,-11.19
SINCLAIR,73.76,2026-07-30,0.15,-0.42,-2.61,-7.2,-3.53,-26.36
HONASA,445.95,2026-07-30,-1.5,-2.54,-2.61,30.93,61.37,65.66
SURAJLTD,223.95,2026-07-30,2.2,-1.99,-2.61,-5.52,0.19,-37.24
SILVERBND,217.1,2026-07-30,-2.89,-0.75,-2.62,-8.83,,
COFFEEDAY,30.76,2026-07-30,1.22,-2.13,-2.63,16.52,1.15,-15.03
SYSTANGO,218.05,2026-07-29,1.47,-2.72,-2.63,-20.92,-18.96,-5.42
SHANTI,6.63,2026-07-30,-3.49,-5.29,-2.64,-6.36,-5.29,-46.4
GILLANDERS,88.67,2026-07-30,0.6,-0.57,-2.64,-5.36,-0.06,-38.14
SHADOWFAX,220.17,2026-07-30,5.04,-0.58,-2.66,32.81,106.5,
SINDHUTRAD,24.16,2026-07-30,-2.62,-5.81,-2.66,3.12,17.34,-13.44
AEQUS,228.38,2026-07-30,-0.62,-4.99,-2.67,21.58,68.7,
DPSCLTD,7.21,2026-07-30,0.56,-2.17,-2.7,-28.26,-17.97,-42.95
PRIVISCL,3573.0,2026-07-30,-1.4,-2.79,-2.7,6.34,27.03,39.12
GRINFRA,891.55,2026-07-30,1.61,-3.37,-2.71,-4.87,-7.31,-28.22
KALPATARU,290.75,2026-07-30,8.9,6.81,-2.71,-10.73,-12.25,-27.73
MOSILVER,214.1,2026-07-30,-2.54,-0.29,-2.72,-8.59,-30.11,
BBTC,1493.4,2026-07-30,-0.21,-0.25,-2.72,-0.51,-12.3,-22.12
IGIL,345.45,2026-07-30,4.78,0.96,-2.73,-0.14,11.97,-15.91
DELTACORP,61.96,2026-07-30,-1.2,-3.07,-2.73,-12.95,-3.97,-26.0
MOM30IETF,30.61,2026-07-30,-0.91,-1.32,-2.73,-0.39,-0.68,-0.71
JINDALSAW,254.3,2026-07-30,1.38,-4.38,-2.75,15.22,46.01,20.3
NIRAJ,28.87,2026-07-30,-0.35,0.0,-2.76,-0.72,-10.09,-44.14
EFACTOR,169.3,2026-07-29,-3.26,5.58,-2.76,-26.39,-37.27,-26.06
MANCREDIT,236.02,2026-07-30,6.17,5.27,-2.76,36.23,41.96,27.9
FCL,37.73,2026-07-30,-6.19,-4.21,-2.76,64.19,69.04,42.37
BIL,749.95,2026-07-30,0.56,0.59,-2.76,-2.15,-3.84,-17.71
BEEKAY,397.75,2026-07-30,0.62,-1.79,-2.76,-8.62,,
SILVERADD,208.59,2026-07-30,-2.74,-0.43,-2.76,-8.95,-26.39,88.79
JBMA,678.45,2026-07-30,2.02,1.14,-2.77,7.66,20.28,3.85
EMULTIMQ,40.63,2026-07-30,-0.71,-1.41,-2.78,-3.28,-0.2,-2.17
CYIENT,847.7,2026-07-30,2.73,-0.19,-2.78,-2.76,-25.52,-29.83
ELLEN,257.45,2026-07-30,-8.85,-10.37,-2.79,-4.03,-5.14,-54.38
SAMPANN,27.19,2026-07-30,-1.63,0.89,-2.79,-1.16,-17.83,-11.58
MOMENTUM50,51.85,2026-07-30,-1.13,-1.63,-2.79,1.21,3.41,-0.02
FIBERWEB,29.51,2026-07-30,-3.81,-7.43,-2.8,-21.1,-23.05,-39.69
SILVERCASE,21.91,2026-07-30,-2.88,-0.5,-2.8,-9.09,-30.4,88.59
KAMAHOLD,2507.6,2026-07-30,-1.41,-4.3,-2.81,0.19,,
SENORES,1292.4,2026-07-30,-8.47,-6.69,-2.82,43.73,64.02,85.3
SILVER,215.74,2026-07-30,-2.89,-0.59,-2.83,-8.99,-27.89,88.63
FELIX,178.15,2026-07-29,0.31,-5.19,-2.84,-19.52,-4.09,-7.36
HBESD,78.89,2026-07-30,4.73,5.1,-2.84,9.49,,
SILVERAG,210.39,2026-07-30,-2.96,-0.63,-2.86,-9.1,-31.83,88.44
GOACARBON,379.05,2026-07-30,0.72,3.47,-2.86,2.25,0.45,-19.41
LIBERTSHOE,261.55,2026-07-30,-2.77,-3.06,-2.87,3.33,4.83,-23.31
RAMCOIND,329.1,2026-07-30,-2.3,-7.13,-2.88,23.53,4.11,10.2
GROWWMOM50,10.45,2026-07-30,-1.6,-1.79,-2.88,0.48,2.9,-0.13
SVPGLOB,3.71,2026-07-30,-2.37,-6.31,-2.88,2.49,22.85,-3.13
SILVERIETF,215.85,2026-07-30,-2.88,-0.48,-2.88,-8.96,-26.41,88.73
TAMBOLIIN,216.0,2026-07-30,0.42,-0.15,-2.89,43.95,,
ELCIDIN,110200.0,2026-07-30,-0.47,-1.61,-2.89,-11.82,,
GRMOVER,88.08,2026-07-30,-2.26,-3.2,-2.9,-46.93,-46.62,-29.12
SRM,498.2,2026-07-30,-2.23,-0.32,-2.9,-1.69,10.55,6.32
DHAMPURSUG,135.1,2026-07-30,-5.93,-7.1,-2.9,-11.82,17.24,-3.27
ABDL,648.45,2026-07-30,3.87,3.53,-2.91,22.99,34.54,32.43
SILVER360,212.19,2026-07-30,-3.01,-0.73,-2.91,-9.14,-29.93,88.13
SILVERBEES,206.63,2026-07-30,-3.0,-0.61,-2.91,-9.17,-27.87,88.05
PHANTOMFX,173.15,2026-07-29,-7.53,-5.87,-2.92,-10.52,-11.45,-43.43
SILVER1,20.93,2026-07-30,-2.97,-0.85,-2.92,-9.2,-92.71,-78.1
VMSTMT,43.17,2026-07-30,-1.93,-3.87,-2.92,-13.03,-12.65,
DCW,46.05,2026-07-30,-2.37,-1.24,-2.93,-2.25,0.59,-41.22
JASH,492.45,2026-07-30,-4.71,-6.82,-2.93,17.6,27.51,-14.13
VERANDA,231.97,2026-07-30,-0.42,3.53,-2.93,22.09,12.7,1.98
VALIANTORG,266.05,2026-07-30,1.39,-0.41,-2.94,-2.4,10.44,-23.06
BLAL,175.1,2026-07-30,-1.41,-3.18,-2.95,-8.37,-7.81,-16.09
TATSILV,21.0,2026-07-30,-2.91,-0.52,-2.96,-9.13,-31.31,88.85
HEMIPROP,134.56,2026-07-30,-0.43,-0.81,-2.96,5.03,3.79,4.48
VINATIORGA,1296.4,2026-07-30,-1.31,-1.7,-2.97,-1.96,-15.08,-29.82
MONQ50,140.08,2026-07-30,-1.47,-0.74,-2.98,13.81,42.18,77.77
MCLOUD,29.59,2026-07-30,10.16,3.86,-2.98,8.67,31.92,-66.06
SILVERBETA,208.59,2026-07-30,-3.19,-0.66,-2.99,-9.13,-27.26,87.56
CGCL,220.8,2026-07-30,-9.61,-11.69,-3.01,18.59,25.64,18.79
SBISILVER,211.92,2026-07-30,-2.93,-0.58,-3.01,-9.0,-25.59,88.37
QUESTLAB,95.0,2026-07-29,2.21,-2.16,-3.01,-34.64,-3.94,-10.12
GNFC,527.05,2026-07-30,2.55,4.04,-3.01,12.31,12.91,-0.16
USK,22.47,2026-07-30,2.56,2.32,-3.02,-6.38,7.87,-37.72
GROWWSLVR,21.19,2026-07-30,-2.84,-0.61,-3.02,-9.06,-93.43,-81.21
VEEDOL,1378.3,2026-07-30,-1.01,-1.31,-3.03,-1.65,-1.45,-14.44
HONDAPOWER,2114.6,2026-07-30,-0.45,0.65,-3.04,-8.42,3.94,-22.12
GICHSGFIN,147.79,2026-07-30,-0.32,-1.7,-3.06,0.24,-6.41,-19.64
AONESILVER,8.28,2026-07-30,-2.82,-0.6,-3.07,-8.93,,
ARCHIES,13.83,2026-07-30,-1.14,-1.21,-3.08,-6.17,-12.08,-29.55
HDFCSILVER,206.69,2026-07-30,-3.0,-0.76,-3.08,-9.25,-30.46,87.46
CCAVENUE,15.98,2026-07-30,-4.48,-7.25,-3.09,16.3,-1.84,0.88
ESILVER,216.04,2026-07-30,-2.99,-0.74,-3.11,-8.9,-27.29,88.27
INOXINDIA,1897.5,2026-07-30,-4.45,-5.29,-3.11,30.39,70.26,61.16
IGARASHI,445.0,2026-07-30,-2.34,-1.64,-3.11,14.9,11.46,-24.07
NAHARINDUS,113.2,2026-07-30,-2.83,-2.72,-3.12,-3.57,16.14,-9.31
DENEERS,186.25,2026-07-29,-2.15,-6.17,-3.12,4.93,32.05,-38.37
VIPIND,296.1,2026-07-30,-0.05,-1.43,-3.12,-0.05,-21.08,-36.1
PHOENIXLTD,1887.9,2026-07-30,-7.3,-8.97,-3.12,6.96,13.0,25.91
NATCAPSUQ,144.21,2026-07-30,-2.46,2.98,-3.12,-6.64,-12.05,-33.21
SHRITECH,62.95,2026-07-29,2.52,2.52,-3.15,3.37,16.57,-30.82
JWL,259.35,2026-07-30,4.75,3.1,-3.16,-8.59,-19.81,-25.57
BHAGERIA,202.08,2026-07-30,-7.35,-3.42,-3.17,17.89,12.96,0.95
SABAR,6.1,2026-07-29,7.96,29.79,-3.17,12.96,1.67,28.42
APOLSINHOT,1222.8,2026-07-30,1.98,1.59,-3.18,5.5,-6.71,-13.2
ASAL,503.4,2026-07-30,1.03,-5.68,-3.2,-1.68,10.84,0.87
GRAVITA,1578.1,2026-07-30,-11.78,-12.79,-3.2,-3.18,-1.64,-16.85
CMPDI,238.95,2026-07-30,-5.72,-5.33,-3.21,32.16,,
NAVNETEDUL,137.07,2026-07-30,-5.17,-7.12,-3.21,-4.56,-3.14,-6.47
SBCL,735.95,2026-07-30,-0.85,-1.48,-3.22,23.59,73.81,39.45
CREATIVEYE,5.99,2026-07-30,-5.97,-0.5,-3.23,-13.56,-11.13,-17.95
INVENTURE,0.9,2026-07-30,-1.1,0.0,-3.23,-10.89,-18.18,-42.68
UNIECOM,84.79,2026-07-30,-1.1,-1.69,-3.23,-8.42,-18.44,-30.82
KANANIIND,1.49,2026-07-30,-1.32,0.68,-3.25,-8.02,-3.87,-25.87
RUSTOMJEE,404.75,2026-07-30,-1.18,-2.2,-3.25,2.98,-18.81,-36.14
SPANDANA,259.8,2026-07-30,-2.33,-9.07,-3.28,13.96,3.46,-4.4
NDLVENTURE,127.28,2026-07-30,5.05,-0.51,-3.28,6.66,41.69,92.59
MOHITIND,22.62,2026-07-30,-1.39,0.18,-3.29,-5.0,-6.53,-28.3
ROSSARI,507.55,2026-07-30,-2.38,-2.12,-3.3,6.07,-9.99,-26.95
SHREEPUSHK,394.05,2026-07-30,1.52,-4.3,-3.3,-0.24,19.45,-0.33
PRIZOR,859.0,2026-07-29,-0.12,5.79,-3.31,25.09,224.21,254.96
NTPC,344.85,2026-07-30,-1.7,-0.69,-3.31,-13.6,-2.4,4.47
SHANTIGOLD,216.26,2026-07-30,-0.3,1.86,-3.32,7.7,5.54,
MBLINFRA,24.99,2026-07-30,2.21,-0.72,-3.33,-2.99,-5.23,-39.73
TRAVELFOOD,1279.2,2026-07-30,0.22,-1.92,-3.34,1.54,19.89,17.86
KNAGRI,204.88,2026-07-30,-7.49,4.52,-3.34,13.81,27.67,-18.02
ABMKNO,196.85,2026-07-30,-0.58,2.11,-3.35,-13.08,,
BIRLACABLE,194.11,2026-07-30,-3.42,8.26,-3.35,25.49,44.17,14.51
BALMLAWRIE,176.23,2026-07-30,-0.24,-1.7,-3.35,-6.26,4.88,-12.22
GANGESSECU,114.2,2026-07-30,-2.18,-1.48,-3.35,-10.49,-4.11,-27.11
BONLON,40.22,2026-07-30,-0.81,-2.8,-3.36,-21.17,,
ELIN,98.72,2026-07-30,-2.65,-6.2,-3.38,-18.47,-34.17,-46.31
SOLARINDS,18053.0,2026-07-30,-3.03,-5.07,-3.38,17.0,34.0,24.84
LGEINDIA,1499.6,2026-07-30,-1.78,-4.87,-3.38,-5.86,2.53,
DIVGIITTS,954.1,2026-07-30,-0.86,4.4,-3.39,32.39,55.37,48.19
BILVYAPAR,3.99,2026-07-30,-3.39,-5.9,-3.39,-29.38,-42.75,-67.27
TBI,61.35,2026-07-29,-3.39,-6.97,-3.39,-12.36,-14.85,-43.95
SIKA,1077.7,2026-07-30,-4.08,-3.14,-3.4,5.07,,
BHANDARI,2.84,2026-07-30,-1.05,-2.41,-3.4,-9.55,-28.28,-46.73
AMBIKCO,1699.8,2026-07-30,-0.78,-0.61,-3.41,14.1,31.96,8.63
CAPLIPOINT,2536.3,2026-07-30,-3.25,-4.26,-3.42,48.7,43.26,18.59
MARSONS,109.4,2026-07-30,-2.2,-3.25,-3.43,-29.05,,
ALANKIT,7.88,2026-07-30,0.0,-0.25,-3.43,-14.53,-15.45,-48.12
MANUGRAPH,15.14,2026-07-30,15.66,2.09,-3.44,8.22,4.7,-21.39
RAJPALAYAM,813.95,2026-07-30,0.39,-1.34,-3.45,1.26,,
RAJTV,11.91,2026-07-30,0.85,-0.58,-3.48,-48.71,-69.29,-72.75
AJMERA,125.46,2026-07-30,-0.57,-3.41,-3.49,0.93,-17.13,-29.76
RHL,169.39,2026-07-30,0.44,-0.83,-3.49,-8.41,-3.54,-39.79
SHAHALLOYS,66.56,2026-07-30,0.35,-1.25,-3.52,-4.31,4.79,11.12
SMARTWORKS,469.05,2026-07-30,-3.29,-3.5,-3.52,8.45,1.37,11.52
THEINVEST,94.73,2026-07-30,-1.73,-2.46,-3.54,-10.5,-5.26,-43.36
MOENERGY,38.46,2026-07-30,-1.26,-3.27,-3.56,-6.01,9.42,
MODTHREAD,48.0,2026-07-30,-2.58,1.01,-3.56,4.46,11.97,-6.92
DECNGOLD,191.15,2026-07-30,-2.97,0.56,-3.57,54.22,,
LANDSMILL,0.81,2026-07-30,-1.22,9.46,-3.57,-14.74,-32.5,-29.57
V2RETAIL,218.69,2026-07-30,-2.13,-3.2,-3.57,10.09,9.59,11.82
SCHAEFFLER,4040.1,2026-07-30,-3.47,-2.77,-3.57,-2.05,12.46,0.12
MUFIN,129.07,2026-07-30,2.75,0.33,-3.58,12.94,13.13,46.14
KPIGREEN,383.75,2026-07-30,-2.22,-7.07,-3.59,-14.33,-3.03,-25.31
ADVANIHOTR,51.28,2026-07-30,-1.86,-0.91,-3.59,-4.05,-8.13,-11.49
AMBICAAGAR,24.42,2026-07-30,-0.89,-0.57,-3.59,2.78,3.39,-10.78
HATHWAY,10.75,2026-07-30,-1.19,-2.98,-3.59,-2.36,1.42,-28.38
MAANALU,116.87,2026-07-30,2.33,3.16,-3.6,-22.4,-24.98,-3.23
GUJAPOLLO,343.1,2026-07-30,-4.48,-1.51,-3.61,-20.71,-12.95,-26.8
PRAKASHSTL,4.01,2026-07-30,-1.23,-0.74,-3.61,-14.86,-15.22,-30.62
MOCAPITAL,52.65,2026-07-30,-0.92,-3.36,-3.62,,,
LAXMICOT,13.79,2026-07-30,-4.04,-7.45,-3.63,-5.22,2.68,-49.85
KRSNAA,524.05,2026-07-30,-3.33,-4.13,-3.63,-10.99,-26.41,-38.96
LLOYDS,69.9,2026-07-29,4.33,-6.17,-3.65,-26.46,19.39,-18.05
INFOMEDIA,5.48,2026-07-30,0.55,-6.96,-3.69,-2.32,-4.36,-17.1
HITECH,84.74,2026-07-30,-2.31,-2.91,-3.69,-8.06,13.78,-6.98
ATL,22.95,2026-07-30,-3.08,-2.09,-3.69,-9.04,-6.82,-26.84
SPCL,67.9,2026-07-29,-2.72,0.97,-3.69,-17.65,-27.42,-39.75
WIPL,168.55,2026-07-30,-0.31,0.0,-3.7,7.71,10.96,12.84
ASHOKAMET,14.3,2026-07-30,0.21,-0.76,-3.7,-12.43,3.7,-23.04
GOYALSALT,114.25,2026-07-29,0.18,-0.65,-3.71,-5.77,-20.66,-30.55
LAKPRE,4.93,2026-07-30,-1.4,-6.1,-3.71,-0.6,-4.83,-12.74
KRISHIVAL,387.15,2026-07-30,-0.92,-2.84,-3.71,13.68,22.71,0.66
PSB,22.97,2026-07-30,-3.85,-6.05,-3.73,-6.39,-16.21,-20.84
GROWWCAPM,11.07,2026-07-30,-1.16,-3.32,-3.74,0.18,13.07,
CORDSCABLE,203.27,2026-07-30,-0.64,-1.81,-3.75,13.22,24.88,-0.15
EQUITASBNK,72.58,2026-07-30,-8.13,-8.45,-3.75,8.57,3.52,20.69
MODEFENCE,100.73,2026-07-30,-2.5,-1.84,-3.76,2.3,12.2,17.11
VIVIDHA,0.51,2026-07-30,-1.92,-1.92,-3.77,-8.93,-8.93,-36.25
INDOAMIN,127.45,2026-07-30,-0.52,5.59,-3.77,12.92,12.87,-14.11
KSHINTL,830.95,2026-07-30,-6.12,-7.04,-3.78,25.45,140.09,
YATHARTH,826.05,2026-07-30,-2.12,-2.69,-3.79,0.74,40.68,31.84
VSTL,110.62,2026-07-30,-0.64,-1.18,-3.79,-14.09,-5.78,-31.18
INDOWIND,9.13,2026-07-30,-0.98,-0.87,-3.79,-17.23,-23.02,-50.08
BOSCH-HCIL,1310.5,2026-07-30,-1.68,-2.03,-3.8,-5.76,-4.42,-25.72
MANGALAM,27.07,2026-07-30,-1.28,-0.81,-3.8,-8.18,-25.22,-69.55
CSBBANK,326.95,2026-07-30,-3.05,-9.42,-3.8,-14.4,-25.36,-22.35
EMKAYTOOLS,90.05,2026-07-29,-1.1,-3.22,-3.84,-20.94,-7.16,-54.97
EUROBOND,160.38,2026-07-30,0.87,-1.94,-3.85,-7.28,-8.58,-17.27
PNC,20.47,2026-07-30,4.44,6.06,-3.85,-4.66,-12.07,-21.27
HUDCO,197.11,2026-07-30,-2.5,-2.38,-3.86,-10.76,4.2,-6.82
GREENPLY,285.2,2026-07-30,-3.24,-11.3,-3.86,6.68,26.7,-13.64
FDC,407.45,2026-07-30,-2.31,-2.5,-3.87,11.8,9.24,-14.92
GOPAL,264.2,2026-07-30,1.56,0.11,-3.87,-2.63,-11.74,-22.78
CUMMINSIND,5396.0,2026-07-30,-4.15,-2.0,-3.87,3.31,32.9,52.59
WEALTH,924.75,2026-07-30,-3.57,-3.58,-3.88,-2.02,10.34,-18.79
IBULLSLTD,26.73,2026-07-30,-14.22,-9.05,-3.88,35.48,151.22,76.9
TRUALT,435.8,2026-07-30,3.45,3.74,-3.89,-11.5,14.13,
MOINFRA,60.21,2026-07-30,-0.59,-1.17,-3.9,-5.7,3.1,1.39
HARIOMPIPE,387.1,2026-07-30,-2.0,-3.19,-3.9,16.33,-6.47,-15.79
MIDWESTLTD,1202.6,2026-07-30,-3.02,-5.4,-3.9,-3.11,-9.01,
NAVINFLUOR,7386.5,2026-07-30,-4.21,-6.04,-3.91,8.42,21.26,42.66
AURUM,216.82,2026-07-30,-5.6,-7.66,-3.92,18.92,22.09,10.43
ENERGY,38.52,2026-07-30,-1.28,-3.41,-3.94,-6.05,9.59,
INDOTHAI,218.09,2026-07-30,-0.91,-0.44,-3.95,-24.23,-9.39,20.49
FABTECH,150.08,2026-07-30,0.79,-0.87,-3.97,-11.0,-7.89,
KIRLOSIND,3759.3,2026-07-30,-1.26,-2.78,-3.98,15.31,19.04,-10.94
NKIND,58.62,2026-07-30,-1.5,-3.59,-3.98,-11.69,-6.95,-12.6
INSPIRISYS,99.97,2026-07-30,0.63,-0.17,-4.0,20.45,18.45,-3.98
CENTEXT,18.42,2026-07-30,-1.5,-2.49,-4.01,-15.19,-17.62,-22.51
VENUSPIPES,1661.1,2026-07-30,-1.59,-2.38,-4.01,20.57,62.2,17.42
NHPC,78.07,2026-07-30,-2.07,-3.62,-4.01,-6.17,1.64,-5.33
REPL,65.58,2026-07-30,3.13,1.16,-4.02,-19.8,-41.78,-61.37
HDFCAMC,2546.3,2026-07-30,-0.24,-3.73,-4.03,-4.08,3.43,-8.22
ARIHANTACA,450.0,2026-07-29,-3.23,-4.26,-4.05,-6.25,3.45,61.19
ERIS,1375.2,2026-07-30,-2.02,-6.02,-4.07,4.51,0.51,-23.89
GLOBE,2.12,2026-07-30,-1.4,-0.93,-4.07,-14.52,-17.83,-6.61
POCL,527.6,2026-07-30,0.92,-5.91,-4.07,-4.27,10.65,10.96
CERA,6117.0,2026-07-30,-1.43,-1.07,-4.09,17.8,23.75,-5.0
NORTHARC,285.9,2026-07-30,-4.73,-6.35,-4.09,9.07,4.96,21.19
LICHSGFIN,540.9,2026-07-30,-1.97,-2.09,-4.1,-2.49,2.77,-6.72
ICRA,4923.0,2026-07-30,3.75,-3.53,-4.12,-7.31,-20.31,-23.56
CROMPTON,260.3,2026-07-30,4.5,0.51,-4.12,-3.28,18.96,-18.73
RCF,125.54,2026-07-30,-0.58,-1.33,-4.13,-2.84,-7.86,-17.79
CLEAN,729.05,2026-07-30,0.1,-0.1,-4.14,-10.99,-15.12,-41.17
BASML,26.89,2026-07-30,-0.37,1.78,-4.14,9.31,10.34,-12.01
PREMIER,2.78,2026-07-30,-5.44,-3.47,-4.14,-5.44,-12.03,-26.84
MON100,312.19,2026-07-30,-3.08,-4.81,-4.15,4.35,35.41,53.66
IRCON,125.63,2026-07-30,-0.67,-3.09,-4.15,-17.46,-22.79,-29.07
CLEANMAX,1309.0,2026-07-30,-9.03,-2.06,-4.15,14.61,,
HINDCOPPER,480.25,2026-07-30,-0.45,-0.37,-4.16,-10.21,-29.87,87.15
GMDCLTD,559.65,2026-07-30,-0.44,-3.07,-4.16,-23.98,-3.13,41.53
RADIANTCMS,36.99,2026-07-30,0.96,-2.32,-4.2,-11.66,-17.23,-30.46
HMAAGRO,21.0,2026-07-30,-2.46,-3.31,-4.2,-13.69,-18.41,-30.76
KRISHCA,165.45,2026-07-29,0.42,0.21,-4.2,-9.69,-7.47,-32.0
TFL,11.38,2026-07-30,1.88,6.26,-4.21,-8.59,-21.95,-34.75
MAHSEAMLES,572.55,2026-07-30,-0.75,-2.08,-4.22,-10.54,10.08,-15.79
MANAKSIA,55.63,2026-07-30,-0.7,-3.99,-4.22,-5.97,-12.87,-29.58
RILINFRA,39.65,2026-07-29,0.76,4.34,-4.23,16.79,22.38,11.53
ANURAS,1210.8,2026-07-30,-1.02,-4.5,-4.24,-9.9,-2.77,5.39
SHBAJRG,183.1,2026-07-30,0.36,-4.77,-4.24,7.39,,
TOUCHWOOD,66.51,2026-07-30,-0.73,-1.48,-4.26,-9.28,-28.83,-31.36
GOLDENTOBC,24.25,2026-07-30,-2.1,-6.37,-4.26,-10.85,-22.33,-32.32
NAMAN,45.0,2026-07-29,-5.26,2.62,-4.26,-21.05,-26.11,-56.73
AHLUCONT,819.3,2026-07-30,-1.37,-3.01,-4.27,-8.05,-5.17,-19.0
DEVX,34.21,2026-07-30,0.15,0.59,-4.28,-19.6,-10.52,
VETO,121.92,2026-07-30,0.64,-4.47,-4.29,12.5,22.85,-5.01
VSCL,29.0,2026-07-29,0.0,0.0,-4.29,8.61,42.51,-3.33
KCP,161.71,2026-07-30,-0.52,-4.91,-4.3,-10.21,-7.97,-21.74
HISARMETAL,147.38,2026-07-30,0.86,-3.34,-4.3,-3.7,-7.53,-27.71
PRECAM,141.61,2026-07-30,1.26,0.41,-4.3,-10.17,-3.0,-21.57
ELDEHSG,771.0,2026-07-30,-0.4,0.28,-4.31,-6.93,-10.73,3.75
CMSINFO,268.5,2026-07-30,-1.5,-3.76,-4.31,-7.53,-14.12,-41.85
HATSUN,879.55,2026-07-30,0.56,-5.47,-4.32,-7.72,1.05,-1.95
KOKUYOCMLN,83.7,2026-07-30,-2.17,-0.26,-4.32,-9.78,0.74,-27.31
UCOBANK,25.82,2026-07-30,-3.15,-3.08,-4.33,-2.01,-10.1,-12.93
SHRIKRISH,40.99,2026-07-30,3.85,2.14,-4.36,-5.01,,
VINCOFE,148.08,2026-07-30,-9.08,-6.83,-4.37,9.07,0.72,-3.32
VIRINCHI,15.49,2026-07-30,0.0,-4.62,-4.38,-13.46,-24.92,-42.44
JSLL,567.0,2026-07-30,0.29,-1.4,-4.38,-15.99,-14.65,2.33
ATAM,65.06,2026-07-30,-1.54,-3.46,-4.39,-5.08,-12.27,-33.28
BSHSL,86.81,2026-07-30,0.8,0.34,-4.39,-11.82,-2.58,-37.82
WEWIN,45.89,2026-07-30,-1.31,1.19,-4.4,-15.52,4.53,-3.19
ELGIEQUIP,569.15,2026-07-30,-1.68,-3.21,-4.4,3.31,32.61,0.79
ZODIACLOTH,77.08,2026-07-30,1.64,0.48,-4.43,-1.01,-5.59,-28.61
TALBROAUTO,399.05,2026-07-30,3.15,-4.2,-4.43,19.96,55.39,42.45
SETUINFRA,0.43,2026-07-30,0.0,-6.52,-4.44,-33.85,0.0,-20.37
RAILTEL,294.25,2026-07-30,1.98,-0.15,-4.45,-9.06,-16.45,-21.68
TRANSRAILL,489.15,2026-07-30,0.86,-1.38,-4.46,-18.33,-1.73,-31.93
DAMODARIND,28.55,2026-07-30,1.96,-2.23,-4.48,-10.73,13.34,-23.52
TATAELXSI,3658.3,2026-07-30,2.92,3.44,-4.48,-9.83,-30.05,-38.96
LATTEYS,20.01,2026-07-30,0.05,-3.47,-4.49,-4.4,-4.3,-5.57
WONDERLA,472.85,2026-07-30,1.09,0.44,-4.5,-10.34,-5.4,-25.61
IVP,149.99,2026-07-30,-1.81,-3.77,-4.5,7.93,4.35,-20.98
RUCHIRA,106.96,2026-07-30,-3.13,3.11,-4.5,-8.48,-8.18,-20.17
DENORA,862.35,2026-07-30,-1.0,-2.11,-4.51,0.78,40.01,-11.13
AKCAPIT,1693.9,2026-07-30,-3.18,-7.42,-4.52,7.7,,
EIEL,213.61,2026-07-30,-2.35,-6.86,-4.52,0.79,18.36,-16.56
LPDC,6.13,2026-07-30,0.33,-1.76,-4.52,-18.7,-4.67,-24.32
INGERRAND,4277.7,2026-07-30,-2.31,-6.25,-4.53,-2.73,28.53,11.1
URAVIDEF,112.95,2026-07-30,-0.92,-2.16,-4.54,-18.62,-40.24,-77.89
SCHNEIDER,1298.4,2026-07-30,-3.96,-3.18,-4.54,4.4,87.41,35.94
PITTIENG,928.25,2026-07-30,-0.26,-0.57,-4.55,-5.06,18.12,-1.98
INDBANK,31.85,2026-07-30,-3.78,-4.73,-4.55,-6.9,-10.61,-3.98
TVSSRICHAK,3920.7,2026-07-30,-1.3,-4.1,-4.55,0.7,-3.7,29.49
MOREPENLAB,56.42,2026-07-30,-0.42,-3.11,-4.57,36.41,55.38,-5.07
SAGARDEEP,24.0,2026-07-30,-3.85,0.88,-4.57,-0.99,-6.69,-17.1
ROTO,68.79,2026-07-30,2.23,-0.69,-4.6,18.32,22.84,-25.99
MFSL,1510.8,2026-07-30,-0.02,-2.09,-4.62,-4.72,-6.37,0.17
RELIABLE,140.07,2026-07-30,0.61,-5.57,-4.62,4.48,-13.8,77.81
POWERMECH,2635.3,2026-07-30,-2.14,2.6,-4.62,6.19,27.04,-14.96
MWL,35.8,2026-07-30,-0.28,-2.64,-4.64,2.14,30.36,94.25
CENTRALBK,31.02,2026-07-30,-0.74,-3.21,-4.64,-13.43,-15.77,-13.16
RUPA,161.15,2026-07-30,-1.74,-3.15,-4.66,6.15,7.52,-24.33
BPL,52.71,2026-07-30,-0.04,-6.13,-4.67,-5.67,-9.36,-36.47
AGRITECH,111.05,2026-07-30,-0.83,1.76,-4.67,-0.85,-23.46,-23.24
MURUDCERA,30.6,2026-07-30,-0.2,0.69,-4.67,-8.05,-6.25,-27.29
MARATHON,382.0,2026-07-30,-1.72,-3.72,-4.67,-18.78,-26.23,-47.33
EDELWEISS,115.14,2026-07-30,-1.51,-5.7,-4.69,0.78,7.82,12.23
SHRIRAMPPS,83.9,2026-07-30,-1.86,-5.42,-4.71,-0.71,12.97,-9.83
SRF,2604.8,2026-07-30,-1.01,-9.12,-4.72,3.62,-7.33,-15.29
VEDL,267.5,2026-07-30,1.08,2.16,-4.72,-1.49,-60.1,-35.12
NFL,71.11,2026-07-30,0.1,-1.5,-4.72,-8.73,-14.09,-27.44
CHAMBLFERT,445.85,2026-07-30,1.4,0.6,-4.72,1.78,1.03,-15.47
BLS,238.75,2026-07-30,0.53,1.23,-4.73,-14.21,-6.6,-36.08
MGL,1118.5,2026-07-30,1.87,2.53,-4.74,-1.51,7.36,-18.89
SANWARIA,0.2,2026-07-30,0.0,-4.76,-4.76,0.0,-23.08,-42.86
ROSSTECH,923.25,2026-07-30,-5.37,-5.66,-4.76,-6.71,35.89,60.69
BRIGHOTEL,60.04,2026-07-30,0.08,-2.83,-4.76,-10.72,-1.31,
MONTECARLO,526.25,2026-07-30,-3.77,-1.63,-4.78,-6.3,-7.08,-6.86
GALAPREC,1054.1,2026-07-30,-9.46,-13.24,-4.78,42.11,47.32,27.63
TREJHARA,134.85,2026-07-30,-2.29,-0.13,-4.79,-11.9,-30.25,-40.41
BAJAJST,390.9,2026-07-30,-1.1,-2.86,-4.79,-13.79,,
CANARYS,19.85,2026-07-29,2.85,3.93,-4.8,5.03,-22.16,-32.83
GROWW,192.33,2026-07-30,-3.54,-5.46,-4.82,-10.54,8.64,
HARSHA,398.05,2026-07-30,-1.9,-5.48,-4.82,3.31,6.47,-6.74
AADHARHFC,490.75,2026-07-30,-2.24,-3.88,-4.82,0.44,-0.11,-3.31
GROWWDEFNC,91.34,2026-07-30,-3.14,-2.33,-4.82,2.25,11.4,16.86
PRIMESECU,277.2,2026-07-30,0.98,-1.46,-4.84,-1.96,0.51,-2.77
ALLTIME,224.6,2026-07-30,-1.0,-7.01,-4.84,-6.67,-1.08,
SIYSIL,602.3,2026-07-30,-3.59,-5.83,-4.84,7.43,17.95,-4.3
BANSWRAS,126.6,2026-07-30,1.83,-2.88,-4.85,8.33,21.32,-11.16
KRITIKA,5.47,2026-07-30,-0.91,-2.67,-4.87,-13.31,-17.74,-43.08
PIONRINV,85.1,2026-07-30,-8.75,-14.06,-4.89,-21.13,,
THEMISMED,104.19,2026-07-30,-3.47,-7.97,-4.89,5.56,29.95,-4.93
NCC,140.91,2026-07-30,-0.87,0.75,-4.93,-14.0,-3.77,-36.13
RANASUG,11.76,2026-07-30,-0.68,-0.93,-4.93,-15.64,7.79,-18.78
EASEMYTRIP,6.56,2026-07-30,-3.81,-4.23,-4.93,-16.54,3.96,-34.14
FELDVR,2.31,2026-07-30,-2.53,-7.6,-4.94,-21.96,-21.69,-36.54
MUKKA,22.64,2026-07-30,0.09,-3.66,-4.95,-5.78,-2.83,-20.14
LT,3937.7,2026-07-30,3.46,2.58,-4.96,-0.94,1.12,8.49
PSPPROJECT,951.1,2026-07-30,-9.93,-11.3,-4.97,20.83,26.8,21.94
VINYLINDIA,238.05,2026-07-30,-5.23,-3.49,-4.97,-4.79,13.01,-18.8
RATNAMANI,2385.2,2026-07-30,-0.79,-6.55,-4.97,-9.82,7.6,-10.74
COALINDIA,417.2,2026-07-30,-2.41,-2.84,-4.98,-13.35,-4.09,17.54
AVL,625.35,2026-07-30,0.22,-1.88,-4.98,19.21,25.07,59.04
BRNL,17.53,2026-07-30,-0.34,0.11,-4.99,-15.6,-19.59,-15.64
FEL,0.38,2026-07-30,2.7,0.0,-5.0,-17.39,-15.56,-34.48
BCPL,69.72,2026-07-30,-1.46,-1.29,-5.0,-17.33,,
GOKUL,39.18,2026-07-30,-1.09,-2.42,-5.02,-1.19,8.38,-9.01
ZFSTEERING,663.8,2026-07-30,-3.29,-0.23,-5.04,-17.5,,
PTL,39.31,2026-07-30,-0.28,-0.66,-5.05,0.77,3.82,5.26
CYBERTECH,139.3,2026-07-30,0.32,-1.94,-5.06,9.94,8.51,-0.21
WOMANCART,102.0,2026-07-29,2.05,13.21,-5.07,-32.16,-51.94,-54.26
GOCLCORP,387.7,2026-07-30,-2.08,-3.34,-5.08,19.24,45.97,6.09
NIPPOBATRY,324.3,2026-07-30,-2.73,-0.93,-5.08,-2.79,-13.04,-28.34
RUCHINFRA,5.79,2026-07-30,-2.69,-0.17,-5.08,-9.39,-3.82,-21.44
SSFL,253.5,2026-07-29,-2.5,-7.9,-5.09,142.58,194.25,47.88
FIRSTCRY,211.93,2026-07-30,-0.74,0.52,-5.09,-11.4,-23.38,-38.95
CANFINHOME,816.3,2026-07-30,0.43,-4.77,-5.09,-4.79,-11.66,12.31
ARVINDFASN,446.9,2026-07-30,-3.62,-5.87,-5.11,0.85,-5.07,-18.13
TMPV,334.2,2026-07-30,2.0,-0.67,-5.11,-1.34,-3.74,-49.59
SELMC,27.59,2026-07-30,-0.33,-3.9,-5.12,-14.85,-3.36,-11.11
NTPCGREEN,90.61,2026-07-30,-3.29,-1.49,-5.12,-17.51,5.15,-14.49
MAHAPEXLTD,44.01,2026-07-30,-1.08,0.09,-5.13,-17.06,-52.27,-59.37
PDSL,345.05,2026-07-30,-3.48,-4.86,-5.13,24.79,1.96,-2.61
FRONTSP,1313.2,2026-07-30,-4.9,-6.38,-5.14,-7.81,,
GRSE,2586.2,2026-07-30,-2.32,0.96,-5.14,-11.76,-6.18,1.88
NDTV,76.25,2026-07-30,-1.51,-4.74,-5.15,-3.04,-6.81,-44.9
SONAL,88.18,2026-07-30,-2.11,-0.92,-5.18,-15.54,,
FORCEMOT,17618.0,2026-07-30,2.03,-1.63,-5.18,-11.49,-8.22,-0.07
BEWLTD,58.5,2026-07-29,-0.59,-0.85,-5.19,-31.78,-38.68,-62.99
SUVIDHAA,2.55,2026-07-30,5.81,0.0,-5.2,-12.37,-18.53,-45.51
MARKSANS,258.6,2026-07-30,-1.82,-3.13,-5.21,40.06,57.83,9.85
ASCOM,258.75,2026-07-29,0.0,0.0,-5.22,-5.57,72.5,200.7
ACMESOLAR,360.7,2026-07-30,-0.47,-4.46,-5.22,19.1,59.9,29.44
NCLIND,182.47,2026-07-30,-1.68,-2.06,-5.23,3.82,0.43,-16.27
MUFTI,80.71,2026-07-30,-4.2,-5.02,-5.23,3.78,-11.53,-50.82
STYLEBAAZA,264.55,2026-07-30,-3.78,-8.78,-5.25,-31.93,-18.64,-5.9
SUPREME,45.3,2026-07-30,1.62,-0.53,-5.25,-11.32,-21.95,-36.42
AARTECH,45.16,2026-07-30,-4.34,-6.71,-5.25,-7.15,0.33,-32.33
ALIVUS,1095.7,2026-07-30,-3.25,-3.23,-5.26,5.54,14.01,4.88
ADVAIT,2178.3,2026-07-30,-5.9,-2.44,-5.27,7.81,44.8,
NAVKARCORP,101.75,2026-07-30,-2.32,-2.45,-5.28,1.4,5.39,-22.95
HDFCLIFE,545.4,2026-07-30,-1.35,-3.41,-5.29,-6.74,-25.12,-27.74
DCMFINSERV,5.19,2026-07-30,-1.33,0.58,-5.29,9.96,29.75,-16.83
INA,110.05,2026-07-30,-1.78,-7.61,-5.29,-25.23,,
VISHWARAJ,5.18,2026-07-30,-1.33,-1.15,-5.3,-12.35,-17.25,-44.3
ORIENTHOT,132.76,2026-07-30,-3.34,-7.15,-5.31,34.27,31.39,-7.51
HBSL,48.0,2026-07-30,-0.46,-0.54,-5.31,-23.87,-22.87,-40.36
MEIL,284.75,2026-07-30,-5.38,-5.54,-5.32,-4.89,10.15,
MEESHO,182.15,2026-07-30,0.03,-1.9,-5.33,-5.69,4.59,
SHAH,3.91,2026-07-30,-14.25,-11.74,-5.33,-28.39,-18.88,2.36
VTL,602.1,2026-07-30,-4.16,-4.59,-5.35,-1.62,39.26,32.89
SURYALAXMI,59.13,2026-07-30,4.1,3.74,-5.36,0.32,5.57,-18.14
TRIDENT,24.71,2026-07-30,-1.48,-2.37,-5.4,-2.88,-3.03,-17.79
JARO,466.9,2026-07-30,-2.43,-4.86,-5.4,12.1,-6.95,
MASON,119.2,2026-07-29,-4.83,-1.37,-5.4,-13.15,-33.46,-40.99
BCG,9.28,2026-07-30,-2.01,-3.03,-5.4,-2.42,0.87,-32.9
MINDTECK,191.96,2026-07-30,-1.4,-4.4,-5.43,-5.1,-15.24,-7.27
CRAYONS,26.0,2026-07-29,2.97,-2.26,-5.45,-25.71,-35.8,-54.94
GREENCHEF,48.5,2026-07-29,2.97,-0.61,-5.46,-3.0,8.62,-20.49
IRB,20.25,2026-07-30,3.21,1.71,-5.46,-5.77,-2.14,-11.4
DELTAMAGNT,57.41,2026-07-30,2.12,-2.05,-5.47,-6.85,-10.2,-36.2
HEADSUP,6.57,2026-07-30,-7.33,-2.67,-5.47,-9.75,-20.36,-29.81
JKLAKSHMI,566.2,2026-07-30,-1.39,-0.93,-5.48,-11.23,-26.21,-40.62
SRD,37.72,2026-07-30,0.24,-1.46,-5.49,-15.63,-30.5,-53.6
RVNL,222.88,2026-07-30,-0.48,-1.76,-5.49,-25.12,-34.89,-37.29
UMESLTD,5.5,2026-07-30,2.61,3.38,-5.5,-7.56,19.57,-5.66
NIITLTD,95.08,2026-07-30,0.0,-3.52,-5.51,36.04,27.28,-17.73
HDFCBANK,753.95,2026-07-30,1.95,-3.04,-5.51,-0.68,-17.52,-24.33
HCL-INSYS,11.3,2026-07-30,-1.65,-4.48,-5.52,-7.15,-12.94,-25.76
SUNDRMBRAK,780.0,2026-07-30,-0.76,-4.67,-5.52,27.0,35.18,-11.54
GTECJAINX,28.52,2026-07-30,-0.42,3.56,-5.53,41.26,38.85,7.79
CRIZAC,192.14,2026-07-30,-1.46,3.28,-5.55,-8.52,-20.96,-39.04
XELPMOC,80.14,2026-07-30,1.03,-2.47,-5.55,-21.47,-40.44,-11.11
DIGIDRIVE,17.87,2026-07-30,0.22,-3.3,-5.55,-25.14,-18.1,-41.54
GREENPOWER,9.83,2026-07-30,-1.6,-3.63,-5.57,-21.61,-5.39,-29.38
RPPINFRA,61.05,2026-07-30,-1.77,-3.57,-5.58,-23.28,-28.23,-50.46
GARFIBRES,722.8,2026-07-30,-4.01,-6.63,-5.6,17.58,10.42,-19.79
GLOBECIVIL,38.84,2026-07-30,-3.26,-3.19,-5.61,-19.34,-25.39,-53.05
MOTOGENFIN,26.76,2026-07-30,-2.3,-1.8,-5.61,9.67,22.02,2.73
ASHOKA,123.23,2026-07-30,-0.73,-0.29,-5.61,-8.21,-17.28,-39.66
VASWANI,52.27,2026-07-30,-0.78,-1.04,-5.65,-10.44,-1.0,-2.64
MCX,2677.0,2026-07-30,-2.83,-5.0,-5.65,-9.91,5.89,72.55
BAJAJHIND,16.65,2026-07-30,-1.65,-3.42,-5.67,-17.98,1.46,-30.13
GUFICBIO,383.95,2026-07-30,0.44,-2.49,-5.67,34.91,24.96,-5.07
EXXARO,6.31,2026-07-30,-4.1,-0.47,-5.68,-9.47,-11.99,-25.5
SAYAJIHOTL,290.4,2026-07-30,-3.07,-3.2,-5.71,4.84,,
MBEL,292.9,2026-07-30,-1.36,-7.72,-5.71,-11.8,-7.73,
HILTON,21.74,2026-07-30,3.28,-5.23,-5.72,-5.81,-23.02,-63.44
INDOUS,82.58,2026-07-30,-2.85,-5.47,-5.72,-20.8,-34.05,-51.51
APCL,101.76,2026-07-30,-3.08,0.27,-5.73,-11.84,-25.91,-33.01
WABAG,1889.4,2026-07-30,-4.46,-10.75,-5.73,25.46,75.75,17.45
QUINT,38.99,2026-07-30,4.39,-0.28,-5.75,-5.13,,
CAMLINFINE,125.71,2026-07-30,-1.31,1.41,-5.75,-0.97,-13.46,-50.65
BI,58.73,2026-07-30,0.46,-5.3,-5.75,-1.71,,
OILCOUNTUB,56.4,2026-07-30,-0.44,1.66,-5.76,-10.29,19.67,-36.12
YATRA,106.13,2026-07-30,-4.08,-2.1,-5.77,0.56,-28.24,6.9
DCMNVL,137.9,2026-07-30,-4.9,-6.25,-5.77,-3.3,3.51,-25.39
SEIL,204.29,2026-07-30,-0.39,-3.55,-5.78,6.54,,
YASHOPTICS,114.9,2026-07-29,3.23,-0.04,-5.78,-1.63,-2.63,23.55
GMBREW,900.8,2026-07-30,-0.53,-2.35,-5.79,-4.96,-6.62,30.72
GARUDA,168.16,2026-07-30,-2.43,-3.62,-5.79,-0.22,8.57,-13.21
NOVAAGRI,22.93,2026-07-30,-1.04,0.13,-5.83,-20.05,-32.22,-59.35
LAXMIDENTL,211.91,2026-07-30,-2.82,-5.49,-5.83,6.5,12.12,-50.86
REMUS,719.0,2026-07-29,-0.28,0.03,-5.83,2.74,12.95,-24.22
AMRUTANJAN,516.0,2026-07-30,0.52,-5.61,-5.83,-9.66,-11.47,-21.83
BHARATGEAR,124.56,2026-07-30,-2.29,5.2,-5.84,16.15,10.75,32.82
VINDHYATEL,1951.2,2026-07-30,2.29,9.04,-5.84,42.98,60.33,25.04
MEDICAMEQ,235.6,2026-07-30,-2.3,-0.38,-5.84,-7.44,-31.13,-40.43
INSECTICID,622.15,2026-07-30,1.57,-2.05,-5.86,-11.31,5.24,-41.76
URJA,9.0,2026-07-30,-1.1,-2.7,-5.86,-21.26,-11.24,-37.28
JAINAM,240.0,2026-07-29,2.13,-2.83,-5.88,3.0,1.89,2.81
PRITI,36.76,2026-07-30,-0.94,-2.36,-5.91,-19.21,-28.03,-57.65
TVSELECT,481.2,2026-07-30,-2.59,-6.19,-5.92,4.22,20.32,17.8
PARAS,1212.4,2026-07-30,-0.73,0.48,-5.95,52.65,70.1,77.18
CUBEXTUB,75.95,2026-07-30,-1.91,-3.73,-5.96,-22.74,-40.77,-10.75
STUDDS,441.2,2026-07-30,-0.68,-1.93,-5.96,-9.9,-12.3,
ICICIGI,1637.9,2026-07-30,-2.56,1.01,-5.96,-6.75,-9.37,-14.11
MOLDTKPAC,676.35,2026-07-30,-2.31,-3.64,-5.98,18.92,23.95,-19.6
TRF,225.5,2026-07-30,-3.08,-7.34,-5.98,-14.57,-22.52,-33.71
PROLIFE,71.25,2026-07-29,0.0,-5.0,-6.0,15.01,11.33,-52.38
VIAZ,61.0,2026-07-29,0.0,1.67,-6.01,-3.1,-6.15,-7.92
JYOTISTRUC,10.78,2026-07-30,-1.46,-3.49,-6.02,-18.4,11.83,-36.36
TRANSTEEL,120.2,2026-07-29,6.61,3.31,-6.02,-7.47,-17.22,-13.4
NIACL,165.89,2026-07-30,0.19,-6.17,-6.04,4.14,12.32,-17.41
SYSTMTXC,60.1,2026-07-30,0.17,-3.92,-6.04,-14.86,-30.29,
PULZ,23.3,2026-07-29,1.3,1.3,-6.05,-10.21,-2.31,-46.06
IPL,152.25,2026-07-30,1.58,1.68,-6.05,1.36,-3.16,-33.21
VIKRAN,71.62,2026-07-30,-0.29,-1.02,-6.05,-0.91,-19.09,
LOYALTEX,207.0,2026-07-29,1.5,2.99,-6.06,-0.48,1.48,-41.19
SUNDARAM,1.24,2026-07-30,-3.12,-1.59,-6.06,-13.29,-21.52,-40.67
DEN,27.42,2026-07-30,0.18,1.52,-6.06,-1.12,-2.49,-27.13
RPOWER,23.33,2026-07-30,-1.81,-4.07,-6.08,-18.46,-17.42,-56.28
DRCSYSTEMS,13.48,2026-07-30,-0.74,1.35,-6.13,-10.61,-11.84,-25.93
PRABHA,144.18,2026-07-30,1.52,-0.77,-6.13,-10.81,-3.87,-44.22
SSDL,53.68,2026-07-30,1.42,0.77,-6.14,-13.42,-20.57,-42.86
MADHAVIPL,8.03,2026-07-30,2.82,-0.5,-6.19,-12.72,,
VINNY,1.06,2026-07-30,0.95,0.95,-6.19,-7.02,-0.93,-18.46
GTL,7.24,2026-07-30,-1.63,0.7,-6.22,-1.9,3.28,-23.22
HYBRIDFIN,18.53,2026-07-30,-1.23,2.66,-6.22,-8.13,-19.43,20.56
DBL,420.55,2026-07-30,-5.21,3.7,-6.23,-9.52,-8.23,-12.42
BALAJEE,27.06,2026-07-30,-0.26,-4.68,-6.24,-15.07,-16.66,-47.71
WEBELSOLAR,94.97,2026-07-30,-4.08,-7.21,-6.24,-14.18,16.67,-30.97
AGARWALFT,37.5,2026-07-29,-4.94,-4.94,-6.25,-3.1,19.05,-40.19
PIRAMALFIN,2028.7,2026-07-30,-0.79,-5.97,-6.26,2.08,17.02,
NRBBEARING,416.15,2026-07-30,-0.74,2.82,-6.27,47.53,65.89,46.17
AGARIND,501.35,2026-07-30,3.68,-0.26,-6.27,20.24,-31.3,-48.24
SILGO,70.37,2026-07-30,-5.3,-5.4,-6.27,-10.89,-0.61,26.04
OSWALGREEN,21.35,2026-07-30,0.85,-1.07,-6.28,-22.9,-22.87,-51.88
ESCONET,127.45,2026-07-29,-2.26,-3.41,-6.29,-8.14,3.74,-28.04
BHARATRAS,1267.1,2026-07-30,-0.53,-3.51,-6.29,-8.49,-32.11,-54.59
SICAGEN,49.26,2026-07-30,-3.3,-4.63,-6.3,-8.01,,
CAMPUS,220.35,2026-07-30,0.41,-2.16,-6.33,-11.21,-12.96,-18.48
EVEREADY,344.25,2026-07-30,-1.57,0.36,-6.33,2.75,2.21,-15.92
TITAGARH,824.8,2026-07-30,1.07,-4.89,-6.35,7.34,0.46,-5.08
VHL,3347.5,2026-07-30,-4.45,-5.65,-6.36,-0.87,2.91,-16.44
TEXMOPIPES,42.55,2026-07-30,-2.12,-1.82,-6.36,-8.93,-5.51,-30.39
MODIRUBBER,121.34,2026-07-30,-3.7,-6.83,-6.37,-11.35,-2.28,-0.53
RAJSREESUG,29.23,2026-07-30,-5.19,-11.21,-6.37,-16.77,-4.04,-34.81
MEGASTAR,340.95,2026-07-30,0.75,0.58,-6.37,16.46,49.1,25.88
KPIL,1282.7,2026-07-30,-1.21,-3.08,-6.38,3.41,13.02,15.04
TATACHEM,670.3,2026-07-30,-4.09,-3.36,-6.38,-15.87,-8.72,-32.03
LEMONTREE,109.2,2026-07-30,-2.34,-2.18,-6.39,-7.13,-15.41,-26.93
SALONA,242.3,2026-07-30,-1.36,-5.31,-6.39,-7.89,-2.67,-4.57
MAFATIND,133.34,2026-07-30,-0.87,-0.82,-6.4,-1.56,,
GROWWPOWER,11.41,2026-07-30,-2.73,-4.2,-6.4,-6.86,18.61,
DOLATALGO,67.84,2026-07-30,-0.8,-1.28,-6.4,-12.39,-14.15,-25.37
SJVN,68.45,2026-07-30,0.6,-0.94,-6.43,-13.33,-4.12,-27.97
HPAL,32.91,2026-07-30,-1.44,-4.02,-6.43,-12.54,-14.9,-31.96
ROHLTD,311.6,2026-07-30,-3.33,-2.03,-6.43,-9.29,-13.17,-27.42
LAHOTIOV,40.67,2026-07-30,-7.46,-4.51,-6.44,-16.75,,
TRUST,27.55,2026-07-29,-3.33,-5.0,-6.45,-31.21,-31.55,-54.3
GICL,16.87,2026-07-30,3.94,0.78,-6.49,-58.66,-61.75,-85.7
INFOLLION,160.0,2026-07-29,0.79,-5.3,-6.49,-25.46,-55.09,-64.02
PREMIERENE,982.7,2026-07-30,-5.5,-9.55,-6.5,-3.41,36.61,-8.04
BANCOINDIA,626.8,2026-07-30,0.11,-5.27,-6.5,1.33,7.08,6.06
FISCHER,39.01,2026-07-30,3.47,-2.28,-6.5,2.77,1.3,-59.52
INDIASHLTR,719.3,2026-07-30,-1.19,-11.76,-6.51,-9.98,-9.19,-20.75
BEL,384.9,2026-07-30,-5.46,-5.7,-6.53,-10.76,-13.91,0.24
AGROPHOS,28.67,2026-07-30,-0.17,-3.99,-6.55,-9.27,-21.62,-31.63
GOYALALUM,6.42,2026-07-30,-0.62,-2.43,-6.55,-9.45,-17.9,-14.85
PTC,169.13,2026-07-30,1.68,-2.23,-6.55,-18.57,-0.16,-7.48
KRBL,350.65,2026-07-30,0.03,-1.35,-6.56,-4.49,2.42,-10.01
FACT,815.45,2026-07-30,-0.5,-1.89,-6.57,-9.31,-0.16,-15.29
PRAMARA,122.3,2026-07-29,-4.97,-9.61,-6.57,-64.77,-65.55,-42.8
MITCON,74.8,2026-07-30,2.26,2.95,-6.58,-6.45,24.05,-2.34
HGINFRA,533.05,2026-07-30,-1.25,-4.79,-6.59,-10.41,-16.94,-49.41
UCAL,115.09,2026-07-30,-2.19,-2.69,-6.6,14.26,4.03,-21.39
IMAGICAA,45.49,2026-07-30,-0.5,-1.52,-6.61,0.02,-10.4,-28.75
RELIGARE,252.4,2026-07-30,-1.19,-1.79,-6.61,13.88,5.99,-4.57
SWELECTES,601.55,2026-07-30,-1.04,-2.05,-6.61,-8.24,18.19,-9.71
ADANIPOWER,208.97,2026-07-30,-2.33,-5.0,-6.61,-5.81,54.36,77.18
FINKURVE,60.94,2026-07-30,-0.94,-3.13,-6.62,-15.55,-25.64,
RELCHEMQ,124.57,2026-07-30,-2.73,-4.18,-6.63,9.29,6.39,-30.19
STARTECK,266.7,2026-07-30,-0.74,-0.02,-6.65,7.49,-1.64,-13.17
PRADPME,516.8,2026-07-30,1.28,-4.21,-6.66,39.52,,
AURIGROW,0.28,2026-07-29,0.0,0.0,-6.67,-20.0,-45.1,-54.1
PARKHOSPS,279.3,2026-07-30,-0.14,0.11,-6.68,21.17,81.8,
PGHH,8477.0,2026-07-30,-5.74,-2.83,-6.68,-16.45,-26.76,-37.27
PILITA,8.63,2026-07-30,-1.15,-4.0,-6.7,6.94,-1.03,-41.96
MAITHANALL,963.2,2026-07-30,-0.32,-4.87,-6.71,-1.11,-3.17,-11.54
BORORENEW,561.85,2026-07-30,-3.97,-5.67,-6.71,12.03,13.75,-7.66
NAGREEKCAP,22.76,2026-07-30,0.13,-1.22,-6.72,-27.28,-14.44,-13.69
OMFREIGHT,88.87,2026-07-30,-3.3,-4.31,-6.73,8.4,-3.19,
ALPEXSOLAR,828.85,2026-07-29,0.2,-7.83,-6.74,-27.48,8.25,-34.05
EMSLIMITED,383.55,2026-07-30,-4.53,-10.89,-6.75,10.44,14.56,-36.77
SHARDACROP,820.0,2026-07-30,-7.72,-7.4,-6.76,-23.56,-20.43,-26.21
JSWENERGY,543.7,2026-07-30,-1.09,-4.23,-6.76,-2.78,18.65,3.62
COHANCE,425.3,2026-07-30,-0.63,-5.64,-6.76,-11.99,11.54,-57.36
ALOKINDS,11.85,2026-07-30,-1.58,-3.03,-6.77,-14.07,-21.52,-39.23
YESBANK,22.54,2026-07-30,-1.74,-1.7,-6.78,13.1,5.28,17.27
FOSECOIND,4969.5,2026-07-30,-1.33,-3.26,-6.78,5.83,11.19,-8.98
VILAS,357.0,2026-07-29,0.93,-3.53,-6.78,-18.59,6.36,-34.9
DODLA,1041.8,2026-07-30,0.96,-2.96,-6.8,-4.87,-11.72,-19.13
BALAJITELE,82.23,2026-07-30,-1.87,-6.18,-6.83,-16.51,-1.78,-5.32
BAJAJHCARE,327.45,2026-07-30,2.44,-15.29,-6.83,1.77,-5.37,-34.09
FINPIPE,162.91,2026-07-30,-0.56,-1.31,-6.84,-5.75,-7.66,-22.16
CHEMCON,173.44,2026-07-30,-2.55,-4.78,-6.84,11.41,0.17,-22.34
IREDA,119.88,2026-07-30,-0.34,-1.6,-6.85,-11.27,-8.76,-19.77
RAYMONDLSL,731.7,2026-07-30,3.7,0.7,-6.85,-7.75,-30.09,-34.87
SURANI,100.5,2026-07-29,7.54,-5.19,-6.86,-20.24,73.88,2.24
RTNINDIA,31.07,2026-07-30,-3.0,-3.15,-6.86,-12.53,-14.19,-44.32
SHANTIGEAR,411.45,2026-07-30,-1.24,-2.21,-6.87,-14.04,-8.47,-24.59
SEYAIND,12.18,2026-07-30,0.0,-3.72,-6.88,-12.31,-26.0,-34.34
JAYSREETEA,80.86,2026-07-30,0.41,-0.83,-6.89,-10.69,-0.99,-24.46
CMICABLES,2.84,2026-07-29,0.0,-4.7,-6.89,-10.97,-43.76,-13.94
SAAKSHI,303.0,2026-07-29,4.27,2.87,-6.91,46.13,60.11,62.73
DISHTV,2.81,2026-07-30,-2.09,-4.42,-6.95,-26.44,-19.25,-48.15
MAMATA,386.45,2026-07-30,1.5,-2.45,-6.95,-7.49,-2.89,-26.42
NITCO,100.39,2026-07-30,-6.69,-7.71,-6.95,13.73,20.97,-22.89
SANSTAR,113.01,2026-07-30,-2.78,3.65,-6.96,25.44,24.96,24.65
INTLCONV,74.37,2026-07-30,-0.75,-5.53,-6.97,-4.17,-5.49,-15.41
AHLADA,36.4,2026-07-30,-0.33,-5.87,-6.98,-19.79,-28.03,-41.32
QUICKHEAL,158.83,2026-07-30,2.0,-1.37,-6.98,-4.65,-15.29,-49.93
NPST,1505.2,2026-07-30,-3.33,-1.64,-7.01,26.19,24.69,-27.29
MIDHANI,389.1,2026-07-30,-2.01,-4.99,-7.01,-0.21,3.97,-3.23
PENTAGON,52.95,2026-07-29,3.12,-1.76,-7.02,-20.32,-19.77,-12.19
SUBROS,783.3,2026-07-30,-0.6,-2.71,-7.02,0.61,-3.15,-10.36
COCHINSHIP,1402.1,2026-07-30,-0.01,-0.39,-7.02,-19.11,-15.34,-21.03
TECILCHEM,9.65,2026-07-30,-3.4,-1.73,-7.03,-22.24,-35.49,-52.65
ZFCVINDIA,2381.3,2026-07-30,3.58,1.83,-7.04,-2.63,-4.51,7.14
KOTHARIPRO,66.25,2026-07-30,-2.93,-2.99,-7.06,-7.74,0.93,-18.62
SCILAL,40.81,2026-07-30,-3.18,-2.55,-7.08,-8.23,-9.09,-18.67
JSWDULUX,2953.4,2026-07-30,0.32,-1.67,-7.08,1.65,7.12,-17.92
VASCONEQ,31.6,2026-07-30,-2.86,-4.96,-7.09,-23.41,-23.56,-42.38
MAZDOCK,2319.1,2026-07-30,-0.48,-1.17,-7.11,-15.15,-9.58,-15.44
SPCENET,3.26,2026-07-30,-5.23,-10.44,-7.12,-18.88,-43.64,-50.39
SOFTTECH,413.0,2026-07-30,-0.48,-0.24,-7.12,1.88,48.0,15.56
PLAZACABLE,42.33,2026-07-30,-1.1,-1.88,-7.13,3.47,8.82,-27.97
BAJAJINDEF,232.75,2026-07-30,0.82,-0.87,-7.16,-22.22,-20.97,-42.64
ODIGMA,22.48,2026-07-30,-2.52,-1.01,-7.18,-16.46,-18.28,-37.52
VALIANTLAB,60.33,2026-07-30,-1.92,-5.75,-7.18,-22.47,2.69,-34.44
RTNPOWER,8.39,2026-07-30,-2.78,-4.33,-7.19,-17.09,-1.41,-35.31
UNITEDPOLY,29.8,2026-07-30,-0.86,1.67,-7.19,-2.1,-0.23,2.65
INTERARCH,1790.4,2026-07-30,-2.01,-3.21,-7.19,-14.27,-9.11,-19.21
SURYODAY,161.65,2026-07-30,-12.44,-11.69,-7.2,6.59,17.62,28.17
BALUFORGE,433.0,2026-07-30,-1.53,-3.01,-7.2,-20.02,2.58,-30.3
ARVEE,153.61,2026-07-30,-2.94,-2.78,-7.21,-8.57,-2.08,-11.25
KHAITANLTD,126.46,2026-07-30,-3.34,1.9,-7.22,1.78,32.74,2.17
UFO,65.32,2026-07-30,-4.57,-3.24,-7.23,-9.2,-11.06,-8.21
ARTNIRMAN,38.8,2026-07-30,-1.57,-2.9,-7.24,-12.85,-7.6,-31.57
CEINSYS,840.2,2026-07-30,-2.14,-6.62,-7.24,-21.74,,
JSWHL,11196.0,2026-07-30,1.79,1.31,-7.25,-9.66,-36.98,-45.81
AYE,161.1,2026-07-30,-3.42,-6.05,-7.25,21.65,,
SWARAJENG,3607.5,2026-07-30,0.06,-1.87,-7.27,-6.32,7.05,-12.81
NETWORK18,29.29,2026-07-30,1.53,-2.01,-7.28,-14.93,-23.16,-47.85
INDRAMEDCO,359.8,2026-07-30,-2.39,-3.94,-7.28,-10.51,-0.92,-23.88
SAATVIKGL,431.1,2026-07-30,-2.68,-7.08,-7.28,-6.3,9.65,
SKFINDUS,2671.6,2026-07-30,-1.56,1.34,-7.29,22.07,-1.46,
GMRAIRPORT,103.91,2026-07-30,-3.79,-6.84,-7.3,7.76,10.67,15.66
CONTROLPR,570.95,2026-07-30,-3.56,-10.84,-7.3,-9.5,-9.44,-25.18
GODAVARIB,266.8,2026-07-30,-2.59,1.18,-7.33,-16.15,6.0,-15.87
SAIFL,5.05,2026-07-29,-0.98,-0.98,-7.34,-42.94,-54.09,-83.63
RVTH,703.65,2026-07-30,-0.82,0.81,-7.34,19.65,8.18,-29.71
CSLFINANCE,212.13,2026-07-30,-2.35,-0.98,-7.34,-6.44,-22.5,-28.91
BIRLAMONEY,131.25,2026-07-30,0.02,-3.24,-7.35,-10.29,5.46,-21.58
REPCOHOME,387.05,2026-07-30,-1.02,-4.5,-7.35,-5.0,-3.79,-3.92
RAJESHEXPO,85.04,2026-07-30,-3.87,-2.72,-7.38,-28.66,-47.62,-55.84
BANSALWIRE,315.05,2026-07-30,-0.44,-0.8,-7.43,6.27,14.58,-22.35
MADHAV,33.76,2026-07-30,-0.09,-1.86,-7.43,-14.05,-7.81,-26.74
PEARLPOLY,17.2,2026-07-30,1.18,-2.05,-7.43,-16.26,-10.04,-53.83
YUKEN,709.5,2026-07-30,-0.15,-0.4,-7.44,-6.0,-13.17,-31.61
PIXTRANS,1690.6,2026-07-30,-5.91,-8.98,-7.45,9.6,29.43,12.57
IEML,42.85,2026-07-29,-1.27,0.94,-7.45,-45.41,-42.71,-70.74
PROZONER,41.53,2026-07-30,-5.85,-3.46,-7.46,-28.73,-17.04,-2.94
KSR,29.21,2026-07-30,2.46,-2.57,-7.48,-13.58,5.68,
BHAGCHEM,269.1,2026-07-30,2.2,-2.18,-7.49,1.64,27.2,-13.39
DLINKINDIA,452.0,2026-07-30,0.97,0.77,-7.52,5.7,15.4,-7.2
EMMIL,115.6,2026-07-29,-3.63,-11.08,-7.52,-22.93,-18.91,-48.75
GESHIP,1371.3,2026-07-30,-1.95,-1.14,-7.54,-12.44,15.68,48.95
NETWEB,4195.2,2026-07-30,-3.83,0.41,-7.56,3.21,33.41,107.63
TTML,39.57,2026-07-30,0.23,-1.67,-7.57,-7.83,-13.34,-33.65
EVERESTIND,473.05,2026-07-30,-12.5,-3.14,-7.58,25.04,9.41,-13.65
ANUP,2154.7,2026-07-30,0.48,-0.48,-7.58,4.49,21.65,-19.55
SURYAROSNI,239.1,2026-07-30,-0.04,-1.16,-7.59,-4.41,-3.14,-27.58
COCKERILL,8509.0,2026-07-30,-3.96,-7.36,-7.6,66.34,,
DEVIT,26.34,2026-07-30,1.0,-2.26,-7.61,-15.41,-14.23,-41.49
BIRDYS,88.5,2026-07-29,-3.91,-3.91,-7.62,-37.08,-26.68,-28.05
VPRPL,25.78,2026-07-30,-8.87,-0.46,-7.63,-41.28,-41.87,-84.1
KRN,1156.6,2026-07-30,-7.07,-8.89,-7.66,-10.71,81.19,34.48
MOS,11.45,2026-07-29,-3.38,-4.58,-7.66,-12.93,-46.12,-95.43
LASA,6.98,2026-07-30,2.35,-2.1,-7.67,-12.75,-25.67,-33.52
CPS,1001.0,2026-07-29,-2.82,1.11,-7.67,2.14,-11.18,43.49
DTL,120.0,2026-07-29,-0.54,-5.51,-7.69,4.35,-4.38,-12.98
SJLOGISTIC,305.25,2026-07-29,-0.68,-4.58,-7.7,-8.88,-5.08,-24.46
ENGINERSIN,221.98,2026-07-30,-1.96,-3.39,-7.74,-11.89,29.66,5.23
ABSMARINE,218.05,2026-07-29,-1.2,-4.03,-7.74,-1.91,21.92,-1.2
BFUTILITIE,561.2,2026-07-30,-2.88,-7.67,-7.77,0.41,8.11,-24.65
MANINFRA,96.09,2026-07-30,-2.33,-4.43,-7.77,-19.67,-12.19,-45.43
QUICKTOUCH,22.55,2026-07-29,6.87,-2.59,-7.77,-18.3,-37.1,-56.13
OBCL,52.43,2026-07-30,-1.72,-1.15,-7.77,-4.66,-3.0,-4.67
STCINDIA,117.35,2026-07-30,-0.89,-1.68,-7.79,-0.37,-2.47,-6.88
EXICOM,157.5,2026-07-30,-4.66,-6.37,-7.8,36.48,58.36,-5.46
DUCON,2.95,2026-07-30,-2.32,-2.32,-7.81,-9.23,-7.81,-49.14
SAMMAANCAP,160.0,2026-07-30,-3.01,-2.29,-7.84,10.64,6.16,29.16
SECURKLOUD,17.5,2026-07-30,-0.06,-0.85,-7.85,-23.38,-18.15,-26.44
RAMASTEEL,4.11,2026-07-30,-3.07,-4.42,-7.85,-28.77,-47.31,-62.7
VERTOZ,35.7,2026-07-30,0.42,-2.96,-7.85,-27.75,-35.86,-60.13
DBEIL,7.4,2026-07-30,0.14,-3.9,-7.85,-13.96,-16.03,-46.53
GOKEX,804.4,2026-07-30,-3.58,-4.84,-7.88,14.31,46.24,-9.64
KENNAMET,2818.7,2026-07-30,-0.66,1.26,-7.89,4.84,15.37,15.37
AIRAN,15.06,2026-07-30,0.2,-1.5,-7.89,-8.06,1.28,-44.2
HDIL,1.63,2026-07-30,-1.81,-2.98,-7.91,-21.63,-18.5,-40.73
FINEORG,4877.0,2026-07-30,0.8,-1.14,-7.91,5.38,14.93,-7.57
SPENCERS,32.61,2026-07-30,-2.54,-8.04,-7.91,-5.75,-7.88,-45.47
IGL,151.74,2026-07-30,0.98,-1.89,-7.91,-8.6,-13.06,-23.34
ORIENTALTL,5.23,2026-07-30,-1.69,-3.51,-7.92,-24.64,-27.66,-48.78
HIGREEN,132.35,2026-07-29,-3.39,-5.16,-7.93,-2.76,-5.87,-40.14
BALKRISHNA,17.41,2026-07-30,-0.74,-3.6,-7.93,-3.33,3.51,-15.32
ABANSENT,26.44,2026-07-30,-0.19,-6.27,-7.94,-39.36,,
CALSOFT,21.08,2026-07-30,-3.17,-8.55,-7.95,46.9,49.93,42.05
PALASHSECU,86.29,2026-07-30,-3.16,-3.39,-7.96,-8.45,-13.3,-29.52
GKWLIMITED,1610.6,2026-07-30,0.06,-5.25,-7.97,-2.45,-5.06,-10.89
PURVFLEXI,46.0,2026-07-29,0.55,-4.17,-8.0,-29.61,-30.3,-39.47
GLFL,5.75,2026-07-30,9.32,8.7,-8.0,-20.36,29.5,-10.44
PVP,27.28,2026-07-30,-0.44,-4.52,-8.02,-17.71,-9.55,31.41
GANGAFORGE,1.79,2026-07-30,6.55,-6.77,-8.02,-38.28,-46.57,-51.36
BIGBLOC,45.41,2026-07-30,-3.34,-4.52,-8.04,-6.08,-20.51,-23.45
CELLO,340.3,2026-07-30,-1.38,-6.97,-8.05,-18.49,-31.78,-42.3
APS,277.7,2026-07-29,0.85,-2.82,-8.05,-27.81,-10.38,-49.9
RAMKY,369.15,2026-07-30,-1.61,-4.08,-8.06,-26.73,-22.41,-37.09
TVVISION,4.79,2026-07-30,3.01,0.84,-8.06,-10.97,-25.62,-39.21
WINSOL,113.3,2026-07-29,0.58,-3.37,-8.07,-16.23,-15.76,-45.31
DECCANCE,549.8,2026-07-30,0.83,-3.42,-8.07,-16.02,-12.84,-47.26
ADANIPORTS,1664.1,2026-07-30,-6.0,-9.76,-8.07,0.83,17.7,19.88
BNAGROCHEM,274.0,2026-07-30,-0.35,0.27,-8.08,14.12,,
ICICIAMC,3051.4,2026-07-30,-2.94,-2.12,-8.08,-6.9,3.05,
JPOLYINVST,1035.0,2026-07-30,-0.78,-4.97,-8.1,-5.81,4.65,29.98
THOMASCOOK,99.33,2026-07-30,0.89,-3.69,-8.1,6.18,-18.96,-40.37
TERASOFT,380.05,2026-07-30,-3.26,-4.94,-8.11,11.91,-7.2,23.2
ICIL,402.6,2026-07-30,0.36,2.59,-8.13,45.15,70.77,44.0
DTIL,127.13,2026-07-30,-3.64,-7.8,-8.14,-8.1,-12.43,-32.21
ITI,273.45,2026-07-30,-0.96,-2.96,-8.15,-8.51,-5.36,-6.97
MAZDA,214.42,2026-07-30,-1.15,-3.83,-8.16,0.29,6.87,-25.9
AKG,10.02,2026-07-30,0.3,0.3,-8.16,-11.41,-26.75,-24.43
EDUCOMP,0.9,2026-07-29,0.0,-1.1,-8.16,-5.26,-14.29,-47.98
MITTAL,0.9,2026-07-30,-1.1,-3.23,-8.16,-4.26,-9.09,-47.06
NITINSPIN,525.25,2026-07-30,-2.7,-4.45,-8.17,13.72,59.17,40.75
WELSPLSOL,51.16,2026-07-30,-1.03,-3.29,-8.18,14.97,,
RPPL,19.86,2026-07-30,-8.44,-9.89,-8.18,24.51,25.3,-21.0
ELECTHERM,1008.1,2026-07-30,-2.15,-5.65,-8.18,24.9,25.6,0.47
HLVLTD,7.06,2026-07-30,-3.42,-1.12,-8.19,-17.04,-15.14,-45.86
ARSSBL,508.85,2026-07-30,-0.71,-3.17,-8.19,-14.19,-11.36,
JTLIND,73.06,2026-07-30,-0.16,-2.63,-8.2,-8.1,2.3,0.12
PRLIND,45.3,2026-07-29,1.23,0.11,-8.21,-28.32,-24.5,-51.29
BIRLAPREC,34.41,2026-07-30,0.58,-0.78,-8.22,1.65,,
LINCOLN,572.15,2026-07-30,-1.71,-4.23,-8.24,-11.4,25.35,5.98
TECHNOE,967.2,2026-07-30,-3.01,-4.58,-8.24,-24.63,-0.75,-32.73
APEX,370.65,2026-07-30,-3.44,-8.21,-8.25,-20.6,26.93,54.76
SHEMAROO,117.16,2026-07-30,-1.52,-2.97,-8.25,17.18,20.75,0.36
WINDMACHIN,278.9,2026-07-30,-1.06,-5.14,-8.26,-2.34,5.9,-15.33
BIOFILCHEM,32.05,2026-07-30,-2.35,-3.38,-8.27,-5.87,9.54,-27.26
GLOSTERLTD,653.4,2026-07-30,-3.59,-2.33,-8.27,9.53,11.9,3.76
ACUTAAS,3233.8,2026-07-30,-3.98,-11.55,-8.29,24.66,69.09,165.27
HPL,330.9,2026-07-30,-2.6,-2.9,-8.3,-7.47,-0.15,-40.25
TEAMGTY,219.4,2026-07-30,-4.4,-1.67,-8.3,-15.65,-12.97,-14.74
IRIS,241.55,2026-07-30,-1.11,0.02,-8.31,0.51,-21.78,-35.19
ANIKINDS,41.94,2026-07-30,-0.78,-0.73,-8.31,-5.99,-13.04,-56.5
SRPL,0.33,2026-07-29,0.0,-2.94,-8.33,-25.0,-45.0,-45.9
SHALBY,161.04,2026-07-30,-1.49,-2.33,-8.35,0.24,-4.23,-23.28
ATLANTAA,35.42,2026-07-30,0.17,-7.2,-8.36,-13.33,-21.46,2.7
TTL,6.23,2026-07-30,-0.64,-3.56,-8.38,-22.51,-15.12,-54.05
SOMANYCERA,489.1,2026-07-30,-0.56,-5.3,-8.38,6.46,20.83,-5.83
PARAGMILK,213.92,2026-07-30,-1.61,-5.02,-8.41,-4.6,-15.5,-13.36
ISGEC,846.2,2026-07-30,-1.52,-4.02,-8.42,-22.29,11.98,-23.76
KIRLOSBROS,1873.3,2026-07-30,2.17,-0.99,-8.42,8.7,20.06,-2.17
ROLEXRINGS,136.99,2026-07-30,-0.67,-11.76,-8.42,-6.06,13.03,-4.69
BSE,3530.3,2026-07-30,-0.18,-3.22,-8.43,-2.77,26.55,44.03
MARINE,259.55,2026-07-30,-3.85,1.94,-8.46,13.19,43.87,44.3
DIGISPICE,18.13,2026-07-30,-0.17,-5.67,-8.48,-13.0,-8.89,-14.6
USASEEDS,85.1,2026-07-29,0.0,1.37,-8.49,-21.89,-39.43,-46.48
PASUPTAC,58.08,2026-07-30,1.5,-1.38,-8.51,16.53,26.12,20.42
SEDEMAC,2648.8,2026-07-30,-4.66,-1.09,-8.51,43.88,,
KIOCL,356.2,2026-07-30,0.24,-4.2,-8.51,-12.29,-1.29,8.81
PRINCEPIPE,262.65,2026-07-30,-1.13,-1.81,-8.53,1.26,9.8,-23.11
VMM,107.89,2026-07-30,-2.19,-2.99,-8.53,-11.78,-14.34,-21.75
ORKLAINDIA,560.85,2026-07-30,-1.42,-4.28,-8.55,-12.13,-4.62,
INDIAMART,1743.1,2026-07-30,-0.94,-9.82,-8.57,-14.74,-18.55,-30.63
KAMATHOTEL,167.04,2026-07-30,-1.64,-4.42,-8.58,-1.48,-23.25,-30.95
BEARDSELL,26.63,2026-07-30,-2.88,-3.3,-8.58,2.98,0.68,-20.09
MTNL,27.0,2026-07-30,-0.63,-3.98,-8.6,-13.41,-20.35,-43.59
AXISBANK,1228.9,2026-07-30,0.11,-2.16,-8.61,-3.03,-10.26,14.59
TRENT,2999.2,2026-07-30,2.07,2.51,-8.63,8.71,19.02,-40.45
NILASPACES,11.84,2026-07-30,-2.31,-3.11,-8.64,-12.75,-17.2,-14.57
ACSTECH,39.91,2026-07-30,-1.48,-4.18,-8.69,5.16,,
SADBHIN,2.52,2026-07-30,8.62,6.78,-8.7,-7.01,-24.55,-41.67
SINGERIND,64.37,2026-07-30,-3.16,-3.75,-8.7,-12.11,,
UNIENTER,95.38,2026-07-30,-2.31,-6.22,-8.72,-8.15,-14.25,-38.4
SARVESHWAR,3.35,2026-07-30,-0.89,-3.18,-8.72,-16.04,-16.67,-56.55
COMPINFO,1.15,2026-07-30,-1.71,0.88,-8.73,-14.81,-15.44,-59.07
PLADAINFO,10.45,2026-07-29,-4.13,-8.73,-8.73,-7.11,-27.93,-38.53
AWFIS,276.0,2026-07-30,-4.38,-4.0,-8.73,-21.46,-28.94,-53.38
BIRLACORPN,885.0,2026-07-30,-2.77,-11.85,-8.75,-1.43,-15.09,-34.75
BSL,124.7,2026-07-30,-0.2,-1.89,-8.76,0.08,-10.92,-19.14
SYNCOMF,13.01,2026-07-30,-1.21,-4.13,-8.77,-5.31,0.39,-28.52
EMAMIREAL,77.53,2026-07-30,-2.89,1.21,-8.78,-14.21,12.67,-33.31
SCI,278.45,2026-07-30,-1.89,-0.78,-8.79,-8.55,25.18,36.51
NAVA,553.15,2026-07-30,-2.04,-4.09,-8.79,-16.42,-1.91,-7.92
LCCINFOTEC,4.24,2026-07-30,-2.3,-8.42,-8.82,-12.22,-20.3,0.95
BAJEL,175.97,2026-07-30,-1.0,-1.87,-8.83,-6.56,13.74,-24.96
BANKA,86.01,2026-07-30,-8.62,-3.63,-8.85,4.65,38.37,1.21
OSIAHYPER,2.88,2026-07-30,-2.7,-3.36,-8.86,-53.62,-79.62,-79.15
RCOM,0.82,2026-07-30,-1.2,-3.53,-8.89,-14.58,-22.64,-34.92
MICEL,36.58,2026-07-30,0.47,-2.06,-8.89,-15.27,-14.09,-30.47
SEMAC,307.8,2026-07-30,-3.8,0.84,-8.89,8.26,30.92,-45.14
CENTUM,3446.8,2026-07-30,-1.61,-7.21,-8.91,21.03,48.29,55.28
ZENTEC,1615.4,2026-07-30,-4.31,-7.68,-8.91,-3.33,14.11,6.01
ASTAR,582.85,2026-07-30,-0.38,-6.42,-8.92,-6.38,,
SHREERAMA,38.82,2026-07-30,-2.46,-7.28,-8.94,-15.77,-32.71,-4.99
ADANIGREEN,1358.7,2026-07-30,-2.93,-11.2,-8.95,10.72,59.42,34.56
AIROLAM,86.06,2026-07-30,-0.51,-4.28,-8.95,2.32,-7.33,-21.1
BDL,1245.9,2026-07-30,-0.84,-0.93,-8.95,-8.67,-18.71,-22.8
SUNCLAY,1235.9,2026-07-30,-11.71,-10.92,-8.95,-13.17,-0.02,-36.69
TREL,23.99,2026-07-30,-1.72,-2.99,-8.96,-10.18,-11.18,-27.04
TRU,4.67,2026-07-30,-4.89,-4.5,-8.97,-27.82,-33.29,-67.3
VIYASH,251.9,2026-07-30,-3.0,-4.78,-8.98,23.64,23.72,43.24
MANINDS,529.4,2026-07-30,0.49,-1.19,-8.98,0.52,62.64,15.27
DIL,0.81,2026-07-29,0.0,1.25,-8.99,-20.59,-39.55,-58.67
THANGAMAYL,5807.0,2026-07-30,-20.56,-8.81,-8.99,47.21,75.37,203.69
TENNIND,538.9,2026-07-30,-0.29,-3.29,-9.03,-13.33,3.21,
ACCURACY,4.83,2026-07-30,-2.82,-1.43,-9.04,-5.11,-2.62,-35.34
SADHNANIQ,2.61,2026-07-30,-2.97,-1.14,-9.06,8.75,-56.93,-63.03
GGBL,256.9,2026-07-29,-2.56,-4.44,-9.06,-24.83,9.81,-50.3
NOIDATOLL,4.31,2026-07-30,-2.93,-6.71,-9.07,14.02,16.8,15.55
SAIPARENT,534.95,2026-07-30,-4.43,-5.8,-9.08,10.06,,
SAROJA,30.0,2026-07-29,0.0,0.0,-9.09,-9.09,-8.4,-16.78
FAZE3Q,544.4,2026-07-30,-1.54,-3.51,-9.11,22.6,45.44,-20.43
PRITIKA,57.9,2026-07-29,0.17,-6.61,-9.11,-17.7,-10.92,-37.24
WSI,60.23,2026-07-30,-3.48,-2.6,-9.14,-16.35,-22.38,-31.18
JNKINDIA,458.5,2026-07-30,-2.32,-2.19,-9.14,27.13,100.82,39.33
KPL,2545.6,2026-07-30,-6.0,-7.2,-9.16,61.16,,
PARACABLES,62.69,2026-07-30,-0.33,-3.33,-9.17,58.99,87.92,9.67
SYNGENE,399.2,2026-07-30,-3.54,-4.41,-9.17,-14.4,-15.44,-44.56
MANAKSTEEL,67.04,2026-07-30,-4.19,-11.88,-9.18,-3.82,14.77,1.93
AHCL,14.52,2026-07-30,-7.81,-3.2,-9.19,9.17,18.63,
SMSPHARMA,374.65,2026-07-30,-4.4,-2.55,-9.19,-7.2,18.34,58.26
ZEELEARN,8.09,2026-07-30,-0.86,-3.58,-9.2,54.68,25.82,-17.45
HMT,61.62,2026-07-30,1.4,1.43,-9.21,1.68,40.52,7.05
SURANAT&P,17.75,2026-07-30,-2.04,-0.11,-9.21,-5.53,-1.44,-2.85
LINDEINDIA,6637.0,2026-07-30,-1.91,-5.14,-9.22,-9.33,10.49,0.48
GKENERGY,128.51,2026-07-30,-5.98,-10.0,-9.23,0.89,20.95,
PATINTLOG,13.96,2026-07-30,-1.27,-4.51,-9.23,20.24,12.58,-15.47
NIRMAN,39.25,2026-07-29,-6.77,-2.97,-9.25,-27.98,-29.47,-74.78
AWHCL,425.1,2026-07-30,-3.39,-5.33,-9.26,-16.3,-24.63,-29.8
CHOLAHLDNG,1503.4,2026-07-30,-1.51,-3.21,-9.26,-3.39,-9.12,-21.16
SURYALA,406.5,2026-07-30,-3.79,-2.76,-9.26,18.0,,
FLFL,1.27,2026-07-30,-5.22,-3.79,-9.29,-16.45,1.6,-30.6
HDBFS,680.95,2026-07-30,-0.78,-6.48,-9.3,4.0,-3.46,-10.88
SEPC,5.85,2026-07-30,-3.47,-4.41,-9.3,-27.87,-29.0,-50.51
SHREEKARNI,404.0,2026-07-29,-4.27,-1.46,-9.3,-9.62,-7.34,-31.06
AKSHAR,0.39,2026-07-30,-4.88,-7.14,-9.3,-18.75,-18.75,-26.42
MHRIL,215.91,2026-07-30,-3.54,-4.7,-9.3,-12.6,-27.01,-39.97
KELLTONTEC,13.89,2026-07-30,-1.49,-5.83,-9.33,-10.04,-10.44,-52.27
OSWALAGRO,37.97,2026-07-30,-2.06,-3.38,-9.34,-21.74,-21.44,-52.11
NLCINDIA,291.9,2026-07-30,-2.19,-1.52,-9.35,-7.8,12.66,22.13
KITEX,145.19,2026-07-30,-1.35,-3.62,-9.35,-11.73,-15.06,-39.09
CELEBRITY,6.97,2026-07-30,-0.29,-2.38,-9.36,-13.2,-10.18,-48.26
AAATECH,88.6,2026-07-30,-3.06,-4.4,-9.37,-10.92,-11.84,4.85
CELLECOR,32.35,2026-07-29,-3.86,-8.87,-9.38,-11.13,18.72,-7.57
VOLTAMP,9302.0,2026-07-30,1.3,-1.33,-9.41,-19.92,27.51,5.75
INDOCO,216.69,2026-07-30,-12.67,-11.39,-9.42,3.44,-0.38,-33.18
TOKYOPLAST,76.9,2026-07-30,-5.51,-6.45,-9.42,-16.39,-22.3,-37.05
KARNIKA,113.2,2026-07-29,1.21,-1.91,-9.44,-18.85,-3.25,-83.62
ACL,47.52,2026-07-30,-1.86,-3.06,-9.45,-15.61,-16.89,-30.28
AEROFLEX,426.6,2026-07-30,2.02,5.01,-9.46,40.15,139.65,121.19
ENSER,13.4,2026-07-29,-7.27,5.93,-9.46,-14.38,3.47,-24.93
SURAKSHA,247.1,2026-07-30,-1.0,-4.26,-9.47,-12.98,-7.09,-19.6
MAXESTATES,387.9,2026-07-30,-1.91,-3.58,-9.47,-0.87,0.7,-20.21
KNRCON,120.16,2026-07-30,-1.97,-3.05,-9.48,-3.97,-18.88,-43.22
INDIFRA,11.45,2026-07-29,-4.18,-4.18,-9.49,-3.38,-22.37,-31.23
WEIZMANIND,76.87,2026-07-30,-0.7,-2.6,-9.51,-5.97,-4.0,-34.04
KOHINOOR,22.96,2026-07-30,-1.08,-4.01,-9.54,-11.15,-4.57,-34.83
GAYAPROJ,19.32,2026-07-30,-4.4,-8.61,-9.55,7.81,59.67,115.87
RMDRIP,18.46,2026-07-30,-1.02,-2.69,-9.6,-15.63,-69.96,-52.25
SOMICONVEY,95.01,2026-07-30,-2.27,-4.95,-9.68,-14.06,1.95,-36.72
NARMADA,36.19,2026-07-30,9.73,-6.61,-9.73,6.85,25.7,83.33
KKVAPOW,499.35,2026-07-29,0.0,0.0,-9.74,-18.67,-24.39,-24.15
DANGEE,2.96,2026-07-30,1.37,-3.9,-9.76,-17.32,-3.58,-35.23
ABCOTS,199.49,2026-07-30,-1.04,-1.47,-9.77,-10.78,-52.72,-51.58
KIRLOSENG,2132.9,2026-07-30,-6.58,-4.0,-9.78,25.6,82.0,133.73
PKTEA,689.95,2026-07-30,-1.15,-4.03,-9.79,-12.66,4.54,13.62
HUBTOWN,187.29,2026-07-30,-4.46,-6.09,-9.8,-7.66,-9.23,-44.68
BLACKROSE,106.18,2026-07-30,5.38,9.22,-9.8,25.29,,
SKFINDIA,1472.4,2026-07-30,-0.61,-0.67,-9.81,-12.05,-10.75,-69.25
MODINATUR,397.3,2026-07-30,-3.49,-3.27,-9.86,5.72,16.41,
EMMBI,87.92,2026-07-30,0.54,-5.06,-9.87,4.84,-5.76,-19.99
ANTGRAPHIC,0.73,2026-07-30,-1.35,-2.67,-9.88,-15.12,-17.98,-35.96
SLONE,132.1,2026-07-29,2.96,10.36,-9.89,-34.28,-42.04,-58.65
KAMOPAINTS,4.55,2026-07-30,-1.3,0.22,-9.9,-16.05,-18.6,-52.26
MONOPHARMA,10.0,2026-07-29,-4.76,-6.98,-9.91,-24.53,5.82,-56.9
VIKASECO,1.09,2026-07-30,-2.68,-3.54,-9.92,-21.58,-28.76,-52.4
MANORG,498.75,2026-07-30,-5.23,-12.13,-9.93,9.27,21.11,5.78
KARMAENG,37.45,2026-07-30,-0.95,-1.03,-9.95,-28.54,-0.82,-39.71
SUKHJITS,160.31,2026-07-30,-5.01,-1.2,-9.97,-10.79,-10.95,-7.2
TATACOMM,1773.7,2026-07-30,2.22,-2.68,-9.99,13.24,13.97,1.78
DHANLAXMI,27.0,2026-07-29,6.3,15.63,-10.0,-15.49,-7.06,-40.2
KANDARP,90.0,2026-07-29,-6.93,-5.26,-10.0,-39.19,-40.77,12.5
GINNIFILA,45.11,2026-07-30,-7.9,-10.57,-10.01,6.92,26.32,-9.4
JAYKAY,158.03,2026-07-30,-5.93,-5.77,-10.02,-13.17,-7.11,
CIEINDIA,411.9,2026-07-30,-0.36,-13.06,-10.03,-13.06,-0.09,2.6
NIMBSPROJ,183.6,2026-07-30,-3.37,-6.33,-10.03,3.14,,
GENCON,39.55,2026-07-30,-2.25,-1.13,-10.05,-3.44,-22.47,-9.12
BOMDYEING,119.36,2026-07-30,-2.23,-3.14,-10.06,5.57,3.4,-30.31
ZIMLAB,111.5,2026-07-30,-5.51,-7.85,-10.08,26.79,55.9,-0.18
SHAKTIPUMP,523.55,2026-07-30,-0.93,-3.69,-10.11,-7.04,-15.58,-42.08
KEC,468.75,2026-07-30,0.89,-3.9,-10.12,-16.4,-29.74,-46.3
DGCONTENT,24.35,2026-07-30,-2.56,-3.79,-10.15,-23.79,-6.27,-36.02
CONTI,11.05,2026-07-29,5.74,6.76,-10.16,-17.84,-47.38,-55.8
BAJAJCON,538.1,2026-07-30,-0.51,-0.16,-10.17,19.46,58.54,135.32
CCCL,15.55,2026-07-30,-1.21,-3.12,-10.17,-5.41,-2.99,-6.44
PIGL,102.23,2026-07-30,-6.27,-8.03,-10.18,-8.31,-5.6,-20.04
AIAENG,4563.5,2026-07-30,-1.53,-2.02,-10.19,15.54,14.4,43.57
DHRUV,24.67,2026-07-30,2.83,-4.93,-10.19,-30.47,-34.32,-64.15
RHFL,1.94,2026-07-30,-1.02,-2.51,-10.19,-3.48,-28.94,-58.19
VIDYAWIRES,89.47,2026-07-30,-2.0,-3.44,-10.19,2.49,92.16,
VITAL,46.55,2026-07-30,1.2,-6.45,-10.24,-22.89,-12.0,-18.33
DIFFNKG,380.55,2026-07-30,-5.82,-1.45,-10.29,26.69,58.43,18.94
ZEAL,61.0,2026-07-29,-3.17,-7.58,-10.29,-12.86,-16.04,-52.34
EKC,104.76,2026-07-30,-4.58,-7.03,-10.3,-12.25,-4.02,-18.6
KPEL,305.95,2026-07-30,-1.67,-3.44,-10.32,-15.23,4.74,-39.13
WAAREERTL,913.2,2026-07-30,-1.94,-10.51,-10.32,-10.26,0.86,-13.97
JISLDVREQS,21.71,2026-07-30,-0.96,-1.76,-10.33,-8.82,-8.09,-26.31
CIFL,21.01,2026-07-30,4.42,0.29,-10.33,-25.44,-36.64,-41.01
GPTINFRA,119.58,2026-07-30,-1.09,2.33,-10.35,6.27,16.71,-5.37
EMMVEE,307.45,2026-07-30,-7.84,-8.54,-10.36,17.17,60.41,
NOCIL,159.68,2026-07-30,-2.05,-2.27,-10.37,-10.15,21.83,-13.27
TCIFINANCE,14.99,2026-07-30,-1.19,-2.85,-10.4,4.9,-24.22,9.9
KSCL,797.65,2026-07-30,-4.21,-5.61,-10.4,-17.37,-15.01,-29.02
AAVAS,1362.6,2026-07-30,-2.01,-9.0,-10.4,-1.31,-6.75,-22.54
KREBSBIO,53.86,2026-07-30,-2.95,-0.81,-10.43,-9.74,-8.43,-30.76
PNBGILTS,82.65,2026-07-30,-3.27,-4.85,-10.43,17.15,4.44,-22.83
BOROSCI,155.41,2026-07-30,0.67,-4.29,-10.44,35.3,42.11,-4.99
ABSLAMC,1008.8,2026-07-30,1.98,-7.56,-10.45,1.86,36.16,17.49
SALZERELEC,570.25,2026-07-30,-0.63,-2.93,-10.46,-12.68,0.77,-31.47
SAKUMA,1.62,2026-07-30,-2.41,-4.14,-10.5,-15.18,-13.83,-42.14
POWERINDIA,31250.0,2026-07-30,-0.95,-3.67,-10.51,-6.86,65.68,50.1
UMAEXPORTS,19.91,2026-07-30,2.26,-0.25,-10.52,-20.93,-39.28,-59.0
TREEHOUSE,6.21,2026-07-30,-3.87,1.64,-10.52,-22.47,-19.14,-4.75
DBOL,98.42,2026-07-30,-3.79,-8.46,-10.54,-20.21,-3.51,23.33
CHEMBOND,167.22,2026-07-30,-2.69,-9.29,-10.55,10.94,14.16,-7.65
AXISCADES,1523.5,2026-07-30,-0.65,-3.81,-10.56,-24.15,24.49,17.24
PINELABS,140.17,2026-07-30,-5.89,-6.39,-10.58,-27.64,-38.55,
CPPLUS,3259.8,2026-07-30,-8.38,-8.58,-10.58,40.23,135.98,
LINC,100.14,2026-07-30,-2.62,-6.59,-10.59,-0.73,-9.95,-26.55
JAYBARMARU,152.95,2026-07-30,-9.72,-9.15,-10.61,67.6,82.93,102.78
LGHL,202.5,2026-07-30,-1.31,-4.45,-10.62,-21.54,-25.81,-32.97
THOMASCOTT,298.1,2026-07-30,-5.41,-2.93,-10.63,13.25,-6.14,-9.49
MAYURUNIQ,769.1,2026-07-30,-5.94,-3.2,-10.65,40.03,50.14,30.73
MODISONLTD,263.15,2026-07-30,-3.34,-11.13,-10.69,60.4,69.51,59.72
POLYCAB,8896.0,2026-07-30,-1.27,0.12,-10.69,10.21,27.44,28.96
RIIL,727.9,2026-07-30,-1.13,-6.79,-10.7,-6.66,2.53,-17.44
ANLON,602.55,2026-07-29,-4.32,-9.8,-10.73,19.28,61.11,41.2
ADSL,113.91,2026-07-30,-2.11,-3.94,-10.75,-0.59,-8.77,-28.33
DCXINDIA,177.31,2026-07-30,-3.1,-4.38,-10.77,-11.77,0.12,-33.86
PROSTARM,122.01,2026-07-30,-1.13,-3.37,-10.78,-22.45,-19.32,-47.94
CARBORUNIV,1051.0,2026-07-30,-2.06,-3.33,-10.8,10.43,33.59,10.57
AVANTEL,159.78,2026-07-30,-3.19,-7.39,-10.8,7.56,2.94,21.51
PRSMJOHNSN,104.85,2026-07-30,-3.41,-4.47,-10.8,-21.66,-17.09,-34.04
ITCHOTELS,160.54,2026-07-30,-2.96,-3.9,-10.81,0.64,-10.6,-31.12
NBCC,93.57,2026-07-30,-1.4,-4.63,-10.83,2.09,-5.23,-13.45
TVTODAY,113.68,2026-07-30,-3.33,-6.85,-10.86,0.1,-8.18,-24.79
BAWEJA,26.65,2026-07-29,-1.84,-7.94,-10.87,-25.87,-10.27,-61.09
CGRAPHICS,128.5,2026-07-29,2.43,-1.23,-10.89,-23.51,-17.87,-38.13
WAAREEENER,2624.9,2026-07-30,-4.25,-7.12,-10.93,-15.84,-5.83,-16.45
PRESSTONIC,26.05,2026-07-29,2.76,2.16,-10.94,-43.98,-44.63,-71.48
APOLLO,378.1,2026-07-30,-3.78,-3.74,-10.98,27.26,45.0,120.49
IDEA,12.87,2026-07-30,-1.45,-4.74,-11.0,25.93,15.22,83.86
ARSHIYA,0.97,2026-07-30,-1.02,-1.02,-11.01,-25.95,-21.77,-68.2
TCC,286.35,2026-07-30,6.37,0.6,-11.03,-26.94,,
TRIDHYA,10.45,2026-07-29,0.0,-0.48,-11.06,0.97,-27.93,-43.51
VBL,451.35,2026-07-30,-2.83,-3.56,-11.07,-12.14,-4.01,-13.28
WPIL,435.25,2026-07-30,-1.57,-5.01,-11.08,0.78,,
KHADIM,96.13,2026-07-30,2.58,-1.93,-11.08,-4.59,-45.09,-65.92
ELECTCAST,70.83,2026-07-30,-1.82,-4.06,-11.11,-13.61,-0.41,-36.84
TIMKEN,3097.6,2026-07-30,-0.94,-1.02,-11.13,-9.66,5.3,-8.65
ATGL,650.15,2026-07-30,-1.57,-8.8,-11.13,2.47,23.42,4.04
EBGNG,555.85,2026-07-30,-5.36,-0.46,-11.13,30.93,121.63,66.73
JUBLCPL,1805.1,2026-07-30,-3.82,-8.3,-11.17,5.44,-15.81,-22.04
JAICORPLTD,101.47,2026-07-30,-1.19,-5.3,-11.18,-12.51,-10.01,-0.7
DCM,88.2,2026-07-30,1.38,-9.54,-11.18,7.53,4.19,-16.28
VIPULLTD,12.68,2026-07-30,10.07,-14.67,-11.2,30.45,8.47,35.61
VINYAS,1241.0,2026-07-29,-2.67,-3.56,-11.2,9.44,17.0,-6.42
DAVANGERE,3.17,2026-07-30,-3.94,-6.21,-11.2,-12.91,-26.11,-1.5
SPARC,208.43,2026-07-30,-3.02,-8.39,-11.21,45.71,65.32,37.19
UNITECH,4.19,2026-07-30,-2.56,-8.91,-11.23,-13.79,-2.33,-43.07
INNOVATIVE,67.9,2026-07-29,-1.95,-3.89,-11.24,-28.26,-15.34,-44.66
TIINDIA,2688.8,2026-07-30,-5.63,-6.86,-11.24,-8.79,15.24,-5.75
STEELXIND,11.12,2026-07-30,-3.97,-7.33,-11.25,11.42,37.97,2.58
RACLGEAR,1245.2,2026-07-30,-6.53,-5.99,-11.26,-2.18,23.12,32.33
PRAKASH,123.55,2026-07-30,-1.53,-0.61,-11.29,-13.16,0.84,-30.44
BANKBARODA,241.65,2026-07-30,-0.96,-5.18,-11.29,-5.31,-16.68,4.09
KHAICHEM,47.43,2026-07-30,-2.93,-3.07,-11.33,-12.94,-26.9,-57.61
MSPL,36.05,2026-07-30,-0.25,-1.23,-11.34,1.52,21.46,14.81
ASALCBR,777.05,2026-07-30,-1.85,-4.91,-11.37,-12.62,-7.57,-25.66
VIVIMEDLAB,5.14,2026-07-30,-2.28,-2.28,-11.38,-24.19,-41.86,3.84
ATMASTCO,151.05,2026-07-29,-3.54,-3.97,-11.43,-1.15,5.93,-29.76
WCIL,88.86,2026-07-30,-2.42,-4.78,-11.43,-13.5,-19.46,-17.94
ISHANCH,50.81,2026-07-30,-3.48,-3.37,-11.43,-18.42,-15.47,-7.63
DSSL,1208.0,2026-07-30,-1.92,-0.03,-11.43,11.0,32.01,17.76
POKARNA,918.0,2026-07-30,-1.64,-5.49,-11.44,5.44,25.23,-4.3
MKPL,4.17,2026-07-30,-0.24,-2.8,-11.46,-21.47,-23.91,-40.68
AKI,4.16,2026-07-30,-0.72,-10.92,-11.49,-19.69,-31.24,-62.35
OLECTRA,1327.0,2026-07-30,-0.08,-1.39,-11.51,6.54,22.35,-6.53
ANGELONE,291.65,2026-07-30,-4.13,-9.8,-11.52,-5.23,15.98,12.55
DMART,3874.0,2026-07-30,-3.82,-2.55,-11.57,-15.52,5.0,-9.52
KEI,4799.5,2026-07-30,-1.51,-2.62,-11.57,-1.19,19.36,23.17
GUJTHEM,351.5,2026-07-30,-2.56,-3.42,-11.57,-3.32,8.79,-9.38
GEEKAYWIRE,22.64,2026-07-30,-5.31,-4.35,-11.6,-10.37,-19.11,-33.46
KSB,847.55,2026-07-30,-3.4,-6.58,-11.6,-12.96,20.27,-0.44
VLEGOV,10.48,2026-07-30,-1.96,-7.67,-11.64,-30.18,-28.17,-76.95
OMPOWER,159.16,2026-07-30,-6.3,-6.33,-11.69,-18.07,,
MMTC,60.09,2026-07-30,-2.55,-5.61,-11.7,-7.24,-7.7,-8.39
VSTIND,219.4,2026-07-30,-6.52,-5.17,-11.71,-11.05,-2.04,-18.62
SHEKHAWATI,12.19,2026-07-30,-3.48,-4.17,-11.73,-27.44,-14.76,-46.49
INOXGREEN,175.25,2026-07-30,-11.96,-10.28,-11.76,-3.03,3.12,4.33
MAXPOSURE,32.65,2026-07-29,-2.54,-6.71,-11.76,-18.37,-18.37,-46.03
SITINET,0.3,2026-07-30,-6.25,-6.25,-11.76,-16.67,-11.76,-45.45
SOLARA,508.0,2026-07-30,0.59,-10.9,-11.76,2.46,0.36,-22.07
QPOWER,1079.4,2026-07-30,-2.37,-5.23,-11.77,-21.78,61.9,41.04
PRECWIRE,354.3,2026-07-30,-5.25,-2.9,-11.8,-16.05,44.99,96.46
VIKASLIFE,1.27,2026-07-30,0.0,-4.51,-11.81,-19.11,-24.85,-47.52
MEDPLUS,714.75,2026-07-30,-0.3,-10.8,-11.84,-18.05,-10.54,-23.51
ASTEC,627.0,2026-07-30,-5.66,-8.58,-11.85,-9.75,9.04,-27.47
GNRL,94.24,2026-07-30,2.33,-4.88,-11.85,-3.49,,
AFCONS,273.25,2026-07-30,-3.87,-7.03,-11.88,-19.0,-17.02,-31.1
KAVDEFENCE,56.02,2026-07-30,-2.35,-4.37,-11.89,-12.36,-18.95,-4.83
TRITURBINE,607.5,2026-07-30,-2.55,-1.09,-11.92,5.97,21.45,0.47
TARAPUR,15.82,2026-07-30,-10.82,-7.43,-11.92,-34.92,-43.78,-37.91
STLNETWORK,23.87,2026-07-30,-7.16,-1.89,-11.92,-14.01,18.23,
PRAJIND,309.0,2026-07-30,-2.22,-8.47,-11.94,-24.33,6.5,-33.43
DHTL,35.65,2026-07-29,-4.93,-4.93,-11.98,-19.16,-49.04,-24.39
GVKPIL,2.35,2026-07-30,-1.67,-7.48,-11.99,-29.43,-18.12,-39.59
NECLIFE,10.18,2026-07-30,-2.21,-5.74,-12.01,-17.97,-24.7,-38.75
MOTILALOFS,836.95,2026-07-30,-3.72,-14.0,-12.02,4.59,11.07,-9.61
KPRMILL,1033.3,2026-07-30,-2.15,-7.19,-12.04,10.57,19.43,-11.88
ANMOL,9.86,2026-07-30,-1.79,-7.33,-12.04,-16.72,-17.97,-37.44
MILTON,33.4,2026-07-29,-4.98,-9.61,-12.11,-30.13,-34.51,15.57
VARDMNPOLY,5.93,2026-07-30,-3.58,-6.61,-12.15,-14.8,-1.17,-40.88
BLUEPEBBLE,66.75,2026-07-29,-4.64,-4.64,-12.17,-43.43,-56.1,-63.67
KPITTECH,589.75,2026-07-30,0.78,5.09,-12.18,-22.3,-43.27,-53.4
SIMPLEXINF,233.3,2026-07-30,-1.95,-7.59,-12.19,-4.8,5.32,-26.42
LOVABLE,70.46,2026-07-30,-1.05,-5.57,-12.22,-3.68,-3.61,-25.81
THACKER,1002.8,2026-07-30,-0.81,-7.99,-12.24,-9.41,,
JINDALPHOT,1062.4,2026-07-30,-0.09,-3.65,-12.26,-4.31,-23.94,19.45
BBL,2495.6,2026-07-30,-2.59,-6.75,-12.36,-18.36,-10.02,-14.79
TEAMLEASE,1266.1,2026-07-30,-2.16,-8.41,-12.39,2.74,-8.55,-32.59
NECCLTD,15.05,2026-07-30,-0.66,-0.59,-12.4,-3.28,1.83,-31.12
APARINDS,13745.0,2026-07-30,-2.18,-0.99,-12.42,11.47,71.94,42.15
ZEEMEDIA,7.46,2026-07-30,-6.28,-7.67,-12.44,-10.55,-5.33,-44.9
PFS,27.44,2026-07-30,-6.16,-8.5,-12.44,-11.99,-16.42,-33.2
APTECHT,90.66,2026-07-30,-1.09,-4.62,-12.5,-9.93,18.22,-27.43
DHARAN,0.14,2026-07-30,-6.67,-6.67,-12.5,-6.67,-22.22,-65.0
TPHQ,0.42,2026-07-30,-2.33,-2.33,-12.5,-25.0,-28.81,-44.0
HITECHGEAR,573.7,2026-07-30,-0.71,-8.64,-12.51,-7.1,-12.4,-19.19
RESPONIND,170.99,2026-07-30,-2.55,-11.3,-12.53,9.5,1.93,-23.96
SARTELE,113.45,2026-07-29,-3.69,-6.59,-12.53,-25.36,-44.99,-48.58
SAHAJSOLAR,115.45,2026-07-29,-6.59,-4.98,-12.54,-27.98,-19.21,-52.73
K2INFRA,54.75,2026-07-29,-2.75,-4.03,-12.54,5.8,-5.85,-15.77
CGPOWER,832.6,2026-07-30,-5.1,-8.75,-12.56,2.37,42.56,26.36
EMKAY,236.55,2026-07-30,-0.63,-2.45,-12.56,5.9,-5.57,-0.22
MFML,18.54,2026-07-30,-1.59,2.15,-12.71,-23.8,-20.7,-37.49
KRITINUT,72.24,2026-07-30,-8.22,-6.59,-12.71,-26.67,-3.76,-33.17
JAIBALAJI,58.96,2026-07-30,-3.88,-7.43,-12.77,-24.69,-13.08,-48.58
LIBAS,9.84,2026-07-30,-2.77,-4.74,-12.77,-18.0,-3.24,-25.17
MAHEPC,105.27,2026-07-30,-2.56,-4.84,-12.78,-10.71,-11.36,-27.04
VISL,30.75,2026-07-30,1.28,-6.59,-12.79,,,
ORIANA,1359.5,2026-07-29,-5.48,-5.59,-12.79,-35.71,-14.05,-38.8
KLBRENG-B,431.6,2026-07-30,-1.83,-2.1,-12.86,-15.06,,
GOCOLORS,343.0,2026-07-30,4.13,-0.39,-12.87,21.65,-11.52,-59.1
FCONSUMER,0.27,2026-07-29,0.0,-3.57,-12.9,-20.59,-27.03,-41.3
TEGA,1477.4,2026-07-30,-2.19,-8.78,-12.93,-11.18,-13.22,-22.23
ABINFRA,10.09,2026-07-30,-2.32,-0.49,-12.94,-36.38,-48.1,-45.9
MOXSH,104.0,2026-07-29,-1.89,1.81,-12.97,-22.3,31.31,162.63
MAITREYA,121.3,2026-07-29,1.08,-2.18,-12.98,-32.83,-39.14,-51.08
JKIPL,98.17,2026-07-30,1.33,5.86,-13.0,8.27,36.99,
FRACTAL,771.8,2026-07-30,-4.63,-8.34,-13.01,-17.55,,
ELANTAS,9325.0,2026-07-30,-2.41,-2.17,-13.05,-2.9,,
ZODIAC,239.7,2026-07-30,-2.52,-7.59,-13.09,-26.18,-7.49,-45.85
VIVIANA,719.25,2026-07-30,-1.78,2.32,-13.11,-11.86,10.41,-39.09
HFCL,184.69,2026-07-30,-4.08,-11.22,-13.23,59.17,169.19,140.2
PAKKA,70.83,2026-07-30,-0.38,-1.49,-13.25,-25.28,-23.9,-63.51
REFRACTORY,26.5,2026-07-29,2.32,-1.3,-13.26,-34.57,-42.39,-51.69
PATANJALI,356.35,2026-07-30,2.74,5.06,-13.31,-22.44,-28.52,-43.29
MAHABANK,79.26,2026-07-30,-1.7,-1.56,-13.32,2.68,23.29,44.51
ESSARSHPNG,20.03,2026-07-30,-1.96,-1.57,-13.33,-25.65,-25.54,-27.58
CEREBRAINT,2.92,2026-07-30,-2.67,-3.31,-13.35,-30.14,-49.13,-65.85
SPAL,986.1,2026-07-30,-2.79,-6.72,-13.36,21.58,46.27,21.5
BROOKS,59.61,2026-07-30,-6.79,-12.01,-13.43,6.48,-3.15,-60.51
CURAA,71.79,2026-07-30,-1.14,-3.0,-13.47,-26.7,-10.81,-70.49
RAJMET,3.21,2026-07-30,-3.6,-3.89,-13.48,-19.14,-20.54,-34.62
STLTECH,530.55,2026-07-30,-4.47,5.35,-13.49,79.97,398.87,333.35
ZOTA,1225.4,2026-07-30,-4.5,-7.95,-13.51,-6.54,-4.9,-0.7
MCLEODRUSS,51.71,2026-07-30,-1.64,-3.38,-13.56,-4.45,19.67,34.73
RAJVIR,5.93,2026-07-29,0.0,-4.82,-13.56,-22.48,-29.82,-43.52
OLAELEC,37.78,2026-07-30,1.37,-3.57,-13.67,3.34,16.86,-10.39
DIGIKORE,46.1,2026-07-29,-4.75,-9.78,-13.67,-31.65,-28.47,-73.45
ARVIND,506.65,2026-07-30,-3.21,-4.54,-13.7,27.12,62.21,53.09
GSTL,15.75,2026-07-29,-9.48,-11.76,-13.7,-44.74,-6.25,18.42
HIMATSEIDE,79.23,2026-07-30,-2.21,-7.18,-13.72,-10.77,-23.57,-44.74
ALKALI,71.25,2026-07-30,1.8,-16.13,-13.77,6.38,3.47,-22.28
GTLINFRA,1.19,2026-07-30,-2.46,-4.8,-13.77,-2.46,19.0,-23.72
KWIL,30.25,2026-07-30,-3.97,-11.16,-13.84,11.09,,
GLOBALE,10.8,2026-07-30,-1.55,-3.4,-13.88,-22.47,-6.82,-19.22
S&SPOWER,317.35,2026-07-30,-5.77,-0.3,-13.89,-22.39,17.56,-12.9
SOTAC,90.4,2026-07-29,-4.94,-4.94,-13.9,-22.74,-19.93,-27.01
HBLENGINE,699.3,2026-07-30,-2.02,-4.29,-13.91,-12.42,-10.53,20.56
SHYAMCENT,5.11,2026-07-30,-2.11,-1.92,-13.97,-12.05,-10.82,-33.64
CINEVISTA,15.0,2026-07-30,-2.09,-0.66,-14.04,-3.66,-4.82,-17.26
BHARATCOAL,33.79,2026-07-30,-4.14,-9.29,-14.09,1.32,-15.14,
INDTERRAIN,28.05,2026-07-30,-3.97,-4.88,-14.09,-6.9,-16.96,-28.13
PRUDMOULI,12.9,2026-07-30,-0.77,-3.37,-14.17,-22.75,-34.65,-68.13
AFIL,9.21,2026-07-30,-0.54,-5.05,-14.25,2.91,87.96,29.72
FMNL,9.21,2026-07-30,0.33,-1.71,-14.25,-4.06,5.74,-29.04
AURIONPRO,734.4,2026-07-30,-12.22,-12.55,-14.33,-15.58,-18.65,-46.79
INTENTECH,84.7,2026-07-30,-4.85,-7.64,-14.34,-12.66,-24.76,2.91
RSSOFTWARE,30.83,2026-07-30,-3.93,-6.94,-14.36,-20.19,-17.81,-61.23
ITALIANE,31.5,2026-07-29,-1.1,-10.0,-14.4,-17.11,30.71,-10.12
AAREYDRUGS,77.12,2026-07-30,1.54,1.46,-14.46,-15.33,14.08,19.83
GANESHCP,164.08,2026-07-30,-3.43,-5.1,-14.5,-15.89,-15.6,
CEIGALL,334.7,2026-07-30,-0.33,-1.95,-14.58,-1.15,23.89,30.72
NACLIND,188.57,2026-07-30,-2.35,-9.9,-14.58,16.89,30.23,-38.76
BLUECOAST,24.75,2026-07-30,-3.66,-12.48,-14.6,-20.39,-6.99,-45.96
TDPOWERSYS,1057.2,2026-07-30,-7.39,-7.35,-14.62,-8.28,44.92,105.05
ZTECH,525.8,2026-07-29,1.66,-7.59,-14.64,-15.67,-6.19,-11.23
CAPACITE,216.55,2026-07-30,-1.03,-2.41,-14.65,-14.21,-2.56,-28.16
IPSL,221.0,2026-07-29,-9.72,-3.91,-14.67,-9.8,-20.79,-39.76
BELLACASA,234.5,2026-07-30,-2.43,-3.74,-14.67,-9.69,-25.79,-42.7
CMRGREEN,213.9,2026-07-30,-2.37,-1.16,-14.68,,,
SKMEGGPROD,249.9,2026-07-30,-21.61,-21.75,-14.72,51.56,26.47,71.9
MSTCLTD,604.75,2026-07-30,0.34,-1.64,-14.75,39.62,33.08,25.65
MONEYBOXX,56.98,2026-07-30,-3.44,-2.1,-14.78,-23.75,13.87,
BHAGYANGR,367.95,2026-07-30,-13.77,-3.85,-14.8,36.58,109.05,276.19
NELCAST,115.11,2026-07-30,-1.31,-10.04,-14.8,-18.43,29.81,-29.44
ORTINGLOBE,14.92,2026-07-30,2.83,-1.65,-14.94,-3.74,19.65,5.37
POWERICA,524.6,2026-07-30,-7.27,-7.5,-14.94,7.09,,
CEWATER,286.35,2026-07-30,-1.77,-8.01,-14.95,-7.23,-32.33,-54.53
GVT&D,4202.3,2026-07-30,0.0,-5.46,-15.0,-5.91,30.09,62.11
AGIIL,310.2,2026-07-30,2.02,-7.2,-15.05,-21.58,20.98,44.49
DWARKESH,36.68,2026-07-30,-13.51,-15.22,-15.08,-21.68,4.36,-12.44
DRREDDY,1144.8,2026-07-30,-0.52,-6.4,-15.11,-12.91,-5.42,-10.84
KLL,28.1,2026-07-29,-0.18,-5.86,-15.11,-35.03,-36.21,-63.48
AEPL,14.35,2026-07-30,-5.22,-9.92,-15.14,-24.43,,
WALCHANNAG,230.8,2026-07-30,-1.16,-7.81,-15.24,-1.8,22.83,14.25
ENRIN,3121.7,2026-07-30,-4.38,-8.03,-15.25,-4.79,25.51,-3.1
RBA,67.01,2026-07-30,-0.83,0.39,-15.37,2.52,5.66,-19.11
BANDHANBNK,172.72,2026-07-30,1.94,-18.27,-15.41,-13.52,11.68,3.58
GOLDKART,115.8,2026-07-29,-9.71,-14.22,-15.41,-39.37,-59.37,-42.77
GALLANTT,585.35,2026-07-30,6.96,-5.61,-15.42,-32.08,12.53,-23.47
ROLLT,2.35,2026-07-30,5.86,11.9,-15.47,22.4,97.48,58.78
BLISSGVS,455.15,2026-07-30,-0.93,-5.71,-15.49,64.78,158.6,149.51
SUPRIYA,859.9,2026-07-30,1.78,2.7,-15.53,23.74,27.19,28.91
ADFFOODS,262.35,2026-07-30,-16.56,-12.7,-15.56,-0.68,49.14,1.03
SUPREMEPWR,211.0,2026-07-29,0.93,-3.37,-15.6,-16.93,34.91,-0.05
UMA,15.5,2026-07-29,0.0,-4.62,-15.76,-25.3,-18.21,-39.22
VIPCLOTHNG,21.05,2026-07-30,-3.57,-3.62,-15.77,-2.0,-18.35,-45.17
AEROENTER,118.95,2026-07-30,-2.58,-1.16,-15.79,27.44,49.04,16.11
COOLCAPS,21.05,2026-07-29,2.68,0.0,-15.8,-20.11,-59.79,-72.98
MDL,64.5,2026-07-29,-6.52,-7.86,-15.8,34.38,29.0,-28.33
RAJRILTD,20.41,2026-07-30,-1.26,-4.63,-15.84,-4.31,0.49,-25.78
GUJENERGY,275.25,2026-07-30,3.65,1.33,-15.84,-27.58,-35.29,-37.81
GOLDSTAR,6.9,2026-07-29,-2.82,-2.13,-15.85,-4.17,53.33,-28.5
REFEX,298.65,2026-07-30,-9.92,-3.83,-15.89,13.55,33.04,-33.15
ACEINTEG,19.15,2026-07-30,-0.83,-4.2,-15.94,-1.79,0.1,-22.41
KRIDHANINF,2.32,2026-07-30,-0.85,-7.94,-15.94,-11.79,-44.5,-45.28
CADSYS,59.2,2026-07-29,0.0,-9.69,-15.97,-7.79,23.33,-11.58
VEDPOWER,33.82,2026-07-30,-8.52,-11.72,-16.04,,,
VENUSREM,1539.3,2026-07-30,-2.08,-9.13,-16.05,59.12,88.05,193.03
RNBDENIMS,9.04,2026-07-30,-3.0,-5.74,-16.06,-37.35,-82.66,
HINDWAREAP,218.3,2026-07-30,-1.24,-1.78,-16.1,0.22,-1.87,-16.04
ATLANTAELE,1521.0,2026-07-30,-5.78,-12.48,-16.15,-13.16,101.16,
OWAIS,99.45,2026-07-29,-0.05,1.17,-16.15,-44.95,-58.16,-79.23
JIWANRAM,4.9,2026-07-29,0.0,-4.85,-16.24,-4.85,-6.67,-46.74
RMC,259.9,2026-07-30,-2.16,-6.96,-16.26,-44.94,,
GENESYS,267.45,2026-07-30,-11.01,-16.72,-16.26,-0.46,-14.28,-54.83
SANDHAR,599.85,2026-07-30,0.05,-0.27,-16.33,21.41,22.59,21.5
OMAXAUTO,186.4,2026-07-30,-13.34,-20.25,-16.38,44.88,61.27,26.03
TARIL,293.55,2026-07-30,-2.96,-12.01,-16.45,-12.16,24.31,-42.65
SWSOLAR,203.98,2026-07-30,-2.06,-4.88,-16.54,-2.09,10.26,-28.88
VISHWAS,44.0,2026-07-29,0.0,-8.33,-16.59,10.97,9.59,-27.87
AMIABLE,70.7,2026-07-29,0.0,-3.08,-16.77,-3.15,-3.02,-4.07
FINCABLES,973.0,2026-07-30,-2.56,-4.18,-16.79,-1.77,34.72,9.73
INOXWIND,74.98,2026-07-30,-4.15,-5.35,-16.8,-25.73,-30.54,-51.98
PPL,269.2,2026-07-30,0.22,5.47,-16.81,27.89,25.33,-25.33
DPWIRES,165.7,2026-07-30,-1.29,-4.51,-16.85,-7.34,-4.8,-24.85
MADHUCON,5.02,2026-07-30,-6.17,-3.28,-16.89,-5.1,-3.65,-29.3
NEUEON,15.62,2026-07-29,0.0,4.69,-16.91,-19.9,75.51,199.23
POLYSIL,112.1,2026-07-29,-0.36,-6.93,-16.96,-28.73,-49.46,1.96
MEGAFLEX,100.0,2026-07-29,0.0,0.0,-17.12,-31.03,-5.7,59.62
TEJASNET,507.1,2026-07-30,-1.16,-6.68,-17.21,22.15,48.8,-13.83
SUMEETINDS,23.46,2026-07-30,-14.19,-33.54,-17.25,-21.83,-10.8,-6.76
THERMAX,4251.5,2026-07-30,-4.56,-9.74,-17.26,4.69,48.33,11.25
LIKHITHA,219.75,2026-07-30,-4.58,-6.63,-17.28,2.9,35.87,-21.31
AVROIND,8.56,2026-07-30,-4.25,-8.25,-17.29,-31.9,-32.03,-45.0
MOKSH,10.13,2026-07-30,-1.55,-11.99,-17.31,-25.68,-26.33,-26.22
JISLJALEQS,29.39,2026-07-30,-3.42,-4.27,-17.33,-9.62,-19.41,-42.78
NAGREEKEXP,21.38,2026-07-30,-6.35,-10.77,-17.36,-20.7,-15.83,-18.89
SHRENIK,0.33,2026-07-30,0.0,-8.33,-17.5,-17.5,-15.38,-42.11
NAGAFERT,2.62,2026-07-29,0.0,-4.73,-17.87,-33.33,-47.18,-56.19
DELPHIFX,6.7,2026-07-30,-5.1,-2.47,-17.89,-43.27,-55.3,-50.68
WINNY,33.85,2026-07-29,-4.92,-4.92,-17.94,-31.62,-47.07,-63.64
AERONEU,85.32,2026-07-30,-1.52,-4.5,-17.95,-4.16,23.99,-28.92
ESSENTIA,1.05,2026-07-30,-2.78,-9.48,-17.97,-19.23,-38.95,-48.53
AGSTRA,2.1,2026-07-29,0.0,-4.98,-17.97,-22.79,-46.15,-56.88
SOLEX,905.1,2026-07-30,-3.67,-7.82,-17.99,-29.76,-5.23,-36.28
YUDIZ,23.0,2026-07-29,0.0,-4.17,-18.15,-17.71,-11.54,-33.14
HCC,20.94,2026-07-30,-3.64,-7.75,-18.36,-4.99,4.6,-20.92
JETKNIT,62.45,2026-07-29,0.0,0.0,-18.42,-29.99,-29.99,-43.2
GENSOL,17.44,2026-07-29,0.0,-4.96,-18.43,-24.67,-34.53,-62.32
RELINFRA,60.04,2026-07-29,0.0,-4.98,-18.43,-23.67,-55.21,-82.35
SASKEN,1746.8,2026-07-30,-3.97,-7.75,-18.61,34.36,43.02,18.43
TAKE,20.57,2026-07-30,-1.3,2.95,-18.66,-51.82,-50.48,103.66
PREMEXPLN,655.25,2026-07-30,-2.07,-0.96,-18.7,16.73,27.92,43.83
GVPIL,739.65,2026-07-30,-5.15,-11.16,-18.8,22.39,147.75,146.39
GRANDOAK,33.67,2026-07-30,-14.04,-20.89,-18.85,10.39,,
KOTYARK,33.27,2026-07-30,4.07,-3.73,-18.95,-14.31,81.4,60.34
KALAMANDIR,88.64,2026-07-30,1.49,-2.89,-19.03,-12.54,-20.84,-49.91
SAKSOFT,167.34,2026-07-30,1.61,-5.8,-19.05,19.4,-3.24,-20.03
SHYAMTEL,16.0,2026-07-30,-0.06,2.89,-19.07,-29.27,54.74,4.71
SERVOTECH,81.83,2026-07-30,-14.4,-18.12,-19.08,-13.8,38.58,-42.77
NEWJAISA,14.25,2026-07-29,-7.47,-12.84,-19.26,-43.23,-9.24,-55.88
SUZLON,47.4,2026-07-30,-10.82,-10.72,-19.52,-14.72,-0.57,-22.56
SPRL,93.0,2026-07-29,0.0,-9.71,-19.62,-6.34,-27.46,-36.73
FLEXITUFF,4.5,2026-07-30,-2.6,-9.64,-19.64,-38.86,-57.98,-86.29
KHFM,44.95,2026-07-29,-5.96,-8.17,-19.66,-12.72,-40.46,-46.26
DYNAMIC,138.05,2026-07-29,-1.81,-13.45,-19.67,-8.55,-0.07,-1.78
MTEDUCARE,1.94,2026-07-30,-3.0,7.18,-19.83,22.78,36.62,-12.22
NIBE,1330.2,2026-07-30,-10.98,-14.63,-20.06,23.85,29.15,-21.72
LYKALABS,58.89,2026-07-30,-8.57,-14.32,-20.37,-1.36,-17.91,-48.24
QUADFUTURE,344.4,2026-07-30,-5.05,-15.64,-20.38,11.29,12.84,-20.65
WHEELS,1411.7,2026-07-30,-5.61,-3.39,-20.96,15.6,87.43,84.94
GODIGIT,254.95,2026-07-30,0.06,-9.24,-21.01,-17.51,-21.45,-31.3
OSWALPUMPS,334.0,2026-07-30,-4.35,-14.27,-21.11,-19.0,-15.66,-53.6
REGENCERAM,31.51,2026-07-30,-6.22,-12.69,-21.3,-32.27,-28.55,-37.54
FOCUS,70.37,2026-07-30,-1.8,-6.51,-21.49,-11.41,2.91,-34.12
PATELENG,27.38,2026-07-30,-2.14,-9.19,-21.61,-3.52,-4.03,-28.02
MAKS,18.05,2026-07-29,0.0,0.0,-21.69,-30.58,-38.81,-39.33
TIGERLOGS,28.98,2026-07-30,-9.01,-9.83,-21.78,-17.27,-4.73,
ELECON,417.25,2026-07-30,-1.52,-8.3,-21.83,-17.41,2.53,-27.68
PRAXIS,6.44,2026-07-30,-8.39,-12.62,-21.94,-20.3,-10.43,-44.24
TIRUPATI,397.55,2026-07-29,-4.99,-14.25,-22.05,-14.58,-35.22,-18.87
SHANTHALA,18.0,2026-07-29,0.0,-23.24,-22.08,-33.82,-46.11,-43.75
BLUECHIP,1.79,2026-07-30,-4.79,-12.68,-23.18,-6.77,-25.1,-62.71
BBOX,726.8,2026-07-30,-6.3,-13.23,-23.27,13.63,41.07,42.67
SABEVENTS,6.27,2026-07-30,-13.99,-20.93,-23.54,-35.96,-52.39,-7.11
PALREDTEC,46.0,2026-07-30,1.68,-5.25,-23.59,14.86,28.28,-18.13
AKSHOPTFBR,5.34,2026-07-30,-5.65,-3.78,-23.61,-7.77,-0.37,-34.8
ORCHASP,1.51,2026-07-30,-5.63,-9.04,-24.12,-25.98,-43.87,-47.2
WAAREEINDO,295.45,2026-07-30,-11.82,-22.56,-24.23,-31.72,-33.19,4.67
EUROTEXIND,12.85,2026-07-29,4.81,0.23,-24.77,-20.14,-6.41,-2.5
KIRLPNU,1460.8,2026-07-30,-1.93,-15.08,-24.86,-2.38,28.61,16.74
ISHAN,0.45,2026-07-29,-10.0,-10.0,-25.0,-30.77,-30.77,-52.63
VCL,1.02,2026-07-30,0.0,-7.27,-25.55,-32.89,-50.0,-15.7
JALAN,1.6,2026-07-29,0.0,-11.11,-25.58,-13.51,-54.93,-77.93
SONUINFRA,40.85,2026-07-29,-5.0,-4.44,-25.73,-33.03,-42.71,-65.77
MANAV,25.65,2026-07-29,-9.68,-18.31,-26.19,-35.71,-11.09,51.78
PANACEABIO,414.45,2026-07-30,-4.31,-24.49,-26.76,14.79,11.13,0.52
SHUBHLAXMI,19.0,2026-07-29,-7.32,-4.76,-27.48,-14.03,-45.01,15.15
RAMCOSYS,605.45,2026-07-30,-5.38,-24.66,-27.58,47.04,29.72,58.76
KSHITIJPOL,2.83,2026-07-30,-5.67,19.41,-28.17,-13.72,40.8,-16.52
MTARTECH,5453.5,2026-07-30,-5.23,-5.06,-28.44,-15.54,86.03,266.82
DUGLOBAL,25.8,2026-07-29,-0.58,-4.97,-28.73,-40.35,-11.03,-40.69
MEP,0.51,2026-07-30,-5.56,-13.56,-29.17,-49.0,-63.83,-70.35
PARSVNATH,1.83,2026-07-30,-4.69,-12.86,-32.47,-76.72,-79.32,-88.66
HARDWYN,11.2,2026-07-30,0.58,0.45,-34.8,-42.33,1.82,11.92
TICL,9.36,2026-07-30,1.08,-4.2,-35.89,-60.77,-58.34,-70.49
GSLSU,26.71,2026-07-30,-9.18,4.87,-36.6,-53.23,-70.12,-76.68
AQYLON,25.27,2026-07-30,1.16,-20.46,-38.67,-49.71,-84.69,-97.3
ELITECON,15.74,2026-07-30,-1.5,-11.92,-41.05,-57.34,,
GIRIRAJ,74.1,2026-07-29,-9.08,-33.18,-42.54,-62.29,-56.91,-77.27
TRIVENI,226.4,2026-07-30,-5.67,-51.87,-46.42,-45.08,-39.45,-33.36
NATIONSTD,260.9,2026-07-30,-14.23,-33.6,-79.49,-80.6,,
HEALTHADD,16.85,2026-07-30,1.38,1.38,-89.64,-88.8,-87.98,-88.86
MIDQ50ADD,25.17,2026-07-30,1.53,0.88,-89.79,-89.55,-89.39,-90.01
PSUBANK,83.31,2026-07-30,-0.74,-3.65,-90.23,-90.18,-90.74,-88.01
