ticker,last_close,last_date,1W,2W,1M,3M,6M,12M
NV20,12013.1,2026-06-24,84678.4,84738.27,84918.4,86888.41,7634.42,8018.6
ACCORD,120.95,2026-06-23,4.99,33.79,128.21,356.42,337.43,447.29
MODISONLTD,337.0,2026-06-24,-0.37,12.39,93.23,179.74,146.67,121.16
HITECHCORP,319.73,2026-06-24,4.07,3.44,90.46,135.86,81.79,67.75
SSFL,230.8,2026-06-23,4.98,16.1,85.98,87.64,65.15,48.45
GRANDOAK,48.37,2026-06-24,-8.92,33.58,81.09,,,
SIGMAADV,607.75,2026-06-24,10.24,31.49,73.87,270.96,200.44,545.38
VENUSREM,1854.4,2026-06-24,9.6,-1.52,71.38,114.07,131.32,332.66
SETL,224.26,2026-06-24,10.83,32.75,69.14,92.85,50.88,32.59
BLUSPRING,113.82,2026-06-24,5.36,22.64,69.12,130.59,69.53,61.04
SIGNORIA,91.5,2026-06-23,0.0,26.03,65.76,71.83,-2.92,-25.61
DEEM,55.45,2026-06-23,1.93,24.05,63.09,62.37,23.91,-7.74
ZEELEARN,9.37,2026-06-24,1.19,25.77,61.27,90.06,28.53,0.43
NRL,83.74,2026-06-24,0.46,10.58,61.1,75.63,46.89,8.18
QUADFUTURE,453.9,2026-06-24,8.94,19.48,59.91,56.11,30.75,-3.04
NPST,1630.5,2026-06-24,5.25,-1.39,59.57,48.93,18.0,-15.36
PARAS,1288.45,2026-06-24,-6.56,16.27,58.68,108.02,92.05,56.55
MSTCLTD,670.55,2026-06-24,-2.85,6.48,57.31,68.67,38.81,34.83
BETA,2164.4,2026-06-24,0.79,17.91,57.22,101.75,36.1,21.25
ROLLT,3.23,2026-06-24,-9.52,13.73,56.8,164.75,156.35,83.52
NIITLTD,103.45,2026-06-24,-0.13,15.88,56.46,88.81,10.24,-18.32
CLCIND,44.49,2026-06-23,0.0,4.98,54.96,177.89,-84.11,-84.11
SANGINITA,40.76,2026-06-24,4.01,14.75,54.04,130.41,302.77,296.88
KIRLOSENG,2563.6,2026-06-24,7.27,32.57,53.42,93.06,103.24,203.47
BLISSGVS,460.1,2026-06-24,-2.78,4.68,53.19,122.75,162.11,211.08
UFBL,727.2,2026-06-24,8.65,18.25,53.01,213.84,283.24,129.36
GTECJAINX,27.95,2026-06-24,10.21,-5.86,52.73,43.55,13.76,22.27
KERNEX,2036.0,2026-06-24,3.39,-0.06,50.66,119.54,60.15,64.17
SICALLOG,95.91,2026-06-23,0.0,9.41,50.38,50.35,-4.6,-16.82
CPPLUS,3617.6,2026-06-24,-0.39,7.47,49.74,116.18,136.24,
CUPID,179.48,2026-06-24,-0.17,8.89,49.18,122.82,89.97,835.67
QFIL,59.4,2026-06-23,4.21,6.17,48.87,32.44,1.02,-21.12
DECNGOLD,212.18,2026-06-24,-6.74,10.16,48.51,,,
VADILALIND,6417.2,2026-06-24,0.91,6.48,48.21,48.6,28.08,16.21
RUBYMILLS,337.25,2026-06-24,0.13,0.99,48.18,68.63,49.75,44.54
SKMEGGPROD,268.0,2026-06-24,7.81,13.59,48.02,67.5,24.72,116.6
TCIFINANCE,19.5,2026-06-24,-9.72,-30.06,47.5,47.5,-13.41,27.28
EIFFL,343.94,2026-06-24,-3.53,40.52,47.34,55.87,40.16,60.17
INDSWFTLAB,193.83,2026-06-24,2.62,19.77,47.07,36.13,110.91,77.42
BHAGERIA,223.84,2026-06-24,-2.32,2.77,46.96,60.87,20.38,20.22
AEGISLOG,1062.9,2026-06-24,-0.64,7.99,46.72,77.21,46.42,36.42
WABAG,2099.1,2026-06-24,1.81,28.85,46.65,73.67,64.6,41.26
RUBICON,1392.2,2026-06-24,1.13,3.56,46.59,76.09,105.61,
EQUIPPP,22.06,2026-06-24,2.65,18.47,46.48,31.7,-0.54,12.32
ORBTEXP,241.29,2026-06-24,15.99,26.3,46.18,67.49,27.3,39.94
IZMO,1025.9,2026-06-24,-2.47,-0.53,45.72,50.73,23.33,172.01
CARTRADE,2603.7,2026-06-24,1.26,11.99,44.92,51.68,-6.64,61.15
VMARCIND,1624.55,2026-06-23,0.78,14.1,44.8,167.28,131.47,443.06
KANORICHEM,126.0,2026-06-24,-0.56,23.91,44.61,104.68,62.5,35.56
SEDEMAC,2865.4,2026-06-24,0.29,4.77,44.48,90.54,,
RAMCOSYS,673.8,2026-06-24,20.61,22.92,43.39,77.74,14.68,68.05
ICIL,433.9,2026-06-24,11.47,24.11,43.25,75.53,62.05,56.64
BROOKS,76.8,2026-06-24,9.7,13.69,42.94,63.3,-14.67,-47.04
SPAL,1109.1,2026-06-24,13.28,27.8,42.86,56.86,56.24,35.53
EFFWA,374.5,2026-06-23,1.59,15.59,42.78,86.83,60.63,49.8
THANGAMAYL,5447.7,2026-06-24,-1.97,-0.98,42.71,64.61,65.96,193.68
SHUBHLAXMI,28.75,2026-06-23,-0.86,17.83,42.68,10.58,-25.9,73.72
ELECTHERM,1101.2,2026-06-24,4.61,-1.88,42.3,82.53,24.01,-11.96
VSCL,28.35,2026-06-23,0.0,5.0,42.11,27.42,73.93,-15.12
AMIABLE,84.95,2026-06-23,10.04,7.6,41.58,16.53,-0.29,13.27
ASTRAMICRO,1662.6,2026-06-24,-0.76,14.03,41.51,82.03,71.36,55.13
CEWATER,386.1,2026-06-24,7.94,43.37,41.38,37.55,-14.08,-32.34
COCKERILL,8726.0,2026-06-24,-5.24,-6.42,41.16,,,
CEMPRO,1214.2,2026-06-24,-4.63,3.03,41.09,126.01,49.76,50.22
TBZ,189.48,2026-06-24,-0.97,0.92,40.91,53.61,17.01,4.83
ORCHPHARMA,993.95,2026-06-24,3.74,3.44,40.69,94.34,28.68,42.09
ZEEL,115.48,2026-06-24,-0.23,6.44,40.61,61.49,25.78,-17.88
MDL,70.2,2026-06-23,0.0,0.29,40.4,35.0,-3.84,-32.5
ORIENTHOT,139.17,2026-06-24,15.66,17.01,40.39,52.88,35.1,-6.06
VINYAS,1437.65,2026-06-23,-2.49,2.33,40.05,65.22,23.4,20.91
RPTECH,762.05,2026-06-24,0.24,35.78,39.7,120.53,117.02,160.13
COFFEEDAY,34.17,2026-06-24,0.44,1.27,39.47,48.31,-4.02,-8.47
VIPULLTD,12.37,2026-06-24,10.05,31.74,39.15,10.45,7.1,5.28
SUPREMEENG,1.36,2026-06-24,3.03,11.48,38.78,25.93,20.35,-26.88
PRADPME,546.2,2026-06-24,3.64,9.7,38.75,,,
IBULLSLTD,26.45,2026-06-24,-3.08,11.23,38.7,181.68,62.67,51.06
HFCL,204.77,2026-06-24,-2.24,13.48,38.16,194.29,218.76,145.14
SYNOPTICS,66.65,2026-06-23,-2.63,-5.66,38.13,47.78,4.22,-13.05
RILINFRA,44.45,2026-06-23,9.35,22.45,37.83,24.34,19.33,10.99
STEL,611.25,2026-06-24,-0.7,-0.87,37.73,41.35,17.2,48.49
MANCREDIT,230.64,2026-06-24,5.81,2.94,37.64,37.23,35.59,17.54
INOXINDIA,1988.3,2026-06-24,-2.58,11.3,37.45,65.53,79.99,70.0
BAFNAPH,185.41,2026-06-24,10.24,17.96,37.31,63.11,7.71,141.01
HMVL,87.12,2026-06-24,0.1,5.73,37.24,42.59,24.23,-1.33
SYRMA,1424.7,2026-06-24,6.62,9.5,37.14,80.14,94.14,170.43
STOVEKRAFT,763.7,2026-06-24,4.24,15.79,37.06,61.37,29.61,36.72
IMPEXFERRO,2.41,2026-06-23,0.0,-4.74,36.93,61.74,31.69,9.55
PRIZOR,894.5,2026-06-23,2.25,3.86,36.93,140.1,215.91,370.17
YASHO,2766.1,2026-06-24,-3.27,-0.73,36.6,85.4,90.48,34.8
SKFINDUS,2838.0,2026-06-24,2.99,13.94,36.51,30.49,11.71,
GAYAPROJ,22.93,2026-06-24,-3.21,-0.09,36.49,63.9,98.87,165.09
IPSL,259.95,2026-06-23,-0.02,-0.02,36.42,23.2,-5.13,-3.41
BHAGYANGR,373.5,2026-06-24,-8.33,14.54,36.04,155.07,155.94,356.04
GVPIL,995.0,2026-06-24,-2.64,1.95,35.96,143.9,207.95,219.52
NAVKARURB,1.1,2026-06-24,-3.51,6.8,35.8,37.5,-16.67,-30.69
POKARNA,1132.4,2026-06-24,11.18,30.05,35.76,28.84,35.37,8.22
VINDHYATEL,2154.0,2026-06-24,-7.98,-2.02,35.62,111.67,51.06,27.99
AMAGI,533.2,2026-06-24,0.31,25.09,35.52,57.24,,
AEROENTER,134.14,2026-06-24,-7.48,21.48,35.47,102.81,47.72,41.84
KWIL,35.73,2026-06-24,-2.0,-4.08,35.44,51.21,,
JASH,539.2,2026-06-24,-1.79,7.14,35.05,55.26,27.36,-2.54
SOTL,575.25,2026-06-24,-2.04,-0.4,35.02,74.69,47.35,41.16
RPPL,21.97,2026-06-24,6.5,12.03,34.87,45.59,16.18,-15.43
EPACKPEB,254.5,2026-06-24,-4.72,0.04,34.39,74.91,-15.8,
PPL,261.23,2026-06-24,-1.2,1.35,34.36,40.28,7.23,-33.45
JAYBARMARU,159.83,2026-06-24,-2.13,0.45,33.91,96.59,74.93,109.56
BIRLACABLE,213.32,2026-06-24,-4.05,4.66,33.7,82.64,57.28,17.75
DHARAN,0.16,2026-06-24,0.0,0.0,33.33,23.08,-40.74,-66.67
TEJASNET,624.0,2026-06-24,-0.54,7.15,33.29,48.31,38.05,-11.0
AGARIND,545.6,2026-06-24,0.05,-5.97,33.11,47.26,-27.66,-43.0
ONELIFECAP,33.38,2026-06-24,2.39,23.95,32.99,125.69,112.48,121.79
PATELENG,34.63,2026-06-24,7.45,25.24,32.94,43.81,18.47,-14.54
PANACEABIO,556.05,2026-06-24,6.1,2.82,32.85,69.4,54.82,33.57
STLTECH,584.15,2026-06-24,-6.38,-4.05,32.42,224.49,463.74,484.85
VIJIFIN,5.2,2026-06-24,9.94,33.33,32.32,99.23,107.17,122.22
PANAMAPET,449.55,2026-06-24,-9.45,17.84,32.14,75.16,53.98,24.29
KIRLOSIND,4085.0,2026-06-24,-5.3,27.71,31.83,49.07,25.08,16.27
NETWEB,5074.0,2026-06-24,-0.73,10.01,31.75,58.62,58.9,186.58
DENORA,949.2,2026-06-24,4.47,17.24,31.6,36.7,35.73,7.72
VIMTALABS,591.55,2026-06-24,3.76,8.74,31.49,42.08,-4.12,28.57
IFCI,79.74,2026-06-24,-4.34,-11.0,31.28,53.29,50.25,29.43
WELSPLSOL,56.52,2026-06-24,-3.32,7.74,31.26,,,
PALREDTEC,58.0,2026-06-24,2.65,26.06,31.22,100.55,54.83,15.15
GALAPREC,1132.2,2026-06-24,-3.49,9.49,31.21,50.1,42.77,27.67
HCC,27.38,2026-06-24,-1.62,14.7,31.19,86.39,47.13,-10.08
MTEDUCARE,2.23,2026-06-24,5.19,15.54,31.18,65.19,25.28,0.0
ROTO,76.2,2026-06-24,16.94,16.66,31.0,41.58,8.19,-18.79
PSPPROJECT,999.25,2026-06-24,3.6,8.45,30.91,61.87,14.37,39.26
BEARDSELL,31.74,2026-06-24,7.19,7.89,30.78,38.97,5.34,6.17
SADHNANIQ,3.03,2026-06-24,1.34,27.31,30.6,127.82,-60.65,-72.4
TIMEX,494.65,2026-06-24,-1.0,-0.36,30.53,,,
MAHESHWARI,72.5,2026-06-24,2.11,1.4,30.42,68.6,44.48,26.33
APARINDS,16665.0,2026-06-24,3.05,4.25,30.38,69.03,91.77,112.82
NELCO,864.85,2026-06-24,-6.52,20.8,30.25,56.72,16.55,-20.38
SILVERTUC,190.68,2026-06-24,-2.23,-8.49,30.0,71.32,-78.83,-73.81
SUNDRMBRAK,819.5,2026-06-24,-3.28,9.98,29.9,55.96,16.95,2.96
TINNARUBR,961.15,2026-06-24,7.0,11.01,29.86,61.21,18.87,4.41
TAMBOLIIN,214.68,2026-06-24,6.12,17.22,29.84,,,
TRIDHYA,11.75,2026-06-23,0.0,10.85,29.83,46.88,-21.4,-38.16
DAICHI,331.07,2026-06-24,2.79,24.86,29.65,,,
EMKAY,287.8,2026-06-24,-1.99,-1.06,29.58,41.12,9.62,32.51
KPRMILL,1218.45,2026-06-24,5.79,15.44,29.39,45.5,29.87,8.6
AETHER,1357.2,2026-06-24,10.63,18.06,29.1,10.82,62.14,75.46
GOCLCORP,424.0,2026-06-24,-4.78,4.76,29.09,60.45,44.96,18.91
PATINTLOG,15.2,2026-06-24,3.47,13.1,29.03,69.45,8.49,3.32
FCL,42.89,2026-06-24,-5.55,3.35,29.03,101.46,77.01,55.76
VINSYS,423.0,2026-06-23,1.03,15.16,28.77,56.2,9.8,8.46
PGIL,2081.0,2026-06-24,10.77,22.78,28.43,48.53,29.05,43.87
REDINGTON,283.85,2026-06-24,1.42,16.91,28.41,35.1,3.35,-3.08
LIKHITHA,260.94,2026-06-24,2.18,12.43,28.41,91.73,29.99,-8.97
GENESYS,356.05,2026-06-24,-0.56,12.92,28.35,47.4,-21.75,-44.07
FAZE3Q,619.1,2026-06-24,4.67,12.72,28.3,56.83,39.93,7.14
SRIVASAVI,66.9,2026-06-23,2.06,20.98,28.16,59.29,40.4,-6.43
UNIHEALTH,590.25,2026-06-23,-0.67,18.77,28.08,55.1,103.96,247.0
DYNAMIC,168.7,2026-06-23,1.02,9.87,28.05,96.51,51.5,7.59
EMMVEE,338.35,2026-06-24,3.85,0.48,28.02,49.61,79.57,
INDORAMA,46.03,2026-06-24,-0.84,0.26,27.97,46.59,-5.89,-2.25
FILATEX,53.74,2026-06-24,-2.45,1.38,27.86,34.86,7.67,-3.51
UNIVCABLES,1293.2,2026-06-24,-4.13,7.5,27.78,94.72,45.43,87.0
HOACFOODS,680.0,2026-06-23,4.45,10.84,27.71,88.89,95.97,221.89
GOCOLORS,387.45,2026-06-24,7.09,4.73,27.7,45.41,-16.81,-54.6
CONFIPET,73.44,2026-06-24,6.13,3.36,27.7,108.93,103.72,28.73
ZIMLAB,127.87,2026-06-24,1.97,14.35,27.67,99.39,81.58,13.63
DEEDEV,668.65,2026-06-24,-1.26,-3.02,27.65,154.92,203.96,120.24
JKIPL,107.41,2026-06-24,-0.89,-0.25,27.16,113.37,18.5,
PREMEXPLN,755.5,2026-06-24,-0.43,10.57,26.87,77.66,46.73,27.19
UCAL,113.29,2026-06-24,-0.75,14.32,26.86,22.05,1.03,-27.29
LAL,8.88,2026-06-24,5.46,23.85,26.86,31.17,-1.88,-29.13
EMSLIMITED,411.0,2026-06-24,0.7,33.2,26.77,44.95,-5.47,-32.59
KIRLOSBROS,2020.8,2026-06-24,-2.53,15.28,26.47,35.07,24.99,9.17
SAAKSHI,292.05,2026-06-23,7.85,14.33,26.43,60.38,61.35,74.67
SUDEEPPHRM,850.95,2026-06-24,2.38,3.45,26.38,36.61,35.34,
GREAVESCOT,213.98,2026-06-24,0.67,11.77,26.28,62.6,12.31,10.26
JNKINDIA,489.3,2026-06-24,2.05,-1.33,26.24,108.07,114.95,38.51
NACLIND,199.39,2026-06-24,-7.62,20.98,26.1,56.54,19.33,10.98
ACSTECH,42.7,2026-06-24,7.77,11.52,26.03,,,
WTICAB,114.6,2026-06-23,-7.28,21.46,25.93,27.47,-15.17,-18.14
SWSOLAR,249.15,2026-06-24,2.57,18.09,25.81,53.12,13.26,-18.94
MAZDA,244.77,2026-06-24,-1.08,6.57,25.77,43.34,13.3,1.29
K2INFRA,69.15,2026-06-23,-2.74,14.68,25.73,41.12,11.71,-4.75
CCCL,18.86,2026-06-24,29.0,24.08,25.73,31.34,2.72,-3.68
RRKABEL,2438.0,2026-06-24,3.6,11.74,25.5,80.99,63.03,82.15
GUFICBIO,368.35,2026-06-24,2.21,2.21,25.42,32.05,7.66,5.41
THOMASCOTT,323.05,2026-06-24,4.13,18.68,25.33,23.04,-4.04,6.6
RELAXO,368.95,2026-06-24,3.56,8.04,25.32,42.73,-8.98,-10.62
RPEL,1187.35,2026-06-24,-1.27,-0.96,25.24,94.88,20.06,71.12
AMANTA,162.84,2026-06-24,1.53,3.63,25.17,68.66,45.44,
IGARASHI,481.65,2026-06-24,1.68,27.34,25.17,62.36,9.54,2.89
INDOTECH,2905.3,2026-06-24,3.26,8.55,25.08,131.22,84.73,43.21
CPEDU,218.66,2026-06-24,3.57,21.59,25.03,34.09,-17.05,
INVPRECQ,778.5,2026-06-24,3.27,26.93,24.96,,,
WOCKPHARMA,1968.3,2026-06-24,-2.26,3.18,24.94,72.84,36.97,13.72
GULFPETRO,40.74,2026-06-24,1.47,-0.95,24.85,49.07,13.45,-10.24
UNIVASTU,88.58,2026-06-24,-4.88,7.45,24.64,40.56,27.43,11.99
ARROWGREEN,594.65,2026-06-24,-1.27,5.13,24.6,54.09,15.49,-3.61
GRWRHITECH,6669.0,2026-06-24,-4.3,5.51,24.58,89.21,109.44,67.4
SPECTRUM,1766.2,2026-06-24,0.26,10.5,24.48,23.09,45.73,18.94
CAPLIPOINT,2519.0,2026-06-24,-0.73,6.53,24.46,59.11,28.11,22.9
SIGACHI,25.3,2026-06-24,5.02,18.17,24.32,36.31,-25.7,-54.62
SURYALA,457.5,2026-06-24,-3.58,2.71,24.3,,,
SASKEN,2253.7,2026-06-24,-8.27,6.1,24.25,92.64,49.81,61.62
MARKSANS,263.02,2026-06-24,2.71,5.31,24.15,59.85,44.34,8.71
MANBA,131.73,2026-06-24,0.6,7.22,23.98,21.14,-6.16,-4.91
HMT,70.35,2026-06-24,3.5,25.33,23.92,22.33,46.53,8.88
AIROLAM,102.58,2026-06-24,17.8,19.22,23.9,21.8,-0.94,-8.61
CLEANMAX,1387.4,2026-06-24,-7.14,8.89,23.88,65.54,,
PDSL,357.05,2026-06-24,2.82,11.54,23.87,30.29,-2.74,-9.35
ACMESOLAR,359.3,2026-06-24,2.7,3.47,23.81,44.24,51.7,44.37
QMSMEDI,103.65,2026-06-24,-3.54,7.97,23.76,37.74,11.81,18.2
WALCHANNAG,286.85,2026-06-24,-6.69,9.57,23.72,100.89,46.73,24.66
HYBRIDFIN,22.87,2026-06-24,-3.42,40.31,23.62,41.09,19.68,25.87
JSWINFRA,338.4,2026-06-24,10.21,15.27,23.61,34.45,17.35,10.5
OLECTRA,1492.1,2026-06-24,-2.04,17.03,23.55,39.4,19.42,28.78
LLOYDSENGG,85.69,2026-06-24,-5.09,20.1,23.53,119.49,51.32,45.68
RELTD,159.43,2026-06-24,-1.58,8.5,23.41,24.42,-5.29,18.09
QUESS,250.09,2026-06-24,1.71,1.85,23.36,44.44,19.32,-12.17
SPECIALITY,135.95,2026-06-24,3.66,26.42,23.31,46.81,21.36,9.08
RAIN,192.73,2026-06-24,0.0,-7.24,23.29,83.71,49.16,33.47
GOKEX,859.35,2026-06-24,4.88,19.06,23.24,44.37,9.51,-1.62
SUPRIYA,953.0,2026-06-24,2.75,-0.23,23.11,68.87,26.01,39.93
RESPONIND,204.14,2026-06-24,4.56,16.18,23.09,44.25,0.81,-1.28
TAALTECH,3409.0,2026-06-24,-0.43,1.36,22.82,,,
SAMHI,184.23,2026-06-24,2.87,9.5,22.75,35.93,1.52,-14.02
MGEL,15.95,2026-06-24,1.59,-2.98,22.69,19.74,8.21,10.37
DPWIRES,210.45,2026-06-24,11.87,20.16,22.68,47.96,0.73,-5.44
PANACHE,421.9,2026-06-24,-4.76,13.31,22.59,37.36,28.47,115.59
UNIMECH,1147.25,2026-06-24,-3.42,0.03,22.57,55.83,23.04,-10.74
SHEMAROO,126.51,2026-06-24,-8.39,7.18,22.5,37.11,17.05,9.61
AKSHOPTFBR,7.41,2026-06-24,-6.79,7.55,22.48,66.52,13.13,-15.02
PRITIKAUTO,18.05,2026-06-24,-9.7,24.65,22.46,60.44,37.68,1.69
AKSHARCHEM,243.12,2026-06-24,-0.82,18.09,22.36,40.29,-1.31,-4.13
OSWALPUMPS,437.9,2026-06-24,3.11,3.63,22.22,42.41,-19.37,-30.71
SVLL,686.85,2026-06-24,-2.46,-3.67,22.2,30.41,-2.1,-5.65
LANDMARK,444.8,2026-06-24,-1.99,4.65,22.18,21.02,-7.89,-12.78
HARIOMPIPE,420.45,2026-06-24,-0.27,-2.0,22.1,35.63,19.87,8.26
TCIEXP,615.65,2026-06-24,14.23,16.34,22.08,30.21,6.33,-16.53
WELSPUNLIV,169.84,2026-06-24,5.0,17.19,22.01,50.19,25.79,30.96
TITAGARH,922.15,2026-06-24,0.17,7.19,21.77,49.63,7.9,0.04
AIAENG,4857.5,2026-06-24,0.2,8.69,21.62,43.79,23.23,48.98
KRISHNADEF,1335.0,2026-06-24,-2.57,9.72,21.51,50.76,70.49,43.99
FERMENTA,366.25,2026-06-24,6.9,12.21,21.5,,,
MOREPENLAB,52.12,2026-06-24,3.97,-0.57,21.46,42.6,25.29,-15.43
CAPACITE,262.35,2026-06-24,-0.02,17.1,21.35,24.32,0.88,-19.67
VMART,778.05,2026-06-24,-0.06,6.3,21.33,56.33,4.25,-13.89
STEELXIND,12.6,2026-06-24,-4.76,2.02,21.27,75.0,31.8,55.36
AGI,703.5,2026-06-24,-3.89,6.53,21.22,45.35,-4.67,-10.77
INDOSTAR,260.25,2026-06-24,5.55,6.56,21.2,41.54,6.61,-23.3
SAIPARENT,589.75,2026-06-24,0.32,2.93,21.17,,,
REFEX,338.1,2026-06-24,-1.47,7.64,21.16,71.62,26.02,-26.56
KODYTECH,1081.35,2026-06-23,-4.9,9.69,21.13,58.81,16.82,35.88
TIRUPATIFL,48.7,2026-06-24,-0.41,4.1,21.08,10.61,55.39,4.26
DIVGIITTS,860.0,2026-06-24,-0.51,-1.06,21.04,23.37,45.03,48.63
GKENERGY,151.96,2026-06-24,1.95,7.86,21.03,50.92,-2.46,
FEDDERSHOL,39.48,2026-06-24,-0.98,11.18,20.88,,,
THYROCARE,555.8,2026-06-24,3.35,5.12,20.86,53.65,24.32,80.4
DEN,32.54,2026-06-24,-1.33,10.49,20.74,29.59,2.71,-8.11
SHRIPISTON,3926.9,2026-06-24,3.32,4.94,20.69,31.59,23.14,67.74
TBOTEK,1439.4,2026-06-24,-1.14,-0.87,20.49,35.88,-15.5,13.07
KISSHT,279.05,2026-06-24,-5.6,3.03,20.42,,,
RATEGAIN,860.2,2026-06-24,-1.51,4.32,20.4,78.89,32.34,98.52
WIPL,171.99,2026-06-24,1.52,11.8,20.38,16.43,15.05,2.17
SIKA,1099.15,2026-06-24,-5.72,22.45,20.35,,,
JISLJALEQS,35.76,2026-06-24,1.56,13.16,20.28,20.69,-12.61,-38.94
KONSTELEC,47.0,2026-06-23,-2.08,6.33,20.2,55.37,5.15,-31.39
DIFFNKG,388.6,2026-06-24,3.41,6.8,20.18,47.11,17.05,24.27
BAHETI,719.25,2026-06-23,-0.82,17.47,20.15,48.62,18.18,26.05
AVL,644.4,2026-06-24,1.28,13.57,20.11,37.53,26.69,64.56
SETCO,17.01,2026-06-24,-1.05,-10.43,20.1,81.2,104.24,83.23
HIRECT,1157.1,2026-06-24,0.98,1.89,20.07,52.99,58.5,82.19
KOPRAN,195.88,2026-06-24,-3.84,6.82,20.04,69.67,30.97,11.56
TERASOFT,408.55,2026-06-24,-3.81,-6.65,20.04,35.19,-0.64,54.39
POWERICA,661.85,2026-06-24,6.69,38.17,19.97,,,
VINCOFE,155.55,2026-06-24,-2.87,0.02,19.97,16.66,-0.69,28.44
NINSYS,773.05,2026-06-24,2.71,9.77,19.93,125.94,90.83,67.0
OLAELEC,43.17,2026-06-24,1.53,-2.15,19.88,85.68,22.12,-0.96
THOMASCOOK,109.97,2026-06-24,-4.46,1.31,19.87,16.04,-23.06,-29.71
ALKALI,85.3,2026-06-24,-0.99,-0.18,19.87,58.49,8.39,-12.79
NITTAGELA,1702.7,2026-06-24,5.51,15.17,19.84,,,
IFBIND,1256.3,2026-06-24,-1.85,-0.91,19.75,28.12,-23.93,-19.51
FINOPB,149.89,2026-06-24,-3.51,8.99,19.74,33.28,-41.44,-45.86
INDOBORAX,386.25,2026-06-24,6.92,3.57,19.71,57.93,42.7,93.94
IDBI,86.92,2026-06-24,-0.83,13.06,19.64,29.6,-13.86,-3.16
HESTERBIO,2239.9,2026-06-24,4.23,8.39,19.45,63.46,41.43,24.54
NAVKARCORP,113.22,2026-06-24,3.61,10.23,19.33,35.04,11.36,2.56
LINC,118.53,2026-06-24,5.16,17.99,19.23,20.01,3.58,-17.11
INDOCO,237.2,2026-06-24,0.33,-0.99,19.15,28.56,1.09,-16.7
WPIL,505.8,2026-06-24,3.59,8.89,19.12,,,
AEROFLEX,479.65,2026-06-24,-5.89,0.35,19.01,90.27,133.16,141.27
EMMBI,98.33,2026-06-24,4.67,16.28,19.0,37.49,-0.92,-9.1
BHARATGEAR,130.67,2026-06-24,-4.84,14.59,19.0,39.26,22.09,47.88
BORORENEW,605.2,2026-06-24,0.14,10.55,18.98,48.39,11.18,13.41
UNIPARTS,670.05,2026-06-24,-1.6,0.96,18.92,47.72,39.41,91.76
BTTL,42.79,2026-06-24,24.46,20.54,18.89,,,
RBA,80.45,2026-06-24,0.97,16.48,18.83,35.07,26.85,0.02
STYLAMIND,3277.4,2026-06-24,3.29,0.62,18.81,49.78,42.46,104.82
AARTECH,50.24,2026-06-24,-0.91,22.09,18.8,17.33,-1.14,-27.8
MUTHOOTMF,214.16,2026-06-24,5.26,9.71,18.79,38.12,20.41,63.21
KIRLPNU,1909.2,2026-06-24,-8.72,17.19,18.78,78.01,86.96,38.5
INDNIPPON,943.75,2026-06-24,2.46,3.3,18.7,29.17,20.92,31.34
AVALON,1748.3,2026-06-24,1.47,-0.66,18.69,84.15,98.87,117.61
GOLDIAM,464.3,2026-06-24,-1.1,-1.0,18.66,61.92,28.76,36.78
PGEL,553.75,2026-06-24,-2.42,12.37,18.58,10.37,-4.79,-27.53
EBGNG,532.0,2026-06-24,-3.05,18.64,18.49,36.34,67.8,
DDEVPLSTIK,281.64,2026-06-24,2.03,9.93,18.49,27.09,-7.42,4.81
VENUSPIPES,1659.4,2026-06-24,-0.84,16.12,18.47,74.73,39.38,21.44
BFINVEST,461.7,2026-06-24,0.18,3.75,18.43,29.29,9.98,-4.14
JALAN,2.25,2026-06-23,0.0,0.0,18.42,12.5,-42.31,-75.14
SANGHVIMOV,419.85,2026-06-24,-3.86,-0.24,18.32,68.89,18.62,47.11
HUHTAMAKI,199.48,2026-06-24,2.96,13.7,18.26,24.19,-4.29,-6.65
SHILPAMED,579.65,2026-06-24,5.79,8.8,18.24,71.49,81.82,34.33
ABSLAMC,1195.2,2026-06-24,1.25,4.28,18.14,32.84,54.48,60.17
KORE,144.55,2026-06-23,2.81,17.09,18.14,46.01,-10.55,22.86
TATACAP,354.05,2026-06-24,-0.51,3.92,18.13,8.36,3.13,
TARSONS,258.26,2026-06-24,-4.5,24.93,18.08,42.39,10.59,-32.73
DCM,97.49,2026-06-24,-1.01,2.64,18.06,63.11,6.12,-5.37
SMCGLOBAL,73.24,2026-06-24,-1.0,0.18,18.05,16.91,-16.75,0.91
GARFIBRES,738.1,2026-06-24,-4.97,8.62,18.04,21.84,6.96,-17.5
MARINE,275.15,2026-06-24,1.95,11.55,18.04,66.16,30.25,26.68
AKUMS,613.6,2026-06-24,-0.59,-1.02,17.99,28.45,37.49,14.47
MOTISONS,14.05,2026-06-24,-1.13,-11.24,17.97,14.32,-9.76,-30.82
GULFOILLUB,1063.3,2026-06-24,2.66,8.54,17.95,14.37,-9.4,-6.63
RVHL,46.29,2026-06-24,-2.53,-2.09,17.94,37.73,-14.33,-7.6
THEMISMED,118.2,2026-06-24,0.72,14.86,17.86,67.59,14.85,-11.23
AYE,165.49,2026-06-24,-1.21,5.58,17.85,60.25,,
MAFATIND,150.03,2026-06-24,5.66,15.64,17.84,,,
EIEL,220.29,2026-06-24,-2.05,16.62,17.83,51.6,7.26,-6.78
PARACABLES,70.0,2026-06-24,-1.09,9.26,17.83,111.74,85.14,28.77
DYCL,353.5,2026-06-24,-3.31,10.26,17.81,34.8,3.44,-24.83
HLEGLAS,382.35,2026-06-24,-3.46,-1.27,17.75,37.44,-15.17,-16.51
PAISALO,59.21,2026-06-24,0.22,1.81,17.67,72.62,68.11,96.3
EXIDEIND,399.5,2026-06-24,4.76,1.18,17.59,33.84,8.81,4.42
ELANTAS,10755.0,2026-06-24,0.78,9.57,17.57,,,
ADVAIT,2358.6,2026-06-24,-3.75,1.01,17.5,35.05,,
THELEELA,488.5,2026-06-24,-1.39,6.61,17.5,20.57,16.05,21.84
20MICRONS,207.92,2026-06-24,10.36,10.12,17.47,41.26,5.09,-8.5
ENGINERSIN,253.69,2026-06-24,-1.86,7.46,17.45,35.42,27.06,10.72
AURUM,210.79,2026-06-24,1.22,9.62,17.44,27.24,11.42,7.01
SAHANA,939.95,2026-06-23,-0.69,17.12,17.41,-2.32,-1.04,-34.28
RICOAUTO,140.8,2026-06-24,-4.79,5.56,17.37,29.7,12.65,89.77
SPRL,105.6,2026-06-23,4.92,27.23,17.33,-13.44,-34.0,-24.57
INDIGO,5207.2,2026-06-24,3.71,6.7,17.32,25.45,2.47,-6.97
JINDALSAW,258.08,2026-06-24,0.93,4.78,17.31,43.13,56.17,10.78
ABDL,629.05,2026-06-24,-0.4,0.19,17.29,58.89,1.22,47.98
LOTUSEYE,128.06,2026-06-24,0.54,-8.52,17.28,24.92,0.49,82.47
NUVAMA,1736.3,2026-06-24,-0.26,4.54,17.25,52.39,15.1,23.75
CEREBRAINT,3.74,2026-06-24,-1.32,-3.11,17.24,-4.35,-42.46,-40.45
UMESLTD,5.65,2026-06-24,2.17,-0.88,17.22,-10.74,10.57,-2.42
NIBE,1699.5,2026-06-24,-7.4,3.55,17.17,86.92,49.42,-1.19
BLUEJET,516.75,2026-06-24,-0.91,2.47,17.16,48.38,-4.04,-40.29
SKIPPER,538.95,2026-06-24,-1.68,-1.96,17.15,59.12,27.47,9.59
ANTELOPUS,814.75,2026-06-24,0.1,2.52,17.13,54.08,90.58,19.53
SAREGAMA,471.1,2026-06-24,-1.29,1.84,17.1,38.76,34.48,-5.41
XPROINDIA,1347.0,2026-06-24,-0.27,11.32,17.05,40.09,35.04,12.31
SHAKTIPUMP,591.1,2026-06-24,6.74,8.2,17.05,21.41,-20.31,-38.29
RSWM,201.33,2026-06-24,4.63,-2.66,17.04,56.45,33.85,17.91
KAMDHENU,28.92,2026-06-24,0.14,-5.61,16.99,46.95,22.8,-2.51
ESAFSFB,32.87,2026-06-24,-6.75,12.96,16.98,48.73,25.31,3.2
KSHINTL,833.15,2026-06-24,-3.4,-3.52,16.94,85.29,147.23,
RELIABLE,153.44,2026-06-24,0.16,-0.95,16.92,27.51,3.92,102.12
PVP,30.19,2026-06-24,1.79,-2.61,16.92,14.05,-14.28,29.96
UNICHEMLAB,433.55,2026-06-24,-3.19,-1.45,16.91,45.73,-3.34,-26.64
TRAVELFOOD,1321.3,2026-06-24,-2.52,0.55,16.87,17.06,9.22,
JINDWORLD,30.89,2026-06-24,-2.62,2.49,16.87,53.61,5.72,-44.89
E2E,418.2,2026-06-24,-6.46,11.85,16.87,93.53,101.12,63.12
VELJAN,1226.1,2026-06-24,-2.85,1.46,16.78,,,
BHAGCHEM,285.87,2026-06-24,-0.9,9.92,16.75,58.28,26.06,-2.56
CPCAP,109.58,2026-06-24,-0.18,9.49,16.69,31.23,-6.03,-31.75
DJML,113.17,2026-06-24,-3.18,-1.36,16.68,37.03,63.49,13.69
AARVI,149.73,2026-06-24,8.44,1.99,16.63,19.75,16.54,40.68
SIMPLEXINF,252.75,2026-06-24,-4.66,-1.79,16.61,66.11,-6.6,-7.18
MADHUSUDAN,192.65,2026-06-23,-5.96,35.67,16.58,41.55,44.63,29.3
HATHWAY,11.82,2026-06-24,-3.11,5.44,16.57,25.08,-5.82,-22.03
STERTOOLS,269.61,2026-06-24,10.08,12.55,16.55,58.69,-5.66,-23.9
CHOLAFIN,1792.9,2026-06-24,4.31,8.42,16.44,26.36,5.68,12.3
JYOTICNC,777.85,2026-06-24,6.48,12.9,16.44,4.42,-21.48,-30.06
DATAPATTNS,4620.1,2026-06-24,-5.06,4.4,16.38,42.69,72.89,57.91
MINDACORP,668.6,2026-06-24,1.43,0.91,16.35,28.31,13.95,31.33
IMAGICAA,49.93,2026-06-24,4.04,14.15,16.33,32.12,6.12,-25.63
CORONA,1948.6,2026-06-24,5.52,13.14,16.3,24.58,45.38,
ANLON,680.05,2026-06-23,-2.85,-2.71,16.29,94.86,65.87,83.57
TVSSRICHAK,4149.2,2026-06-24,-2.39,2.27,16.28,20.13,2.87,41.66
CHEMBONDCH,222.94,2026-06-24,3.96,29.96,16.19,88.21,39.13,
KKCL,506.25,2026-06-24,1.78,9.74,16.18,17.2,5.41,2.7
ZOTA,1384.6,2026-06-24,1.11,11.06,16.1,32.23,-11.04,44.67
GINNIFILA,52.17,2026-06-24,21.75,19.66,16.09,44.4,27.74,11.59
CBAZAAR,4.7,2026-06-23,4.44,13.25,16.05,-5.05,13.25,-18.97
ORIENTLTD,70.51,2026-06-24,-0.96,16.22,16.05,21.01,-11.33,-22.29
AHCL,16.13,2026-06-24,1.13,5.84,15.96,43.61,15.39,
PRAXIS,8.44,2026-06-24,-0.59,12.83,15.93,40.9,-7.35,-29.84
EQUITASBNK,77.05,2026-06-24,0.63,-1.8,15.9,37.59,24.88,15.29
COMMITTED,318.7,2026-06-23,3.14,23.96,15.89,24.1,54.67,48.54
STARTECK,289.35,2026-06-24,2.68,9.62,15.87,17.17,0.26,-0.73
RELIGARE,278.36,2026-06-24,4.83,15.65,15.83,27.67,11.72,24.53
ARVIND,556.1,2026-06-24,9.35,11.51,15.77,57.22,77.16,60.49
MADHUCON,6.32,2026-06-24,0.0,12.26,15.75,63.73,0.32,-15.85
ITCHOTELS,178.56,2026-06-24,1.12,12.29,15.73,23.72,-8.0,-17.24
STCINDIA,133.74,2026-06-24,1.38,7.54,15.68,28.3,9.7,-8.56
ZENTEC,1842.8,2026-06-24,-6.08,3.0,15.67,35.09,32.42,-4.68
PNBGILTS,91.73,2026-06-24,-1.25,0.7,15.6,41.78,11.8,-4.81
BHARATCOAL,41.78,2026-06-24,0.7,11.0,15.57,32.85,,
GPTINFRA,133.56,2026-06-24,-1.48,15.54,15.55,29.99,20.26,7.33
RUPA,168.9,2026-06-24,4.36,10.1,15.47,39.79,4.08,-17.44
SHBAJRG,191.2,2026-06-24,-2.66,-3.65,15.45,,,
RAJRILTD,22.88,2026-06-24,4.0,12.65,15.44,14.4,-0.31,-14.24
CALSOFT,24.03,2026-06-24,-9.63,14.76,15.42,84.56,58.72,69.11
GLOSTERLTD,733.65,2026-06-24,3.13,7.76,15.39,45.13,12.48,6.13
RAYMONDREL,643.1,2026-06-24,-2.73,3.94,15.36,74.85,31.29,
RELCHEMQ,140.78,2026-06-24,2.14,1.46,15.35,27.15,2.0,-22.54
NITCO,111.04,2026-06-24,-2.58,15.86,15.34,34.74,19.71,-17.81
JAMNAAUTO,132.43,2026-06-24,-1.09,5.98,15.34,12.42,5.05,49.73
THACKER,1160.1,2026-06-24,-2.36,-3.56,15.32,,,
GEMAROMA,181.15,2026-06-24,0.47,-3.46,15.31,17.23,8.86,
PPAP,240.39,2026-06-24,-4.07,-1.11,15.24,25.71,12.53,2.13
CNL,738.95,2026-06-24,-0.98,1.93,15.24,29.79,-1.57,7.11
ANUP,2278.7,2026-06-24,-2.5,16.19,15.23,38.09,2.93,-11.32
NEOGEN,1944.0,2026-06-24,1.52,-5.83,15.23,57.09,77.19,21.87
IVC,8.43,2026-06-24,-1.06,-1.06,15.16,29.29,0.0,4.14
KSHITIJPOL,4.57,2026-06-24,-9.68,-29.69,15.11,103.11,63.8,36.01
APOLSINHOT,1301.5,2026-06-24,-3.06,1.74,15.09,28.3,5.21,3.54
RML,1061.8,2026-06-24,-6.35,14.33,15.08,52.7,34.69,14.27
SFL,734.75,2026-06-24,-0.94,3.54,15.07,45.77,24.21,-0.87
SGIL,581.85,2026-06-24,-0.84,3.31,15.04,15.83,9.54,8.25
KSB,942.8,2026-06-24,-0.53,10.23,15.02,18.55,22.81,17.62
INDOFARM,147.23,2026-06-24,-4.65,10.5,14.98,23.57,-22.79,-15.04
IDFCFIRSTB,79.2,2026-06-24,-1.85,1.11,14.98,27.56,-5.98,10.33
KDDL,3224.4,2026-06-24,1.9,12.69,14.97,50.74,34.05,16.95
STYL,305.55,2026-06-24,-0.23,6.48,14.91,38.1,11.37,
NRBBEARING,429.6,2026-06-24,0.23,-0.1,14.9,86.97,54.44,54.96
KPL,2455.4,2026-06-24,1.34,1.97,14.88,,,
RELINFRA,77.48,2026-06-23,0.0,-4.99,14.87,5.29,-55.27,-79.46
GVPTECH,7.19,2026-06-24,-1.24,11.13,14.86,16.91,-23.27,-26.61
NBCC,108.88,2026-06-24,-1.0,1.42,14.83,33.02,-6.15,-9.47
LAMBODHARA,116.69,2026-06-24,-0.21,10.37,14.8,28.78,-4.2,-13.34
NCLIND,193.36,2026-06-24,0.5,3.61,14.8,20.84,-1.4,-12.66
BFUTILITIE,633.45,2026-06-24,-2.41,3.21,14.78,54.16,-10.53,-17.48
EUROTEXIND,18.8,2026-06-24,0.91,1.57,14.77,41.67,38.34,17.65
CAMLINFINE,138.43,2026-06-24,-1.93,-0.15,14.74,21.61,-9.26,-55.31
SENORES,1274.7,2026-06-24,-1.51,-0.66,14.74,74.04,56.14,140.12
VETO,127.94,2026-06-24,-4.02,-11.06,14.71,40.66,10.15,3.67
AFIL,10.53,2026-06-24,-1.13,5.41,14.71,30.65,56.0,39.84
LYKALABS,70.43,2026-06-24,3.16,-1.94,14.69,44.86,-6.17,-37.98
KIRANVYPAR,197.93,2026-06-24,0.17,3.04,14.61,,,
KRBL,393.95,2026-06-24,0.51,5.18,14.59,32.93,-1.67,11.58
CREDITACC,1460.3,2026-06-24,3.51,6.2,14.57,26.94,12.06,25.68
CGCL,218.39,2026-06-24,1.06,1.97,14.55,28.87,22.64,23.85
TPLPLASTEH,72.74,2026-06-24,0.93,8.42,14.53,26.13,9.47,-7.15
IRISDOREME,40.94,2026-06-24,4.41,7.68,14.52,42.05,10.89,-35.14
VOLTAMP,10460.5,2026-06-24,-0.46,5.73,14.52,23.9,32.62,22.71
NIACL,188.51,2026-06-24,-11.13,17.55,14.5,51.15,25.26,2.05
FINEORG,5270.6,2026-06-24,1.29,7.04,14.48,26.55,26.01,10.73
AGSTRA,2.69,2026-06-23,0.0,-4.95,14.47,-1.1,-35.65,-37.44
ADOR,1226.6,2026-06-24,-1.69,4.14,14.41,31.71,19.11,23.94
ZODIACLOTH,88.24,2026-06-24,11.99,18.83,14.39,39.33,0.74,-17.51
HIMATSEIDE,88.09,2026-06-24,3.49,13.4,14.36,15.69,-23.34,-40.79
MANORAMA,1585.4,2026-06-24,2.46,3.51,14.35,25.34,19.46,15.28
APTECHT,105.54,2026-06-24,-2.62,-9.93,14.3,43.8,14.87,-28.58
GREENPLY,295.95,2026-06-24,0.17,0.73,14.29,52.44,13.98,-6.14
CREST,398.7,2026-06-24,-1.42,4.13,14.26,26.05,-0.44,0.4
EVEREADY,365.95,2026-06-24,0.1,4.83,14.22,29.61,11.11,14.93
BASML,27.6,2026-06-24,5.1,12.56,14.19,42.34,2.95,-18.51
PWL,125.13,2026-06-24,-0.82,15.31,14.15,42.65,-5.53,
PNC,21.51,2026-06-24,-5.16,-0.74,14.05,14.29,-21.5,-18.8
YESBANK,24.94,2026-06-24,-0.08,4.88,14.04,38.02,14.98,24.89
SHIVAUM,378.05,2026-06-24,2.18,3.58,14.03,5.01,23.63,30.81
KAJARIACER,1207.7,2026-06-24,3.59,9.18,14.02,33.8,23.96,10.34
MOHITIND,26.23,2026-06-24,11.43,15.55,13.99,28.64,-8.06,-8.35
MAYURUNIQ,803.55,2026-06-24,-0.27,0.81,13.99,55.7,63.76,46.71
CHEMCON,203.14,2026-06-24,3.54,4.3,13.96,49.55,4.19,9.04
RIIL,852.65,2026-06-24,-1.69,7.28,13.96,28.41,5.08,-10.21
SREEL,213.56,2026-06-24,-2.04,8.01,13.96,17.28,-1.67,-10.64
BALAMINES,2076.6,2026-06-24,-2.21,-1.49,13.94,98.57,84.47,40.23
J&KBANK,159.55,2026-06-24,-1.72,-0.23,13.94,41.07,60.67,52.8
SHYAMCENT,5.56,2026-06-24,5.7,11.87,13.93,36.27,-11.18,-23.52
CENTUM,3630.9,2026-06-24,-1.96,0.12,13.91,28.23,51.4,57.32
SATIN,239.31,2026-06-24,1.35,3.1,13.91,67.87,69.2,51.5
GSMFOILS,228.15,2026-06-23,2.29,11.4,13.88,18.12,11.84,50.25
EDELWEISS,125.37,2026-06-24,-3.77,9.47,13.86,20.83,14.66,16.6
QPOWER,1279.8,2026-06-24,-2.13,-0.18,13.85,52.32,75.82,103.51
WEWORK,643.25,2026-06-24,3.78,1.13,13.83,44.5,9.42,
MENONBE,169.32,2026-06-24,-2.02,0.83,13.81,50.99,57.79,37.74
SHREEPUSHK,394.6,2026-06-24,-0.47,2.32,13.8,36.3,1.88,27.53
DCMSIL,70.2,2026-06-24,4.02,6.53,13.79,-11.92,,
ACE,1003.35,2026-06-24,-0.83,8.01,13.77,25.62,4.44,-16.47
UTLSOLAR,307.5,2026-06-24,-3.24,-0.6,13.76,59.24,43.92,
TIL,218.0,2026-06-24,-6.02,19.81,13.73,28.74,-20.31,-42.31
MOLDTECH,138.0,2026-06-24,2.66,9.32,13.72,19.27,-12.29,-7.94
SPORTKING,185.92,2026-06-24,4.12,1.32,13.71,59.42,106.44,71.96
TMB,763.45,2026-06-24,-0.64,-1.39,13.67,29.59,51.49,80.05
SHADOWFAX,228.71,2026-06-24,3.88,2.18,13.63,101.36,,
NITINSPIN,567.3,2026-06-24,1.68,3.54,13.57,58.64,77.73,51.96
SUBROS,824.25,2026-06-24,-3.71,10.83,13.54,22.9,-5.39,-11.12
TRENT,3247.0,2026-06-24,2.09,11.92,13.53,44.93,-24.19,-46.32
IIFL,525.15,2026-06-24,-2.35,0.54,13.5,15.19,-12.14,10.49
APOLLOTYRE,421.8,2026-06-24,-1.48,1.8,13.45,4.23,-16.99,-3.85
MGL,1196.0,2026-06-24,-3.97,5.0,13.39,29.66,6.94,-13.27
STALLION,189.13,2026-06-24,-4.48,-2.01,13.39,73.02,-10.52,146.84
KAMATHOTEL,184.44,2026-06-24,5.32,8.14,13.38,14.91,-22.33,-22.17
RGL,114.91,2026-06-24,0.77,8.56,13.37,22.52,-8.22,-2.91
GENSOL,22.5,2026-06-23,0.0,-4.98,13.29,9.54,-17.91,-48.54
BATLIBOI,89.37,2026-06-24,9.23,12.78,13.28,,,
AVG,179.41,2026-06-24,-4.91,5.23,13.24,10.41,3.21,-37.17
FEDERALBNK,325.2,2026-06-24,0.56,2.55,13.23,23.89,24.24,56.38
TATATECH,748.6,2026-06-24,-0.47,-1.53,13.22,43.31,15.59,8.88
RSSOFTWARE,36.93,2026-06-24,-3.93,18.02,13.18,43.7,-30.23,-48.41
PANSARI,294.15,2026-06-24,-0.54,5.62,13.13,10.11,-2.6,28.84
RISHABH,585.05,2026-06-24,-0.02,5.36,13.07,54.31,48.85,107.5
BELRISE,244.61,2026-06-24,-1.17,2.67,13.06,26.31,41.53,150.27
ADANIENT,3069.7,2026-06-24,0.33,4.32,13.02,68.94,38.17,22.57
YUKEN,749.4,2026-06-24,3.89,7.88,13.01,19.59,-11.3,-34.45
SMARTLINK,178.03,2026-06-24,0.68,8.29,13.0,54.67,33.75,16.38
HILTON,24.56,2026-06-24,-0.93,25.56,12.97,70.79,-36.67,-64.2
CCAVENUE,15.63,2026-06-24,4.2,13.34,12.93,15.18,-5.1,-14.3
HSCL,663.0,2026-06-24,1.21,-0.88,12.92,48.97,37.48,50.87
PINELABS,161.27,2026-06-24,5.46,5.0,12.9,-2.95,-31.32,
RAYMONDLSL,804.5,2026-06-24,-1.84,-0.32,12.9,8.83,-20.77,-23.82
KOVAI,6088.5,2026-06-24,4.21,5.44,12.89,136.3,136.3,136.3
LMW,16008.0,2026-06-24,-4.07,1.14,12.89,22.78,7.64,0.82
GNA,419.7,2026-06-24,0.27,12.47,12.84,13.68,33.41,31.09
OPTIEMUS,472.7,2026-06-24,6.95,10.66,12.84,43.83,-5.54,-27.44
SAATVIKGL,487.65,2026-06-24,4.43,3.8,12.8,32.5,27.36,
LLOYDSENT,76.51,2026-06-24,-1.52,10.24,12.78,78.64,13.06,-0.85
PRUDENT,2986.3,2026-06-24,-3.02,-0.58,12.78,33.91,15.15,11.57
RBLBANK,377.05,2026-06-24,-0.38,1.18,12.77,27.12,23.24,59.8
GMRAIRPORT,108.07,2026-06-24,-0.1,1.32,12.75,21.4,4.84,29.89
SHILCTECH,4589.4,2026-06-24,-0.16,10.74,12.69,21.8,14.04,
BIOFILCHEM,35.8,2026-06-24,1.33,-0.2,12.68,24.96,6.8,-22.09
TCPLPACK,2915.4,2026-06-24,-2.4,15.85,12.66,27.49,-4.04,-22.31
WELENT,569.05,2026-06-24,-1.55,1.55,12.65,28.09,10.22,14.3
INDOAMIN,140.4,2026-06-24,-2.02,6.91,12.61,59.84,7.02,-5.67
ORTINGLOBE,17.26,2026-06-24,3.91,0.99,12.59,16.7,20.28,48.79
UTKARSHBNK,14.87,2026-06-24,0.88,10.39,12.57,31.71,-1.91,-37.18
BOROSCI,156.33,2026-06-24,1.24,1.92,12.57,50.99,31.88,-4.17
KREBSBIO,66.26,2026-06-24,2.63,-0.21,12.55,40.17,-4.7,-24.59
RANEHOLDIN,1573.7,2026-06-24,-4.74,7.22,12.54,49.49,20.3,4.52
PGHL,6248.0,2026-06-24,-0.9,0.35,12.52,28.99,14.09,9.58
SIS,441.5,2026-06-24,1.96,3.21,12.47,57.09,35.49,21.87
PASUPTAC,65.19,2026-06-24,-2.0,-5.36,12.45,50.31,20.1,30.98
DENTA,315.9,2026-06-24,-2.77,23.23,12.44,32.04,-4.66,10.4
NGLFINE,3073.6,2026-06-24,-2.41,-1.15,12.35,42.75,129.89,203.28
MAHABANK,88.53,2026-06-24,-1.05,-0.66,12.29,40.7,59.35,67.36
AMBIKCO,1770.5,2026-06-24,5.35,8.22,12.29,45.84,39.61,19.98
BLACKBUCK,561.5,2026-06-24,-1.77,2.53,12.26,-4.81,-16.28,28.02
DLINKINDIA,517.6,2026-06-24,-0.44,1.67,12.23,31.44,23.31,1.78
SOUTHBANK,45.7,2026-06-24,-2.1,-2.6,12.23,31.55,19.88,55.02
DIAMONDYD,1099.2,2026-06-24,-0.66,-1.51,12.15,24.44,-6.37,9.79
EIMCOELECO,1795.4,2026-06-24,1.33,11.86,12.11,17.3,18.91,-25.06
SUNTECK,323.1,2026-06-24,-0.11,8.33,12.11,8.39,-21.97,-26.6
KMEW,2317.4,2026-06-24,-0.84,17.47,12.09,50.09,27.47,172.27
MMTC,72.08,2026-06-24,-4.12,2.69,12.08,27.1,25.29,4.1
GRPLTD,1935.6,2026-06-24,2.5,14.59,12.07,7.83,14.32,-27.13
INDHOTEL,725.5,2026-06-24,-0.58,5.64,12.07,20.64,-1.54,-4.35
ATHERENERG,990.1,2026-06-24,3.07,-3.63,12.03,30.79,37.18,209.36
MUKKA,25.1,2026-06-24,0.56,3.98,12.0,21.96,4.19,-15.83
BANKA,91.83,2026-06-24,3.18,2.03,11.99,97.27,41.52,27.28
AJMERA,134.32,2026-06-24,-3.45,0.39,11.98,28.63,-28.89,-27.35
KAPSTON,369.4,2026-06-24,7.07,7.23,11.97,31.23,24.31,52.59
ADANIGREEN,1525.4,2026-06-24,-1.58,2.89,11.97,81.69,50.29,54.5
CONCORDBIO,1291.0,2026-06-24,-3.48,-6.46,11.94,24.43,-4.21,-27.03
BOSCHLTD,40365.0,2026-06-24,0.16,3.31,11.92,34.19,11.52,29.88
NEPHROPLUS,679.75,2026-06-24,-6.17,-4.72,11.89,29.38,42.98,
BHARATFORG,2122.8,2026-06-24,0.9,5.06,11.86,24.23,46.52,64.83
HDBFS,729.8,2026-06-24,0.95,5.29,11.86,20.88,-2.88,
OCCLLTD,129.9,2026-06-24,-0.28,-4.1,11.85,46.63,27.34,10.39
PACEDIGITK,212.77,2026-06-24,15.76,13.54,11.83,36.95,9.28,
GATEWAY,61.84,2026-06-24,-1.2,3.07,11.81,20.62,1.74,1.78
BLUESTONE,530.45,2026-06-24,1.83,0.56,11.79,2.4,5.76,
HEALTHX,323.05,2026-06-24,2.39,7.77,11.76,14.54,6.93,10.09
JITFINFRA,318.0,2026-06-24,10.23,5.98,11.76,8.81,14.06,-15.95
AEGISVOPAK,231.65,2026-06-24,-5.94,-0.02,11.71,30.38,-6.29,-8.17
BLACKROSE,112.27,2026-06-24,0.12,19.35,11.7,,,
THEJO,1819.8,2026-06-24,0.18,12.83,11.69,16.64,4.01,2.08
NIITMTS,235.17,2026-06-24,-0.83,10.01,11.67,-18.95,-45.63,-29.61
CYIENTDLM,467.0,2026-06-24,-3.27,-0.33,11.64,64.38,9.66,0.64
SBCL,756.75,2026-06-24,1.77,4.27,11.62,101.67,75.54,55.05
MOTOGENFIN,30.16,2026-06-24,0.33,3.64,11.62,52.48,30.06,15.16
SANGAMIND,551.3,2026-06-24,2.67,4.09,11.62,30.57,22.72,25.04
SSWL,233.57,2026-06-24,1.73,-0.54,11.61,28.58,21.04,-11.52
BIMETAL,630.25,2026-06-24,-0.82,-1.77,11.59,,,
JBMA,704.5,2026-06-24,-3.24,3.1,11.51,23.12,10.09,9.74
BAJEL,201.37,2026-06-24,-3.0,0.94,11.48,29.01,14.54,-9.5
RUSHIL,17.68,2026-06-24,2.43,-1.17,11.48,21.35,-23.26,-38.78
TASTYBITE,8435.5,2026-06-24,1.3,3.34,11.45,18.04,6.6,-21.55
JSWDULUX,3228.3,2026-06-24,-1.31,-0.44,11.44,13.18,2.94,5.21
SWANDEF,2143.1,2026-06-24,1.92,7.25,11.43,15.43,62.1,985.33
JTLIND,78.33,2026-06-24,-3.49,2.41,11.41,58.37,31.36,3.98
SEIL,220.59,2026-06-24,0.97,6.82,11.38,,,
VIDYAWIRES,98.87,2026-06-24,-9.74,5.71,11.35,85.05,90.91,
INNOVACAP,944.05,2026-06-24,0.97,-0.41,11.29,36.62,32.44,10.3
BLUECHIP,2.37,2026-06-23,0.0,-1.66,11.27,-5.58,-24.76,-54.6
MAWANASUG,113.74,2026-06-24,-0.75,4.49,11.27,42.16,36.05,13.54
APOLLO,395.0,2026-06-24,-7.0,-6.32,11.25,97.77,50.19,93.63
STLNETWORK,27.81,2026-06-24,-2.9,-1.52,11.24,53.56,24.76,
TRIVENI,418.95,2026-06-24,-0.19,5.17,11.23,13.14,5.11,9.44
PIGL,113.92,2026-06-24,-2.27,6.58,11.21,13.07,-10.02,-18.56
SHREEKARNI,462.2,2026-06-23,-2.77,6.08,11.11,39.22,-4.5,-19.05
SHREEOSFM,65.0,2026-06-23,-0.23,10.17,11.11,-8.0,-15.03,-42.98
KIRLFER,483.85,2026-06-24,-2.85,11.37,11.09,7.0,7.0,7.0
CERA,6340.5,2026-06-24,-4.82,1.3,11.08,34.88,20.77,-5.67
CARYSIL,1198.5,2026-06-24,0.63,2.16,11.08,50.94,32.96,35.43
PRESTIGE,1541.1,2026-06-24,1.89,4.66,10.99,28.26,-4.75,-10.74
IVALUE,271.42,2026-06-24,-2.47,9.89,10.99,23.45,-2.31,
CHENNPETRO,1128.0,2026-06-24,1.03,-6.82,10.96,13.93,34.03,67.01
PARKHOSPS,287.6,2026-06-24,-0.57,5.54,10.96,40.05,93.85,
JUBLCPL,2024.4,2026-06-24,7.57,8.3,10.93,27.35,-14.89,18.37
ONDOOR,195.2,2026-06-23,-0.2,6.78,10.91,47.32,62.67,27.96
QUINT,44.36,2026-06-24,1.35,3.16,10.9,,,
HAPPYFORGE,1528.8,2026-06-24,-1.67,12.91,10.9,27.08,40.15,58.15
DCMFINSERV,5.6,2026-06-24,2.94,1.63,10.89,-6.98,6.26,-14.11
URBANCO,133.09,2026-06-24,-2.84,3.46,10.88,16.54,4.84,
GABRIEL,1241.5,2026-06-24,-0.03,8.3,10.85,44.36,18.48,106.7
GICHSGFIN,166.76,2026-06-24,0.47,5.16,10.84,19.76,-7.21,-10.07
INOXGREEN,199.88,2026-06-24,-2.55,2.38,10.83,43.94,-5.0,31.42
FIVESTAR,493.8,2026-06-24,-1.92,5.78,10.82,35.45,-11.57,-33.66
RAMAPHO,134.88,2026-06-24,-0.03,7.02,10.76,14.68,-17.79,10.62
ACUTAAS,3268.6,2026-06-24,0.58,5.55,10.75,34.22,97.7,199.3
CEIGALL,380.25,2026-06-24,1.22,0.82,10.68,43.38,51.21,53.64
MENNPIS,65.9,2026-06-24,0.8,16.29,10.66,,,
TEXINFRA,108.48,2026-06-24,-0.89,7.24,10.63,17.68,7.75,7.55
CDSL,1331.7,2026-06-24,-2.92,5.21,10.6,12.33,-11.15,-23.22
ONMOBILE,55.99,2026-06-24,7.51,11.96,10.59,21.64,-5.66,4.65
NYKAA,306.5,2026-06-24,0.71,12.35,10.55,27.68,18.82,54.52
5PAISA,351.0,2026-06-24,3.91,10.8,10.52,28.2,3.02,-12.76
BIL,792.05,2026-06-24,8.96,11.87,10.51,15.11,5.22,16.28
ABCAPITAL,394.8,2026-06-24,0.73,7.22,10.5,30.56,13.64,45.58
COHANCE,462.35,2026-06-24,14.09,8.28,10.46,56.04,-13.77,-53.08
CLSEL,294.5,2026-06-24,-0.12,1.69,10.42,30.4,12.64,-14.24
HITECH,94.04,2026-06-24,-0.57,4.86,10.39,21.8,4.67,-6.87
MANAKSTEEL,72.44,2026-06-24,-0.96,5.77,10.36,50.26,-5.86,19.62
IFGLEXPOR,187.1,2026-06-24,-2.54,-3.38,10.35,34.56,-9.43,-25.81
SANATHAN,448.45,2026-06-24,-0.57,10.41,10.35,21.22,3.51,0.12
CMPDI,258.41,2026-06-24,2.13,7.05,10.35,,,
SAKUMA,1.92,2026-06-24,0.52,-0.52,10.34,41.18,-12.33,-37.25
KPIL,1398.2,2026-06-24,-2.88,7.23,10.31,32.93,16.49,18.42
IOLCP,130.96,2026-06-24,0.16,-1.92,10.3,69.7,60.0,43.61
SANSERA,3147.1,2026-06-24,5.2,7.04,10.28,48.74,85.16,135.41
VIYASH,271.25,2026-06-24,0.02,8.52,10.24,43.69,26.84,48.05
ATGL,719.4,2026-06-24,-1.91,-0.09,10.24,37.89,27.33,13.9
FINCABLES,1136.6,2026-06-24,-4.53,8.86,10.22,39.42,46.96,23.02
HONAUT,39015.0,2026-06-24,1.72,8.66,10.2,41.15,17.41,1.54
PROLIFE,68.8,2026-06-23,0.0,9.55,10.17,17.81,-16.1,-52.71
KRISHANA,733.95,2026-06-24,8.17,8.56,10.17,53.26,37.67,41.15
GNFC,558.0,2026-06-24,-4.04,9.42,10.15,42.67,14.11,7.28
BEWLTD,67.35,2026-06-23,-5.14,-3.79,10.14,-15.18,-44.75,-60.28
BBTCL,211.07,2026-06-24,-0.64,-3.75,10.14,26.5,9.91,31.55
TVSSCS,133.85,2026-06-24,-2.92,-0.56,10.1,37.3,23.33,2.31
MOTILALOFS,935.15,2026-06-24,-1.44,-0.46,10.09,43.97,5.49,9.57
HECPROJECT,137.13,2026-06-24,-1.66,12.74,10.07,32.44,11.28,-21.79
INTERARCH,1926.4,2026-06-24,1.72,5.06,10.06,12.54,-18.2,-9.31
WELCORP,1406.0,2026-06-24,0.11,1.91,10.06,75.27,73.4,54.88
GALAXYSURF,2004.7,2026-06-24,2.46,14.14,10.04,28.42,-3.2,-23.36
USK,23.67,2026-06-24,0.08,-4.25,10.04,7.54,-2.15,-38.12
AURIONPRO,901.15,2026-06-24,1.24,5.7,10.03,13.52,-20.01,-29.3
FDC,410.65,2026-06-24,1.77,6.72,10.02,24.01,1.65,-12.92
WEALTH,1008.65,2026-06-24,2.69,2.73,10.0,16.24,7.7,-20.49
BGLOBAL,3.3,2026-06-23,0.0,4.43,10.0,13.01,-6.78,7.14
CARBORUNIV,1162.5,2026-06-24,-4.04,9.06,10.0,52.16,37.2,23.0
MOTOUR,79.57,2026-06-24,0.49,4.72,9.98,16.57,-6.92,-11.99
LCCINFOTEC,4.96,2026-06-24,-0.4,13.5,9.98,7.13,15.62,-6.59
MANAKALUCO,36.92,2026-06-24,-4.33,-10.76,9.98,56.77,47.5,48.84
HOMEFIRST,1163.5,2026-06-24,1.34,4.3,9.92,25.76,3.91,-12.81
GTLINFRA,1.44,2026-06-24,-4.64,-7.69,9.92,41.18,18.03,-15.79
OFSS,10468.5,2026-06-24,7.57,11.69,9.91,63.02,38.38,19.42
MEGASTAR,345.1,2026-06-24,-0.38,5.99,9.85,33.81,45.93,25.7
JISLDVREQS,24.64,2026-06-24,0.82,6.94,9.85,12.92,-12.84,-25.69
STARHEALTH,574.3,2026-06-24,-1.31,8.64,9.84,26.08,26.67,34.21
HNDFDS,563.85,2026-06-24,2.48,1.1,9.84,13.38,10.62,7.3
ATLANTAELE,1832.6,2026-06-24,-5.1,0.24,9.82,51.48,94.84,
VIKRAN,71.15,2026-06-24,-2.45,2.01,9.8,22.06,-26.19,
SILKFLEX,224.0,2026-06-23,4.45,0.11,9.8,100.0,162.3,130.45
LTF,296.55,2026-06-24,2.72,1.13,9.77,17.58,-1.2,49.76
CUB,204.6,2026-06-24,3.36,2.63,9.76,15.81,-7.85,42.27
PTCIL,17432.0,2026-06-24,-2.68,-6.56,9.76,5.12,-4.71,18.2
TRIDENT,26.78,2026-06-24,2.49,8.82,9.75,7.58,1.17,-9.34
VARROC,616.75,2026-06-24,-1.23,5.79,9.75,26.07,-0.03,13.37
POWERMECH,2792.9,2026-06-24,-3.54,-2.08,9.75,48.64,18.45,-7.94
UMIYA-MRO,91.94,2026-06-24,4.42,5.7,9.74,22.31,4.0,26.83
GENUSPOWER,348.95,2026-06-24,8.0,8.81,9.72,48.39,14.52,-4.04
PRIMO,24.05,2026-06-24,-5.09,-1.92,9.72,41.39,0.97,-7.46
ERIS,1466.4,2026-06-24,2.07,5.92,9.71,15.05,-4.58,-8.09
TARIL,340.65,2026-06-24,-3.09,7.36,9.67,21.73,15.03,-30.16
AKCAPIT,1781.2,2026-06-24,-0.76,2.03,9.67,,,
RAYMOND,606.25,2026-06-24,0.97,2.42,9.66,72.79,41.07,1.13
ITDC,603.2,2026-06-24,-3.26,0.86,9.66,49.25,6.07,3.61
WENDT,7653.0,2026-06-24,-1.52,-3.84,9.65,16.3,-4.24,-8.07
JKTYRE,402.95,2026-06-24,-1.84,2.92,9.62,1.23,-20.77,17.58
GANESHHOU,757.15,2026-06-24,-2.79,-0.97,9.61,31.8,-5.94,-21.34
CCL,1167.1,2026-06-24,1.6,2.97,9.6,7.98,22.57,38.42
PARAGON,50.85,2026-06-23,-0.59,11.03,9.59,18.26,24.18,-21.77
UCOBANK,27.11,2026-06-24,-1.67,3.55,9.58,14.94,-4.26,-7.26
GLOBALE,13.15,2026-06-24,5.88,7.26,9.58,28.42,7.88,-15.65
HAWKINCOOK,7890.0,2026-06-24,-0.03,1.2,9.58,,,
KICL,5396.5,2026-06-24,0.09,3.82,9.56,26.66,8.76,7.39
PIRAMALFIN,2134.8,2026-06-24,2.36,6.24,9.56,19.09,31.79,
ADFFOODS,310.3,2026-06-24,-1.1,9.88,9.55,89.45,49.16,10.25
TREL,27.09,2026-06-24,3.99,4.88,9.54,8.88,-4.58,-17.86
MAITHANALL,1034.0,2026-06-24,-2.4,-2.72,9.54,16.79,7.08,-10.28
JAGSNPHARM,229.91,2026-06-24,3.23,7.89,9.52,26.73,14.9,7.07
GRINDWELL,2128.4,2026-06-24,0.86,5.2,9.52,53.66,34.99,30.35
JMA,91.59,2026-06-24,-0.96,-3.24,9.52,13.09,18.5,1.22
KEC,531.15,2026-06-24,-2.58,3.59,9.5,-2.63,-28.36,-39.86
SHOPERSTOP,361.35,2026-06-24,1.22,-2.42,9.45,22.8,-12.69,-26.61
MHRIL,239.53,2026-06-24,-1.32,2.89,9.44,-2.61,-22.69,-28.49
SEMAC,336.2,2026-06-24,4.49,-1.45,9.4,31.48,8.45,-17.01
BGRENERGY,323.25,2026-06-24,-4.88,-3.75,9.39,22.42,3.04,215.8
ADANIENSOL,1495.9,2026-06-24,-2.83,0.27,9.36,54.65,50.11,75.61
WINDLAS,863.8,2026-06-24,0.75,5.44,9.35,13.18,7.19,-2.71
PAUSHAKLTD,497.8,2026-06-24,-1.06,7.25,9.33,27.97,-16.3,
MIRZAINT,33.2,2026-06-24,-0.12,9.1,9.28,17.98,-12.33,7.44
GANDHAR,179.44,2026-06-24,2.06,13.23,9.21,40.36,22.22,5.19
OMNI,489.85,2026-06-24,-1.87,0.76,9.2,107.62,,
JAGRAN,65.63,2026-06-24,0.66,2.87,9.19,24.78,5.8,5.66
ZUARI,234.43,2026-06-24,-2.84,7.42,9.17,21.88,-25.07,13.71
LOKESHMACH,286.5,2026-06-24,1.04,6.55,9.13,50.59,73.86,61.02
AUBANK,1067.2,2026-06-24,2.12,3.25,9.13,21.62,9.56,33.45
ZENITHDRUG,42.5,2026-06-23,-2.07,-0.47,9.11,6.25,-14.83,-36.66
SANSTAR,127.43,2026-06-24,2.54,8.31,9.11,57.81,42.57,43.07
VAIBHAVGBL,240.74,2026-06-24,-0.22,-0.61,9.1,22.58,1.28,5.62
KCP,176.02,2026-06-24,-0.69,5.32,9.09,33.37,-2.5,-11.9
NOCIL,183.34,2026-06-24,-3.92,12.11,9.07,12.51,17.76,0.63
PTL,42.51,2026-06-24,-1.55,3.48,9.03,14.49,9.87,8.63
UJJIVANSFB,57.22,2026-06-24,0.92,0.47,9.01,11.45,7.96,17.42
COROMANDEL,1983.4,2026-06-24,-0.22,-0.15,9.01,2.23,-17.03,-16.34
AGRITECH,116.1,2026-06-24,0.97,-3.3,9.01,8.48,-28.59,-26.09
SBIN,1034.6,2026-06-24,-0.59,1.35,9.0,2.18,8.7,32.42
AIMTRON,1229.85,2026-06-23,-0.69,-0.21,8.97,64.1,45.93,100.01
SJS,2157.7,2026-06-24,-1.26,-2.09,8.96,35.88,23.12,76.91
KNAGRI,211.43,2026-06-24,0.56,2.25,8.95,24.17,6.73,-3.5
ROSSELLIND,58.31,2026-06-24,2.44,6.95,8.93,31.95,14.22,-16.58
ASAHISONG,257.19,2026-06-24,-0.01,-1.55,8.92,29.81,-5.72,-38.93
SURYALAXMI,63.36,2026-06-24,6.9,6.29,8.92,24.07,8.29,-11.43
ASHOKA,134.41,2026-06-24,-0.83,1.45,8.89,21.57,-21.94,-35.14
BANKBARODA,279.9,2026-06-24,-2.15,1.39,8.87,6.82,-0.55,21.5
STUDDS,487.3,2026-06-24,-0.35,-3.43,8.85,2.0,-9.41,
SURYODAY,173.47,2026-06-24,-0.97,0.92,8.83,38.19,23.44,22.01
GUJTHEM,401.2,2026-06-24,-0.27,4.18,8.81,51.77,-8.36,20.34
GAIL,174.93,2026-06-24,-1.34,-0.27,8.81,27.06,5.49,-2.19
BANDHANBNK,211.76,2026-06-24,1.65,0.42,8.81,41.18,44.71,18.57
ELGIEQUIP,609.35,2026-06-24,-0.81,0.09,8.78,26.7,30.79,15.71
UNIONBANK,174.83,2026-06-24,-1.01,2.06,8.78,0.58,15.97,22.89
DREDGECORP,1157.9,2026-06-24,-4.31,5.29,8.75,34.8,17.21,65.15
PRIVISCL,3608.7,2026-06-24,-1.29,4.02,8.75,22.68,7.4,58.83
DEEPAKFERT,1602.7,2026-06-24,0.01,6.26,8.74,74.01,27.95,2.29
SCPL,480.35,2026-06-24,-2.27,-6.78,8.74,59.74,51.86,57.72
SPLPETRO,752.4,2026-06-24,-2.9,7.37,8.74,8.71,16.07,-12.94
PNCINFRA,234.09,2026-06-24,-0.99,13.49,8.72,34.6,-7.58,-22.26
SAKAR,827.9,2026-06-24,1.12,-1.93,8.71,62.16,94.89,127.76
ICICIBANK,1373.6,2026-06-24,1.57,3.46,8.65,9.78,1.01,-2.8
TMCV,411.4,2026-06-24,0.75,1.18,8.64,0.08,1.78,
SANDHAR,676.3,2026-06-24,-5.08,-4.36,8.64,47.84,21.93,26.57
RAMCOIND,304.15,2026-06-24,-0.73,3.51,8.64,19.98,-5.7,20.32
GREENLAM,257.5,2026-06-24,0.81,1.86,8.54,21.1,5.81,8.63
GARUDA,183.93,2026-06-24,7.52,8.19,8.53,21.14,-8.4,47.43
CLEDUCATE,50.0,2026-06-24,1.01,-8.68,8.53,6.54,-41.86,-43.83
UCL,169.0,2026-06-23,3.71,10.71,8.51,114.47,252.08,242.45
TEGA,1739.0,2026-06-24,-1.05,-2.4,8.48,8.63,-11.75,18.01
ASPINWALL,246.19,2026-06-24,-2.5,-5.05,8.47,21.58,6.64,-16.05
APCOTEXIND,533.15,2026-06-24,-1.77,2.89,8.46,54.11,42.55,39.63
EICHERMOT,7572.0,2026-06-24,-0.88,-0.69,8.46,10.2,3.55,36.26
SHREEJISPG,488.2,2026-06-24,-1.83,2.54,8.46,36.87,38.84,
AEQUS,230.43,2026-06-24,-2.71,13.27,8.45,86.73,65.03,
INDRAMEDCO,389.05,2026-06-24,-1.39,0.8,8.43,-1.16,-15.48,-1.5
PULZ,24.5,2026-06-23,3.16,-1.21,8.41,-1.8,-25.76,-48.96
EKC,124.64,2026-06-24,-1.23,10.93,8.4,21.95,7.91,-3.91
MONARCH,347.25,2026-06-24,-2.09,2.65,8.4,38.1,13.04,9.67
YATRA,109.85,2026-06-24,-2.71,2.67,8.4,8.31,-38.8,27.11
JOCIL,147.19,2026-06-24,-1.31,-3.82,8.4,41.54,2.86,-5.62
SOFTTECH,445.0,2026-06-24,2.71,10.85,8.38,73.22,36.46,19.51
AAREYDRUGS,90.75,2026-06-24,3.76,14.37,8.37,42.29,25.52,46.47
VARDMNPOLY,7.04,2026-06-24,0.0,0.86,8.31,-0.14,12.82,-42.67
IKS,1717.6,2026-06-24,1.63,2.53,8.3,27.48,-1.84,7.28
COMSYN,165.92,2026-06-24,-1.97,-2.88,8.3,8.01,12.86,25.06
SHRIRAMFIN,1019.0,2026-06-24,2.63,1.83,8.29,12.77,4.65,52.33
NEULANDLAB,18072.0,2026-06-24,4.92,5.96,8.26,50.22,19.79,47.66
INTLCONV,83.53,2026-06-24,-0.97,3.73,8.26,26.6,-10.27,-8.91
SONATSOFTW,290.0,2026-06-24,-2.32,11.39,8.25,27.3,-18.91,-24.7
DRONE,43.3,2026-06-23,-0.92,4.34,8.25,-5.87,-36.7,-61.32
LAURUSLABS,1454.2,2026-06-24,1.27,4.69,8.24,46.65,34.19,117.59
INTELLECT,755.35,2026-06-24,0.42,-0.42,8.22,17.46,-25.23,-29.39
HONASA,415.95,2026-06-24,0.02,2.16,8.22,44.28,51.14,33.72
BLSE,225.16,2026-06-24,-1.41,-3.88,8.22,39.17,5.23,15.75
PATELRMART,214.5,2026-06-24,-3.72,-2.16,8.2,30.86,3.65,
SAILIFE,1205.0,2026-06-24,0.26,-0.24,8.19,20.6,33.78,61.33
NAVINFLUOR,7698.5,2026-06-24,1.67,5.65,8.18,24.63,31.22,67.51
BANCOINDIA,664.9,2026-06-24,-0.68,-3.28,8.17,20.62,-3.53,19.16
AHLUCONT,872.15,2026-06-24,3.89,7.87,8.16,27.32,-10.52,-8.06
SPARC,226.86,2026-06-24,-4.69,-0.95,8.15,102.75,67.29,44.43
BELLACASA,256.8,2026-06-24,4.34,8.54,8.15,-0.56,-32.14,
VISAKAIND,78.17,2026-06-24,-1.29,3.56,8.13,38.28,12.75,-6.33
ARIHANTSUP,262.35,2026-06-24,-2.44,0.08,8.12,29.36,-16.44,-28.49
BAJFINANCE,990.95,2026-06-24,2.34,5.16,8.12,16.72,-2.05,8.12
BEPL,101.87,2026-06-24,-2.85,2.44,8.12,18.9,14.14,-5.07
SAGARDEEP,25.59,2026-06-24,0.47,1.47,8.11,13.23,-0.43,-20.31
BANSWRAS,137.71,2026-06-24,5.71,3.46,8.08,33.6,20.24,-2.14
TFCILTD,79.53,2026-06-24,6.88,4.42,8.07,22.37,22.79,72.32
JIWANRAM,6.05,2026-06-23,-1.63,8.04,8.04,39.08,0.83,-42.92
SABAR,6.05,2026-06-23,0.0,2.54,8.04,1.68,19.8,37.5
IXIGO,184.94,2026-06-24,-4.79,1.15,8.04,6.74,-29.99,11.83
SIYSIL,636.8,2026-06-24,0.99,0.68,8.03,32.67,-0.65,-4.23
NOVARTIND,1475.0,2026-06-24,-1.12,13.95,8.03,119.41,119.41,119.41
NEWGEN,472.6,2026-06-24,-2.06,0.45,8.0,9.15,-44.41,-57.54
PSUBANKADD,87.7,2026-06-24,-0.99,0.99,8.0,4.17,4.75,25.66
PSUBNKIETF,88.03,2026-06-24,-0.84,1.03,7.99,4.35,4.76,25.42
IGL,167.94,2026-06-24,-1.06,-0.99,7.99,12.04,-11.65,-16.46
COFORGE,1497.9,2026-06-24,0.94,6.8,7.99,34.93,-13.59,-19.0
POLYPLEX,1038.15,2026-06-24,8.95,13.62,7.98,25.05,27.25,-14.55
SCODATUBES,147.38,2026-06-24,-0.81,12.13,7.97,17.71,-7.89,-26.17
MANGLMCEM,910.2,2026-06-24,1.36,7.68,7.97,10.13,17.79,21.47
PNB,107.71,2026-06-24,-1.9,-0.23,7.97,3.34,-8.34,5.34
BBNPNBETF,58.45,2026-06-24,0.34,1.51,7.96,-2.32,-2.11,3.32
SBC,41.62,2026-06-24,-5.6,12.06,7.94,33.57,46.5,184.68
FOCUS,89.68,2026-06-24,-1.79,-2.47,7.93,37.74,19.33,-19.86
KFINTECH,882.45,2026-06-24,-2.46,4.12,7.93,-2.63,-19.14,-33.64
RECLTD,363.65,2026-06-24,-1.68,3.35,7.92,13.36,4.76,-3.84
HDFCPSUBK,87.49,2026-06-24,-1.21,0.47,7.91,3.86,4.3,24.88
MBAPL,572.5,2026-06-24,3.04,1.12,7.9,26.19,38.11,34.32
RAJRATAN,443.5,2026-06-24,-4.42,-2.71,7.87,24.53,-6.05,8.68
CRAFTSMAN,9384.5,2026-06-24,-1.44,0.51,7.84,37.14,33.0,79.01
TIGERLOGS,38.22,2026-06-24,3.61,8.24,7.84,43.9,2.25,
BRIGADE,543.55,2026-06-24,1.52,5.94,7.82,12.29,-17.6,-36.4
BANKBETA,60.24,2026-06-24,0.67,2.26,7.82,11.06,-1.16,
ZFCVINDIA,2660.0,2026-06-24,2.36,5.75,7.8,20.99,7.82,21.52
NCC,157.57,2026-06-24,-1.24,3.23,7.8,15.72,-2.45,-29.31
BANKPSU,87.18,2026-06-24,-1.44,0.83,7.8,3.72,4.52,25.15
DISAQ,12448.0,2026-06-24,-0.89,6.71,7.77,,,
BANKIETF,59.78,2026-06-24,0.67,2.12,7.77,10.93,-1.16,13.69
MONQ50,146.16,2026-06-24,1.11,1.31,7.76,50.66,47.98,97.41
BANKADD,59.6,2026-06-24,0.69,2.32,7.76,10.82,-1.19,4.23
SILLYMONKS,16.8,2026-06-24,-3.06,-5.62,7.76,7.97,-22.15,5.33
TNPETRO,97.19,2026-06-24,6.64,7.93,7.75,17.58,-7.55,-0.46
JINDALPHOT,1077.6,2026-06-24,-2.6,-2.3,7.75,-0.02,-28.18,7.76
SUZLON,57.91,2026-06-24,-2.36,4.21,7.74,41.11,8.65,-10.06
BASF,3758.9,2026-06-24,5.21,9.02,7.72,12.88,-3.86,-23.94
AXISBANK,1384.5,2026-06-24,1.91,1.18,7.71,16.08,12.9,13.47
GEOJITFSL,79.04,2026-06-24,0.29,3.33,7.71,40.27,1.44,-2.36
MCLOUD,27.98,2026-06-24,-2.78,4.95,7.7,32.29,7.04,-62.09
BANKBETF,59.13,2026-06-24,0.44,2.12,7.69,10.71,-1.17,4.01
SETFNIFBK,597.91,2026-06-24,0.63,2.13,7.69,10.91,-1.25,4.05
IL&FSENGG,30.14,2026-06-24,-2.36,2.38,7.68,27.6,11.88,-12.64
NPBET,292.65,2026-06-24,0.82,1.89,7.68,13.35,-0.56,1.2
ABSL10BANK,172.64,2026-06-24,0.59,2.45,7.66,9.54,,
LAOPALA,183.41,2026-06-24,1.09,2.4,7.65,1.26,-9.91,-25.33
AXISBNKETF,599.97,2026-06-24,0.51,2.16,7.64,10.85,-1.32,3.99
ABSLBANETF,59.61,2026-06-24,0.4,2.09,7.62,10.84,-1.32,4.1
BANKBEES,602.28,2026-06-24,0.55,2.14,7.62,10.91,-1.29,3.98
PSUBNKBEES,96.43,2026-06-24,-1.48,0.49,7.6,3.53,4.37,24.57
BANKETF,592.29,2026-06-24,0.46,2.02,7.59,10.67,-1.33,3.84
JGCHEM,422.45,2026-06-24,-4.55,-1.74,7.58,28.46,15.87,7.29
WCIL,105.0,2026-06-24,2.1,7.43,7.57,22.61,-15.11,-4.7
SAMPANN,28.46,2026-06-24,4.9,0.78,7.56,7.44,-15.35,2.71
ABCOTS,229.18,2026-06-24,-6.38,-6.96,7.56,-43.56,-44.66,-46.65
TALBROAUTO,386.15,2026-06-24,6.44,5.85,7.55,72.35,36.38,34.99
SINCLAIR,79.71,2026-06-24,0.92,5.2,7.53,8.05,-4.39,-7.93
HDFCNIFBAN,59.81,2026-06-24,0.4,2.05,7.53,10.6,-1.43,3.85
WINDMACHIN,309.35,2026-06-24,-2.47,-5.12,7.51,39.91,13.92,-10.84
PCBL,315.15,2026-06-24,1.04,3.98,7.49,35.17,3.09,-18.42
PVTBANIETF,28.59,2026-06-24,1.1,2.0,7.48,13.18,-0.28,1.53
KRONOX,147.11,2026-06-24,-2.17,3.51,7.47,42.38,4.43,-14.87
DELHIVERY,481.05,2026-06-24,-0.57,6.06,7.47,14.84,18.46,27.58
GEEKAYWIRE,26.04,2026-06-24,1.2,10.29,7.47,23.59,-18.8,-25.46
SANOFI,3399.2,2026-06-24,1.68,4.89,7.46,6.03,-15.99,-41.62
HDFCPVTBAN,28.85,2026-06-24,1.12,2.05,7.45,13.23,-0.38,1.48
BANKNIFTY1,60.32,2026-06-24,0.37,2.12,7.43,10.62,-90.13,-89.6
KRISHIVAL,404.4,2026-06-24,-0.07,-0.2,7.42,27.79,13.63,-0.64
ALIVUS,1116.1,2026-06-24,3.25,6.17,7.42,15.09,23.37,12.98
LICI,436.6,2026-06-24,-1.31,7.62,7.41,15.09,2.26,-6.44
CHEMBOND,184.53,2026-06-24,2.27,18.62,7.4,52.04,11.62,-17.21
BANK10ADD,17.29,2026-06-24,0.82,2.49,7.39,9.64,,
RATNAMANI,2753.6,2026-06-24,0.05,6.37,7.39,21.03,18.96,0.15
EMCURE,1840.1,2026-06-24,2.74,7.89,7.38,19.51,30.4,36.69
PILITA,8.59,2026-06-24,2.63,5.4,7.38,16.55,-17.96,-45.36
SBIETFPB,288.07,2026-06-24,0.84,1.89,7.36,12.86,-0.63,1.22
SUTLEJTEX,38.72,2026-06-24,3.67,3.01,7.35,38.43,19.07,-1.1
PSUBANK,863.33,2026-06-24,-1.53,0.36,7.34,3.36,3.91,24.4
KHFM,58.85,2026-06-23,1.38,-7.97,7.29,-0.93,-5.69,-28.23
HOLMARC,106.0,2026-06-23,4.28,2.42,7.29,43.92,4.02,-14.91
BOMDYEING,135.36,2026-06-24,-1.96,2.99,7.28,37.94,2.8,-8.42
PAR,92.67,2026-06-24,-2.11,-0.78,7.28,7.69,-13.77,-4.94
GROWWPSUBK,86.32,2026-06-24,-1.38,-0.12,7.27,,,
PARIN,718.0,2026-06-23,-0.24,-0.64,7.26,18.0,23.87,108.0
SBIBPB,50.02,2026-06-24,-1.71,0.22,7.25,3.33,3.43,23.78
HALDER,241.27,2026-06-24,-0.3,0.46,7.24,-1.72,,
SWARAJENG,3947.2,2026-06-24,-0.45,3.17,7.21,14.93,9.49,-1.26
GCSL,420.2,2026-06-24,-2.49,-2.61,7.21,23.01,14.5,
EBANKNIFTY,58.42,2026-06-24,0.5,1.6,7.19,10.5,-2.09,3.73
ZYDUSWELL,525.55,2026-06-24,-2.05,5.25,7.17,19.29,23.25,32.12
EMAMIPAP,85.56,2026-06-24,-1.42,0.9,7.15,32.82,-1.11,-8.67
VINNY,1.2,2026-06-24,1.69,8.11,7.14,12.15,-7.69,-13.04
CORDSCABLE,210.34,2026-06-24,-2.95,-5.21,7.13,50.53,12.63,5.44
NAM-INDIA,1157.4,2026-06-24,-2.61,1.52,7.13,36.53,31.6,51.37
GIPCL,160.91,2026-06-24,-1.87,-0.95,7.13,24.79,3.17,-16.34
SKYGOLD,503.4,2026-06-24,-0.65,-5.67,7.12,55.2,52.43,59.94
PREMIERENE,1053.4,2026-06-24,-0.88,0.77,7.12,18.53,18.89,3.29
PVTBANKADD,28.63,2026-06-24,0.7,1.89,7.11,12.67,-0.76,1.2
MAXIND,165.56,2026-06-24,-0.97,4.38,7.11,19.96,-11.25,-10.55
POONAWALLA,428.15,2026-06-24,0.81,7.17,7.1,12.24,-8.74,-3.58
GPTHEALTH,149.92,2026-06-24,-0.04,1.82,7.09,25.7,9.38,6.05
HALDYNGL,120.3,2026-06-24,-5.7,-0.78,7.09,,,
LFIC,147.99,2026-06-24,-1.1,-0.34,7.05,18.42,-17.54,-30.65
S&SPOWER,386.5,2026-06-24,1.4,2.83,7.02,16.59,41.73,5.41
GHCLTEXTIL,96.24,2026-06-24,1.44,6.94,7.02,33.31,32.75,6.52
PARADEEP,136.11,2026-06-24,-2.06,6.67,7.01,23.4,-14.99,-16.76
PENIND,161.6,2026-06-24,-2.08,1.45,7.0,13.4,-19.91,-30.98
MAHSCOOTER,12477.0,2026-06-24,-1.83,-0.38,6.99,3.93,-11.59,-10.23
BEEKAY,407.35,2026-06-24,-2.55,1.98,6.99,,,
VIJAYA,1312.6,2026-06-24,-0.96,2.29,6.97,47.68,27.4,39.9
PRINCEPIPE,292.4,2026-06-24,1.88,4.56,6.93,29.32,17.1,-13.87
PETRONET,287.85,2026-06-24,0.47,0.68,6.91,20.37,3.6,0.83
SUPRAJIT,467.9,2026-06-24,-1.74,-0.1,6.91,16.63,-1.32,7.12
IRIS,269.9,2026-06-24,-2.58,15.42,6.9,18.98,-11.57,5.02
AARNAV,24.86,2026-06-24,1.76,0.69,6.88,-0.16,,
TVTODAY,117.7,2026-06-24,8.83,10.38,6.87,18.82,-13.62,-28.87
MUFIN,129.7,2026-06-24,-1.65,5.1,6.85,29.66,12.27,82.14
EPL,230.75,2026-06-24,-1.69,1.71,6.83,20.03,8.03,1.59
PHOENIXLTD,1912.3,2026-06-24,2.2,3.54,6.81,27.19,3.18,19.58
THERMAX,4757.4,2026-06-24,-2.19,0.35,6.8,49.06,58.55,38.08
PIDILITIND,1579.0,2026-06-24,0.43,0.51,6.8,18.53,9.15,5.91
DBEIL,8.1,2026-06-24,-9.6,-2.04,6.8,20.02,-32.82,-41.6
BPCL,315.7,2026-06-24,2.3,1.64,6.8,11.85,-11.29,5.36
ACCENTMIC,466.05,2026-06-23,3.96,3.57,6.79,34.87,36.21,109.8
SJLOGISTIC,336.35,2026-06-23,-3.04,-0.78,6.79,31.49,-6.19,-28.01
GRAUWEIL,72.85,2026-06-24,-4.6,-5.5,6.76,-36.98,-36.98,-36.98
SECMARK,128.18,2026-06-24,0.93,4.02,6.76,22.94,13.06,-15.19
HCL-INSYS,12.48,2026-06-24,0.89,-0.24,6.76,15.77,-8.84,-26.72
MOBANK10,17.25,2026-06-24,0.7,2.5,6.75,,,
KALYANKJIL,376.2,2026-06-24,-1.29,-1.78,6.75,1.21,-22.78,-27.55
SUPREMEPWR,258.1,2026-06-23,0.86,6.79,6.74,64.55,29.67,22.76
ZEEMEDIA,8.39,2026-06-24,-3.23,-2.21,6.74,18.34,-11.68,-43.5
PARAGMILK,224.35,2026-06-24,-3.4,-3.51,6.73,13.85,-24.54,5.51
GOKUL,43.01,2026-06-24,-1.51,4.98,6.72,8.56,12.44,-4.8
KOHINOOR,26.07,2026-06-24,1.2,2.0,6.71,19.97,-7.85,-27.24
MCON,45.5,2026-06-23,-0.22,-13.09,6.68,12.76,-31.06,-56.67
VLSFINANCE,246.33,2026-06-24,-1.31,6.28,6.67,12.48,-17.66,1.78
BRIGHOTEL,64.81,2026-06-24,-2.32,1.42,6.63,13.48,-7.9,
SPLIL,31.78,2026-06-24,0.73,0.95,6.61,27.27,-7.72,-19.24
BECTORFOOD,189.53,2026-06-24,0.92,3.02,6.61,4.61,-17.69,-29.61
STEELCAS,307.2,2026-06-24,1.07,6.17,6.61,40.22,47.17,40.7
GANESHBE,105.79,2026-06-24,-2.73,0.34,6.6,32.32,28.23,7.84
SHYAMTEL,21.0,2026-06-24,5.21,34.19,6.6,152.1,66.8,28.99
METROPOLIS,553.2,2026-06-24,2.35,5.19,6.6,25.12,17.48,30.97
NATIONSTD,1299.0,2026-06-24,3.51,8.3,6.59,,,
ALOKINDS,13.11,2026-06-24,-0.76,3.31,6.59,3.8,-20.93,-32.7
AMBER,7843.5,2026-06-24,-0.8,2.93,6.58,21.57,17.77,16.53
LAHOTIOV,45.61,2026-06-24,-0.46,1.6,6.57,,,
KENNAMET,3088.6,2026-06-24,-1.59,3.57,6.56,26.42,26.42,26.42
SMALLADD,17.89,2026-06-24,-0.22,2.99,6.55,20.96,7.51,
JPOLYINVST,1082.8,2026-06-24,-2.36,-0.17,6.54,-2.67,2.58,18.46
ITI,307.45,2026-06-24,-1.22,1.89,6.53,20.07,-1.8,-3.88
LT,4181.7,2026-06-24,-0.47,0.29,6.5,20.07,4.17,17.14
ANANDRATHI,1903.9,2026-06-24,-0.72,6.86,6.5,28.43,24.58,83.64
MAHLOG,377.3,2026-06-24,2.07,8.36,6.49,5.08,14.8,15.27
AADHARHFC,506.3,2026-06-24,2.22,3.55,6.49,9.4,3.98,16.59
MEDANTA,1318.4,2026-06-24,2.35,8.07,6.49,35.39,10.68,16.86
SHRIRAMPPS,89.58,2026-06-24,-2.26,1.48,6.48,34.28,4.1,-10.95
CANTABIL,232.53,2026-06-24,-1.18,5.98,6.47,1.94,-9.22,-9.44
HTMEDIA,22.09,2026-06-24,-3.66,-1.52,6.46,12.02,-4.12,11.23
NATCAPSUQ,161.05,2026-06-24,2.79,5.02,6.44,12.13,-8.32,-27.39
RVTH,712.25,2026-06-24,-0.88,3.38,6.42,35.28,0.24,-25.26
BANKINDIA,144.15,2026-06-24,-1.33,-1.42,6.39,1.73,6.5,29.14
KITEX,167.89,2026-06-24,3.84,9.21,6.35,6.0,-8.33,-36.28
GROWW,199.69,2026-06-24,1.04,-3.69,6.34,23.79,22.04,
SAMMAANCAP,171.68,2026-06-24,-3.76,-5.02,6.33,23.95,21.39,37.7
HIKAL,218.32,2026-06-24,-0.11,16.59,6.32,34.82,-8.24,-40.24
SHK,135.54,2026-06-24,-3.09,0.91,6.31,5.02,-20.97,-43.62
VISHWAS,53.9,2026-06-23,3.85,14.93,6.31,45.68,28.33,-10.17
SHREDIGCEM,75.3,2026-06-24,1.67,0.57,6.31,32.13,-16.5,-0.31
MUNJALAU,95.53,2026-06-24,-2.56,-1.84,6.31,31.35,18.41,32.89
MITCON,82.5,2026-06-24,0.44,4.75,6.29,54.81,21.93,-1.62
PONNIERODE,318.2,2026-06-24,-2.06,-0.59,6.29,23.58,21.22,-1.21
SERVOTECH,98.61,2026-06-24,-4.11,-4.95,6.26,44.91,25.49,-33.22
HBLENGINE,823.1,2026-06-24,0.67,3.78,6.25,24.66,-6.39,39.76
AYMSYNTEX,216.04,2026-06-24,-0.99,-2.08,6.25,21.47,33.24,-14.73
LIBERTSHOE,256.54,2026-06-24,-1.77,6.15,6.25,8.25,-8.3,-36.45
CANARYS,21.25,2026-06-23,-2.52,11.26,6.25,24.27,-30.44,-27.6
PRECWIRE,441.1,2026-06-24,4.34,9.24,6.25,43.99,88.29,144.23
ARKADE,120.21,2026-06-24,0.31,4.69,6.23,17.76,-12.41,-38.06
SURYAROSNI,261.07,2026-06-24,-0.94,-2.17,6.23,28.25,-3.47,-20.42
LAXMICOT,15.05,2026-06-24,-2.27,5.99,6.21,14.89,-21.49,-47.23
CGPOWER,919.45,2026-06-24,-4.48,-1.72,6.21,37.79,39.43,35.03
ENRIN,3725.3,2026-06-24,-3.58,4.91,6.19,38.59,43.76,37.87
SUNTV,516.85,2026-06-24,-1.5,-0.17,6.19,-16.14,-9.71,-11.62
MOTHERSON,144.58,2026-06-24,-0.87,-2.39,6.17,30.5,21.33,43.64
SMARTWORKS,479.0,2026-06-24,2.27,1.94,6.17,26.44,1.68,
KALAMANDIR,109.55,2026-06-24,-0.72,3.76,6.16,11.79,-28.59,-18.65
MOREALTY,82.11,2026-06-24,1.08,2.73,6.14,21.82,-7.65,-19.09
AAVAS,1482.6,2026-06-24,1.09,5.51,6.14,33.06,-1.93,-21.67
MANAKCOAT,106.89,2026-06-24,-4.62,-0.08,6.14,4.37,-19.31,-17.55
ADVANCE,110.74,2026-06-24,0.84,13.42,6.13,23.87,-11.46,
PREMIERPOL,61.43,2026-06-24,-4.88,9.72,6.13,4.6,50.45,20.31
ARVEE,167.28,2026-06-24,-2.65,-1.2,6.11,21.22,-34.37,3.13
FINPIPE,183.65,2026-06-24,2.46,6.16,6.09,14.47,8.7,-13.57
KRN,1177.2,2026-06-24,-3.82,-6.27,6.09,31.27,61.58,38.78
GENCON,41.21,2026-06-24,-1.03,7.49,6.07,0.78,-9.45,2.72
NECCLTD,16.52,2026-06-24,-1.96,-3.45,6.03,35.08,-10.85,-31.34
UNITDSPR,1359.1,2026-06-24,1.19,6.89,6.01,2.34,-4.0,-4.84
GROWWRLTY,9.18,2026-06-24,1.1,2.68,6.0,21.75,-7.38,
GROWWSC250,10.27,2026-06-24,0.0,3.32,5.99,21.83,7.07,
DBL,455.6,2026-06-24,0.15,5.54,5.98,15.12,-2.17,-6.57
TITAN,4323.8,2026-06-24,-1.11,0.94,5.98,10.88,10.6,23.0
GOLDTECH,43.24,2026-06-24,-2.9,2.93,5.98,15.21,-17.43,-35.31
HDFCSML250,179.08,2026-06-24,-0.52,2.78,5.97,21.85,7.07,3.61
HINDPETRO,412.9,2026-06-24,5.0,2.8,5.97,22.6,-12.28,5.39
CEATLTD,3450.8,2026-06-24,-1.7,-0.13,5.96,-0.03,-11.02,-2.12
ETERNAL,256.35,2026-06-24,-2.77,1.73,5.95,7.74,-10.01,0.5
COOLCAPS,25.85,2026-06-23,-4.26,-4.26,5.94,-4.61,-65.23,-96.84
BAJAJST,432.05,2026-06-24,5.74,15.82,5.93,,,
MAHLIFE,361.15,2026-06-24,0.31,8.23,5.91,10.14,-9.3,0.74
JUSTDIAL,550.9,2026-06-24,0.33,2.02,5.91,8.16,-24.6,-37.77
SAMBHV,112.81,2026-06-24,0.0,3.33,5.91,19.54,12.16,
ARSSBL,553.7,2026-06-24,-1.35,1.48,5.9,23.48,-14.86,
ZUARIIND,264.5,2026-06-24,-2.99,5.11,5.88,21.0,-15.71,-5.89
EUROPRATIK,274.85,2026-06-24,-1.43,2.61,5.87,22.7,-6.91,
BERGEPAINT,530.55,2026-06-24,-3.55,2.15,5.87,28.21,-4.43,-3.47
PRICOLLTD,589.3,2026-06-24,2.68,1.38,5.87,11.17,-6.65,36.45
BAJAJHFL,87.95,2026-06-24,-1.18,1.57,5.87,11.68,-7.58,-27.08
SAHLIBHFI,76.99,2026-06-24,2.35,2.37,5.86,,,
DBOL,112.09,2026-06-24,-2.19,-2.42,5.85,15.88,48.72,43.14
RAINBOW,1434.1,2026-06-24,-0.88,1.09,5.84,24.94,5.43,-0.19
COSMOFIRST,816.1,2026-06-24,5.39,11.58,5.84,33.8,21.34,-31.9
NAHARINDUS,120.09,2026-06-24,0.82,2.61,5.84,36.43,10.23,-9.09
IKIO,160.38,2026-06-24,-1.85,-1.23,5.84,48.79,-12.77,-23.59
SUNDRMFAST,901.65,2026-06-24,1.29,5.9,5.82,13.93,-3.48,-6.05
MOSMALL250,17.85,2026-06-24,-0.5,2.7,5.81,21.76,6.89,3.54
NIRAJ,30.59,2026-06-24,-5.79,1.93,5.81,30.5,-25.66,-44.94
ZYDUSLIFE,1099.3,2026-06-24,1.27,1.03,5.81,24.02,19.78,15.28
PSB,25.01,2026-06-24,-0.24,4.16,5.8,13.01,-6.75,-16.24
SMALL250,17.78,2026-06-24,-0.22,2.6,5.77,22.28,6.92,
ASHIKA,394.3,2026-06-24,-1.1,0.99,5.77,,,
DODLA,1124.0,2026-06-24,-1.09,2.61,5.76,8.0,-8.46,-19.55
LODHA,937.85,2026-06-24,1.21,1.85,5.76,29.11,-13.17,-36.01
CELEBRITY,8.08,2026-06-24,0.0,5.9,5.76,16.76,-11.4,-38.13
TRANSWORLD,171.43,2026-06-24,-1.13,-2.09,5.76,31.26,-14.1,-36.78
STYRENIX,2351.8,2026-06-24,-1.34,8.02,5.76,23.06,18.51,-25.64
GEECEE,349.15,2026-06-24,-1.19,8.01,5.74,38.94,5.28,-8.43
NDTV,81.12,2026-06-24,-2.08,-0.87,5.74,21.36,-13.34,-47.23
MAXHEALTH,1081.7,2026-06-24,-1.22,5.13,5.71,11.61,0.03,-9.63
KOTYARK,43.3,2026-06-24,7.93,16.54,5.7,24.59,93.3,50.27
ALEMBICLTD,92.3,2026-06-24,1.06,3.27,5.68,20.06,-8.71,-15.94
KOTAKBANK,405.95,2026-06-24,0.94,0.05,5.67,10.66,-6.19,-8.61
VTL,645.3,2026-06-24,-1.66,1.18,5.67,20.71,45.31,36.48
DIACABS,204.43,2026-06-24,-1.55,-5.07,5.65,68.95,44.88,86.01
MAHICKRA,248.0,2026-06-23,0.0,2.46,5.64,27.26,66.55,107.14
OBEROIRLTY,1753.1,2026-06-24,3.67,5.01,5.63,21.57,5.1,-11.38
TRF,247.99,2026-06-24,6.67,5.52,5.6,14.23,-18.49,-34.7
HARSHA,429.2,2026-06-24,-1.64,2.24,5.6,28.83,13.73,11.31
GSTL,18.95,2026-06-23,-1.81,-3.56,5.57,-45.39,26.76,69.2
NH,1958.5,2026-06-24,2.81,4.6,5.55,18.3,4.39,-1.31
AGARWALFT,36.15,2026-06-23,4.78,26.62,5.55,41.76,-7.9,-25.77
PRUDMOULI,16.2,2026-06-24,-0.92,5.19,5.54,36.36,-24.55,-59.56
RADICO,3757.7,2026-06-24,-0.55,4.61,5.52,42.48,13.8,40.24
DCW,49.61,2026-06-24,-2.13,2.46,5.51,23.19,-18.69,-34.42
OBCL,57.48,2026-06-24,1.7,-3.3,5.51,5.43,4.04,4.49
MPTODAY,46.0,2026-06-23,0.0,0.0,5.5,-2.13,-3.26,29.94
TAJGVK,338.95,2026-06-24,-0.96,1.35,5.49,15.74,-18.08,-16.54
SPCENET,4.05,2026-06-24,4.38,20.9,5.49,15.38,-41.65,-41.9
CYBERTECH,155.79,2026-06-24,5.3,12.65,5.47,53.31,5.41,6.9
PARKHOTELS,123.92,2026-06-24,-0.9,4.99,5.46,18.23,-8.44,-23.94
GOLDSTAR,7.8,2026-06-23,0.0,4.0,5.41,16.42,1.96,-20.0
BDL,1383.5,2026-06-24,-1.65,14.37,5.41,17.83,-6.26,-24.99
WEIZMANIND,86.02,2026-06-24,-1.79,4.41,5.38,18.53,-13.34,-25.55
ASAL,520.1,2026-06-24,-3.58,3.16,5.37,28.59,7.41,-10.31
LXCHEM,159.95,2026-06-24,-1.82,3.26,5.36,35.55,-6.35,-17.59
DLF,618.15,2026-06-24,-1.51,0.6,5.36,18.65,-11.04,-26.7
IDEAFORGE,817.45,2026-06-24,-8.26,-5.48,5.35,102.11,70.27,29.04
PITTIENG,992.4,2026-06-24,-1.64,1.52,5.34,31.98,18.82,3.93
EXXARO,6.9,2026-06-24,-0.29,0.15,5.34,-1.15,-14.39,-19.2
KABRAEXTRU,239.79,2026-06-24,-0.7,-0.22,5.33,19.72,8.04,-12.92
HINDCOMPOS,420.2,2026-06-24,-0.84,0.21,5.33,13.61,-3.81,-11.39
WINSOME,2.37,2026-06-24,-1.66,-7.06,5.33,39.41,26.74,24.74
SAYAJIHOTL,298.0,2026-06-23,1.71,-1.32,5.32,,,
LEMONTREE,119.34,2026-06-24,0.5,7.87,5.32,12.42,-26.71,-12.85
DMART,4336.0,2026-06-24,0.12,5.78,5.32,15.43,14.1,2.01
TIINDIA,3170.5,2026-06-24,-4.15,-1.72,5.29,23.43,22.25,11.14
MIDHANI,435.05,2026-06-24,-1.52,-0.3,5.29,44.82,40.1,-0.28
MASKINVEST,157.0,2026-06-23,-1.07,6.08,5.28,12.5,1.13,3.5
CAMS,797.2,2026-06-24,-2.67,2.55,5.28,24.83,5.4,-4.16
SHRENIK,0.4,2026-06-24,5.26,8.11,5.26,0.0,-18.37,-33.33
RAJPALAYAM,828.9,2026-06-24,-0.51,-2.08,5.26,,,
MAJESAUT,339.25,2026-06-24,-0.67,1.1,5.24,,,
ADSL,128.62,2026-06-24,4.52,7.19,5.24,31.04,-17.62,-27.7
LOVABLE,74.91,2026-06-24,0.94,5.4,5.23,23.31,-7.93,-22.39
SARVESHWAR,3.84,2026-06-24,-2.54,6.67,5.21,35.21,-13.12,-45.84
MARKOLINES,173.09,2026-06-24,0.67,2.91,5.2,17.17,3.91,
GLAXO,2366.6,2026-06-24,0.15,11.5,5.2,5.1,-2.41,-24.84
SHREECEM,26070.0,2026-06-24,4.3,5.02,5.18,11.77,-0.29,-8.1
HDFCBANK,793.2,2026-06-24,0.86,3.73,5.15,5.41,-19.14,-16.65
CHAMBLFERT,478.1,2026-06-24,-1.87,0.84,5.15,13.77,0.97,-13.31
VAISHALI,7.36,2026-06-24,-0.54,2.65,5.14,28.0,-20.78,-39.02
NORTHARC,294.9,2026-06-24,-0.94,0.0,5.13,34.17,17.23,26.24
POLYCAB,9692.5,2026-06-24,-3.29,1.91,5.13,37.85,27.63,53.52
GTL,8.0,2026-06-24,-2.44,-6.43,5.12,32.01,-1.23,-22.03
SURANAT&P,18.88,2026-06-24,-3.92,4.19,5.12,13.8,-10.52,-0.63
ORIENTCER,41.13,2026-06-24,2.21,4.34,5.11,9.24,0.91,15.26
KOKUYOCMLN,90.71,2026-06-24,-0.73,3.92,5.11,20.59,0.79,-32.0
NAUKRI,1009.8,2026-06-24,2.56,2.78,5.08,2.27,-25.96,-32.49
SUBEXLTD,11.61,2026-06-24,-2.44,5.26,5.07,53.17,-1.53,-15.69
LGEINDIA,1566.0,2026-06-24,-2.55,2.41,5.07,4.99,1.99,
VINATIORGA,1385.4,2026-06-24,2.96,2.31,5.07,1.01,-12.76,-28.56
SCHNEIDER,1373.9,2026-06-24,-1.55,12.97,5.07,53.45,85.91,75.37
OAL,326.15,2026-06-24,-2.01,-3.66,5.06,38.29,8.09,-17.17
HYUNDAI,1942.2,2026-06-24,-2.35,-4.33,5.06,4.45,-15.85,-5.33
GODREJPROP,1820.6,2026-06-24,1.21,3.08,5.06,18.18,-9.25,-24.1
JAYSREETEA,88.43,2026-06-24,-3.01,0.34,5.04,12.72,1.35,-17.77
BPL,56.97,2026-06-24,-4.78,8.58,5.03,29.01,-8.42,-37.05
SMVD,11.55,2026-06-23,0.0,0.0,5.0,3.59,49.03,-31.25
TTKPRESTIG,565.8,2026-06-24,0.34,5.87,4.99,29.02,-8.93,-7.74
PRIMESECU,295.0,2026-06-24,-3.74,3.15,4.98,9.38,1.01,9.63
AVANTEL,170.12,2026-06-24,-3.56,1.83,4.97,40.74,5.45,5.54
NARMADA,39.48,2026-06-24,5.36,6.42,4.97,26.42,82.69,129.27
ENSER,15.9,2026-06-23,0.0,-3.64,4.95,55.88,-13.35,0.0
GFSTEELS,13.61,2026-06-23,0.0,0.0,4.93,10.11,20.98,46.82
LOTUSDEV,145.74,2026-06-24,-0.59,1.94,4.93,33.07,-6.75,
UNIECOM,90.23,2026-06-24,1.0,-1.52,4.92,1.5,-22.7,-27.87
SML100CASE,10.68,2026-06-24,-0.37,2.2,4.91,21.79,6.91,
HIGREEN,149.5,2026-06-23,0.0,14.34,4.91,30.57,13.04,-28.78
PCJEWELLER,8.78,2026-06-24,-1.9,-4.25,4.9,9.75,-7.29,-27.97
IOC,146.3,2026-06-24,1.33,1.25,4.9,5.48,-8.08,9.2
UNIVAFOODS,8.57,2026-06-23,0.0,0.0,4.9,-9.79,-39.82,-27.0
ANANTRAJ,528.6,2026-06-24,-0.7,-1.62,4.89,17.65,-6.74,-1.96
GROBTEA,944.0,2026-06-24,2.59,6.64,4.89,9.54,-5.28,-17.58
ADROITINFO,9.24,2026-06-24,0.43,-0.11,4.88,8.32,-12.67,-15.85
BFSI,27.74,2026-06-24,0.76,1.65,4.88,9.6,-2.67,0.98
MRPL,156.23,2026-06-24,1.2,-7.53,4.87,-14.03,9.23,12.55
CANBK,130.15,2026-06-24,-3.46,-1.55,4.85,0.97,-10.17,21.55
MANALIPETC,65.98,2026-06-24,-0.33,-3.26,4.83,52.8,8.9,-2.29
CHOICEIN,709.45,2026-06-24,-2.46,1.03,4.83,14.36,-12.89,0.31
SRF,2765.8,2026-06-24,1.66,1.67,4.79,11.9,-10.56,-9.14
GULPOLY,198.45,2026-06-24,-4.28,-6.72,4.77,36.9,38.82,10.99
REMUS,797.15,2026-06-23,1.77,3.02,4.77,31.37,7.43,-55.62
INDIANCARD,220.83,2026-06-24,-1.03,-1.42,4.77,29.99,-8.12,-33.65
AJANTPHARM,3255.7,2026-06-24,2.07,6.59,4.77,13.71,19.06,28.39
ADANIPOWER,229.76,2026-06-24,-1.72,4.19,4.76,53.06,60.49,110.08
FOSECOIND,5287.0,2026-06-24,1.71,4.08,4.75,6.04,6.41,12.26
ANIKINDS,45.59,2026-06-24,-2.29,3.57,4.73,20.26,-12.36,-57.59
VILAS,394.45,2026-06-23,-2.36,0.66,4.71,9.68,-3.77,-33.05
SAFARI,1598.7,2026-06-24,-3.14,-2.28,4.7,8.07,-29.59,-25.52
KILITCH,190.82,2026-06-24,0.64,3.66,4.69,24.96,9.26,-6.87
RBZJEWEL,129.57,2026-06-24,-3.47,-6.8,4.69,13.05,-10.92,-11.34
AGROPHOS,31.41,2026-06-24,0.8,1.95,4.67,4.8,-21.14,-9.47
MUTHOOTCAP,207.02,2026-06-24,-1.78,3.68,4.67,10.19,-25.1,-33.56
VHL,3614.4,2026-06-24,-1.86,3.97,4.66,15.04,0.85,-9.59
VISHWARAJ,5.63,2026-06-24,-1.05,-5.38,4.65,24.01,-19.11,-41.17
MTNL,30.64,2026-06-24,-4.28,-1.64,4.64,27.77,-16.85,-36.84
UFLEX,433.25,2026-06-24,2.12,1.38,4.64,6.16,-11.13,-27.53
SONACOMS,621.1,2026-06-24,0.02,4.15,4.61,25.55,28.74,29.78
OMAXE,77.55,2026-06-24,-0.7,-1.08,4.59,10.55,-6.99,-24.97
HGS,425.1,2026-06-24,-1.92,-0.82,4.58,20.29,-5.87,-19.81
AUROPHARMA,1530.6,2026-06-24,2.59,8.68,4.58,19.43,26.35,39.14
EXICOM,165.06,2026-06-24,-6.31,2.16,4.57,91.86,39.73,-9.3
GLFL,6.63,2026-06-24,-3.77,6.94,4.57,69.57,11.06,4.57
GRAVITA,1714.7,2026-06-24,-1.45,3.33,4.57,23.12,-8.2,-0.75
ARIHANTCAP,70.51,2026-06-24,-1.76,-2.06,4.57,5.66,-23.73,-10.47
SHEETAL,298.0,2026-06-23,0.51,2.41,4.56,29.57,103.62,150.34
AIIL,534.05,2026-06-24,-2.89,-4.41,4.56,8.24,-8.61,0.2
ASALCBR,838.0,2026-06-24,-1.72,1.4,4.56,17.01,-13.12,-20.76
JSWENERGY,574.4,2026-06-24,-1.31,1.44,4.55,19.08,19.0,14.15
GPECO,438.05,2026-06-23,-2.0,0.01,4.52,37.38,-1.72,11.76
UWCSL,102.0,2026-06-23,0.0,0.0,4.51,9.62,-10.53,-35.89
UDS,180.69,2026-06-24,0.94,-0.62,4.51,27.04,-9.13,-35.93
JTEKTINDIA,134.44,2026-06-24,-1.44,1.98,4.5,8.66,-6.56,-2.22
CPS,1010.1,2026-06-23,-0.91,8.21,4.49,1.46,-3.01,14.78
MIDSELIETF,19.12,2026-06-24,-0.16,2.47,4.48,20.48,3.02,8.88
KNRCON,138.03,2026-06-24,-0.93,8.4,4.47,22.45,-19.29,-34.86
ABREL,1305.5,2026-06-24,-0.63,5.28,4.47,15.15,-23.11,-45.92
SVPGLOB,4.0,2026-06-24,-0.99,0.5,4.44,60.0,0.0,19.4
SMLMAH,4036.8,2026-06-24,-1.53,0.54,4.43,1.44,8.8,131.18
ICICIAMC,3359.6,2026-06-24,-1.67,2.77,4.42,20.74,28.4,
KLBRENG-B,498.8,2026-06-24,0.35,5.78,4.42,,,
SOLARA,572.3,2026-06-24,-2.45,-4.81,4.42,29.88,2.51,4.05
CGRAPHICS,145.4,2026-06-23,-0.27,-0.72,4.42,5.63,-26.93,-25.26
IOB,34.9,2026-06-24,-1.36,3.13,4.4,7.58,2.89,-7.33
VSSL,284.55,2026-06-24,1.68,-0.04,4.4,23.34,-0.23,17.96
TEAMLEASE,1442.8,2026-06-24,-0.42,2.71,4.38,20.34,-8.23,-27.33
DEFENCE,78.78,2026-06-24,-2.39,3.33,4.37,26.88,,
SHAILY,2813.0,2026-06-24,1.74,-4.58,4.37,20.82,20.55,61.26
NDGL,2689.4,2026-06-24,0.6,1.79,4.35,7.43,-6.94,-36.14
FABTECH,157.7,2026-06-24,0.43,8.04,4.34,14.96,-24.25,
MIRCELECTR,41.07,2026-06-23,-1.2,9.11,4.34,75.66,61.06,194.22
AFCONS,313.25,2026-06-24,-0.73,-3.66,4.33,13.09,-19.19,-28.1
KIMS,797.2,2026-06-24,-1.11,3.55,4.33,26.33,26.57,27.18
INDIANB,843.65,2026-06-24,-2.03,-0.7,4.32,-1.13,10.86,38.24
ARVINDFASN,470.45,2026-06-24,-1.78,1.91,4.31,19.8,-8.83,-0.14
ROUTE,533.35,2026-06-24,-1.23,1.3,4.3,15.88,-24.05,-43.91
ANUHPHR,78.83,2026-06-24,0.06,1.25,4.3,10.3,0.84,-22.57
MOIPO,44.82,2026-06-24,-1.3,2.1,4.28,13.58,-5.14,
AMBICAAGAR,24.8,2026-06-24,1.47,-1.35,4.25,7.83,-2.44,-13.95
NETWORK18,33.17,2026-06-24,-2.78,1.94,4.24,10.2,-23.97,-38.18
GKWLIMITED,1821.0,2026-06-24,-1.03,-0.74,4.24,18.15,4.92,2.97
MODEFENCE,104.03,2026-06-24,-2.7,3.85,4.23,25.58,21.62,6.95
DOMS,2296.8,2026-06-24,0.77,1.18,4.22,0.06,-10.79,-7.97
ARIHANTACA,469.0,2026-06-23,0.86,0.0,4.22,-0.21,-2.29,69.15
TATACOMM,2028.5,2026-06-24,-1.61,5.85,4.22,45.45,15.56,24.37
CLEAN,788.6,2026-06-24,-3.96,-0.38,4.22,12.42,-11.86,-45.32
IDEA,14.31,2026-06-24,-3.44,-4.28,4.22,61.15,19.05,108.6
YCCL,9.9,2026-06-23,1.54,-2.94,4.21,1.02,-19.18,-24.14
SARLAPOLY,99.05,2026-06-24,1.36,1.11,4.19,30.69,9.59,-9.15
GVT&D,5052.5,2026-06-24,-8.04,5.14,4.19,43.5,59.72,107.49
MOS,13.75,2026-06-23,0.0,-14.86,4.17,18.03,-38.34,-94.55
ABB,6967.5,2026-06-24,-4.0,0.65,4.16,13.53,34.15,16.75
CIEINDIA,469.9,2026-06-24,-0.79,1.1,4.16,9.29,20.37,6.49
GROWWDEFNC,94.67,2026-06-24,-2.42,3.51,4.15,25.18,21.54,6.9
FAIRCHEMOR,639.35,2026-06-24,2.09,5.27,4.15,35.07,-8.28,-30.68
SELECTIPO,44.85,2026-06-24,-0.33,1.93,4.08,14.29,-3.88,-6.81
MADHAVIPL,8.68,2026-06-24,-3.77,-7.17,4.08,,,
CRAMC,249.07,2026-06-24,-2.02,-3.08,4.04,7.94,-18.39,
PAGEIND,40885.0,2026-06-24,3.98,4.31,4.03,27.59,12.54,-10.38
MACPOWER,1169.3,2026-06-24,-0.96,15.69,4.02,37.66,14.18,19.13
CHALET,826.75,2026-06-24,0.33,10.33,3.99,14.67,-5.3,-8.25
CENTRALBK,32.51,2026-06-24,-1.57,2.01,3.97,-0.05,-10.24,-11.89
MOKSH,12.32,2026-06-24,4.05,2.5,3.97,26.1,-18.46,-17.87
VIRINCHI,16.83,2026-06-24,-0.24,7.47,3.95,8.44,-31.05,-22.08
TOLINS,107.41,2026-06-24,0.36,0.22,3.95,13.39,-19.97,-31.86
SNXT50BETA,93.17,2026-06-24,-0.34,2.03,3.95,12.01,0.0,
MADRASFERT,70.53,2026-06-24,-2.16,2.14,3.9,19.68,-9.27,-22.71
MBEL,305.15,2026-06-24,-2.05,-0.51,3.9,22.16,-22.03,
MANINDS,593.5,2026-06-24,-1.31,3.57,3.9,76.27,49.55,52.18
BATAINDIA,715.0,2026-06-24,-2.19,5.1,3.89,11.71,-24.71,-40.05
BSL,127.9,2026-06-24,0.9,3.73,3.87,11.58,-16.86,-1.91
NEXT50ADD,72.45,2026-06-24,-0.71,0.64,3.86,16.07,,
QUINTEGRA,1.35,2026-06-23,0.0,0.0,3.85,8.0,-6.9,-22.41
GRINFRA,976.0,2026-06-24,1.76,10.26,3.84,18.73,-4.24,-21.41
DELTAMAGNT,62.39,2026-06-24,0.65,5.03,3.83,19.61,-9.4,-32.99
LRRPL,95.0,2026-06-23,2.15,5.61,3.83,33.8,23.7,25.08
TTKHLTCARE,923.25,2026-06-24,-0.68,5.14,3.8,18.34,-11.07,-27.74
MOSCHIP,208.69,2026-06-24,-2.13,-2.06,3.79,27.13,-0.35,16.11
GLOBALPET,145.0,2026-06-23,0.0,-4.61,3.79,68.12,20.23,9.85
EVIETF,31.28,2026-06-24,-0.92,-0.06,3.78,14.08,-0.79,7.42
CUMMINSIND,5555.5,2026-06-24,-3.62,-3.45,3.78,20.26,26.34,70.1
CONTROLPR,640.6,2026-06-24,-0.51,3.76,3.77,5.69,-8.65,-16.61
KIOCL,398.8,2026-06-24,-2.22,-0.93,3.77,20.7,4.74,39.25
M&MFIN,310.85,2026-06-24,5.75,4.36,3.77,1.52,-20.22,18.43
CANFINHOME,884.8,2026-06-24,-0.85,2.36,3.77,6.39,-6.57,13.8
SADBHIN,2.76,2026-06-24,-2.47,-8.31,3.76,16.95,-28.68,-45.45
LUPIN,2367.6,2026-06-24,1.18,4.16,3.76,1.54,12.37,23.39
GOODYEAR,761.65,2026-06-24,-0.19,2.09,3.75,-40.2,-40.2,-40.2
HISARMETAL,158.14,2026-06-24,-0.33,-1.06,3.75,13.32,-1.74,-19.04
VEEDOL,1476.6,2026-06-24,-0.16,2.73,3.74,13.38,-10.8,-7.65
CIPLA,1437.9,2026-06-24,1.57,4.1,3.73,19.02,-3.0,-2.36
SOBHA,1428.1,2026-06-24,0.72,3.88,3.72,18.46,-3.34,-4.93
ZENITHSTL,5.89,2026-06-24,0.17,4.99,3.7,27.49,-17.39,-31.67
HPL,379.6,2026-06-24,-5.56,2.48,3.69,35.21,-7.85,-30.16
INDGN,527.2,2026-06-24,-2.63,2.65,3.67,18.71,0.74,-8.31
DIGITIDE,88.05,2026-06-24,0.17,3.97,3.66,18.16,-36.71,-61.04
KAYA,251.6,2026-06-24,-2.37,-2.23,3.65,-2.99,-38.25,-34.38
NEXT50BETA,77.77,2026-06-24,-1.03,1.66,3.65,15.73,5.22,
JAYKAY,180.6,2026-06-24,-3.96,7.72,3.64,44.51,-8.99,
VOLTAS,1310.1,2026-06-24,-3.24,-1.23,3.64,0.93,-5.77,0.61
GALLANTT,714.75,2026-06-24,-3.65,5.88,3.59,33.29,36.38,34.93
ALKYLAMINE,1781.5,2026-06-24,-2.84,-1.83,3.58,25.93,11.11,-18.94
KHAITANLTD,136.72,2026-06-24,6.69,7.6,3.57,31.69,38.58,14.08
SHALPAINTS,51.88,2026-06-24,-3.82,-1.35,3.57,23.29,-7.09,-46.82
CONSUMER,11.32,2026-06-24,-1.05,1.07,3.57,13.09,-5.11,-2.75
SMALLCAP,46.55,2026-06-24,-0.43,2.26,3.56,20.94,4.51,-1.38
ARE&M,849.9,2026-06-24,-0.85,1.53,3.56,16.87,-8.15,-11.48
GRCL,570.15,2026-06-23,5.0,14.27,3.56,51.84,57.57,22.98
AMJLAND,38.97,2026-06-24,-0.1,2.93,3.56,6.85,-24.02,-38.55
SHRIKRISH,43.5,2026-06-24,-0.64,5.76,3.5,,,
JKIL,504.1,2026-06-24,-0.69,3.97,3.47,6.43,-13.51,-30.12
GLOBAL,105.45,2026-06-24,-3.03,3.74,3.46,13.93,15.13,71.93
NEXT50,742.88,2026-06-24,-1.1,0.63,3.45,15.91,5.01,8.0
DEEPINDS,485.1,2026-06-24,-1.16,-3.71,3.45,20.12,8.35,11.04
MINDTECK,207.25,2026-06-24,-1.22,-1.61,3.43,28.03,-0.83,-9.39
AGUL,63.9,2026-06-23,0.0,0.0,3.4,-12.35,3.73,32.85
MBLINFRA,25.89,2026-06-24,-3.97,-5.37,3.35,23.82,-20.97,-40.92
WSTCSTPAPR,495.65,2026-06-24,-2.37,-2.9,3.34,14.79,17.42,-1.63
KAVDEFENCE,64.86,2026-06-24,-4.84,4.39,3.33,11.69,-18.68,42.33
HDFCNEXT50,73.4,2026-06-24,-1.16,0.29,3.32,15.26,4.47,7.72
JUNIORBEES,778.4,2026-06-24,-1.07,0.64,3.32,15.78,4.99,7.84
PLATIND,229.11,2026-06-24,-1.52,0.02,3.31,9.93,-12.12,-16.38
GROWWHOSPI,52.95,2026-06-24,0.11,1.89,3.3,18.48,,
APLLTD,780.65,2026-06-24,-0.01,5.81,3.3,15.96,-8.93,-16.64
POLYMED,1650.9,2026-06-24,-1.23,9.27,3.3,32.68,-7.49,-21.85
GRSE,2782.7,2026-06-24,-2.72,4.25,3.29,29.13,13.72,-11.96
SETFNN50,768.4,2026-06-24,-1.48,0.24,3.28,15.52,4.45,7.58
MONEXT50,71.75,2026-06-24,-1.77,0.93,3.28,15.28,4.81,7.59
BBOX,986.5,2026-06-24,0.46,-2.49,3.26,104.6,85.15,97.16
MOLDTKPAC,701.4,2026-06-24,1.45,0.8,3.25,48.89,15.83,1.98
EVINDIA,31.18,2026-06-24,-1.02,-0.61,3.25,14.09,-1.02,7.33
INDTERRAIN,33.48,2026-06-24,1.45,1.52,3.24,17.02,-5.37,-11.31
AURIGROW,0.32,2026-06-24,-3.03,-5.88,3.23,14.29,-65.22,-40.74
NEXT50ETF,72.46,2026-06-24,-0.86,1.29,3.23,15.53,,
PLASTIBLEN,175.28,2026-06-24,-2.69,0.76,3.22,34.55,7.51,-14.07
HUBTOWN,214.29,2026-06-24,6.71,11.8,3.2,15.33,-12.71,3.17
BAJAJCON,590.05,2026-06-24,-4.78,-0.4,3.2,63.09,121.86,191.2
DCBBANK,185.56,2026-06-24,-0.89,0.51,3.19,9.08,7.79,33.02
FRACTAL,946.5,2026-06-24,-1.31,-1.5,3.16,15.28,,
PLADAINFO,11.45,2026-06-23,0.0,0.0,3.15,20.53,-30.4,-38.11
GROWWNXT50,72.14,2026-06-24,-1.04,0.42,3.15,15.35,4.65,
EBBETF0433,1303.77,2026-06-24,0.39,0.77,3.13,3.17,2.63,4.54
CHOLAHLDNG,1648.4,2026-06-24,3.73,5.15,3.13,19.92,-13.37,-19.29
GROWWEV,30.97,2026-06-24,-1.46,-1.09,3.13,13.32,-1.28,6.87
EDUCOMP,0.99,2026-06-23,0.0,4.21,3.13,2.06,-16.81,-48.17
TCL,99.0,2026-06-23,1.02,1.54,3.12,16.47,-4.72,9.63
DAMODARIND,31.44,2026-06-24,1.42,2.24,3.12,39.8,3.35,-11.04
MOBIKWIK,199.28,2026-06-24,0.65,0.25,3.11,13.82,-14.83,-18.18
DIXON,12086.0,2026-06-24,-2.03,1.08,3.11,18.79,-4.3,-16.65
ELGIRUBCO,48.69,2026-06-24,-1.08,-4.83,3.11,31.28,5.73,-11.31
NAZARA,292.3,2026-06-24,-2.74,0.46,3.1,27.64,22.17,-11.4
ROLEXRINGS,147.88,2026-06-24,1.73,5.13,3.1,28.48,15.34,-2.63
SENSEXIETF,888.47,2026-06-24,0.66,1.94,3.09,4.9,-8.95,-4.43
VASWANI,55.55,2026-06-24,-0.39,-6.43,3.08,8.45,-8.72,25.08
CASTROLIND,187.68,2026-06-24,0.75,1.15,3.08,8.0,1.95,-6.48
GFLLIMITED,47.19,2026-06-24,-0.69,0.32,3.06,16.15,-21.92,-23.48
MULTICAP,16.57,2026-06-24,-0.24,1.72,3.05,12.95,-0.06,2.54
PUNJABCHEM,1041.6,2026-06-24,-1.53,0.72,3.05,2.25,-15.12,-10.87
BBETF0432,1340.64,2026-06-24,0.34,0.73,3.05,2.88,2.57,4.59
VASCONEQ,35.25,2026-06-24,-1.97,2.98,3.04,16.18,-24.14,-30.21
ABGSEC,114.1,2026-06-24,1.04,1.52,3.04,1.92,2.79,4.1
SITINET,0.34,2026-06-24,0.0,-5.56,3.03,6.25,-12.82,-29.17
BLUEDART,4998.7,2026-06-24,0.11,1.92,3.03,0.69,-8.11,-19.75
AVAILFC,157.73,2026-06-03,0.88,0.44,3.02,,,
VENTIVE,638.45,2026-06-24,-1.63,-2.31,3.02,1.79,-11.26,-8.86
KEI,5419.0,2026-06-24,-4.27,-0.76,3.01,31.34,23.06,41.3
EVERESTIND,417.0,2026-06-24,5.46,19.54,3.01,34.43,-20.52,-20.65
EBBETF0431,1431.79,2026-06-24,0.5,0.61,3.01,3.15,2.8,5.21
VIPIND,312.3,2026-06-24,-0.81,-3.09,3.0,-2.39,-23.47,-28.43
BALPHARMA,84.48,2026-06-24,-3.04,-3.76,2.99,26.9,15.19,-13.17
LGBBROSLTD,1591.8,2026-06-24,1.71,2.93,2.99,-6.91,-13.65,31.52
TCI,932.9,2026-06-24,-1.42,-1.64,2.99,2.02,-12.03,-17.48
OMAXAUTO,223.41,2026-06-24,-3.99,-3.91,2.98,143.51,117.3,169.18
BBL,2856.8,2026-06-24,-1.47,2.3,2.98,28.78,4.75,3.23
NEXT50IETF,75.75,2026-06-24,-1.3,0.36,2.98,15.31,4.77,7.66
SAPPHIRE,185.84,2026-06-24,-3.19,7.14,2.95,17.29,-26.42,-43.04
SURANASOL,27.56,2026-06-24,1.4,1.36,2.95,27.18,0.04,-20.21
IGPL,444.8,2026-06-24,-1.73,1.95,2.95,21.26,12.05,-0.29
ABSLNN50ET,75.54,2026-06-24,-1.19,1.52,2.94,15.28,4.37,7.78
RMDRIP,19.38,2026-06-24,-1.02,-0.56,2.92,-14.15,-57.95,-39.24
SICAGEN,54.12,2026-06-24,-1.6,-0.79,2.91,122.26,122.26,122.26
MOMENTUM50,53.68,2026-06-24,-0.63,0.45,2.91,15.0,1.05,-1.43
NRAIL,469.5,2026-06-24,-0.7,5.34,2.9,13.52,-4.82,41.54
MCCHRLS-B,697.95,2026-06-24,0.77,4.31,2.89,,,
3PLAND,32.19,2026-06-24,-1.59,1.64,2.88,4.11,-13.07,-37.25
INDIQUBE,168.02,2026-06-24,-1.25,5.75,2.87,23.43,-16.41,
ALPHA,51.68,2026-06-24,-1.64,0.92,2.87,17.19,5.88,1.35
TBI,64.8,2026-06-23,-1.07,-2.41,2.86,9.0,-24.65,-46.71
SHARDUL,28.5,2026-06-24,0.71,3.19,2.85,,,
SUPREME,50.11,2026-06-24,7.28,8.91,2.85,-1.61,-35.57,-45.02
VISHNU,616.35,2026-06-24,-2.38,2.35,2.85,20.96,12.48,13.33
INFRA,12.33,2026-06-24,-1.6,1.73,2.84,17.99,,
MALLCOM,1050.6,2026-06-24,-4.36,2.16,2.84,2.22,-10.69,-18.71
DATAMATICS,807.1,2026-06-24,0.01,1.84,2.83,17.64,-4.41,33.47
MOM30IETF,31.73,2026-06-24,-0.47,0.54,2.82,11.18,-0.75,-1.09
HDFCMOMENT,31.4,2026-06-24,-0.48,0.03,2.82,11.03,-0.92,-1.26
SCHAEFFLER,4186.2,2026-06-24,-3.11,3.59,2.8,6.08,11.73,7.47
AKIKO,281.0,2026-06-23,-4.42,8.91,2.8,33.52,8.08,259.11
JAICORPLTD,118.37,2026-06-24,-2.55,4.68,2.8,22.76,-8.03,13.08
MAXESTATES,440.9,2026-06-24,-3.88,1.03,2.79,25.1,-2.14,-14.13
MOMOMENTUM,62.98,2026-06-24,-0.51,0.19,2.79,11.29,-1.33,-1.96
WAAREERTL,983.85,2026-06-24,-2.11,1.98,2.79,18.56,1.76,-0.62
VIKASLIFE,1.48,2026-06-24,0.0,-1.33,2.78,19.35,-20.0,-41.96
VGUARD,313.55,2026-06-24,0.95,3.33,2.77,-3.46,-5.14,-16.32
INDIGRID,174.13,2026-06-23,0.66,1.56,2.77,8.7,8.28,23.91
MOMENTUM,31.51,2026-06-24,-0.51,-0.03,2.77,11.58,-1.01,-1.38
TECHM,1461.6,2026-06-24,1.84,2.53,2.77,2.02,-10.41,-10.33
RKFORGE,570.45,2026-06-24,-3.4,-3.15,2.77,18.71,10.57,-11.57
GSEC10ABSL,111.6,2026-06-23,0.0,0.0,2.76,2.15,1.69,2.14
ARCHIDPLY,80.19,2026-06-24,-1.88,-1.78,2.73,17.58,-11.13,-23.24
SCANSTL,39.93,2026-06-24,5.36,6.34,2.73,,,
XTGLOBAL,32.22,2026-06-24,9.59,9.11,2.71,9.82,-10.13,-4.66
MIDQ50ADD,250.12,2026-06-24,-0.87,1.54,2.68,14.79,0.71,-0.58
SARTELE,144.2,2026-06-23,-3.12,8.01,2.67,-6.58,-38.03,-39.22
DYNPRO,234.3,2026-06-24,0.93,1.06,2.66,0.58,-13.59,-18.48
ONWARDTEC,268.4,2026-06-24,2.01,6.28,2.66,16.09,-1.79,-10.81
FCSSOFT,1.55,2026-06-24,-1.9,-4.32,2.65,13.97,-18.42,-39.45
TARACHAND,58.91,2026-06-24,2.59,3.9,2.65,5.61,-24.36,-7.18
INDIANHUME,321.65,2026-06-24,-1.85,1.21,2.63,1.15,-24.3,-20.39
INTENTECH,102.18,2026-06-24,-1.95,-2.67,2.63,30.2,-11.91,12.22
GPPL,156.26,2026-06-24,-0.19,0.28,2.63,5.44,-18.62,4.13
MRF,130120.0,2026-06-24,-1.09,1.23,2.63,1.94,-14.07,-4.6
BSE500IETF,39.07,2026-06-24,-0.18,1.14,2.63,9.65,-3.15,0.41
MOSERVICE,30.79,2026-06-24,-1.5,1.18,2.63,5.37,-8.96,
SNOWMAN,38.74,2026-06-24,-2.25,0.6,2.62,16.58,-3.62,-34.28
RCF,134.2,2026-06-24,-2.02,4.18,2.62,17.74,-4.22,-12.8
PNGJL,539.35,2026-06-24,-1.98,-3.83,2.6,-3.78,-11.91,-7.07
IL&FSTRANS,2.37,2026-06-24,-8.14,-2.87,2.6,17.91,-15.66,-35.07
FOODSIN,56.88,2026-06-24,2.49,1.55,2.58,8.49,-18.16,-50.02
ATALREAL,30.26,2026-06-24,-0.3,-0.69,2.58,38.3,18.48,56.06
VARDHACRLC,44.55,2026-06-24,-0.22,-0.82,2.58,44.31,19.15,5.45
ROSSARI,537.45,2026-06-24,-2.41,5.07,2.57,35.07,-7.42,-19.45
NILKAMAL,1266.8,2026-06-24,-1.69,-1.08,2.57,13.17,-9.5,-25.26
SUPERSPIN,5.2,2026-06-24,1.96,-0.19,2.56,23.81,-37.05,-48.57
GROWWNET,9.23,2026-06-24,-0.97,1.32,2.56,11.2,-12.97,
INTERNET,12.48,2026-06-24,-1.42,1.63,2.55,11.73,-12.78,
HEALTHCARE,20.63,2026-06-24,0.98,3.05,2.53,15.32,,
GOYALALUM,6.88,2026-06-24,-2.82,-2.41,2.53,20.07,0.88,-14.64
ASHAPURMIN,692.35,2026-06-24,-2.85,-2.36,2.52,41.67,-21.1,63.94
APOLLOHOSP,8573.5,2026-06-24,1.23,1.24,2.52,15.65,19.7,22.69
GRANULES,770.85,2026-06-24,-0.97,2.99,2.51,27.13,25.87,58.06
TIRUPATI,501.8,2026-06-23,0.0,0.66,2.51,5.64,-30.21,4.51
GILT5YBEES,65.67,2026-06-24,0.24,0.34,2.5,2.51,3.43,5.29
TEXMOPIPES,46.71,2026-06-24,2.91,1.04,2.5,20.48,-4.38,-26.31
ASHIANA,382.35,2026-06-24,-1.51,5.01,2.49,27.37,30.51,12.06
AMIRCHAND,130.31,2026-06-24,-1.49,0.92,2.49,,,
NELCAST,139.76,2026-06-24,-0.06,0.95,2.48,18.12,32.0,2.55
BBTC,1571.8,2026-06-24,-1.1,3.17,2.48,11.11,-14.81,-16.01
MOALPHA50,53.5,2026-06-24,-0.83,1.52,2.47,16.91,5.27,
ALPHAETF,26.25,2026-06-24,-1.35,0.57,2.46,14.98,4.5,3.14
HDFCBSE500,37.19,2026-06-24,-4.08,1.25,2.45,9.64,-2.72,0.35
AONETOTAL,11.76,2026-06-24,-0.51,1.29,2.44,10.63,-2.41,0.89
EBBETF0430,1599.91,2026-06-24,0.21,0.42,2.44,2.75,2.76,5.38
INDIGOPNTS,1027.8,2026-06-24,0.97,2.24,2.43,40.8,-10.93,-11.34
EIHOTEL,326.55,2026-06-24,-1.09,5.49,2.43,8.49,-10.23,-6.2
ROXHITECH,33.9,2026-06-23,4.95,7.11,2.42,22.16,-25.49,-22.07
FACT,900.45,2026-06-24,-0.64,-0.62,2.41,13.38,2.89,-11.99
SBIMIDMOM,64.06,2026-06-24,-1.1,0.38,2.41,14.15,,
RITCO,268.45,2026-06-24,-1.34,4.17,2.4,43.89,-2.47,-3.09
KARURVYSYA,294.95,2026-06-24,-0.25,1.95,2.4,8.32,17.93,43.78
WONDERLA,492.85,2026-06-24,0.83,1.22,2.4,-1.62,-4.36,-23.11
MOMENTUM30,31.22,2026-06-24,-0.26,-0.06,2.39,11.46,-0.67,
OMINFRAL,89.09,2026-06-24,3.36,3.97,2.39,8.38,-10.66,-29.6
SUNDARMFIN,4600.3,2026-06-24,1.35,2.99,2.38,-1.06,-10.48,-5.46
JETFREIGHT,21.08,2026-06-24,-4.57,-2.32,2.38,23.93,17.5,52.64
SETF10GILT,263.63,2026-06-24,0.48,1.17,2.37,1.71,1.46,1.78
ASPIRE,15.1,2026-06-23,4.86,11.85,2.37,31.3,-17.71,-58.8
MODIRUBBER,131.79,2026-06-24,3.28,4.53,2.37,16.89,-13.46,11.22
SPECTSTM,56.3,2026-06-23,-0.71,5.33,2.36,1.35,-40.14,-57.35
GROWWMOM50,10.84,2026-06-24,-0.91,0.28,2.36,14.47,1.17,-1.31
RANASUG,13.06,2026-06-24,0.69,1.24,2.35,21.6,4.15,-16.97
INGERRAND,4581.6,2026-06-24,-2.42,5.91,2.33,28.6,35.48,24.72
JSFB,460.95,2026-06-24,-0.05,-3.32,2.33,27.97,10.33,-10.17
GODREJIND,1152.7,2026-06-24,3.34,7.47,2.33,45.69,14.83,-8.14
GRETEX,265.0,2026-06-23,0.0,1.15,2.32,-3.32,39.47,8.16
GSEC10YEAR,30.29,2026-06-24,0.33,0.93,2.3,2.19,2.19,4.05
KELLTONTEC,15.56,2026-06-24,-0.19,0.91,2.3,-1.95,-18.02,-38.54
POLYSIL,144.55,2026-06-23,4.75,5.28,2.3,-0.79,-54.26,117.21
TIMETECHNO,178.32,2026-06-24,0.98,0.56,2.27,10.22,-3.85,-20.91
JBCHEPHARM,2233.0,2026-06-24,1.21,0.69,2.27,7.98,24.34,25.96
GOACARBON,406.9,2026-06-24,-2.41,4.19,2.26,40.29,2.52,-14.48
ECOSMOBLTY,134.86,2026-06-24,-0.77,2.58,2.26,20.13,-32.66,-53.86
BIRLAMONEY,141.54,2026-06-24,-2.39,3.49,2.26,32.5,-3.18,-23.86
SENSEXETF,79.22,2026-06-24,-0.05,1.11,2.25,4.2,-9.56,-5.31
MEDIORG,25.0,2026-06-23,4.17,22.85,2.25,18.48,-2.15,-48.67
GSEC5IETF,65.55,2026-06-24,-0.05,-0.29,2.23,1.82,3.08,4.66
NIF100IETF,27.99,2026-06-24,-0.18,0.86,2.23,7.04,-5.79,17.79
ALPL30IETF,27.22,2026-06-24,-0.22,1.3,2.22,7.55,-2.86,-1.27
SPANDANA,263.8,2026-06-24,0.27,10.63,2.21,32.16,-2.39,-4.06
CLSL,43.9,2026-06-23,-0.23,4.15,2.21,6.81,-4.57,-13.84
MONIFTY500,23.66,2026-06-24,-0.08,1.15,2.2,9.89,-2.63,0.9
GODIGIT,316.25,2026-06-24,-0.53,5.82,2.18,-2.01,-9.08,-11.17
MUFTI,91.2,2026-06-24,0.15,2.7,2.17,27.86,-9.57,-42.28
TRANSRAILL,518.2,2026-06-24,0.05,3.84,2.16,4.05,-12.8,-18.99
ELECTCAST,79.82,2026-06-24,-4.02,2.08,2.16,6.54,4.26,-35.5
TIIL,2641.6,2026-06-24,2.14,4.35,2.16,23.89,19.25,-12.54
SWANCORP,324.7,2026-06-24,-0.61,2.75,2.16,-0.23,-29.84,-27.13
SCI,323.1,2026-06-24,0.09,3.97,2.15,40.3,50.17,53.99
HDFCSENSEX,87.14,2026-06-24,-0.11,1.28,2.15,4.07,-9.38,-5.15
MAHSEAMLES,648.8,2026-06-24,0.96,2.99,2.12,17.84,17.67,-4.17
AWHCL,476.15,2026-06-24,-1.83,5.1,2.12,13.59,-8.78,-23.79
FMGOETZE,459.9,2026-06-24,-2.87,4.42,2.12,25.57,1.01,-13.56
NIFTY100EW,34.62,2026-06-24,-2.75,0.87,2.12,12.04,1.97,5.9
UNIENTER,110.55,2026-06-24,1.31,1.76,2.12,18.13,-23.77,-27.28
RITES,208.26,2026-06-24,-2.55,-0.06,2.11,10.38,-13.44,-22.11
MASFIN,314.3,2026-06-24,-1.04,1.03,2.11,5.51,-1.75,5.2
TNTELE,9.18,2026-06-24,-1.08,-1.29,2.11,7.12,-10.53,-20.66
BUTTERFLY,678.45,2026-06-24,3.63,7.71,2.11,12.05,2.12,-10.29
KRYSTAL,600.4,2026-06-24,-0.83,4.39,2.11,11.03,15.48,1.95
AVTNPL,69.45,2026-06-24,-2.31,-4.21,2.1,22.57,4.96,8.11
LICHSGFIN,550.55,2026-06-24,0.37,-0.6,2.1,14.94,2.06,-7.08
SHREMINVIT,102.0,2026-06-23,0.59,0.0,2.1,7.85,10.49,13.88
WESTLIFE,481.25,2026-06-24,-1.13,1.66,2.1,13.29,-10.58,-34.62
INFOBEAN,154.07,2026-06-24,-2.43,-10.45,2.09,12.77,-18.71,63.59
ESENSEX,77.28,2026-06-24,0.08,0.93,2.09,4.49,-9.51,
GANGAFORGE,2.47,2026-06-24,-8.18,-3.89,2.07,-9.85,-29.23,-38.71
TOKYOPLAST,85.99,2026-06-24,1.75,1.2,2.07,26.7,-24.0,-35.19
LTGILTBEES,29.7,2026-06-24,0.3,0.27,2.06,1.64,1.68,3.09
MOGSEC,64.5,2026-06-24,0.3,0.09,2.06,2.09,2.63,4.2
KAMAHOLD,2636.3,2026-06-24,0.06,0.55,2.06,,,
MOHEALTH,48.86,2026-06-24,0.68,2.84,2.05,15.32,9.4,12.06
KOTIC,168.34,2026-06-24,1.94,-0.6,2.04,,,
DHANBANK,34.39,2026-06-24,-0.86,7.07,2.02,61.53,38.0,19.0
LICNETFSEN,865.14,2026-06-24,-0.23,1.23,2.02,3.82,-10.16,-6.32
NETF,261.18,2026-06-24,0.03,0.99,2.02,5.09,-7.4,-2.7
MARUTI,13248.0,2026-06-24,-1.29,-4.03,2.01,6.29,-20.68,6.19
DGCONTENT,27.6,2026-06-24,-0.04,5.18,2.0,16.85,-14.37,-37.71
MOMIDMTM,64.85,2026-06-24,-3.3,0.09,2.0,13.81,2.14,
KHADIM,108.45,2026-06-24,0.99,0.66,2.0,19.03,-30.9,-58.26
SONUINFRA,50.9,2026-06-23,4.95,16.61,2.0,16.21,-35.97,-61.73
CONSUMIETF,118.99,2026-06-24,-0.55,1.1,2.0,8.97,-6.02,-0.33
SENSEXADD,79.1,2026-06-24,-0.18,0.85,1.99,4.01,-9.41,-5.24
SENSEXBETA,848.98,2026-06-24,-0.22,1.49,1.99,4.42,-9.77,
LTGILTCASE,30.23,2026-06-24,0.3,0.47,1.99,1.51,1.55,
CHEMICAL,29.87,2026-06-24,-0.07,1.29,1.98,16.36,2.93,
MSCIINDIA,29.81,2026-06-24,0.0,1.09,1.98,8.8,-3.96,0.17
RKSWAMY,99.8,2026-06-24,0.65,-1.58,1.98,30.8,-10.76,-46.07
PGINVIT,93.78,2026-06-23,-0.12,-0.09,1.97,7.64,12.54,20.72
IONEXCHANG,402.85,2026-06-24,3.07,12.56,1.97,21.65,9.23,-22.39
GILT5BETA,66.4,2026-06-24,1.17,0.65,1.97,3.7,4.22,5.7
AXSENSEX,79.72,2026-06-24,-0.24,0.98,1.96,4.13,-9.57,-4.81
MIDCAPADD,22.92,2026-06-24,-0.74,1.19,1.96,8.63,2.78,
OMFREIGHT,90.81,2026-06-24,6.8,8.07,1.96,33.8,-6.56,
FELDVR,2.6,2026-06-24,0.0,-4.41,1.96,5.69,-19.0,-29.73
LICNETFGSC,29.15,2026-06-24,0.28,0.14,1.96,1.64,1.43,2.71
FLUOROCHEM,3908.7,2026-06-24,1.49,6.07,1.95,22.18,7.52,13.28
MPSLTD,1815.6,2026-06-24,0.81,0.17,1.95,20.36,-10.34,-30.16
PHARMABEES,25.72,2026-06-24,1.3,3.5,1.94,12.66,10.34,16.38
EPACK,237.53,2026-06-24,-5.99,3.37,1.94,7.49,-13.64,-32.51
TOP100CASE,10.5,2026-06-24,-0.47,0.77,1.94,6.92,-5.66,-1.13
ASIANPAINT,2667.5,2026-06-24,0.62,-1.78,1.93,21.35,-3.41,18.44
INDUSINDBK,927.6,2026-06-24,0.71,-0.6,1.92,16.35,9.38,11.5
ADANIPORTS,1813.3,2026-06-24,-0.76,0.47,1.91,35.47,21.86,31.05
DBREALTY,117.39,2026-06-24,-0.95,2.11,1.91,26.04,-3.01,-45.73
RAJOOENG,56.07,2026-06-24,-0.18,1.89,1.91,10.31,-9.8,-50.84
TTML,42.99,2026-06-24,-3.74,-5.85,1.9,24.11,-15.66,-32.43
MONIFTY100,25.18,2026-06-24,-0.36,1.12,1.9,7.06,-5.87,
CAPITALSFB,281.55,2026-06-24,-0.42,-1.24,1.9,27.55,8.88,-0.53
GROWWN200,11.3,2026-06-24,-0.62,0.98,1.89,9.18,-3.78,0.38
SADHAV,110.8,2026-06-23,-2.38,-7.67,1.89,18.12,7.57,7.94
HITECHGEAR,611.1,2026-06-24,7.2,6.56,1.86,4.02,-11.44,-14.65
CONSUMBEES,127.72,2026-06-24,-0.73,0.72,1.85,9.29,-6.23,-0.58
LANCORHOL,24.92,2026-06-24,-0.56,-3.9,1.84,20.33,-0.32,14.49
NAGREEKEXP,26.6,2026-06-24,-1.59,-0.45,1.84,27.27,-0.23,-7.51
NIF100BEES,265.91,2026-06-24,0.15,1.32,1.83,6.94,0.15,0.15
LALPATHLAB,1660.0,2026-06-24,-0.71,2.72,1.83,26.63,18.21,22.09
IRBINVIT,61.58,2026-06-23,0.67,1.97,1.82,8.35,5.15,10.64
REGENCERAM,41.5,2026-06-24,-0.65,1.74,1.82,12.65,-12.0,6.36
WAAREEINDO,400.55,2026-06-24,-4.78,2.72,1.82,-5.0,-19.06,99.66
GROWWMC150,228.31,2026-06-24,-0.8,1.1,1.81,14.31,2.61,
FIBERWEB,30.39,2026-06-24,1.81,5.3,1.81,-10.67,-15.56,-39.85
SBIETFCON,118.44,2026-06-24,-1.03,0.76,1.8,9.08,-6.1,-0.48
AXISCETF,118.33,2026-06-24,-0.82,0.88,1.79,8.93,-6.27,-0.59
GROWWNIFTY,9.69,2026-06-24,-0.21,0.83,1.79,5.21,,
BOSCH-HCIL,1386.0,2026-06-24,0.33,2.99,1.79,14.5,-5.46,-18.65
NIFTYBETF,247.39,2026-06-24,-0.25,1.1,1.78,5.38,-7.47,-2.73
ASMS,7.43,2026-06-24,-3.38,-1.2,1.78,-1.98,-40.75,-46.78
PEARLPOLY,18.96,2026-06-24,-1.56,0.8,1.77,26.48,-20.97,-39.89
IVZINNIFTY,2750.87,2026-06-24,-0.21,0.96,1.76,5.4,-7.18,-3.36
TOP15IETF,9.82,2026-06-24,0.2,0.41,1.76,3.92,-11.69,
AUTOBEES,271.82,2026-06-24,-1.21,-2.11,1.76,7.78,-4.87,12.79
AONENIFTY,9.89,2026-06-24,-0.3,0.82,1.75,5.21,-7.66,-3.03
METROGLOBL,129.6,2026-06-24,1.26,-1.93,1.75,,,
KAKATCEM,121.08,2026-06-24,-1.29,-3.06,1.75,30.88,-6.3,-22.96
MPHASIS,2261.1,2026-06-24,-0.83,-2.1,1.74,6.82,-21.81,-14.03
QNIFTY,264.26,2026-06-24,-0.22,0.93,1.74,5.02,-90.75,-90.28
MONTECARLO,562.85,2026-06-24,-0.75,2.05,1.74,10.08,-19.83,-3.65
MIDCAPETF,23.38,2026-06-24,-0.72,1.21,1.74,14.83,3.18,6.9
ASTERDM,769.7,2026-06-24,-2.55,-2.16,1.73,21.96,29.45,34.8
BAJAJHCARE,310.8,2026-06-24,-2.19,3.88,1.72,1.24,-27.07,-41.07
AFFLE,1455.8,2026-06-24,-1.66,-2.06,1.72,11.73,-18.24,-23.81
NDRAUTO,820.15,2026-06-24,-3.47,-2.6,1.7,22.9,-0.83,-14.26
MID150CASE,11.45,2026-06-24,-1.04,0.97,1.69,14.5,3.06,7.01
APTUS,264.7,2026-06-24,-2.18,-2.93,1.67,33.38,-5.34,-16.82
TOP20,8.64,2026-06-24,-0.46,0.58,1.65,2.98,,
IDFNIFTYET,264.34,2026-06-24,-0.59,0.63,1.64,4.86,-7.91,-2.89
RADIOCITY,6.2,2026-06-24,-1.74,1.31,1.64,27.31,-6.2,-31.64
RTNPOWER,9.27,2026-06-24,-1.7,-2.52,1.64,16.6,-2.63,-33.36
ENIFTY,24.19,2026-06-24,0.04,0.92,1.64,5.77,-7.35,
BSLNIFTY,28.06,2026-06-24,-0.28,0.86,1.63,5.05,-7.7,-2.94
ANDHRAPAP,64.23,2026-06-24,1.6,3.98,1.63,5.4,-4.46,-20.04
SUNPHARMA,1874.4,2026-06-24,0.62,3.79,1.62,6.91,8.61,13.91
MID150,23.22,2026-06-24,-0.94,1.4,1.62,14.78,3.11,6.86
BAJAJHIND,18.83,2026-06-24,-1.77,-4.99,1.62,20.17,1.45,-19.18
UBL,1336.5,2026-06-24,-0.24,-0.96,1.62,-15.62,-17.52,-30.35
DRREDDY,1328.4,2026-06-24,2.92,3.82,1.62,5.46,4.95,-0.04
MID150BEES,236.4,2026-06-24,-0.77,1.16,1.61,14.69,3.27,6.63
TEXRAIL,109.94,2026-06-24,-3.06,3.25,1.6,24.17,-18.01,-33.44
HEALTHIETF,163.16,2026-06-24,0.72,2.52,1.58,11.68,7.97,13.46
FUSION,180.94,2026-06-24,1.66,1.91,1.58,23.75,11.65,-11.55
NIFTY1,265.92,2026-06-24,-0.24,0.96,1.57,5.18,-7.77,-2.89
VIPCLOTHNG,25.93,2026-06-24,3.55,3.1,1.57,58.01,-19.37,-38.57
EQUAL200,13.6,2026-06-24,-0.95,0.89,1.57,12.08,1.28,4.99
TVSELECT,473.25,2026-06-24,-1.7,4.29,1.57,23.63,6.15,11.92
HDFCNIF100,25.87,2026-06-24,-0.65,0.47,1.57,6.77,-5.86,-1.56
TATVA,1206.2,2026-06-24,1.3,2.23,1.57,3.95,-11.11,31.27
FORTIS,975.4,2026-06-24,-0.05,-0.48,1.56,20.21,8.05,27.59
INFINIUM,215.0,2026-06-23,0.47,9.67,1.56,5.91,-4.23,-26.37
INFRABEES,979.26,2026-06-24,-0.6,1.37,1.56,8.5,-0.99,4.1
SBINMID150,22.9,2026-06-24,-0.91,1.91,1.55,,,
CONS,11.8,2026-06-24,-0.92,0.43,1.55,8.46,-90.63,-90.06
AXISHCETF,162.16,2026-06-24,0.72,2.7,1.55,12.07,8.14,13.35
AUTOAXLES,1773.2,2026-06-24,-2.14,0.82,1.54,12.23,-3.85,-0.07
NIFTYETF,260.5,2026-06-24,-0.27,0.81,1.54,5.07,-7.64,-2.97
MOM100,67.07,2026-06-24,-1.05,0.92,1.53,14.87,2.95,6.49
PFC,437.1,2026-06-24,-0.87,2.97,1.52,9.62,26.29,9.62
CEINSYS,918.45,2026-06-24,-0.94,-1.37,1.52,2.07,,
SETFNIF50,257.97,2026-06-24,-0.31,0.88,1.5,5.22,-7.64,-3.01
LAGNAM,82.36,2026-06-24,0.76,1.49,1.5,37.89,19.64,-21.24
MIDCAPIETF,23.64,2026-06-24,-0.84,1.11,1.5,14.42,3.05,6.73
HEALTHY,16.37,2026-06-24,0.92,2.7,1.49,11.44,8.12,13.52
ASKAUTOLTD,462.1,2026-06-24,-1.26,2.23,1.49,11.27,-7.26,-3.6
AFFORDABLE,172.4,2026-06-24,1.13,-1.16,1.49,20.99,-18.03,-62.88
FMNL,10.91,2026-06-24,3.61,2.73,1.49,43.93,20.02,-27.99
AAATECH,94.07,2026-06-24,-1.14,-2.5,1.46,2.86,-1.04,13.1
UNOMINDA,1103.5,2026-06-24,-1.18,-1.97,1.46,3.16,-14.41,5.12
AXISNIFTY,264.94,2026-06-24,-0.41,0.76,1.46,4.91,-7.75,-2.9
WSI,67.56,2026-06-24,-1.52,-1.79,1.46,-0.49,-25.01,-22.03
DIGISPICE,19.55,2026-06-24,2.52,-3.69,1.45,16.44,-21.83,-14.52
AAKASH,9.11,2026-06-24,-0.98,-6.28,1.45,10.96,4.47,-28.44
HEALTHADD,161.19,2026-06-24,0.74,3.35,1.45,11.81,8.38,13.58
HINDWAREAP,246.48,2026-06-24,-1.93,-3.34,1.44,42.52,-4.32,-15.72
HDFCNIFTY,269.8,2026-06-24,-0.32,0.75,1.44,4.85,-7.78,-3.16
MIDCAPBETA,231.29,2026-06-24,-0.56,1.36,1.43,14.64,3.31,
TOP10ADD,88.31,2026-06-24,0.12,0.34,1.42,2.47,-13.96,-10.68
ESG,41.1,2026-06-24,-0.41,0.83,1.41,5.68,-7.76,-3.41
NIFTYIETF,271.5,2026-06-24,-0.32,0.86,1.4,5.05,-7.66,-3.1
NDLVENTURE,131.04,2026-06-24,-1.22,1.08,1.39,13.66,47.25,105.52
BEDMUTHA,110.25,2026-06-24,0.39,1.44,1.39,2.1,-2.48,-26.12
KHAICHEM,56.13,2026-06-24,-1.37,-1.85,1.39,17.23,-30.2,-33.96
GSEC10IETF,261.52,2026-06-24,-0.32,0.69,1.38,1.36,0.59,1.93
AUTOIETF,27.18,2026-06-24,-1.06,-2.16,1.38,7.52,-5.06,12.78
NIFTYADD,252.08,2026-06-24,-0.56,0.79,1.37,4.8,-7.69,-2.96
MANUFGBEES,160.02,2026-06-24,-0.93,0.1,1.36,10.75,4.55,
MOMGF,159.81,2026-06-24,-0.14,1.04,1.36,12.16,4.97,12.89
BIRLANU,1379.6,2026-06-24,-2.52,-0.92,1.36,8.72,-8.48,-37.26
ORIENTPPR,17.29,2026-06-24,-2.32,-2.43,1.35,14.05,-25.25,-38.23
ROHLTD,340.4,2026-06-24,-1.03,3.18,1.34,12.73,-16.22,-10.94
ACEINTEG,20.36,2026-06-24,-3.32,0.74,1.34,22.95,-7.5,-19.08
KROSS,192.18,2026-06-24,-1.74,4.22,1.34,14.08,-3.5,4.84
MOM50,250.33,2026-06-24,-0.45,0.75,1.34,4.77,-7.87,-2.89
GROWWCHEM,29.64,2026-06-24,-1.2,0.95,1.33,15.33,,
NIFTYBEES,272.68,2026-06-24,-0.36,0.76,1.33,4.95,-7.72,-3.11
NIFTYBETA,265.46,2026-06-24,-0.18,0.85,1.31,5.05,-7.79,
DICIND,524.7,2026-06-24,-2.63,1.16,1.3,2.29,9.26,-18.96
LICNETFN50,268.07,2026-06-24,-0.44,0.52,1.29,4.91,-7.69,-3.23
HUDCO,207.98,2026-06-24,-1.62,-0.74,1.28,23.82,-2.56,-8.45
MNC,33.13,2026-06-24,-1.81,-0.24,1.28,12.42,6.87,14.68
HDFCMID150,23.1,2026-06-24,-1.07,0.92,1.27,14.53,2.62,6.4
MON100,336.3,2026-06-24,0.11,1.85,1.26,47.27,43.66,83.15
BCPL,74.88,2026-06-24,-1.38,-2.73,1.26,,,
NIFTYCASE,9.61,2026-06-24,-0.21,0.95,1.26,5.14,-7.6,
MSCIADD,29.33,2026-06-24,-1.15,0.76,1.24,7.79,,
NHPC,79.31,2026-06-24,1.39,6.19,1.21,3.62,3.77,-4.94
INFRAIETF,97.5,2026-06-24,-0.5,0.97,1.21,8.36,-1.19,4.54
IPCALAB,1621.2,2026-06-24,1.5,2.89,1.19,5.91,14.6,21.66
INM,170.0,2026-06-23,0.0,3.66,1.19,-5.56,-32.0,-66.62
PRSMJOHNSN,120.21,2026-06-24,-1.26,0.4,1.19,-3.95,-15.97,-20.92
BSLSENETFG,77.36,2026-06-24,-0.15,-0.8,1.18,4.44,-9.47,-5.16
AIRAN,16.33,2026-06-24,-1.57,-1.69,1.18,10.41,-10.13,-44.98
SUPERHOUSE,154.28,2026-06-24,-1.69,1.51,1.17,16.96,4.91,-9.38
SHANTIGEAR,445.8,2026-06-24,-0.25,-0.35,1.16,2.73,-4.56,-9.16
AXISBPSETF,13.33,2026-04-29,0.0,0.23,1.14,1.76,2.54,5.88
NSLNISP,44.65,2026-06-24,-3.73,-6.69,1.11,27.9,7.56,15.97
LICNMID100,62.12,2026-06-24,-1.46,0.66,1.11,14.0,2.1,4.93
SPMLINFRA,208.7,2026-06-24,-0.28,11.62,1.1,32.24,19.67,-16.57
RCOM,0.92,2026-06-24,-1.08,-4.17,1.1,10.84,-13.21,-44.58
JLHL,1371.4,2026-06-24,1.02,3.42,1.09,8.94,-1.93,-3.74
INDIASHLTR,782.75,2026-06-24,0.69,1.7,1.06,11.5,-2.95,-10.06
JUNIPER,199.34,2026-06-24,-2.98,-0.52,1.06,-1.78,-23.15,-30.24
SHRINGARMS,214.9,2026-06-24,3.31,1.02,1.05,16.75,-5.69,
TENNIND,600.35,2026-06-24,2.32,8.42,1.04,12.99,21.1,
WAAREEENER,3028.8,2026-06-24,-1.06,-0.72,1.04,-1.88,-1.67,2.0
BOROLTD,231.36,2026-06-24,-0.87,2.3,1.02,4.5,-19.53,-33.31
21STCENMGM,32.57,2026-06-24,-3.78,1.84,1.02,6.09,-37.01,-48.89
TOUCHWOOD,71.82,2026-06-24,-3.09,2.6,1.01,7.48,-30.94,-37.53
MOMNC,32.16,2026-06-24,-1.2,-0.46,1.01,13.32,6.38,
KANCHI,388.25,2026-06-24,-2.85,8.37,1.01,,,
GMBREW,932.15,2026-06-24,1.51,2.0,1.01,-9.4,-15.23,28.6
PVRINOX,989.6,2026-06-24,1.07,4.85,1.0,4.58,-3.39,2.64
MODTHREAD,45.36,2026-06-24,4.32,0.8,0.98,4.35,5.49,0.93
MAZDOCK,2493.0,2026-06-24,-1.92,2.16,0.97,10.65,-1.56,-23.55
NAHARCAP,255.0,2026-06-24,0.55,-0.02,0.97,18.75,-0.99,-20.7
AGARWALEYE,483.95,2026-06-24,2.48,10.16,0.96,15.71,-4.38,20.31
VGL,68.08,2026-06-24,-2.27,-9.26,0.95,31.89,-7.03,-5.66
LOWVOL,203.03,2026-06-24,-0.25,1.98,0.95,6.56,-6.11,0.54
BAJAJHLDNG,10583.0,2026-06-24,-2.86,2.89,0.95,13.34,-5.71,-22.63
VIAZ,63.9,2026-06-23,0.0,2.9,0.95,5.71,-8.71,18.33
SRGHFL,295.05,2026-06-24,0.07,6.88,0.94,26.5,6.06,-7.62
VSTIND,260.7,2026-06-24,-0.7,0.33,0.93,20.87,2.1,-6.27
LOWVOLIETF,21.74,2026-06-24,-0.37,0.79,0.93,6.0,-6.21,0.51
ELM250,16.42,2026-06-24,-1.2,0.43,0.92,10.42,-2.44,
RHFL,2.19,2026-06-24,0.46,-1.35,0.92,-14.79,-27.0,-66.72
RNBDENIMS,10.95,2026-06-24,-1.17,-2.84,0.92,-56.34,-72.59,
LICNFNHGP,275.48,2026-06-24,0.11,0.91,0.92,7.32,-5.17,-0.43
SBFC,92.0,2026-06-24,-1.35,-0.88,0.91,8.99,-13.21,-14.47
CORALFINAC,31.99,2026-06-24,-0.47,-0.9,0.91,10.16,-22.01,-31.46
DUCON,3.39,2026-06-24,-3.42,-10.55,0.89,22.38,-4.78,-42.64
SHANTHALA,23.2,2026-06-23,5.45,-1.69,0.87,-5.11,-15.79,-24.31
MOINFRA,63.31,2026-06-24,-0.77,1.88,0.86,12.71,6.82,6.05
MAHEPC,118.25,2026-06-24,-1.44,4.55,0.86,12.46,-6.31,-15.19
EMIL,121.69,2026-06-24,0.11,10.69,0.86,36.41,16.48,-16.72
ABSLMSCIN,29.17,2026-06-24,-16.15,2.31,0.86,7.44,,
HEADSUP,7.14,2026-06-24,1.71,2.59,0.85,2.15,-22.05,-23.64
GILT10BETA,26.35,2026-06-24,-0.9,1.39,0.84,1.97,1.11,1.7
KRITI,71.67,2026-06-24,-1.13,-3.15,0.84,31.07,-17.43,-52.98
MIDSMALL,51.09,2026-06-24,-1.73,0.2,0.83,16.48,5.62,0.99
BAJAJFINSV,1780.5,2026-06-24,-0.1,1.73,0.82,4.46,-12.54,-11.34
IPL,166.69,2026-06-24,-1.93,2.53,0.82,24.48,-4.93,-22.47
DEVYANI,115.33,2026-06-24,-1.64,3.53,0.81,12.87,-20.56,-31.75
MAMATA,410.25,2026-06-24,7.27,13.67,0.81,16.38,-1.22,-2.92
MADHAV,36.07,2026-06-24,-5.92,-1.85,0.81,11.84,-13.17,-24.22
AMNPLST,192.14,2026-06-24,-1.92,-0.97,0.81,27.99,-1.24,-19.57
KHANDSE,17.65,2026-06-24,-1.89,-1.56,0.8,16.81,-18.89,-24.38
NXST,157.88,2026-06-23,1.18,2.09,0.77,5.37,1.6,20.31
RAMANEWS,29.2,2026-06-24,0.34,-2.05,0.76,-6.38,-5.78,-7.92
SPENCERS,37.03,2026-06-24,-1.57,0.41,0.76,31.78,-11.07,-40.65
UFO,74.0,2026-06-24,-0.55,0.14,0.76,17.35,-12.13,4.11
AATMAJ,20.0,2026-06-23,0.0,3.36,0.76,6.95,-19.68,8.7
TATAINVEST,670.2,2026-06-24,-2.86,-0.65,0.74,15.39,-5.41,0.08
MANAKSIA,58.3,2026-06-24,-0.03,-2.46,0.74,23.26,-6.9,-20.21
VALIANTORG,286.85,2026-06-24,0.84,1.4,0.74,21.53,2.41,-32.72
MEDIASSIST,374.55,2026-06-24,1.46,-0.54,0.73,19.4,-15.85,-21.08
ROML,46.13,2026-06-24,-1.09,0.99,0.72,12.76,-10.18,-18.94
ROSSTECH,930.2,2026-06-24,-13.97,-6.77,0.71,32.62,46.63,124.26
PLAZACABLE,47.46,2026-06-24,-1.39,-0.84,0.7,49.95,13.73,-20.49
BALKRISIND,2223.7,2026-06-24,-1.12,1.42,0.7,8.07,-3.12,-6.51
EBBETF0425,1290.83,2025-04-08,0.02,0.23,0.7,1.9,3.85,7.57
TAINWALCHM,197.1,2026-06-24,-1.36,-0.53,0.7,12.22,-1.5,-12.36
TVSMOTOR,3440.6,2026-06-24,-1.38,-0.55,0.68,-0.78,-5.8,21.7
GHCL,436.4,2026-06-24,-0.42,0.52,0.67,4.44,-20.53,-22.25
3MINDIA,33535.0,2026-06-24,0.63,5.91,0.66,6.26,-3.01,20.05
EQUAL50ADD,339.64,2026-06-24,-0.32,0.85,0.65,8.7,-1.5,4.71
GILLANDERS,92.18,2026-06-24,3.39,0.59,0.63,16.18,-9.49,-33.44
ALBERTDAVD,710.2,2026-06-24,-0.11,-1.55,0.62,10.13,-5.15,-15.25
HPAL,36.01,2026-06-24,-3.15,-3.38,0.61,20.27,-17.26,-28.47
TORNTPHARM,4504.4,2026-06-24,1.06,0.01,0.61,6.03,18.52,42.86
MIDCAP,18.03,2026-06-24,-0.77,0.78,0.61,14.26,-88.7,-88.7
ARENTERP,38.55,2026-06-24,-3.24,2.8,0.6,4.84,-20.19,-16.74
REPCOHOME,390.9,2026-06-24,-0.64,-0.18,0.6,8.84,-1.59,-8.99
SBINEQWETF,32.95,2026-06-24,-0.72,0.43,0.58,7.96,-1.79,4.24
ADVANIHOTR,52.87,2026-06-24,-1.58,0.25,0.57,9.79,-4.39,-9.95
HDFCLOWVOL,20.23,2026-06-24,-0.3,0.5,0.55,5.92,-6.08,0.65
KOTHARIPET,123.06,2026-06-24,-0.03,1.18,0.54,13.78,-7.37,-30.82
KSCL,923.35,2026-06-24,-2.21,4.88,0.54,14.11,-5.68,-23.04
BALMLAWRIE,181.81,2026-06-24,-0.8,2.58,0.53,11.57,1.2,-7.08
TANLA,521.35,2026-06-24,-0.12,-0.07,0.53,28.29,-3.67,-18.35
DTIL,138.48,2026-06-24,-0.77,2.4,0.51,13.22,-14.51,-27.27
MASTER,341.0,2026-06-23,-2.92,-1.94,0.51,15.06,4.19,-2.24
MARC,88.65,2026-06-23,10.19,21.94,0.51,38.95,,
ORCHASP,2.01,2026-06-24,9.84,4.69,0.5,-9.05,-30.69,-26.64
MAKEINDIA,161.17,2026-06-24,-1.69,-0.6,0.49,10.66,3.85,11.55
MAHAPEXLTD,47.92,2026-06-24,-0.19,-2.08,0.48,-11.44,-55.62,-57.46
SANOFICONR,4685.3,2026-06-24,-0.73,0.79,0.47,14.67,6.01,-4.86
LENSKART,516.35,2026-06-24,-0.13,3.4,0.47,2.86,14.24,
NIVABUPA,86.39,2026-06-24,-0.47,3.6,0.47,25.86,13.76,5.79
GUJRAFFIA,41.43,2026-06-24,-4.65,0.7,0.44,12.67,-15.96,-0.89
ALKEM,5428.5,2026-06-24,1.15,1.77,0.44,2.48,-1.68,13.93
NFL,76.7,2026-06-24,-2.12,1.35,0.43,11.81,-12.48,-22.27
BIRET,321.71,2026-06-23,-0.11,0.73,0.43,2.18,0.24,10.97
LIQUID1,1110.33,2026-06-24,0.03,0.13,0.43,1.25,2.44,5.12
STEELCITY,77.51,2026-06-24,-1.57,1.28,0.43,3.1,-12.02,-25.12
EQUAL50,327.98,2026-06-24,-0.41,0.43,0.42,8.19,-1.93,4.17
ELIQUID,1036.35,2026-06-24,0.03,0.12,0.42,1.25,2.44,
CASHIETF,1067.79,2026-06-24,0.03,0.12,0.42,1.24,2.42,5.08
HDFCLIQUID,1066.28,2026-06-24,0.03,0.12,0.42,1.24,2.37,6.38
SBILIQETF,1044.43,2026-06-24,0.03,0.12,0.42,1.23,2.41,
LIQUIDPLUS,1091.24,2026-06-24,0.03,0.12,0.42,1.24,2.43,5.11
AONELIQUID,1065.15,2026-06-24,0.03,0.12,0.42,1.25,2.42,5.07
LIQUIDADD,1132.49,2026-06-24,0.03,0.12,0.42,1.23,2.39,5.01
LIQUIDCASE,114.68,2026-06-24,0.03,0.13,0.42,1.24,2.4,5.05
ASIANENE,371.65,2026-06-24,-0.71,2.26,0.41,41.12,25.79,26.88
LIQUIDBETF,1087.19,2026-06-24,0.02,0.12,0.4,1.22,2.35,4.93
LIQUIDSHRI,1109.99,2026-06-24,0.03,0.12,0.4,1.18,2.3,4.85
SHALBY,171.62,2026-06-24,-1.8,0.59,0.4,26.24,-14.74,-4.98
LIQGRWBEES,1044.75,2026-06-24,0.03,0.12,0.4,1.18,2.3,
GROWWLIQID,109.61,2026-06-24,0.03,0.12,0.39,1.17,2.28,4.82
ORIENTCEM,136.4,2026-06-24,-0.1,-0.04,0.39,6.35,-19.98,-38.28
ETHOSLTD,2416.9,2026-06-24,-1.43,-1.17,0.38,9.58,-19.35,-10.09
ANGELONE,340.65,2026-06-24,-3.99,-3.31,0.38,48.9,37.16,17.05
FINIETF,32.28,2026-06-24,-0.65,1.06,0.37,12.51,-1.47,5.15
CENTENKA,523.7,2026-06-24,-3.8,5.07,0.36,29.48,19.05,5.82
BALRAMCHIN,536.8,2026-06-24,0.04,-2.68,0.32,12.55,21.92,-9.13
BHARTIARTL,1877.3,2026-06-24,-2.05,1.96,0.32,4.17,-11.6,-2.1
MOVALUE,116.68,2026-06-24,-1.03,-0.86,0.31,8.12,2.55,13.75
JIOFIN,238.87,2026-06-24,-1.85,-0.27,0.29,2.65,-20.08,-20.46
SAKSOFT,139.43,2026-06-24,-1.34,-3.0,0.29,18.75,-31.53,-28.26
CIFL,25.24,2026-06-24,-0.83,2.48,0.28,7.27,-33.84,-40.17
TIMKEN,3760.3,2026-06-24,-0.02,6.81,0.27,19.88,22.6,12.15
MOL,50.52,2026-06-24,-0.45,1.83,0.26,19.69,-21.81,-47.39
TI,436.5,2026-06-24,-0.96,0.17,0.26,-0.18,-7.29,24.68
KTKBANK,265.15,2026-06-24,-3.32,-2.77,0.25,21.56,28.74,32.48
EMAMILTD,403.9,2026-06-24,-0.71,1.79,0.25,0.3,-20.89,-27.1
DONEAR,91.39,2026-06-24,0.67,1.4,0.25,10.08,-1.75,-14.75
ABSLLIQUID,1000.0,2026-06-24,0.0,0.0,0.24,0.77,1.57,3.28
HATSUN,913.35,2026-06-24,-0.57,0.32,0.24,-0.16,-6.25,-0.41
MON50EQUAL,32.91,2026-06-24,-0.87,0.95,0.24,10.33,-1.97,4.28
LOWVOL1,20.71,2026-06-24,-0.14,0.98,0.24,6.64,-6.12,0.88
GOYALSALT,114.65,2026-06-23,-1.92,-2.18,0.22,7.65,-28.79,-27.89
SANDESH,998.3,2026-06-24,-0.13,4.53,0.22,12.11,-8.43,-13.89
PRECOT,734.1,2026-06-24,-3.25,0.48,0.2,48.62,70.13,37.37
URBAN,134.7,2026-06-23,1.2,2.05,0.19,14.64,-9.6,-11.09
ASAHIINDIA,857.55,2026-06-24,-0.55,-3.95,0.18,5.48,-11.58,24.29
DHANLAXMI,30.1,2026-06-23,6.74,3.79,0.17,22.86,3.61,-39.01
NAVA,610.05,2026-06-24,-1.94,1.06,0.16,8.57,8.36,8.46
SHYAMMETL,949.3,2026-06-24,-1.2,-2.12,0.16,20.57,15.24,14.33
AMDIND,45.56,2026-06-24,-0.46,-1.28,0.15,22.74,-5.58,-7.62
MANKIND,2483.0,2026-06-24,-2.18,4.31,0.15,24.91,13.21,7.65
VESUVIUS,467.55,2026-06-24,-0.43,2.84,0.14,2.94,-2.41,-16.12
PODDARMENT,250.25,2026-06-24,-0.28,-2.49,0.12,20.39,-4.83,-16.0
SUPREMEIND,3560.4,2026-06-24,-0.76,0.29,0.12,-5.17,7.23,-20.17
GILLETTE,7793.0,2026-06-24,-0.66,0.91,0.12,0.87,-4.03,-22.57
ICICIGI,1821.1,2026-06-24,-2.1,5.02,0.1,5.66,-6.7,-7.69
SERVICE,50.15,2026-06-23,0.0,1.83,0.1,-4.02,11.69,-12.71
MAPMYINDIA,861.4,2026-06-24,-3.26,-0.27,0.08,-0.85,-49.36,-51.04
MOLOWVOL,36.6,2026-06-24,-0.44,0.97,0.08,5.54,-6.03,-2.14
NIRLON,619.95,2026-06-24,-0.07,-0.02,0.07,,,
NV20IETF,13.74,2026-06-24,-0.65,-0.87,0.07,1.63,-9.55,-5.24
COMPUSOFT,13.38,2026-06-24,-2.34,-2.26,0.07,6.36,-19.2,-38.06
INDIAMART,1974.0,2026-06-24,-3.73,-0.86,0.05,3.42,-8.95,-18.59
BEACON,97.1,2026-06-23,4.63,10.34,0.05,36.66,14.64,68.87
TNIDETF,81.13,2026-06-24,-0.98,0.63,0.05,3.55,-19.04,-12.86
CRISIL,4087.3,2026-06-24,-3.25,2.64,0.04,4.14,-3.84,-28.75
AROGRANITE,25.54,2026-06-24,-3.29,0.0,0.04,14.84,-19.66,-37.39
MMFL,450.5,2026-06-24,-0.21,-3.88,0.04,9.52,24.25,24.84
USHAMART,465.8,2026-06-24,-3.09,-5.89,0.02,18.42,2.63,41.4
ARIHANT,865.45,2026-06-24,0.22,-0.93,0.02,2082.72,2082.72,2082.72
HAL,4368.9,2026-06-24,-3.24,1.97,0.01,19.56,-0.36,-9.55
ATLASCYCLE,98.68,2026-06-24,-1.62,-2.02,0.01,20.99,6.92,-19.22
KALYANI,138.09,2026-06-23,0.0,0.0,0.0,0.0,0.0,
JINDCOT,2.5,2024-11-08,0.0,0.0,0.0,0.0,0.0,0.0
SECURCRED,1.56,2026-06-23,0.0,0.0,0.0,0.0,0.0,0.0
SHAIVAL,33.0,2026-06-23,0.0,0.0,0.0,0.0,8.2,8.2
MELSTAR,4.25,2026-06-23,0.0,0.0,0.0,0.0,0.0,0.0
FIVECORE,31.7,2026-06-19,0.0,0.0,0.0,0.0,0.0,0.0
KTL,4.85,2026-06-23,0.0,0.0,0.0,0.0,0.0,-43.27
ANDREWYU,31.35,2023-12-06,0.0,0.0,0.0,-0.32,29.31,21.31
MBECL,65.4,2026-06-23,0.0,0.0,0.0,0.0,0.0,0.0
OMKARCHEM,3.41,2026-06-23,0.0,0.0,0.0,-13.23,-41.71,-48.88
WATERBASE,74.9,2023-12-06,0.0,0.0,0.0,-13.41,-1.45,-5.79
SIIL,26.0,2026-06-19,0.0,0.0,0.0,0.0,0.0,0.0
TECHIN,14.0,2026-06-23,0.0,0.0,0.0,0.0,0.0,0.0
AVSL,119.7,2026-06-23,0.0,0.0,0.0,0.0,-5.0,-7.35
MARSHALL,3.64,2026-06-23,0.0,0.0,0.0,0.0,-4.96,-66.64
LIQUID,999.99,2026-06-24,0.0,0.0,0.0,0.4,1.57,4.08
NILASPACES,12.9,2026-06-24,-0.54,-1.6,0.0,5.05,-22.57,8.86
ORTEL,1.6,2026-06-24,0.0,2.56,0.0,-9.6,-1.23,-28.25
OPAL,43.0,2026-06-19,0.0,0.0,0.0,0.0,0.0,0.0
GANGOTRI,0.61,2026-06-23,0.0,0.0,0.0,0.0,0.0,-7.58
YUDIZ,27.0,2026-06-23,4.85,16.13,0.0,8.0,-3.57,-17.68
SUULD,1.57,2026-06-23,0.0,0.0,0.0,0.0,4.67,-45.49
BRIGHT,2.8,2026-06-23,0.0,0.0,0.0,0.0,0.0,0.0
QUADPRO,2.25,2026-06-23,0.0,4.65,0.0,12.5,-8.16,-51.09
FLEXIADD,9.71,2026-06-24,-1.12,0.0,0.0,6.24,-9.84,
HBESD,74.99,2026-06-24,2.73,1.02,0.0,,,
ALPSINDUS,34.3,2026-06-23,0.0,0.0,0.0,0.0,-10.68,27.51
PODDARHOUS,43.37,2026-06-23,0.0,0.0,0.0,0.0,0.0,0.0
PRAKASHSTL,4.36,2026-06-24,-4.39,-2.46,0.0,5.31,4.56,-29.56
GROWWPOWER,12.16,2026-06-24,-2.88,1.76,0.0,18.63,,
CADSYS,70.45,2026-06-23,0.0,0.0,0.0,56.73,65.96,-2.15
DSKULKARNI,13.55,2026-06-23,0.0,0.0,0.0,0.0,0.0,0.0
EMBDL,61.71,2026-06-24,-0.19,0.41,0.0,43.05,0.15,-47.92
LIQUIDIETF,999.99,2026-06-24,0.0,0.0,0.0,0.0,0.0,0.0
SAROJA,33.0,2026-06-23,0.0,2.17,0.0,17.23,-17.5,-8.21
KANANIIND,1.57,2026-06-24,-1.26,0.64,0.0,22.66,-7.65,-26.29
MINDPOOL,71.1,2026-06-23,0.0,0.0,0.0,0.0,0.0,38.19
LIQUIDETF,1000.0,2026-06-24,0.0,0.0,0.0,0.38,1.46,3.77
BKMINDST,45.0,2026-06-23,0.0,0.0,0.0,0.0,0.0,0.0
VIVIDHA,0.54,2026-06-24,1.89,3.85,0.0,3.85,-19.4,-35.71
BURNPUR,33.0,2026-06-23,0.0,0.0,0.0,0.0,0.0,0.0
JAKHARIA,60.5,2026-06-23,0.0,0.0,0.0,0.0,0.0,-30.1
APLAB,32.5,2026-06-19,0.0,0.0,0.0,0.0,0.0,0.0
VERA,69.0,2026-06-23,0.0,0.0,0.0,0.0,-1.29,1.47
LIQUIDSBI,1000.01,2026-06-24,0.0,0.0,0.0,0.42,1.55,3.53
AJRINFRA,0.7,2026-06-23,0.0,0.0,0.0,0.0,0.0,0.0
SAHAJ,3.85,2026-06-23,0.0,0.0,0.0,-4.94,-34.19,-64.68
LIQUIDBEES,999.99,2026-06-24,-0.0,0.0,-0.0,0.0,-0.0,1.31
PERFECT,8.1,2026-06-23,0.0,0.0,0.0,0.0,0.0,-34.94
HERCULES,159.32,2026-06-23,0.0,0.0,0.0,0.0,-1.33,-15.17
DESTINY,105.9,2026-06-23,0.0,0.0,0.0,-14.22,-9.87,22.5
INDLMETER,23.69,2026-06-23,0.0,0.0,0.0,0.0,0.0,0.0
RMCL,200.0,2026-06-23,0.0,0.0,0.0,0.0,0.0,0.0
GOENKA,0.82,2026-06-23,0.0,0.0,0.0,0.0,0.0,-8.89
VELS,68.35,2026-06-23,0.0,0.0,0.0,42.54,22.16,3.56
SRIRAM,10.1,2026-06-23,0.0,0.0,0.0,0.0,0.0,0.0
AHIMSA,24.7,2026-06-23,0.0,0.0,0.0,0.0,-1.2,11.76
ASIANHOTNR,295.15,2026-06-24,-2.06,-1.45,-0.02,1.17,-7.07,-15.66
AFSL,201.13,2026-06-24,0.06,0.06,-0.02,0.06,-0.61,-18.0
ESCORTS,2930.6,2026-06-24,-0.67,4.62,-0.03,1.06,-21.0,-10.26
AHLADA,39.94,2026-06-24,-0.77,-2.28,-0.03,7.54,-20.9,-40.33
RATNAVEER,182.4,2026-06-24,-2.48,9.96,-0.05,31.75,18.55,19.63
THEINVEST,99.21,2026-06-24,0.81,0.86,-0.07,-1.69,-17.19,-33.36
RAMCOCEM,913.75,2026-06-24,3.09,0.27,-0.09,1.81,-13.83,-10.34
SDL26BEES,136.94,2026-04-27,-0.44,-0.33,-0.1,1.29,2.15,5.7
ELPROINTL,172.1,2026-06-24,0.2,1.77,-0.12,,,
BVCL,41.87,2026-06-24,1.38,-0.07,-0.12,10.94,-7.41,14.96
SGFIN,584.1,2026-06-24,-1.4,-2.68,-0.12,41.45,44.69,
HLVLTD,7.93,2026-06-24,-1.12,-1.61,-0.13,19.61,-18.58,-40.24
BHARATSE,184.97,2026-06-24,-1.79,1.31,-0.14,18.91,3.27,85.66
NAHARPOLY,255.05,2026-06-24,1.15,2.59,-0.14,13.61,5.83,-28.67
EIHAHOTELS,322.6,2026-06-24,-1.07,4.55,-0.14,7.43,-9.95,-12.19
RUCHINFRA,6.28,2026-06-24,-1.26,-0.79,-0.16,30.29,-2.94,-16.27
DBSTOCKBRO,29.81,2026-06-24,1.09,-6.23,-0.17,17.87,19.48,-1.55
ELECON,530.85,2026-06-24,-2.61,-5.26,-0.17,38.44,10.71,-15.06
KSOLVES,282.6,2026-06-24,-3.71,-4.41,-0.19,5.33,-1.75,-14.75
GROWWLOVOL,10.22,2026-06-24,-0.1,0.79,-0.2,4.39,-4.87,1.58
EMAMIREAL,85.91,2026-06-24,-4.54,-2.01,-0.2,62.83,5.02,-26.77
EMBASSY,428.99,2026-06-23,0.63,-0.23,-0.21,4.21,3.47,16.51
TGBHOTELS,9.09,2026-06-24,0.22,0.33,-0.22,9.39,-7.53,-26.34
FIEMIND,2217.4,2026-06-24,-4.03,-7.1,-0.22,10.24,-7.37,22.14
ICICIB22,120.12,2026-06-24,-0.92,0.37,-0.23,4.94,2.92,9.85
AARON,118.9,2026-06-24,-1.0,-3.05,-0.23,-10.82,-33.4,-36.68
RPGLIFE,2288.7,2026-06-24,-1.97,-0.39,-0.23,28.48,-2.7,-3.87
IGCL,61.48,2026-06-24,-0.19,-1.14,-0.23,13.56,-26.28,
GANGESSECU,121.94,2026-06-24,0.35,-1.19,-0.24,13.78,-11.4,-27.0
SUYOG,801.05,2026-06-24,-2.42,9.27,-0.24,30.88,30.18,-7.72
SJVN,72.91,2026-06-24,-1.66,-0.31,-0.25,8.93,-1.3,-24.57
GOKULAGRO,220.83,2026-06-24,0.29,-1.03,-0.25,18.53,19.43,52.3
GMMPFAUDLR,805.05,2026-06-24,-2.32,3.7,-0.25,-3.17,-24.49,-31.4
MSPL,42.11,2026-06-24,-5.9,0.0,-0.26,43.62,15.21,56.72
BALKRISHNA,18.65,2026-06-24,-2.97,1.91,-0.27,19.55,1.36,-9.2
BLUESTARCO,1652.8,2026-06-24,-0.71,2.58,-0.27,-0.79,-7.01,1.82
AONETMMQ50,10.24,2026-06-24,-2.2,0.0,-0.29,15.71,4.38,
NV20BEES,141.11,2026-06-24,-0.32,-0.66,-0.29,1.34,-9.51,48.19
KSL,826.0,2026-06-24,-0.01,1.82,-0.31,26.81,11.81,-3.3
HDFCVALUE,126.9,2026-06-24,-0.48,-0.68,-0.32,1.37,-9.79,-5.11
GLOBUSSPR,869.45,2026-06-24,-3.22,1.12,-0.32,-2.22,-12.05,-8.61
ASTRAL,1536.7,2026-06-24,-1.35,-0.52,-0.32,-3.62,10.03,2.66
GLAND,2326.2,2026-06-24,6.38,5.11,-0.33,39.28,40.98,33.03
EMULTIMQ,42.44,2026-06-24,-1.35,0.0,-0.33,13.23,0.81,-2.75
CINELINE,79.2,2026-06-24,0.04,0.35,-0.34,-6.45,-15.1,-12.15
NAVNETEDUL,141.02,2026-06-24,0.66,-3.34,-0.34,13.77,-2.03,1.43
REPRO,367.25,2026-06-24,-2.44,0.91,-0.34,5.14,-21.97,-28.42
BIKAJI,650.95,2026-06-24,-1.82,-1.3,-0.34,5.58,-12.22,-8.32
AUTOIND,84.32,2026-06-24,4.55,9.63,-0.37,44.63,3.38,5.43
ACC,1347.0,2026-06-24,-0.21,-0.69,-0.38,1.54,-22.11,-26.68
VAL30IETF,15.67,2026-06-24,-0.82,-0.57,-0.38,7.85,7.18,20.54
DCMNVL,152.3,2026-06-24,2.9,-3.29,-0.39,45.81,20.69,-13.55
LYPSAGEMS,4.9,2026-06-24,-1.41,-1.01,-0.41,8.89,1.24,-38.05
63MOONS,677.35,2026-06-24,-0.65,2.58,-0.41,36.01,-9.1,-29.56
SHRADHA,34.4,2026-06-24,-1.26,1.59,-0.41,19.2,-14.13,-52.66
ENDURANCE,2710.6,2026-06-24,1.03,3.6,-0.41,20.98,4.98,8.54
ASHOKLEY,154.91,2026-06-24,-1.45,-1.77,-0.42,-5.73,-10.13,31.76
CELLO,380.65,2026-06-24,-2.2,-0.05,-0.42,-6.67,-30.52,-33.49
AARTIPHARM,710.05,2026-06-24,4.73,10.83,-0.43,14.02,-6.35,-16.42
EUREKAFORB,462.45,2026-06-24,-2.69,1.13,-0.43,4.58,-27.49,-24.29
MWL,367.75,2026-06-24,-2.26,-2.45,-0.46,47.54,37.51,124.99
SADBHAV,8.72,2026-06-24,-0.11,-4.18,-0.46,13.25,-31.98,-30.02
PDMJEPAPER,83.91,2026-06-24,-0.29,1.68,-0.47,19.85,-12.18,-23.65
PHANTOMFX,181.2,2026-06-23,1.34,6.12,-0.49,3.04,-23.95,-30.12
ACI,529.8,2026-06-24,-0.69,-1.69,-0.49,-12.35,1.64,-13.55
ARIS,118.68,2026-06-24,-1.26,-5.36,-0.51,15.84,-14.07,
TAKE,29.05,2026-06-24,-2.78,-1.63,-0.51,-22.22,-25.55,242.17
NIPPOBATRY,351.0,2026-06-24,-1.25,-1.4,-0.51,23.81,-14.97,-24.72
SHARDACROP,888.15,2026-06-24,-1.67,-2.97,-0.55,-2.66,2.37,12.88
M&M,3064.5,2026-06-24,0.04,-2.23,-0.55,1.1,-15.73,-1.94
CRIZAC,202.48,2026-06-24,-3.77,-6.75,-0.56,6.79,-26.66,
RTNINDIA,34.41,2026-06-24,-2.88,-3.15,-0.58,25.26,-17.82,-41.58
SBGLP,25.67,2026-06-24,-2.02,-3.68,-0.58,7.0,-32.13,-39.41
BLKASHYAP,56.92,2026-06-24,1.61,5.0,-0.59,18.12,11.28,-12.81
AXISVALUE,33.5,2026-06-24,-1.15,-0.95,-0.59,9.44,8.13,18.79
YATHARTH,857.0,2026-06-24,0.6,3.33,-0.6,32.39,24.32,68.82
SURAJLTD,229.61,2026-06-24,0.01,-0.54,-0.61,3.97,-8.29,-42.16
ALPA,68.74,2026-06-24,1.72,-2.16,-0.61,23.63,-12.29,-30.62
MARICO,819.45,2026-06-24,0.86,1.21,-0.61,10.87,11.53,17.64
MINDSPACE,461.36,2026-06-23,-0.59,-0.4,-0.61,4.72,1.3,18.53
OILCOUNTUB,57.35,2026-06-24,1.74,0.65,-0.62,46.38,-9.36,-33.75
REDTAPE,133.22,2026-06-24,-1.82,-1.93,-0.63,15.06,7.48,6.28
BALUFORGE,472.75,2026-06-24,3.18,5.37,-0.63,10.83,-22.82,-28.15
SHAHALLOYS,72.32,2026-06-24,0.03,8.1,-0.63,25.77,2.81,17.82
CHEVIOT,1122.0,2026-06-24,-0.58,2.22,-0.64,16.28,3.24,2.84
PIXTRANS,1612.8,2026-06-24,-0.19,-0.71,-0.65,11.44,12.43,5.76
WEL,94.1,2026-06-24,-0.04,-0.22,-0.65,-28.52,-36.31,-42.52
SHERA,167.05,2026-06-23,-0.27,10.12,-0.65,62.18,25.18,15.21
PKTEA,780.0,2026-06-24,0.26,2.76,-0.68,-3.11,-15.25,-3.51
GODREJCP,1020.5,2026-06-24,0.1,-1.57,-0.68,1.85,-13.6,-11.5
BANSALWIRE,314.95,2026-06-24,1.71,0.48,-0.69,29.45,1.25,-18.97
DHUNINV,856.0,2026-06-24,-1.59,5.16,-0.69,15.22,-36.35,-40.98
SIGIND,50.11,2026-06-24,0.58,1.05,-0.69,16.59,-7.7,-16.36
ECAPINSURE,24.46,2026-06-24,-1.69,1.87,-0.69,12.2,0.78,4.4
BHARATRAS,1393.5,2026-06-24,-0.14,-3.26,-0.69,7.05,-40.06,-44.66
NAHARSPING,261.3,2026-06-24,2.61,3.4,-0.71,28.46,32.36,-2.22
BEL,413.55,2026-06-24,-4.16,0.98,-0.72,-0.22,3.83,-0.53
ZFSTEERING,699.5,2026-06-24,-0.46,-0.6,-0.72,,,
SHARDAMOTR,846.85,2026-06-24,1.97,5.32,-0.73,10.7,-11.0,-8.28
ENERGY,40.07,2026-06-24,-2.2,1.14,-0.74,13.51,14.18,
SMSPHARMA,378.5,2026-06-24,1.07,0.13,-0.77,-4.21,21.43,61.84
SRM,511.5,2026-06-24,-0.89,3.5,-0.77,28.86,-4.7,6.4
GREENPANEL,193.12,2026-06-24,2.7,-0.29,-0.77,6.91,-15.82,-27.25
PFS,30.59,2026-06-24,-2.73,-0.62,-0.78,14.61,-9.42,-27.6
VERANDA,239.51,2026-06-24,0.2,-0.82,-0.8,68.55,29.06,21.41
JKCEMENT,5513.0,2026-06-24,0.71,6.5,-0.8,7.62,-3.14,-5.25
JMFINANCIL,126.0,2026-06-24,-2.16,1.96,-0.81,6.22,-11.71,-14.04
BLIL,71.7,2026-06-24,-0.54,-0.21,-0.82,,,
PERSISTENT,4928.5,2026-06-24,1.4,0.78,-0.84,0.3,-22.14,-18.46
RAILTEL,317.4,2026-06-24,-1.89,-0.42,-0.84,21.15,-10.72,-23.86
AERONEU,90.12,2026-06-24,-4.29,2.28,-0.84,18.14,16.49,-23.84
HONDAPOWER,2202.5,2026-06-24,-3.34,0.3,-0.85,9.62,-6.23,-21.34
CYIENT,893.95,2026-06-24,1.97,-0.34,-0.86,11.96,-20.3,-30.02
3IINFOLTD,17.24,2026-06-24,-1.03,-2.93,-0.86,26.39,2.19,-31.15
IIFLCAPS,339.6,2026-06-24,-1.72,-0.31,-0.86,30.57,2.82,0.09
MOQUALITY,200.41,2026-06-24,-2.0,0.5,-0.87,10.68,0.0,2.59
GRASIM,3127.9,2026-06-24,-1.49,-1.16,-0.87,22.69,10.65,12.89
EFORCE,22.35,2026-06-23,-4.08,-6.87,-0.89,21.47,-36.32,-56.13
PRAVEG,252.25,2026-06-24,7.55,8.71,-0.9,,,
ARABIAN,68.9,2026-06-23,4.39,4.39,-0.93,-2.96,-3.64,-15.41
AARTISURF,378.95,2026-06-24,0.92,-2.72,-0.93,7.86,-4.43,-30.54
MANOMAY,181.23,2026-06-24,-4.15,-2.4,-0.95,-16.73,-11.23,7.1
FISCHER,36.13,2026-06-24,2.88,1.03,-0.96,2.26,-16.29,
MANYAVAR,411.4,2026-06-24,-1.43,-0.06,-0.96,17.22,-29.31,-47.74
MASON,128.75,2026-06-23,2.1,-8.04,-0.96,-0.46,-32.94,-19.53
PICCADIL,562.75,2026-06-24,-2.53,-1.86,-0.98,3.77,-0.37,
TVSHLTD,13363.0,2026-06-24,-2.39,-1.18,-0.99,-2.04,-4.58,24.37
BCLIND,34.52,2026-06-24,-3.79,-9.94,-1.0,29.68,7.61,-17.64
VALUE,16.44,2026-06-24,-1.62,-2.43,-1.02,,,
ANTHEM,769.1,2026-06-24,0.39,-0.56,-1.03,19.99,15.15,
OILIETF,11.4,2026-06-24,-0.35,0.62,-1.04,3.35,-5.86,-1.13
AEPL,16.15,2026-06-24,-2.0,-1.04,-1.04,0.12,,
BIRLACORPN,995.55,2026-06-24,-1.11,1.45,-1.05,20.59,-7.72,-21.85
MFSL,1662.3,2026-06-24,-1.44,1.82,-1.05,4.98,-0.97,2.71
INDBANK,33.23,2026-06-24,-1.72,-1.57,-1.07,9.13,-5.68,-3.49
ADVENTHTL,142.8,2026-06-24,-1.83,2.05,-1.07,0.79,-40.85,
HINDUNILVR,2157.8,2026-06-24,-0.24,1.1,-1.08,4.54,-4.49,-2.93
HDFCGROWTH,111.91,2026-06-24,-0.36,-1.09,-1.08,1.88,-14.36,-5.16
MOENERGY,39.96,2026-06-24,-2.27,0.76,-1.09,13.54,13.78,
GREENPOWER,10.85,2026-06-24,-2.6,-2.86,-1.09,21.77,-9.36,-20.28
SCILAL,45.05,2026-06-24,-2.19,-2.11,-1.1,13.88,-3.76,-15.0
ARCHIES,14.44,2026-06-24,-1.84,2.05,-1.1,10.74,-22.03,-31.07
LINDEINDIA,7141.5,2026-06-24,-3.68,2.9,-1.11,-3.41,22.43,9.03
360ONE,1099.9,2026-06-24,-3.45,-2.73,-1.12,11.83,-7.5,-3.11
ITC,290.35,2026-06-24,-0.31,0.85,-1.14,2.41,-25.11,-26.51
CENTEXT,19.9,2026-06-24,-1.73,-2.5,-1.14,8.21,-7.18,0.15
GAEL,161.56,2026-06-24,0.22,2.87,-1.15,25.52,28.97,43.93
IREDA,127.52,2026-06-24,-2.54,2.16,-1.15,12.09,-7.17,-22.85
NDL,2.59,2026-06-24,3.19,-0.77,-1.15,23.33,-14.24,-30.0
POWERGRID,290.9,2026-06-24,0.4,1.82,-1.16,-2.71,9.74,5.06
MANGALAM,29.07,2026-06-24,-3.13,-1.72,-1.16,-0.82,21.12,-63.59
HDFCQUAL,56.41,2026-06-24,-2.22,-0.42,-1.16,5.91,-6.74,-1.95
SHANKARA,125.0,2026-06-24,0.61,11.06,-1.17,17.03,15.41,-87.75
AVONMORE,10.82,2026-06-24,-0.64,-3.39,-1.19,-5.83,-43.38,-38.77
CTE,31.51,2026-06-24,0.77,-1.59,-1.19,36.47,-21.42,-31.57
PROPEQUITY,247.0,2026-06-23,0.0,2.07,-1.2,30.0,26.7,17.62
ULTRACEMCO,11430.0,2026-06-24,0.25,-0.31,-1.2,6.19,-2.84,-0.66
HAVELLS,1186.2,2026-06-24,0.41,1.29,-1.22,-3.41,-16.05,-24.0
PIIND,2746.8,2026-06-24,-2.1,-3.09,-1.23,-0.44,-14.51,-33.94
HERANBA,187.79,2026-06-24,-2.27,-0.94,-1.23,7.46,-26.2,-37.35
PNBHOUSING,1046.5,2026-06-24,3.57,2.87,-1.24,33.78,8.3,-1.33
MAGNUM,19.71,2026-06-24,-1.2,0.0,-1.25,17.67,-14.3,-26.21
GOODLUCK,1417.8,2026-06-24,-4.42,7.07,-1.25,45.76,34.58,31.21
ELLEN,279.0,2026-06-24,-2.6,-0.13,-1.26,39.02,-19.05,
BRITANNIA,5262.5,2026-06-24,0.86,1.21,-1.29,-4.55,-12.73,-5.08
PYRAMID,171.34,2026-06-24,-1.66,1.98,-1.29,21.68,3.69,-3.56
ZENITHEXPO,205.79,2026-06-24,-4.95,-2.79,-1.29,13.31,-6.14,-17.39
SNXT30BEES,41.93,2026-06-24,-1.36,0.29,-1.32,11.13,3.84,9.14
SWELECTES,620.25,2026-06-24,-1.87,-3.43,-1.33,12.05,-2.93,9.35
SIGMA,39.07,2026-06-24,2.28,-3.27,-1.34,1.24,-31.08,4.33
BHEL,402.9,2026-06-24,-2.09,5.24,-1.38,56.04,44.82,55.32
ICRA,5306.5,2026-06-24,1.2,2.96,-1.38,3.67,-15.76,-19.93
HEROMOTOCO,4897.2,2026-06-24,-1.74,-2.52,-1.39,-6.77,-12.39,18.07
NSIL,5540.5,2026-06-24,-3.64,-1.68,-1.41,6.9,-15.71,-18.32
TATACHEM,728.35,2026-06-24,-0.7,-0.92,-1.42,21.62,-3.38,-18.96
CSLFINANCE,228.19,2026-06-24,0.84,-0.45,-1.43,-0.64,-27.19,-30.9
DIGJAMLMTD,47.01,2026-06-24,5.31,5.43,-1.43,19.59,-7.99,38.26
QUAL30IETF,20.52,2026-06-24,-1.01,-0.29,-1.44,6.99,-7.07,-3.12
NATHBIOGEN,170.32,2026-06-24,1.25,0.77,-1.45,24.64,5.45,-15.4
CINEVISTA,15.49,2026-06-24,0.91,0.85,-1.46,6.31,1.91,-23.73
IEX,125.21,2026-06-24,-0.37,1.84,-1.46,6.33,-7.49,-31.45
DOLATALGO,74.02,2026-06-24,-3.97,-2.69,-1.46,4.89,-13.51,-24.78
KINGFA,5059.5,2026-06-24,-0.37,0.94,-1.48,25.55,22.17,63.47
SOLARINDS,17864.0,2026-06-24,-3.13,3.4,-1.48,42.3,43.08,4.55
CENTURYPLY,755.2,2026-06-24,-0.28,0.51,-1.49,11.26,-8.9,3.19
SILGO,75.88,2026-06-24,1.27,0.97,-1.49,7.46,1.28,37.96
NEXT30ADD,42.02,2026-06-24,-3.29,0.0,-1.5,10.99,3.75,8.78
KCK,13.05,2026-06-23,-2.25,-3.33,-1.51,-16.88,-54.53,-69.58
STARPAPER,137.9,2026-06-24,-0.45,0.61,-1.51,9.54,-15.28,-19.25
ABLBL,100.48,2026-06-24,1.98,0.36,-1.51,9.18,-18.33,-34.4
ALLDIGI,812.95,2026-06-24,0.66,-0.67,-1.52,9.03,2.27,-5.95
WANBURY,279.1,2026-06-24,2.27,4.39,-1.53,14.81,16.93,0.18
DHARMAJ,265.45,2026-06-24,0.59,-4.36,-1.54,12.92,10.63,-11.23
SBIETFQLTY,215.81,2026-06-24,-1.27,-0.02,-1.54,6.66,-7.33,-3.52
HEXATRADEX,161.61,2026-06-24,-2.36,-2.39,-1.57,1.41,0.55,-14.11
ACCELYA,1104.6,2026-06-24,-1.58,-1.01,-1.57,-2.93,-12.07,-16.18
ANMOL,11.23,2026-06-24,-3.52,-0.09,-1.58,12.53,-18.39,-35.27
DIVOPPBEES,76.62,2026-06-24,-1.12,-0.67,-1.59,0.39,-8.05,-1.97
AZAD,2006.9,2026-06-24,-3.63,-5.42,-1.6,41.04,21.19,25.19
ARFIN,93.13,2026-06-24,-4.02,1.21,-1.61,20.37,35.46,
CENTRUM,22.6,2026-06-24,-6.96,3.24,-1.61,-18.91,-20.56,-27.28
ADVENZYMES,369.1,2026-06-24,-1.56,0.48,-1.61,37.37,19.97,12.67
PRAKASH,141.26,2026-06-24,-2.72,-6.54,-1.62,21.32,3.81,-12.37
SUMMITSEC,1548.7,2026-06-24,-1.47,0.9,-1.62,9.71,-22.39,-24.11
NBIFIN,1869.2,2026-06-24,-0.05,0.91,-1.63,8.88,-16.84,-36.31
ORISSAMINE,3992.2,2026-06-24,-3.04,-0.63,-1.64,17.75,-18.28,-17.49
KANSAINER,214.37,2026-06-24,-0.46,-0.96,-1.64,32.91,-11.5,-11.36
NIFTYQLITY,20.72,2026-06-24,-1.29,-0.38,-1.66,6.8,-7.09,-2.91
CAMPUS,232.8,2026-06-24,-1.59,-2.06,-1.66,5.1,-10.98,-18.05
SAIFL,5.85,2026-06-23,4.46,13.59,-1.68,-32.76,-60.87,-75.78
MMWL,13.47,2026-06-24,1.51,2.51,-1.68,,,
SHANTI,6.43,2026-06-24,-2.13,2.39,-1.68,14.41,-29.96,-62.64
ARVSMART,608.05,2026-06-24,-0.68,2.25,-1.69,17.61,0.07,-7.47
ASTRAZEN,8442.0,2026-06-24,-1.49,0.22,-1.69,2.01,-7.92,-3.5
AMBUJACEM,426.85,2026-06-24,-0.27,-0.47,-1.69,5.25,-21.74,-22.6
PATTECH,114.85,2026-06-23,0.0,0.0,-1.71,8.91,6.24,53.95
MILTON,40.0,2026-06-23,2.56,2.56,-1.72,-16.67,31.15,33.33
ASTRON,3.98,2026-06-24,-0.75,1.79,-1.73,7.28,-35.91,-73.48
ICEMAKE,779.85,2026-06-24,0.79,2.26,-1.73,9.47,-4.55,0.08
ZEAL,67.8,2026-06-23,0.0,0.37,-1.74,13.95,-29.74,-49.78
JKLAKSHMI,600.7,2026-06-24,-1.39,0.68,-1.77,0.46,-24.16,-27.17
MANAPPURAM,318.35,2026-06-24,-2.69,0.22,-1.77,26.2,1.54,18.99
ABANSENT,26.55,2026-06-24,-1.37,-4.67,-1.78,,,
HERITGFOOD,320.8,2026-06-24,-2.43,-0.14,-1.78,3.87,-29.97,-31.67
GROWWCAPM,11.52,2026-06-24,-1.62,-0.35,-1.79,24.27,16.49,
UTIAMC,936.2,2026-06-24,-0.03,-0.69,-1.79,0.81,-17.49,-23.64
PPLPHARMA,172.44,2026-06-24,8.79,3.13,-1.82,26.72,-2.75,-13.71
ENIL,107.84,2026-06-24,-2.79,-1.96,-1.82,2.34,-3.4,-24.5
JYOTHYLAB,200.02,2026-06-24,-2.21,-2.66,-1.83,-4.84,-28.37,-37.06
DIAMINESQ,247.92,2026-06-24,4.14,-1.83,-1.83,16.74,-5.16,-37.97
KIRIINDUS,391.15,2026-06-24,-2.92,-0.66,-1.83,6.9,-33.54,-32.44
OSWALAGRO,44.0,2026-06-24,1.24,0.07,-1.83,9.1,-25.12,-51.92
HARDWYN,25.2,2026-06-24,-0.2,5.13,-1.83,28.05,44.08,78.09
DIGIDRIVE,18.78,2026-06-24,-0.95,1.13,-1.83,-2.85,-30.0,-39.42
CMSINFO,300.75,2026-06-24,-0.43,0.91,-1.84,11.04,-13.08,-37.19
MIDWESTLTD,1292.6,2026-06-24,-0.59,1.02,-1.84,4.54,-20.47,
LLOYDSME,1704.3,2026-06-24,-4.55,-3.6,-1.84,35.47,24.01,11.72
TARMAT,51.59,2026-06-24,-2.07,-0.92,-1.85,-3.61,-0.81,-4.78
SUNCLAY,1313.5,2026-06-24,-1.68,-4.05,-1.85,1.35,8.58,-37.24
ESSARSHPNG,23.29,2026-06-24,-3.16,-2.63,-1.85,1.75,-16.46,-22.55
DPABHUSHAN,949.15,2026-06-24,2.75,2.34,-1.86,-5.71,-36.55,-34.6
BENGALASM,6379.5,2026-06-24,1.11,-1.42,-1.88,,,
VIVIANA,859.45,2026-06-24,0.92,1.54,-1.89,28.56,13.8,-29.85
AVROIND,10.17,2026-06-24,-0.1,-6.01,-1.93,-14.22,-14.72,-37.7
DIVISLAB,6753.5,2026-06-24,-0.5,2.19,-1.94,12.07,3.96,3.33
ALICON,642.45,2026-06-24,-2.33,-2.51,-1.95,5.65,-22.39,-27.64
V2RETAIL,228.79,2026-06-24,-4.08,-1.24,-1.95,18.72,-5.19,22.1
MUKTAARTS,60.99,2026-06-24,-7.01,-3.34,-1.96,57.43,-3.24,-26.38
ASCOM,244.95,2026-06-23,4.37,4.37,-1.96,5.9,104.12,190.4
GATECH,0.5,2026-06-24,-1.96,-1.96,-1.96,11.11,-10.71,-47.37
DRAGARWQ,5072.6,2026-06-24,0.77,1.44,-1.97,,,
FINKURVE,67.01,2026-06-24,-3.42,3.19,-1.99,21.84,-35.45,
KPITTECH,736.05,2026-06-24,-2.69,-2.77,-2.0,10.68,-39.4,-43.24
AARTIIND,466.55,2026-06-24,-4.04,-6.34,-2.03,11.43,22.87,2.99
UGROCAP,97.74,2026-06-24,-2.53,-0.44,-2.03,7.17,-43.41,-46.46
FMCGIETF,52.59,2026-06-24,-0.34,-0.11,-2.03,6.11,-10.83,-9.33
SBICARD,607.6,2026-06-24,-3.22,1.11,-2.03,-9.78,-29.72,-37.92
AKI,4.79,2026-06-24,-3.43,-2.64,-2.04,14.59,-32.15,-37.14
HDFCAMC,2625.1,2026-06-24,-2.41,0.08,-2.05,14.07,0.99,5.96
TSFINV,403.75,2026-06-24,1.11,-0.22,-2.05,13.68,-12.75,-14.01
RSL,128.29,2026-06-24,-1.25,-1.9,-2.05,18.55,,
AKG,10.94,2026-06-24,-2.84,2.05,-2.06,5.6,-12.62,-17.87
NUVOCO,314.1,2026-06-24,0.08,0.13,-2.12,8.46,-14.31,-7.74
EFCIL,186.88,2026-06-24,-3.69,-1.92,-2.12,-0.11,-38.31,
MASTEK,1600.6,2026-06-24,-0.33,-1.01,-2.12,11.77,-25.11,-34.91
SOMANYCERA,518.05,2026-06-24,-0.32,-0.39,-2.13,39.46,27.46,-6.03
DANGEE,3.2,2026-06-24,4.58,0.63,-2.14,20.75,-15.12,-25.23
SKFINDIA,1658.4,2026-06-24,0.05,0.45,-2.14,11.93,-7.36,-64.68
SILINV,422.65,2026-06-24,-1.1,0.05,-2.14,6.21,-18.59,-29.33
JFLLIFE,9.05,2026-06-23,0.0,-4.23,-2.16,-4.74,-38.44,-39.26
INFOMEDIA,5.86,2026-06-24,-1.51,1.21,-2.17,20.33,-10.67,-28.27
VMM,118.97,2026-06-24,0.06,-1.43,-2.21,11.26,-13.02,-10.56
INDIFRA,13.25,2026-06-23,4.74,-3.64,-2.21,3.52,-16.93,-17.7
DCXINDIA,197.55,2026-06-24,-3.88,6.49,-2.22,15.48,-2.36,-32.31
DIVIDEND,35.27,2026-06-24,-0.87,0.11,-2.22,4.63,,
ELDEHSG,805.15,2026-06-24,1.78,1.23,-2.23,0.0,-13.63,1.75
BIOCON,420.65,2026-06-24,-0.11,1.11,-2.23,13.98,5.6,20.62
SIRCA,409.95,2026-06-24,-0.91,-2.35,-2.24,-1.5,-14.94,8.38
PAYTM,1087.3,2026-06-24,-0.18,-3.04,-2.26,5.04,-17.92,21.01
ALLTIME,237.85,2026-06-24,-2.3,-6.39,-2.26,19.12,-10.77,
COUNCODOS,4.75,2026-06-24,-1.25,-2.46,-2.26,16.71,-13.64,-30.15
ASTAR,645.0,2026-06-24,4.03,6.9,-2.27,,,
CANHLIFE,135.86,2026-06-24,-5.24,-2.89,-2.29,-5.97,-6.58,
QUALITY30,20.07,2026-06-24,-1.04,-0.35,-2.29,6.47,-7.43,
SWIGGY,244.2,2026-06-24,-4.1,-5.05,-2.3,-11.44,-38.96,-37.57
ARMANFIN,1666.6,2026-06-24,2.68,0.48,-2.3,11.88,10.53,-4.93
TAC,380.55,2026-06-23,-2.27,2.02,-2.3,-6.49,-51.02,-63.35
LTFOODS,387.3,2026-06-24,0.17,1.57,-2.31,2.18,-3.9,-11.71
GODREJAGRO,565.65,2026-06-24,-1.98,-0.91,-2.31,1.52,0.01,-23.66
MOPSE,102.6,2026-06-24,-1.35,1.56,-2.32,3.85,4.65,3.6
MORARJEE,9.28,2026-06-24,-7.39,17.92,-2.32,35.87,15.86,12.48
DUCOL,111.35,2026-06-23,6.86,2.11,-2.32,5.05,-27.77,0.36
KRITIKA,5.88,2026-06-24,-1.51,-3.61,-2.33,6.14,-17.99,-41.61
DECCANCE,581.55,2026-06-24,0.74,0.35,-2.34,-5.19,-23.69,-28.89
GOLDENTOBC,26.25,2026-06-24,2.78,0.57,-2.34,4.83,-15.59,-25.43
NILAINFRA,7.89,2026-06-24,-2.23,-0.88,-2.35,14.02,-19.74,-35.8
DRL,12.35,2026-06-23,-2.76,0.41,-2.37,26.67,-43.74,-58.28
LORDSCHLO,133.79,2026-06-24,0.18,-2.78,-2.42,14.61,-22.73,-12.56
VRLLOG,233.17,2026-06-24,-2.92,-2.01,-2.42,-5.62,-11.58,-14.21
AXITA,7.57,2026-06-24,-1.17,-1.94,-2.45,-13.49,-36.19,-7.48
BAIDFIN,9.96,2026-06-24,-0.4,-0.6,-2.45,-6.83,-14.94,-12.49
IRMENERGY,272.85,2026-06-24,-2.19,-2.87,-2.45,48.95,-3.31,-9.0
NMDC,85.7,2026-06-24,-2.82,-3.13,-2.45,11.63,8.44,28.89
TDPOWERSYS,1262.9,2026-06-24,-4.79,5.54,-2.48,46.84,75.14,146.93
SUVIDHAA,2.74,2026-06-24,-1.79,3.4,-2.49,9.6,-26.34,-25.14
SYSTMTXC,64.38,2026-06-24,-3.88,-4.61,-2.51,6.17,-58.27,
SEJALLTD,757.5,2026-06-24,-3.56,9.7,-2.52,62.24,-14.49,54.59
ISFT,80.15,2026-06-24,-1.12,-5.35,-2.54,33.1,-13.79,-28.5
RELIANCE,1313.6,2026-06-24,-0.97,0.5,-2.57,-6.53,-15.31,-8.67
ZAGGLE,209.99,2026-06-24,-2.75,-0.89,-2.58,1.95,-40.44,-49.61
MKPL,4.91,2026-06-24,-0.2,-1.21,-2.58,3.15,-18.44,-34.97
ASTEC,751.9,2026-06-24,-3.29,-1.45,-2.58,43.49,4.91,-8.79
TNPL,145.78,2026-06-24,-1.0,0.7,-2.61,10.89,0.91,-8.71
SAKHTISUG,17.15,2026-06-24,-1.61,-5.98,-2.61,19.1,-10.16,-30.51
HILINFRA,46.99,2026-06-24,-0.89,-3.09,-2.61,-0.47,-18.65,
BORANA,311.8,2026-06-24,-1.95,-2.13,-2.62,-5.16,5.16,41.58
TVVISION,5.12,2026-06-24,-1.54,-4.3,-2.66,0.39,-46.94,-28.89
FEDFINA,150.89,2026-06-24,-1.79,-6.97,-2.66,17.41,2.26,27.78
TIMESCAN,40.0,2026-06-23,-1.96,-6.87,-2.68,-14.53,-25.51,-36.96
JAIBALAJI,70.1,2026-06-24,-1.77,2.46,-2.68,20.36,9.86,-30.69
KOTHARIPRO,70.68,2026-06-24,-2.08,0.71,-2.7,10.85,-4.88,-15.56
ABSLPSE,10.44,2026-06-24,-1.42,0.97,-2.7,4.19,4.3,3.57
SINGERIND,71.47,2026-06-24,-0.32,-0.08,-2.72,4.73,,
RUSTOMJEE,384.2,2026-06-24,-2.83,-4.12,-2.72,3.61,-26.27,-32.21
CCHHL,12.87,2026-06-24,2.55,-2.5,-2.72,19.28,-17.71,-23.98
METROBRAND,1039.4,2026-06-24,-0.45,3.47,-2.72,11.64,-10.85,-8.46
DHAMPURSUG,139.56,2026-06-24,-1.27,-3.46,-2.72,16.99,14.78,-4.18
CARERATING,1678.5,2026-06-24,-2.65,1.65,-2.73,15.16,4.64,-3.87
ARTNIRMAN,40.24,2026-06-24,-3.8,2.13,-2.75,13.58,-16.77,-33.27
SIL,15.57,2026-06-24,-0.45,-0.64,-2.75,18.22,0.64,-16.8
PRAENG,20.78,2026-06-24,-1.38,-0.24,-2.76,7.56,-19.92,-7.97
JUBLFOOD,424.5,2026-06-24,-2.05,0.44,-2.78,-5.37,-24.69,-38.86
KOTARISUG,25.06,2026-06-24,-2.3,-2.57,-2.79,7.46,-9.92,-32.51
VSTL,116.88,2026-06-24,-0.54,-3.47,-2.79,8.61,-11.88,-22.12
SYNCOMF,13.94,2026-06-24,-0.29,-3.66,-2.79,22.6,-4.85,-28.18
MAFANG,190.9,2026-06-24,-2.39,-0.59,-2.79,22.25,13.54,41.08
CONSOFINVT,223.22,2026-06-24,-0.98,-0.79,-2.82,3.93,29.69,13.25
IRCTC,515.25,2026-06-24,-1.25,-0.52,-2.83,0.02,-23.76,-31.42
LTTS,3322.4,2026-06-24,-0.47,-2.15,-2.83,6.54,-27.09,-22.1
RADAAN,3.08,2026-06-24,-1.6,-0.32,-2.84,12.82,-14.68,-25.78
HEIDELBERG,154.45,2026-06-24,-0.24,1.43,-2.84,3.3,-11.91,-18.74
SHAREINDIA,137.54,2026-06-24,-1.57,-0.69,-2.85,11.69,-19.61,-22.69
NESTLEIND,1382.6,2026-06-24,-1.38,0.57,-2.85,16.85,10.35,18.01
SAGILITY,40.06,2026-06-24,0.07,0.15,-2.86,7.34,-23.29,-3.21
PARASPETRO,2.03,2026-06-24,-6.02,5.18,-2.87,-18.15,8.56,-20.7
GLOBECIVIL,43.82,2026-06-24,-2.32,5.39,-2.88,8.71,-26.89,
GODFRYPHLP,2248.4,2026-06-24,-1.71,0.41,-2.89,18.49,-20.01,-16.0
APLAPOLLO,1826.2,2026-06-24,-1.55,-0.41,-2.89,-7.51,-1.74,2.2
MANUGRAPH,15.22,2026-06-24,-3.0,-0.52,-2.93,31.66,-4.7,-25.68
COCHINSHIP,1487.1,2026-06-24,0.72,5.33,-2.94,13.95,-9.63,-30.91
COMMOIETF,101.32,2026-06-24,-1.37,-0.78,-2.94,8.71,7.0,15.14
3BBLACKBIO,1170.5,2026-06-24,-2.68,-9.08,-2.95,,,
TMPV,349.7,2026-06-24,-3.26,-11.05,-2.96,13.3,-1.84,-47.66
SELMC,28.71,2026-06-24,-4.11,-4.68,-2.97,0.74,-20.03,-18.94
ACCURACY,5.54,2026-06-24,-2.12,-1.42,-2.98,40.61,-5.3,-37.47
ALGOQUANT,58.29,2026-06-24,0.15,3.1,-2.98,11.01,,
ARTEMISMED,264.9,2026-06-24,-1.29,0.23,-2.98,19.23,-3.67,4.31
IRB,21.32,2026-06-24,-1.75,0.95,-3.0,5.19,0.77,-12.08
MERCANTILE,25.25,2026-06-24,-3.96,-0.28,-3.0,,,
DBCORP,199.93,2026-06-24,-1.35,-3.45,-3.01,-2.21,-22.7,-24.69
BLAL,182.34,2026-06-24,-1.13,-1.0,-3.02,11.97,-12.53,-15.08
RADIANTCMS,39.51,2026-06-24,-1.67,-1.77,-3.02,13.21,-24.94,-33.59
SHEKHAWATI,13.7,2026-06-24,-3.52,-6.68,-3.04,29.73,-30.39,-40.62
NITIRAJ,188.76,2026-06-24,-1.13,-2.48,-3.06,-11.79,-1.63,-8.04
AJAXENGG,552.5,2026-06-24,-2.69,0.57,-3.06,19.32,-7.52,-12.52
INVENTURE,0.95,2026-06-24,-1.04,-3.06,-3.06,0.0,-20.83,-40.25
GSFC,163.9,2026-06-24,-1.72,-0.61,-3.06,10.42,-7.59,-15.06
JYOTISTRUC,11.93,2026-06-24,-2.53,-2.45,-3.09,16.05,20.63,-35.37
KPEL,348.15,2026-06-24,-0.85,-1.04,-3.09,27.43,-0.29,-32.22
ATAM,70.74,2026-06-24,-1.12,-0.91,-3.11,35.36,-15.12,-33.87
DIL,0.93,2026-06-23,0.0,-1.06,-3.12,-17.7,-48.62,-60.59
RACLGEAR,1353.5,2026-06-24,-0.78,2.0,-3.15,11.49,26.53,49.9
MALUPAPER,31.2,2026-06-24,-1.08,-4.18,-3.17,4.24,-11.91,-25.02
SAURASHCEM,59.17,2026-06-24,0.08,0.12,-3.17,7.74,-27.24,-32.52
SULA,154.72,2026-06-24,-2.32,-0.83,-3.17,4.23,-30.16,-47.73
ANKITMETAL,1.52,2026-06-24,0.66,-4.4,-3.18,9.35,-11.11,-23.23
SHARIABEES,450.73,2026-06-24,-0.44,-0.88,-3.18,1.01,-13.44,-11.36
BLS,259.2,2026-06-24,-2.96,-1.78,-3.18,-0.08,-19.39,-27.75
JSWCEMENT,133.59,2026-06-24,2.72,2.33,-3.19,16.11,12.59,
TREEHOUSE,6.67,2026-06-24,-5.66,-5.39,-3.19,-18.46,-16.31,-16.94
LGHL,222.02,2026-06-24,-1.76,-3.37,-3.2,-9.78,-20.17,-23.03
DALBHARAT,1733.0,2026-06-24,1.58,1.09,-3.2,-3.06,-17.6,-16.09
SYSTANGO,224.75,2026-06-23,-3.5,3.52,-3.21,-4.01,-28.21,-7.61
KALYANIFRG,603.9,2026-06-24,-2.51,-0.23,-3.21,9.35,-5.05,-17.56
SABEVENTS,8.14,2026-06-24,6.13,7.11,-3.21,-18.11,-1.93,33.22
IWP,33.15,2026-06-24,-0.57,-1.34,-3.24,,,
COALINDIA,441.75,2026-06-24,-1.61,-0.52,-3.24,-0.08,11.24,20.41
SYLVANPLY,52.25,2026-06-23,0.0,0.48,-3.24,17.55,-11.74,-36.05
KAMOPAINTS,5.08,2026-06-24,-4.33,-4.15,-3.24,25.43,-20.13,-52.83
SUNDROP,654.85,2026-06-24,0.01,-0.52,-3.26,8.19,-5.78,-22.03
VIDHIING,285.1,2026-06-24,-0.3,-1.93,-3.27,2.43,-14.88,-30.91
TATAPOWER,393.1,2026-06-24,-2.57,-2.12,-3.27,2.8,4.17,-0.73
ATULAUTO,469.15,2026-06-24,-1.08,0.87,-3.28,13.72,6.27,3.92
UNIINFO,11.76,2026-06-24,-1.92,5.47,-3.29,7.2,-25.9,-34.59
TORNTPOWER,1444.2,2026-06-24,-2.1,4.28,-3.29,6.07,14.32,0.9
NIBL,29.57,2026-06-24,-3.99,-4.18,-3.3,6.06,0.48,9.44
ORIENTELEC,177.77,2026-06-24,-1.14,-1.99,-3.3,10.27,-0.78,-18.94
ATL,24.62,2026-06-24,-0.89,0.2,-3.3,15.1,-11.91,-14.72
ALPEXSOLAR,923.4,2026-06-23,-1.34,-6.74,-3.32,22.84,13.05,-6.09
JSWHL,12207.0,2026-06-24,-3.13,-1.73,-3.33,-4.33,-39.85,-43.05
JUBLPHARMA,972.8,2026-06-24,1.71,-1.87,-3.33,13.07,-8.79,-12.79
DWARKESH,43.01,2026-06-24,-1.1,-4.06,-3.35,13.07,15.68,-7.2
BAJAJELEC,324.75,2026-06-24,-1.67,1.34,-3.36,-8.29,-33.09,-51.99
NEXTMEDIA,4.02,2026-06-24,-0.99,1.52,-3.37,1.01,-33.77,-41.48
RAMRAT,418.05,2026-06-24,-1.5,9.96,-3.37,36.35,31.03,22.24
JWL,267.6,2026-06-24,-4.27,-2.87,-3.38,3.08,-21.43,-29.39
SHANTIGOLD,221.4,2026-06-24,2.8,-3.62,-3.39,25.47,15.39,
MAGADSUGAR,457.2,2026-06-24,-1.12,-0.6,-3.39,4.72,-10.63,-28.58
INDPRUD,6499.5,2026-06-24,0.89,3.64,-3.42,,,
URAVIDEF,114.49,2026-06-24,-0.99,0.5,-3.42,-6.58,-44.99,-77.1
FIRSTCRY,226.84,2026-06-24,2.48,3.73,-3.43,0.6,-23.55,-32.12
SIDDHIKA,211.0,2026-06-23,1.93,4.56,-3.43,-1.77,-1.86,11.05
CAPILLARY,498.45,2026-06-24,0.47,-1.12,-3.46,4.46,-26.62,
GLENMARK,2180.6,2026-06-24,-0.52,1.11,-3.47,4.05,7.95,29.88
ALANKIT,8.33,2026-06-24,-1.65,0.0,-3.48,13.03,-23.65,-42.07
GOPAL,281.85,2026-06-24,-1.16,-1.16,-3.49,7.56,-10.53,-21.07
ALLCARGO,8.3,2026-06-24,-2.92,-9.59,-3.49,8.78,-23.08,-76.05
IMFA,1383.1,2026-06-24,-3.27,-4.14,-3.5,15.35,-2.32,80.91
PFIZER,4507.2,2026-06-24,0.98,-0.24,-3.5,-3.27,-10.51,-16.58
BUILDPRO,1015.5,2026-06-24,-2.96,2.47,-3.54,0.68,,
KAYNES,3203.1,2026-06-24,-2.45,3.93,-3.56,-8.86,-22.23,-44.76
BALAJEE,29.2,2026-06-24,-1.82,1.0,-3.57,21.41,-30.39,-34.62
SUNDARAM,1.35,2026-06-24,-0.74,0.0,-3.57,12.5,-23.3,-36.02
SRD,40.15,2026-06-24,-1.64,3.43,-3.58,-10.9,-43.19,-44.29
ENERGYDEV,16.29,2026-06-24,-0.97,-2.57,-3.61,11.5,-16.07,-23.81
GREENCHEF,53.05,2026-06-23,0.0,3.11,-3.63,21.12,-8.53,-10.77
STAR,1111.3,2026-06-24,-0.44,2.4,-3.63,22.01,18.44,34.07
MUKANDLTD,134.31,2026-06-24,-2.43,-0.97,-3.65,11.86,-0.38,-0.87
CELLPOINT,15.85,2026-06-23,4.28,-1.86,-3.65,16.54,-7.85,-14.78
GAUDIUMIVF,110.84,2026-06-24,-0.05,9.17,-3.68,41.92,,
ATMASTCO,176.7,2026-06-23,-3.1,-5.03,-3.68,49.75,26.62,-7.66
WORTHPERI,130.58,2026-06-24,-1.17,0.47,-3.69,2.96,-6.47,-9.46
HDFCLIFE,591.75,2026-06-24,-0.9,2.18,-3.69,-1.52,-21.38,-23.83
CHAVDA,91.0,2026-06-23,-1.09,1.73,-3.7,3.29,-30.61,-27.43
DVL,237.49,2026-06-24,-2.59,-1.28,-3.7,16.88,-16.49,-29.2
MTARTECH,7777.0,2026-06-24,-6.24,5.9,-3.7,119.27,217.34,377.03
RHIM,379.65,2026-06-24,-2.4,1.11,-3.7,10.16,-15.11,-21.09
ORIENTBELL,319.15,2026-06-24,0.25,0.76,-3.71,23.03,19.24,3.09
IRCON,135.66,2026-06-24,-2.49,-1.51,-3.72,14.37,-19.9,-31.54
HGINFRA,576.8,2026-06-24,-1.3,0.28,-3.73,21.6,-26.98,-44.24
PALASHSECU,92.45,2026-06-24,-2.94,-6.09,-3.73,10.06,-15.52,-26.61
DOLLAR,266.7,2026-06-24,2.58,5.44,-3.74,6.81,-26.9,-26.93
TRUALT,476.5,2026-06-24,-0.79,-3.28,-3.76,19.51,16.79,
IMPAL,1084.4,2026-06-24,-1.36,-0.93,-3.76,11.2,5.5,1.93
INDIAGLYCO,951.05,2026-06-24,-0.52,-2.85,-3.76,12.07,-8.75,-1.88
SUKHJITS,180.61,2026-06-24,1.67,6.12,-3.77,16.57,9.35,-7.93
VRAJ,118.75,2026-06-24,-2.34,-2.65,-3.78,12.82,-6.3,-31.02
MANORG,557.9,2026-06-24,-2.65,12.94,-3.79,38.54,13.13,-6.63
HEXT,494.45,2026-06-24,-0.82,-0.66,-3.81,15.25,-32.68,-39.4
ARIES,340.0,2026-06-24,2.24,1.28,-3.82,-3.19,5.77,10.19
LTM,3803.7,2026-06-24,-0.69,-2.42,-3.82,-8.47,-37.45,-27.48
OMPOWER,183.42,2026-06-24,0.26,2.49,-3.84,,,
PNGSREVA,391.9,2026-06-24,-2.4,2.91,-3.86,8.39,,
BMETRICS,36.05,2026-06-23,0.0,1.84,-3.87,-7.56,-16.84,-26.43
AMRUTANJAN,535.6,2026-06-24,-2.41,-3.43,-3.88,0.58,-20.58,-25.16
SALSTEEL,56.05,2026-06-24,-1.94,-5.89,-3.88,54.79,34.16,228.74
VHLTD,131.9,2026-06-24,-2.35,-4.75,-3.89,-5.11,-10.86,37.4
STARCEMENT,212.34,2026-06-24,0.04,-0.75,-3.91,1.05,-6.35,1.04
VIKASECO,1.23,2026-06-24,-3.15,-4.65,-3.91,1.65,-31.28,-50.2
SAGCEM,174.17,2026-06-24,1.13,0.83,-3.91,15.99,-15.32,-25.75
CARRARO,571.7,2026-06-24,-1.67,8.03,-3.91,27.63,4.47,34.82
BANARISUG,3467.2,2026-06-24,-1.34,-4.99,-3.94,-3.79,-4.71,-11.06
ELCIDIN,116045.0,2026-06-24,-0.61,-1.62,-3.94,,,
BNALTD,340.0,2026-06-23,0.0,0.0,-3.95,,,
GAYAHWS,2.19,2026-06-24,-1.35,-1.79,-3.95,4.29,-27.0,62.22
NILE,1765.3,2026-06-24,-0.31,2.24,-3.96,,,
RADHIKAJWE,55.47,2026-06-24,-2.08,-5.49,-3.98,-2.7,-30.2,-35.05
GLOTTIS,66.67,2026-06-24,0.03,-0.97,-3.98,63.89,7.53,
RENUKA,22.9,2026-06-24,-1.12,-4.82,-3.98,-5.76,-10.93,-27.92
PAVNAIND,17.19,2026-06-24,-6.53,1.6,-4.02,5.01,-30.99,-58.19
ESTER,91.65,2026-06-24,-0.37,1.75,-4.03,-0.75,-13.56,-28.67
GROWWPSE,100.8,2026-06-24,-2.13,0.56,-4.04,3.28,,
HEMIPROP,137.95,2026-06-24,-0.68,-2.21,-4.04,7.78,5.19,1.82
SUDARCOLOR,365.75,2026-06-24,1.01,1.71,-4.05,24.05,-20.24,-37.59
SUVEN,254.7,2026-06-24,-3.9,-5.61,-4.05,97.23,51.96,12.75
TARC,125.32,2026-06-24,-3.33,-2.69,-4.05,4.85,-16.5,-34.65
DALMIASUG,328.15,2026-06-24,-2.83,-3.7,-4.06,6.37,11.44,-17.37
SYNGENE,442.95,2026-06-24,-0.1,-2.33,-4.09,11.06,-32.16,-30.53
KUANTUM,77.67,2026-06-24,2.68,2.68,-4.1,7.29,-17.43,-31.02
BEML,1752.8,2026-06-24,-0.57,-1.46,-4.11,21.31,-5.9,-20.86
LASA,7.66,2026-06-24,3.51,7.28,-4.13,13.48,-16.65,-13.64
IT,30.52,2026-06-24,-0.42,-2.05,-4.15,-6.52,-28.39,-26.67
ITBETA,289.88,2026-06-24,-0.2,-1.86,-4.16,-6.1,-28.37,-26.42
HINDOILEXP,160.52,2026-06-24,-2.73,-0.4,-4.16,27.46,4.07,-5.91
ONEPOINT,58.02,2026-06-24,-0.43,-1.78,-4.16,29.19,0.97,12.35
JPPOWER,17.98,2026-06-24,-1.32,-2.65,-4.16,20.59,2.1,3.57
HDFCNIFIT,29.45,2026-06-24,-0.24,-1.83,-4.17,-6.21,-28.38,-26.52
MODIS,334.8,2026-06-24,-3.32,-2.73,-4.18,10.82,-2.0,
BAYERCROP,4199.3,2026-06-24,0.5,-2.14,-4.18,-8.14,-7.24,-23.78
ORIENTALTL,6.17,2026-06-24,-1.59,-4.19,-4.19,20.98,-26.46,-55.93
LPDC,6.61,2026-06-24,-1.34,-5.71,-4.2,14.76,-7.68,-21.4
JSWSTEEL,1231.2,2026-06-24,-3.99,-5.04,-4.22,8.6,12.82,22.59
ICICIPRULI,496.35,2026-06-24,-1.97,2.1,-4.23,-7.34,-23.61,-21.51
GUJAPOLLO,367.35,2026-06-24,-2.51,-1.69,-4.25,-13.15,-12.82,1.1
INOXWIND,90.3,2026-06-24,-2.79,0.48,-4.25,15.9,-28.76,-48.07
GENUSPAPER,12.35,2026-06-24,-1.98,0.73,-4.26,19.32,-6.3,-36.44
VENKEYS,1432.5,2026-06-24,-2.41,2.21,-4.29,14.14,-3.17,-10.55
RULKA,89.0,2026-06-23,-1.22,-1.0,-4.3,3.49,-14.51,-34.97
HCLTECH,1113.9,2026-06-24,-1.47,-0.48,-4.3,-17.34,-31.72,-31.34
VASA,4.45,2026-06-23,0.0,0.0,-4.3,-6.32,-11.0,17.11
OMFURN,54.55,2026-06-23,0.0,-6.03,-4.3,18.59,-43.15,-44.22
NECLIFE,11.54,2026-06-24,-2.37,-2.94,-4.31,10.64,-45.41,-45.28
ITADD,29.21,2026-06-24,-0.2,-1.72,-4.32,-6.59,-28.27,-26.57
AVADHSUGAR,449.95,2026-06-24,-1.24,-2.1,-4.33,2.35,21.0,-8.36
TREJHARA,144.27,2026-06-24,-1.6,3.15,-4.33,-13.19,-39.53,-39.02
SBIETFIT,305.3,2026-06-24,-0.22,-2.04,-4.33,-6.38,-28.58,-26.93
RAJMET,3.75,2026-06-24,-2.34,-1.32,-4.34,20.97,-5.78,-24.09
MONOPHARMA,11.0,2026-06-23,0.0,-0.9,-4.35,-9.47,-26.42,-54.07
RCDL,25.25,2026-06-23,-6.65,-9.66,-4.36,23.77,23.17,12.86
HPIL,126.64,2026-06-24,-2.95,0.81,-4.36,15.31,-6.96,-2.93
MICEL,41.31,2026-06-24,-3.23,-3.01,-4.37,30.69,-10.22,-23.49
LATTEYS,21.77,2026-06-24,-0.96,-1.49,-4.39,17.11,-3.12,-2.25
ITBEES,30.61,2026-06-24,-0.26,-1.86,-4.4,-6.56,-28.36,-26.81
CESC,169.4,2026-06-24,-2.77,0.23,-4.41,12.72,0.64,5.12
MMP,274.65,2026-06-24,-5.31,2.9,-4.41,33.11,7.35,4.56
CROWN,112.15,2026-06-24,-2.18,0.06,-4.41,-1.36,-17.62,-39.25
KRSNAA,537.55,2026-06-24,0.5,-0.22,-4.44,-4.73,-26.27,-22.78
TRITURBINE,675.55,2026-06-24,-8.38,1.87,-4.44,52.13,24.5,12.26
GROWWMETAL,12.03,2026-06-24,-2.75,-3.37,-4.45,15.01,18.0,
TEAMGTY,244.65,2026-06-24,4.37,2.09,-4.45,-4.36,-18.05,33.22
MEGATHERM,220.65,2026-06-23,6.21,11.47,-4.46,16.72,-1.56,-38.19
ZSARACOM,9400.0,2026-06-24,0.75,-5.18,-4.47,,,
SYMPHONY,679.15,2026-06-24,-3.56,1.05,-4.47,-6.21,-19.41,-36.06
GANESHCP,199.96,2026-06-24,-0.59,-1.36,-4.48,20.89,-11.97,
AARTIDRUGS,372.45,2026-06-24,-1.05,-0.79,-4.49,11.03,-11.27,-14.59
POWERINDIA,33950.0,2026-06-24,-7.64,-2.15,-4.51,35.66,84.31,75.86
VSTTILLERS,4503.9,2026-06-24,-1.36,-2.9,-4.51,-10.77,-25.11,22.78
VISHNUINFR,161.8,2026-06-23,0.47,-3.43,-4.51,17.67,-10.63,-3.77
ITIETF,30.59,2026-06-24,-0.39,-1.83,-4.53,-6.28,-28.36,-26.64
KMSUGAR,26.42,2026-06-24,-1.67,-3.26,-4.55,7.27,-3.51,-7.53
SGMART,588.2,2026-06-24,-0.69,-0.99,-4.57,27.37,54.89,
ITETF,29.08,2026-06-24,-0.51,-2.12,-4.59,-6.76,-28.62,-26.95
BONLON,42.02,2026-06-24,-4.72,-6.29,-4.59,15.38,,
BAGFILMS,4.77,2026-06-24,-2.45,-5.17,-4.6,11.45,-25.47,-36.23
MSUMI,37.82,2026-06-24,-1.48,-0.13,-4.64,0.83,-16.48,-4.11
ALUWIND,48.35,2026-06-23,-3.2,-4.64,-4.64,-12.57,-32.85,-38.8
PTC,184.76,2026-06-24,-2.73,-3.07,-4.65,14.45,19.09,12.48
GICRE,363.7,2026-06-24,-1.52,-6.08,-4.65,1.79,-2.36,-1.92
VINEETLAB,33.94,2026-06-24,-2.36,-0.18,-4.66,15.48,-13.29,12.95
PREMIER,2.86,2026-06-24,-4.03,-2.72,-4.67,-0.69,-2.05,-17.82
DUGLOBAL,34.65,2026-06-23,-0.43,6.94,-4.68,3.43,7.44,-30.0
KAUSHALYA,855.0,2026-06-24,1.79,-0.25,-4.68,8.5,-3.16,-4.59
TRANSWIND,13.2,2026-06-23,0.0,0.0,-4.69,-35.61,-34.0,-13.16
GLOBALVECT,166.25,2026-06-24,3.58,6.03,-4.7,8.24,-20.11,-22.7
BHANDARI,3.04,2026-06-24,0.33,-2.25,-4.7,26.14,-23.23,-43.09
SINTERCOM,75.38,2026-06-24,-2.99,4.14,-4.71,3.22,-26.31,-40.57
DOLLEX,30.25,2026-06-23,0.0,-1.94,-4.72,-1.63,-23.61,-18.02
BCG,10.08,2026-06-24,-2.8,-7.1,-4.73,23.38,-3.82,-1.66
MURUDCERA,31.99,2026-06-24,-2.59,1.23,-4.73,12.68,-8.21,-24.16
KRISHCA,176.25,2026-06-23,-0.45,-0.42,-4.73,6.02,-8.58,-34.48
INDIACEM,381.85,2026-06-24,1.06,-3.17,-4.73,7.1,-12.48,22.51
SSDL,58.38,2026-06-24,-0.56,2.69,-4.75,7.81,-26.12,-39.88
BHARTIHEXA,1468.8,2026-06-24,-2.41,-0.46,-4.76,-7.11,-19.14,-20.4
DPEL,483.25,2026-06-23,-0.04,-0.97,-4.79,19.07,82.02,255.33
AXISTECETF,303.16,2026-06-24,-0.38,-2.08,-4.79,-6.73,-28.47,-27.01
TRANSTEEL,122.0,2026-06-23,-0.12,0.04,-4.8,-9.6,-18.77,-2.83
VIKRAMSOLR,190.22,2026-06-24,-4.01,-10.63,-4.8,-1.08,-21.22,
TRIGYN,54.7,2026-06-24,-4.47,-1.8,-4.8,22.56,-18.15,-34.4
EMUDHRA,447.15,2026-06-24,-1.55,-1.97,-4.8,13.14,-24.06,-39.65
CSBBANK,343.75,2026-06-24,-5.49,-7.79,-4.84,-4.27,-18.37,-13.06
AMBALALSA,31.27,2026-06-24,-1.73,-5.87,-4.84,,,
SIGNATURE,780.3,2026-06-24,-1.59,-0.99,-4.85,5.21,-31.64,-37.17
ATLANTAA,40.84,2026-06-24,-0.24,1.26,-4.87,15.96,-7.27,19.94
TECH,30.08,2026-06-24,-0.43,-2.37,-4.87,-6.03,-28.38,-26.15
PURVA,214.62,2026-06-24,-1.41,0.42,-4.87,24.68,-14.06,-26.07
KALPATARU,317.5,2026-06-24,-2.65,-0.98,-4.88,13.39,-4.53,
PASHUPATI,87.17,2026-06-24,-0.21,-0.22,-4.89,-11.54,7.64,31.95
ASHIMASYN,15.34,2026-06-24,-4.07,-6.12,-4.9,19.56,-17.48,-43.6
MEIL,300.35,2026-06-24,-5.55,-3.27,-4.91,32.12,-19.14,
BLBLIMITED,14.87,2026-06-24,-7.12,-6.89,-4.92,-5.23,6.44,-1.26
UEL,137.28,2026-06-24,-2.01,-5.27,-4.92,-3.32,-3.53,25.85
CYBERMEDIA,17.02,2026-06-24,-0.64,0.12,-4.92,29.53,-1.73,1.79
SUMICHEM,446.05,2026-06-24,1.63,-6.01,-4.93,17.64,-2.85,-14.22
WILLAMAGOR,26.8,2026-06-24,0.49,-1.07,-4.93,9.3,-5.07,-17.82
KOLTEPATIL,374.8,2026-06-24,-0.56,3.87,-4.93,16.31,-4.08,-17.01
RAJESHEXPO,102.12,2026-06-24,-0.25,27.28,-4.95,20.35,-54.4,-44.83
KARMAENG,43.19,2026-06-24,6.41,0.79,-4.95,9.4,-15.81,-40.64
METALIETF,12.67,2026-06-24,-3.43,-4.16,-4.95,14.25,17.64,36.24
TATAELXSI,4025.5,2026-06-24,-2.18,-1.05,-4.95,-1.97,-23.94,-34.6
WHIRLPOOL,803.8,2026-06-24,-1.66,1.23,-4.96,0.67,-13.0,-41.3
MEGAFLEX,126.95,2026-06-23,0.0,0.0,-4.98,-18.1,8.97,135.53
JAINREC,365.7,2026-06-24,-3.81,4.22,-4.98,-19.73,-11.03,
VISAMAN,107.6,2026-06-23,0.0,-4.99,-4.99,8.69,-11.07,139.11
KKVAPOW,582.35,2026-06-23,0.0,-5.0,-5.0,-0.45,-8.15,6.74
NAMAN,47.5,2026-06-23,0.0,-0.84,-5.0,-5.0,-25.78,-55.98
MARALOVER,56.03,2026-06-24,-1.62,-1.77,-5.03,45.87,25.23,-24.02
XCHANGING,63.38,2026-06-24,-2.37,-2.27,-5.06,16.51,-23.28,-32.25
VAKRANGEE,6.19,2026-06-24,-1.59,-2.52,-5.06,19.96,-21.74,-34.36
MUTHOOTFIN,3129.9,2026-06-24,-2.68,-0.96,-5.06,0.04,-17.04,23.01
FIDEL,150.0,2026-06-23,-0.73,-5.72,-5.06,28.1,5.26,-21.88
ORKLAINDIA,602.05,2026-06-24,-1.21,-2.92,-5.07,1.97,-1.63,
ACL,52.31,2026-06-24,-1.15,-3.15,-5.08,17.05,-24.97,-20.86
SOMATEX,95.32,2026-06-24,-0.82,-2.77,-5.14,6.09,-22.94,119.63
VILINBIO,46.0,2026-06-23,-3.87,-0.22,-5.15,20.1,127.16,61.97
METAL,12.68,2026-06-24,-4.01,-4.16,-5.16,14.13,17.52,36.49
UPL,599.25,2026-06-24,-1.03,-2.81,-5.18,-3.42,-22.45,-6.16
SENCO,329.9,2026-06-24,-2.67,-5.8,-5.19,12.21,3.6,-2.03
DYNAMATECH,10586.0,2026-06-24,-3.66,-0.15,-5.23,9.62,9.51,52.24
FROG,152.5,2026-06-23,-2.8,-9.87,-5.25,21.32,-5.86,-40.42
MICROPRO,18.95,2026-06-23,-4.53,-4.53,-5.25,0.53,-5.25,-14.25
BMWVENTLTD,57.61,2026-06-24,-2.36,-3.01,-5.25,5.88,1.28,
SOTAC,105.45,2026-06-23,-5.0,-5.0,-5.26,-8.3,-14.55,-7.26
VIVO,77.5,2026-06-23,0.0,0.0,-5.26,6.75,-0.64,21.09
SHINDL,147.87,2026-06-24,-3.35,-6.57,-5.28,,,
VINYLINDIA,259.8,2026-06-24,2.0,3.05,-5.3,42.25,9.4,-11.09
REXPIPES,174.25,2026-06-23,0.0,0.0,-5.3,-11.1,13.15,27.94
BSHSL,91.87,2026-06-24,-0.66,-2.03,-5.31,25.27,-19.13,-32.89
GSPCROP,421.7,2026-06-24,-3.04,-7.64,-5.32,18.37,,
MEESHO,188.37,2026-06-24,9.38,11.77,-5.35,24.97,-4.4,
GSS,13.1,2026-06-24,0.08,1.08,-5.35,32.99,-20.41,-61.04
PILANIINVS,4385.0,2026-06-24,-1.1,0.1,-5.39,-2.87,-14.9,-14.83
GUJGASLTD,352.85,2026-06-24,-5.35,-11.72,-5.4,7.36,-9.92,-20.48
INNOVISION,289.8,2026-06-24,-2.36,-0.92,-5.4,-17.39,,
OWAIS,119.8,2026-06-23,-4.96,21.13,-5.41,6.92,-56.25,-80.31
BALAJITELE,86.73,2026-06-24,-0.95,2.19,-5.43,10.37,-26.24,-4.65
MAHASTEEL,797.5,2026-06-24,-5.4,-4.69,-5.44,-18.19,-14.12,128.9
DEEPAKNTR,1645.2,2026-06-24,-1.57,-1.29,-5.44,24.49,-5.48,-12.97
EMKAYTOOLS,94.55,2026-06-23,-0.47,-4.54,-5.45,-0.84,-21.99,-61.93
ASHOKAMET,15.07,2026-06-24,-0.33,-0.86,-5.46,11.63,-3.4,-12.54
BYKE,34.13,2026-06-24,-3.51,-7.38,-5.46,7.12,-34.43,-60.26
WEBELSOLAR,101.99,2026-06-24,-3.8,-3.01,-5.47,34.22,8.58,-19.13
ANNAPURNA,131.5,2026-06-23,-0.42,-1.94,-5.5,-12.04,-39.69,-52.19
SBILIFE,1767.7,2026-06-24,-2.09,0.47,-5.51,-3.72,-12.6,-3.95
RPSGVENT,857.9,2026-06-24,-1.76,-3.41,-5.51,42.8,11.56,-5.69
UTTAMSUGAR,231.64,2026-06-24,-1.33,-2.75,-5.53,3.08,-11.62,-20.74
RHETAN,27.47,2026-06-24,-0.62,-6.5,-5.54,11.89,12.54,
AKASH,26.89,2026-06-24,1.63,2.56,-5.55,7.3,4.83,-4.34
IGIL,352.25,2026-06-24,-1.76,-4.6,-5.55,7.9,7.93,0.55
GRAVISSHO,28.21,2026-06-24,-3.65,-3.06,-5.59,,,
KPIGREEN,402.9,2026-06-24,-1.97,-0.59,-5.6,7.3,-5.45,-18.18
PRABHA,153.96,2026-06-24,-1.05,-5.34,-5.61,4.01,-19.32,-40.0
BHARATWIRE,206.84,2026-06-24,-3.12,-2.12,-5.61,31.99,13.63,-4.32
APOLLOPIPE,487.35,2026-06-24,-1.16,-3.78,-5.62,17.1,58.75,16.1
LIBAS,11.74,2026-06-24,-0.25,-3.61,-5.63,19.31,5.48,-12.58
NLCINDIA,325.25,2026-06-24,-0.72,2.31,-5.63,25.41,32.07,45.68
JSL,695.0,2026-06-24,-1.95,-0.88,-5.65,-3.13,-12.43,2.95
AWL,183.09,2026-06-24,-2.14,-3.72,-5.68,2.17,-22.33,-28.01
RAMKY,413.6,2026-06-24,-3.3,-5.84,-5.7,-7.95,-27.32,-19.34
VEEKAYEM,132.0,2026-06-23,0.69,-4.35,-5.71,10.0,-30.69,-47.32
CPSEETF,97.87,2026-06-24,-1.7,0.95,-5.72,-2.27,7.34,4.85
COMPINFO,1.31,2026-06-24,-1.5,-3.68,-5.76,29.7,-22.49,-24.71
GROWWRAIL,29.59,2026-06-24,-2.79,-0.2,-5.76,2.67,-14.41,-22.8
TPHQ,0.49,2026-06-24,0.0,2.08,-5.77,6.52,-42.35,-35.53
QUESTLAB,101.75,2026-06-23,0.05,2.11,-5.79,-5.13,0.39,18.73
IRFC,92.5,2026-06-24,-8.33,-4.72,-5.79,-0.4,-23.05,-31.99
PREMCO,365.85,2026-06-24,-1.65,-4.4,-5.88,,,
NGIL,36.6,2026-06-24,-2.4,-2.43,-5.89,57.55,16.12,26.73
NIDAN,13.5,2026-06-23,-3.23,-2.88,-5.92,-15.09,-28.19,-32.84
UYFINCORP,14.13,2026-06-24,-2.01,-2.35,-5.93,10.56,-1.05,-16.78
HOMESFY,111.0,2026-06-23,0.0,-5.61,-5.93,-13.28,-37.87,-60.56
TIPSMUSIC,640.6,2026-06-24,-1.76,0.08,-5.94,24.28,23.07,-0.93
NUCLEUS,762.4,2026-06-24,-2.57,3.1,-5.96,-1.61,-17.36,-33.77
UGARSUGAR,39.58,2026-06-24,-0.2,-3.53,-5.96,6.43,-4.47,-14.51
DABUR,424.1,2026-06-24,0.44,-1.18,-5.97,0.64,-13.55,-9.36
LUXIND,1235.0,2026-06-24,-1.35,-4.59,-5.98,30.67,10.39,-12.36
HINDCON,20.92,2026-06-24,-1.09,-2.29,-5.98,20.09,-23.48,-39.47
ROCKINGDCE,178.5,2026-06-23,2.0,-7.51,-6.0,17.05,-24.84,-1.87
ATUL,6612.5,2026-06-24,1.02,0.66,-6.0,8.08,9.21,-4.83
SEL,183.3,2026-06-23,0.0,3.56,-6.0,41.0,-16.91,-37.57
SOMICONVEY,97.81,2026-06-24,-0.89,-1.67,-6.01,-0.99,-23.88,-38.35
NIRAJISPAT,203.0,2026-06-24,1.77,4.19,-6.02,1.78,-5.42,-40.45
MASPTOP50,77.8,2026-06-24,-0.6,-1.32,-6.02,14.06,8.77,43.01
BIGBLOC,52.13,2026-06-24,5.89,3.15,-6.04,11.96,-22.87,-18.99
EUROBOND,171.68,2026-06-24,-2.43,-1.59,-6.05,19.46,-4.25,-1.9
VITAL,52.64,2026-06-24,-0.77,0.78,-6.07,41.7,-4.64,-17.1
VBL,506.7,2026-06-24,-1.22,-6.34,-6.07,30.76,6.32,9.84
INCREDIBLE,33.1,2026-06-24,-4.14,-5.24,-6.07,3.5,-16.44,-18.35
WHEELS,1566.5,2026-06-24,-3.16,-2.02,-6.08,53.53,81.81,112.74
EASEMYTRIP,7.54,2026-06-24,-4.19,-9.92,-6.1,13.73,-0.26,-28.26
SONAMAC,33.8,2026-06-23,-3.57,-1.6,-6.11,11.92,-25.71,-58.01
HCG,614.2,2026-06-24,-0.19,-2.1,-6.13,16.51,-9.36,15.03
KRITINUT,84.99,2026-06-24,-0.94,3.04,-6.18,38.76,24.44,-25.47
STANLEY,149.2,2026-06-24,-0.97,5.06,-6.18,5.76,-29.14,-56.64
TFL,12.42,2026-06-24,2.56,3.33,-6.19,-2.36,-28.17,-25.89
BSOFT,307.9,2026-06-24,-2.89,-4.94,-6.19,-11.14,-31.49,-26.02
DAMCAPITAL,150.92,2026-06-24,-2.67,-1.72,-6.19,18.06,-29.82,-42.32
PROTEAN,607.3,2026-06-24,-0.77,-2.47,-6.21,22.3,-21.86,-28.68
RKEC,29.61,2026-06-24,5.6,11.86,-6.21,-4.02,-48.03,-62.73
ANURAS,1281.1,2026-06-24,-0.09,0.91,-6.22,2.23,-3.02,11.75
TOTAL,50.76,2026-06-24,0.57,-1.09,-6.24,5.25,-34.34,-38.6
NKIND,63.0,2026-06-24,-1.65,-3.02,-6.25,-1.19,-7.35,-4.83
SPIC,69.61,2026-06-24,-2.22,0.87,-6.25,15.04,-13.17,-18.65
SHIVAMILLS,61.27,2026-06-24,-3.97,-3.44,-6.27,24.15,0.94,-21.09
PRECAM,154.85,2026-06-24,-0.81,2.73,-6.27,31.91,-4.78,-22.96
BAJAJ-AUTO,9750.0,2026-06-24,-4.33,-1.94,-6.28,11.12,7.82,18.03
FONEBOX,78.0,2026-06-23,0.06,-4.88,-6.31,9.86,-17.46,-1.83
PGHH,8979.0,2026-06-24,-1.94,-0.14,-6.32,-5.44,-29.91,-31.86
HAPPSTMNDS,346.15,2026-06-24,-0.65,-1.56,-6.32,-13.33,-28.49,-45.53
SWARAJ,246.8,2026-06-23,-0.98,-4.19,-6.32,-13.27,-0.68,21.58
CONCOR,473.95,2026-06-24,0.06,3.18,-6.32,9.43,-6.19,-19.33
MEDPLUS,841.95,2026-06-24,1.04,-3.3,-6.32,2.41,2.63,-5.12
TRACXN,30.83,2026-06-24,1.62,-3.29,-6.35,5.37,-23.9,-47.43
RHL,178.85,2026-06-24,-0.01,0.9,-6.36,5.48,-5.34,-32.58
URJA,10.01,2026-06-24,-0.6,-6.88,-6.36,10.98,-10.06,-34.66
MONEYBOXX,68.01,2026-06-24,-0.51,-2.09,-6.37,5.74,8.0,
UNIDT,218.63,2026-06-24,0.11,-5.79,-6.39,40.14,9.27,-3.41
MATRIMONY,395.75,2026-06-24,1.49,0.37,-6.39,-3.05,-25.28,-24.32
DCMSHRIRAM,1040.5,2026-06-24,-0.22,-0.73,-6.42,-3.07,-17.06,-11.18
PENINLAND,15.75,2026-06-24,1.03,2.34,-6.42,-4.6,-40.94,-45.2
CONTI,12.35,2026-06-23,0.0,-1.59,-6.44,-9.85,-47.22,-48.0
HARRMALAYA,205.42,2026-06-24,-3.07,-0.89,-6.45,24.38,26.11,-2.93
ALPHAGEO,206.2,2026-06-24,-1.21,0.56,-6.46,14.11,-8.25,-23.75
MCL,57.64,2026-06-24,-3.39,-3.32,-6.52,-3.48,7.36,0.88
ICDSLTD,41.96,2026-06-24,-1.04,-2.62,-6.53,-2.69,-4.61,-27.27
BAWEJA,29.25,2026-06-23,1.39,-2.17,-6.55,3.72,-27.24,-44.81
SIEMENS,3561.5,2026-06-24,-5.48,-1.12,-6.56,18.65,14.96,12.71
INDOWIND,9.11,2026-06-24,-0.65,-2.67,-6.56,9.63,-37.35,-55.03
ZTECH,591.6,2026-06-23,-0.03,-3.54,-6.57,20.64,-5.71,-2.16
UNITEDTEA,489.7,2026-06-24,0.41,-2.5,-6.58,-4.59,9.76,13.83
SINDHUTRAD,25.26,2026-06-24,0.28,0.68,-6.58,7.35,22.92,-1.71
JINDALPOLY,658.25,2026-06-24,-1.7,-10.98,-6.61,-23.81,35.0,9.96
CROMPTON,275.25,2026-06-24,-0.36,3.46,-6.62,15.87,6.93,-20.21
SALONA,260.0,2026-06-24,-3.79,-0.29,-6.64,-2.84,-2.09,6.67
ABMINTLLTD,41.25,2026-06-24,0.54,-0.22,-6.65,-8.74,-3.15,-22.46
DRCSYSTEMS,14.32,2026-06-24,-0.69,0.07,-6.65,9.31,-17.8,-26.19
ESFL,117.15,2026-06-23,-0.3,-0.76,-6.65,-2.86,-38.87,-73.98
ISHANCH,57.41,2026-06-24,-0.88,-5.09,-6.67,8.51,-9.89,10.13
CUBEXTUB,84.62,2026-06-24,-2.41,-2.22,-6.69,-0.75,-10.53,-21.17
SHREERAMA,43.02,2026-06-24,-1.28,1.94,-6.76,-14.95,-30.94,2.82
UMA,18.4,2026-06-23,0.0,1.66,-6.84,19.87,-6.12,-31.21
CURAA,82.4,2026-06-24,-2.99,-10.2,-6.89,-30.6,-25.95,-43.36
MUNJALSHOW,128.0,2026-06-24,-1.0,-0.99,-6.9,9.84,0.64,4.4
GANECOS,889.55,2026-06-24,-3.42,-4.26,-6.91,13.91,1.7,-38.66
DTL,121.0,2026-06-23,0.0,-6.92,-6.92,30.11,-17.12,-23.42
USASEEDS,93.0,2026-06-23,0.0,-2.11,-6.95,3.22,-35.42,-44.64
KANPRPLA,192.11,2026-06-24,1.46,4.23,-6.96,9.69,3.65,-7.07
RPOWER,25.19,2026-06-24,-4.87,-5.44,-6.98,17.71,-33.99,-60.38
OLIL,428.0,2026-06-23,-1.14,-1.56,-6.99,34.11,40.44,119.94
WINSOL,127.0,2026-06-23,0.0,1.07,-6.99,14.47,-21.46,-36.77
AVPINFRA,67.7,2026-06-23,-0.15,-7.13,-7.01,-23.98,-45.58,-64.61
FELIX,193.35,2026-06-23,1.74,4.15,-7.04,16.69,23.31,12.97
CMRSL,68.0,2026-06-23,0.0,0.74,-7.04,11.48,-4.56,-22.74
RETAIL,17.92,2026-06-24,-1.32,0.62,-7.05,-1.1,-30.03,-50.9
UNITEDPOLY,32.45,2026-06-24,-2.35,-1.79,-7.05,26.36,22.5,71.24
TATACONSUM,1098.1,2026-06-24,-1.33,-0.21,-7.08,5.16,-6.09,-0.03
RPPINFRA,66.26,2026-06-24,-3.24,4.59,-7.09,2.92,-37.34,-47.97
SALZERELEC,654.45,2026-06-24,-2.79,2.3,-7.1,19.76,-6.06,-28.05
ANTGRAPHIC,0.78,2026-06-24,-2.5,-1.27,-7.14,6.85,-20.41,-38.58
WELINV,1775.0,2026-06-24,4.73,-0.28,-7.16,41.81,32.22,62.66
BTML,6.21,2026-06-24,2.31,-4.61,-7.17,5.61,-23.05,-24.91
AISL,55.55,2026-06-23,1.0,-2.8,-7.18,-11.76,-31.84,-41.56
ANDHRSUGAR,82.24,2026-06-24,-3.19,-2.35,-7.2,16.34,8.8,11.19
RSYSTEMS,249.55,2026-06-24,-1.87,-2.77,-7.2,-0.87,-37.22,-42.52
SESHAPAPER,213.86,2026-06-24,-4.43,-5.59,-7.21,-15.16,-11.62,-28.58
TATASTEEL,190.16,2026-06-24,-4.43,-3.61,-7.22,1.73,14.12,25.38
SMLT,71.79,2026-06-24,-2.22,2.21,-7.22,12.22,-16.76,-41.36
DOLPHIN,378.05,2026-06-24,-2.19,-3.16,-7.23,-0.15,-14.02,2.38
ZENSARTECH,453.2,2026-06-24,0.68,0.51,-7.28,-16.78,-38.52,-44.79
KECL,110.95,2026-06-24,4.03,8.77,-7.29,27.37,11.61,-21.4
SAHAJSOLAR,131.4,2026-06-23,-3.7,-1.09,-7.3,20.5,-21.51,-49.36
BSE,3886.6,2026-06-24,-3.62,-5.8,-7.33,38.52,45.52,39.52
KARNIKA,126.0,2026-06-23,-0.75,-7.59,-7.35,10.53,5.31,-80.72
DNAMEDIA,2.77,2026-06-24,-2.46,-5.14,-7.36,-6.1,-31.09,-43.58
LUMAXTECH,1504.6,2026-06-24,-8.97,-10.44,-7.4,-4.28,-3.12,34.01
AGIIL,354.65,2026-06-24,-3.21,-6.68,-7.43,14.74,39.79,78.44
AUROIMPEX,26.75,2026-06-23,-2.55,-4.46,-7.44,-3.95,-38.79,-40.56
LANDSMILL,0.87,2026-06-24,3.57,-1.14,-7.45,-13.86,-43.14,3.57
BALAXI,23.19,2026-06-24,0.52,-2.52,-7.46,28.41,-18.14,-53.77
SALASAR,6.44,2026-06-24,-8.52,-11.17,-7.47,0.62,-31.34,-18.69
RKDL,19.53,2026-06-24,2.74,7.9,-7.48,6.96,-15.45,-32.82
DEVX,36.12,2026-06-24,0.22,-0.85,-7.5,0.75,-13.71,
SGL,10.23,2026-06-24,0.1,-4.3,-7.5,0.89,-18.94,-35.05
SRHHYPOLTD,493.75,2026-06-24,-0.56,-0.77,-7.5,17.27,-5.69,-20.61
DCMSRIND,38.3,2026-06-24,-0.49,-2.12,-7.51,15.96,-77.75,-76.36
FLAIR,272.55,2026-06-24,-3.3,3.18,-7.63,-6.21,-9.93,5.47
ORIENTTECH,251.9,2026-06-24,-2.08,-3.02,-7.66,0.62,-17.1,-17.01
ISHAN,0.6,2026-06-23,-7.69,0.0,-7.69,9.09,-25.0,-40.0
VMSTMT,44.08,2026-06-24,-2.99,-3.84,-7.72,11.06,-18.32,
ORICONENT,56.69,2026-06-24,-0.46,-0.3,-7.72,-15.73,-5.52,27.05
SHIVAMAUTO,16.6,2026-06-24,-2.47,-1.43,-7.73,8.85,-33.47,-45.75
INDUSTOWER,398.6,2026-06-24,-3.58,-3.55,-7.74,-7.15,-5.97,-3.96
TCS,2109.0,2026-06-24,-0.88,-2.45,-7.75,-10.89,-34.42,-35.35
EMMIL,130.25,2026-06-23,-2.21,3.25,-7.75,3.99,-34.42,-28.57
RALLIS,230.32,2026-06-24,-1.42,0.65,-7.78,-0.06,-14.05,-23.57
SPCL,69.65,2026-06-23,-1.49,-0.85,-7.81,0.65,-15.47,-44.28
COLPAL,1965.3,2026-06-24,-0.84,-4.49,-7.81,5.92,-5.01,-17.11
DENTALKART,378.85,2026-06-23,-0.82,-0.37,-7.82,-1.33,-32.32,-39.09
NIMBSPROJ,207.95,2026-06-24,0.02,0.35,-7.83,,,
MOIL,279.7,2026-06-24,-4.05,-5.43,-7.83,-3.44,-18.72,-22.95
MAGSON,170.0,2026-06-23,1.19,6.18,-7.86,25.93,40.5,21.43
KEYFINSERV,251.6,2026-06-24,-0.45,-1.31,-7.87,2.82,-19.66,-17.71
DHRUV,28.55,2026-06-24,-0.17,3.59,-7.9,-4.19,-41.02,-56.54
CREATIVEYE,6.4,2026-06-24,-1.84,-2.88,-7.91,6.31,-17.21,-30.05
GLOBE,2.21,2026-06-24,-0.9,-4.74,-7.92,-5.56,-17.54,-8.3
ALMONDZ,13.01,2026-06-24,-0.61,-2.77,-7.93,-3.63,-25.23,-34.72
DRSDILIP,110.0,2026-06-23,0.0,0.0,-7.95,-6.38,69.75,12.24
JAINAM,255.0,2026-06-23,0.0,-0.12,-7.96,47.4,4.04,-5.57
INNOVATIVE,78.0,2026-06-23,1.36,5.41,-7.96,-15.03,-20.04,1.63
SANDUMA,207.7,2026-06-24,-2.74,-3.15,-7.96,17.46,-13.63,32.41
HINDCOPPER,502.25,2026-06-24,-1.66,-2.68,-7.97,8.35,15.23,96.48
SKIL,0.92,2026-06-23,0.0,-4.17,-8.0,-1.08,-22.69,-65.93
GATECHDVR,0.46,2026-06-24,0.0,-2.13,-8.0,24.32,-8.0,-50.54
AMEYA,104.0,2026-06-23,0.1,-1.89,-8.01,8.9,0.0,-5.45
ABBOTINDIA,25595.0,2026-06-24,-1.8,-2.51,-8.03,-4.5,-10.24,-17.71
THAKDEV,129.26,2026-06-24,2.39,6.96,-8.07,,,
RAJSREESUG,33.0,2026-06-24,-2.88,-1.37,-8.08,27.02,-5.8,-29.86
INFY,1056.6,2026-06-24,-0.83,-6.9,-8.09,-15.55,-35.1,-30.7
REMSONSIND,84.79,2026-06-24,-0.71,-6.6,-8.11,-0.43,-30.83,-39.17
REPL,67.0,2026-06-24,-4.45,-7.64,-8.13,5.38,-46.14,-62.8
NTPC,357.05,2026-06-24,-2.72,2.57,-8.13,-4.93,11.53,11.07
SUMEETINDS,27.35,2026-06-24,0.85,7.38,-8.13,-7.79,-11.4,111.16
IFBAGRO,898.2,2026-06-24,-1.75,-3.08,-8.17,20.31,-31.77,21.75
AHLWEST,628.0,2026-06-24,-0.29,12.14,-8.19,335.66,335.66,335.66
UNITECH,4.71,2026-06-24,-2.48,-2.08,-8.19,19.54,-20.03,-45.42
ZODIAC,280.1,2026-06-24,-0.05,-0.8,-8.22,14.5,-6.59,-40.66
APEX,411.8,2026-06-24,-0.45,-3.51,-8.27,7.11,49.12,80.94
RACE,111.39,2026-06-24,-1.57,1.26,-8.32,12.55,-21.57,-55.17
DEVIT,26.24,2026-06-24,-6.88,-6.79,-8.32,1.86,-32.44,-37.95
QUICKTOUCH,24.25,2026-06-23,-4.9,-4.34,-8.32,-19.7,-41.78,-65.46
BANG,33.69,2026-06-24,6.78,9.78,-8.33,3.19,-31.7,-39.81
INDOTHAI,231.57,2026-06-24,2.61,-4.27,-8.34,-14.5,-32.16,25.23
MANDEEP,19.7,2026-06-23,0.0,0.0,-8.37,11.3,-12.64,-32.07
GMDCLTD,597.0,2026-06-24,-2.93,-1.68,-8.37,4.01,9.41,53.09
EXPLEOSOL,826.3,2026-06-24,0.21,2.82,-8.38,16.34,-17.23,-34.91
MITTAL,0.98,2026-06-24,0.0,-5.77,-8.41,2.08,-19.67,-33.33
GMRP&UI,99.03,2026-06-24,-2.66,-6.86,-8.44,-1.65,-11.56,-5.21
KCPSUGIND,22.11,2026-06-24,0.09,-4.04,-8.45,-2.6,-15.19,-37.81
AHLEAST,151.22,2026-06-24,-1.74,-0.78,-8.47,3.07,11.33,4.62
MAXPOSURE,34.45,2026-06-23,0.0,3.92,-8.5,-2.55,-26.94,-37.25
PRITI,41.04,2026-06-24,-4.56,3.14,-8.52,13.31,-31.83,-56.0
ABFRL,61.6,2026-06-24,1.45,0.92,-8.54,5.97,-20.94,-16.82
HDIL,1.82,2026-06-24,0.55,-3.19,-8.54,-10.34,-24.79,-48.3
ODIGMA,25.0,2026-06-24,-2.91,11.56,-8.59,10.57,-23.57,-33.44
PROV,1500.0,2026-06-23,0.0,-0.33,-8.6,31.02,15.38,46.34
KEEPLEARN,1.91,2026-06-24,-3.54,-3.54,-8.61,11.7,-22.04,-42.12
GPIL,266.25,2026-06-24,-3.83,-5.5,-8.63,1.08,5.45,47.34
MAHKTECH,22.12,2026-06-24,-0.9,-3.41,-8.63,-0.09,-13.53,1.61
TECHNVISN,4933.5,2026-06-24,-1.6,-8.44,-8.64,,,
BRNL,18.49,2026-06-24,-1.81,-1.33,-8.65,-2.53,-16.45,-12.2
POLICYBZR,1636.3,2026-06-24,-1.95,3.49,-8.71,11.97,-14.61,-12.44
POCL,1352.2,2026-06-24,-1.36,5.18,-8.77,27.28,-3.47,85.51
VLEGOV,12.98,2026-06-24,-3.13,-6.75,-8.78,30.45,-36.87,-73.78
ADL,70.34,2026-06-24,2.69,-0.93,-8.79,10.32,-12.01,-23.68
GANDHITUBE,854.0,2026-06-24,-0.02,0.7,-8.79,6.66,11.88,23.42
EIDPARRY,710.4,2026-06-24,-0.78,-2.1,-8.8,-10.09,-33.08,-26.83
GUJALKALI,626.75,2026-06-24,-4.3,-4.16,-8.8,0.13,23.46,11.28
EXCELINDUS,911.15,2026-06-24,-0.85,-1.59,-8.81,6.52,-2.87,-25.73
ESCONET,117.55,2026-06-23,-0.72,3.61,-8.81,11.58,-19.65,-43.76
FCONSUMER,0.31,2026-06-23,0.0,-3.12,-8.82,-3.12,-31.11,-38.0
BANARBEADS,103.58,2026-06-24,2.45,2.85,-8.82,-2.43,-20.26,-18.61
IBLFL,54.5,2026-06-23,-0.46,-5.22,-8.86,17.2,-15.5,-13.49
FLEXITUFF,6.37,2026-06-24,-6.19,-7.81,-8.87,-2.75,-56.52,-82.67
PROZONER,46.98,2026-06-24,-1.39,-1.67,-8.88,9.82,-9.02,34.31
HRHNEXT,25.35,2026-06-23,0.0,-1.74,-8.98,-11.05,-10.58,-54.97
RAMASTEEL,4.75,2026-06-24,-5.0,-9.35,-9.0,-2.86,-49.89,-60.52
DPSCLTD,7.57,2026-06-24,-1.3,-0.26,-9.01,3.84,-23.77,-41.35
SAHYADRI,279.65,2026-06-24,-4.46,2.53,-9.01,26.45,9.65,-9.35
HMAAGRO,22.17,2026-06-24,0.64,-3.52,-9.03,-4.32,-22.91,-32.52
SECL,3.0,2026-06-23,0.0,-4.76,-9.09,-20.0,-30.23,-55.22
DCI,268.3,2026-06-24,-0.72,-0.67,-9.1,-8.05,9.85,-1.16
JARO,528.05,2026-06-24,-0.02,-5.42,-9.12,11.85,-2.2,
LATENTVIEW,296.65,2026-06-24,-0.92,-2.01,-9.14,12.94,-36.03,-26.93
FSL,244.0,2026-06-24,-0.12,-1.03,-9.16,12.94,-28.85,-35.5
EFACTOR,178.5,2026-06-23,0.0,-4.44,-9.23,5.62,-46.1,-20.22
DISHTV,3.13,2026-06-24,-1.26,-0.63,-9.28,50.48,-20.15,-37.4
WAKEFIT,122.02,2026-06-24,-1.95,-2.05,-9.29,-25.67,-34.92,
NTPCGREEN,94.67,2026-06-24,-2.58,-4.11,-9.31,-1.08,1.5,-11.77
EPIGRAL,1129.6,2026-06-24,-0.32,-1.48,-9.32,31.47,-13.98,-35.31
LUMAXIND,5117.0,2026-06-24,-2.7,-4.55,-9.34,1.82,-7.84,58.54
SOUTHWEST,230.35,2026-06-24,-6.95,-8.32,-9.35,8.74,17.29,61.5
DMCC,251.25,2026-06-24,-1.28,-1.95,-9.35,19.51,-3.74,-2.46
GODAVARIB,287.45,2026-06-24,-2.49,1.07,-9.39,-6.6,-1.45,15.77
KRIDHANINF,2.89,2026-06-24,-1.03,-1.7,-9.4,29.6,-28.82,-41.02
DHANUKA,1062.0,2026-06-24,-0.92,-1.21,-9.41,9.42,-10.85,-36.6
BABAFP,23.55,2026-06-23,-2.89,18.94,-9.42,13.49,-25.83,-37.37
BLUECOAST,28.97,2026-06-24,0.03,-0.03,-9.44,41.94,-20.63,-4.89
ITALIANE,32.0,2026-06-23,-1.54,-6.02,-9.48,-17.95,14.9,-11.95
RUBFILA,72.19,2026-06-24,-0.51,0.06,-9.49,18.93,-2.52,-2.61
AGNI,18.1,2026-06-23,-2.43,4.93,-9.5,33.09,-27.6,-35.01
TRU,5.52,2026-06-24,-5.48,-3.83,-9.51,-0.36,-29.5,-65.86
SARDAEN,514.2,2026-06-24,-3.0,-1.71,-9.53,0.29,-4.11,17.08
MFML,22.6,2026-06-24,-0.92,-1.48,-9.53,2.31,-11.37,-20.84
TWCGOLDETF,141.71,2026-06-24,-3.0,-5.32,-9.54,1.99,,
SUNREST,32.55,2026-06-23,-3.98,-3.98,-9.58,-18.63,-24.3,-46.2
BAJAJINDEF,254.7,2026-06-24,0.99,6.64,-9.58,11.54,-25.34,-38.51
OSWALGREEN,22.89,2026-06-24,-3.82,-5.96,-9.6,1.6,-31.18,-51.4
MOGOLD,140.8,2026-06-24,-2.76,-5.06,-9.6,1.96,3.8,
CHEMFAB,365.75,2026-06-24,-3.29,-4.98,-9.61,6.52,-13.0,-51.05
SCHAND,150.92,2026-06-24,0.31,0.45,-9.62,8.16,-2.25,-34.66
SHREYANIND,138.07,2026-06-24,-0.26,-5.49,-9.63,-0.9,-21.15,-38.56
SURAJEST,194.32,2026-06-24,-0.49,-0.85,-9.66,-0.45,-18.81,-46.22
OSWALSEEDS,10.81,2026-06-24,-0.83,-1.73,-9.69,-4.76,-44.05,-23.17
SUNFLAG,340.7,2026-06-24,-4.86,-5.58,-9.69,61.0,29.03,18.9
BBNPPGOLD,137.85,2026-06-24,-3.02,-5.42,-9.7,1.96,4.12,44.65
FORCEMOT,17947.0,2026-06-24,-3.11,-3.2,-9.71,-16.47,-2.28,31.12
PML,500.0,2026-06-24,-0.62,-1.36,-9.71,,,
GOLDETF,138.34,2026-06-24,-2.77,-4.97,-9.72,2.28,4.11,45.18
AWFIS,310.15,2026-06-24,2.94,2.28,-9.72,27.71,-37.27,-52.65
TATAGOLD,13.82,2026-06-24,-2.81,-5.08,-9.73,1.92,3.75,45.32
GOLDKART,136.9,2026-06-23,0.0,-9.73,-9.73,-44.24,-47.33,-35.73
GROWWGOLD,13.9,2026-06-24,-2.93,-5.18,-9.74,1.68,-89.64,-85.53
DSFCL,23.64,2026-06-24,-0.51,-0.04,-9.74,16.86,,
LOYALTEX,203.16,2026-06-24,-2.33,-0.41,-9.75,2.37,-4.77,-29.14
MAL,33.7,2026-06-23,1.35,10.49,-9.77,-0.3,-31.99,-51.3
CHOICEGOLD,141.05,2026-06-24,-3.11,-5.34,-9.77,1.5,3.85,
MOXSH,114.0,2026-06-23,0.0,0.0,-9.77,-10.52,20.0,321.44
LICMFGOLD,127.95,2026-06-24,-2.92,-5.47,-9.8,2.07,-98.97,-98.55
AONEGOLD,13.26,2026-06-24,-3.07,-5.62,-9.8,1.38,3.67,
BSLGOLDETF,125.1,2026-06-24,-2.87,-5.11,-9.83,2.13,3.97,45.86
UNIONGOLD,139.0,2026-06-24,-3.14,-5.73,-9.83,1.35,3.77,43.97
GOLDCASE,22.35,2026-06-24,-2.99,-5.3,-9.84,1.64,3.91,45.41
LAXMIDENTL,224.75,2026-06-24,-0.33,-0.9,-9.84,36.78,-14.56,-47.51
HSBCGOLD,123.71,2026-06-24,-3.16,-4.84,-9.86,,,
EGOLD,142.1,2026-06-24,-2.9,-5.27,-9.86,1.72,3.95,44.56
ULTRAMAR,366.65,2026-06-24,-1.31,-4.09,-9.86,,,
RUDRA,17.53,2026-06-24,-1.24,-3.63,-9.87,9.91,-31.09,
QGOLDHALF,117.75,2026-06-24,-2.93,-5.31,-9.9,2.22,3.51,45.66
GOLDBETA,119.65,2026-06-24,-2.88,-5.15,-9.9,2.22,3.86,44.59
SETFGOLD,121.24,2026-06-24,-2.97,-5.36,-9.91,1.69,3.85,45.32
GOLD1,118.64,2026-06-24,-2.91,-5.18,-9.92,1.99,4.11,45.43
GOLDBEES,117.56,2026-06-24,-2.94,-5.28,-9.92,1.79,3.84,45.17
JINDALSTEL,1089.7,2026-06-24,-3.74,-5.2,-9.93,-2.76,9.08,18.14
HDFCGOLD,121.41,2026-06-24,-2.83,-5.28,-9.93,1.97,3.8,45.16
KLL,32.15,2026-06-23,0.16,-10.69,-9.94,-14.04,-33.92,-57.36
SKP,155.8,2026-06-23,-1.7,0.71,-9.94,8.87,-6.14,-28.2
SEAMECLTD,1447.4,2026-06-24,5.9,-10.03,-9.98,5.11,41.65,73.67
JKPAPER,341.55,2026-06-24,-1.66,-4.21,-9.99,6.02,-6.17,-3.8
GOLDIETF,121.59,2026-06-24,-3.05,-5.56,-10.01,1.69,3.62,45.43
GOLDADD,137.98,2026-06-24,-2.91,-5.45,-10.01,1.58,3.78,45.18
JHS,7.72,2026-06-24,-2.89,-6.76,-10.02,7.52,-21.7,-40.93
GOLDBND,141.99,2026-06-24,-3.02,-5.35,-10.07,1.76,,
AXISGOLD,118.21,2026-06-24,-3.15,-5.7,-10.07,1.19,3.57,45.38
SIKKO,3.93,2026-06-24,-1.26,-1.75,-10.07,-12.28,-29.7,-0.43
SAMBHAAV,6.42,2026-06-24,-4.32,-0.93,-10.08,17.37,-30.22,-10.34
BASILIC,210.55,2026-06-23,2.96,1.64,-10.12,21.81,-36.26,-53.0
GESHIP,1497.2,2026-06-24,1.62,8.16,-10.14,7.78,36.85,58.33
JAIPURKURT,27.87,2026-06-24,-2.35,-2.18,-10.15,-0.96,-3.13,-36.5
IVZINGOLD,123.2,2026-06-24,-3.52,-5.85,-10.17,-98.99,-98.96,-98.55
WINNY,41.25,2026-06-23,0.0,0.0,-10.23,-4.95,-47.12,-71.35
BODALCHEM,66.52,2026-06-24,-3.02,0.32,-10.24,21.12,24.59,-7.34
DREAMFOLKS,68.44,2026-06-24,-3.59,-6.17,-10.27,3.46,-38.17,-70.12
GOLD360,138.45,2026-06-24,-2.94,-5.91,-10.3,1.54,3.63,43.17
PAKKA,81.81,2026-06-24,1.07,1.38,-10.31,-6.42,-24.36,-55.62
RAJVIR,6.86,2026-06-23,0.0,-4.99,-10.33,-10.33,-22.49,-34.67
KEL,78.0,2026-06-23,2.03,-4.88,-10.34,1.17,-21.21,-30.54
SATIPOLY,32.35,2026-06-23,-4.57,-13.73,-10.39,-0.31,-50.23,-63.26
UMAEXPORTS,22.16,2026-06-24,-3.61,-7.28,-10.43,5.32,-44.38,-61.92
PURVFLEXI,51.5,2026-06-23,0.0,0.49,-10.43,32.22,-40.26,-27.97
MAANALU,128.58,2026-06-24,-1.19,0.8,-10.45,-0.89,-20.84,2.59
REGAAL,78.27,2026-06-24,1.12,-3.82,-10.47,17.81,7.16,
GKSL,128.17,2026-06-24,-0.8,-1.8,-10.54,25.41,,
HEG,525.75,2026-06-24,-2.2,-3.16,-10.54,7.66,-4.5,7.37
A2ZINFRA,13.89,2026-06-24,-2.39,-2.94,-10.56,-16.63,-19.48,-30.52
TGL,18.2,2026-06-23,-4.96,-12.71,-10.57,-46.78,-75.86,-86.38
RRIL,18.43,2026-06-24,0.11,-9.21,-10.58,,,
SECURKLOUD,19.08,2026-06-24,0.26,0.37,-10.59,-10.55,-23.37,-24.97
FRONTSP,1421.5,2026-06-24,-1.97,-4.81,-10.61,,,
PATANJALI,414.2,2026-06-24,-0.97,-2.7,-10.63,-12.07,-24.02,-22.36
SONAMLTD,52.18,2026-06-24,-3.35,-5.33,-10.64,-3.55,26.1,15.65
SRTL,39.18,2026-06-24,-2.27,-5.25,-10.67,-11.1,,
KDL,123.8,2026-06-23,-2.21,-4.51,-10.68,10.04,-35.06,-60.56
PENTAGON,58.95,2026-06-23,0.0,7.18,-10.68,-1.83,-19.25,-8.6
ALLETEC,144.3,2026-06-23,-0.62,-1.5,-10.68,4.79,-34.17,-61.62
BILVYAPAR,4.34,2026-06-24,-0.23,9.05,-10.7,-20.66,-43.27,-64.22
JSLL,580.15,2026-06-24,-4.71,-4.74,-10.71,-4.37,-18.42,35.89
AUSOMENT,115.95,2026-06-24,-0.4,-2.35,-10.73,17.33,2.54,7.12
BIRLAPREC,37.5,2026-06-24,-0.98,-0.19,-10.74,,,
DELTACORP,64.94,2026-06-24,-2.49,-0.55,-10.75,24.86,-8.79,-25.78
PRAJIND,348.05,2026-06-24,1.9,3.29,-10.81,11.34,4.07,-28.85
DCAL,174.22,2026-06-24,0.63,-3.34,-10.83,20.92,-31.62,-28.39
ELITECON,27.99,2026-06-24,-2.41,-6.73,-10.86,,,
QUICKHEAL,176.23,2026-06-24,-1.58,0.93,-10.87,24.39,-35.88,-50.74
NESCO,1105.8,2026-06-24,-2.4,0.08,-10.92,7.0,-10.55,8.72
INSECTICID,667.05,2026-06-24,-3.17,-6.02,-10.94,16.02,-6.44,-29.1
PRESSTONIC,29.95,2026-06-23,-0.17,0.0,-11.0,-8.13,-52.46,-70.05
TRUST,30.25,2026-06-23,-2.42,-6.64,-11.03,-1.63,-39.5,-52.59
IVP,156.99,2026-06-24,-0.27,-1.94,-11.04,18.75,5.98,-10.84
EASTSILK,50.47,2026-06-24,-3.55,2.62,-11.11,-20.37,-38.9,2703.89
FEL,0.4,2026-06-24,-2.44,-6.98,-11.11,0.0,-14.89,-32.2
FALCONTECH,12.25,2026-06-23,-5.04,-9.26,-11.23,18.17,-20.2,-59.17
COMFINTE,5.91,2026-06-24,-1.01,-2.48,-11.26,,,
SUPREMEINF,73.06,2026-06-24,-3.1,-9.84,-11.27,11.13,-14.52,-31.76
APCL,107.09,2026-06-24,-5.2,-5.47,-11.28,-1.48,-11.33,-23.45
MAKS,23.05,2026-06-23,0.0,-12.69,-11.35,-17.09,-22.26,-25.53
EMPOWER,2.18,2026-06-24,6.86,15.34,-11.38,,,
VR,119.1,2026-06-23,0.0,-9.7,-11.38,-17.23,-30.76,-37.76
CMICABLES,2.95,2026-06-23,0.0,-1.99,-11.41,-18.28,-45.77,-6.35
TTL,6.83,2026-06-24,-1.01,0.44,-11.41,-23.86,-20.12,-52.35
TIPSFILMS,334.65,2026-06-24,-3.08,-6.39,-11.47,18.06,-22.59,-40.16
RVNL,239.94,2026-06-24,-2.54,0.1,-11.49,-7.16,-30.38,-39.21
VISASTEEL,44.31,2026-06-23,1.77,6.82,-11.49,55.15,-10.27,38.51
VALIANTLAB,68.04,2026-06-24,1.05,1.55,-11.5,14.41,-9.26,-40.65
MANINFRA,104.69,2026-06-24,-1.96,-9.52,-11.53,21.44,-18.51,-38.6
PARTYCRUS,90.0,2026-06-23,-0.88,-7.93,-11.55,11.11,7.98,9.82
TIJARIA,4.05,2026-06-24,-15.8,-9.19,-11.57,-8.99,-16.67,-45.42
ARSHIYA,1.07,2026-06-24,0.94,-2.73,-11.57,-19.55,-15.08,-58.2
MARINETRAN,14.1,2026-06-23,0.0,-4.08,-11.6,-17.54,-43.71,-14.8
INFOLLION,172.55,2026-06-23,-0.17,-0.2,-11.6,-39.03,-54.42,-64.27
GNRL,84.88,2026-06-24,-1.12,-5.95,-11.62,,,
ECLERX,1394.1,2026-06-24,-3.84,-0.85,-11.64,-4.61,-41.75,-20.5
ASIANTILES,55.07,2026-06-24,-0.43,-9.78,-11.65,-1.56,-29.29,-15.3
GTPL,59.46,2026-06-24,-6.38,-8.58,-11.68,4.21,-40.59,-47.9
DIGIKORE,52.7,2026-06-23,-2.04,2.13,-11.73,-23.18,-28.78,-70.31
PROSTARM,139.07,2026-06-24,-2.2,-2.84,-11.74,8.24,-23.7,6.06
HNGSNGBEES,471.42,2026-06-24,-1.62,-5.03,-11.76,2.23,-6.0,22.49
LAXMIINDIA,102.59,2026-06-24,-3.72,-6.63,-11.76,27.33,-18.26,
PRECISION,7.1,2026-06-23,0.0,-6.58,-11.8,-14.97,-43.87,-66.51
PFOCUS,214.01,2026-06-24,-4.63,-11.32,-11.8,-30.7,-11.34,89.27
BI,56.45,2026-06-24,-1.02,-4.11,-11.84,,,
INDOUS,88.99,2026-06-24,-3.98,-1.16,-11.85,-13.17,-26.51,-42.64
SUDARSCHEM,893.0,2026-06-24,-1.5,-0.57,-11.85,15.08,-6.35,-25.2
AXISCADES,1757.9,2026-06-24,-6.4,-7.76,-11.86,24.15,30.71,28.71
NAGREEKCAP,25.04,2026-06-24,-5.51,-10.57,-11.89,18.34,-12.14,-3.4
SRPL,0.37,2026-06-23,0.0,-2.63,-11.9,-21.28,-44.78,-28.85
VIVIMEDLAB,5.76,2026-06-24,-2.7,-9.43,-11.93,-2.37,-73.42,16.36
HINDALCO,976.6,2026-06-24,-3.71,-3.68,-11.95,14.27,12.97,46.96
SIGNPOST,255.5,2026-06-24,-0.66,-1.43,-11.97,7.85,15.08,36.87
JAYAGROGN,203.74,2026-06-24,-5.7,-6.93,-12.07,16.32,-0.23,-16.94
SUMIT,39.44,2026-06-24,-1.94,-0.25,-12.12,-10.18,-44.9,-58.97
AKSHAR,0.43,2026-06-24,-4.44,-4.44,-12.24,10.26,-17.31,-21.82
TAPIFRUIT,50.0,2026-06-23,0.0,5.49,-12.28,-13.42,-25.6,-38.0
MVGJL,144.32,2026-06-24,-2.34,-5.06,-12.28,3.96,-21.27,-43.24
INSPIRISYS,110.03,2026-06-24,-0.87,-2.3,-12.29,43.31,24.51,8.47
NURECA,238.6,2026-06-24,0.0,1.25,-12.34,4.1,-16.21,-11.17
VCL,1.2,2026-06-24,-4.0,-8.4,-12.41,-7.69,-39.39,36.36
PVSL,93.83,2026-06-24,-1.03,-1.72,-12.41,9.52,-20.35,-22.77
RADIOWALLA,26.05,2026-06-23,4.83,-2.98,-12.44,-4.23,-53.48,-56.4
PRITIKA,63.7,2026-06-23,2.82,-2.0,-12.44,27.91,-15.52,-19.37
PIONEEREMB,23.16,2026-06-24,-5.97,-6.65,-12.44,0.83,-20.03,-46.46
SANWARIA,0.21,2026-06-24,-4.55,-4.55,-12.5,-12.5,-19.23,-46.15
NAGAFERT,3.35,2026-06-23,0.0,-4.83,-12.53,-12.76,-28.27,-36.67
UNIVPHOTO,369.9,2026-06-24,5.66,0.37,-12.55,-15.3,57.77,56.78
MARCO,31.0,2026-06-23,-0.32,-2.97,-12.55,-2.82,-23.46,-26.1
CHEMPLASTS,207.45,2026-06-24,-0.78,3.1,-12.62,-20.03,-20.73,-50.13
SHAH,4.39,2026-06-24,-4.36,-10.95,-12.66,-5.59,-11.49,10.03
YASHOPTICS,116.15,2026-06-23,-1.69,-5.38,-12.67,14.77,-13.68,38.27
MANAV,39.25,2026-06-23,0.0,-4.85,-12.68,-1.88,36.28,98.23
GGBL,293.45,2026-06-23,-1.53,-6.92,-12.69,21.41,-9.83,-36.5
FLFL,1.37,2026-06-24,0.0,3.01,-12.74,10.48,-3.52,-20.35
RUCHIRA,109.45,2026-06-24,-0.07,0.77,-12.75,8.76,-9.82,-18.35
BESTAGRO,15.51,2026-06-24,-2.08,-3.72,-12.77,14.21,-39.9,-27.28
SEPC,6.81,2026-06-24,-6.58,-7.22,-12.8,33.27,-32.1,-49.37
SAPPL,270.8,2026-06-24,0.37,-3.25,-12.8,,,
COASTCORP,50.5,2026-06-24,-3.11,3.46,-12.83,13.0,9.76,34.55
NIRMAN,44.0,2026-06-23,-2.44,-8.05,-12.87,0.69,-31.68,-78.51
KESORAMIND,11.35,2026-06-24,-3.9,-1.48,-12.89,32.13,-5.81,73.55
ELIN,102.95,2026-06-24,-4.33,-4.46,-12.98,-3.28,-38.61,-40.08
RITEZONE,18.95,2026-06-23,4.99,15.2,-13.07,19.18,-8.01,-15.78
MCX,2840.6,2026-06-24,-1.04,-1.9,-13.13,17.43,31.21,73.53
KSR,32.56,2026-06-24,-0.82,6.96,-13.17,-8.28,119.11,
JUBLINGREA,631.9,2026-06-24,-2.12,-0.99,-13.17,10.27,-10.75,-13.44
SURAKSHA,271.9,2026-06-24,-2.42,1.36,-13.19,6.11,0.11,-16.98
NOVAAGRI,24.48,2026-06-24,-4.19,-10.26,-13.22,15.8,-37.21,-50.51
WEWIN,49.23,2026-06-24,-1.54,-2.51,-13.3,14.38,8.2,4.39
DKEGL,64.0,2026-06-23,0.0,-3.54,-13.4,-8.51,-12.33,-1.72
GVKPIL,2.71,2026-06-24,-2.17,-5.24,-13.42,8.4,-16.62,-33.58
HBSL,52.36,2026-06-24,-1.65,-2.95,-13.45,12.53,-29.69,-42.57
SANGANI,45.0,2026-06-23,0.0,0.0,-13.46,12.5,-24.94,-38.36
MASTERTR,78.13,2026-06-24,-3.18,-0.8,-13.49,18.33,-34.37,-47.29
RMC,342.85,2026-06-24,-4.58,10.01,-13.53,,,
APS,303.6,2026-06-23,0.23,-3.54,-13.57,4.49,-19.85,-45.89
TEMBO,544.45,2026-06-24,-3.57,-4.11,-13.71,11.74,-26.79,15.23
ARISTO,99.7,2026-06-23,0.0,6.01,-13.72,14.6,-16.67,-12.94
LLOYDS,80.3,2026-06-23,-4.97,1.01,-13.79,93.03,18.09,-13.66
AJOONI,3.56,2026-06-24,-4.04,-4.81,-13.8,-10.33,-20.36,-40.96
TARAPUR,18.53,2026-06-24,-4.93,-8.04,-13.81,-29.84,-37.55,-35.64
RBS,84.0,2026-06-23,-3.45,-7.69,-13.85,18.31,-13.4,-24.22
NORBTEAEXP,72.44,2026-06-24,2.27,-2.95,-13.91,-19.51,-7.83,112.62
SATIA,55.55,2026-06-24,-1.52,0.0,-13.93,-2.49,-16.15,-37.23
MODINATUR,398.0,2026-06-24,-2.21,-5.81,-13.96,34.55,7.08,
MVKAGRO,397.55,2026-06-23,-2.76,-10.26,-14.0,-12.59,-48.91,184.17
ABMKNO,199.13,2026-06-24,-5.4,-7.78,-14.09,,,
ISGEC,926.4,2026-06-24,-3.21,0.12,-14.09,4.95,2.17,-22.56
WIPRO,174.48,2026-06-24,-3.16,-3.8,-14.1,-7.56,-33.23,-31.12
ENTERO,1163.3,2026-06-24,6.32,3.64,-14.11,-5.11,20.84,2.2
JETKNIT,76.55,2026-06-23,0.0,-14.18,-14.18,-14.18,-14.18,-30.38
MEDICO,41.05,2026-06-24,-3.12,-3.34,-14.19,13.34,-24.32,-16.33
STYLEBAAZA,294.6,2026-06-24,-9.74,-11.5,-14.27,5.12,6.78,12.98
HINDZINC,541.95,2026-06-24,-5.45,-3.88,-14.28,11.03,-11.68,24.6
INNOVANA,306.5,2026-06-24,-2.82,-2.26,-14.28,-12.53,-26.32,-40.57
AILIMITED,36.0,2026-06-23,0.0,-0.28,-14.29,-13.25,-10.0,-49.3
SOLEX,1113.4,2026-06-24,-1.94,2.6,-14.33,14.34,-17.35,-15.81
VEDL,282.55,2026-06-24,-7.62,-6.6,-14.37,-55.91,-51.97,-33.19
CELLECOR,35.5,2026-06-23,-0.56,-5.71,-14.46,47.0,18.33,-5.96
MADHAVBAUG,171.0,2026-06-23,-6.04,3.42,-14.48,-14.93,-40.17,14.15
MAITREYA,143.3,2026-06-23,-1.85,-6.34,-14.5,-20.39,-33.63,-48.0
SLONE,151.2,2026-06-23,20.0,29.23,-14.58,-17.98,-38.98,-39.94
SHRITECH,63.8,2026-06-23,0.0,4.33,-14.59,9.06,6.33,-29.11
DCG,56.3,2026-06-23,-1.92,-2.6,-14.7,1.99,-15.08,-17.63
ONESOURCE,1564.0,2026-06-24,-3.15,-3.66,-14.75,18.84,-9.23,-21.45
SEYAIND,13.21,2026-06-24,-0.08,0.3,-14.77,26.65,-23.55,-44.94
RSDFIN,81.18,2026-06-24,-4.47,-1.0,-14.78,,,
SAIL,171.42,2026-06-24,-1.96,-6.08,-14.81,17.63,30.01,32.76
NATIONALUM,348.55,2026-06-24,-7.78,-8.84,-14.83,-1.23,20.11,91.99
MEDICAMEQ,229.4,2026-06-24,0.61,1.84,-14.9,-5.23,-40.1,-42.43
CRAYONS,28.45,2026-06-23,-1.9,-6.72,-15.07,-4.69,-30.35,-37.33
TCC,331.3,2026-06-24,-2.64,-4.55,-15.12,-6.13,,
MOSILVER,220.56,2026-06-24,-5.01,-10.33,-15.16,1.21,2.15,
AONESILVER,8.53,2026-06-24,-5.01,-10.49,-15.29,0.59,,
ORIANA,1605.7,2026-06-23,-2.07,-4.89,-15.33,-4.25,-31.05,-27.19
SILVER360,219.36,2026-06-24,-5.32,-10.38,-15.33,-0.35,2.36,106.92
ESSENTIA,1.38,2026-06-24,-2.13,-9.21,-15.34,15.97,-10.97,-36.99
AXISILVER,221.69,2026-06-24,-5.19,-10.76,-15.37,0.65,1.97,107.85
SILVERAG,217.21,2026-06-24,-5.28,-10.58,-15.38,0.09,1.73,107.52
TATSILV,21.66,2026-06-24,-5.29,-10.61,-15.46,-0.14,1.88,108.47
SBISILVER,218.47,2026-06-24,-5.33,-10.78,-15.47,0.55,1.9,107.36
SILVER,222.62,2026-06-24,-5.22,-10.53,-15.49,0.94,1.78,108.13
MARATHON,406.75,2026-06-24,0.38,-0.12,-15.52,-1.64,-18.81,-36.45
SILVERBEES,213.35,2026-06-24,-5.24,-10.59,-15.52,0.49,1.97,107.72
WOMANCART,107.25,2026-06-23,-1.97,-0.05,-15.55,-29.74,-62.89,-53.17
GROWWSLVR,21.84,2026-06-24,-5.25,-11.04,-15.55,0.78,-89.79,-79.34
SILVERBETA,215.32,2026-06-24,-5.29,-10.71,-15.55,0.69,1.72,107.42
VERTOZ,39.72,2026-06-24,-4.24,-12.3,-15.55,11.56,-46.59,-56.58
MCLEODRUSS,61.19,2026-06-24,-3.94,-6.44,-15.57,91.04,31.14,78.92
SILVERADD,214.9,2026-06-24,-5.36,-10.83,-15.59,0.03,1.57,108.2
ESILVER,222.31,2026-06-24,-5.38,-10.67,-15.6,0.19,2.02,106.99
HDFCSILVER,213.21,2026-06-24,-5.4,-10.85,-15.62,0.19,1.48,107.24
SILVERIETF,222.46,2026-06-24,-5.3,-10.67,-15.63,0.66,2.07,108.45
SILVERBND,222.64,2026-06-24,-5.66,-10.96,-15.66,-0.2,,
SILVER1,21.6,2026-06-24,-5.43,-10.93,-15.66,0.05,-89.83,-77.39
CAPTRUST,12.32,2026-06-24,-3.14,-5.23,-15.67,4.67,-12.38,-83.79
ABINFRA,10.97,2026-06-24,5.28,3.0,-15.75,-34.9,-39.53,-28.96
SILVERCASE,22.57,2026-06-24,-5.37,-10.72,-15.81,0.13,2.03,107.36
TRANSPEK,998.2,2026-06-24,-0.89,1.74,-15.81,,,
JINDRILL,563.9,2026-06-24,-3.38,-6.34,-15.81,20.0,-1.94,-11.29
GRAPHITE,622.85,2026-06-24,-2.38,-5.76,-15.9,9.11,9.11,15.3
NEPHROCARE,67.95,2026-06-23,-0.07,-1.52,-16.01,16.85,-41.45,-46.07
SDBL,70.87,2026-06-24,-0.91,-9.63,-16.09,0.06,-35.8,-56.28
TECILCHEM,10.61,2026-06-24,-5.52,-3.46,-16.26,-11.21,-43.23,-42.68
HGM,52.0,2026-06-24,-3.0,-3.26,-16.28,-2.38,-26.45,-5.33
OIL,418.05,2026-06-24,-1.06,0.2,-16.35,-12.53,3.8,-3.67
JAYNECOIND,86.24,2026-06-24,-3.46,-8.16,-16.4,19.69,6.84,118.05
SOLARWORLD,184.42,2026-06-24,-2.47,-0.97,-16.57,24.62,-32.17,
INA,115.15,2026-06-24,-3.98,-3.0,-16.64,21.94,,
SHIVATEX,143.48,2026-06-24,-5.09,-4.99,-16.71,8.05,-21.46,-30.18
SWASTIK,18.8,2026-06-23,0.0,-13.76,-17.0,17.5,-16.63,-47.92
DENEERS,200.1,2026-06-23,-5.41,-8.3,-17.04,29.64,25.77,-42.98
GSLSU,44.93,2026-06-24,2.44,-12.07,-17.18,-16.27,-57.84,-63.56
ONGC,240.0,2026-06-24,-2.22,-1.5,-17.24,-10.46,5.08,3.72
HALEOSLABS,1371.2,2026-06-24,-3.29,-3.65,-17.34,7.55,4.48,13.45
FILATFASH,0.19,2026-06-24,-5.0,-5.0,-17.39,18.75,-47.22,-62.75
ENFUSE,160.05,2026-06-23,0.0,-3.0,-17.5,-6.95,-28.87,-30.43
MHHL,32.15,2026-06-23,4.89,-5.44,-17.56,-14.49,-20.62,-45.88
SCML,76.9,2026-06-23,-0.19,-2.41,-17.62,-44.48,-43.81,-3.15
XELPMOC,83.72,2026-06-24,-3.19,-0.78,-17.67,-12.89,-36.2,-10.71
LINCOLN,603.8,2026-06-24,-2.12,-7.53,-17.76,2.13,25.49,8.51
GIRIRAJ,136.0,2026-06-23,-2.33,-2.51,-17.82,-24.09,-36.4,-46.25
GRAPHISAD,28.25,2026-06-23,-2.75,-5.83,-18.12,-16.42,-42.58,-30.25
DSSL,1418.7,2026-06-24,-3.81,10.68,-18.2,60.02,48.38,32.77
OSIAHYPER,3.32,2026-06-24,-0.3,2.47,-18.23,-26.55,-78.34,-79.51
REFRACTORY,32.0,2026-06-23,3.23,-1.69,-18.26,2.89,-46.67,-41.39
SHIVALIK,211.15,2026-06-24,-3.63,-4.02,-18.29,-7.06,-42.99,-59.26
ESABINDIA,5761.5,2026-06-24,-0.3,0.02,-18.31,10.37,-5.55,15.17
DAVANGERE,3.59,2026-06-24,-0.83,-1.91,-18.41,-6.99,1.41,6.85
DELAPLEX,103.0,2026-06-23,0.0,1.38,-18.58,13.0,-21.16,-35.62
RBMINFRA,299.35,2026-06-23,-0.65,-3.81,-18.63,-4.82,-28.25,-33.91
PCCL,234.9,2026-06-23,1.4,-12.42,-18.72,-5.78,15.09,23.53
VERITAAS,39.0,2026-06-23,-0.51,-10.03,-18.75,-6.14,-37.15,-47.15
BNAGROCHEM,265.1,2026-06-24,-5.98,-5.56,-19.09,,,
HAVISHA,1.25,2026-06-24,0.0,-3.1,-19.35,6.84,-34.21,-46.81
BOHRAIND,15.48,2026-06-24,-2.7,-6.18,-19.38,-9.9,-12.59,-44.08
TECHNOE,1074.1,2026-06-24,-1.83,-0.54,-19.51,2.32,-2.8,-29.35
TICL,18.33,2026-06-24,-6.29,-11.19,-19.53,-20.72,-21.06,-29.96
TUNWAL,27.3,2026-06-23,0.92,-3.87,-19.71,-7.61,-20.87,-10.34
ABSMARINE,240.95,2026-06-23,0.65,3.37,-20.04,51.02,20.29,29.68
IEML,46.05,2026-06-23,-3.05,-3.46,-20.12,-33.65,-47.31,-66.94
INSPIRE,8.8,2026-06-23,-4.86,-4.86,-20.36,-3.83,-27.57,-55.44
KCEIL,81.55,2026-06-23,-3.2,-6.96,-20.4,-25.56,-47.39,-75.78
PRLIND,47.3,2026-06-23,-3.47,-1.46,-20.44,-5.4,-39.28,-51.24
TIRUMALCHM,165.76,2026-06-24,-5.15,-5.43,-20.5,-3.56,-30.79,-43.09
DHTL,40.5,2026-06-23,0.0,2.4,-20.59,1.25,-31.12,-33.39
LEXUS,14.95,2026-06-24,-3.17,0.34,-20.61,-42.54,-44.57,-54.81
DURLAX,47.3,2026-06-23,2.83,-5.31,-20.64,-2.17,13.7,12.49
SURANI,105.5,2026-06-23,-4.95,-15.53,-20.68,31.14,75.83,-9.83
AMBEY,19.5,2026-06-23,0.78,-13.72,-20.73,-8.24,-54.91,-50.06
DELPHIFX,8.26,2026-06-24,-2.36,-8.22,-20.73,-9.23,-49.04,-7.45
SHIGAN,66.0,2026-06-23,-3.37,-13.16,-21.05,35.66,51.72,-20.12
BCONCEPTS,168.08,2026-06-24,-3.67,-5.82,-21.12,-23.43,-47.24,-50.77
IITL,136.46,2026-06-24,6.1,-3.32,-21.14,2.11,-18.13,-19.32
CMNL,100.0,2026-06-23,3.31,-1.82,-21.2,4.49,-19.29,-37.75
BLUEPEBBLE,80.2,2026-06-23,2.82,4.84,-21.26,-29.59,-30.26,-57.97
SIMBHALS,6.9,2026-06-24,-2.27,-1.57,-21.77,-1.99,-25.0,-59.6
MEP,0.75,2026-06-24,-2.6,-7.41,-21.87,-15.73,-62.69,-67.67
ABAN,13.87,2026-06-23,0.0,-4.93,-22.47,-40.45,-41.03,-76.52
NEUEON,19.78,2026-06-23,0.0,-5.0,-22.55,29.28,243.4,278.93
MARSONS,117.14,2026-06-24,-3.05,4.25,-22.73,-11.25,,
EXCELSOFT,75.77,2026-06-24,-6.18,-4.63,-22.98,4.18,-14.19,
NATCOPHARM,893.6,2026-06-24,1.05,5.43,-23.6,-5.91,-2.31,3.4
MHLXMIRU,131.91,2026-06-24,-13.08,-22.1,-24.01,-23.5,-38.13,-39.19
SETUINFRA,0.43,2026-06-24,0.0,-2.27,-24.56,10.26,-12.24,-55.21
NEWJAISA,17.35,2026-06-23,-1.98,9.12,-24.57,-8.2,-36.45,-58.74
PIONRINV,87.64,2026-06-24,-6.38,-11.02,-24.9,,,
AVANTIFEED,978.3,2026-06-24,2.29,-5.91,-25.14,-16.99,19.12,38.48
SANCO,2.9,2026-06-23,0.0,0.0,-26.21,17.89,46.46,-23.08
PRATHAM,103.05,2026-06-23,-6.83,-11.16,-26.39,-11.47,-30.89,-30.61
BIRDYS,95.8,2026-06-23,0.0,-9.71,-26.39,-12.19,-22.11,-6.08
KANDARP,107.5,2026-06-23,-2.8,-1.33,-26.87,-20.96,-20.96,22.3
VPRPL,29.64,2026-06-24,-3.92,6.77,-26.87,-14.31,-51.63,-81.68
LAKPRE,4.51,2026-06-24,-6.04,-6.24,-27.14,-7.77,-14.58,-12.26
KONTOR,60.05,2026-06-23,0.0,6.85,-27.17,-9.7,-9.7,-25.68
PRAMARA,129.6,2026-06-23,-1.59,-12.61,-27.25,-62.17,-62.56,-26.86
ANSALAPI,2.99,2026-06-24,-3.86,-12.32,-28.47,-5.38,-15.3,-28.47
AQYLON,41.63,2026-06-24,-9.74,-25.5,-30.01,-29.44,-97.36,-94.75
WALPAR,24.05,2026-06-23,0.0,0.0,-30.69,-47.14,-47.6,-50.87
NOIDATOLL,4.85,2026-06-24,-1.22,-3.96,-32.36,56.45,12.27,32.51
PARSVNATH,2.86,2026-06-24,-3.38,-12.27,-33.95,-55.31,-75.04,-85.12
RAJTV,12.73,2026-06-24,0.47,6.17,-38.11,-66.02,-69.7,-72.24
GRMOVER,91.04,2026-06-24,-2.31,3.18,-43.92,-39.15,-45.04,-24.86
GRADIENTE,2.83,2026-06-24,9.69,30.41,-44.62,,,
TECHLABS,121.0,2026-06-23,-1.98,-10.57,-47.62,-31.93,-65.32,-78.47
VERTEXPLUS,37.8,2026-06-23,-4.91,-26.17,-48.33,-60.02,-67.69,-63.67
GICL,20.1,2026-06-24,-11.57,-13.66,-50.7,-35.91,-56.96,-82.97
LEMERITE,25.07,2026-06-24,-9.69,-8.4,-54.35,-71.7,-75.33,-58.56
