ticker,last_close,last_date,1W,2W,1M,3M,6M,12M
NV20,12099.6,2026-06-16,85349.15,86822.41,86635.48,86079.48,7778.37,7997.17
HITECHCORP,306.0,2026-06-16,-1.0,0.05,127.19,120.24,77.39,60.93
VENUSREM,1867.8,2026-06-16,-0.81,10.17,104.85,104.86,136.82,319.59
ACCORD,90.4,2026-06-15,27.5,54.79,97.16,239.21,243.07,308.13
JAYBARMARU,167.68,2026-06-16,5.38,19.12,96.03,94.77,96.44,116.22
TCIFINANCE,26.49,2026-06-16,-4.99,51.98,95.5,95.5,136.52,55.0
MODISONLTD,291.55,2026-06-16,-2.77,-15.39,80.19,149.59,109.81,82.06
COCKERILL,9283.5,2026-06-16,-0.45,2.0,75.82,,,
FCL,43.3,2026-06-16,4.34,13.53,70.2,102.81,77.75,65.59
MSTCLTD,708.8,2026-06-16,12.55,44.61,67.86,74.71,52.21,37.92
NIITLTD,105.72,2026-06-16,18.43,13.64,65.94,67.7,19.84,-19.89
IZMO,1082.95,2026-06-16,5.0,12.43,65.08,48.45,32.25,226.53
DECNGOLD,201.75,2026-06-16,4.75,24.88,64.47,,,
SSFL,198.8,2026-06-15,2.85,16.19,64.3,51.76,45.11,20.93
UFBL,593.2,2026-06-16,-3.54,9.46,63.89,191.18,224.1,81.91
BLISSGVS,451.9,2026-06-16,2.81,7.7,62.76,123.55,215.27,208.96
NIBE,1619.0,2026-06-16,-1.36,10.2,60.66,61.67,35.46,-9.51
YASHO,2723.9,2026-06-16,-2.24,10.05,60.62,105.73,81.95,38.53
ELECTHERM,1141.5,2026-06-16,1.72,28.77,59.97,82.64,34.71,-3.25
KSHITIJPOL,6.18,2026-06-16,-4.92,-0.96,57.25,161.86,150.2,87.27
CLCIND,42.38,2026-06-15,4.98,33.94,54.95,191.67,-84.86,-84.86
GENESYS,320.45,2026-06-16,1.63,20.52,53.47,16.46,-23.68,-53.72
GRANDOAK,39.83,2026-06-16,10.0,47.08,53.37,,,
TERASOFT,438.25,2026-06-16,0.14,0.44,52.01,33.69,-8.97,64.06
TBZ,195.85,2026-06-16,4.31,20.07,51.87,50.5,20.66,3.46
THANGAMAYL,5444.6,2026-06-16,-1.03,-0.86,51.48,57.9,69.36,189.15
SANGINITA,36.23,2026-06-16,2.0,12.52,50.96,130.32,265.59,245.05
EMKAY,292.53,2026-06-16,0.57,5.28,50.29,35.08,11.78,22.61
RAMCOSYS,570.95,2026-06-16,4.16,1.41,49.86,42.03,-6.71,35.41
SIGMAADV,475.1,2026-06-16,2.79,14.03,49.64,229.29,167.63,388.48
JNKINDIA,492.35,2026-06-16,-0.72,17.69,49.22,102.51,117.46,38.82
STLTECH,624.7,2026-06-16,2.61,6.19,48.81,240.4,545.55,528.6
BETA,1890.3,2026-06-16,2.98,32.18,48.62,65.96,17.64,4.84
NPST,1556.5,2026-06-16,-5.86,6.01,48.07,77.16,7.8,-26.34
SOTL,605.75,2026-06-16,4.88,11.46,48.03,87.92,65.55,46.11
APOLLO,435.45,2026-06-16,3.27,6.99,47.84,123.46,90.49,123.69
EXICOM,167.9,2026-06-16,3.92,11.54,47.57,95.8,36.35,-11.89
VADILALIND,6178.0,2026-06-16,2.51,9.68,47.4,34.07,23.08,17.28
GVPIL,1024.8,2026-06-16,5.0,18.83,47.22,130.78,226.06,217.96
ORCHPHARMA,1048.15,2026-06-16,9.09,24.4,47.09,107.58,26.31,48.78
NRL,78.36,2026-06-16,3.47,5.25,46.3,51.95,34.62,-3.18
KERNEX,2055.0,2026-06-16,0.87,8.9,46.28,118.94,97.58,58.56
IMPEXFERRO,2.53,2026-06-15,4.55,27.78,46.24,52.41,36.76,11.95
OCCLLTD,135.28,2026-06-16,-0.13,0.64,46.23,57.1,43.49,14.23
AEGISLOG,985.7,2026-06-16,0.14,30.46,46.21,63.17,32.97,28.5
RPEL,1203.4,2026-06-16,0.29,10.38,45.78,87.43,25.13,71.51
SPARC,238.41,2026-06-16,4.1,17.1,45.68,108.84,79.46,46.36
VINYAS,1404.95,2026-06-15,5.4,17.61,44.87,51.09,19.56,42.92
PARAS,1089.35,2026-06-16,-1.7,12.92,44.59,71.7,67.94,33.57
DEEDEV,723.95,2026-06-16,5.0,2.73,44.39,141.88,224.64,158.92
BROOKS,67.12,2026-06-16,-0.64,0.69,44.0,17.69,-30.9,-45.91
GTECJAINX,28.21,2026-06-16,-4.98,-26.44,43.86,43.56,18.48,23.78
QUADFUTURE,411.5,2026-06-16,8.32,20.09,43.21,41.65,55.93,-13.1
ORBTEXP,229.16,2026-06-16,19.95,23.87,43.06,47.85,16.51,25.77
SICALLOG,92.04,2026-06-16,5.0,21.34,43.03,43.77,0.6,-16.43
BHAGERIA,223.07,2026-06-16,2.42,5.76,42.43,57.55,24.4,21.16
SETCO,18.62,2026-06-16,-1.95,8.13,42.09,103.2,128.97,102.23
GOCOLORS,378.05,2026-06-16,2.19,-6.72,41.78,51.52,-18.66,-55.12
KWIL,37.32,2026-06-16,0.19,14.65,41.36,54.02,,
RUBYMILLS,321.8,2026-06-16,-3.64,-1.98,41.24,60.89,44.23,32.61
PANACEABIO,544.95,2026-06-16,0.77,-1.44,41.01,72.02,55.1,21.65
PREMEXPLN,737.8,2026-06-16,7.98,7.23,40.99,70.85,50.05,21.09
RUBICON,1351.6,2026-06-16,0.54,14.41,40.65,80.79,110.58,
KPL,2413.6,2026-06-16,0.23,6.29,40.44,,,
IFCI,88.8,2026-06-16,-0.89,20.33,40.31,59.34,85.39,42.38
QFIL,55.95,2026-06-15,21.5,27.45,40.23,13.14,-12.65,-31.35
SEDEMAC,2778.2,2026-06-16,1.58,17.39,40.17,88.86,,
TIMEX,488.4,2026-06-16,-1.62,10.54,40.02,,,
AGARIND,580.6,2026-06-16,0.06,23.44,39.79,33.81,-16.74,-39.65
SANGHVIMOV,422.05,2026-06-16,0.29,12.23,39.43,82.75,33.88,44.4
PPL,258.39,2026-06-16,0.24,12.28,38.38,39.46,5.14,-35.17
SUPRIYA,946.9,2026-06-16,-0.87,3.02,37.52,65.02,29.87,37.08
CPPLUS,3376.9,2026-06-16,0.31,-1.36,37.03,112.62,119.89,
CUPID,164.89,2026-06-16,0.04,17.47,37.0,109.38,95.76,787.56
COFFEEDAY,33.36,2026-06-16,-1.13,-8.63,36.89,35.61,-4.74,-4.9
STALLION,192.42,2026-06-16,-0.3,7.66,36.46,69.65,-6.46,145.62
STEL,621.4,2026-06-16,0.78,22.62,36.23,38.78,12.56,50.79
HOACFOODS,613.5,2026-06-15,-5.61,7.49,36.17,80.1,77.54,205.38
MAHESHWARI,70.98,2026-06-16,-0.73,6.61,35.92,66.66,43.13,23.83
HARIOMPIPE,419.1,2026-06-16,-2.32,3.39,35.81,37.32,16.76,5.04
VINDHYATEL,2160.0,2026-06-16,-1.75,13.37,35.79,100.95,52.25,25.76
SANDHAR,688.95,2026-06-16,-2.57,-0.63,35.5,42.3,24.88,32.34
KSHINTL,860.65,2026-06-16,-0.34,14.78,35.48,111.98,,
ROLLT,2.95,2026-06-16,3.87,27.16,35.32,152.14,110.71,62.98
BLUSPRING,91.82,2026-06-16,-1.07,0.9,35.15,99.78,38.41,26.68
SKMEGGPROD,243.81,2026-06-16,3.34,1.02,35.05,59.49,13.08,90.56
RATEGAIN,844.35,2026-06-16,2.4,13.22,35.02,73.47,27.25,96.96
SIMPLEXINF,277.9,2026-06-16,7.99,11.61,35.02,69.08,5.03,-2.88
NAVKARURB,1.08,2026-06-16,4.85,13.68,35.0,12.5,-27.03,-41.52
JKIPL,113.05,2026-06-16,4.99,14.99,34.9,120.8,5.99,
ALKALI,87.99,2026-06-16,2.97,1.07,34.01,52.44,9.74,-11.13
GOCLCORP,402.2,2026-06-16,-0.63,1.48,33.84,74.87,32.83,5.1
INDOBORAX,367.3,2026-06-16,-1.51,-1.12,33.83,50.92,35.44,87.47
MANCREDIT,222.19,2026-06-16,-0.83,7.77,33.79,32.56,30.56,11.03
ASTRAMICRO,1480.1,2026-06-16,1.52,4.81,33.75,55.13,66.95,29.03
SILVERTUC,198.08,2026-06-16,-4.93,5.49,33.75,87.58,-77.45,-74.43
GAYAPROJ,24.09,2026-06-16,4.97,17.06,33.54,80.72,108.93,168.26
DYNAMIC,153.55,2026-06-15,2.92,3.05,33.29,53.55,44.79,-5.71
PRADPME,500.75,2026-06-16,0.57,14.21,33.13,,,
AYE,166.19,2026-06-16,6.02,18.8,32.67,65.3,,
VETO,144.72,2026-06-16,0.6,2.96,32.29,51.81,34.89,15.01
MDL,70.0,2026-06-15,0.0,32.33,31.83,59.45,-7.89,-32.69
VSCL,27.0,2026-06-15,1.89,12.27,31.71,21.35,53.85,-23.19
HMVL,84.26,2026-06-16,2.26,-0.46,31.66,37.72,28.62,-4.25
EQUIPPP,19.51,2026-06-16,4.78,17.25,31.65,12.77,-12.24,0.72
AVALON,1738.3,2026-06-16,-1.23,8.3,31.38,96.4,103.99,109.57
LOTUSEYE,139.88,2026-06-16,-0.07,18.62,31.27,30.51,8.1,93.1
GUFICBIO,370.0,2026-06-16,2.66,-1.78,31.21,30.93,5.22,-0.19
MAYURUNIQ,823.95,2026-06-16,3.37,14.5,31.12,64.12,69.69,44.41
SURYALA,443.95,2026-06-16,-0.34,0.55,30.96,,,
ONELIFECAP,28.08,2026-06-16,4.27,6.73,30.91,87.2,76.83,123.03
BOROSCI,155.03,2026-06-16,1.08,2.7,30.9,47.06,27.22,10.17
VMARCIND,1423.8,2026-06-15,2.99,1.35,30.64,105.99,112.97,360.78
CARTRADE,2383.8,2026-06-16,2.53,15.17,30.63,43.95,-13.11,41.89
RPTECH,662.6,2026-06-16,18.06,21.57,30.55,89.86,89.69,118.56
TEJASNET,581.4,2026-06-16,-0.16,7.17,30.43,30.11,24.19,-15.71
RSWM,203.33,2026-06-16,-1.69,-0.51,30.42,52.11,34.87,18.12
EMMVEE,336.35,2026-06-16,-0.12,1.91,30.37,59.95,80.45,
APTECHT,121.56,2026-06-16,3.74,19.42,30.29,64.25,28.26,-16.5
JASH,503.4,2026-06-16,0.03,16.18,30.25,37.69,16.43,-8.76
RAYMOND,590.1,2026-06-16,-0.3,15.6,30.11,67.71,32.76,-0.48
DIVGIITTS,862.05,2026-06-16,-0.82,11.5,29.83,30.96,46.27,43.47
PANAMAPET,384.6,2026-06-16,0.81,14.89,29.67,50.12,40.8,7.26
CEMPRO,1162.2,2026-06-16,-1.38,6.47,29.53,118.87,42.8,49.58
ZEELEARN,7.62,2026-06-16,2.28,0.93,29.15,41.37,8.55,-21.93
SVLL,692.85,2026-06-16,-2.83,-18.41,29.09,25.4,-2.88,-10.96
BIRLACABLE,208.35,2026-06-16,2.22,-2.05,28.98,63.62,55.74,14.28
WEWORK,639.45,2026-06-16,0.53,-1.33,28.86,40.54,9.37,
CARYSIL,1181.6,2026-06-16,0.72,11.87,28.65,51.98,30.28,29.47
INOXINDIA,1839.6,2026-06-16,2.98,10.61,28.53,60.94,62.7,55.61
XPROINDIA,1393.8,2026-06-16,15.19,19.64,28.47,68.24,41.49,11.96
GOLDIAM,485.65,2026-06-16,3.55,18.35,28.28,66.38,31.23,34.84
SYRMA,1299.3,2026-06-16,-0.14,8.17,28.23,78.52,80.75,149.78
SASKEN,2188.4,2026-06-16,3.02,2.67,28.01,118.1,80.71,54.07
ADVAIT,2435.0,2026-06-16,4.28,13.36,27.89,61.64,,
SUPREMEENG,1.24,2026-06-16,1.64,18.1,27.84,21.57,-4.62,-36.73
APARINDS,16168.0,2026-06-16,1.14,21.78,27.81,77.3,80.9,110.22
SUVEN,269.85,2026-06-16,0.0,15.54,27.8,96.81,56.69,8.6
HFCL,188.98,2026-06-16,4.73,6.25,27.78,165.16,188.83,123.38
DEEM,44.7,2026-06-15,-15.02,-19.96,27.71,18.41,10.51,-33.78
EFFWA,324.0,2026-06-15,4.43,15.94,27.56,62.57,31.89,38.2
BGRENERGY,330.25,2026-06-16,-1.67,-0.78,27.51,9.1,2.79,229.03
INDORAMA,45.95,2026-06-16,0.09,4.84,27.39,43.82,-2.92,-5.1
MTEDUCARE,2.0,2026-06-16,3.63,11.11,27.39,41.84,7.53,-15.25
WELSPLSOL,54.47,2026-06-16,3.83,-0.38,27.36,,,
SUDEEPPHRM,825.85,2026-06-16,0.4,13.15,27.26,38.36,24.25,
PASUPTAC,68.13,2026-06-16,-1.09,-8.35,27.25,52.76,24.99,44.77
AEROFLEX,471.7,2026-06-16,-1.32,18.22,27.19,91.04,162.3,175.93
NETWEB,4884.4,2026-06-16,5.9,14.54,27.18,51.38,48.95,168.37
MOS,16.15,2026-06-15,-4.44,9.12,27.17,19.63,-32.14,-94.08
PAISALO,59.41,2026-06-16,2.15,0.12,27.13,70.77,58.68,89.81
TRANSWORLD,191.14,2026-06-16,9.17,17.06,26.99,51.16,-3.7,-33.65
CLEDUCATE,53.66,2026-06-16,-1.99,-4.96,26.83,10.43,-35.13,-42.5
NGLFINE,2976.7,2026-06-16,-4.26,12.19,26.64,36.55,123.73,186.91
WABAG,1754.3,2026-06-16,7.69,13.6,26.56,42.92,36.55,12.83
HONAUT,36620.0,2026-06-16,1.99,6.02,26.38,24.96,7.67,-3.88
SAMMAANCAP,180.0,2026-06-16,-0.41,1.85,26.17,30.35,22.54,40.92
ANLON,699.0,2026-06-15,0.31,6.81,26.17,108.04,68.03,96.87
SETL,171.99,2026-06-16,1.81,11.62,26.16,49.58,12.14,0.69
PRIZOR,861.25,2026-06-15,14.84,24.52,25.98,133.56,198.11,355.69
ZEEL,111.19,2026-06-16,2.49,0.09,25.87,47.49,19.91,-17.68
KDDL,2825.5,2026-06-16,-1.25,-4.05,25.75,30.17,21.57,-3.42
KAMDHENU,31.2,2026-06-16,1.83,21.12,25.55,42.53,26.78,-1.57
INDOSTAR,247.46,2026-06-16,1.33,2.83,25.53,26.51,1.19,-25.3
FILATEX,53.17,2026-06-16,0.3,1.31,25.46,32.79,1.16,-1.47
DREDGECORP,1088.4,2026-06-16,-1.03,-2.06,25.27,21.87,6.59,48.34
TINNARUBR,886.55,2026-06-16,2.39,4.91,25.22,39.76,12.27,-4.92
MINDACORP,657.1,2026-06-16,-0.82,3.71,25.11,36.58,10.03,23.13
NEOGEN,2082.0,2026-06-16,0.85,9.02,25.06,49.94,83.26,26.99
JALAN,2.25,2026-06-15,7.14,9.76,25.0,-11.76,-22.41,-74.29
UNIVASTU,89.95,2026-06-16,9.11,14.66,24.84,42.35,30.89,11.43
UNIPARTS,670.3,2026-06-16,1.0,5.88,24.79,52.51,36.35,90.44
RCDL,27.95,2026-06-15,3.9,14.08,24.78,14.55,30.91,27.49
MOREPENLAB,52.28,2026-06-16,-0.27,21.95,24.65,38.49,27.82,-19.15
FONEBOX,82.0,2026-06-15,-3.53,-8.12,24.53,7.89,-18.0,-2.38
EPACKPEB,249.12,2026-06-16,-2.08,24.18,24.3,58.23,-14.38,
WOCKPHARMA,1919.2,2026-06-16,0.61,1.39,24.15,60.41,41.41,6.39
IBULLSLTD,23.88,2026-06-16,0.42,2.4,24.12,139.04,33.78,35.6
TATATECH,769.95,2026-06-16,-0.25,-1.24,24.1,45.78,18.39,2.67
SYNOPTICS,70.65,2026-06-15,21.08,53.09,23.95,50.32,9.53,-4.33
J&KBANK,161.99,2026-06-16,1.3,9.33,23.94,31.0,61.97,57.44
WINSOME,2.55,2026-06-15,-1.92,4.08,23.79,40.88,25.0,34.21
PALREDTEC,48.31,2026-06-16,5.0,2.79,23.78,68.15,22.12,-9.0
RAIN,194.22,2026-06-16,-6.53,0.84,23.71,72.7,74.42,32.03
BLUECHIP,2.41,2026-06-15,-1.63,3.43,23.59,-7.66,-24.92,-55.7
INDNIPPON,926.6,2026-06-16,1.42,4.68,23.45,22.99,18.89,29.8
SBCL,740.6,2026-06-16,2.05,1.23,23.18,79.3,65.52,54.03
DHARAN,0.16,2026-06-16,0.0,14.29,23.08,23.08,-44.83,-69.23
QUESS,249.81,2026-06-16,1.73,5.82,23.08,44.5,23.59,-15.1
ACMESOLAR,339.65,2026-06-16,-2.19,-3.58,23.06,38.69,47.22,39.67
NRBBEARING,425.85,2026-06-16,-0.98,-0.58,22.76,70.55,52.18,76.16
E2E,382.5,2026-06-16,2.3,-11.11,22.73,72.99,87.54,47.48
STYLAMIND,3253.7,2026-06-16,-0.11,4.91,22.61,46.93,47.41,91.89
GULFPETRO,40.58,2026-06-16,-1.34,1.53,22.38,41.84,13.04,-10.97
AARTECH,49.05,2026-06-16,19.2,18.97,22.35,20.99,-0.06,-30.51
SPORTKING,180.72,2026-06-16,-1.51,3.43,22.27,68.57,104.48,64.25
MOTOGENFIN,28.88,2026-06-16,-0.76,-0.35,22.17,46.67,20.63,7.24
DIFFNKG,372.6,2026-06-16,2.4,14.21,21.94,55.41,19.12,27.02
GALAPREC,1043.85,2026-06-16,0.95,19.58,21.92,40.08,41.3,17.54
MUKTAARTS,65.09,2026-06-16,3.15,6.06,21.8,44.68,6.79,-19.44
GEMAROMA,190.61,2026-06-16,1.58,16.72,21.77,10.68,29.8,
BALAMINES,2076.5,2026-06-16,-1.5,-0.69,21.7,104.92,87.48,44.48
RELAXO,350.85,2026-06-16,2.74,9.93,21.65,22.55,-12.51,-16.37
SOUTHBANK,47.2,2026-06-16,0.6,7.79,21.56,28.05,20.47,60.59
CHEMCON,192.54,2026-06-16,-1.14,-2.71,21.56,32.73,-1.53,0.97
INDSWFTLAB,162.64,2026-06-16,0.49,3.76,21.47,18.59,70.45,54.45
TRAVELFOOD,1333.4,2026-06-16,1.47,10.54,21.39,15.13,6.25,
MENONBE,177.33,2026-06-16,5.6,24.51,21.34,44.16,66.77,48.98
AMIABLE,78.95,2026-06-15,2.73,8.3,21.18,8.3,27.34,3.88
AGI,702.05,2026-06-16,6.31,17.03,21.15,38.54,-2.75,-13.89
VINCOFE,154.87,2026-06-16,-0.42,3.23,21.13,26.58,-4.02,27.01
CONCORDBIO,1374.8,2026-06-16,-0.39,14.88,21.1,18.71,-0.33,-33.98
SHUBHLAXMI,24.4,2026-06-15,5.63,22.31,21.09,-15.86,-31.94,44.81
TAALTECH,3350.2,2026-06-16,-0.39,0.89,21.07,,,
VINSYS,367.3,2026-06-15,-2.61,-3.71,21.02,15.09,-8.4,-5.66
FAZE3Q,538.75,2026-06-16,-1.91,-1.2,21.01,31.42,21.49,-4.25
HIRECT,1145.0,2026-06-16,0.83,5.9,20.99,57.23,59.64,74.53
IPSL,260.0,2026-06-15,2.1,30.0,20.93,2.38,-9.09,-3.39
UNIMECH,1137.9,2026-06-16,-0.78,8.86,20.9,41.67,25.31,-15.06
SKFINDUS,2494.6,2026-06-16,0.15,4.69,20.85,12.06,0.5,
GPECO,438.0,2026-06-15,-5.59,-0.52,20.84,35.69,0.99,16.58
TBOTEK,1422.3,2026-06-16,-2.05,19.61,20.84,20.55,-16.52,10.35
MGEL,16.39,2026-06-16,-0.3,2.89,20.78,65.72,9.27,15.9
KILITCH,185.52,2026-06-16,0.78,11.01,20.73,19.04,10.08,-16.45
MANALIPETC,67.68,2026-06-16,-0.76,8.58,20.71,51.48,10.93,9.43
OLAELEC,43.07,2026-06-16,-2.38,-3.06,20.71,77.17,24.91,-7.85
CENTUM,3627.8,2026-06-16,0.03,9.83,20.49,34.14,59.91,53.86
SKIPPER,554.2,2026-06-16,0.82,3.79,20.43,63.89,26.4,7.54
SABAR,5.9,2026-06-15,10.28,10.28,20.41,-0.84,13.46,0.0
AHCL,16.07,2026-06-16,5.45,14.3,20.37,38.81,15.23,
HLEGLAS,382.0,2026-06-16,-1.36,4.36,20.37,32.43,-16.3,-11.19
MMTC,75.74,2026-06-16,7.91,15.9,20.24,44.13,38.01,10.31
OMNI,490.75,2026-06-16,0.95,-0.48,20.05,124.41,,
UNICHEMLAB,446.35,2026-06-16,1.45,25.06,19.86,44.59,-3.96,-25.81
AEGISVOPAK,236.8,2026-06-16,2.21,28.51,19.77,25.32,-7.03,0.75
PDSL,335.65,2026-06-16,4.86,8.54,19.77,21.44,-6.32,-18.42
STOVEKRAFT,661.25,2026-06-16,0.26,5.64,19.74,35.56,11.63,13.25
SENORES,1257.2,2026-06-16,-2.03,24.85,19.69,68.91,53.11,125.57
MARINE,261.55,2026-06-16,6.04,12.76,19.57,49.92,28.2,17.07
PROTEAN,634.65,2026-06-16,1.92,6.64,19.52,20.92,-19.54,-31.94
STEELXIND,12.39,2026-06-16,0.32,3.08,19.48,62.81,53.91,50.18
MOTISONS,14.04,2026-06-16,-11.31,22.94,19.39,8.33,-11.97,-34.3
ZENTEC,1854.7,2026-06-16,3.67,5.8,19.28,30.94,35.97,-5.86
VIMTALABS,537.1,2026-06-16,-1.63,1.93,19.22,30.16,-10.62,10.58
CAPLIPOINT,2377.8,2026-06-16,0.56,12.64,19.2,45.63,22.46,13.84
MARKSANS,247.13,2026-06-16,-1.05,4.69,19.13,49.99,32.18,-3.86
HCC,25.49,2026-06-16,6.79,11.6,19.06,70.73,43.52,-23.13
SANSERA,2838.8,2026-06-16,-3.45,-2.31,19.03,40.06,66.43,115.9
MANAKALUCO,40.89,2026-06-16,-1.16,19.18,19.0,63.43,68.27,54.47
IOLCP,126.06,2026-06-16,-5.59,-0.68,18.99,83.6,56.29,43.67
SHEMAROO,120.54,2026-06-16,2.13,10.23,18.97,25.67,13.96,10.92
SAIPARENT,572.25,2026-06-16,-0.12,3.88,18.91,,,
SIGNORIA,72.6,2026-06-15,21.3,21.4,18.82,17.1,-25.84,-41.4
SKYGOLD,530.0,2026-06-16,-0.68,7.67,18.78,58.73,63.45,39.36
KREBSBIO,66.63,2026-06-16,0.35,-0.77,18.77,31.86,-3.43,-31.56
UNIVCABLES,1191.7,2026-06-16,-0.94,2.88,18.72,103.87,32.91,81.39
BLSE,228.03,2026-06-16,-2.66,0.22,18.71,60.21,7.32,10.75
PARACABLES,66.73,2026-06-16,4.15,5.37,18.61,100.93,85.31,19.57
BLUEJET,510.4,2026-06-16,1.21,13.21,18.59,43.21,-5.83,-45.52
NINSYS,704.8,2026-06-16,0.08,-1.62,18.57,137.67,73.02,49.69
ICIL,343.85,2026-06-16,-1.64,6.85,18.49,47.42,23.6,28.93
RELIABLE,155.5,2026-06-16,0.38,7.07,18.41,38.85,3.4,96.53
PNBGILTS,89.19,2026-06-16,-2.09,-3.92,18.38,28.55,11.33,-6.27
TVSSCS,134.1,2026-06-16,-0.37,7.31,18.34,33.02,26.65,-6.44
SAKAR,822.95,2026-06-16,-2.51,7.21,18.12,59.67,98.28,158.1
SOMANYCERA,526.25,2026-06-16,1.18,6.18,18.09,47.14,27.71,-7.4
GRWRHITECH,6380.5,2026-06-16,0.95,9.24,18.08,65.69,79.38,48.48
GRAUWEIL,76.01,2026-06-16,-1.4,3.63,18.06,-34.25,-34.25,-34.25
BHARATGEAR,131.05,2026-06-16,14.93,19.16,17.92,38.12,25.23,41.95
MAZDA,231.05,2026-06-16,0.59,4.06,17.81,27.24,7.67,-2.82
TRIDHYA,10.6,2026-06-15,19.1,17.78,17.78,15.85,-26.9,-51.82
SUNDRMBRAK,730.75,2026-06-16,-1.93,-0.15,17.77,33.06,9.32,-11.57
CGCL,217.88,2026-06-16,1.73,9.7,17.77,26.99,20.37,27.29
EUROTEXIND,19.28,2026-06-16,4.16,24.23,17.7,46.62,23.12,37.22
ORIENTHOT,118.94,2026-06-16,0.0,13.27,17.65,42.17,15.06,-21.82
PGHL,6226.5,2026-06-16,0.0,0.44,17.48,27.0,12.82,9.34
CHENNPETRO,1183.4,2026-06-16,-2.25,-0.66,17.28,20.66,30.25,91.62
KRONOX,154.25,2026-06-16,8.54,16.6,17.26,39.16,7.24,-10.46
DBSTOCKBRO,32.0,2026-06-16,0.66,1.43,17.22,27.69,26.53,5.79
TITAGARH,894.45,2026-06-16,3.97,6.72,17.18,42.44,13.25,-0.06
LIKHITHA,239.99,2026-06-16,3.4,5.63,17.17,68.9,30.0,-19.78
SONATSOFTW,311.25,2026-06-16,19.55,19.3,17.12,33.5,-9.27,-25.19
RICOAUTO,133.28,2026-06-16,-0.08,0.88,17.08,25.99,8.57,70.56
SJLOGISTIC,339.0,2026-06-15,-8.75,3.76,17.06,29.19,-5.92,-31.61
GKENERGY,148.23,2026-06-16,5.21,9.95,17.03,44.32,-12.14,
ARROWGREEN,565.1,2026-06-16,-0.1,6.15,17.01,63.42,5.23,-6.11
ENRIN,3608.9,2026-06-16,1.63,3.08,16.94,29.46,21.31,
ASTEC,789.9,2026-06-16,3.53,2.42,16.88,36.13,9.69,-1.28
BFUTILITIE,627.05,2026-06-16,2.17,2.7,16.82,53.16,-3.0,-18.87
IFGLEXPOR,193.58,2026-06-16,-0.04,1.56,16.78,34.96,-7.2,-23.55
ORTINGLOBE,16.98,2026-06-16,-0.64,-14.76,16.7,4.81,23.94,46.38
GREENPLY,296.68,2026-06-16,0.98,3.41,16.69,53.33,8.08,-8.71
SJS,2219.5,2026-06-16,0.71,7.68,16.65,40.46,33.9,77.51
VELJAN,1208.3,2026-06-16,-0.01,-4.69,16.63,,,
GLAND,2178.7,2026-06-16,-1.55,-3.07,16.61,35.39,30.89,24.18
AIAENG,4491.4,2026-06-16,0.5,-1.19,16.47,22.53,19.33,32.8
KOPRAN,182.06,2026-06-16,-0.72,0.03,16.47,60.45,39.66,-4.26
MCLOUD,28.94,2026-06-16,8.55,17.74,16.46,32.87,8.27,-62.82
DEEPAKFERT,1535.0,2026-06-16,1.77,5.75,16.42,64.19,25.68,-1.69
NBCC,109.14,2026-06-16,1.66,5.49,16.33,31.68,-2.15,-10.14
SFL,703.45,2026-06-16,-0.87,4.78,16.28,35.85,24.25,-0.5
SAMHI,170.38,2026-06-16,1.27,6.97,16.23,16.32,-4.22,-23.35
HINDWAREAP,253.56,2026-06-16,-0.57,17.97,16.22,32.67,-5.41,-13.27
AMANTA,150.27,2026-06-16,-4.37,14.84,16.1,54.2,44.43,
MONARCH,347.65,2026-06-16,2.76,3.73,16.0,31.19,13.22,10.19
AURIONPRO,870.9,2026-06-16,2.15,17.2,15.98,4.86,-22.05,-36.8
TMB,762.15,2026-06-16,-1.56,4.85,15.97,28.49,52.56,76.76
EQUITASBNK,78.75,2026-06-16,0.37,5.24,15.88,40.37,35.01,16.65
VGL,73.56,2026-06-16,-1.96,6.36,15.86,23.96,2.35,-0.84
ATGL,713.7,2026-06-16,-0.88,-2.76,15.85,36.76,21.65,8.37
KODYTECH,985.8,2026-06-15,18.45,17.96,15.81,35.54,-0.11,16.44
QMSMEDI,96.0,2026-06-15,5.49,11.63,15.8,19.55,4.12,12.34
HSCL,689.2,2026-06-16,3.03,3.3,15.79,56.55,46.81,47.1
GLOTTIS,67.07,2026-06-16,-0.37,0.8,15.76,53.16,11.67,
BBOX,1016.7,2026-06-16,0.49,1.04,15.7,104.69,99.14,96.88
TAKE,29.6,2026-06-16,0.24,0.48,15.62,-26.88,-15.33,236.36
HALDYNGL,122.96,2026-06-16,1.42,7.43,15.59,,,
RPPL,19.49,2026-06-16,-0.61,12.4,15.53,23.43,15.87,-27.65
DATAPATTNS,4477.3,2026-06-16,1.17,8.11,15.5,44.62,73.46,51.67
TEGA,1830.7,2026-06-16,2.75,3.3,15.48,6.4,-4.3,21.46
SHILPAMED,552.45,2026-06-16,3.7,3.75,15.48,74.83,69.93,12.47
THYROCARE,533.6,2026-06-16,-0.37,-1.43,15.46,48.22,16.21,60.34
AKUMS,596.85,2026-06-16,-3.73,9.44,15.46,28.71,41.87,3.85
NEPHROPLUS,743.1,2026-06-16,4.16,11.74,15.4,41.06,,
CENTENKA,500.5,2026-06-16,0.41,0.77,15.39,25.25,14.73,4.19
PSPPROJECT,907.8,2026-06-16,-1.47,6.47,15.39,35.98,3.4,24.99
GREAVESCOT,191.27,2026-06-16,-0.09,1.07,15.39,40.9,5.81,-5.56
TARSONS,238.73,2026-06-16,15.48,15.35,15.36,25.72,3.21,-39.18
REFEX,320.05,2026-06-16,1.89,7.29,15.21,65.36,4.69,-32.06
WINDMACHIN,328.45,2026-06-16,0.74,15.39,15.21,47.09,20.84,-13.37
PATINTLOG,13.76,2026-06-16,2.38,4.24,15.15,42.74,0.51,-10.23
DENORA,812.35,2026-06-16,0.33,7.55,15.15,14.7,12.05,-7.65
NCLIND,195.83,2026-06-16,4.94,7.29,15.14,14.71,-1.25,-7.13
RISHABH,551.15,2026-06-16,-0.75,8.29,15.09,37.29,39.58,87.15
ELECON,556.4,2026-06-16,-0.7,7.08,15.08,48.54,15.97,-16.62
ELGIEQUIP,601.3,2026-06-16,-1.23,0.71,14.92,28.3,25.65,13.69
DCMFINSERV,5.4,2026-06-16,-2.0,-4.93,14.89,-33.74,1.89,-22.64
RELINFRA,81.55,2026-06-15,-5.0,21.21,14.86,-4.62,-42.78,-78.79
RHETAN,30.54,2026-06-16,3.95,2.21,14.77,21.82,23.94,
MAHABANK,88.19,2026-06-16,-1.04,10.78,14.76,41.38,60.82,66.45
MANORAMA,1497.7,2026-06-16,-2.22,-0.91,14.71,15.28,10.4,5.46
AGSTRA,2.83,2026-06-15,-4.71,20.43,14.57,-10.16,-33.1,-39.53
IDFCFIRSTB,77.5,2026-06-16,-1.06,8.5,14.56,23.39,-7.14,9.67
TIINDIA,3264.2,2026-06-16,1.18,6.81,14.52,34.76,24.58,9.42
YATRA,108.12,2026-06-16,1.06,12.16,14.46,8.34,-39.85,16.15
MITTAL,1.03,2026-06-16,-0.96,5.1,14.44,45.07,-18.25,-31.79
SANSTAR,115.08,2026-06-16,-2.18,0.82,14.43,41.97,26.74,27.23
JARO,548.45,2026-06-16,-1.76,-0.26,14.4,18.58,0.21,
ADANIENSOL,1491.1,2026-06-16,-0.05,-5.05,14.38,49.63,49.96,72.24
FINOPB,136.41,2026-06-16,-0.81,6.8,14.37,-2.86,-47.89,-52.78
UTLSOLAR,313.9,2026-06-16,1.47,0.35,14.35,71.76,56.83,
IFBIND,1272.3,2026-06-16,0.35,2.67,14.3,30.79,-20.63,-20.92
SHADOWFAX,215.49,2026-06-16,-3.72,6.1,14.28,98.1,,
COFORGE,1464.8,2026-06-16,4.44,3.08,14.25,35.55,-21.35,-19.38
STUDDS,500.45,2026-06-16,-0.82,13.92,14.24,-2.14,-9.22,
KPRMILL,1054.6,2026-06-16,-0.08,1.61,14.2,27.66,8.94,-3.49
VMART,731.9,2026-06-16,-0.01,12.1,14.15,40.57,-3.05,-20.85
MUFTI,88.32,2026-06-16,-0.54,2.01,14.11,15.71,-9.55,-46.9
JINDWORLD,30.27,2026-06-16,0.43,9.52,14.1,46.73,2.02,-49.04
UMESLTD,5.75,2026-06-16,0.88,3.98,14.09,-10.85,15.23,1.77
RUSHIL,17.66,2026-06-16,-1.29,24.63,14.01,15.8,-25.23,-38.85
NECCLTD,17.1,2026-06-16,-0.06,14.3,14.0,32.15,-10.14,-32.09
FEDERALBNK,320.6,2026-06-16,1.1,5.25,13.97,22.91,22.27,56.87
RILINFRA,36.3,2026-06-15,0.69,-4.6,13.97,11.86,3.27,-5.22
RELTD,142.52,2026-06-16,-3.01,16.68,13.96,6.39,-10.14,-3.48
JOCIL,153.92,2026-06-16,0.58,4.0,13.92,41.8,3.34,-4.48
MUTHOOTMF,206.29,2026-06-16,5.68,14.42,13.92,41.82,17.06,58.47
POWERMECH,2780.6,2026-06-16,-2.51,11.81,13.91,48.18,20.7,-10.5
TATACOMM,1913.6,2026-06-16,-1.05,0.41,13.9,35.52,4.87,13.54
BBTCL,221.23,2026-06-16,0.88,-0.27,13.89,29.46,13.13,35.97
NUVAMA,1660.7,2026-06-16,-0.01,7.85,13.86,44.68,16.59,19.83
MANAKCOAT,111.3,2026-06-16,4.04,7.39,13.86,-1.19,-16.72,-11.41
AFIL,10.2,2026-06-16,2.1,-0.1,13.84,25.31,48.26,29.94
THOMASCOOK,107.84,2026-06-16,-0.65,2.88,13.83,22.43,-26.03,-33.85
PNC,21.18,2026-06-16,-2.26,5.74,13.81,5.27,-20.5,-22.81
WALCHANNAG,264.95,2026-06-16,1.2,10.58,13.79,75.93,58.85,9.19
NAVKARCORP,107.05,2026-06-16,4.23,12.13,13.76,28.39,11.72,-5.06
MANUGRAPH,15.81,2026-06-16,3.33,-3.18,13.74,19.86,-2.41,-22.84
MANBA,127.52,2026-06-16,3.79,8.98,13.69,3.39,-6.35,-10.68
DCM,95.0,2026-06-16,0.02,-0.08,13.69,62.7,2.63,-10.79
COOLCAPS,27.0,2026-06-15,14.41,19.21,13.68,14.65,-63.27,-96.68
VAIBHAVGBL,242.67,2026-06-16,0.19,8.66,13.67,15.23,2.65,1.19
MOTHERSON,147.6,2026-06-16,-0.35,6.18,13.61,30.65,23.83,45.32
IIFL,528.1,2026-06-16,1.1,7.37,13.61,11.07,-6.12,9.73
KRISHNADEF,1227.6,2026-06-16,0.9,5.99,13.58,31.87,76.01,29.01
QPOWER,1247.9,2026-06-16,-2.67,10.87,13.58,56.82,83.7,138.64
BIMETAL,639.4,2026-06-16,-0.34,3.3,13.52,,,
ANGELONE,348.25,2026-06-16,-1.15,6.92,13.49,61.93,39.74,20.76
LAXMIDENTL,228.11,2026-06-16,0.58,2.09,13.48,32.07,-15.25,-46.66
IXIGO,187.94,2026-06-16,2.79,23.91,13.48,16.03,-24.34,0.65
SHBAJRG,195.06,2026-06-16,-1.71,-2.67,13.41,,,
ABDL,629.75,2026-06-16,0.3,10.94,13.4,42.38,1.01,46.31
KTKBANK,279.05,2026-06-16,2.33,8.75,13.39,28.18,40.64,39.52
SSWL,234.03,2026-06-16,-0.34,5.05,13.36,30.73,21.49,-3.28
BELRISE,237.43,2026-06-16,-0.35,10.06,13.35,35.99,50.56,128.09
RIIL,852.2,2026-06-16,7.22,13.64,13.34,35.36,4.7,-12.42
GTLINFRA,1.53,2026-06-16,-1.92,1.32,13.33,48.54,21.43,-17.74
PRESTIGE,1521.1,2026-06-16,3.3,14.58,13.33,21.66,-6.56,-10.38
ZIMLAB,111.23,2026-06-16,-0.53,3.31,13.31,73.63,58.58,4.61
GENSOL,23.68,2026-06-15,-4.98,19.6,13.3,4.09,-14.97,-52.05
LLOYDSENGG,79.94,2026-06-16,12.04,14.28,13.25,93.56,47.25,34.74
PRINCEPIPE,285.15,2026-06-16,1.97,6.96,13.24,18.12,12.55,-25.51
APOLSINHOT,1263.4,2026-06-16,-1.24,0.2,13.23,14.86,4.79,-0.3
LANDMARK,424.7,2026-06-16,-0.08,2.46,13.22,18.01,-17.51,-15.04
WENDT,7803.0,2026-06-16,-1.96,17.33,13.22,21.69,-4.32,-6.48
BCLIND,37.92,2026-06-16,-1.07,2.43,13.16,40.39,21.07,-11.19
HONASA,400.4,2026-06-16,-1.66,-3.49,13.11,50.58,54.06,29.14
INFOBEAN,170.85,2026-06-16,-0.69,1.1,13.09,27.29,-12.14,76.14
CONFIPET,69.66,2026-06-16,-1.96,-10.0,13.07,117.28,98.35,21.24
FACT,997.8,2026-06-16,10.13,15.17,13.04,23.87,11.29,-3.82
TIRUPATIFL,47.75,2026-06-16,2.07,12.01,13.04,12.09,47.56,17.12
KIRLOSBROS,1816.7,2026-06-16,3.63,6.85,13.02,19.65,10.28,0.05
PPAP,243.27,2026-06-16,0.07,16.55,12.96,23.92,11.18,-0.9
BAJEL,199.53,2026-06-16,0.02,3.93,12.94,18.8,19.77,-8.87
RRKABEL,2201.1,2026-06-16,0.88,2.42,12.94,61.1,53.24,64.58
STYL,288.55,2026-06-16,0.56,9.86,12.9,15.43,1.05,
IDEA,14.62,2026-06-16,-2.21,1.53,12.9,55.7,29.96,118.54
AVANTEL,169.42,2026-06-16,1.41,5.38,12.84,30.49,13.3,8.37
AARNAV,24.98,2026-06-16,1.17,1.75,12.78,2.93,,
BORORENEW,564.15,2026-06-16,3.05,9.81,12.78,38.31,5.87,2.72
MAXESTATES,456.65,2026-06-16,4.64,4.46,12.78,26.11,1.35,-10.34
ITDC,618.4,2026-06-16,3.4,3.12,12.77,45.15,13.18,3.25
SMCGLOBAL,72.74,2026-06-16,-0.51,13.05,12.74,14.77,-16.35,3.23
CYIENTDLM,468.7,2026-06-16,0.03,7.7,12.6,55.92,11.65,1.55
GLOBALPET,152.0,2026-06-15,-0.65,-3.8,12.59,42.06,16.92,9.87
SINDHUTRAD,25.97,2026-06-16,3.51,4.26,12.57,10.89,20.18,-3.92
PROPEQUITY,242.0,2026-06-15,12.56,8.52,12.56,27.44,27.2,15.24
ROSSTECH,998.6,2026-06-16,0.08,0.06,12.56,51.13,52.27,148.48
PRECWIRE,423.25,2026-06-16,4.82,6.95,12.55,47.91,80.29,135.68
RELCHEMQ,136.89,2026-06-16,-1.34,13.12,12.51,22.06,2.65,-22.98
DJML,106.42,2026-06-16,-7.24,-0.54,12.51,26.25,50.57,-3.13
RVHL,44.56,2026-06-16,-5.75,7.48,12.5,21.72,-22.11,-16.35
LYKALABS,69.32,2026-06-16,-3.48,8.84,12.5,30.45,-6.9,-39.2
SITINET,0.36,2026-06-16,0.0,-2.7,12.5,9.09,-10.0,-29.41
SHOPERSTOP,370.25,2026-06-16,-0.01,6.78,12.49,24.52,-16.41,-25.45
DIAMONDYD,1128.6,2026-06-16,1.13,0.04,12.37,23.38,2.65,2.12
SHIVAUM,365.1,2026-06-16,0.03,9.31,12.34,32.76,29.47,30.16
INNOVACAP,964.2,2026-06-16,1.71,10.82,12.34,36.38,38.53,8.29
ASIANENE,352.1,2026-06-16,-3.12,-6.51,12.33,30.41,24.81,15.15
BCG,10.39,2026-06-16,-4.24,-6.56,12.32,13.93,-5.55,1.37
PVP,30.38,2026-06-16,-2.0,-4.38,12.31,22.01,-10.36,24.46
DBEIL,86.81,2026-06-16,4.98,8.47,12.3,28.3,-27.42,-37.85
VEEKAYEM,138.0,2026-06-15,0.0,3.18,12.29,6.15,-35.5,-45.53
ADFFOODS,301.25,2026-06-16,6.67,8.03,12.28,67.17,38.16,10.46
CGPOWER,940.7,2026-06-16,0.56,4.13,12.23,34.65,40.08,38.2
IGIL,366.6,2026-06-16,-0.72,0.36,12.23,19.75,15.55,-3.06
GVT&D,4872.5,2026-06-16,1.39,2.71,12.2,38.33,61.72,112.35
HESTERBIO,2054.4,2026-06-16,-0.59,4.65,12.18,42.68,29.42,11.84
INDIGO,4840.0,2026-06-16,-0.83,11.02,12.17,14.63,-2.69,-9.93
JTLIND,76.99,2026-06-16,0.65,9.89,12.15,47.32,26.57,-3.0
KRBL,379.75,2026-06-16,1.39,10.55,12.07,30.79,-3.21,6.39
GANESHHOU,767.6,2026-06-16,0.4,1.76,11.98,27.38,-5.32,-20.99
MOTILALOFS,944.25,2026-06-16,0.51,14.99,11.97,40.94,14.18,16.26
ROTO,64.3,2026-06-16,-1.56,5.05,11.92,14.76,3.24,-33.61
BALPHARMA,89.21,2026-06-16,1.63,4.9,11.89,33.23,21.41,-13.63
SERVOTECH,104.27,2026-06-16,0.51,4.62,11.88,57.44,31.92,-29.16
BEARDSELL,28.97,2026-06-16,-1.53,-1.46,11.85,27.06,-3.53,-10.28
TVSSRICHAK,4016.3,2026-06-16,-1.01,1.57,11.78,14.87,-4.72,27.2
SAREGAMA,464.55,2026-06-16,0.42,1.67,11.74,29.98,22.46,-13.52
GIPCL,163.74,2026-06-16,0.79,0.18,11.73,26.02,10.27,-17.45
BAJAJCON,600.45,2026-06-16,1.36,4.36,11.72,81.71,135.47,242.59
MPHASIS,2327.2,2026-06-16,0.76,-0.3,11.71,11.83,-18.72,-12.33
PRIVISCL,3453.7,2026-06-16,-0.44,6.55,11.71,22.31,12.8,41.27
OAL,339.9,2026-06-16,0.4,8.02,11.68,39.85,12.31,-11.22
VARROC,623.0,2026-06-16,6.86,9.09,11.68,30.1,-1.42,13.83
KHFM,63.95,2026-06-15,5.53,-1.31,11.61,15.23,-3.83,-21.05
RGL,114.0,2026-06-16,7.7,13.13,11.58,12.28,-11.27,-8.92
GANESHBE,104.67,2026-06-16,-0.72,-2.98,11.55,34.83,30.76,-2.01
PCBL,305.95,2026-06-16,0.94,9.27,11.54,22.04,-1.59,-22.64
INOXGREEN,198.09,2026-06-16,1.46,15.9,11.51,40.38,0.06,20.49
AURUM,197.41,2026-06-16,2.66,7.25,11.5,16.76,12.27,-6.57
PETRONET,290.55,2026-06-16,1.63,9.93,11.5,3.72,11.03,1.3
BAJAJHIND,19.87,2026-06-16,0.25,2.21,11.5,27.7,6.03,-18.47
BANDHANBNK,216.74,2026-06-16,2.78,6.82,11.46,33.35,44.99,22.56
DIXON,12235.0,2026-06-16,2.32,7.4,11.44,19.21,-10.22,-14.48
PARADEEP,134.2,2026-06-16,5.17,8.23,11.41,22.58,-16.4,-21.49
THACKER,1258.0,2026-06-16,4.58,-4.9,11.33,,,
EXIDEIND,388.55,2026-06-16,-1.6,0.69,11.32,31.64,6.09,1.64
GMRAIRPORT,107.51,2026-06-16,0.8,7.17,11.31,18.8,3.85,28.65
BANCOINDIA,676.4,2026-06-16,-1.61,7.74,11.19,21.97,-3.01,13.59
KONSTELEC,44.2,2026-06-15,-0.56,-11.24,11.19,35.79,-4.95,-36.68
CMPDI,258.51,2026-06-16,7.09,10.12,11.17,,,
SBC,37.26,2026-06-16,0.32,1.83,11.16,18.89,30.83,154.33
DEEPINDS,495.25,2026-06-16,-1.7,-3.08,11.14,41.91,9.27,14.73
MANAKSTEEL,68.48,2026-06-16,-0.01,1.69,11.13,30.29,18.38,8.8
CNL,707.65,2026-06-16,-2.39,-1.61,11.1,15.67,-6.62,2.34
AARVI,139.08,2026-06-16,-5.27,6.26,11.09,8.89,14.88,28.98
GREENLAM,259.01,2026-06-16,2.46,12.72,11.07,16.29,1.29,9.08
DLF,629.3,2026-06-16,2.42,12.11,11.04,18.66,-9.05,-26.2
AIMTRON,1232.4,2026-06-15,2.2,3.61,10.98,64.14,53.36,121.97
IVC,8.5,2026-06-16,-0.23,5.99,10.97,24.27,6.25,0.14
IGL,168.76,2026-06-16,-0.51,3.14,10.94,8.53,-6.22,-18.42
BANSWRAS,133.59,2026-06-16,0.36,13.23,10.92,22.06,17.81,-6.47
IDEAFORGE,908.05,2026-06-16,5.0,-3.27,10.91,131.35,115.82,54.04
LOKESHMACH,275.45,2026-06-16,2.44,9.07,10.9,35.29,66.03,54.21
BFINVEST,451.8,2026-06-16,1.53,6.33,10.88,22.77,9.45,-7.08
TALBROAUTO,357.3,2026-06-16,-2.06,-1.43,10.86,50.09,23.57,21.04
STCINDIA,127.74,2026-06-16,2.72,7.3,10.85,26.68,7.77,-14.77
ADOR,1168.0,2026-06-16,-0.83,3.5,10.84,24.07,12.31,18.12
DEN,28.95,2026-06-16,-1.7,7.22,10.83,10.58,-7.27,-20.31
OMAXAUTO,227.81,2026-06-16,-2.02,2.16,10.81,141.56,133.62,167.98
ATLANTAELE,1919.7,2026-06-16,5.0,-1.79,10.79,95.94,110.63,
GCSL,431.05,2026-06-16,-0.09,4.84,10.77,25.31,16.66,
ANANTRAJ,540.7,2026-06-16,0.63,0.63,10.75,22.34,0.27,-2.03
RELIGARE,245.77,2026-06-16,2.11,9.38,10.74,11.25,7.72,4.61
SUPRAJIT,461.85,2026-06-16,-1.39,0.01,10.69,13.14,0.69,2.12
PARKHOSPS,270.6,2026-06-16,-0.7,-4.4,10.69,46.15,,
MAJESAUT,338.15,2026-06-16,0.77,1.21,10.69,,,
PANSARI,293.05,2026-06-16,5.22,5.49,10.67,5.41,-5.82,22.62
VENUSPIPES,1442.8,2026-06-16,0.96,2.48,10.64,53.26,17.02,3.58
INTELLECT,759.6,2026-06-16,0.14,5.21,10.63,17.73,-25.65,-36.9
SUBEXLTD,11.58,2026-06-16,4.99,9.45,10.6,44.75,-2.93,-22.65
JAMNAAUTO,128.5,2026-06-16,2.83,9.47,10.59,8.08,0.71,48.01
SAILIFE,1206.3,2026-06-16,-0.13,0.98,10.58,23.53,34.14,58.05
ASHAPURMIN,706.5,2026-06-16,-0.36,5.34,10.58,43.31,-5.93,82.55
THELEELA,457.9,2026-06-16,-0.07,11.9,10.56,10.1,10.6,14.46
AJMERA,139.61,2026-06-16,4.34,20.14,10.53,22.29,-27.91,-27.25
AVG,169.83,2026-06-16,-0.39,14.86,10.51,21.29,-6.23,-41.2
CAMLINFINE,138.47,2026-06-16,-0.12,8.75,10.47,5.13,-13.13,-56.51
USK,24.69,2026-06-16,-0.12,-5.33,10.47,7.16,5.74,-36.69
MADHUCON,6.03,2026-06-16,7.1,10.24,10.44,36.73,-0.82,-29.23
WPIL,469.1,2026-06-16,0.99,12.1,10.43,,,
KARNIKA,136.35,2026-06-15,2.13,0.26,10.4,22.84,13.63,-79.85
COROMANDEL,2059.7,2026-06-16,3.7,17.62,10.39,5.15,-10.65,-8.39
TMPV,393.6,2026-06-16,-0.71,1.18,10.39,25.19,13.94,-42.68
BAFNAPH,149.33,2026-06-16,-4.99,-23.01,10.37,43.43,5.8,104.06
LODHA,937.95,2026-06-16,1.86,7.7,10.35,10.51,-12.78,-36.01
SAFARI,1608.8,2026-06-16,-1.66,3.36,10.34,4.16,-28.85,-24.49
FOCUS,93.28,2026-06-16,1.45,0.82,10.34,37.93,20.61,-24.44
DAICHI,284.55,2026-06-16,7.32,22.2,10.27,,,
KIRLOSENG,1918.5,2026-06-16,-0.79,3.48,10.25,30.49,56.62,122.14
REDINGTON,243.98,2026-06-16,0.49,6.29,10.25,4.71,-10.07,-16.02
MUNJALAU,98.79,2026-06-16,1.51,7.35,10.24,31.86,25.67,31.8
SIYSIL,627.2,2026-06-16,-0.84,3.51,10.21,33.09,-0.74,-8.17
CRAFTSMAN,9326.0,2026-06-16,-0.12,3.9,10.2,37.3,32.49,77.43
VIYASH,247.35,2026-06-16,-1.04,-1.77,10.16,27.06,17.41,24.77
CERA,6208.0,2026-06-16,-0.81,13.43,10.16,35.52,15.98,-10.93
WSTCSTPAPR,514.55,2026-06-16,0.8,3.13,10.16,30.45,26.02,2.67
TATACAP,339.1,2026-06-16,-0.47,8.49,10.12,9.78,3.95,
AAKASH,9.69,2026-06-16,-0.31,-1.62,10.11,5.67,9.62,4.08
MRPL,165.52,2026-06-16,-2.03,9.22,10.11,-19.95,13.65,23.66
QUINT,41.2,2026-06-16,-4.19,-1.15,10.1,,,
SMARTWORKS,481.55,2026-06-16,2.48,6.69,10.09,24.19,1.97,
OSWALPUMPS,423.9,2026-06-16,0.32,6.96,10.09,45.27,-25.19,
NITINSPIN,549.75,2026-06-16,0.34,4.83,10.08,55.45,72.47,43.39
IL&FSENGG,29.49,2026-06-16,0.17,1.65,10.08,27.17,9.34,-18.13
GRINDWELL,2047.3,2026-06-16,1.2,4.69,10.08,40.91,31.91,18.31
KRISHIVAL,405.55,2026-06-16,0.09,0.67,10.07,28.87,-12.73,15.93
ARVIND,496.4,2026-06-16,-0.46,0.73,10.04,41.57,56.35,44.79
ABB,7021.0,2026-06-16,1.42,0.91,10.03,13.38,34.49,17.45
AVTNPL,73.29,2026-06-16,1.09,2.99,10.01,26.14,8.82,13.46
SHYAMMETL,965.1,2026-06-16,-0.49,-1.1,10.01,26.75,19.58,15.54
JSWINFRA,293.8,2026-06-16,-0.22,9.44,10.0,17.33,7.56,-3.6
RAYMONDREL,606.85,2026-06-16,-1.92,5.88,9.97,69.82,27.54,
JAGRAN,64.44,2026-06-16,1.0,1.66,9.9,20.5,6.01,3.3
PATELRMART,223.51,2026-06-16,1.95,20.61,9.9,37.12,8.63,
RKSWAMY,99.75,2026-06-16,-1.63,1.42,9.86,11.8,-11.88,-47.99
MUFIN,123.77,2026-06-16,0.29,4.32,9.81,23.68,10.31,65.31
BLUESTONE,521.8,2026-06-16,-1.08,-5.04,9.77,1.76,4.57,
SAAKSHI,255.45,2026-06-15,3.84,8.24,9.75,46.68,42.07,50.66
GKWLIMITED,1828.2,2026-06-16,-0.35,1.34,9.74,15.96,6.68,-7.92
JGCHEM,430.85,2026-06-16,0.21,1.47,9.73,30.3,19.2,6.71
RBZJEWEL,136.97,2026-06-16,-1.48,6.25,9.73,16.28,-2.23,-8.25
ACUTAAS,2996.5,2026-06-16,-3.24,-9.64,9.72,38.41,76.85,174.28
BPCL,312.1,2026-06-16,0.48,9.45,9.72,2.34,-12.83,5.09
AGRITECH,118.46,2026-06-16,-1.33,-22.15,9.71,16.14,-29.71,-24.88
AXISBANK,1365.7,2026-06-16,-0.19,7.7,9.71,12.43,11.98,12.46
LRRPL,89.95,2026-06-15,14.59,10.5,9.7,41.32,13.64,15.25
JMA,92.97,2026-06-16,-1.79,0.03,9.67,16.84,15.75,1.66
HINDPETRO,401.8,2026-06-16,0.04,7.79,9.66,13.57,-13.66,5.38
CLSEL,295.1,2026-06-16,1.9,10.3,9.62,25.63,12.66,-11.71
IDBI,77.15,2026-06-16,0.35,7.38,9.62,0.33,-22.49,-16.54
FERMENTA,320.8,2026-06-16,-1.72,-6.7,9.62,,,
RAJRATAN,452.7,2026-06-16,-0.69,5.91,9.59,23.3,-2.16,9.08
TIMESCAN,42.95,2026-06-15,3.49,4.12,9.57,-8.62,-20.02,-32.31
GULPOLY,208.36,2026-06-16,-2.06,-2.35,9.54,35.11,53.98,15.06
JSWENERGY,562.05,2026-06-16,-0.74,-1.56,9.5,11.64,17.86,9.97
NOVARTIND,1323.5,2026-06-16,2.25,-2.06,9.43,96.88,96.88,96.88
NILE,1828.1,2026-06-16,5.87,8.71,9.43,,,
RML,979.55,2026-06-16,5.47,10.56,9.41,33.3,32.76,9.59
HPL,379.85,2026-06-16,2.55,10.44,9.4,38.91,-2.55,-30.21
TRUALT,494.65,2026-06-16,0.41,-4.12,9.4,31.82,16.99,
DUCON,3.61,2026-06-16,-4.75,8.41,9.39,23.63,0.56,-41.11
RBLBANK,369.7,2026-06-16,-0.79,7.17,9.35,24.88,22.95,70.88
AKCAPIT,1739.1,2026-06-16,-0.38,2.57,9.34,,,
AMBICAAGAR,25.44,2026-06-16,1.19,6.76,9.33,12.67,0.51,-11.88
SADBHAV,9.17,2026-06-16,0.77,-1.19,9.3,9.56,-10.8,-28.3
ELANTAS,10011.5,2026-06-16,2.0,3.81,9.3,,,
CUB,205.45,2026-06-16,3.06,10.9,9.29,12.94,1.27,41.6
ASHIANA,389.1,2026-06-16,6.87,8.25,9.27,26.35,35.84,7.99
NITTAGELA,1451.9,2026-06-16,-1.79,0.55,9.27,,,
PATELENG,28.69,2026-06-16,3.76,9.05,9.25,20.14,-1.38,-31.95
JINDALSAW,247.91,2026-06-16,0.65,5.0,9.21,27.22,53.47,4.63
SHRIPISTON,3695.8,2026-06-16,-1.23,12.25,9.16,25.6,19.71,51.81
GEECEE,328.2,2026-06-16,1.53,0.86,9.16,27.16,-4.15,-15.05
SADHAV,120.0,2026-06-15,-3.85,6.67,9.14,20.66,20.0,16.67
AIIL,551.65,2026-06-16,-1.26,20.82,9.13,18.86,-1.78,11.07
SONAMLTD,55.46,2026-06-16,0.62,1.41,9.13,1.3,33.77,19.01
TRITURBINE,662.25,2026-06-16,-0.14,-0.2,9.11,43.33,26.16,11.13
HAWKINCOOK,7822.5,2026-06-16,0.33,3.13,9.1,,,
BBL,2796.9,2026-06-16,0.15,-0.41,9.09,20.72,-0.26,-3.45
CORDSCABLE,218.54,2026-06-16,-1.52,2.38,9.08,49.54,14.42,11.88
CEREBRAINT,3.97,2026-06-16,2.85,15.41,9.07,-4.34,-40.48,-38.26
JSWDULUX,3201.7,2026-06-16,-1.26,1.06,9.02,10.99,-11.65,3.83
MGL,1185.6,2026-06-16,4.09,10.83,9.01,17.36,7.65,-12.62
POKARNA,908.85,2026-06-16,4.38,12.45,8.95,5.78,9.03,-17.63
JAYKAY,172.37,2026-06-16,2.82,-2.84,8.94,36.99,-15.42,
PAR,95.08,2026-06-16,1.8,11.86,8.92,9.53,-5.32,-2.53
CHAMBLFERT,490.0,2026-06-16,3.35,9.2,8.91,18.63,9.91,-10.44
ARVINDFASN,471.95,2026-06-16,2.23,1.75,8.89,23.94,-8.06,-4.39
WHEELS,1597.7,2026-06-16,-0.65,7.93,8.89,73.63,85.2,116.48
HATHWAY,11.16,2026-06-16,-0.45,3.33,8.88,14.34,-11.29,-26.68
PNB,107.97,2026-06-16,0.01,5.11,8.88,0.13,-5.06,7.06
SCPL,470.85,2026-06-16,-8.63,2.25,8.83,46.8,56.88,47.05
TMCV,406.7,2026-06-16,0.02,13.3,8.82,-6.01,6.18,
ATALREAL,31.23,2026-06-16,2.49,10.82,8.78,41.7,24.32,61.56
FINEORG,5037.8,2026-06-16,2.31,7.35,8.78,16.86,16.72,7.48
NSLNISP,47.64,2026-06-16,-0.44,-1.39,8.77,32.7,18.07,22.78
ABSLAMC,1120.6,2026-06-16,-2.22,7.32,8.75,17.65,45.58,49.57
BANKBARODA,275.35,2026-06-16,-0.25,6.21,8.74,1.54,0.5,18.13
SHANTIGOLD,227.38,2026-06-16,-1.02,3.42,8.69,24.74,17.26,
CHOLAFIN,1680.4,2026-06-16,1.62,15.41,8.67,10.04,-1.97,7.39
SPECIALITY,108.65,2026-06-16,1.03,2.25,8.63,15.29,-6.66,-13.5
GAIL,176.09,2026-06-16,0.39,4.44,8.61,20.56,7.88,-4.7
KPIL,1365.7,2026-06-16,4.74,7.8,8.6,25.51,17.97,17.08
FIEMIND,2354.4,2026-06-16,-1.36,3.36,8.59,17.43,2.86,22.91
MADRASFERT,71.77,2026-06-16,3.94,8.22,8.59,16.04,-5.22,-22.91
SAGARDEEP,25.55,2026-06-16,1.31,2.28,8.58,15.14,-1.73,-22.46
SHREEJISPG,468.3,2026-06-16,-1.64,1.89,8.55,33.72,41.9,
SPAL,848.25,2026-06-16,-2.26,4.13,8.52,22.75,17.03,6.71
UNITECH,4.85,2026-06-16,0.83,0.21,8.5,12.01,-18.07,-47.57
LMW,15797.0,2026-06-16,-0.19,1.39,8.49,9.22,3.93,-2.38
SIS,423.4,2026-06-16,-1.02,4.16,8.49,52.71,30.86,16.53
PARIN,722.65,2026-06-15,2.58,5.33,8.47,7.33,22.9,102.79
ADANIENT,2943.6,2026-06-16,0.04,-0.84,8.43,48.88,31.01,15.76
SURYAROSNI,263.3,2026-06-16,-1.34,6.68,8.42,29.67,-1.64,-22.08
SMLMAH,3939.0,2026-06-16,-1.9,6.0,8.38,2.89,7.3,109.38
RESPONIND,176.83,2026-06-16,0.64,4.06,8.37,11.26,-9.47,-15.66
AUTOIND,79.04,2026-06-16,2.77,1.45,8.36,31.01,4.8,-7.35
BOMDYEING,133.06,2026-06-16,1.24,6.29,8.34,30.21,2.79,-13.18
EMMBI,91.92,2026-06-16,8.7,10.43,8.33,18.44,-7.45,-19.85
SPECTRUM,1564.2,2026-06-16,-2.14,-6.9,8.3,3.68,34.6,-5.6
PGEL,527.45,2026-06-16,7.03,12.13,8.28,3.96,-7.62,-30.73
WELENT,552.95,2026-06-16,-1.32,4.13,8.26,19.92,8.49,5.76
YESBANK,23.89,2026-06-16,0.46,3.87,8.25,28.86,11.12,18.03
ASAHIINDIA,887.0,2026-06-16,-0.66,1.09,8.22,5.63,-10.45,19.26
VOLTAS,1327.6,2026-06-16,0.09,4.35,8.21,-5.31,-4.48,1.95
KNAGRI,209.61,2026-06-16,1.37,9.5,8.21,18.83,2.42,-5.41
GUJRAFFIA,40.59,2026-06-16,-1.34,-2.26,8.21,13.06,-24.05,-5.71
ACSTECH,37.34,2026-06-16,-2.48,3.43,8.2,,,
GARFIBRES,679.95,2026-06-16,0.07,3.67,8.19,11.47,1.11,-20.46
HYUNDAI,1974.7,2026-06-16,-2.73,4.22,8.19,0.55,-12.96,2.81
NELCO,725.6,2026-06-16,1.35,6.35,8.15,22.73,-2.84,-35.4
LT,4186.4,2026-06-16,0.4,8.02,8.14,21.84,4.02,16.5
GANGAFORGE,2.53,2026-06-16,-1.56,10.96,8.12,-7.33,-16.23,-39.62
EVEREADY,345.85,2026-06-16,-0.93,7.29,8.1,15.23,4.74,7.2
EMAMIPAP,84.24,2026-06-16,-0.66,-0.66,8.1,20.57,-6.47,-11.7
PYRAMID,173.33,2026-06-16,3.17,7.25,8.07,21.18,5.0,-0.35
ASMS,8.18,2026-06-16,8.78,12.98,8.06,0.25,-32.34,-41.94
MCON,52.35,2026-06-15,-0.1,27.22,8.05,26.14,-14.25,-52.41
GHCLTEXTIL,94.62,2026-06-16,4.47,-1.88,8.04,29.14,28.16,2.74
ASPINWALL,252.75,2026-06-16,-2.52,7.04,8.01,22.69,7.55,-9.49
MASON,140.0,2026-06-15,18.64,29.15,7.98,0.72,-30.33,6.18
BHAGYANGR,342.4,2026-06-16,5.0,16.8,7.93,137.12,148.3,347.87
PREMIERPOL,57.19,2026-06-16,2.14,2.97,7.91,-7.04,38.34,9.97
IOC,145.11,2026-06-16,0.43,7.01,7.9,-2.58,-9.72,9.07
KHANDSE,18.01,2026-06-16,0.45,-2.65,7.84,11.1,-18.47,-28.02
PITTIENG,971.55,2026-06-16,-0.61,6.17,7.83,25.33,21.18,-1.82
SHAKTIPUMP,548.4,2026-06-16,0.38,5.92,7.83,11.2,-29.73,-44.86
MOREALTY,81.54,2026-06-16,2.01,8.87,7.83,16.67,-6.73,-20.06
APCOTEXIND,521.05,2026-06-16,0.56,1.91,7.82,50.26,40.55,39.26
EICHERMOT,7560.5,2026-06-16,-0.84,7.24,7.78,10.74,7.07,42.75
SHALBY,170.4,2026-06-16,-0.13,-0.55,7.77,21.58,-11.79,-6.27
EBGNG,451.6,2026-06-16,0.71,12.94,7.74,22.87,51.57,
HCL-INSYS,12.58,2026-06-16,0.56,-1.8,7.71,5.54,-7.64,-28.11
BIOFILCHEM,35.15,2026-06-16,-2.01,-0.42,7.69,16.89,2.06,-29.73
JINDALPHOT,1110.3,2026-06-16,0.66,-2.06,7.67,-5.72,-26.04,30.62
HARSHA,436.7,2026-06-16,4.03,9.3,7.65,29.18,17.46,12.83
ROUTE,541.9,2026-06-16,2.92,6.05,7.62,18.77,-21.68,-48.2
MIDHANI,439.05,2026-06-16,0.62,4.32,7.6,43.86,47.43,-1.16
AMAGI,435.2,2026-06-16,2.1,6.39,7.59,20.3,,
HEALTHX,305.6,2026-06-16,1.95,1.68,7.59,10.62,1.06,8.97
SUZLON,57.92,2026-06-16,4.23,6.41,7.58,41.23,9.97,-11.45
SPIC,71.75,2026-06-16,3.97,7.94,7.56,19.94,-11.57,-10.67
PCJEWELLER,8.99,2026-06-16,-1.96,1.58,7.54,7.41,-11.43,-26.55
VILAS,391.85,2026-06-15,10.13,9.21,7.53,5.21,-2.49,-37.15
KPITTECH,756.55,2026-06-16,-0.06,0.17,7.51,19.72,-35.54,-45.8
FEDFINA,162.97,2026-06-16,0.48,6.24,7.51,28.08,16.82,41.77
ADANIGREEN,1482.5,2026-06-16,-0.01,-0.54,7.51,71.0,44.18,49.45
PREMIERENE,1055.3,2026-06-16,0.95,-3.23,7.51,32.71,15.91,2.5
TARIL,323.35,2026-06-16,1.91,4.44,7.5,21.54,11.25,-34.6
NAUKRI,997.65,2026-06-16,1.55,-0.16,7.49,5.06,-25.77,-32.54
EUROPRATIK,278.65,2026-06-16,4.03,11.1,7.48,19.11,-4.38,
TAJGVK,331.5,2026-06-16,-0.88,3.09,7.47,10.39,-12.03,-17.16
PHOENIXLTD,1868.2,2026-06-16,1.15,7.28,7.46,20.35,4.9,15.75
TPLPLASTEH,67.07,2026-06-16,-0.03,3.81,7.45,14.53,-1.47,-16.55
UNIHEALTH,496.95,2026-06-15,7.54,21.31,7.44,44.82,54.12,175.93
WEALTH,972.0,2026-06-16,-1.0,7.0,7.42,7.63,-2.07,-17.19
DATAMATICS,796.75,2026-06-16,0.53,3.64,7.41,14.67,-3.24,29.15
VBL,541.05,2026-06-16,0.01,3.62,7.39,33.18,13.64,14.71
EIFFL,248.81,2026-06-16,1.65,8.61,7.38,8.69,3.01,13.41
SINGERIND,72.15,2026-06-16,0.87,4.16,7.35,,,
MASTEK,1663.8,2026-06-16,2.9,3.12,7.35,13.09,-23.36,-32.73
CREST,391.1,2026-06-16,2.14,8.67,7.33,19.07,8.4,-1.46
GROWWRLTY,9.11,2026-06-16,1.9,8.97,7.3,16.94,-7.0,
KSOLVES,301.95,2026-06-16,2.13,10.02,7.3,11.2,7.49,-9.17
EFCIL,191.2,2026-06-16,0.35,2.27,7.29,-4.12,-36.3,
PROLIFE,62.8,2026-06-15,0.0,10.18,7.26,-0.16,-17.48,-56.58
NPBET,288.86,2026-06-16,0.57,7.18,7.24,8.39,-1.8,1.19
SBIBPB,49.91,2026-06-16,0.0,4.5,7.24,0.56,4.55,22.78
SHRIRAMFIN,1005.75,2026-06-16,0.51,12.17,7.23,1.39,18.55,50.32
MOSCHIP,216.59,2026-06-16,1.65,4.08,7.23,31.08,8.32,17.85
KALYANKJIL,378.55,2026-06-16,-1.16,6.87,7.22,-0.8,-20.99,-27.18
CEIGALL,370.35,2026-06-16,-1.8,5.69,7.22,35.98,60.03,49.78
KICL,5159.5,2026-06-16,-0.74,5.09,7.22,16.68,4.66,-2.56
ICICIBANK,1334.3,2026-06-16,0.5,6.73,7.22,4.82,-2.32,-5.77
SAKUMA,1.93,2026-06-16,0.0,0.52,7.22,26.14,-12.27,-39.12
RUPA,152.67,2026-06-16,-0.48,3.46,7.21,24.77,-6.08,-27.52
TASTYBITE,8156.5,2026-06-16,-0.08,2.4,7.21,19.56,0.21,-23.19
LENSKART,503.05,2026-06-16,0.74,-0.32,7.2,0.87,24.18,
SWSOLAR,214.17,2026-06-16,1.51,8.9,7.2,25.06,1.75,-33.53
PRECOT,714.95,2026-06-16,-2.14,-0.75,7.2,47.55,61.04,28.66
5PAISA,325.6,2026-06-16,2.78,6.02,7.19,11.3,4.9,-20.0
ISFT,85.73,2026-06-16,1.24,0.46,7.14,30.79,-7.46,-21.36
CANBK,132.83,2026-06-16,0.48,4.02,7.14,2.01,-6.77,23.35
MAITHANALL,1057.5,2026-06-16,-0.51,7.62,7.11,19.14,13.2,-8.59
ARIHANTACA,469.0,2026-06-15,2.4,4.22,7.08,-6.2,-1.26,70.5
KKCL,482.6,2026-06-16,4.62,11.34,7.07,7.66,-2.69,-3.77
PIDILITIND,1571.2,2026-06-16,0.01,7.63,7.05,16.08,6.66,5.51
BANKPSU,86.3,2026-06-16,-0.19,4.33,7.05,0.58,4.8,23.64
GRASIM,3140.3,2026-06-16,-0.76,2.96,7.04,18.31,12.19,16.52
AVL,590.9,2026-06-16,4.14,10.02,7.03,33.03,16.54,56.56
KAJARIACER,1139.1,2026-06-16,2.97,5.98,7.02,28.15,4.68,11.26
CREDITACC,1407.5,2026-06-16,2.36,13.22,7.02,19.55,11.89,17.77
FRACTAL,1006.0,2026-06-16,4.69,6.58,7.02,31.54,,
GTL,8.09,2026-06-16,-5.38,-8.28,7.01,25.82,-0.98,-25.85
AKSHARCHEM,212.37,2026-06-16,3.16,0.39,6.99,25.12,-15.19,-15.46
TIIL,2555.0,2026-06-16,0.93,2.34,6.99,26.1,18.67,-12.29
SPLIL,30.96,2026-06-16,-1.65,1.88,6.98,27.25,-16.44,-20.53
VIPIND,323.65,2026-06-16,0.43,2.5,6.97,-4.1,-8.35,-23.59
KOTARISUG,26.95,2026-06-16,4.78,7.67,6.94,15.37,-3.92,-29.19
MUKKA,25.19,2026-06-16,4.35,16.4,6.92,18.32,3.36,-17.95
PRUDENT,3027.8,2026-06-16,0.8,15.84,6.9,37.38,13.07,8.02
AFFORDABLE,172.48,2026-06-16,-1.11,0.69,6.88,10.22,-19.01,-61.65
MTNL,31.24,2026-06-16,0.29,4.94,6.88,26.84,-14.85,-39.22
HITECH,90.42,2026-06-16,0.83,6.28,6.85,19.26,-3.81,-10.39
CHOICEIN,709.7,2026-06-16,1.06,9.5,6.84,14.88,-6.16,2.42
GSPCROP,457.0,2026-06-16,0.09,4.8,6.83,,,
PENIND,162.01,2026-06-16,1.71,7.6,6.83,15.19,-18.16,-31.45
PVTBANIETF,28.12,2026-06-16,0.32,6.8,6.8,8.07,-1.95,1.19
KIRLPNU,1646.2,2026-06-16,1.04,3.21,6.8,56.22,58.23,22.99
NDTV,82.39,2026-06-16,0.68,1.05,6.78,12.75,-10.81,-46.34
POWERINDIA,34740.0,2026-06-16,0.13,-0.77,6.78,43.52,79.81,97.57
IMPAL,1085.2,2026-06-16,-0.86,3.77,6.77,9.0,6.44,4.05
HDFCPVTBAN,28.37,2026-06-16,0.35,6.94,6.77,8.16,-2.0,1.21
KOVAI,5794.5,2026-06-16,0.35,5.02,6.76,124.89,124.89,124.89
JBMA,684.7,2026-06-16,0.2,4.93,6.72,40.83,21.64,-4.85
MMFL,471.6,2026-06-16,0.62,5.21,6.71,11.45,30.81,29.3
PERSISTENT,5016.5,2026-06-16,2.58,-0.96,6.69,8.14,-19.62,-16.13
BANKBEES,590.62,2026-06-16,0.16,5.71,6.69,5.11,-3.13,2.9
RVTH,705.15,2026-06-16,2.35,-0.68,6.68,33.7,-0.79,-34.09
TTML,44.81,2026-06-16,-1.86,3.06,6.67,17.55,-12.75,-37.6
SBIETFPB,283.27,2026-06-16,0.19,6.27,6.66,8.01,-2.22,0.81
NDLVENTURE,128.41,2026-06-16,-0.95,-0.4,6.65,13.16,46.72,96.88
PVTBANKADD,28.22,2026-06-16,0.43,6.81,6.65,8.04,-1.88,1.62
PSUBNKBEES,95.9,2026-06-16,-0.06,4.72,6.63,0.69,5.05,23.49
KFINTECH,861.75,2026-06-16,1.68,2.93,6.63,-4.39,-16.7,-29.18
BANKETF,581.76,2026-06-16,0.21,5.84,6.63,5.12,-2.94,2.89
ZYDUSLIFE,1078.7,2026-06-16,-0.86,-0.82,6.62,21.63,17.97,11.97
CEATLTD,3424.7,2026-06-16,-0.89,10.26,6.62,0.37,-9.31,-5.0
IRISDOREME,37.97,2026-06-16,-0.13,5.3,6.6,27.2,1.47,-36.18
PIRAMALFIN,2001.8,2026-06-16,-0.38,2.48,6.58,12.45,32.14,
STARTECK,267.7,2026-06-16,1.42,-0.78,6.58,5.19,-1.29,-7.4
GUJGASLTD,394.2,2026-06-16,-1.38,-1.45,6.57,7.93,2.01,-16.48
TRIVENI,398.75,2026-06-16,0.1,9.14,6.57,16.17,7.26,-2.39
BANKADD,58.49,2026-06-16,0.41,5.96,6.56,5.43,-2.95,2.96
URBANCO,128.86,2026-06-16,0.17,7.16,6.55,13.79,5.76,
NACLIND,172.16,2026-06-16,4.46,1.65,6.55,48.5,3.25,-2.66
BANKBETA,58.98,2026-06-16,0.12,5.64,6.54,5.25,-3.23,
STLNETWORK,28.34,2026-06-16,0.35,5.16,6.54,52.37,24.41,
VARDMNPOLY,7.0,2026-06-16,0.29,1.16,6.54,-10.26,15.7,-40.73
SETFNIFBK,586.03,2026-06-16,0.1,5.75,6.54,5.32,-3.09,2.99
BANKIETF,58.55,2026-06-16,0.02,5.57,6.53,5.15,-3.06,11.35
AARTIIND,496.7,2026-06-16,-0.29,14.83,6.53,16.83,33.34,7.55
BANKBETF,57.97,2026-06-16,0.12,5.73,6.52,5.32,-3.17,2.82
CAPITALSFB,294.95,2026-06-16,1.72,9.97,6.52,25.75,12.92,-0.44
SHK,143.85,2026-06-16,7.09,16.78,6.52,20.39,-13.37,-40.34
INDIAMART,2084.1,2026-06-16,1.73,3.77,6.52,-1.13,-6.18,-16.32
PAGEIND,39065.0,2026-06-16,-0.33,1.34,6.51,29.86,8.27,-13.17
CDSL,1264.0,2026-06-16,-0.13,5.92,6.51,6.71,-15.8,-24.27
HDFCNIFBAN,58.72,2026-06-16,0.19,5.8,6.51,4.95,-3.12,3.02
BBNPNBETF,57.68,2026-06-16,0.17,6.17,6.48,5.74,-3.19,3.5
TANLA,529.75,2026-06-16,1.54,5.4,6.48,30.52,-5.86,-17.68
MCLEODRUSS,66.7,2026-06-16,1.99,-4.03,6.48,88.84,42.37,94.06
RAINBOW,1422.7,2026-06-16,0.29,5.92,6.47,27.25,6.56,-1.71
RANEHOLDIN,1531.2,2026-06-16,4.33,7.5,6.47,38.39,15.16,3.63
ATHERENERG,998.05,2026-06-16,-2.86,-0.42,6.47,39.94,47.63,212.28
DODLA,1091.9,2026-06-16,-0.32,1.31,6.46,7.94,-11.26,-18.51
AURIGROW,0.33,2026-06-16,-2.94,-5.71,6.45,26.92,-60.24,-31.25
AXISBNKETF,588.11,2026-06-16,0.14,5.77,6.44,5.73,-3.19,2.9
ABCOTS,233.29,2026-06-16,-5.29,14.04,6.44,-41.61,-43.64,-46.97
HNDFDS,553.55,2026-06-16,-0.74,5.19,6.42,17.6,4.53,3.43
MTARTECH,7698.5,2026-06-16,4.83,9.17,6.42,123.91,223.33,355.42
GROWW,199.68,2026-06-16,-3.69,5.17,6.4,26.32,38.43,
KIRLOSIND,3244.6,2026-06-16,1.44,3.97,6.39,18.79,-3.85,-12.64
BAJAJHCARE,302.3,2026-06-16,1.04,4.04,6.39,8.29,-26.44,-41.22
DWARKESH,44.97,2026-06-16,0.31,-1.73,6.39,22.77,15.25,-7.28
WINDLAS,829.15,2026-06-16,1.21,1.84,6.38,17.48,7.79,-10.9
SADBHIN,3.0,2026-06-16,-0.33,0.0,6.38,0.67,-17.13,-45.55
GOLDSTAR,7.5,2026-06-15,-7.41,-11.76,6.38,0.67,2.04,-23.47
HTMEDIA,22.52,2026-06-16,0.4,-0.22,6.38,12.49,1.26,12.77
HECPROJECT,129.72,2026-06-16,6.65,6.72,6.38,18.13,4.08,-16.09
SREEL,202.11,2026-06-16,2.22,3.21,6.37,6.03,-7.04,-17.61
BANKNIFTY1,59.21,2026-06-16,0.24,5.58,6.36,5.24,-90.31,-89.7
ZTECH,613.3,2026-06-15,5.27,2.19,6.36,26.44,6.74,-5.9
ABSLBANETF,58.49,2026-06-16,0.17,5.81,6.36,5.2,-3.03,3.1
PSUBNKIETF,86.87,2026-06-16,-0.3,4.31,6.33,0.21,4.92,23.68
DAMODARIND,29.77,2026-06-16,-3.19,-1.29,6.32,27.06,-2.55,-18.73
EDELWEISS,120.55,2026-06-16,5.27,12.01,6.31,12.95,13.26,14.06
AJAXENGG,559.55,2026-06-16,1.86,-0.68,6.29,17.79,-7.08,-7.6
IVALUE,261.72,2026-06-16,5.96,13.74,6.28,15.33,-10.63,
SAATVIKGL,476.15,2026-06-16,1.35,3.48,6.27,37.26,23.68,
HDFCPSUBK,86.61,2026-06-16,-0.54,4.37,6.26,0.23,4.87,23.48
FINKURVE,71.27,2026-06-16,9.75,15.47,6.25,25.52,-31.21,
GICHSGFIN,160.81,2026-06-16,1.41,8.85,6.25,15.28,-5.34,-13.73
NORTHARC,298.75,2026-06-16,1.31,4.51,6.24,39.6,17.62,32.65
EBANKNIFTY,57.5,2026-06-16,0.0,5.8,6.23,5.06,-3.3,2.75
SAKSOFT,143.67,2026-06-16,-0.05,3.09,6.22,18.04,-27.77,-27.32
ESAFSFB,31.02,2026-06-16,6.6,12.92,6.2,32.11,18.53,-1.56
INDIANB,853.3,2026-06-16,0.44,3.38,6.2,-0.68,12.72,37.74
CUMMINSIND,5723.5,2026-06-16,-0.53,2.01,6.15,24.7,27.93,75.47
PSUBANKADD,86.47,2026-06-16,-0.43,4.19,6.15,0.24,4.69,23.42
TRENT,2897.8,2026-06-16,-0.11,6.53,6.14,21.05,-29.37,-48.9
VINNY,1.21,2026-06-16,9.01,13.08,6.14,8.04,-2.42,-11.68
PLASTIBLEN,173.0,2026-06-16,-0.55,1.29,6.12,31.29,5.82,-16.98
ARTNIRMAN,40.73,2026-06-16,3.38,4.22,6.12,13.96,-18.67,-39.86
HOMEFIRST,1136.0,2026-06-16,1.84,8.53,6.09,15.38,-3.41,-10.68
PTCIL,17809.0,2026-06-16,-4.54,-2.53,6.08,4.09,1.57,16.86
PSUBANK,856.81,2026-06-16,-0.39,4.18,6.07,0.44,4.7,23.47
SANGAMIND,526.25,2026-06-16,-1.01,0.51,6.03,23.43,19.43,20.02
EPL,228.24,2026-06-16,0.6,9.55,6.02,26.72,5.47,-1.42
DYCL,326.5,2026-06-16,1.84,4.31,6.02,21.81,-2.67,-26.65
RCF,132.12,2026-06-16,2.57,7.37,6.01,13.58,-6.28,-15.21
MONQ50,142.93,2026-06-16,-0.93,-2.79,6.01,51.39,44.53,93.8
ANMOL,12.37,2026-06-16,10.05,11.64,6.0,16.7,-11.77,-33.99
KANORICHEM,104.3,2026-06-16,2.57,13.39,5.99,72.57,36.5,10.0
SHALPAINTS,53.12,2026-06-16,1.01,9.37,5.99,9.87,-7.44,-46.26
20MICRONS,184.4,2026-06-16,-2.34,-0.4,5.98,21.87,-5.88,-22.41
AETHER,1177.7,2026-06-16,2.44,3.63,5.96,14.89,36.26,48.79
HOMESFY,117.6,2026-06-15,5.0,16.49,5.95,-18.64,-29.75,-63.01
KIOCL,410.45,2026-06-16,1.96,5.79,5.94,38.25,21.38,36.57
UFLEX,424.6,2026-06-16,-0.64,0.88,5.92,-4.07,-9.43,-30.31
JAICORPLTD,119.19,2026-06-16,5.4,8.22,5.89,23.54,-7.47,9.84
LTF,294.25,2026-06-16,0.34,12.44,5.89,14.05,-1.17,55.11
GROWWPSUBK,85.57,2026-06-16,-0.98,4.37,5.88,,,
ABSL10BANK,169.63,2026-06-16,0.66,6.36,5.87,0.64,,
PIXTRANS,1614.3,2026-06-16,-0.62,2.13,5.83,14.56,10.57,3.15
AEROENTER,107.66,2026-06-16,-2.5,6.89,5.82,63.37,34.54,18.99
FEDDERSHOL,35.87,2026-06-16,1.01,3.4,5.81,,,
INTERARCH,1870.8,2026-06-16,2.02,9.8,5.81,8.98,-22.61,-12.15
INDHOTEL,694.4,2026-06-16,0.66,6.46,5.81,13.21,-4.25,-7.74
OBCL,57.26,2026-06-16,-3.67,6.57,5.8,3.02,4.05,4.01
KOHINOOR,25.82,2026-06-16,1.02,8.35,5.78,12.75,-2.9,-28.2
INDIFRA,13.75,2026-06-15,3.77,-2.83,5.77,-7.41,-13.79,-19.12
SOUTHWEST,252.2,2026-06-16,0.38,1.02,5.77,37.46,33.21,59.35
LINC,102.25,2026-06-16,1.78,5.03,5.76,2.16,-8.75,-26.15
UWCSL,102.0,2026-06-15,9.74,4.29,5.75,-1.02,-10.53,-35.89
BANKINDIA,145.67,2026-06-16,-0.38,3.99,5.74,-0.16,7.93,28.25
ITI,303.15,2026-06-16,0.46,2.31,5.72,9.38,0.43,-4.92
PARAGMILK,230.49,2026-06-16,-0.87,-1.36,5.72,14.63,-25.46,2.43
RACLGEAR,1322.3,2026-06-16,-0.35,8.71,5.72,3.42,24.99,34.4
SHRIRAMPPS,87.85,2026-06-16,-0.48,3.06,5.7,28.12,4.82,-14.23
RAMCOIND,290.1,2026-06-16,-1.28,-3.53,5.7,13.81,-6.78,7.77
DLINKINDIA,510.6,2026-06-16,0.29,4.18,5.69,29.5,20.52,-1.74
MBAPL,565.65,2026-06-16,-0.18,3.57,5.67,25.9,39.1,60.88
MWL,375.25,2026-06-16,-0.46,0.44,5.67,38.85,36.77,129.5
KABRAEXTRU,239.74,2026-06-16,-0.24,0.88,5.64,6.53,7.08,-14.16
NAHARINDUS,117.35,2026-06-16,0.26,1.33,5.63,30.94,8.36,-20.34
PIGL,110.65,2026-06-16,3.52,13.79,5.61,16.56,-15.52,-25.96
NIVABUPA,84.3,2026-06-16,1.09,3.41,5.6,17.66,8.82,3.04
MASKINVEST,155.39,2026-06-16,4.99,6.16,5.59,22.87,-5.82,7.0
PONNIERODE,318.25,2026-06-16,-0.58,-2.63,5.59,22.32,15.16,-4.72
TECHM,1446.8,2026-06-16,1.49,-3.76,5.57,8.01,-8.33,-12.12
SPENCERS,37.39,2026-06-16,1.38,3.0,5.56,24.38,-9.34,-40.71
APOLLOTYRE,416.45,2026-06-16,0.51,8.21,5.56,0.88,-17.94,-5.3
USHAMART,499.2,2026-06-16,0.86,1.09,5.55,25.66,9.55,63.29
GEOJITFSL,78.03,2026-06-16,2.01,7.1,5.53,36.77,-1.51,-4.75
SHAILY,2920.7,2026-06-16,-0.93,-5.14,5.51,52.51,23.99,67.05
JPOLYINVST,1092.0,2026-06-16,0.68,0.3,5.51,-11.2,1.07,31.87
HGS,429.3,2026-06-16,0.16,6.71,5.49,18.46,-3.56,-21.32
EFORCE,24.0,2026-06-15,-0.83,7.38,5.49,2.13,-31.43,-53.8
NOIDATOLL,5.0,2026-06-16,-0.99,5.71,5.49,53.85,15.21,28.21
ASIANPAINT,2748.1,2026-06-16,0.32,3.34,5.47,23.92,-1.53,22.61
INFOMEDIA,5.79,2026-06-16,0.0,3.95,5.46,20.12,-10.65,-32.67
RAJPALAYAM,836.4,2026-06-16,-1.2,3.51,5.45,,,
AHLUCONT,837.45,2026-06-16,3.58,6.86,5.43,15.15,-12.07,-10.12
OBEROIRLTY,1704.8,2026-06-16,2.12,6.52,5.42,20.37,5.07,-11.18
SBIN,1015.3,2026-06-16,-0.54,3.4,5.41,-3.1,7.54,30.42
BAJFINANCE,959.65,2026-06-16,1.84,10.17,5.4,9.28,-3.88,2.31
SURANAT&P,19.14,2026-06-16,5.63,6.87,5.4,12.65,-2.84,-0.42
OFSS,9500.5,2026-06-16,1.36,-2.62,5.39,52.36,24.83,2.49
MARALOVER,56.55,2026-06-16,-0.86,1.11,5.39,44.3,23.34,-23.99
GULFOILLUB,992.95,2026-06-16,1.36,10.35,5.38,2.05,-15.63,-15.17
AUTOAXLES,1774.9,2026-06-16,0.92,6.51,5.38,3.43,-2.36,0.31
VASWANI,58.52,2026-06-16,-1.43,-0.7,5.38,13.99,-5.54,23.02
VISHWARAJ,5.69,2026-06-16,-4.37,1.07,5.37,12.01,-18.25,-42.87
KOTAKBANK,407.85,2026-06-16,0.52,8.15,5.37,10.27,-6.56,-4.55
SHREEKARNI,435.7,2026-06-15,4.85,2.76,5.37,16.92,-10.72,-24.88
MBLINFRA,26.92,2026-06-16,-1.61,-6.79,5.36,22.31,-19.16,-40.48
PRITIKAUTO,14.64,2026-06-16,1.1,10.49,5.32,25.67,10.66,-18.53
UNIONBANK,170.56,2026-06-16,-0.43,3.26,5.32,-2.87,11.33,19.98
SILLYMONKS,17.26,2026-06-16,-3.03,3.6,5.31,7.01,-27.45,11.0
EASEMYTRIP,8.33,2026-06-16,-0.48,24.33,5.31,20.9,9.03,-22.8
KAYA,257.7,2026-06-16,0.14,7.82,5.31,-15.84,-24.89,-26.91
TREL,26.27,2026-06-16,1.7,3.38,5.29,9.96,-7.53,-21.72
PARAGON,45.8,2026-06-15,-6.91,-9.75,5.29,8.66,6.39,-28.1
ASHOKLEY,158.5,2026-06-16,0.51,12.4,5.27,-6.69,-3.9,37.68
KEI,5386.5,2026-06-16,-1.36,4.63,5.26,29.05,29.75,46.34
MPTODAY,46.0,2026-06-15,0.0,5.5,5.26,-2.13,-3.26,29.94
TCI,937.5,2026-06-16,-1.15,-2.86,5.25,-2.46,-8.54,-15.5
IGCL,64.78,2026-06-16,4.16,17.7,5.25,8.73,-21.67,
GANDHAR,157.81,2026-06-16,-0.42,0.15,5.22,24.52,13.26,-7.68
KAMATHOTEL,168.86,2026-06-16,-0.99,-0.05,5.21,-7.45,-27.49,-25.71
DHARMAJ,279.0,2026-06-16,0.52,1.44,5.2,17.76,19.34,-6.47
ZEEMEDIA,8.31,2026-06-16,-3.15,-2.35,5.19,12.91,-7.97,-39.96
RAJSREESUG,34.02,2026-06-16,1.67,1.89,5.19,31.45,-6.82,-28.23
BHARATFORG,2012.3,2026-06-16,-0.41,6.3,5.19,18.58,42.13,53.14
IRB,21.3,2026-06-16,0.85,3.15,5.17,3.24,3.23,-14.2
DIACABS,206.6,2026-06-16,-4.06,4.22,5.17,61.96,47.71,103.59
THOMASCOTT,285.0,2026-06-16,4.7,11.57,5.17,14.71,-15.57,-5.91
MOBANK10,16.9,2026-06-16,0.42,5.82,5.16,,,
ETERNAL,253.6,2026-06-16,0.63,2.13,5.15,14.21,-10.85,0.58
VASCONEQ,35.92,2026-06-16,4.94,15.54,5.15,14.8,-24.63,-30.95
HDBFS,709.55,2026-06-16,2.08,13.17,5.13,10.5,-5.97,
UDS,181.41,2026-06-16,-0.22,-0.9,5.09,29.75,3.65,-39.32
RTNINDIA,35.62,2026-06-16,0.25,-2.38,5.07,33.36,-12.14,-40.35
ASAL,501.25,2026-06-16,-0.58,1.28,5.04,21.97,1.65,-12.44
VISHNU,601.8,2026-06-16,-0.07,2.6,5.03,18.17,18.58,5.7
LAOPALA,180.89,2026-06-16,0.99,5.53,5.03,-3.21,-11.92,-29.21
SENCO,351.55,2026-06-16,0.39,2.46,5.03,20.87,10.78,-1.8
SHRIKRISH,43.96,2026-06-16,6.88,1.03,5.02,,,
MAHLIFE,342.8,2026-06-16,2.73,2.5,5.01,0.0,-13.58,-4.78
SMVD,11.55,2026-06-15,0.0,5.0,5.0,3.59,56.08,-36.71
JSWCEMENT,129.33,2026-06-16,-0.93,2.25,5.0,11.05,6.3,
WELCORP,1373.8,2026-06-16,-0.43,2.02,4.95,72.63,70.83,50.99
FDC,384.25,2026-06-16,-0.14,0.79,4.94,12.57,-7.53,-20.62
GFSTEELS,13.61,2026-06-15,0.0,4.93,4.93,15.53,20.98,46.82
REGAAL,81.88,2026-06-16,0.61,-0.73,4.93,0.2,11.16,
UCL,152.65,2026-06-15,-1.99,-1.99,4.91,146.21,218.02,209.32
UNIVAFOODS,8.57,2026-06-15,0.0,4.9,4.9,-11.65,-39.82,-27.0
EVINDIA,31.4,2026-06-16,0.1,4.15,4.88,14.51,1.29,7.24
VIVIANA,843.7,2026-06-16,-0.32,-0.22,4.86,35.83,9.11,-38.63
ZUARIIND,264.05,2026-06-16,4.93,7.47,4.86,12.77,-18.43,-6.12
DDEVPLSTIK,253.44,2026-06-16,-1.08,3.41,4.86,9.76,-11.26,-8.41
SHEETAL,291.0,2026-06-15,-0.5,-1.36,4.86,28.7,94.84,119.73
BRIGHOTEL,63.88,2026-06-16,-0.03,0.88,4.84,9.78,-11.24,
WANBURY,268.5,2026-06-16,0.43,6.38,4.84,8.66,12.3,-14.12
LANCORHOL,25.62,2026-06-16,-1.2,8.38,4.83,38.64,1.26,16.64
KAPSTON,343.6,2026-06-16,-0.26,4.22,4.82,26.44,12.75,42.35
EVIETF,31.3,2026-06-16,0.0,3.68,4.82,13.94,0.97,6.79
POLYCAB,9591.5,2026-06-16,0.37,1.02,4.8,34.58,30.29,57.94
INDIANCARD,216.54,2026-06-16,-3.33,-3.05,4.8,17.26,-11.94,-34.35
MOBIKWIK,197.95,2026-06-16,-0.42,3.35,4.79,6.92,-16.04,-25.64
NETWORK18,33.76,2026-06-16,3.75,5.93,4.78,10.18,-20.6,-38.19
RAYMONDLSL,816.8,2026-06-16,1.2,10.15,4.77,10.72,-23.73,-25.29
CEWATER,303.5,2026-06-16,12.7,21.64,4.76,24.74,-33.81,-46.87
THERMAX,4714.6,2026-06-16,-0.56,0.39,4.76,44.66,63.44,34.04
GENUSPOWER,328.9,2026-06-16,2.56,9.34,4.76,37.33,8.93,-10.62
ACE,930.5,2026-06-16,0.17,5.27,4.76,13.85,-4.59,-21.49
CPCAP,101.08,2026-06-16,1.0,11.44,4.71,22.73,-14.34,-40.47
MSPL,42.48,2026-06-16,0.88,4.73,4.71,41.88,18.1,48.58
ALLTIME,249.22,2026-06-16,-1.92,12.68,4.7,23.6,-4.39,
VOLTAMP,9947.0,2026-06-16,0.54,3.47,4.69,18.81,24.8,13.66
GODREJPROP,1794.5,2026-06-16,1.6,8.46,4.69,15.03,-11.32,-26.29
SRM,502.95,2026-06-16,1.77,3.69,4.69,31.87,-10.99,13.73
DRL,12.3,2026-06-15,3.8,-3.15,4.68,26.15,-43.96,-58.45
ABCAPITAL,373.8,2026-06-16,1.52,8.66,4.66,18.82,7.4,50.27
MOTOUR,76.03,2026-06-16,0.07,6.19,4.65,8.99,-9.58,-15.14
BRIGADE,720.25,2026-06-16,5.28,11.99,4.65,10.68,-16.12,-39.62
GOYALSALT,117.2,2026-06-15,4.64,3.95,4.64,4.88,-26.75,-26.61
NAVINFLUOR,7315.5,2026-06-16,0.39,6.71,4.62,18.68,21.46,62.69
CCAVENUE,14.31,2026-06-16,3.77,3.77,4.61,2.14,-15.58,-36.68
SMALLADD,17.49,2026-06-16,1.86,4.11,4.61,18.02,7.19,
BHARATRAS,1443.5,2026-06-16,0.22,4.65,4.59,12.84,-39.98,-42.77
TCL,97.5,2026-06-15,0.57,-0.46,4.56,5.58,-4.41,5.35
BFSI,27.38,2026-06-16,0.33,6.79,4.54,3.87,-3.32,0.33
SIGACHI,21.17,2026-06-16,-1.12,0.28,4.54,13.88,-38.5,-63.97
UCOBANK,26.33,2026-06-16,0.57,5.19,4.53,6.4,-6.76,-14.47
CELLPOINT,16.15,2026-06-15,2.54,-1.82,4.53,16.61,-5.0,-14.1
ARFIN,95.62,2026-06-16,3.91,9.95,4.53,28.61,47.24,
BASML,25.06,2026-06-16,2.2,1.01,4.5,31.55,-7.6,-27.88
AADHARHFC,485.0,2026-06-16,-0.81,5.33,4.49,1.31,-1.21,9.32
BLS,264.2,2026-06-16,0.11,0.84,4.47,8.23,-15.47,-27.62
VIPULLTD,9.34,2026-06-16,-0.53,-7.52,4.47,-20.78,-14.55,-20.85
INDUSINDBK,926.0,2026-06-16,-0.77,3.46,4.47,12.24,9.58,12.75
NATHBIOGEN,168.09,2026-06-16,-0.55,1.16,4.46,19.16,10.25,-16.35
ACEINTEG,19.91,2026-06-16,-1.48,-3.63,4.46,22.37,-9.25,-29.15
HLVLTD,8.02,2026-06-16,-0.5,2.82,4.43,14.9,-14.41,-41.88
SUPREMEPWR,241.7,2026-06-15,-4.45,3.05,4.43,57.56,18.51,29.36
NFL,77.68,2026-06-16,2.64,7.23,4.42,13.24,-10.88,-22.13
INFY,1143.6,2026-06-16,0.77,-1.62,4.41,-6.52,-26.65,-26.95
INDIGOPNTS,1028.8,2026-06-16,2.34,10.55,4.41,35.78,-15.61,-4.03
MIDSELIETF,18.73,2026-06-16,0.38,3.82,4.4,16.34,1.41,6.0
SVPGLOB,4.04,2026-06-16,1.51,5.48,4.39,53.61,-4.94,9.49
SONACOMS,598.65,2026-06-16,0.39,1.77,4.38,22.37,23.85,20.47
CRAMC,250.91,2026-06-16,-2.37,3.77,4.35,8.17,-13.85,
RCOM,0.96,2026-06-16,0.0,-2.04,4.35,0.0,-19.33,-45.14
SUDARSCHEM,906.1,2026-06-16,0.89,5.0,4.32,13.22,-5.77,-29.05
BANK10ADD,16.92,2026-06-16,0.53,6.28,4.32,2.79,,
KELLTONTEC,15.72,2026-06-16,1.95,3.22,4.31,-4.44,-13.86,-39.58
JUSTDIAL,543.8,2026-06-16,0.7,5.14,4.31,5.12,-23.28,-38.31
BANKA,87.09,2026-06-16,-3.23,-3.93,4.3,88.3,26.49,26.25
NDGL,2650.5,2026-06-16,0.32,7.99,4.27,17.73,-8.36,-38.42
BHAGCHEM,259.65,2026-06-16,-0.17,10.56,4.26,38.28,12.81,-14.13
PFS,31.3,2026-06-16,1.69,0.55,4.26,16.88,-5.07,-23.0
SHRINGARMS,215.37,2026-06-16,1.25,5.07,4.25,15.05,7.83,
BYKE,36.34,2026-06-16,-1.38,5.33,4.25,7.26,-29.61,-59.02
GANESHCP,204.1,2026-06-16,0.68,-0.04,4.25,29.25,-12.85,
CYIENT,907.65,2026-06-16,1.19,5.26,4.24,6.22,-21.06,-29.44
TCIEXP,534.65,2026-06-16,1.03,4.21,4.23,12.43,-7.71,-27.96
GNFC,536.05,2026-06-16,5.12,10.29,4.22,28.33,8.96,2.85
HUHTAMAKI,172.36,2026-06-16,-1.76,3.9,4.22,8.3,-17.18,-16.45
NARMADA,37.1,2026-06-16,0.0,1.53,4.18,18.49,75.83,119.27
TEXINFRA,102.25,2026-06-16,1.08,2.56,4.17,20.78,-2.34,-0.78
GABRIEL,1136.4,2026-06-16,-0.86,15.84,4.16,36.8,16.55,87.33
UNIECOM,89.23,2026-06-16,-2.61,6.16,4.16,-4.5,-24.06,-32.16
K2INFRA,60.3,2026-06-15,22.31,16.52,4.15,20.84,-1.87,-23.33
ZENITHDRUG,42.7,2026-06-15,0.23,-2.06,4.15,3.52,-18.12,-35.55
CYBERTECH,143.53,2026-06-16,3.79,3.95,4.14,41.33,-1.97,-4.29
MINDTECK,212.09,2026-06-16,0.68,3.1,4.13,25.56,3.3,-12.42
IKIO,162.46,2026-06-16,0.06,7.91,4.11,34.58,-8.92,-25.04
HDFCSML250,175.01,2026-06-16,0.44,3.82,4.1,17.24,6.45,0.53
GPTHEALTH,147.36,2026-06-16,0.08,0.11,4.1,19.78,4.96,-2.1
MADHAVIPL,8.88,2026-06-16,-5.03,6.86,4.1,,,
VTL,631.85,2026-06-16,-0.93,2.1,4.1,18.93,41.81,35.22
BLACKBUCK,552.35,2026-06-16,0.86,7.81,4.08,-1.01,-12.79,24.64
PACEDIGITK,186.37,2026-06-16,-0.54,4.16,4.06,13.71,-5.04,
SYNCOMF,14.36,2026-06-16,-0.76,1.48,4.06,21.49,-3.04,-32.55
TITAN,4338.0,2026-06-16,1.27,3.47,4.05,6.04,10.4,26.55
MALLCOM,1050.05,2026-06-16,2.11,5.04,4.05,1.38,-9.25,-9.85
GROWWEV,31.15,2026-06-16,-0.51,3.28,4.04,13.56,1.01,6.39
BSE,4162.4,2026-06-16,0.88,6.27,4.04,45.41,59.73,54.31
SHILCTECH,4170.7,2026-06-16,0.63,5.17,4.02,11.31,3.23,
STARHEALTH,521.75,2026-06-16,-1.31,0.58,4.0,14.06,13.07,15.89
REDTAPE,134.53,2026-06-16,-0.96,1.41,4.0,18.5,7.31,3.96
LAURUSLABS,1376.4,2026-06-16,-0.91,-2.01,3.99,43.4,37.6,102.71
INDTERRAIN,33.11,2026-06-16,0.39,2.67,3.99,20.27,-6.73,-13.84
AMDIND,47.29,2026-06-16,2.47,0.96,3.98,34.38,-5.46,-5.53
UYFINCORP,14.66,2026-06-16,1.31,3.17,3.97,10.14,2.59,-19.23
NEXT50ETF,72.29,2026-06-16,2.21,3.69,3.97,11.52,,
PTL,41.45,2026-06-16,0.9,4.22,3.96,11.85,8.68,6.78
THEMISMED,101.5,2026-06-16,-1.37,-2.09,3.96,33.62,-1.21,-26.44
NDRAUTO,843.85,2026-06-16,0.21,4.74,3.95,30.0,2.17,-11.4
GROWWSC250,9.99,2026-06-16,0.5,3.63,3.95,17.12,6.16,
INDRAMEDCO,382.2,2026-06-16,-0.97,-1.91,3.93,-2.4,-21.86,-5.96
KENNAMET,3032.8,2026-06-16,1.7,9.89,3.92,24.14,24.14,24.14
INSPIRISYS,112.92,2026-06-16,0.27,-4.66,3.92,46.1,29.51,8.41
ZUARI,234.81,2026-06-16,7.59,10.36,3.91,17.75,-25.6,9.13
SWANDEF,1992.9,2026-06-16,-0.27,-1.48,3.91,-16.52,58.27,959.72
DHANBANK,32.42,2026-06-16,0.93,3.08,3.91,43.26,29.68,9.45
MARKOLINES,170.97,2026-06-16,1.65,4.99,3.9,11.42,4.19,
KRN,1218.3,2026-06-16,-3.0,3.83,3.9,43.29,62.8,66.88
MOSMALL250,17.37,2026-06-16,-0.06,3.64,3.89,16.73,5.91,0.4
JISLJALEQS,32.33,2026-06-16,2.31,5.76,3.89,3.46,-20.9,-49.44
SMALL250,17.39,2026-06-16,0.35,3.82,3.88,17.26,6.43,
FOSECOIND,5239.4,2026-06-16,3.15,10.82,3.87,10.4,3.89,12.17
GATEWAY,58.77,2026-06-16,-2.05,3.98,3.87,12.67,-0.4,-4.12
ETHOSLTD,2407.9,2026-06-16,-1.54,2.42,3.87,18.93,-19.49,-18.98
KANANIIND,1.61,2026-06-16,3.21,3.21,3.87,20.15,-6.4,-25.81
SETFNN50,768.46,2026-06-16,0.25,4.15,3.85,11.93,5.67,7.61
QUINTEGRA,1.35,2026-06-15,-2.17,-4.26,3.85,12.5,-9.4,-15.09
S&SPOWER,385.25,2026-06-16,2.5,-3.96,3.84,8.44,22.8,2.87
GMBREW,910.25,2026-06-16,-0.39,5.39,3.84,-4.96,-5.79,24.19
DBOL,114.86,2026-06-16,-0.01,4.89,3.83,17.9,46.52,43.8
BALKRISIND,2230.6,2026-06-16,1.74,6.49,3.83,2.99,-6.0,-8.67
TVVISION,5.43,2026-06-16,1.5,9.04,3.82,-0.55,-47.02,-30.74
APOLLOHOSP,8390.5,2026-06-16,-0.92,0.38,3.81,12.02,19.15,18.25
JIOFIN,241.95,2026-06-16,1.01,5.72,3.81,3.24,-18.05,-17.62
NEXT50IETF,75.76,2026-06-16,0.37,4.08,3.81,11.59,5.43,7.51
COMSYN,158.87,2026-06-16,-7.01,3.83,3.81,3.83,12.47,21.23
ALKYLAMINE,1788.3,2026-06-16,-1.46,-0.03,3.81,42.0,12.54,-9.84
NAM-INDIA,1142.4,2026-06-16,0.2,8.26,3.8,37.51,31.69,56.73
SNXT50BETA,92.68,2026-06-16,1.49,3.84,3.78,9.25,-0.18,
SEAMECLTD,1575.0,2026-06-16,-2.09,-1.57,3.77,14.55,61.11,83.75
ASAHISONG,250.19,2026-06-16,-4.23,1.91,3.76,33.59,-19.75,-44.03
PANACHE,373.95,2026-06-16,0.43,5.62,3.75,25.36,9.99,108.54
SCANSTL,38.02,2026-06-16,1.25,6.77,3.74,,,
RMDRIP,20.05,2026-06-16,2.87,28.12,3.72,-9.41,-56.78,-37.85
ARIHANTCAP,71.64,2026-06-16,-0.49,12.94,3.72,2.98,-22.23,-7.14
ARSSBL,545.2,2026-06-16,-0.96,7.08,3.72,17.25,-7.89,
SURYODAY,173.54,2026-06-16,0.96,1.92,3.71,37.8,27.87,22.45
LAXMICOT,14.81,2026-06-16,4.3,0.47,3.71,19.53,-22.09,-50.13
UNIENTER,107.79,2026-06-16,-0.78,2.32,3.7,12.68,-24.38,-29.03
NEXT50BETA,77.28,2026-06-16,1.02,3.88,3.7,11.53,5.43,
KRITI,74.25,2026-06-16,0.34,1.64,3.69,-6.95,-16.22,-50.47
NIRLON,620.05,2026-06-16,-0.01,0.81,3.68,,,
VIVO,77.5,2026-06-15,1.97,-5.26,3.68,6.75,-0.64,21.09
GROWWNXT50,72.2,2026-06-16,0.5,3.74,3.68,12.22,5.68,
ALUWIND,50.7,2026-06-15,1.4,6.74,3.68,-14.07,-30.6,-41.11
DCMSIL,64.6,2026-06-16,-1.97,-5.83,3.64,-7.98,,
360ONE,1133.6,2026-06-16,0.25,7.46,3.64,11.47,0.6,-2.02
TOLINS,106.96,2026-06-16,-0.2,10.63,3.62,10.01,-20.62,-33.54
ITIETF,31.75,2026-06-16,1.89,-0.13,3.62,-0.72,-23.97,-25.29
INVPRECQ,636.85,2026-06-16,3.83,7.73,3.61,,,
MAHSCOOTER,12541.0,2026-06-16,0.13,3.07,3.6,1.25,-11.05,-16.03
JUNIORBEES,774.78,2026-06-16,0.18,4.01,3.6,11.69,5.3,7.2
BALRAMCHIN,559.05,2026-06-16,1.35,1.57,3.6,15.7,26.05,-7.51
UNIDT,224.36,2026-06-16,-3.32,-6.8,3.59,35.79,11.6,-7.19
INDOCO,232.97,2026-06-16,-2.75,16.76,3.59,23.19,-4.85,-17.78
HBLENGINE,799.65,2026-06-16,0.83,4.32,3.59,21.85,0.22,32.54
SATIN,231.38,2026-06-16,-0.31,-2.49,3.58,60.04,63.88,47.77
BEPL,98.91,2026-06-16,-0.53,1.18,3.57,19.6,13.07,-9.83
PRUDMOULI,15.37,2026-06-16,-0.19,0.33,3.57,7.94,-31.45,-66.58
SARLAPOLY,99.31,2026-06-16,1.38,-0.67,3.57,24.87,17.26,-13.61
SBIETFIT,316.59,2026-06-16,1.58,-0.45,3.56,-0.94,-24.14,-25.5
JSWHL,12820.0,2026-06-16,3.2,4.38,3.55,-21.06,-39.18,-41.77
MARUTI,13691.0,2026-06-16,-0.83,6.03,3.55,7.32,-16.28,10.45
SAKHTISUG,18.18,2026-06-16,-0.33,4.36,3.53,30.79,-4.92,-31.01
AIROLAM,87.37,2026-06-16,1.55,10.59,3.53,3.73,-15.16,-22.1
ASHOKA,132.61,2026-06-16,0.09,12.11,3.53,16.05,-24.45,-35.51
DHAMPURSUG,144.6,2026-06-16,0.03,-0.25,3.51,26.68,11.09,-5.88
ASTERDM,780.05,2026-06-16,-0.85,1.81,3.5,20.68,29.38,33.93
HDFCNEXT50,73.29,2026-06-16,0.14,4.09,3.49,11.55,5.29,7.24
63MOONS,668.4,2026-06-16,1.23,5.45,3.48,22.48,-11.84,-28.36
AUTOBEES,277.0,2026-06-16,-0.25,4.62,3.47,9.44,-2.02,16.07
VARDHACRLC,44.71,2026-06-16,-0.47,-1.71,3.47,39.28,18.28,3.25
NEXT50,738.63,2026-06-16,0.06,3.92,3.46,11.41,5.36,7.24
SML100CASE,10.47,2026-06-16,0.19,4.18,3.46,17.03,7.51,
ORIENTPPR,17.93,2026-06-16,1.19,2.81,3.46,11.5,-20.17,-39.51
AXISTECETF,314.8,2026-06-16,1.68,-0.05,3.46,-0.99,-24.08,-25.4
BOSCHLTD,39045.0,2026-06-16,-0.06,6.65,3.46,28.63,7.77,22.6
ENSER,16.5,2026-06-15,10.74,6.45,3.45,42.24,-8.33,13.79
WONDERLA,488.7,2026-06-16,0.37,4.37,3.43,-5.06,-8.37,-25.67
BAJAJFINSV,1787.3,2026-06-16,2.12,6.73,3.43,0.76,-12.18,-11.83
GSTL,19.65,2026-06-15,-3.68,-7.53,3.42,-37.32,47.19,63.75
SILKFLEX,223.75,2026-06-15,17.76,34.59,3.42,73.79,152.82,103.41
SWELECTES,637.3,2026-06-16,-0.78,1.21,3.42,21.65,-0.76,9.67
MONEXT50,71.62,2026-06-16,0.75,3.93,3.42,11.12,5.17,7.42
CONSUMER,11.23,2026-06-16,0.27,4.66,3.41,10.86,-4.67,-2.09
ARVEE,169.08,2026-06-16,-0.14,5.77,3.41,9.22,-3.62,-2.74
PRAKASH,151.3,2026-06-16,0.11,8.86,3.4,28.44,13.74,-6.29
FABTECH,158.43,2026-06-16,8.54,7.94,3.4,14.8,-29.09,
ITBEES,31.72,2026-06-16,1.7,-0.03,3.39,-0.88,-24.04,-25.43
SELECTIPO,43.93,2026-06-16,-0.16,3.95,3.39,11.71,-4.2,-8.57
WELSPUNLIV,145.78,2026-06-16,0.59,2.38,3.38,33.21,7.48,10.65
3MINDIA,32300.0,2026-06-16,2.01,2.41,3.38,-2.03,-8.68,12.73
ITBETA,300.37,2026-06-16,1.69,-0.31,3.38,-0.91,-24.01,-25.06
MOMENTUM30,30.91,2026-06-16,-1.06,5.17,3.38,7.89,-0.87,
TEAMLEASE,1410.6,2026-06-16,0.42,1.97,3.37,28.12,-12.02,-31.51
OPTIEMUS,429.4,2026-06-16,0.53,2.76,3.35,28.68,-19.3,-28.37
SHINDL,159.82,2026-06-16,0.98,3.46,3.35,,,
LFIC,147.42,2026-06-16,-0.73,3.78,3.34,18.19,-16.74,-32.17
PULZ,24.8,2026-06-15,0.81,5.08,3.33,-8.82,-21.14,-50.4
POLYPLEX,929.0,2026-06-16,1.67,4.45,3.32,15.05,15.06,-26.54
SCHAEFFLER,4163.0,2026-06-16,3.01,3.91,3.31,11.22,9.32,4.46
AAATECH,96.68,2026-06-16,0.21,5.29,3.31,3.85,-3.73,15.7
ABSLNN50ET,75.4,2026-06-16,1.33,4.14,3.3,12.04,5.53,7.21
GNA,383.5,2026-06-16,2.04,3.24,3.3,-0.05,24.72,21.52
GOKEX,710.3,2026-06-16,-1.59,5.04,3.29,23.01,-13.71,-21.88
AUBANK,1023.1,2026-06-16,-1.02,6.7,3.29,15.57,4.33,31.08
ITETF,30.17,2026-06-16,1.55,-0.36,3.29,-1.11,-24.25,-25.3
JFLLIFE,9.45,2026-06-15,-0.53,0.0,3.28,-7.8,-16.0,-38.24
INTLCONV,82.08,2026-06-16,1.92,3.26,3.27,16.69,-9.34,-5.88
GOLDTECH,43.04,2026-06-16,2.45,1.2,3.26,11.82,-17.25,-35.28
MANAPPURAM,317.45,2026-06-16,-0.06,6.1,3.25,26.57,12.34,14.67
INDOAMIN,131.6,2026-06-16,0.21,1.58,3.24,41.58,10.38,-12.74
GFLLIMITED,47.11,2026-06-16,0.15,4.46,3.22,10.64,-18.96,-27.7
HEXT,499.75,2026-06-16,0.4,-3.94,3.22,22.12,-33.13,-38.56
MEIL,313.1,2026-06-16,0.84,0.4,3.21,34.35,-15.11,
PLAZACABLE,48.38,2026-06-16,1.09,2.26,3.2,41.09,19.49,-18.62
HDFCMOMENT,31.33,2026-06-16,-0.19,4.85,3.19,8.6,-0.19,-0.51
GROWWNET,9.12,2026-06-16,0.11,5.07,3.17,11.63,-12.02,
DTL,130.0,2026-06-15,-7.41,-3.7,3.17,32.65,-15.03,-20.25
SUMICHEM,473.25,2026-06-16,-0.27,2.85,3.16,22.73,3.82,-4.18
PLADAINFO,11.45,2026-06-15,0.0,3.15,3.15,8.53,-32.65,-31.23
BSOFT,324.25,2026-06-16,0.11,0.02,3.13,-6.99,-23.9,-22.01
SAMPANN,27.91,2026-06-16,-1.17,3.45,3.1,-0.21,-12.75,-3.29
DENEERS,218.2,2026-06-15,0.09,7.38,3.09,54.81,43.08,-35.35
RECLTD,356.55,2026-06-16,1.34,3.83,3.09,8.29,8.64,-6.4
AUTOIETF,27.69,2026-06-16,-0.32,4.53,3.09,9.36,-2.36,15.76
MOMENTUM,31.45,2026-06-16,-0.22,4.9,3.08,8.75,-0.47,-2.06
MOMOMENTUM,62.87,2026-06-16,0.02,4.75,3.08,8.88,-0.73,-1.16
HUDCO,212.83,2026-06-16,1.57,4.27,3.05,24.53,2.18,-4.8
AMBIKCO,1626.7,2026-06-16,-0.57,0.4,3.05,26.84,28.12,6.87
YCCL,10.2,2026-06-15,-6.85,3.03,3.03,4.08,-9.73,-26.09
AVAILFC,157.73,2026-06-03,0.88,0.44,3.02,,,
MIDQ50ADD,248.73,2026-06-16,0.98,3.6,3.01,12.47,1.46,-1.78
PRIMESECU,283.9,2026-06-16,-0.73,-2.44,3.01,5.93,2.53,9.4
WAAREERTL,970.55,2026-06-16,0.6,2.45,2.99,19.56,2.63,-2.35
SUDARCOLOR,356.3,2026-06-16,-0.92,-0.93,2.99,12.11,-22.15,-39.25
MOMIDMTM,64.82,2026-06-16,0.05,4.38,2.99,12.69,3.66,
TECH,31.15,2026-06-16,1.1,-0.35,2.98,-0.67,-24.04,-25.03
CSBBANK,369.35,2026-06-16,-0.93,4.34,2.98,3.42,-5.57,-3.95
TRIDENT,24.92,2026-06-16,1.26,3.7,2.98,12.6,-5.82,-16.38
MOLDTECH,128.33,2026-06-16,1.66,11.1,2.96,3.94,-21.8,-19.31
ALLCARGO,9.06,2026-06-16,-1.31,5.23,2.95,21.29,-18.45,-75.03
JUBLCPL,1878.8,2026-06-16,0.51,3.41,2.94,15.55,-16.96,11.18
SUTLEJTEX,38.24,2026-06-16,1.73,5.49,2.93,30.25,17.01,-10.09
TIMKEN,3634.3,2026-06-16,3.23,1.66,2.92,5.41,17.81,12.96
HDFCNIFIT,30.41,2026-06-16,1.37,-0.49,2.91,-1.2,-24.37,-25.32
SAHLIBHFI,75.7,2026-06-16,0.65,1.53,2.91,,,
CANHLIFE,139.36,2026-06-16,-0.39,-0.49,2.9,-4.29,12.02,
IKS,1641.5,2026-06-16,-2.01,-1.04,2.9,23.37,-2.29,-5.12
ANUHPHR,80.87,2026-06-16,3.87,7.07,2.9,7.01,2.95,-23.02
DCW,48.27,2026-06-16,-0.31,4.93,2.9,19.3,-19.57,-38.56
JINDALPOLY,719.65,2026-06-16,-2.67,12.8,2.9,-22.16,46.82,17.06
SHREERAMA,43.15,2026-06-16,2.25,1.39,2.89,-5.77,-29.92,-5.74
COMPUSOFT,13.89,2026-06-16,1.46,2.28,2.89,1.54,-14.73,-35.96
SBIMIDMOM,63.93,2026-06-16,0.17,4.31,2.88,12.04,,
LOTUSDEV,142.9,2026-06-16,-0.04,6.49,2.88,20.93,-8.59,
JBCHEPHARM,2192.8,2026-06-16,-1.13,0.92,2.88,5.35,24.21,28.25
TTKPRESTIG,541.15,2026-06-16,1.25,4.37,2.87,9.99,-14.13,-11.25
INFRA,12.19,2026-06-16,2.27,3.13,2.87,14.25,,
ELPROINTL,169.55,2026-06-16,0.27,1.67,2.86,,,
LICI,411.0,2026-06-16,1.31,3.92,2.86,5.74,-3.8,-12.27
INTERNET,12.32,2026-06-16,0.33,5.03,2.85,12.18,-11.9,
TNIDETF,81.43,2026-06-16,1.0,2.07,2.85,6.04,-16.97,-12.93
FINPIPE,170.69,2026-06-16,-1.34,1.06,2.84,-5.3,2.12,-22.01
IT,31.6,2026-06-16,1.41,-0.54,2.83,-1.4,-24.07,-25.4
TOP15IETF,9.87,2026-06-16,0.92,5.11,2.81,2.49,-10.35,
MOSERVICE,30.53,2026-06-16,0.33,3.81,2.79,1.39,-9.06,
UJJIVANSFB,57.39,2026-06-16,0.77,9.67,2.79,13.78,6.42,18.65
RADIOCITY,6.32,2026-06-16,3.27,4.12,2.76,15.33,-5.53,-30.85
ARIHANT,882.55,2026-06-16,1.03,7.28,2.76,2125.85,2125.85,2125.85
PGINVIT,93.86,2026-06-15,0.52,1.15,2.73,7.1,6.69,22.82
FLEXIADD,9.83,2026-06-16,1.24,2.82,2.72,6.5,-7.87,
TOP10ADD,88.62,2026-06-16,0.69,4.7,2.7,2.51,-12.43,-10.09
MEGASTAR,315.3,2026-06-16,-3.16,4.65,2.7,26.87,28.12,31.57
MOM30IETF,31.55,2026-06-16,-0.03,5.03,2.7,8.72,-0.44,-1.13
VIKRAN,71.01,2026-06-16,1.81,2.91,2.69,18.11,-21.91,
GSEC10ABSL,111.6,2026-06-15,1.97,1.67,2.67,0.68,1.57,1.85
ELGIRUBCO,49.55,2026-06-16,-3.15,10.41,2.67,33.02,-0.14,-11.52
SANOFI,3303.7,2026-06-16,1.94,4.45,2.67,-2.6,-19.69,-44.47
MERCANTILE,25.54,2026-06-16,0.87,-3.22,2.65,,,
ENDURANCE,2615.7,2026-06-16,-0.02,4.07,2.64,9.38,0.2,6.79
OLECTRA,1270.4,2026-06-16,-0.36,2.45,2.64,41.56,6.1,7.54
GSMFOILS,204.8,2026-06-15,0.79,1.31,2.63,4.12,-1.51,35.18
WEBELSOLAR,106.13,2026-06-16,0.93,0.79,2.6,99.16,23.82,-16.73
GPPL,154.94,2026-06-16,-0.56,1.04,2.58,2.81,-19.28,2.47
EIMCOELECO,1617.2,2026-06-16,0.76,4.79,2.58,8.41,3.34,-34.13
MOMENTUM50,53.26,2026-06-16,-0.34,4.6,2.56,12.17,1.37,-1.35
SWARAJENG,3857.0,2026-06-16,0.81,3.33,2.56,10.25,4.37,-1.33
MANOMAY,182.15,2026-06-16,-1.9,6.93,2.55,-16.69,-13.88,8.37
MALUPAPER,32.69,2026-06-16,0.4,2.86,2.54,6.24,-7.68,-17.11
NAHARPOLY,245.75,2026-06-16,-1.15,0.59,2.52,3.53,-2.01,-33.48
MCCHRLS-B,690.0,2026-06-16,3.12,1.69,2.51,,,
ZFCVINDIA,14881.0,2026-06-16,-1.4,4.68,2.51,8.86,-0.99,11.84
MOALPHA50,53.05,2026-06-16,0.66,4.49,2.49,12.63,6.38,
BSLSENETFG,77.27,2026-06-16,-0.91,4.48,2.47,2.37,-9.03,-4.0
ALPHAETF,26.09,2026-06-16,-0.04,3.57,2.47,12.22,4.7,3.86
PREMIER,2.91,2026-06-16,-1.02,0.34,2.46,4.68,1.39,-22.19
ARVSMART,604.3,2026-06-16,1.62,4.32,2.45,12.1,-0.17,-12.44
DENTA,269.2,2026-06-16,5.01,10.44,2.45,13.85,-14.2,-6.63
ALPHA,50.86,2026-06-16,-0.68,3.99,2.44,13.43,6.16,1.64
LALPATHLAB,1642.0,2026-06-16,1.61,6.22,2.44,22.45,16.24,12.18
BAJAJHFL,85.9,2026-06-16,-0.8,4.08,2.44,5.65,-10.0,-29.48
ESSARSHPNG,24.37,2026-06-16,1.88,7.78,2.44,5.59,-14.01,-20.83
DEFENCE,76.31,2026-06-16,0.09,1.68,2.43,18.02,,
TCPLPACK,2720.4,2026-06-16,8.1,4.42,2.42,9.16,-10.23,-25.85
RUBFILA,72.48,2026-06-16,0.46,0.32,2.42,17.17,-1.52,-5.29
CANFINHOME,870.1,2026-06-16,0.66,5.76,2.42,3.53,-4.34,13.29
JKTYRE,387.15,2026-06-16,-1.11,5.87,2.41,-7.47,-17.36,6.11
BAGFILMS,5.09,2026-06-16,1.19,2.62,2.41,16.48,-21.09,-29.89
KALAMANDIR,105.52,2026-06-16,-0.06,1.53,2.39,9.63,-29.61,-21.81
GSEC5IETF,65.92,2026-06-16,0.27,1.17,2.38,2.2,3.49,5.35
GROWWMOM50,10.79,2026-06-16,-0.19,4.55,2.37,11.81,1.9,-0.98
TOP20,8.69,2026-06-16,2.12,4.45,2.36,2.36,,
AXSENSEX,79.31,2026-06-16,0.46,4.11,2.34,1.86,-9.25,-5.48
LOWVOL1,21.4,2026-06-16,4.34,6.63,2.34,7.0,-2.06,3.93
HCLTECH,1159.0,2026-06-16,3.55,0.67,2.33,-11.1,-27.97,-29.85
KALPATARU,338.65,2026-06-16,5.61,8.32,2.33,14.52,-3.13,
MULTICAP,16.34,2026-06-16,0.31,3.61,2.32,9.59,-0.12,1.11
HDFCBSE500,37.02,2026-06-16,0.79,4.25,2.32,7.15,-2.09,0.71
LTM,4006.7,2026-06-16,2.79,0.73,2.32,-3.49,-34.68,-25.2
CAPACITE,237.03,2026-06-16,5.8,9.9,2.3,31.48,-8.38,-28.42
SENSEXETF,78.99,2026-06-16,0.82,4.48,2.29,1.98,-9.06,-5.16
AONETOTAL,11.67,2026-06-16,0.52,3.46,2.28,7.46,-2.02,0.14
SMALLCAP,45.66,2026-06-16,0.31,3.49,2.28,16.9,4.58,-3.99
FSL,243.0,2026-06-16,-1.44,-3.57,2.27,11.61,-27.56,-35.9
HDFCBANK,784.9,2026-06-16,0.97,6.26,2.27,-6.63,-21.06,-17.79
RADICO,3578.7,2026-06-16,-0.37,2.69,2.27,26.57,12.92,36.97
MIDCAPIETF,23.49,2026-06-16,0.47,3.53,2.26,12.77,3.85,5.72
SNOWMAN,39.12,2026-06-16,1.58,7.15,2.25,14.09,-2.63,-36.09
SHANTIGEAR,451.9,2026-06-16,1.02,2.63,2.24,0.77,-3.77,-15.0
ABSLMSCIN,29.16,2026-06-16,2.28,2.97,2.24,5.01,,
GROWWMC150,227.25,2026-06-16,0.63,3.23,2.24,12.16,3.43,
GUJTHEM,378.6,2026-06-16,-1.69,-5.81,2.24,36.63,-3.16,9.45
KIMS,778.65,2026-06-16,1.14,-2.81,2.23,20.52,18.65,14.58
DOMS,2314.0,2026-06-16,1.94,10.91,2.23,8.15,-9.21,-2.36
GINNIFILA,44.53,2026-06-16,2.13,8.4,2.23,25.97,15.72,0.41
MOM100,66.74,2026-06-16,0.42,3.25,2.22,13.25,3.81,5.72
SILGO,75.42,2026-06-16,0.36,0.01,2.2,5.03,1.0,44.76
CRIZAC,214.72,2026-06-16,-1.11,1.88,2.2,9.42,-23.03,
CASTROLIND,185.41,2026-06-16,-0.07,1.28,2.19,2.37,4.43,-8.8
CLEAN,783.25,2026-06-16,-1.05,1.88,2.17,11.74,-12.73,-46.26
AGROPHOS,31.13,2026-06-16,1.04,1.67,2.17,-0.57,-18.17,-14.65
COHANCE,432.4,2026-06-16,1.26,1.91,2.17,47.35,-19.67,-56.48
MIDSMALL,51.24,2026-06-16,0.49,3.75,2.17,15.72,7.26,1.61
MONIFTY500,23.52,2026-06-16,0.56,3.7,2.17,7.1,-2.16,-0.34
MIDCAP,17.96,2026-06-16,0.39,3.16,2.16,13.53,-88.74,-88.74
UMIYA-MRO,85.82,2026-06-16,-1.33,-2.7,2.15,13.29,0.5,23.64
ESENSEX,76.8,2026-06-16,0.3,3.88,2.15,1.56,-9.53,
MID150,22.99,2026-06-16,0.39,2.86,2.13,12.48,3.37,5.17
JETFREIGHT,21.63,2026-06-16,0.23,-4.55,2.12,20.23,20.5,48.97
SBFC,93.34,2026-06-16,0.56,2.26,2.12,2.08,-11.11,-14.02
EMBASSY,429.97,2026-06-15,0.91,-1.72,2.11,2.91,0.62,15.58
MID150BEES,234.49,2026-06-16,0.34,3.37,2.11,12.52,3.47,5.44
SBINMID150,22.76,2026-06-16,1.29,3.5,2.11,,,
SUPERSPIN,5.32,2026-06-16,2.11,11.3,2.11,25.77,-33.67,-47.33
ALPEXSOLAR,990.1,2026-06-15,1.84,-1.89,2.11,38.13,14.93,0.85
SENSEXIETF,879.2,2026-06-16,0.88,4.29,2.1,2.21,-9.13,-5.11
ITCHOTELS,157.71,2026-06-16,-0.82,4.89,2.1,2.59,-16.69,-25.98
INDIGRID,171.45,2026-06-15,-0.08,0.28,2.09,6.38,6.97,22.75
AVONMORE,11.25,2026-06-16,0.45,14.91,2.09,-6.02,-29.56,-37.5
SENSEXADD,78.74,2026-06-16,0.4,3.97,2.09,1.84,-9.29,-5.14
BSE500IETF,38.82,2026-06-16,0.49,3.66,2.08,7.36,-2.78,-0.05
SECMARK,128.29,2026-06-16,4.11,1.02,2.08,16.28,4.62,-16.47
LICNETFSEN,861.4,2026-06-16,0.8,4.16,2.07,2.72,-9.65,-4.68
GILT5YBEES,65.47,2026-06-16,0.03,0.48,2.06,1.8,3.3,5.05
TSFINV,399.75,2026-06-16,-1.21,1.77,2.06,12.88,-10.97,-12.35
SADHNANIQ,2.49,2026-06-16,4.62,5.96,2.05,40.68,-66.17,-83.37
VHLTD,135.6,2026-06-16,-2.08,-1.18,2.05,-3.05,4.02,35.64
TARMAT,51.99,2026-06-16,-0.15,0.0,2.04,2.54,-0.76,-5.49
BLBLIMITED,16.05,2026-06-16,0.5,-3.02,2.03,-4.41,7.07,5.31
SRF,2744.0,2026-06-16,0.86,2.6,2.03,12.05,-8.84,-11.15
BAHETI,612.3,2026-06-15,0.06,2.05,2.03,14.59,-1.61,6.31
MOVALUE,117.66,2026-06-16,-0.03,1.71,2.01,4.89,5.06,14.72
STEELCAS,288.8,2026-06-16,-0.19,1.32,2.01,33.33,38.53,34.79
SHREMINVIT,102.0,2026-06-15,0.0,0.99,2.0,6.88,10.49,13.35
WILLAMAGOR,27.56,2026-06-16,1.73,5.59,2.0,3.41,-8.92,-21.17
MANINDS,571.3,2026-06-16,-0.31,12.91,1.99,44.1,34.42,48.31
METROGLOBL,131.58,2026-06-16,-0.43,4.57,1.99,,,
ACCENTMIC,450.0,2026-06-15,-5.4,-1.89,1.98,30.25,31.21,96.97
SHEKHAWATI,14.44,2026-06-16,-1.63,1.4,1.98,20.53,-26.33,-38.74
ZENITHEXPO,206.59,2026-06-16,-2.41,-3.46,1.98,12.87,-12.03,-18.98
KCP,165.65,2026-06-16,-0.89,5.69,1.98,17.96,-9.53,-19.31
MOGSEC,64.74,2026-06-16,0.47,1.01,1.97,1.76,3.17,4.6
NAGREEKEXP,26.85,2026-06-16,0.49,0.49,1.97,18.44,-0.67,-6.58
BLKASHYAP,54.36,2026-06-16,0.28,2.66,1.97,13.7,2.24,-21.63
HDFCSENSEX,86.69,2026-06-16,0.76,4.13,1.96,1.46,-9.18,-5.43
VIVIDHA,0.52,2026-06-16,0.0,-5.45,1.96,-10.34,-25.71,-38.82
PRAXIS,7.85,2026-06-16,4.95,10.41,1.95,27.44,-17.37,-37.4
LICNMID100,62.12,2026-06-16,0.66,2.75,1.94,12.78,3.55,5.22
BGLOBAL,3.16,2026-06-15,-4.82,-3.07,1.94,11.27,-14.13,0.64
NIFTY1,265.46,2026-06-16,0.78,3.74,1.94,2.92,-6.97,-2.3
ADANIPORTS,1822.0,2026-06-16,0.95,1.37,1.93,33.17,22.06,30.64
ITADD,30.2,2026-06-16,1.62,0.07,1.92,-0.33,-24.04,-25.12
HDFCMID150,22.94,2026-06-16,0.22,3.38,1.91,12.84,3.38,5.57
EQUAL200,13.54,2026-06-16,0.45,3.36,1.9,9.58,2.05,4.04
MIDCAPETF,23.16,2026-06-16,0.26,3.53,1.89,12.87,3.58,5.61
IVZINNIFTY,2736.62,2026-06-16,0.43,3.77,1.89,2.49,-7.49,-1.63
ORTEL,1.62,2026-06-16,3.85,-7.43,1.89,0.62,-4.71,-25.0
MIDCAPBETA,228.54,2026-06-16,0.16,3.93,1.88,12.08,3.14,
APTUS,269.4,2026-06-16,-1.21,5.23,1.87,22.38,-6.04,-14.86
CIEINDIA,469.35,2026-06-16,0.98,7.18,1.87,6.05,20.73,5.68
SGIL,572.4,2026-06-16,1.63,3.44,1.87,13.76,8.76,5.24
ESG,41.0,2026-06-16,0.59,3.67,1.86,3.93,-6.92,-3.12
LICNETFGSC,29.09,2026-06-16,-0.07,0.8,1.86,0.59,1.36,2.72
LLOYDSME,1765.0,2026-06-16,-0.16,3.21,1.85,53.94,34.86,16.31
BBETF0432,1331.76,2026-06-16,0.07,0.9,1.84,1.16,1.76,3.9
ABREL,1315.7,2026-06-16,6.1,8.23,1.84,20.17,-22.62,-47.37
LICNETFN50,267.49,2026-06-16,0.3,3.29,1.84,2.46,-6.81,-2.64
TIRUPATI,498.5,2026-06-15,0.1,2.78,1.84,-3.86,-29.99,3.82
ICICIAMC,3245.4,2026-06-16,-0.73,0.76,1.83,12.97,,
ASHIKA,391.9,2026-06-16,0.37,4.04,1.83,,,
SENSEXBETA,843.79,2026-06-16,0.87,3.98,1.81,1.41,-9.56,
EXXARO,6.78,2026-06-16,-1.6,3.83,1.8,2.57,-15.36,-31.45
MOMNC,32.21,2026-06-16,-0.31,3.34,1.8,11.3,6.69,
QNIFTY,263.15,2026-06-16,0.51,3.77,1.79,2.74,-90.71,-90.31
NIF100IETF,27.84,2026-06-16,0.32,3.53,1.79,3.84,-5.24,17.16
LTGILTBEES,29.55,2026-06-16,-0.24,0.58,1.79,0.54,1.48,2.43
GROWWNIFTY,9.67,2026-06-16,1.79,3.76,1.79,2.76,,
HALDER,233.99,2026-06-16,-2.57,-2.06,1.78,-8.42,,
TIJARIA,4.58,2026-06-16,2.69,1.1,1.78,-6.72,-18.94,-33.14
INDBANK,33.81,2026-06-16,0.15,2.15,1.78,10.31,-1.6,-3.04
EMCURE,1735.0,2026-06-16,1.72,0.9,1.77,18.97,25.6,30.35
HISARMETAL,156.62,2026-06-16,-2.01,5.65,1.77,6.86,-4.51,-18.64
NETF,260.2,2026-06-16,0.61,3.75,1.76,3.06,-7.14,-3.05
PROSTARM,142.74,2026-06-16,-0.27,1.03,1.76,15.07,-19.61,27.07
ARE&M,838.4,2026-06-16,0.16,1.67,1.75,9.02,-9.03,-15.53
NIFTY100EW,34.48,2026-06-16,0.47,1.11,1.74,8.7,2.65,2.5
ROHLTD,331.05,2026-06-16,0.35,6.14,1.74,2.7,-12.96,-14.58
WEIZMANIND,86.39,2026-06-16,4.85,6.39,1.73,9.0,-13.16,-29.94
RAMANEWS,29.62,2026-06-16,-0.64,-0.4,1.72,-15.92,-4.48,-17.26
MID150CASE,11.35,2026-06-16,0.09,3.09,1.7,12.27,3.46,5.58
NIFTYCASE,9.57,2026-06-16,0.53,3.68,1.7,2.79,-7.0,
NIFTYETF,259.46,2026-06-16,0.41,3.54,1.7,2.61,-7.15,-2.85
PNGSREVA,381.15,2026-06-16,0.09,-1.32,1.69,4.3,,
LAL,7.2,2026-06-16,0.42,-2.7,1.69,19.4,-23.08,-44.57
KSB,865.45,2026-06-16,1.19,7.56,1.69,15.56,17.67,6.48
IDFNIFTYET,263.47,2026-06-16,0.3,3.4,1.69,2.69,-19.01,-2.61
WELINV,1778.1,2026-06-16,-0.11,-1.22,1.67,35.89,20.57,65.41
ONDOOR,182.8,2026-06-15,12.25,10.82,1.67,22.68,53.29,11.12
MNC,33.16,2026-06-16,-0.15,3.59,1.66,10.46,7.04,14.62
SWIGGY,259.65,2026-06-16,0.95,7.65,1.66,-8.77,-34.47,-28.06
RKFORGE,583.5,2026-06-16,-0.93,9.15,1.66,5.47,13.49,-9.86
VINEETLAB,34.84,2026-06-16,2.47,4.34,1.66,16.76,-2.9,18.1
ZYDUSWELL,510.5,2026-06-16,2.23,-2.48,1.66,19.92,20.09,33.8
SETF10GILT,261.65,2026-06-16,0.41,1.12,1.65,0.79,1.33,1.29
SUPREMEIND,3566.7,2026-06-16,0.47,2.17,1.65,-9.19,4.72,-21.08
GRANULES,748.35,2026-06-16,-0.02,-2.35,1.65,31.98,30.36,45.57
PDMJEPAPER,81.7,2026-06-16,-0.99,0.89,1.65,12.53,-16.87,-26.78
IRBINVIT,60.39,2026-06-15,-0.45,-0.13,1.65,3.35,3.74,12.27
TOP100CASE,10.45,2026-06-16,0.29,3.47,1.65,3.98,-5.17,-1.32
KRISHANA,680.6,2026-06-16,0.6,2.97,1.64,43.48,26.38,32.98
MOIPO,43.88,2026-06-16,-0.05,3.27,1.64,11.0,-4.61,
NIFTYBEES,271.67,2026-06-16,0.38,3.47,1.63,2.45,-7.17,-2.87
TATAELXSI,4119.0,2026-06-16,1.25,-1.47,1.63,-0.22,-16.11,-34.25
NIF100BEES,264.33,2026-06-16,0.72,3.77,1.62,3.89,-0.44,-0.44
GSEC10YEAR,30.07,2026-06-16,0.2,0.64,1.62,0.57,1.45,3.05
RTNPOWER,9.43,2026-06-16,-0.84,-0.32,1.62,17.58,-0.32,-32.5
RBA,68.83,2026-06-16,-0.35,0.2,1.61,12.61,7.58,-11.61
TNPETRO,91.03,2026-06-16,1.09,6.77,1.61,11.45,-13.96,0.07
SOLARA,589.15,2026-06-16,-2.0,12.24,1.6,37.49,0.54,15.83
MAWANASUG,109.22,2026-06-16,0.34,2.6,1.6,43.56,31.24,6.31
TORNTPHARM,4466.7,2026-06-16,-0.83,1.28,1.59,4.9,19.69,37.82
AZAD,2131.3,2026-06-16,0.44,-2.05,1.58,42.58,33.46,28.09
RADHIKAJWE,57.49,2026-06-16,-2.04,2.61,1.57,1.27,-22.03,-35.41
SEIL,208.27,2026-06-16,0.85,16.55,1.57,,,
NIFTYADD,251.31,2026-06-16,0.48,3.37,1.57,2.37,-7.14,-2.83
SALASAR,7.17,2026-06-16,-1.1,5.29,1.56,4.06,-20.51,-12.88
HDFCNIFTY,268.77,2026-06-16,0.37,3.44,1.56,2.33,-7.16,-2.89
INDOFARM,132.1,2026-06-16,-0.86,2.51,1.56,6.39,-30.67,-24.7
EBBETF0431,1421.37,2026-06-16,-0.12,1.01,1.55,1.82,1.89,4.36
AONENIFTY,9.84,2026-06-16,0.31,3.58,1.55,2.93,-7.17,-3.12
LTGILTCASE,30.08,2026-06-16,-0.03,0.5,1.55,0.3,1.35,
HARRMALAYA,212.39,2026-06-16,2.48,7.53,1.55,26.32,29.72,-0.45
MAKS,26.4,2026-06-15,1.54,1.54,1.54,-5.04,-19.51,-8.01
HDFCVALUE,128.3,2026-06-16,0.41,2.23,1.54,0.91,-7.09,-5.08
ADVANIHOTR,52.57,2026-06-16,-0.32,0.59,1.54,4.84,-5.36,-11.67
YATHARTH,828.15,2026-06-16,-0.15,1.36,1.54,27.48,19.1,55.14
SGFIN,587.6,2026-06-16,-2.1,3.15,1.54,55.45,50.13,
ELLEN,279.6,2026-06-16,0.09,6.86,1.53,54.9,-20.93,
GLOSTERLTD,683.5,2026-06-16,0.39,3.98,1.53,31.75,5.28,2.12
NIFTYIETF,270.34,2026-06-16,0.43,3.5,1.52,2.49,-7.16,-2.85
AXISNIFTY,263.92,2026-06-16,0.38,3.45,1.52,2.43,-7.12,-3.22
BAJAJHLDNG,10464.0,2026-06-16,1.73,6.04,1.51,8.65,-5.46,-24.62
LICNFNHGP,272.83,2026-06-16,-0.06,3.16,1.51,3.84,-5.19,-2.27
NIFTYBETA,264.54,2026-06-16,0.5,3.57,1.49,2.59,-7.09,
BSLNIFTY,27.95,2026-06-16,0.47,3.44,1.49,2.57,-7.14,-2.92
VISAKAIND,76.92,2026-06-16,1.91,7.55,1.48,35.42,16.85,-7.1
EBBETF0433,1291.96,2026-06-16,-0.14,0.86,1.48,1.26,1.88,3.77
JAGSNPHARM,209.26,2026-06-16,-1.8,5.36,1.48,13.9,5.7,-8.52
NIFTYBETF,245.35,2026-06-16,0.27,3.49,1.48,2.66,-7.18,-3.2
CHEMICAL,29.66,2026-06-16,0.58,3.82,1.47,13.81,4.03,
TAINWALCHM,204.64,2026-06-16,3.27,5.96,1.47,10.86,-4.22,-4.13
MOM50,249.88,2026-06-16,0.57,3.5,1.46,2.51,-7.11,-2.92
MOHITIND,23.0,2026-06-16,1.32,4.64,1.46,2.59,-18.09,-25.57
INTENTECH,103.25,2026-06-16,-1.65,13.89,1.44,19.79,-11.75,12.75
ENIFTY,24.06,2026-06-16,0.38,3.8,1.43,2.51,-7.14,
KAMAHOLD,2672.6,2026-06-16,1.94,4.48,1.43,,,
NV20BEES,142.47,2026-06-16,0.3,2.09,1.42,0.37,-7.32,49.62
EBBETF0430,1593.77,2026-06-16,0.04,0.49,1.42,2.03,2.03,4.88
ORISSAMINE,4142.4,2026-06-16,3.11,4.56,1.42,18.04,-13.06,-17.41
SETFNIF50,256.73,2026-06-16,0.39,3.44,1.42,2.5,-7.17,-2.87
VIRINCHI,17.22,2026-06-16,9.96,12.77,1.41,3.24,-25.29,-23.13
BALKRISHNA,18.66,2026-06-16,1.97,2.19,1.41,20.78,-7.03,-11.23
WAAREEENER,3064.6,2026-06-16,0.45,2.02,1.41,9.81,4.99,6.19
UTKARSHBNK,13.68,2026-06-16,1.56,10.77,1.41,14.57,-8.62,-42.55
RADIANTCMS,40.53,2026-06-16,0.77,6.38,1.4,14.33,-22.9,-34.3
EMULTIMQ,42.8,2026-06-16,0.85,3.81,1.4,12.72,2.98,-0.51
PSB,24.0,2026-06-16,-0.04,3.49,1.39,3.9,-11.5,-23.04
NV20IETF,13.88,2026-06-16,0.14,2.13,1.39,1.09,-7.4,-5.26
INFRAIETF,97.08,2026-06-16,0.54,3.74,1.39,7.5,-0.65,4.66
SYSTMTXC,67.64,2026-06-16,0.22,3.24,1.38,7.19,-57.92,
NEXT50ADD,72.17,2026-06-16,2.79,4.17,1.38,11.46,,
VENTIVE,662.2,2026-06-16,1.32,5.58,1.38,2.43,-7.37,-7.03
GROWWCHEM,29.67,2026-06-16,1.02,3.78,1.37,13.29,,
CADSYS,70.45,2026-06-15,0.0,0.0,1.37,48.94,74.38,-4.41
ELM250,16.31,2026-06-16,-0.24,2.64,1.37,7.09,-1.57,
SIEMENS,3636.9,2026-06-16,0.97,0.36,1.37,15.47,15.04,11.17
ROSSARI,513.5,2026-06-16,0.39,0.32,1.35,18.33,-10.63,-24.82
ALPL30IETF,27.03,2026-06-16,0.6,3.72,1.35,4.24,-2.77,-2.03
INDOTECH,2634.9,2026-06-16,-1.55,1.86,1.35,111.27,64.28,25.77
ADVENZYMES,368.55,2026-06-16,0.33,-0.93,1.32,33.8,20.36,9.78
JLHL,1342.9,2026-06-16,1.27,0.73,1.31,5.65,-4.5,-11.36
DIGISPICE,20.26,2026-06-16,-0.2,0.1,1.3,17.31,-17.54,-18.67
MAKEINDIA,161.4,2026-06-16,-0.46,2.57,1.29,9.15,4.96,11.62
VSSL,283.9,2026-06-16,-0.26,4.28,1.28,22.08,-1.27,12.98
MICROPRO,19.85,2026-06-15,1.28,0.0,1.28,9.67,3.12,-7.67
VAISHALI,7.16,2026-06-16,-0.14,-1.92,1.27,19.53,-10.95,-44.8
HDFCNIF100,25.71,2026-06-16,-0.16,3.88,1.26,3.71,-5.41,-2.24
BECTORFOOD,184.13,2026-06-16,0.09,8.95,1.26,2.1,-28.3,-33.34
SAPPHIRE,181.67,2026-06-16,4.74,2.47,1.25,11.41,-20.88,-42.81
MONIFTY100,25.04,2026-06-16,0.56,3.43,1.25,4.03,-5.55,
GROWWHOSPI,51.76,2026-06-16,-0.4,0.04,1.25,14.46,,
MSCIINDIA,29.44,2026-06-16,-0.17,2.97,1.24,4.66,-4.07,-0.47
FIVESTAR,464.45,2026-06-16,-0.5,10.29,1.23,29.68,-21.49,-38.57
HEADSUP,7.54,2026-06-16,8.33,6.8,1.21,10.4,-14.8,-24.6
MIDCAPADD,22.65,2026-06-16,1.94,2.91,1.21,11.96,3.14,
METROPOLIS,534.15,2026-06-16,1.57,0.85,1.2,16.39,11.97,25.28
NEWGEN,477.95,2026-06-16,1.58,-0.07,1.2,5.93,-43.4,-61.07
CENTEXT,20.23,2026-06-16,-0.88,5.31,1.2,9.83,-5.16,-1.17
POLYMED,1516.8,2026-06-16,0.39,9.69,1.19,20.8,-18.1,-30.8
SPLPETRO,703.5,2026-06-16,0.39,5.31,1.16,6.04,9.29,-6.29
BENGALASM,6430.0,2026-06-16,-0.64,-5.98,1.16,,,
NH,1862.4,2026-06-16,-0.53,-3.07,1.16,13.55,-1.61,-3.48
AXISBPSETF,13.33,2026-04-29,0.0,0.23,1.14,1.76,2.54,5.88
MODEFENCE,100.09,2026-06-16,-0.08,1.74,1.14,15.8,22.28,3.28
UMAEXPORTS,25.0,2026-06-16,4.6,9.99,1.13,11.51,-35.53,-58.12
FELDVR,2.69,2026-06-16,-1.1,3.46,1.13,-4.95,-14.33,-27.3
GOACARBON,405.0,2026-06-16,3.7,4.94,1.12,33.42,-2.66,-16.98
SURANASOL,26.75,2026-06-16,-1.62,-0.52,1.1,25.65,-1.94,-25.3
AONETMMQ50,10.24,2026-06-16,0.0,2.61,1.09,12.04,6.22,
MOMGF,158.68,2026-06-16,0.33,2.63,1.07,8.94,5.0,11.44
SARVESHWAR,3.78,2026-06-16,5.0,3.28,1.07,18.12,-10.64,-47.93
ANIKINDS,44.54,2026-06-16,1.18,4.31,1.07,9.62,-16.54,-57.67
KRIDHANINF,2.9,2026-06-16,-1.36,-3.33,1.05,16.0,-33.03,-39.46
LICHSGFIN,552.8,2026-06-16,-0.19,2.18,1.05,10.23,5.14,-7.1
CAMS,792.2,2026-06-16,1.91,7.03,1.05,23.88,5.62,-2.26
ZOTA,1220.4,2026-06-16,-2.11,1.35,1.04,11.66,-26.24,27.24
AERONEU,88.99,2026-06-16,1.0,2.24,1.03,35.68,10.64,-16.55
VINATIORGA,1336.4,2026-06-16,-1.31,3.75,1.03,-4.06,-14.97,-28.53
PROV,1505.0,2026-06-15,3.79,-5.94,1.01,25.94,19.44,52.02
VLEGOV,13.97,2026-06-16,0.36,1.67,1.01,15.93,-33.03,-74.8
GODREJAGRO,575.5,2026-06-16,0.81,1.45,1.01,0.14,-0.67,-24.68
SHRADHA,35.12,2026-06-16,3.72,2.36,1.01,5.09,-9.9,-52.12
LOWVOL,202.41,2026-06-16,1.67,3.27,1.0,3.51,-5.88,0.34
VEEDOL,1447.3,2026-06-16,0.69,0.28,1.0,10.77,-11.16,-9.55
NATIONSTD,1201.1,2026-06-16,0.14,0.09,0.98,,,
CONSUMBEES,127.48,2026-06-16,0.53,3.39,0.98,7.21,-6.03,0.26
AARTIDRUGS,371.3,2026-06-16,-1.09,1.43,0.97,9.5,-3.7,-19.23
RADAAN,3.12,2026-06-16,0.97,2.3,0.97,15.13,-19.17,-32.76
ASIANHOTNR,302.0,2026-06-16,0.83,1.7,0.97,1.63,-5.71,-9.96
LAHOTIOV,44.14,2026-06-16,-1.67,3.28,0.96,,,
LXCHEM,153.95,2026-06-16,-0.61,1.72,0.96,31.94,-10.52,-22.15
AMJLAND,38.81,2026-06-16,2.51,8.38,0.96,6.97,-23.84,-41.42
JINDRILL,587.5,2026-06-16,-2.42,-4.03,0.95,23.89,14.32,-12.64
ERIS,1376.5,2026-06-16,-0.57,0.84,0.95,5.65,-11.11,-25.1
DCBBANK,183.73,2026-06-16,-0.48,7.14,0.94,9.69,10.79,30.79
ARKADE,115.29,2026-06-16,0.4,3.21,0.92,11.55,-13.29,-42.32
CONSOFINVT,225.07,2026-06-16,0.03,-2.75,0.92,-0.11,29.81,12.87
GODAVARIB,301.3,2026-06-16,5.94,9.01,0.92,3.01,11.51,9.84
VIKRAMSOLR,209.2,2026-06-16,-1.71,0.01,0.92,14.63,-11.36,
MAHICKRA,242.05,2026-06-15,-1.2,0.92,0.92,17.35,67.9,98.36
FINIETF,32.2,2026-06-16,0.81,6.31,0.91,7.69,1.23,5.54
BNAGROCHEM,292.2,2026-06-16,4.1,5.7,0.9,,,
INFRABEES,971.39,2026-06-16,0.56,3.34,0.89,7.62,-0.81,3.87
HONDAPOWER,2194.0,2026-06-16,-0.09,0.09,0.88,7.22,-5.75,-19.14
HPAL,37.13,2026-06-16,-0.38,4.5,0.87,19.74,-12.8,-25.37
REPL,73.2,2026-06-16,0.91,9.6,0.87,10.64,-39.39,-59.92
CONS,11.78,2026-06-16,0.26,4.34,0.86,7.29,-90.58,-90.04
INGERRAND,4436.2,2026-06-16,2.55,13.36,0.85,21.62,25.76,18.15
ASTRAL,1564.0,2026-06-16,1.24,3.49,0.85,-3.44,6.91,1.01
DCMNVL,155.34,2026-06-16,-1.36,-2.91,0.84,40.16,22.83,-12.62
TVSELECT,460.55,2026-06-16,1.49,0.98,0.83,22.75,-7.82,3.08
AKI,4.93,2026-06-16,0.2,2.07,0.82,1.86,-31.24,-35.47
PODDARMENT,260.15,2026-06-16,1.36,5.32,0.81,19.95,-2.98,-16.4
IMAGICAA,43.57,2026-06-16,-0.39,1.59,0.81,10.22,-12.76,-37.26
CYBERMEDIA,17.35,2026-06-16,2.06,5.79,0.81,30.26,5.22,-2.64
HDFCGROWTH,113.73,2026-06-16,0.52,2.3,0.81,2.01,-11.47,-3.99
NEULANDLAB,16722.0,2026-06-16,-1.96,-1.43,0.8,36.73,3.72,30.42
3PLAND,32.19,2026-06-16,1.64,-1.74,0.78,9.08,-14.09,-40.47
FOODSIN,56.5,2026-06-16,0.87,2.78,0.78,5.61,-19.56,-43.16
LUMAXIND,5322.0,2026-06-16,-0.73,1.07,0.78,8.57,-3.1,65.41
PURVA,214.74,2026-06-16,0.47,5.56,0.76,19.95,-11.22,-27.53
NSIL,5610.5,2026-06-16,-0.43,2.73,0.76,3.88,-15.33,-19.09
JITFINFRA,300.25,2026-06-16,0.07,1.45,0.76,-10.28,7.85,-22.12
BBTC,1534.2,2026-06-16,0.7,3.51,0.75,2.58,-16.95,-21.23
LOWVOLIETF,21.66,2026-06-16,0.42,2.85,0.74,3.44,-6.03,-0.23
JAYAGROGN,224.71,2026-06-16,2.64,2.23,0.72,33.48,10.97,-9.38
IOB,34.03,2026-06-16,0.56,4.04,0.71,5.65,-6.95,-9.23
EBBETF0425,1290.83,2025-04-08,0.02,0.23,0.7,1.9,3.85,7.57
GILT5BETA,65.87,2026-06-16,-0.15,2.12,0.69,2.17,3.7,5.06
VIDYAWIRES,98.2,2026-06-16,4.99,4.9,0.68,84.83,93.92,
FMNL,10.43,2026-06-16,-1.79,2.05,0.68,30.38,16.41,-35.78
CLEANMAX,1298.8,2026-06-16,1.94,6.27,0.68,51.09,,
CONSUMIETF,118.5,2026-06-16,0.68,3.69,0.66,7.1,-6.01,0.36
FMGOETZE,439.05,2026-06-16,-0.32,4.25,0.66,16.82,-3.07,-11.02
GROWWDEFNC,90.92,2026-06-16,-0.59,1.07,0.66,15.47,21.97,2.66
GSEC10IETF,261.36,2026-06-16,0.63,0.46,0.65,0.03,0.71,1.71
IGPL,447.1,2026-06-16,2.48,1.88,0.64,33.98,11.52,-4.85
AAVAS,1393.5,2026-06-16,-0.83,10.66,0.64,23.53,-6.29,-25.66
V2RETAIL,229.7,2026-06-16,-0.85,-3.06,0.64,21.11,3.89,25.56
AKASH,26.85,2026-06-16,2.4,-0.96,0.64,11.09,2.95,-4.24
LLOYDSENT,70.94,2026-06-16,2.22,10.67,0.62,54.62,9.49,-2.24
SBIETFCON,118.02,2026-06-16,0.4,3.27,0.6,7.33,-6.06,0.35
JWL,276.8,2026-06-16,0.47,0.42,0.6,5.53,5.35,-29.26
BIKAJI,673.05,2026-06-16,2.05,2.97,0.6,7.97,-9.9,-9.01
THEINVEST,98.24,2026-06-16,-0.12,3.21,0.6,2.79,-15.67,-35.74
EQUAL50,326.56,2026-06-16,0.0,2.19,0.59,5.61,-0.88,4.18
FLEXITUFF,6.87,2026-06-16,-0.58,0.59,0.59,0.0,-55.19,-83.7
SUMMITSEC,1543.5,2026-06-16,0.56,3.11,0.59,2.61,-21.63,-27.31
SICAGEN,53.81,2026-06-16,-1.36,-0.06,0.58,120.99,120.99,120.99
FORTIS,969.1,2026-06-16,-1.13,-2.02,0.57,19.95,10.75,26.85
ADANIPOWER,222.6,2026-06-16,0.94,-1.44,0.57,44.49,53.17,97.71
ALICON,660.75,2026-06-16,0.27,4.18,0.57,-0.14,-21.67,-25.39
WIPL,153.65,2026-06-16,-0.12,3.82,0.56,4.3,-1.4,1.26
SUNDRMFAST,856.2,2026-06-16,0.56,4.59,0.55,6.45,-8.46,-11.78
TNTELE,9.19,2026-06-16,-1.18,-0.86,0.55,9.14,-11.12,-7.82
KMEW,1988.5,2026-06-16,0.8,5.55,0.54,29.22,7.27,145.96
SBGLP,26.01,2026-06-16,-2.4,3.92,0.54,-1.7,-27.63,-45.37
RAILTEL,321.8,2026-06-16,0.96,5.99,0.53,19.21,-2.63,-24.95
CANARYS,19.1,2026-06-15,-2.05,-5.21,0.53,-11.37,-37.38,-35.36
MANUFGBEES,158.71,2026-06-16,-0.72,2.14,0.52,9.15,4.81,
MFSL,1612.3,2026-06-16,-1.24,2.21,0.52,-2.0,-3.43,2.24
MINDSPACE,463.21,2026-06-15,0.71,0.13,0.5,3.51,0.62,15.92
HDFCAMC,2658.6,2026-06-16,1.36,8.38,0.49,14.77,5.15,9.32
PARKHOTELS,119.66,2026-06-16,1.38,5.6,0.48,11.74,-9.36,-29.24
APCL,115.34,2026-06-16,1.81,-1.6,0.47,1.34,-3.51,-15.2
M&M,3137.9,2026-06-16,0.11,5.8,0.47,3.35,-13.34,4.61
KAVDEFENCE,62.34,2026-06-16,0.34,4.28,0.47,8.0,-14.6,31.16
ANTELOPUS,755.05,2026-06-16,-5.0,-15.99,0.47,41.65,79.6,2.9
AXISCETF,117.56,2026-06-16,0.22,3.59,0.45,6.83,-6.15,-0.22
EUROBOND,182.82,2026-06-16,4.79,5.99,0.45,21.95,-0.94,11.48
GRETEX,262.0,2026-06-15,2.83,12.09,0.44,1.16,34.36,4.8
FINCABLES,1055.5,2026-06-16,1.09,3.52,0.44,24.91,35.39,11.46
GOYALALUM,6.94,2026-06-16,-1.56,-0.14,0.43,17.03,-0.57,-14.43
CEINSYS,951.1,2026-06-16,2.14,3.07,0.43,1.35,,
GROWWPOWER,12.09,2026-06-16,1.09,0.17,0.42,16.36,,
CCL,1121.0,2026-06-16,-1.09,-4.43,0.42,7.45,14.49,39.56
JISLDVREQS,23.76,2026-06-16,3.12,3.98,0.42,14.67,-11.38,-28.82
LIQUIDPLUS,1090.03,2026-06-16,0.01,0.11,0.41,1.24,2.44,5.11
ASTRAZEN,8503.0,2026-06-16,0.94,1.91,0.41,1.52,-5.7,-16.89
HDFCLIQUID,1065.14,2026-06-16,0.01,0.11,0.41,1.24,2.39,6.27
ELIQUID,1035.24,2026-06-16,0.02,0.11,0.41,1.25,2.45,
LIQUID1,1109.11,2026-06-16,0.02,0.11,0.41,1.25,2.46,5.12
ATMASTCO,186.05,2026-06-15,9.76,10.02,0.4,41.27,24.53,-7.92
EQUAL50ADD,337.39,2026-06-16,0.18,2.37,0.4,5.56,-0.8,4.39
SBILIQETF,1043.28,2026-06-16,0.01,0.11,0.4,1.23,2.43,
LIQUIDCASE,114.55,2026-06-16,0.02,0.11,0.4,1.24,2.41,5.04
LIQUIDADD,1131.27,2026-06-16,0.01,0.11,0.4,1.23,2.41,5.01
AONELIQUID,1063.99,2026-06-16,0.01,0.11,0.4,1.25,2.44,5.07
3IINFOLTD,17.65,2026-06-16,-0.62,7.03,0.4,37.25,9.7,-31.27
NAZARA,301.15,2026-06-16,3.51,12.35,0.4,29.47,22.72,-9.57
TIMETECHNO,178.84,2026-06-16,0.85,6.45,0.4,11.6,-3.58,-17.82
CASHIETF,1066.63,2026-06-16,0.01,0.11,0.4,1.24,2.44,5.08
LOVABLE,72.59,2026-06-16,2.14,1.9,0.39,9.19,-11.95,-27.05
REPCOHOME,390.65,2026-06-16,-0.24,9.0,0.39,9.21,-0.11,-5.39
LIQUIDBETF,1086.06,2026-06-16,0.01,0.1,0.39,1.22,2.37,4.93
LIQGRWBEES,1043.66,2026-06-16,0.01,0.1,0.39,1.18,2.31,
GROWWLIQID,109.49,2026-06-16,0.01,0.1,0.38,1.16,2.29,4.82
LIQUIDSHRI,1108.84,2026-06-16,0.01,0.1,0.38,1.18,2.32,4.86
KIRIINDUS,391.85,2026-06-16,-0.48,-2.1,0.38,2.81,-31.65,-34.95
MOQUALITY,201.04,2026-06-16,0.81,2.29,0.36,8.1,1.92,3.1
MSCIADD,28.87,2026-06-16,0.87,2.34,0.35,3.74,,
SAYAJIHOTL,289.0,2026-06-16,-4.3,-0.65,0.35,,,
JTEKTINDIA,133.42,2026-06-16,1.21,11.71,0.35,2.52,-5.48,-5.92
SBINEQWETF,32.84,2026-06-16,0.09,2.05,0.34,5.73,-0.79,4.22
ABGSEC,112.61,2026-06-16,0.2,0.54,0.34,-0.07,1.23,2.4
GROWWCAPM,11.66,2026-06-16,0.87,5.9,0.34,23.26,21.54,
EIEL,193.93,2026-06-16,2.67,7.45,0.33,33.51,-3.66,-11.69
WCIL,99.87,2026-06-16,2.18,6.63,0.33,7.55,-16.91,-5.9
PRIMO,24.07,2026-06-16,-1.84,-2.94,0.33,34.02,7.74,-10.92
ENERGY,40.11,2026-06-16,1.24,0.8,0.33,11.99,15.36,
MOENERGY,40.06,2026-06-16,1.01,0.45,0.33,11.9,15.12,
VLSFINANCE,239.28,2026-06-16,3.24,3.82,0.33,6.56,-13.1,-3.23
KHAICHEM,57.43,2026-06-16,0.42,5.28,0.31,14.56,-29.83,-31.34
MON100,330.07,2026-06-16,-0.04,-0.25,0.31,51.62,40.81,82.73
TEXMOPIPES,45.64,2026-06-16,-1.28,-2.56,0.31,9.55,-7.82,-29.65
NAGREEKCAP,29.0,2026-06-16,3.57,5.22,0.31,19.83,3.57,5.3
HDFCLOWVOL,20.17,2026-06-16,0.2,2.86,0.3,3.38,-5.97,0.25
KAKATCEM,123.02,2026-06-16,-1.51,3.89,0.29,19.73,-6.94,-19.17
YUKEN,689.35,2026-06-16,-0.76,1.37,0.29,-1.98,-19.56,-35.35
QUAL30IETF,20.71,2026-06-16,0.63,1.82,0.29,5.77,-4.96,-2.63
LINCOLN,646.0,2026-06-16,-1.06,4.23,0.28,10.56,32.31,12.23
LAMBODHARA,106.25,2026-06-16,0.49,2.25,0.26,19.33,-13.24,-22.09
ABSLLIQUID,1000.0,2026-06-16,0.0,0.0,0.25,0.77,1.57,3.28
TFCILTD,75.88,2026-06-16,-0.37,2.29,0.24,15.69,17.41,73.85
SBIETFQLTY,218.47,2026-06-16,1.21,1.78,0.24,6.36,-4.73,-2.54
KPEL,350.25,2026-06-16,-0.44,2.97,0.24,26.24,2.12,-32.67
BANSALWIRE,304.65,2026-06-16,-2.81,4.23,0.23,21.04,-2.85,-20.26
GROBTEA,902.5,2026-06-16,1.95,0.17,0.22,4.94,-10.42,-21.62
LTTS,3462.9,2026-06-16,1.99,9.41,0.2,5.32,-23.71,-22.15
OILIETF,11.44,2026-06-16,0.97,2.97,0.18,1.78,-4.67,-1.89
TI,432.2,2026-06-16,-0.81,0.41,0.17,-2.31,-2.55,12.77
MOHEALTH,47.56,2026-06-16,0.11,0.02,0.17,10.84,7.26,6.8
BTML,6.59,2026-06-16,1.23,2.01,0.15,-3.65,-20.22,-26.04
LPDC,6.81,2026-06-16,-2.85,-0.29,0.15,17.41,-4.49,-26.14
PGIL,1665.1,2026-06-16,-1.76,2.34,0.15,15.24,2.39,24.03
HARDWYN,23.84,2026-06-16,-0.54,-2.42,0.13,33.78,41.32,64.07
VAL30IETF,15.69,2026-06-16,-0.44,1.1,0.13,5.23,10.11,20.41
VALUE,16.56,2026-06-16,-1.72,0.85,0.12,,,
AMIRCHAND,130.28,2026-06-16,0.9,9.03,0.08,,,
GILT10BETA,26.09,2026-06-16,0.38,0.58,0.08,0.19,-0.19,0.93
TATAINVEST,672.95,2026-06-16,-0.24,4.31,0.07,8.82,-5.1,0.73
LUPIN,2277.8,2026-06-16,0.21,1.03,0.07,-0.55,8.95,13.98
MBEL,309.4,2026-06-16,0.88,14.44,0.06,7.94,-19.69,
21STCENMGM,32.13,2026-06-16,0.47,-3.57,0.06,-1.8,-31.17,-50.03
BELLACASA,239.24,2026-06-16,1.12,2.09,0.04,-8.32,-38.77,
GPTINFRA,115.51,2026-06-16,-0.08,2.11,0.04,17.19,11.68,-10.27
UGROCAP,98.63,2026-06-16,0.47,6.4,0.03,12.18,-42.46,-43.06
ALIVUS,1044.8,2026-06-16,-0.61,4.27,0.02,12.9,14.59,3.18
RHL,179.98,2026-06-16,1.53,1.73,0.01,4.46,-10.83,-26.44
VRAJ,124.9,2026-06-16,2.39,3.85,0.01,12.82,2.14,-28.98
WATERBASE,74.9,2023-12-06,0.0,0.0,0.0,-13.41,-1.45,-5.79
BKMINDST,45.0,2026-06-15,0.0,0.0,0.0,0.0,0.0,0.0
PRAKASHSTL,4.41,2026-06-16,-1.34,1.38,0.0,6.78,10.8,-30.88
APLAB,32.5,2026-06-12,0.0,0.0,0.0,0.0,0.0,0.0
LANDSMILL,0.87,2026-06-16,-1.14,0.0,0.0,-18.69,-29.84,10.13
KTL,4.85,2026-06-15,0.0,0.0,0.0,0.0,0.0,-44.25
RMCL,200.0,2026-06-15,0.0,0.0,0.0,0.0,0.0,0.0
DSKULKARNI,13.55,2026-06-15,0.0,0.0,0.0,0.0,0.0,0.0
PERFECT,8.1,2026-06-15,0.0,0.0,0.0,0.0,0.0,-38.17
LIQUIDSBI,1000.0,2026-06-16,0.0,-0.0,0.0,0.42,1.55,3.53
LIQUIDIETF,999.99,2026-06-16,0.0,0.0,0.0,0.01,0.0,0.0
LIQUIDBEES,1000.0,2026-06-16,0.0,0.0,0.0,0.0,0.0,1.31
LIQUID,999.99,2026-06-16,0.0,0.0,0.0,0.4,1.57,4.08
ANDREWYU,31.35,2023-12-06,0.0,0.0,0.0,-0.32,29.31,21.31
PODDARHOUS,43.37,2026-06-15,0.0,0.0,0.0,0.0,0.0,10.22
LIQUIDETF,999.99,2026-06-16,-0.0,0.0,-0.0,0.38,1.45,3.77
ORIENTCEM,135.92,2026-06-16,-0.39,3.66,-0.0,2.28,-17.55,-52.57
KKVAPOW,613.0,2026-06-15,0.0,0.0,0.0,-0.33,-3.31,17.78
SAHAJ,3.85,2026-06-15,0.0,0.0,0.0,-17.2,-34.19,-65.32
OMKARCHEM,3.41,2026-06-15,0.0,0.0,0.0,-12.79,-36.62,-53.98
ALPSINDUS,34.3,2026-06-15,0.0,0.0,0.0,0.0,13.95,15.88
SECURCRED,1.56,2026-06-15,0.0,0.0,0.0,0.0,0.0,0.0
AVSL,119.7,2026-06-15,0.0,0.0,0.0,0.0,-5.0,-7.35
SUULD,1.57,2026-06-15,0.0,0.0,0.0,0.0,3.29,-45.49
SRIRAM,10.1,2026-06-15,0.0,0.0,0.0,0.0,0.0,0.0
GANGOTRI,0.61,2026-06-15,0.0,0.0,0.0,0.0,0.0,-6.15
SIIL,26.0,2026-06-12,0.0,0.0,0.0,0.0,0.0,0.0
AJRINFRA,0.7,2026-06-15,0.0,0.0,0.0,0.0,0.0,0.0
AHIMSA,24.7,2026-06-15,0.0,0.0,0.0,-0.4,-1.2,11.76
HERCULES,159.32,2026-06-15,0.0,0.0,0.0,0.0,1.31,-21.43
SHAIVAL,33.0,2026-06-15,0.0,0.0,0.0,8.2,8.2,8.2
DESTINY,105.9,2026-06-15,0.0,0.0,0.0,-14.22,-14.94,29.3
KALYANI,138.09,2026-06-15,0.0,0.0,0.0,0.0,0.0,
ORKLAINDIA,631.25,2026-06-16,1.79,0.96,0.0,15.11,2.74,
FIVECORE,31.7,2026-06-12,0.0,0.0,0.0,0.0,0.0,0.0
OPAL,43.0,2026-06-12,0.0,0.0,0.0,0.0,0.0,0.0
COMPINFO,1.33,2026-06-16,-2.21,1.53,0.0,18.75,-16.87,-32.83
JAKHARIA,60.5,2026-06-15,0.0,0.0,0.0,0.0,0.0,-30.1
BURNPUR,33.0,2026-06-15,0.0,0.0,0.0,0.0,0.0,0.0
GOENKA,0.82,2026-06-15,0.0,0.0,0.0,0.0,0.0,-13.68
TECHIN,14.0,2026-06-15,0.0,0.0,0.0,0.0,0.0,0.0
MARSHALL,3.64,2026-06-15,0.0,0.0,0.0,0.0,-7.85,-66.64
JINDCOT,2.5,2024-11-08,0.0,0.0,0.0,0.0,0.0,0.0
JETKNIT,89.2,2026-06-15,0.0,0.0,0.0,0.0,0.0,-18.87
CAPTRUST,13.0,2026-06-16,0.0,-2.77,0.0,11.68,7.62,-85.77
BRIGHT,2.8,2026-06-15,0.0,0.0,0.0,0.0,0.0,0.0
VERA,69.0,2026-06-15,0.0,0.0,0.0,-1.43,-1.29,1.47
IL&FSTRANS,2.36,2026-06-16,-3.28,1.72,0.0,6.31,-21.85,-39.33
MBECL,65.4,2026-06-15,0.0,0.0,0.0,0.0,0.0,0.0
INDLMETER,23.69,2026-06-15,0.0,0.0,0.0,0.0,0.0,0.0
MELSTAR,4.25,2026-06-15,0.0,0.0,0.0,0.0,0.0,0.0
VISAMAN,113.25,2026-06-15,0.0,0.0,0.0,-2.24,-2.37,163.99
VELS,68.35,2026-06-15,0.0,0.0,0.0,22.05,16.14,-12.2
MINDPOOL,71.1,2026-06-15,0.0,0.0,0.0,0.0,0.0,37.92
IIFLCAPS,342.9,2026-06-16,0.66,0.85,-0.01,22.09,9.54,3.42
SOBHA,1397.0,2026-06-16,1.62,8.07,-0.02,12.01,-4.84,-11.73
WSI,69.01,2026-06-16,0.32,-0.36,-0.03,12.52,-17.02,-12.19
ZAGGLE,210.52,2026-06-16,-0.64,7.23,-0.05,-2.57,-41.91,-51.12
QUALITY30,20.33,2026-06-16,0.94,1.4,-0.05,5.83,-4.87,
TAMBOLIIN,185.31,2026-06-16,1.18,2.42,-0.05,,,
BANARISUG,3601.6,2026-06-16,-1.31,-0.32,-0.07,-0.17,0.04,-7.38
SIGIND,49.15,2026-06-16,-0.89,1.84,-0.08,11.1,-12.01,-19.97
AFFLE,1475.7,2026-06-16,-0.72,-1.38,-0.09,12.55,-13.78,-24.75
NYKAA,272.15,2026-06-16,-0.24,4.55,-0.09,14.83,10.05,39.49
SDL26BEES,136.94,2026-04-27,-0.44,-0.33,-0.1,1.29,2.15,5.7
DAMCAPITAL,152.58,2026-06-16,-0.64,3.73,-0.1,25.38,-27.4,-42.03
NAVNETEDUL,139.15,2026-06-16,-4.63,-0.42,-0.1,10.5,-1.06,2.11
ANUP,1964.6,2026-06-16,0.18,3.29,-0.1,30.56,-10.8,-27.33
INDGN,515.6,2026-06-16,0.39,0.67,-0.1,18.45,-1.78,-13.06
TGBHOTELS,9.15,2026-06-16,0.99,1.67,-0.11,1.55,-7.48,-23.04
RELIANCE,1328.8,2026-06-16,1.67,5.18,-0.11,-4.31,-13.44,-6.78
MRF,128470.0,2026-06-16,-0.05,4.6,-0.13,-2.93,-15.84,-5.49
CCCL,14.88,2026-06-16,-2.11,2.13,-0.13,-0.73,-22.14,-17.24
SHAHALLOYS,67.4,2026-06-16,0.75,-2.7,-0.15,16.45,-1.46,20.55
AGUL,63.9,2026-06-15,0.0,0.0,-0.16,-12.35,3.48,38.91
RPGLIFE,2288.7,2026-06-16,-0.39,9.56,-0.17,20.79,-1.42,-3.66
AXISVALUE,33.64,2026-06-16,-0.53,0.93,-0.18,6.25,10.95,19.0
NIFTYQLITY,20.91,2026-06-16,0.53,1.11,-0.19,5.66,-4.87,-2.52
SYNGENE,453.1,2026-06-16,-0.09,0.8,-0.21,10.47,-29.9,-31.25
HINDCOMPOS,419.4,2026-06-16,0.02,1.57,-0.21,9.76,0.67,-14.56
DPABHUSHAN,923.35,2026-06-16,-0.44,1.65,-0.21,-5.54,-34.78,-35.51
BHARATCOAL,38.33,2026-06-16,1.83,-1.92,-0.21,11.13,,
ADL,70.45,2026-06-16,-0.77,1.95,-0.21,8.18,-14.5,-22.86
NXST,154.65,2026-06-15,-1.21,-0.02,-0.23,1.17,-1.59,17.46
BEML,1781.7,2026-06-16,0.16,2.31,-0.23,19.26,4.67,-18.4
AFSL,201.0,2026-06-16,-0.0,0.0,-0.23,-0.03,-0.0,-16.76
DIVOPPBEES,77.4,2026-06-16,0.34,1.74,-0.24,0.16,-4.86,-2.0
MOL,51.94,2026-06-16,4.7,9.97,-0.25,24.11,-18.32,-43.76
SIL,15.32,2026-06-16,-2.23,-0.65,-0.26,11.82,-2.68,-22.7
SOTAC,111.0,2026-06-15,0.0,0.0,-0.27,0.41,-10.05,-11.13
GROWWN200,11.16,2026-06-16,-0.27,2.86,-0.27,4.79,-3.94,-0.64
ALPA,70.55,2026-06-16,0.41,3.39,-0.28,18.81,-9.75,-28.5
KSL,811.8,2026-06-16,0.07,2.34,-0.28,25.07,10.89,1.65
DOLLEX,30.85,2026-06-15,-2.37,-1.91,-0.32,-1.44,-20.69,-15.13
HERITGFOOD,329.35,2026-06-16,2.52,4.49,-0.33,6.65,-28.94,-27.47
MASTER,348.5,2026-06-15,-0.58,2.52,-0.34,10.32,-3.99,5.74
STEELCITY,78.49,2026-06-16,2.56,3.5,-0.34,-1.36,-14.08,-22.38
JSWSTEEL,1274.3,2026-06-16,-1.71,1.08,-0.35,11.23,17.71,27.29
SHREDIGCEM,73.38,2026-06-16,-1.99,5.1,-0.35,21.63,-18.67,-4.58
KNRCON,129.09,2026-06-16,1.38,1.75,-0.36,6.89,-10.57,-39.29
XCHANGING,64.15,2026-06-16,-1.08,-0.51,-0.37,15.27,-21.59,-33.03
NAHARCAP,253.6,2026-06-16,-0.57,2.3,-0.37,16.61,-2.12,-24.98
ELITECON,29.93,2026-06-16,-0.27,11.72,-0.4,,,
SHREECEM,24870.0,2026-06-16,0.18,5.67,-0.4,6.67,-4.31,-16.16
MON50EQUAL,32.59,2026-06-16,-0.03,1.65,-0.4,5.74,-1.39,3.69
ELCIDIN,118200.0,2026-06-16,0.21,1.49,-0.4,,,
MAHEPC,114.88,2026-06-16,1.57,8.15,-0.41,4.31,-8.49,-18.19
LIBERTSHOE,237.47,2026-06-16,-1.74,-1.3,-0.43,-9.23,-14.44,-44.05
ACC,1349.0,2026-06-16,-0.55,2.81,-0.44,-1.19,-23.4,-27.55
RPOWER,27.0,2026-06-16,1.35,-0.92,-0.44,20.43,-21.99,-59.69
GODREJCP,1034.5,2026-06-16,-0.22,3.76,-0.45,-0.14,-11.69,-11.35
SULA,157.52,2026-06-16,0.97,2.11,-0.45,4.87,-25.3,-48.12
NEXT30ADD,42.07,2026-06-16,0.12,1.23,-0.45,7.84,5.94,9.41
RITES,210.27,2026-06-16,0.91,3.25,-0.45,10.0,-5.82,-24.71
CHEMBONDCH,180.11,2026-06-16,5.0,3.98,-0.46,42.47,14.41,
BSL,123.64,2026-06-16,0.28,-1.63,-0.47,2.61,-20.64,-6.39
VSTIND,258.95,2026-06-16,-0.35,0.6,-0.48,20.57,2.25,-6.27
GLOBAL,104.51,2026-06-16,2.81,-0.71,-0.49,6.83,16.35,60.32
SUBROS,744.35,2026-06-16,0.09,5.85,-0.5,11.21,-12.34,-24.44
CSLFINANCE,228.88,2026-06-16,-0.15,4.02,-0.5,-5.83,-25.47,-31.84
CINELINE,79.67,2026-06-16,0.95,2.59,-0.51,-5.73,-12.69,-11.71
SUPREMEINF,80.57,2026-06-16,-0.57,4.11,-0.51,18.49,-10.44,-16.55
BCPL,75.68,2026-06-16,-1.69,-3.14,-0.51,,,
MEDANTA,1236.1,2026-06-16,1.33,2.12,-0.52,18.76,8.44,1.59
SMLT,70.4,2026-06-16,0.23,0.79,-0.52,7.02,-27.2,-42.67
BIRET,319.38,2026-06-15,0.11,-0.12,-0.56,-3.99,0.31,10.9
SHIVAMILLS,64.4,2026-06-16,1.5,0.7,-0.56,19.17,6.22,-15.49
ALLDIGI,802.65,2026-06-16,-1.92,-2.82,-0.58,9.21,-1.28,-6.87
GOODYEAR,746.4,2026-06-16,0.05,2.61,-0.58,-41.4,-41.4,-41.4
OMAXE,78.9,2026-06-16,0.64,7.24,-0.58,15.03,21.05,-25.99
MAZDOCK,2467.4,2026-06-16,1.11,3.28,-0.58,5.82,2.79,-21.57
VISHNUINFR,167.55,2026-06-15,6.86,2.26,-0.59,7.4,-4.12,-7.38
SELMC,29.85,2026-06-16,-0.9,-0.86,-0.6,3.11,-8.52,-18.06
NATCAPSUQ,151.29,2026-06-16,-1.34,-4.19,-0.6,1.96,-18.38,-32.4
ASKAUTOLTD,456.2,2026-06-16,0.93,7.24,-0.6,11.79,-1.81,1.64
HIMATSEIDE,77.92,2026-06-16,0.31,4.27,-0.61,-4.16,-33.44,-45.5
FCSSOFT,1.59,2026-06-16,-1.85,-10.17,-0.62,11.19,-18.46,-40.0
STARCEMENT,213.77,2026-06-16,-0.08,2.47,-0.63,3.57,-1.8,0.9
DHANUKA,1076.6,2026-06-16,0.15,-0.05,-0.64,10.15,-9.53,-37.14
LGEINDIA,1569.6,2026-06-16,2.64,3.27,-0.65,2.1,1.09,
HEROMOTOCO,5031.0,2026-06-16,0.14,5.35,-0.66,-4.69,-13.75,19.29
GROWWLOVOL,10.18,2026-06-16,0.39,1.29,-0.68,3.25,-4.74,1.12
HDFCQUAL,56.96,2026-06-16,0.55,1.37,-0.68,4.46,-5.02,-1.27
DPWIRES,176.25,2026-06-16,0.63,0.05,-0.68,28.86,-8.62,-24.16
SBICARD,621.65,2026-06-16,3.45,8.2,-0.69,-10.62,-26.41,-38.16
DBCORP,207.3,2026-06-16,0.11,2.72,-0.69,0.61,-18.31,-21.21
BVCL,41.89,2026-06-16,-0.02,1.55,-0.69,13.16,-3.72,12.76
DVL,242.49,2026-06-16,0.79,2.47,-0.7,16.25,-12.55,-25.16
ASTAR,626.7,2026-06-16,3.87,2.27,-0.71,,,
INDIANHUME,312.5,2026-06-16,-1.67,7.46,-0.71,-0.18,-22.73,-24.54
NIDAN,13.9,2026-06-15,-0.71,-0.71,-0.71,-9.15,-26.65,-33.81
DIVISLAB,6712.5,2026-06-16,1.57,2.94,-0.71,10.57,5.95,0.83
KIRANVYPAR,185.66,2026-06-16,-3.35,7.82,-0.72,,,
MADHAV,37.24,2026-06-16,1.33,1.89,-0.72,7.69,-11.1,-22.69
MPSLTD,1819.6,2026-06-16,0.39,3.42,-0.72,21.41,-9.19,-29.88
HEIDELBERG,152.11,2026-06-16,-0.11,1.39,-0.72,1.75,-11.11,-18.57
LIBAS,11.91,2026-06-16,-2.22,-1.24,-0.75,12.57,10.58,-10.99
IREDA,126.15,2026-06-16,1.07,4.99,-0.75,10.1,-5.27,-24.48
SHAREINDIA,137.44,2026-06-16,-0.77,4.44,-0.76,8.93,-23.38,-25.64
DALMIASUG,339.45,2026-06-16,-0.38,-0.44,-0.77,16.19,13.22,-17.48
VAKRANGEE,6.41,2026-06-16,0.94,2.89,-0.77,7.19,-17.61,-34.92
ACCELYA,1113.9,2026-06-16,-0.18,0.51,-0.77,-4.33,-12.19,-16.35
ALEMBICLTD,89.25,2026-06-16,-0.15,4.11,-0.78,12.26,-12.8,-20.48
ATAM,72.12,2026-06-16,1.02,2.47,-0.78,23.81,-12.21,-34.23
LATENTVIEW,304.85,2026-06-16,0.69,1.57,-0.78,8.55,-37.05,-23.85
SWANCORP,315.95,2026-06-16,-0.02,3.27,-0.82,-6.48,-31.32,-27.0
CLSL,42.15,2026-06-15,-4.2,-6.33,-0.82,-9.35,-8.37,-14.59
ALBERTDAVD,714.85,2026-06-16,-0.9,3.39,-0.83,6.05,-4.07,-16.72
ICEMAKE,761.9,2026-06-16,-0.1,2.77,-0.83,-4.11,-0.32,-5.16
ULTRACEMCO,11391.0,2026-06-16,-0.65,5.52,-0.84,2.63,-1.19,-0.28
KOLTEPATIL,371.55,2026-06-16,2.97,3.14,-0.85,12.49,-2.91,-18.4
GRSE,2663.2,2026-06-16,-0.22,2.0,-0.85,15.57,16.61,-12.6
VSTL,122.0,2026-06-16,0.76,4.45,-0.86,13.04,-10.49,-21.46
WAAREEINDO,397.6,2026-06-16,1.96,2.0,-0.87,21.81,-6.38,20.48
MANGALAM,29.69,2026-06-16,0.37,4.36,-0.87,-2.66,18.52,-63.27
MUTHOOTCAP,199.56,2026-06-16,-0.06,1.88,-0.88,3.52,-26.67,-32.57
TVSMOTOR,3435.5,2026-06-16,-0.69,3.55,-0.9,2.15,-4.75,23.28
JYOTICNC,700.95,2026-06-16,1.74,14.92,-0.9,-0.67,-25.79,-38.31
RHFL,2.21,2026-06-16,-0.45,1.38,-0.9,-18.15,-27.78,-70.38
MAXIND,160.51,2026-06-16,1.19,2.92,-0.9,12.86,-14.3,-16.05
PILANIINVS,4414.4,2026-06-16,0.77,5.54,-0.91,4.26,-14.8,-16.89
JKIL,489.3,2026-06-16,0.92,4.66,-0.91,-1.22,-11.11,-32.58
ICICIB22,120.13,2026-06-16,0.38,2.24,-0.93,2.16,4.51,9.3
CORALFINAC,32.18,2026-06-16,-0.31,1.93,-0.95,4.01,-17.91,-28.06
COSMOFIRST,752.8,2026-06-16,2.93,4.83,-0.96,13.91,8.18,-40.16
AVROIND,10.21,2026-06-16,-5.64,-14.7,-0.97,-25.67,-11.26,-37.73
MONEYBOXX,69.74,2026-06-16,0.4,-3.85,-0.97,8.99,4.14,
VIDHIING,287.15,2026-06-16,-1.22,-1.37,-0.98,-0.07,-14.09,-31.45
KITEX,155.22,2026-06-16,0.97,-5.1,-0.98,-2.77,-18.21,-40.53
HEALTHCARE,19.93,2026-06-16,-1.04,-0.15,-0.99,9.99,,
ARIHANTSUP,266.05,2026-06-16,1.49,6.89,-1.02,27.45,-15.09,-26.39
ENERGYDEV,16.42,2026-06-16,-1.79,-1.32,-1.02,8.81,-17.28,-33.06
JUBLPHARMA,980.0,2026-06-16,-1.14,2.37,-1.03,16.67,-7.69,-12.63
ANANDRATHI,1772.9,2026-06-16,-0.49,1.08,-1.04,15.7,18.73,69.18
PAUSHAKLTD,456.6,2026-06-16,-1.63,-2.05,-1.04,12.41,-25.53,
DOLATALGO,76.44,2026-06-16,0.49,5.78,-1.04,5.59,-9.33,-25.49
DALBHARAT,1709.6,2026-06-16,-0.57,2.74,-1.04,-7.74,-17.27,-18.07
GREENPOWER,11.26,2026-06-16,0.81,3.3,-1.05,19.79,-6.24,-20.98
MOLOWVOL,36.39,2026-06-16,0.39,2.65,-1.06,1.76,-5.82,-2.86
HMT,55.94,2026-06-16,-0.34,2.62,-1.06,-10.21,15.82,-15.97
NUCLEUS,772.35,2026-06-16,4.44,11.07,-1.08,2.52,-17.19,-34.14
NILKAMAL,1274.5,2026-06-16,-0.48,0.39,-1.08,3.47,-9.15,-26.25
SNXT30BEES,42.11,2026-06-16,0.72,1.59,-1.08,8.56,6.2,9.72
AMBALALSA,32.18,2026-06-16,-3.13,-7.05,-1.08,,,
SHARIABEES,457.31,2026-06-16,0.57,-0.13,-1.09,1.45,-10.51,-10.55
TATACHEM,729.45,2026-06-16,-0.77,3.16,-1.1,12.76,-2.02,-20.9
LEMONTREE,109.99,2026-06-16,-0.58,2.71,-1.11,6.77,-31.92,-20.16
KRISHCA,177.0,2026-06-15,0.57,2.16,-1.12,2.43,3.6,-34.21
FLUOROCHEM,3671.7,2026-06-16,-0.36,5.13,-1.13,19.26,4.23,1.2
FISCHER,34.47,2026-06-16,-3.61,6.69,-1.15,3.83,-21.07,
RANASUG,12.85,2026-06-16,-0.39,2.72,-1.15,13.12,-2.65,-22.68
GOODLUCK,1313.7,2026-06-16,-0.79,-0.65,-1.15,28.19,22.32,23.18
RAJRILTD,20.41,2026-06-16,0.49,0.74,-1.16,-3.59,-9.81,-32.31
GILLETTE,7715.5,2026-06-16,-0.09,1.23,-1.17,-2.8,-2.4,-21.95
TATAPOWER,402.25,2026-06-16,-0.46,-0.48,-1.17,3.0,5.9,1.31
SHANKARA,114.8,2026-06-16,2.0,1.82,-1.18,10.3,3.55,-89.42
CONTI,12.55,2026-06-15,0.0,-4.92,-1.18,-17.16,-47.71,-48.98
MAFATIND,129.41,2026-06-16,-0.25,3.49,-1.19,,,
MAGNUM,19.94,2026-06-16,1.17,1.42,-1.19,6.97,-13.23,-25.98
NIRAJ,29.53,2026-06-16,-1.6,6.15,-1.2,16.86,-18.83,-45.97
INSECTICID,714.1,2026-06-16,0.61,1.35,-1.2,25.43,3.06,-21.33
AEPL,16.11,2026-06-16,-1.29,-1.41,-1.23,-8.0,,
AWL,197.27,2026-06-16,3.2,6.22,-1.23,14.49,-18.85,-25.45
HEXATRADEX,162.53,2026-06-16,-1.83,-0.24,-1.23,1.57,0.42,-10.86
SIKA,904.55,2026-06-16,0.77,-1.17,-1.24,,,
IRFC,97.63,2026-06-16,0.57,3.09,-1.24,1.23,-11.91,-28.9
MITCON,79.51,2026-06-16,0.95,-7.01,-1.24,53.08,15.2,-7.03
SUPERHOUSE,150.74,2026-06-16,-0.82,-0.44,-1.25,4.82,3.15,-13.83
RBMINFRA,311.2,2026-06-15,-3.59,6.41,-1.27,-2.61,-25.55,-36.95
DIVIDEND,35.53,2026-06-16,1.57,0.85,-1.28,3.41,,
LUMAXTECH,1615.1,2026-06-16,-3.86,0.38,-1.28,11.2,7.77,59.63
DTIL,135.34,2026-06-16,0.08,3.85,-1.28,6.29,-15.65,-28.84
MOINFRA,62.51,2026-06-16,0.6,2.04,-1.28,9.96,7.59,3.44
ORIENTBELL,318.95,2026-06-16,0.69,2.79,-1.28,18.61,21.23,3.52
AMBUJACEM,426.05,2026-06-16,-0.65,3.1,-1.29,-0.2,-21.97,-22.17
INCREDIBLE,34.84,2026-06-16,-0.26,0.84,-1.3,6.28,-14.86,-17.83
ASIANTILES,59.81,2026-06-16,-2.02,2.87,-1.3,-4.26,-4.65,-8.84
MHRIL,231.36,2026-06-16,-0.62,9.96,-1.32,-12.38,-23.67,-31.62
MOLDTKPAC,693.85,2026-06-16,-0.28,0.98,-1.33,40.1,21.56,-1.71
AKSHOPTFBR,6.58,2026-06-16,-4.5,-3.8,-1.35,53.74,0.3,-27.37
DNAMEDIA,2.93,2026-06-16,0.34,3.9,-1.35,-9.85,-25.26,-42.55
ATLASCYCLE,99.49,2026-06-16,-1.21,0.47,-1.36,22.45,7.09,-24.74
PLATIND,232.99,2026-06-16,1.72,9.76,-1.36,13.66,-7.43,-15.9
IEX,123.57,2026-06-16,0.5,3.88,-1.36,5.66,-9.52,-33.18
KLL,36.0,2026-06-15,1.12,-7.46,-1.37,-10.45,-22.25,-53.0
AISL,57.15,2026-06-15,0.0,11.19,-1.38,-15.77,-32.29,-43.42
ACI,527.45,2026-06-16,-2.12,2.51,-1.39,-7.88,4.32,-16.39
MOKSH,12.04,2026-06-16,0.17,3.88,-1.39,8.66,-14.06,-18.98
RUCHINFRA,6.38,2026-06-16,0.79,1.59,-1.39,27.09,-5.9,-25.12
MUNJALSHOW,129.07,2026-06-16,-0.16,0.95,-1.4,7.83,5.83,-1.97
NITIRAJ,197.12,2026-06-16,1.84,11.2,-1.41,-9.36,2.87,-4.6
ARCHIDPLY,81.34,2026-06-16,-0.37,4.71,-1.41,14.03,-13.96,-21.92
GRAVITA,1663.9,2026-06-16,0.27,7.73,-1.43,18.86,-9.93,-4.26
MORARJEE,8.26,2026-06-16,4.96,15.69,-1.43,25.72,1.23,-4.95
HOLMARC,103.5,2026-06-15,-3.27,-3.68,-1.43,20.63,-5.61,-17.61
ECOSMOBLTY,132.15,2026-06-16,0.52,5.35,-1.43,8.33,-41.1,-54.85
RRIL,19.84,2026-06-16,-2.27,-2.7,-1.44,,,
TARC,128.47,2026-06-16,-0.25,4.39,-1.44,4.0,-13.82,-31.44
GOLDENTOBC,25.09,2026-06-16,-3.87,-3.98,-1.45,-12.55,-21.59,-33.09
ROSSELLIND,55.48,2026-06-16,1.76,1.46,-1.46,23.67,9.28,-21.58
PIONEEREMB,25.62,2026-06-16,3.26,6.79,-1.46,8.84,-11.59,-39.89
SRHHYPOLTD,497.65,2026-06-16,0.01,-0.83,-1.47,14.84,-6.58,-23.56
KRITIKA,6.01,2026-06-16,-1.48,0.0,-1.48,16.02,-17.67,-40.14
NITCO,94.8,2026-06-16,-1.09,0.8,-1.49,41.51,2.64,-30.85
KARURVYSYA,294.55,2026-06-16,1.81,4.67,-1.5,3.5,20.1,43.64
CORONA,1750.6,2026-06-16,1.09,0.57,-1.5,12.6,21.48,
GANDHITUBE,854.85,2026-06-16,0.8,1.27,-1.51,4.65,11.8,20.83
BORANA,317.25,2026-06-16,-0.42,0.09,-1.52,-14.05,17.67,35.73
VERTOZ,45.17,2026-06-16,-0.26,11.12,-1.54,27.26,-38.08,-56.25
TRF,233.66,2026-06-16,-0.57,6.79,-1.55,4.29,-24.95,-38.78
TCS,2199.0,2026-06-16,1.71,2.21,-1.55,-7.49,-29.2,-34.63
PINELABS,150.09,2026-06-16,-2.28,5.14,-1.57,-7.95,-33.96,
GALAXYSURF,1796.0,2026-06-16,2.26,3.58,-1.58,2.8,-9.63,-28.27
HEALTHADD,155.91,2026-06-16,-0.03,0.22,-1.58,7.32,5.7,7.95
STARPAPER,137.34,2026-06-16,0.2,1.7,-1.59,5.26,-14.69,-18.64
SUNTECK,312.95,2026-06-16,4.93,14.15,-1.59,2.19,-21.62,-29.59
MANAKSIA,59.76,2026-06-16,-0.02,2.93,-1.6,13.1,-1.17,-18.28
GSFC,167.27,2026-06-16,1.43,4.34,-1.61,8.29,-2.95,-15.66
TEMBO,566.75,2026-06-16,-0.18,-1.02,-1.62,13.03,-23.1,18.28
INDPRUD,6345.5,2026-06-16,1.19,2.49,-1.63,,,
UNITDSPR,1299.0,2026-06-16,2.16,4.88,-1.64,-1.4,-10.1,-11.63
DRAGARWQ,4973.6,2026-06-16,-0.54,-0.33,-1.65,,,
SALSTEEL,59.51,2026-06-16,-0.08,-4.72,-1.65,48.26,55.26,232.64
NOCIL,161.77,2026-06-16,-1.08,3.75,-1.65,18.56,4.13,-17.19
CPEDU,182.99,2026-06-16,1.75,3.76,-1.66,9.14,-31.75,
HBESD,75.99,2026-06-16,2.37,0.38,-1.66,,,
EMUDHRA,462.7,2026-06-16,1.16,-0.57,-1.67,12.22,-23.46,-37.26
REPRO,358.5,2026-06-16,-1.5,2.5,-1.67,1.24,-21.89,-33.43
JYOTISTRUC,12.25,2026-06-16,0.16,-2.93,-1.69,16.78,20.1,-37.37
KESORAMIND,12.09,2026-06-16,4.95,8.72,-1.71,60.56,34.18,76.5
PATTECH,114.85,2026-06-15,-1.71,-1.71,-1.71,3.47,-0.78,53.95
SUNDROP,663.1,2026-06-16,0.74,0.04,-1.71,7.96,-6.57,-24.31
VMM,116.95,2026-06-16,-3.11,-0.34,-1.71,10.23,-14.01,-6.33
KINGFA,5087.5,2026-06-16,1.5,-3.44,-1.73,21.35,33.17,65.38
ANTHEM,769.65,2026-06-16,-0.49,-0.45,-1.74,19.44,14.23,
TRACXN,32.13,2026-06-16,0.78,2.19,-1.74,-0.5,-20.59,-43.07
QUICKTOUCH,25.35,2026-06-15,6.29,-2.12,-1.74,-17.83,-30.26,-61.0
MODINATUR,415.85,2026-06-16,-1.59,-5.59,-1.75,45.84,11.37,
AEQUS,198.98,2026-06-16,-2.19,6.4,-1.75,72.86,42.14,
INDIACEM,393.05,2026-06-16,-0.33,5.72,-1.77,10.66,-3.86,16.96
COLPAL,2096.9,2026-06-16,1.91,4.56,-1.78,9.3,-1.8,-10.1
TIPSMUSIC,635.1,2026-06-16,-0.78,-3.23,-1.79,25.2,15.86,-2.95
RAMKY,433.85,2026-06-16,-1.23,1.3,-1.8,-9.86,-21.74,-15.61
HCG,625.7,2026-06-16,-0.26,-0.35,-1.8,13.96,-13.28,13.83
KROSS,185.34,2026-06-16,0.52,2.16,-1.81,2.28,3.37,-1.89
DICIND,507.65,2026-06-16,-2.13,0.75,-1.82,1.97,3.22,-21.48
PHARMABEES,24.8,2026-06-16,-0.2,0.0,-1.82,7.08,7.31,10.42
TTKHLTCARE,880.95,2026-06-16,0.32,-1.72,-1.83,7.18,-16.34,-30.4
KLBRENG-B,485.65,2026-06-16,2.99,1.56,-1.84,,,
CELLO,389.7,2026-06-16,2.32,2.44,-1.84,-2.42,-29.97,-35.59
RENUKA,23.75,2026-06-16,-1.29,8.2,-1.86,1.11,-10.04,-27.96
TRIGYN,55.34,2026-06-16,-0.65,2.79,-1.86,21.28,-18.67,-34.61
SRIVASAVI,55.3,2026-06-15,10.6,10.71,-1.86,19.31,17.04,-24.3
SINCLAIR,76.22,2026-06-16,0.59,1.46,-1.87,8.07,-8.4,-13.84
MIRZAINT,30.38,2026-06-16,-0.16,1.74,-1.87,-0.46,-24.76,0.53
IPL,162.11,2026-06-16,-0.29,5.38,-1.88,15.09,-3.82,-21.66
BIRLACORPN,999.3,2026-06-16,1.83,4.34,-1.9,27.01,-7.17,-25.89
DBREALTY,115.48,2026-06-16,0.45,5.0,-1.9,16.58,-2.14,-50.35
DBL,433.1,2026-06-16,0.32,2.97,-1.9,0.24,-1.66,-18.01
TOKYOPLAST,86.07,2026-06-16,1.29,2.46,-1.91,22.89,-22.99,-39.34
PUNJABCHEM,1025.8,2026-06-16,-0.81,10.5,-1.92,-3.66,-19.6,-5.24
VHL,3455.6,2026-06-16,-0.6,1.33,-1.92,13.12,-3.77,-14.01
EMKAYTOOLS,99.05,2026-06-15,4.04,-2.89,-1.93,4.7,-17.46,-58.43
KEEPLEARN,2.03,2026-06-16,2.53,1.5,-1.93,11.54,-21.62,-40.47
FAIRCHEMOR,606.1,2026-06-16,-0.21,1.86,-1.93,18.17,-11.03,-36.71
IVP,158.42,2026-06-16,-1.05,-5.13,-1.94,26.61,5.43,-14.8
HAVELLS,1180.2,2026-06-16,0.78,3.5,-1.94,-8.57,-15.74,-23.4
SGMART,587.45,2026-06-16,-1.12,1.84,-1.97,33.83,73.85,
RUSTOMJEE,398.1,2026-06-16,-0.65,4.45,-1.97,4.98,-25.4,-27.48
NIACL,161.76,2026-06-16,0.87,8.17,-1.98,22.35,-2.79,-12.67
HEALTHY,15.87,2026-06-16,-0.44,-0.13,-1.98,7.37,5.59,8.03
BOROLTD,222.6,2026-06-16,-1.57,1.52,-1.98,-4.5,-23.87,-34.69
VIKASLIFE,1.48,2026-06-16,-1.33,0.68,-1.99,18.4,-18.23,-43.3
CENTURYPLY,751.95,2026-06-16,0.08,0.21,-1.99,16.45,-9.39,-0.89
TBI,66.4,2026-06-15,-6.48,-0.3,-1.99,11.13,-21.88,-50.28
PAYTM,1108.5,2026-06-16,-1.15,7.44,-2.01,9.34,-13.49,26.35
INVENTURE,0.97,2026-06-16,-1.02,2.11,-2.02,-3.0,-18.49,-42.6
COMMOIETF,101.86,2026-06-16,-0.25,0.79,-2.02,7.06,9.1,15.34
UTIAMC,945.55,2026-06-16,0.3,3.46,-2.02,-1.49,-16.01,-22.81
KAMOPAINTS,5.32,2026-06-16,0.38,5.35,-2.03,23.43,-18.9,-53.0
SHARDUL,29.58,2026-06-16,7.1,5.53,-2.05,,,
BEDMUTHA,109.76,2026-06-16,0.99,1.63,-2.1,-9.21,5.61,-29.2
MASFIN,312.7,2026-06-16,0.51,5.52,-2.1,6.22,-1.12,8.16
TOUCHWOOD,70.8,2026-06-16,1.14,1.14,-2.1,2.14,-32.68,-38.85
RAMASTEEL,5.11,2026-06-16,-2.48,-1.54,-2.11,-5.55,-48.95,-60.57
UCAL,101.53,2026-06-16,2.45,3.24,-2.11,4.36,-8.33,-36.08
SAROJA,32.3,2026-06-15,-4.86,-0.62,-2.12,3.53,-18.02,-22.82
NAVA,615.1,2026-06-16,1.9,4.94,-2.13,14.3,8.13,8.88
CAMPUS,233.15,2026-06-16,-1.91,-1.96,-2.13,0.13,-11.03,-17.38
BPL,53.93,2026-06-16,2.78,4.78,-2.14,14.38,-3.09,-42.57
ATL,24.42,2026-06-16,-0.61,1.62,-2.16,7.96,-8.37,-17.08
GOPAL,284.35,2026-06-16,-0.28,0.6,-2.17,5.73,-9.99,-23.05
SUNDARAM,1.35,2026-06-16,0.0,-1.46,-2.17,2.27,-23.3,-35.71
SAMBHAAV,6.73,2026-06-16,3.86,6.83,-2.18,11.98,-32.36,-3.99
FIRSTCRY,219.34,2026-06-16,0.3,0.32,-2.18,2.47,-24.31,-41.98
AXISHCETF,157.0,2026-06-16,-0.56,0.17,-2.18,5.41,5.73,7.69
BIRLAMONEY,136.57,2026-06-16,-0.15,4.54,-2.19,18.97,-8.39,-24.28
BATAINDIA,678.85,2026-06-16,-0.21,3.08,-2.2,0.13,-28.46,-43.79
CONTROLPR,616.55,2026-06-16,-0.14,2.63,-2.2,0.07,-13.69,-21.67
TARACHAND,57.1,2026-06-16,0.71,2.64,-2.21,-0.85,-25.38,-10.64
BLUESTARCO,1621.4,2026-06-16,0.63,4.46,-2.21,-10.13,-10.7,-2.75
ECAPINSURE,24.0,2026-06-16,-0.04,3.4,-2.24,6.81,0.63,4.03
UGARSUGAR,40.76,2026-06-16,-0.66,0.25,-2.25,11.06,-8.69,-15.21
VIJIFIN,3.91,2026-06-16,0.26,-2.01,-2.25,35.29,57.03,67.81
NEXTMEDIA,3.91,2026-06-16,-1.26,1.82,-2.25,-20.85,-37.44,-44.22
VERANDA,235.36,2026-06-16,-2.53,4.71,-2.25,67.85,25.63,20.49
ABSMARINE,233.1,2026-06-15,-4.53,-18.75,-2.26,46.1,12.01,41.19
DREAMFOLKS,73.62,2026-06-16,0.93,1.84,-2.27,3.85,-34.63,-72.63
QUADPRO,2.15,2026-06-15,-2.27,4.88,-2.27,-2.27,-17.31,-39.44
UTTAMSUGAR,236.8,2026-06-16,-0.58,-0.47,-2.27,24.7,-5.85,-20.61
IRIS,229.65,2026-06-16,-1.8,-3.1,-2.29,1.24,-24.15,-6.72
DHUNINV,840.0,2026-06-16,3.19,8.94,-2.29,4.22,-28.23,-42.68
VIJAYA,1298.6,2026-06-16,1.2,-0.69,-2.3,38.38,32.65,34.53
JUNIPER,197.3,2026-06-16,-1.54,-2.16,-2.32,-2.96,-23.48,-37.8
SGL,10.88,2026-06-16,1.78,1.21,-2.33,1.68,-13.24,-36.41
CRISIL,4041.0,2026-06-16,1.48,6.17,-2.33,1.84,-7.93,-24.26
SUNFLAG,364.7,2026-06-16,1.07,4.13,-2.34,74.99,41.77,35.08
SAHANA,802.55,2026-06-15,6.34,-4.87,-2.35,-19.33,-17.58,-49.66
SMARTLINK,165.37,2026-06-16,0.59,0.62,-2.35,41.06,24.82,4.32
HEALTHIETF,158.14,2026-06-16,-0.63,-0.18,-2.35,7.01,5.5,7.59
UBL,1335.7,2026-06-16,-1.02,1.63,-2.35,-17.38,-17.78,-33.91
MAHASTEEL,806.2,2026-06-16,-3.65,-11.72,-2.36,-14.44,-1.48,160.15
KAUSHALYA,862.2,2026-06-16,0.59,2.15,-2.37,10.75,-4.48,-7.63
RAJOOENG,54.69,2026-06-16,-0.62,3.44,-2.37,-4.49,-17.0,-54.09
BHARATSE,185.1,2026-06-16,1.39,2.8,-2.37,15.41,4.56,87.75
MVGJL,151.8,2026-06-16,-0.14,1.4,-2.37,0.8,-16.08,-37.58
KOTIC,170.03,2026-06-16,0.4,7.38,-2.38,,,
SOLARINDS,16899.0,2026-06-16,-2.19,-6.71,-2.4,20.0,41.79,-0.59
POONAWALLA,403.45,2026-06-16,0.99,5.88,-2.4,-4.71,-8.74,-3.97
SINTERCOM,78.37,2026-06-16,8.28,6.51,-2.4,6.52,-28.36,-39.31
NELCAST,138.78,2026-06-16,0.25,-2.14,-2.41,15.5,28.93,0.88
AXITA,7.68,2026-06-16,-0.52,-1.16,-2.41,-12.73,-31.93,-6.13
HATSUN,909.2,2026-06-16,-0.13,1.95,-2.41,-3.94,-7.75,-2.69
CMSINFO,295.65,2026-06-16,-0.81,-0.89,-2.41,1.83,-13.84,-38.98
NBIFIN,1897.9,2026-06-16,2.46,-0.04,-2.42,6.28,-15.48,-38.2
KANCHI,376.15,2026-06-16,5.0,8.48,-2.43,,,
COALINDIA,450.95,2026-06-16,1.55,-3.0,-2.43,-2.03,19.74,22.39
IRCTC,522.9,2026-06-16,0.96,1.32,-2.43,-0.67,-21.64,-31.14
AMRUTANJAN,541.3,2026-06-16,-2.41,-2.81,-2.43,3.12,-20.73,-22.05
ICICIGI,1783.6,2026-06-16,2.85,2.6,-2.44,-3.25,-8.24,-7.64
EIHAHOTELS,309.75,2026-06-16,0.39,4.61,-2.44,2.57,-13.06,-17.4
BONLON,46.56,2026-06-16,3.84,13.78,-2.45,20.06,,
LGBBROSLTD,1550.1,2026-06-16,0.23,4.47,-2.46,-11.37,-16.8,26.55
BLACKROSE,93.93,2026-06-16,-0.15,0.9,-2.46,,,
CANTABIL,220.35,2026-06-16,0.43,2.78,-2.47,-10.83,-15.61,-13.17
DYNPRO,231.25,2026-06-16,-0.26,-5.61,-2.47,13.15,-14.13,-19.12
EKC,111.87,2026-06-16,-0.44,3.24,-2.47,4.58,-2.95,-13.62
HAPPSTMNDS,352.3,2026-06-16,0.18,-0.25,-2.48,-6.64,-28.17,-40.79
MAXHEALTH,1024.1,2026-06-16,-0.47,1.65,-2.48,5.51,-4.56,-17.77
CCHHL,13.3,2026-06-16,0.76,3.99,-2.49,13.29,-13.92,-20.83
RHIM,378.6,2026-06-16,0.83,0.36,-2.5,2.32,-13.7,-26.61
METROBRAND,1004.4,2026-06-16,-0.01,1.35,-2.5,10.23,-10.61,-18.46
TECHNVISN,5119.0,2026-06-16,-4.99,-6.75,-2.5,,,
THEJO,1679.5,2026-06-16,4.14,9.66,-2.5,6.39,5.12,-9.09
ALKEM,5348.0,2026-06-16,0.26,-0.16,-2.52,0.47,-4.81,10.93
SHYAMCENT,5.03,2026-06-16,1.21,2.65,-2.52,12.28,-19.0,-29.65
TNPL,144.83,2026-06-16,0.05,0.36,-2.53,7.55,0.45,-8.15
ROML,45.51,2026-06-16,-0.37,-1.07,-2.53,4.57,-8.87,-25.26
KIRLFER,435.15,2026-06-16,0.16,3.52,-2.55,-3.77,-3.77,-3.77
FMCGIETF,53.12,2026-06-16,0.89,3.21,-2.55,2.67,-9.57,-9.1
APLAPOLLO,1842.0,2026-06-16,0.45,1.34,-2.55,-2.73,6.3,-0.24
SANOFICONR,4743.7,2026-06-16,0.5,0.51,-2.56,11.12,3.63,-6.71
PEARLPOLY,19.0,2026-06-16,1.01,4.0,-2.56,11.24,-12.28,-37.79
AARTISURF,384.15,2026-06-16,-1.39,6.93,-2.59,10.09,-4.95,-31.54
AGARWALEYE,438.45,2026-06-16,-0.19,-2.91,-2.59,3.44,-10.78,13.9
PICCADIL,578.0,2026-06-16,0.8,-1.0,-2.6,6.91,3.65,
IRCON,138.92,2026-06-16,0.86,4.02,-2.61,10.4,-8.65,-31.31
ACCURACY,5.58,2026-06-16,-0.71,2.57,-2.62,43.08,-0.53,-34.04
HITECHGEAR,571.9,2026-06-16,-0.28,-2.97,-2.64,-4.91,-13.12,-25.26
ASALCBR,820.05,2026-06-16,-0.77,-1.34,-2.64,15.47,-14.68,-23.43
PNGJL,558.7,2026-06-16,-0.38,-0.06,-2.65,4.02,-7.48,-4.66
SHREEPUSHK,380.3,2026-06-16,-1.39,7.54,-2.66,28.41,0.12,18.81
NHPC,74.75,2026-06-16,0.08,1.69,-2.66,-0.69,0.12,-11.49
UPL,615.35,2026-06-16,-0.2,-1.54,-2.67,1.08,-17.94,-3.54
BAYERCROP,4233.8,2026-06-16,-1.34,-1.19,-2.67,-6.26,-3.23,-21.02
SAGCEM,175.98,2026-06-16,1.88,-2.1,-2.7,2.49,-17.12,-21.67
ABFRL,60.97,2026-06-16,-0.11,2.83,-2.7,4.24,-17.79,-18.63
KRITINUT,82.99,2026-06-16,0.62,-4.85,-2.71,34.38,21.67,-31.13
NESTLEIND,1391.7,2026-06-16,1.24,-0.51,-2.71,14.69,12.79,17.59
SOFTTECH,402.4,2026-06-16,0.24,-8.75,-2.71,56.97,22.81,21.5
DYNAMATECH,10443.0,2026-06-16,-1.5,2.64,-2.73,11.91,18.41,43.66
UNOMINDA,1089.5,2026-06-16,-3.22,3.46,-2.73,7.14,-13.13,3.42
BOSCH-HCIL,1347.8,2026-06-16,0.15,0.36,-2.74,6.01,-10.61,-22.43
NIRMAN,47.85,2026-06-15,16.28,-1.64,-2.74,-1.24,-27.61,-77.0
BHARTIARTL,1853.0,2026-06-16,0.64,2.19,-2.75,3.59,-11.85,0.39
JKCEMENT,5314.0,2026-06-16,2.66,11.47,-2.75,5.0,-5.51,-10.9
JAYSREETEA,88.01,2026-06-16,-0.14,5.78,-2.76,0.56,-1.73,-18.39
IMFA,1435.7,2026-06-16,-0.49,-0.92,-2.76,20.63,0.7,97.8
TARAPUR,20.63,2026-06-16,2.38,8.64,-2.78,-11.12,-34.96,-25.79
AFCONS,327.1,2026-06-16,0.6,4.77,-2.79,17.45,-17.41,-25.91
GAEL,158.19,2026-06-16,0.73,-0.23,-2.83,24.7,36.91,36.74
STERTOOLS,237.76,2026-06-16,-0.74,12.69,-2.83,34.18,-12.09,-32.44
WESTLIFE,459.75,2026-06-16,-2.88,6.4,-2.84,5.8,-13.41,-34.21
PALASHSECU,98.3,2026-06-16,-0.15,-0.81,-2.84,15.52,-7.76,-26.52
ONEPOINT,59.84,2026-06-16,1.3,9.5,-2.84,30.14,14.37,16.97
METALIETF,13.0,2026-06-16,-1.66,0.08,-2.84,14.64,23.69,39.04
SUNTV,519.85,2026-06-16,0.41,2.43,-2.86,-6.63,-6.13,-14.68
OMINFRAL,85.55,2026-06-16,-0.16,3.17,-2.86,2.74,-14.42,-31.21
OSWALAGRO,45.2,2026-06-16,2.8,7.62,-2.86,11.58,-22.2,-55.56
BAJAJ-AUTO,9939.0,2026-06-16,-0.04,-2.85,-2.88,11.09,11.89,21.16
OSWALGREEN,24.3,2026-06-16,-0.16,6.53,-2.88,2.36,-27.44,-47.71
KAYNES,3177.6,2026-06-16,3.1,4.96,-2.88,-10.62,-24.1,-43.23
KANSAINER,215.68,2026-06-16,-0.36,2.38,-2.88,21.56,-3.94,-9.42
RSDFIN,82.0,2026-06-16,0.0,2.89,-2.89,,,
NRAIL,445.05,2026-06-16,-0.15,-1.88,-2.9,11.37,-6.78,24.6
DGCONTENT,27.26,2026-06-16,3.89,1.98,-2.92,14.88,-15.32,-41.19
MIDWESTLTD,1291.6,2026-06-16,0.94,4.23,-2.93,9.3,-13.62,
MKPL,4.97,2026-06-16,0.0,1.22,-2.93,-0.8,-17.17,-41.11
IGARASHI,380.35,2026-06-16,0.56,4.33,-2.96,24.09,-14.06,-21.19
BHARATWIRE,221.09,2026-06-16,4.62,8.77,-2.96,43.59,21.91,0.83
PREMCO,385.0,2026-06-16,0.6,5.54,-2.96,,,
TFL,11.8,2026-06-16,-1.83,-3.44,-2.96,-1.26,-9.65,-30.47
ZFSTEERING,700.65,2026-06-16,-0.43,8.27,-2.97,,,
HAL,4255.8,2026-06-16,-0.67,0.42,-2.97,8.76,0.7,-14.97
PILITA,8.12,2026-06-16,-0.37,0.62,-2.99,12.0,-23.18,-52.54
CHOICEGOLD,149.14,2026-06-16,0.09,-0.23,-3.0,-2.2,13.63,
KPIGREEN,408.0,2026-06-16,0.67,4.68,-3.0,7.28,-3.96,-17.78
TVSHLTD,13424.0,2026-06-16,-0.73,0.51,-3.03,-1.75,-4.82,22.21
VIAZ,62.1,2026-06-15,1.39,-2.44,-3.04,-2.66,-9.74,8.95
MOIL,297.6,2026-06-16,0.63,2.32,-3.05,19.98,-7.7,-20.25
CGRAPHICS,146.45,2026-06-15,-0.1,-0.71,-3.05,4.46,-26.78,-27.14
SUNDARMFIN,4467.7,2026-06-16,0.02,9.8,-3.05,-12.08,-5.97,-9.89
AJANTPHARM,3079.7,2026-06-16,0.83,3.74,-3.07,4.25,18.62,19.86
MHLXMIRU,170.59,2026-06-16,0.74,-3.38,-3.07,3.42,-21.96,-20.82
INDIQUBE,162.46,2026-06-16,2.25,3.46,-3.08,13.98,-20.77,
MICEL,43.01,2026-06-16,0.99,1.32,-3.09,33.95,-3.3,-31.35
SKFINDIA,1638.8,2026-06-16,-0.73,2.2,-3.09,4.41,-8.51,-64.38
MANINFRA,113.26,2026-06-16,-2.12,1.73,-3.09,22.51,-11.29,-30.93
DURLAX,49.95,2026-06-15,-6.37,-12.6,-3.1,10.51,24.72,10.75
ARENTERP,37.21,2026-06-16,-0.77,0.57,-3.12,-9.64,-22.64,-21.12
KRYSTAL,576.1,2026-06-16,0.17,0.02,-3.13,4.56,11.02,-2.17
RULKA,89.9,2026-06-15,-3.33,-6.69,-3.13,0.95,-13.97,-30.85
METAL,13.0,2026-06-16,-1.74,-0.08,-3.13,14.34,23.93,38.89
ZENITHSTL,5.86,2026-06-16,4.46,-0.17,-3.14,12.91,-20.49,-34.89
SUNREST,33.9,2026-06-15,-0.29,-7.88,-3.14,-20.98,-21.16,-30.82
NILAINFRA,7.99,2026-06-16,0.38,0.13,-3.15,15.8,-17.88,-35.3
GROWWMETAL,12.26,2026-06-16,0.41,-0.24,-3.16,14.47,,
CINEVISTA,15.33,2026-06-16,-0.2,-2.42,-3.16,-3.58,4.07,-13.83
ECLERX,1436.1,2026-06-16,2.13,3.7,-3.17,-6.05,-35.71,-20.38
BIOCON,416.45,2026-06-16,0.1,1.76,-3.17,10.45,8.2,16.73
HINDUNILVR,2199.9,2026-06-16,2.03,4.26,-3.18,1.11,-3.56,-3.73
ITC,291.65,2026-06-16,1.3,4.37,-3.18,-2.81,-23.86,-26.86
DEVIT,27.83,2026-06-16,-1.14,3.8,-3.2,8.08,-24.56,-35.36
CIPLA,1373.2,2026-06-16,-0.59,-1.06,-3.21,6.62,-7.57,-8.26
ADSL,121.66,2026-06-16,1.39,2.26,-3.21,25.71,-22.07,-33.14
MAHSEAMLES,624.0,2026-06-16,-0.94,1.5,-3.22,11.45,10.47,-8.41
ORIENTALTL,6.32,2026-06-16,-1.86,-2.02,-3.22,12.86,-25.65,-62.47
KHADIM,107.81,2026-06-16,0.06,7.69,-3.23,11.21,-35.98,-58.75
ABLBL,100.71,2026-06-16,0.59,3.29,-3.24,5.18,-20.64,
CTE,31.32,2026-06-16,-2.19,-1.79,-3.24,33.39,-21.33,-32.09
OMPOWER,178.77,2026-06-16,-0.11,-2.38,-3.24,,,
ALGOQUANT,57.38,2026-06-16,1.49,7.55,-3.25,4.71,,
VALIANTORG,286.95,2026-06-16,1.43,6.4,-3.25,40.72,7.27,-36.94
BLAL,184.46,2026-06-16,0.15,1.96,-3.26,8.77,-9.73,-14.38
PRAENG,21.35,2026-06-16,2.5,2.84,-3.26,13.44,-21.33,-6.07
TRANSRAILL,496.5,2026-06-16,-0.51,3.29,-3.28,1.1,-17.63,-22.92
SCILAL,46.29,2026-06-16,0.59,3.53,-3.28,11.95,-0.9,-15.65
DEVYANI,114.18,2026-06-16,2.5,3.33,-3.3,6.06,-10.81,-31.1
EIHOTEL,305.65,2026-06-16,-1.26,7.04,-3.31,-2.83,-17.4,-14.56
EMAMIREAL,92.05,2026-06-16,5.0,9.69,-3.31,65.14,11.64,-18.13
BATLIBOI,78.96,2026-06-16,-0.35,7.99,-3.32,,,
LYPSAGEMS,4.94,2026-06-16,-0.2,-0.2,-3.33,6.7,-1.2,-44.56
UNIONGOLD,146.6,2026-06-16,-0.58,-0.51,-3.33,-2.14,13.07,49.14
CARBORUNIV,1065.5,2026-06-16,-0.04,1.04,-3.35,40.47,23.81,14.02
NDL,2.59,2026-06-16,-0.77,3.19,-3.36,15.11,-13.67,-32.55
CALSOFT,21.98,2026-06-16,4.97,10.67,-3.38,76.97,35.68,53.06
SONAMAC,34.35,2026-06-15,-3.1,-10.78,-3.38,4.09,-26.84,-58.69
MAFANG,189.76,2026-06-16,-1.19,-6.15,-3.38,17.94,10.22,40.76
MAGADSUGAR,455.6,2026-06-16,-0.95,1.84,-3.38,7.04,-11.15,-32.1
MMP,265.1,2026-06-16,-0.67,2.0,-3.39,19.72,6.15,5.9
LAGNAM,80.84,2026-06-16,-0.38,0.71,-3.39,28.28,13.72,-23.35
BAWEJA,29.9,2026-06-15,-0.5,-3.55,-3.39,6.22,-22.34,-45.64
ACL,53.91,2026-06-16,-0.19,1.53,-3.4,5.73,-25.27,-19.24
IPCALAB,1550.2,2026-06-16,-1.62,-6.01,-3.41,-0.44,8.32,13.93
WTICAB,94.35,2026-06-15,-5.65,0.48,-3.48,-10.99,-29.83,-32.61
MEDICO,42.73,2026-06-16,0.61,-2.15,-3.48,7.77,-14.28,-8.91
BRITANNIA,5217.5,2026-06-16,0.35,2.74,-3.49,-10.69,-13.99,-4.94
ANNAPURNA,134.1,2026-06-15,-1.97,-4.11,-3.49,-11.86,-40.4,-53.77
KALYANIFRG,597.95,2026-06-16,-1.21,-0.44,-3.5,7.54,-8.09,-17.32
IVZINGOLD,130.75,2026-06-16,-0.08,0.27,-3.51,-99.02,-98.86,-98.5
SRGHFL,280.55,2026-06-16,1.63,0.21,-3.51,6.9,6.19,-12.31
RATNAMANI,2598.7,2026-06-16,0.39,1.84,-3.52,10.44,11.48,-8.92
INM,164.0,2026-06-15,-0.52,-4.09,-3.53,-14.56,-37.63,-68.07
BHEL,384.2,2026-06-16,0.35,-0.54,-3.54,51.56,37.53,51.31
UNIINFO,11.68,2026-06-16,4.75,0.17,-3.55,4.66,-29.08,-35.65
ZSARACOM,9547.5,2026-06-16,-3.7,4.06,-3.56,,,
SALONA,269.1,2026-06-16,3.2,2.09,-3.58,0.41,-2.48,9.6
ANDHRAPAP,62.81,2026-06-16,1.68,3.68,-3.59,2.88,-7.17,-20.37
BODALCHEM,65.38,2026-06-16,-1.4,-5.7,-3.6,49.85,23.62,-8.83
GOLDBND,150.03,2026-06-16,2.17,0.11,-3.6,-2.02,,
CHALET,756.4,2026-06-16,0.94,0.77,-3.6,4.44,-13.91,-14.9
HAPPYFORGE,1336.7,2026-06-16,-1.28,-1.07,-3.6,5.75,25.09,35.26
DMART,4201.3,2026-06-16,2.5,3.4,-3.61,10.04,8.93,2.8
ARIES,340.9,2026-06-16,1.55,5.66,-3.61,4.92,3.85,7.5
DCXINDIA,188.23,2026-06-16,1.47,2.57,-3.62,11.97,17.46,-36.58
VRLLOG,239.05,2026-06-16,0.46,1.85,-3.63,-5.27,-9.83,-12.94
NMDC,88.09,2026-06-16,-0.43,-1.67,-3.63,13.58,17.65,30.53
AXISGOLD,125.25,2026-06-16,-0.09,0.66,-3.63,-1.82,13.63,49.48
ARABIAN,66.0,2026-06-15,-1.49,-2.22,-3.65,-8.33,-7.04,-10.45
MANGLMCEM,851.1,2026-06-16,0.69,1.09,-3.65,7.35,12.06,10.07
AWHCL,454.2,2026-06-16,0.25,3.6,-3.65,1.17,5.44,-27.47
DANGEE,3.15,2026-06-16,-0.94,-2.48,-3.67,7.14,-14.17,-26.91
ORIENTELEC,185.65,2026-06-16,2.35,7.34,-3.67,10.51,1.79,-15.94
EMSLIMITED,312.7,2026-06-16,1.35,-2.57,-3.68,12.56,-28.74,-47.42
GATECH,0.52,2026-06-16,1.96,-1.89,-3.7,13.04,-1.89,-44.09
VSTTILLERS,4596.2,2026-06-16,-0.91,-0.55,-3.71,-7.55,-20.0,22.79
VINYLINDIA,250.4,2026-06-16,-0.67,3.26,-3.71,37.46,5.55,-17.51
RAMCOCEM,882.15,2026-06-16,-3.19,3.18,-3.72,-10.08,-15.98,-17.48
MASPTOP50,78.63,2026-06-16,-0.27,-4.42,-3.72,17.36,9.73,43.46
GLOBECIVIL,43.65,2026-06-16,4.98,7.01,-3.73,1.87,-28.27,
SWASTIK,21.8,2026-06-15,-1.8,-1.8,-3.75,30.15,-6.03,-38.5
TREJHARA,145.21,2026-06-16,3.82,5.67,-3.76,-9.01,-39.18,-37.81
AONEGOLD,14.02,2026-06-16,-0.21,-0.21,-3.77,-2.09,13.43,
NILASPACES,13.0,2026-06-16,-0.84,7.88,-3.77,1.09,-20.15,6.47
EPACK,231.17,2026-06-16,0.6,3.34,-3.78,-3.83,-23.15,-32.88
SESHAPAPER,221.04,2026-06-16,-2.42,-2.53,-3.78,-12.73,-8.09,-21.04
AHLADA,41.08,2026-06-16,0.51,0.27,-3.79,5.55,-17.49,-37.87
KEC,527.75,2026-06-16,2.93,9.27,-3.79,-1.28,-25.21,-41.04
BEL,407.55,2026-06-16,-0.49,-1.31,-3.8,-5.11,5.49,1.58
GROWWGOLD,14.69,2026-06-16,0.2,0.07,-3.8,-2.0,-88.65,-85.02
BIRLANU,1372.7,2026-06-16,-1.41,5.93,-3.81,9.92,-13.23,-39.88
ITALIANE,34.05,2026-06-15,-5.42,2.41,-3.81,-12.69,10.19,1.94
SYSTANGO,217.1,2026-06-15,-4.47,-1.65,-3.81,-5.26,-35.82,-8.14
KUANTUM,75.27,2026-06-16,-0.49,1.54,-3.82,-3.52,-18.02,-33.1
GTPL,66.02,2026-06-16,1.51,3.97,-3.82,16.6,-36.01,-43.6
GPIL,276.85,2026-06-16,-1.74,-0.66,-3.84,11.12,14.25,50.04
WIPRO,182.67,2026-06-16,0.71,0.5,-3.86,-6.38,-27.71,-27.32
BSLGOLDETF,132.09,2026-06-16,0.19,0.05,-3.86,-2.52,13.44,49.9
EGOLD,150.25,2026-06-16,0.17,-0.1,-3.87,-1.96,13.44,48.98
KANPRPLA,192.16,2026-06-16,4.26,-4.01,-3.87,22.57,-2.53,-2.89
MOGOLD,148.7,2026-06-16,0.27,0.44,-3.88,-2.43,13.42,
RSYSTEMS,262.3,2026-06-16,2.2,7.7,-3.88,0.15,-35.8,-40.35
GOLDIETF,128.59,2026-06-16,-0.12,0.17,-3.89,-2.09,13.58,49.73
MARICO,808.45,2026-06-16,-0.15,-0.07,-3.89,7.78,9.43,18.2
SARDAEN,523.5,2026-06-16,0.07,-2.67,-3.89,3.58,3.17,16.82
MANDEEP,19.7,2026-06-15,4.51,-0.25,-3.9,13.54,-20.08,-33.11
PWL,109.4,2026-06-16,0.81,3.67,-3.91,30.67,-20.38,
ADROITINFO,9.35,2026-06-16,1.08,1.74,-3.91,-0.43,-7.79,-15.77
MUKANDLTD,135.49,2026-06-16,-0.1,-1.21,-3.92,15.29,2.96,16.98
TORNTPOWER,1408.4,2026-06-16,1.35,-3.16,-3.93,-2.59,11.07,0.14
SANDUMA,215.35,2026-06-16,0.42,1.14,-3.96,18.32,4.61,37.12
ORIENTLTD,63.1,2026-06-16,4.01,7.09,-3.96,-3.35,-20.88,-34.74
GAUDIUMIVF,103.56,2026-06-16,2.0,-0.13,-3.96,26.96,,
SETFGOLD,128.0,2026-06-16,-0.09,-0.09,-3.97,-2.38,13.38,49.46
BBNPPGOLD,145.05,2026-06-16,-0.48,0.14,-3.97,-2.62,13.14,48.54
VESUVIUS,458.75,2026-06-16,0.9,-1.97,-4.0,-4.97,-0.06,-21.75
SKIL,0.96,2026-06-15,1.05,-4.0,-4.0,-5.88,-17.24,-67.12
ARCHIES,14.36,2026-06-16,1.48,1.7,-4.01,4.66,-21.96,-38.95
TATAGOLD,14.57,2026-06-16,0.07,-0.07,-4.02,-2.35,13.39,49.44
ORCHASP,1.91,2026-06-16,-0.52,-2.55,-4.02,-3.05,-30.29,-34.14
GOLDCASE,23.64,2026-06-16,0.17,-0.13,-4.02,-2.23,13.54,49.81
BMWVENTLTD,59.42,2026-06-16,0.03,-1.16,-4.02,-1.91,1.18,
GHCL,453.6,2026-06-16,1.74,5.78,-4.03,-0.25,-19.75,-25.83
EDUCOMP,0.95,2026-06-15,-3.06,-2.06,-4.04,-5.94,-23.39,-52.02
GOLDBEES,124.14,2026-06-16,0.02,-0.02,-4.07,-2.42,13.31,49.4
PFC,427.5,2026-06-16,0.71,-0.21,-4.09,6.07,29.45,9.09
GOLDETF,145.9,2026-06-16,0.22,0.19,-4.1,-2.6,13.37,49.83
GOLD1,125.33,2026-06-16,0.17,0.21,-4.1,-2.22,13.48,49.59
ASHOKAMET,15.16,2026-06-16,-0.26,-1.04,-4.11,8.36,-1.04,-12.32
NIMBSPROJ,208.19,2026-06-16,0.47,1.94,-4.11,,,
HDFCGOLD,128.28,2026-06-16,0.08,-0.11,-4.12,-2.37,13.42,49.62
GOLD360,146.4,2026-06-16,-0.51,0.21,-4.13,-2.27,13.23,48.55
SUNPHARMA,1800.7,2026-06-16,-0.29,0.67,-4.13,0.98,1.75,7.9
GENCON,38.12,2026-06-16,-0.57,-2.95,-4.15,-13.7,-19.63,-15.16
FIDEL,159.1,2026-06-15,5.36,-1.94,-4.16,9.72,9.05,-26.0
MEDIASSIST,368.75,2026-06-16,-2.08,5.51,-4.17,18.06,-18.45,-25.58
GOLDADD,145.77,2026-06-16,-0.11,-0.12,-4.17,-2.35,13.45,49.95
IBLFL,57.5,2026-06-15,-0.09,-4.17,-4.17,18.56,-15.44,-6.81
MILTON,39.0,2026-06-15,-3.7,-3.7,-4.18,-18.75,27.87,28.93
QGOLDHALF,124.25,2026-06-16,-0.08,-0.23,-4.19,-2.4,13.59,49.88
NAHARSPING,247.2,2026-06-16,-2.18,-9.93,-4.2,33.16,24.98,-10.27
SURAJLTD,228.5,2026-06-16,-1.02,0.22,-4.2,-4.39,-10.91,-40.72
GOLDBETA,126.25,2026-06-16,0.08,-0.32,-4.21,-2.55,13.38,49.94
RBS,91.0,2026-06-15,-2.15,-1.52,-4.21,23.81,-12.08,-19.36
ROCKINGDCE,193.0,2026-06-15,2.93,-5.85,-4.22,8.7,0.0,16.41
LICMFGOLD,135.1,2026-06-16,-0.18,-0.41,-4.22,-2.42,-98.87,-98.51
ANKITMETAL,1.58,2026-06-16,-0.63,2.6,-4.24,1.28,-7.6,-24.4
ALPHAGEO,209.91,2026-06-16,2.37,2.25,-4.26,17.39,-3.98,-21.51
HILINFRA,47.71,2026-06-16,-1.61,0.74,-4.27,-2.91,-19.77,
INDUSTOWER,411.75,2026-06-16,-0.36,-3.38,-4.28,-3.59,0.88,5.29
SPMLINFRA,190.1,2026-06-16,1.67,0.51,-4.28,14.13,4.88,-18.22
ICRA,5159.5,2026-06-16,0.11,0.78,-4.28,-1.44,-14.27,-22.47
TWCGOLDETF,149.34,2026-06-16,1.43,-0.2,-4.29,-1.83,,
RAJMET,3.79,2026-06-16,-0.26,-0.79,-4.29,10.17,-5.25,-29.68
BERGEPAINT,510.5,2026-06-16,-1.71,3.78,-4.3,26.21,-5.47,-9.77
VASA,4.45,2026-06-15,0.0,-4.3,-4.3,-6.32,-11.0,23.61
PRECAM,148.63,2026-06-16,-1.4,3.61,-4.3,26.98,-2.53,-28.9
IWP,33.72,2026-06-16,0.36,-2.32,-4.31,,,
CESC,172.26,2026-06-16,1.92,-1.28,-4.35,10.04,1.44,6.07
MUTHOOTFIN,3166.9,2026-06-16,0.22,6.82,-4.36,-4.98,-16.98,21.28
SAMBHV,106.23,2026-06-16,-2.69,-0.4,-4.36,21.87,12.29,
KEYFINSERV,256.75,2026-06-16,0.71,1.48,-4.36,3.49,-19.69,0.16
AWFIS,304.05,2026-06-16,0.26,2.3,-4.36,12.13,-41.2,-55.27
KMSUGAR,26.78,2026-06-16,-1.94,-1.0,-4.36,8.95,0.79,-8.04
MODTHREAD,44.0,2026-06-16,-2.22,-5.72,-4.37,-8.35,-1.59,-4.33
TIGERLOGS,35.25,2026-06-16,-0.17,1.35,-4.37,34.64,-6.5,
AROGRANITE,25.12,2026-06-16,-1.64,0.24,-4.38,7.58,-18.04,-35.92
DHRUV,27.49,2026-06-16,-0.25,-3.54,-4.38,-7.5,-47.42,-59.38
HGINFRA,577.6,2026-06-16,0.42,2.37,-4.4,18.09,-23.53,-45.01
INDIAGLYCO,974.4,2026-06-16,-0.46,-0.35,-4.4,14.56,-8.05,3.59
STAR,1102.7,2026-06-16,1.6,9.65,-4.42,23.63,26.28,24.19
DUCOL,109.05,2026-06-15,-4.68,0.97,-4.43,-5.01,-31.84,-3.07
GLOBUSSPR,863.25,2026-06-16,0.4,2.29,-4.43,6.71,-11.78,-11.29
UNITEDPOLY,32.25,2026-06-16,-2.39,-2.74,-4.44,28.95,-1.35,64.62
DCMSRIND,38.83,2026-06-16,-0.77,-2.8,-4.45,18.31,-76.86,-76.84
GGBL,315.25,2026-06-15,-0.97,-5.33,-4.46,16.48,-5.66,-23.11
NKIND,64.2,2026-06-16,-1.17,0.39,-4.46,6.33,-4.15,-12.2
DRREDDY,1276.9,2026-06-16,-0.2,0.1,-4.47,0.0,0.0,-4.59
OMFURN,58.05,2026-06-15,5.55,-2.11,-4.52,20.06,-35.82,-47.58
IFBAGRO,924.0,2026-06-16,-0.29,3.04,-4.52,35.22,-24.16,23.76
DONEAR,89.62,2026-06-16,-0.57,0.34,-4.54,6.78,-8.3,-17.49
SSDL,57.83,2026-06-16,1.72,3.49,-4.54,2.72,-26.87,-42.83
GLOBE,2.31,2026-06-16,-0.43,2.67,-4.55,-5.33,-5.33,-2.94
SPECTSTM,53.45,2026-06-15,-22.54,-23.7,-4.55,-25.76,-34.09,-52.17
COUNCODOS,4.83,2026-06-16,-0.82,0.62,-4.55,16.67,-18.27,-30.3
FEL,0.42,2026-06-16,-2.33,-2.33,-4.55,5.0,-10.64,-30.0
MAHLOG,344.6,2026-06-16,-1.03,1.97,-4.56,-8.27,8.19,3.58
ZODIACLOTH,73.1,2026-06-16,-1.56,-1.15,-4.58,7.52,-14.72,-33.45
ABSLPSE,10.4,2026-06-16,0.58,0.19,-4.59,1.27,6.56,2.56
CHOLAHLDNG,1581.7,2026-06-16,0.9,11.99,-4.6,0.71,-14.84,-20.7
CBAZAAR,4.15,2026-06-15,3.75,-3.49,-4.6,-7.78,-4.6,-30.25
GVPTECH,6.41,2026-06-16,-0.93,-1.08,-4.61,7.19,-29.41,-34.2
APOLLOPIPE,498.6,2026-06-16,-1.56,5.21,-4.61,25.32,68.73,8.34
VGUARD,305.75,2026-06-16,0.76,1.66,-4.62,-4.94,-6.36,-18.44
AIRAN,16.18,2026-06-16,-2.59,-1.22,-4.66,4.86,-11.44,-47.74
GROWWPSE,100.79,2026-06-16,1.16,-0.26,-4.66,1.44,,
SIRCA,415.95,2026-06-16,-0.92,-0.05,-4.66,1.84,-13.61,8.1
HUBTOWN,202.4,2026-06-16,5.6,2.69,-4.66,6.34,-16.5,-9.63
BLUEDART,4834.4,2026-06-16,-1.43,4.02,-4.67,-5.4,-10.2,-22.77
HILTON,20.53,2026-06-16,4.96,5.93,-4.69,27.59,-48.69,-72.85
AYMSYNTEX,217.28,2026-06-16,-1.52,-0.35,-4.72,20.76,31.88,-14.84
GODIGIT,296.05,2026-06-16,-0.94,-2.57,-4.72,-12.88,-14.29,-13.68
HEMIPROP,141.9,2026-06-16,0.59,4.25,-4.75,10.19,8.73,0.68
ALLETEC,146.5,2026-06-15,2.95,-0.44,-4.75,3.42,-32.36,-61.5
DOLPHIN,393.3,2026-06-16,0.74,0.45,-4.75,-1.03,-5.97,4.14
DOLLAR,252.85,2026-06-16,-0.04,2.83,-4.75,3.01,-29.78,-35.24
INDIASHLTR,786.95,2026-06-16,0.91,6.24,-4.79,12.0,-8.5,-10.26
UEL,140.62,2026-06-16,-2.97,5.18,-4.81,-3.59,-6.12,22.47
JSFB,467.2,2026-06-16,-2.01,-1.0,-4.82,34.12,8.99,-5.85
PNBHOUSING,1017.9,2026-06-16,0.06,4.93,-4.82,32.76,11.44,-3.76
PNCINFRA,207.14,2026-06-16,0.43,1.25,-4.82,10.1,-19.35,-31.47
NCC,152.92,2026-06-16,0.18,6.59,-4.83,7.81,-3.12,-32.64
SJVN,73.67,2026-06-16,0.72,1.91,-4.84,6.52,3.14,-24.32
HSBCGOLD,130.08,2026-06-16,0.06,-0.91,-4.84,,,
SAGILITY,39.96,2026-06-16,-0.1,2.46,-4.86,6.05,-20.73,0.07
DENTALKART,380.25,2026-06-15,-8.7,-12.07,-4.87,-2.61,-35.33,-40.27
MODIS,345.1,2026-06-16,0.26,0.38,-4.88,18.88,1.5,
AKG,10.7,2026-06-16,-0.19,-1.11,-4.89,-0.19,-13.85,-16.99
LINDEINDIA,6991.5,2026-06-16,0.74,1.78,-4.9,-2.52,15.68,-1.86
APLLTD,745.7,2026-06-16,1.08,0.03,-4.9,10.43,-11.98,-22.35
YASHOPTICS,122.75,2026-06-15,-1.52,-6.3,-4.92,9.35,-9.11,50.06
DCI,270.7,2026-06-16,0.22,2.0,-4.92,5.99,8.76,-3.39
BSHSL,92.34,2026-06-16,-1.53,-1.79,-4.92,13.16,-9.51,-33.82
AVADHSUGAR,453.0,2026-06-16,-1.44,-3.92,-4.93,10.25,15.69,-11.09
ROLEXRINGS,140.97,2026-06-16,0.21,2.12,-4.93,20.51,6.68,-6.39
HMAAGRO,22.92,2026-06-16,-0.26,-1.63,-4.94,-3.94,-22.57,-29.86
ZENSARTECH,464.2,2026-06-16,2.95,-2.21,-4.95,-16.6,-36.25,-46.33
INOXWIND,90.79,2026-06-16,1.02,7.43,-4.96,15.8,-28.47,-47.38
GENUSPAPER,12.24,2026-06-16,-0.16,1.24,-4.97,8.99,-8.86,-37.33
GARUDA,170.85,2026-06-16,0.5,4.67,-4.98,10.06,-16.33,33.54
A2ZINFRA,14.27,2026-06-16,-0.28,0.42,-4.99,-6.3,-2.19,-24.89
PRECISION,7.6,2026-06-15,-2.56,-8.43,-5.0,-14.12,-38.46,-66.67
NUVOCO,310.45,2026-06-16,-1.04,-0.1,-5.0,7.85,-13.4,-11.27
GSS,12.65,2026-06-16,-2.39,-2.54,-5.03,10.29,-27.59,-64.25
GROWWSLVR,24.19,2026-06-16,-1.47,3.73,-5.03,1.34,-87.15,-77.19
KOTHARIPRO,69.23,2026-06-16,-1.35,-2.63,-5.03,9.96,-6.14,-19.09
DIL,0.94,2026-06-15,-1.05,-5.05,-5.05,-24.19,-47.49,-61.94
SATIPOLY,37.5,2026-06-15,-1.19,11.94,-5.06,-0.92,-42.31,-55.25
OILCOUNTUB,56.73,2026-06-16,-0.44,-2.83,-5.07,53.45,-12.2,-31.2
ISHANCH,59.74,2026-06-16,-1.24,-2.67,-5.07,6.64,-8.12,27.51
GMDCLTD,619.35,2026-06-16,2.0,1.59,-5.1,16.4,18.77,52.47
VIKASECO,1.3,2026-06-16,0.78,2.36,-5.11,5.69,-20.73,-47.79
SBISILVER,241.85,2026-06-16,-1.23,3.54,-5.11,1.36,27.68,127.99
SILVERADD,238.25,2026-06-16,-1.15,3.79,-5.14,1.45,28.07,128.82
DELHIVERY,451.3,2026-06-16,-0.5,2.72,-5.14,12.47,12.32,23.54
GOKUL,40.71,2026-06-16,-0.63,0.92,-5.15,1.47,2.24,-12.07
HDFCSILVER,236.11,2026-06-16,-1.27,3.75,-5.15,1.34,27.32,127.42
TATSILV,23.96,2026-06-16,-1.11,3.81,-5.15,0.97,27.85,128.19
MOPSE,101.44,2026-06-16,0.42,-0.56,-5.16,0.47,5.88,1.46
GREENPANEL,192.2,2026-06-16,-0.76,-1.51,-5.17,-0.4,-18.01,-29.36
DELTACORP,65.76,2026-06-16,0.7,0.5,-5.18,23.22,-8.54,-26.27
RPSGVENT,886.95,2026-06-16,-0.14,-0.97,-5.19,49.78,16.71,-4.61
SBILIFE,1767.6,2026-06-16,0.46,0.18,-5.2,-7.42,-13.06,-1.54
BIL,696.55,2026-06-16,-1.62,-0.21,-5.21,-2.06,-6.85,-3.76
IRMENERGY,271.5,2026-06-16,-3.35,5.09,-5.22,35.37,-4.18,-8.63
JMFINANCIL,124.89,2026-06-16,1.06,7.65,-5.23,6.29,-11.65,-10.63
ENIL,110.0,2026-06-16,0.0,-4.91,-5.23,4.27,-3.53,-22.96
ORIENTTECH,261.25,2026-06-16,0.58,2.51,-5.24,-1.1,-14.13,-16.03
LUXIND,1294.9,2026-06-16,0.04,-1.3,-5.28,49.29,16.13,-10.52
GRAVISSHO,28.73,2026-06-16,-1.27,0.81,-5.28,,,
SILVERBND,247.4,2026-06-16,2.77,4.13,-5.28,0.72,,
SILVERIETF,246.65,2026-06-16,-0.96,3.46,-5.28,1.24,27.9,128.76
JSL,709.85,2026-06-16,1.24,6.63,-5.29,-0.01,-11.17,1.51
KHAITANLTD,126.07,2026-06-16,-0.78,-3.8,-5.29,30.81,24.88,3.25
CAPILLARY,498.6,2026-06-16,-1.09,-0.27,-5.29,-3.21,-26.38,
BTTL,34.27,2026-06-16,-3.46,-1.21,-5.31,,,
PASHUPATI,86.35,2026-06-16,-1.16,-3.22,-5.33,-12.78,4.68,30.77
PRSMJOHNSN,120.55,2026-06-16,0.68,2.07,-5.33,-3.76,-5.53,-22.41
SILVERBETA,238.55,2026-06-16,-1.08,3.73,-5.33,1.31,27.62,127.56
RAMAPHO,126.5,2026-06-16,0.37,5.5,-5.36,17.87,-18.23,2.66
AHLEAST,152.66,2026-06-16,0.16,-1.84,-5.36,-3.01,14.72,5.59
CELEBRITY,7.4,2026-06-16,-3.01,-1.86,-5.37,2.64,-11.9,-43.47
AARON,124.45,2026-06-16,1.48,9.0,-5.38,-11.28,-30.77,-37.66
ZODIAC,279.7,2026-06-16,-0.94,0.56,-5.38,20.14,-9.35,-42.33
GLOBALVECT,162.32,2026-06-16,3.52,1.39,-5.4,6.73,-17.96,-27.95
LGHL,231.14,2026-06-16,0.6,-0.24,-5.41,-12.03,-11.34,-24.05
STYRENIX,2217.9,2026-06-16,1.87,3.54,-5.41,12.24,9.96,-31.6
ADVANCE,97.29,2026-06-16,-0.36,-1.28,-5.42,-4.14,-17.77,
POLICYBZR,1596.8,2026-06-16,0.99,5.62,-5.42,8.24,-12.29,-16.35
DISAQ,11501.0,2026-06-16,-1.41,3.7,-5.44,,,
UFO,74.21,2026-06-16,0.42,2.78,-5.45,16.24,-7.72,2.33
GILLANDERS,88.88,2026-06-16,-3.01,2.15,-5.45,10.95,-12.94,-29.76
VMSTMT,45.85,2026-06-16,0.02,1.8,-5.46,17.62,-13.95,
PFOCUS,234.15,2026-06-16,-2.97,-5.4,-5.47,-10.17,9.97,91.38
BIRLAPREC,37.78,2026-06-16,0.56,2.36,-5.48,,,
HINDOILEXP,159.92,2026-06-16,-0.77,-9.67,-5.48,25.97,2.15,-9.06
DSSL,1288.2,2026-06-16,0.5,3.3,-5.48,45.86,29.19,13.37
SILVERBEES,236.13,2026-06-16,-1.04,3.6,-5.49,1.14,27.85,127.99
AXISILVER,245.32,2026-06-16,-1.25,3.28,-5.49,1.21,27.61,128.23
EMBDL,66.38,2026-06-16,8.01,16.13,-5.5,33.21,2.79,-42.53
SILINV,425.4,2026-06-16,0.7,2.21,-5.5,7.51,-18.11,-30.11
DRCSYSTEMS,14.42,2026-06-16,0.77,1.05,-5.5,14.9,-15.87,-24.54
AQYLON,53.16,2026-06-16,-4.87,-7.96,-5.51,-33.63,-96.86,-91.02
GANGESSECU,125.27,2026-06-16,1.51,3.58,-5.51,13.2,-12.49,-28.83
SILVER,246.52,2026-06-16,-0.92,3.42,-5.53,1.22,27.9,128.39
DKEGL,66.35,2026-06-15,3.43,-2.64,-5.55,2.79,-7.85,4.94
DELTAMAGNT,57.74,2026-06-16,-2.79,-3.59,-5.55,4.51,-19.48,-43.06
BALUFORGE,451.45,2026-06-16,0.62,-1.4,-5.58,2.18,-30.68,-32.32
SHARDACROP,914.9,2026-06-16,-0.04,5.41,-5.58,-7.52,-1.64,12.2
SURANI,124.9,2026-06-15,-5.31,-1.03,-5.59,134.33,97.47,4.08
SILVER1,23.94,2026-06-16,-1.28,3.59,-5.6,1.06,-87.25,-74.95
MAHAPEXLTD,47.9,2026-06-16,-2.13,1.1,-5.6,-24.97,-54.73,-57.8
SHANTHALA,23.6,2026-06-15,7.27,2.61,-5.6,-18.2,-10.1,-21.33
RAJVIR,7.22,2026-06-15,0.0,-5.0,-5.62,-5.62,-18.42,-31.24
TOTAL,51.09,2026-06-16,-0.45,5.15,-5.63,-7.13,-31.9,-37.82
HDFCLIFE,574.4,2026-06-16,-1.17,1.74,-5.63,-8.24,-24.85,-25.25
ARMANFIN,1686.5,2026-06-16,1.68,8.47,-5.63,22.73,11.09,-4.2
RSL,130.85,2026-06-16,0.05,2.36,-5.64,,,
CMICABLES,3.01,2026-06-15,-1.63,-6.52,-5.64,-24.75,-42.0,-7.67
CREATIVEYE,6.69,2026-06-16,1.52,-0.59,-5.64,-1.18,-5.64,-34.6
TREEHOUSE,7.16,2026-06-16,1.56,4.37,-5.67,-10.72,-17.03,-13.73
ESCORTS,2830.0,2026-06-16,1.03,1.12,-5.67,-7.52,-22.67,-9.21
ESILVER,246.47,2026-06-16,-0.96,3.47,-5.67,0.85,27.61,127.5
HPIL,126.36,2026-06-16,0.59,-2.0,-5.69,10.36,-4.06,-4.81
ELECTCAST,77.28,2026-06-16,-1.16,7.42,-5.71,11.02,3.83,-38.74
BLIL,71.84,2026-06-16,-0.01,0.73,-5.73,,,
ALANKIT,8.36,2026-06-16,0.36,1.83,-5.75,9.28,-22.16,-45.14
URJA,10.31,2026-06-16,-4.09,-0.48,-5.76,16.23,-8.68,-31.99
JHS,8.0,2026-06-16,-3.38,1.01,-5.77,-1.96,-20.24,-38.7
VIVIMEDLAB,6.21,2026-06-16,-2.36,-0.32,-5.77,-6.05,25.45,25.45
PVSL,95.54,2026-06-16,0.07,0.36,-5.78,10.85,-21.18,-21.53
GUJAPOLLO,367.95,2026-06-16,-1.53,-3.22,-5.79,-9.06,-13.35,-4.47
MOSILVER,243.75,2026-06-16,-0.9,3.24,-5.81,0.7,27.79,
SUYOG,748.7,2026-06-16,2.13,7.63,-5.82,15.88,15.18,-19.38
SILVERCASE,25.06,2026-06-16,-0.87,3.21,-5.82,0.97,28.86,129.53
LORDSCHLO,134.25,2026-06-16,-2.45,4.74,-5.83,14.82,-25.33,-11.03
HIKAL,189.7,2026-06-16,1.31,5.52,-5.84,12.09,-21.78,-49.33
INA,118.06,2026-06-16,-0.55,1.87,-5.86,28.37,,
MANKIND,2356.2,2026-06-16,-1.01,-0.05,-5.86,12.48,11.88,-0.54
CENTRUM,22.11,2026-06-16,1.01,3.13,-5.87,-2.17,-23.55,-30.58
ENGINERSIN,232.26,2026-06-16,-1.61,-2.97,-5.87,22.9,20.51,6.02
DIGJAMLMTD,43.89,2026-06-16,-1.57,0.5,-5.88,9.78,-15.86,21.95
SURYALAXMI,57.92,2026-06-16,-2.84,4.61,-5.88,13.04,-1.71,-19.33
SILVERAG,240.23,2026-06-16,-1.1,3.17,-5.88,1.29,27.41,127.88
INDOWIND,9.42,2026-06-16,0.64,0.96,-5.89,12.68,-32.13,-54.12
MANYAVAR,413.85,2026-06-16,0.53,4.15,-5.9,22.77,-30.59,-46.73
DAVANGERE,3.66,2026-06-16,0.0,2.81,-5.91,-1.88,-8.04,3.1
SAIL,180.99,2026-06-16,-0.83,-1.52,-5.93,25.09,39.57,42.15
NGIL,38.79,2026-06-16,3.41,-6.33,-5.94,53.62,30.34,28.06
ELDEHSG,782.4,2026-06-16,-1.63,1.8,-5.96,-3.49,-12.77,-1.42
EPIGRAL,1139.0,2026-06-16,-0.66,1.88,-5.96,32.87,-19.33,-36.88
CARRARO,535.95,2026-06-16,1.28,3.74,-5.98,21.96,1.29,21.1
SMSPHARMA,376.4,2026-06-16,-0.42,2.06,-5.99,2.8,19.06,48.45
KSCL,863.05,2026-06-16,-1.97,2.07,-6.02,6.53,-10.72,-34.69
MONTECARLO,542.0,2026-06-16,-1.73,1.13,-6.03,6.98,-24.63,-8.19
EXCELINDUS,927.0,2026-06-16,0.12,2.44,-6.04,7.85,0.04,-23.67
PVRINOX,948.9,2026-06-16,0.54,-1.81,-6.04,-2.9,-12.12,-1.92
EXPLEOSOL,832.15,2026-06-16,3.55,0.74,-6.04,17.11,-19.82,-35.0
XTGLOBAL,29.26,2026-06-16,-0.91,1.63,-6.04,-1.22,-22.84,-13.55
SIGMA,39.1,2026-06-16,-3.19,-2.45,-6.05,-2.32,-23.75,2.5
GRINFRA,878.35,2026-06-16,-0.77,1.62,-6.05,-3.5,-15.08,-33.7
LASA,7.44,2026-06-16,4.2,-2.87,-6.06,3.48,-20.85,-38.51
RAMRAT,394.9,2026-06-16,3.87,5.69,-6.07,31.79,28.44,13.83
INNOVISION,290.05,2026-06-16,-0.84,-1.33,-6.1,,,
SHIGAN,76.0,2026-06-15,9.99,-0.07,-6.17,33.33,46.15,-7.06
ZEAL,67.55,2026-06-15,-2.1,-2.1,-6.18,-2.17,-33.55,-51.4
MSUMI,37.59,2026-06-16,-0.74,0.32,-6.19,-3.98,-17.4,-7.73
MODIRUBBER,126.63,2026-06-16,0.44,0.84,-6.22,11.24,21.22,3.55
NOVAAGRI,26.49,2026-06-16,-2.9,0.46,-6.23,-1.49,-32.7,-47.27
ALOKINDS,12.94,2026-06-16,1.97,8.1,-6.23,2.62,-18.46,-35.59
SAURASHCEM,57.91,2026-06-16,-2.01,-1.28,-6.23,-0.74,-30.99,-34.61
VITAL,53.99,2026-06-16,3.37,-1.82,-6.25,43.59,-3.59,-20.6
BHARTIHEXA,1464.4,2026-06-16,-0.76,0.66,-6.27,-1.48,-16.01,-16.72
BESTAGRO,15.96,2026-06-16,-0.93,0.06,-6.28,12.63,-41.65,-25.71
CENTRALBK,32.0,2026-06-16,0.41,5.16,-6.3,-7.18,-9.52,-12.56
CURAA,86.6,2026-06-16,-5.62,3.1,-6.33,-27.94,-27.57,-32.97
ENTERO,1116.7,2026-06-16,-0.51,-0.21,-6.34,11.54,11.87,-3.82
ATLANTAA,41.63,2026-06-16,3.22,1.22,-6.34,21.87,-3.43,15.19
TRU,5.76,2026-06-16,0.35,4.92,-6.34,-7.99,-29.5,-59.97
PRABHA,158.41,2026-06-16,-2.61,1.86,-6.35,6.95,-15.02,-38.61
NIBL,30.78,2026-06-16,-0.26,1.02,-6.36,3.95,6.03,8.72
SIGNATURE,797.05,2026-06-16,1.14,-1.13,-6.37,1.09,-28.9,-38.1
IONEXCHANG,365.25,2026-06-16,2.05,7.17,-6.38,7.19,-7.88,-32.24
FRONTSP,1473.3,2026-06-16,-1.35,1.66,-6.39,,,
PPLPHARMA,163.67,2026-06-16,-2.11,-1.01,-6.4,17.99,-2.92,-17.8
GKSL,128.41,2026-06-16,-1.62,-2.4,-6.42,21.29,,
SEPC,7.11,2026-06-16,-3.13,7.4,-6.45,41.92,-33.36,-47.06
TENNIND,563.45,2026-06-16,1.75,-2.16,-6.45,6.73,22.46,
SHANTI,6.24,2026-06-16,-0.64,-3.85,-6.45,-2.8,-32.9,-67.93
JKPAPER,357.05,2026-06-16,0.14,2.15,-6.45,9.52,-2.29,-1.22
BEEKAY,401.25,2026-06-16,0.45,2.66,-6.45,,,
VIPCLOTHNG,25.49,2026-06-16,1.35,-1.92,-6.46,47.6,-23.34,-37.03
BNALTD,337.0,2026-06-16,-0.88,-0.01,-6.47,,,
JAIPURKURT,28.33,2026-06-16,-0.56,-1.73,-6.47,-6.38,-3.44,-35.85
ORIENTCER,38.17,2026-06-16,-3.17,0.69,-6.47,9.9,-7.65,4.72
BRNL,18.94,2026-06-16,1.07,0.85,-6.47,8.23,-17.62,-15.82
SARTELE,133.5,2026-06-15,8.62,-0.96,-6.48,-26.18,-41.37,-45.07
PGHH,9077.0,2026-06-16,0.95,-0.64,-6.48,-10.67,-28.7,-30.82
PRICOLLTD,574.8,2026-06-16,-1.12,4.12,-6.49,9.36,-9.11,31.01
OLIL,434.8,2026-06-15,-0.05,-2.79,-6.49,37.27,40.26,128.78
UNITEDTEA,501.35,2026-06-16,-0.18,-1.37,-6.49,-3.92,13.45,16.59
ARTEMISMED,261.6,2026-06-16,-1.02,1.49,-6.5,19.16,-7.82,1.77
POLYSIL,137.3,2026-06-15,-3.99,-0.9,-6.5,-23.83,-55.1,131.34
NIPPOBATRY,358.95,2026-06-16,0.83,1.37,-6.51,25.79,-12.57,-27.24
DPEL,488.0,2026-06-15,-1.21,-3.03,-6.51,64.31,77.49,228.4
EMAMILTD,400.15,2026-06-16,0.84,3.94,-6.52,-5.65,-25.34,-28.87
GODREJIND,1061.1,2026-06-16,-1.07,2.68,-6.52,23.45,4.56,-18.58
JYOTHYLAB,204.99,2026-06-16,-0.24,3.31,-6.53,-4.61,-27.87,-37.79
SCHNEIDER,1181.4,2026-06-16,-2.86,3.37,-6.56,35.5,66.72,57.55
ABBOTINDIA,26100.0,2026-06-16,-0.59,1.24,-6.59,-2.14,-6.13,-16.45
TCC,348.6,2026-06-16,0.43,-4.86,-6.6,-5.19,,
TIPSFILMS,348.3,2026-06-16,-2.57,-2.4,-6.62,7.32,-18.42,-41.24
VILINBIO,46.1,2026-06-15,-5.34,-1.5,-6.68,43.61,131.66,62.32
BDL,1236.7,2026-06-16,2.23,4.19,-6.69,-3.68,-8.45,-34.24
AMNPLST,194.11,2026-06-16,0.04,4.14,-6.69,31.32,-5.47,-21.26
TGL,20.85,2026-06-15,-5.23,-1.88,-6.71,-45.77,-72.55,-86.6
BALMLAWRIE,181.46,2026-06-16,2.39,5.99,-6.72,13.6,5.51,-9.22
PKTEA,765.0,2026-06-16,0.78,-2.47,-6.72,-3.16,-1.3,-3.95
GLFL,6.51,2026-06-16,5.0,12.44,-6.73,48.97,3.66,21.23
PENINLAND,15.67,2026-06-16,1.82,1.75,-6.73,2.82,-39.17,-47.49
GAYAHWS,2.21,2026-06-16,-0.9,-0.9,-6.75,-0.45,-30.94,57.86
ESTER,91.18,2026-06-16,1.23,2.96,-6.75,0.26,-13.27,-30.69
SANATHAN,403.8,2026-06-16,-0.58,-2.59,-6.77,5.32,-10.02,-8.85
POWERGRID,285.15,2026-06-16,-0.19,-1.77,-6.77,-4.23,10.76,2.02
FROG,169.2,2026-06-15,-0.35,4.38,-6.78,26.27,4.35,-28.61
GROWWRAIL,29.8,2026-06-16,0.51,2.26,-6.79,0.61,-9.2,-23.1
LTFOODS,381.5,2026-06-16,0.05,2.32,-6.8,-0.55,-4.69,-14.82
ASTRON,3.97,2026-06-16,1.53,3.93,-6.81,0.51,-34.7,-77.85
STANLEY,145.59,2026-06-16,2.52,3.53,-6.82,-3.52,-33.3,-57.85
VR,131.9,2026-06-15,0.0,0.0,-6.82,-8.34,-26.72,-30.58
EMIL,111.69,2026-06-16,1.59,3.88,-6.84,22.9,1.94,-14.91
GESHIP,1418.6,2026-06-16,2.49,-0.97,-6.88,4.0,30.2,45.18
SCI,308.6,2026-06-16,-0.69,5.29,-6.88,32.11,44.42,38.57
DABUR,435.45,2026-06-16,1.47,3.74,-6.9,-5.1,-12.42,-6.27
ROXHITECH,31.65,2026-06-15,0.16,-12.93,-6.91,5.5,-28.64,-34.13
RATNAVEER,165.14,2026-06-16,-0.45,1.5,-6.93,18.92,1.88,7.09
EIDPARRY,734.75,2026-06-16,1.25,1.88,-6.93,-6.54,-28.51,-23.98
NIITMTS,221.37,2026-06-16,3.55,-1.6,-6.95,-26.03,-44.6,-37.74
SPANDANA,243.2,2026-06-16,1.99,4.22,-6.96,16.06,-11.52,-11.69
HDIL,1.87,2026-06-16,-0.53,-2.6,-6.97,-12.21,-21.76,-49.6
TRANSTEEL,121.95,2026-06-15,2.91,3.35,-6.98,-16.36,-14.12,-7.3
YUDIZ,23.25,2026-06-15,-5.87,-5.1,-7.0,-18.42,-16.96,-26.19
SHARDAMOTR,812.1,2026-06-16,1.0,3.92,-7.02,6.41,-13.07,-13.62
SILVER360,242.51,2026-06-16,-0.92,3.3,-7.02,0.9,28.24,126.79
DCMSHRIRAM,1047.8,2026-06-16,-0.03,5.07,-7.04,-0.3,-15.06,-7.46
BEWLTD,70.0,2026-06-15,12.81,7.94,-7.04,-22.69,-42.93,-57.92
RITCO,254.15,2026-06-16,-1.38,1.62,-7.06,23.5,-10.04,-9.38
JSLL,594.0,2026-06-16,-2.46,-3.3,-7.06,1.39,-20.92,39.44
SERVICE,49.25,2026-06-15,-2.76,-3.43,-7.08,5.91,16.84,-23.05
M&MFIN,297.85,2026-06-16,0.0,6.09,-7.11,-6.79,-12.81,11.65
KOKUYOCMLN,86.22,2026-06-16,-1.23,4.13,-7.12,11.32,-3.86,-33.87
WORTHPERI,127.06,2026-06-16,-2.24,-1.35,-7.12,-2.25,-11.46,-13.05
ONWARDTEC,251.85,2026-06-16,-0.28,-2.46,-7.12,8.84,-7.71,-18.43
MURUDCERA,31.5,2026-06-16,-0.32,-3.43,-7.13,7.66,-8.19,-27.86
HERANBA,189.87,2026-06-16,0.16,10.0,-7.16,10.65,-22.07,-34.28
AONESILVER,9.41,2026-06-16,-1.26,2.95,-7.2,0.64,,
OMFREIGHT,82.84,2026-06-16,-1.42,1.67,-7.21,15.71,-8.67,
ORIANA,1688.25,2026-06-15,0.4,0.17,-7.22,-4.22,-23.29,-27.65
SOMATEX,97.68,2026-06-16,-0.37,-0.23,-7.22,-0.7,-6.8,125.8
ONMOBILE,51.3,2026-06-16,2.58,2.66,-7.23,6.06,-15.14,-5.16
TEXRAIL,107.83,2026-06-16,1.27,4.65,-7.23,20.79,-15.31,-36.0
NECLIFE,11.78,2026-06-16,-0.93,1.2,-7.24,6.22,-44.41,-49.77
ATUL,6584.0,2026-06-16,0.23,-0.13,-7.27,5.24,14.32,-8.93
GLENMARK,2156.7,2026-06-16,0.0,-0.91,-7.27,-0.86,9.67,28.43
CRAYONS,30.5,2026-06-15,-1.77,-10.82,-7.29,-17.57,-23.17,-39.12
MANAV,41.25,2026-06-15,0.0,-2.02,-7.3,1.48,49.73,164.42
ASCOM,234.7,2026-06-15,-4.98,-5.67,-7.31,-0.55,104.09,206.6
PROZONER,48.53,2026-06-16,1.57,-5.09,-7.33,10.85,-9.8,35.52
GOKULAGRO,222.43,2026-06-16,-0.31,-3.11,-7.34,39.74,15.45,56.22
SWARAJ,257.6,2026-06-15,9.57,16.01,-7.34,-11.52,1.7,23.31
SANDESH,959.5,2026-06-16,0.47,2.11,-7.34,2.84,-11.28,-17.2
TVTODAY,106.7,2026-06-16,0.07,-3.09,-7.35,4.17,-20.5,-35.23
DRONE,41.5,2026-06-15,4.27,3.75,-7.37,-6.43,-37.87,-62.73
GLAXO,2202.8,2026-06-16,3.78,0.87,-7.38,-6.0,-12.63,-32.91
GODFRYPHLP,2245.2,2026-06-16,0.27,2.81,-7.41,11.17,-21.64,-17.83
DISHTV,3.11,2026-06-16,-1.27,3.32,-7.44,32.91,-22.25,-37.42
JIWANRAM,5.6,2026-06-15,7.69,7.69,-7.44,12.0,-9.68,-52.54
SEJALLTD,725.0,2026-06-16,5.0,3.5,-7.45,43.92,-14.2,51.39
PATANJALI,425.55,2026-06-16,-0.04,1.33,-7.46,-11.71,-20.58,-23.41
MAHKTECH,22.94,2026-06-16,0.17,-6.18,-7.46,0.75,-12.24,3.75
JINDALSTEL,1139.8,2026-06-16,-0.84,-1.43,-7.48,0.6,12.72,23.79
GICRE,358.4,2026-06-16,-7.45,-6.9,-7.5,-1.14,-5.08,-4.82
ABANSENT,28.0,2026-06-16,0.54,4.05,-7.5,,,
GMRP&UI,105.34,2026-06-16,-0.92,-0.04,-7.52,1.74,-8.9,-3.13
PTC,195.24,2026-06-16,2.43,1.13,-7.53,24.1,24.54,15.73
TPHQ,0.49,2026-06-16,2.08,-2.0,-7.55,-3.92,-9.26,-34.67
TATACONSUM,1130.9,2026-06-16,2.77,2.16,-7.58,4.37,-2.52,5.27
BALAJEE,29.3,2026-06-16,1.35,2.56,-7.6,14.54,-24.62,-38.51
AUROPHARMA,1396.7,2026-06-16,-0.82,-3.8,-7.61,9.15,18.56,22.4
PIIND,2878.0,2026-06-16,1.53,7.36,-7.61,-0.42,-11.55,-30.31
MFML,23.64,2026-06-16,3.05,-0.84,-7.62,-0.25,-9.08,-23.45
SRD,38.99,2026-06-16,0.44,2.96,-7.63,-17.25,-36.13,-39.7
ISHAN,0.6,2026-06-15,0.0,0.0,-7.69,-7.69,-20.0,-40.0
SHRENIK,0.36,2026-06-16,-2.7,-2.7,-7.69,-10.0,-29.41,-40.98
DECCANCE,577.5,2026-06-16,-0.35,-1.41,-7.7,-11.39,-25.06,-20.98
SALZERELEC,656.25,2026-06-16,2.58,4.68,-7.71,19.94,-5.05,-28.4
MAMATA,369.45,2026-06-16,2.37,2.04,-7.72,-2.05,-12.86,-13.52
WINNY,41.25,2026-06-15,4.83,9.85,-7.72,-19.59,-45.0,-74.22
SHIVAMAUTO,16.92,2026-06-16,0.48,-0.94,-7.74,8.74,-37.7,-47.53
TATASTEEL,196.0,2026-06-16,-0.65,-1.32,-7.75,7.01,17.79,29.75
ICDSLTD,42.2,2026-06-16,-2.07,-2.11,-7.78,-16.07,-3.67,-24.99
RNBDENIMS,11.12,2026-06-16,-1.33,14.88,-7.79,-67.4,-72.2,
GREENCHEF,51.45,2026-06-15,4.68,-11.98,-7.8,1.98,-8.45,-17.81
REGENCERAM,39.91,2026-06-16,-2.16,0.43,-7.81,-5.09,-12.55,-16.96
HINDCON,21.52,2026-06-16,0.51,-1.74,-7.84,17.28,-24.06,-40.06
GATECHDVR,0.47,2026-06-16,0.0,0.0,-7.84,11.9,-4.08,-48.91
PRAJIND,341.4,2026-06-16,1.32,-4.66,-7.85,15.71,-1.1,-30.41
AMBER,7810.5,2026-06-16,2.5,0.78,-7.86,19.64,15.21,20.72
AATMAJ,19.35,2026-06-15,3.2,-0.77,-7.86,2.93,0.0,3.2
NAMAN,47.9,2026-06-15,3.01,-0.62,-7.88,-2.64,-27.42,-56.2
SUMIT,41.42,2026-06-16,4.75,3.01,-7.91,4.33,-40.1,-57.77
MIRCELECTR,38.1,2026-06-16,1.22,0.47,-7.93,62.33,61.58,161.5
MCL,59.59,2026-06-16,-0.05,1.02,-7.93,-2.57,12.5,6.3
SPCL,70.25,2026-06-15,1.81,-2.63,-7.93,-7.14,-11.13,-44.82
GRPLTD,1664.5,2026-06-16,-1.46,-5.28,-7.94,-4.05,-4.44,-40.4
DRSDILIP,110.0,2026-06-15,-7.95,-7.95,-7.95,4.76,69.75,12.24
OSWALSEEDS,11.1,2026-06-16,0.91,0.45,-7.96,-4.06,-18.44,-22.43
HINDALCO,982.4,2026-06-16,-3.11,-7.53,-7.97,6.65,17.35,52.34
SUNCLAY,1335.4,2026-06-16,-2.45,0.42,-7.98,1.89,9.18,-38.3
CPSEETF,97.42,2026-06-16,0.48,-2.72,-8.0,-3.59,9.63,3.84
ADVENTHTL,138.32,2026-06-16,-1.15,7.94,-8.0,-12.31,-34.45,
ANDHRSUGAR,83.4,2026-06-16,-0.97,7.1,-8.01,19.59,10.14,11.24
LCCINFOTEC,4.35,2026-06-16,-0.46,1.64,-8.03,-13.0,8.75,-22.18
MACPOWER,1000.95,2026-06-16,-0.96,3.16,-8.03,12.25,-0.31,7.69
JPPOWER,17.97,2026-06-16,-2.71,-2.92,-8.03,33.11,0.45,1.58
BASILIC,207.15,2026-06-15,2.75,-1.82,-8.08,3.39,-35.45,-54.98
DHANLAXMI,29.0,2026-06-15,1.05,1.75,-8.08,23.4,3.76,-47.22
TIL,181.85,2026-06-16,-0.05,4.32,-8.11,-5.76,-32.12,-49.97
RETAIL,17.88,2026-06-16,0.39,-1.22,-8.12,-11.66,-29.08,-50.5
ICICIPRULI,490.35,2026-06-16,0.86,3.14,-8.13,-15.73,-22.87,-22.97
PARASPETRO,1.92,2026-06-16,-0.52,1.05,-8.13,-5.88,0.0,-28.36
JKLAKSHMI,600.5,2026-06-16,0.65,1.56,-8.14,2.87,-23.15,-26.86
WHIRLPOOL,785.6,2026-06-16,-1.06,0.78,-8.14,-4.12,-16.84,-40.42
SUVIDHAA,2.71,2026-06-16,2.26,1.88,-8.14,2.26,-26.16,-29.79
AKSHAR,0.45,2026-06-16,0.0,0.0,-8.16,15.38,-15.09,-22.41
CELLECOR,37.65,2026-06-15,5.17,-3.09,-8.17,56.55,20.87,2.87
MATRIMONY,392.95,2026-06-16,-0.34,-2.93,-8.18,-0.1,-24.33,-28.53
KCPSUGIND,22.63,2026-06-16,-1.78,-5.27,-8.19,-0.92,-13.86,-35.84
ASHIMASYN,16.05,2026-06-16,-1.77,-1.41,-8.23,11.85,-10.13,-44.66
JUBLFOOD,423.35,2026-06-16,0.17,2.11,-8.24,-9.5,-24.43,-38.76
3BBLACKBIO,1258.7,2026-06-16,-2.23,9.03,-8.24,,,
SANWARIA,0.22,2026-06-16,0.0,0.0,-8.33,-8.33,-18.52,-42.11
ANURAS,1261.4,2026-06-16,-0.64,-3.12,-8.33,2.01,-4.48,13.34
PRITI,41.25,2026-06-16,3.67,1.98,-8.35,20.4,-27.77,-55.64
KRSNAA,535.35,2026-06-16,-0.63,-0.03,-8.39,-10.72,-27.9,-20.3
GUJALKALI,643.95,2026-06-16,-1.53,2.74,-8.39,54.65,27.65,12.15
CHEMBOND,162.88,2026-06-16,4.7,4.4,-8.42,25.45,-0.19,-31.35
FALCONTECH,13.5,2026-06-15,1.12,-6.25,-8.47,-11.18,-11.18,-57.48
CHEVIOT,1093.6,2026-06-16,-0.36,1.98,-8.49,12.46,3.76,0.92
AHLWEST,538.65,2026-06-16,-3.81,-6.53,-8.53,273.67,273.67,273.67
ESCONET,113.45,2026-06-15,-4.66,-8.29,-8.54,-4.5,-20.19,-47.72
MENNPIS,55.44,2026-06-16,-2.17,3.84,-8.56,,,
SAPPL,274.0,2026-06-16,-2.11,-2.13,-8.56,,,
FCONSUMER,0.32,2026-06-15,3.23,0.0,-8.57,-5.88,-31.91,-37.25
GEEKAYWIRE,24.4,2026-06-16,3.35,7.87,-8.58,20.2,-24.83,-31.57
WEL,94.11,2026-06-16,-0.21,1.35,-8.58,-31.13,-43.94,-46.95
HNGSNGBEES,491.19,2026-06-16,-1.05,0.48,-8.59,-1.18,-2.22,27.33
TECHNOE,1092.9,2026-06-16,1.2,8.32,-8.62,1.42,-0.77,-26.03
MEDPLUS,868.9,2026-06-16,-0.21,2.0,-8.63,5.23,8.4,-2.02
PML,503.75,2026-06-16,-0.62,-0.42,-8.65,,,
USASEEDS,95.0,2026-06-15,-1.04,0.0,-8.65,0.0,-41.9,-47.51
SECL,3.15,2026-06-15,0.0,0.0,-8.7,-19.23,-32.26,-54.35
VERITAAS,43.35,2026-06-15,-4.93,-4.93,-8.74,-17.98,-23.07,-45.27
SYLVANPLY,52.0,2026-06-15,-3.7,-3.7,-8.77,17.25,-17.46,-39.22
SIGNPOST,257.15,2026-06-16,-0.79,-1.17,-8.81,11.44,16.51,35.21
GALLANTT,679.25,2026-06-16,0.62,9.37,-8.81,26.4,14.19,49.98
INFINIUM,196.05,2026-06-15,-3.85,-7.3,-8.81,-3.57,-14.24,-34.98
PAKKA,82.54,2026-06-16,2.28,2.92,-8.84,7.99,-19.96,-56.0
URAVIDEF,113.22,2026-06-16,-0.61,-2.14,-8.85,-10.67,-31.75,-77.27
CARERATING,1640.1,2026-06-16,-0.68,2.67,-8.9,4.81,6.28,-12.07
LATTEYS,22.4,2026-06-16,1.36,-2.48,-8.91,14.58,1.73,8.69
RUCHIRA,109.13,2026-06-16,0.48,-1.04,-8.94,6.79,-8.44,-18.88
TRANSWIND,13.2,2026-06-15,0.0,-4.69,-8.97,-36.69,-40.81,-17.5
ANTGRAPHIC,0.81,2026-06-16,2.53,0.0,-8.99,3.85,-13.83,-36.72
MAANALU,126.82,2026-06-16,-0.58,0.83,-9.01,1.58,-21.46,-0.78
NESCO,1119.4,2026-06-16,1.31,3.24,-9.02,9.56,-9.91,11.44
CPS,933.5,2026-06-15,-6.65,-9.81,-9.02,-8.93,-1.19,6.47
MAGSON,160.1,2026-06-15,-5.82,-5.82,-9.03,15.18,41.81,19.7
ELIN,107.72,2026-06-16,-0.04,2.34,-9.03,-8.37,-34.09,-39.67
GNRL,88.72,2026-06-16,-1.7,-4.57,-9.03,,,
SHRITECH,61.15,2026-06-15,-11.89,-7.56,-9.07,1.92,-2.94,-23.61
AJOONI,3.8,2026-06-16,1.6,0.53,-9.09,-6.17,-12.84,-32.62
ULTRAMAR,377.0,2026-06-16,-1.39,-0.89,-9.1,,,
PFIZER,4503.1,2026-06-16,-0.33,-0.55,-9.11,-5.19,-10.32,-21.1
SCODATUBES,133.55,2026-06-16,1.61,10.46,-9.12,13.41,-14.77,-23.84
NTPCGREEN,98.14,2026-06-16,-0.6,-1.64,-9.12,-0.37,8.72,-9.42
HGM,53.79,2026-06-16,0.07,-2.8,-9.15,17.81,-25.19,-11.76
NATIONALUM,366.65,2026-06-16,-4.11,-3.05,-9.16,-1.01,34.76,103.8
SRTL,41.8,2026-06-16,1.09,1.36,-9.17,-17.37,,
APS,314.75,2026-06-15,3.23,1.24,-9.19,3.38,-16.71,-44.8
ESFL,118.05,2026-06-15,-4.37,-1.62,-9.19,-20.61,-33.32,-68.77
SHREEOSFM,59.0,2026-06-15,13.68,7.66,-9.23,-20.27,-28.92,-49.83
HBSL,54.68,2026-06-16,1.35,2.24,-9.24,12.44,-26.22,-44.4
URBAN,132.0,2026-06-15,0.3,-0.75,-9.28,5.39,-9.43,-15.09
DCAL,176.15,2026-06-16,-2.27,-4.46,-9.32,6.54,-23.62,-35.78
RACE,109.71,2026-06-16,-0.26,1.58,-9.35,6.21,-23.69,-57.53
RSSOFTWARE,31.63,2026-06-16,1.09,0.51,-9.37,17.67,-46.13,-50.27
DEVX,36.54,2026-06-16,0.3,-0.27,-9.37,1.16,-16.08,
VEDL,299.95,2026-06-16,-0.84,-1.41,-9.39,-55.52,-46.45,-30.76
BALAXI,23.45,2026-06-16,-1.43,-4.29,-9.39,32.71,-18.32,-53.05
GLOBALE,12.0,2026-06-16,-2.12,-6.18,-9.43,10.4,3.63,-21.62
KECL,104.04,2026-06-16,2.0,-1.07,-9.44,32.52,1.33,-26.06
SOLARWORLD,185.84,2026-06-16,-0.21,1.69,-9.46,20.61,-33.69,
TEAMGTY,244.15,2026-06-16,1.88,-2.07,-9.47,-3.71,-11.75,44.13
BAJAJST,370.25,2026-06-16,-0.75,-2.41,-9.47,,,
FORCEMOT,18427.0,2026-06-16,-0.61,6.6,-9.48,-11.07,6.33,32.28
AKIKO,258.0,2026-06-15,6.7,1.53,-9.49,29.49,-5.15,207.51
NAGAFERT,3.52,2026-06-15,-4.86,-4.86,-9.51,-15.59,-25.74,-38.89
KOTYARK,404.25,2026-06-16,-1.09,0.5,-9.61,15.5,58.84,27.38
SOMICONVEY,100.18,2026-06-16,0.71,2.75,-9.63,3.73,-21.94,-35.95
FELIX,185.65,2026-06-15,-1.41,-1.62,-9.66,5.63,22.38,13.24
EVERESTIND,343.5,2026-06-16,-1.53,-0.88,-9.68,-1.12,-33.78,-35.76
ESSENTIA,1.45,2026-06-16,-4.61,-13.17,-9.68,13.28,-8.23,-36.12
MEGAFLEX,126.95,2026-06-15,0.0,0.0,-9.71,-14.08,14.27,118.88
MANORG,518.7,2026-06-16,5.0,9.86,-9.75,30.94,6.95,-8.55
SCHAND,148.9,2026-06-16,-0.89,1.86,-9.75,6.58,-8.24,-30.45
CHEMFAB,384.8,2026-06-16,-0.03,-5.54,-9.76,8.67,-14.93,-48.44
GSLSU,50.74,2026-06-16,-0.7,-5.42,-9.84,-20.87,-55.69,-59.4
SIDDHIKA,201.8,2026-06-15,-1.68,-8.11,-9.85,-2.04,-8.23,4.11
DCG,57.8,2026-06-15,2.3,-0.17,-9.9,2.3,-14.37,-16.95
SURAJEST,195.84,2026-06-16,-0.08,6.56,-9.9,-1.29,-24.81,-47.35
LAXMIINDIA,113.52,2026-06-16,3.31,10.37,-9.91,42.92,-12.12,
TATVA,1185.9,2026-06-16,0.51,4.01,-9.91,3.06,-16.81,25.48
APEX,419.8,2026-06-16,-1.64,7.93,-9.91,27.83,59.71,74.52
NTPC,355.55,2026-06-16,2.14,-1.89,-10.04,-7.02,11.6,9.36
SUKHJITS,168.13,2026-06-16,-1.22,-0.58,-10.08,5.38,16.05,-11.91
ABMKNO,213.92,2026-06-16,-0.93,-0.5,-10.11,,,
DIAMINESQ,247.74,2026-06-16,-1.9,-0.49,-10.11,11.87,-5.04,-33.57
TECILCHEM,10.82,2026-06-16,-1.55,-1.37,-10.13,-10.21,-43.82,-57.08
DEEPAKNTR,1641.3,2026-06-16,-1.52,-1.41,-10.13,17.93,2.88,-13.64
AARTIPHARM,639.35,2026-06-16,-0.2,5.44,-10.17,1.59,-15.13,-26.52
AMEYA,106.0,2026-06-15,-1.26,-1.85,-10.17,6.0,2.91,-10.32
BASF,3462.0,2026-06-16,0.41,3.82,-10.2,-0.11,-11.14,-31.57
COCHINSHIP,1431.6,2026-06-16,1.4,1.74,-10.22,7.26,-8.04,-34.18
HINDCOPPER,511.75,2026-06-16,-0.84,1.11,-10.26,7.16,38.76,96.08
PRAVEG,232.95,2026-06-16,0.39,4.58,-10.39,,,
EXCELSOFT,79.4,2026-06-16,-0.06,-5.27,-10.4,3.22,-15.64,
PARTYCRUS,97.75,2026-06-15,-2.25,-2.25,-10.44,22.19,20.83,14.86
BLUECOAST,28.99,2026-06-16,0.03,-1.66,-10.52,48.13,-21.61,-9.12
CHAVDA,89.45,2026-06-15,1.36,-0.78,-10.55,-3.97,-26.68,-30.93
REMUS,773.75,2026-06-15,9.16,8.99,-10.57,17.31,2.4,-59.52
GANECOS,909.4,2026-06-16,-2.12,-1.1,-10.57,8.11,-1.16,-39.62
DIGITIDE,83.75,2026-06-16,-1.11,-0.88,-10.61,8.01,-39.46,-64.77
SPCENET,3.36,2026-06-16,0.3,-4.82,-10.63,-12.71,-48.08,-54.77
CONCOR,463.35,2026-06-16,0.87,4.04,-10.69,1.99,-6.63,-23.13
EUREKAFORB,456.85,2026-06-16,-0.1,5.06,-10.74,4.87,-28.81,-22.45
VCL,1.33,2026-06-16,1.53,-7.64,-10.74,-8.28,-33.17,52.87
CHEMPLASTS,204.73,2026-06-16,1.74,4.41,-10.74,-22.43,-20.14,-52.92
ATULAUTO,462.2,2026-06-16,-0.62,1.22,-10.75,13.97,6.46,-0.09
CIFL,24.9,2026-06-16,1.1,7.33,-10.78,0.85,-30.0,-41.03
SUPREME,45.41,2026-06-16,-1.3,0.96,-10.8,-13.93,-42.25,-51.75
TDPOWERSYS,1169.5,2026-06-16,-2.26,-4.59,-10.81,47.13,69.7,129.61
ARSHIYA,1.07,2026-06-16,-2.73,-7.76,-10.83,-23.02,-15.08,-56.85
AUROIMPEX,28.0,2026-06-15,-1.58,-0.88,-10.83,-2.1,-28.57,-44.17
HRHNEXT,25.8,2026-06-15,-11.64,-6.18,-10.88,13.16,-6.69,-55.78
PCCL,268.2,2026-06-15,-9.07,3.15,-10.9,19.71,42.47,44.97
BI,57.44,2026-06-16,-2.43,-8.56,-10.97,,,
ABMINTLLTD,40.79,2026-06-16,-1.33,-5.03,-11.0,-10.06,-4.38,-15.55
AAREYDRUGS,78.93,2026-06-16,-0.53,-1.23,-11.01,25.66,16.66,37.58
INNOVANA,329.75,2026-06-16,5.15,5.33,-11.07,-14.36,-24.29,-19.26
AUSOMENT,120.89,2026-06-16,1.81,2.25,-11.07,22.04,12.26,8.42
WINSOL,125.65,2026-06-15,2.99,4.58,-11.08,9.88,-20.55,-37.28
PRITIKA,65.0,2026-06-15,0.7,1.64,-11.08,10.64,-13.1,-12.16
PHANTOMFX,170.75,2026-06-15,-1.01,-3.78,-11.11,-7.3,-29.27,-34.35
FUSION,181.38,2026-06-16,2.16,10.07,-11.11,15.93,16.31,-7.93
PAVNAIND,17.08,2026-06-16,0.95,4.21,-11.13,-4.79,-36.93,-61.07
RUDRA,18.32,2026-06-16,0.71,2.69,-11.15,8.92,,
NLCINDIA,313.45,2026-06-16,-1.4,-6.64,-11.15,21.96,32.22,38.43
EMMIL,126.15,2026-06-15,-0.12,1.37,-11.16,-11.04,-33.61,-35.79
JUBLINGREA,650.0,2026-06-16,1.85,5.18,-11.18,18.17,-6.77,-15.56
MONOPHARMA,11.1,2026-06-15,-5.93,-6.33,-11.2,-4.31,-34.9,-55.6
ALMONDZ,13.25,2026-06-16,-0.97,-2.0,-11.31,-3.5,-13.23,-36.11
AXISCADES,1825.3,2026-06-16,-4.22,-1.03,-11.32,38.43,44.74,49.95
SDBL,77.57,2026-06-16,-1.08,10.11,-11.32,7.95,-27.59,-51.83
POWERICA,487.25,2026-06-16,1.72,-1.88,-11.38,,,
JAIBALAJI,67.81,2026-06-16,-0.89,1.48,-11.45,8.08,7.96,-36.35
BMETRICS,35.4,2026-06-15,-4.07,-3.15,-11.5,-11.5,-12.59,-26.03
HINDZINC,564.3,2026-06-16,0.08,1.49,-11.52,7.64,1.22,14.25
CROWN,112.95,2026-06-16,0.78,0.67,-11.63,-4.99,-16.95,-44.5
AGIIL,370.25,2026-06-16,-2.58,0.33,-11.67,21.89,38.9,116.02
SURAKSHA,270.05,2026-06-16,0.67,-2.05,-11.68,7.55,-5.46,-17.58
SPRL,83.0,2026-06-15,0.3,1.34,-11.7,-31.97,-52.54,-34.83
XELPMOC,87.12,2026-06-16,3.25,-2.15,-11.71,-12.24,-35.67,-7.75
UMA,18.1,2026-06-15,-7.18,-8.35,-11.71,5.85,-9.05,-25.05
BUTTERFLY,627.75,2026-06-16,-0.34,-3.84,-11.78,3.93,-5.41,-14.57
RALLIS,229.36,2026-06-16,0.23,1.19,-11.91,-1.82,-13.93,-27.01
BIGBLOC,50.46,2026-06-16,-0.16,3.11,-11.92,-0.12,-31.28,-27.91
KOTHARIPET,123.18,2026-06-16,1.28,7.48,-11.93,18.64,-1.69,-31.85
SHIVALIK,227.85,2026-06-16,3.57,-3.82,-11.99,-10.58,-39.08,-57.68
MAITREYA,153.0,2026-06-15,-2.67,-7.08,-12.07,-24.93,-33.85,-46.86
BUILDPRO,1015.0,2026-06-16,1.92,-5.16,-12.07,10.64,,
INDOTHAI,236.7,2026-06-16,-2.15,1.26,-12.11,-7.45,-40.73,30.4
MVKAGRO,443.0,2026-06-15,-4.17,-5.74,-12.15,-12.1,-41.71,255.97
HALEOSLABS,1374.5,2026-06-16,-3.42,1.31,-12.16,7.33,0.7,16.85
ARIS,121.11,2026-06-16,-3.42,6.68,-12.18,15.99,-2.63,
GVKPIL,2.81,2026-06-16,-1.75,-4.75,-12.19,5.24,-9.94,-35.99
MARINETRAN,14.7,2026-06-15,-7.55,-7.55,-12.24,-15.76,-32.41,-8.98
CMRSL,67.5,2026-06-15,3.85,-2.17,-12.34,1.58,-10.0,-23.27
KCK,13.5,2026-06-15,0.37,5.47,-12.34,-35.41,-56.59,-65.38
CROMPTON,264.7,2026-06-16,-0.51,3.04,-12.34,7.1,4.85,-23.4
MEESHO,167.1,2026-06-16,-0.85,-0.51,-12.35,23.99,-7.32,
RPPINFRA,62.8,2026-06-16,-0.87,5.85,-12.38,-8.89,-37.55,-55.12
MAXPOSURE,33.15,2026-06-15,-1.04,-2.5,-12.42,1.84,-29.54,-41.89
FILATFASH,0.21,2026-06-16,5.0,10.53,-12.5,23.53,-47.5,-59.62
MMWL,12.88,2026-06-16,-1.98,-2.2,-12.5,,,
SUMEETINDS,25.86,2026-06-16,1.53,10.37,-12.52,-14.63,-12.46,37.36
SHERA,151.7,2026-06-15,-4.59,-7.36,-12.54,36.36,24.65,-2.13
GMMPFAUDLR,784.05,2026-06-16,0.99,2.6,-12.54,-9.35,-25.5,-29.63
BHANDARI,3.06,2026-06-16,-1.61,-0.97,-12.57,18.6,-25.0,-44.17
NIRAJISPAT,202.0,2026-06-16,3.68,-5.16,-12.59,-15.82,-2.44,-28.0
NURECA,238.4,2026-06-16,1.17,3.99,-12.67,-3.17,-13.15,-12.83
SEMAC,341.1,2026-06-16,-0.01,-3.21,-12.68,44.37,9.82,-16.54
VENKEYS,1412.3,2026-06-16,0.77,3.62,-12.7,16.23,-1.91,-12.75
WIMPLAST,335.3,2026-06-08,1.45,-3.32,-12.73,,,
SECURKLOUD,19.23,2026-06-16,1.16,-4.75,-12.79,-11.38,-17.57,-20.04
ONESOURCE,1599.9,2026-06-16,-1.45,-7.94,-12.8,7.15,0.42,-26.13
ODIGMA,23.15,2026-06-16,3.3,10.61,-12.84,5.32,-26.48,-42.67
REMSONSIND,89.19,2026-06-16,-1.75,7.77,-12.85,-3.66,-23.35,-36.58
SAHYADRI,273.55,2026-06-16,0.29,1.58,-12.85,22.7,6.67,-13.28
ASPIRE,13.5,2026-06-15,-7.53,-15.36,-12.9,16.88,-27.81,-64.98
VISASTEEL,41.48,2026-06-15,-10.72,-24.04,-13.0,21.32,-11.82,39.43
SIKKO,3.93,2026-06-16,-1.75,-1.26,-13.05,-9.66,-25.29,5.72
SATIA,55.47,2026-06-16,-0.14,2.12,-13.06,-6.76,-16.56,-31.28
MAPMYINDIA,881.45,2026-06-16,2.06,4.83,-13.08,-0.67,-46.34,-49.16
ORICONENT,56.44,2026-06-16,-0.74,-2.86,-13.09,-14.72,-3.07,23.5
KDL,129.65,2026-06-15,17.01,0.19,-13.13,3.6,-13.48,-57.31
LOYALTEX,200.0,2026-06-16,-1.96,-1.96,-13.16,1.72,-6.45,-31.6
BANARBEADS,99.98,2026-06-16,-0.72,-2.48,-13.22,-11.58,-22.69,-19.12
TIRUMALCHM,178.45,2026-06-16,1.81,6.38,-13.24,7.19,-25.02,-39.46
HEG,541.3,2026-06-16,-0.29,2.8,-13.34,8.56,1.37,7.63
BAIDFIN,10.04,2026-06-16,0.2,0.6,-13.37,-9.22,-14.33,-17.4
ESABINDIA,5705.0,2026-06-16,-0.96,-0.76,-13.4,3.26,-5.26,12.68
WAKEFIT,124.05,2026-06-16,-0.43,9.74,-13.4,-20.49,-36.05,
QUESTLAB,99.65,2026-06-15,-1.48,-2.45,-13.42,-11.03,15.2,8.32
COMMITTED,257.1,2026-06-15,-3.31,-6.68,-13.43,8.28,24.47,5.15
SABEVENTS,7.66,2026-06-16,0.79,6.98,-13.45,-43.22,-5.43,26.82
SANGANI,45.0,2026-06-15,0.0,-8.35,-13.46,3.09,-24.87,-38.36
PRATHAM,116.0,2026-06-15,0.17,-10.77,-13.5,-11.21,-22.67,-23.53
RKDL,18.32,2026-06-16,1.22,-8.45,-13.5,-1.87,-23.03,-39.54
STYLEBAAZA,336.9,2026-06-16,1.2,2.32,-13.53,40.32,22.0,31.6
WOMANCART,107.3,2026-06-15,-6.53,-1.01,-13.54,-37.42,-65.68,-53.25
JAYNECOIND,89.95,2026-06-16,-4.21,1.07,-13.55,27.25,23.74,126.4
TTL,6.78,2026-06-16,-0.29,-8.75,-13.63,-21.35,-22.95,-56.94
SRPL,0.38,2026-06-15,-2.56,-5.0,-13.64,-25.49,-43.28,-29.63
KORE,123.45,2026-06-15,-9.56,-1.24,-13.67,20.03,-18.25,-11.82
KEL,82.0,2026-06-15,2.5,-3.53,-13.68,-1.2,-17.17,-37.86
BEACON,88.0,2026-06-15,-0.23,4.14,-13.73,17.88,1.32,52.91
REXPIPES,174.25,2026-06-15,0.0,0.0,-13.74,-11.99,13.52,26.27
HIGREEN,130.75,2026-06-15,4.81,9.37,-14.07,-0.19,-3.22,-41.54
SYMPHONY,672.3,2026-06-16,0.03,0.26,-14.26,-14.2,-22.07,-40.52
SAHAJSOLAR,132.85,2026-06-15,-1.59,-3.77,-14.29,13.4,-17.99,-49.29
JAINAM,255.3,2026-06-15,1.71,2.08,-14.3,31.19,1.71,-2.56
EFACTOR,186.8,2026-06-15,5.84,2.64,-14.31,-5.39,-42.52,-13.53
TRUST,32.4,2026-06-15,2.69,7.46,-14.4,-0.15,-34.55,-54.96
GIRIRAJ,139.5,2026-06-15,-7.0,-5.74,-14.42,-5.33,-19.71,-46.24
SHREYANIND,139.29,2026-06-16,-4.65,1.53,-14.5,0.55,-20.53,-36.28
AILIMITED,36.1,2026-06-15,-4.75,-9.75,-14.56,-17.3,-11.95,-54.88
NORBTEAEXP,74.81,2026-06-16,0.23,-7.39,-14.64,-14.23,5.96,111.27
LLOYDS,79.5,2026-06-15,-14.65,-14.65,-14.65,65.62,20.73,-22.33
PIONRINV,93.03,2026-06-16,-5.54,-9.4,-14.65,,,
VISHWAS,46.9,2026-06-15,-0.21,-6.76,-14.65,26.76,12.74,-21.7
SOLEX,1123.5,2026-06-16,3.53,6.3,-14.66,27.42,-23.59,-10.97
KARMAENG,42.92,2026-06-16,0.16,7.33,-14.72,12.0,-16.92,-43.38
RVNL,241.14,2026-06-16,0.6,5.66,-14.79,-9.58,-21.82,-40.62
BAJAJINDEF,239.35,2026-06-16,0.21,4.98,-14.82,1.59,-24.89,-45.58
THAKDEV,126.8,2026-06-16,4.92,4.79,-14.89,,,
MCX,2885.4,2026-06-16,-0.35,2.18,-14.91,12.9,41.94,85.02
MHHL,34.0,2026-06-15,-0.58,-8.11,-15.0,-4.23,-14.68,-42.47
VALIANTLAB,65.91,2026-06-16,-1.63,-10.86,-15.01,28.01,1.04,-42.96
CUBEXTUB,86.55,2026-06-16,0.01,0.52,-15.05,-1.21,-9.15,-22.07
ISGEC,922.15,2026-06-16,-0.34,2.36,-15.06,3.92,12.66,-25.12
DSFCL,23.52,2026-06-16,-0.55,-2.28,-15.09,5.52,,
MARATHON,409.3,2026-06-16,0.5,1.92,-15.22,7.34,-25.51,-30.84
INDOUS,89.19,2026-06-16,-0.93,-7.11,-15.24,-8.87,-28.95,-41.71
EASTSILK,49.18,2026-06-16,0.0,-8.91,-15.28,-26.28,-43.43,2632.22
ENFUSE,165.0,2026-06-15,-2.94,0.21,-15.38,-7.82,-28.26,-34.0
POCL,1307.2,2026-06-16,1.68,6.29,-15.38,25.61,1.23,74.26
NEPHROCARE,69.0,2026-06-15,-6.76,-4.76,-15.39,1.55,-41.7,-46.3
TICL,20.34,2026-06-16,-1.45,-11.26,-15.39,-19.06,-22.04,-23.68
REFRACTORY,32.55,2026-06-15,1.72,7.07,-15.45,-8.05,-35.74,-41.67
GRAPHITE,654.55,2026-06-16,-0.97,-2.62,-15.48,6.69,21.86,23.88
INFOLLION,172.9,2026-06-15,-3.14,-6.99,-15.58,-42.18,-58.69,-62.99
SHAH,4.66,2026-06-16,-5.48,-2.31,-15.58,-1.06,-2.31,-3.72
SEL,177.0,2026-06-15,-4.53,-11.94,-15.71,4.12,-19.55,-45.37
GOLDKART,151.65,2026-06-15,0.0,0.0,-15.73,-40.53,-41.65,-26.58
TRANSPEK,999.2,2026-06-16,1.84,2.04,-15.91,,,
FLFL,1.32,2026-06-16,-0.75,-2.94,-15.92,2.33,-7.69,-20.96
MASTERTR,78.15,2026-06-16,-0.77,-15.07,-15.99,11.6,-35.73,-51.38
SEYAIND,13.15,2026-06-16,-0.15,-5.05,-16.03,39.74,-25.41,-30.13
INNOVATIVE,74.0,2026-06-15,-3.83,-10.95,-16.1,-11.11,-30.29,2.21
KONTOR,56.2,2026-06-15,-11.5,-7.03,-16.12,-19.71,-14.85,-32.69
MADHUSUDAN,142.0,2026-06-15,-8.42,-8.97,-16.35,1.54,12.34,-6.27
FIBERWEB,29.0,2026-06-16,0.49,2.91,-16.43,-19.47,-19.38,-43.74
QUICKHEAL,174.22,2026-06-16,-0.22,-0.21,-16.45,22.49,-36.57,-52.64
BALAJITELE,84.68,2026-06-16,-0.22,-1.22,-16.51,-9.17,-20.19,-6.49
HYBRIDFIN,16.28,2026-06-16,-0.12,-1.27,-16.6,3.23,-13.86,-19.68
GRAPHISAD,30.0,2026-06-15,-0.33,-4.61,-16.67,-7.26,-27.54,-28.91
SANCO,2.9,2026-06-15,0.0,-6.45,-16.91,19.83,57.61,-8.23
TUNWAL,28.4,2026-06-15,-0.53,-3.89,-17.08,-5.8,-21.11,-7.03
ONGC,248.2,2026-06-16,1.87,-6.22,-17.09,-4.7,9.4,1.89
BOHRAIND,16.2,2026-06-16,-1.82,-4.65,-17.35,-4.26,-16.37,-47.98
BANG,31.25,2026-06-16,1.82,-16.02,-17.48,-5.65,-35.57,-43.08
COASTCORP,51.37,2026-06-16,5.24,7.56,-17.49,11.82,16.14,32.07
BIRDYS,106.1,2026-06-15,-9.7,-14.19,-17.5,-3.76,-13.39,-0.52
DMCC,258.4,2026-06-16,0.84,5.25,-17.56,18.17,-1.73,-2.84
HAVISHA,1.3,2026-06-16,0.78,-10.34,-17.72,11.11,-30.85,-45.61
LEXUS,15.86,2026-06-16,6.44,-2.7,-17.78,-54.03,-39.56,-53.34
BAJAJELEC,323.0,2026-06-16,0.8,5.42,-17.83,-10.5,-32.43,-50.35
MEDICAMEQ,227.8,2026-06-16,1.13,1.92,-17.9,-16.46,-42.03,-44.22
WEWIN,50.48,2026-06-16,-0.04,-11.79,-17.97,23.97,12.1,-2.62
DIGIDRIVE,18.57,2026-06-16,0.0,1.48,-17.98,-8.25,-31.98,-40.95
DELAPLEX,101.6,2026-06-15,5.72,1.4,-18.1,-1.07,-24.74,-33.59
MARC,72.7,2026-06-15,-5.46,-14.52,-18.31,15.31,,
GRCL,498.95,2026-06-15,-4.03,-6.39,-18.33,25.43,26.32,1.2
PURVFLEXI,51.25,2026-06-15,-3.21,-1.44,-18.33,9.04,-43.68,-32.39
AGNI,17.25,2026-06-15,-1.15,-3.9,-18.44,8.49,-26.91,-32.62
IITL,133.13,2026-06-16,-5.68,-3.15,-18.52,1.56,-20.4,-24.37
SHIVATEX,149.99,2026-06-16,-0.68,0.19,-18.55,4.53,-17.33,-27.35
MOXSH,114.0,2026-06-15,-4.88,4.11,-18.57,-3.68,27.95,321.44
DHTL,39.55,2026-06-15,-14.12,-18.37,-18.62,-7.7,-39.48,-36.31
RADIOWALLA,26.85,2026-06-15,-5.79,-9.6,-18.64,-32.54,-55.62,-58.05
CMNL,101.85,2026-06-15,-3.55,-7.7,-18.75,3.93,-18.52,-32.08
TAC,373.0,2026-06-15,1.83,0.69,-18.75,-15.92,-53.45,-66.13
ARISTO,94.05,2026-06-15,-0.27,-14.34,-18.85,8.98,-18.22,-16.79
OIL,419.65,2026-06-16,0.59,-12.75,-19.03,-8.79,6.07,-10.34
INSPIRE,9.25,2026-06-15,-6.09,-13.15,-19.21,-18.86,-17.41,-53.28
SONUINFRA,43.65,2026-06-15,-4.9,-6.03,-19.39,-14.41,-47.44,-65.38
KSR,30.5,2026-06-16,0.2,-5.19,-19.5,-16.32,71.44,
UNIVPHOTO,362.0,2026-06-16,-1.78,-2.86,-19.56,-26.55,50.36,46.32
DIGIKORE,51.6,2026-06-15,-7.86,-6.35,-19.69,-35.34,-32.55,-68.36
PENTAGON,55.0,2026-06-15,-2.65,-8.03,-19.71,-15.38,-23.61,-8.03
AVPINFRA,72.9,2026-06-15,1.25,7.21,-19.8,-22.28,-40.76,-56.12
FLAIR,267.7,2026-06-16,1.34,-6.09,-19.85,-10.15,-7.17,4.88
MARSONS,114.6,2026-06-16,1.99,-4.82,-19.9,-13.99,,
SKP,154.7,2026-06-15,2.96,-4.51,-19.91,0.45,-12.1,-31.65
ABINFRA,10.5,2026-06-16,-1.41,1.45,-19.97,-38.27,-44.71,-28.21
NEUEON,20.82,2026-06-15,-4.97,-9.71,-20.23,44.18,298.85,298.85
PRESSTONIC,29.95,2026-06-15,-5.67,-7.28,-20.45,-32.24,-51.22,-70.95
RKEC,25.61,2026-06-16,-3.25,-15.2,-20.47,-28.84,-52.76,-68.31
AGARWALFT,28.55,2026-06-15,-4.99,-14.14,-20.69,-1.38,-28.45,-43.18
AMBEY,22.6,2026-06-15,-0.88,-9.6,-20.7,7.62,-43.5,-43.99
TAPIFRUIT,47.4,2026-06-15,-4.91,-9.63,-21.0,-13.82,-34.62,-41.77
BCONCEPTS,175.1,2026-06-16,-1.89,-7.87,-21.15,-24.48,-44.0,-49.9
PRLIND,48.0,2026-06-15,4.92,-9.94,-21.44,-13.44,-36.97,-54.0
DUGLOBAL,32.4,2026-06-15,-2.11,-13.25,-21.55,-11.23,6.23,-28.79
MEDIORG,20.35,2026-06-15,-3.1,-5.79,-21.73,-8.13,-21.73,-55.81
MAL,30.5,2026-06-15,-4.69,-17.23,-21.9,-12.1,-36.59,-50.45
MEP,0.8,2026-06-16,-1.23,-6.98,-22.33,-13.98,-62.79,-67.48
MARCO,31.95,2026-06-15,-3.03,-7.79,-22.36,-2.29,-22.64,-26.55
ABAN,14.59,2026-06-15,-4.95,-9.66,-22.52,-43.45,-49.57,-73.35
DPSCLTD,7.67,2026-06-16,1.05,0.39,-22.6,-3.16,-24.28,-42.57
BILVYAPAR,3.94,2026-06-16,-1.01,-6.41,-22.9,-38.63,-45.66,-71.96
RAJESHEXPO,84.24,2026-06-16,5.0,-10.19,-23.26,-19.82,-56.95,-56.74
BLUEPEBBLE,76.5,2026-06-15,-18.53,-21.54,-23.39,-23.5,-35.93,-58.07
DELPHIFX,8.9,2026-06-16,-1.11,-1.66,-24.0,-9.55,-46.17,-11.45
AVANTIFEED,1000.9,2026-06-16,-3.74,-6.35,-24.36,-17.68,20.89,33.68
ANSALAPI,3.35,2026-06-16,-1.76,-6.16,-24.38,-4.83,-6.69,-20.62
MEGATHERM,197.95,2026-06-15,-10.99,-7.17,-24.42,-2.66,-13.16,-44.4
SHYAMTEL,16.43,2026-06-16,4.98,1.73,-24.53,88.63,29.78,0.0
BABAFP,19.8,2026-06-15,-20.8,-21.58,-24.71,-11.41,-37.54,-49.87
COMFINTE,5.87,2026-06-16,-3.14,-2.49,-24.74,,,
SAIFL,5.15,2026-06-15,0.98,-2.83,-25.36,-47.72,-57.44,-76.8
SETUINFRA,0.44,2026-06-16,0.0,0.0,-25.42,10.0,-12.0,-55.56
VPRPL,29.14,2026-06-16,4.97,-0.75,-25.45,-20.43,-60.81,-82.61
LAKPRE,4.72,2026-06-16,-1.87,-6.53,-25.55,-7.45,-10.94,-9.23
KANDARP,108.95,2026-06-15,-26.06,-28.79,-26.01,-22.1,-14.52,24.66
SIMBHALS,6.85,2026-06-16,-2.28,-2.56,-26.19,-9.39,-27.89,-63.13
NATCOPHARM,851.5,2026-06-16,0.46,-1.93,-28.99,-10.0,-7.43,-5.09
RMC,310.6,2026-06-16,-0.34,-0.5,-29.16,,,
OSIAHYPER,3.35,2026-06-16,3.4,2.76,-29.32,-45.17,-81.68,-83.74
VERTEXPLUS,51.2,2026-06-15,-22.42,-26.33,-30.01,-53.54,-56.24,-47.22
NEWJAISA,15.9,2026-06-15,2.91,-19.7,-30.87,-11.42,-49.52,-64.03
KCEIL,87.65,2026-06-15,-4.26,-9.12,-31.01,-27.26,-42.49,-70.7
EMPOWER,1.86,2026-06-16,-1.59,-9.71,-31.37,,,
RITEZONE,16.45,2026-06-15,-4.36,-15.64,-33.27,-7.32,-24.54,-29.09
WALPAR,24.05,2026-06-15,-6.6,-23.65,-34.11,-47.14,-43.08,-53.53
MADHAVBAUG,165.35,2026-06-15,-11.48,-8.8,-34.2,-19.89,-39.87,2.54
JAINREC,372.0,2026-06-16,6.01,9.64,-34.29,-12.44,-9.48,
SLONE,117.0,2026-06-15,-17.02,-29.09,-35.0,-39.06,-56.66,-54.54
IEML,47.7,2026-06-15,1.06,19.55,-38.85,-28.97,-48.76,-69.4
OWAIS,98.9,2026-06-15,2.17,-18.97,-39.47,-3.28,-67.13,-85.6
PARSVNATH,3.2,2026-06-16,-1.84,-10.61,-40.74,-50.84,-72.93,-82.78
GICL,23.53,2026-06-16,1.07,3.89,-41.41,-46.18,-50.57,-79.91
RAJTV,12.19,2026-06-16,1.67,-3.25,-42.53,-68.63,-68.93,-73.65
TECHLABS,135.3,2026-06-15,-14.45,-24.69,-43.09,-39.07,-54.62,-73.28
SCML,78.8,2026-06-15,-0.88,2.34,-44.51,-38.87,-47.11,-4.77
GRMOVER,92.96,2026-06-16,5.36,-23.65,-45.56,-39.32,-38.58,-23.07
PRAMARA,148.3,2026-06-15,0.41,19.79,-56.52,-57.68,-57.4,-15.01
LEMERITE,28.51,2026-06-16,4.17,1.86,-69.67,-67.65,-72.22,-54.07
