ticker,last_close,last_date,1W,2W,1M,3M,6M,12M
NV20,11785.5,2026-07-24,83072.19,83013.54,83485.1,80018.97,7600.42,7861.56
SHARDUL,53.61,2026-07-24,-0.5,32.96,88.11,93.54,,
VIJIFIN,9.27,2026-07-24,8.04,18.85,78.27,135.28,272.29,123.37
ACCORD,202.35,2026-07-23,0.0,-0.07,67.3,360.41,633.15,789.45
HUHTAMAKI,318.68,2026-07-24,27.58,43.85,59.76,79.8,77.87,43.25
GANDHAR,282.46,2026-07-24,23.71,37.04,57.41,105.9,74.04,69.26
KABRAEXTRU,376.8,2026-07-24,7.15,19.37,57.14,56.58,79.05,25.14
MPSLTD,2769.7,2026-07-24,34.35,37.07,52.55,71.8,53.97,18.34
KALYANKJIL,573.55,2026-07-24,0.62,12.32,52.46,41.51,56.2,-6.16
SANGINITA,61.63,2026-07-24,8.2,19.41,51.2,192.5,443.0,494.88
TIRUPATIFL,73.61,2026-07-24,5.22,6.57,51.15,61.39,117.4,77.33
SWARAJ,364.65,2026-07-23,1.32,6.42,47.75,25.61,52.35,83.61
SIGNORIA,135.0,2026-07-23,3.85,-9.85,47.54,117.39,47.86,26.17
BLUESTONE,772.4,2026-07-24,26.54,31.18,45.61,41.44,69.05,
WALPAR,34.85,2026-07-23,0.0,1.01,44.91,-8.29,-24.07,-32.0
SEL,265.5,2026-07-23,13.7,15.94,44.84,47.5,42.74,6.2
DIACABS,295.15,2026-07-24,20.66,29.76,44.38,82.51,139.18,78.8
AMIRCHAND,189.37,2026-07-23,-1.92,5.32,43.88,37.83,,
CYIENTDLM,670.45,2026-07-24,12.48,27.55,43.57,79.75,86.37,43.18
TATVA,1722.4,2026-07-24,0.51,23.79,42.8,35.63,48.92,69.79
VELJAN,1743.8,2026-07-24,2.01,3.05,42.22,78.3,,
SUPREMEENG,1.92,2026-07-24,6.67,16.36,41.18,81.13,37.14,28.0
DPABHUSHAN,1328.05,2026-07-24,-7.41,14.34,39.92,19.12,-3.22,-20.7
UNIVASTU,123.68,2026-07-24,5.56,18.37,39.63,80.45,88.19,34.67
SHAREINDIA,191.57,2026-07-24,5.76,7.0,39.28,32.28,34.89,9.77
TAC,529.7,2026-07-23,9.66,21.16,39.19,5.38,-20.7,-39.23
SUMIT,54.72,2026-07-24,9.75,16.65,38.74,2.61,10.06,-41.04
EMAMIPAP,118.18,2026-07-24,24.95,33.63,38.13,60.81,51.24,20.93
FILATEX,73.83,2026-07-24,1.88,14.68,37.38,78.29,72.74,28.41
GAUDIUMIVF,151.9,2026-07-24,2.62,16.83,37.04,22.12,,
TBZ,258.89,2026-07-24,1.28,15.01,36.63,77.1,58.41,34.36
FROG,207.45,2026-07-23,12.41,23.01,36.03,28.06,46.56,-16.95
GANECOS,1209.4,2026-07-24,1.45,7.73,35.96,19.92,77.16,-18.63
GOLDTECH,58.72,2026-07-24,7.59,-8.24,35.8,48.77,39.41,-16.39
BNALTD,461.1,2026-07-24,-12.5,35.62,35.62,10.81,,
PFOCUS,289.29,2026-07-24,1.82,7.34,35.18,-5.74,32.99,89.15
CBAZAAR,6.35,2026-07-23,-1.55,2.42,35.11,28.28,67.11,29.59
CLSL,59.25,2026-07-23,-1.41,26.06,34.97,28.8,14.27,7.63
UNIHEALTH,795.9,2026-07-23,11.0,7.56,34.84,61.69,192.29,352.22
COUNCODOS,6.4,2026-07-24,-3.03,0.31,34.74,23.08,23.79,-4.48
NILKAMAL,1676.1,2026-07-24,13.53,24.15,34.36,30.29,22.73,-2.22
CNL,987.0,2026-07-24,6.03,5.13,33.57,68.19,42.06,49.65
ECLERX,1861.5,2026-07-24,-0.85,11.94,33.53,26.81,-13.9,1.77
CHAVDA,121.0,2026-07-23,1.47,15.84,32.97,16.35,3.46,-2.38
MARC,117.85,2026-07-23,9.32,27.75,32.94,32.42,140.02,
SHALPAINTS,68.9,2026-07-24,17.22,30.12,32.81,37.52,15.08,-25.34
JUSTDIAL,728.95,2026-07-24,-2.46,7.7,32.32,38.22,13.08,-15.58
ZSARACOM,12364.5,2026-07-24,-4.03,-6.11,31.54,30.06,,
UYFINCORP,18.57,2026-07-24,8.85,11.2,31.42,30.87,48.09,-0.91
PICCADIL,737.2,2026-07-24,-1.92,2.55,31.0,17.46,22.33,19.15
KONSTELEC,61.3,2026-07-23,-2.31,4.43,30.43,37.91,44.41,-9.85
SKYGOLD,653.7,2026-07-24,-0.71,4.89,29.86,58.45,116.82,112.34
MAPMYINDIA,1117.1,2026-07-24,1.83,-5.72,29.68,21.18,-14.43,-39.15
RPGLIFE,2937.0,2026-07-24,-2.65,4.04,29.59,45.89,38.88,17.86
MBAPL,148.25,2026-07-24,1.86,11.59,29.48,46.38,81.73,70.99
ASAHISONG,332.95,2026-07-24,22.91,17.26,29.46,49.18,41.35,-23.96
SPECTRUM,2281.6,2026-07-24,18.1,13.77,29.18,101.25,92.65,47.49
PREMIERPOL,79.3,2026-07-24,7.18,20.88,29.09,48.09,72.13,51.47
MASTER,440.0,2026-07-23,-5.38,4.94,29.03,34.84,42.7,9.61
UNIVPHOTO,475.75,2026-07-24,8.51,29.42,28.62,14.54,142.19,77.37
BAFNAPH,238.15,2026-07-24,4.0,14.11,28.45,75.08,93.44,168.16
KANORICHEM,161.75,2026-07-24,10.53,21.29,28.37,100.86,136.03,77.34
MORARJEE,12.4,2026-07-23,0.0,21.21,28.36,66.89,72.22,66.44
CONSOFINVT,286.42,2026-07-24,1.19,10.28,28.31,30.33,71.34,37.38
SHREEJISPG,625.8,2026-07-24,1.62,9.65,28.19,67.68,95.47,
STALLION,241.9,2026-07-24,11.42,15.26,27.9,53.29,22.54,112.81
VERTEXPLUS,48.3,2026-07-23,0.0,0.0,27.78,-48.31,-49.69,-64.12
IKIO,204.82,2026-07-24,-4.45,0.0,27.71,44.41,37.1,-1.21
AEGISLOG,1349.6,2026-07-24,-2.48,4.33,27.65,89.89,108.3,80.34
MENONBE,213.77,2026-07-24,2.9,20.12,27.41,81.68,76.84,79.06
THANGAMAYL,6906.5,2026-07-24,8.46,11.12,27.13,82.29,94.11,269.55
INDNIPPON,1198.0,2026-07-24,-0.94,-3.08,26.94,52.56,72.12,54.69
OPTIEMUS,599.95,2026-07-24,-1.16,3.46,26.92,48.91,56.42,3.18
ORIENTLTD,89.29,2026-07-24,26.72,21.09,26.63,42.2,36.78,1.49
GCSL,531.0,2026-07-24,2.23,3.97,26.54,56.71,76.39,
NURECA,301.64,2026-07-24,6.79,22.83,26.42,12.19,7.02,19.82
AEGISVOPAK,292.64,2026-07-24,4.13,-3.51,26.42,55.66,45.54,8.89
SMVD,14.6,2026-07-23,0.0,4.66,26.41,26.96,56.99,21.67
KCPSUGIND,27.85,2026-07-24,28.28,26.76,25.96,9.56,20.25,-20.39
INVPRECQ,979.85,2026-07-24,17.72,22.16,25.86,60.91,,
LAXMIINDIA,129.12,2026-07-24,9.66,19.02,25.86,13.2,38.27,
STYL,384.45,2026-07-24,2.81,4.53,25.82,60.29,59.13,
GSPCROP,530.5,2026-07-24,8.29,22.82,25.8,28.53,,
EVERESTIND,524.25,2026-07-24,7.14,2.11,25.72,35.36,24.1,-5.19
NRL,105.0,2026-07-24,-4.63,-0.28,25.39,92.1,104.16,37.58
BLSE,282.32,2026-07-24,3.47,6.31,25.39,59.43,71.51,50.68
NIBL,36.98,2026-07-24,5.75,16.95,25.06,22.21,18.87,40.98
KAMDHENU,36.14,2026-07-24,7.37,12.76,24.97,65.48,71.44,20.9
OMNI,612.0,2026-07-24,10.47,11.75,24.94,45.45,,
UTLSOLAR,383.8,2026-07-24,1.91,-4.31,24.81,26.99,86.38,
KAPSTON,460.7,2026-07-24,6.58,11.36,24.72,35.94,12.32,91.19
SCANSTL,49.79,2026-07-24,6.21,-0.46,24.69,35.48,,
MAJESAUT,422.8,2026-07-24,0.38,18.18,24.63,34.86,,
KCK,16.2,2026-07-23,-3.28,1.25,24.14,23.66,-22.86,-60.49
SUVEN,316.0,2026-07-24,-6.65,-12.11,24.07,56.4,135.7,10.14
UNICHEMLAB,537.35,2026-07-24,-9.78,-9.98,23.94,44.31,44.9,-15.21
ADOR,1493.9,2026-07-24,2.65,14.0,23.88,54.92,51.61,43.07
LOTUSDEV,180.39,2026-07-24,27.95,24.87,23.78,24.57,18.29,
UJJIVANSFB,70.72,2026-07-24,7.79,5.76,23.59,24.53,12.15,54.71
E2E,516.7,2026-07-24,21.53,33.53,23.55,77.99,154.47,129.42
SSWL,288.31,2026-07-24,4.34,13.84,23.44,38.68,60.55,17.71
HEG,643.15,2026-07-24,8.83,12.41,23.02,-1.02,22.29,22.29
SRIVASAVI,82.3,2026-07-23,-4.02,-1.85,23.02,37.86,76.23,19.62
MADHUSUDAN,236.3,2026-07-23,2.27,-6.42,22.66,65.24,80.38,62.41
MMFL,551.85,2026-07-24,3.4,6.86,22.5,11.62,47.16,54.23
VINSYS,518.1,2026-07-23,2.42,3.0,22.48,60.06,45.02,45.53
JINDWORLD,37.83,2026-07-24,19.9,27.07,22.47,53.53,58.55,-6.43
TIPSFILMS,409.15,2026-07-24,25.53,24.0,22.26,6.4,4.07,-23.32
ITDC,737.4,2026-07-24,-4.72,4.68,22.25,26.06,47.17,23.55
ATHERENERG,1208.7,2026-07-24,-6.79,2.03,22.08,36.89,94.58,265.61
LODHA,1144.1,2026-07-24,-3.73,-4.55,21.99,36.09,27.08,-13.44
KISSHT,340.15,2026-07-24,7.4,4.71,21.9,,,
INDIANHUME,387.15,2026-07-24,-4.04,-4.75,21.87,21.38,5.05,-8.49
CLEDUCATE,60.9,2026-07-24,5.0,5.0,21.8,25.13,-15.45,-33.92
BEPL,121.81,2026-07-24,-3.86,13.63,21.76,24.58,52.94,15.51
INDIAGLYCO,1157.8,2026-07-24,1.28,6.4,21.74,20.2,43.71,33.8
BUILDPRO,1236.2,2026-07-24,0.81,-4.79,21.73,13.0,86.31,
SERVICE,61.0,2026-07-23,-3.33,6.09,21.64,11.93,48.78,10.41
SETL,272.7,2026-07-24,-5.33,-1.75,21.6,97.32,124.48,53.28
AZAD,2439.0,2026-07-24,3.98,2.54,21.53,16.69,75.32,53.55
CLCIND,54.05,2026-07-23,0.0,4.99,21.49,117.86,-80.7,-80.7
SGMART,713.55,2026-07-24,5.27,14.59,21.31,31.35,104.28,
IGCL,74.55,2026-07-24,5.68,-1.15,21.26,22.21,13.9,-34.63
SKMEGGPROD,324.75,2026-07-24,1.69,-10.02,21.18,90.98,80.87,120.0
TARSONS,312.75,2026-07-24,11.16,-1.0,21.1,51.11,57.05,-18.3
SIGNPOST,309.4,2026-07-24,-3.28,-3.66,21.1,18.28,49.07,30.92
PPAP,290.38,2026-07-24,0.66,-21.97,20.8,37.89,46.86,20.07
GNA,507.0,2026-07-24,-0.2,-4.2,20.8,18.95,49.02,50.96
RUBYMILLS,407.35,2026-07-24,3.66,6.89,20.79,79.6,113.02,67.7
PANSARI,355.2,2026-07-24,-0.39,-1.02,20.75,12.25,20.69,43.52
SAKSOFT,168.3,2026-07-24,-5.26,-9.04,20.71,21.81,0.78,-23.36
MADHAVBAUG,206.35,2026-07-23,-0.31,9.82,20.67,5.82,-11.82,11.75
THAKDEV,155.7,2026-07-24,6.3,22.33,20.45,12.01,,
GHCLTEXTIL,115.82,2026-07-24,1.45,5.51,20.34,36.35,64.93,24.95
FAIRCHEMOR,768.1,2026-07-24,9.62,11.14,20.31,38.51,17.73,-17.84
SHIVALIK,253.76,2026-07-24,15.45,17.89,20.18,-3.77,-19.54,-54.53
DSFCL,27.93,2026-07-24,9.49,19.16,20.15,13.52,,
PNGJL,647.0,2026-07-24,9.64,8.13,19.96,-2.85,16.04,8.42
JFLLIFE,10.85,2026-07-23,-1.36,2.36,19.89,13.61,7.96,-29.32
CELLPOINT,19.0,2026-07-23,24.59,20.25,19.87,11.11,15.5,2.15
FUSION,216.48,2026-07-24,-4.2,-8.71,19.64,22.41,22.48,22.01
JGCHEM,505.35,2026-07-24,3.3,11.22,19.62,26.32,63.52,3.7
SIKKO,4.7,2026-07-24,-2.89,16.63,19.59,1.95,13.8,23.13
SATIPOLY,38.6,2026-07-23,-6.08,8.43,19.32,13.53,-9.18,-57.11
ARROWGREEN,708.9,2026-07-24,6.23,1.9,19.21,34.72,66.68,-2.75
SGFIN,696.05,2026-07-24,3.59,12.8,19.17,30.37,85.24,
HSCL,789.55,2026-07-24,2.55,19.07,19.09,39.65,76.95,54.12
GSMFOILS,271.55,2026-07-23,-2.55,1.57,19.02,37.84,39.58,34.7
AVADHSUGAR,525.35,2026-07-24,-1.14,-0.71,18.99,10.54,64.31,14.21
CUPID,213.43,2026-07-24,2.97,3.19,18.92,88.73,168.67,625.06
WANBURY,331.9,2026-07-24,-2.35,10.47,18.92,28.53,86.6,32.79
CAPTRUST,14.65,2026-07-24,4.79,15.81,18.91,12.78,-13.67,-78.74
SCPL,570.85,2026-07-24,18.12,15.18,18.84,76.27,89.18,91.02
ESCONET,139.55,2026-07-23,5.76,15.33,18.72,4.81,14.95,-30.22
BHARATSE,218.14,2026-07-24,-1.34,-13.77,18.69,28.25,56.94,104.84
CEMPRO,1441.0,2026-07-24,-11.43,-9.01,18.68,122.74,131.13,83.9
NBIFIN,2216.5,2026-07-24,5.24,-1.93,18.58,9.9,3.09,-23.84
PAISALO,70.17,2026-07-24,-1.74,-2.95,18.51,51.03,114.92,98.62
LOKESHMACH,339.0,2026-07-24,0.77,4.71,18.32,27.77,119.23,63.26
AKIKO,332.0,2026-07-23,-1.21,16.47,18.15,48.75,54.2,346.24
QUESS,295.4,2026-07-24,0.15,-0.79,18.12,57.44,56.57,1.21
ARIHANT,1021.7,2026-07-24,18.71,25.11,18.05,8.8,2476.8,2476.8
PAYTM,1283.2,2026-07-24,-4.77,-7.45,18.02,11.84,12.68,16.0
FERMENTA,432.05,2026-07-24,-2.67,-2.92,17.97,35.69,,
MANAKCOAT,126.02,2026-07-24,-1.81,-0.19,17.9,18.99,-0.64,-24.46
DPEL,569.5,2026-07-23,-1.8,-3.01,17.85,29.51,97.74,313.28
JLHL,323.2,2026-07-24,3.72,10.41,17.84,29.67,22.39,10.73
BANARBEADS,121.95,2026-07-24,3.6,3.44,17.74,9.64,14.52,3.08
ESAFSFB,38.69,2026-07-24,9.26,9.2,17.71,65.7,35.37,19.86
INDOTECH,3418.0,2026-07-24,0.3,0.64,17.65,42.24,178.0,89.67
JKPAPER,401.45,2026-07-24,7.93,8.78,17.54,8.0,26.22,6.24
INDOBORAX,416.1,2026-07-24,-5.66,-3.98,17.5,85.44,86.15,56.26
INDSWFTLAB,227.49,2026-07-24,-2.78,-4.3,17.37,65.57,107.51,118.74
ALGOQUANT,68.41,2026-07-24,6.33,11.56,17.36,25.41,9.97,
M&MFIN,356.5,2026-07-24,10.53,7.15,17.27,23.82,1.07,40.66
MODIS,392.1,2026-07-24,6.82,12.41,17.11,8.63,26.55,
TIMEX,578.85,2026-07-24,2.01,0.36,17.02,71.28,,
FLUOROCHEM,4573.7,2026-07-24,5.97,17.3,17.01,35.18,46.26,27.99
SUMICHEM,520.45,2026-07-24,-3.74,-1.92,16.96,20.01,24.56,-11.54
RAIN,225.23,2026-07-24,6.23,5.54,16.86,75.69,67.36,41.02
IRISDOREME,47.83,2026-07-24,3.28,9.15,16.83,34.77,53.84,55.6
MUTHOOTMF,250.11,2026-07-24,-1.26,1.54,16.79,35.25,39.6,45.95
NITIRAJ,220.22,2026-07-24,-1.12,20.92,16.67,8.13,23.75,9.08
SUDARSCHEM,1041.05,2026-07-24,-1.29,0.29,16.58,19.72,17.79,-17.56
BTTL,49.87,2026-07-24,1.24,-12.51,16.55,47.11,,
JSFB,536.95,2026-07-24,1.01,10.31,16.49,16.89,43.84,16.3
ROXHITECH,39.35,2026-07-23,-0.76,4.79,16.08,10.07,9.15,-11.37
SENCO,382.85,2026-07-24,4.6,0.49,16.05,20.36,25.46,11.21
SONACOMS,717.95,2026-07-24,0.48,7.02,15.93,27.47,58.38,47.18
KARURVYSYA,338.9,2026-07-24,13.47,10.74,15.79,15.6,28.64,52.92
NAUKRI,1165.5,2026-07-24,-1.88,-1.84,15.78,18.7,-9.93,-19.25
ARIHANTCAP,81.62,2026-07-24,8.05,10.37,15.76,16.53,7.41,-19.17
TCL,114.5,2026-07-23,-8.4,-1.08,15.66,17.38,29.31,6.17
FEDDERSHOL,45.64,2026-07-24,-5.62,3.23,15.6,29.11,,
GODREJIND,1332.2,2026-07-24,-2.39,-3.63,15.57,34.49,36.68,17.84
IBULLSLTD,30.53,2026-07-24,3.88,-1.83,15.43,84.47,166.87,104.9
AILIMITED,41.55,2026-07-23,4.53,6.13,15.42,5.06,50.82,-30.29
DBSTOCKBRO,34.38,2026-07-24,-6.32,-16.15,15.33,25.89,38.29,18.55
LANDMARK,512.8,2026-07-24,-4.21,21.26,15.29,25.5,46.74,2.43
HCLTECH,1271.0,2026-07-24,4.07,5.14,15.27,6.71,-23.34,-11.85
JUBLINGREA,725.55,2026-07-24,-1.2,-0.71,15.21,-1.43,14.43,-10.52
ZENITHDRUG,48.95,2026-07-23,0.72,-6.76,15.18,10.75,4.15,-31.06
KANPRPLA,221.25,2026-07-24,8.46,9.02,15.17,6.68,24.99,8.42
GREAVESCOT,246.32,2026-07-24,0.24,-6.05,15.11,59.11,52.61,17.96
RULKA,102.4,2026-07-23,-9.38,-13.15,15.06,-6.06,1.39,-23.55
TANLA,599.75,2026-07-24,4.69,5.3,15.04,24.84,26.09,-9.48
ARMANFIN,1917.3,2026-07-24,-1.36,-2.47,15.04,28.75,18.93,11.81
MACPOWER,1344.5,2026-07-24,3.24,-0.19,14.98,23.43,60.9,26.7
SPORTKING,213.74,2026-07-24,8.2,11.02,14.96,55.88,162.68,62.87
DIGITIDE,101.22,2026-07-24,1.73,-5.14,14.96,8.98,-7.86,-60.53
JITFINFRA,365.4,2026-07-24,-5.35,2.18,14.91,19.78,59.42,-0.18
ARENTERP,44.24,2026-07-24,27.35,19.89,14.76,4.51,2.65,-7.87
RADHIKAJWE,63.63,2026-07-24,-1.55,0.43,14.71,-0.67,-8.27,-39.38
SMARTLINK,201.9,2026-07-24,-6.19,8.76,14.68,53.13,67.64,36.9
TTKHLTCARE,1047.2,2026-07-24,3.08,6.5,14.58,14.94,9.59,-20.63
TIJARIA,4.64,2026-07-24,2.65,6.18,14.57,-1.28,15.71,-42.29
DIXON,13846.0,2026-07-24,-5.09,2.64,14.56,28.02,33.65,-17.39
SYNOPTICS,76.35,2026-07-23,0.0,-6.89,14.55,27.36,54.09,-26.55
3IINFOLTD,19.74,2026-07-24,5.45,5.67,14.5,11.9,32.84,-17.89
MALUPAPER,35.68,2026-07-24,23.46,16.56,14.36,11.99,11.22,-13.27
OAL,373.0,2026-07-24,6.31,5.01,14.36,19.69,45.28,-6.24
ZENSARTECH,505.9,2026-07-24,-3.89,-4.08,14.34,-3.32,-26.22,-36.96
TINNARUBR,1098.85,2026-07-24,-7.65,10.3,14.33,56.86,67.1,17.42
DCMSIL,79.77,2026-07-24,-7.74,1.83,14.29,28.55,,
AMAGI,609.05,2026-07-24,2.67,4.43,14.23,61.42,62.13,
LXCHEM,182.28,2026-07-24,3.42,11.2,14.15,30.27,31.73,-10.74
BAJAJ-AUTO,11130.0,2026-07-24,5.77,7.22,14.15,17.86,19.9,36.17
NUVAMA,1980.1,2026-07-24,6.8,3.15,14.04,48.52,50.01,29.9
PROV,1710.0,2026-07-23,0.41,4.59,14.0,34.35,41.32,74.49
DYCL,402.4,2026-07-24,-9.7,8.86,13.99,10.21,43.73,-6.78
WEL,107.24,2026-07-24,5.19,5.4,13.96,4.54,-23.28,-36.68
WELCORP,1596.9,2026-07-24,-1.17,-1.42,13.95,32.69,119.3,78.52
21STCENMGM,37.11,2026-07-24,7.94,18.45,13.94,3.78,-6.24,-37.76
IOLCP,149.22,2026-07-24,-4.0,-11.75,13.94,67.46,118.97,57.82
AARNAV,28.32,2026-07-24,-10.15,13.37,13.92,23.18,,
LLOYDSME,1940.5,2026-07-24,1.71,6.21,13.86,14.51,74.06,26.62
ADANIENSOL,1702.2,2026-07-24,-1.58,3.5,13.79,20.56,109.45,100.48
AARON,135.25,2026-07-24,16.61,13.88,13.75,-3.74,-13.04,-37.03
RITEZONE,21.55,2026-07-23,-4.86,-9.45,13.72,11.66,3.36,-18.53
TTKPRESTIG,643.35,2026-07-24,-3.32,-3.35,13.71,23.66,10.79,1.47
BALRAMCHIN,610.15,2026-07-24,1.68,4.33,13.66,18.22,47.74,3.35
PAUSHAKLTD,562.45,2026-07-24,-0.13,-1.07,13.51,23.6,7.61,
AVG,203.64,2026-07-24,-1.43,-4.18,13.51,23.79,46.27,-26.14
SSFL,261.95,2026-07-23,-4.83,0.56,13.5,140.32,163.13,49.04
VINEETLAB,38.52,2026-07-24,2.58,14.0,13.49,-9.26,13.59,28.7
KORE,163.95,2026-07-23,6.81,15.46,13.42,12.03,28.09,19.85
NUVOCO,356.05,2026-07-24,2.93,12.48,13.36,21.46,1.77,-14.07
KPL,2781.7,2026-07-24,1.41,4.78,13.29,71.55,,
SWANDEF,2427.7,2026-07-24,7.33,7.68,13.28,33.45,38.84,692.72
GRETEX,300.0,2026-07-23,-1.32,2.92,13.21,2.74,52.28,35.14
AJOONI,4.03,2026-07-24,-4.05,9.81,13.2,-5.4,4.68,-28.04
OMAXE,87.66,2026-07-24,-5.3,-3.43,13.04,5.44,16.85,-11.8
PRAVEG,285.08,2026-07-24,3.49,19.71,13.01,3.33,,
PVSL,106.01,2026-07-24,0.27,12.84,12.98,5.17,-1.93,-18.83
SUPREMEINF,82.53,2026-07-24,4.72,4.28,12.96,4.03,-1.46,-31.96
TIMETECHNO,201.26,2026-07-24,-5.56,7.57,12.86,9.32,16.03,-12.45
ONDOOR,220.3,2026-07-23,-3.38,10.15,12.86,38.68,82.75,19.99
ARKADE,135.61,2026-07-24,-1.77,-3.72,12.81,16.81,21.72,-32.76
AKUMS,687.3,2026-07-24,1.59,0.5,12.54,34.27,62.56,28.5
KECL,124.85,2026-07-24,2.65,6.79,12.53,-2.5,61.49,-6.9
NITTAGELA,1909.0,2026-07-24,2.77,-0.69,12.53,107.03,,
HIRECT,1301.9,2026-07-24,3.98,23.67,12.51,43.08,115.6,94.55
ORTEL,1.8,2026-07-24,0.0,9.09,12.5,-1.64,28.57,-13.46
TVSMOTOR,3870.2,2026-07-24,7.8,5.26,12.49,10.95,9.41,38.82
SVLL,772.2,2026-07-24,-1.32,14.18,12.43,38.4,14.65,-3.63
CHOICEIN,797.15,2026-07-24,-2.2,-2.8,12.36,13.7,4.88,4.59
INNOVANA,344.35,2026-07-24,3.04,3.81,12.35,-11.12,-1.75,-38.93
SATIN,268.87,2026-07-24,5.0,0.63,12.35,60.64,76.74,71.82
KAYA,282.63,2026-07-24,13.81,16.28,12.33,7.62,-23.46,-34.42
BUTTERFLY,761.9,2026-07-24,0.49,-2.35,12.3,25.23,28.49,-0.65
SOTL,645.75,2026-07-24,9.51,8.08,12.26,76.85,85.72,61.07
MENNPIS,73.97,2026-07-24,5.39,0.04,12.25,27.64,,
SURYODAY,193.1,2026-07-24,5.49,1.62,12.22,34.07,46.66,40.63
PRECOT,823.75,2026-07-24,-0.85,3.42,12.21,46.05,166.37,35.65
HALEOSLABS,1538.4,2026-07-24,-3.19,-3.08,12.19,10.84,31.98,28.49
AUSOMENT,130.0,2026-07-24,-1.4,4.97,12.12,-1.98,-2.14,17.52
NINSYS,866.6,2026-07-24,-3.52,-0.36,12.1,75.82,157.69,103.64
ELGIRUBCO,54.58,2026-07-24,-6.75,-4.81,12.1,5.41,35.17,-7.74
BTML,6.96,2026-07-24,13.91,9.09,12.08,12.44,-14.29,-14.81
SHANKARA,140.07,2026-07-24,1.21,2.4,12.06,18.67,34.63,-86.28
HAWKINCOOK,8704.0,2026-07-24,-4.45,-1.29,12.06,18.3,,
ABBOTINDIA,28005.0,2026-07-24,1.36,4.62,11.98,13.82,3.17,-15.96
LAKPRE,5.05,2026-07-24,-3.81,-9.17,11.97,1.41,1.0,-6.83
TAALTECH,3816.1,2026-07-24,-0.9,-6.42,11.94,28.53,,
IBLFL,61.0,2026-07-23,0.0,5.63,11.93,12.55,25.13,-2.71
MANOMAY,202.68,2026-07-24,3.27,15.63,11.84,-11.32,-8.09,24.13
SANGAMIND,615.85,2026-07-24,-0.85,-1.08,11.71,20.45,46.25,36.06
WSTCSTPAPR,553.55,2026-07-24,7.09,3.44,11.68,14.59,41.7,1.7
AISL,62.0,2026-07-23,10.81,6.53,11.61,13.04,-25.53,-37.22
HEXT,551.85,2026-07-24,-0.68,-2.53,11.61,26.43,-21.55,-31.43
OCCLLTD,144.96,2026-07-24,6.79,12.99,11.59,45.4,59.56,6.4
CHEMBONDCH,247.44,2026-07-24,-1.94,-2.58,11.55,65.63,73.34,33.64
FINOPB,167.06,2026-07-24,-0.85,3.55,11.46,27.57,-21.57,-40.33
GODREJPROP,2028.7,2026-07-24,-4.25,-6.19,11.43,14.65,31.63,-12.28
EXIDEIND,443.0,2026-07-24,1.45,4.63,11.42,29.85,36.88,13.78
LORDSCHLO,149.05,2026-07-24,4.69,10.08,11.41,0.06,6.04,-32.62
UDS,201.19,2026-07-24,3.96,2.42,11.35,26.85,30.74,-29.95
ONWARDTEC,290.65,2026-07-24,6.33,0.07,11.34,26.24,-0.84,-13.13
NOVARTIND,1641.2,2026-07-24,-1.6,-1.42,11.27,70.6,144.14,144.14
UFLEX,478.5,2026-07-24,9.38,5.5,11.21,23.33,6.59,-18.91
DENTALKART,420.9,2026-07-23,0.15,13.34,11.1,11.23,-29.85,-31.47
MOSCHIP,231.79,2026-07-24,-0.86,-0.45,11.07,18.31,36.98,36.28
YASHO,3072.0,2026-07-24,0.02,3.35,11.06,108.21,146.55,56.71
MAHLOG,416.35,2026-07-24,5.93,8.78,11.06,3.17,44.35,17.18
ICEMAKE,865.7,2026-07-24,3.39,13.22,11.01,10.19,17.6,8.78
ESFL,130.05,2026-07-23,15.39,16.01,11.01,-4.73,-5.18,-69.19
BCONCEPTS,186.53,2026-07-24,-1.71,-13.2,10.98,-24.18,-33.67,-43.9
ANANTRAJ,586.55,2026-07-24,-2.37,-0.44,10.96,26.85,16.98,4.3
MANAPPURAM,352.95,2026-07-24,4.7,6.39,10.87,22.15,20.14,30.47
PANAMAPET,498.25,2026-07-24,9.92,18.86,10.83,83.62,74.12,41.51
DALMIASUG,361.95,2026-07-24,-0.18,-1.12,10.8,-3.68,34.5,-3.27
IFBAGRO,994.85,2026-07-24,2.06,-1.05,10.76,10.2,-27.99,27.42
MAGADSUGAR,493.85,2026-07-24,-0.03,-2.27,10.71,-2.04,18.52,-13.88
RITCO,297.2,2026-07-24,7.08,12.75,10.71,40.22,25.43,-2.46
HOMESFY,122.85,2026-07-23,0.0,5.0,10.68,-20.41,-28.16,-56.4
WEWORK,711.95,2026-07-24,4.52,-3.93,10.68,33.07,22.8,
TCPLPACK,3226.5,2026-07-24,2.63,7.31,10.67,23.67,21.99,-12.92
PRATHAM,114.0,2026-07-23,-2.48,-2.4,10.63,-18.57,-13.6,-19.75
RADIOWALLA,28.8,2026-07-23,-2.04,16.84,10.56,-21.31,-50.94,-54.29
RAJRATAN,488.3,2026-07-24,0.97,1.97,10.55,17.0,7.68,21.26
RANEHOLDIN,1738.4,2026-07-24,-0.37,-1.23,10.47,57.85,40.97,14.64
KRISHANA,162.05,2026-07-24,11.53,16.58,10.4,27.06,67.36,55.54
GLOBALPET,160.0,2026-07-23,5.96,1.91,10.34,48.15,36.75,15.98
ASKAUTOLTD,509.3,2026-07-24,6.69,8.28,10.21,18.81,19.74,-0.9
TORNTPHARM,4961.5,2026-07-24,-0.88,0.21,10.15,20.75,27.29,42.2
LAURUSLABS,1601.2,2026-07-24,2.71,2.73,10.11,43.95,57.69,91.77
PIXTRANS,1766.1,2026-07-24,-4.91,-4.25,10.04,19.63,36.78,14.24
BHAGYANGR,410.9,2026-07-24,7.37,9.47,10.01,87.33,157.89,302.45
MAXIND,182.11,2026-07-24,11.14,8.76,10.0,17.69,19.63,-17.01
SHANTI,7.07,2026-07-24,1.0,-0.14,9.95,-3.15,-6.48,-47.36
DIVGIITTS,945.6,2026-07-24,3.47,-1.43,9.95,25.66,58.67,46.88
KODYTECH,1188.5,2026-07-23,-3.64,-5.91,9.91,61.48,58.47,65.51
ASHIMASYN,16.85,2026-07-24,-2.15,13.47,9.84,2.12,6.18,-35.88
GABRIEL,1363.5,2026-07-24,-2.47,7.79,9.83,40.13,51.38,38.03
HTMEDIA,24.26,2026-07-24,-7.79,-6.01,9.82,10.22,9.13,-0.82
ANTELOPUS,894.45,2026-07-24,3.79,5.53,9.78,44.38,77.12,46.85
RPEL,1303.2,2026-07-24,1.57,-1.0,9.76,91.98,87.79,95.67
EUROPRATIK,301.65,2026-07-24,-2.13,-3.44,9.75,13.05,24.91,
TFCILTD,87.27,2026-07-24,5.47,7.99,9.73,20.27,43.14,56.96
BLUEJET,566.9,2026-07-24,-3.83,-6.5,9.7,40.55,31.09,-30.07
LAGNAM,90.31,2026-07-24,1.59,10.15,9.65,16.92,37.88,-12.45
CENTENKA,574.2,2026-07-24,4.51,8.41,9.64,36.18,28.54,11.07
ARISTO,109.25,2026-07-23,-5.0,9.41,9.58,1.02,5.2,-7.19
HLEGLAS,418.95,2026-07-24,-0.01,2.37,9.57,30.17,5.76,-6.1
TVSHLTD,14633.0,2026-07-24,4.29,2.98,9.5,2.88,9.32,19.43
SOLARWORLD,201.93,2026-07-24,0.13,-5.6,9.49,3.48,-16.35,
MHHL,35.2,2026-07-23,-4.86,3.68,9.49,-13.09,-5.38,-38.25
CINELINE,86.71,2026-07-24,11.64,11.37,9.48,0.56,1.98,-1.63
TECHM,1559.5,2026-07-24,-1.07,3.66,9.47,17.78,-5.94,7.89
BHARTIHEXA,1607.6,2026-07-24,-0.59,1.27,9.45,4.85,-0.47,-11.43
WORTHPERI,142.83,2026-07-24,-3.04,6.09,9.38,2.53,7.29,-14.58
EASTSILK,55.19,2026-07-24,13.54,13.23,9.35,-6.47,-17.98,2966.11
PDMJEPAPER,91.72,2026-07-24,8.13,7.14,9.31,8.3,10.85,-25.74
ETERNAL,280.0,2026-07-24,-2.42,-1.82,9.23,9.04,8.23,-10.59
RELAXO,402.95,2026-07-24,-7.8,1.03,9.22,33.79,12.65,-18.31
GRAPHITE,672.75,2026-07-24,5.61,8.56,9.2,-5.98,11.52,20.67
3BBLACKBIO,1278.1,2026-07-24,0.84,5.18,9.19,-3.35,,
TIPSMUSIC,699.45,2026-07-24,-1.56,-2.0,9.19,5.16,33.3,14.48
RUBICON,1520.2,2026-07-24,0.56,5.7,9.19,61.95,133.86,
EMPOWER,2.38,2026-07-24,3.48,8.68,9.17,36.0,,
AGARWALFT,39.45,2026-07-23,0.0,-4.94,9.13,5.2,25.24,-34.47
JAYAGROGN,222.32,2026-07-24,-1.59,-0.28,9.12,13.59,24.63,-14.89
RADICO,4091.3,2026-07-24,-0.77,1.36,9.12,28.65,38.43,50.4
CGCL,238.23,2026-07-24,-4.72,-7.18,9.08,29.91,42.69,27.12
ASTRAMICRO,1813.4,2026-07-24,3.56,5.45,9.07,61.37,99.31,87.3
AMDIND,49.68,2026-07-24,8.14,8.26,9.04,11.77,12.81,-2.91
BECTORFOOD,206.63,2026-07-24,-1.64,21.3,9.02,6.21,-6.63,-33.1
GNRL,92.53,2026-07-24,-6.61,-8.49,9.01,-5.44,,
PROLIFE,75.0,2026-07-23,0.0,-5.72,9.01,3.81,21.07,-49.88
FEDERALBNK,354.3,2026-07-24,1.01,6.56,8.95,20.92,27.19,67.58
VIDHIING,310.55,2026-07-24,1.44,4.37,8.93,0.06,-2.34,-22.71
SENORES,1387.5,2026-07-24,0.18,-3.34,8.85,55.7,73.0,104.39
EQUIPPP,24.01,2026-07-24,-1.6,-0.83,8.84,45.6,20.11,19.33
SINTERCOM,82.04,2026-07-24,0.13,7.24,8.84,10.76,-9.88,-37.09
ONELIFECAP,36.33,2026-07-24,0.44,-4.45,8.84,96.59,138.7,167.33
SATIA,60.45,2026-07-24,1.66,9.14,8.82,-14.86,1.32,-30.14
VRAJ,129.21,2026-07-24,-2.14,8.08,8.81,0.46,6.28,-24.25
UNITDSPR,1467.2,2026-07-24,5.15,6.83,8.79,6.22,11.42,11.9
ACCENTMIC,505.95,2026-07-23,-4.09,-3.34,8.77,17.4,57.46,87.69
POLYPLEX,1128.95,2026-07-24,4.98,3.31,8.75,26.9,36.56,1.02
RBZJEWEL,140.91,2026-07-24,-3.88,-9.38,8.75,1.21,4.95,1.79
IPCALAB,1762.7,2026-07-24,-4.13,-3.32,8.73,13.29,20.5,14.56
HOACFOODS,739.0,2026-07-23,7.58,5.57,8.68,82.99,154.04,232.13
HAPPSTMNDS,372.55,2026-07-24,-2.59,-7.7,8.67,4.15,-7.39,-38.21
MRPL,169.75,2026-07-24,-0.68,3.04,8.65,-8.92,11.54,14.49
AARTIDRUGS,404.5,2026-07-24,-3.23,2.22,8.61,10.31,9.9,-24.5
PCCL,255.0,2026-07-23,-1.14,0.41,8.56,-7.94,15.05,47.4
DMCC,272.75,2026-07-24,2.25,3.65,8.56,0.08,24.32,-13.19
JETFREIGHT,22.88,2026-07-24,-2.64,1.06,8.54,9.74,29.71,64.84
AYMSYNTEX,234.49,2026-07-24,-2.61,0.01,8.54,1.59,56.39,4.31
SANGHVIMOV,455.7,2026-07-24,4.36,4.35,8.54,50.93,63.77,72.01
HCG,666.55,2026-07-24,1.97,-1.81,8.52,17.07,7.79,18.73
TITAN,4677.0,2026-07-24,0.72,1.64,8.52,6.4,16.67,34.67
KCEIL,88.5,2026-07-23,-1.78,0.51,8.52,-29.93,-27.1,-74.85
COSMOFIRST,881.0,2026-07-24,6.29,6.85,8.48,26.78,53.32,-18.11
ONMOBILE,60.74,2026-07-24,0.1,-14.62,8.48,9.28,24.29,14.11
CORONA,2113.0,2026-07-24,3.27,2.87,8.44,30.07,51.24,
CANHLIFE,147.31,2026-07-24,-1.64,0.01,8.43,4.76,0.54,
SJS,2335.6,2026-07-24,7.42,8.4,8.42,44.71,48.87,85.52
SHYAMMETL,1027.45,2026-07-24,-2.44,-0.01,8.42,25.41,32.11,8.58
MASTERTR,84.71,2026-07-24,-1.75,-7.74,8.42,14.97,-14.91,-48.5
NRAIL,508.95,2026-07-24,18.76,13.8,8.4,7.59,21.34,47.84
SAPPL,293.55,2026-07-24,-3.75,-2.78,8.4,-0.32,,
FIVESTAR,535.2,2026-07-24,-6.19,-1.64,8.38,8.5,4.39,-25.63
SUBEXLTD,12.58,2026-07-24,-2.71,-7.02,8.35,42.47,36.29,-10.21
KERNEX,2205.2,2026-07-24,4.01,-1.26,8.31,70.1,93.49,112.98
GRAVISSHO,30.55,2026-07-24,0.63,-0.81,8.29,10.49,,
UCL,183.0,2026-07-23,6.09,-3.76,8.28,61.52,251.92,297.83
TSFINV,432.8,2026-07-24,-9.37,-9.97,8.24,9.84,10.77,-10.93
RAMCOIND,329.15,2026-07-24,-7.11,-11.52,8.22,22.98,8.72,15.12
MAGSON,183.95,2026-07-23,1.07,1.07,8.21,6.61,42.6,49.55
NEWGEN,505.7,2026-07-24,-9.61,-13.4,8.2,10.5,-18.08,-41.32
J&KBANK,172.57,2026-07-24,-5.31,-5.49,8.16,36.91,65.77,57.68
GRANULES,833.55,2026-07-24,-4.86,-7.14,8.13,20.9,47.53,75.41
KSL,892.95,2026-07-24,-3.12,-8.16,8.11,11.88,34.24,-1.69
MANGLMCEM,984.05,2026-07-24,0.4,1.93,8.11,7.29,32.85,36.42
VERA,74.55,2026-07-23,13.64,13.73,8.04,8.04,6.65,9.63
GOODYEAR,822.85,2026-07-24,0.2,4.65,8.04,4.88,-35.4,-35.4
SHIVATEX,154.92,2026-07-24,5.72,3.4,7.97,0.59,-5.97,-25.0
TGL,19.65,2026-07-23,-13.82,-8.82,7.97,-33.16,-68.26,-86.04
PUNJABCHEM,1121.6,2026-07-24,-1.91,-2.97,7.96,8.61,12.54,-12.83
BIMETAL,667.4,2026-07-24,1.89,-4.84,7.93,16.38,,
MVGJL,155.76,2026-07-24,-0.97,-5.68,7.93,-10.19,-6.84,-30.34
INDIQUBE,181.31,2026-07-24,11.05,3.58,7.91,1.22,-3.93,
PRAENG,22.42,2026-07-24,10.55,15.51,7.89,-0.84,2.99,11.27
UNIMECH,1237.4,2026-07-24,-2.91,5.42,7.86,24.37,45.71,3.52
NELCO,932.8,2026-07-24,4.86,3.48,7.86,40.1,56.36,7.57
HONASA,448.6,2026-07-24,-1.96,-5.01,7.85,28.59,65.05,62.98
MOL,54.46,2026-07-24,7.35,11.6,7.8,3.71,-2.31,-43.97
DIVISLAB,7248.5,2026-07-24,-0.54,4.9,7.77,14.41,21.07,10.47
PLASTIBLEN,188.85,2026-07-24,-5.51,-3.54,7.74,23.73,27.24,-3.44
CHENNPETRO,1214.8,2026-07-24,0.07,4.91,7.7,17.37,45.38,61.96
SANATHAN,483.0,2026-07-24,8.83,8.85,7.7,11.43,12.22,-9.44
JBCHEPHARM,2408.9,2026-07-23,0.0,-2.08,7.68,20.26,31.92,44.73
GUJALKALI,674.8,2026-07-24,11.38,10.53,7.67,-12.3,48.7,15.21
MATRIMONY,426.05,2026-07-24,-3.1,-1.06,7.66,-0.57,-24.96,-18.43
LENSKART,555.9,2026-07-24,2.62,3.11,7.66,4.13,31.12,
IZMO,1104.5,2026-07-24,2.23,4.17,7.66,56.76,75.29,176.92
SESHAPAPER,230.23,2026-07-24,3.36,4.25,7.65,-13.03,4.81,-18.22
ABAN,14.93,2026-07-24,-0.4,5.59,7.64,-21.38,-32.75,-69.7
GROWWRLTY,9.88,2026-07-24,-3.89,-5.9,7.63,13.43,16.62,
MSUMI,40.11,2026-07-24,1.08,0.38,7.59,1.99,-5.32,-1.71
COMSYN,178.52,2026-07-24,-14.73,-8.59,7.59,15.32,19.93,38.76
EBGNG,572.35,2026-07-24,2.5,-5.95,7.58,48.95,127.12,
OIL,449.75,2026-07-24,-0.84,4.34,7.58,-5.06,4.8,3.38
LTM,4091.8,2026-07-24,0.19,-0.79,7.57,-3.17,-29.64,-20.04
TECHLABS,130.15,2026-07-23,-8.54,-15.18,7.56,-39.73,-42.68,-72.76
INDUSINDBK,996.05,2026-07-24,-3.56,-1.66,7.55,17.66,11.79,17.66
RELTD,171.45,2026-07-24,-2.51,-1.87,7.54,19.06,20.01,18.17
SUNREST,35.0,2026-07-23,0.0,-1.69,7.53,-5.15,6.06,-42.15
PVRINOX,1063.95,2026-07-24,4.39,4.25,7.51,5.96,14.28,5.25
MOREALTY,88.28,2026-07-24,-3.71,-5.52,7.51,13.78,16.54,-8.02
TCS,2254.3,2026-07-24,0.14,3.9,7.48,-4.15,-27.36,-25.42
PGHL,6714.0,2026-07-24,-2.02,-2.23,7.46,30.66,28.18,19.51
PIONRINV,94.14,2026-07-24,-4.93,15.74,7.42,-11.19,,
CUB,219.75,2026-07-24,-2.32,-2.39,7.4,11.61,6.37,41.31
DURLAX,50.8,2026-07-23,9.36,4.74,7.4,-0.39,36.19,15.19
3MINDIA,35500.0,2026-07-24,0.74,-1.14,7.39,10.35,8.1,15.63
POONAWALLA,459.7,2026-07-24,-1.62,-5.24,7.37,10.36,10.93,6.3
ZYDUSWELL,563.05,2026-07-24,-6.55,-4.8,7.35,14.94,34.79,31.93
NAHARPOLY,273.8,2026-07-24,4.5,7.92,7.35,7.71,26.96,-16.46
COMMITTED,342.0,2026-07-23,4.08,1.18,7.31,39.02,72.81,49.0
JINDRILL,605.1,2026-07-24,0.62,-3.27,7.31,12.53,19.66,-2.97
DCI,287.85,2026-07-24,6.28,3.66,7.29,-8.73,33.87,11.16
ANANDRATHI,2042.1,2026-07-24,-1.95,-3.57,7.26,14.28,38.28,55.83
KROSS,206.13,2026-07-24,-1.05,11.15,7.26,11.72,6.59,8.58
HMVL,93.4,2026-07-24,1.94,4.63,7.21,43.25,31.57,5.6
STARPAPER,147.75,2026-07-24,0.47,4.47,7.14,7.97,0.31,-15.51
KOTHARIPET,131.82,2026-07-24,1.31,0.79,7.12,-1.46,13.83,-21.87
ENERGYDEV,17.45,2026-07-24,2.41,1.45,7.12,2.77,-1.52,-14.5
PRECISION,7.6,2026-07-23,9.35,16.92,7.04,-7.88,-20.0,-72.76
BETA,2315.6,2026-07-24,-5.08,-1.37,6.99,73.32,54.08,36.27
FIEMIND,2331.9,2026-07-24,2.89,6.05,6.98,9.07,10.56,17.93
SHINDL,158.12,2026-07-24,-1.96,-0.63,6.93,7.02,,
WELINV,1898.0,2026-07-24,4.05,10.94,6.93,33.18,56.19,77.38
DBCORP,208.75,2026-07-24,-0.33,5.61,6.91,-0.83,-14.68,-23.33
VELS,73.0,2026-07-23,0.0,4.51,6.8,6.57,38.39,16.61
SREEL,227.97,2026-07-24,7.08,7.65,6.75,27.42,7.33,-6.43
QMSMEDI,110.6,2026-07-24,2.26,1.51,6.71,25.68,28.23,38.03
HRHNEXT,27.05,2026-07-23,-6.56,-0.92,6.71,-14.53,-17.53,-32.8
EIDPARRY,758.0,2026-07-24,-0.56,-3.4,6.7,-10.31,-13.82,-36.11
RISHABH,622.3,2026-07-24,-5.0,-5.4,6.7,27.55,87.08,115.79
PRICOLLTD,628.7,2026-07-24,2.46,1.22,6.69,5.73,8.12,41.19
TASTYBITE,8999.0,2026-07-24,2.37,0.41,6.68,29.15,28.6,-17.05
TRANSPEK,1064.9,2026-07-24,3.04,9.42,6.68,-7.55,,
QUADPRO,2.4,2026-07-23,0.0,0.0,6.67,29.73,6.67,-29.41
KSHINTL,888.45,2026-07-24,-0.61,1.48,6.64,39.96,154.64,
CONFIPET,78.3,2026-07-24,2.14,3.92,6.62,42.81,144.84,47.33
GOODLUCK,1511.6,2026-07-24,-3.13,-7.23,6.62,27.09,48.14,39.04
MICROPRO,20.2,2026-07-23,3.86,7.45,6.6,5.76,5.76,-8.18
ROUTE,568.55,2026-07-24,1.13,-2.45,6.6,14.26,-4.8,-38.35
INDIACEM,407.0,2026-07-24,3.69,6.64,6.59,-0.17,-5.68,13.06
DENTA,336.65,2026-07-24,-1.2,-2.69,6.57,15.77,30.76,-1.54
MINDSPACE,491.68,2026-07-23,-0.67,0.55,6.57,6.13,2.98,23.53
GRCL,607.4,2026-07-23,-0.03,-3.46,6.53,68.72,97.69,48.13
EMIL,129.64,2026-07-24,-0.18,-1.65,6.53,25.49,47.57,-4.77
SOMATEX,101.06,2026-07-24,-0.53,-10.98,6.52,-3.13,-11.71,-1.14
IDEAFORGE,870.65,2026-07-24,1.56,-4.06,6.51,68.96,116.96,78.98
GPTHEALTH,159.64,2026-07-24,7.1,1.81,6.48,17.12,23.37,-0.78
RML,1130.4,2026-07-24,-4.04,-9.88,6.46,51.21,52.72,29.56
AFFORDABLE,183.49,2026-07-24,-4.15,0.82,6.43,1.22,11.58,-57.28
USHAMART,495.7,2026-07-24,-2.5,-2.83,6.42,11.64,21.24,32.91
CRISIL,4347.2,2026-07-24,2.68,6.77,6.36,1.82,-2.29,-24.13
AIMTRON,1307.75,2026-07-23,-2.67,-4.62,6.33,28.41,82.23,67.02
5PAISA,373.1,2026-07-24,-1.24,0.65,6.3,14.6,10.65,-3.96
WAKEFIT,129.7,2026-07-24,1.52,-2.51,6.29,-8.72,-28.83,
GLAXO,2514.3,2026-07-24,1.26,3.88,6.24,4.3,11.45,-18.47
GULFPETRO,43.28,2026-07-24,18.45,9.6,6.23,34.83,38.19,-2.06
LALPATHLAB,1759.2,2026-07-24,3.89,1.98,6.23,25.16,28.44,14.8
GRAPHISAD,30.0,2026-07-23,9.09,9.09,6.19,-10.85,-40.0,-27.01
TAJGVK,359.9,2026-07-24,-0.35,-1.88,6.18,10.67,0.87,-13.06
PGINVIT,99.58,2026-07-23,1.08,2.69,6.18,10.28,15.84,21.1
SUYOG,850.45,2026-07-24,0.78,-2.67,6.17,12.93,55.36,-2.78
COLPAL,2086.1,2026-07-24,-1.28,3.02,6.15,-2.79,-2.57,-5.58
HESTERBIO,2367.4,2026-07-24,-6.18,-6.57,6.15,59.36,72.31,26.82
NEOGEN,2062.8,2026-07-24,-5.49,-4.06,6.11,26.2,82.27,28.73
MUNJALSHOW,135.82,2026-07-24,0.53,1.0,6.11,6.01,18.25,-7.29
SAAKSHI,309.9,2026-07-23,5.21,2.48,6.11,50.8,72.07,61.95
SHRIPISTON,4159.9,2026-07-24,-1.75,-0.48,6.06,19.73,54.49,71.55
ETHOSLTD,2562.8,2026-07-24,-3.43,-3.25,6.04,-2.91,3.48,-10.44
IVALUE,287.7,2026-07-24,-3.54,-6.92,6.0,12.65,27.64,
IIFL,556.55,2026-07-24,-0.21,-0.06,5.98,32.72,7.58,5.96
HAPPYFORGE,1615.5,2026-07-24,0.47,1.67,5.94,22.53,58.44,66.24
ABB,7375.5,2026-07-24,-1.88,8.35,5.86,1.05,57.75,30.2
SETCO,18.0,2026-07-24,-2.01,-3.74,5.82,37.19,157.46,91.64
MHLXMIRU,139.58,2026-07-24,1.86,2.32,5.81,-20.61,-29.06,-37.17
MARCO,32.8,2026-07-23,0.0,-1.94,5.81,-18.71,-2.38,-21.06
SUPERSPIN,5.5,2026-07-24,7.0,10.0,5.77,1.85,-31.25,-45.33
WELENT,598.8,2026-07-24,-4.28,-2.63,5.75,19.08,28.83,17.76
ONESOURCE,1653.9,2026-07-24,-2.36,-1.14,5.75,-9.34,15.46,-16.54
TPLPLASTEH,76.9,2026-07-24,-7.27,-7.05,5.72,15.87,21.68,-0.38
ROSSTECH,983.3,2026-07-24,0.48,-4.09,5.71,7.84,58.58,70.98
ENTERO,1229.6,2026-07-24,3.35,-0.98,5.7,-1.64,6.15,-2.83
PCJEWELLER,9.28,2026-07-24,-5.69,-6.45,5.69,-0.75,-13.19,-38.38
IFGLEXPOR,197.67,2026-07-24,-4.93,-11.56,5.65,9.89,15.64,-23.8
WENDT,8074.5,2026-07-24,6.54,3.39,5.64,14.66,22.18,-16.45
MASTEK,1690.9,2026-07-24,-3.06,-3.37,5.64,-0.54,-15.44,-31.01
ASCOM,258.75,2026-07-23,0.0,-0.23,5.63,-5.05,68.07,200.7
HARRMALAYA,216.96,2026-07-24,-0.22,-1.93,5.62,-5.67,37.39,-1.1
MIRZAINT,35.06,2026-07-24,-8.03,-7.49,5.6,8.34,7.91,6.44
BLBLIMITED,15.7,2026-07-24,-2.48,-2.18,5.58,-10.44,17.25,6.37
GANESHHOU,799.4,2026-07-24,-2.23,-8.42,5.58,23.98,10.99,-11.53
SHAILY,2969.7,2026-07-24,3.92,7.83,5.57,18.64,57.1,82.47
BALAXI,24.47,2026-07-24,1.87,1.79,5.52,-9.17,1.28,-49.96
IONEXCHANG,425.1,2026-07-24,-2.06,-5.89,5.52,6.98,21.61,-10.5
PERSISTENT,5200.5,2026-07-24,0.23,0.16,5.52,9.55,-15.2,0.87
RAMCOSYS,710.95,2026-07-24,-11.53,-19.77,5.51,69.62,74.06,76.59
KTKBANK,279.7,2026-07-24,1.62,0.27,5.49,15.56,56.2,52.41
BAJAJFINSV,1876.7,2026-07-24,0.82,-1.65,5.49,6.08,-3.63,-7.58
PODDARMENT,263.98,2026-07-24,5.13,9.84,5.49,3.84,4.69,-10.6
SYLVANPLY,55.1,2026-07-23,-5.0,-7.86,5.45,-16.64,1.1,-35.18
NAHARSPING,275.55,2026-07-24,-1.76,1.6,5.45,17.55,77.71,7.0
ABREL,1374.2,2026-07-24,-4.69,-4.18,5.45,-2.62,6.83,-32.26
UNIINFO,12.4,2026-07-24,0.49,2.14,5.44,-16.1,-15.7,-41.04
VAISHALI,7.76,2026-07-24,-0.77,-2.14,5.43,-3.36,-6.95,-38.12
MEDICAMEQ,241.85,2026-07-24,2.26,1.77,5.43,-6.14,-31.07,-38.17
SAREGAMA,496.5,2026-07-24,-3.43,-0.4,5.39,43.19,48.76,1.57
TMB,804.5,2026-07-24,-0.19,0.42,5.38,27.8,48.06,82.05
DCAL,183.58,2026-07-24,-3.8,-6.78,5.37,8.62,-12.3,-27.6
CRAMC,259.95,2026-07-24,1.62,-1.03,5.37,-4.0,4.83,
NYKAA,322.8,2026-07-24,-0.22,-1.71,5.32,22.84,37.54,49.71
VAIBHAVGBL,251.94,2026-07-24,-1.16,-1.54,5.31,17.9,16.42,7.22
GANESHBE,111.41,2026-07-24,4.1,13.49,5.31,13.03,51.76,14.75
HERITGFOOD,335.3,2026-07-24,0.81,0.23,5.31,-4.9,-15.23,-27.09
SHERA,175.85,2026-07-23,1.06,11.16,5.27,30.16,45.09,26.92
APCOTEXIND,561.05,2026-07-24,1.62,8.03,5.23,43.86,61.96,42.87
BALAMINES,2174.5,2026-07-24,-4.45,-7.11,5.23,74.74,93.46,26.26
INDORAMA,48.43,2026-07-24,-1.59,-2.02,5.21,27.08,17.78,-8.19
DCMSRIND,39.86,2026-07-24,-3.97,-4.02,5.2,0.48,2.89,-76.54
SUMEETINDS,28.77,2026-07-24,-18.5,-11.83,5.19,-4.07,6.44,11.05
AETHER,1427.5,2026-07-24,-1.59,-1.74,5.18,28.16,47.42,76.67
RSWM,211.71,2026-07-24,-0.3,4.96,5.16,36.11,62.73,27.79
PHOENIXLTD,2010.7,2026-07-24,-3.05,-6.65,5.15,13.22,16.46,39.07
NXST,165.99,2026-07-23,-0.93,1.17,5.14,8.82,7.32,17.68
SBILIFE,1858.6,2026-07-24,1.87,0.15,5.14,5.07,-7.06,3.77
FONEBOX,82.0,2026-07-23,6.98,10.44,5.13,28.12,0.43,-13.68
PPLPHARMA,181.27,2026-07-24,1.34,4.4,5.12,9.55,19.72,-10.79
ULTRAMAR,379.5,2026-07-24,0.29,-2.55,5.1,-5.22,,
VENKEYS,1505.2,2026-07-24,-1.12,-0.32,5.08,-0.92,1.67,-2.32
RHIM,398.95,2026-07-24,-2.39,-3.45,5.08,-1.14,-4.73,-20.94
MODTHREAD,47.66,2026-07-24,0.29,0.34,5.07,0.68,18.68,-8.03
BORANA,327.45,2026-07-24,-1.39,6.61,5.02,-3.24,-0.38,46.59
CLEANMAX,1456.9,2026-07-24,9.01,11.58,5.01,37.82,,
FISCHER,37.94,2026-07-24,-4.96,-0.86,5.01,2.18,6.21,-60.68
GFSTEELS,14.29,2026-07-23,0.0,0.0,5.0,15.61,27.02,46.87
BI,59.27,2026-07-24,-4.43,-7.41,5.0,-6.07,,
CMNL,105.0,2026-07-23,9.26,7.2,5.0,-22.22,-3.45,-29.29
ANDHRSUGAR,86.33,2026-07-24,5.42,0.44,4.97,-8.72,27.05,3.98
AURUM,221.25,2026-07-24,-5.77,-4.56,4.96,22.55,21.58,10.72
SILVERTUC,200.14,2026-07-24,3.04,6.41,4.96,43.71,37.88,-74.38
KRONOX,154.39,2026-07-24,0.67,2.45,4.95,23.8,24.14,-16.12
TVSELECT,496.65,2026-07-24,-3.18,-3.34,4.94,13.92,27.13,17.77
ACCELYA,1158.9,2026-07-24,0.0,2.48,4.92,-0.12,-9.09,-12.88
MANBA,138.21,2026-07-24,0.28,1.04,4.92,29.02,5.62,1.18
SUNDROP,687.05,2026-07-24,8.17,7.8,4.92,3.54,10.1,-24.84
BIRET,337.49,2026-07-23,-1.03,-0.82,4.91,5.67,1.27,15.4
NESTLEIND,1443.5,2026-07-24,-0.19,1.16,4.91,2.05,12.71,25.6
CENTURYPLY,792.2,2026-07-24,-0.53,0.35,4.9,1.31,7.13,6.53
UNIVAFOODS,8.99,2026-07-23,0.0,0.0,4.9,9.63,-22.63,-27.03
SRGHFL,309.5,2026-07-24,1.48,1.44,4.9,10.78,14.02,-1.67
TARC,131.45,2026-07-24,12.34,6.25,4.89,-4.34,-15.75,-30.77
KMEW,2430.3,2026-07-24,-0.61,0.2,4.87,45.02,53.71,177.02
IT,31.99,2026-07-24,-1.42,-0.5,4.82,1.98,-23.89,-18.48
KRN,1233.9,2026-07-24,-2.8,0.78,4.82,-1.11,106.3,45.62
ITETF,30.48,2026-07-24,-1.23,-0.59,4.81,1.53,-24.18,-18.65
ACI,554.85,2026-07-24,-2.13,4.84,4.73,-7.6,0.85,-18.4
MAHLIFE,374.65,2026-07-24,0.39,-1.04,4.72,18.97,9.59,-0.18
IL&FSENGG,31.56,2026-07-24,12.51,10.16,4.71,21.38,34.7,-11.1
APTUS,277.15,2026-07-24,-9.27,-4.27,4.7,8.65,7.72,-20.34
MAHKTECH,23.16,2026-07-24,-1.11,0.22,4.7,-3.06,-14.63,-1.95
KMSUGAR,27.66,2026-07-24,-3.19,-1.07,4.69,-4.98,11.98,-0.22
CENTRUM,23.66,2026-07-24,-0.34,-6.7,4.69,-3.9,-3.03,-38.32
SADHAV,116.0,2026-07-23,1.89,1.0,4.69,-0.56,12.62,-0.22
HAL,4573.4,2026-07-24,1.83,1.38,4.68,7.21,7.1,-1.15
KAUSHALYA,895.0,2026-07-24,1.29,-8.93,4.68,0.43,5.48,1.84
RATEGAIN,900.4,2026-07-24,-5.07,-4.89,4.67,52.65,46.41,99.25
UBL,1398.6,2026-07-24,3.53,4.81,4.65,-5.31,-2.98,-30.4
DAMCAPITAL,157.88,2026-07-24,-3.05,-2.53,4.61,0.34,-11.51,-34.41
HDFCNIFIT,30.8,2026-07-24,-1.31,-0.36,4.58,1.35,-24.1,-18.71
SHILPAMED,606.2,2026-07-24,-3.08,-3.81,4.58,46.46,127.04,34.5
WTICAB,119.85,2026-07-23,-7.52,-4.99,4.58,16.7,1.31,-38.33
VADILALIND,6710.5,2026-07-24,-1.18,4.39,4.57,51.39,65.83,18.64
63MOONS,708.3,2026-07-24,-2.79,-3.53,4.57,3.75,20.09,-33.33
CCAVENUE,16.34,2026-07-24,-5.17,-10.27,4.54,16.88,3.16,0.86
SHOPERSTOP,377.75,2026-07-24,-3.71,1.42,4.54,27.45,8.44,-28.78
ITBETA,303.03,2026-07-24,-2.21,-0.6,4.54,1.34,-24.05,-18.7
ITBEES,32.0,2026-07-24,-1.17,-0.5,4.54,1.27,-24.03,-18.78
ITADD,30.53,2026-07-24,-1.36,-0.55,4.52,1.26,-24.15,-18.67
EFCIL,195.3,2026-07-24,2.2,-0.02,4.51,-4.1,-18.49,
ITIETF,31.97,2026-07-24,-1.39,-0.53,4.51,1.2,-24.04,-18.82
KEL,81.5,2026-07-23,3.16,2.64,4.49,-0.61,-10.24,-26.58
DALBHARAT,1810.8,2026-07-24,-2.0,3.06,4.49,-7.46,-12.89,-19.81
ADL,73.49,2026-07-24,1.72,6.49,4.48,0.18,7.43,-17.92
GROWWNET,9.64,2026-07-24,-2.72,-4.08,4.44,5.59,2.12,
MUNJALAU,99.77,2026-07-24,-2.55,-5.6,4.44,25.85,42.24,31.75
MARICO,855.6,2026-07-24,0.04,1.05,4.41,9.23,15.47,22.24
SBIETFIT,318.71,2026-07-24,-1.45,-0.81,4.39,1.04,-24.28,-19.01
STYRENIX,2455.0,2026-07-24,3.8,5.92,4.39,5.3,27.87,-20.14
KOLTEPATIL,391.25,2026-07-24,4.35,0.97,4.39,3.67,9.81,-12.09
SIDDHIKA,216.25,2026-07-23,3.2,1.45,4.39,1.97,2.47,10.4
DLF,645.2,2026-07-24,-3.5,-5.44,4.38,9.91,9.64,-21.6
THEJO,1898.8,2026-07-24,-0.61,0.7,4.34,9.08,6.68,-13.66
SUNDRMFAST,940.6,2026-07-24,-1.57,-2.12,4.32,17.92,3.81,-8.32
ICICIBANK,1432.9,2026-07-24,-1.87,1.66,4.32,8.05,6.66,-2.66
TECH,31.37,2026-07-24,-1.88,-0.92,4.29,1.55,-24.03,-18.54
NGLFINE,3205.5,2026-07-24,6.5,1.41,4.29,43.37,109.99,154.02
ARTEMISMED,275.75,2026-07-24,1.85,-0.59,4.27,17.98,22.27,14.14
VRLLOG,243.11,2026-07-24,5.9,5.26,4.26,-2.35,-1.02,-20.82
PFIZER,4623.6,2026-07-24,1.0,-0.8,4.25,-0.73,2.34,-11.16
STYLAMIND,3416.8,2026-07-24,0.07,5.28,4.25,52.9,57.0,81.71
M&M,3161.4,2026-07-24,-0.13,0.03,4.25,5.14,-9.84,-2.03
ASPINWALL,250.4,2026-07-24,-0.44,2.21,4.24,13.41,16.92,-12.38
VARROC,642.75,2026-07-24,0.12,-2.59,4.22,25.48,16.26,17.5
AUTOIND,87.87,2026-07-24,-1.19,-11.13,4.21,34.44,22.64,14.58
RPSGVENT,893.95,2026-07-24,-1.63,-1.44,4.2,6.37,25.88,-8.76
PATELRMART,223.44,2026-07-24,3.8,-1.65,4.17,2.78,14.95,
FMGOETZE,478.85,2026-07-24,-2.04,1.61,4.12,11.24,13.35,-19.66
VSSL,296.25,2026-07-24,-4.06,0.36,4.11,12.6,19.34,10.75
CREATIVEYE,6.66,2026-07-24,10.63,11.0,4.06,-4.58,-5.67,-13.95
RUSTOMJEE,399.75,2026-07-24,-3.41,-4.66,4.05,2.17,-16.05,-35.93
BAJAJHCARE,323.35,2026-07-24,-16.35,-5.77,4.04,-0.14,-7.4,-36.36
SCML,80.0,2026-07-23,1.14,3.69,4.03,-41.61,-35.64,0.95
ASTRON,4.14,2026-07-24,10.7,10.11,4.02,-7.8,-16.7,-73.39
MAHICKRA,257.95,2026-07-23,4.96,7.48,4.01,12.71,56.67,92.62
OBEROIRLTY,1821.2,2026-07-24,-3.16,-5.3,4.0,8.21,25.55,4.77
MEDIORG,26.0,2026-07-23,13.54,11.35,4.0,-12.31,9.94,-34.51
MEDANTA,1371.0,2026-07-24,2.97,3.23,3.99,24.01,33.11,3.42
NGIL,38.05,2026-07-24,-4.83,-3.03,3.96,2.92,39.79,24.43
AYE,172.03,2026-07-24,0.33,0.64,3.95,27.55,,
FSL,253.58,2026-07-24,-4.9,-4.33,3.93,21.17,-17.37,-25.0
INTERNET,12.97,2026-07-24,-3.43,-4.21,3.93,4.81,1.83,
CREDITACC,1517.6,2026-07-24,1.31,-1.47,3.92,22.73,8.97,11.13
MPHASIS,2288.1,2026-07-24,-5.19,-4.28,3.91,7.98,-14.65,-11.46
GRPLTD,2007.5,2026-07-24,5.87,5.75,3.91,5.11,26.5,-18.78
BHEL,417.3,2026-07-24,-0.05,2.33,3.91,24.08,72.64,67.11
ATALREAL,31.44,2026-07-24,3.49,8.56,3.9,25.11,14.79,57.28
ASIANHOTNR,306.65,2026-07-24,3.56,-3.13,3.9,6.4,-0.29,-14.02
PPL,271.35,2026-07-24,6.31,-0.62,3.87,29.83,39.71,-28.34
MMWL,13.99,2026-07-24,-2.03,5.66,3.86,35.83,,
SFL,761.95,2026-07-24,0.18,-5.58,3.84,45.82,47.42,15.69
FIDEL,153.55,2026-07-23,1.52,6.02,3.83,11.25,18.71,-19.24
SUNPHARMA,1941.1,2026-07-24,-0.78,1.03,3.83,20.11,20.03,15.77
AUTOIETF,28.22,2026-07-24,1.07,1.26,3.83,6.65,2.36,14.07
HEROMOTOCO,5011.1,2026-07-24,2.15,2.68,3.83,2.49,-3.72,20.5
GODREJCP,1059.5,2026-07-24,-0.5,-0.86,3.82,-2.31,-13.79,-11.91
IFBIND,1304.1,2026-07-24,-2.95,-8.38,3.8,13.54,-3.49,-8.59
ALKEM,5633.5,2026-07-24,-0.35,1.19,3.78,7.61,-1.24,13.8
SUNCLAY,1363.2,2026-07-24,-1.74,-2.16,3.78,-8.42,18.03,-30.83
SHK,140.65,2026-07-24,8.03,8.03,3.77,-1.12,-0.86,-47.03
HOLMARC,110.0,2026-07-23,0.0,0.0,3.77,16.4,18.28,-11.7
VISAKAIND,79.85,2026-07-24,-1.54,-6.66,3.74,25.63,30.0,-4.74
MOLDTKPAC,727.45,2026-07-24,3.64,7.4,3.71,24.48,32.45,-0.74
CAPITALSFB,292.0,2026-07-24,-4.34,-2.19,3.71,14.72,16.76,-5.0
BNAGROCHEM,274.9,2026-07-24,0.6,-3.2,3.7,15.92,,
ARIS,123.06,2026-07-24,7.14,12.72,3.69,0.85,16.59,-16.22
SIKA,1139.6,2026-07-24,2.43,-5.1,3.68,15.81,,
KIRIINDUS,405.55,2026-07-24,-0.66,0.83,3.68,1.73,-11.32,-29.65
ONGC,248.76,2026-07-24,-0.33,0.12,3.65,-12.65,3.72,7.1
ULTRACEMCO,11846.0,2026-07-24,-0.48,2.38,3.64,-1.27,-4.23,-3.11
TEXINFRA,112.42,2026-07-24,-1.39,-1.39,3.63,17.03,18.24,13.84
SIEMENS,3689.8,2026-07-24,0.31,6.1,3.6,-3.13,27.22,17.92
PNGSREVA,405.95,2026-07-24,1.2,-0.22,3.59,2.28,,
TNIDETF,84.04,2026-07-24,-1.45,-1.34,3.59,4.38,-10.73,-10.25
ASAHIINDIA,888.3,2026-07-24,-0.17,-3.86,3.59,6.5,-5.79,4.98
ACE,1039.4,2026-07-24,4.82,5.45,3.59,14.57,31.35,-7.73
AMBALALSA,32.39,2026-07-24,4.69,3.22,3.58,-8.11,,
LANCORHOL,25.81,2026-07-24,4.54,-8.05,3.57,8.49,-2.31,16.45
HDFCGROWTH,115.89,2026-07-24,-0.32,0.37,3.56,2.85,-8.83,-2.74
GRAVITA,1775.7,2026-07-24,-1.87,-3.81,3.56,13.25,14.57,-2.05
QFIL,61.5,2026-07-23,2.5,2.5,3.54,53.75,6.03,-12.21
SUPRAJIT,484.45,2026-07-24,-1.36,-2.67,3.54,16.11,17.14,3.17
BCLIND,35.74,2026-07-24,1.42,-3.82,3.53,5.27,28.84,-21.04
SOLARINDS,18494.0,2026-07-24,-2.81,1.86,3.53,22.83,46.11,25.37
GRWRHITECH,6903.0,2026-07-24,-0.29,-1.96,3.51,71.04,135.14,84.32
AJANTPHARM,3369.5,2026-07-24,-2.87,-1.52,3.5,21.85,24.81,21.85
SHIVAUM,391.25,2026-07-24,-3.4,-6.8,3.49,12.91,31.6,29.55
AARVI,154.89,2026-07-24,-1.03,1.49,3.45,20.58,30.46,51.04
RSL,132.72,2026-07-24,3.67,3.03,3.45,0.37,,
AUTOBEES,281.18,2026-07-24,0.78,0.84,3.44,6.5,2.19,13.99
BOSCHLTD,41755.0,2026-07-24,1.94,0.14,3.44,13.8,18.4,11.64
ARCHIDPLY,82.94,2026-07-24,2.51,3.42,3.43,9.78,-3.16,-18.19
HAVELLS,1226.9,2026-07-24,2.22,4.08,3.43,-0.45,-4.19,-20.32
BHAGERIA,228.98,2026-07-24,9.43,10.02,3.43,32.2,44.16,18.62
NAZARA,302.3,2026-07-24,-2.25,-1.63,3.42,11.93,8.78,-14.48
INDOFARM,152.25,2026-07-24,-3.05,-4.19,3.41,6.74,-2.96,-25.38
BALPHARMA,87.34,2026-07-24,-3.67,10.32,3.39,14.47,31.54,-10.12
PGEL,572.45,2026-07-24,-7.8,-3.93,3.38,4.62,12.17,-28.52
PILITA,8.88,2026-07-24,-1.22,-2.31,3.38,11.7,1.49,-40.4
PRESTIGE,1592.8,2026-07-24,-4.57,-7.63,3.35,15.99,14.69,-6.09
SKP,161.0,2026-07-23,3.5,8.42,3.34,7.26,3.84,-24.17
KESORAMIND,11.72,2026-07-24,0.77,10.98,3.26,14.23,16.39,95.33
MUTHOOTCAP,213.77,2026-07-24,-0.5,-5.22,3.26,6.85,-5.85,-36.95
AVPINFRA,69.9,2026-07-23,15.63,18.37,3.25,-31.5,-28.67,-64.08
RADIOCITY,6.4,2026-07-24,7.38,5.44,3.23,5.79,4.92,-28.81
MOREPENLAB,53.8,2026-07-24,-7.61,-13.63,3.22,28.95,57.45,-11.8
EMBASSY,442.79,2026-07-23,-1.45,-0.15,3.22,5.31,4.7,16.44
BIOCON,433.65,2026-07-24,-0.65,5.52,3.21,24.1,18.56,9.2
RHETAN,28.35,2026-07-24,-0.46,6.66,3.2,-1.66,7.51,
PSPPROJECT,1031.2,2026-07-24,-3.83,-3.26,3.2,41.44,49.55,24.69
VISL,30.35,2026-07-24,-7.81,-16.64,3.2,,,
LLOYDSENGG,88.42,2026-07-24,-2.52,-2.64,3.19,53.96,105.06,18.26
NDGL,2774.5,2026-07-24,0.17,-4.48,3.16,4.7,7.75,-32.43
CANTABIL,239.83,2026-07-24,-5.85,-6.3,3.14,-1.08,-13.28,-10.84
NATCOPHARM,921.45,2026-07-24,-3.07,-5.97,3.12,-15.71,10.95,-7.23
ITALIANE,33.0,2026-07-23,-5.71,-8.33,3.12,-17.5,29.67,-14.03
STANLEY,153.85,2026-07-24,-1.65,-3.42,3.12,11.32,-12.5,-54.67
ENFUSE,165.0,2026-07-23,0.33,-3.06,3.09,-13.16,-19.51,-32.76
METROPOLIS,570.25,2026-07-24,-0.61,0.98,3.08,22.32,26.03,12.59
MUKANDLTD,138.4,2026-07-24,-3.8,1.88,3.05,-0.22,12.82,-2.56
XPROINDIA,1386.2,2026-07-24,-0.06,-2.82,3.05,35.46,39.7,17.47
MODINATUR,410.1,2026-07-24,-0.16,1.35,3.04,11.41,20.67,
SMCGLOBAL,75.46,2026-07-24,-6.31,-1.41,3.03,15.41,6.71,1.75
MONARCH,357.75,2026-07-24,-0.03,-1.58,3.02,21.31,26.57,-4.24
KINGFA,5212.0,2026-07-24,3.21,1.86,3.01,5.93,33.17,42.64
DKEGL,65.9,2026-07-23,-3.02,-3.02,2.97,-19.24,-8.47,-6.98
SWIGGY,251.42,2026-07-24,-7.06,-5.75,2.96,-12.43,-19.35,-40.03
SARLAPOLY,100.01,2026-07-24,2.11,-3.75,2.96,15.39,28.16,-14.5
QUINTEGRA,1.39,2026-07-23,0.0,2.21,2.96,2.21,-2.11,-30.5
INM,175.0,2026-07-23,4.76,1.83,2.94,2.94,-15.46,-66.58
EPIGRAL,1162.7,2026-07-24,7.34,8.82,2.93,-2.92,9.58,-36.91
VLSFINANCE,253.5,2026-07-24,-2.72,-0.8,2.91,6.99,-5.85,5.63
CPS,1039.5,2026-07-23,5.0,2.4,2.91,-4.19,-2.67,41.92
UNIPARTS,689.5,2026-07-24,-0.28,-0.76,2.9,37.19,69.04,96.49
LTTS,3418.1,2026-07-24,2.05,3.65,2.88,2.27,-9.93,-19.27
BANSALWIRE,324.0,2026-07-24,2.02,-1.64,2.87,6.98,22.61,-20.96
TECHNVISN,5074.5,2026-07-24,54.12,45.83,2.86,-11.33,,
GUFICBIO,378.85,2026-07-24,-3.78,-5.35,2.85,27.0,22.33,-2.86
SDBL,72.89,2026-07-24,-5.19,8.37,2.85,-18.62,-18.93,-55.6
JKCEMENT,5649.0,2026-07-24,3.59,5.36,2.85,1.53,2.41,-14.38
BBTCL,217.09,2026-07-24,2.47,1.23,2.85,10.29,11.99,22.04
SHREECEM,26740.0,2026-07-24,-0.41,1.47,2.84,7.45,-0.71,-15.31
SPECTSTM,57.9,2026-07-23,-5.08,1.49,2.84,-17.17,-33.18,-49.87
BAJFINANCE,1012.8,2026-07-24,-4.81,-0.96,2.83,10.58,9.83,6.26
CHEVIOT,1153.6,2026-07-24,2.57,2.69,2.82,6.43,16.28,-0.12
MOHEALTH,50.24,2026-07-24,-1.99,-0.99,2.82,14.0,19.9,9.86
SRTL,40.28,2026-07-24,-3.75,-1.08,2.81,-18.23,,
NEULANDLAB,18546.0,2026-07-24,-1.95,-2.31,2.81,28.98,40.22,34.63
RGL,118.11,2026-07-24,-1.43,-1.11,2.78,15.91,11.94,1.11
AWL,188.16,2026-07-24,-0.64,-0.64,2.77,-4.35,-9.53,-31.62
SHIVAMAUTO,17.06,2026-07-24,-0.12,-9.54,2.77,-9.93,-11.97,-45.29
JSL,714.25,2026-07-24,-2.26,1.55,2.77,-6.79,-4.13,7.95
SAMBHV,115.92,2026-07-24,-2.49,-4.13,2.76,-1.88,34.43,-15.63
INDIGRID,178.92,2026-07-23,0.2,-0.33,2.75,5.31,13.53,25.19
MAFANG,196.13,2026-07-24,-1.28,-0.23,2.74,9.14,20.4,29.02
HNGSNGBEES,484.33,2026-07-24,-0.11,0.5,2.74,-7.92,-11.61,12.47
ORIENTTECH,258.78,2026-07-24,-3.23,-0.01,2.73,-6.98,-20.77,-14.0
DVL,243.97,2026-07-24,-0.33,0.08,2.73,1.76,-4.36,-31.11
AJAXENGG,567.6,2026-07-24,-4.42,-5.35,2.73,7.55,16.61,-17.22
TNPL,149.75,2026-07-24,2.61,3.05,2.72,6.34,14.72,-9.12
ARE&M,872.9,2026-07-24,-4.21,-3.98,2.71,-0.83,5.02,-12.61
APOLLOHOSP,8805.5,2026-07-24,-1.12,0.26,2.71,13.88,29.61,19.9
INDOCO,243.42,2026-07-24,-0.46,-6.02,2.62,17.97,15.72,-24.3
TIMESCAN,41.05,2026-07-23,1.99,-3.3,2.62,1.11,-0.12,-34.84
RITES,213.7,2026-07-24,-2.84,-5.71,2.61,-1.42,-1.06,-19.41
VISHNU,632.4,2026-07-24,-1.2,5.08,2.6,8.78,24.64,25.53
MMP,281.7,2026-07-24,-0.97,0.0,2.57,12.41,14.82,0.44
ELPROINTL,176.52,2026-07-24,0.95,1.56,2.57,62.5,,
PNB,110.38,2026-07-24,-1.23,3.8,2.48,0.44,-5.46,2.64
SGIL,596.3,2026-07-24,-2.3,0.99,2.48,12.5,16.49,6.03
GTECJAINX,28.64,2026-07-24,3.99,10.84,2.47,50.82,43.99,6.27
CONSUMER,11.6,2026-07-24,-1.78,-1.86,2.47,6.13,6.13,-1.78
IKS,1759.8,2026-07-24,-7.47,-7.54,2.46,22.38,6.58,9.51
VENUSPIPES,1700.1,2026-07-24,-0.09,-5.44,2.45,26.93,65.6,11.79
COCKERILL,8937.5,2026-07-24,-2.7,-6.93,2.42,73.99,,
TAINWALCHM,201.87,2026-07-24,-4.69,-12.99,2.42,2.11,17.96,-11.22
AARTIIND,477.8,2026-07-24,-3.55,-1.34,2.41,1.07,35.43,10.46
BHARTIARTL,1898.2,2026-07-24,-0.93,1.07,2.39,5.93,-3.15,-0.72
OMFREIGHT,92.98,2026-07-24,0.12,-1.07,2.39,15.96,1.9,
CONS,12.08,2026-07-24,0.08,1.0,2.37,3.78,-89.84,-89.99
HNDFDS,577.2,2026-07-24,0.74,1.03,2.37,18.62,28.34,3.23
BMETRICS,36.9,2026-07-23,2.36,3.94,2.36,-9.78,-2.51,-20.5
OILCOUNTUB,58.7,2026-07-24,5.8,7.71,2.35,-5.57,26.4,-35.95
SUNFLAG,348.7,2026-07-24,-0.68,1.35,2.35,21.46,45.78,20.13
RPTECH,779.85,2026-07-24,3.06,0.19,2.34,69.29,130.83,162.26
UNIDT,223.73,2026-07-24,-0.11,-1.06,2.33,6.53,20.63,2.14
PWL,128.05,2026-07-24,-3.74,-10.22,2.33,17.24,1.23,
SETUINFRA,0.44,2026-07-24,-4.35,0.0,2.33,-32.31,10.0,-25.42
SAILIFE,1232.9,2026-07-24,-4.94,-3.08,2.32,20.29,55.08,49.35
EVINDIA,31.9,2026-07-24,0.73,1.43,2.31,8.03,8.43,7.52
EXCELINDUS,932.15,2026-07-24,3.6,2.28,2.3,0.51,2.9,-31.47
GLAND,2379.8,2026-07-24,-3.22,-3.31,2.3,38.89,41.44,19.02
VSCL,29.0,2026-07-23,0.0,0.0,2.29,8.82,36.15,-3.33
RRKABEL,2493.6,2026-07-24,6.89,5.0,2.28,73.31,84.96,73.35
BODALCHEM,68.02,2026-07-24,3.33,14.82,2.25,1.86,44.54,-9.26
MASPTOP50,79.53,2026-07-24,-0.16,0.53,2.22,4.29,11.54,33.91
EMCURE,1881.0,2026-07-24,1.06,4.89,2.22,14.89,22.88,32.24
BRITANNIA,5379.5,2026-07-24,-1.65,0.58,2.22,-6.13,-7.81,-3.93
JYOTICNC,795.05,2026-07-24,-1.0,1.29,2.21,8.01,-0.74,-22.72
SHRINGARMS,219.66,2026-07-24,-2.06,-4.95,2.21,8.68,-1.2,
FLFL,1.4,2026-07-24,6.06,6.06,2.19,-4.11,5.26,-27.46
BAJAJELEC,328.9,2026-07-24,-1.6,-1.39,2.19,-14.6,-15.46,-49.31
PHARMABEES,26.28,2026-07-24,-1.83,-0.42,2.18,13.23,17.74,14.06
APLLTD,797.6,2026-07-24,-5.35,-4.03,2.17,6.2,4.32,-20.82
GROWWEV,31.64,2026-07-24,0.41,1.41,2.16,7.22,7.99,7.07
PENINLAND,16.09,2026-07-24,-7.63,-16.42,2.16,-11.88,-19.95,-59.2
BAJAJHLDNG,10679.0,2026-07-24,3.69,-0.68,2.16,5.38,1.35,-23.3
FLEXIADD,9.92,2026-07-24,-0.5,-0.2,2.16,2.9,-4.89,
UNOMINDA,1127.0,2026-07-24,-2.37,-2.2,2.13,1.86,-0.4,4.49
HEALTHIETF,166.63,2026-07-24,-1.62,-0.23,2.13,11.43,16.49,10.81
INFOBEAN,157.33,2026-07-24,-7.19,-6.27,2.12,-6.55,-23.56,6.47
NIFTYQLITY,21.16,2026-07-24,0.0,0.43,2.12,1.63,-2.89,-0.19
IRBINVIT,62.88,2026-07-23,1.22,1.8,2.11,4.78,6.61,12.81
NILE,1802.6,2026-07-24,-3.17,-9.02,2.11,9.64,,
RAYMONDREL,654.55,2026-07-24,-6.96,-9.44,2.1,49.33,59.09,-12.27
NAVNETEDUL,143.97,2026-07-24,-2.44,-4.36,2.09,1.56,3.76,-1.98
ASTERDM,785.65,2026-07-24,-3.62,-3.59,2.07,11.4,42.11,32.83
LLOYDSENT,78.04,2026-07-24,-5.1,-1.05,2.07,15.64,47.76,-3.94
SIL,15.89,2026-07-24,-2.28,-2.58,2.06,-1.55,11.35,-22.58
MAHSCOOTER,12672.0,2026-07-24,-2.55,-4.36,2.06,2.96,-2.8,-12.93
GTPL,60.68,2026-07-24,-2.8,0.76,2.05,-8.93,-22.5,-49.08
INDIGOPNTS,1048.9,2026-07-24,-2.7,-0.15,2.05,21.96,0.13,-10.84
QUAL30IETF,20.94,2026-07-24,0.0,0.34,2.05,1.75,-3.1,-0.29
CARTRADE,2656.4,2026-07-24,-3.59,-5.1,2.02,56.78,8.56,35.14
IDFCFIRSTB,80.79,2026-07-24,-1.21,0.26,2.01,20.17,-2.65,10.84
SBIETFCON,120.82,2026-07-24,-0.31,0.57,2.01,3.62,1.43,-0.18
RSDFIN,82.81,2026-07-24,-6.3,3.51,2.01,1.3,,
CROWN,114.38,2026-07-24,1.6,0.44,1.99,-15.12,1.65,-30.07
LTF,302.4,2026-07-24,-1.13,-6.87,1.97,5.33,6.08,45.41
RKDL,19.91,2026-07-24,3.37,6.64,1.95,-5.05,1.58,-31.18
HINDCOMPOS,428.4,2026-07-24,-2.91,-2.04,1.95,-11.46,5.3,-12.45
ALPL30IETF,27.75,2026-07-24,-0.64,0.18,1.95,5.15,2.25,1.17
QUALITY30,20.46,2026-07-24,-0.29,0.39,1.94,1.44,-3.94,-2.11
CONSUMBEES,130.19,2026-07-24,-0.39,0.42,1.93,3.28,1.48,-0.23
SAGCEM,177.54,2026-07-24,-2.14,-0.67,1.93,-3.68,-4.74,-29.76
EMUDHRA,455.75,2026-07-24,-0.55,-0.09,1.92,-8.76,-10.87,-44.02
SONAL,94.82,2026-07-23,6.54,4.77,1.9,-4.99,,
HEALTHY,16.68,2026-07-24,-1.65,-0.89,1.89,11.2,15.91,10.61
RAINBOW,1457.8,2026-07-24,-2.08,-1.49,1.89,17.62,23.25,-10.02
SPCL,70.95,2026-07-23,5.5,2.38,1.87,-16.48,-22.8,-39.87
BFINVEST,460.05,2026-07-24,-2.58,-14.05,1.85,13.66,26.16,-3.45
HDFCQUAL,57.45,2026-07-24,-0.24,0.42,1.84,0.95,-3.75,0.68
SBICARD,618.75,2026-07-24,-4.06,0.01,1.84,-7.69,-19.42,-29.9
DHAMPURSUG,142.12,2026-07-24,-2.27,-1.28,1.83,0.91,28.7,-2.16
ACMESOLAR,365.85,2026-07-24,-3.1,-3.42,1.82,19.83,84.04,30.75
CONSUMIETF,121.14,2026-07-24,-0.36,0.3,1.81,3.69,1.43,-0.03
RKFORGE,580.7,2026-07-24,3.3,2.69,1.8,6.43,13.93,-6.59
SOUTHBANK,46.52,2026-07-24,0.74,1.39,1.79,20.42,3.38,57.8
DATAMATICS,821.5,2026-07-24,-1.94,-8.35,1.78,16.13,26.67,-7.03
PNCINFRA,238.21,2026-07-24,-3.47,-3.74,1.76,9.64,10.13,-23.56
OFSS,10652.0,2026-07-24,-8.33,-9.31,1.75,22.44,37.72,24.48
NTPCGREEN,96.32,2026-07-24,4.72,1.87,1.74,-12.68,6.67,-9.92
DIFFNKG,395.35,2026-07-24,2.38,-0.18,1.74,30.53,52.91,20.48
MCCHRLS-B,709.95,2026-07-24,1.2,0.13,1.72,2.89,,
MOIPO,45.59,2026-07-24,-2.15,-2.9,1.72,5.26,9.17,
PTCIL,17732.0,2026-07-24,-1.65,0.25,1.72,9.97,1.45,21.84
SBIETFQLTY,219.48,2026-07-24,-0.38,0.07,1.7,0.99,-3.25,-0.67
HECPROJECT,139.46,2026-07-24,20.64,8.37,1.7,4.9,25.49,-12.89
ORIENTPPR,17.58,2026-07-24,5.46,5.14,1.68,-2.66,-11.17,-39.13
EQUITASBNK,78.34,2026-07-24,-1.19,-5.69,1.67,20.12,10.26,26.13
PARIN,730.0,2026-07-23,0.0,0.25,1.67,12.14,20.76,100.05
BHARATFORG,2151.6,2026-07-24,-2.6,0.28,1.66,16.28,53.36,77.53
CUMMINSIND,5600.5,2026-07-24,1.72,1.66,1.65,7.93,44.33,59.18
GANDHITUBE,868.0,2026-07-24,0.32,0.84,1.64,-0.64,22.95,16.64
MGEL,16.2,2026-07-24,-1.22,-3.85,1.63,19.54,32.33,-5.7
HEALTHCARE,20.96,2026-07-24,-1.83,-0.95,1.6,12.27,,
MARKOLINES,175.85,2026-07-24,1.88,4.04,1.59,15.36,31.53,
SONAMLTD,53.01,2026-07-24,-3.86,-1.8,1.59,0.13,35.16,0.28
CORALFINAC,32.5,2026-07-24,4.1,-2.49,1.59,-6.07,-11.08,-35.45
RKSWAMY,101.37,2026-07-24,0.37,-0.21,1.57,16.28,-4.45,-39.41
LOWVOLIETF,22.08,2026-07-24,-0.63,-0.18,1.56,3.23,-1.69,0.73
GRAUWEIL,73.97,2026-07-24,-2.17,-7.41,1.54,1.41,-36.01,-36.01
NORTHARC,299.4,2026-07-24,-1.93,-7.86,1.53,16.55,9.39,15.37
THYROCARE,564.25,2026-07-24,1.58,10.6,1.52,44.67,29.83,31.03
GSEC10ABSL,113.3,2026-07-23,-0.07,-0.18,1.52,2.05,2.3,3.52
IGPL,451.55,2026-07-24,5.32,3.98,1.52,6.26,22.02,-7.03
WIPRO,177.12,2026-07-24,0.42,-0.73,1.51,-11.16,-23.79,-29.25
UPL,602.45,2026-07-24,-0.59,2.79,1.51,-3.66,-13.42,-16.28
HDFCLOWVOL,20.53,2026-07-24,-0.68,-0.53,1.48,2.65,-2.1,0.69
EVIETF,31.74,2026-07-24,0.25,0.79,1.47,7.52,7.7,7.05
MARUTI,13442.0,2026-07-24,-0.53,-1.85,1.46,3.02,-13.1,8.21
KOPRAN,198.74,2026-07-24,-2.16,-3.83,1.46,27.93,51.55,14.05
TALBROAUTO,391.75,2026-07-24,-5.95,-3.02,1.45,41.03,59.02,37.66
AUTOAXLES,1798.9,2026-07-24,-2.15,0.1,1.45,0.14,-7.24,-1.89
SOUTHWEST,233.67,2026-07-24,-0.95,4.3,1.44,5.31,29.77,57.85
UCAL,114.9,2026-07-24,-2.85,-3.88,1.42,11.92,4.24,-23.14
INDIANCARD,223.97,2026-07-24,0.43,-2.58,1.42,8.01,1.24,-28.58
GODREJAGRO,573.6,2026-07-24,0.3,1.45,1.41,-4.0,11.81,-31.92
CCL,1183.6,2026-07-24,-1.46,-3.75,1.41,7.72,28.21,41.39
GARFIBRES,748.45,2026-07-24,-3.31,1.22,1.4,19.35,22.08,-18.78
JSWSTEEL,1240.8,2026-07-24,-1.29,0.27,1.36,-0.62,6.66,20.71
KRSNAA,544.8,2026-07-24,-0.34,-3.26,1.35,-9.36,-23.88,-36.78
OMAXAUTO,226.42,2026-07-24,-3.12,-10.98,1.35,103.43,146.12,111.11
ANSALAPI,3.03,2026-07-24,7.07,17.44,1.34,-19.84,-2.57,-48.29
LOWVOL,205.73,2026-07-24,-0.66,-0.01,1.33,2.87,-1.86,1.17
SELECTIPO,45.44,2026-07-24,-2.36,-3.32,1.32,4.99,9.29,-9.2
SPECIALITY,137.73,2026-07-24,1.65,11.03,1.31,36.5,32.25,3.17
VOLTAS,1327.3,2026-07-24,-2.22,-1.65,1.31,-9.05,1.22,-0.93
EFFWA,379.35,2026-07-23,3.45,2.43,1.3,69.73,80.94,62.81
GILT10BETA,26.69,2026-07-24,-0.45,-0.93,1.29,2.5,2.65,2.61
HEIDELBERG,156.41,2026-07-24,-1.93,-0.43,1.27,-0.13,-3.21,-24.73
GROWWLOVOL,10.35,2026-07-24,-0.86,-0.19,1.27,0.88,-0.51,2.72
GLOBUSSPR,880.45,2026-07-24,-4.0,-5.99,1.27,-15.67,-3.7,-26.45
STOVEKRAFT,773.4,2026-07-24,-0.56,-2.24,1.27,43.43,59.27,32.27
REPRO,371.9,2026-07-24,-0.17,0.6,1.27,6.36,-3.52,-31.84
ASHIKA,399.25,2026-07-24,-0.11,-0.03,1.26,1.02,,
IMPAL,1076.1,2026-07-24,-3.4,-4.81,1.25,9.62,3.29,0.77
GALAPREC,1146.3,2026-07-24,-5.65,-0.91,1.25,55.92,59.94,30.57
GROWWCHEM,30.01,2026-07-24,-1.9,0.84,1.25,7.76,9.81,
GROWW,202.15,2026-07-24,-0.63,-2.9,1.23,-7.28,20.68,
RUBFILA,73.08,2026-07-24,0.14,-1.46,1.23,-0.84,-0.46,-10.67
SAHLIBHFI,77.93,2026-07-24,-1.48,-0.09,1.22,-4.35,,
ALLDIGI,822.75,2026-07-24,-1.8,-1.21,1.21,0.49,7.02,-10.84
TI,441.8,2026-07-24,-0.24,-2.03,1.21,-3.04,13.63,-10.25
PAR,93.79,2026-07-24,-8.56,2.3,1.21,2.92,4.07,-16.58
SICALLOG,97.07,2026-07-24,2.69,9.91,1.21,41.21,7.96,-10.46
KIRANVYPAR,200.32,2026-07-24,3.18,3.24,1.21,2.73,,
MANALIPETC,66.77,2026-07-24,4.54,2.3,1.2,26.1,25.06,-10.02
LEXUS,15.13,2026-07-24,-5.2,5.66,1.2,-15.9,-40.2,-55.5
DJML,114.39,2026-07-24,7.25,2.32,1.2,24.76,54.79,-2.05
TIRUMALCHM,167.74,2026-07-24,3.28,2.04,1.19,-14.34,-11.79,-45.2
SANSERA,3184.7,2026-07-24,-4.51,-2.94,1.19,25.84,91.73,132.33
SALSTEEL,56.71,2026-07-24,8.7,-0.63,1.18,-0.19,38.69,253.55
SONAMAC,34.2,2026-07-23,7.04,7.21,1.18,-23.15,-12.53,-58.67
BLISSGVS,464.6,2026-07-24,-3.75,-11.35,1.18,77.22,187.9,205.25
MINDACORP,676.45,2026-07-24,0.03,-3.96,1.17,28.21,24.73,31.92
LOWVOL1,20.95,2026-07-24,-1.09,-0.95,1.16,1.95,-2.15,1.01
SHREDIGCEM,76.16,2026-07-24,3.17,4.29,1.14,2.74,0.53,-12.29
ASHIANA,386.7,2026-07-24,3.51,2.85,1.14,15.52,36.41,19.92
STARHEALTH,580.8,2026-07-24,-0.07,-3.16,1.13,13.29,36.61,34.94
SHRADHA,34.79,2026-07-24,-6.9,17.45,1.13,-12.83,-11.75,-49.09
AMNPLST,194.27,2026-07-24,0.79,-6.08,1.11,20.42,11.58,-17.1
DIAMONDYD,1111.4,2026-07-24,-3.83,-7.16,1.11,11.99,2.59,10.07
PNBHOUSING,1058.0,2026-07-24,-3.68,-5.73,1.1,2.36,30.23,1.26
SBC,42.07,2026-07-24,-0.4,-0.24,1.08,26.26,41.6,150.42
DABUR,423.2,2026-07-24,-0.77,-2.33,1.08,-4.97,-17.4,-15.92
INDPRUD,6570.0,2026-07-24,0.01,0.34,1.08,1.05,,
ROSSELLIND,58.94,2026-07-24,-5.58,3.69,1.08,6.45,36.91,-11.22
GROWWHOSPI,53.52,2026-07-24,-1.0,-1.15,1.08,11.34,,
KNAGRI,213.64,2026-07-24,8.99,3.26,1.05,6.96,25.22,-18.43
XCHANGING,64.04,2026-07-24,-1.28,-3.03,1.04,-1.4,-8.27,-30.17
TOP20,8.73,2026-07-24,-1.02,-0.91,1.04,0.92,,
CHEMICAL,30.18,2026-07-24,-1.11,1.82,1.04,8.33,9.43,
BBETF0432,1354.62,2026-07-24,0.35,0.52,1.04,3.0,4.02,5.32
JYOTHYLAB,198.57,2026-07-24,-1.24,-1.04,1.04,-21.97,-18.92,-40.24
CDSL,1333.1,2026-07-24,-3.76,-6.87,1.02,2.47,1.43,-19.24
DHUNINV,864.7,2026-07-24,-8.41,-13.25,1.02,-6.24,-15.1,-42.9
ALKYLAMINE,1789.5,2026-07-24,-2.27,-5.99,1.02,21.96,15.19,-20.29
CMICABLES,2.98,2026-07-23,0.0,2.76,1.02,-7.17,-43.88,-7.74
KHANDSE,17.83,2026-07-24,2.41,2.06,1.02,8.32,-5.81,-30.76
YCCL,10.0,2026-07-23,2.56,-4.76,1.01,-0.99,-16.67,-20.0
EPL,233.06,2026-07-24,-2.79,-1.59,1.0,3.2,14.98,2.72
BANARISUG,3501.8,2026-07-24,0.7,-0.09,1.0,-3.36,-2.42,-6.31
EMAMILTD,407.9,2026-07-24,0.68,-4.53,0.99,-11.35,-18.17,-28.26
MANKIND,2507.2,2026-07-24,-2.28,-0.01,0.97,10.58,18.96,-3.14
JAYBARMARU,161.36,2026-07-24,-4.16,-18.15,0.96,73.56,94.41,119.55
ZYDUSLIFE,1108.7,2026-07-24,-3.42,-1.91,0.95,19.66,25.82,15.56
HINDOILEXP,162.04,2026-07-24,0.06,4.99,0.95,8.41,10.18,-2.49
CARERATING,1680.0,2026-07-24,0.51,0.19,0.93,8.59,8.15,-5.54
LOYALTEX,205.05,2026-07-24,2.01,-2.36,0.93,0.42,2.91,-42.13
GSEC5IETF,66.15,2026-07-24,-0.51,0.2,0.92,2.62,3.38,4.7
ATULAUTO,473.4,2026-07-24,-1.57,-2.85,0.91,-5.06,21.7,1.71
AMEYA,104.95,2026-07-23,-9.13,-6.09,0.91,-2.91,16.61,-15.64
KEYFINSERV,253.89,2026-07-24,-4.34,-2.11,0.91,-14.9,-9.21,-3.36
SAGILITY,40.42,2026-07-24,-2.15,-3.83,0.9,-2.3,-21.8,-8.77
MAHESHWARI,73.15,2026-07-24,0.21,0.21,0.9,46.12,67.62,20.91
HOMEFIRST,1174.0,2026-07-24,-7.79,-6.9,0.9,3.83,5.99,-16.7
INCREDIBLE,33.39,2026-07-24,2.96,0.21,0.88,-4.0,-7.86,-18.46
MOBIKWIK,201.02,2026-07-24,-6.12,-10.77,0.87,-0.59,1.58,-23.08
ARABIAN,69.5,2026-07-23,3.35,-4.14,0.87,-0.71,2.81,-21.02
PCBL,317.9,2026-07-24,-2.35,-1.75,0.87,12.7,20.12,-18.82
LUPIN,2370.5,2026-07-24,-4.36,-4.21,0.85,3.99,11.72,23.75
MOTISONS,14.17,2026-07-24,1.29,-0.56,0.85,2.68,28.12,-36.66
MOTHERSON,145.55,2026-07-24,1.61,1.21,0.85,15.99,34.92,41.93
ICICIPRULI,500.55,2026-07-24,0.43,-3.68,0.85,-2.32,-21.36,-19.36
ROCKINGDCE,180.0,2026-07-23,2.48,0.0,0.84,-11.48,-7.72,6.95
AVTNPL,70.02,2026-07-24,0.52,-1.46,0.82,4.27,10.61,-6.27
ELLEN,281.2,2026-07-24,-2.11,-5.02,0.79,5.11,12.57,-49.65
POLYMED,1664.0,2026-07-24,-3.31,0.75,0.79,17.66,4.65,-19.47
SIGACHI,25.5,2026-07-24,-0.08,10.29,0.79,16.12,13.99,-35.72
INOXINDIA,2004.0,2026-07-24,0.03,5.99,0.79,33.0,83.28,64.68
PENIND,162.84,2026-07-24,-3.74,-5.51,0.77,-2.67,3.43,-38.01
CONCOR,477.55,2026-07-24,-4.3,2.93,0.76,-5.02,0.21,-20.04
SAKHTISUG,17.28,2026-07-24,2.31,3.66,0.76,-4.58,0.29,-30.49
APOLLOPIPE,490.3,2026-07-24,-0.62,-3.98,0.75,11.07,80.44,14.98
EICHERMOT,7628.0,2026-07-24,0.85,4.54,0.74,7.26,9.39,41.29
SMARTWORKS,482.55,2026-07-24,-0.72,1.74,0.74,13.49,9.71,13.49
GREENPLY,298.15,2026-07-24,-7.28,-5.95,0.74,24.58,36.8,-12.5
KSOLVES,280.9,2026-07-24,-4.91,-5.46,0.74,-8.7,4.27,-12.94
MOGSEC,64.97,2026-07-24,0.06,-0.26,0.73,1.79,3.14,4.52
LTGILTCASE,30.45,2026-07-24,-0.07,-0.26,0.73,2.56,2.46,
ORBTEXP,243.05,2026-07-24,10.32,3.13,0.73,49.48,43.97,3.08
DNAMEDIA,2.79,2026-07-24,0.36,-1.41,0.72,-7.31,-16.22,-42.71
LICNETFGSC,29.36,2026-07-24,-0.14,-0.41,0.72,2.3,2.37,2.98
MNC,33.37,2026-07-24,-0.27,0.0,0.72,1.55,8.59,12.7
SHARIABEES,453.94,2026-07-24,-1.15,-0.64,0.71,-1.39,-12.3,-8.66
SONATSOFTW,288.1,2026-07-24,-7.0,-7.6,0.7,13.64,-4.83,-31.36
EBBETF0425,1290.83,2025-04-08,0.02,0.23,0.7,1.9,3.85,7.57
AARTISURF,381.6,2026-07-24,-2.59,-0.97,0.7,-2.0,-5.95,-31.22
DWARKESH,43.31,2026-07-24,-0.16,-1.21,0.7,-0.98,30.89,-4.4
IVZINGOLD,124.05,2026-07-24,0.69,0.85,0.69,-99.05,-99.07,-98.56
SMSPHARMA,381.1,2026-07-24,-0.87,-4.68,0.69,-3.93,25.36,59.84
ASHAPURMIN,697.05,2026-07-24,1.25,-0.92,0.68,13.89,2.27,24.5
INNOVACAP,950.45,2026-07-24,-2.34,-4.96,0.68,31.8,40.59,6.03
LIBERTSHOE,258.25,2026-07-24,-4.28,-3.49,0.67,-0.57,12.7,-31.9
MRF,130755.0,2026-07-24,-1.54,-0.23,0.66,-0.88,-4.72,-13.18
ANKITMETAL,1.53,2026-07-24,4.79,4.08,0.66,-2.55,-12.57,-23.5
NAMAN,47.8,2026-07-23,9.01,1.38,0.63,-20.27,-21.64,-57.36
GOLD360,139.3,2026-07-24,0.76,0.54,0.61,-4.46,-8.05,42.51
KAJARIACER,1214.9,2026-07-24,-2.2,-1.74,0.6,0.31,30.05,4.05
JAYNECOIND,86.76,2026-07-24,3.25,-7.63,0.6,-9.42,21.24,89.56
MOLOWVOL,36.82,2026-07-24,-0.59,-0.14,0.6,1.29,-2.95,-2.77
LICMFGOLD,128.7,2026-07-24,0.9,0.7,0.59,-4.17,-99.08,-98.56
GREENPANEL,194.24,2026-07-24,0.72,-0.93,0.58,-7.0,-7.57,-38.82
EBBETF0431,1439.92,2026-07-24,0.31,0.18,0.57,2.63,3.23,5.07
SAHYADRI,281.25,2026-07-24,-0.64,0.93,0.57,16.41,16.8,-7.66
FDC,412.95,2026-07-24,-1.18,-3.52,0.56,12.78,13.15,-14.71
SAYAJIHOTL,299.6,2026-07-24,-0.13,-3.35,0.54,7.0,,
LTGILTBEES,29.86,2026-07-24,-0.1,-0.3,0.54,2.58,2.4,3.21
HYUNDAI,1952.6,2026-07-24,-1.0,-2.1,0.54,9.48,-13.72,-5.88
TWCGOLDETF,142.45,2026-07-24,0.84,1.19,0.52,-4.34,,
EBBETF0433,1310.61,2026-07-24,-0.1,-0.42,0.52,2.66,3.77,4.84
GLENMARK,2192.0,2026-07-24,-2.12,-4.75,0.52,-4.67,11.4,2.48
DIVOPPBEES,77.01,2026-07-24,-0.67,0.12,0.51,-3.1,-7.19,-1.19
LAOPALA,184.35,2026-07-24,-0.82,1.17,0.51,4.85,-4.22,-32.06
GSEC10YEAR,30.44,2026-07-24,0.3,0.07,0.5,1.16,3.01,3.71
LUMAXIND,5142.0,2026-07-24,-0.81,-4.83,0.49,-0.61,11.02,31.19
JOCIL,147.9,2026-07-24,5.53,2.68,0.48,15.66,18.25,-10.64
MVKAGRO,399.4,2026-07-23,-0.37,4.35,0.47,-23.93,-37.41,85.25
GOLDADD,138.61,2026-07-24,0.86,0.86,0.46,-4.8,-7.58,43.5
GILLETTE,7828.5,2026-07-24,0.16,-0.66,0.46,-3.3,0.06,-26.66
SUPERHOUSE,154.97,2026-07-24,-10.4,-1.42,0.45,0.88,12.42,-9.02
MONEXT50,72.07,2026-07-24,-0.46,-0.01,0.45,3.65,9.21,6.53
RUSHIL,17.76,2026-07-24,9.9,12.41,0.45,8.76,-11.11,-31.8
CASHIETF,1072.47,2026-07-24,0.08,0.18,0.44,1.24,2.42,5.1
LIQUID1,1115.2,2026-07-24,0.08,0.18,0.44,1.25,2.44,5.14
SBILIQETF,1049.06,2026-07-24,0.08,0.18,0.44,1.24,2.41,
AONELIQUID,1069.79,2026-07-24,0.08,0.18,0.44,1.23,2.41,5.09
HDFCLIQUID,1070.92,2026-07-24,0.08,0.18,0.44,1.24,2.39,6.84
ELIQUID,1040.9,2026-07-24,0.08,0.18,0.44,1.24,2.44,
LIQUIDPLUS,1096.02,2026-07-24,0.08,0.17,0.44,1.24,2.42,5.13
BAYERCROP,4217.5,2026-07-24,-1.02,2.87,0.43,-9.7,-3.82,-31.99
LIQUIDADD,1137.35,2026-07-24,0.08,0.17,0.43,1.22,2.39,5.04
LIQUIDCASE,115.17,2026-07-24,0.09,0.17,0.43,1.22,2.4,5.06
ORIENTBELL,319.5,2026-07-24,2.81,-0.29,0.43,14.41,16.51,2.75
GROWWLIQID,110.07,2026-07-24,0.08,0.17,0.42,1.18,2.28,4.84
SHREYANIND,138.65,2026-07-24,1.92,0.49,0.42,-18.24,-17.17,-42.27
BOROLTD,232.34,2026-07-24,-1.25,-9.58,0.42,-4.95,-5.94,-31.56
LIQUIDBETF,1091.81,2026-07-24,0.08,0.17,0.42,1.19,2.35,4.95
GILT5BETA,66.67,2026-07-24,2.57,1.02,0.41,1.96,4.6,5.57
VINCOFE,156.18,2026-07-24,-1.73,-5.58,0.41,20.73,5.82,2.55
LIQUIDSHRI,1114.54,2026-07-24,0.08,0.17,0.41,1.17,2.29,4.86
LIQGRWBEES,1049.05,2026-07-24,0.08,0.17,0.41,1.17,2.29,
UNIONBANK,170.5,2026-07-24,-3.09,0.06,0.4,-0.83,1.6,25.18
MON50EQUAL,33.04,2026-07-24,-0.03,-1.55,0.4,2.35,1.44,4.46
GOLDCASE,22.44,2026-07-24,0.99,0.81,0.4,-4.79,-7.58,43.48
GOLDETF,138.89,2026-07-24,1.05,0.86,0.4,-4.62,-6.95,43.45
LIQUID,999.99,2026-07-24,0.0,0.0,0.4,0.4,1.55,4.08
LIQUIDSBI,1000.0,2026-07-24,-0.0,0.0,0.39,0.39,1.54,3.5
VIKRAN,71.43,2026-07-24,-1.29,-4.87,0.39,1.87,-18.77,
NIFTY100EW,34.75,2026-07-24,-0.54,-0.37,0.38,3.18,4.54,5.3
EBBETF0430,1606.02,2026-07-24,0.23,0.06,0.38,2.12,3.17,4.94
SYMPHONY,676.85,2026-07-24,-4.22,-6.93,0.38,-14.22,-19.63,-39.37
NH,1961.5,2026-07-24,-3.18,-3.53,0.38,11.17,12.55,-0.51
GOLDIETF,122.05,2026-07-24,0.82,0.81,0.38,-4.87,-7.83,43.64
GMMPFAUDLR,808.05,2026-07-24,0.69,4.4,0.37,-11.07,-17.55,-38.08
DCBBANK,186.24,2026-07-24,-1.9,-3.12,0.37,-2.88,2.68,33.82
GOLDIAM,349.5,2026-07-24,1.61,-6.69,0.37,22.26,58.04,35.34
ANTHEM,769.9,2026-07-24,-2.74,2.98,0.37,4.38,26.77,1.79
GOLDBND,142.5,2026-07-24,0.72,0.72,0.36,-4.83,,
UNIONGOLD,139.5,2026-07-24,0.72,0.9,0.36,-4.29,-8.22,43.3
UGARSUGAR,39.72,2026-07-24,0.4,-1.46,0.35,-6.39,5.75,-12.76
CHOICEGOLD,141.55,2026-07-24,0.78,0.92,0.35,-4.69,-7.47,
MARINETRAN,14.15,2026-07-23,0.0,0.0,0.35,-16.02,-13.72,-12.11
MAWANASUG,110.11,2026-07-24,-1.73,-1.82,0.34,9.97,45.47,17.23
MOMNC,32.27,2026-07-24,-1.22,-0.34,0.34,2.06,7.93,
GOLDBETA,120.05,2026-07-24,1.01,0.8,0.33,-4.8,-7.62,43.94
HSBCGOLD,124.12,2026-07-24,1.18,0.41,0.33,-4.95,,
DOLLEX,30.35,2026-07-23,1.17,5.57,0.33,-3.65,-14.87,-28.84
INDOWIND,9.14,2026-07-24,-0.76,-1.83,0.33,-12.28,-34.76,-50.7
GILT5YBEES,65.88,2026-07-24,0.03,-0.03,0.32,2.01,3.62,4.99
EGOLD,142.55,2026-07-24,0.85,0.6,0.32,-4.9,-7.62,43.12
ARIES,341.05,2026-07-24,-1.27,-1.53,0.31,-7.76,13.48,-6.28
HDFCGOLD,121.79,2026-07-24,0.83,0.88,0.31,-4.8,-7.65,43.4
SETFGOLD,121.62,2026-07-24,0.85,0.79,0.31,-4.78,-7.52,43.42
BSLGOLDETF,125.49,2026-07-24,1.07,0.84,0.31,-4.65,-7.61,44.11
GOLDBEES,117.91,2026-07-24,0.92,0.82,0.3,-4.87,-7.46,43.27
AONEGOLD,13.3,2026-07-24,0.61,0.38,0.3,-4.66,-8.09,
ANUHPHR,79.07,2026-07-24,-1.91,0.38,0.3,-2.53,8.66,-19.67
TATAGOLD,13.86,2026-07-24,0.95,0.8,0.29,-4.68,-7.23,43.33
NIVABUPA,86.64,2026-07-24,0.65,-1.65,0.29,12.42,12.52,0.09
SML100CASE,10.71,2026-07-24,-2.37,-3.34,0.28,7.7,15.99,
GSEC10IETF,262.25,2026-07-24,-0.29,-1.04,0.28,1.84,1.25,1.59
DEEPAKNTR,1649.6,2026-07-24,-2.37,-1.06,0.27,-2.41,5.5,-13.85
INDHOTEL,727.45,2026-07-24,0.33,-1.5,0.27,15.01,13.14,-3.09
ABSLLIQUID,1000.0,2026-07-24,0.0,-0.0,0.27,0.78,1.55,3.27
QGOLDHALF,118.07,2026-07-24,0.75,0.73,0.27,-4.81,-7.92,43.6
SETF10GILT,264.32,2026-07-24,0.22,-0.35,0.26,2.48,2.09,2.38
ESCORTS,2905.1,2026-07-24,-2.56,-2.18,0.25,-9.08,-15.64,-14.3
MOGOLD,141.15,2026-07-24,0.89,0.68,0.25,-4.4,-7.29,
MAKEINDIA,161.52,2026-07-24,-0.83,0.05,0.22,3.59,7.65,10.46
AKASH,26.95,2026-07-24,-3.13,-0.92,0.22,-4.19,10.5,-4.33
360ONE,1102.3,2026-07-24,-2.15,-1.4,0.22,6.65,-0.32,-0.38
GROWWGOLD,13.93,2026-07-24,0.87,0.72,0.22,-4.78,-90.76,-85.67
EQUAL200,13.63,2026-07-24,-1.37,-1.23,0.22,2.59,6.55,3.96
SBINEQWETF,33.02,2026-07-24,-1.2,-0.87,0.21,1.23,1.07,4.33
SBFC,92.18,2026-07-24,-1.41,-0.78,0.2,-2.91,-9.5,-19.49
PIDILITIND,1570.9,2026-07-24,1.05,0.1,0.2,13.48,9.28,8.82
FMCGIETF,52.69,2026-07-24,0.13,0.4,0.19,-3.11,-4.32,-10.36
JAMNAAUTO,132.67,2026-07-24,-1.33,-1.99,0.18,7.87,13.95,41.83
IIFLCAPS,340.2,2026-07-24,0.56,0.9,0.18,6.29,3.11,6.17
MIDCAP,18.06,2026-07-24,-2.22,-2.06,0.17,5.0,-88.68,-88.68
SETFNN50,769.7,2026-07-24,-0.58,-0.47,0.17,2.84,8.5,6.25
KRYSTAL,601.4,2026-07-24,0.17,0.13,0.17,0.13,-0.12,-7.08
HITECHCORP,320.25,2026-07-24,-0.81,-1.81,0.16,130.56,100.16,59.85
METROGLOBL,129.79,2026-07-24,-2.67,-3.92,0.15,0.65,,
TEXRAIL,110.08,2026-07-24,-4.16,-6.07,0.13,7.63,-7.7,-30.1
FIBERWEB,30.43,2026-07-24,-4.55,-2.56,0.13,-19.31,-4.16,-38.65
EQUAL50,328.36,2026-07-24,-1.28,-0.97,0.12,1.49,1.18,4.14
ARVSMART,608.8,2026-07-24,1.86,-1.02,0.12,1.26,16.55,-1.52
ADROITINFO,9.25,2026-07-24,0.22,2.89,0.11,-7.41,-4.24,-14.83
RAMCOCEM,914.8,2026-07-24,-1.19,-2.49,0.11,-5.29,-13.29,-22.22
GROWWNXT50,72.22,2026-07-24,-0.74,-0.5,0.11,3.14,9.03,
CHEMFAB,366.1,2026-07-24,-1.85,-1.6,0.1,-6.96,-6.49,-53.51
AMANTA,163.0,2026-07-24,-1.0,-7.17,0.1,23.46,62.9,
INDOSTAR,260.5,2026-07-24,-2.31,-3.29,0.1,33.15,16.88,-13.73
MIDSELIETF,19.14,2026-07-24,-1.39,-1.54,0.1,7.11,9.62,8.94
NIRLON,620.6,2026-07-24,0.08,-1.37,0.1,12.83,,
NHPC,79.39,2026-07-24,-1.99,-0.09,0.1,-1.57,7.41,-5.28
ARIHANTSUP,262.6,2026-07-24,0.15,-0.11,0.1,-2.83,-2.54,-39.43
VIJAYA,1313.9,2026-07-24,-1.56,-5.39,0.1,23.31,31.88,17.43
GLOTTIS,66.73,2026-07-24,0.8,-0.46,0.09,11.76,28.11,
AUROPHARMA,1532.0,2026-07-24,-1.77,-1.12,0.09,8.36,35.28,38.03
KIMS,797.85,2026-07-24,1.17,-0.39,0.08,22.52,37.06,1.08
VHLTD,131.99,2026-07-24,0.43,2.32,0.07,-4.06,-7.63,19.53
NEXT30ADD,42.05,2026-07-24,-0.76,-0.64,0.07,1.87,5.89,8.35
GOLD1,118.72,2026-07-24,0.58,0.54,0.07,-5.09,-7.98,43.3
WINDLAS,857.95,2026-07-24,-1.56,1.43,0.07,0.51,9.88,-11.3
APOLLOTYRE,419.65,2026-07-24,-2.11,-4.75,0.06,-0.42,-14.87,-7.43
MAXHEALTH,1080.4,2026-07-24,-2.0,-2.33,0.06,8.3,9.17,-14.6
BBNPPGOLD,137.9,2026-07-24,0.88,0.95,0.04,-5.52,-7.94,42.9
ABSLNN50ET,75.56,2026-07-24,-0.66,-0.22,0.03,2.94,8.88,6.48
GKSL,128.2,2026-07-24,0.92,-4.26,0.02,14.02,29.03,
MANORAMA,1585.5,2026-07-24,-0.97,-2.57,0.01,12.36,45.06,-0.37
SKIL,0.92,2026-07-23,0.0,4.55,0.0,-4.17,-28.12,-57.8
MARSHALL,3.64,2026-07-23,0.0,0.0,0.0,0.0,0.0,-58.96
SECURCRED,1.56,2026-07-23,0.0,0.0,0.0,0.0,0.0,0.0
SIMBHALS,6.9,2026-07-24,0.15,-3.77,0.0,-32.81,-26.6,-54.93
SECMARK,128.18,2026-07-24,0.21,3.26,0.0,8.63,26.9,-9.42
MPTODAY,46.0,2026-07-23,0.0,0.0,0.0,7.23,-3.26,-15.67
NEXT50IETF,75.75,2026-07-24,-0.62,-0.39,0.0,2.74,8.68,6.32
SHAIVAL,33.0,2026-07-23,0.0,0.0,0.0,0.0,8.2,8.2
EQUAL50ADD,339.64,2026-07-24,-1.14,-0.84,0.0,1.8,1.33,4.24
KALYANI,138.09,2026-07-23,0.0,0.0,0.0,0.0,0.0,0.0
VASA,4.45,2026-07-23,0.0,0.0,0.0,-4.3,-11.0,-12.75
MELSTAR,4.25,2026-07-23,0.0,0.0,0.0,0.0,0.0,0.0
LIQUIDBEES,999.99,2026-07-24,-0.0,0.0,0.0,0.0,-0.0,0.98
SAHAJ,3.85,2026-07-23,0.0,0.0,0.0,0.0,-20.62,-56.5
SANCO,2.9,2026-07-23,0.0,0.0,0.0,19.83,-9.66,-12.91
LIQUIDETF,1000.0,2026-07-24,0.0,0.0,0.0,0.0,1.13,3.34
JAKHARIA,60.5,2026-07-23,0.0,0.0,0.0,0.0,0.0,-31.33
LIQUIDIETF,999.99,2026-07-24,0.0,0.0,0.0,0.0,0.0,0.0
MINDPOOL,71.1,2026-07-23,0.0,0.0,0.0,0.0,0.0,-6.39
JINDCOT,2.5,2024-11-08,0.0,0.0,0.0,0.0,0.0,0.0
SRIRAM,10.1,2026-07-23,0.0,0.0,0.0,0.0,0.0,0.0
MBECL,65.4,2026-07-23,0.0,0.0,0.0,0.0,0.0,0.0
KTL,4.85,2026-07-23,0.0,0.0,0.0,0.0,0.0,-37.42
TAPIFRUIT,50.0,2026-07-23,4.82,4.82,0.0,-10.79,-21.88,-30.02
PODDARHOUS,43.37,2026-07-23,0.0,0.0,0.0,0.0,0.0,0.0
GSTL,18.95,2026-07-23,6.16,28.47,0.0,-36.83,22.26,42.48
GANGOTRI,0.61,2026-07-23,0.0,0.0,0.0,0.0,0.0,-3.17
DRSDILIP,110.0,2026-07-23,0.0,0.0,0.0,-7.95,90.15,12.24
INDLMETER,23.69,2026-07-23,0.0,0.0,0.0,0.0,0.0,0.0
AVSL,119.7,2026-07-23,0.0,0.0,0.0,0.0,0.0,-4.24
RMCL,200.0,2026-07-23,0.0,0.0,0.0,0.0,0.0,0.0
PARTYCRUS,90.0,2026-07-23,3.45,6.64,0.0,2.27,-0.61,18.42
PATTECH,114.85,2026-07-23,0.0,0.0,0.0,31.56,12.76,-13.42
TECHIN,14.0,2026-07-23,0.0,0.0,0.0,0.0,0.0,0.0
HERCULES,159.32,2026-07-23,0.0,0.0,0.0,0.0,0.0,-15.61
PERFECT,8.1,2026-07-23,0.0,0.0,0.0,0.0,0.0,-11.48
DESTINY,105.9,2026-07-23,0.0,0.0,0.0,0.0,-7.91,-7.19
SHREMINVIT,102.0,2026-07-23,0.0,0.0,0.0,-1.95,10.49,10.26
ALPSINDUS,34.3,2026-07-23,0.0,0.0,0.0,0.0,0.0,58.06
BKMINDST,45.0,2026-07-23,0.0,0.0,0.0,0.0,0.0,0.0
SECL,3.0,2026-07-23,0.0,0.0,0.0,-13.04,-26.83,-52.38
FCSSOFT,1.55,2026-07-24,0.0,-1.27,0.0,-7.74,0.0,-42.38
BRIGHT,2.8,2026-07-23,0.0,0.0,0.0,0.0,0.0,0.0
OMKARCHEM,3.41,2026-07-23,0.0,0.0,0.0,-13.67,-38.78,-36.97
SUULD,1.57,2026-07-23,0.0,0.0,0.0,0.0,0.0,-33.19
DSKULKARNI,13.55,2026-07-23,0.0,0.0,0.0,0.0,0.0,0.0
GOENKA,0.82,2026-07-23,0.0,0.0,0.0,0.0,0.0,-8.89
BURNPUR,33.0,2026-07-23,0.0,0.0,0.0,0.0,0.0,0.0
VISAMAN,107.6,2026-07-23,0.0,0.0,0.0,-10.56,-25.25,26.81
AHIMSA,24.7,2026-07-23,0.0,0.0,0.0,0.0,-1.2,1.44
STEELCAS,306.65,2026-07-24,0.68,-0.68,-0.01,6.85,67.85,24.63
CTE,31.5,2026-07-24,2.27,3.65,-0.03,5.88,-11.69,-29.21
NEXT50BETA,77.75,2026-07-24,-0.51,-0.04,-0.03,3.28,8.79,
PARADEEP,136.07,2026-07-24,-1.56,-5.1,-0.03,1.8,5.43,-29.27
COROMANDEL,1980.8,2026-07-24,-1.96,-3.76,-0.03,-0.63,-11.45,-18.02
GHCL,436.2,2026-07-24,0.39,-2.13,-0.05,-9.62,-14.97,-26.64
PGHH,8974.5,2026-07-24,2.88,0.77,-0.05,-12.87,-24.96,-29.41
MARALOVER,56.0,2026-07-24,1.82,4.42,-0.05,25.76,51.02,-23.3
EIHOTEL,326.4,2026-07-24,-4.06,-3.16,-0.05,0.0,1.24,-15.47
EMKAYTOOLS,94.5,2026-07-23,1.56,-0.32,-0.05,-22.22,-0.63,-55.41
EIEL,220.16,2026-07-24,-4.01,-6.67,-0.06,6.56,28.94,-20.23
INDBANK,33.21,2026-07-24,-0.66,-0.33,-0.06,-1.1,-8.49,-1.72
SMALLCAP,46.52,2026-07-24,-1.71,-2.19,-0.06,7.34,14.08,-2.17
AFSL,201.0,2026-07-24,-0.04,-0.63,-0.06,-1.93,-0.0,-9.64
KAKATCEM,121.0,2026-07-24,-0.76,4.24,-0.07,-12.68,9.66,-26.52
VMSTMT,44.05,2026-07-24,-1.91,-4.22,-0.07,-4.34,-6.95,
LICNMID100,62.07,2026-07-24,-1.69,-1.77,-0.08,3.95,8.36,4.76
PASHUPATI,87.09,2026-07-24,-0.15,0.16,-0.09,-1.2,14.24,25.73
HDFCNEXT50,73.33,2026-07-24,-0.7,-0.23,-0.1,2.78,8.7,6.31
ARTNIRMAN,40.19,2026-07-24,0.58,-3.25,-0.12,-10.69,-6.53,-31.18
AVANTIFEED,977.05,2026-07-24,-5.53,3.0,-0.13,-31.25,29.39,32.03
JINDALPHOT,1076.1,2026-07-24,-2.41,-9.53,-0.14,-1.52,-28.55,24.82
SBCL,755.7,2026-07-24,1.16,3.13,-0.14,27.59,82.88,33.4
ABSLMSCIN,29.13,2026-07-24,-1.62,-1.55,-0.14,0.8,,
SNXT30BEES,41.86,2026-07-24,-0.69,-0.85,-0.17,1.48,5.26,8.11
BAWEJA,29.2,2026-07-23,0.86,3.55,-0.17,-21.08,3.55,-49.87
APOLLO,394.3,2026-07-24,0.38,-2.12,-0.18,38.89,77.29,129.93
IXIGO,184.6,2026-07-24,-7.67,-12.27,-0.18,10.74,-9.75,-13.69
VIVO,77.35,2026-07-23,0.0,0.0,-0.19,1.78,1.78,20.86
APLAPOLLO,1822.8,2026-07-24,0.47,-0.32,-0.19,-9.06,-8.86,8.47
LATENTVIEW,296.05,2026-07-24,-4.72,-2.49,-0.2,2.39,-24.47,-31.12
PRITIKAUTO,18.01,2026-07-24,0.11,-6.44,-0.22,38.65,36.85,-1.42
SANOFICONR,4674.7,2026-07-24,3.22,1.89,-0.23,3.29,16.37,-7.05
MASFIN,313.55,2026-07-24,-1.48,-5.14,-0.24,-2.12,4.27,-5.19
FEDFINA,150.53,2026-07-24,-4.58,-4.27,-0.24,0.81,3.64,21.67
ABCAPITAL,393.85,2026-07-24,-1.82,-3.34,-0.24,15.63,13.35,45.36
ELM250,16.38,2026-07-24,-1.15,-1.27,-0.24,2.12,2.25,
JUBLPHARMA,965.35,2026-07-24,-5.23,-0.24,-0.25,2.64,1.49,-17.06
NEXT50ETF,72.28,2026-07-24,-0.77,0.06,-0.25,2.64,8.9,
MID150CASE,11.42,2026-07-24,-1.64,-1.72,-0.26,4.1,8.76,3.91
JUNIORBEES,776.3,2026-07-24,-0.66,-0.37,-0.27,2.92,8.83,6.13
ACUTAAS,3259.5,2026-07-24,-10.85,-6.74,-0.28,36.1,97.14,176.98
MDL,70.0,2026-07-23,0.0,0.21,-0.28,37.52,20.59,-22.27
DOLPHIN,376.95,2026-07-24,-0.28,-4.32,-0.29,-8.45,-5.16,-16.58
DHANBANK,34.29,2026-07-24,1.45,-1.61,-0.29,29.1,42.58,19.85
NEXT50ADD,72.24,2026-07-24,-0.84,-0.48,-0.29,3.02,,
DTL,120.65,2026-07-23,-5.0,-5.0,-0.29,11.71,-1.91,-21.91
SANOFI,3388.9,2026-07-24,-0.09,1.35,-0.3,-1.13,-15.52,-41.07
SCODATUBES,146.93,2026-07-24,1.22,-4.91,-0.31,-1.51,12.31,-24.88
ESG,40.97,2026-07-24,-1.77,-1.63,-0.32,0.61,-4.1,-4.32
KALYANIFRG,601.9,2026-07-24,0.21,-1.82,-0.33,-0.68,3.45,-18.97
NEXT50,740.35,2026-07-24,-0.76,-0.49,-0.34,2.89,8.84,6.25
ADVENTHTL,142.31,2026-07-24,-4.14,-6.05,-0.34,-8.23,-19.05,
MANUFGBEES,159.47,2026-07-24,-1.07,-0.23,-0.34,3.65,7.58,
RAMRAT,414.1,2026-07-24,-2.14,-1.74,-0.35,8.44,43.28,19.17
LICNETFSEN,862.07,2026-07-24,-2.07,-1.15,-0.35,0.06,-6.03,-6.41
SPLPETRO,741.6,2026-07-24,5.14,2.04,-0.35,-7.66,49.52,-7.08
EIMCOELECO,1789.2,2026-07-24,-1.82,-0.16,-0.35,10.63,12.94,-20.47
PRIVISCL,3595.2,2026-07-24,-2.19,-0.73,-0.37,11.22,32.3,46.45
COMPUSOFT,13.33,2026-07-24,2.46,1.21,-0.37,-4.51,-7.3,-37.6
TRIGYN,54.5,2026-07-24,1.32,-7.45,-0.37,-3.08,-3.54,-33.65
TRANSWIND,13.15,2026-07-23,0.0,0.0,-0.38,-24.86,-48.43,-13.2
AVALON,1741.5,2026-07-24,1.46,1.2,-0.39,67.35,116.78,108.06
SURAJEST,193.56,2026-07-24,-2.54,-6.63,-0.39,-18.34,-8.18,-39.79
AMBUJACEM,425.15,2026-07-24,-2.89,-1.62,-0.4,-5.31,-17.61,-31.13
KUANTUM,77.36,2026-07-24,3.02,0.55,-0.4,-3.58,-12.66,-40.21
DIAMINESQ,246.9,2026-07-24,-2.15,-8.76,-0.41,-9.15,-2.62,-35.71
GROWWMC150,227.37,2026-07-24,-1.57,-1.72,-0.41,3.34,8.15,
HIKAL,217.4,2026-07-24,-4.34,-11.51,-0.42,20.04,11.85,-35.52
HEADSUP,7.11,2026-07-24,5.33,2.89,-0.42,-2.47,-15.56,-24.68
NDRAUTO,812.75,2026-07-24,-0.93,-3.56,-0.42,12.92,21.15,-27.25
GREENLAM,256.0,2026-07-24,1.35,-1.9,-0.43,14.93,2.56,6.05
TNTELE,9.14,2026-07-24,1.33,-3.38,-0.44,-11.26,0.0,-57.17
SBINMID150,22.8,2026-07-24,-1.68,-1.98,-0.44,4.11,,
ACC,1340.9,2026-07-24,-2.93,-2.75,-0.45,-4.53,-19.2,-28.64
SHAH,4.37,2026-07-24,-1.35,-5.82,-0.46,-17.55,-10.82,15.61
BLUESTARCO,1637.2,2026-07-24,-4.5,-4.13,-0.46,-9.52,-3.11,-6.75
ABDL,620.75,2026-07-24,-0.89,-0.88,-0.46,12.15,39.54,33.02
NIFTYADD,250.86,2026-07-24,-1.62,-1.41,-0.48,0.13,-4.51,-3.78
HDFCMID150,22.99,2026-07-24,-1.54,-2.05,-0.48,3.84,8.09,4.45
SILVERBND,221.58,2026-07-24,1.3,1.73,-0.48,-7.18,,
DIVIDEND,35.1,2026-07-24,-0.99,-0.28,-0.48,-3.44,,
SOMICONVEY,97.31,2026-07-24,-2.65,-0.75,-0.51,-12.1,-7.07,-37.22
MIDCAPIETF,23.52,2026-07-24,-1.3,-2.0,-0.51,4.12,8.44,4.72
HDFCBSE500,37.0,2026-07-24,-1.67,-2.06,-0.51,2.27,0.08,-2.25
AEQUS,229.23,2026-07-24,-4.63,-6.32,-0.52,23.09,70.39,
PREMCO,363.9,2026-07-24,-1.95,-2.6,-0.53,-14.89,,
SEJALLTD,753.45,2026-07-24,2.82,1.03,-0.53,-1.72,9.58,56.77
NIFTYBEES,271.21,2026-07-24,-1.59,-1.49,-0.54,0.04,-4.47,-3.86
TVSSCS,133.13,2026-07-24,-2.22,-3.55,-0.54,16.42,41.69,2.4
SWELECTES,613.3,2026-07-24,-0.14,-3.74,-0.54,-6.76,18.66,-11.2
ORCHPHARMA,988.6,2026-07-24,-5.54,-1.87,-0.54,74.4,43.61,38.82
MOM50,248.99,2026-07-24,-1.79,-1.52,-0.54,-0.22,-4.47,-4.32
AIIL,531.1,2026-07-24,-3.78,2.13,-0.55,9.07,1.78,-5.43
DATAPATTNS,4584.5,2026-07-24,15.13,7.59,-0.55,12.67,110.52,65.72
PLATIND,227.82,2026-07-24,-0.48,-1.41,-0.56,3.5,-2.5,-25.43
ABMINTLLTD,41.02,2026-07-24,-4.2,-0.97,-0.56,-5.05,14.9,-31.01
NIFTYBETA,263.98,2026-07-24,-1.74,-1.6,-0.56,0.02,-4.47,
RECLTD,361.6,2026-07-24,-0.52,3.01,-0.56,-3.32,2.27,-5.87
MERCURYEV,35.11,2026-07-24,-0.59,-2.28,-0.57,,,
SNXT50BETA,92.64,2026-07-24,-1.73,-1.57,-0.57,2.46,-1.48,
PIIND,2731.2,2026-07-24,2.78,6.31,-0.57,-11.36,-13.85,-33.34
HINDUNILVR,2145.0,2026-07-24,0.25,0.68,-0.59,-6.9,-10.07,-10.42
PURVA,213.35,2026-07-24,-2.9,-14.11,-0.59,-0.42,-6.17,-24.14
MOQUALITY,199.23,2026-07-24,-1.22,-1.28,-0.59,-0.92,1.79,2.93
IDFNIFTYET,262.78,2026-07-24,-1.95,-1.44,-0.59,0.08,-4.61,-4.38
MID150,23.08,2026-07-24,-1.75,-2.04,-0.6,4.53,8.0,4.39
HDFCNIFTY,268.19,2026-07-24,-1.7,-1.5,-0.6,-0.0,-4.49,-4.08
HGS,422.55,2026-07-24,-1.68,1.23,-0.6,3.25,4.27,-28.66
MIDCAPADD,22.78,2026-07-24,-1.51,-3.76,-0.61,3.69,8.32,
GROWWN200,11.23,2026-07-24,-1.4,-1.4,-0.62,1.26,-0.02,-0.75
ALUWIND,48.05,2026-07-23,3.78,6.78,-0.62,-15.7,-25.21,-39.94
MONIFTY500,23.51,2026-07-24,-1.18,-1.67,-0.63,1.95,1.16,-0.97
VOGL,34.23,2026-07-24,-3.71,-12.16,-0.64,,,
REPCOHOME,388.4,2026-07-24,-4.17,-7.46,-0.64,-5.12,-2.13,-8.55
BSLNIFTY,27.88,2026-07-24,-1.87,-1.76,-0.64,0.0,-4.52,-4.03
NIFTYIETF,269.76,2026-07-24,-1.6,-1.57,-0.64,0.06,-4.51,-3.89
AMBICAAGAR,24.64,2026-07-24,0.33,-0.08,-0.65,3.01,2.75,-12.0
DEVIT,26.07,2026-07-24,-3.27,-7.16,-0.65,-22.57,-13.85,-43.33
SETFNIF50,256.26,2026-07-24,-1.59,-1.62,-0.66,-0.02,-4.57,-3.99
LICNETFN50,266.3,2026-07-24,-2.26,-1.73,-0.66,-0.35,-4.84,-4.43
MID150BEES,234.83,2026-07-24,-1.72,-1.88,-0.66,4.01,8.2,4.44
TOP100CASE,10.43,2026-07-24,-1.7,-1.32,-0.67,0.48,-2.43,-2.52
SENSEXADD,78.57,2026-07-24,-1.69,-1.66,-0.67,-0.44,-6.11,-6.51
LUXIND,1226.6,2026-07-24,-4.13,-6.29,-0.68,-25.84,37.17,-14.56
MOMGF,158.72,2026-07-24,-0.85,0.07,-0.68,3.56,7.35,10.48
RBMINFRA,297.3,2026-07-23,15.12,10.17,-0.68,-30.57,-15.15,-38.87
AONETOTAL,11.68,2026-07-24,-1.68,-1.6,-0.68,2.19,1.65,-0.51
ABGSEC,113.32,2026-07-24,-1.26,-0.6,-0.68,1.95,2.09,2.38
NIFTY1,264.09,2026-07-24,-1.86,-1.59,-0.69,0.03,-4.47,-3.83
PONNIERODE,316.0,2026-07-24,-2.6,-4.11,-0.69,5.03,20.91,5.88
SENSEXBETA,843.04,2026-07-24,-1.83,-1.82,-0.7,-0.38,-6.23,
TORNTPOWER,1434.1,2026-07-24,0.06,-0.54,-0.7,-15.32,14.42,7.19
PREMIER,2.84,2026-07-24,-1.39,-2.41,-0.7,0.0,-5.02,-26.42
MONIFTY100,25.0,2026-07-24,-1.88,-1.65,-0.71,0.28,-2.69,
MOSERVICE,30.57,2026-07-24,-2.61,-2.74,-0.71,0.2,-6.8,
AONENIFTY,9.82,2026-07-24,-1.7,-1.5,-0.71,-0.2,-4.38,-3.82
AFFLE,1445.3,2026-07-24,-4.81,-6.11,-0.72,2.74,-8.51,-22.11
ESENSEX,76.72,2026-07-24,-1.58,-1.38,-0.72,-0.29,-6.3,
TBOTEK,1429.0,2026-07-24,-1.08,-4.99,-0.72,14.93,-0.97,-0.26
GROWWPSE,100.06,2026-07-24,-0.08,0.35,-0.73,-6.1,,
JSWCEMENT,132.12,2026-07-24,-6.02,-4.46,-0.73,7.34,13.83,
NIFTYCASE,9.54,2026-07-24,-1.65,-1.55,-0.73,0.0,-4.41,
SMALL250,17.65,2026-07-24,-2.32,-3.08,-0.73,6.65,15.13,
ALPHAGEO,204.65,2026-07-24,2.2,2.37,-0.75,-5.78,2.55,-23.63
ZFSTEERING,694.15,2026-07-24,4.34,3.5,-0.76,-15.27,,
IEX,124.26,2026-07-24,-1.15,4.6,-0.76,2.43,0.17,-3.46
LICNFNHGP,273.4,2026-07-24,-1.56,-1.11,-0.76,0.6,-1.59,-2.18
SRM,507.6,2026-07-24,1.56,1.82,-0.76,-3.22,14.75,5.61
ANNAPURNA,130.5,2026-07-23,-0.8,-2.03,-0.76,-23.44,-32.65,-54.72
ADVANCE,109.89,2026-07-24,-2.84,-3.33,-0.77,-1.6,-14.42,
NIFTYETF,258.5,2026-07-24,-2.24,-1.64,-0.77,0.06,-4.61,-4.16
HPIL,125.66,2026-07-24,0.87,3.73,-0.77,-9.09,-7.5,-12.45
KKCL,502.3,2026-07-24,-0.53,-0.35,-0.78,6.18,10.79,-8.52
MOM100,66.54,2026-07-24,-1.93,-2.15,-0.79,4.12,8.12,5.0
EMBDL,61.21,2026-07-24,-3.98,-8.55,-0.81,28.32,-0.33,-47.3
SHRIRAMFIN,1005.1,2026-07-24,-2.93,-4.1,-0.81,-0.05,0.72,60.52
MIDCAPETF,23.19,2026-07-24,-1.65,-1.86,-0.81,3.8,8.16,4.37
GUJAPOLLO,364.35,2026-07-24,4.59,-1.81,-0.82,-12.11,-5.55,-22.24
IMPEXFERRO,2.39,2026-07-23,0.0,4.82,-0.83,43.11,37.36,13.81
ENIFTY,23.99,2026-07-24,-1.56,-1.52,-0.83,-0.04,-4.54,
PANACHE,418.4,2026-07-24,-2.98,-6.79,-0.83,32.83,67.23,57.12
CSBBANK,340.9,2026-07-24,-5.55,-6.08,-0.83,-10.91,-30.2,-19.96
GROWWNIFTY,9.61,2026-07-24,-1.54,-1.54,-0.83,-0.21,,
HDFCSML250,177.58,2026-07-24,-2.11,-3.08,-0.84,7.54,15.16,-0.53
KAYNES,3176.2,2026-07-24,-4.58,-4.32,-0.84,-25.56,-6.01,-43.89
FINIETF,32.01,2026-07-24,-1.93,-3.06,-0.84,1.07,2.89,4.51
BSE500IETF,38.74,2026-07-24,-1.7,-1.6,-0.84,1.52,0.86,-1.6
ARIHANTACA,465.0,2026-07-23,-1.06,-1.06,-0.85,-1.06,-1.06,68.83
HDFCSENSEX,86.4,2026-07-24,-1.74,-1.72,-0.85,-0.24,-6.11,-6.56
SPANDANA,261.5,2026-07-24,-8.47,-14.35,-0.87,19.79,9.85,-8.71
IVZINNIFTY,2726.94,2026-07-24,-1.82,-1.42,-0.87,0.03,-4.84,-4.41
NETF,258.92,2026-07-24,-1.68,-1.54,-0.87,-0.02,-4.72,-3.98
ORIENTCER,40.77,2026-07-24,-2.07,-1.71,-0.88,0.44,-1.0,-7.84
COFORGE,1484.7,2026-07-24,-1.51,-3.65,-0.88,29.0,-9.05,-10.8
GMRAIRPORT,107.12,2026-07-24,-3.96,-6.59,-0.88,13.37,17.44,16.65
NIF100BEES,263.57,2026-07-24,-1.69,-1.98,-0.88,0.61,-0.73,-0.73
SIS,437.55,2026-07-24,0.34,0.69,-0.89,30.34,38.85,16.6
SILVERIETF,220.47,2026-07-24,1.65,1.83,-0.89,-7.28,-28.08,90.92
HDFCNIF100,25.64,2026-07-24,-1.84,-1.8,-0.89,0.12,-2.84,-2.73
RVHL,45.87,2026-07-24,0.79,2.37,-0.91,7.58,3.08,5.11
TOP15IETF,9.73,2026-07-24,-1.62,-1.32,-0.92,-0.92,-8.55,-5.44
TATACONSUM,1088.0,2026-07-24,-0.36,-0.96,-0.92,-6.54,-4.88,2.27
MSCIADD,29.06,2026-07-24,-2.09,-2.06,-0.92,0.94,,
GRMOVER,90.2,2026-07-24,-0.87,-4.78,-0.92,-45.52,-44.38,-28.38
POWERGRID,288.2,2026-07-24,-0.17,0.77,-0.93,-8.91,14.67,-0.58
ALICON,636.35,2026-07-24,2.02,-0.2,-0.95,-6.87,-5.4,-33.2
CRAFTSMAN,9284.0,2026-07-24,-1.17,-0.4,-0.95,22.79,29.13,46.71
TAMBOLIIN,212.65,2026-07-24,-1.7,-3.57,-0.95,32.95,,
SENSEXETF,78.46,2026-07-24,-2.08,-1.74,-0.96,-0.29,-6.14,-6.56
PDSL,352.0,2026-07-24,-2.94,-1.59,-0.96,26.55,13.65,-6.07
GROWWSC250,10.17,2026-07-24,-2.4,-2.68,-0.97,7.96,15.22,
NEPHROPLUS,673.1,2026-07-24,7.05,5.02,-0.98,26.15,32.36,
VISHNUINFR,160.2,2026-07-23,-1.11,1.07,-0.99,-1.11,-11.78,-11.15
NIFTYBETF,244.94,2026-07-24,-1.85,-1.33,-0.99,0.09,-4.52,-4.07
CPCAP,108.49,2026-07-24,-0.05,-2.55,-0.99,16.19,7.44,-35.91
SILVER,220.42,2026-07-24,1.57,1.7,-0.99,-7.23,-28.03,90.89
NEXTMEDIA,3.98,2026-07-24,1.53,0.51,-1.0,-4.56,-30.54,-39.61
INDUSTOWER,394.6,2026-07-24,-1.84,-3.65,-1.0,-1.89,-4.49,-1.73
BAIDFIN,9.86,2026-07-24,-2.47,-4.09,-1.0,-11.41,-13.13,-22.55
CCHHL,12.74,2026-07-24,1.92,-2.6,-1.01,-8.8,-6.94,-30.57
DRAGARWQ,5021.5,2026-07-24,0.3,0.49,-1.01,0.34,,
EPACKPEB,251.92,2026-07-24,1.84,-9.49,-1.01,37.44,36.84,
QNIFTY,261.6,2026-07-24,-1.91,-1.76,-1.01,0.03,-90.47,-90.41
ZENITHSTL,5.83,2026-07-24,8.57,5.81,-1.02,-10.86,14.54,-32.52
CENTUM,3593.8,2026-07-24,-3.25,-3.94,-1.02,28.17,63.14,58.13
AGARWALEYE,478.9,2026-07-24,-1.2,-3.81,-1.04,9.31,4.4,5.61
ADFFOODS,307.05,2026-07-24,2.18,-3.88,-1.05,18.03,73.93,14.5
ABSLPSE,10.33,2026-07-24,-0.48,-0.1,-1.05,-6.01,4.03,1.87
BANKINDIA,142.62,2026-07-24,-2.95,-2.04,-1.06,-0.11,-7.75,28.41
BABAFP,23.3,2026-07-23,-2.92,2.87,-1.06,-15.27,-17.23,-38.68
JINDALSAW,255.35,2026-07-24,-3.99,-4.93,-1.06,7.5,45.0,12.59
MOSMALL250,17.66,2026-07-24,-2.59,-3.23,-1.06,7.29,14.75,-0.56
SILVER360,217.03,2026-07-24,1.54,1.54,-1.06,-7.25,-29.35,89.96
TVTODAY,116.45,2026-07-24,-4.58,-3.95,-1.06,3.72,-5.82,-31.25
BSLSENETFG,76.54,2026-07-24,-2.43,-2.01,-1.06,-0.48,-6.41,-6.44
DEFENCE,77.94,2026-07-24,-0.32,-0.76,-1.07,7.4,,
HALDYNGL,118.96,2026-07-24,0.72,-3.25,-1.11,25.02,,
SILVERBETA,212.92,2026-07-24,1.4,1.63,-1.11,-7.48,-28.25,89.79
SILVER1,21.36,2026-07-24,1.18,1.62,-1.11,-7.73,-92.93,-77.65
SILVERCASE,22.32,2026-07-24,1.36,1.5,-1.11,-7.73,-28.53,89.79
ASIANPAINT,2637.9,2026-07-24,-1.99,-0.54,-1.11,7.07,-1.59,13.3
MALLCOM,1038.9,2026-07-24,0.46,-4.53,-1.11,-4.9,-1.37,-21.91
SILVERBEES,210.96,2026-07-24,1.48,1.69,-1.12,-7.43,-27.93,90.21
MOALPHA50,52.9,2026-07-24,-1.27,-1.93,-1.12,4.71,10.97,0.02
COASTCORP,49.93,2026-07-24,-5.47,-3.7,-1.13,-10.31,22.56,34.82
DEEPINDS,479.6,2026-07-24,0.75,3.65,-1.13,-3.23,39.22,3.52
SILVERAG,214.74,2026-07-24,1.42,1.66,-1.14,-7.44,-27.95,90.36
SBISILVER,215.98,2026-07-24,1.33,1.54,-1.14,-7.38,-28.4,90.09
GROWWSLVR,21.59,2026-07-24,1.27,1.55,-1.14,-7.54,-92.97,-81.09
HDFCSILVER,210.79,2026-07-24,1.21,1.54,-1.14,-7.5,-28.32,89.73
ALMONDZ,12.86,2026-07-24,-1.38,-1.23,-1.15,-20.91,-13.4,-41.57
MULTICAP,16.38,2026-07-24,-1.86,-1.92,-1.15,3.08,4.53,-0.24
TATSILV,21.41,2026-07-24,1.42,1.57,-1.15,-7.52,-27.72,90.82
BANKA,90.77,2026-07-24,1.7,-1.35,-1.15,29.67,40.9,-6.05
SILVERADD,212.4,2026-07-24,1.39,1.59,-1.16,-7.49,-28.81,90.72
20MICRONS,204.23,2026-07-24,-0.99,1.5,-1.17,17.02,14.79,-23.99
NIF100IETF,27.66,2026-07-24,-2.02,-1.46,-1.18,0.04,-2.71,16.4
METAL,12.53,2026-07-24,-0.95,-1.57,-1.18,-2.34,8.67,30.52
JUBLFOOD,418.25,2026-07-24,-1.55,-2.77,-1.19,-14.74,-14.85,-36.07
ESILVER,219.61,2026-07-24,0.9,1.4,-1.21,-7.87,-29.81,89.52
DYNAMATECH,10458.0,2026-07-24,1.68,0.48,-1.21,-11.59,32.46,45.88
AKCAPIT,1759.5,2026-07-24,-3.84,-0.22,-1.22,14.83,,
ARFIN,91.99,2026-07-24,6.94,5.55,-1.22,-3.33,17.42,170.04
GRASIM,3089.4,2026-07-24,-1.73,-1.75,-1.23,12.78,11.98,13.33
PARKHOTELS,122.39,2026-07-24,-2.7,-6.76,-1.23,2.81,1.12,-22.6
SILINV,414.95,2026-07-24,-1.13,-0.81,-1.23,-9.96,-4.54,-28.92
RICOAUTO,139.07,2026-07-24,0.51,5.79,-1.23,22.29,20.25,89.89
SMALLADD,17.67,2026-07-24,-2.59,-3.18,-1.23,7.22,15.11,
TARMAT,50.95,2026-07-24,1.37,4.02,-1.24,-5.46,3.89,-12.12
LICI,421.3,2026-07-24,-2.7,-4.53,-1.24,6.33,7.46,-4.71
MEGASTAR,340.8,2026-07-24,0.53,-7.0,-1.25,26.62,55.62,24.45
EPACK,234.57,2026-07-24,-2.6,-2.99,-1.25,0.77,-0.69,-34.37
KRISHNADEF,1316.8,2026-07-24,1.1,0.92,-1.27,26.13,39.0,60.52
DYNPRO,231.33,2026-07-24,0.79,-1.09,-1.27,-0.69,8.35,-36.62
GROWWDEFNC,93.47,2026-07-24,-0.05,-1.0,-1.27,5.46,24.18,14.48
TMCV,406.15,2026-07-24,-0.78,-3.47,-1.28,-3.25,-8.56,
CINEVISTA,15.29,2026-07-24,1.26,-2.8,-1.29,-4.2,2.48,-18.5
NACLIND,196.8,2026-07-24,-5.97,-19.02,-1.3,27.63,23.38,-32.77
HBESD,74.01,2026-07-24,-1.4,-1.32,-1.31,-1.97,,
LMW,15763.0,2026-07-24,-2.09,-3.24,-1.31,10.57,11.29,-0.07
SENSEXIETF,876.78,2026-07-24,-1.74,-1.48,-1.32,-0.05,-5.93,-6.37
ABANSENT,26.2,2026-07-24,-7.13,-6.63,-1.32,-0.19,,
NATIONALUM,343.9,2026-07-24,0.29,-3.18,-1.33,-20.92,-5.59,80.71
ALIVUS,1101.2,2026-07-24,-2.75,-5.07,-1.34,4.87,24.64,8.22
MSCIINDIA,29.41,2026-07-24,-1.67,-1.8,-1.34,0.65,-1.21,-1.54
METALIETF,12.5,2026-07-24,-0.95,-1.42,-1.34,-2.27,8.51,30.48
MOSILVER,217.55,2026-07-24,1.31,1.44,-1.36,-7.54,-29.26,
DICIND,517.5,2026-07-24,1.82,-1.27,-1.37,-5.08,3.11,-18.92
UTTAMSUGAR,228.46,2026-07-24,-2.67,-3.7,-1.37,-12.54,10.29,-16.06
NV20IETF,13.55,2026-07-24,-2.17,-1.88,-1.38,-3.83,-9.55,-6.29
GOLDKART,135.0,2026-07-23,0.0,-1.39,-1.39,-32.16,-48.06,-33.28
OILIETF,11.24,2026-07-24,-2.35,-0.79,-1.4,-2.01,-1.58,-3.85
SUDARCOLOR,360.6,2026-07-24,-1.15,-5.42,-1.41,4.31,5.9,-39.27
ADANIENT,3026.4,2026-07-24,-4.93,-4.76,-1.41,32.36,62.42,16.08
MODEFENCE,102.55,2026-07-24,-0.07,-0.9,-1.42,5.71,24.3,14.5
GMRP&UI,97.59,2026-07-24,0.47,-2.28,-1.45,-7.93,-3.94,-15.01
MAGNUM,19.42,2026-07-24,4.13,-0.92,-1.47,-10.09,-3.72,-21.88
KFINTECH,857.75,2026-07-24,-2.73,-6.1,-1.48,-9.07,-14.66,-29.0
MIDCAPBETA,227.86,2026-07-24,-2.08,-3.13,-1.48,3.15,7.24,
PILANIINVS,4311.4,2026-07-24,-1.31,-3.32,-1.48,-8.63,-5.6,-16.46
PAGEIND,40275.0,2026-07-24,-0.12,0.8,-1.49,7.35,23.42,-13.3
CHALET,814.4,2026-07-24,-4.86,-3.93,-1.49,2.11,-0.69,-13.5
INFY,1040.9,2026-07-24,-4.25,-5.6,-1.49,-7.9,-36.35,-30.45
PRAMARA,127.65,2026-07-23,-5.65,-7.23,-1.5,-64.07,-63.75,-37.43
ESABINDIA,5649.5,2026-07-24,-3.75,-0.24,-1.52,-3.98,4.73,3.15
TCI,917.75,2026-07-24,-1.33,-1.68,-1.52,-2.36,-7.51,-24.23
SIGNATURE,768.35,2026-07-24,-3.88,-9.23,-1.53,-8.01,-10.9,-35.62
TOTAL,49.98,2026-07-24,-3.68,-7.44,-1.54,-8.81,-20.92,-36.5
CASTROLIND,184.79,2026-07-24,0.28,0.66,-1.54,1.09,3.5,-15.22
SCHNEIDER,1352.6,2026-07-24,0.87,-1.86,-1.55,14.62,122.94,46.17
INNOVISION,285.3,2026-07-24,-1.23,-1.77,-1.55,-12.98,,
MOPSE,101.0,2026-07-24,-0.95,-0.02,-1.56,-6.16,4.04,1.6
NV20BEES,138.91,2026-07-24,-1.84,-2.39,-1.56,-4.17,-9.56,45.88
HDFCVALUE,124.9,2026-07-24,-2.28,-2.3,-1.58,-3.9,-9.74,-6.2
GROWWMETAL,11.84,2026-07-24,-0.67,-1.58,-1.58,-1.99,8.77,
NSIL,5452.5,2026-07-24,0.06,-0.73,-1.59,-3.58,-6.41,-23.53
ATLASCYCLE,97.1,2026-07-24,-3.27,-0.81,-1.6,-4.74,4.58,-24.64
HAVISHA,1.23,2026-07-24,0.0,1.65,-1.6,-23.12,-24.54,-43.06
RSYSTEMS,245.51,2026-07-24,-1.96,-1.91,-1.62,-8.09,-29.8,-41.93
ALPHA,50.84,2026-07-24,-1.57,-2.0,-1.63,4.52,11.17,0.65
AONESILVER,8.39,2026-07-24,0.72,0.96,-1.64,-7.8,,
SELMC,28.24,2026-07-24,-1.64,-2.69,-1.64,-13.29,4.21,-17.69
MEESHO,185.24,2026-07-24,-0.23,-2.38,-1.66,2.52,8.77,
ARVINDFASN,462.65,2026-07-24,-2.55,-2.57,-1.66,2.87,5.93,-7.83
SPLIL,31.25,2026-07-24,-4.32,0.42,-1.67,-6.6,13.31,-22.84
GENCON,40.52,2026-07-24,1.3,-2.01,-1.67,-3.09,-7.59,-1.32
ALBERTDAVD,698.35,2026-07-24,0.05,-0.56,-1.67,0.15,1.25,-23.05
GEMAROMA,178.1,2026-07-24,-3.67,-9.72,-1.68,6.6,18.28,
CPSEETF,96.23,2026-07-24,-0.56,-0.57,-1.68,-9.68,4.39,3.62
COMMOIETF,99.62,2026-07-24,-1.4,-0.4,-1.68,-3.31,5.0,10.76
GULPOLY,195.12,2026-07-24,6.88,1.54,-1.68,7.24,52.22,12.13
SAGARDEEP,25.16,2026-07-24,5.76,4.7,-1.68,6.7,-0.91,-11.84
METROBRAND,1021.9,2026-07-24,-4.4,-4.73,-1.68,-1.97,0.35,-14.82
GICRE,357.5,2026-07-24,-0.76,-2.01,-1.7,-10.15,-3.53,-3.63
DHARMAJ,260.95,2026-07-24,0.4,1.85,-1.7,2.13,14.64,-17.16
INSPIRE,8.65,2026-07-23,4.85,0.0,-1.7,-19.91,-17.62,-57.7
SHARDACROP,872.95,2026-07-24,-1.42,-4.19,-1.71,-21.33,8.82,-2.89
BEEKAY,400.4,2026-07-24,-1.14,-0.27,-1.71,-5.35,,
BLUEDART,4911.5,2026-07-24,0.58,-0.69,-1.74,-8.17,-7.3,-28.54
JIOFIN,234.71,2026-07-24,-1.76,-2.78,-1.74,-4.48,-7.19,-25.71
BPCL,310.15,2026-07-24,-2.35,0.85,-1.76,0.67,-8.66,-3.21
ELIN,101.13,2026-07-24,-3.91,1.79,-1.77,-19.41,-31.89,-43.29
EBANKNIFTY,57.37,2026-07-24,-1.76,-2.28,-1.8,1.54,-2.83,0.46
GEOJITFSL,76.15,2026-07-24,-8.16,-7.17,-1.8,20.85,13.66,3.58
NAVKARURB,1.08,2026-07-24,-6.09,9.09,-1.82,40.26,-22.86,-53.36
FORCEMOT,17620.0,2026-07-24,-1.62,-1.91,-1.82,-13.4,-8.82,-7.78
KICL,5298.0,2026-07-24,-4.32,-6.72,-1.83,11.67,11.49,5.9
EXCELSOFT,74.38,2026-07-24,-2.52,-6.94,-1.83,-17.83,4.26,
DEEPAKFERT,1573.2,2026-07-24,-1.99,3.95,-1.84,28.75,33.37,-0.85
VIVIDHA,0.53,2026-07-24,1.92,1.92,-1.85,-11.67,-8.62,-35.37
MAYURUNIQ,788.65,2026-07-24,-0.74,-7.78,-1.85,40.64,57.46,33.39
HINDZINC,531.95,2026-07-24,1.78,-0.12,-1.85,-7.96,-22.47,21.42
EMSLIMITED,403.3,2026-07-24,-6.3,-8.58,-1.87,13.83,21.29,-36.03
REXPIPES,171.0,2026-07-23,0.0,-1.87,-1.87,-12.76,24.14,18.22
SCHAEFFLER,4107.7,2026-07-24,-1.14,-0.65,-1.88,-4.17,14.52,-0.46
MEGATHERM,216.5,2026-07-23,-3.73,-4.05,-1.88,-23.36,7.63,-34.76
SBIN,1015.0,2026-07-24,-4.25,-2.12,-1.89,-6.16,0.37,26.68
BMWVENTLTD,56.52,2026-07-24,-1.02,-3.5,-1.89,-11.7,2.26,
CIPLA,1410.6,2026-07-24,-2.15,-1.13,-1.9,9.95,8.28,-4.31
SKIPPER,528.65,2026-07-24,-2.98,-4.92,-1.91,16.4,56.92,12.33
ORIENTCEM,133.8,2026-07-24,-3.49,-2.26,-1.91,-6.44,-15.41,-47.61
RACE,109.25,2026-07-24,-0.6,-1.13,-1.92,-11.82,3.23,-55.18
3PLAND,31.57,2026-07-24,-0.44,-3.31,-1.93,-10.18,-9.88,-34.38
SANDESH,979.0,2026-07-24,-0.24,-1.56,-1.93,-1.84,-3.07,-16.06
VSTTILLERS,4416.7,2026-07-24,-1.66,-5.48,-1.94,-14.74,-18.69,-4.9
HINDCON,20.51,2026-07-24,-4.38,-4.16,-1.96,-5.61,-5.92,-42.45
SHREEPUSHK,386.85,2026-07-24,-6.05,-7.36,-1.96,-1.26,13.8,4.98
ASALCBR,821.45,2026-07-24,0.53,-0.94,-1.97,-7.76,3.84,-26.41
PARASPETRO,1.99,2026-07-24,-0.5,-1.97,-1.97,-10.36,21.34,-21.65
YATRA,107.67,2026-07-24,-0.68,-5.65,-1.98,-4.28,-24.94,18.1
MIDSMALL,50.07,2026-07-24,-1.59,-1.82,-2.0,2.06,10.0,0.38
TARAPUR,18.16,2026-07-24,6.26,1.11,-2.0,-25.36,-28.16,-31.52
BIRLANU,1351.9,2026-07-24,4.83,3.91,-2.01,-3.98,-16.42,-41.83
CPPLUS,3543.4,2026-07-24,-0.63,-2.59,-2.01,55.95,154.12,
VIPULLTD,12.12,2026-07-24,-18.44,-31.95,-2.02,12.12,-2.26,32.31
BAHETI,704.7,2026-07-23,-1.0,-0.79,-2.02,23.38,21.24,24.37
MWL,36.0,2026-07-24,-2.09,-2.75,-2.03,27.22,30.73,111.69
UTIAMC,881.4,2026-07-24,-5.21,-10.79,-2.04,-0.88,-5.9,-35.22
AURUS,4.8,2026-07-24,1.27,3.67,-2.04,-8.92,-2.24,-35.91
ENIL,105.63,2026-07-24,-2.64,-0.33,-2.05,-9.08,-7.55,-27.38
CAPLIPOINT,2467.1,2026-07-24,-6.87,-5.7,-2.06,43.76,43.47,17.98
DREAMFOLKS,67.03,2026-07-24,-1.57,-4.17,-2.06,-17.19,-30.59,-54.0
BEL,405.0,2026-07-24,-0.77,-1.41,-2.07,-8.88,-0.97,2.36
AROGRANITE,25.01,2026-07-24,-0.28,-2.68,-2.08,-5.59,-8.82,-34.55
INDIANB,826.1,2026-07-24,-3.77,-1.95,-2.08,-7.28,-3.74,29.37
RATNAVEER,178.61,2026-07-24,-0.91,-0.62,-2.08,23.26,29.18,15.93
AAKASH,8.92,2026-07-24,-0.67,-6.99,-2.09,10.53,12.91,-10.62
KIRLFER,470.65,2026-07-24,-2.01,0.24,-2.1,9.86,4.75,4.75
GUJRAFFIA,40.56,2026-07-24,2.19,6.74,-2.1,-2.08,-3.57,7.39
BBNPNBETF,57.22,2026-07-24,-2.04,-1.99,-2.1,1.4,-2.57,-0.24
JTEKTINDIA,131.62,2026-07-24,-2.15,-8.65,-2.1,2.04,0.71,-7.45
LICHSGFIN,538.95,2026-07-24,-2.44,-2.35,-2.11,-0.33,6.42,-10.78
NIITMTS,230.18,2026-07-24,-2.04,-9.77,-2.12,-26.96,-37.85,-31.11
YATHARTH,838.8,2026-07-24,-1.19,-0.79,-2.12,16.78,52.29,32.59
INTELLECT,732.2,2026-07-24,-1.62,-5.02,-2.13,7.34,-17.04,-35.27
DDEVPLSTIK,275.65,2026-07-24,-4.35,-6.29,-2.13,16.68,-6.36,-14.1
SCHAND,147.69,2026-07-24,-0.84,-2.91,-2.14,-5.3,-0.99,-31.81
MOBANK10,16.88,2026-07-24,-2.6,-3.21,-2.14,0.96,,
TOP10ADD,86.41,2026-07-24,-1.68,-1.62,-2.15,-1.61,-10.32,-10.93
SUPREMEIND,3458.9,2026-07-24,0.65,3.73,-2.16,-4.93,-0.15,-17.66
RAMANEWS,28.57,2026-07-24,-0.97,-1.89,-2.16,-12.36,-6.51,-15.47
EMMVEE,331.0,2026-07-24,-1.53,-2.42,-2.17,28.94,66.79,
ASAL,508.75,2026-07-24,-4.67,-2.86,-2.18,6.34,25.29,-12.69
WEBELSOLAR,99.77,2026-07-24,-2.52,0.1,-2.18,-10.0,33.42,-29.1
TUNWAL,26.7,2026-07-23,0.38,3.09,-2.2,-15.77,-13.73,-11.59
MANYAVAR,402.3,2026-07-24,-2.81,0.84,-2.21,-10.61,-16.97,-48.81
SHEETAL,291.4,2026-07-23,-0.75,-1.22,-2.21,16.1,45.26,125.98
PROTEAN,593.9,2026-07-24,1.4,-0.86,-2.21,13.12,-2.53,-25.97
OMINFRAL,87.1,2026-07-24,-0.8,-4.44,-2.23,-3.64,15.17,-29.75
URAVIDEF,111.94,2026-07-24,-3.03,-5.82,-2.23,-22.85,-41.07,-78.29
AADHARHFC,495.0,2026-07-24,-3.05,-7.63,-2.23,1.41,5.68,-3.26
INA,112.57,2026-07-24,-5.49,-6.6,-2.24,-22.1,,
TNPETRO,95.0,2026-07-24,0.87,-2.83,-2.25,7.94,4.26,-8.81
MOENERGY,39.06,2026-07-24,-1.76,-0.81,-2.25,-2.37,17.98,
INFRABEES,957.26,2026-07-24,-1.72,-1.25,-2.25,0.29,3.83,1.06
BESTAGRO,15.16,2026-07-24,-1.94,-2.88,-2.26,-14.59,-31.71,-50.47
BEML,1713.2,2026-07-24,-3.24,-9.16,-2.26,-4.29,4.41,-20.04
INFRA,12.05,2026-07-24,-2.67,-1.95,-2.27,1.52,,
DEEDEV,653.45,2026-07-24,-6.03,-2.85,-2.27,51.14,243.02,115.23
SHIVAMILLS,59.88,2026-07-24,0.88,0.45,-2.27,0.79,10.91,-21.85
HDFCNIFBAN,58.45,2026-07-24,-2.11,-2.13,-2.27,1.49,-2.53,0.03
RPPL,21.47,2026-07-24,-2.59,-4.87,-2.28,33.77,30.44,-18.08
ABSLBANETF,58.25,2026-07-24,-2.08,-2.1,-2.28,1.75,-2.62,0.21
ALPA,67.17,2026-07-24,-2.01,-2.53,-2.28,-1.91,5.07,-35.53
IDBI,84.93,2026-07-24,-0.12,1.02,-2.29,11.5,-12.82,-12.22
GIPCL,157.23,2026-07-24,-3.64,-5.74,-2.29,1.86,15.57,-21.0
BANKETF,578.68,2026-07-24,-2.12,-2.31,-2.3,1.6,-2.45,0.22
PIRAMALFIN,2085.4,2026-07-24,-3.35,-4.02,-2.31,12.57,16.91,
BANKBETF,57.76,2026-07-24,-2.1,-2.05,-2.32,1.87,-2.63,-0.67
SARDAEN,502.25,2026-07-24,0.0,0.44,-2.32,-13.61,8.19,12.0
NAVINFLUOR,7520.0,2026-07-24,-4.34,-1.53,-2.32,16.69,27.2,48.44
BRNL,18.06,2026-07-24,3.14,-0.28,-2.33,-11.64,-9.06,-14.49
AKSHAR,0.42,2026-07-24,0.0,-2.33,-2.33,-12.5,-14.29,-23.64
REPL,65.43,2026-07-24,0.93,-1.55,-2.34,-18.25,-30.44,-63.61
BANKNIFTY1,58.9,2026-07-24,-2.13,-2.24,-2.35,1.39,-90.26,-89.98
BASF,3670.2,2026-07-24,-0.45,4.18,-2.36,0.55,0.9,-28.48
IVC,8.23,2026-07-24,-0.72,1.11,-2.37,8.01,7.86,0.42
MANAKSTEEL,70.72,2026-07-24,-7.05,-8.43,-2.37,-6.49,20.44,12.9
ITC,283.45,2026-07-24,0.27,1.36,-2.38,-3.46,-8.08,-27.49
IWP,32.36,2026-07-24,0.06,-3.2,-2.38,-5.38,,
SWASTIK,18.35,2026-07-23,0.27,23.57,-2.39,-17.53,-6.38,-43.01
VERANDA,233.78,2026-07-24,4.33,0.83,-2.39,45.15,13.03,5.5
SILGO,74.06,2026-07-24,-0.44,-0.46,-2.4,-3.27,4.22,32.51
MOLDTECH,134.68,2026-07-24,7.49,6.07,-2.41,4.5,3.84,-12.02
BANKBEES,587.76,2026-07-24,-2.07,-2.16,-2.41,1.56,-2.58,0.09
SHARDAMOTR,826.45,2026-07-24,-4.11,-5.21,-2.41,-2.2,-1.62,-24.83
MON100,328.15,2026-07-24,0.06,-1.27,-2.42,11.95,37.95,63.45
ABSL10BANK,168.46,2026-07-24,-2.6,-3.41,-2.42,1.23,,
KOTARISUG,24.45,2026-07-24,-3.47,-5.34,-2.43,-9.51,0.45,-32.05
NORBTEAEXP,67.37,2026-07-23,-1.72,-5.58,-2.45,7.4,-24.65,106.59
EVEREADY,357.0,2026-07-24,4.08,0.78,-2.45,11.41,11.65,-17.1
SETFNIFBK,583.2,2026-07-24,-2.12,-2.21,-2.46,1.6,-2.65,0.08
ANURAS,1249.6,2026-07-24,-1.44,-1.58,-2.46,-6.82,1.58,9.03
TRANSTEEL,119.0,2026-07-23,2.28,4.34,-2.46,-14.27,-14.42,-17.7
BANKIETF,58.31,2026-07-24,-2.05,-2.1,-2.46,1.64,-2.51,10.9
BSL,124.74,2026-07-24,-1.86,-2.84,-2.47,-0.52,-7.63,-18.59
ADANIPORTS,1768.3,2026-07-24,-4.11,-2.32,-2.48,12.03,35.72,25.8
LGEINDIA,1527.2,2026-07-24,-3.12,-1.06,-2.48,-3.21,9.09,
ASHOKLEY,151.07,2026-07-24,-2.41,-5.12,-2.48,-9.57,-20.38,23.95
BANKBETA,58.74,2026-07-24,-2.07,-2.34,-2.49,1.84,-2.43,
CHEMPLASTS,202.29,2026-07-24,0.33,1.5,-2.49,-14.32,-17.5,-55.09
WINSOME,2.35,2026-07-24,4.44,14.63,-2.49,33.52,39.05,26.34
NMDC,83.56,2026-07-24,-0.35,-0.68,-2.5,-6.42,12.76,20.0
URBANCO,129.76,2026-07-24,-2.87,-2.49,-2.5,-8.89,3.93,
MBLINFRA,25.24,2026-07-24,0.28,-1.68,-2.51,0.28,-0.9,-40.5
AMJLAND,37.99,2026-07-24,1.36,-0.5,-2.51,-9.11,-10.57,-38.28
ENERGY,39.06,2026-07-24,-2.06,-0.64,-2.52,-2.57,17.99,
WABAG,2041.2,2026-07-24,-3.58,-7.23,-2.52,37.02,92.84,25.09
MONQ50,142.45,2026-07-24,0.94,-2.7,-2.54,12.45,43.58,82.49
BLIL,69.88,2026-07-24,0.26,-0.24,-2.54,-3.35,,
RAJPALAYAM,807.75,2026-07-24,-2.09,-1.8,-2.55,2.78,,
VAL30IETF,15.27,2026-07-24,-1.29,-0.72,-2.55,-3.6,1.8,14.3
BANKADD,58.08,2026-07-24,-2.29,-2.44,-2.55,1.49,-2.55,-0.17
INFINIUM,209.5,2026-07-23,-0.57,1.09,-2.56,0.22,-2.33,-22.69
PARKHOSPS,280.25,2026-07-24,0.45,-3.51,-2.56,20.43,79.49,
SIGMA,38.07,2026-07-24,-0.1,0.13,-2.56,-14.18,-26.91,-1.85
OLIL,417.0,2026-07-23,-2.57,-0.95,-2.57,32.72,37.4,97.07
BVCL,40.79,2026-07-24,-2.95,-2.28,-2.58,0.3,-1.4,-11.35
LUMAXTECH,1465.8,2026-07-24,0.66,0.27,-2.58,-15.12,6.4,35.12
TEMBO,530.4,2026-07-24,-3.03,-4.08,-2.58,-12.39,-5.13,4.4
DUCOL,108.45,2026-07-23,2.21,1.07,-2.6,-8.13,-23.38,-13.34
BONLON,40.92,2026-07-24,-1.11,-1.4,-2.62,-17.7,,
ATUL,6407.5,2026-07-24,5.19,2.8,-2.62,-3.61,10.51,-2.43
FORTIS,948.7,2026-07-24,-0.16,-1.43,-2.63,2.2,12.52,12.32
DEVYANI,112.3,2026-07-24,1.24,-1.44,-2.63,4.97,-2.0,-35.67
GROWWPSUBK,84.05,2026-07-24,-2.8,-0.7,-2.63,-3.76,,
ALPHAETF,25.56,2026-07-24,-1.88,-3.03,-2.63,1.83,6.32,0.43
GFLLIMITED,45.95,2026-07-24,-0.37,-0.99,-2.63,-2.05,-6.64,-30.45
ORIENTHOT,134.84,2026-07-24,-5.7,1.56,-2.64,41.53,33.49,-8.72
TRAVELFOOD,1286.3,2026-07-24,-1.37,-3.85,-2.65,0.09,20.77,10.63
BANK10ADD,16.83,2026-07-24,-2.83,-3.5,-2.66,0.72,,
BIRLACORPN,956.6,2026-07-24,-4.72,-1.32,-2.66,6.73,-5.83,-32.65
INFRAIETF,94.89,2026-07-24,-2.43,-1.76,-2.68,0.08,3.33,0.84
AKSHARCHEM,236.58,2026-07-24,0.66,2.56,-2.69,22.2,3.15,-22.21
CONCORDBIO,1248.5,2026-07-24,-5.92,-7.08,-2.71,23.6,0.65,-34.45
RELIANCE,1278.0,2026-07-24,-3.41,-1.46,-2.71,-3.31,-7.37,-8.12
BOROSCI,152.09,2026-07-24,-6.33,-6.55,-2.71,32.9,44.67,-12.82
POCL,526.2,2026-07-24,-6.16,-8.46,-2.71,8.98,2.33,20.45
DISAQ,12110.0,2026-07-24,2.0,-1.26,-2.72,-1.47,,
RUCHIRA,106.47,2026-07-24,2.64,1.47,-2.72,-8.37,-7.51,-20.89
ZENITHEXPO,200.17,2026-07-24,2.61,-0.41,-2.73,-8.19,2.65,-15.11
BGLOBAL,3.21,2026-07-23,0.0,4.56,-2.73,8.45,-0.62,3.22
VALUE,15.99,2026-07-24,-1.3,-1.24,-2.74,-3.85,,
NTPC,347.2,2026-07-24,-0.01,-1.29,-2.76,-13.6,3.9,5.15
MAXPOSURE,33.5,2026-07-23,-4.29,-3.87,-2.76,-16.25,-17.28,-45.04
KDDL,3135.2,2026-07-24,-1.75,-6.78,-2.77,24.9,48.01,9.31
AXITA,7.36,2026-07-24,0.14,-0.81,-2.77,-10.57,-14.69,-11.9
BENGALASM,6202.0,2026-07-24,-0.7,-2.85,-2.78,2.17,,
MANDEEP,19.15,2026-07-23,-4.96,-0.78,-2.79,-17.99,-6.13,-22.94
HALDER,234.54,2026-07-24,2.77,2.99,-2.79,-3.88,-16.24,
RAMAPHO,131.1,2026-07-24,5.54,4.29,-2.8,-2.44,-12.97,-20.16
GAIL,170.02,2026-07-24,-1.73,-1.79,-2.81,2.66,9.02,-6.19
GLOBAL,101.99,2026-07-24,1.83,0.52,-2.81,2.44,28.18,57.19
SUNDARMFIN,4447.8,2026-07-24,0.51,-1.8,-2.81,-5.97,-10.83,-12.6
RACLGEAR,1315.5,2026-07-24,-0.69,1.16,-2.81,7.64,37.34,33.31
UTKARSHBNK,14.45,2026-07-24,-3.73,-4.93,-2.82,5.01,6.48,-36.82
THELEELA,474.7,2026-07-24,-3.62,-5.29,-2.82,10.64,16.33,6.13
NAM-INDIA,1112.5,2026-07-24,-5.98,-8.46,-2.83,14.84,36.49,37.11
ENDURANCE,2634.0,2026-07-24,-3.92,-2.38,-2.83,13.6,11.75,0.2
OMFURN,53.0,2026-07-23,-5.36,-1.76,-2.84,-1.85,-7.83,-47.0
ZUARIIND,257.0,2026-07-24,-1.55,-4.44,-2.84,-3.68,-2.0,-4.5
TIIL,2566.5,2026-07-24,-0.02,4.1,-2.84,3.87,29.74,-22.5
BFSI,26.95,2026-07-24,-2.53,-3.2,-2.85,-0.19,-2.78,-3.27
MOTOUR,77.3,2026-07-24,-2.26,-4.5,-2.85,5.62,1.44,-16.8
GROWWCAPM,11.19,2026-07-24,-2.27,-4.2,-2.86,3.13,18.44,
GROWWMOM50,10.53,2026-07-24,-1.03,-1.31,-2.86,1.84,4.46,-1.35
SUDEEPPHRM,825.15,2026-07-24,-4.6,-2.47,-2.86,21.24,47.37,
NAHARINDUS,116.64,2026-07-24,0.23,-0.94,-2.87,8.5,25.03,-8.14
SUTLEJTEX,37.61,2026-07-24,-3.69,-0.5,-2.87,2.09,40.02,-12.11
PML,485.6,2026-07-24,1.24,1.79,-2.88,-16.75,,
UMIYA-MRO,89.29,2026-07-24,-0.43,-0.78,-2.88,4.14,12.46,10.41
EXICOM,160.3,2026-07-24,-4.71,-4.78,-2.88,36.95,60.11,-4.35
ALLCARGO,8.06,2026-07-24,0.0,-1.1,-2.89,-10.44,-12.1,-77.15
MERCANTILE,24.52,2026-07-24,3.46,-2.19,-2.89,13.26,,
MBEL,296.3,2026-07-24,-6.65,-12.26,-2.9,-6.66,-0.75,
HATSUN,886.85,2026-07-24,-4.69,-1.67,-2.9,-9.56,2.0,-4.96
SUNDRMBRAK,795.0,2026-07-24,-2.84,-2.51,-2.91,28.84,33.97,-13.82
ASIANTILES,53.47,2026-07-24,15.49,10.41,-2.91,-27.89,-22.68,-7.87
BIKAJI,630.7,2026-07-24,-1.75,-1.79,-2.92,-4.15,-2.91,-18.63
IOB,33.88,2026-07-24,-3.2,-0.79,-2.92,-3.23,-0.62,-12.99
AONETMMQ50,9.94,2026-07-24,-1.49,-1.19,-2.93,0.2,7.0,
RENUKA,22.23,2026-07-24,0.27,-3.64,-2.93,-20.12,-3.56,-29.32
ORICONENT,55.03,2026-07-24,-6.33,-2.31,-2.93,-14.51,-14.68,20.57
RAYMOND,588.4,2026-07-24,-3.99,-5.93,-2.94,35.51,59.16,-18.22
HINDALCO,942.8,2026-07-24,-0.53,-2.49,-2.96,-9.6,-0.27,37.24
GMBREW,904.45,2026-07-24,-1.96,-1.36,-2.97,-4.96,-3.58,26.27
GODAVARIB,278.9,2026-07-24,5.76,4.77,-2.97,-16.25,9.52,-15.7
JHS,7.49,2026-07-24,3.17,-0.53,-2.98,-17.96,-30.97,-41.48
GALAXYSURF,1945.0,2026-07-24,-0.54,-1.83,-2.98,10.23,2.17,-25.68
EXPLEOSOL,801.55,2026-07-24,-2.8,-2.61,-3.0,-0.27,-11.9,-35.14
DELTACORP,62.99,2026-07-24,-1.45,-2.7,-3.0,-17.86,-1.69,-28.18
SERVOTECH,95.64,2026-07-24,-4.3,-1.66,-3.01,5.98,60.69,-32.63
XELPMOC,81.19,2026-07-24,-1.19,-2.65,-3.02,-21.39,-38.09,-10.83
LTFOODS,375.6,2026-07-24,-2.53,-2.4,-3.02,-10.58,8.88,-22.93
VEEKAYEM,128.0,2026-07-23,0.0,-1.54,-3.03,-10.05,24.39,-49.25
TIL,211.39,2026-07-24,-4.4,-1.65,-3.03,6.72,-3.05,-41.48
BEDMUTHA,106.89,2026-07-24,-0.1,-2.81,-3.05,-6.15,-1.76,-26.43
JKTYRE,390.6,2026-07-24,-2.84,-4.75,-3.06,-1.69,-23.12,11.47
VHL,3503.3,2026-07-24,-1.26,-0.4,-3.07,4.83,11.07,-13.93
RAJOOENG,54.35,2026-07-24,6.44,8.09,-3.07,-23.53,-15.85,-54.83
JAIPURKURT,27.01,2026-07-24,1.85,-5.23,-3.09,-18.77,-25.12,-35.74
SAKAR,802.2,2026-07-24,-10.75,-7.1,-3.1,27.52,106.65,117.81
BALAJITELE,84.04,2026-07-24,-4.12,-8.54,-3.1,-16.91,-5.99,-14.58
PVTBANKADD,27.74,2026-07-24,-1.67,-3.01,-3.11,2.17,-2.26,-1.35
IMFA,1340.1,2026-07-24,-0.5,-4.27,-3.11,-10.93,21.04,77.29
PSUBNKBEES,93.42,2026-07-24,-2.85,-1.25,-3.12,-4.79,-4.38,17.44
JMFINANCIL,122.05,2026-07-24,-1.4,-4.09,-3.13,-10.66,-3.38,-29.33
SAMPANN,27.57,2026-07-24,2.3,-2.79,-3.13,-13.06,-11.06,-16.56
GOYALSALT,111.05,2026-07-23,-3.43,-3.98,-3.14,-8.22,-18.38,-33.5
KEEPLEARN,1.85,2026-07-24,0.54,-1.07,-3.14,-13.15,-17.78,-38.54
JUNIPER,193.07,2026-07-24,-1.19,-3.44,-3.15,-7.29,-12.93,-39.51
KPIGREEN,390.2,2026-07-24,-5.51,-2.78,-3.15,-13.08,-4.79,-26.86
BANKPSU,84.43,2026-07-24,-2.79,-1.14,-3.15,-4.66,-4.26,18.32
HEALTHX,312.85,2026-07-24,-1.67,-7.33,-3.16,16.54,4.35,4.32
KOTIC,163.0,2026-07-24,-3.97,-6.93,-3.17,-18.03,,
GLOBE,2.14,2026-07-24,0.0,-0.47,-3.17,-13.36,-25.17,-8.94
LFIC,143.3,2026-07-24,0.05,0.78,-3.17,3.44,1.42,-32.04
KRISHCA,170.65,2026-07-23,3.36,3.11,-3.18,-11.79,-4.1,-34.98
JINDALPOLY,637.35,2026-07-24,-4.34,-7.31,-3.18,-7.84,65.44,6.37
CORDSCABLE,203.66,2026-07-24,-1.62,-1.05,-3.18,16.12,31.52,0.16
SULA,149.79,2026-07-24,-0.15,-0.79,-3.19,-11.71,-21.8,-49.25
SINDHUTRAD,24.45,2026-07-24,-4.68,-5.2,-3.21,3.38,36.44,-24.16
FOODSIN,55.05,2026-07-24,-4.56,-9.9,-3.22,-3.32,-11.08,-50.38
SRHHYPOLTD,477.85,2026-07-24,-1.69,-3.56,-3.22,-0.7,5.91,-27.4
MOMOMENTUM,60.95,2026-07-24,-1.09,-1.53,-3.22,-0.85,-0.15,-2.93
LGBBROSLTD,1540.4,2026-07-24,-0.69,-2.77,-3.23,-11.86,-10.96,20.45
VENTIVE,617.75,2026-07-24,-0.5,-0.65,-3.24,3.29,-14.61,-21.35
GROWWRAIL,28.63,2026-07-24,-1.55,-0.87,-3.24,-11.77,-12.55,-23.73
PREMIERENE,1019.3,2026-07-24,-6.18,-8.13,-3.24,1.24,49.33,-7.33
ACEINTEG,19.7,2026-07-24,-1.45,-4.78,-3.24,-2.14,2.07,-25.1
SVPGLOB,3.87,2026-07-24,-2.27,2.38,-3.25,20.19,24.84,-4.21
IITL,132.02,2026-07-24,3.03,5.32,-3.25,-19.82,-10.34,-20.81
HDFCMOMENT,30.38,2026-07-24,-1.27,-1.62,-3.25,-0.95,-0.33,-2.35
COALINDIA,427.4,2026-07-24,-0.47,-0.65,-3.25,-6.27,3.5,18.65
NELCAST,134.47,2026-07-24,5.1,0.09,-3.26,4.97,51.09,-16.44
DOLLAR,258.0,2026-07-24,-1.49,-4.05,-3.26,-23.53,-17.76,-33.21
VESUVIUS,452.3,2026-07-24,-3.21,-4.31,-3.26,-9.27,-1.61,-13.8
HDFCPSUBK,84.63,2026-07-24,-2.82,-1.05,-3.27,-5.94,-4.35,17.93
VIAZ,61.8,2026-07-23,3.0,0.82,-3.29,-1.83,-4.92,-2.68
AHLEAST,146.23,2026-07-24,-3.48,2.75,-3.3,-12.67,9.45,-8.77
MCON,44.0,2026-07-23,-1.12,-0.23,-3.3,-17.83,-20.15,-55.1
DOMS,2221.0,2026-07-24,-1.99,-5.87,-3.3,-4.09,-6.8,-7.18
ADVANIHOTR,51.12,2026-07-24,-1.22,-3.29,-3.31,-3.66,-15.02,-14.29
HEMIPROP,133.37,2026-07-24,-1.69,-4.6,-3.32,6.28,4.47,-0.32
MOMENTUM50,51.9,2026-07-24,-1.54,-1.72,-3.32,1.63,3.9,-1.85
KONTOR,58.05,2026-07-23,-2.6,-10.55,-3.33,-29.21,-0.09,-27.84
BRIGADE,525.45,2026-07-24,-6.8,-7.77,-3.33,-9.66,-7.83,-33.81
DCMSHRIRAM,1005.8,2026-07-24,-2.46,-2.9,-3.33,-15.27,-8.68,-29.07
ELDEHSG,778.3,2026-07-24,1.23,-1.24,-3.33,-7.71,-8.92,3.03
SURANAT&P,18.25,2026-07-24,2.7,-1.78,-3.34,-1.56,6.04,-2.35
SBIETFPB,278.46,2026-07-24,-2.2,-3.26,-3.34,1.35,-2.47,-1.57
REGAAL,75.65,2026-07-24,-3.43,-6.98,-3.35,-10.35,19.89,
ECAPINSURE,23.64,2026-07-24,-2.07,-4.06,-3.35,0.38,2.34,1.68
GOKEX,830.5,2026-07-24,-1.76,-3.07,-3.36,17.13,48.98,-10.23
MOMENTUM30,30.17,2026-07-24,-0.89,-1.34,-3.36,-0.4,0.03,
NUCLEUS,724.55,2026-07-24,-3.17,-6.32,-3.37,-4.8,-17.23,-32.29
RUPA,163.19,2026-07-24,-1.92,-5.13,-3.38,4.08,8.5,-23.99
SBIBPB,48.32,2026-07-24,-2.85,-1.37,-3.4,-4.88,-5.53,16.46
ESTER,88.53,2026-07-24,-0.19,-1.55,-3.4,-1.14,-7.06,-28.08
MOMIDMTM,62.64,2026-07-24,-1.01,-1.77,-3.41,1.06,4.86,-1.2
BASML,26.66,2026-07-24,0.91,-0.74,-3.41,19.18,24.81,-16.01
MOVALUE,112.7,2026-07-24,-2.28,-1.55,-3.41,-4.73,-3.01,6.73
SKFINDUS,2731.2,2026-07-24,3.6,-0.73,-3.42,21.11,3.69,
STLTECH,564.15,2026-07-24,12.02,8.88,-3.42,111.73,538.25,391.08
HDFCPVTBAN,27.86,2026-07-24,-2.04,-2.93,-3.43,2.88,-2.14,-1.59
TATACAP,341.9,2026-07-24,-3.14,-5.28,-3.43,1.39,-2.8,
PSB,23.77,2026-07-24,-2.78,-3.71,-3.44,-2.78,-10.29,-21.59
CMPDI,248.43,2026-07-24,-1.58,-4.67,-3.46,37.94,,
CANBK,125.65,2026-07-24,-2.46,-2.85,-3.46,-7.85,-14.5,14.35
NPBET,282.47,2026-07-24,-2.28,-3.32,-3.48,2.38,-2.86,-1.56
GENUSPAPER,11.92,2026-07-24,7.58,0.76,-3.48,-13.44,0.34,-37.33
BATAINDIA,689.95,2026-07-24,-1.51,-0.81,-3.5,-6.43,-18.99,-42.59
STARCEMENT,204.88,2026-07-24,-1.95,-0.69,-3.51,-11.59,-2.83,-11.28
ROML,44.51,2026-07-24,-1.13,-0.96,-3.51,3.39,-0.96,-14.81
SIYSIL,609.45,2026-07-24,-4.71,-5.41,-3.51,9.54,10.86,-13.22
AMBIKCO,1708.2,2026-07-24,-0.12,-1.56,-3.52,17.23,40.57,7.96
BLAL,175.92,2026-07-24,-2.73,-4.7,-3.52,-7.53,-10.95,-17.72
URBAN,129.95,2026-07-23,4.08,3.09,-3.53,-7.08,-5.83,-23.76
ICDSLTD,40.48,2026-07-24,4.6,1.2,-3.53,-13.36,-6.3,-18.06
SEAMECLTD,1396.3,2026-07-24,2.6,-3.12,-3.53,-8.43,23.4,64.64
ORIENTELEC,170.74,2026-07-24,-1.55,-2.96,-3.54,-7.21,-3.45,-20.46
CEATLTD,3328.6,2026-07-24,-2.31,-13.94,-3.54,-4.25,-10.48,0.4
JMA,88.35,2026-07-24,-0.82,-0.84,-3.54,0.03,18.04,-2.7
SAMHI,177.66,2026-07-24,8.9,-0.22,-3.57,9.44,1.05,-24.35
VIMTALABS,570.45,2026-07-24,7.58,2.54,-3.57,25.11,11.25,13.16
MOMENTUM,30.38,2026-07-24,-1.49,-1.81,-3.59,-1.04,-0.56,-3.49
MOM30IETF,30.59,2026-07-24,-1.39,-1.58,-3.59,-1.13,-0.29,-2.83
PVTBANIETF,27.56,2026-07-24,-2.03,-3.09,-3.6,2.23,-2.17,-1.47
MAMATA,395.45,2026-07-24,-0.18,2.0,-3.61,0.43,3.25,-21.77
JKLAKSHMI,572.5,2026-07-24,0.17,2.64,-3.61,-9.54,-27.11,-41.14
JAGSNPHARM,221.61,2026-07-24,-0.63,-3.67,-3.61,11.25,35.35,-11.55
SAPPHIRE,179.12,2026-07-24,-1.12,-4.2,-3.62,7.05,-3.13,-47.65
SAFARI,1538.9,2026-07-24,-5.99,-8.48,-3.62,4.82,-22.24,-27.28
SURAJLTD,221.3,2026-07-24,-3.15,-0.22,-3.62,-10.06,0.36,-39.59
TERASOFT,393.7,2026-07-24,-1.53,-1.02,-3.63,14.87,9.68,22.48
EIHAHOTELS,310.9,2026-07-24,-1.65,-4.7,-3.63,-3.01,-4.59,-20.24
TBI,62.45,2026-07-23,-5.31,1.46,-3.63,-15.61,-20.7,-45.77
LAHOTIOV,43.95,2026-07-24,3.19,0.32,-3.64,-10.49,,
SRF,2664.7,2026-07-24,-7.21,-2.8,-3.66,6.86,-1.62,-15.15
JKIL,485.65,2026-07-24,-2.16,-4.07,-3.66,-5.74,-12.91,-33.84
PSUBANKADD,84.48,2026-07-24,-2.93,-1.02,-3.67,-4.37,-4.52,17.82
TRACXN,29.7,2026-07-24,-1.03,-2.46,-3.67,-10.14,-10.89,-48.79
MOCAPITAL,52.81,2026-07-24,-3.07,-5.0,-3.67,,,
CESC,163.18,2026-07-24,-1.47,0.78,-3.67,-9.64,16.2,-3.7
KOTHARIPRO,68.08,2026-07-24,-0.31,-1.32,-3.68,-6.74,2.61,-19.37
SYSTANGO,216.45,2026-07-23,-3.44,-1.79,-3.69,-18.03,-19.81,-6.33
LAXMIDENTL,216.44,2026-07-24,-3.47,-2.48,-3.7,14.38,4.21,-52.94
MAITREYA,138.0,2026-07-23,11.29,8.88,-3.7,-17.83,-32.68,-46.29
HMAAGRO,21.34,2026-07-24,-1.75,-2.47,-3.74,-10.71,-17.86,-29.52
JNKINDIA,470.9,2026-07-24,0.46,-6.74,-3.76,34.22,119.19,41.4
SHRITECH,61.4,2026-07-23,0.0,-2.54,-3.76,3.89,15.09,-31.78
HITECHGEAR,588.05,2026-07-24,-6.35,-8.24,-3.77,-5.76,-10.32,-15.21
PSUBNKIETF,84.71,2026-07-24,-2.97,-1.24,-3.77,-4.96,-4.71,17.38
CHOLAFIN,1724.4,2026-07-24,-3.24,-4.74,-3.78,10.0,5.06,11.28
LAMBODHARA,112.27,2026-07-24,-3.07,-1.35,-3.79,5.39,11.57,-17.4
NAHARCAP,245.33,2026-07-24,-2.42,-2.12,-3.79,-1.49,8.55,-22.03
SHBAJRG,183.93,2026-07-24,-4.34,-1.97,-3.8,3.89,,
HINDCOPPER,483.15,2026-07-24,0.23,-2.97,-3.8,-10.78,-9.7,77.69
IVP,151.02,2026-07-24,-4.07,-7.09,-3.8,5.71,16.09,-23.46
VEEDOL,1398.8,2026-07-24,0.16,-2.04,-3.81,2.55,1.2,-13.93
RVTH,685.05,2026-07-24,-1.86,-4.16,-3.82,8.79,5.39,-38.43
SURYALA,440.0,2026-07-24,5.25,0.43,-3.83,20.55,,
TREJHARA,138.75,2026-07-24,2.76,-1.76,-3.83,-14.19,-30.14,-38.78
BOSCH-HCIL,1332.8,2026-07-24,-0.36,-0.32,-3.84,-2.48,-0.95,-24.19
ANTGRAPHIC,0.75,2026-07-24,0.0,-3.85,-3.85,-15.73,-18.48,-34.21
DELHIVERY,462.55,2026-07-24,-4.99,-9.71,-3.85,2.86,19.49,5.64
APCL,102.97,2026-07-24,1.46,-1.93,-3.85,-9.2,-28.19,-30.43
BIRDYS,92.1,2026-07-23,0.0,1.21,-3.86,-32.2,-21.95,-33.26
WEWIN,47.33,2026-07-24,4.37,-1.02,-3.86,-18.3,10.48,-4.02
PRIZOR,860.0,2026-07-23,5.91,5.24,-3.86,52.21,213.64,258.33
HFCL,196.85,2026-07-24,-5.37,-8.28,-3.87,96.42,222.18,148.75
MOIL,268.85,2026-07-24,-0.9,-2.73,-3.88,-15.75,-18.31,-29.43
MCX,2730.0,2026-07-24,-3.12,-1.87,-3.89,-1.12,19.63,66.24
DIGISPICE,18.79,2026-07-24,-2.24,-1.47,-3.89,-8.21,-8.34,-14.63
NESCO,1055.9,2026-07-24,-2.68,-2.11,-3.9,-9.06,-7.12,-17.06
AVANTEL,163.49,2026-07-24,-5.24,-11.03,-3.9,6.19,20.16,11.11
VIKRAMSOLR,182.8,2026-07-24,-4.38,-6.37,-3.9,-17.95,-6.78,
ABMKNO,190.11,2026-07-24,-1.39,-6.7,-3.91,-17.73,,
IRCTC,495.05,2026-07-24,-1.92,-1.39,-3.92,-8.53,-19.42,-33.69
BLACKBUCK,539.35,2026-07-24,-6.0,-7.54,-3.94,-9.69,0.62,21.37
TATASTEEL,182.67,2026-07-24,-2.01,-2.37,-3.94,-11.25,-0.63,14.04
LINCOLN,580.0,2026-07-24,-2.91,-4.99,-3.94,-4.22,28.01,5.81
LOVABLE,71.96,2026-07-24,-3.56,-8.1,-3.94,-9.56,0.62,-25.34
GESHIP,1437.9,2026-07-24,3.66,2.56,-3.96,3.09,31.54,51.54
JSWENERGY,551.65,2026-07-24,-2.83,-0.36,-3.96,1.57,15.89,3.94
EMULTIMQ,40.76,2026-07-24,-1.09,-2.02,-3.96,-1.97,2.16,-3.46
ICICIB22,115.36,2026-07-24,-0.95,-1.6,-3.96,-7.7,0.12,5.91
SHYAMCENT,5.34,2026-07-24,2.5,-7.77,-3.96,-4.64,-9.03,-35.04
BALMLAWRIE,174.6,2026-07-24,-2.61,-2.64,-3.97,-3.27,7.1,-16.02
CAMS,761.45,2026-07-24,-1.19,-3.09,-3.99,0.6,13.22,-7.75
GATECH,0.48,2026-07-24,2.13,0.0,-4.0,2.13,0.0,-27.27
KOVAI,5845.0,2026-07-24,-1.37,-2.51,-4.0,3.28,126.84,126.84
IGIL,338.15,2026-07-24,-1.17,-2.3,-4.0,-2.72,14.75,-16.88
CERA,6017.0,2026-07-24,-2.68,-2.12,-4.01,14.23,23.23,-9.27
INOXGREEN,191.87,2026-07-24,-1.77,0.68,-4.01,8.7,20.94,8.65
HONAUT,37345.0,2026-07-24,-2.28,-2.0,-4.01,19.4,19.36,-5.91
SIRCA,393.45,2026-07-24,0.14,-2.27,-4.02,-10.03,-14.46,-6.11
ZENTEC,1768.7,2026-07-24,1.08,-3.41,-4.02,5.63,37.36,-5.11
WHIRLPOOL,771.45,2026-07-24,-0.27,-2.39,-4.02,-19.01,-3.18,-45.11
WIPL,165.06,2026-07-24,-2.07,-4.57,-4.03,5.04,9.46,4.19
GROWWPOWER,11.67,2026-07-24,-2.02,-0.68,-4.03,-4.19,,
THEINVEST,95.21,2026-07-24,-1.97,-3.03,-4.03,-15.05,-12.27,-45.41
SHEMAROO,121.38,2026-07-24,0.52,-5.17,-4.06,18.12,24.24,-9.59
UNITEDTEA,469.8,2026-07-24,1.52,0.17,-4.06,-13.15,0.16,-0.02
STEELCITY,74.36,2026-07-24,-3.09,-3.72,-4.06,-9.42,-10.4,-27.8
BORORENEW,580.65,2026-07-24,-2.52,-10.3,-4.06,13.57,15.15,-10.59
HEXATRADEX,155.04,2026-07-24,-2.36,-3.91,-4.07,-7.46,-3.67,-16.04
GPECO,420.1,2026-07-23,0.05,-3.05,-4.1,12.76,25.59,-20.72
KAMAHOLD,2527.9,2026-07-24,-3.53,-1.05,-4.11,1.76,,
SOMANYCERA,496.7,2026-07-24,-3.82,-7.48,-4.12,6.57,30.64,-8.72
MUFIN,124.32,2026-07-24,-3.36,-4.18,-4.15,8.06,10.48,39.37
PRUDENT,2858.9,2026-07-24,0.99,-6.75,-4.15,2.05,26.54,-3.9
BLKASHYAP,54.56,2026-07-24,-5.93,-8.24,-4.15,5.53,17.33,-22.71
V2RETAIL,219.29,2026-07-24,-2.93,-1.71,-4.15,7.99,20.09,12.69
PYRAMID,164.21,2026-07-24,0.92,0.42,-4.16,-1.25,9.91,-2.32
DBREALTY,112.5,2026-07-24,-2.05,-5.79,-4.17,8.47,9.6,-40.37
KRISHIVAL,387.55,2026-07-24,-2.74,-3.05,-4.17,15.88,20.34,-4.1
SMLMAH,3844.4,2026-07-24,-3.54,-8.48,-4.2,-0.53,5.19,-2.93
SOBHA,1362.3,2026-07-24,-6.42,-10.23,-4.22,-3.47,-1.01,-15.97
SBIMIDMOM,61.35,2026-07-24,-2.26,-2.57,-4.23,-0.03,,
FELDVR,2.49,2026-07-24,-0.4,0.81,-4.23,-17.0,-15.59,-31.02
JAGRAN,62.85,2026-07-24,-0.1,-1.64,-4.24,9.41,7.5,-1.91
MANAKSIA,55.82,2026-07-24,-3.66,-4.48,-4.25,-5.55,-15.32,-31.45
SUMMITSEC,1482.8,2026-07-24,-0.98,-5.67,-4.26,-8.75,-11.61,-30.05
GLOSTERLTD,683.65,2026-07-24,2.19,0.92,-4.26,22.37,20.0,6.9
INDIGO,4985.0,2026-07-24,-4.67,-4.68,-4.27,10.21,5.96,-14.55
PFS,29.28,2026-07-24,-2.37,-5.64,-4.28,-2.33,-1.91,-29.85
BAJAJHFL,84.19,2026-07-24,-2.14,-4.95,-4.28,-5.82,-4.71,-29.64
ASIANENE,355.7,2026-07-24,0.03,4.68,-4.29,15.43,47.62,23.9
GEECEE,334.15,2026-07-24,-3.12,-2.49,-4.3,14.79,9.32,-11.27
SALONA,248.8,2026-07-24,-2.77,-2.58,-4.31,-9.44,6.28,-2.22
AGI,672.85,2026-07-24,-3.28,-3.62,-4.36,20.97,2.03,-28.8
CELLECOR,33.95,2026-07-23,-4.37,-10.66,-4.37,-2.86,24.82,-4.37
JSLL,554.8,2026-07-24,-3.52,-4.42,-4.37,-12.45,-18.91,4.51
AKG,10.46,2026-07-24,4.7,-3.42,-4.39,-11.58,-20.58,-19.85
TOLINS,102.7,2026-07-24,-2.11,-1.29,-4.39,-2.64,-10.98,-36.18
DHANUKA,1013.3,2026-07-24,-0.01,-2.72,-4.4,-4.42,-6.55,-40.59
ACSTECH,40.82,2026-07-24,-1.99,-8.04,-4.4,-0.44,,
DTIL,132.36,2026-07-24,-4.0,-3.36,-4.42,-6.15,-5.58,-31.32
DIGIDRIVE,17.95,2026-07-24,-2.87,-5.43,-4.42,-19.47,-24.1,-42.23
SWANCORP,310.3,2026-07-24,-0.37,-4.07,-4.43,-5.6,-24.32,-39.11
NIDAN,12.9,2026-07-23,-0.39,-7.53,-4.44,-13.71,-15.41,-34.85
ALANKIT,7.96,2026-07-24,0.76,-1.36,-4.44,-14.59,-18.53,-50.4
CAPILLARY,476.25,2026-07-24,-1.46,-5.52,-4.45,-15.13,-22.76,
ASTRAL,1468.1,2026-07-24,5.16,10.31,-4.46,-6.08,6.08,-0.04
SPMLINFRA,199.39,2026-07-24,-3.66,3.76,-4.46,-6.5,20.88,-28.63
TVSSRICHAK,3964.2,2026-07-24,-3.04,-4.7,-4.46,4.0,2.87,29.76
EFORCE,21.35,2026-07-23,0.0,-4.47,-4.47,-23.89,-33.28,-56.43
PALASHSECU,88.31,2026-07-24,-1.13,-2.27,-4.48,-8.54,-9.17,-30.04
GULFOILLUB,1015.7,2026-07-24,1.59,-2.77,-4.48,4.77,-1.8,-14.79
RPOWER,24.06,2026-07-24,-1.07,-3.68,-4.49,-15.28,-14.89,-59.75
NCLIND,184.67,2026-07-24,-0.87,-0.66,-4.49,7.96,-0.6,-17.04
ERIS,1400.6,2026-07-24,-4.28,-3.4,-4.49,2.52,1.62,-21.13
GPPL,149.23,2026-07-24,-1.49,-4.07,-4.5,-3.45,-10.04,-4.66
MODIRUBBER,125.86,2026-07-24,-3.36,-3.33,-4.5,-2.46,9.47,0.87
MOINFRA,60.46,2026-07-24,-1.98,-1.83,-4.5,-5.0,8.0,0.57
ADVAIT,2252.4,2026-07-24,0.88,3.12,-4.5,12.08,62.59,
INDOUS,84.98,2026-07-24,-2.72,-5.28,-4.51,-17.1,-27.68,-50.5
FOSECOIND,5048.0,2026-07-24,-1.73,-2.72,-4.52,7.71,12.58,4.52
MIDWESTLTD,1234.2,2026-07-24,-2.92,-6.84,-4.52,-3.35,-2.62,
UNIVCABLES,1234.8,2026-07-24,2.83,6.06,-4.52,50.69,85.35,65.83
ANDHRAPAP,61.33,2026-07-24,0.76,-0.7,-4.52,-7.09,-2.65,-21.29
PARAGMILK,214.2,2026-07-24,-4.9,-6.65,-4.52,-4.88,-17.88,-15.41
INGERRAND,4354.3,2026-07-24,-4.57,-2.03,-4.53,3.75,38.96,8.83
QUICKTOUCH,23.15,2026-07-23,0.0,-0.22,-4.54,-18.34,-36.23,-59.63
UCOBANK,25.88,2026-07-24,-2.85,-2.23,-4.54,-0.6,-8.48,-14.85
MONOPHARMA,10.5,2026-07-23,-2.33,-0.94,-4.55,-18.6,-3.23,-56.25
HDFCAMC,2505.7,2026-07-24,-5.26,-8.85,-4.55,-6.38,5.38,-7.95
SHIGAN,63.0,2026-07-23,-0.24,0.8,-4.55,-13.64,22.33,-22.68
CHEMBOND,174.25,2026-07-24,-5.47,-5.76,-4.55,22.54,13.54,-13.53
CENTRALBK,31.03,2026-07-24,-3.18,-5.17,-4.55,-12.42,-13.14,-14.85
WELSPUNLIV,162.0,2026-07-24,-0.84,-6.97,-4.56,24.54,34.21,14.96
NDLVENTURE,125.06,2026-07-24,-2.24,-5.31,-4.56,5.23,38.16,80.13
GILLANDERS,87.98,2026-07-24,-1.35,-1.51,-4.56,-3.11,-6.78,-30.1
SHANTIGOLD,211.29,2026-07-24,-0.49,-0.72,-4.57,2.69,9.89,
MONTECARLO,537.1,2026-07-24,0.4,-0.03,-4.57,-1.21,-5.83,-8.84
PETRONET,274.7,2026-07-24,-0.13,-1.52,-4.57,1.62,-0.08,-7.35
MANAKALUCO,35.23,2026-07-24,-4.34,-5.6,-4.58,10.13,-33.35,15.2
MUTHOOTFIN,2986.7,2026-07-24,0.13,-2.35,-4.58,-14.51,-20.8,13.14
WESTLIFE,459.15,2026-07-24,2.01,-8.03,-4.59,-0.78,-6.52,-40.35
GRINDWELL,2011.6,2026-07-24,-5.47,-1.12,-4.59,26.15,31.45,15.35
UMESLTD,5.39,2026-07-24,1.32,-7.39,-4.6,-8.33,12.53,-11.06
AARTECH,47.93,2026-07-24,-0.99,-1.32,-4.6,-4.22,3.52,-30.27
RUCHINFRA,5.99,2026-07-24,3.28,3.45,-4.62,-4.01,2.04,-21.39
PARAGON,48.5,2026-07-23,-1.02,0.0,-4.62,18.29,31.26,-11.17
JSWINFRA,322.7,2026-07-24,-7.39,-8.12,-4.64,16.0,26.26,0.94
PRLIND,45.1,2026-07-23,-0.33,-4.55,-4.65,-29.53,-30.99,-49.89
GANGESSECU,116.24,2026-07-24,0.28,-0.87,-4.67,-7.67,-5.46,-30.25
AUROIMPEX,25.5,2026-07-23,0.79,-1.92,-4.67,-25.0,-28.07,-47.37
GROBTEA,899.8,2026-07-24,-1.06,-1.25,-4.68,-4.6,-1.69,-18.06
SPARC,216.23,2026-07-24,-4.96,-16.65,-4.69,55.25,73.07,40.0
AAATECH,89.66,2026-07-24,-3.26,-5.66,-4.69,-8.69,-12.83,0.4
SURANASOL,26.26,2026-07-24,0.19,4.25,-4.72,-1.61,9.1,-20.33
ALEMBICLTD,87.94,2026-07-24,-2.58,-2.11,-4.72,-3.81,-4.3,-23.8
THERMAX,4514.0,2026-07-24,-4.17,-3.21,-4.73,13.13,55.19,17.71
DAVANGERE,3.42,2026-07-24,1.18,-2.01,-4.74,-6.04,-27.08,-2.29
BLUSPRING,108.42,2026-07-24,-1.14,-7.17,-4.74,72.56,80.73,15.7
AGRITECH,110.59,2026-07-24,1.34,-1.99,-4.75,-1.24,-16.47,-25.71
VTL,614.6,2026-07-24,-2.61,-5.54,-4.76,4.16,52.34,26.15
SANWARIA,0.2,2026-07-24,-4.76,5.26,-4.76,0.0,-20.0,-42.86
TATAPOWER,374.4,2026-07-24,-2.58,-0.91,-4.76,-13.4,9.12,-5.98
CENTEXT,18.95,2026-07-24,0.32,-0.37,-4.77,-10.02,-11.98,-22.08
ZAGGLE,199.97,2026-07-24,-3.76,-8.19,-4.77,-21.97,-26.78,-50.76
ARCHIES,13.75,2026-07-24,-1.79,-4.58,-4.78,-3.78,-17.42,-30.17
SGL,9.74,2026-07-24,-1.91,-2.7,-4.79,-18.77,-8.2,-34.19
PIONEEREMB,22.05,2026-07-24,-4.96,-5.85,-4.79,-16.1,-9.48,-46.51
TREEHOUSE,6.35,2026-07-24,3.93,-1.85,-4.8,-23.77,-10.81,-10.81
PLADAINFO,10.9,2026-07-23,-4.8,-9.17,-4.8,-3.11,-21.01,-42.33
DECCANCE,553.65,2026-07-24,-2.74,-4.14,-4.8,-12.6,-14.89,-47.11
BAGFILMS,4.54,2026-07-24,0.22,0.44,-4.82,-12.02,-21.04,-35.33
STYLEBAAZA,280.4,2026-07-24,-3.31,-8.68,-4.82,-27.69,-16.2,3.3
ELGIEQUIP,577.3,2026-07-24,-1.82,1.19,-4.82,5.97,36.47,-2.28
SAMBHAAV,6.11,2026-07-24,0.0,-4.08,-4.83,-13.33,-22.17,-17.77
AHLADA,38.01,2026-07-24,-1.71,-1.43,-4.83,-16.79,-25.12,-40.19
REDTAPE,126.77,2026-07-24,-4.38,-7.1,-4.84,-0.33,13.27,-2.38
SEMAC,319.9,2026-07-24,4.8,-2.72,-4.85,10.88,23.51,-40.91
DELAPLEX,98.0,2026-07-23,0.0,-3.92,-4.85,-10.91,-15.7,-33.76
SBGLP,24.42,2026-07-24,-4.87,-3.1,-4.87,-8.61,-28.03,-45.59
ISFT,76.24,2026-07-24,4.91,-1.82,-4.88,2.13,-13.16,-27.35
WONDERLA,468.75,2026-07-24,-0.44,-0.78,-4.89,-10.87,-6.8,-28.4
MCLOUD,26.61,2026-07-24,-6.6,-10.13,-4.9,2.39,17.69,-68.2
VSTL,111.14,2026-07-24,-0.71,-1.23,-4.91,-12.2,-4.94,-35.72
BHANDARI,2.89,2026-07-24,-0.69,-1.7,-4.93,-11.89,-28.11,-47.37
GOYALALUM,6.54,2026-07-24,-0.61,-1.36,-4.94,-7.1,-15.18,-16.26
GOKULAGRO,209.93,2026-07-24,-0.63,-2.54,-4.94,-7.34,37.37,33.61
JINDALSTEL,1035.8,2026-07-24,0.24,0.68,-4.95,-17.53,-2.61,3.74
RCDL,24.0,2026-07-23,-4.38,-4.38,-4.95,-5.14,21.21,7.04
THOMASCOTT,307.05,2026-07-24,-0.02,-8.29,-4.95,18.62,-1.79,-12.83
BYKE,32.44,2026-07-24,-1.55,-3.62,-4.95,-13.98,-36.74,-59.1
INFOMEDIA,5.57,2026-07-24,-5.43,-2.45,-4.95,-6.39,-0.54,-19.39
SHALBY,163.1,2026-07-24,-1.08,-4.49,-4.96,4.82,-1.0,-20.38
JPOLYINVST,1029.1,2026-07-24,-5.51,-7.91,-4.96,-4.55,3.51,28.03
PHANTOMFX,172.2,2026-07-23,-6.39,-8.28,-4.97,-19.34,-17.05,-40.47
AMRUTANJAN,509.0,2026-07-24,-6.89,-5.82,-4.97,-11.72,-15.59,-26.39
BATLIBOI,84.93,2026-07-24,3.97,1.4,-4.97,4.53,,
MURUDCERA,30.4,2026-07-24,0.03,-3.28,-4.97,-7.37,-4.67,-31.05
CLSEL,279.8,2026-07-24,5.01,-2.51,-4.99,5.48,18.06,-15.36
ZEEMEDIA,7.97,2026-07-24,-1.36,-4.09,-5.01,-4.09,8.73,-42.62
SAHANA,892.9,2026-07-23,-3.77,-3.84,-5.01,3.67,11.71,-32.65
TATATECH,711.0,2026-07-24,-5.04,-6.55,-5.02,26.84,9.79,0.52
GARUDA,174.69,2026-07-24,0.12,-4.56,-5.02,2.16,9.67,-0.54
VETO,121.5,2026-07-24,-4.8,-0.91,-5.03,17.66,23.23,-3.48
MAHASTEEL,757.35,2026-07-24,-7.57,-14.1,-5.03,-10.58,-8.2,110.08
RALLIS,218.72,2026-07-24,-8.82,-5.18,-5.04,-13.63,-17.5,-39.66
MAL,32.0,2026-07-23,-2.88,2.89,-5.04,-20.79,-32.63,-59.49
FABTECH,149.73,2026-07-24,-1.1,-5.4,-5.05,-2.96,-6.8,
MASON,122.25,2026-07-23,1.16,-5.27,-5.05,-14.93,-29.07,-38.55
DCG,53.45,2026-07-23,2.79,5.53,-5.06,-10.47,-8.08,-29.95
KOTAKBANK,384.75,2026-07-24,0.71,0.2,-5.06,3.93,-8.84,-10.04
UGROCAP,92.77,2026-07-24,-5.15,-5.17,-5.08,-13.22,-36.84,-46.26
SHRIRAMPPS,85.02,2026-07-24,-4.16,-4.86,-5.09,3.02,17.24,-14.2
AEROENTER,127.3,2026-07-24,5.78,5.23,-5.1,38.04,59.7,22.62
KANANIIND,1.49,2026-07-24,0.68,-3.25,-5.1,-11.31,-1.97,-28.02
AHLUCONT,827.7,2026-07-24,-2.01,-3.93,-5.1,-6.41,-0.39,-20.46
AARTIPHARM,673.8,2026-07-24,-3.46,-6.13,-5.11,-2.76,-12.16,-27.89
SANGANI,42.7,2026-07-23,-4.9,-5.11,-5.11,-16.93,-11.96,-33.9
NEAGI,3035.1,2026-07-24,-0.16,-2.13,-5.12,-10.73,,
PGIL,1974.5,2026-07-24,-5.74,-3.65,-5.12,28.59,42.85,28.92
SUBROS,781.95,2026-07-24,-2.88,-4.84,-5.13,3.78,4.94,-9.81
HONDAPOWER,2089.2,2026-07-24,-0.56,-2.53,-5.14,-6.91,3.14,-25.13
HARSHA,405.65,2026-07-24,-3.68,-3.98,-5.15,6.69,9.53,-3.23
ASTRAZEN,8005.5,2026-07-24,-0.61,-3.44,-5.17,-5.82,-3.77,-11.29
DODLA,1061.2,2026-07-24,-1.15,-4.45,-5.18,-2.48,-11.18,-20.22
AVL,611.05,2026-07-24,-4.12,-3.92,-5.18,23.25,26.84,55.23
SUNDARAM,1.28,2026-07-24,1.59,0.79,-5.19,-11.11,-18.99,-40.74
ARVIND,527.2,2026-07-24,-0.67,-3.15,-5.2,37.83,76.82,56.56
NKIND,59.72,2026-07-24,-1.78,-8.12,-5.21,-10.87,-7.58,-7.45
EXXARO,6.54,2026-07-24,3.15,-0.15,-5.22,-6.17,-9.79,-24.39
SUNTECK,306.25,2026-07-24,-3.39,-5.46,-5.22,-12.66,-17.16,-28.6
MEIL,284.65,2026-07-24,-5.57,-5.02,-5.23,-3.26,-3.52,
HDBFS,691.5,2026-07-24,-5.03,-8.56,-5.25,2.78,-0.28,-11.33
AERONEU,85.38,2026-07-24,-4.43,-3.35,-5.26,13.21,22.53,-26.76
FILATFASH,0.18,2026-07-24,0.0,-5.26,-5.26,-40.0,-40.0,-72.73
CEINSYS,870.05,2026-07-24,-3.3,-7.42,-5.27,-19.78,,
CREST,377.7,2026-07-24,0.12,2.12,-5.27,4.79,2.61,-0.88
WAAREERTL,932.0,2026-07-24,-8.66,-7.47,-5.27,-9.35,6.67,-14.72
IRFC,87.62,2026-07-24,-1.24,-2.37,-5.28,-15.69,-22.43,-34.17
DPSCLTD,7.17,2026-07-24,-2.71,-3.89,-5.28,-25.93,-18.98,-44.96
GODFRYPHLP,2129.6,2026-07-24,-0.18,1.81,-5.28,1.06,6.62,-26.65
IGARASHI,456.1,2026-07-24,0.82,-4.07,-5.3,18.24,23.3,-25.68
BSHSL,87.0,2026-07-24,0.55,0.4,-5.3,-14.8,-6.46,-37.54
PTL,39.26,2026-07-24,-0.78,-2.17,-5.32,3.41,10.09,3.69
ALLETEC,136.6,2026-07-23,-1.01,-5.07,-5.34,-16.04,-30.39,-61.52
SIMPLEXINF,239.25,2026-07-24,-5.23,-9.77,-5.34,10.87,21.18,-21.7
IOC,138.47,2026-07-24,-2.77,-1.06,-5.35,-3.49,-10.14,-2.37
HBSL,49.56,2026-07-24,2.69,0.34,-5.35,-22.79,-21.68,-42.37
SHANTIGEAR,420.0,2026-07-24,-0.18,-4.86,-5.35,-10.08,-5.63,-29.56
NATHBIOGEN,161.13,2026-07-24,-1.49,-2.33,-5.4,-4.71,13.38,-14.52
VIPIND,295.4,2026-07-24,-1.66,-1.62,-5.41,-1.3,-15.31,-34.54
VASWANI,52.52,2026-07-24,-0.57,-2.38,-5.45,-5.81,0.94,-3.74
YUKEN,708.25,2026-07-24,-0.58,-7.65,-5.49,-1.47,-6.93,-36.49
NDTV,76.66,2026-07-24,-4.22,-6.84,-5.5,-6.59,-5.5,-47.52
TEAMGTY,226.72,2026-07-24,1.61,-1.93,-5.51,-12.46,-13.15,17.29
AGNI,17.1,2026-07-23,-4.74,-2.01,-5.52,-20.09,-14.5,-31.33
IREDA,120.48,2026-07-24,-1.11,-3.47,-5.52,-11.34,-4.93,-22.46
VPRPL,28.0,2026-07-24,8.11,5.5,-5.53,-27.82,-37.81,-83.2
WINDMACHIN,292.2,2026-07-24,-0.61,-6.59,-5.54,4.19,12.43,-17.15
SRD,37.92,2026-07-24,-0.94,-6.67,-5.55,-13.58,-34.35,-52.62
ROLEXRINGS,139.64,2026-07-24,-10.05,-3.0,-5.57,-10.07,16.44,-6.78
BPL,53.78,2026-07-24,-4.22,-7.71,-5.6,1.34,-5.91,-38.18
TRUST,28.55,2026-07-23,-1.55,-2.89,-5.62,-28.63,-34.44,-52.17
LAL,8.38,2026-07-24,-4.23,-4.66,-5.63,19.54,5.01,-29.1
CGPOWER,867.7,2026-07-24,-4.9,-4.17,-5.63,5.41,58.37,27.82
ELCIDIN,109500.0,2026-07-24,-2.25,-3.93,-5.64,-11.91,,
AIAENG,4583.0,2026-07-24,-1.6,-3.15,-5.65,14.17,22.87,38.61
NITINSPIN,535.2,2026-07-24,-2.64,-4.99,-5.66,29.76,68.54,36.67
KILITCH,180.01,2026-07-24,1.04,0.17,-5.67,18.32,14.4,-17.24
GSFC,154.56,2026-07-24,-2.93,-4.42,-5.7,-10.25,-10.82,-23.36
WILLAMAGOR,25.27,2026-07-24,-2.85,-0.94,-5.71,1.65,-14.43,-28.78
JPPOWER,16.95,2026-07-24,0.36,0.95,-5.73,-12.13,14.92,-19.71
LINDEINDIA,6731.0,2026-07-24,-3.79,-5.38,-5.75,-6.73,14.79,2.09
DCMNVL,143.53,2026-07-24,-2.43,-3.02,-5.76,10.32,12.63,-25.72
SABEVENTS,7.67,2026-07-24,-3.28,-12.24,-5.77,-25.53,-37.08,4.5
PFC,411.9,2026-07-24,-0.47,1.68,-5.77,-12.24,16.9,1.23
GMDCLTD,562.55,2026-07-24,-2.56,-4.58,-5.77,-16.02,8.43,26.67
KHAITANLTD,128.83,2026-07-24,3.81,-3.06,-5.77,-8.33,39.25,2.1
SUNTV,486.9,2026-07-24,-0.61,-2.52,-5.79,-18.87,-13.12,-15.13
ASMS,7.0,2026-07-24,-2.91,-0.71,-5.79,-12.5,-36.71,-48.79
JASH,508.0,2026-07-24,-3.88,-6.69,-5.79,20.55,42.97,-14.53
SAIL,161.45,2026-07-24,-0.73,-3.33,-5.82,-9.53,8.33,20.05
TGBHOTELS,8.56,2026-07-24,0.12,-1.83,-5.83,-12.21,-6.96,-32.49
ZIMLAB,120.4,2026-07-24,-0.5,3.89,-5.84,43.93,71.44,3.31
VARDHACRLC,41.95,2026-07-24,-3.3,-5.28,-5.84,19.28,13.29,-13.78
EUROBOND,161.61,2026-07-24,-1.19,-3.9,-5.87,-4.88,-5.95,-19.19
SITINET,0.32,2026-07-24,0.0,0.0,-5.88,-15.79,-3.03,-41.82
MINDTECK,195.04,2026-07-24,-2.86,-7.04,-5.89,-3.23,-7.73,-9.12
TATAINVEST,630.75,2026-07-24,-4.72,-8.12,-5.89,-9.96,5.0,-6.08
SOFTTECH,418.8,2026-07-24,1.16,1.0,-5.89,25.03,42.67,10.9
TATACHEM,685.35,2026-07-24,-1.19,-4.07,-5.9,0.38,-2.47,-26.47
ECOSMOBLTY,126.9,2026-07-24,-3.47,-1.42,-5.9,-5.87,-27.59,-62.16
MARATHON,382.75,2026-07-24,-3.53,-7.13,-5.9,-19.56,-21.9,-44.79
AUBANK,1004.0,2026-07-24,1.08,-5.33,-5.92,-5.79,3.92,34.68
UWCSL,95.95,2026-07-23,0.0,-5.84,-5.93,-1.13,-11.4,-21.94
MADRASFERT,66.35,2026-07-24,-1.69,-3.1,-5.93,-1.57,-9.56,-26.6
ABINFRA,10.32,2026-07-24,1.78,0.78,-5.93,-33.76,-42.63,-42.67
SAURASHCEM,55.66,2026-07-24,-7.86,2.26,-5.93,-8.14,-21.66,-46.92
VAML,435.6,2026-07-24,-0.23,-3.4,-5.94,,,
BALKRISHNA,17.54,2026-07-24,-2.88,-2.72,-5.95,-5.6,3.18,-17.65
SJLOGISTIC,316.3,2026-07-23,-1.13,-6.83,-5.96,-0.49,-1.3,-23.93
ASTAR,606.5,2026-07-24,-2.63,1.08,-5.97,-2.1,,
HUDCO,195.54,2026-07-24,-3.16,-6.99,-5.98,-7.49,1.09,-10.7
BCPL,70.39,2026-07-24,-0.34,-0.9,-6.0,4.29,,
SILLYMONKS,15.79,2026-07-24,-4.42,-1.44,-6.01,-7.12,-24.41,-15.34
CYIENT,840.05,2026-07-24,-1.09,-3.15,-6.03,-3.78,-22.63,-31.44
SNOWMAN,36.4,2026-07-24,-1.38,-0.41,-6.04,-10.41,-0.27,-36.02
ASHOKAMET,14.16,2026-07-24,-1.73,-4.39,-6.04,-7.99,1.58,-16.56
WOCKPHARMA,1849.2,2026-07-24,-3.86,-0.29,-6.05,31.6,36.82,8.69
TRF,232.96,2026-07-24,-4.27,-3.19,-6.06,-11.95,-9.74,-38.01
POLICYBZR,1537.2,2026-07-24,-2.99,-3.6,-6.06,-9.4,-8.17,-14.17
CARYSIL,1125.7,2026-07-24,-4.42,-4.89,-6.07,25.2,49.41,24.15
SANDUMA,195.04,2026-07-24,0.62,-4.04,-6.1,-6.84,-5.01,24.2
SYNCOMF,13.09,2026-07-24,-3.54,-6.1,-6.1,-2.82,9.63,-28.39
PULZ,23.0,2026-07-23,0.0,-5.93,-6.12,-12.88,-7.44,-48.72
GVPTECH,6.75,2026-07-24,-0.88,-0.74,-6.12,-1.03,-16.56,-38.47
DONEAR,85.79,2026-07-24,0.73,0.09,-6.13,-5.97,5.5,-18.13
TECILCHEM,9.96,2026-07-24,1.43,6.41,-6.13,-25.78,-38.14,-52.86
GAEL,151.64,2026-07-24,5.39,1.71,-6.14,0.18,11.56,37.05
BERGEPAINT,497.95,2026-07-24,1.48,1.01,-6.14,8.16,-1.3,-13.13
ORISSAMINE,3747.0,2026-07-24,1.19,-0.99,-6.14,-5.95,-13.42,-26.45
VAKRANGEE,5.81,2026-07-24,-2.02,-5.07,-6.14,-15.92,-12.37,-42.3
SEDEMAC,2689.2,2026-07-24,0.42,-1.12,-6.15,56.56,,
MANORG,523.6,2026-07-24,-7.75,-0.91,-6.15,16.78,17.36,6.08
DEVX,33.9,2026-07-24,-0.32,-2.87,-6.15,-19.19,-5.62,
NIRAJISPAT,190.5,2026-07-24,-0.26,-1.8,-6.16,-18.86,14.76,-62.72
VINATIORGA,1300.1,2026-07-24,-1.42,-2.59,-6.16,1.52,-14.49,-31.29
MARSONS,109.92,2026-07-24,-2.79,-8.02,-6.16,-31.74,,
LAXMICOT,14.12,2026-07-24,-5.23,-6.92,-6.18,-6.49,2.47,-49.19
SINCLAIR,74.77,2026-07-24,0.95,-2.81,-6.2,-5.68,-3.58,-30.99
TRIDENT,25.12,2026-07-24,-0.75,-2.41,-6.2,0.75,1.11,-18.68
HDFCLIFE,555.05,2026-07-24,-1.7,-3.2,-6.2,-5.3,-21.78,-26.45
SHADOWFAX,214.48,2026-07-24,-3.15,-3.65,-6.22,42.45,,
ZUARI,219.86,2026-07-24,-4.56,-7.13,-6.22,-10.32,-16.4,0.79
RELIABLE,143.88,2026-07-24,-3.0,-0.37,-6.23,8.18,-0.42,97.65
REFEX,316.0,2026-07-24,1.75,-6.33,-6.24,27.98,42.32,-23.69
NITCO,104.11,2026-07-24,-4.29,-2.76,-6.24,18.4,29.14,-22.6
NEPHROCARE,63.7,2026-07-23,-2.38,-6.19,-6.25,-25.06,-36.93,-54.43
DHARAN,0.15,2026-07-24,0.0,0.0,-6.25,-6.25,-28.57,-62.5
INDRAMEDCO,364.6,2026-07-24,-2.66,-3.77,-6.28,-10.3,1.0,-21.43
YASHOPTICS,108.85,2026-07-23,-5.31,-8.57,-6.28,-5.35,-2.51,16.79
BEACON,91.0,2026-07-23,-2.31,-2.67,-6.28,-15.82,11.86,55.96
ASPIRE,14.15,2026-07-23,4.81,4.81,-6.29,-16.76,-15.77,-51.37
LATTEYS,20.4,2026-07-24,-1.59,-1.59,-6.29,-6.42,-11.15,-7.94
CSLFINANCE,213.84,2026-07-24,-0.18,-5.44,-6.29,-6.19,-25.63,-31.87
KPIL,1299.9,2026-07-24,-1.78,-3.12,-6.29,5.6,18.28,9.69
TOUCHWOOD,67.29,2026-07-24,-0.33,-4.31,-6.31,-10.65,-29.24,-34.21
MASKINVEST,147.1,2026-07-24,-2.25,-5.1,-6.31,-20.62,0.58,-11.27
MADHAV,33.79,2026-07-24,-1.77,-4.06,-6.32,-13.11,-7.93,-23.66
INVENTURE,0.89,2026-07-24,-1.11,-3.26,-6.32,-11.0,-18.35,-44.38
TARACHAND,54.99,2026-07-24,-1.61,-1.82,-6.32,-12.47,-24.59,-24.12
VEDL,264.65,2026-07-24,1.07,-1.85,-6.34,-63.29,-60.67,-38.19
DRCSYSTEMS,13.41,2026-07-24,0.83,-2.9,-6.35,-15.61,-11.13,-28.67
HDFCBANK,742.8,2026-07-24,-4.48,-9.19,-6.35,-3.79,-17.58,-24.84
MARKSANS,246.3,2026-07-24,-7.74,-8.54,-6.36,29.49,50.85,6.72
MANGALAM,27.22,2026-07-24,-0.26,-2.68,-6.36,-1.98,-38.74,-69.98
COCHINSHIP,1392.4,2026-07-24,-1.08,-1.37,-6.37,-16.36,-6.23,-24.48
TRIDHYA,11.0,2026-07-23,4.76,8.37,-6.38,0.92,-37.32,-38.89
BANSWRAS,127.94,2026-07-24,-1.85,8.24,-6.38,8.02,27.55,-12.44
SAHAJSOLAR,123.0,2026-07-23,1.23,0.65,-6.39,-19.08,-17.73,-48.65
RBLBANK,352.9,2026-07-24,-4.22,-7.28,-6.4,9.8,22.28,38.14
PAVNAIND,16.09,2026-07-24,-4.62,-3.48,-6.4,-22.2,-6.72,-60.86
RVNL,224.53,2026-07-24,-1.03,-3.03,-6.42,-26.01,-30.73,-39.93
SAMMAANCAP,160.64,2026-07-24,-1.9,-2.59,-6.43,11.92,15.64,22.77
ABLBL,94.01,2026-07-24,-1.42,-5.27,-6.44,-10.6,-9.19,-37.23
RHL,167.34,2026-07-24,-2.03,-3.78,-6.44,-9.6,-3.41,-40.56
SHAKTIPUMP,553.0,2026-07-24,1.53,-3.52,-6.45,1.42,-13.45,-39.62
SICAGEN,50.63,2026-07-24,-1.97,-3.76,-6.45,-3.93,107.93,107.93
GOCLCORP,396.55,2026-07-24,-1.13,-1.59,-6.47,24.49,58.02,3.12
UNIECOM,84.38,2026-07-24,-2.17,-4.29,-6.48,-17.76,-21.11,-32.15
RADAAN,2.88,2026-07-24,-2.04,-2.04,-6.49,-13.77,-7.1,-29.76
FRONTSP,1328.8,2026-07-24,-5.27,-7.04,-6.52,-9.37,,
GATECHDVR,0.43,2026-07-24,0.0,-2.27,-6.52,-10.42,-2.27,-24.56
RADIANTCMS,36.93,2026-07-24,-2.48,-2.38,-6.53,-9.06,-18.31,-32.59
BHARATWIRE,193.31,2026-07-24,-3.7,-10.12,-6.54,-13.67,17.86,-3.16
IMAGICAA,46.66,2026-07-24,1.02,-1.04,-6.55,-0.55,-8.6,-29.23
EUREKAFORB,432.15,2026-07-24,-6.45,-6.01,-6.55,-15.27,-17.4,-23.25
RMDRIP,18.11,2026-07-24,-4.53,-4.03,-6.55,0.56,-69.19,-49.28
INDGN,492.65,2026-07-24,-3.23,-3.69,-6.55,0.18,3.87,-11.5
NIRAJ,28.58,2026-07-24,-1.0,-2.09,-6.57,-1.96,-11.1,-44.3
CARRARO,534.0,2026-07-24,-4.99,-5.39,-6.59,-1.79,10.6,9.38
INDOTHAI,216.3,2026-07-24,-1.26,-0.29,-6.59,-27.13,-12.89,11.56
VINYLINDIA,242.65,2026-07-24,-1.62,-4.28,-6.6,0.66,19.07,-19.64
SHREERAMA,40.18,2026-07-24,-4.04,-6.58,-6.6,-12.73,-30.77,-3.3
INTERARCH,1799.3,2026-07-24,-2.72,-1.92,-6.6,-11.24,-8.49,-21.5
HILINFRA,43.87,2026-07-24,0.48,-3.16,-6.64,-15.47,-13.56,
SURANI,98.5,2026-07-23,-7.08,-3.34,-6.64,-23.05,58.49,-11.14
EDELWEISS,117.02,2026-07-24,-4.16,-5.58,-6.66,-1.72,12.41,7.02
BELRISE,228.26,2026-07-24,-2.42,-3.51,-6.68,7.29,42.77,73.16
SYSTMTXC,60.07,2026-07-24,-3.96,-5.99,-6.69,-16.57,-26.7,
IRMENERGY,254.55,2026-07-24,-2.27,-4.3,-6.71,-10.28,7.7,-13.17
SPIC,64.94,2026-07-24,-2.43,-4.65,-6.71,-5.8,-10.11,-31.14
HISARMETAL,147.49,2026-07-24,-3.27,-6.08,-6.73,-2.68,-6.03,-28.49
REDINGTON,259.05,2026-07-24,-3.88,-8.56,-6.73,22.29,5.6,-12.77
TTL,6.37,2026-07-24,-1.39,-5.49,-6.73,-22.03,-13.22,-51.41
BELLACASA,239.5,2026-07-24,-1.68,-6.17,-6.74,-8.15,-27.13,-41.77
VMART,724.65,2026-07-24,-7.7,-5.51,-6.74,17.54,26.46,-10.12
JAINREC,341.0,2026-07-24,4.01,0.74,-6.75,-16.95,-9.78,
BCG,9.4,2026-07-24,-1.78,-4.08,-6.75,0.86,5.15,-31.44
BIRLAMONEY,131.99,2026-07-24,-2.7,-16.36,-6.75,-7.19,12.42,-25.6
MOTILALOFS,871.95,2026-07-24,-10.4,-11.28,-6.76,11.64,17.04,-2.86
PROZONER,43.8,2026-07-24,1.81,-0.41,-6.77,-31.56,-18.98,4.51
MANCREDIT,215.03,2026-07-24,-4.09,-10.64,-6.77,24.28,24.53,12.67
WEALTH,940.25,2026-07-24,-1.96,-1.9,-6.78,1.57,14.82,-21.47
PNBGILTS,85.51,2026-07-24,-1.55,-4.13,-6.78,20.32,10.91,-25.16
TOKYOPLAST,80.15,2026-07-24,-2.49,-4.65,-6.79,-15.51,-20.85,-33.99
BLUECOAST,27.0,2026-07-24,-4.53,-5.46,-6.8,-8.69,-3.54,-28.38
HARIOMPIPE,391.8,2026-07-24,-2.01,2.58,-6.81,27.33,-3.77,-16.84
DCW,46.23,2026-07-24,-0.86,-5.86,-6.81,6.25,0.41,-40.97
BAJAJCON,549.8,2026-07-24,2.01,-16.75,-6.82,21.26,79.79,124.34
NOVAAGRI,22.81,2026-07-24,-0.39,-1.38,-6.82,-19.06,-31.62,-61.69
HERANBA,174.96,2026-07-24,-2.39,-4.52,-6.83,-17.69,-16.85,-50.97
NPST,1519.2,2026-07-24,-0.73,-4.73,-6.83,25.28,17.38,-18.16
TRANSRAILL,482.7,2026-07-24,-2.68,-4.68,-6.85,-16.2,5.08,-30.76
ATAM,65.88,2026-07-24,-2.24,-5.8,-6.87,-4.26,-10.01,-36.2
JBMA,656.05,2026-07-24,-2.2,-5.81,-6.88,7.05,24.02,-2.54
RTNPOWER,8.63,2026-07-24,-1.6,-4.32,-6.9,-8.97,7.47,-36.17
VERITAAS,36.3,2026-07-23,0.0,-9.59,-6.92,-32.02,-17.5,-58.08
ANLON,632.95,2026-07-23,-5.25,-0.31,-6.93,61.26,65.17,51.42
BSOFT,282.4,2026-07-24,-3.07,-5.65,-6.93,-22.26,-29.38,-27.21
HGINFRA,536.85,2026-07-24,-4.11,-5.49,-6.93,-10.98,-9.02,-50.07
AHCL,15.01,2026-07-24,0.07,-2.47,-6.94,-5.42,18.34,
CONTROLPR,590.55,2026-07-24,-7.78,-9.44,-6.95,-6.9,-11.82,-19.93
EIFFL,320.0,2026-07-24,-0.16,-3.6,-6.96,25.46,24.27,28.46
ONEPOINT,53.98,2026-07-24,0.24,-2.67,-6.96,0.77,5.66,9.72
SMLT,66.79,2026-07-24,0.33,-1.43,-6.96,-5.09,-3.2,-44.52
SURAKSHA,252.95,2026-07-24,-2.0,-3.07,-6.97,-10.45,-3.34,-17.5
ICICIAMC,3125.6,2026-07-24,0.26,-2.5,-6.97,-4.73,12.99,
PRIMESECU,274.45,2026-07-24,-2.44,0.11,-6.97,-3.0,3.51,-3.6
EMAMIREAL,79.92,2026-07-24,4.33,0.9,-6.97,-12.1,18.86,-34.75
KRITIKA,5.47,2026-07-24,-2.67,-5.85,-6.97,-16.87,-19.68,-42.66
CAMPUS,216.55,2026-07-24,-3.85,-5.61,-6.98,-11.18,-13.52,-24.91
ANUP,2119.6,2026-07-24,-2.11,-2.72,-6.98,0.51,16.46,-21.34
AAVAS,1379.0,2026-07-24,-7.91,-7.97,-6.99,-2.29,-6.79,-26.27
ADANIPOWER,213.66,2026-07-24,-2.87,-0.84,-7.01,0.36,60.69,82.38
UNITECH,4.38,2026-07-24,-4.78,-4.58,-7.01,-7.98,-11.69,-42.97
SHILCTECH,4267.7,2026-07-24,-4.92,-5.05,-7.01,-14.92,44.27,
MOXSH,106.0,2026-07-23,3.77,-3.64,-7.02,-20.81,20.45,172.49
ICIL,403.45,2026-07-24,2.8,-2.15,-7.02,53.23,79.71,32.51
LOTUSEYE,119.06,2026-07-24,-1.94,-4.28,-7.03,-1.1,-2.55,61.74
UNITEDPOLY,30.17,2026-07-24,2.93,-4.16,-7.03,1.45,1.96,25.97
NIPPOBATRY,326.3,2026-07-24,-0.32,-3.58,-7.04,0.59,-18.13,-31.16
SEYAIND,12.28,2026-07-24,-2.92,-6.4,-7.04,-4.44,-25.98,-37.12
PRAJIND,323.5,2026-07-24,-4.18,-9.47,-7.05,-18.81,14.09,-33.2
THEMISMED,109.86,2026-07-24,-2.96,-5.43,-7.06,13.94,37.86,-6.36
IRCON,126.07,2026-07-24,-2.75,-4.35,-7.07,-16.08,-16.89,-31.52
ZEAL,63.0,2026-07-23,-4.55,-5.97,-7.08,-17.11,-18.55,-51.5
SWARAJENG,3569.0,2026-07-24,-2.91,-5.82,-7.09,-5.07,5.76,-16.0
BHARATGEAR,121.41,2026-07-24,2.54,-1.54,-7.09,11.93,10.92,31.04
RETAIL,16.65,2026-07-24,-1.07,-5.24,-7.09,-16.67,-36.69,-53.75
EMMIL,121.0,2026-07-23,-6.92,-4.72,-7.1,-23.42,-25.7,-47.62
PRIMO,22.34,2026-07-24,-4.53,-6.13,-7.11,-4.41,6.89,-26.61
DOLATALGO,68.76,2026-07-24,0.06,-6.16,-7.11,-11.35,-14.7,-27.06
ALLTIME,220.87,2026-07-24,-8.55,-6.11,-7.14,-3.19,-3.0,
MITTAL,0.91,2026-07-24,-2.15,-1.09,-7.14,-5.21,-10.78,-47.09
POWERMECH,2593.6,2026-07-24,0.98,-2.72,-7.14,7.69,30.09,-17.83
BRIGHOTEL,60.16,2026-07-24,-2.64,-6.01,-7.17,-11.01,2.24,
CANFINHOME,813.9,2026-07-24,-5.05,-12.79,-7.17,-9.7,-8.55,7.15
RPPINFRA,61.5,2026-07-24,-2.86,-7.34,-7.18,-22.94,-30.59,-52.47
UFBL,674.85,2026-07-24,1.2,-8.98,-7.2,125.02,277.98,114.85
OSWALSEEDS,10.03,2026-07-24,-5.29,-7.04,-7.22,-21.46,-27.32,-21.21
NILAINFRA,7.32,2026-07-24,2.81,0.69,-7.22,-9.85,-17.66,-36.9
MAITHANALL,959.3,2026-07-24,-5.25,-7.3,-7.22,-2.84,-0.83,-16.14
BBTC,1458.2,2026-07-24,-2.6,-3.69,-7.23,-2.31,-15.06,-25.28
PITTIENG,920.65,2026-07-24,-1.38,-5.43,-7.23,0.8,26.86,-4.63
PARAS,1195.2,2026-07-24,-0.94,-2.39,-7.24,49.3,91.86,47.74
FINKURVE,62.15,2026-07-24,-1.21,-5.45,-7.25,-9.69,-24.65,
VGUARD,290.8,2026-07-24,-3.37,-4.44,-7.26,-11.57,-6.5,-27.36
JTLIND,72.64,2026-07-24,-3.19,-7.16,-7.26,-10.75,-4.37,-8.7
NSLNISP,41.41,2026-07-24,-3.65,-4.03,-7.26,1.1,4.6,5.53
PRADPME,506.45,2026-07-24,-6.13,0.5,-7.28,37.27,,
KIRLOSIND,3787.7,2026-07-24,-2.05,-7.86,-7.28,16.96,21.1,-13.5
BALAJEE,27.07,2026-07-24,-4.65,-6.14,-7.29,-14.58,-21.81,-41.05
SALASAR,5.97,2026-07-24,-0.33,-2.77,-7.3,-18.22,-22.06,-19.0
RELIGARE,258.05,2026-07-24,0.41,-3.77,-7.3,17.04,16.18,-7.19
SJVN,67.58,2026-07-24,-2.2,-4.24,-7.31,-13.19,-3.15,-30.3
DMART,4018.8,2026-07-24,1.09,0.62,-7.32,-9.56,9.64,-0.05
TRANSWORLD,158.86,2026-07-24,-3.42,-0.09,-7.33,-7.64,0.75,-42.0
SPRL,97.85,2026-07-23,-5.0,-11.85,-7.34,-10.96,-34.5,-35.63
ATL,22.81,2026-07-24,-2.69,-3.31,-7.35,-10.3,-1.81,-29.49
NIACL,173.2,2026-07-24,-2.04,-4.74,-7.36,6.51,21.76,-3.96
FLAIR,252.5,2026-07-24,-0.36,-4.41,-7.36,-21.61,-16.34,-21.28
AEPL,14.96,2026-07-24,-6.09,-10.85,-7.37,-19.79,,
JSWDULUX,2943.9,2026-07-24,-1.98,0.06,-7.39,1.42,1.74,-18.71
MARINE,254.8,2026-07-24,0.08,0.73,-7.4,13.39,49.45,31.97
MCL,53.37,2026-07-24,1.39,-2.66,-7.41,-9.54,-40.38,6.21
TMPV,323.8,2026-07-24,-3.76,-5.39,-7.41,-6.85,-5.22,-53.39
DHTL,37.5,2026-07-23,0.0,1.9,-7.41,-10.71,-46.39,-24.4
FELIX,179.0,2026-07-23,-4.74,-2.69,-7.42,-16.76,-0.25,-2.03
AMBER,7261.5,2026-07-24,-7.6,-6.56,-7.42,-6.35,30.47,-1.54
RCF,124.22,2026-07-24,-2.37,-5.05,-7.44,-3.03,-2.39,-19.64
NRBBEARING,397.65,2026-07-24,-1.75,-6.24,-7.44,41.67,71.15,37.36
MEDICO,37.99,2026-07-24,-0.63,-3.01,-7.45,-7.02,-28.63,-9.78
RUDRA,16.22,2026-07-24,-5.26,-6.51,-7.47,-26.21,-23.2,
APEX,381.0,2026-07-24,-5.65,-7.8,-7.48,-17.0,44.78,57.49
FEL,0.37,2026-07-24,-2.63,0.0,-7.5,-22.92,-17.78,-37.29
VIYASH,250.9,2026-07-24,-5.16,-11.76,-7.5,21.12,21.11,37.16
BIRLACABLE,197.31,2026-07-24,9.35,2.41,-7.51,26.33,55.35,12.93
ORKLAINDIA,556.75,2026-07-24,-4.98,-5.79,-7.52,-14.05,-5.78,
INDIASHLTR,723.9,2026-07-24,-11.19,-12.06,-7.52,-9.42,-5.56,-22.69
STUDDS,450.6,2026-07-24,0.16,-1.97,-7.53,-7.37,-9.21,
INFOLLION,159.55,2026-07-23,-5.56,-7.37,-7.53,-34.76,-56.29,-66.23
KOKUYOCMLN,83.87,2026-07-24,-0.42,-3.3,-7.54,-7.35,2.01,-27.09
HPAL,33.29,2026-07-24,-2.92,-3.37,-7.55,-12.35,-11.25,-33.58
AGROPHOS,29.04,2026-07-24,-2.75,-4.1,-7.55,-10.45,-20.02,-19.86
GSS,12.11,2026-07-24,-2.89,-4.5,-7.56,-21.26,-18.18,-61.71
GREENPOWER,10.03,2026-07-24,-1.67,-1.08,-7.56,-5.11,1.21,-29.86
NATCAPSUQ,148.86,2026-07-24,6.3,3.61,-7.57,-6.64,-11.37,-31.88
VSTIND,230.05,2026-07-24,-0.56,-4.56,-7.57,-5.95,1.08,-15.39
PIGL,105.29,2026-07-24,-5.28,-8.26,-7.58,-8.77,2.23,-14.99
ICRA,4804.0,2026-07-24,-5.87,-7.18,-7.58,-9.22,-17.88,-26.5
KCP,162.64,2026-07-24,-4.65,-6.55,-7.6,-7.75,-2.85,-24.82
TIRUPATI,463.6,2026-07-23,0.0,-5.0,-7.61,-1.36,-31.82,-5.39
MILTON,36.95,2026-07-23,0.0,-2.89,-7.62,-22.7,-20.45,27.85
DBOL,102.09,2026-07-24,-5.04,-10.96,-7.64,-13.11,8.11,13.45
ISGEC,855.6,2026-07-24,-2.95,-4.91,-7.64,-18.91,16.1,-24.9
INSECTICID,616.1,2026-07-24,-3.0,-7.46,-7.64,-11.94,0.68,-37.71
REMSONSIND,78.31,2026-07-24,-3.61,-0.29,-7.64,-22.36,-25.7,-41.64
MANINFRA,96.68,2026-07-24,-3.84,-8.0,-7.65,-14.32,-7.71,-45.92
TECHNOE,991.8,2026-07-24,-2.15,-6.24,-7.66,-18.94,11.01,-32.09
GOACARBON,375.65,2026-07-24,2.54,-8.83,-7.68,4.16,4.46,-22.71
FCL,39.59,2026-07-24,0.51,9.43,-7.69,72.81,82.27,44.17
NECCLTD,15.25,2026-07-24,0.73,-1.55,-7.69,-3.36,-3.72,-32.88
HDIL,1.68,2026-07-24,0.0,-1.18,-7.69,-18.45,-18.45,-42.07
HINDPETRO,381.1,2026-07-24,-5.99,-2.68,-7.7,2.03,-8.14,-9.14
VIRINCHI,15.53,2026-07-24,-4.37,-2.76,-7.72,-12.56,-19.82,-45.7
LPDC,6.1,2026-07-24,-2.24,-5.57,-7.72,-19.21,-5.13,-27.55
OMPOWER,169.2,2026-07-24,-0.42,-3.63,-7.75,-14.88,,
DBL,420.25,2026-07-24,3.62,0.5,-7.76,-7.65,-9.85,-11.2
WSI,62.31,2026-07-24,0.76,-5.12,-7.77,-10.83,-20.01,-30.77
INDOAMIN,129.47,2026-07-24,7.27,3.98,-7.78,17.25,15.01,-15.35
GRSE,2565.8,2026-07-24,0.16,-2.83,-7.79,-10.87,15.13,-1.3
BHAGCHEM,263.45,2026-07-24,-4.23,-10.29,-7.79,1.66,28.82,-12.93
DANGEE,2.95,2026-07-24,-4.22,-7.81,-7.81,-21.33,-5.14,-39.05
VISHWARAJ,5.19,2026-07-24,-0.95,-4.24,-7.82,-16.43,-15.88,-45.08
NILASPACES,11.89,2026-07-24,-2.7,-4.42,-7.83,-9.44,-14.64,-16.62
JAINAM,235.0,2026-07-23,-4.86,-6.0,-7.84,22.52,2.69,-6.37
BIL,729.9,2026-07-24,-2.1,1.44,-7.85,-7.43,6.8,-18.51
TEXMOPIPES,43.04,2026-07-24,-0.69,-2.34,-7.86,-8.79,-4.38,-30.86
ABSMARINE,222.0,2026-07-23,-2.29,-4.93,-7.86,3.42,26.75,11.06
JWL,246.55,2026-07-24,-1.99,-5.05,-7.87,-11.67,-18.83,-31.45
SEIL,203.23,2026-07-24,-4.06,-4.84,-7.87,12.69,,
URJA,9.22,2026-07-24,-0.32,-4.16,-7.89,-12.44,-7.24,-36.89
SINGERIND,65.82,2026-07-24,-1.58,-2.55,-7.91,-9.64,,
ALOKINDS,12.07,2026-07-24,-1.23,-5.63,-7.93,-10.72,-16.35,-40.89
DAICHI,304.8,2026-07-24,-1.57,-5.19,-7.93,16.56,,
SYNGENE,406.65,2026-07-24,-2.62,-3.26,-7.94,-3.18,-25.01,-39.11
COMFINTE,5.44,2026-07-24,-1.98,-4.9,-7.95,-25.99,,
AIRAN,15.03,2026-07-24,-1.7,-4.39,-7.96,-14.11,8.99,-46.4
SHAHALLOYS,66.56,2026-07-24,-1.25,-7.47,-7.96,-6.24,6.46,9.58
WHEELS,1441.7,2026-07-24,-1.34,-3.22,-7.97,38.37,99.46,78.95
YESBANK,22.95,2026-07-24,0.09,-3.49,-7.98,15.68,9.7,14.69
MAZDOCK,2293.8,2026-07-24,-2.25,-4.53,-7.99,-14.42,-0.04,-22.01
CHOLAHLDNG,1516.7,2026-07-24,-2.36,-7.98,-7.99,-3.34,-6.52,-25.84
STARTECK,266.2,2026-07-24,-0.21,-1.9,-8.0,9.1,-1.73,-14.35
DLINKINDIA,452.2,2026-07-24,0.81,-7.48,-8.0,5.29,28.01,-6.47
IRB,19.61,2026-07-24,-1.51,-3.49,-8.02,-9.13,-0.87,-16.77
PRAKASHSTL,4.01,2026-07-24,-0.74,-2.67,-8.03,-13.76,-15.4,-33.61
CROMPTON,250.15,2026-07-24,-3.41,-3.3,-8.03,1.17,12.37,-24.24
JYOTISTRUC,10.97,2026-07-24,-1.79,-4.19,-8.05,-12.1,21.08,-36.33
BILVYAPAR,3.99,2026-07-24,-5.9,-4.09,-8.06,-32.83,-43.0,-69.17
PRITI,37.73,2026-07-24,0.21,-4.43,-8.07,-18.01,-26.55,-58.09
DENEERS,183.95,2026-07-23,-7.33,6.51,-8.07,21.78,22.51,-41.97
EDUCOMP,0.91,2026-07-23,0.0,-1.09,-8.08,-1.09,-15.74,-48.3
AFCONS,285.95,2026-07-24,-2.71,-3.7,-8.08,-8.46,-15.41,-31.65
POLYCAB,8907.5,2026-07-24,0.25,-4.29,-8.1,11.41,33.14,30.83
USK,21.75,2026-07-24,-0.96,-2.9,-8.11,-9.38,6.72,-39.36
SRPL,0.34,2026-07-23,0.0,-2.86,-8.11,-24.44,-42.37,-46.03
APS,278.95,2026-07-23,-2.38,-7.6,-8.12,-27.75,-7.05,-47.28
KARNIKA,115.75,2026-07-23,0.3,-5.93,-8.13,-14.26,-3.22,-82.56
ARVEE,153.66,2026-07-24,-2.75,-2.75,-8.14,-6.74,1.64,-9.95
KSB,866.05,2026-07-24,-4.54,-8.17,-8.14,-10.41,25.51,-1.19
ADSL,118.14,2026-07-24,-0.37,-6.04,-8.15,3.81,-1.58,-31.96
UNIENTER,98.27,2026-07-24,-3.38,-6.01,-8.15,-5.76,-19.96,-36.21
LGHL,203.91,2026-07-24,-3.79,-3.52,-8.16,-23.2,-23.77,-40.15
RTNINDIA,31.6,2026-07-24,-1.5,-5.45,-8.17,-7.74,-4.07,-45.67
STEELXIND,11.57,2026-07-24,-3.58,-4.54,-8.17,15.82,46.09,9.98
FIRSTCRY,208.3,2026-07-24,-1.2,-3.52,-8.17,-14.83,-23.35,-41.86
BAJAJHIND,17.29,2026-07-24,0.29,-2.32,-8.18,-9.19,10.34,-32.33
TVVISION,4.7,2026-07-24,-1.05,-4.67,-8.2,-13.28,-27.69,-34.99
STAR,1020.0,2026-07-24,-3.73,-5.03,-8.22,-4.34,28.1,10.84
ARSSBL,508.2,2026-07-24,-3.29,-12.51,-8.22,-11.32,-13.63,
AGUL,58.65,2026-07-23,8.61,8.61,-8.22,-5.56,-17.28,-0.59
PACEDIGITK,195.25,2026-07-24,-3.55,-8.01,-8.23,12.8,19.45,
DIGIKORE,48.35,2026-07-23,-5.38,-5.47,-8.25,-32.71,-24.1,-73.21
IDEA,13.13,2026-07-24,-2.81,-5.95,-8.25,37.92,32.23,78.15
SCILAL,41.33,2026-07-24,-1.31,-4.7,-8.26,-7.06,-6.79,-20.24
STLNETWORK,25.51,2026-07-24,4.85,0.79,-8.27,-13.05,38.12,
DAMODARIND,28.84,2026-07-24,-1.23,-4.19,-8.27,3.07,12.57,-23.97
SKFINDIA,1484.8,2026-07-24,0.17,-5.67,-8.28,-10.61,-12.79,-69.55
BALUFORGE,433.6,2026-07-24,-2.88,-7.25,-8.28,-5.76,14.32,-32.34
VASCONEQ,32.33,2026-07-24,-2.77,-0.15,-8.28,-14.02,-23.5,-40.54
KAMATHOTEL,169.11,2026-07-24,-3.23,-9.4,-8.31,2.05,-17.31,-31.38
DECNGOLD,194.52,2026-07-24,2.33,-2.41,-8.32,63.32,,
NFL,70.31,2026-07-24,-2.6,-4.51,-8.33,-7.19,-10.55,-29.22
RAJTV,11.67,2026-07-24,-2.59,-2.75,-8.33,-49.83,-71.63,-72.82
BASILIC,193.0,2026-07-23,-2.77,-4.9,-8.34,-17.89,-27.53,-55.17
LEMONTREE,109.36,2026-07-24,-2.03,-7.12,-8.36,-6.8,-11.83,-29.94
MUKTAARTS,55.89,2026-07-24,4.86,2.55,-8.36,13.62,-3.74,-36.14
VALIANTORG,262.85,2026-07-24,-1.61,-4.97,-8.37,3.27,10.58,-33.28
GOPAL,258.25,2026-07-24,-2.14,-3.35,-8.37,-5.97,-12.53,-26.75
BFUTILITIE,580.4,2026-07-24,-4.51,-13.7,-8.37,1.84,8.88,-26.56
FINEORG,4828.5,2026-07-24,-2.12,-3.89,-8.39,-0.47,24.23,-10.17
DBEIL,7.42,2026-07-24,-3.64,-8.62,-8.4,-6.85,-20.7,-45.92
AURIONPRO,825.45,2026-07-24,-1.7,-6.76,-8.4,-0.72,-9.79,-41.34
TTML,39.38,2026-07-24,-2.14,-4.23,-8.4,-11.76,-7.12,-37.45
BIGBLOC,47.75,2026-07-24,0.4,1.49,-8.4,0.93,-17.23,-22.7
BAJAJST,395.7,2026-07-24,-1.67,-1.99,-8.41,-13.69,,
BSE,3549.7,2026-07-24,-2.69,-6.69,-8.43,3.28,32.53,39.69
SECURKLOUD,17.47,2026-07-24,-1.02,-7.47,-8.44,-22.32,-23.54,-26.96
AHLWEST,574.95,2026-07-24,2.67,-0.01,-8.45,93.19,298.86,298.86
ELECTHERM,1008.2,2026-07-24,-5.64,-8.31,-8.45,39.57,26.05,-2.14
CARBORUNIV,1064.3,2026-07-24,-2.11,-0.81,-8.45,14.92,30.32,8.81
GOLDENTOBC,24.03,2026-07-24,-7.22,-7.86,-8.46,-10.0,-21.32,-30.35
KANCHI,355.4,2026-07-24,-0.86,-2.38,-8.46,-20.71,,
MAHABANK,81.03,2026-07-24,0.63,-1.85,-8.47,5.6,25.35,45.88
ALPEXSOLAR,845.2,2026-07-23,-6.02,5.86,-8.47,-19.86,8.73,-30.17
POWERINDIA,31070.0,2026-07-24,-4.22,-2.65,-8.48,-3.51,88.29,57.12
PENTAGON,53.95,2026-07-23,0.09,-0.09,-8.48,-22.76,-17.7,-12.49
BANCOINDIA,608.45,2026-07-24,-8.04,-9.84,-8.49,0.27,12.36,-2.56
ZTECH,541.35,2026-07-23,-4.86,-8.18,-8.49,-9.99,-8.7,-6.05
USASEEDS,85.1,2026-07-23,1.37,-8.49,-8.49,-18.17,-38.29,-45.1
KDL,113.25,2026-07-23,-1.52,-2.54,-8.52,-29.06,-30.11,-59.85
WOMANCART,98.1,2026-07-23,8.88,-8.1,-8.53,-41.59,-57.31,-55.39
AXISCADES,1608.0,2026-07-24,1.53,0.42,-8.53,-17.1,39.53,15.42
ADANIGREEN,1395.1,2026-07-24,-8.82,-9.79,-8.54,12.89,80.53,36.68
JUBLCPL,1851.5,2026-07-24,-5.94,-9.74,-8.54,8.39,-5.02,-16.06
NIITLTD,94.62,2026-07-24,-3.99,-5.0,-8.54,38.37,27.97,-20.87
DCXINDIA,180.68,2026-07-24,-2.56,-7.91,-8.54,-6.73,13.23,-33.04
JAYKAY,165.16,2026-07-24,-1.52,-10.01,-8.55,3.15,7.16,
CLEAN,721.0,2026-07-24,-1.21,-6.61,-8.57,-11.72,-15.41,-43.46
HIMATSEIDE,80.52,2026-07-24,-5.67,-9.64,-8.59,-8.59,-17.93,-49.34
MUKKA,22.94,2026-07-24,-2.38,-4.42,-8.61,-4.38,2.92,-21.63
NIMBSPROJ,190.0,2026-07-24,-3.06,-6.86,-8.63,-1.63,,
MHRIL,218.85,2026-07-24,-3.4,-5.54,-8.63,-15.41,-24.4,-40.63
GEEKAYWIRE,23.79,2026-07-24,0.51,-3.92,-8.64,-10.87,-18.94,-31.66
ROHLTD,310.95,2026-07-24,-2.23,-4.41,-8.65,-8.83,-11.97,-27.0
GOKUL,39.28,2026-07-24,-2.17,-5.42,-8.67,-0.33,7.23,-8.86
ZEEL,105.46,2026-07-24,-1.75,4.08,-8.68,19.7,29.57,-16.78
IEML,42.05,2026-07-23,-0.94,-2.32,-8.69,-47.54,-46.84,-72.34
ABFRL,56.25,2026-07-24,-1.8,-7.04,-8.69,-8.97,-8.74,-25.66
QUESTLAB,92.9,2026-07-23,-4.33,1.86,-8.7,-22.39,-3.43,-13.78
AJMERA,122.57,2026-07-24,-5.64,-10.36,-8.75,-1.81,-17.41,-31.42
ICICIGI,1661.8,2026-07-24,2.48,-7.02,-8.75,-5.87,-7.11,-12.24
JAYSREETEA,80.68,2026-07-24,-1.05,-4.57,-8.76,-10.67,0.1,-28.26
SUVIDHAA,2.5,2026-07-24,-1.96,-1.57,-8.76,-16.94,-21.88,-51.17
ROSSARI,489.8,2026-07-24,-5.54,-7.32,-8.78,-5.06,-8.1,-31.59
KIRLOSBROS,1836.1,2026-07-24,-2.95,-5.48,-8.79,12.04,23.65,-9.37
KANSAINER,193.19,2026-07-24,-3.98,-4.51,-8.81,-0.84,-13.91,-21.63
DCM,88.9,2026-07-24,-8.82,-7.42,-8.81,13.54,0.78,-19.32
CMRSL,62.0,2026-07-23,-1.2,-3.88,-8.82,-15.07,-13.29,-22.65
BIRLAPREC,34.19,2026-07-24,-1.41,-8.02,-8.83,2.52,,
GATEWAY,56.38,2026-07-24,-3.23,-5.95,-8.83,-1.14,3.02,-8.9
MFSL,1515.5,2026-07-24,-1.79,-7.13,-8.83,-4.52,-5.22,-0.68
TCIEXP,561.15,2026-07-24,-2.86,-0.83,-8.85,9.4,14.56,-21.35
OBCL,52.39,2026-07-24,-1.23,-2.29,-8.86,-6.81,-6.11,-5.04
SURYAROSNI,237.95,2026-07-24,-1.63,-5.37,-8.86,1.01,0.49,-30.2
CYBERTECH,141.94,2026-07-24,-0.08,0.39,-8.89,14.63,12.12,-12.43
CRIZAC,184.44,2026-07-24,-0.85,-7.28,-8.91,-13.58,-15.63,-42.74
RAJRILTD,20.84,2026-07-24,-2.62,-5.1,-8.92,-4.36,2.91,-26.18
CYBERMEDIA,15.5,2026-07-24,-0.13,-4.73,-8.93,-3.61,-1.9,-8.08
CMSINFO,273.9,2026-07-24,-1.83,0.11,-8.93,-9.35,-13.56,-45.52
TEAMLEASE,1313.7,2026-07-24,-4.97,-5.76,-8.95,8.7,-7.07,-31.88
HATHWAY,10.76,2026-07-24,-2.89,-4.27,-8.97,-2.36,5.28,-30.94
AWHCL,433.4,2026-07-24,-3.49,-5.35,-8.98,-14.14,-24.06,-29.43
HUBTOWN,194.98,2026-07-24,-2.24,-7.23,-9.01,-4.63,-3.61,-36.24
CUBEXTUB,76.99,2026-07-24,-2.41,-4.62,-9.02,-13.79,-25.72,-17.3
MOTOGENFIN,27.44,2026-07-24,0.7,-3.38,-9.02,6.52,22.99,1.7
NAVA,554.8,2026-07-24,-3.81,-7.94,-9.06,-15.47,4.53,-10.92
MUFTI,82.92,2026-07-24,-2.42,-4.86,-9.08,6.98,-5.58,-48.17
PATINTLOG,13.82,2026-07-24,-5.47,-10.95,-9.08,21.02,12.91,-19.97
SAROJA,30.0,2026-07-23,0.0,-9.09,-9.09,-11.89,-8.4,-16.78
ZOTA,1258.4,2026-07-24,-5.47,-12.44,-9.11,-2.62,-4.25,5.37
STEL,555.55,2026-07-24,0.52,0.29,-9.11,20.41,34.39,33.27
HCL-INSYS,11.34,2026-07-24,-4.14,-5.26,-9.13,-10.28,-8.03,-29.08
PRABHA,139.86,2026-07-24,-3.74,-7.05,-9.16,-13.35,-8.15,-47.95
MAHAPEXLTD,43.53,2026-07-24,-1.0,-1.49,-9.16,-15.9,-54.04,-59.13
KLL,29.2,2026-07-23,-2.18,-8.18,-9.18,-26.54,-34.6,-62.94
RAJSREESUG,29.97,2026-07-24,-8.96,-5.99,-9.18,-12.39,0.23,-35.89
RAJVIR,6.23,2026-07-23,0.0,-4.89,-9.18,-18.56,-26.27,-40.67
ISHANCH,52.14,2026-07-24,-0.84,-5.82,-9.18,-15.74,-8.88,-14.34
SAIPARENT,535.6,2026-07-24,-5.69,-8.62,-9.18,10.49,,
VMM,108.04,2026-07-24,-2.85,-7.03,-9.19,-12.4,-13.28,-22.83
MEDIASSIST,340.05,2026-07-24,-5.36,-6.98,-9.21,-0.82,-19.09,-36.68
ACCURACY,5.03,2026-07-24,2.65,-2.14,-9.21,-0.98,1.21,-34.51
VILAS,358.1,2026-07-23,-3.23,-6.16,-9.22,-23.69,3.87,-37.53
SURYALAXMI,57.51,2026-07-24,0.89,-4.2,-9.23,-3.25,4.56,-21.73
SHREEOSFM,59.0,2026-07-23,-5.6,-2.4,-9.23,-16.78,-22.37,-48.72
WELSPLSOL,51.3,2026-07-24,-3.02,-1.71,-9.24,28.73,,
EFACTOR,162.0,2026-07-23,1.03,1.25,-9.24,-32.22,-37.69,-31.6
ATGL,652.85,2026-07-24,-8.42,-9.45,-9.25,4.18,26.21,1.29
PRITIKA,57.8,2026-07-23,-6.77,-6.47,-9.26,4.71,-16.23,-34.39
BALKRISIND,2013.5,2026-07-24,-2.03,-8.97,-9.28,-9.35,-16.1,-25.66
PEARLPOLY,17.2,2026-07-24,-2.05,-4.97,-9.28,-17.31,-15.85,-47.17
REMUS,723.2,2026-07-23,0.62,-0.95,-9.28,12.65,10.19,-19.73
WINSOL,115.2,2026-07-23,-1.75,-3.32,-9.29,-13.8,-14.67,-47.46
VR,108.0,2026-07-23,4.96,7.04,-9.32,-30.32,-30.35,-38.64
ANGELONE,307.95,2026-07-24,-4.76,-9.21,-9.32,-1.79,23.71,12.23
KSR,29.52,2026-07-24,-1.53,2.86,-9.34,-16.99,11.19,
DRONE,39.25,2026-07-23,0.9,-1.26,-9.35,-25.73,-26.22,-61.74
CALSOFT,21.78,2026-07-24,-5.51,-5.55,-9.36,81.2,53.92,32.97
JARO,475.7,2026-07-24,-3.07,-8.82,-9.36,15.51,-5.07,
SADBHAV,7.9,2026-07-24,-1.99,-5.95,-9.4,-23.89,22.67,-38.28
LASA,6.94,2026-07-24,-2.66,-5.19,-9.4,-13.68,-23.31,-36.56
IRIS,244.5,2026-07-24,1.24,-5.21,-9.41,3.53,-9.6,-36.0
LRRPL,86.05,2026-07-23,-4.5,-2.22,-9.42,8.31,24.71,-5.44
INNOVATIVE,70.65,2026-07-23,0.0,-3.88,-9.42,-28.71,-16.93,-37.7
EASEMYTRIP,6.83,2026-07-24,-0.29,-2.98,-9.42,-10.37,7.56,-34.45
UFO,67.02,2026-07-24,-0.73,-4.96,-9.43,-5.83,-13.57,-7.7
TRITURBINE,611.8,2026-07-24,-0.39,-0.79,-9.44,7.36,32.93,-1.19
ODIGMA,22.64,2026-07-24,-0.31,-1.57,-9.44,-18.0,-19.55,-37.15
MSTCLTD,607.2,2026-07-24,-1.24,-7.53,-9.45,40.1,35.38,21.06
KELLTONTEC,14.09,2026-07-24,-4.47,-8.8,-9.45,-9.56,-6.56,-49.0
RBS,76.05,2026-07-23,2.77,-1.87,-9.46,-27.61,-15.92,-44.53
NAGREEKCAP,22.67,2026-07-24,-1.61,-6.67,-9.46,-36.25,-13.11,-13.64
LT,3785.6,2026-07-24,-1.39,-3.64,-9.47,-4.78,2.1,9.92
GICHSGFIN,146.87,2026-07-24,-2.31,-3.22,-9.48,-0.37,-6.99,-20.43
BHARATRAS,1261.1,2026-07-24,-3.97,-8.42,-9.5,-9.51,-19.41,-53.47
KSCL,835.5,2026-07-24,-1.13,-3.34,-9.51,-10.85,2.03,-24.99
OSWALGREEN,20.71,2026-07-24,-4.03,-7.83,-9.52,-26.14,-20.98,-53.69
PVP,27.31,2026-07-24,-4.41,-7.39,-9.54,-17.32,-8.88,28.1
CELLO,344.3,2026-07-24,-5.88,-5.92,-9.55,-19.45,-31.28,-43.28
GENUSPOWER,315.6,2026-07-24,0.43,-0.65,-9.56,9.8,22.95,-14.82
MADHAVIPL,7.85,2026-07-24,-2.73,-6.77,-9.56,-17.8,,
SYRMA,1288.3,2026-07-24,-3.92,-10.02,-9.57,32.87,93.63,82.79
SADHNANIQ,2.74,2026-07-24,3.79,1.86,-9.57,10.48,-52.18,-64.32
SPAL,1002.8,2026-07-24,-5.14,-10.85,-9.58,28.39,55.82,18.35
RELCHEMQ,127.29,2026-07-24,-2.08,-2.62,-9.58,6.98,2.6,-30.66
GAYAPROJ,20.73,2026-07-24,-1.94,-5.56,-9.59,7.35,71.32,143.88
IPSL,235.0,2026-07-23,2.17,-4.08,-9.6,-6.0,-14.2,-18.66
BAJAJINDEF,230.25,2026-07-24,-1.94,-7.1,-9.6,-25.71,-24.42,-44.86
SHRIKRISH,39.32,2026-07-24,-2.02,-0.18,-9.61,-1.45,,
PLAZACABLE,42.9,2026-07-24,-0.56,-1.67,-9.61,7.17,20.71,-28.9
VALIANTLAB,61.5,2026-07-24,-3.92,-3.53,-9.61,-18.75,6.62,-37.38
UMAEXPORTS,20.03,2026-07-24,0.35,-7.48,-9.61,-24.84,-39.41,-59.94
GOLDSTAR,7.05,2026-07-23,0.0,-7.84,-9.62,-10.19,38.24,-26.18
SUPREME,45.27,2026-07-24,-0.59,-4.39,-9.66,-10.9,-20.1,-39.41
SAATVIKGL,440.55,2026-07-24,-5.04,-1.94,-9.66,-2.75,21.31,
ELECTCAST,72.1,2026-07-24,-2.34,-7.34,-9.67,-9.07,3.22,-37.87
PINELABS,145.67,2026-07-24,-2.72,-6.1,-9.67,-25.62,-39.34,
FCONSUMER,0.28,2026-07-23,0.0,-3.45,-9.68,-15.15,-26.32,-42.86
WEIZMANIND,77.19,2026-07-24,-2.19,-3.06,-9.69,-5.68,-4.31,-34.95
ANMOL,10.14,2026-07-24,-4.7,-7.23,-9.71,-12.96,-17.49,-37.79
SUZLON,52.28,2026-07-24,-1.53,-1.67,-9.72,-3.02,14.4,-19.96
RKEC,26.73,2026-07-24,1.67,-3.19,-9.73,-28.66,-41.46,-60.09
MIDHANI,392.7,2026-07-24,-4.11,-4.77,-9.73,4.46,19.42,-4.41
DEEM,50.05,2026-07-23,-9.66,-8.92,-9.74,31.71,6.49,-11.1
VIKASECO,1.11,2026-07-24,-1.77,-9.02,-9.76,-18.38,-25.0,-52.56
RRIL,16.63,2026-07-24,-3.2,-5.94,-9.77,2.97,,
VBL,457.2,2026-07-24,-2.31,-2.54,-9.77,-6.69,-3.35,-5.63
NAVKARCORP,102.15,2026-07-24,-2.07,-7.09,-9.78,2.7,4.89,-20.56
GINNIFILA,47.06,2026-07-24,-6.7,-10.26,-9.79,11.15,28.02,-0.93
COHANCE,417.1,2026-07-24,-7.46,-7.26,-9.79,15.83,9.3,-59.73
RANASUG,11.78,2026-07-24,-0.76,-2.64,-9.8,-10.89,8.97,-21.94
GPIL,240.15,2026-07-24,-1.62,-6.32,-9.8,-17.18,-0.7,24.38
INDIFRA,11.95,2026-07-23,0.0,-1.65,-9.81,-3.63,-17.87,-31.71
PRECAM,138.65,2026-07-24,-1.69,-5.67,-9.82,-10.83,3.45,-28.7
SOTAC,95.1,2026-07-23,0.0,-4.9,-9.82,-18.72,-9.43,-23.24
HITECH,84.79,2026-07-24,-2.85,-4.86,-9.84,-4.03,12.63,-10.53
GNFC,503.05,2026-07-24,-0.7,0.08,-9.85,7.39,8.37,-5.61
CHAMBLFERT,431.0,2026-07-24,-2.75,-5.53,-9.85,-2.22,-1.04,-20.68
APOLSINHOT,1173.0,2026-07-24,-2.55,-3.83,-9.87,4.49,-7.65,-19.77
BLS,233.6,2026-07-24,-0.95,-2.46,-9.88,-15.22,-14.46,-35.87
KENNAMET,2782.9,2026-07-24,-0.03,0.5,-9.9,13.67,13.91,13.91
GKWLIMITED,1640.7,2026-07-24,-3.48,-7.83,-9.9,7.04,0.64,-10.0
HIGREEN,134.7,2026-07-23,-3.48,-2.39,-9.9,-5.27,1.62,-44.18
DISHTV,2.82,2026-07-24,-4.08,-5.05,-9.9,-27.13,-15.06,-50.35
OSIAHYPER,2.99,2026-07-24,0.34,-5.97,-9.94,-52.08,-79.08,-79.52
MGL,1077.0,2026-07-24,-1.27,-3.36,-9.95,-4.7,1.05,-22.78
BGRENERGY,291.1,2026-07-24,0.81,-2.72,-9.95,-5.57,-13.72,193.54
NLCINDIA,292.8,2026-07-24,-1.21,-3.89,-9.98,-2.11,18.49,21.84
JKIPL,96.69,2026-07-24,4.26,-2.86,-9.98,0.19,30.59,
TRUALT,428.95,2026-07-24,2.11,-1.49,-9.98,-12.2,34.19,
IPL,149.98,2026-07-24,0.16,-4.33,-10.02,0.68,1.34,-34.25
ACL,47.06,2026-07-24,-4.0,-4.74,-10.04,-15.16,-20.49,-32.91
PNC,19.35,2026-07-24,0.26,-5.15,-10.04,-10.38,-15.87,-29.61
STERTOOLS,242.54,2026-07-24,-1.05,-0.49,-10.04,-1.14,6.59,-34.14
TENNIND,539.95,2026-07-24,-3.1,-7.56,-10.06,-2.51,5.48,
VIVIMEDLAB,5.18,2026-07-24,-1.52,-3.36,-10.07,-22.8,-29.23,4.65
ASHOKA,120.87,2026-07-24,-2.2,-8.54,-10.07,-9.15,-17.21,-40.6
CAMLINFINE,124.47,2026-07-24,0.41,-1.33,-10.08,-2.3,-13.0,-55.6
BOMDYEING,121.71,2026-07-24,-1.23,-5.75,-10.08,9.21,9.43,-34.85
VGL,61.2,2026-07-24,-1.43,-3.29,-10.11,6.19,-5.24,-29.57
SSDL,52.47,2026-07-24,-1.5,-5.37,-10.12,-12.83,-22.38,-45.46
FACT,809.3,2026-07-24,-2.63,-5.44,-10.12,-9.03,3.5,-17.11
HGM,46.73,2026-07-24,-4.42,-8.84,-10.13,-10.55,-15.97,-20.65
S&SPOWER,347.3,2026-07-24,9.11,-3.8,-10.14,-16.21,30.47,-8.48
GUJTHEM,360.5,2026-07-24,-0.95,-5.62,-10.14,0.16,13.44,-0.55
PRSMJOHNSN,108.02,2026-07-24,-1.59,-4.04,-10.14,-19.57,-10.13,-32.25
CGRAPHICS,130.65,2026-07-23,0.42,-4.32,-10.14,-20.65,-21.77,-39.58
INTLCONV,75.05,2026-07-24,-4.66,-5.96,-10.15,-2.28,-5.28,-19.15
BDL,1243.0,2026-07-24,-1.16,-4.59,-10.16,-11.24,-11.4,-26.47
SARVESHWAR,3.45,2026-07-24,-0.29,-4.17,-10.16,-13.1,-12.88,-57.41
PROPEQUITY,221.9,2026-07-23,-7.5,-2.68,-10.16,4.92,36.93,6.1
KEI,4868.0,2026-07-24,-1.23,-4.77,-10.17,1.08,28.01,24.78
DENORA,852.55,2026-07-24,-3.22,-3.47,-10.18,5.81,47.0,-8.07
TREL,24.32,2026-07-24,-1.66,-4.63,-10.23,-7.25,-2.95,-29.4
RAMKY,371.1,2026-07-24,-3.57,-8.1,-10.28,-26.08,-25.85,-38.03
TEGA,1560.3,2026-07-24,-3.66,-8.64,-10.28,-7.13,-10.57,-19.39
RAILTEL,284.75,2026-07-24,-3.38,-7.85,-10.29,-9.86,-12.94,-28.62
A2ZINFRA,12.46,2026-07-24,-0.95,-5.25,-10.3,-26.53,-12.25,-43.13
ZODIAC,251.25,2026-07-24,-3.14,-8.24,-10.3,-27.29,-2.77,-45.32
RAMASTEEL,4.26,2026-07-24,-0.93,-5.75,-10.32,-25.39,-45.66,-62.47
GVKPIL,2.43,2026-07-24,-4.33,-0.82,-10.33,-21.36,-18.73,-37.69
KRITI,64.25,2026-07-24,-4.39,-6.82,-10.35,-21.69,-15.2,-60.62
DCMFINSERV,5.02,2026-07-24,-2.71,-6.69,-10.36,0.6,8.89,-22.29
GTL,7.17,2026-07-24,-0.28,-1.51,-10.37,-1.24,2.43,-27.28
RAJMET,3.36,2026-07-24,0.6,-6.41,-10.4,-16.42,-17.24,-33.07
GLOBALVECT,148.95,2026-07-24,-1.4,-5.98,-10.41,-18.79,-17.78,-33.83
GKENERGY,136.14,2026-07-24,-4.66,-4.95,-10.41,7.7,15.17,
BIOFILCHEM,32.07,2026-07-24,-3.32,-4.87,-10.42,-3.46,7.15,-31.33
VERTOZ,35.58,2026-07-24,-3.29,-7.13,-10.42,-29.18,-44.05,-60.76
GLOBECIVIL,39.25,2026-07-24,-2.17,-4.27,-10.43,-17.39,-30.86,-57.17
KAMOPAINTS,4.55,2026-07-24,0.22,-5.21,-10.43,-19.04,-23.4,-54.09
ITCHOTELS,159.92,2026-07-24,-4.27,-14.25,-10.44,1.67,-11.66,-34.84
OLECTRA,1336.3,2026-07-24,-0.7,-4.63,-10.44,11.1,35.06,-12.78
KWIL,32.0,2026-07-24,-6.02,-1.42,-10.44,17.69,,
VIDYAWIRES,88.54,2026-07-24,-4.45,-8.11,-10.45,7.04,96.19,
RHFL,1.96,2026-07-24,-1.51,-2.49,-10.5,-7.11,-32.88,-58.12
DELTAMAGNT,55.83,2026-07-24,-4.74,-6.26,-10.51,-11.95,-14.65,-39.64
ITI,275.15,2026-07-24,-2.36,-5.3,-10.51,-7.73,-1.61,-10.27
BBL,2519.4,2026-07-24,-5.86,-7.97,-10.66,-16.61,4.39,-16.28
NEWJAISA,15.5,2026-07-23,-5.2,-11.68,-10.66,-39.81,-9.88,-54.81
ROTO,68.08,2026-07-24,-1.72,-0.35,-10.66,16.42,18.36,-24.57
MAANALU,114.86,2026-07-24,1.39,-5.91,-10.67,-20.7,-18.95,-4.6
PRINCEPIPE,261.2,2026-07-24,-2.36,-3.47,-10.67,-0.43,10.61,-23.9
THACKER,1036.1,2026-07-24,-4.94,0.2,-10.69,-4.61,,
SPENCERS,33.06,2026-07-24,-6.77,-6.58,-10.72,-0.18,5.02,-45.45
ANIKINDS,40.7,2026-07-24,-3.67,-9.19,-10.73,-5.9,-16.48,-58.69
NECLIFE,10.3,2026-07-24,-4.63,-7.12,-10.75,-12.64,-29.55,-40.15
PURVFLEXI,45.95,2026-07-23,-4.27,-4.27,-10.78,-26.42,-33.41,-38.24
WAAREEENER,2702.0,2026-07-24,-4.39,-6.19,-10.79,-18.26,3.95,-16.62
NDL,2.31,2026-07-24,-1.7,-3.35,-10.81,-18.66,-18.09,-38.56
VINNY,1.07,2026-07-24,1.9,0.94,-10.83,-9.32,-9.32,-18.94
INDIAMART,1759.9,2026-07-24,-8.95,-9.87,-10.85,-14.07,-17.47,-30.91
RCOM,0.82,2026-07-24,-3.53,-5.75,-10.87,-17.17,-20.39,-38.35
FINPIPE,163.67,2026-07-24,-0.85,-2.9,-10.88,-4.96,-5.81,-21.56
MAHEPC,105.38,2026-07-24,-4.74,-12.71,-10.88,-7.79,-9.91,-28.58
GRINFRA,869.85,2026-07-24,-5.72,-3.89,-10.88,0.39,-5.22,-31.8
RILINFRA,39.6,2026-07-23,4.21,0.25,-10.91,15.45,17.16,-0.25
NOIDATOLL,4.32,2026-07-24,-6.49,-9.62,-10.93,15.2,16.13,10.77
WPIL,450.45,2026-07-24,-1.69,-2.45,-10.94,8.56,,
HLVLTD,7.06,2026-07-24,-1.12,-5.74,-10.97,-16.75,-16.05,-45.94
KRBL,350.75,2026-07-24,-1.32,-3.72,-10.97,-2.54,7.86,-12.62
TRENT,2890.5,2026-07-24,-1.21,-0.33,-10.98,1.04,15.61,-43.83
EMMBI,87.53,2026-07-24,-5.49,-4.52,-10.98,1.8,-7.8,-23.5
JSWHL,10865.0,2026-07-24,-1.68,-4.86,-10.99,-15.8,-34.67,-50.01
THOMASCOOK,97.85,2026-07-24,-5.13,-6.3,-11.02,0.74,-21.02,-44.51
PTC,164.4,2026-07-24,-4.97,-3.72,-11.02,-10.48,6.23,-12.46
RAYMONDLSL,714.95,2026-07-24,-1.6,-3.69,-11.02,-8.19,-21.4,-36.64
INSPIRISYS,97.88,2026-07-24,-2.26,-4.85,-11.04,19.06,22.4,-7.76
SIGIND,44.57,2026-07-24,-3.19,-6.11,-11.06,-10.01,-6.64,-25.53
AKI,4.26,2026-07-24,-8.78,-8.97,-11.06,-17.44,-31.18,-64.41
PROSTARM,123.67,2026-07-24,-2.06,-5.76,-11.07,-21.68,-16.43,-42.0
IGL,149.33,2026-07-24,-3.45,-2.44,-11.08,-9.28,-12.96,-26.04
VENUSREM,1649.0,2026-07-24,-2.65,-8.66,-11.08,73.65,131.24,223.49
VITAL,46.8,2026-07-24,-5.95,-13.2,-11.09,-25.6,-10.0,-16.43
YUDIZ,24.0,2026-07-23,0.0,-1.44,-11.11,-13.82,-6.07,-35.57
TITAGARH,819.45,2026-07-24,-5.51,-3.51,-11.14,8.3,4.18,-9.33
MANINDS,527.35,2026-07-24,-1.57,-6.24,-11.15,-4.27,68.11,18.88
BAJEL,178.9,2026-07-24,-0.24,-6.43,-11.16,-1.47,20.91,-26.65
PASUPTAC,57.91,2026-07-24,-1.66,-6.66,-11.17,13.5,30.96,11.97
ARSHIYA,0.95,2026-07-24,-3.06,-6.86,-11.21,-27.48,-24.6,-70.5
DUCON,3.01,2026-07-24,-0.33,-1.95,-11.21,-7.1,-9.06,-49.58
LYKALABS,62.53,2026-07-24,-9.02,-10.13,-11.22,8.6,-14.48,-43.44
ENGINERSIN,225.21,2026-07-24,-1.99,-4.84,-11.23,-7.28,35.73,-1.87
MANUGRAPH,13.51,2026-07-24,-8.9,-9.21,-11.24,-0.07,-9.39,-31.56
AATMAJ,17.75,2026-07-23,-2.74,-8.27,-11.25,-9.9,-16.67,-10.35
VOLTAMP,9180.0,2026-07-24,-2.63,-2.02,-11.29,-13.83,35.95,1.57
AXISBANK,1227.3,2026-07-24,-2.29,-6.98,-11.29,-10.08,-2.37,12.16
CEIGALL,337.1,2026-07-24,-1.25,-7.42,-11.35,3.34,22.65,27.42
GREENCHEF,47.0,2026-07-23,-3.69,-7.02,-11.4,-5.05,-2.08,-25.46
MAFATIND,132.9,2026-07-24,-1.15,-2.88,-11.42,-1.7,,
COMPINFO,1.16,2026-07-24,1.75,-1.69,-11.45,-17.14,-15.33,-60.81
INTENTECH,90.45,2026-07-24,-1.37,-6.74,-11.48,-8.54,-15.16,2.86
NIBE,1504.3,2026-07-24,-3.45,-5.65,-11.49,44.4,46.58,-8.85
VIKASLIFE,1.31,2026-07-24,-1.5,-6.43,-11.49,-17.61,-21.08,-46.96
COFFEEDAY,30.24,2026-07-24,-3.79,-5.71,-11.5,14.72,-3.57,-17.92
KRITINUT,75.21,2026-07-24,-2.75,-3.0,-11.51,-21.04,5.44,-30.88
MTNL,27.11,2026-07-24,-3.59,-7.51,-11.52,-11.43,-6.03,-44.93
KEC,469.9,2026-07-24,-3.66,-5.23,-11.53,-18.3,-25.99,-46.1
NARMADA,34.92,2026-07-24,-9.88,1.63,-11.55,1.45,22.53,62.8
LLOYDS,71.0,2026-07-23,-4.7,-0.07,-11.58,-28.21,11.02,-22.62
MAZDA,216.39,2026-07-24,-2.95,-9.75,-11.59,3.16,11.08,-26.43
TRU,4.88,2026-07-24,-0.2,-6.15,-11.59,-26.17,-29.99,-70.71
KARMAENG,38.18,2026-07-24,0.9,-4.5,-11.6,-25.63,-4.21,-40.2
VINYAS,1270.9,2026-07-23,-1.24,-3.31,-11.6,12.52,17.79,-8.23
VILINBIO,40.65,2026-07-23,-8.34,-12.58,-11.63,9.86,40.66,62.28
MCLEODRUSS,54.07,2026-07-24,1.03,-5.54,-11.64,2.97,34.1,32.14
FAZE3Q,546.95,2026-07-24,-3.06,-7.91,-11.65,17.22,52.48,-25.56
LCCINFOTEC,4.38,2026-07-24,-5.4,-1.57,-11.69,-8.18,-8.94,6.05
SUKHJITS,159.43,2026-07-24,-1.74,-5.89,-11.73,-12.79,-7.05,-11.19
CONTI,10.9,2026-07-23,5.31,-4.39,-11.74,-26.6,-48.1,-59.4
ORIANA,1417.25,2026-07-23,-1.58,-5.82,-11.74,-31.64,-13.11,-38.88
SEPC,6.01,2026-07-24,-1.8,-7.4,-11.75,-21.02,-23.44,-50.94
SUPRIYA,840.5,2026-07-24,0.38,-0.53,-11.8,30.75,17.38,22.08
MONEYBOXX,59.97,2026-07-24,3.04,-1.38,-11.82,-14.33,11.12,
TDPOWERSYS,1113.6,2026-07-24,-2.41,-3.35,-11.82,0.07,78.38,132.54
STCINDIA,117.89,2026-07-24,-1.23,-4.15,-11.85,-1.2,4.08,-10.56
NOCIL,160.11,2026-07-24,-2.0,-5.74,-11.85,-12.81,26.03,-14.24
KLBRENG-B,439.5,2026-07-24,-0.31,-3.39,-11.89,-14.55,,
GGBL,258.1,2026-07-23,-4.0,-2.16,-11.89,-18.09,1.69,-48.05
MAHSEAMLES,571.55,2026-07-24,-2.25,-3.43,-11.91,-11.02,12.39,-20.26
PARACABLES,61.64,2026-07-24,-4.95,-6.59,-11.94,67.73,96.37,2.85
CIEINDIA,413.75,2026-07-24,-12.67,-11.86,-11.95,-9.5,2.18,-0.89
BANKBARODA,246.45,2026-07-24,-3.3,-1.68,-11.95,-7.19,-14.09,3.06
WAAREEINDO,352.65,2026-07-24,-7.56,-11.59,-11.96,-22.36,-18.82,31.18
SALZERELEC,575.95,2026-07-24,-1.96,-6.32,-11.99,-7.45,5.77,-30.02
KANDARP,94.6,2026-07-23,-0.42,-9.9,-12.0,-36.4,-38.57,25.38
KAVDEFENCE,57.06,2026-07-24,-2.59,-7.48,-12.03,-11.43,-9.17,4.89
IFCI,70.12,2026-07-24,-4.12,-8.29,-12.06,17.85,24.44,15.4
KOHINOOR,22.92,2026-07-24,-4.18,-5.76,-12.08,-18.69,-2.51,-35.58
AGIIL,311.75,2026-07-24,-6.73,-10.72,-12.1,-12.72,24.25,48.11
TATAELXSI,3538.0,2026-07-24,0.04,-7.47,-12.11,-14.11,-33.42,-42.15
FINCABLES,998.9,2026-07-24,-1.62,-5.62,-12.12,2.69,38.4,9.66
CRAYONS,25.0,2026-07-23,-6.02,-13.34,-12.13,-28.77,-30.07,-61.21
HPL,333.5,2026-07-24,-2.14,-5.0,-12.14,-5.4,5.24,-40.98
SANDHAR,593.95,2026-07-24,-1.25,-10.97,-12.18,26.04,19.84,16.86
KNRCON,121.22,2026-07-24,-2.19,-6.05,-12.18,2.79,-9.78,-45.77
AEROFLEX,420.85,2026-07-24,3.59,-0.06,-12.18,51.6,165.27,99.19
MAXESTATES,387.15,2026-07-24,-3.77,-13.01,-12.19,-1.49,2.03,-26.1
FALCONTECH,10.75,2026-07-23,1.42,-6.93,-12.24,-23.76,-29.04,-35.24
CANARYS,18.65,2026-07-23,-2.36,-1.06,-12.24,-10.77,-28.54,-38.65
MOHITIND,23.0,2026-07-24,1.86,0.48,-12.31,-3.56,-6.05,-28.46
ASTEC,659.1,2026-07-24,-3.9,-4.01,-12.34,-8.56,15.74,-27.13
AWFIS,271.85,2026-07-24,-5.44,-9.14,-12.35,-22.18,-34.07,-55.43
PREMEXPLN,662.1,2026-07-24,0.08,-1.32,-12.36,28.19,40.54,34.95
MOS,12.05,2026-07-23,0.42,-20.46,-12.36,-13.93,-44.85,-95.37
PRAKASH,123.77,2026-07-24,-0.43,-3.76,-12.38,-9.78,10.61,-31.11
KITEX,147.04,2026-07-24,-2.39,-3.82,-12.42,-10.14,-10.17,-43.46
MICEL,36.17,2026-07-24,-3.16,-3.5,-12.44,-11.37,6.29,-32.66
VINDHYATEL,1886.0,2026-07-24,5.06,-3.37,-12.44,49.96,56.79,14.4
AGARIND,477.7,2026-07-24,-4.96,-9.44,-12.45,9.8,-28.97,-49.99
TATACOMM,1775.3,2026-07-24,-2.6,-3.27,-12.48,17.81,14.82,3.64
AURIGROW,0.28,2026-07-23,0.0,0.0,-12.5,-24.32,-45.1,-55.56
DYNAMIC,147.55,2026-07-23,-7.49,-9.98,-12.54,6.92,6.34,6.88
AFIL,9.21,2026-07-24,-5.05,-3.36,-12.54,2.68,85.69,25.31
KIOCL,348.75,2026-07-24,-6.2,-9.77,-12.55,-12.74,2.6,-3.58
DSSL,1240.6,2026-07-24,2.66,-3.62,-12.55,19.64,33.69,18.6
ABCOTS,200.38,2026-07-24,-1.03,-3.81,-12.57,-35.54,-50.96,-51.42
INDTERRAIN,29.26,2026-07-24,-0.78,-7.99,-12.6,-9.8,-9.69,-31.97
UEL,119.98,2026-07-24,-3.21,-6.53,-12.6,-23.41,3.5,35.01
NIRMAN,38.45,2026-07-23,-4.94,-9.32,-12.61,-27.59,-27.66,-78.21
ZFCVINDIA,2320.6,2026-07-24,-0.77,-0.03,-12.61,-7.03,2.88,2.8
PAKKA,71.49,2026-07-24,-0.57,-3.02,-12.61,-26.51,-19.97,-65.37
JAIBALAJI,61.24,2026-07-24,-3.85,-7.74,-12.64,-14.39,-6.4,-49.05
DGCONTENT,24.1,2026-07-24,-4.78,-7.31,-12.68,-14.66,-19.26,-47.11
KPRMILL,1061.5,2026-07-24,-4.65,-3.92,-12.69,14.32,25.67,-14.18
MITCON,72.02,2026-07-24,-0.88,-7.67,-12.7,-12.55,29.39,-6.79
BLUEPEBBLE,70.0,2026-07-23,0.0,-2.78,-12.72,-44.66,-53.27,-62.53
TIINDIA,2767.0,2026-07-24,-4.15,-5.28,-12.73,-6.79,24.78,-5.59
HMT,61.39,2026-07-24,1.05,-4.36,-12.74,-2.18,45.96,-0.92
EKC,108.76,2026-07-24,-3.48,-5.86,-12.74,-3.57,-5.04,-16.68
DRREDDY,1151.7,2026-07-24,-5.84,-6.71,-12.75,-12.0,-6.2,-8.42
ABSLAMC,1017.0,2026-07-24,-6.8,-11.18,-12.78,-2.36,33.57,19.07
SHREEKARNI,403.0,2026-07-23,-1.71,-1.71,-12.81,-6.58,-9.15,-30.46
BEWLTD,58.7,2026-07-23,-0.51,-2.25,-12.84,-31.47,-42.34,-64.5
GPTINFRA,116.41,2026-07-24,-0.39,-4.96,-12.84,3.07,15.96,-9.25
CELEBRITY,7.04,2026-07-24,-1.4,-6.01,-12.87,-5.5,-1.54,-46.3
QUINT,38.64,2026-07-24,-1.18,-1.85,-12.89,1.28,,
BEARDSELL,27.64,2026-07-24,0.36,-6.24,-12.92,8.61,1.84,-16.76
RAJESHEXPO,88.93,2026-07-24,1.73,-2.98,-12.92,-29.87,-45.5,-55.83
ATMASTCO,153.8,2026-07-23,-2.23,-6.08,-12.96,2.53,3.78,-32.35
MOKSH,10.72,2026-07-24,-6.86,-7.35,-12.99,-7.98,-24.67,-21.58
NCC,137.09,2026-07-24,-1.98,-5.1,-13.0,-15.37,-3.34,-38.39
NAGREEKEXP,23.14,2026-07-24,-3.42,-5.05,-13.01,-15.73,-7.48,-15.49
ENRIN,3240.2,2026-07-24,-4.54,-4.82,-13.02,1.1,52.7,7.99
KPEL,302.8,2026-07-24,-4.43,-8.17,-13.03,-14.16,3.36,-43.8
RATNAMANI,2394.5,2026-07-24,-6.19,-9.87,-13.04,-8.11,19.31,-13.93
CHEMCON,176.53,2026-07-24,-3.08,-4.14,-13.1,15.37,7.42,-15.54
XTGLOBAL,27.99,2026-07-24,-0.04,-1.96,-13.13,-12.89,4.05,-17.88
LIKHITHA,226.6,2026-07-24,-3.72,-7.72,-13.16,-2.28,42.7,-18.24
PKTEA,677.15,2026-07-24,-5.81,-7.11,-13.19,-9.31,1.29,-2.47
KHADIM,94.13,2026-07-24,-3.97,-7.11,-13.2,-6.08,-42.41,-67.2
AVONMORE,9.39,2026-07-24,-3.79,-6.1,-13.22,-23.16,-40.46,-48.04
ATLANTAELE,1589.8,2026-07-24,-8.52,-7.02,-13.25,-10.61,118.29,
AVROIND,8.82,2026-07-24,-5.47,-7.64,-13.27,-29.52,-33.63,-39.63
SPCENET,3.51,2026-07-24,-3.57,-7.63,-13.33,-17.76,-31.12,-47.86
QUICKHEAL,152.72,2026-07-24,-5.16,-9.12,-13.34,-6.12,-20.19,-54.08
DREDGECORP,1003.3,2026-07-24,-1.6,-3.79,-13.35,6.63,5.86,42.07
LINC,102.67,2026-07-24,-4.23,-9.72,-13.38,5.4,-1.82,-25.49
CURAA,71.37,2026-07-24,-3.57,-3.31,-13.39,-23.26,-10.32,-68.24
TARIL,295.0,2026-07-24,-11.57,-15.06,-13.4,-8.8,26.88,-40.48
ESSARSHPNG,20.17,2026-07-24,-0.88,-9.31,-13.4,-24.0,-13.02,-30.18
APTECHT,91.35,2026-07-24,-3.89,-7.66,-13.45,-9.51,16.03,-30.27
MTEDUCARE,1.93,2026-07-24,6.63,5.46,-13.45,36.88,19.14,-20.25
SILKFLEX,193.75,2026-07-23,-0.13,-11.08,-13.5,8.85,101.19,111.75
QPOWER,1105.4,2026-07-24,-2.95,-9.2,-13.63,-20.84,84.83,30.92
JISLDVREQS,21.28,2026-07-24,-3.71,-8.55,-13.64,-8.08,-14.26,-31.62
ADVENZYMES,317.35,2026-07-24,-0.1,-3.84,-13.65,6.58,18.75,-3.61
WINNY,35.6,2026-07-23,0.0,-9.18,-13.7,-28.08,-44.33,-68.77
NETWORK18,28.62,2026-07-24,-4.25,-9.97,-13.72,-16.32,-21.48,-52.26
RESPONIND,176.02,2026-07-24,-8.69,-6.42,-13.77,17.89,7.54,-26.06
LANDSMILL,0.75,2026-07-24,1.35,0.0,-13.79,-25.0,-38.52,-29.91
NBCC,93.84,2026-07-24,-4.35,-7.54,-13.81,0.69,-1.18,-16.92
ELANTAS,9266.0,2026-07-24,-2.79,-2.06,-13.84,2.63,,
ATLANTAA,35.18,2026-07-24,-7.83,-10.89,-13.86,-12.05,-15.39,4.89
HILTON,21.14,2026-07-24,-7.85,-5.2,-13.93,-12.21,-25.43,-66.48
ORIENTALTL,5.31,2026-07-24,-2.03,-3.1,-13.94,-23.71,-28.72,-46.69
SIGMAADV,523.0,2026-07-24,-1.95,-10.28,-13.94,120.99,199.63,395.27
DIL,0.8,2026-07-23,0.0,-2.44,-13.98,-21.57,-41.18,-60.4
SHEKHAWATI,11.78,2026-07-24,-7.39,-12.16,-14.01,-32.53,-13.38,-51.94
HINDWAREAP,211.9,2026-07-24,-4.66,-14.5,-14.03,-6.33,-6.09,-18.89
SOLARA,491.95,2026-07-24,-13.72,-15.96,-14.04,3.03,-5.18,-25.14
ZODIACLOTH,75.84,2026-07-24,-1.13,-3.66,-14.05,-2.76,-6.46,-29.78
GANESHCP,171.84,2026-07-24,-0.61,-9.19,-14.06,-8.16,-11.69,
DIGJAMLMTD,40.4,2026-07-24,-8.89,-8.37,-14.06,-17.11,-19.43,-30.89
OLAELEC,37.08,2026-07-24,-5.36,-8.04,-14.11,3.6,16.06,-12.96
AMIABLE,72.95,2026-07-23,0.0,0.0,-14.13,-16.0,0.07,-7.66
POWERICA,568.25,2026-07-24,0.19,-1.06,-14.14,26.43,,
GAYAHWS,1.88,2026-07-24,-1.05,0.53,-14.16,-21.34,-12.15,-0.53
ORTINGLOBE,14.81,2026-07-24,-2.37,-7.44,-14.19,-2.44,18.39,27.02
DHRUV,24.49,2026-07-24,-5.63,-9.03,-14.22,-30.39,-41.36,-65.71
KKVAPOW,499.35,2026-07-23,0.0,-4.99,-14.25,-18.67,-24.39,-24.15
WCIL,89.98,2026-07-24,-3.58,-6.73,-14.3,-11.17,-17.21,-20.12
ZEELEARN,8.02,2026-07-24,-4.41,-10.99,-14.41,53.35,23.01,-15.58
MEDPLUS,720.55,2026-07-24,-10.08,-12.32,-14.42,-20.26,-7.07,-18.78
RIIL,729.55,2026-07-24,-6.58,-8.26,-14.44,-4.93,5.44,-21.04
LIBAS,10.04,2026-07-24,-2.81,-9.55,-14.48,-17.09,-0.79,-25.68
KHAICHEM,47.95,2026-07-24,-2.0,-7.56,-14.49,-14.45,-15.99,-57.44
SANSTAR,108.97,2026-07-24,-0.06,-4.01,-14.49,23.93,17.63,17.74
BLACKROSE,95.98,2026-07-24,-1.28,-10.28,-14.51,14.19,,
SAIFL,5.0,2026-07-23,-1.96,-0.99,-14.53,-50.25,-53.7,-83.79
SAKUMA,1.64,2026-07-24,-2.96,-7.34,-14.58,-15.03,-16.33,-42.86
AAREYDRUGS,77.5,2026-07-24,1.96,-4.53,-14.6,-12.26,12.69,15.55
VARDMNPOLY,6.01,2026-07-24,-5.35,-9.76,-14.63,-13.9,-0.83,-44.04
MMTC,61.52,2026-07-24,-3.36,-5.28,-14.65,-5.93,-3.62,-10.43
CPEDU,186.47,2026-07-24,-0.55,-3.93,-14.72,-2.82,-8.71,
INOXWIND,76.97,2026-07-24,-2.84,-5.08,-14.76,-23.13,-25.68,-51.73
IL&FSTRANS,2.02,2026-07-24,-5.61,-7.34,-14.77,-16.18,-24.91,-43.26
SCI,275.1,2026-07-24,-1.98,-3.88,-14.86,-4.58,38.16,30.5
KIRLOSENG,2182.5,2026-07-24,-1.76,-10.41,-14.87,37.17,99.81,133.52
GANGAFORGE,1.67,2026-07-24,-13.02,-20.48,-14.89,-42.01,-50.59,-56.05
OSWALAGRO,37.42,2026-07-24,-4.78,-8.64,-14.95,-24.68,-23.69,-54.08
SHRENIK,0.34,2026-07-24,-5.56,-2.86,-15.0,-12.82,-12.82,-42.37
JISLJALEQS,30.37,2026-07-24,-1.07,-5.77,-15.07,-3.16,-11.59,-41.75
HBLENGINE,698.6,2026-07-24,-4.39,-8.82,-15.13,-12.49,-0.81,19.21
JAICORPLTD,100.33,2026-07-24,-6.36,-10.15,-15.24,-11.79,-7.2,-1.46
GTLINFRA,1.22,2026-07-24,-2.4,-6.87,-15.28,1.67,19.61,-24.22
VISHWAS,45.65,2026-07-23,-4.9,-9.15,-15.31,11.34,3.87,-22.69
RNBDENIMS,9.27,2026-07-24,-3.34,-7.02,-15.34,-30.67,-80.01,
RSSOFTWARE,31.26,2026-07-24,-5.64,-9.02,-15.35,-30.49,-19.99,-63.75
PRECWIRE,372.5,2026-07-24,2.08,-3.78,-15.55,-4.52,73.6,99.24
KRIDHANINF,2.44,2026-07-24,-3.17,-10.29,-15.57,-4.31,-31.27,-46.02
FMNL,9.21,2026-07-24,-1.71,-7.9,-15.58,5.74,19.15,-33.65
PRESSTONIC,25.25,2026-07-23,-0.98,-3.26,-15.69,-47.4,-36.74,-73.29
SOLEX,938.0,2026-07-24,-4.47,-6.84,-15.75,-25.15,-8.55,-35.98
UMA,15.5,2026-07-23,-4.62,-12.43,-15.76,-17.33,-19.69,-42.38
CMRGREEN,218.05,2026-07-24,0.76,-4.91,-15.79,,,
CCCL,15.88,2026-07-24,-1.06,-8.74,-15.8,-10.99,-1.98,-5.81
MKPL,4.13,2026-07-24,-3.73,-10.22,-15.89,-21.78,-24.91,-41.75
REFRACTORY,26.9,2026-07-23,0.19,3.26,-15.94,-34.47,-43.13,-51.96
CADSYS,59.2,2026-07-23,-9.69,-11.64,-15.97,-2.63,22.06,-8.85
MADHUCON,5.31,2026-07-24,2.31,-8.45,-15.98,6.2,4.73,-23.93
MSPL,35.37,2026-07-24,-3.1,-10.84,-16.01,1.35,23.37,7.8
KALPATARU,266.35,2026-07-24,-2.15,-6.51,-16.11,-18.07,-20.08,-35.7
K2INFRA,58.0,2026-07-23,1.67,-4.29,-16.12,15.08,-5.31,-8.01
TFL,10.41,2026-07-24,-2.8,-8.28,-16.18,-15.98,-25.0,-41.19
BHARATCOAL,34.99,2026-07-24,-6.07,-6.77,-16.25,3.77,-4.27,
AIROLAM,85.88,2026-07-24,-4.48,-1.32,-16.28,0.19,-4.15,-23.82
GOCOLORS,324.15,2026-07-24,-5.87,-5.74,-16.34,15.68,-14.49,-62.53
GENESYS,297.7,2026-07-24,-7.3,-13.4,-16.39,13.74,-3.53,-51.38
JIWANRAM,5.05,2026-07-23,-1.94,-2.88,-16.53,-1.94,-11.4,-41.95
DEN,27.16,2026-07-24,0.56,-9.77,-16.53,-2.27,-2.76,-28.94
SWSOLAR,207.93,2026-07-24,-3.04,-12.25,-16.54,-2.52,12.43,-30.57
BANG,28.1,2026-07-24,-2.12,-2.87,-16.59,-27.69,-35.49,-49.27
BROOKS,64.06,2026-07-24,-5.45,-8.29,-16.59,-5.15,-2.23,-58.7
ALKALI,71.11,2026-07-24,-16.29,-15.35,-16.64,7.0,2.46,-25.45
APARINDS,13889.0,2026-07-24,0.04,0.3,-16.66,20.44,97.48,52.76
ISHAN,0.5,2026-07-23,0.0,-9.09,-16.67,-23.08,-28.57,-50.0
EMKAY,239.5,2026-07-24,-1.24,-9.54,-16.78,6.76,-14.83,-4.36
GICL,16.72,2026-07-24,-0.12,-7.32,-16.82,-58.7,-63.77,-86.11
DELPHIFX,6.87,2026-07-24,0.0,-22.46,-16.83,-47.11,-54.29,-48.85
TIMKEN,3127.0,2026-07-24,-0.08,-1.52,-16.84,-11.1,3.19,-10.1
FRACTAL,786.75,2026-07-24,-6.57,-7.87,-16.88,-16.96,,
NEUEON,16.44,2026-07-23,10.19,27.15,-16.89,-11.52,93.87,214.94
MFML,18.75,2026-07-24,3.31,-5.68,-17.04,-24.7,-19.73,-40.83
GLOBALE,10.9,2026-07-24,-2.5,-1.09,-17.11,-22.7,-5.13,-18.23
MODISONLTD,276.3,2026-07-24,-6.69,-5.92,-17.17,93.59,87.54,55.41
WALCHANNAG,237.1,2026-07-24,-5.29,-7.69,-17.34,8.17,55.92,14.06
SABAR,5.0,2026-07-23,6.38,14.94,-17.36,-7.41,-4.76,5.26
OWAIS,99.0,2026-07-23,0.71,-6.34,-17.36,-50.66,-60.12,-79.81
VCL,0.99,2026-07-24,-10.0,-21.43,-17.5,-31.25,-55.0,-10.0
VIPCLOTHNG,21.37,2026-07-24,-2.15,-9.68,-17.59,-7.25,-17.11,-47.25
PATANJALI,340.95,2026-07-24,0.52,-16.61,-17.68,-26.35,-33.09,-45.7
GVT&D,4157.4,2026-07-24,-6.47,-8.14,-17.72,-9.59,53.26,65.21
TIGERLOGS,31.4,2026-07-24,-2.3,-4.85,-17.84,-2.7,7.61,
AGSTRA,2.21,2026-07-23,0.0,-4.74,-17.84,-22.73,-41.38,-56.84
PRAXIS,6.93,2026-07-24,-5.97,-7.1,-17.89,0.58,-10.0,-42.73
NAGAFERT,2.75,2026-07-23,0.0,-4.84,-17.91,-30.73,-40.99,-56.07
TCC,271.95,2026-07-24,-4.46,-19.04,-17.91,-31.02,,
OSWALPUMPS,359.15,2026-07-24,-7.82,-11.97,-17.98,-10.16,-10.04,-52.61
NETWEB,4156.0,2026-07-24,-0.53,-5.55,-18.09,8.66,34.06,111.48
SARTELE,118.1,2026-07-23,-2.76,-8.41,-18.1,-25.04,-46.62,-46.48
SADBHIN,2.26,2026-07-24,-4.24,-14.72,-18.12,-20.42,-32.54,-50.66
POKARNA,926.5,2026-07-24,-4.61,-8.35,-18.13,2.65,28.6,-9.75
REGENCERAM,33.94,2026-07-24,-5.96,-13.62,-18.22,-23.58,-26.47,-32.75
LEMERITE,20.5,2026-07-24,-2.19,-10.56,-18.23,-77.56,-77.71,-69.22
TPHQ,0.4,2026-07-24,-6.98,-11.11,-18.37,-29.82,-36.51,-50.62
JETKNIT,62.45,2026-07-23,0.0,-9.69,-18.42,-29.99,-29.99,-43.2
GENSOL,18.35,2026-07-23,0.0,-4.97,-18.44,-24.67,-20.32,-62.34
RELINFRA,63.19,2026-07-23,0.0,-4.89,-18.44,-23.67,-55.21,-83.32
BOHRAIND,12.62,2026-07-24,-3.81,-8.22,-18.48,-30.66,-17.03,-61.69
SASKEN,1821.0,2026-07-24,-3.83,-11.66,-18.62,44.66,47.48,23.9
VIVIANA,697.45,2026-07-24,-0.78,-12.02,-18.85,-14.88,16.95,-39.97
CAPACITE,212.75,2026-07-24,-4.12,-8.71,-18.91,-14.9,-1.5,-34.06
GODIGIT,256.2,2026-07-24,-8.79,-15.53,-18.99,-19.96,-22.74,-28.52
RBA,65.16,2026-07-24,-2.38,-10.21,-19.01,2.73,1.75,-22.49
PATELENG,28.02,2026-07-24,-7.06,-11.13,-19.09,1.16,0.0,-27.97
VLEGOV,10.49,2026-07-24,-7.58,-10.27,-19.18,-30.8,-32.15,-78.72
KALAMANDIR,88.43,2026-07-24,-3.12,-13.18,-19.28,-16.13,-23.59,-51.13
BLUECHIP,1.91,2026-07-24,-6.83,-15.11,-19.41,-7.28,-25.68,-61.02
FOCUS,72.23,2026-07-24,-4.04,-12.01,-19.46,-6.86,7.13,-27.74
ENSER,12.8,2026-07-23,1.19,-8.57,-19.5,-20.0,-14.67,-24.48
GVPIL,800.7,2026-07-24,-3.83,-0.94,-19.53,50.78,184.04,176.53
ESSENTIA,1.11,2026-07-24,-4.31,-7.5,-19.57,-16.54,-12.6,-47.14
POLYSIL,116.1,2026-07-23,-3.61,1.31,-19.68,-29.59,-49.46,14.22
VEDPOWER,35.01,2026-07-24,-8.61,-15.5,-19.72,,,
MANAV,31.4,2026-07-23,0.0,-4.99,-20.0,-25.42,13.97,84.71
CEREBRAINT,2.99,2026-07-24,-0.99,-5.97,-20.05,-35.0,-45.64,-66.89
PRUDMOULI,12.92,2026-07-24,-3.22,-13.0,-20.25,-25.01,-35.37,-71.77
COOLCAPS,20.6,2026-07-23,-2.14,-10.04,-20.31,-26.43,-69.39,-74.1
QUADFUTURE,361.05,2026-07-24,-11.56,-17.05,-20.46,16.37,23.14,-22.28
CIFL,20.05,2026-07-24,-4.3,-9.85,-20.56,-26.04,-38.25,-46.04
ELECON,421.65,2026-07-24,-7.33,-16.01,-20.57,-17.53,12.76,-28.12
TEJASNET,495.4,2026-07-24,-8.83,-10.94,-20.61,20.54,62.93,-20.35
DUGLOBAL,27.5,2026-07-23,1.29,-14.2,-20.63,-39.76,-9.39,-38.96
KHFM,46.7,2026-07-23,-4.6,-9.93,-20.65,-10.19,-38.59,-44.7
PANACEABIO,441.2,2026-07-24,-19.61,-18.67,-20.65,19.71,21.18,1.62
HYBRIDFIN,18.14,2026-07-24,0.5,-1.2,-20.68,-8.98,-4.73,12.95
KPITTECH,583.2,2026-07-24,3.92,1.7,-20.77,-17.81,-47.55,-53.12
BBOX,778.45,2026-07-24,-7.07,-13.39,-21.09,41.51,62.33,51.99
KIRLPNU,1497.1,2026-07-24,-12.97,-15.36,-21.23,12.45,41.25,15.64
MEGAFLEX,100.0,2026-07-23,0.0,-4.76,-21.23,-34.28,-0.99,65.29
SONUINFRA,40.05,2026-07-23,-6.32,-7.51,-21.32,-35.66,-42.74,-67.96
ORCHASP,1.58,2026-07-24,-4.82,-18.56,-21.39,-22.93,-40.6,-46.44
DPWIRES,165.18,2026-07-24,-4.81,-6.67,-21.51,-11.0,-1.87,-26.74
PALREDTEC,45.51,2026-07-24,-6.26,-15.25,-21.53,15.39,24.48,-25.32
BANDHANBNK,165.93,2026-07-24,-21.49,-22.15,-21.64,-5.0,11.12,-9.07
KREBSBIO,51.9,2026-07-24,-4.42,-5.5,-21.67,-12.52,-17.22,-35.12
MAKS,18.05,2026-07-23,0.0,-17.39,-21.69,-30.58,-38.81,-40.82
HCC,21.43,2026-07-24,-5.59,-9.84,-21.73,6.88,17.94,-22.86
RMC,268.05,2026-07-24,-4.05,-8.98,-21.82,-44.05,,
DHANLAXMI,23.5,2026-07-23,0.64,-6.0,-21.93,-17.54,-9.79,-49.24
TCIFINANCE,15.19,2026-07-24,-1.56,-4.59,-22.1,5.78,-30.83,6.9
AKSHOPTFBR,5.77,2026-07-24,3.96,-5.56,-22.13,-7.23,5.48,-31.23
SHANTHALA,18.05,2026-07-23,-23.03,-21.01,-22.2,-30.71,-44.2,-43.06
SUPREMEPWR,200.2,2026-07-23,-8.31,-8.88,-22.43,-14.88,39.12,-6.71
GRANDOAK,37.48,2026-07-24,-11.94,-13.82,-22.51,24.93,,
CEWATER,298.35,2026-07-24,-4.16,-10.32,-22.73,-8.85,-23.68,-51.77
SLONE,116.5,2026-07-23,-2.67,-8.27,-22.95,-43.45,-52.25,-61.61
SHYAMTEL,15.88,2026-07-24,2.12,-5.59,-24.38,-14.76,51.24,4.13
GLFL,5.01,2026-07-24,-5.29,-13.47,-24.43,-27.91,11.09,-25.78
JALAN,1.7,2026-07-23,-5.56,-8.11,-24.44,-10.53,-52.11,-76.55
GUJENERGY,265.45,2026-07-24,-2.28,-7.49,-24.77,-30.85,-34.45,-43.32
SHUBHLAXMI,21.55,2026-07-23,8.02,-7.31,-25.04,-7.71,-37.63,32.62
MTARTECH,5805.0,2026-07-24,1.06,-13.95,-25.36,12.96,141.85,282.76
KOTYARK,31.82,2026-07-24,-7.93,-7.53,-26.51,-17.46,79.96,53.32
MEP,0.55,2026-07-24,-6.78,-12.7,-26.67,-42.71,-63.33,-70.43
GALLANTT,521.2,2026-07-24,-15.96,-25.64,-27.08,-37.11,-2.71,-19.01
FLEXITUFF,4.58,2026-07-24,-8.03,-9.49,-28.1,-29.97,-57.87,-87.08
TAKE,20.79,2026-07-24,4.05,-7.19,-28.43,-55.06,-45.63,93.22
PARSVNATH,1.95,2026-07-24,-7.14,-15.22,-31.82,-75.53,-77.99,-90.16
ROLLT,2.17,2026-07-24,3.33,-2.25,-32.82,24.0,73.6,34.78
GIRIRAJ,90.25,2026-07-23,-18.62,-31.26,-33.64,-52.25,-47.51,-70.07
EUROTEXIND,12.2,2026-07-24,-4.84,-15.92,-35.11,-21.59,-2.01,-15.51
AQYLON,26.25,2026-07-24,-17.37,-33.29,-36.94,-44.77,-87.04,-96.92
HARDWYN,15.82,2026-07-24,1.35,-34.41,-37.22,-38.4,-1.98,6.89
KSHITIJPOL,2.86,2026-07-24,20.68,-5.92,-37.42,0.35,35.55,-10.06
GSLSU,28.01,2026-07-24,9.97,-23.2,-37.66,-53.0,-65.23,-76.64
TRIVENI,248.7,2026-07-24,-47.12,-47.88,-40.64,-40.44,-24.54,-32.51
ELITECON,15.51,2026-07-24,-13.21,-22.37,-44.59,-60.43,,
TICL,9.72,2026-07-24,-0.51,-20.98,-46.97,-58.53,-55.0,-70.6
NATIONSTD,320.2,2026-07-24,-18.5,-36.91,-75.35,-77.2,,
VMARCIND,280.6,2026-07-23,-1.54,1.87,-82.73,-69.75,-54.33,-39.05
HEALTHADD,16.4,2026-07-24,-1.32,-0.3,-89.83,-88.85,-88.53,-88.97
MIDQ50ADD,24.65,2026-07-24,-1.2,-1.12,-90.14,-89.65,-89.49,-90.25
PSUBANK,83.49,2026-07-24,-3.45,-1.37,-90.33,-90.48,-90.49,-88.25
