ticker,last_close,last_date,1W,2W,1M,3M,6M,12M
NV20,11798.8,2026-09-03,84600.64,84600.64,82640.53,83877.22,78821.74,7928.58
MBECL,246.57,2026-09-03,277.02,277.02,277.02,277.02,277.02,277.02
PVP,64.9,2026-09-03,-5.23,33.57,139.48,115.61,138.25,199.22
DSKULKARNI,19.42,2026-09-03,6.06,14.64,115.06,43.32,43.32,43.32
BODALCHEM,150.76,2026-09-03,26.81,81.84,103.81,107.03,224.98,129.19
MOREPENLAB,117.45,2026-09-03,9.6,23.35,103.73,158.7,181.59,135.04
CALSOFT,43.13,2026-09-03,15.72,47.65,97.75,86.39,260.62,173.84
NIRAJISPAT,408.2,2026-09-03,14.96,88.98,88.99,96.81,46.05,-6.9
KALYANIFRG,1125.25,2026-09-03,23.07,65.53,88.76,86.63,86.72,66.21
ESCONET,239.1,2026-09-02,20.97,27.08,82.73,93.06,107.01,33.58
TIJARIA,9.09,2026-09-03,46.38,54.86,82.53,98.47,107.06,31.36
VIVO,159.0,2026-09-02,-0.62,-0.62,77.65,94.38,119.01,134.69
IMPEXFERRO,4.63,2026-09-03,5.71,16.04,76.72,120.48,170.76,121.53
MODISONLTD,494.65,2026-09-03,8.94,24.66,75.53,51.89,277.99,212.24
BIRLACABLE,358.65,2026-09-03,15.75,32.34,67.59,60.8,154.22,128.83
PAR,164.95,2026-09-03,40.56,62.59,66.46,87.89,79.24,61.68
AKSHARCHEM,424.0,2026-09-03,15.74,33.17,65.92,85.84,107.24,55.88
ICDSLTD,64.96,2026-09-03,58.36,58.44,63.83,49.68,60.0,26.75
VALIANTLAB,100.93,2026-09-03,4.76,0.41,63.48,35.33,78.99,16.16
INDSWFTLAB,372.7,2026-09-03,2.15,13.88,63.01,137.22,171.59,263.36
SYNCOMF,21.36,2026-09-03,9.59,24.33,61.94,45.5,73.52,24.04
ROLLT,4.17,2026-09-03,5.3,9.16,61.63,87.0,211.19,272.32
MANAV,37.9,2026-09-02,5.28,21.28,61.28,-12.67,-15.78,148.52
AKI,6.57,2026-09-03,58.31,58.31,61.03,34.91,34.08,-29.73
SHAHALLOYS,106.84,2026-09-03,-0.79,36.33,58.42,56.98,70.05,74.78
VIJIFIN,16.26,2026-09-03,6.0,16.81,56.2,327.89,685.51,363.25
KENNAMET,4532.2,2026-09-03,3.1,7.09,55.88,57.63,85.51,85.51
WELCORP,2641.6,2026-09-03,10.48,9.65,54.0,87.49,224.14,210.93
SHILPAMED,956.15,2026-09-03,0.72,11.73,53.34,85.52,195.52,126.73
TBZ,437.15,2026-09-03,43.98,53.79,52.99,147.99,211.28,136.06
DOLPHIN,619.6,2026-09-03,6.23,0.51,52.82,55.11,56.66,44.46
ALLCARGO,12.51,2026-09-03,4.69,-6.15,52.56,40.56,55.4,-61.03
SBCL,1155.9,2026-09-03,8.03,15.65,51.71,60.0,165.77,126.83
RPEL,1885.2,2026-09-03,6.44,13.4,51.35,90.07,175.42,199.3
NEPHROCARE,97.0,2026-09-02,-4.76,6.01,50.97,40.89,32.79,-41.5
ENTERO,1848.0,2026-09-03,2.11,20.8,49.85,63.92,80.31,57.1
MARINE,430.4,2026-09-03,7.37,12.41,49.57,70.49,129.96,149.55
OMAXE,127.29,2026-09-03,1.41,25.08,49.09,66.98,61.93,42.99
SUDEEPPHRM,1292.8,2026-09-03,6.87,14.29,49.01,69.38,117.11,
MANAKSTEEL,111.91,2026-09-03,12.45,28.07,48.8,69.28,101.64,89.01
AVADHSUGAR,831.1,2026-09-03,-2.83,-0.13,48.76,80.64,118.98,85.68
VCL,1.66,2026-09-03,-13.54,-25.56,48.21,19.42,-18.23,46.9
CYBERMEDIA,23.88,2026-09-03,30.07,36.15,47.5,40.47,75.72,44.38
PCCL,416.85,2026-09-02,3.69,19.42,46.26,43.27,89.48,133.27
ARIES,496.6,2026-09-03,4.67,8.18,45.76,50.08,48.59,16.94
COMSYN,302.7,2026-09-03,1.88,4.68,45.03,97.84,97.47,101.98
MANINDS,793.4,2026-09-03,5.37,10.49,44.62,59.91,78.98,92.41
KOHINOOR,33.52,2026-09-03,-1.3,-8.09,44.17,35.0,36.7,-2.7
PRABHA,220.97,2026-09-03,8.0,3.26,43.69,36.26,34.31,-10.52
CORDSCABLE,302.9,2026-09-03,7.23,19.54,43.15,39.12,81.1,71.95
DCG,74.65,2026-09-02,31.2,34.63,43.14,27.06,26.1,8.98
UFLEX,686.7,2026-09-03,5.79,10.9,42.4,57.35,49.41,26.48
PLAZACABLE,62.62,2026-09-03,10.73,23.27,42.29,33.49,74.14,11.25
SALSTEEL,82.04,2026-09-03,4.11,6.46,42.21,32.05,72.75,355.02
STYLEBAAZA,394.85,2026-09-03,-1.5,-0.49,42.01,20.07,34.78,15.08
QMSMEDI,159.07,2026-09-03,1.18,8.8,41.65,87.03,84.97,70.06
TNPETRO,137.81,2026-09-03,14.11,18.45,40.84,57.44,51.34,32.21
YUKEN,1010.05,2026-09-03,2.12,8.42,40.79,45.72,34.42,1.54
SHANTIGEAR,582.8,2026-09-03,10.9,6.16,40.43,32.32,29.87,2.78
SETL,391.15,2026-09-03,5.86,25.23,40.42,182.89,219.31,113.08
SUPREMEENG,2.98,2026-09-03,5.3,15.5,39.91,217.02,210.42,175.93
NATCAPSUQ,226.98,2026-09-03,6.87,37.83,39.83,45.01,45.98,9.6
TFCILTD,146.71,2026-09-03,4.85,13.24,39.63,94.28,111.16,119.07
MENONBE,308.55,2026-09-03,7.5,18.24,39.56,119.44,176.09,146.42
RATNAVEER,286.1,2026-09-03,-6.51,5.87,39.03,70.63,95.42,96.66
MOLDTECH,207.31,2026-09-03,5.78,7.07,38.96,74.34,60.56,21.94
RBA,97.89,2026-09-03,-0.21,-8.04,38.34,43.93,54.69,20.2
SUBEXLTD,17.69,2026-09-03,-4.27,-3.07,37.67,64.56,102.17,36.81
UGARSUGAR,58.56,2026-09-03,5.34,0.95,37.59,45.88,66.01,24.68
TOTAL,70.31,2026-09-03,2.43,-1.87,37.51,36.49,13.61,-1.51
BLISSGVS,639.35,2026-09-03,3.66,13.18,37.07,45.71,199.46,304.63
KIRIINDUS,578.95,2026-09-03,9.05,15.24,36.03,46.79,33.15,8.53
UNITEDPOLY,40.41,2026-09-03,7.5,5.26,35.92,19.88,69.08,27.6
MEP,0.72,2026-09-03,-1.37,5.88,35.85,-19.1,-27.27,-52.63
MANYAVAR,568.2,2026-09-03,4.21,6.41,35.69,42.58,51.84,-23.34
DYCL,544.3,2026-09-03,10.36,25.5,35.25,65.65,87.37,26.02
HAPPYFORGE,2294.4,2026-09-03,-4.88,4.72,35.03,63.84,77.7,155.11
KABRAEXTRU,564.8,2026-09-03,-5.91,-7.58,34.93,139.12,129.36,106.09
SURAKSHA,339.6,2026-09-03,0.31,5.11,34.71,16.6,27.31,12.02
MANALIPETC,89.73,2026-09-03,9.76,19.78,34.65,39.9,67.28,22.6
AMBEY,25.85,2026-09-02,-5.31,17.23,34.64,,,
GICL,24.0,2026-09-03,0.67,0.46,34.6,-25.44,-49.72,-81.04
MMP,395.95,2026-09-03,0.64,0.47,34.38,50.21,63.76,40.66
GKSL,171.51,2026-09-03,8.45,12.44,34.26,29.36,55.35,
EMIL,176.16,2026-09-03,-2.46,-3.99,34.11,58.19,83.21,34.68
ABMINTLLTD,57.0,2026-09-03,3.3,-2.35,34.09,30.82,46.08,26.67
MACPOWER,1944.1,2026-09-03,-2.27,-0.98,33.36,105.01,95.47,132.94
MAWANASUG,146.27,2026-09-03,-1.9,-3.01,33.14,57.18,93.22,61.43
RAMBHAJO,244.26,2026-09-03,1.64,14.74,32.92,,,
OAL,502.3,2026-09-03,8.28,48.39,32.76,61.78,95.55,48.21
MAXESTATES,530.7,2026-09-03,3.55,-3.36,32.56,17.91,32.13,19.97
SEL,299.9,2026-09-02,-2.76,-0.2,32.49,49.95,73.35,22.38
PTCIL,23820.0,2026-09-03,7.71,9.91,32.47,25.91,32.27,73.81
BHAGERIA,290.15,2026-09-03,15.75,29.92,32.14,87.79,92.13,47.63
TVSSRICHAK,5249.0,2026-09-03,-4.9,6.95,31.62,32.25,36.89,79.61
PRIZOR,1153.85,2026-09-02,4.03,13.09,31.57,58.89,211.94,271.85
FROG,259.15,2026-09-02,4.41,17.77,31.55,57.11,86.57,9.81
VIVIMEDLAB,6.54,2026-09-03,-5.63,-0.15,31.33,2.35,-9.17,32.12
ABSMARINE,289.6,2026-09-02,6.35,11.45,31.31,3.06,78.0,59.82
HATSUN,1160.8,2026-09-03,-2.49,11.13,31.19,26.99,28.37,30.3
TPHQ,0.55,2026-09-03,0.0,-6.78,30.95,10.0,-1.79,-25.68
SETUINFRA,0.55,2026-09-03,12.24,22.22,30.95,10.0,30.95,-28.57
LANCORHOL,34.75,2026-09-03,4.14,6.53,30.93,45.82,51.42,36.79
UCAL,148.08,2026-09-03,-1.21,4.92,30.46,52.6,44.57,10.06
RAMRAT,560.8,2026-09-03,-0.51,15.43,30.43,40.99,71.37,55.52
AVTNPL,91.64,2026-09-03,-0.46,5.15,30.42,31.33,47.12,25.59
IVP,206.25,2026-09-03,2.65,13.65,30.35,20.25,59.67,24.7
PRESSTONIC,33.8,2026-09-02,-0.59,-5.45,30.25,2.58,-34.43,-60.54
TDPOWERSYS,722.55,2026-09-03,-7.01,-7.38,30.04,12.46,62.56,162.68
ORIENTBELL,412.65,2026-09-03,5.7,8.68,29.93,24.67,37.96,38.31
SABAR,8.25,2026-09-02,4.43,13.79,29.92,54.21,51.38,-9.34
WINDLAS,1127.1,2026-09-03,13.37,13.65,29.88,40.92,51.14,15.9
SAROJA,38.95,2026-09-02,-4.88,7.89,29.83,19.85,21.53,-18.0
WELSPUNLIV,200.61,2026-09-03,2.24,5.35,29.74,37.89,61.4,75.4
ARCHIDPLY,105.99,2026-09-03,0.06,-4.95,29.57,37.72,33.57,7.88
IOLCP,196.43,2026-09-03,1.41,16.18,29.49,49.98,175.23,96.44
CYIENT,1111.3,2026-09-03,-5.41,22.25,29.44,22.62,23.55,-6.4
FMGOETZE,613.7,2026-09-03,-1.78,26.97,29.35,45.25,56.06,9.61
MARC,148.6,2026-09-02,1.09,4.17,28.94,83.34,144.21,
NEWJAISA,18.05,2026-09-02,0.56,6.49,28.93,-4.24,10.06,-45.05
GIPCL,208.04,2026-09-03,4.35,16.62,28.83,20.87,52.24,7.52
ATHERENERG,1638.9,2026-09-03,-4.59,12.79,28.77,60.35,132.47,227.39
PRECWIRE,487.85,2026-09-03,-3.51,13.7,28.69,11.89,51.34,175.73
TARMAT,64.49,2026-09-03,5.12,28.62,28.65,24.21,-8.96,21.29
AARTIPHARM,868.1,2026-09-03,2.69,2.96,28.46,39.6,23.0,-0.79
GULFPETRO,66.82,2026-09-03,-1.18,-5.25,28.42,60.45,116.51,60.14
AVALON,2248.6,2026-09-03,-5.25,6.1,28.36,48.34,127.2,160.48
VPRPL,35.99,2026-09-03,7.59,7.24,28.31,5.14,-14.47,-70.05
PRAENG,25.75,2026-09-03,19.82,36.46,28.3,19.77,25.98,-10.12
HOACFOODS,923.7,2026-09-02,6.06,13.85,28.29,55.24,159.39,331.23
BALUFORGE,570.35,2026-09-03,-9.55,-9.78,28.21,18.06,20.76,-15.15
GEEKAYWIRE,29.39,2026-09-03,11.42,32.33,28.17,26.05,25.89,-18.99
ALMONDZ,17.66,2026-09-03,0.74,24.37,27.97,28.62,16.72,-9.62
KAMATHOTEL,217.66,2026-09-03,-3.3,-3.66,27.92,19.34,18.87,-30.48
BOSCH-HCIL,1777.7,2026-09-03,2.61,5.7,27.87,28.07,30.0,1.74
DCMNVL,182.04,2026-09-03,-5.06,5.93,27.68,21.45,43.21,11.59
CMNL,120.0,2026-09-02,1.69,8.6,27.66,6.19,15.38,-20.0
KWIL,42.31,2026-09-03,-6.77,-13.0,27.59,38.31,51.05,
FINCABLES,1272.9,2026-09-03,2.06,-1.45,27.54,27.72,34.49,49.96
ASIANENE,523.0,2026-09-03,10.92,12.02,27.36,48.28,78.56,37.34
SIGIND,71.14,2026-09-03,0.72,3.78,27.19,44.27,53.48,24.38
RSL,181.56,2026-09-03,2.2,8.73,27.06,40.78,,
MARKSANS,332.2,2026-09-03,3.3,2.56,27.02,37.44,94.42,92.53
GATECH,0.95,2026-09-03,-13.64,2.15,26.67,72.73,102.13,50.79
DIVGIITTS,1235.2,2026-09-03,4.09,1.16,26.61,53.9,84.92,87.2
ASIANHOTNR,383.85,2026-09-03,4.76,27.48,26.54,27.33,37.8,16.16
ROCKINGDCE,237.85,2026-09-02,3.37,6.16,26.52,16.62,28.57,4.11
JUBLCPL,2304.8,2026-09-03,-0.46,8.35,26.48,32.23,28.57,-19.75
DWARKESH,49.32,2026-09-03,-5.91,-10.23,26.46,12.18,36.75,7.59
KMEW,3150.4,2026-09-03,7.73,16.14,26.34,74.97,91.26,257.35
CORDELIA,101.87,2026-09-03,-1.72,-2.39,26.27,,,
INFINIUM,259.95,2026-09-02,-1.16,17.04,26.19,23.79,24.41,-0.59
CLSL,83.15,2026-09-02,-5.83,-1.01,26.18,88.98,80.37,45.88
AYMSYNTEX,317.25,2026-09-03,13.12,27.64,26.09,42.4,58.18,69.87
WELENT,764.75,2026-09-03,11.59,18.04,26.04,48.19,63.57,58.34
BAJAJHIND,22.08,2026-09-03,-1.74,-8.87,26.03,19.48,41.45,2.55
SONAMLTD,67.87,2026-09-03,-12.79,5.37,26.01,15.54,41.04,40.14
DBOL,129.64,2026-09-03,1.89,0.93,25.97,18.26,31.45,48.61
RAYMOND,757.9,2026-09-03,19.95,19.88,25.9,47.18,93.99,23.23
ROLEXRINGS,174.83,2026-09-03,-3.19,-3.51,25.69,26.9,32.94,24.94
AEROFLEX,542.15,2026-09-03,3.19,7.52,25.67,24.92,140.3,201.31
RBZJEWEL,191.68,2026-09-03,27.12,32.51,25.66,52.56,57.23,40.7
ALBERTDAVD,870.15,2026-09-03,-3.09,-2.09,25.64,23.7,27.67,9.41
PREMIERPOL,92.35,2026-09-03,1.95,3.62,25.54,66.7,76.27,95.9
SHIVALIK,313.4,2026-09-03,-2.73,15.42,25.22,29.64,11.85,-31.71
GMMPFAUDLR,1073.5,2026-09-03,2.98,8.51,25.05,40.03,18.04,-8.03
CANARYS,25.3,2026-09-02,3.48,10.96,24.94,14.22,15.26,-17.59
SLONE,174.2,2026-09-02,-0.17,9.94,24.83,10.39,-1.53,-37.84
MANINFRA,124.59,2026-09-03,1.61,9.6,24.81,8.32,22.52,-22.65
UEL,230.1,2026-09-03,15.75,33.65,24.74,62.13,35.08,103.03
ARABIAN,86.25,2026-09-02,-1.99,3.92,24.73,27.78,19.79,15.38
VIPULLTD,14.26,2026-09-03,-5.81,-11.26,24.54,58.97,11.76,32.04
CYIENTDLM,836.55,2026-09-03,-0.77,13.68,24.54,86.13,175.91,90.19
UTTAMSUGAR,299.0,2026-09-03,-4.19,-10.49,24.35,29.6,53.27,11.86
MATRIMONY,529.6,2026-09-03,2.1,1.56,24.33,30.61,34.93,5.72
UCL,254.8,2026-09-02,0.0,0.0,24.32,63.6,240.19,409.6
TIIL,3267.4,2026-09-03,-0.43,-5.05,24.32,34.27,45.4,31.32
ENGINERSIN,281.95,2026-09-03,7.67,10.64,24.32,23.65,33.68,41.37
KRN,1505.9,2026-09-03,-3.04,2.36,24.24,29.84,63.94,70.72
MOL,67.52,2026-09-03,5.6,4.8,24.21,38.47,34.07,-17.86
NILKAMAL,2111.1,2026-09-03,5.23,4.18,24.19,70.52,59.16,37.97
KOPRAN,232.24,2026-09-03,6.62,19.79,24.15,26.71,86.51,39.06
BTML,8.49,2026-09-03,0.59,8.29,24.12,32.24,21.46,-3.08
EIMCOELECO,2280.4,2026-09-03,3.87,1.54,24.08,49.9,48.9,11.21
IFCI,95.91,2026-09-03,6.92,16.28,24.06,19.26,70.23,79.67
AKSHOPTFBR,7.08,2026-09-03,-3.8,-10.04,23.99,9.6,56.98,-14.08
SILKFLEX,261.55,2026-09-02,7.66,18.62,23.96,65.59,97.02,226.94
ELANTAS,12114.0,2026-09-03,4.39,3.65,23.65,24.85,,
LAMBODHARA,137.47,2026-09-03,-2.77,-2.98,23.51,24.73,35.8,8.22
PAUSHAKLTD,806.15,2026-09-03,6.35,4.89,23.49,63.23,86.02,
UNIPARTS,899.9,2026-09-03,0.72,11.35,23.41,45.46,101.81,133.5
SHARDUL,53.77,2026-09-03,3.48,3.25,23.38,97.39,,
MUKKA,28.72,2026-09-03,15.76,11.32,23.31,27.93,31.74,3.27
FCL,48.41,2026-09-03,-4.69,-2.44,23.27,11.19,111.12,102.5
GREENCHEF,63.4,2026-09-02,9.31,17.63,23.23,14.13,40.89,-1.25
SUVEN,378.35,2026-09-03,-3.49,2.33,23.16,37.41,166.46,75.67
AMDIND,58.51,2026-09-03,3.98,9.24,23.13,18.13,45.8,14.05
VILINBIO,49.25,2026-09-02,5.01,14.14,23.12,3.25,42.75,89.42
MAZDA,272.85,2026-09-03,8.35,15.86,23.11,18.09,38.82,-5.78
DHAMPURSUG,177.05,2026-09-03,-1.19,-2.07,23.09,28.25,43.95,29.17
QPOWER,1424.1,2026-09-03,-0.81,8.45,23.0,36.8,71.77,61.43
REMUS,885.3,2026-09-02,-1.57,-4.53,22.96,23.82,45.75,-2.04
INDOCO,272.56,2026-09-03,12.01,24.35,22.91,31.4,35.8,-3.19
SEAMECLTD,1786.6,2026-09-03,6.68,7.95,22.75,10.6,32.78,90.46
VINYAS,1537.45,2026-09-02,-0.52,-4.1,22.73,30.51,50.89,27.52
TURTLEMINT,144.29,2026-09-03,0.12,-2.43,22.73,,,
ALEMBICLTD,109.51,2026-09-03,10.91,19.5,22.67,30.76,26.52,5.94
TCPLPACK,3956.6,2026-09-03,1.24,-0.39,22.65,57.92,49.51,16.74
LUMAXTECH,1985.4,2026-09-03,-4.48,1.07,22.52,12.41,19.71,90.06
PRUDMOULI,16.49,2026-09-03,-0.06,3.06,22.51,7.01,-6.36,-56.89
GLOBECIVIL,48.92,2026-09-03,4.78,16.14,22.51,21.27,1.7,-37.17
MAHASTEEL,1258.2,2026-09-03,-8.36,7.02,22.5,33.04,65.37,225.24
INDOBORAX,512.8,2026-09-03,0.86,2.08,22.47,61.6,126.31,131.5
BRIGADE,712.3,2026-09-03,8.61,8.9,22.46,45.68,40.44,2.27
FOSECOIND,6372.5,2026-09-03,-0.93,18.93,22.44,28.92,19.25,1.27
VARROC,839.15,2026-09-03,-2.65,3.29,22.41,41.65,60.09,46.89
CNL,1243.4,2026-09-03,-2.83,3.43,22.39,97.38,86.95,99.14
SIGACHI,32.55,2026-09-03,-0.21,6.76,22.32,50.62,64.23,2.5
MSTCLTD,744.25,2026-09-03,-0.91,1.87,22.25,66.7,65.3,56.43
SOLARA,629.85,2026-09-03,-0.44,0.12,22.1,16.89,36.52,-6.79
SAPPHIRE,228.76,2026-09-03,-2.41,-8.24,22.02,29.7,16.35,-29.21
STLTECH,713.25,2026-09-03,-2.09,8.31,21.94,14.93,313.6,553.82
SANGANI,54.6,2026-09-02,4.0,-0.46,21.74,17.04,19.47,-23.64
BLUECHIP,2.14,2026-09-02,-1.83,7.54,21.59,-9.7,-19.55,-51.47
GFLLIMITED,58.65,2026-09-03,8.27,5.85,21.53,26.18,32.48,-2.8
KANPRPLA,256.4,2026-09-03,-4.22,-7.09,21.51,36.06,49.96,20.03
PONNIERODE,398.65,2026-09-03,-1.15,-5.5,21.43,32.25,54.27,34.0
ANTELOPUS,1013.3,2026-09-03,29.2,26.88,21.42,16.23,88.29,77.68
URBANCO,177.46,2026-09-03,6.19,5.11,21.39,43.62,72.24,
TRIVENI,280.5,2026-09-03,-5.12,-5.2,21.28,-22.21,-28.75,-22.83
CUPID,279.95,2026-09-03,-0.18,-2.26,21.22,115.68,264.09,675.4
ELLEN,330.45,2026-09-03,2.54,2.82,21.02,31.37,46.04,-35.47
RANASUG,15.15,2026-09-03,-3.13,-4.84,21.01,22.37,39.89,0.26
VSSL,363.95,2026-09-03,2.19,4.58,20.9,35.42,48.14,39.91
RACLGEAR,1558.8,2026-09-03,1.5,2.99,20.72,22.15,12.87,66.23
SUNDRMFAST,1199.1,2026-09-03,-0.4,-1.65,20.72,43.77,42.27,19.27
GHCLTEXTIL,138.02,2026-09-03,2.41,11.12,20.69,44.76,88.85,75.51
JGCHEM,612.2,2026-09-03,-3.33,0.67,20.42,41.57,64.84,30.39
MANORAMA,1966.3,2026-09-03,3.99,2.98,20.41,33.8,41.91,47.12
BIL,915.85,2026-09-03,7.47,9.62,20.37,31.32,26.59,8.49
LYKALABS,76.83,2026-09-03,1.95,2.32,20.35,33.64,26.59,-23.98
UNIVASTU,168.4,2026-09-03,7.09,2.39,20.31,108.67,173.47,94.49
MCX,3170.2,2026-09-03,-6.76,-2.75,20.28,12.15,27.06,106.16
MAHAPEXLTD,54.72,2026-09-03,-3.42,-8.77,20.13,10.99,-36.89,-47.84
APARINDS,17704.0,2026-09-03,0.01,5.98,20.06,30.77,65.55,125.17
AZAD,2766.9,2026-09-03,-3.32,-1.05,19.95,32.33,64.99,72.2
JINDALSAW,310.85,2026-09-03,0.39,8.22,19.88,23.91,75.85,49.68
RAJSREESUG,36.43,2026-09-03,-3.62,-8.19,19.87,7.84,37.94,-22.44
UMAEXPORTS,24.45,2026-09-03,-5.78,0.41,19.74,-4.12,-5.34,-51.39
JYOTICNC,1026.85,2026-09-03,3.21,4.75,19.64,73.25,27.86,14.58
SREEL,258.96,2026-09-03,4.5,3.7,19.64,29.17,29.45,10.28
DOLLEX,36.15,2026-09-02,-0.41,9.05,19.5,14.94,20.5,-9.51
PANACHE,525.0,2026-09-03,-0.94,-4.29,19.44,52.35,62.46,102.48
CGCL,271.7,2026-09-03,5.94,15.95,19.44,34.93,71.44,44.02
NDL,2.83,2026-09-03,0.0,-6.91,19.41,10.12,10.98,-17.97
IVC,10.09,2026-09-03,11.49,24.57,19.41,24.26,40.53,24.93
BALAMINES,2417.8,2026-09-03,4.05,8.69,19.39,14.49,127.72,59.24
SAIL,197.0,2026-09-03,1.03,9.66,19.39,-3.37,18.97,53.82
JALAN,1.85,2026-09-02,-2.63,-5.13,19.35,-7.5,-30.19,-64.76
AEPL,17.09,2026-09-03,13.55,18.02,19.34,5.17,,
SECMARK,148.46,2026-09-03,-9.07,17.83,19.28,14.66,24.23,11.46
JAYSREETEA,99.31,2026-09-03,3.14,-4.23,19.26,15.32,29.07,0.38
BEML,2079.4,2026-09-03,7.4,8.58,19.25,18.49,26.18,1.66
ALPHAGEO,315.0,2026-09-03,7.91,-1.45,19.25,54.0,60.82,30.99
KRONOX,183.37,2026-09-03,3.4,-10.71,19.22,37.11,57.67,9.25
GUJTHEM,425.1,2026-09-03,0.69,3.25,19.21,5.8,43.57,8.24
JINDWORLD,48.15,2026-09-03,25.69,34.87,19.15,64.56,101.63,29.16
APOLLOPIPE,614.55,2026-09-03,-1.99,0.87,19.13,26.51,77.2,52.08
RNBDENIMS,10.81,2026-09-03,4.75,33.29,19.05,4.14,-80.01,
PITTIENG,1105.1,2026-09-03,-0.11,0.62,19.03,17.73,23.69,20.75
DTIL,152.87,2026-09-03,-5.45,9.26,18.96,19.04,15.73,-19.32
KHADIM,115.0,2026-09-03,-1.0,12.91,18.81,15.4,-3.77,-51.6
RGL,137.12,2026-09-03,1.41,3.63,18.72,32.96,21.09,21.58
ATLANTAELE,1886.4,2026-09-03,3.06,3.68,18.66,-7.98,109.87,
AMBALALSA,43.67,2026-09-03,-4.27,-0.55,18.57,22.09,,
ACCENTMIC,602.1,2026-09-02,0.91,2.04,18.5,30.02,74.54,113.89
ANDHRSUGAR,101.29,2026-09-03,1.66,2.02,18.5,27.99,38.15,32.75
RUBICON,1775.7,2026-09-03,-2.41,-0.02,18.43,39.74,129.82,
JTLIND,89.67,2026-09-03,-0.29,12.76,18.41,36.11,60.64,14.28
DHUNINV,1046.25,2026-09-03,5.83,8.09,18.33,30.31,11.77,-27.73
LENSKART,672.45,2026-09-03,1.52,1.92,18.32,30.28,27.88,
TIMEX,649.55,2026-09-03,-4.4,9.12,18.26,49.94,,
ELECTCAST,83.85,2026-09-03,0.49,12.51,18.24,12.42,25.16,-16.02
DEVYANI,138.05,2026-09-03,-0.52,-7.42,18.23,21.74,12.65,-21.21
GILLANDERS,104.73,2026-09-03,-0.75,2.42,18.13,13.74,18.09,-13.14
SAILIFE,1574.8,2026-09-03,7.89,9.67,18.1,38.42,58.06,85.74
KAYA,328.7,2026-09-03,-2.55,-10.52,18.05,44.74,4.85,-19.84
DIFFNKG,477.6,2026-09-03,-1.63,19.36,18.05,46.16,91.49,36.46
QUADFUTURE,425.6,2026-09-03,0.96,-4.85,17.91,32.57,50.18,-9.85
MHLXMIRU,174.89,2026-09-03,-1.91,-7.55,17.91,-1.61,4.81,-20.74
SOTL,737.35,2026-09-03,7.1,8.15,17.88,44.33,104.7,84.87
INNOVACAP,1125.4,2026-09-03,4.39,5.87,17.67,31.32,69.41,23.41
SHREEPUSHK,477.45,2026-09-03,1.48,11.84,17.64,30.92,53.92,46.23
FINKURVE,70.23,2026-09-03,-2.77,-11.8,17.6,15.07,5.06,
SUDARSCHEM,1249.3,2026-09-03,-1.38,1.07,17.47,41.65,46.09,-11.84
OILCOUNTUB,66.32,2026-09-03,3.58,11.61,17.4,19.3,39.42,-19.81
KTKBANK,339.75,2026-09-03,1.37,1.95,17.38,26.96,67.33,100.25
SICAGEN,58.65,2026-09-03,8.53,9.52,17.37,2.04,,
LMW,18993.0,2026-09-03,0.09,-2.89,17.37,19.72,31.3,34.93
ALIVUS,1418.8,2026-09-03,1.29,4.23,17.25,37.16,55.72,51.9
PALREDTEC,53.2,2026-09-03,0.17,-8.73,17.21,10.83,67.93,8.15
WELINV,2187.0,2026-09-03,-1.22,3.01,16.96,17.71,72.45,107.69
BLUSPRING,134.25,2026-09-03,6.21,0.93,16.96,70.39,166.47,69.81
JAIBALAJI,70.85,2026-09-03,-1.82,8.13,16.93,2.8,7.89,-31.66
SINGERIND,75.88,2026-09-03,-0.75,-4.08,16.92,10.0,,
KEL,94.7,2026-09-02,2.93,18.97,16.91,,,
BAHETI,840.9,2026-09-02,-2.43,1.34,16.91,38.04,46.92,49.36
GVPTECH,8.25,2026-09-03,-3.96,12.86,16.86,27.12,21.32,-18.24
WHEELS,1654.4,2026-09-03,6.98,5.96,16.86,11.1,89.82,125.6
DVL,285.8,2026-09-03,4.7,0.77,16.85,19.67,23.01,-15.64
TI,544.25,2026-09-03,-2.99,-5.94,16.84,29.4,26.95,14.11
KOTARISUG,30.53,2026-09-03,-7.43,-22.04,16.84,21.34,27.74,-10.55
NAHARINDUS,137.96,2026-09-03,1.11,-6.53,16.77,15.01,45.74,21.19
SIL,19.52,2026-09-03,1.93,-3.13,16.7,23.55,38.32,10.14
MOTILALOFS,1012.8,2026-09-03,-2.89,2.3,16.69,18.38,41.16,15.88
SAKHTISUG,20.35,2026-09-03,-4.01,-9.15,16.69,17.77,28.8,-10.35
SGMART,815.85,2026-09-03,1.56,0.53,16.68,42.97,72.61,
THEMISMED,124.87,2026-09-03,0.09,3.36,16.64,14.08,51.06,21.69
GODREJAGRO,658.95,2026-09-03,7.09,15.05,16.62,16.51,10.5,-8.84
UMA,17.55,2026-09-02,-5.39,6.69,16.61,-11.14,-5.9,-26.26
PNGSREVA,516.3,2026-09-03,-3.77,-4.57,16.48,37.46,,
KSHINTL,1022.7,2026-09-03,7.99,4.47,16.45,20.43,169.24,
SMVD,17.0,2026-09-02,0.0,0.0,16.44,47.19,83.78,123.68
NEULANDLAB,22890.0,2026-09-03,-0.52,-0.07,16.34,34.96,75.11,59.61
MANGLMCEM,1098.2,2026-09-03,2.47,5.05,16.34,30.69,26.48,40.34
UNIMECH,1465.3,2026-09-03,-1.66,-2.27,16.31,40.52,70.26,41.07
DCBBANK,222.2,2026-09-03,1.83,11.24,16.28,28.32,23.56,78.04
EBGNG,622.1,2026-09-03,1.57,3.12,16.24,41.27,69.74,72.61
AEROENTER,142.86,2026-09-03,3.48,2.9,16.2,45.6,89.79,60.28
PAYTM,1637.0,2026-09-03,-4.66,0.83,16.1,54.04,54.52,27.07
WSTCSTPAPR,656.95,2026-09-03,7.38,7.09,16.04,26.83,62.74,29.16
EDELWEISS,134.76,2026-09-03,5.85,7.46,15.84,20.3,19.69,19.23
AAREYDRUGS,94.44,2026-09-03,7.06,20.92,15.83,23.03,35.55,35.65
VINCOFE,176.48,2026-09-03,-5.0,11.01,15.81,18.59,23.67,19.12
MMFL,641.8,2026-09-03,-1.28,0.94,15.76,47.37,43.69,103.56
PROV,1875.0,2026-09-02,-0.32,3.02,15.74,17.19,56.25,95.31
MAHSEAMLES,653.5,2026-09-03,0.05,4.53,15.65,8.66,19.95,0.1
VMARCIND,321.05,2026-09-02,-10.61,-19.1,15.59,-77.65,-52.86,-32.43
AVONMORE,13.12,2026-09-03,-4.86,-3.39,15.49,28.5,-5.48,-30.95
YATHARTH,962.3,2026-09-03,-3.95,6.03,15.46,18.8,41.35,28.44
GANDHAR,267.4,2026-09-03,3.76,4.2,15.44,71.71,96.35,83.62
UDS,236.61,2026-09-03,5.29,7.01,15.39,31.24,55.4,-5.73
GCSL,586.7,2026-09-03,5.42,14.56,15.32,42.37,59.58,
SIGMAADV,754.8,2026-09-03,-3.47,14.41,15.29,72.76,363.64,439.76
TRUST,32.85,2026-09-02,-4.09,31.4,15.26,8.24,-6.54,-42.44
SOLARINDS,21500.0,2026-09-03,6.92,7.9,15.23,15.8,53.78,50.51
DEEPINDS,744.85,2026-09-03,7.97,9.85,15.15,45.89,103.84,31.84
NAVINFLUOR,8697.0,2026-09-03,0.25,6.23,15.12,23.76,38.9,79.99
FONEBOX,99.0,2026-09-02,-1.0,9.39,15.12,13.79,38.27,15.79
ZIMLAB,128.02,2026-09-03,4.34,3.28,15.09,18.66,86.95,69.23
WAKEFIT,149.64,2026-09-03,1.95,8.58,15.06,28.35,-18.7,
NETWEB,5270.0,2026-09-03,1.57,-3.38,14.99,12.07,42.33,108.69
CHEMBONDCH,259.0,2026-09-03,0.96,-5.44,14.89,48.12,71.2,34.06
KOLTEPATIL,449.55,2026-09-03,0.62,-0.56,14.86,23.28,30.7,-4.88
VISHNU,688.45,2026-09-03,5.57,7.96,14.85,11.94,39.75,41.77
VINDHYATEL,2736.2,2026-09-03,7.92,14.56,14.82,24.77,167.93,81.51
GLOBAL,116.27,2026-09-03,8.64,8.16,14.71,11.27,19.7,83.77
AKUMS,780.55,2026-09-03,0.5,1.32,14.58,45.11,65.29,65.43
ANTHEM,950.7,2026-09-03,6.46,7.62,14.56,27.04,38.66,15.73
BOSCHLTD,47000.0,2026-09-03,-6.0,-2.29,14.55,25.29,33.76,15.11
CUB,234.36,2026-09-03,2.26,10.44,14.52,26.54,13.72,59.31
DICIND,584.0,2026-09-03,1.25,-1.36,14.49,16.57,11.48,-1.29
NRL,124.44,2026-09-03,1.58,3.69,14.46,74.02,136.85,72.93
HINDOILEXP,184.38,2026-09-03,13.77,17.01,14.43,8.64,34.94,5.46
SKFINDUS,3062.8,2026-09-03,2.66,11.45,14.39,33.2,25.04,
TBI,71.15,2026-09-02,1.14,10.48,14.3,3.49,1.28,-19.83
SIGNORIA,162.0,2026-09-02,-2.41,0.0,14.29,158.17,102.88,70.53
SIMBHALS,7.95,2026-09-03,-5.69,-8.52,14.22,10.26,-4.68,-48.34
AIMTRON,1583.45,2026-09-02,-3.2,-5.83,14.21,22.27,111.06,136.11
MARINETRAN,16.1,2026-09-02,0.0,0.0,14.18,1.26,-20.69,3.21
ADOR,1714.6,2026-09-03,0.55,5.49,14.06,52.84,69.67,81.6
MILTON,36.5,2026-09-02,-3.95,-9.09,14.06,-9.88,-23.96,26.3
SILINV,487.5,2026-09-03,-0.26,0.99,14.01,16.77,17.65,-17.64
REMSONSIND,95.05,2026-09-03,-3.48,15.13,13.91,10.28,-13.44,-22.5
GNFC,587.35,2026-09-03,2.19,-0.95,13.81,16.78,33.16,13.17
IPCALAB,1956.1,2026-09-03,-0.95,1.86,13.75,26.26,29.74,45.18
KRBL,424.9,2026-09-03,0.63,-2.95,13.7,21.35,28.56,-6.19
MARSONS,125.53,2026-09-03,-3.63,3.77,13.65,-4.36,,
UNIVCABLES,1626.8,2026-09-03,-1.3,-0.3,13.62,37.22,138.34,127.42
GLAND,2907.9,2026-09-03,0.77,3.79,13.6,31.25,63.24,56.11
PENTAGON,62.4,2026-09-02,22.35,20.0,13.56,9.09,-0.95,18.74
KINGFA,5888.0,2026-09-03,-2.69,2.51,13.55,11.64,37.57,34.44
LGBBROSLTD,1716.2,2026-09-03,1.41,7.12,13.55,13.23,-8.04,28.99
NECLIFE,12.17,2026-09-03,-2.95,13.53,13.53,0.75,4.82,-16.07
KMSUGAR,32.0,2026-09-03,-1.51,-6.02,13.52,20.85,29.14,9.55
SSWL,360.8,2026-09-03,18.04,22.43,13.51,66.11,75.32,60.48
SAHLIBHFI,89.12,2026-09-03,14.7,21.47,13.5,13.75,,
MTARTECH,6820.0,2026-09-03,-3.17,0.12,13.44,-8.68,82.21,369.12
CHENNPETRO,1440.0,2026-09-03,5.31,1.98,13.38,26.31,61.53,116.68
POLICYBZR,1870.0,2026-09-03,-0.27,4.76,13.33,18.47,27.31,2.17
INOXINDIA,2176.2,2026-09-03,1.97,12.09,13.32,47.56,92.87,84.58
SERVICE,70.3,2026-09-02,-1.61,9.5,13.3,32.64,35.19,27.82
SIMPLEXINF,266.95,2026-09-03,-0.7,5.2,13.29,12.54,31.73,-8.52
ATLANTAA,39.86,2026-09-03,3.0,4.89,13.24,-1.94,2.49,18.45
SHEETAL,333.75,2026-09-02,-0.37,-1.04,13.23,12.37,39.06,165.91
GALAXYSURF,2251.6,2026-09-03,-0.18,-2.8,13.21,30.46,17.59,-1.3
STEELCITY,86.47,2026-09-03,3.09,5.18,13.18,13.88,1.1,-13.83
VISHWARAJ,5.93,2026-09-03,-2.47,-12.67,13.17,3.13,6.65,-36.24
AARTISURF,544.25,2026-09-03,4.54,-0.02,13.15,45.08,41.14,12.96
KRITINUT,83.36,2026-09-03,-4.36,-6.0,13.12,-7.03,24.96,-16.71
ANNAPURNA,147.78,2026-09-03,-0.48,-0.15,13.11,7.87,-17.88,-42.25
RATNAMANI,2669.7,2026-09-03,0.75,-1.01,13.06,4.41,12.39,11.69
RISHABH,734.95,2026-09-03,4.18,5.06,13.03,41.15,80.55,64.32
ULTRAMAR,435.15,2026-09-03,-1.74,5.36,12.97,11.58,,
GOLDSTAR,7.85,2026-09-02,4.67,5.37,12.95,-3.09,-4.85,-11.3
VALIANTORG,316.15,2026-09-03,8.77,7.94,12.91,5.19,40.54,-7.04
BANG,34.17,2026-09-03,-1.98,0.38,12.88,-10.69,-15.78,-31.74
RUDRA,20.38,2026-09-03,-1.02,-5.91,12.85,12.41,12.6,
NPST,1718.4,2026-09-03,2.86,10.03,12.83,23.64,59.67,-18.73
ZEEMEDIA,8.11,2026-09-03,-6.24,-12.98,12.8,0.75,0.5,-34.23
THELEELA,566.05,2026-09-03,-0.76,2.97,12.8,33.44,27.94,37.19
RADIOWALLA,31.75,2026-09-02,10.05,24.51,12.79,11.4,-37.13,-45.4
RMDRIP,21.0,2026-09-03,-1.55,14.07,12.78,35.57,-43.29,-51.04
TFL,12.56,2026-09-03,5.28,4.75,12.75,2.61,-7.78,-19.23
PARAGMILK,254.2,2026-09-03,-0.09,5.64,12.74,4.19,24.39,4.1
GPPL,165.43,2026-09-03,1.74,4.31,12.62,9.61,-1.0,13.57
IDEA,14.48,2026-09-03,1.05,2.91,12.6,-2.49,40.72,120.4
BAFNAPH,301.85,2026-09-03,-0.79,18.58,12.55,97.7,179.26,193.14
GUFICBIO,439.35,2026-09-03,5.52,5.13,12.54,21.41,57.77,21.2
VITAL,54.49,2026-09-03,2.7,1.32,12.54,3.79,8.22,-4.4
AUSOMENT,159.95,2026-09-03,6.83,8.3,12.53,33.29,65.24,54.03
HMT,69.07,2026-09-03,12.84,13.29,12.49,24.45,8.04,22.14
NECCLTD,17.63,2026-09-03,8.36,6.27,12.44,16.29,29.16,-18.08
CPS,1150.0,2026-09-02,0.0,5.35,12.41,11.11,2.22,57.36
MARCO,33.7,2026-09-02,-0.88,0.6,12.33,-2.32,8.71,-10.13
SOMANYCERA,569.5,2026-09-03,2.19,3.15,12.33,10.43,48.48,20.82
MANGALAM,30.3,2026-09-03,-4.54,-0.46,12.31,7.29,8.68,-60.22
INDIQUBE,193.09,2026-09-03,0.67,-0.33,12.28,20.65,11.28,-17.86
SINCLAIR,83.85,2026-09-03,1.78,11.33,12.26,12.6,10.36,-15.66
INDIFRA,12.85,2026-09-02,4.9,7.53,12.23,-9.19,-5.51,-14.05
KAMDHENU,38.77,2026-09-03,5.99,12.15,12.21,58.83,71.02,36.11
SHEKHAWATI,15.25,2026-09-03,-7.24,-16.76,12.21,7.62,20.84,-27.28
IRISDOREME,59.98,2026-09-03,2.56,4.13,12.07,62.72,90.41,86.33
INGERRAND,4846.4,2026-09-03,-0.04,4.15,12.0,29.72,24.14,28.07
GIRIRAJ,74.9,2026-09-02,-9.65,-14.55,11.96,-51.65,-41.35,-77.3
DALMIASUG,461.05,2026-09-03,-4.77,-4.1,11.95,39.85,52.47,21.17
JAYNECOIND,98.68,2026-09-03,0.27,-5.32,11.91,1.63,29.96,64.63
DCMSRIND,46.51,2026-09-03,-3.87,-12.34,11.91,24.71,32.74,-70.36
HISARMETAL,162.81,2026-09-03,3.48,9.03,11.9,14.05,1.79,-14.45
NITINSPIN,640.25,2026-09-03,2.05,10.36,11.86,26.08,69.96,91.78
VERTEXPLUS,51.45,2026-09-02,0.0,2.08,11.85,-25.92,-47.58,-45.9
SHIVATEX,182.22,2026-09-03,0.58,7.84,11.81,20.93,20.25,-0.41
HALDER,284.9,2026-09-03,-1.83,-3.94,11.73,13.75,16.29,
SHANTIGOLD,245.05,2026-09-03,-0.66,-9.42,11.64,9.89,21.96,3.73
EXPLEOSOL,898.75,2026-09-03,4.87,1.89,11.63,16.19,34.41,-0.65
CLEAN,852.95,2026-09-03,3.66,2.98,11.62,7.49,14.91,-26.92
OSWALSEEDS,11.92,2026-09-03,1.45,-3.56,11.61,7.1,-4.33,-17.96
VOLTAMP,11182.0,2026-09-03,2.51,-0.97,11.59,20.57,28.24,39.58
LUMAXIND,6380.5,2026-09-03,2.36,9.85,11.59,18.7,8.26,54.49
DUCOL,115.0,2026-09-02,3.51,6.04,11.54,6.53,-9.87,-26.05
COFORGE,1971.8,2026-09-03,-0.68,5.27,11.53,39.41,70.37,14.91
GYFTR,180.23,2026-09-03,3.21,12.22,11.47,,,
TREL,26.94,2026-09-03,0.04,-0.3,11.46,5.28,7.25,-18.61
KDDL,3855.3,2026-09-03,-1.89,0.17,11.32,38.55,57.76,67.1
NIACL,195.33,2026-09-03,2.14,6.11,11.32,33.81,38.18,-0.64
STOVEKRAFT,839.75,2026-09-03,-1.11,2.25,11.28,35.56,69.44,26.78
JMFINANCIL,134.53,2026-09-03,5.11,3.88,11.28,11.35,8.73,-27.21
ENSER,15.3,2026-09-02,3.03,-0.65,11.27,1.32,27.5,-30.45
SUPERSPIN,6.83,2026-09-03,6.39,14.21,11.24,36.06,10.16,-29.73
APLAPOLLO,2159.4,2026-09-03,-2.88,0.67,11.22,19.61,-2.83,28.93
STLNETWORK,27.5,2026-09-03,-2.31,7.38,11.2,-7.56,37.57,
VIJAYA,1505.5,2026-09-03,-0.85,1.56,11.19,17.67,53.76,41.33
SAHYADRI,359.4,2026-09-03,0.9,2.32,11.18,31.47,50.16,37.82
ABINFRA,11.18,2026-09-03,-2.27,-13.6,11.13,5.57,-37.68,-46.8
20MICRONS,217.82,2026-09-03,-0.1,2.14,11.12,15.99,28.78,-5.74
IMAGICAA,54.55,2026-09-03,-3.09,10.14,11.12,22.78,31.67,-4.48
BANARISUG,3874.7,2026-09-03,-1.3,-3.08,11.11,7.61,7.59,5.39
ISHAN,0.5,2026-09-02,0.0,0.0,11.11,-16.67,-16.67,-41.18
KHAICHEM,54.83,2026-09-03,-1.3,1.61,11.1,1.92,-3.63,-56.21
WINDMACHIN,312.1,2026-09-03,1.51,-1.59,11.05,11.52,32.22,-3.0
GAYAPROJ,22.18,2026-09-03,2.54,-0.72,11.01,10.35,74.65,158.51
ASKAUTOLTD,632.2,2026-09-03,-4.2,2.73,10.98,45.05,58.59,23.25
CSLFINANCE,243.86,2026-09-03,1.74,8.37,10.96,7.87,-4.27,-16.77
HERITGFOOD,371.55,2026-09-03,2.84,-4.13,10.88,17.24,20.16,-23.7
CAPLIPOINT,2845.0,2026-09-03,13.01,13.98,10.87,44.2,70.4,32.09
REGENCERAM,36.47,2026-09-03,7.33,7.49,10.85,-9.93,-12.56,-23.48
VINSYS,609.0,2026-09-02,0.33,1.5,10.77,55.97,92.2,61.95
PGIL,2329.0,2026-09-03,-5.47,-1.82,10.73,42.42,56.63,89.5
LAL,9.0,2026-09-03,-1.42,-0.11,10.7,19.84,23.46,-14.93
HARSHA,451.05,2026-09-03,-1.06,1.84,10.67,13.57,26.22,10.99
RUBYMILLS,409.05,2026-09-03,6.43,4.39,10.63,44.03,140.76,84.13
AMANTA,190.23,2026-09-03,0.76,-7.28,10.54,55.51,89.77,
KAPSTON,581.35,2026-09-03,-0.93,13.5,10.54,74.45,117.95,139.59
IGPL,548.85,2026-09-03,2.63,9.54,10.51,26.11,59.69,26.18
KPRMILL,1175.4,2026-09-03,-0.19,5.67,10.5,8.49,35.74,18.55
KPIL,1417.7,2026-09-03,1.2,2.07,10.46,10.97,21.42,12.31
PASUPTAC,66.79,2026-09-03,7.81,9.01,10.41,-0.74,34.28,57.71
GLENMARK,2459.0,2026-09-03,-0.85,2.96,10.38,13.22,15.93,23.1
EPIGRAL,1236.7,2026-09-03,2.78,2.83,10.35,9.42,42.67,-31.09
GLAXO,2937.5,2026-09-03,-3.69,0.2,10.34,34.69,18.94,8.48
SMARTWORKS,531.4,2026-09-03,-1.14,-3.47,10.33,17.85,32.78,-0.7
SHREERAMA,44.52,2026-09-03,7.1,-1.74,10.31,0.61,-13.6,-28.68
KCP,168.17,2026-09-03,0.75,-4.78,10.3,4.67,5.63,-18.05
DURLAX,63.0,2026-09-02,-3.67,-1.56,10.24,10.53,40.94,57.5
EUROTEXIND,13.99,2026-09-03,0.0,-0.07,10.24,-9.8,7.62,-9.57
VERA,86.25,2026-09-02,0.0,0.0,10.22,25.0,23.21,26.84
SPRL,102.5,2026-09-02,0.0,0.0,10.22,29.99,-8.07,-18.78
BLBLIMITED,16.96,2026-09-03,5.41,5.54,10.2,-0.18,-1.57,4.95
SABEVENTS,132.6,2026-09-02,0.0,0.0,10.13,-24.14,-60.06,1.53
JUNIPER,217.69,2026-09-03,1.55,4.1,10.08,12.15,2.98,-24.39
UTLSOLAR,428.5,2026-09-03,-7.06,-6.82,10.07,27.62,135.25,
INDGN,600.15,2026-09-03,-1.88,5.91,10.07,15.93,25.59,9.0
AXISCADES,1730.4,2026-09-03,3.54,11.14,10.01,2.84,20.74,26.42
KRYSTAL,661.95,2026-09-03,5.62,3.37,9.92,13.08,10.18,-4.45
PRINCEPIPE,289.5,2026-09-03,-1.56,1.95,9.91,5.95,18.48,-12.56
MUNJALAU,112.92,2026-09-03,-2.48,0.7,9.87,30.89,45.35,27.36
POLYPLEX,1202.7,2026-09-03,1.7,2.79,9.86,29.74,43.2,17.66
UMIYA-MRO,96.84,2026-09-03,0.73,8.71,9.86,12.47,16.0,18.43
ALKYLAMINE,2003.2,2026-09-03,-0.03,-3.87,9.8,9.67,40.11,-4.47
SANSERA,3789.6,2026-09-03,-5.68,-1.42,9.76,30.01,69.94,191.57
AXITA,8.01,2026-09-03,1.52,0.38,9.73,1.78,-5.76,0.24
PRAJIND,341.6,2026-09-03,-0.67,-3.13,9.67,0.28,13.47,-16.28
EXXARO,6.7,2026-09-03,-6.03,9.12,9.66,3.4,-15.19,-16.67
AGL,13.66,2026-09-03,-1.23,-1.44,9.63,,,
GRAPHITE,721.3,2026-09-03,2.67,0.35,9.63,-0.11,3.08,38.91
AETHER,1654.7,2026-09-03,-2.16,-0.79,9.62,45.23,77.51,118.86
VIAZ,70.1,2026-09-02,-4.63,-4.3,9.53,9.53,8.01,-4.69
VOEPL,545.9,2026-09-03,-1.83,9.57,9.52,,,
MEESHO,209.74,2026-09-03,2.12,2.28,9.48,19.58,34.87,
VRLLOG,297.85,2026-09-03,-1.75,3.26,9.46,26.56,8.33,10.04
SVLL,806.0,2026-09-03,-1.17,3.87,9.45,17.16,46.81,3.6
VAISHALI,8.36,2026-09-03,3.72,2.96,9.42,16.6,23.12,-31.25
CPPLUS,3751.3,2026-09-03,5.2,9.7,9.41,11.39,115.38,176.42
TMB,942.45,2026-09-03,1.06,7.7,9.39,29.39,42.54,124.61
JINDALPOLY,683.7,2026-09-03,8.29,7.36,9.39,4.96,8.98,14.99
ZENTEC,1810.3,2026-09-03,1.75,-4.89,9.35,7.3,34.63,22.18
CHEMCON,201.29,2026-09-03,0.26,4.33,9.34,9.19,30.57,-2.95
SHIGAN,71.1,2026-09-02,-8.26,5.3,9.32,-5.85,17.0,2.57
PARAS,1411.5,2026-09-03,-1.49,-7.07,9.3,68.28,110.55,112.59
PVRINOX,1247.5,2026-09-03,3.3,1.27,9.3,27.44,22.74,11.21
MODTHREAD,53.39,2026-09-03,-0.35,-1.51,9.29,14.77,39.95,-1.24
GENESYS,222.63,2026-09-03,-2.08,24.69,9.26,-16.73,-22.39,-64.1
MANAKALUCO,37.68,2026-09-03,-2.05,1.13,9.22,7.69,35.54,20.27
TEJASNET,567.45,2026-09-03,1.38,11.42,9.21,-0.32,17.07,-7.34
SAKAR,1006.95,2026-09-03,16.63,11.95,9.15,23.88,92.15,196.34
E2E,592.7,2026-09-03,-4.21,-3.3,9.15,44.27,141.23,124.22
PCJEWELLER,10.52,2026-09-03,-4.28,-5.4,9.13,15.48,12.39,-22.42
JKIPL,105.66,2026-09-03,-0.48,1.21,9.12,16.79,81.95,
TEAMGTY,243.68,2026-09-03,0.67,5.94,9.04,-4.63,-6.83,-9.58
PIRAMALFIN,2232.9,2026-09-03,-2.93,2.23,9.04,16.42,24.68,
ASPINWALL,257.55,2026-09-03,-2.28,-0.84,9.04,8.65,24.72,-2.41
CTE,41.03,2026-09-03,-9.57,-21.1,8.98,25.63,50.07,-1.08
BALRAMCHIN,704.35,2026-09-03,1.56,1.27,8.9,32.91,53.7,26.83
KANORICHEM,155.68,2026-09-03,-2.14,0.65,8.89,61.58,133.82,84.78
LICHSGFIN,554.0,2026-09-03,2.9,12.74,8.89,4.41,7.04,1.44
USASEEDS,93.45,2026-09-02,-2.66,-3.56,8.85,-6.32,-14.46,-60.81
HFCL,220.42,2026-09-03,-11.51,-7.55,8.84,10.54,226.55,207.95
INDIGOPNTS,1183.1,2026-09-03,2.62,3.55,8.8,22.64,28.84,3.52
CGRAPHICS,147.3,2026-09-02,1.87,-6.48,8.79,2.29,0.03,-39.52
EMUDHRA,519.85,2026-09-03,-5.11,-4.94,8.79,11.64,20.97,-28.18
EPL,246.55,2026-09-03,-5.92,-6.43,8.76,16.88,16.62,7.47
KODYTECH,1542.65,2026-09-02,3.57,6.14,8.73,85.86,85.4,111.84
WONDERLA,525.25,2026-09-03,-2.23,2.6,8.7,11.24,11.87,-18.31
RENUKA,24.27,2026-09-03,-2.53,-4.71,8.69,12.94,3.36,-25.39
MODIRUBBER,131.83,2026-09-03,1.76,1.9,8.62,5.54,17.86,13.14
UNIONBANK,189.0,2026-09-03,0.2,2.94,8.62,16.72,-1.79,51.47
BECTORFOOD,229.41,2026-09-03,1.1,-10.84,8.59,34.2,14.45,-16.01
TRIGYN,59.6,2026-09-03,-1.91,13.07,8.58,3.51,16.68,-21.96
IDBI,91.97,2026-09-03,1.2,4.59,8.57,25.28,-19.88,1.49
SAHANA,916.9,2026-09-02,-1.21,2.69,8.57,12.61,-8.17,-23.18
CRAFTSMAN,11220.0,2026-09-03,0.19,5.86,8.53,26.24,46.51,62.87
SBFC,99.9,2026-09-03,1.09,8.32,8.49,7.57,6.53,-7.33
ESTER,94.03,2026-09-03,2.51,-0.11,8.49,1.74,-6.41,-20.48
MAHABANK,86.32,2026-09-03,5.18,6.96,8.48,9.96,21.75,68.44
VERTOZ,38.63,2026-09-03,1.1,0.6,8.48,-9.88,-13.96,-50.96
INDORAMA,68.87,2026-09-03,4.48,10.0,8.47,57.31,98.82,28.73
UNICHEMLAB,547.95,2026-09-03,-1.55,7.48,8.45,47.22,66.25,9.33
CHALET,890.75,2026-09-03,-1.46,2.44,8.43,15.2,13.54,-12.91
ORIENTLTD,83.77,2026-09-03,1.89,1.54,8.43,42.25,30.38,-4.57
OIL,490.0,2026-09-03,1.42,2.73,8.41,-0.19,0.4,24.99
COHANCE,460.85,2026-09-03,1.07,2.7,8.35,8.49,52.0,-49.08
CGPOWER,895.0,2026-09-03,-2.29,1.99,8.34,-1.28,25.73,22.32
MAFANG,207.08,2026-09-03,-1.37,0.59,8.32,-0.62,33.95,30.06
COUNCODOS,6.52,2026-09-03,-2.25,-3.69,8.31,33.88,25.87,-11.65
ACMESOLAR,401.9,2026-09-03,-0.01,-1.77,8.3,22.14,73.02,34.74
SKMEGGPROD,262.4,2026-09-03,-2.05,2.18,8.28,7.76,60.21,43.04
ESABINDIA,6077.5,2026-09-03,-0.69,-2.36,8.25,2.75,12.73,20.52
ELGIEQUIP,630.35,2026-09-03,0.48,1.35,8.2,5.34,21.76,29.01
MARATHON,434.95,2026-09-03,5.3,2.87,8.13,3.2,3.61,-28.55
VENUSREM,1701.9,2026-09-03,2.3,0.89,8.13,15.59,162.93,265.88
QGOLDHALF,126.98,2026-09-03,-0.63,-4.83,8.1,-0.79,-8.52,44.39
MEDICAMEQ,259.4,2026-09-03,-0.79,11.08,8.07,-2.37,-12.29,-25.78
SAMBHV,129.64,2026-09-03,1.35,-1.17,8.07,22.73,33.4,2.59
BALAJITELE,91.31,2026-09-03,-0.64,-4.59,8.01,2.21,-8.88,-13.63
BLSE,323.65,2026-09-03,-1.3,2.75,7.96,43.83,130.42,84.57
IVZINGOLD,133.3,2026-09-03,-0.45,-4.89,7.94,-0.67,-99.08,-98.56
SHADOWFAX,259.9,2026-09-03,0.55,-0.17,7.94,33.06,115.52,
HBSL,54.5,2026-09-03,1.79,0.96,7.92,2.64,2.85,-29.28
MOTISONS,15.37,2026-09-03,-5.36,-6.62,7.86,29.49,1.86,-21.5
VMART,839.1,2026-09-03,-0.99,-2.04,7.86,22.67,51.64,12.31
RADIANTCMS,39.87,2026-09-03,0.43,11.81,7.84,4.67,11.56,-30.03
VGUARD,339.25,2026-09-03,-2.05,2.32,7.8,13.36,9.39,-4.88
DIVISLAB,9250.0,2026-09-03,-2.29,8.87,7.75,41.23,45.05,50.68
MAITHANALL,1038.5,2026-09-03,6.35,4.48,7.74,-3.02,5.68,-3.64
NAZARA,365.8,2026-09-03,-1.85,5.13,7.73,34.61,42.06,28.8
GOLDCASE,24.03,2026-09-03,-0.78,-5.13,7.71,-1.15,-8.84,43.72
GOLDBETA,128.5,2026-09-03,-1.12,-5.17,7.71,-1.15,-8.57,44.06
SYSTANGO,232.25,2026-09-02,4.08,7.42,7.7,1.49,-1.46,2.79
EGOLD,152.6,2026-09-03,-0.97,-5.1,7.69,-1.17,-8.65,43.29
RBLBANK,408.1,2026-09-03,7.3,5.18,7.69,17.51,30.66,52.09
INTLCONV,79.44,2026-09-03,-0.05,3.63,7.69,-1.51,3.64,-13.13
TTL,6.86,2026-09-03,3.31,8.89,7.69,-6.28,-25.92,-36.95
GOLD1,127.48,2026-09-03,-0.93,-5.21,7.68,-1.02,-8.62,43.75
GOLDADD,14.84,2026-09-03,-0.87,-5.1,7.68,-0.99,-8.8,44.11
BESTAGRO,20.34,2026-09-03,18.53,14.85,7.68,24.71,31.57,-23.13
GOLDIETF,130.75,2026-09-03,-0.74,-5.05,7.67,-1.1,-8.92,43.74
GROWWGOLD,14.91,2026-09-03,-0.6,-5.15,7.65,-1.06,-9.09,-85.67
JMA,92.24,2026-09-03,-0.46,3.69,7.65,8.63,6.41,5.72
GOLDBEES,126.23,2026-09-03,-0.86,-5.1,7.65,-1.1,-8.74,43.64
PROZONER,46.42,2026-09-03,3.34,11.27,7.63,-9.88,-0.66,5.48
PPLPHARMA,214.49,2026-09-03,0.04,1.58,7.63,28.43,40.36,6.63
BBNPPGOLD,147.5,2026-09-03,-0.64,-5.48,7.62,-1.37,-9.06,43.41
AONEGOLD,14.28,2026-09-03,-0.49,-4.93,7.61,-0.63,-8.01,
BSLGOLDETF,134.18,2026-09-03,-1.21,-5.09,7.61,-1.29,-8.7,43.43
SETFGOLD,130.22,2026-09-03,-0.94,-5.17,7.59,-1.12,-8.79,43.62
LICMFGOLD,137.5,2026-09-03,-1.01,-4.88,7.59,-1.15,-99.09,-98.57
GOLDBND,152.71,2026-09-03,-0.44,-4.97,7.58,-0.85,-8.95,
HDFCGOLD,130.37,2026-09-03,-1.1,-5.21,7.57,-1.18,-8.64,43.66
CRISIL,4759.7,2026-09-03,-1.29,6.29,7.57,22.69,11.56,-4.51
PKTEA,751.75,2026-09-03,0.77,-2.41,7.55,-4.08,-1.73,-5.19
TATAGOLD,14.82,2026-09-03,-0.94,-5.06,7.55,-1.07,-8.46,43.6
LOKESHMACH,360.3,2026-09-03,4.36,12.52,7.52,43.35,97.47,78.45
GENUSPOWER,339.7,2026-09-03,1.34,0.03,7.5,8.41,32.08,0.75
BALAXI,25.8,2026-09-03,15.49,13.11,7.5,3.24,36.65,-44.06
SPAL,1062.8,2026-09-03,1.19,12.9,7.49,25.94,51.7,46.27
TWCGOLDETF,152.19,2026-09-03,-0.89,-4.99,7.49,-0.59,-9.65,
GOLDETF,148.23,2026-09-03,-1.3,-5.05,7.49,-1.27,-8.4,43.56
HINDZINC,587.95,2026-09-03,-1.26,-2.66,7.49,-3.7,-3.07,34.66
BEPL,129.74,2026-09-03,7.14,3.58,7.47,39.59,64.3,27.12
JKPAPER,410.15,2026-09-03,3.51,4.28,7.44,16.73,20.08,6.24
TREJHARA,145.99,2026-09-03,-0.52,-6.54,7.39,4.84,-20.39,-24.75
SILLYMONKS,16.24,2026-09-03,1.5,2.27,7.34,-2.75,-4.41,5.11
YASHOPTICS,121.1,2026-09-02,-2.93,4.76,7.31,-4.34,13.92,-5.76
TBOTEK,1733.7,2026-09-03,-0.65,1.77,7.29,45.21,47.47,8.97
STEL,606.95,2026-09-03,-8.2,-1.72,7.28,23.75,18.96,24.22
ASAHIINDIA,962.25,2026-09-03,1.07,0.01,7.27,6.5,13.09,15.06
QUESS,366.55,2026-09-03,-3.98,8.25,7.25,75.29,95.53,42.12
SKYGOLD,742.0,2026-09-03,-8.07,-7.02,7.25,31.74,114.82,154.81
DMCC,295.5,2026-09-03,1.35,2.93,7.23,13.47,34.73,-7.47
DYNAMATECH,11532.0,2026-09-03,-3.63,-0.94,7.22,10.2,11.96,72.31
LINCOLN,622.65,2026-09-03,2.62,1.7,7.21,5.61,0.58,12.46
OFSS,12149.0,2026-09-03,-3.12,5.48,7.21,21.52,82.49,50.86
ARVIND,567.0,2026-09-03,2.04,6.63,7.19,16.9,64.66,95.58
KSL,950.2,2026-09-03,4.45,8.41,7.19,13.25,31.63,13.74
ICIL,437.35,2026-09-03,-6.84,1.61,7.17,27.4,67.21,78.78
ORIENTCER,43.94,2026-09-03,-2.07,-0.9,7.17,10.04,18.44,11.77
VENKEYS,1677.1,2026-09-03,-1.46,6.92,7.16,16.11,29.15,10.79
DELAPLEX,101.25,2026-09-02,-6.51,19.82,7.14,-2.55,-5.33,-23.0
ANANDRATHI,2205.3,2026-09-03,0.05,1.73,7.12,23.53,40.36,51.28
IRMENERGY,283.85,2026-09-03,-0.33,0.67,7.11,8.55,25.03,5.26
BATLIBOI,88.39,2026-09-03,2.4,0.9,7.07,15.28,,
REDINGTON,372.45,2026-09-03,4.11,2.01,7.07,57.12,44.81,60.41
NORTHARC,304.6,2026-09-03,-2.26,7.12,7.01,3.94,22.67,27.44
GROBTEA,980.0,2026-09-03,-1.67,2.68,6.98,8.06,4.78,-3.81
GENCON,42.36,2026-09-03,-10.31,1.9,6.92,7.54,-6.68,0.59
SHAILY,3267.1,2026-09-03,-0.16,-0.05,6.91,6.4,67.73,48.82
SAGILITY,46.8,2026-09-03,-0.53,8.26,6.9,16.89,20.77,5.61
SYRMA,1452.8,2026-09-03,1.1,-0.49,6.89,21.67,86.12,84.08
ARROWGREEN,777.4,2026-09-03,10.77,12.54,6.86,40.86,96.21,37.68
SHERA,176.3,2026-09-02,0.14,0.92,6.85,8.83,51.27,28.12
LTFOODS,442.55,2026-09-03,-0.9,-3.58,6.82,16.45,16.68,-0.81
EMKAY,257.75,2026-09-03,0.22,4.77,6.8,-12.72,14.61,20.13
HTMEDIA,26.56,2026-09-03,0.8,-2.46,6.8,18.04,27.63,2.71
AFCONS,294.7,2026-09-03,3.17,5.76,6.79,-8.33,4.38,-31.66
GEOJITFSL,82.77,2026-09-03,-0.66,-0.25,6.77,16.21,36.63,9.2
VIVIANA,766.4,2026-09-03,5.34,5.42,6.76,-12.58,20.62,-36.91
SILVERADD,22.19,2026-09-03,-1.38,-5.12,6.75,-10.87,-20.02,85.66
ARVSMART,639.0,2026-09-03,-3.99,-7.72,6.75,9.4,24.22,4.06
AXISGOLD,125.91,2026-09-01,-1.46,-6.25,6.74,,,
CARTRADE,2992.2,2026-09-03,0.02,-4.66,6.74,52.53,68.53,15.84
SILVERIETF,229.94,2026-09-03,-1.39,-5.01,6.72,-10.84,-19.68,86.16
TASTYBITE,10052.0,2026-09-03,-0.86,-0.56,6.71,30.41,42.89,5.36
AKIKO,379.1,2026-09-02,-3.39,-6.94,6.71,42.09,82.61,125.65
RKFORGE,726.85,2026-09-03,-2.25,-0.23,6.71,30.99,30.93,26.26
SILVERAG,224.43,2026-09-03,-1.18,-4.9,6.7,-10.64,-19.46,85.88
SANDESH,1050.9,2026-09-03,0.02,1.62,6.69,11.37,8.4,-15.56
DTL,128.0,2026-09-02,2.4,-5.19,6.67,-1.54,13.27,-13.78
CMRSL,66.4,2026-09-02,2.15,1.3,6.64,-0.93,0.82,-20.56
THANGAMAYL,5295.0,2026-09-03,-2.16,-3.61,6.64,10.74,38.04,138.14
GANESHBE,121.18,2026-09-03,5.19,-0.66,6.63,28.87,53.68,24.13
GROWWSLVR,22.55,2026-09-03,-1.36,-5.05,6.62,-10.76,-20.04,-81.48
SILVERCASE,23.3,2026-09-03,-1.77,-5.25,6.59,-11.1,-19.79,85.64
SHEMAROO,125.74,2026-09-03,0.59,-0.61,6.57,11.83,26.95,11.62
SBISILVER,225.5,2026-09-03,-1.3,-4.99,6.54,-10.8,-19.86,84.96
SILVER,229.64,2026-09-03,-1.51,-5.13,6.54,-10.88,-19.59,85.75
VOGL,37.54,2026-09-03,-3.02,-5.42,6.53,,,
JINDRILL,649.9,2026-09-03,4.92,3.17,6.51,3.64,24.67,3.58
SILVERBEES,219.88,2026-09-03,-1.49,-5.14,6.51,-10.9,-19.94,84.84
SILVERBETA,221.96,2026-09-03,-1.41,-5.19,6.5,-10.93,-20.1,84.8
BOROLTD,248.63,2026-09-03,1.13,-2.13,6.49,11.32,8.66,-27.99
TIGERLOGS,29.22,2026-09-03,3.4,-0.95,6.49,-8.83,-2.7,
TATSILV,22.34,2026-09-03,-1.24,-4.94,6.48,-10.75,-19.81,85.55
GSPCROP,625.9,2026-09-03,-2.13,0.59,6.47,43.69,,
GLOBALE,11.38,2026-09-03,-1.04,-3.23,6.45,-18.66,2.89,-19.63
VISL,36.07,2026-09-03,-2.06,-2.7,6.43,,,
HNDFDS,626.9,2026-09-03,-4.76,-1.95,6.43,16.81,29.9,18.1
HDFCSILVER,220.08,2026-09-03,-1.31,-5.02,6.43,-10.82,-20.31,84.69
SUPERHOUSE,168.74,2026-09-03,-1.09,0.52,6.41,10.38,14.26,10.89
GOKUL,41.95,2026-09-03,0.72,-5.43,6.39,3.66,14.68,4.69
ESILVER,229.84,2026-09-03,-1.56,-5.07,6.38,-10.8,-19.64,85.34
SILVER1,22.28,2026-09-03,-1.59,-5.35,6.35,-10.92,-20.09,-76.68
HEG,707.45,2026-09-03,-2.93,-2.12,6.34,28.64,24.32,45.12
MANOMAY,226.83,2026-09-03,1.68,5.62,6.34,30.38,4.6,36.36
HPAL,35.4,2026-09-03,1.14,2.61,6.31,-0.62,0.94,-21.29
KSR,31.54,2026-09-03,10.32,9.51,6.3,-5.63,0.96,
ANLON,645.0,2026-09-02,3.2,-3.01,6.27,0.55,70.63,45.34
BVCL,43.14,2026-09-03,-3.79,3.63,6.23,5.63,6.62,-8.97
SILVERBND,230.37,2026-09-03,-1.68,-5.12,6.22,-10.79,-19.92,
ONDOOR,286.05,2026-09-02,-4.97,-1.53,6.22,66.26,93.15,75.49
NUCLEUS,740.0,2026-09-03,-0.59,0.28,6.22,3.49,-2.15,-26.81
KRISHIVAL,413.5,2026-09-03,0.62,1.22,6.2,3.36,31.21,-7.86
CENTEXT,21.24,2026-09-03,-4.37,-4.92,6.2,8.59,14.56,-3.23
LPDC,6.69,2026-09-03,-3.6,-7.72,6.19,-1.62,16.55,-16.27
AONESILVER,8.79,2026-09-03,-1.46,-4.97,6.16,-11.2,-19.52,
ARVEE,165.0,2026-09-03,-2.07,0.35,6.15,4.03,7.14,1.68
ORTEL,1.9,2026-09-02,0.0,-5.0,6.15,18.75,21.02,25.83
MAHICKRA,291.5,2026-09-02,-1.85,2.3,6.14,21.53,54.53,94.45
BIRLANU,1423.5,2026-09-03,-1.18,-5.28,6.13,4.75,-4.04,-25.81
HOLMARC,107.0,2026-09-02,4.85,-0.37,6.07,4.11,15.59,-10.59
HAVISHA,1.4,2026-09-03,6.87,0.0,6.06,-6.04,-2.1,-31.37
KSHITIJPOL,3.15,2026-09-03,5.35,11.31,6.06,-41.99,19.77,0.64
DCI,357.65,2026-09-03,-4.01,-6.86,6.06,29.61,47.03,39.87
AHCL,15.6,2026-09-03,-1.64,1.1,6.05,13.7,39.84,70.06
KEI,5327.0,2026-09-03,-7.2,-3.04,6.05,2.01,2.32,32.62
HCC,23.13,2026-09-03,-2.94,2.71,6.05,-1.62,38.42,-17.75
BLKASHYAP,57.6,2026-09-03,3.45,9.84,6.04,7.64,13.81,-17.05
TARSONS,336.5,2026-09-03,1.46,-2.98,6.02,62.97,73.68,5.78
FALCONTECH,12.35,2026-09-02,-3.14,-3.52,6.01,-10.83,-20.58,-28.2
ARIHANTACA,477.0,2026-09-02,-0.62,2.58,6.0,3.7,2.13,23.42
SALONA,262.9,2026-09-03,-1.17,-2.04,5.98,-7.9,-2.41,6.65
KOTAKBANK,421.15,2026-09-03,0.42,4.91,5.95,10.73,2.12,7.61
MAGADSUGAR,566.7,2026-09-03,-4.76,-5.71,5.94,29.72,29.37,0.82
PARADEEP,153.53,2026-09-03,-4.07,2.76,5.94,21.59,34.04,-27.23
URAVIDEF,120.59,2026-09-03,6.42,12.53,5.92,4.13,-14.39,-69.3
MONTECARLO,564.45,2026-09-03,6.44,2.62,5.9,2.09,3.35,-3.14
LGEINDIA,1662.3,2026-09-03,-2.09,-0.11,5.89,9.49,4.39,
ARTNIRMAN,40.43,2026-09-03,1.08,-0.54,5.89,-5.65,2.41,-15.65
LOYALTEX,211.82,2026-09-03,-2.83,0.87,5.88,-0.11,-0.86,-30.57
TCL,125.7,2026-09-02,-3.68,-10.21,5.85,30.73,35.16,11.93
AARNAV,32.22,2026-09-03,0.59,-1.26,5.85,27.5,20.81,
ARTEMISMED,319.85,2026-09-03,0.76,-2.75,5.84,19.39,39.31,42.72
STYL,387.05,2026-09-03,0.32,-0.1,5.83,41.35,61.39,
PANAMAPET,484.55,2026-09-03,2.8,0.27,5.82,44.34,78.96,60.79
AGARWALEYE,511.45,2026-09-03,-0.34,2.74,5.82,10.17,14.11,21.28
TEXMOPIPES,45.49,2026-09-03,-0.24,-3.44,5.82,7.59,8.72,-21.28
AEQUS,247.23,2026-09-03,1.18,-3.45,5.81,34.76,76.67,
PIXTRANS,1799.4,2026-09-03,-1.06,0.55,5.78,10.76,24.57,25.97
BLACKBUCK,582.4,2026-09-03,-1.92,-3.64,5.7,14.22,1.71,-1.18
MOHITIND,23.72,2026-09-03,-1.5,2.42,5.66,6.65,-1.98,-22.31
WOMANCART,108.5,2026-09-02,-4.19,-14.03,5.65,-0.37,-32.61,-56.82
LATTEYS,20.98,2026-09-03,-3.36,-9.1,5.64,-9.02,-0.94,3.5
SPIC,71.13,2026-09-03,5.0,2.64,5.63,0.72,5.41,-40.95
MOTOGENFIN,27.97,2026-09-03,-0.25,7.78,5.63,4.84,41.26,5.55
SEDEMAC,2905.9,2026-09-03,-5.94,-7.78,5.59,21.76,,
HITECHCORP,337.0,2026-09-03,0.72,1.31,5.58,14.75,155.25,68.51
SENORES,1430.4,2026-09-03,-0.17,-5.63,5.54,36.87,86.74,100.7
WORTHPERI,153.99,2026-09-03,-1.57,-0.86,5.52,19.48,12.67,1.17
VHL,3607.1,2026-09-03,1.63,5.81,5.47,7.08,16.27,-5.48
CDSL,1394.0,2026-09-03,-0.61,0.64,5.43,15.47,14.53,-7.37
TATATECH,805.1,2026-09-03,-3.12,0.95,5.41,11.82,40.84,19.37
AGI,742.2,2026-09-03,-4.37,0.07,5.39,21.6,39.89,-15.71
ZUARIIND,273.2,2026-09-03,0.55,-4.34,5.34,6.2,6.45,-14.23
EMMBI,90.17,2026-09-03,-0.14,10.29,5.33,8.64,0.23,-13.02
AXISILVER,226.12,2026-09-01,-2.55,-6.1,5.31,,,
APCOTEXIND,650.4,2026-09-03,0.63,5.11,5.31,31.87,79.92,62.41
AUROPHARMA,1637.3,2026-09-03,-4.64,1.82,5.31,13.67,35.27,58.21
RETAIL,17.45,2026-09-03,-1.36,2.65,5.31,-17.73,-24.26,-55.11
SHYAMMETL,1076.4,2026-09-03,-1.56,7.53,5.28,10.33,28.88,15.68
SAAKSHI,310.9,2026-09-02,5.6,4.36,5.19,25.31,72.82,79.81
INDIANB,888.75,2026-09-03,-1.11,2.1,5.18,7.05,-7.06,35.37
VIMTALABS,652.25,2026-09-03,1.37,5.91,5.18,27.55,48.97,-19.39
GARFIBRES,800.05,2026-09-03,-1.57,-1.03,5.18,22.59,26.86,4.48
RAJRILTD,22.32,2026-09-03,-4.08,-2.06,5.18,10.28,-0.71,-13.62
AASTHA,80.05,2026-09-03,-4.26,9.64,5.16,,,
TTKHLTCARE,1103.2,2026-09-03,-4.87,-0.84,5.15,21.57,24.83,-5.58
SHIVAUM,450.0,2026-09-03,0.9,1.31,5.13,41.51,63.64,45.63
AMBICAAGAR,26.33,2026-09-03,8.44,5.91,5.11,8.4,6.0,-2.52
VISAKAIND,90.5,2026-09-03,2.23,-2.17,5.1,30.24,53.83,8.09
PNBHOUSING,1145.5,2026-09-03,-0.28,-1.67,5.09,16.26,41.95,45.79
BBTCL,233.77,2026-09-03,5.29,-2.97,5.07,15.52,37.79,15.72
YATRA,113.08,2026-09-03,6.26,-1.93,5.06,17.36,6.22,-27.74
SUDARCOLOR,388.0,2026-09-03,0.71,-3.34,5.06,8.38,16.66,-34.71
CONTROLPR,600.3,2026-09-03,-0.16,0.08,5.05,-2.29,-6.28,-21.62
FELIX,189.7,2026-09-02,9.81,4.84,5.04,1.83,3.97,8.52
JSWDULUX,3167.6,2026-09-03,0.1,1.43,5.04,3.12,11.2,-4.64
BHEL,431.8,2026-09-03,-2.45,4.96,5.02,6.62,65.25,99.66
JNKINDIA,431.45,2026-09-03,-0.53,-4.12,5.01,12.56,83.14,47.12
AKSHAR,0.42,2026-09-03,2.44,2.44,5.0,-6.67,5.0,-25.0
KALYANI,144.99,2026-09-02,0.0,5.0,5.0,5.0,5.0,5.0
NORBTEAEXP,68.55,2026-09-03,0.07,-3.26,4.99,-16.71,-27.51,61.52
FINEORG,5179.5,2026-09-03,-1.96,-1.86,4.98,12.03,16.21,6.74
FEDFINA,157.86,2026-09-03,0.39,-0.75,4.98,0.54,22.6,12.74
GFSTEELS,15.0,2026-09-02,0.0,0.0,4.97,15.65,27.33,54.16
HINDCON,24.28,2026-09-03,3.01,8.98,4.88,7.05,26.2,-26.0
UNOMINDA,1269.0,2026-09-03,-0.55,1.41,4.88,17.21,11.45,-0.88
DONEAR,88.56,2026-09-03,4.64,4.71,4.88,-3.5,5.05,-8.29
VSTL,115.15,2026-09-03,2.95,3.25,4.86,1.51,2.53,-29.1
RAMANEWS,32.35,2026-09-03,3.29,1.63,4.86,11.36,-1.82,7.19
ORIENTHOT,141.96,2026-09-03,2.11,0.13,4.85,41.12,45.05,2.21
PRICOLLTD,768.4,2026-09-03,-4.34,-2.84,4.85,34.54,31.42,57.43
NAUKRI,1330.0,2026-09-03,1.29,-1.41,4.82,32.61,33.61,-1.98
SMLMAH,5726.0,2026-09-03,12.1,10.03,4.8,51.04,26.79,45.94
HONASA,477.05,2026-09-03,-0.8,-2.2,4.76,19.38,63.97,59.08
HINDCOPPER,518.5,2026-09-03,-1.3,-9.69,4.74,-4.93,-9.98,110.51
HCG,703.45,2026-09-03,-4.07,-2.14,4.72,10.82,25.63,1.33
BROOKS,64.15,2026-09-03,-3.59,4.0,4.72,-0.39,2.43,-53.72
FLUOROCHEM,4694.6,2026-09-03,0.02,1.56,4.71,28.87,41.54,38.76
BAJEL,185.69,2026-09-03,-4.34,-3.33,4.7,-6.8,19.99,-8.51
KOVAI,6091.5,2026-09-03,0.28,2.8,4.7,13.74,137.0,137.0
NSLNISP,45.4,2026-09-03,-1.71,13.33,4.68,-13.44,13.9,5.58
AARTECH,49.16,2026-09-03,2.63,3.6,4.68,15.26,18.46,-16.46
GROWWNET,10.79,2026-09-03,-0.46,-0.09,4.66,21.92,25.32,
PURVFLEXI,48.4,2026-09-02,-6.11,-0.21,4.65,-6.92,-7.98,-39.35
AYE,180.61,2026-09-03,0.61,8.03,4.64,14.12,51.49,
ETERNAL,324.8,2026-09-03,-1.01,-0.72,4.61,31.5,33.73,-0.4
ROSSTECH,1116.3,2026-09-03,0.57,5.95,4.61,3.96,54.38,53.01
PRIMESECU,290.2,2026-09-03,1.13,5.13,4.6,4.92,3.51,9.9
AARTIDRUGS,425.85,2026-09-03,3.44,1.14,4.57,12.54,19.19,-12.7
ALPEXSOLAR,866.85,2026-09-02,4.23,0.98,4.56,-15.08,20.04,-29.23
HIKAL,240.36,2026-09-03,19.34,13.38,4.55,27.86,25.1,-10.19
TRANSWORLD,169.0,2026-09-03,-2.42,-11.5,4.54,4.83,29.7,-35.09
TGBHOTELS,9.69,2026-09-03,-1.52,0.31,4.53,6.37,7.07,-17.6
KHAITANLTD,162.41,2026-09-03,16.74,6.89,4.52,26.1,72.79,49.21
MOTHERSON,162.0,2026-09-03,-5.09,-4.14,4.51,11.45,26.53,68.64
ORISSAMINE,4290.3,2026-09-03,-0.56,-4.9,4.48,6.29,7.86,-9.92
ADROITINFO,10.31,2026-09-03,0.1,-0.19,4.46,13.67,7.73,-2.37
AHIMSA,25.8,2026-09-02,0.0,0.0,4.45,4.45,4.03,0.98
VISACHROME,39.53,2026-09-03,-3.63,7.39,4.44,-24.82,5.78,19.79
AMJLAND,39.6,2026-09-03,0.08,2.7,4.42,8.05,2.94,-31.07
AUTOIND,92.75,2026-09-03,6.4,3.2,4.38,19.85,27.05,27.16
VADILALIND,7615.0,2026-09-03,-0.18,3.14,4.35,42.31,52.33,50.84
BEL,408.6,2026-09-03,-1.41,-0.1,4.34,0.63,-9.48,8.5
INDOSTAR,255.88,2026-09-03,2.64,-2.52,4.33,12.95,18.27,-2.32
ANKITMETAL,1.69,2026-09-03,-2.87,-1.74,4.32,9.74,-1.74,-10.58
MANAKSIA,59.12,2026-09-03,0.66,1.76,4.32,-0.61,3.63,-15.58
ASTRAL,1495.2,2026-09-03,-1.77,-2.45,4.32,-2.56,-10.32,5.14
GUJRAFFIA,41.3,2026-09-03,3.15,2.0,4.32,-1.81,11.38,4.58
INTERNET,14.52,2026-09-03,-0.75,-1.09,4.31,22.12,25.44,
ANIKINDS,44.99,2026-09-03,-2.56,-2.11,4.31,2.86,-0.13,-51.85
CLSEL,304.8,2026-09-03,1.38,-2.54,4.28,8.51,17.23,8.02
YASHO,4051.2,2026-09-03,-3.74,-5.97,4.28,80.8,158.66,128.52
UWCSL,105.0,2026-09-02,4.17,4.17,4.27,7.36,6.98,-9.84
GRCL,590.0,2026-09-02,3.15,5.78,4.23,16.52,47.5,47.91
HGM,51.54,2026-09-03,14.28,17.86,4.23,-18.41,-5.29,-34.34
ATL,24.26,2026-09-03,-6.26,-12.07,4.21,0.29,0.58,-15.41
ARFIN,89.09,2026-09-03,2.13,6.12,4.21,-0.95,27.38,147.05
NUVAMA,1839.2,2026-09-03,4.88,5.1,4.16,18.04,53.9,43.52
GANDHITUBE,902.55,2026-09-03,0.18,0.83,4.16,8.91,8.27,6.02
MCL,58.5,2026-09-03,1.46,-0.27,4.15,-3.75,-12.25,23.13
IIFL,643.4,2026-09-03,-0.52,-7.61,4.14,28.99,28.81,48.32
MAITREYA,123.9,2026-09-02,4.73,9.79,4.12,-24.06,-34.08,-50.5
MOALPHA50,56.62,2026-09-03,-0.58,0.41,4.1,9.37,13.74,11.18
SJLOGISTIC,315.0,2026-09-02,-4.02,-11.67,4.05,-5.8,4.15,-20.89
EFACTOR,182.05,2026-09-02,-1.83,-9.83,4.03,0.03,-21.53,-14.94
INDOTECH,3610.7,2026-09-03,-2.5,-6.23,4.03,28.42,141.89,97.66
BSHSL,89.46,2026-09-03,-0.58,1.84,4.02,-4.75,5.66,-36.74
RAMCOSYS,586.55,2026-09-03,1.96,2.89,4.01,30.91,33.05,36.31
NEOGEN,2137.1,2026-09-03,-2.91,0.21,3.99,12.46,54.84,44.66
DIXON,14445.0,2026-09-03,-2.73,-0.86,3.98,28.66,42.3,-18.62
NRBBEARING,451.05,2026-09-03,-4.81,-6.22,3.98,26.22,70.31,60.4
PLATIND,234.45,2026-09-03,-0.36,11.5,3.96,7.07,12.8,-12.01
SANGHVIMOV,453.0,2026-09-03,-0.93,-2.8,3.96,26.59,80.31,40.04
KROSS,211.34,2026-09-03,-0.64,0.83,3.91,10.86,9.17,5.13
VETO,127.97,2026-09-03,2.0,-1.9,3.9,5.25,26.78,11.48
ALPHA,54.27,2026-09-03,-1.09,-0.15,3.89,8.69,13.02,11.32
LIBAS,10.48,2026-09-03,-0.57,5.22,3.87,-14.1,3.97,-11.19
KIRLPNU,759.8,2026-09-03,6.33,4.14,3.85,-3.35,33.31,17.73
SGL,10.26,2026-09-03,-1.25,1.58,3.85,-12.53,-14.07,-23.66
ACE,1145.5,2026-09-03,3.34,-1.68,3.82,32.35,32.36,4.63
BHANDARI,3.0,2026-09-03,0.67,-1.96,3.81,-3.23,11.11,-40.36
JINDALSTEL,1145.0,2026-09-03,-4.02,-0.35,3.8,-5.3,-7.33,11.54
KAJARIACER,1260.6,2026-09-03,1.27,4.56,3.78,13.55,34.74,3.23
REGAAL,89.17,2026-09-03,0.17,-6.16,3.72,4.3,25.1,-19.08
GARUDA,178.88,2026-09-03,4.24,-2.18,3.7,4.82,4.04,-11.01
MAZDOCK,2474.0,2026-09-03,-0.24,-2.6,3.7,1.5,12.16,-8.17
MOSMALL250,18.55,2026-09-03,0.32,0.49,3.69,8.8,18.45,8.86
DOLATALGO,70.05,2026-09-03,-2.74,-6.96,3.69,-6.25,-8.34,-15.52
GUJALKALI,722.85,2026-09-03,3.35,-0.02,3.67,7.77,53.75,24.79
CMRGREEN,230.74,2026-09-03,-0.02,4.22,3.67,,,
CASTROLIND,186.42,2026-09-03,1.05,-0.24,3.66,5.02,6.66,-0.17
SHANKARA,147.09,2026-09-03,0.65,1.56,3.64,27.72,37.8,-85.71
MOLDTKPAC,699.6,2026-09-03,-1.36,-2.32,3.63,-0.97,24.7,-16.23
CAPTRUST,19.76,2026-09-03,1.54,-1.59,3.62,49.81,58.84,-53.66
SCML,83.95,2026-09-02,-2.38,1.88,3.58,10.46,-37.75,-0.06
VEEDOL,1462.8,2026-09-03,-0.67,-0.94,3.58,5.06,10.39,-7.68
DATAPATTNS,4587.3,2026-09-03,1.46,-3.14,3.58,15.21,43.47,80.53
OBCL,54.99,2026-09-03,0.31,0.33,3.56,8.1,-2.1,-3.27
EFCIL,200.84,2026-09-03,-1.93,-0.8,3.55,13.14,-11.73,-40.41
NCC,147.24,2026-09-03,-0.76,-0.07,3.53,1.54,0.1,-29.76
SHREEOSFM,59.0,2026-09-02,0.34,-4.3,3.51,5.36,-21.33,-49.74
SMALLCAP,49.06,2026-09-03,0.14,0.37,3.5,9.68,19.43,8.16
MERCURYEV,36.67,2026-09-03,-5.88,-6.45,3.5,3.56,,
AFSL,208.77,2026-09-03,-1.57,3.86,3.49,3.87,3.81,-7.36
DPEL,577.75,2026-09-02,0.1,-0.03,3.45,15.69,99.29,323.26
SSDL,55.92,2026-09-03,-0.96,-2.68,3.44,-3.98,-6.69,-37.81
KHANDSE,18.11,2026-09-03,6.34,5.84,3.37,-6.94,7.99,-24.0
IKIO,208.31,2026-09-03,-3.33,7.35,3.36,34.29,50.18,-2.06
NEXTMEDIA,4.0,2026-09-03,-19.68,4.99,3.36,-0.74,-24.39,-36.91
SIEMENS,4030.0,2026-09-03,0.0,-2.04,3.33,9.17,21.19,26.09
KRISHANA,186.37,2026-09-03,-2.44,-6.67,3.32,36.61,97.51,60.26
DAMODARIND,28.98,2026-09-03,7.25,4.24,3.32,-6.12,18.87,-20.41
PAKKA,73.64,2026-09-03,-3.35,-9.37,3.31,-11.56,-15.56,-51.04
RITEZONE,18.75,2026-09-02,9.97,7.76,3.31,0.54,-1.32,-26.61
SURANI,103.1,2026-09-02,6.29,6.73,3.31,-22.19,72.26,25.58
COSMOFIRST,940.15,2026-09-03,1.18,3.55,3.31,27.69,37.35,-5.21
MIDHANI,416.9,2026-09-03,0.66,-0.29,3.28,-0.02,21.46,6.95
CPCAP,118.3,2026-09-03,0.87,-0.88,3.26,23.68,32.27,-18.59
ABCOTS,207.46,2026-09-03,-3.38,-0.47,3.26,1.05,-49.42,-49.08
JAGSNPHARM,243.02,2026-09-03,0.91,0.93,3.25,20.31,47.69,-1.13
SPLIL,30.97,2026-09-03,-4.77,2.38,3.23,1.74,9.59,-21.08
ALANKIT,8.02,2026-09-03,-0.87,-1.11,3.22,-7.71,0.75,-42.63
BANKINDIA,145.0,2026-09-03,2.41,2.11,3.2,3.63,-13.1,31.85
SUPREMEPWR,214.75,2026-09-02,-3.79,-7.46,3.2,-12.79,51.29,9.34
FOODSIN,56.06,2026-09-03,1.98,3.43,3.18,-0.5,-1.96,-37.79
RVTH,729.05,2026-09-03,0.39,-0.53,3.17,2.27,19.93,-13.59
ZFCVINDIA,2524.8,2026-09-03,-0.39,-4.73,3.15,4.25,3.28,9.95
LAURUSLABS,1868.5,2026-09-03,-2.43,3.75,3.15,34.01,75.62,114.01
MINDSPACE,500.74,2026-09-02,0.99,0.8,3.14,9.1,12.49,23.52
COCHINSHIP,1486.7,2026-09-03,-1.54,-1.8,3.11,2.13,2.61,-13.95
MWL,39.08,2026-09-03,3.06,-4.19,3.11,2.75,45.21,103.71
AHLADA,37.51,2026-09-03,-3.02,-0.35,3.11,-6.76,-14.48,-33.4
AARTIIND,501.9,2026-09-03,-4.29,-7.59,3.1,8.21,15.93,30.21
USHAMART,515.65,2026-09-03,3.35,5.11,3.07,4.33,23.42,38.17
SUNCLAY,1291.3,2026-09-03,-1.1,2.84,3.06,-2.35,-6.45,-23.68
MITCON,78.0,2026-09-03,-0.94,-2.33,3.04,-11.11,40.59,8.8
DCMFINSERV,5.09,2026-09-03,-4.32,-0.78,3.04,-10.7,20.9,-12.99
SRPL,0.34,2026-09-02,0.0,0.0,3.03,-15.0,-35.85,-48.48
AONETMMQ50,10.28,2026-09-03,-1.06,-1.06,3.01,1.39,6.25,
SRHHYPOLTD,508.9,2026-09-03,1.47,6.71,3.0,-0.51,11.67,-16.62
SBC,43.25,2026-09-03,2.61,8.61,3.0,17.72,36.31,115.93
MODEFENCE,106.05,2026-09-03,-0.51,-0.92,2.98,6.98,18.06,25.62
PNB,116.32,2026-09-03,1.83,0.4,2.94,13.14,-5.04,14.77
SHREMINVIT,101.0,2026-09-02,0.0,1.1,2.94,2.94,9.77,11.87
ANDHRAPAP,63.29,2026-09-03,4.28,4.1,2.93,2.38,-4.7,-19.14
SMSPHARMA,374.15,2026-09-03,0.62,5.66,2.92,4.95,1.0,60.23
ELGIRUBCO,59.08,2026-09-03,0.19,-0.49,2.91,29.02,51.84,-20.76
JHS,7.86,2026-09-03,-2.48,-12.76,2.88,-10.99,-15.03,-29.63
MUFIN,136.92,2026-09-03,0.29,-1.22,2.87,11.79,24.47,58.71
PINELABS,156.5,2026-09-03,-4.59,-0.66,2.85,9.41,-13.75,
ODIGMA,23.47,2026-09-03,4.64,5.86,2.85,14.71,-3.14,-26.68
GTECJAINX,28.85,2026-09-03,3.07,-2.67,2.85,0.1,49.25,10.11
AAATECH,93.17,2026-09-03,-1.71,-1.93,2.84,1.08,-5.6,17.86
AURUM,224.76,2026-09-03,-2.81,-3.19,2.81,24.71,32.59,24.93
METROGLOBL,137.0,2026-09-03,-0.75,-4.38,2.81,9.59,,
ISFT,84.79,2026-09-03,-10.17,-3.0,2.78,-0.34,22.65,-15.8
BASF,3832.4,2026-09-03,1.18,-1.19,2.75,16.46,7.49,-17.37
KRISHCA,164.7,2026-09-02,5.27,-2.8,2.74,-8.3,-2.89,-26.75
JUBLFOOD,482.9,2026-09-03,-2.64,-4.92,2.74,12.02,-4.23,-23.72
CENTUM,3776.1,2026-09-03,9.6,12.4,2.71,5.34,39.5,34.73
ACUTAAS,3201.0,2026-09-03,1.28,0.88,2.71,2.08,46.04,126.9
SPECIALITY,135.67,2026-09-03,-3.21,-7.23,2.69,26.85,36.74,10.13
ABSLAMC,1045.2,2026-09-03,-0.63,4.66,2.69,3.69,22.25,28.54
UFBL,719.2,2026-09-03,-1.15,-14.17,2.68,51.46,190.36,171.86
HOMEFIRST,1201.4,2026-09-03,3.15,0.71,2.67,12.87,10.05,-4.28
MON100,323.86,2026-09-03,-2.51,-1.26,2.67,-4.57,45.27,59.17
ECLERX,1971.7,2026-09-03,-0.26,8.17,2.63,37.06,27.95,-10.49
FEL,0.39,2026-09-03,2.63,-2.5,2.63,-7.14,-7.14,-38.1
ZENITHEXPO,204.1,2026-09-03,-4.77,2.56,2.62,2.25,5.73,-39.07
NEPHROPLUS,706.75,2026-09-03,3.48,2.84,2.61,7.03,21.26,
ORKLAINDIA,588.5,2026-09-03,-1.03,3.19,2.6,-4.97,1.34,
NIRLON,621.6,2026-09-03,-1.71,-0.91,2.6,3.99,,
VMSTMT,45.53,2026-09-03,-0.02,-3.52,2.59,-2.98,3.71,
3PLAND,32.45,2026-09-03,3.05,2.27,2.59,0.75,3.34,-29.16
POLYMED,1768.7,2026-09-03,0.52,2.02,2.57,32.34,34.88,-14.11
RUCHINFRA,6.04,2026-09-03,5.04,4.86,2.55,-3.05,7.66,-19.57
GROWWDEFNC,96.61,2026-09-03,-0.7,-0.49,2.54,6.88,17.95,25.68
SIS,435.85,2026-09-03,1.68,4.26,2.53,3.92,43.02,19.49
CANHLIFE,154.31,2026-09-03,-1.17,-0.25,2.52,14.5,7.87,
MANORG,490.25,2026-09-03,-5.63,2.03,2.52,-0.98,19.33,-14.22
GROWWMOM50,11.02,2026-09-03,-0.9,-0.18,2.51,4.95,6.99,7.02
ANURAS,1240.2,2026-09-03,-1.79,-1.22,2.51,-6.56,1.85,12.15
STARPAPER,154.47,2026-09-03,1.31,5.87,2.5,8.83,13.03,-10.36
MUTHOOTCAP,243.75,2026-09-03,-0.36,-1.88,2.47,23.44,6.64,-12.08
DGCONTENT,24.43,2026-09-03,-3.06,-1.53,2.47,-8.84,-9.11,-35.06
SUTLEJTEX,38.96,2026-09-03,-2.77,1.35,2.45,10.62,27.65,3.1
STAR,1053.6,2026-09-03,2.79,6.04,2.44,-2.1,25.65,18.08
TEXINFRA,116.7,2026-09-03,4.92,4.88,2.43,18.13,27.79,22.88
SELECTIPO,48.72,2026-09-03,-0.37,-0.39,2.42,13.54,17.69,-1.5
NOVAAGRI,23.55,2026-09-03,-7.32,-3.17,2.39,-11.2,-17.02,-54.47
MASPTOP50,79.26,2026-09-03,-1.56,-0.43,2.38,-3.8,13.5,20.79
IRBINVIT,64.3,2026-09-02,-0.85,-0.4,2.37,8.93,10.5,13.05
MALLCOM,998.8,2026-09-03,2.55,3.05,2.35,2.45,-11.58,-22.99
CONCORDBIO,1447.7,2026-09-03,0.11,-5.96,2.34,21.21,21.27,-14.28
MOMENTUM50,54.25,2026-09-03,-1.42,-0.2,2.34,4.89,6.35,6.23
SML100CASE,11.41,2026-09-03,0.62,0.8,2.33,11.75,21.25,
SOUTHBANK,47.7,2026-09-03,4.47,5.62,2.33,10.48,18.64,63.51
AVROIND,8.97,2026-09-03,-0.66,-1.32,2.28,-16.09,-31.97,-38.68
COOLCAPS,22.5,2026-09-02,8.43,8.7,2.27,2.97,-18.33,-72.83
UTKARSHBNK,14.89,2026-09-03,-1.13,1.36,2.27,16.42,12.8,-30.55
SKFINDIA,1540.6,2026-09-03,-0.86,-2.89,2.26,-1.76,-7.16,-65.38
DODLA,1069.9,2026-09-03,-0.99,-6.92,2.26,-2.37,-4.72,-25.11
SIRCA,440.4,2026-09-03,1.25,0.15,2.25,5.46,0.81,-3.91
RADICO,4559.0,2026-09-03,1.65,-0.89,2.24,31.9,75.13,57.44
GEECEE,369.5,2026-09-03,-0.12,0.22,2.23,13.54,29.85,-4.51
PRSMJOHNSN,111.31,2026-09-03,0.08,3.92,2.23,-6.31,-12.06,-25.93
PVTBANKADD,28.38,2026-09-03,0.78,1.72,2.23,7.09,-1.08,6.49
METAL,13.29,2026-09-03,-0.52,-1.34,2.23,-2.64,7.7,36.59
LYPSAGEMS,4.64,2026-09-02,-1.07,-0.22,2.2,,,
OBEROIRLTY,1902.0,2026-09-03,1.82,1.71,2.2,16.29,27.89,15.36
EASTSILK,63.99,2026-09-03,3.63,0.22,2.17,17.41,-13.42,80.66
APOLSINHOT,1233.1,2026-09-03,0.03,2.64,2.15,-5.02,3.27,-11.13
EMMVEE,326.4,2026-09-03,1.45,0.35,2.14,-0.4,75.47,
GREENPLY,293.0,2026-09-03,0.96,0.5,2.13,11.17,39.96,-3.81
SHIVAMILLS,61.58,2026-09-03,-1.3,3.25,2.11,-2.35,12.05,-14.78
DIAMINESQ,244.76,2026-09-03,1.32,2.56,2.1,-1.71,5.4,-35.44
GLOBUSSPR,919.65,2026-09-03,0.26,0.96,2.09,4.54,7.24,-16.63
SIDDHIKA,215.4,2026-09-02,-2.97,-1.19,2.09,-0.1,8.61,15.47
QUADPRO,2.45,2026-09-02,2.08,2.08,2.08,16.67,6.52,-20.97
MOXSH,103.6,2026-09-02,-4.95,-4.95,2.07,-3.99,-8.4,171.2
IDFCFIRSTB,87.5,2026-09-03,1.78,1.87,2.04,22.26,22.26,24.32
LASERPOWER,301.05,2026-09-03,-4.22,-10.0,2.02,,,
NRAIL,496.05,2026-09-03,-2.74,-4.02,2.01,8.05,12.04,25.05
EMULTIMQ,41.77,2026-09-03,-1.0,-1.14,1.98,-0.41,3.44,1.09
MOCAPITAL,53.8,2026-09-03,-1.7,-2.0,1.97,1.24,,
DLF,681.65,2026-09-03,-1.36,-1.07,1.96,18.68,16.94,-9.71
ZYDUSLIFE,1143.0,2026-09-03,-1.58,3.55,1.96,6.26,26.15,13.47
SILGO,71.16,2026-09-03,-2.29,-1.78,1.96,-11.99,-2.95,3.79
SGIL,603.8,2026-09-03,0.13,4.85,1.96,8.24,16.74,15.59
GROWWMETAL,12.48,2026-09-03,-1.11,-1.89,1.96,-2.58,7.31,
VENUSPIPES,1594.8,2026-09-03,-2.94,2.87,1.95,12.36,49.99,24.35
TATACAP,371.85,2026-09-03,1.07,2.03,1.95,20.5,13.33,
SHALPAINTS,81.55,2026-09-03,0.88,-3.78,1.92,69.3,50.96,10.23
SONACOMS,800.0,2026-09-03,-1.61,-1.66,1.91,32.96,55.11,78.87
KIRLOSENG,2267.6,2026-09-03,8.01,9.64,1.91,20.26,61.68,154.77
TAINWALCHM,207.63,2026-09-03,-1.1,-4.8,1.9,9.23,9.86,-0.88
GROWWCAPM,11.33,2026-09-03,-1.48,-1.73,1.89,1.34,18.89,
KRSNAA,550.95,2026-09-03,-0.49,-2.14,1.88,1.84,-12.73,-31.33
MOIPO,48.74,2026-09-03,-0.14,-0.2,1.88,13.93,17.39,
GRASIM,3310.0,2026-09-03,-1.81,0.67,1.85,7.05,19.55,19.38
NIITLTD,97.57,2026-09-03,-3.82,-1.54,1.84,6.52,44.36,-13.33
SICALLOG,108.88,2026-09-03,7.77,3.06,1.84,66.15,64.4,13.82
ESAFSFB,41.67,2026-09-03,-3.03,-4.25,1.83,49.78,57.66,42.17
WESTLIFE,540.55,2026-09-03,-5.37,-7.54,1.83,26.05,9.42,-26.81
HAL,4765.6,2026-09-03,-0.75,-2.86,1.82,11.99,20.84,8.18
MADHAV,34.84,2026-09-03,0.93,-0.85,1.81,-7.76,2.32,-26.58
ELECON,435.95,2026-09-03,5.85,-0.59,1.79,-13.49,7.68,-22.25
METALIETF,13.2,2026-09-03,-0.98,-1.93,1.77,-3.08,7.23,35.8
HDFCPSUBK,86.33,2026-09-03,0.22,0.15,1.77,4.33,-11.24,24.0
NXST,167.35,2026-09-02,-0.26,-0.38,1.75,9.72,8.53,20.84
FRACTAL,817.4,2026-09-03,-4.08,-1.34,1.74,-18.92,8.77,
TARIL,300.6,2026-09-03,-4.21,-0.5,1.73,-3.58,-1.18,-40.66
MPHASIS,2471.0,2026-09-03,1.8,1.81,1.73,10.87,12.49,-12.29
TMCV,460.35,2026-09-03,-2.28,-3.09,1.73,24.49,-6.52,
HEIDELBERG,158.19,2026-09-03,0.5,-1.09,1.72,4.37,-0.91,-23.56
SDBL,72.62,2026-09-03,-0.11,-0.55,1.69,-4.01,-7.97,-47.63
DIGJAMLMTD,49.4,2026-09-03,-3.59,-3.72,1.67,12.25,7.81,-15.22
AXISTECETF,343.43,2026-09-01,0.18,2.46,1.66,,,
PURVA,211.09,2026-09-03,-0.86,-1.5,1.65,-0.83,10.33,-27.66
DECCANCE,565.15,2026-09-03,-1.39,3.35,1.65,-7.51,-21.56,-48.79
PETRONET,289.5,2026-09-03,-3.69,-2.18,1.63,8.48,-5.12,8.38
GOCLCORP,422.95,2026-09-03,7.76,6.16,1.63,1.16,67.94,16.16
BIRET,341.39,2026-09-02,-0.09,-0.94,1.62,8.58,-1.54,14.56
PODDARMENT,255.6,2026-09-03,0.33,1.03,1.61,0.16,9.24,-0.9
NATIONALUM,374.0,2026-09-03,-1.97,-7.27,1.61,-14.18,3.85,89.21
PROLIFE,76.0,2026-09-02,-5.59,-3.8,1.6,26.98,26.35,-41.84
GMBREW,910.55,2026-09-03,3.8,3.73,1.6,1.58,-6.01,30.85
BALMLAWRIE,176.93,2026-09-03,1.24,0.48,1.6,-3.03,2.38,-18.92
HERCULES,159.32,2026-09-02,0.0,0.0,1.59,1.59,1.59,-1.38
SMALLADD,18.56,2026-09-03,0.16,0.49,1.59,9.18,19.59,
MOSCHIP,213.57,2026-09-03,-0.28,3.76,1.59,-0.73,17.97,10.84
PENINLAND,16.06,2026-09-03,-0.56,-1.29,1.58,-0.06,-9.21,-55.34
HDFCSML250,186.26,2026-09-03,0.49,0.58,1.57,9.19,18.55,8.78
VIKASLIFE,1.3,2026-09-03,0.0,7.44,1.56,-12.16,-7.14,-42.48
JSWINFRA,334.1,2026-09-03,-1.74,-1.79,1.55,23.98,33.14,9.32
JAYAGROGN,230.83,2026-09-03,-0.9,0.96,1.53,2.08,34.81,-2.92
HINDALCO,1010.0,2026-09-03,-0.54,-4.58,1.52,-10.86,8.01,36.65
SWASTIK,20.0,2026-09-02,-4.76,0.25,1.52,-9.91,20.85,-36.51
ARVINDFASN,454.3,2026-09-03,0.4,2.56,1.5,-4.47,3.6,-14.05
MOREALTY,91.75,2026-09-03,1.89,0.23,1.48,20.34,19.58,2.79
ORIENTELEC,178.15,2026-09-03,-0.93,-3.7,1.48,-1.46,-1.69,-16.62
PERSISTENT,5657.0,2026-09-03,1.12,-0.65,1.47,11.36,21.47,6.15
CINELINE,89.83,2026-09-03,1.96,0.47,1.47,12.29,6.47,1.23
KONSTELEC,62.35,2026-09-02,-2.65,17.2,1.46,24.82,72.0,2.3
GOKULAGRO,234.91,2026-09-03,-3.76,-3.75,1.44,1.42,46.39,37.68
GROWWSC250,10.66,2026-09-03,0.28,0.28,1.43,9.67,18.71,
VISHNUINFR,160.7,2026-09-02,-0.4,0.82,1.42,0.47,-4.09,-5.71
MOMENTUM,31.37,2026-09-03,-0.38,0.26,1.42,4.18,0.42,2.45
MOMIDMTM,64.7,2026-09-03,-0.05,-0.4,1.41,2.45,4.69,4.74
DIGIKORE,39.55,2026-09-02,0.64,4.91,1.41,-27.43,-51.86,-77.27
SPLPETRO,725.8,2026-09-03,-0.45,4.98,1.38,3.88,8.29,-5.1
MICROPRO,18.55,2026-09-02,-0.54,-1.85,1.37,-2.37,-7.25,-17.19
PSUBANKADD,86.59,2026-09-03,0.42,0.43,1.37,4.74,-10.71,24.59
DENTALKART,399.05,2026-09-02,-1.07,-3.11,1.35,-9.31,-12.01,-35.21
REPL,65.96,2026-09-03,1.71,3.86,1.35,1.23,-22.93,-59.7
JSL,738.4,2026-09-03,5.16,5.13,1.34,8.78,-5.34,-2.4
JOCIL,152.89,2026-09-03,3.29,3.3,1.34,0.2,19.23,-5.21
ARIHANTCAP,78.52,2026-09-03,0.99,3.03,1.34,17.51,3.18,-25.61
EXICOM,166.13,2026-09-03,0.08,3.92,1.33,8.33,81.4,12.63
NPBET,292.64,2026-09-03,2.06,2.65,1.31,8.38,-0.09,8.14
LALPATHLAB,1925.2,2026-09-03,-0.49,2.2,1.3,23.28,37.63,16.5
MBAPL,162.08,2026-09-03,0.39,-4.04,1.29,50.28,80.15,93.75
EXCELINDUS,1034.9,2026-09-03,-1.08,-3.52,1.29,11.22,12.96,-13.65
TIMESCAN,39.5,2026-09-02,0.0,0.77,1.28,-4.24,-16.75,-39.83
BGLOBAL,3.16,2026-09-02,0.0,0.0,1.28,-3.07,11.27,-7.06
GRANULES,853.85,2026-09-03,3.06,-0.17,1.26,7.79,48.96,65.04
MUKTAARTS,56.1,2026-09-03,0.09,-1.48,1.26,-10.25,6.09,-18.64
VLEGOV,10.48,2026-09-03,0.87,2.75,1.26,-24.77,-34.17,-67.02
HDBFS,693.45,2026-09-03,1.63,0.66,1.26,7.25,-0.67,-10.35
MOHEALTH,52.17,2026-09-03,0.08,1.81,1.26,10.44,17.53,16.11
GRAVITA,1684.8,2026-09-03,-6.41,-6.8,1.26,3.71,7.92,-0.74
WENDT,8307.0,2026-09-03,1.67,0.25,1.23,21.75,23.86,-18.72
MUTHOOTFIN,2926.5,2026-09-03,-1.73,-8.8,1.23,-9.07,-15.0,6.02
VEDL,270.5,2026-09-03,-2.77,-2.35,1.22,-17.58,-61.98,-37.42
MMWL,14.07,2026-09-03,-3.56,-8.75,1.22,4.69,,
JSWSTEEL,1308.0,2026-09-03,0.02,-1.43,1.21,0.2,3.8,22.69
MIDSMALL,52.03,2026-09-03,-0.73,-0.48,1.19,3.85,11.82,8.08
BANKPSU,86.33,2026-09-03,0.09,0.54,1.17,4.44,-10.78,24.25
PSUBNKBEES,95.68,2026-09-03,0.54,0.58,1.17,4.43,-10.66,24.07
KIRLOSBROS,1881.3,2026-09-03,-0.99,-2.14,1.16,17.0,23.1,-7.46
GSEC10YEAR,30.5,2026-09-03,-0.16,0.43,1.16,2.69,1.84,4.45
SRD,39.66,2026-09-03,-0.73,-2.65,1.15,-1.25,-3.74,-53.46
OMFREIGHT,89.0,2026-09-03,-0.56,-4.91,1.14,6.93,11.04,
AUBANK,1072.0,2026-09-03,-1.31,-3.77,1.13,10.55,12.8,50.3
CHEVIOT,1143.1,2026-09-03,0.78,-1.99,1.12,6.48,13.95,-5.38
PSUBNKIETF,86.56,2026-09-03,0.02,0.14,1.12,3.84,-11.05,23.89
AJANTPHARM,3521.1,2026-09-03,-2.24,-1.64,1.12,21.31,19.73,40.5
MRPL,175.99,2026-09-03,3.3,1.24,1.11,14.16,-4.67,41.22
INVENTURE,0.92,2026-09-03,-3.16,8.24,1.1,-4.17,-8.0,-44.58
GROWWRLTY,10.2,2026-09-03,1.49,-0.58,1.09,19.3,18.47,
SMARTLINK,212.72,2026-09-03,-1.76,-5.78,1.09,40.49,81.22,46.87
SHUBHLAXMI,18.5,2026-09-02,-4.88,-4.88,1.09,-9.54,-37.18,27.59
NSIL,5683.0,2026-09-03,-0.35,-0.72,1.09,1.82,-2.22,-19.73
RPPL,22.57,2026-09-03,-3.38,-7.04,1.07,21.87,47.71,2.64
MIDSELIETF,19.92,2026-09-03,-0.65,-0.3,1.07,9.21,14.75,14.48
CORONA,2127.8,2026-09-03,3.78,-0.99,1.05,25.63,35.41,
CENTENKA,616.65,2026-09-03,12.77,11.54,1.04,25.0,47.94,24.5
ALPHAETF,26.52,2026-09-03,-1.52,-1.23,1.03,4.04,5.83,5.87
OMPOWER,171.09,2026-09-03,-1.76,4.62,1.0,1.57,,
AFIL,9.31,2026-09-03,-1.69,-7.36,0.98,-5.77,29.85,34.54
ANUHPHR,79.68,2026-09-03,-2.88,1.08,0.98,6.63,5.01,-6.2
ONESOURCE,1575.7,2026-09-03,3.73,2.87,0.97,-12.97,20.33,-17.02
COALINDIA,420.05,2026-09-03,4.56,3.23,0.97,-9.87,-0.14,13.64
PSUBANK,85.36,2026-09-03,0.11,0.0,0.97,-89.58,-91.14,-87.65
SOFTTECH,421.8,2026-09-03,1.49,0.63,0.91,-7.5,53.47,7.12
SHIVAMAUTO,17.8,2026-09-03,0.96,9.2,0.91,2.3,-5.87,-37.68
VTL,588.65,2026-09-03,2.9,-0.99,0.9,-4.27,8.43,44.24
BAIDFIN,10.1,2026-09-03,-0.49,4.77,0.9,-3.53,-9.58,-11.65
HUBTOWN,192.2,2026-09-03,5.43,0.04,0.89,-6.45,-7.21,-42.97
UYFINCORP,19.93,2026-09-03,2.1,-0.8,0.86,36.13,44.63,51.56
GMDCLTD,565.85,2026-09-03,0.5,-0.88,0.86,-15.15,2.61,25.4
MONQ50,141.73,2026-09-03,-4.26,-3.23,0.83,-2.21,45.27,67.69
PRATHAM,122.0,2026-09-02,2.22,1.67,0.83,-6.12,-9.63,-11.59
TEAMLEASE,1250.0,2026-09-03,-2.61,0.21,0.82,-9.24,4.59,-32.95
RIIL,752.95,2026-09-03,0.07,-2.84,0.82,0.51,10.8,-19.53
CEIGALL,347.55,2026-09-03,1.82,7.88,0.81,-3.62,26.31,37.55
EMBASSY,435.23,2026-09-02,-0.74,-0.05,0.81,1.45,5.25,18.95
SCI,294.95,2026-09-03,1.85,2.25,0.79,-2.79,15.15,40.37
MSPL,35.34,2026-09-03,-0.39,4.62,0.77,-14.12,12.87,10.54
BANARBEADS,114.85,2026-09-03,0.16,1.93,0.76,8.43,-2.59,11.69
DSFCL,25.75,2026-09-03,-4.17,-4.98,0.74,3.83,-21.1,
MVGJL,171.97,2026-09-03,13.86,13.44,0.74,11.36,8.87,-13.67
GSEC5IETF,66.51,2026-09-03,0.76,0.35,0.74,3.42,2.48,6.08
AXISBNKETF,591.79,2026-09-01,-0.37,-0.28,0.73,,,
ARSSBL,514.95,2026-09-03,1.22,-2.14,0.73,-2.57,5.74,
GILT5BETA,66.49,2026-09-03,-0.37,-0.02,0.7,3.42,3.49,6.44
EBBETF0425,1290.83,2025-04-08,0.02,0.23,0.7,1.9,3.85,7.57
PREMEXPLN,666.35,2026-09-03,0.54,-0.15,0.69,1.8,29.25,24.21
MANUGRAPH,14.6,2026-09-03,-1.95,-8.29,0.69,-5.93,1.53,-36.52
JAYKAY,166.46,2026-09-03,11.29,15.85,0.69,-8.37,14.65,
HDFCMOMENT,31.07,2026-09-03,-0.83,-0.64,0.68,1.9,-0.19,2.14
SBIETFPB,285.51,2026-09-03,0.73,1.1,0.68,6.81,-1.21,6.59
NIF100BEES,265.6,2026-09-03,-1.0,-1.35,0.68,0.68,-1.99,-0.77
KANANIIND,1.51,2026-09-03,-0.66,1.34,0.67,0.0,3.42,-25.62
DEEPAKNTR,1725.3,2026-09-03,-1.38,-0.29,0.67,2.02,12.11,-1.65
PGINVIT,100.07,2026-09-02,0.13,0.07,0.67,11.22,16.46,24.73
GSFC,161.86,2026-09-03,2.35,1.38,0.65,-0.09,-1.7,-23.87
TRF,230.03,2026-09-03,1.09,0.02,0.64,-1.06,-6.03,-28.61
TEXRAIL,113.63,2026-09-03,4.3,9.21,0.64,10.48,14.6,-19.1
360ONE,1155.0,2026-09-03,-1.7,-2.92,0.63,7.69,8.1,12.25
SARLAPOLY,102.15,2026-09-03,2.14,2.13,0.63,7.32,26.27,4.1
GROWWPSUBK,85.33,2026-09-03,-0.57,-0.43,0.62,3.79,,
ABGSEC,114.33,2026-09-03,-0.59,-0.67,0.62,2.81,1.63,4.56
NIFTYIETF,270.98,2026-09-03,-0.89,-1.36,0.61,0.61,-3.39,-2.33
CONFIPET,84.28,2026-09-03,3.58,16.83,0.61,9.75,177.51,73.29
NGIL,40.24,2026-09-03,-1.76,2.52,0.6,-1.2,63.58,26.3
GOLDENTOBC,25.0,2026-09-03,3.95,0.12,0.6,-1.96,-12.1,-30.73
SHRIPISTON,4551.3,2026-09-03,-1.26,-4.12,0.59,31.32,48.14,76.65
MAGSON,181.05,2026-09-02,0.0,-1.17,0.58,6.5,34.11,59.16
GILT10BETA,26.68,2026-09-03,-0.48,0.68,0.57,2.73,2.42,3.13
VIDHIING,342.8,2026-09-03,-3.31,-0.78,0.56,15.25,13.36,-9.65
KARURVYSYA,350.0,2026-09-03,0.69,3.5,0.55,22.01,11.87,69.33
MOM30IETF,31.27,2026-09-03,-0.86,-0.92,0.55,2.63,-0.48,1.72
TITAN,5027.0,2026-09-03,-1.48,-1.02,0.54,23.35,18.11,36.66
BAJAJ-AUTO,11920.0,2026-09-03,-1.73,1.02,0.54,16.19,23.65,32.6
DEN,27.87,2026-09-03,-1.41,-0.96,0.54,5.73,2.28,-23.05
TNIDETF,91.01,2026-09-03,-0.32,0.43,0.53,11.86,12.59,-2.69
SCPL,641.9,2026-09-03,1.13,-1.49,0.52,37.33,103.78,141.85
MANAKCOAT,120.65,2026-09-03,-1.45,-3.26,0.52,15.16,2.54,-19.47
JKIL,487.7,2026-09-03,-0.5,-3.36,0.52,-1.54,-4.54,-24.33
PHARMABEES,27.37,2026-09-03,-0.83,1.11,0.51,10.54,15.97,21.64
GAIL,174.67,2026-09-03,-1.31,0.82,0.5,6.91,6.12,1.47
BANKADD,58.95,2026-09-03,-0.03,0.14,0.49,6.58,-3.3,6.64
SHREDIGCEM,74.28,2026-09-03,-1.0,2.71,0.47,2.85,8.76,-23.18
BEDMUTHA,112.23,2026-09-03,6.63,3.44,0.47,-1.79,-15.3,-16.75
NMDC,84.19,2026-09-03,-4.55,-1.99,0.47,-12.34,3.61,16.77
CONTI,11.1,2026-09-02,1.37,-2.63,0.45,-15.91,-30.19,-49.08
OLIL,411.8,2026-09-02,-1.95,2.26,0.44,-6.0,46.05,73.61
UNIVAFOODS,9.03,2026-09-02,0.0,0.0,0.44,10.53,-8.88,-26.7
CLEDUCATE,59.53,2026-09-03,-4.12,-5.42,0.42,22.01,56.41,-47.03
ASMS,7.11,2026-09-03,1.14,1.72,0.42,-4.44,-27.52,-40.8
SPORTKING,230.6,2026-09-03,1.72,7.33,0.42,26.4,107.75,104.94
IIFLCAPS,338.05,2026-09-03,0.33,1.29,0.42,-0.16,6.99,11.58
LIQUID1,1121.04,2026-09-03,0.04,0.13,0.41,1.25,2.51,5.08
AONELIQUID,1075.29,2026-09-03,0.04,0.13,0.41,1.24,2.49,5.03
CASHIETF,1077.99,2026-09-03,0.04,0.13,0.41,1.24,2.49,5.04
LIQUIDPLUS,1101.63,2026-09-03,0.04,0.13,0.4,1.24,2.49,5.05
SADBHIN,2.53,2026-09-03,-4.53,-5.6,0.4,-14.81,-25.15,-43.78
LIQUIDADD,1143.13,2026-09-03,0.04,0.13,0.4,1.22,2.46,4.97
LIQUIDCASE,115.76,2026-09-03,0.04,0.14,0.4,1.23,2.47,5.01
HDFCLIQUID,1076.39,2026-09-03,0.04,0.13,0.4,1.24,2.47,7.39
ELIQUID,1046.25,2026-09-03,0.04,0.13,0.4,1.24,2.51,
LIQUID,999.99,2026-09-03,0.0,0.4,0.4,1.21,1.62,4.02
ABSLLIQUID,999.99,2026-09-03,-0.0,0.39,0.39,1.07,1.85,3.51
LIQUIDBETF,1097.27,2026-09-03,0.04,0.12,0.39,1.2,2.42,4.88
LIQUIDSBI,1000.01,2026-09-03,0.0,0.4,0.39,1.21,1.63,3.49
GROWWMC150,233.72,2026-09-03,-0.84,-0.1,0.39,5.59,8.71,
GROWWLIQID,110.6,2026-09-03,0.04,0.12,0.38,1.18,2.34,4.76
LIQUIDSHRI,1119.96,2026-09-03,0.03,0.12,0.38,1.17,2.35,4.79
AUROIMPEX,27.3,2026-09-02,10.08,9.2,0.37,-3.36,-2.15,-42.47
PVTBANIETF,28.15,2026-09-03,0.36,0.9,0.36,6.75,-1.3,6.31
MAMATA,404.55,2026-09-03,0.8,-3.1,0.35,6.89,-4.19,-1.57
DLINKINDIA,452.35,2026-09-03,2.43,0.86,0.34,0.98,17.4,-1.72
ANANTRAJ,628.3,2026-09-03,4.04,2.23,0.34,14.84,23.62,15.69
CAMPUS,223.97,2026-09-03,-0.98,-2.0,0.34,-11.22,-9.82,-16.2
INDIGRID,175.22,2026-09-02,-0.22,-0.04,0.33,4.28,10.34,17.17
ADANIPORTS,1706.5,2026-09-03,7.12,2.06,0.32,-5.0,16.55,28.62
ROXHITECH,47.4,2026-09-02,-4.05,-8.41,0.32,35.43,42.99,1.17
PLASTIBLEN,188.33,2026-09-03,1.54,-2.17,0.31,7.48,37.58,-1.33
HDFCNIFBAN,59.18,2026-09-03,0.05,0.22,0.31,6.42,-3.6,6.77
ANMOL,10.04,2026-09-03,-0.5,1.11,0.3,-10.52,-11.85,-37.56
BLUESTONE,804.9,2026-09-03,-1.53,-2.03,0.27,58.37,81.59,44.74
PHOENIXLTD,1960.0,2026-09-03,3.16,1.45,0.26,14.59,18.89,29.8
AWL,190.79,2026-09-03,-0.91,-1.59,0.26,0.84,6.38,-28.24
DIGIDRIVE,17.8,2026-09-03,0.51,-0.45,0.23,-4.71,-13.63,-45.04
AURUS,4.62,2026-09-03,-1.49,-0.65,0.22,-7.23,-11.15,-30.73
AIROLAM,86.34,2026-09-03,-1.99,-2.98,0.2,9.51,-3.13,-21.07
HMAAGRO,20.93,2026-09-03,-0.24,-1.64,0.19,-11.09,-16.98,-31.24
PILANIINVS,4354.5,2026-09-03,0.03,-0.17,0.18,0.95,-2.32,-15.61
BANKIETF,59.14,2026-09-03,0.19,0.41,0.17,6.52,-3.52,6.92
HITECHGEAR,575.55,2026-09-03,2.12,4.86,0.17,0.86,-7.3,-13.34
NIRAJ,29.13,2026-09-03,-0.65,3.26,0.17,0.48,1.25,-38.23
ITALIANE,32.0,2026-09-02,-6.16,-3.9,0.16,-8.31,-33.75,-1.25
V2RETAIL,219.0,2026-09-03,-1.65,0.36,0.16,-10.85,12.86,29.76
BANSALWIRE,319.0,2026-09-03,0.74,-0.9,0.16,2.9,24.9,-13.55
RADHIKAJWE,71.32,2026-09-03,5.74,6.02,0.14,23.86,14.02,-23.54
AMBER,7410.0,2026-09-03,-2.76,0.43,0.14,-1.31,-6.02,-3.03
MOMOMENTUM,62.18,2026-09-03,-0.96,-0.62,0.14,2.3,-0.42,1.6
HEALTHCARE,21.63,2026-09-03,-0.46,1.12,0.09,9.52,15.18,
GILT5YBEES,66.23,2026-09-03,0.27,0.11,0.08,2.7,2.86,6.21
HEXATRADEX,158.0,2026-09-03,-1.55,0.15,0.06,-2.53,-1.25,-13.37
GVT&D,4362.0,2026-09-03,-1.87,4.41,0.06,-11.92,15.92,55.21
EBBETF0431,1439.55,2026-09-03,0.22,-0.25,0.04,3.01,2.69,5.32
IFGLEXPOR,207.44,2026-09-03,-1.39,-2.82,0.04,6.2,28.38,-15.67
FILATEX,76.72,2026-09-03,2.06,-8.72,0.03,58.87,82.54,42.62
DIACABS,322.9,2026-09-03,-7.03,-8.58,0.02,71.14,135.69,122.94
POWERINDIA,32000.0,2026-09-03,-5.21,-5.44,0.02,-9.04,25.52,66.72
ITBETA,324.46,2026-09-03,-0.43,1.16,0.02,5.51,2.43,-11.35
SASKEN,1902.4,2026-09-03,0.15,-1.23,0.01,-13.19,72.08,30.83
VILAS,349.0,2026-09-02,-2.5,-0.73,0.01,-0.53,-7.14,-32.88
RMCL,200.0,2026-09-02,0.0,0.0,0.0,0.0,0.0,0.0
INDLMETER,23.69,2026-09-02,0.0,0.0,0.0,0.0,0.0,0.0
LIQUIDETF,999.99,2026-09-03,-0.0,0.0,-0.0,-0.0,0.38,2.46
MINDPOOL,71.1,2026-09-02,0.0,0.0,0.0,0.0,0.0,3.72
SUULD,1.57,2026-09-02,0.0,0.0,0.0,0.0,0.0,-23.04
LIQUIDIETF,999.99,2026-09-03,0.0,0.0,0.0,0.0,0.0,0.0
ALPSINDUS,34.3,2026-09-02,0.0,0.0,0.0,0.0,0.0,83.42
OMKARCHEM,3.41,2026-09-02,0.0,0.0,0.0,0.0,-24.56,-42.79
SRIRAM,10.1,2026-09-02,0.0,0.0,0.0,0.0,0.0,0.0
SANCO,2.9,2026-09-02,0.0,0.0,0.0,-1.69,30.04,13.28
GOENKA,0.82,2026-09-02,0.0,0.0,0.0,0.0,0.0,-12.77
SAHAJ,3.85,2026-09-02,0.0,0.0,0.0,0.0,-17.2,-53.05
PATTECH,114.85,2026-09-02,0.0,0.0,0.0,-1.71,8.09,0.97
REFRACTORY,26.5,2026-09-02,-6.36,1.53,0.0,-15.34,-28.67,-56.56
VELS,73.0,2026-09-02,0.0,0.0,0.0,6.8,39.05,32.73
SECURCRED,1.56,2026-09-02,0.0,0.0,0.0,0.0,0.0,0.0
PERFECT,8.1,2026-09-02,0.0,0.0,0.0,0.0,0.0,0.0
AMEYA,109.0,2026-09-02,-2.68,4.76,0.0,3.56,17.84,7.28
JAKHARIA,60.5,2026-09-02,0.0,0.0,0.0,0.0,0.0,-31.33
JINDCOT,2.5,2024-11-08,0.0,0.0,0.0,0.0,0.0,0.0
MELSTAR,4.25,2026-09-02,0.0,0.0,0.0,0.0,0.0,0.0
BRIGHT,2.8,2026-09-02,0.0,0.0,0.0,0.0,0.0,0.0
WINSOME,836.67,2026-09-02,0.0,0.0,0.0,0.8,44.25,20.67
ANTGRAPHIC,0.75,2026-09-03,-1.32,2.74,0.0,-8.54,-11.76,-31.82
EDUCOMP,0.9,2026-09-02,0.0,2.27,0.0,-7.22,-15.09,-41.56
IL&FSTRANS,2.11,2026-09-03,-4.95,1.93,0.0,-9.44,-10.21,-34.67
TGL,18.75,2026-09-02,9.97,26.69,0.0,-15.92,-58.24,-78.51
LIQUIDBEES,1000.0,2026-09-03,0.0,0.0,0.0,0.0,0.0,0.31
AURIGROW,0.28,2026-09-02,0.0,0.0,0.0,-9.68,12.0,-53.33
GANGOTRI,0.61,2026-09-02,0.0,0.0,0.0,0.0,0.0,-3.17
BKMINDST,45.0,2026-09-02,0.0,0.0,0.0,0.0,0.0,0.0
SECL,3.0,2026-09-02,0.0,0.0,0.0,-4.76,-23.08,-50.0
MARSHALL,3.64,2026-09-02,0.0,0.0,0.0,0.0,0.0,-43.91
SHAIVAL,33.0,2026-09-02,0.0,0.0,0.0,0.0,8.2,8.2
TECHIN,14.0,2026-09-02,0.0,0.0,0.0,0.0,0.0,0.0
FILATFASH,0.18,2026-09-03,0.0,0.0,0.0,-18.18,-14.29,-66.04
KTL,4.85,2026-09-02,0.0,0.0,0.0,0.0,0.0,-16.38
PODDARHOUS,43.37,2026-09-02,0.0,0.0,0.0,0.0,0.0,0.0
DKEGL,65.25,2026-09-02,0.0,-8.29,0.0,-6.38,-4.88,-6.79
AVSL,119.7,2026-09-02,0.0,0.0,0.0,0.0,0.0,-4.24
NAM-INDIA,1164.9,2026-09-03,-0.63,-6.64,-0.01,9.26,30.35,45.78
VIPIND,310.35,2026-09-03,1.26,2.75,-0.02,-6.65,-11.92,-28.32
WABAG,2011.1,2026-09-03,1.61,0.5,-0.04,29.41,64.12,32.36
SETF10GILT,263.85,2026-09-03,-0.32,-0.25,-0.05,2.16,1.54,3.07
MEGATHERM,209.55,2026-09-02,-2.33,-4.75,-0.05,-7.32,1.72,-32.4
MOM100,68.18,2026-09-03,-0.94,-0.99,-0.06,4.16,8.71,10.45
NAVNETEDUL,132.08,2026-09-03,-1.88,-1.12,-0.08,-6.71,-5.89,-12.32
GANGESSECU,119.9,2026-09-03,1.88,-2.51,-0.08,-1.91,-1.94,-24.6
RITCO,301.0,2026-09-03,-2.1,-4.43,-0.08,15.26,41.35,7.56
NAGREEKCAP,22.87,2026-09-03,2.33,-1.34,-0.09,-19.04,-3.22,-8.59
LODHA,1234.0,2026-09-03,2.95,-1.94,-0.12,40.85,28.17,3.07
ARMANFIN,1991.9,2026-09-03,0.57,1.92,-0.12,26.71,30.93,38.55
ABSLBANETF,59.05,2026-09-03,0.27,0.72,-0.15,6.78,-3.48,7.05
MAHESHWARI,72.88,2026-09-03,1.75,-2.24,-0.16,14.66,75.61,23.63
EBBETF0430,1607.71,2026-09-03,0.25,-0.04,-0.16,2.51,2.28,5.15
TEMBO,55.94,2026-09-03,-3.63,-3.05,-0.18,-2.06,6.91,-13.94
VRAJ,122.71,2026-09-03,-3.12,1.02,-0.19,-0.4,1.6,-19.07
EMMIL,123.8,2026-09-02,-0.96,2.31,-0.2,-0.56,-13.12,-34.06
BANKNIFTY1,59.75,2026-09-03,0.17,0.37,-0.2,6.64,-3.46,-89.3
BANKBEES,596.02,2026-09-03,0.07,0.22,-0.22,6.49,-3.51,6.7
GULFOILLUB,1112.5,2026-09-03,-0.83,-4.43,-0.23,20.04,3.71,-8.42
IRIS,253.93,2026-09-03,1.99,4.9,-0.23,1.98,1.69,-26.1
NURECA,332.6,2026-09-03,0.24,10.72,-0.24,41.59,17.84,32.26
GENUSPAPER,12.44,2026-09-03,2.64,11.87,-0.24,0.0,2.56,-32.35
APLLTD,803.65,2026-09-03,-3.74,-1.62,-0.26,12.72,15.65,-14.66
PIDILITIND,1638.3,2026-09-03,-2.93,-1.31,-0.26,12.31,12.6,6.05
EIDPARRY,778.25,2026-09-03,-2.65,-5.55,-0.26,2.83,-10.6,-30.74
BANKBETA,59.58,2026-09-03,0.2,0.52,-0.28,6.56,-3.33,
HDFCPVTBAN,28.31,2026-09-03,0.18,1.18,-0.28,6.63,-1.94,5.87
SNXT50BETA,95.56,2026-09-03,0.98,-0.03,-0.29,5.91,5.88,
COMMITTED,349.0,2026-09-02,2.05,0.06,-0.29,31.2,66.19,34.51
DHARMAJ,269.05,2026-09-03,-0.35,3.22,-0.3,-5.5,14.43,-26.27
SAYAJIHOTL,303.8,2026-09-03,-4.63,-10.48,-0.31,10.27,,
UNIECOM,85.93,2026-09-03,-3.84,-0.12,-0.32,-1.59,-17.34,-42.63
LTGILTBEES,29.86,2026-09-03,0.0,-0.3,-0.33,2.26,1.63,4.37
EBANKNIFTY,58.22,2026-09-03,0.52,0.69,-0.33,6.83,-3.55,6.69
THOMASCOOK,106.31,2026-09-03,-1.49,-5.85,-0.33,16.79,6.71,-39.87
TNPL,154.36,2026-09-03,9.57,8.64,-0.34,4.94,15.62,-3.64
DIAMONDYD,1159.8,2026-09-03,1.11,-1.42,-0.34,-2.26,14.0,17.6
HEALTHY,17.06,2026-09-03,-0.87,1.19,-0.35,8.59,11.87,14.57
SHREEJISPG,664.25,2026-09-03,3.05,4.56,-0.35,43.56,70.19,163.16
LTF,316.9,2026-09-03,-1.28,0.33,-0.35,18.31,16.09,40.95
BSL,123.22,2026-09-03,0.13,-0.73,-0.35,-0.97,-3.7,-30.52
SYNGENE,400.8,2026-09-03,0.01,0.56,-0.35,-8.26,-2.5,-38.34
MFSL,1537.0,2026-09-03,-2.29,-2.09,-0.36,-1.45,-14.93,-4.97
BANKBETF,58.4,2026-09-03,-0.24,0.14,-0.36,6.26,-3.69,6.41
MIDCAPIETF,24.06,2026-09-03,-0.78,-0.5,-0.37,4.56,7.46,9.71
AXISBANK,1267.0,2026-09-03,-2.54,2.51,-0.39,1.02,-7.6,20.22
GOCOLORS,322.55,2026-09-03,-1.62,-8.7,-0.39,-14.37,4.86,-55.39
ARIS,129.43,2026-09-03,-9.03,-10.17,-0.39,13.32,20.48,-9.65
CARRARO,533.95,2026-09-03,-3.35,1.17,-0.39,2.2,6.75,19.03
BEACON,86.65,2026-09-02,1.94,5.03,-0.4,2.54,10.38,53.77
KNAGRI,206.23,2026-09-03,-5.15,-6.77,-0.4,7.86,9.26,-2.65
TCIFINANCE,15.08,2026-09-03,-1.11,-0.2,-0.4,14.59,1.41,13.98
SKIPPER,546.9,2026-09-03,1.05,-4.89,-0.41,-4.14,54.91,0.56
CARERATING,1708.4,2026-09-03,-1.19,5.07,-0.42,6.17,7.44,11.93
MID150CASE,11.68,2026-09-03,-0.85,-0.93,-0.43,4.85,8.45,10.08
MIDCAPETF,23.75,2026-09-03,-0.71,-0.88,-0.46,4.72,8.25,9.6
SETFNIFBK,591.31,2026-09-03,0.09,0.21,-0.47,6.43,-3.57,6.75
SBINMID150,23.32,2026-09-03,-0.72,-0.85,-0.47,4.87,,
WINNY,32.05,2026-09-02,0.0,0.0,-0.47,-14.65,-25.47,-59.28
MIDCAP,18.52,2026-09-03,-0.91,-1.07,-0.48,5.65,9.33,-88.39
CHEMBOND,173.02,2026-09-03,-0.83,-0.23,-0.51,11.83,22.3,-6.32
YCCL,9.65,2026-09-02,0.0,0.0,-0.52,7.22,-11.06,-19.58
GICRE,356.15,2026-09-03,0.39,-0.22,-0.53,-6.91,-4.38,-1.75
INFOLLION,156.25,2026-09-02,-0.48,-2.4,-0.54,-11.47,-51.17,-66.61
IL&FSENGG,35.0,2026-09-03,-1.57,-2.78,-0.54,32.43,38.01,6.97
RRKABEL,2617.7,2026-09-03,-10.61,-8.79,-0.54,21.73,71.32,117.31
MID150BEES,240.14,2026-09-03,-0.83,-0.88,-0.57,4.49,8.05,9.36
NEXT50BETA,78.93,2026-09-03,-0.6,-1.16,-0.58,4.75,6.89,
BDL,1257.7,2026-09-03,-1.36,-8.06,-0.58,2.5,-0.81,-13.79
MONARCH,381.3,2026-09-03,0.18,-0.91,-0.59,12.83,42.14,14.34
HDFCMID150,23.53,2026-09-03,-0.47,-0.84,-0.59,4.72,8.13,9.34
NEXT50ADD,73.68,2026-09-03,-0.11,-0.9,-0.59,4.97,6.91,
LICNMID100,63.42,2026-09-03,-0.39,-0.92,-0.6,3.64,8.13,7.44
HEALTHADD,16.7,2026-09-03,-1.18,2.08,-0.6,-89.17,-88.87,-88.57
MIDCAPBETA,234.77,2026-09-03,-0.87,-0.65,-0.61,4.58,7.38,
CELLO,343.45,2026-09-03,-2.51,-4.25,-0.61,-9.23,-18.51,-40.09
SBICARD,661.0,2026-09-03,2.52,1.65,-0.61,10.8,-11.14,-16.6
HEALTHIETF,170.09,2026-09-03,-0.57,0.84,-0.61,8.44,11.58,14.74
LAKPRE,4.78,2026-09-03,2.36,11.68,-0.62,-11.48,-8.08,-19.12
SUPREMEIND,3508.1,2026-09-03,-1.43,-2.58,-0.62,-1.12,-10.65,-23.49
PARAGON,48.0,2026-09-02,1.59,-7.34,-0.62,-5.88,5.03,-13.44
APOLLOTYRE,433.85,2026-09-03,-1.16,-2.69,-0.63,11.55,-0.92,-9.53
BANKETF,586.0,2026-09-03,-0.29,0.15,-0.64,6.37,-3.49,6.65
SMCGLOBAL,79.42,2026-09-03,0.18,-0.39,-0.65,33.32,7.38,18.67
PALASHSECU,88.43,2026-09-03,0.24,-4.43,-0.65,-10.87,-3.88,-26.48
WINSOL,115.0,2026-09-02,0.79,2.86,-0.65,-4.17,-8.84,-44.76
KAMOPAINTS,4.53,2026-09-03,1.12,-1.95,-0.66,-12.04,4.14,-52.27
PARKHOSPS,286.7,2026-09-03,0.05,2.37,-0.66,-0.16,50.47,
GSEC10ABSL,112.65,2026-09-01,0.53,-0.66,-0.68,2.62,1.47,3.62
MOMGF,162.74,2026-09-03,-1.79,-0.88,-0.69,3.74,4.81,11.31
TECILCHEM,9.98,2026-09-03,5.83,13.8,-0.7,-14.11,-21.36,-51.46
VINATIORGA,1313.7,2026-09-03,-1.22,-1.2,-0.71,0.71,-7.0,-23.4
SIKKO,5.33,2026-09-03,6.18,3.9,-0.74,30.96,17.92,52.05
LICNETFGSC,29.21,2026-09-03,-0.48,-1.18,-0.75,1.74,1.0,3.88
EBBETF0433,1309.36,2026-09-03,0.11,-0.45,-0.75,2.95,2.47,5.03
AROGRANITE,24.97,2026-09-03,0.85,0.64,-0.76,0.44,-2.16,-36.94
METROPOLIS,591.9,2026-09-03,1.64,5.07,-0.76,10.4,27.62,7.63
INDOWIND,9.05,2026-09-03,-2.06,-3.21,-0.77,-4.03,2.72,-47.38
CORALFINAC,32.94,2026-09-03,-0.21,-1.0,-0.79,4.3,0.29,-21.48
STEELXIND,11.31,2026-09-03,6.9,3.76,-0.79,-8.27,42.44,24.56
VARDHACRLC,43.27,2026-09-03,-0.32,1.89,-0.8,3.47,32.44,2.28
ZEAL,61.5,2026-09-02,-1.6,-5.38,-0.81,-10.87,-18.27,-47.21
SUPREMEINF,83.49,2026-09-03,-0.35,-3.32,-0.81,6.93,2.64,-18.97
AXISHCETF,169.2,2026-09-01,-0.28,1.58,-0.82,,,
ECAPINSURE,23.77,2026-09-03,-1.45,-2.14,-0.83,1.54,-0.5,4.3
SHRITECH,59.55,2026-09-02,-2.3,-0.83,-0.83,-9.98,-2.38,-17.41
GKENERGY,129.55,2026-09-03,-2.73,4.16,-0.83,1.47,22.97,
IITL,151.92,2026-09-03,-3.67,-1.86,-0.84,8.46,18.07,-15.28
GROWWCHEM,30.19,2026-09-03,-1.31,0.87,-0.85,3.71,9.62,
BHARATCOAL,33.8,2026-09-03,0.09,-3.35,-0.85,-12.75,5.16,
SONUINFRA,40.35,2026-09-02,10.1,15.45,-0.86,-13.13,-43.17,-63.48
GSEC10IETF,262.5,2026-09-03,-1.21,-0.42,-0.86,1.27,0.72,2.93
EQUIPPP,22.89,2026-09-03,2.65,-4.51,-0.87,34.49,34.33,26.32
HDFCNEXT50,74.64,2026-09-03,-0.51,-0.84,-0.88,4.38,6.49,8.95
BBETF0432,1342.98,2026-09-03,0.6,-0.47,-0.89,2.67,1.76,4.71
IBLFL,61.0,2026-09-02,0.0,-0.73,-0.89,5.99,27.08,-11.4
SARVESHWAR,3.35,2026-09-03,-0.3,-2.62,-0.89,-9.46,-8.22,-56.27
DOLLAR,265.0,2026-09-03,-1.47,-3.18,-0.9,4.71,-2.29,-25.32
MIDCAPADD,23.14,2026-09-03,-2.2,-1.49,-0.9,3.81,7.28,
SWARAJ,354.5,2026-09-03,-2.48,-4.84,-0.91,49.33,16.88,111.01
PRUDENT,3328.5,2026-09-03,-9.41,-0.25,-0.91,25.73,44.78,19.82
DCW,46.3,2026-09-03,1.62,3.12,-0.92,-0.32,-0.6,-39.62
PDSL,353.9,2026-09-03,-3.86,-3.39,-0.94,17.23,19.51,10.42
PROPEQUITY,210.0,2026-09-02,0.0,-0.94,-0.94,-2.33,20.0,3.45
MOGSEC,65.4,2026-09-03,0.51,0.06,-0.94,3.09,2.83,5.69
KCPSUGIND,32.28,2026-09-03,-0.86,-5.92,-0.95,35.06,43.09,-6.5
APEX,376.75,2026-09-03,-0.86,-4.83,-0.96,-12.85,-0.44,71.05
NIPPOBATRY,324.0,2026-09-03,-0.87,-1.74,-0.96,-10.89,3.09,-33.02
PLADAINFO,10.35,2026-09-02,4.55,4.55,-0.96,-10.78,-10.78,-45.53
GNA,531.8,2026-09-03,-1.49,-4.25,-1.01,44.56,24.89,69.04
PRITIKA,63.35,2026-09-02,2.51,6.38,-1.02,-0.86,12.32,-26.04
BAJAJELEC,334.2,2026-09-03,2.89,-3.03,-1.02,9.22,-6.65,-41.33
CANBK,125.8,2026-09-03,-0.87,-1.18,-1.02,-1.44,-15.38,19.96
DCMSHRIRAM,1019.2,2026-09-03,0.25,-5.23,-1.03,-0.74,0.98,-17.0
OILIETF,11.33,2026-09-03,0.98,0.0,-1.05,0.18,-6.98,1.34
TIINDIA,2735.4,2026-09-03,-1.6,-5.02,-1.05,-10.86,-3.55,-10.01
BIMETAL,630.45,2026-09-03,-1.0,1.73,-1.05,-0.46,,
RIR,157.58,2026-09-03,-1.06,-4.01,-1.05,,,
SRF,2617.0,2026-09-03,2.21,1.4,-1.06,-3.55,3.35,-10.93
MULTICAP,16.75,2026-09-03,-0.3,-0.77,-1.06,4.82,5.74,4.36
ABB,7432.0,2026-09-03,-2.7,-0.96,-1.07,4.5,26.19,45.52
ACCELYA,1129.6,2026-09-03,0.15,-0.66,-1.08,-1.23,-3.11,-14.41
SELMC,27.17,2026-09-03,-0.66,-3.24,-1.09,-9.82,-5.43,-11.15
MAKEINDIA,165.47,2026-09-03,-1.28,-1.46,-1.09,3.34,4.58,11.17
DRCSYSTEMS,13.42,2026-09-03,-1.9,3.31,-1.11,-8.83,-10.11,-32.36
ROSSELLIND,57.67,2026-09-03,-1.35,1.59,-1.12,6.34,29.88,-12.84
CREATIVEYE,6.13,2026-09-03,1.16,-1.13,-1.13,-8.37,-2.7,-16.82
GRWRHITECH,7100.0,2026-09-03,-0.53,-1.86,-1.14,24.27,74.28,144.53
PDMJEPAPER,94.57,2026-09-03,-0.67,5.26,-1.14,13.64,19.9,-27.04
ASHIMASYN,17.88,2026-09-03,-3.46,-2.56,-1.16,7.65,19.28,-28.45
ENDURANCE,2754.7,2026-09-03,-4.06,-7.81,-1.18,4.96,4.22,-5.06
PARIN,712.5,2026-09-02,0.35,0.35,-1.18,2.2,-0.77,55.89
DELTAMAGNT,57.23,2026-09-03,0.03,-0.16,-1.19,-10.17,-0.52,-33.83
DELHIVERY,464.35,2026-09-03,1.79,4.41,-1.2,6.04,8.52,-2.86
IEML,41.3,2026-09-02,-3.28,0.24,-1.2,-1.31,-43.19,-70.29
SYLVANPLY,53.05,2026-09-02,-4.93,8.27,-1.21,-1.76,17.89,-28.02
KKCL,503.8,2026-09-03,0.0,-3.65,-1.21,15.96,3.54,-2.37
FABTECH,147.33,2026-09-03,-0.73,0.19,-1.23,-2.72,0.2,
VIYASH,260.45,2026-09-03,-1.19,-4.67,-1.23,5.02,30.26,47.64
NAHARCAP,259.5,2026-09-03,2.2,0.89,-1.23,2.73,13.55,-9.86
GROWW,190.24,2026-09-03,-0.95,-3.17,-1.23,0.71,18.13,
LT,3975.0,2026-09-03,-1.73,-2.81,-1.24,0.55,-1.3,11.47
MONEXT50,73.05,2026-09-03,-0.64,-1.5,-1.24,5.04,7.02,8.96
POWERICA,512.95,2026-09-03,-1.17,-0.88,-1.24,-5.41,,
PREMIERENE,1008.0,2026-09-03,-2.73,-2.14,-1.24,-7.44,41.51,-1.59
AXISNIFTY,265.96,2026-09-01,-0.39,-0.65,-1.24,,,
RELIANCE,1302.5,2026-09-03,2.0,-0.56,-1.25,-0.36,-3.64,-4.67
SURANASOL,25.94,2026-09-03,-3.39,1.57,-1.26,-3.85,22.36,-16.7
BATAINDIA,677.4,2026-09-03,-0.73,-1.29,-1.27,6.61,-7.76,-38.94
NEXT50IETF,77.06,2026-09-03,-0.44,-1.27,-1.28,4.5,6.6,8.92
DHANUKA,1010.15,2026-09-03,3.49,1.53,-1.29,-7.46,0.02,-38.19
BLUEPEBBLE,69.05,2026-09-02,9.6,4.78,-1.29,-26.15,-46.86,-61.75
EMAMIPAP,110.4,2026-09-03,-0.92,-2.57,-1.29,30.99,39.38,8.42
NOCIL,171.8,2026-09-03,0.2,3.63,-1.29,6.5,25.36,-6.07
HDFCQUAL,58.52,2026-09-03,-0.9,-0.98,-1.3,2.61,2.42,-0.02
SBIETFQLTY,223.32,2026-09-03,-0.4,-0.62,-1.3,3.05,2.92,-0.57
CONSUMER,12.02,2026-09-03,-1.56,-2.28,-1.31,10.68,10.17,-1.23
NOVARTIND,1614.1,2026-09-03,3.84,7.45,-1.32,21.99,140.1,140.1
TALBROAUTO,412.15,2026-09-03,0.18,-1.49,-1.32,16.77,62.65,53.55
PENIND,166.88,2026-09-03,0.45,3.65,-1.32,4.88,12.48,-34.3
SOMICONVEY,92.21,2026-09-03,1.03,-5.29,-1.33,-8.13,-11.86,-36.75
APOLLOHOSP,8692.0,2026-09-03,-2.32,-0.11,-1.34,4.96,11.69,12.64
DANGEE,2.94,2026-09-03,4.26,3.16,-1.34,-8.7,-2.33,-29.5
BANK10ADD,16.96,2026-09-03,0.12,0.06,-1.34,5.47,,
FLAIR,248.11,2026-09-03,-0.22,-1.17,-1.35,-13.92,-20.32,-22.73
AATMAJ,18.25,2026-09-02,0.0,-1.62,-1.35,-12.89,-13.1,-5.93
ABSLNN50ET,77.01,2026-09-03,-0.4,-1.12,-1.36,5.03,6.78,9.33
EVINDIA,32.67,2026-09-03,-2.39,-2.45,-1.36,6.66,7.89,6.31
HDFCBSE500,37.73,2026-09-03,-0.24,-0.63,-1.36,3.88,0.43,3.06
SURYALAXMI,60.03,2026-09-03,-0.22,5.91,-1.38,4.42,12.29,-7.79
BONLON,40.66,2026-09-03,-0.02,2.34,-1.38,-5.02,-4.91,
CPSEETF,93.57,2026-09-03,1.07,-0.53,-1.39,-7.01,-8.55,3.71
AONETOTAL,11.85,2026-09-03,-0.75,-1.17,-1.41,3.95,3.04,2.24
SESHAPAPER,234.51,2026-09-03,2.25,3.06,-1.41,3.14,-11.89,-12.11
WIPL,165.61,2026-09-03,0.98,0.38,-1.42,8.6,10.41,-1.97
GPIL,239.9,2026-09-03,-1.55,-2.19,-1.42,-15.85,-6.01,-2.86
POONAWALLA,465.1,2026-09-03,0.28,-2.1,-1.44,16.48,6.08,5.0
GANESHHOU,765.5,2026-09-03,-1.47,-5.1,-1.44,6.59,16.06,-12.52
SWANDEF,2490.0,2026-09-03,1.72,6.83,-1.47,25.83,39.78,450.52
CANFINHOME,804.95,2026-09-03,1.21,-0.64,-1.47,-0.71,-1.11,7.04
SETFNN50,783.6,2026-09-03,-0.52,-1.18,-1.47,4.72,6.91,9.31
PRAKASH,123.66,2026-09-03,-2.94,-3.36,-1.47,-15.16,-4.56,-23.95
GHCL,437.55,2026-09-03,-0.06,-1.42,-1.47,0.58,-4.14,-21.06
HEADSUP,6.69,2026-09-03,-2.62,-2.48,-1.47,-7.6,-15.42,-36.71
BSE500IETF,39.41,2026-09-03,-0.66,-0.76,-1.48,3.98,1.94,2.28
ELM250,16.65,2026-09-03,-2.35,-1.07,-1.48,,,
BILVYAPAR,3.98,2026-09-03,-1.24,-5.69,-1.49,-14.59,-38.86,-66.97
SARDAEN,506.55,2026-09-03,1.53,-0.09,-1.49,-2.34,-6.65,-13.3
ENERGY,38.41,2026-09-03,1.08,-0.16,-1.49,-4.83,4.99,
NIFTYQLITY,21.36,2026-09-03,-0.42,-1.16,-1.52,2.64,2.3,-1.2
IMPAL,1087.8,2026-09-03,1.42,0.12,-1.52,3.85,8.34,12.03
TOKYOPLAST,77.79,2026-09-03,0.91,-0.4,-1.53,-8.73,1.94,-37.56
AIRAN,14.8,2026-09-03,-0.54,-2.44,-1.53,-13.85,-7.44,-42.43
SEYAIND,12.06,2026-09-03,-1.15,-1.23,-1.55,-17.96,7.39,-28.26
INDOAMIN,124.28,2026-09-03,3.19,0.52,-1.55,-8.6,18.29,-15.29
BELRISE,238.11,2026-09-03,2.48,3.89,-1.55,8.46,26.86,69.29
HYUNDAI,2152.0,2026-09-03,-2.4,-2.49,-1.56,16.4,1.14,-13.62
RBS,88.5,2026-09-02,0.57,-0.56,-1.56,0.34,9.26,-27.78
MOBANK10,16.9,2026-09-03,-0.06,-0.24,-1.57,5.54,,
ALLDIGI,801.65,2026-09-03,-1.46,-1.62,-1.57,0.59,2.97,-11.32
MIDQ50ADD,25.06,2026-09-03,-2.26,-1.42,-1.57,-89.67,-89.47,-89.92
KOTHARIPRO,67.58,2026-09-03,0.72,-1.37,-1.57,-6.4,4.44,-11.1
INDUSTOWER,374.95,2026-09-03,-3.56,0.19,-1.58,-9.35,-13.26,20.03
RAJESHEXPO,83.46,2026-09-03,9.92,7.98,-1.58,-23.7,-39.79,-54.61
VALUE,16.09,2026-09-03,-0.06,-0.31,-1.59,-3.23,,
LASA,6.82,2026-09-03,-1.45,-6.06,-1.59,-11.08,-12.34,-21.97
CHAVDA,123.9,2026-09-02,-4.36,-9.6,-1.59,36.91,20.82,6.63
CARBORUNIV,1078.0,2026-09-03,-2.58,-3.94,-1.6,6.81,33.91,14.28
JUNIORBEES,788.74,2026-09-03,-0.64,-1.4,-1.6,4.64,6.59,8.96
EMKAYTOOLS,92.0,2026-09-02,-3.16,-4.07,-1.6,-7.4,-8.91,-45.67
SUNDARAM,1.23,2026-09-03,-1.6,-1.6,-1.6,-9.56,-9.56,-37.88
DYNAMIC,135.05,2026-09-02,0.3,-4.36,-1.6,-12.56,17.43,11.15
FLFL,1.22,2026-09-03,1.67,7.02,-1.61,-12.23,-1.61,-25.15
MONIFTY500,23.8,2026-09-03,-0.67,-0.92,-1.61,3.7,2.15,2.01
ALKALI,66.52,2026-09-03,3.61,-1.45,-1.61,-28.9,10.02,-21.18
INFRABEES,954.28,2026-09-03,0.11,-1.22,-1.62,-1.62,-0.93,3.01
ELDEHSG,790.45,2026-09-03,1.55,-4.25,-1.62,0.46,-8.04,14.08
ABDL,609.4,2026-09-03,-1.46,-0.16,-1.64,7.42,30.5,24.72
TRACXN,29.94,2026-09-03,-0.66,1.25,-1.64,-3.95,-7.05,-40.75
AARON,128.98,2026-09-03,-0.86,-5.98,-1.64,9.79,-15.36,-38.87
NEXT50ETF,73.64,2026-09-03,-0.51,-1.26,-1.64,4.56,6.54,
ZFSTEERING,667.75,2026-09-03,0.23,-0.75,-1.66,0.59,,
ITADD,32.67,2026-09-03,0.21,1.11,-1.66,5.01,2.35,-11.2
GANGAFORGE,1.76,2026-09-03,4.14,-9.74,-1.68,-24.46,-39.52,-51.78
DREAMFOLKS,66.33,2026-09-03,-1.53,-3.51,-1.7,-10.35,-15.79,-52.49
MOENERGY,38.31,2026-09-03,0.92,-0.18,-1.72,-5.08,4.75,
TITAGARH,844.2,2026-09-03,3.19,0.33,-1.73,-1.07,25.75,-0.35
HDFCNIFIT,33.0,2026-09-03,0.09,1.23,-1.73,4.27,2.61,-11.43
XPROINDIA,1280.3,2026-09-03,11.5,9.19,-1.73,11.23,38.1,7.21
NEXT50,755.13,2026-09-03,-0.36,-1.07,-1.73,5.0,6.94,9.23
TRANSPEK,1390.0,2026-09-03,-3.39,1.31,-1.73,41.23,,
SENSEXBETA,849.27,2026-09-03,-0.59,-1.0,-1.75,3.45,-4.34,
GROWWEV,32.57,2026-09-03,-2.46,-2.34,-1.75,6.47,7.53,5.99
WSI,59.44,2026-09-03,-3.3,-3.9,-1.77,-13.34,-13.48,-21.79
KEYFINSERV,248.7,2026-09-03,-3.79,-5.44,-1.78,-1.23,-8.78,-4.13
LTTS,3501.2,2026-09-03,-2.97,-2.33,-1.78,6.12,2.83,-15.24
EQUAL200,13.83,2026-09-03,-0.58,-1.14,-1.78,4.06,4.86,7.0
BLUEJET,579.0,2026-09-03,0.04,-1.66,-1.78,29.5,50.53,-17.8
INFRA,12.03,2026-09-03,0.0,-0.99,-1.8,0.75,7.12,
MEIL,283.75,2026-09-03,-1.18,8.7,-1.82,-11.2,18.86,-46.88
KFINTECH,927.7,2026-09-03,-4.36,-4.35,-1.83,12.29,0.46,-11.88
KONTOR,55.95,2026-09-02,0.81,-2.95,-1.84,-19.67,-29.93,-29.13
PPL,257.4,2026-09-03,-1.53,-4.13,-1.85,29.61,29.18,-21.87
WHIRLPOOL,804.4,2026-09-03,0.16,5.22,-1.85,-1.13,-11.5,-39.83
AISL,57.9,2026-09-02,2.3,3.39,-1.86,11.88,-21.33,-28.47
GODIGIT,257.85,2026-09-03,0.17,-0.98,-1.86,-14.75,-22.32,-27.27
JUSTDIAL,697.35,2026-09-03,-1.81,4.87,-1.87,31.55,27.0,-14.84
SENSEXIETF,881.95,2026-09-03,-0.57,-0.96,-1.87,3.96,-3.86,-4.15
MEDANTA,1417.3,2026-09-03,-4.22,0.84,-1.88,18.02,25.47,-0.66
MOPSE,99.4,2026-09-03,-0.55,-2.42,-1.88,-2.93,-5.31,4.05
APCL,100.1,2026-09-03,-0.78,-1.35,-1.89,-17.0,-19.49,-26.58
ITIETF,34.24,2026-09-03,-0.2,1.06,-1.89,4.93,2.33,-11.48
MADHUSUDAN,231.0,2026-09-02,2.33,3.7,-1.89,49.03,69.67,53.49
CRAYONS,26.0,2026-09-02,0.0,-2.26,-1.89,-20.12,-34.34,-49.9
INOXGREEN,171.01,2026-09-03,2.48,-2.98,-1.9,0.94,5.4,12.05
VINNY,1.03,2026-09-03,-1.9,-3.74,-1.9,-4.63,0.0,-24.82
TECH,33.82,2026-09-03,-0.09,1.87,-1.91,5.13,3.08,-10.55
HDFCNIF100,25.94,2026-09-03,-0.65,-0.84,-1.93,1.65,-1.78,-0.65
RITES,213.78,2026-09-03,-2.13,-2.89,-1.94,7.65,5.47,-15.94
NH,1882.2,2026-09-03,-1.31,1.2,-1.95,-4.76,5.56,4.27
GOACARBON,375.25,2026-09-03,1.54,6.7,-1.95,-2.2,6.12,-18.6
KELLTONTEC,13.99,2026-09-03,-0.57,1.67,-1.96,-14.75,-22.36,-45.39
BBNPNBETF,57.15,2026-09-03,-1.47,-2.49,-1.96,5.37,-5.19,5.19
ITBEES,34.29,2026-09-03,-0.09,1.09,-1.97,5.06,2.48,-11.53
ACCORD,198.35,2026-09-02,0.0,0.0,-1.98,239.64,605.87,762.39
TOP10ADD,87.79,2026-09-03,0.22,0.0,-1.98,2.37,-5.74,-6.67
SHYAMCENT,4.96,2026-09-03,0.81,1.43,-1.98,-1.0,0.81,-38.15
DREDGECORP,1074.7,2026-09-03,-2.5,-2.45,-1.99,-12.8,10.12,66.8
GROWWN200,11.33,2026-09-03,-0.61,-1.22,-1.99,3.09,0.27,1.54
BALPHARMA,87.71,2026-09-03,3.19,2.96,-1.99,-0.41,17.38,-0.56
COMPUSOFT,12.89,2026-09-03,-2.35,0.72,-1.99,-4.69,-4.2,-31.47
GAYAHWS,1.96,2026-09-03,0.0,2.08,-2.0,-12.5,-10.5,2.62
YESBANK,22.54,2026-09-03,-1.27,-0.27,-2.0,-1.7,11.69,10.76
TAPIFRUIT,49.0,2026-09-02,0.0,-5.77,-2.0,-6.58,-14.04,-47.0
BRNL,17.12,2026-09-03,-0.75,-0.35,-2.0,-11.52,-9.13,-14.83
ALPL30IETF,27.76,2026-09-03,-0.57,-1.0,-2.01,6.36,-0.25,2.13
COMMOIETF,99.41,2026-09-03,0.52,-0.76,-2.05,-4.44,-0.96,10.97
ICICIBANK,1430.0,2026-09-03,-1.65,1.06,-2.05,16.11,4.95,3.23
KEEPLEARN,1.9,2026-09-03,-2.06,4.4,-2.06,-10.38,-1.04,-32.62
CHOLAFIN,1849.3,2026-09-03,-0.44,0.14,-2.06,25.8,8.59,28.59
SBIN,1023.4,2026-09-03,-3.45,-1.55,-2.07,5.46,-12.44,28.28
SOTAC,90.05,2026-09-02,0.0,0.0,-2.07,-18.87,-18.87,-34.48
ADFFOODS,267.5,2026-09-03,-1.0,-1.87,-2.07,-7.65,38.39,19.52
KARMAENG,37.7,2026-09-03,-0.76,-1.33,-2.08,-13.93,-10.54,-26.18
SWARAJENG,3554.7,2026-09-03,-0.41,-0.12,-2.09,-3.33,4.62,-9.24
MMTC,62.32,2026-09-03,-0.05,-3.54,-2.09,-4.39,6.46,-3.42
TOP15IETF,9.82,2026-09-03,-0.41,-1.01,-2.09,3.78,-5.65,-3.98
NFL,70.33,2026-09-03,-0.06,-0.65,-2.1,-6.56,-3.91,-29.03
RAMCOIND,324.0,2026-09-03,-1.23,-5.14,-2.11,7.25,15.71,5.56
HDFCVALUE,125.5,2026-09-03,-0.1,-0.14,-2.11,-0.72,-7.27,-5.4
MOVALUE,112.8,2026-09-03,0.44,-0.24,-2.12,-3.64,-9.89,11.2
DRREDDY,1155.0,2026-09-03,0.05,-2.94,-2.12,-7.99,-10.2,-7.91
NELCAST,118.76,2026-09-03,0.51,2.23,-2.13,-12.92,8.87,-21.46
MALUPAPER,32.44,2026-09-03,2.4,3.38,-2.14,-0.28,1.31,-15.08
MAHSCOOTER,13639.0,2026-09-03,-0.26,4.41,-2.14,8.83,3.69,-16.62
HDFCNIFTY,269.79,2026-09-03,-0.76,-1.2,-2.15,2.62,-3.21,-2.27
MOKSH,9.98,2026-09-03,-4.77,-3.48,-2.16,-13.89,-18.13,-28.36
GESHIP,1353.6,2026-09-03,3.98,1.55,-2.16,-7.57,3.86,45.64
NTPCGREEN,88.73,2026-09-03,-0.87,-2.96,-2.17,-12.2,1.14,-15.58
ORBTEXP,238.0,2026-09-03,0.39,1.59,-2.17,28.93,47.28,25.59
IT,34.19,2026-09-03,-0.38,1.06,-2.17,4.97,2.4,-11.4
KUANTUM,75.16,2026-09-03,4.22,2.96,-2.17,1.02,-10.48,-30.11
ATLASCYCLE,95.44,2026-09-03,-0.12,-1.28,-2.19,-3.69,8.79,-26.02
CENTRALBK,30.77,2026-09-03,1.82,-1.41,-2.19,1.58,-19.27,-11.42
ELPROINTL,174.44,2026-09-03,0.27,-0.39,-2.2,3.77,,
TREEHOUSE,6.22,2026-09-03,-0.48,-0.32,-2.2,-8.26,-30.97,-19.64
ICICIB22,114.03,2026-09-03,0.22,-0.98,-2.2,-3.67,-9.15,5.59
TEGA,1552.8,2026-09-03,-2.11,-8.89,-2.2,-14.73,-11.73,-21.79
CAPACITE,208.88,2026-09-03,-2.39,-5.44,-2.21,-7.11,-9.73,-30.77
JPOLYINVST,1006.5,2026-09-03,1.63,6.38,-2.21,2.35,-13.8,1.24
SBIETFIT,342.1,2026-09-03,-0.59,1.1,-2.22,5.09,2.47,-11.44
VINEETLAB,37.5,2026-09-03,-3.5,0.35,-2.22,9.04,25.29,10.29
LAXMIINDIA,128.13,2026-09-03,-1.38,2.1,-2.23,17.53,41.72,-19.01
SINDHUTRAD,23.95,2026-09-03,-4.12,-0.29,-2.24,-7.85,-0.33,-4.05
IVZINNIFTY,274.66,2026-09-03,-0.3,-1.09,-2.25,-89.73,-90.31,-90.17
GROWWPSE,97.89,2026-09-03,0.74,-0.33,-2.28,-3.83,-6.1,
IRB,19.67,2026-09-03,1.6,4.02,-2.28,-7.34,-1.03,-7.78
COFFEEDAY,31.3,2026-09-03,6.17,7.71,-2.28,-20.98,7.89,-34.81
RAJPALAYAM,799.7,2026-09-03,-0.86,-0.44,-2.28,-4.79,,
IDFNIFTYET,265.31,2026-09-03,-0.39,-1.06,-2.29,3.34,-2.76,-1.72
ITETF,32.69,2026-09-03,-0.15,0.99,-2.3,5.11,2.64,-11.24
ORICONENT,52.99,2026-09-03,-3.0,-6.94,-2.3,-12.08,-20.98,0.75
KREBSBIO,54.5,2026-09-03,-3.18,2.54,-2.31,-14.71,1.11,-25.35
NETF,260.55,2026-09-03,-0.65,-0.8,-2.32,3.04,-3.37,-1.85
BBTC,1501.6,2026-09-03,-0.09,5.58,-2.32,0.73,-8.67,-17.41
LICNFNHGP,276.04,2026-09-03,-0.66,-0.97,-2.33,3.45,-1.05,0.01
MSCIADD,29.37,2026-09-03,-1.18,-1.97,-2.33,2.62,-0.81,
MONIFTY100,25.17,2026-09-03,-0.94,-1.45,-2.33,2.82,-1.77,
GROWWNIFTY,9.66,2026-09-03,-0.82,-1.43,-2.33,2.88,-3.5,
LOVABLE,72.21,2026-09-03,-1.35,-0.3,-2.33,3.57,0.04,-24.51
MOM50,250.41,2026-09-03,-0.48,-0.87,-2.34,2.5,-3.18,-2.51
INDUSINDBK,1004.8,2026-09-03,-1.16,-1.34,-2.34,11.83,6.78,31.03
STEELCAS,317.85,2026-09-03,-9.13,-8.27,-2.34,14.4,39.71,48.27
AAKASH,8.77,2026-09-03,1.5,0.0,-2.34,-7.97,5.28,-14.77
FMNL,9.62,2026-09-03,-8.12,4.57,-2.34,-9.07,12.12,-25.94
MASKINVEST,143.55,2026-09-03,-5.71,-5.56,-2.35,-9.15,4.46,-3.39
THYROCARE,578.65,2026-09-03,-4.28,-0.92,-2.35,11.61,52.47,35.87
HAWKINCOOK,8297.0,2026-09-03,2.22,1.76,-2.35,13.07,,
CSBBANK,324.95,2026-09-03,-5.41,-2.09,-2.36,-10.85,-14.8,-10.35
ANSALAPI,3.31,2026-09-03,1.53,-1.19,-2.36,-9.56,-18.67,-35.23
SECURKLOUD,17.41,2026-09-03,-0.57,-3.06,-2.36,-11.08,-17.02,-25.53
AONENIFTY,9.89,2026-09-03,-0.7,-1.0,-2.37,2.91,-3.32,-2.37
PFOCUS,291.65,2026-09-03,1.51,-5.25,-2.38,30.08,5.92,105.37
SENSEXADD,79.18,2026-09-03,-0.16,-0.94,-2.38,3.84,-3.84,-3.94
MURUDCERA,29.97,2026-09-03,-0.89,-1.67,-2.38,-4.77,-4.68,-30.17
FORTIS,917.5,2026-09-03,1.17,-0.05,-2.39,-1.27,-1.5,-3.99
APTUS,257.31,2026-09-03,3.4,1.16,-2.39,-0.11,8.99,-21.27
AJAXENGG,579.75,2026-09-03,0.91,0.5,-2.4,-2.81,21.06,-15.75
ABSLPSE,10.11,2026-09-03,1.0,-0.49,-2.41,-3.62,-5.69,4.12
MRF,130510.0,2026-09-03,-2.42,-2.87,-2.41,4.77,-5.83,-13.16
GRPLTD,1979.7,2026-09-03,0.72,-0.17,-2.42,8.31,9.96,-4.52
SUNPHARMA,1916.0,2026-09-03,-3.47,0.31,-2.42,7.41,9.62,22.47
GSLSU,27.02,2026-09-03,5.01,-13.95,-2.42,-51.68,-65.75,-75.48
NEXT30ADD,42.59,2026-09-03,-0.72,-1.87,-2.43,1.07,3.85,9.74
MADRASFERT,65.13,2026-09-03,-0.25,-0.81,-2.44,-6.56,1.31,-30.97
NIFTY1,265.42,2026-09-03,-0.71,-1.3,-2.44,2.57,-3.42,-2.1
NV20BEES,139.13,2026-09-03,-0.17,-0.02,-2.45,-1.06,-7.41,46.11
VAL30IETF,15.14,2026-09-03,0.4,-0.33,-2.45,-3.81,-6.54,16.73
QUAL30IETF,21.07,2026-09-03,-0.71,-1.17,-2.45,2.23,1.64,-1.4
NV20IETF,13.55,2026-09-03,-0.07,0.07,-2.45,-0.95,-7.51,-5.84
NIF100IETF,27.93,2026-09-03,-0.71,-1.34,-2.48,2.65,-2.07,-0.75
ONGC,236.0,2026-09-03,1.81,-0.23,-2.48,-11.86,-16.37,4.06
SAFARI,1509.5,2026-09-03,-0.1,0.96,-2.49,-3.97,-12.95,-29.77
SSFL,253.0,2026-09-02,-3.05,10.0,-2.49,51.32,95.59,61.95
DIVIDEND,35.55,2026-09-03,0.2,-0.84,-2.5,-1.11,-2.17,
TOP100CASE,10.52,2026-09-03,-0.75,-1.31,-2.5,3.04,-1.59,-0.57
PCBL,314.25,2026-09-03,-0.88,-2.16,-2.5,9.54,7.99,-15.66
BSLSENETFG,77.15,2026-09-03,-0.59,-0.82,-2.51,3.47,-4.02,-4.07
RSSOFTWARE,29.91,2026-09-03,0.57,-0.23,-2.51,-8.36,-10.77,-59.91
ADANIPOWER,208.29,2026-09-03,5.2,2.25,-2.51,-10.42,50.97,70.93
POLYCAB,8807.5,2026-09-03,-6.75,-2.72,-2.51,-7.55,3.52,22.31
EKC,107.0,2026-09-03,-0.44,-5.83,-2.53,-8.12,-1.73,-24.69
IOB,33.23,2026-09-03,2.34,0.15,-2.55,0.67,-5.6,-15.81
HDFCSENSEX,86.75,2026-09-03,-0.62,-1.02,-2.55,3.97,-4.12,-4.18
QNIFTY,263.65,2026-09-03,-0.62,-1.1,-2.55,2.7,-3.21,-90.24
YUDIZ,24.7,2026-09-02,5.11,2.92,-2.56,-3.14,-22.81,-15.99
GROWWPOWER,11.32,2026-09-03,1.16,-0.53,-2.58,-7.21,9.27,
TECHNOE,973.65,2026-09-03,-0.86,-2.44,-2.58,-7.01,-15.28,-36.76
ALICON,684.55,2026-09-03,2.88,-5.77,-2.59,3.85,-8.28,-18.44
VEDPOWER,34.29,2026-09-03,-2.53,-5.54,-2.59,,,
MSCIINDIA,29.71,2026-09-03,-1.23,-0.83,-2.59,2.8,-0.74,1.19
SPARC,202.54,2026-09-03,1.61,3.85,-2.59,-2.86,60.85,37.95
NIFTYBEES,272.63,2026-09-03,-0.81,-1.17,-2.59,2.67,-3.3,-2.26
PASHUPATI,83.1,2026-09-03,-0.29,-3.81,-2.6,-11.08,-17.94,22.55
BIRDYS,86.2,2026-09-02,0.0,0.0,-2.6,-30.29,-27.26,-32.97
NIFTYADD,251.97,2026-09-03,-0.87,-1.15,-2.61,2.53,-3.19,-2.26
TRUALT,426.4,2026-09-03,-0.74,-3.5,-2.62,-15.68,13.19,
JAGRAN,61.23,2026-09-03,0.25,-1.15,-2.62,-9.34,11.6,-2.38
SENSEXETF,79.12,2026-09-03,-0.39,-0.91,-2.62,3.57,-3.85,-3.98
OMAXAUTO,183.59,2026-09-03,-1.06,-4.43,-2.62,-21.65,79.12,28.32
CARYSIL,1157.0,2026-09-03,2.53,0.66,-2.63,1.67,31.94,29.18
NIFTYBETA,264.92,2026-09-03,-0.98,-1.4,-2.64,2.48,-3.45,
KISSHT,305.3,2026-09-03,-0.6,-0.1,-2.65,15.32,,
BELLACASA,239.51,2026-09-03,0.84,4.5,-2.65,-0.81,-14.41,-41.67
NESCO,1044.8,2026-09-03,0.37,0.87,-2.66,-9.08,-3.98,-27.36
AMRUTANJAN,507.35,2026-09-03,-0.39,-2.83,-2.66,-7.17,-12.69,-31.35
INDHOTEL,732.0,2026-09-03,-0.8,0.43,-2.66,12.03,12.94,-5.0
BSLNIFTY,28.07,2026-09-03,-0.85,-1.2,-2.67,2.9,-3.24,-2.16
UNITDSPR,1488.9,2026-09-03,-0.07,-4.25,-2.69,18.8,9.79,11.88
JYOTHYLAB,200.5,2026-09-03,-1.46,-5.68,-2.7,2.04,-16.98,-39.33
LXCHEM,175.58,2026-09-03,5.41,1.39,-2.7,6.88,44.64,-19.0
VIKASECO,1.08,2026-09-03,-3.57,1.89,-2.7,-16.28,-19.4,-48.08
LICI,416.9,2026-09-03,-0.26,-1.17,-2.71,5.9,1.35,-1.99
JUBLPHARMA,907.9,2026-09-03,2.95,0.58,-2.71,-6.77,7.32,-13.27
NIFTYBETF,245.83,2026-09-03,-1.09,-1.34,-2.71,2.45,-3.45,-2.26
KARNIKA,114.6,2026-09-02,-0.39,-0.61,-2.72,-16.96,-3.13,-43.1
PATELRMART,220.58,2026-09-03,-2.71,-3.26,-2.73,18.73,27.99,-15.5
DRSDILIP,107.0,2026-09-02,0.0,-0.93,-2.73,-10.46,1.9,9.18
ENFUSE,160.0,2026-09-02,0.0,0.0,-2.74,-5.88,-13.26,-32.2
UNIVPHOTO,467.25,2026-09-03,4.04,4.04,-2.74,18.02,1.99,79.71
TNTELE,8.86,2026-09-03,-0.56,-2.21,-2.74,-4.32,-4.32,-42.24
SETFNIF50,257.33,2026-09-03,-0.94,-1.35,-2.74,2.66,-3.42,-2.53
RUCHIRA,105.12,2026-09-03,2.53,2.18,-2.75,-7.22,-0.76,-29.43
CMPDI,239.66,2026-09-03,3.78,0.76,-2.75,5.66,,
MBLINFRA,24.44,2026-09-03,7.1,4.58,-2.75,-13.27,-4.64,-41.09
BANKBARODA,240.44,2026-09-03,0.77,-0.44,-2.75,-7.67,-21.25,4.11
GPTINFRA,110.88,2026-09-03,0.2,-2.17,-2.75,-4.11,-6.8,-5.0
HEROMOTOCO,5308.5,2026-09-03,-2.6,-6.62,-2.77,11.27,-3.66,2.67
LTM,4560.0,2026-09-03,0.44,0.76,-2.77,12.52,4.92,-10.63
EIHAHOTELS,303.85,2026-09-03,0.91,2.01,-2.78,1.45,-4.82,-25.75
BIRLACORPN,880.9,2026-09-03,0.94,-0.96,-2.78,-8.38,-4.69,-30.93
CONCOR,508.85,2026-09-03,-0.6,-1.46,-2.78,12.95,6.56,-5.9
PAISALO,70.28,2026-09-03,4.41,1.15,-2.78,30.34,107.07,111.28
MINDACORP,706.5,2026-09-03,-0.85,-1.87,-2.79,12.91,30.79,39.73
ELECTHERM,979.9,2026-09-03,-1.08,-7.07,-2.79,-1.9,39.76,19.86
AUTOIETF,28.91,2026-09-03,-3.5,-4.02,-2.79,7.39,2.01,9.26
NCLIND,177.36,2026-09-03,2.09,2.3,-2.79,-2.84,-3.6,-17.01
PTC,155.25,2026-09-03,2.89,-1.01,-2.81,-5.48,7.55,-0.65
BFINVEST,469.45,2026-09-03,6.37,4.59,-2.81,8.86,25.54,2.46
LICNETFSEN,863.46,2026-09-03,-1.09,-1.52,-2.82,2.88,-3.98,-4.38
GRSE,2509.8,2026-09-03,-2.17,-3.32,-2.82,-3.77,5.87,1.04
BAJAJCON,508.95,2026-09-03,7.36,9.88,-2.84,-8.36,34.25,110.34
TIMKEN,3124.8,2026-09-03,-0.79,1.43,-2.84,-10.44,-7.29,6.56
TOP20,8.88,2026-09-03,-0.78,-1.0,-2.84,5.97,-2.95,
CIFL,20.17,2026-09-03,-1.08,-1.18,-2.84,-16.27,-32.92,-38.55
NIFTYETF,260.05,2026-09-03,-0.71,-1.31,-2.85,2.52,-3.29,-2.29
TCIEXP,541.3,2026-09-03,-1.14,-0.83,-2.86,4.76,4.24,-23.6
TORNTPHARM,4905.5,2026-09-03,-3.17,0.39,-2.86,12.29,12.5,37.22
INFRAIETF,94.72,2026-09-03,0.13,-1.28,-2.87,-0.18,-1.28,2.62
MGL,1066.4,2026-09-03,-0.27,-5.44,-2.87,0.27,-10.24,-14.77
CROWN,111.8,2026-09-03,3.61,6.27,-2.88,3.66,-3.63,-29.27
SCHAEFFLER,3950.6,2026-09-03,-1.6,-1.74,-2.91,-2.45,-7.49,3.22
SJS,2411.1,2026-09-03,-3.11,-5.88,-2.91,22.55,40.33,70.55
BAGFILMS,4.32,2026-09-03,-1.37,-2.04,-2.92,-14.12,-13.77,-33.64
KANDARP,97.95,2026-09-02,3.05,-1.95,-2.92,-35.77,-34.02,-6.27
IGCL,73.27,2026-09-03,2.19,2.35,-2.92,27.45,15.97,-31.51
INCREDIBLE,32.13,2026-09-03,0.28,-4.03,-2.93,-8.23,-1.98,-25.71
VARDMNPOLY,5.94,2026-09-03,-0.5,-1.0,-2.94,-15.02,-26.3,-34.07
SHOPERSTOP,391.45,2026-09-03,1.98,-3.76,-2.95,6.58,29.19,-27.45
DISAQ,11775.0,2026-09-03,-2.56,-0.88,-2.96,4.73,,
ASHOKLEY,169.35,2026-09-03,-3.58,-2.27,-2.98,16.12,-17.59,33.15
SAGARDEEP,23.76,2026-09-03,0.51,-0.5,-2.98,-5.56,0.85,-12.94
GREENLAM,244.17,2026-09-03,-1.5,-2.84,-2.99,8.63,5.32,3.41
PSB,23.05,2026-09-03,0.7,-0.82,-2.99,0.03,-9.13,-18.8
LICNETFN50,267.67,2026-09-03,-1.06,-1.63,-3.0,2.19,-3.54,-2.86
BPCL,320.05,2026-09-03,-1.23,2.61,-3.0,9.57,-14.61,6.69
VIRINCHI,14.86,2026-09-03,1.36,-1.85,-3.0,-5.47,-23.12,-48.63
ITCHOTELS,160.25,2026-09-03,0.1,-2.64,-3.01,5.15,-6.5,-35.65
SOMATEX,92.75,2026-09-03,15.73,6.87,-3.02,-8.6,-14.42,15.17
NAVA,557.2,2026-09-03,-1.92,-1.73,-3.02,-7.07,-2.49,-19.7
SETCO,17.36,2026-09-03,-1.92,-3.5,-3.02,6.9,79.1,105.08
MICEL,37.48,2026-09-03,-5.85,3.68,-3.03,-13.2,6.63,-27.2
MOTOUR,77.89,2026-09-03,-0.23,-1.82,-3.04,7.55,3.25,-15.44
CENTURYPLY,749.2,2026-09-03,-1.06,0.57,-3.05,-0.49,2.67,-3.81
FIVESTAR,534.6,2026-09-03,-0.08,6.92,-3.05,23.41,31.57,0.63
5PAISA,342.45,2026-09-03,-3.97,-8.63,-3.06,5.35,11.57,-5.54
VMM,107.8,2026-09-03,-2.57,-5.02,-3.06,-10.38,-8.04,-26.44
HDFCLOWVOL,20.55,2026-09-03,-0.87,-1.25,-3.07,3.63,-1.11,-1.72
MARALOVER,55.26,2026-09-03,1.39,0.18,-3.07,-4.84,27.74,0.05
RAMASTEEL,4.09,2026-09-03,-5.54,0.0,-3.08,-22.68,-39.14,-61.2
DHANBANK,31.72,2026-09-03,-1.21,-6.73,-3.09,-6.68,34.46,27.03
TECHM,1598.0,2026-09-03,-1.84,0.88,-3.09,11.36,21.86,9.85
THEINVEST,98.1,2026-09-03,2.71,1.47,-3.09,0.48,3.94,-35.52
NYKAA,334.2,2026-09-03,-4.39,1.18,-3.1,24.05,28.98,40.59
SANDHAR,627.85,2026-09-03,-3.93,-7.75,-3.1,-12.59,24.49,34.76
ORTINGLOBE,15.02,2026-09-03,-1.83,-1.77,-3.1,-4.27,-8.25,18.74
ENRIN,3155.2,2026-09-03,-2.3,-9.48,-3.1,-14.41,6.14,-8.05
NIBE,1322.0,2026-09-03,-3.62,-8.07,-3.11,-11.99,32.72,8.78
BMETRICS,35.85,2026-09-02,15.46,5.44,-3.11,-2.18,2.72,-24.38
UNIENTER,94.06,2026-09-03,0.59,-0.98,-3.11,-7.44,-4.46,-39.17
NDGL,2757.6,2026-09-03,-0.11,1.75,-3.12,8.53,10.14,-29.23
RHL,167.6,2026-09-03,1.29,-0.83,-3.12,-7.89,-9.3,-44.32
IFBIND,1311.8,2026-09-03,-1.47,-6.77,-3.12,2.51,21.33,-15.74
CAPILLARY,480.05,2026-09-03,-2.8,-4.36,-3.13,-4.7,-4.87,
MNC,33.27,2026-09-03,-1.83,-2.75,-3.14,2.4,3.13,9.05
ASHOKA,117.32,2026-09-03,-2.47,3.62,-3.14,-5.31,-8.82,-38.86
BFSI,27.02,2026-09-03,-0.73,-0.52,-3.15,4.53,-5.13,1.5
PARACABLES,64.3,2026-09-03,-1.59,3.29,-3.15,0.08,88.29,37.01
MON50EQUAL,33.16,2026-09-03,-0.57,-2.24,-3.15,2.25,0.64,3.99
BALKRISHNA,17.48,2026-09-03,1.63,1.27,-3.16,-5.51,7.5,-19.71
PRESTIGE,1615.2,2026-09-03,-1.09,-1.26,-3.16,20.19,17.42,2.04
VLSFINANCE,246.57,2026-09-03,1.41,-0.66,-3.17,6.75,-0.92,11.11
VAKRANGEE,5.8,2026-09-03,-0.34,-1.86,-3.17,-10.08,-6.75,-31.92
MCON,42.5,2026-09-02,-8.01,-12.37,-3.19,-1.62,-3.3,-51.79
CCHHL,12.64,2026-09-03,-0.16,-2.39,-3.22,-1.79,-5.74,-30.09
EQUAL50ADD,340.57,2026-09-03,-0.97,-1.24,-3.23,1.92,0.15,3.84
GTL,7.2,2026-09-03,-0.14,-2.96,-3.23,-2.83,3.0,-21.82
IOC,137.8,2026-09-03,-0.96,-0.51,-3.25,1.2,-21.4,3.28
GLFL,5.66,2026-09-03,-4.07,-1.91,-3.25,-5.67,6.79,-8.27
SBINEQWETF,33.13,2026-09-03,-0.96,-1.37,-3.27,1.81,0.0,3.82
NHPC,76.45,2026-09-03,-0.35,-0.26,-3.27,2.08,4.81,-1.68
ORIENTALTL,5.02,2026-09-03,-0.2,-2.71,-3.28,-21.19,-19.03,-46.31
OLAELEC,37.47,2026-09-03,-8.88,0.32,-3.28,-14.33,55.61,-45.69
SBIETFCON,120.31,2026-09-03,-1.51,-2.54,-3.29,4.98,2.89,-4.79
ESG,41.07,2026-09-03,-0.41,-1.25,-3.3,2.57,-1.84,-3.36
DIVOPPBEES,76.68,2026-09-03,-0.62,-0.99,-3.32,-1.12,-6.66,-0.79
RSWM,217.28,2026-09-03,9.51,11.03,-3.33,25.42,46.58,39.95
BIOFILCHEM,31.97,2026-09-03,-1.9,-1.14,-3.33,-6.63,4.82,-26.29
MARKOLINES,171.34,2026-09-03,-1.39,0.19,-3.35,4.66,7.28,
FCSSOFT,1.44,2026-09-03,-2.7,-2.04,-3.36,-20.0,-4.64,-40.98
SUNTECK,297.75,2026-09-03,-1.65,-3.12,-3.36,5.81,-23.86,-24.19
GROWWLOVOL,10.34,2026-09-03,-0.77,-1.24,-3.36,2.38,-1.8,0.44
THEJO,2091.0,2026-09-03,0.69,2.89,-3.37,35.33,27.97,11.01
GTPL,57.93,2026-09-03,0.35,6.31,-3.37,-11.65,-0.17,-49.77
CELLECOR,32.9,2026-09-02,4.44,0.46,-3.38,-12.03,31.34,10.77
SUMICHEM,498.35,2026-09-03,-3.69,-4.8,-3.39,3.47,25.58,-15.41
SUNDROP,656.4,2026-09-03,-0.56,1.92,-3.4,0.61,3.39,-23.88
FINIETF,32.65,2026-09-03,-1.03,-2.16,-3.4,6.46,3.68,10.72
INDRAMEDCO,356.35,2026-09-03,-1.85,-4.18,-3.4,-11.23,-9.14,-24.73
SATIA,60.37,2026-09-03,6.14,4.25,-3.41,7.44,-4.72,-27.13
SBGLP,24.68,2026-09-03,2.15,2.19,-3.41,-5.04,-13.31,-29.57
EQUAL50,329.56,2026-09-03,-1.01,-1.48,-3.41,1.71,0.09,3.45
PVSL,103.54,2026-09-03,-1.41,-6.0,-3.41,5.78,11.75,-16.18
PARTYCRUS,85.0,2026-09-02,0.0,3.66,-3.41,-12.28,4.94,8.9
BRIGHOTEL,58.95,2026-09-03,0.31,-0.47,-3.42,-4.12,-1.07,-31.06
HDFCAMC,2510.8,2026-09-03,-4.24,-4.09,-3.45,2.22,-3.17,-8.33
ASTERDM,787.0,2026-09-03,4.1,4.81,-3.45,7.73,22.63,27.46
DPSCLTD,7.27,2026-09-03,1.11,2.25,-3.45,-8.9,-18.22,-40.51
VIKRAMSOLR,171.65,2026-09-03,1.75,-0.22,-3.46,-16.4,2.72,-48.27
LOWVOL1,21.1,2026-09-03,-0.14,-1.12,-3.48,4.04,0.14,-1.22
AXISCETF,119.97,2026-09-01,-0.93,-2.72,-3.48,,,
RELIABLE,141.26,2026-09-03,2.48,-0.65,-3.49,2.72,13.32,0.56
DOMS,2207.6,2026-09-03,-1.12,0.43,-3.52,2.63,-2.14,-11.56
AVL,600.4,2026-09-03,-0.02,2.24,-3.52,14.39,25.91,30.97
RELIGARE,251.89,2026-09-03,3.74,10.99,-3.53,8.2,19.7,-0.54
ZUARI,225.04,2026-09-03,-2.78,-0.85,-3.53,2.77,3.89,-30.44
MOMNC,32.29,2026-09-03,-1.97,-2.62,-3.53,2.53,3.71,
SUNDRMBRAK,751.0,2026-09-03,-2.52,-4.91,-3.53,9.35,28.66,-2.66
HDFCLIFE,533.5,2026-09-03,-1.81,-3.52,-3.54,-6.79,-24.3,-31.04
JINDALPHOT,1026.2,2026-09-03,0.89,0.63,-3.55,2.55,-14.85,-16.02
JSWHL,11590.0,2026-09-03,-3.63,3.84,-3.55,-6.71,-29.13,-37.82
APOLLO,383.25,2026-09-03,-0.74,-0.49,-3.55,-5.96,79.07,26.34
CANTABIL,237.74,2026-09-03,-1.93,-2.04,-3.55,10.45,-7.46,-7.05
TATASTEEL,184.2,2026-09-03,-0.08,-1.13,-3.56,-11.28,-10.91,12.0
MOSERVICE,30.64,2026-09-03,-1.19,-1.48,-3.56,3.58,-4.19,
GANESHCP,168.82,2026-09-03,-1.36,4.38,-3.57,-18.88,-7.67,
NUVOCO,338.1,2026-09-03,6.02,5.46,-3.57,2.88,6.4,-26.9
RAJRATAN,495.1,2026-09-03,-0.41,1.0,-3.58,20.47,20.25,57.21
VAML,435.85,2026-09-03,0.16,-3.0,-3.59,,,
ONWARDTEC,283.3,2026-09-03,-2.23,-1.05,-3.59,12.12,9.46,-14.07
WAAREEENER,2579.9,2026-09-03,-0.96,-3.55,-3.59,-16.36,-2.4,-19.93
SUKHJITS,157.71,2026-09-03,-0.65,-1.4,-3.6,-8.18,-19.52,-7.32
BHAGYANGR,373.45,2026-09-03,-2.92,-3.99,-3.61,10.05,126.53,303.51
NILASPACES,12.28,2026-09-03,-2.15,-3.69,-3.61,-2.15,-6.9,-16.06
EMBDL,58.59,2026-09-03,-5.61,-7.86,-3.62,2.77,-0.58,-41.6
GKWLIMITED,1600.0,2026-09-03,4.94,-0.06,-3.63,-4.19,-0.93,-6.39
NATHBIOGEN,153.07,2026-09-03,-3.24,-1.01,-3.63,-11.44,7.0,-9.53
KIOCL,380.55,2026-09-03,-0.17,-2.0,-3.63,-0.82,17.45,-12.99
LOWVOLIETF,21.98,2026-09-03,-0.86,-1.21,-3.64,3.73,-1.39,-2.22
TUNWAL,25.1,2026-09-02,-1.57,-3.83,-3.65,-15.06,-16.05,-13.9
CCL,1107.3,2026-09-03,2.83,2.64,-3.65,2.99,9.18,19.31
MOQUALITY,199.01,2026-09-03,-0.8,-1.62,-3.65,-0.12,3.86,2.93
SAKUMA,1.58,2026-09-03,-4.82,6.04,-3.66,-16.4,-9.71,-41.04
RALLIS,209.83,2026-09-03,1.27,-0.71,-3.67,-10.38,-19.06,-41.51
SGFIN,676.8,2026-09-03,-1.72,-1.82,-3.67,17.1,76.57,78.27
GLOBALPET,154.0,2026-09-02,-1.53,1.99,-3.69,2.46,41.28,10.0
CONS,12.01,2026-09-03,-1.88,-2.83,-3.69,4.89,3.36,-90.45
SAATVIKGL,421.65,2026-09-03,0.89,0.01,-3.69,-9.29,18.86,
BASILIC,192.05,2026-09-02,-3.49,-0.6,-3.71,-9.24,-6.75,-55.93
AUTOBEES,288.19,2026-09-03,-3.54,-3.9,-3.72,7.18,1.77,8.82
INFOMEDIA,5.18,2026-09-03,-0.58,-2.81,-3.72,-5.47,1.97,-15.08
MDL,61.95,2026-09-02,0.0,21.47,-3.73,17.11,34.67,-23.52
KALYANKJIL,585.3,2026-09-03,-2.61,-3.73,-3.73,65.81,45.69,14.18
HERANBA,175.93,2026-09-03,1.94,-1.36,-3.73,-1.43,-12.18,-50.04
BCG,9.0,2026-09-03,-0.44,-0.55,-3.74,-18.48,-11.59,-42.97
BAJAJHLDNG,11165.0,2026-09-03,-4.11,0.4,-3.74,10.93,5.69,-12.77
BCPL,67.77,2026-09-03,-0.75,-3.27,-3.75,-13.35,,
CLEANMAX,1298.7,2026-09-03,4.15,3.37,-3.76,12.18,49.71,
GROWWNXT50,73.45,2026-09-03,-0.34,-1.4,-3.76,5.35,6.5,8.84
SHANTHALA,16.6,2026-09-02,0.0,1.84,-3.77,-26.87,-48.84,-56.66
SHARDAMOTR,877.9,2026-09-03,-0.57,-1.71,-3.77,5.99,-2.05,-18.01
HDFCGROWTH,118.68,2026-09-03,-2.1,-1.31,-3.79,5.98,0.25,-2.9
RPGLIFE,2652.4,2026-09-03,0.89,1.11,-3.79,21.85,48.33,13.06
RUSTOMJEE,381.75,2026-09-03,0.74,0.71,-3.79,-2.48,-12.0,-37.57
TRIDENT,23.99,2026-09-03,-0.79,-1.8,-3.81,-0.66,0.19,-13.72
HINDPETRO,361.35,2026-09-03,-1.2,-2.85,-3.81,-1.08,-10.49,-0.86
CRAMC,251.2,2026-09-03,-3.12,-3.24,-3.83,1.96,4.51,
CONSUMBEES,130.02,2026-09-03,-1.35,-2.64,-3.83,4.96,2.75,-4.95
NOIDATOLL,4.27,2026-09-03,1.43,3.64,-3.83,-15.28,18.28,-8.17
ICICIAMC,2980.0,2026-09-03,-2.78,-7.74,-3.84,-10.51,-3.19,
MAHLOG,400.3,2026-09-03,2.26,-0.69,-3.84,14.98,0.79,25.94
INDIAMART,1729.5,2026-09-03,-1.48,-0.95,-3.84,-10.13,-15.82,-29.61
JARO,454.4,2026-09-03,-1.12,2.07,-3.84,-23.37,4.02,
WOCKPHARMA,1950.6,2026-09-03,3.55,2.61,-3.84,-5.95,48.9,31.09
VIVIDHA,0.5,2026-09-03,0.0,-5.66,-3.85,-12.28,-5.66,-35.9
ABREL,1376.9,2026-09-03,1.58,-3.7,-3.85,9.92,9.83,-24.17
UTIAMC,880.4,2026-09-03,1.13,-0.68,-3.86,-0.94,-5.27,-32.11
ZYDUSWELL,538.2,2026-09-03,1.47,5.3,-3.87,7.29,42.31,15.8
CONSUMIETF,121.06,2026-09-03,-1.22,-2.5,-3.87,5.42,2.86,-4.53
SHREEKARNI,395.0,2026-09-02,-0.67,15.48,-3.87,-4.82,-4.82,-22.55
AGNI,16.0,2026-09-02,3.23,8.84,-3.9,-13.28,-10.86,-56.1
PTL,38.22,2026-09-03,-1.11,-1.09,-3.9,-1.63,2.92,1.24
UNIDT,221.96,2026-09-03,2.99,0.99,-3.92,-11.06,32.99,11.4
SAIFL,4.85,2026-09-02,1.04,-3.96,-3.96,-5.83,-48.4,-81.9
GRADIENTE,2.67,2026-09-03,3.09,-10.4,-3.96,-17.34,,
GRINFRA,871.1,2026-09-03,-0.58,-0.91,-3.96,-1.04,-5.74,-32.13
DALBHARAT,1771.2,2026-09-03,-4.58,-4.41,-3.98,3.09,-9.34,-26.2
LOWVOL,205.78,2026-09-03,-0.86,-1.23,-3.98,3.65,-0.81,-1.73
AVANTEL,156.5,2026-09-03,-2.28,-1.36,-3.98,-10.81,10.66,-3.32
TVTODAY,111.14,2026-09-03,-2.65,-2.05,-3.99,-0.24,-9.18,-25.73
SAREGAMA,493.65,2026-09-03,2.87,-3.22,-4.0,6.78,50.14,0.89
KSOLVES,271.5,2026-09-03,1.19,-1.07,-4.0,-2.35,-4.96,-11.48
BETA,2258.9,2026-09-03,-0.04,-2.08,-4.0,55.36,114.34,20.39
ONEPOINT,54.62,2026-09-03,-0.29,-1.6,-4.01,-5.78,18.64,21.05
J&KBANK,149.86,2026-09-03,1.48,2.5,-4.01,0.81,24.96,45.72
VIDYAWIRES,89.45,2026-09-03,-0.89,3.41,-4.05,-13.75,73.25,
KAVDEFENCE,56.15,2026-09-03,-0.09,-1.7,-4.05,-6.93,-12.02,-24.26
STUDDS,426.95,2026-09-03,-4.06,-4.49,-4.05,-2.74,-15.75,
JAIPURKURT,25.82,2026-09-03,-1.07,-3.26,-4.05,-18.88,-23.11,-31.64
SHRADHA,31.9,2026-09-03,0.19,-3.19,-4.06,-6.12,-11.34,-46.44
CUBEXTUB,76.41,2026-09-03,-0.75,-3.57,-4.07,-11.73,-25.04,-7.95
BUILDPRO,1288.8,2026-09-03,2.78,3.11,-4.08,11.82,41.39,
ROHLTD,298.5,2026-09-03,0.73,-1.61,-4.08,-7.76,-13.25,-45.6
GICHSGFIN,142.06,2026-09-03,2.06,3.57,-4.08,-2.61,-3.87,-16.94
SBIFUNDS,564.0,2026-09-03,-2.34,4.17,-4.09,,,
GOYALALUM,6.31,2026-09-03,0.48,-1.87,-4.1,-4.54,-4.54,-15.87
LFIC,135.28,2026-09-03,0.89,-1.48,-4.1,-4.12,3.64,-37.29
SUPRAJIT,489.7,2026-09-03,-2.35,-3.17,-4.11,5.63,14.05,7.38
SUNREST,35.0,2026-09-02,-11.62,-14.63,-4.11,0.0,-22.22,-28.86
GILLETTE,7341.0,2026-09-03,0.16,-0.88,-4.13,-4.13,-9.34,-25.42
WTICAB,107.0,2026-09-02,-0.14,-1.7,-4.16,8.52,-6.14,-41.32
FINPIPE,158.9,2026-09-03,0.75,-3.99,-4.16,-9.57,-11.89,-25.9
OSWALAGRO,36.88,2026-09-03,-1.81,-0.83,-4.18,-13.16,-18.12,-53.03
MAHEPC,103.25,2026-09-03,1.1,-3.22,-4.19,-9.6,-6.91,-36.1
STCINDIA,114.65,2026-09-03,-1.41,-5.94,-4.19,-4.42,3.73,-2.95
HONDAPOWER,1986.4,2026-09-03,-1.57,-4.18,-4.19,-10.3,-3.55,-29.45
INNOVANA,308.5,2026-09-03,1.36,-3.56,-4.19,-5.69,-21.41,-41.19
GATEWAY,54.5,2026-09-03,1.32,1.23,-4.2,-0.43,-1.94,-11.27
SUPRIYA,842.7,2026-09-03,5.56,5.71,-4.2,-6.47,32.58,27.42
HCLTECH,1319.0,2026-09-03,0.52,-0.23,-4.21,13.02,-0.95,-5.96
INFY,1130.3,2026-09-03,-0.31,0.03,-4.21,-5.55,-10.41,-20.73
EQUITASBNK,73.04,2026-09-03,-1.26,-2.61,-4.22,3.02,18.42,42.05
SHRIRAMFIN,1044.2,2026-09-03,-5.92,-6.68,-4.22,15.02,-0.23,80.2
INDIANCARD,214.82,2026-09-03,2.94,4.15,-4.22,2.05,6.4,-15.76
BBOX,720.9,2026-09-03,-3.58,-5.0,-4.22,-31.66,40.17,56.39
GODREJPROP,2001.5,2026-09-03,-0.66,-1.88,-4.22,17.97,16.02,-0.04
MOINFRA,58.66,2026-09-03,-1.53,-1.31,-4.23,-4.98,-1.31,1.17
BLS,240.15,2026-09-03,-0.17,-0.56,-4.23,-11.19,-9.94,-34.55
FISCHER,37.03,2026-09-03,5.17,1.54,-4.24,12.79,-0.16,-65.56
ASAL,486.3,2026-09-03,2.15,-1.52,-4.24,-6.17,6.67,-1.3
INTENTECH,79.54,2026-09-03,-2.86,-0.87,-4.25,-16.25,-18.65,-10.64
ZTECH,503.0,2026-09-02,4.78,1.94,-4.26,-13.43,0.1,-9.61
LORDSCHLO,141.55,2026-09-03,4.11,7.03,-4.27,9.4,15.12,-22.67
TATAPOWER,365.7,2026-09-03,5.39,-2.09,-4.27,-10.63,-0.1,-5.44
ALUWIND,47.1,2026-09-02,-2.18,-6.08,-4.27,-7.19,-23.41,-40.57
RKDL,18.32,2026-09-03,-0.38,1.16,-4.28,-9.84,3.8,-32.35
PATINTLOG,13.41,2026-09-03,3.15,0.15,-4.28,-0.96,31.21,-9.94
DPABHUSHAN,1359.4,2026-09-03,-7.84,-11.34,-4.28,46.0,18.05,-13.86
SADHNANIQ,2.67,2026-09-03,-4.64,-9.49,-4.3,8.98,42.78,-72.53
SUZLON,46.03,2026-09-03,-3.14,-2.17,-4.3,-15.39,12.41,-20.62
PWL,120.6,2026-09-03,3.7,-0.71,-4.31,31.03,49.24,
TVSMOTOR,4200.0,2026-09-03,-3.25,-3.75,-4.31,26.62,10.53,23.95
VISHWAS,42.1,2026-09-02,0.0,7.95,-4.32,-16.3,7.54,-30.98
IGL,149.42,2026-09-03,-0.71,1.15,-4.32,-7.47,-10.41,-30.01
UNIHEALTH,717.6,2026-09-02,-1.01,-2.91,-4.32,80.19,115.82,351.32
KIRLFER,454.55,2026-09-03,0.52,2.35,-4.32,8.1,1.16,1.16
BHARATSE,213.69,2026-09-03,-4.71,-5.53,-4.33,17.95,18.91,30.38
S&SPOWER,319.85,2026-09-03,-6.37,-2.69,-4.34,-19.62,8.96,-17.09
GOLDKART,100.0,2026-09-02,3.84,19.05,-4.35,-34.06,-60.83,-55.56
PULZ,22.95,2026-09-02,2.68,-1.29,-4.37,2.23,-5.56,-44.02
GUJAPOLLO,347.95,2026-09-03,2.08,-0.41,-4.41,-11.36,-2.92,-28.12
BCLIND,36.22,2026-09-03,-1.07,-4.66,-4.41,12.38,30.33,-11.91
BALAJEE,26.15,2026-09-03,-0.11,-1.65,-4.42,-10.69,-2.28,-53.81
BMWVENTLTD,55.13,2026-09-03,-2.55,-3.35,-4.44,-6.13,-5.81,
KANSAINER,195.11,2026-09-03,1.19,-3.2,-4.44,-8.11,0.57,-19.27
SCILAL,40.02,2026-09-03,0.81,0.0,-4.46,-8.96,-9.62,-24.22
QFIL,60.0,2026-09-02,0.0,0.0,-4.46,36.67,2.74,-6.25
EICHERMOT,7690.0,2026-09-03,-3.31,-4.44,-4.47,8.98,-0.71,21.96
MKPL,4.06,2026-09-03,-1.22,-2.4,-4.47,-17.81,-15.94,-38.11
BAJAJHCARE,325.2,2026-09-03,-2.55,1.14,-4.47,8.87,0.31,-23.06
SHARIABEES,453.44,2026-09-03,-1.11,-1.34,-4.47,-2.24,-4.11,-9.83
CHOLAHLDNG,1502.8,2026-09-03,1.16,-2.94,-4.48,3.25,-5.99,-13.97
DHRUV,23.45,2026-09-03,-0.21,0.9,-4.48,-16.55,-23.06,-60.59
HPIL,122.01,2026-09-03,-0.28,-2.57,-4.49,-6.15,-0.56,-6.94
BAJAJHFL,82.95,2026-09-03,-1.27,-1.31,-4.49,-0.82,-2.73,-26.72
MASTERTR,81.03,2026-09-03,-1.51,-3.92,-4.5,-0.12,-4.4,-46.74
APTECHT,90.97,2026-09-03,-0.95,-0.95,-4.51,-13.37,11.92,-29.01
MASTEK,1792.6,2026-09-03,2.53,7.29,-4.51,7.46,15.97,-29.12
JAICORPLTD,99.15,2026-09-03,0.54,-2.33,-4.51,-12.9,-5.6,-40.76
PROSTARM,129.73,2026-09-03,-4.74,-6.12,-4.52,-5.95,-7.37,-31.98
KNACK,188.37,2026-09-03,-1.04,-6.76,-4.52,,,
NITIRAJ,205.13,2026-09-03,0.44,2.14,-4.53,9.26,-1.07,8.73
ATUL,6469.0,2026-09-03,1.2,0.68,-4.54,-2.32,-0.46,1.5
KSCL,744.8,2026-09-03,-2.7,-3.07,-4.57,-13.2,-0.47,-36.83
PFS,27.11,2026-09-03,0.33,-2.87,-4.58,-11.92,-6.97,-29.95
SAMMAANCAP,153.7,2026-09-03,5.05,2.88,-4.58,-13.61,5.3,10.89
RELTD,159.15,2026-09-03,-0.01,-1.39,-4.59,31.81,11.72,10.53
BANDHANBNK,164.23,2026-09-03,0.45,-5.56,-4.6,-20.21,-6.76,0.56
MANKIND,2368.8,2026-09-03,-2.08,-0.24,-4.6,-0.03,5.49,-7.44
IBULLSLTD,25.84,2026-09-03,-1.56,-3.76,-4.61,6.21,157.11,37.01
ADVANIHOTR,49.18,2026-09-03,-1.36,-1.99,-4.62,-7.26,-7.67,-17.72
ZENITHSTL,5.37,2026-09-03,0.56,-1.83,-4.62,-7.09,-7.25,-27.73
DIGITIDE,95.52,2026-09-03,-1.83,-3.46,-4.62,9.12,3.45,-52.65
KALAMANDIR,85.87,2026-09-03,0.03,-2.83,-4.62,-17.5,-19.71,-50.78
AHLWEST,512.05,2026-09-03,-6.75,-3.8,-4.65,-11.48,255.22,255.22
CAPITALSFB,281.85,2026-09-03,-0.48,-1.28,-4.67,7.18,10.34,1.22
NTPC,330.9,2026-09-03,2.16,-1.48,-4.68,-8.81,-11.41,2.71
OCCLLTD,164.32,2026-09-03,3.52,4.56,-4.7,49.47,89.39,28.82
CHEMFAB,358.0,2026-09-03,-0.2,-2.5,-4.7,-11.36,-3.83,-47.02
ELCIDIN,106500.0,2026-09-03,-0.75,-1.68,-4.7,-8.95,,
TATACOMM,1696.4,2026-09-03,-1.57,0.47,-4.7,-11.47,10.83,9.31
MEDIASSIST,343.95,2026-09-03,4.48,-3.67,-4.72,-5.78,-3.49,-34.05
ICRA,4889.3,2026-09-03,-0.55,-1.57,-4.72,-2.89,-12.53,-21.43
SIGNATURE,794.2,2026-09-03,3.16,-0.15,-4.73,-3.0,-17.33,-28.01
SYSTMTXC,57.37,2026-09-03,-0.92,0.68,-4.73,-13.99,-21.57,
MAANALU,120.77,2026-09-03,-1.55,1.45,-4.74,-7.16,-12.1,6.62
WEIZMANIND,74.21,2026-09-03,1.49,-2.1,-4.75,-8.08,-12.19,-29.9
PUNJABCHEM,1097.0,2026-09-03,-1.92,0.16,-4.77,14.07,-2.58,-6.57
RUSHIL,16.18,2026-09-03,-1.34,-4.6,-4.77,6.87,-5.27,-40.94
TCI,870.9,2026-09-03,0.33,-3.32,-4.78,-6.41,-10.75,-25.42
VERANDA,242.27,2026-09-03,-2.82,-3.15,-4.79,3.98,36.94,12.87
RHFL,1.79,2026-09-03,-1.1,-3.24,-4.79,-17.13,-12.25,-63.09
XELPMOC,79.4,2026-09-03,-1.9,-4.52,-4.8,-18.7,-36.26,-21.49
ADVANCE,118.53,2026-09-03,1.81,0.45,-4.84,15.73,1.22,
GOPAL,265.4,2026-09-03,-3.4,-6.66,-4.84,-9.23,-8.6,-26.84
TATAELXSI,3580.0,2026-09-03,0.04,-2.55,-4.84,-16.17,-18.09,-32.86
DAMCAPITAL,145.28,2026-09-03,0.01,0.21,-4.85,0.23,1.63,-35.42
GUJENERGY,264.1,2026-09-03,6.62,1.97,-4.85,-33.6,-33.65,-39.5
ITI,268.45,2026-09-03,-0.92,-3.78,-4.86,-9.78,3.05,-14.85
CEMPRO,1296.9,2026-09-03,5.82,2.81,-4.87,26.86,128.51,79.37
MODIS,379.1,2026-09-03,-0.16,-0.04,-4.88,9.92,19.82,
EXIDEIND,423.0,2026-09-03,-3.92,-6.68,-4.88,6.54,31.67,1.41
NDLVENTURE,123.01,2026-09-03,0.86,0.0,-4.89,-5.61,12.95,38.28
SATIN,219.37,2026-09-03,-2.08,-1.9,-4.91,-6.75,43.85,50.54
TRAVELFOOD,1278.4,2026-09-03,-1.63,-2.17,-4.92,2.16,8.66,-0.42
EFFWA,352.8,2026-09-02,10.25,6.03,-4.92,20.08,79.09,57.36
ASHIANA,366.55,2026-09-03,-0.1,-0.01,-4.93,3.05,13.41,18.6
HILINFRA,44.68,2026-09-03,0.34,-3.91,-4.94,-6.99,-15.15,-52.46
TATACHEM,641.35,2026-09-03,-0.26,2.3,-4.94,-9.52,-8.34,-30.66
AEGISVOPAK,286.85,2026-09-03,6.73,6.12,-4.95,48.73,32.57,17.66
MAGNUM,19.0,2026-09-03,0.16,-2.31,-4.95,-4.38,-9.05,-23.91
BAJAJFINSV,1992.1,2026-09-03,-1.43,-0.48,-4.96,14.96,2.67,1.41
DESTINY,100.65,2026-09-02,0.0,0.0,-4.96,-4.96,-16.82,-22.28
MANDEEP,18.2,2026-09-02,0.28,5.51,-4.96,-3.7,-4.21,-32.34
ZODIACLOTH,72.85,2026-09-03,-0.75,-1.15,-4.96,-3.24,-6.6,-29.1
UFO,65.44,2026-09-03,-1.37,-0.38,-4.97,-11.32,-6.06,-12.49
KPITTECH,583.5,2026-09-03,-0.26,0.07,-4.98,-24.0,-21.99,-51.52
IPSL,210.0,2026-09-02,-2.6,-2.78,-4.98,5.0,-18.18,-43.98
SANWARIA,0.19,2026-09-03,0.0,0.0,-5.0,-20.83,-9.52,-48.65
MEGAFLEX,95.0,2026-09-02,0.0,0.0,-5.0,-25.17,-29.63,75.93
CINEVISTA,14.19,2026-09-03,-1.6,-0.56,-5.02,-7.62,-5.84,-17.5
ESCORTS,2978.2,2026-09-03,-0.56,-3.85,-5.02,8.93,-11.35,-17.69
ESFL,117.1,2026-09-02,-2.9,-4.8,-5.03,-5.41,-17.01,-66.51
ALPA,63.3,2026-09-03,0.91,2.66,-5.04,-8.41,-1.71,-34.44
MHRIL,207.91,2026-09-03,-0.83,-5.94,-5.05,-1.92,-25.75,-41.86
AADHARHFC,478.65,2026-09-03,2.25,2.62,-5.06,3.5,5.76,-7.13
JBMA,629.1,2026-09-03,0.8,-4.89,-5.06,-6.0,19.31,2.38
AHLEAST,135.86,2026-09-03,-1.59,-5.14,-5.07,-14.31,-15.39,-18.52
ASHOKAMET,13.47,2026-09-03,-2.25,-2.81,-5.07,-13.26,-5.07,-18.21
63MOONS,851.25,2026-09-03,9.3,6.37,-5.11,37.65,42.47,-7.32
FACT,800.2,2026-09-03,-2.56,2.03,-5.11,-8.17,12.59,-20.52
BAJAJINDEF,220.84,2026-09-03,0.1,2.2,-5.13,-9.92,-6.1,-38.15
MEDPLUS,660.65,2026-09-03,-1.73,-2.36,-5.13,-26.22,-21.34,-21.59
BHARTIARTL,1869.0,2026-09-03,3.15,-3.41,-5.15,3.75,1.03,0.46
VSTIND,207.96,2026-09-03,-0.85,-1.28,-5.17,-14.07,-4.88,-19.11
JSWENERGY,539.5,2026-09-03,3.67,-0.95,-5.18,-6.7,12.47,6.34
PATANJALI,342.9,2026-09-03,-0.61,-2.03,-5.18,-21.85,-31.1,-42.61
SUNDARMFIN,4578.0,2026-09-03,0.84,1.62,-5.19,10.38,-13.18,3.07
CELEBRITY,6.74,2026-09-03,1.81,-0.3,-5.2,-12.69,-8.92,-45.56
NIDAN,12.75,2026-09-02,-3.41,-12.67,-5.2,-10.21,-20.31,-29.17
CAMS,747.4,2026-09-03,-4.42,-0.61,-5.21,0.17,15.72,-0.06
NITTAGELA,1639.1,2026-09-03,1.14,4.83,-5.21,-8.92,,
ICICIPRULI,495.05,2026-09-03,-4.25,-3.17,-5.23,4.17,-23.99,-18.48
FUSION,199.73,2026-09-03,-0.29,-1.31,-5.24,15.9,9.64,15.01
NAGREEKEXP,21.3,2026-09-03,-3.27,-5.63,-5.25,-23.38,-13.56,-18.27
MAL,31.6,2026-09-02,4.81,-0.63,-5.25,-9.97,-21.98,-48.74
SUMMITSEC,1442.3,2026-09-03,1.09,1.79,-5.25,-6.22,-9.47,-36.01
SRM,470.3,2026-09-03,4.09,1.35,-5.26,-3.94,12.8,0.34
GAEL,170.88,2026-09-03,-3.41,-5.21,-5.26,11.89,23.04,61.74
RAMAPHO,124.01,2026-09-03,0.53,2.71,-5.27,4.36,-0.5,-15.8
ABCAPITAL,402.0,2026-09-03,-1.81,-2.64,-5.27,15.27,18.9,43.96
BIRLAMONEY,127.15,2026-09-03,0.32,0.67,-5.29,-8.64,-5.11,-28.85
TIPSMUSIC,652.05,2026-09-03,1.27,1.29,-5.3,-1.18,21.94,16.03
ANGELONE,286.0,2026-09-03,-0.31,0.0,-5.3,-14.3,27.69,28.3
AEROPLANE,188.07,2026-09-03,7.88,7.06,-5.31,52.8,,
TENNIND,515.7,2026-09-03,-2.59,-6.83,-5.31,-9.57,-7.72,
FIDEL,141.0,2026-09-02,0.71,2.21,-5.34,-11.77,11.73,-19.65
FORCEMOT,17500.0,2026-09-03,-0.15,-0.57,-5.37,-0.01,-25.15,-11.35
PREMIER,2.64,2026-09-03,-10.2,-2.94,-5.38,-9.28,-8.01,-26.67
TVSSCS,129.53,2026-09-03,1.92,-2.6,-5.38,10.89,14.97,-3.79
EUREKAFORB,429.25,2026-09-03,-0.03,2.61,-5.38,-3.13,-6.32,-26.91
AKASH,24.92,2026-09-03,0.48,0.48,-5.39,-12.32,-0.56,-6.63
XTGLOBAL,31.58,2026-09-03,2.2,11.47,-5.39,1.71,-9.82,-2.28
CIPLA,1394.7,2026-09-03,-1.03,-3.0,-5.41,2.37,4.16,-10.81
MPSLTD,2620.6,2026-09-03,-2.35,-4.18,-5.41,42.34,79.28,16.71
AIIL,519.05,2026-09-03,-7.46,-6.46,-5.42,14.2,14.24,-18.06
MUKANDLTD,132.97,2026-09-03,-3.21,-2.0,-5.42,-2.74,3.23,-0.63
SHARDACROP,772.75,2026-09-03,0.76,-0.84,-5.43,-14.93,-31.22,-17.71
KICL,5212.5,2026-09-03,0.66,-1.14,-5.43,5.01,7.65,6.92
SNOWMAN,36.41,2026-09-03,-2.39,-3.14,-5.43,-2.36,-6.23,-32.82
GULPOLY,186.27,2026-09-03,-2.24,-3.0,-5.43,2.31,21.91,15.44
GRINDWELL,1974.4,2026-09-03,-2.4,-3.83,-5.43,6.76,22.91,25.02
KIRLOSIND,3724.7,2026-09-03,-0.35,1.66,-5.44,19.18,32.08,-2.85
ADANIENT,2901.0,2026-09-03,1.47,-3.25,-5.44,-0.8,36.6,26.81
INDNIPPON,1109.4,2026-09-03,5.6,3.44,-5.44,23.2,36.66,33.43
UNITEDTEA,447.05,2026-09-03,-1.15,-0.77,-5.45,-14.31,-9.95,-5.47
SHRINGARMS,217.28,2026-09-03,-1.02,-4.98,-5.47,3.79,-0.79,
TTML,38.01,2026-09-03,-1.48,1.71,-5.47,-12.8,-4.67,-34.41
HEXT,529.1,2026-09-03,-4.62,-5.94,-5.49,-1.56,15.54,-27.5
KSB,810.6,2026-09-03,0.41,2.38,-5.5,5.41,9.98,-3.33
DDEVPLSTIK,272.5,2026-09-03,-1.45,-1.48,-5.5,11.48,3.12,-14.37
PFIZER,4643.7,2026-09-03,-0.87,-4.87,-5.51,5.68,-3.92,-8.79
ROTO,63.76,2026-09-03,1.45,-0.81,-5.51,10.5,14.04,-23.3
SCHAND,136.73,2026-09-03,-0.75,0.49,-5.51,-10.67,-7.58,-27.75
MEDIORG,25.65,2026-09-02,0.0,10.8,-5.52,21.56,12.5,-29.63
MANBA,129.45,2026-09-03,-0.22,0.29,-5.53,14.71,10.28,-6.24
INSPIRISYS,93.03,2026-09-03,4.48,0.0,-5.54,-24.02,9.46,-2.78
SAURASHCEM,56.81,2026-09-03,1.77,-0.07,-5.54,-4.23,-10.24,-52.17
SPCENET,3.24,2026-09-03,4.52,-4.14,-5.54,-10.0,-32.87,-51.22
SUNFLAG,346.5,2026-09-03,1.82,-2.13,-5.55,-9.53,42.17,25.13
KUSUMGAR,581.65,2026-09-03,0.03,-3.8,-5.55,,,
VERITAAS,31.45,2026-09-02,0.0,-5.56,-5.56,-31.03,-49.03,-57.95
UPL,585.35,2026-09-03,4.11,2.35,-5.59,-8.52,-5.11,-17.41
BFUTILITIE,544.0,2026-09-03,8.17,5.48,-5.59,-13.53,11.1,-34.44
STARHEALTH,559.35,2026-09-03,-1.48,-2.38,-5.61,5.53,21.26,23.74
SIGMA,47.42,2026-09-03,-1.92,-2.19,-5.61,18.55,16.94,8.12
NINSYS,709.25,2026-09-03,-0.67,-1.11,-5.62,-1.89,126.71,52.86
NAVKARCORP,97.44,2026-09-03,1.47,0.03,-5.64,1.34,9.84,-17.56
SANOFI,3190.8,2026-09-03,2.14,-2.56,-5.65,-0.69,-16.2,-35.94
ORCHPHARMA,934.65,2026-09-03,-3.73,-9.97,-5.65,11.69,55.75,26.36
GMRP&UI,91.69,2026-09-03,1.53,-4.59,-5.65,-16.04,-18.96,-17.96
GATECHDVR,0.5,2026-09-03,-10.71,0.0,-5.66,4.17,11.11,-7.41
HNGSNGBEES,468.46,2026-09-03,-0.42,-1.26,-5.67,-8.53,-9.53,-1.71
DIGISPICE,16.96,2026-09-03,-0.18,1.74,-5.67,-16.0,-5.46,-31.94
MAHKTECH,22.26,2026-09-03,-2.02,-2.5,-5.68,-7.98,-6.55,-15.49
MONEYBOXX,57.22,2026-09-03,-1.0,2.18,-5.72,-19.88,-7.9,
ARISTO,103.0,2026-09-02,-3.74,-4.63,-5.72,-6.19,13.44,-14.59
TATAINVEST,637.95,2026-09-03,-0.66,-1.24,-5.72,-3.6,0.05,-5.73
INDOUS,78.82,2026-09-03,-0.82,-4.8,-5.72,-17.53,-43.98,-45.9
ETHOSLTD,2793.1,2026-09-03,-3.64,-3.42,-5.72,18.55,17.08,18.37
TIL,245.0,2026-09-03,4.34,-1.15,-5.73,35.81,15.01,-12.19
KNRCON,119.27,2026-09-03,-1.58,-6.2,-5.74,-8.49,-7.05,-39.29
INDIANHUME,390.7,2026-09-03,2.57,-1.41,-5.74,30.49,22.8,-1.84
ERIS,1303.5,2026-09-03,0.49,-1.67,-5.76,-6.7,-3.67,-26.37
ASAHISONG,368.8,2026-09-03,-2.63,-1.95,-5.76,43.03,67.76,19.84
BORANA,300.35,2026-09-03,-2.64,-1.77,-5.8,-6.97,-19.6,40.04
GROWWRAIL,28.05,2026-09-03,-0.57,-2.23,-5.81,-5.14,-11.43,-19.28
NAHARSPING,293.0,2026-09-03,1.23,-2.01,-5.83,5.4,47.99,34.03
PNBGILTS,78.63,2026-09-03,2.17,0.01,-5.84,-8.59,1.38,-19.77
EMCURE,1854.7,2026-09-03,-0.03,0.06,-5.84,9.06,28.33,35.24
BIOCON,402.0,2026-09-03,-2.43,-1.81,-5.85,-2.42,3.75,11.32
ROUTE,503.65,2026-09-03,0.73,2.11,-5.85,-3.47,4.09,-39.52
VENTIVE,585.7,2026-09-03,-0.93,0.0,-5.87,-8.71,-17.67,-21.41
GINNIFILA,43.17,2026-09-03,-1.86,-3.62,-5.87,1.31,10.89,-7.6
DCAL,176.99,2026-09-03,-0.76,2.16,-5.88,-9.3,3.02,-33.85
QUESTLAB,84.0,2026-09-02,-3.67,-2.89,-5.88,-16.91,-26.8,-15.15
ROML,42.35,2026-09-03,-0.63,-2.71,-5.89,-9.3,1.44,-15.2
GALAPREC,1026.2,2026-09-03,0.08,-6.19,-5.9,17.76,41.6,22.22
SJVN,64.98,2026-09-03,0.42,-1.25,-5.9,-10.79,-7.0,-29.17
GODAVARIB,245.25,2026-09-03,4.65,1.83,-5.91,-9.44,-12.0,-14.22
RCOM,0.79,2026-09-03,-2.47,-2.47,-5.95,-12.22,-3.66,-43.97
SWELECTES,576.9,2026-09-03,-1.97,-2.88,-5.97,-12.34,10.29,-19.47
SUMIT,51.57,2026-09-03,2.85,1.67,-5.97,19.95,29.72,-44.16
BERGEPAINT,491.4,2026-09-03,-1.28,-4.68,-5.97,-0.19,10.66,-8.79
STARTECK,245.55,2026-09-03,-3.25,-2.56,-5.97,-7.34,-7.57,-21.66
CREST,365.3,2026-09-03,0.33,0.29,-6.0,6.75,11.12,-4.01
BLUECOAST,23.16,2026-09-03,-0.77,0.48,-6.01,-22.8,11.61,-59.1
MTNL,26.42,2026-09-03,-2.94,-0.15,-6.01,-13.32,-6.41,-41.18
GOKEX,767.65,2026-09-03,-1.7,-3.68,-6.02,8.95,18.59,4.27
PATELENG,27.11,2026-09-03,-3.28,-4.14,-6.03,3.04,2.81,-29.25
GPECO,402.2,2026-09-02,-0.45,2.35,-6.03,-10.15,21.27,-34.76
RAJMET,3.11,2026-09-03,0.32,-11.14,-6.04,-19.85,-14.79,-30.73
REXPIPES,160.65,2026-09-02,0.0,0.0,-6.05,-7.8,-20.47,0.09
RULKA,106.1,2026-09-02,-3.85,-0.09,-6.06,15.7,12.28,-14.44
DATAMATICS,774.85,2026-09-03,-0.91,-4.59,-6.07,-2.67,5.69,-23.12
MARICO,827.4,2026-09-03,0.9,-2.21,-6.08,2.46,6.68,13.12
PRLIND,41.5,2026-09-02,-1.43,-3.49,-6.11,-17.08,-25.23,-50.0
GOLDIAM,340.65,2026-09-03,-2.29,-5.52,-6.14,4.34,30.46,14.04
STYLAMIND,3240.9,2026-09-03,-6.45,-9.3,-6.14,8.4,46.44,100.34
LAOPALA,171.55,2026-09-03,-1.19,1.23,-6.15,-0.59,-11.03,-29.36
HDFCBANK,706.65,2026-09-03,-0.33,-3.07,-6.16,-4.69,-18.32,-24.74
IKS,1732.4,2026-09-03,-0.11,-3.19,-6.17,1.55,28.66,10.22
SANGAMIND,571.85,2026-09-03,-4.72,1.83,-6.18,7.88,28.03,53.23
VIPCLOTHNG,20.17,2026-09-03,0.35,-2.89,-6.19,-21.88,2.33,-42.29
TRITURBINE,571.7,2026-09-03,-0.77,-0.54,-6.2,-14.23,22.84,9.26
INOXWIND,74.0,2026-09-03,5.16,0.34,-6.21,-10.85,-17.03,-48.86
TCS,2320.1,2026-09-03,-3.3,1.58,-6.21,4.06,-9.53,-21.99
PRIVISCL,3373.5,2026-09-03,-2.9,-2.12,-6.21,3.89,13.66,49.0
SURYODAY,153.57,2026-09-03,-0.72,-2.26,-6.21,-8.75,23.72,25.19
BANCOINDIA,616.9,2026-09-03,-1.36,-1.11,-6.21,-5.34,5.39,0.06
GENSOL,17.17,2026-09-03,-1.49,-5.81,-6.23,-21.31,-28.28,-51.48
NETWORK18,27.55,2026-09-03,1.18,-9.2,-6.23,-7.52,-17.37,-49.6
EUROBOND,151.1,2026-09-03,0.55,-4.44,-6.24,-18.51,-6.42,-35.87
GPTHEALTH,153.68,2026-09-03,0.44,2.45,-6.26,2.4,24.89,2.54
DPWIRES,153.99,2026-09-03,-2.35,-2.75,-6.26,-14.77,6.69,-41.38
ZODIAC,240.22,2026-09-03,-1.41,-3.58,-6.27,-17.38,1.03,-39.73
DMART,3763.0,2026-09-03,-3.51,-4.49,-6.28,-9.73,-1.04,-20.92
JAINAM,224.9,2026-09-02,-3.89,-3.89,-6.29,-5.5,15.3,-18.38
ADVAIT,2210.9,2026-09-03,1.85,6.85,-6.29,7.14,36.75,
MAYURUNIQ,728.8,2026-09-03,-2.81,-5.36,-6.31,-0.08,38.27,38.88
MANAPPURAM,341.0,2026-09-03,0.26,-6.59,-6.31,9.63,21.46,19.35
RAJOOENG,49.14,2026-09-03,2.18,-1.58,-6.31,-10.54,-18.59,-51.14
TINNARUBR,1036.8,2026-09-03,3.98,0.9,-6.32,24.53,52.46,27.45
PAVNAIND,16.87,2026-09-03,-6.49,-9.01,-6.33,2.87,-11.95,-55.01
UCOBANK,24.64,2026-09-03,-1.0,-4.83,-6.35,-1.83,-12.38,-12.93
SHAREINDIA,169.27,2026-09-03,-1.99,-2.45,-6.35,24.1,34.67,13.08
MASTER,430.65,2026-09-02,-1.0,-2.79,-6.38,26.95,40.99,17.27
SMLT,64.59,2026-09-03,-0.02,-6.34,-6.39,-10.0,-2.84,-38.37
TIRUPATIFL,68.42,2026-09-03,-0.83,-3.27,-6.4,49.55,79.16,75.39
CEATLTD,3315.3,2026-09-03,-3.05,-7.03,-6.41,5.17,-3.19,0.91
SERVOTECH,80.25,2026-09-03,0.58,-2.44,-6.41,-28.5,14.35,-35.6
DEVX,32.13,2026-09-03,-5.47,-8.02,-6.41,-12.45,-23.02,
KIMS,767.85,2026-09-03,1.63,0.2,-6.43,4.12,6.92,4.1
EFORCE,20.35,2026-09-02,1.75,-3.1,-6.44,-8.95,-21.28,-49.32
SITINET,0.29,2026-09-03,0.0,3.57,-6.45,-19.44,-14.71,-42.0
SANDUMA,197.89,2026-09-03,-2.22,-3.57,-6.45,-12.56,-4.03,27.63
RELCHEMQ,116.77,2026-09-03,2.56,3.03,-6.46,-3.54,-0.48,-26.78
ULTRACEMCO,11275.0,2026-09-03,-1.53,-1.99,-6.46,3.64,-8.11,-9.64
BALKRISIND,2327.3,2026-09-03,2.11,-1.32,-6.47,6.14,1.42,-0.85
MASON,116.9,2026-09-02,-0.64,-0.51,-6.48,-3.87,-22.61,-42.43
SWIGGY,269.3,2026-09-03,-4.47,-5.26,-6.49,6.91,-6.82,-37.46
EMSLIMITED,387.35,2026-09-03,3.36,0.79,-6.52,32.52,37.14,-28.4
MBEL,275.45,2026-09-03,3.07,1.01,-6.53,-4.97,-5.68,-33.78
A2ZINFRA,15.98,2026-09-03,-4.6,-0.56,-6.55,8.78,-5.89,-27.16
KAUSHALYA,864.0,2026-09-03,0.73,-2.37,-6.55,0.7,0.24,-48.4
SAIPARENT,518.15,2026-09-03,-0.39,-2.0,-6.56,3.71,,
SUNTV,465.9,2026-09-03,-0.05,-0.61,-6.57,-8.64,-24.59,-15.04
GOODLUCK,469.4,2026-09-03,1.08,-1.74,-6.57,4.81,24.02,19.08
CYBERTECH,132.27,2026-09-03,-0.6,-1.78,-6.58,-4.59,22.92,-5.65
LOTUSDEV,184.64,2026-09-03,0.97,6.7,-6.59,34.6,39.27,0.58
HAVELLS,1200.0,2026-09-03,-3.54,-5.4,-6.61,3.77,-10.93,-22.76
ZEEL,91.64,2026-09-03,-2.07,-12.36,-6.62,-3.03,8.85,-21.19
VSTTILLERS,4175.3,2026-09-03,-4.19,-4.52,-6.65,-10.47,-25.96,-18.37
KHFM,44.25,2026-09-02,-6.25,-2.32,-6.65,-31.71,-26.25,-48.96
JISLDVREQS,21.03,2026-09-03,2.39,-0.19,-6.66,-5.4,-5.14,-37.93
BAYERCROP,3960.8,2026-09-03,-0.25,-2.05,-6.67,-8.7,-11.81,-20.83
NELCO,933.75,2026-09-03,-1.87,2.02,-6.7,33.33,55.45,13.03
WEWIN,42.53,2026-09-03,-3.95,-6.57,-6.71,-27.77,-2.88,-14.56
DEEDEV,645.9,2026-09-03,9.42,1.8,-6.71,-1.79,136.85,131.67
HALEOSLABS,1482.1,2026-09-03,1.18,-1.89,-6.73,3.52,18.26,33.1
FMCGIETF,49.46,2026-09-03,-1.28,-3.02,-6.73,-4.18,-9.01,-18.74
RAMCOCEM,879.15,2026-09-03,-0.05,-2.74,-6.74,2.52,-19.85,-18.71
NIVABUPA,80.73,2026-09-03,-0.65,-2.16,-6.74,-3.93,9.39,-3.7
IZMO,921.95,2026-09-03,10.68,9.59,-6.77,6.07,30.81,31.13
RAINBOW,1440.8,2026-09-03,1.84,-1.32,-6.78,6.65,20.3,-4.35
SEMAC,290.55,2026-09-03,3.05,-0.97,-6.79,-17.41,31.6,-45.41
NACLIND,166.45,2026-09-03,-2.22,-5.44,-6.8,9.11,30.05,-39.77
CENTRUM,22.45,2026-09-03,-2.26,-3.61,-6.81,2.46,-6.15,-39.89
MOLOWVOL,36.35,2026-09-03,-0.27,-1.06,-6.82,1.68,-4.04,-4.06
EPACKPEB,227.3,2026-09-03,2.53,-0.94,-6.83,10.83,31.68,
CHAMBLFERT,418.3,2026-09-03,2.14,-2.94,-6.83,-8.09,-5.4,-24.79
KOTYARK,32.16,2026-09-03,-3.54,-9.46,-6.84,-14.49,46.96,4.34
LINC,94.69,2026-09-03,0.08,-1.58,-6.84,-5.51,-8.45,-25.22
SHALBY,152.64,2026-09-03,-1.69,-0.9,-6.84,-13.38,1.96,-22.48
EIFFL,278.6,2026-09-03,-5.86,7.17,-6.85,21.78,21.06,17.49
WIPRO,175.72,2026-09-03,-4.76,-3.08,-6.86,-12.92,-10.5,-26.95
RML,1127.4,2026-09-03,-0.2,-2.88,-6.89,26.27,39.61,33.12
RAILTEL,270.9,2026-09-03,-1.81,-3.95,-6.9,-14.25,-6.99,-21.34
IEX,119.15,2026-09-03,-1.12,-3.14,-6.91,-3.35,-0.4,-13.78
IPL,137.5,2026-09-03,0.47,-1.74,-6.95,-12.14,-10.66,-35.35
LOTUSEYE,109.28,2026-09-03,0.18,-5.39,-6.96,-0.69,1.5,-16.13
COMPINFO,1.07,2026-09-03,0.0,-3.6,-6.96,-18.32,-20.15,-50.69
VESUVIUS,420.0,2026-09-03,3.0,-2.92,-6.96,-12.71,-15.99,-19.0
FEDERALBNK,344.6,2026-09-03,-3.39,-3.68,-6.97,14.86,17.23,78.95
ABBOTINDIA,25945.0,2026-09-03,0.37,-1.8,-6.99,1.0,-0.94,-18.49
LRRPL,86.35,2026-09-02,-0.75,2.8,-7.0,5.63,35.98,7.0
LCCINFOTEC,3.85,2026-09-03,8.45,9.07,-7.0,-5.64,-14.06,-12.3
MUNJALSHOW,129.27,2026-09-03,-0.86,-1.9,-7.0,4.59,1.21,-4.96
21STCENMGM,38.1,2026-09-03,-5.55,-13.35,-7.01,14.9,6.96,-29.6
LUXIND,1171.7,2026-09-03,-3.18,-3.36,-7.01,-15.68,32.1,-10.36
AJOONI,3.71,2026-09-03,-3.39,-1.07,-7.02,-7.48,-7.25,-28.52
XCHANGING,60.99,2026-09-03,0.08,-0.21,-7.02,-3.76,-2.84,-29.84
RUBFILA,66.42,2026-09-03,-3.3,0.26,-7.04,-11.52,1.75,-19.04
MEGASTAR,304.1,2026-09-03,-1.01,-1.67,-7.06,-2.23,40.11,31.65
SADBHAV,8.03,2026-09-03,-4.97,-0.74,-7.06,-14.39,-21.04,-43.73
AKG,9.34,2026-09-03,3.55,4.71,-7.06,-15.86,-12.3,-25.81
GLOTTIS,62.31,2026-09-03,-2.27,-7.91,-7.08,-4.06,34.87,
GOYALSALT,105.0,2026-09-02,-0.94,-0.94,-7.08,-3.67,-10.49,-37.69
TECHLABS,117.65,2026-09-02,1.07,2.3,-7.11,-31.08,-40.81,-79.57
DCMSIL,70.29,2026-09-03,-0.44,-9.16,-7.12,19.27,5.75,
CEWATER,265.4,2026-09-03,-1.52,4.84,-7.14,7.41,-7.93,-51.29
CONSOFINVT,274.6,2026-09-03,3.88,1.61,-7.15,13.02,19.1,37.56
HATHWAY,10.26,2026-09-03,-3.57,-3.12,-7.15,-2.38,-0.48,-30.44
INTERARCH,1701.2,2026-09-03,0.55,1.32,-7.16,-2.66,-6.06,-18.45
MGEL,14.4,2026-09-03,2.06,-0.69,-7.16,-4.2,42.38,-7.34
BOMDYEING,113.19,2026-09-03,-0.93,2.39,-7.16,-7.86,0.12,-37.36
JSWCEMENT,123.37,2026-09-03,-2.1,-2.7,-7.17,-3.86,0.56,-22.2
AURIONPRO,686.45,2026-09-03,-3.21,-3.13,-7.18,-15.21,-20.02,-46.85
ASIANTILES,49.96,2026-09-03,0.71,10.04,-7.19,-17.16,-27.36,-15.69
BAWEJA,25.8,2026-09-02,8.18,9.55,-7.19,-19.12,-16.1,-51.09
CHOICEIN,768.45,2026-09-03,-1.57,-3.66,-7.2,13.11,8.35,-1.93
WCIL,83.96,2026-09-03,-0.06,-2.71,-7.21,-10.12,-23.1,-34.63
SADHAV,111.25,2026-09-02,0.86,-2.84,-7.21,-0.13,4.46,-5.08
ASPIRE,13.45,2026-09-02,-0.37,-3.24,-7.24,-11.51,3.46,-39.41
BRITANNIA,5130.0,2026-09-03,-2.29,-3.41,-7.25,2.99,-12.48,-11.72
CELLPOINT,16.0,2026-09-02,-1.84,0.0,-7.25,4.23,7.02,-11.36
LLOYDSENGG,84.95,2026-09-03,-1.72,-2.55,-7.25,20.13,85.3,30.03
SKP,148.1,2026-09-02,1.09,-3.55,-7.26,-8.58,-7.44,-36.78
M&MFIN,376.05,2026-09-03,0.82,-0.7,-7.26,32.34,5.06,48.06
BLAL,161.93,2026-09-03,-2.44,-3.75,-7.27,-11.89,-12.68,-27.91
AEGISLOG,1287.2,2026-09-03,1.79,-4.05,-7.28,70.16,90.91,84.42
JASH,464.15,2026-09-03,-0.3,-1.18,-7.28,11.87,16.2,-9.89
HEALTHX,292.05,2026-09-03,-3.1,-2.06,-7.29,-3.33,4.47,5.97
INNOVATIVE,64.2,2026-09-02,0.0,-3.89,-7.29,-21.18,-16.62,-47.46
ALGOQUANT,64.27,2026-09-03,-0.68,-2.68,-7.31,17.39,3.8,
UNIINFO,11.26,2026-09-03,0.72,-0.44,-7.33,-0.79,-18.64,-43.5
RAIN,211.71,2026-09-03,8.37,-0.93,-7.33,6.1,48.07,53.16
BLUEDART,5028.8,2026-09-03,2.13,-0.49,-7.34,7.18,-9.19,-12.6
INDIASHLTR,673.1,2026-09-03,3.55,0.5,-7.35,-12.64,-6.21,-24.3
TORNTPOWER,1289.3,2026-09-03,6.11,3.45,-7.36,-9.95,-16.79,-0.53
SANOFICONR,4205.4,2026-09-03,1.57,-0.36,-7.36,-10.48,-3.53,-16.62
OLECTRA,1244.8,2026-09-03,-2.5,-4.07,-7.39,-5.78,32.24,-21.23
BYKE,31.9,2026-09-03,-1.15,0.82,-7.4,-11.39,-20.71,-54.64
KECL,125.2,2026-09-03,-3.88,-4.84,-7.44,13.0,46.9,6.33
VINYLINDIA,227.94,2026-09-03,-2.03,-4.56,-7.44,-8.24,14.06,-22.31
NESTLEIND,1416.0,2026-09-03,-5.38,-3.76,-7.45,2.25,11.18,19.73
INSECTICID,614.15,2026-09-03,0.54,5.86,-7.45,-15.37,0.08,-25.45
POWERMECH,2399.8,2026-09-03,-4.82,-4.54,-7.45,-4.95,19.97,-24.23
ARCHIES,12.91,2026-09-03,-1.6,-4.01,-7.46,-10.22,-12.18,-30.25
POWERGRID,265.6,2026-09-03,0.78,-2.14,-7.46,-6.82,-10.51,-4.53
DENORA,824.55,2026-09-03,-0.18,0.27,-7.46,17.21,20.0,-0.89
MFML,18.36,2026-09-03,0.05,-3.01,-7.46,-24.51,-15.16,-35.74
RPTECH,815.65,2026-09-03,-0.06,-5.92,-7.48,50.77,129.0,186.65
WILLAMAGOR,24.58,2026-09-03,3.49,-1.17,-7.49,-5.46,-5.86,-25.31
K2INFRA,50.0,2026-09-02,2.56,-0.79,-7.49,-1.96,6.38,-18.63
AWFIS,256.5,2026-09-03,-0.93,-7.63,-7.5,-17.67,-9.57,-55.6
BANSWRAS,117.78,2026-09-03,1.74,-3.13,-7.51,-3.05,4.11,-7.6
LEXUS,13.54,2026-09-03,-2.24,-1.88,-7.51,-21.05,-63.74,-54.76
BSE,3306.1,2026-09-03,0.73,-0.2,-7.52,-16.42,25.39,49.72
BASML,25.02,2026-09-03,-2.57,0.12,-7.54,2.7,16.33,-14.22
ACI,495.2,2026-09-03,2.01,-4.02,-7.54,-7.09,-9.72,-27.53
BTTL,42.66,2026-09-03,-1.0,-3.66,-7.54,15.58,,
CESC,147.96,2026-09-03,1.23,-4.71,-7.55,-14.93,-0.03,2.21
SANSTAR,108.0,2026-09-03,-2.14,1.32,-7.57,-8.68,27.66,22.7
ENERGYDEV,15.5,2026-09-03,-2.39,-4.44,-7.57,-5.37,-2.27,-22.23
IRCTC,474.6,2026-09-03,-1.38,-1.77,-7.58,-7.09,-16.58,-32.57
BEARDSELL,25.41,2026-09-03,-0.66,-3.13,-7.6,-14.56,2.5,-12.01
TAJGVK,333.8,2026-09-03,0.04,-4.97,-7.61,-1.0,-2.61,-21.93
SPCL,60.7,2026-09-02,-1.46,1.08,-7.61,-18.19,-20.5,-40.58
MASFIN,292.7,2026-09-03,-3.89,0.29,-7.62,-4.35,-6.94,-5.73
DCXINDIA,169.57,2026-09-03,-2.02,-3.5,-7.62,-14.37,-3.07,-37.59
HINDCOMPOS,393.1,2026-09-03,-3.53,-4.38,-7.63,-3.15,-5.36,-14.19
HIRECT,1235.8,2026-09-03,1.14,1.02,-7.64,10.62,82.75,51.7
SURYAROSNI,216.66,2026-09-03,-1.39,-1.13,-7.65,-13.59,-1.19,-27.64
GODFRYPHLP,2045.0,2026-09-03,-2.84,-2.64,-7.66,-7.65,1.57,-38.56
KAKATCEM,110.67,2026-09-03,-5.21,-5.72,-7.67,-11.18,4.37,-28.71
TRENT,2815.6,2026-09-03,-2.23,-3.08,-7.69,-0.66,9.9,-48.54
RPOWER,22.03,2026-09-03,-0.27,-4.59,-7.71,-18.65,-4.13,-53.86
ARE&M,860.4,2026-09-03,-3.61,-6.76,-7.71,0.76,4.99,-14.8
SVPGLOB,3.59,2026-09-03,-0.83,-4.01,-7.71,-12.01,26.41,-5.28
AUTOAXLES,1705.4,2026-09-03,-1.34,-2.2,-7.73,1.14,-13.54,-1.37
RSYSTEMS,252.64,2026-09-03,2.99,5.38,-7.73,-2.68,-6.94,-45.19
AARVI,141.35,2026-09-03,-0.73,-7.44,-7.75,8.52,16.85,13.33
CREDITACC,1437.4,2026-09-03,5.42,-0.34,-7.75,13.25,18.71,3.98
INFOBEAN,157.68,2026-09-03,-2.35,1.62,-7.76,-7.06,-10.9,3.73
JETFREIGHT,20.91,2026-09-03,-4.69,-7.11,-7.76,-1.92,13.64,54.77
NLCINDIA,274.9,2026-09-03,2.8,0.66,-7.77,-20.55,8.89,20.51
INDIGO,4980.0,2026-09-03,-4.85,-2.64,-7.78,10.37,10.17,-13.24
WAAREERTL,847.9,2026-09-03,-2.82,-2.8,-7.8,-13.19,1.75,-17.4
REPCOHOME,355.75,2026-09-03,-2.0,1.44,-7.82,-3.62,-3.93,-0.27
ADL,72.79,2026-09-03,-3.91,-3.02,-7.83,1.69,7.41,-15.97
HAPPSTMNDS,353.95,2026-09-03,-13.02,-18.87,-7.83,-3.44,2.74,-37.34
HYBRIDFIN,16.6,2026-09-03,-3.77,-2.87,-7.88,-0.54,-14.08,11.33
KCEIL,80.55,2026-09-02,-1.29,-2.42,-7.89,-16.14,-33.46,-68.55
SHREYANIND,129.3,2026-09-03,3.06,5.56,-7.89,-8.29,-14.37,-43.17
ORIENTCEM,128.48,2026-09-03,-0.83,-1.02,-7.91,-4.54,-14.32,-42.72
DBCORP,193.78,2026-09-03,-2.72,-6.3,-7.96,-3.36,-9.45,-25.49
APS,249.35,2026-09-02,-0.42,-8.85,-7.97,-23.59,-16.21,-48.15
DCM,76.97,2026-09-03,-2.57,-3.15,-7.99,-19.06,8.93,-22.91
ADANIGREEN,1283.4,2026-09-03,5.64,-1.88,-8.0,-10.09,42.04,37.16
NEWGEN,517.65,2026-09-03,-2.12,-2.03,-8.01,1.01,7.31,-42.12
ELIN,95.26,2026-09-03,-4.86,-4.44,-8.01,-14.34,-25.69,-51.68
LEMONTREE,104.89,2026-09-03,-1.28,-3.38,-8.02,-5.13,-7.97,-38.19
ATGL,614.05,2026-09-03,-1.15,-3.99,-8.02,-14.4,24.64,2.87
KALPATARU,276.55,2026-09-03,-0.38,-3.61,-8.03,-12.07,-11.93,-30.78
SURAJLTD,203.17,2026-09-03,0.54,-3.03,-8.03,-11.67,-8.04,-34.49
AMIABLE,65.0,2026-09-02,0.0,0.0,-8.06,-18.7,-10.84,-5.8
ISGEC,771.1,2026-09-03,-2.47,-1.56,-8.09,-15.98,-11.32,-25.13
PILITA,7.95,2026-09-03,0.13,-0.87,-8.09,-1.73,-0.5,-42.72
DISHTV,2.61,2026-09-03,-4.74,-5.43,-8.1,-17.92,-2.61,-48.62
MIRZAINT,30.99,2026-09-03,-2.05,-1.18,-8.1,3.44,-6.06,-8.56
AMBIKCO,1634.7,2026-09-03,-0.3,-1.65,-8.11,-4.46,20.57,15.05
USK,20.61,2026-09-03,-2.6,-2.37,-8.11,-11.32,-25.08,-40.0
PANACEABIO,389.05,2026-09-03,0.5,-4.22,-8.12,-10.27,19.19,-8.2
EVERESTIND,425.25,2026-09-03,-1.43,1.15,-8.12,12.95,4.99,-36.09
IREDA,113.0,2026-09-03,-3.0,-2.08,-8.13,-8.0,-2.01,-22.03
PRITIKAUTO,16.28,2026-09-03,-4.57,-7.6,-8.13,21.04,29.72,-7.29
M&M,3150.0,2026-09-03,-4.02,-7.74,-8.13,5.71,-4.54,-3.13
RPPINFRA,55.04,2026-09-03,-1.04,-4.74,-8.16,-8.87,-24.33,-60.69
PEARLPOLY,15.29,2026-09-03,-1.29,-5.44,-8.17,-19.74,-17.84,-51.38
TATACONSUM,1019.2,2026-09-03,-1.76,-4.08,-8.18,-10.91,-8.65,-6.93
INDIACEM,358.8,2026-09-03,-3.2,-2.43,-8.22,-6.38,-9.8,-11.13
GMRAIRPORT,96.87,2026-09-03,3.46,-1.97,-8.22,-1.93,0.39,10.87
HINDUNILVR,1962.0,2026-09-03,-0.27,-3.35,-8.23,-5.2,-14.59,-25.04
MARUTI,12857.0,2026-09-03,-5.09,-5.6,-8.23,-0.44,-9.74,-13.0
SOBHA,1259.1,2026-09-03,0.25,-2.33,-8.25,-8.52,-7.01,-13.0
RILINFRA,35.55,2026-09-02,-1.8,-2.47,-8.26,-7.18,5.18,0.99
DUGLOBAL,23.85,2026-09-02,-4.6,2.58,-8.27,-36.14,-40.23,-47.06
LANDMARK,498.0,2026-09-03,-3.76,-8.08,-8.27,27.25,22.74,-17.64
RBMINFRA,242.75,2026-09-02,0.64,-2.04,-8.33,-15.64,-25.57,-43.22
VGL,56.56,2026-09-03,-4.33,3.61,-8.33,-14.21,-18.05,-36.23
ATMASTCO,139.1,2026-09-02,-4.66,-1.94,-8.34,-18.49,-1.8,-42.13
NIITMTS,222.91,2026-09-03,-1.85,-1.25,-8.35,6.43,-31.83,-32.19
ITC,263.0,2026-09-03,2.94,-2.48,-8.36,-5.05,-14.21,-33.01
DNAMEDIA,2.63,2026-09-03,-1.13,3.54,-8.36,-10.54,-21.02,-43.56
RADIOCITY,6.24,2026-09-03,-3.85,-4.44,-8.37,2.3,4.35,-27.36
SWANCORP,284.1,2026-09-03,-3.14,-6.16,-8.37,-12.53,-22.93,-38.32
KAYNES,3485.0,2026-09-03,-5.43,-9.25,-8.41,8.42,-6.73,-48.32
IRFC,82.65,2026-09-03,-0.83,-3.88,-8.42,-13.68,-15.92,-31.84
MAFATIND,123.24,2026-09-03,0.49,1.38,-8.45,-5.47,,
SONAMAC,32.5,2026-09-02,-2.11,-5.39,-8.45,-11.2,-12.75,-57.68
ENIL,99.61,2026-09-03,-2.31,-1.39,-8.46,-7.19,-5.67,-38.22
HUDCO,181.07,2026-09-03,-0.54,-3.44,-8.46,-9.35,1.78,-13.25
TARC,124.19,2026-09-03,4.85,1.35,-8.48,-4.67,-13.43,-24.01
HDIL,1.51,2026-09-03,1.34,1.34,-8.48,-21.35,-35.74,-50.81
SINTERCOM,79.61,2026-09-03,1.02,-2.58,-8.48,7.86,-11.07,-34.85
CIEINDIA,383.95,2026-09-03,-1.82,-3.86,-8.51,-15.06,-16.61,-2.49
VBL,407.15,2026-09-03,1.67,-4.87,-8.51,-23.58,-8.26,-19.15
BHARTIHEXA,1505.6,2026-09-03,-2.58,-6.24,-8.52,1.74,-4.58,-14.82
CPEDU,189.76,2026-09-03,4.22,-0.74,-8.54,5.42,1.13,
SHANTI,6.31,2026-09-03,-4.25,-0.32,-8.55,-0.94,-8.28,-32.8
LINDEINDIA,6373.0,2026-09-03,-0.2,-2.42,-8.55,-10.22,-4.21,-0.85
DHTL,32.6,2026-09-02,0.46,3.66,-8.56,-32.71,-24.19,-24.27
ADVENZYMES,296.0,2026-09-03,0.65,-2.1,-8.57,-21.82,0.64,-12.32
HONAUT,35265.0,2026-09-03,-0.75,-3.75,-8.57,1.77,16.64,-3.78
CUMMINSIND,5071.0,2026-09-03,-0.67,-2.29,-8.63,-10.18,6.15,32.2
AFFLE,1519.2,2026-09-03,-4.93,-12.69,-8.65,3.38,11.89,-20.23
JSFB,534.2,2026-09-03,-0.61,-8.14,-8.66,10.43,44.89,8.98
ACL,43.58,2026-09-03,-0.32,-2.74,-8.68,-19.92,-17.87,-54.14
LAXMIDENTL,199.2,2026-09-03,1.89,2.16,-8.68,-14.93,7.41,-40.22
CURAA,66.2,2026-09-03,3.31,-9.99,-8.69,-22.92,-23.24,-77.83
NDTV,70.66,2026-09-03,-2.13,-5.96,-8.7,-13.78,-10.74,-36.3
COROMANDEL,1931.3,2026-09-03,1.33,0.24,-8.7,10.75,-11.31,-17.58
SRTL,36.72,2026-09-03,-4.75,-8.5,-8.7,-12.51,-48.57,
ESSENTIA,1.05,2026-09-03,1.94,-11.02,-8.7,-38.24,-15.32,-45.6
ORIENTTECH,238.75,2026-09-03,-0.1,-2.27,-8.7,-10.02,-16.46,-15.15
HGS,393.0,2026-09-03,-1.88,-2.25,-8.72,-2.95,7.47,-24.94
ADVENTHTL,134.98,2026-09-03,-2.86,3.04,-8.72,-0.35,-28.29,
SALZERELEC,537.3,2026-09-03,-1.67,-5.21,-8.72,-14.23,-14.72,-33.93
3MINDIA,32820.0,2026-09-03,-1.5,-3.14,-8.72,2.62,-6.67,7.47
KOKUYOCMLN,78.44,2026-09-03,-1.13,-4.74,-8.72,-4.74,-1.11,-32.35
OSWALGREEN,19.86,2026-09-03,-1.24,-5.43,-8.73,-16.66,-23.08,-51.78
ASTEC,573.25,2026-09-03,2.24,-3.28,-8.76,-26.77,-8.75,-32.83
GALLANTT,572.65,2026-09-03,0.95,-1.31,-8.76,-10.82,0.77,-7.24
AMBUJACEM,405.0,2026-09-03,0.96,-0.92,-8.78,-4.67,-17.06,-29.06
PRECISION,6.75,2026-09-02,0.0,-11.18,-8.78,-15.62,-28.57,-69.04
BSOFT,293.25,2026-09-03,0.69,-1.92,-8.79,-9.18,-22.63,-20.58
NBCC,86.5,2026-09-03,0.35,-1.84,-8.8,-14.81,-2.53,-15.41
GRETEX,260.0,2026-09-02,-4.41,-13.33,-8.8,11.23,-3.7,20.37
AIAENG,4272.4,2026-09-03,0.35,-0.09,-8.8,-5.51,14.27,39.65
SAMBHAAV,6.0,2026-09-03,-0.99,-4.76,-8.81,-8.81,-15.97,-9.64
JUBLINGREA,690.55,2026-09-03,2.32,-2.49,-8.83,9.8,21.79,-4.95
DBREALTY,103.05,2026-09-03,-0.69,-2.49,-8.83,-7.35,-4.72,-42.8
GREENPOWER,9.19,2026-09-03,0.0,-3.26,-8.83,-18.89,-2.34,-34.73
MAHLIFE,363.1,2026-09-03,-0.7,-4.23,-8.83,9.52,5.31,3.71
ALKEM,5193.0,2026-09-03,-2.56,-2.93,-8.84,-1.36,-6.53,-0.9
PANSARI,300.0,2026-09-03,-0.94,-8.52,-8.84,8.24,0.7,14.5
MADHUCON,4.81,2026-09-03,-3.22,-6.6,-8.9,-8.9,6.42,-24.84
SANGINITA,58.34,2026-09-03,4.23,8.84,-8.93,92.16,331.83,505.19
REFEX,279.25,2026-09-03,-1.15,-2.51,-8.98,-10.95,30.35,-23.87
SHAKTIPUMP,472.2,2026-09-03,-2.92,-4.39,-8.98,-7.31,-5.89,-42.35
VASA,4.05,2026-09-02,-4.71,-4.71,-8.99,-12.9,-14.74,-11.96
JLHL,290.3,2026-09-03,-1.79,-5.7,-9.0,10.04,14.08,1.0
JWL,241.09,2026-09-03,0.22,-2.73,-9.01,-14.0,-6.35,-26.93
ACC,1272.0,2026-09-03,-0.35,-2.22,-9.01,-5.3,-17.63,-30.59
BAJFINANCE,1049.0,2026-09-03,-0.76,-2.6,-9.02,20.38,7.89,17.76
HMVL,86.49,2026-09-03,-1.75,-4.34,-9.03,13.64,29.63,0.16
URJA,9.15,2026-09-03,-0.11,-0.97,-9.05,-15.36,2.58,-34.08
GLOBE,1.91,2026-09-03,-1.04,-4.5,-9.05,-18.03,-22.36,-16.59
ADSL,104.85,2026-09-03,-0.32,-1.14,-9.07,-12.58,-5.77,-37.85
DENEERS,170.0,2026-09-02,-0.26,-2.24,-9.07,-20.36,23.91,-41.83
ARIHANTSUP,236.15,2026-09-03,-6.29,-6.84,-9.12,-10.77,-8.45,-40.1
ALLETEC,126.3,2026-09-02,0.8,3.95,-9.14,-9.66,-17.88,-58.35
ICICIGI,1521.7,2026-09-03,-2.88,-6.07,-9.15,-12.59,-19.42,-15.89
PARKHOTELS,113.14,2026-09-03,0.59,-3.27,-9.15,-1.75,-5.76,-28.53
PSPPROJECT,861.95,2026-09-03,-1.68,-5.23,-9.23,5.11,20.94,19.4
LEMERITE,21.11,2026-09-03,-0.61,-6.01,-9.24,-35.32,-76.47,-70.67
UMESLTD,5.0,2026-09-03,-8.26,-14.53,-9.26,-8.26,23.76,-13.49
FOCUS,63.9,2026-09-03,-2.8,-6.91,-9.28,-31.0,-0.27,-33.03
EMAMILTD,368.2,2026-09-03,1.15,-9.22,-9.31,-5.77,-19.73,-36.46
SAMPANN,24.61,2026-09-03,-5.53,-5.53,-9.32,-8.72,-13.98,-13.68
TTKPRESTIG,583.95,2026-09-03,0.03,-0.67,-9.37,8.45,17.78,-13.43
SURANAT&P,16.21,2026-09-03,-0.92,-0.12,-9.39,-9.64,-5.59,-19.79
HOMESFY,111.3,2026-09-02,0.0,0.0,-9.4,10.25,-26.44,-58.76
JKCEMENT,5039.5,2026-09-03,-1.82,-3.37,-9.42,3.72,-9.8,-25.12
INTELLECT,678.3,2026-09-03,-0.39,-1.34,-9.42,-8.07,0.2,-28.14
THERMAX,3733.9,2026-09-03,-4.3,-6.28,-9.42,-21.64,20.87,15.0
PRAKASHSTL,3.65,2026-09-03,-5.44,-6.89,-9.43,-15.51,-12.68,-34.12
SEJALLTD,672.45,2026-09-03,-4.89,-2.0,-9.44,-11.19,23.57,31.34
MCLOUD,26.46,2026-09-03,-0.71,-10.55,-9.48,3.4,11.04,-66.27
INDTERRAIN,30.22,2026-09-03,0.37,-0.23,-9.49,-7.02,-0.85,-14.95
JIOFIN,237.45,2026-09-03,-1.62,-1.88,-9.5,1.27,-4.42,-24.13
BPL,49.31,2026-09-03,-3.45,0.43,-9.51,-5.84,-7.47,-43.27
CERA,5683.5,2026-09-03,-0.82,-1.89,-9.51,3.09,20.15,-8.86
SATIPOLY,37.05,2026-09-02,-7.26,-12.82,-9.52,10.6,-22.0,-51.25
EVEREADY,319.45,2026-09-03,-3.14,-8.86,-9.54,0.85,-0.66,-31.27
JKLAKSHMI,514.4,2026-09-03,-3.11,-7.3,-9.54,-14.32,-24.23,-45.87
MUFTI,72.87,2026-09-03,-2.07,-2.11,-9.55,-16.32,-10.14,-38.66
EASEMYTRIP,5.97,2026-09-03,-2.13,-2.29,-9.55,-13.48,-25.28,-29.85
ASIANPAINT,2541.6,2026-09-03,-4.22,-3.76,-9.55,-3.71,11.12,0.54
GRMOVER,85.81,2026-09-03,-0.76,-4.91,-9.56,-44.14,-46.02,-28.2
STARCEMENT,184.47,2026-09-03,-0.16,-5.33,-9.56,-11.74,-10.2,-37.97
DEVIT,24.52,2026-09-03,-0.28,-3.58,-9.59,-14.33,1.83,-45.71
FAZE3Q,498.4,2026-09-03,2.24,1.13,-9.59,-7.03,11.97,14.21
MAXHEALTH,994.9,2026-09-03,-4.53,0.44,-9.59,3.22,-8.02,-14.23
AGSTRA,1.98,2026-09-03,-0.5,0.51,-9.59,-23.26,-40.9,-63.8
KILITCH,172.52,2026-09-03,-1.21,3.37,-9.61,-0.08,8.73,-3.17
NATCOPHARM,838.3,2026-09-03,-0.38,-5.18,-9.62,-10.14,-12.19,-3.36
NAHARPOLY,248.39,2026-09-03,1.9,1.45,-9.64,-1.65,7.94,-16.7
IFBAGRO,889.05,2026-09-03,-1.13,-9.35,-9.65,-7.31,8.24,11.97
VASCONEQ,30.05,2026-09-03,-1.09,-3.84,-9.65,-7.11,-18.63,-41.46
MPTODAY,41.55,2026-09-02,-4.92,-4.92,-9.67,-4.7,-8.08,-12.8
BIKAJI,587.15,2026-09-03,-6.16,-2.62,-9.67,-9.39,-6.79,-25.05
RADAAN,2.89,2026-09-03,-5.86,-4.62,-9.69,-5.86,-3.34,-20.17
RACE,100.94,2026-09-03,-0.06,-0.49,-9.71,-11.46,-9.74,-58.77
RAMKY,351.35,2026-09-03,-0.01,-7.61,-9.71,-19.26,-20.79,-38.2
HPL,303.25,2026-09-03,0.05,-3.53,-9.73,-11.14,-6.36,-35.88
AGRITECH,101.1,2026-09-03,-0.44,-0.93,-9.73,-5.66,-15.11,-27.79
OMINFRAL,82.68,2026-09-03,0.56,-0.73,-9.74,-3.22,0.83,-24.49
WEALTH,847.5,2026-09-03,-0.44,-0.28,-9.77,-9.45,-9.98,-29.47
CCCL,14.19,2026-09-03,-2.41,-6.09,-9.79,-3.99,-6.58,-22.46
RKSWAMY,92.0,2026-09-03,0.23,-3.27,-9.79,-4.38,-6.04,-38.89
SENCO,349.05,2026-09-03,0.13,-6.11,-9.8,1.94,14.03,-7.35
AAVAS,1297.8,2026-09-03,2.9,-2.88,-9.81,-1.08,4.65,-18.94
SHK,150.14,2026-09-03,-0.87,-2.88,-9.85,18.92,4.69,-42.69
RVNL,209.3,2026-09-03,-0.33,-5.59,-9.85,-12.16,-29.89,-37.06
BIGBLOC,41.29,2026-09-03,-0.15,-3.71,-9.85,-18.17,-19.15,-30.8
LLOYDSME,1848.7,2026-09-03,3.01,0.93,-9.85,3.18,52.81,38.37
HESTERBIO,2201.7,2026-09-03,-2.53,-6.89,-9.86,13.0,43.36,8.18
SPANDANA,236.52,2026-09-03,-1.84,-1.86,-9.86,-7.95,-3.64,-11.51
TATVA,1596.2,2026-09-03,-1.87,-0.58,-9.87,30.58,36.38,49.13
SWSOLAR,187.79,2026-09-03,-0.81,-1.92,-9.89,-3.57,-1.15,-31.14
TIMETECHNO,189.36,2026-09-03,1.16,2.33,-9.89,10.56,5.9,-20.21
RATEGAIN,869.75,2026-09-03,-7.25,-9.6,-9.91,13.66,76.15,47.4
PIGL,99.83,2026-09-03,-0.33,-2.51,-9.93,-7.07,-4.98,-37.18
ASTRAMICRO,1665.1,2026-09-03,-0.05,0.01,-9.94,25.79,69.49,59.51
HBLENGINE,665.55,2026-09-03,1.25,-3.67,-9.96,-15.35,0.13,-21.5
JKTYRE,369.45,2026-09-03,-2.48,-3.44,-9.96,-3.32,-21.89,7.79
AERONEU,78.99,2026-09-03,-1.27,-2.67,-9.96,-8.8,17.35,-25.7
AGIIL,278.3,2026-09-03,-2.35,-3.47,-9.98,-28.11,-8.6,18.39
DYNPRO,237.81,2026-09-03,4.53,4.05,-9.99,-7.11,5.1,-36.3
ALLTIME,199.78,2026-09-03,0.05,-0.75,-9.99,-8.77,-11.79,-34.01
IRCON,118.69,2026-09-03,-0.57,-3.58,-10.0,-12.29,-12.86,-30.08
PGHH,7725.0,2026-09-03,-2.46,-4.23,-10.01,-16.3,-30.63,-41.37
IGIL,325.95,2026-09-03,-4.4,-4.32,-10.01,-8.8,0.83,-4.9
ARENTERP,35.06,2026-09-03,-5.17,-4.1,-10.01,-6.43,-14.49,-28.46
HIGREEN,124.8,2026-09-02,-2.08,-3.11,-10.02,4.96,-1.85,-41.95
JITFINFRA,310.65,2026-09-03,-0.22,-1.8,-10.02,-1.4,-13.41,-3.13
ITDC,643.35,2026-09-03,0.49,-5.46,-10.05,20.12,29.66,16.31
HEMIPROP,125.93,2026-09-03,-2.17,-2.3,-10.05,-9.58,-10.04,-24.92
MONOPHARMA,8.95,2026-09-02,-0.56,2.29,-10.05,-25.42,-31.15,-60.22
AFFORDABLE,159.68,2026-09-03,-0.9,-3.71,-10.06,-13.69,-8.45,-41.07
GRAUWEIL,70.84,2026-09-03,-1.1,-0.62,-10.06,0.95,-38.72,-38.72
UBL,1284.2,2026-09-03,-1.86,-4.64,-10.08,-3.48,-18.65,-29.29
ROSSARI,457.0,2026-09-03,-5.8,-8.48,-10.08,-13.4,-5.68,-27.97
ORIENTPPR,17.13,2026-09-03,1.6,-0.7,-10.08,-3.22,-5.57,-39.04
MANCREDIT,231.4,2026-09-03,-4.67,3.94,-10.09,14.92,35.76,25.68
COCKERILL,8080.0,2026-09-03,-1.16,0.4,-10.1,-11.33,,
WALCHANNAG,206.13,2026-09-03,-4.08,-7.25,-10.12,-13.48,22.01,12.48
JISLJALEQS,28.16,2026-09-03,-0.42,0.75,-10.12,-3.3,-20.72,-50.51
ZENSARTECH,465.45,2026-09-03,1.11,-2.4,-10.14,-6.47,-16.12,-38.56
PNGJL,591.25,2026-09-03,1.26,-3.6,-10.15,7.09,11.85,1.83
GGBL,225.85,2026-09-02,-0.42,-6.27,-10.18,-31.04,-13.73,-46.06
REDTAPE,117.48,2026-09-03,-5.37,-3.67,-10.18,-12.97,2.51,-11.89
BORORENEW,497.5,2026-09-03,-1.01,-7.28,-10.19,-8.65,12.81,-13.46
VASWANI,46.52,2026-09-03,-4.89,1.37,-10.21,-21.09,-13.56,-18.87
AGROPHOS,26.19,2026-09-03,-0.61,0.04,-10.25,-14.83,-19.49,-35.61
RCF,114.52,2026-09-03,0.88,-3.79,-10.26,-10.62,-5.75,-27.86
LIKHITHA,202.9,2026-09-03,-2.21,-3.83,-10.26,1.47,39.53,-19.79
MCLEODRUSS,46.61,2026-09-03,-5.93,-6.61,-10.28,-36.86,18.27,21.63
PAGEIND,35865.0,2026-09-03,0.18,0.86,-10.29,-4.0,16.13,-19.58
RAJVIR,5.32,2026-09-02,0.0,0.0,-10.29,-30.0,-30.46,-46.8
RHIM,369.75,2026-09-03,-0.5,-1.29,-10.31,-2.04,-11.42,-22.31
DBL,398.55,2026-09-03,-1.58,-3.87,-10.31,-4.25,-5.42,-15.75
KRITIKA,5.39,2026-09-03,0.19,-1.64,-10.32,-11.06,-5.44,-42.78
NKIND,56.32,2026-09-03,-3.06,-9.18,-10.35,-13.62,-11.31,-17.09
PGEL,553.9,2026-09-03,-4.66,-7.22,-10.37,17.49,-10.27,0.17
CSM,94.0,2026-09-03,-2.88,-4.66,-10.37,,,
BBL,2298.3,2026-09-03,-2.76,-3.63,-10.38,-16.36,-2.92,-22.27
RANEHOLDIN,1635.3,2026-09-03,4.37,1.36,-10.38,13.1,42.17,11.12
BHARATFORG,1981.0,2026-09-03,-5.89,-2.94,-10.4,2.61,5.73,75.17
ICEMAKE,739.25,2026-09-03,-1.34,1.82,-10.42,-5.16,-10.76,1.6
HECPROJECT,121.34,2026-09-03,1.48,5.5,-10.44,0.29,2.97,-20.83
SBILIFE,1715.0,2026-09-03,-1.47,-2.66,-10.44,-3.88,-15.49,-5.15
ASALCBR,696.05,2026-09-03,-0.68,-4.04,-10.52,-16.29,-10.96,-32.41
SCODATUBES,134.95,2026-09-03,5.12,3.78,-10.52,9.11,3.01,-27.01
DHANLAXMI,24.25,2026-09-02,-3.0,-12.77,-10.52,-20.23,-5.09,-44.57
INNOVISION,255.65,2026-09-03,-6.78,-2.2,-10.53,-11.56,,
AMIRCHAND,179.25,2026-09-02,2.82,2.04,-10.53,,,
LIBERTSHOE,234.3,2026-09-03,-3.2,-3.9,-10.54,-1.52,1.24,-30.73
DELTACORP,56.25,2026-09-03,-3.8,-4.47,-10.54,-18.53,-4.43,-40.43
DABUR,380.7,2026-09-03,-0.08,-4.45,-10.59,-7.71,-24.03,-28.67
SAGCEM,154.38,2026-09-03,-3.28,-6.62,-10.59,-14.14,-18.7,-43.49
RICOAUTO,126.49,2026-09-03,-2.0,-0.11,-10.59,9.22,1.58,28.0
TSFINV,406.05,2026-09-03,1.21,-1.68,-10.62,2.21,7.32,-15.61
URBAN,121.35,2026-09-02,0.83,-16.31,-10.64,-10.11,-5.42,-22.06
NGLFINE,2940.8,2026-09-03,10.99,2.67,-10.64,11.25,22.49,99.02
3IINFOLTD,21.79,2026-09-03,-5.34,-11.13,-10.66,26.98,60.81,-6.88
SANATHAN,433.05,2026-09-03,-4.25,-3.49,-10.67,6.35,7.66,-15.53
TMPV,312.0,2026-09-03,1.02,-0.76,-10.68,-20.99,-15.11,-54.54
LATENTVIEW,266.0,2026-09-03,-1.41,-4.49,-10.69,-15.3,-18.59,-37.4
MSUMI,37.03,2026-09-03,0.65,-1.91,-10.73,-1.6,-11.08,-12.37
SULA,147.56,2026-09-03,0.24,2.1,-10.74,-5.43,-9.11,-41.38
BHAGCHEM,266.3,2026-09-03,-5.15,-5.87,-10.74,13.95,33.27,-3.09
TPLPLASTEH,72.53,2026-09-03,1.44,-8.97,-10.74,4.57,12.71,-6.2
ANDREWYU,27.98,2026-09-03,0.32,5.82,-10.75,-10.75,-10.75,-10.75
PGHL,5757.5,2026-09-03,-0.18,-1.2,-10.75,-5.0,16.34,-5.37
ABAN,14.78,2026-09-03,-0.34,-9.77,-10.8,-8.48,-23.3,-66.65
SEPC,5.37,2026-09-03,-1.29,-7.73,-10.8,-23.29,-25.1,-55.36
IONEXCHANG,382.2,2026-09-03,5.04,3.62,-10.81,8.41,8.19,-8.31
POKARNA,831.4,2026-09-03,-2.74,-5.02,-10.84,0.94,-6.73,1.48
AMNPLST,176.07,2026-09-03,-2.87,-6.8,-10.86,-13.44,15.68,-20.78
NBIFIN,1983.4,2026-09-03,1.14,-0.23,-10.88,7.66,7.25,-19.74
IGARASHI,416.25,2026-09-03,-0.88,-3.5,-10.9,11.97,19.84,-12.88
TOUCHWOOD,59.2,2026-09-03,0.12,-6.03,-10.91,-17.65,-16.97,-45.41
LUPIN,2132.0,2026-09-03,-2.58,-2.56,-10.91,-5.03,-7.08,10.06
RAYMONDLSL,647.85,2026-09-03,-2.25,-9.66,-10.92,-12.22,-25.21,-47.83
CMICABLES,2.53,2026-09-02,0.0,0.0,-10.92,-21.43,-39.9,-25.59
HARRMALAYA,191.2,2026-09-03,-2.89,-4.72,-10.92,-3.33,-1.11,-9.76
NITCO,96.28,2026-09-03,2.44,0.0,-10.93,0.46,35.51,-18.5
COLPAL,1850.0,2026-09-03,-2.51,-1.54,-10.93,-8.35,-15.49,-20.57
PPAP,256.7,2026-09-03,-1.93,-2.38,-10.98,20.28,20.02,19.19
BHARATWIRE,180.42,2026-09-03,-0.71,-3.38,-11.02,-16.36,3.26,-0.17
VOLTAS,1178.0,2026-09-03,-1.37,-5.15,-11.08,-4.32,-21.17,-17.38
CMSINFO,244.86,2026-09-03,0.52,-1.58,-11.09,-19.63,-18.77,-40.46
HLVLTD,6.41,2026-09-03,-1.38,-1.84,-11.1,-18.55,-17.4,-46.49
LGHL,178.95,2026-09-03,-0.28,0.42,-11.11,-23.27,-39.26,-41.86
NAMAN,40.0,2026-09-02,0.25,-4.99,-11.11,-15.97,-30.56,-57.89
MOIL,250.68,2026-09-03,1.16,-1.85,-11.12,-15.21,-15.02,-28.57
JIWANRAM,4.35,2026-09-02,-3.33,-13.0,-11.22,-14.71,-12.12,-47.59
SIYSIL,558.65,2026-09-03,-0.87,-5.06,-11.23,-4.91,8.86,-13.21
MOBIKWIK,190.61,2026-09-03,0.47,-2.37,-11.25,-1.92,1.89,-34.11
ZAGGLE,182.63,2026-09-03,-1.01,-4.54,-11.28,-10.1,-18.04,-54.36
KLL,24.75,2026-09-02,13.79,8.08,-11.29,-34.61,-36.54,-66.55
AVANTIFEED,795.85,2026-09-03,-3.5,-6.75,-11.29,-31.31,-37.62,19.96
RELINFRA,55.91,2026-09-03,-5.86,-10.87,-11.31,-24.62,-34.89,-80.93
TVSHLTD,13156.0,2026-09-03,-0.58,-4.02,-11.32,-2.76,-9.6,8.86
SRIVASAVI,73.8,2026-09-02,-1.14,-9.06,-11.35,44.71,63.82,20.98
GOODYEAR,736.7,2026-09-03,-0.89,-2.57,-11.36,3.51,-40.35,-40.35
SOUTHWEST,213.12,2026-09-03,4.0,-2.23,-11.36,-18.81,17.0,48.85
ONELIFECAP,31.98,2026-09-03,-1.27,-5.24,-11.39,21.23,113.06,174.27
ORIANA,1221.9,2026-09-02,-1.3,-5.22,-11.4,-27.93,-31.98,-47.35
TOLINS,91.94,2026-09-03,-2.8,-4.77,-11.44,-6.71,-14.59,-42.84
BHARATRAS,1184.2,2026-09-03,-5.11,-7.71,-11.44,-17.9,-19.15,-53.34
SHREECEM,23910.0,2026-09-03,3.06,-0.46,-11.44,-3.24,-8.24,-19.71
SPECTRUM,2255.7,2026-09-03,6.38,5.2,-11.45,39.15,72.93,56.52
GTLINFRA,1.16,2026-09-03,-0.85,-4.92,-11.45,-21.62,2.65,-22.67
UJJIVANSFB,62.99,2026-09-03,-8.86,-10.39,-11.46,17.1,9.97,46.32
AJMERA,115.45,2026-09-03,-1.24,-2.66,-11.47,2.96,-10.66,-40.4
CPL,62.4,2026-09-03,-3.24,-3.99,-11.48,,,
EUROPRATIK,267.0,2026-09-03,1.25,-0.15,-11.5,4.36,8.61,
FIBERWEB,25.91,2026-09-03,-1.67,-2.96,-11.51,-9.25,-37.64,-43.09
METROBRAND,915.65,2026-09-03,-0.43,0.63,-11.52,-11.51,-9.97,-21.41
SCHNEIDER,1191.0,2026-09-03,-2.31,2.81,-11.52,6.12,36.39,38.44
CMLL,501.4,2026-09-03,-0.58,-6.13,-11.55,,,
INDBANK,28.71,2026-09-03,-9.26,-10.59,-11.63,-12.47,-16.05,-18.9
GLOSTERLTD,590.75,2026-09-03,0.14,-1.05,-11.64,-8.53,9.52,-9.51
SPMLINFRA,173.31,2026-09-03,-4.51,-7.32,-11.64,-14.19,4.55,-38.96
SHRIRAMPPS,75.68,2026-09-03,-1.75,-1.5,-11.64,-15.7,-1.01,-16.94
CCAVENUE,15.4,2026-09-03,2.46,2.46,-11.65,10.24,-4.76,-4.53
FELDVR,2.2,2026-09-03,-1.35,-5.98,-11.65,-15.38,-22.54,-35.29
ZEELEARN,7.19,2026-09-03,-5.64,-8.41,-11.67,3.6,21.86,-20.29
GABRIEL,1345.8,2026-09-03,-6.41,-0.96,-11.71,27.66,41.43,10.47
ARKADE,124.17,2026-09-03,0.66,-5.8,-11.72,8.98,10.18,-31.71
HARIOMPIPE,355.45,2026-09-03,2.94,2.13,-11.73,-13.22,-0.8,-29.02
AVPINFRA,57.95,2026-09-02,-0.77,-7.28,-11.73,-15.59,-36.8,-67.33
RUPA,144.43,2026-09-03,-2.18,-4.87,-11.73,-6.65,7.37,-26.25
LLOYDSENT,71.97,2026-09-03,-0.53,-2.82,-11.77,6.68,45.14,-0.42
PRITI,33.35,2026-09-03,0.3,-0.83,-11.8,-20.39,-23.75,-55.2
HSCL,662.0,2026-09-03,0.42,-0.03,-11.81,9.96,44.91,42.7
STANLEY,137.46,2026-09-03,0.65,1.05,-11.82,-4.27,-11.65,-54.42
SURAJEST,177.8,2026-09-03,-6.92,-8.96,-11.84,-6.3,-16.85,-41.47
EIHOTEL,290.75,2026-09-03,2.99,-3.02,-11.92,0.61,-6.55,-29.2
HGINFRA,479.9,2026-09-03,-2.07,-5.28,-11.92,-13.93,-9.1,-51.64
DRONE,34.7,2026-09-02,0.73,-1.0,-11.93,-13.36,-26.79,-62.53
BOROSCI,134.93,2026-09-03,9.78,6.84,-12.05,-12.54,31.2,-7.24
WEWORK,654.7,2026-09-03,-4.37,-2.59,-12.07,6.7,36.47,
ACCURACY,4.22,2026-09-03,-4.74,-7.05,-12.08,-25.96,-6.01,-39.63
HITECH,75.15,2026-09-03,-4.81,-6.9,-12.09,-14.32,-10.02,-17.54
EIEL,195.66,2026-09-03,-0.64,0.18,-12.12,6.67,28.23,-22.36
SHRENIK,0.29,2026-09-03,-3.33,3.57,-12.12,-21.62,-30.95,-40.82
ACEINTEG,17.02,2026-09-03,-0.18,-4.44,-12.13,-18.64,-2.46,-27.88
NDRAUTO,724.2,2026-09-03,-1.55,-2.58,-12.18,-7.04,-0.7,-30.89
MUTHOOTMF,206.89,2026-09-03,1.5,-2.1,-12.21,14.88,27.22,23.07
GANECOS,1015.4,2026-09-03,-0.62,-4.94,-12.21,8.95,35.01,-25.24
EMAMIREAL,68.7,2026-09-03,-1.08,-1.97,-12.24,-18.4,8.62,-39.69
KOTHARIPET,129.02,2026-09-03,-1.58,-3.9,-12.31,8.44,17.78,-21.41
RESPONIND,151.87,2026-09-03,1.89,-1.81,-12.31,-21.03,-10.58,-21.79
NIBL,30.76,2026-09-03,-0.36,-1.76,-12.34,2.74,-1.79,13.72
SIGNPOST,245.45,2026-09-03,-3.65,-6.71,-12.34,-9.23,-1.19,-9.47
STERTOOLS,220.78,2026-09-03,1.6,0.04,-12.35,-0.65,4.32,-31.87
ISHANCH,45.4,2026-09-03,4.08,-3.96,-12.42,-24.98,-22.63,-26.54
VEEKAYEM,110.35,2026-09-02,7.14,10.79,-12.42,-20.04,-25.44,-65.3
GVPIL,663.75,2026-09-03,5.79,2.04,-12.43,-22.84,45.75,82.46
KRITI,60.94,2026-09-03,0.93,-6.4,-12.44,-19.3,-21.39,-54.93
DRL,9.5,2026-09-02,0.0,0.0,-12.44,,,
MAXIND,152.89,2026-09-03,1.39,-0.96,-12.45,-4.13,2.25,-30.45
HILTON,18.71,2026-09-03,-3.21,-5.93,-12.45,-3.9,6.61,-66.4
IDEAFORGE,776.55,2026-09-03,-2.35,-2.5,-12.46,-9.4,75.97,50.22
CEREBRAINT,2.6,2026-09-03,4.0,-7.8,-12.46,-20.73,-44.33,-64.24
ABLBL,83.49,2026-09-03,-3.71,-1.93,-12.49,-14.55,-16.74,-41.33
VHLTD,116.39,2026-09-03,0.52,-0.63,-12.49,-16.76,-22.35,-0.83
RPSGVENT,833.3,2026-09-03,-1.78,-3.48,-12.5,-9.8,27.28,-7.59
NILAINFRA,6.7,2026-09-03,-0.59,-3.46,-12.53,-15.93,-15.3,-36.19
BCONCEPTS,165.43,2026-09-03,0.46,3.2,-12.54,-15.15,-31.19,-40.42
MINDTECK,168.22,2026-09-03,-2.96,-0.51,-12.55,-20.3,-17.97,-17.9
TIPSFILMS,331.35,2026-09-03,-1.25,-4.29,-12.57,-10.88,-6.08,-23.9
KRIDHANINF,2.01,2026-09-03,0.5,-1.47,-12.61,-32.32,-26.37,-50.37
VR,104.0,2026-09-02,-7.96,-20.0,-12.64,-21.15,-24.12,-51.85
PARASPETRO,2.13,2026-09-03,-2.74,-4.05,-12.7,8.12,2.9,-10.88
SAHAJSOLAR,100.25,2026-09-02,0.3,-2.86,-12.71,-29.15,-12.6,-61.79
BABAFP,21.6,2026-09-02,-4.0,-2.92,-12.73,-17.08,-15.62,-44.83
GRAPHISAD,26.0,2026-09-02,-4.06,-0.95,-12.75,-13.48,-14.75,-29.54
DELPHIFX,5.94,2026-09-03,-7.62,-8.47,-12.78,-38.19,-51.71,-52.78
FIEMIND,2036.9,2026-09-03,0.03,-5.88,-12.89,-11.71,-4.75,-4.95
UNITECH,3.71,2026-09-03,-2.62,-5.84,-12.91,-23.35,-25.5,-46.85
SAKSOFT,153.69,2026-09-03,-1.07,-5.21,-12.96,6.07,13.4,-26.29
SHAH,3.49,2026-09-03,-3.32,-12.53,-12.97,-34.03,-28.19,-5.42
GAUDIUMIVF,117.24,2026-09-03,-8.26,3.18,-12.99,6.44,41.73,
PARSVNATH,1.54,2026-09-03,4.76,12.41,-12.99,-59.37,-79.02,-89.96
ZOTA,1101.2,2026-09-03,4.5,0.61,-13.0,-10.15,-9.69,-16.9
HCL-INSYS,10.14,2026-09-03,-5.59,-6.72,-13.04,-22.65,-18.55,-36.94
UGROCAP,84.89,2026-09-03,-2.49,-3.79,-13.05,-8.74,-21.59,-52.71
PIIND,2419.9,2026-09-03,2.11,-2.23,-13.05,-11.31,-21.64,-35.26
LAXMICOT,12.71,2026-09-03,-1.4,-7.5,-13.12,-11.86,-12.89,-47.46
HIMATSEIDE,70.32,2026-09-03,1.18,-4.0,-13.17,-9.74,-27.44,-42.98
HRHNEXT,24.65,2026-09-02,-0.2,-13.05,-13.2,-11.96,2.92,-24.15
MIDWESTLTD,1054.3,2026-09-03,-3.87,-8.53,-13.22,-16.01,-13.68,
DHARAN,0.13,2026-09-03,-13.33,-18.75,-13.33,-18.75,-23.53,-71.74
JAMNAAUTO,122.04,2026-09-03,0.53,2.71,-13.36,0.31,-14.91,14.29
TRU,4.08,2026-09-03,0.74,-1.45,-13.38,-28.55,-36.25,-66.96
DEEPAKFERT,1355.9,2026-09-03,-3.63,-7.52,-13.38,-2.97,39.39,-5.36
AWHCL,371.4,2026-09-03,-3.1,-2.55,-13.45,-18.13,-22.74,-35.98
KDL,89.0,2026-09-02,-2.47,-8.48,-13.47,-27.61,-29.95,-67.4
POCL,476.1,2026-09-03,-3.93,-5.72,-13.51,-9.55,7.91,2.42
SKIL,0.83,2026-09-02,0.0,1.22,-13.54,-17.0,-22.43,-53.37
FINOPB,140.23,2026-09-03,0.61,-5.19,-13.57,8.82,-26.57,-49.69
NAVKARURB,0.89,2026-09-03,-2.2,-7.29,-13.59,-11.88,-26.45,-64.48
JTEKTINDIA,121.82,2026-09-03,-2.29,-3.73,-13.59,-1.11,-11.63,-14.07
GLOBALVECT,142.65,2026-09-03,0.1,-4.33,-13.6,-12.59,-7.65,-32.83
TIRUPATI,310.0,2026-09-02,-4.62,-4.62,-13.61,-36.08,-37.78,-40.95
SUBROS,705.85,2026-09-03,-1.62,-3.22,-13.64,-2.13,-6.15,-24.01
GODREJIND,1154.3,2026-09-03,1.75,-2.55,-13.67,9.45,20.01,-3.89
SHILCTECH,4041.6,2026-09-03,-0.03,3.07,-13.69,-0.12,1.79,
SPECTSTM,58.45,2026-09-02,-2.58,-6.48,-13.73,-18.76,-16.5,-47.81
TIRUMALCHM,157.86,2026-09-03,-1.37,-2.18,-13.79,-13.38,-15.77,-48.27
OMNI,519.25,2026-09-03,-3.93,-12.59,-13.79,2.4,,
ONIDA,34.35,2026-09-03,-5.11,-7.34,-13.8,-15.64,22.68,17.4
SALASAR,5.08,2026-09-03,-14.04,-13.46,-13.9,-26.8,-33.25,-34.96
JSLL,501.45,2026-09-03,-1.88,-1.93,-13.91,-27.57,-17.27,-33.79
QUICKHEAL,137.14,2026-09-03,0.1,-2.32,-13.91,-24.53,-14.36,-55.07
HUHTAMAKI,258.2,2026-09-03,-1.79,-5.54,-13.93,55.97,52.16,12.43
JPPOWER,16.14,2026-09-03,-1.88,-5.61,-13.97,-16.5,11.54,-12.09
SILVERTUC,169.72,2026-09-03,-1.48,-5.78,-13.97,-3.04,23.98,-75.06
ECOSMOBLTY,113.93,2026-09-03,-0.18,2.49,-13.98,-4.85,-18.73,-57.89
IVALUE,236.18,2026-09-03,-4.65,-16.88,-14.02,1.49,4.2,
SPENCERS,28.57,2026-09-03,-4.0,-6.57,-14.02,-18.09,-11.55,-50.8
TRANSWIND,11.3,2026-09-02,0.0,-0.44,-14.07,-18.41,-48.4,-24.67
TAC,427.0,2026-09-02,2.48,2.93,-14.08,10.85,8.67,-59.17
BLUESTARCO,1485.7,2026-09-03,1.5,-1.22,-14.08,-5.56,-21.53,-23.85
IMFA,1281.7,2026-09-03,-2.72,-7.83,-14.1,-14.2,3.73,44.03
PRECOT,699.9,2026-09-03,-0.66,4.44,-14.11,-4.11,61.56,48.46
OPTIEMUS,564.85,2026-09-03,-1.62,-3.56,-14.13,36.44,41.67,-8.0
KEC,406.15,2026-09-03,-2.48,-5.84,-14.18,-17.5,-27.26,-51.53
ASCOM,221.95,2026-09-02,0.0,0.0,-14.22,-10.79,2.12,146.61
GVKPIL,2.05,2026-09-03,-1.44,-6.82,-14.23,-29.79,-25.18,-38.25
GOLDTECH,47.1,2026-09-03,-2.46,-6.14,-14.27,9.38,20.74,-29.69
MITTAL,0.78,2026-09-03,-4.88,-11.36,-14.29,-20.41,-17.02,-50.0
BGRENERGY,238.44,2026-09-03,-2.3,2.29,-14.35,-29.04,-23.0,25.25
BANKA,75.27,2026-09-03,-4.2,-8.1,-14.39,-18.62,34.36,-13.7
RECLTD,313.6,2026-09-03,-3.0,-4.36,-14.42,-2.16,-5.09,-10.36
AGARIND,440.5,2026-09-03,-3.86,-9.32,-14.46,5.03,-17.09,-44.29
TRANSRAILL,427.45,2026-09-03,-2.39,-9.51,-14.55,-13.09,-19.95,-44.68
ORCHASP,1.41,2026-09-03,2.92,9.3,-14.55,-27.69,-43.82,-50.18
WAAREEINDO,274.85,2026-09-03,2.29,-1.42,-14.64,-34.27,-16.64,-37.21
BHARATGEAR,104.49,2026-09-03,2.95,2.66,-14.68,-7.77,1.63,15.23
MAXPOSURE,29.0,2026-09-02,-7.64,-4.92,-14.71,-12.25,-15.94,-50.0
INM,156.0,2026-09-02,0.0,-4.91,-14.75,-3.29,-12.87,-72.98
OSIAHYPER,2.48,2026-09-03,0.81,-9.16,-14.78,-31.49,-69.76,-87.75
PRECAM,122.1,2026-09-03,-2.68,-6.61,-14.8,-17.54,-6.58,-30.92
CHEMPLASTS,167.03,2026-09-03,-5.38,-6.8,-14.82,-19.49,-29.96,-60.76
SUYOG,737.3,2026-09-03,-0.47,-1.21,-14.83,-2.93,6.53,-8.36
EXCELSOFT,70.66,2026-09-03,1.04,0.76,-14.86,-19.13,-12.32,
DBSTOCKBRO,29.07,2026-09-03,0.17,-0.45,-14.9,-12.28,16.79,11.34
PRIMO,20.68,2026-09-03,-2.08,-1.15,-14.9,-6.55,12.03,-18.68
CROMPTON,226.51,2026-09-03,-3.98,-7.92,-14.94,-15.92,-9.55,-31.08
WANBURY,243.35,2026-09-03,-4.23,-8.94,-14.97,-5.03,-3.95,-13.03
RVHL,39.09,2026-09-03,1.48,-2.08,-14.97,7.36,0.98,-15.28
TVSELECT,421.3,2026-09-03,-1.65,-4.05,-14.99,-13.68,16.43,3.21
MHHL,31.4,2026-09-02,-0.32,-5.14,-15.14,-15.14,-18.86,-41.85
MODINATUR,334.3,2026-09-03,-2.73,-5.5,-15.17,-29.79,17.96,
INSPIRE,8.05,2026-09-02,-1.23,-1.23,-15.26,-22.97,-26.82,-64.14
PIONEEREMB,21.65,2026-09-03,-0.51,-1.59,-15.46,-11.42,-20.58,-41.69
TARAPUR,13.33,2026-09-03,-0.52,-14.28,-15.47,-25.82,-46.66,-42.96
KITEX,123.64,2026-09-03,-2.81,-2.77,-15.51,-23.74,-27.21,-34.41
JYOTISTRUC,9.8,2026-09-03,-2.1,-8.15,-15.52,-23.2,-16.67,-40.13
FDC,341.6,2026-09-03,1.3,-0.78,-15.58,-14.34,-8.18,-25.44
OSWALPUMPS,279.55,2026-09-03,-4.36,-5.8,-15.61,-26.32,-8.33,-66.63
OMFURN,56.5,2026-09-02,-4.96,-4.96,-15.67,0.27,8.65,-57.47
OWAIS,82.4,2026-09-02,3.65,28.35,-15.79,-28.93,-46.23,-80.71
RELAXO,343.95,2026-09-03,-3.88,-8.9,-15.84,1.88,4.21,-31.13
ADANIENSOL,1385.7,2026-09-03,-2.24,-10.89,-15.87,-7.19,42.52,81.45
LAGNAM,74.4,2026-09-03,-2.59,-2.05,-15.88,-7.78,5.55,-10.92
DBEIL,6.14,2026-09-03,-4.81,-5.54,-15.89,-25.75,-15.46,-53.4
KESORAMIND,11.05,2026-09-03,-0.45,-2.64,-15.91,-6.91,25.57,108.49
MTEDUCARE,1.69,2026-09-03,-5.06,-7.65,-15.92,3.68,19.01,-20.28
QUINTEGRA,1.21,2026-09-02,0.0,-4.72,-15.97,-14.18,1.68,-33.88
SYMPHONY,572.8,2026-09-03,-2.33,-4.17,-15.97,-16.28,-27.38,-39.33
SAMHI,152.59,2026-09-03,-2.41,-4.38,-16.01,-9.29,-4.3,-29.8
BEWLTD,48.5,2026-09-02,-3.0,-5.46,-16.02,-23.38,-49.51,-68.7
AMAGI,562.35,2026-09-03,-0.91,-4.0,-16.03,30.55,48.01,
AVG,171.3,2026-09-03,-2.25,-8.87,-16.03,12.9,21.71,-22.75
TICL,8.08,2026-09-03,-6.59,-15.04,-16.1,-63.99,-69.47,-68.49
THOMASCOTT,260.95,2026-09-03,-3.85,-7.99,-16.16,-2.67,-11.96,-20.06
TANLA,514.8,2026-09-03,-2.9,-8.79,-16.18,-2.56,17.9,-17.37
NARMADA,13.62,2026-09-03,-1.52,-6.07,-16.24,-25.35,-15.03,18.85
LANDSMILL,0.67,2026-09-03,-1.47,-9.46,-16.25,-24.72,-33.0,-54.11
PYRAMID,154.87,2026-09-03,-2.27,-5.37,-16.27,-5.95,10.62,-8.46
GREAVESCOT,194.78,2026-09-03,-1.53,1.13,-16.28,6.88,30.11,-13.19
ZENITHDRUG,40.0,2026-09-02,-4.99,-2.91,-16.32,-4.53,-18.37,-43.54
CLCIND,47.48,2026-09-02,0.0,-1.27,-16.33,42.93,243.06,-83.04
ATAM,54.79,2026-09-03,-2.09,-1.28,-16.34,-22.29,-8.24,-39.17
ANUP,1808.0,2026-09-03,0.81,1.03,-16.35,-5.94,16.81,-21.48
ASTRAZEN,6940.5,2026-09-03,-0.16,-4.03,-16.38,-18.53,-20.79,-23.35
HINDWAREAP,185.82,2026-09-03,-0.62,-5.55,-16.38,-17.87,-15.47,-42.76
VISHAL,18.47,2026-09-03,-4.15,-1.7,-16.61,-16.61,-16.61,-16.61
SRGHFL,249.7,2026-09-03,-3.72,-2.46,-16.68,-10.65,-2.63,-18.09
BUTTERFLY,613.6,2026-09-03,-2.45,-4.54,-16.69,-5.69,2.05,-13.77
INDOFARM,134.54,2026-09-03,-1.54,-3.73,-16.75,6.4,1.55,-43.53
FIRSTCRY,178.67,2026-09-03,-2.05,-7.79,-16.75,-19.54,-16.7,-50.69
NIMBSPROJ,151.93,2026-09-03,-11.73,-12.91,-16.79,-28.97,,
LLOYDS,57.0,2026-09-02,-5.0,-6.56,-16.79,-38.81,11.76,-36.98
MADHAVBAUG,160.8,2026-09-02,-4.85,-6.24,-16.9,-13.92,-25.62,-44.72
PFC,345.5,2026-09-03,2.74,-4.05,-17.14,-15.38,-12.53,-8.07
RTNINDIA,27.43,2026-09-03,-8.69,-8.75,-17.15,-22.34,0.11,-54.65
CRIZAC,162.27,2026-09-03,-1.93,-6.42,-17.16,-24.77,-29.9,-55.08
KRISHNADEF,1008.7,2026-09-03,0.39,-0.95,-17.2,-11.01,-10.34,36.65
PRAMARA,105.45,2026-09-02,-5.72,-13.35,-17.29,-18.76,-70.47,-59.42
COASTCORP,41.93,2026-09-03,2.37,1.45,-17.3,-11.54,-3.45,34.06
GEMAROMA,162.22,2026-09-03,-3.59,-6.59,-17.32,10.57,-18.57,-41.39
PICCADIL,620.5,2026-09-03,-2.3,-9.37,-17.49,7.27,15.92,1.89
PACEDIGITK,166.23,2026-09-03,-3.15,-8.02,-17.54,-12.99,0.33,
SONATSOFTW,284.0,2026-09-03,-2.76,-7.42,-17.57,8.09,11.04,-19.0
BOHRAIND,12.35,2026-09-03,0.0,-15.18,-17.67,-28.03,-36.11,-49.88
RTNPOWER,7.24,2026-09-03,-3.47,-7.89,-17.73,-24.19,-9.39,-40.7
EPACK,189.08,2026-09-03,0.92,-6.07,-17.77,-16.44,-21.29,-52.56
TARACHAND,48.33,2026-09-03,0.94,-0.41,-17.86,-17.26,-18.22,-31.04
ESSARSHPNG,16.87,2026-09-03,1.75,-0.65,-17.99,-27.63,-30.58,-33.19
MORARJEE,9.7,2026-09-02,0.0,-4.72,-18.01,38.18,50.15,9.36
RKEC,21.64,2026-09-03,-2.87,-5.79,-18.03,-30.77,-47.97,-68.79
ATULAUTO,461.3,2026-09-03,-5.22,-4.96,-18.11,-1.55,-3.39,6.09
FSL,265.3,2026-09-03,0.19,-2.64,-18.21,-0.8,26.09,-26.53
PNC,16.62,2026-09-03,-3.99,-9.92,-18.41,-17.97,-24.73,-55.45
SFL,644.9,2026-09-03,0.49,-1.71,-18.44,7.75,16.51,-11.2
VAIBHAVGBL,215.3,2026-09-03,-1.73,-1.91,-18.45,-5.58,-1.13,-0.01
STYRENIX,2007.0,2026-09-03,0.24,-3.34,-18.48,-9.14,5.61,-23.03
GODREJCP,880.0,2026-09-03,-2.36,-5.26,-18.51,-10.3,-24.38,-29.67
FCONSUMER,0.22,2026-09-02,0.0,-4.35,-18.52,-31.25,-37.14,-50.0
CEINSYS,678.65,2026-09-03,-4.47,-5.86,-18.54,-28.28,-27.38,
FAIRCHEMOR,661.1,2026-09-03,-2.06,-1.33,-18.68,10.1,12.13,-16.93
IXIGO,162.15,2026-09-03,-0.53,-3.3,-18.76,5.72,-2.55,-43.08
MAPMYINDIA,968.6,2026-09-03,-4.42,0.72,-18.78,19.06,-3.82,-41.07
HARDWYN,9.11,2026-09-03,0.77,0.11,-18.88,-49.61,-25.55,-4.89
SOLARWORLD,149.76,2026-09-03,2.11,-0.25,-18.88,-24.46,-19.88,
SUVIDHAA,2.06,2026-09-03,-5.94,-12.71,-18.9,-21.37,-27.72,-50.24
REPRO,323.15,2026-09-03,5.57,3.59,-18.95,-10.42,-15.53,-28.92
GSS,11.16,2026-09-03,-7.92,-14.81,-19.07,-16.96,-17.09,-59.58
ARIHANT,920.65,2026-09-03,1.42,-7.9,-19.09,11.05,2221.94,2221.94
ABFRL,50.41,2026-09-03,-3.24,-6.56,-19.23,-16.73,-23.55,-38.08
AQYLON,21.59,2026-09-03,2.76,-18.59,-19.29,-62.02,-81.08,-97.98
DIL,0.65,2026-09-02,0.0,-4.41,-19.75,-34.34,-50.0,-65.43
RAYMONDREL,536.75,2026-09-03,0.85,-9.51,-19.86,-9.39,27.82,-12.85
GREENPANEL,157.62,2026-09-03,0.66,-0.32,-19.88,-15.53,-22.29,-41.92
DSSL,1003.0,2026-09-03,-3.68,-7.14,-19.94,-29.72,12.57,2.67
AGARWALFT,30.0,2026-09-02,-1.64,-18.48,-20.0,-5.06,3.45,-56.52
TCC,233.13,2026-09-03,3.54,-2.88,-20.02,-36.8,-45.71,
JAINREC,279.8,2026-09-03,1.08,-4.93,-20.1,-21.18,-29.43,
PROTEAN,494.8,2026-09-03,-5.0,-9.2,-20.13,-14.72,-11.49,-44.7
VIKRAN,57.68,2026-09-03,-1.84,-5.65,-20.24,-18.81,-12.95,-39.55
ALPINETEX,57.17,2026-09-03,6.62,-0.28,-20.24,,,
VSCL,23.1,2026-09-02,0.0,1.76,-20.34,-8.51,-9.06,-23.0
KPIGREEN,303.25,2026-09-03,-0.44,-5.57,-20.38,-26.91,-16.18,-38.82
CAMLINFINE,102.28,2026-09-03,-0.34,-4.55,-20.39,-12.65,-29.04,-52.33
MEDICO,39.5,2026-09-03,-6.73,-6.02,-20.46,-14.8,-7.34,-2.18
WEBELSOLAR,77.33,2026-09-03,1.12,-4.38,-20.75,-27.94,42.02,-41.44
INA,89.03,2026-09-03,-2.78,-5.8,-21.04,-26.58,,
RAJTV,8.49,2026-09-03,-14.07,-18.91,-21.1,-42.17,-77.66,-79.99
SUPREME,36.21,2026-09-03,-4.31,-8.72,-21.27,-22.96,-33.62,-53.02
CADSYS,46.45,2026-09-02,0.0,-8.56,-21.54,-34.07,-1.8,-29.62
NAGAFERT,2.05,2026-09-02,0.0,-4.65,-21.76,-44.59,-50.96,-60.73
STALLION,207.61,2026-09-03,-1.61,-7.79,-21.79,7.29,66.1,11.77
MAJESAUT,352.7,2026-09-03,-0.75,-2.58,-21.82,13.03,,
JFLLIFE,10.15,2026-09-02,-4.69,-7.31,-21.92,2.53,1.75,-32.33
KCK,14.8,2026-09-02,-1.33,2.42,-22.11,8.82,-37.95,-63.18
JETKNIT,48.45,2026-09-02,0.0,-14.1,-22.42,-45.68,-45.68,-55.55
KKVAPOW,368.0,2026-09-02,0.0,-4.93,-22.55,-39.97,-44.66,-43.98
RMC,225.97,2026-09-03,-5.98,-10.15,-22.65,-32.2,,
ASTRON,3.0,2026-09-03,-3.23,-0.66,-22.68,-25.37,-24.43,-83.14
ATALREAL,25.9,2026-09-03,-22.25,-23.05,-22.78,-12.35,9.47,33.57
SOLEX,728.95,2026-09-03,-1.4,-8.45,-23.01,-36.61,-12.54,-44.43
ASHAPURMIN,547.95,2026-09-03,-2.92,-6.46,-23.67,-24.16,4.94,0.3
MAKS,13.75,2026-09-02,0.0,-6.46,-23.82,-47.12,-52.99,-52.26
KPEL,240.89,2026-09-03,-1.52,-6.18,-23.83,-31.81,-10.73,-44.11
ARSHIYA,0.73,2026-09-03,-5.19,-19.78,-23.96,-35.4,-52.29,-65.24
TRIDHYA,7.55,2026-09-02,-9.04,-12.21,-24.12,-16.11,-40.32,-54.52
HLEGLAS,320.05,2026-09-03,1.73,2.06,-24.31,-18.27,-0.45,-40.02
JAYBARMARU,121.81,2026-09-03,-2.43,-3.94,-24.48,-4.11,15.93,26.09
MOS,8.3,2026-09-02,-9.29,-27.51,-24.55,-45.57,-57.97,-82.17
DEEM,38.4,2026-09-02,-2.66,-5.88,-24.71,-27.55,2.95,-33.79
KERNEX,1709.6,2026-09-03,-1.52,-13.08,-24.95,-8.96,62.91,51.91
CBAZAAR,4.5,2026-09-02,-8.16,-10.0,-25.62,9.76,-2.17,12.5
DENTA,270.4,2026-09-03,-0.92,-4.3,-25.72,10.98,12.04,-36.81
RHETAN,23.11,2026-09-03,20.93,5.96,-25.74,-24.01,-9.44,
SARTELE,89.85,2026-09-02,-3.85,-10.95,-25.77,-30.75,-55.88,-52.05
PNCINFRA,182.97,2026-09-03,-2.75,-10.45,-26.1,-13.72,-10.05,-40.03
NEUEON,10.94,2026-09-03,-13.72,-24.66,-26.28,-52.56,-3.53,109.58
AGUL,45.9,2026-09-02,0.0,-14.45,-26.68,-28.17,-43.12,-22.2
NIRMAN,28.6,2026-09-02,-1.38,-6.08,-26.95,-40.79,-41.99,-79.79
GSTL,11.4,2026-09-02,-6.17,-17.99,-27.39,-45.32,-58.55,1.79
TERASOFT,281.3,2026-09-03,-2.05,-9.39,-27.7,-37.71,-17.41,-15.82
TVVISION,3.4,2026-09-03,-7.1,0.0,-27.97,-35.73,-40.25,-44.81
AHLUCONT,595.45,2026-09-03,-3.84,-8.34,-28.57,-23.27,-20.88,-38.28
ONMOBILE,47.54,2026-09-03,-5.88,-14.89,-28.6,-6.53,-2.82,-11.72
WALPAR,24.7,2026-09-02,-3.89,-21.59,-29.12,-17.53,-45.71,-45.65
PHANTOMFX,116.05,2026-09-02,-2.48,-3.93,-30.8,-34.97,-42.35,-54.41
QUICKTOUCH,15.5,2026-09-02,-1.9,-9.09,-31.26,-38.0,-52.01,-68.94
PRAXIS,4.43,2026-09-03,-6.74,-15.94,-32.47,-33.78,-40.22,-67.71
SHYAMTEL,11.42,2026-09-03,-14.46,-18.37,-33.22,-33.37,13.63,-16.76
SYNOPTICS,49.45,2026-09-02,-9.68,-18.4,-33.36,2.06,-10.25,-48.11
KORE,114.05,2026-09-02,-4.0,-11.0,-34.64,-13.1,0.93,-16.32
MVKAGRO,214.4,2026-09-02,10.23,27.28,-35.06,-56.58,-61.24,-39.78
DUCON,1.93,2026-09-03,2.12,-11.29,-35.23,-42.9,-40.25,-64.65
WEL,79.37,2026-09-03,-11.63,-41.61,-35.48,-14.44,-42.38,-41.7
GSMFOILS,123.15,2026-09-02,-0.24,27.16,-35.69,-41.09,-39.36,-44.25
DAVANGERE,2.04,2026-09-03,-1.92,-28.92,-35.85,-43.96,-49.13,-49.25
WATERBASE,47.36,2026-09-03,-3.41,-6.05,-36.77,-36.77,-36.77,-36.77
VISAMAN,67.95,2026-09-02,-9.7,-30.06,-36.85,-40.0,-48.81,-26.42
DJML,70.71,2026-09-03,-1.28,-18.65,-37.19,-31.5,-20.05,-29.83
ALOKINDS,7.53,2026-09-03,-11.41,-34.41,-37.46,-38.58,-45.47,-59.01
BURNPUR,20.54,2026-09-03,15.65,52.26,-37.76,-37.76,-37.76,-37.76
TRANSTEEL,75.2,2026-09-02,0.33,-15.32,-39.16,-35.81,-46.29,-39.11
AILIMITED,20.25,2026-09-02,18.08,23.85,-40.7,-46.71,-47.2,-55.0
TAKE,13.17,2026-09-03,-14.15,-33.45,-41.1,-56.13,-67.17,19.62
FLEXITUFF,2.4,2026-09-03,-5.51,-10.11,-42.86,-65.17,-71.39,-91.56
POLYSIL,63.9,2026-09-02,10.17,22.18,-43.87,-55.16,-68.05,-62.97
SUMEETINDS,11.44,2026-09-03,-6.84,-13.2,-45.99,-54.71,-58.79,-53.04
RCDL,14.55,2026-09-02,-14.41,-31.37,-54.67,-39.37,-39.37,-43.91
INDOTHAI,37.63,2026-09-03,-14.24,-33.61,-77.96,-83.41,-85.43,-75.77
INDIAGLYCO,248.0,2026-09-03,-78.38,-79.18,-78.34,-74.86,-72.11,-70.53
LANCER,13.19,2026-09-03,0.53,21.45,-91.19,-91.19,-91.19,-91.19
