ticker,last_close,last_date,1W,2W,1M,3M,6M,12M
NV20,11844.05,2026-07-27,83485.39,83426.44,83662.73,81246.49,7567.04,7978.61
SHARDUL,50.93,2026-07-27,-5.48,26.31,75.44,76.23,,
VIJIFIN,9.45,2026-07-27,10.14,21.15,73.08,141.69,278.0,139.85
KABRAEXTRU,404.8,2026-07-27,15.11,28.24,65.21,64.17,101.39,39.2
ACCORD,202.35,2026-07-24,0.0,-0.07,59.39,360.41,633.15,789.45
HUHTAMAKI,312.61,2026-07-27,25.15,41.11,58.69,73.72,75.12,44.55
TIRUPATIFL,75.31,2026-07-27,7.65,9.03,55.73,69.12,133.16,89.17
BLUESTONE,820.75,2026-07-27,34.46,39.39,53.94,51.85,82.02,
TATVA,1800.1,2026-07-27,5.04,29.37,52.46,35.67,60.92,57.27
SANGINITA,62.86,2026-07-27,10.36,21.8,51.21,204.41,451.89,527.97
TBZ,280.22,2026-07-27,9.62,24.48,50.92,87.21,76.46,49.92
KALYANKJIL,564.6,2026-07-27,-0.95,10.56,49.44,36.49,53.05,-4.67
SWARAJ,367.55,2026-07-24,2.13,7.27,49.35,26.92,53.56,84.93
SEL,273.0,2026-07-24,16.92,19.21,48.94,59.18,46.77,9.2
DIACABS,307.17,2026-07-27,25.58,35.04,48.91,85.5,149.43,88.6
VELJAN,1804.3,2026-07-27,5.55,6.62,48.86,73.09,,
AEROPLANE,189.26,2026-07-27,-1.97,5.26,48.63,38.66,,
DPABHUSHAN,1412.35,2026-07-27,-1.53,21.6,48.16,26.46,6.01,-15.85
MPSLTD,2687.1,2026-07-27,30.34,32.98,48.04,58.03,48.53,14.16
UNIVASTU,124.88,2026-07-27,6.58,19.51,46.66,80.36,94.82,38.96
KCPSUGIND,32.08,2026-07-27,47.77,46.02,44.96,23.96,43.28,-7.48
WALPAR,34.85,2026-07-24,0.0,1.01,44.91,-8.29,-24.07,-31.67
CYIENTDLM,665.05,2026-07-27,11.58,26.52,43.02,66.22,89.99,44.76
MBAPL,163.95,2026-07-27,12.64,23.41,42.14,57.8,104.79,91.16
FILATEX,74.64,2026-07-27,2.99,15.94,41.58,65.61,78.22,26.23
SUPREMEENG,1.95,2026-07-27,8.33,18.18,41.3,93.07,46.62,30.0
NILKAMAL,1775.2,2026-07-27,20.24,31.49,41.21,34.78,30.62,0.33
STALLION,255.5,2026-07-27,17.69,21.74,40.35,59.03,34.94,108.57
GANDHAR,245.47,2026-07-27,7.51,19.09,40.15,72.5,61.8,47.79
KONSTELEC,64.35,2026-07-24,2.55,9.63,39.89,52.13,51.59,-3.45
CNL,1019.9,2026-07-27,9.56,8.64,39.41,67.77,47.42,55.29
SHAREINDIA,188.39,2026-07-27,4.01,5.22,39.35,28.5,33.74,10.34
UNIHEALTH,792.7,2026-07-24,10.56,7.13,39.19,55.28,191.11,363.57
CLSL,61.0,2026-07-24,1.5,29.79,38.95,32.61,17.65,14.55
ORIENTLTD,98.44,2026-07-27,39.71,33.5,38.05,54.29,57.63,11.34
BNALTD,466.95,2026-07-27,-11.39,37.34,37.32,27.76,,
PFOCUS,287.75,2026-07-27,1.28,6.76,37.06,-9.56,33.14,94.85
GAUDIUMIVF,148.87,2026-07-27,0.57,14.5,37.04,16.15,,
GANECOS,1212.1,2026-07-27,1.68,7.97,36.21,14.44,80.65,-17.36
MENONBE,217.46,2026-07-27,4.68,22.19,35.72,82.27,77.45,71.11
TAC,540.65,2026-07-24,11.92,23.66,35.62,10.11,-19.06,-36.0
CBAZAAR,6.35,2026-07-24,-1.55,2.42,35.11,28.28,67.11,29.59
CHAVDA,123.05,2026-07-24,3.19,17.81,35.0,18.43,5.22,0.2
MAPMYINDIA,1132.1,2026-07-27,3.2,-4.46,34.67,20.58,-12.52,-38.26
UYFINCORP,18.88,2026-07-27,10.67,13.05,34.66,30.48,48.54,2.16
KCK,17.7,2026-07-24,5.67,10.63,34.6,40.48,-15.71,-57.3
SKYGOLD,671.65,2026-07-27,2.02,7.77,34.56,59.01,113.12,122.55
GSPCROP,556.6,2026-07-27,13.62,28.86,34.3,33.86,,
PICCADIL,757.05,2026-07-27,0.73,5.31,34.05,15.28,26.79,24.51
MORARJEE,11.83,2026-07-27,-4.6,15.64,33.98,67.09,72.95,58.79
SIGNORIA,135.0,2026-07-24,3.85,-9.85,33.86,117.39,47.86,26.17
JUSTDIAL,718.7,2026-07-27,-3.83,6.18,33.66,33.92,10.54,-15.61
UNIVPHOTO,489.05,2026-07-27,11.54,33.04,33.62,14.8,155.93,83.17
SHALPAINTS,69.57,2026-07-27,18.36,31.39,33.51,35.17,8.5,-17.69
IKIO,207.98,2026-07-27,-2.98,1.55,32.95,43.36,42.68,0.74
ASAHISONG,339.85,2026-07-27,25.45,19.69,32.77,41.48,49.78,-21.75
SETL,282.8,2026-07-27,-1.82,1.89,32.17,106.38,152.03,62.04
FROG,211.4,2026-07-24,14.55,25.35,32.04,28.67,49.35,-13.25
COUNCODOS,6.32,2026-07-27,-4.24,-0.94,31.94,22.48,23.92,-7.06
EMAMIPAP,112.28,2026-07-27,18.71,26.96,31.71,46.91,34.73,16.15
E2E,542.5,2026-07-27,27.6,40.2,31.58,77.99,165.96,153.55
NURECA,315.7,2026-07-27,11.77,28.56,31.38,18.77,13.64,27.63
SHREEJISPG,631.25,2026-07-27,2.5,10.61,31.2,59.41,103.61,
SIKKO,5.02,2026-07-27,3.72,24.57,31.07,4.8,26.45,35.58
THANGAMAYL,7309.5,2026-07-27,14.79,17.6,31.03,85.73,114.72,299.76
MARC,120.85,2026-07-24,12.11,31.0,30.79,30.09,146.13,
VERTEXPLUS,48.3,2026-07-24,0.0,0.0,30.54,-45.73,-49.69,-64.12
AEGISVOPAK,303.49,2026-07-27,8.0,0.06,30.24,53.16,37.82,18.24
KAMDHENU,36.76,2026-07-27,9.21,14.7,30.22,61.02,57.77,24.21
OPTIEMUS,610.45,2026-07-27,0.57,5.27,30.08,47.54,58.64,6.21
RPGLIFE,2928.1,2026-07-27,-2.95,3.73,29.9,46.98,40.66,18.67
SUMIT,52.05,2026-07-27,4.39,10.96,29.8,-1.64,4.85,-42.48
PNGJL,689.05,2026-07-27,16.77,15.16,29.36,2.1,26.98,18.45
SENCO,417.95,2026-07-27,14.19,9.7,29.18,29.38,35.89,23.5
AARNAV,31.63,2026-07-27,0.35,26.62,29.15,35.52,,
GCSL,531.1,2026-07-27,2.25,3.99,29.1,56.28,77.81,
ECLERX,1811.7,2026-07-27,-3.5,8.95,28.99,22.47,-17.83,-0.62
ZSARACOM,12342.5,2026-07-27,-4.2,-6.27,28.7,25.3,,
ARIHANT,1081.4,2026-07-27,25.64,32.42,28.12,14.35,2627.36,2627.36
BLSE,288.32,2026-07-27,5.67,8.57,27.99,49.99,75.87,57.25
SSWL,293.95,2026-07-27,6.38,16.07,27.88,39.77,52.07,22.73
JINDWORLD,39.43,2026-07-27,24.98,32.45,27.85,49.75,67.43,-2.38
CLCIND,56.75,2026-07-27,5.0,10.24,27.56,128.74,-79.73,-79.73
UJJIVANSFB,71.57,2026-07-27,9.08,7.03,27.48,24.43,15.31,65.21
FAIRCHEMOR,806.5,2026-07-27,15.1,16.7,27.31,41.72,24.84,-10.68
CONSOFINVT,285.0,2026-07-27,0.69,9.73,26.6,26.67,67.4,40.21
IGCL,75.17,2026-07-27,6.56,-0.33,26.57,19.47,12.95,-30.09
LODHA,1198.7,2026-07-27,0.87,0.0,26.52,36.3,32.13,-6.0
CELLPOINT,20.05,2026-07-24,31.48,26.9,26.5,17.94,21.88,7.22
OMNI,619.65,2026-07-27,11.85,13.15,26.47,46.68,,
SMVD,14.6,2026-07-24,0.0,4.66,26.41,26.96,56.99,33.94
LAXMIINDIA,128.52,2026-07-27,9.15,18.46,26.32,10.69,45.48,
KAPSTON,460.2,2026-07-27,6.47,11.24,26.27,33.66,11.39,92.42
HEG,652.5,2026-07-27,10.41,14.04,26.18,-1.2,20.37,28.19
ADOR,1523.0,2026-07-27,4.65,16.22,26.02,51.97,55.94,48.37
MAJESAUT,429.15,2026-07-27,1.89,19.96,25.89,38.21,,
GHCLTEXTIL,116.15,2026-07-27,1.73,5.81,25.45,30.66,60.01,27.43
JFLLIFE,11.35,2026-07-24,3.18,7.08,25.41,18.85,12.94,-26.77
INDNIPPON,1198.9,2026-07-27,-0.87,-3.01,25.19,48.42,69.65,57.76
MASTER,432.0,2026-07-24,-7.1,3.03,24.84,31.19,40.1,9.81
BAFNAPH,242.91,2026-07-27,6.07,16.39,24.77,81.91,106.59,169.84
LOTUSDEV,187.95,2026-07-27,33.31,30.11,24.73,27.22,27.37,
UNICHEMLAB,539.95,2026-07-27,-9.34,-9.55,24.7,43.3,47.17,-14.85
SCPL,599.3,2026-07-27,24.0,20.92,24.69,78.18,105.73,102.91
TAALTECH,3975.8,2026-07-27,3.25,-2.51,24.57,32.58,,
THAKDEV,161.0,2026-07-27,9.92,26.49,24.56,17.52,,
KISSHT,342.25,2026-07-27,8.07,5.36,24.41,,,
LANDMARK,538.5,2026-07-27,0.59,27.34,24.41,29.01,40.47,8.29
PPAP,287.43,2026-07-27,-0.37,-22.76,24.34,31.22,47.48,13.19
UTLSOLAR,384.4,2026-07-27,2.07,-4.16,24.2,26.86,92.75,
NRL,103.1,2026-07-27,-6.36,-2.09,24.2,88.0,96.79,36.34
SUMICHEM,538.85,2026-07-27,-0.33,1.55,24.09,21.44,33.5,-7.65
SHIVALIK,264.18,2026-07-27,20.19,22.73,24.09,-1.36,-14.09,-51.52
INDIAGLYCO,1184.45,2026-07-27,3.61,8.84,23.97,22.1,47.73,39.14
LXCHEM,193.05,2026-07-27,9.53,17.77,23.97,29.97,38.55,-6.0
TARSONS,320.9,2026-07-27,14.06,1.58,23.89,46.73,62.54,-14.26
SIGNPOST,305.65,2026-07-27,-4.45,-4.83,23.2,16.27,50.23,29.68
SPECTRUM,2203.1,2026-07-27,14.03,9.85,23.14,90.93,83.32,40.76
TINNARUBR,1139.3,2026-07-27,-4.25,14.36,23.01,59.0,75.78,23.76
SOTL,649.35,2026-07-27,10.12,8.69,22.99,74.46,88.68,62.33
LOKESHMACH,335.0,2026-07-27,-0.42,3.47,22.96,24.91,111.33,61.94
NIBL,36.91,2026-07-27,5.55,16.73,22.91,16.18,20.42,47.11
RADHIKAJWE,68.03,2026-07-27,5.26,7.37,22.73,3.08,1.72,-31.07
ITDC,735.15,2026-07-27,-5.01,4.37,22.66,22.2,47.84,27.23
SGMART,720.65,2026-07-27,6.31,15.73,22.41,30.4,108.25,
NAUKRI,1194.3,2026-07-27,0.54,0.58,22.39,19.69,-6.13,-16.27
AKIKO,346.3,2026-07-24,3.05,21.49,22.37,51.85,60.85,288.01
ALGOQUANT,69.3,2026-07-27,7.71,13.01,22.03,26.62,10.21,
AVADHSUGAR,533.75,2026-07-27,0.44,0.87,22.01,14.42,66.68,17.14
TMB,893.65,2026-07-27,10.87,11.55,21.98,30.28,63.08,104.51
JGCHEM,507.75,2026-07-27,3.79,11.75,21.82,23.23,66.37,7.14
IRISDOREME,48.29,2026-07-27,4.28,10.2,21.79,33.95,57.45,58.43
ATHERENERG,1214.9,2026-07-27,-6.31,2.56,21.64,29.08,96.24,263.42
AMAGI,625.05,2026-07-27,5.37,7.18,21.59,65.62,73.58,
KECL,137.33,2026-07-27,12.91,17.47,21.36,7.23,77.13,4.1
MMFL,559.5,2026-07-27,4.83,8.35,21.35,12.91,42.12,58.43
CUPID,221.46,2026-07-27,6.85,7.07,21.27,97.27,179.27,648.63
SCANSTL,48.27,2026-07-27,2.97,-3.5,21.25,25.05,,
JKPAPER,414.55,2026-07-27,11.45,12.33,21.25,10.8,33.4,12.38
OAL,392.45,2026-07-27,11.86,10.49,21.15,23.86,46.6,3.03
MUTHOOTMF,255.03,2026-07-27,0.69,3.54,21.13,38.19,41.76,52.27
SPORTKING,215.56,2026-07-27,9.12,11.96,21.04,57.53,161.41,68.39
IBULLSLTD,31.16,2026-07-27,6.02,0.19,21.01,80.53,179.71,101.29
KANORICHEM,159.73,2026-07-27,9.15,19.77,20.94,87.21,143.97,79.09
AZAD,2441.6,2026-07-27,4.09,2.65,20.87,9.14,69.13,57.05
TFCILTD,94.8,2026-07-27,14.58,17.31,20.86,29.54,56.51,64.26
FERMENTA,442.05,2026-07-27,-0.42,-0.67,20.66,40.91,,
RAIN,223.74,2026-07-27,5.53,4.84,20.62,70.74,55.75,45.03
MANAKCOAT,126.11,2026-07-27,-1.74,-0.12,20.53,17.45,0.15,-21.42
ONDOOR,243.5,2026-07-24,6.8,21.75,20.46,61.31,101.99,30.28
PANAMAPET,487.1,2026-07-27,7.46,16.2,20.32,78.2,70.08,42.74
OCCLLTD,152.2,2026-07-27,12.13,18.63,20.16,48.46,65.13,12.63
PRAVEG,301.07,2026-07-27,9.3,26.42,20.16,1.22,,
AARON,141.95,2026-07-27,22.39,19.52,20.13,1.24,-5.71,-37.7
MADHUSUDAN,233.0,2026-07-24,0.84,-7.72,20.13,62.82,77.86,59.59
JUBLINGREA,744.1,2026-07-27,1.32,1.83,20.1,1.63,20.56,-3.88
WANBURY,329.25,2026-07-27,-3.13,9.59,20.01,27.02,101.57,34.69
ARROWGREEN,705.8,2026-07-27,5.77,1.45,19.87,27.7,69.89,-6.43
JSFB,537.25,2026-07-27,1.06,10.37,19.79,12.61,45.85,19.01
RUBYMILLS,397.55,2026-07-27,1.17,4.32,19.74,71.2,108.78,69.01
3IINFOLTD,20.68,2026-07-27,10.47,10.71,19.61,16.64,42.23,-12.45
ARMANFIN,1993.4,2026-07-27,2.56,1.4,19.51,28.53,23.98,19.81
INDSWFTLAB,239.91,2026-07-27,2.53,0.93,19.42,78.64,124.17,129.25
INDOTECH,3503.4,2026-07-27,2.8,3.15,19.36,48.46,201.08,89.09
CAPTRUST,15.38,2026-07-27,10.01,21.58,19.32,16.96,-4.65,-76.98
SERVICE,62.2,2026-07-24,-1.43,8.17,19.27,14.13,51.71,10.58
TTKHLTCARE,1088.8,2026-07-27,7.18,10.73,19.2,21.06,14.54,-14.87
MARCO,34.5,2026-07-24,5.18,3.14,18.97,-13.1,2.68,-17.66
HCLTECH,1295.9,2026-07-27,6.11,7.2,18.94,6.59,-22.44,-9.09
JLHL,327.0,2026-07-27,4.94,11.7,18.88,28.88,23.71,12.54
PANSARI,340.25,2026-07-27,-4.58,-5.18,18.86,11.32,15.73,40.29
HIRECT,1332.3,2026-07-27,6.41,26.56,18.85,42.61,129.79,97.41
DPEL,565.8,2026-07-24,-2.44,-3.64,18.84,28.52,96.46,310.0
MADHAVBAUG,202.0,2026-07-24,-2.42,7.5,18.82,-2.37,-13.68,8.02
PREMIERPOL,74.48,2026-07-27,0.66,13.54,18.81,38.8,65.84,45.16
SMARTLINK,210.6,2026-07-27,-2.15,13.45,18.8,59.67,74.09,43.16
ASHIMASYN,18.05,2026-07-27,4.82,21.55,18.75,11.83,12.6,-28.96
PAISALO,70.44,2026-07-27,-1.36,-2.57,18.71,48.76,118.28,117.16
GSMFOILS,277.5,2026-07-24,-0.41,3.8,18.64,43.63,42.64,34.97
LORDSCHLO,157.86,2026-07-27,10.88,16.59,18.55,6.85,10.79,-24.88
ZENSARTECH,515.4,2026-07-27,-2.08,-2.27,18.53,-3.71,-21.52,-33.5
SUDARSCHEM,1056.35,2026-07-27,0.16,1.76,18.52,19.44,20.56,-15.25
KANPRPLA,224.54,2026-07-27,10.07,10.64,18.37,6.79,32.39,12.41
LAURUSLABS,1713.4,2026-07-27,9.91,9.93,18.17,52.65,71.48,104.9
BUILDPRO,1219.3,2026-07-27,-0.57,-6.09,18.16,8.54,87.46,
CLEDUCATE,57.86,2026-07-27,-0.24,-0.24,18.08,20.12,-21.01,-37.66
ANANTRAJ,616.9,2026-07-27,2.68,4.71,18.06,23.16,25.86,7.58
POLYPLEX,1161.9,2026-07-27,8.05,6.33,18.04,26.85,41.4,3.36
AISL,62.25,2026-07-24,11.26,6.96,17.9,9.5,-25.23,-33.67
INDIANHUME,387.0,2026-07-27,-4.08,-4.79,17.83,22.13,3.44,-7.79
KARURVYSYA,339.65,2026-07-27,13.72,10.99,17.83,14.94,17.0,59.2
PRECISION,7.95,2026-07-24,14.39,22.31,17.78,-0.63,-16.32,-70.93
QUESS,295.75,2026-07-27,0.27,-0.67,17.78,50.79,57.89,3.74
BEPL,114.51,2026-07-27,-9.63,6.82,17.77,20.79,45.82,10.97
MONARCH,397.6,2026-07-27,11.11,9.38,17.72,31.35,45.22,8.89
NITIRAJ,218.95,2026-07-27,-1.69,20.22,17.69,6.98,20.65,10.84
SATIPOLY,37.5,2026-07-24,-8.76,5.34,17.55,10.29,-11.76,-60.23
EVERESTIND,540.65,2026-07-27,10.71,5.51,17.36,36.51,30.53,-0.97
GNA,511.85,2026-07-27,0.76,-3.29,17.21,17.0,51.44,64.6
ONELIFECAP,37.89,2026-07-27,4.76,-0.34,17.2,90.02,147.65,170.06
SGFIN,688.1,2026-07-27,2.41,11.51,17.19,25.63,97.5,
INVPRECQ,971.0,2026-07-27,16.66,21.06,17.11,62.28,,
WSTCSTPAPR,581.7,2026-07-27,12.54,8.7,17.08,18.68,49.81,8.32
LLOYDSME,2014.9,2026-07-27,5.61,10.28,17.05,16.51,83.17,34.02
GABRIEL,1437.8,2026-07-27,2.85,13.66,16.97,41.86,62.22,45.43
RAJRATAN,504.5,2026-07-27,4.32,5.35,16.85,15.79,17.43,26.23
FLUOROCHEM,4563.5,2026-07-27,5.73,17.03,16.74,33.97,51.5,30.16
PVSL,108.25,2026-07-27,2.39,15.22,16.66,4.53,-1.38,-13.12
BUTTERFLY,766.1,2026-07-27,1.04,-1.81,16.63,26.3,29.68,3.6
DIGITIDE,100.72,2026-07-27,1.23,-5.61,16.63,6.16,-5.84,-59.75
SUVEN,311.65,2026-07-27,-7.93,-13.32,16.61,47.28,145.9,10.85
HSCL,790.45,2026-07-27,2.67,19.21,16.57,38.71,76.58,58.83
SYNOPTICS,78.1,2026-07-24,2.29,-4.76,16.57,24.56,57.62,-26.29
INDOBORAX,406.6,2026-07-27,-7.81,-6.17,16.55,80.21,81.68,53.33
PAUSHAKLTD,572.15,2026-07-27,1.6,0.64,16.49,23.93,9.59,
IFBAGRO,1044.55,2026-07-27,7.16,3.89,16.48,18.38,-20.62,29.84
ELGIRUBCO,56.62,2026-07-27,-3.26,-1.26,16.48,11.41,37.33,-2.38
DSFCL,27.38,2026-07-27,7.33,16.81,16.45,12.09,,
SONACOMS,720.9,2026-07-27,0.89,7.46,16.42,22.82,48.7,54.51
STYL,359.4,2026-07-27,-3.89,-2.28,16.4,47.25,52.29,
BANARBEADS,119.56,2026-07-27,1.57,1.41,16.37,7.25,6.95,0.13
MAXIND,184.96,2026-07-27,12.88,10.46,16.3,17.61,26.26,-17.1
NBIFIN,2222.4,2026-07-27,5.52,-1.67,16.25,8.47,5.67,-22.99
ESAFSFB,38.29,2026-07-27,8.13,8.07,16.24,57.51,36.8,19.92
MVGJL,167.13,2026-07-27,6.26,1.21,16.22,-5.87,1.32,-22.81
OMAXE,89.95,2026-07-27,-2.83,-0.9,16.09,8.14,13.37,-4.48
AUSOMENT,133.15,2026-07-27,0.99,7.51,16.03,-3.84,5.51,22.32
BECTORFOOD,211.89,2026-07-27,0.86,24.39,16.0,6.32,-3.17,-30.02
MODIS,388.45,2026-07-27,5.83,11.37,15.96,0.92,23.71,
ETERNAL,295.85,2026-07-27,3.1,3.73,15.95,15.8,16.55,-4.73
KORE,167.5,2026-07-24,9.12,17.96,15.88,20.46,30.86,24.91
KRISHANA,167.65,2026-07-27,15.38,20.61,15.68,22.13,78.71,60.09
WEWORK,724.4,2026-07-27,6.35,-2.25,15.62,27.81,23.77,
EQUIPPP,25.03,2026-07-27,2.58,3.39,15.61,47.24,31.39,24.9
ESFL,136.55,2026-07-24,21.16,21.81,15.57,-0.65,-0.44,-67.68
SKMEGGPROD,318.8,2026-07-27,-0.17,-11.67,15.5,85.85,67.92,111.75
BALAMINES,2284.8,2026-07-27,0.4,-2.4,15.44,75.69,100.11,37.41
DENTALKART,425.45,2026-07-24,1.24,14.57,15.14,10.22,-29.09,-30.84
BCONCEPTS,192.19,2026-07-27,1.27,-10.56,14.99,-21.72,-28.67,-42.02
SHANKARA,140.87,2026-07-27,1.79,2.98,14.99,15.46,36.34,-86.06
APCOTEXIND,588.5,2026-07-27,6.59,13.31,14.98,48.84,68.67,51.3
DIXON,13810.0,2026-07-27,-5.34,2.37,14.96,22.73,35.6,-17.27
RULKA,100.0,2026-07-24,-11.5,-15.18,14.94,-4.81,-0.99,-27.14
PYRAMID,195.96,2026-07-27,20.44,19.83,14.91,10.03,33.95,17.98
GREAVESCOT,245.99,2026-07-27,0.11,-6.17,14.9,49.84,55.56,22.9
TTKPRESTIG,655.35,2026-07-27,-1.52,-1.55,14.86,24.8,12.25,4.89
GODREJIND,1332.9,2026-07-27,-2.34,-3.58,14.84,33.66,37.21,17.35
SRIVASAVI,78.3,2026-07-24,-8.69,-6.62,14.73,35.0,67.67,15.15
PRECOT,844.5,2026-07-27,1.64,6.03,14.71,52.59,160.33,41.14
NUVOCO,351.15,2026-07-27,1.52,10.93,14.68,18.81,1.81,-14.93
PAYTM,1289.4,2026-07-27,-4.31,-7.0,14.63,13.9,12.63,20.76
MAHLOG,419.1,2026-07-27,6.63,9.5,14.62,2.64,42.79,20.43
PPLPHARMA,192.05,2026-07-27,7.37,10.61,14.53,13.79,25.98,-5.03
BALRAMCHIN,611.65,2026-07-27,1.93,4.58,14.5,17.51,51.04,4.6
FUSION,220.7,2026-07-27,-2.34,-6.93,14.49,22.85,23.64,29.76
VINEETLAB,38.87,2026-07-27,3.52,15.03,14.32,2.1,18.11,30.83
HAPPSTMNDS,387.7,2026-07-27,1.37,-3.95,14.31,4.14,-3.39,-35.86
KAYA,282.22,2026-07-27,13.64,16.11,14.29,4.45,-22.18,-33.19
EUROPRATIK,314.6,2026-07-27,2.08,0.7,14.28,17.37,33.31,
BHARATSE,211.85,2026-07-27,-4.18,-16.26,14.26,20.41,57.56,104.0
MACPOWER,1318.3,2026-07-27,1.23,-2.13,14.21,15.81,58.34,26.75
VINSYS,522.1,2026-07-24,3.21,3.8,14.2,59.18,46.14,48.53
KERNEX,2321.2,2026-07-27,9.49,3.93,14.02,73.35,89.08,125.42
21STCENMGM,37.85,2026-07-27,10.09,20.81,14.01,3.84,-2.42,-37.11
GULFPETRO,45.44,2026-07-27,24.36,15.07,14.0,38.62,45.83,5.11
TIPSFILMS,377.25,2026-07-27,15.74,14.34,13.99,-3.36,-1.58,-28.05
UDS,206.6,2026-07-27,6.76,5.17,13.97,27.54,35.53,-26.54
PVRINOX,1123.2,2026-07-27,10.2,10.06,13.87,10.24,17.67,12.31
PDMJEPAPER,95.75,2026-07-27,12.89,11.84,13.83,11.66,17.08,-19.88
HESTERBIO,2528.4,2026-07-27,0.2,-0.22,13.83,52.18,80.79,41.29
AEGISLOG,1291.3,2026-07-27,-6.69,-0.18,13.81,79.69,94.34,76.34
VAIBHAVGBL,264.99,2026-07-27,3.96,3.56,13.78,20.84,17.97,16.71
HEXT,562.95,2026-07-27,1.31,-0.57,13.76,27.22,-17.58,-21.79
MALUPAPER,35.2,2026-07-27,21.8,15.0,13.73,7.32,10.66,-12.26
COSMOFIRST,909.2,2026-07-27,9.69,10.27,13.7,28.95,56.09,-14.89
NOVARTIND,1631.0,2026-07-27,-2.21,-2.03,13.67,66.82,142.62,142.62
BAJAJ-AUTO,11183.5,2026-07-27,6.28,7.73,13.62,17.38,19.48,40.44
FINOPB,166.46,2026-07-27,-1.2,3.18,13.55,21.0,-20.32,-38.95
TIMETECHNO,206.75,2026-07-27,-2.98,10.5,13.55,10.75,17.9,-7.34
KODYTECH,1223.0,2026-07-24,-0.84,-3.18,13.48,69.39,63.07,64.24
PRICOLLTD,665.35,2026-07-27,8.43,7.12,13.41,10.89,16.74,52.54
VERA,78.25,2026-07-24,19.28,19.37,13.41,13.41,11.95,15.07
IOLCP,151.46,2026-07-27,-2.55,-10.43,13.32,64.11,120.25,62.91
RBZJEWEL,145.61,2026-07-27,-0.68,-6.36,13.22,3.62,7.06,7.24
TGL,19.7,2026-07-24,-13.6,-8.58,13.22,-31.72,-68.17,-85.72
GRETEX,300.0,2026-07-24,-1.32,2.92,13.21,2.74,52.28,36.36
SATIN,261.51,2026-07-27,2.12,-2.13,13.19,51.91,70.4,74.35
ORTEL,1.72,2026-07-27,-4.44,4.24,13.16,-7.03,29.32,-17.31
SANGAMIND,612.55,2026-07-27,-1.38,-1.61,13.05,16.51,43.4,37.82
WEL,109.97,2026-07-27,7.87,8.08,13.04,3.55,-21.84,-34.89
MANAPPURAM,359.85,2026-07-27,6.75,8.47,12.98,25.06,22.34,36.42
SJS,2419.3,2026-07-27,11.27,12.29,12.98,48.19,49.7,93.95
ADANIENSOL,1703.3,2026-07-27,-1.51,3.57,12.97,18.63,100.6,108.44
M&MFIN,363.0,2026-07-27,12.54,9.11,12.97,16.83,1.94,46.47
THYROCARE,584.05,2026-07-27,5.14,14.49,12.93,43.45,30.46,36.03
TANLA,587.1,2026-07-27,2.48,3.08,12.89,1.84,21.98,-7.6
VIDHIING,315.15,2026-07-27,2.94,5.91,12.86,3.04,0.35,-20.21
CEMPRO,1369.0,2026-07-27,-15.86,-13.56,12.82,107.17,120.8,78.48
LAGNAM,90.38,2026-07-27,1.66,10.23,12.79,11.18,34.9,-11.61
CONFIPET,81.04,2026-07-27,5.71,7.55,12.76,40.38,158.01,55.58
HAWKINCOOK,8894.5,2026-07-27,-2.36,0.87,12.76,20.5,,
HCG,676.95,2026-07-27,3.56,-0.28,12.75,17.23,12.67,18.76
UGARSUGAR,43.49,2026-07-27,9.93,7.89,12.67,3.65,17.32,-3.46
MOL,55.61,2026-07-27,9.62,13.95,12.66,4.96,-0.36,-40.93
SUPREMEINF,80.29,2026-07-27,1.88,1.45,12.62,2.09,-4.96,-36.17
GPTHEALTH,165.99,2026-07-27,11.37,5.86,12.53,21.96,29.49,4.77
EASTSILK,55.0,2026-07-27,13.15,12.84,12.52,-6.94,-21.03,2955.56
DIVGIITTS,962.35,2026-07-27,5.3,0.31,12.52,29.38,61.47,49.77
TCL,112.5,2026-07-24,-10.0,-2.81,12.5,18.17,27.05,3.5
IIFL,573.2,2026-07-27,2.78,2.93,12.46,32.07,10.65,11.72
TECHM,1575.0,2026-07-27,-0.09,4.69,12.44,15.75,-7.4,11.69
LENSKART,572.0,2026-07-27,5.59,6.09,12.4,9.08,31.72,
JETFREIGHT,23.44,2026-07-27,-0.26,3.53,12.37,13.73,31.54,66.24
CGCL,244.27,2026-07-27,-2.3,-4.82,12.34,31.95,43.92,33.59
GODREJPROP,2078.8,2026-07-27,-1.88,-3.87,12.33,13.71,36.95,-6.94
PUNJABCHEM,1156.1,2026-07-27,1.11,0.02,12.33,9.33,10.12,-12.05
ICEMAKE,863.25,2026-07-27,3.09,12.89,12.3,6.34,19.13,10.26
ARIHANTCAP,78.06,2026-07-27,3.34,5.56,12.27,9.87,5.09,-22.69
INNOVANA,347.55,2026-07-27,3.99,4.78,12.26,-8.35,-3.39,-35.64
ORIENTTECH,279.17,2026-07-27,4.4,7.87,12.14,-2.48,-14.15,-5.71
PROV,1710.0,2026-07-24,0.41,4.59,12.13,37.61,41.32,74.49
J&KBANK,177.51,2026-07-27,-2.6,-2.79,12.06,37.37,71.19,65.66
IBLFL,61.0,2026-07-24,0.0,5.63,11.93,12.55,25.13,-7.22
AVG,205.61,2026-07-27,-0.48,-3.26,11.77,22.34,46.47,-23.63
SHAH,4.56,2026-07-27,2.93,-1.72,11.76,-13.96,-6.94,19.37
UFLEX,476.45,2026-07-27,8.92,5.05,11.72,21.0,5.75,-18.39
TIPSMUSIC,712.55,2026-07-27,0.28,-0.17,11.71,4.67,34.37,19.92
AETHER,1480.1,2026-07-27,2.03,1.88,11.7,28.2,49.13,89.4
HMVL,95.25,2026-07-27,3.96,6.7,11.68,42.8,39.17,8.24
LLOYDSENT,81.64,2026-07-27,-0.72,3.51,11.65,17.87,50.62,3.19
JITFINFRA,350.35,2026-07-27,-9.25,-2.03,11.58,14.85,55.19,-0.2
CENTENKA,577.8,2026-07-27,5.17,9.09,11.57,34.65,33.0,14.93
MANOMAY,206.46,2026-07-27,5.19,17.79,11.49,-11.56,-7.2,26.97
3BBLACKBIO,1292.3,2026-07-27,1.96,6.35,11.43,-0.5,,
ASHIKAG,429.65,2026-07-27,7.49,7.59,11.42,7.53,,
MUNJALAU,104.9,2026-07-27,2.46,-0.75,11.41,29.2,50.72,38.4
AKUMS,675.6,2026-07-27,-0.14,-1.21,11.4,27.76,58.32,28.03
LTM,4190.8,2026-07-27,2.62,1.61,11.38,-2.28,-28.51,-16.33
CUB,221.45,2026-07-27,-1.57,-1.63,11.37,8.87,3.88,42.55
SATIA,62.13,2026-07-27,4.49,12.17,11.36,-11.6,4.54,-27.45
GUJALKALI,694.1,2026-07-27,14.57,13.69,11.29,-5.78,56.01,19.91
RITCO,295.1,2026-07-27,6.32,11.95,11.25,35.67,24.04,1.76
SENORES,1412.0,2026-07-27,1.95,-1.64,11.21,50.25,78.49,111.08
ABBOTINDIA,27800.0,2026-07-27,0.62,3.85,11.2,11.9,2.77,-15.78
NITTAGELA,1904.9,2026-07-27,2.55,-0.9,11.17,103.65,,
TORNTPHARM,5019.5,2026-07-27,0.28,1.38,11.14,19.19,26.68,40.52
KPL,2708.0,2026-07-27,-1.28,2.0,11.02,69.74,,
RKFORGE,625.45,2026-07-27,11.26,10.6,10.95,11.23,25.83,0.24
NAHARSPING,279.65,2026-07-27,-0.3,3.12,10.93,16.47,85.4,8.87
DIVISLAB,7414.0,2026-07-27,1.73,7.29,10.89,14.94,22.93,12.52
CORONA,2098.2,2026-07-27,2.55,2.15,10.82,25.11,48.61,
TITAN,4740.1,2026-07-27,2.08,3.01,10.82,7.07,18.98,37.34
DALMIASUG,358.5,2026-07-27,-1.13,-2.06,10.82,-4.38,33.68,-3.43
HOMESFY,122.85,2026-07-24,0.0,5.0,10.68,-16.43,-28.16,-54.6
ASKAUTOLTD,514.4,2026-07-27,7.76,9.37,10.67,18.1,19.68,1.2
DHANBANK,35.4,2026-07-27,4.73,1.58,10.63,26.88,46.71,27.02
ESCONET,136.5,2026-07-24,3.45,12.81,10.62,5.85,12.44,-29.02
GRAPHITE,662.65,2026-07-27,4.03,6.93,10.59,-8.95,6.68,23.53
TIMEX,561.25,2026-07-27,-1.09,-2.69,10.59,64.16,,
RATNAVEER,199.61,2026-07-27,10.74,11.06,10.58,27.06,47.12,28.66
HOACFOODS,738.0,2026-07-24,7.43,5.43,10.56,81.77,153.7,238.45
MANBA,146.37,2026-07-27,6.2,7.0,10.55,34.8,12.5,7.6
ARENTERP,41.1,2026-07-27,18.31,11.38,10.54,-2.1,-0.48,-15.26
CARTRADE,2978.5,2026-07-27,8.1,6.4,10.54,73.35,17.18,57.2
CHOICEIN,800.0,2026-07-27,-1.85,-2.46,10.52,15.49,7.3,6.37
RSWM,213.67,2026-07-27,0.62,5.93,10.5,32.62,63.83,31.89
RISHABH,624.7,2026-07-27,-4.64,-5.03,10.45,27.56,95.96,119.93
MASTERTR,84.14,2026-07-27,-2.41,-8.36,10.41,10.13,-15.66,-49.85
DCMSIL,78.6,2026-07-27,-9.09,0.33,10.41,26.4,,
ACI,576.75,2026-07-27,1.74,8.97,10.38,-3.73,1.91,-14.48
SAPPL,299.1,2026-07-27,-1.93,-0.94,10.37,2.48,,
RPEL,1292.7,2026-07-27,0.75,-1.8,10.36,88.83,91.39,95.78
SHINDL,158.97,2026-07-27,-1.43,-0.1,10.36,7.81,,
JAYAGROGN,232.68,2026-07-27,3.0,4.36,10.35,15.66,30.28,-10.85
PCCL,269.1,2026-07-24,4.32,5.97,10.35,-2.85,21.41,54.26
GLOBALPET,160.0,2026-07-24,5.96,1.91,10.34,42.86,36.75,15.11
NAHARPOLY,279.55,2026-07-27,6.7,10.19,10.34,8.61,32.16,-11.95
RML,1149.0,2026-07-27,-2.46,-8.4,10.33,48.36,55.39,36.03
WELCORP,1599.8,2026-07-27,-0.99,-1.24,10.31,32.39,122.36,80.98
GRANULES,842.8,2026-07-27,-3.8,-6.11,10.29,21.28,45.54,80.21
AARTIDRUGS,410.95,2026-07-27,-1.69,3.85,10.26,7.63,12.27,-23.17
TCS,2295.6,2026-07-27,1.98,5.81,10.19,-4.42,-25.92,-23.75
GOLDTECH,57.15,2026-07-27,4.71,-10.69,10.16,43.85,32.26,-18.94
MAGADSUGAR,489.05,2026-07-27,-1.0,-3.22,10.15,-4.8,17.33,-10.98
HLEGLAS,418.95,2026-07-27,-0.01,2.37,10.12,27.87,8.83,-2.32
NEOGEN,2064.1,2026-07-27,-5.43,-4.0,10.1,24.79,85.37,31.42
DYCL,414.9,2026-07-27,-6.9,12.24,10.09,8.56,41.95,1.62
EXIDEIND,427.0,2026-07-27,-2.21,0.85,10.07,21.77,32.73,12.73
KFINTECH,949.25,2026-07-27,7.65,3.92,10.06,0.15,-5.3,-16.83
SHK,148.26,2026-07-27,13.88,13.87,10.03,-0.19,4.34,-42.86
SUYOG,885.4,2026-07-27,4.92,1.33,10.02,15.44,60.92,3.21
FEDERALBNK,356.5,2026-07-27,1.64,7.22,10.01,21.24,25.11,72.32
TRANSPEK,1110.3,2026-07-27,7.43,14.09,9.99,-5.68,,
BLBLIMITED,16.11,2026-07-27,0.06,0.37,9.97,-8.83,20.22,12.19
WENDT,8302.5,2026-07-27,9.55,6.31,9.97,19.01,28.31,-13.79
CRISIL,4486.3,2026-07-27,6.21,10.44,9.95,4.78,2.01,-17.76
SAMBHV,121.69,2026-07-27,2.36,0.64,9.94,-0.74,47.86,-8.26
AARVI,157.32,2026-07-27,0.52,3.08,9.94,21.02,30.61,53.5
MASTEK,1731.6,2026-07-27,-0.72,-1.04,9.93,-0.24,-11.99,-29.44
GROWWRLTY,10.12,2026-07-27,-1.56,-3.62,9.88,13.71,18.98,
KOTHARIPET,136.07,2026-07-27,4.58,4.04,9.86,1.79,19.92,-18.15
TSFINV,431.6,2026-07-27,-9.62,-10.22,9.84,5.55,12.14,-8.78
RUBICON,1556.0,2026-07-27,2.92,8.19,9.84,62.29,137.76,
IPCALAB,1777.6,2026-07-27,-3.32,-2.51,9.84,15.33,22.18,17.96
WORTHPERI,143.31,2026-07-27,-2.72,6.45,9.8,4.31,9.66,-11.07
SANATHAN,488.25,2026-07-27,10.02,10.03,9.74,5.85,11.73,-6.73
HTMEDIA,24.56,2026-07-27,-6.65,-4.84,9.74,8.62,9.84,1.78
HALEOSLABS,1535.6,2026-07-27,-3.37,-3.26,9.73,12.85,33.09,29.48
PRATHAM,117.3,2026-07-24,0.34,0.43,9.73,-18.31,-11.1,-18.49
AILIMITED,39.5,2026-07-24,-0.63,0.89,9.72,-0.13,43.38,-33.72
KCEIL,87.6,2026-07-24,-2.77,-0.51,9.71,-28.52,-27.84,-75.39
SWANDEF,2430.7,2026-07-27,7.46,7.81,9.71,30.81,33.66,693.7
MOREALTY,90.38,2026-07-27,-1.42,-3.27,9.71,13.33,18.78,-4.87
AYMSYNTEX,235.27,2026-07-27,-2.28,0.35,9.69,5.45,55.24,8.09
VRLLOG,262.75,2026-07-27,14.46,13.76,9.67,3.12,3.56,-12.8
QMSMEDI,112.13,2026-07-27,3.67,2.92,9.66,24.11,36.74,41.08
SILVERTUC,202.42,2026-07-27,4.21,7.62,9.66,38.43,41.69,-74.22
HAPPYFORGE,1650.7,2026-07-27,2.66,3.88,9.64,23.75,57.63,72.2
SHYAMMETL,1035.1,2026-07-27,-1.72,0.73,9.64,17.01,29.75,7.46
NUVAMA,1916.6,2026-07-27,3.38,-0.16,9.61,42.32,52.93,32.94
SINTERCOM,81.37,2026-07-27,-0.68,6.37,9.6,8.61,-12.56,-36.47
ARISTO,109.25,2026-07-24,-5.0,9.41,9.58,-3.79,5.2,-9.0
ABMINTLLTD,44.63,2026-07-27,4.23,7.75,9.55,1.94,24.84,-24.94
INDUSINDBK,1006.65,2026-07-27,-2.54,-0.62,9.54,12.01,12.69,22.41
SOLARWORLD,200.5,2026-07-27,-0.58,-6.26,9.5,-0.03,-19.83,
DCAL,186.11,2026-07-27,-2.47,-5.49,9.46,6.47,-8.35,-25.57
SANGHVIMOV,450.0,2026-07-27,3.06,3.05,9.46,48.14,59.74,74.08
KSL,895.95,2026-07-27,-2.79,-7.85,9.44,12.02,34.46,1.41
RHETAN,29.05,2026-07-27,2.0,9.29,9.42,-0.14,11.0,
NINSYS,845.2,2026-07-27,-5.9,-2.82,9.34,66.59,153.78,97.04
ZENITHDRUG,49.25,2026-07-24,1.34,-6.19,9.32,13.87,4.79,-30.63
ARKADE,134.59,2026-07-27,-2.51,-4.44,9.32,14.07,20.91,-31.55
BHARTIHEXA,1614.3,2026-07-27,-0.18,1.69,9.3,7.66,2.04,-9.26
ARIS,124.78,2026-07-27,8.64,14.3,9.23,0.43,23.85,-14.02
PERSISTENT,5268.2,2026-07-27,1.88,1.81,9.19,9.74,-14.95,3.01
BLUEJET,576.05,2026-07-27,-2.28,-4.99,9.18,29.84,37.2,-26.88
PCJEWELLER,9.35,2026-07-27,-4.98,-5.75,9.1,-1.68,-13.67,-35.74
VISAKAIND,82.29,2026-07-27,1.47,-3.81,9.08,27.03,34.1,0.59
INDORAMA,49.74,2026-07-27,1.08,0.63,9.01,25.61,17.28,-2.89
STARPAPER,150.53,2026-07-27,2.36,6.43,9.0,7.78,4.9,-13.05
ROXHITECH,38.75,2026-07-24,-2.27,3.2,9.0,9.93,7.49,-12.33
TPLPLASTEH,78.34,2026-07-27,-5.53,-5.31,8.97,16.27,27.13,2.97
BTML,6.68,2026-07-27,9.33,4.7,8.97,6.03,-16.6,-20.29
VRAJ,128.5,2026-07-27,-2.68,7.49,8.93,0.21,6.89,-23.66
DBSTOCKBRO,33.75,2026-07-27,-8.04,-17.68,8.87,24.26,36.7,18.67
63MOONS,728.8,2026-07-27,0.03,-0.74,8.86,0.81,18.21,-30.05
PGHL,6784.0,2026-07-27,-1.0,-1.21,8.85,31.08,29.29,21.12
VARROC,665.7,2026-07-27,3.69,0.89,8.84,27.69,20.76,23.87
MAHKTECH,23.31,2026-07-27,-0.47,0.87,8.82,-0.77,-14.27,1.97
CREDITACC,1591.1,2026-07-27,6.21,3.3,8.81,28.16,20.48,21.63
BHAGYANGR,426.7,2026-07-27,11.5,13.68,8.81,71.19,155.07,334.43
DEEPINDS,516.45,2026-07-27,8.49,11.62,8.77,5.86,47.73,15.18
MENNPIS,73.87,2026-07-27,5.24,-0.09,8.76,28.47,,
NILE,1897.2,2026-07-27,1.91,-4.24,8.76,16.3,,
GOODLUCK,1527.6,2026-07-27,-2.1,-6.25,8.75,23.52,53.81,47.2
ANDHRSUGAR,87.45,2026-07-27,6.79,1.75,8.74,-11.63,27.61,9.96
ONMOBILE,62.05,2026-07-27,2.26,-12.78,8.71,10.17,30.66,19.46
SHANTI,6.87,2026-07-27,-1.86,-2.97,8.7,-4.85,-9.01,-47.8
FIVESTAR,540.25,2026-07-27,-5.3,-0.71,8.7,5.66,5.37,-21.43
TVSHLTD,14694.0,2026-07-27,4.73,3.41,8.7,1.63,10.03,23.5
IZMO,1104.0,2026-07-27,2.18,4.12,8.69,49.23,78.79,190.22
KMSUGAR,28.33,2026-07-27,-0.84,1.32,8.67,-4.29,15.87,3.96
CONCOR,510.5,2026-07-27,2.3,10.03,8.66,-0.72,5.89,-13.47
OIL,442.0,2026-07-27,-2.55,2.54,8.65,-7.18,0.05,4.45
EIDPARRY,771.15,2026-07-27,1.17,-1.73,8.65,-9.72,-12.82,-34.33
AFFORDABLE,184.13,2026-07-27,-3.82,1.18,8.64,2.13,15.26,-56.18
PLATIND,240.24,2026-07-27,4.94,3.96,8.64,4.6,6.42,-19.08
ALLDIGI,872.05,2026-07-27,4.09,4.71,8.61,3.37,10.79,-6.98
RADICO,4149.5,2026-07-27,0.64,2.8,8.59,25.44,42.23,53.91
KAUSHALYA,909.5,2026-07-27,2.93,-7.45,8.59,1.2,10.52,3.28
TVSMOTOR,3876.4,2026-07-27,7.97,5.43,8.59,9.11,9.02,40.21
SHILPAMED,620.6,2026-07-27,-0.78,-1.52,8.57,49.47,131.27,36.54
GANESHHOU,819.85,2026-07-27,0.28,-6.08,8.56,23.72,12.37,-7.13
ONESOURCE,1688.9,2026-07-27,-0.3,0.95,8.54,-7.78,46.7,-13.56
ARABIAN,69.45,2026-07-24,3.27,-4.21,8.52,-0.79,2.74,-19.24
BAJAJFINSV,1913.0,2026-07-27,2.77,0.26,8.5,8.04,-0.16,-3.58
NYKAA,326.75,2026-07-27,1.0,-0.5,8.43,21.38,38.16,53.96
GANESHBE,112.35,2026-07-27,4.98,14.44,8.4,9.53,59.41,16.82
HONASA,452.75,2026-07-27,-1.05,-4.13,8.39,30.25,67.47,71.69
KMEW,2427.8,2026-07-27,-0.72,0.1,8.38,37.43,46.71,183.24
PLASTIBLEN,191.08,2026-07-27,-4.39,-2.41,8.36,21.21,28.96,-1.65
EXCELINDUS,982.15,2026-07-27,9.15,7.76,8.35,4.6,8.61,-26.77
ANTELOPUS,875.55,2026-07-27,1.6,3.3,8.35,34.67,45.95,40.44
GLAXO,2551.2,2026-07-27,2.74,5.4,8.34,7.25,11.76,-16.79
HDFCNIFIT,31.64,2026-07-27,1.38,2.36,8.32,1.83,-22.64,-15.29
SHERA,177.15,2026-07-24,1.81,11.98,8.28,29.78,46.16,26.63
IFGLEXPOR,200.88,2026-07-27,-3.39,-10.13,8.27,3.42,18.66,-18.46
SHOPERSTOP,385.85,2026-07-27,-1.64,3.6,8.26,29.89,12.18,-27.38
NEWGEN,506.3,2026-07-27,-9.5,-13.3,8.22,4.15,-15.37,-39.85
SURYODAY,184.62,2026-07-27,0.86,-2.84,8.22,24.6,42.64,39.54
NELCO,933.75,2026-07-27,4.96,3.59,8.19,32.59,53.03,9.42
ZYDUSWELL,559.35,2026-07-27,-7.16,-5.43,8.18,13.74,33.35,33.28
RITEZONE,20.5,2026-07-24,-9.49,-13.87,8.18,-3.53,-1.68,-29.43
LALPATHLAB,1827.2,2026-07-27,7.91,5.92,8.17,29.35,31.02,19.84
TAJGVK,360.1,2026-07-27,-0.29,-1.83,8.14,8.46,2.05,-12.11
UNIPARTS,704.8,2026-07-27,1.93,1.44,8.12,37.39,73.95,105.62
RICOAUTO,145.59,2026-07-27,5.23,10.75,8.05,25.06,26.27,105.87
TECH,32.29,2026-07-27,1.0,1.99,7.99,1.76,-22.42,-14.94
NGLFINE,3226.5,2026-07-27,7.19,2.08,7.91,39.23,106.01,152.31
ENTERO,1273.4,2026-07-27,7.04,2.54,7.88,2.48,12.79,4.6
ABAN,14.96,2026-07-27,-0.2,5.8,7.86,-17.12,-29.47,-69.24
UNITDSPR,1482.0,2026-07-27,6.21,7.91,7.84,7.32,13.87,15.24
STANLEY,156.07,2026-07-27,-0.23,-2.02,7.83,8.53,-12.41,-53.87
ITETF,31.16,2026-07-27,0.97,1.63,7.82,1.37,-23.04,-15.74
YASHO,3092.6,2026-07-27,0.69,4.04,7.81,107.2,156.69,57.54
ITIETF,32.73,2026-07-27,0.96,1.84,7.77,1.65,-22.93,-15.71
IT,32.74,2026-07-27,0.89,1.84,7.77,1.84,-22.73,-15.49
RELTD,174.03,2026-07-27,-1.04,-0.39,7.76,16.1,13.98,25.74
BORANA,328.05,2026-07-27,-1.2,6.8,7.75,-2.24,-4.93,47.54
VINCOFE,162.87,2026-07-27,2.48,-1.54,7.74,22.89,8.81,11.13
INSPIRE,9.05,2026-07-24,9.7,4.62,7.74,-12.14,-13.81,-57.71
ITBEES,32.7,2026-07-27,0.99,1.68,7.71,1.18,-23.08,-15.83
FSL,262.23,2026-07-27,-1.66,-1.07,7.71,22.45,-14.12,-20.83
RATEGAIN,905.8,2026-07-27,-4.5,-4.32,7.71,52.88,48.65,103.41
JBCHEPHARM,2408.9,2026-07-23,0.0,-2.08,7.68,20.26,31.92,44.73
TNPL,156.04,2026-07-27,6.92,7.38,7.62,5.62,19.31,-3.63
COMSYN,174.48,2026-07-27,-16.66,-10.66,7.62,13.84,14.16,33.49
SBIETFIT,326.09,2026-07-27,0.83,1.48,7.61,0.84,-23.26,-15.98
ITADD,31.26,2026-07-27,1.0,1.82,7.61,1.49,-22.8,-15.51
AJOONI,3.97,2026-07-27,-5.48,8.17,7.59,-5.25,3.12,-29.61
BAJFINANCE,1048.3,2026-07-27,-1.48,2.51,7.58,14.42,15.31,15.43
LLOYDSENGG,91.33,2026-07-27,0.68,0.56,7.56,54.93,115.66,25.55
ITBETA,309.43,2026-07-27,-0.15,1.5,7.56,1.23,-23.04,-15.93
CANHLIFE,145.01,2026-07-27,-3.18,-1.55,7.55,3.78,-1.26,
FIEMIND,2356.6,2026-07-27,3.98,7.18,7.55,8.41,13.46,20.67
UBL,1428.7,2026-07-27,5.76,7.07,7.52,-3.41,0.36,-29.38
KTKBANK,285.55,2026-07-27,3.74,2.37,7.51,12.28,59.71,56.25
ACE,1061.8,2026-07-27,7.08,7.72,7.46,15.86,31.34,-3.48
GOODYEAR,818.3,2026-07-27,-0.35,4.07,7.45,4.41,-35.75,-35.75
GALAPREC,1164.2,2026-07-27,-4.18,0.64,7.43,53.88,68.87,35.96
HECPROJECT,137.7,2026-07-27,19.12,7.0,7.42,1.78,23.54,-15.52
JINDRILL,594.35,2026-07-27,-1.17,-4.99,7.42,9.62,15.12,-4.73
TARC,132.93,2026-07-27,13.61,7.44,7.4,-3.54,-12.66,-28.88
INDOFARM,155.38,2026-07-27,-1.06,-2.22,7.39,5.64,-1.77,-24.01
WELINV,1931.9,2026-07-27,5.9,12.92,7.39,29.61,60.8,80.55
IKS,1829.0,2026-07-27,-3.83,-3.91,7.32,21.6,12.04,14.46
DCI,288.7,2026-07-27,6.59,3.96,7.3,-5.39,34.89,14.13
SAGILITY,43.29,2026-07-27,4.79,3.0,7.23,2.83,-17.04,-1.38
MEDANTA,1407.2,2026-07-27,5.69,5.96,7.22,20.5,34.93,6.39
COLPAL,2136.6,2026-07-27,1.11,5.51,7.21,0.97,0.37,-1.39
RANEHOLDIN,1762.7,2026-07-27,1.02,0.15,7.21,56.56,47.38,15.26
IONEXCHANG,427.4,2026-07-27,-1.53,-5.38,7.21,4.65,21.8,-8.02
CHEMBONDCH,240.62,2026-07-27,-4.64,-5.26,7.2,58.96,76.42,23.77
CRAMC,262.87,2026-07-27,2.76,0.08,7.18,-5.19,5.12,
MODTHREAD,49.27,2026-07-27,3.68,3.73,7.16,3.14,16.45,-0.14
SWIGGY,257.98,2026-07-27,-4.64,-3.29,7.16,-9.86,-17.38,-36.76
IDFCFIRSTB,84.88,2026-07-27,3.79,5.34,7.14,20.79,1.65,20.06
INDOCO,248.14,2026-07-27,1.47,-4.2,7.14,18.73,13.41,-21.7
SAREGAMA,514.85,2026-07-27,0.14,3.28,7.1,43.13,59.57,7.16
TCPLPACK,3208.7,2026-07-27,2.07,6.72,7.05,20.47,23.1,-11.89
GRWRHITECH,7160.0,2026-07-27,3.42,1.69,7.05,77.32,140.41,95.47
GRAVITA,1788.8,2026-07-27,-1.15,-3.1,7.05,10.9,21.99,-5.18
CAPITALSFB,299.85,2026-07-27,-1.77,0.44,7.05,15.67,18.94,1.08
TECHLABS,126.45,2026-07-24,-11.14,-17.6,7.02,-42.51,-44.31,-72.99
SHAILY,3049.7,2026-07-27,6.71,10.73,7.02,25.89,65.66,92.38
SETCO,18.0,2026-07-27,-2.01,-3.74,7.02,32.29,170.78,92.76
SBILIFE,1866.8,2026-07-27,2.32,0.59,6.99,2.83,-8.28,2.04
MARALOVER,58.7,2026-07-27,6.73,9.45,6.98,26.43,56.41,-19.78
MOLDTECH,142.39,2026-07-27,13.65,12.14,6.98,9.3,10.99,-5.28
3MINDIA,35195.0,2026-07-27,-0.13,-1.99,6.96,6.17,7.95,14.33
RAYMONDREL,665.9,2026-07-27,-5.34,-7.87,6.96,53.02,60.27,-6.52
FEDDERSHOL,44.64,2026-07-27,-7.69,0.97,6.95,24.17,,
PHOENIXLTD,2036.6,2026-07-27,-1.8,-5.45,6.93,13.16,17.84,33.68
PGINVIT,100.26,2026-07-24,1.77,3.39,6.91,11.34,16.63,21.42
PFIZER,4692.6,2026-07-27,2.51,0.68,6.91,-0.47,3.49,-11.22
MATRIMONY,429.3,2026-07-27,-2.37,-0.3,6.9,0.18,-24.39,-17.64
ANKITMETAL,1.55,2026-07-27,6.16,5.44,6.9,-4.32,-8.82,-21.32
FMGOETZE,483.75,2026-07-27,-1.03,2.65,6.89,10.5,14.39,-18.65
SOLARINDS,18628.0,2026-07-27,-2.1,2.6,6.89,22.08,45.92,28.42
DATAMATICS,854.8,2026-07-27,2.04,-4.63,6.88,18.29,30.92,-2.29
DBCORP,208.29,2026-07-27,-0.55,5.37,6.87,-4.58,-11.27,-22.84
PARASPETRO,2.18,2026-07-27,9.0,7.39,6.86,-0.91,39.74,-13.83
ARTEMISMED,278.5,2026-07-27,2.86,0.4,6.84,13.79,19.52,16.12
PSPPROJECT,1055.9,2026-07-27,-1.53,-0.95,6.84,43.05,46.92,30.37
MANGLMCEM,984.7,2026-07-27,0.46,2.0,6.82,7.3,32.42,36.31
RADIOCITY,6.58,2026-07-27,10.4,8.4,6.82,8.05,8.22,-25.82
ACCENTMIC,494.95,2026-07-24,-6.18,-5.44,6.81,13.74,54.04,84.39
VELS,73.0,2026-07-24,0.0,4.51,6.8,1.53,38.39,16.61
AURUM,229.68,2026-07-27,-2.18,-0.93,6.78,24.89,29.24,17.26
MUNJALSHOW,136.93,2026-07-27,1.35,1.82,6.77,5.52,18.44,-5.83
INDIGOPNTS,1073.9,2026-07-27,-0.38,2.23,6.72,23.48,1.8,-5.54
INTERNET,13.26,2026-07-27,-1.27,-2.07,6.68,7.13,5.0,
QUINTEGRA,1.44,2026-07-27,3.6,5.88,6.67,1.41,6.67,-28.0
MHLXMIRU,140.65,2026-07-27,2.64,3.1,6.63,-25.86,-26.17,-35.14
RHIM,401.05,2026-07-27,-1.87,-2.94,6.61,-2.47,-2.28,-18.46
GROWWNET,9.84,2026-07-27,-0.71,-2.09,6.61,7.07,5.81,
SONAMLTD,55.99,2026-07-27,1.54,3.72,6.61,7.88,46.04,11.53
GRPLTD,2021.1,2026-07-27,6.59,6.47,6.59,4.76,29.06,-16.45
MOREPENLAB,56.66,2026-07-27,-2.7,-9.04,6.58,30.95,66.75,-4.86
AARTISURF,398.3,2026-07-27,1.67,3.36,6.57,-2.02,0.31,-28.06
WAKEFIT,127.7,2026-07-27,-0.05,-4.01,6.57,-12.08,-29.15,
PNGSREVA,414.1,2026-07-27,3.23,1.78,6.55,3.31,,
SVLL,758.0,2026-07-27,-3.14,12.08,6.54,33.7,14.06,-3.49
AIIL,551.7,2026-07-27,-0.05,6.1,6.51,13.09,6.44,0.65
RUSTOMJEE,409.6,2026-07-27,-1.03,-2.31,6.51,3.5,-12.46,-34.47
AJANTPHARM,3386.1,2026-07-27,-2.39,-1.03,6.47,20.62,25.49,22.98
BALPHARMA,88.63,2026-07-27,-2.25,11.95,6.44,17.52,29.31,-7.95
CLEANMAX,1439.0,2026-07-27,7.67,10.21,6.43,34.54,,
ORIENTPPR,18.21,2026-07-27,9.24,8.91,6.43,-1.99,-6.66,-37.12
BETA,2230.7,2026-07-27,-8.56,-4.99,6.4,69.93,48.87,30.44
SIKA,1123.5,2026-07-27,0.98,-6.44,6.39,9.0,,
LAKPRE,5.0,2026-07-27,-4.76,-10.07,6.38,0.4,0.0,-11.97
EPACKPEB,255.19,2026-07-27,3.17,-8.31,6.35,26.19,40.91,
CORALFINAC,33.65,2026-07-27,7.78,0.96,6.32,-4.05,-5.82,-29.44
AJAXENGG,566.85,2026-07-27,-4.55,-5.48,6.3,8.74,15.3,-15.8
SICALLOG,101.92,2026-07-27,7.82,15.4,6.27,48.79,9.65,-8.55
MAHLIFE,380.25,2026-07-27,1.89,0.44,6.26,17.33,14.6,3.75
METROPOLIS,577.35,2026-07-27,0.63,2.24,6.26,21.4,26.74,17.77
SESHAPAPER,237.29,2026-07-27,6.53,7.44,6.24,-10.64,10.82,-16.04
SUDEEPPHRM,858.1,2026-07-27,-0.79,1.42,6.23,26.59,54.01,
SUNPHARMA,1973.7,2026-07-27,0.88,2.72,6.23,14.15,21.53,17.23
KEYFINSERV,259.08,2026-07-27,-2.38,-0.11,6.2,-12.47,-6.11,1.15
ANANDRATHI,2052.1,2026-07-27,-1.47,-3.1,6.19,15.56,41.77,58.7
PGEL,579.7,2026-07-27,-6.64,-2.71,6.19,2.69,11.79,-27.57
KIRIINDUS,410.8,2026-07-27,0.62,2.14,6.18,-0.86,-12.07,-27.7
RKSWAMY,106.71,2026-07-27,5.65,5.05,6.18,22.84,-2.23,-34.54
DALBHARAT,1826.5,2026-07-27,-1.15,3.95,6.17,-7.14,-13.06,-17.71
USHAMART,502.1,2026-07-27,-1.24,-1.58,6.13,9.07,22.6,37.64
MUTHOOTCAP,215.09,2026-07-27,0.12,-4.64,6.12,5.63,-3.37,-33.95
KOPRAN,201.21,2026-07-27,-0.95,-2.64,6.11,25.59,57.75,18.52
DCMSRIND,39.81,2026-07-27,-4.1,-4.14,6.1,0.73,7.72,-76.14
STYRENIX,2476.0,2026-07-27,4.69,6.83,6.07,6.12,30.83,-17.15
DLF,650.9,2026-07-27,-1.43,-3.41,6.07,11.25,8.12,-19.65
TIRUMALCHM,172.09,2026-07-27,5.95,4.68,6.07,-13.59,-8.21,-41.64
CENTRUM,23.15,2026-07-27,-2.49,-8.71,6.05,-6.88,-3.62,-37.82
CHENNPETRO,1168.8,2026-07-27,-3.72,0.94,6.04,17.18,40.39,72.59
VADILALIND,6761.5,2026-07-27,-0.43,5.18,6.03,44.05,62.55,23.6
INOXINDIA,1985.9,2026-07-27,-0.87,5.04,6.03,31.49,85.23,65.39
HEROMOTOCO,5113.8,2026-07-27,4.25,4.78,5.98,2.9,-1.67,25.04
TNIDETF,85.58,2026-07-27,0.35,0.47,5.97,5.67,-8.59,-7.22
UNIMECH,1203.2,2026-07-27,-5.59,2.5,5.97,17.51,48.24,4.74
NEULANDLAB,18994.0,2026-07-27,0.42,0.05,5.95,28.97,48.71,38.29
SIL,16.22,2026-07-27,-0.25,-0.55,5.94,3.58,18.4,-15.69
EFCIL,197.05,2026-07-27,3.11,0.88,5.9,-3.69,-15.14,
VAISHALI,7.72,2026-07-27,-1.28,-2.65,5.9,-4.93,-5.74,-37.69
MAGSON,180.0,2026-07-24,-1.1,-1.1,5.88,2.86,39.53,39.37
SFL,767.2,2026-07-27,0.87,-4.93,5.88,46.23,48.38,16.23
EIMCOELECO,1829.8,2026-07-27,0.41,2.11,5.84,12.14,15.93,-22.02
MPHASIS,2332.7,2026-07-27,-3.34,-2.41,5.82,5.75,-14.64,-8.75
ETHOSLTD,2578.8,2026-07-27,-2.83,-2.65,5.82,-1.79,3.41,-9.85
RAMRAT,425.3,2026-07-27,0.5,0.92,5.8,0.3,49.91,22.23
LEXUS,14.97,2026-07-27,-6.2,4.54,5.8,-18.11,-40.99,-55.97
VENKEYS,1503.7,2026-07-27,-1.22,-0.42,5.78,-5.81,0.89,-2.04
SALSTEEL,59.54,2026-07-27,14.13,4.33,5.77,3.03,51.62,273.76
EMPOWER,2.4,2026-07-27,4.35,9.59,5.73,33.33,,
HAL,4619.0,2026-07-27,2.85,2.39,5.73,7.16,7.1,2.64
ONWARDTEC,292.75,2026-07-27,7.1,0.79,5.72,25.39,-1.62,-10.72
SHIVATEX,154.75,2026-07-27,5.6,3.29,5.71,-0.16,-4.99,-22.55
GUFICBIO,382.25,2026-07-27,-2.92,-4.5,5.7,30.11,27.61,-1.24
PRESTIGE,1644.6,2026-07-27,-1.47,-4.62,5.67,17.05,18.15,-1.35
MEDICAMEQ,241.15,2026-07-27,1.97,1.47,5.67,-4.41,-32.11,-37.67
MUKANDLTD,140.57,2026-07-27,-2.29,3.47,5.64,-0.13,10.3,0.86
POONAWALLA,465.1,2026-07-27,-0.46,-4.12,5.63,10.74,15.01,12.53
SOMATEX,99.53,2026-07-27,-2.04,-12.33,5.62,-8.17,-14.75,-0.64
SMCGLOBAL,76.31,2026-07-27,-5.25,-0.3,5.59,16.45,9.68,5.48
IMPAL,1132.4,2026-07-27,1.65,0.17,5.58,14.97,8.64,6.37
APLLTD,814.45,2026-07-27,-3.35,-2.0,5.57,6.52,7.55,-17.44
JYOTICNC,803.75,2026-07-27,0.09,2.4,5.56,5.66,1.0,-22.57
BALAXI,24.39,2026-07-27,1.54,1.46,5.49,-8.34,0.41,-50.01
EMIL,125.67,2026-07-27,-3.24,-4.67,5.48,13.72,46.25,-4.98
SOUTHBANK,47.9,2026-07-27,3.72,4.4,5.48,20.02,6.09,63.3
CAPILLARY,535.3,2026-07-27,10.76,6.2,5.47,-5.35,-13.02,
SYLVANPLY,52.35,2026-07-24,-9.74,-12.46,5.44,-20.08,-3.94,-36.93
MRPL,162.29,2026-07-27,-5.05,-1.49,5.43,-5.7,5.99,17.68
MANORAMA,1658.9,2026-07-27,3.61,1.94,5.43,15.16,41.19,5.25
THEJO,1921.2,2026-07-27,0.57,1.89,5.43,9.76,10.31,-17.58
NDGL,2736.0,2026-07-27,-1.22,-5.81,5.42,1.3,9.07,-34.53
MANALIPETC,66.97,2026-07-27,4.85,2.6,5.41,22.25,26.77,-7.49
BIMETAL,650.8,2026-07-27,-0.64,-7.21,5.4,13.66,,
SAILIFE,1287.0,2026-07-27,-0.77,1.17,5.38,20.58,56.9,53.49
LATENTVIEW,313.85,2026-07-27,1.01,3.38,5.35,5.91,-21.1,-23.94
CINELINE,82.29,2026-07-27,5.95,5.69,5.32,-4.72,-2.4,-8.61
SUNCLAY,1399.8,2026-07-27,0.89,0.47,5.32,-2.16,23.87,-28.04
ARE&M,874.0,2026-07-27,-3.52,-3.28,5.32,0.13,6.18,-10.63
SHRIPISTON,4241.8,2026-07-27,0.19,1.48,5.3,18.99,57.92,75.96
LTTS,3498.1,2026-07-27,4.44,6.08,5.29,-1.46,-6.85,-15.82
APTUS,279.05,2026-07-27,-8.64,-3.61,5.26,8.09,5.29,-18.72
BIRET,339.01,2026-07-24,-0.58,-0.38,5.26,7.05,1.73,14.82
ASIANHOTNR,311.9,2026-07-27,5.34,-1.47,5.25,4.11,0.84,-12.39
HRHNEXT,27.05,2026-07-24,-6.56,-0.92,5.25,-10.13,-17.53,-31.43
TCIEXP,561.35,2026-07-27,-2.82,-0.8,5.25,7.07,16.72,-19.04
ACCELYA,1160.4,2026-07-27,0.13,2.61,5.22,-1.8,-8.3,-11.89
ENERGYDEV,17.14,2026-07-27,0.59,-0.35,5.22,-0.41,1.12,-15.23
AMDIND,47.57,2026-07-27,3.55,3.66,5.2,4.64,6.92,-6.52
NH,2054.0,2026-07-27,1.39,1.02,5.2,14.98,19.27,3.61
ALICON,678.45,2026-07-27,8.77,6.4,5.18,-2.71,3.18,-25.87
TIJARIA,4.47,2026-07-27,-1.11,2.29,5.18,-3.04,15.8,-42.32
SOUTHWEST,235.31,2026-07-27,-0.25,5.04,5.17,0.16,29.54,65.57
EQUITASBNK,79.0,2026-07-27,-0.35,-4.9,5.14,17.32,13.34,29.04
FONEBOX,82.0,2026-07-24,6.98,10.44,5.13,28.12,0.43,-13.5
BAJAJHCARE,319.65,2026-07-27,-17.31,-6.85,5.13,-3.66,-3.86,-37.94
MOHEALTH,51.54,2026-07-27,0.55,1.58,5.1,14.3,23.21,12.46
NRAIL,478.6,2026-07-27,11.68,7.01,5.09,-2.75,12.9,39.03
VSSL,297.3,2026-07-27,-3.72,0.71,5.09,8.91,17.88,16.51
EMUDHRA,463.15,2026-07-27,1.07,1.53,5.08,-5.52,-8.8,-43.8
UCL,186.45,2026-07-24,8.09,-1.95,5.07,61.36,258.56,305.33
APOLLOPIPE,505.35,2026-07-27,2.43,-1.04,5.06,14.75,83.95,20.13
CENTURYPLY,792.65,2026-07-27,-0.47,0.41,5.05,0.15,7.85,6.81
IGPL,472.75,2026-07-27,10.26,8.87,5.04,9.26,27.0,-0.26
PRAENG,22.11,2026-07-27,9.02,13.91,5.04,-5.51,1.7,9.24
SUBEXLTD,12.31,2026-07-27,-4.8,-9.02,5.03,30.96,37.08,-9.55
HAVELLS,1237.4,2026-07-27,3.09,4.97,5.02,-2.4,-3.52,-18.13
DHAMPURSUG,143.61,2026-07-27,-1.24,-0.25,5.02,0.76,26.05,0.12
GFSTEELS,14.29,2026-07-24,0.0,0.0,5.0,15.61,27.02,46.87
HARRMALAYA,214.89,2026-07-27,-1.17,-2.87,4.98,-5.42,34.99,0.73
KNAGRI,221.46,2026-07-27,12.98,7.04,4.97,15.39,31.14,-13.44
BIOCON,436.25,2026-07-27,-0.06,6.16,4.96,20.66,19.58,10.81
KOLTEPATIL,386.6,2026-07-27,3.11,-0.23,4.95,1.31,6.88,-13.14
SUNFLAG,362.15,2026-07-27,3.15,5.26,4.93,22.33,50.96,27.72
KUANTUM,80.17,2026-07-27,6.77,4.2,4.91,-1.47,-9.05,-37.32
SUPRAJIT,491.4,2026-07-27,0.05,-1.28,4.91,15.83,19.95,6.1
UNIVAFOODS,8.99,2026-07-24,0.0,0.0,4.9,9.63,-22.63,-27.03
MINDSPACE,484.59,2026-07-24,-2.11,-0.9,4.89,4.71,1.49,21.69
VIVO,77.35,2026-07-24,0.0,0.0,4.88,1.78,1.78,20.86
OBEROIRLTY,1832.6,2026-07-27,-2.56,-4.71,4.88,6.59,25.16,8.44
GLAND,2427.1,2026-07-27,-1.3,-1.39,4.85,36.7,44.82,21.37
NGIL,39.04,2026-07-27,-2.35,-0.51,4.83,2.23,42.69,33.2
KSHINTL,885.1,2026-07-27,-0.98,1.1,4.82,30.09,153.47,
MARINETRAN,14.15,2026-07-24,0.0,0.0,4.81,-16.02,-13.72,-12.11
RSL,134.33,2026-07-27,4.93,4.28,4.81,0.69,,
PROTEAN,625.75,2026-07-27,6.84,4.46,4.8,15.26,3.07,-20.57
ABB,7327.5,2026-07-27,-2.52,7.65,4.78,-0.98,56.29,30.63
WELENT,596.8,2026-07-27,-4.6,-2.95,4.77,14.6,29.48,20.49
HDFCGROWTH,117.96,2026-07-27,1.46,2.17,4.74,2.81,-6.45,-0.46
PRITIKAUTO,17.96,2026-07-27,-0.17,-6.7,4.72,34.94,38.26,0.0
STEELCAS,311.45,2026-07-27,2.26,0.87,4.71,5.2,65.44,33.88
DMCC,271.05,2026-07-27,1.61,3.0,4.71,-4.97,29.32,-11.94
TASTYBITE,8873.5,2026-07-27,0.94,-0.99,4.67,26.88,30.55,-17.71
ELLEN,282.45,2026-07-27,-1.67,-4.59,4.67,-0.19,13.46,-49.83
ASTRAMICRO,1801.8,2026-07-27,2.9,4.77,4.65,58.28,95.52,85.17
SHREECEM,26860.0,2026-07-27,0.04,1.93,4.64,7.18,-1.07,-12.74
ADFFOODS,314.4,2026-07-27,4.63,-1.58,4.63,17.57,81.38,17.34
ROSSTECH,975.65,2026-07-27,-0.3,-4.84,4.63,-1.67,53.34,68.06
SHIVAMAUTO,17.4,2026-07-27,1.87,-7.74,4.63,-9.09,-7.35,-43.1
SONATSOFTW,293.35,2026-07-27,-5.31,-5.92,4.61,14.41,-4.26,-27.18
SIGACHI,25.94,2026-07-27,1.65,12.2,4.6,23.35,32.28,-33.44
EPIGRAL,1157.0,2026-07-27,6.81,8.28,4.59,-5.67,10.04,-37.12
VISHNU,636.3,2026-07-27,-0.59,5.73,4.59,7.77,26.19,27.8
CAPLIPOINT,2621.4,2026-07-27,-1.05,0.2,4.59,49.15,51.77,29.12
ASHAPURMIN,702.1,2026-07-27,1.98,-0.2,4.59,12.84,9.93,28.51
IVALUE,288.9,2026-07-27,-3.13,-6.54,4.59,7.96,28.83,
DAMCAPITAL,156.86,2026-07-27,-3.68,-3.15,4.57,-3.9,-7.47,-33.69
PATELRMART,222.21,2026-07-27,3.23,-2.19,4.54,1.79,18.46,
INDIQUBE,177.51,2026-07-27,8.72,1.41,4.53,0.67,-4.61,
SIGNATURE,790.8,2026-07-27,-1.07,-6.58,4.53,-8.76,-3.91,-33.27
EXICOM,165.2,2026-07-27,-1.8,-1.87,4.51,39.42,68.95,0.78
KRN,1244.6,2026-07-27,-1.95,1.65,4.5,-6.3,107.5,47.81
INDIANCARD,224.6,2026-07-27,0.71,-2.31,4.48,7.39,3.4,-27.28
VOGL,34.84,2026-07-27,-2.0,-10.6,4.47,,,
BANKA,94.12,2026-07-27,5.46,2.29,4.47,32.54,50.09,2.55
LTF,312.25,2026-07-27,2.09,-3.83,4.43,9.62,10.59,53.95
5PAISA,369.25,2026-07-27,-2.26,-0.39,4.43,8.88,8.09,-3.82
KEL,81.45,2026-07-24,3.1,2.58,4.42,3.1,-10.3,-26.62
VHLTD,134.09,2026-07-27,2.03,3.95,4.42,-3.73,-5.34,27.43
AGARWALFT,39.45,2026-07-24,0.0,-4.94,4.37,5.2,25.24,-34.2
360ONE,1132.7,2026-07-27,0.55,1.31,4.36,8.7,2.3,6.23
DEEPAKFERT,1634.5,2026-07-27,1.83,8.0,4.35,31.77,41.33,7.31
SKIL,0.96,2026-07-27,4.35,9.09,4.35,4.35,-27.82,-55.96
MAHSCOOTER,12986.0,2026-07-27,-0.14,-1.99,4.34,4.91,0.82,-9.93
EMAMILTD,414.1,2026-07-27,2.21,-3.08,4.32,-10.29,-15.5,-26.58
SEJALLTD,772.45,2026-07-27,5.42,3.58,4.31,-4.04,17.54,63.15
IDEAFORGE,860.25,2026-07-27,0.34,-5.21,4.3,56.44,111.05,82.33
AARTIIND,486.1,2026-07-27,-1.88,0.37,4.3,-0.54,38.83,13.28
EPL,239.06,2026-07-27,-0.29,0.94,4.29,4.24,25.11,8.2
PHARMABEES,26.72,2026-07-27,-0.19,1.25,4.25,12.36,19.61,15.27
BHARTIARTL,1905.3,2026-07-27,-0.56,1.44,4.25,6.0,-2.24,-0.44
SRGHFL,309.1,2026-07-27,1.34,1.31,4.25,10.16,12.4,-1.58
ASTERDM,801.5,2026-07-27,-1.67,-1.64,4.22,11.35,45.26,38.45
ASIANENE,383.8,2026-07-27,7.93,12.95,4.21,22.24,64.05,34.98
SEDEMAC,2778.3,2026-07-27,3.75,2.16,4.2,46.88,,
ICICIBANK,1445.7,2026-07-27,-0.99,2.57,4.19,10.01,6.19,-1.37
JSL,724.0,2026-07-27,-0.92,2.94,4.17,-6.02,-10.51,10.78
NORTHARC,300.1,2026-07-27,-1.7,-7.65,4.17,13.99,15.11,19.0
COMMITTED,339.0,2026-07-24,3.16,0.3,4.16,35.6,71.3,47.69
ABREL,1400.2,2026-07-27,-2.89,-2.36,4.15,-4.5,10.54,-30.27
CCAVENUE,16.73,2026-07-27,-2.9,-8.13,4.11,19.07,7.31,4.24
PNCINFRA,241.85,2026-07-27,-2.0,-2.27,4.11,10.95,14.3,-20.29
XPROINDIA,1394.1,2026-07-27,0.5,-2.26,4.09,36.1,40.24,17.91
SMSPHARMA,391.9,2026-07-27,1.94,-1.98,4.08,-1.94,30.87,65.48
DIFFNKG,404.05,2026-07-27,4.64,2.02,4.06,31.01,59.58,19.68
UPL,608.5,2026-07-27,0.4,3.83,4.05,-3.93,-14.26,-14.93
GENUSPAPER,12.59,2026-07-27,13.63,6.42,4.05,-8.5,6.79,-32.92
SANSERA,3273.0,2026-07-27,-1.86,-0.25,4.03,25.77,98.79,141.89
ASPINWALL,246.9,2026-07-27,-1.83,0.78,4.03,10.7,17.84,-14.41
MAHICKRA,257.95,2026-07-24,4.96,7.48,4.01,13.21,56.67,92.62
CMNL,105.0,2026-07-24,9.26,7.2,4.01,-22.22,-3.45,-26.57
TBOTEK,1519.2,2026-07-27,5.16,1.0,4.0,19.75,7.99,10.83
MARICO,858.65,2026-07-27,0.39,1.41,3.98,9.1,15.13,24.97
DEEPAKNTR,1678.9,2026-07-27,-0.19,1.16,3.96,0.1,8.43,-10.99
UNIINFO,12.35,2026-07-27,0.08,1.73,3.96,-13.27,-16.27,-40.45
RITES,217.15,2026-07-27,-1.27,-4.19,3.96,-2.35,0.47,-15.31
NXST,166.28,2026-07-24,-0.75,1.35,3.96,9.17,7.5,18.51
MANDEEP,19.95,2026-07-24,-0.99,3.37,3.91,-12.88,-2.21,-23.42
INDOSTAR,268.5,2026-07-27,0.69,-0.32,3.9,36.49,21.32,-8.27
CSBBANK,337.25,2026-07-27,-6.57,-7.08,3.9,-14.96,-32.51,-21.04
MICROPRO,20.0,2026-07-24,2.83,6.38,3.9,4.99,4.71,-10.11
TVSSCS,136.62,2026-07-27,0.35,-1.02,3.9,18.94,43.49,7.08
SKP,159.0,2026-07-24,2.22,7.07,3.89,7.07,2.55,-24.28
SPLPETRO,760.9,2026-07-27,7.88,4.7,3.89,-0.41,51.99,-3.53
PROLIFE,75.0,2026-07-24,0.0,-5.72,3.88,9.17,21.07,-49.88
SAHYADRI,292.25,2026-07-27,3.25,4.88,3.86,15.83,23.97,-4.17
ICICIPRULI,509.8,2026-07-27,2.29,-1.9,3.82,-1.55,-20.55,-17.32
EBGNG,587.3,2026-07-27,5.18,-3.49,3.81,52.47,142.14,
MERCURYEV,35.92,2026-07-27,1.7,-0.03,3.79,,,
ANTHEM,790.55,2026-07-27,-0.13,5.74,3.79,2.97,33.8,4.66
INDIACEM,398.35,2026-07-27,1.49,4.38,3.78,-8.45,-12.25,10.93
GODREJCP,1073.7,2026-07-27,0.84,0.47,3.78,-0.94,-7.68,-10.19
SPECIALITY,132.03,2026-07-27,-2.55,6.43,3.76,32.22,27.25,0.05
GULPOLY,197.74,2026-07-27,8.32,2.9,3.75,10.21,54.58,16.59
ADROITINFO,9.15,2026-07-27,-0.87,1.78,3.74,-8.13,-2.76,-13.76
SAPPHIRE,187.09,2026-07-27,3.28,0.06,3.73,6.34,2.91,-43.5
IMPEXFERRO,2.5,2026-07-27,4.6,9.65,3.73,51.52,43.68,19.62
GOLDIETF,122.93,2026-07-27,1.54,1.54,3.69,-4.39,-9.82,45.02
PAR,94.35,2026-07-27,-8.01,2.91,3.68,3.53,5.7,-14.37
UNIVCABLES,1256.2,2026-07-27,5.0,8.3,3.68,46.8,88.42,70.02
RAINBOW,1483.5,2026-07-27,-0.36,0.24,3.66,18.54,25.11,-4.46
CHEVIOT,1161.1,2026-07-27,3.24,3.36,3.65,4.14,16.9,-1.36
MAWANASUG,109.44,2026-07-27,-2.33,-2.42,3.65,8.15,44.75,17.2
INFY,1079.2,2026-07-27,-0.73,-2.12,3.65,-5.79,-34.48,-26.14
MANKIND,2551.6,2026-07-27,-0.55,1.76,3.63,12.47,21.84,-1.95
IRBINVIT,63.01,2026-07-24,1.43,2.01,3.62,4.83,6.83,12.24
BHEL,415.95,2026-07-27,-0.37,2.0,3.62,19.71,68.47,74.13
NESTLEIND,1446.1,2026-07-27,-0.01,1.34,3.6,2.52,12.09,28.45
NEPHROPLUS,681.65,2026-07-27,8.4,6.36,3.6,26.55,33.16,
CONSUMER,11.8,2026-07-27,-0.08,-0.17,3.6,6.79,8.66,0.85
LUPIN,2410.0,2026-07-27,-2.76,-2.61,3.58,4.43,12.88,24.42
RPPL,21.69,2026-07-27,-1.59,-3.9,3.58,35.22,36.5,-15.04
GRAPHISAD,29.0,2026-07-24,5.45,5.45,3.57,-17.73,-42.0,-29.27
GOLDADD,139.37,2026-07-27,1.41,1.41,3.57,-4.5,-9.96,44.94
PILITA,8.73,2026-07-27,-2.89,-3.96,3.56,9.54,4.05,-40.21
BEDMUTHA,112.18,2026-07-27,4.84,2.0,3.55,0.16,-2.03,-22.19
IFBIND,1323.8,2026-07-27,-1.48,-7.0,3.55,11.3,20.93,-5.0
QFIL,61.5,2026-07-24,2.5,2.5,3.54,54.14,6.03,-12.64
GRAUWEIL,75.32,2026-07-27,-0.38,-5.72,3.53,4.08,-34.84,-34.84
MAYURUNIQ,817.65,2026-07-27,2.91,-4.39,3.52,44.26,59.32,39.41
PNB,111.62,2026-07-27,-0.13,4.97,3.48,0.87,-6.58,5.95
HEALTHY,16.97,2026-07-27,0.06,0.83,3.48,10.92,18.67,11.94
BRIGADE,543.45,2026-07-27,-3.61,-4.61,3.47,-7.9,-1.8,-31.31
ALKEM,5613.0,2026-07-27,-0.72,0.83,3.47,5.03,-1.66,13.08
EXCELSOFT,77.47,2026-07-27,1.53,-3.08,3.47,-16.7,9.02,
GOLD1,119.7,2026-07-27,1.41,1.37,3.46,-4.45,-9.59,44.79
HEALTHCARE,21.33,2026-07-27,-0.09,0.8,3.44,11.79,,
QUALITY30,20.78,2026-07-27,1.27,1.96,3.43,1.81,-1.56,-0.34
ORBTEXP,244.07,2026-07-27,10.78,3.56,3.43,46.52,41.74,-1.41
RGL,118.04,2026-07-27,-1.49,-1.16,3.41,14.1,10.64,3.81
FLEXIADD,10.02,2026-07-27,0.5,0.8,3.41,3.3,-4.3,
ULTRACEMCO,11881.0,2026-07-27,-0.18,2.68,3.41,-1.07,-5.62,-3.01
IVZINGOLD,125.0,2026-07-27,1.46,1.63,3.39,-4.49,-99.1,-98.55
HDFCGOLD,122.57,2026-07-27,1.47,1.52,3.39,-4.51,-9.68,44.71
GOLDCASE,22.56,2026-07-27,1.53,1.35,3.39,-4.53,-9.8,44.34
SETFGOLD,122.35,2026-07-27,1.46,1.39,3.39,-4.51,-9.66,44.6
ADVENTHTL,149.47,2026-07-27,0.68,-1.32,3.39,-4.31,-13.85,
GARFIBRES,753.0,2026-07-27,-2.73,1.84,3.38,19.26,24.58,-15.22
IMFA,1371.8,2026-07-27,1.85,-2.01,3.38,-9.86,20.95,85.99
BCLIND,35.3,2026-07-27,0.17,-5.01,3.37,3.13,30.45,-20.26
HNGSNGBEES,488.21,2026-07-27,0.69,1.31,3.36,-7.18,-11.03,14.81
CHALET,846.5,2026-07-27,-1.11,-0.15,3.36,6.93,3.42,-7.83
UNIDT,226.07,2026-07-27,0.93,-0.02,3.36,6.7,21.71,4.89
ANSALAPI,3.09,2026-07-27,9.19,19.77,3.34,-16.71,1.31,-46.17
QGOLDHALF,118.91,2026-07-27,1.47,1.45,3.32,-4.6,-9.64,45.1
ELPROINTL,177.89,2026-07-27,1.73,2.35,3.31,55.85,,
MINDACORP,692.55,2026-07-27,2.41,-1.68,3.3,31.46,28.44,35.93
CHEMFAB,377.0,2026-07-27,1.07,1.33,3.29,-4.39,-3.41,-51.14
RADIOWALLA,28.25,2026-07-24,-3.91,14.6,3.29,-20.08,-51.87,-56.13
GOLDBETA,120.75,2026-07-27,1.6,1.39,3.29,-4.47,-9.62,45.13
HNDFDS,578.15,2026-07-27,0.91,1.2,3.29,17.7,27.5,5.36
HIKAL,221.98,2026-07-27,-2.32,-9.65,3.28,17.36,14.71,-32.86
SILVERBETA,215.47,2026-07-27,2.61,2.84,3.27,-7.47,-33.47,92.18
BAJAJHLDNG,10810.0,2026-07-27,4.96,0.54,3.26,5.91,3.16,-20.6
GMMPFAUDLR,830.75,2026-07-27,3.52,7.33,3.26,-9.22,-15.22,-36.8
GOLDBND,143.05,2026-07-27,1.11,1.11,3.26,-4.75,,
JAMNAAUTO,135.06,2026-07-27,0.45,-0.22,3.26,8.47,16.55,47.44
IXIGO,195.99,2026-07-27,-1.98,-6.86,3.25,15.57,-11.56,-10.87
TIL,214.06,2026-07-27,-3.19,-0.4,3.23,6.32,-3.94,-38.81
PNBHOUSING,1078.5,2026-07-27,-1.81,-3.9,3.23,3.01,30.66,7.28
SBICARD,645.0,2026-07-27,0.01,4.25,3.22,-3.83,-16.05,-27.15
HDFCSILVER,213.09,2026-07-27,2.31,2.64,3.22,-7.65,-33.96,92.16
GOLDETF,139.4,2026-07-27,1.42,1.23,3.22,-4.4,-9.63,44.58
MAFANG,192.54,2026-07-27,-3.09,-2.06,3.2,8.63,17.07,26.26
TATAGOLD,13.93,2026-07-27,1.46,1.31,3.19,-4.39,-9.6,44.65
BSLGOLDETF,126.09,2026-07-27,1.55,1.32,3.19,-4.56,-9.62,44.91
WIPRO,178.53,2026-07-27,2.37,1.2,3.18,-11.94,-23.1,-27.13
SDBL,72.07,2026-07-27,-6.26,7.15,3.18,-20.94,-17.32,-54.23
GOLDBEES,118.62,2026-07-27,1.52,1.43,3.18,-4.53,-9.76,44.48
ANUHPHR,80.68,2026-07-27,0.09,2.42,3.17,-2.23,13.6,-17.23
LAOPALA,185.87,2026-07-27,0.0,2.01,3.16,3.09,-2.32,-31.55
HEALTHIETF,168.86,2026-07-27,-0.31,1.11,3.16,10.66,18.12,11.33
SBIETFQLTY,222.01,2026-07-27,0.77,1.23,3.15,1.53,-2.44,1.91
SILVERAG,216.8,2026-07-27,2.39,2.63,3.15,-7.73,-33.52,92.39
ADVANCE,113.6,2026-07-27,0.44,-0.06,3.15,-1.54,-11.22,
SUNDRMFAST,958.3,2026-07-27,0.28,-0.28,3.15,17.64,6.13,-3.67
SUNDROP,682.55,2026-07-27,7.46,7.09,3.14,4.32,8.95,-22.11
TAINWALCHM,204.11,2026-07-27,-3.64,-12.02,3.14,-2.27,21.49,-15.88
APLAPOLLO,1849.9,2026-07-27,1.96,1.16,3.14,-6.93,-10.23,20.3
JKCEMENT,5730.0,2026-07-27,5.08,6.87,3.13,2.58,4.98,-11.23
CONS,12.24,2026-07-27,1.41,2.34,3.12,4.17,-89.57,-89.78
SILVERBEES,213.01,2026-07-27,2.46,2.68,3.12,-7.68,-32.98,92.46
ENFUSE,165.0,2026-07-24,0.33,-3.06,3.12,-13.16,-19.51,-25.34
BAJAJELEC,329.4,2026-07-27,-1.45,-1.24,3.11,-16.32,-14.03,-48.27
SILVERCASE,22.56,2026-07-27,2.45,2.59,3.11,-7.88,-33.43,92.66
INNOVACAP,970.4,2026-07-27,-0.29,-2.97,3.09,35.14,38.85,7.51
SARLAPOLY,100.58,2026-07-27,2.69,-3.2,3.09,13.86,26.17,-10.31
ATULAUTO,482.25,2026-07-27,0.27,-1.04,3.09,-1.89,24.08,5.4
AWL,187.64,2026-07-27,-0.91,-0.92,3.08,-8.41,-9.14,-30.18
DYNAMATECH,10546.0,2026-07-27,2.54,1.33,3.07,-15.07,33.03,50.55
PURVA,219.45,2026-07-27,-0.13,-11.65,3.04,0.52,-1.85,-20.01
SBISILVER,218.31,2026-07-27,2.42,2.63,3.04,-7.56,-33.28,92.16
UNIONGOLD,140.65,2026-07-27,1.55,1.74,3.04,-4.38,-9.32,43.96
QUAL30IETF,21.1,2026-07-27,0.76,1.1,3.03,1.54,-2.22,1.88
HINDCOMPOS,423.95,2026-07-27,-3.92,-3.05,3.01,-9.53,4.61,-12.05
MOGOLD,141.85,2026-07-27,1.39,1.18,3.01,-4.41,-9.07,
IITL,132.59,2026-07-27,3.47,5.78,3.01,-16.5,-8.13,-20.17
KIRANVYPAR,201.0,2026-07-27,3.53,3.59,3.0,0.37,,
NIFTYQLITY,21.34,2026-07-27,0.85,1.28,2.99,1.52,-2.07,2.06
TI,446.7,2026-07-27,0.87,-0.94,2.97,-3.38,11.11,-10.0
ROUTE,540.6,2026-07-27,-3.84,-7.25,2.97,1.69,-5.39,-40.93
CHEMICAL,30.54,2026-07-27,0.07,3.04,2.97,8.22,11.83,
AFFLE,1492.8,2026-07-27,-1.68,-3.02,2.97,2.81,-2.95,-17.14
MODINATUR,411.65,2026-07-27,0.22,1.73,2.95,9.76,23.67,
GROWWSLVR,21.81,2026-07-27,2.3,2.59,2.93,-7.66,-93.48,-80.82
APOLLOHOSP,8843.5,2026-07-27,-0.69,0.69,2.93,13.02,30.35,18.72
ADL,70.2,2026-07-27,-2.84,1.72,2.93,-6.47,-1.07,-20.05
TATSILV,21.63,2026-07-27,2.46,2.61,2.9,-7.76,-33.49,92.95
ORIENTBELL,327.2,2026-07-27,5.29,2.11,2.9,15.27,15.56,7.02
SHIGAN,67.4,2026-07-24,6.73,7.84,2.9,-6.39,30.87,-17.27
KESORAMIND,11.45,2026-07-27,-1.55,8.43,2.88,10.95,17.08,94.73
BANARISUG,3475.1,2026-07-27,-0.07,-0.86,2.88,-3.68,-3.5,-7.53
SILVERBND,223.55,2026-07-27,2.2,2.63,2.88,-6.83,,
AUTOIETF,28.6,2026-07-27,2.44,2.62,2.88,6.52,4.99,16.93
CARERATING,1700.6,2026-07-27,1.75,1.42,2.87,8.07,7.89,-1.43
DURLAX,50.2,2026-07-24,8.07,3.51,2.87,-1.47,34.58,9.37
AUTOBEES,285.24,2026-07-27,2.24,2.29,2.87,6.38,4.55,17.11
GILLETTE,7940.5,2026-07-27,1.59,0.76,2.87,-3.06,2.76,-23.73
MARKSANS,263.4,2026-07-27,-1.33,-2.19,2.86,37.1,63.42,16.06
DIAMINESQ,247.84,2026-07-27,-1.78,-8.41,2.86,-9.94,-2.88,-35.15
DEVYANI,116.06,2026-07-27,4.63,1.86,2.85,3.88,3.89,-32.43
ESILVER,222.69,2026-07-27,2.32,2.83,2.85,-7.55,-33.56,92.52
SURANASOL,27.9,2026-07-27,6.45,10.76,2.84,-0.32,15.77,-15.68
M&M,3238.6,2026-07-27,2.31,2.47,2.84,5.49,-3.56,0.81
PTCIL,17923.0,2026-07-27,-0.59,1.33,2.83,10.77,3.24,22.52
SHREYANIND,143.0,2026-07-27,5.12,3.64,2.83,-16.32,-11.56,-38.59
HDFCQUAL,58.07,2026-07-27,0.83,1.5,2.82,1.45,-4.55,2.52
BRITANNIA,5384.5,2026-07-27,-1.56,0.67,2.82,-5.82,-8.52,-2.48
GROWWCHEM,30.36,2026-07-27,-0.75,2.02,2.81,7.62,11.32,
DENTA,333.85,2026-07-27,-2.02,-3.5,2.8,18.79,29.5,1.87
EGOLD,143.4,2026-07-27,1.45,1.2,2.8,-4.34,-9.56,44.41
MOIPO,46.09,2026-07-27,-1.07,-1.83,2.79,4.82,10.63,
FIDEL,152.0,2026-07-24,0.5,4.95,2.78,10.12,17.51,-18.43
BFINVEST,460.1,2026-07-27,-2.57,-14.04,2.78,12.18,29.37,-3.02
XCHANGING,64.19,2026-07-27,-1.05,-2.8,2.77,-4.31,-7.64,-29.31
SSFL,249.0,2026-07-24,-9.54,-4.41,2.77,130.66,150.13,38.03
SILVER360,218.77,2026-07-27,2.35,2.35,2.76,-7.73,-32.81,92.14
PCBL,326.15,2026-07-27,0.18,0.8,2.76,11.92,25.66,-14.58
MARKOLINES,178.36,2026-07-27,3.34,5.53,2.75,16.48,33.42,
SUPERSPIN,5.61,2026-07-27,9.14,12.2,2.75,3.7,-30.4,-43.62
SILVERIETF,222.24,2026-07-27,2.46,2.65,2.74,-7.57,-33.25,92.85
JAGSNPHARM,229.61,2026-07-27,2.95,-0.2,2.73,12.74,40.19,-11.9
SAKAR,830.0,2026-07-27,-7.65,-3.88,2.72,32.53,119.84,128.87
SGIL,599.75,2026-07-27,-1.74,1.58,2.71,10.82,17.12,8.52
SAGCEM,183.15,2026-07-27,0.95,2.47,2.71,-1.43,-0.49,-24.32
NIITMTS,233.57,2026-07-27,-0.6,-8.44,2.7,-26.31,-38.69,-28.82
HSBCGOLD,125.42,2026-07-27,2.24,1.46,2.69,-4.26,,
TEXINFRA,113.2,2026-07-27,-0.71,-0.7,2.69,16.87,22.01,15.13
STYLAMIND,3415.2,2026-07-27,0.03,5.23,2.68,52.49,55.74,81.56
SILVER,222.16,2026-07-27,2.37,2.51,2.68,-7.59,-33.3,92.56
AGI,707.15,2026-07-27,1.65,1.3,2.68,25.18,7.77,-23.89
GLOBUSSPR,889.45,2026-07-27,-3.01,-5.03,2.65,-17.67,-4.13,-28.4
AONEGOLD,13.38,2026-07-27,1.53,1.35,2.65,-4.61,-9.48,
BLUEDART,5114.2,2026-07-27,4.73,3.41,2.65,-5.67,-4.58,-23.96
MIDSELIETF,19.45,2026-07-27,0.21,0.05,2.64,7.46,11.08,11.72
SAKSOFT,164.69,2026-07-27,-7.3,-10.99,2.64,14.02,-2.83,-23.62
RPTECH,801.45,2026-07-27,5.91,2.97,2.63,69.69,139.49,173.26
MSUMI,41.74,2026-07-27,5.19,4.45,2.63,3.03,0.23,4.58
SELECTIPO,46.09,2026-07-27,-0.97,-1.94,2.63,5.23,10.96,-6.35
SHRADHA,34.86,2026-07-27,-6.72,17.69,2.62,-12.41,-11.46,-48.57
TWCGOLDETF,143.17,2026-07-27,1.35,1.7,2.61,-4.26,,
SBIETFCON,122.62,2026-07-27,1.17,2.07,2.61,3.84,4.03,2.3
NATCOPHARM,927.1,2026-07-27,-2.48,-5.39,2.59,-14.94,14.05,-3.63
STARHEALTH,592.05,2026-07-27,1.87,-1.28,2.59,14.83,39.24,39.27
JYOTHYLAB,201.98,2026-07-27,0.45,0.66,2.58,-23.42,-16.52,-38.6
LICMFGOLD,129.05,2026-07-27,1.18,0.98,2.58,-4.37,-99.1,-98.56
20MICRONS,204.0,2026-07-27,-1.1,1.38,2.58,15.02,21.63,-23.57
BI,58.46,2026-07-27,-5.74,-8.67,2.58,-4.87,,
ALPL30IETF,27.97,2026-07-27,0.14,0.97,2.57,5.03,2.64,2.34
AONESILVER,8.52,2026-07-27,2.92,2.72,2.57,-7.83,,
ORCHPHARMA,987.95,2026-07-27,-5.6,-1.93,2.56,68.81,40.0,39.07
CONSUMBEES,132.26,2026-07-27,1.19,2.01,2.56,4.06,3.95,2.21
SCODATUBES,147.73,2026-07-27,1.77,-4.39,2.55,-1.82,13.44,-23.56
BMWVENTLTD,59.34,2026-07-27,3.92,1.31,2.54,-9.11,9.25,
TEXRAIL,112.77,2026-07-27,-1.82,-3.77,2.52,5.24,-5.07,-25.86
NIVABUPA,86.92,2026-07-27,0.98,-1.33,2.51,12.77,13.06,3.56
LOWVOL,208.11,2026-07-27,0.49,1.15,2.5,3.27,-0.76,2.43
CTE,31.96,2026-07-27,3.77,5.17,2.5,4.44,-5.69,-28.02
ZENITHEXPO,205.0,2026-07-27,5.09,1.99,2.48,-7.77,9.67,-11.49
SIEMENS,3718.0,2026-07-27,1.08,6.91,2.48,-3.58,28.47,22.38
PENINLAND,16.09,2026-07-27,-7.63,-16.42,2.48,-14.96,-17.1,-57.78
LANCORHOL,25.3,2026-07-27,2.47,-9.87,2.47,5.81,-4.09,21.78
ABCAPITAL,400.45,2026-07-27,-0.17,-1.72,2.47,16.9,14.78,53.81
GEMAROMA,189.37,2026-07-27,2.43,-4.01,2.46,13.49,24.84,
ASIANPAINT,2710.2,2026-07-27,0.7,2.19,2.46,10.0,4.23,17.2
BBTCL,219.33,2026-07-27,3.53,2.28,2.46,9.24,16.6,10.1
SHARIABEES,460.4,2026-07-27,0.26,0.77,2.45,-1.25,-11.39,-6.77
MOBIKWIK,205.56,2026-07-27,-4.0,-8.76,2.45,-8.63,6.58,-19.88
GROWWLOVOL,10.5,2026-07-27,0.57,1.25,2.44,1.55,0.79,5.02
BBNPPGOLD,138.6,2026-07-27,1.39,1.46,2.4,-4.91,-9.71,44.0
CONSUMIETF,123.07,2026-07-27,1.23,1.9,2.4,4.31,3.91,1.96
COFORGE,1528.4,2026-07-27,1.39,-0.81,2.38,27.11,-7.95,-8.87
ARIHANTSUP,260.65,2026-07-27,-0.59,-0.86,2.38,-9.21,-3.61,-38.0
TRIGYN,53.41,2026-07-27,-0.71,-9.31,2.38,-8.47,-4.27,-34.32
EMCURE,1924.8,2026-07-27,3.42,7.33,2.37,17.51,29.65,37.01
SILVER1,21.57,2026-07-27,2.18,2.62,2.37,-7.66,-93.34,-77.43
CHOICEGOLD,142.25,2026-07-27,1.27,1.42,2.36,-4.53,-9.65,
SML100CASE,10.87,2026-07-27,-0.91,-1.9,2.35,7.26,17.23,
BASF,3738.4,2026-07-27,1.4,6.11,2.35,2.56,5.31,-25.6
ONGC,238.56,2026-07-27,-4.42,-3.98,2.34,-16.56,-1.52,4.65
MIDCAP,18.35,2026-07-27,-0.65,-0.49,2.34,5.89,-88.5,-88.5
ZENITHSTL,5.72,2026-07-27,6.52,3.81,2.33,-12.14,18.18,-35.37
DVL,241.21,2026-07-27,-1.46,-1.05,2.33,-1.04,-4.06,-31.36
ASTRON,3.99,2026-07-27,6.68,6.12,2.31,-9.73,-15.64,-74.14
LOWVOL1,21.25,2026-07-27,0.33,0.47,2.31,2.91,-0.28,2.96
DEEDEV,682.65,2026-07-27,-1.83,1.49,2.3,61.0,269.44,128.58
ATUL,6789.5,2026-07-27,11.46,8.92,2.29,1.84,16.84,2.34
LOWVOLIETF,22.29,2026-07-27,0.32,0.77,2.29,3.1,-0.85,2.01
CMPDI,253.45,2026-07-27,0.41,-2.74,2.28,40.99,,
UNOMINDA,1162.4,2026-07-27,0.69,0.88,2.28,2.94,1.75,7.37
SUTLEJTEX,38.13,2026-07-27,-2.36,0.87,2.28,-1.47,39.67,-13.95
VIKRAN,71.83,2026-07-27,-0.73,-4.34,2.26,-2.21,-17.38,
EICHERMOT,7769.5,2026-07-27,2.72,6.48,2.26,8.3,8.44,44.86
HINDZINC,529.65,2026-07-27,1.34,-0.55,2.24,-14.12,-25.84,22.8
PPL,268.6,2026-07-27,5.23,-1.63,2.23,24.65,41.21,-27.72
HDFCLOWVOL,20.73,2026-07-27,0.29,0.44,2.22,2.57,-1.0,2.17
APOLLO,392.95,2026-07-27,0.04,-2.46,2.22,30.47,71.07,128.78
EMBASSY,437.98,2026-07-24,-2.52,-1.23,2.21,2.72,3.56,15.08
WTICAB,118.15,2026-07-24,-8.83,-6.34,2.21,17.27,-0.13,-37.9
GHCL,438.6,2026-07-27,0.94,-1.59,2.21,-12.26,-13.86,-25.55
DCBBANK,190.26,2026-07-27,0.22,-1.03,2.21,0.49,-3.89,39.15
GODREJAGRO,574.35,2026-07-27,0.43,1.58,2.19,-5.07,11.03,-30.64
TOP20,8.86,2026-07-27,0.45,0.57,2.19,1.26,,
NAVNETEDUL,144.54,2026-07-27,-2.05,-3.98,2.18,0.58,7.34,-0.91
LUXIND,1246.6,2026-07-27,-2.57,-4.77,2.18,-24.78,41.29,-11.45
ALIVUS,1132.5,2026-07-27,0.02,-2.37,2.18,8.38,27.51,10.71
GSEC10YEAR,30.6,2026-07-27,0.82,0.59,2.17,3.13,3.69,4.47
ROSSELLIND,58.89,2026-07-27,-5.66,3.61,2.17,5.46,43.04,-13.74
NATIONALUM,339.35,2026-07-27,-1.04,-4.46,2.17,-22.67,-10.22,83.14
FDC,417.1,2026-07-27,-0.19,-2.55,2.16,13.64,15.07,-13.65
PIIND,2742.6,2026-07-27,3.21,6.76,2.15,-11.06,-12.99,-32.7
STOVEKRAFT,795.9,2026-07-27,2.33,0.6,2.14,46.67,58.42,39.31
QUADPRO,2.4,2026-07-24,0.0,0.0,2.13,29.73,6.67,-29.41
BESTAGRO,15.91,2026-07-27,2.91,1.92,2.12,-9.55,-27.52,-46.87
JAYNECOIND,87.58,2026-07-27,4.22,-6.76,2.12,-15.83,21.74,108.23
DABUR,427.35,2026-07-27,0.2,-1.37,2.12,-4.23,-15.68,-14.9
GROWWGOLD,14.02,2026-07-27,1.52,1.37,2.11,-4.43,-90.92,-85.57
JUBLPHARMA,979.7,2026-07-27,-3.82,1.24,2.11,3.12,4.89,-16.45
MGEL,16.43,2026-07-27,0.18,-2.49,2.11,19.05,33.77,-3.12
SILVERADD,214.46,2026-07-27,2.37,2.57,2.1,-7.7,-33.64,92.62
RUBFILA,72.34,2026-07-27,-0.88,-2.45,2.1,-3.31,0.46,-12.02
BPCL,316.25,2026-07-27,-0.43,2.83,2.1,1.15,-9.02,1.21
MRF,132020.0,2026-07-27,-0.59,0.74,2.08,0.03,-2.62,-11.36
MASPTOP50,78.09,2026-07-27,-1.97,-1.29,2.07,2.94,11.14,35.06
SURAJEST,195.57,2026-07-27,-1.53,-5.66,2.07,-19.54,-8.72,-38.24
SREEL,222.71,2026-07-27,4.61,5.17,2.06,21.5,4.62,-6.8
PRIVISCL,3623.6,2026-07-27,-1.41,0.05,2.06,11.11,30.33,46.13
ACUTAAS,3367.8,2026-07-27,-7.89,-3.64,2.05,35.0,94.9,191.0
3PLAND,32.29,2026-07-27,1.83,-1.1,2.05,-10.28,-7.03,-31.14
DHUNINV,867.5,2026-07-27,-8.12,-12.97,2.05,-7.37,-11.61,-41.99
MASFIN,318.3,2026-07-27,0.02,-3.71,2.04,-1.12,1.64,-0.13
GOLDIAM,355.75,2026-07-27,3.43,-5.02,2.04,22.71,63.31,38.16
TAPIFRUIT,50.0,2026-07-24,4.82,4.82,2.04,-10.79,-21.88,-32.43
HEIDELBERG,158.06,2026-07-27,-0.9,0.62,2.02,-1.4,-4.63,-23.14
MOSILVER,219.69,2026-07-27,2.31,2.44,2.01,-7.71,-33.74,
BOSCHLTD,41250.0,2026-07-27,0.71,-1.07,2.0,10.81,16.82,10.52
FISCHER,37.7,2026-07-27,-5.56,-1.49,2.0,0.21,9.31,-60.1
BHARATFORG,2181.3,2026-07-27,-1.25,1.66,1.99,15.09,54.42,81.93
ELIN,101.41,2026-07-27,-3.64,2.07,1.99,-18.28,-29.42,-42.0
BODALCHEM,67.6,2026-07-27,2.69,14.11,1.98,0.58,44.35,-9.43
KAJARIACER,1220.0,2026-07-27,-1.79,-1.33,1.96,-1.31,35.35,5.25
PIONRINV,93.26,2026-07-27,-5.82,14.65,1.95,-9.46,,
PIONEEREMB,23.04,2026-07-27,-0.69,-1.62,1.95,-12.4,-5.96,-42.6
GLENMARK,2196.0,2026-07-27,-1.94,-4.58,1.93,-5.55,9.82,2.61
GIPCL,162.58,2026-07-27,-0.36,-2.54,1.91,3.0,17.91,-16.44
AVPINFRA,69.35,2026-07-24,14.72,17.44,1.91,-29.23,-29.23,-62.66
GANDHITUBE,875.85,2026-07-27,1.23,1.75,1.9,3.08,25.56,18.68
FIBERWEB,30.68,2026-07-27,-3.76,-1.76,1.89,-19.96,-6.92,-37.55
MMP,285.05,2026-07-27,0.21,1.19,1.88,11.24,15.85,5.38
MOSCHIP,208.3,2026-07-27,-10.9,-10.54,1.88,0.31,22.31,24.17
TORNTPOWER,1440.0,2026-07-27,0.47,-0.13,1.86,-18.48,11.47,10.14
DOLPHIN,379.15,2026-07-27,0.3,-3.76,1.85,-9.39,-11.36,-14.19
POLYMED,1680.7,2026-07-27,-2.34,1.76,1.85,12.38,10.93,-18.17
HOLMARC,110.0,2026-07-24,0.0,0.0,1.85,22.49,18.28,-14.1
CPCAP,108.33,2026-07-27,-0.19,-2.69,1.84,9.18,5.88,-35.95
DATAPATTNS,4578.9,2026-07-27,14.99,7.46,1.83,15.88,99.74,71.91
CDSL,1329.0,2026-07-27,-4.06,-7.16,1.83,1.29,1.44,-16.27
ALKYLAMINE,1821.5,2026-07-27,-0.52,-4.31,1.83,19.27,17.39,-16.56
INDHOTEL,733.75,2026-07-27,1.2,-0.65,1.82,13.76,13.15,-1.22
AAKASH,9.0,2026-07-27,0.22,-6.15,1.81,9.89,14.8,-9.0
AVANTIFEED,979.55,2026-07-27,-5.28,3.26,1.8,-31.32,26.98,36.23
BEML,1780.1,2026-07-27,0.54,-5.61,1.8,-2.15,8.01,-13.92
DNAMEDIA,2.83,2026-07-27,1.8,0.0,1.8,-4.71,-12.92,-40.17
AMNPLST,195.16,2026-07-27,1.25,-5.65,1.77,17.68,13.71,-14.05
AUBANK,1052.2,2026-07-27,5.93,-0.78,1.77,0.88,9.2,43.47
PENIND,165.16,2026-07-27,-2.36,-4.17,1.76,-5.13,3.52,-33.92
ADVAIT,2314.8,2026-07-27,3.67,5.97,1.76,9.76,68.28,
AUTOIND,89.63,2026-07-27,0.79,-9.35,1.76,34.48,25.09,19.09
ALPHAGEO,202.31,2026-07-27,1.03,1.2,1.76,-7.93,-0.61,-22.03
GROWWHOSPI,54.12,2026-07-27,0.11,-0.04,1.75,10.2,,
POWERGRID,288.85,2026-07-27,0.05,1.0,1.74,-9.99,14.84,2.12
KRISHNADEF,1295.9,2026-07-27,-0.51,-0.68,1.74,19.93,38.4,58.6
DIVIDEND,35.48,2026-07-27,0.08,0.8,1.72,-3.85,,
AMBUJACEM,430.95,2026-07-27,-1.56,-0.28,1.7,-5.95,-18.63,-29.36
JSWSTEEL,1244.6,2026-07-27,-0.99,0.58,1.69,-2.41,2.43,21.9
CHEMPLASTS,206.98,2026-07-27,2.65,3.85,1.68,-12.54,-16.3,-52.89
SHRINGARMS,220.18,2026-07-27,-1.83,-4.72,1.66,8.06,-0.68,
CROWN,112.51,2026-07-27,-0.06,-1.2,1.65,-19.31,1.48,-29.08
AIMTRON,1283.95,2026-07-24,-4.44,-6.35,1.65,29.03,78.91,67.13
ORIENTCEM,136.11,2026-07-27,-1.82,-0.57,1.64,-7.68,-16.02,-45.86
INCREDIBLE,33.44,2026-07-27,3.11,0.36,1.64,-4.32,-5.8,-16.92
ARCHIDPLY,81.45,2026-07-27,0.67,1.56,1.63,4.91,-2.03,-18.83
PIDILITIND,1611.3,2026-07-27,3.65,2.67,1.62,15.98,12.14,12.33
RUDRA,17.68,2026-07-27,3.27,1.9,1.61,-19.49,-10.07,
INDIGRID,179.27,2026-07-24,0.4,-0.14,1.6,6.68,13.75,25.42
KRONOX,155.55,2026-07-27,1.42,3.22,1.59,21.09,27.18,-13.93
SAKHTISUG,17.2,2026-07-27,1.84,3.18,1.59,-5.34,0.41,-29.82
PREMCO,368.15,2026-07-27,-0.81,-1.46,1.56,-13.73,,
ATALREAL,31.54,2026-07-27,3.82,8.91,1.55,23.83,16.13,59.94
EVIETF,32.06,2026-07-27,1.26,1.81,1.55,6.72,9.38,9.72
GRAVISSHO,29.45,2026-07-27,-3.0,-4.38,1.55,6.13,,
JAYBARMARU,169.42,2026-07-27,0.63,-14.07,1.54,82.49,105.38,135.38
ZFSTEERING,686.4,2026-07-27,3.17,2.34,1.52,-16.31,,
ACC,1358.1,2026-07-27,-1.69,-1.5,1.51,-5.13,-19.07,-26.07
ARFIN,91.17,2026-07-27,5.99,4.61,1.51,-5.38,21.27,172.18
ROCKINGDCE,177.65,2026-07-24,1.14,-1.31,1.51,-13.13,-8.92,3.5
RUSHIL,17.64,2026-07-27,9.16,11.65,1.5,2.86,-11.4,-32.05
RRKABEL,2525.3,2026-07-27,8.25,6.34,1.49,67.83,90.26,81.85
NAMAN,47.8,2026-07-24,9.01,1.38,1.49,-20.27,-21.64,-55.33
MAGNUM,19.85,2026-07-27,6.43,1.28,1.48,-8.14,-2.22,-18.78
ACMESOLAR,362.4,2026-07-27,-4.01,-4.33,1.46,17.21,75.05,34.12
SANOFICONR,4685.2,2026-07-27,3.45,2.12,1.45,2.39,16.08,-4.42
DIVOPPBEES,77.48,2026-07-27,-0.06,0.73,1.44,-3.39,-6.92,0.83
IEX,126.77,2026-07-27,0.85,6.71,1.42,1.84,2.17,-10.13
ULTRAMAR,374.95,2026-07-27,-0.91,-3.72,1.39,-6.96,,
ORIENTCER,40.32,2026-07-27,-3.15,-2.8,1.38,-2.18,-1.2,-5.92
KINGFA,5128.5,2026-07-27,1.55,0.22,1.37,5.65,26.64,41.97
ARIES,343.95,2026-07-27,-0.43,-0.69,1.37,-10.07,14.76,-2.82
SHARDACROP,888.6,2026-07-27,0.35,-2.47,1.37,-20.99,7.58,-17.37
DECNGOLD,197.0,2026-07-27,3.64,-1.16,1.35,59.45,,
NAVINFLUOR,7711.0,2026-07-27,-1.91,0.97,1.34,17.36,31.51,54.47
TIIL,2593.0,2026-07-27,1.01,5.18,1.33,4.03,31.57,-21.27
INDOWIND,9.22,2026-07-27,0.11,-0.97,1.32,-16.49,-32.9,-49.67
BLUSPRING,109.36,2026-07-27,-0.28,-6.37,1.32,72.46,82.6,16.73
LICNMID100,62.62,2026-07-27,-0.82,-0.9,1.31,3.15,9.48,7.41
NAM-INDIA,1153.9,2026-07-27,-2.48,-5.05,1.31,17.86,46.0,45.55
VOLTAS,1319.3,2026-07-27,-2.81,-2.24,1.3,-12.64,-0.54,0.6
SECMARK,125.1,2026-07-27,-2.2,0.78,1.3,8.41,15.87,-11.86
RSYSTEMS,252.85,2026-07-27,0.97,1.03,1.3,-6.86,-27.06,-38.51
JUBLFOOD,427.45,2026-07-27,0.61,-0.63,1.29,-11.63,-12.21,-33.95
EIHOTEL,330.65,2026-07-27,-2.81,-1.9,1.29,0.61,7.04,-11.52
EFFWA,381.75,2026-07-24,4.1,3.08,1.29,76.21,82.09,66.56
ESCORTS,2954.1,2026-07-27,-0.92,-0.53,1.28,-8.43,-13.44,-11.99
DYNPRO,238.21,2026-07-27,3.79,1.85,1.28,-0.11,11.99,-32.16
FEDFINA,150.27,2026-07-27,-4.75,-4.44,1.28,-4.35,2.22,19.09
ABGSEC,114.54,2026-07-27,-0.2,0.47,1.28,2.28,2.91,3.43
HINDCON,20.77,2026-07-27,-3.17,-2.94,1.27,-8.9,-1.38,-40.2
ASHIKA,399.25,2026-07-24,-0.11,-0.03,1.26,1.02,,
GROWWNXT50,73.0,2026-07-27,0.33,0.58,1.26,3.31,9.89,
SCHNEIDER,1352.0,2026-07-27,0.82,-1.91,1.25,14.38,113.55,48.05
BAYERCROP,4238.5,2026-07-27,-0.53,3.38,1.25,-9.36,-2.68,-31.35
MOGSEC,65.73,2026-07-27,1.23,0.91,1.25,2.69,4.72,5.54
ENDURANCE,2732.8,2026-07-27,-0.32,1.28,1.24,15.41,17.08,6.36
TGBHOTELS,9.04,2026-07-27,5.73,3.67,1.23,-4.54,-1.31,-26.2
UFBL,699.35,2026-07-27,4.87,-5.67,1.23,127.42,294.31,128.7
TNTELE,9.09,2026-07-27,0.78,-3.91,1.22,-13.51,4.12,-56.53
SBC,42.09,2026-07-27,-0.36,-0.19,1.2,26.43,45.74,141.76
SHRIRAMFIN,1038.2,2026-07-27,0.27,-0.94,1.19,7.12,4.3,70.57
SMALLADD,17.94,2026-07-27,-1.1,-1.7,1.18,7.17,17.18,
EQUAL200,13.74,2026-07-27,-0.58,-0.43,1.18,2.07,6.83,6.31
ESTER,90.89,2026-07-27,2.47,1.08,1.17,-1.58,-4.42,-23.77
MEDICO,40.75,2026-07-27,6.59,4.03,1.17,-1.02,-19.85,0.49
MIDCAPBETA,232.0,2026-07-27,-0.31,-1.37,1.15,3.38,7.92,
HDFCSML250,179.94,2026-07-27,-0.81,-1.8,1.14,6.84,16.33,2.78
MID150CASE,11.53,2026-07-27,-0.69,-0.77,1.14,3.87,9.08,7.66
EVINDIA,32.02,2026-07-27,1.11,1.81,1.14,6.7,9.32,9.7
MOSMALL250,17.93,2026-07-27,-1.1,-1.75,1.13,6.79,15.98,2.81
DELHIVERY,470.0,2026-07-27,-3.46,-8.26,1.12,1.58,17.4,10.5
NDRAUTO,824.9,2026-07-27,0.55,-2.11,1.11,12.38,26.82,-19.54
DDEVPLSTIK,275.45,2026-07-27,-4.42,-6.36,1.11,10.65,-4.23,-10.72
SIDDHIKA,216.25,2026-07-24,3.2,1.45,1.1,-0.76,2.47,10.4
HALDYNGL,120.45,2026-07-27,1.98,-2.03,1.07,22.28,,
MID150BEES,237.47,2026-07-27,-0.61,-0.78,1.07,3.47,8.85,7.05
SMALLCAP,46.91,2026-07-27,-0.89,-1.37,1.06,6.52,14.69,0.8
MIDCAPIETF,23.78,2026-07-27,-0.21,-0.92,1.06,3.53,9.03,7.31
FINIETF,32.58,2026-07-27,-0.18,-1.33,1.05,2.97,5.23,8.56
GROWWEV,31.94,2026-07-27,1.36,2.37,1.04,6.32,9.2,9.61
OFSS,11089.0,2026-07-27,-4.57,-5.59,1.04,21.87,42.48,34.55
SRTL,40.87,2026-07-27,-2.34,0.37,1.04,-18.78,,
HDFCMID150,23.24,2026-07-27,-0.47,-0.98,1.04,3.43,8.85,6.7
SIMBHALS,6.85,2026-07-27,-0.58,-4.46,1.03,-33.3,-24.81,-54.33
GSEC10IETF,265.45,2026-07-27,0.93,0.17,1.03,3.2,2.68,2.84
JSWCEMENT,134.41,2026-07-27,-4.4,-2.81,1.02,7.73,19.35,
EQUAL50,331.25,2026-07-27,-0.41,-0.09,1.01,1.46,1.34,6.11
V2RETAIL,223.46,2026-07-27,-1.09,0.16,1.01,8.61,23.42,15.79
RPSGVENT,898.7,2026-07-27,-1.11,-0.92,1.01,6.22,26.85,-9.81
NIFTY100EW,35.01,2026-07-27,0.2,0.37,1.01,2.76,5.96,7.43
SETF10GILT,266.5,2026-07-27,1.05,0.48,1.0,3.26,2.92,3.05
KICL,5445.5,2026-07-27,-1.65,-4.12,0.96,13.58,16.87,10.1
MMWL,13.72,2026-07-27,-3.92,3.63,0.96,33.85,,
VMSTMT,44.02,2026-07-27,-1.98,-4.28,0.96,-6.14,-12.75,
RECLTD,368.15,2026-07-27,1.28,4.87,0.96,-2.62,3.38,-3.17
CCL,1174.4,2026-07-27,-2.22,-4.5,0.96,4.74,22.83,40.84
MNC,33.65,2026-07-27,0.57,0.84,0.96,2.47,9.32,15.36
EQUAL50ADD,342.93,2026-07-27,-0.18,0.12,0.95,1.74,1.61,6.22
CREATIVEYE,6.37,2026-07-27,5.81,6.17,0.95,-9.77,-8.48,-15.96
PARIN,728.8,2026-07-24,-0.16,0.08,0.95,11.08,20.56,94.87
MON50EQUAL,33.24,2026-07-27,-0.02,0.08,0.94,1.75,1.62,6.37
CRAFTSMAN,9327.0,2026-07-27,-0.71,0.06,0.93,22.34,23.35,48.78
ESG,41.46,2026-07-27,-0.6,-0.46,0.93,0.88,-3.11,-2.22
MANUFGBEES,160.99,2026-07-27,-0.12,0.72,0.93,3.13,8.4,
MOMNC,32.67,2026-07-27,0.88,1.1,0.92,2.67,,
KOTIC,164.82,2026-07-27,-2.89,-5.89,0.92,-18.73,,
NAZARA,303.4,2026-07-27,-1.89,-1.27,0.91,12.09,9.49,-12.72
RAMAPHO,130.9,2026-07-27,5.38,4.13,0.91,-3.98,-11.45,-18.65
YATRA,110.65,2026-07-27,2.07,-3.04,0.88,-3.73,-24.01,17.56
BLUESTARCO,1643.2,2026-07-27,-4.15,-3.78,0.86,-13.83,-0.97,-5.49
SBINEQWETF,33.36,2026-07-27,-0.18,0.15,0.85,1.61,1.65,6.28
MONEXT50,72.56,2026-07-27,1.3,0.93,0.83,3.0,9.5,9.04
MOMGF,159.99,2026-07-27,0.69,0.89,0.82,2.88,8.27,12.41
YATHARTH,843.9,2026-07-27,-0.59,-0.18,0.82,12.43,51.51,34.63
IL&FSENGG,30.7,2026-07-27,9.45,7.16,0.82,14.13,37.92,-11.3
BAIDFIN,9.86,2026-07-27,-2.47,-4.09,0.82,-11.49,-17.14,-20.63
MOM100,67.27,2026-07-27,-0.85,-1.07,0.81,3.76,8.64,7.84
GAIL,174.23,2026-07-27,0.71,0.64,0.8,5.12,12.3,-1.53
DBREALTY,113.85,2026-07-27,-0.87,-4.66,0.79,6.65,16.35,-38.34
SMALL250,17.84,2026-07-27,-1.27,-2.03,0.79,6.51,16.15,
HDFCNEXT50,74.0,2026-07-27,0.2,0.68,0.78,2.64,7.53,8.57
HYUNDAI,1984.6,2026-07-27,0.62,-0.49,0.77,8.0,-8.69,-4.54
SBINMID150,22.95,2026-07-27,-1.03,-1.07,0.76,3.36,,
HGM,52.4,2026-07-27,7.18,2.22,0.75,-1.87,-6.19,-9.95
GFLLIMITED,46.95,2026-07-27,1.8,1.16,0.73,-3.14,-2.27,-25.41
OMFREIGHT,91.9,2026-07-27,-1.04,-2.22,0.72,16.27,1.87,
KRSNAA,542.1,2026-07-27,-0.83,-3.74,0.72,-9.66,-23.72,-36.21
ZYDUSLIFE,1108.2,2026-07-27,-3.46,-1.95,0.71,18.04,24.16,13.6
HEADSUP,7.09,2026-07-27,5.04,2.6,0.71,-2.88,-13.85,-23.19
EBBETF0425,1290.83,2025-04-08,0.02,0.23,0.7,1.9,3.85,7.57
ASCOM,258.75,2026-07-24,0.0,-0.23,0.7,-7.42,68.07,200.7
MAKEINDIA,163.08,2026-07-27,0.12,1.02,0.7,2.78,8.6,12.76
ABSLPSE,10.39,2026-07-27,0.1,0.48,0.68,-6.31,3.9,4.11
SCHAEFFLER,4185.5,2026-07-27,0.73,1.23,0.67,-3.89,16.02,4.64
JUNIPER,198.01,2026-07-27,1.34,-0.97,0.67,-5.29,-8.2,-36.55
MOSERVICE,31.01,2026-07-27,-1.76,-1.2,0.66,1.22,-5.92,
JOCIL,148.0,2026-07-27,5.6,2.75,0.65,15.26,16.65,-10.16
EBBETF0431,1441.71,2026-07-27,0.43,0.3,0.65,2.4,3.84,5.18
MIDCAPETF,23.41,2026-07-27,-0.72,-0.93,0.64,3.45,8.88,7.04
KIMS,800.45,2026-07-27,1.5,-0.06,0.64,18.68,30.15,5.05
LTGILTBEES,29.98,2026-07-27,0.3,0.1,0.64,2.85,2.92,3.67
BHAGERIA,218.11,2026-07-27,4.24,4.79,0.64,28.36,37.68,12.88
MOPSE,101.64,2026-07-27,0.81,0.63,0.64,-6.35,3.49,3.86
ABSLNN50ET,76.22,2026-07-27,0.21,0.65,0.63,2.87,9.37,8.76
LTGILTCASE,30.53,2026-07-27,0.2,0.0,0.63,2.69,2.83,
UTTAMSUGAR,228.71,2026-07-27,-2.56,-3.6,0.62,-12.17,8.65,-14.15
EBBETF0433,1312.88,2026-07-27,0.07,-0.25,0.62,2.97,3.75,4.79
EBBETF0430,1609.85,2026-07-27,0.47,0.3,0.62,2.5,3.52,5.17
GROWWN200,11.32,2026-07-27,-0.61,-0.61,0.62,1.16,0.24,1.13
JKTYRE,399.6,2026-07-27,-0.6,-2.56,0.62,-1.3,-21.72,16.85
GROWWMC150,228.96,2026-07-27,-0.88,-1.03,0.62,3.12,7.82,
CUMMINSIND,5629.5,2026-07-27,2.24,2.18,0.61,8.47,45.15,61.3
AUTOAXLES,1792.5,2026-07-27,-2.5,-0.26,0.61,-4.55,-7.79,-3.94
JINDALSTEL,1065.7,2026-07-27,3.14,3.59,0.59,-16.62,-1.39,6.77
SHARDAMOTR,834.55,2026-07-27,-3.17,-4.28,0.58,-4.34,1.51,-21.63
MOQUALITY,201.57,2026-07-27,-0.06,-0.12,0.58,-0.91,2.6,5.68
WINDLAS,857.5,2026-07-27,-1.61,1.38,0.58,-0.41,12.23,-12.34
MID150,23.27,2026-07-27,-0.94,-1.23,0.56,3.65,8.59,6.69
PARTYCRUS,90.0,2026-07-24,3.45,6.64,0.56,3.81,-0.61,21.62
HGS,422.55,2026-07-27,-1.68,1.23,0.55,2.72,6.45,-26.79
SNXT30BEES,42.18,2026-07-27,0.07,-0.09,0.52,1.03,5.48,10.02
PIXTRANS,1796.7,2026-07-27,-3.26,-2.59,0.52,21.24,41.44,19.75
SETFNN50,777.91,2026-07-27,0.48,0.59,0.52,3.06,9.47,8.99
RKDL,19.48,2026-07-27,1.14,4.34,0.52,-10.35,1.41,-33.04
DOMS,2263.5,2026-07-27,-0.12,-4.07,0.51,-2.77,-3.29,-4.34
SUMEETINDS,27.34,2026-07-27,-22.55,-16.21,0.51,-8.99,3.95,7.69
DOLLEX,29.65,2026-07-24,-1.17,3.13,0.51,-6.17,-16.83,-29.66
TCI,932.3,2026-07-27,0.23,-0.12,0.5,-3.6,-2.65,-21.85
BANSALWIRE,316.45,2026-07-27,-0.36,-3.93,0.49,3.07,23.86,-22.77
GROWWSC250,10.24,2026-07-27,-1.73,-2.01,0.49,6.22,15.78,
FMCGIETF,53.18,2026-07-27,1.06,1.33,0.49,-2.46,-3.15,-8.7
JUNIORBEES,783.45,2026-07-27,0.25,0.55,0.49,2.63,9.26,8.74
HDFCBSE500,37.29,2026-07-27,-0.9,-1.3,0.49,1.72,1.77,-2.18
METALIETF,12.54,2026-07-27,-0.63,-1.1,0.48,-3.83,5.47,32.98
ASHIANA,386.9,2026-07-27,3.56,2.9,0.48,15.29,38.65,23.24
NEXT50,747.3,2026-07-27,0.17,0.45,0.46,2.49,9.12,8.85
RAYMOND,595.0,2026-07-27,-2.91,-4.88,0.46,29.04,53.47,-15.37
BBETF0432,1350.0,2026-07-27,0.01,0.17,0.46,2.5,3.32,5.04
URBANCO,130.42,2026-07-27,-2.38,-1.99,0.45,-9.43,6.47,
KROSS,190.31,2026-07-27,-8.65,2.62,0.45,0.74,-3.43,2.03
MARINE,269.95,2026-07-27,6.03,6.72,0.45,17.59,48.1,42.48
HBESD,75.33,2026-07-27,0.36,0.44,0.44,-0.23,,
MIDCAPADD,22.94,2026-07-27,-0.82,-3.08,0.44,3.57,8.57,
FALCONTECH,11.3,2026-07-24,6.6,-2.16,0.44,-21.25,-25.41,-35.06
NEXT30ADD,42.3,2026-07-27,-0.17,-0.05,0.43,0.81,4.94,10.01
AONETOTAL,11.81,2026-07-27,-0.59,-0.51,0.43,2.34,2.79,1.37
GROWWDEFNC,94.3,2026-07-27,0.83,-0.12,0.42,5.76,23.24,17.85
ELIQUID,1041.05,2026-07-27,0.13,0.19,0.42,1.24,2.44,
MULTICAP,16.56,2026-07-27,-0.78,-0.84,0.42,2.86,4.94,2.48
BSE500IETF,39.1,2026-07-27,-0.79,-0.69,0.41,1.64,1.51,-0.31
HITECHCORP,319.35,2026-07-27,-1.08,-2.08,0.41,129.93,100.52,60.54
MOLDTKPAC,692.35,2026-07-27,-1.36,2.22,0.41,20.23,29.65,-6.03
MOALPHA50,53.48,2026-07-27,0.27,-0.52,0.4,4.83,12.12,
NHPC,79.72,2026-07-27,-1.58,0.33,0.4,-4.22,8.01,-2.19
LIQUID,999.99,2026-07-27,0.0,0.0,0.4,0.4,1.55,4.08
LIQUID1,1115.35,2026-07-27,0.09,0.19,0.4,1.25,2.44,5.11
SBILIQETF,1049.18,2026-07-27,0.09,0.19,0.4,1.23,2.41,
SANOFI,3368.8,2026-07-27,-0.68,0.75,0.39,-1.82,-17.0,-40.7
KALYANIFRG,604.0,2026-07-27,0.56,-1.48,0.39,-0.19,1.23,-17.78
LIQUIDCASE,115.19,2026-07-27,0.1,0.19,0.39,1.23,2.41,5.03
HDFCLIQUID,1071.05,2026-07-27,0.09,0.19,0.39,1.23,2.39,6.85
LIQUIDSBI,999.99,2026-07-27,-0.0,0.0,0.39,0.39,1.54,3.5
LIQUIDBETF,1091.97,2026-07-27,0.09,0.18,0.39,1.2,2.35,4.92
CASHIETF,1072.59,2026-07-27,0.09,0.19,0.39,1.24,2.42,5.07
LIQUIDADD,1137.49,2026-07-27,0.09,0.19,0.39,1.22,2.39,5.01
LIQUIDPLUS,1096.16,2026-07-27,0.09,0.19,0.39,1.24,2.42,5.09
AONELIQUID,1069.93,2026-07-27,0.09,0.19,0.39,1.23,2.41,5.06
DEFENCE,78.58,2026-07-27,0.5,0.05,0.38,7.54,,
ABANSENT,26.49,2026-07-27,-6.1,-5.6,0.38,-3.85,,
NEXT50IETF,76.41,2026-07-27,0.25,0.47,0.38,2.44,9.14,8.63
LIQGRWBEES,1049.18,2026-07-27,0.09,0.18,0.37,1.17,2.29,4.8
LIQUIDSHRI,1114.68,2026-07-27,0.09,0.18,0.37,1.17,2.29,4.83
AMBICAAGAR,24.64,2026-07-27,0.33,-0.08,0.37,2.45,4.58,-9.91
GROWWLIQID,110.08,2026-07-27,0.09,0.18,0.37,1.18,2.28,4.81
AEQUS,229.8,2026-07-27,-4.4,-6.09,0.37,10.92,70.77,
SCHAND,147.86,2026-07-27,-0.73,-2.79,0.37,-5.87,-0.87,-31.97
DTL,120.65,2026-07-24,-5.0,-5.0,0.37,11.71,-1.91,-21.55
SAFARI,1594.2,2026-07-27,-2.61,-5.19,0.35,8.43,-20.37,-24.3
LICHSGFIN,551.75,2026-07-27,-0.13,-0.03,0.35,1.59,8.18,-7.49
INDPRUD,6552.0,2026-07-27,-0.27,0.06,0.35,-3.65,,
LICNETFGSC,29.46,2026-07-27,0.2,-0.07,0.34,2.61,2.65,3.37
GSEC10ABSL,112.74,2026-07-27,-0.56,-0.67,0.34,1.78,2.06,3.01
SAMPANN,27.64,2026-07-27,2.56,-2.54,0.33,-5.02,-9.58,-13.95
GSEC5IETF,66.19,2026-07-27,-0.45,0.26,0.32,2.52,3.49,4.93
ABDL,624.3,2026-07-27,-0.33,-0.31,0.32,13.55,38.66,36.97
NIF100BEES,266.49,2026-07-27,-0.6,-0.89,0.32,0.5,-1.72,0.37
MODEFENCE,103.31,2026-07-27,0.67,-0.16,0.3,5.8,23.18,17.61
BIKAJI,641.25,2026-07-27,-0.11,-0.15,0.3,-5.58,-0.77,-16.67
SHREMINVIT,102.0,2026-07-24,0.0,0.0,0.29,-1.95,10.49,10.26
TECHNVISN,4914.0,2026-07-27,49.24,41.22,0.29,-14.46,,
SNXT50BETA,93.99,2026-07-27,-0.3,-0.14,0.28,2.52,3.24,
NEXT50BETA,78.16,2026-07-27,0.01,0.49,0.28,2.64,9.28,
MSCIADD,29.5,2026-07-27,-0.61,-0.57,0.27,0.89,,
ABSLLIQUID,1000.0,2026-07-27,0.0,-0.0,0.27,0.78,1.55,3.27
MSCIINDIA,29.73,2026-07-27,-0.6,-0.73,0.27,0.95,-0.7,0.61
COROMANDEL,2003.8,2026-07-27,-0.82,-2.64,0.27,-1.25,-10.81,-17.57
UTIAMC,904.0,2026-07-27,-2.78,-8.5,0.26,-3.52,-1.82,-30.63
BHARATWIRE,202.91,2026-07-27,1.08,-5.65,0.25,-11.0,21.31,6.67
SYMPHONY,678.95,2026-07-27,-3.93,-6.64,0.25,-19.94,-17.22,-38.46
UNIONBANK,170.11,2026-07-27,-3.31,-0.16,0.24,-0.55,-0.04,28.57
ABSLMSCIN,29.35,2026-07-27,-0.88,-0.81,0.24,0.51,,
LICI,424.35,2026-07-27,-2.0,-3.84,0.24,5.99,7.53,-2.06
BAGFILMS,4.61,2026-07-27,1.77,1.99,0.22,-13.83,-20.65,-33.19
SANDESH,974.55,2026-07-27,-0.69,-2.01,0.22,-2.53,-3.35,-16.22
MOM50,251.12,2026-07-27,-0.95,-0.68,0.22,0.25,-3.96,-2.52
COCKERILL,8859.5,2026-07-27,-3.55,-7.74,0.21,71.25,,
LICNETFSEN,866.91,2026-07-27,-1.52,-0.6,0.2,-0.17,-5.51,-5.15
AVTNPL,70.22,2026-07-27,0.8,-1.18,0.19,2.02,12.3,-7.14
BAWEJA,28.55,2026-07-24,-1.38,1.24,0.18,-22.42,1.24,-59.16
LMW,16140.0,2026-07-27,0.25,-0.92,0.18,11.49,11.26,4.62
SRM,509.55,2026-07-27,1.95,2.21,0.18,-3.46,15.9,8.69
NEXT50ADD,72.74,2026-07-27,-0.15,0.21,0.18,2.62,,
REPRO,372.8,2026-07-27,0.07,0.84,0.17,5.95,-1.23,-31.21
NEXT50ETF,72.9,2026-07-27,0.08,0.91,0.16,2.91,9.11,
NIFTYADD,252.93,2026-07-27,-0.8,-0.6,0.16,0.14,-4.02,-2.31
METAL,12.59,2026-07-27,-0.47,-1.1,0.16,-3.6,5.98,33.23
TNPETRO,94.14,2026-07-27,-0.04,-3.71,0.15,4.41,8.26,-7.06
MHHL,33.8,2026-07-24,-8.65,-0.44,0.15,-16.54,-9.14,-38.93
URAVIDEF,114.0,2026-07-27,-1.25,-4.09,0.15,-21.49,-39.95,-77.44
SRHHYPOLTD,487.1,2026-07-27,0.22,-1.7,0.15,-3.51,8.91,-23.73
NIFTYBETA,266.36,2026-07-27,-0.86,-0.71,0.14,0.31,-3.88,
MONIFTY100,25.27,2026-07-27,-0.78,-0.41,0.14,0.66,-1.92,
GILT5YBEES,66.03,2026-07-27,0.26,0.2,0.12,2.34,3.84,5.4
AONENIFTY,9.91,2026-07-27,-0.8,-0.6,0.1,0.1,-3.97,-2.27
EIEL,218.76,2026-07-27,-4.62,-7.26,0.1,4.44,31.22,-17.41
TOP15IETF,9.9,2026-07-27,-0.66,0.35,0.09,0.38,-6.73,-2.57
SPECTSTM,57.9,2026-07-24,-5.08,1.49,0.09,-20.19,-33.18,-48.76
NIFTYETF,261.26,2026-07-27,-1.19,-0.59,0.09,0.4,-4.08,-2.27
CCHHL,12.69,2026-07-27,1.52,-2.98,0.08,-8.64,-5.3,-30.77
RBMINFRA,300.25,2026-07-24,16.26,11.27,0.08,-27.6,-14.31,-37.01
GROWWMETAL,11.86,2026-07-27,-0.5,-1.41,0.08,-3.58,5.24,
PRAMARA,127.8,2026-07-24,-5.54,-7.12,0.08,-64.22,-63.71,-37.09
SAGARDEEP,24.96,2026-07-27,4.92,3.87,0.08,-0.2,-2.08,-11.93
ALPHA,51.44,2026-07-27,-0.41,-0.85,0.08,4.94,12.19,2.9
INFINIUM,209.0,2026-07-24,-0.81,0.84,0.07,-0.48,-2.56,-25.62
PARKHOTELS,122.32,2026-07-27,-2.75,-6.81,0.07,-0.95,4.12,-20.48
RAMCOCEM,919.75,2026-07-27,-0.65,-1.97,0.07,-4.83,-14.15,-19.47
NIFTYBEES,273.59,2026-07-27,-0.72,-0.62,0.06,0.39,-4.08,-2.3
AKASH,26.49,2026-07-27,-4.78,-2.61,0.04,-5.49,10.1,-5.26
METROBRAND,1031.7,2026-07-27,-3.48,-3.81,0.04,-2.88,-2.58,-14.84
HDFCNIFTY,270.58,2026-07-27,-0.82,-0.62,0.04,0.21,-4.18,-2.41
CPPLUS,3557.8,2026-07-27,-0.23,-2.2,0.03,51.77,157.84,
HINDUNILVR,2174.6,2026-07-27,1.63,2.07,0.02,-5.65,-8.5,-8.34
MUTHOOTFIN,3025.9,2026-07-27,1.44,-1.07,0.01,-13.39,-21.1,14.69
NIFTY1,266.42,2026-07-27,-0.99,-0.72,0.01,0.15,-4.04,-2.42
SETFNIF50,258.69,2026-07-27,-0.66,-0.69,0.01,0.33,-3.94,-2.32
AFSL,201.03,2026-07-27,-0.03,-0.62,0.01,-0.97,0.0,-9.01
GOENKA,0.82,2026-07-24,0.0,0.0,0.0,0.0,0.0,-8.89
GANGOTRI,0.61,2026-07-24,0.0,0.0,0.0,0.0,0.0,-3.17
ALPSINDUS,34.3,2026-07-24,0.0,0.0,0.0,0.0,0.0,58.06
NIFTYCASE,9.64,2026-07-27,-0.62,-0.52,0.0,0.63,-3.89,
NIFTYIETF,272.15,2026-07-27,-0.73,-0.7,0.0,0.29,-3.93,-2.32
GATECHDVR,0.44,2026-07-27,2.33,0.0,0.0,-6.38,2.33,-21.43
SIS,435.4,2026-07-27,-0.15,0.2,0.0,27.25,36.66,16.9
JAKHARIA,60.5,2026-07-24,0.0,0.0,0.0,0.0,0.0,-31.33
SUULD,1.57,2026-07-24,0.0,0.0,0.0,0.0,0.0,-33.19
OMKARCHEM,3.41,2026-07-24,0.0,0.0,0.0,-9.31,-38.78,-36.97
VISAMAN,107.6,2026-07-24,0.0,0.0,0.0,-8.74,-25.25,26.81
INDLMETER,23.69,2026-07-24,0.0,0.0,0.0,0.0,0.0,0.0
MPTODAY,46.0,2026-07-24,0.0,0.0,0.0,7.23,-3.26,-15.67
LIQUIDBEES,999.99,2026-07-27,-0.0,0.0,0.0,0.0,-0.0,0.98
LIQUIDETF,999.99,2026-07-27,-0.0,-0.0,-0.0,0.0,1.13,3.34
BSLNIFTY,28.18,2026-07-27,-0.81,-0.7,0.0,0.5,-4.08,-2.15
BURNPUR,33.0,2026-07-24,0.0,0.0,0.0,0.0,0.0,0.0
DREAMFOLKS,67.54,2026-07-27,-0.82,-3.45,0.0,-18.49,-26.89,-53.85
AHIMSA,24.7,2026-07-24,0.0,0.0,0.0,0.0,-1.2,1.44
MELSTAR,4.25,2026-07-24,0.0,0.0,0.0,0.0,0.0,0.0
TOP100CASE,10.52,2026-07-27,-0.85,-0.47,0.0,0.57,-2.05,-0.66
SAHAJ,3.85,2026-07-24,0.0,0.0,0.0,0.0,-20.62,-54.17
KALYANI,138.09,2026-07-24,0.0,0.0,0.0,0.0,0.0,0.0
BRIGHT,2.8,2026-07-24,0.0,0.0,0.0,0.0,0.0,0.0
MARSHALL,3.64,2026-07-24,0.0,0.0,0.0,0.0,0.0,-58.96
SANCO,2.9,2026-07-24,0.0,0.0,0.0,16.47,-9.66,-12.91
DSKULKARNI,13.55,2026-07-24,0.0,0.0,0.0,0.0,0.0,0.0
HERCULES,159.32,2026-07-24,0.0,0.0,0.0,0.0,0.0,-15.72
MAITREYA,138.0,2026-07-24,11.29,8.88,0.0,-15.85,-32.68,-47.58
KTL,4.85,2026-07-24,0.0,0.0,0.0,0.0,0.0,-37.42
SRIRAM,10.1,2026-07-24,0.0,0.0,0.0,0.0,0.0,0.0
BKMINDST,45.0,2026-07-24,0.0,0.0,0.0,0.0,0.0,0.0
MINDPOOL,71.1,2026-07-24,0.0,0.0,0.0,0.0,0.0,-6.39
IDFNIFTYET,265.13,2026-07-27,-1.07,-0.56,-0.0,0.04,-3.72,-2.65
TECHIN,14.0,2026-07-24,0.0,0.0,0.0,0.0,0.0,0.0
JINDCOT,2.5,2024-11-08,0.0,0.0,0.0,0.0,0.0,0.0
SECL,3.0,2026-07-24,0.0,0.0,0.0,-13.04,-26.83,-52.38
PODDARHOUS,43.37,2026-07-24,0.0,0.0,0.0,0.0,0.0,0.0
DESTINY,105.9,2026-07-24,0.0,0.0,0.0,0.0,-7.91,-8.94
PERFECT,8.1,2026-07-24,0.0,0.0,0.0,0.0,0.0,-6.9
FCSSOFT,1.52,2026-07-27,-1.94,-3.18,0.0,-10.06,0.0,-41.98
SHAIVAL,33.0,2026-07-24,0.0,0.0,0.0,0.0,8.2,8.2
PATTECH,114.85,2026-07-24,0.0,0.0,0.0,19.39,12.76,-15.11
MBECL,65.4,2026-07-24,0.0,0.0,0.0,0.0,0.0,0.0
SECURCRED,1.56,2026-07-24,0.0,0.0,0.0,0.0,0.0,0.0
DRSDILIP,110.0,2026-07-24,0.0,0.0,0.0,-7.95,90.15,12.24
LIQUIDIETF,999.99,2026-07-27,0.0,0.0,0.0,0.0,0.0,0.0
VASA,4.45,2026-07-24,0.0,0.0,0.0,-4.3,-11.0,-12.75
AVSL,119.7,2026-07-24,0.0,0.0,0.0,0.0,0.0,-4.24
RMCL,200.0,2026-07-24,0.0,0.0,0.0,0.0,0.0,0.0
NIRLON,620.05,2026-07-27,-0.01,-1.45,-0.01,11.83,,
BEL,407.15,2026-07-27,-0.25,-0.89,-0.01,-6.53,-1.7,3.7
OMINFRAL,87.04,2026-07-27,-0.87,-4.51,-0.01,-5.94,18.99,-28.88
ADANIENT,3036.6,2026-07-27,-4.61,-4.43,-0.05,30.84,55.04,19.13
NIF100IETF,27.95,2026-07-27,-0.99,-0.43,-0.07,0.18,-2.03,17.62
KRYSTAL,600.3,2026-07-27,-0.02,-0.05,-0.07,0.7,-0.12,-6.94
UTKARSHBNK,14.51,2026-07-27,-3.33,-4.54,-0.07,1.68,6.07,-35.74
CPSEETF,96.06,2026-07-27,-0.73,-0.74,-0.08,-10.59,2.84,5.31
GUJAPOLLO,359.2,2026-07-27,3.11,-3.19,-0.08,-17.21,-10.77,-22.63
COASTCORP,50.07,2026-07-27,-5.21,-3.43,-0.08,-14.31,20.48,39.38
NIFTYBETF,246.98,2026-07-27,-1.03,-0.51,-0.11,0.15,-4.12,-2.44
QNIFTY,264.2,2026-07-27,-0.94,-0.79,-0.11,0.32,-90.44,-90.24
MARUTI,13730.0,2026-07-27,1.6,0.26,-0.11,3.84,-9.94,11.89
ARVSMART,599.7,2026-07-27,0.33,-2.5,-0.11,-5.09,10.74,-4.04
PROPEQUITY,221.9,2026-07-24,-7.5,-2.68,-0.11,4.92,36.93,6.1
CANTABIL,238.41,2026-07-27,-6.41,-6.86,-0.11,-3.29,-14.18,-10.89
IVC,8.27,2026-07-27,-0.24,1.6,-0.12,6.3,8.53,1.93
MONIFTY500,23.62,2026-07-27,-0.71,-1.21,-0.13,1.5,1.33,0.68
SUNREST,35.0,2026-07-24,0.0,-1.69,-0.14,-4.89,6.06,-41.18
AMBALALSA,31.59,2026-07-27,2.1,0.67,-0.16,-10.38,,
INDIANB,831.25,2026-07-27,-3.17,-1.34,-0.16,-6.98,-3.16,33.16
SENSEXBETA,849.42,2026-07-27,-1.09,-1.08,-0.16,-0.37,-5.74,
IVZINNIFTY,2752.73,2026-07-27,-0.89,-0.48,-0.16,0.55,-3.94,-2.63
PASHUPATI,86.8,2026-07-27,-0.48,-0.17,-0.17,-1.7,8.3,24.24
LICNFNHGP,275.1,2026-07-27,-0.94,-0.5,-0.18,1.23,-1.75,-0.8
SWELECTES,607.85,2026-07-27,-1.03,-4.6,-0.18,-7.11,18.49,-9.21
NETF,260.41,2026-07-27,-1.11,-0.97,-0.19,0.18,-4.31,-2.87
GROWW,199.38,2026-07-27,-1.99,-4.23,-0.21,-7.13,18.04,
ARIHANTACA,465.0,2026-07-24,-1.06,-1.06,-0.21,-1.06,-1.06,69.54
LIBERTSHOE,269.0,2026-07-27,-0.3,0.52,-0.22,2.36,15.03,-28.34
DREDGECORP,1064.9,2026-07-27,4.44,2.12,-0.23,9.87,11.89,53.74
BSLSENETFG,77.51,2026-07-27,-1.2,-0.77,-0.24,0.21,-5.53,-4.86
SENSEXETF,79.23,2026-07-27,-1.12,-0.78,-0.25,-0.04,-5.64,-4.87
KDL,118.15,2026-07-24,2.74,1.68,-0.25,-22.9,-27.09,-58.18
ENIFTY,24.18,2026-07-27,-0.78,-0.74,-0.25,-1.71,-4.16,
MCCHRLS-B,698.95,2026-07-27,-0.36,-1.42,-0.25,1.36,,
SPMLINFRA,198.57,2026-07-27,-4.06,3.34,-0.25,-8.99,15.94,-26.97
GROWWPSE,99.91,2026-07-27,-0.23,0.2,-0.26,-6.61,,
GATEWAY,58.5,2026-07-27,0.41,-2.42,-0.26,1.04,5.79,-4.89
PDSL,357.5,2026-07-27,-1.42,-0.05,-0.27,28.36,9.1,-2.36
OILIETF,11.27,2026-07-27,-2.09,-0.53,-0.27,-3.26,-2.34,-1.74
LFIC,144.89,2026-07-27,1.16,1.9,-0.28,3.69,5.81,-32.38
SPANDANA,266.0,2026-07-27,-6.9,-12.87,-0.3,18.36,12.17,-2.83
BOROSCI,154.37,2026-07-27,-4.93,-5.15,-0.3,32.73,51.3,-9.4
PGHH,8993.5,2026-07-27,3.1,0.98,-0.3,-12.76,-23.8,-29.3
HDFCSENSEX,86.95,2026-07-27,-1.11,-1.09,-0.3,-0.37,-5.69,-5.1
SENSEXIETF,883.44,2026-07-27,-0.99,-0.73,-0.31,0.17,-5.43,-4.77
GROWWNIFTY,9.69,2026-07-27,-0.72,-0.72,-0.31,0.21,-4.06,
HINDALCO,945.25,2026-07-27,-0.27,-2.23,-0.32,-10.51,-1.21,38.03
PODDARMENT,252.74,2026-07-27,0.65,5.16,-0.32,-1.17,4.22,-15.17
LAMBODHARA,114.21,2026-07-27,-1.4,0.35,-0.32,9.95,14.3,-13.91
ESENSEX,77.19,2026-07-27,-0.97,-0.77,-0.32,-0.4,-6.12,
SENSEXADD,79.07,2026-07-27,-1.06,-1.04,-0.32,-0.39,-5.7,-5.17
NTPC,350.8,2026-07-27,1.02,-0.27,-0.36,-14.48,2.54,8.06
DRAGARWQ,5041.5,2026-07-27,0.7,0.89,-0.36,1.21,,
AUROPHARMA,1549.4,2026-07-27,-0.65,0.01,-0.37,9.37,37.15,38.51
GINNIFILA,48.98,2026-07-27,-2.89,-6.6,-0.37,18.05,36.17,4.21
TEMBO,552.3,2026-07-27,0.97,-0.12,-0.37,-8.85,1.56,10.61
TRANSWIND,13.15,2026-07-24,0.0,0.0,-0.38,-24.86,-48.43,-13.2
KAKATCEM,120.34,2026-07-27,-1.3,3.67,-0.38,-11.51,9.83,-25.1
HDFCNIF100,25.88,2026-07-27,-0.92,-0.88,-0.38,0.39,-2.38,-0.88
ALMONDZ,12.98,2026-07-27,-0.46,-0.31,-0.38,-23.1,-9.1,-39.85
GEECEE,340.9,2026-07-27,-1.16,-0.53,-0.39,14.3,10.5,-7.64
DWARKESH,42.52,2026-07-27,-1.98,-3.01,-0.4,-4.81,25.58,-4.45
GMRAIRPORT,108.0,2026-07-27,-3.17,-5.82,-0.41,12.81,16.58,20.09
AMANTA,160.0,2026-07-27,-2.82,-8.88,-0.42,18.84,60.38,
RAJOOENG,54.18,2026-07-27,6.11,7.76,-0.42,-23.95,-15.2,-52.6
BNAGROCHEM,274.95,2026-07-27,0.62,-3.19,-0.42,11.95,,
SILINV,416.8,2026-07-27,-0.69,-0.37,-0.42,-7.87,-3.06,-27.91
KANCHI,370.9,2026-07-27,3.46,1.88,-0.43,-9.53,,
GOLD360,139.85,2026-07-27,1.16,0.94,-0.43,-4.7,-9.83,43.58
SAURASHCEM,57.93,2026-07-27,-4.11,6.43,-0.43,-6.78,-17.25,-44.18
GRCL,596.0,2026-07-24,-1.91,-5.28,-0.44,59.36,93.98,48.63
BATLIBOI,84.46,2026-07-27,3.39,0.84,-0.44,2.87,,
JINDALPHOT,1063.4,2026-07-27,-3.56,-10.6,-0.45,-5.62,-27.19,23.34
GRASIM,3112.4,2026-07-27,-1.0,-1.01,-0.45,12.03,8.97,15.33
INFOBEAN,157.14,2026-07-27,-7.3,-6.38,-0.45,-15.07,-15.01,11.41
LICNETFN50,268.51,2026-07-27,-1.45,-0.92,-0.48,-0.34,-4.26,-2.82
BVCL,41.08,2026-07-27,-2.26,-1.58,-0.48,-10.46,0.76,-6.06
GICRE,359.2,2026-07-27,-0.29,-1.55,-0.48,-10.17,-3.73,-1.22
KOTARISUG,24.84,2026-07-27,-1.93,-3.83,-0.48,-8.44,3.89,-30.96
SBFC,90.38,2026-07-27,-3.34,-2.71,-0.48,-4.79,0.46,-17.43
VENUSPIPES,1688.0,2026-07-27,-0.8,-6.11,-0.5,17.93,69.43,15.0
MARSONS,111.86,2026-07-27,-1.07,-6.4,-0.52,-31.27,,
KKCL,501.95,2026-07-27,-0.6,-0.42,-0.52,5.29,9.86,-7.47
SWASTIK,18.7,2026-07-24,2.19,25.93,-0.53,-11.58,-4.59,-41.93
MANYAVAR,410.3,2026-07-27,-0.88,2.84,-0.56,-8.47,-16.78,-47.37
CASTROLIND,184.32,2026-07-27,0.03,0.4,-0.57,-0.1,3.41,-13.25
MIDSMALL,50.75,2026-07-27,-0.26,-0.49,-0.59,2.09,10.64,3.42
MAXHEALTH,1114.6,2026-07-27,1.11,0.76,-0.6,10.57,14.46,-12.8
VERANDA,232.95,2026-07-27,3.96,0.47,-0.61,45.5,17.84,3.74
GAEL,157.31,2026-07-27,9.33,5.51,-0.61,2.94,14.67,49.48
NITCO,107.59,2026-07-27,-1.09,0.5,-0.61,23.09,37.55,-19.61
AYE,166.81,2026-07-27,-2.72,-2.41,-0.66,12.39,,
KANANIIND,1.51,2026-07-27,2.03,-1.95,-0.66,-11.18,-0.66,-26.34
COMMOIETF,99.85,2026-07-27,-1.17,-0.17,-0.66,-4.63,3.51,12.48
BIRLANU,1368.0,2026-07-27,6.08,5.15,-0.67,-4.11,-13.79,-40.55
AMBIKCO,1713.2,2026-07-27,0.18,-1.27,-0.67,17.97,41.05,11.06
COMPUSOFT,13.22,2026-07-27,1.61,0.38,-0.68,-4.55,-2.22,-36.68
KSOLVES,279.5,2026-07-27,-5.38,-5.93,-0.69,-13.26,4.78,-12.09
SHEETAL,294.25,2026-07-24,0.22,-0.25,-0.71,17.44,46.68,126.09
ALUWIND,49.0,2026-07-24,5.83,8.89,-0.71,-12.5,-23.74,-38.75
SILLYMONKS,16.6,2026-07-27,0.48,3.62,-0.72,-4.49,-19.77,-9.44
SINDHUTRAD,24.81,2026-07-27,-3.27,-3.8,-0.72,4.11,34.69,-18.87
DEVIT,26.08,2026-07-27,-3.23,-7.12,-0.72,-22.15,-16.41,-42.88
SAMHI,178.54,2026-07-27,9.44,0.27,-0.73,8.91,5.33,-24.13
MALLCOM,999.4,2026-07-27,-3.36,-8.16,-0.73,-8.26,-5.74,-24.72
CHOLAFIN,1785.2,2026-07-27,0.17,-1.38,-0.74,14.43,9.0,18.85
ALLCARGO,8.09,2026-07-27,0.37,-0.74,-0.74,-12.82,-12.92,-76.45
REDINGTON,278.15,2026-07-27,3.21,-1.82,-0.75,29.79,13.52,-3.38
EPACK,232.1,2026-07-27,-3.62,-4.01,-0.75,-13.92,2.0,-34.68
HOMEFIRST,1182.5,2026-07-27,-7.12,-6.23,-0.77,3.1,-5.09,-19.67
POCL,522.8,2026-07-27,-6.76,-9.05,-0.78,5.92,-1.1,19.38
MAHESHWARI,73.5,2026-07-27,0.68,0.68,-0.78,45.92,73.64,21.17
RACLGEAR,1332.2,2026-07-27,0.57,2.45,-0.78,3.32,32.7,33.23
WINSOME,2.39,2026-07-27,6.22,16.59,-0.83,33.52,43.98,31.32
CERA,6205.5,2026-07-27,0.36,0.94,-0.84,19.21,28.81,-5.09
BLKASHYAP,54.11,2026-07-27,-6.71,-9.0,-0.88,2.4,14.49,-24.25
TARMAT,50.44,2026-07-27,0.36,2.98,-0.9,-6.12,1.98,-9.04
RVHL,45.53,2026-07-27,0.04,1.61,-0.91,10.54,1.95,0.22
MASKINVEST,151.0,2026-07-27,0.34,-2.58,-0.92,-11.07,-3.0,-8.74
PONNIERODE,311.5,2026-07-27,-3.99,-5.48,-0.92,5.08,21.84,5.89
AARTIPHARM,684.35,2026-07-27,-1.95,-4.66,-0.92,-3.98,-10.53,-27.17
SMARTWORKS,485.0,2026-07-27,-0.22,2.26,-0.93,11.92,9.78,16.31
ORIENTHOT,137.35,2026-07-27,-3.94,3.45,-0.94,39.15,37.22,-5.94
VTL,628.25,2026-07-27,-0.44,-3.44,-0.95,5.13,53.18,34.18
IIFLCAPS,337.7,2026-07-27,-0.18,0.16,-0.95,5.5,1.97,11.1
BSOFT,293.45,2026-07-27,0.72,-1.95,-0.97,-19.92,-25.31,-24.29
VAKRANGEE,6.09,2026-07-27,2.7,-0.49,-0.98,-13.25,-13.25,-38.36
GVPTECH,6.97,2026-07-27,2.35,2.5,-0.99,0.0,-13.63,-32.79
MIRZAINT,35.14,2026-07-27,-7.82,-7.28,-0.99,6.78,2.39,-1.4
ALPHAETF,25.89,2026-07-27,-0.61,-1.78,-0.99,2.25,7.16,3.11
PILANIINVS,4345.2,2026-07-27,-0.53,-2.56,-0.99,-8.73,-6.0,-14.83
MCLOUD,26.86,2026-07-27,-5.72,-9.29,-1.0,-0.11,22.37,-68.05
HALDER,233.71,2026-07-27,2.41,2.62,-1.0,-4.58,-12.54,
WHIRLPOOL,794.8,2026-07-27,2.75,0.56,-1.0,-20.18,0.92,-42.97
INA,112.04,2026-07-27,-5.94,-7.04,-1.01,-24.07,,
PARAS,1221.3,2026-07-27,1.22,-0.26,-1.01,51.13,89.19,56.1
NV20IETF,13.62,2026-07-27,-1.66,-1.38,-1.02,-3.61,-9.56,-4.82
IOB,34.12,2026-07-27,-2.51,-0.09,-1.02,-3.4,-1.47,-11.26
PREMIERENE,1039.9,2026-07-27,-4.28,-6.27,-1.02,1.77,47.07,-4.38
RVTH,709.5,2026-07-27,1.65,-0.74,-1.02,15.41,4.34,-32.87
ANNAPURNA,129.5,2026-07-24,-1.56,-2.78,-1.03,-23.12,-33.16,-54.0
VAL30IETF,15.35,2026-07-27,-0.78,-0.2,-1.03,-4.12,1.25,17.0
UNITEDTEA,472.95,2026-07-27,2.2,0.84,-1.03,-12.4,0.4,2.31
INNOVISION,283.55,2026-07-27,-1.83,-2.38,-1.03,-14.19,,
NSIL,5445.0,2026-07-27,-0.08,-0.86,-1.05,-5.05,-4.41,-21.16
HDFCVALUE,125.65,2026-07-27,-1.7,-1.71,-1.06,-3.8,-9.52,-4.86
EMMVEE,333.6,2026-07-27,-0.76,-1.65,-1.08,26.49,71.19,
INM,175.0,2026-07-24,4.76,1.83,-1.1,2.94,-15.46,-66.33
PARADEEP,134.64,2026-07-27,-2.6,-6.1,-1.1,-0.93,5.46,-28.54
ATLASCYCLE,97.47,2026-07-27,-2.9,-0.43,-1.1,-5.6,3.71,-23.85
ZAGGLE,203.34,2026-07-27,-2.14,-6.64,-1.1,-21.93,-26.21,-46.92
OMFURN,53.95,2026-07-24,-3.66,0.0,-1.1,-9.33,-6.17,-48.0
SADHAV,116.0,2026-07-24,1.89,1.0,-1.11,3.34,12.62,-2.15
PACEDIGITK,197.8,2026-07-27,-2.29,-6.8,-1.11,8.68,16.82,
AMEYA,102.85,2026-07-24,-10.95,-7.96,-1.11,-4.77,14.28,-14.72
VALUE,16.07,2026-07-27,0.15,-0.63,-1.11,-4.21,,
JTEKTINDIA,133.29,2026-07-27,-0.91,-7.5,-1.12,2.74,0.31,0.58
MONQ50,142.17,2026-07-27,0.74,-2.9,-1.12,12.76,42.26,83.09
MOTISONS,13.96,2026-07-27,-0.21,-2.04,-1.13,-0.64,27.26,-34.61
MON100,322.11,2026-07-27,-1.78,-3.09,-1.14,9.15,36.18,60.01
SUDARCOLOR,360.0,2026-07-27,-1.32,-5.57,-1.14,-0.89,3.18,-39.14
JMFINANCIL,124.36,2026-07-27,0.47,-2.28,-1.15,-10.17,-0.96,-24.46
CAMS,785.05,2026-07-27,1.87,-0.09,-1.15,3.85,13.66,-1.06
KIRLFER,480.95,2026-07-27,0.14,2.43,-1.15,9.98,7.04,7.04
VSTTILLERS,4430.2,2026-07-27,-1.36,-5.2,-1.18,-14.97,-18.01,-3.26
ARVINDFASN,463.7,2026-07-27,-2.33,-2.35,-1.18,2.44,8.4,-6.99
TRACXN,30.08,2026-07-27,0.23,-1.22,-1.18,-9.34,-8.32,-46.48
FORTIS,942.3,2026-07-27,-0.83,-2.1,-1.2,-1.1,12.51,11.56
MEDIORG,24.7,2026-07-24,7.86,5.78,-1.2,-15.41,4.44,-40.7
DCMSHRIRAM,1032.9,2026-07-27,0.16,-0.28,-1.21,-13.69,-8.6,-25.45
ABMKNO,197.99,2026-07-27,2.7,-2.84,-1.23,-14.84,,
VIJAYA,1350.8,2026-07-27,1.21,-2.74,-1.24,21.47,39.49,26.44
JINDALPOLY,635.4,2026-07-27,-4.63,-7.59,-1.24,-8.17,66.47,7.72
GLOTTIS,66.67,2026-07-27,0.71,-0.55,-1.24,4.86,28.14,
AVALON,1728.2,2026-07-27,0.68,0.42,-1.26,59.52,117.41,109.91
VARDHACRLC,44.04,2026-07-27,1.52,-0.56,-1.26,23.33,19.54,-9.12
GILT10BETA,26.32,2026-07-27,-1.83,-2.3,-1.28,0.69,1.04,1.04
VAML,437.15,2026-07-27,0.13,-3.06,-1.28,,,
JNKINDIA,469.4,2026-07-27,0.14,-7.04,-1.28,23.65,129.77,43.34
ISFT,77.07,2026-07-27,6.05,-0.75,-1.29,1.93,-10.32,-25.07
CANBK,127.26,2026-07-27,-1.21,-1.6,-1.31,-6.45,-15.03,18.69
HINDOILEXP,157.98,2026-07-27,-2.45,2.36,-1.31,3.05,9.62,-2.43
GROBTEA,899.95,2026-07-27,-1.04,-1.23,-1.33,-3.38,0.22,-17.58
PREMIER,2.94,2026-07-27,2.08,1.03,-1.34,1.38,1.03,-26.32
MOTOUR,78.81,2026-07-27,-0.35,-2.63,-1.34,6.38,3.6,-13.9
GILT5BETA,65.64,2026-07-27,0.98,-0.55,-1.35,0.2,2.24,4.17
JIOFIN,236.17,2026-07-27,-1.15,-2.17,-1.36,-6.89,-7.76,-24.0
UMIYA-MRO,89.82,2026-07-27,0.16,-0.19,-1.38,2.56,12.08,7.92
GOLDKART,135.0,2026-07-24,0.0,-1.39,-1.39,-32.16,-48.06,-33.28
GKSL,127.39,2026-07-27,0.28,-4.86,-1.42,10.35,27.2,
ASTRAL,1465.8,2026-07-27,4.99,10.14,-1.42,-4.51,4.66,2.05
ITC,285.85,2026-07-27,1.11,2.22,-1.43,-3.36,-5.92,-26.77
ADANIPORTS,1770.4,2026-07-27,-3.99,-2.2,-1.43,9.17,30.35,27.33
GLOBAL,103.99,2026-07-27,3.82,2.49,-1.43,0.46,34.98,58.25
BALMLAWRIE,176.65,2026-07-27,-1.47,-1.5,-1.46,-3.56,9.66,-13.05
DICIND,502.2,2026-07-27,-1.19,-4.19,-1.46,-6.77,-1.62,-20.31
PSB,23.89,2026-07-27,-2.29,-3.23,-1.46,-5.56,-10.87,-18.77
INFRA,12.13,2026-07-27,-2.02,-1.3,-1.46,0.75,,
IWP,32.88,2026-07-27,1.67,-1.65,-1.47,-4.42,,
BEEKAY,395.3,2026-07-27,-2.4,-1.54,-1.47,-9.05,,
TVSELECT,494.0,2026-07-27,-3.69,-3.85,-1.5,4.89,33.1,19.08
BOROLTD,233.73,2026-07-27,-0.65,-9.04,-1.51,-8.78,-4.74,-29.17
ALEMBICLTD,90.15,2026-07-27,-0.13,0.35,-1.52,-2.42,-1.3,-19.94
GREENLAM,256.3,2026-07-27,1.46,-1.78,-1.52,14.6,3.92,3.9
VASWANI,52.68,2026-07-27,-0.27,-2.08,-1.53,-8.51,1.13,0.53
INFRABEES,963.34,2026-07-27,-1.1,-0.62,-1.53,-0.12,4.11,2.65
SBCL,742.25,2026-07-27,-0.64,1.3,-1.56,16.07,83.3,34.94
INDUSTOWER,387.4,2026-07-27,-3.63,-5.41,-1.56,-3.7,-8.32,-1.56
KPIGREEN,392.45,2026-07-27,-4.96,-2.22,-1.57,-14.9,-3.99,-24.37
EIHAHOTELS,316.95,2026-07-27,0.27,-2.85,-1.58,-1.15,-0.92,-17.39
HARIOMPIPE,395.0,2026-07-27,-1.21,3.42,-1.58,20.54,-3.25,-13.24
ABSL10BANK,169.29,2026-07-27,-2.12,-2.93,-1.58,1.13,,
SUPERHOUSE,157.12,2026-07-27,-9.15,-0.05,-1.58,3.19,11.25,-9.41
BANKNIFTY1,59.36,2026-07-27,-1.36,-1.48,-1.59,2.26,-90.28,-89.83
ECOSMOBLTY,131.47,2026-07-27,0.01,2.13,-1.59,-6.82,-24.05,-59.19
ANDHRAPAP,62.59,2026-07-27,2.83,1.34,-1.6,-7.38,0.71,-18.02
KDDL,3119.0,2026-07-27,-2.26,-7.26,-1.62,23.07,49.82,9.49
HILINFRA,46.37,2026-07-27,6.21,2.36,-1.63,-9.98,-10.36,
MOTHERSON,148.97,2026-07-27,3.99,3.59,-1.64,16.65,36.49,49.18
BANKIETF,58.68,2026-07-27,-1.43,-1.48,-1.64,2.18,-2.96,11.6
GODFRYPHLP,2210.5,2026-07-27,3.61,5.67,-1.64,4.56,9.58,-23.61
TOP10ADD,86.79,2026-07-27,-1.25,-1.18,-1.65,-1.42,-10.36,-9.96
IOC,141.52,2026-07-27,-0.62,1.12,-1.65,-3.24,-9.81,2.67
FCL,40.22,2026-07-27,2.11,11.17,-1.66,74.79,90.62,49.86
VHL,3503.3,2026-07-27,-1.26,-0.4,-1.66,4.31,12.8,-14.48
CENTUM,3503.1,2026-07-27,-5.69,-6.36,-1.66,22.13,56.66,53.73
BAHETI,709.9,2026-07-24,-0.27,-0.06,-1.66,24.31,22.13,19.52
MOVALUE,113.54,2026-07-27,-1.55,-0.82,-1.67,-5.12,-3.33,9.48
NMDC,83.52,2026-07-27,-0.39,-0.73,-1.67,-7.63,9.16,21.79
VISL,30.36,2026-07-27,-7.78,-16.62,-1.68,,,
NV20BEES,139.09,2026-07-27,-1.71,-2.26,-1.68,-4.12,-10.0,46.07
RKEC,26.96,2026-07-27,2.55,-2.35,-1.68,-26.1,-39.25,-59.27
SARDAEN,512.3,2026-07-27,2.0,2.45,-1.69,-16.39,7.4,17.78
HDFCNIFBAN,58.79,2026-07-27,-1.54,-1.56,-1.69,2.14,-3.35,1.48
METROGLOBL,130.92,2026-07-27,-1.82,-3.09,-1.71,2.04,,
REGAAL,77.58,2026-07-27,-0.97,-4.61,-1.71,-10.92,27.47,
THELEELA,475.6,2026-07-27,-3.44,-5.11,-1.72,11.41,16.14,6.86
RAMCOIND,336.85,2026-07-27,-4.94,-9.45,-1.72,25.0,9.3,18.16
CONCORDBIO,1256.4,2026-07-27,-5.32,-6.49,-1.72,19.47,3.43,-32.37
ASIANTILES,53.42,2026-07-27,15.38,10.3,-1.73,-31.09,-22.98,-6.79
RUCHIRA,110.42,2026-07-27,6.45,5.23,-1.73,-6.57,-3.57,-15.87
BANKBEES,591.44,2026-07-27,-1.46,-1.55,-1.74,1.98,-3.22,1.63
EXPLEOSOL,812.0,2026-07-27,-1.53,-1.34,-1.74,-0.92,-8.66,-33.51
AGARWALEYE,476.2,2026-07-27,-1.75,-4.35,-1.74,7.66,6.78,3.86
MEIL,300.95,2026-07-27,-0.17,0.42,-1.75,0.11,3.72,
NPST,1557.1,2026-07-27,1.75,-2.35,-1.75,29.37,25.29,-14.63
THOMASCOTT,315.15,2026-07-27,2.62,-5.87,-1.76,17.9,0.57,-6.87
EMKAYTOOLS,91.35,2026-07-24,-1.83,-3.64,-1.77,-19.87,-3.94,-56.6
STYLEBAAZA,274.95,2026-07-27,-5.19,-10.45,-1.77,-29.66,-18.42,1.38
EBANKNIFTY,57.43,2026-07-27,-1.66,-2.18,-1.78,1.83,-3.5,0.91
INFRAIETF,95.63,2026-07-27,-1.67,-0.99,-1.78,-0.74,3.51,2.65
SILGO,74.31,2026-07-27,-0.11,-0.12,-1.78,-2.45,3.97,34.3
AROGRANITE,25.25,2026-07-27,0.68,-1.75,-1.79,-6.17,-6.83,-32.86
SETFNIFBK,587.2,2026-07-27,-1.45,-1.54,-1.8,1.96,-3.05,1.64
PWL,123.09,2026-07-27,-7.47,-13.69,-1.8,14.71,1.54,
VIMTALABS,587.15,2026-07-27,10.73,5.55,-1.81,27.5,15.77,0.75
COALINDIA,427.5,2026-07-27,-0.44,-0.63,-1.81,-5.52,2.42,20.16
MONTECARLO,546.85,2026-07-27,2.22,1.79,-1.81,-2.0,-6.2,-5.35
ABSLBANETF,58.54,2026-07-27,-1.6,-1.61,-1.81,2.13,-3.18,1.54
PANACHE,426.45,2026-07-27,-1.11,-5.0,-1.82,34.93,75.13,57.36
CORDSCABLE,204.57,2026-07-27,-1.18,-0.61,-1.83,11.98,33.5,0.12
HINDCOPPER,482.4,2026-07-27,0.07,-3.12,-1.83,-13.76,-14.05,87.52
SUMMITSEC,1496.5,2026-07-27,-0.07,-4.8,-1.83,-9.69,-10.98,-28.0
UCOBANK,26.66,2026-07-27,0.08,0.72,-1.84,2.09,-4.93,-10.72
GTPL,59.86,2026-07-27,-4.12,-0.6,-1.84,-10.34,-23.45,-49.65
BANKBETA,59.13,2026-07-27,-1.42,-1.7,-1.84,2.23,-3.11,
OLIL,420.0,2026-07-24,-1.87,-0.24,-1.85,33.08,38.39,97.55
DHARMAJ,260.15,2026-07-27,0.1,1.54,-1.85,1.27,20.55,-15.73
CPS,1039.5,2026-07-24,5.0,2.4,-1.86,-4.19,-2.67,41.92
RAMANEWS,28.52,2026-07-27,-1.14,-2.06,-1.86,-10.57,-7.01,-13.89
AURUS,4.74,2026-07-27,0.0,2.38,-1.86,-15.51,-0.42,-36.55
ADVANIHOTR,52.25,2026-07-27,0.97,-1.15,-1.86,-3.29,-4.89,-11.01
ECAPINSURE,23.74,2026-07-27,-1.66,-3.65,-1.86,-0.17,1.93,2.59
GSFC,160.08,2026-07-27,0.53,-1.0,-1.87,-8.47,-7.98,-18.47
REXPIPES,171.0,2026-07-24,0.0,-1.87,-1.87,-12.76,24.14,15.54
NUCLEUS,731.5,2026-07-27,-2.25,-5.42,-1.88,-7.71,-14.55,-28.91
BELLACASA,240.35,2026-07-27,-1.33,-5.84,-1.88,-9.13,-26.57,-42.85
ENERGY,39.02,2026-07-27,-2.16,-0.74,-1.89,-4.08,17.18,
AONETMMQ50,10.01,2026-07-27,0.23,-0.64,-1.9,0.35,,
RUPA,164.0,2026-07-27,-1.44,-4.66,-1.9,5.19,10.83,-22.42
INDBANK,33.1,2026-07-27,-0.99,-0.66,-1.9,-3.27,-8.23,-0.12
BANKETF,581.47,2026-07-27,-1.65,-1.84,-1.9,1.95,-3.43,1.52
SWANCORP,312.2,2026-07-27,0.24,-3.48,-1.9,-7.54,-22.56,-34.04
AKSHARCHEM,235.0,2026-07-27,-0.01,1.88,-1.91,17.34,3.3,-24.33
MOLOWVOL,36.99,2026-07-27,-0.13,0.33,-1.91,0.6,-2.86,-1.96
BSL,124.95,2026-07-27,-1.69,-2.68,-1.91,-3.0,-5.97,-17.43
NITINSPIN,539.85,2026-07-27,-1.79,-4.16,-1.92,21.63,62.29,41.88
GREENPANEL,191.86,2026-07-27,-0.52,-2.15,-1.92,-9.17,-8.44,-40.14
INDGN,508.05,2026-07-27,-0.21,-0.68,-1.93,2.16,9.29,-8.6
APOLLOTYRE,419.95,2026-07-27,-2.04,-4.69,-1.93,-1.45,-16.11,-6.54
ZUARIIND,255.6,2026-07-27,-2.09,-4.96,-1.94,-5.68,-2.8,-3.26
MUFIN,125.61,2026-07-27,-2.36,-3.18,-1.94,7.18,14.46,41.64
RACE,109.03,2026-07-27,-0.8,-1.33,-1.96,-12.88,7.62,-54.23
BANKADD,58.45,2026-07-27,-1.67,-1.81,-1.96,1.99,-3.36,1.37
TREEHOUSE,6.46,2026-07-27,5.73,-0.15,-1.97,-20.25,-10.4,-6.38
GROWWRAIL,28.81,2026-07-27,-0.93,-0.24,-1.97,-12.75,-12.27,-21.84
BCPL,70.75,2026-07-27,0.17,-0.39,-1.98,0.82,,
NEXTMEDIA,3.96,2026-07-27,1.02,0.0,-1.98,-9.17,-25.14,-38.79
ESABINDIA,5621.5,2026-07-27,-4.23,-0.73,-1.98,-7.01,4.2,6.07
GMRP&UI,97.62,2026-07-27,0.5,-2.25,-1.99,-10.56,-5.75,-13.2
GATECH,0.49,2026-07-27,4.26,2.08,-2.0,4.26,4.26,-20.97
URBAN,133.75,2026-07-24,7.13,6.11,-2.01,-4.46,-3.08,-23.57
VERITAAS,36.3,2026-07-24,0.0,-9.59,-2.02,-31.64,-17.5,-58.08
INGERRAND,4378.9,2026-07-27,-4.03,-1.47,-2.03,3.88,39.5,12.34
PARKHOSPS,279.7,2026-07-27,0.25,-3.7,-2.03,18.08,83.99,
BANKBETF,57.97,2026-07-27,-1.75,-1.7,-2.03,1.79,-3.27,1.2
DOLLAR,257.7,2026-07-27,-1.6,-4.17,-2.05,-17.59,-16.51,-31.96
HMAAGRO,21.53,2026-07-27,-0.87,-1.6,-2.05,-11.83,-16.23,-28.69
AHLUCONT,830.65,2026-07-27,-1.66,-3.59,-2.06,-4.68,0.11,-17.76
LUMAXIND,5182.0,2026-07-27,-0.04,-4.09,-2.07,2.59,10.33,36.6
NATHBIOGEN,164.88,2026-07-27,0.81,-0.06,-2.09,-5.12,18.63,-9.92
ARCHIES,13.99,2026-07-27,-0.07,-2.91,-2.1,-3.45,-10.89,-28.84
AXITA,7.41,2026-07-27,0.82,-0.13,-2.11,-9.85,-15.8,-9.43
TATACONSUM,1107.4,2026-07-27,1.42,0.8,-2.11,-3.77,-5.95,5.92
MOENERGY,38.95,2026-07-27,-2.04,-1.09,-2.11,-4.07,16.97,
CARYSIL,1154.1,2026-07-27,-2.01,-2.49,-2.12,26.37,53.25,31.67
DJML,114.49,2026-07-27,7.34,2.41,-2.12,24.9,55.6,1.14
ORICONENT,54.35,2026-07-27,-7.49,-3.52,-2.12,-16.0,-17.61,21.94
DCW,47.17,2026-07-27,1.16,-3.95,-2.12,2.99,8.53,-40.15
NTPCGREEN,93.69,2026-07-27,1.86,-0.91,-2.12,-21.18,4.03,-11.43
HERITGFOOD,327.2,2026-07-27,-1.62,-2.19,-2.12,-8.48,-17.43,-28.33
CLSEL,279.3,2026-07-27,4.82,-2.68,-2.12,-0.48,20.28,-15.01
LGBBROSLTD,1553.8,2026-07-27,0.17,-1.93,-2.12,-12.01,-7.06,22.19
CIPLA,1409.4,2026-07-27,-2.23,-1.21,-2.13,8.0,8.35,-7.17
DENEERS,194.65,2026-07-24,-1.94,12.71,-2.14,25.02,29.64,-38.6
TOKYOPLAST,81.38,2026-07-27,-1.0,-3.19,-2.14,-12.21,-18.2,-30.46
ABLBL,95.47,2026-07-27,0.12,-3.8,-2.15,-9.8,-6.81,-34.51
BATAINDIA,699.65,2026-07-27,-0.12,0.58,-2.16,-4.31,-17.47,-41.49
MBEL,296.95,2026-07-27,-6.44,-12.07,-2.16,-10.99,0.27,
HARSHA,405.75,2026-07-27,-3.66,-3.95,-2.17,3.75,12.46,-0.42
GMBREW,905.6,2026-07-27,-1.83,-1.24,-2.19,-6.13,-4.77,27.64
ATL,23.68,2026-07-27,1.02,0.38,-2.19,-8.36,3.5,-26.69
ENIL,106.06,2026-07-27,-2.24,0.08,-2.19,-9.0,-7.1,-27.49
MBLINFRA,24.45,2026-07-27,-2.86,-4.75,-2.2,-5.89,-0.81,-42.77
VIKRAMSOLR,181.19,2026-07-27,-5.23,-7.2,-2.21,-19.82,-9.04,
SCML,75.2,2026-07-24,-4.93,-2.53,-2.21,-44.71,-39.5,-3.59
RBLBANK,362.85,2026-07-27,-1.52,-4.66,-2.21,16.0,22.85,43.1
BBNPNBETF,57.55,2026-07-27,-1.47,-1.42,-2.21,1.46,-3.29,1.23
WELSPUNLIV,163.53,2026-07-27,0.09,-6.09,-2.21,23.27,29.89,19.52
IDBI,84.48,2026-07-27,-0.65,0.49,-2.22,8.95,-13.1,-9.39
MERCANTILE,24.69,2026-07-27,4.18,-1.52,-2.22,13.52,,
LOVABLE,71.21,2026-07-27,-4.57,-9.05,-2.24,-7.53,1.41,-25.55
ZEEL,108.86,2026-07-27,1.42,7.43,-2.24,19.06,37.29,-10.15
MOMIDMTM,63.14,2026-07-27,-0.22,-0.99,-2.24,0.53,4.55,1.1
SHANTIGOLD,216.91,2026-07-27,2.16,1.92,-2.25,5.0,8.37,
TIMESCAN,41.05,2026-07-24,1.99,-3.3,-2.26,1.11,-0.12,-34.84
SULA,150.85,2026-07-27,0.56,-0.09,-2.26,-13.92,-18.43,-47.91
VINYLINDIA,251.2,2026-07-27,1.84,-0.91,-2.26,-0.2,21.24,-15.3
MOMENTUM50,52.44,2026-07-27,-0.51,-0.7,-2.26,1.73,4.86,0.29
SETUINFRA,0.43,2026-07-27,-6.52,-2.27,-2.27,-33.85,7.5,-29.51
SIRCA,397.75,2026-07-27,1.23,-1.2,-2.28,-8.34,-13.63,-4.39
HDFCMOMENT,30.69,2026-07-27,-0.26,-0.62,-2.29,-0.42,-0.07,-0.52
BAJAJHFL,85.5,2026-07-27,-0.62,-3.47,-2.29,-6.12,-3.53,-26.94
GRMOVER,90.12,2026-07-27,-0.96,-4.87,-2.3,-45.1,-43.84,-28.7
STEELCITY,75.57,2026-07-27,-1.51,-2.15,-2.3,-7.75,-7.85,-27.2
GROWWMOM50,10.62,2026-07-27,-0.19,-0.47,-2.3,1.82,5.09,0.72
ASAHIINDIA,878.15,2026-07-27,-1.31,-4.96,-2.31,2.71,-11.47,5.25
DIGIKORE,50.6,2026-07-24,-0.98,-1.08,-2.32,-26.4,-20.57,-71.74
NRBBEARING,419.25,2026-07-27,3.58,-1.14,-2.32,46.96,79.38,51.26
BLIL,69.97,2026-07-27,0.39,-0.11,-2.33,-4.02,,
MEESHO,182.1,2026-07-27,-1.92,-4.04,-2.33,1.4,11.46,
JKLAKSHMI,574.2,2026-07-27,0.47,2.94,-2.33,-11.69,-25.03,-38.55
SKIPPER,520.65,2026-07-27,-4.45,-6.36,-2.34,8.98,52.64,13.66
TATASTEEL,184.25,2026-07-27,-1.16,-1.53,-2.36,-11.83,-2.2,16.49
BENGALASM,6215.5,2026-07-27,-0.48,-2.64,-2.36,-1.52,,
ORIENTELEC,172.98,2026-07-27,-0.25,-1.68,-2.37,-10.21,-1.94,-21.58
LTFOODS,376.4,2026-07-27,-2.32,-2.2,-2.37,-12.22,5.94,-22.37
SBIN,1020.6,2026-07-27,-3.72,-1.58,-2.37,-6.55,-1.34,28.82
RSDFIN,82.0,2026-07-27,-7.22,2.5,-2.38,0.12,,
TUNWAL,26.5,2026-07-24,-0.38,2.32,-2.39,-15.47,-14.38,-11.23
PAGEIND,39970.0,2026-07-27,-0.88,0.04,-2.39,6.42,23.84,-12.39
GTECJAINX,28.64,2026-07-27,3.99,10.84,-2.39,48.55,34.52,6.07
THEINVEST,96.4,2026-07-27,-0.74,-1.81,-2.39,-11.89,-3.12,-43.98
GOKEX,834.25,2026-07-27,-1.31,-2.63,-2.4,15.14,53.72,-7.46
SIYSIL,624.7,2026-07-27,-2.32,-3.05,-2.4,11.71,14.48,-7.24
KILITCH,180.85,2026-07-27,1.52,0.63,-2.41,18.07,14.53,-17.61
BFSI,27.12,2026-07-27,-1.92,-2.59,-2.41,0.26,-2.76,-1.74
RENUKA,21.86,2026-07-27,-1.4,-5.24,-2.41,-22.01,-9.11,-29.26
EMBDL,62.17,2026-07-27,-2.48,-7.11,-2.42,34.33,3.7,-44.69
WEBELSOLAR,99.01,2026-07-27,-3.26,-0.66,-2.43,-14.93,27.2,-28.27
FRONTSP,1380.8,2026-07-27,-1.56,-3.41,-2.43,-5.98,,
SHILCTECH,4407.1,2026-07-27,-1.81,-1.95,-2.43,-17.03,50.75,
POWERMECH,2692.9,2026-07-27,4.84,1.0,-2.43,7.81,32.81,-11.7
GROWWCAPM,11.2,2026-07-27,-2.18,-4.11,-2.44,1.73,16.91,
KAMAHOLD,2543.5,2026-07-27,-2.93,-0.43,-2.44,1.78,,
UGROCAP,95.65,2026-07-27,-2.21,-2.23,-2.44,-10.96,-31.87,-42.95
SUPREMEIND,3338.2,2026-07-27,-2.87,0.11,-2.45,-8.95,-2.4,-21.81
JSWINFRA,321.8,2026-07-27,-7.65,-8.37,-2.46,13.45,24.0,2.65
GALAXYSURF,1962.8,2026-07-27,0.37,-0.93,-2.47,8.27,2.52,-24.28
GODAVARIB,273.9,2026-07-27,3.87,2.89,-2.47,-16.44,8.88,-12.95
BLAL,177.61,2026-07-27,-1.8,-3.79,-2.47,-6.37,-8.23,-15.9
INOXGREEN,199.05,2026-07-27,1.9,4.44,-2.5,9.3,22.92,15.93
IRMENERGY,258.8,2026-07-27,-0.63,-2.71,-2.52,-21.9,11.24,-10.75
VSCL,29.0,2026-07-24,0.0,0.0,-2.52,8.82,36.15,-3.33
AMJLAND,37.68,2026-07-27,0.53,-1.31,-2.53,-11.19,-9.12,-37.59
KAYNES,3181.3,2026-07-27,-4.43,-4.16,-2.55,-24.15,-4.55,-44.12
MOMOMENTUM,61.48,2026-07-27,-0.23,-0.68,-2.57,-0.34,0.11,-1.03
SUNTECK,310.75,2026-07-27,-1.97,-4.07,-2.59,-12.55,-16.08,-25.7
VISHWARAJ,5.25,2026-07-27,0.19,-3.14,-2.6,-11.32,-14.22,-43.97
SBIMIDMOM,62.16,2026-07-27,-0.97,-1.29,-2.6,0.39,,
MOMENTUM30,30.38,2026-07-27,-0.2,-0.65,-2.6,0.1,0.4,
RALLIS,221.59,2026-07-27,-7.62,-3.93,-2.61,-14.1,-15.94,-37.21
VPRPL,28.29,2026-07-27,9.23,6.59,-2.62,-33.47,-35.86,-82.67
DISAQ,12191.0,2026-07-27,2.68,-0.6,-2.62,-1.6,,
PGIL,2016.6,2026-07-27,-3.73,-1.6,-2.63,28.95,48.39,33.46
MOMENTUM,30.67,2026-07-27,-0.55,-0.87,-2.63,-0.94,0.07,-1.16
HEXATRADEX,157.23,2026-07-27,-0.98,-2.55,-2.63,-7.11,-0.49,-14.92
MOXSH,111.0,2026-07-24,8.66,0.91,-2.63,-17.07,26.14,185.35
BIRLACABLE,200.98,2026-07-27,12.09,4.98,-2.64,26.22,62.67,18.13
BYKE,32.75,2026-07-27,-0.61,-2.7,-2.65,-12.06,-29.75,-58.02
ASTRAZEN,8167.5,2026-07-27,1.4,-1.49,-2.66,-4.73,-2.17,-7.89
KHANDSE,17.2,2026-07-27,-1.21,-1.55,-2.66,6.5,-10.56,-32.26
NAHARINDUS,116.5,2026-07-27,0.11,-1.06,-2.67,7.25,25.12,-7.1
MOM30IETF,30.89,2026-07-27,-0.42,-0.61,-2.68,-0.52,0.13,-1.03
ROSSARI,519.95,2026-07-27,0.27,-1.62,-2.69,3.22,-4.82,-27.09
AGRITECH,111.98,2026-07-27,2.61,-0.75,-2.69,-2.99,-15.39,-22.35
DELTACORP,62.71,2026-07-27,-1.89,-3.14,-2.7,-16.87,-0.25,-28.15
BLACKBUCK,547.6,2026-07-27,-4.57,-6.13,-2.7,-11.5,-0.78,17.78
MCX,2755.1,2026-07-27,-2.23,-0.97,-2.71,-2.65,13.94,71.99
MOBANK10,16.88,2026-07-27,-4.16,-3.28,-2.72,0.91,,
SAHANA,893.8,2026-07-24,-3.67,-3.75,-2.73,4.61,11.82,-28.21
SAYAJIHOTL,299.6,2026-07-27,-0.13,-3.35,-2.73,4.03,,
PALASHSECU,89.11,2026-07-27,-0.24,-1.38,-2.74,-6.24,-7.63,-27.89
BOSCH-HCIL,1332.9,2026-07-27,-0.35,-0.31,-2.74,-6.18,3.49,-23.4
SAMBHAAV,6.33,2026-07-27,3.6,-0.63,-2.76,-9.83,-22.99,-14.23
TEAMGTY,229.49,2026-07-27,2.85,-0.74,-2.76,-12.41,-10.7,3.9
SHBAJRG,182.44,2026-07-27,-5.12,-2.76,-2.76,9.02,,
GOKULAGRO,211.55,2026-07-27,0.13,-1.79,-2.77,-6.4,37.26,37.06
DUCOL,108.9,2026-07-24,2.64,1.49,-2.77,-7.75,-23.07,-11.86
WILLAMAGOR,25.45,2026-07-27,-2.15,-0.24,-2.79,-3.6,-12.33,-27.01
SIGMA,37.93,2026-07-27,-0.47,-0.24,-2.79,-15.79,-24.58,-1.41
TREJHARA,138.01,2026-07-27,2.21,-2.29,-2.79,-14.98,-29.95,-36.63
RAJPALAYAM,810.75,2026-07-27,-1.73,-1.43,-2.79,4.74,,
ALPA,66.58,2026-07-27,-2.87,-3.38,-2.8,-2.53,5.68,-34.81
MAHASTEEL,769.2,2026-07-27,-6.12,-12.75,-2.81,-8.61,-4.86,113.67
AKCAPIT,1749.6,2026-07-27,-4.38,-0.78,-2.82,12.3,,
LGEINDIA,1526.8,2026-07-27,-3.15,-1.08,-2.83,-4.92,9.05,
JMA,88.88,2026-07-27,-0.22,-0.25,-2.83,-2.45,18.46,-0.09
SAAKSHI,299.9,2026-07-24,1.82,-0.83,-2.83,45.41,66.52,58.68
MOCAPITAL,53.14,2026-07-27,-2.46,-4.41,-2.83,,,
EMULTIMQ,40.92,2026-07-27,-0.7,-1.63,-2.83,-2.22,1.92,-1.45
GRSE,2647.5,2026-07-27,3.35,0.26,-2.84,-7.15,11.19,3.56
SAHLIBHFI,78.2,2026-07-27,-1.14,0.26,-2.85,-3.21,,
BHARATGEAR,127.48,2026-07-27,7.67,3.38,-2.85,16.15,18.93,37.03
SAMMAANCAP,164.96,2026-07-27,0.74,0.03,-2.86,15.03,18.88,30.22
ICICIB22,115.53,2026-07-27,-0.81,-1.45,-2.87,-8.14,-1.19,7.55
KANSAINER,203.88,2026-07-27,1.33,0.77,-2.87,2.49,-8.43,-15.78
GREENPLY,294.75,2026-07-27,-8.33,-7.02,-2.87,18.89,34.8,-11.01
DIAMONDYD,1097.6,2026-07-27,-5.03,-8.31,-2.88,9.48,2.84,10.34
REMSONSIND,79.63,2026-07-27,-1.98,1.39,-2.88,-28.03,-24.91,-39.41
BANK10ADD,16.89,2026-07-27,-2.48,-3.15,-2.88,0.84,,
GANGESSECU,116.75,2026-07-27,0.72,-0.43,-2.89,-7.29,-3.23,-27.89
SERVOTECH,95.6,2026-07-27,-4.34,-1.7,-2.89,5.66,61.05,-30.82
RELIANCE,1280.0,2026-07-27,-3.26,-1.3,-2.89,-5.85,-6.85,-7.23
PFC,420.1,2026-07-27,1.51,3.7,-2.9,-11.54,18.24,5.0
KOVAI,5844.0,2026-07-27,-1.38,-2.53,-2.91,-1.87,126.81,126.81
JKIL,489.0,2026-07-27,-1.48,-3.41,-2.91,-5.34,-12.19,-32.01
SOBHA,1361.2,2026-07-27,-6.49,-10.31,-2.93,-4.46,-0.21,-15.31
HUDCO,202.16,2026-07-27,0.12,-3.84,-2.93,-5.94,3.37,-4.96
RELAXO,401.4,2026-07-27,-8.16,0.64,-2.94,30.2,9.6,-16.12
CENTRALBK,31.25,2026-07-27,-2.5,-4.49,-2.95,-13.03,-11.9,-12.94
TOUCHWOOD,67.0,2026-07-27,-0.76,-4.72,-2.95,-11.2,-28.94,-33.98
GSTL,18.05,2026-07-24,1.12,22.37,-2.96,-39.83,16.45,37.26
KOKUYOCMLN,85.86,2026-07-27,1.95,-1.0,-2.96,-8.1,5.17,-24.51
EFACTOR,173.2,2026-07-24,8.01,8.25,-2.97,-27.53,-33.38,-26.59
ASPIRE,14.65,2026-07-24,8.52,8.52,-2.98,-9.29,-12.8,-48.69
FOSECOIND,5036.5,2026-07-27,-1.96,-2.94,-2.98,5.28,13.7,3.81
TATAPOWER,377.35,2026-07-27,-1.81,-0.13,-2.98,-16.22,9.18,-3.96
LAXMIDENTL,218.05,2026-07-27,-2.75,-1.75,-2.99,13.29,9.41,-52.47
TOLINS,102.89,2026-07-27,-1.93,-1.11,-2.99,-6.71,-11.13,-34.28
INTELLECT,717.7,2026-07-27,-3.57,-6.9,-3.0,2.25,-19.11,-30.08
VLSFINANCE,254.35,2026-07-27,-2.4,-0.47,-3.02,6.63,-2.47,7.56
SPCL,69.15,2026-07-24,2.83,-0.22,-3.02,-16.13,-24.76,-41.4
HDFCPVTBAN,27.92,2026-07-27,-1.83,-2.72,-3.02,2.8,-2.92,-1.2
PSUBNKBEES,93.52,2026-07-27,-2.75,-1.14,-3.04,-4.83,-6.19,19.67
ASMS,7.01,2026-07-27,-2.77,-0.57,-3.04,-15.44,-42.3,-47.33
KEEPLEARN,1.9,2026-07-27,3.26,1.6,-3.06,-9.95,-19.15,-39.68
KIRLOSIND,3807.2,2026-07-27,-1.54,-7.39,-3.08,14.41,19.29,-9.92
GILLANDERS,88.14,2026-07-27,-1.17,-1.33,-3.1,-2.01,-2.89,-33.03
SMLT,67.54,2026-07-27,1.46,-0.32,-3.11,-4.71,1.24,-42.55
WIPL,169.07,2026-07-27,0.31,-2.25,-3.12,6.93,17.08,9.94
GROWWPSUBK,83.98,2026-07-27,-0.18,-1.11,-3.12,-5.02,,
PSUBANKADD,84.79,2026-07-27,-2.57,-0.66,-3.13,-4.62,-5.56,20.24
BALUFORGE,439.75,2026-07-27,-1.5,-5.94,-3.13,-9.0,21.01,-30.03
GOCLCORP,395.95,2026-07-27,-1.28,-1.74,-3.14,19.1,58.41,5.57
NAHARCAP,244.53,2026-07-27,-2.74,-2.44,-3.16,-2.51,9.56,-20.62
HEMIPROP,135.14,2026-07-27,-0.38,-3.33,-3.16,4.74,5.5,2.38
MWL,35.9,2026-07-27,-2.36,-3.02,-3.17,19.21,30.8,105.2
AADHARHFC,502.0,2026-07-27,-1.67,-6.33,-3.18,1.67,5.78,1.13
JAINREC,338.45,2026-07-27,3.23,-0.01,-3.18,-19.39,-11.12,
CRIZAC,194.98,2026-07-27,4.81,-1.98,-3.18,-9.53,-15.77,-37.94
PSUBNKIETF,84.96,2026-07-27,-2.68,-0.94,-3.19,-4.76,-6.08,19.78
SONAL,90.08,2026-07-27,1.21,-0.46,-3.19,-9.74,,
FLAIR,256.75,2026-07-27,1.32,-2.8,-3.19,-21.24,-15.35,-19.19
PIGL,109.07,2026-07-27,-1.88,-4.97,-3.22,-5.03,11.01,-10.14
VEDL,264.65,2026-07-27,1.07,-1.85,-3.22,-64.36,-61.86,-37.1
MADRASFERT,66.55,2026-07-27,-1.39,-2.8,-3.23,-3.37,-9.3,-25.32
VEEKAYEM,122.0,2026-07-24,-4.69,-6.15,-3.25,-17.01,18.56,-51.47
ALLTIME,226.87,2026-07-27,-6.07,-3.56,-3.26,-6.97,-0.17,
SONAMAC,34.0,2026-07-24,6.42,6.58,-3.27,-20.47,-13.04,-56.88
ZEEMEDIA,7.96,2026-07-27,-1.49,-4.21,-3.28,-6.79,3.92,-41.47
REPL,63.59,2026-07-27,-1.91,-4.32,-3.3,-21.46,-32.74,-64.07
HONDAPOWER,2124.2,2026-07-27,1.1,-0.9,-3.3,-5.16,6.12,-22.35
PETRONET,272.9,2026-07-27,-0.78,-2.17,-3.31,-1.38,-0.59,-6.16
AHCL,15.75,2026-07-27,5.0,2.34,-3.31,9.91,24.51,
GLOSTERLTD,677.75,2026-07-27,1.31,0.05,-3.31,15.89,19.59,7.04
PVTBANIETF,27.66,2026-07-27,-1.67,-2.74,-3.32,2.67,-2.91,-0.36
KONTOR,58.05,2026-07-24,-2.6,-10.55,-3.33,-24.66,-0.09,-31.26
GEOJITFSL,75.16,2026-07-27,-9.36,-8.37,-3.33,16.71,17.14,2.71
SPLIL,30.92,2026-07-27,-5.33,-0.64,-3.34,-6.92,10.82,-23.65
IVP,154.28,2026-07-27,-1.99,-5.09,-3.34,7.47,20.19,-19.17
BANKPSU,84.28,2026-07-27,-2.96,-1.31,-3.35,-5.21,-6.08,19.84
RAJSREESUG,30.83,2026-07-27,-6.35,-3.29,-3.35,-9.46,5.11,-32.82
NPBET,284.31,2026-07-27,-1.64,-2.69,-3.36,2.77,-2.51,-0.09
GROWWPOWER,11.73,2026-07-27,-1.51,-0.17,-3.38,-5.63,28.62,
UCAL,117.67,2026-07-27,-0.51,-1.56,-3.39,16.96,10.02,-21.67
CESC,162.32,2026-07-27,-1.99,0.25,-3.4,-13.66,15.58,-3.08
SALASAR,5.96,2026-07-27,-0.5,-2.93,-3.4,-20.21,-21.16,-18.02
ALBERTDAVD,684.25,2026-07-27,-1.97,-2.57,-3.42,-4.01,1.4,-22.91
KRISHIVAL,390.75,2026-07-27,-1.93,-2.25,-3.42,16.62,26.35,-2.24
SGL,9.86,2026-07-27,-0.7,-1.5,-3.43,-18.24,-7.68,-32.97
GULFOILLUB,1048.2,2026-07-27,4.84,0.34,-3.44,5.56,1.91,-11.22
TATACAP,350.55,2026-07-27,-0.53,-2.72,-3.44,5.29,3.7,
CEATLTD,3369.7,2026-07-27,-1.1,-12.88,-3.45,-4.68,-8.92,0.7
NIPPOBATRY,333.4,2026-07-27,1.85,-1.48,-3.45,3.54,-12.81,-29.15
HDFCPSUBK,84.56,2026-07-27,-2.91,-1.13,-3.46,-5.27,-6.14,19.98
HITECH,86.74,2026-07-27,-0.62,-2.67,-3.46,-4.7,18.71,-6.15
TECILCHEM,9.99,2026-07-27,1.73,6.73,-3.48,-23.39,-33.13,-52.94
DBL,443.65,2026-07-27,9.39,6.1,-3.49,-5.05,-2.38,-4.29
BILVYAPAR,4.13,2026-07-27,-2.59,-0.72,-3.5,-26.9,-41.0,-67.43
ASHOKLEY,155.06,2026-07-27,0.17,-2.61,-3.5,-6.85,-18.29,30.2
NSLNISP,42.15,2026-07-27,-1.93,-2.32,-3.5,1.37,1.59,9.99
SEIL,205.1,2026-07-27,-3.17,-3.96,-3.51,5.21,,
SRF,2636.5,2026-07-27,-8.19,-3.83,-3.53,5.12,-1.7,-13.02
NIRAJ,28.97,2026-07-27,0.35,-0.75,-3.53,-2.03,-8.29,-43.34
BMETRICS,35.5,2026-07-24,-1.53,0.0,-3.53,-11.91,-6.21,-25.98
DCMNVL,145.0,2026-07-27,-1.43,-2.03,-3.53,4.24,12.91,-21.57
SVPGLOB,3.8,2026-07-27,-4.04,0.53,-3.55,12.43,21.41,-1.04
AHLEAST,143.95,2026-07-27,-4.98,1.15,-3.55,-14.32,9.16,-9.41
LUMAXTECH,1493.9,2026-07-27,2.59,2.2,-3.55,-14.52,10.25,44.69
VIYASH,259.7,2026-07-27,-1.83,-8.67,-3.56,24.37,27.4,49.49
BCG,9.47,2026-07-27,-1.04,-3.37,-3.56,-1.35,9.61,-27.27
JAYKAY,167.99,2026-07-27,0.17,-8.47,-3.56,-1.37,9.58,
PARAGON,47.3,2026-07-24,-3.47,-2.47,-3.57,12.75,28.01,-13.13
PVTBANKADD,27.81,2026-07-27,-1.42,-2.76,-3.57,2.66,-2.8,-0.22
SHRIKRISH,39.47,2026-07-27,-1.64,0.2,-3.57,-17.51,,
SUNDRMBRAK,786.0,2026-07-27,-3.94,-3.61,-3.58,29.96,35.51,-12.29
GPPL,148.31,2026-07-27,-2.09,-4.66,-3.58,-5.9,-7.99,-2.15
GENUSPOWER,322.0,2026-07-27,2.47,1.37,-3.59,6.48,21.81,-9.28
GLOBE,2.15,2026-07-27,0.47,0.0,-3.59,-14.68,-23.49,-4.44
FLFL,1.34,2026-07-27,1.52,1.52,-3.6,-10.67,0.75,-30.57
WEALTH,958.95,2026-07-27,-0.01,0.05,-3.61,3.45,18.97,-17.9
HIGREEN,137.5,2026-07-24,-1.47,-0.36,-3.61,2.15,3.73,-42.71
STAR,1043.0,2026-07-27,-1.56,-2.89,-3.62,-5.06,31.43,14.85
LINDEINDIA,6766.5,2026-07-27,-3.29,-4.88,-3.63,-6.57,15.8,4.87
STERTOOLS,241.83,2026-07-27,-1.34,-0.78,-3.63,-5.65,8.3,-31.9
NAVKARURB,1.06,2026-07-27,-7.83,7.07,-3.64,34.18,-20.3,-53.22
LAHOTIOV,43.95,2026-07-24,3.19,0.32,-3.64,-10.49,,
HDFCAMC,2552.4,2026-07-27,-3.5,-7.15,-3.67,-5.36,7.03,-6.04
MUFTI,84.25,2026-07-27,-0.86,-3.34,-3.67,6.56,-5.75,-46.63
MONOPHARMA,10.5,2026-07-24,-2.33,-0.94,-3.67,-18.6,-3.23,-56.25
VEEDOL,1392.3,2026-07-27,-0.31,-2.49,-3.68,-0.08,2.67,-13.33
VETO,121.14,2026-07-27,-5.09,-1.2,-3.7,13.43,23.89,-2.67
MOINFRA,60.57,2026-07-27,-0.58,-1.81,-3.7,-6.2,7.42,2.72
VIVIDHA,0.52,2026-07-27,0.0,0.0,-3.7,-13.33,-8.77,-35.8
STARCEMENT,202.83,2026-07-27,-2.93,-1.69,-3.71,-13.76,-3.97,-11.8
SBIBPB,48.26,2026-07-27,-2.98,-1.49,-3.71,-5.13,-7.17,18.11
SHREEPUSHK,388.15,2026-07-27,-5.73,-7.05,-3.72,-2.17,18.92,6.31
SHREDIGCEM,73.18,2026-07-27,-0.87,0.21,-3.72,-1.24,-1.77,-13.21
ELGIEQUIP,578.85,2026-07-27,-1.56,1.46,-3.72,5.51,37.47,1.47
PRLIND,45.3,2026-07-24,0.11,-4.13,-3.72,-34.25,-30.68,-48.61
CMICABLES,2.84,2026-07-27,-4.7,-2.07,-3.73,-10.97,-43.76,-12.07
ROML,44.98,2026-07-27,-0.09,0.09,-3.74,-1.9,2.16,-13.5
HINDPETRO,393.95,2026-07-27,-2.82,0.6,-3.74,3.43,-6.06,-3.16
AERONEU,86.64,2026-07-27,-3.02,-1.92,-3.74,10.62,28.0,-27.04
IGARASHI,455.65,2026-07-27,0.72,-4.16,-3.76,16.07,24.1,-24.25
NCLIND,185.59,2026-07-27,-0.38,-0.17,-3.76,7.25,1.19,-15.84
OMAXAUTO,215.1,2026-07-27,-7.97,-15.43,-3.77,84.67,123.86,82.44
SHRIRAMPPS,85.49,2026-07-27,-3.63,-4.33,-3.78,1.0,18.54,-10.62
NILAINFRA,7.39,2026-07-27,3.79,1.65,-3.78,-10.86,-15.06,-35.23
JINDALSAW,250.85,2026-07-27,-5.68,-6.61,-3.79,3.26,42.07,13.61
PRAKASHSTL,4.06,2026-07-27,0.5,-1.46,-3.79,-14.88,-12.12,-32.33
RETAIL,17.51,2026-07-27,4.04,-0.34,-3.79,-13.49,-29.37,-51.79
ERIS,1403.5,2026-07-27,-4.09,-3.2,-3.8,3.89,5.05,-21.51
MEGASTAR,338.4,2026-07-27,-0.18,-7.65,-3.82,19.85,62.38,28.47
DIGIDRIVE,17.83,2026-07-27,-3.52,-6.06,-3.83,-21.83,-21.52,-41.37
ZUARI,222.1,2026-07-27,-3.59,-6.19,-3.84,-10.79,-15.45,3.99
POLICYBZR,1553.2,2026-07-27,-1.98,-2.6,-3.84,-6.6,-4.7,-12.81
TERASOFT,392.85,2026-07-27,-1.74,-1.23,-3.84,11.37,10.26,24.71
GOYALSALT,111.05,2026-07-24,-3.43,-3.98,-3.85,-8.22,-18.38,-33.5
MIDWESTLTD,1240.1,2026-07-27,-2.45,-6.39,-3.85,-2.22,-9.4,
PRUDENT,2870.0,2026-07-27,1.38,-6.39,-3.85,0.56,28.53,-0.78
COCHINSHIP,1402.3,2026-07-27,-0.38,-0.67,-3.85,-16.49,-7.72,-21.99
DAICHI,302.5,2026-07-27,-2.31,-5.91,-3.85,16.08,,
VGUARD,294.4,2026-07-27,-2.18,-3.25,-3.85,-11.79,-6.54,-26.49
VESUVIUS,450.95,2026-07-27,-3.5,-4.59,-3.86,-13.99,-1.49,-13.33
MIDHANI,397.1,2026-07-27,-3.04,-3.7,-3.86,3.91,17.47,-1.5
CSLFINANCE,217.24,2026-07-27,1.41,-3.94,-3.86,-6.15,-21.63,-30.06
BIRDYS,92.1,2026-07-24,0.0,1.21,-3.86,-34.52,-21.95,-31.27
BBTC,1496.6,2026-07-27,-0.04,-1.15,-3.86,-1.03,-11.26,-22.73
GARUDA,172.34,2026-07-27,-1.23,-5.85,-3.87,-0.03,8.35,1.24
BASML,26.99,2026-07-27,2.16,0.48,-3.88,16.14,21.58,-14.07
IRCTC,494.0,2026-07-27,-2.13,-1.6,-3.91,-9.37,-18.23,-32.86
VINATIORGA,1313.6,2026-07-27,-0.39,-1.57,-3.93,1.55,-13.08,-29.4
UMESLTD,5.36,2026-07-27,0.75,-7.9,-3.94,-8.53,13.08,-8.22
EXXARO,6.58,2026-07-27,3.79,0.46,-3.94,-6.0,-7.06,-22.41
SHIVAMILLS,59.55,2026-07-27,0.32,-0.1,-3.95,-2.15,6.97,-22.1
AAATECH,91.4,2026-07-27,-1.38,-3.83,-3.95,-7.46,-9.19,6.13
KRISHCA,170.0,2026-07-24,2.97,2.72,-3.95,-6.7,-4.47,-35.36
AVANTEL,165.05,2026-07-27,-4.34,-10.18,-3.95,5.46,29.93,21.55
IRFC,88.13,2026-07-27,-0.67,-1.81,-3.97,-16.52,-22.29,-31.97
KOTHARIPRO,68.25,2026-07-27,-0.06,-1.07,-3.99,-7.29,10.67,-18.31
MOIL,268.4,2026-07-27,-1.07,-2.89,-3.99,-17.2,-22.36,-27.1
SNOWMAN,36.35,2026-07-27,-1.52,-0.55,-3.99,-13.1,-0.19,-34.57
SBIETFPB,279.71,2026-07-27,-1.76,-2.82,-4.0,2.61,-3.24,-0.49
TVSSRICHAK,3972.5,2026-07-27,-2.84,-4.5,-4.0,2.85,1.81,33.32
TARAPUR,17.74,2026-07-27,3.8,-1.22,-4.0,-28.98,-27.06,-31.95
ASAL,498.25,2026-07-27,-6.64,-4.87,-4.01,-6.4,6.96,-9.6
DPSCLTD,7.17,2026-07-27,-2.71,-3.89,-4.02,-28.51,-16.53,-44.45
AJMERA,126.18,2026-07-27,-2.86,-7.72,-4.02,0.12,-15.23,-32.32
MVKAGRO,387.7,2026-07-24,-3.29,1.29,-4.03,-24.14,-39.24,76.31
ROHLTD,322.35,2026-07-27,1.35,-0.91,-4.03,-7.38,-7.87,-23.44
INDIGO,5230.0,2026-07-27,0.02,0.01,-4.04,14.66,9.67,-9.72
MODIRUBBER,126.0,2026-07-27,-3.25,-3.22,-4.04,-1.95,15.23,4.56
SUNDARMFIN,4416.8,2026-07-27,-0.19,-2.48,-4.04,-4.93,-14.22,-11.09
EVEREADY,349.75,2026-07-27,1.97,-1.27,-4.05,7.2,11.08,-18.0
MARATHON,388.7,2026-07-27,-2.03,-5.69,-4.05,-17.9,-18.0,-43.43
PIRAMALFIN,2044.8,2026-07-27,-5.23,-5.89,-4.05,11.57,14.63,
JBMA,665.0,2026-07-27,-0.86,-4.53,-4.05,5.77,23.72,1.18
VENTIVE,617.8,2026-07-27,-0.49,-0.64,-4.05,0.76,-16.2,-18.82
AIAENG,4634.5,2026-07-27,-0.49,-2.06,-4.05,15.08,20.62,42.95
ANURAS,1223.3,2026-07-27,-3.52,-3.65,-4.06,-8.33,0.34,6.82
EUREKAFORB,439.7,2026-07-27,-4.82,-4.37,-4.06,-13.43,-16.11,-21.0
SMLMAH,3903.8,2026-07-27,-2.05,-7.07,-4.06,0.44,12.44,3.35
TARACHAND,54.6,2026-07-27,-2.31,-2.52,-4.07,-16.12,-23.73,-23.81
MUKTAARTS,58.5,2026-07-27,9.76,7.34,-4.08,15.59,4.48,-30.87
PTL,39.42,2026-07-27,-0.38,-1.77,-4.08,2.59,7.48,4.79
MANAKSIA,56.02,2026-07-27,-3.31,-4.14,-4.09,-8.21,-11.57,-26.37
ARVEE,158.27,2026-07-27,0.17,0.17,-4.1,-4.67,6.15,-5.16
SHIVAUM,388.35,2026-07-27,-4.11,-7.49,-4.11,7.28,30.82,28.59
SURAJLTD,219.13,2026-07-27,-4.1,-1.2,-4.11,-9.42,-2.32,-39.04
WEWIN,46.5,2026-07-27,2.54,-2.76,-4.12,-17.52,10.4,-1.25
GMDCLTD,562.15,2026-07-27,-2.63,-4.65,-4.12,-19.53,6.24,31.84
JSWENERGY,549.7,2026-07-27,-3.17,-0.71,-4.15,-3.87,25.34,6.46
YASHOPTICS,112.15,2026-07-24,-2.44,-5.8,-4.15,-2.48,0.45,21.31
FOODSIN,53.63,2026-07-27,-7.02,-12.23,-4.16,-13.21,-10.9,-50.31
OILCOUNTUB,56.65,2026-07-27,2.11,3.94,-4.19,-6.69,24.34,-37.1
UNIECOM,85.73,2026-07-27,-0.6,-2.76,-4.19,-20.98,-20.94,-30.25
NKIND,59.51,2026-07-27,-2.12,-8.45,-4.19,-11.46,-4.4,-7.64
GUJRAFFIA,39.01,2026-07-27,-1.71,2.66,-4.2,-5.75,-10.32,-0.81
INVENTURE,0.91,2026-07-27,1.11,-1.09,-4.21,-9.0,-16.51,-43.12
SICAGEN,50.94,2026-07-27,-1.37,-3.17,-4.23,-5.84,109.2,109.2
INDOUS,85.0,2026-07-27,-2.7,-5.26,-4.23,-18.24,-32.0,-48.72
SPIC,66.15,2026-07-27,-0.62,-2.88,-4.24,-6.8,-7.65,-31.65
FIRSTCRY,213.51,2026-07-27,1.27,-1.1,-4.24,-15.16,-18.29,-40.21
ONEPOINT,55.44,2026-07-27,2.95,-0.04,-4.25,3.24,15.4,12.87
MEGATHERM,212.0,2026-07-24,-5.74,-6.05,-4.25,-24.84,5.39,-35.27
TATAINVEST,649.95,2026-07-27,-1.82,-5.32,-4.26,-8.43,8.06,-1.37
JHS,7.4,2026-07-27,1.93,-1.73,-4.27,-19.3,-28.91,-40.75
APCL,104.99,2026-07-27,3.45,-0.01,-4.28,-9.29,-23.69,-29.39
TRANSWORLD,163.89,2026-07-27,-0.36,3.07,-4.29,-6.92,-1.85,-38.25
SANDUMA,198.15,2026-07-27,2.22,-2.51,-4.29,-8.37,-5.79,29.8
EMAMIREAL,79.84,2026-07-27,4.23,0.8,-4.29,-23.56,24.4,-33.97
SOMANYCERA,491.85,2026-07-27,-4.76,-8.38,-4.3,7.41,32.37,-6.97
RPPINFRA,62.15,2026-07-27,-1.83,-6.36,-4.31,-24.03,-26.34,-51.12
VISHNUINFR,155.0,2026-07-24,-4.32,-2.21,-4.32,-0.64,-14.65,-13.06
EMSLIMITED,401.75,2026-07-27,-6.66,-8.93,-4.32,12.16,20.41,-35.22
TRAVELFOOD,1276.4,2026-07-27,-2.13,-4.59,-4.33,-0.55,22.3,10.63
BTTL,48.6,2026-07-27,-1.34,-14.74,-4.33,46.61,,
VSTL,111.33,2026-07-27,-0.54,-1.06,-4.33,-14.29,-5.59,-33.25
JAIPURKURT,26.65,2026-07-27,0.49,-6.49,-4.34,-19.46,-27.3,-36.52
DCXINDIA,182.98,2026-07-27,-1.32,-6.74,-4.35,-9.93,10.18,-30.99
ARVIND,523.45,2026-07-27,-1.38,-3.84,-4.35,33.98,75.27,55.77
DCMFINSERV,5.26,2026-07-27,1.94,-2.23,-4.36,7.35,17.67,-16.38
RMDRIP,18.65,2026-07-27,-1.69,-1.17,-4.36,-1.37,-68.74,-47.57
SAIPARENT,559.75,2026-07-27,-1.44,-4.5,-4.37,15.36,,
DEVX,34.16,2026-07-27,0.44,-2.12,-4.37,-20.0,-4.21,
INDRAMEDCO,368.6,2026-07-27,-1.59,-2.72,-4.37,-10.94,5.46,-18.91
SBGLP,24.43,2026-07-27,-4.83,-3.06,-4.38,-7.67,-27.46,-44.36
CARRARO,536.05,2026-07-27,-4.63,-5.02,-4.39,-4.49,12.72,11.56
LAXMICOT,14.37,2026-07-27,-3.56,-5.27,-4.39,-4.77,4.43,-47.25
LOYALTEX,203.94,2026-07-27,1.46,-2.89,-4.39,1.46,0.09,-40.72
MEDIASSIST,347.15,2026-07-27,-3.38,-5.03,-4.41,-3.84,-14.97,-34.52
KCP,162.55,2026-07-27,-4.41,-6.31,-4.41,-8.37,-4.89,-22.74
JAGRAN,62.31,2026-07-27,-0.95,-2.49,-4.42,8.27,7.81,0.05
SIGIND,45.78,2026-07-27,-0.56,-3.56,-4.43,-8.82,-4.33,-22.44
DRCSYSTEMS,13.58,2026-07-27,2.11,-1.67,-4.43,-13.45,-7.81,-27.65
HPIL,121.84,2026-07-27,-2.2,0.58,-4.44,-11.31,-7.87,-14.89
FELDVR,2.37,2026-07-27,-5.2,-4.05,-4.44,-22.55,-19.66,-33.61
TOTAL,48.1,2026-07-27,-7.3,-10.93,-4.45,-13.88,-27.7,-38.91
SPARC,214.91,2026-07-27,-5.54,-17.16,-4.45,46.48,74.65,41.71
AMRUTANJAN,513.35,2026-07-27,-6.09,-5.01,-4.46,-11.48,-13.03,-23.94
EIFFL,316.25,2026-07-27,-1.33,-4.73,-4.47,27.68,21.28,28.3
PROZONER,44.11,2026-07-27,2.53,0.3,-4.48,-31.58,-14.81,5.55
MANCREDIT,222.3,2026-07-27,-0.85,-7.62,-4.48,30.22,31.84,16.36
WESTLIFE,464.5,2026-07-27,3.2,-6.96,-4.48,-1.02,-6.79,-39.43
HEALTHX,313.55,2026-07-27,-1.45,-7.12,-4.48,15.79,7.55,6.11
RPOWER,23.76,2026-07-27,-2.3,-4.88,-4.5,-19.24,-13.38,-58.15
HONAUT,37525.0,2026-07-27,-1.81,-1.53,-4.5,18.15,22.22,-5.21
NDTV,77.42,2026-07-27,-3.27,-5.92,-4.51,-4.5,-5.42,-47.23
ELCIDIN,110725.0,2026-07-27,-1.14,-2.84,-4.51,-11.87,,
EDELWEISS,116.91,2026-07-27,-4.25,-5.66,-4.52,-5.01,13.58,10.06
CREST,375.0,2026-07-27,-0.6,1.39,-4.52,3.18,3.75,0.36
MURUDCERA,30.66,2026-07-27,0.89,-2.45,-4.55,-7.87,-4.31,-28.24
MAITHANALL,966.3,2026-07-27,-4.56,-6.62,-4.59,-2.29,-2.63,-13.78
YCCL,9.35,2026-07-24,-4.1,-10.95,-4.59,-6.5,-22.08,-25.2
PFS,29.24,2026-07-27,-2.5,-5.77,-4.6,-7.12,-8.28,-28.68
AHLWEST,569.0,2026-07-27,1.61,-1.04,-4.63,82.09,294.73,294.73
BHANDARI,2.87,2026-07-27,-1.37,-2.38,-4.65,-11.96,-28.07,-46.67
RUCHINFRA,5.95,2026-07-27,2.59,2.76,-4.65,-4.34,2.76,-19.59
LANDSMILL,0.82,2026-07-27,10.81,9.33,-4.65,-17.17,-32.23,-26.79
TAMBOLIIN,215.1,2026-07-27,-0.56,-2.46,-4.66,36.14,,
REFEX,331.55,2026-07-27,6.76,-1.73,-4.68,29.76,51.53,-17.95
TATATECH,713.3,2026-07-27,-4.73,-6.24,-4.68,22.18,11.18,2.25
HATSUN,874.65,2026-07-27,-6.0,-3.02,-4.68,-11.25,0.46,-4.18
ZENTEC,1688.2,2026-07-27,-3.52,-7.8,-4.69,-1.83,31.9,-5.0
MANORG,526.25,2026-07-27,-7.29,-0.41,-4.7,15.55,17.1,9.8
EFORCE,21.25,2026-07-24,-0.47,-4.92,-4.71,-25.04,-33.59,-54.1
SYSTMTXC,60.0,2026-07-27,-4.08,-6.1,-4.73,-18.2,-28.03,
BANKINDIA,137.87,2026-07-27,-6.18,-5.3,-4.73,-3.48,-12.75,25.84
SHYAMCENT,5.22,2026-07-27,0.19,-9.84,-4.74,-7.28,-8.74,-35.4
ITCHOTELS,165.43,2026-07-27,-0.97,-11.3,-4.75,3.62,-7.12,-30.81
MANGALAM,27.42,2026-07-27,0.48,-1.97,-4.76,-1.37,-35.04,-69.27
MASON,120.0,2026-07-24,-0.7,-7.01,-4.76,-17.18,-30.37,-40.3
SANWARIA,0.2,2026-07-27,-4.76,5.26,-4.76,0.0,-23.08,-42.86
PML,476.05,2026-07-27,-0.75,-0.21,-4.78,-17.36,,
GOKUL,39.61,2026-07-27,-1.34,-4.62,-4.78,-1.98,8.79,-11.57
SAIL,162.62,2026-07-27,-0.01,-2.63,-4.78,-11.72,4.54,26.01
RCF,126.27,2026-07-27,-0.75,-3.48,-4.79,-3.46,-2.35,-16.06
PVP,27.4,2026-07-27,-4.1,-7.09,-4.8,-19.27,-3.89,29.73
PLADAINFO,10.9,2026-07-24,-4.8,-9.17,-4.8,-3.11,-21.01,-42.33
GOACARBON,376.35,2026-07-27,2.73,-8.66,-4.82,0.83,-1.92,-21.18
TMCV,411.1,2026-07-27,0.43,-2.29,-4.82,-1.19,-6.34,
MOS,11.85,2026-07-24,-1.25,-21.78,-4.82,-14.13,-45.77,-95.34
TALBROAUTO,386.85,2026-07-27,-7.13,-4.23,-4.83,30.97,63.47,37.0
SUNTV,488.7,2026-07-27,-0.24,-2.16,-4.83,-20.02,-7.2,-13.27
CYBERMEDIA,15.93,2026-07-27,2.64,-2.09,-4.84,-1.24,5.5,-7.8
DONEAR,86.18,2026-07-27,1.19,0.55,-4.86,-7.07,9.48,-16.24
LOTUSEYE,118.95,2026-07-27,-2.03,-4.37,-4.86,-3.72,-7.27,62.06
HGINFRA,539.8,2026-07-27,-3.58,-4.97,-4.88,-12.06,-9.19,-49.08
RHL,168.64,2026-07-27,-1.27,-3.03,-4.88,-9.91,-2.07,-41.24
INFOMEDIA,5.45,2026-07-27,-7.47,-4.55,-4.89,-6.52,-3.88,-21.13
ELDEHSG,774.1,2026-07-27,0.68,-1.77,-4.9,-9.8,-13.3,2.12
PITTIENG,930.7,2026-07-27,-0.31,-4.4,-4.91,-6.15,25.14,-1.2
SELMC,27.68,2026-07-27,-3.59,-4.62,-4.91,-15.79,-1.11,-15.22
BALKRISHNA,17.54,2026-07-27,-2.88,-2.72,-4.93,-6.55,4.4,-17.34
SURANAT&P,18.12,2026-07-27,1.97,-2.48,-4.93,-7.27,3.13,-4.83
SYSTANGO,214.4,2026-07-24,-4.35,-2.72,-4.94,-18.22,-20.57,-6.71
AMBER,7280.5,2026-07-27,-7.36,-6.31,-4.94,-10.24,32.13,0.1
INDOTHAI,220.09,2026-07-27,0.47,1.46,-4.96,-26.0,-11.04,17.38
BORORENEW,585.1,2026-07-27,-1.77,-9.61,-4.97,13.22,14.69,-6.38
BANCOINDIA,626.1,2026-07-27,-5.37,-7.22,-4.97,0.25,14.48,4.4
MAL,32.0,2026-07-24,-2.88,2.89,-5.04,-20.79,-32.63,-58.68
SHALBY,163.48,2026-07-27,-0.85,-4.27,-5.04,-1.86,-0.77,-21.23
BALAJITELE,83.8,2026-07-27,-4.39,-8.8,-5.05,-16.84,-3.93,-10.35
SINGERIND,66.47,2026-07-27,-0.61,-1.58,-5.06,-9.82,,
GLOBALVECT,159.71,2026-07-27,5.72,0.81,-5.06,-13.76,-8.82,-27.62
DTIL,131.93,2026-07-27,-4.32,-3.67,-5.09,-6.05,-3.44,-30.63
KRITINUT,78.71,2026-07-27,1.77,1.51,-5.09,-21.27,8.93,-28.5
WOCKPHARMA,1865.2,2026-07-27,-3.03,0.58,-5.09,29.75,38.31,11.19
INTERARCH,1827.1,2026-07-27,-1.22,-0.4,-5.1,-13.42,-6.17,-20.09
BAJAJST,395.25,2026-07-27,-1.78,-2.11,-5.1,-14.35,,
ABFRL,57.05,2026-07-27,-0.4,-5.72,-5.11,-10.75,-7.79,-22.67
SANGANI,42.7,2026-07-24,-4.9,-5.11,-5.11,-17.73,-11.96,-34.31
FABTECH,148.9,2026-07-27,-1.65,-5.92,-5.11,-8.25,-7.19,
NEAGI,3035.1,2026-07-24,-0.16,-2.13,-5.12,-10.73,,
SALONA,245.65,2026-07-27,-4.01,-3.82,-5.12,-10.54,8.19,-2.83
UFO,68.45,2026-07-27,1.39,-2.94,-5.12,-4.04,-13.07,-2.81
YUKEN,710.55,2026-07-27,-0.25,-7.35,-5.13,-1.41,-6.24,-34.56
SADBHAV,8.31,2026-07-27,3.1,-1.07,-5.14,-18.37,27.85,-31.66
SHANTIGEAR,416.6,2026-07-27,-0.99,-5.63,-5.14,-12.53,-4.85,-27.22
SEAMECLTD,1411.2,2026-07-27,3.7,-2.08,-5.16,-9.28,20.43,69.01
JPPOWER,17.01,2026-07-27,0.71,1.31,-5.18,-13.35,14.62,-15.46
SYNCOMF,13.17,2026-07-27,-2.95,-5.52,-5.18,-6.06,11.33,-27.2
VIPIND,296.25,2026-07-27,-1.38,-1.33,-5.18,-1.25,-13.34,-34.07
TRIDENT,25.08,2026-07-27,-0.91,-2.56,-5.18,-2.18,-0.97,-18.7
SUNDARAM,1.28,2026-07-27,1.59,0.79,-5.19,-12.33,-18.47,-39.62
SYNGENE,413.85,2026-07-27,-0.9,-1.55,-5.19,-5.24,-15.25,-39.07
JPOLYINVST,1043.1,2026-07-27,-4.22,-6.66,-5.2,-7.57,4.14,30.81
CENTEXT,18.7,2026-07-27,-1.01,-1.68,-5.22,-12.33,-11.71,-20.53
VMM,110.31,2026-07-27,-0.81,-5.08,-5.22,-12.25,-11.77,-21.17
TRANSRAILL,485.0,2026-07-27,-2.22,-4.23,-5.26,-18.94,5.96,-29.98
FILATFASH,0.18,2026-07-27,0.0,-5.26,-5.26,-37.93,-37.93,-71.87
MINDTECK,194.68,2026-07-27,-3.04,-7.21,-5.26,-7.47,-7.48,-6.38
ASHOKA,124.13,2026-07-27,0.44,-6.08,-5.27,-9.26,-13.5,-38.41
AGROPHOS,28.72,2026-07-27,-3.82,-5.15,-5.28,-11.96,-22.88,-28.24
EASEMYTRIP,6.82,2026-07-27,-0.44,-3.12,-5.28,-13.89,9.65,-33.98
MANAKSTEEL,69.97,2026-07-27,-8.03,-9.4,-5.28,-4.54,16.13,13.4
NIITLTD,95.08,2026-07-27,-3.52,-4.54,-5.28,31.73,31.25,-20.17
ARSSBL,512.5,2026-07-27,-2.47,-11.77,-5.29,-11.07,-10.64,
SHADOWFAX,209.6,2026-07-27,-5.36,-5.84,-5.29,34.14,,
BELRISE,232.66,2026-07-27,-0.54,-1.65,-5.29,7.33,47.11,78.46
AWFIS,288.65,2026-07-27,0.4,-3.53,-5.31,-17.54,-29.07,-52.5
PRINCEPIPE,265.65,2026-07-27,-0.69,-1.83,-5.31,-3.11,15.0,-19.21
INDIASHLTR,727.95,2026-07-27,-10.7,-11.57,-5.31,-10.03,-3.62,-21.12
RTNPOWER,8.63,2026-07-27,-1.6,-4.32,-5.37,-14.98,7.47,-35.31
GPECO,421.05,2026-07-24,0.27,-2.83,-5.38,18.07,25.87,-24.31
ALANKIT,7.88,2026-07-27,-0.25,-2.35,-5.4,-14.81,-13.12,-50.06
MAHAPEXLTD,44.49,2026-07-27,1.18,0.68,-5.42,-14.74,-52.72,-58.07
NORBTEAEXP,68.06,2026-07-27,-0.71,-4.61,-5.43,8.93,-22.33,99.36
PHANTOMFX,171.35,2026-07-24,-6.85,-8.74,-5.44,-17.82,-17.46,-43.58
ITALIANE,33.0,2026-07-24,-5.71,-8.33,-5.44,-17.5,29.67,-10.55
BGLOBAL,3.12,2026-07-27,-2.8,1.63,-5.45,0.65,1.63,0.32
KPIL,1298.4,2026-07-27,-1.89,-3.23,-5.45,3.74,19.62,13.61
RTNINDIA,32.03,2026-07-27,-0.16,-4.16,-5.46,-11.35,-2.91,-43.77
HAVISHA,1.21,2026-07-27,-1.63,0.0,-5.47,-23.42,-26.22,-43.46
POLYCAB,9010.0,2026-07-27,1.41,-3.19,-5.47,12.24,33.8,34.42
MDL,69.0,2026-07-24,-1.43,-1.22,-5.48,40.82,18.86,-23.38
KHAITANLTD,130.83,2026-07-27,5.42,-1.56,-5.48,-4.68,43.56,6.97
JTLIND,73.18,2026-07-27,-2.47,-6.47,-5.48,-9.73,-2.49,-4.77
DCG,53.45,2026-07-24,2.79,5.53,-5.48,-10.92,-8.08,-30.58
KRITIKA,5.52,2026-07-27,-1.78,-4.99,-5.48,-17.12,-15.08,-40.84
DELAPLEX,96.3,2026-07-24,-1.73,-5.59,-5.5,-11.65,-17.16,-33.12
SURYALA,422.5,2026-07-27,1.06,-3.56,-5.5,20.71,,
ICICIAMC,3143.9,2026-07-27,0.85,-1.92,-5.5,-3.7,16.59,
NAVKARCORP,104.17,2026-07-27,-0.13,-5.26,-5.5,3.38,8.88,-15.84
NFL,71.04,2026-07-27,-1.59,-3.52,-5.51,-7.63,-10.27,-26.99
ORISSAMINE,3713.3,2026-07-27,0.28,-1.88,-5.51,-8.8,-13.51,-24.98
ZIMLAB,118.0,2026-07-27,-2.48,1.82,-5.52,37.0,68.19,3.95
INDIFRA,11.95,2026-07-24,0.0,-1.65,-5.53,-3.63,-17.87,-31.71
AVL,623.95,2026-07-27,-2.09,-1.89,-5.53,20.59,28.37,61.12
SUKHJITS,168.76,2026-07-27,4.01,-0.38,-5.53,-7.25,-2.66,-4.81
SHRITECH,61.4,2026-07-24,0.0,-2.54,-5.54,3.89,15.09,-31.78
CINEVISTA,15.32,2026-07-27,1.46,-2.61,-5.55,-1.29,0.2,-16.87
BIGBLOC,46.98,2026-07-27,-1.22,-0.15,-5.55,-3.65,-17.26,-22.12
DEEM,51.0,2026-07-24,-7.94,-7.19,-5.56,34.21,8.51,-8.93
TRF,232.67,2026-07-27,-4.39,-3.31,-5.56,-13.7,-9.84,-36.04
AUROIMPEX,25.5,2026-07-24,0.79,-1.92,-5.56,-25.0,-28.07,-50.0
HDFCLIFE,552.85,2026-07-27,-2.09,-3.58,-5.57,-7.11,-22.95,-27.22
OBCL,53.35,2026-07-27,0.58,-0.5,-5.58,-3.87,-1.73,-3.09
BRIGHOTEL,59.99,2026-07-27,-2.91,-6.28,-5.59,-11.79,1.61,
CHEMBOND,171.85,2026-07-27,-6.78,-7.06,-5.59,13.64,13.35,-12.49
THEMISMED,107.93,2026-07-27,-4.66,-7.09,-5.6,10.79,38.83,-7.24
NECCLTD,15.15,2026-07-27,0.07,-2.19,-5.61,-4.24,-0.53,-31.94
SJVN,68.04,2026-07-27,-1.53,-3.59,-5.62,-15.38,-3.44,-27.17
IREDA,120.29,2026-07-27,-1.26,-3.62,-5.63,-12.83,-6.17,-21.09
ATAM,66.08,2026-07-27,-1.94,-5.52,-5.63,-5.23,-6.69,-34.31
STLNETWORK,25.71,2026-07-27,5.67,1.58,-5.65,-14.58,40.95,
WONDERLA,467.75,2026-07-27,-0.65,-0.99,-5.66,-11.55,-6.16,-27.54
SUBROS,788.0,2026-07-27,-2.12,-4.11,-5.68,1.14,6.19,-5.83
SOFTTECH,415.0,2026-07-27,0.24,0.08,-5.68,17.99,43.77,15.07
NDL,2.32,2026-07-27,-1.28,-2.93,-5.69,-19.16,-16.85,-37.13
IRCON,126.48,2026-07-27,-2.44,-4.04,-5.72,-17.86,-17.71,-29.26
NILASPACES,12.12,2026-07-27,-0.82,-2.57,-5.75,-7.13,-17.72,-13.12
MANINFRA,98.38,2026-07-27,-2.15,-6.39,-5.75,-15.02,-4.26,-43.32
MAZDOCK,2330.3,2026-07-27,-0.69,-3.01,-5.75,-13.18,0.11,-18.77
SINCLAIR,73.65,2026-07-27,-0.57,-4.26,-5.77,-8.04,-5.72,-27.51
BSHSL,86.12,2026-07-27,-0.46,-0.61,-5.78,-14.15,-6.28,-36.64
AGNI,17.1,2026-07-24,-4.74,-2.01,-5.79,-21.2,-14.5,-32.41
KOTAKBANK,384.65,2026-07-27,0.68,0.17,-5.79,2.26,-5.72,-9.32
NACLIND,193.1,2026-07-27,-7.74,-20.54,-5.8,23.36,26.59,-30.87
TVTODAY,117.6,2026-07-27,-3.64,-3.0,-5.84,3.38,-4.75,-29.54
JWL,247.6,2026-07-27,-1.57,-4.64,-5.84,-14.85,-19.81,-29.8
VSTIND,234.7,2026-07-27,1.45,-2.63,-5.85,-5.05,6.19,-12.81
TEXMOPIPES,43.47,2026-07-27,0.3,-1.36,-5.87,-7.33,-5.03,-29.52
APEX,383.85,2026-07-27,-4.94,-7.11,-5.87,-19.05,30.36,55.63
CHEMCON,177.98,2026-07-27,-2.28,-3.36,-5.88,13.35,8.87,-13.15
NATCAPSUQ,147.84,2026-07-27,5.57,2.9,-5.88,-6.79,-9.47,-31.82
SITINET,0.32,2026-07-27,0.0,0.0,-5.88,-15.79,0.0,-42.86
BANSWRAS,124.33,2026-07-27,-4.62,5.19,-5.9,6.67,23.46,-14.91
ICIL,401.15,2026-07-27,2.22,-2.7,-5.92,49.72,68.2,38.43
AKG,9.99,2026-07-27,0.0,-7.76,-5.93,-14.62,-25.67,-22.98
HERANBA,175.94,2026-07-27,-1.85,-3.99,-5.93,-22.88,-15.6,-52.63
HPAL,33.39,2026-07-27,-2.62,-3.08,-5.94,-12.22,-9.41,-31.51
CEINSYS,858.6,2026-07-27,-4.57,-8.64,-5.96,-23.6,,
BONLON,40.55,2026-07-27,-2.01,-2.29,-5.98,-18.01,,
VIAZ,61.0,2026-07-24,1.67,-0.49,-6.01,-3.1,-6.15,-6.15
GNFC,513.95,2026-07-27,1.45,2.25,-6.02,8.23,12.83,-1.23
APOLSINHOT,1199.0,2026-07-27,-0.39,-1.7,-6.03,5.47,-7.8,-16.19
VMART,714.95,2026-07-27,-8.94,-6.77,-6.06,12.26,25.24,-10.96
DHANUKA,996.2,2026-07-27,-1.7,-4.36,-6.07,-6.89,-10.08,-42.29
BEACON,91.85,2026-07-24,-1.4,-1.76,-6.08,-8.15,12.91,60.3
WABAG,1977.5,2026-07-27,-6.59,-10.13,-6.09,32.15,88.95,22.37
JASH,516.8,2026-07-27,-2.21,-5.07,-6.09,21.97,45.53,-9.58
KSB,877.4,2026-07-27,-3.28,-6.97,-6.1,-11.83,29.67,3.7
SCILAL,42.15,2026-07-27,0.64,-2.81,-6.1,-6.5,-4.12,-17.03
FORCEMOT,17268.0,2026-07-27,-3.58,-3.87,-6.11,-13.85,-8.08,-3.16
GTL,7.36,2026-07-27,2.36,1.1,-6.12,0.82,6.36,-23.57
SHREERAMA,39.8,2026-07-27,-4.94,-7.46,-6.13,-15.75,-32.99,-4.49
HISARMETAL,146.12,2026-07-27,-4.16,-6.95,-6.13,-7.52,-7.11,-26.54
JSLL,565.35,2026-07-27,-1.69,-2.6,-6.13,-17.26,-14.33,5.87
CARBORUNIV,1073.1,2026-07-27,-1.3,0.01,-6.14,13.42,30.94,12.39
UNITEDPOLY,30.06,2026-07-27,2.56,-4.51,-6.15,-1.99,2.49,19.71
ALOKINDS,12.04,2026-07-27,-1.47,-5.86,-6.16,-13.44,-18.43,-39.65
NIRAJISPAT,190.5,2026-07-24,-0.26,-1.8,-6.16,-18.86,14.76,-62.72
BRNL,17.59,2026-07-27,0.46,-2.87,-6.19,-15.84,-12.01,-14.98
JARO,478.55,2026-07-27,-2.49,-8.27,-6.19,15.1,-3.0,
PNBGILTS,85.44,2026-07-27,-1.63,-4.2,-6.2,17.28,8.54,-20.45
DMART,4027.7,2026-07-27,1.31,0.84,-6.21,-10.64,9.73,0.77
MFSL,1511.1,2026-07-27,-2.07,-7.4,-6.22,-5.73,-4.15,-1.02
VERTOZ,35.55,2026-07-27,-3.37,-7.2,-6.25,-30.71,-41.69,-60.53
DHARAN,0.15,2026-07-27,0.0,0.0,-6.25,0.0,-25.0,-61.54
CHAMBLFERT,439.7,2026-07-27,-0.79,-3.63,-6.26,-1.4,0.02,-16.61
SKFINDUS,2714.0,2026-07-27,2.95,-1.36,-6.27,19.41,6.09,
DENORA,871.05,2026-07-27,-1.12,-1.38,-6.28,7.0,48.29,-5.86
SIMPLEXINF,237.95,2026-07-27,-5.74,-10.26,-6.28,3.06,17.73,-22.39
MAFATIND,134.51,2026-07-27,0.05,-1.7,-6.29,-1.24,,
SWARAJENG,3605.4,2026-07-27,-1.92,-4.86,-6.3,-6.78,6.07,-11.97
DOLATALGO,68.39,2026-07-27,-0.48,-6.66,-6.3,-12.68,-14.32,-25.82
ASHOKAMET,14.27,2026-07-27,-0.97,-3.65,-6.3,-15.56,3.41,-16.35
OSWALGREEN,21.17,2026-07-27,-1.9,-5.79,-6.33,-25.14,-23.99,-52.17
VASCONEQ,32.53,2026-07-27,-2.17,0.46,-6.33,-15.33,-20.45,-38.52
TATACHEM,698.9,2026-07-27,0.76,-2.17,-6.34,-1.75,-0.14,-24.62
JYOTISTRUC,10.94,2026-07-27,-2.06,-4.45,-6.34,-15.52,18.66,-35.46
DRONE,39.9,2026-07-24,2.57,0.38,-6.34,-24.07,-25.0,-60.51
ARTNIRMAN,39.42,2026-07-27,-1.35,-5.1,-6.34,-12.38,-10.16,-29.77
CMSINFO,272.6,2026-07-27,-2.29,-0.37,-6.36,-10.39,-13.12,-43.71
KENNAMET,2837.3,2026-07-27,1.93,2.46,-6.38,6.96,16.14,16.14
MCON,44.0,2026-07-24,-1.12,-0.23,-6.38,-13.64,-20.15,-53.73
SUPREME,44.58,2026-07-27,-2.11,-5.85,-6.4,-14.48,-20.62,-40.69
HBSL,48.22,2026-07-27,-0.08,-2.37,-6.41,-24.37,-20.59,-43.44
BLISSGVS,459.4,2026-07-27,-4.83,-12.34,-6.43,68.15,176.01,200.3
BERGEPAINT,504.0,2026-07-27,2.71,2.24,-6.43,8.71,1.76,-9.07
LRRPL,86.05,2026-07-24,-4.5,-2.22,-6.47,6.23,24.71,-4.39
AEPL,15.14,2026-07-27,-4.96,-9.77,-6.49,-17.76,,
BAJAJCON,540.85,2026-07-27,0.35,-18.11,-6.5,20.63,70.16,130.79
VIDYAWIRES,91.3,2026-07-27,-1.47,-5.24,-6.5,4.34,101.72,
CLEAN,728.3,2026-07-27,-0.21,-5.66,-6.51,-10.11,-14.64,-41.04
DODLA,1031.9,2026-07-27,-3.88,-7.09,-6.52,-6.09,-11.89,-20.33
INFOLLION,159.9,2026-07-24,-5.36,-7.17,-6.52,-29.19,-56.19,-65.5
MGL,1098.0,2026-07-27,0.65,-1.47,-6.52,-3.84,7.87,-18.49
NEPHROCARE,62.95,2026-07-24,-3.52,-7.29,-6.53,-26.8,-37.67,-54.4
FELIX,178.95,2026-07-24,-4.76,-2.72,-6.53,-15.45,-0.28,-4.28
AURIONPRO,836.65,2026-07-27,-0.37,-5.49,-6.53,-4.82,-10.53,-39.84
STEL,558.6,2026-07-27,1.07,0.84,-6.53,23.03,34.73,38.16
JSWDULUX,2944.0,2026-07-27,-1.98,0.06,-6.54,-0.31,3.06,-17.08
HUBTOWN,196.04,2026-07-27,-1.7,-6.72,-6.55,-5.75,-3.17,-37.91
BHAGCHEM,263.3,2026-07-27,-4.29,-10.35,-6.55,-3.36,30.03,-10.16
COHANCE,428.0,2026-07-27,-5.04,-4.84,-6.56,-0.95,14.13,-58.02
LEMONTREE,111.82,2026-07-27,0.17,-5.03,-6.58,-6.68,-10.41,-27.12
CAMLINFINE,127.38,2026-07-27,2.76,0.98,-6.59,-0.23,-8.35,-52.61
PRECAM,139.85,2026-07-27,-0.84,-4.86,-6.59,-12.08,7.16,-25.13
STARTECK,268.7,2026-07-27,0.73,-0.98,-6.6,9.05,-0.61,-12.11
GKENERGY,136.69,2026-07-27,-4.27,-4.57,-6.61,3.74,20.32,
USK,21.91,2026-07-27,-0.23,-2.19,-6.61,-8.75,6.72,-38.23
TENNIND,540.45,2026-07-27,-3.01,-7.47,-6.63,-4.4,5.99,
CONTROLPR,592.0,2026-07-27,-7.55,-9.22,-6.64,-9.79,-9.07,-17.54
HLVLTD,7.31,2026-07-27,2.38,-2.4,-6.64,-16.93,-11.93,-42.53
RAJTV,11.81,2026-07-27,-1.42,-1.58,-6.64,-49.98,-70.27,-72.66
AAVAS,1390.6,2026-07-27,-7.13,-7.19,-6.66,0.41,-6.39,-24.57
MANAKALUCO,35.2,2026-07-27,-4.43,-5.68,-6.66,0.06,-29.91,17.44
HCL-INSYS,11.49,2026-07-27,-2.87,-4.01,-6.66,-7.71,-4.88,-26.68
ARSHIYA,0.98,2026-07-27,0.0,-3.92,-6.67,-26.87,-19.67,-69.57
VGL,61.62,2026-07-27,-0.76,-2.62,-6.68,-3.55,-3.32,-28.62
ADANIPOWER,213.96,2026-07-27,-2.73,-0.7,-6.68,-1.88,59.08,87.68
QUESTLAB,92.95,2026-07-24,-4.27,1.92,-6.68,-26.02,-3.38,-12.1
ANUP,2144.4,2026-07-27,-0.96,-1.58,-6.68,-3.21,23.84,-18.55
STEELXIND,11.58,2026-07-27,-3.5,-4.46,-6.69,16.27,47.89,9.04
TIINDIA,2849.3,2026-07-27,-1.3,-2.46,-6.7,-4.85,30.26,-1.29
GESHIP,1398.6,2026-07-27,0.83,-0.24,-6.7,-1.12,26.93,49.57
NESCO,1008.3,2026-07-27,-7.07,-6.52,-6.71,-16.58,-8.45,-17.96
LPDC,6.11,2026-07-27,-2.08,-5.42,-6.72,-22.66,-3.93,-26.47
BAJAJHIND,16.93,2026-07-27,-1.8,-4.35,-6.72,-13.22,5.22,-32.47
PRIMO,22.49,2026-07-27,-3.89,-5.5,-6.72,-5.11,11.95,-24.63
ICDSLTD,39.46,2026-07-27,1.96,-1.35,-6.76,-18.37,-4.76,-16.29
NLCINDIA,298.45,2026-07-27,0.69,-2.04,-6.76,-4.91,23.71,27.28
MHRIL,223.83,2026-07-27,-1.2,-3.39,-6.76,-11.86,-22.56,-37.76
AWHCL,440.0,2026-07-27,-2.02,-3.91,-6.78,-14.71,-25.81,-27.49
SHAHALLOYS,66.33,2026-07-27,-1.59,-7.79,-6.8,-5.35,8.51,12.12
SAATVIKGL,442.95,2026-07-27,-4.53,-1.4,-6.82,-8.96,21.84,
AKSHAR,0.41,2026-07-27,-2.38,-4.65,-6.82,-12.77,-16.33,-24.07
MCL,53.33,2026-07-27,1.31,-2.74,-6.83,-9.61,-39.21,7.65
NDLVENTURE,121.16,2026-07-27,-5.29,-8.27,-6.84,2.91,35.51,81.04
BPL,52.73,2026-07-27,-6.09,-9.51,-6.84,-7.98,-4.28,-37.59
NOVAAGRI,23.17,2026-07-27,1.18,0.17,-6.84,-19.41,-28.71,-59.76
BIRLAMONEY,131.22,2026-07-27,-3.27,-16.84,-6.85,-9.96,10.42,-22.36
ROLEXRINGS,137.92,2026-07-27,-11.16,-4.2,-6.85,-6.96,14.48,-6.41
TRITURBINE,623.4,2026-07-27,1.5,1.09,-6.86,7.48,33.45,2.05
CGPOWER,877.3,2026-07-27,-3.85,-3.11,-6.88,6.95,65.69,32.7
SEYAIND,12.18,2026-07-27,-3.72,-7.16,-6.88,-7.02,-23.49,-37.63
RADIANTCMS,36.64,2026-07-27,-3.25,-3.15,-6.89,-13.36,-17.01,-32.78
REPCOHOME,391.05,2026-07-27,-3.52,-6.83,-6.89,-5.7,1.06,-6.86
CYIENT,825.2,2026-07-27,-2.84,-4.87,-6.89,-6.78,-25.66,-32.73
ISGEC,859.25,2026-07-27,-2.54,-4.5,-6.9,-21.5,23.72,-23.88
MSTCLTD,602.7,2026-07-27,-1.98,-8.22,-6.9,34.79,34.35,22.02
OMPOWER,169.87,2026-07-27,-0.03,-3.25,-6.9,-13.55,,
FINKURVE,61.52,2026-07-27,-2.21,-6.4,-6.9,-14.19,-23.46,
BASILIC,190.3,2026-07-24,-4.13,-6.23,-6.9,-17.73,-28.54,-55.74
GENCON,40.46,2026-07-27,1.15,-2.15,-6.92,-3.07,-9.34,-0.1
GREENCHEF,47.1,2026-07-24,-3.48,-6.82,-6.92,-1.88,-1.88,-25.47
RELIGARE,255.45,2026-07-27,-0.6,-4.74,-6.92,14.55,14.29,-7.22
BHARATRAS,1273.8,2026-07-27,-3.0,-7.5,-6.92,-8.65,-23.7,-51.76
MAXPOSURE,33.5,2026-07-24,-4.29,-3.87,-6.94,-13.99,-17.28,-45.53
GRINFRA,877.45,2026-07-27,-4.9,-3.05,-6.94,-0.45,-3.11,-29.15
TBI,62.25,2026-07-24,-5.61,1.14,-6.95,-7.98,-20.95,-44.84
PINELABS,148.94,2026-07-27,-0.53,-4.0,-6.95,-25.57,-34.88,
SUZLON,53.15,2026-07-27,0.11,-0.04,-6.98,-6.64,16.07,-16.46
VILINBIO,40.65,2026-07-24,-8.34,-12.58,-6.98,10.76,40.66,62.28
GREENPOWER,9.99,2026-07-27,-2.06,-1.48,-6.98,-10.88,2.88,-28.74
INSECTICID,612.55,2026-07-27,-3.56,-7.99,-6.99,-12.03,-3.78,-41.26
MUKKA,22.62,2026-07-27,-3.74,-5.75,-6.99,-7.26,-2.46,-22.21
AIRAN,15.03,2026-07-27,-1.7,-4.39,-6.99,-14.51,8.91,-45.41
NAVA,564.65,2026-07-27,-2.1,-6.31,-7.0,-15.47,5.63,-6.33
PARAGMILK,217.41,2026-07-27,-3.47,-5.25,-7.01,-5.98,-13.69,-13.1
RVNL,223.95,2026-07-27,-1.29,-3.28,-7.02,-26.8,-30.64,-38.23
REDTAPE,127.28,2026-07-27,-3.99,-6.73,-7.03,-2.63,15.96,-4.19
IMAGICAA,45.72,2026-07-27,-1.02,-3.03,-7.04,-4.15,-10.79,-29.87
MAMATA,380.75,2026-07-27,-3.89,-1.79,-7.04,-6.05,0.03,-26.22
SANSTAR,116.24,2026-07-27,6.61,2.4,-7.04,31.63,27.79,28.48
FINPIPE,163.83,2026-07-27,-0.76,-2.81,-7.05,-6.58,-3.67,-20.19
DKEGL,65.9,2026-07-24,-3.02,-3.02,-7.05,-9.48,-8.47,-2.3
EMMIL,121.75,2026-07-24,-6.35,-4.13,-7.06,-20.86,-25.24,-45.66
SPENCERS,33.46,2026-07-27,-5.64,-5.45,-7.06,-1.85,10.58,-45.07
BOMDYEING,122.08,2026-07-27,-0.93,-5.46,-7.07,5.61,5.41,-32.41
IDEA,13.06,2026-07-27,-3.33,-6.45,-7.11,34.78,32.86,81.39
EUROBOND,158.99,2026-07-27,-2.79,-5.45,-7.11,-10.74,-10.14,-19.09
POWERINDIA,31550.0,2026-07-27,-2.74,-1.14,-7.11,-1.61,88.82,63.27
GOPAL,260.15,2026-07-27,-1.42,-2.64,-7.11,-7.33,-12.26,-23.18
INDOAMIN,128.11,2026-07-27,6.14,2.88,-7.13,12.41,13.22,-14.64
HDFCBANK,739.55,2026-07-27,-4.89,-9.58,-7.13,-4.81,-18.85,-24.99
MITTAL,0.91,2026-07-27,-2.15,-1.09,-7.14,-5.21,-9.9,-46.78
COMPINFO,1.17,2026-07-27,2.63,-0.85,-7.14,-17.61,-14.6,-60.47
GICHSGFIN,148.26,2026-07-27,-1.39,-2.31,-7.16,-1.49,-5.13,-18.54
SURANI,98.4,2026-07-24,-7.17,-3.43,-7.17,-23.72,58.33,-10.55
BFUTILITIE,577.85,2026-07-27,-4.93,-14.08,-7.17,1.62,12.92,-24.59
ODIGMA,23.06,2026-07-27,1.54,0.26,-7.17,-15.93,-16.87,-35.3
UNIENTER,97.64,2026-07-27,-4.0,-6.61,-7.18,-6.72,-18.09,-37.23
HPL,339.75,2026-07-27,-0.31,-3.22,-7.21,-9.65,9.03,-38.8
TMPV,327.65,2026-07-27,-2.62,-4.27,-7.23,-6.77,-2.99,-51.94
JUBLCPL,1876.7,2026-07-27,-4.66,-8.51,-7.23,6.45,-0.7,-14.57
RAMKY,375.2,2026-07-27,-2.51,-7.08,-7.23,-26.36,-22.41,-35.1
SHEMAROO,118.97,2026-07-27,-1.47,-7.05,-7.25,14.27,20.77,-6.71
HATHWAY,10.88,2026-07-27,-1.81,-3.2,-7.25,-1.98,6.35,-28.37
MOHITIND,22.94,2026-07-27,1.59,0.22,-7.28,-0.74,-4.93,-28.49
ANIKINDS,42.27,2026-07-27,0.05,-5.69,-7.3,-3.76,-12.95,-56.12
ICICIGI,1681.0,2026-07-27,3.66,-5.95,-7.31,-4.69,-6.56,-11.89
RADAAN,2.79,2026-07-27,-5.1,-5.1,-7.31,-16.96,-9.12,-30.42
GOYALALUM,6.46,2026-07-27,-1.82,-2.56,-7.32,-9.01,-20.15,-16.21
SPRL,97.85,2026-07-24,-5.0,-11.85,-7.34,-15.1,-34.5,-35.63
ALLETEC,136.15,2026-07-24,-1.34,-5.39,-7.35,-15.17,-30.62,-61.19
BALAJEE,27.13,2026-07-27,-4.44,-5.93,-7.37,-15.98,-19.23,-39.51
THERMAX,4454.5,2026-07-27,-5.43,-4.48,-7.37,7.61,57.99,19.62
BIL,745.8,2026-07-27,0.03,3.65,-7.38,-3.32,7.15,-15.18
PRABHA,142.02,2026-07-27,-2.26,-5.61,-7.41,-11.35,-7.02,-45.86
DHTL,37.5,2026-07-24,0.0,1.9,-7.41,-14.97,-46.39,-24.4
IRB,19.62,2026-07-27,-1.46,-3.44,-7.41,-10.04,-0.84,-14.99
OSWALSEEDS,10.1,2026-07-27,-4.63,-6.39,-7.42,-21.22,-24.63,-18.15
MADHAV,33.79,2026-07-27,-1.77,-4.06,-7.42,-12.48,-4.25,-25.64
DBOL,102.3,2026-07-27,-4.85,-10.78,-7.42,-14.28,-1.73,17.34
RELCHEMQ,128.07,2026-07-27,-1.48,-2.02,-7.42,7.66,11.93,-30.77
WSI,62.4,2026-07-27,0.91,-4.98,-7.43,-13.97,-18.52,-29.25
ACEINTEG,19.31,2026-07-27,-3.4,-6.67,-7.43,-3.59,-1.73,-22.45
CANFINHOME,812.8,2026-07-27,-5.17,-12.91,-7.44,-10.4,-8.0,6.7
MANINDS,526.8,2026-07-27,-1.67,-6.34,-7.44,-5.94,68.58,23.65
NCC,142.14,2026-07-27,1.63,-1.6,-7.45,-13.58,0.72,-34.22
GLOBECIVIL,40.15,2026-07-27,0.07,-2.07,-7.45,-15.86,-25.59,-54.11
ACL,48.42,2026-07-27,-1.22,-1.98,-7.49,-14.07,-16.82,-30.59
STUDDS,444.2,2026-07-27,-1.27,-3.36,-7.49,-9.51,-9.45,
KEI,4873.0,2026-07-27,-1.13,-4.68,-7.5,-0.32,28.21,25.68
FEL,0.37,2026-07-27,-2.63,0.0,-7.5,-21.28,-17.78,-37.29
CELLECOR,33.7,2026-07-24,-5.07,-11.32,-7.54,-7.67,23.9,-3.44
DELTAMAGNT,56.22,2026-07-27,-4.08,-5.61,-7.56,-10.35,-10.86,-38.19
LGHL,205.19,2026-07-27,-3.18,-2.91,-7.56,-22.34,-21.83,-38.37
FINEORG,4838.5,2026-07-27,-1.92,-3.69,-7.59,-0.93,19.6,-6.85
SSDL,52.93,2026-07-27,-0.64,-4.54,-7.59,-15.03,-20.66,-44.25
LLOYDS,70.5,2026-07-24,-5.37,-0.77,-7.6,-27.28,10.24,-21.67
WINDMACHIN,281.9,2026-07-27,-4.12,-9.88,-7.62,0.25,6.74,-17.96
INNOVATIVE,70.65,2026-07-24,0.0,-3.88,-7.65,-28.27,-16.93,-38.91
ZOTA,1283.1,2026-07-27,-3.61,-10.72,-7.66,-2.6,0.14,6.87
ISHANCH,52.64,2026-07-27,0.11,-4.91,-7.68,-15.36,-7.79,-12.28
CHOLAHLDNG,1526.5,2026-07-27,-1.73,-7.38,-7.68,-3.84,-5.29,-23.43
DECCANCE,545.3,2026-07-27,-4.21,-5.58,-7.69,-17.14,-15.23,-48.37
TFL,11.17,2026-07-27,4.3,-1.59,-7.69,-9.19,-24.83,-37.14
HDBFS,686.3,2026-07-27,-5.74,-9.25,-7.7,2.71,-1.65,-9.28
TTML,39.48,2026-07-27,-1.89,-3.99,-7.71,-11.6,-6.91,-35.86
DIGISPICE,18.16,2026-07-27,-5.52,-4.77,-7.72,-13.36,-8.33,-15.77
CAMPUS,219.44,2026-07-27,-2.56,-4.35,-7.74,-12.43,-10.08,-21.36
GAYAPROJ,20.21,2026-07-27,-4.4,-7.93,-7.76,10.14,67.02,137.76
XELPMOC,79.32,2026-07-27,-3.47,-4.89,-7.76,-23.55,-41.47,-12.31
YESBANK,22.94,2026-07-27,0.04,-3.53,-7.76,15.05,9.13,17.04
TRANSTEEL,112.65,2026-07-24,-3.18,-1.23,-7.78,-17.62,-18.99,-22.52
SPAL,1014.4,2026-07-27,-4.04,-9.82,-7.78,24.81,52.16,22.94
TRUST,29.0,2026-07-24,0.0,-1.36,-7.79,-26.58,-33.41,-49.75
LYKALABS,64.41,2026-07-27,-6.29,-7.43,-7.79,10.2,-12.15,-41.31
RANASUG,11.84,2026-07-27,-0.25,-2.15,-7.79,-11.77,10.65,-20.11
SHEKHAWATI,12.63,2026-07-27,-0.71,-5.82,-7.81,-27.29,0.72,-46.0
SAHAJSOLAR,124.35,2026-07-24,2.35,1.76,-7.82,-19.7,-16.82,-49.5
LINCOLN,582.1,2026-07-27,-2.56,-4.64,-7.83,-6.41,29.44,7.67
JAINAM,235.0,2026-07-24,-4.86,-6.0,-7.84,16.71,2.69,-6.37
VIVIMEDLAB,5.26,2026-07-27,0.0,-1.87,-7.88,-23.55,-31.51,6.26
NOIDATOLL,4.44,2026-07-27,-3.9,-7.11,-7.88,16.84,13.85,15.03
SECURKLOUD,17.51,2026-07-27,-0.79,-7.26,-7.89,-21.93,-23.5,-29.96
VALIANTORG,262.4,2026-07-27,-1.78,-5.13,-7.9,-3.78,12.91,-30.88
LATTEYS,20.0,2026-07-27,-3.52,-3.52,-7.92,-5.12,-8.34,-7.28
FACT,819.55,2026-07-27,-1.4,-4.24,-7.92,-9.68,3.32,-14.42
TTL,6.27,2026-07-27,-2.94,-6.97,-7.93,-21.53,-8.33,-51.55
GENESYS,300.55,2026-07-27,-6.41,-12.57,-7.95,10.01,0.59,-50.29
PRSMJOHNSN,108.55,2026-07-27,-1.1,-3.57,-7.95,-18.93,-8.51,-30.89
MAZDA,216.92,2026-07-27,-2.71,-9.53,-7.95,0.58,13.56,-23.72
ASALCBR,791.7,2026-07-27,-3.11,-4.53,-7.96,-12.02,-1.04,-27.46
GPTINFRA,120.9,2026-07-27,3.46,-1.29,-7.97,6.12,20.81,-2.54
AHLADA,36.52,2026-07-27,-5.56,-5.29,-7.99,-20.23,-26.92,-42.16
BBL,2562.0,2026-07-27,-4.27,-6.41,-7.99,-19.31,5.33,-11.09
APS,275.45,2026-07-24,-3.6,-8.76,-8.0,-26.93,-8.21,-48.05
SEPC,6.06,2026-07-27,-0.98,-6.63,-8.04,-20.99,-23.68,-47.94
PAVNAIND,16.22,2026-07-27,-3.85,-2.7,-8.05,-21.76,-9.74,-60.2
LCCINFOTEC,4.34,2026-07-27,-6.26,-2.47,-8.05,-6.06,-9.58,8.5
DAVANGERE,3.3,2026-07-27,-2.37,-5.44,-8.08,-9.09,-30.53,-5.44
NIDAN,12.5,2026-07-24,-3.47,-10.39,-8.09,-19.87,-18.03,-36.06
TREL,24.41,2026-07-27,-1.29,-4.27,-8.09,-9.19,-2.52,-27.72
KIRLOSENG,2283.1,2026-07-27,2.76,-6.28,-8.1,35.82,108.3,150.92
CYBERTECH,138.85,2026-07-27,-2.26,-1.8,-8.12,8.31,9.72,-9.82
MOTILALOFS,869.3,2026-07-27,-10.67,-11.55,-8.12,9.5,19.7,-2.65
SURAKSHA,249.6,2026-07-27,-3.29,-4.35,-8.12,-12.62,-3.93,-18.6
RAILTEL,288.55,2026-07-27,-2.09,-6.62,-8.12,-10.89,-12.47,-26.19
VIRINCHI,15.49,2026-07-27,-4.62,-3.01,-8.13,-14.04,-21.05,-44.62
TITAGARH,816.1,2026-07-27,-5.89,-3.91,-8.14,2.23,4.57,-6.59
BIRLACORPN,910.2,2026-07-27,-9.34,-6.1,-8.15,-2.13,-9.06,-34.71
BDL,1256.4,2026-07-27,-0.1,-3.56,-8.18,-9.7,-14.19,-23.9
CUBEXTUB,77.43,2026-07-27,-1.85,-4.08,-8.19,-18.75,-26.7,-14.86
MAHSEAMLES,576.85,2026-07-27,-1.34,-2.53,-8.2,-10.88,13.9,-17.09
AGUL,58.65,2026-07-24,8.61,8.61,-8.22,-0.59,-17.28,-2.33
ELECTCAST,72.14,2026-07-27,-2.29,-7.29,-8.22,-15.86,3.63,-36.69
SHREEOSFM,57.9,2026-07-24,-7.36,-4.22,-8.24,-19.08,-23.82,-49.21
ATGL,660.5,2026-07-27,-7.35,-8.38,-8.24,3.95,25.78,5.87
KAMATHOTEL,169.83,2026-07-27,-2.82,-9.01,-8.26,0.04,-17.53,-31.0
PRIMESECU,274.5,2026-07-27,-2.42,0.13,-8.26,-3.02,6.25,-4.98
TECHNOE,997.2,2026-07-27,-1.62,-5.73,-8.27,-22.12,10.38,-30.39
ADANIGREEN,1399.7,2026-07-27,-8.52,-9.49,-8.28,13.82,75.16,43.43
HDIL,1.66,2026-07-27,-1.19,-2.35,-8.29,-22.43,-17.41,-42.76
XTGLOBAL,28.39,2026-07-27,1.39,-0.56,-8.3,-11.03,9.23,-17.17
RELIABLE,139.22,2026-07-27,-6.14,-3.6,-8.31,6.17,-6.68,90.2
KELLTONTEC,14.1,2026-07-27,-4.41,-8.74,-8.32,-11.99,-5.31,-56.14
IPL,149.88,2026-07-27,0.09,-4.39,-8.32,-0.38,-2.61,-29.01
GGBL,262.8,2026-07-24,-2.25,-0.38,-8.32,-16.12,3.54,-47.93
GUJTHEM,360.75,2026-07-27,-0.88,-5.55,-8.32,0.64,14.2,-0.35
IGIL,329.7,2026-07-27,-3.64,-4.74,-8.34,-7.35,14.17,-17.33
URJA,9.1,2026-07-27,-1.62,-5.41,-8.36,-16.59,-6.28,-36.76
VILAS,357.55,2026-07-24,-3.38,-6.3,-8.37,-22.82,3.71,-36.1
IRIS,244.25,2026-07-27,1.14,-5.31,-8.38,0.74,-13.77,-34.76
ASTEC,664.6,2026-07-27,-3.1,-3.21,-8.39,-11.37,15.12,-26.17
BLS,237.5,2026-07-27,0.7,-0.84,-8.41,-15.8,-11.24,-33.89
BSE,3536.8,2026-07-27,-3.05,-7.03,-8.42,0.33,28.43,44.5
CROMPTON,249.1,2026-07-27,-3.82,-3.71,-8.43,-2.55,13.48,-23.36
ORKLAINDIA,568.9,2026-07-27,-2.91,-3.73,-8.43,-12.49,-0.91,
STCINDIA,118.4,2026-07-27,-0.8,-3.74,-8.44,-1.78,2.97,-7.82
ITI,276.1,2026-07-27,-2.02,-4.97,-8.45,-7.87,-1.06,-9.0
SKFINDIA,1481.4,2026-07-27,-0.06,-5.89,-8.47,-12.8,-9.81,-69.13
PENTAGON,53.95,2026-07-24,0.09,-0.09,-8.48,-27.19,-17.7,-15.37
USASEEDS,85.1,2026-07-24,1.37,-8.49,-8.49,-21.89,-38.29,-47.44
NAGREEKCAP,22.73,2026-07-27,-1.35,-6.42,-8.49,-33.92,-9.37,-11.83
VBL,464.5,2026-07-27,-0.75,-0.98,-8.5,-10.39,-1.3,-2.34
IEML,41.95,2026-07-24,-1.18,-2.56,-8.51,-49.67,-46.97,-71.88
PTC,166.33,2026-07-27,-3.85,-2.59,-8.51,-14.79,0.77,-8.2
SURYAROSNI,239.2,2026-07-27,-1.12,-4.87,-8.55,0.14,0.48,-27.71
ZEAL,62.0,2026-07-24,-6.06,-7.46,-8.55,-14.01,-19.84,-51.05
DIGJAMLMTD,42.97,2026-07-27,-3.09,-2.54,-8.57,-10.25,-11.51,-25.0
TRU,4.91,2026-07-27,0.41,-5.58,-8.57,-25.61,-26.72,-69.91
IFCI,70.39,2026-07-27,-3.75,-7.94,-8.58,14.75,25.2,20.06
INTLCONV,74.93,2026-07-27,-4.81,-6.11,-8.6,-1.77,-6.42,-16.47
EKC,109.79,2026-07-27,-2.56,-4.97,-8.61,-9.66,-6.38,-15.07
SRD,37.63,2026-07-27,-1.7,-7.38,-8.62,-16.23,-34.93,-53.5
ZEELEARN,8.16,2026-07-27,-2.74,-9.43,-8.62,60.0,25.73,-10.92
RAMASTEEL,4.24,2026-07-27,-1.4,-6.19,-8.62,-26.9,-44.72,-62.21
JKIPL,96.88,2026-07-27,4.46,-2.67,-8.63,5.64,44.92,
SYRMA,1316.2,2026-07-27,-1.83,-8.07,-8.63,34.39,100.3,81.09
ANTGRAPHIC,0.74,2026-07-27,-1.33,-5.13,-8.64,-15.91,-18.68,-33.33
TRENT,2938.3,2026-07-27,0.42,1.32,-8.64,3.59,16.31,-41.65
PRIZOR,845.0,2026-07-24,4.06,3.4,-8.65,42.44,208.17,249.61
DLINKINDIA,447.65,2026-07-27,-0.2,-8.41,-8.65,2.08,23.89,-4.63
KNRCON,122.58,2026-07-27,-1.1,-4.99,-8.66,0.24,-8.86,-43.43
KRITI,64.64,2026-07-27,-3.81,-6.25,-8.66,-19.55,-14.35,-60.59
MOTOGENFIN,27.39,2026-07-27,0.51,-3.56,-8.7,7.79,27.69,4.14
COFFEEDAY,30.39,2026-07-27,-3.31,-5.24,-8.71,14.72,0.73,-15.7
GRINDWELL,2014.6,2026-07-27,-5.33,-0.97,-8.72,25.21,32.2,23.77
PKTEA,698.0,2026-07-27,-2.91,-4.25,-8.72,-8.62,2.11,2.03
ADVENZYMES,316.6,2026-07-27,-0.34,-4.07,-8.72,-3.81,19.31,-2.48
PULZ,23.0,2026-07-24,0.0,-5.93,-8.73,-8.37,-7.44,-47.55
WAAREERTL,931.3,2026-07-27,-8.73,-7.54,-8.75,-11.76,4.72,-11.65
RCOM,0.83,2026-07-27,-2.35,-4.6,-8.79,-14.43,-22.43,-37.59
CALSOFT,21.77,2026-07-27,-5.55,-5.59,-8.8,80.66,54.73,36.23
KIRLOSBROS,1833.5,2026-07-27,-3.09,-5.62,-8.82,5.65,23.55,-7.07
CMRSL,62.0,2026-07-24,-1.2,-3.88,-8.82,-15.07,-13.29,-24.49
RAJESHEXPO,88.46,2026-07-27,1.19,-3.49,-8.82,-31.08,-45.01,-54.73
CELLO,345.05,2026-07-27,-5.67,-5.71,-8.83,-19.38,-30.75,-41.9
NECLIFE,10.41,2026-07-27,-3.61,-6.13,-8.84,-17.12,-25.38,-38.73
SHAKTIPUMP,529.5,2026-07-27,-2.78,-7.62,-8.85,-6.29,-14.58,-41.29
INSPIRISYS,99.34,2026-07-27,-0.8,-3.43,-8.86,22.16,24.25,-5.26
WAAREEENER,2741.4,2026-07-27,-3.0,-4.82,-8.91,-18.37,1.71,-14.23
ZODIACLOTH,75.84,2026-07-27,-1.13,-3.66,-8.93,-3.06,-3.67,-28.58
WEIZMANIND,77.41,2026-07-27,-1.91,-2.78,-8.94,-6.59,-2.9,-34.03
VIKASECO,1.12,2026-07-27,-0.88,-8.2,-8.94,-20.0,-23.81,-51.72
SUPRIYA,844.9,2026-07-27,0.91,-0.01,-8.97,19.94,23.52,23.74
ANGELONE,304.2,2026-07-27,-5.92,-10.32,-8.98,-4.24,20.86,13.99
SCI,283.8,2026-07-27,1.12,-0.84,-8.98,-2.27,36.28,36.87
UEL,120.96,2026-07-27,-2.42,-5.77,-9.0,-26.45,2.79,36.11
BIOFILCHEM,32.82,2026-07-27,-1.06,-2.64,-9.01,-2.7,11.78,-28.25
CPEDU,197.32,2026-07-27,5.23,1.66,-9.02,3.49,-6.7,
KRBL,350.55,2026-07-27,-1.38,-3.77,-9.03,-6.92,8.18,-9.36
PLAZACABLE,42.8,2026-07-27,-0.79,-1.9,-9.03,3.93,19.25,-28.34
DUCON,3.02,2026-07-27,0.0,-1.63,-9.04,-8.21,-7.36,-48.81
TDPOWERSYS,1141.5,2026-07-27,0.04,-0.93,-9.05,4.74,81.91,144.25
EMMBI,87.45,2026-07-27,-5.57,-4.6,-9.06,1.04,-5.51,-22.48
MAANALU,114.21,2026-07-27,0.81,-6.44,-9.06,-30.41,-20.39,-4.74
GOLDENTOBC,24.77,2026-07-27,-4.36,-5.02,-9.07,-11.54,-18.3,-29.61
MADHAVIPL,7.81,2026-07-27,-3.22,-7.24,-9.08,-18.65,,
SAROJA,30.0,2026-07-24,0.0,-9.09,-9.09,-10.18,-8.4,-16.78
EDUCOMP,0.9,2026-07-27,-1.1,-2.17,-9.09,-5.26,-14.29,-48.86
COMFINTE,5.4,2026-07-27,-2.7,-5.59,-9.09,-26.03,,
MAHABANK,80.63,2026-07-27,0.14,-2.34,-9.11,2.65,25.9,46.52
SURYALAXMI,56.8,2026-07-27,-0.35,-5.38,-9.12,-3.22,7.31,-20.88
BALKRISIND,2025.2,2026-07-27,-1.46,-8.44,-9.16,-8.74,-15.95,-24.08
RATNAMANI,2404.3,2026-07-27,-5.81,-9.5,-9.17,-10.75,18.96,-10.74
ASTAR,585.1,2026-07-27,-6.06,-2.48,-9.17,-9.22,,
DISHTV,2.87,2026-07-27,-2.38,-3.37,-9.18,-25.84,-13.81,-47.24
BAJEL,177.74,2026-07-27,-0.89,-7.04,-9.19,-2.94,17.53,-24.66
PRADPME,510.25,2026-07-27,-5.42,1.25,-9.2,36.52,,
CGRAPHICS,130.0,2026-07-24,-0.08,-4.8,-9.22,-22.76,-22.16,-38.87
SJLOGISTIC,306.6,2026-07-24,-4.16,-9.69,-9.22,-0.62,-4.32,-25.52
RCDL,24.0,2026-07-24,-4.38,-4.38,-9.26,-5.14,21.21,11.5
PRITIKA,57.8,2026-07-24,-6.77,-6.47,-9.26,5.28,-16.23,-35.38
ADSL,116.36,2026-07-27,-1.87,-7.46,-9.27,-1.1,-0.89,-31.0
KIOCL,355.35,2026-07-27,-4.42,-8.06,-9.29,-14.15,2.91,4.41
RESPONIND,175.47,2026-07-27,-8.97,-6.71,-9.31,12.7,5.63,-22.14
VR,108.0,2026-07-24,4.96,7.04,-9.32,-30.32,-30.35,-48.82
AXISCADES,1533.4,2026-07-27,-3.18,-4.24,-9.32,-19.33,36.79,11.94
ELANTAS,9555.0,2026-07-27,0.24,0.99,-9.35,5.69,,
SEMAC,319.95,2026-07-27,4.82,-2.71,-9.36,15.07,25.45,-41.35
PRAJIND,316.0,2026-07-27,-6.4,-11.57,-9.36,-21.66,14.43,-33.77
KWIL,31.5,2026-07-27,-7.49,-2.96,-9.38,14.63,,
KITEX,147.18,2026-07-27,-2.3,-3.73,-9.39,-11.29,-17.54,-43.37
ICRA,4745.0,2026-07-27,-7.02,-8.32,-9.39,-11.78,-18.09,-27.55
SADHNANIQ,2.69,2026-07-27,1.89,0.0,-9.43,13.5,-54.25,-64.23
SOTAC,95.1,2026-07-24,0.0,-4.9,-9.43,-18.72,-9.43,-23.86
VINYAS,1272.75,2026-07-24,-1.1,-3.17,-9.43,11.39,17.96,-8.87
BABAFP,24.0,2026-07-24,0.0,5.96,-9.43,-11.11,-14.74,-37.66
STLTECH,555.4,2026-07-27,10.29,7.19,-9.45,98.52,544.02,373.53
JSWHL,10999.0,2026-07-27,-0.47,-3.69,-9.47,-15.18,-34.59,-47.81
KLBRENG-B,439.65,2026-07-27,-0.27,-3.35,-9.48,-14.37,,
ATMASTCO,157.5,2026-07-24,0.13,-3.82,-9.51,7.73,6.28,-31.25
NOCIL,163.03,2026-07-27,-0.22,-4.02,-9.52,-10.78,28.01,-9.93
ROTO,67.29,2026-07-27,-2.86,-1.51,-9.52,11.39,17.03,-25.27
NIMBSPROJ,190.0,2026-07-27,-3.06,-6.86,-9.52,-1.63,,
PEARLPOLY,17.0,2026-07-27,-3.19,-6.08,-9.53,-18.27,-16.05,-46.12
VALIANTLAB,61.51,2026-07-27,-3.91,-3.51,-9.54,-18.95,3.95,-34.73
TARIL,302.5,2026-07-27,-9.32,-12.9,-9.55,-11.72,30.87,-38.42
NIACL,165.57,2026-07-27,-6.35,-8.94,-9.58,0.76,16.09,-6.39
GNRL,92.09,2026-07-27,-7.05,-8.93,-9.58,-5.16,,
AIROLAM,86.5,2026-07-27,-3.79,-0.61,-9.59,2.45,-1.54,-22.59
IPSL,235.0,2026-07-24,2.17,-4.08,-9.6,-6.0,-14.2,-23.67
ELECTHERM,1030.2,2026-07-27,-3.58,-6.31,-9.6,18.85,30.94,0.7
ACSTECH,40.51,2026-07-27,-2.74,-8.74,-9.64,0.77,,
JAYSREETEA,80.53,2026-07-27,-1.24,-4.74,-9.68,-9.75,-2.51,-25.46
AARTECH,47.21,2026-07-27,-2.48,-2.8,-9.72,-2.66,6.71,-30.63
LT,3806.0,2026-07-27,-0.85,-3.12,-9.73,-5.19,1.46,11.63
KSR,28.51,2026-07-27,-4.9,-0.66,-9.75,-16.98,2.55,
RAJMET,3.33,2026-07-27,-0.3,-7.24,-9.76,-16.54,-17.57,-33.53
PREMEXPLN,669.1,2026-07-27,1.13,-0.28,-9.76,22.57,41.46,38.26
KAMOPAINTS,4.61,2026-07-27,1.54,-3.96,-9.78,-16.18,-19.69,-53.1
NIBE,1494.2,2026-07-27,-4.1,-6.28,-9.78,34.11,47.3,-10.08
GSS,11.89,2026-07-27,-4.65,-6.23,-9.79,-19.99,-17.32,-61.98
GEEKAYWIRE,23.91,2026-07-27,1.01,-3.43,-9.81,-14.15,-15.66,-30.5
HIMATSEIDE,81.02,2026-07-27,-5.08,-9.08,-9.83,-10.47,-19.77,-47.67
WCIL,91.06,2026-07-27,-2.42,-5.61,-9.85,-11.8,-13.42,-16.67
UNITECH,4.3,2026-07-27,-6.52,-6.32,-9.85,-10.6,-9.28,-41.81
RAMCOSYS,639.9,2026-07-27,-20.37,-27.79,-9.85,49.96,50.56,61.71
DGCONTENT,24.99,2026-07-27,-1.26,-3.88,-9.88,-17.22,-7.82,-43.72
MTNL,27.17,2026-07-27,-3.38,-7.3,-9.88,-14.43,-12.33,-42.88
ABSMARINE,220.4,2026-07-24,-2.99,-5.61,-9.88,-3.86,25.83,8.12
VOLTAMP,9183.0,2026-07-27,-2.59,-1.99,-9.91,-17.15,36.92,5.01
MICEL,36.41,2026-07-27,-2.52,-2.85,-9.92,-11.63,2.77,-29.86
TRUALT,421.25,2026-07-27,0.27,-3.26,-9.92,-11.77,26.43,
HITECHGEAR,577.8,2026-07-27,-7.99,-9.84,-9.95,-6.22,-11.99,-15.81
GKWLIMITED,1609.6,2026-07-27,-5.31,-9.57,-9.95,3.35,-2.4,-9.97
PASUPTAC,57.22,2026-07-27,-2.84,-7.77,-10.0,11.89,28.96,14.53
RRIL,16.45,2026-07-27,-4.25,-6.96,-10.01,0.0,,
INDIAMART,1759.7,2026-07-27,-8.96,-9.88,-10.01,-14.58,-17.19,-29.29
QUINT,37.35,2026-07-27,-4.48,-5.13,-10.02,-4.11,,
ANMOL,10.04,2026-07-27,-5.64,-8.14,-10.04,-16.89,-15.56,-37.87
KSCL,832.7,2026-07-27,-1.46,-3.66,-10.04,-10.18,-0.33,-25.55
JAIBALAJI,61.34,2026-07-27,-3.69,-7.59,-10.05,-21.52,-9.62,-46.65
TVVISION,4.65,2026-07-27,-2.11,-5.68,-10.06,-13.08,-29.55,-33.0
CURAA,72.62,2026-07-27,-1.88,-1.61,-10.08,-18.78,-4.01,-68.32
KAVDEFENCE,57.37,2026-07-27,-2.07,-6.97,-10.08,-12.51,-3.94,3.41
ENGINERSIN,226.42,2026-07-27,-1.46,-4.33,-10.09,-12.08,38.61,0.95
RHFL,1.96,2026-07-27,-1.51,-2.49,-10.09,-2.49,-33.56,-55.86
JISLDVREQS,21.92,2026-07-27,-0.81,-5.8,-10.13,-8.13,-6.84,-27.18
DANGEE,2.92,2026-07-27,-5.19,-8.75,-10.15,-18.44,-4.58,-39.54
MMTC,61.66,2026-07-27,-3.14,-5.07,-10.16,-7.51,-4.39,-8.15
KOHINOOR,23.21,2026-07-27,-2.97,-4.56,-10.18,-16.81,-0.43,-33.38
REMUS,719.6,2026-07-24,0.12,-1.44,-10.26,14.04,9.64,-25.58
LASA,6.82,2026-07-27,-4.35,-6.83,-10.26,-15.7,-26.51,-36.38
BLUEPEBBLE,70.0,2026-07-24,0.0,-2.78,-10.26,-43.66,-53.27,-62.57
GICL,16.23,2026-07-27,-3.05,-10.03,-10.28,-60.28,-63.77,-86.58
BEWLTD,58.9,2026-07-24,-0.17,-1.92,-10.28,-30.25,-42.14,-65.35
AEROFLEX,418.15,2026-07-27,2.93,-0.7,-10.31,41.93,157.58,103.54
ANLON,632.0,2026-07-24,-5.39,-0.46,-10.35,55.28,64.93,48.79
KARNIKA,112.95,2026-07-24,-2.12,-8.21,-10.36,-17.55,-5.56,-84.03
AFCONS,284.25,2026-07-27,-3.29,-4.27,-10.37,-9.35,-15.99,-30.87
WPIL,442.2,2026-07-27,-3.49,-4.23,-10.4,3.43,,
SUVIDHAA,2.41,2026-07-27,-5.49,-5.12,-10.41,-19.4,-23.49,-50.72
UWCSL,95.95,2026-07-24,0.0,-5.84,-10.41,-1.13,-11.4,-21.88
GPIL,237.75,2026-07-27,-2.6,-7.26,-10.42,-20.07,-4.02,26.4
TPHQ,0.43,2026-07-27,0.0,-4.44,-10.42,-24.56,-28.33,-46.25
HFCL,192.54,2026-07-27,-7.45,-10.29,-10.45,80.47,215.9,153.91
ABCOTS,201.58,2026-07-27,-0.44,-3.23,-10.5,-18.95,-50.76,-50.82
FINCABLES,998.6,2026-07-27,-1.65,-5.65,-10.56,-0.66,40.39,12.19
OSIAHYPER,2.96,2026-07-27,-0.67,-6.92,-10.57,-54.81,-79.24,-79.3
PARACABLES,62.9,2026-07-27,-3.01,-4.68,-10.58,56.2,85.33,8.26
LIKHITHA,230.3,2026-07-27,-2.15,-6.21,-10.6,2.08,45.16,-15.5
VINDHYATEL,1907.5,2026-07-27,6.6,-1.95,-10.63,44.0,61.01,21.44
SPCENET,3.44,2026-07-27,-5.49,-9.47,-10.65,-16.68,-34.29,-49.57
OSWALAGRO,38.77,2026-07-27,-1.35,-5.35,-10.67,-21.98,-16.78,-53.14
DSSL,1231.6,2026-07-27,1.92,-4.32,-10.68,16.29,33.77,19.82
WHEELS,1495.6,2026-07-27,2.35,0.4,-10.68,42.85,111.97,89.82
DAMODARIND,28.0,2026-07-27,-4.11,-6.98,-10.71,1.05,7.61,-25.97
SIGMAADV,549.15,2026-07-27,2.95,-5.8,-10.71,120.99,226.27,423.0
A2ZINFRA,12.34,2026-07-27,-1.91,-6.16,-10.71,-27.79,-11.73,-43.88
TEAMLEASE,1294.0,2026-07-27,-6.39,-7.17,-10.77,3.52,-5.43,-32.61
BOHRAIND,13.16,2026-07-27,0.3,-4.29,-10.78,-29.09,-12.21,-59.19
AFIL,9.26,2026-07-27,-4.54,-2.83,-10.79,2.77,86.69,28.79
AXISBANK,1227.5,2026-07-27,-2.27,-6.97,-10.8,-7.23,-6.64,13.11
MAHEPC,108.04,2026-07-27,-2.33,-10.51,-10.8,-6.14,-5.77,-25.87
SRPL,0.33,2026-07-27,-2.94,-5.71,-10.81,-25.0,-43.1,-47.62
KPEL,311.15,2026-07-27,-1.8,-5.64,-10.83,-14.07,6.29,-39.69
ALPEXSOLAR,836.35,2026-07-24,-7.0,4.75,-10.84,-19.25,7.59,-33.93
OLAELEC,37.27,2026-07-27,-4.87,-7.56,-10.84,0.92,18.17,-9.6
NEWJAISA,15.2,2026-07-24,-7.03,-13.39,-10.85,-38.09,-11.63,-55.03
ZODIAC,245.9,2026-07-27,-5.2,-10.19,-10.87,-30.4,-0.89,-45.44
ATLANTAELE,1614.3,2026-07-27,-7.11,-5.59,-10.91,-11.09,122.26,
MAXESTATES,395.45,2026-07-27,-1.7,-11.14,-10.91,-1.46,7.58,-22.64
IL&FSTRANS,2.12,2026-07-27,-0.93,-2.75,-10.92,-13.11,-22.91,-39.08
LINC,102.83,2026-07-27,-4.09,-9.58,-10.94,4.96,-2.45,-23.93
PROSTARM,123.41,2026-07-27,-2.26,-5.96,-10.99,-22.21,-16.01,-44.46
SALZERELEC,573.85,2026-07-27,-2.32,-6.66,-11.0,-10.7,5.16,-29.35
WELSPLSOL,51.69,2026-07-27,-2.29,-0.96,-11.02,26.07,,
VINNY,1.05,2026-07-27,0.0,-0.94,-11.02,-10.26,-10.26,-17.97
S&SPOWER,336.8,2026-07-27,5.81,-6.7,-11.02,-20.53,31.03,-9.45
BGRENERGY,280.25,2026-07-27,-2.94,-6.35,-11.03,-6.04,-12.75,182.23
PRECWIRE,373.95,2026-07-27,2.48,-3.41,-11.04,-7.83,66.33,106.08
TRIDHYA,10.45,2026-07-24,-0.48,2.96,-11.06,0.48,-40.46,-41.94
CONTI,10.45,2026-07-24,0.97,-8.33,-11.06,-26.15,-50.24,-61.08
OLECTRA,1328.1,2026-07-27,-1.31,-5.22,-11.07,7.33,34.48,-10.3
FAZE3Q,552.9,2026-07-27,-2.0,-6.9,-11.09,18.15,40.69,-19.76
CRAYONS,24.05,2026-07-24,-9.59,-16.64,-11.09,-31.38,-32.73,-64.05
ACCURACY,4.97,2026-07-27,1.43,-3.31,-11.09,-2.17,1.84,-34.43
SOLARA,505.0,2026-07-27,-11.43,-13.73,-11.1,4.49,-1.73,-27.55
BAJAJINDEF,230.85,2026-07-27,-1.68,-6.86,-11.13,-26.57,-22.31,-43.19
RAYMONDLSL,705.6,2026-07-27,-2.89,-4.95,-11.13,-12.99,-24.54,-35.63
HMT,60.77,2026-07-27,0.03,-5.33,-11.14,-3.34,46.65,1.11
ABSLAMC,989.2,2026-07-27,-9.35,-13.61,-11.15,-4.83,30.14,19.0
KPRMILL,1056.0,2026-07-27,-5.15,-4.41,-11.16,13.24,17.87,-10.35
CMRGREEN,219.1,2026-07-27,1.25,-4.45,-11.19,,,
INTENTECH,89.02,2026-07-27,-2.93,-8.22,-11.21,-10.13,-17.31,4.26
AATMAJ,17.75,2026-07-24,-2.74,-8.27,-11.25,-11.47,-16.67,-8.03
VIPULLTD,11.52,2026-07-27,-22.48,-35.32,-11.25,8.17,-7.1,31.81
AEROENTER,122.1,2026-07-27,1.46,0.93,-11.26,32.79,57.2,18.96
ATLANTAA,35.36,2026-07-27,-7.36,-10.44,-11.27,-15.57,-15.57,5.14
KLL,29.1,2026-07-24,-2.51,-8.49,-11.28,-32.4,-34.83,-62.35
ORIENTALTL,5.32,2026-07-27,-1.85,-2.92,-11.33,-23.45,-27.72,-48.7
RSSOFTWARE,32.09,2026-07-27,-3.14,-6.61,-11.35,-24.9,-14.84,-62.03
PATINTLOG,14.14,2026-07-27,-3.28,-8.89,-11.4,22.0,19.02,-16.51
RAJRILTD,20.67,2026-07-27,-3.41,-5.87,-11.4,-3.64,4.03,-26.13
CELEBRITY,6.99,2026-07-27,-2.1,-6.68,-11.41,-7.17,-4.9,-46.31
ORIANA,1398.25,2026-07-24,-2.9,-7.09,-11.42,-32.87,-14.28,-38.99
ENRIN,3264.6,2026-07-27,-3.82,-4.1,-11.43,2.26,49.72,9.82
RILINFRA,39.5,2026-07-24,3.95,0.0,-11.43,15.84,16.86,2.6
MITCON,73.15,2026-07-27,0.67,-6.22,-11.44,-8.64,33.34,-6.98
NBCC,94.9,2026-07-27,-3.27,-6.49,-11.45,-0.53,-1.88,-12.57
AGARIND,483.55,2026-07-27,-3.8,-8.33,-11.47,8.98,-27.62,-48.62
GVKPIL,2.39,2026-07-27,-5.91,-2.45,-11.48,-24.13,-19.26,-38.87
DBEIL,7.39,2026-07-27,-4.03,-8.99,-11.5,-12.72,-19.35,-46.58
BIRLAPREC,34.21,2026-07-27,-1.36,-7.96,-11.51,0.77,,
SARVESHWAR,3.38,2026-07-27,-2.31,-6.11,-11.52,-15.71,-13.11,-57.43
DCM,87.0,2026-07-27,-10.77,-9.39,-11.53,3.46,0.79,-21.12
NELCAST,116.64,2026-07-27,-8.84,-13.18,-11.53,-10.88,31.41,-25.81
UMAEXPORTS,19.47,2026-07-27,-2.45,-10.07,-11.54,-27.92,-40.69,-60.48
JAICORPLTD,102.69,2026-07-27,-4.16,-8.03,-11.54,-13.91,-6.11,4.15
NETWORK18,28.85,2026-07-27,-3.48,-9.25,-11.58,-18.43,-19.84,-50.0
WINSOL,113.5,2026-07-24,-3.2,-4.74,-11.64,-12.69,-15.93,-48.05
MONEYBOXX,59.01,2026-07-27,1.39,-2.96,-11.64,-15.71,15.19,
LAL,8.1,2026-07-27,-7.43,-7.85,-11.67,10.2,3.32,-29.75
RIIL,736.2,2026-07-27,-5.72,-7.42,-11.69,-7.53,7.46,-18.55
THOMASCOOK,98.45,2026-07-27,-4.55,-5.73,-11.7,-0.76,-19.75,-42.09
PRITI,37.11,2026-07-27,-1.43,-6.0,-11.71,-20.12,-26.69,-59.0
VARDMNPOLY,6.15,2026-07-27,-3.15,-7.66,-11.76,-12.64,2.16,-41.93
TATAELXSI,3554.4,2026-07-27,0.5,-7.04,-11.76,-13.62,-33.18,-40.31
NETWEB,4362.2,2026-07-27,4.41,-0.86,-11.76,11.29,43.79,126.65
PURVFLEXI,44.1,2026-07-24,-8.13,-8.13,-11.8,-25.76,-36.09,-39.59
IGL,150.27,2026-07-27,-2.84,-1.83,-11.8,-8.86,-12.05,-23.27
HINDWAREAP,221.05,2026-07-27,-0.54,-10.81,-11.8,-1.11,-3.13,-13.8
BEARDSELL,27.42,2026-07-27,-0.44,-6.99,-11.83,3.55,4.18,-13.61
QUICKHEAL,155.72,2026-07-27,-3.3,-7.33,-11.87,-7.29,-17.96,-51.65
KANDARP,91.35,2026-07-24,-3.84,-13.0,-11.87,-38.59,-40.68,23.61
GANGAFORGE,1.68,2026-07-27,-12.5,-20.0,-11.88,-40.64,-47.83,-55.08
QPOWER,1105.6,2026-07-27,-2.93,-9.18,-11.93,-20.96,85.78,41.43
AVONMORE,9.29,2026-07-27,-4.82,-7.1,-11.94,-24.78,-40.37,-49.18
ABINFRA,10.33,2026-07-27,1.87,0.88,-11.94,-35.07,-41.93,-42.58
WOMANCART,96.4,2026-07-24,6.99,-9.7,-11.96,-42.92,-58.05,-55.87
ZFCVINDIA,2299.1,2026-07-27,-1.69,-0.96,-11.96,-7.18,-1.57,2.06
KEC,464.6,2026-07-27,-4.75,-6.3,-12.03,-19.36,-25.84,-46.06
ESSARSHPNG,20.43,2026-07-27,0.39,-8.14,-12.05,-22.58,-12.73,-27.83
KHAICHEM,48.86,2026-07-27,-0.14,-5.8,-12.07,-9.26,-17.33,-57.48
BANG,28.06,2026-07-27,-2.26,-3.01,-12.09,-27.19,-34.71,-48.31
MILTON,35.15,2026-07-24,-4.87,-7.62,-12.12,-26.46,-24.33,21.63
RBS,74.25,2026-07-24,0.34,-4.19,-12.13,-29.29,-17.91,-46.18
CEIGALL,335.8,2026-07-27,-1.63,-7.77,-12.14,-0.46,21.95,27.34
LEMERITE,21.33,2026-07-27,1.77,-6.94,-12.15,-76.36,-76.88,-67.76
AKI,4.19,2026-07-27,-10.28,-10.47,-12.16,-18.16,-31.31,-66.64
PAKKA,71.1,2026-07-27,-1.11,-3.55,-12.19,-24.75,-18.19,-64.71
PRAKASH,125.47,2026-07-27,0.93,-2.44,-12.24,-13.56,11.69,-28.33
GLOBALE,10.97,2026-07-27,-1.88,-0.45,-12.24,-22.2,-6.4,-17.02
GANESHCP,169.9,2026-07-27,-1.73,-10.22,-12.27,-11.32,-13.27,
CIEINDIA,413.4,2026-07-27,-12.75,-11.93,-12.29,-14.55,2.42,1.39
APARINDS,14051.0,2026-07-27,1.21,1.47,-12.3,15.79,94.92,57.37
MADHUCON,5.35,2026-07-27,3.08,-7.76,-12.3,5.11,9.41,-20.27
THACKER,1011.0,2026-07-27,-7.24,-2.22,-12.32,-5.87,,
SANDHAR,599.55,2026-07-27,-0.32,-10.13,-12.34,18.86,22.47,21.61
MCLEODRUSS,52.57,2026-07-27,-1.78,-8.16,-12.34,-4.64,33.05,32.55
DEN,27.37,2026-07-27,1.33,-9.07,-12.39,-2.6,0.59,-26.68
HILTON,21.05,2026-07-27,-8.24,-5.61,-12.4,-14.36,-25.04,-66.22
RNBDENIMS,9.32,2026-07-27,-2.82,-6.52,-12.41,-33.57,-81.11,
FRACTAL,809.3,2026-07-27,-3.89,-5.23,-12.46,-16.76,,
AURIGROW,0.28,2026-07-24,0.0,0.0,-12.5,-26.32,-45.1,-54.84
GAYAHWS,1.88,2026-07-27,-1.05,0.53,-12.56,-19.31,-7.84,-2.08
BANKBARODA,244.0,2026-07-27,-4.26,-2.65,-12.59,-8.07,-16.59,3.47
VIVIANA,732.3,2026-07-27,4.18,-7.63,-12.6,-11.69,26.81,-38.46
INOXWIND,78.23,2026-07-27,-1.25,-3.53,-12.61,-24.84,-25.3,-49.94
SAKUMA,1.66,2026-07-27,-1.78,-6.21,-12.63,-13.54,-13.09,-41.55
TEGA,1510.5,2026-07-27,-6.74,-11.56,-12.7,-11.13,-11.81,-18.98
INDTERRAIN,29.21,2026-07-27,-0.95,-8.14,-12.73,-5.29,-12.28,-28.63
GOLDSTAR,6.85,2026-07-24,-2.84,-10.46,-12.74,-8.67,34.31,-28.27
OWAIS,99.3,2026-07-24,1.02,-6.05,-12.78,-52.86,-60.0,-80.71
VEDPOWER,36.97,2026-07-27,-3.5,-10.77,-12.85,,,
GTLINFRA,1.22,2026-07-27,-2.4,-6.87,-12.86,-1.61,23.23,-23.75
QUICKTOUCH,22.0,2026-07-24,-4.97,-5.17,-12.87,-24.66,-39.39,-61.74
TATACOMM,1735.2,2026-07-27,-4.8,-5.46,-12.89,11.19,12.52,1.28
FCONSUMER,0.27,2026-07-27,-3.57,-6.9,-12.9,-20.59,-27.03,-44.9
DIL,0.81,2026-07-27,1.25,-1.22,-12.9,-20.59,-40.0,-58.88
BHARATCOAL,35.25,2026-07-27,-5.37,-6.08,-12.9,3.95,-6.57,
SHREEKARNI,403.0,2026-07-24,-1.71,-1.71,-12.93,-5.29,-9.15,-29.78
KARMAENG,37.81,2026-07-27,-0.08,-5.43,-12.96,-28.21,-1.92,-39.04
VIKASLIFE,1.27,2026-07-27,-4.51,-9.29,-13.01,-20.13,-24.85,-47.74
JISLJALEQS,30.43,2026-07-27,-0.88,-5.58,-13.01,-7.96,-11.54,-41.88
MTEDUCARE,2.0,2026-07-27,10.5,9.29,-13.04,37.93,29.87,-20.0
BROOKS,63.95,2026-07-27,-5.61,-8.45,-13.05,-0.79,1.22,-57.96
VIPCLOTHNG,21.83,2026-07-27,-0.05,-7.73,-13.06,-4.42,-9.12,-46.21
LIBAS,10.12,2026-07-27,-2.03,-8.83,-13.06,-17.05,4.76,-23.56
MKPL,4.18,2026-07-27,-2.56,-9.13,-13.1,-21.72,-24.28,-40.54
KALPATARU,267.0,2026-07-27,-1.91,-6.28,-13.18,-18.34,-17.88,-34.26
APTECHT,91.66,2026-07-27,-3.57,-7.35,-13.23,-9.36,17.02,-29.48
BLUECOAST,25.69,2026-07-27,-9.16,-10.05,-13.33,-17.95,-3.6,-35.09
PNC,19.6,2026-07-27,1.55,-3.92,-13.39,-8.67,-16.74,-27.25
SABAR,5.45,2026-07-24,15.96,25.29,-13.49,5.83,3.81,13.54
RAJVIR,5.93,2026-07-27,-4.82,-9.47,-13.56,-22.48,-29.82,-43.52
TIRUPATI,440.45,2026-07-24,-4.99,-9.74,-13.64,-6.29,-35.23,-10.11
WINNY,35.6,2026-07-24,0.0,-9.18,-13.7,-28.08,-44.33,-66.42
HBLENGINE,713.75,2026-07-27,-2.31,-6.85,-13.72,-11.84,1.52,25.06
MSPL,36.14,2026-07-27,-0.99,-8.9,-13.75,2.85,26.23,14.08
VITAL,46.0,2026-07-27,-7.56,-14.69,-13.78,-29.12,-11.54,-18.08
NIRMAN,38.3,2026-07-24,-5.32,-9.67,-13.84,-27.8,-27.94,-78.87
SOLEX,939.6,2026-07-27,-4.31,-6.68,-13.88,-26.7,-5.56,-34.95
ENSER,13.65,2026-07-24,7.91,-2.5,-13.88,-10.78,-9.0,-19.94
MANUGRAPH,13.09,2026-07-27,-11.73,-12.03,-13.94,-2.89,-11.49,-33.96
KHADIM,93.71,2026-07-27,-4.4,-7.53,-13.94,-8.94,-42.72,-66.3
NAGREEKEXP,22.83,2026-07-27,-4.72,-6.32,-14.01,-19.19,-6.01,-12.86
POKARNA,933.3,2026-07-27,-3.91,-7.67,-14.01,2.39,27.31,-7.3
PRESSTONIC,25.45,2026-07-24,-0.2,-2.49,-14.02,-46.48,-36.24,-72.58
AMIABLE,72.95,2026-07-24,0.0,0.0,-14.13,-8.81,0.07,-7.66
MEDPLUS,716.9,2026-07-27,-10.53,-12.76,-14.14,-20.34,-7.39,-20.01
DRREDDY,1150.8,2026-07-27,-5.91,-6.78,-14.25,-13.22,-6.59,-9.37
KKVAPOW,499.35,2026-07-24,0.0,-4.99,-14.25,-18.67,-24.39,-24.15
HYBRIDFIN,18.76,2026-07-27,3.93,2.18,-14.26,-2.55,-10.41,14.74
SAIFL,5.1,2026-07-24,0.0,0.99,-14.29,-46.32,-52.78,-83.47
POWERICA,565.7,2026-07-27,-0.26,-1.51,-14.32,21.81,,
MODISONLTD,272.25,2026-07-27,-8.05,-7.3,-14.36,80.68,80.21,57.76
TIMKEN,3126.9,2026-07-27,-0.08,-1.53,-14.42,-12.06,4.99,-7.74
SABEVENTS,7.29,2026-07-27,-8.07,-16.59,-14.54,-25.54,-41.35,1.39
DELPHIFX,7.06,2026-07-27,2.77,-20.32,-14.63,-44.41,-53.11,-49.05
WALCHANNAG,233.5,2026-07-27,-6.73,-9.09,-14.7,6.36,41.34,13.68
SADBHIN,2.32,2026-07-27,-1.69,-12.45,-14.71,-17.73,-32.16,-48.1
CANARYS,18.5,2026-07-24,-3.14,-1.86,-14.75,-7.73,-29.12,-38.64
EMKAY,238.05,2026-07-27,-1.84,-10.08,-14.76,1.78,-12.21,-3.34
GRANDOAK,39.17,2026-07-27,-7.97,-9.93,-14.77,30.57,,
DHRUV,23.99,2026-07-27,-7.55,-10.88,-14.87,-32.57,-38.12,-66.33
CCCL,15.74,2026-07-27,-1.93,-9.54,-14.87,-11.92,-0.38,-5.86
RBA,67.57,2026-07-27,1.23,-6.89,-14.88,5.35,5.09,-17.29
K2INFRA,58.7,2026-07-24,2.89,-3.14,-15.23,16.7,-4.16,-7.92
MOKSH,10.29,2026-07-27,-10.6,-11.06,-15.24,-20.54,-27.64,-25.54
SWSOLAR,208.27,2026-07-27,-2.88,-12.11,-15.57,-3.58,13.49,-28.02
AVROIND,8.94,2026-07-27,-4.18,-6.39,-15.58,-30.87,-31.2,-38.17
SARTELE,117.0,2026-07-24,-3.66,-9.27,-15.65,-24.56,-47.12,-49.16
SOMICONVEY,97.22,2026-07-27,-2.74,-0.85,-15.7,-13.91,-3.17,-35.54
UMA,15.5,2026-07-24,-4.62,-12.43,-15.76,-22.5,-19.69,-40.95
REFRACTORY,26.9,2026-07-24,0.19,3.26,-15.81,-31.81,-43.13,-51.0
ZTECH,524.15,2026-07-24,-7.88,-11.1,-15.84,-14.92,-11.6,-6.85
PATANJALI,346.85,2026-07-27,2.26,-15.16,-15.93,-25.65,-30.8,-44.23
CADSYS,59.2,2026-07-24,-9.69,-11.64,-15.97,-4.21,22.06,-11.51
BANDHANBNK,169.43,2026-07-27,-19.83,-20.51,-16.02,-6.84,13.7,-4.05
TIGERLOGS,31.85,2026-07-27,-0.9,-3.48,-16.07,-0.09,5.46,
KREBSBIO,55.5,2026-07-27,2.21,1.06,-16.21,-6.75,-2.51,-30.43
FMNL,9.18,2026-07-27,-2.03,-8.2,-16.39,-1.18,16.65,-31.9
GVT&D,4202.3,2026-07-27,-5.46,-7.14,-16.67,-7.78,53.88,72.79
ISHAN,0.5,2026-07-24,0.0,-9.09,-16.67,-23.08,-28.57,-47.37
ORTINGLOBE,14.51,2026-07-27,-4.35,-9.31,-16.8,-4.35,13.36,18.55
ALKALI,69.99,2026-07-27,-17.61,-16.68,-16.89,5.15,2.07,-24.99
CAPACITE,218.8,2026-07-27,-1.4,-6.11,-17.09,-14.28,3.04,-31.3
PRAXIS,7.03,2026-07-27,-4.61,-5.76,-17.1,-7.13,-3.96,-41.71
MFML,18.84,2026-07-27,3.8,-5.23,-17.11,-23.16,-19.62,-39.32
WAAREEINDO,335.05,2026-07-27,-12.18,-16.01,-17.21,-27.71,-21.61,24.63
SILKFLEX,188.5,2026-07-24,-2.84,-13.49,-17.32,0.86,95.74,102.69
PATELENG,27.98,2026-07-27,-7.2,-11.26,-17.39,0.07,-0.67,-28.6
VLEGOV,10.69,2026-07-27,-5.81,-8.55,-17.45,-30.63,-27.23,-77.87
SHRENIK,0.33,2026-07-27,-8.33,-5.71,-17.5,-15.38,-15.38,-44.07
TEJASNET,513.05,2026-07-27,-5.59,-7.77,-17.62,23.94,73.24,-14.68
VISHWAS,44.8,2026-07-24,-6.67,-10.85,-17.65,17.74,1.93,-24.13
CEREBRAINT,3.0,2026-07-27,-0.66,-5.66,-17.81,-31.51,-42.97,-67.03
AGIIL,304.05,2026-07-27,-9.04,-12.93,-17.88,-15.81,18.86,42.61
AAREYDRUGS,75.95,2026-07-27,-0.08,-6.44,-17.89,-17.48,11.84,15.57
CEWATER,291.5,2026-07-27,-6.36,-12.38,-17.97,-13.35,-23.1,-53.81
TCIFINANCE,15.17,2026-07-27,-1.69,-4.71,-18.13,5.86,-27.31,7.82
YUDIZ,23.0,2026-07-24,-4.17,-5.54,-18.15,-17.41,-9.98,-36.99
TCC,269.2,2026-07-27,-5.43,-19.86,-18.24,-32.51,,
JIWANRAM,4.9,2026-07-24,-4.85,-5.77,-18.33,-4.85,-14.04,-44.32
GOCOLORS,329.4,2026-07-27,-4.34,-4.22,-18.36,6.89,-18.97,-61.66
JETKNIT,62.45,2026-07-24,0.0,-9.69,-18.42,-29.99,-29.99,-43.2
GODIGIT,254.8,2026-07-27,-9.29,-15.99,-18.5,-20.41,-23.2,-26.92
SASKEN,1819.0,2026-07-27,-3.93,-11.75,-18.59,41.58,48.64,25.73
PRUDMOULI,13.0,2026-07-27,-2.62,-12.46,-18.75,-21.21,-32.78,-70.09
RMC,265.65,2026-07-27,-4.9,-9.8,-18.76,-46.53,,
HCC,21.73,2026-07-27,-4.27,-8.58,-18.8,4.93,15.65,-18.98
ELECON,423.7,2026-07-27,-6.88,-15.6,-18.86,-14.58,15.32,-26.3
BBOX,775.7,2026-07-27,-7.4,-13.69,-19.02,33.82,63.29,57.16
GLFL,5.26,2026-07-27,-0.57,-9.15,-19.08,-27.85,12.63,-20.42
QUADFUTURE,362.7,2026-07-27,-11.16,-16.67,-19.13,14.22,22.95,-22.81
OSWALPUMPS,349.2,2026-07-27,-10.37,-14.41,-19.14,-15.65,-10.63,-53.0
ORCHASP,1.6,2026-07-27,-3.61,-17.53,-19.19,-21.95,-38.7,-43.26
FOCUS,71.66,2026-07-27,-4.8,-12.71,-19.21,-8.77,9.4,-27.39
VENUSREM,1572.0,2026-07-27,-7.2,-12.93,-19.26,67.72,110.12,202.89
DYNAMIC,140.6,2026-07-24,-11.85,-14.22,-19.91,3.61,1.33,0.75
BLACKROSE,100.76,2026-07-27,3.64,-5.81,-19.99,18.89,,
REGENCERAM,33.6,2026-07-27,-6.9,-14.48,-20.0,-27.7,-26.36,-33.73
COOLCAPS,20.15,2026-07-24,-4.28,-12.01,-20.51,-24.67,-70.06,-74.17
KALAMANDIR,87.34,2026-07-27,-4.32,-14.25,-20.59,-16.2,-22.16,-52.57
DHANLAXMI,24.25,2026-07-24,3.85,-3.0,-20.62,-17.24,-6.91,-46.82
BLUECHIP,1.88,2026-07-27,-8.29,-16.44,-20.68,-6.93,-25.4,-61.63
KRIDHANINF,2.34,2026-07-27,-7.14,-13.97,-20.95,-10.69,-36.07,-47.06
GVPIL,779.85,2026-07-27,-6.33,-3.52,-21.01,39.86,183.63,174.02
NEUEON,15.62,2026-07-27,4.69,20.8,-21.03,-19.9,75.51,199.23
ESSENTIA,1.08,2026-07-27,-6.9,-10.0,-21.17,-18.8,-13.6,-47.83
KPITTECH,585.2,2026-07-27,4.28,2.05,-21.2,-20.41,-46.89,-51.97
DPWIRES,167.86,2026-07-27,-3.26,-5.15,-21.2,-10.35,2.83,-24.96
KIRLPNU,1489.6,2026-07-27,-13.41,-15.78,-21.21,3.32,36.15,15.62
MEGAFLEX,100.0,2026-07-24,0.0,-4.76,-21.23,-31.03,-0.99,59.74
CIFL,20.12,2026-07-27,-3.96,-9.53,-21.62,-27.7,-38.62,-46.13
MAKS,18.05,2026-07-24,0.0,-17.39,-21.69,-30.58,-38.81,-40.82
SHUBHLAXMI,21.55,2026-07-24,8.02,-7.31,-21.78,-5.48,-37.63,32.62
NAGAFERT,2.62,2026-07-27,-4.73,-9.34,-21.79,-34.17,-43.9,-56.84
SONUINFRA,41.75,2026-07-24,-2.34,-3.58,-21.82,-29.42,-40.31,-65.68
AGSTRA,2.1,2026-07-27,-4.98,-9.48,-21.93,-22.79,-43.55,-58.0
PALREDTEC,45.24,2026-07-27,-6.82,-15.75,-22.0,17.23,28.74,-24.25
AKSHOPTFBR,5.66,2026-07-27,1.98,-7.36,-22.15,-9.0,8.22,-32.7
SHYAMTEL,16.01,2026-07-27,2.96,-4.82,-22.21,-18.15,61.88,9.81
PANACEABIO,433.1,2026-07-27,-21.09,-20.17,-22.27,17.42,24.54,3.64
MANAV,29.85,2026-07-24,-4.94,-9.68,-22.37,-29.1,8.35,76.63
GENSOL,17.44,2026-07-27,-4.96,-9.68,-22.49,-24.67,-27.87,-64.2
RELINFRA,60.04,2026-07-27,-4.98,-9.63,-22.51,-23.67,-55.21,-82.44
POLYSIL,112.0,2026-07-24,-7.02,-2.27,-22.52,-30.71,-51.24,8.06
VCL,1.02,2026-07-27,-7.27,-19.05,-22.73,-27.66,-51.43,-11.3
GUJENERGY,265.55,2026-07-27,-2.25,-7.46,-22.81,-30.67,-34.07,-41.54
NARMADA,32.98,2026-07-27,-14.89,-4.02,-22.82,-1.23,15.19,48.63
GALLANTT,547.25,2026-07-27,-11.76,-21.93,-23.05,-37.28,4.41,-13.67
FLEXITUFF,4.62,2026-07-27,-7.23,-8.7,-23.76,-30.94,-58.79,-86.81
SUPREMEPWR,192.3,2026-07-24,-11.93,-12.47,-25.57,-13.94,33.63,-8.56
TAKE,20.84,2026-07-27,4.3,-6.96,-25.62,-54.04,-43.11,93.86
JALAN,1.65,2026-07-24,-8.33,-10.81,-26.67,-15.38,-53.52,-77.24
DUGLOBAL,26.55,2026-07-24,-2.21,-17.16,-26.96,-41.65,-12.52,-39.18
MEP,0.54,2026-07-27,-8.47,-14.29,-27.03,-44.33,-63.27,-70.65
ROLLT,2.22,2026-07-27,5.71,0.0,-27.69,32.93,79.03,39.62
MTARTECH,5754.5,2026-07-27,0.18,-14.7,-27.86,8.51,127.56,282.69
KOTYARK,31.97,2026-07-27,-7.49,-7.09,-29.66,-17.67,72.22,53.84
KHFM,44.7,2026-07-24,-8.68,-13.79,-30.05,-15.26,-41.22,-45.15
KSHITIJPOL,3.0,2026-07-27,26.58,-1.32,-31.03,2.74,47.78,-4.46
SHANTHALA,18.0,2026-07-24,-23.24,-21.23,-31.3,-30.9,-44.36,-40.89
SLONE,122.3,2026-07-24,2.17,-3.7,-31.43,-38.85,-49.88,-60.99
PARSVNATH,1.92,2026-07-27,-8.57,-16.52,-31.67,-75.6,-77.75,-89.81
EUROTEXIND,12.26,2026-07-27,-4.37,-15.51,-31.78,-23.37,-6.05,-11.48
GSLSU,29.41,2026-07-27,15.47,-19.36,-35.67,-50.84,-63.25,-74.78
AQYLON,24.98,2026-07-27,-21.37,-36.52,-36.84,-47.47,-87.02,-96.92
GIRIRAJ,85.75,2026-07-24,-22.68,-34.69,-36.95,-55.79,-50.13,-72.11
HARDWYN,15.59,2026-07-27,-0.13,-35.36,-36.96,-40.54,-1.33,9.1
TRIVENI,240.0,2026-07-27,-48.97,-49.7,-41.43,-42.32,-30.74,-33.8
ELITECON,15.98,2026-07-27,-10.58,-20.02,-41.81,-57.56,,
TICL,9.26,2026-07-27,-5.22,-24.72,-45.72,-62.78,-58.42,-71.41
NATIONSTD,304.2,2026-07-27,-22.58,-40.06,-75.13,-78.42,,
VMARCIND,280.0,2026-07-24,-1.75,1.65,-82.66,-68.7,-54.43,-38.86
HEALTHADD,16.62,2026-07-27,0.0,1.03,-89.67,-88.94,-88.19,-88.84
MIDQ50ADD,24.79,2026-07-27,-0.64,-0.56,-90.02,-89.69,-89.42,-90.08
PSUBANK,83.93,2026-07-27,-2.94,-0.85,-90.28,-90.53,-90.59,-88.01
