ticker,last_close,last_date,1W,2W,1M,3M,6M,12M
NV20,11950.75,2026-06-29,84238.39,84297.95,84238.39,85814.81,7639.62,7829.11
ACCORD,133.25,2026-06-25,15.67,47.4,139.44,402.83,381.92,474.35
SIGNORIA,105.85,2026-06-25,15.68,45.8,85.7,89.36,11.54,-13.87
GTECJAINX,30.8,2026-06-29,21.45,3.74,84.54,58.6,28.01,32.47
SETL,233.43,2026-06-29,15.37,38.17,74.99,112.13,60.91,36.47
GRANDOAK,43.67,2026-06-29,-17.77,20.6,74.54,,,
RAMCOSYS,793.2,2026-06-29,41.99,44.7,74.31,115.54,36.1,92.22
SSFL,254.4,2026-06-25,15.72,27.97,71.78,109.99,92.0,71.6
AEGISLOG,1174.1,2026-06-29,9.76,19.28,56.87,91.85,64.86,51.51
MSTCLTD,690.85,2026-06-29,0.09,9.7,56.83,81.25,34.92,27.17
CLCIND,46.71,2026-06-29,4.99,10.22,54.98,191.76,-83.32,-83.32
BAFNAPH,204.41,2026-06-29,21.54,30.05,54.97,79.12,31.56,155.42
VIPULLTD,13.61,2026-06-29,21.09,44.94,54.48,26.37,12.95,15.73
CARTRADE,2658.6,2026-06-29,3.4,14.35,53.22,52.78,-1.31,65.83
JAYBARMARU,171.38,2026-06-29,4.94,7.7,52.98,112.5,88.99,121.96
QUADFUTURE,445.65,2026-06-29,6.96,17.31,52.23,58.99,40.36,-6.51
MTEDUCARE,2.41,2026-06-29,13.68,24.87,51.57,88.28,41.76,15.31
BETA,2163.1,2026-06-29,0.73,17.84,51.32,85.72,42.99,21.8
MDL,75.65,2026-06-25,7.76,8.07,51.3,32.72,3.63,-21.81
VENUSREM,1930.0,2026-06-29,14.07,2.5,50.78,123.7,153.75,320.53
ROLLT,2.92,2026-06-29,-18.21,2.82,49.74,156.14,137.4,69.77
SKMEGGPROD,304.05,2026-06-29,22.31,28.87,48.91,94.37,42.26,151.74
QFIL,59.4,2026-06-26,4.21,6.17,48.87,41.09,1.02,-24.86
SANGINITA,42.4,2026-06-29,8.19,19.37,48.15,130.43,332.65,319.39
AEROENTER,142.3,2026-06-29,-1.86,28.87,47.84,114.02,59.64,43.61
ORIENTHOT,141.13,2026-06-29,17.29,18.66,47.72,63.44,38.2,-5.11
PPL,305.67,2026-06-29,15.61,18.59,47.49,74.27,25.21,-23.55
CUPID,188.4,2026-06-29,4.79,14.3,45.98,122.56,93.59,780.37
SUPREMEENG,1.4,2026-06-29,6.06,14.75,45.83,42.86,25.0,-24.73
VIJIFIN,5.73,2026-06-29,21.14,46.92,45.8,107.61,116.23,148.05
VSCL,30.2,2026-06-25,6.53,11.85,44.5,42.79,85.28,-9.58
PARAS,1182.9,2026-06-29,-14.21,6.75,44.37,89.01,72.88,45.26
LIKHITHA,270.48,2026-06-29,5.92,16.54,43.77,56.36,41.49,-6.44
YASHO,2957.9,2026-06-29,3.44,6.15,42.7,117.09,100.41,43.15
VINSYS,464.6,2026-06-25,10.96,26.49,42.14,82.2,19.4,19.01
NIITLTD,96.21,2026-06-29,-7.12,7.77,41.59,77.9,4.3,-26.08
RUBICON,1419.6,2026-06-29,3.12,5.59,41.17,84.88,112.71,
BHAGYANGR,411.75,2026-06-29,1.06,26.26,40.43,187.41,155.94,414.56
BLUSPRING,110.87,2026-06-29,2.63,19.46,40.29,116.08,65.38,41.27
PRIZOR,906.5,2026-06-25,3.62,5.25,39.83,121.69,230.42,346.22
THANGAMAYL,5875.1,2026-06-29,5.72,6.79,39.72,71.24,83.13,217.69
AMAGI,554.45,2026-06-29,4.31,30.08,39.03,71.15,,
SICALLOG,91.12,2026-06-29,-4.99,3.95,38.99,41.27,3.02,-20.98
RPTECH,753.15,2026-06-29,-0.93,34.19,38.68,117.39,115.96,155.15
EIFFL,321.36,2026-06-29,-9.87,31.3,37.6,48.28,23.35,48.3
SIGMAADV,584.3,2026-06-29,5.99,26.42,37.55,276.29,199.92,460.48
NPST,1583.4,2026-06-29,2.21,-4.23,37.06,47.32,8.01,-20.98
VMARCIND,1580.5,2026-06-25,-1.95,11.01,36.92,140.58,127.16,426.13
EFFWA,365.0,2026-06-25,-0.99,12.65,36.78,85.8,59.32,48.98
ICIL,424.9,2026-06-29,9.16,21.54,36.14,66.04,63.27,45.43
MACPOWER,1317.95,2026-06-29,11.63,30.4,35.9,59.51,29.05,27.74
BTTL,45.83,2026-06-29,33.3,29.1,35.47,,,
DEEM,54.0,2026-06-26,-0.74,20.81,35.34,55.17,1.98,-10.89
WELSPLSOL,57.57,2026-06-29,-1.52,9.74,35.27,,,
INVPRECQ,832.95,2026-06-29,10.49,35.8,35.23,,,
VINYAS,1425.65,2026-06-25,-3.3,1.47,35.13,65.51,21.33,16.01
INDSWFTLAB,205.27,2026-06-29,8.68,26.84,34.95,48.52,129.02,87.1
SPAL,1051.4,2026-06-29,7.39,21.15,34.44,50.04,48.68,24.11
PANACEABIO,553.75,2026-06-29,5.66,2.39,34.13,73.16,39.73,34.86
TCIFINANCE,17.61,2026-06-29,-18.47,-36.84,33.81,34.84,-29.05,21.03
DAICHI,315.74,2026-06-29,-1.97,19.08,33.2,,,
KANORICHEM,131.32,2026-06-29,3.64,29.14,33.18,120.78,70.88,37.38
DENTA,335.65,2026-06-29,3.31,30.93,33.17,42.04,0.93,15.76
PRADPME,590.3,2026-06-29,12.01,18.56,33.09,,,
UFBL,656.35,2026-06-29,-1.93,6.73,33.08,202.47,250.63,107.21
POKARNA,1062.75,2026-06-29,4.34,22.05,32.73,19.71,30.34,5.59
SKFINDUS,2870.1,2026-06-29,4.16,15.23,32.68,35.45,10.26,
SAAKSHI,305.0,2026-06-25,12.63,19.4,32.61,60.57,65.76,79.94
SHIVAUM,420.0,2026-06-29,13.51,15.07,32.41,20.83,40.94,39.07
ACSTECH,44.73,2026-06-29,12.9,16.82,32.38,,,
JNKINDIA,489.0,2026-06-29,1.99,-1.39,32.23,123.16,92.32,39.87
ELECTHERM,1165.5,2026-06-29,10.72,3.85,31.94,105.52,32.21,-3.04
JYOTICNC,785.45,2026-06-29,7.52,14.01,31.79,4.46,-19.69,-30.22
SYNOPTICS,67.0,2026-06-26,-2.12,-5.17,31.76,52.79,1.52,-17.54
VADILALIND,6363.4,2026-06-29,0.06,5.59,31.39,48.29,28.57,14.82
BHAGERIA,208.18,2026-06-29,-9.15,-4.42,31.27,55.3,15.34,11.02
EPACKPEB,233.34,2026-06-29,-12.65,-8.28,31.06,67.73,-15.01,
SHUBHLAXMI,27.3,2026-06-25,-5.86,11.89,30.94,3.02,-30.27,61.54
WABAG,1998.1,2026-06-29,-3.09,22.65,30.78,66.44,57.37,34.58
DYNAMIC,180.85,2026-06-25,8.29,17.78,30.62,86.16,54.7,20.37
MAHESHWARI,72.33,2026-06-29,1.87,1.16,30.44,67.12,41.46,24.17
GEMAROMA,193.43,2026-06-29,7.28,3.08,30.33,33.11,16.88,
SWSOLAR,244.35,2026-06-29,0.59,15.81,30.26,54.51,14.86,-23.37
IPSL,259.95,2026-06-26,-0.02,-0.02,29.98,32.53,-5.13,-9.38
GOLDTECH,58.38,2026-06-29,31.1,38.97,29.76,67.86,16.23,-12.85
UNIHEALTH,575.0,2026-06-25,-3.24,15.71,29.74,43.21,108.14,239.63
EBGNG,569.05,2026-06-29,3.7,26.91,29.64,53.57,84.91,
NELCO,889.25,2026-06-29,-3.88,24.21,29.6,65.65,21.95,-12.48
STEL,572.65,2026-06-29,-6.97,-7.13,29.57,33.53,15.3,36.36
HITECHCORP,313.71,2026-06-29,2.11,1.49,29.54,156.61,84.88,64.95
SPRL,110.75,2026-06-25,10.03,33.43,29.53,-4.44,-30.78,-20.89
UNICHEMLAB,452.2,2026-06-29,0.97,2.78,29.44,59.2,2.7,-23.6
IZMO,971.1,2026-06-29,-7.68,-5.85,29.32,49.79,20.15,171.11
KWIL,34.9,2026-06-29,-4.28,-6.31,29.31,47.88,,
TIRUPATIFL,57.98,2026-06-29,18.57,23.94,28.7,42.11,72.71,37.0
AGARIND,533.85,2026-06-29,-2.11,-8.0,28.62,41.34,-26.19,-45.63
LAL,9.11,2026-06-29,8.19,27.06,28.49,37.82,0.44,-26.35
PANACHE,435.75,2026-06-29,-1.64,17.03,28.43,49.28,28.65,109.83
TRIDHYA,11.75,2026-06-26,0.0,10.85,28.42,48.73,-22.19,-38.32
JASH,516.85,2026-06-29,-5.86,2.7,28.28,52.38,20.39,-9.72
SAKSOFT,183.77,2026-06-29,30.03,27.85,28.27,57.32,-6.13,-8.55
IBULLSLTD,26.97,2026-06-29,-1.17,13.41,28.25,188.76,56.08,52.37
NACLIND,202.13,2026-06-29,-6.35,22.64,28.21,56.37,25.37,-2.81
AMANTA,160.81,2026-06-29,0.26,2.34,28.13,62.34,50.71,
ORBTEXP,224.19,2026-06-29,7.77,17.35,28.08,58.97,17.91,-2.5
RELTD,162.98,2026-06-29,0.61,10.92,27.96,30.38,0.8,22.08
CPPLUS,3714.0,2026-06-29,2.27,10.33,27.91,103.4,149.08,
SRIVASAVI,69.0,2026-06-25,5.26,24.77,27.78,46.81,43.75,-6.31
KIRLOSIND,4009.3,2026-06-29,-7.05,25.35,27.72,54.13,25.71,-4.17
MADHUSUDAN,213.3,2026-06-25,4.12,50.21,27.72,58.0,59.18,43.98
AURUM,224.06,2026-06-29,7.59,16.52,27.52,36.36,19.9,12.38
HMVL,86.88,2026-06-29,-0.17,5.44,27.43,45.02,26.8,-1.99
ROTO,71.39,2026-06-29,9.56,9.29,27.32,38.19,1.94,-24.89
DENORA,903.7,2026-06-29,-0.54,11.62,27.22,30.57,33.56,4.75
STOVEKRAFT,778.75,2026-06-29,6.29,18.07,27.13,63.62,36.44,33.22
TAMBOLIIN,223.0,2026-06-29,10.24,21.76,26.94,,,
RUBYMILLS,325.45,2026-06-29,-3.37,-2.55,26.94,62.72,46.63,38.94
MEGASTAR,356.25,2026-06-29,2.84,9.41,26.76,40.01,52.93,33.65
ANUP,2332.9,2026-06-29,-0.18,18.96,26.76,39.46,3.84,-13.33
SEDEMAC,2716.8,2026-06-29,-4.91,-0.66,26.66,78.27,,
KIRLOSENG,2441.1,2026-06-29,2.15,26.23,26.61,81.17,100.05,185.54
MOREPENLAB,54.66,2026-06-29,9.04,4.27,26.41,51.2,34.7,-12.53
EMSLIMITED,412.2,2026-06-29,0.99,33.59,26.4,49.16,-2.16,-34.06
CAPLIPOINT,2557.9,2026-06-29,0.81,8.17,26.35,64.46,35.35,23.15
DIFFNKG,415.3,2026-06-29,10.51,14.14,26.33,58.42,24.32,34.07
SHEMAROO,131.0,2026-06-29,-5.13,10.99,26.18,65.15,24.17,3.28
NRL,83.91,2026-06-29,0.66,10.8,25.88,76.36,47.81,3.63
PATELENG,34.52,2026-06-29,7.11,24.85,25.85,46.89,22.07,-15.78
SYRMA,1368.3,2026-06-29,2.4,5.16,25.7,67.23,91.92,146.13
RILINFRA,43.35,2026-06-25,6.64,19.42,25.29,17.16,15.29,3.21
LYKALABS,73.04,2026-06-29,6.99,1.7,25.28,57.14,-2.5,-35.91
INOXINDIA,1868.8,2026-06-29,-8.43,4.61,25.27,56.1,69.0,50.36
AEQUS,239.55,2026-06-29,1.14,17.76,25.06,94.66,77.81,
AVL,668.55,2026-06-29,5.08,17.83,25.0,36.66,34.27,68.83
OLECTRA,1474.1,2026-06-29,-3.22,15.62,24.92,43.71,22.97,26.65
VIMTALABS,584.2,2026-06-29,2.47,7.39,24.84,46.1,-2.55,33.81
AMIABLE,84.95,2026-06-26,10.04,7.6,24.83,21.36,-1.85,16.53
EMKAY,274.15,2026-06-29,-6.64,-5.75,24.76,38.23,6.34,23.95
PALREDTEC,59.02,2026-06-29,4.46,28.28,24.65,104.29,48.81,15.75
BLISSGVS,529.9,2026-06-29,11.97,20.56,24.59,143.1,224.6,237.87
EVERESTIND,473.1,2026-06-29,19.65,35.62,24.32,58.49,-9.34,-13.55
TARSONS,260.07,2026-06-29,-3.83,25.8,24.16,47.24,10.71,-32.45
ZOTA,1396.3,2026-06-29,1.96,12.0,24.09,31.66,-8.07,41.94
RML,1125.8,2026-06-29,-0.71,21.22,23.75,70.12,43.5,25.44
MANBA,131.86,2026-06-29,0.7,7.33,23.57,25.7,-4.31,-10.81
COCKERILL,8740.0,2026-06-29,-5.09,-6.27,23.51,,,
ASTRAMICRO,1727.3,2026-06-29,3.1,18.47,23.23,96.46,76.25,65.31
BLACKROSE,119.64,2026-06-29,6.69,27.18,23.2,,,
MOTISONS,13.98,2026-06-29,-1.62,-11.69,23.17,25.04,-8.57,-30.76
AKSHARCHEM,234.38,2026-06-29,-4.38,13.85,23.09,54.83,-3.35,-10.56
GENESYS,323.3,2026-06-29,-9.71,2.54,23.09,41.83,-24.06,-49.57
HOACFOODS,680.0,2026-06-25,4.45,10.84,22.98,83.29,94.29,229.3
GOKEX,849.8,2026-06-29,3.71,17.74,22.84,44.05,12.18,-4.09
REDINGTON,275.52,2026-06-29,-1.56,13.48,22.82,37.28,2.75,-12.54
SFL,742.65,2026-06-29,0.12,4.66,22.75,50.39,27.22,0.78
COMMITTED,325.0,2026-06-25,5.18,26.41,22.71,21.91,57.73,42.21
IGARASHI,458.9,2026-06-29,-3.12,21.32,22.62,53.81,5.7,-4.64
XPROINDIA,1364.2,2026-06-29,1.01,12.74,22.59,31.99,44.82,13.95
GOCOLORS,387.1,2026-06-29,6.99,4.64,22.58,50.62,-16.34,-55.5
INDOTECH,3081.9,2026-06-29,9.54,15.15,22.45,161.51,99.6,55.17
POLYMED,1652.6,2026-06-29,-1.12,9.38,22.44,34.35,-5.05,-22.87
ACMESOLAR,379.25,2026-06-29,8.4,9.22,22.3,40.77,61.07,52.35
AETHER,1342.2,2026-06-29,9.41,16.75,22.24,14.68,61.15,75.29
UCAL,121.16,2026-06-29,6.14,22.26,22.06,39.99,10.12,-21.94
RRKABEL,2502.3,2026-06-29,6.33,14.68,22.0,90.83,74.39,85.83
RANEHOLDIN,1708.0,2026-06-29,3.39,16.37,21.89,62.91,27.71,10.49
APARINDS,15986.0,2026-06-29,-1.15,0.0,21.86,50.7,86.7,90.57
AYE,176.6,2026-06-29,5.43,12.66,21.83,77.79,,
ONELIFECAP,33.59,2026-06-29,3.04,24.73,21.75,123.78,109.41,148.08
PANAMAPET,400.55,2026-06-29,-19.32,4.99,21.73,59.84,41.16,12.78
VENUSPIPES,1701.2,2026-06-29,1.66,19.04,21.69,81.89,49.21,25.16
KERNEX,2056.2,2026-06-29,4.42,0.93,21.68,126.45,64.56,69.78
JKIPL,108.97,2026-06-29,0.54,1.2,21.56,123.48,24.37,
SHBAJRG,192.08,2026-06-29,-2.21,-3.21,21.49,,,
SPECTRUM,1753.5,2026-06-29,-0.46,9.7,21.48,18.99,48.5,6.4
PROLIFE,75.8,2026-06-25,10.17,20.7,21.38,24.26,-7.56,-50.01
DCMSIL,73.03,2026-06-29,8.21,10.82,21.29,1.52,,
ZIMLAB,124.0,2026-06-29,-1.12,10.89,21.22,95.4,81.05,11.54
GREENPLY,300.7,2026-06-29,1.78,2.35,21.2,58.45,15.9,-4.28
PGIL,2003.7,2026-06-29,6.66,18.22,21.18,44.71,25.32,36.18
IMPEXFERRO,2.29,2026-06-29,-4.98,-9.49,21.16,60.14,29.38,-1.29
HMT,66.21,2026-06-29,-2.59,17.96,21.13,11.09,37.68,-0.51
ZEELEARN,8.49,2026-06-29,-8.32,13.96,21.11,83.77,15.83,-11.56
EQUIPPP,21.31,2026-06-29,-0.84,14.45,21.08,37.66,-4.22,12.81
KIRLPNU,1905.7,2026-06-29,-8.88,16.97,21.05,79.92,84.51,34.5
FERMENTA,357.85,2026-06-29,4.45,9.64,21.02,,,
RELAXO,417.85,2026-06-29,17.29,22.36,21.01,67.31,3.61,-1.01
RPPL,20.46,2026-06-29,-0.82,4.33,20.99,36.22,6.23,-22.68
SAIPARENT,587.45,2026-06-29,-0.07,2.53,20.9,,,
CCAVENUE,16.79,2026-06-29,11.93,21.75,20.88,27.68,1.7,0.0
TATACAP,369.1,2026-06-29,3.72,8.34,20.66,15.25,9.33,
PREMIERPOL,65.82,2026-06-29,1.92,17.56,20.66,8.1,67.18,28.68
INDIGO,5315.2,2026-06-29,5.86,8.91,20.66,29.65,4.52,-8.46
BORORENEW,605.15,2026-06-29,0.13,10.54,20.61,56.59,13.79,14.41
DECNGOLD,195.52,2026-06-29,-14.06,1.51,20.48,,,
TALBROAUTO,416.05,2026-06-29,14.68,14.05,20.47,78.56,51.21,43.93
KABRAEXTRU,259.8,2026-06-29,7.59,8.11,20.47,36.84,13.28,-10.26
KAMDHENU,28.96,2026-06-29,0.28,-5.48,20.47,55.62,17.87,-6.47
SPECIALITY,133.31,2026-06-29,1.65,23.96,20.32,48.39,22.95,5.45
KIRLOSBROS,1963.8,2026-06-29,-5.28,12.03,20.26,37.67,23.86,-15.35
PIXTRANS,1869.6,2026-06-29,15.71,15.09,20.23,29.21,32.42,17.78
MAHABANK,93.85,2026-06-29,4.9,5.31,20.2,47.81,67.44,78.14
RPEL,1159.1,2026-06-29,-3.62,-3.32,20.2,93.33,19.64,67.15
CONCORDBIO,1261.9,2026-06-29,-5.66,-8.57,20.04,24.35,-5.56,-30.36
ORCHPHARMA,950.8,2026-06-29,-0.77,-1.05,19.97,89.29,26.8,34.41
MANCREDIT,240.14,2026-06-29,10.17,7.18,19.84,40.99,44.31,24.1
KSB,945.7,2026-06-29,-0.22,10.57,19.72,19.42,27.45,16.09
SADHNANIQ,2.92,2026-06-29,-2.34,22.69,19.67,113.14,-60.11,-68.94
THOMASCOOK,108.64,2026-06-29,-5.61,0.08,19.5,15.72,-21.97,-32.89
BAHETI,719.25,2026-06-25,-0.82,17.47,19.48,43.06,18.27,22.26
HUHTAMAKI,195.15,2026-06-29,0.73,11.23,19.41,26.27,-4.33,-8.32
UCL,185.9,2026-06-25,14.08,21.78,19.36,126.85,287.29,271.8
TINNARUBR,931.0,2026-06-29,3.65,7.52,19.29,61.23,18.7,-1.01
PRITIKAUTO,16.3,2026-06-29,-18.46,12.57,19.24,45.28,25.0,-10.14
FEDDERSHOL,41.0,2026-06-29,2.83,15.46,19.19,,,
WTICAB,112.0,2026-06-25,-9.39,18.71,19.15,29.48,-19.97,-22.22
MAXHEALTH,1149.9,2026-06-29,5.01,11.76,19.15,17.93,8.06,-10.01
ABDL,659.5,2026-06-29,5.33,5.95,19.15,67.54,10.59,56.52
AKUMS,624.65,2026-06-29,1.2,0.76,19.09,31.69,39.7,5.16
HYBRIDFIN,20.79,2026-06-29,-12.2,27.55,19.07,23.53,8.51,9.25
STYL,312.05,2026-06-29,1.89,8.75,19.02,41.87,15.66,
CINEVISTA,18.31,2026-06-29,19.28,19.21,18.9,30.51,19.83,-3.88
AEGISVOPAK,232.77,2026-06-29,-5.49,0.47,18.66,35.42,-5.95,-8.65
QUESS,247.94,2026-06-29,0.84,0.97,18.58,44.38,22.22,-13.87
PNC,21.95,2026-06-29,-3.22,1.29,18.46,24.15,-16.25,-16.09
LLOYDSENGG,87.11,2026-06-29,-3.52,22.09,18.34,123.13,54.86,27.25
OSWALPUMPS,428.3,2026-06-29,0.85,1.36,18.3,41.21,-20.05,-38.17
CEWATER,334.55,2026-06-29,-6.47,24.23,18.22,27.33,-24.67,-43.0
SHRIPISTON,4008.9,2026-06-29,5.48,7.14,18.22,32.15,28.02,62.02
AIROLAM,96.03,2026-06-29,10.28,11.61,18.21,13.98,-4.92,-16.59
CORONA,1968.8,2026-06-29,6.61,14.31,18.06,25.18,44.98,
SONUINFRA,56.05,2026-06-25,15.57,28.41,18.0,34.41,-23.85,-58.17
KIRANVYPAR,192.66,2026-06-29,-2.5,0.3,17.99,,,
AAREYDRUGS,92.0,2026-06-29,5.19,15.94,17.96,64.58,35.63,35.97
SCODATUBES,143.67,2026-06-29,-3.3,9.3,17.92,15.35,-8.88,-25.61
SENORES,1319.6,2026-06-29,1.95,2.84,17.75,67.46,59.44,132.24
SAREGAMA,498.9,2026-06-29,4.54,7.85,17.62,51.02,39.55,0.5
ONMOBILE,60.22,2026-06-29,15.63,20.42,17.55,35.05,4.26,11.13
WELSPUNLIV,162.04,2026-06-29,0.18,11.81,17.45,39.14,23.15,12.4
CNL,738.15,2026-06-29,-1.09,1.82,17.44,31.52,1.35,6.62
UNIVASTU,90.4,2026-06-29,-2.92,9.66,17.4,51.6,32.01,10.46
AVALON,1784.7,2026-06-29,3.58,1.4,17.38,85.31,107.72,116.33
HLEGLAS,375.3,2026-06-29,-5.24,-3.09,17.37,42.27,-15.24,-15.55
CEMPRO,1252.8,2026-06-29,-1.6,6.3,17.26,138.26,61.42,41.58
HFCL,210.93,2026-06-29,0.7,16.89,17.22,198.09,225.26,142.91
GNA,431.25,2026-06-29,3.03,15.56,17.22,14.95,42.8,33.54
SHADOWFAX,226.21,2026-06-29,2.75,1.07,17.21,94.96,,
CHEMBONDCH,217.17,2026-06-29,1.27,26.6,17.19,93.64,42.87,
CLEANMAX,1300.5,2026-06-29,-12.95,2.07,17.17,60.83,,
KPL,2705.2,2026-06-29,11.65,12.34,17.13,,,
TBOTEK,1439.9,2026-06-29,-1.11,-0.83,17.12,30.34,-14.24,3.43
PREMEXPLN,808.5,2026-06-29,6.56,18.32,17.08,99.11,54.6,40.23
KPRMILL,1131.5,2026-06-29,-1.76,7.21,17.07,34.24,18.76,-0.4
GSMFOILS,233.0,2026-06-25,4.46,13.77,17.06,19.12,12.02,48.41
JSWINFRA,321.1,2026-06-29,4.58,9.38,16.99,28.85,13.52,1.97
CALSOFT,23.48,2026-06-29,-11.7,12.13,16.99,86.5,62.15,43.96
PAISALO,60.32,2026-06-29,2.1,3.71,16.94,75.71,67.93,90.41
INNOVACAP,994.2,2026-06-29,6.33,4.88,16.91,48.09,40.72,16.0
AKSHOPTFBR,7.13,2026-06-29,-10.31,3.48,16.89,68.56,11.41,-23.0
AEROFLEX,469.0,2026-06-29,-7.98,-1.88,16.84,94.95,136.62,124.09
TCPLPACK,2992.4,2026-06-29,0.18,18.91,16.8,27.08,-3.16,-17.73
BAJAJHCARE,352.65,2026-06-29,10.98,17.86,16.69,17.28,-14.97,-31.96
GRINDWELL,2146.8,2026-06-29,1.73,6.11,16.69,56.71,36.44,28.4
LINC,115.94,2026-06-29,2.87,15.41,16.65,23.09,4.54,-19.63
RAJRILTD,23.79,2026-06-29,8.14,17.13,16.62,21.69,3.66,-15.1
THEJO,1823.9,2026-06-29,0.4,13.09,16.57,16.79,1.06,1.26
PATELRMART,211.69,2026-06-29,-4.98,-3.44,16.56,37.06,5.77,
AHCL,16.14,2026-06-29,1.19,5.91,16.53,39.25,11.95,
STLTECH,624.55,2026-06-29,0.1,2.59,16.49,235.55,513.15,481.3
IDBI,85.96,2026-06-29,-1.93,11.81,16.43,34.29,-15.34,-13.34
DYCL,369.6,2026-06-29,1.09,15.28,16.41,47.05,11.39,-17.53
SMCGLOBAL,70.93,2026-06-29,-4.12,-2.98,16.28,20.01,-14.24,-5.43
PRAXIS,8.3,2026-06-29,-2.24,10.96,16.25,50.09,-9.29,-31.23
UNIMECH,1091.4,2026-06-29,-8.12,-4.83,16.23,49.13,19.45,-17.17
RBA,79.79,2026-06-29,0.14,15.52,16.21,37.26,24.67,-1.64
CERA,6463.5,2026-06-29,-2.97,3.27,16.16,39.28,25.72,-4.27
NRBBEARING,429.8,2026-06-29,0.28,-0.06,16.16,90.09,60.99,53.29
GNRL,113.65,2026-06-29,32.4,25.93,16.14,,,
GAYAPROJ,21.74,2026-06-29,-8.23,-5.27,16.13,55.4,88.55,152.79
STYLAMIND,3287.7,2026-06-29,3.61,0.94,16.12,51.09,51.21,99.18
JISLJALEQS,34.66,2026-06-29,-1.56,9.68,16.11,17.45,-13.63,-40.96
ARVIND,549.5,2026-06-29,8.05,10.19,16.09,56.71,77.98,56.64
AGI,684.8,2026-06-29,-6.45,3.69,16.08,39.17,-5.9,-14.35
KMEW,2226.0,2026-06-29,-4.75,12.83,16.04,45.53,23.77,175.53
THELEELA,479.45,2026-06-29,-3.22,4.64,15.98,18.03,12.89,16.9
TEJASNET,603.55,2026-06-29,-3.8,3.64,15.98,47.03,32.52,-15.99
GABRIEL,1275.2,2026-06-29,2.68,11.24,15.92,54.93,27.04,91.5
SANGHVIMOV,421.95,2026-06-29,-3.38,0.26,15.9,71.59,23.04,49.04
OPTIEMUS,469.75,2026-06-29,6.28,9.97,15.9,50.32,-4.21,-26.85
PWL,123.69,2026-06-29,-1.96,13.98,15.9,38.2,-5.43,
TRENT,3258.3,2026-06-29,2.44,12.31,15.88,43.98,-22.78,-45.79
PDSL,350.1,2026-06-29,0.82,9.37,15.85,32.54,-6.69,-11.9
CARBORUNIV,1191.9,2026-06-29,-1.61,11.82,15.83,55.29,42.32,24.34
RATEGAIN,864.4,2026-06-29,-1.02,4.83,15.8,84.41,29.51,90.92
SHREEOSFM,61.7,2026-06-25,-5.3,4.58,15.76,-24.85,-20.13,-42.87
SVLL,712.15,2026-06-29,1.14,-0.12,15.74,45.46,4.61,-1.09
PATINTLOG,16.18,2026-06-29,10.14,20.39,15.74,87.92,18.62,6.23
GUFICBIO,386.3,2026-06-29,7.19,7.19,15.71,37.74,13.3,10.67
SAHANA,921.25,2026-06-25,-2.67,14.79,15.68,5.85,-0.48,-34.78
GALAPREC,1066.3,2026-06-29,-9.1,3.12,15.67,44.11,36.78,22.79
AGARWALFT,39.6,2026-06-25,14.78,38.7,15.62,65.0,0.89,-18.69
ZENITHDRUG,46.25,2026-06-25,6.57,8.31,15.62,12.8,-11.82,-33.41
SOTL,503.8,2026-06-29,-14.2,-12.77,15.6,67.54,32.21,20.4
EVEREADY,366.05,2026-06-29,0.12,4.86,15.6,34.92,12.67,16.55
AJANTPHARM,3384.2,2026-06-29,6.1,10.8,15.55,20.52,25.8,35.76
BOROSCI,173.29,2026-06-29,12.23,12.98,15.52,71.63,49.83,5.05
EIEL,219.46,2026-06-29,-2.42,16.18,15.49,59.03,7.87,-7.73
INOXGREEN,199.01,2026-06-29,-2.97,1.94,15.43,42.92,-5.0,26.36
MUTHOOTMF,207.67,2026-06-29,2.07,6.38,15.39,35.38,22.1,47.88
DHARAN,0.15,2026-06-29,-6.25,-6.25,15.38,25.0,-40.0,-67.39
CHOLAFIN,1774.0,2026-06-29,3.21,7.28,15.37,25.26,4.5,7.38
GREAVESCOT,209.56,2026-06-29,-1.41,9.47,15.36,64.92,9.74,3.74
FINEORG,5334.1,2026-06-29,2.51,8.33,15.32,34.35,28.25,11.37
CBAZAAR,4.9,2026-06-25,8.89,18.07,15.29,3.16,24.05,-14.78
ADFFOODS,305.05,2026-06-29,-2.77,8.02,15.27,93.2,49.59,11.04
ORIENTLTD,71.47,2026-06-29,0.39,17.8,15.27,28.5,-6.18,-23.79
ZEEL,107.32,2026-06-29,-7.28,-1.08,15.26,45.64,18.27,-24.09
ANANDRATHI,1988.7,2026-06-29,3.7,11.62,15.26,31.41,29.32,92.32
NIACL,181.39,2026-06-29,-14.48,13.11,15.23,48.91,18.63,-0.36
NYKAA,302.05,2026-06-29,-0.76,10.72,15.15,26.04,16.69,43.93
SIKA,1047.65,2026-06-29,-10.13,16.72,15.04,,,
AVG,178.73,2026-06-29,-5.27,4.83,15.01,20.15,1.18,-40.1
SHILPAMED,573.6,2026-06-29,4.68,7.67,14.96,64.07,79.19,32.95
GPTINFRA,132.76,2026-06-29,-2.07,14.84,14.93,32.78,24.48,7.1
BLUEJET,516.3,2026-06-29,-1.0,2.38,14.9,50.17,-0.84,-40.21
GANDHAR,179.16,2026-06-29,1.9,13.05,14.87,45.03,22.24,3.69
RELINFRA,73.61,2026-06-29,-4.99,-9.74,14.87,4.43,-55.26,-82.18
WIPL,175.11,2026-06-29,3.36,13.83,14.83,20.08,16.78,9.79
ELANTAS,10619.5,2026-06-29,-0.49,8.19,14.77,,,
MANINDS,574.4,2026-06-29,-4.49,0.24,14.77,74.3,48.77,41.25
QMSMEDI,100.25,2026-06-29,-6.7,4.43,14.7,30.19,11.82,19.12
PNBGILTS,90.36,2026-06-29,-2.72,-0.8,14.68,45.2,12.22,-7.41
CPEDU,210.69,2026-06-29,-0.21,17.15,14.67,38.62,-16.92,
WENDT,7886.0,2026-06-29,1.47,-0.92,14.66,25.29,0.44,-6.79
CPCAP,105.83,2026-06-29,-3.6,5.75,14.63,36.94,-4.55,-33.16
IXIGO,192.93,2026-06-29,-0.68,5.52,14.59,6.18,-23.73,7.93
SCPL,486.85,2026-06-29,-0.95,-5.52,14.54,57.18,57.22,57.56
PSPPROJECT,978.85,2026-06-29,1.48,6.24,14.53,60.68,14.01,29.61
MENNPIS,64.33,2026-06-29,-1.61,13.52,14.47,,,
ORTINGLOBE,17.75,2026-06-29,6.86,3.86,14.44,26.88,24.91,48.91
NITINSPIN,559.95,2026-06-29,0.37,2.2,14.43,55.71,78.56,46.21
LANDMARK,434.0,2026-06-29,-4.37,2.11,14.41,13.81,-6.47,-17.98
CCCL,16.89,2026-06-29,15.53,11.12,14.35,23.56,-5.06,-11.2
TBZ,189.19,2026-06-29,-1.12,0.76,14.32,59.24,14.7,3.18
AGSTRA,2.56,2026-06-29,-4.83,-9.54,14.29,2.4,-38.76,-42.34
AARTECH,48.03,2026-06-29,-5.27,16.72,14.22,21.59,0.4,-32.11
SIGACHI,24.31,2026-06-29,0.91,13.55,14.13,33.5,-24.67,-55.8
SAYAJIHOTL,315.4,2026-06-29,7.65,4.44,14.13,,,
BHAGCHEM,282.5,2026-06-29,-2.07,8.62,14.07,50.92,24.36,-5.39
HITECHGEAR,661.9,2026-06-29,16.11,15.41,14.07,16.45,-4.07,-10.27
CEIGALL,395.95,2026-06-29,5.4,4.98,14.06,47.74,46.98,57.44
WPIL,493.05,2026-06-29,0.98,6.15,14.04,,,
FINOPB,145.64,2026-06-29,-6.25,5.9,14.01,14.58,-43.9,-49.37
NINSYS,808.05,2026-06-29,7.36,14.74,14.0,131.07,101.08,71.52
TIMEX,512.15,2026-06-29,2.5,3.16,13.98,,,
PULZ,25.75,2026-06-25,8.42,3.83,13.94,4.67,-16.94,-45.5
NUVAMA,1771.2,2026-06-29,1.75,6.64,13.93,49.58,22.39,8.9
ACUTAAS,3568.2,2026-06-29,9.8,15.23,13.91,40.2,116.01,212.93
HINDWAREAP,254.5,2026-06-29,1.26,-0.2,13.87,39.66,-4.98,-12.72
KKCL,494.65,2026-06-29,-0.55,7.23,13.84,15.55,4.66,-0.51
GOODLUCK,1474.6,2026-06-29,-0.59,11.36,13.83,50.47,40.74,29.1
NIBE,1642.1,2026-06-29,-10.53,0.05,13.81,88.88,46.51,-2.4
IONEXCHANG,412.0,2026-06-29,5.41,15.12,13.8,23.63,5.49,-22.72
POWERICA,627.25,2026-06-29,1.11,30.95,13.75,,,
ESAFSFB,32.54,2026-06-29,-7.69,11.82,13.74,54.44,24.77,0.59
J&KBANK,159.64,2026-06-29,-1.67,-0.17,13.74,39.63,62.75,46.09
SSWL,229.51,2026-06-29,-0.04,-2.27,13.74,28.24,21.17,-15.87
GREENLAM,259.71,2026-06-29,1.68,2.73,13.71,28.35,6.99,8.21
KOTYARK,43.2,2026-06-29,7.68,16.27,13.71,18.81,100.89,53.89
QPOWER,1207.4,2026-06-29,-7.66,-5.83,13.68,40.16,62.65,73.8
RELIGARE,269.99,2026-06-29,1.68,12.17,13.66,22.53,10.66,21.96
GARFIBRES,749.5,2026-06-29,-3.5,10.3,13.66,26.51,7.18,-16.13
K2INFRA,65.85,2026-06-25,-7.38,9.2,13.53,28.61,7.51,-6.46
CANTABIL,239.75,2026-06-29,1.89,9.28,13.49,5.64,-4.6,-9.44
GENSOL,21.38,2026-06-29,-4.98,-9.71,13.3,4.09,-20.79,-46.96
HDBFS,752.25,2026-06-29,4.06,8.53,13.3,27.84,-0.76,
VMART,755.4,2026-06-29,-2.97,3.2,13.3,53.35,4.13,-11.81
PPAP,235.9,2026-06-29,-5.86,-2.96,13.29,28.69,10.3,0.3
JTLIND,78.17,2026-06-29,-3.68,2.2,13.29,70.31,32.85,0.82
ASCOM,269.0,2026-06-25,14.61,14.61,13.26,16.3,122.31,212.61
CAPACITE,256.48,2026-06-29,-2.26,14.48,13.26,20.58,0.96,-24.01
SMARTWORKS,492.3,2026-06-29,5.11,4.77,13.24,27.8,3.93,
KRISHNADEF,1247.1,2026-06-29,-8.98,2.5,13.22,50.02,50.22,39.66
SUBROS,815.6,2026-06-29,-4.72,9.67,13.18,24.96,-3.36,-12.57
OMFREIGHT,95.29,2026-06-29,12.07,13.4,13.13,48.87,-0.5,
FILATEX,51.73,2026-06-29,-6.1,-2.41,13.1,34.75,7.12,-4.68
WHEELS,1772.0,2026-06-29,9.54,10.83,13.1,64.7,112.18,128.87
MADHUCON,6.06,2026-06-29,-4.11,7.64,13.06,57.4,-0.82,-18.98
ONDOOR,201.45,2026-06-25,2.99,10.2,12.98,56.16,79.15,37.46
KRN,1250.5,2026-06-29,2.17,-0.44,12.93,41.07,72.74,52.42
RAMCOIND,331.25,2026-06-29,8.11,12.73,12.86,38.19,6.8,19.11
ITCHOTELS,174.71,2026-06-29,-1.06,9.87,12.83,24.04,-10.5,-22.18
ANLON,692.7,2026-06-25,-1.04,-0.9,12.82,97.91,73.15,74.51
KDDL,3133.8,2026-06-29,-0.97,9.53,12.81,50.94,31.46,19.09
TMCV,423.1,2026-06-29,3.61,4.06,12.75,0.06,4.49,
TIL,210.54,2026-06-29,-9.24,15.71,12.73,25.19,-22.75,-45.46
ROXHITECH,37.3,2026-06-25,15.48,17.85,12.69,29.51,-16.27,-17.48
TEXINFRA,108.6,2026-06-29,-0.78,7.35,12.64,11.83,8.28,5.31
VELJAN,1193.0,2026-06-29,-5.48,-1.27,12.63,,,
GKENERGY,140.05,2026-06-29,-6.04,-0.6,12.63,47.56,-6.39,
HCC,25.69,2026-06-29,-7.69,7.62,12.63,76.93,39.77,-15.44
IFCI,77.18,2026-06-29,-7.41,-13.86,12.62,51.16,50.04,19.68
JUBLCPL,2015.5,2026-06-29,7.09,7.83,12.59,30.82,-12.97,18.47
KODYTECH,1012.65,2026-06-25,-10.94,2.72,12.52,42.96,11.26,26.66
SABAR,6.3,2026-06-26,4.13,6.78,12.5,5.88,24.75,50.0
NAVKARCORP,106.81,2026-06-29,-2.26,3.99,12.49,34.66,8.37,-3.9
TVSSCS,131.81,2026-06-29,-4.4,-2.07,12.48,38.69,22.73,-2.79
PRESTIGE,1539.4,2026-06-29,1.78,4.54,12.43,31.26,-3.24,-7.46
KAJARIACER,1205.9,2026-06-29,3.44,9.01,12.43,26.84,23.99,11.84
ATHERENERG,1083.75,2026-06-29,12.82,5.48,12.41,36.09,51.11,225.84
DEEDEV,666.9,2026-06-29,-1.51,-3.28,12.39,139.33,223.68,107.85
SHAKTIPUMP,589.7,2026-06-29,6.49,7.94,12.38,22.09,-17.12,-37.79
GULFOILLUB,1093.35,2026-06-29,5.57,11.61,12.36,20.77,-6.46,-6.78
ZYDUSWELL,569.45,2026-06-29,6.13,14.04,12.31,27.65,34.19,40.44
BLUESTONE,538.45,2026-06-29,3.37,2.08,12.27,9.89,11.85,
LIBERTSHOE,273.64,2026-06-29,4.77,13.23,12.26,21.25,0.66,-32.33
GINNIFILA,47.89,2026-06-29,11.76,9.84,12.21,37.02,20.96,7.26
VLSFINANCE,257.23,2026-06-29,3.06,10.98,12.21,19.28,-9.3,4.09
MCON,46.0,2026-06-25,0.88,-12.13,12.2,10.84,-31.34,-57.41
EMMBI,93.47,2026-06-29,-0.5,10.54,12.18,49.07,-4.01,-14.1
OMAXE,84.26,2026-06-29,7.89,7.47,12.18,24.19,-0.28,-17.24
FEDERALBNK,324.05,2026-06-29,0.2,2.19,12.15,20.33,23.26,56.44
IVALUE,273.23,2026-06-29,-1.81,10.62,12.12,22.86,2.8,
SEMAC,340.5,2026-06-29,5.83,-0.19,12.02,45.52,15.82,-27.29
LOTUSEYE,121.59,2026-06-29,-4.54,-13.14,11.99,18.37,-0.28,70.58
ARROWGREEN,594.15,2026-06-29,-1.35,5.04,11.99,53.59,15.75,-5.03
HIMATSEIDE,86.65,2026-06-29,1.8,11.55,11.98,14.53,-24.02,-41.39
PIRAMALFIN,2144.9,2026-06-29,2.85,6.74,11.95,16.34,34.12,
RGL,115.63,2026-06-29,1.4,9.24,11.93,13.6,-4.96,-4.45
TASTYBITE,8525.5,2026-06-29,2.38,4.44,11.91,25.29,9.52,-23.27
POONAWALLA,428.45,2026-06-29,0.88,7.25,11.91,11.42,-10.03,-5.99
INDOBORAX,384.8,2026-06-29,6.52,3.18,11.8,57.72,48.17,84.07
DLINKINDIA,518.5,2026-06-29,-0.27,1.85,11.78,32.93,22.78,-0.49
CHEMBOND,186.01,2026-06-29,3.09,19.57,11.78,67.09,16.77,-19.24
SHREEPUSHK,407.9,2026-06-29,2.89,5.77,11.77,32.67,7.71,23.92
SILKFLEX,216.6,2026-06-25,1.0,-3.2,11.76,89.34,154.82,107.97
RVHL,45.23,2026-06-29,-4.76,-4.34,11.71,41.39,-14.97,-9.77
RICOAUTO,132.99,2026-06-29,-10.08,-0.3,11.7,26.56,-0.28,76.15
INDOCO,234.06,2026-06-29,-1.0,-2.3,11.64,34.94,3.61,-22.36
RIIL,834.85,2026-06-29,-3.75,5.04,11.6,28.45,3.72,-13.28
BELLACASA,258.38,2026-06-29,4.98,9.21,11.59,4.86,-29.77,
MENONBE,161.93,2026-06-29,-6.3,-3.57,11.55,48.26,52.61,32.78
INDOFARM,142.32,2026-06-29,-7.83,6.81,11.54,22.95,-29.58,-17.07
JAGSNPHARM,230.38,2026-06-29,3.44,8.11,11.51,24.74,18.73,5.79
AIMTRON,1273.65,2026-06-25,2.85,3.35,11.39,54.16,55.16,91.74
HSCL,675.5,2026-06-29,3.12,0.99,11.39,52.4,40.26,33.9
RAYMONDLSL,786.65,2026-06-29,-4.01,-2.53,11.36,1.5,-21.26,-35.64
AERONEU,100.2,2026-06-29,6.41,13.72,11.35,31.12,31.08,-16.61
ACE,985.15,2026-06-29,-2.62,6.05,11.32,26.19,5.5,-18.52
MANORAMA,1587.1,2026-06-29,2.57,3.62,11.27,31.28,21.95,9.35
SHILCTECH,4464.3,2026-06-29,-2.88,7.72,11.19,23.38,16.44,
PGEL,536.5,2026-06-29,-5.46,8.87,11.18,9.94,-6.54,-29.46
RAYMONDREL,623.95,2026-06-29,-5.63,0.85,11.15,70.15,29.36,
BELRISE,240.46,2026-06-29,-2.84,0.92,11.09,26.66,31.51,126.03
SCHNEIDER,1453.6,2026-06-29,4.16,19.52,11.06,65.79,102.76,83.35
KOVAI,5951.5,2026-06-29,1.87,3.07,11.03,130.98,130.98,130.98
WELENT,574.15,2026-06-29,-0.67,2.46,11.02,33.52,13.75,8.45
SREEL,213.12,2026-06-29,-2.24,7.78,10.99,22.86,-2.07,-16.04
ADVAIT,2258.9,2026-06-29,-7.82,-3.26,10.93,28.22,,
BHARATFORG,2170.9,2026-06-29,3.19,7.44,10.92,25.84,50.33,66.72
SHYAMTEL,20.17,2026-06-29,1.05,28.88,10.89,123.61,60.08,23.44
GENCON,43.98,2026-06-29,5.62,14.71,10.84,8.75,2.57,6.75
SIYSIL,635.8,2026-06-29,0.83,0.52,10.84,39.28,1.93,-6.69
CHOICEIN,745.2,2026-06-29,2.45,6.12,10.84,16.17,-8.9,5.93
BDL,1335.1,2026-06-29,-5.09,10.37,10.83,17.43,-9.08,-29.08
RSSOFTWARE,35.48,2026-06-29,-7.7,13.39,10.81,53.73,-31.09,-53.29
STARHEALTH,584.75,2026-06-29,0.49,10.61,10.76,27.8,32.39,39.66
SHREEKARNI,475.0,2026-06-25,-0.07,9.02,10.72,28.71,-5.0,-16.81
NGLFINE,3083.4,2026-06-29,-2.1,-0.83,10.71,45.33,138.06,194.3
FAZE3Q,604.25,2026-06-29,2.16,10.01,10.71,53.46,44.59,3.73
GOLDIAM,452.65,2026-06-29,-3.58,-3.49,10.7,59.72,29.34,32.34
MOLDTECH,134.19,2026-06-29,-0.18,6.3,10.7,23.72,-11.47,-17.03
JINDALPHOT,1108.2,2026-06-29,0.16,0.47,10.68,7.38,-26.19,17.74
SOUTHBANK,45.84,2026-06-29,-1.8,-2.3,10.67,28.01,23.33,54.51
SUDEEPPHRM,821.1,2026-06-29,-1.21,-0.18,10.64,35.28,32.14,
DATAPATTNS,4472.1,2026-06-29,-8.1,1.05,10.61,41.84,68.67,58.84
PRIVISCL,3598.2,2026-06-29,-1.58,3.72,10.54,21.78,15.84,59.01
CCL,1164.8,2026-06-29,1.4,2.77,10.53,10.02,21.76,38.26
PNCINFRA,226.37,2026-06-29,-4.25,9.75,10.53,33.57,-8.61,-25.14
CREDITACC,1431.7,2026-06-29,1.48,4.12,10.51,22.66,11.73,17.51
SUNTECK,315.7,2026-06-29,-2.4,5.85,10.5,10.4,-21.71,-28.58
AAVAS,1483.8,2026-06-29,1.17,5.59,10.48,33.63,0.39,-25.29
LOTUSDEV,152.32,2026-06-29,3.89,6.55,10.47,38.99,-5.06,
ICICIBANK,1387.6,2026-06-29,2.6,4.52,10.44,12.47,3.3,-4.37
UNIPARTS,663.8,2026-06-29,-2.52,0.02,10.44,44.29,39.79,86.32
TTKPRESTIG,595.75,2026-06-29,5.65,11.47,10.43,35.38,-3.78,-3.69
EUROPRATIK,282.65,2026-06-29,1.36,5.53,10.43,23.56,-5.92,
SANATHAN,447.95,2026-06-29,-0.68,10.29,10.41,17.6,5.94,-4.12
DCM,96.09,2026-06-29,-2.43,1.17,10.4,66.5,5.19,-11.52
IOLCP,142.33,2026-06-29,8.86,6.6,10.35,82.59,78.12,47.97
GEEKAYWIRE,25.52,2026-06-29,-0.82,8.09,10.33,30.87,-18.75,-26.57
MAHLIFE,367.05,2026-06-29,1.94,9.99,10.32,18.21,-5.03,4.89
LAMBODHARA,111.21,2026-06-29,-4.9,5.18,10.31,27.01,-7.5,-18.14
JALAN,2.15,2026-06-25,-4.44,-4.44,10.26,16.22,-42.67,-74.4
CARYSIL,1188.1,2026-06-29,-0.24,1.27,10.26,50.81,37.54,36.88
PCBL,319.55,2026-06-29,2.45,5.43,10.25,25.04,8.12,-22.1
MHRIL,240.8,2026-06-29,-0.8,3.43,10.24,0.92,-21.5,-29.05
IRISDOREME,39.44,2026-06-29,0.59,3.73,10.23,41.62,6.14,-37.44
MANGLMCEM,912.2,2026-06-29,1.58,7.92,10.22,16.43,19.81,21.7
RADICO,3876.9,2026-06-29,2.6,7.93,10.18,46.84,19.3,49.97
JBMA,684.5,2026-06-29,-5.99,0.18,10.15,25.22,12.45,6.68
LAURUSLABS,1500.3,2026-06-29,4.48,8.01,10.15,48.87,38.87,114.17
HAPPYFORGE,1528.0,2026-06-29,-1.72,12.85,10.13,29.59,37.69,58.67
RATNAVEER,180.8,2026-06-29,-3.33,8.99,10.12,32.43,19.41,11.69
HIKAL,214.93,2026-06-29,-1.66,14.78,10.06,37.88,-5.65,-40.54
ABSLAMC,1170.8,2026-06-29,-0.81,2.16,10.04,29.66,47.67,57.47
SHYAMCENT,5.51,2026-06-29,4.75,10.87,9.98,42.38,-10.26,-24.0
AHLUCONT,871.05,2026-06-29,3.76,7.74,9.98,27.69,-13.59,-11.67
AIAENG,4951.4,2026-06-29,2.13,10.79,9.94,43.17,29.12,49.37
NEPHROPLUS,658.2,2026-06-29,-9.14,-7.74,9.94,25.55,41.99,
GALAXYSURF,1973.1,2026-06-29,0.84,12.34,9.9,23.54,-4.22,-23.41
FROG,168.05,2026-06-25,7.11,-0.68,9.87,8.95,5.03,-33.25
HONAUT,39020.0,2026-06-29,1.73,8.68,9.85,44.36,18.28,-1.66
HONASA,446.45,2026-06-29,7.36,9.65,9.85,49.69,61.17,43.83
ZFCVINDIA,2686.0,2026-06-29,3.36,6.79,9.83,17.82,9.17,19.57
KNAGRI,210.57,2026-06-29,0.15,1.84,9.82,22.45,4.76,-3.89
SPLPETRO,731.05,2026-06-29,-5.65,4.32,9.82,-3.2,14.49,-15.72
YATRA,110.14,2026-06-29,-2.45,2.94,9.81,13.98,-36.53,27.86
ADOR,1251.2,2026-06-29,0.28,6.23,9.79,37.54,20.28,24.47
GOCLCORP,403.35,2026-06-29,-9.42,-0.35,9.77,48.13,40.37,14.86
GROWW,202.92,2026-06-29,2.68,-2.13,9.75,25.04,25.17,
REPCOHOME,421.45,2026-06-29,7.13,7.62,9.75,14.03,5.28,-1.96
SANSERA,3139.7,2026-06-29,4.96,6.79,9.74,45.41,83.54,128.33
URBANCO,131.72,2026-06-29,-3.84,2.39,9.74,14.98,2.82,
SURANAT&P,19.97,2026-06-29,1.63,10.21,9.73,23.73,1.32,3.26
MEDANTA,1304.7,2026-06-29,1.29,6.95,9.73,32.42,13.11,15.03
WELCORP,1510.8,2026-06-29,7.58,9.5,9.72,84.84,82.71,61.52
DJML,115.39,2026-06-29,-1.28,0.58,9.71,44.18,66.34,10.26
PINELABS,158.51,2026-06-29,3.66,3.2,9.69,-1.77,-32.7,
CYIENTDLM,461.25,2026-06-29,-4.46,-1.56,9.66,65.38,11.41,-1.02
VTL,632.9,2026-06-29,-3.55,-0.77,9.66,20.05,42.71,29.86
NIITMTS,227.47,2026-06-29,-4.08,6.4,9.65,-17.9,-45.85,-33.09
IDFCFIRSTB,78.2,2026-06-29,-3.09,-0.17,9.65,26.39,-7.5,8.42
HOMEFIRST,1167.9,2026-06-29,1.72,4.7,9.64,26.21,5.66,-20.39
RMDRIP,19.67,2026-06-29,0.46,0.92,9.64,-10.63,-58.49,-42.03
PVP,28.66,2026-06-29,-3.37,-7.55,9.6,19.77,-21.39,24.18
DEEPAKFERT,1544.5,2026-06-29,-3.63,2.4,9.53,62.48,24.93,-2.42
KRONOX,152.1,2026-06-29,1.14,7.02,9.53,49.25,9.86,-18.33
UMIYA-MRO,90.68,2026-06-29,2.99,4.25,9.52,11.03,3.75,14.86
TRIVENI,412.3,2026-06-29,-1.77,3.5,9.51,5.58,6.95,8.94
UWCSL,107.1,2026-06-26,5.0,5.0,9.51,15.1,-1.11,-32.69
SURYAROSNI,257.8,2026-06-29,-2.18,-3.4,9.49,31.01,-4.02,-23.81
EUROTEXIND,17.08,2026-06-29,-8.32,-7.73,9.49,29.69,14.09,6.68
RISHABH,579.85,2026-06-29,-0.91,4.42,9.48,55.69,43.72,105.84
ACEINTEG,21.04,2026-06-29,-0.09,4.11,9.47,33.67,-8.2,-23.18
FIVESTAR,487.25,2026-06-29,-3.22,4.38,9.46,29.35,-10.04,-35.71
HESTERBIO,2198.6,2026-06-29,2.3,6.39,9.43,66.89,38.83,19.51
INTERARCH,1912.7,2026-06-29,0.99,4.31,9.42,10.85,-17.67,-10.3
PAUSHAKLTD,487.1,2026-06-29,-3.19,4.94,9.41,30.98,-15.88,
VARROC,618.6,2026-06-29,-0.94,6.11,9.41,26.87,4.04,8.53
AURIONPRO,869.6,2026-06-29,-2.31,2.0,9.41,13.78,-18.45,-39.32
NAZARA,303.75,2026-06-29,1.06,4.4,9.36,26.4,19.92,-7.29
KORE,139.95,2026-06-25,-0.46,13.37,9.34,52.37,-14.53,19.01
QUADPRO,2.35,2026-06-26,4.44,9.3,9.3,20.51,-4.08,-42.68
CREST,379.95,2026-06-29,-6.06,-0.77,9.26,22.6,-1.16,-5.98
CENTRALBK,33.62,2026-06-29,1.79,5.49,9.26,3.55,-6.08,-11.02
CGCL,216.62,2026-06-29,0.24,1.14,9.21,30.86,22.95,27.41
INDORAMA,44.88,2026-06-29,-3.32,-2.24,9.2,44.63,-6.19,-6.58
HALDER,237.96,2026-06-29,-1.67,-0.92,9.16,-5.76,,
PILITA,8.84,2026-06-29,5.62,8.47,9.14,27.75,-7.92,-39.99
KIRLFER,474.85,2026-06-29,-4.66,9.3,9.14,5.01,5.01,5.01
COROMANDEL,1913.9,2026-06-29,-3.71,-3.64,9.14,-0.88,-18.71,-20.7
OFSS,10874.5,2026-06-29,11.75,16.02,9.14,61.02,45.44,26.34
DBL,463.85,2026-06-29,1.97,7.45,9.12,20.12,-0.7,-9.23
LCCINFOTEC,4.79,2026-06-29,-3.82,9.61,9.11,2.79,1.48,-9.79
SUNDRMBRAK,805.95,2026-06-29,-4.88,8.16,9.1,62.49,17.91,1.15
RUPA,168.58,2026-06-29,4.16,9.89,9.08,46.82,6.1,-20.59
OILCOUNTUB,59.99,2026-06-29,6.42,5.28,9.07,56.84,-3.3,-37.6
HDFCBANK,798.9,2026-06-29,1.59,4.47,9.07,7.39,-18.11,-19.19
EMCURE,1849.5,2026-06-29,3.27,8.44,9.05,11.91,31.73,42.59
CHENNPETRO,1153.8,2026-06-29,3.34,-4.69,9.03,21.17,43.22,71.5
SHRIRAMFIN,1032.65,2026-06-29,4.01,3.2,9.03,14.26,8.07,49.1
GMRAIRPORT,109.42,2026-06-29,1.15,2.59,9.02,22.82,7.32,29.09
HAWKINCOOK,8156.5,2026-06-29,3.35,4.62,9.0,,,
SPARC,231.19,2026-06-29,-2.87,0.94,9.0,91.24,73.02,43.28
COSMOFIRST,792.75,2026-06-29,2.38,8.39,8.95,33.22,17.62,-29.96
SUPERSPIN,5.73,2026-06-29,12.35,9.98,8.94,41.48,-29.43,-47.09
BOSCHLTD,39885.0,2026-06-29,-1.03,2.09,8.9,34.68,11.94,25.31
SEIL,206.46,2026-06-29,-5.5,-0.02,8.89,,,
ZODIACLOTH,82.75,2026-06-29,5.03,11.43,8.87,33.45,-3.51,-24.08
PVTBANKADD,29.02,2026-06-29,2.08,3.27,8.85,14.66,1.33,1.11
RSWM,191.9,2026-06-29,-0.27,-7.22,8.85,56.83,28.77,11.71
MAHLOG,372.4,2026-06-29,0.74,6.95,8.84,6.74,16.63,11.16
DPWIRES,201.62,2026-06-29,7.18,15.12,8.84,51.12,-4.0,-14.13
NITCO,107.03,2026-06-29,-6.1,11.68,8.83,20.99,8.79,-24.43
PRINCEPIPE,285.3,2026-06-29,-0.59,2.02,8.83,31.08,14.67,-20.29
BAJAJST,405.8,2026-06-29,-0.69,8.78,8.81,,,
GULPOLY,191.23,2026-06-29,-7.76,-10.11,8.78,33.36,38.25,7.61
POWERMECH,2720.0,2026-06-29,-6.05,-4.64,8.77,49.19,18.52,-16.15
AADHARHFC,518.75,2026-06-29,4.73,6.09,8.71,13.67,8.72,16.78
FOCUS,90.01,2026-06-29,-1.42,-2.11,8.71,52.74,21.65,-16.74
SANOFI,3366.7,2026-06-29,0.7,3.89,8.7,6.94,-16.47,-44.01
STARTECK,284.35,2026-06-29,0.9,7.73,8.7,21.78,-2.2,-3.77
GLOSTERLTD,723.55,2026-06-29,1.71,6.27,8.68,37.81,11.29,2.37
BANSWRAS,131.79,2026-06-29,1.17,-0.99,8.67,28.29,15.31,-10.9
MIRZAINT,35.06,2026-06-29,5.48,15.22,8.65,31.02,-5.27,8.44
PRUDENT,2955.0,2026-06-29,-4.04,-1.62,8.63,33.4,15.64,9.88
MOTOUR,78.84,2026-06-29,-0.43,3.76,8.61,17.3,-7.79,-14.82
NOCIL,182.56,2026-06-29,-4.33,11.64,8.58,15.7,19.66,-5.21
VINNY,1.14,2026-06-29,-3.39,2.7,8.57,9.62,-9.52,-19.15
TSFINV,443.95,2026-06-29,11.18,9.71,8.57,26.45,-0.45,-14.25
AKIKO,283.0,2026-06-25,-3.74,9.69,8.57,39.41,9.27,253.75
SUNDARMFIN,4547.5,2026-06-29,0.18,1.8,8.56,-0.74,-13.27,-9.28
JPOLYINVST,1100.4,2026-06-29,-0.78,1.46,8.56,4.91,7.4,20.67
INDHOTEL,707.05,2026-06-29,-3.11,2.95,8.55,20.19,-4.31,-7.18
AUROPHARMA,1547.5,2026-06-29,3.73,9.88,8.49,17.75,28.95,38.56
PTL,42.24,2026-06-29,-2.18,2.82,8.47,14.32,11.45,3.33
DDEVPLSTIK,268.86,2026-06-29,-2.6,4.94,8.46,31.15,-10.75,-0.05
BASML,27.46,2026-06-29,4.57,11.99,8.45,50.88,3.51,-20.8
GANESHHOU,765.3,2026-06-29,-1.75,0.1,8.42,39.95,-4.32,-21.5
GVPIL,937.9,2026-06-29,-8.22,-3.9,8.41,131.95,196.33,196.38
YESBANK,25.09,2026-06-29,0.52,5.51,8.38,38.47,17.46,24.33
REFEX,355.8,2026-06-29,3.69,13.28,8.38,80.81,39.28,-21.68
GNFC,546.45,2026-06-29,-6.03,7.16,8.36,41.75,10.61,3.51
ONWARDTEC,287.0,2026-06-29,9.08,13.64,8.36,27.44,0.75,-18.72
RELIABLE,148.99,2026-06-29,-2.74,-3.82,8.36,21.7,6.33,98.03
OCCLLTD,124.32,2026-06-29,-4.57,-8.22,8.36,46.16,25.98,5.44
MAFATIND,143.71,2026-06-29,1.21,10.77,8.35,,,
EIHOTEL,320.9,2026-06-29,-2.8,3.67,8.34,12.87,-11.88,-10.09
ARKADE,123.4,2026-06-29,2.97,7.46,8.33,23.5,-8.81,-36.44
AJMERA,128.88,2026-06-29,-7.36,-3.68,8.31,23.88,-33.27,-30.31
ITDC,588.5,2026-06-29,-5.61,-1.6,8.3,51.97,2.19,-1.6
SATIN,235.89,2026-06-29,-0.1,1.63,8.3,65.34,65.61,49.97
KRBL,379.15,2026-06-29,-3.27,1.23,8.27,28.79,-6.21,4.09
MODISONLTD,308.15,2026-06-29,-8.9,2.77,8.27,163.24,97.65,84.22
NAVKARURB,1.05,2026-06-29,-7.89,1.94,8.25,38.16,-27.08,-41.56
KSHINTL,858.5,2026-06-29,-0.46,-0.58,8.24,92.29,148.37,
GRWRHITECH,6621.5,2026-06-29,-4.98,4.76,8.23,95.58,111.34,59.16
SIS,435.85,2026-06-29,0.66,1.89,8.21,51.0,32.28,18.56
AIIL,518.05,2026-06-29,-5.8,-7.28,8.21,6.62,-9.9,-1.15
WALCHANNAG,274.1,2026-06-29,-10.83,4.7,8.19,97.04,46.81,19.51
TMB,736.95,2026-06-29,-4.09,-4.81,8.17,24.87,47.25,73.41
MAYURUNIQ,816.1,2026-06-29,1.28,2.38,8.17,59.19,65.4,48.85
BATLIBOI,84.69,2026-06-29,3.51,6.88,8.16,,,
FIBERWEB,30.38,2026-06-29,1.78,5.27,8.15,-8.6,-13.77,-39.69
BAJFINANCE,982.05,2026-06-29,1.42,4.22,8.13,16.38,-1.6,3.7
RECLTD,364.95,2026-06-29,-1.32,3.72,8.09,14.6,4.78,-4.52
IPCALAB,1647.2,2026-06-29,3.12,4.54,8.06,3.86,14.82,23.86
DCBBANK,187.87,2026-06-29,0.35,1.77,8.05,13.97,11.53,32.09
TRANSRAILL,518.1,2026-06-29,0.03,3.82,8.05,8.42,-8.04,-21.04
20MICRONS,197.42,2026-06-29,4.78,4.55,8.02,40.29,-10.54,-13.54
PLADAINFO,11.45,2026-06-26,0.0,0.0,8.02,15.66,-30.4,-36.74
BAJAJCON,597.15,2026-06-29,-3.64,0.8,8.02,70.57,129.98,190.16
GULFPETRO,39.37,2026-06-29,-1.94,-4.28,8.01,53.61,10.81,-13.7
ASHOKA,132.18,2026-06-29,-2.47,-0.23,8.0,20.98,-21.33,-37.86
FINKURVE,64.54,2026-06-29,-6.98,-0.62,7.98,15.5,-36.07,
WEWORK,648.75,2026-06-29,4.66,2.0,7.98,43.99,7.62,
RAYMOND,583.4,2026-06-29,-2.84,-1.44,7.96,70.31,41.0,-6.56
AARVI,140.32,2026-06-29,1.62,-4.42,7.95,13.73,8.78,29.12
PHOENIXLTD,1912.0,2026-06-29,2.19,3.52,7.95,27.35,3.25,21.93
SUNDRMFAST,928.8,2026-06-29,4.34,9.08,7.94,22.38,0.06,-6.18
LOKESHMACH,270.55,2026-06-29,-4.58,0.61,7.91,31.97,67.34,50.26
PIDILITIND,1599.6,2026-06-29,1.74,1.82,7.88,21.65,10.1,5.55
INDOSTAR,254.96,2026-06-29,3.41,4.4,7.86,39.7,10.49,-26.22
NPBET,293.0,2026-06-29,0.94,2.01,7.84,13.4,-0.01,0.16
KHADIM,109.7,2026-06-29,2.15,1.82,7.83,30.39,-30.56,-57.66
UTKARSHBNK,14.29,2026-06-29,-3.05,6.09,7.77,29.44,-2.26,-40.93
MOTILALOFS,947.65,2026-06-29,-0.12,0.87,7.75,41.73,11.55,11.82
VISAKAIND,76.73,2026-06-29,-1.6,3.24,7.72,41.32,9.37,-9.05
MAWANASUG,101.29,2026-06-29,-8.39,-3.55,7.71,20.85,17.44,2.19
UNIVCABLES,1223.6,2026-06-29,-9.29,1.71,7.71,90.46,42.4,65.46
GRETEX,265.0,2026-06-26,0.0,1.15,7.7,-11.55,39.47,8.16
MINDACORP,672.4,2026-06-29,2.0,1.49,7.69,27.18,18.76,31.42
SETCO,16.49,2026-06-29,-4.07,-13.16,7.68,59.44,95.56,56.79
CLEDUCATE,49.98,2026-06-29,0.97,-8.71,7.65,6.79,-41.23,-46.11
TRIDENT,25.88,2026-06-29,-0.96,5.16,7.65,11.09,-0.54,-16.24
DIVGIITTS,873.35,2026-06-29,1.04,0.48,7.62,29.43,43.99,44.61
UDS,185.18,2026-06-29,3.45,1.85,7.61,39.61,-3.14,-36.29
BANK10ADD,17.29,2026-06-29,0.82,2.49,7.59,10.2,,
SAILIFE,1247.9,2026-06-29,3.83,3.31,7.58,26.58,40.79,63.24
MANAKSTEEL,72.76,2026-06-29,-0.52,6.23,7.54,50.7,3.23,13.53
SMLMAH,4027.2,2026-06-29,-1.77,0.3,7.51,1.21,5.69,99.24
63MOONS,656.65,2026-06-29,-3.69,-0.55,7.48,34.6,-9.51,-34.8
RELCHEMQ,134.7,2026-06-29,-2.27,-2.92,7.47,18.64,-0.99,-26.34
DMART,4357.0,2026-06-29,0.61,6.29,7.46,11.63,15.02,1.01
LAXMICOT,14.71,2026-06-29,-4.48,3.59,7.45,17.68,-21.67,-47.52
SBIN,1036.1,2026-06-29,-0.45,1.49,7.43,3.46,9.3,30.96
FOSECOIND,5323.4,2026-06-29,2.41,4.8,7.41,9.94,8.46,13.82
SUTLEJTEX,38.23,2026-06-29,2.36,1.7,7.39,47.83,16.8,-4.43
NARMADA,39.96,2026-06-29,6.65,7.71,7.36,27.14,94.74,123.87
GESHIP,1523.2,2026-06-29,3.39,10.04,7.35,8.39,40.12,60.9
WEL,98.95,2026-06-29,5.11,4.92,7.34,-17.49,-33.31,-38.74
SOLARA,571.7,2026-06-29,-2.55,-4.91,7.32,29.14,2.82,-7.45
DIACABS,208.54,2026-06-29,0.43,-3.16,7.32,69.61,50.83,61.12
GANESHBE,103.26,2026-06-29,-5.06,-2.06,7.31,34.68,28.21,5.25
EBANKNIFTY,58.36,2026-06-29,0.4,1.5,7.3,10.59,-1.42,1.87
LICI,431.25,2026-06-29,-0.24,8.79,7.3,15.29,4.8,-6.61
BLACKBUCK,547.8,2026-06-29,-4.16,0.03,7.3,-6.76,-16.99,25.64
TRAVELFOOD,1313.9,2026-06-29,-3.07,-0.02,7.29,11.35,13.12,
NAM-INDIA,1167.3,2026-06-29,-0.7,3.5,7.26,41.84,35.93,54.03
OBCL,55.75,2026-06-29,-1.36,-6.21,7.23,0.43,1.0,1.36
ASHIKA,374.0,2026-06-29,-6.2,-4.21,7.18,,,
EDELWEISS,120.89,2026-06-29,-7.21,5.56,7.15,16.24,11.9,6.33
GROWWHOSPI,53.44,2026-06-29,1.04,2.83,7.14,17.53,,
5PAISA,351.05,2026-06-29,3.92,10.81,7.13,34.12,3.55,-14.33
BROOKS,69.93,2026-06-29,-0.11,3.52,7.11,61.84,-10.08,-53.99
FMGOETZE,449.55,2026-06-29,-5.06,2.07,7.09,18.51,1.32,-14.27
ABINFRA,11.7,2026-06-29,12.28,9.86,7.04,-28.79,-34.56,-27.29
TIIL,2617.4,2026-06-29,1.21,3.4,7.03,20.69,16.94,-12.6
DUGLOBAL,38.1,2026-06-25,9.48,17.59,7.02,13.9,18.32,-22.64
BEARDSELL,29.91,2026-06-29,1.01,1.67,7.01,35.58,-1.06,3.43
MARKOLINES,178.74,2026-06-29,3.95,6.27,7.0,25.77,9.96,
MARKSANS,263.4,2026-06-29,2.86,5.46,6.99,61.52,48.15,4.66
SWANDEF,2203.8,2026-06-29,4.8,10.29,6.97,31.44,58.75,1016.07
BASF,3636.4,2026-06-29,1.78,5.46,6.96,10.48,-7.01,-28.54
SMARTLINK,171.67,2026-06-29,-2.92,4.42,6.95,54.16,31.01,9.07
INDIANHUME,332.8,2026-06-29,1.56,4.72,6.94,11.49,-18.22,-21.08
PARIN,720.55,2026-06-25,0.11,-0.29,6.93,19.86,26.66,109.46
RUSHIL,16.48,2026-06-29,-4.52,-7.88,6.87,20.82,-25.9,-42.44
APLLTD,786.65,2026-06-29,0.76,6.63,6.87,16.79,-6.4,-17.91
BOROLTD,234.25,2026-06-29,0.37,3.58,6.85,3.6,-15.87,-32.08
KONSTELEC,43.85,2026-06-25,-8.65,-0.79,6.82,44.24,0.8,-34.36
PARADEEP,134.52,2026-06-29,-3.2,5.42,6.8,20.48,-16.69,-14.41
SGIL,560.4,2026-06-29,-4.5,-0.5,6.77,14.92,18.54,9.04
NIRAJ,30.14,2026-06-29,-7.18,0.43,6.77,40.32,-24.29,-45.66
PVTBANIETF,28.36,2026-06-29,0.28,1.18,6.74,12.58,-0.6,-0.74
BANKNIFTY1,60.03,2026-06-29,-0.12,1.63,6.74,10.76,-90.13,-89.85
RAMCOCEM,929.7,2026-06-29,4.89,2.02,6.71,2.11,-12.04,-11.72
FLUOROCHEM,3872.3,2026-06-29,0.54,5.08,6.7,26.22,5.97,9.06
MGEL,16.0,2026-06-29,1.91,-2.68,6.67,37.1,11.27,6.8
BANKBETF,58.66,2026-06-29,-0.36,1.31,6.67,10.64,-1.66,1.23
BANKETF,588.53,2026-06-29,-0.17,1.38,6.66,10.87,-1.54,1.62
RUSTOMJEE,424.4,2026-06-29,7.33,5.91,6.65,12.11,-19.43,-28.47
AARTIPHARM,675.3,2026-06-29,-0.4,5.41,6.64,10.91,-7.51,-21.06
APOLLOTYRE,420.65,2026-06-29,-1.75,1.52,6.63,1.99,-14.7,-4.3
BBNPNBETF,58.37,2026-06-29,0.21,1.37,6.61,10.65,-1.75,2.1
SBIETFPB,286.55,2026-06-29,0.3,1.35,6.6,12.41,-0.86,-0.85
AXISBNKETF,595.38,2026-06-29,-0.26,1.38,6.6,11.08,-1.48,1.54
SETFNIFBK,593.2,2026-06-29,-0.16,1.33,6.6,10.42,-1.56,0.96
STCINDIA,128.13,2026-06-29,-2.87,3.03,6.59,29.23,-4.83,-12.38
BANKBETA,59.72,2026-06-29,-0.2,1.37,6.59,11.05,-1.61,
YATHARTH,848.9,2026-06-29,-0.35,2.35,6.58,32.18,24.4,60.62
SAMHI,176.44,2026-06-29,-1.48,4.87,6.58,31.43,-3.33,-18.75
ADVANCE,108.96,2026-06-29,-0.78,11.59,6.58,17.73,-8.27,
BALAMINES,1892.2,2026-06-29,-10.9,-10.24,6.57,83.02,69.81,6.43
COMSYN,163.61,2026-06-29,-3.33,-4.23,6.57,6.75,13.12,20.66
INM,179.0,2026-06-25,5.29,9.15,6.55,-0.56,-28.4,-65.85
MOTOGENFIN,29.05,2026-06-29,-3.36,-0.17,6.53,50.21,29.57,8.31
BANKBEES,598.0,2026-06-29,-0.16,1.41,6.53,10.69,-1.54,1.25
GLAXO,2354.4,2026-06-29,-0.37,10.93,6.52,6.85,-2.55,-29.81
BANKADD,59.08,2026-06-29,-0.19,1.42,6.49,10.87,-1.63,0.87
GRCL,575.0,2026-06-25,5.89,15.24,6.49,51.66,58.91,37.36
GICHSGFIN,154.39,2026-06-29,-4.4,0.06,6.48,17.73,-10.1,-16.85
MCLOUD,28.48,2026-06-29,-1.04,6.83,6.47,39.47,10.64,-62.15
HDFCPVTBAN,28.51,2026-06-29,-0.07,0.85,6.46,12.02,-1.14,-1.18
ABSL10BANK,172.25,2026-06-29,0.37,2.22,6.45,10.16,,
KALYANKJIL,377.85,2026-06-29,-0.85,-1.34,6.42,-2.7,-22.3,-30.43
VIAZ,64.9,2026-06-26,1.56,4.51,6.39,4.01,0.62,20.3
BFUTILITIE,605.1,2026-06-29,-6.78,-1.41,6.39,55.91,-12.02,-22.54
BANKIETF,59.19,2026-06-29,-0.32,1.11,6.38,10.51,-1.68,12.57
ABSLBANETF,59.07,2026-06-29,-0.51,1.16,6.37,10.51,-1.73,1.2
HDFCNIFBAN,59.37,2026-06-29,-0.34,1.3,6.36,11.87,-1.62,0.88
TITAGARH,878.35,2026-06-29,-4.59,2.1,6.32,47.47,-3.22,-6.08
WINDMACHIN,305.05,2026-06-29,-3.83,-6.44,6.31,41.19,11.62,-21.37
JBCHEPHARM,2303.2,2026-06-29,4.4,3.85,6.27,12.46,29.41,29.76
UCOBANK,26.79,2026-06-29,-2.83,2.33,6.27,15.41,-4.46,-13.61
SABEVENTS,8.49,2026-06-29,10.69,11.71,6.26,-5.46,-1.51,36.5
EQUITASBNK,74.6,2026-06-29,-2.57,-4.92,6.25,36.03,21.6,11.59
GRPLTD,1899.6,2026-06-29,0.59,12.46,6.25,4.58,12.53,-32.01
MBAPL,562.25,2026-06-29,1.2,-0.69,6.24,22.03,32.3,31.91
SAMBHV,110.55,2026-06-29,-2.0,1.26,6.24,18.31,16.6,
LUPIN,2409.3,2026-06-29,2.96,5.99,6.24,3.19,15.71,25.27
SGFIN,602.35,2026-06-29,1.68,0.36,6.23,32.76,51.06,
HNDFDS,550.95,2026-06-29,0.14,-1.21,6.21,8.32,8.18,2.9
PTCIL,17193.0,2026-06-29,-4.01,-7.84,6.19,10.2,-10.34,14.11
PASUPTAC,63.55,2026-06-29,-4.46,-7.74,6.18,52.22,18.34,21.95
SBC,41.75,2026-06-29,-5.31,12.41,6.18,34.81,48.1,181.52
EIMCOELECO,1663.1,2026-06-29,-6.14,3.62,6.18,9.34,8.24,-31.47
PRITIKA,63.7,2026-06-26,2.82,-2.0,6.17,22.85,-18.02,-17.06
CAMLINFINE,129.58,2026-06-29,-8.2,-6.53,6.17,22.64,-12.85,-60.44
DEN,29.34,2026-06-29,-11.04,-0.37,6.15,21.89,-5.48,-21.74
KIMS,805.45,2026-06-29,-0.09,4.62,6.14,26.56,31.18,21.41
VOLTAMP,10080.0,2026-06-29,-4.08,1.89,6.14,19.45,29.8,9.7
DBOL,114.57,2026-06-29,-0.03,-0.26,6.13,8.03,41.94,41.07
SURYODAY,173.55,2026-06-29,-0.92,0.97,6.09,35.66,24.18,24.04
ASHIANA,386.6,2026-06-29,-0.41,6.18,6.09,33.63,34.53,11.41
ELGIEQUIP,608.3,2026-06-29,-0.98,-0.08,6.08,28.5,33.41,13.85
GOLDSTAR,7.85,2026-06-25,0.64,4.67,6.08,17.16,5.37,-20.71
ALIVUS,1119.5,2026-06-29,3.56,6.5,6.06,14.14,24.55,12.4
ABCAPITAL,385.3,2026-06-29,-1.7,4.64,6.06,26.02,11.12,43.06
PRIMO,24.41,2026-06-29,-3.67,-0.45,6.04,41.02,1.54,-5.42
TNPETRO,94.48,2026-06-29,3.66,4.92,6.04,17.16,-10.55,-0.69
STEELCAS,300.35,2026-06-29,-1.18,3.8,6.02,31.7,46.32,37.83
VAISHALI,7.47,2026-06-29,0.95,4.18,5.96,44.21,-16.35,-35.27
SILVERTUC,178.33,2026-06-29,-8.56,-14.41,5.95,64.36,-80.37,-76.75
MEESHO,194.21,2026-06-29,12.78,15.24,5.95,33.34,1.01,
MALLCOM,1011.7,2026-06-29,-7.9,-1.62,5.93,3.95,-11.42,-24.47
AUTOIND,84.97,2026-06-29,5.36,10.48,5.92,62.31,5.37,5.2
ALLTIME,234.38,2026-06-29,-3.73,-7.76,5.86,19.16,-10.75,
RBZJEWEL,131.62,2026-06-29,-1.94,-5.33,5.85,19.45,-5.46,-9.41
APOLLOHOSP,8655.0,2026-06-29,2.2,2.2,5.85,14.65,22.33,18.73
SERVICE,50.7,2026-06-25,1.1,2.94,5.85,-11.05,12.92,-11.44
NEULANDLAB,18088.0,2026-06-29,5.02,6.05,5.85,49.9,20.97,49.36
NCLIND,194.2,2026-06-29,0.94,4.06,5.82,23.74,-1.0,-14.18
GEOJITFSL,77.17,2026-06-29,-2.08,0.89,5.81,38.0,3.32,-8.85
LGBBROSLTD,1600.2,2026-06-29,2.25,3.47,5.8,-6.24,-10.7,28.55
PAGEIND,40405.0,2026-06-29,2.76,3.09,5.79,27.54,12.14,-17.11
NEWGEN,468.25,2026-06-29,-2.96,-0.48,5.77,10.96,-43.61,-59.22
MANALIPETC,63.51,2026-06-29,-4.06,-6.88,5.76,53.89,4.34,-5.39
PACEDIGITK,200.89,2026-06-29,9.29,7.2,5.76,32.23,6.23,
MOBANK10,17.13,2026-06-29,0.0,1.78,5.74,,,
ACCENTMIC,459.65,2026-06-25,2.53,2.14,5.72,26.82,38.85,99.15
ABREL,1315.0,2026-06-29,0.09,6.05,5.72,16.3,-20.33,-45.1
OMPOWER,180.45,2026-06-29,-1.37,0.83,5.72,,,
TVTODAY,122.06,2026-06-29,12.86,14.47,5.69,23.28,-11.98,-27.72
RAJRATAN,434.0,2026-06-29,-6.47,-4.79,5.66,24.5,-2.96,5.82
MAHICKRA,248.0,2026-06-25,0.0,2.46,5.64,20.46,60.62,100.53
CENTUM,3680.2,2026-06-29,-0.63,1.48,5.63,31.23,56.86,47.57
TVSSRICHAK,4100.8,2026-06-29,-3.53,1.07,5.63,19.36,-1.92,36.02
UNITDSPR,1341.5,2026-06-29,-0.12,5.51,5.63,6.99,-5.74,-6.0
TORNTPHARM,4657.6,2026-06-29,4.5,3.41,5.6,9.41,23.86,40.63
SUBEXLTD,11.32,2026-06-29,-4.87,2.63,5.6,61.02,-0.61,-20.62
EPL,225.57,2026-06-29,-3.9,-0.57,5.58,13.59,6.18,-4.4
BHARATGEAR,126.07,2026-06-29,-8.19,10.56,5.58,41.0,19.92,43.42
TATVA,1196.0,2026-06-29,0.45,1.36,5.54,8.47,-10.13,26.92
DRREDDY,1375.7,2026-06-29,6.59,7.52,5.54,7.33,8.44,6.41
TEXMOPIPES,46.13,2026-06-29,1.63,-0.22,5.51,28.07,-4.93,-28.18
SAFARI,1586.6,2026-06-29,-3.88,-3.02,5.51,10.02,-27.77,-25.29
ENGINERSIN,244.47,2026-06-29,-5.43,3.56,5.51,28.85,22.4,5.04
MPTODAY,46.0,2026-06-26,0.0,0.0,5.5,-2.13,-3.26,12.61
SAMPANN,28.21,2026-06-29,3.98,-0.11,5.5,6.94,-13.99,-1.33
GLAND,2373.0,2026-06-29,8.52,7.23,5.47,37.64,43.81,34.45
CONFIPET,71.47,2026-06-29,3.28,0.59,5.46,85.11,95.11,42.08
AXISBANK,1356.8,2026-06-29,-0.13,-0.84,5.46,12.58,10.13,10.84
RBLBANK,363.8,2026-06-29,-3.88,-2.37,5.45,23.05,19.59,52.53
CENTENKA,513.35,2026-06-29,-5.7,2.99,5.36,31.85,16.94,4.92
KHFM,63.9,2026-06-26,10.08,-0.08,5.36,11.71,1.19,-21.98
VISHWAS,53.4,2026-06-25,2.89,13.86,5.33,42.4,20.41,-11.0
PLASTIBLEN,181.15,2026-06-29,0.57,4.13,5.31,43.19,10.72,-12.53
SOMICONVEY,106.85,2026-06-29,8.27,7.42,5.29,16.66,-14.22,-34.76
REMUS,793.7,2026-06-25,1.33,2.58,5.27,17.26,8.13,-57.74
IGPL,447.5,2026-06-29,-1.14,2.57,5.27,32.57,12.85,-2.77
STERTOOLS,247.63,2026-06-29,1.11,3.38,5.27,51.74,-8.69,-29.75
SHRENIK,0.4,2026-06-29,5.26,8.11,5.26,5.26,-16.67,-33.33
JINDALSAW,260.06,2026-06-29,1.7,5.58,5.25,41.1,58.86,7.6
YUDIZ,28.1,2026-06-26,9.13,20.86,5.24,14.69,-0.88,-9.06
KNRCON,133.29,2026-06-29,-4.33,4.68,5.23,21.59,-20.24,-40.33
GEECEE,332.25,2026-06-29,-5.97,2.78,5.19,44.58,4.45,-14.14
LICHSGFIN,560.75,2026-06-29,2.23,1.25,5.18,10.81,4.08,-6.86
CUB,201.5,2026-06-29,1.79,1.08,5.17,5.9,-10.13,31.77
SUNCLAY,1386.8,2026-06-29,3.8,1.3,5.16,8.47,14.54,-32.52
HEALTHADD,162.88,2026-06-29,1.8,4.44,5.15,11.87,10.8,12.56
BANKPSU,86.53,2026-06-29,-2.17,0.08,5.15,4.47,3.98,22.62
NAVINFLUOR,7486.5,2026-06-29,-1.13,2.74,5.14,23.79,27.45,55.68
PSUBNKIETF,86.9,2026-06-29,-2.12,-0.26,5.13,4.05,3.92,22.46
SCI,307.3,2026-06-29,-4.8,-1.11,5.13,34.28,33.1,43.01
ASTERDM,765.7,2026-06-29,-3.06,-2.67,5.13,15.13,25.87,30.96
AGRITECH,112.35,2026-06-29,-2.3,-6.42,5.12,14.08,-28.17,-28.29
ROLEXRINGS,147.71,2026-06-29,1.62,5.0,5.12,28.08,15.41,-8.58
TIGERLOGS,36.58,2026-06-29,-0.84,3.6,5.11,47.5,3.77,
TCL,100.0,2026-06-25,2.04,2.56,5.1,17.44,-1.96,1.21
INFOBEAN,156.78,2026-06-29,-0.72,-8.87,5.1,18.36,-20.81,65.75
LOVABLE,77.22,2026-06-29,4.06,8.65,5.09,32.52,-2.75,-22.95
HDFCPSUBK,86.76,2026-06-29,-2.03,-0.37,5.05,4.38,4.13,21.94
MOREALTY,81.66,2026-06-29,0.53,2.16,5.04,21.9,-6.9,-17.79
HEALTHCARE,20.83,2026-06-29,1.96,4.05,5.04,14.89,,
GVPTECH,7.1,2026-06-29,-2.47,9.74,5.03,19.73,-20.13,-34.85
CANARYS,20.9,2026-06-25,-4.13,9.42,5.03,25.9,-30.68,-29.39
BFSI,27.61,2026-06-29,0.29,1.17,5.02,9.91,-2.44,-1.53
SOMANYCERA,517.65,2026-06-29,-0.39,-0.47,5.02,37.12,25.98,-8.06
SJS,2207.2,2026-06-29,1.17,0.32,5.02,36.8,27.47,76.17
SHREDIGCEM,74.53,2026-06-29,0.63,-0.45,5.0,32.9,-18.13,-4.03
SMVD,11.55,2026-06-26,0.0,0.0,5.0,-1.28,49.03,-21.16
TCIEXP,515.55,2026-06-29,-4.34,-2.58,4.99,11.83,-8.97,-32.47
TITAN,4277.2,2026-06-29,-2.18,-0.15,4.96,7.43,7.37,17.02
PETRONET,281.25,2026-06-29,-1.83,-1.63,4.96,15.55,2.17,-2.53
ANUHPHR,79.87,2026-06-29,1.38,2.58,4.95,13.65,-1.8,-22.86
HEALTHIETF,165.46,2026-06-29,2.14,3.96,4.95,11.7,10.73,12.68
YUKEN,730.05,2026-06-29,1.21,5.1,4.93,19.09,-15.0,-38.15
GFSTEELS,13.61,2026-06-29,0.0,0.0,4.93,10.11,20.98,46.82
GRAUWEIL,73.11,2026-06-29,-4.26,-5.16,4.92,-36.76,-36.76,-36.76
THYROCARE,524.4,2026-06-29,-2.49,-0.82,4.92,47.05,18.33,63.36
BLSE,232.88,2026-06-29,1.97,-0.58,4.92,47.22,13.45,16.57
MOKSH,12.4,2026-06-29,4.73,3.16,4.91,30.12,-14.72,-13.89
COFORGE,1491.4,2026-06-29,0.51,6.34,4.9,30.29,-11.19,-20.94
UNIVAFOODS,8.57,2026-06-29,0.0,0.0,4.9,-9.79,-36.66,-27.0
CYBERTECH,147.18,2026-06-29,-0.52,6.43,4.9,42.71,2.39,1.89
VIKRAN,74.44,2026-06-29,2.06,6.72,4.9,33.0,-27.92,
BANKBARODA,272.8,2026-06-29,-4.63,-1.18,4.89,8.19,-2.08,16.7
IVC,8.15,2026-06-29,-4.34,-4.34,4.89,28.14,0.0,-1.98
BANSALWIRE,333.8,2026-06-29,7.8,6.49,4.89,40.84,8.45,-14.51
WESTLIFE,471.7,2026-06-29,-3.09,-0.36,4.85,6.62,-12.95,-37.18
WONDERLA,497.35,2026-06-29,1.75,2.15,4.84,1.2,-4.59,-20.81
SAATVIKGL,462.4,2026-06-29,-0.97,-1.58,4.84,20.54,24.74,
SPANDANA,263.5,2026-06-29,0.15,10.51,4.82,35.62,-2.8,-5.57
IIFL,489.3,2026-06-29,-9.02,-6.33,4.8,9.16,-17.01,4.71
BECTORFOOD,179.93,2026-06-29,-4.2,-2.2,4.79,-0.77,-21.42,-33.62
JAYSREETEA,87.3,2026-06-29,-4.24,-0.94,4.78,15.48,-0.09,-22.57
PSUBANKADD,86.79,2026-06-29,-2.02,-0.06,4.78,4.48,4.08,22.86
CIPLA,1454.1,2026-06-29,2.71,5.27,4.76,18.15,-1.76,-2.31
TEAMLEASE,1447.2,2026-06-29,-0.12,3.03,4.75,24.74,-7.38,-28.67
INDNIPPON,964.85,2026-06-29,4.75,5.61,4.74,33.92,21.73,34.29
PSUBNKBEES,95.52,2026-06-29,-2.41,-0.46,4.74,4.09,3.72,21.7
CEATLTD,3394.4,2026-06-29,-3.31,-1.76,4.73,-1.98,-11.24,-6.0
SJLOGISTIC,335.85,2026-06-25,-3.19,-0.93,4.71,30.25,-6.2,-28.83
GAIL,172.22,2026-06-29,-2.87,-1.82,4.69,25.53,4.21,-6.5
ZENTEC,1742.6,2026-06-29,-11.19,-2.6,4.68,28.49,25.42,-9.3
POLYPLEX,969.35,2026-06-29,1.73,6.09,4.67,24.56,20.49,-19.88
PONNIERODE,311.55,2026-06-29,-4.11,-2.67,4.67,16.85,19.54,-4.69
GODIGIT,319.75,2026-06-29,0.57,6.99,4.66,-2.11,-6.76,-11.62
MANKIND,2486.0,2026-06-29,-2.06,4.44,4.65,21.93,13.93,6.58
AUBANK,1030.45,2026-06-29,-1.4,-0.3,4.65,16.73,4.44,27.53
UJJIVANSFB,56.91,2026-06-29,0.37,-0.07,4.63,7.62,9.95,16.64
APCOTEXIND,496.45,2026-06-29,-8.53,-4.19,4.62,51.49,37.84,28.37
MIDWESTLTD,1245.3,2026-06-29,-4.23,-2.68,4.62,4.31,-30.36,
SHRINGARMS,219.68,2026-06-29,5.61,3.27,4.57,21.52,-0.1,
RACLGEAR,1380.8,2026-06-29,1.22,4.06,4.53,12.1,18.21,54.68
KSCL,905.75,2026-06-29,-4.07,2.89,4.52,14.4,-6.3,-22.65
GAEL,161.87,2026-06-29,0.41,3.07,4.51,20.77,24.89,45.68
SAKAR,832.45,2026-06-29,1.67,-1.39,4.51,60.58,99.94,129.8
HILTON,23.1,2026-06-29,-6.82,18.1,4.48,11.59,-40.69,-65.22
HEALTHY,16.58,2026-06-29,2.22,4.02,4.47,11.73,10.61,12.56
FAIRCHEMOR,643.65,2026-06-29,2.78,5.98,4.46,40.75,-8.35,-30.54
JIWANRAM,5.85,2026-06-25,-4.88,4.46,4.46,17.0,-2.5,-42.65
GROWWRLTY,9.17,2026-06-29,0.99,2.57,4.44,20.18,-6.64,
KICL,5268.0,2026-06-29,-2.29,1.35,4.43,24.41,8.51,1.95
LLOYDSENT,75.25,2026-06-29,-3.14,8.43,4.43,76.64,23.4,-15.16
GLFL,6.37,2026-06-29,-7.55,2.74,4.43,60.86,12.15,4.08
SMALLADD,17.73,2026-06-29,-1.12,2.07,4.42,24.77,7.45,
SBIBPB,49.59,2026-06-29,-2.55,-0.64,4.4,4.4,3.08,21.19
CPS,1032.55,2026-06-25,1.29,10.61,4.4,3.97,-0.86,23.51
JLHL,1385.3,2026-06-29,2.05,4.47,4.39,8.35,-0.83,-4.74
ANTELOPUS,808.9,2026-06-29,-0.62,1.78,4.39,52.59,99.75,15.6
VOLTAS,1295.8,2026-06-29,-4.3,-2.31,4.35,-1.72,-5.81,-0.42
LTF,299.05,2026-06-29,3.59,1.98,4.34,20.06,0.71,48.82
PSUBANK,855.82,2026-06-29,-2.38,-0.51,4.34,3.5,3.69,22.08
AVADHSUGAR,466.8,2026-06-29,2.46,1.57,4.34,3.02,26.99,-5.39
HITECH,90.45,2026-06-29,-4.37,0.86,4.33,22.88,0.41,-10.28
THOMASCOTT,322.7,2026-06-29,4.01,18.55,4.33,28.34,-0.09,-19.99
INDIQUBE,166.27,2026-06-29,-2.27,4.65,4.32,24.5,-18.29,
COHANCE,450.15,2026-06-29,11.08,5.42,4.32,48.71,-15.45,-52.32
ASPINWALL,251.57,2026-06-29,-0.37,-2.98,4.32,15.0,10.37,-14.86
TERASOFT,411.5,2026-06-29,-3.12,-5.98,4.32,35.99,2.38,47.36
VARDMNPOLY,6.77,2026-06-29,-3.84,-3.01,4.31,0.0,11.35,-44.37
MGL,1142.1,2026-06-29,-8.3,0.27,4.3,21.47,2.88,-22.62
CDSL,1297.9,2026-06-29,-5.39,2.54,4.28,10.81,-11.32,-25.68
DISAQ,11944.0,2026-06-29,-4.9,2.39,4.24,,,
CGPOWER,956.25,2026-06-29,-0.65,2.22,4.23,43.16,48.07,42.57
ARIHANTACA,469.0,2026-06-25,0.86,0.0,4.22,-4.29,-2.29,70.84
CARERATING,1672.2,2026-06-29,-2.2,2.12,4.21,11.59,5.05,-4.04
SUNPHARMA,1874.8,2026-06-29,0.64,3.81,4.2,4.53,9.89,12.18
MANAKCOAT,108.72,2026-06-29,-2.99,1.63,4.2,8.97,-20.47,-17.11
TIRUPATI,510.0,2026-06-26,1.63,2.31,4.19,7.37,-29.07,4.08
GODREJIND,1153.5,2026-06-29,3.42,7.54,4.17,48.8,15.87,-7.54
WSTCSTPAPR,516.2,2026-06-29,1.67,1.13,4.16,23.07,21.29,2.06
VISHNU,603.15,2026-06-29,-4.47,0.16,4.15,21.63,9.89,13.32
MOHEALTH,49.63,2026-06-29,2.27,4.46,4.13,16.8,12.34,11.63
LXCHEM,154.17,2026-06-29,-5.36,-0.47,4.11,37.33,-8.19,-22.41
GOYALSALT,119.1,2026-06-25,1.88,1.62,4.11,5.96,-26.02,-23.9
NATIONSTD,1287.9,2026-06-29,2.62,7.38,4.11,,,
AXISHCETF,163.74,2026-06-29,1.7,3.71,4.1,11.36,10.4,12.27
BATAINDIA,696.3,2026-06-29,-4.75,2.35,4.09,10.15,-25.99,-43.01
DLF,614.75,2026-06-29,-2.05,0.05,4.09,17.54,-10.74,-26.79
CAPITALSFB,281.1,2026-06-29,-0.58,-1.4,4.09,29.72,9.24,-1.13
NBCC,104.35,2026-06-29,-5.12,-2.8,4.08,29.58,-14.42,-14.75
CHOLAHLDNG,1646.6,2026-06-29,3.62,5.04,4.08,18.55,-10.68,-20.09
FUSION,185.74,2026-06-29,4.36,4.61,4.07,31.68,16.5,-9.75
JAMNAAUTO,132.86,2026-06-29,-0.77,6.32,4.07,13.93,6.53,42.45
ZYDUSLIFE,1121.3,2026-06-29,3.3,3.05,4.05,25.05,23.96,15.52
SINGERIND,72.74,2026-06-29,1.45,1.69,4.05,10.78,,
ODIGMA,24.44,2026-06-29,-5.09,9.06,4.04,12.32,-22.95,-37.84
WAAREERTL,1013.25,2026-06-29,0.81,5.03,4.03,24.81,7.31,2.83
AKCAPIT,1777.1,2026-06-29,-0.99,1.79,4.01,,,
WEIZMANIND,84.86,2026-06-29,-3.12,3.0,4.0,19.55,-10.12,-26.91
IMAGICAA,46.64,2026-06-29,-2.81,6.63,3.99,24.01,4.6,-32.92
UNIONBANK,174.56,2026-06-29,-1.17,1.9,3.98,-0.52,17.04,21.07
PNGSREVA,391.6,2026-06-29,-2.48,2.84,3.97,11.61,,
VSSL,278.85,2026-06-29,-0.36,-2.04,3.97,27.42,-0.57,6.95
TTKHLTCARE,927.2,2026-06-29,-0.25,5.59,3.96,20.67,-10.36,-27.15
GLOBAL,104.78,2026-06-29,-3.64,3.08,3.95,8.54,15.17,67.82
INDIGRID,176.15,2026-06-25,1.83,2.74,3.95,9.25,9.94,25.22
SHREEJISPG,480.85,2026-06-29,-3.31,1.0,3.92,41.22,40.4,
VARDHACRLC,43.73,2026-06-29,-2.06,-2.65,3.92,47.69,16.24,-6.69
SRGHFL,295.35,2026-06-29,0.17,6.99,3.91,26.98,2.57,-7.31
NORTHARC,292.6,2026-06-29,-1.71,-0.78,3.91,37.92,16.92,21.84
FDC,420.7,2026-06-29,4.26,9.33,3.88,31.02,0.22,-11.17
M&MFIN,315.4,2026-06-29,7.3,5.89,3.87,4.45,-18.37,18.51
VAIBHAVGBL,229.82,2026-06-29,-4.15,-4.52,3.85,24.91,0.36,-0.6
PARAGMILK,230.84,2026-06-29,-0.6,-0.72,3.84,21.36,-17.97,4.01
HDFCSML250,177.18,2026-06-29,-1.57,1.69,3.82,19.46,6.63,-0.12
GODREJPROP,1830.1,2026-06-29,1.73,3.62,3.82,21.59,-8.39,-22.53
TARIL,332.8,2026-06-29,-5.32,4.88,3.82,22.29,16.51,-32.19
SONATSOFTW,275.2,2026-06-29,-7.31,5.7,3.81,25.66,-22.56,-31.8
ADVENTHTL,141.85,2026-06-29,-2.48,1.37,3.81,4.72,-37.71,
PNB,106.96,2026-06-29,-2.59,-0.93,3.79,4.7,-8.69,3.51
FINCABLES,1179.2,2026-06-29,-0.95,12.94,3.78,46.18,58.88,24.17
GROWWSC250,10.16,2026-06-29,-1.07,2.21,3.78,18.14,6.69,
PRICOLLTD,583.25,2026-06-29,1.63,0.34,3.76,11.03,-6.99,29.91
GROWWPSUBK,85.41,2026-06-29,-2.42,-1.17,3.75,3.0,,
DODLA,1121.3,2026-06-29,-1.33,2.36,3.72,12.12,-8.53,-22.64
KRYSTAL,600.25,2026-06-29,-0.86,4.36,3.71,11.16,17.14,-3.09
BIRLACABLE,201.06,2026-06-29,-9.57,-1.36,3.69,79.71,45.97,10.5
CHEVIOT,1118.8,2026-06-29,-0.87,1.93,3.68,18.6,3.32,-2.13
HISARMETAL,153.03,2026-06-29,-3.55,-4.26,3.68,16.82,-4.16,-22.84
CHALET,813.5,2026-06-29,-1.28,8.56,3.68,12.21,-6.64,-11.12
PIGL,112.28,2026-06-29,-3.68,5.04,3.67,9.63,-7.79,-22.43
POLYCAB,9779.0,2026-06-29,-2.43,2.82,3.67,39.03,31.12,51.49
SMALL250,17.65,2026-06-29,-0.95,1.85,3.64,20.31,6.84,
GREENPANEL,192.32,2026-06-29,2.28,-0.7,3.64,12.74,-16.87,-28.02
BFINVEST,446.85,2026-06-29,-3.04,0.42,3.64,30.64,8.74,-8.91
ELDEHSG,805.3,2026-06-29,1.79,1.25,3.61,-0.68,-16.45,2.62
DRONE,42.0,2026-06-25,-3.89,1.2,3.58,-1.18,-38.24,-61.38
HEALTHX,318.25,2026-06-29,0.87,6.17,3.58,15.79,5.71,5.8
SANGAMIND,532.35,2026-06-29,-0.86,0.51,3.56,23.99,16.23,9.17
BCLIND,33.8,2026-06-29,-5.8,-11.82,3.55,26.17,6.32,-19.62
BERGEPAINT,518.3,2026-06-29,-5.77,-0.21,3.54,25.0,-4.83,-10.65
MOMENTUM50,54.33,2026-06-29,0.57,1.67,3.53,15.35,3.33,-2.0
SWARAJENG,3961.0,2026-06-29,-0.1,3.53,3.53,15.55,11.22,-3.4
MOSMALL250,17.62,2026-06-29,-1.78,1.38,3.53,19.22,6.4,-0.28
ABANSENT,27.54,2026-06-29,2.3,-1.11,3.53,,,
VINCOFE,149.98,2026-06-29,-6.34,-3.56,3.52,13.26,-2.07,21.17
ETERNAL,259.4,2026-06-29,-1.61,2.94,3.52,11.25,-8.29,-0.94
PHARMABEES,25.9,2026-06-29,2.01,4.23,3.52,11.73,11.98,15.68
JSWDULUX,3262.9,2026-06-29,-0.25,0.63,3.52,10.7,3.68,0.49
BEPL,98.88,2026-06-29,-5.7,-0.56,3.51,18.29,11.92,-11.28
KARURVYSYA,298.85,2026-06-29,1.07,3.3,3.5,1.05,17.38,40.99
KEI,5452.0,2026-06-29,-3.68,-0.16,3.5,32.2,24.25,44.4
SCANSTL,39.0,2026-06-29,2.9,3.86,3.48,,,
EICHERMOT,7426.0,2026-06-29,-2.79,-2.6,3.47,9.02,2.12,32.9
CRAFTSMAN,9388.0,2026-06-29,-1.41,0.55,3.46,35.59,33.51,71.01
MOM30IETF,32.03,2026-06-29,0.47,1.49,3.46,12.5,1.39,-1.26
GCSL,420.6,2026-06-29,-2.4,-2.51,3.46,17.44,25.09,
WCIL,100.27,2026-06-29,-2.5,2.59,3.45,22.65,-16.97,-17.45
MANOMAY,183.12,2026-06-29,-3.15,-1.38,3.45,-22.05,-10.43,10.09
ELPROINTL,171.74,2026-06-29,-0.01,1.56,3.43,,,
MOMOMENTUM,63.76,2026-06-29,0.73,1.43,3.42,13.31,1.21,-1.57
NHPC,81.57,2026-06-29,4.28,9.21,3.42,6.5,8.14,-2.34
ADSL,124.45,2026-06-29,1.13,3.72,3.42,35.64,-17.9,-30.87
TFCILTD,75.54,2026-06-29,1.52,-0.81,3.41,16.74,19.79,61.58
GMMPFAUDLR,792.75,2026-06-29,-3.82,2.11,3.4,-2.12,-26.18,-33.31
MANUGRAPH,15.82,2026-06-29,0.83,3.4,3.4,47.85,-1.56,-22.18
AGUL,63.9,2026-06-26,0.0,0.0,3.4,-7.79,3.06,30.67
GROWWMOM50,10.94,2026-06-29,0.0,1.2,3.4,15.04,3.19,-1.08
BBETF0432,1351.36,2026-06-29,1.14,1.54,3.39,4.05,3.23,5.71
MUFIN,127.37,2026-06-29,-3.42,3.21,3.38,28.59,13.48,72.38
PRIMESECU,289.45,2026-06-29,-5.55,1.21,3.36,7.88,3.86,4.47
KOKUYOCMLN,87.98,2026-06-29,-3.72,0.79,3.36,20.97,-0.58,-33.06
LAHOTIOV,43.51,2026-06-29,-5.04,-3.07,3.35,,,
MUKKA,23.55,2026-06-29,-5.65,-2.44,3.33,18.7,-1.34,-21.58
MBEL,308.35,2026-06-29,-1.03,0.54,3.32,26.3,-18.4,
ROSSELLIND,56.94,2026-06-29,0.04,4.44,3.32,27.5,16.73,-17.07
MOTHERSON,150.56,2026-06-29,3.23,1.65,3.31,37.65,26.23,46.98
MAZDA,230.81,2026-06-29,-6.72,0.49,3.31,34.84,8.11,-3.93
PITTIENG,965.0,2026-06-29,-4.36,-1.28,3.29,32.95,18.7,-1.36
INDTERRAIN,33.02,2026-06-29,0.06,0.12,3.28,21.09,-5.9,-10.51
AFIL,10.4,2026-06-29,-2.35,4.1,3.28,31.81,59.26,42.66
DHUNINV,859.4,2026-06-29,-1.2,5.58,3.28,26.11,-32.69,-42.55
CONSUMER,11.32,2026-06-29,-1.05,1.07,3.28,13.54,-4.31,-4.23
DIGJAMLMTD,46.88,2026-06-29,5.02,5.14,3.24,26.06,-4.54,42.8
CRISIL,4076.3,2026-06-29,-3.51,2.37,3.24,7.08,-4.4,-30.99
CLSL,43.0,2026-06-25,-2.27,2.02,3.24,-2.27,-7.53,-14.43
MOIPO,45.16,2026-06-29,-0.55,2.87,3.22,21.01,-2.84,
KCP,169.82,2026-06-29,-4.19,1.61,3.22,32.77,-6.07,-17.22
GROWWDEFNC,94.15,2026-06-29,-2.96,2.94,3.21,28.01,21.86,7.43
ALPL30IETF,27.31,2026-06-29,0.11,1.64,3.21,7.82,-1.66,-2.46
BIRLANU,1379.8,2026-06-29,-2.5,-0.9,3.21,12.43,-18.61,-38.21
HARSHA,409.85,2026-06-29,-6.07,-2.37,3.2,27.14,9.42,-0.5
MODEFENCE,103.09,2026-06-29,-3.58,2.92,3.18,28.43,21.5,6.98
JMA,90.85,2026-06-29,-1.76,-4.02,3.17,14.09,17.99,-4.79
GSEC10YEAR,30.64,2026-06-29,1.49,2.1,3.16,3.51,3.13,4.9
YCCL,9.8,2026-06-25,0.51,-3.92,3.16,0.51,-20.0,-24.62
KPIL,1346.1,2026-06-29,-6.5,3.24,3.15,25.37,12.66,9.71
KEC,515.4,2026-06-29,-5.47,0.52,3.15,-3.43,-29.9,-42.76
HATHWAY,11.14,2026-06-29,-8.69,-0.62,3.15,19.78,-9.87,-30.51
ALEMBICLTD,90.4,2026-06-29,-1.02,1.14,3.15,19.91,-9.65,-19.92
IDEA,14.43,2026-06-29,-2.63,-3.48,3.15,62.32,20.65,95.53
PGHL,6246.5,2026-06-29,-0.93,0.32,3.15,28.6,13.27,9.45
GRAVITA,1663.6,2026-06-29,-4.39,0.25,3.14,18.61,-10.15,-11.45
ABCOTS,223.01,2026-06-29,-8.9,-9.47,3.13,-44.34,-45.81,-47.27
GOYALALUM,6.93,2026-06-29,-2.12,-1.7,3.13,23.75,0.14,-14.66
KENNAMET,2986.0,2026-06-29,-4.86,0.13,3.12,22.22,22.22,22.22
GROWWNET,9.28,2026-06-29,-0.43,1.87,3.11,11.81,-11.68,
IGL,165.45,2026-06-29,-2.53,-2.46,3.1,11.54,-13.57,-20.7
STALLION,178.88,2026-06-29,-9.66,-7.32,3.1,69.23,-23.23,127.87
SMSPHARMA,380.7,2026-06-29,1.66,0.71,3.1,-1.41,22.81,53.01
WINDLAS,858.85,2026-06-29,0.17,4.84,3.09,12.27,11.37,-3.14
EIHAHOTELS,323.95,2026-06-29,-0.66,4.99,3.09,14.61,-9.55,-13.59
EBBETF0433,1308.09,2026-06-29,0.72,1.11,3.09,3.25,2.63,5.04
HATSUN,926.8,2026-06-29,0.89,1.8,3.08,1.48,-3.0,-0.29
TEXRAIL,107.54,2026-06-29,-5.18,1.0,3.04,28.54,-21.26,-39.45
EMPOWER,2.37,2026-06-29,16.18,25.4,3.04,,,
KAPSTON,360.25,2026-06-29,4.42,4.57,3.03,28.52,20.97,49.84
SUVIDHAA,2.73,2026-06-29,-2.15,3.02,3.02,6.64,-23.31,-29.09
AVAILFC,157.73,2026-06-03,0.88,0.44,3.02,,,
GANDHITUBE,854.35,2026-06-29,0.02,0.74,3.02,9.63,12.47,22.8
ZFSTEERING,706.15,2026-06-29,0.49,0.35,3.02,,,
GPTHEALTH,146.68,2026-06-29,-2.2,-0.38,3.01,26.43,2.42,1.58
TVSMOTOR,3456.8,2026-06-29,-0.91,-0.08,3.01,0.69,-2.95,18.02
INDIGOPNTS,1020.6,2026-06-29,0.26,1.52,3.0,39.66,-9.43,-11.83
VIYASH,269.8,2026-06-29,-0.52,7.94,3.0,43.89,28.92,41.96
SHOPERSTOP,365.2,2026-06-29,2.3,-1.38,3.0,24.22,-5.3,-27.88
STUDDS,471.3,2026-06-29,-3.62,-6.6,2.99,1.47,-12.18,
BBTC,1546.3,2026-06-29,-2.71,1.5,2.98,12.46,-14.62,-20.99
INTERNET,12.49,2026-06-29,-1.34,1.71,2.97,12.63,-11.89,
TVSELECT,508.5,2026-06-29,5.62,12.05,2.96,39.49,18.74,19.89
HERITGFOOD,330.3,2026-06-29,0.46,2.82,2.96,8.54,-25.89,-31.17
ASHOKLEY,157.36,2026-06-29,0.11,-0.22,2.96,-1.87,-8.5,29.04
HBESD,76.18,2026-06-29,4.36,2.63,2.95,,,
CLSEL,291.1,2026-06-29,-1.27,0.52,2.95,34.18,12.85,-20.32
PARACABLES,67.81,2026-06-29,-4.18,5.84,2.95,121.02,68.89,20.64
HDFCMOMENT,31.73,2026-06-29,0.57,1.08,2.95,12.76,1.6,-1.21
KOTAKBANK,395.5,2026-06-29,-1.65,-2.53,2.94,8.02,-8.39,-10.33
BRIGHOTEL,63.22,2026-06-29,-4.72,-1.06,2.93,12.33,-6.2,
BLUESTARCO,1635.5,2026-06-29,-1.75,1.51,2.93,-2.37,-5.55,1.19
TATATECH,715.0,2026-06-29,-4.93,-5.95,2.93,34.6,11.48,1.51
MRPL,149.19,2026-06-29,-3.36,-11.7,2.92,-15.76,5.64,6.23
NECCLTD,15.86,2026-06-29,-5.88,-7.31,2.92,37.55,-12.08,-35.53
NIRLON,619.7,2026-06-29,-0.11,-0.06,2.91,,,
MOSERVICE,30.82,2026-06-29,-1.41,1.28,2.9,6.13,-8.41,
SELECTIPO,44.79,2026-06-29,-0.47,1.8,2.89,13.85,-3.15,-9.08
MMTC,66.75,2026-06-29,-11.21,-4.9,2.88,21.01,-5.55,-5.47
JKCEMENT,5319.5,2026-06-29,-2.82,2.76,2.87,4.59,-7.14,-15.84
THERMAX,5125.1,2026-06-29,5.37,8.1,2.86,60.31,70.35,53.71
GKWLIMITED,1747.0,2026-06-29,-5.05,-4.77,2.83,16.16,2.41,-3.06
SUYOG,805.4,2026-06-29,-1.89,9.86,2.83,34.12,38.23,-10.07
RAMAPHO,126.34,2026-06-29,-6.36,0.25,2.83,14.66,-21.82,-3.52
SML100CASE,10.57,2026-06-29,-1.4,1.15,2.82,19.59,6.65,
LGEINDIA,1566.9,2026-06-29,-2.5,2.47,2.82,2.01,1.25,
POLYSIL,139.0,2026-06-25,0.72,1.24,2.81,-13.42,-53.82,100.87
BLUEDART,4874.1,2026-06-29,-2.39,-0.62,2.8,0.67,-10.73,-23.09
ELECON,522.8,2026-06-29,-4.08,-6.7,2.8,40.82,10.18,-19.68
GSEC5IETF,66.14,2026-06-29,0.85,0.61,2.8,3.1,3.83,5.52
MUNJALAU,92.62,2026-06-29,-5.53,-4.83,2.8,31.12,17.73,26.75
INTENTECH,98.9,2026-06-29,-5.1,-5.79,2.8,31.13,-15.77,11.22
CIEINDIA,458.9,2026-06-29,-3.11,-1.27,2.79,4.24,20.17,4.06
MMFL,456.25,2026-06-29,1.06,-2.66,2.78,15.12,29.63,23.83
TIMETECHNO,179.56,2026-06-29,1.68,1.26,2.78,8.23,-2.36,-18.59
NAHARINDUS,116.62,2026-06-29,-2.09,-0.36,2.77,33.83,5.23,-13.4
PARKHOTELS,119.54,2026-06-29,-4.4,1.28,2.77,17.33,-10.54,-25.96
MODTHREAD,46.61,2026-06-29,7.2,3.58,2.76,6.71,7.47,1.81
OBEROIRLTY,1754.1,2026-06-29,3.73,5.07,2.75,20.54,5.28,-8.13
SENSEXETF,79.07,2026-06-29,-0.24,0.92,2.74,4.74,-8.78,-7.5
CGRAPHICS,144.95,2026-06-25,-0.58,-1.02,2.73,0.49,-26.98,-28.77
DTIL,136.91,2026-06-29,-1.9,1.24,2.72,18.6,-13.75,-30.96
DATAMATICS,787.05,2026-06-29,-2.47,-0.69,2.72,16.66,-2.01,27.54
AMBIKCO,1702.6,2026-06-29,1.31,4.07,2.71,44.83,34.82,12.46
GRANULES,794.8,2026-06-29,2.11,6.19,2.71,27.3,31.77,60.34
SURYALAXMI,61.11,2026-06-29,3.1,2.52,2.71,31.62,3.66,-14.38
LALPATHLAB,1647.0,2026-06-29,-1.25,2.16,2.71,24.56,15.89,20.04
BSLSENETFG,77.27,2026-06-29,-0.27,-0.91,2.71,3.7,-8.73,-7.48
GRINFRA,924.0,2026-06-29,-3.66,4.39,2.7,14.85,-7.56,-30.7
UNIENTER,107.97,2026-06-29,-1.05,-0.62,2.7,20.22,-23.82,-27.88
HDFCSENSEX,87.2,2026-06-29,-0.05,1.35,2.7,4.92,-8.5,-7.35
SADHAV,116.0,2026-06-25,2.2,-3.33,2.7,19.16,14.97,10.85
THEMISMED,112.52,2026-06-29,-4.12,9.34,2.7,61.2,12.79,-12.8
SMALLCAP,46.21,2026-06-29,-1.16,1.52,2.69,19.87,4.74,-4.41
AMBICAAGAR,24.89,2026-06-29,1.84,-0.99,2.68,11.02,-0.2,-12.54
INGERRAND,4468.2,2026-06-29,-4.83,3.28,2.67,26.0,33.19,19.97
ZENITHEXPO,201.0,2026-06-29,-7.16,-5.05,2.66,7.26,-5.1,-16.23
LICNETFSEN,863.27,2026-06-29,-0.44,1.02,2.64,4.27,-9.54,-8.05
APTUS,267.15,2026-06-29,-1.27,-2.04,2.63,36.34,-3.04,-14.83
REPRO,370.05,2026-06-29,-1.7,1.68,2.63,7.0,-21.11,-28.57
GOODYEAR,755.9,2026-06-29,-0.94,1.32,2.63,-40.65,-40.65,-40.65
SENSEXBETA,846.92,2026-06-29,-0.46,1.25,2.61,4.27,-8.9,
INDPRUD,6598.5,2026-06-29,2.43,5.22,2.59,,,
EBBETF0431,1432.35,2026-06-29,0.54,0.65,2.58,3.64,2.78,5.33
CMPDI,243.75,2026-06-29,-3.66,0.97,2.58,,,
BRIGADE,501.9,2026-06-29,-6.26,-2.18,2.58,-3.18,-23.85,-39.52
ARIHANTCAP,68.82,2026-06-29,-4.11,-4.4,2.58,10.8,-23.92,-17.52
SHANTHALA,25.95,2026-06-25,17.95,9.96,2.57,-11.43,-5.81,-11.88
EBBETF0430,1605.73,2026-06-29,0.57,0.79,2.57,3.27,2.97,5.77
IRIS,267.0,2026-06-29,-3.63,14.18,2.55,19.34,-10.24,-7.88
VHL,3533.9,2026-06-29,-4.04,1.65,2.54,15.07,-0.18,-13.35
SPORTKING,174.76,2026-06-29,-2.13,-4.76,2.54,52.75,99.68,56.63
DEFENCE,77.84,2026-06-29,-3.56,2.1,2.5,27.42,,
SONACOMS,620.75,2026-06-29,0.25,4.39,2.49,27.38,30.83,30.76
DELHIVERY,463.55,2026-06-29,-4.19,2.2,2.48,8.12,14.4,21.14
SENSEXIETF,879.94,2026-06-29,-0.3,0.96,2.48,4.39,-9.07,-8.02
TREL,26.19,2026-06-29,0.54,1.39,2.46,7.38,-7.78,-24.96
MPSLTD,1883.8,2026-06-29,4.59,3.93,2.44,24.71,-5.7,-27.48
DIXON,11805.0,2026-06-29,-4.3,-1.27,2.44,17.83,-0.44,-18.4
HPL,358.7,2026-06-29,-10.76,-3.16,2.44,31.03,-10.57,-33.45
JSWCEMENT,132.78,2026-06-29,2.1,1.71,2.43,16.03,11.99,
DOLLAR,272.65,2026-06-29,4.87,7.79,2.42,17.9,-23.97,-28.24
GALLANTT,685.6,2026-06-29,-7.58,1.56,2.41,26.33,29.55,30.57
RPGLIFE,2278.4,2026-06-29,-2.41,-0.84,2.41,22.19,-2.02,-5.11
BALRAMCHIN,527.1,2026-06-29,-1.77,-4.44,2.39,6.01,21.87,-9.99
EFCIL,184.74,2026-06-29,-4.8,-3.04,2.38,0.98,-38.44,
GILT5BETA,66.57,2026-06-29,1.43,0.91,2.38,2.89,4.52,6.16
EMAMILTD,408.55,2026-06-29,0.43,2.96,2.37,3.93,-22.31,-26.55
SUMEETINDS,28.47,2026-06-29,4.98,11.78,2.37,-1.11,-4.46,89.95
TATACOMM,1993.4,2026-06-29,-3.31,4.01,2.37,43.86,11.75,19.82
ETHOSLTD,2437.6,2026-06-29,-0.59,-0.33,2.36,9.58,-16.83,-5.53
GROWWEV,31.24,2026-06-29,-0.6,-0.22,2.36,13.39,0.68,6.15
AXISCETF,118.77,2026-06-29,-0.45,1.25,2.36,9.18,-4.86,-2.29
FORTIS,950.4,2026-06-29,-2.61,-3.04,2.36,16.74,7.54,21.37
BEWLTD,65.7,2026-06-25,-7.46,-6.14,2.34,-6.81,-43.65,-61.22
SENSEXADD,78.86,2026-06-29,-0.48,0.55,2.34,4.37,-9.15,-7.74
IGCL,59.56,2026-06-29,-3.31,-4.23,2.34,8.37,-26.35,
SANSTAR,121.01,2026-06-29,-2.62,2.86,2.33,52.66,36.49,20.38
GILT5YBEES,65.84,2026-06-29,0.5,0.6,2.32,3.07,3.7,5.65
VIPIND,306.3,2026-06-29,-2.72,-4.95,2.3,-4.03,-19.52,-26.58
SUNTV,513.65,2026-06-29,-2.11,-0.79,2.29,-12.35,-10.48,-12.3
MSUMI,39.86,2026-06-29,3.83,5.25,2.28,5.17,-14.87,-0.5
GLOBALPET,150.0,2026-06-25,3.45,-1.32,2.28,69.49,28.21,24.43
PENIND,166.48,2026-06-29,0.88,4.51,2.26,21.95,-15.11,-27.89
GSEC10IETF,263.27,2026-06-29,0.35,1.36,2.25,1.85,1.45,2.5
HALDYNGL,115.19,2026-06-29,-9.7,-4.99,2.25,,,
ANTHEM,775.0,2026-06-29,1.42,0.46,2.25,14.02,21.1,
GSEC10ABSL,112.36,2026-06-26,0.68,0.68,2.25,1.78,2.12,2.58
NXST,161.44,2026-06-25,3.46,4.39,2.25,5.32,5.01,22.1
PFS,31.38,2026-06-29,-0.22,1.95,2.25,20.14,-6.08,-26.53
AXSENSEX,79.35,2026-06-29,-0.7,0.51,2.24,4.37,-9.12,-7.4
HEXT,519.4,2026-06-29,4.18,4.35,2.24,19.46,-28.61,-38.69
BGLOBAL,3.19,2026-06-29,-3.33,0.95,2.24,9.25,-14.02,3.57
AHLWEST,586.95,2026-06-29,-6.8,4.81,2.24,307.18,307.18,307.18
BAJAJHFL,86.79,2026-06-29,-2.48,0.23,2.24,14.42,-7.84,-28.9
BAJAJHLDNG,10592.0,2026-06-29,-2.78,2.97,2.23,15.76,-5.85,-24.69
JITFINFRA,315.65,2026-06-29,9.41,5.2,2.23,8.32,15.28,-13.24
SBIETFCON,118.58,2026-06-29,-0.91,0.88,2.22,9.37,-5.51,-2.44
MARICO,839.95,2026-06-29,3.38,3.74,2.22,13.13,11.53,15.95
IRB,21.63,2026-06-29,-0.32,2.41,2.22,5.94,4.35,-12.35
KSL,844.55,2026-06-29,2.23,4.1,2.21,37.81,14.96,-8.33
EPACK,231.69,2026-06-29,-8.3,0.83,2.2,9.2,-15.89,-32.61
TIMESCAN,42.0,2026-06-26,2.94,-2.21,2.19,-10.26,-17.73,-34.38
VELS,69.85,2026-06-25,2.19,2.19,2.19,46.44,24.84,0.79
HUDCO,207.96,2026-06-29,-1.63,-0.75,2.19,23.74,-7.09,-9.44
LT,4165.2,2026-06-29,-0.86,-0.11,2.18,18.01,4.14,14.32
KRISHANA,682.1,2026-06-29,0.53,0.89,2.17,41.81,27.53,33.6
MARUTI,13412.0,2026-06-29,-0.07,-2.85,2.17,8.26,-18.92,7.24
EMMVEE,332.35,2026-06-29,2.01,-1.31,2.17,48.84,81.97,
KILITCH,186.35,2026-06-29,-1.72,1.23,2.17,34.11,8.58,-11.23
ALKYLAMINE,1677.3,2026-06-29,-8.0,-7.05,2.15,30.5,6.29,-25.43
SETF10GILT,264.67,2026-06-29,0.88,1.57,2.14,2.82,1.84,2.51
EMBDL,61.67,2026-06-29,-0.26,0.34,2.14,48.5,-1.61,-49.98
ASALCBR,857.4,2026-06-29,0.55,3.74,2.14,24.81,-10.0,-23.47
AUTOAXLES,1767.6,2026-06-29,-2.44,0.51,2.14,11.49,-2.92,-1.33
JKLAKSHMI,602.95,2026-06-29,-1.02,1.06,2.13,2.77,-21.68,-31.97
ITALIANE,36.0,2026-06-25,10.77,5.73,2.13,-5.26,27.43,2.43
RAJPALAYAM,821.7,2026-06-29,-1.37,-2.94,2.13,,,
GOKUL,41.94,2026-06-29,-3.96,2.37,2.12,10.02,9.65,-6.59
MOGSEC,64.81,2026-06-29,0.78,0.57,2.11,2.37,3.23,5.16
DOMS,2231.1,2026-06-29,-2.11,-1.71,2.11,-0.59,-11.89,-10.34
ASIANENE,365.65,2026-06-29,-2.31,0.61,2.11,44.9,30.26,24.32
CONSUMBEES,127.64,2026-06-29,-0.79,0.65,2.08,8.91,-5.62,-2.79
GROBTEA,915.0,2026-06-29,-0.57,3.36,2.07,7.97,-8.52,-18.78
SHARDUL,28.83,2026-06-29,1.87,4.38,2.05,,,
LTGILTCASE,30.41,2026-06-29,0.9,1.06,2.05,2.7,2.18,
GILT10BETA,26.48,2026-06-29,-0.41,1.89,2.04,2.87,0.95,1.57
ESENSEX,76.86,2026-06-29,-0.47,0.38,2.04,3.92,-9.4,
EMIL,116.31,2026-06-29,-4.32,5.79,2.03,27.41,14.07,-21.77
ROUTE,517.8,2026-06-29,-4.11,-1.65,2.02,17.51,-25.01,-47.39
PGINVIT,93.79,2026-06-25,-0.11,-0.07,2.01,7.1,11.6,16.08
MOBIKWIK,200.14,2026-06-29,1.09,0.68,2.01,18.27,-13.05,-21.22
MONQ50,144.36,2026-06-29,-0.14,0.06,2.01,42.94,45.29,92.94
IDFNIFTYET,264.48,2026-06-29,-0.53,0.68,1.99,5.32,-7.1,-5.08
LEMONTREE,116.22,2026-06-29,-2.13,5.05,1.99,10.77,-27.5,-16.16
CONS,11.8,2026-06-29,-0.92,0.43,1.99,8.66,-90.56,-90.24
NIFTYETF,260.3,2026-06-29,-0.34,0.74,1.99,5.5,-7.13,-5.38
VINATIORGA,1326.8,2026-06-29,-1.4,-2.02,1.98,-0.7,-17.01,-32.35
ALPHA,51.64,2026-06-29,-1.71,0.84,1.97,16.23,7.18,0.33
ASAHISONG,249.42,2026-06-29,-3.03,-4.52,1.97,27.86,-5.56,-42.89
SANOFICONR,4608.0,2026-06-29,-2.37,-0.87,1.97,14.52,3.57,-6.66
SUPERHOUSE,158.39,2026-06-29,0.92,4.22,1.96,17.88,8.75,-8.24
LTGILTBEES,29.81,2026-06-29,0.68,0.64,1.95,2.48,2.05,3.29
NIFTYADD,251.8,2026-06-29,-0.67,0.68,1.94,5.17,-7.17,-5.44
MOMIDMTM,64.98,2026-06-29,-3.1,0.29,1.93,13.48,3.11,
NIFTYBETF,246.1,2026-06-29,-0.77,0.58,1.93,5.19,-7.23,-5.22
ZUARI,226.35,2026-06-29,-6.18,3.72,1.93,17.9,-30.86,7.15
LICNETFGSC,29.32,2026-06-29,0.86,0.72,1.91,2.81,1.77,3.24
RITES,206.11,2026-06-29,-3.56,-1.09,1.91,11.88,-15.18,-24.07
LICNFNHGP,274.02,2026-06-29,-0.43,0.37,1.9,7.21,-4.96,-3.42
GROWWNIFTY,9.68,2026-06-29,-0.31,0.73,1.89,4.65,,
BANKINDIA,142.55,2026-06-29,-2.42,-2.52,1.89,1.53,5.22,26.07
LICNETFN50,268.65,2026-06-29,-0.22,0.74,1.89,5.4,-6.87,-4.94
IFGLEXPOR,178.0,2026-06-29,-7.28,-8.08,1.89,35.55,-11.54,-32.0
VSTIND,260.5,2026-06-29,-0.78,0.25,1.88,25.4,1.07,-9.34
KAUSHALYA,875.45,2026-06-29,4.22,2.13,1.87,8.89,0.38,-2.89
BHARATSE,187.45,2026-06-29,-0.48,2.67,1.86,25.09,10.43,85.55
SUPREME,47.01,2026-06-29,0.64,2.17,1.86,-6.97,-36.53,-42.36
MASTER,346.05,2026-06-26,-1.48,-0.49,1.85,21.83,8.37,3.65
MIDSELIETF,18.82,2026-06-29,-1.72,0.86,1.84,17.26,2.45,5.55
ADANIGREEN,1502.5,2026-06-29,-3.06,1.34,1.84,80.48,49.97,47.94
RAINBOW,1405.5,2026-06-29,-2.85,-0.92,1.83,20.71,5.68,-7.12
BSLNIFTY,28.04,2026-06-29,-0.36,0.79,1.82,5.33,-7.0,-5.14
GROWWN200,11.24,2026-06-29,-1.14,0.45,1.81,10.41,-3.59,-2.33
NIFTYIETF,270.83,2026-06-29,-0.57,0.61,1.81,5.17,-7.17,-5.47
MULTICAP,16.4,2026-06-29,-1.26,0.68,1.8,12.02,-0.43,-0.61
BOMDYEING,129.22,2026-06-29,-6.41,-1.68,1.8,31.86,0.34,-20.03
NIFTYCASE,9.59,2026-06-29,-0.42,0.74,1.8,5.5,-6.98,
MIRCELECTR,42.06,2026-06-25,1.18,11.74,1.79,71.95,60.23,175.16
NIFTY1,265.0,2026-06-29,-0.59,0.61,1.79,5.18,-7.06,-5.44
ENIFTY,24.07,2026-06-29,-0.45,0.42,1.78,5.02,-7.39,
FMNL,10.92,2026-06-29,3.7,2.82,1.77,57.8,23.53,-29.73
AXISNIFTY,264.44,2026-06-29,-0.6,0.57,1.77,5.15,-7.16,-5.3
IOB,34.01,2026-06-29,-3.87,0.5,1.77,5.62,0.5,-11.08
MONIFTY500,23.6,2026-06-29,-0.34,0.9,1.77,9.72,-2.28,-0.97
3PLAND,31.79,2026-06-29,-2.81,0.38,1.76,10.69,-12.98,-37.54
PDMJEPAPER,82.48,2026-06-29,-1.98,-0.05,1.76,21.13,-11.78,-28.51
NIFTYBETA,264.88,2026-06-29,-0.39,0.63,1.75,5.24,-7.81,
BLUECHIP,2.33,2026-06-29,-1.69,-3.32,1.75,-7.17,-24.6,-55.36
ASPIRE,14.55,2026-06-25,1.04,7.78,1.75,29.91,-19.83,-58.25
NDRAUTO,814.2,2026-06-29,-4.17,-3.31,1.75,24.71,0.38,-24.32
CEREBRAINT,3.53,2026-06-29,-6.86,-8.55,1.73,-8.79,-43.43,-46.92
TCI,935.55,2026-06-29,-1.14,-1.36,1.72,-0.7,-11.82,-16.5
INDIASHLTR,766.85,2026-06-29,-1.36,-0.37,1.72,5.44,-4.01,-10.94
NBIFIN,1922.5,2026-06-29,2.8,3.79,1.71,12.49,-13.55,-36.5
NIF100IETF,27.91,2026-06-29,-0.46,0.58,1.71,6.81,-5.33,17.46
CONSUMIETF,118.79,2026-06-29,-0.72,0.93,1.7,8.95,-5.36,-2.58
GANGAFORGE,2.4,2026-06-29,-10.78,-6.61,1.69,-7.69,-36.68,-40.15
LMW,15973.0,2026-06-29,-4.28,0.92,1.68,29.26,7.63,-2.79
CHAMBLFERT,474.25,2026-06-29,-2.66,0.03,1.68,12.93,-0.19,-13.63
BSE500IETF,38.9,2026-06-29,-0.61,0.7,1.67,9.45,-2.87,-1.82
SETFNIF50,257.08,2026-06-29,-0.66,0.53,1.66,5.09,-7.28,-5.62
IVZINNIFTY,2740.03,2026-06-29,-0.6,0.56,1.66,4.9,-7.12,-4.75
SHALBY,171.59,2026-06-29,-1.81,0.57,1.65,30.94,-12.89,-5.96
TOP100CASE,10.47,2026-06-29,-0.76,0.48,1.65,7.27,-5.33,-3.41
HDFCNIFTY,269.11,2026-06-29,-0.57,0.49,1.65,5.13,-7.22,-5.51
TOP20,8.63,2026-06-29,-0.58,0.47,1.65,3.23,,
SYSTANGO,231.6,2026-06-25,-0.56,6.68,1.65,-6.75,-24.46,-3.35
GOLDENTOBC,25.88,2026-06-29,1.33,-0.84,1.65,14.46,-18.18,-26.06
MOLOWVOL,36.87,2026-06-29,0.3,1.71,1.65,5.83,-4.83,-4.08
NETF,260.31,2026-06-29,-0.31,0.65,1.64,4.72,-7.31,-5.38
NIFTYBEES,272.16,2026-06-29,-0.55,0.57,1.64,5.13,-7.16,-5.49
GENUSPOWER,318.45,2026-06-29,-1.44,-0.7,1.64,41.31,8.54,-14.16
PYRAMID,165.81,2026-06-29,-4.84,-1.31,1.62,17.91,2.04,-7.72
HDFCBSE500,37.01,2026-06-29,-4.54,0.76,1.62,9.46,-2.76,-1.49
MUFTI,86.91,2026-06-29,-4.56,-2.13,1.61,26.56,-10.91,-46.34
NITTAGELA,1652.8,2026-06-29,2.42,11.8,1.61,,,
IMPAL,1097.6,2026-06-29,-0.16,0.27,1.61,13.0,6.45,-1.59
SHREMINVIT,101.5,2026-06-25,0.1,-0.49,1.6,5.19,9.95,12.79
CONCOR,471.0,2026-06-29,-0.56,2.54,1.59,7.49,-8.81,-21.01
CELLO,374.05,2026-06-29,-3.89,-1.79,1.58,-4.94,-30.84,-37.67
M&M,3093.0,2026-06-29,0.97,-1.32,1.56,1.7,-13.89,-2.67
QNIFTY,263.38,2026-06-29,-0.56,0.6,1.55,5.2,-90.73,-90.54
LANCORHOL,24.96,2026-06-29,-0.4,-3.74,1.55,23.87,-0.2,10.98
SURAJLTD,227.85,2026-06-29,-0.76,-1.3,1.55,4.46,-9.34,-42.33
TOP15IETF,9.8,2026-06-29,0.0,0.2,1.55,4.03,-10.75,
NIBL,30.2,2026-06-29,-1.95,-2.14,1.55,12.9,4.57,8.48
ARCHIDPLY,80.34,2026-06-29,-1.7,-1.59,1.55,18.13,-9.74,-25.9
GATEWAY,56.87,2026-06-29,-9.14,-5.22,1.55,5.31,-1.75,-9.17
SAROJA,33.0,2026-06-26,0.0,2.17,1.54,12.44,-17.5,-9.59
PSB,24.35,2026-06-29,-2.87,1.42,1.54,11.04,-8.9,-23.96
JTEKTINDIA,133.44,2026-06-29,-2.17,1.22,1.54,10.45,-4.22,-4.12
MARINE,273.0,2026-06-29,1.15,10.68,1.51,69.14,29.91,28.65
HERANBA,180.57,2026-06-29,-6.03,-4.75,1.5,8.25,-25.75,-40.5
ZEAL,68.0,2026-06-25,0.29,0.67,1.49,4.37,-29.53,-49.44
POCL,1304.4,2026-06-29,-4.85,1.46,1.49,21.55,-10.41,54.22
ESG,40.97,2026-06-29,-0.73,0.52,1.49,6.11,-7.2,-5.79
SINCLAIR,75.78,2026-06-29,-4.05,0.01,1.49,2.31,-8.81,-14.14
MAMATA,414.95,2026-06-29,8.5,14.98,1.48,29.43,-1.88,5.12
MAHEPC,118.66,2026-06-29,-1.1,4.92,1.47,18.22,-6.23,-16.38
MOALPHA50,53.43,2026-06-29,-0.96,1.39,1.46,15.8,6.31,
ABGSEC,113.68,2026-06-29,0.67,1.15,1.45,1.69,2.28,3.81
MOM50,249.9,2026-06-29,-0.62,0.58,1.45,5.1,-7.24,-5.24
HINDCOMPOS,416.1,2026-06-29,-1.81,-0.76,1.45,15.99,-6.33,-14.83
HIRECT,1130.0,2026-06-29,-1.39,-0.49,1.44,57.51,51.41,79.36
INDBANK,33.42,2026-06-29,-1.15,-1.01,1.43,8.3,-4.21,-4.32
INTELLECT,727.1,2026-06-29,-3.34,-4.15,1.43,15.42,-27.11,-36.29
IKS,1699.6,2026-06-29,0.56,1.46,1.43,25.45,2.28,5.0
GMBREW,941.5,2026-06-29,2.53,3.03,1.41,-6.83,-19.19,30.3
BANKA,90.0,2026-06-29,1.12,0.0,1.41,107.09,40.19,25.24
MAXIND,162.4,2026-06-29,-2.86,2.38,1.4,23.78,-13.05,-14.22
SALZERELEC,628.35,2026-06-29,-6.66,-1.78,1.4,21.82,-7.62,-30.51
TOP10ADD,87.58,2026-06-29,-0.7,-0.49,1.4,3.06,-13.42,-13.24
GARUDA,176.39,2026-06-29,3.11,3.76,1.39,22.87,-8.34,41.02
AONETOTAL,11.7,2026-06-29,-1.02,0.78,1.39,10.17,-2.01,-1.87
HDFCNIF100,25.71,2026-06-29,-1.27,-0.16,1.38,6.55,-5.76,-4.14
CHEMCON,188.99,2026-06-29,-3.67,-2.96,1.36,45.65,-1.75,-3.19
TRANSWORLD,163.72,2026-06-29,-5.58,-6.49,1.36,32.29,-19.96,-39.48
KFINTECH,869.3,2026-06-29,-3.92,2.57,1.35,-4.85,-20.71,-35.0
LOWVOLIETF,21.71,2026-06-29,-0.5,0.65,1.35,5.54,-5.98,-1.68
AONENIFTY,9.85,2026-06-29,-0.71,0.41,1.34,5.12,-7.51,-5.79
NIVABUPA,84.62,2026-06-29,-2.51,1.48,1.34,21.01,12.89,3.42
IL&FSTRANS,2.28,2026-06-29,-11.63,-6.56,1.33,18.13,-17.99,-44.12
NIF100BEES,264.44,2026-06-29,-0.4,0.76,1.32,5.82,-0.4,-0.4
ITC,290.7,2026-06-29,-0.19,0.97,1.32,1.33,-24.27,-27.18
ESCORTS,2897.2,2026-06-29,-1.8,3.43,1.31,1.93,-21.77,-12.39
BALKRISHNA,18.57,2026-06-29,-3.38,1.48,1.31,37.15,1.42,-12.45
NEOGEN,1882.3,2026-06-29,-1.7,-8.82,1.3,59.57,61.82,16.11
GLOTTIS,66.72,2026-06-29,0.11,-0.89,1.29,70.73,11.85,
LINDEINDIA,7297.0,2026-06-29,-1.58,5.14,1.28,2.51,22.67,10.12
PAYTM,1133.1,2026-06-29,4.02,1.04,1.28,12.32,-13.44,23.25
CARRARO,550.4,2026-06-29,-5.33,4.01,1.26,17.77,3.74,27.78
SHANKARA,122.55,2026-06-29,-1.36,8.88,1.26,13.29,12.6,-87.92
KALAMANDIR,111.1,2026-06-29,0.68,5.23,1.25,16.92,-29.15,-20.86
PRUDMOULI,15.4,2026-06-29,-5.81,0.0,1.25,29.96,-29.13,-59.51
HOLMARC,105.0,2026-06-25,3.3,1.45,1.25,57.89,-0.76,-18.32
WORTHPERI,131.91,2026-06-29,-0.16,1.49,1.24,11.85,-5.74,-9.7
WAAREEINDO,393.55,2026-06-29,-6.44,0.92,1.23,2.07,-27.41,69.47
RSL,128.62,2026-06-29,-1.0,-1.65,1.23,24.9,,
ANTGRAPHIC,0.82,2026-06-29,2.5,3.8,1.23,17.14,-19.61,-39.26
AGIIL,366.25,2026-06-29,-0.04,-3.63,1.23,24.34,43.26,84.47
MOMENTUM30,30.94,2026-06-29,-1.15,-0.96,1.21,9.56,-0.32,
ESCONET,129.55,2026-06-25,9.42,14.19,1.21,28.14,-12.2,-35.63
AMIRCHAND,127.49,2026-06-29,-3.62,-1.26,1.21,,,
EVINDIA,31.2,2026-06-29,-0.95,-0.54,1.2,15.04,-0.1,5.73
COOLCAPS,25.4,2026-06-25,-5.93,-5.93,1.2,-12.86,-63.58,-96.88
GTL,7.6,2026-06-29,-7.32,-11.11,1.2,31.94,-5.59,-30.91
MCCHRLS-B,690.0,2026-06-29,-0.38,3.12,1.17,,,
JAINAM,255.0,2026-06-26,0.0,-0.12,1.17,47.4,7.94,-5.08
SUPREMEPWR,256.8,2026-06-25,0.35,6.25,1.16,53.41,28.53,17.42
APOLSINHOT,1254.1,2026-06-29,-6.59,-1.96,1.15,27.92,2.29,-2.33
CONTROLPR,617.35,2026-06-29,-4.12,-0.01,1.15,8.33,-10.04,-20.5
AXISBPSETF,13.33,2026-04-29,0.0,0.23,1.14,1.76,2.54,5.88
VENTIVE,628.8,2026-06-29,-3.11,-3.79,1.13,7.31,-12.68,-8.69
DBEIL,8.32,2026-06-29,-7.14,0.62,1.13,39.2,-28.83,-42.73
NAVA,599.15,2026-06-29,-3.69,-0.75,1.11,8.93,8.27,0.62
RCF,129.88,2026-06-29,-5.18,0.83,1.1,15.88,-8.64,-16.37
REGENCERAM,41.89,2026-06-29,0.29,2.7,1.06,3.71,-10.87,-0.26
HECPROJECT,126.83,2026-06-29,-9.04,4.28,1.05,19.9,5.67,-27.86
CASTROLIND,185.1,2026-06-29,-0.64,-0.24,1.03,5.72,0.14,-10.78
ASKAUTOLTD,460.6,2026-06-29,-1.58,1.9,1.02,4.98,-2.39,-11.76
ORCHASP,1.98,2026-06-29,8.2,3.13,1.02,-4.35,-32.19,-31.49
ALPHAETF,26.25,2026-06-29,-1.35,0.57,1.0,15.54,5.89,1.51
SKFINDIA,1655.7,2026-06-29,-0.11,0.29,0.97,9.77,-6.77,-64.09
TANLA,530.35,2026-06-29,1.6,1.66,0.94,34.6,0.9,-16.23
SBCL,746.95,2026-06-29,0.45,2.92,0.94,98.5,75.19,34.96
KAVDEFENCE,64.29,2026-06-29,-5.68,3.48,0.93,17.94,-11.45,33.0
CANFINHOME,837.3,2026-06-29,-6.17,-3.14,0.92,1.88,-7.04,7.7
HDFCMID150,23.03,2026-06-29,-1.37,0.61,0.92,13.84,3.18,4.54
HAL,4342.8,2026-06-29,-3.82,1.36,0.91,21.02,0.1,-10.3
BPCL,300.8,2026-06-29,-2.53,-3.16,0.91,6.4,-16.77,-3.76
BIRET,322.75,2026-06-25,0.21,1.06,0.91,-0.57,0.1,10.5
HINDUNILVR,2151.3,2026-06-29,-0.54,0.79,0.91,4.76,-5.24,-5.06
MSCIADD,29.25,2026-06-29,-1.42,0.48,0.9,8.01,,
ADANIENT,2962.5,2026-06-29,-3.17,0.68,0.9,62.58,34.52,12.0
MANYAVAR,411.95,2026-06-29,-1.29,0.07,0.88,17.67,-29.31,-48.22
GRSE,2677.8,2026-06-29,-6.39,0.32,0.87,29.46,8.13,-11.08
GLOBECIVIL,42.95,2026-06-29,-4.26,3.29,0.85,15.02,-27.58,
ASAL,508.45,2026-06-29,-5.74,0.85,0.85,27.82,6.82,-11.09
BAJAJELEC,317.1,2026-06-29,-3.98,-1.05,0.84,-9.71,-34.44,-53.51
ZTECH,617.2,2026-06-25,4.29,0.64,0.84,17.45,-3.32,4.74
EVIETF,31.1,2026-06-29,-1.49,-0.64,0.84,11.43,-0.29,5.28
INFRAIETF,96.66,2026-06-29,-1.36,0.1,0.83,9.78,-0.96,0.02
KHAICHEM,55.53,2026-06-29,-2.42,-2.9,0.82,20.35,-28.58,-36.8
ALUWIND,49.35,2026-06-25,-1.2,-2.66,0.82,-11.88,-29.5,-39.07
DIAMONDYD,1115.9,2026-06-29,0.85,-0.01,0.82,19.76,-4.94,8.25
KOTHARIPET,124.13,2026-06-29,0.84,2.06,0.81,25.28,-2.8,-30.73
E2E,395.4,2026-06-29,-11.56,5.75,0.81,85.16,102.23,51.08
FABTECH,156.63,2026-06-29,-0.25,7.31,0.8,1.88,-21.7,
ARVINDFASN,465.05,2026-06-29,-2.91,0.74,0.8,21.6,-9.3,-3.35
ROSSARI,523.0,2026-06-29,-5.03,2.25,0.8,31.41,-8.57,-23.35
GROWWNXT50,71.92,2026-06-29,-1.34,0.11,0.78,15.16,4.82,
FINIETF,32.12,2026-06-29,-1.14,0.56,0.78,13.06,-0.77,2.42
UNIECOM,87.45,2026-06-29,-2.12,-4.55,0.77,3.93,-23.32,-29.01
SHANTIGOLD,222.66,2026-06-29,3.38,-3.07,0.77,36.12,17.46,
CANHLIFE,139.1,2026-06-29,-2.98,-0.58,0.77,-1.8,-7.35,
DRAGARWQ,5004.0,2026-06-29,-0.6,0.07,0.76,,,
IRBINVIT,60.98,2026-06-25,-0.31,0.98,0.76,5.7,3.89,8.81
NEXTMEDIA,3.98,2026-06-29,-1.97,0.51,0.76,3.65,-33.56,-42.9
EUREKAFORB,443.6,2026-06-29,-6.66,-3.0,0.76,-3.99,-27.79,-26.29
TECHNOE,1087.3,2026-06-29,-0.62,0.69,0.75,5.37,1.28,-31.26
VEEDOL,1448.7,2026-06-29,-2.05,0.79,0.75,13.11,-10.21,-9.84
VETO,124.92,2026-06-29,-6.29,-13.16,0.74,38.58,11.3,0.6
MONARCH,338.5,2026-06-29,-4.55,0.06,0.74,39.59,12.05,-0.49
BPL,54.73,2026-06-29,-8.52,4.31,0.74,29.48,-7.83,-40.86
METROGLOBL,129.03,2026-06-29,0.81,-2.36,0.73,,,
MOLDTKPAC,707.75,2026-06-29,2.37,1.72,0.73,47.1,17.44,4.33
KLBRENG-B,487.75,2026-06-29,-1.87,3.44,0.72,,,
HIGREEN,141.8,2026-06-25,-5.15,8.45,0.71,21.35,-10.0,-32.51
EBBETF0425,1290.83,2025-04-08,0.02,0.23,0.7,1.9,3.85,7.57
RATNAMANI,2570.2,2026-06-29,-6.61,-0.71,0.69,16.24,9.46,-9.22
HGS,415.75,2026-06-29,-4.07,-3.0,0.69,17.05,-5.76,-23.84
LOWVOL1,20.59,2026-06-29,-0.72,0.39,0.68,4.89,-6.15,-1.72
ELM250,16.37,2026-06-29,-1.5,0.12,0.68,9.5,-2.15,
MOMENTUM,31.81,2026-06-29,0.44,0.92,0.66,12.56,1.08,-1.27
JUNIORBEES,772.96,2026-06-29,-1.76,-0.06,0.66,15.18,4.65,5.32
BHARTIARTL,1841.1,2026-06-29,-3.94,-0.01,0.66,-0.15,-11.55,-8.42
MSCIINDIA,29.5,2026-06-29,-1.04,0.03,0.65,7.59,-4.35,-2.86
NEXT50BETA,77.09,2026-06-29,-1.9,0.77,0.65,15.25,4.74,
SIMPLEXINF,252.3,2026-06-29,-4.83,-1.96,0.65,62.6,0.26,-7.97
KISSHT,274.2,2026-06-29,-7.24,1.24,0.64,,,
TOUCHWOOD,70.69,2026-06-29,-4.61,0.99,0.64,2.32,-32.73,-41.75
NAVNETEDUL,141.13,2026-06-29,0.74,-3.27,0.64,13.59,-1.16,1.46
KRISHIVAL,401.45,2026-06-29,-0.8,-0.93,0.64,26.94,16.31,2.07
MODIS,337.55,2026-06-29,-2.53,-1.93,0.64,11.94,0.01,
APTECHT,103.4,2026-06-29,-4.59,-11.76,0.61,47.02,16.0,-31.8
NEXT50IETF,75.45,2026-06-29,-1.69,-0.04,0.61,15.21,4.53,5.26
AARNAV,24.62,2026-06-29,0.78,-0.28,0.61,7.94,,
GROWWMC150,228.02,2026-06-29,-0.92,0.97,0.61,13.88,3.16,
NEXT50ETF,71.79,2026-06-29,-1.78,0.35,0.59,14.57,,
AMJLAND,37.24,2026-06-29,-4.54,-1.64,0.59,6.58,-25.89,-42.26
NEXT50,737.3,2026-06-29,-1.85,-0.12,0.58,15.57,4.58,5.19
SBINEQWETF,32.99,2026-06-29,-0.6,0.55,0.58,8.2,-1.29,2.39
MIDCAPADD,22.74,2026-06-29,-1.52,0.4,0.57,14.79,2.99,
TVVISION,5.25,2026-06-29,0.96,-1.87,0.57,2.14,-39.79,-25.43
AWHCL,470.5,2026-06-29,-3.0,3.85,0.57,17.45,-5.27,-28.3
MIDCAPETF,23.17,2026-06-29,-1.61,0.3,0.56,13.63,2.89,4.37
MIDCAPBETA,229.53,2026-06-29,-1.32,0.59,0.56,13.62,2.6,
VASCONEQ,34.06,2026-06-29,-5.28,-0.5,0.56,14.56,-23.25,-36.23
SUPRAJIT,459.35,2026-06-29,-3.54,-1.92,0.56,10.83,-2.0,-2.37
INDIAGLYCO,980.4,2026-06-29,2.55,0.15,0.55,10.8,-2.16,-2.81
INFRABEES,971.11,2026-06-29,-1.43,0.53,0.55,6.6,-0.93,-0.12
NETWORK18,31.4,2026-06-29,-7.97,-3.5,0.54,9.26,-26.72,-46.67
KAYNES,3150.6,2026-06-29,-4.05,2.22,0.54,-12.79,-21.0,-46.3
TARACHAND,56.33,2026-06-29,-1.9,-0.65,0.52,3.23,-26.4,-8.53
AUTOIETF,27.3,2026-06-29,-0.62,-1.73,0.52,8.9,-3.5,11.38
AUTOBEES,272.69,2026-06-29,-0.9,-1.8,0.51,8.88,-3.55,11.23
MRF,124050.0,2026-06-29,-5.71,-3.49,0.51,-4.26,-16.61,-13.25
MIDCAPIETF,23.46,2026-06-29,-1.59,0.34,0.51,13.94,2.8,4.45
MIDQ50ADD,246.57,2026-06-29,-2.27,0.1,0.51,12.96,0.42,-3.38
DICIND,501.8,2026-06-29,-6.88,-3.26,0.5,2.27,6.31,-22.51
SWARAJ,266.8,2026-06-25,7.04,3.57,0.49,-4.87,7.6,29.11
ORKLAINDIA,616.85,2026-06-29,1.21,-0.53,0.49,4.25,-1.16,
MID150BEES,234.25,2026-06-29,-1.67,0.24,0.49,13.99,2.84,4.11
ABSLMSCIN,29.13,2026-06-29,-16.27,2.17,0.48,7.06,,
ERIS,1405.7,2026-06-29,-2.15,1.54,0.48,5.4,-7.38,-15.67
AHLADA,39.56,2026-06-29,-1.71,-3.21,0.48,10.63,-19.41,-40.97
NILASPACES,12.66,2026-06-29,-2.39,-3.43,0.48,3.94,-20.97,5.94
NH,1902.9,2026-06-29,-0.11,1.63,0.47,16.35,2.38,-15.72
HDFCLOWVOL,20.19,2026-06-29,-0.49,0.3,0.45,5.38,-6.01,-1.7
CRAMC,246.91,2026-06-29,-2.87,-3.92,0.45,6.5,-20.59,
EQUAL200,13.5,2026-06-29,-1.68,0.15,0.45,11.4,1.05,2.28
MID150CASE,11.37,2026-06-29,-1.73,0.26,0.44,13.81,2.99,4.99
INFRA,12.25,2026-06-29,-2.23,1.07,0.41,17.0,,
PARKHOSPS,289.7,2026-06-29,0.16,6.31,0.4,44.85,94.6,
LIQUIDPLUS,1092.01,2026-06-29,0.1,0.2,0.4,1.25,2.44,5.11
LIQUIDCASE,114.76,2026-06-29,0.1,0.2,0.4,1.24,2.42,5.04
ELIQUID,1037.08,2026-06-29,0.1,0.19,0.4,1.25,2.45,
VILAS,386.8,2026-06-25,-4.26,-1.29,0.4,0.3,-5.87,-34.06
LIQUID1,1111.1,2026-06-29,0.1,0.19,0.4,1.25,2.46,5.12
KANCHI,365.95,2026-06-29,-8.43,2.15,0.4,,,
LIQUIDADD,1133.25,2026-06-29,0.1,0.19,0.39,1.23,2.41,5.01
SUZLON,57.21,2026-06-29,-3.54,2.95,0.39,40.15,8.5,-15.02
SBILIQETF,1045.14,2026-06-29,0.1,0.19,0.39,1.23,2.42,
CASHIETF,1068.54,2026-06-29,0.1,0.19,0.39,1.24,2.44,5.08
FISCHER,38.29,2026-06-29,9.03,7.07,0.39,-1.21,-8.18,
AONELIQUID,1065.89,2026-06-29,0.1,0.19,0.39,1.25,2.44,5.1
HDFCLIQUID,1067.01,2026-06-29,0.09,0.19,0.39,1.24,2.39,6.45
KUANTUM,75.87,2026-06-29,0.3,0.3,0.38,10.78,-15.91,-31.61
LIQUIDBETF,1087.93,2026-06-29,0.09,0.19,0.38,1.22,2.36,4.93
GROWWLIQID,109.68,2026-06-29,0.09,0.18,0.38,1.17,2.28,4.82
SETFNN50,766.01,2026-06-29,-1.79,-0.07,0.37,15.13,4.6,5.27
LIQGRWBEES,1045.43,2026-06-29,0.09,0.18,0.37,1.18,2.31,
VRLLOG,234.56,2026-06-29,-2.34,-1.43,0.37,-4.65,-10.35,-15.31
LIQUIDSHRI,1110.71,2026-06-29,0.09,0.18,0.37,1.18,2.31,4.85
ENTERO,1200.1,2026-06-29,9.69,6.92,0.36,-3.08,26.43,6.07
ELLEN,261.7,2026-06-29,-8.64,-6.32,0.36,25.29,-22.84,
MADHAVIPL,8.53,2026-06-29,-5.43,-8.77,0.35,,,
ARVSMART,596.15,2026-06-29,-2.62,0.25,0.35,15.39,-0.95,-9.54
OMNI,499.4,2026-06-29,0.04,2.73,0.35,102.31,,
GILLANDERS,92.78,2026-06-29,4.06,1.24,0.35,14.78,-9.04,-32.75
JAYKAY,173.52,2026-06-29,-7.73,3.5,0.34,36.17,-10.8,
PNBHOUSING,1034.0,2026-06-29,2.34,1.64,0.34,30.12,10.85,-6.13
BTML,6.08,2026-06-29,0.16,-6.61,0.33,1.16,-21.85,-22.05
RADAAN,3.04,2026-06-29,-2.88,-1.62,0.33,19.22,-10.59,-28.64
PREMIER,3.01,2026-06-29,1.01,2.38,0.33,8.27,1.01,-16.62
DCW,47.17,2026-06-29,-6.94,-2.58,0.32,19.39,-17.78,-43.06
MINDSPACE,463.16,2026-06-25,-0.2,-0.01,0.32,1.19,1.21,20.88
AROGRANITE,25.79,2026-06-29,-2.35,0.98,0.31,28.18,-15.91,-35.23
ASIANPAINT,2656.9,2026-06-29,0.22,-2.17,0.31,21.41,-3.44,13.8
ABSLNN50ET,75.05,2026-06-29,-1.83,0.86,0.31,14.84,4.34,5.05
NIFTY100EW,34.51,2026-06-29,-3.06,0.55,0.29,11.11,0.73,3.88
MASFIN,309.85,2026-06-29,-2.44,-0.4,0.29,6.04,-0.47,0.13
INDUSINDBK,915.4,2026-06-29,-0.45,-1.75,0.28,15.69,9.2,6.9
RESPONIND,194.74,2026-06-29,-0.26,10.83,0.26,45.03,-4.88,-14.83
MICROPRO,19.25,2026-06-25,-3.02,-3.02,0.26,10.0,-3.75,-17.91
LLOYDSME,1805.7,2026-06-29,1.13,2.14,0.26,41.34,30.23,16.69
HDFCNEXT50,72.88,2026-06-29,-1.86,-0.42,0.25,15.33,4.52,4.8
BIRLAMONEY,138.42,2026-06-29,-4.54,1.21,0.25,35.11,-2.94,-29.73
ABSLLIQUID,999.99,2026-06-29,-0.0,-0.0,0.24,0.77,1.57,3.28
JINDWORLD,30.32,2026-06-29,-4.41,0.6,0.23,57.26,4.34,-45.62
BEL,411.6,2026-06-29,-4.61,0.5,0.21,1.69,5.11,-0.05
VIJAYA,1311.3,2026-06-29,-1.06,2.19,0.21,50.67,26.48,32.77
SUPRIYA,970.75,2026-06-29,4.66,1.63,0.21,65.22,33.03,41.15
UBL,1322.8,2026-06-29,-1.26,-1.97,0.21,-15.15,-18.35,-32.13
ARSSBL,533.7,2026-06-29,-4.92,-2.19,0.2,22.72,-12.45,
JUSTDIAL,525.6,2026-06-29,-4.28,-2.67,0.19,5.13,-27.39,-42.58
TORNTPOWER,1418.0,2026-06-29,-3.88,2.39,0.18,5.22,11.94,-2.41
SHALPAINTS,51.16,2026-06-29,-5.15,-2.72,0.18,30.61,-12.61,-46.71
GLOBALVECT,166.08,2026-06-29,3.47,5.92,0.18,13.33,-16.99,-32.6
LOWVOL,202.4,2026-06-29,-0.56,1.67,0.17,5.62,-5.85,-1.84
KOTIC,162.25,2026-06-29,-1.75,-4.19,0.17,,,
BAWEJA,29.9,2026-06-25,3.64,0.0,0.17,14.56,-25.62,-43.85
PAVNAIND,18.22,2026-06-29,-0.92,7.68,0.16,20.42,-24.05,-54.92
LODHA,939.55,2026-06-29,1.39,2.03,0.15,34.18,-11.75,-33.72
STANLEY,150.91,2026-06-29,0.17,6.27,0.15,15.02,-23.36,-56.86
METROBRAND,1025.8,2026-06-29,-1.75,2.12,0.15,12.65,-10.63,-9.34
SECMARK,125.67,2026-06-29,-1.05,1.98,0.14,28.85,8.35,-16.81
SUNREST,35.05,2026-06-26,3.39,3.39,0.14,-18.3,-18.49,-32.6
EQUAL50ADD,338.66,2026-06-29,-0.61,0.56,0.11,7.72,-1.17,2.19
AAATECH,94.19,2026-06-29,-1.01,-2.37,0.11,4.55,-2.74,16.37
KALYANIFRG,606.9,2026-06-29,-2.03,0.26,0.1,6.94,-1.16,-17.38
MUTHOOTCAP,199.13,2026-06-29,-5.53,-0.27,0.08,7.94,-28.24,-38.2
BIL,776.25,2026-06-29,6.79,9.64,0.08,10.88,7.36,11.8
FIEMIND,2244.8,2026-06-29,-2.85,-5.95,0.08,14.18,1.09,24.26
WEALTH,988.1,2026-06-29,0.6,0.64,0.07,13.84,7.84,-19.97
CHEMICAL,29.25,2026-06-29,-2.14,-0.81,0.07,14.48,0.93,
ANIKINDS,44.5,2026-06-29,-4.63,1.09,0.07,29.51,-14.72,-58.53
KAYA,244.53,2026-06-29,-5.11,-4.97,0.05,-2.13,-40.1,-43.28
SNXT50BETA,92.19,2026-06-29,-1.39,0.95,0.04,10.97,-0.82,
DPABHUSHAN,951.2,2026-06-29,2.97,2.56,0.03,-1.47,-33.62,-34.05
MONEXT50,71.42,2026-06-29,-2.22,0.46,0.03,15.68,4.63,4.89
EQUAL50,327.86,2026-06-29,-0.44,0.4,0.02,7.93,-1.31,1.92
AFSL,201.04,2026-06-29,0.02,0.01,0.02,-0.48,-0.27,-18.71
IKIO,152.35,2026-06-29,-6.76,-6.17,0.02,40.07,-14.18,-28.42
HUBTOWN,205.25,2026-06-29,2.21,7.09,0.02,13.16,-11.64,-20.51
EXIDEIND,386.55,2026-06-29,1.36,-2.1,0.01,28.49,6.81,0.03
SRIRAM,10.1,2026-06-26,0.0,0.0,0.0,0.0,0.0,0.0
AHIMSA,24.7,2026-06-26,0.0,0.0,0.0,0.0,-1.2,11.76
AJRINFRA,0.7,2026-06-26,0.0,0.0,0.0,0.0,0.0,0.0
GOENKA,0.82,2026-06-26,0.0,0.0,0.0,0.0,0.0,-10.87
3IINFOLTD,17.24,2026-06-29,-1.03,-2.93,0.0,27.7,3.42,-31.67
LIQUID,999.99,2026-06-29,0.0,0.0,0.0,0.4,1.57,4.08
LIQUIDIETF,999.99,2026-06-29,0.0,0.0,0.0,0.0,0.0,0.0
LIQUIDBEES,1000.0,2026-06-29,0.0,0.0,0.0,0.0,0.0,1.31
LIQUIDETF,999.99,2026-06-29,0.0,-0.0,0.0,0.38,1.45,3.77
GANGOTRI,0.61,2026-06-26,0.0,0.0,0.0,0.0,0.0,-7.58
WATERBASE,74.9,2023-12-06,0.0,0.0,0.0,-13.41,-1.45,-5.79
FIVECORE,31.7,2026-06-26,0.0,0.0,0.0,0.0,0.0,0.0
VERA,69.0,2026-06-26,0.0,0.0,0.0,0.0,-1.29,1.47
SHAIVAL,33.0,2026-06-26,0.0,0.0,0.0,0.0,8.2,8.2
SECURCRED,1.56,2026-06-26,0.0,0.0,0.0,0.0,0.0,0.0
SAHAJ,3.85,2026-06-26,0.0,0.0,0.0,-4.94,-34.19,-65.32
MARSHALL,3.64,2026-06-26,0.0,0.0,0.0,0.0,-4.96,-66.64
MBECL,65.4,2026-06-26,0.0,0.0,0.0,0.0,0.0,0.0
AVSL,119.7,2026-06-26,0.0,0.0,0.0,0.0,-5.0,-7.35
HERCULES,159.32,2026-06-26,0.0,0.0,0.0,0.0,1.74,-13.65
ECAPINSURE,24.24,2026-06-29,-2.57,0.96,0.0,10.74,1.13,1.72
BRIGHT,2.8,2026-06-26,0.0,0.0,0.0,0.0,0.0,0.0
BBL,2784.5,2026-06-29,-3.97,-0.29,0.0,30.43,4.24,-8.1
JINDCOT,2.5,2024-11-08,0.0,0.0,0.0,0.0,0.0,0.0
INDLMETER,23.69,2026-06-26,0.0,0.0,0.0,0.0,0.0,0.0
PODDARHOUS,43.37,2026-06-26,0.0,0.0,0.0,0.0,0.0,0.0
PERFECT,8.1,2026-06-26,0.0,0.0,0.0,0.0,0.0,-34.94
KTL,4.85,2026-06-26,0.0,0.0,0.0,0.0,0.0,-43.27
RMCL,200.0,2026-06-26,0.0,0.0,0.0,0.0,0.0,0.0
ANDREWYU,31.35,2023-12-06,0.0,0.0,0.0,-0.32,29.31,21.31
SITINET,0.34,2026-06-29,0.0,-5.56,0.0,13.33,-8.11,-30.61
SIIL,26.0,2026-06-26,0.0,0.0,0.0,0.0,0.0,0.0
APLAB,32.5,2026-06-26,0.0,0.0,0.0,0.0,0.0,0.0
ALPSINDUS,34.3,2026-06-26,0.0,0.0,0.0,0.0,-7.3,27.51
SUULD,1.57,2026-06-26,0.0,0.0,0.0,0.0,4.67,-45.49
DSKULKARNI,13.55,2026-06-26,0.0,0.0,0.0,0.0,0.0,0.0
TECHIN,14.0,2026-06-26,0.0,0.0,0.0,0.0,0.0,0.0
TRANSWIND,13.2,2026-06-26,0.0,0.0,0.0,-35.61,-37.14,-13.16
LIQUIDSBI,1000.01,2026-06-29,0.0,0.0,0.0,0.42,1.55,3.53
LRRPL,92.0,2026-06-26,-1.08,2.28,0.0,24.49,21.05,25.26
BKMINDST,45.0,2026-06-26,0.0,0.0,0.0,0.0,0.0,0.0
OPAL,43.0,2026-06-26,0.0,0.0,0.0,0.0,0.0,0.0
MINDPOOL,71.1,2026-06-26,0.0,0.0,0.0,0.0,0.0,26.96
MELSTAR,4.25,2026-06-26,0.0,0.0,0.0,0.0,0.0,0.0
JAKHARIA,60.5,2026-06-26,0.0,0.0,0.0,0.0,0.0,-30.1
DESTINY,105.9,2026-06-26,0.0,0.0,0.0,-14.22,-11.23,14.8
BURNPUR,33.0,2026-06-26,0.0,0.0,0.0,0.0,0.0,0.0
JFLLIFE,9.05,2026-06-26,0.0,-4.23,0.0,-2.69,-35.36,-39.87
KALYANI,138.09,2026-06-26,0.0,0.0,0.0,0.0,0.0,
OMKARCHEM,3.41,2026-06-26,0.0,0.0,0.0,-7.84,-44.37,-48.88
CADSYS,70.45,2026-06-26,0.0,0.0,0.0,56.73,66.35,-6.69
PARASPETRO,2.02,2026-06-29,-6.48,4.66,0.0,-21.09,13.48,-23.77
SHANTIGEAR,440.45,2026-06-29,-1.44,-1.54,-0.02,2.32,-5.97,-9.57
GROWWCHEM,29.24,2026-06-29,-2.53,-0.41,-0.03,14.26,,
INDRAMEDCO,380.15,2026-06-29,-3.65,-1.5,-0.05,-1.32,-14.7,-14.6
SILINV,422.2,2026-06-29,-1.21,-0.06,-0.05,7.57,-18.38,-30.43
MIDCAP,17.94,2026-06-29,-1.27,0.28,-0.06,15.89,-88.76,-88.76
MMP,273.3,2026-06-29,-5.77,2.4,-0.07,35.59,7.92,-3.45
NV20IETF,13.74,2026-06-29,-0.65,-0.87,-0.07,1.48,-9.07,-6.78
ANANTRAJ,513.75,2026-06-29,-3.48,-4.38,-0.08,17.48,-4.08,-7.15
ZUARIIND,254.7,2026-06-29,-6.58,1.21,-0.08,16.92,-19.26,-10.46
MASON,126.0,2026-06-25,-0.08,-10.0,-0.08,-6.67,-34.03,-23.08
MOM100,66.41,2026-06-29,-2.02,-0.08,-0.08,13.75,2.85,4.14
FMCGIETF,52.6,2026-06-29,-0.32,-0.09,-0.09,5.88,-10.68,-10.36
SANDHAR,674.05,2026-06-29,-5.4,-4.67,-0.1,45.68,23.22,24.94
SDL26BEES,136.94,2026-04-27,-0.44,-0.33,-0.1,1.29,2.15,5.7
INDIANB,814.7,2026-06-29,-5.39,-4.11,-0.11,-4.55,6.07,32.75
PVRINOX,961.4,2026-06-29,-1.81,1.86,-0.12,2.49,-5.26,-0.7
MANUFGBEES,158.73,2026-06-29,-1.73,-0.71,-0.13,10.85,4.5,
BIOFILCHEM,35.04,2026-06-29,-0.82,-2.31,-0.14,26.36,5.51,-25.67
ARIES,336.0,2026-06-29,1.04,0.09,-0.15,-0.99,4.27,3.75
HEXATRADEX,162.0,2026-06-29,-2.12,-2.15,-0.15,4.07,1.07,-13.04
GLOBUSSPR,863.85,2026-06-29,-3.84,0.47,-0.16,4.75,-9.95,-9.17
PLATIND,221.84,2026-06-29,-4.64,-3.15,-0.16,13.63,-11.21,-19.46
GROWWCAPM,11.53,2026-06-29,-1.54,-0.26,-0.17,22.79,18.16,
NAMAN,48.9,2026-06-25,2.95,2.09,-0.2,-0.2,-24.07,-55.32
MAPMYINDIA,817.95,2026-06-29,-8.14,-5.3,-0.22,-3.04,-52.28,-52.89
ROML,46.0,2026-06-29,-1.37,0.7,-0.22,15.61,-8.42,-20.15
JISLDVREQS,23.59,2026-06-29,-3.48,2.39,-0.25,17.01,-14.31,-27.82
DGCONTENT,26.58,2026-06-29,-3.73,1.3,-0.26,14.27,-18.89,-41.19
MAKEINDIA,160.7,2026-06-29,-1.98,-0.89,-0.26,10.85,4.4,9.19
ACI,521.35,2026-06-29,-2.28,-3.26,-0.27,-13.9,-2.41,-16.68
GRAVISSHO,28.99,2026-06-29,-0.99,-0.38,-0.28,,,
JSL,683.15,2026-06-29,-3.62,-2.57,-0.28,-3.96,-13.97,-0.62
KTKBANK,268.6,2026-06-29,-2.06,-1.5,-0.28,16.96,34.21,33.01
LICNMID100,61.91,2026-06-29,-1.79,0.32,-0.29,13.55,2.7,4.42
ARVEE,164.75,2026-06-29,-4.13,-2.69,-0.29,22.76,-29.48,2.22
SHEETAL,295.6,2026-06-25,-0.3,1.58,-0.29,27.8,95.05,155.92
LOYALTEX,220.35,2026-06-29,5.94,8.01,-0.29,15.37,2.75,-23.66
NV20BEES,140.95,2026-06-29,-0.44,-0.77,-0.3,1.51,-8.74,48.03
SAPPHIRE,180.4,2026-06-29,-6.02,4.01,-0.3,13.3,-28.72,-44.97
3MINDIA,32710.0,2026-06-29,-1.85,3.3,-0.3,5.98,-4.68,16.13
GHCLTEXTIL,94.91,2026-06-29,0.04,5.46,-0.31,39.01,34.13,-0.37
SBIMIDMOM,63.26,2026-06-29,-2.33,-0.88,-0.33,12.48,,
SGMART,588.2,2026-06-29,-0.69,-0.99,-0.34,17.79,62.76,
MAHSEAMLES,619.4,2026-06-29,-3.62,-1.67,-0.35,9.95,12.39,-17.54
HDFCVALUE,126.56,2026-06-29,-0.75,-0.95,-0.35,1.34,-9.17,-6.81
BALMLAWRIE,182.91,2026-06-29,-0.2,3.2,-0.36,16.2,2.9,-9.12
CAMS,788.65,2026-06-29,-3.72,1.45,-0.36,23.71,7.44,-6.64
TBI,64.75,2026-06-25,-1.15,-2.48,-0.38,6.76,-31.73,-44.59
MAZDOCK,2446.8,2026-06-29,-3.73,0.26,-0.39,13.13,-3.27,-22.43
KSOLVES,284.1,2026-06-29,-3.2,-3.91,-0.4,8.75,3.19,-14.3
ATLASCYCLE,98.89,2026-06-29,-1.41,-1.81,-0.4,16.6,-6.77,-21.49
HDFCAMC,2606.6,2026-06-29,-3.1,-0.62,-0.4,15.11,0.62,3.47
SANDESH,1011.3,2026-06-29,1.17,5.9,-0.4,14.76,-4.55,-12.18
UGROCAP,97.21,2026-06-29,-3.06,-0.98,-0.43,8.01,-46.02,-44.1
BANCOINDIA,653.35,2026-06-29,-2.4,-4.96,-0.44,22.89,-2.52,13.47
CAPILLARY,509.4,2026-06-29,2.68,1.05,-0.44,-0.67,-24.97,
MOMGF,158.82,2026-06-29,-0.76,0.42,-0.44,11.17,4.87,10.01
MARC,87.8,2026-06-25,9.14,20.77,-0.45,35.91,24.19,
APOLLO,407.15,2026-06-29,-4.14,-3.44,-0.45,114.87,55.05,111.36
EKC,117.21,2026-06-29,-7.12,4.32,-0.46,18.49,2.12,-15.87
HGINFRA,580.9,2026-06-29,-0.6,0.99,-0.47,25.9,-23.6,-44.58
MIDSMALL,50.68,2026-06-29,-2.52,-0.61,-0.47,15.26,6.14,-0.86
DELTAMAGNT,61.63,2026-06-29,-0.58,3.75,-0.47,22.65,-9.37,-33.76
SHK,132.24,2026-06-29,-5.45,-1.55,-0.49,10.77,-25.59,-41.47
SHREECEM,25145.0,2026-06-29,0.6,1.29,-0.51,6.07,-4.3,-18.58
KAMATHOTEL,179.98,2026-06-29,2.77,5.53,-0.51,17.66,-23.27,-26.73
STYRENIX,2274.0,2026-06-29,-4.61,4.45,-0.52,24.58,15.29,-26.78
MADRASFERT,67.0,2026-06-29,-7.06,-2.97,-0.53,18.19,-15.3,-28.29
ELECTCAST,76.7,2026-06-29,-7.77,-1.91,-0.56,-4.41,-0.72,-41.53
VERANDA,233.57,2026-06-29,-2.29,-3.28,-0.56,68.62,31.47,18.64
UFLEX,418.65,2026-06-29,-0.63,-1.35,-0.56,17.14,-13.6,-30.29
HARRMALAYA,199.55,2026-06-29,-5.84,-3.72,-0.57,17.86,19.07,-7.33
GSFC,162.18,2026-06-29,-2.75,-1.66,-0.57,12.21,-9.75,-17.96
STARPAPER,136.65,2026-06-29,-1.36,-0.3,-0.57,8.02,-15.97,-21.69
EMBASSY,428.26,2026-06-25,0.46,-0.4,-0.58,1.19,3.78,14.83
NEXT50ADD,71.93,2026-06-29,-1.43,-0.08,-0.59,2.27,,
CANBK,125.86,2026-06-29,-6.65,-4.8,-0.6,-0.34,-13.85,17.15
MONTECARLO,551.35,2026-06-29,-2.78,-0.04,-0.6,12.52,-19.65,-6.18
BEML,1709.2,2026-06-29,-3.05,-3.91,-0.63,19.11,-7.82,-22.53
RADIOCITY,6.11,2026-06-29,-3.17,-0.16,-0.65,32.25,-8.67,-31.73
ISGEC,923.7,2026-06-29,-3.49,-0.17,-0.66,3.57,4.05,-23.33
BIMETAL,644.15,2026-06-29,1.37,0.4,-0.66,,,
BLKASHYAP,54.64,2026-06-29,-2.46,0.79,-0.67,17.45,0.02,-17.72
AEPL,16.06,2026-06-29,-2.55,-1.59,-0.68,8.44,,
VESUVIUS,465.05,2026-06-29,-0.96,2.29,-0.68,2.44,-2.31,-15.74
CROWN,111.83,2026-06-29,-2.46,-0.22,-0.68,-0.37,-14.74,-40.9
VSTL,115.26,2026-06-29,-1.91,-4.81,-0.69,9.52,-12.47,-26.82
FACT,869.6,2026-06-29,-4.04,-4.02,-0.69,10.29,-3.37,-10.39
PTC,181.89,2026-06-29,-4.24,-4.57,-0.69,11.49,14.48,6.83
TRF,237.03,2026-06-29,1.96,0.86,-0.7,2.19,-20.08,-38.23
IFBIND,1243.7,2026-06-29,-2.84,-1.91,-0.7,31.58,-20.87,-19.96
WINNY,41.25,2026-06-26,0.0,0.0,-0.72,-4.07,-46.95,-70.64
GODREJCP,1021.9,2026-06-29,0.24,-1.44,-0.72,1.81,-14.5,-11.57
BHEL,413.75,2026-06-29,0.55,8.07,-0.72,62.35,48.09,56.99
HOMESFY,111.0,2026-06-26,0.0,-5.61,-0.72,-14.48,-34.69,-61.15
BLIL,71.67,2026-06-29,-0.58,-0.25,-0.73,,,
OSWALSEEDS,10.92,2026-06-29,0.18,-0.73,-0.73,-2.15,-41.6,-22.61
IRMENERGY,262.8,2026-06-29,-5.79,-6.44,-0.74,49.27,-7.61,-11.76
UNIINFO,12.0,2026-06-29,0.08,7.62,-0.74,16.05,-19.08,-31.23
TVSHLTD,13454.0,2026-06-29,-1.72,-0.51,-0.75,-3.4,-2.33,22.99
HINDOILEXP,159.7,2026-06-29,-3.22,-0.91,-0.75,31.95,4.24,-6.0
IOC,139.18,2026-06-29,-3.6,-3.68,-0.76,1.03,-12.99,0.8
STAR,1103.4,2026-06-29,-1.15,1.67,-0.76,17.35,23.38,23.33
NUCLEUS,758.0,2026-06-29,-3.14,2.5,-0.78,0.93,-17.24,-34.77
KHAITANLTD,134.92,2026-06-29,5.28,6.19,-0.79,37.32,33.86,6.01
SYMPHONY,690.6,2026-06-29,-1.93,2.75,-0.8,-3.26,-18.89,-35.45
LFIC,144.21,2026-06-29,-3.63,-2.89,-0.8,21.48,-16.15,-32.57
V2RETAIL,228.16,2026-06-29,-4.35,-1.51,-0.81,15.64,-4.86,28.07
SPCENET,3.66,2026-06-29,-5.67,9.25,-0.81,12.24,-44.22,-48.16
NAUKRI,986.8,2026-06-29,0.23,0.44,-0.82,-0.46,-27.25,-34.14
ARMANFIN,1672.1,2026-06-29,3.02,0.81,-0.83,18.86,10.1,-4.18
SUVEN,277.0,2026-06-29,4.51,2.65,-0.84,112.77,69.61,15.09
DCXINDIA,194.23,2026-06-29,-5.5,4.7,-0.85,18.45,0.39,-28.97
MID150,22.99,2026-06-29,-1.92,0.39,-0.86,11.17,2.54,4.31
SCHAEFFLER,4092.2,2026-06-29,-5.29,1.26,-0.88,3.53,8.09,5.86
HEMIPROP,138.51,2026-06-29,-0.27,-1.81,-0.9,17.69,1.25,0.22
INDGN,516.85,2026-06-29,-4.54,0.63,-0.9,14.32,-1.02,-9.07
EXXARO,6.62,2026-06-29,-4.34,-3.92,-0.9,1.53,-16.52,-24.08
DCMSHRIRAM,1027.3,2026-06-29,-1.49,-1.98,-0.91,-7.64,-17.24,-12.24
DIGISPICE,19.56,2026-06-29,2.57,-3.65,-0.91,17.9,-16.66,-16.45
RKSWAMY,97.71,2026-06-29,-1.46,-3.64,-0.92,33.08,-9.7,-48.35
VGUARD,303.9,2026-06-29,-2.16,0.15,-0.93,-3.89,-7.19,-21.11
BIGBLOC,49.56,2026-06-29,0.67,-1.94,-0.94,17.41,-25.97,-24.09
JIOFIN,236.71,2026-06-29,-2.74,-1.17,-0.94,1.79,-19.47,-26.7
UNOMINDA,1091.3,2026-06-29,-2.27,-3.06,-0.94,4.22,-13.79,-1.44
ADVANIHOTR,52.82,2026-06-29,-1.68,0.15,-0.96,11.49,-5.24,-10.26
WAKEFIT,121.97,2026-06-29,-1.99,-2.1,-0.96,-20.44,-32.25,
BIRLACORPN,987.65,2026-06-29,-1.9,0.64,-0.97,13.3,-6.9,-25.63
MAJESAUT,332.7,2026-06-29,-2.59,-0.85,-0.97,,,
PFC,424.45,2026-06-29,-3.74,-0.01,-0.97,7.18,22.9,4.46
AMNPLST,187.62,2026-06-29,-4.23,-3.3,-1.0,33.82,-2.28,-24.02
EDUCOMP,0.98,2026-06-29,-1.01,3.16,-1.01,1.03,-14.04,-48.69
KOHINOOR,25.26,2026-06-29,-1.94,-1.17,-1.02,19.15,-3.22,-30.34
ALOKINDS,12.62,2026-06-29,-4.47,-0.55,-1.02,5.96,-21.47,-38.41
BAJAJINDEF,250.0,2026-06-29,-0.87,4.67,-1.03,19.58,-25.63,-45.4
PROSTARM,136.64,2026-06-29,-3.91,-4.53,-1.04,12.09,-21.0,-3.9
HARIOMPIPE,389.85,2026-06-29,-7.53,-9.14,-1.05,30.47,10.55,-2.9
GSTL,18.6,2026-06-25,-3.63,-5.34,-1.06,-48.19,26.53,63.16
RELIANCE,1301.0,2026-06-29,-1.92,-0.46,-1.07,-3.05,-15.44,-13.41
MOL,48.26,2026-06-29,-4.91,-2.72,-1.07,22.49,-23.77,-50.47
NIRAJISPAT,203.0,2026-06-25,1.77,4.19,-1.07,6.81,-5.42,-48.54
HINDPETRO,389.6,2026-06-29,-0.93,-3.0,-1.08,14.29,-17.83,-7.98
IIFLCAPS,337.65,2026-06-29,-2.29,-0.88,-1.1,30.82,3.11,-1.93
MBLINFRA,26.0,2026-06-29,-3.56,-4.97,-1.1,36.34,-20.85,-41.57
ADROITINFO,8.92,2026-06-29,-3.04,-3.57,-1.11,7.34,-12.46,-18.24
MAGNUM,19.4,2026-06-29,-2.76,-1.57,-1.12,13.25,-13.51,-25.9
INDIACEM,377.65,2026-06-29,-0.05,-4.23,-1.13,6.08,-15.71,10.36
MNC,33.22,2026-06-29,-1.54,0.03,-1.13,13.81,7.3,13.34
SNOWMAN,36.74,2026-06-29,-7.29,-4.6,-1.13,14.21,-5.0,-39.04
NILKAMAL,1264.7,2026-06-29,-1.85,-1.24,-1.13,12.25,-7.73,-27.98
JSWENERGY,586.25,2026-06-29,0.72,3.53,-1.14,21.34,24.85,12.58
BIKAJI,642.6,2026-06-29,-3.08,-2.57,-1.15,4.15,-15.29,-14.76
QUAL30IETF,20.57,2026-06-29,-0.77,-0.05,-1.15,7.58,-6.29,-4.77
LINCOLN,625.6,2026-06-29,1.41,-4.19,-1.16,7.12,32.36,11.16
MANAKALUCO,35.89,2026-06-29,-7.0,-13.25,-1.16,56.93,36.93,36.1
ADANIPORTS,1776.1,2026-06-29,-2.8,-1.59,-1.16,33.32,22.63,23.84
SBINMID150,22.73,2026-06-29,-1.64,1.16,-1.17,,,
IRCTC,503.85,2026-06-29,-3.43,-2.72,-1.18,-1.32,-27.54,-34.92
NDLVENTURE,130.15,2026-06-29,-1.89,0.39,-1.18,14.13,48.98,102.76
GODAVARIB,277.15,2026-06-29,-5.99,-2.55,-1.19,-8.43,-0.49,11.22
ALGOQUANT,55.76,2026-06-29,-4.19,-1.38,-1.2,9.63,,
MANGALAM,28.41,2026-06-29,-5.33,-3.96,-1.22,-0.14,13.82,-64.62
INDOAMIN,132.06,2026-06-29,-7.84,0.56,-1.23,45.1,0.25,-17.89
ICICIB22,118.99,2026-06-29,-1.86,-0.58,-1.24,3.13,2.28,7.2
ATULAUTO,474.85,2026-06-29,0.13,2.1,-1.25,18.49,9.69,4.26
INTLCONV,80.98,2026-06-29,-4.0,0.56,-1.26,28.03,-9.37,-13.35
SARDAEN,505.5,2026-06-29,-4.64,-3.37,-1.26,-0.59,-1.84,12.47
ULTRACEMCO,11336.0,2026-06-29,-0.58,-1.13,-1.27,2.6,-3.92,-6.59
GROWWLOVOL,10.07,2026-06-29,-1.56,-0.69,-1.27,2.34,-5.57,-1.38
JAGRAN,64.52,2026-06-29,-1.04,1.13,-1.27,21.14,4.4,3.37
PUNJABCHEM,1020.7,2026-06-29,-3.51,-1.31,-1.27,12.25,-19.09,-17.86
CORALFINAC,31.74,2026-06-29,-1.24,-1.67,-1.28,11.68,-21.16,-30.52
TAINWALCHM,195.2,2026-06-29,-2.31,-1.49,-1.29,14.54,-0.22,-9.97
TGBHOTELS,9.05,2026-06-29,-0.22,-0.11,-1.31,13.41,-7.27,-27.07
TENNIND,580.55,2026-06-29,-1.06,4.84,-1.32,9.16,15.88,
360ONE,1089.8,2026-06-29,-4.34,-3.63,-1.33,12.15,-6.36,-7.86
ICICIGI,1768.1,2026-06-29,-4.95,1.96,-1.34,1.59,-8.67,-11.73
TREEHOUSE,6.6,2026-06-29,-6.65,-6.38,-1.35,-15.49,-18.92,-18.01
MCX,2914.5,2026-06-29,1.54,0.65,-1.35,21.53,33.24,65.17
SHAHALLOYS,69.49,2026-06-29,-3.89,3.87,-1.35,20.12,3.27,10.14
MOMNC,32.11,2026-06-29,-1.35,-0.62,-1.35,16.13,6.32,
SAHYADRI,273.8,2026-06-29,-6.46,0.38,-1.35,25.71,8.35,-12.69
GRASIM,3080.2,2026-06-29,-2.99,-2.66,-1.35,17.2,8.37,8.05
SIDDHIKA,218.0,2026-06-25,5.31,8.03,-1.36,2.81,4.33,9.63
BAJAJFINSV,1759.3,2026-06-29,-1.28,0.52,-1.36,3.81,-12.56,-13.93
NCC,149.94,2026-06-29,-6.02,-1.77,-1.37,9.47,-6.35,-34.1
RKFORGE,558.65,2026-06-29,-5.4,-5.15,-1.37,14.67,9.1,-16.3
LAGNAM,76.45,2026-06-29,-6.47,-5.79,-1.37,20.09,1.45,-27.95
MONIFTY100,25.07,2026-06-29,-0.79,0.68,-1.38,6.95,-5.72,
EMAMIPAP,85.78,2026-06-29,-1.16,1.16,-1.41,40.35,-1.21,-7.43
LAOPALA,176.79,2026-06-29,-2.56,-1.3,-1.42,1.73,-13.08,-29.32
KIOCL,391.05,2026-06-29,-4.12,-2.86,-1.42,19.61,3.23,30.57
ITI,296.1,2026-06-29,-4.87,-1.87,-1.43,17.5,-5.26,-7.66
AKASH,26.89,2026-06-29,1.63,2.56,-1.43,14.82,7.52,-4.75
HDFCGROWTH,111.31,2026-06-29,-0.89,-1.62,-1.44,0.47,-13.54,-6.6
AVTNPL,71.16,2026-06-29,0.1,-1.85,-1.44,27.57,8.9,7.73
ROHLTD,332.05,2026-06-29,-3.46,0.65,-1.44,14.2,-19.7,-14.03
MIDHANI,414.6,2026-06-29,-6.15,-4.98,-1.44,44.43,18.62,-3.9
STEELCITY,76.55,2026-06-29,-2.79,0.03,-1.45,5.04,-13.23,-30.64
GIPCL,162.78,2026-06-29,-0.73,0.2,-1.45,29.38,4.11,-19.68
UTIAMC,926.9,2026-06-29,-1.03,-1.68,-1.47,-1.04,-16.55,-23.81
SHARDAMOTR,830.9,2026-06-29,0.05,3.34,-1.47,9.75,-11.24,-13.19
DWARKESH,43.49,2026-06-29,0.0,-2.99,-1.47,3.42,17.16,-11.54
POWERGRID,286.25,2026-06-29,-1.21,0.19,-1.48,-3.13,11.08,-1.22
ALKEM,5416.5,2026-06-29,0.92,1.55,-1.48,1.35,-0.81,11.47
AATMAJ,20.0,2026-06-26,0.0,3.36,-1.48,6.1,-18.53,1.78
PAR,87.77,2026-06-29,-7.29,-6.03,-1.48,8.98,-12.94,-8.07
CEINSYS,921.55,2026-06-29,-0.61,-1.04,-1.49,-6.13,,
ANURAS,1274.6,2026-06-29,-0.6,0.4,-1.49,3.31,-2.86,12.37
MOINFRA,62.58,2026-06-29,-1.91,0.71,-1.5,10.33,5.55,2.56
SYNGENE,434.15,2026-06-29,-1.81,-4.0,-1.5,4.76,-33.59,-32.25
DOLATALGO,72.17,2026-06-29,-6.37,-5.13,-1.5,7.96,-16.05,-27.68
THACKER,1183.5,2026-06-29,-0.4,-1.61,-1.51,,,
ALBERTDAVD,697.75,2026-06-29,-1.86,-3.27,-1.51,14.54,-5.7,-15.97
DIGITIDE,85.01,2026-06-29,-3.29,0.38,-1.51,10.5,-36.49,-57.88
SHREERAMA,42.2,2026-06-29,-3.17,0.0,-1.52,-15.04,-29.42,1.71
UGARSUGAR,40.79,2026-06-29,2.85,-0.58,-1.52,4.8,-5.97,-14.2
GANESHCP,193.55,2026-06-29,-3.77,-4.52,-1.53,16.29,-8.49,
FLEXIADD,9.64,2026-06-29,-1.83,-0.72,-1.53,5.47,-9.57,
MADHAV,35.94,2026-06-29,-6.26,-2.2,-1.53,21.01,-12.51,-24.42
SURANASOL,26.92,2026-06-29,-0.96,-0.99,-1.54,33.53,2.36,-22.53
HEADSUP,7.03,2026-06-29,0.14,1.01,-1.54,2.93,-22.23,-29.56
STEELXIND,12.6,2026-06-29,-4.76,2.02,-1.56,66.89,33.62,26.76
SARLAPOLY,97.45,2026-06-29,-0.28,-0.52,-1.57,33.0,10.0,-13.52
SARVESHWAR,3.75,2026-06-29,-4.82,4.17,-1.57,40.45,-12.18,-47.26
SAGCEM,175.44,2026-06-29,1.87,1.56,-1.58,9.92,-17.22,-26.66
HDFCLIFE,583.25,2026-06-29,-2.33,0.71,-1.59,-4.08,-21.58,-27.46
BAJEL,192.37,2026-06-29,-7.33,-3.57,-1.59,33.2,9.76,-19.8
ZSARACOM,9500.0,2026-06-29,1.82,-4.18,-1.6,,,
DAMCAPITAL,148.22,2026-06-29,-4.41,-3.48,-1.61,12.89,-29.14,-42.44
INDIAMART,1927.3,2026-06-29,-6.0,-3.21,-1.62,0.62,-9.84,-23.98
AZAD,1984.0,2026-06-29,-4.73,-6.5,-1.62,33.67,20.52,23.95
HYUNDAI,1892.6,2026-06-29,-4.84,-6.77,-1.63,4.18,-18.47,-12.81
MEDIASSIST,362.6,2026-06-29,-1.77,-3.72,-1.63,19.51,-19.4,-27.48
DIVISLAB,6557.5,2026-06-29,-3.39,-0.77,-1.64,9.34,2.61,-1.06
ACCURACY,5.4,2026-06-29,-4.59,-3.91,-1.64,52.11,-6.41,-38.29
INDIANCARD,225.12,2026-06-29,0.9,0.5,-1.64,38.31,-6.32,-28.53
AONETMMQ50,10.18,2026-06-29,-2.77,-0.59,-1.64,13.36,4.73,
KOLTEPATIL,360.6,2026-06-29,-4.32,-0.07,-1.65,13.29,-7.72,-21.4
PRAJIND,346.4,2026-06-29,1.42,2.8,-1.67,9.38,7.08,-29.84
OILIETF,11.19,2026-06-29,-2.19,-1.24,-1.67,2.29,-7.37,-6.05
BEEKAY,399.85,2026-06-29,-4.34,0.1,-1.68,,,
TAC,389.0,2026-06-25,-0.1,4.29,-1.68,-10.4,-49.4,-61.85
PLAZACABLE,46.02,2026-06-29,-4.38,-3.84,-1.69,51.63,13.66,-24.42
MTNL,29.68,2026-06-29,-7.28,-4.72,-1.69,28.93,-17.9,-42.85
AAKASH,8.71,2026-06-29,-5.33,-10.39,-1.69,5.96,2.23,-20.24
JOCIL,145.0,2026-06-29,-2.78,-5.25,-1.69,44.96,-2.49,-11.37
ICRA,5284.0,2026-06-29,0.77,2.52,-1.69,2.69,-14.75,-20.64
PATTECH,114.85,2026-06-26,0.0,0.0,-1.71,20.58,1.19,42.58
SKYGOLD,512.1,2026-06-29,1.07,-4.04,-1.71,55.84,55.09,58.28
SAIFL,5.7,2026-06-25,1.79,10.68,-1.72,-39.36,-60.14,-77.06
TOKYOPLAST,86.5,2026-06-29,2.35,1.8,-1.72,42.62,-21.95,-35.37
ABB,7128.0,2026-06-29,-1.79,2.97,-1.72,17.23,38.57,18.15
BALKRISIND,2167.6,2026-06-29,-3.62,-1.14,-1.72,0.8,-5.89,-11.46
SRM,507.05,2026-06-29,-1.75,2.6,-1.73,25.18,-5.36,6.39
NEXT30ADD,41.74,2026-06-29,-3.94,-0.67,-1.74,9.87,3.47,5.38
RUCHINFRA,6.18,2026-06-29,-2.83,-2.37,-1.75,32.9,-4.92,-19.64
INDOTHAI,223.12,2026-06-29,-1.13,-7.76,-1.75,-22.76,-32.07,24.44
HAVELLS,1156.1,2026-06-29,-2.13,-1.28,-1.76,-5.66,-17.65,-25.62
QUINT,40.52,2026-06-29,-7.43,-5.77,-1.77,,,
RAIN,184.74,2026-06-29,-4.15,-11.09,-1.77,69.22,26.52,25.14
ADANIENSOL,1486.4,2026-06-29,-3.44,-0.37,-1.78,55.48,48.74,68.2
BEACON,93.9,2026-06-25,1.19,6.7,-1.78,23.39,7.62,54.44
COLPAL,1999.2,2026-06-29,0.87,-2.84,-1.8,7.75,-2.29,-14.07
HEROMOTOCO,4813.6,2026-06-29,-3.41,-4.19,-1.82,-6.4,-11.83,15.31
ENERGYDEV,16.14,2026-06-29,-1.88,-3.47,-1.82,16.62,-14.56,-26.47
AARTIDRUGS,373.45,2026-06-29,-0.78,-0.52,-1.83,12.93,-9.31,-17.15
IPL,161.28,2026-06-29,-5.11,-0.8,-1.83,24.52,-11.15,-26.9
COUNCODOS,4.82,2026-06-29,0.21,-1.03,-1.83,20.2,-22.76,-32.02
FIRSTCRY,221.36,2026-06-29,0.0,1.23,-1.83,-1.08,-22.37,-43.36
RHFL,2.12,2026-06-29,-2.75,-4.5,-1.85,-17.51,-25.87,-65.7
VINEETLAB,33.34,2026-06-29,-4.09,-1.94,-1.85,9.85,-9.18,6.82
MEDIORG,23.75,2026-06-25,-1.04,16.71,-1.86,7.71,-7.05,-49.31
SERVOTECH,95.7,2026-06-29,-6.94,-7.75,-1.86,43.74,21.17,-35.07
TTML,42.01,2026-06-29,-5.93,-7.99,-1.87,26.8,-14.67,-37.32
MITCON,82.3,2026-06-29,0.19,4.49,-1.88,45.12,19.76,-4.31
SELMC,29.23,2026-06-29,-2.37,-2.95,-1.88,3.62,-12.75,-17.38
SRF,2664.7,2026-06-29,-2.06,-2.05,-1.88,6.81,-13.21,-15.8
JAICORPLTD,113.74,2026-06-29,-6.36,0.58,-1.89,20.07,-13.96,6.13
ENSER,15.5,2026-06-25,-2.52,-6.06,-1.9,46.92,-9.09,-8.82
BMWVENTLTD,58.68,2026-06-29,-0.54,-1.21,-1.91,14.68,4.16,
VENKEYS,1425.6,2026-06-29,-2.88,1.72,-1.95,17.52,-2.76,-10.58
BRITANNIA,5102.0,2026-06-29,-2.21,-1.88,-1.97,-7.24,-15.55,-10.8
JUNIPER,193.22,2026-06-29,-5.96,-3.58,-1.99,-3.68,-25.8,-31.43
INFINIUM,209.75,2026-06-25,-1.99,6.99,-1.99,4.82,-6.57,-27.67
SNXT30BEES,41.64,2026-06-29,-2.05,-0.41,-2.0,10.51,3.15,5.82
BAJAJHIND,18.01,2026-06-29,-6.05,-9.13,-2.01,9.42,-2.38,-30.52
MAITHANALL,1003.5,2026-06-29,-5.28,-5.59,-2.01,15.55,1.34,-16.64
ANDHRAPAP,62.05,2026-06-29,-1.85,0.45,-2.02,5.15,-6.83,-24.2
ASTRON,3.88,2026-06-29,-3.24,-0.77,-2.02,9.6,-37.32,-77.57
PARAGON,48.4,2026-06-25,-5.38,5.68,-2.02,15.93,26.21,-25.25
DIVOPPBEES,76.08,2026-06-29,-1.82,-1.37,-2.03,1.53,-8.1,-4.07
KROSS,186.94,2026-06-29,-4.42,1.38,-2.04,14.49,0.1,-5.05
SURYALA,446.85,2026-06-29,-5.83,0.31,-2.04,,,
NFL,74.44,2026-06-29,-5.0,-1.64,-2.05,9.29,-17.48,-25.04
JKIL,492.45,2026-06-29,-2.98,1.57,-2.05,10.29,-15.53,-31.62
DIAMINESQ,239.89,2026-06-29,0.76,-5.01,-2.05,3.63,-9.49,-43.55
AGARWALEYE,474.15,2026-06-29,0.4,7.93,-2.06,15.72,-6.21,19.22
ALLDIGI,801.7,2026-06-29,-0.73,-2.04,-2.06,11.59,1.58,-7.2
PURVA,214.46,2026-06-29,-1.48,0.34,-2.08,24.23,-10.81,-25.81
FLFL,1.41,2026-06-29,2.92,6.02,-2.08,13.71,-3.42,-15.06
TNIDETF,80.01,2026-06-29,-2.34,-0.76,-2.1,3.16,-19.11,-15.44
CONSOFINVT,225.48,2026-06-29,0.03,0.21,-2.1,8.74,33.47,9.84
DCMSRIND,37.25,2026-06-29,-3.22,-4.8,-2.1,11.53,-34.92,-77.67
HPAL,35.22,2026-06-29,-5.27,-5.5,-2.11,19.27,-17.13,-30.95
KARNIKA,127.95,2026-06-25,0.79,-6.16,-2.14,17.39,8.07,-80.59
BLS,255.25,2026-06-29,-4.44,-3.28,-2.17,2.1,-18.8,-32.07
SOBHA,1387.3,2026-06-29,-2.16,0.92,-2.17,13.02,-5.52,-4.47
ENDURANCE,2663.2,2026-06-29,-0.73,1.79,-2.18,17.84,3.19,1.57
TI,445.4,2026-06-29,1.06,2.21,-2.19,3.76,-1.45,27.64
NIFTYQLITY,20.58,2026-06-29,-1.95,-1.06,-2.19,3.16,-7.09,-5.16
SHYAMMETL,952.05,2026-06-29,-0.91,-1.84,-2.19,23.6,16.19,11.74
MORARJEE,8.83,2026-06-25,-11.88,12.2,-2.21,36.06,10.24,7.03
QUINTEGRA,1.32,2026-06-29,-2.22,-2.22,-2.22,5.6,-8.97,-24.14
EASEMYTRIP,7.0,2026-06-29,-11.05,-16.37,-2.23,12.9,-4.76,-32.5
GANECOS,902.65,2026-06-29,-2.0,-2.85,-2.23,15.62,5.25,-38.54
KCK,13.1,2026-06-25,-1.87,-2.96,-2.24,-11.49,-54.36,-70.13
TNPL,145.16,2026-06-29,-1.42,0.28,-2.25,15.91,0.18,-10.99
QUALITY30,19.97,2026-06-29,-1.53,-0.84,-2.25,4.23,-7.29,
TATACHEM,729.65,2026-06-29,-0.52,-0.74,-2.26,22.39,-2.66,-20.65
KRSNAA,537.05,2026-06-29,0.4,-0.32,-2.26,-1.84,-24.27,-22.8
EXICOM,155.78,2026-06-29,-11.58,-3.58,-2.27,87.19,32.67,-22.58
SHRIRAMPPS,87.14,2026-06-29,-4.92,-1.28,-2.27,32.11,3.12,-11.96
SPIC,67.61,2026-06-29,-5.03,-2.03,-2.28,15.67,-16.62,-22.75
JUBLFOOD,417.7,2026-06-29,-3.62,-1.17,-2.29,-8.07,-25.89,-41.06
URBAN,131.45,2026-06-25,-1.24,-0.42,-2.3,-2.19,-12.37,-12.37
KECL,115.0,2026-06-29,7.83,12.75,-2.3,36.37,17.95,-22.62
SESHAPAPER,226.45,2026-06-29,1.19,-0.04,-2.31,-13.94,-3.17,-23.98
USK,23.08,2026-06-29,-2.41,-6.63,-2.33,10.06,-0.22,-39.45
GOACARBON,394.1,2026-06-29,-5.48,0.91,-2.35,31.28,-0.72,-20.97
MOQUALITY,198.14,2026-06-29,-3.11,-0.64,-2.35,9.89,-0.72,-0.03
SAHLIBHFI,79.91,2026-06-29,6.24,6.25,-2.36,,,
SRD,40.13,2026-06-29,-1.69,3.37,-2.36,-5.11,-40.89,-49.91
APLAPOLLO,1787.5,2026-06-29,-3.63,-2.52,-2.38,-10.0,-5.35,2.15
PRSMJOHNSN,117.55,2026-06-29,-3.44,-1.82,-2.38,-6.54,-13.24,-24.28
HTMEDIA,22.33,2026-06-29,-2.62,-0.45,-2.4,16.36,-3.12,7.98
NESTLEIND,1387.3,2026-06-29,-1.04,0.92,-2.41,16.27,8.97,13.93
PRABHA,153.32,2026-06-29,-1.47,-5.74,-2.42,4.81,-17.84,-46.78
MOENERGY,40.08,2026-06-29,-1.98,1.06,-2.43,13.47,14.87,
DALBHARAT,1700.5,2026-06-29,-0.33,-0.81,-2.44,-8.18,-21.02,-22.63
DHAMPURSUG,137.63,2026-06-29,-2.63,-4.79,-2.44,4.48,12.21,-8.97
SOLARINDS,17798.0,2026-06-29,-3.49,3.02,-2.46,43.32,44.34,1.86
OLIL,436.0,2026-06-25,0.7,0.28,-2.46,37.11,32.26,124.63
ESTER,89.87,2026-06-29,-2.3,-0.22,-2.47,15.81,-14.1,-30.33
SBIETFQLTY,214.37,2026-06-29,-1.93,-0.69,-2.48,5.95,-7.22,-5.34
DCMNVL,147.7,2026-06-29,-0.21,-6.21,-2.48,47.45,13.04,-17.33
GANGESSECU,119.89,2026-06-29,-1.34,-2.85,-2.5,10.12,-11.18,-28.11
SULA,153.15,2026-06-29,-3.31,-1.83,-2.51,3.77,-30.05,-48.85
ICICIPRULI,489.5,2026-06-29,-3.32,0.69,-2.53,-7.39,-24.57,-24.18
ANGELONE,328.75,2026-06-29,-7.34,-6.68,-2.53,39.73,38.6,14.75
MWL,368.95,2026-06-29,-1.94,-2.14,-2.54,42.15,32.09,126.14
HARDWYN,24.52,2026-06-29,-2.89,2.29,-2.54,23.59,41.08,76.02
ATALREAL,28.35,2026-06-29,-6.59,-6.96,-2.54,31.55,11.75,44.05
ATAM,69.36,2026-06-29,-3.05,-2.84,-2.54,37.05,-14.89,-36.85
SHRADHA,33.95,2026-06-29,-2.55,0.27,-2.55,20.26,-11.93,-54.54
PICCADIL,564.8,2026-06-29,-2.17,-1.5,-2.55,5.7,2.9,
RENUKA,22.26,2026-06-29,-3.89,-7.48,-2.58,-15.97,-13.95,-32.61
NSIL,5457.5,2026-06-29,-5.09,-3.15,-2.58,8.99,-15.45,-21.38
NDGL,2521.4,2026-06-29,-5.68,-4.56,-2.58,14.53,-10.06,-41.76
MON50EQUAL,32.53,2026-06-29,-2.02,-0.21,-2.6,6.69,-2.4,1.69
SINTERCOM,72.84,2026-06-29,-6.25,0.64,-2.61,1.66,-28.56,-43.03
CURAA,84.4,2026-06-29,-0.64,-8.02,-2.62,-26.0,-23.27,-45.32
AMBER,7413.0,2026-06-29,-6.24,-2.72,-2.65,12.28,14.17,8.24
VAL30IETF,15.4,2026-06-29,-2.53,-2.28,-2.65,5.7,5.41,15.44
CIFL,23.48,2026-06-29,-7.74,-4.67,-2.65,3.07,-37.35,-41.4
NAHARCAP,248.0,2026-06-29,-2.21,-2.76,-2.65,22.86,-3.99,-24.81
KSR,31.11,2026-06-29,-5.24,2.2,-2.66,-8.77,112.07,
GFLLIMITED,45.69,2026-06-29,-3.85,-2.87,-2.66,17.03,-21.58,-30.72
SHAREINDIA,134.4,2026-06-29,-3.82,-2.96,-2.67,8.65,-19.0,-24.49
EXCELINDUS,903.3,2026-06-29,-1.7,-2.44,-2.67,6.78,-2.25,-27.2
OLAELEC,40.38,2026-06-29,-5.03,-8.48,-2.68,66.38,13.97,-6.29
GROWWPSE,100.19,2026-06-29,-2.72,-0.05,-2.68,3.09,,
AFFORDABLE,167.89,2026-06-29,-1.52,-3.74,-2.68,27.66,-17.83,-62.69
WHIRLPOOL,800.3,2026-06-29,-2.09,0.79,-2.7,-1.06,-12.11,-42.73
SIRCA,406.4,2026-06-29,-1.76,-3.19,-2.71,-3.17,-15.95,6.68
COCHINSHIP,1427.6,2026-06-29,-3.31,1.12,-2.71,13.59,-12.61,-29.74
CROMPTON,273.5,2026-06-29,-1.0,2.8,-2.72,17.74,7.09,-22.74
SHARDACROP,880.4,2026-06-29,-2.52,-3.81,-2.72,-3.72,5.4,12.69
HEIDELBERG,153.2,2026-06-29,-1.05,0.6,-2.72,6.57,-11.1,-23.34
ABSLPSE,10.35,2026-06-29,-2.27,0.1,-2.73,3.4,3.4,1.07
CSLFINANCE,229.46,2026-06-29,1.41,0.1,-2.73,4.18,-26.31,-29.6
IEX,124.81,2026-06-29,-0.69,1.51,-2.73,6.68,-4.08,-32.21
GHCL,430.0,2026-06-29,-1.88,-0.95,-2.76,2.52,-20.6,-26.39
SHARIABEES,449.16,2026-06-29,-0.79,-1.22,-2.79,0.29,-13.1,-12.78
ENERGY,39.86,2026-06-29,-2.71,0.61,-2.8,12.73,14.29,
MPHASIS,2207.8,2026-06-29,-3.17,-4.41,-2.8,4.29,-21.49,-19.57
ENIL,106.02,2026-06-29,-4.43,-3.62,-2.81,-0.13,-7.47,-27.77
HDFCQUAL,56.12,2026-06-29,-2.72,-0.94,-2.82,5.71,-6.85,-3.49
BALAJEE,28.9,2026-06-29,-2.82,-0.03,-2.82,26.81,-28.07,-37.46
JGCHEM,423.75,2026-06-29,-4.26,-1.44,-2.85,33.07,18.7,6.25
COALINDIA,444.85,2026-06-29,-0.92,0.18,-2.85,-0.04,12.5,20.8
RSDFIN,79.61,2026-06-29,-6.32,-2.91,-2.87,,,
DECCANCE,598.8,2026-06-29,3.73,3.33,-2.87,3.93,-19.99,-35.13
COMPUSOFT,13.21,2026-06-29,-3.58,-3.51,-2.87,5.76,-19.55,-39.65
BANDHANBNK,202.33,2026-06-29,-2.88,-4.05,-2.87,35.87,38.53,10.0
VCL,1.35,2026-06-29,8.0,3.05,-2.88,3.85,-33.17,55.17
NMDC,85.45,2026-06-29,-3.11,-3.41,-2.89,10.69,8.92,27.7
KHANDSE,17.14,2026-06-29,-4.72,-4.41,-2.89,12.47,-17.16,-26.78
RAILTEL,306.2,2026-06-29,-5.35,-3.94,-2.89,17.54,-17.48,-27.89
SIL,15.75,2026-06-29,0.7,0.51,-2.9,26.1,0.42,-17.25
KAMAHOLD,2564.3,2026-06-29,-2.67,-2.19,-2.9,,,
BABAFP,25.0,2026-06-25,3.09,26.26,-2.91,0.0,-21.26,-35.9
SUNDARAM,1.33,2026-06-29,-2.21,-1.48,-2.92,12.71,-25.28,-38.14
SARTELE,136.1,2026-06-25,-8.57,1.95,-2.92,-19.28,-42.85,-43.74
DMCC,261.4,2026-06-29,2.71,2.01,-2.92,27.05,3.06,0.73
KOTARISUG,24.76,2026-06-29,-3.47,-3.73,-2.94,6.63,-8.74,-34.34
CYIENT,881.55,2026-06-29,0.56,-1.72,-2.94,12.34,-20.22,-30.72
TATAINVEST,666.35,2026-06-29,-3.41,-1.22,-2.95,18.02,-4.21,-1.65
DVL,235.1,2026-06-29,-3.57,-2.28,-2.95,21.12,-15.44,-30.09
TFL,12.0,2026-06-29,-0.91,-0.17,-2.99,-3.85,-27.67,-26.87
PREMIERENE,1029.3,2026-06-29,-3.15,-1.54,-2.99,15.24,20.14,-1.31
SVPGLOB,3.88,2026-06-29,-3.96,-2.51,-3.0,61.67,-1.27,17.93
MAHSCOOTER,12384.0,2026-06-29,-2.56,-1.13,-3.01,5.86,-12.55,-11.64
MOVALUE,114.46,2026-06-29,-2.92,-2.74,-3.02,7.93,0.68,9.23
BOSCH-HCIL,1353.9,2026-06-29,-1.99,0.6,-3.03,23.22,-4.96,-21.06
AVANTEL,171.76,2026-06-29,-2.63,2.81,-3.04,38.56,10.51,9.93
AARON,117.38,2026-06-29,-2.26,-4.29,-3.04,-1.93,-30.6,-34.69
URAVIDEF,116.01,2026-06-29,0.32,1.83,-3.04,-0.94,-44.11,-76.25
AMDIND,44.71,2026-06-29,-2.32,-3.12,-3.04,24.51,-6.09,-9.57
MAHAPEXLTD,47.01,2026-06-29,-2.08,-3.94,-3.05,-9.63,-55.6,-58.99
BUTTERFLY,643.45,2026-06-29,-1.72,2.15,-3.06,5.26,-0.31,-12.76
MANAPPURAM,315.45,2026-06-29,-3.58,-0.69,-3.06,24.41,1.93,14.73
VSTTILLERS,4451.7,2026-06-29,-2.51,-4.03,-3.08,-9.22,-26.27,21.46
CINELINE,76.97,2026-06-29,-2.78,-2.47,-3.08,-4.63,-16.62,-10.78
DEEPINDS,462.1,2026-06-29,-5.85,-8.28,-3.08,6.73,2.94,4.07
TOLINS,104.41,2026-06-29,-2.44,-2.58,-3.09,16.11,-20.59,-35.32
RACE,111.78,2026-06-29,-1.23,1.62,-3.1,20.17,-21.57,-55.03
SHAILY,2896.9,2026-06-29,4.78,-1.74,-3.1,34.33,28.61,70.62
SUMMITSEC,1503.5,2026-06-29,-4.35,-2.05,-3.1,9.6,-22.58,-28.56
MEGATHERM,216.7,2026-06-25,4.31,9.47,-3.11,18.03,-3.28,-39.38
EMAMIREAL,84.79,2026-06-29,-5.79,-3.29,-3.12,54.9,5.93,-26.08
INVENTURE,0.93,2026-06-29,-3.12,-5.1,-3.12,4.49,-20.51,-43.98
BIOCON,415.25,2026-06-29,-1.39,-0.19,-3.13,12.2,6.37,17.33
PNGJL,529.0,2026-06-29,-3.86,-5.68,-3.13,-4.4,-13.87,-11.6
VINYLINDIA,253.75,2026-06-29,-0.37,0.65,-3.13,45.13,8.72,-15.22
SASKEN,2187.5,2026-06-29,-10.96,2.98,-3.13,92.46,40.97,54.72
NELCAST,136.16,2026-06-29,-2.63,-1.65,-3.14,14.43,30.43,-5.62
UFO,71.0,2026-06-29,-4.58,-3.92,-3.15,22.01,-13.36,-2.87
PILANIINVS,4348.1,2026-06-29,-1.93,-0.74,-3.15,-0.72,-16.12,-22.19
TARMAT,50.12,2026-06-29,-4.86,-3.74,-3.17,-5.67,-2.92,-8.02
ESSARSHPNG,23.16,2026-06-29,-3.7,-3.18,-3.18,4.89,-14.09,-22.15
OMINFRAL,84.66,2026-06-29,-1.78,-1.2,-3.2,3.21,-13.07,-35.26
KANANIIND,1.51,2026-06-29,-5.03,-3.21,-3.21,30.17,-6.79,-29.11
SHIVATEX,148.73,2026-06-29,-1.61,-1.51,-3.21,13.66,-17.61,-27.87
GODREJAGRO,557.65,2026-06-29,-3.36,-2.31,-3.22,2.05,-0.93,-28.02
RANASUG,12.33,2026-06-29,-4.93,-4.42,-3.22,6.29,0.33,-24.45
GROWWRAIL,29.05,2026-06-29,-4.57,-2.02,-3.23,0.73,-18.33,-24.97
CENTEXT,19.17,2026-06-29,-5.33,-6.08,-3.23,7.7,-14.0,-4.96
RVNL,237.51,2026-06-29,-3.53,-0.91,-3.23,-10.05,-35.19,-39.37
TPLPLASTEH,70.7,2026-06-29,-1.9,5.38,-3.23,28.94,7.17,-11.01
AURIGROW,0.3,2026-06-29,-9.09,-11.76,-3.23,15.38,-64.29,-45.45
VALUE,16.19,2026-06-29,-3.11,-3.92,-3.23,6.86,,
RAMANEWS,28.72,2026-06-29,-1.31,-3.66,-3.23,-5.71,-9.88,-12.65
HCL-INSYS,12.23,2026-06-29,-1.13,-2.24,-3.24,20.85,-9.74,-28.02
UTTAMSUGAR,228.72,2026-06-29,-2.57,-3.97,-3.25,-3.37,-10.09,-23.4
BAIDFIN,9.99,2026-06-29,-0.1,-0.3,-3.29,0.6,-11.9,-12.68
SUMIT,41.19,2026-06-29,2.41,4.17,-3.31,-16.72,-37.6,-57.08
WINSOME,2.33,2026-06-29,-3.32,-8.63,-3.32,42.07,27.32,19.49
SCILAL,43.95,2026-06-29,-4.58,-4.5,-3.32,17.08,-5.95,-17.7
CCHHL,13.03,2026-06-29,3.82,-1.29,-3.34,20.2,-15.61,-24.81
NDTV,80.37,2026-06-29,-2.98,-1.78,-3.34,26.01,-17.23,-50.54
ALKALI,83.9,2026-06-29,-2.61,-1.81,-3.35,63.87,5.26,-17.51
NSLNISP,43.12,2026-06-29,-7.03,-9.89,-3.36,24.88,3.18,4.58
AMRUTANJAN,539.85,2026-06-29,-1.64,-2.67,-3.37,5.98,-19.88,-25.68
CMSINFO,294.25,2026-06-29,-2.58,-1.27,-3.37,8.64,-13.53,-40.05
NAHARPOLY,250.05,2026-06-29,-0.83,0.58,-3.38,12.61,3.09,-28.13
TECHM,1433.8,2026-06-29,-0.1,0.58,-3.38,3.03,-11.08,-11.89
REDTAPE,134.77,2026-06-29,-0.68,-0.79,-3.4,19.32,10.14,4.39
GPPL,152.0,2026-06-29,-2.91,-2.45,-3.4,4.35,-18.25,-1.17
NAHARSPING,256.0,2026-06-29,0.53,1.31,-3.4,24.34,31.69,-6.38
LENSKART,505.85,2026-06-29,-2.16,1.3,-3.44,-0.69,11.83,
MSPL,41.25,2026-06-29,-7.82,-2.04,-3.44,49.24,14.42,50.27
KITEX,155.91,2026-06-29,-3.57,1.42,-3.45,2.22,-14.04,-44.28
TEGA,1704.9,2026-06-29,-2.99,-4.31,-3.46,0.28,-11.43,13.16
VITAL,52.8,2026-06-29,-0.47,1.09,-3.47,28.94,-6.55,-16.26
MODIRUBBER,129.08,2026-06-29,1.16,2.38,-3.48,16.62,-14.15,8.94
GROWWPOWER,12.21,2026-06-29,-2.48,2.18,-3.48,18.77,,
PPLPHARMA,166.72,2026-06-29,5.18,-0.29,-3.51,16.13,-3.55,-17.75
MON100,324.22,2026-06-29,-3.49,-1.81,-3.53,39.91,40.68,71.55
ARIHANTSUP,251.45,2026-06-29,-6.49,-4.08,-3.53,22.96,-23.56,-33.75
NRAIL,433.25,2026-06-29,-8.37,-2.79,-3.53,7.01,-7.33,23.79
BVCL,41.63,2026-06-29,0.8,-0.64,-3.54,17.0,-6.18,11.91
MAGADSUGAR,450.5,2026-06-29,-2.57,-2.05,-3.55,-2.44,-10.88,-31.92
SUKHJITS,173.71,2026-06-29,-2.22,2.06,-3.55,23.51,-1.76,-3.39
MOPSE,101.02,2026-06-29,-2.87,0.0,-3.56,6.24,3.03,0.52
JSWSTEEL,1232.4,2026-06-29,-3.9,-4.94,-3.57,9.03,12.8,20.1
RCDL,27.0,2026-06-25,-0.18,-3.4,-3.57,18.68,31.71,20.68
SBFC,90.93,2026-06-29,-2.5,-2.04,-3.57,8.92,-13.28,-14.69
SHANTI,6.44,2026-06-29,-1.98,2.55,-3.59,24.32,-28.76,-60.2
ATUL,6608.5,2026-06-29,0.95,0.6,-3.6,5.91,7.41,-10.58
SBICARD,601.9,2026-06-29,-4.13,0.17,-3.6,-10.69,-28.94,-39.07
ELGIRUBCO,45.79,2026-06-29,-6.97,-10.5,-3.6,25.31,0.59,-26.03
SADBHIN,2.68,2026-06-29,-5.3,-10.96,-3.6,18.58,-27.37,-48.06
VASWANI,54.59,2026-06-29,-2.12,-8.05,-3.6,4.4,-10.89,19.48
PRECAM,148.33,2026-06-29,-4.98,-1.6,-3.61,30.76,-11.64,-26.91
HBLENGINE,792.8,2026-06-29,-3.04,-0.04,-3.62,23.48,-14.01,34.66
MASKINVEST,146.55,2026-06-29,-7.66,-0.98,-3.62,14.75,-2.07,-8.41
KCPSUGIND,22.08,2026-06-29,-0.05,-4.17,-3.66,-5.92,-13.99,-38.7
ACCELYA,1100.4,2026-06-29,-1.95,-1.39,-3.67,-0.23,-13.17,-17.76
RADIANTCMS,39.13,2026-06-29,-2.61,-2.71,-3.67,11.48,-24.82,-35.09
MURUDCERA,32.16,2026-06-29,-2.07,1.77,-3.68,18.85,-6.27,-25.4
LAXMIDENTL,223.99,2026-06-29,-0.67,-1.23,-3.68,38.6,-15.09,-48.15
CENTRUM,21.62,2026-06-29,-10.99,-1.23,-3.7,-30.97,-22.29,-32.79
BLAL,180.59,2026-06-29,-2.08,-1.95,-3.7,12.51,-12.8,-16.08
BHARTIHEXA,1440.1,2026-06-29,-4.32,-2.41,-3.7,-4.26,-21.8,-26.12
EPIGRAL,1113.1,2026-06-29,-1.77,-2.92,-3.7,33.24,-10.71,-37.9
ATL,23.89,2026-06-29,-3.82,-2.77,-3.71,19.03,-14.95,-17.45
DIVIDEND,34.71,2026-06-29,-2.45,-1.48,-3.72,2.39,,
AXISVALUE,32.87,2026-06-29,-3.01,-2.81,-3.72,6.27,6.38,13.62
BSHSL,92.24,2026-06-29,-0.26,-1.63,-3.72,36.92,-11.69,-35.77
CLEAN,767.8,2026-06-29,-6.49,-3.01,-3.72,13.08,-11.61,-47.26
JMFINANCIL,123.6,2026-06-29,-4.02,0.02,-3.73,4.81,-12.95,-20.37
GVT&D,4956.5,2026-06-29,-9.79,3.14,-3.73,32.31,61.23,112.59
AARTIIND,457.2,2026-06-29,-5.96,-8.22,-3.75,9.54,21.4,-4.33
KRITI,69.03,2026-06-29,-4.77,-6.72,-3.76,-6.79,-13.08,-53.06
ASMS,7.14,2026-06-29,-7.15,-5.05,-3.77,0.14,-40.7,-46.64
DEVYANI,111.01,2026-06-29,-5.32,-0.35,-3.77,11.5,-22.55,-35.28
HILINFRA,46.79,2026-06-29,-1.31,-3.51,-3.78,6.88,-17.35,
AYMSYNTEX,216.95,2026-06-29,-0.57,-1.67,-3.78,23.59,28.52,-7.87
ABLBL,96.38,2026-06-29,-2.18,-3.74,-3.78,4.78,-21.61,-39.77
SKIPPER,528.55,2026-06-29,-3.58,-3.85,-3.79,52.14,26.75,5.93
TIINDIA,3022.3,2026-06-29,-8.63,-6.32,-3.79,17.77,16.06,-1.81
UTLSOLAR,307.75,2026-06-29,-3.16,-0.52,-3.81,55.1,43.0,
FIDEL,149.8,2026-06-25,-0.86,-5.85,-3.82,22.89,8.87,-21.98
FCSSOFT,1.51,2026-06-29,-4.43,-6.79,-3.82,16.15,-17.03,-44.69
TRANSPEK,998.4,2026-06-29,-0.87,1.76,-3.82,,,
MTARTECH,7578.0,2026-06-29,-8.64,3.19,-3.83,111.88,217.43,376.6
EMULTIMQ,41.16,2026-06-29,-4.32,-3.02,-3.83,9.35,-0.89,-6.09
TIMKEN,3490.9,2026-06-29,-7.18,-0.84,-3.84,5.18,17.1,5.18
ULTRAMAR,390.4,2026-06-29,5.09,2.12,-3.84,,,
FOODSIN,54.14,2026-06-29,-2.45,-3.34,-3.85,9.46,-21.68,-52.79
DABUR,426.3,2026-06-29,0.96,-0.66,-3.86,1.6,-12.88,-11.0
VGL,65.2,2026-06-29,-6.4,-13.1,-3.88,36.29,-10.56,-13.59
DANGEE,3.22,2026-06-29,5.23,1.26,-3.88,21.97,-10.06,-26.98
GLENMARK,2186.6,2026-06-29,-0.24,1.39,-3.88,0.74,8.8,28.1
RAJOOENG,52.92,2026-06-29,-5.79,-3.83,-3.89,4.15,-17.18,-56.13
MMWL,13.28,2026-06-29,0.08,1.07,-3.91,,,
DHANBANK,31.59,2026-06-29,-8.94,-1.65,-3.92,50.5,27.02,6.15
GODFRYPHLP,2193.3,2026-06-29,-4.12,-2.05,-3.92,15.36,-21.29,-26.43
MASTEK,1563.0,2026-06-29,-2.67,-3.33,-3.93,11.83,-25.62,-34.79
ARTEMISMED,262.6,2026-06-29,-2.14,-0.64,-3.94,21.62,-2.4,3.59
SAGILITY,39.41,2026-06-29,-1.55,-1.48,-3.97,-5.6,-24.53,-5.6
UMESLTD,5.55,2026-06-29,0.36,-2.63,-3.98,-14.22,10.56,-4.48
GPECO,425.4,2026-06-25,-4.83,-2.88,-3.99,33.65,-1.15,9.27
DALMIASUG,326.2,2026-06-29,-3.41,-4.27,-4.0,-5.57,11.85,-19.88
WOCKPHARMA,1949.7,2026-06-29,-3.19,2.21,-4.02,63.91,36.5,18.87
SUNDROP,646.1,2026-06-29,-1.33,-1.85,-4.02,9.24,-5.76,-23.17
INNOVANA,322.1,2026-06-29,2.12,2.71,-4.02,-7.5,-20.9,-37.65
IDEAFORGE,810.95,2026-06-29,-8.99,-6.23,-4.03,110.5,72.27,38.33
ZEEMEDIA,8.08,2026-06-29,-6.81,-5.83,-4.04,15.43,-9.92,-44.31
ORIENTBELL,323.35,2026-06-29,1.57,2.08,-4.04,22.43,3.46,0.59
MARALOVER,54.0,2026-06-29,-5.18,-5.33,-4.05,42.03,23.85,-27.37
CELEBRITY,7.59,2026-06-29,-6.06,-0.52,-4.05,24.43,-13.45,-45.59
VISHWARAJ,5.45,2026-06-29,-4.22,-8.4,-4.05,26.45,-21.01,-45.5
SBILIFE,1755.4,2026-06-29,-2.77,-0.23,-4.08,-4.47,-12.54,-5.01
MITTAL,0.94,2026-06-29,-4.08,-9.62,-4.08,10.59,-21.01,-38.16
HLVLTD,7.71,2026-06-29,-3.87,-4.34,-4.1,26.39,-17.8,-43.48
JUBLPHARMA,954.25,2026-06-29,-0.23,-3.74,-4.1,13.03,-9.38,-18.36
ORIENTCER,39.79,2026-06-29,-1.12,0.94,-4.12,10.04,-9.86,13.91
DKEGL,70.85,2026-06-25,10.7,6.78,-4.13,-3.93,-11.71,8.8
BALAJITELE,86.61,2026-06-29,-1.08,2.05,-4.14,13.95,-19.35,-2.88
IRCON,131.22,2026-06-29,-5.69,-4.73,-4.15,8.23,-23.45,-34.92
BBTCL,216.06,2026-06-29,1.71,-1.48,-4.15,27.85,13.17,37.99
ANMOL,11.1,2026-06-29,-4.64,-1.25,-4.15,21.44,-20.49,-36.64
BALUFORGE,456.15,2026-06-29,-0.45,1.67,-4.15,11.62,-23.17,-33.13
ACC,1333.4,2026-06-29,-1.21,-1.7,-4.16,2.03,-22.26,-30.16
SWELECTES,633.55,2026-06-29,0.23,-1.36,-4.2,26.74,-0.46,5.78
CENTURYPLY,740.9,2026-06-29,-2.17,-1.39,-4.2,6.08,-10.73,-4.61
PFIZER,4404.9,2026-06-29,-1.31,-2.5,-4.21,-6.12,-11.18,-20.45
GTLINFRA,1.36,2026-06-29,-9.93,-12.82,-4.23,37.37,15.25,-24.86
OAL,313.9,2026-06-29,-5.69,-7.28,-4.25,33.35,5.92,-16.92
UNITECH,4.72,2026-06-29,-2.28,-1.87,-4.26,36.02,-17.63,-44.67
GLOBALE,12.49,2026-06-29,0.56,1.88,-4.29,21.5,4.17,-20.04
USHAMART,484.35,2026-06-29,0.77,-2.14,-4.29,18.71,7.48,37.32
KMSUGAR,25.88,2026-06-29,-3.68,-5.24,-4.29,1.85,-5.58,-10.36
VASA,4.45,2026-06-26,0.0,0.0,-4.3,-6.32,-11.0,12.66
IREDA,127.49,2026-06-29,-2.57,2.14,-4.32,12.12,-7.6,-24.39
STARCEMENT,208.53,2026-06-29,-1.76,-2.53,-4.32,0.88,-6.79,-1.74
FCL,38.26,2026-06-29,-15.75,-7.81,-4.33,89.69,53.16,36.9
MFSL,1601.5,2026-06-29,-5.05,-1.9,-4.33,2.85,-2.95,-2.41
AFFLE,1399.5,2026-06-29,-5.46,-5.85,-4.34,-3.22,-20.43,-29.46
AKSHAR,0.44,2026-06-29,-2.22,-2.22,-4.35,15.79,-12.0,-18.52
JYOTHYLAB,195.61,2026-06-29,-4.37,-4.8,-4.37,-4.04,-30.82,-41.79
TNTELE,8.98,2026-06-29,-3.23,-3.44,-4.37,5.03,-12.9,-18.51
LTFOODS,374.95,2026-06-29,-3.03,-1.67,-4.37,0.74,-4.13,-21.87
SURAKSHA,273.3,2026-06-29,-1.92,1.88,-4.37,16.03,2.9,-17.57
ORTEL,1.53,2026-06-29,-4.38,-1.92,-4.38,-9.47,-0.65,-31.39
IL&FSENGG,29.43,2026-06-29,-4.66,-0.03,-4.39,20.81,7.84,-12.95
DUCOL,109.0,2026-06-25,4.61,-0.05,-4.39,10.72,-29.29,-8.79
CMICABLES,3.05,2026-06-29,3.39,1.33,-4.39,-15.51,-46.58,-3.17
HPIL,126.0,2026-06-29,-3.44,0.3,-4.4,5.88,-4.55,-12.08
RCOM,0.87,2026-06-29,-6.45,-9.37,-4.4,10.13,-21.62,-47.59
DSFCL,23.97,2026-06-29,0.88,1.35,-4.43,24.91,,
HRHNEXT,26.75,2026-06-25,5.52,3.68,-4.46,-2.19,-0.74,-50.55
IWP,33.39,2026-06-29,0.15,-0.62,-4.46,,,
DIGIDRIVE,18.19,2026-06-29,-4.06,-2.05,-4.46,7.44,-28.83,-41.25
SJVN,71.79,2026-06-29,-3.17,-1.85,-4.48,8.49,-0.29,-26.56
NIMBSPROJ,204.98,2026-06-29,-1.4,-1.08,-4.48,,,
TARC,123.93,2026-06-29,-4.4,-3.77,-4.49,4.13,-24.48,-35.16
PEARLPOLY,18.5,2026-06-29,-3.95,-1.65,-4.49,31.77,-22.37,-41.23
BORANA,308.65,2026-06-29,-2.94,-3.12,-4.5,-3.47,8.79,40.88
SHRIKRISH,40.53,2026-06-29,-7.42,-1.46,-4.5,,,
SPECTSTM,55.15,2026-06-25,-2.73,3.18,-4.5,-8.01,-42.82,-59.15
AWL,182.67,2026-06-29,-2.37,-3.94,-4.51,-0.96,-22.68,-29.16
GICRE,364.05,2026-06-29,-1.42,-5.99,-4.51,0.28,-1.46,-3.25
ASHOKAMET,15.05,2026-06-29,-0.46,-0.99,-4.51,16.13,-3.03,-13.01
BHARATCOAL,39.47,2026-06-29,-4.87,4.86,-4.52,24.67,,
MAXESTATES,423.95,2026-06-29,-7.58,-2.85,-4.52,28.22,-6.23,-12.99
WSI,66.37,2026-06-29,-3.25,-3.52,-4.52,2.42,-27.92,-27.81
VBL,504.1,2026-06-29,-1.73,-6.82,-4.53,29.77,4.66,9.55
JSLL,586.9,2026-06-29,-3.61,-3.63,-4.56,6.01,-15.49,38.51
BSL,125.42,2026-06-29,-1.06,1.72,-4.56,20.52,-18.71,-7.91
SYLVANPLY,50.0,2026-06-25,-4.31,-3.85,-4.58,10.13,-18.03,-41.86
PODDARMENT,240.7,2026-06-29,-4.08,-6.21,-4.6,15.64,-8.77,-23.56
TRACXN,29.99,2026-06-29,-1.15,-5.93,-4.61,11.2,-24.53,-48.9
NETWEB,4454.8,2026-06-29,-12.84,-3.41,-4.62,40.08,44.69,146.49
CPSEETF,96.99,2026-06-29,-2.58,0.04,-4.62,-3.38,7.44,3.16
GENUSPAPER,11.98,2026-06-29,-4.92,-2.28,-4.62,21.26,-9.45,-35.94
ASTAR,620.0,2026-06-29,0.0,2.76,-4.62,,,
PRECWIRE,400.95,2026-06-29,-5.16,-0.71,-4.62,33.03,55.72,119.84
TEAMGTY,239.9,2026-06-29,2.35,0.1,-4.63,-5.36,-20.11,38.32
RHL,176.18,2026-06-29,-1.5,-0.61,-4.63,6.0,-0.15,-35.03
ELCIDIN,113500.0,2026-06-29,-2.79,-3.77,-4.64,,,
POLICYBZR,1623.1,2026-06-29,-2.74,2.66,-4.66,11.23,-14.69,-10.81
DISHTV,3.06,2026-06-29,-3.47,-2.86,-4.67,50.0,-23.12,-38.31
IBLFL,57.2,2026-06-25,4.47,-0.52,-4.67,23.01,-9.13,-4.9
AKI,4.69,2026-06-29,-5.44,-4.67,-4.67,11.67,-31.93,-41.08
DBSTOCKBRO,32.0,2026-06-29,8.51,0.66,-4.68,27.49,28.1,-3.21
SAURASHCEM,57.11,2026-06-29,-3.4,-3.37,-4.69,8.62,-29.28,-39.57
PROTEAN,591.15,2026-06-29,-3.41,-5.07,-4.71,22.76,-22.41,-30.37
ACL,52.75,2026-06-29,-0.32,-2.33,-4.73,24.88,-21.87,-21.44
NITIRAJ,185.03,2026-06-29,-3.08,-4.41,-4.74,-13.47,0.27,-8.89
BANARISUG,3429.9,2026-06-29,-2.4,-6.01,-4.74,-4.68,-4.75,-12.43
JKTYRE,388.6,2026-06-29,-5.33,-0.74,-4.75,-2.46,-22.24,9.88
SECL,3.0,2026-06-26,0.0,-4.76,-4.76,-20.0,-30.23,-55.22
ALPA,68.02,2026-06-29,0.65,-3.19,-4.76,31.75,-10.77,-32.28
AARTISURF,370.5,2026-06-29,-1.33,-4.89,-4.77,9.21,-5.29,-32.68
SPMLINFRA,197.68,2026-06-29,-5.55,5.73,-4.79,23.5,14.82,-21.33
TREJHARA,141.07,2026-06-29,-3.78,0.86,-4.79,-6.14,-38.6,-41.72
AMBUJACEM,424.25,2026-06-29,-0.88,-1.07,-4.8,4.28,-22.78,-25.85
ARIHANT,850.85,2026-06-29,-1.47,-2.6,-4.81,2045.9,2045.9,2045.9
SAKHTISUG,16.63,2026-06-29,-4.59,-8.83,-4.86,17.44,-11.02,-34.84
CTE,31.02,2026-06-29,-0.8,-3.12,-4.88,36.83,-22.6,-32.26
ECOSMOBLTY,131.14,2026-06-29,-3.51,-0.25,-4.9,15.41,-34.28,-56.91
DOLLEX,30.1,2026-06-25,-0.5,-2.43,-4.9,2.91,-25.95,-21.72
RAMRAT,404.65,2026-06-29,-4.65,6.43,-4.9,34.35,24.14,18.79
VMM,115.79,2026-06-29,-2.62,-4.07,-4.91,8.86,-15.06,-14.01
AMEYA,106.0,2026-06-25,2.02,0.0,-4.93,10.42,1.0,-4.8
UNITEDPOLY,32.14,2026-06-29,-3.28,-2.72,-4.94,37.94,28.05,63.56
AIRAN,16.3,2026-06-29,-1.75,-1.87,-4.96,16.18,-9.65,-45.58
GUJTHEM,384.2,2026-06-29,-4.5,-0.23,-4.97,52.58,-14.23,10.08
VIRINCHI,16.43,2026-06-29,-2.61,4.92,-4.97,13.7,-31.2,-24.87
MEGAFLEX,126.95,2026-06-26,0.0,0.0,-4.98,-16.75,8.5,139.3
VISAMAN,107.6,2026-06-26,0.0,-4.99,-4.99,3.66,-12.52,130.65
RITCO,259.6,2026-06-29,-4.59,0.74,-5.0,38.94,-3.33,-5.99
MOXSH,114.0,2026-06-26,0.0,0.0,-5.04,-10.52,20.0,302.12
MOHITIND,24.47,2026-06-29,3.95,7.8,-5.04,25.75,-14.68,-15.33
COMMOIETF,99.64,2026-06-29,-3.01,-2.43,-5.06,6.15,5.49,10.12
SOFTTECH,435.95,2026-06-29,0.62,8.59,-5.08,85.0,38.18,14.6
MALUPAPER,30.95,2026-06-29,-1.87,-4.94,-5.09,4.21,-12.32,-22.72
SILLYMONKS,16.21,2026-06-29,-6.46,-8.93,-5.09,2.53,-23.28,2.08
ICDSLTD,41.06,2026-06-29,-3.16,-4.71,-5.09,2.65,-2.54,-27.95
KPEL,339.35,2026-06-29,-3.36,-3.54,-5.1,30.39,1.47,-32.66
ORIENTCEM,133.79,2026-06-29,-2.01,-1.95,-5.12,6.34,-21.08,-44.48
CHAVDA,89.0,2026-06-25,-3.26,-0.5,-5.12,-1.6,-30.71,-30.55
SHREYANIND,138.01,2026-06-29,-0.3,-5.53,-5.12,1.06,-20.39,-38.46
S&SPOWER,370.75,2026-06-29,-2.73,-1.36,-5.14,11.89,40.8,1.9
TIJARIA,4.41,2026-06-29,-8.32,-1.12,-5.16,3.04,-8.7,-48.48
KAMOPAINTS,4.94,2026-06-29,-6.97,-6.79,-5.18,24.43,-18.75,-51.9
JETFREIGHT,21.72,2026-06-29,-1.67,0.65,-5.19,33.74,28.44,54.37
INOXWIND,88.18,2026-06-29,-5.07,-1.88,-5.2,11.24,-29.26,-49.84
SPENCERS,35.36,2026-06-29,-6.01,-4.12,-5.2,31.65,-14.3,-45.2
SUDARCOLOR,355.35,2026-06-29,-1.86,-1.18,-5.21,26.39,-25.95,-39.45
TRANSTEEL,122.6,2026-06-25,0.37,0.53,-5.26,-15.94,-16.6,-4.59
SBGLP,25.23,2026-06-29,-3.7,-5.33,-5.26,13.04,-30.03,-43.86
COMPINFO,1.26,2026-06-29,-5.26,-7.35,-5.26,32.63,-22.7,-28.41
MINDTECK,203.45,2026-06-29,-3.04,-3.42,-5.28,29.94,2.43,-14.83
BMETRICS,36.8,2026-06-26,2.08,3.95,-5.28,-8.68,-14.81,-23.9
SAMMAANCAP,167.64,2026-06-29,-6.03,-7.25,-5.29,13.0,18.19,19.16
BNALTD,335.3,2026-06-29,-1.38,-1.38,-5.3,,,
REXPIPES,174.25,2026-06-26,0.0,0.0,-5.3,-6.42,13.67,35.87
MERCANTILE,24.08,2026-06-29,-8.41,-4.9,-5.31,,,
GAUDIUMIVF,110.8,2026-06-29,-0.08,9.13,-5.32,46.93,,
SIGMA,38.63,2026-06-29,1.13,-4.36,-5.34,-0.36,-31.74,2.08
BEDMUTHA,107.33,2026-06-29,-2.27,-1.24,-5.35,3.62,-0.78,-30.0
ATGL,731.65,2026-06-29,-0.24,1.61,-5.35,38.33,29.56,7.25
A2ZINFRA,13.75,2026-06-29,-3.37,-3.91,-5.37,-16.72,-20.75,-30.13
EMUDHRA,442.6,2026-06-29,-2.55,-2.97,-5.38,15.5,-25.22,-41.15
SWANCORP,311.55,2026-06-29,-4.64,-1.41,-5.39,0.52,-34.66,-30.58
KRITIKA,5.79,2026-06-29,-3.02,-5.08,-5.39,16.27,-18.79,-42.45
RAJMET,3.67,2026-06-29,-4.43,-3.42,-5.41,20.33,-22.57,-24.17
ZAGGLE,198.6,2026-06-29,-8.03,-6.27,-5.41,-1.42,-44.82,-51.66
MAGSON,175.0,2026-06-25,4.17,9.31,-5.41,20.69,41.76,27.55
SOTAC,105.0,2026-06-26,-5.41,-5.41,-5.41,-8.7,-14.91,-20.18
3BBLACKBIO,1173.8,2026-06-29,-2.4,-8.82,-5.43,,,
ARIS,113.26,2026-06-29,-5.77,-9.68,-5.43,12.42,-13.54,-36.07
JUBLINGREA,610.95,2026-06-29,-5.37,-4.27,-5.45,9.58,-13.87,-17.97
TATAELXSI,3980.4,2026-06-29,-3.28,-2.16,-5.45,-2.62,-23.77,-36.14
KANPRPLA,189.17,2026-06-29,-0.1,2.64,-5.45,13.87,4.14,-8.09
EIDPARRY,714.0,2026-06-29,-0.27,-1.61,-5.48,-10.24,-32.55,-32.42
KAKATCEM,119.48,2026-06-29,-2.59,-4.34,-5.48,34.4,-8.0,-24.5
SHERA,160.55,2026-06-25,-4.15,5.83,-5.5,44.84,24.89,9.63
SENCO,327.15,2026-06-29,-3.48,-6.58,-5.5,14.69,3.13,-5.91
XCHANGING,61.56,2026-06-29,-5.18,-5.07,-5.51,21.28,-24.37,-36.33
MANORG,545.45,2026-06-29,-4.82,10.41,-5.53,42.34,11.53,-4.22
MKPL,4.76,2026-06-29,-3.25,-4.23,-5.56,7.21,-19.32,-36.53
TATACONSUM,1112.8,2026-06-29,-0.01,1.13,-5.57,7.03,-6.11,-0.19
ATLANTAA,39.1,2026-06-29,-4.49,-3.05,-5.6,16.16,-5.99,13.66
DAMODARIND,30.1,2026-06-29,-2.9,-2.11,-5.64,38.52,1.55,-17.76
DUCON,3.34,2026-06-29,-4.84,-11.87,-5.65,33.07,-6.96,-44.43
COFFEEDAY,32.81,2026-06-29,-3.56,-2.76,-5.66,45.82,-12.62,-10.79
COMFINTE,5.83,2026-06-29,-2.35,-3.8,-5.66,,,
PRAKASH,139.74,2026-06-29,-3.77,-7.54,-5.67,19.18,-0.83,-13.42
TAJGVK,326.65,2026-06-29,-4.56,-2.33,-5.67,7.4,-24.49,-19.51
METROPOLIS,523.8,2026-06-29,-3.09,-0.4,-5.68,21.83,11.09,24.48
GILLETTE,7561.0,2026-06-29,-3.61,-2.09,-5.68,1.2,-7.5,-28.09
ATMASTCO,169.75,2026-06-25,-6.91,-8.76,-5.69,44.22,20.6,-10.09
RADIOWALLA,27.35,2026-06-26,10.06,1.86,-5.69,3.6,-55.27,-57.27
NLCINDIA,327.75,2026-06-29,0.05,3.1,-5.7,21.21,29.65,46.57
GUJAPOLLO,360.15,2026-06-29,-4.42,-3.61,-5.71,-12.91,-10.64,-0.55
NATHBIOGEN,165.17,2026-06-29,-1.81,-2.28,-5.71,26.78,6.95,-19.03
TRUALT,459.7,2026-06-29,-4.29,-6.69,-5.71,18.02,15.14,
HMAAGRO,21.92,2026-06-29,-0.5,-4.61,-5.72,-2.92,-23.89,-30.87
LPDC,6.43,2026-06-29,-4.03,-8.27,-5.72,13.01,-8.4,-26.51
ARCHIES,14.18,2026-06-29,-3.6,0.21,-5.72,21.4,-22.93,-41.31
ISHANCH,57.84,2026-06-29,-0.14,-4.38,-5.74,22.59,-8.45,1.83
TOTAL,50.37,2026-06-29,-0.2,-1.85,-5.74,3.9,-34.53,-40.08
DBCORP,193.61,2026-06-29,-4.47,-6.5,-5.75,-0.58,-25.24,-27.45
TIPSMUSIC,624.2,2026-06-29,-4.27,-2.48,-5.77,24.73,18.57,-5.13
CUMMINSIND,5541.5,2026-06-29,-3.86,-3.69,-5.77,19.65,26.45,68.38
IGIL,350.3,2026-06-29,-2.3,-5.13,-5.78,9.52,4.95,-4.58
RVTH,745.95,2026-06-29,3.81,8.27,-5.78,43.99,8.39,-24.27
ORISSAMINE,3860.3,2026-06-29,-6.25,-3.91,-5.8,16.74,-22.54,-22.05
ABBOTINDIA,25295.0,2026-06-29,-2.95,-3.66,-5.81,-3.21,-12.49,-26.6
INFOMEDIA,5.66,2026-06-29,-4.87,-2.25,-5.82,17.43,-13.98,-30.72
PREMCO,364.0,2026-06-29,-2.15,-4.89,-5.83,,,
PANSARI,282.05,2026-06-29,-4.63,1.27,-5.83,8.38,-4.49,23.71
BCG,9.83,2026-06-29,-5.21,-9.4,-5.84,14.44,-4.75,-4.1
PROV,1530.0,2026-06-25,2.0,1.66,-5.85,28.58,15.73,49.99
FELIX,186.75,2026-06-25,-1.74,0.59,-5.85,7.24,16.65,5.45
MOIL,280.05,2026-06-29,-3.93,-5.31,-5.85,1.69,-20.77,-25.78
GSS,12.7,2026-06-29,-2.98,-2.01,-5.86,39.41,-19.72,-62.78
JSFB,466.2,2026-06-29,1.08,-2.22,-5.87,25.32,10.67,-7.85
VIPCLOTHNG,24.96,2026-06-29,-0.32,-0.76,-5.88,58.78,-19.01,-37.37
RTNINDIA,32.88,2026-06-29,-7.2,-7.46,-5.92,21.64,-19.43,-48.0
VIKASLIFE,1.43,2026-06-29,-3.38,-4.67,-5.92,24.35,-19.21,-44.79
JINDALPOLY,638.15,2026-06-29,-4.7,-13.69,-5.93,-18.16,32.7,5.32
BANARBEADS,101.01,2026-06-29,-0.09,0.3,-5.94,1.66,-18.55,-17.39
GKSL,129.33,2026-06-29,0.1,-0.91,-5.96,26.61,,
UEL,131.21,2026-06-29,-6.35,-9.46,-5.98,-4.96,-2.94,20.28
AGNI,18.8,2026-06-25,1.35,8.99,-6.0,25.75,-22.15,-32.37
ALANKIT,8.12,2026-06-29,-4.13,-2.52,-6.02,13.73,-24.11,-44.35
KPIGREEN,395.55,2026-06-29,-3.76,-2.41,-6.03,7.3,-2.25,-19.96
KANSAINER,204.9,2026-06-29,-4.85,-5.34,-6.04,20.18,-12.62,-17.41
XTGLOBAL,29.51,2026-06-29,0.37,-0.07,-6.05,5.66,-15.32,-12.58
RUCHIRA,109.8,2026-06-29,0.25,1.1,-6.05,11.96,-8.33,-18.97
FCONSUMER,0.31,2026-06-29,0.0,-3.12,-6.06,-3.12,-27.91,-38.0
NIPPOBATRY,346.75,2026-06-29,-2.45,-2.6,-6.08,24.93,-14.18,-27.22
DONEAR,87.02,2026-06-29,-4.14,-3.45,-6.08,7.45,-6.28,-19.54
SYSTMTXC,63.04,2026-06-29,-5.88,-6.59,-6.08,10.62,-57.78,
AVROIND,10.18,2026-06-29,0.0,-5.91,-6.09,-10.13,-14.85,-44.3
LYPSAGEMS,4.77,2026-06-29,-4.02,-3.64,-6.1,6.24,-8.09,-39.39
SATIA,53.99,2026-06-29,-4.29,-2.81,-6.1,-0.52,-18.0,-39.52
MILTON,40.0,2026-06-26,2.56,2.56,-6.1,-16.67,31.15,37.93
MANDEEP,19.2,2026-06-26,-2.54,-2.54,-6.11,2.13,-14.86,-28.09
NILE,1714.8,2026-06-29,-3.16,-0.69,-6.11,,,
LGHL,222.0,2026-06-29,-1.77,-3.38,-6.11,-6.51,-24.48,-24.73
NILAINFRA,7.53,2026-06-29,-6.69,-5.4,-6.11,20.1,-21.07,-39.66
MATRIMONY,396.85,2026-06-29,1.77,0.65,-6.12,-2.92,-24.69,-25.27
VALIANTORG,278.95,2026-06-29,-1.93,-1.4,-6.14,30.08,3.91,-33.8
SHINDL,145.2,2026-06-29,-5.1,-8.26,-6.14,,,
OSWALAGRO,41.73,2026-06-29,-3.98,-5.09,-6.16,5.14,-26.51,-52.82
RPSGVENT,862.0,2026-06-29,-1.29,-2.95,-6.17,6.33,14.13,-6.02
SUDARSCHEM,880.1,2026-06-29,-2.92,-2.0,-6.17,15.1,-6.06,-29.92
ABMKNO,199.0,2026-06-29,-5.46,-7.84,-6.19,,,
VHLTD,131.4,2026-06-29,-2.72,-5.11,-6.2,-6.05,-11.05,31.27
ALPEXSOLAR,922.55,2026-06-25,-1.43,-6.82,-6.21,13.75,12.57,-12.8
OSWALGREEN,22.61,2026-06-29,-5.0,-7.11,-6.22,3.1,-30.75,-51.03
SICAGEN,52.86,2026-06-29,-3.89,-3.1,-6.24,117.08,117.08,117.08
SONAMAC,33.75,2026-06-25,-3.71,-1.75,-6.25,3.05,-27.58,-57.92
ARTNIRMAN,39.88,2026-06-29,-4.66,1.22,-6.25,22.14,-15.88,-35.63
SAGARDEEP,24.91,2026-06-29,-2.2,-1.23,-6.25,8.87,-10.01,-21.69
NECLIFE,11.67,2026-06-29,-1.27,-1.85,-6.27,19.33,-38.87,-47.27
DRCSYSTEMS,14.02,2026-06-29,-2.77,-2.03,-6.28,2.86,-16.55,-26.98
FINPIPE,174.52,2026-06-29,-2.63,0.88,-6.28,10.71,1.95,-18.2
VIKRAMSOLR,186.68,2026-06-29,-5.79,-12.3,-6.29,-1.93,-22.76,
QUICKHEAL,174.31,2026-06-29,-2.65,-0.17,-6.3,31.49,-35.25,-50.63
RADHIKAJWE,54.4,2026-06-29,-3.97,-7.31,-6.3,0.98,-25.98,-36.33
CUBEXTUB,83.11,2026-06-29,-4.15,-3.96,-6.32,4.42,-34.28,-21.91
BSOFT,299.1,2026-06-29,-5.66,-7.66,-6.34,-11.09,-31.49,-29.71
NKIND,62.0,2026-06-29,-3.22,-4.56,-6.34,0.03,-7.86,-9.54
ALMONDZ,12.76,2026-06-29,-2.52,-4.63,-6.38,2.65,-27.42,-43.81
SSDL,57.39,2026-06-29,-2.25,0.95,-6.42,10.37,-25.61,-41.55
INCREDIBLE,33.24,2026-06-29,-3.74,-4.84,-6.42,10.8,-16.69,-18.81
DEVX,35.48,2026-06-29,-1.55,-2.61,-6.43,6.39,-10.47,
GOPAL,276.45,2026-06-29,-3.05,-3.05,-6.43,10.22,-12.13,-19.92
DPEL,476.05,2026-06-25,-1.53,-2.45,-6.43,13.78,79.64,250.55
RALLIS,224.59,2026-06-29,-3.87,-1.86,-6.43,-1.01,-18.7,-30.15
EMMIL,132.85,2026-06-25,-0.26,5.31,-6.44,5.69,-33.56,-31.2
VISHNUINFR,162.0,2026-06-26,0.59,-3.31,-6.49,20.54,-4.59,-1.02
TDPOWERSYS,1233.0,2026-06-29,-7.05,3.04,-6.49,45.26,77.69,144.66
VIDYAWIRES,101.59,2026-06-29,-7.26,8.62,-6.5,94.13,101.37,
MEIL,299.9,2026-06-29,-5.69,-3.41,-6.51,35.79,-18.46,
ROCKINGDCE,187.9,2026-06-25,7.37,-2.64,-6.52,30.03,-25.0,1.84
21STCENMGM,32.6,2026-06-29,-3.69,1.94,-6.54,10.55,-36.93,-45.64
MANAKSIA,59.48,2026-06-29,1.99,-0.49,-6.57,31.36,-6.65,-21.97
SPLIL,30.16,2026-06-29,-4.41,-4.19,-6.57,30.68,-9.18,-30.63
WINSOL,124.25,2026-06-25,-2.17,-1.11,-6.58,12.8,-21.51,-39.87
IT,30.05,2026-06-29,-1.96,-3.56,-6.59,-7.88,-28.37,-28.35
UMA,18.4,2026-06-26,0.0,1.66,-6.6,11.85,-6.12,-29.77
METALIETF,12.59,2026-06-29,-4.04,-4.77,-6.6,12.21,16.25,31.42
MASPTOP50,76.21,2026-06-29,-2.63,-3.34,-6.62,10.51,6.75,39.55
HCG,595.05,2026-06-29,-3.3,-5.15,-6.62,11.89,-11.37,9.22
GROWWMETAL,11.97,2026-06-29,-3.23,-3.86,-6.63,12.29,16.92,
METAL,12.65,2026-06-29,-4.24,-4.38,-6.64,12.44,16.59,31.63
ASTRAZEN,8058.0,2026-06-29,-5.97,-4.34,-6.64,1.6,-10.9,-9.22
ISFT,79.34,2026-06-29,-2.12,-6.31,-6.67,43.97,-13.63,-28.89
LANDSMILL,0.84,2026-06-29,0.0,-4.55,-6.67,-12.5,-44.74,-4.55
ALICON,632.3,2026-06-29,-3.88,-4.05,-6.69,1.96,-23.75,-28.04
VINDHYATEL,2062.5,2026-06-29,-11.89,-6.18,-6.7,108.97,48.55,22.19
CMRSL,68.25,2026-06-25,0.37,1.11,-6.7,17.57,-8.39,-18.81
ADANIPOWER,227.05,2026-06-29,-2.88,2.96,-6.71,47.51,61.67,94.28
MFML,23.33,2026-06-29,2.28,1.7,-6.72,5.61,-7.05,-21.16
LORDSCHLO,134.12,2026-06-29,0.43,-2.54,-6.77,19.57,-21.08,-13.53
SRTL,40.1,2026-06-29,0.02,-3.02,-6.77,-2.93,,
INDOWIND,9.07,2026-06-29,-1.09,-3.1,-6.78,18.25,-35.72,-54.72
AVONMORE,10.17,2026-06-29,-6.61,-9.2,-6.78,-7.55,-45.9,-45.73
CSBBANK,328.85,2026-06-29,-9.58,-11.79,-6.8,-7.04,-22.61,-16.5
NATCAPSUQ,151.56,2026-06-29,-3.27,-1.17,-6.8,5.57,-10.95,-32.69
ZODIAC,275.7,2026-06-29,-1.62,-2.36,-6.8,21.95,-6.05,-41.3
NESCO,1093.7,2026-06-29,-3.47,-1.01,-6.81,7.09,-9.24,-1.68
WELINV,1715.0,2026-06-29,1.19,-3.65,-6.81,34.48,26.06,46.91
SMLT,68.56,2026-06-29,-6.62,-2.39,-6.82,7.53,-20.58,-44.08
AFCONS,315.85,2026-06-29,0.1,-2.86,-6.84,11.96,-18.07,-28.17
AKG,10.74,2026-06-29,-4.62,0.19,-6.85,4.37,-14.63,-27.63
MASTERTR,75.52,2026-06-29,-6.42,-4.11,-6.87,26.9,-35.73,-48.42
SEJALLTD,728.5,2026-06-29,-7.25,5.5,-6.88,63.95,-13.59,49.87
ICICIAMC,3282.3,2026-06-29,-3.93,0.4,-6.88,14.64,24.58,
HCLTECH,1102.4,2026-06-29,-2.49,-1.51,-6.88,-17.66,-30.61,-33.29
BSE,3859.9,2026-06-29,-4.28,-6.45,-6.9,38.86,46.86,39.07
JKPAPER,343.65,2026-06-29,-1.05,-3.62,-6.91,5.46,-4.09,-6.29
ORIENTELEC,175.4,2026-06-29,-2.46,-3.3,-6.92,13.42,-0.15,-20.98
LIBAS,11.57,2026-06-29,-1.7,-5.01,-6.92,19.65,3.67,-20.26
VIDHIING,282.55,2026-06-29,-1.19,-2.8,-6.92,7.33,-17.98,-30.18
ITBEES,30.02,2026-06-29,-2.18,-3.75,-6.97,-7.72,-28.49,-29.01
TATASTEEL,189.57,2026-06-29,-4.72,-3.91,-6.99,0.13,12.29,19.84
SAKUMA,1.86,2026-06-29,-2.62,-3.63,-7.0,46.46,-12.68,-39.02
AXISTECETF,297.28,2026-06-29,-2.31,-3.98,-7.01,-8.03,-28.64,-29.09
KRISHCA,175.05,2026-06-25,-1.13,-1.1,-7.01,11.67,-12.69,-36.43
DHANUKA,1055.1,2026-06-29,-1.57,-1.85,-7.02,12.71,-12.44,-36.41
BYKE,32.54,2026-06-29,-8.0,-11.7,-7.03,19.06,-34.68,-60.77
RUDRA,17.2,2026-06-29,-3.1,-5.44,-7.03,11.98,-35.05,
DEEPAKNTR,1563.7,2026-06-29,-6.45,-6.18,-7.03,16.19,-10.75,-20.88
MAFANG,185.08,2026-06-29,-5.37,-3.62,-7.04,18.31,8.69,33.69
SIEMENS,3573.1,2026-06-29,-5.17,-0.8,-7.05,17.19,16.99,12.42
MVGJL,141.77,2026-06-29,-4.07,-6.74,-7.05,2.27,-22.43,-39.37
ASAHIINDIA,838.8,2026-06-29,-2.72,-6.05,-7.07,2.66,-12.98,14.63
CYBERMEDIA,16.0,2026-06-29,-6.6,-5.88,-7.08,29.14,-6.92,-8.62
IRFC,90.61,2026-06-29,-10.2,-6.66,-7.08,-1.99,-27.52,-34.03
TECH,29.6,2026-06-29,-2.02,-3.93,-7.09,-7.33,-28.05,-28.24
ITADD,28.69,2026-06-29,-1.98,-3.47,-7.12,-7.72,-28.27,-28.61
TCS,2097.9,2026-06-29,-1.41,-2.96,-7.13,-11.02,-33.42,-36.64
ITIETF,30.05,2026-06-29,-2.15,-3.56,-7.14,-7.71,-28.4,-28.61
GLOBE,2.21,2026-06-29,-0.9,-4.74,-7.14,1.38,-23.79,-7.53
MUKANDLTD,131.11,2026-06-29,-4.75,-3.33,-7.15,13.06,-1.83,-5.44
JAIBALAJI,67.18,2026-06-29,-5.86,-1.81,-7.17,19.58,-2.91,-50.08
DNAMEDIA,2.72,2026-06-29,-4.23,-6.85,-7.17,3.42,-31.14,-45.16
GOKULAGRO,212.63,2026-06-29,-3.43,-4.7,-7.18,15.35,19.41,42.26
ARE&M,822.35,2026-06-29,-4.07,-1.76,-7.19,17.19,-9.21,-13.57
SIGIND,47.1,2026-06-29,-5.46,-5.02,-7.19,6.8,-17.51,-22.99
BHANDARI,2.97,2026-06-29,-1.98,-4.5,-7.19,32.0,-24.81,-45.62
DBREALTY,111.47,2026-06-29,-5.95,-3.04,-7.2,21.47,-5.37,-51.08
DHARMAJ,261.1,2026-06-29,-1.06,-5.93,-7.21,13.5,7.8,-18.33
AISL,52.8,2026-06-26,-4.0,-7.61,-7.21,-14.7,-33.83,-44.42
APEX,395.4,2026-06-29,-4.41,-7.36,-7.25,4.73,44.76,64.04
SYNCOMF,13.92,2026-06-29,-0.43,-3.8,-7.26,27.24,-1.69,-27.61
DIL,0.89,2026-06-29,-4.3,-5.32,-7.29,-21.24,-47.95,-63.52
TRITURBINE,687.4,2026-06-29,-6.77,3.66,-7.3,52.1,27.02,14.25
ESFL,116.1,2026-06-25,-1.19,-1.65,-7.34,-4.33,-44.92,-73.58
BHARATRAS,1345.2,2026-06-29,-3.6,-6.61,-7.36,6.86,-40.11,-47.75
ITETF,28.61,2026-06-29,-2.12,-3.7,-7.38,-7.83,-28.65,-28.9
HDFCNIFIT,28.85,2026-06-29,-2.27,-3.83,-7.41,-8.06,-28.5,-29.05
APOLLOPIPE,471.15,2026-06-29,-4.44,-6.98,-7.41,10.03,59.39,10.56
LUMAXIND,5198.5,2026-06-29,-1.15,-3.03,-7.41,6.53,-3.32,51.27
SBIETFIT,299.47,2026-06-29,-2.12,-3.91,-7.42,-7.96,-28.69,-29.09
KIRIINDUS,381.4,2026-06-29,-5.34,-3.14,-7.43,8.78,-37.65,-34.52
SWIGGY,238.75,2026-06-29,-6.24,-7.17,-7.43,-11.1,-39.53,-41.33
ORIENTPPR,16.82,2026-06-29,-4.97,-5.08,-7.43,14.42,-25.87,-41.64
ENRIN,3583.9,2026-06-29,-7.24,0.93,-7.44,36.3,39.22,23.73
PHANTOMFX,184.05,2026-06-25,2.94,7.79,-7.44,1.57,-21.8,-27.84
PRAENG,20.49,2026-06-29,-2.75,-1.63,-7.45,9.4,-19.08,-8.4
JWL,269.1,2026-06-29,-3.74,-2.32,-7.45,7.13,-20.31,-30.57
CHEMPLASTS,200.22,2026-06-29,-4.24,-0.5,-7.48,-23.57,-21.76,-54.61
KREBSBIO,60.28,2026-06-29,-6.63,-9.22,-7.49,37.44,-12.81,-31.59
NOVARTIND,1440.0,2026-06-29,-3.47,11.25,-7.49,114.21,114.21,114.21
SPCL,70.45,2026-06-25,-0.35,0.28,-7.49,1.88,-12.86,-43.8
PVSL,90.21,2026-06-29,-4.85,-5.51,-7.51,-0.7,-23.17,-30.43
INNOVISION,282.65,2026-06-29,-4.77,-3.37,-7.54,-20.7,,
IVP,161.55,2026-06-29,2.62,0.91,-7.54,32.41,10.7,-14.7
DCI,269.45,2026-06-29,-0.3,-0.24,-7.55,-11.07,10.84,-6.38
KALPATARU,304.3,2026-06-29,-6.7,-5.1,-7.55,12.14,-11.02,
GATECH,0.49,2026-06-29,-3.92,-3.92,-7.55,16.67,-10.91,-53.33
ASTEC,712.7,2026-06-29,-8.33,-6.59,-7.56,22.92,1.29,-23.9
QUICKTOUCH,24.45,2026-06-25,-4.12,-3.55,-7.56,-15.69,-43.4,-63.83
TATAPOWER,386.5,2026-06-29,-4.2,-3.76,-7.57,0.83,3.37,-4.88
JINDRILL,548.25,2026-06-29,-6.07,-8.94,-7.57,10.63,-2.84,-14.03
MONEYBOXX,64.71,2026-06-29,-5.34,-6.84,-7.58,3.29,2.68,
VAKRANGEE,6.08,2026-06-29,-3.34,-4.25,-7.6,21.12,-21.24,-37.32
SALONA,256.6,2026-06-29,-5.05,-1.59,-7.6,-6.16,-2.27,1.62
CREATIVEYE,6.32,2026-06-29,-3.07,-4.1,-7.6,3.95,-9.84,-38.46
EFORCE,21.85,2026-06-25,-6.22,-8.96,-7.61,13.8,-36.2,-57.11
UYFINCORP,13.99,2026-06-29,-2.98,-3.32,-7.66,15.81,-1.13,-21.23
KEEPLEARN,1.92,2026-06-29,-3.03,-3.03,-7.69,17.07,-20.33,-44.67
ISHAN,0.6,2026-06-25,-7.69,0.0,-7.69,9.09,-25.0,-42.86
TPHQ,0.48,2026-06-29,-2.04,0.0,-7.69,4.35,-31.43,-36.84
VIKASECO,1.2,2026-06-29,-5.51,-6.98,-7.69,12.15,-29.41,-52.38
SINDHUTRAD,24.67,2026-06-29,-2.06,-1.67,-7.71,17.53,26.84,-5.22
KPITTECH,712.2,2026-06-29,-5.84,-5.92,-7.74,7.9,-39.92,-43.39
PIIND,2559.8,2026-06-29,-8.76,-9.69,-7.75,-8.93,-20.88,-38.17
ANNAPURNA,129.65,2026-06-25,-1.82,-3.32,-7.76,-17.97,-38.76,-52.58
ASHIMASYN,14.83,2026-06-29,-7.25,-9.24,-7.77,16.31,-18.29,-47.19
EXPLEOSOL,806.35,2026-06-29,-2.21,0.34,-7.77,17.61,-16.99,-37.25
REPL,66.67,2026-06-29,-4.92,-8.09,-7.77,9.74,-42.92,-63.16
KRIDHANINF,2.85,2026-06-29,-2.4,-3.06,-7.77,42.5,-32.14,-43.0
SAMBHAAV,6.35,2026-06-29,-5.37,-2.01,-7.84,19.14,-29.99,-10.44
HONDAPOWER,2178.1,2026-06-29,-4.41,-0.82,-7.84,12.78,-3.53,-22.89
TTL,6.81,2026-06-29,-1.3,0.15,-7.85,-20.35,-19.22,-56.42
ASIANHOTNR,289.35,2026-06-29,-3.98,-3.39,-7.86,2.06,-0.48,-19.38
HINDCOPPER,496.2,2026-06-29,-2.85,-3.86,-7.89,0.56,1.96,80.89
HNGSNGBEES,477.44,2026-06-29,-0.37,-3.82,-7.92,1.95,-3.37,23.67
BCPL,73.45,2026-06-29,-3.27,-4.59,-7.92,2.86,,
BAJAJ-AUTO,9630.0,2026-06-29,-5.5,-3.15,-7.93,9.71,7.47,15.76
JAINREC,343.9,2026-06-29,-9.55,-1.99,-7.94,-25.88,-12.54,
KELLTONTEC,15.31,2026-06-29,-1.8,-0.71,-7.94,7.59,-16.11,-41.87
DRSDILIP,110.0,2026-06-26,0.0,0.0,-7.95,-7.95,83.03,12.24
PRAKASHSTL,4.17,2026-06-29,-8.55,-6.71,-7.95,2.46,-30.5,-32.63
NTPC,356.1,2026-06-29,-2.98,2.3,-7.96,-5.2,10.23,8.04
INNOVATIVE,78.0,2026-06-25,1.36,5.41,-7.96,-18.28,-20.04,-0.32
ORIENTTECH,245.5,2026-06-29,-4.57,-5.49,-7.97,2.19,-18.39,-21.93
ITBETA,284.36,2026-06-29,-2.1,-3.73,-7.99,-7.49,-28.51,-29.26
DREDGECORP,1067.1,2026-06-29,-11.81,-2.96,-8.09,30.92,9.29,51.45
WAAREEENER,2886.1,2026-06-29,-5.72,-5.4,-8.11,-6.68,-3.16,-2.03
SANDUMA,207.95,2026-06-29,-2.62,-3.03,-8.11,16.19,-10.44,29.08
UNITEDTEA,471.65,2026-06-29,-3.29,-6.09,-8.19,-7.52,3.3,7.52
WILLAMAGOR,25.67,2026-06-29,-3.75,-5.24,-8.22,9.0,-10.28,-26.09
AGROPHOS,30.37,2026-06-29,-2.54,-1.43,-8.22,8.85,-27.12,-14.01
CHEMFAB,371.75,2026-06-29,-1.71,-3.42,-8.22,18.03,-12.16,-51.45
CAMPUS,232.35,2026-06-29,-1.78,-2.25,-8.23,3.84,-10.17,-17.32
MAL,34.0,2026-06-25,2.26,11.48,-8.23,3.98,-33.85,-52.74
ANKITMETAL,1.45,2026-06-29,-3.97,-8.81,-8.23,7.41,-16.18,-27.86
PRITI,39.93,2026-06-29,-7.14,0.35,-8.23,19.87,-32.6,-57.42
AJAXENGG,541.4,2026-06-29,-4.65,-1.45,-8.24,27.07,-7.48,-13.89
MOSCHIP,201.78,2026-06-29,-5.37,-5.3,-8.24,26.93,-2.18,10.82
RHIM,372.95,2026-06-29,-4.13,-0.68,-8.28,11.63,-16.99,-22.37
AXITA,7.53,2026-06-29,-1.7,-2.46,-8.28,-12.44,-37.2,-7.66
SHIVAMILLS,59.61,2026-06-29,-6.57,-6.05,-8.29,32.5,1.46,-23.99
HDIL,1.77,2026-06-29,-2.21,-5.85,-8.29,-12.81,-27.46,-49.72
CAPTRUST,12.69,2026-06-29,-0.24,-2.38,-8.31,12.3,-6.55,-82.07
SEL,183.3,2026-06-26,0.0,3.56,-8.35,36.79,-11.58,-37.39
BCONCEPTS,180.02,2026-06-29,3.18,0.87,-8.35,-16.72,-48.09,-48.04
DCMFINSERV,5.48,2026-06-29,0.74,-0.54,-8.36,0.74,3.2,-20.12
VRAJ,116.82,2026-06-29,-3.93,-4.23,-8.36,13.6,-4.68,-34.9
FLAIR,264.45,2026-06-29,-6.17,0.11,-8.37,-7.41,-12.97,4.34
DOLPHIN,368.55,2026-06-29,-4.64,-5.6,-8.37,-6.46,-14.33,-13.77
ADL,68.05,2026-06-29,-0.66,-4.15,-8.39,16.64,-13.63,-25.37
CRIZAC,197.73,2026-06-29,-6.03,-8.94,-8.4,4.37,-28.2,
MUKTAARTS,59.4,2026-06-29,-9.44,-5.86,-8.43,45.7,-5.71,-33.23
MUNJALSHOW,126.88,2026-06-29,-1.86,-1.86,-8.44,9.63,2.98,-0.76
NAGREEKEXP,26.14,2026-06-29,-3.29,-2.17,-8.44,39.26,-1.43,-11.21
THEINVEST,93.93,2026-06-29,-4.55,-4.5,-8.44,2.23,-22.07,-38.66
SIKKO,3.79,2026-06-29,-4.77,-5.25,-8.45,-13.67,-29.16,-2.12
TEMBO,552.2,2026-06-29,-2.2,-2.75,-8.45,18.16,-17.89,5.57
FORCEMOT,17825.0,2026-06-29,-3.77,-3.86,-8.46,-12.67,-5.94,23.2
ARSHIYA,1.08,2026-06-29,1.89,-1.82,-8.47,-18.8,-10.0,-58.14
SLONE,162.0,2026-06-25,28.57,38.46,-8.47,-4.11,-40.43,-35.47
RULKA,86.9,2026-06-25,-3.55,-3.34,-8.53,1.05,-19.5,-34.86
DEVIT,25.63,2026-06-29,-9.05,-8.95,-8.56,1.95,-34.05,-40.76
SALSTEEL,54.48,2026-06-29,-4.69,-8.53,-8.59,43.44,30.65,214.01
RTNPOWER,9.01,2026-06-29,-4.45,-5.26,-8.62,13.19,-2.91,-37.39
VIVIDHA,0.53,2026-06-29,0.0,1.92,-8.62,10.42,-18.46,-37.65
PGHH,8813.0,2026-06-29,-3.75,-1.99,-8.68,-3.56,-31.32,-31.9
AHLEAST,146.63,2026-06-29,-4.72,-3.79,-8.69,3.61,8.82,1.46
GUJRAFFIA,40.08,2026-06-29,-7.76,-2.58,-8.7,9.45,-18.67,-1.06
SANWARIA,0.21,2026-06-29,-4.55,-4.55,-8.7,-12.5,-19.23,-43.24
WANBURY,281.7,2026-06-29,3.22,5.37,-8.73,24.18,20.56,-0.7
SECURKLOUD,19.0,2026-06-29,-0.16,-0.05,-8.74,-1.76,-20.07,-24.45
JAYAGROGN,204.86,2026-06-29,-5.18,-6.42,-8.74,22.27,1.22,-19.38
NTPCGREEN,94.47,2026-06-29,-2.79,-4.31,-8.74,-0.62,-0.6,-10.82
DELTACORP,63.52,2026-06-29,-4.62,-2.73,-8.74,14.62,-8.46,-28.17
HEG,517.2,2026-06-29,-3.79,-4.73,-8.76,-9.63,-13.84,1.83
ONEPOINT,57.08,2026-06-29,-2.04,-3.37,-8.77,34.53,-0.11,10.68
INFY,1036.7,2026-06-29,-2.69,-8.65,-8.77,-16.58,-35.6,-33.13
JSWHL,12020.0,2026-06-29,-4.62,-3.24,-8.78,1.54,-39.05,-45.35
SUNFLAG,340.95,2026-06-29,-4.79,-5.51,-8.78,68.01,27.55,14.35
LTTS,3129.8,2026-06-29,-6.24,-7.82,-8.82,-1.04,-30.02,-27.52
AXISCADES,1699.1,2026-06-29,-9.53,-10.85,-8.84,16.4,30.96,19.13
ICEMAKE,761.2,2026-06-29,-1.62,-0.19,-8.85,9.39,-6.15,-1.54
OMFURN,54.05,2026-06-25,-0.92,-6.89,-8.85,25.99,-39.27,-48.74
MADHAVBAUG,175.0,2026-06-25,-3.85,5.84,-8.88,-5.41,-37.72,13.64
KINGFA,4987.0,2026-06-29,-1.8,-0.51,-8.89,23.68,18.34,49.96
BODALCHEM,64.59,2026-06-29,-5.83,-2.59,-8.9,12.9,20.5,-14.83
DRL,11.75,2026-06-26,-7.48,-4.47,-8.91,19.9,-46.47,-60.3
PALASHSECU,91.08,2026-06-29,-4.38,-7.49,-8.92,11.81,-14.08,-28.15
KOPRAN,187.86,2026-06-29,-7.78,2.44,-8.93,65.62,30.86,3.07
WEBELSOLAR,99.5,2026-06-29,-6.15,-5.37,-8.93,40.6,9.79,-24.47
KOTHARIPRO,69.45,2026-06-29,-3.78,-1.04,-8.94,14.55,-5.55,-18.32
ABFRL,58.8,2026-06-29,-3.16,-3.67,-8.99,3.07,-23.62,-21.29
FEDFINA,147.1,2026-06-29,-4.26,-9.3,-9.02,12.9,0.45,28.3
POWERINDIA,34975.0,2026-06-29,-4.86,0.81,-9.03,41.69,90.18,75.43
NIDAN,13.6,2026-06-25,-2.51,-2.16,-9.03,-6.21,-27.08,-33.66
GPIL,262.0,2026-06-29,-5.36,-7.01,-9.04,-3.71,2.19,38.73
ASIANTILES,55.61,2026-06-29,0.54,-8.9,-9.06,-5.3,-25.6,-13.34
IMFA,1315.0,2026-06-29,-8.04,-8.86,-9.07,6.77,-8.74,71.97
FEL,0.4,2026-06-29,-2.44,-6.98,-9.09,5.26,-14.89,-34.43
BRNL,18.5,2026-06-29,-1.75,-1.28,-9.09,2.95,-15.06,-12.32
PML,490.8,2026-06-29,-2.44,-3.18,-9.09,,,
NORBTEAEXP,70.5,2026-06-29,-0.47,-5.55,-9.11,-21.63,-18.62,106.2
ASHAPURMIN,672.05,2026-06-29,-5.7,-5.22,-9.12,37.97,-24.65,56.67
GOLD360,137.6,2026-06-29,-3.54,-6.49,-9.14,-0.54,3.5,45.15
ZENITHSTL,5.57,2026-06-29,-5.27,-0.71,-9.14,13.91,-22.96,-33.53
SILGO,74.94,2026-06-29,0.01,-0.28,-9.14,4.88,-5.87,41.4
HAPPSTMNDS,337.65,2026-06-29,-3.09,-3.98,-9.16,-13.19,-28.58,-47.58
TWCGOLDETF,140.46,2026-06-29,-3.85,-6.15,-9.16,-0.9,,
PRAVEG,247.25,2026-06-29,5.41,6.55,-9.17,,,
LICMFGOLD,127.15,2026-06-29,-3.53,-6.06,-9.18,-0.39,-98.98,-98.54
MANINFRA,104.64,2026-06-29,-2.0,-9.57,-9.2,20.94,-18.4,-42.76
ARISTO,99.7,2026-06-26,0.0,6.01,-9.2,21.59,-16.67,-12.94
GOLDBND,140.96,2026-06-29,-3.72,-6.04,-9.22,-1.12,,
LATTEYS,21.01,2026-06-29,-4.41,-4.93,-9.24,21.37,-6.41,-1.68
MOGOLD,139.45,2026-06-29,-3.69,-5.97,-9.24,-0.46,1.46,
TIPSFILMS,330.25,2026-06-29,-4.36,-7.62,-9.25,8.44,-21.04,-42.28
LTM,3686.1,2026-06-29,-3.76,-5.43,-9.25,-11.07,-38.09,-29.15
SETFGOLD,120.42,2026-06-29,-3.63,-6.0,-9.25,-0.82,3.1,46.39
MODINATUR,419.8,2026-06-29,3.14,-0.65,-9.26,51.44,16.03,
MICEL,39.69,2026-06-29,-7.03,-6.81,-9.26,25.84,-7.72,-26.28
EUROBOND,167.19,2026-06-29,-4.98,-4.17,-9.26,11.66,-5.18,-3.72
KESORAMIND,11.35,2026-06-29,-3.9,-1.48,-9.27,32.9,-14.53,84.85
GROWWGOLD,13.77,2026-06-29,-3.84,-6.07,-9.29,-0.43,-89.71,-85.46
ATLANTAELE,1788.6,2026-06-29,-7.37,-2.17,-9.3,44.4,96.44,
BESTAGRO,14.81,2026-06-29,-6.5,-8.07,-9.31,14.45,-42.72,-30.66
IVZINGOLD,122.6,2026-06-29,-3.99,-6.3,-9.32,-99.01,-98.97,-98.54
KARMAENG,41.47,2026-06-29,2.17,-3.22,-9.32,14.62,-15.25,-42.47
QGOLDHALF,116.79,2026-06-29,-3.72,-6.08,-9.32,-0.73,3.02,46.54
HSBCGOLD,122.79,2026-06-29,-3.88,-5.55,-9.33,-0.85,,
GREENCHEF,52.4,2026-06-25,-1.23,1.85,-9.34,18.96,-10.88,-15.21
TATAGOLD,13.68,2026-06-29,-3.8,-6.04,-9.34,-0.8,2.86,45.84
MHHL,35.35,2026-06-25,15.33,3.97,-9.36,-7.7,-11.63,-39.1
GOLDIETF,120.66,2026-06-29,-3.8,-6.28,-9.36,-0.64,2.82,46.56
SUPREMEIND,3194.0,2026-06-29,-10.34,-9.39,-9.37,-14.17,-1.81,-25.7
AXISGOLD,117.36,2026-06-29,-3.84,-6.38,-9.38,-0.67,3.06,46.3
HDFCGOLD,120.34,2026-06-29,-3.69,-6.12,-9.39,-0.91,2.97,46.1
HBSL,50.13,2026-06-29,-5.84,-7.08,-9.4,11.72,-31.3,-55.77
AONEGOLD,13.14,2026-06-29,-3.95,-6.48,-9.44,-1.28,2.82,
GOLDADD,136.77,2026-06-29,-3.76,-6.28,-9.48,-0.75,2.8,45.9
GOLDBETA,118.4,2026-06-29,-3.9,-6.14,-9.48,-1.09,2.78,46.35
NATCOPHARM,919.5,2026-06-29,3.98,8.48,-9.49,-6.05,2.83,4.57
GOLDBEES,116.43,2026-06-29,-3.87,-6.19,-9.5,-0.94,3.01,45.88
BONLON,41.87,2026-06-29,-5.06,-6.62,-9.51,15.86,,
MONOPHARMA,10.9,2026-06-25,-0.91,-1.8,-9.54,-6.84,-28.29,-56.57
GREENPOWER,10.43,2026-06-29,-6.37,-6.62,-9.54,19.75,-8.19,-26.29
BSLGOLDETF,123.75,2026-06-29,-3.92,-6.14,-9.55,-1.22,2.62,46.31
GMRP&UI,99.06,2026-06-29,-2.63,-6.83,-9.55,2.12,-10.09,-13.62
PATANJALI,412.6,2026-06-29,-1.35,-3.08,-9.56,-13.08,-23.6,-24.29
GOLD1,117.51,2026-06-29,-3.83,-6.08,-9.57,-0.77,3.56,46.23
SOLEX,1101.7,2026-06-29,-2.97,1.52,-9.59,13.26,-11.3,-16.24
MUTHOOTFIN,3021.2,2026-06-29,-6.06,-4.4,-9.62,-6.84,-18.46,18.52
CHOICEGOLD,139.26,2026-06-29,-4.33,-6.54,-9.63,-1.44,2.56,
BHARATWIRE,201.53,2026-06-29,-5.61,-4.63,-9.65,30.9,8.99,-10.2
PASHUPATI,86.57,2026-06-29,-0.89,-0.9,-9.67,-11.81,6.49,31.22
GOLDETF,136.44,2026-06-29,-4.1,-6.28,-9.67,-1.02,2.84,45.57
GOLDCASE,22.14,2026-06-29,-3.91,-6.19,-9.67,-1.03,2.55,46.04
CESC,164.48,2026-06-29,-5.59,-2.68,-9.67,8.79,-0.12,-1.33
BI,56.18,2026-06-29,-1.49,-4.57,-9.68,,,
DHRUV,28.34,2026-06-29,-0.91,2.83,-9.72,3.32,-40.49,-55.03
GOLDKART,136.9,2026-06-26,0.0,-9.73,-9.73,-44.12,-47.33,-35.73
KKVAPOW,553.25,2026-06-25,-5.0,-9.75,-9.75,-5.43,-12.74,-7.98
RRIL,18.01,2026-06-29,-2.17,-11.28,-9.77,,,
DYNPRO,232.1,2026-06-29,-0.02,0.11,-9.78,14.04,-10.47,-18.65
BAYERCROP,4066.5,2026-06-29,-2.68,-5.24,-9.82,-9.76,-10.37,-31.74
PFOCUS,210.49,2026-06-29,-6.2,-12.78,-9.82,-35.64,-11.24,53.83
VIVO,73.75,2026-06-26,-4.84,-4.84,-9.84,-2.96,-5.45,15.23
SADBHAV,8.7,2026-06-29,-0.34,-4.4,-9.84,13.28,-24.87,-31.98
UNIONGOLD,136.95,2026-06-29,-4.56,-7.12,-9.87,-1.62,6.04,45.31
RSYSTEMS,238.9,2026-06-29,-6.06,-6.92,-9.87,-3.63,-41.32,-47.53
YASHOPTICS,119.65,2026-06-25,1.27,-2.53,-9.87,11.15,-4.66,46.27
SAPPL,257.75,2026-06-29,-4.47,-7.91,-9.88,,,
EGOLD,140.2,2026-06-29,-4.2,-6.53,-9.9,-1.51,2.19,45.06
PKTEA,726.1,2026-06-29,-6.67,-4.34,-9.92,-11.04,-14.12,-8.27
VEEKAYEM,126.1,2026-06-25,-3.81,-8.62,-9.93,3.36,-29.38,-49.24
NGIL,37.95,2026-06-29,1.2,1.17,-9.94,60.19,26.42,30.95
ARFIN,83.27,2026-06-29,-14.18,-9.51,-9.99,10.34,21.42,
SHIVAMAUTO,16.31,2026-06-29,-4.17,-3.15,-9.99,13.66,-25.66,-49.22
PROPEQUITY,225.0,2026-06-25,-8.91,-7.02,-10.0,32.35,15.41,7.14
BALAXI,23.59,2026-06-29,2.25,-0.84,-10.0,43.14,-17.49,-52.87
INDOUS,89.8,2026-06-29,-3.11,-0.26,-10.02,-11.08,-26.36,-41.31
SCHAND,145.51,2026-06-29,-3.29,-3.15,-10.02,9.88,-5.37,-37.48
HINDCON,20.19,2026-06-29,-4.54,-5.7,-10.03,11.06,-26.37,-42.54
ALPHAGEO,198.97,2026-06-29,-4.68,-2.97,-10.04,12.71,-11.12,-27.6
INA,113.57,2026-06-29,-5.3,-4.33,-10.04,27.39,,
BBNPPGOLD,135.4,2026-06-29,-4.75,-7.1,-10.09,-1.6,2.07,44.04
BBOX,932.2,2026-06-29,-5.07,-7.86,-10.12,101.95,67.87,87.19
OWAIS,119.5,2026-06-25,-5.2,20.83,-10.12,-3.24,-56.84,-80.31
SEAMECLTD,1450.9,2026-06-29,6.16,-9.81,-10.14,5.03,36.21,72.89
STLNETWORK,27.27,2026-06-29,-4.78,-3.43,-10.15,63.78,22.67,
GATECHDVR,0.44,2026-06-29,-4.35,-6.38,-10.2,12.82,-12.0,-51.11
THAKDEV,123.0,2026-06-29,-2.57,1.78,-10.21,,,
AWFIS,294.3,2026-06-29,-2.32,-2.95,-10.25,15.75,-39.18,-54.89
MAHKTECH,21.78,2026-06-29,-2.42,-4.89,-10.26,-4.81,-14.49,-0.95
PENINLAND,15.37,2026-06-29,-1.41,-0.13,-10.27,2.26,-39.03,-48.18
VMSTMT,43.79,2026-06-29,-3.63,-4.47,-10.3,17.53,-14.95,
NDL,2.35,2026-06-29,-6.37,-9.96,-10.31,19.29,-18.97,-38.48
BENGALASM,6258.0,2026-06-29,-0.82,-3.3,-10.32,,,
RAJVIR,6.86,2026-06-26,0.0,-4.99,-10.33,-10.33,-22.49,-34.67
GTPL,60.28,2026-06-29,-5.09,-7.32,-10.36,6.39,-38.75,-49.01
RITEZONE,18.95,2026-06-25,4.99,15.2,-10.4,18.81,-8.01,-15.78
SONAMLTD,51.45,2026-06-29,-4.7,-6.66,-10.41,-1.7,19.79,1.2
FSL,235.35,2026-06-29,-3.66,-4.54,-10.42,10.56,-29.29,-37.17
WEWIN,48.41,2026-06-29,-3.18,-4.14,-10.43,23.15,7.58,-3.66
MEDPLUS,801.55,2026-06-29,-3.81,-7.94,-10.46,-3.17,-1.13,-12.09
LASA,7.44,2026-06-29,0.54,4.2,-10.47,24.83,-16.22,-27.34
GUJALKALI,608.2,2026-06-29,-7.13,-7.0,-10.5,3.85,23.32,2.93
AVPINFRA,67.7,2026-06-25,-0.15,-7.13,-10.57,-23.98,-46.06,-64.15
EMKAYTOOLS,94.8,2026-06-25,-0.21,-4.29,-10.57,-0.63,-18.97,-59.83
INDIFRA,12.65,2026-06-26,0.0,-8.0,-10.6,2.43,-20.69,-45.24
DYNAMATECH,9940.0,2026-06-29,-9.54,-6.24,-10.63,9.68,4.62,39.15
PENTAGON,58.95,2026-06-26,0.0,7.18,-10.68,-6.43,-15.24,-7.17
RAMKY,399.0,2026-06-29,-6.71,-9.16,-10.68,-10.67,-28.48,-26.27
DAVANGERE,3.59,2026-06-29,-0.83,-1.91,-10.7,-7.24,1.41,4.36
INDUSTOWER,394.65,2026-06-29,-4.54,-4.5,-10.72,-7.42,-6.54,-4.26
UNIDT,211.84,2026-06-29,-3.0,-8.72,-10.73,37.83,3.44,-3.96
DENTALKART,373.35,2026-06-25,-2.26,-1.81,-10.75,4.24,-33.66,-39.24
REGAAL,76.94,2026-06-29,-0.59,-5.46,-10.76,20.2,12.85,
MCL,56.11,2026-06-29,-5.95,-5.89,-10.77,-2.49,-13.61,-0.3
ECLERX,1345.3,2026-06-29,-7.21,-4.32,-10.78,-8.03,-41.42,-23.32
JARO,501.55,2026-06-29,-5.04,-10.16,-10.8,17.08,2.61,
BILVYAPAR,4.12,2026-06-29,-5.29,3.52,-10.82,-17.76,-45.36,-63.21
SHEKHAWATI,13.85,2026-06-29,-2.46,-5.65,-10.82,32.66,-27.79,-41.06
VIVIMEDLAB,5.99,2026-06-29,1.18,-5.82,-10.86,7.93,-69.39,21.01
SAHAJSOLAR,131.35,2026-06-25,-3.74,-1.13,-10.89,20.56,-22.32,-50.62
BAGFILMS,4.5,2026-06-29,-7.98,-10.54,-10.89,11.94,-28.57,-40.63
DTL,120.2,2026-06-26,-0.66,-7.54,-10.96,13.4,-17.67,-21.44
GAYAHWS,2.03,2026-06-29,-8.56,-8.97,-10.96,-1.46,-30.48,57.36
TECHNVISN,4790.0,2026-06-29,-4.46,-11.1,-10.97,,,
CONTI,11.75,2026-06-25,-4.86,-6.37,-10.98,-9.96,-51.84,-50.32
AMBALALSA,31.41,2026-06-29,-1.29,-5.45,-10.99,,,
JYOTISTRUC,11.52,2026-06-29,-5.88,-5.81,-11.04,19.25,25.35,-37.59
GSPCROP,387.3,2026-06-29,-10.95,-15.18,-11.06,8.62,,
INFOLLION,171.55,2026-06-25,-0.75,-0.78,-11.09,-38.78,-55.33,-64.67
ALLCARGO,8.09,2026-06-29,-5.38,-11.87,-11.1,7.87,-22.81,-76.81
MEDICAMEQ,241.4,2026-06-29,5.88,7.17,-11.1,1.09,-33.48,-41.64
MAANALU,122.83,2026-06-29,-5.61,-3.71,-11.1,-1.02,-22.77,-2.99
MAXPOSURE,36.0,2026-06-25,4.5,8.6,-11.11,5.26,-25.62,-33.58
ARABIAN,64.0,2026-06-26,-3.03,-3.03,-11.11,-9.73,-13.34,-25.41
PARTYCRUS,92.0,2026-06-25,1.32,-5.88,-11.11,10.84,6.98,15.0
FRONTSP,1407.8,2026-06-29,-2.91,-5.73,-11.12,,,
FRACTAL,890.8,2026-06-29,-7.12,-7.3,-11.13,12.4,,
PCJEWELLER,8.53,2026-06-29,-4.69,-6.98,-11.15,7.03,-3.29,-31.1
FELDVR,2.38,2026-06-29,-8.46,-12.5,-11.19,-11.85,-22.73,-32.77
TECILCHEM,10.58,2026-06-29,-5.79,-3.73,-11.24,-6.62,-45.58,-45.38
EFACTOR,181.0,2026-06-25,1.4,-3.1,-11.27,1.4,-45.34,-21.63
MVKAGRO,389.15,2026-06-25,-4.82,-12.16,-11.28,-29.13,-48.59,167.46
USASEEDS,93.0,2026-06-26,0.0,-2.11,-11.34,0.0,-35.86,-41.2
MAKS,23.05,2026-06-26,0.0,-12.69,-11.35,-17.09,-22.0,-28.3
SRHHYPOLTD,482.55,2026-06-29,-2.82,-3.02,-11.37,18.61,-6.27,-25.98
VR,119.1,2026-06-26,0.0,-9.7,-11.38,-21.15,-24.62,-37.64
LUXIND,1222.8,2026-06-29,-2.32,-5.53,-11.41,39.43,11.27,-15.77
RNBDENIMS,10.71,2026-06-29,-3.34,-4.97,-11.41,-52.69,-74.77,
INSECTICID,651.35,2026-06-29,-5.45,-8.23,-11.45,17.09,-6.95,-31.96
PRECOT,710.3,2026-06-29,-6.39,-2.78,-11.51,34.34,76.17,32.41
JINDALSTEL,1068.1,2026-06-29,-5.64,-7.08,-11.52,-5.59,7.83,13.93
BLBLIMITED,15.05,2026-06-29,-6.0,-5.76,-11.52,-4.38,9.93,-0.27
ABMINTLLTD,41.94,2026-06-29,2.22,1.45,-11.59,-3.41,-2.24,-37.94
ESABINDIA,5755.0,2026-06-29,-0.42,-0.1,-11.61,12.45,-5.5,14.2
ORIENTALTL,5.71,2026-06-29,-8.93,-11.34,-11.61,15.35,-31.04,-56.94
TAALTECH,3145.2,2026-06-29,-8.13,-6.49,-11.62,,,
ARENTERP,35.51,2026-06-29,-10.87,-5.31,-11.64,-1.91,-21.97,-37.11
TMPV,345.05,2026-06-29,-4.55,-12.23,-11.67,14.75,-2.98,-49.35
NAGREEKCAP,24.86,2026-06-29,-6.19,-11.21,-11.75,14.04,-11.18,-7.72
ADVENZYMES,321.1,2026-06-29,-14.36,-12.59,-11.79,20.76,10.95,-2.28
ONGC,234.05,2026-06-29,-4.64,-3.94,-11.81,-16.99,2.02,1.6
UPL,568.4,2026-06-29,-6.13,-7.82,-11.85,-4.61,-26.27,-11.06
RKDL,18.69,2026-06-29,-1.68,3.26,-11.92,0.48,-18.03,-38.3
BALPHARMA,79.32,2026-06-29,-8.96,-9.64,-11.98,20.4,9.88,-19.56
SKIL,0.88,2026-06-29,-4.35,-8.33,-12.0,-5.38,-29.03,-67.41
OMAXAUTO,216.43,2026-06-29,-6.99,-6.92,-12.0,124.78,114.97,153.6
KRITINUT,83.09,2026-06-29,-3.16,0.74,-12.07,40.43,24.95,-27.0
ROSSTECH,929.1,2026-06-29,-14.08,-6.89,-12.08,36.37,47.86,132.34
KEYFINSERV,241.6,2026-06-29,-4.41,-5.24,-12.1,5.73,-19.81,-11.17
IEML,45.6,2026-06-25,-4.0,-4.4,-12.14,-34.48,-48.47,-67.93
LAXMIINDIA,99.43,2026-06-29,-6.68,-9.51,-12.2,27.0,-18.48,
SRPL,0.36,2026-06-29,-2.7,-5.26,-12.2,-23.4,-45.45,-32.08
RHETAN,26.35,2026-06-29,-4.67,-10.31,-12.25,6.55,8.53,
JAIPURKURT,28.19,2026-06-29,-1.23,-1.05,-12.26,11.2,-5.53,-34.49
PURVFLEXI,50.0,2026-06-26,-2.91,-2.44,-12.28,26.1,-42.66,-32.43
ZENSARTECH,433.4,2026-06-29,-3.72,-3.88,-12.29,-17.53,-39.01,-47.84
AJOONI,3.64,2026-06-29,-1.89,-2.67,-12.29,-5.7,-13.95,-39.53
TRIGYN,50.8,2026-06-29,-11.28,-8.8,-12.34,20.78,-22.89,-39.7
ONESOURCE,1598.7,2026-06-29,-1.0,-1.52,-12.38,10.48,-9.66,-27.13
BUILDPRO,1015.6,2026-06-29,-2.95,2.48,-12.38,6.72,,
BGRENERGY,303.45,2026-06-29,-10.71,-9.65,-12.39,17.39,-10.53,198.76
IFBAGRO,914.8,2026-06-29,0.07,-1.28,-12.39,26.53,-32.05,23.36
IITL,130.86,2026-06-29,1.75,-7.28,-12.39,-1.95,-19.33,-22.82
RAJSREESUG,31.21,2026-06-29,-8.15,-6.72,-12.41,19.21,-10.19,-36.36
PAKKA,80.04,2026-06-29,-1.11,-0.82,-12.47,-5.91,-23.49,-61.64
WOMANCART,104.8,2026-06-25,-4.2,-2.33,-12.59,-33.44,-64.05,-54.43
KSHITIJPOL,4.14,2026-06-29,-18.18,-36.31,-12.66,77.68,58.02,23.95
RPOWER,24.14,2026-06-29,-8.84,-9.38,-12.66,13.07,-31.61,-65.11
VILINBIO,41.55,2026-06-25,-13.17,-9.87,-12.71,9.06,105.19,49.19
NUVOCO,304.15,2026-06-29,-3.09,-3.04,-12.76,1.54,-15.97,-14.66
APCL,107.13,2026-06-29,-5.16,-5.44,-12.77,-0.93,-9.63,-27.81
GVKPIL,2.66,2026-06-29,-3.97,-6.99,-12.79,10.37,-15.02,-35.75
TARAPUR,18.12,2026-06-29,-7.03,-10.07,-12.84,-28.63,-36.86,-34.09
LUMAXTECH,1503.2,2026-06-29,-9.05,-10.52,-12.85,-6.56,0.23,32.09
ANDHRSUGAR,77.91,2026-06-29,-8.29,-7.49,-12.88,8.59,3.41,-5.58
OSIAHYPER,3.17,2026-06-29,-4.8,-2.16,-12.91,-22.49,-77.44,-77.16
NOVAAGRI,24.47,2026-06-29,-4.23,-10.3,-12.95,18.79,-36.06,-50.37
SANGANI,43.0,2026-06-25,-4.44,-4.44,-12.96,6.17,-24.56,-39.86
MARATHON,401.4,2026-06-29,-0.94,-1.44,-13.07,2.33,-20.01,-37.18
SEYAIND,13.02,2026-06-29,-1.51,-1.14,-13.08,24.36,-21.8,-45.73
PRECISION,6.95,2026-06-25,-2.11,-8.55,-13.13,-8.55,-44.4,-66.59
BLUECOAST,28.16,2026-06-29,-2.76,-2.83,-13.14,45.6,-18.49,-2.26
SIGNATURE,740.4,2026-06-29,-6.62,-6.05,-13.17,-0.38,-34.72,-40.38
LATENTVIEW,279.9,2026-06-29,-6.51,-7.55,-13.22,7.49,-39.27,-31.85
OIL,412.75,2026-06-29,-2.32,-1.07,-13.32,-13.65,3.14,-2.16
ASTRAL,1368.0,2026-06-29,-12.18,-11.44,-13.32,-15.51,-0.29,-8.58
ELITECON,27.22,2026-06-29,-5.09,-9.3,-13.37,,,
DCAL,168.57,2026-06-29,-2.63,-6.47,-13.42,18.14,-31.29,-31.75
TCC,320.25,2026-06-29,-5.89,-7.74,-13.52,-7.63,,
PRESSTONIC,29.4,2026-06-25,-2.0,-1.84,-13.53,-4.55,-52.66,-70.92
CORDSCABLE,207.39,2026-06-29,-4.31,-6.54,-13.55,48.92,12.27,3.82
TAKE,26.62,2026-06-29,-10.91,-9.85,-13.57,-31.48,-30.51,211.35
LAKPRE,4.88,2026-06-29,1.67,1.46,-13.63,-0.41,-7.4,4.05
UMAEXPORTS,22.39,2026-06-29,-2.61,-6.32,-13.65,14.88,-43.0,-59.48
GMDCLTD,578.4,2026-06-29,-5.95,-4.74,-13.67,2.08,-3.16,43.11
SOLARWORLD,181.01,2026-06-29,-4.27,-2.8,-13.7,26.98,-35.31,
DPSCLTD,7.31,2026-06-29,-4.69,-3.69,-13.7,1.67,-26.38,-44.73
TRU,5.16,2026-06-29,-11.64,-10.1,-13.71,2.79,-34.27,-69.89
CELLECOR,36.15,2026-06-25,1.26,-3.98,-13.72,53.18,21.11,-10.41
MAHASTEEL,816.45,2026-06-29,-3.16,-2.42,-13.73,-16.16,-11.6,134.44
ALLETEC,140.5,2026-06-25,-3.24,-4.1,-13.75,1.12,-35.86,-63.52
NAGAFERT,3.19,2026-06-29,-4.78,-9.37,-13.78,-14.48,-34.09,-42.11
RUBFILA,70.21,2026-06-29,-3.24,-2.69,-13.79,21.11,-4.93,-17.14
HGM,51.85,2026-06-29,-3.28,-3.53,-13.86,6.91,-24.05,-7.26
ELIN,98.43,2026-06-29,-8.53,-8.66,-13.87,-1.17,-40.58,-46.01
REMSONSIND,81.08,2026-06-29,-5.06,-10.69,-13.88,-2.77,-32.23,-44.66
VIVIANA,820.2,2026-06-29,-3.69,-3.1,-13.97,27.37,17.01,-31.46
NIRMAN,43.25,2026-06-25,-4.1,-9.61,-14.02,-0.57,-32.26,-78.21
TAPIFRUIT,49.0,2026-06-26,-2.0,3.38,-14.04,-17.65,-27.08,-39.24
CELLPOINT,15.0,2026-06-25,-1.32,-7.12,-14.04,6.38,-11.24,-18.48
URJA,9.49,2026-06-29,-5.76,-11.72,-14.04,11.52,-13.25,-37.61
VALIANTLAB,66.56,2026-06-29,-1.14,-0.66,-14.05,24.25,-9.5,-42.11
CRAYONS,27.5,2026-06-25,-5.17,-9.84,-14.06,5.77,-29.49,-41.36
WIPRO,175.48,2026-06-29,-2.61,-3.25,-14.09,-8.41,-31.88,-30.75
RBS,82.0,2026-06-25,-5.75,-9.89,-14.14,16.15,-14.41,-27.11
SGL,10.01,2026-06-29,-2.05,-6.36,-14.15,7.63,-23.12,-37.0
EASTSILK,48.0,2026-06-29,-8.27,-2.4,-14.15,-24.27,-41.89,2566.67
JETKNIT,76.55,2026-06-26,0.0,-14.18,-14.18,-14.18,-14.18,-30.38
KLL,32.95,2026-06-25,2.65,-8.47,-14.19,-12.13,-30.41,-57.54
PCCL,247.95,2026-06-25,7.04,-7.55,-14.2,-0.24,20.95,32.59
HALEOSLABS,1356.4,2026-06-29,-4.34,-4.69,-14.22,9.11,6.23,15.86
SAIL,175.23,2026-06-29,0.22,-3.99,-14.26,19.64,30.68,34.72
SHRITECH,64.0,2026-06-25,0.31,4.66,-14.32,6.67,1.67,-28.89
SALASAR,6.09,2026-06-29,-13.49,-16.0,-14.35,1.84,-31.8,-20.6
VLEGOV,12.31,2026-06-29,-8.13,-11.57,-14.39,31.24,-37.35,-73.89
DCG,56.5,2026-06-25,-1.57,-2.25,-14.39,4.63,-14.39,-16.11
MOS,11.85,2026-06-25,-13.82,-26.63,-14.44,18.5,-48.03,-95.31
HINDALCO,963.8,2026-06-29,-4.97,-4.94,-14.46,11.2,11.42,39.22
PIONEEREMB,22.33,2026-06-29,-9.34,-10.0,-14.48,-0.67,-22.28,-48.75
DREAMFOLKS,66.49,2026-06-29,-6.34,-8.84,-14.52,6.91,-38.79,-71.25
DHANLAXMI,29.7,2026-06-25,5.32,2.41,-14.53,29.13,-2.62,-37.93
HAVISHA,1.29,2026-06-29,3.2,0.0,-14.57,8.4,-29.51,-45.34
MANAV,36.55,2026-06-25,-6.88,-11.39,-14.6,-8.63,21.03,84.6
SUPREMEINF,71.2,2026-06-29,-5.57,-12.13,-14.61,16.28,-16.42,-37.22
ORICONENT,55.33,2026-06-29,-2.84,-2.69,-14.65,-14.23,-8.09,24.09
APS,293.3,2026-06-25,-3.17,-6.81,-14.69,-3.27,-22.09,-48.73
SOMATEX,91.15,2026-06-29,-5.16,-7.03,-14.69,5.61,-32.44,108.58
BASILIC,204.35,2026-06-25,-0.07,-1.35,-14.69,10.52,-39.36,-53.46
UNIVPHOTO,357.95,2026-06-29,2.24,-2.88,-14.89,-14.67,58.77,48.38
QUESTLAB,98.05,2026-06-25,-3.59,-1.61,-15.07,-11.27,0.46,12.7
MARINETRAN,13.5,2026-06-26,-4.26,-8.16,-15.09,-20.82,-50.0,-18.18
SKP,155.6,2026-06-25,-1.83,0.58,-15.2,7.13,-11.09,-30.18
PROZONER,44.86,2026-06-29,-5.84,-6.11,-15.23,0.13,-16.49,21.97
MEDICO,40.27,2026-06-29,-4.96,-5.18,-15.52,20.79,-23.28,1.28
GRAPHITE,614.55,2026-06-29,-3.68,-7.02,-15.55,-4.01,2.13,9.92
AUSOMENT,114.48,2026-06-29,-1.66,-3.59,-15.92,18.61,3.66,7.32
SATIPOLY,30.35,2026-06-25,-10.47,-19.07,-15.93,-1.46,-53.31,-66.18
RETAIL,17.3,2026-06-29,-4.74,-2.86,-15.94,0.93,-29.13,-52.0
MARCO,31.0,2026-06-25,-0.32,-2.97,-15.99,-5.92,-19.9,-31.94
SILVER360,214.59,2026-06-29,-7.38,-12.33,-16.0,-0.3,-1.79,101.49
EXCELSOFT,75.36,2026-06-29,-6.69,-5.15,-16.05,6.82,-11.03,
SILVERBND,218.24,2026-06-29,-7.52,-12.72,-16.16,-2.43,,
AONESILVER,8.33,2026-06-29,-7.24,-12.59,-16.28,-1.88,,
SUMICHEM,419.9,2026-06-29,-4.33,-11.52,-16.28,12.08,-9.63,-19.5
GRAPHISAD,28.0,2026-06-25,-3.61,-6.67,-16.29,-13.98,-40.11,-31.71
SURAJEST,188.1,2026-06-29,-3.68,-4.03,-16.31,5.4,-26.81,-49.0
ESILVER,217.48,2026-06-29,-7.44,-12.61,-16.32,-1.94,-5.62,103.84
SILVER,217.55,2026-06-29,-7.38,-12.56,-16.37,-1.36,-3.81,105.31
MOSILVER,214.99,2026-06-29,-7.41,-12.6,-16.37,-1.02,-7.81,
AXISILVER,216.43,2026-06-29,-7.44,-12.88,-16.37,-1.54,-5.37,104.62
FLEXITUFF,5.76,2026-06-29,-15.17,-16.64,-16.4,-9.29,-58.41,-84.0
RKEC,26.64,2026-06-29,-4.99,0.64,-16.41,-9.76,-49.86,-67.59
RBMINFRA,286.05,2026-06-25,-5.06,-8.08,-16.42,-11.59,-32.53,-39.29
SILVERBETA,210.68,2026-06-29,-7.33,-12.64,-16.42,-0.52,-4.28,104.56
GUJGASLTD,335.3,2026-06-29,-10.06,-16.11,-16.42,5.56,-13.96,-27.82
TATSILV,21.14,2026-06-29,-7.56,-12.75,-16.44,-1.67,-5.79,104.65
MAITREYA,137.85,2026-06-25,-5.58,-9.9,-16.45,-24.3,-37.1,-50.77
TRUST,31.75,2026-06-25,2.42,-2.01,-16.45,4.44,-35.2,-51.19
RPPINFRA,63.22,2026-06-29,-7.68,-0.21,-16.46,6.25,-37.63,-54.36
SIGNPOST,247.65,2026-06-29,-3.71,-4.46,-16.49,7.58,16.07,27.81
SBISILVER,213.16,2026-06-29,-7.63,-12.95,-16.51,-2.22,-5.76,103.59
SILVERAG,212.03,2026-06-29,-7.54,-12.71,-16.52,-1.67,-4.14,104.86
GROWWSLVR,21.31,2026-06-29,-7.55,-13.2,-16.56,-0.75,-90.65,-79.63
NURECA,234.8,2026-06-29,-1.59,-0.36,-16.57,8.58,-17.25,-17.59
SILVERBEES,208.02,2026-06-29,-7.6,-12.82,-16.58,-2.11,-4.69,104.62
HDFCSILVER,208.3,2026-06-29,-7.57,-12.9,-16.6,-1.39,-5.6,104.34
SILVER1,21.11,2026-06-29,-7.57,-12.95,-16.63,-1.68,-90.56,-77.91
SOUTHWEST,216.55,2026-06-29,-12.52,-13.81,-16.67,4.77,12.41,40.69
SILVERADD,209.61,2026-06-29,-7.69,-13.03,-16.67,-1.39,-4.33,105.06
SILVERCASE,22.06,2026-06-29,-7.51,-12.74,-16.69,-1.34,-6.24,104.88
SILVERIETF,216.88,2026-06-29,-7.68,-12.91,-16.7,-1.83,-4.14,104.93
AUROIMPEX,25.75,2026-06-25,-6.19,-8.04,-16.94,-5.68,-41.08,-43.03
HINDZINC,525.5,2026-06-29,-8.32,-6.8,-16.98,4.98,-13.49,18.61
PRAMARA,132.95,2026-06-25,0.95,-10.35,-17.09,-61.77,-61.79,-25.37
PRLIND,49.0,2026-06-25,0.0,2.08,-17.23,-5.5,-37.18,-50.03
PERSISTENT,4298.5,2026-06-29,-11.56,-12.11,-17.25,-12.27,-30.74,-28.03
JHS,7.47,2026-06-29,-6.04,-9.78,-17.28,7.79,-22.11,-44.21
JAYNECOIND,84.66,2026-06-29,-5.23,-9.84,-17.28,14.24,-1.78,121.51
GIRIRAJ,130.0,2026-06-25,-6.64,-6.81,-17.33,-32.8,-42.09,-48.62
ABSMARINE,239.95,2026-06-25,0.23,2.94,-17.33,47.48,20.22,24.17
SEPC,6.43,2026-06-29,-11.8,-12.4,-17.35,24.37,-37.08,-52.48
XELPMOC,85.0,2026-06-29,-1.71,0.73,-17.36,-4.24,-35.82,-9.56
FILATFASH,0.19,2026-06-29,-5.0,-5.0,-17.39,26.67,-40.62,-62.75
INSPIRISYS,105.59,2026-06-29,-4.87,-6.24,-17.84,43.46,21.34,-0.64
REFRACTORY,30.55,2026-06-25,-1.45,-6.14,-17.88,-3.32,-49.08,-47.24
DELPHIFX,8.22,2026-06-29,-2.84,-8.67,-17.96,-4.2,-48.56,-12.03
DENEERS,194.95,2026-06-25,-7.85,-10.66,-17.97,21.84,20.27,-42.66
VERTOZ,39.02,2026-06-29,-5.93,-13.84,-18.03,22.39,-47.12,-57.34
COASTCORP,49.34,2026-06-29,-5.33,1.09,-18.11,16.23,3.92,29.6
NATIONALUM,347.4,2026-06-29,-8.08,-9.14,-18.15,-5.89,17.48,90.27
SURANI,108.8,2026-06-25,-1.98,-12.89,-18.2,22.38,90.04,-3.72
KDL,115.9,2026-06-25,-8.45,-10.61,-18.27,3.9,-36.87,-64.15
AILIMITED,36.0,2026-06-26,0.0,-0.28,-18.37,-9.55,-10.0,-45.58
AMBEY,21.0,2026-06-25,8.53,-7.08,-18.45,7.69,-50.0,-46.56
JPPOWER,17.81,2026-06-29,-2.25,-3.57,-18.56,20.91,4.09,-1.6
BIRLAPREC,37.58,2026-06-29,-0.77,0.03,-18.69,,,
ORIANA,1595.45,2026-06-25,-2.7,-5.5,-18.69,-5.96,-31.32,-29.47
ENFUSE,158.0,2026-06-25,-1.28,-4.24,-18.97,-12.15,-29.78,-32.19
NOIDATOLL,4.73,2026-06-29,-3.67,-6.34,-19.28,57.14,10.77,22.86
VEDL,284.55,2026-06-29,-6.96,-5.93,-19.3,-56.18,-51.22,-35.32
NEPHROCARE,67.35,2026-06-25,-0.96,-2.39,-19.34,17.44,-40.87,-43.92
ESSENTIA,1.33,2026-06-29,-5.67,-12.5,-19.39,19.82,-12.5,-39.55
PRATHAM,107.0,2026-06-25,-3.25,-7.76,-19.46,-4.68,-28.67,-29.35
SHAH,4.05,2026-06-29,-11.76,-17.85,-19.64,-13.46,-18.18,0.75
RAMASTEEL,4.42,2026-06-29,-11.6,-15.65,-19.64,3.27,-52.63,-63.41
SANCO,2.9,2026-06-26,0.0,0.0,-19.67,21.34,43.56,-25.06
RMC,312.05,2026-06-29,-13.15,0.13,-19.71,,,
SCML,76.05,2026-06-25,-1.3,-3.49,-19.74,-44.59,-44.93,-2.56
SETUINFRA,0.44,2026-06-29,2.33,0.0,-20.0,10.0,-10.2,-50.56
VISASTEEL,41.16,2026-06-25,-5.47,-0.77,-20.11,41.15,-15.03,21.13
SIMBHALS,6.69,2026-06-29,-5.24,-4.56,-20.17,-2.62,-32.63,-62.16
DHTL,40.5,2026-06-26,0.0,2.4,-20.59,0.0,-31.12,-22.41
GGBL,289.25,2026-06-25,-2.77,-8.09,-20.6,17.57,-10.82,-40.47
MEP,0.73,2026-06-29,-5.19,-9.88,-20.65,-16.09,-62.76,-66.36
GSLSU,43.03,2026-06-29,-1.89,-15.79,-20.86,-11.17,-58.63,-63.16
KEL,74.3,2026-06-25,-2.81,-9.39,-20.96,-4.13,-24.03,-37.03
SWASTIK,17.9,2026-06-25,-4.79,-17.89,-20.97,12.93,-23.34,-48.93
SHIGAN,65.45,2026-06-25,-4.17,-13.88,-21.14,32.22,40.75,-20.74
SDBL,67.23,2026-06-29,-6.0,-14.27,-21.15,0.12,-36.49,-59.91
FALCONTECH,11.3,2026-06-25,-12.4,-16.3,-21.25,8.55,-25.9,-61.69
STYLEBAAZA,265.95,2026-06-29,-18.52,-20.11,-21.46,-7.43,-1.01,-10.65
BOHRAIND,14.02,2026-06-29,-11.88,-15.03,-21.54,-9.66,-19.89,-49.79
TGL,16.75,2026-06-25,-12.53,-19.66,-21.55,-49.09,-78.82,-87.09
DELAPLEX,100.2,2026-06-25,-2.72,-1.38,-21.72,12.21,-23.1,-36.48
MARSONS,111.7,2026-06-29,-7.56,-0.59,-21.9,-15.46,,
LLOYDS,72.55,2026-06-25,-14.14,-8.74,-22.11,59.45,2.83,-21.74
RAJESHEXPO,92.17,2026-06-29,-9.97,14.88,-22.11,8.94,-54.41,-53.5
TIRUMALCHM,159.7,2026-06-29,-8.62,-8.88,-22.18,-9.96,-32.32,-44.59
AVANTIFEED,934.9,2026-06-29,-2.25,-10.09,-22.32,-22.65,13.76,31.78
CMNL,100.0,2026-06-25,3.31,-1.82,-22.33,0.0,-20.0,-37.09
ABAN,13.18,2026-06-29,-4.97,-9.66,-22.47,-43.41,-34.69,-76.98
BIRDYS,95.8,2026-06-26,0.0,-9.71,-22.52,-9.62,-21.48,-10.55
NEUEON,18.8,2026-06-29,-4.95,-9.7,-22.54,22.88,182.71,260.15
GRADIENTE,2.9,2026-06-29,12.4,33.64,-22.67,,,
VERITAAS,37.05,2026-06-26,-5.48,-14.53,-22.81,-6.68,-45.75,-47.18
NEWJAISA,17.35,2026-06-25,-1.98,9.12,-23.23,-8.2,-36.33,-55.8
FONEBOX,76.1,2026-06-25,-2.37,-7.2,-23.32,13.5,-19.47,-7.76
KCEIL,76.15,2026-06-25,-9.61,-13.12,-23.51,-29.78,-49.88,-77.37
BNAGROCHEM,286.9,2026-06-29,1.76,2.21,-23.7,,,
DIGIKORE,48.85,2026-06-25,-9.2,-5.33,-23.79,-38.05,-31.96,-73.47
TUNWAL,27.2,2026-06-25,0.55,-4.23,-23.92,-8.72,-21.95,-12.67
SHIVALIK,223.5,2026-06-29,2.01,1.59,-24.02,-3.58,-39.74,-58.83
KONTOR,58.5,2026-06-25,-2.58,4.09,-24.27,-14.91,-10.34,-25.81
DSSL,1320.5,2026-06-29,-10.47,3.02,-24.37,54.32,42.13,21.68
INSPIRE,8.35,2026-06-25,-9.73,-9.73,-24.43,-7.22,-31.28,-56.85
DURLAX,47.0,2026-06-25,2.17,-5.91,-24.62,-2.79,12.04,3.98
ANSALAPI,2.94,2026-06-29,-5.47,-13.78,-25.38,-3.29,-13.53,-28.99
RAJTV,12.72,2026-06-29,0.39,6.09,-25.61,-65.07,-68.68,-71.45
WALPAR,25.25,2026-06-25,4.99,4.99,-27.23,-44.51,-44.99,-50.34
MCLEODRUSS,56.98,2026-06-29,-10.55,-12.87,-27.33,80.32,20.16,65.21
BLUEPEBBLE,78.0,2026-06-25,0.0,1.96,-27.78,-33.1,-37.1,-61.27
BANG,27.58,2026-06-29,-12.58,-10.13,-28.23,-10.16,-42.6,-55.05
LEXUS,12.75,2026-06-29,-17.42,-14.43,-28.25,-50.89,-50.75,-61.77
VPRPL,28.47,2026-06-29,-7.71,2.56,-28.66,-13.86,-48.25,-83.25
KANDARP,100.55,2026-06-25,-9.09,-7.71,-29.44,-27.56,-29.54,12.28
PARSVNATH,2.76,2026-06-29,-6.76,-15.34,-31.17,-54.98,-73.18,-85.22
PIONRINV,88.11,2026-06-29,-5.88,-10.54,-32.89,,,
TICL,15.36,2026-06-29,-21.47,-25.58,-32.9,-31.91,-31.76,-40.56
AQYLON,39.69,2026-06-29,-13.94,-28.97,-38.39,-25.53,-97.51,-95.68
MHLXMIRU,110.12,2026-06-29,-27.44,-34.97,-38.56,-31.73,-45.9,-50.92
LEMERITE,23.09,2026-06-29,-16.82,-15.64,-39.32,-74.26,-75.64,-61.48
GRMOVER,90.11,2026-06-29,-3.31,2.13,-43.69,-41.05,-46.99,-26.58
TECHLABS,116.05,2026-06-25,-5.99,-14.23,-47.12,-31.74,-68.32,-79.87
VERTEXPLUS,37.5,2026-06-25,-5.66,-26.76,-48.74,-56.52,-66.25,-65.34
GICL,17.19,2026-06-29,-24.37,-26.16,-58.36,-54.28,-63.54,-85.72
