ticker,last_close,last_date,1W,2W,1M,3M,6M,12M
NV20,11980.35,2026-07-31,85780.64,84447.28,85780.64,83096.87,7635.25,8131.09
VIJIFIN,10.21,2026-07-31,8.04,19.0,69.88,166.58,323.65,161.79
KALYANKJIL,612.6,2026-07-31,8.5,7.47,58.42,48.42,69.39,3.31
SCANSTL,62.72,2026-07-31,29.94,33.79,57.23,75.69,,
ASAHISONG,394.9,2026-07-31,16.2,45.77,57.06,59.69,76.33,7.11
DIACABS,323.97,2026-07-31,5.47,32.44,54.76,105.3,164.38,91.38
CLSL,66.0,2026-07-30,2.96,9.82,53.49,51.72,36.08,13.01
SANGINITA,65.36,2026-07-31,3.98,14.75,51.23,223.08,478.41,545.85
HUHTAMAKI,298.14,2026-07-31,-4.63,19.36,51.2,66.22,67.22,36.82
SHARDUL,41.51,2026-07-31,-18.5,-22.96,50.56,48.78,,
TATVA,1788.2,2026-07-31,-0.66,4.35,49.73,36.4,54.93,53.38
BLUESTONE,816.2,2026-07-31,-0.55,33.72,49.53,61.86,85.46,
GSPCROP,582.95,2026-07-31,4.73,18.99,49.34,38.44,,
UNIVASTU,136.68,2026-07-31,9.45,16.65,48.76,98.29,124.69,56.55
SUPREMEENG,2.09,2026-07-31,7.18,16.11,47.18,95.33,57.14,47.18
KABRAEXTRU,394.95,2026-07-31,-2.43,12.31,46.49,58.32,98.34,38.0
CAPTRUST,18.17,2026-07-31,18.14,29.97,46.18,35.7,24.71,-69.92
MAPMYINDIA,1181.65,2026-07-31,4.38,7.72,45.93,28.48,-10.54,-34.43
CYIENTDLM,670.05,2026-07-31,0.75,12.42,45.57,70.45,78.89,48.83
NILKAMAL,1797.8,2026-07-31,1.27,21.77,44.99,40.59,31.26,8.28
KCPSUGIND,31.95,2026-07-31,-0.41,47.17,44.77,19.35,40.56,-2.14
NURECA,343.6,2026-07-31,8.84,21.65,44.73,28.93,23.66,37.96
ACCORD,202.35,2026-07-30,0.0,0.0,44.64,318.51,622.68,789.45
AEROPLANE,200.34,2026-07-31,5.85,3.77,43.91,48.95,,
JFLLIFE,12.95,2026-07-30,15.11,17.73,43.89,37.77,18.26,-11.9
CHAVDA,125.1,2026-07-30,-1.15,4.91,43.79,20.64,11.8,10.07
KCK,19.05,2026-07-30,10.12,13.73,43.77,25.74,-1.8,-55.7
GATECH,0.69,2026-07-31,40.82,46.81,43.75,40.82,38.0,38.0
MPSLTD,2696.0,2026-07-31,0.33,30.77,42.76,62.63,44.26,16.79
MBAPL,160.2,2026-07-31,-2.29,10.07,42.53,52.47,94.99,79.96
63MOONS,931.4,2026-07-31,27.8,27.83,42.25,24.74,43.62,-7.74
TBZ,276.34,2026-07-31,-1.38,8.11,41.63,88.73,72.07,52.54
FILATEX,73.52,2026-07-31,-1.5,1.45,41.63,60.8,59.97,33.34
SIGMA,54.98,2026-07-31,44.95,44.27,41.3,23.66,14.3,44.83
UYFINCORP,19.95,2026-07-31,5.67,16.94,41.19,37.21,59.6,7.55
STALLION,260.12,2026-07-31,1.81,19.82,41.19,73.37,40.61,88.47
FERMENTA,501.35,2026-07-31,13.41,12.94,40.91,61.18,,
DPABHUSHAN,1317.95,2026-07-31,-6.68,-8.12,40.86,27.28,3.47,-20.7
MORARJEE,11.83,2026-07-30,0.0,-4.6,40.5,67.09,72.95,51.47
SIKKO,5.3,2026-07-31,5.58,9.5,39.84,13.98,27.1,44.93
SMLMAH,5685.6,2026-07-31,45.64,42.65,39.56,53.43,65.31,72.99
ECLERX,1845.5,2026-07-31,1.87,-1.7,39.29,29.15,-20.64,-2.0
RSDFIN,110.74,2026-07-31,35.05,25.3,38.42,31.29,,
KONSTELEC,60.9,2026-07-30,-1.77,-2.95,38.1,44.48,35.48,-3.64
OPTIEMUS,637.65,2026-07-31,4.46,5.05,37.22,53.35,58.54,6.43
MARC,119.3,2026-07-30,3.25,10.67,36.58,40.27,127.45,
JUSTDIAL,716.7,2026-07-31,-0.28,-4.1,36.53,36.27,7.2,-14.75
CNL,993.2,2026-07-31,-2.62,6.69,36.01,61.34,45.49,50.28
ARIHANT,1142.75,2026-07-31,5.67,32.77,35.32,25.48,2782.09,2782.09
3IINFOLTD,23.21,2026-07-31,12.23,23.99,35.18,32.93,55.04,-3.53
LOTUSDEV,200.12,2026-07-31,6.48,41.94,34.82,39.83,33.47,
SSWL,310.36,2026-07-31,5.58,12.31,34.54,45.91,52.03,35.05
ZSARACOM,12200.5,2026-07-31,-1.15,-5.3,33.85,22.77,,
ELGIRUBCO,59.69,2026-07-31,5.42,1.98,33.74,11.32,44.42,11.15
CONSOFINVT,298.25,2026-07-31,4.65,5.37,33.68,32.56,80.95,54.02
TRANSPEK,1321.3,2026-07-31,19.0,27.85,33.38,12.21,,
COMSYN,214.81,2026-07-31,23.11,2.61,33.17,38.94,28.8,60.64
SHAREINDIA,178.48,2026-07-31,-4.99,-1.18,33.12,30.22,25.19,2.55
KRISHANA,182.95,2026-07-31,9.13,25.91,32.96,52.54,88.75,63.99
ONDOOR,268.8,2026-07-30,5.99,17.89,32.68,74.55,128.77,44.01
SEL,238.2,2026-07-30,-9.94,2.01,32.33,27.41,19.7,-4.14
FSL,302.12,2026-07-31,15.21,13.3,32.25,41.22,-3.48,-9.65
KORE,180.2,2026-07-30,1.69,17.39,32.21,42.06,46.15,42.68
TFCILTD,101.87,2026-07-31,7.46,23.12,32.18,41.29,55.62,74.87
YASHO,3858.7,2026-07-31,24.79,25.65,31.99,157.53,216.26,101.46
KODYTECH,1433.4,2026-07-30,6.55,16.22,31.89,102.39,98.2,88.47
IKIO,200.22,2026-07-31,-3.73,-6.6,31.85,26.76,33.97,-0.08
SHALPAINTS,66.68,2026-07-31,-4.15,13.44,31.75,30.44,9.13,-18.39
SHREEJISPG,645.35,2026-07-31,2.23,4.79,31.36,59.35,111.19,
DEEPINDS,596.9,2026-07-31,15.58,25.39,31.32,22.93,60.52,25.64
GANECOS,1183.8,2026-07-31,-2.33,-0.7,30.96,12.79,72.77,-20.09
OCCLLTD,166.02,2026-07-31,9.08,22.31,30.74,67.01,74.63,10.33
ASHIKAG,498.55,2026-07-31,16.04,24.73,30.6,25.55,,
E2E,517.15,2026-07-31,-4.67,21.64,30.49,79.32,143.66,148.75
GULFPETRO,49.96,2026-07-31,9.95,36.73,30.48,51.99,48.78,19.78
SWARAJ,361.95,2026-07-30,2.13,0.57,30.43,26.51,31.69,82.85
UNIVPHOTO,475.0,2026-07-31,-2.87,8.34,30.42,-3.16,148.3,79.83
LODHA,1243.95,2026-07-31,3.77,4.67,30.22,38.54,28.04,1.34
RADHIKAJWE,71.75,2026-07-31,5.47,11.02,29.96,11.64,7.41,-28.23
PFOCUS,287.11,2026-07-31,-0.22,1.06,29.91,-7.37,27.25,97.91
PICCADIL,733.85,2026-07-31,-3.06,-2.36,29.71,20.85,26.34,18.67
INVPRECQ,1097.65,2026-07-31,13.04,31.87,29.52,83.02,,
SCPL,615.0,2026-07-31,2.62,27.25,28.93,60.57,99.42,106.48
BLSE,300.66,2026-07-31,4.28,10.19,28.9,52.18,86.39,64.4
KAPSTON,474.9,2026-07-31,3.19,9.87,28.86,38.23,19.67,96.34
PERSISTENT,5549.0,2026-07-31,5.33,7.32,28.7,16.01,-7.73,8.29
RCDL,33.0,2026-07-30,37.5,31.47,28.65,43.48,27.91,50.52
MENONBE,210.59,2026-07-31,-3.16,1.37,28.35,68.85,88.01,53.79
SHK,164.59,2026-07-31,11.01,26.42,28.26,12.64,14.17,-35.4
LAXMIINDIA,126.48,2026-07-31,-1.59,7.41,28.08,12.7,37.45,
MAJESAUT,431.7,2026-07-31,0.59,2.49,27.95,36.1,,
HEG,657.25,2026-07-31,0.73,11.22,27.92,10.89,21.95,15.74
JINDWORLD,38.34,2026-07-31,-2.76,21.52,27.71,48.03,51.48,-6.3
TAALTECH,3930.8,2026-07-31,-1.13,2.08,27.38,33.25,,
NRL,106.59,2026-07-31,3.39,-3.19,27.35,92.78,99.76,47.92
PAUSHAKLTD,629.7,2026-07-31,10.06,11.82,27.3,34.64,26.86,
IRISDOREME,52.96,2026-07-31,9.67,14.36,27.09,46.83,64.22,69.36
SPECTRUM,2363.0,2026-07-31,7.26,22.31,27.0,95.9,77.1,44.31
HCLTECH,1346.9,2026-07-31,3.94,10.28,26.95,13.47,-18.22,-4.09
INDORAMA,56.25,2026-07-31,13.09,14.31,26.92,46.64,29.13,7.45
MASTER,460.0,2026-07-30,4.31,-1.08,26.72,42.72,46.34,24.2
MEDICO,48.87,2026-07-31,19.93,27.83,26.57,15.04,-3.95,21.6
ASHIKA,482.0,2026-07-30,12.18,20.59,26.26,21.38,,
IGCL,77.9,2026-07-31,3.63,10.43,25.81,21.95,15.13,-28.9
NAUKRI,1226.25,2026-07-31,2.68,3.23,25.77,26.44,-1.33,-11.3
SUMIT,52.23,2026-07-31,0.35,4.75,25.67,-2.85,-1.17,-39.03
EMAMIPAP,109.59,2026-07-31,-2.4,15.87,25.65,39.37,31.29,15.72
SRIVASAVI,86.0,2026-07-30,4.62,0.29,25.55,49.96,115.0,24.73
ESAFSFB,42.05,2026-07-31,9.82,18.75,25.52,59.28,43.42,34.99
WALPAR,34.85,2026-07-30,0.0,0.0,25.36,-5.81,-23.41,-25.77
MAHASTEEL,1001.25,2026-07-31,30.17,22.2,25.3,17.97,31.55,180.34
PNGJL,670.3,2026-07-31,-2.72,13.59,25.03,2.53,21.92,14.78
SPECTSTM,71.0,2026-07-30,12.34,16.39,25.0,15.64,-21.07,-34.56
M&MFIN,385.75,2026-07-31,6.27,19.59,24.9,26.95,5.03,53.18
AUSOMENT,143.14,2026-07-31,7.5,8.57,24.66,-3.15,21.29,41.75
TVSMOTOR,4313.1,2026-07-31,11.27,20.14,24.63,23.48,17.7,54.48
AARNAV,31.36,2026-07-31,-0.85,-0.51,24.54,35.93,,
CBAZAAR,6.35,2026-07-30,0.0,-1.55,24.51,28.28,76.39,29.59
QUESS,332.55,2026-07-31,12.44,12.75,24.27,70.48,65.78,19.66
LOKESHMACH,338.0,2026-07-31,0.9,0.48,24.22,35.68,93.22,69.64
SONACOMS,769.4,2026-07-31,6.73,7.68,24.12,27.07,55.65,72.2
21STCENMGM,40.17,2026-07-31,6.13,16.84,24.02,9.81,5.71,-31.89
COUNCODOS,5.95,2026-07-31,-5.85,-9.85,23.96,16.67,14.64,-11.85
BESTAGRO,19.12,2026-07-31,20.18,23.67,23.91,6.46,0.9,-40.37
AEGISVOPAK,290.16,2026-07-31,-4.39,3.25,23.73,53.13,28.02,21.11
IL&FSENGG,36.98,2026-07-31,20.46,31.84,23.64,40.61,65.38,5.18
LANDMARK,540.75,2026-07-31,0.42,1.01,23.56,34.36,38.48,9.0
PRAVEG,295.91,2026-07-31,-1.71,7.42,23.5,-1.53,,
SICALLOG,112.53,2026-07-31,10.41,19.04,23.5,72.75,23.75,1.38
TIL,252.38,2026-07-31,17.9,14.14,23.29,28.01,6.74,-25.8
LTM,4362.1,2026-07-31,4.09,6.81,23.29,3.54,-26.01,-13.08
GATECHDVR,0.53,2026-07-31,20.45,23.26,23.26,15.22,20.45,1.92
DCI,329.7,2026-07-31,14.2,21.73,23.16,15.6,49.19,53.14
DIVISLAB,8056.0,2026-07-31,8.66,10.54,22.96,24.4,33.68,22.65
GANDHAR,223.25,2026-07-31,-8.21,-1.31,22.83,62.42,50.4,38.82
VELJAN,1757.3,2026-07-31,-2.6,2.8,22.75,69.33,,
JSFB,575.0,2026-07-31,7.03,8.16,22.67,25.5,59.88,21.32
RAIN,222.95,2026-07-31,-0.35,5.16,22.62,76.66,43.91,42.91
BAFNAPH,262.91,2026-07-31,8.23,14.81,22.49,96.2,135.58,200.78
SATIPOLY,39.0,2026-07-30,4.0,-5.11,22.45,16.42,-2.26,-55.2
FROG,201.0,2026-07-30,-5.85,8.91,22.34,21.63,34.27,-10.65
ZENSARTECH,507.95,2026-07-31,-1.45,-3.5,22.33,1.25,-19.98,-35.23
ASHIMASYN,18.08,2026-07-31,0.17,4.99,22.24,13.28,10.58,-30.99
SONATSOFTW,322.45,2026-07-31,9.92,4.08,22.12,28.16,3.46,-15.66
SENCO,403.2,2026-07-31,-3.53,10.16,22.11,28.78,31.35,29.54
RULKA,111.0,2026-07-30,-0.05,-1.77,22.05,2.87,8.66,-16.54
RPGLIFE,2768.2,2026-07-31,-5.46,-8.25,21.94,21.81,39.23,16.43
ALGOQUANT,68.41,2026-07-31,-1.28,6.33,21.92,25.32,12.76,
AKIKO,345.0,2026-07-30,2.99,2.66,21.91,48.71,65.47,193.12
KAYNES,3804.6,2026-07-31,19.59,14.29,21.87,-5.93,9.47,-38.36
BUILDPRO,1242.2,2026-07-31,1.88,1.3,21.82,12.76,66.18,
EASTSILK,59.65,2026-07-31,8.45,22.71,21.73,0.93,-14.36,3213.89
GAUDIUMIVF,137.5,2026-07-31,-7.64,-7.11,21.67,13.2,,
PCCL,287.75,2026-07-30,6.97,11.55,21.67,0.65,21.7,60.57
SUMICHEM,510.3,2026-07-31,-5.3,-5.61,21.55,22.04,24.87,-21.15
SIGNORIA,141.75,2026-07-30,5.0,9.04,21.52,120.45,54.5,32.48
UJJIVANSFB,71.75,2026-07-31,0.25,9.36,21.51,26.14,9.76,62.07
CLCIND,56.75,2026-07-30,0.0,5.0,21.49,128.74,533.37,-79.73
GNA,535.75,2026-07-31,4.67,5.46,21.42,25.33,50.09,76.83
CUPID,230.62,2026-07-31,4.14,11.27,21.42,92.86,187.56,664.2
JUBLINGREA,735.7,2026-07-31,-1.13,0.18,21.37,3.42,16.64,-5.33
ARIS,128.65,2026-07-31,3.1,12.01,21.28,-6.35,17.23,-9.97
TAC,473.35,2026-07-30,-8.11,-2.01,21.19,-3.12,-23.18,-46.2
PARASPETRO,2.47,2026-07-31,13.3,23.5,21.08,10.27,-7.84,1.65
XTGLOBAL,33.95,2026-07-31,19.58,21.25,21.03,4.98,25.74,2.33
GCSL,520.55,2026-07-31,-1.99,0.22,21.01,44.05,85.07,
SKYGOLD,643.7,2026-07-31,-4.16,-2.23,20.87,41.82,111.92,122.85
ARROWGREEN,722.4,2026-07-31,2.35,8.26,20.85,35.37,68.98,-7.66
SMVD,14.6,2026-07-30,0.0,0.0,20.66,26.96,56.99,40.38
TECHM,1651.3,2026-07-31,4.84,4.75,20.61,14.98,-2.8,16.96
PAISALO,71.2,2026-07-31,1.08,-0.29,20.47,42.57,107.7,129.67
APCOTEXIND,611.35,2026-07-31,3.88,10.73,20.37,53.54,67.19,45.52
MMFL,546.85,2026-07-31,-2.26,2.46,20.28,11.61,34.83,60.52
ROXHITECH,47.15,2026-07-30,3.51,18.92,20.28,32.07,34.71,10.04
INDIANHUME,390.75,2026-07-31,0.97,-3.15,20.2,20.99,3.35,-3.4
SERVICE,60.05,2026-07-30,-2.83,-4.83,20.1,5.72,20.58,6.76
ANANTRAJ,624.5,2026-07-31,1.4,4.12,20.01,28.47,24.04,10.79
CELLPOINT,18.0,2026-07-30,-10.22,18.03,20.0,7.14,9.09,-0.55
DURLAX,57.35,2026-07-30,11.36,23.47,19.98,15.86,57.12,34.94
IIFL,608.65,2026-07-31,6.18,9.14,19.86,32.62,15.12,28.29
ABAN,15.79,2026-07-31,5.55,5.34,19.8,-12.52,-25.94,-64.93
LAURUSLABS,1816.2,2026-07-31,6.0,16.51,19.69,65.13,88.39,108.1
SWASTIK,19.35,2026-07-30,1.84,5.74,19.44,-12.84,-2.27,-38.77
DIGITIDE,101.33,2026-07-31,0.61,1.84,19.37,4.13,-11.66,-56.43
ITDC,700.7,2026-07-31,-4.69,-9.46,19.34,19.47,33.34,21.12
BLUEJET,626.25,2026-07-31,8.71,6.23,19.24,40.87,49.91,-22.16
NEWGEN,555.7,2026-07-31,9.76,-0.67,19.16,11.11,-3.45,-33.81
FAIRCHEMOR,797.1,2026-07-31,-1.17,13.76,19.09,39.84,22.89,-8.85
DPEL,561.95,2026-07-30,-1.06,-3.1,19.06,13.06,109.37,322.52
REDINGTON,321.65,2026-07-31,15.64,19.35,19.02,52.27,21.1,31.38
PPAP,281.7,2026-07-31,-1.99,-2.35,19.01,38.7,43.41,12.11
SWIGGY,284.86,2026-07-31,10.42,5.3,19.01,5.39,-8.04,-29.45
TGL,18.5,2026-07-30,-4.15,-18.86,18.97,-30.71,-67.66,-85.47
BEPL,116.02,2026-07-31,1.32,-8.43,18.83,22.9,44.75,6.49
BAJAJ-AUTO,11520.5,2026-07-31,3.01,9.48,18.57,16.9,21.73,45.89
UEL,153.73,2026-07-31,27.09,24.02,18.42,-2.52,30.63,64.83
OAL,364.5,2026-07-31,-7.12,3.89,18.38,17.51,26.83,-2.37
PVSL,108.51,2026-07-31,0.24,2.64,18.38,7.01,0.18,-11.25
COMFINTE,6.91,2026-07-31,27.96,24.5,18.32,-5.34,,
JGCHEM,503.8,2026-07-31,-0.78,2.98,18.3,24.64,58.6,0.93
SGMART,697.35,2026-07-31,-3.23,2.88,18.0,22.13,92.35,
ASKAUTOLTD,528.05,2026-07-31,3.03,11.03,17.97,20.46,18.84,4.52
ORIENTLTD,80.95,2026-07-31,-17.77,14.89,17.88,18.96,26.41,-7.67
DIXON,14049.0,2026-07-31,1.73,-3.7,17.86,25.81,34.49,-16.54
UTLSOLAR,380.5,2026-07-31,-1.01,1.04,17.77,28.37,90.99,
COFORGE,1721.0,2026-07-31,12.86,14.43,17.69,44.24,4.3,-0.87
ATALREAL,33.17,2026-07-31,5.17,9.18,17.67,24.84,22.85,73.39
PAYTM,1343.0,2026-07-31,4.16,-0.33,17.65,22.56,18.07,23.28
ARENTERP,41.46,2026-07-31,0.88,19.34,17.62,6.72,4.91,-14.02
VINSYS,539.25,2026-07-30,3.01,6.6,17.61,75.37,44.75,52.76
PVRINOX,1130.6,2026-07-31,0.66,10.92,17.57,5.77,15.98,13.08
BHARATSE,221.65,2026-07-31,4.63,0.25,17.49,19.13,55.09,93.28
KECL,137.79,2026-07-31,0.33,13.29,17.47,7.79,64.55,6.93
MASTEK,1874.8,2026-07-31,8.27,7.49,17.45,10.66,-8.6,-21.62
TARSONS,314.6,2026-07-31,-1.96,11.82,17.39,43.05,62.08,-13.97
CENTENKA,610.45,2026-07-31,5.65,11.11,17.38,44.97,41.1,20.33
BNALTD,393.0,2026-07-31,-15.84,-25.43,17.3,-1.71,,
UNIHEALTH,737.0,2026-07-30,-6.26,2.79,17.27,53.38,155.02,342.78
FONEBOX,85.0,2026-07-30,3.66,10.89,17.24,28.3,11.84,-5.56
VINEETLAB,39.63,2026-07-31,1.96,5.54,17.21,4.13,20.9,21.6
MODIS,393.15,2026-07-31,1.21,7.11,17.2,-0.52,20.69,
SOTL,601.75,2026-07-31,-7.33,2.05,17.19,66.28,72.5,51.53
TCS,2365.6,2026-07-31,3.05,5.09,17.08,-2.55,-22.83,-18.87
ITBETA,323.35,2026-07-31,4.5,4.35,17.06,5.06,-18.54,-11.33
WEL,119.55,2026-07-31,8.71,17.26,17.05,13.22,-13.8,-26.14
ITIETF,34.2,2026-07-31,4.49,5.49,17.04,5.69,-18.44,-10.94
TINNARUBR,1114.4,2026-07-31,-2.19,-6.35,17.02,54.84,78.82,23.33
IT,34.15,2026-07-31,4.31,5.24,16.99,4.92,-18.38,-11.04
IFGLEXPOR,208.57,2026-07-31,4.98,1.42,16.91,11.09,14.67,-9.8
VERTEXPLUS,46.0,2026-07-30,-4.76,-4.76,16.9,-48.31,-49.45,-65.82
HDFCNIFIT,32.86,2026-07-31,3.86,5.29,16.9,4.95,-18.62,-11.19
INDNIPPON,1170.4,2026-07-31,-2.38,-3.22,16.88,47.77,69.04,56.3
ITBEES,34.12,2026-07-31,4.34,5.37,16.85,5.18,-18.65,-11.56
SBIETFIT,340.51,2026-07-31,4.42,5.29,16.81,4.93,-18.61,-11.57
LATENTVIEW,316.2,2026-07-31,0.75,1.77,16.77,8.16,-22.33,-22.88
JLHL,331.5,2026-07-31,1.38,6.38,16.65,35.31,22.76,16.0
ITADD,32.59,2026-07-31,4.25,5.3,16.64,4.46,-18.46,-11.25
MHLXMIRU,141.27,2026-07-31,0.44,3.09,16.63,-23.31,-32.39,-35.0
EXIDEIND,449.8,2026-07-31,5.34,3.01,16.6,25.35,40.53,17.6
KARURVYSYA,342.45,2026-07-31,0.82,14.66,16.55,17.59,14.5,58.68
RHETAN,30.67,2026-07-31,5.58,7.69,16.53,3.48,18.05,
NBIFIN,2200.4,2026-07-31,-0.99,4.47,16.44,7.46,9.43,-21.76
BTML,7.09,2026-07-31,6.14,16.04,16.42,9.75,-14.58,-10.93
PPLPHARMA,195.61,2026-07-31,1.85,9.36,16.37,20.84,26.46,-0.72
GABRIEL,1441.8,2026-07-31,0.28,3.13,16.34,40.58,54.47,39.59
INDIAGLYCO,1147.45,2026-07-31,-3.12,0.37,16.33,10.11,31.7,35.97
VAIBHAVGBL,266.36,2026-07-31,0.52,4.5,16.18,23.41,20.56,19.97
ADVANCE,125.01,2026-07-31,10.04,10.53,16.18,12.7,-6.14,
POLYPLEX,1105.3,2026-07-31,-4.87,2.79,16.15,16.81,30.4,-0.81
TMB,851.7,2026-07-31,-4.69,5.66,16.12,17.06,42.11,94.74
ITETF,32.57,2026-07-31,4.53,5.54,16.11,5.27,-18.53,-11.06
AMAGI,650.7,2026-07-31,4.1,9.69,16.08,58.86,77.45,
LALPATHLAB,1905.2,2026-07-31,4.55,12.81,16.04,40.06,36.19,22.35
TECH,33.65,2026-07-31,4.21,5.25,15.99,4.99,-18.15,-10.58
BRIGADE,580.2,2026-07-31,6.76,2.91,15.89,-2.08,2.84,-23.04
TIMETECHNO,208.56,2026-07-31,0.88,-2.14,15.89,8.06,15.89,-10.3
MONARCH,390.15,2026-07-31,-1.87,9.03,15.86,31.9,30.81,8.43
GPTHEALTH,170.49,2026-07-31,3.64,15.42,15.84,24.27,32.14,-1.87
A2ZINFRA,15.55,2026-07-31,26.01,23.61,15.79,-7.99,10.05,-28.77
ADOR,1444.7,2026-07-31,-5.14,-0.73,15.78,36.21,40.77,47.07
AARON,135.81,2026-07-31,-4.33,17.1,15.76,-1.86,-11.1,-39.21
NITIRAJ,215.82,2026-07-31,-1.43,-3.1,15.73,2.61,21.32,10.59
VIVO,89.5,2026-07-30,15.71,15.71,15.71,17.76,17.76,39.84
VIDHIING,329.1,2026-07-31,4.43,7.5,15.68,9.5,3.95,-18.77
PRICOLLTD,696.65,2026-07-31,4.7,13.53,15.66,21.63,26.87,61.51
MVGJL,168.14,2026-07-31,0.6,6.9,15.51,-3.05,-1.18,-17.79
SPORTKING,201.26,2026-07-31,-6.63,1.88,15.49,36.47,123.32,77.62
HIRECT,1338.3,2026-07-31,0.45,6.88,15.45,42.12,113.72,45.94
LXCHEM,178.48,2026-07-31,-7.55,1.27,15.37,23.86,26.09,-12.41
RKFORGE,651.15,2026-07-31,4.11,15.83,15.27,9.01,27.61,11.96
MANOMAY,210.39,2026-07-31,1.9,7.19,15.25,-10.56,-7.33,30.15
TIPSFILMS,386.2,2026-07-31,2.37,18.48,15.23,1.99,9.75,-23.11
BECTORFOOD,206.46,2026-07-31,-2.56,-1.72,15.1,5.22,-7.07,-31.36
SMCGLOBAL,80.83,2026-07-31,5.92,0.36,15.08,20.48,6.87,15.43
IMFA,1448.6,2026-07-31,6.17,8.14,15.05,-3.07,24.94,100.15
PGEL,613.35,2026-07-31,5.8,-1.22,14.99,14.86,11.99,-24.4
MUTHOOTCAP,233.48,2026-07-31,8.55,8.68,14.97,14.39,1.91,-24.96
SUDARSCHEM,1013.9,2026-07-31,-4.02,-3.86,14.95,10.89,12.32,-29.16
HESTERBIO,2477.7,2026-07-31,-2.01,-1.81,14.89,52.27,67.71,28.11
THAKDEV,141.18,2026-07-31,-12.31,-3.61,14.78,-0.19,,
ARIHANTCAP,78.34,2026-07-31,0.36,3.71,14.77,11.74,-2.55,-20.47
RUBYMILLS,373.0,2026-07-31,-6.18,-5.08,14.77,57.52,91.41,48.39
VADILALIND,7214.5,2026-07-31,6.7,6.24,14.73,53.61,64.69,38.23
MANAPPURAM,371.85,2026-07-31,3.33,10.31,14.7,26.53,31.06,47.99
ARMANFIN,1941.0,2026-07-31,-2.63,-0.14,14.58,29.99,19.93,18.63
SINTERCOM,83.69,2026-07-31,2.85,2.15,14.53,14.71,-10.67,-34.89
MUTHOOTMF,245.46,2026-07-31,-3.75,-3.09,14.5,27.59,37.72,48.69
KAMDHENU,34.3,2026-07-31,-6.69,1.9,14.49,48.36,60.21,14.63
BANARBEADS,115.29,2026-07-31,-3.57,-2.06,14.48,2.34,2.29,-1.55
HYUNDAI,2180.7,2026-07-31,9.88,10.57,14.44,19.98,-0.71,2.32
HINDCON,24.03,2026-07-31,15.7,12.03,14.43,3.44,8.44,-29.05
TCL,114.65,2026-07-30,4.94,-8.28,14.42,8.31,30.06,9.29
ALMONDZ,14.76,2026-07-31,13.71,13.19,14.42,-10.44,1.03,-30.93
EXPLEOSOL,802.85,2026-07-31,12.53,10.8,14.31,12.2,0.6,-24.34
ETERNAL,302.45,2026-07-31,2.23,5.4,14.3,22.43,10.54,-1.74
ARISTO,109.25,2026-07-30,0.0,-5.0,14.16,-8.96,10.58,-10.37
GHCLTEXTIL,113.62,2026-07-31,-2.18,-0.48,14.04,28.37,49.9,29.96
MRPL,169.94,2026-07-31,4.71,-0.57,14.02,1.43,-1.71,37.6
HEROMOTOCO,5386.0,2026-07-31,5.32,9.79,13.99,7.18,0.68,30.77
BAJAJFINSV,2029.1,2026-07-31,6.07,9.0,13.98,16.23,4.01,4.25
PRECISION,7.75,2026-07-30,-3.12,11.51,13.97,1.31,-8.82,-71.08
RADIOWALLA,28.15,2026-07-30,-0.35,-4.25,13.97,-21.81,-46.89,-56.12
OMFURN,64.4,2026-07-30,13.78,15.0,13.78,0.7,0.0,-33.23
INSPIRE,9.5,2026-07-30,0.0,15.15,13.77,-17.75,-9.09,-49.87
COSMOFIRST,892.3,2026-07-31,-1.86,7.65,13.75,25.62,50.57,-11.89
ARKADE,141.19,2026-07-31,4.9,2.27,13.74,19.79,23.6,-25.36
NUVOCO,344.65,2026-07-31,-1.85,-0.36,13.73,16.16,-0.89,-19.95
KISSHT,317.8,2026-07-31,-7.14,0.35,13.7,,,
RITCO,291.7,2026-07-31,-1.15,5.1,13.66,33.75,21.69,3.02
ANSALAPI,3.33,2026-07-31,7.77,17.67,13.65,-11.9,14.04,-36.93
BALKRISIND,2473.5,2026-07-31,22.14,20.35,13.65,14.69,7.66,-7.08
BAJFINANCE,1141.2,2026-07-31,8.86,7.26,13.58,22.54,23.48,30.3
VERA,78.25,2026-07-30,0.0,19.28,13.41,13.41,11.95,15.07
GODREJPROP,2105.7,2026-07-31,1.78,-0.13,13.35,15.29,34.19,0.62
NITTAGELA,1922.5,2026-07-31,0.92,3.5,13.34,96.59,,
NIBL,33.87,2026-07-31,-8.24,-3.15,13.32,8.0,16.35,51.34
SATIA,61.75,2026-07-31,-0.61,3.85,13.3,-9.15,2.93,-27.36
AETHER,1539.6,2026-07-31,4.02,6.14,13.28,31.39,53.65,100.74
LTTS,3555.4,2026-07-31,1.64,6.15,13.24,-0.85,-3.42,-16.18
HTMEDIA,24.65,2026-07-31,0.37,-6.31,13.23,11.54,10.59,2.97
JINDRILL,616.2,2026-07-31,3.68,2.46,13.13,14.26,28.36,-4.54
UNITDSPR,1515.9,2026-07-31,2.29,8.64,13.12,15.24,12.11,15.18
LLOYDSME,2047.0,2026-07-31,1.59,7.29,13.07,16.09,85.56,36.12
MADHUSUDAN,242.65,2026-07-30,2.1,5.02,13.07,60.43,78.09,73.51
ROCKINGDCE,201.55,2026-07-30,13.45,14.75,13.01,-0.22,-8.39,9.54
MOLDTECH,152.76,2026-07-31,7.28,21.93,12.98,19.94,18.89,2.96
BODALCHEM,70.66,2026-07-31,4.53,7.34,12.97,3.82,46.78,-5.62
INFY,1130.1,2026-07-31,4.72,3.96,12.96,-2.31,-29.64,-22.32
TTKHLTCARE,1024.5,2026-07-31,-5.91,0.85,12.94,14.48,6.93,-16.82
KOTHARIPET,139.86,2026-07-31,2.79,7.49,12.9,5.58,18.74,-11.33
ARTEMISMED,298.5,2026-07-31,7.18,10.25,12.85,22.48,20.59,25.08
TECHLABS,127.0,2026-07-30,-0.78,-10.75,12.84,-41.18,-49.12,-73.34
VRLLOG,265.65,2026-07-31,1.1,15.72,12.84,4.93,0.07,-12.99
GOLDIAM,375.7,2026-07-31,5.61,9.23,12.78,32.84,62.13,47.68
PDMJEPAPER,94.86,2026-07-31,-0.93,11.84,12.66,11.9,12.43,-19.97
SHIVATEX,164.24,2026-07-31,6.13,12.08,12.61,-5.34,-0.54,-13.69
RAJRATAN,495.0,2026-07-31,-1.88,2.36,12.6,11.85,22.07,29.18
SWANDEF,2473.7,2026-07-31,1.77,9.36,12.59,34.62,36.02,669.28
SMARTLINK,200.4,2026-07-31,-4.84,-6.89,12.57,53.52,59.26,38.86
BUTTERFLY,719.65,2026-07-31,-6.06,-5.08,12.55,20.21,18.36,0.61
SHIVAUM,440.95,2026-07-31,13.54,8.88,12.54,24.21,36.52,46.01
PRITIKAUTO,17.42,2026-07-31,-3.01,-3.17,12.46,30.39,33.49,-5.68
QMSMEDI,114.59,2026-07-31,2.19,5.94,12.45,27.32,29.48,47.03
JAYAGROGN,229.35,2026-07-31,-1.43,1.52,12.45,16.43,25.68,-7.39
SOMATEX,98.82,2026-07-31,-0.71,-2.74,12.4,-8.91,-13.6,6.99
SIGMAADV,623.55,2026-07-31,13.55,16.9,12.33,116.78,266.21,448.71
TIJARIA,5.03,2026-07-31,12.53,11.28,12.28,11.78,23.89,-32.66
DBCORP,208.95,2026-07-31,0.32,-0.23,12.16,-1.24,-11.45,-20.07
GODREJIND,1317.6,2026-07-31,-1.15,-3.46,12.16,37.39,35.26,14.83
SHIVAMAUTO,18.0,2026-07-31,3.45,5.39,12.15,-6.1,-15.29,-39.5
UFLEX,470.65,2026-07-31,-1.22,7.59,12.09,6.43,2.78,-19.47
SANGAMIND,609.9,2026-07-31,-0.43,-1.8,12.06,18.22,34.62,41.95
M&M,3398.5,2026-07-31,4.94,7.36,11.91,10.87,0.07,7.21
EICHERMOT,7833.5,2026-07-31,1.88,4.65,11.9,11.35,11.13,46.62
ORTEL,1.79,2026-07-31,4.07,-0.56,11.87,4.68,34.59,-9.14
AARTIDRUGS,422.75,2026-07-31,2.87,1.14,11.87,12.34,11.54,-16.13
NAZARA,339.0,2026-07-31,11.73,9.62,11.84,28.62,19.2,0.34
ABBOTINDIA,27800.0,2026-07-31,0.0,0.62,11.83,11.86,3.21,-17.31
LTFOODS,410.35,2026-07-31,9.02,6.49,11.81,-4.71,10.37,-15.06
PANSARI,323.9,2026-07-31,-4.81,-9.17,11.75,8.22,11.9,37.54
AFFLE,1586.0,2026-07-31,6.24,4.46,11.73,11.56,2.51,-19.0
RSYSTEMS,262.46,2026-07-31,3.8,4.8,11.73,-0.26,-29.42,-35.95
STYL,346.15,2026-07-31,-3.69,-7.43,11.68,43.1,38.9,
HAPPSTMNDS,377.2,2026-07-31,-2.71,-1.37,11.67,2.08,-7.88,-36.93
CONCORDBIO,1420.8,2026-07-31,13.09,7.06,11.65,25.16,21.62,-18.61
HLEGLAS,426.9,2026-07-31,1.9,1.89,11.59,33.26,12.0,-4.37
AZAD,2292.5,2026-07-31,-6.11,-2.27,11.54,5.89,55.54,55.55
SHANKARA,141.87,2026-07-31,0.71,2.51,11.48,16.71,37.79,-87.8
RSWM,214.57,2026-07-31,0.42,1.05,11.4,30.38,53.88,36.16
SULA,170.71,2026-07-31,13.17,13.8,11.39,-0.71,-5.63,-39.73
TNIDETF,88.49,2026-07-31,3.4,3.76,11.38,9.59,-5.99,-3.69
DMCC,282.75,2026-07-31,4.32,6.0,11.32,2.06,21.27,-9.22
SBICARD,660.15,2026-07-31,2.35,2.36,11.29,2.52,-12.09,-17.95
JKPAPER,390.55,2026-07-31,-5.79,5.0,11.28,8.41,19.45,10.4
MPHASIS,2342.3,2026-07-31,0.41,-2.95,11.26,5.64,-12.83,-13.8
PIONEEREMB,25.26,2026-07-31,9.64,8.88,11.23,-8.78,-1.25,-37.54
UNICHEMLAB,513.4,2026-07-31,-4.92,-13.8,11.2,31.61,37.14,-17.65
GRPLTD,2098.2,2026-07-31,3.81,10.65,11.18,10.77,20.46,-10.66
ASIANENE,398.55,2026-07-31,3.84,12.08,11.13,25.42,55.56,13.59
RADIOCITY,6.79,2026-07-31,3.19,13.93,11.13,12.23,12.6,-21.95
MAGADSUGAR,500.4,2026-07-31,2.32,1.3,11.09,-3.15,18.06,-6.83
CTE,34.92,2026-07-31,9.26,13.38,11.07,4.9,1.54,-18.32
TITAN,4875.2,2026-07-31,2.85,4.99,11.06,11.54,22.97,46.12
KCEIL,89.1,2026-07-30,-3.83,-1.11,11.03,-29.62,-23.75,-75.91
FINOPB,159.09,2026-07-31,-4.43,-5.58,11.03,26.04,-26.43,-40.64
SIGNATURE,820.45,2026-07-31,3.75,2.64,11.01,-5.61,-8.96,-28.32
MAHKTECH,23.69,2026-07-31,1.63,1.15,10.91,1.24,-12.68,0.42
RAMRAT,448.5,2026-07-31,5.45,5.99,10.88,1.56,53.7,16.51
TORNTPHARM,5122.8,2026-07-31,2.06,2.35,10.88,22.65,30.48,38.12
KAYA,275.74,2026-07-31,-2.3,11.03,10.88,6.07,-17.53,-34.39
AVADHSUGAR,504.0,2026-07-31,-5.57,-5.16,10.79,4.55,54.85,11.13
CLEDUCATE,56.46,2026-07-31,-2.42,-2.66,10.77,21.34,-23.72,-37.5
BALPHARMA,88.09,2026-07-31,-0.61,-2.85,10.74,15.59,31.95,-10.76
SAMBHV,120.06,2026-07-31,-1.34,0.99,10.7,1.14,32.43,-5.99
HOMESFY,122.85,2026-07-30,0.0,0.0,10.68,-12.06,-24.21,-56.65
ZEEL,114.55,2026-07-31,5.23,6.72,10.67,27.65,35.75,-1.05
MATRIMONY,437.0,2026-07-31,1.79,-0.61,10.67,3.85,-15.53,-16.98
TANLA,586.55,2026-07-31,-0.09,2.38,10.65,14.57,16.02,-4.49
MOL,53.88,2026-07-31,-3.11,6.21,10.64,10.12,-10.38,-45.66
DYNPRO,263.12,2026-07-31,10.46,14.64,10.62,17.95,18.07,-28.06
CONCOR,525.5,2026-07-31,2.94,5.31,10.57,3.27,5.33,-7.77
AIMTRON,1361.35,2026-07-30,1.65,1.32,10.54,15.09,79.97,79.09
ALPHAGEO,220.13,2026-07-31,8.81,9.93,10.52,0.33,3.13,-13.0
HSCL,750.65,2026-07-31,-5.04,-2.5,10.52,23.68,63.14,58.9
SGFIN,682.25,2026-07-31,-0.85,1.54,10.51,20.16,103.81,
ATHERENERG,1260.3,2026-07-31,3.74,-2.81,10.5,34.81,102.87,259.73
PFIZER,4823.9,2026-07-31,2.8,5.37,10.42,4.07,7.42,-5.63
ADANIENSOL,1645.4,2026-07-31,-3.4,-4.86,10.33,22.59,83.88,103.54
GOODYEAR,833.25,2026-07-31,1.83,1.47,10.31,6.79,-34.58,-34.58
RADICO,4340.8,2026-07-31,4.61,5.28,10.26,27.09,53.83,59.09
VOGL,35.54,2026-07-31,2.01,-0.03,10.24,,,
MAHLOG,409.5,2026-07-31,-2.29,4.19,10.23,2.14,14.26,22.65
INDSWFTLAB,224.27,2026-07-31,-6.52,-4.15,10.19,63.06,97.75,113.59
SOUTHWEST,238.27,2026-07-31,1.26,1.0,10.18,-0.96,20.8,75.69
FLUOROCHEM,4366.8,2026-07-31,-4.31,1.17,10.16,21.23,43.01,21.6
PAR,98.9,2026-07-31,4.82,-3.58,10.15,8.88,10.4,-3.65
SAGILITY,43.4,2026-07-31,0.25,5.06,10.15,3.98,-13.08,-6.81
BOHRAIND,14.67,2026-07-31,11.47,11.81,10.14,-23.99,-19.04,-56.71
KESORAMIND,12.52,2026-07-31,9.34,7.65,10.11,24.45,32.21,131.85
RPSGVENT,935.25,2026-07-31,4.07,2.91,10.1,10.35,29.17,-6.37
IKS,1848.9,2026-07-31,1.09,-2.79,10.09,11.74,19.14,16.5
PRUDENT,3292.0,2026-07-31,14.7,16.29,10.08,16.63,37.51,12.81
UFBL,701.65,2026-07-31,0.33,5.22,10.07,99.7,287.22,146.97
WELINV,1879.9,2026-07-30,-2.69,3.05,10.03,26.12,52.02,82.92
OIL,458.6,2026-07-31,3.76,1.11,9.99,-6.56,-8.71,7.08
HDFCGROWTH,121.81,2026-07-31,3.26,4.77,9.92,6.33,-2.19,2.41
THEJO,2108.7,2026-07-31,9.76,10.38,9.91,16.07,22.45,-10.4
STARPAPER,151.39,2026-07-31,0.57,2.94,9.84,8.21,5.29,-11.98
VR,119.05,2026-07-30,10.23,15.69,9.77,-19.29,-23.22,-41.93
SUPREMEIND,3465.4,2026-07-31,3.81,0.84,9.74,-3.66,-0.67,-18.73
AEGISLOG,1280.8,2026-07-31,-0.81,-7.45,9.68,83.7,76.27,78.91
GMMPFAUDLR,864.4,2026-07-31,4.18,7.84,9.61,-4.43,-11.25,-38.26
NIRAJISPAT,222.49,2026-07-31,16.79,16.49,9.6,-9.83,27.87,-51.84
BHARTIHEXA,1607.5,2026-07-31,0.67,0.49,9.59,7.1,5.2,-12.04
EPACKPEB,267.31,2026-07-31,4.75,8.07,9.59,33.51,29.35,
HMVL,94.63,2026-07-31,-0.65,3.29,9.55,43.34,33.09,6.49
INDUSINDBK,1012.45,2026-07-31,0.58,-1.98,9.55,10.7,13.17,26.94
ORBTEXP,241.14,2026-07-31,-1.2,9.45,9.53,45.07,37.76,9.36
INDIGOPNTS,1111.8,2026-07-31,3.53,3.14,9.51,29.25,6.45,-7.06
ORIENTPPR,18.37,2026-07-31,0.88,10.2,9.48,-0.33,-8.52,-34.44
AILIMITED,37.55,2026-07-30,-4.94,-5.53,9.48,-9.3,43.32,-36.14
SUPRAJIT,504.6,2026-07-31,2.69,2.74,9.48,21.55,12.4,10.79
HOLMARC,104.0,2026-07-30,-4.59,-5.45,9.47,7.16,11.29,-14.74
SUVEN,307.1,2026-07-31,-1.46,-9.28,9.42,44.94,131.23,12.75
DSFCL,25.81,2026-07-31,-5.73,1.18,9.36,0.53,,
RSL,141.03,2026-07-31,4.99,10.16,9.31,1.91,,
TATATECH,747.65,2026-07-31,4.82,-0.14,9.29,30.58,17.52,8.1
INDOFARM,161.22,2026-07-31,3.76,2.66,9.28,17.95,-10.27,-22.64
FUSION,207.83,2026-07-31,-5.83,-8.03,9.27,8.77,13.34,27.53
MUNJALAU,101.34,2026-07-31,-3.39,-1.02,9.27,25.44,40.98,34.04
TIRUPATIFL,70.0,2026-07-31,-7.05,0.06,9.26,57.8,106.61,83.44
CHOICEIN,822.95,2026-07-31,2.87,0.97,9.26,24.04,7.5,7.97
NELCO,1015.65,2026-07-31,8.77,14.17,9.23,44.53,55.37,23.41
IMPEXFERRO,2.5,2026-07-30,0.0,4.6,9.17,46.2,47.06,26.26
GUJALKALI,670.8,2026-07-31,-3.36,10.72,9.17,-16.25,47.12,18.38
MOREALTY,90.31,2026-07-31,-0.08,-1.49,9.14,13.67,15.38,-0.97
CENTRUM,23.73,2026-07-31,2.51,-0.04,9.1,-1.66,-3.3,-40.91
JITFINFRA,337.95,2026-07-31,-3.54,-12.46,9.1,12.65,17.28,-3.69
MASTERTR,82.14,2026-07-31,-2.38,-4.73,9.1,0.24,-18.36,-50.02
GREAVESCOT,238.05,2026-07-31,-2.43,-2.33,9.1,45.3,47.01,6.1
QUINTEGRA,1.44,2026-07-30,0.0,3.6,9.09,1.41,6.67,-24.21
HEXT,561.65,2026-07-31,-0.23,1.08,9.09,27.84,-17.96,-18.06
SKIL,0.96,2026-07-30,0.0,4.35,9.09,4.35,-27.82,-53.62
SHOPERSTOP,389.6,2026-07-31,0.97,-0.69,9.07,31.22,6.33,-25.02
VSSL,304.75,2026-07-31,2.51,-1.31,9.03,9.35,19.23,14.29
LENSKART,561.4,2026-07-31,-1.85,3.64,9.02,8.81,22.75,
CHENNPETRO,1260.6,2026-07-31,7.85,3.84,9.02,11.72,46.71,87.5
SHINDL,162.02,2026-07-31,1.92,0.46,9.01,9.14,,
WIPRO,183.65,2026-07-31,2.87,5.31,9.01,-7.43,-21.59,-23.26
AJOONI,4.0,2026-07-31,0.76,-4.76,8.99,-4.76,2.83,-26.34
AVONMORE,11.17,2026-07-31,20.24,14.45,8.98,-9.63,-26.08,-40.36
BBTCL,241.22,2026-07-31,9.98,13.86,8.94,26.1,27.97,17.06
CINELINE,87.8,2026-07-31,6.7,13.04,8.92,1.88,2.25,-9.26
ADROITINFO,10.01,2026-07-31,9.4,8.45,8.92,0.3,8.22,-7.49
CONFIPET,79.66,2026-07-31,-1.7,3.91,8.91,45.76,145.79,53.46
FIVESTAR,547.95,2026-07-31,1.79,-3.6,8.88,14.68,20.61,-7.07
AUTOBEES,297.13,2026-07-31,4.17,6.5,8.82,11.77,8.38,22.59
NAHARSPING,281.1,2026-07-31,0.52,0.21,8.81,15.82,68.32,11.68
RADAAN,3.21,2026-07-31,15.05,9.18,8.81,-0.93,6.29,-18.94
GANESHBE,112.33,2026-07-31,-0.02,4.96,8.79,12.12,54.51,19.35
NILE,1873.3,2026-07-31,-1.26,0.63,8.79,12.34,,
SILVERTUC,201.79,2026-07-31,-0.31,3.89,8.78,23.48,45.89,-74.27
ARE&M,910.45,2026-07-31,4.17,0.51,8.78,4.73,9.11,-3.9
SIGACHI,25.92,2026-07-31,-0.08,1.57,8.77,28.32,30.38,-31.25
TASTYBITE,9236.5,2026-07-31,4.09,5.07,8.77,32.09,35.62,-18.89
UNIVCABLES,1358.4,2026-07-31,8.14,13.54,8.76,62.8,87.57,83.31
SHYAMMETL,1031.3,2026-07-31,-0.37,-2.08,8.75,18.24,20.65,4.96
HAVELLS,1260.7,2026-07-31,1.88,5.03,8.75,2.13,-1.4,-15.31
FEDERALBNK,358.85,2026-07-31,0.66,2.31,8.73,25.06,24.71,78.34
MAXIND,172.22,2026-07-31,-6.89,5.1,8.73,10.87,7.16,-20.97
GROWWRLTY,10.11,2026-07-31,-0.1,-1.65,8.71,12.96,15.3,
KIRIINDUS,414.65,2026-07-31,0.94,1.57,8.7,0.83,-10.55,-24.35
GLOBALPET,159.75,2026-07-30,-0.16,5.79,8.67,36.54,33.24,14.93
RRKABEL,2602.8,2026-07-31,3.07,11.57,8.67,66.1,89.95,81.75
EQUIPPP,22.33,2026-07-31,-10.79,-8.48,8.66,27.16,26.87,7.93
AUTOIETF,29.73,2026-07-31,3.95,6.48,8.62,11.64,8.11,22.45
SIGIND,52.31,2026-07-31,14.26,13.62,8.62,4.06,10.71,-8.0
GOKULAGRO,225.11,2026-07-31,6.41,6.55,8.58,-3.31,39.02,44.56
BCLIND,36.74,2026-07-31,4.08,4.26,8.57,2.94,32.16,-15.93
PRECOT,809.55,2026-07-31,-4.14,-2.56,8.55,47.63,145.13,36.97
TARC,137.25,2026-07-31,3.25,17.3,8.54,3.42,-10.32,-25.74
UNOMINDA,1180.5,2026-07-31,1.56,2.26,8.52,6.28,0.08,13.62
PNGSREVA,428.1,2026-07-31,3.38,6.72,8.5,1.15,,
JIOFIN,256.46,2026-07-31,8.59,7.34,8.47,4.1,0.77,-21.99
ASTRAL,1448.6,2026-07-31,-1.17,3.76,8.46,-5.3,-1.9,3.66
WELCORP,1650.6,2026-07-31,3.18,2.15,8.46,30.73,127.09,77.9
TPLPLASTEH,79.31,2026-07-31,1.24,-4.37,8.42,15.71,29.87,2.13
GROWWNET,10.04,2026-07-31,2.03,1.31,8.42,11.8,5.35,
VERANDA,259.09,2026-07-31,11.22,15.63,8.41,36.36,25.88,9.17
EXCELINDUS,986.3,2026-07-31,0.42,9.61,8.41,3.26,4.65,-26.46
LLOYDSENT,79.96,2026-07-31,-2.06,-2.76,8.39,16.79,37.6,-7.4
GLAXO,2655.4,2026-07-31,4.08,6.94,8.37,16.55,13.38,-13.9
LAGNAM,86.34,2026-07-31,-4.47,-2.88,8.36,4.49,28.81,-11.19
EUROPRATIK,305.05,2026-07-31,-3.04,-1.02,8.33,13.53,39.29,
OMNI,580.95,2026-07-31,-6.25,4.86,8.32,59.86,,
WORTHPERI,145.77,2026-07-31,1.72,-1.05,8.31,9.88,7.37,-3.33
PARADEEP,147.33,2026-07-31,9.43,6.58,8.31,14.24,6.0,-31.3
QFIL,62.8,2026-07-30,0.0,4.67,8.28,57.39,13.77,-10.03
MACPOWER,1458.2,2026-07-31,10.61,11.97,8.26,29.32,73.1,43.12
DALMIASUG,350.9,2026-07-31,-2.12,-3.23,8.2,-11.33,29.69,-3.11
GRAPHITE,656.4,2026-07-31,-0.94,3.05,8.18,-6.15,7.5,15.86
XCHANGING,66.12,2026-07-31,3.01,1.93,8.18,-0.71,-7.56,-25.83
MAHLIFE,392.65,2026-07-31,3.26,5.21,8.17,16.41,7.93,6.4
UDS,203.28,2026-07-31,-1.61,5.04,8.16,28.36,33.43,-29.77
RAINBOW,1525.4,2026-07-31,2.82,2.46,8.12,22.09,34.35,0.3
PGINVIT,98.38,2026-07-30,0.05,2.9,8.09,12.36,18.31,25.35
UNIPARTS,728.0,2026-07-31,3.29,5.29,8.08,36.24,70.66,124.32
KFINTECH,937.9,2026-07-31,-1.2,6.36,8.05,6.13,-6.25,-11.63
INTERNET,13.58,2026-07-31,2.41,1.12,8.04,12.2,5.61,
DEEPAKNTR,1662.2,2026-07-31,-0.99,-1.18,7.98,-3.86,1.66,-8.89
NESTLEIND,1509.6,2026-07-31,4.39,4.38,7.95,3.99,14.46,35.7
ULTRACEMCO,11903.0,2026-07-31,2.23,2.04,7.94,4.83,-4.32,-0.84
VISAKAIND,85.34,2026-07-31,3.71,5.23,7.94,26.36,38.34,2.91
INDOBORAX,374.9,2026-07-31,-7.8,-15.0,7.92,47.29,65.78,52.73
GRETEX,300.0,2026-07-30,0.0,-1.32,7.91,3.81,45.63,32.48
HARRMALAYA,215.55,2026-07-31,0.31,-0.86,7.89,-3.56,32.39,1.89
BORANA,324.65,2026-07-31,-1.04,-2.23,7.86,-6.51,-15.5,47.6
WEWORK,743.5,2026-07-31,2.64,9.15,7.86,35.97,30.32,
RBZJEWEL,148.98,2026-07-31,2.31,1.62,7.85,9.28,10.11,11.05
PANAMAPET,453.55,2026-07-31,-6.89,0.06,7.85,62.09,53.85,27.33
METROPOLIS,582.45,2026-07-31,0.88,1.52,7.83,22.48,24.63,17.24
SJS,2391.7,2026-07-31,-1.14,10.0,7.83,32.44,43.59,95.21
PNCINFRA,246.12,2026-07-31,1.77,-0.27,7.82,15.08,12.8,-21.29
BHARTIARTL,1972.0,2026-07-31,3.5,2.92,7.82,5.83,1.43,4.31
STYRENIX,2476.5,2026-07-31,0.02,4.71,7.78,9.54,30.44,-12.76
AUTOIND,87.83,2026-07-31,-2.01,-1.24,7.77,37.06,15.17,16.52
AARVI,156.7,2026-07-31,-0.39,0.13,7.75,25.26,21.96,53.55
TAJGVK,363.25,2026-07-31,0.87,0.58,7.74,11.6,-1.42,-11.31
HAPPYFORGE,1652.7,2026-07-31,0.12,2.78,7.74,22.91,55.75,75.22
WINSOME,836.67,2026-07-30,5.02,11.56,7.73,33.51,50.3,38.67
RPTECH,833.55,2026-07-31,4.01,10.16,7.73,81.9,132.19,192.78
XPROINDIA,1500.4,2026-07-31,7.62,8.17,7.68,47.56,59.29,34.26
JBCHEPHARM,2408.9,2026-07-23,0.0,-2.08,7.68,20.26,31.92,44.73
PIIND,2751.2,2026-07-31,0.31,3.53,7.67,-9.94,-13.76,-35.01
DLF,659.3,2026-07-31,1.29,-0.15,7.67,13.73,5.01,-14.88
COMMITTED,349.9,2026-07-30,6.03,6.48,7.66,24.08,78.98,55.28
DYCL,395.2,2026-07-31,-4.75,-11.32,7.61,6.83,35.11,-1.01
TVSHLTD,14713.0,2026-07-31,0.13,4.86,7.57,3.19,-1.7,28.45
SAURASHCEM,60.38,2026-07-31,4.23,-0.05,7.57,-0.67,-15.91,-51.71
SYNOPTICS,74.2,2026-07-30,-4.99,-2.82,7.54,20.65,53.62,-24.13
SIL,16.77,2026-07-31,3.39,3.14,7.5,11.58,20.45,-10.58
KMEW,2463.3,2026-07-31,1.46,0.74,7.48,39.22,37.96,196.18
LORDSCHLO,143.77,2026-07-31,-8.93,0.98,7.46,-0.34,1.15,-35.17
SUNFLAG,365.3,2026-07-31,0.87,4.04,7.43,24.84,49.13,27.03
SHADOWFAX,242.9,2026-07-31,15.89,9.68,7.39,46.52,127.82,
SAHYADRI,303.6,2026-07-31,3.88,7.26,7.39,18.62,21.71,0.9
ABREL,1418.1,2026-07-31,1.28,-1.64,7.33,-4.42,12.17,-24.63
CORALFINAC,33.6,2026-07-31,-0.15,7.62,7.31,-1.96,-3.86,-23.94
VARROC,679.2,2026-07-31,2.03,5.79,7.3,27.24,17.73,26.72
IDEAFORGE,875.1,2026-07-31,1.73,2.08,7.29,43.65,89.62,95.88
NYKAA,333.4,2026-07-31,2.04,3.06,7.25,25.93,40.38,59.05
MUNJALSHOW,137.35,2026-07-31,0.31,1.66,7.25,6.61,15.87,-4.41
AYMSYNTEX,251.81,2026-07-31,7.03,4.59,7.22,7.99,56.98,20.32
RKDL,19.74,2026-07-31,1.33,2.49,7.22,-9.16,-1.05,-31.03
BSOFT,302.4,2026-07-31,3.05,3.79,7.18,-16.94,-26.6,-21.12
NOVARTIND,1537.1,2026-07-31,-5.76,-7.84,7.16,49.16,128.65,128.65
NRAIL,473.4,2026-07-31,-1.09,10.47,7.16,-1.35,6.93,30.39
SUNPHARMA,1990.5,2026-07-31,0.85,1.74,7.15,10.36,25.91,17.69
SETL,275.1,2026-07-31,-2.72,-4.5,7.14,96.6,138.12,48.4
IFBAGRO,978.25,2026-07-31,-6.35,0.36,7.14,12.92,-25.03,6.41
CRISIL,4359.8,2026-07-31,-2.82,3.21,7.13,1.89,-5.42,-16.56
GRWRHITECH,7151.5,2026-07-31,-0.12,3.3,7.1,78.83,137.39,107.5
TBOTEK,1531.2,2026-07-31,0.79,5.99,7.1,21.97,9.98,13.04
AJAXENGG,580.15,2026-07-31,2.35,-2.31,7.09,10.71,11.85,-16.62
RISHABH,610.55,2026-07-31,-2.27,-6.8,7.07,29.79,65.51,114.57
HCG,671.2,2026-07-31,-0.85,2.68,7.03,17.23,13.37,7.9
MUKANDLTD,141.42,2026-07-31,0.6,-1.7,7.01,2.44,10.27,-0.92
BRITANNIA,5416.5,2026-07-31,2.27,0.67,7.0,-3.83,-6.04,-3.33
MEDANTA,1405.6,2026-07-31,-0.11,5.57,6.99,25.81,33.38,7.24
BAJAJHLDNG,11343.0,2026-07-31,4.93,10.14,6.98,11.85,6.33,-17.35
ATULAUTO,515.45,2026-07-31,6.88,7.17,6.98,5.56,28.49,16.01
CREDITACC,1592.8,2026-07-31,0.11,6.33,6.94,22.51,20.08,27.6
EMIL,130.16,2026-07-31,3.57,0.22,6.93,4.68,42.8,2.09
DENTA,354.25,2026-07-31,6.11,3.96,6.88,26.45,32.36,11.7
AFFORDABLE,180.86,2026-07-31,-1.78,-5.53,6.87,1.49,6.97,-56.35
UPL,604.3,2026-07-31,-0.69,-0.29,6.82,-4.94,-13.32,-13.31
CRAMC,261.27,2026-07-31,-0.61,2.14,6.81,4.16,5.28,
FMGOETZE,474.35,2026-07-31,-1.94,-2.96,6.8,0.95,9.84,-17.5
KROSS,196.2,2026-07-31,3.09,-5.82,6.79,5.84,0.91,11.76
KRITIKA,6.14,2026-07-31,11.23,9.25,6.78,-2.69,-7.67,-32.97
EMCURE,1960.1,2026-07-31,1.83,5.31,6.76,16.67,33.9,39.34
CENTURYPLY,799.5,2026-07-31,0.86,0.39,6.75,0.23,-0.53,9.43
3MINDIA,34615.0,2026-07-31,-1.65,-1.77,6.74,5.45,2.11,14.18
INDOTECH,3453.8,2026-07-31,-1.42,1.35,6.73,27.81,158.73,107.72
AARTIIND,489.1,2026-07-31,0.62,-1.27,6.72,-3.63,31.5,16.75
3BBLACKBIO,1247.1,2026-07-31,-3.5,-1.6,6.7,3.99,,
CORONA,2098.8,2026-07-31,0.03,2.58,6.68,22.22,42.66,
KANPRPLA,207.13,2026-07-31,-7.75,1.54,6.67,-1.44,20.26,3.63
SONAMAC,35.25,2026-07-30,0.0,10.33,6.66,-11.76,-9.85,-53.71
ABMINTLLTD,43.71,2026-07-31,-2.06,2.08,6.61,-0.11,24.28,-26.41
PUNJABCHEM,1143.8,2026-07-31,-1.06,0.03,6.61,-2.65,-5.37,-20.91
DCAL,186.94,2026-07-31,0.45,-2.04,6.6,2.05,-14.43,-26.47
SBILIFE,1882.0,2026-07-31,0.81,3.15,6.59,3.46,-5.7,2.39
TIPSMUSIC,668.05,2026-07-31,-6.25,-5.98,6.58,2.82,22.84,16.25
WSTCSTPAPR,569.5,2026-07-31,-2.1,10.18,6.58,17.76,42.04,8.2
OMAXE,86.16,2026-07-31,-4.21,-6.92,6.57,2.47,15.0,-11.66
NAHARPOLY,268.65,2026-07-31,-3.9,2.54,6.56,6.37,15.06,-12.68
SAILIFE,1315.1,2026-07-31,2.18,1.4,6.55,22.97,57.47,62.67
IDFCFIRSTB,84.68,2026-07-31,-0.24,3.55,6.53,21.6,1.32,23.15
BIMETAL,669.7,2026-07-31,2.9,2.24,6.52,14.15,,
EIDPARRY,760.05,2026-07-31,-1.44,-0.29,6.46,-9.95,-17.66,-38.38
UNIDT,222.98,2026-07-31,-1.37,-0.45,6.45,9.71,21.1,7.36
SANATHAN,474.95,2026-07-31,-2.72,7.02,6.42,5.81,5.7,-7.57
DIGJAMLMTD,48.95,2026-07-31,13.92,10.4,6.41,5.31,1.51,-11.98
AMBALALSA,34.84,2026-07-31,10.29,12.61,6.38,9.73,,
FLEXIADD,10.19,2026-07-31,1.7,2.21,6.37,4.51,-2.58,
INFOBEAN,166.86,2026-07-31,6.81,-0.98,6.35,-6.73,-16.87,13.37
LANCORHOL,26.16,2026-07-31,3.4,5.95,6.3,7.35,-5.49,11.45
ESCORTS,3086.0,2026-07-31,4.46,3.51,6.3,-3.72,-7.22,-6.62
TCPLPACK,3153.4,2026-07-31,-1.72,0.31,6.3,18.73,20.87,-12.89
RUBICON,1491.0,2026-07-31,-4.18,-1.38,6.28,53.72,117.9,
KMSUGAR,27.6,2026-07-31,-2.58,-3.4,6.28,-10.56,13.86,2.41
HALDYNGL,120.25,2026-07-31,-0.17,1.81,6.27,11.5,,
ASHAPURMIN,702.55,2026-07-31,0.06,2.05,6.27,11.29,7.3,26.9
MADHAVBAUG,191.9,2026-07-30,0.0,-7.29,6.26,-21.99,-15.28,-13.6
GRAVISSHO,30.83,2026-07-31,4.69,1.55,6.24,12.93,,
KANORICHEM,142.38,2026-07-31,-10.86,-2.71,6.23,61.94,105.28,58.22
MANAKCOAT,119.97,2026-07-31,-4.87,-6.52,6.23,10.18,-5.93,-26.18
HNGSNGBEES,497.59,2026-07-31,1.92,2.63,6.21,-4.73,-12.14,16.62
SHARIABEES,470.54,2026-07-31,2.2,2.47,6.2,1.13,-8.53,-4.64
AKUMS,658.35,2026-07-31,-2.55,-2.69,6.15,20.86,50.49,27.39
SONAMLTD,55.22,2026-07-31,-1.38,0.15,6.13,6.85,37.95,16.11
UBL,1418.8,2026-07-31,-0.69,5.03,6.12,-2.73,-3.38,-27.08
IRBINVIT,62.55,2026-07-30,1.14,3.34,6.12,8.97,8.96,13.62
ANKITMETAL,1.56,2026-07-31,0.65,6.85,6.12,-2.5,-8.77,-20.41
SETCO,17.7,2026-07-31,-1.67,-3.65,6.12,18.36,144.58,105.78
SUBEXLTD,12.33,2026-07-31,0.16,-4.64,6.11,32.01,32.87,-5.73
SAREGAMA,522.85,2026-07-31,1.55,1.69,6.1,52.06,55.06,9.36
KERNEX,2291.7,2026-07-31,-1.27,8.09,6.1,69.91,82.2,109.63
SDBL,71.91,2026-07-31,-0.22,-6.46,6.09,-17.49,-19.27,-52.71
GROWWLOVOL,10.62,2026-07-31,1.14,1.72,6.09,3.01,1.61,6.61
JSL,734.8,2026-07-31,1.49,0.55,6.09,-4.25,-10.67,6.27
BLUEDART,5160.3,2026-07-31,0.9,5.68,6.07,-5.59,-6.04,-13.54
HAL,4646.5,2026-07-31,0.6,3.46,6.06,7.09,1.42,3.68
DOLPHIN,393.8,2026-07-31,3.86,4.18,6.02,-5.4,-13.52,-9.78
SESHAPAPER,243.11,2026-07-31,2.45,9.15,6.02,-8.52,8.37,-9.54
LEXUS,14.66,2026-07-31,-2.07,-8.15,6.0,-16.51,-39.57,-53.07
GODREJCP,1070.4,2026-07-31,-0.31,0.53,5.98,0.81,-6.79,-13.45
SALSTEEL,57.56,2026-07-31,-3.33,10.33,5.96,-2.31,48.05,234.26
MAGSON,180.0,2026-07-30,-1.1,-1.1,5.88,1.69,34.33,41.79
CONSUMER,12.08,2026-07-31,2.37,2.29,5.87,10.42,9.72,3.87
ORIENTTECH,261.32,2026-07-31,-6.39,-2.28,5.86,-4.27,-20.52,-9.32
DALBHARAT,1799.7,2026-07-31,-1.47,-2.6,5.83,-5.32,-12.61,-19.11
AARTISURF,400.85,2026-07-31,0.64,2.32,5.75,-1.73,-2.82,-29.45
QUAL30IETF,21.39,2026-07-31,1.37,2.15,5.73,2.74,-1.25,3.08
SHAILY,3061.4,2026-07-31,0.38,7.12,5.73,20.88,59.97,93.15
PCJEWELLER,9.26,2026-07-31,-0.96,-5.89,5.71,-1.17,-12.89,-40.83
TCIEXP,541.65,2026-07-31,-3.51,-6.23,5.7,3.3,0.95,-22.02
ASTRAMICRO,1861.6,2026-07-31,3.32,6.32,5.68,65.45,89.46,94.42
NIFTYQLITY,21.58,2026-07-31,1.12,1.98,5.68,2.52,-1.15,3.11
CONS,12.47,2026-07-31,1.88,3.31,5.68,6.31,-89.4,-89.59
IEX,132.24,2026-07-31,4.31,5.2,5.68,7.3,7.22,0.48
RHIM,388.55,2026-07-31,-3.12,-4.93,5.66,-3.8,-12.71,-22.04
NDGL,2783.7,2026-07-31,1.74,0.5,5.65,2.75,8.72,-31.32
360ONE,1135.3,2026-07-31,0.23,0.78,5.65,9.73,0.67,9.02
KOLTEPATIL,385.1,2026-07-31,-0.39,2.71,5.65,0.38,3.3,-7.22
PNB,112.71,2026-07-31,0.98,0.85,5.64,6.06,-7.35,10.07
BALRAMCHIN,586.2,2026-07-31,-4.16,-2.31,5.63,12.5,39.46,0.61
SAKAR,885.25,2026-07-31,6.66,-1.51,5.63,40.95,126.35,157.45
SBIETFQLTY,225.59,2026-07-31,1.61,2.39,5.63,4.27,-1.14,3.39
ICICIPRULI,515.4,2026-07-31,1.1,3.41,5.63,0.65,-18.79,-16.03
WTICAB,113.0,2026-07-30,-5.52,-12.81,5.61,-1.78,-8.83,-39.56
INDIACEM,398.0,2026-07-31,-0.09,1.4,5.56,0.53,-13.04,7.83
AISL,58.0,2026-07-30,-2.52,3.66,5.55,1.84,-22.77,-38.27
AMNPLST,198.81,2026-07-31,1.87,3.14,5.53,21.89,16.68,-11.92
FIDEL,149.35,2026-07-30,-8.93,-1.26,5.49,-14.17,8.98,-16.54
GROWWEV,32.66,2026-07-31,2.25,3.65,5.49,8.69,10.6,13.05
UNIMECH,1235.9,2026-07-31,2.72,-3.03,5.48,23.29,40.31,6.82
BYKE,35.16,2026-07-31,7.36,6.71,5.46,-4.22,-29.97,-54.04
DEEDEV,678.55,2026-07-31,-0.6,-2.42,5.46,62.72,259.04,142.82
AMDIND,46.43,2026-07-31,-2.4,1.07,5.45,4.93,5.74,-8.31
QUALITY30,20.94,2026-07-31,0.77,2.05,5.44,0.58,-2.47,3.71
ALLDIGI,812.7,2026-07-31,-3.42,0.53,5.42,1.12,-3.22,-10.18
MAWANASUG,104.63,2026-07-31,-4.4,-6.62,5.41,-4.06,32.06,13.14
THYROCARE,579.0,2026-07-31,-0.86,4.23,5.41,46.52,39.65,33.46
ESFL,122.9,2026-07-30,-5.39,9.05,5.4,-4.73,-17.82,-69.29
APOLLOPIPE,515.6,2026-07-31,2.03,4.51,5.39,14.07,92.48,27.96
ASHOKLEY,166.18,2026-07-31,7.17,7.35,5.38,4.27,-14.07,40.57
MERCURYEV,35.09,2026-07-31,-2.31,-0.65,5.38,,,
REMSONSIND,83.19,2026-07-31,4.47,2.4,5.38,-21.92,-22.91,-33.26
MARALOVER,58.36,2026-07-31,-0.58,6.11,5.36,30.21,49.72,-20.39
SHIVALIK,247.21,2026-07-31,-6.42,12.47,5.35,-4.95,-20.46,-59.0
BPCL,319.75,2026-07-31,1.11,0.68,5.34,6.42,-9.8,1.92
SVLL,722.0,2026-07-31,-4.75,-7.74,5.34,20.82,14.18,-9.68
VGUARD,314.5,2026-07-31,7.34,5.0,5.33,-4.3,-10.22,-17.29
CEMPRO,1367.8,2026-07-31,-0.09,-15.93,5.32,68.21,114.45,76.33
BALAMINES,2133.3,2026-07-31,-6.63,-6.26,5.3,60.75,91.93,21.99
PYRAMID,181.12,2026-07-31,-7.57,11.31,5.27,3.31,20.08,8.62
HDFCQUAL,58.89,2026-07-31,1.41,2.26,5.25,2.7,-2.06,3.84
JUBLFOOD,438.25,2026-07-31,2.53,3.15,5.24,-8.17,-11.58,-32.95
CONSUMBEES,134.53,2026-07-31,1.72,2.93,5.23,6.06,5.49,3.48
TTKPRESTIG,641.6,2026-07-31,-1.04,-2.54,5.21,28.45,9.99,2.94
DCMSRIND,39.26,2026-07-31,-1.38,-5.42,5.21,-7.12,4.3,-76.45
HALEOSLABS,1530.8,2026-07-31,-0.31,-3.67,5.17,5.08,29.44,35.32
ETHOSLTD,2575.4,2026-07-31,-0.13,-2.95,5.17,7.23,0.9,-6.7
EVINDIA,32.83,2026-07-31,2.53,3.66,5.16,9.14,10.76,12.97
PODDARMENT,261.61,2026-07-31,3.51,4.19,5.15,3.3,7.61,-11.2
BAJAJELEC,332.9,2026-07-31,1.06,-0.4,5.13,-15.2,-18.97,-45.66
CONSUMIETF,125.4,2026-07-31,1.89,3.14,5.1,5.8,5.92,3.71
POONAWALLA,463.55,2026-07-31,-0.33,-0.79,5.1,11.11,16.18,9.78
SHRIPISTON,4395.2,2026-07-31,3.62,3.81,5.09,26.05,60.32,83.58
SFL,783.8,2026-07-31,2.16,3.06,5.08,54.18,51.2,18.51
EVIETF,32.79,2026-07-31,2.28,3.57,5.06,7.76,10.52,12.76
CAPITALSFB,291.7,2026-07-31,-2.72,-4.44,5.04,6.12,15.44,-2.55
ANTHEM,809.2,2026-07-31,2.36,2.23,5.02,6.74,35.38,6.87
SIRCA,420.45,2026-07-31,6.23,7.54,5.0,-0.29,-8.91,-2.54
JETFREIGHT,22.7,2026-07-31,-3.16,-3.4,5.0,11.0,29.79,65.21
GFSTEELS,14.29,2026-07-30,0.0,0.0,5.0,15.61,27.36,46.87
SBIETFCON,124.87,2026-07-31,1.83,3.03,4.99,6.49,5.73,3.37
SPECIALITY,133.14,2026-07-31,0.84,-1.73,4.99,28.27,29.32,1.78
AMJLAND,39.34,2026-07-31,4.41,4.96,4.99,-2.5,-6.27,-34.43
SIEMENS,3760.0,2026-07-31,1.63,2.72,4.96,-0.78,21.84,24.56
RANEHOLDIN,1748.5,2026-07-31,-0.81,0.21,4.94,55.39,34.53,14.93
NGLFINE,3260.3,2026-07-31,1.05,8.32,4.92,47.23,94.38,148.42
SANDUMA,212.84,2026-07-31,7.41,9.8,4.92,1.06,-4.07,41.9
ONWARDTEC,292.1,2026-07-31,-0.22,6.86,4.92,23.78,-7.71,-10.5
ANANDRATHI,2073.7,2026-07-31,1.05,-0.43,4.91,15.38,44.02,57.38
VRAJ,122.55,2026-07-31,-4.63,-7.19,4.91,-4.56,-1.03,-25.56
UNIVAFOODS,8.99,2026-07-30,0.0,0.0,4.9,15.4,-21.0,-27.03
GULPOLY,197.32,2026-07-31,-0.21,8.09,4.88,8.92,54.43,16.64
TRIGYN,53.72,2026-07-31,0.58,-0.13,4.86,-9.36,-6.43,-32.49
LOWVOL,211.7,2026-07-31,1.73,2.22,4.85,4.94,1.42,3.54
LOWVOL1,21.67,2026-07-31,1.98,2.31,4.84,5.3,1.5,3.88
ANDHRSUGAR,82.13,2026-07-31,-6.08,0.29,4.84,-15.91,17.21,6.72
MENNPIS,70.62,2026-07-31,-3.09,1.99,4.83,23.64,,
PRAENG,20.26,2026-07-31,-8.37,-0.1,4.81,-10.27,-8.98,6.63
ROUTE,540.0,2026-07-31,0.62,-3.25,4.81,3.19,-8.13,-38.99
ASTERDM,822.15,2026-07-31,2.58,0.86,4.81,17.27,49.55,36.74
HAWKINCOOK,8549.5,2026-07-31,-3.88,-6.15,4.81,16.42,,
AMANTA,168.72,2026-07-31,5.45,2.48,4.8,28.67,63.28,
TRANSWIND,13.15,2026-07-30,0.0,0.0,4.78,-21.02,-48.43,-13.2
TOP20,9.03,2026-07-31,1.92,2.38,4.76,3.67,,
TEXINFRA,113.99,2026-07-31,0.7,-0.02,4.75,17.62,17.5,15.38
LOWVOLIETF,22.72,2026-07-31,1.93,2.25,4.75,5.28,1.34,3.79
RICOAUTO,141.77,2026-07-31,-2.62,2.46,4.74,25.3,22.2,99.99
MINDSPACE,495.8,2026-07-30,0.35,0.16,4.73,7.66,0.88,25.95
FEDDERSHOL,42.17,2026-07-31,-5.53,-12.8,4.72,24.03,,
PHARMABEES,27.27,2026-07-31,2.06,1.87,4.72,14.05,22.62,16.99
VENKEYS,1499.4,2026-07-31,-0.29,-1.5,4.72,-5.25,-2.44,-0.11
ATUL,6736.5,2026-07-31,-0.78,10.59,4.72,-0.7,8.97,2.12
SANSERA,3346.9,2026-07-31,2.26,0.35,4.71,33.15,92.88,151.22
CANHLIFE,146.45,2026-07-31,0.99,-2.22,4.71,3.64,-0.6,
ARABIAN,69.15,2026-07-30,-0.43,2.83,4.69,-0.86,3.6,-20.06
RITES,214.09,2026-07-31,-1.41,-2.66,4.68,-2.2,-5.49,-13.95
SUNDRMFAST,977.45,2026-07-31,2.0,2.28,4.64,16.08,3.12,0.11
ARFIN,89.77,2026-07-31,-1.54,4.36,4.63,-5.0,19.28,162.68
ALPL30IETF,28.38,2026-07-31,1.47,1.61,4.61,7.13,4.92,4.38
GAIL,181.44,2026-07-31,4.14,4.87,4.6,11.16,11.84,5.91
MARICO,870.65,2026-07-31,1.86,2.26,4.59,12.86,19.85,24.45
KHANDSE,17.93,2026-07-31,4.24,2.99,4.55,4.3,-6.86,-27.99
ENTERO,1243.9,2026-07-31,-2.32,4.56,4.53,2.26,12.58,-3.32
ACE,1070.3,2026-07-31,0.8,7.94,4.52,20.58,25.99,-5.29
WANBURY,293.55,2026-07-31,-10.84,-13.64,4.52,15.44,40.62,9.17
FIEMIND,2323.3,2026-07-31,-1.41,2.51,4.52,8.28,8.9,22.86
MOIPO,47.13,2026-07-31,2.26,1.16,4.52,8.44,10.84,
CHEMBONDCH,226.41,2026-07-31,-5.91,-10.28,4.51,49.62,59.19,17.05
VELS,73.0,2026-07-30,0.0,0.0,4.51,6.8,38.39,16.43
CRAFTSMAN,9873.5,2026-07-31,5.86,5.11,4.5,28.58,35.1,46.41
STERTOOLS,252.11,2026-07-31,4.25,2.86,4.5,3.82,-0.45,-25.89
EMPOWER,2.57,2026-07-31,7.08,11.74,4.47,31.79,,
RILINFRA,38.65,2026-07-30,-1.78,1.71,4.46,12.85,14.01,6.77
MMP,292.5,2026-07-31,2.61,2.83,4.46,18.8,16.3,7.11
ICEMAKE,831.35,2026-07-31,-3.7,-0.72,4.45,4.22,14.62,3.09
MARINETRAN,14.1,2026-07-30,-0.35,-0.35,4.44,-20.11,-9.9,-12.42
PATELRMART,225.65,2026-07-31,1.55,4.83,4.44,6.24,14.91,
TIRUMALCHM,174.25,2026-07-31,1.26,7.28,4.44,-14.64,-8.51,-41.72
GENUSPOWER,312.7,2026-07-31,-2.89,-0.49,4.44,0.21,12.78,-11.62
SUNREST,35.5,2026-07-30,1.43,1.43,4.41,-1.66,9.23,-34.8
IGPL,471.25,2026-07-31,0.77,11.11,4.4,10.65,31.64,-1.34
GEMAROMA,191.6,2026-07-31,1.18,3.63,4.4,17.14,14.32,
DIVIDEND,36.1,2026-07-31,1.75,1.83,4.4,-1.9,,
PGHL,6604.5,2026-07-31,-2.65,-3.62,4.39,26.6,28.29,16.22
ICICIBANK,1435.4,2026-07-31,-0.71,-1.7,4.38,13.61,5.93,-2.36
HDFCLOWVOL,21.1,2026-07-31,1.78,2.08,4.35,4.98,0.76,3.48
REGAAL,81.88,2026-07-31,5.54,4.52,4.35,-1.16,35.61,
BLUSPRING,115.85,2026-07-31,5.93,5.64,4.35,79.42,94.22,32.28
HOMEFIRST,1189.0,2026-07-31,0.55,-6.61,4.35,2.83,1.35,-1.44
JYOTICNC,808.65,2026-07-31,0.61,0.7,4.33,7.83,0.29,-20.72
SUNDROP,665.45,2026-07-31,-2.51,4.77,4.29,0.45,6.62,-17.56
URBAN,132.75,2026-07-30,-0.3,6.33,4.24,-6.58,-4.15,-22.89
ASIANPAINT,2747.3,2026-07-31,1.37,2.08,4.23,13.36,14.12,15.83
GSMFOILS,239.35,2026-07-30,-11.86,-14.1,4.22,16.98,19.7,12.82
ALKYLAMINE,1785.6,2026-07-31,-1.97,-2.48,4.21,18.44,14.33,-23.53
RAYMONDREL,643.1,2026-07-31,-3.42,-8.59,4.19,44.99,27.37,-6.45
PROTEAN,616.15,2026-07-31,-1.53,5.2,4.19,16.27,1.07,-20.71
STYLAMIND,3384.3,2026-07-31,-0.9,-0.88,4.19,51.34,52.94,93.64
SANGANI,44.8,2026-07-30,0.0,-0.22,4.19,-13.01,0.11,-31.08
KTKBANK,284.75,2026-07-31,-0.28,3.45,4.15,6.01,56.41,62.07
JSWSTEEL,1270.0,2026-07-31,2.04,1.03,4.15,1.01,5.18,21.84
PREMCO,372.55,2026-07-31,1.2,0.38,4.15,-13.7,,
CCHHL,13.08,2026-07-31,3.07,4.64,4.14,-7.1,-0.38,-27.05
KIRANVYPAR,197.51,2026-07-31,-1.74,1.73,4.13,0.82,,
GAEL,172.11,2026-07-31,9.41,19.62,4.1,10.5,22.06,56.47
ADVENTHTL,147.67,2026-07-31,-1.2,-0.53,4.1,-3.71,-26.06,
SARDAEN,516.6,2026-07-31,0.84,2.86,4.09,-12.67,5.47,15.73
BFINVEST,454.85,2026-07-31,-1.14,-3.68,4.08,11.78,22.14,-4.08
MUTHOOTFIN,3119.6,2026-07-31,3.1,4.59,4.08,-8.9,-17.85,20.43
SUNDARMFIN,4665.6,2026-07-31,5.63,5.43,4.07,3.43,-10.87,0.63
MANGLMCEM,950.45,2026-07-31,-3.48,-3.03,4.07,3.03,21.14,34.16
SAPPL,289.65,2026-07-31,-3.16,-5.03,4.06,-5.44,,
MAHSCOOTER,13009.0,2026-07-31,0.18,0.04,4.06,6.77,-2.73,-17.83
EMUDHRA,464.1,2026-07-31,0.21,1.28,4.06,-4.91,-12.95,-40.05
MRF,132770.0,2026-07-31,0.57,-0.02,4.05,2.54,0.64,-10.04
ACCELYA,1142.6,2026-07-31,-1.53,-1.41,4.05,-1.38,-8.36,-12.4
DNAMEDIA,2.83,2026-07-31,0.0,1.8,4.04,-5.67,-13.98,-39.01
BCONCEPTS,188.55,2026-07-31,-1.89,-0.65,4.04,-19.8,-33.32,-43.37
THELEELA,494.6,2026-07-31,3.99,0.42,4.03,15.49,17.48,19.53
VOLTAS,1328.9,2026-07-31,0.73,-2.1,4.02,-6.8,0.39,0.4
SUDEEPPHRM,881.05,2026-07-31,2.67,1.86,4.02,24.74,44.89,
MEDIORG,25.9,2026-07-30,1.57,13.1,4.02,-10.69,-2.81,-42.44
JINDALSTEL,1102.4,2026-07-31,3.44,6.69,3.99,-9.87,-2.61,14.46
HALDER,247.11,2026-07-31,5.73,8.28,3.99,0.12,-8.39,
DIVOPPBEES,78.34,2026-07-31,1.11,1.04,3.97,-2.54,-6.69,2.45
DAMCAPITAL,152.86,2026-07-31,-2.55,-6.13,3.96,-0.57,-13.59,-30.86
AAKASH,8.95,2026-07-31,-0.56,-0.33,3.95,10.09,14.6,-8.58
STANLEY,157.03,2026-07-31,0.62,0.38,3.93,13.27,-14.55,-52.3
MANDEEP,19.95,2026-07-30,0.0,-0.99,3.91,-12.88,-0.25,-21.76
COLPAL,2076.1,2026-07-31,-2.83,-1.75,3.91,0.21,-0.64,-5.43
TGBHOTELS,9.38,2026-07-31,3.76,9.71,3.88,-3.2,0.21,-20.51
DREDGECORP,1139.4,2026-07-31,7.0,11.75,3.87,21.41,1.21,70.57
FINIETF,33.54,2026-07-31,2.95,2.76,3.81,6.61,6.37,13.01
OFSS,11186.0,2026-07-31,0.87,-3.73,3.81,18.3,48.28,37.87
TSFINV,452.5,2026-07-31,4.84,-5.25,3.81,13.39,6.71,-3.86
SELECTIPO,46.91,2026-07-31,1.78,0.8,3.78,8.46,10.52,-3.63
SNOWMAN,38.3,2026-07-31,5.36,3.77,3.77,-5.78,-0.58,-28.64
SUPREMEINF,83.63,2026-07-31,4.16,6.12,3.77,8.16,0.76,-30.74
BLUESTARCO,1681.2,2026-07-31,2.31,-1.93,3.76,-5.14,-7.01,-2.8
JYOTHYLAB,198.85,2026-07-31,-1.55,-1.1,3.75,-23.81,-18.62,-38.48
HEALTHIETF,171.89,2026-07-31,1.79,1.48,3.75,12.55,20.75,13.07
ABFRL,60.24,2026-07-31,5.59,5.17,3.75,-6.17,-9.29,-17.33
PRIMO,25.24,2026-07-31,12.23,7.86,3.74,9.83,25.82,-9.66
CPCAP,110.07,2026-07-31,1.61,1.41,3.74,16.07,10.03,-34.2
SIGNPOST,283.55,2026-07-31,-7.23,-11.36,3.73,11.09,36.42,23.08
WESTLIFE,507.1,2026-07-31,9.17,12.66,3.72,6.57,2.83,-30.25
HECPROJECT,131.53,2026-07-31,-4.48,13.78,3.69,2.02,18.99,-19.11
RECLTD,372.95,2026-07-31,2.47,3.78,3.69,6.47,5.88,0.61
EXCELSOFT,77.41,2026-07-31,-0.08,1.45,3.67,-17.24,10.97,
SUYOG,866.25,2026-07-31,-2.16,2.65,3.64,13.51,58.03,1.13
VIMTALABS,608.85,2026-07-31,3.7,14.82,3.63,33.68,48.67,-11.88
ABB,7284.5,2026-07-31,-0.59,-3.09,3.61,0.75,31.12,33.0
MON50EQUAL,33.9,2026-07-31,1.99,1.97,3.6,4.23,2.94,8.91
ENDURANCE,2758.3,2026-07-31,1.35,1.03,3.59,18.84,14.13,8.97
ALUWIND,49.2,2026-07-30,-4.84,6.26,3.58,-10.22,-24.02,-35.14
KUANTUM,78.05,2026-07-31,-2.64,3.94,3.58,-0.14,-8.48,-37.71
CARERATING,1709.5,2026-07-31,0.52,2.28,3.58,3.2,7.58,2.13
HOACFOODS,730.5,2026-07-30,1.17,6.34,3.57,65.65,131.9,242.15
KIRLFER,475.65,2026-07-31,-1.1,-0.97,3.56,10.11,5.86,5.86
HEALTHY,17.2,2026-07-31,1.36,1.42,3.55,12.34,20.7,12.71
CENTEXT,19.87,2026-07-31,6.26,5.19,3.54,-8.52,-11.14,-15.95
COROMANDEL,2073.6,2026-07-31,3.48,2.63,3.52,4.74,-8.71,-22.58
JPPOWER,18.29,2026-07-31,7.52,8.29,3.51,-7.25,20.41,-12.9
MOALPHA50,55.23,2026-07-31,3.27,3.55,3.5,9.15,13.98,
EFCIL,194.86,2026-07-31,-1.11,1.97,3.48,1.34,-23.94,
MIDSELIETF,19.6,2026-07-31,0.77,0.98,3.48,10.24,10.86,13.29
TEXRAIL,111.39,2026-07-31,-1.22,-3.02,3.46,5.61,-12.8,-23.91
SHREECEM,26055.0,2026-07-31,-3.0,-2.96,3.46,7.97,-3.2,-14.97
INDHOTEL,738.55,2026-07-31,0.65,1.86,3.45,16.67,10.04,0.15
FEDFINA,153.83,2026-07-31,2.37,-2.49,3.44,5.2,0.86,13.52
PTCIL,17737.0,2026-07-31,-1.04,-1.63,3.43,10.39,-1.78,18.84
KICL,5498.5,2026-07-31,0.97,-0.7,3.42,15.62,17.34,14.82
OBEROIRLTY,1827.7,2026-07-31,-0.27,-2.82,3.42,9.72,22.87,12.67
ANTELOPUS,821.5,2026-07-31,-6.17,-4.68,3.42,18.41,49.16,37.29
NGIL,40.94,2026-07-31,4.87,2.4,3.41,9.2,51.52,42.65
CHOLAFIN,1849.9,2026-07-31,3.62,3.8,3.4,18.41,13.51,28.33
MOMGF,163.51,2026-07-31,2.2,2.9,3.39,5.65,9.16,15.34
ASIANHOTNR,300.1,2026-07-31,-3.78,1.35,3.38,0.2,-1.19,-9.89
BTTL,47.48,2026-07-31,-2.3,-3.61,3.37,40.47,,
DENTALKART,396.55,2026-07-30,-8.12,-5.64,3.36,-12.65,-34.16,-36.17
HNDFDS,574.65,2026-07-31,-0.61,0.3,3.35,16.57,23.66,4.06
SHERA,165.0,2026-07-30,-4.07,-5.17,3.35,13.79,33.06,18.53
SADBHAV,9.08,2026-07-31,9.27,12.66,3.3,-5.42,41.87,-24.96
PRESTIGE,1616.2,2026-07-31,-1.73,-3.17,3.3,14.27,10.59,-0.52
ECOSMOBLTY,134.48,2026-07-31,2.29,2.3,3.3,-2.48,-29.38,-56.02
JTEKTINDIA,140.71,2026-07-31,5.57,4.61,3.29,3.37,2.84,9.7
MASFIN,319.8,2026-07-31,0.47,0.49,3.29,-5.91,-1.3,4.46
ORIENTCER,40.97,2026-07-31,1.61,-1.59,3.28,-0.36,-2.43,-3.35
TMCV,436.8,2026-07-31,6.25,6.71,3.27,7.77,-3.66,
MANUFGBEES,164.36,2026-07-31,2.09,1.97,3.27,5.6,9.13,
ALKEM,5751.5,2026-07-31,2.47,1.73,3.26,6.51,2.12,15.43
MOHEALTH,51.66,2026-07-31,0.23,0.78,3.26,14.32,23.26,13.17
ONGC,242.53,2026-07-31,1.66,-2.82,3.25,-19.04,-7.7,6.08
NEXT30ADD,43.19,2026-07-31,2.1,1.94,3.25,3.23,6.25,12.15
EQUAL50ADD,348.51,2026-07-31,1.63,1.45,3.22,3.76,2.6,8.43
IVALUE,274.05,2026-07-31,-5.14,-8.11,3.2,6.17,13.69,
ONMOBILE,63.41,2026-07-31,2.19,4.5,3.19,14.73,32.91,17.86
NEXT50ADD,74.19,2026-07-31,1.99,1.84,3.18,6.15,,
DCMSHRIRAM,1033.9,2026-07-31,0.48,0.64,3.18,-15.45,-11.88,-26.78
AWL,189.44,2026-07-31,0.96,0.04,3.18,-3.03,-11.0,-27.37
APOLLOHOSP,8957.0,2026-07-31,1.28,0.58,3.17,17.29,28.85,19.77
SETFNN50,789.27,2026-07-31,1.46,1.95,3.16,5.0,6.9,10.61
ESG,42.08,2026-07-31,1.5,0.89,3.16,2.91,-2.39,-0.78
METROBRAND,1036.6,2026-07-31,0.47,-3.02,3.16,1.34,-1.04,-16.23
SHREYANIND,139.32,2026-07-31,-2.57,2.41,3.15,-17.94,-16.06,-39.32
VHLTD,134.13,2026-07-31,0.03,2.06,3.15,-4.43,0.52,26.76
ABCAPITAL,404.3,2026-07-31,0.96,0.79,3.15,17.02,18.98,57.53
NH,2029.2,2026-07-31,-1.21,0.16,3.14,15.12,15.03,6.44
PROV,1650.0,2026-07-30,-4.07,-3.11,3.12,24.25,32.21,61.76
EQUAL50,336.58,2026-07-31,1.61,1.19,3.12,3.55,2.28,8.24
BATAINDIA,696.15,2026-07-31,0.8,0.67,3.11,-1.84,-18.01,-40.35
SBINEQWETF,33.84,2026-07-31,1.44,1.26,3.11,3.52,2.24,8.29
HEALTHCARE,21.61,2026-07-31,1.31,1.22,3.1,13.74,,
ASAHIINDIA,876.55,2026-07-31,-0.18,-1.49,3.1,4.82,-12.5,4.59
AKSHARCHEM,249.94,2026-07-31,6.36,6.34,3.1,25.45,12.78,-12.66
NATIONALUM,350.05,2026-07-31,3.15,2.09,3.08,-11.9,-7.59,97.7
ONELIFECAP,36.13,2026-07-31,-4.65,-0.11,3.08,102.98,134.76,162.57
SNXT30BEES,42.94,2026-07-31,1.8,1.87,3.07,2.9,6.21,11.62
HDFCNEXT50,75.19,2026-07-31,1.61,1.81,3.07,5.57,8.83,10.15
IONEXCHANG,420.7,2026-07-31,-1.57,-3.08,3.06,6.13,18.77,-9.24
MAKEINDIA,166.26,2026-07-31,1.95,2.08,3.06,5.33,8.83,15.43
BIRET,341.12,2026-07-30,-0.68,0.04,3.04,6.46,-0.21,14.8
CDSL,1333.0,2026-07-31,0.3,-3.77,3.04,5.75,1.89,-8.42
GROWWNXT50,73.67,2026-07-31,0.92,1.25,3.01,5.24,8.69,
NAVKARURB,1.03,2026-07-31,-2.83,-10.43,3.0,33.77,-24.26,-54.14
BOSCHLTD,41085.0,2026-07-31,-0.4,0.31,2.97,14.14,12.47,1.73
LMW,16152.0,2026-07-31,0.07,0.33,2.97,11.16,8.5,7.14
DATAMATICS,832.05,2026-07-31,-2.66,-0.68,2.96,13.54,18.79,-14.68
EQUAL200,13.91,2026-07-31,1.24,0.65,2.96,4.53,6.6,8.08
PREMIERPOL,69.78,2026-07-31,-6.31,-5.69,2.95,29.29,41.06,37.42
SEAMECLTD,1462.3,2026-07-31,3.62,7.45,2.95,-8.16,14.91,83.67
KAUSHALYA,909.0,2026-07-31,-0.05,2.87,2.94,0.64,12.35,3.46
DVL,240.64,2026-07-31,-0.24,-1.69,2.93,-0.8,-5.34,-29.32
AMEYA,109.0,2026-07-30,1.07,-5.63,2.93,0.0,12.37,-5.22
DISAQ,12225.0,2026-07-31,0.28,2.96,2.92,-1.67,,
BHARATFORG,2199.8,2026-07-31,0.85,-0.42,2.91,17.27,53.25,88.95
ADVENZYMES,315.1,2026-07-31,-0.47,-0.81,2.91,-8.98,6.62,-9.76
SAMHI,179.84,2026-07-31,0.73,10.24,2.91,15.08,6.18,-20.43
AGI,709.25,2026-07-31,0.3,1.96,2.89,11.87,13.49,-25.79
NIVABUPA,87.01,2026-07-31,0.1,1.08,2.89,11.1,10.32,-0.62
SGIL,602.5,2026-07-31,0.46,-1.29,2.87,9.39,16.75,14.41
NXST,167.91,2026-07-30,0.24,0.22,2.86,9.7,12.02,20.29
AIIL,539.3,2026-07-31,-2.25,-2.29,2.85,14.31,6.75,-2.87
MOSERVICE,31.49,2026-07-31,1.55,-0.24,2.85,4.13,-4.95,
NEXT50ETF,74.14,2026-07-31,1.7,1.78,2.84,6.95,9.1,
ENFUSE,164.5,2026-07-30,-3.8,0.03,2.84,-17.87,-27.52,-28.46
NEXT50,759.41,2026-07-31,1.62,1.79,2.84,5.76,8.99,10.52
ENERGYDEV,16.72,2026-07-31,-2.45,-1.88,2.83,-2.85,-5.27,-19.15
VARDHACRLC,44.91,2026-07-31,1.98,3.53,2.82,20.18,20.99,-6.56
PLASTIBLEN,186.14,2026-07-31,-2.59,-6.86,2.82,11.31,24.33,-1.51
METROGLOBL,131.9,2026-07-31,0.75,-1.09,2.81,-1.93,,
JUNIORBEES,795.65,2026-07-31,1.56,1.81,2.8,5.69,9.05,10.54
SCML,79.0,2026-07-30,0.19,-0.13,2.8,-42.55,-38.28,-4.18
BMETRICS,37.0,2026-07-30,0.0,2.64,2.78,-9.09,-5.37,-21.63
ULTRAMAR,387.25,2026-07-31,3.28,2.34,2.76,-4.14,,
GRAPHISAD,29.8,2026-07-30,2.76,8.36,2.76,-18.13,-37.85,-21.78
NEXT50BETA,79.32,2026-07-31,1.48,1.5,2.75,4.74,9.76,
TOP15IETF,10.02,2026-07-31,1.21,0.54,2.75,1.73,-5.97,-1.0
NEXT50IETF,77.59,2026-07-31,1.54,1.8,2.75,5.42,8.78,10.34
IPCALAB,1747.8,2026-07-31,-1.68,-4.94,2.75,14.17,18.83,18.75
SARLAPOLY,98.87,2026-07-31,-1.7,0.95,2.73,11.27,12.56,-11.73
SNXT50BETA,95.25,2026-07-31,1.34,1.04,2.72,5.32,4.36,
ENIL,108.0,2026-07-31,1.83,-0.45,2.71,-9.33,-6.17,-25.92
MALUPAPER,32.26,2026-07-31,-8.35,11.63,2.71,-0.8,2.45,-17.81
MSUMI,40.61,2026-07-31,-2.71,2.34,2.69,1.63,-4.54,11.05
NEULANDLAB,19043.0,2026-07-31,0.26,0.68,2.69,27.16,43.98,43.65
SOLARWORLD,188.3,2026-07-31,-6.08,-6.63,2.69,-4.69,-16.05,
ABSLNN50ET,77.4,2026-07-31,1.55,1.76,2.69,5.41,9.18,10.51
MOBIKWIK,205.21,2026-07-31,-0.17,-4.17,2.68,-4.69,3.63,-16.44
ELPROINTL,177.0,2026-07-31,-0.5,1.22,2.66,63.6,,
RKSWAMY,102.39,2026-07-31,-2.17,3.36,2.66,24.08,-1.04,-36.99
TNTELE,9.08,2026-07-31,-0.11,0.67,2.6,-7.63,-0.22,-52.88
INDIQUBE,173.76,2026-07-31,-2.11,6.42,2.6,-1.05,-1.42,-20.45
CANTABIL,245.55,2026-07-31,2.99,-3.6,2.58,1.53,-16.07,-7.29
EIHOTEL,327.0,2026-07-31,-0.66,-3.44,2.56,2.99,4.43,-12.52
MSCIADD,29.96,2026-07-31,1.56,0.94,2.53,3.13,,
DEVYANI,114.18,2026-07-31,-1.62,2.94,2.52,-8.46,-1.72,-29.99
NIFTY100EW,35.34,2026-07-31,0.94,1.14,2.52,4.99,5.65,8.57
SML100CASE,11.0,2026-07-31,1.2,0.27,2.52,7.74,15.31,
MOQUALITY,204.09,2026-07-31,1.25,1.18,2.51,1.14,2.68,7.35
IBLFL,61.5,2026-07-30,0.82,0.82,2.5,-0.81,27.86,-5.6
KEYFINSERV,256.0,2026-07-31,-1.19,-3.54,2.5,-7.56,-8.69,0.32
GOLDTECH,56.38,2026-07-31,-1.35,3.3,2.49,42.63,25.4,-26.06
KDDL,3302.0,2026-07-31,5.87,3.48,2.48,39.29,42.8,23.35
JKTYRE,399.75,2026-07-31,1.04,0.44,2.47,-0.57,-22.31,20.51
LLOYDSENGG,88.66,2026-07-31,-2.92,-2.26,2.46,53.47,98.79,23.78
AMBUJACEM,432.2,2026-07-31,0.29,-1.28,2.45,-2.22,-14.86,-26.72
ARIHANTSUP,261.85,2026-07-31,0.46,-0.13,2.45,-5.09,-3.48,-37.52
HGS,422.9,2026-07-31,0.08,-1.59,2.45,3.35,1.62,-25.98
MONIFTY100,25.65,2026-07-31,1.5,0.72,2.44,2.81,-1.18,
PGIL,2064.8,2026-07-31,2.39,-1.43,2.44,35.17,33.28,40.07
MIDCAP,18.48,2026-07-31,0.71,0.05,2.44,7.07,-88.42,-88.42
DBSTOCKBRO,34.46,2026-07-31,2.1,-6.1,2.44,25.08,38.62,25.77
NIF100BEES,270.06,2026-07-31,1.34,0.73,2.43,2.49,-1.21,1.72
TNPL,150.68,2026-07-31,-3.44,3.25,2.43,0.14,13.35,-4.4
INDIANB,836.5,2026-07-31,0.63,-2.56,2.43,0.29,-6.29,37.42
SUDARCOLOR,361.15,2026-07-31,0.32,-1.0,2.42,3.48,-4.56,-38.82
SAPPHIRE,185.11,2026-07-31,-1.06,2.19,2.42,-9.97,-2.34,-41.53
VMARCIND,273.15,2026-07-30,-2.1,-4.16,2.41,-72.45,-53.09,-38.62
CROWN,114.59,2026-07-31,1.85,1.79,2.41,-11.94,0.02,-26.87
HINDALCO,974.45,2026-07-31,3.09,2.81,2.4,-5.63,1.76,44.46
GRCL,577.0,2026-07-30,-1.37,-5.04,2.4,36.36,55.53,40.41
CPEDU,208.81,2026-07-31,5.82,11.36,2.37,-3.01,-4.76,
ENIFTY,24.59,2026-07-31,1.7,0.9,2.37,2.37,-3.34,
UNITEDTEA,480.95,2026-07-31,2.17,4.42,2.37,-9.88,2.3,4.36
NIFTYBETF,251.06,2026-07-31,1.65,0.61,2.34,1.94,-3.16,-0.64
NIFTYETF,265.46,2026-07-31,1.61,0.4,2.34,2.18,-3.04,-0.48
SOUTHBANK,46.7,2026-07-31,-2.51,1.13,2.34,18.35,24.27,59.32
SREEL,213.6,2026-07-31,-4.09,0.33,2.34,17.59,-0.6,-10.41
GROWWN200,11.4,2026-07-31,0.71,0.09,2.33,3.17,0.03,2.22
MONEXT50,73.07,2026-07-31,0.7,2.02,2.33,5.41,8.4,9.81
NEAGI,3172.0,2026-07-31,4.51,4.34,2.32,-2.28,,
UTKARSHBNK,14.62,2026-07-31,0.76,-2.6,2.31,1.32,7.74,-33.21
NIFTYCASE,9.78,2026-07-31,1.45,0.82,2.3,2.19,-3.07,
STEELCAS,309.95,2026-07-31,-0.48,1.77,2.29,7.28,68.58,37.41
ACC,1357.4,2026-07-31,-0.05,-1.74,2.28,-4.0,-16.6,-23.66
GROWWNIFTY,9.85,2026-07-31,1.65,0.92,2.28,2.07,-3.15,
SENSEXADD,80.36,2026-07-31,1.63,0.55,2.27,1.68,-4.79,-2.74
ABSLMSCIN,29.87,2026-07-31,1.77,0.88,2.26,3.0,,
IDFNIFTYET,269.59,2026-07-31,1.68,0.59,2.26,2.24,-3.18,-0.79
LUMAXTECH,1568.3,2026-07-31,4.98,7.7,2.26,-3.27,16.33,43.01
UNIONBANK,171.24,2026-07-31,0.66,-2.67,2.24,6.24,-2.47,34.62
MSCIINDIA,30.15,2026-07-31,1.41,0.8,2.24,2.83,0.0,2.34
MAGNUM,19.68,2026-07-31,-0.86,5.52,2.23,-4.51,-10.1,-20.8
IFCI,76.54,2026-07-31,8.74,4.66,2.22,30.41,38.94,33.9
MOM50,255.03,2026-07-31,1.56,0.59,2.21,2.04,-3.01,-0.59
PNBHOUSING,1053.1,2026-07-31,-1.59,-3.38,2.21,1.5,29.05,8.17
SETFNIF50,262.43,2026-07-31,1.45,0.78,2.21,2.07,-3.23,-0.62
TOP100CASE,10.68,2026-07-31,1.52,0.66,2.2,2.59,-1.2,0.85
BLACKBUCK,542.5,2026-07-31,-0.93,-5.45,2.2,-1.01,-3.13,16.4
TI,465.15,2026-07-31,4.13,5.04,2.2,0.23,7.69,-5.29
KOTARISUG,25.28,2026-07-31,1.77,-0.2,2.18,-9.1,4.38,-23.56
SCODATUBES,146.4,2026-07-31,-0.9,0.85,2.18,-1.04,12.67,-24.72
LICNETFN50,272.83,2026-07-31,1.61,0.14,2.18,1.63,-3.39,-1.01
IFBIND,1315.7,2026-07-31,-0.61,-2.08,2.17,15.12,17.3,-0.36
HDFCNIF100,26.31,2026-07-31,1.66,0.73,2.17,2.81,-1.57,0.88
ZUARI,234.54,2026-07-31,5.6,1.81,2.17,-0.28,-15.31,-29.89
BETA,2231.9,2026-07-31,0.05,-8.51,2.16,67.8,52.31,28.46
SENSEXBETA,863.29,2026-07-31,1.63,0.53,2.16,2.13,-4.72,
SHILPAMED,611.25,2026-07-31,-1.51,-2.27,2.15,50.31,111.54,37.8
NIFTYIETF,276.01,2026-07-31,1.42,0.68,2.15,1.97,-3.27,-0.75
LICNMID100,63.24,2026-07-31,0.99,0.16,2.15,5.07,7.4,9.56
ORIENTCEM,136.64,2026-07-31,0.39,-1.44,2.15,-4.61,-13.04,-44.53
AONETOTAL,11.94,2026-07-31,1.1,0.51,2.14,4.1,2.84,2.75
RATEGAIN,918.4,2026-07-31,1.39,-3.17,2.14,52.41,50.04,109.47
BOSCH-HCIL,1391.3,2026-07-31,4.38,4.01,2.14,0.05,1.47,-20.19
ESENSEX,78.75,2026-07-31,2.02,1.03,2.14,2.74,-4.72,
AONENIFTY,10.05,2026-07-31,1.41,0.6,2.13,2.03,-2.99,-0.89
QUADPRO,2.4,2026-07-30,0.0,0.0,2.13,23.08,11.63,-30.43
GROWWCHEM,30.24,2026-07-31,-0.4,-1.14,2.13,6.78,8.69,
LAOPALA,184.35,2026-07-31,-0.82,-0.82,2.13,3.14,-4.87,-31.36
SENSEXIETF,896.51,2026-07-31,1.48,0.47,2.12,1.87,-4.64,-3.16
BAYERCROP,4234.4,2026-07-31,-0.1,-0.62,2.12,-11.12,-5.19,-31.27
MONIFTY500,24.07,2026-07-31,1.91,1.18,2.12,4.15,2.16,3.13
QNIFTY,268.61,2026-07-31,1.67,0.72,2.1,2.29,-90.31,-90.05
KOTIC,158.82,2026-07-31,-3.64,-6.43,2.1,-14.8,,
DELHIVERY,481.95,2026-07-31,2.54,-1.01,2.1,3.19,13.95,13.33
ACCENTMIC,494.45,2026-07-30,-1.94,-6.27,2.1,16.47,53.69,76.36
HDFCSENSEX,88.43,2026-07-31,1.7,0.57,2.09,2.08,-4.74,-3.19
INCREDIBLE,33.15,2026-07-31,-0.87,2.22,2.09,-2.99,-13.13,-17.12
PAVNAIND,18.11,2026-07-31,11.65,7.35,2.09,-5.58,3.07,-53.88
CGCL,232.38,2026-07-31,-4.87,-7.06,2.07,24.81,32.23,24.87
HDFCNIFTY,274.31,2026-07-31,1.38,0.54,2.07,1.84,-3.31,-0.79
REPRO,378.65,2026-07-31,1.57,1.64,2.06,5.92,-3.98,-30.41
NIFTYBEES,277.42,2026-07-31,1.4,0.67,2.06,1.99,-3.25,-0.66
STARHEALTH,601.0,2026-07-31,1.51,3.41,2.05,14.33,28.08,35.16
GOODLUCK,1517.5,2026-07-31,-0.66,-2.75,2.05,20.95,35.98,38.02
HDFCBSE500,37.8,2026-07-31,1.37,0.45,2.05,4.13,2.16,3.03
NIF100IETF,28.38,2026-07-31,1.54,0.53,2.05,4.45,-1.49,19.43
PARAGON,49.85,2026-07-30,1.73,1.73,2.05,27.82,29.48,-14.35
TAPIFRUIT,50.0,2026-07-30,0.0,4.82,2.04,-13.72,-25.93,-32.43
PARKHOTELS,122.38,2026-07-31,0.05,-2.7,2.03,0.53,0.78,-20.82
BERGEPAINT,520.45,2026-07-31,3.26,6.06,2.03,10.01,12.43,-7.25
CHEVIOT,1106.6,2026-07-31,-2.61,0.54,2.02,-3.57,12.46,-4.7
NIFTYADD,256.62,2026-07-31,1.46,0.64,2.01,1.96,-3.29,-0.48
RUSHIL,17.23,2026-07-31,-2.32,6.62,2.01,0.94,-11.46,-29.8
GANDHITUBE,876.35,2026-07-31,0.06,1.29,2.01,5.23,19.46,16.19
NIFTY1,270.14,2026-07-31,1.4,0.39,2.01,2.09,-3.26,-0.69
BSLNIFTY,28.6,2026-07-31,1.49,0.67,2.0,2.0,-3.02,-0.42
VISHNU,613.25,2026-07-31,-3.62,-4.19,2.0,3.21,16.98,7.76
GODREJAGRO,556.8,2026-07-31,-1.17,-0.75,2.0,-4.81,6.39,-33.0
BSLSENETFG,78.55,2026-07-31,1.34,0.13,1.99,1.72,-4.66,-3.42
LAMBODHARA,113.75,2026-07-31,-0.4,-1.8,1.99,7.49,-0.76,-11.73
SIS,422.4,2026-07-31,-2.99,-3.13,1.97,18.84,28.08,11.54
MOTHERSON,150.75,2026-07-31,1.19,5.24,1.96,24.59,34.17,55.89
IVC,8.4,2026-07-31,1.57,1.33,1.94,5.0,9.8,6.41
VAISHALI,7.35,2026-07-31,-4.79,-6.01,1.94,-3.42,-7.78,-40.44
GROWWMETAL,12.14,2026-07-31,2.36,1.85,1.93,-0.9,7.43,
PARTYCRUS,88.0,2026-07-30,-2.17,1.15,1.91,-3.3,9.32,18.92
TATAINVEST,679.45,2026-07-31,4.54,2.64,1.9,-5.08,9.64,0.42
PIDILITIND,1611.4,2026-07-31,0.01,3.65,1.9,17.98,13.41,13.11
PULZ,24.25,2026-07-30,5.43,5.43,1.89,-6.55,3.19,-44.19
BIOCON,425.7,2026-07-31,-2.42,-2.47,1.89,18.51,16.2,8.89
SBINMID150,23.23,2026-07-31,1.22,0.17,1.89,5.57,,
MULTICAP,16.74,2026-07-31,1.09,0.3,1.89,4.43,4.82,4.17
MIDCAPIETF,23.94,2026-07-31,0.67,0.46,1.87,5.18,7.5,8.67
OILIETF,11.42,2026-07-31,1.33,-0.78,1.87,-3.87,-4.27,0.35
MNC,34.04,2026-07-31,1.16,1.73,1.86,3.47,9.35,16.18
TOP10ADD,88.32,2026-07-31,1.76,0.49,1.85,-0.29,-9.18,-7.82
GEECEE,352.05,2026-07-31,3.27,2.07,1.85,18.96,14.1,-4.33
JINDALPOLY,633.3,2026-07-31,-0.33,-4.95,1.84,-12.73,61.45,10.36
BSE500IETF,39.58,2026-07-31,1.23,0.43,1.83,3.21,1.51,2.17
IWP,33.49,2026-07-31,1.86,3.56,1.82,-1.35,,
MID150BEES,239.48,2026-07-31,0.85,0.23,1.82,5.31,8.1,8.78
CHEMICAL,30.17,2026-07-31,-1.21,-1.15,1.82,6.05,8.17,
INDIANCARD,225.72,2026-07-31,0.5,1.21,1.82,8.47,1.02,-21.92
AUTOAXLES,1801.2,2026-07-31,0.49,-2.03,1.81,-2.42,-3.87,-2.55
LUXIND,1247.6,2026-07-31,0.08,-2.49,1.81,-10.77,33.91,-9.39
NIFTYBETA,270.3,2026-07-31,1.48,0.61,1.78,1.9,-3.23,
MOMNC,32.93,2026-07-31,0.8,1.69,1.77,3.79,8.93,
SYMPHONY,688.2,2026-07-31,1.36,-2.62,1.76,-18.15,-24.76,-37.56
METALIETF,12.78,2026-07-31,1.91,1.27,1.75,-0.16,7.85,37.57
RBLBANK,375.5,2026-07-31,3.49,1.91,1.75,11.57,25.69,41.24
RVHL,44.93,2026-07-31,-1.32,-1.27,1.74,7.1,1.65,5.62
NETF,264.24,2026-07-31,1.47,0.34,1.73,1.74,-3.63,-0.98
APLAPOLLO,1819.5,2026-07-31,-1.64,0.29,1.72,-4.49,-11.06,14.03
LICNETFSEN,877.1,2026-07-31,1.18,-0.36,1.72,1.4,-5.02,-3.64
SBGLP,25.44,2026-07-31,4.13,-0.9,1.72,-5.0,-25.85,-38.5
MOM100,67.87,2026-07-31,0.89,0.03,1.71,5.47,8.02,10.05
DBREALTY,112.8,2026-07-31,-0.92,-1.78,1.71,8.91,5.79,-39.13
MOLOWVOL,37.26,2026-07-31,0.73,0.59,1.69,1.66,-1.77,-1.01
BHAGERIA,212.18,2026-07-31,-2.72,1.4,1.67,23.78,18.61,6.65
KINGFA,5248.5,2026-07-31,2.34,3.93,1.67,9.82,20.28,49.16
MID150CASE,11.62,2026-07-31,0.78,0.09,1.66,5.35,8.19,9.01
METAL,12.84,2026-07-31,1.99,1.5,1.66,-0.62,8.26,38.06
SENSEXETF,80.45,2026-07-31,1.54,0.4,1.66,1.86,-4.54,-3.07
RAMAPHO,128.48,2026-07-31,-1.65,3.64,1.65,-6.91,-15.88,-19.79
ALICON,672.35,2026-07-31,-0.9,7.79,1.64,-3.34,-0.77,-25.82
RELTD,167.98,2026-07-31,-3.48,-4.48,1.63,17.54,14.55,20.89
SECMARK,127.0,2026-07-31,1.52,-0.71,1.62,-1.21,20.2,-11.08
GRANULES,824.65,2026-07-31,-1.95,-5.68,1.61,18.1,44.82,74.01
NIITMTS,239.81,2026-07-31,2.67,2.06,1.6,-23.31,-39.58,-23.89
DHANBANK,32.07,2026-07-31,-9.41,-5.12,1.58,5.46,32.85,18.78
EIMCOELECO,1780.8,2026-07-31,-2.68,-2.28,1.57,13.47,1.33,-20.84
MANYAVAR,414.65,2026-07-31,1.06,0.17,1.56,-2.88,-14.57,-44.08
GROBTEA,920.0,2026-07-31,2.23,1.17,1.55,-0.1,2.15,-17.26
MIDCAPETF,23.64,2026-07-31,0.98,0.25,1.55,5.16,8.09,8.89
ISFT,81.31,2026-07-31,5.5,11.89,1.55,7.92,-4.44,-20.04
MIDCAPADD,23.21,2026-07-31,1.18,0.35,1.53,4.93,7.85,
SHRINGARMS,222.84,2026-07-31,1.21,-0.65,1.53,10.35,2.88,
SBC,42.01,2026-07-31,-0.19,-0.54,1.52,24.51,45.87,140.06
BASF,3633.8,2026-07-31,-2.14,-0.77,1.51,0.45,0.32,-26.75
GENUSPAPER,12.08,2026-07-31,-4.05,9.03,1.51,-10.65,3.25,-33.95
CHEMFAB,374.7,2026-07-31,-0.61,0.46,1.49,-8.32,-7.52,-52.13
MIDCAPBETA,233.0,2026-07-31,0.43,0.12,1.49,5.17,7.11,
RKEC,26.03,2026-07-31,-3.45,-0.99,1.48,-26.09,-41.45,-61.57
BIRLACABLE,203.81,2026-07-31,1.41,13.67,1.48,31.76,51.37,21.4
JHS,7.57,2026-07-31,2.3,4.27,1.47,-14.46,-27.77,-40.11
HITECHCORP,320.2,2026-07-31,0.27,-0.82,1.44,128.76,105.63,72.04
MAFANG,185.74,2026-07-31,-3.53,-6.51,1.44,2.88,10.11,19.45
MID150,23.47,2026-07-31,0.86,-0.09,1.43,6.01,7.71,8.16
ZUARIIND,258.8,2026-07-31,1.25,-0.86,1.43,-1.38,-5.06,-16.45
GFLLIMITED,46.64,2026-07-31,-0.66,1.13,1.41,-3.99,-3.46,-23.74
ORCHPHARMA,986.55,2026-07-31,-0.14,-5.74,1.41,57.66,41.12,33.25
BBNPPGOLD,137.5,2026-07-31,-0.79,0.59,1.4,-4.84,-14.57,42.49
BOROLTD,236.44,2026-07-31,1.16,0.5,1.38,-4.33,-5.69,-28.42
ADL,71.33,2026-07-31,1.61,-1.27,1.38,-6.13,-3.61,-18.66
INNOVISION,285.5,2026-07-31,0.69,-1.16,1.37,-11.64,,
MHHL,37.0,2026-07-30,9.31,0.0,1.37,-5.13,2.64,-31.99
ZYDUSLIFE,1126.8,2026-07-31,1.68,-1.84,1.37,26.45,27.39,16.29
BANARISUG,3475.3,2026-07-31,0.01,-0.07,1.35,-6.71,-3.38,-7.22
INTELLECT,719.9,2026-07-31,0.31,-3.28,1.34,-2.48,-20.45,-28.92
GLENMARK,2233.9,2026-07-31,1.73,-0.25,1.34,-7.16,10.81,4.93
HERITGFOOD,330.15,2026-07-31,0.9,-0.74,1.34,-7.12,-7.37,-30.71
FCL,39.32,2026-07-31,-2.24,-0.18,1.34,71.11,76.16,51.47
RML,1154.7,2026-07-31,1.94,-0.57,1.34,44.73,58.89,39.1
CHOICEGOLD,141.1,2026-07-31,-0.81,0.46,1.33,-4.5,-10.87,
GREENPANEL,193.02,2026-07-31,0.87,0.34,1.31,-15.46,-15.53,-34.14
MOSMALL250,18.05,2026-07-31,0.67,-0.44,1.29,6.43,14.24,4.88
VAML,454.2,2026-07-31,3.9,4.03,1.28,,,
JAYNECOIND,86.03,2026-07-31,-1.77,2.38,1.27,-22.35,17.43,63.52
MERCANTILE,24.0,2026-07-31,-2.79,1.27,1.27,3.67,,
GROWWSC250,10.34,2026-07-31,0.98,-0.77,1.27,7.15,13.81,
GSEC10ABSL,113.42,2026-07-31,0.6,0.04,1.27,4.81,2.74,3.25
PACEDIGITK,205.38,2026-07-31,3.83,1.46,1.27,20.27,19.76,
HDFCMID150,23.38,2026-07-31,0.6,0.13,1.26,5.46,7.59,8.29
LAXMICOT,14.49,2026-07-31,0.84,-2.75,1.26,-0.41,7.89,-47.16
NV20IETF,13.78,2026-07-31,1.17,-0.51,1.25,-1.99,-8.74,-3.09
SHIGAN,65.5,2026-07-30,4.72,3.72,1.24,-14.38,-2.24,-16.59
AJANTPHARM,3465.2,2026-07-31,2.34,-0.11,1.24,22.76,24.56,27.36
SMALLADD,18.06,2026-07-31,0.67,-0.44,1.23,7.69,14.3,
MANALIPETC,64.89,2026-07-31,-3.11,1.6,1.23,21.45,12.81,-3.85
WAKEFIT,125.14,2026-07-31,-2.0,-2.05,1.22,-9.35,-31.34,
SRTL,40.55,2026-07-31,-0.78,-3.11,1.22,-15.68,,
MOTISONS,14.22,2026-07-31,1.86,1.64,1.21,5.49,23.54,-31.3
AKASH,26.69,2026-07-31,0.76,-4.06,1.21,0.23,8.5,-1.91
ANNAPURNA,130.85,2026-07-30,3.64,-0.53,1.2,-17.94,-33.63,-53.95
PARIN,723.4,2026-07-30,-1.5,-0.9,1.19,15.05,15.02,86.3
HDFCVALUE,127.07,2026-07-31,1.13,-0.59,1.19,-2.13,-9.06,-3.16
IVZINGOLD,123.35,2026-07-31,-1.32,0.12,1.19,-5.3,-99.12,-98.57
GOLDBND,141.96,2026-07-31,-0.76,0.34,1.18,-4.91,,
GROWWHOSPI,54.37,2026-07-31,0.46,0.57,1.17,12.82,,
GROWWMC150,231.23,2026-07-31,0.99,0.1,1.16,4.92,7.99,
KAKATCEM,122.37,2026-07-31,1.69,0.36,1.15,-8.68,8.97,-21.55
MAANALU,122.62,2026-07-31,7.36,8.24,1.15,-18.58,-21.29,2.16
SMALL250,17.97,2026-07-31,0.73,-0.55,1.13,7.22,13.95,
INDPRUD,6598.5,2026-07-31,0.71,0.44,1.13,-3.04,,
GOLD360,138.75,2026-07-31,-0.79,0.36,1.13,-4.84,-9.37,42.53
HINDZINC,539.2,2026-07-31,1.8,3.17,1.13,-9.52,-12.64,29.48
COMPUSOFT,13.43,2026-07-31,1.59,3.23,1.13,-4.55,-5.29,-34.08
GOLDCASE,22.3,2026-07-31,-1.15,0.36,1.13,-5.03,-12.82,42.86
HDFCSML250,180.67,2026-07-31,0.41,-0.41,1.13,7.13,14.07,4.86
HRHNEXT,27.05,2026-07-30,0.0,-6.56,1.12,-13.58,-9.83,-31.35
GOLDADD,137.7,2026-07-31,-1.2,0.2,1.12,-5.0,-11.33,42.95
DABUR,421.45,2026-07-31,-1.38,-1.18,1.12,-3.3,-15.73,-18.87
SAMBHAAV,6.36,2026-07-31,0.47,4.09,1.11,-7.69,-19.8,-8.49
LICNFNHGP,276.95,2026-07-31,0.67,-0.28,1.11,2.0,-2.18,-0.02
GOLDETF,137.85,2026-07-31,-1.11,0.29,1.11,-4.76,-11.24,42.79
MMWL,13.73,2026-07-31,0.07,-3.85,1.1,30.14,,
TATAGOLD,13.78,2026-07-31,-1.08,0.36,1.1,-4.83,-12.62,42.8
AUBANK,1047.3,2026-07-31,-0.37,5.54,1.09,3.19,6.72,41.38
DIAMINESQ,243.05,2026-07-31,-1.93,-3.67,1.08,-7.61,-4.59,-39.4
RELIANCE,1307.8,2026-07-31,2.17,-1.16,1.07,-8.17,-5.84,-5.11
ASIANTILES,54.68,2026-07-31,2.36,18.1,1.07,-15.89,-21.32,-6.98
MOIL,281.05,2026-07-31,4.71,3.59,1.06,-9.6,-22.35,-16.33
GILT5BETA,66.73,2026-07-31,1.66,2.66,1.06,2.5,5.12,6.26
GOLDBETA,119.2,2026-07-31,-1.28,0.29,1.06,-5.17,-10.27,43.1
MOGSEC,65.56,2026-07-31,-0.26,0.97,1.05,3.13,3.96,5.57
SETFGOLD,120.84,2026-07-31,-1.23,0.21,1.05,-5.18,-11.41,42.67
HDFCGOLD,121.02,2026-07-31,-1.26,0.19,1.05,-5.07,-11.18,42.73
MANCREDIT,245.28,2026-07-31,10.34,9.4,1.05,41.58,47.53,33.22
OMINFRAL,89.34,2026-07-31,2.64,1.75,1.04,-3.61,14.23,-25.58
HSBCGOLD,123.1,2026-07-31,-1.85,0.35,1.03,-5.6,,
SUPERHOUSE,160.12,2026-07-31,1.91,-7.42,1.03,6.01,2.0,-3.23
BSLGOLDETF,124.66,2026-07-31,-1.13,0.4,1.02,-4.84,-13.68,42.78
RPEL,1216.3,2026-07-31,-5.91,-5.21,1.02,73.9,63.93,92.37
AONEGOLD,13.26,2026-07-31,-0.9,0.62,1.02,-4.91,-13.23,
GOLDIETF,121.33,2026-07-31,-1.3,0.22,1.02,-5.18,-13.1,42.98
QGOLDHALF,117.38,2026-07-31,-1.29,0.16,1.02,-5.03,-10.65,42.99
GROWWGOLD,13.85,2026-07-31,-1.21,0.29,1.02,-5.01,-91.2,-85.73
TNPETRO,96.5,2026-07-31,2.51,2.46,1.02,11.21,1.56,-1.52
SHRIRAMFIN,1046.7,2026-07-31,0.82,1.09,1.0,12.3,3.2,67.87
TIMESCAN,40.35,2026-07-30,-1.71,0.25,1.0,0.87,-1.59,-38.86
CARTRADE,2719.6,2026-07-31,-8.69,-1.3,0.99,67.52,2.65,24.38
RUDRA,17.27,2026-07-31,-2.32,0.88,0.99,-17.09,-7.15,
SMALLCAP,46.83,2026-07-31,-0.17,-1.06,0.99,6.21,11.42,2.27
SPLPETRO,713.15,2026-07-31,-6.28,1.11,0.99,-4.79,26.49,-7.99
GOLDBEES,117.11,2026-07-31,-1.27,0.23,0.98,-5.12,-10.68,42.47
PENINLAND,15.5,2026-07-31,-3.67,-11.02,0.98,-9.41,-23.23,-56.93
MARCO,30.85,2026-07-30,-6.23,-5.95,0.98,-18.82,13.0,-25.12
DHARMAJ,267.85,2026-07-31,2.96,3.06,0.98,3.27,10.03,-19.82
NV20BEES,140.78,2026-07-31,1.22,-0.52,0.96,-2.54,-9.29,47.85
EGOLD,141.65,2026-07-31,-1.22,0.21,0.96,-5.06,-14.57,42.36
OLIL,427.0,2026-07-30,2.15,-0.23,0.95,1.93,41.44,94.09
PFC,424.35,2026-07-31,1.96,3.5,0.95,-4.48,14.93,8.4
GOLD1,118.16,2026-07-31,-1.29,0.1,0.94,-5.24,-9.21,42.76
WOCKPHARMA,1959.7,2026-07-31,5.07,1.89,0.94,40.42,41.78,17.52
BEDMUTHA,108.91,2026-07-31,-2.91,1.79,0.93,-1.63,-14.72,-23.29
KOPRAN,191.03,2026-07-31,-5.06,-5.96,0.91,16.04,49.18,20.67
TWCGOLDETF,141.35,2026-07-31,-1.27,0.06,0.91,-5.09,,
INDIGRID,178.41,2026-07-30,0.68,-0.08,0.9,6.19,13.91,22.76
KRONOX,151.3,2026-07-31,-2.73,-1.35,0.89,7.59,23.48,-16.16
POLYMED,1702.0,2026-07-31,1.27,-1.1,0.87,12.56,11.91,-12.01
TATASTEEL,189.69,2026-07-31,2.95,1.76,0.87,-8.4,0.24,22.58
AVTNPL,71.47,2026-07-31,1.78,2.6,0.86,3.13,7.58,-3.86
SKP,156.3,2026-07-30,-1.7,0.48,0.84,4.55,-2.31,-30.16
SHEETAL,300.0,2026-07-30,2.77,2.18,0.84,18.02,44.93,131.22
INM,180.0,2026-07-30,0.0,7.75,0.84,15.2,-8.14,-65.44
UNIONGOLD,138.55,2026-07-31,-1.49,0.04,0.84,-4.87,-10.15,42.84
MARUTI,14234.0,2026-07-31,3.67,5.33,0.84,6.91,-2.5,14.12
LICMFGOLD,127.4,2026-07-31,-1.28,-0.12,0.83,-5.07,-99.15,-98.57
ALPHA,51.93,2026-07-31,0.95,0.54,0.82,6.33,11.34,3.92
J&KBANK,156.0,2026-07-31,-12.12,-14.4,0.81,20.91,48.98,52.93
CREATIVEYE,6.24,2026-07-31,-2.04,3.65,0.81,-9.96,-7.42,-12.73
PML,504.5,2026-07-31,5.98,5.18,0.8,-9.34,,
DIAMONDYD,1159.5,2026-07-31,5.64,0.33,0.77,16.47,3.61,19.28
MIDSMALL,51.17,2026-07-31,0.83,0.57,0.77,3.23,8.9,4.81
MOGOLD,140.0,2026-07-31,-1.3,0.07,0.76,-5.05,-14.76,42.2
GLOTTIS,67.0,2026-07-31,0.49,1.21,0.75,13.73,33.02,
BANG,29.57,2026-07-31,5.38,3.0,0.75,-22.41,-33.13,-44.21
COMMOIETF,100.63,2026-07-31,0.78,-0.4,0.75,-3.63,2.67,13.8
TCI,930.5,2026-07-31,-0.19,0.04,0.74,0.49,-11.74,-19.94
AVPINFRA,67.8,2026-07-30,-3.83,12.16,0.74,-31.34,-25.04,-65.16
AVG,204.15,2026-07-31,-0.71,-1.19,0.73,23.85,33.79,-17.36
INFINIUM,206.0,2026-07-30,-0.05,-2.23,0.73,-4.74,-5.5,-25.77
IOLCP,146.33,2026-07-31,-3.39,-5.85,0.72,55.14,100.34,43.77
GULFOILLUB,1069.3,2026-07-31,2.01,6.95,0.71,8.75,-0.07,-7.92
FMCGIETF,52.72,2026-07-31,-0.86,0.19,0.71,-3.57,-3.76,-11.32
SILKFLEX,215.5,2026-07-30,8.89,11.08,0.7,-5.11,117.68,131.72
EBBETF0425,1290.83,2025-04-08,0.02,0.23,0.7,1.9,3.85,7.57
TATACONSUM,1083.1,2026-07-31,-2.19,-0.81,0.7,-4.57,-3.67,1.78
JUNIPER,195.33,2026-07-31,-1.35,-0.04,0.68,-3.72,-14.03,-33.2
TIMEX,532.05,2026-07-31,-5.2,-6.24,0.68,55.37,,
ASPIRE,15.1,2026-07-30,0.0,11.85,0.67,-8.48,-9.58,-43.87
KIRLOSIND,3940.8,2026-07-31,3.51,1.91,0.66,20.88,24.79,-8.26
ACI,525.65,2026-07-31,-8.86,-7.28,0.64,-13.04,-6.7,-20.56
ONEPOINT,57.46,2026-07-31,3.64,6.7,0.63,6.59,12.03,16.43
MOSCHIP,207.8,2026-07-31,-0.24,-11.12,0.63,3.16,-1.25,19.95
NEPHROPLUS,681.65,2026-07-31,0.0,8.4,0.63,28.8,29.17,
GLOBALVECT,165.13,2026-07-31,3.39,9.31,0.62,-9.15,-3.62,-26.56
TIIL,2580.5,2026-07-31,-0.48,0.52,0.61,4.69,28.08,-16.62
PWL,124.89,2026-07-31,1.46,-6.12,0.61,15.02,4.55,
EBBETF0431,1441.34,2026-07-31,-0.03,0.41,0.6,2.87,3.89,5.27
GLOBAL,104.06,2026-07-31,0.07,3.89,0.6,0.94,27.81,57.43
MINDACORP,700.95,2026-07-31,1.21,3.65,0.6,34.77,24.66,40.79
LOTUSEYE,117.51,2026-07-31,-1.21,-3.22,0.59,-1.14,-13.13,60.03
HINDCOMPOS,423.0,2026-07-31,-0.22,-4.14,0.58,-7.57,4.5,-11.67
ZYDUSWELL,577.55,2026-07-31,3.25,-4.14,0.57,13.79,29.09,42.6
WINDLAS,857.7,2026-07-31,0.02,-1.59,0.57,1.45,1.8,-12.63
IOC,140.17,2026-07-31,-0.95,-1.57,0.57,-1.46,-13.05,2.63
EBBETF0433,1316.96,2026-07-31,0.31,0.38,0.57,3.84,4.14,5.33
LUPIN,2415.0,2026-07-31,0.21,-2.56,0.56,5.52,12.99,26.1
ARIES,337.45,2026-07-31,-1.89,-2.32,0.54,-9.15,1.81,-13.39
CIPLA,1473.2,2026-07-31,4.53,2.19,0.53,13.55,12.31,-4.35
KEEPLEARN,1.91,2026-07-31,0.53,3.8,0.53,-8.17,-18.38,-37.99
RGL,117.27,2026-07-31,-0.65,-2.13,0.51,17.12,8.17,3.15
ZENITHEXPO,200.9,2026-07-31,-2.0,2.98,0.5,-6.56,-2.87,-7.91
UTIAMC,903.1,2026-07-31,-0.1,-2.88,0.49,-1.09,-3.4,-29.34
IXIGO,197.62,2026-07-31,0.83,-1.16,0.49,17.57,-4.53,-15.47
DCBBANK,186.09,2026-07-31,-2.19,-1.98,0.48,0.48,-6.02,39.44
TVSSCS,135.11,2026-07-31,-1.11,-0.76,0.48,17.99,40.0,5.06
STEL,574.85,2026-07-31,2.91,4.01,0.48,23.02,29.59,39.49
ADVAIT,2310.6,2026-07-31,-0.18,3.48,0.48,14.36,53.6,
INNOVANA,327.9,2026-07-31,-5.65,-1.89,0.47,-19.11,-3.84,-35.62
SHILCTECH,4580.5,2026-07-31,4.22,2.33,0.47,-10.99,36.05,
KSL,874.05,2026-07-31,-1.32,-4.08,0.47,4.05,24.4,0.45
SBILIQETF,1050.07,2026-07-31,0.08,0.18,0.46,1.24,2.43,
AONELIQUID,1070.8,2026-07-31,0.08,0.17,0.45,1.23,2.43,5.09
CARRARO,536.4,2026-07-31,0.07,-4.56,0.45,-4.22,2.56,12.71
LIQUIDCASE,115.28,2026-07-31,0.08,0.18,0.45,1.23,2.43,5.07
LIQUID1,1116.3,2026-07-31,0.09,0.18,0.45,1.25,2.46,5.14
CASHIETF,1073.5,2026-07-31,0.08,0.18,0.45,1.24,2.43,5.1
HDFCLIQUID,1071.94,2026-07-31,0.08,0.18,0.45,1.24,2.41,6.94
LIQUIDPLUS,1097.06,2026-07-31,0.08,0.17,0.45,1.24,2.44,5.12
ABGSEC,114.01,2026-07-31,-0.46,-0.66,0.45,1.79,2.7,3.2
ELIQUID,1041.92,2026-07-31,0.08,0.22,0.45,1.29,2.48,
LIQUIDBETF,1092.84,2026-07-31,0.08,0.17,0.44,1.2,2.37,4.95
MASKINVEST,150.0,2026-07-31,-0.66,-0.33,0.44,-3.77,3.99,0.91
3PLAND,31.7,2026-07-31,-1.83,-0.03,0.44,-9.48,-10.38,-33.04
LIQUIDADD,1138.43,2026-07-31,0.08,0.18,0.44,1.22,2.41,5.03
GROWWLIQID,110.17,2026-07-31,0.08,0.17,0.44,1.18,2.29,4.84
VMSTMT,44.66,2026-07-31,1.45,-0.56,0.43,-10.03,-9.63,
FALCONTECH,11.65,2026-07-30,-0.43,9.91,0.43,-17.38,-23.1,-31.27
CAMS,796.15,2026-07-31,1.41,3.31,0.43,8.35,15.14,8.33
NSIL,5520.0,2026-07-31,1.38,1.29,0.43,-2.91,-5.75,-18.26
LIQUIDSHRI,1115.56,2026-07-31,0.08,0.17,0.42,1.17,2.31,4.86
LIQGRWBEES,1050.01,2026-07-31,0.08,0.17,0.42,1.17,2.31,4.83
EPIGRAL,1088.7,2026-07-31,-5.9,0.51,0.42,-10.06,4.82,-45.85
CASTROLIND,185.21,2026-07-31,0.48,0.51,0.42,0.21,3.48,-11.18
IMPAL,1084.4,2026-07-31,-4.24,-2.66,0.4,10.19,1.84,6.25
BBETF0432,1356.86,2026-07-31,0.51,0.51,0.4,2.85,4.26,5.59
GIPCL,161.17,2026-07-31,-0.87,-1.23,0.4,2.75,14.47,-18.05
PRATHAM,114.0,2026-07-30,-0.13,-2.48,0.4,-17.33,-13.99,-19.75
NSLNISP,43.02,2026-07-31,2.06,0.09,0.4,0.7,1.32,17.64
SETF10GILT,264.42,2026-07-31,-0.78,0.26,0.39,2.72,2.07,2.53
NIDAN,13.15,2026-07-30,0.0,1.54,0.38,-12.62,-13.77,-35.54
GILT5YBEES,66.17,2026-07-31,0.21,0.47,0.38,2.78,3.81,5.58
PLATIND,225.89,2026-07-31,-5.97,-1.32,0.37,-5.52,-3.94,-20.41
STOVEKRAFT,778.4,2026-07-31,-2.2,0.08,0.37,42.69,57.86,31.56
DENORA,906.4,2026-07-31,4.06,2.89,0.37,5.93,47.17,1.65
MOMENTUM30,30.63,2026-07-31,0.82,0.62,0.36,2.03,1.42,
JKCEMENT,5444.0,2026-07-31,-4.99,-0.17,0.36,3.35,-1.07,-17.94
GHCL,438.1,2026-07-31,-0.11,0.83,0.36,-11.22,-15.22,-24.61
BVCL,41.2,2026-07-31,0.29,-1.97,0.34,-9.41,-10.43,-2.94
LICNETFGSC,29.49,2026-07-31,0.1,0.31,0.34,3.18,2.9,3.69
UNIINFO,12.0,2026-07-31,-2.83,-2.76,0.33,-10.31,-16.84,-40.03
FOODSIN,54.61,2026-07-31,1.83,-5.32,0.33,-15.22,-9.06,-48.96
MVKAGRO,366.8,2026-07-30,-2.92,-8.51,0.33,-27.65,-39.8,54.18
AVALON,1807.9,2026-07-31,4.61,5.32,0.33,71.0,110.65,113.74
AHLEAST,145.1,2026-07-31,0.8,-4.22,0.32,-10.11,7.6,-8.64
GLAND,2502.9,2026-07-31,3.12,1.78,0.32,42.96,35.54,22.35
MGEL,15.95,2026-07-31,-2.92,-2.74,0.31,17.09,27.37,-8.7
SANOFICONR,4611.2,2026-07-31,-1.58,1.82,0.31,-1.72,10.25,-4.6
ALIVUS,1160.0,2026-07-31,2.43,2.45,0.3,11.74,20.7,13.1
INFRABEES,971.97,2026-07-31,0.9,-0.21,0.29,0.19,2.95,3.66
VALUE,16.23,2026-07-31,1.0,0.19,0.28,-2.27,,
TECHNVISN,4470.2,2026-07-31,-9.03,35.77,0.28,-25.2,,
NILAINFRA,7.38,2026-07-31,-0.14,3.65,0.27,-11.3,-10.0,-37.08
GEOJITFSL,76.36,2026-07-31,1.6,-7.91,0.26,20.81,14.78,6.55
IDBI,83.75,2026-07-31,-0.86,-1.51,0.26,10.37,-15.89,-9.63
SHARDAMOTR,871.3,2026-07-31,4.4,1.09,0.26,0.87,2.28,-17.11
INFRAIETF,96.65,2026-07-31,1.07,-0.62,0.26,-0.11,2.72,3.81
HINDOILEXP,161.29,2026-07-31,2.1,-0.4,0.26,1.7,3.48,-3.02
GALAXYSURF,1944.5,2026-07-31,0.2,0.57,0.22,5.9,8.44,-26.12
GATEWAY,57.97,2026-07-31,-0.91,-0.5,0.21,1.05,2.11,-14.01
EBBETF0430,1608.56,2026-07-31,-0.08,0.39,0.19,2.79,3.31,5.24
GSEC10IETF,261.79,2026-07-31,-1.38,-0.46,0.19,1.99,0.89,1.5
GILT10BETA,26.36,2026-07-31,0.15,-1.68,0.19,1.31,2.01,1.0
SILINV,418.05,2026-07-31,0.3,-0.39,0.19,-10.41,-6.29,-28.57
BFSI,27.61,2026-07-31,1.81,-0.14,0.18,4.03,-2.2,0.62
SUPERSPIN,6.02,2026-07-31,7.31,17.12,0.17,9.06,-23.8,-38.13
DICIND,514.65,2026-07-31,2.48,1.26,0.17,-3.44,-7.14,-16.31
LTF,311.25,2026-07-31,-0.32,1.77,0.16,12.41,9.81,55.22
HEALTHX,307.95,2026-07-31,-1.79,-3.21,0.16,9.3,3.72,7.98
VMART,779.1,2026-07-31,8.97,-0.76,0.14,26.55,23.39,-1.31
VAL30IETF,15.42,2026-07-31,0.46,-0.32,0.13,-2.77,0.26,19.07
LTGILTBEES,29.98,2026-07-31,0.0,0.3,0.13,3.06,2.88,3.84
ORICONENT,53.79,2026-07-31,-1.03,-8.44,0.11,-16.86,-18.67,8.5
LUMAXIND,5284.5,2026-07-31,1.98,1.94,0.11,3.81,8.58,36.78
RATNAVEER,181.38,2026-07-31,-9.13,0.63,0.1,11.34,18.48,29.52
ICDSLTD,40.39,2026-07-31,2.36,4.37,0.1,-13.18,-2.93,-5.65
RAJOOENG,52.66,2026-07-31,-2.81,3.13,0.1,-9.1,-16.8,-52.29
BASILIC,202.0,2026-07-30,5.29,1.76,0.1,-14.77,-21.0,-53.06
AUROPHARMA,1580.2,2026-07-31,1.99,1.32,0.1,13.72,30.84,39.16
LEMERITE,23.27,2026-07-31,9.1,11.02,0.09,-73.55,-74.43,-64.17
GMRP&UI,99.16,2026-07-31,1.58,2.09,0.09,-6.94,-1.5,-9.05
APOLLOTYRE,428.15,2026-07-31,1.95,-0.13,0.09,5.44,-11.9,-3.58
EMSLIMITED,411.5,2026-07-31,2.43,-4.39,0.05,18.49,22.91,-31.51
KKCL,497.0,2026-07-31,-0.99,-1.58,0.05,5.12,8.89,-9.89
NDRAUTO,817.55,2026-07-31,-0.89,-0.35,0.05,5.05,20.01,-16.8
SBIN,1027.4,2026-07-31,0.67,-3.08,0.05,-2.11,-2.9,31.31
HERANBA,179.57,2026-07-31,2.06,0.18,0.04,-18.06,-18.38,-53.32
NIRLON,620.5,2026-07-31,0.07,0.06,0.04,8.75,,
MOBANK10,17.23,2026-07-31,2.07,-0.58,0.04,5.69,,
ORIENTELEC,174.77,2026-07-31,1.03,0.78,0.04,-4.69,-2.21,-17.98
TATACAP,365.4,2026-07-31,4.24,3.69,0.03,9.86,6.99,
GRASIM,3100.8,2026-07-31,-0.37,-1.37,0.03,10.96,10.0,13.31
AFSL,201.04,2026-07-31,0.0,-0.02,0.02,-0.28,0.02,-8.78
SIKA,1115.7,2026-07-31,-0.69,0.28,0.01,8.77,,
OMKARCHEM,3.41,2026-07-30,0.0,0.0,0.0,0.0,-35.17,-33.53
SANCO,2.9,2026-07-30,0.0,0.0,0.0,6.23,-2.36,-8.23
SAHAJ,3.85,2026-07-30,0.0,0.0,0.0,0.0,-20.62,-56.25
KTL,4.85,2026-07-30,0.0,0.0,0.0,0.0,0.0,-34.46
GOENKA,0.82,2026-07-30,0.0,0.0,0.0,0.0,0.0,-1.2
TRACXN,30.35,2026-07-31,0.9,1.13,0.0,-6.62,-13.7,-45.88
KRYSTAL,600.05,2026-07-31,-0.04,-0.06,0.0,-1.01,-0.17,-8.56
INDLMETER,23.69,2026-07-30,0.0,0.0,0.0,0.0,0.0,0.0
SUULD,1.57,2026-07-30,0.0,0.0,0.0,0.0,0.0,-29.6
MBECL,65.4,2026-07-30,0.0,0.0,0.0,0.0,0.0,0.0
ALPSINDUS,34.3,2026-07-30,0.0,0.0,0.0,0.0,0.0,66.5
HERCULES,159.32,2026-07-30,0.0,0.0,0.0,0.0,0.0,-11.3
SRIRAM,10.1,2026-07-30,0.0,0.0,0.0,0.0,0.0,0.0
KALYANI,138.09,2026-07-30,0.0,0.0,0.0,0.0,0.0,0.0
SHAIVAL,33.0,2026-07-30,0.0,0.0,0.0,0.0,8.2,8.2
BRIGHT,2.8,2026-07-30,0.0,0.0,0.0,0.0,0.0,0.0
JINDCOT,2.5,2024-11-08,0.0,0.0,0.0,0.0,0.0,0.0
MINDPOOL,71.1,2026-07-30,0.0,0.0,0.0,0.0,0.0,-6.39
BURNPUR,33.0,2026-07-30,0.0,0.0,0.0,0.0,0.0,0.0
JAKHARIA,60.5,2026-07-30,0.0,0.0,0.0,0.0,0.0,-31.33
MELSTAR,4.25,2026-07-30,0.0,0.0,0.0,0.0,0.0,0.0
SECURCRED,1.56,2026-07-30,0.0,0.0,0.0,0.0,0.0,0.0
SECL,3.0,2026-07-30,0.0,0.0,0.0,-13.04,-26.83,-50.0
ABSLPSE,10.34,2026-07-31,-0.48,-0.39,0.0,-6.09,-0.96,5.08
FILATFASH,0.18,2026-07-31,0.0,0.0,0.0,-30.77,-37.93,-70.49
VASA,4.45,2026-07-30,0.0,0.0,0.0,-4.3,-11.0,-8.25
PATTECH,114.85,2026-07-30,0.0,0.0,0.0,8.35,13.32,-21.15
RMCL,200.0,2026-07-30,0.0,0.0,0.0,0.0,0.0,0.0
DRSDILIP,110.0,2026-07-30,0.0,0.0,0.0,-7.95,100.73,12.24
LTGILTCASE,30.5,2026-07-31,-0.1,0.1,0.0,2.9,2.59,
VISAMAN,107.6,2026-07-30,0.0,0.0,0.0,-8.74,-15.21,14.47
LIQUIDETF,1000.0,2026-07-31,0.0,0.0,0.0,0.0,0.72,2.9
LIQUIDIETF,999.99,2026-07-31,0.0,0.0,0.0,0.0,0.0,0.0
LIQUIDSBI,1000.01,2026-07-31,0.0,0.0,0.0,0.4,1.15,3.07
LIQUIDBEES,1000.0,2026-07-31,0.0,0.0,0.0,0.0,0.0,0.62
DOLLEX,30.1,2026-07-30,0.84,0.33,0.0,-4.14,-14.85,-27.64
ABSLLIQUID,1000.0,2026-07-31,0.0,0.0,-0.0,0.52,1.29,2.95
PODDARHOUS,43.37,2026-07-30,0.0,0.0,0.0,0.0,0.0,0.0
DSKULKARNI,13.55,2026-07-30,0.0,0.0,0.0,0.0,0.0,0.0
LIQUID,999.99,2026-07-31,0.0,0.0,0.0,0.4,1.13,3.63
GANGOTRI,0.61,2026-07-30,0.0,0.0,0.0,0.0,0.0,-1.61
BKMINDST,45.0,2026-07-30,0.0,0.0,0.0,0.0,0.0,0.0
BABAFP,25.0,2026-07-30,2.04,4.17,0.0,-12.28,-7.06,-38.27
PERFECT,8.1,2026-07-30,0.0,0.0,0.0,0.0,0.0,-8.99
AVSL,119.7,2026-07-30,0.0,0.0,0.0,0.0,0.0,-8.8
DESTINY,105.9,2026-07-30,0.0,0.0,0.0,0.0,-7.91,-11.79
MPTODAY,46.0,2026-07-30,0.0,0.0,0.0,8.24,-3.26,-13.94
AHIMSA,24.7,2026-07-30,0.0,0.0,0.0,0.0,4.22,1.44
MARSHALL,3.64,2026-07-30,0.0,0.0,0.0,0.0,0.0,-56.77
TECHIN,14.0,2026-07-30,0.0,0.0,0.0,0.0,0.0,0.0
HPIL,126.08,2026-07-31,3.48,1.2,-0.01,-6.52,-4.1,-19.13
PETRONET,280.75,2026-07-31,2.88,2.07,-0.02,2.61,-1.99,1.08
GROWWPSE,99.52,2026-07-31,-0.39,-0.62,-0.03,-6.33,,
HIKAL,221.31,2026-07-31,-0.3,-2.62,-0.03,16.94,15.03,-31.22
BALAXI,23.9,2026-07-31,-2.01,-0.5,-0.04,-10.25,-1.97,-50.08
PDSL,363.55,2026-07-31,1.69,0.24,-0.04,31.48,7.42,3.96
SOBHA,1372.2,2026-07-31,0.81,-5.74,-0.05,-3.88,-4.99,-13.87
BHAGCHEM,290.75,2026-07-31,10.43,5.69,-0.05,9.82,37.43,-3.44
NAM-INDIA,1161.4,2026-07-31,0.65,-1.84,-0.05,16.25,33.71,46.02
COASTCORP,48.84,2026-07-31,-2.46,-7.54,-0.06,-14.6,9.46,39.04
LFIC,144.12,2026-07-31,-0.53,0.62,-0.06,2.34,19.35,-31.88
EMBASSY,437.73,2026-07-30,-0.05,-2.58,-0.07,3.05,3.82,16.92
HEIDELBERG,152.69,2026-07-31,-3.4,-4.26,-0.08,-3.87,-10.35,-25.92
CUB,206.5,2026-07-31,-5.88,-7.35,-0.08,2.9,-7.9,30.92
ALPHAETF,26.18,2026-07-31,1.12,0.5,-0.08,5.1,7.47,4.89
DOLLAR,264.0,2026-07-31,3.65,1.99,-0.09,-10.9,-15.01,-29.83
NEOGEN,2023.1,2026-07-31,-1.99,-7.31,-0.09,23.55,66.3,31.32
IIFLCAPS,337.8,2026-07-31,0.03,-0.15,-0.1,8.15,3.14,7.3
TORNTPOWER,1413.3,2026-07-31,-1.85,-1.4,-0.11,-18.31,3.26,9.38
JMFINANCIL,122.16,2026-07-31,-1.77,-1.31,-0.12,-10.81,-3.81,-20.64
SADHAV,118.0,2026-07-30,-0.04,3.65,-0.13,0.64,16.77,1.03
JAINREC,348.2,2026-07-31,2.88,6.21,-0.13,-24.13,-15.25,
SRHHYPOLTD,484.4,2026-07-31,-0.55,-0.34,-0.13,-0.92,8.26,-25.1
NUVAMA,1803.8,2026-07-31,-5.89,-2.71,-0.14,37.28,35.35,26.96
NMDC,85.04,2026-07-31,1.82,1.42,-0.14,-5.9,7.9,25.51
JAMNAAUTO,131.18,2026-07-31,-2.87,-2.44,-0.14,7.91,5.48,45.8
INDUSTOWER,391.1,2026-07-31,0.96,-2.71,-0.15,-4.6,-11.97,7.74
MOMIDMTM,63.97,2026-07-31,1.31,1.09,-0.16,2.93,4.19,2.77
ROSSELLIND,57.55,2026-07-31,-2.28,-7.8,-0.16,3.62,32.76,-12.93
USHAMART,495.95,2026-07-31,-1.22,-2.45,-0.19,9.77,21.19,31.33
BLBLIMITED,15.5,2026-07-31,-3.79,-3.73,-0.19,-9.36,14.39,0.26
AGARWALEYE,478.0,2026-07-31,0.38,-1.38,-0.2,7.39,10.46,4.63
MANAKALUCO,35.22,2026-07-31,0.06,-4.37,-0.2,-5.63,-18.23,16.61
JMA,87.92,2026-07-31,-1.08,-1.3,-0.22,-0.08,14.49,-2.44
MOVALUE,114.33,2026-07-31,0.7,-0.87,-0.22,-2.93,-4.58,12.6
CLSEL,285.5,2026-07-31,2.22,7.15,-0.23,1.49,17.03,-9.77
MCON,43.9,2026-07-30,-4.98,-1.35,-0.23,-17.79,-22.02,-52.23
ASCOM,258.75,2026-07-30,0.0,0.0,-0.23,-0.6,72.5,200.7
NAHARCAP,249.13,2026-07-31,1.88,-0.91,-0.23,-0.71,5.72,-17.51
EFORCE,21.75,2026-07-30,3.57,1.87,-0.23,-22.32,-28.34,-51.56
DCMSIL,73.37,2026-07-31,-6.65,-15.14,-0.25,12.57,,
DECNGOLD,197.73,2026-07-31,0.37,4.02,-0.25,59.52,,
DJML,114.81,2026-07-31,0.28,7.64,-0.27,24.5,55.44,2.04
BLKASHYAP,54.46,2026-07-31,0.65,-6.1,-0.27,-4.89,14.7,-31.07
EQUITASBNK,75.21,2026-07-31,-4.8,-5.13,-0.27,12.51,7.27,26.92
NITCO,107.6,2026-07-31,0.01,-1.08,-0.27,21.9,29.65,-16.57
RRIL,17.35,2026-07-31,5.47,0.99,-0.29,2.97,,
RAYMOND,580.1,2026-07-31,-2.5,-5.34,-0.29,24.54,52.68,-13.24
UGARSUGAR,40.69,2026-07-31,-6.21,3.1,-0.3,-7.15,7.45,-9.12
MEGATHERM,210.05,2026-07-30,-1.98,-6.6,-0.31,-24.01,3.86,-33.85
NETWEB,4524.0,2026-07-31,3.71,8.28,-0.31,11.3,43.86,122.96
ZENITHDRUG,45.95,2026-07-30,-6.22,-5.45,-0.33,15.02,-16.15,-31.98
KALPATARU,297.85,2026-07-31,11.55,9.42,-0.33,-8.55,-10.11,-24.91
KOTAKBANK,390.3,2026-07-31,1.47,2.16,-0.33,2.0,-4.17,-1.2
WENDT,8207.5,2026-07-31,-1.14,8.29,-0.34,18.48,19.18,-17.19
DEEPAKFERT,1552.8,2026-07-31,-5.0,-3.26,-0.34,22.73,47.07,-2.18
KSOLVES,281.5,2026-07-31,0.72,-4.71,-0.35,-7.5,10.24,-8.66
FLAIR,259.1,2026-07-31,0.92,2.25,-0.35,-18.71,-13.62,-24.43
SCHNEIDER,1355.3,2026-07-31,0.24,1.07,-0.36,8.97,95.63,35.14
MASPTOP50,75.48,2026-07-31,-3.34,-5.25,-0.36,-2.08,6.32,20.25
PANACHE,430.5,2026-07-31,0.95,-0.17,-0.4,17.86,53.59,63.91
WILLAMAGOR,25.21,2026-07-31,-0.94,-3.08,-0.4,-7.35,-12.07,-27.95
SBFC,90.4,2026-07-31,0.02,-3.32,-0.41,-2.07,5.83,-13.67
CREST,376.2,2026-07-31,0.32,-0.28,-0.42,2.8,4.53,1.78
SEJALLTD,755.25,2026-07-31,-2.23,3.07,-0.43,-10.45,7.74,52.5
INNOVACAP,974.25,2026-07-31,0.4,0.1,-0.43,29.55,40.14,7.45
CANBK,124.98,2026-07-31,-1.79,-2.98,-0.43,-4.12,-12.43,20.38
CHALET,811.4,2026-07-31,-4.15,-5.21,-0.43,7.09,-6.86,-10.72
BATLIBOI,81.88,2026-07-31,-2.34,0.97,-0.43,-0.2,,
RELAXO,403.95,2026-07-31,0.64,-7.57,-0.44,35.51,3.26,-10.43
NORBTEAEXP,68.57,2026-07-31,0.75,0.03,-0.45,10.79,-22.96,100.5
EBANKNIFTY,57.95,2026-07-31,0.91,-0.77,-0.45,4.75,-3.59,3.02
LGBBROSLTD,1588.4,2026-07-31,2.23,2.4,-0.46,-9.73,-7.01,28.11
SUMMITSEC,1504.3,2026-07-31,0.52,0.45,-0.46,-3.55,-14.93,-26.38
SAKHTISUG,16.89,2026-07-31,-1.8,0.0,-0.47,-13.83,-2.99,-29.45
IGIL,353.45,2026-07-31,7.2,3.3,-0.48,2.17,14.56,-8.96
VENTIVE,624.6,2026-07-31,1.1,0.6,-0.49,0.79,-16.28,-20.17
ALEMBICLTD,91.13,2026-07-31,1.09,0.95,-0.49,-0.08,-1.94,-16.98
GAYAHWS,2.02,2026-07-31,7.45,6.32,-0.49,-10.22,2.54,-1.46
UCL,200.95,2026-07-30,5.76,16.49,-0.5,60.82,286.44,336.85
NEXTMEDIA,3.95,2026-07-31,-0.25,0.77,-0.5,-10.23,-23.3,-37.2
JOCIL,144.29,2026-07-31,-2.51,2.95,-0.5,12.68,14.25,-8.02
CEATLTD,3429.9,2026-07-31,2.83,1.69,-0.51,0.57,-7.89,5.56
GROWWRAIL,29.02,2026-07-31,0.73,-0.21,-0.51,-10.87,-15.69,-18.98
DYNAMATECH,10339.0,2026-07-31,-1.96,0.53,-0.52,-10.62,17.58,56.26
ELLEN,263.45,2026-07-31,-6.73,-8.29,-0.53,-1.79,-2.93,-54.39
JASH,504.55,2026-07-31,-2.37,-4.53,-0.54,20.49,30.64,-13.09
GPPL,150.27,2026-07-31,1.32,-0.8,-0.55,-3.7,-10.04,0.62
IOB,33.9,2026-07-31,-0.64,-3.14,-0.56,-3.14,-4.86,-9.74
GSEC10YEAR,30.31,2026-07-31,-0.95,-0.13,-0.56,1.78,2.23,3.62
BEML,1750.4,2026-07-31,-1.67,-1.14,-0.57,-2.96,-2.21,-11.34
DEEM,51.0,2026-07-30,0.0,-7.94,-0.58,40.3,13.33,-14.86
HEXATRADEX,157.38,2026-07-31,0.1,-0.89,-0.58,-5.57,-2.12,-12.6
RBS,82.0,2026-07-30,8.47,10.81,-0.61,-19.13,-6.82,-38.09
VIJAYA,1344.4,2026-07-31,-0.47,0.73,-0.61,19.02,40.23,25.31
THEINVEST,97.61,2026-07-31,1.26,0.5,-0.61,-7.78,-2.38,-39.98
GSEC5IETF,66.5,2026-07-31,0.47,0.02,-0.61,3.16,3.7,5.81
SETFNIFBK,588.0,2026-07-31,0.14,-1.32,-0.63,4.65,-3.79,2.75
BMWVENTLTD,56.85,2026-07-31,-4.2,-0.44,-0.63,-11.17,8.61,
NESCO,1064.8,2026-07-31,5.6,-1.86,-0.63,-12.71,-5.96,-22.26
ORISSAMINE,3986.4,2026-07-31,7.35,7.65,-0.63,-6.15,-11.04,-19.01
KRISHNADEF,1198.5,2026-07-31,-7.52,-7.98,-0.64,11.33,12.2,46.85
OSWALSEEDS,10.76,2026-07-31,6.53,1.61,-0.65,-12.59,-19.88,-13.09
HDFCNIFBAN,58.91,2026-07-31,0.2,-1.34,-0.66,4.67,-3.8,2.76
BANKADD,58.57,2026-07-31,0.21,-1.46,-0.66,4.61,-3.72,2.61
BANKETF,582.97,2026-07-31,0.26,-1.4,-0.66,4.7,-3.77,2.83
FCSSOFT,1.5,2026-07-31,-1.32,-3.23,-0.66,-10.71,-3.23,-40.71
BANKIETF,58.78,2026-07-31,0.17,-1.26,-0.66,4.63,-3.77,11.79
SHRADHA,33.86,2026-07-31,-2.87,-9.39,-0.67,-6.13,-14.8,-44.33
SUTLEJTEX,38.0,2026-07-31,-0.34,-2.69,-0.68,-1.3,31.26,-9.72
PREMIER,2.88,2026-07-31,-2.04,0.0,-0.69,-2.04,-8.86,-25.58
BANKBEES,592.26,2026-07-31,0.14,-1.32,-0.69,4.46,-3.81,2.63
ALBERTDAVD,689.3,2026-07-31,1.47,-0.52,-0.7,-2.94,1.01,-22.08
INDOSTAR,250.0,2026-07-31,-6.89,-6.24,-0.71,23.36,20.73,-13.24
GVPTECH,7.03,2026-07-31,0.86,3.23,-0.71,-1.13,-10.45,-31.68
POWERGRID,284.25,2026-07-31,-1.59,-1.54,-0.72,-10.71,12.06,0.87
BANKNIFTY1,59.46,2026-07-31,0.17,-1.2,-0.72,4.57,-90.36,-89.71
GILLETTE,7624.0,2026-07-31,-3.99,-2.46,-0.72,-4.14,-11.56,-27.83
SPLIL,30.1,2026-07-31,-2.65,-7.84,-0.73,-3.56,8.12,-27.49
HIGREEN,136.05,2026-07-30,-0.69,-2.51,-0.73,-1.45,-5.98,-37.89
SBIMIDMOM,62.84,2026-07-31,1.09,0.11,-0.73,2.46,,
ALLCARGO,8.03,2026-07-31,-0.74,-0.37,-0.74,-17.05,-22.71,-77.04
BELRISE,236.73,2026-07-31,1.75,1.2,-0.77,11.29,38.56,72.04
BANKBETF,58.09,2026-07-31,0.21,-1.54,-0.77,4.57,-3.76,2.43
KONTOR,58.05,2026-07-30,0.0,-2.6,-0.77,-23.21,-4.76,-29.64
BANKBETA,59.12,2026-07-31,-0.02,-1.43,-0.77,4.49,-3.95,
ABSLBANETF,58.6,2026-07-31,0.1,-1.5,-0.78,4.36,-3.7,2.9
HAVISHA,1.28,2026-07-31,5.79,4.07,-0.78,-20.0,-19.5,-39.62
VISHNUINFR,160.0,2026-07-30,-0.84,-1.23,-0.78,9.59,-25.69,-8.2
SHREMINVIT,101.0,2026-07-30,-0.98,-0.98,-0.79,0.94,10.49,9.18
HINDUNILVR,2101.3,2026-07-31,-3.37,-1.79,-0.8,-5.7,-10.55,-15.15
DPSCLTD,7.35,2026-07-31,2.51,-0.27,-0.81,-26.87,-16.38,-42.07
GROWWMOM50,10.67,2026-07-31,0.47,0.28,-0.84,2.6,5.07,2.3
KANCHI,365.95,2026-07-31,-1.33,2.08,-0.84,-10.53,,
GRAVITA,1616.4,2026-07-31,-9.64,-10.68,-0.85,-0.83,0.75,-13.72
PILANIINVS,4302.9,2026-07-31,-0.97,-1.5,-0.86,-8.6,-6.56,-15.18
ADANIENT,3009.5,2026-07-31,-0.89,-5.46,-0.87,25.01,49.02,23.87
KRITI,70.34,2026-07-31,8.82,4.67,-0.92,-14.38,-7.7,-60.37
SKIPPER,527.75,2026-07-31,1.36,-3.15,-0.92,10.3,45.91,8.69
ABSL10BANK,170.3,2026-07-31,0.6,-1.54,-0.93,4.19,,
HDFCPVTBAN,28.09,2026-07-31,0.61,-1.23,-0.95,5.32,-2.97,2.11
DEFENCE,78.35,2026-07-31,-0.29,0.2,-0.96,5.89,,
JSWCEMENT,133.1,2026-07-31,-0.97,-5.33,-0.98,9.08,16.98,
MOMOMENTUM,61.9,2026-07-31,0.68,0.45,-0.99,-0.15,1.08,1.03
ARCHIDPLY,81.14,2026-07-31,-0.38,0.28,-1.0,-3.73,-6.64,-26.9
KAJARIACER,1198.3,2026-07-31,-1.78,-3.53,-1.0,0.9,32.79,2.81
MOPSE,100.23,2026-07-31,-1.39,-0.58,-1.01,-7.12,-2.34,3.47
PCBL,317.9,2026-07-31,-2.53,-2.35,-1.01,9.4,19.51,-17.98
RBMINFRA,271.6,2026-07-30,-6.63,5.17,-1.02,-30.78,-19.06,-40.97
UWCSL,100.7,2026-07-30,4.95,4.95,-1.03,3.76,-2.14,-9.39
ATLASCYCLE,98.35,2026-07-31,0.9,-2.02,-1.03,-2.2,5.01,-23.19
WELENT,592.3,2026-07-31,-0.75,-5.32,-1.04,13.75,26.23,20.95
SVPGLOB,3.78,2026-07-31,-0.53,-4.55,-1.05,4.42,25.17,4.13
BANK10ADD,17.02,2026-07-31,0.77,-1.73,-1.05,4.03,,
ALPA,66.84,2026-07-31,0.39,-2.49,-1.05,1.0,-1.91,-33.83
AONETMMQ50,10.04,2026-07-31,0.3,0.53,-1.06,0.96,,
EPL,222.42,2026-07-31,-6.96,-7.23,-1.06,-1.64,15.89,2.15
ZAGGLE,204.6,2026-07-31,0.62,-1.54,-1.07,-15.02,-27.81,-46.04
GRMOVER,89.73,2026-07-31,-0.43,-1.38,-1.08,-45.94,-45.62,-27.52
HILINFRA,45.9,2026-07-31,-1.01,5.13,-1.08,-11.51,-9.96,
JAGRAN,63.81,2026-07-31,2.41,1.43,-1.09,10.91,9.65,0.24
ASTRAZEN,8100.0,2026-07-31,-0.38,1.01,-1.1,-0.94,-4.84,-11.43
VIKRAMSOLR,177.65,2026-07-31,-1.95,-7.08,-1.12,-19.03,-12.93,
ALLETEC,136.35,2026-07-30,0.11,-1.2,-1.12,-19.79,-29.52,-60.18
MOMENTUM,30.9,2026-07-31,0.75,0.19,-1.12,0.85,0.62,1.15
FORTIS,945.0,2026-07-31,0.29,-0.55,-1.14,2.5,11.1,10.33
DELTACORP,62.97,2026-07-31,0.41,-1.49,-1.15,-11.53,-2.4,-25.25
ESABINDIA,5628.5,2026-07-31,0.12,-4.11,-1.15,-9.8,1.9,7.94
BBNPNBETF,57.56,2026-07-31,0.02,-1.46,-1.15,2.73,-4.19,2.4
JSLL,586.15,2026-07-31,3.68,1.93,-1.16,-13.15,-11.77,6.11
VLSFINANCE,254.6,2026-07-31,0.1,-2.3,-1.17,10.38,-3.92,9.89
DAICHI,315.8,2026-07-31,4.4,1.99,-1.17,20.05,,
RENUKA,21.87,2026-07-31,0.05,-1.35,-1.17,-25.13,-12.9,-27.17
HINDPETRO,389.75,2026-07-31,-1.07,-3.86,-1.19,4.06,-8.72,-3.42
GRINDWELL,2120.2,2026-07-31,5.24,-0.37,-1.19,35.82,38.68,38.95
WHIRLPOOL,802.9,2026-07-31,1.02,3.79,-1.19,-18.54,3.23,-39.61
AMBER,7440.5,2026-07-31,2.2,-5.33,-1.19,-7.27,30.17,-6.57
GALAPREC,1093.9,2026-07-31,-6.04,-9.97,-1.19,47.48,52.89,32.54
AROGRANITE,25.44,2026-07-31,0.75,1.44,-1.2,-4.93,-6.98,-31.26
VSTTILLERS,4455.9,2026-07-31,0.58,-0.78,-1.21,-14.56,-19.33,-2.12
REDTAPE,132.51,2026-07-31,5.69,1.47,-1.21,4.7,8.77,4.58
BIKAJI,641.65,2026-07-31,0.06,-0.05,-1.21,-4.99,-2.27,-14.17
MOM30IETF,31.09,2026-07-31,0.65,0.23,-1.21,1.17,0.88,1.11
KIMS,804.7,2026-07-31,0.53,2.04,-1.22,20.7,33.28,7.12
PRIVISCL,3617.1,2026-07-31,0.1,-1.32,-1.22,7.95,28.96,41.97
PRIZOR,859.95,2026-07-30,-0.01,5.91,-1.23,19.67,219.68,255.35
TARACHAND,55.12,2026-07-31,0.95,-1.38,-1.23,-13.24,-10.01,-28.46
SANDESH,978.15,2026-07-31,0.37,-0.33,-1.23,-11.05,-2.5,-16.2
TATAPOWER,380.7,2026-07-31,0.89,-0.94,-1.25,-13.83,4.58,-3.69
ZENITHSTL,5.54,2026-07-31,-3.15,3.17,-1.25,-11.22,9.7,-34.28
SURAJEST,195.95,2026-07-31,0.19,-1.33,-1.25,-16.07,-12.58,-32.69
RAMCOCEM,918.25,2026-07-31,-0.16,-0.82,-1.26,-1.8,-18.09,-21.86
CANARYS,19.55,2026-07-30,1.3,2.36,-1.26,3.99,-24.52,-40.94
DDEVPLSTIK,268.15,2026-07-31,-2.65,-6.96,-1.28,6.06,-6.69,-9.13
DONEAR,84.74,2026-07-31,-1.67,-0.5,-1.29,-6.88,-2.73,-15.97
ASTRON,3.8,2026-07-31,-4.76,1.6,-1.3,-14.22,-18.1,-74.06
AMBICAAGAR,25.0,2026-07-31,1.46,1.79,-1.3,5.22,5.84,-7.41
HDFCMOMENT,30.81,2026-07-31,0.39,0.13,-1.31,1.08,0.88,1.02
BAIDFIN,9.81,2026-07-31,-0.51,-2.97,-1.31,-13.87,-13.11,-16.99
MOMENTUM50,52.63,2026-07-31,0.36,-0.15,-1.33,2.73,4.97,1.98
AATMAJ,18.5,2026-07-30,0.0,1.37,-1.33,-7.5,-10.19,-5.13
ASHIANA,390.65,2026-07-31,0.97,4.56,-1.34,14.01,32.6,24.44
SUNTV,508.65,2026-07-31,4.08,3.83,-1.34,-16.01,-7.9,-7.65
EPACK,229.59,2026-07-31,-1.08,-4.66,-1.34,-17.8,1.45,-41.27
GOLDENTOBC,24.99,2026-07-31,0.89,-3.51,-1.34,-8.13,-19.96,-29.61
BANKPSU,84.51,2026-07-31,0.27,-2.69,-1.35,-0.86,-6.73,23.05
ARVSMART,592.55,2026-07-31,-1.19,-0.86,-1.35,-4.11,11.4,-4.87
SALASAR,5.84,2026-07-31,-2.01,-2.5,-1.35,-21.61,-26.36,-18.32
WABAG,1977.2,2026-07-31,-0.02,-6.6,-1.35,31.29,83.91,25.32
MANBA,135.48,2026-07-31,-7.44,-1.7,-1.37,24.12,1.46,0.29
DUCOL,104.55,2026-07-30,-0.48,-1.46,-1.37,-15.62,-20.49,-21.69
TOLINS,102.21,2026-07-31,-0.66,-2.57,-1.37,-5.83,-15.45,-31.42
INFRA,12.14,2026-07-31,0.08,-1.94,-1.38,1.59,,
GPECO,424.2,2026-07-30,-1.46,1.02,-1.38,12.7,32.79,-27.0
PENIND,165.12,2026-07-31,-0.02,-2.39,-1.39,-1.5,-3.35,-31.17
ASMS,7.02,2026-07-31,0.14,-2.64,-1.4,-10.34,-34.33,-47.34
BHEL,407.0,2026-07-31,-2.15,-2.51,-1.4,15.86,55.43,71.6
DRAGARWQ,5022.5,2026-07-31,-0.38,0.32,-1.41,1.07,,
HDFCAMC,2615.8,2026-07-31,2.48,-1.1,-1.41,-1.46,6.25,-5.38
TRANSWORLD,162.21,2026-07-31,-1.03,-1.39,-1.42,-1.63,-9.88,-38.48
MAHICKRA,269.95,2026-07-30,1.87,9.85,-1.42,16.16,46.05,93.63
GRAUWEIL,76.56,2026-07-31,1.65,1.26,-1.43,10.08,-33.77,-33.77
SBIETFPB,280.43,2026-07-31,0.26,-1.51,-1.44,4.57,-3.66,1.68
GOCLCORP,402.55,2026-07-31,1.67,0.36,-1.44,23.8,51.56,12.77
ORIENTBELL,319.25,2026-07-31,-2.43,2.73,-1.44,4.76,16.59,4.13
VEEKAYEM,126.0,2026-07-30,3.28,-1.56,-1.45,-10.45,42.61,-47.51
SBCL,749.45,2026-07-31,0.97,0.33,-1.45,25.85,77.0,42.1
MADRASFERT,66.43,2026-07-31,-0.18,-1.57,-1.47,-3.19,-12.38,-28.52
URBANCO,129.39,2026-07-31,-0.79,-3.15,-1.48,-14.68,4.11,
KOVAI,5910.0,2026-07-31,1.13,-0.27,-1.48,4.46,129.37,129.37
ECAPINSURE,23.82,2026-07-31,0.34,-1.33,-1.49,0.55,0.46,3.79
IGARASHI,451.15,2026-07-31,-0.7,0.02,-1.49,16.83,13.33,-21.09
BLIL,70.37,2026-07-31,0.57,0.96,-1.5,-3.93,,
LAL,8.53,2026-07-31,5.31,-2.51,-1.5,16.37,10.49,-23.98
BENGALASM,6218.5,2026-07-31,0.05,-0.43,-1.51,-0.48,,
SPIC,66.47,2026-07-31,0.48,-0.14,-1.51,-5.39,-8.05,-31.09
INDGN,515.15,2026-07-31,1.84,1.63,-1.52,3.53,7.26,-4.71
IRFC,89.15,2026-07-31,1.16,0.48,-1.52,-14.45,-24.98,-29.2
ELIN,100.6,2026-07-31,-0.8,-4.41,-1.54,-16.91,-32.92,-44.48
NATCOPHARM,917.0,2026-07-31,-1.09,-3.54,-1.54,-16.31,9.89,-3.26
NPBET,284.71,2026-07-31,0.14,-1.5,-1.54,4.85,-3.91,1.78
VEEDOL,1399.5,2026-07-31,0.52,0.21,-1.54,-0.14,0.07,-12.59
VERITAAS,35.0,2026-07-30,-3.58,-3.58,-1.55,-30.62,-24.24,-55.53
EMAMILTD,398.05,2026-07-31,-3.88,-1.75,-1.55,-10.45,-16.74,-32.42
IBULLSLTD,27.38,2026-07-31,-12.13,-6.84,-1.55,38.77,157.33,80.37
NAVINFLUOR,7567.5,2026-07-31,-1.86,-3.74,-1.55,11.08,24.23,50.26
TRAVELFOOD,1302.9,2026-07-31,2.08,-0.1,-1.55,3.42,22.11,24.58
SOLARINDS,18391.0,2026-07-31,-1.21,-3.29,-1.57,19.19,36.51,29.41
EMBDL,61.14,2026-07-31,-1.66,-4.09,-1.58,32.11,-7.69,-42.03
GOPAL,270.5,2026-07-31,3.98,2.5,-1.58,-0.31,-9.64,-21.73
MUFIN,131.74,2026-07-31,4.88,2.41,-1.58,15.28,15.47,51.44
ROSSTECH,954.1,2026-07-31,-2.21,-2.5,-1.58,-3.6,40.43,68.73
KALYANIFRG,601.9,2026-07-31,-0.35,0.21,-1.59,-0.24,-0.25,-14.18
GKSL,127.32,2026-07-31,-0.05,0.23,-1.61,1.68,21.07,
LICI,424.7,2026-07-31,0.08,-1.92,-1.61,8.95,5.43,-2.87
UGROCAP,95.45,2026-07-31,-0.21,-2.41,-1.61,-12.65,-35.31,-43.85
ABLBL,94.67,2026-07-31,-0.84,-0.72,-1.61,-7.89,-9.86,-34.03
EIEL,220.06,2026-07-31,0.59,-4.05,-1.64,3.83,21.93,-12.98
RUBFILA,71.25,2026-07-31,-1.51,-2.37,-1.64,-2.41,0.1,-10.18
FELDVR,2.39,2026-07-31,0.84,-4.4,-1.65,-19.26,-18.98,-33.24
SINDHUTRAD,24.41,2026-07-31,-1.61,-4.83,-1.65,4.18,18.55,-10.88
TOTAL,49.28,2026-07-31,2.45,-5.03,-1.66,-12.34,-25.66,-33.78
POLICYBZR,1601.5,2026-07-31,3.11,1.07,-1.66,-3.88,-3.2,-11.62
NIACL,173.62,2026-07-31,4.86,-1.8,-1.66,9.0,17.55,-11.58
SMLT,67.11,2026-07-31,-0.64,0.81,-1.66,-10.76,-2.74,-41.59
RAJPALAYAM,829.05,2026-07-31,2.26,0.49,-1.66,3.13,,
BHARATWIRE,196.99,2026-07-31,-2.92,-1.87,-1.67,-11.28,14.37,5.44
CUMMINSIND,5519.0,2026-07-31,-1.96,0.24,-1.67,5.67,35.93,57.22
APLLTD,797.05,2026-07-31,-0.68,-4.0,-1.68,7.14,3.28,-17.28
BAHETI,711.7,2026-07-30,-0.13,-0.02,-1.69,18.46,15.4,22.82
BAJAJHFL,86.02,2026-07-31,0.61,-0.01,-1.69,-1.33,-5.3,-24.46
BILVYAPAR,4.06,2026-07-31,-1.69,-4.25,-1.69,-28.14,-41.75,-67.31
ONESOURCE,1619.7,2026-07-31,-4.1,-4.38,-1.71,-6.81,35.6,-17.95
EMULTIMQ,41.07,2026-07-31,0.37,-0.34,-1.72,-2.24,0.88,-0.41
PVTBANIETF,27.75,2026-07-31,0.33,-1.35,-1.74,4.68,-3.61,1.54
JINDALSAW,256.95,2026-07-31,2.43,-3.38,-1.74,16.42,47.53,23.23
MOTOUR,78.41,2026-07-31,-0.51,-0.86,-1.75,7.15,2.1,-14.03
BANKINDIA,137.95,2026-07-31,0.06,-6.12,-1.75,1.85,-13.19,27.9
PSUBNKBEES,93.42,2026-07-31,-0.11,-2.85,-1.76,-1.18,-7.06,22.05
GROWWPSUBK,83.75,2026-07-31,-0.27,-3.15,-1.76,-1.14,,
KNAGRI,208.24,2026-07-31,-5.97,6.23,-1.76,15.68,29.76,-19.82
KOKUYOCMLN,85.94,2026-07-31,0.45,2.41,-1.76,-7.36,3.44,-23.97
BEWLTD,58.5,2026-07-30,-0.59,-0.85,-1.76,-31.01,-40.79,-62.68
TRANSRAILL,502.95,2026-07-31,3.7,1.4,-1.77,-16.03,1.04,-31.16
WELSPUNLIV,155.94,2026-07-31,-4.64,-4.55,-1.77,20.99,25.9,23.76
RACE,109.49,2026-07-31,0.42,-0.38,-1.79,-11.59,9.12,-54.3
PSUBANKADD,84.46,2026-07-31,-0.39,-2.95,-1.79,-1.42,-7.07,22.53
SWANCORP,307.8,2026-07-31,-1.41,-1.17,-1.8,-7.97,-27.0,-34.12
HONASA,449.55,2026-07-31,-0.71,-1.75,-1.82,31.99,62.67,65.31
SENORES,1305.7,2026-07-31,-7.53,-5.73,-1.82,45.21,65.71,89.53
DELAPLEX,96.5,2026-07-30,0.99,-1.53,-1.83,-16.38,-11.47,-31.56
PVTBANKADD,27.9,2026-07-31,0.32,-1.1,-1.83,3.68,-3.46,1.86
IRMENERGY,257.55,2026-07-31,-0.48,-1.11,-1.83,-27.84,5.75,-11.64
GODFRYPHLP,2133.4,2026-07-31,-3.49,-0.0,-1.83,-5.22,4.81,-28.97
GSFC,158.84,2026-07-31,-0.77,-0.24,-1.85,-6.78,-13.9,-20.21
SIDDHIKA,211.0,2026-07-30,-0.47,0.69,-1.85,-4.02,0.42,7.89
HDFCPSUBK,84.61,2026-07-31,0.06,-2.85,-1.86,-1.09,-7.04,22.15
REXPIPES,171.0,2026-07-30,0.0,0.0,-1.87,-13.55,16.33,19.83
DREAMFOLKS,66.66,2026-07-31,-1.3,-2.11,-1.87,-17.62,-27.63,-51.45
PSUBNKIETF,84.77,2026-07-31,-0.22,-2.9,-1.88,-1.3,-7.2,22.29
VIVIDHA,0.52,2026-07-31,0.0,0.0,-1.89,-7.14,-7.14,-34.18
HINDCOPPER,491.6,2026-07-31,1.91,1.98,-1.9,-8.09,-28.21,103.38
GICRE,356.6,2026-07-31,-0.72,-1.01,-1.9,-9.35,-5.67,-6.56
AARTIPHARM,667.15,2026-07-31,-2.51,-4.41,-1.9,-9.88,-11.24,-26.43
CARYSIL,1175.3,2026-07-31,1.84,-0.21,-1.91,30.17,47.96,32.9
CESC,165.57,2026-07-31,2.0,-0.02,-1.92,-11.71,10.26,0.96
GILLANDERS,89.31,2026-07-31,1.33,0.15,-1.93,-4.67,0.67,-38.87
CHEMPLASTS,194.18,2026-07-31,-6.18,-3.69,-1.95,-15.06,-25.39,-53.42
NDLVENTURE,129.03,2026-07-31,6.5,0.86,-1.95,8.13,43.64,101.08
GTPL,59.9,2026-07-31,0.07,-4.05,-1.98,-11.19,-23.94,-49.08
DHUNINV,846.55,2026-07-31,-2.41,-10.34,-1.98,-7.51,-15.38,-43.3
GLOBUSSPR,883.5,2026-07-31,-0.67,-3.66,-1.99,-20.15,-4.91,-30.87
MAMATA,406.45,2026-07-31,6.89,2.73,-2.0,-2.58,2.27,-22.17
AGUL,62.6,2026-07-30,3.47,15.93,-2.03,10.11,-14.36,4.25
SAFARI,1559.6,2026-07-31,-2.17,-4.72,-2.04,10.55,-23.15,-25.51
5PAISA,348.6,2026-07-31,-5.59,-7.73,-2.06,3.91,0.58,-9.51
SHANTI,6.67,2026-07-31,-2.91,-4.71,-2.06,-5.79,-4.71,-44.97
TARMAT,49.33,2026-07-31,-2.2,-1.85,-2.06,-6.59,-7.45,-10.06
MEDIASSIST,358.0,2026-07-31,3.13,-0.36,-2.07,3.75,-10.23,-32.8
ITC,281.0,2026-07-31,-1.7,-0.6,-2.07,-8.33,-8.52,-28.46
NDL,2.36,2026-07-31,1.72,0.43,-2.07,-15.41,-15.71,-34.44
CPSEETF,94.91,2026-07-31,-1.2,-1.92,-2.09,-12.42,-3.34,4.78
SHREEOSFM,56.0,2026-07-30,-7.44,-10.4,-2.1,-20.06,-24.93,-50.44
PURVA,210.79,2026-07-31,-3.95,-4.07,-2.1,-1.67,-9.96,-27.28
SYRMA,1366.8,2026-07-31,3.84,1.94,-2.11,42.53,79.61,81.13
KRISHIVAL,393.55,2026-07-31,0.72,-1.23,-2.11,15.56,24.74,4.32
VAKRANGEE,5.97,2026-07-31,-1.97,0.67,-2.13,-13.48,-13.98,-35.04
LRRPL,91.0,2026-07-30,5.81,1.0,-2.15,18.18,35.92,3.41
ANUHPHR,79.48,2026-07-31,-1.49,-1.4,-2.15,-2.12,9.42,-16.67
SLONE,136.3,2026-07-30,6.24,13.87,-2.15,-32.42,-40.74,-56.74
DOMS,2260.0,2026-07-31,-0.15,-0.27,-2.15,-1.36,-5.12,-3.41
JKIL,482.0,2026-07-31,-1.43,-2.89,-2.16,-7.29,-15.67,-31.13
ELCIDIN,111000.0,2026-07-31,0.25,-0.89,-2.18,-11.18,,
ESTER,87.9,2026-07-31,-3.29,-0.9,-2.18,-2.53,-7.73,-22.72
BGLOBAL,3.12,2026-07-30,0.0,-2.8,-2.19,0.65,1.63,5.41
VIPIND,298.95,2026-07-31,0.91,-0.48,-2.19,0.91,-20.32,-33.31
EUREKAFORB,448.45,2026-07-31,1.99,-2.92,-2.19,-10.07,-17.61,-19.65
CCL,1155.3,2026-07-31,-1.63,-3.81,-2.19,1.78,19.36,36.62
CLEANMAX,1335.6,2026-07-31,-7.19,-0.07,-2.2,16.94,,
STEELCITY,75.25,2026-07-31,-0.42,-1.93,-2.21,-8.51,-8.47,-26.29
PARKHOSPS,292.65,2026-07-31,4.63,4.89,-2.22,26.96,90.49,
MODEFENCE,102.34,2026-07-31,-0.94,-0.27,-2.23,3.93,13.99,19.84
YASHOPTICS,113.95,2026-07-30,2.38,-0.87,-2.27,-2.36,-3.43,24.6
SHIVAMILLS,61.02,2026-07-31,2.47,2.8,-2.27,1.28,14.66,-19.57
SRGHFL,293.2,2026-07-31,-5.14,-3.87,-2.27,3.73,3.18,-10.94
PONNIERODE,302.65,2026-07-31,-2.84,-6.72,-2.28,0.22,11.13,1.63
PSPPROJECT,978.0,2026-07-31,-7.38,-8.79,-2.28,24.25,30.38,29.66
MOCAPITAL,53.38,2026-07-31,0.45,-2.02,-2.29,,,
GREENLAM,251.9,2026-07-31,-1.72,-0.28,-2.3,11.69,5.15,7.53
MAHESHWARI,72.99,2026-07-31,-0.69,-0.01,-2.33,42.39,64.39,19.11
BIRLANU,1334.7,2026-07-31,-1.36,4.63,-2.33,-0.97,-15.01,-41.42
AEQUS,229.16,2026-07-31,-0.28,-4.66,-2.34,21.99,69.27,
PHANTOMFX,170.95,2026-07-30,-8.7,-7.07,-2.34,-12.22,-15.58,-42.28
MARKOLINES,176.35,2026-07-31,-1.13,2.17,-2.34,16.97,30.53,
SIMBHALS,6.67,2026-07-31,-2.63,-3.19,-2.34,-35.05,-27.5,-57.89
ICICIB22,115.79,2026-07-31,0.23,-0.58,-2.35,-6.97,-4.02,7.68
TALBROAUTO,407.75,2026-07-31,5.4,-2.11,-2.35,22.58,58.78,41.4
MOENERGY,38.94,2026-07-31,-0.03,-2.06,-2.36,-4.84,10.79,
VINATIORGA,1304.6,2026-07-31,-0.69,-1.08,-2.36,-1.34,-14.54,-28.41
RPPL,21.12,2026-07-31,-2.63,-4.17,-2.36,32.41,33.25,-16.02
SAGCEM,173.96,2026-07-31,-5.02,-4.12,-2.38,-3.48,-10.81,-28.61
STARCEMENT,202.78,2026-07-31,-0.02,-2.95,-2.38,-11.95,-7.4,-14.56
SGL,9.82,2026-07-31,-0.41,-1.11,-2.39,-17.62,-7.45,-26.93
PAGEIND,40375.0,2026-07-31,1.01,0.12,-2.41,10.19,23.29,-16.09
RALLIS,217.14,2026-07-31,-2.01,-9.48,-2.42,-17.29,-19.94,-41.58
BAGFILMS,4.42,2026-07-31,-4.12,-2.43,-2.43,-14.51,-20.79,-36.4
GROWWCAPM,11.22,2026-07-31,0.18,-2.01,-2.43,1.54,14.61,
JAIPURKURT,26.67,2026-07-31,0.08,0.57,-2.45,-17.79,-32.17,-37.36
GOACARBON,380.6,2026-07-31,1.13,3.89,-2.46,2.67,0.86,-21.95
VGL,62.2,2026-07-31,0.94,0.18,-2.48,4.41,0.63,-21.33
SATIN,239.81,2026-07-31,-8.3,-6.35,-2.48,36.13,51.44,65.09
ATL,23.24,2026-07-31,-1.86,-0.85,-2.48,-7.89,-5.64,-23.58
BBTC,1497.1,2026-07-31,0.03,-0.01,-2.48,-0.27,-12.09,-20.31
NIRAJ,28.95,2026-07-31,-0.07,0.28,-2.49,-0.45,-9.84,-43.12
DIVGIITTS,962.75,2026-07-31,0.04,5.35,-2.51,33.59,56.77,50.83
PARAS,1256.5,2026-07-31,2.88,4.14,-2.53,58.2,76.29,90.04
SYLVANPLY,53.7,2026-07-30,2.58,-7.41,-2.54,-11.24,7.19,-34.91
FRONTSP,1349.3,2026-07-31,-2.28,-3.81,-2.54,-5.28,,
MAXHEALTH,1098.5,2026-07-31,-1.44,-0.35,-2.55,10.82,15.01,-11.68
AURUM,219.92,2026-07-31,-4.25,-6.34,-2.55,20.62,23.84,13.44
AARTECH,46.44,2026-07-31,-1.63,-4.07,-2.56,-4.52,3.18,-29.35
SPCENET,3.42,2026-07-31,-0.58,-6.04,-2.56,-14.9,-40.87,-48.2
GSS,12.57,2026-07-31,5.72,0.8,-2.56,-8.85,-13.96,-59.33
SBIBPB,48.08,2026-07-31,-0.37,-3.34,-2.57,-1.68,-8.16,20.41
INOXINDIA,1908.0,2026-07-31,-3.92,-4.76,-2.57,31.11,71.2,63.19
SAIL,169.03,2026-07-31,3.94,3.93,-2.57,-8.44,11.84,37.8
SPMLINFRA,191.75,2026-07-31,-3.43,-7.35,-2.58,-7.58,12.76,-37.74
SANOFI,3318.0,2026-07-31,-1.51,-2.18,-2.59,-2.62,-16.29,-41.34
IRCTC,489.8,2026-07-31,-0.85,-2.96,-2.6,-9.22,-20.95,-31.58
RAMANEWS,28.39,2026-07-31,-0.46,-1.59,-2.61,-12.16,-7.19,-15.13
SURYALAXMI,60.84,2026-07-31,7.11,6.74,-2.62,3.22,8.62,-13.78
IZMO,992.9,2026-07-31,-10.06,-8.1,-2.62,39.96,65.68,169.08
DCW,46.19,2026-07-31,-2.08,-0.94,-2.63,-1.95,0.9,-39.66
DHAMPURSUG,135.48,2026-07-31,-5.66,-6.84,-2.63,-11.57,17.57,-1.61
SHREEPUSHK,396.75,2026-07-31,2.22,-3.64,-2.64,0.44,20.26,3.16
SCHAEFFLER,4079.2,2026-07-31,-2.54,-1.83,-2.64,-1.11,13.55,-0.22
NTPC,347.25,2026-07-31,-1.01,0.0,-2.64,-13.0,-1.72,6.63
KAMAHOLD,2511.1,2026-07-31,-1.27,-4.17,-2.68,0.33,,
VALIANTORG,266.7,2026-07-31,1.64,-0.17,-2.7,-2.16,10.71,-24.59
RCF,127.4,2026-07-31,0.89,0.13,-2.71,-1.4,-6.49,-14.98
UMIYA-MRO,88.81,2026-07-31,-1.12,-0.97,-2.72,2.32,1.0,8.57
UTTAMSUGAR,222.33,2026-07-31,-2.79,-5.28,-2.72,-13.37,2.72,-14.12
SUNTECK,302.3,2026-07-31,-2.72,-4.64,-2.72,-11.15,-24.44,-22.8
BHANDARI,2.86,2026-07-31,-0.35,-1.72,-2.72,-8.92,-27.78,-45.95
AMBIKCO,1711.8,2026-07-31,-0.08,0.09,-2.73,14.91,32.89,12.53
PREMIERENE,1022.2,2026-07-31,-1.7,-5.91,-2.74,0.47,42.1,-0.81
SUBROS,819.25,2026-07-31,3.97,1.76,-2.75,5.23,1.29,-3.93
MARATHON,389.7,2026-07-31,0.26,-1.78,-2.75,-17.14,-24.75,-45.09
SILVERBND,216.79,2026-07-31,-3.02,-0.89,-2.76,-8.96,,
KSHINTL,839.7,2026-07-31,-5.13,-6.06,-2.77,26.78,142.62,
SILVER1,20.96,2026-07-31,-2.83,-0.71,-2.78,-9.07,-92.7,-78.06
AURUS,4.54,2026-07-31,-4.22,-4.22,-2.78,-14.34,-3.61,-36.41
CYIENT,847.7,2026-07-31,2.73,-0.19,-2.78,-2.76,-25.52,-28.75
SPANDANA,261.1,2026-07-31,-1.84,-8.61,-2.79,14.53,3.98,-3.37
AXITA,7.32,2026-07-31,-1.21,-0.41,-2.79,-9.63,-14.34,-8.6
STYLEBAAZA,271.4,2026-07-31,-1.29,-6.41,-2.79,-30.17,-16.53,-1.88
EIFFL,313.75,2026-07-31,-0.79,-2.11,-2.8,28.07,22.39,30.21
PSB,23.19,2026-07-31,-2.93,-5.15,-2.81,-5.5,-15.4,-19.2
SHANTIGOLD,217.41,2026-07-31,0.23,2.4,-2.81,8.27,6.11,
GUJRAFFIA,39.65,2026-07-31,1.64,-0.1,-2.82,-3.15,-2.65,1.15
AJMERA,126.34,2026-07-31,0.13,-2.73,-2.82,1.64,-16.55,-29.22
PHOENIXLTD,1893.3,2026-07-31,-7.04,-8.71,-2.84,7.27,13.32,27.79
LOYALTEX,204.0,2026-07-31,0.03,1.49,-2.86,0.49,2.51,-43.65
CMPDI,239.83,2026-07-31,-5.37,-4.98,-2.86,32.65,,
MARSONS,110.04,2026-07-31,-1.63,-2.68,-2.86,-28.64,,
DCG,52.4,2026-07-30,-2.15,0.77,-2.87,-22.31,-13.53,-33.59
SILVER360,212.26,2026-07-31,-2.98,-0.69,-2.88,-9.11,-29.91,92.21
SAIFL,5.05,2026-07-30,-0.98,-0.98,-2.88,-40.59,-55.7,-83.31
SILVER,215.6,2026-07-31,-2.95,-0.65,-2.89,-9.04,-27.94,93.66
MOSILVER,213.69,2026-07-31,-2.73,-0.48,-2.9,-8.76,-30.24,
SAHLIBHFI,78.09,2026-07-31,-0.14,-1.28,-2.9,-4.48,,
SILVERAG,210.31,2026-07-31,-2.99,-0.67,-2.9,-9.14,-31.86,93.25
ESILVER,216.47,2026-07-31,-2.79,-0.54,-2.92,-8.72,-27.14,93.47
SILVERCASE,21.88,2026-07-31,-3.01,-0.64,-2.93,-9.21,-30.5,93.99
GROWWDEFNC,93.16,2026-07-31,-1.21,-0.38,-2.93,4.29,13.62,19.68
CSBBANK,329.9,2026-07-31,-2.18,-8.6,-2.93,-13.63,-24.69,-21.49
SILVERIETF,215.72,2026-07-31,-2.93,-0.54,-2.94,-9.01,-26.45,93.91
SILVERBETA,208.68,2026-07-31,-3.15,-0.62,-2.95,-9.09,-27.23,92.81
SILVERBEES,206.51,2026-07-31,-3.05,-0.66,-2.96,-9.23,-27.91,93.18
INSECTICID,641.2,2026-07-31,4.68,0.95,-2.97,-8.59,8.46,-40.01
DHANUKA,1021.9,2026-07-31,2.58,0.84,-2.97,-5.17,-8.48,-46.4
TAINWALCHM,197.14,2026-07-31,-3.41,-6.93,-2.98,-2.15,9.29,-14.53
SILVERADD,208.08,2026-07-31,-2.97,-0.67,-2.99,-9.18,-26.57,93.72
MANKIND,2469.6,2026-07-31,-3.21,-3.75,-2.99,9.92,16.27,-3.76
TATSILV,20.99,2026-07-31,-2.96,-0.57,-3.0,-9.17,-31.34,93.63
KRSNAA,527.45,2026-07-31,-2.7,-3.51,-3.01,-10.41,-25.93,-38.57
PTC,175.52,2026-07-31,5.53,1.46,-3.02,-15.49,3.62,-3.54
PASHUPATI,85.55,2026-07-31,-1.44,-1.91,-3.03,-2.95,6.99,23.9
NAHARINDUS,113.31,2026-07-31,-2.74,-2.63,-3.03,-3.48,16.25,-6.59
JSWINFRA,312.4,2026-07-31,-2.92,-10.35,-3.03,15.21,21.22,2.82
UCOBANK,26.17,2026-07-31,-1.84,-1.76,-3.04,-0.68,-8.88,-10.68
HARIOMPIPE,390.5,2026-07-31,-1.14,-2.34,-3.05,17.36,-5.65,-13.27
AVL,638.05,2026-07-31,2.26,0.12,-3.05,21.63,27.61,61.65
GANESHHOU,740.6,2026-07-31,-9.67,-9.42,-3.06,11.28,1.35,-16.7
INDBANK,32.35,2026-07-31,-2.27,-3.23,-3.06,-5.44,-9.21,-2.12
ANDHRAPAP,61.03,2026-07-31,-2.49,0.26,-3.07,-8.32,-5.98,-19.7
JAGSNPHARM,230.8,2026-07-31,0.52,3.49,-3.07,9.71,36.71,-18.2
MANORAMA,1604.5,2026-07-31,-3.28,0.21,-3.07,6.33,18.79,5.49
AONESILVER,8.28,2026-07-31,-2.82,-0.6,-3.07,-8.93,,
TEMBO,553.25,2026-07-31,0.17,1.14,-3.08,-8.55,1.69,9.32
SHREDIGCEM,72.31,2026-07-31,-1.19,-2.05,-3.08,-0.58,-1.67,-12.83
BONLON,40.34,2026-07-31,-0.52,-2.51,-3.08,-20.93,,
VESUVIUS,443.75,2026-07-31,-1.6,-5.04,-3.1,-14.52,-10.16,-13.7
ENERGY,38.85,2026-07-31,-0.44,-2.58,-3.12,-5.24,10.53,
HDFCSILVER,206.6,2026-07-31,-3.05,-0.8,-3.12,-9.29,-30.49,92.94
CYBERMEDIA,15.83,2026-07-31,-0.63,2.0,-3.12,-4.23,-5.44,-15.51
ASPINWALL,233.57,2026-07-31,-5.4,-7.13,-3.12,4.45,13.35,-16.4
CAPILLARY,497.35,2026-07-31,-7.09,2.91,-3.13,-9.8,-20.75,
MCL,53.3,2026-07-31,-0.06,1.25,-3.13,-8.97,-37.98,6.58
GICHSGFIN,147.68,2026-07-31,-0.39,-1.78,-3.14,0.17,-6.48,-18.85
HEMIPROP,134.32,2026-07-31,-0.61,-0.99,-3.14,4.84,3.6,6.26
SBISILVER,211.64,2026-07-31,-3.06,-0.71,-3.14,-9.12,-25.69,93.08
SHRITECH,62.95,2026-07-30,2.52,2.52,-3.15,3.28,22.59,-30.82
VPRPL,27.03,2026-07-31,-4.45,4.36,-3.15,-38.43,-39.05,-83.2
QUESTLAB,95.0,2026-07-30,2.21,-2.16,-3.16,-37.36,-3.94,-6.86
GROWWSLVR,21.16,2026-07-31,-2.98,-0.75,-3.16,-9.18,-93.44,-80.68
SABAR,6.1,2026-07-30,7.96,29.79,-3.17,18.45,1.67,31.18
MAL,33.55,2026-07-30,3.55,1.82,-3.17,-13.08,-26.75,-54.35
MAHAPEXLTD,44.92,2026-07-31,0.97,2.16,-3.17,-15.34,-51.28,-57.44
PENTAGON,54.95,2026-07-30,7.01,1.95,-3.17,-19.13,-16.74,-8.42
JUBLPHARMA,935.15,2026-07-31,-4.55,-8.19,-3.18,1.45,-4.27,-21.28
GARUDA,172.8,2026-07-31,0.27,-0.96,-3.19,2.53,11.57,-7.03
NHPC,78.73,2026-07-31,-1.24,-2.8,-3.2,-5.37,2.5,-3.14
JWL,259.2,2026-07-31,4.68,3.04,-3.21,-8.65,-19.85,-24.12
SMARTWORKS,470.5,2026-07-31,-2.99,-3.2,-3.22,8.79,1.69,10.58
IVP,152.0,2026-07-31,-0.49,-2.48,-3.22,9.38,5.75,-15.83
MUKTAARTS,56.8,2026-07-31,-2.91,6.57,-3.22,-6.3,-0.32,-31.09
SCHAND,142.74,2026-07-31,-3.46,-4.16,-3.22,-9.3,-8.69,-35.15
SPCL,67.4,2026-07-30,-3.44,0.22,-3.23,-16.27,-26.9,-39.14
INVENTURE,0.9,2026-07-31,-1.1,0.0,-3.23,-10.89,-18.18,-40.79
INGERRAND,4335.6,2026-07-31,-0.99,-4.98,-3.24,-1.42,30.27,14.32
KANANIIND,1.49,2026-07-31,-1.32,0.68,-3.25,-8.02,-3.87,-25.87
GUJAPOLLO,344.35,2026-07-31,-4.13,-1.15,-3.26,-20.42,-12.63,-29.68
EIHAHOTELS,309.95,2026-07-31,-1.12,-0.85,-3.27,-3.21,-5.67,-19.03
INDOWIND,9.18,2026-07-31,-0.43,-0.33,-3.27,-16.77,-22.6,-48.89
SILLYMONKS,15.62,2026-07-31,-5.9,-5.45,-3.28,-8.49,-18.81,-9.34
MOINFRA,60.6,2026-07-31,0.05,-0.53,-3.28,-5.09,3.77,2.76
V2RETAIL,219.33,2026-07-31,-1.85,-2.92,-3.29,10.41,9.91,18.05
LIBERTSHOE,260.4,2026-07-31,-3.2,-3.48,-3.29,2.88,4.37,-24.18
FDC,409.8,2026-07-31,-1.75,-1.94,-3.31,12.44,9.87,-13.42
WIPL,169.22,2026-07-31,0.09,0.4,-3.31,8.13,11.4,11.91
DRONE,39.35,2026-07-30,-1.63,1.16,-3.32,-24.03,-26.59,-60.65
UNIECOM,84.71,2026-07-31,-1.19,-1.79,-3.32,-8.51,-18.52,-29.26
MBLINFRA,24.99,2026-07-31,2.21,-0.72,-3.33,-2.99,-5.23,-40.36
WEALTH,929.95,2026-07-31,-3.02,-3.03,-3.34,-1.47,10.96,-22.29
HGM,50.31,2026-07-31,-3.99,2.9,-3.34,-5.93,-14.45,-7.99
SYSTANGO,214.45,2026-07-30,-0.21,-4.33,-3.36,-23.02,-20.55,-6.07
VOLTAMP,9923.0,2026-07-31,8.06,5.26,-3.36,-14.57,36.02,13.52
RUCHIRA,108.24,2026-07-31,-1.97,4.35,-3.36,-7.38,-7.08,-18.92
GMDCLTD,564.25,2026-07-31,0.37,-2.27,-3.37,-23.35,-2.34,45.98
NATHBIOGEN,159.18,2026-07-31,-3.46,-2.68,-3.39,-18.79,7.66,-11.63
HATHWAY,10.77,2026-07-31,-1.01,-2.8,-3.41,-2.18,1.6,-28.1
AHLWEST,541.15,2026-07-31,-4.89,-3.37,-3.41,49.6,275.41,275.41
COFFEEDAY,30.51,2026-07-31,0.39,-2.93,-3.42,15.57,0.33,-14.66
ROML,44.41,2026-07-31,-1.27,-1.35,-3.44,-1.64,-0.74,-12.46
SURANASOL,26.04,2026-07-31,-6.67,-0.65,-3.45,-6.8,10.39,-19.75
BAJAJST,396.4,2026-07-31,0.29,-1.49,-3.45,-12.58,,
AURIGROW,0.28,2026-07-30,0.0,0.0,-3.45,-17.65,-42.86,-54.1
MOHITIND,22.58,2026-07-31,-1.57,0.0,-3.46,-5.17,-6.69,-26.62
SRM,495.3,2026-07-31,-2.8,-0.9,-3.47,-2.26,9.91,4.87
VINCOFE,149.48,2026-07-31,-8.22,-5.95,-3.47,10.11,1.67,-3.43
VINYLINDIA,241.8,2026-07-31,-3.74,-1.97,-3.47,-3.29,14.79,-15.18
CLEAN,734.05,2026-07-31,0.79,0.58,-3.48,-10.38,-14.53,-39.59
ARCHIES,13.77,2026-07-31,-1.57,-1.64,-3.5,-6.58,-12.46,-29.99
MOREPENLAB,57.04,2026-07-31,0.67,-2.04,-3.52,37.91,57.09,-1.99
WONDERLA,477.7,2026-07-31,2.13,1.47,-3.52,-9.42,-4.43,-24.6
GRINFRA,884.1,2026-07-31,0.76,-4.18,-3.52,-5.67,-8.09,-27.24
AVANTIFEED,899.6,2026-07-31,-8.16,-13.01,-3.52,-34.84,12.86,33.88
TMPV,339.75,2026-07-31,3.69,0.98,-3.53,0.3,-2.14,-48.56
IMAGICAA,46.99,2026-07-31,2.78,1.73,-3.53,3.32,-7.45,-26.26
AUROIMPEX,26.0,2026-07-30,1.96,2.77,-3.53,-23.53,-29.35,-53.49
THOMASCOOK,104.27,2026-07-31,5.91,1.1,-3.53,11.46,-14.93,-38.26
BPL,53.33,2026-07-31,1.14,-5.02,-3.54,-4.56,-8.29,-34.59
LANDSMILL,0.81,2026-07-31,-1.22,9.46,-3.57,-14.74,-32.5,-31.93
VSTL,110.87,2026-07-31,-0.41,-0.96,-3.57,-13.9,-5.56,-31.79
BEEKAY,394.4,2026-07-31,-0.23,-2.62,-3.58,-9.39,,
KANSAINER,196.74,2026-07-31,-3.5,-2.22,-3.59,0.96,-13.51,-18.71
FIBERWEB,29.27,2026-07-31,-4.6,-8.19,-3.59,-21.74,-23.68,-39.54
RUCHINFRA,5.88,2026-07-31,-1.18,1.38,-3.61,-7.98,-2.33,-20.11
SHAHALLOYS,66.5,2026-07-31,0.26,-1.34,-3.61,-4.4,4.69,12.81
SAGARDEEP,24.24,2026-07-31,-2.88,1.89,-3.62,0.0,-5.75,-15.54
FORCEMOT,17902.0,2026-07-31,3.67,-0.04,-3.65,-10.06,-6.74,5.89
RTNPOWER,8.71,2026-07-31,0.93,-0.68,-3.65,-13.93,2.35,-31.79
MANGALAM,27.11,2026-07-31,-1.13,-0.66,-3.66,-8.04,-25.11,-69.42
RAMCOIND,326.4,2026-07-31,-3.1,-7.89,-3.67,22.51,3.26,11.63
AADHARHFC,496.7,2026-07-31,-1.06,-2.71,-3.67,1.66,1.1,-2.04
HATSUN,885.4,2026-07-31,1.23,-4.84,-3.68,-7.11,1.72,-2.28
YCCL,9.15,2026-07-30,-2.14,-6.15,-3.68,-6.63,-17.94,-27.95
INDIGO,5171.0,2026-07-31,-1.13,-1.11,-3.68,20.39,12.5,-12.36
VILINBIO,40.5,2026-07-30,-4.93,-8.68,-3.69,4.25,15.71,54.29
HONAUT,38155.0,2026-07-31,1.68,-0.16,-3.7,23.31,14.65,-1.31
PRABHA,147.91,2026-07-31,4.15,1.8,-3.7,-8.5,-1.39,-43.69
LAKPRE,4.93,2026-07-30,-1.4,-6.1,-3.71,-0.6,-4.83,-12.74
FOSECOIND,5133.5,2026-07-31,1.93,-0.07,-3.71,9.33,14.86,-4.68
VENUSPIPES,1666.1,2026-07-31,-1.3,-2.09,-3.72,20.93,62.69,19.31
NORTHARC,287.0,2026-07-31,-4.37,-5.99,-3.72,9.49,5.36,22.21
NATCAPSUQ,143.28,2026-07-31,-3.08,2.31,-3.75,-7.24,-12.61,-32.57
INDOAMIN,127.48,2026-07-31,-0.49,5.62,-3.75,12.94,12.89,-14.74
SINCLAIR,72.86,2026-07-31,-1.07,-1.63,-3.8,-8.33,-4.71,-29.47
HITECH,84.65,2026-07-31,-2.41,-3.01,-3.8,-8.16,13.65,-6.07
MODTHREAD,47.88,2026-07-31,-2.82,0.76,-3.8,4.2,11.69,-7.37
INA,111.78,2026-07-31,-0.23,-6.15,-3.8,-24.05,,
GROWW,194.37,2026-07-31,-2.51,-4.45,-3.81,-9.59,9.79,
SONAL,89.45,2026-07-31,-0.7,0.51,-3.82,-14.32,,
ASAL,500.2,2026-07-31,0.39,-6.28,-3.82,-2.3,10.14,2.13
PRAKASHSTL,4.0,2026-07-31,-1.48,-0.99,-3.85,-15.07,-15.43,-31.62
20MICRONS,192.46,2026-07-31,-5.66,-6.7,-3.86,9.47,10.48,-17.41
IRCON,125.99,2026-07-31,-0.39,-2.82,-3.88,-17.22,-22.57,-27.99
CCAVENUE,15.85,2026-07-31,-5.26,-8.01,-3.88,15.36,-2.64,1.15
FINKURVE,62.73,2026-07-31,1.97,-0.29,-3.88,-13.07,-23.45,
ROSSARI,504.3,2026-07-31,-3.01,-2.75,-3.91,5.39,-10.56,-28.41
THEMISMED,105.22,2026-07-31,-2.51,-7.06,-3.95,6.61,31.23,-1.63
CERA,6126.0,2026-07-31,-1.28,-0.92,-3.95,17.97,23.93,-5.32
KRISHCA,165.2,2026-07-30,0.27,0.06,-3.95,-7.27,-7.22,-30.63
LGEINDIA,1490.5,2026-07-31,-2.38,-5.45,-3.96,-6.43,1.91,
USK,22.25,2026-07-31,1.55,1.32,-3.97,-7.29,6.82,-36.63
MCLOUD,29.29,2026-07-31,9.05,2.81,-3.97,7.57,30.58,-65.28
BIL,740.6,2026-07-31,-0.7,-0.66,-3.97,-3.37,-5.04,-21.77
HONDAPOWER,2093.9,2026-07-31,-1.43,-0.34,-3.99,-9.32,2.92,-24.33
MASON,120.0,2026-07-30,-4.19,-0.7,-4.0,-13.29,-31.03,-41.18
ADVANIHOTR,51.06,2026-07-31,-2.28,-1.33,-4.0,-4.46,-8.53,-11.8
RHL,168.5,2026-07-31,-0.08,-1.35,-4.0,-8.89,-4.04,-38.7
JAINAM,240.0,2026-07-30,2.13,-2.83,-4.0,-1.64,1.89,-2.02
FELIX,178.3,2026-07-30,0.39,-5.11,-4.01,-18.71,-7.62,-6.28
GREENPLY,284.75,2026-07-31,-3.39,-11.44,-4.01,6.51,26.5,-11.54
AHLUCONT,821.4,2026-07-31,-1.11,-2.76,-4.02,-7.81,-4.93,-19.63
MANAKSIA,55.73,2026-07-31,-0.52,-3.81,-4.05,-5.8,-12.72,-27.01
ARIHANTACA,450.0,2026-07-30,-3.23,-4.26,-4.05,-6.25,-1.1,34.3
SRF,2622.5,2026-07-31,-0.34,-8.5,-4.07,4.32,-6.7,-13.43
CRIZAC,195.13,2026-07-31,0.08,4.89,-4.08,-7.09,-19.73,-39.44
NDTV,77.1,2026-07-31,-0.41,-3.67,-4.09,-1.96,-5.77,-43.94
TATAELXSI,3672.9,2026-07-31,3.33,3.85,-4.09,-9.47,-29.77,-38.64
HARSHA,401.05,2026-07-31,-1.16,-4.77,-4.1,4.08,7.27,-2.75
MWL,36.0,2026-07-31,0.28,-2.09,-4.11,2.71,31.09,91.65
AYE,166.52,2026-07-31,-0.17,-2.89,-4.13,25.74,,
ENSER,13.9,2026-07-30,-3.81,9.88,-4.14,-11.18,3.73,-23.63
CAPLIPOINT,2516.8,2026-07-31,-3.99,-5.0,-4.16,47.56,42.16,22.2
CROMPTON,260.2,2026-07-31,4.46,0.47,-4.16,-3.32,18.91,-18.47
VINDHYATEL,1985.9,2026-07-31,4.11,10.98,-4.16,45.53,63.18,26.38
KILITCH,186.59,2026-07-31,3.17,4.74,-4.18,21.15,18.87,-15.38
EASEMYTRIP,6.61,2026-07-31,-3.08,-3.5,-4.2,-15.9,4.75,-32.69
ELDEHSG,771.8,2026-07-31,-0.3,0.38,-4.21,-6.83,-10.64,5.27
BASML,26.87,2026-07-31,-0.44,1.7,-4.21,9.23,10.26,-11.64
NFL,71.47,2026-07-31,0.61,-1.0,-4.23,-8.27,-13.65,-25.66
GUFICBIO,389.85,2026-07-31,1.99,-0.99,-4.23,36.98,26.88,-1.8
HUDCO,195.1,2026-07-31,-2.88,-2.76,-4.23,-11.1,3.79,-4.92
CAMLINFINE,127.74,2026-07-31,0.28,3.05,-4.23,0.63,-12.07,-52.24
XELPMOC,81.25,2026-07-31,2.43,-1.12,-4.24,-20.38,-39.62,-9.6
SYSTMTXC,61.25,2026-07-31,2.08,-2.08,-4.24,-13.23,-28.95,
BLAL,172.75,2026-07-31,-2.74,-4.48,-4.25,-9.6,-9.05,-17.26
GANGESSECU,113.13,2026-07-31,-3.1,-2.4,-4.26,-11.33,-5.01,-28.24
MUFTI,81.52,2026-07-31,-3.24,-4.07,-4.27,4.82,-10.64,-49.4
NEPHROCARE,62.85,2026-07-30,-0.24,-3.68,-4.27,-21.19,-37.28,-56.8
BAJAJHCARE,336.45,2026-07-31,5.26,-12.96,-4.27,4.57,-2.77,-30.69
GARFIBRES,732.9,2026-07-31,-2.67,-5.32,-4.28,19.22,11.96,-17.42
TVSSRICHAK,3931.1,2026-07-31,-1.04,-3.85,-4.29,0.97,-3.45,30.78
VSCL,29.0,2026-07-30,0.0,0.0,-4.29,14.17,35.83,-3.33
DBL,429.2,2026-07-31,-3.26,5.83,-4.3,-7.66,-6.34,-10.6
NAGREEKCAP,23.35,2026-07-31,2.73,1.35,-4.3,-25.4,-12.22,-10.23
DENEERS,183.0,2026-07-30,-3.86,-7.81,-4.31,5.48,24.32,-41.9
ELGIEQUIP,569.65,2026-07-31,-1.59,-3.12,-4.31,3.4,32.72,0.7
TVSELECT,489.3,2026-07-31,-0.95,-4.61,-4.34,5.98,22.34,20.24
SADBHIN,2.64,2026-07-31,13.79,11.86,-4.35,-2.58,-20.96,-35.45
HISARMETAL,147.29,2026-07-31,0.8,-3.4,-4.36,-3.76,-7.59,-28.45
SUPREME,45.72,2026-07-31,2.56,0.4,-4.37,-10.49,-21.23,-35.32
FABTECH,149.46,2026-07-31,0.38,-1.28,-4.37,-11.37,-8.27,
NAVKARCORP,102.72,2026-07-31,-1.39,-1.52,-4.38,2.36,6.39,-22.19
KCP,161.57,2026-07-31,-0.6,-4.99,-4.38,-10.29,-8.05,-20.06
RVNL,225.48,2026-07-31,0.68,-0.61,-4.39,-24.25,-34.13,-34.69
CYBERTECH,140.27,2026-07-31,1.02,-1.26,-4.4,10.7,9.26,3.06
EFFWA,360.8,2026-07-30,-5.03,-1.61,-4.41,47.54,73.34,57.21
COALINDIA,414.15,2026-07-31,-1.83,-2.26,-4.41,-12.83,-3.52,19.35
GREENPOWER,9.95,2026-07-31,-0.4,-2.45,-4.42,-20.65,-4.23,-29.13
UNITEDPOLY,30.69,2026-07-31,2.1,4.71,-4.42,0.82,2.75,0.69
EDELWEISS,115.47,2026-07-31,-1.23,-5.43,-4.42,1.07,8.13,13.2
RUSTOMJEE,399.85,2026-07-31,-2.38,-3.38,-4.42,1.73,-19.79,-35.66
MICEL,38.37,2026-07-31,5.38,2.73,-4.43,-11.12,-9.89,-25.6
ARVINDFASN,450.0,2026-07-31,-2.95,-5.21,-4.45,1.55,-4.41,-19.0
BLS,239.4,2026-07-31,0.8,1.51,-4.47,-13.98,-6.34,-36.38
ANURAS,1207.8,2026-07-31,-1.27,-4.74,-4.48,-10.12,-3.01,6.56
GREENCHEF,49.0,2026-07-30,4.03,0.41,-4.48,-2.0,9.87,-21.85
MINDTECK,193.86,2026-07-31,-0.42,-3.45,-4.5,-4.16,-14.4,-4.62
ICRA,4903.5,2026-07-31,3.34,-3.92,-4.5,-7.67,-20.62,-24.47
URAVIDEF,113.0,2026-07-31,-0.88,-2.11,-4.5,-18.59,-40.21,-77.47
ASHOKAMET,14.18,2026-07-31,-0.63,-1.6,-4.51,-13.17,2.83,-19.02
POCL,525.1,2026-07-31,0.44,-6.35,-4.52,-4.72,10.13,10.83
DAMODARIND,28.54,2026-07-31,1.93,-2.26,-4.52,-10.76,13.3,-21.4
MCCHRLS-B,671.3,2026-07-31,-3.96,-4.31,-4.52,-1.62,,
RANASUG,11.81,2026-07-31,-0.25,-0.51,-4.53,-15.28,8.25,-18.04
SCI,291.45,2026-07-31,2.7,3.85,-4.54,-4.28,31.03,42.61
WEBELSOLAR,96.69,2026-07-31,-2.34,-5.53,-4.54,-12.62,18.78,-27.62
AKCAPIT,1693.3,2026-07-31,-3.22,-7.45,-4.55,7.66,,
INFOMEDIA,5.43,2026-07-31,-0.37,-7.81,-4.57,-3.21,-5.24,-17.85
SHRIRAMPPS,84.03,2026-07-31,-1.71,-5.28,-4.57,-0.56,13.14,-7.12
MGL,1120.5,2026-07-31,2.05,2.71,-4.57,-1.33,7.55,-15.5
MIDWESTLTD,1194.1,2026-07-31,-3.71,-6.07,-4.58,-3.79,-9.65,
MADHAV,34.8,2026-07-31,2.99,1.16,-4.58,-11.41,-4.97,-22.7
CORDSCABLE,201.53,2026-07-31,-1.49,-2.65,-4.58,12.25,23.81,8.29
SURAJLTD,219.42,2026-07-31,0.13,-3.97,-4.58,-7.43,-1.83,-37.97
GRSE,2601.2,2026-07-31,-1.75,1.54,-4.59,-11.25,-5.64,0.29
BHARATGEAR,126.22,2026-07-31,-0.99,6.6,-4.59,17.7,12.23,35.14
CANFINHOME,820.6,2026-07-31,0.96,-4.26,-4.59,-4.29,-11.19,10.97
MAZDOCK,2381.8,2026-07-31,2.21,1.5,-4.6,-12.86,-7.14,-13.52
MURUDCERA,30.62,2026-07-31,-0.13,0.76,-4.61,-7.99,-6.19,-28.18
LATTEYS,19.98,2026-07-31,-0.1,-3.62,-4.63,-4.54,-4.45,-6.9
TOUCHWOOD,66.24,2026-07-31,-1.13,-1.88,-4.65,-9.64,-29.12,-30.83
ALANKIT,7.78,2026-07-31,-1.27,-1.52,-4.66,-15.62,-16.52,-48.54
AGROPHOS,29.25,2026-07-31,1.85,-2.04,-4.66,-7.44,-20.04,-32.24
YATHARTH,818.45,2026-07-31,-3.02,-3.59,-4.68,-0.19,39.38,27.1
PRITI,37.24,2026-07-31,0.35,-1.09,-4.68,-18.15,-27.09,-56.38
DATAPATTNS,4281.0,2026-07-31,-6.51,7.51,-4.7,5.11,60.58,62.94
JAYKAY,167.36,2026-07-31,-0.38,-0.21,-4.71,-8.04,-1.62,
VETO,121.38,2026-07-31,0.2,-4.9,-4.71,12.01,22.31,-9.18
CRAYONS,27.3,2026-07-30,8.12,2.63,-4.71,-15.61,-32.34,-51.77
RUPA,161.05,2026-07-31,-1.8,-3.21,-4.72,6.08,7.45,-23.09
ACMESOLAR,362.6,2026-07-31,0.06,-3.96,-4.72,19.73,60.74,30.43
ABSMARINE,221.0,2026-07-30,0.14,-2.73,-4.72,-1.95,22.64,5.39
MONQ50,137.56,2026-07-31,-3.24,-2.52,-4.72,11.76,39.63,73.27
MAITHANALL,983.7,2026-07-31,1.8,-2.84,-4.73,1.0,-1.11,-9.27
BEACON,88.5,2026-07-30,-2.21,-4.99,-4.74,-15.31,2.31,56.5
DCMFINSERV,5.22,2026-07-31,-0.76,1.16,-4.74,10.59,30.5,-16.88
SELMC,27.7,2026-07-31,0.07,-3.52,-4.75,-14.51,-2.98,-11.56
HDFCLIFE,548.5,2026-07-31,-0.79,-2.86,-4.75,-6.21,-24.7,-27.14
SANWARIA,0.2,2026-07-31,0.0,-4.76,-4.76,0.0,-23.08,-42.86
HCL-INSYS,11.39,2026-07-31,-0.87,-3.72,-4.77,-6.41,-12.25,-25.07
PTL,39.42,2026-07-31,0.0,-0.38,-4.78,1.05,4.11,6.3
CENTRALBK,30.97,2026-07-31,-0.9,-3.37,-4.8,-13.57,-15.9,-12.63
RITEZONE,18.85,2026-07-30,-8.05,-16.78,-4.8,-26.8,-2.08,-33.86
NCC,141.08,2026-07-31,-0.75,0.87,-4.81,-13.89,-3.65,-34.55
BIRLAMONEY,134.84,2026-07-31,2.76,-0.6,-4.81,-7.83,8.34,-21.14
TUNWAL,26.65,2026-07-30,1.72,0.19,-4.82,-15.4,-7.63,-9.82
GICL,17.17,2026-07-31,5.79,2.57,-4.82,-57.93,-61.07,-85.79
NIITLTD,95.76,2026-07-31,0.72,-2.83,-4.83,37.02,28.19,-16.44
SECURKLOUD,18.07,2026-07-31,3.2,2.38,-4.84,-20.88,-15.48,-25.52
CAMPUS,222.35,2026-07-31,2.02,-0.59,-4.84,-9.79,-11.56,-16.17
SIYSIL,602.3,2026-07-31,-3.59,-5.83,-4.84,7.43,17.95,-1.75
RELIABLE,139.74,2026-07-31,0.37,-5.79,-4.85,4.23,-14.0,84.76
TREJHARA,134.76,2026-07-31,-2.35,-0.19,-4.86,-11.96,-30.29,-38.25
NITINSPIN,544.2,2026-07-31,0.81,-1.0,-4.86,17.82,64.91,49.3
IPL,154.15,2026-07-31,2.85,2.95,-4.88,2.63,-1.95,-32.79
JSWENERGY,554.65,2026-07-31,0.9,-2.3,-4.89,-0.82,21.04,8.05
BCG,9.33,2026-07-31,-1.48,-2.51,-4.89,-1.89,1.41,-31.3
URJA,9.09,2026-07-31,-0.11,-1.73,-4.92,-20.47,-10.36,-35.26
SKFINDUS,2739.9,2026-07-31,0.95,3.93,-4.92,25.19,1.06,
INSPIRISYS,99.0,2026-07-31,-0.34,-1.14,-4.93,19.28,17.3,-7.06
PRIMESECU,276.9,2026-07-31,0.87,-1.56,-4.94,-2.07,0.4,-2.72
MOTOGENFIN,26.95,2026-07-31,-1.61,-1.1,-4.94,10.45,22.89,2.82
FIRSTCRY,212.26,2026-07-31,-0.59,0.67,-4.94,-11.27,-23.26,-38.18
LT,3938.9,2026-07-31,3.49,2.61,-4.94,-0.91,1.15,9.37
BANCOINDIA,637.25,2026-07-31,1.78,-3.69,-4.94,3.02,8.86,10.19
PITTIENG,924.5,2026-07-31,-0.67,-0.97,-4.94,-5.44,17.64,-1.89
MICROPRO,18.3,2026-07-30,-8.27,-5.91,-4.94,-2.4,-3.68,-18.67
VHL,3398.0,2026-07-31,-3.01,-4.23,-4.95,0.63,4.46,-14.95
APOLSINHOT,1200.0,2026-07-31,0.08,-0.31,-4.99,3.53,-8.45,-13.15
KHAITANLTD,129.5,2026-07-31,-1.02,4.35,-4.99,4.23,35.93,9.15
FEL,0.38,2026-07-31,2.7,0.0,-5.0,-17.39,-15.56,-34.48
MIRZAINT,33.27,2026-07-31,-5.32,-12.72,-5.0,1.96,-11.94,-0.06
QUINT,39.3,2026-07-31,5.22,0.51,-5.0,-4.38,,
ZFSTEERING,663.95,2026-07-31,-3.27,-0.2,-5.02,-17.48,,
PIRAMALFIN,2055.5,2026-07-31,0.52,-4.73,-5.02,3.43,18.56,
IL&FSTRANS,2.08,2026-07-31,-1.89,-2.8,-5.02,-11.11,-23.81,-37.35
MALLCOM,982.2,2026-07-31,-1.72,-5.02,-5.03,-10.12,-10.8,-24.54
SAMPANN,26.56,2026-07-31,-3.91,-1.45,-5.04,-3.45,-19.73,-13.93
DEVX,33.94,2026-07-31,-0.64,-0.21,-5.04,-20.24,-11.22,
NOVAAGRI,23.12,2026-07-31,-0.22,0.96,-5.05,-19.39,-31.66,-57.68
TBI,62.6,2026-07-30,-1.42,-5.08,-5.08,-6.85,-14.66,-42.75
GOYALALUM,6.52,2026-07-31,0.93,-0.91,-5.09,-8.04,-16.62,-12.83
BRNL,17.51,2026-07-31,-0.45,0.0,-5.09,-15.7,-19.68,-15.0
EUROBOND,158.29,2026-07-31,-0.44,-3.22,-5.1,-8.49,-9.78,-26.6
BAJAJHIND,16.75,2026-07-31,-1.06,-2.84,-5.1,-17.49,2.07,-28.23
MCX,2692.2,2026-07-31,-2.28,-4.46,-5.11,-9.4,6.5,75.65
WOMANCART,102.0,2026-07-30,2.05,13.21,-5.12,-19.05,-48.34,-53.48
GLOBECIVIL,39.04,2026-07-31,-2.76,-2.69,-5.13,-18.92,-25.01,-52.46
WPIL,464.3,2026-07-31,5.0,1.33,-5.15,7.5,,
EMKAYTOOLS,91.0,2026-07-30,-0.05,-2.2,-5.16,-16.32,-4.21,-54.53
GROWWPOWER,11.56,2026-07-31,-1.45,-2.94,-5.17,-5.63,20.17,
NINSYS,782.1,2026-07-31,-7.47,-12.93,-5.18,50.49,129.59,81.59
GPIL,242.4,2026-07-31,1.96,-0.7,-5.18,-18.19,-2.45,25.44
PRECAM,140.29,2026-07-31,0.31,-0.52,-5.19,-11.01,-3.91,-21.81
DEVIT,27.03,2026-07-31,3.64,0.3,-5.19,-13.2,-11.98,-39.37
SUVIDHAA,2.55,2026-07-31,5.81,0.0,-5.2,-12.37,-18.53,-45.97
JARO,467.85,2026-07-31,-2.24,-4.67,-5.2,12.33,-6.76,
SHBAJRG,181.2,2026-07-31,-0.68,-5.76,-5.23,6.28,,
SHREEKARNI,405.0,2026-07-30,-4.03,-1.22,-5.24,-8.78,-7.95,-27.6
BALAJITELE,83.61,2026-07-31,-0.23,-4.61,-5.27,-15.11,-0.13,-8.31
JTLIND,75.39,2026-07-31,3.02,0.48,-5.28,-5.17,5.56,5.93
ZODIACLOTH,76.39,2026-07-31,0.73,-0.42,-5.28,-1.9,-6.43,-28.36
FACT,826.65,2026-07-31,0.87,-0.55,-5.29,-8.07,1.21,-12.08
ATAM,64.44,2026-07-31,-2.48,-4.38,-5.3,-5.98,-13.11,-34.17
MARKSANS,258.35,2026-07-31,-1.92,-3.22,-5.3,39.93,57.67,13.99
BALAJEE,27.33,2026-07-31,0.74,-3.73,-5.3,-14.22,-15.83,-48.59
MAFATIND,133.63,2026-07-31,0.29,0.34,-5.3,-0.41,,
VIKRAN,72.19,2026-07-31,0.5,-0.23,-5.3,-0.12,-18.45,
HBSL,48.0,2026-07-31,-0.46,-0.54,-5.31,-23.87,-22.87,-40.25
MEESHO,182.19,2026-07-31,0.05,-1.87,-5.31,-5.66,4.62,
NAVNETEDUL,134.1,2026-07-31,-7.22,-9.13,-5.31,-6.62,-5.23,-7.23
BHARATRAS,1280.3,2026-07-31,0.51,-2.51,-5.31,-7.54,-31.41,-53.71
STCINDIA,120.5,2026-07-31,1.77,0.96,-5.32,2.31,0.15,-4.06
GOKUL,39.05,2026-07-31,-1.41,-2.74,-5.33,-1.51,8.02,-10.82
ARVEE,156.72,2026-07-31,-0.98,-0.81,-5.33,-6.71,-0.1,-9.45
RETAIL,16.48,2026-07-31,-5.88,-2.08,-5.34,-15.88,-35.55,-53.17
MUKKA,22.54,2026-07-31,-0.35,-4.09,-5.37,-6.2,-3.26,-20.75
MFSL,1499.0,2026-07-31,-0.8,-2.86,-5.37,-5.47,-7.1,-0.16
MIDHANI,396.0,2026-07-31,-0.28,-3.31,-5.37,1.56,5.81,0.48
MONTECARLO,523.0,2026-07-31,-4.36,-2.23,-5.37,-6.88,-7.65,-7.29
PGHH,8594.0,2026-07-31,-4.44,-1.48,-5.39,-15.3,-25.75,-36.05
NCLIND,182.14,2026-07-31,-1.86,-2.23,-5.4,3.64,0.25,-15.59
PRAMARA,127.85,2026-07-30,-0.66,-5.51,-5.4,-62.82,-63.56,-40.23
TRIDENT,24.71,2026-07-31,-1.48,-2.37,-5.4,-2.88,-3.03,-15.9
SEIL,205.09,2026-07-31,-0.0,-3.18,-5.41,6.96,,
DTIL,130.87,2026-07-31,-0.8,-5.08,-5.43,-5.4,-9.86,-31.66
BSE,3646.2,2026-07-31,3.09,-0.05,-5.43,0.42,30.7,50.61
MAHSEAMLES,565.35,2026-07-31,-1.99,-3.31,-5.43,-11.66,8.7,-18.13
GLOBE,2.09,2026-07-31,-2.79,-2.34,-5.43,-15.73,-18.99,-7.93
SICAGEN,49.71,2026-07-31,-2.41,-3.76,-5.44,-7.17,,
YATRA,106.48,2026-07-31,-3.77,-1.78,-5.46,0.89,-28.0,9.4
MBEL,293.65,2026-07-31,-1.11,-7.48,-5.47,-11.57,-7.5,
LAXMIDENTL,212.69,2026-07-31,-2.46,-5.14,-5.48,6.89,12.53,-49.61
BI,58.89,2026-07-31,0.74,-5.05,-5.49,-1.44,,
ERIS,1354.7,2026-07-31,-3.48,-7.42,-5.5,2.95,-0.98,-24.29
CMRSL,67.45,2026-07-30,3.61,7.49,-5.53,-7.6,-9.77,-19.29
RAMKY,379.2,2026-07-31,1.07,-1.47,-5.55,-24.74,-20.29,-35.42
MEIL,284.05,2026-07-31,-5.62,-5.77,-5.55,-5.12,9.88,
AHLADA,36.96,2026-07-31,1.2,-4.42,-5.55,-18.55,-26.93,-39.73
CUBEXTUB,76.28,2026-07-31,-1.49,-3.31,-5.55,-22.4,-40.51,-14.43
BALMLAWRIE,172.2,2026-07-31,-2.52,-3.95,-5.56,-8.4,2.48,-13.0
IITL,127.68,2026-07-31,-3.7,-0.36,-5.56,-23.13,-10.68,-19.13
ADANIPOWER,211.31,2026-07-31,-1.24,-3.94,-5.57,-4.75,56.09,79.65
GTL,7.29,2026-07-31,-0.95,1.39,-5.57,-1.22,3.99,-22.03
INDIASHLTR,726.5,2026-07-31,-0.2,-10.88,-5.57,-9.08,-8.28,-19.72
SEYAIND,12.35,2026-07-31,1.4,-2.37,-5.58,-11.09,-24.97,-33.42
TTL,6.42,2026-07-31,2.39,-0.62,-5.59,-20.15,-12.53,-50.54
INDRAMEDCO,366.35,2026-07-31,-0.61,-2.19,-5.59,-8.88,0.88,-21.32
INDIAMART,1799.8,2026-07-31,2.28,-6.89,-5.59,-11.97,-15.9,-28.48
NKIND,57.63,2026-07-31,-3.16,-5.21,-5.6,-13.18,-8.52,-9.61
ZFCVINDIA,2417.9,2026-07-31,5.17,3.39,-5.61,-1.13,-3.05,10.37
JAYSREETEA,81.96,2026-07-31,1.78,0.52,-5.62,-9.48,0.36,-23.22
COCHINSHIP,1423.0,2026-07-31,1.48,1.09,-5.63,-17.91,-14.07,-19.16
BALUFORGE,440.35,2026-07-31,0.14,-1.37,-5.63,-18.66,4.32,-28.68
DISHTV,2.85,2026-07-31,-0.7,-3.06,-5.63,-25.39,-18.1,-47.22
HGINFRA,538.55,2026-07-31,-0.23,-3.8,-5.63,-9.49,-16.08,-48.04
TEXMOPIPES,42.88,2026-07-31,-1.36,-1.06,-5.63,-8.22,-4.77,-29.55
JBMA,658.35,2026-07-31,-1.0,-1.86,-5.65,4.48,16.72,3.23
ANLON,605.0,2026-07-30,-3.93,-9.43,-5.65,12.21,62.85,36.57
NIPPOBATRY,322.35,2026-07-31,-3.31,-1.53,-5.65,-3.37,-13.57,-28.93
HDIL,1.67,2026-07-31,0.6,-0.6,-5.65,-19.71,-16.5,-39.27
LAHOTIOV,41.01,2026-07-31,-6.69,-3.71,-5.66,-16.05,,
BRIGHOTEL,59.45,2026-07-31,-0.9,-3.79,-5.69,-11.6,-2.28,-30.32
CHEMCON,175.51,2026-07-31,-1.39,-3.64,-5.73,12.74,1.37,-25.67
NTPCGREEN,90.03,2026-07-31,-3.91,-2.12,-5.73,-18.04,4.48,-13.66
JKLAKSHMI,564.65,2026-07-31,-1.66,-1.2,-5.74,-11.47,-26.42,-41.21
NPST,1525.6,2026-07-31,-2.02,-0.31,-5.75,27.9,26.38,-31.26
RPOWER,23.41,2026-07-31,-1.47,-3.74,-5.76,-18.18,-17.13,-55.6
SAYAJIHOTL,290.25,2026-07-31,-3.12,-3.25,-5.76,4.78,,
LPDC,6.05,2026-07-31,-0.98,-3.04,-5.76,-19.76,-5.91,-26.84
GLFL,5.89,2026-07-31,11.98,11.34,-5.76,-18.42,32.66,-9.94
STAR,1025.0,2026-07-31,-1.27,-2.8,-5.77,-0.68,17.42,17.81
SALONA,243.9,2026-07-31,-0.71,-4.69,-5.78,-7.28,-2.03,-4.91
IRIS,248.2,2026-07-31,1.62,2.77,-5.79,3.27,-19.62,-32.76
TRF,225.93,2026-07-31,-2.9,-7.16,-5.8,-14.41,-22.37,-33.95
BEL,387.85,2026-07-31,-4.74,-4.97,-5.82,-10.07,-13.25,1.91
YESBANK,22.77,2026-07-31,-0.74,-0.7,-5.83,14.25,6.35,20.35
JYOTISTRUC,10.8,2026-07-31,-1.28,-3.31,-5.84,-18.24,12.03,-35.87
RADIANTCMS,36.35,2026-07-31,-0.79,-4.01,-5.85,-13.18,-18.66,-33.76
MANINFRA,98.08,2026-07-31,-0.3,-2.45,-5.86,-18.01,-10.37,-43.22
VEDL,264.25,2026-07-31,-0.15,0.92,-5.88,-2.69,-60.58,-34.56
KPIL,1289.6,2026-07-31,-0.68,-2.55,-5.88,3.97,13.63,13.29
AGRITECH,109.63,2026-07-31,-2.1,0.46,-5.89,-2.12,-24.43,-23.74
BCPL,69.07,2026-07-31,-2.37,-2.21,-5.89,-18.1,,
KANDARP,94.1,2026-07-30,-2.69,-0.95,-5.9,-37.89,-36.42,13.85
OMFREIGHT,89.66,2026-07-31,-2.44,-3.46,-5.9,9.37,-2.33,
BLACKROSE,110.76,2026-07-31,9.92,13.93,-5.91,30.69,,
TATACHEM,673.55,2026-07-31,-3.63,-2.89,-5.92,-15.46,-8.28,-30.39
DOLATALGO,68.17,2026-07-31,-0.32,-0.8,-5.95,-11.96,-13.73,-24.57
KSR,29.69,2026-07-31,4.14,-0.97,-5.96,-12.16,7.42,
PROLIFE,71.25,2026-07-30,0.0,-5.0,-6.0,15.01,17.19,-52.38
INDOTHAI,213.43,2026-07-31,-3.03,-2.57,-6.0,-25.85,-11.33,12.33
PARACABLES,64.88,2026-07-31,3.15,0.05,-6.0,64.54,94.48,16.09
VIAZ,61.0,2026-07-30,0.0,1.67,-6.01,-3.1,-6.15,-6.37
AMRUTANJAN,515.0,2026-07-31,0.32,-5.79,-6.01,-9.84,-11.64,-21.49
RATNAMANI,2358.9,2026-07-31,-1.89,-7.58,-6.02,-10.82,6.41,-10.42
CMSINFO,263.7,2026-07-31,-3.26,-5.48,-6.02,-9.18,-15.65,-41.96
HEADSUP,6.53,2026-07-31,-7.9,-3.26,-6.04,-10.3,-20.85,-31.19
ROHLTD,312.85,2026-07-31,-2.95,-1.63,-6.05,-8.92,-12.82,-25.87
RTNINDIA,31.34,2026-07-31,-2.15,-2.31,-6.06,-11.77,-13.45,-42.27
VASCONEQ,31.95,2026-07-31,-1.78,-3.91,-6.06,-22.56,-22.71,-40.75
GMBREW,898.3,2026-07-31,-0.81,-2.62,-6.06,-5.22,-6.88,31.55
SURANI,100.5,2026-07-30,7.54,-5.19,-6.07,-21.42,63.95,5.57
INFOLLION,160.15,2026-07-30,0.88,-5.21,-6.07,-26.6,-55.7,-63.77
GMRAIRPORT,105.26,2026-07-31,-2.54,-5.63,-6.09,9.16,12.11,16.88
GNFC,510.3,2026-07-31,-0.71,0.73,-6.09,8.74,9.32,-2.37
KPIGREEN,373.75,2026-07-31,-4.76,-9.49,-6.1,-16.56,-5.56,-26.98
ORIENTHOT,131.65,2026-07-31,-4.15,-7.93,-6.1,33.15,30.29,-8.01
DEN,27.41,2026-07-31,0.15,1.48,-6.1,-1.15,-2.52,-25.94
KIOCL,365.55,2026-07-31,2.87,-1.68,-6.11,-9.99,1.3,14.99
GOYALSALT,115.0,2026-07-30,0.83,0.0,-6.12,-4.21,-18.47,-29.53
COCKERILL,8645.5,2026-07-31,-2.42,-5.88,-6.12,69.01,,
MONOPHARMA,9.95,2026-07-30,-5.24,-7.44,-6.13,-24.91,0.51,-56.93
DIGIDRIVE,17.76,2026-07-31,-0.39,-3.9,-6.13,-25.6,-18.61,-45.49
TAMBOLIIN,208.79,2026-07-31,-2.93,-3.48,-6.13,39.15,,
ICICIAMC,3115.9,2026-07-31,-0.89,-0.05,-6.14,-4.93,5.23,
JAYBARMARU,160.59,2026-07-31,-5.21,-4.62,-6.14,75.97,92.07,117.04
DCMNVL,137.37,2026-07-31,-5.26,-6.61,-6.14,-3.67,3.11,-24.38
ODIGMA,22.73,2026-07-31,-1.43,0.09,-6.15,-15.53,-17.38,-36.22
VIRINCHI,15.2,2026-07-31,-1.87,-6.4,-6.17,-15.08,-26.32,-44.67
RAJSREESUG,29.29,2026-07-31,-5.0,-11.03,-6.18,-16.6,-3.84,-34.09
STUDDS,440.15,2026-07-31,-0.91,-2.17,-6.18,-10.12,-12.51,
MARINE,266.0,2026-07-31,-1.46,4.48,-6.19,16.01,47.44,46.0
SRD,37.44,2026-07-31,-0.5,-2.19,-6.19,-16.26,-31.01,-53.97
SJVN,68.62,2026-07-31,0.85,-0.69,-6.19,-13.12,-3.88,-25.32
UMESLTD,5.46,2026-07-31,1.87,2.63,-6.19,-8.24,18.7,-9.3
CHAMBLFERT,438.9,2026-07-31,-0.18,-0.97,-6.21,0.19,-0.54,-13.02
SOFTTECH,417.05,2026-07-31,0.49,0.74,-6.21,2.88,49.45,12.76
FISCHER,39.13,2026-07-31,3.79,-1.98,-6.21,3.08,1.61,-59.53
ALOKINDS,11.92,2026-07-31,-1.0,-2.45,-6.22,-13.56,-21.06,-37.26
YUKEN,718.9,2026-07-31,1.18,0.92,-6.22,-4.75,-12.02,-32.3
SCILAL,41.19,2026-07-31,-2.28,-1.65,-6.22,-7.38,-8.24,-17.6
CENTUM,3543.1,2026-07-31,1.29,-4.48,-6.23,24.59,52.65,60.43
INTERARCH,1808.8,2026-07-31,-1.0,-2.21,-6.23,-13.38,-8.17,-16.93
KRN,1174.4,2026-07-31,-5.64,-7.48,-6.24,-9.34,83.97,38.12
HDFCBANK,748.15,2026-07-31,1.16,-3.79,-6.24,-1.45,-18.16,-24.63
MEDICAMEQ,234.55,2026-07-31,-2.74,-0.82,-6.25,-7.85,-31.44,-39.61
DHARAN,0.15,2026-07-31,0.0,0.0,-6.25,0.0,-16.67,-64.29
OILCOUNTUB,56.1,2026-07-31,-0.97,1.12,-6.27,-10.77,19.03,-37.59
BFUTILITIE,570.35,2026-07-31,-1.3,-6.16,-6.27,2.05,9.87,-23.87
ADANIPORTS,1696.5,2026-07-31,-4.17,-8.0,-6.28,2.8,19.99,24.07
TITAGARH,825.2,2026-07-31,1.12,-4.84,-6.3,7.39,0.51,-3.95
LEMONTREE,109.3,2026-07-31,-2.25,-2.09,-6.3,-7.05,-15.33,-27.03
MON100,305.18,2026-07-31,-5.26,-6.95,-6.31,2.01,32.36,46.52
APTUS,261.2,2026-07-31,-6.4,-14.49,-6.33,1.35,-4.27,-18.99
RELIGARE,253.15,2026-07-31,-0.9,-1.5,-6.33,14.22,6.31,-6.11
KOTHARIPRO,66.77,2026-07-31,-2.17,-2.23,-6.33,-7.02,1.72,-16.88
VILAS,347.85,2026-07-30,-1.65,-6.0,-6.35,-19.18,7.15,-36.19
ALLTIME,221.01,2026-07-31,-2.58,-8.49,-6.36,-8.17,-2.66,
DELTAMAGNT,56.86,2026-07-31,1.14,-2.99,-6.37,-7.74,-11.06,-35.45
HYBRIDFIN,18.5,2026-07-31,-1.39,2.49,-6.38,-8.28,-19.57,22.84
BAJAJINDEF,234.7,2026-07-31,1.67,-0.04,-6.38,-21.57,-20.31,-44.91
HMAAGRO,20.52,2026-07-31,-4.69,-5.52,-6.39,-15.66,-20.28,-31.9
BSHSL,85.0,2026-07-31,-1.3,-1.76,-6.39,-13.66,-4.61,-37.07
VISHWARAJ,5.12,2026-07-31,-2.48,-2.29,-6.4,-13.37,-18.21,-44.65
TFL,11.12,2026-07-31,-0.45,3.83,-6.4,-10.68,-23.73,-33.65
BNAGROCHEM,279.0,2026-07-31,1.47,2.1,-6.41,16.2,,
REPL,63.95,2026-07-31,0.57,-1.36,-6.41,-21.79,-43.23,-62.79
ROTO,67.47,2026-07-31,0.27,-2.6,-6.43,16.05,20.48,-24.11
KRBL,351.1,2026-07-31,0.16,-1.22,-6.44,-4.37,2.56,-7.92
SAMMAANCAP,162.43,2026-07-31,-1.53,-0.81,-6.45,12.32,7.78,28.02
GAYAPROJ,19.98,2026-07-31,-1.14,-5.49,-6.46,11.5,65.12,129.66
WEWIN,44.9,2026-07-31,-3.44,-0.99,-6.46,-17.34,2.28,-5.55
SANGHVIMOV,409.8,2026-07-31,-8.93,-6.15,-6.52,28.1,35.63,51.95
SAAKSHI,294.4,2026-07-30,1.31,-0.05,-6.54,27.28,54.74,54.3
MOLDTKPAC,672.2,2026-07-31,-2.91,-4.23,-6.55,18.19,23.19,-18.52
VALIANTLAB,60.74,2026-07-31,-1.25,-5.11,-6.55,-21.95,3.39,-33.71
AGARIND,499.8,2026-07-31,3.36,-0.57,-6.56,19.87,-31.51,-49.07
PIONRINV,83.58,2026-07-31,-10.38,-15.59,-6.59,-22.54,,
PROPEQUITY,212.0,2026-07-30,-4.46,-11.63,-6.61,1.44,6.53,4.92
IRB,20.0,2026-07-31,1.94,0.45,-6.63,-6.93,-3.35,-10.61
WINSOL,115.75,2026-07-30,2.75,-1.28,-6.65,-14.89,-11.98,-42.97
SHRIKRISH,40.0,2026-07-31,1.34,-0.32,-6.67,-7.3,,
SHANTIGEAR,412.3,2026-07-31,-1.03,-2.01,-6.68,-13.86,-8.28,-24.86
GOKEX,814.95,2026-07-31,-2.31,-3.6,-6.68,15.81,48.16,-4.1
TTML,39.95,2026-07-31,1.19,-0.72,-6.68,-6.94,-12.51,-32.46
ABMKNO,190.05,2026-07-31,-4.01,-1.42,-6.69,-16.08,,
TRIDHYA,10.45,2026-07-30,0.0,-0.48,-6.7,0.97,-27.93,-50.36
EVEREADY,342.85,2026-07-31,-1.97,-0.04,-6.71,2.33,1.8,-18.88
ABANSENT,26.79,2026-07-31,1.13,-5.03,-6.72,-38.56,,
TRUALT,423.0,2026-07-31,0.42,0.69,-6.72,-14.1,10.78,
SWARAJENG,3628.7,2026-07-31,0.65,-1.29,-6.73,-5.77,7.68,-11.1
TECILCHEM,9.68,2026-07-31,-3.1,-1.43,-6.74,-22.0,-35.29,-51.53
JSWHL,11257.0,2026-07-31,2.35,1.86,-6.74,-9.17,-36.63,-43.16
SAATVIKGL,433.55,2026-07-31,-2.12,-6.55,-6.75,-5.77,10.28,
MODIRUBBER,120.84,2026-07-31,-4.1,-7.21,-6.76,-11.72,-2.68,1.97
ICICIGI,1623.7,2026-07-31,-3.41,0.13,-6.77,-7.56,-10.16,-15.14
NETWORK18,29.45,2026-07-31,2.08,-1.47,-6.77,-14.46,-22.74,-46.94
ANUP,2172.9,2026-07-31,1.33,0.36,-6.79,5.37,22.68,-17.32
SHARDACROP,819.75,2026-07-31,-7.75,-7.43,-6.79,-23.58,-20.45,-27.15
APCL,100.6,2026-07-31,-4.18,-0.88,-6.81,-12.85,-26.76,-31.48
GKWLIMITED,1630.8,2026-07-31,1.32,-4.06,-6.81,-1.23,-3.87,-16.76
PILITA,8.62,2026-07-31,-1.26,-4.12,-6.81,6.82,-1.15,-43.03
HILTON,21.49,2026-07-31,2.09,-6.32,-6.81,-6.89,-23.9,-64.07
OMPOWER,167.93,2026-07-31,-1.14,-1.17,-6.82,-13.56,,
COHANCE,425.05,2026-07-31,-0.69,-5.69,-6.82,-12.04,11.47,-57.43
INDOUS,81.62,2026-07-31,-3.98,-6.57,-6.82,-21.72,-34.82,-53.17
SUNDARAM,1.23,2026-07-31,-3.91,-2.38,-6.82,-13.99,-22.15,-41.43
CELLO,343.3,2026-07-31,-0.07,-5.74,-6.83,-17.41,-30.88,-41.89
INTLCONV,74.47,2026-07-31,-0.61,-5.4,-6.84,-4.05,-5.36,-16.05
SILGO,69.94,2026-07-31,-5.88,-5.98,-6.85,-11.43,-1.21,26.63
PLAZACABLE,42.45,2026-07-31,-0.82,-1.6,-6.87,3.76,9.13,-27.25
WINDMACHIN,283.1,2026-07-31,0.43,-3.71,-6.87,-0.87,7.5,-15.91
CMICABLES,2.84,2026-07-30,0.0,-4.7,-6.89,-10.97,-43.76,-13.94
VASWANI,51.58,2026-07-31,-2.09,-2.35,-6.9,-11.62,-2.31,-3.39
CALSOFT,21.32,2026-07-31,-2.07,-7.51,-6.9,48.57,51.64,46.33
DODLA,1040.6,2026-07-31,0.84,-3.07,-6.91,-4.98,-11.83,-17.83
BGRENERGY,287.6,2026-07-31,2.62,-0.4,-6.91,1.97,-17.56,191.48
NAMAN,45.0,2026-07-30,-5.26,2.62,-6.93,-21.33,-26.11,-58.33
SAIPARENT,547.5,2026-07-31,-2.19,-3.59,-6.94,12.64,,
TRUST,29.5,2026-07-30,3.51,1.72,-6.94,-22.98,-30.01,-49.36
PEARLPOLY,17.29,2026-07-31,1.71,-1.54,-6.94,-15.82,-9.57,-51.1
KEL,74.35,2026-07-30,-4.8,-5.89,-6.95,-11.17,-24.17,-34.69
RPPINFRA,60.16,2026-07-31,-3.2,-4.98,-6.96,-24.39,-29.27,-51.42
CPPLUS,3391.0,2026-07-31,-4.69,-4.9,-6.98,45.88,145.48,
CSLFINANCE,212.96,2026-07-31,-1.97,-0.59,-6.98,-6.07,-22.19,-29.52
MAZDA,217.17,2026-07-31,0.12,-2.6,-6.99,1.58,8.24,-24.93
TECHNOE,980.3,2026-07-31,-1.69,-3.29,-6.99,-23.61,0.6,-32.27
SHAH,3.84,2026-07-31,-15.79,-13.32,-7.02,-29.67,-20.33,0.26
ASTAR,594.95,2026-07-31,1.68,-4.48,-7.02,-4.44,,
SURYODAY,161.92,2026-07-31,-12.3,-11.54,-7.04,6.77,17.82,29.14
UCAL,114.53,2026-07-31,-2.67,-3.16,-7.05,13.7,3.53,-22.26
CONTROLPR,572.5,2026-07-31,-3.29,-10.6,-7.05,-9.25,-9.19,-23.33
ITI,276.7,2026-07-31,0.22,-1.81,-7.05,-7.42,-4.24,-4.77
BANSWRAS,123.66,2026-07-31,-0.54,-5.13,-7.06,5.81,18.5,-13.05
IREDA,119.59,2026-07-31,-0.58,-1.84,-7.07,-11.48,-8.98,-18.43
VINNY,1.05,2026-07-31,0.0,0.0,-7.08,-7.89,-1.87,-17.97
SPENCERS,32.9,2026-07-31,-1.67,-7.22,-7.09,-4.91,-7.06,-43.58
PRECWIRE,372.6,2026-07-31,-0.21,2.27,-7.1,-11.58,52.72,109.29
PROSTARM,127.04,2026-07-31,2.94,0.61,-7.1,-19.25,-16.0,-45.44
GANESHCP,178.28,2026-07-31,4.93,3.12,-7.1,-8.61,-8.29,
SUNDRMBRAK,766.85,2026-07-31,-2.44,-6.28,-7.12,24.86,32.9,-10.9
POWERMECH,2566.4,2026-07-31,-4.7,-0.08,-7.12,3.41,23.72,-17.86
PALASHSECU,87.07,2026-07-31,-2.29,-2.52,-7.13,-7.62,-12.52,-28.49
MITTAL,0.91,2026-07-31,0.0,-2.15,-7.14,-3.19,-8.08,-47.09
FINPIPE,162.37,2026-07-31,-0.89,-1.64,-7.15,-6.06,-7.97,-19.96
KIRLOSENG,2189.8,2026-07-31,-3.88,-1.23,-7.17,29.22,87.25,143.12
AGARWALFT,37.5,2026-07-30,-4.94,-4.94,-7.18,-5.9,19.05,-37.71
RMDRIP,18.95,2026-07-31,1.61,-0.11,-7.2,-13.39,-69.16,-52.09
ALPEXSOLAR,821.8,2026-07-30,-0.65,-8.62,-7.21,-24.72,9.09,-34.38
ABDL,619.5,2026-07-31,-0.77,-1.09,-7.25,17.5,28.53,21.32
LICHSGFIN,523.1,2026-07-31,-5.19,-5.31,-7.25,-5.7,-0.61,-9.17
ASHOKA,121.09,2026-07-31,-2.45,-2.02,-7.25,-9.8,-18.72,-39.85
SEDEMAC,2684.4,2026-07-31,-3.38,0.24,-7.28,45.81,,
EXICOM,158.37,2026-07-31,-4.13,-5.86,-7.29,37.24,59.23,-4.77
ADANIGREEN,1383.0,2026-07-31,-1.19,-9.61,-7.32,12.7,62.27,40.45
SADHNANIQ,2.66,2026-07-31,-1.12,0.76,-7.32,10.83,-56.11,-61.51
CEINSYS,839.35,2026-07-31,-2.24,-6.71,-7.33,-21.82,,
OBCL,52.68,2026-07-31,-1.26,-0.68,-7.34,-4.2,-2.53,-4.72
PROZONER,41.58,2026-07-31,-5.74,-3.35,-7.35,-28.64,-16.94,-4.7
QPOWER,1133.3,2026-07-31,2.51,-0.5,-7.36,-17.88,69.99,49.34
MANAKSTEEL,68.38,2026-07-31,-2.27,-10.12,-7.37,-1.89,17.07,0.87
NOIDATOLL,4.39,2026-07-31,-1.13,-4.98,-7.38,16.14,18.97,14.62
GLOSTERLTD,659.6,2026-07-31,-2.68,-1.41,-7.4,10.57,12.96,8.46
RAMASTEEL,4.13,2026-07-31,-2.59,-3.95,-7.4,-28.42,-47.05,-62.32
CHOLAHLDNG,1534.2,2026-07-31,0.5,-1.23,-7.41,-1.41,-7.26,-18.67
HLVLTD,7.12,2026-07-31,-2.6,-0.28,-7.41,-16.33,-14.42,-45.69
EMMVEE,317.6,2026-07-31,-4.8,-5.52,-7.41,21.04,65.7,
ANTGRAPHIC,0.75,2026-07-31,1.35,0.0,-7.41,-12.79,-15.73,-39.52
HPAL,32.56,2026-07-31,-2.49,-5.05,-7.42,-13.47,-15.8,-32.69
GTECJAINX,27.95,2026-07-31,-2.41,1.49,-7.42,38.43,36.08,7.79
LINCOLN,577.15,2026-07-31,-0.85,-3.39,-7.43,-10.63,26.44,8.54
KELLTONTEC,14.18,2026-07-31,0.57,-3.86,-7.44,-8.16,-8.58,-50.21
AIRAN,15.13,2026-07-31,0.67,-1.05,-7.46,-7.63,1.75,-44.17
IEML,42.2,2026-07-30,-2.76,-0.59,-7.46,-45.9,-44.69,-70.0
SURYAROSNI,239.4,2026-07-31,0.08,-1.03,-7.47,-4.29,-3.02,-26.19
UFO,65.15,2026-07-31,-4.82,-3.5,-7.47,-9.44,-11.29,-11.05
NLCINDIA,297.9,2026-07-31,-0.18,0.51,-7.48,-5.91,14.97,25.46
DECCANCE,553.2,2026-07-31,1.45,-2.82,-7.5,-15.5,-12.3,-47.58
USASEEDS,86.0,2026-07-30,1.06,2.44,-7.53,-21.06,-38.79,-46.48
JSWDULUX,2938.8,2026-07-31,-0.18,-2.15,-7.54,1.15,6.59,-17.32
RAJESHEXPO,84.89,2026-07-31,-4.04,-2.89,-7.55,-28.78,-47.71,-54.96
BANSALWIRE,314.65,2026-07-31,-0.57,-0.93,-7.55,6.14,14.44,-20.68
DLINKINDIA,451.8,2026-07-31,0.93,0.72,-7.56,5.65,15.35,-6.05
SUKHJITS,164.6,2026-07-31,-2.47,1.44,-7.56,-8.4,-8.57,-4.65
TARAPUR,16.6,2026-07-31,-6.43,-2.87,-7.57,-31.72,-41.01,-33.52
ENGINERSIN,222.38,2026-07-31,-1.78,-3.22,-7.58,-11.73,29.89,6.38
AEROFLEX,435.45,2026-07-31,4.14,7.19,-7.58,43.06,144.62,130.58
HBESD,75.03,2026-07-31,-0.4,-0.04,-7.6,4.14,,
PRADPME,511.55,2026-07-31,0.25,-5.18,-7.61,38.11,,
RAILTEL,284.5,2026-07-31,-1.4,-3.46,-7.61,-12.07,-19.21,-21.92
SSDL,52.84,2026-07-31,-0.17,-0.81,-7.61,-14.77,-21.81,-43.24
BIRDYS,88.5,2026-07-30,-3.91,-3.91,-7.62,-37.08,-26.68,-28.05
SURAKSHA,252.15,2026-07-31,1.02,-2.31,-7.62,-11.2,-5.19,-16.22
OSWALGREEN,21.04,2026-07-31,-0.61,-2.5,-7.64,-24.02,-23.99,-50.75
SUNCLAY,1253.6,2026-07-31,-10.44,-9.64,-7.65,-11.93,1.42,-35.53
CPS,1001.0,2026-07-30,-2.82,1.11,-7.67,2.14,-15.31,43.49
NRBBEARING,409.9,2026-07-31,-2.23,1.27,-7.68,45.31,63.4,47.91
DTL,120.0,2026-07-30,-0.54,-5.51,-7.69,4.35,-4.76,-16.72
NUCLEUS,686.05,2026-07-31,-6.21,-8.32,-7.69,-13.14,-23.06,-35.45
BORORENEW,555.7,2026-07-31,-5.02,-6.71,-7.73,10.81,12.5,-9.42
EMAMIREAL,78.42,2026-07-31,-1.78,2.38,-7.73,-13.22,13.97,-34.1
SWELECTES,594.3,2026-07-31,-2.23,-3.24,-7.74,-9.35,16.76,-8.04
LINDEINDIA,6745.0,2026-07-31,-0.32,-3.59,-7.74,-7.86,12.29,2.8
RVTH,700.45,2026-07-31,-1.28,0.35,-7.76,19.1,7.69,-28.72
IGL,151.98,2026-07-31,1.14,-1.73,-7.77,-8.46,-12.92,-23.93
APS,273.35,2026-07-30,-0.73,-4.34,-7.78,-26.61,-15.62,-50.66
RELCHEMQ,123.03,2026-07-31,-3.94,-5.36,-7.79,7.94,5.07,-29.56
DUCON,2.95,2026-07-31,-2.32,-2.32,-7.81,-9.23,-7.81,-48.78
KENNAMET,2821.4,2026-07-31,-0.56,1.35,-7.81,4.94,15.48,15.48
REPCOHOME,385.1,2026-07-31,-1.52,-4.98,-7.82,-5.47,-4.28,-3.51
SEMAC,311.4,2026-07-31,-2.67,2.01,-7.83,9.52,32.45,-41.99
BEARDSELL,26.85,2026-07-31,-2.08,-2.51,-7.83,3.83,1.51,-20.15
ARSSBL,510.8,2026-07-31,-0.33,-2.8,-7.84,-13.86,-11.02,
MANUGRAPH,14.45,2026-07-31,10.39,-2.56,-7.84,3.29,-0.07,-26.43
NOCIL,164.17,2026-07-31,0.7,0.48,-7.85,-7.62,25.26,-10.73
FLFL,1.29,2026-07-31,-3.73,-2.27,-7.86,-15.13,3.2,-29.51
ASTEC,655.35,2026-07-31,-1.39,-4.45,-7.86,-5.66,13.97,-27.69
POWERINDIA,32175.0,2026-07-31,1.98,-0.82,-7.86,-4.1,70.58,60.16
HPL,332.45,2026-07-31,-2.15,-2.45,-7.87,-7.03,0.32,-41.71
KEI,4999.0,2026-07-31,2.59,1.43,-7.89,2.91,24.32,30.19
DKEGL,65.25,2026-07-30,-1.06,-3.97,-7.9,-16.88,-9.38,-3.95
SARVESHWAR,3.38,2026-07-31,0.0,-2.31,-7.9,-15.29,-15.92,-58.12
VTL,585.8,2026-07-31,-6.76,-7.17,-7.91,-4.28,35.49,35.64
REMUS,717.65,2026-07-30,-0.46,-0.15,-7.91,4.72,11.09,-22.59
MMTC,62.66,2026-07-31,1.62,-1.57,-7.92,-3.27,-3.75,-3.05
CMNL,95.3,2026-07-30,-7.61,-0.83,-7.92,-27.03,-15.55,-34.73
SJLOGISTIC,305.5,2026-07-30,-0.6,-4.5,-7.94,-3.09,-5.08,-25.42
BIGBLOC,45.45,2026-07-31,-3.26,-4.44,-7.96,-6.0,-20.44,-22.11
TREL,24.25,2026-07-31,-0.66,-1.94,-7.97,-9.21,-10.22,-26.83
KPL,2578.9,2026-07-31,-4.77,-5.98,-7.97,63.27,,
SYNCOMF,13.12,2026-07-31,-0.38,-3.32,-7.99,-4.51,1.23,-27.87
SHEMAROO,117.5,2026-07-31,-1.24,-2.69,-7.99,17.52,21.1,1.43
SANSTAR,111.75,2026-07-31,-3.86,2.49,-8.0,24.04,23.56,24.15
PURVFLEXI,46.0,2026-07-30,0.55,-4.17,-8.0,-27.67,-31.34,-43.17
VIDYAWIRES,91.64,2026-07-31,0.37,-1.1,-8.01,4.97,96.82,
AWFIS,278.1,2026-07-31,-3.65,-3.27,-8.04,-20.86,-28.4,-53.29
APEX,371.5,2026-07-31,-3.22,-8.0,-8.04,-20.42,27.23,54.22
KARMAENG,38.24,2026-07-31,1.14,1.06,-8.05,-27.04,1.27,-36.91
PRINCEPIPE,264.0,2026-07-31,-0.62,-1.31,-8.06,1.78,10.37,-21.56
BAJEL,176.8,2026-07-31,-0.19,-1.07,-8.09,-5.8,14.67,-25.09
PASUPTAC,58.34,2026-07-31,1.96,-0.93,-8.1,17.05,26.69,18.82
SINGERIND,64.78,2026-07-31,-2.54,-3.14,-8.11,-11.55,,
SHREERAMA,39.17,2026-07-31,-1.58,-6.45,-8.12,-15.01,-32.1,-4.56
BOMDYEING,121.53,2026-07-31,-0.12,-1.05,-8.12,7.85,5.64,-28.09
WSI,60.9,2026-07-31,-2.4,-1.52,-8.13,-15.42,-21.52,-26.75
EDUCOMP,0.9,2026-07-30,0.0,-1.1,-8.16,-5.26,-14.29,-47.98
PNC,19.55,2026-07-31,-0.26,1.3,-8.17,-8.94,-16.02,-26.28
SURANAT&P,17.95,2026-07-31,-0.94,1.01,-8.18,-4.47,-0.33,-4.57
BIRLACORPN,890.5,2026-07-31,-2.16,-11.3,-8.19,-0.82,-14.56,-32.73
APOLLO,389.9,2026-07-31,-0.78,-0.74,-8.2,31.23,49.53,124.7
HUBTOWN,190.58,2026-07-31,-2.79,-4.44,-8.21,-6.03,-7.64,-43.2
SHALBY,161.3,2026-07-31,-1.33,-2.17,-8.21,0.4,-4.07,-23.06
KNRCON,121.85,2026-07-31,-0.6,-1.69,-8.21,-2.62,-17.74,-42.97
MITCON,73.5,2026-07-31,0.48,1.16,-8.21,-8.08,21.89,-6.35
SEPC,5.92,2026-07-31,-2.31,-3.27,-8.22,-27.0,-28.16,-49.49
ELECTHERM,1007.6,2026-07-31,-2.19,-5.7,-8.22,24.83,25.53,5.7
MAXESTATES,393.2,2026-07-31,-0.57,-2.26,-8.24,0.49,2.08,-18.81
PARAGMILK,214.31,2026-07-31,-1.43,-4.85,-8.24,-4.43,-15.34,-12.56
INDOCO,219.49,2026-07-31,-11.55,-10.25,-8.25,4.77,0.91,-30.9
MHRIL,218.41,2026-07-31,-2.42,-3.6,-8.25,-11.59,-26.16,-38.73
VERTOZ,35.54,2026-07-31,-0.03,-3.4,-8.26,-28.07,-36.15,-58.66
NILASPACES,11.89,2026-07-31,-1.9,-2.7,-8.26,-12.38,-16.85,-13.46
RAJTV,11.32,2026-07-31,-4.15,-5.51,-8.27,-51.25,-70.81,-73.4
KDL,106.45,2026-07-30,-6.87,-7.43,-8.27,-31.14,-34.81,-62.36
GENCON,40.33,2026-07-31,-0.32,0.83,-8.28,-1.54,-20.94,-9.41
CGRAPHICS,133.35,2026-07-30,6.3,2.5,-8.29,-20.15,-16.18,-36.98
CONTI,11.05,2026-07-30,5.74,6.76,-8.3,-13.67,-47.38,-55.62
MAXPOSURE,33.1,2026-07-30,-1.19,-5.43,-8.31,-17.15,-17.25,-44.28
KOHINOOR,23.27,2026-07-31,0.26,-2.72,-8.31,-9.95,-3.28,-32.26
SRPL,0.33,2026-07-30,0.0,-2.94,-8.33,-25.0,-45.0,-45.9
PIGL,104.32,2026-07-31,-4.36,-6.15,-8.35,-6.43,-3.67,-19.99
WELSPLSOL,51.07,2026-07-31,-1.2,-3.46,-8.35,14.76,,
TREEHOUSE,6.36,2026-07-31,-1.55,4.09,-8.36,-20.6,-17.19,-2.45
LLOYDS,66.45,2026-07-30,-0.82,-10.81,-8.41,-28.66,14.57,-22.1
ZENTEC,1624.2,2026-07-31,-3.79,-7.18,-8.41,-2.81,14.74,11.09
PIXTRANS,1672.9,2026-07-31,-6.89,-9.93,-8.42,8.46,28.07,12.14
PNBGILTS,84.5,2026-07-31,-1.1,-2.72,-8.42,19.77,6.77,-20.36
SOMANYCERA,488.85,2026-07-31,-0.61,-5.34,-8.43,6.4,20.77,-8.13
TRENT,3005.9,2026-07-31,2.3,2.73,-8.43,8.95,19.28,-40.01
BDL,1253.1,2026-07-31,-0.26,-0.36,-8.43,-8.14,-18.24,-22.29
ICIL,401.25,2026-07-31,0.02,2.24,-8.44,44.67,70.2,49.15
ROLEXRINGS,136.95,2026-07-31,-0.7,-11.79,-8.44,-6.08,13.0,-4.18
VITAL,47.48,2026-07-31,3.22,-4.58,-8.45,-21.35,-10.25,-13.52
VISL,32.28,2026-07-31,6.32,-1.94,-8.45,,,
FRACTAL,812.05,2026-07-31,0.34,-3.56,-8.47,-13.25,,
DBEIL,7.35,2026-07-31,-0.54,-4.55,-8.47,-14.54,-16.6,-46.62
MANINDS,532.3,2026-07-31,1.04,-0.64,-8.48,1.07,63.53,18.95
MTNL,27.03,2026-07-31,-0.52,-3.88,-8.5,-13.31,-20.27,-40.89
OSIAHYPER,2.89,2026-07-31,-2.36,-3.02,-8.54,-53.46,-79.55,-78.64
AXISBANK,1229.5,2026-07-31,0.16,-2.11,-8.56,-2.98,-10.21,15.17
NECLIFE,10.58,2026-07-31,1.63,-2.04,-8.56,-14.75,-21.75,-35.53
ACSTECH,39.97,2026-07-31,-1.33,-4.03,-8.56,5.32,,
AAATECH,89.38,2026-07-31,-2.21,-3.56,-8.57,-10.13,-11.06,6.29
KIRLOSBROS,1870.1,2026-07-31,2.0,-1.16,-8.58,8.52,19.85,-4.75
HDBFS,686.35,2026-07-31,0.01,-5.73,-8.58,4.83,-2.7,-9.02
APARINDS,14348.0,2026-07-31,2.11,3.35,-8.58,16.36,79.48,61.08
EKC,106.77,2026-07-31,-2.75,-5.24,-8.58,-10.57,-2.18,-16.65
POLYCAB,9106.5,2026-07-31,1.07,2.49,-8.58,12.81,30.46,34.14
BIOFILCHEM,31.94,2026-07-31,-2.68,-3.71,-8.59,-6.2,9.16,-28.86
GKENERGY,129.38,2026-07-31,-5.35,-9.39,-8.61,1.57,21.77,
KAMATHOTEL,166.99,2026-07-31,-1.67,-4.45,-8.61,-1.51,-23.27,-30.11
DIGISPICE,18.1,2026-07-31,-0.33,-5.83,-8.63,-13.15,-9.05,-14.3
AHCL,14.61,2026-07-31,-7.24,-2.6,-8.63,9.85,19.36,
SALZERELEC,581.9,2026-07-31,1.4,-0.94,-8.63,-10.9,2.83,-29.24
MADHAVIPL,7.82,2026-07-31,0.13,-3.1,-8.64,-15.0,,
DRCSYSTEMS,13.12,2026-07-31,-3.39,-1.35,-8.64,-13.0,-14.19,-26.66
OSWALAGRO,38.25,2026-07-31,-1.34,-2.67,-8.67,-21.17,-20.86,-50.67
TDPOWERSYS,1131.0,2026-07-31,-0.92,-0.89,-8.67,-1.88,55.04,121.99
EMMIL,118.4,2026-07-30,-1.29,-8.92,-8.68,-20.88,-20.54,-47.82
BSL,124.8,2026-07-31,-0.12,-1.81,-8.69,0.16,-10.85,-19.08
JISLDVREQS,22.1,2026-07-31,0.82,0.0,-8.72,-7.18,-6.44,-23.61
PLADAINFO,10.45,2026-07-30,-4.13,-8.73,-8.73,-7.11,-27.93,-48.77
NAVA,553.45,2026-07-31,-1.98,-4.04,-8.74,-16.38,-1.85,-10.72
ZEELEARN,8.13,2026-07-31,-0.37,-3.1,-8.75,55.45,26.44,-20.99
ZODIAC,251.65,2026-07-31,2.34,-2.99,-8.76,-22.5,-2.88,-43.89
LINC,102.19,2026-07-31,-0.62,-4.68,-8.76,1.3,-8.1,-22.52
WEIZMANIND,77.48,2026-07-31,0.09,-1.82,-8.79,-5.22,-3.24,-32.68
AXISCADES,1553.5,2026-07-31,1.31,-1.91,-8.8,-22.65,26.94,17.21
ZEAL,62.0,2026-07-30,-1.59,-6.06,-8.82,-12.55,-13.89,-50.68
BALKRISHNA,17.24,2026-07-31,-1.71,-4.54,-8.83,-4.28,2.5,-16.39
MEGASTAR,331.95,2026-07-31,-1.91,-2.08,-8.84,13.39,45.17,21.79
FINEORG,4816.5,2026-07-31,-0.23,-2.14,-8.84,4.31,13.76,-8.97
BANKA,86.01,2026-07-31,-8.62,-3.63,-8.85,4.65,38.37,3.74
ZIMLAB,112.99,2026-07-31,-4.25,-6.62,-8.88,28.49,57.98,2.68
RCOM,0.82,2026-07-31,-1.2,-3.53,-8.89,-14.58,-22.64,-34.92
SETUINFRA,0.41,2026-07-31,-4.65,-10.87,-8.89,-36.92,-4.65,-22.64
HFCL,193.92,2026-07-31,0.72,-6.78,-8.89,67.13,182.64,156.98
AWHCL,426.8,2026-07-31,-3.0,-4.95,-8.9,-15.97,-24.33,-30.44
RIIL,742.6,2026-07-31,0.87,-4.9,-8.9,-4.78,4.6,-14.1
MODISONLTD,268.4,2026-07-31,-1.41,-9.35,-8.91,63.6,72.89,66.58
VIYASH,252.0,2026-07-31,-2.96,-4.74,-8.94,23.69,23.77,46.54
GESHIP,1350.4,2026-07-31,-3.45,-2.65,-8.95,-13.77,13.92,47.79
TERASOFT,376.6,2026-07-31,-4.14,-5.8,-8.95,10.9,-8.05,22.08
KITEX,145.81,2026-07-31,-0.93,-3.21,-8.97,-11.36,-14.7,-35.68
GINNIFILA,45.63,2026-07-31,-6.84,-9.54,-8.98,8.15,27.78,-5.88
ISHANCH,52.22,2026-07-31,-0.8,-0.68,-8.98,-16.15,-13.13,-8.88
AIROLAM,86.03,2026-07-31,-0.54,-4.32,-8.98,2.28,-7.37,-20.33
DIL,0.81,2026-07-30,0.0,1.25,-8.99,-20.59,-40.0,-58.88
SHEKHAWATI,12.56,2026-07-31,-0.55,-1.26,-9.05,-25.24,-12.17,-45.08
GANGAFORGE,1.77,2026-07-31,5.36,-7.81,-9.05,-38.97,-47.16,-51.37
WAAREEENER,2680.2,2026-07-31,-2.23,-5.17,-9.05,-14.06,-3.85,-10.38
SAROJA,30.0,2026-07-30,0.0,0.0,-9.09,-9.09,-8.4,-16.2
BIRLAPREC,34.07,2026-07-31,-0.41,-1.76,-9.12,0.65,,
TIINDIA,2753.0,2026-07-31,-3.38,-4.64,-9.12,-6.61,18.0,-3.01
LASA,6.87,2026-07-31,0.73,-3.65,-9.13,-14.13,-26.84,-33.56
ORKLAINDIA,557.3,2026-07-31,-2.04,-4.89,-9.13,-12.69,-5.22,
BOROSCI,157.65,2026-07-31,2.12,-2.91,-9.15,37.25,44.16,-3.89
UNIENTER,94.92,2026-07-31,-2.79,-6.68,-9.16,-8.6,-14.66,-38.58
STLTECH,557.05,2026-07-31,0.3,10.61,-9.17,88.96,423.79,364.56
TENNIND,537.95,2026-07-31,-0.46,-3.46,-9.19,-13.48,3.03,
ATLANTAA,35.1,2026-07-31,-0.74,-8.04,-9.19,-14.12,-22.17,4.93
VMM,107.1,2026-07-31,-2.91,-3.7,-9.2,-12.42,-14.97,-23.25
DCXINDIA,180.37,2026-07-31,-1.43,-2.73,-9.23,-10.25,1.85,-31.16
ACL,47.63,2026-07-31,-1.63,-2.84,-9.24,-15.41,-16.7,-30.16
AKSHAR,0.39,2026-07-31,-4.88,-7.14,-9.3,-18.75,-18.75,-26.42
KAMOPAINTS,4.58,2026-07-31,-0.65,0.88,-9.31,-15.5,-18.07,-51.38
STARTECK,259.1,2026-07-31,-3.57,-2.87,-9.31,4.43,-4.44,-16.71
UNITECH,4.28,2026-07-31,-0.47,-6.96,-9.32,-11.93,-0.23,-40.8
CGPOWER,863.4,2026-07-31,-1.58,-5.38,-9.32,6.15,47.83,30.77
LGHL,205.37,2026-07-31,0.09,-3.1,-9.35,-20.43,-24.76,-29.86
JPOLYINVST,1020.8,2026-07-31,-2.14,-6.27,-9.36,-7.1,3.22,31.44
SMSPHARMA,373.9,2026-07-31,-4.59,-2.74,-9.37,-7.38,18.1,59.8
SKFINDIA,1479.6,2026-07-31,-0.12,-0.18,-9.37,-11.62,-10.31,-69.07
GODAVARIB,260.9,2026-07-31,-4.75,-1.06,-9.38,-18.01,3.66,-16.42
SURYALA,405.95,2026-07-31,-3.92,-2.89,-9.39,17.84,,
SAKUMA,1.64,2026-07-31,-1.2,-2.96,-9.39,-14.14,-12.77,-40.36
ORIANA,1412.3,2026-07-30,-1.8,-1.93,-9.41,-33.17,-9.58,-35.62
EXXARO,6.06,2026-07-31,-7.9,-4.42,-9.42,-13.06,-15.48,-26.9
PRSMJOHNSN,106.46,2026-07-31,-1.93,-3.01,-9.43,-20.46,-15.82,-30.52
AGNI,16.75,2026-07-30,-2.33,-6.69,-9.46,-20.24,-13.88,-22.81
INNOVATIVE,69.25,2026-07-30,0.0,-1.98,-9.48,-26.84,-11.9,-44.67
CARBORUNIV,1063.8,2026-07-31,-0.63,-1.92,-9.49,12.04,35.53,14.8
PATINTLOG,13.92,2026-07-31,-1.56,-4.79,-9.49,19.9,12.26,-13.03
INDIFRA,11.45,2026-07-30,-4.18,-4.18,-9.49,-3.38,-22.37,-29.54
HMT,61.42,2026-07-31,1.07,1.1,-9.5,1.35,40.07,4.54
TRANSTEEL,122.6,2026-07-30,8.74,5.37,-9.52,-2.62,-17.97,-11.16
POKARNA,937.9,2026-07-31,0.49,-3.44,-9.52,7.72,27.95,0.86
UMAEXPORTS,20.13,2026-07-31,3.39,0.85,-9.53,-20.06,-38.61,-58.06
PVP,26.83,2026-07-31,-2.08,-6.09,-9.54,-19.06,-11.04,28.01
RAYMONDLSL,710.5,2026-07-31,0.69,-2.22,-9.55,-10.43,-32.11,-38.05
DIFFNKG,383.65,2026-07-31,-5.05,-0.65,-9.56,27.72,59.72,15.49
DSSL,1233.1,2026-07-31,0.12,2.04,-9.59,13.31,34.75,23.42
ACCURACY,4.8,2026-07-31,-3.42,-2.04,-9.6,-5.7,-3.23,-35.74
KKVAPOW,475.15,2026-07-30,-4.85,-4.85,-9.6,-22.61,-28.06,-27.83
ANGELONE,297.95,2026-07-31,-2.05,-7.86,-9.61,-3.19,18.48,16.77
AKG,9.86,2026-07-31,-1.3,-1.3,-9.62,-12.82,-27.92,-23.63
CELEBRITY,6.95,2026-07-31,-0.57,-2.66,-9.62,-13.45,-10.44,-47.86
AVANTEL,161.89,2026-07-31,-1.91,-6.17,-9.62,8.98,4.3,27.19
ANIKINDS,41.33,2026-07-31,-2.22,-2.18,-9.64,-7.35,-14.31,-57.59
AIAENG,4591.0,2026-07-31,-0.94,-1.43,-9.65,16.24,15.09,47.32
NBCC,94.8,2026-07-31,-0.11,-3.37,-9.65,3.44,-3.98,-11.8
ORIENTALTL,5.13,2026-07-31,-3.57,-5.35,-9.68,-26.08,-29.05,-48.8
BLUEPEBBLE,70.0,2026-07-30,0.0,0.0,-9.68,-43.32,-53.19,-61.44
TIMKEN,3145.4,2026-07-31,0.67,0.59,-9.69,-8.19,7.01,-5.15
ZOTA,1279.3,2026-07-31,-0.3,-3.9,-9.7,-2.43,-0.71,5.44
ANMOL,10.12,2026-07-31,0.8,-4.89,-9.72,-14.53,-15.81,-34.24
ITCHOTELS,162.37,2026-07-31,-1.85,-2.8,-9.79,1.78,-9.58,-29.08
TOKYOPLAST,76.5,2026-07-31,-6.0,-6.93,-9.89,-16.83,-22.7,-37.39
GUJTHEM,358.05,2026-07-31,-0.75,-1.62,-9.92,-1.52,10.82,-8.38
VIKASECO,1.09,2026-07-31,-2.68,-3.54,-9.92,-21.58,-28.76,-51.34
TCC,289.65,2026-07-31,7.6,1.76,-10.0,-26.1,,
TEAMGTY,215.32,2026-07-31,-6.17,-3.5,-10.0,-17.22,-14.59,-14.25
KPEL,306.95,2026-07-31,-1.35,-3.12,-10.02,-14.96,5.08,-40.81
IDEA,13.01,2026-07-31,-0.38,-3.7,-10.03,27.3,16.47,88.28
RACLGEAR,1262.3,2026-07-31,-5.25,-4.7,-10.04,-0.84,24.81,35.95
ABCOTS,198.85,2026-07-31,-1.35,-1.79,-10.06,-11.07,-52.87,-52.0
KEC,468.95,2026-07-31,0.94,-3.85,-10.08,-16.36,-29.71,-45.57
ARSHIYA,0.98,2026-07-31,0.0,0.0,-10.09,-25.19,-20.97,-67.87
LCCINFOTEC,4.18,2026-07-31,-3.69,-9.72,-10.11,-13.46,-21.43,-0.24
NELCAST,121.37,2026-07-31,4.06,-5.14,-10.16,-13.99,36.87,-22.31
ADSL,114.64,2026-07-31,-1.48,-3.32,-10.18,0.04,-8.19,-26.4
ABSLAMC,1011.8,2026-07-31,2.28,-7.28,-10.18,2.16,36.57,20.85
KAVDEFENCE,57.11,2026-07-31,-0.45,-2.51,-10.18,-10.65,-17.38,-4.86
PRESSTONIC,26.0,2026-07-30,2.56,1.96,-10.19,-41.18,-41.96,-70.4
RHFL,1.94,2026-07-31,-1.02,-2.51,-10.19,-3.48,-28.94,-60.08
WCIL,90.03,2026-07-31,-1.13,-3.53,-10.27,-12.36,-18.4,-15.44
CELLECOR,33.15,2026-07-30,-1.49,-6.62,-10.28,-8.93,19.68,-5.82
KHADIM,96.99,2026-07-31,3.5,-1.05,-10.29,-3.73,-44.6,-64.63
WAAREERTL,913.2,2026-07-31,-1.94,-10.51,-10.32,-10.26,0.86,-12.7
COOLCAPS,21.3,2026-07-30,3.9,1.19,-10.32,-19.01,-49.16,-72.62
COMPINFO,1.13,2026-07-31,-3.42,-0.88,-10.32,-16.3,-16.91,-59.79
NIMBSPROJ,183.0,2026-07-31,-3.68,-6.63,-10.32,2.8,,
TRU,4.6,2026-07-31,-6.31,-5.93,-10.33,-28.9,-34.29,-69.29
EMMBI,87.46,2026-07-31,0.01,-5.56,-10.34,4.29,-6.25,-19.63
FAZE3Q,536.95,2026-07-31,-2.88,-4.83,-10.35,20.92,43.45,-12.15
DANGEE,2.94,2026-07-31,0.68,-4.55,-10.37,-17.88,-4.23,-34.96
STLNETWORK,24.29,2026-07-31,-5.52,-0.16,-10.37,-12.5,20.31,
STEELXIND,11.23,2026-07-31,-3.02,-6.42,-10.38,12.53,39.33,4.56
ESCONET,125.45,2026-07-30,-3.8,-4.93,-10.39,-9.85,4.85,-32.54
MOTILALOFS,851.95,2026-07-31,-2.0,-12.45,-10.44,6.46,13.06,-5.73
QUICKHEAL,152.88,2026-07-31,-1.82,-5.06,-10.47,-8.22,-18.46,-50.76
DHRUV,24.59,2026-07-31,2.5,-5.24,-10.48,-30.69,-34.53,-64.96
GVKPIL,2.39,2026-07-31,0.0,-5.91,-10.49,-28.23,-16.72,-39.49
DMART,3921.0,2026-07-31,-2.65,-1.37,-10.49,-14.5,6.27,-8.12
CCCL,15.49,2026-07-31,-1.59,-3.49,-10.51,-5.78,-3.37,-7.96
THOMASCOTT,298.45,2026-07-31,-5.3,-2.82,-10.52,13.38,-6.03,-11.73
PRITIKA,57.0,2026-07-30,-1.38,-8.06,-10.52,-18.16,-12.31,-37.19
AAVAS,1359.8,2026-07-31,-2.21,-9.19,-10.59,-1.51,-6.95,-21.14
ISGEC,825.95,2026-07-31,-3.88,-6.31,-10.62,-24.15,9.3,-23.93
KPRMILL,1049.8,2026-07-31,-0.59,-5.7,-10.63,12.33,21.33,-7.45
EMKAY,241.75,2026-07-31,1.55,-0.31,-10.64,8.22,-3.49,3.51
DAVANGERE,3.19,2026-07-31,-3.33,-5.62,-10.64,-12.36,-25.64,0.02
SHAKTIPUMP,520.4,2026-07-31,-1.53,-4.27,-10.65,-7.6,-16.09,-41.45
CHEMBOND,167.0,2026-07-31,-2.82,-9.41,-10.67,10.79,14.01,-6.76
KSB,855.9,2026-07-31,-2.45,-5.65,-10.73,-12.11,21.45,2.57
LIBAS,10.07,2026-07-31,-0.49,-2.52,-10.73,-16.08,-0.98,-22.54
CIEINDIA,408.6,2026-07-31,-1.16,-13.76,-10.75,-13.75,-0.89,3.06
KREBSBIO,53.65,2026-07-31,-3.33,-1.2,-10.78,-10.09,-8.79,-31.56
PRUDMOULI,13.41,2026-07-31,3.15,0.45,-10.78,-19.7,-32.07,-68.45
SOLARA,513.55,2026-07-31,1.69,-9.93,-10.8,3.58,1.45,-19.99
PRLIND,44.0,2026-07-30,-1.68,-2.76,-10.84,-30.71,-29.99,-53.19
TVTODAY,113.69,2026-07-31,-3.32,-6.84,-10.85,0.11,-8.17,-24.73
VSTIND,221.5,2026-07-31,-5.62,-4.26,-10.87,-10.2,-1.1,-17.84
QUICKTOUCH,22.55,2026-07-30,6.87,-2.59,-10.87,-15.86,-37.1,-53.89
TATACOMM,1756.4,2026-07-31,1.22,-3.63,-10.87,12.14,12.85,2.76
GTLINFRA,1.23,2026-07-31,0.82,-1.6,-10.87,0.82,23.0,-20.13
GGBL,254.25,2026-07-30,-3.57,-5.43,-10.88,-25.62,9.92,-48.82
TCIFINANCE,14.91,2026-07-31,-1.71,-3.37,-10.88,4.34,-24.62,8.2
KPITTECH,598.4,2026-07-31,2.26,6.63,-10.89,-21.16,-42.44,-51.1
MFML,18.92,2026-07-31,0.42,4.24,-10.92,-22.24,-19.08,-35.86
BANKBARODA,242.6,2026-07-31,-0.57,-4.81,-10.94,-4.94,-16.35,5.29
ATGL,651.45,2026-07-31,-1.37,-8.62,-10.95,2.67,23.67,7.88
LOVABLE,71.44,2026-07-31,0.32,-4.26,-11.0,-2.34,-2.27,-24.19
DBOL,97.88,2026-07-31,-4.32,-8.96,-11.03,-20.65,-4.04,25.62
JAICORPLTD,101.64,2026-07-31,-1.02,-5.14,-11.03,-12.36,-9.86,-3.91
SIMPLEXINF,236.35,2026-07-31,-0.67,-6.38,-11.05,-3.55,6.7,-25.98
GPTINFRA,118.62,2026-07-31,-1.89,1.51,-11.07,5.42,15.77,-5.54
ATMASTCO,149.5,2026-07-30,-4.53,-4.96,-11.09,3.25,5.39,-32.88
VIKASLIFE,1.28,2026-07-31,0.79,-3.76,-11.11,-18.47,-24.26,-46.67
PRAJIND,311.9,2026-07-31,-1.3,-7.61,-11.11,-23.62,7.5,-32.35
GALLANTT,614.6,2026-07-31,12.31,-0.89,-11.19,-28.69,18.16,-19.64
MKPL,4.18,2026-07-31,0.0,-2.56,-11.25,-21.28,-23.72,-40.03
CIFL,20.78,2026-07-31,3.28,-0.81,-11.31,-26.26,-37.33,-40.47
ELECTCAST,70.65,2026-07-31,-2.07,-4.31,-11.33,-13.83,-0.66,-35.41
DCM,88.05,2026-07-31,1.21,-9.69,-11.33,7.35,4.02,-15.84
SSFL,248.65,2026-07-30,-4.37,-9.66,-11.34,148.4,149.4,46.76
NIRMAN,38.3,2026-07-30,-9.03,-5.32,-11.34,-29.47,-27.6,-74.1
PINELABS,138.97,2026-07-31,-6.69,-7.19,-11.35,-28.26,-39.08,
BBL,2524.4,2026-07-31,-1.47,-5.67,-11.35,-17.42,-8.98,-13.17
BAWEJA,26.5,2026-07-30,-2.39,-8.46,-11.37,-26.29,-10.92,-60.3
ARTNIRMAN,37.07,2026-07-31,-5.96,-7.23,-11.38,-16.73,-11.72,-34.48
PRAKASH,123.4,2026-07-31,-1.65,-0.73,-11.4,-13.27,0.72,-29.51
BROOKS,60.98,2026-07-31,-4.64,-9.99,-11.44,8.93,-0.93,-60.39
ROLLT,2.46,2026-07-31,10.81,17.14,-11.51,28.13,106.72,70.83
HBLENGINE,718.7,2026-07-31,0.69,-1.64,-11.52,-9.99,-8.05,22.85
PFS,27.73,2026-07-31,-5.16,-7.54,-11.52,-11.06,-15.53,-33.36
APTECHT,91.67,2026-07-31,0.01,-3.56,-11.52,-8.93,19.54,-26.73
SOMICONVEY,93.07,2026-07-31,-4.27,-6.89,-11.52,-15.82,-0.13,-38.66
PKTEA,676.4,2026-07-31,-3.09,-5.91,-11.56,-14.38,2.48,10.28
VARDMNPOLY,5.97,2026-07-31,-2.93,-5.98,-11.56,-14.22,-0.5,-38.33
DGCONTENT,23.96,2026-07-31,-4.12,-5.33,-11.59,-25.01,-7.78,-35.7
THACKER,1010.0,2026-07-31,-0.1,-7.33,-11.61,-8.76,,
MAHEPC,106.66,2026-07-31,-1.28,-3.58,-11.62,-9.53,-10.19,-25.12
OLAELEC,38.66,2026-07-31,3.73,-1.33,-11.65,5.74,19.58,-6.41
OLECTRA,1324.2,2026-07-31,-0.29,-1.6,-11.7,6.31,22.09,-6.0
MODINATUR,389.2,2026-07-31,-5.45,-5.25,-11.7,3.57,14.03,
SITINET,0.3,2026-07-31,-6.25,-6.25,-11.76,-16.67,-11.76,-45.45
FMNL,9.47,2026-07-31,3.16,1.07,-11.82,-1.35,8.73,-28.47
KHAICHEM,47.15,2026-07-31,-3.5,-3.64,-11.85,-13.45,-27.34,-57.0
CURAA,73.14,2026-07-31,0.72,-1.18,-11.85,-25.32,-9.13,-70.52
RAJMET,3.27,2026-07-31,-1.8,-2.1,-11.86,-17.63,-19.06,-32.44
AKI,4.14,2026-07-31,-1.19,-11.35,-11.91,-20.08,-31.57,-63.23
BHAGYANGR,380.3,2026-07-31,-10.87,-0.63,-11.94,41.17,116.07,301.8
ACUTAAS,3104.9,2026-07-31,-7.81,-15.08,-11.95,19.69,62.35,134.15
EVERESTIND,450.65,2026-07-31,-16.65,-7.72,-11.96,19.12,4.23,-17.34
KWIL,30.91,2026-07-31,-1.87,-9.22,-11.96,13.51,,
ZEEMEDIA,7.5,2026-07-31,-5.78,-7.18,-11.97,-10.07,-4.82,-43.57
DHTL,35.65,2026-07-30,-4.93,-4.93,-11.98,-19.16,-49.04,-24.39
SAHANA,783.71,2026-07-30,2.26,-15.54,-12.01,-7.66,-13.95,-38.57
KLBRENG-B,435.5,2026-07-31,-0.94,-1.21,-12.07,-14.29,,
GEEKAYWIRE,22.52,2026-07-31,-5.81,-4.86,-12.07,-10.85,-19.54,-32.59
KSCL,782.45,2026-07-31,-6.03,-7.41,-12.11,-18.95,-16.63,-29.14
SPARC,206.21,2026-07-31,-4.05,-9.36,-12.16,44.16,63.55,36.98
SYNGENE,385.9,2026-07-31,-6.75,-7.59,-12.2,-17.25,-18.26,-45.8
RESPONIND,171.6,2026-07-31,-2.21,-10.98,-12.22,9.89,2.3,-21.73
ENRIN,3230.8,2026-07-31,-1.04,-4.82,-12.29,-1.46,29.9,-0.06
KRITINUT,72.58,2026-07-31,-7.79,-6.15,-12.3,-26.32,-3.3,-32.57
VLEGOV,10.4,2026-07-31,-2.71,-8.37,-12.31,-30.71,-28.72,-76.66
MOS,11.4,2026-07-30,-3.8,-5.0,-12.31,-12.31,-45.32,-77.2
MANORG,485.3,2026-07-31,-7.78,-14.5,-12.36,6.32,17.85,2.61
JINDALPHOT,1061.1,2026-07-31,-0.22,-3.77,-12.36,-4.43,-24.03,22.78
EFACTOR,161.05,2026-07-30,-7.97,0.44,-12.38,-29.98,-40.33,-32.58
VIVIMEDLAB,5.08,2026-07-31,-3.42,-3.42,-12.41,-25.07,-42.53,2.63
TEGA,1485.5,2026-07-31,-1.66,-8.28,-12.45,-10.69,-12.75,-21.99
CEREBRAINT,2.95,2026-07-31,-1.67,-2.32,-12.46,-29.43,-48.61,-64.76
JUBLCPL,1778.6,2026-07-31,-5.23,-9.64,-12.47,3.9,-17.04,-21.41
TVVISION,4.56,2026-07-31,-1.94,-4.0,-12.48,-15.24,-29.19,-39.04
ORTINGLOBE,15.35,2026-07-31,5.79,1.19,-12.49,-0.97,23.1,3.3
TPHQ,0.42,2026-07-31,-2.33,-2.33,-12.5,-25.0,-28.81,-44.0
BAJAJCON,524.1,2026-07-31,-3.1,-2.76,-12.5,16.35,54.42,134.83
CEIGALL,342.75,2026-07-31,2.07,0.41,-12.53,1.23,26.87,37.26
GVT&D,4323.3,2026-07-31,2.88,-2.74,-12.55,-3.2,33.84,58.84
AFCONS,271.15,2026-07-31,-4.61,-7.74,-12.56,-19.63,-17.66,-31.61
SANDHAR,626.8,2026-07-31,4.55,4.21,-12.57,26.87,28.1,29.35
GNRL,93.46,2026-07-31,1.49,-5.67,-12.58,-4.29,,
ARVIND,513.2,2026-07-31,-1.96,-3.31,-12.59,28.77,64.3,62.38
SHYAMCENT,5.19,2026-07-31,-0.57,-0.38,-12.63,-10.67,-9.42,-32.33
ELANTAS,9370.0,2026-07-31,-1.94,-1.7,-12.63,-2.43,,
AMIABLE,70.7,2026-07-30,0.0,-3.08,-12.66,-3.15,-3.02,-3.15
KARNIKA,110.7,2026-07-30,-1.03,-4.07,-12.7,-16.83,-7.71,-84.12
DHANLAXMI,27.0,2026-07-30,6.3,15.63,-12.76,-15.49,-7.06,-40.2
MAYURUNIQ,750.95,2026-07-31,-8.16,-5.49,-12.76,36.72,46.6,37.0
VBL,442.3,2026-07-31,-4.67,-5.39,-12.76,-13.8,-5.83,-15.0
TRITURBINE,601.7,2026-07-31,-3.48,-2.04,-12.77,4.96,20.29,1.24
MEGAFLEX,100.0,2026-07-30,0.0,0.0,-12.78,-31.03,-5.7,61.29
ADFFOODS,270.95,2026-07-31,-13.82,-9.83,-12.79,2.58,54.03,10.91
HITECHGEAR,571.8,2026-07-31,-1.04,-8.94,-12.8,-7.41,-12.69,-17.81
SPAL,992.1,2026-07-31,-2.2,-6.15,-12.83,22.32,47.16,20.88
MSTCLTD,618.2,2026-07-31,2.57,0.54,-12.86,42.72,36.04,31.39
POLYSIL,114.9,2026-07-30,2.13,-4.61,-12.89,-25.49,-49.7,2.5
FCONSUMER,0.27,2026-07-30,0.0,-3.57,-12.9,-20.59,-27.03,-41.3
MONEYBOXX,58.22,2026-07-31,-1.34,0.03,-12.92,-22.09,16.35,
ASALCBR,763.25,2026-07-31,-3.59,-6.6,-12.94,-14.17,-9.21,-26.11
NECCLTD,14.94,2026-07-31,-1.39,-1.32,-13.04,-3.98,1.08,-33.15
MEDPLUS,704.95,2026-07-31,-1.67,-12.02,-13.05,-19.17,-11.77,-24.24
MCLEODRUSS,51.96,2026-07-31,-1.16,-2.91,-13.14,-3.99,20.25,36.63
GLOBALE,10.89,2026-07-31,-0.73,-2.59,-13.16,-21.82,-6.04,-18.06
JKIPL,97.97,2026-07-31,1.13,5.64,-13.18,8.05,36.72,
VIVIANA,718.55,2026-07-31,-1.88,2.22,-13.2,-11.94,10.3,-41.7
MAHABANK,79.33,2026-07-31,-1.61,-1.48,-13.24,2.77,23.39,45.8
JIWANRAM,4.9,2026-07-30,0.0,-4.85,-13.27,-10.09,-7.55,-49.22
ABINFRA,10.05,2026-07-31,-2.71,-0.89,-13.29,-36.63,-48.3,-45.88
INOXWIND,78.14,2026-07-31,-0.12,-1.36,-13.29,-22.6,-27.61,-48.16
PAKKA,70.79,2026-07-31,-0.44,-1.54,-13.3,-25.33,-23.94,-63.77
JNKINDIA,437.55,2026-07-31,-6.79,-6.66,-13.3,21.32,91.65,36.02
K2INFRA,53.75,2026-07-30,-4.53,-5.78,-13.38,8.59,-10.04,-13.86
AFIL,9.3,2026-07-31,0.43,-4.12,-13.41,3.91,89.8,32.86
VINYAS,1206.65,2026-07-30,-5.36,-6.23,-13.48,5.31,12.39,-11.55
BLISSGVS,465.65,2026-07-31,1.36,-3.53,-13.54,68.58,164.57,165.17
RAJVIR,5.93,2026-07-30,0.0,-4.82,-13.56,-22.48,-29.82,-43.52
CMRGREEN,216.7,2026-07-31,-1.1,0.14,-13.56,,,
S&SPOWER,318.45,2026-07-31,-5.45,0.05,-13.59,-22.12,17.97,-14.3
BELLACASA,237.4,2026-07-31,-1.23,-2.55,-13.62,-8.57,-24.87,-41.29
BHARATCOAL,33.97,2026-07-31,-3.63,-8.81,-13.63,1.86,-14.69,
AAREYDRUGS,77.86,2026-07-31,2.51,2.43,-13.64,-14.51,15.18,18.62
CINEVISTA,15.06,2026-07-31,-1.7,-0.26,-13.7,-3.28,-4.44,-17.57
HIMATSEIDE,79.23,2026-07-31,-2.21,-7.18,-13.72,-10.77,-23.57,-43.05
PATANJALI,354.6,2026-07-31,2.23,4.54,-13.73,-22.82,-28.87,-42.78
VENUSREM,1581.6,2026-07-31,0.61,-6.63,-13.74,63.49,93.22,197.24
ESSARSHPNG,19.93,2026-07-31,-2.45,-2.06,-13.76,-26.02,-25.91,-27.16
SOTAC,90.4,2026-07-30,-4.94,-4.94,-13.9,-22.74,-23.58,-27.62
ESSENTIA,1.1,2026-07-31,1.85,-5.17,-14.06,-15.38,-36.05,-46.08
YUDIZ,24.15,2026-07-30,5.0,0.62,-14.06,-13.6,-11.54,-28.44
POWERICA,529.6,2026-07-31,-6.38,-6.62,-14.13,8.11,,
RAJRILTD,20.81,2026-07-31,0.68,-2.76,-14.19,-2.44,2.46,-22.78
DWARKESH,37.04,2026-07-31,-12.66,-14.39,-14.25,-20.92,5.39,-11.44
VEDPOWER,34.52,2026-07-31,-6.63,-9.89,-14.3,,,
NACLIND,188.93,2026-07-31,-2.16,-9.73,-14.42,17.12,30.48,-41.56
AURIONPRO,733.4,2026-07-31,-12.34,-12.66,-14.44,-15.69,-18.76,-46.01
INOXGREEN,169.89,2026-07-31,-14.65,-13.02,-14.46,-6.0,-0.04,2.92
ALKALI,70.66,2026-07-31,0.96,-16.82,-14.49,5.49,2.61,-21.53
OMAXAUTO,190.59,2026-07-31,-11.39,-18.45,-14.5,48.14,64.9,20.98
CEWATER,287.8,2026-07-31,-1.27,-7.55,-14.52,-6.76,-31.99,-53.83
REFRACTORY,26.5,2026-07-30,2.32,-1.3,-14.52,-36.75,-42.52,-50.74
AGIIL,312.1,2026-07-31,2.65,-6.63,-14.53,-21.1,21.72,44.4
TEAMLEASE,1234.9,2026-07-31,-4.57,-10.67,-14.55,0.21,-10.81,-32.69
SAHAJSOLAR,113.25,2026-07-30,-8.37,-6.79,-14.62,-27.19,-20.16,-54.53
JAIBALAJI,57.71,2026-07-31,-5.92,-9.39,-14.62,-26.29,-14.92,-48.62
BLUECOAST,24.74,2026-07-31,-3.7,-12.52,-14.63,-20.42,-7.03,-48.55
MAITREYA,119.0,2026-07-30,-0.83,-4.03,-14.63,-34.11,-38.15,-50.75
VIPCLOTHNG,21.33,2026-07-31,-2.29,-2.34,-14.65,-0.7,-17.26,-45.39
REFEX,302.8,2026-07-31,-8.67,-2.5,-14.72,15.12,34.89,-29.74
BANDHANBNK,174.13,2026-07-31,2.77,-17.61,-14.72,-12.81,12.6,4.55
SKMEGGPROD,249.85,2026-07-31,-21.63,-21.76,-14.73,51.53,26.44,68.58
INDTERRAIN,27.83,2026-07-31,-4.72,-5.63,-14.76,-7.63,-17.61,-27.41
WALCHANNAG,232.0,2026-07-31,-0.64,-7.33,-14.8,-1.28,23.47,16.59
SUPRIYA,867.0,2026-07-31,2.62,3.55,-14.84,24.77,28.24,31.31
DRREDDY,1148.1,2026-07-31,-0.23,-6.13,-14.86,-12.66,-5.15,-9.05
MADHUCON,5.14,2026-07-31,-3.93,-0.96,-14.9,-2.84,-1.34,-27.5
OWAIS,97.0,2026-07-30,-2.51,-1.32,-14.95,-43.49,-60.87,-79.68
AEPL,14.38,2026-07-31,-5.02,-9.73,-14.96,-24.28,,
GENESYS,271.6,2026-07-31,-9.63,-15.43,-14.97,1.08,-12.95,-54.76
MOXSH,101.5,2026-07-30,-4.25,-0.64,-15.06,-24.17,23.63,156.31
SERVOTECH,85.88,2026-07-31,-10.17,-14.07,-15.07,-9.53,45.44,-37.14
NARMADA,17.02,2026-07-31,3.21,-12.15,-15.09,0.5,18.24,77.11
ATLANTAELE,1539.0,2026-07-31,-4.66,-11.44,-15.16,-12.13,103.54,
KRIDHANINF,2.34,2026-07-31,0.0,-7.14,-15.22,-11.03,-44.02,-44.81
HINDWAREAP,220.45,2026-07-31,-0.27,-0.81,-15.27,1.21,-0.9,-16.84
TAKE,21.42,2026-07-31,2.78,7.21,-15.3,-49.82,-48.44,116.58
CAPACITE,214.7,2026-07-31,-1.87,-3.24,-15.38,-14.94,-3.4,-29.99
AEROENTER,119.43,2026-07-31,-2.19,-0.76,-15.45,27.95,49.64,17.06
EBGNG,528.65,2026-07-31,-9.99,-5.33,-15.48,24.52,110.79,59.67
FINCABLES,987.6,2026-07-31,-1.1,-2.74,-15.55,-0.3,36.74,12.84
SASKEN,1811.8,2026-07-31,-0.4,-4.31,-15.58,39.36,48.34,23.98
TARIL,296.5,2026-07-31,-1.98,-11.12,-15.61,-11.28,25.56,-42.0
VIPULLTD,12.05,2026-07-31,4.6,-18.91,-15.62,23.97,3.08,22.83
MSPL,34.31,2026-07-31,-5.06,-6.0,-15.62,-3.38,15.6,-0.67
INTENTECH,83.32,2026-07-31,-6.4,-9.15,-15.74,-14.09,-25.99,-0.58
JISLJALEQS,29.94,2026-07-31,-1.61,-2.48,-15.78,-7.93,-17.91,-41.52
RSSOFTWARE,30.3,2026-07-31,-5.58,-8.54,-15.83,-21.56,-19.22,-61.11
RBA,66.64,2026-07-31,-1.38,-0.16,-15.84,1.96,5.08,-18.15
AVROIND,8.71,2026-07-31,-2.57,-6.65,-15.85,-30.7,-30.84,-45.43
RNBDENIMS,9.06,2026-07-31,-2.79,-5.53,-15.88,-37.21,-82.62,
CADSYS,59.2,2026-07-30,0.0,-9.69,-15.97,-8.36,20.82,-11.38
GRANDOAK,34.85,2026-07-31,-11.03,-18.12,-16.0,14.26,,
GUJENERGY,274.5,2026-07-31,3.37,1.05,-16.07,-27.77,-35.46,-36.85
THERMAX,4306.0,2026-07-31,-3.33,-8.59,-16.2,6.03,50.23,9.72
GSTL,15.0,2026-07-30,-13.79,-15.97,-16.2,-47.37,-14.77,12.78
TEJASNET,513.0,2026-07-31,-0.01,-5.59,-16.24,23.57,50.53,-12.09
MILTON,33.4,2026-07-30,-4.98,-9.61,-16.29,-30.13,-32.11,15.57
UMA,15.4,2026-07-30,-0.65,-5.23,-16.3,-22.03,-20.0,-39.61
HCC,21.44,2026-07-31,-1.33,-5.55,-16.41,-2.72,7.09,-17.6
ACEINTEG,19.04,2026-07-31,-1.4,-4.75,-16.42,-2.36,-0.47,-22.32
MTEDUCARE,2.02,2026-07-31,1.0,11.6,-16.53,27.85,42.25,-12.93
SWSOLAR,203.96,2026-07-31,-2.07,-4.89,-16.55,-2.1,10.25,-27.46
VISHWAS,44.0,2026-07-30,0.0,-8.33,-16.59,7.32,9.59,-28.92
NAGREEKEXP,21.55,2026-07-31,-5.61,-10.06,-16.7,-20.07,-15.16,-13.28
LIKHITHA,220.8,2026-07-31,-4.13,-6.18,-16.89,3.39,36.52,-20.6
NEUEON,15.62,2026-07-30,0.0,4.69,-16.91,-19.9,75.51,199.23
GOCOLORS,327.05,2026-07-31,-0.71,-5.02,-16.92,15.99,-15.63,-60.29
DPWIRES,165.53,2026-07-31,-1.39,-4.6,-16.93,-7.43,-4.9,-22.4
ZTECH,518.05,2026-07-30,0.16,-8.95,-17.01,-16.37,-7.14,-16.19
DYNAMIC,140.2,2026-07-30,-0.28,-12.1,-17.02,-6.1,3.13,0.47
NIBE,1379.0,2026-07-31,-7.71,-11.49,-17.12,28.39,33.88,-15.34
SUPREMEPWR,206.25,2026-07-30,-1.34,-5.54,-17.12,-18.07,29.96,2.0
AERONEU,86.0,2026-07-31,-0.74,-3.74,-17.29,-3.39,24.98,-28.27
SOLEX,910.8,2026-07-31,-3.07,-7.24,-17.47,-29.31,-4.63,-34.59
SHRENIK,0.33,2026-07-31,0.0,-8.33,-17.5,-17.5,-15.38,-41.07
PREMEXPLN,664.15,2026-07-31,-0.74,0.39,-17.59,18.31,29.65,51.45
SHYAMTEL,16.29,2026-07-31,1.75,4.76,-17.6,-27.98,57.54,11.42
KLL,27.25,2026-07-30,-3.2,-8.71,-17.67,-37.64,-36.55,-64.47
DELPHIFX,6.71,2026-07-31,-4.96,-2.33,-17.77,-43.18,-55.23,-49.66
LYKALABS,60.8,2026-07-31,-5.6,-11.54,-17.78,1.84,-15.25,-47.67
REGENCERAM,32.92,2026-07-31,-2.02,-8.78,-17.78,-29.23,-25.35,-34.51
PPL,265.9,2026-07-31,-1.01,4.17,-17.83,26.32,23.79,-26.12
SAKSOFT,169.3,2026-07-31,3.14,-4.39,-17.83,21.2,-1.78,-18.84
NAGAFERT,2.62,2026-07-30,0.0,-4.73,-17.87,-33.16,-45.87,-56.48
MOKSH,10.06,2026-07-31,-2.24,-12.6,-17.88,-26.19,-26.84,-25.92
ITALIANE,29.55,2026-07-30,-7.22,-15.57,-17.92,-22.24,10.67,-12.96
AGSTRA,2.1,2026-07-30,0.0,-4.98,-17.97,-22.79,-46.97,-57.4
THANGAMAYL,5226.5,2026-07-31,-28.5,-17.92,-18.08,32.49,57.84,177.22
ORCHASP,1.63,2026-07-31,1.87,-1.81,-18.09,-20.1,-39.41,-43.79
JETKNIT,62.45,2026-07-30,0.0,0.0,-18.42,-29.99,-29.99,-43.2
RELINFRA,60.04,2026-07-30,0.0,-4.98,-18.43,-23.67,-55.21,-81.66
GENSOL,17.44,2026-07-30,0.0,-4.96,-18.43,-24.67,-37.65,-62.32
SUZLON,48.01,2026-07-31,-9.67,-9.57,-18.49,-13.62,0.71,-22.06
KALAMANDIR,89.13,2026-07-31,2.05,-2.36,-18.58,-12.06,-20.4,-49.63
GOLDSTAR,6.9,2026-07-30,-2.82,-2.13,-18.82,0.0,46.81,-28.5
KOTYARK,33.23,2026-07-31,3.94,-3.85,-19.05,-14.42,81.18,62.7
RMC,251.1,2026-07-31,-5.48,-10.11,-19.09,-46.8,,
GOLDKART,110.05,2026-07-30,-14.19,-18.48,-19.61,-42.38,-59.98,-45.61
SPRL,93.0,2026-07-30,0.0,-9.71,-19.62,-10.66,-23.65,-36.73
DIGIKORE,44.2,2026-07-30,-8.68,-13.5,-19.64,-38.05,-29.0,-74.38
IPSL,221.0,2026-07-30,-9.72,-3.91,-19.64,-9.8,-15.0,-37.55
SARTELE,114.4,2026-07-30,-2.89,-5.8,-19.8,-23.96,-42.69,-47.95
GVPIL,721.95,2026-07-31,-6.54,-12.46,-19.99,20.6,144.13,135.99
QUADFUTURE,345.95,2026-07-31,-4.62,-15.26,-20.02,11.8,13.35,-19.45
BBOX,755.5,2026-07-31,-2.6,-9.81,-20.24,18.12,46.64,48.78
EUROTEXIND,12.87,2026-07-31,4.98,0.39,-20.7,-17.76,-5.65,-10.62
WHEELS,1409.6,2026-07-31,-5.75,-3.54,-21.08,15.42,87.15,86.55
GODIGIT,254.3,2026-07-31,-0.2,-9.47,-21.21,-17.72,-21.65,-31.28
WAAREEINDO,306.7,2026-07-31,-8.46,-19.61,-21.35,-29.12,-30.64,8.65
SUMEETINDS,22.29,2026-07-31,-18.47,-36.86,-21.38,-25.72,-15.25,-9.6
ELECON,419.05,2026-07-31,-1.1,-7.9,-21.5,-17.05,2.98,-26.24
FOCUS,70.21,2026-07-31,-2.02,-6.72,-21.67,-11.61,2.68,-37.4
MAKS,18.05,2026-07-30,0.0,0.0,-21.69,-30.58,-38.81,-39.33
PATELENG,27.33,2026-07-31,-2.32,-9.35,-21.76,-3.7,-4.21,-26.49
VCL,1.07,2026-07-31,4.9,-2.73,-21.9,-29.61,-47.55,-13.01
WINNY,32.2,2026-07-30,-9.55,-9.55,-21.94,-34.95,-49.65,-65.41
AKSHOPTFBR,5.44,2026-07-31,-3.89,-1.98,-22.17,-6.04,1.49,-34.06
OSWALPUMPS,329.15,2026-07-31,-5.74,-15.52,-22.25,-20.18,-16.88,-55.71
FLEXITUFF,4.3,2026-07-31,-6.93,-13.65,-23.21,-41.58,-59.85,-86.41
MDL,61.3,2026-07-30,-11.16,-12.43,-23.28,30.43,21.39,-33.94
TIGERLOGS,28.37,2026-07-31,-10.93,-11.73,-23.43,-19.01,-6.74,
KIRLPNU,1482.4,2026-07-31,-0.48,-13.83,-23.75,-0.94,30.52,13.24
KHFM,45.65,2026-07-30,-4.5,-6.74,-24.17,-5.39,-39.54,-46.17
BLUECHIP,1.76,2026-07-31,-6.38,-14.15,-24.46,-8.33,-26.36,-63.33
KSHITIJPOL,2.97,2026-07-31,-1.0,25.32,-24.62,-9.45,47.76,-7.48
DUGLOBAL,25.9,2026-07-30,-0.19,-4.6,-24.71,-40.12,-10.69,-42.44
NEWJAISA,13.55,2026-07-30,-12.01,-17.13,-24.72,-45.8,-15.05,-59.25
MTARTECH,5726.0,2026-07-31,-0.5,-0.31,-24.86,-11.32,95.33,290.48
ISHAN,0.45,2026-07-30,-10.0,-10.0,-25.0,-35.71,-30.77,-50.0
SHANTHALA,17.55,2026-07-30,-2.5,-25.16,-25.0,-35.48,-47.46,-43.3
PANACEABIO,421.45,2026-07-31,-2.69,-23.21,-25.52,16.73,13.0,4.54
JALAN,1.6,2026-07-30,0.0,-11.11,-25.58,-13.51,-52.94,-77.93
SONUINFRA,38.85,2026-07-30,-9.65,-9.12,-25.65,-35.25,-48.17,-68.01
PRAXIS,6.13,2026-07-31,-12.8,-16.82,-25.7,-24.13,-14.74,-45.7
TIRUPATI,377.7,2026-07-30,-9.74,-18.53,-25.94,-18.84,-35.22,-22.92
SHUBHLAXMI,18.45,2026-07-30,-10.0,-7.52,-26.05,-19.96,-46.6,8.85
SABEVENTS,6.02,2026-07-31,-17.42,-24.09,-26.59,-38.51,-54.29,-8.93
PALREDTEC,44.15,2026-07-31,-2.41,-9.06,-26.66,10.24,23.12,-19.81
MEP,0.52,2026-07-31,-3.7,-11.86,-27.78,-48.0,-63.12,-69.05
MANAV,24.4,2026-07-30,-14.08,-22.29,-29.78,-35.7,-15.42,60.0
RAMCOSYS,580.9,2026-07-31,-9.22,-27.71,-30.52,41.08,24.46,51.06
PARSVNATH,1.8,2026-07-31,-6.25,-14.29,-33.58,-77.1,-79.66,-89.37
GSLSU,27.95,2026-07-31,-4.96,9.74,-33.66,-51.06,-68.74,-74.95
HARDWYN,11.27,2026-07-31,1.21,1.08,-34.4,-41.97,2.45,12.86
TICL,9.57,2026-07-31,3.35,-2.05,-34.45,-59.89,-57.41,-69.21
AQYLON,25.49,2026-07-31,2.04,-19.77,-38.13,-49.27,-84.56,-97.41
ELITECON,15.64,2026-07-31,-2.13,-12.48,-41.42,-57.62,,
GIRIRAJ,70.4,2026-07-30,-13.62,-36.52,-45.3,-64.17,-59.06,-78.8
TRIVENI,221.5,2026-07-31,-7.71,-52.91,-47.58,-46.27,-40.76,-34.86
NATIONSTD,247.9,2026-07-31,-18.51,-36.91,-80.52,-81.57,,
HEALTHADD,16.91,2026-07-31,1.74,1.74,-89.6,-88.76,-87.94,-88.73
IVZINNIFTY,280.58,2026-07-31,-89.81,-89.9,-89.73,-89.73,-90.26,-90.04
MIDQ50ADD,25.18,2026-07-31,1.57,0.92,-89.79,-89.55,-89.38,-89.93
PSUBANK,83.65,2026-07-31,-0.33,-3.26,-90.19,-90.14,-90.7,-87.78
