ticker,last_close,last_date,1W,2W,1M,3M,6M,12M
NV20,11817.4,2026-09-04,84734.17,84734.17,83179.78,83830.4,79478.45,7954.39
MBECL,258.89,2026-09-04,295.86,295.86,295.86,295.86,295.86,295.86
PVP,67.94,2026-09-04,-0.79,39.82,143.34,113.31,145.45,183.91
DSKULKARNI,19.42,2026-09-03,6.06,14.64,115.06,43.32,43.32,43.32
BODALCHEM,155.62,2026-09-04,30.89,87.7,113.76,117.38,246.67,138.46
TIJARIA,9.54,2026-09-04,53.62,62.52,95.49,116.82,108.75,38.06
CALSOFT,40.98,2026-09-04,9.95,40.29,89.2,86.36,218.41,159.53
NIRAJISPAT,387.8,2026-09-04,9.21,79.54,79.54,78.38,46.04,-6.9
AKI,7.22,2026-09-04,73.98,73.98,78.71,51.68,50.42,-20.92
KALYANIFRG,1081.05,2026-09-04,18.24,59.02,78.36,79.77,80.88,55.28
TBZ,480.85,2026-09-04,58.37,69.16,75.51,175.85,249.34,161.52
MANAV,38.7,2026-09-03,7.5,23.84,73.15,-10.83,-14.0,153.77
IMPEXFERRO,4.72,2026-09-04,7.76,18.3,71.64,114.55,177.65,121.6
VALIANTLAB,105.97,2026-09-04,10.0,5.42,70.42,42.13,101.92,23.22
AKSHARCHEM,444.85,2026-09-04,21.43,39.72,70.12,85.12,117.86,65.34
ESCONET,227.45,2026-09-03,15.08,20.89,69.74,83.35,96.93,25.42
CYBERMEDIA,26.4,2026-09-04,43.79,50.51,68.15,60.0,88.84,60.49
BIRLACABLE,376.55,2026-09-04,21.52,38.95,67.58,60.79,169.89,139.84
DOLPHIN,674.0,2026-09-04,15.56,9.34,67.5,69.99,73.2,57.4
MODISONLTD,469.95,2026-09-04,3.5,18.43,65.5,37.43,268.02,194.11
MOREPENLAB,113.74,2026-09-04,6.14,19.45,64.41,153.15,180.08,129.68
ICDSLTD,71.45,2026-09-04,74.18,74.27,63.84,65.7,84.48,46.26
ROLLT,4.37,2026-09-04,10.35,14.4,61.85,94.22,233.59,312.26
VIVO,151.05,2026-09-03,-5.59,-5.59,60.78,94.28,108.06,122.95
PAR,156.71,2026-09-04,33.54,54.47,58.02,80.73,73.03,57.48
VIJIFIN,16.58,2026-09-04,8.08,19.11,56.27,322.96,708.78,380.58
KENNAMET,4688.5,2026-09-04,6.65,10.79,56.25,59.23,91.91,91.91
OMAXE,136.38,2026-09-04,8.65,34.01,55.68,80.4,81.19,57.32
SYNCOMF,20.58,2026-09-04,5.59,19.79,54.74,41.25,69.66,20.0
INDSWFTLAB,355.95,2026-09-04,-2.44,8.76,54.62,127.17,182.01,248.49
LANCORHOL,40.35,2026-09-04,20.92,23.7,53.19,66.94,82.99,63.55
SUDEEPPHRM,1329.3,2026-09-04,9.89,17.52,52.48,75.54,128.02,
SHANTIGEAR,621.75,2026-09-04,18.32,13.25,51.83,41.64,41.88,10.65
ALLCARGO,12.44,2026-09-04,4.1,-6.68,51.52,41.36,55.31,-60.51
SHAHALLOYS,101.5,2026-09-04,-5.75,29.51,50.59,45.56,67.91,74.13
SHILPAMED,964.15,2026-09-04,1.63,12.73,49.66,83.48,205.59,129.45
WELCORP,2590.6,2026-09-04,8.35,7.53,49.18,85.3,226.78,206.87
NEPHROCARE,98.0,2026-09-03,-3.78,7.1,48.71,36.78,34.15,-42.01
PRABHA,230.6,2026-09-04,12.7,7.76,48.65,44.4,43.48,-5.47
SETL,408.95,2026-09-04,10.68,30.93,48.49,197.66,243.25,120.74
ENTERO,1827.6,2026-09-04,0.98,19.47,48.44,60.39,75.61,54.75
PCCL,440.55,2026-09-03,9.59,26.21,47.19,45.88,100.25,142.26
ARIES,500.1,2026-09-04,5.41,8.94,46.61,49.71,51.36,19.75
RATNAVEER,304.75,2026-09-04,-0.42,12.77,45.58,78.72,116.58,112.24
MANINDS,788.55,2026-09-04,4.73,9.81,45.3,61.24,94.8,90.2
RAMBHAJO,268.68,2026-09-04,11.8,26.21,44.6,,,
SBCL,1121.1,2026-09-04,4.78,12.17,44.39,54.35,166.73,122.6
STYLEBAAZA,400.25,2026-09-04,-0.15,0.87,44.34,18.72,41.41,14.15
JINDWORLD,57.51,2026-09-04,50.12,61.09,44.21,89.99,148.1,55.47
MARINE,432.15,2026-09-04,7.81,12.86,43.76,72.76,140.36,147.27
BHAGERIA,304.65,2026-09-04,21.53,36.41,43.54,70.63,105.79,53.36
SALSTEEL,81.37,2026-09-04,3.26,5.59,42.88,29.41,74.09,340.31
COMSYN,301.3,2026-09-04,1.41,4.19,42.76,96.9,95.97,97.59
CORDSCABLE,317.0,2026-09-04,12.22,25.1,42.68,45.07,94.36,81.3
UFLEX,675.6,2026-09-04,4.08,9.11,42.13,57.3,51.23,23.33
NATCAPSUQ,216.42,2026-09-04,1.9,31.42,41.86,39.31,44.44,0.93
ABSMARINE,307.15,2026-09-03,12.8,18.2,41.67,10.43,88.78,66.75
YUKEN,1010.8,2026-09-04,2.19,8.5,41.62,47.81,37.56,3.68
RPEL,1807.2,2026-09-04,2.03,8.71,41.57,79.05,179.23,189.49
KABRAEXTRU,579.15,2026-09-04,-3.52,-5.23,40.42,139.97,141.77,111.14
SABAR,9.05,2026-09-03,14.56,24.83,40.31,61.61,66.06,4.62
UNITEDPOLY,41.66,2026-09-04,10.83,8.52,40.17,23.62,80.03,28.98
SUPREMEENG,3.03,2026-09-04,7.07,17.44,39.63,215.63,225.81,180.56
AMBEY,26.8,2026-09-03,-1.83,21.54,39.58,,,
KOHINOOR,32.77,2026-09-04,-3.5,-10.15,39.45,32.14,36.6,-4.52
SETUINFRA,0.57,2026-09-04,16.33,26.67,39.02,18.75,35.71,-25.97
MENONBE,321.4,2026-09-04,11.98,23.16,38.45,129.25,182.14,160.92
QMSMEDI,158.97,2026-09-04,1.12,8.73,38.36,81.06,92.34,77.35
MAXESTATES,542.1,2026-09-04,5.78,-1.28,38.08,22.95,36.74,24.61
MOLDTECH,208.96,2026-09-04,6.62,7.92,37.96,75.32,69.36,23.53
TNPETRO,132.7,2026-09-04,9.88,14.06,37.4,52.41,51.95,28.72
BLISSGVS,671.0,2026-09-04,8.8,18.78,37.01,47.37,211.82,331.32
OAL,519.9,2026-09-04,12.07,53.59,36.8,67.31,110.51,51.57
MUKKA,31.34,2026-09-04,26.32,21.47,36.56,42.71,43.76,12.25
SILKFLEX,274.6,2026-09-03,13.03,24.54,36.55,65.62,106.85,243.25
PENTAGON,74.85,2026-09-03,46.76,43.94,36.21,32.48,18.81,45.2
GMMPFAUDLR,1147.9,2026-09-04,10.12,16.03,35.41,47.02,28.67,-0.87
MANAKSTEEL,107.3,2026-09-04,7.82,22.8,35.38,58.96,88.74,81.19
VCL,1.58,2026-09-04,-17.71,-29.15,35.04,15.33,-18.97,33.9
MMP,404.15,2026-09-04,3.24,3.07,34.93,50.92,71.2,46.33
GICL,24.6,2026-09-04,3.19,2.97,34.72,-8.65,-46.73,-80.39
FCL,51.51,2026-09-04,1.52,3.92,34.14,25.67,132.79,118.09
WELENT,813.6,2026-09-04,18.72,25.57,34.06,51.2,80.13,71.17
NIACL,229.91,2026-09-04,20.23,24.9,33.85,52.81,68.57,15.61
GATECH,0.91,2026-09-04,-17.27,-2.15,33.82,65.45,102.22,37.88
IFCI,101.38,2026-09-04,13.02,22.91,33.57,23.66,88.19,94.36
KIRIINDUS,559.1,2026-09-04,5.31,11.29,33.52,43.64,31.21,6.29
RBZJEWEL,200.69,2026-09-04,33.09,38.74,32.84,59.67,68.92,43.45
PLAZACABLE,61.32,2026-09-04,8.44,20.71,32.73,25.94,70.71,8.94
SURAKSHA,332.45,2026-09-04,-1.8,2.89,32.4,19.16,23.27,9.83
GKSL,172.81,2026-09-04,9.28,13.29,32.37,31.82,58.63,
FROG,265.9,2026-09-03,7.13,20.84,32.35,62.38,91.43,11.02
ORIENTBELL,420.1,2026-09-04,7.61,10.64,32.27,27.13,42.71,39.83
SHIVALIK,327.4,2026-09-04,1.62,20.58,31.99,36.42,15.67,-28.29
KRN,1578.7,2026-09-04,1.65,7.31,31.93,29.65,71.76,82.38
CLSL,87.25,2026-09-03,-1.19,3.87,31.8,98.3,89.26,53.07
SIGACHI,34.74,2026-09-04,6.5,13.94,31.69,62.11,78.25,11.28
PTCIL,23830.0,2026-09-04,7.76,9.96,31.66,27.51,32.64,74.11
AVADHSUGAR,809.5,2026-09-04,-5.35,-2.73,31.62,73.01,101.02,82.02
ABMINTLLTD,55.86,2026-09-04,1.23,-4.3,31.59,30.06,48.92,18.22
PREMIERPOL,95.36,2026-09-04,5.28,7.0,31.57,69.44,66.22,103.66
QPOWER,1495.3,2026-09-04,4.14,13.87,31.56,46.48,89.46,73.8
TFCILTD,143.26,2026-09-04,2.39,10.57,31.54,90.51,109.07,111.44
TVSSRICHAK,5237.5,2026-09-04,-5.11,6.72,31.52,28.79,40.78,80.63
MEP,0.71,2026-09-04,-2.74,4.41,31.48,-19.32,-27.55,-53.29
KAYA,345.1,2026-09-04,2.31,-6.06,31.47,37.3,10.04,-16.48
TDPOWERSYS,740.1,2026-09-04,-4.75,-5.13,31.41,11.78,69.05,175.45
HAPPYFORGE,2238.5,2026-09-04,-7.19,2.17,31.41,61.82,79.44,151.05
HATSUN,1168.8,2026-09-04,-1.82,11.9,31.12,29.04,31.0,27.75
VMARCIND,348.7,2026-09-03,-2.91,-12.13,30.99,-75.79,-48.8,-28.21
ALPHAGEO,323.85,2026-09-04,10.94,1.32,30.75,59.74,66.28,33.17
BALUFORGE,574.1,2026-09-04,-8.96,-9.19,30.64,20.61,26.26,-15.64
WINDLAS,1126.35,2026-09-04,13.29,13.57,30.63,39.91,50.17,15.35
RAMRAT,560.65,2026-09-04,-0.54,15.4,30.61,40.3,70.88,52.0
HOACFOODS,965.0,2026-09-03,10.8,18.94,30.58,58.21,170.99,334.88
VIVIMEDLAB,6.58,2026-09-04,-5.05,0.46,30.56,2.33,-5.05,32.93
KAMATHOTEL,225.51,2026-09-04,0.19,-0.19,30.5,25.23,22.45,-28.49
EMIL,173.74,2026-09-04,-3.8,-5.31,30.46,58.32,86.7,19.25
AMDIND,60.32,2026-09-04,7.2,12.62,30.45,25.54,53.88,18.14
MANALIPETC,86.76,2026-09-04,6.13,15.82,30.33,34.47,67.46,21.65
ALMONDZ,17.89,2026-09-04,2.05,25.99,30.3,28.43,23.55,-8.72
IOLCP,199.95,2026-09-04,3.23,18.26,30.06,46.85,184.99,106.4
GEEKAYWIRE,29.61,2026-09-04,12.25,33.32,29.86,27.7,23.44,-18.21
GFLLIMITED,62.81,2026-09-04,15.95,13.35,29.85,37.59,44.52,5.17
SAROJA,38.95,2026-09-03,-4.88,7.89,29.83,19.85,21.53,-21.31
WELSPUNLIV,208.51,2026-09-04,6.27,9.49,29.73,44.6,74.65,86.33
ARCHIDPLY,104.89,2026-09-04,-0.98,-5.94,29.72,37.89,35.46,1.05
IVP,203.34,2026-09-04,1.2,12.05,29.37,18.4,61.61,18.84
AVTNPL,91.02,2026-09-04,-1.13,4.44,29.31,32.55,53.89,23.12
KWIL,42.12,2026-09-04,-7.18,-13.39,28.85,18.25,55.37,
DIVGIITTS,1235.8,2026-09-04,4.14,1.21,28.55,57.17,78.53,83.32
PRIZOR,1176.9,2026-09-03,6.11,15.35,28.49,54.35,218.17,261.23
CYIENTDLM,856.95,2026-09-04,1.65,16.46,28.38,87.19,186.17,99.22
SUBEXLTD,17.28,2026-09-04,-6.49,-5.32,28.09,60.45,103.06,33.23
TPHQ,0.55,2026-09-04,0.0,-6.78,27.91,10.0,1.85,-25.68
GREENCHEF,66.5,2026-09-03,14.66,23.38,27.88,25.95,47.78,1.45
RSL,181.5,2026-09-04,2.16,8.69,27.72,41.19,,
URBANCO,181.09,2026-09-04,8.37,7.26,27.63,46.8,69.94,
ASIANHOTNR,384.75,2026-09-04,5.01,27.78,27.59,27.25,39.66,15.87
PRESSTONIC,34.3,2026-09-03,0.88,-4.06,27.51,0.88,-33.46,-60.35
RGL,149.26,2026-09-04,10.38,12.8,27.45,45.89,38.46,37.02
MARC,148.6,2026-09-03,1.09,4.17,27.44,82.11,144.21,
TCPLPACK,4091.9,2026-09-04,4.7,3.02,27.41,57.99,61.62,22.74
VPRPL,36.28,2026-09-04,8.46,8.1,27.39,11.56,-12.37,-68.69
INDOBORAX,514.9,2026-09-04,1.27,2.5,27.26,56.56,130.05,132.8
BTML,8.51,2026-09-04,0.83,8.55,27.2,30.92,17.22,-4.38
MARSONS,137.56,2026-09-04,5.6,13.71,27.19,4.58,,
CYIENT,1101.8,2026-09-04,-6.21,21.2,26.99,23.46,24.89,-5.62
CORDELIA,103.9,2026-09-04,0.24,-0.44,26.76,,,
BALAMINES,2525.2,2026-09-04,8.68,13.52,26.58,20.85,140.68,68.73
GIPCL,205.18,2026-09-04,2.92,15.02,26.47,19.91,53.47,7.68
BOSCH-HCIL,1818.8,2026-09-04,4.99,8.15,26.36,30.31,36.21,4.72
MAWANASUG,145.43,2026-09-04,-2.46,-3.57,26.08,54.68,82.77,61.75
SLONE,179.85,2026-09-03,3.07,13.51,26.03,16.03,1.67,-35.83
FMGOETZE,501.45,2026-09-04,-5.23,22.51,25.9,36.58,52.62,5.63
UCAL,146.02,2026-09-04,-2.58,3.46,25.89,50.16,43.52,9.24
ALEMBICLTD,111.41,2026-09-04,12.83,21.57,25.82,33.03,32.57,9.9
TURTLEMINT,144.08,2026-09-04,-0.03,-2.58,25.67,,,
ROCKINGDCE,227.15,2026-09-03,-1.28,1.38,25.5,21.37,22.78,3.25
KOPRAN,232.54,2026-09-04,6.75,19.94,25.11,28.49,92.54,40.03
VIPULLTD,13.98,2026-09-04,-7.66,-13.01,24.93,56.55,5.11,29.93
SREEL,265.52,2026-09-04,7.15,6.33,24.89,33.57,33.7,11.79
PRUDMOULI,16.25,2026-09-04,-1.52,1.56,24.81,3.57,-1.69,-57.18
INNOVACAP,1175.4,2026-09-04,9.03,10.57,24.78,34.71,81.64,28.31
ARABIAN,86.25,2026-09-03,-1.99,3.92,24.73,31.68,19.79,10.65
BLUSPRING,138.96,2026-09-04,9.94,4.47,24.65,65.82,177.75,75.79
NEWJAISA,17.75,2026-09-03,-1.11,4.72,24.56,-1.11,8.23,-54.95
MACPOWER,1904.9,2026-09-04,-4.24,-2.98,24.48,100.6,100.53,125.67
AARTIPHARM,858.8,2026-09-04,1.59,1.86,24.46,33.41,26.69,-2.07
AEPL,17.5,2026-09-04,16.28,20.86,24.29,9.24,,
VILINBIO,51.7,2026-09-03,10.23,19.81,24.28,8.39,49.86,109.31
ENGINERSIN,279.45,2026-09-04,6.71,9.66,24.26,17.58,38.97,41.75
MATRIMONY,529.05,2026-09-04,2.0,1.46,24.13,28.02,31.61,5.67
AKSHOPTFBR,7.43,2026-09-04,0.95,-5.59,24.04,12.92,66.59,-4.01
PRECWIRE,472.8,2026-09-04,-6.49,10.2,24.03,9.77,47.63,169.76
ASIANENE,517.45,2026-09-04,9.75,10.83,23.91,40.15,79.33,39.01
STLTECH,748.9,2026-09-04,2.81,13.73,23.9,14.93,348.63,597.75
ALBERTDAVD,860.25,2026-09-04,-4.19,-3.2,23.82,20.44,24.74,8.37
INFINIUM,250.0,2026-09-03,-4.94,12.56,23.76,16.9,19.65,-0.22
ELANTAS,12219.0,2026-09-04,5.3,4.55,23.76,23.27,,
FINCABLES,1220.2,2026-09-04,-1.46,-4.86,23.72,20.7,38.18,45.74
BLUECHIP,2.14,2026-09-03,-1.83,7.54,23.7,-11.2,-19.55,-51.47
DCMNVL,184.96,2026-09-04,-3.54,7.63,23.56,17.85,41.06,12.93
SIGIND,70.37,2026-09-04,-0.37,2.65,23.54,43.35,55.34,23.72
GIRIRAJ,78.55,2026-09-03,-5.25,-10.38,23.51,-49.29,-38.49,-76.2
VINYAS,1537.55,2026-09-03,-0.52,-4.09,23.44,35.68,50.9,25.23
CMNL,121.95,2026-09-03,3.35,10.36,23.43,10.46,17.26,-18.02
SAHYADRI,392.15,2026-09-04,10.09,11.64,23.39,44.37,61.41,45.65
MOL,66.66,2026-09-04,4.25,3.46,23.28,36.74,36.01,-16.46
SEL,305.0,2026-09-03,-1.1,1.5,23.23,54.82,76.3,29.24
MANORAMA,1993.4,2026-09-04,5.43,4.4,23.22,36.49,46.48,50.46
SOLARA,639.15,2026-09-04,1.03,1.6,22.76,17.65,38.45,-4.07
TARMAT,61.23,2026-09-04,-0.2,22.12,22.71,17.05,-6.8,16.14
MCX,3275.4,2026-09-04,-3.66,0.47,22.52,13.48,32.48,114.79
DYCL,487.9,2026-09-04,-1.07,12.5,22.5,50.61,74.77,11.85
CGCL,279.9,2026-09-04,9.22,19.54,22.49,38.3,84.32,51.24
WHEELS,1724.9,2026-09-04,11.54,10.47,22.44,13.49,99.0,136.78
RAYMOND,740.85,2026-09-04,17.25,17.19,22.43,41.99,94.78,21.31
MSTCLTD,734.2,2026-09-04,-2.25,0.49,22.41,38.05,66.47,51.05
MANYAVAR,594.2,2026-09-04,8.98,11.28,22.29,48.49,59.95,-18.4
SUNDRMFAST,1212.3,2026-09-04,0.7,-0.57,22.1,46.61,45.74,20.3
NILKAMAL,2116.5,2026-09-04,5.5,4.45,22.01,70.01,61.44,38.58
SUVEN,378.0,2026-09-04,-3.58,2.23,21.99,41.92,182.55,78.58
MARKSANS,326.75,2026-09-04,1.6,0.88,21.76,37.01,91.37,90.96
BEML,2057.8,2026-09-04,6.29,7.46,21.72,18.62,28.47,4.46
AVALON,2196.6,2026-09-04,-7.45,3.64,21.67,34.13,132.22,154.35
VARROC,826.35,2026-09-04,-4.14,1.72,21.64,37.64,60.88,47.57
SONAMLTD,65.84,2026-09-04,-15.39,2.22,21.54,15.28,37.19,34.84
ROLEXRINGS,171.72,2026-09-04,-4.91,-5.23,21.49,26.13,37.01,23.53
GULFPETRO,65.91,2026-09-04,-2.53,-6.54,21.39,54.44,106.72,59.29
PRAENG,24.69,2026-09-04,14.89,30.84,21.33,11.52,13.62,-11.22
SEAMECLTD,1793.6,2026-09-04,7.09,8.37,21.29,9.88,34.68,91.98
NRAIL,584.0,2026-09-04,14.51,13.0,21.25,25.3,34.6,52.26
AYMSYNTEX,310.7,2026-09-04,10.79,25.01,21.25,38.05,54.45,60.73
CANARYS,25.8,2026-09-03,5.52,13.16,21.13,19.72,17.54,-16.37
TIIL,3194.6,2026-09-04,-2.65,-7.17,21.06,27.41,52.89,30.1
MAZDA,270.0,2026-09-04,8.81,16.36,21.05,19.67,42.15,-3.89
BAJAJHIND,21.86,2026-09-04,-2.71,-9.78,21.04,13.21,27.02,3.11
PCJEWELLER,11.86,2026-09-04,7.92,6.65,20.77,28.63,31.34,-9.81
IVC,10.24,2026-09-04,13.15,26.42,20.75,25.18,45.25,27.22
DEEPINDS,786.45,2026-09-04,14.0,15.99,20.71,50.3,121.79,43.77
LENSKART,684.9,2026-09-04,3.4,3.81,20.69,33.5,30.76,
VSSL,364.15,2026-09-04,2.25,4.64,20.65,32.71,49.98,38.53
MAHSEAMLES,688.1,2026-09-04,5.34,10.06,20.64,13.63,26.85,8.01
UNIPARTS,874.05,2026-09-04,-2.17,8.15,20.6,41.38,98.7,127.71
FINKURVE,72.31,2026-09-04,0.11,-9.19,20.5,17.41,3.69,
DICIND,618.6,2026-09-04,7.25,4.48,20.5,24.79,21.83,6.78
RADHIKAJWE,83.16,2026-09-04,23.29,23.62,20.45,44.35,38.0,-11.67
MOTILALOFS,1037.0,2026-09-04,-0.57,4.75,20.44,20.41,46.98,20.04
BRIGADE,696.1,2026-09-04,6.14,6.42,20.39,43.43,41.99,0.31
EIMCOELECO,2254.4,2026-09-04,2.69,0.38,20.31,47.0,45.17,12.43
TIMEX,669.85,2026-09-04,-1.41,12.53,20.27,53.95,,
REMSONSIND,99.35,2026-09-04,0.88,20.34,20.26,16.99,-6.77,-21.56
RUBYMILLS,428.3,2026-09-04,11.43,9.3,20.17,27.39,110.07,92.36
LUMAXTECH,1951.9,2026-09-04,-6.09,-0.63,19.82,15.74,27.68,84.86
KMEW,3033.4,2026-09-04,3.73,11.82,19.79,58.4,93.33,241.08
DCG,65.35,2026-09-03,14.85,17.85,19.69,13.85,10.39,-3.9
KHADIM,117.3,2026-09-04,0.98,15.17,19.69,16.86,2.75,-50.45
GHCLTEXTIL,136.72,2026-09-04,1.45,10.07,19.68,42.73,89.31,78.2
AKIKO,404.0,2026-09-03,2.96,-0.82,19.58,50.83,94.61,129.81
ACCENTMIC,607.4,2026-09-03,1.8,2.94,19.57,29.21,76.07,116.0
UCL,249.75,2026-09-03,-1.98,-1.98,19.55,60.35,233.44,453.16
KSHINTL,1087.8,2026-09-04,14.86,11.12,19.51,32.22,199.92,
NDL,2.83,2026-09-04,0.0,-6.91,19.41,10.12,15.04,-17.25
IRISDOREME,63.58,2026-09-04,8.72,10.38,19.4,74.34,101.59,96.66
SHARDUL,54.49,2026-09-04,4.87,4.63,19.34,97.64,,
MAHASTEEL,1282.5,2026-09-04,-6.59,9.08,19.31,36.28,68.23,229.4
KSR,34.61,2026-09-04,21.06,20.17,19.22,5.04,7.09,
PANACHE,525.0,2026-09-04,-0.94,-4.29,19.13,48.28,63.63,104.72
UEL,241.6,2026-09-04,21.54,40.33,19.07,73.56,49.29,113.18
FOSECOIND,6263.0,2026-09-04,-2.63,16.89,19.0,28.79,22.73,-2.15
CUPID,283.15,2026-09-04,0.96,-1.14,18.98,112.75,273.4,690.83
SHIGAN,73.95,2026-09-03,-4.58,9.52,18.97,1.88,21.69,3.15
LAMBODHARA,134.67,2026-09-04,-4.75,-4.95,18.88,24.78,36.28,6.98
PALREDTEC,55.83,2026-09-04,5.12,-4.22,18.79,16.0,83.65,10.12
SAPPHIRE,228.43,2026-09-04,-2.55,-8.37,18.79,26.29,19.45,-29.93
UGARSUGAR,53.35,2026-09-04,-4.03,-8.03,18.61,33.2,39.38,16.97
PAYTM,1659.5,2026-09-04,-3.35,2.22,18.54,56.78,58.73,33.71
STLNETWORK,28.87,2026-09-04,2.56,12.73,18.51,-2.5,48.58,32.74
GLOBECIVIL,48.15,2026-09-04,3.13,14.32,18.48,22.18,6.55,-38.07
ELECTCAST,83.71,2026-09-04,0.32,12.32,18.43,13.07,29.74,-13.75
JYOTICNC,1003.9,2026-09-04,0.9,2.41,18.4,67.88,26.13,13.56
KANPRPLA,250.2,2026-09-04,-6.54,-9.33,18.38,30.82,48.83,16.26
WAKEFIT,151.55,2026-09-04,3.25,9.97,18.38,30.97,-18.19,
QUADFUTURE,417.9,2026-09-04,-0.87,-6.57,18.35,28.8,50.19,-11.83
JGCHEM,598.15,2026-09-04,-5.55,-1.64,18.27,41.79,70.53,28.33
EBGNG,601.25,2026-09-04,-1.84,-0.34,18.25,34.4,72.67,69.15
VISHNU,702.0,2026-09-04,7.64,10.08,18.23,15.24,46.32,44.93
INOXINDIA,2247.8,2026-09-04,5.32,15.78,18.22,49.54,98.47,93.96
JUBLCPL,2222.6,2026-09-04,-4.01,4.49,18.07,18.31,24.37,-21.44
SINGERIND,76.98,2026-09-04,0.69,-2.69,17.89,11.34,,
UDS,239.03,2026-09-04,6.36,8.11,17.85,31.18,58.97,-3.02
MAHAPEXLTD,53.51,2026-09-04,-5.56,-10.79,17.84,10.35,-37.26,-47.53
NECCLTD,18.51,2026-09-04,13.77,11.57,17.75,21.62,42.38,-10.8
SHANTIGOLD,256.34,2026-09-04,3.92,-5.24,17.62,15.2,31.48,9.97
ELLEN,331.85,2026-09-04,2.98,3.25,17.61,19.93,51.32,-37.08
SHEETAL,348.0,2026-09-03,3.88,3.19,17.61,17.57,45.0,178.36
NEULANDLAB,22660.0,2026-09-04,-1.52,-1.07,17.57,34.65,77.69,55.36
LYKALABS,78.36,2026-09-04,3.98,4.35,17.55,29.82,28.95,-21.35
DVL,290.05,2026-09-04,6.25,2.27,17.47,20.52,28.77,-13.33
SIL,19.59,2026-09-04,2.3,-2.78,17.46,26.36,42.2,12.04
KAVDEFENCE,67.14,2026-09-04,19.47,17.54,17.42,6.0,8.1,-13.75
WELINV,2230.7,2026-09-04,0.75,5.07,17.41,25.76,80.1,111.74
INDOCO,262.51,2026-09-04,7.88,19.76,17.41,23.08,33.82,-3.88
VERTEXPLUS,54.0,2026-09-03,4.96,7.14,17.39,-22.25,-44.98,-45.92
UMA,17.55,2026-09-03,-5.39,6.69,17.39,-9.3,-5.9,-25.32
BAHETI,849.45,2026-09-03,-1.43,2.37,17.29,37.3,48.41,50.97
YATHARTH,991.1,2026-09-04,-1.08,9.21,17.29,22.78,49.69,29.0
SUDARSCHEM,1222.8,2026-09-04,-3.47,-1.08,17.29,38.34,48.57,-13.61
APLAPOLLO,2250.0,2026-09-04,1.2,4.9,17.19,24.42,6.15,34.5
SICAGEN,58.28,2026-09-04,7.85,8.83,17.19,2.03,,
GLOBAL,120.45,2026-09-04,12.55,12.05,17.14,12.06,25.52,84.97
CUB,236.01,2026-09-04,2.98,11.22,17.14,29.04,21.67,63.68
SANGANI,52.0,2026-09-03,-0.95,-5.2,17.12,15.56,13.79,-25.07
GCSL,595.15,2026-09-04,6.94,16.21,17.12,44.56,61.88,87.82
UMAEXPORTS,23.97,2026-09-04,-7.63,-1.56,16.98,-3.93,-3.27,-51.37
AZAD,2777.3,2026-09-04,-2.95,-0.68,16.97,26.21,69.8,76.31
VINDHYATEL,2732.7,2026-09-04,7.78,14.42,16.95,26.79,170.78,81.79
LMW,18774.0,2026-09-04,-1.06,-4.01,16.87,19.09,28.14,31.1
PROZONER,49.76,2026-09-04,10.77,19.27,16.86,-2.95,9.43,13.22
GILLANDERS,103.19,2026-09-04,-2.21,0.91,16.8,14.66,19.41,-18.62
PONNIERODE,382.45,2026-09-04,-5.17,-9.34,16.74,27.0,34.25,29.6
RUBICON,1768.3,2026-09-04,-2.82,-0.44,16.73,36.35,131.86,
REMUS,894.1,2026-09-03,-0.59,-3.58,16.72,22.69,47.2,1.66
AVONMORE,13.02,2026-09-04,-5.58,-4.12,16.67,28.53,-5.1,-31.22
DURLAX,66.5,2026-09-03,1.68,3.91,16.67,19.93,48.77,64.4
ZEEMEDIA,8.22,2026-09-04,-4.97,-11.8,16.6,-1.79,3.66,-32.9
PKTEA,802.65,2026-09-04,7.59,4.19,16.6,0.06,5.55,2.76
ATLANTAELE,1881.7,2026-09-04,2.8,3.42,16.59,-12.54,117.09,
SMVD,17.0,2026-09-03,0.0,0.0,16.44,47.19,83.78,123.68
IDEA,15.02,2026-09-04,4.82,6.75,16.43,0.6,50.35,127.23
RACLGEAR,1576.1,2026-09-04,2.62,4.14,16.42,25.22,15.18,67.93
IPCALAB,1965.3,2026-09-04,-0.49,2.34,16.37,22.19,33.67,47.26
UNIVASTU,168.34,2026-09-04,7.05,2.35,16.35,111.4,161.11,96.31
CSLFINANCE,251.77,2026-09-04,5.04,11.89,16.34,11.49,0.13,-13.29
DEVYANI,139.28,2026-09-04,0.37,-6.6,16.31,22.68,17.36,-22.32
GUJTHEM,411.35,2026-09-04,-2.57,-0.09,16.3,-0.07,43.18,7.88
SECMARK,144.4,2026-09-04,-11.56,14.6,16.25,11.69,29.21,8.41
JTLIND,91.67,2026-09-04,1.93,15.28,16.24,29.13,71.38,17.67
MOTISONS,16.48,2026-09-04,1.48,0.12,16.22,39.31,15.0,-14.3
MANGLMCEM,1095.2,2026-09-04,2.19,4.76,16.13,29.79,29.08,41.52
SMLMAH,6298.5,2026-09-04,23.31,21.03,16.1,68.87,46.43,66.54
SOTL,740.75,2026-09-04,7.59,8.65,16.04,32.23,107.79,84.09
SIMPLEXINF,270.5,2026-09-04,0.62,6.6,16.01,7.94,39.39,-6.47
SAILIFE,1584.3,2026-09-04,8.54,10.33,15.95,36.66,57.75,86.72
AEROFLEX,537.45,2026-09-04,2.29,6.58,15.88,22.43,146.52,205.49
RMDRIP,21.13,2026-09-04,-0.94,14.77,15.84,29.95,-36.61,-51.52
NECLIFE,12.19,2026-09-04,-2.79,13.71,15.76,1.75,2.27,-16.85
PROV,1875.0,2026-09-03,-0.32,3.02,15.74,17.19,56.25,91.82
DTIL,150.64,2026-09-04,-6.83,7.66,15.7,15.37,15.22,-20.46
SKYGOLD,781.45,2026-09-04,-3.18,-2.07,15.68,36.76,134.39,177.9
EDELWEISS,136.08,2026-09-04,6.89,8.51,15.64,22.52,26.25,22.04
JALAN,1.85,2026-09-03,-2.63,-5.13,15.62,-7.5,-30.19,-66.06
BANG,34.79,2026-09-04,-0.2,2.2,15.58,-8.35,-9.14,-31.16
DBOL,124.99,2026-09-04,-1.77,-2.69,15.57,15.72,21.54,47.89
VOLTAMP,11418.0,2026-09-04,4.67,1.12,15.55,21.9,34.33,45.27
TOTAL,70.88,2026-09-04,3.26,-1.08,15.52,37.49,14.97,0.61
DHUNINV,1019.15,2026-09-04,3.09,5.29,15.52,27.82,13.56,-28.49
JINDALSAW,305.3,2026-09-04,-1.4,6.28,15.47,17.42,82.16,49.96
PITTIENG,1084.9,2026-09-04,-1.94,-1.22,15.45,16.11,25.49,19.8
RATNAMANI,2727.0,2026-09-04,2.92,1.11,15.36,3.74,14.16,13.52
GVPTECH,8.05,2026-09-04,-6.29,10.12,15.33,20.87,21.23,-21.46
HALDER,293.5,2026-09-04,1.14,-1.04,15.32,16.99,21.26,
SHREERAMA,44.12,2026-09-04,6.13,-2.63,15.23,-2.43,-12.84,-31.88
CNL,1215.5,2026-09-04,-5.01,1.11,15.13,91.86,81.72,92.99
ZIMLAB,125.5,2026-09-04,2.29,1.25,15.11,16.62,82.17,68.46
DCBBANK,220.74,2026-09-04,1.16,10.51,15.09,27.47,28.35,75.67
TEJASNET,614.15,2026-09-04,9.72,20.59,15.02,2.03,22.92,2.61
POLICYBZR,1836.0,2026-09-04,-2.08,2.86,14.97,19.51,24.05,-1.52
DOLLEX,35.0,2026-09-03,-3.58,5.58,14.94,15.51,16.67,-14.11
KTKBANK,340.1,2026-09-04,1.48,2.06,14.88,29.36,69.31,99.32
GNFC,596.7,2026-09-04,3.82,0.62,14.81,18.65,39.11,15.91
RAJSREESUG,35.47,2026-09-04,-6.16,-10.61,14.75,7.13,25.07,-20.58
AKUMS,765.75,2026-09-04,-1.41,-0.6,14.74,38.5,64.68,65.23
APOLLOPIPE,605.1,2026-09-04,-3.5,-0.68,14.74,26.24,71.53,51.07
SGMART,824.75,2026-09-04,2.67,1.63,14.74,43.19,79.86,
SOLARINDS,21445.0,2026-09-04,6.65,7.63,14.68,17.3,47.75,52.63
DWARKESH,47.31,2026-09-04,-9.75,-13.89,14.66,7.56,19.69,6.48
AUSOMENT,161.79,2026-09-04,8.05,9.55,14.66,33.72,67.62,55.8
KINGFA,5932.5,2026-09-04,-1.95,3.28,14.65,10.47,43.56,35.6
HINDOILEXP,185.0,2026-09-04,14.16,17.4,14.56,10.49,24.28,5.64
VIVIANA,804.7,2026-09-04,10.6,10.69,14.52,-8.84,26.08,-36.74
SAHLIBHFI,89.52,2026-09-04,15.21,22.01,14.5,15.51,,
GODREJAGRO,644.85,2026-09-04,4.8,12.59,14.49,14.0,9.57,-10.0
GYFTR,182.54,2026-09-04,4.53,13.65,14.47,,,
KRBL,421.95,2026-09-04,-0.07,-3.62,14.47,20.2,31.65,-6.64
NRL,126.92,2026-09-04,3.61,5.76,14.46,76.25,144.74,76.06
RBA,97.15,2026-09-04,-0.97,-8.74,14.42,41.78,54.3,20.88
GLAND,2932.4,2026-09-04,1.61,4.67,14.38,33.12,72.94,56.66
SSWL,361.85,2026-09-04,18.39,22.79,14.33,58.65,84.58,62.53
CHENNPETRO,1452.2,2026-09-04,6.2,2.84,14.32,27.29,52.77,120.47
AMANTA,194.03,2026-09-04,2.77,-5.43,14.3,46.7,95.01,
WSTCSTPAPR,650.25,2026-09-04,6.28,6.0,14.3,27.82,66.33,28.41
RANASUG,14.8,2026-09-04,-5.37,-7.04,14.29,15.0,25.11,-0.94
VOEPL,553.2,2026-09-04,-0.52,11.04,14.26,,,
RNBDENIMS,10.27,2026-09-04,-0.48,26.63,14.24,1.28,-80.01,-70.19
NIDAN,14.85,2026-09-03,12.5,1.71,14.23,4.21,-7.19,-18.63
MARINETRAN,16.1,2026-09-03,0.0,0.0,14.18,1.26,-20.69,3.21
AAREYDRUGS,95.79,2026-09-04,8.59,22.65,14.17,23.87,39.31,39.31
CMRSL,69.7,2026-09-03,7.23,6.33,14.17,8.39,5.83,-13.13
ANDHRSUGAR,99.51,2026-09-04,-0.13,0.23,14.13,25.17,36.13,30.06
HFCL,231.44,2026-09-04,-7.09,-2.93,14.13,17.43,248.03,231.15
KRONOX,184.69,2026-09-04,4.14,-10.07,14.13,39.35,62.01,11.41
NAHARINDUS,137.63,2026-09-04,0.86,-6.75,14.11,15.08,47.96,21.76
MILTON,36.5,2026-09-03,-3.95,-9.09,14.06,-9.88,-23.96,26.3
ANTHEM,934.05,2026-09-04,4.59,5.74,14.01,25.62,40.29,10.96
MMFL,630.1,2026-09-04,-3.08,-0.9,13.97,39.71,45.88,100.41
HERITGFOOD,382.35,2026-09-04,5.83,-1.34,13.95,19.32,25.44,-19.38
MARALOVER,61.83,2026-09-04,13.45,12.09,13.91,8.23,52.03,17.66
SUNREST,38.75,2026-09-03,-2.15,-5.49,13.9,13.97,-13.89,-21.24
SERVICE,69.4,2026-09-03,-2.87,8.1,13.77,30.94,33.46,26.18
IMAGICAA,55.38,2026-09-04,-1.62,11.81,13.72,25.78,37.59,-0.54
TBI,72.7,2026-09-03,3.34,12.89,13.68,1.47,3.49,-18.73
BOSCHLTD,46820.0,2026-09-04,-6.36,-2.66,13.64,27.37,41.14,15.68
SMARTWORKS,541.5,2026-09-04,0.73,-1.63,13.61,20.28,41.74,-0.26
LGBBROSLTD,1702.8,2026-09-04,0.61,6.28,13.6,11.97,-5.2,29.49
KOTARISUG,29.92,2026-09-04,-9.28,-23.6,13.59,20.02,18.35,-7.34
KAMDHENU,39.24,2026-09-04,7.27,13.51,13.57,52.57,79.51,38.58
TRIVENI,275.65,2026-09-04,-6.76,-6.83,13.51,-25.59,-30.59,-23.59
GENCON,44.63,2026-09-04,-5.5,7.36,13.48,12.19,2.69,7.08
MAHICKRA,295.0,2026-09-03,-0.67,3.53,13.46,17.16,56.39,96.79
MTARTECH,7161.0,2026-09-04,1.67,5.12,13.44,-7.67,104.34,406.4
SAIL,196.8,2026-09-04,0.92,9.55,13.4,-0.26,26.46,56.2
GANDHAR,267.6,2026-09-04,3.83,4.28,13.34,66.88,102.97,82.32
ABINFRA,11.35,2026-09-04,-0.79,-12.29,13.27,7.69,-34.54,-47.68
MAITHANALL,1090.55,2026-09-04,11.68,9.72,13.27,5.29,15.79,2.64
BIL,907.85,2026-09-04,6.53,8.67,13.23,25.65,24.13,5.35
INDORAMA,72.96,2026-09-04,10.68,16.53,13.19,64.1,116.18,35.46
MODTHREAD,54.37,2026-09-04,1.47,0.3,13.15,16.62,50.36,-4.19
INDIQUBE,194.54,2026-09-04,1.43,0.42,13.15,20.32,17.69,-16.16
20MICRONS,222.49,2026-09-04,2.05,4.33,13.1,18.22,32.55,-4.04
RISHABH,738.45,2026-09-04,4.68,5.56,13.09,44.11,89.85,55.94
THANGAMAYL,5332.0,2026-09-04,-1.48,-2.94,13.03,-3.15,48.33,143.92
NPST,1718.8,2026-09-04,2.89,10.05,12.99,20.31,64.45,-18.93
APARINDS,17421.0,2026-09-04,-1.59,4.29,12.88,27.08,73.83,120.6
VITAL,55.72,2026-09-04,5.01,3.61,12.84,1.09,14.89,-2.07
SINCLAIR,83.5,2026-09-04,1.36,10.86,12.79,12.47,11.11,-21.49
SILINV,478.8,2026-09-04,-2.04,-0.81,12.78,13.47,15.56,-17.92
COFORGE,1972.8,2026-09-04,-0.63,5.33,12.74,37.97,69.4,17.64
CPCAP,128.33,2026-09-04,9.42,7.52,12.72,33.79,45.38,-11.09
UNIMECH,1502.7,2026-09-04,0.85,0.22,12.64,37.25,77.15,46.76
SHREEPUSHK,475.25,2026-09-04,1.01,11.33,12.63,27.91,54.93,38.69
IGPL,567.4,2026-09-04,6.1,13.24,12.6,32.53,74.34,28.46
DIFFNKG,474.9,2026-09-04,-2.18,18.68,12.5,46.51,93.85,25.0
SHIVATEX,182.86,2026-09-04,0.93,8.22,12.49,23.47,23.04,0.27
XPROINDIA,1325.1,2026-09-04,15.41,13.01,12.47,11.89,49.94,11.7
ULTRAMAR,437.15,2026-09-04,-1.29,5.85,12.38,11.26,,
MHLXMIRU,174.89,2026-09-04,-1.91,-7.55,12.32,-3.38,4.74,-20.96
ASKAUTOLTD,618.85,2026-09-04,-6.22,0.56,12.25,42.59,60.85,19.44
JAYSREETEA,98.95,2026-09-04,2.76,-4.58,12.24,13.36,33.66,1.51
INDIFRA,12.85,2026-09-03,4.9,7.53,12.23,-7.55,-5.51,-17.89
ANTELOPUS,957.15,2026-09-04,22.04,19.85,12.22,4.57,72.77,72.09
UMIYA-MRO,104.42,2026-09-04,8.61,17.22,12.21,20.7,29.86,27.76
KPRMILL,1186.3,2026-09-04,0.74,6.65,12.2,7.77,39.27,20.24
NAVINFLUOR,8557.5,2026-09-04,-1.36,4.53,12.17,20.83,41.01,79.89
KEL,94.7,2026-09-03,2.93,18.97,12.14,,,
OILCOUNTUB,65.0,2026-09-04,1.51,9.39,12.09,11.4,36.24,-21.25
TREL,27.44,2026-09-04,1.89,1.55,12.09,5.74,14.86,-14.84
GUFICBIO,444.9,2026-09-04,6.86,6.46,12.08,25.58,62.71,22.12
CRAFTSMAN,11398.0,2026-09-04,1.78,7.54,12.02,24.39,53.77,66.95
LICHSGFIN,562.05,2026-09-04,4.39,14.38,11.98,5.09,10.68,3.43
OSWALSEEDS,11.72,2026-09-04,-0.26,-5.18,11.94,6.26,-0.26,-23.15
MARATHON,437.9,2026-09-04,6.02,3.57,11.87,4.67,4.2,-28.24
MANINFRA,124.8,2026-09-04,1.78,9.78,11.82,12.07,25.23,-21.94
NITINSPIN,639.05,2026-09-04,1.86,10.15,11.79,18.0,76.41,91.42
GLAXO,2958.1,2026-09-04,-3.02,0.9,11.75,36.53,22.02,6.37
VINCOFE,170.65,2026-09-04,-8.14,7.34,11.72,13.52,24.63,16.38
GOLDSTAR,7.7,2026-09-03,2.67,3.36,11.59,-6.67,-6.67,-12.5
SAHANA,927.9,2026-09-03,-0.03,3.93,11.58,15.89,-7.07,-23.55
SAKHTISUG,19.78,2026-09-04,-6.7,-11.7,11.5,13.68,17.39,-12.52
KSHITIJPOL,3.3,2026-09-04,10.37,16.61,11.49,-42.0,32.0,5.77
HMT,66.91,2026-09-04,9.31,9.74,11.44,20.56,-0.1,17.8
SUPERSPIN,6.95,2026-09-04,8.26,16.22,11.38,39.56,11.56,-27.15
HARSHA,454.35,2026-09-04,-0.34,2.59,11.33,15.84,28.25,12.6
MANGALAM,30.02,2026-09-04,-5.42,-1.38,11.27,5.37,2.56,-61.24
RADIANTCMS,41.78,2026-09-04,5.24,17.16,11.21,9.11,14.25,-24.58
MANAKSIA,63.05,2026-09-04,7.36,8.52,11.12,8.02,13.3,-10.17
ISHAN,0.5,2026-09-03,0.0,0.0,11.11,-16.67,-16.67,-41.18
UTTAMSUGAR,281.2,2026-09-04,-9.89,-15.82,11.09,21.13,38.25,6.86
KHAICHEM,54.86,2026-09-04,-1.24,1.67,11.08,-0.54,0.01,-56.1
CHEMBONDCH,254.45,2026-09-04,-0.81,-7.1,11.06,39.66,79.43,33.09
KOLTEPATIL,441.85,2026-09-04,-1.11,-2.27,11.02,21.05,31.58,-3.39
SIGMAADV,762.4,2026-09-04,-2.5,15.56,11.01,66.21,383.11,449.56
RUDRA,20.33,2026-09-04,-1.26,-6.14,10.97,13.51,15.31,
TREJHARA,152.01,2026-09-04,3.58,-2.69,10.88,7.31,-15.6,-20.92
QUESS,354.75,2026-09-04,-7.07,4.77,10.87,66.55,92.69,37.77
ADOR,1674.4,2026-09-04,-1.81,3.01,10.83,52.08,68.2,79.94
KHAITANLTD,162.0,2026-09-04,16.45,6.62,10.82,24.41,73.04,44.45
EPIGRAL,1219.7,2026-09-04,1.36,1.41,10.81,4.13,42.77,-30.9
THELEELA,554.05,2026-09-04,-2.87,0.79,10.79,32.58,26.58,34.76
DHAMPURSUG,167.59,2026-09-04,-6.47,-7.3,10.71,20.11,31.71,24.12
CPS,1164.0,2026-09-03,1.22,6.63,10.71,12.74,3.47,59.28
GAYAPROJ,21.76,2026-09-04,0.6,-2.6,10.68,4.11,71.34,153.02
SAKAR,1013.9,2026-09-04,17.44,12.72,10.68,24.43,94.44,197.37
PASUPTAC,67.64,2026-09-04,9.18,10.4,10.67,-0.69,36.01,60.09
PURVA,230.72,2026-09-04,8.35,7.66,10.67,9.25,27.9,-20.32
JUNIPER,216.82,2026-09-04,1.15,3.68,10.64,7.76,4.99,-25.66
EXPLEOSOL,899.0,2026-09-04,4.89,1.92,10.45,17.97,37.66,-0.77
RML,1295.9,2026-09-04,14.71,11.64,10.42,43.93,64.51,54.76
UNIVCABLES,1576.3,2026-09-04,-4.36,-3.4,10.41,27.31,136.69,122.26
AMBICAAGAR,27.21,2026-09-04,12.07,9.45,10.39,10.25,13.42,0.74
UTLSOLAR,429.75,2026-09-04,-6.79,-6.55,10.32,21.91,145.81,
ARTEMISMED,332.8,2026-09-04,4.84,1.19,10.29,22.97,42.87,46.79
VERA,86.25,2026-09-03,0.0,0.0,10.22,25.0,23.21,26.84
ARIHANTACA,496.0,2026-09-03,3.33,6.67,10.22,7.83,6.2,30.42
CRISIL,4802.0,2026-09-04,-0.41,7.23,10.21,23.29,12.61,-2.66
SBC,45.76,2026-09-04,8.56,14.92,10.19,22.03,44.35,126.76
AYE,184.81,2026-09-04,2.95,10.55,10.16,22.54,56.82,
VALIANTORG,320.25,2026-09-04,10.18,9.34,10.15,8.84,44.45,-5.25
MANOMAY,234.97,2026-09-04,5.33,9.41,10.09,34.64,10.76,42.91
JAIBALAJI,69.73,2026-09-04,-3.37,6.43,10.09,-0.91,13.99,-31.04
INGERRAND,4844.7,2026-09-04,-0.08,4.11,10.07,26.23,28.34,27.1
PINELABS,166.37,2026-09-04,1.43,5.6,10.04,16.96,-3.74,
STOVEKRAFT,832.55,2026-09-04,-1.55,1.8,10.03,27.97,70.15,23.38
SIMBHALS,7.8,2026-09-04,-7.47,-10.24,10.01,13.87,-10.76,-48.65
LOKESHMACH,364.6,2026-09-04,5.6,13.87,9.98,45.35,95.16,79.91
UNICHEMLAB,550.2,2026-09-04,-1.14,7.92,9.97,47.7,74.0,9.68
KPIL,1406.6,2026-09-04,0.41,1.27,9.92,9.81,26.31,12.4
SOMANYCERA,557.35,2026-09-04,0.01,0.95,9.87,10.24,50.71,19.58
VENUSREM,1694.4,2026-09-04,1.85,0.44,9.81,9.61,152.53,267.68
HISARMETAL,162.19,2026-09-04,3.08,8.61,9.76,12.11,4.77,-13.85
GPPL,161.62,2026-09-04,-0.6,1.91,9.71,7.99,2.51,14.05
GLENMARK,2437.2,2026-09-04,-1.73,2.05,9.65,11.88,19.61,22.84
MAHABANK,85.95,2026-09-04,4.73,6.51,9.6,9.21,27.54,70.23
ACMESOLAR,418.0,2026-09-04,3.99,2.16,9.52,20.86,86.13,41.96
AIMTRON,1620.35,2026-09-03,-0.94,-3.63,9.51,24.05,115.97,142.88
UWCSL,110.25,2026-09-03,9.37,9.37,9.48,12.73,12.33,-9.84
BALAJITELE,93.17,2026-09-04,1.38,-2.64,9.46,5.9,-0.77,-14.66
RADIOWALLA,30.2,2026-09-03,4.68,18.43,9.42,5.96,-40.2,-49.75
KAPSTON,584.05,2026-09-04,-0.47,14.03,9.42,73.41,122.64,141.59
GOKUL,42.96,2026-09-04,3.15,-3.16,9.42,6.26,11.18,8.59
LUMAXIND,6181.5,2026-09-04,-0.83,6.42,9.4,17.85,10.46,48.92
PARADEEP,157.0,2026-09-04,-0.93,6.12,9.39,25.79,44.95,-23.47
INDIGOPNTS,1185.8,2026-09-04,3.29,4.23,9.33,24.59,31.11,3.3
GALAXYSURF,2165.0,2026-09-04,-4.02,-6.54,9.31,24.83,12.53,-7.41
CAPLIPOINT,2810.8,2026-09-04,11.65,12.61,9.29,39.17,70.63,33.21
BANARISUG,3803.3,2026-09-04,-3.12,-4.87,9.28,5.65,5.66,4.18
KANORICHEM,155.56,2026-09-04,-2.21,0.58,9.22,64.75,137.24,88.56
ATHERENERG,1584.0,2026-09-04,-7.78,9.01,9.21,60.3,125.96,225.22
RBLBANK,414.35,2026-09-04,8.94,6.79,9.16,17.43,35.74,56.86
TRIGYN,58.97,2026-09-04,-2.95,11.88,9.14,2.4,18.03,-21.13
SKFINDUS,3002.5,2026-09-04,0.64,9.26,9.13,25.82,27.25,
SRHHYPOLTD,531.05,2026-09-04,5.88,11.35,9.11,4.78,20.05,-12.81
NETWEB,5193.0,2026-09-04,0.08,-4.79,9.11,5.31,50.12,95.93
TFL,12.36,2026-09-04,3.6,3.09,9.09,4.04,-2.98,-19.37
KRYSTAL,654.6,2026-09-04,4.44,2.22,9.0,12.23,15.5,-3.32
BLKASHYAP,59.34,2026-09-04,6.57,13.16,8.98,11.08,20.44,-14.43
AXITA,8.01,2026-09-04,1.52,0.38,8.98,2.69,-5.76,0.58
TI,535.1,2026-09-04,-4.63,-7.52,8.95,28.26,26.98,16.62
ANANDRATHI,2215.9,2026-09-04,0.53,2.21,8.94,26.58,41.48,50.5
MEESHO,209.0,2026-09-04,1.76,1.92,8.92,26.41,39.08,
AMIABLE,77.0,2026-09-03,18.46,18.46,8.91,-3.69,5.62,15.88
SHERA,182.4,2026-09-03,3.61,4.41,8.9,11.87,56.5,35.11
PARAS,1414.9,2026-09-04,-1.26,-6.85,8.89,58.41,96.36,112.71
MUNJALAU,112.28,2026-09-04,-3.03,0.12,8.86,28.46,49.92,28.11
TMB,932.45,2026-09-04,-0.02,6.55,8.83,26.71,45.44,122.77
EGOLD,153.8,2026-09-04,-0.19,-4.35,8.77,-0.93,-4.71,44.21
PANAMAPET,495.45,2026-09-04,5.11,2.52,8.75,42.61,83.39,66.57
SHEMAROO,126.61,2026-09-04,1.29,0.08,8.74,11.62,31.8,12.42
VISAKAIND,93.37,2026-09-04,5.47,0.93,8.74,33.87,61.19,13.02
QGOLDHALF,127.62,2026-09-04,-0.13,-4.35,8.73,-0.95,-4.81,44.94
SIDDHIKA,223.0,2026-09-03,0.45,2.29,8.73,2.31,12.44,19.54
OIL,488.3,2026-09-04,1.27,2.58,8.73,0.08,-0.57,27.24
BROOKS,66.07,2026-09-04,-0.71,7.12,8.69,1.83,6.91,-54.6
KODYTECH,1567.0,2026-09-03,5.21,7.82,8.69,88.85,88.33,115.08
IVZINGOLD,133.95,2026-09-04,0.04,-4.42,8.68,-1.0,-99.04,-98.56
MOTOGENFIN,28.71,2026-09-04,2.39,10.64,8.67,2.5,42.62,9.92
ATL,25.31,2026-09-04,-2.2,-8.26,8.63,4.72,8.72,-9.64
DIVISLAB,9100.0,2026-09-04,-3.88,7.11,8.62,38.52,44.67,48.98
GOLD1,128.47,2026-09-04,-0.16,-4.47,8.62,-0.94,-4.49,44.8
INDGN,601.5,2026-09-04,-1.66,6.15,8.62,16.62,28.1,11.12
GOLDIETF,131.8,2026-09-04,0.06,-4.29,8.62,-1.0,-4.7,44.77
CHALET,896.75,2026-09-04,-0.8,3.13,8.61,15.75,18.46,-11.56
GOLDCASE,24.21,2026-09-04,-0.04,-4.42,8.61,-0.98,-4.98,44.62
GOLDADD,14.95,2026-09-04,-0.13,-4.39,8.61,-0.95,-4.81,44.74
ELGIEQUIP,642.1,2026-09-04,2.35,3.24,8.61,3.69,29.65,32.8
SHEKHAWATI,15.52,2026-09-04,-5.6,-15.28,8.61,9.37,28.16,-24.99
SBFC,100.08,2026-09-04,1.28,8.51,8.58,7.23,9.14,-5.86
MUKTAARTS,58.9,2026-09-04,5.08,3.44,8.57,-8.31,14.3,-14.26
GOLDBEES,127.17,2026-09-04,-0.12,-4.4,8.55,-1.04,-5.07,44.25
GOLDBETA,129.5,2026-09-04,-0.35,-4.43,8.55,-0.92,-5.06,44.94
VINSYS,597.0,2026-09-03,-1.65,-0.5,8.55,53.08,88.42,51.89
BSLGOLDETF,135.36,2026-09-04,-0.34,-4.26,8.54,-0.88,-4.98,44.54
INDOSTAR,258.66,2026-09-04,3.75,-1.46,8.54,10.58,19.68,0.49
HDFCGOLD,131.45,2026-09-04,-0.28,-4.42,8.53,-0.95,-4.97,44.59
GROWWGOLD,15.03,2026-09-04,0.2,-4.39,8.52,-0.92,-4.81,-85.6
EPL,247.1,2026-09-04,-5.71,-6.22,8.52,14.66,20.61,8.66
TATAGOLD,14.94,2026-09-04,-0.13,-4.29,8.5,-0.86,-4.66,44.35
GOLDETF,149.46,2026-09-04,-0.48,-4.26,8.49,-1.01,-5.02,44.46
MANAKALUCO,38.1,2026-09-04,-0.96,2.25,8.49,7.05,43.67,24.1
SETFGOLD,131.22,2026-09-04,-0.17,-4.44,8.47,-1.01,-4.93,44.45
DYNAMATECH,11654.0,2026-09-04,-2.61,0.11,8.47,11.6,9.3,76.34
MICROPRO,19.85,2026-09-03,6.43,5.03,8.47,4.47,-0.75,-20.12
CLEAN,836.15,2026-09-04,2.1,1.43,8.46,6.52,13.23,-27.12
AONEGOLD,14.37,2026-09-04,0.14,-4.33,8.45,-0.54,-4.53,
TTL,6.81,2026-09-04,2.56,8.1,8.44,-7.22,-23.05,-36.0
LICMFGOLD,138.75,2026-09-04,-0.11,-4.01,8.44,-0.96,-99.05,-98.56
GOLDBND,153.82,2026-09-04,0.28,-4.28,8.42,-0.86,-5.51,
PIRAMALFIN,2225.0,2026-09-04,-3.28,1.87,8.41,13.85,25.02,
INTLCONV,81.18,2026-09-04,2.14,5.9,8.34,-0.11,8.75,-13.65
NORBTEAEXP,70.69,2026-09-04,3.2,-0.24,8.27,-10.59,-23.73,63.33
BBNPPGOLD,148.7,2026-09-04,0.17,-4.71,8.26,-1.2,-5.32,43.88
RITEZONE,19.65,2026-09-03,15.25,12.93,8.26,5.36,3.42,-23.09
GROBTEA,977.65,2026-09-04,-1.91,2.43,8.24,8.0,4.23,-2.17
FEDFINA,161.56,2026-09-04,2.75,1.58,8.22,-0.3,28.2,16.64
DONEAR,92.25,2026-09-04,9.0,9.07,8.22,1.84,7.42,-3.89
SKIPPER,591.1,2026-09-04,9.24,2.82,8.21,2.88,73.4,7.56
STEL,607.9,2026-09-04,-8.06,-1.57,8.19,22.13,17.56,26.51
EMKAY,267.25,2026-09-04,3.92,8.63,8.18,-10.36,18.81,23.57
TWCGOLDETF,152.93,2026-09-04,-0.4,-4.53,8.16,-0.99,-5.46,
BAFNAPH,295.85,2026-09-04,-2.76,16.22,8.15,84.55,176.5,195.94
AXISCADES,1711.6,2026-09-04,2.42,9.94,8.11,-3.12,14.27,24.51
JINDRILL,663.05,2026-09-04,7.05,5.26,8.11,5.23,11.0,7.54
ROSSTECH,1150.5,2026-09-04,3.65,9.19,8.11,9.03,66.35,62.5
BATLIBOI,90.81,2026-09-04,5.2,3.66,8.08,19.86,,
ARROWGREEN,814.1,2026-09-04,16.0,17.86,8.05,50.11,110.23,47.4
VHL,3626.4,2026-09-04,2.18,6.37,8.02,6.68,16.71,-8.4
KSL,940.5,2026-09-04,3.38,7.31,7.99,14.05,34.72,14.73
JOCIL,154.3,2026-09-04,6.68,6.7,7.99,5.28,24.21,-1.77
SMSPHARMA,392.5,2026-09-04,5.55,10.84,7.98,10.99,4.82,68.56
TEXMOPIPES,46.23,2026-09-04,1.38,-1.87,7.96,7.76,9.68,-18.91
PNBHOUSING,1166.0,2026-09-04,1.51,0.09,7.96,17.58,50.05,50.15
BOROLTD,258.96,2026-09-04,5.33,1.94,7.96,16.66,12.99,-24.82
TEAMGTY,235.29,2026-09-04,-2.8,2.29,7.93,-6.26,-7.15,-12.53
VISHWARAJ,5.9,2026-09-04,-2.96,-13.11,7.86,2.08,1.37,-36.97
ORIENTCER,43.91,2026-09-04,-2.14,-0.97,7.83,13.87,22.79,15.73
SANSERA,3782.6,2026-09-04,-5.86,-1.6,7.81,29.28,74.47,188.7
VIJAYA,1493.2,2026-09-04,-1.66,0.73,7.8,9.84,58.56,37.07
MEDICAMEQ,270.25,2026-09-04,3.36,15.72,7.74,5.69,-9.8,-21.79
ESILVER,232.78,2026-09-04,-0.3,-3.85,7.72,-9.49,-12.27,87.38
ESABINDIA,6067.5,2026-09-04,-0.85,-2.52,7.63,2.64,14.53,19.64
AHCL,15.68,2026-09-04,-1.13,1.62,7.62,10.97,44.76,72.29
BECTORFOOD,225.96,2026-09-04,-0.42,-12.18,7.62,31.17,17.05,-22.87
JINDALPOLY,672.35,2026-09-04,6.49,5.57,7.61,1.9,1.16,14.3
BLBLIMITED,16.68,2026-09-04,3.67,3.8,7.61,-1.71,-0.6,5.5
UNIONBANK,187.22,2026-09-04,-0.75,1.97,7.6,15.74,0.85,51.97
ICIL,449.8,2026-09-04,-4.19,4.51,7.58,35.57,82.24,88.9
SPLPETRO,771.05,2026-09-04,5.76,11.52,7.57,10.81,18.42,0.87
SILVER1,22.6,2026-09-04,-0.18,-3.99,7.57,-9.6,-12.77,-76.35
WINDMACHIN,304.25,2026-09-04,-1.04,-4.07,7.55,7.26,25.83,-3.81
SBISILVER,228.31,2026-09-04,-0.07,-3.8,7.54,-9.58,-12.61,87.29
GROWWSLVR,22.83,2026-09-04,-0.13,-3.87,7.54,-9.66,-12.5,-81.33
TRANSWORLD,171.0,2026-09-04,-1.27,-10.45,7.53,6.18,28.93,-31.55
SILVERADD,22.44,2026-09-04,-0.27,-4.05,7.51,-9.74,-12.26,87.72
SILVERCASE,23.61,2026-09-04,-0.46,-3.99,7.51,-9.78,-12.78,87.37
SILVER,232.64,2026-09-04,-0.23,-3.89,7.5,-9.53,-12.42,87.63
SILVERIETF,232.48,2026-09-04,-0.3,-3.96,7.48,-9.73,-12.46,87.83
HDFCSILVER,222.7,2026-09-04,-0.14,-3.89,7.47,-9.72,-12.08,86.38
MVGJL,179.9,2026-09-04,19.12,18.68,7.47,16.95,16.94,-9.11
COHANCE,456.6,2026-09-04,0.14,1.75,7.46,7.36,53.14,-49.23
SILVERBEES,222.78,2026-09-04,-0.19,-3.89,7.44,-9.64,-12.83,87.16
SILVERAG,227.02,2026-09-04,-0.04,-3.8,7.44,-9.43,-13.45,87.56
SIGNORIA,159.0,2026-09-03,-4.22,-1.85,7.43,160.66,99.12,62.24
TATSILV,22.62,2026-09-04,0.0,-3.74,7.41,-9.52,-12.22,87.56
SILVERBETA,224.83,2026-09-04,-0.14,-3.96,7.4,-9.66,-12.3,86.84
PGIL,2278.3,2026-09-04,-7.53,-3.96,7.35,35.72,47.88,88.29
SUPERHOUSE,169.23,2026-09-04,-0.8,0.82,7.32,10.85,15.22,12.93
ESTER,93.57,2026-09-04,2.01,-0.59,7.31,2.34,-3.69,-21.18
AUROIMPEX,28.65,2026-09-03,15.52,14.6,7.3,7.3,2.69,-40.93
SILVERBND,233.61,2026-09-04,-0.29,-3.78,7.29,-9.41,-12.79,
SUTLEJTEX,40.89,2026-09-04,2.05,6.37,7.27,15.15,36.98,7.55
RENUKA,24.04,2026-09-04,-3.45,-5.61,7.27,8.58,-5.06,-23.42
SALONA,269.95,2026-09-04,1.48,0.59,7.26,-5.2,3.89,11.35
HEG,728.25,2026-09-04,-0.08,0.76,7.26,34.48,34.82,47.48
BLACKBUCK,586.1,2026-09-04,-1.3,-3.03,7.25,13.67,4.13,-2.1
AONESILVER,8.89,2026-09-04,-0.34,-3.89,7.24,-9.65,-13.3,
EXICOM,177.85,2026-09-04,7.15,11.25,7.22,22.67,100.03,20.8
AEROENTER,141.81,2026-09-04,2.72,2.15,7.2,40.63,91.91,64.0
IDBI,90.63,2026-09-04,-0.28,3.07,7.19,24.25,-17.74,1.99
NUVAMA,1815.6,2026-09-04,3.54,3.75,7.17,15.89,53.19,43.42
IIFL,651.15,2026-09-04,0.68,-6.5,7.16,22.79,35.67,51.76
MAFANG,207.56,2026-09-04,-1.14,0.82,7.16,-0.31,33.93,31.58
COUNCODOS,6.45,2026-09-04,-3.3,-4.73,7.14,32.17,29.26,-20.47
KRISHIVAL,416.3,2026-09-04,1.3,1.91,7.14,4.09,34.16,-7.81
JKPAPER,405.8,2026-09-04,2.41,3.18,7.13,15.18,21.77,2.73
KDDL,3911.0,2026-09-04,-0.47,1.62,7.07,32.75,59.49,65.72
ZENTEC,1801.4,2026-09-04,1.25,-5.35,7.07,-0.41,28.15,22.15
SKMEGGPROD,257.1,2026-09-04,-4.03,0.12,7.06,7.43,58.94,42.54
ASPINWALL,259.25,2026-09-04,-1.64,-0.19,7.06,8.57,25.85,-1.42
PARAGMILK,249.6,2026-09-04,-1.89,3.73,7.05,5.15,25.83,2.87
VGUARD,335.4,2026-09-04,-3.16,1.16,7.04,11.88,12.2,-7.8
FMNL,10.1,2026-09-04,-3.53,9.78,6.99,-3.81,21.54,-21.46
CARTRADE,3000.2,2026-09-04,0.29,-4.41,6.94,56.81,71.86,17.36
GENESYS,230.88,2026-09-04,1.55,29.31,6.9,-17.84,-14.6,-62.39
GENUSPOWER,337.8,2026-09-04,0.78,-0.53,6.88,7.53,34.96,2.13
FALCONTECH,12.45,2026-09-03,-2.35,-2.73,6.87,-8.12,-19.94,-29.66
JMFINANCIL,132.06,2026-09-04,3.18,1.98,6.86,10.64,9.63,-25.65
BIRLANU,1448.0,2026-09-04,0.52,-3.65,6.84,7.66,-1.2,-25.0
PAUSHAKLTD,785.5,2026-09-04,3.62,2.2,6.84,57.12,88.4,
GNA,551.05,2026-09-04,2.07,-0.78,6.83,48.24,34.45,79.47
LTFOODS,444.8,2026-09-04,-0.39,-3.09,6.82,15.7,21.31,1.65
HINDZINC,601.0,2026-09-04,0.93,-0.5,6.77,-0.47,3.51,39.87
MONTECARLO,574.5,2026-09-04,8.33,4.45,6.75,6.44,8.87,-1.1
SHIVAUM,448.05,2026-09-04,0.46,0.87,6.74,34.55,62.93,45.0
TIGERLOGS,28.61,2026-09-04,1.24,-3.02,6.71,-14.62,-0.56,
ARVSMART,642.5,2026-09-04,-3.46,-7.21,6.71,10.32,26.59,3.32
ABSLAMC,1062.3,2026-09-04,1.0,6.37,6.7,5.29,25.46,31.62
STYL,383.5,2026-09-04,-0.6,-1.02,6.7,43.12,65.55,
DTL,128.0,2026-09-03,2.4,-5.19,6.67,-1.54,13.27,-3.47
KOTAKBANK,424.5,2026-09-04,1.22,5.74,6.66,11.46,5.43,9.05
RIR,169.86,2026-09-04,6.65,3.47,6.66,,,
POLYPLEX,1191.0,2026-09-04,0.71,1.79,6.66,29.67,47.23,18.4
KRITINUT,86.45,2026-09-04,-0.81,-2.51,6.66,-2.93,28.32,-13.52
TEXRAIL,115.99,2026-09-04,6.46,11.48,6.65,10.58,21.08,-15.86
EXXARO,6.59,2026-09-04,-7.57,7.33,6.63,1.07,-12.25,-17.42
ONDOOR,291.55,2026-09-03,-3.14,0.36,6.62,63.61,96.86,87.55
NAGREEKEXP,24.1,2026-09-04,9.45,6.78,6.59,-13.5,-0.66,-10.41
SHAILY,3278.3,2026-09-04,0.18,0.29,6.59,6.88,76.08,50.14
STAR,1059.6,2026-09-04,3.38,6.64,6.54,3.64,27.82,20.53
LPDC,6.73,2026-09-04,-3.03,-7.17,6.49,-0.15,18.9,-13.83
ANLON,658.0,2026-09-03,5.28,-1.05,6.48,0.96,74.07,43.31
PRAJIND,335.55,2026-09-04,-2.43,-4.85,6.48,-3.0,7.54,-15.57
GROWWNET,10.86,2026-09-04,0.18,0.56,6.47,22.3,26.87,
ASAHIINDIA,955.9,2026-09-04,0.4,-0.65,6.45,7.24,11.13,17.23
FOODSIN,57.37,2026-09-04,4.37,5.85,6.44,2.92,3.82,-37.0
SAGILITY,46.82,2026-09-04,-0.49,8.3,6.44,16.97,13.57,7.62
MOTHERSON,160.7,2026-09-04,-5.85,-4.91,6.42,11.55,31.41,71.2
SVLL,799.25,2026-09-04,-2.0,3.0,6.41,12.42,46.65,4.48
CINELINE,95.23,2026-09-04,8.09,6.51,6.39,19.04,12.57,10.95
VAISHALI,8.32,2026-09-04,3.23,2.46,6.39,16.36,25.68,-31.52
KMSUGAR,30.68,2026-09-04,-5.57,-9.9,6.38,15.17,14.35,7.16
LGEINDIA,1640.7,2026-09-04,-3.36,-1.41,6.37,8.66,6.04,
VMART,824.2,2026-09-04,-2.74,-3.78,6.3,22.75,53.46,10.11
KCP,162.38,2026-09-04,-2.71,-8.06,6.26,2.16,4.91,-20.81
DALMIASUG,438.55,2026-09-04,-9.42,-8.78,6.25,33.03,36.89,17.42
ANKITMETAL,1.7,2026-09-04,-2.3,-1.16,6.25,8.28,1.8,-7.61
VRLLOG,297.7,2026-09-04,-1.8,3.21,6.23,28.32,9.35,13.17
NCC,149.7,2026-09-04,0.9,1.59,6.22,3.46,6.04,-26.67
REDINGTON,371.3,2026-09-04,3.79,1.7,6.21,53.59,52.06,56.48
IKIO,212.34,2026-09-04,-1.46,9.43,6.2,37.36,58.14,2.23
PIXTRANS,1791.7,2026-09-04,-1.48,0.12,6.19,12.07,25.28,25.13
GRASIM,3322.0,2026-09-04,-1.45,1.03,6.19,7.37,24.19,18.6
BLSE,320.05,2026-09-04,-2.39,1.6,6.17,42.14,138.97,82.78
LICI,415.35,2026-09-04,-0.63,-1.54,6.15,6.63,2.67,-3.18
AARNAV,32.17,2026-09-04,0.44,-1.41,6.14,29.93,27.86,
YATRA,113.49,2026-09-04,6.64,-1.58,6.12,17.24,-3.84,-26.25
EUROTEXIND,13.73,2026-09-04,-1.86,-1.93,6.11,-14.93,5.7,-7.17
MASTERTR,89.16,2026-09-04,8.37,5.71,6.1,9.28,6.09,-42.92
JSWDULUX,3174.5,2026-09-04,0.32,1.65,6.08,4.74,11.38,-5.66
HGM,52.63,2026-09-04,16.7,20.35,6.07,-13.78,0.92,-32.61
CANHLIFE,157.23,2026-09-04,0.7,1.64,6.05,15.05,10.03,
TTKHLTCARE,1100.2,2026-09-04,-5.13,-1.11,6.02,20.89,26.75,-2.23
NORTHARC,302.15,2026-09-04,-3.05,6.26,6.0,4.08,25.9,24.37
DLF,681.9,2026-09-04,-1.32,-1.03,5.98,19.5,21.34,-8.92
HINDCOPPER,521.65,2026-09-04,-0.7,-9.14,5.95,-3.65,-4.6,116.09
GREENPLY,304.7,2026-09-04,5.0,4.51,5.93,10.79,48.6,1.37
CPPLUS,3704.6,2026-09-04,3.89,8.34,5.87,4.77,119.87,167.31
THOMASCOOK,111.65,2026-09-04,3.46,-1.12,5.84,21.68,17.31,-37.1
SPORTKING,229.22,2026-09-04,1.55,7.15,5.84,27.71,111.23,108.1
LAL,8.91,2026-09-04,-2.41,-1.11,5.82,21.06,28.94,-15.14
GEOJITFSL,82.72,2026-09-04,-0.72,-0.31,5.82,12.54,39.78,10.41
PPLPHARMA,214.22,2026-09-04,-0.08,1.45,5.79,26.32,40.65,7.66
VADILALIND,7655.0,2026-09-04,0.35,3.68,5.79,40.48,53.4,54.37
DYNAMIC,141.7,2026-09-03,5.24,0.35,5.75,-9.2,23.22,16.91
SICALLOG,107.33,2026-09-04,6.24,1.59,5.67,56.0,67.13,16.37
LIBAS,10.46,2026-09-04,-0.76,5.02,5.66,-13.98,4.7,-11.95
TASTYBITE,9982.0,2026-09-04,-1.55,-1.26,5.62,29.43,42.85,4.64
PROLIFE,79.0,2026-09-03,-1.86,0.0,5.61,25.8,31.34,-39.55
BALAXI,25.37,2026-09-04,13.56,11.22,5.58,2.92,39.93,-45.44
BHANDARI,3.03,2026-09-04,1.68,-0.98,5.57,-2.26,7.45,-39.03
GUJALKALI,721.6,2026-09-04,3.17,-0.19,5.57,8.44,58.04,24.74
MCL,58.3,2026-09-04,1.11,-0.61,5.52,-2.46,-16.71,22.76
VSTL,117.66,2026-09-04,5.19,5.5,5.51,2.12,9.03,-26.99
E2E,601.55,2026-09-04,-2.78,-1.85,5.51,39.45,157.71,109.77
FONEBOX,95.25,2026-09-03,-4.75,5.25,5.48,9.48,33.03,9.92
NAZARA,368.65,2026-09-04,-1.09,5.95,5.48,36.76,50.65,33.21
VIAZ,67.5,2026-09-03,-8.16,-7.85,5.47,5.47,4.01,-8.85
MODIRUBBER,131.3,2026-09-04,1.35,1.49,5.45,2.81,17.58,15.87
ORIENTHOT,139.93,2026-09-04,0.65,-1.3,5.45,42.41,48.71,0.39
SANDESH,1051.3,2026-09-04,0.06,1.66,5.44,10.54,8.12,-14.02
OBEROIRLTY,1875.6,2026-09-04,0.41,0.3,5.44,15.06,29.26,13.41
TRUST,31.4,2026-09-03,-8.32,25.6,5.37,-3.53,-10.67,-44.35
WONDERLA,533.9,2026-09-04,-0.62,4.29,5.36,12.94,10.56,-15.83
DPEL,577.3,2026-09-03,0.02,-0.11,5.35,16.73,99.14,303.14
TBOTEK,1688.9,2026-09-04,-3.22,-0.86,5.35,38.25,47.89,10.78
INTERNET,14.61,2026-09-04,-0.14,-0.48,5.34,22.36,26.87,
MAL,34.75,2026-09-03,15.26,9.28,5.3,-2.11,-14.2,-40.7
SILLYMONKS,16.19,2026-09-04,1.19,1.95,5.27,-3.52,-1.52,2.79
MADHAV,35.36,2026-09-04,2.43,0.63,5.27,-5.4,6.28,-24.23
EMAMIPAP,115.92,2026-09-04,4.03,2.3,5.27,37.81,49.42,14.6
SURANI,100.0,2026-09-03,3.09,3.52,5.26,-25.37,67.08,17.92
VERTOZ,37.66,2026-09-04,-1.44,-1.93,5.25,-7.61,-11.94,-51.56
JAYAGROGN,230.6,2026-09-04,-1.0,0.86,5.22,4.2,25.37,-3.52
HCC,22.98,2026-09-04,-3.57,2.04,5.22,-4.21,41.5,-16.65
ALKYLAMINE,2020.9,2026-09-04,0.85,-3.02,5.19,12.86,44.98,-3.19
ZENITHSTL,5.9,2026-09-04,10.49,7.86,5.17,0.17,6.69,-21.33
GUJRAFFIA,41.0,2026-09-04,2.4,1.26,5.16,-1.77,15.66,5.92
SUPREMEPWR,219.1,2026-09-03,-1.84,-5.58,5.16,-15.26,54.35,11.56
MMWL,14.53,2026-09-04,-0.41,-5.77,5.14,7.23,,
VIDHIING,347.75,2026-09-04,-1.92,0.65,5.11,19.03,16.19,-9.46
CASTROLIND,190.27,2026-09-04,3.13,1.82,5.11,7.02,9.25,1.47
DMCC,293.35,2026-09-04,0.62,2.18,5.07,16.05,36.47,-4.71
SPRL,102.5,2026-09-03,0.0,0.0,5.02,29.99,-8.07,-18.78
CTE,41.82,2026-09-04,-7.82,-19.58,5.02,26.61,53.02,-0.36
HITECHCORP,337.0,2026-09-04,1.02,1.61,5.02,9.61,162.06,72.91
AKSHAR,0.42,2026-09-04,2.44,2.44,5.0,-6.67,13.51,-23.64
UNIVAFOODS,9.03,2026-09-03,0.0,0.0,5.0,10.53,-8.88,-26.7
KALYANI,144.99,2026-09-03,0.0,5.0,5.0,5.0,5.0,5.0
SENORES,1428.4,2026-09-04,-0.31,-5.76,4.99,36.77,91.15,102.88
GLOBALE,11.39,2026-09-04,-0.96,-3.15,4.98,-14.36,8.27,-18.82
HAL,4856.0,2026-09-04,1.13,-1.02,4.98,16.1,25.51,10.58
GFSTEELS,15.0,2026-09-03,0.0,0.0,4.97,15.65,27.33,54.16
KIRLPNU,760.45,2026-09-04,6.42,4.23,4.95,-4.4,34.01,19.69
AEQUS,242.18,2026-09-04,-0.88,-5.42,4.94,34.54,77.42,
JMA,90.58,2026-09-04,-2.26,1.82,4.93,5.92,9.17,2.96
HINDCON,23.9,2026-09-04,1.4,7.27,4.92,7.17,26.05,-25.52
SABEVENTS,132.6,2026-09-03,0.0,0.0,4.91,-20.41,-60.06,5.91
TATATECH,800.0,2026-09-04,-3.74,0.31,4.91,8.54,42.02,20.15
UNIVPHOTO,490.4,2026-09-04,9.2,9.2,4.88,26.39,4.94,92.2
DIACABS,331.8,2026-09-04,-4.46,-6.06,4.87,72.19,149.68,135.72
ZUARIIND,276.45,2026-09-04,1.75,-3.2,4.85,8.54,10.67,-9.59
BALRAMCHIN,690.6,2026-09-04,-0.42,-0.7,4.84,29.76,40.45,25.6
CARBORUNIV,1130.6,2026-09-04,2.17,0.75,4.83,10.18,41.81,19.93
COCHINSHIP,1499.1,2026-09-04,-0.72,-0.98,4.83,1.81,7.23,-10.03
HNDFDS,615.05,2026-09-04,-6.56,-3.81,4.81,14.6,28.55,13.3
TRANSPEK,1446.5,2026-09-04,0.54,5.43,4.79,47.08,,
KHANDSE,18.38,2026-09-04,7.93,7.42,4.79,-5.16,8.82,-24.02
AURUS,4.84,2026-09-04,3.2,4.09,4.76,-1.63,-1.83,-26.78
NAUKRI,1319.8,2026-09-04,0.52,-2.16,4.75,31.23,32.43,-0.2
SHYAMMETL,1065.3,2026-09-04,-2.58,6.42,4.74,6.79,31.79,15.97
MBAPL,166.12,2026-09-04,2.89,-1.65,4.73,49.61,80.18,97.4
CEIGALL,355.8,2026-09-04,4.23,10.45,4.69,-0.75,31.61,34.64
SPIC,71.28,2026-09-04,5.23,2.86,4.68,3.04,8.58,-38.69
PENINLAND,16.55,2026-09-04,2.48,1.72,4.68,4.61,-4.72,-52.67
ADROITINFO,10.31,2026-09-04,0.1,-0.19,4.67,14.56,7.85,-1.9
BHEL,431.1,2026-09-04,-2.61,4.79,4.65,11.12,74.46,104.88
LINCOLN,620.8,2026-09-04,2.32,1.4,4.64,0.2,0.37,13.24
ANNAPURNA,140.2,2026-09-04,-5.59,-5.27,4.63,-4.66,-19.79,-45.94
EMMBI,91.0,2026-09-04,0.78,11.3,4.63,6.15,7.07,-11.42
VISHWAS,44.2,2026-09-03,4.99,13.33,4.62,-12.13,12.9,-27.54
BSHSL,91.48,2026-09-04,1.67,4.14,4.62,-3.3,9.11,-35.43
FELIX,194.2,2026-09-03,12.42,7.32,4.61,2.75,6.44,9.84
SHADOWFAX,259.55,2026-09-04,0.41,-0.3,4.59,27.47,118.09,
TAINWALCHM,213.71,2026-09-04,1.8,-2.02,4.58,10.34,8.66,4.28
NSLNISP,46.02,2026-09-04,-0.37,14.88,4.57,-9.27,20.19,10.17
GSPCROP,619.25,2026-09-04,-3.17,-0.47,4.55,38.09,,
IL&FSENGG,36.75,2026-09-04,3.35,2.08,4.52,33.15,48.6,12.32
FINEORG,5152.0,2026-09-04,-2.48,-2.38,4.51,10.11,21.1,6.18
AHIMSA,25.8,2026-09-03,0.0,0.0,4.45,4.45,4.03,0.98
DOLATALGO,70.91,2026-09-04,-1.54,-5.82,4.43,-3.17,-7.78,-13.0
HPAL,35.58,2026-09-04,1.66,3.13,4.43,-4.28,4.96,-21.58
NUCLEUS,729.15,2026-09-04,-2.05,-1.19,4.42,2.93,-2.91,-27.27
SYSTANGO,230.1,2026-09-03,3.11,6.43,4.4,-1.54,-2.37,2.15
HOLMARC,104.95,2026-09-03,2.84,-2.28,4.39,-1.46,13.37,-12.92
LOYALTEX,218.14,2026-09-04,0.06,3.88,4.38,4.87,2.85,-28.51
THEMISMED,120.42,2026-09-04,-3.48,-0.32,4.34,12.94,48.12,20.19
ALPEXSOLAR,877.75,2026-09-03,5.54,2.25,4.31,-12.36,21.55,-28.48
RVTH,734.45,2026-09-04,1.14,0.2,4.31,0.96,25.88,-12.42
BVCL,43.48,2026-09-04,-3.03,4.44,4.27,3.67,10.78,-7.53
AARTIDRUGS,431.65,2026-09-04,4.85,2.52,4.25,15.15,19.75,-8.51
AUROPHARMA,1653.1,2026-09-04,-3.72,2.8,4.24,12.95,38.29,59.57
ALANKIT,8.14,2026-09-04,0.62,0.37,4.23,-4.8,7.81,-42.23
PURVFLEXI,48.2,2026-09-03,-6.5,-0.62,4.22,-7.31,-8.37,-43.33
PAISALO,74.1,2026-09-04,10.09,6.65,4.2,33.83,114.29,116.15
AGARWALEYE,514.1,2026-09-04,0.18,3.27,4.17,10.56,18.24,23.76
HCG,700.2,2026-09-04,-4.51,-2.59,4.16,9.41,26.5,0.69
VIPIND,314.05,2026-09-04,2.46,3.97,4.16,-5.06,-11.56,-27.79
MANORG,489.5,2026-09-04,-5.77,1.87,4.14,4.07,23.02,-13.67
AURUM,225.16,2026-09-04,-2.63,-3.02,4.14,19.32,35.93,28.6
ARVEE,165.1,2026-09-04,-2.01,0.41,4.13,5.16,9.05,3.26
INDIANB,879.7,2026-09-04,-2.12,1.06,4.11,7.31,-4.32,35.27
URAVIDEF,118.2,2026-09-04,4.32,10.3,4.1,2.68,-14.87,-68.33
BBTCL,230.22,2026-09-04,3.69,-4.45,4.08,9.67,37.85,13.91
CDSL,1394.6,2026-09-04,-0.56,0.69,4.07,15.65,16.37,-6.76
ATLANTAA,39.15,2026-09-04,1.16,3.03,4.07,-4.65,-0.15,16.17
JAGSNPHARM,242.06,2026-09-04,2.19,2.22,4.06,20.97,44.28,2.61
ANDHRAPAP,64.45,2026-09-04,6.2,6.0,4.05,5.56,-1.69,-17.3
CLSEL,301.9,2026-09-04,0.42,-3.47,4.05,7.5,21.88,6.53
VENKEYS,1659.6,2026-09-04,-2.49,5.81,4.04,17.86,31.83,11.04
ORIENTLTD,80.65,2026-09-04,-1.91,-2.24,4.04,33.59,28.67,-8.76
MUFIN,137.56,2026-09-04,0.75,-0.76,4.04,12.71,29.74,60.27
SPAL,1071.1,2026-09-04,2.27,14.11,4.04,29.27,52.23,49.64
MARCO,32.2,2026-09-03,-5.29,-3.88,4.04,-4.02,3.87,-15.26
SKFINDIA,1553.2,2026-09-04,-0.05,-2.09,4.01,-1.68,-3.47,-65.41
TATACAP,375.05,2026-09-04,1.94,2.91,4.01,20.72,17.55,
DGCONTENT,24.83,2026-09-04,-1.47,0.08,3.98,-12.91,-3.76,-33.93
NRBBEARING,447.0,2026-09-04,-5.67,-7.06,3.98,20.29,75.67,60.51
AFCONS,292.8,2026-09-04,2.5,5.08,3.98,-9.64,5.56,-32.86
SUNCLAY,1304.4,2026-09-04,-0.09,3.89,3.97,-1.53,-2.15,-22.13
OFSS,12058.0,2026-09-04,-3.84,4.69,3.95,19.41,81.55,51.87
NIITLTD,98.96,2026-09-04,-2.44,-0.14,3.95,7.07,51.88,-11.96
MODEFENCE,107.14,2026-09-04,0.52,0.1,3.95,7.58,20.65,29.16
GROWWDEFNC,97.42,2026-09-04,0.13,0.34,3.89,7.24,20.14,28.81
WOMANCART,108.3,2026-09-03,-4.37,-14.18,3.88,-2.12,-32.73,-56.65
SDBL,74.0,2026-09-04,1.79,1.34,3.87,-2.34,-5.1,-44.68
GOCLCORP,427.45,2026-09-04,8.9,7.29,3.84,1.66,74.08,18.37
NOVAAGRI,23.87,2026-09-04,-6.06,-1.85,3.83,-10.63,-12.63,-53.85
JINDALSTEL,1165.0,2026-09-04,-2.34,1.39,3.83,-2.52,-0.11,13.11
JUBLFOOD,482.7,2026-09-04,-2.68,-4.96,3.81,12.5,-3.09,-26.01
MAZDOCK,2475.0,2026-09-04,-0.2,-2.56,3.79,1.4,14.5,-6.92
OBCL,55.19,2026-09-04,0.67,0.69,3.78,8.26,-8.0,-0.68
SINDHUTRAD,25.28,2026-09-04,1.2,5.25,3.73,-3.18,8.03,3.86
BEPL,127.5,2026-09-04,5.29,1.79,3.71,36.43,66.68,25.77
IITL,146.4,2026-09-04,-7.17,-5.43,3.69,1.55,13.9,-18.21
HAVISHA,1.41,2026-09-04,7.63,0.71,3.68,-5.37,-5.37,-31.22
BEL,405.35,2026-09-04,-2.2,-0.89,3.68,-0.98,-8.78,9.43
KOVAI,6062.5,2026-09-04,-0.2,2.31,3.68,12.78,135.87,135.87
JNKINDIA,445.05,2026-09-04,2.61,-1.1,3.67,5.56,98.67,53.75
ABCOTS,208.15,2026-09-04,-3.06,-0.13,3.66,1.7,-46.4,-49.1
NGIL,40.58,2026-09-04,-0.93,3.39,3.65,-1.02,60.97,26.89
LATTEYS,20.5,2026-09-04,-5.57,-11.18,3.64,-8.36,-2.94,3.64
USASEEDS,88.8,2026-09-03,-7.5,-8.36,3.62,-6.62,-18.72,-60.8
ANIKINDS,45.0,2026-09-04,-2.53,-2.09,3.57,3.4,4.0,-48.03
SHALPAINTS,85.47,2026-09-04,5.73,0.85,3.55,70.63,61.45,16.79
MSPL,35.4,2026-09-04,-0.23,4.8,3.54,-13.53,12.06,15.27
ARMANFIN,2069.3,2026-09-04,4.47,5.88,3.53,30.13,40.16,46.25
GICRE,358.45,2026-09-04,4.95,4.3,3.5,-4.08,2.56,1.61
TARSONS,335.55,2026-09-04,1.18,-3.26,3.5,59.26,79.36,4.05
KAJARIACER,1239.6,2026-09-04,-0.42,2.82,3.49,13.18,32.17,0.76
GARFIBRES,800.55,2026-09-04,-1.51,-0.97,3.48,21.59,29.14,6.33
FRACTAL,825.45,2026-09-04,-3.13,-0.37,3.47,-19.55,4.98,
HOMEFIRST,1210.1,2026-09-04,3.9,1.44,3.45,14.26,13.16,-2.81
PGINVIT,100.5,2026-09-03,0.56,0.5,3.43,11.64,16.96,25.28
CGRAPHICS,148.55,2026-09-03,2.73,-5.68,3.41,3.52,0.88,-38.25
NIPPOBATRY,331.75,2026-09-04,1.5,0.61,3.38,-9.07,9.63,-32.21
GRAPHITE,733.6,2026-09-04,4.42,2.07,3.32,3.66,10.46,42.26
ETERNAL,322.75,2026-09-04,-1.63,-1.34,3.31,26.89,34.07,-1.07
PVRINOX,1227.2,2026-09-04,1.61,-0.37,3.29,25.69,21.52,8.52
GANESHBE,123.23,2026-09-04,6.97,1.02,3.28,21.79,64.15,27.3
RAJRILTD,22.09,2026-09-04,-5.07,-3.07,3.27,8.07,-2.99,-14.71
WOCKPHARMA,2088.7,2026-09-04,10.88,9.87,3.27,0.76,61.88,41.52
ASTRAL,1492.9,2026-09-04,-1.92,-2.6,3.26,-3.49,-9.21,5.3
BANKINDIA,145.0,2026-09-04,2.41,2.11,3.25,3.8,-8.36,33.53
SSDL,56.69,2026-09-04,0.41,-1.34,3.24,-3.03,-8.22,-36.91
RAMCOSYS,611.2,2026-09-04,6.25,7.22,3.23,28.23,40.38,45.54
IRMENERGY,281.4,2026-09-04,-1.19,-0.2,3.23,7.84,27.09,3.81
CONTROLPR,593.35,2026-09-04,-1.31,-1.08,3.18,-2.51,-6.33,-23.08
MOLDTKPAC,706.65,2026-09-04,-0.37,-1.34,3.18,0.13,28.19,-14.13
HONASA,471.05,2026-09-04,-2.05,-3.43,3.17,13.65,64.63,56.9
SAMBHV,128.69,2026-09-04,0.61,-1.9,3.17,21.91,36.79,4.97
CORALFINAC,33.47,2026-09-04,1.39,0.6,3.09,6.31,2.56,-22.39
GARUDA,178.73,2026-09-04,4.15,-2.26,3.08,4.9,9.11,-13.8
GROWWMETAL,12.72,2026-09-04,0.79,0.0,3.08,-0.47,13.98,
KREBSBIO,55.95,2026-09-04,-0.6,5.27,3.06,-14.63,6.55,-21.45
MRPL,174.83,2026-09-04,2.62,0.57,3.06,11.65,-6.69,42.83
SHRIPISTON,4536.9,2026-09-04,-1.57,-4.42,3.05,33.63,52.97,76.81
BABAFP,25.5,2026-09-03,13.33,14.61,3.03,-2.11,-0.39,-32.98
SRPL,0.34,2026-09-03,0.0,0.0,3.03,-15.0,-35.85,-49.25
OMPOWER,175.68,2026-09-04,0.87,7.43,3.01,3.76,,
INDOTECH,3663.1,2026-09-04,-1.09,-4.87,3.01,31.63,160.74,104.71
REGENCERAM,34.86,2026-09-04,2.59,2.74,3.01,-13.93,-18.03,-25.05
AETHER,1625.6,2026-09-04,-3.88,-2.53,3.0,42.2,77.26,118.05
DCI,350.55,2026-09-04,-5.92,-8.71,3.0,29.43,39.22,35.5
IRIS,265.92,2026-09-04,6.81,9.86,3.0,9.39,6.22,-21.73
SHREEJISPG,680.15,2026-09-04,5.52,7.06,2.97,48.7,80.34,168.71
PAKKA,73.71,2026-09-04,-3.26,-9.28,2.96,-9.31,-12.17,-50.74
VEEDOL,1476.8,2026-09-04,0.29,0.01,2.96,2.67,13.56,-5.8
AARTECH,48.64,2026-09-04,1.54,2.51,2.92,15.92,20.01,-16.16
ODIGMA,23.45,2026-09-04,4.55,5.77,2.9,14.33,-2.05,-30.23
ALPHA,54.16,2026-09-04,-1.29,-0.35,2.89,7.55,16.3,12.2
AGI,735.25,2026-09-04,-5.26,-0.86,2.88,22.43,41.18,-14.4
JHS,7.89,2026-09-04,-2.11,-12.43,2.87,-6.41,-11.65,-32.04
BAJEL,183.82,2026-09-04,-5.31,-4.31,2.87,-9.29,24.7,-8.72
AGL,13.65,2026-09-04,-1.3,-1.52,2.86,,,
USHAMART,514.15,2026-09-04,3.05,4.8,2.86,-0.34,25.15,35.87
LASERPOWER,295.65,2026-09-04,-5.93,-11.61,2.85,,,
TGBHOTELS,9.48,2026-09-04,-3.66,-1.86,2.82,3.83,7.6,-19.18
METROGLOBL,136.14,2026-09-04,-1.38,-4.98,2.81,8.48,,
AAATECH,91.74,2026-09-04,-3.22,-3.43,2.81,0.6,-2.93,16.39
MERCURYEV,36.74,2026-09-04,-5.7,-6.28,2.8,5.85,,
ANUHPHR,81.1,2026-09-04,-1.15,2.88,2.8,8.94,8.77,-3.25
WABAG,2005.3,2026-09-04,1.32,0.21,2.76,28.81,71.37,34.24
MINDSPACE,499.92,2026-09-03,0.82,0.64,2.76,10.11,12.3,23.95
MOCAPITAL,54.5,2026-09-04,-0.42,-0.73,2.75,1.51,,
BAJAJ-AUTO,11919.0,2026-09-04,-1.74,1.01,2.75,15.03,25.22,33.25
GRANULES,848.3,2026-09-04,2.39,-0.82,2.74,7.42,53.34,65.75
JKIPL,100.56,2026-09-04,-5.28,-3.68,2.73,6.23,68.3,
SMALLCAP,48.9,2026-09-04,-0.18,0.04,2.71,8.57,21.79,8.52
FEL,0.38,2026-09-04,0.0,-5.0,2.7,-9.52,-9.52,-39.68
GROWWCAPM,11.44,2026-09-04,-0.52,-0.78,2.69,1.42,21.57,
NEOGEN,2137.9,2026-09-04,-2.88,0.25,2.68,13.6,56.85,45.1
IGL,158.04,2026-09-04,5.02,6.99,2.67,-2.47,0.4,-25.32
ALIVUS,1366.3,2026-09-04,-2.46,0.37,2.65,32.38,50.53,47.58
PNB,117.0,2026-09-04,2.42,0.98,2.64,13.94,-0.8,16.42
MON100,324.67,2026-09-04,-2.27,-1.01,2.63,-5.06,48.54,60.35
ISFT,81.61,2026-09-04,-13.54,-6.64,2.63,-1.83,17.58,-18.52
CHEMCON,198.38,2026-09-04,-1.19,2.82,2.63,8.06,29.66,-2.69
ACE,1125.4,2026-09-04,1.53,-3.4,2.63,29.74,32.24,5.15
SYRMA,1457.3,2026-09-04,1.41,-0.18,2.62,19.42,97.44,74.79
ZENITHEXPO,204.1,2026-09-03,-4.77,2.56,2.62,2.25,5.73,-39.07
PERSISTENT,5643.0,2026-09-04,0.87,-0.9,2.62,10.57,20.25,7.36
ORTINGLOBE,15.67,2026-09-04,2.42,2.49,2.62,-4.86,-1.32,21.47
GLOBUSSPR,914.3,2026-09-04,-0.33,0.37,2.62,5.8,9.28,-13.83
SHREDIGCEM,74.44,2026-09-04,-0.79,2.93,2.61,4.07,11.15,-22.68
TITAGARH,871.85,2026-09-04,6.57,3.61,2.6,0.91,35.81,4.26
AIRAN,15.44,2026-09-04,3.76,1.78,2.59,-8.04,-0.52,-39.04
BEDMUTHA,112.37,2026-09-04,6.76,3.57,2.59,0.21,-16.02,-16.19
METAL,13.46,2026-09-04,0.75,-0.07,2.59,-0.52,13.59,39.34
HEIDELBERG,160.17,2026-09-04,1.75,0.15,2.59,5.86,3.24,-22.99
MALLCOM,1018.15,2026-09-04,4.53,5.05,2.56,3.9,-5.7,-21.07
TMCV,458.2,2026-09-04,-2.74,-3.55,2.56,24.03,-1.57,
ORKLAINDIA,594.15,2026-09-04,-0.08,4.18,2.55,-5.07,3.83,
CHEVIOT,1159.4,2026-09-04,2.21,-0.59,2.55,7.65,17.32,-1.46
MOALPHA50,56.36,2026-09-04,-1.04,-0.05,2.55,8.29,16.36,11.76
PRINCEPIPE,283.0,2026-09-04,-3.77,-0.33,2.5,3.68,19.92,-14.58
MOIPO,49.15,2026-09-04,0.7,0.63,2.48,14.17,20.17,
FLFL,1.25,2026-09-04,4.17,9.65,2.46,-10.07,3.31,-24.7
BEACON,87.3,2026-09-03,2.71,5.82,2.46,4.55,11.21,52.89
MEDANTA,1469.8,2026-09-04,-0.67,4.57,2.45,19.36,32.5,3.49
CLEDUCATE,58.08,2026-09-04,-6.46,-7.72,2.45,13.39,38.75,-47.69
MASPTOP50,79.86,2026-09-04,-0.82,0.33,2.44,-3.06,14.94,23.81
DENTALKART,400.0,2026-09-03,-0.83,-2.88,2.42,-9.09,-11.8,-34.65
AMBALALSA,43.73,2026-09-04,-4.14,-0.41,2.41,26.28,,
RELIANCE,1322.0,2026-09-04,3.52,0.93,2.41,1.87,-1.26,-2.29
DELAPLEX,97.65,2026-09-03,-9.83,15.56,2.41,-2.15,-8.7,-24.59
SADBHIN,2.55,2026-09-04,-3.77,-4.85,2.41,-13.56,-20.81,-42.18
MOMGF,165.66,2026-09-04,-0.02,0.9,2.4,5.39,9.42,13.63
VETO,125.5,2026-09-04,0.03,-3.79,2.4,-2.14,24.88,10.56
MAITREYA,123.9,2026-09-03,4.73,9.79,2.4,-24.06,-34.08,-51.79
SHANKARA,148.18,2026-09-04,1.4,2.31,2.38,29.36,40.51,-85.13
VIKASLIFE,1.29,2026-09-04,-0.77,6.61,2.38,-13.42,-5.84,-43.17
SAYAJIHOTL,319.35,2026-09-04,0.25,-5.89,2.36,14.09,,
NIRLON,620.0,2026-09-04,-1.96,-1.16,2.36,2.46,,
IRBINVIT,64.5,2026-09-03,-0.54,-0.09,2.33,9.83,10.84,13.28
SML100CASE,11.43,2026-09-04,0.79,0.97,2.33,11.19,24.08,
ORIENTALTL,5.31,2026-09-04,5.57,2.91,2.31,-17.03,-13.8,-45.87
SAAKSHI,312.0,2026-09-03,5.98,4.73,2.3,25.55,73.43,82.46
TARIL,300.95,2026-09-04,-4.09,-0.38,2.29,-5.18,3.85,-39.9
METALIETF,13.4,2026-09-04,0.53,-0.45,2.29,-0.74,13.27,38.86
SCPL,646.45,2026-09-04,1.84,-0.79,2.26,42.85,102.02,144.17
SMCGLOBAL,81.25,2026-09-04,2.48,1.91,2.25,38.35,11.49,21.52
NSIL,5721.5,2026-09-04,0.32,-0.04,2.24,2.42,1.54,-18.98
SESHAPAPER,233.09,2026-09-04,1.64,2.43,2.24,3.41,-11.12,-12.25
KCPSUGIND,32.07,2026-09-04,-1.5,-6.53,2.23,35.72,38.41,-4.83
DLINKINDIA,451.15,2026-09-04,2.16,0.59,2.23,-1.02,21.05,0.95
ARIHANTCAP,79.69,2026-09-04,2.5,4.57,2.23,19.05,6.45,-22.35
NITIRAJ,219.19,2026-09-04,7.33,9.14,2.22,19.08,9.92,17.77
MAGSON,184.0,2026-09-03,1.63,0.44,2.22,8.24,36.3,61.76
DODLA,1066.8,2026-09-04,-1.28,-7.19,2.21,-2.21,-4.74,-26.03
OMAXAUTO,183.07,2026-09-04,-1.34,-4.7,2.21,-21.77,84.32,28.44
INVENTURE,0.93,2026-09-04,-2.11,9.41,2.2,-1.06,-9.71,-42.94
SELECTIPO,48.65,2026-09-04,-0.51,-0.53,2.18,13.01,19.55,-0.99
KARURVYSYA,348.85,2026-09-04,0.36,3.16,2.17,23.81,13.41,73.22
DIGJAMLMTD,49.96,2026-09-04,-2.5,-2.63,2.17,13.8,13.29,-11.62
MOSMALL250,18.52,2026-09-04,0.16,0.33,2.15,8.05,20.81,9.52
AARTIIND,492.05,2026-09-04,-6.17,-9.41,2.14,6.94,19.28,29.21
PODDARMENT,257.1,2026-09-04,0.92,1.62,2.13,0.71,15.33,-2.11
GMBREW,919.85,2026-09-04,4.86,4.78,2.12,3.82,-2.8,33.43
GROWWRLTY,10.21,2026-09-04,1.59,-0.49,2.1,19.28,22.28,
EMUDHRA,524.8,2026-09-04,-4.21,-4.03,2.1,12.43,22.51,-25.74
PRSMJOHNSN,111.12,2026-09-04,-0.09,3.74,2.09,-6.26,-11.52,-25.46
AHLWEST,530.85,2026-09-04,-3.32,-0.27,2.09,-6.48,268.26,268.26
GENUSPAPER,12.76,2026-09-04,5.28,14.75,2.08,5.02,7.32,-29.66
QUADPRO,2.45,2026-09-03,2.08,2.08,2.08,16.67,6.52,-20.97
SIKKO,5.41,2026-09-04,7.77,5.46,2.08,33.58,22.68,55.28
GOCOLORS,326.65,2026-09-04,-0.37,-7.54,2.06,-18.67,7.05,-55.52
ROXHITECH,47.5,2026-09-03,-3.85,-8.21,2.04,32.13,43.29,-1.45
BALMLAWRIE,177.98,2026-09-04,1.84,1.08,2.04,-1.71,7.04,-17.38
SGL,10.05,2026-09-04,-3.27,-0.5,2.03,-10.19,-10.19,-27.85
MANAKCOAT,121.8,2026-09-04,-0.51,-2.34,2.03,15.1,-2.18,-18.5
NAVNETEDUL,131.21,2026-09-04,-2.53,-1.77,2.01,-7.8,-4.02,-11.83
DEN,27.97,2026-09-04,-1.06,-0.6,2.01,4.84,3.36,-23.01
ANURAS,1238.7,2026-09-04,-1.91,-1.34,2.0,-8.12,-0.63,12.4
NXST,167.8,2026-09-03,0.01,-0.11,1.99,9.93,8.83,21.5
PLATIND,231.54,2026-09-04,-1.6,10.12,1.99,7.17,11.18,-14.83
COOLCAPS,23.35,2026-09-03,12.53,12.8,1.97,10.4,-15.25,-71.42
KROSS,211.57,2026-09-04,-0.54,0.94,1.97,10.52,12.99,4.04
PENIND,169.56,2026-09-04,2.06,5.32,1.97,5.99,19.6,-30.81
VIVIDHA,0.52,2026-09-04,4.0,-1.89,1.96,-5.45,6.12,-33.33
HDFCLIFE,546.4,2026-09-04,0.56,-1.18,1.95,-4.43,-19.9,-27.3
GROWWMOM50,10.99,2026-09-04,-1.17,-0.45,1.95,4.57,8.81,7.37
MFSL,1548.4,2026-09-04,-1.57,-1.36,1.92,-2.09,-11.41,-1.12
JSWSTEEL,1325.0,2026-09-04,1.32,-0.15,1.92,2.42,9.86,24.26
UYFINCORP,19.73,2026-09-04,1.08,-1.79,1.91,35.69,45.93,52.36
SOUTHBANK,47.29,2026-09-04,3.57,4.72,1.91,7.05,19.06,66.57
IIFLCAPS,341.2,2026-09-04,1.26,2.23,1.88,0.84,7.03,16.28
GILT5BETA,66.94,2026-09-04,0.3,0.66,1.87,2.56,3.32,6.46
SGIL,606.2,2026-09-04,0.53,5.27,1.87,2.07,20.43,13.04
CENTUM,3767.3,2026-09-04,9.34,12.14,1.86,8.33,44.05,33.91
EMKAYTOOLS,96.05,2026-09-03,1.11,0.16,1.86,-3.95,-4.9,-41.79
UNOMINDA,1249.7,2026-09-04,-2.06,-0.13,1.85,15.41,11.31,-2.04
TEMBO,58.47,2026-09-04,0.72,1.33,1.84,-2.57,12.54,-7.92
HDFCSML250,186.65,2026-09-04,0.7,0.79,1.83,8.87,21.34,10.11
NCLIND,177.81,2026-09-04,2.35,2.56,1.83,-0.96,-2.48,-16.41
ARVIND,552.95,2026-09-04,0.31,4.82,1.83,11.24,63.98,89.29
SAFARI,1540.4,2026-09-04,1.95,3.03,1.82,-2.64,-6.77,-28.31
DIXON,14240.0,2026-09-04,-4.11,-2.26,1.8,23.96,40.49,-20.2
VMSTMT,45.46,2026-09-04,-0.18,-3.67,1.79,-1.81,5.94,
THEJO,2125.3,2026-09-04,2.35,4.58,1.79,36.07,32.11,13.46
MOMENTUM50,54.38,2026-09-04,-1.18,0.04,1.78,4.82,9.15,7.15
MITCON,77.8,2026-09-04,-1.19,-2.58,1.77,-11.54,44.48,10.75
RKFORGE,700.85,2026-09-04,-5.75,-3.8,1.76,24.56,28.67,22.94
BIRET,342.37,2026-09-03,0.19,-0.65,1.76,8.75,-1.25,14.67
MPHASIS,2422.0,2026-09-04,-0.22,-0.21,1.76,7.39,9.69,-13.08
MOSCHIP,212.22,2026-09-04,-0.92,3.1,1.74,-5.06,23.2,-4.4
UNIECOM,87.62,2026-09-04,-1.95,1.85,1.74,0.85,-12.7,-42.26
PALASHSECU,90.17,2026-09-04,2.21,-2.55,1.74,-9.54,-0.87,-24.9
ENSER,14.8,2026-09-03,-0.34,-3.9,1.72,-1.99,23.33,-31.48
DCMSRIND,44.91,2026-09-04,-7.17,-15.36,1.72,16.88,23.43,-71.49
TITAN,5020.0,2026-09-04,-1.61,-1.16,1.72,19.04,19.79,36.45
PDSL,358.5,2026-09-04,-2.61,-2.13,1.69,12.52,20.42,12.43
SRD,39.33,2026-09-04,-1.55,-3.46,1.68,-2.41,-6.4,-51.83
GANDHITUBE,900.15,2026-09-04,-0.09,0.56,1.68,8.09,10.74,-4.45
3PLAND,32.39,2026-09-04,2.86,2.08,1.66,1.5,4.25,-29.39
EASTSILK,61.0,2026-09-04,-1.21,-4.46,1.65,11.37,-17.47,72.22
HDFCPSUBK,86.16,2026-09-04,0.02,-0.05,1.64,3.37,-8.38,24.69
APOLSINHOT,1218.1,2026-09-04,-1.18,1.39,1.64,-5.41,3.54,-14.42
EFACTOR,175.0,2026-09-03,-5.63,-13.32,1.63,-3.82,-24.57,-14.67
RPPL,23.29,2026-09-04,-0.3,-4.08,1.61,23.16,52.12,9.24
SSFL,265.65,2026-09-03,1.8,15.5,1.61,58.41,105.37,72.07
ORTEL,1.9,2026-09-03,0.0,-5.0,1.6,18.75,21.02,25.83
CLEANMAX,1347.9,2026-09-04,8.1,7.28,1.6,15.14,57.19,
HERCULES,159.32,2026-09-03,0.0,0.0,1.59,1.59,1.59,-1.28
MOREALTY,90.84,2026-09-04,0.88,-0.76,1.58,18.93,22.13,2.76
MIDSELIETF,19.93,2026-09-04,-0.6,-0.25,1.58,8.85,17.24,14.94
BAGFILMS,4.51,2026-09-04,2.97,2.27,1.58,-10.34,-4.85,-30.93
DELTAMAGNT,58.4,2026-09-04,2.08,1.88,1.57,-4.68,8.91,-34.33
KRISHANA,184.13,2026-09-04,-3.61,-7.79,1.57,34.59,98.11,59.79
SCML,83.2,2026-09-03,-3.26,0.97,1.53,11.16,-38.3,-13.29
SMALLADD,18.53,2026-09-04,0.0,0.32,1.53,8.17,21.43,
MUTHOOTFIN,2913.8,2026-09-04,-2.16,-9.2,1.53,-8.07,-12.02,3.97
NOVARTIND,1646.7,2026-09-04,5.94,9.62,1.52,21.71,144.95,144.95
SUDARCOLOR,383.45,2026-09-04,-0.47,-4.47,1.51,4.1,16.62,-35.48
KRISHCA,161.95,2026-09-03,3.52,-4.43,1.5,-7.75,-4.51,-25.76
MIDHANI,418.8,2026-09-04,1.12,0.17,1.5,-5.52,24.64,10.49
APCOTEXIND,635.5,2026-09-04,-1.67,2.7,1.49,19.3,78.11,60.86
AONETMMQ50,10.3,2026-09-04,-0.87,-0.87,1.48,1.1,8.86,
PSUBANK,85.53,2026-09-04,0.3,0.2,1.47,-89.63,-90.83,-87.49
DAMODARIND,28.45,2026-09-04,5.29,2.34,1.43,-6.38,18.54,-19.08
TNPL,155.75,2026-09-04,10.56,9.61,1.43,6.99,17.93,-3.52
GROWWSC250,10.69,2026-09-04,0.56,0.56,1.42,8.97,21.2,
63MOONS,876.5,2026-09-04,12.54,9.53,1.42,41.26,55.27,-4.24
PRUDENT,3347.6,2026-09-04,-8.89,0.32,1.42,27.94,49.98,21.79
BAIDFIN,10.12,2026-09-04,-0.3,4.98,1.4,-1.17,-8.0,-11.77
GROWW,194.0,2026-09-04,1.01,-1.26,1.4,2.02,23.55,
ORIENTELEC,179.19,2026-09-04,-0.36,-3.14,1.39,0.46,-5.35,-15.48
PFOCUS,307.0,2026-09-04,6.86,-0.26,1.39,34.2,10.11,113.22
ECAPINSURE,23.99,2026-09-04,-0.54,-1.24,1.39,1.91,3.18,6.29
SATIA,63.36,2026-09-04,11.39,9.41,1.39,14.41,1.98,-23.56
TRF,231.59,2026-09-04,1.78,0.7,1.38,0.19,-1.43,-26.32
GSFC,162.88,2026-09-04,2.99,2.02,1.37,1.25,2.8,-22.63
JAYNECOIND,89.04,2026-09-04,-9.52,-14.57,1.34,-8.31,19.45,50.23
PSUBNKIETF,86.53,2026-09-04,-0.01,0.1,1.32,3.82,-8.11,24.97
WINNY,31.0,2026-09-03,-3.28,-3.28,1.31,-17.44,-27.91,-60.61
WORTHPERI,154.99,2026-09-04,-0.93,-0.21,1.31,22.83,18.38,0.69
TIMESCAN,39.5,2026-09-03,0.0,0.77,1.28,-0.13,-16.75,-39.83
PSUBANKADD,86.43,2026-09-04,0.23,0.24,1.27,3.97,-7.73,25.61
CAPACITE,216.22,2026-09-04,1.04,-2.12,1.26,-4.85,-3.08,-27.6
KALYANKJIL,598.8,2026-09-04,-0.37,-1.51,1.25,65.37,52.06,19.31
TNIDETF,90.94,2026-09-04,-0.39,0.35,1.25,11.61,12.76,-1.94
GMDCLTD,562.95,2026-09-04,-0.02,-1.38,1.25,-16.83,6.13,25.99
VARDHACRLC,43.59,2026-09-04,0.41,2.65,1.24,0.43,34.98,2.56
GRPLTD,2013.0,2026-09-04,2.42,1.51,1.24,12.11,10.77,-0.95
CGPOWER,891.0,2026-09-04,-2.73,1.54,1.24,-5.0,30.09,20.64
PLASTIBLEN,187.91,2026-09-04,1.31,-2.38,1.24,9.28,39.88,-1.59
AARTISURF,548.5,2026-09-04,5.36,0.76,1.23,49.01,46.23,15.45
NPBET,290.32,2026-09-04,1.25,1.83,1.21,7.62,0.37,6.68
GSLSU,28.37,2026-09-04,10.26,-9.65,1.18,-47.39,-62.95,-74.01
ARFIN,87.24,2026-09-04,0.01,3.92,1.17,-2.23,18.13,130.44
GEECEE,366.2,2026-09-04,-1.01,-0.68,1.16,10.9,28.38,-4.93
VEDL,272.1,2026-09-04,-2.19,-1.77,1.15,-16.92,-60.54,-36.51
JSWINFRA,333.0,2026-09-04,-2.06,-2.12,1.14,22.44,35.39,10.14
MASKINVEST,148.64,2026-09-04,-2.36,-2.21,1.12,-1.76,12.36,-1.5
IDFCFIRSTB,86.71,2026-09-04,0.86,0.95,1.12,20.52,24.13,20.4
GROWWPSUBK,85.88,2026-09-04,0.07,0.21,1.11,4.04,,
EFCIL,193.24,2026-09-04,-5.64,-4.55,1.09,11.17,-15.48,-41.27
PETRONET,288.1,2026-09-04,-4.16,-2.65,1.09,8.32,4.08,8.94
YASHOPTICS,121.0,2026-09-03,-3.01,4.67,1.09,-1.98,13.83,-9.02
EMULTIMQ,42.0,2026-09-04,-0.45,-0.59,1.08,-0.19,6.17,2.16
MONQ50,141.93,2026-09-04,-4.13,-3.09,1.08,-3.02,50.14,66.49
AMBER,7474.0,2026-09-04,-1.92,1.3,1.07,-1.88,-2.39,-2.91
AMJLAND,39.47,2026-09-04,-0.25,2.36,1.06,9.93,0.42,-31.14
PNGSREVA,516.35,2026-09-04,-3.76,-4.57,1.06,35.54,25.42,
NIF100BEES,266.58,2026-09-04,-0.64,-0.99,1.05,1.05,0.42,-0.64
NUVOCO,352.15,2026-09-04,10.43,9.84,1.02,9.21,14.78,-25.17
BILVYAPAR,4.04,2026-09-04,0.25,-4.27,1.0,-9.21,-36.18,-68.06
RADICO,4494.0,2026-09-04,0.2,-2.3,0.99,28.6,77.24,58.57
ELECON,433.75,2026-09-04,5.32,-1.09,0.98,-14.07,10.85,-21.31
OMFREIGHT,89.84,2026-09-04,0.38,-4.02,0.97,7.7,14.01,
PARACABLES,65.51,2026-09-04,0.26,5.24,0.97,-5.55,96.79,40.4
ENFUSE,160.75,2026-09-03,0.47,0.47,0.97,-3.74,-12.85,-31.89
PSUBNKBEES,95.45,2026-09-04,0.29,0.34,0.96,3.66,-7.88,25.23
SONUINFRA,42.35,2026-09-03,15.55,21.17,0.95,-6.1,-40.35,-61.98
NIFTYIETF,271.88,2026-09-04,-0.56,-1.03,0.94,0.94,-1.44,-2.21
TEXINFRA,115.02,2026-09-04,3.41,3.37,0.94,14.39,29.03,21.84
TCL,123.6,2026-09-03,-5.29,-11.71,0.9,28.55,32.9,3.82
GANESHCP,174.46,2026-09-04,1.93,7.87,0.89,-15.19,-3.86,
AXISBANK,1273.0,2026-09-04,-2.08,2.99,0.89,1.65,-5.72,21.29
ELDEHSG,789.1,2026-09-04,1.38,-4.42,0.88,0.31,-5.37,4.88
GILT10BETA,26.58,2026-09-04,-0.86,0.3,0.87,2.43,1.18,2.7
MUTHOOTCAP,241.72,2026-09-04,-1.19,-2.69,0.87,20.8,14.27,-12.63
BANKPSU,86.14,2026-09-04,-0.13,0.31,0.87,3.8,-8.06,25.44
VTL,598.2,2026-09-04,4.57,0.62,0.87,-4.48,12.09,48.47
PROSTARM,134.73,2026-09-04,-1.06,-2.5,0.86,-3.16,0.7,-28.5
NOCIL,172.44,2026-09-04,0.58,4.02,0.85,4.84,29.06,-5.91
SPECIALITY,139.59,2026-09-04,0.33,-3.84,0.84,33.6,38.79,12.87
ALPHAETF,26.58,2026-09-04,-1.3,-1.01,0.83,3.87,8.76,6.75
MMTC,64.18,2026-09-04,2.94,-0.67,0.83,-6.05,14.81,1.26
DHARMAJ,270.05,2026-09-04,0.02,3.61,0.82,-3.19,12.64,-27.07
PARKHOSPS,286.25,2026-09-04,-0.1,2.21,0.81,0.12,55.56,
RIIL,750.95,2026-09-04,-0.2,-3.1,0.8,-0.26,12.83,-17.88
VISACHROME,38.34,2026-09-04,-6.53,4.16,0.76,-23.32,6.53,13.97
INTENTECH,82.25,2026-09-04,0.45,2.5,0.75,-12.57,-14.77,-6.18
GROWWCHEM,30.24,2026-09-04,-1.14,1.04,0.73,4.67,11.67,
PREMIER,2.75,2026-09-04,-6.46,1.1,0.73,-5.17,-6.78,-19.59
GRCL,570.15,2026-09-03,-0.32,2.22,0.73,13.18,42.54,42.93
METROPOLIS,588.7,2026-09-04,1.09,4.5,0.72,8.19,27.79,5.71
COALINDIA,415.35,2026-09-04,4.69,3.37,0.72,-11.51,-2.05,13.31
POWERICA,525.05,2026-09-04,1.17,1.46,0.72,1.96,,
WENDT,8160.0,2026-09-04,-0.13,-1.52,0.72,18.81,23.32,-17.51
JSL,737.85,2026-09-04,5.08,5.05,0.72,6.34,-1.86,-0.67
STEELXIND,11.34,2026-09-04,7.18,4.04,0.71,-6.59,41.93,20.9
EBBETF0425,1290.83,2025-04-08,0.02,0.23,0.7,1.9,3.85,7.57
RUCHINFRA,5.82,2026-09-04,1.22,1.04,0.69,-6.88,6.79,-22.3
MOGSEC,65.69,2026-09-04,0.95,0.5,0.69,3.64,3.37,5.97
DATAPATTNS,4585.0,2026-09-04,1.4,-3.19,0.67,9.6,46.98,88.07
SEDEMAC,2814.4,2026-09-04,-8.9,-10.68,0.66,16.47,,
KANANIIND,1.52,2026-09-04,0.0,2.01,0.66,-1.3,7.8,-26.57
GOLDKART,100.0,2026-09-03,3.84,19.05,0.65,-34.06,-60.83,-56.71
PVTBANIETF,28.17,2026-09-04,0.43,0.97,0.64,6.5,0.28,6.3
SURANASOL,26.11,2026-09-04,-2.76,2.23,0.62,-4.92,24.04,-20.73
HDBFS,682.7,2026-09-04,0.05,-0.9,0.61,6.24,0.84,-11.23
WSI,60.37,2026-09-04,-1.79,-2.39,0.6,-12.47,-12.39,-19.64
MAGADSUGAR,552.05,2026-09-04,-7.22,-8.15,0.6,25.22,20.19,-0.84
NMDC,84.7,2026-09-04,-3.97,-1.4,0.59,-10.56,10.42,18.85
PIDILITIND,1629.5,2026-09-04,-3.45,-1.84,0.59,11.57,14.05,5.24
VOGL,38.02,2026-09-04,-1.78,-4.21,0.58,,,
VLEGOV,10.61,2026-09-04,2.12,4.02,0.57,-22.89,-29.69,-67.22
AUBANK,1065.0,2026-09-04,-1.95,-4.4,0.57,10.81,12.68,53.11
HEADSUP,7.21,2026-09-04,4.95,5.1,0.56,3.0,-4.5,-30.0
AATMAJ,18.25,2026-09-03,0.0,-1.62,0.55,-12.89,-13.1,-5.93
SANGHVIMOV,439.2,2026-09-04,-3.95,-5.76,0.55,20.24,78.1,34.74
KISSHT,309.3,2026-09-04,0.7,1.21,0.54,14.94,,
PVTBANKADD,28.34,2026-09-04,0.64,1.58,0.53,5.9,0.14,6.3
EMMVEE,325.2,2026-09-04,1.07,-0.02,0.53,-1.29,73.73,
TCIFINANCE,15.1,2026-09-04,-0.98,-0.07,0.53,16.06,5.45,13.79
DRCSYSTEMS,13.64,2026-09-04,-0.29,5.0,0.52,-7.9,-0.66,-34.49
CARERATING,1738.2,2026-09-04,0.53,6.9,0.51,8.29,12.37,15.52
MOMIDMTM,64.55,2026-09-04,-0.28,-0.63,0.51,2.2,6.96,5.53
SIRCA,439.25,2026-09-04,0.99,-0.11,0.51,5.41,0.83,-4.86
COMPUSOFT,13.02,2026-09-04,-1.37,1.73,0.5,-4.08,0.35,-29.95
PHOENIXLTD,1942.0,2026-09-04,2.21,0.52,0.5,12.31,20.55,29.58
DIAMINESQ,240.99,2026-09-04,-0.24,0.98,0.49,-3.0,8.28,-36.3
CONFIPET,82.48,2026-09-04,1.36,14.33,0.49,7.27,173.11,70.81
ARVINDFASN,446.5,2026-09-04,-1.33,0.8,0.48,-4.89,4.05,-17.09
ONESOURCE,1537.8,2026-09-04,1.23,0.39,0.47,-16.33,15.17,-18.18
S&SPOWER,323.95,2026-09-04,-5.17,-1.45,0.47,-16.94,7.88,-17.87
INDIGRID,175.07,2026-09-03,-0.3,-0.13,0.47,4.06,10.25,16.48
GTECJAINX,29.27,2026-09-04,4.57,-1.25,0.45,-7.67,58.22,11.93
EBANKNIFTY,58.26,2026-09-04,0.59,0.76,0.45,6.86,-1.8,6.82
CONTI,11.1,2026-09-03,1.37,-2.63,0.45,-15.91,-30.19,-47.14
VISHNUINFR,160.55,2026-09-03,-0.5,0.72,0.44,0.72,-4.18,-5.35
PREMEXPLN,664.0,2026-09-04,0.18,-0.5,0.44,-2.98,31.79,23.28
PRIMESECU,284.5,2026-09-04,-0.85,3.06,0.44,1.05,4.75,8.46
RITES,215.8,2026-09-04,-1.21,-1.97,0.44,8.43,10.03,-13.49
LIQUIDPLUS,1102.01,2026-09-04,0.07,0.16,0.43,1.26,2.51,5.03
LIQUID1,1121.43,2026-09-04,0.07,0.17,0.43,1.28,2.53,5.06
ELIQUID,1046.6,2026-09-04,0.07,0.16,0.43,1.26,2.52,
INCREDIBLE,32.54,2026-09-04,1.56,-2.81,0.43,-7.71,-0.73,-24.33
AONELIQUID,1075.67,2026-09-04,0.07,0.16,0.43,1.26,2.51,5.01
CASHIETF,1078.38,2026-09-04,0.07,0.17,0.43,1.26,2.51,5.01
EMBASSY,438.57,2026-09-03,0.02,0.71,0.42,3.0,6.06,19.31
HDFCLIQUID,1076.75,2026-09-04,0.07,0.16,0.42,1.26,2.5,7.42
LIQUIDADD,1143.51,2026-09-04,0.07,0.16,0.42,1.24,2.48,4.95
LIQUIDCASE,115.8,2026-09-04,0.08,0.17,0.42,1.25,2.5,4.98
LIQUIDBETF,1097.63,2026-09-04,0.07,0.16,0.41,1.22,2.44,4.85
GROWWLIQID,110.64,2026-09-04,0.07,0.15,0.41,1.2,2.37,4.74
AFSL,202.07,2026-09-04,-4.73,0.53,0.4,0.53,0.34,-10.49
LIQUID,999.99,2026-09-04,0.0,0.4,0.4,1.21,1.62,4.02
LIQUIDSHRI,1120.33,2026-09-04,0.07,0.16,0.4,1.19,2.37,4.76
GSEC10YEAR,30.37,2026-09-04,-0.59,0.0,0.4,2.57,2.22,3.48
LIQUIDSBI,1000.0,2026-09-04,0.0,0.39,0.39,1.2,1.63,3.49
HDFCPVTBAN,28.39,2026-09-04,0.46,1.47,0.39,5.62,0.28,6.21
ABSLLIQUID,1000.0,2026-09-04,0.0,0.39,0.39,1.07,1.85,3.51
LICNMID100,63.84,2026-09-04,0.27,-0.27,0.38,3.69,11.36,8.61
GRADIENTE,2.71,2026-09-04,4.63,-9.06,0.37,-11.73,,
KOTHARIPRO,67.39,2026-09-04,0.43,-1.65,0.37,-5.12,4.85,-11.93
ELGIRUBCO,58.69,2026-09-04,-0.47,-1.15,0.36,31.77,53.44,-20.57
PNBGILTS,83.08,2026-09-04,7.95,5.67,0.35,-7.94,7.98,-14.65
HITECHGEAR,567.15,2026-09-04,0.63,3.32,0.34,-1.6,-7.26,-11.49
MIDSMALL,51.82,2026-09-04,-1.13,-0.88,0.33,3.08,14.12,8.12
HUBTOWN,189.26,2026-09-04,3.82,-1.49,0.33,-6.58,-7.61,-43.87
QFIL,63.0,2026-09-03,5.0,5.0,0.32,43.51,7.88,-1.56
GOLDENTOBC,24.96,2026-09-04,3.78,-0.04,0.32,-3.96,-15.13,-30.84
PRAKASH,125.63,2026-09-04,-1.39,-1.82,0.31,-14.18,1.76,-21.08
GILT5YBEES,66.33,2026-09-04,0.42,0.26,0.3,2.81,3.09,6.2
HYUNDAI,2205.0,2026-09-04,0.0,-0.09,0.27,15.2,7.1,-10.21
SONACOMS,789.0,2026-09-04,-2.96,-3.01,0.25,31.63,57.82,81.27
INDUSTOWER,376.8,2026-09-04,-3.09,0.68,0.25,-9.17,-11.6,20.65
MOHEALTH,51.84,2026-09-04,-0.56,1.17,0.25,9.69,19.34,15.59
MGL,1096.6,2026-09-04,2.55,-2.76,0.25,3.72,1.2,-12.54
DHANUKA,1010.65,2026-09-04,3.54,1.58,0.25,-7.79,2.48,-37.34
AHLADA,37.29,2026-09-04,-3.59,-0.93,0.24,-9.45,-11.13,-34.61
BBNPNBETF,58.3,2026-09-04,0.52,-0.53,0.24,6.97,-1.27,7.25
RAJOOENG,51.59,2026-09-04,7.28,3.32,0.23,-4.53,-11.8,-48.12
RELIGARE,257.08,2026-09-04,5.88,13.28,0.23,11.61,27.06,-2.25
ZFSTEERING,667.5,2026-09-04,0.2,-0.79,0.23,3.43,,
PWL,126.42,2026-09-04,8.7,4.08,0.23,18.75,58.9,
SARDAEN,508.55,2026-09-04,1.93,0.31,0.22,-4.08,-2.09,-8.8
LYPSAGEMS,4.62,2026-09-03,-1.49,-0.65,0.22,,,
PHARMABEES,27.32,2026-09-04,-1.01,0.92,0.22,10.21,17.66,21.53
SIS,430.95,2026-09-04,0.54,3.09,0.21,1.64,45.96,18.89
LAKPRE,5.01,2026-09-04,7.28,17.06,0.2,-9.73,-1.57,-15.23
HMAAGRO,20.84,2026-09-04,-0.67,-2.07,0.19,-9.63,-15.42,-32.8
GRAVITA,1661.6,2026-09-04,-7.7,-8.09,0.18,1.34,8.31,0.23
AISL,57.1,2026-09-03,0.88,1.96,0.18,5.35,-22.42,-32.78
ITALIANE,32.0,2026-09-03,-6.16,-3.9,0.16,-8.31,-33.75,-1.25
MOPSE,101.57,2026-09-04,1.62,-0.28,0.16,-1.13,-0.74,7.33
ONEPOINT,57.01,2026-09-04,4.07,2.7,0.14,-1.32,21.35,29.27
UTKARSHBNK,14.56,2026-09-04,-3.32,-0.88,0.14,17.14,10.81,-32.09
RSSOFTWARE,30.61,2026-09-04,2.93,2.1,0.13,-5.93,-11.96,-59.77
ARTNIRMAN,40.63,2026-09-04,1.58,-0.05,0.12,-5.14,4.18,-18.3
BANKIETF,59.14,2026-09-04,0.19,0.41,0.12,6.23,-1.7,6.89
SHIVAMAUTO,18.01,2026-09-04,2.16,10.49,0.11,4.83,-0.66,-36.09
BANSALWIRE,315.0,2026-09-04,-0.52,-2.14,0.1,2.11,27.74,-13.59
ANMOL,10.08,2026-09-04,-0.1,1.51,0.1,-11.66,-8.78,-37.97
CAPTRUST,20.04,2026-09-04,2.98,-0.2,0.1,50.68,65.89,-53.58
VRAJ,121.71,2026-09-04,-3.91,0.2,0.1,-2.63,4.35,-19.34
OILIETF,11.37,2026-09-04,1.34,0.35,0.09,0.35,-3.56,2.52
ORISSAMINE,4311.7,2026-09-04,-0.06,-4.43,0.09,4.53,10.89,-10.34
MOM100,68.18,2026-09-04,-0.94,-0.99,0.09,3.71,11.06,11.17
SBIETFPB,283.57,2026-09-04,0.04,0.41,0.08,6.09,-0.64,5.81
DEEDEV,658.25,2026-09-04,11.51,3.74,0.08,2.98,152.2,141.38
BANKBEES,596.2,2026-09-04,0.1,0.25,0.07,6.22,-1.67,6.79
MEGATHERM,205.1,2026-09-03,-4.4,-6.77,0.05,-16.63,-0.44,-34.24
ADANIPORTS,1707.3,2026-09-04,7.17,2.11,0.04,-4.27,19.53,29.08
UPL,582.15,2026-09-04,3.54,1.79,0.04,-8.04,-4.29,-15.48
SBICARD,658.25,2026-09-04,2.09,1.22,0.04,11.66,-9.09,-16.72
WHIRLPOOL,815.95,2026-09-04,1.59,6.73,0.04,1.51,-8.79,-39.17
BANKNIFTY1,59.71,2026-09-04,0.1,0.3,0.03,5.46,-1.74,-89.32
NAHARCAP,261.75,2026-09-04,3.68,2.35,0.03,3.9,19.39,-8.68
GSEC5IETF,66.51,2026-09-04,0.76,0.35,0.02,2.86,3.2,6.04
GOKULAGRO,231.17,2026-09-04,-5.3,-5.28,0.02,-0.27,47.67,39.28
SECURCRED,1.56,2026-09-03,0.0,0.0,0.0,0.0,0.0,0.0
SUULD,1.57,2026-09-03,0.0,0.0,0.0,0.0,0.0,-23.04
NILASPACES,12.23,2026-09-04,-2.55,-4.08,0.0,-2.7,-8.05,-14.77
TECHIN,14.0,2026-09-03,0.0,0.0,0.0,0.0,0.0,0.0
VELS,73.0,2026-09-03,0.0,0.0,0.0,6.8,39.05,39.71
SECL,3.0,2026-09-03,0.0,0.0,0.0,-4.76,-23.08,-50.0
MARSHALL,3.64,2026-09-03,0.0,0.0,0.0,0.0,0.0,-43.91
ALPSINDUS,34.3,2026-09-03,0.0,0.0,0.0,0.0,0.0,83.42
OMKARCHEM,3.41,2026-09-03,0.0,0.0,0.0,0.0,-24.56,-44.46
LIQUIDIETF,999.99,2026-09-04,0.0,0.0,0.0,0.0,0.0,0.0
MELSTAR,4.25,2026-09-03,0.0,0.0,0.0,0.0,0.0,0.0
SHAIVAL,33.0,2026-09-03,0.0,0.0,0.0,0.0,8.2,8.2
GANGOTRI,0.61,2026-09-03,0.0,0.0,0.0,0.0,0.0,-3.17
RMCL,200.0,2026-09-03,0.0,0.0,0.0,0.0,0.0,0.0
FILATFASH,0.18,2026-09-04,0.0,0.0,0.0,-14.29,-14.29,-67.86
BKMINDST,45.0,2026-09-03,0.0,0.0,0.0,0.0,0.0,0.0
BLUEPEBBLE,70.0,2026-09-03,11.11,6.22,0.0,-21.35,-46.13,-61.53
BRIGHT,2.8,2026-09-03,0.0,0.0,0.0,0.0,0.0,0.0
NESCO,1047.6,2026-09-04,0.64,1.14,0.0,-6.94,-1.98,-27.57
PATTECH,114.85,2026-09-03,0.0,0.0,0.0,-1.71,8.09,0.97
PERFECT,8.1,2026-09-03,0.0,0.0,0.0,0.0,0.0,0.0
MINDPOOL,71.1,2026-09-03,0.0,0.0,0.0,0.0,0.0,3.72
INDLMETER,23.69,2026-09-03,0.0,0.0,0.0,0.0,0.0,0.0
SRIRAM,10.1,2026-09-03,0.0,0.0,0.0,0.0,0.0,0.0
AVSL,119.7,2026-09-03,0.0,0.0,0.0,0.0,0.0,-0.25
LIQUIDBEES,1000.0,2026-09-04,0.0,0.0,0.0,0.0,0.0,0.31
CARRARO,533.65,2026-09-04,-3.4,1.11,-0.0,2.85,6.24,22.54
PRATHAM,120.0,2026-09-03,0.54,0.0,0.0,-8.33,-11.11,-13.98
JAKHARIA,60.5,2026-09-03,0.0,0.0,0.0,0.0,0.0,-34.59
AURIGROW,0.28,2026-09-03,0.0,0.0,0.0,-6.67,12.0,-52.54
GOENKA,0.82,2026-09-03,0.0,0.0,0.0,0.0,0.0,-12.77
PODDARHOUS,43.37,2026-09-03,0.0,0.0,0.0,0.0,0.0,0.0
JINDCOT,2.5,2024-11-08,0.0,0.0,0.0,0.0,0.0,0.0
WINSOME,836.67,2026-09-03,0.0,0.0,0.0,-0.79,44.25,22.44
KTL,4.85,2026-09-03,0.0,0.0,0.0,0.0,0.0,-16.38
SAHAJ,3.85,2026-09-03,0.0,0.0,0.0,0.0,-17.2,-53.05
SANCO,2.9,2026-09-03,0.0,0.0,0.0,-4.92,30.04,18.37
LIQUIDETF,999.99,2026-09-04,-0.0,0.0,0.0,-0.0,0.38,2.46
SETFNIFBK,590.86,2026-09-04,0.02,0.13,-0.02,6.22,-1.82,6.67
PPL,262.0,2026-09-04,0.23,-2.42,-0.02,25.86,33.27,-18.08
HDFCNIFBAN,59.22,2026-09-04,0.12,0.29,-0.03,6.17,-1.6,6.63
CENTENKA,608.9,2026-09-04,11.36,10.14,-0.05,25.38,51.06,24.35
ARSSBL,515.05,2026-09-04,1.24,-2.12,-0.06,-1.41,6.01,
GPECO,422.3,2026-09-03,4.53,7.47,-0.06,-4.09,27.33,-30.11
BANARBEADS,113.9,2026-09-04,-0.67,1.09,-0.06,8.28,2.12,11.69
BANKBETF,58.56,2026-09-04,0.03,0.41,-0.07,6.32,-1.53,7.02
SHREEOSFM,55.95,2026-09-03,-4.85,-9.25,-0.09,5.57,-25.4,-54.12
BANKBETA,59.57,2026-09-04,0.18,0.51,-0.1,6.45,-1.52,
CMRGREEN,228.34,2026-09-04,-1.06,3.14,-0.11,,,
LTM,4554.0,2026-09-04,0.31,0.63,-0.11,11.96,6.11,-11.07
MOM30IETF,31.36,2026-09-04,-0.57,-0.63,-0.13,2.65,2.32,2.18
EBBETF0433,1311.12,2026-09-04,0.25,-0.31,-0.13,3.12,2.5,5.06
IMPAL,1114.6,2026-09-04,3.92,2.59,-0.13,4.32,9.93,14.23
NIRAJ,28.72,2026-09-04,-2.05,1.81,-0.14,-0.14,1.48,-38.66
ZFCVINDIA,2551.9,2026-09-04,0.68,-3.71,-0.14,5.16,7.89,11.78
VENUSPIPES,1631.0,2026-09-04,-0.71,5.24,-0.15,11.15,59.27,24.8
APLLTD,808.2,2026-09-04,-3.2,-1.07,-0.15,11.21,17.46,-14.57
EBBETF0431,1440.43,2026-09-04,0.28,-0.19,-0.16,3.12,2.77,5.34
EBBETF0430,1609.05,2026-09-04,0.34,0.05,-0.16,2.57,2.54,5.11
JISLJALEQS,30.87,2026-09-04,9.16,10.45,-0.16,-1.91,-10.75,-43.99
BALPHARMA,87.73,2026-09-04,3.21,2.98,-0.16,0.71,21.83,2.54
JYOTHYLAB,201.54,2026-09-04,-0.95,-5.19,-0.18,2.58,-17.39,-39.12
ANGELONE,299.8,2026-09-04,4.5,4.83,-0.18,-10.95,36.6,35.39
LTGILTBEES,29.84,2026-09-04,-0.07,-0.37,-0.2,2.05,1.84,3.9
CONCORDBIO,1417.1,2026-09-04,-2.01,-7.94,-0.2,15.13,18.68,-14.57
INDOAMIN,125.96,2026-09-04,4.58,1.88,-0.21,-4.31,25.66,-12.9
LOTUSDEV,193.25,2026-09-04,5.68,11.67,-0.21,40.44,52.66,5.74
VIYASH,265.85,2026-09-04,0.85,-2.69,-0.21,6.7,32.32,50.1
GROWWMC150,233.51,2026-09-04,-0.93,-0.19,-0.23,4.2,10.52,
PRICOLLTD,764.95,2026-09-04,-4.77,-3.28,-0.23,34.57,35.46,53.45
CAMPUS,223.24,2026-09-04,-1.3,-2.32,-0.24,-10.5,-8.48,-15.63
LTTS,3493.3,2026-09-04,-3.19,-2.55,-0.25,6.76,6.5,-14.98
BANKADD,58.99,2026-09-04,0.03,0.2,-0.25,6.17,-1.54,6.85
SWASTIK,20.0,2026-09-03,-4.76,0.25,-0.25,-9.91,20.85,-40.3
HDFCMOMENT,30.99,2026-09-04,-1.09,-0.9,-0.26,2.48,2.04,2.21
FILATEX,77.72,2026-09-04,3.39,-7.53,-0.26,61.11,89.61,40.02
POONAWALLA,468.45,2026-09-04,1.0,-1.4,-0.26,19.09,10.0,8.25
COSMOFIRST,919.85,2026-09-04,-1.01,1.31,-0.27,27.18,37.32,-3.59
LODHA,1222.0,2026-09-04,1.95,-2.89,-0.29,39.07,34.34,2.88
ABSLBANETF,59.06,2026-09-04,0.29,0.73,-0.3,6.32,-1.55,6.86
CANFINHOME,807.4,2026-09-04,1.52,-0.33,-0.3,-0.21,0.31,8.55
WIPL,167.99,2026-09-04,2.43,1.82,-0.31,9.58,12.56,-0.63
DEEPAKNTR,1712.4,2026-09-04,-2.12,-1.03,-0.31,2.6,15.54,-1.67
NITTAGELA,1632.5,2026-09-04,0.73,4.41,-0.32,-9.99,,
MIDCAP,18.51,2026-09-04,-0.96,-1.12,-0.32,5.17,11.51,-88.4
NDGL,2787.7,2026-09-04,0.98,2.86,-0.32,9.52,8.14,-27.54
TREEHOUSE,6.29,2026-09-04,0.64,0.8,-0.32,-8.31,-23.85,-20.08
SWANDEF,2520.2,2026-09-04,2.95,8.13,-0.34,27.19,34.77,430.68
LICNETFGSC,29.34,2026-09-04,-0.03,-0.74,-0.34,1.91,1.73,4.01
BANKETF,586.33,2026-09-04,-0.23,0.21,-0.36,6.17,-1.83,6.83
TRACXN,29.96,2026-09-04,-0.6,1.32,-0.37,-3.14,-7.33,-41.31
GVT&D,4306.3,2026-09-04,-3.12,3.07,-0.37,-15.13,17.23,59.17
KRSNAA,560.0,2026-09-04,1.15,-0.53,-0.38,3.18,-7.01,-32.35
STARPAPER,151.42,2026-09-04,-0.69,3.78,-0.38,9.68,10.79,-11.6
PRESTIGE,1587.0,2026-09-04,-2.82,-2.98,-0.38,17.11,17.63,2.24
INFOLLION,158.4,2026-09-03,0.89,-1.06,-0.38,-13.89,-50.5,-67.0
CSBBANK,328.55,2026-09-04,-4.37,-1.01,-0.41,-9.17,-10.43,-9.43
MOMOMENTUM,62.27,2026-09-04,-0.81,-0.48,-0.42,2.65,2.05,1.98
MID150CASE,11.68,2026-09-04,-0.85,-0.93,-0.43,4.19,10.92,10.92
SAATVIKGL,424.4,2026-09-04,1.54,0.66,-0.45,-8.64,23.7,
MAMATA,412.55,2026-09-04,2.79,-1.19,-0.45,11.15,-0.68,2.14
VISL,35.39,2026-09-04,-3.91,-4.53,-0.45,,,
GKENERGY,128.96,2026-09-04,-3.17,3.69,-0.46,-8.17,28.84,
PILANIINVS,4323.8,2026-09-04,-0.68,-0.88,-0.47,1.32,-1.89,-15.18
CENTRALBK,31.08,2026-09-04,2.85,-0.42,-0.48,2.64,-14.79,-9.62
MOMENTUM,31.06,2026-09-04,-1.37,-0.74,-0.48,2.2,2.07,1.7
GANGESSECU,118.71,2026-09-04,0.87,-3.48,-0.49,-1.79,-2.71,-24.34
FABTECH,150.2,2026-09-04,1.21,2.14,-0.49,1.02,6.09,
SETFNN50,785.05,2026-09-04,-0.34,-1.0,-0.5,4.72,10.07,9.84
MIDCAPETF,23.73,2026-09-04,-0.79,-0.96,-0.5,4.08,10.68,10.17
HEALTHCARE,21.51,2026-09-04,-1.01,0.56,-0.51,8.42,16.4,
MEIL,285.1,2026-09-04,-0.71,9.21,-0.51,-10.79,19.54,-48.74
MIDCAPADD,23.28,2026-09-04,-1.61,-0.89,-0.51,4.02,10.59,
ABGSEC,113.58,2026-09-04,-1.24,-1.32,-0.51,1.41,0.68,3.75
NATIONALUM,374.1,2026-09-04,-1.94,-7.24,-0.52,-9.41,0.92,89.67
RETAIL,17.24,2026-09-04,-2.54,1.41,-0.52,-5.12,-20.19,-54.79
HDFCNEXT50,74.75,2026-09-04,-0.36,-0.69,-0.53,4.68,9.77,9.17
BANK10ADD,16.93,2026-09-04,-0.06,-0.12,-0.53,5.29,,
CHEMBOND,170.9,2026-09-04,-2.05,-1.45,-0.54,8.22,23.89,-3.18
GRSE,2533.2,2026-09-04,-1.26,-2.42,-0.54,-5.35,9.45,6.06
AFIL,9.22,2026-09-04,-2.64,-8.26,-0.54,-11.09,29.31,33.43
LAURUSLABS,1840.0,2026-09-04,-3.92,2.17,-0.54,28.92,78.71,110.89
MID150BEES,240.15,2026-09-04,-0.83,-0.88,-0.55,4.15,10.67,10.12
DCMSHRIRAM,1020.9,2026-09-04,0.41,-5.07,-0.56,0.31,1.06,-17.52
INFOMEDIA,5.35,2026-09-04,2.69,0.38,-0.56,-2.55,4.29,-12.3
V2RETAIL,216.5,2026-09-04,-2.78,-0.79,-0.57,-15.56,12.31,29.88
SURYALAXMI,60.79,2026-09-04,1.05,7.25,-0.57,7.02,15.42,-7.01
EMMIL,120.65,2026-09-03,-3.48,-0.29,-0.58,-2.7,-15.33,-37.81
HDFCMID150,23.5,2026-09-04,-0.59,-0.97,-0.59,4.21,10.43,9.86
SIEMENS,3977.0,2026-09-04,-1.32,-3.33,-0.59,8.4,26.43,26.7
BBTC,1496.8,2026-09-04,-0.41,5.25,-0.59,0.47,-4.64,-19.49
SBINMID150,23.3,2026-09-04,-0.81,-0.94,-0.6,4.34,,
TECHNOE,979.5,2026-09-04,-0.26,-1.86,-0.6,-3.12,-12.86,-34.85
ZEAL,65.0,2026-09-03,4.0,0.0,-0.61,-5.8,-13.62,-44.92
SAKUMA,1.62,2026-09-04,-2.41,8.72,-0.61,-16.06,-5.26,-38.4
MIDCAPIETF,24.06,2026-09-04,-0.78,-0.5,-0.62,4.16,10.77,10.27
VILAS,356.1,2026-09-03,-0.52,1.29,-0.63,-0.32,-5.25,-34.78
GAIL,173.4,2026-09-04,-2.03,0.09,-0.63,3.79,12.48,2.67
LALPATHLAB,1877.5,2026-09-04,-2.95,-0.33,-0.63,20.87,38.8,14.24
LORDSCHLO,146.6,2026-09-04,7.83,10.85,-0.63,13.86,19.8,-18.77
SUNDROP,662.5,2026-09-04,0.36,2.86,-0.64,3.26,5.64,-22.46
MOBANK10,16.95,2026-09-04,0.24,0.06,-0.64,5.56,,
GPTINFRA,112.1,2026-09-04,1.3,-1.09,-0.65,-3.72,-4.23,-2.18
ECLERX,1905.7,2026-09-04,-3.6,4.55,-0.65,35.46,18.42,-14.09
LT,3964.1,2026-09-04,-2.0,-3.08,-0.65,0.56,3.1,11.42
MULTICAP,16.79,2026-09-04,-0.06,-0.53,-0.65,4.81,8.25,4.94
KAMOPAINTS,4.53,2026-09-04,1.12,-1.95,-0.66,-11.7,7.86,-51.91
APTUS,258.85,2026-09-04,4.02,1.77,-0.67,-1.56,14.39,-19.97
SWARAJ,357.35,2026-09-04,-1.69,-4.08,-0.67,51.13,20.32,112.77
APCL,101.42,2026-09-04,0.53,-0.05,-0.67,-15.2,-16.25,-27.9
VINATIORGA,1310.7,2026-09-04,-1.44,-1.42,-0.67,0.82,-4.66,-23.87
COMMOIETF,100.33,2026-09-04,1.45,0.16,-0.68,-3.35,3.2,12.55
SHARDAMOTR,881.95,2026-09-04,-0.11,-1.25,-0.68,7.32,2.33,-16.67
HDFCNIFTY,270.3,2026-09-04,-0.57,-1.01,-0.69,2.76,-1.47,-2.21
SETF10GILT,263.1,2026-09-04,-0.6,-0.54,-0.7,1.69,1.36,2.46
ACCELYA,1131.0,2026-09-04,0.27,-0.54,-0.7,-1.31,-3.98,-14.48
BLUESTONE,842.75,2026-09-04,3.1,2.57,-0.71,57.51,87.49,48.25
SUPREMEIND,3475.0,2026-09-04,-2.36,-3.5,-0.74,-3.93,-10.23,-23.53
AONETOTAL,11.93,2026-09-04,-0.08,-0.5,-0.75,4.37,5.39,3.11
GSEC10IETF,262.5,2026-09-04,-1.21,-0.42,-0.76,1.25,0.86,2.14
BBETF0432,1342.3,2026-09-04,0.54,-0.52,-0.77,2.57,1.97,4.6
NEXT50BETA,79.05,2026-09-04,-0.45,-1.01,-0.77,5.01,9.82,
HBSL,54.91,2026-09-04,2.56,1.72,-0.78,2.08,8.71,-28.24
WILLAMAGOR,25.4,2026-09-04,6.95,2.13,-0.78,-6.69,-1.32,-23.01
ORICONENT,54.15,2026-09-04,-0.88,-4.9,-0.79,-10.79,-18.72,2.38
ANANTRAJ,625.45,2026-09-04,3.57,1.77,-0.79,6.3,28.04,17.35
BDL,1255.0,2026-09-04,-1.57,-8.26,-0.79,3.48,-1.13,-12.0
TCIEXP,552.9,2026-09-04,0.98,1.29,-0.8,2.41,8.21,-21.55
BCPL,68.45,2026-09-04,0.25,-2.3,-0.8,-12.19,,
AJANTPHARM,3464.8,2026-09-04,-3.81,-3.22,-0.81,18.62,19.9,35.95
TEAMLEASE,1250.6,2026-09-04,-2.56,0.26,-0.82,-9.69,5.72,-32.76
SHRITECH,59.55,2026-09-03,-2.3,-0.83,-0.83,-9.98,-2.38,-17.29
APEX,375.15,2026-09-04,-1.28,-5.23,-0.83,-11.11,5.96,72.5
PARAGON,48.0,2026-09-03,1.59,-7.34,-0.83,-1.03,5.03,-12.09
CELLO,342.0,2026-09-04,-2.92,-4.66,-0.83,-11.03,-17.68,-41.23
CMPDI,243.92,2026-09-04,5.63,2.55,-0.85,6.14,,
MADHUSUDAN,232.0,2026-09-03,2.77,4.15,-0.85,47.3,70.4,51.63
RPGLIFE,2721.6,2026-09-04,3.52,3.74,-0.88,27.3,52.36,15.78
HINDALCO,1011.0,2026-09-04,-0.44,-4.49,-0.88,-9.71,10.25,37.51
ZYDUSLIFE,1120.0,2026-09-04,-3.56,1.47,-0.88,3.36,24.99,10.78
JUBLPHARMA,924.5,2026-09-04,4.83,2.41,-0.88,-4.27,11.39,-12.73
ALLDIGI,805.85,2026-09-04,-0.94,-1.1,-0.89,1.16,7.53,-10.37
DHANBANK,31.86,2026-09-04,-0.78,-6.32,-0.9,-5.93,36.39,27.03
SETCO,17.45,2026-09-04,-1.41,-3.0,-0.91,5.37,78.02,115.02
SNXT50BETA,94.98,2026-09-04,0.37,-0.64,-0.92,4.55,7.12,
PROPEQUITY,210.0,2026-09-03,0.0,-0.94,-0.94,-4.55,20.0,3.45
GOKEX,789.2,2026-09-04,1.06,-0.97,-0.95,13.3,28.06,5.46
PLADAINFO,10.35,2026-09-03,4.55,4.55,-0.96,-14.81,-10.78,-47.59
OLAELEC,38.2,2026-09-04,-7.1,2.28,-0.96,-11.82,54.97,-40.78
CHAVDA,127.1,2026-09-03,-1.89,-7.26,-0.97,38.53,23.94,12.43
CPSEETF,93.7,2026-09-04,1.21,-0.39,-0.97,-7.25,-7.41,4.7
KIRLFER,459.6,2026-09-04,1.64,3.49,-0.98,9.49,2.29,2.29
PARIN,713.85,2026-09-03,0.54,0.54,-0.99,2.4,-0.58,54.26
DSFCL,25.81,2026-09-04,-3.94,-4.76,-1.0,3.58,-11.03,
PUNJABCHEM,1100.3,2026-09-04,-1.63,0.47,-1.0,15.86,4.46,-2.38
NEXT50IETF,77.25,2026-09-04,-0.19,-1.02,-1.01,4.48,9.9,9.59
GLFL,5.8,2026-09-04,-1.69,0.52,-1.02,-1.36,15.08,-6.45
PRITIKA,63.35,2026-09-03,2.51,6.38,-1.02,-0.86,12.32,-25.86
NURECA,322.7,2026-09-04,-2.74,7.42,-1.03,38.8,18.62,24.08
VIMTALABS,635.65,2026-09-04,-1.21,3.22,-1.03,24.31,48.23,-19.9
FIDEL,139.05,2026-09-03,-0.68,0.8,-1.03,-6.91,10.19,-22.46
MONIFTY500,23.91,2026-09-04,-0.21,-0.46,-1.03,4.0,4.55,2.66
BSL,123.58,2026-09-04,0.42,-0.44,-1.03,-1.56,-0.75,-27.45
HPIL,123.75,2026-09-04,1.14,-1.18,-1.04,-2.58,0.39,-4.44
MAKEINDIA,165.23,2026-09-04,-1.43,-1.61,-1.07,3.24,7.0,11.41
CONSUMER,12.03,2026-09-04,-1.47,-2.2,-1.07,10.06,12.32,-1.31
POLYMED,1702.5,2026-09-04,-3.25,-1.8,-1.07,21.42,22.0,-15.94
MAHESHWARI,72.21,2026-09-04,0.81,-3.14,-1.08,4.44,81.94,23.77
RAMCOIND,323.25,2026-09-04,-1.46,-5.36,-1.09,7.16,16.31,3.17
POWERINDIA,31650.0,2026-09-04,-6.25,-6.47,-1.09,-13.33,29.21,67.28
NAVA,560.2,2026-09-04,-1.39,-1.2,-1.1,-6.24,0.77,-16.58
RELIABLE,140.88,2026-09-04,2.21,-0.92,-1.1,2.25,9.38,-4.48
EDUCOMP,0.9,2026-09-03,0.0,2.27,-1.1,-7.22,-15.09,-41.56
SUNTECK,299.5,2026-09-04,-1.07,-2.55,-1.11,7.7,-20.25,-23.41
STEELCITY,85.55,2026-09-04,1.99,4.06,-1.12,11.31,-1.35,-15.28
CCL,1106.2,2026-09-04,2.73,2.54,-1.13,3.89,9.93,20.3
MEDPLUS,676.35,2026-09-04,0.61,-0.04,-1.13,-21.26,-17.01,-19.63
SWARAJENG,3557.8,2026-09-04,-0.32,-0.03,-1.13,-3.06,5.64,-11.43
TATASTEEL,188.79,2026-09-04,2.41,1.34,-1.13,-8.49,-2.06,15.51
DIAMONDYD,1158.3,2026-09-04,0.98,-1.55,-1.13,-0.64,13.85,14.23
BHARATCOAL,33.81,2026-09-04,0.12,-3.32,-1.14,-18.39,1.02,
DCMFINSERV,5.2,2026-09-04,-2.26,1.36,-1.14,-10.19,23.52,-10.03
IBLFL,60.9,2026-09-03,-0.16,-0.9,-1.14,5.82,26.88,-9.1
DKEGL,65.25,2026-09-03,0.0,-8.29,-1.14,-0.76,-4.88,-8.1
DIGISPICE,16.98,2026-09-04,-0.06,1.86,-1.16,-15.35,0.89,-31.2
ABSLNN50ET,77.08,2026-09-04,-0.31,-1.03,-1.17,4.49,9.12,9.77
SAMMAANCAP,158.39,2026-09-04,8.26,6.02,-1.18,-13.5,11.35,15.74
JKIL,487.35,2026-09-04,-0.57,-3.43,-1.18,-0.89,1.17,-22.41
KONSTELEC,62.05,2026-09-03,-3.12,16.64,-1.19,30.63,71.17,0.24
SYLVANPLY,53.05,2026-09-03,-4.93,8.27,-1.21,-1.76,17.89,-27.63
CHOLAHLDNG,1525.7,2026-09-04,2.71,-1.47,-1.23,5.49,-5.7,-12.24
LTF,314.0,2026-09-04,-2.18,-0.59,-1.23,17.74,17.04,39.23
RUBFILA,70.69,2026-09-04,2.91,6.7,-1.23,-7.23,10.19,-15.54
SOFTTECH,423.15,2026-09-04,1.82,0.95,-1.24,-5.31,56.72,6.57
GPIL,240.67,2026-09-04,-1.23,-1.88,-1.25,-15.5,-2.24,-0.96
TATACOMM,1756.1,2026-09-04,1.9,4.0,-1.26,-10.77,19.51,14.01
SELMC,27.5,2026-09-04,0.55,-2.07,-1.26,-10.8,-0.9,-8.94
RUCHIRA,107.5,2026-09-04,4.85,4.49,-1.26,-5.5,2.44,-25.9
ABSLPSE,10.18,2026-09-04,1.7,0.2,-1.26,-3.14,-2.4,5.82
FLUOROCHEM,4554.0,2026-09-04,-2.97,-1.48,-1.27,26.7,36.4,34.56
NEXTMEDIA,3.89,2026-09-04,-21.89,2.1,-1.27,-0.26,-22.97,-38.55
CREATIVEYE,6.19,2026-09-04,2.15,-0.16,-1.28,-6.92,6.72,-18.45
VALUE,16.15,2026-09-04,0.31,0.06,-1.28,-3.06,,
AARON,128.45,2026-09-04,-1.27,-6.36,-1.3,8.28,-8.51,-39.58
WAAREEENER,2635.0,2026-09-04,1.15,-1.49,-1.31,-14.21,0.04,-17.64
ADANIPOWER,207.2,2026-09-04,4.65,1.72,-1.31,-9.92,50.34,70.2
NEXT50,755.1,2026-09-04,-0.36,-1.08,-1.31,4.61,9.92,9.53
ITIETF,34.01,2026-09-04,-0.87,0.38,-1.31,4.29,1.67,-11.34
SARLAPOLY,100.2,2026-09-04,0.19,0.18,-1.31,1.34,26.2,1.22
INFRA,12.04,2026-09-04,0.08,-0.91,-1.31,0.33,10.16,
HDFCQUAL,58.65,2026-09-04,-0.68,-0.76,-1.33,3.2,4.08,0.22
SBIFUNDS,562.1,2026-09-04,-2.67,3.82,-1.33,,,
MONEXT50,73.14,2026-09-04,-0.52,-1.38,-1.34,4.94,10.1,9.6
MOENERGY,38.42,2026-09-04,1.21,0.1,-1.34,-5.58,7.6,
ESAFSFB,41.41,2026-09-04,-3.63,-4.85,-1.36,48.58,60.57,41.82
CONCOR,508.0,2026-09-04,-0.76,-1.63,-1.36,12.15,10.25,-4.81
JUNIORBEES,791.07,2026-09-04,-0.35,-1.11,-1.36,4.63,9.88,9.68
SHREMINVIT,100.5,2026-09-03,-0.5,0.6,-1.37,2.43,9.23,11.32
ELM250,16.61,2026-09-04,-2.58,-1.31,-1.37,,,
HDFCBSE500,37.56,2026-09-04,-0.69,-1.08,-1.39,4.04,3.87,2.4
ENERGY,38.41,2026-09-04,1.08,-0.16,-1.39,-5.49,7.53,
TECH,33.81,2026-09-04,-0.12,1.84,-1.4,5.62,3.21,-9.84
INFRABEES,956.45,2026-09-04,0.34,-1.0,-1.4,-1.4,1.73,3.65
GOACARBON,378.45,2026-09-04,2.41,7.61,-1.42,-1.65,12.5,-17.59
MSCIINDIA,29.82,2026-09-04,-0.86,-0.47,-1.42,3.11,1.71,1.12
NEXT50ADD,73.52,2026-09-04,-0.33,-1.12,-1.43,4.34,9.88,
EQUAL200,13.82,2026-09-04,-0.65,-1.22,-1.43,3.75,7.38,7.45
BSE500IETF,39.33,2026-09-04,-0.86,-0.96,-1.43,3.86,3.64,1.92
COMMITTED,345.0,2026-09-03,0.88,-1.09,-1.43,33.72,64.29,38.84
HTMEDIA,26.12,2026-09-04,-0.87,-4.08,-1.43,14.41,26.55,1.01
BELLACASA,242.85,2026-09-04,2.25,5.96,-1.43,1.31,-8.44,-40.6
TNTELE,8.88,2026-09-04,-0.34,-1.99,-1.44,-6.13,1.37,-39.05
SILGO,69.97,2026-09-04,-3.93,-3.42,-1.44,-13.72,0.88,7.05
BELRISE,236.86,2026-09-04,1.95,3.34,-1.45,9.6,29.14,71.82
ROSSELLIND,56.96,2026-09-04,-2.57,0.33,-1.46,4.57,33.07,-15.12
SARVESHWAR,3.36,2026-09-04,0.0,-2.33,-1.47,-9.43,-5.08,-55.73
RULKA,109.6,2026-09-03,-0.68,3.2,-1.48,23.91,15.98,-16.59
QUAL30IETF,21.12,2026-09-04,-0.47,-0.94,-1.49,2.08,3.99,-1.31
DIGITIDE,97.01,2026-09-04,-0.3,-1.95,-1.49,12.23,8.94,-51.1
ARIS,128.56,2026-09-04,-9.64,-10.78,-1.49,11.79,21.1,-10.05
ASHIMASYN,17.89,2026-09-04,-3.4,-2.51,-1.49,8.29,29.73,-26.98
NTPCGREEN,89.36,2026-09-04,-0.17,-2.27,-1.5,-11.38,4.04,-13.61
SCI,295.35,2026-09-04,2.33,2.74,-1.51,-2.59,20.37,43.16
DCW,45.98,2026-09-04,0.92,2.41,-1.52,-5.55,3.54,-38.85
MONIFTY100,25.32,2026-09-04,-0.35,-0.86,-1.52,3.35,0.57,
GROWWPSE,98.3,2026-09-04,1.16,0.09,-1.52,-3.3,-3.07,
TOP10ADD,87.98,2026-09-04,0.43,0.22,-1.52,2.65,-4.59,-6.21
ALICON,684.2,2026-09-04,2.83,-5.82,-1.53,4.12,-4.14,-17.2
HEALTHADD,16.58,2026-09-04,-1.89,1.34,-1.54,-89.25,-88.78,-88.65
JUSTDIAL,692.85,2026-09-04,-2.44,4.2,-1.55,31.77,32.34,-15.66
360ONE,1137.0,2026-09-04,-3.23,-4.44,-1.56,6.08,7.24,11.29
NEXT50ETF,73.83,2026-09-04,-0.26,-1.01,-1.57,4.93,10.06,
KIRLOSBROS,1862.0,2026-09-04,-2.01,-3.14,-1.57,15.08,25.27,-7.4
WINSOL,112.5,2026-09-03,-1.4,0.63,-1.57,-3.81,-10.82,-46.48
NIF100IETF,28.05,2026-09-04,-0.28,-0.92,-1.58,3.35,0.07,-0.32
HDFCVALUE,125.88,2026-09-04,0.2,0.16,-1.58,-0.36,-5.98,-4.84
MIDCAPBETA,233.21,2026-09-04,-1.53,-1.31,-1.58,3.81,8.8,
BCLIND,36.62,2026-09-04,0.03,-3.61,-1.59,13.59,27.86,-9.92
GSEC10ABSL,111.61,2026-09-02,-0.4,-1.58,-1.6,1.98,1.27,2.67
SUNDARAM,1.23,2026-09-04,-1.6,-1.6,-1.6,-10.87,-7.52,-38.19
NETF,261.4,2026-09-04,-0.32,-0.47,-1.61,3.12,-1.15,-1.73
GRAUWEIL,70.59,2026-09-04,-1.45,-0.97,-1.62,-0.87,-38.94,-38.94
CROWN,112.84,2026-09-04,4.58,7.26,-1.62,0.71,-7.44,-27.22
VAL30IETF,15.19,2026-09-04,0.73,0.0,-1.62,-3.56,-3.06,17.75
TIINDIA,2698.0,2026-09-04,-2.95,-6.32,-1.63,-12.88,-2.58,-9.85
INDOWIND,9.02,2026-09-04,-2.38,-3.53,-1.64,-5.75,2.97,-47.44
REGAAL,88.51,2026-09-04,-0.57,-6.85,-1.64,5.7,30.32,-18.15
CCHHL,12.61,2026-09-04,-0.39,-2.63,-1.64,0.32,-2.55,-28.19
CANTABIL,243.05,2026-09-04,0.26,0.14,-1.64,11.72,-5.8,-4.89
GROWWN200,11.34,2026-09-04,-0.53,-1.13,-1.65,3.94,2.16,1.75
NV20IETF,13.62,2026-09-04,0.44,0.59,-1.66,-0.66,-5.81,-5.22
BIRLACORPN,887.35,2026-09-04,1.68,-0.23,-1.66,-7.19,1.65,-29.95
BIMETAL,635.0,2026-09-04,-0.29,2.46,-1.66,1.33,,
MOVALUE,113.26,2026-09-04,0.85,0.17,-1.66,-3.59,-6.25,12.22
ASMS,7.07,2026-09-04,0.57,1.14,-1.67,-5.35,-22.39,-42.89
RBS,88.5,2026-09-03,0.57,-0.56,-1.67,0.34,9.26,-27.46
MAHSCOOTER,13602.0,2026-09-04,-0.53,4.13,-1.67,9.94,5.11,-18.33
HEALTHIETF,168.65,2026-09-04,-1.41,-0.01,-1.68,7.24,12.1,13.65
AVROIND,8.72,2026-09-04,-3.43,-4.07,-1.69,-22.0,-35.43,-39.37
XELPMOC,80.14,2026-09-04,-0.99,-3.63,-1.69,-15.18,-34.68,-18.13
INDUSINDBK,1008.5,2026-09-04,-0.8,-0.97,-1.71,11.84,8.9,33.82
GLOBALPET,157.15,2026-09-03,0.48,4.07,-1.72,-0.41,44.17,8.53
PCBL,317.0,2026-09-04,-0.02,-1.31,-1.72,9.68,12.39,-13.25
NV20BEES,139.39,2026-09-04,0.02,0.17,-1.73,-0.96,-6.63,46.39
SPCENET,3.41,2026-09-04,10.0,0.89,-1.73,-5.54,-23.16,-51.08
AWL,187.29,2026-09-04,-2.73,-3.4,-1.73,-0.53,4.77,-29.18
ACUTAAS,3168.5,2026-09-04,0.25,-0.14,-1.73,0.12,50.56,122.64
AMEYA,107.15,2026-09-03,-4.33,2.98,-1.74,4.43,15.84,2.78
MOQUALITY,198.73,2026-09-04,-0.94,-1.75,-1.75,-1.02,4.93,2.68
ITBEES,34.09,2026-09-04,-0.67,0.5,-1.76,4.7,1.82,-11.18
SEYAIND,12.25,2026-09-04,0.41,0.33,-1.76,-14.99,14.81,-27.77
MIDQ50ADD,25.01,2026-09-04,-2.46,-1.61,-1.77,-89.82,-89.22,-89.95
KARMAENG,37.45,2026-09-04,-1.42,-1.99,-1.78,-11.4,-8.79,-27.39
ASHOKLEY,169.0,2026-09-04,-3.78,-2.48,-1.79,17.0,-14.26,35.18
INOXGREEN,175.1,2026-09-04,4.93,-0.66,-1.79,3.68,15.03,15.56
IT,34.09,2026-09-04,-0.67,0.77,-1.79,4.92,2.4,-10.92
SBINEQWETF,33.26,2026-09-04,-0.57,-0.98,-1.8,2.31,2.53,4.0
NIFTYQLITY,21.32,2026-09-04,-0.61,-1.34,-1.8,2.16,3.6,-1.89
DOMS,2208.7,2026-09-04,-1.07,0.48,-1.81,4.25,0.61,-17.72
TALBROAUTO,407.75,2026-09-04,-0.89,-2.55,-1.81,15.09,67.97,52.45
HDFCNIFIT,32.86,2026-09-04,-0.33,0.8,-1.82,5.19,2.27,-10.9
ATLASCYCLE,96.18,2026-09-04,0.66,-0.52,-1.82,-9.61,11.45,-24.32
SENSEXIETF,884.24,2026-09-04,-0.31,-0.71,-1.83,3.84,-1.79,-4.01
EXCELINDUS,1031.4,2026-09-04,-1.41,-3.85,-1.83,11.29,16.02,-13.12
NIFTYBETA,265.73,2026-09-04,-0.68,-1.09,-1.84,2.66,-1.58,
DRREDDY,1151.0,2026-09-04,-0.29,-3.28,-1.84,-8.62,-10.29,-7.56
NFL,70.51,2026-09-04,0.2,-0.4,-1.85,-5.36,-1.29,-27.73
HAWKINCOOK,8406.5,2026-09-04,3.57,3.1,-1.86,12.16,,
MOM50,251.47,2026-09-04,-0.06,-0.45,-1.87,2.8,-1.31,-2.19
AADHARHFC,483.55,2026-09-04,3.3,3.67,-1.88,2.9,6.72,-4.53
CRAYONS,26.0,2026-09-03,0.0,-2.26,-1.89,-20.12,-34.34,-51.99
BRNL,17.12,2026-09-04,-0.75,-0.35,-1.89,-11.3,-6.8,-15.95
GODIGIT,258.3,2026-09-04,0.35,-0.81,-1.9,-14.7,-19.75,-27.41
BSLSENETFG,77.52,2026-09-04,-0.12,-0.35,-1.9,3.73,-2.29,-3.75
AJAXENGG,582.45,2026-09-04,1.38,0.97,-1.91,-3.06,18.95,-15.14
GHCL,436.6,2026-09-04,-0.27,-1.63,-1.91,1.29,-2.45,-20.26
REFRACTORY,25.5,2026-09-03,-9.89,-2.3,-1.92,-22.37,-31.36,-57.5
CHOLAFIN,1839.0,2026-09-04,-0.99,-0.42,-1.92,23.8,11.26,26.0
SENSEXBETA,850.89,2026-09-04,-0.4,-0.81,-1.93,3.81,-2.27,
ONWARDTEC,284.35,2026-09-04,-1.86,-0.68,-1.93,13.36,13.14,-13.0
BATAINDIA,672.75,2026-09-04,-1.41,-1.97,-1.93,7.2,-3.77,-43.4
HDFCNIF100,25.93,2026-09-04,-0.69,-0.88,-1.93,3.1,0.19,-0.65
ITADD,32.57,2026-09-04,-0.09,0.8,-1.93,4.76,2.0,-10.82
DEVX,33.29,2026-09-04,-2.06,-4.7,-1.94,-11.32,-18.57,
SBIETFIT,340.64,2026-09-04,-1.02,0.67,-1.95,4.19,1.89,-11.06
CANBK,125.5,2026-09-04,-1.1,-1.41,-1.95,-2.61,-11.77,22.21
TOP100CASE,10.54,2026-09-04,-0.57,-1.13,-1.95,3.33,0.67,-0.28
AROGRANITE,24.55,2026-09-04,-0.85,-1.05,-1.96,-1.05,-4.36,-34.93
ITETF,32.54,2026-09-04,-0.61,0.53,-1.96,5.04,2.2,-10.92
GMRP&UI,95.3,2026-09-04,5.53,-0.83,-1.96,-12.95,-11.87,-13.75
IOC,137.6,2026-09-04,-1.1,-0.65,-1.96,-0.09,-17.52,3.73
IVZINNIFTY,274.53,2026-09-04,-0.35,-1.14,-1.96,-89.71,-90.15,-90.23
ENDURANCE,2782.8,2026-09-04,-3.08,-6.87,-1.97,8.62,11.55,-4.74
NIFTYBEES,273.27,2026-09-04,-0.58,-0.94,-1.98,2.89,-1.45,-2.17
SAIFL,4.95,2026-09-03,3.12,-1.98,-1.98,-2.94,-47.34,-81.53
ACCORD,198.35,2026-09-03,0.0,0.0,-1.98,223.57,605.87,807.78
NDLVENTURE,124.72,2026-09-04,2.26,1.39,-2.0,-4.94,12.73,42.5
TAPIFRUIT,49.0,2026-09-03,0.0,-5.77,-2.0,-6.58,-14.04,-47.0
KALAMANDIR,86.49,2026-09-04,0.76,-2.13,-2.01,-16.59,-18.19,-49.17
APOLLOTYRE,429.55,2026-09-04,-2.14,-3.66,-2.01,9.16,0.16,-10.4
TEGA,1548.0,2026-09-04,-2.41,-9.17,-2.01,-17.32,-7.44,-21.41
NIFTYBETF,246.65,2026-09-04,-0.76,-1.02,-2.03,2.71,-1.53,-2.35
FCSSOFT,1.45,2026-09-04,-2.03,-1.36,-2.03,-20.77,-1.36,-40.08
GREENLAM,242.62,2026-09-04,-2.13,-3.45,-2.05,2.99,3.86,2.97
MSCIADD,29.53,2026-09-04,-0.64,-1.44,-2.06,3.14,1.83,
SOTAC,90.05,2026-09-03,0.0,0.0,-2.07,-18.87,-18.87,-31.05
ABDL,609.95,2026-09-04,-1.37,-0.07,-2.07,7.59,36.69,24.54
BASF,3864.9,2026-09-04,2.04,-0.35,-2.08,12.99,11.43,-16.29
AONENIFTY,9.89,2026-09-04,-0.7,-1.0,-2.08,3.02,-1.49,-2.37
HEALTHY,16.84,2026-09-04,-2.15,-0.12,-2.09,6.79,12.19,13.4
BSLNIFTY,28.14,2026-09-04,-0.6,-0.95,-2.09,2.89,-1.37,-1.95
NIFTYADD,252.48,2026-09-04,-0.67,-0.95,-2.09,2.81,-1.53,-2.28
INDNIPPON,1158.2,2026-09-04,10.24,7.99,-2.1,26.45,47.37,37.11
BLUEJET,569.8,2026-09-04,-1.55,-3.23,-2.1,19.81,51.36,-19.42
NAGREEKCAP,23.25,2026-09-04,4.03,0.3,-2.11,-18.85,-4.04,-9.43
KFINTECH,928.9,2026-09-04,-4.24,-4.23,-2.11,10.33,3.54,-11.01
MRF,129945.0,2026-09-04,-2.84,-3.29,-2.11,4.38,-3.61,-13.02
QNIFTY,264.15,2026-09-04,-0.43,-0.92,-2.11,2.9,-1.51,-90.22
ETHOSLTD,2792.8,2026-09-04,-3.65,-3.43,-2.12,17.31,20.1,12.74
WESTLIFE,530.6,2026-09-04,-7.11,-9.24,-2.13,21.09,11.62,-28.65
MOKSH,10.07,2026-09-04,-3.91,-2.61,-2.14,-13.56,-15.38,-27.13
IRB,19.65,2026-09-04,1.5,3.91,-2.14,-7.52,-0.83,-7.24
SENSEXETF,79.2,2026-09-04,-0.29,-0.81,-2.14,3.62,-2.44,-4.17
ITBETA,322.95,2026-09-04,-0.9,0.69,-2.15,5.03,2.28,-10.94
RHFL,1.82,2026-09-04,0.55,-1.62,-2.15,-14.55,-8.54,-61.92
SETFNIF50,258.08,2026-09-04,-0.65,-1.06,-2.16,2.78,-1.7,-2.29
IOB,33.55,2026-09-04,3.33,1.12,-2.16,1.91,-1.84,-11.62
ICICIBANK,1423.2,2026-09-04,-2.12,0.58,-2.16,14.66,5.11,2.11
YESBANK,22.5,2026-09-04,-1.45,-0.44,-2.17,-1.19,12.44,10.89
VIDYAWIRES,90.13,2026-09-04,-0.13,4.2,-2.18,-8.53,75.69,
RAMAPHO,123.48,2026-09-04,0.1,2.27,-2.18,1.89,2.45,-12.0
ROTO,65.03,2026-09-04,3.47,1.17,-2.18,10.3,18.88,-20.98
RAJESHEXPO,83.02,2026-09-04,9.34,7.41,-2.19,-20.11,-36.96,-54.58
NIFTYETF,260.69,2026-09-04,-0.47,-1.06,-2.19,2.79,-1.5,-2.1
NTPC,332.5,2026-09-04,2.65,-1.0,-2.2,-8.27,-8.12,3.47
CUBEXTUB,76.8,2026-09-04,-0.25,-3.08,-2.2,-11.96,-21.11,-8.05
HDFCSENSEX,87.15,2026-09-04,-0.16,-0.56,-2.2,3.91,-2.57,-4.2
FINIETF,32.95,2026-09-04,-0.12,-1.26,-2.2,7.4,7.64,11.39
SJLOGISTIC,315.2,2026-09-03,-3.96,-11.61,-2.2,-4.31,4.22,-21.6
GROWWNIFTY,9.68,2026-09-04,-0.62,-1.22,-2.22,2.65,-1.73,
GREAVESCOT,195.56,2026-09-04,-1.13,1.54,-2.22,7.76,33.88,-12.0
BALKRISHNA,17.08,2026-09-04,-0.7,-1.04,-2.23,-7.83,9.56,-21.14
GROWWEV,32.37,2026-09-04,-3.05,-2.94,-2.23,5.89,9.69,5.3
AAKASH,8.75,2026-09-04,1.27,-0.23,-2.23,-12.5,-11.79,-14.22
INDIANCARD,219.97,2026-09-04,5.41,6.64,-2.23,5.29,12.12,-13.02
SINTERCOM,80.8,2026-09-04,2.53,-1.13,-2.25,10.43,-6.25,-33.23
NEPHROPLUS,697.05,2026-09-04,2.06,1.43,-2.26,5.45,24.92,
BFSI,27.17,2026-09-04,-0.18,0.04,-2.27,4.82,-2.79,1.61
SBIETFQLTY,221.86,2026-09-04,-1.05,-1.27,-2.27,2.4,3.85,-1.38
INDIANHUME,387.8,2026-09-04,1.81,-2.14,-2.27,29.23,24.26,-1.57
DISAQ,11990.0,2026-09-04,-0.78,0.93,-2.28,9.14,,
INFRAIETF,94.8,2026-09-04,0.21,-1.2,-2.28,0.37,1.06,3.09
SENSEXADD,79.29,2026-09-04,-0.03,-0.8,-2.29,4.03,-2.3,-3.89
COFFEEDAY,32.86,2026-09-04,11.47,13.08,-2.29,-18.76,15.91,-28.91
SAIPARENT,519.55,2026-09-04,-0.12,-1.74,-2.29,-5.36,,
FLAIR,243.71,2026-09-04,-1.99,-2.92,-2.3,-15.14,-20.2,-22.84
NIFTY1,265.82,2026-09-04,-0.56,-1.15,-2.32,2.85,-1.67,-2.08
DECCANCE,569.75,2026-09-04,-0.58,4.19,-2.33,-5.13,-17.61,-47.72
BFINVEST,469.35,2026-09-04,6.34,4.57,-2.33,7.03,27.63,3.82
GANESHHOU,758.95,2026-09-04,-2.32,-5.91,-2.33,0.29,15.16,-11.91
MOSERVICE,30.91,2026-09-04,-0.32,-0.61,-2.34,4.39,-2.21,
APOLLO,388.9,2026-09-04,0.73,0.97,-2.34,-7.23,83.41,24.35
OLIL,408.65,2026-09-03,-2.7,1.48,-2.35,-3.28,44.94,76.14
KIOCL,382.1,2026-09-04,0.24,-1.6,-2.35,-3.34,23.46,-12.72
GKWLIMITED,1610.9,2026-09-04,5.65,0.62,-2.36,-5.24,0.07,-4.54
EMCURE,1927.6,2026-09-04,4.1,4.19,-2.36,10.67,31.66,40.9
LRRPL,86.9,2026-09-03,-0.11,3.45,-2.36,5.72,36.85,11.91
ICICIB22,114.34,2026-09-04,0.49,-0.71,-2.37,-3.67,-6.76,6.51
SHUBHLAXMI,18.5,2026-09-03,-4.88,-4.88,-2.37,-9.54,-37.18,23.33
KANSAINER,194.2,2026-09-04,0.72,-3.65,-2.37,-8.02,0.81,-19.21
NEXT30ADD,42.69,2026-09-04,-0.49,-1.64,-2.38,1.11,6.38,10.4
AMRUTANJAN,505.45,2026-09-04,-0.77,-3.19,-2.39,-6.87,-11.94,-30.5
EKC,106.42,2026-09-04,-0.98,-6.34,-2.4,-6.96,1.38,-24.16
RCOM,0.81,2026-09-04,0.0,0.0,-2.41,-13.83,3.85,-41.3
EFFWA,368.15,2026-09-03,15.05,10.64,-2.41,22.35,86.88,65.13
TOP20,8.88,2026-09-04,-0.78,-1.0,-2.42,5.71,-1.44,
ESG,41.15,2026-09-04,-0.22,-1.06,-2.42,2.85,-0.12,-3.2
MARKOLINES,171.89,2026-09-04,-1.08,0.51,-2.43,3.89,8.03,
CEMPRO,1297.4,2026-09-04,5.86,2.85,-2.44,15.38,135.42,83.5
SCHAEFFLER,3956.4,2026-09-04,-1.45,-1.59,-2.44,-1.03,-3.52,4.64
LOWVOLIETF,21.98,2026-09-04,-0.86,-1.21,-2.44,3.73,0.37,-2.48
IDFNIFTYET,264.49,2026-09-04,-0.69,-1.37,-2.45,2.88,-1.8,-2.26
BANKBARODA,239.0,2026-09-04,0.17,-1.04,-2.45,-9.06,-17.56,5.47
DIVIDEND,35.62,2026-09-04,0.39,-0.64,-2.46,-1.14,0.71,
GPTHEALTH,158.17,2026-09-04,3.37,5.45,-2.46,4.71,32.35,3.71
MOXSH,99.0,2026-09-03,-9.17,-9.17,-2.46,-12.23,-12.47,147.5
MPSLTD,2658.9,2026-09-04,-0.93,-2.78,-2.47,48.13,85.42,17.51
LOWVOL1,20.93,2026-09-04,-0.95,-1.92,-2.47,3.72,-0.29,-1.78
TOP15IETF,9.82,2026-09-04,-0.41,-1.01,-2.48,3.83,-4.24,-4.43
DIGIDRIVE,17.65,2026-09-04,-0.34,-1.29,-2.49,-6.47,-14.49,-44.11
LAXMIINDIA,132.6,2026-09-04,2.06,5.66,-2.51,22.37,49.58,-19.65
SYSTMTXC,60.23,2026-09-04,4.02,5.7,-2.52,-8.3,-14.01,
KELLTONTEC,13.87,2026-09-04,-1.42,0.8,-2.53,-13.15,-20.61,-45.35
DOLLAR,264.25,2026-09-04,-1.75,-3.45,-2.53,5.82,0.47,-25.05
5PAISA,342.1,2026-09-04,-4.07,-8.72,-2.54,6.71,12.61,-5.17
ALPL30IETF,27.59,2026-09-04,-1.18,-1.6,-2.54,5.18,1.21,0.88
GODREJPROP,1982.0,2026-09-04,-1.62,-2.84,-2.54,17.55,17.59,-0.56
SBIN,1016.1,2026-09-04,-4.14,-2.25,-2.55,3.76,-11.93,27.8
ITCHOTELS,161.23,2026-09-04,0.71,-2.04,-2.55,3.8,-1.01,-33.18
JARO,445.65,2026-09-04,-3.02,0.1,-2.56,-25.28,5.91,
BPCL,315.7,2026-09-04,-2.58,1.22,-2.56,6.96,-11.42,5.9
HIKAL,222.3,2026-09-04,10.56,5.04,-2.57,16.03,19.55,-14.19
MINDACORP,702.8,2026-09-04,-1.37,-2.38,-2.58,9.03,33.98,40.16
KEEPLEARN,1.87,2026-09-04,-3.61,2.75,-2.6,-10.53,0.54,-33.45
BIRDYS,86.2,2026-09-03,0.0,0.0,-2.6,-30.29,-27.26,-32.97
TECILCHEM,9.72,2026-09-04,3.08,10.83,-2.61,-15.7,-25.46,-54.58
ONGC,234.65,2026-09-04,1.66,-0.38,-2.62,-11.92,-14.91,4.83
MADRASFERT,65.12,2026-09-04,-0.26,-0.82,-2.62,-6.72,5.94,-30.77
TRUALT,425.25,2026-09-04,-1.01,-3.76,-2.62,-15.46,12.99,
JISLDVREQS,21.93,2026-09-04,6.77,4.08,-2.62,-4.28,3.84,-33.65
ABB,7410.0,2026-09-04,-2.99,-1.25,-2.63,4.77,29.11,45.81
KALPATARU,277.65,2026-09-04,0.02,-3.22,-2.63,-12.21,-6.95,-30.07
ZUARI,225.56,2026-09-04,-2.56,-0.62,-2.63,3.49,6.28,-25.27
TIL,252.88,2026-09-04,7.7,2.03,-2.63,42.37,22.33,-8.26
BHAGYANGR,370.45,2026-09-04,-3.7,-4.76,-2.64,14.78,126.69,306.95
LOVABLE,71.37,2026-09-04,-2.5,-1.46,-2.65,-0.93,0.39,-23.99
VARDMNPOLY,5.87,2026-09-04,-1.68,-2.17,-2.65,-17.44,-24.94,-33.3
DANGEE,2.94,2026-09-04,4.26,3.16,-2.65,-9.26,-2.33,-30.66
SIGNATURE,796.55,2026-09-04,3.46,0.14,-2.66,-1.93,-13.46,-27.72
ANTGRAPHIC,0.73,2026-09-04,-3.95,0.0,-2.67,-8.75,-7.59,-33.64
EVINDIA,32.44,2026-09-04,-3.08,-3.14,-2.67,5.7,9.93,5.6
COMPINFO,1.09,2026-09-04,1.87,-1.8,-2.68,-16.79,-21.58,-47.85
PSB,23.23,2026-09-04,1.49,-0.04,-2.68,1.33,-5.41,-16.84
CHEMFAB,360.1,2026-09-04,0.39,-1.93,-2.69,-11.52,-0.08,-45.56
EQUAL50ADD,340.33,2026-09-04,-1.04,-1.31,-2.7,1.89,2.2,3.52
EIDPARRY,781.35,2026-09-04,-2.26,-5.17,-2.71,4.0,-8.5,-30.6
SPLIL,30.39,2026-09-04,-6.55,0.46,-2.72,-1.23,8.89,-20.82
SUNDARMFIN,4648.7,2026-09-04,2.39,3.19,-2.73,13.89,-14.1,4.26
EQUAL50,330.22,2026-09-04,-0.81,-1.29,-2.73,1.95,2.42,3.77
BAJAJHLDNG,11162.0,2026-09-04,-4.14,0.38,-2.73,11.59,6.1,-12.51
HONDAPOWER,2024.6,2026-09-04,0.33,-2.34,-2.73,-12.21,1.03,-28.05
DRSDILIP,107.0,2026-09-03,0.0,-0.93,-2.73,-10.46,1.9,9.18
INDIAMART,1726.4,2026-09-04,-1.65,-1.12,-2.73,-10.93,-14.64,-30.65
ELPROINTL,174.0,2026-09-04,0.02,-0.65,-2.74,3.64,,
HEXATRADEX,157.65,2026-09-04,-1.77,-0.07,-2.74,-3.34,-1.1,-12.76
CENTURYPLY,748.45,2026-09-04,-1.16,0.47,-2.74,-2.05,7.34,-4.92
BIOFILCHEM,32.0,2026-09-04,-1.81,-1.05,-2.74,-9.01,8.14,-25.58
FUSION,203.19,2026-09-04,1.43,0.4,-2.75,18.58,14.8,19.66
GROWWPOWER,11.33,2026-09-04,1.25,-0.44,-2.75,-7.51,12.29,
CORONA,2100.1,2026-09-04,2.43,-2.28,-2.76,24.12,36.65,
LICNETFN50,267.77,2026-09-04,-1.02,-1.59,-2.78,2.42,-2.07,-3.33
KNRCON,124.66,2026-09-04,2.86,-1.96,-2.78,-3.97,-0.8,-38.02
HILINFRA,44.45,2026-09-04,-0.18,-4.41,-2.8,-6.68,-14.01,-52.2
LICNETFSEN,862.89,2026-09-04,-1.16,-1.59,-2.83,3.04,-2.78,-5.04
RITCO,301.8,2026-09-04,-1.84,-4.18,-2.83,16.5,47.84,9.89
CONSUMBEES,129.78,2026-09-04,-1.53,-2.82,-2.84,4.38,4.49,-5.5
GUJAPOLLO,355.95,2026-09-04,4.43,1.87,-2.87,-8.52,-1.81,-25.44
STARTECK,249.25,2026-09-04,-1.79,-1.09,-2.88,-8.13,-4.43,-21.32
TUNWAL,25.25,2026-09-03,-0.98,-3.26,-2.88,-16.67,-15.55,-14.41
ELECTHERM,980.9,2026-09-04,-0.98,-6.97,-2.88,-1.85,48.13,18.37
ADFFOODS,264.8,2026-09-04,-2.0,-2.86,-2.88,-8.11,39.39,11.7
TIPSMUSIC,649.75,2026-09-04,0.92,0.93,-2.92,-3.33,26.74,13.36
ORBTEXP,239.02,2026-09-04,0.82,2.02,-2.92,28.47,52.59,26.32
NYKAA,332.5,2026-09-04,-4.88,0.67,-2.92,24.28,30.04,38.81
NINSYS,712.75,2026-09-04,-0.18,-0.62,-2.92,-0.39,137.9,58.14
AKASH,25.6,2026-09-04,3.23,3.23,-2.92,-8.93,5.61,-3.21
MICEL,36.74,2026-09-04,-7.71,1.63,-2.96,-16.48,8.83,-34.39
DREDGECORP,1087.7,2026-09-04,-1.32,-1.27,-2.96,-9.63,11.75,68.06
BUILDPRO,1298.2,2026-09-04,3.52,3.86,-2.96,12.52,41.84,
SIGMA,46.66,2026-09-04,-3.5,-3.75,-2.97,19.06,16.39,7.45
MASTEK,1772.9,2026-09-04,1.4,6.11,-2.97,6.86,14.61,-27.43
PDMJEPAPER,93.22,2026-09-04,-2.09,3.76,-2.97,13.47,21.57,-28.28
MOTOUR,77.74,2026-09-04,-0.42,-2.0,-2.97,6.12,6.1,-15.59
FORTIS,905.0,2026-09-04,-0.21,-1.42,-2.98,-3.69,-0.54,-4.62
GROWWNXT50,73.45,2026-09-04,-0.34,-1.4,-2.99,5.18,9.91,9.35
ELCIDIN,107590.0,2026-09-04,0.27,-0.67,-3.0,-8.83,,
YUDIZ,25.8,2026-09-03,9.79,7.5,-3.01,3.2,-19.38,-20.25
GAYAHWS,1.93,2026-09-04,-1.53,0.52,-3.02,-14.6,-9.81,-3.5
AUTOIETF,28.81,2026-09-04,-3.84,-4.35,-3.03,6.78,4.04,7.94
ICICIAMC,2970.9,2026-09-04,-3.07,-8.02,-3.03,-10.01,-0.34,
KARNIKA,115.55,2026-09-03,0.43,0.22,-3.06,-15.04,-2.32,-43.04
GTPL,58.67,2026-09-04,1.63,7.67,-3.06,-8.86,1.72,-48.54
HESTERBIO,2405.4,2026-09-04,6.49,1.73,-3.08,25.67,59.97,14.95
MANUGRAPH,14.75,2026-09-04,-0.94,-7.35,-3.09,-6.7,4.76,-34.56
NDTV,74.27,2026-09-04,2.87,-1.16,-3.12,-10.07,-5.23,-33.83
TORNTPOWER,1299.1,2026-09-04,6.91,4.24,-3.12,-9.47,-11.67,1.71
STEELCAS,328.05,2026-09-04,-6.22,-5.32,-3.12,15.62,47.57,53.25
DIVOPPBEES,76.77,2026-09-04,-0.51,-0.88,-3.13,-0.6,-4.8,-0.26
TECHM,1596.9,2026-09-04,-1.91,0.81,-3.13,10.16,21.26,10.34
UTIAMC,880.55,2026-09-04,1.15,-0.67,-3.14,-1.41,-4.43,-32.02
BMWVENTLTD,55.36,2026-09-04,-2.14,-2.95,-3.15,-7.22,-2.83,
EQUIPPP,22.75,2026-09-04,2.02,-5.09,-3.15,39.57,35.01,26.39
PASHUPATI,81.94,2026-09-04,-1.68,-5.15,-3.16,-11.24,-18.79,21.97
TATAPOWER,368.0,2026-09-04,6.05,-1.47,-3.16,-9.86,1.21,-3.22
SCILAL,39.77,2026-09-04,1.57,0.76,-3.16,-9.73,-6.7,-22.79
KIRLOSENG,2201.9,2026-09-04,4.88,6.46,-3.17,13.16,55.78,151.13
IGCL,72.89,2026-09-04,1.66,1.82,-3.17,27.74,15.53,-35.45
HDFCLOWVOL,20.48,2026-09-04,-1.21,-1.59,-3.17,3.43,0.24,-2.06
SHAREINDIA,170.5,2026-09-04,-1.28,-1.75,-3.17,25.49,38.48,15.25
PATELRMART,218.32,2026-09-04,-3.71,-4.25,-3.17,9.57,24.46,-15.89
NH,1858.5,2026-09-04,-2.55,-0.07,-3.17,-4.44,6.8,1.37
CARYSIL,1140.8,2026-09-04,1.09,-0.75,-3.17,4.16,32.79,27.88
SVPGLOB,3.65,2026-09-04,0.83,-2.41,-3.18,-6.65,30.82,-2.41
ALUWIND,48.5,2026-09-03,0.73,-3.29,-3.19,-5.73,-21.14,-40.12
INFY,1130.0,2026-09-04,-0.34,0.0,-3.21,-3.9,-11.7,-19.88
BAJAJINDEF,222.69,2026-09-04,0.94,3.06,-3.21,-10.26,-5.05,-37.46
SMARTLINK,213.81,2026-09-04,-1.25,-5.29,-3.23,36.82,85.43,46.44
JAGRAN,60.98,2026-09-04,-0.16,-1.55,-3.24,-10.59,12.61,-2.58
TRIDENT,24.16,2026-09-04,-0.08,-1.11,-3.24,-0.7,4.58,-12.98
GRWRHITECH,7086.5,2026-09-04,-0.71,-2.05,-3.27,20.86,77.69,145.74
IL&FSTRANS,2.06,2026-09-04,-7.21,-0.48,-3.29,-12.34,-12.71,-36.02
MON50EQUAL,33.17,2026-09-04,-0.54,-2.21,-3.29,2.16,2.81,4.13
IONEXCHANG,409.2,2026-09-04,12.46,10.94,-3.3,17.73,18.41,-1.65
TIMKEN,3125.3,2026-09-04,-0.77,1.45,-3.3,-12.42,-3.34,8.76
SANDHAR,624.0,2026-09-04,-4.52,-8.32,-3.31,-12.33,24.96,36.05
PREMIERENE,1002.0,2026-09-04,-3.31,-2.72,-3.31,-7.03,41.99,-0.96
SUNPHARMA,1899.0,2026-09-04,-4.32,-0.58,-3.31,6.96,8.77,21.11
JASH,478.5,2026-09-04,2.78,1.87,-3.33,12.3,23.48,-6.58
STCINDIA,115.28,2026-09-04,-0.87,-5.42,-3.35,-6.63,7.42,-2.31
ZYDUSWELL,531.7,2026-09-04,0.25,4.03,-3.36,6.24,41.28,9.9
BGLOBAL,3.16,2026-09-03,0.0,0.0,-3.36,-3.07,11.27,-7.06
NIBE,1336.6,2026-09-04,-2.55,-7.05,-3.36,-10.99,35.35,10.81
GROWWLOVOL,10.3,2026-09-04,-1.15,-1.62,-3.38,2.18,-0.58,-0.1
MOINFRA,58.68,2026-09-04,-1.49,-1.28,-3.38,-5.17,1.64,2.15
MOMNC,32.19,2026-09-04,-2.28,-2.93,-3.39,2.02,6.32,
MNC,33.21,2026-09-04,-2.01,-2.92,-3.4,2.15,5.97,9.03
MCON,42.5,2026-09-03,-8.01,-12.37,-3.41,-1.62,-3.3,-49.76
VLSFINANCE,246.44,2026-09-04,1.35,-0.71,-3.41,6.68,3.46,11.52
CELLECOR,32.5,2026-09-03,3.17,-0.76,-3.42,-10.96,29.74,5.69
TORNTPHARM,4857.0,2026-09-04,-4.13,-0.6,-3.44,11.92,12.11,36.14
HDFCGROWTH,118.29,2026-09-04,-2.43,-1.63,-3.45,5.53,1.03,-4.19
PTL,38.74,2026-09-04,0.23,0.26,-3.46,-0.42,4.84,2.98
MUKANDLTD,134.44,2026-09-04,-2.14,-0.91,-3.47,-1.69,11.6,3.32
MBLINFRA,24.3,2026-09-04,6.49,3.98,-3.49,-17.85,-6.97,-40.62
NAM-INDIA,1159.9,2026-09-04,-1.06,-7.04,-3.5,3.85,37.88,45.89
UNITDSPR,1471.7,2026-09-04,-1.23,-5.36,-3.5,18.67,12.62,12.73
JETFREIGHT,21.18,2026-09-04,-3.46,-5.91,-3.51,-1.85,17.86,57.59
KUANTUM,74.18,2026-09-04,2.86,1.62,-3.51,-0.48,-9.78,-30.28
GESHIP,1369.7,2026-09-04,5.22,2.75,-3.52,-7.21,2.9,45.52
AEROPLANE,194.29,2026-09-04,11.45,10.61,-3.53,60.17,,
MURUDCERA,29.66,2026-09-04,-1.92,-2.69,-3.54,-5.63,-3.67,-31.71
UNITECH,4.08,2026-09-04,7.09,3.55,-3.55,-19.37,-15.53,-40.87
ABREL,1373.6,2026-09-04,1.34,-3.93,-3.55,9.99,12.15,-24.28
SYNGENE,395.6,2026-09-04,-1.29,-0.74,-3.56,-8.92,-0.99,-39.6
BORANA,307.6,2026-09-04,-0.29,0.61,-3.57,-9.25,-15.96,44.66
ITI,272.5,2026-09-04,0.57,-2.33,-3.57,-9.71,7.58,-12.28
VIKASECO,1.07,2026-09-04,-4.46,0.94,-3.6,-17.69,-18.32,-48.56
ABCAPITAL,404.9,2026-09-04,-1.1,-1.94,-3.6,14.49,25.92,45.88
AIROLAM,86.46,2026-09-04,-1.85,-2.84,-3.6,8.25,-6.96,-20.04
SRF,2547.0,2026-09-04,-0.52,-1.31,-3.61,-6.41,0.6,-11.54
SUMICHEM,493.4,2026-09-04,-4.65,-5.74,-3.61,4.54,25.1,-15.38
SOMICONVEY,91.33,2026-09-04,0.07,-6.19,-3.62,-8.89,-10.81,-36.01
WEIZMANIND,74.5,2026-09-04,1.89,-1.72,-3.62,-9.68,-10.05,-32.82
JAICORPLTD,99.52,2026-09-04,0.91,-1.97,-3.64,-12.16,-0.52,-37.58
CONSUMIETF,120.67,2026-09-04,-1.54,-2.82,-3.64,4.75,4.18,-5.59
MDL,62.0,2026-09-03,0.08,21.57,-3.65,7.92,34.78,-21.72
HATHWAY,10.52,2026-09-04,-1.13,-0.66,-3.66,-0.47,3.95,-28.29
ADANIENT,2938.0,2026-09-04,2.76,-2.02,-3.67,-1.13,41.55,28.99
MOLOWVOL,36.12,2026-09-04,-0.91,-1.69,-3.68,0.84,-3.45,-5.07
LOWVOL,204.13,2026-09-04,-1.66,-2.03,-3.68,3.01,-0.05,-2.85
BLS,238.79,2026-09-04,-0.74,-1.13,-3.69,-9.33,-7.1,-34.44
ICICIPRULI,494.55,2026-09-04,-4.35,-3.27,-3.7,4.02,-20.69,-17.26
HNGSNGBEES,471.09,2026-09-04,0.14,-0.71,-3.71,-7.75,-7.13,-0.77
GOYALALUM,6.22,2026-09-04,-0.96,-3.27,-3.72,-8.26,-3.86,-16.96
MAHLOG,405.35,2026-09-04,3.55,0.56,-3.72,17.57,5.57,27.43
LAXMICOT,13.73,2026-09-04,6.52,-0.07,-3.72,-8.83,-5.96,-42.82
ERIS,1321.7,2026-09-04,1.89,-0.29,-3.74,-3.34,-2.16,-24.65
SPARC,199.47,2026-09-04,0.07,2.27,-3.76,-6.34,61.55,38.21
SHANTHALA,16.6,2026-09-03,0.0,1.84,-3.77,-24.55,-48.84,-59.76
MAHEPC,103.62,2026-09-04,1.46,-2.88,-3.77,-8.58,-5.46,-36.11
TVSSCS,130.41,2026-09-04,2.61,-1.94,-3.78,6.33,18.49,-1.88
KKCL,514.3,2026-09-04,2.08,-1.64,-3.79,19.2,9.95,-2.21
GTL,7.11,2026-09-04,-1.39,-4.18,-3.79,-5.33,3.49,-22.63
GILLETTE,7312.5,2026-09-04,-0.23,-1.27,-3.79,-4.35,-7.65,-28.66
SUPRIYA,852.85,2026-09-04,6.96,7.11,-3.81,-10.32,37.65,30.24
HDFCAMC,2458.3,2026-09-04,-6.25,-6.1,-3.82,-0.43,-1.38,-9.79
MKPL,4.02,2026-09-04,-2.19,-3.37,-3.83,-18.46,-16.6,-38.91
MODIS,380.85,2026-09-04,0.3,0.42,-3.83,10.73,22.5,
EICHERMOT,7630.5,2026-09-04,-4.06,-5.18,-3.84,8.44,1.1,20.01
DDEVPLSTIK,273.0,2026-09-04,-1.27,-1.3,-3.84,8.05,2.98,-14.82
STYLAMIND,3387.4,2026-09-04,-2.23,-5.2,-3.85,11.54,53.23,111.84
DUGLOBAL,25.0,2026-09-03,0.0,7.53,-3.85,-29.58,-37.34,-42.66
LICNFNHGP,270.61,2026-09-04,-2.62,-2.92,-3.86,1.27,-1.39,-2.95
KSOLVES,272.05,2026-09-04,1.4,-0.87,-3.89,-1.01,-4.95,-11.37
SUKHJITS,157.86,2026-09-04,-0.55,-1.31,-3.89,-8.81,-13.04,-6.28
UNIENTER,93.19,2026-09-04,-0.34,-1.89,-3.89,-8.51,-4.83,-37.92
MONARCH,377.9,2026-09-04,-0.71,-1.79,-3.9,11.71,45.38,16.25
SHIVAMILLS,60.5,2026-09-04,-3.03,1.44,-3.91,-6.89,11.81,-14.12
SAGARDEEP,23.62,2026-09-04,-0.08,-1.09,-3.91,-7.26,4.75,-13.16
EIFFL,273.05,2026-09-04,-7.74,5.04,-3.91,18.42,17.57,15.21
ESFL,115.15,2026-09-03,-4.52,-6.38,-3.92,-7.77,-18.39,-65.35
DUCOL,109.0,2026-09-03,-1.89,0.51,-3.92,5.16,-14.58,-30.44
PTC,156.29,2026-09-04,3.58,-0.35,-3.93,-3.7,12.03,1.81
AEGISVOPAK,284.5,2026-09-04,5.86,5.25,-3.93,48.64,43.03,18.04
PATELENG,27.28,2026-09-04,-2.68,-3.54,-3.94,2.83,6.35,-27.75
ASHOKAMET,13.58,2026-09-04,-1.45,-2.02,-3.96,-11.88,-3.28,-16.84
BASILIC,193.95,2026-09-03,-2.54,0.39,-3.96,-7.91,-5.83,-55.41
AFFLE,1616.5,2026-09-04,1.16,-7.1,-3.97,9.07,15.15,-15.21
ASHOKA,115.55,2026-09-04,-3.94,2.06,-3.97,-5.97,-6.85,-39.19
VAKRANGEE,5.79,2026-09-04,-0.52,-2.03,-3.98,-9.39,-4.77,-32.28
FIVESTAR,523.05,2026-09-04,-2.24,4.61,-3.98,20.8,31.42,-0.32
VEDPOWER,34.2,2026-09-04,-2.79,-5.79,-3.99,,,
ROHLTD,298.55,2026-09-04,0.74,-1.59,-3.99,-6.64,-10.39,-45.35
KIMS,764.1,2026-09-04,1.14,-0.29,-4.0,-0.1,8.18,3.52
INDHOTEL,720.0,2026-09-04,-2.43,-1.22,-4.0,9.32,14.12,-6.65
PFS,26.94,2026-09-04,-0.3,-3.48,-4.03,-12.76,-4.77,-29.72
RALLIS,208.82,2026-09-04,0.79,-1.18,-4.03,-9.27,-16.36,-41.46
HDFCBANK,712.1,2026-09-04,0.44,-2.32,-4.03,-4.02,-16.67,-24.69
GRINFRA,869.1,2026-09-04,-0.81,-1.14,-4.05,-0.13,-6.83,-32.77
ANSALAPI,3.31,2026-09-04,1.53,-1.19,-4.06,-7.8,-17.66,-36.35
AUTOIND,86.45,2026-09-04,-0.83,-3.81,-4.06,11.78,20.84,19.24
MANBA,128.95,2026-09-04,-0.6,-0.1,-4.07,11.47,12.08,-6.22
RAJPALAYAM,795.3,2026-09-04,-1.41,-0.99,-4.07,-5.84,,
TVTODAY,110.95,2026-09-04,-2.81,-2.22,-4.08,-0.93,-5.45,-25.32
KNAGRI,199.4,2026-09-04,-8.29,-9.86,-4.1,1.18,8.96,-5.83
FINPIPE,158.63,2026-09-04,0.58,-4.16,-4.11,-8.27,-11.77,-27.3
HERANBA,173.83,2026-09-04,0.72,-2.53,-4.12,0.95,-11.4,-48.43
RKDL,18.39,2026-09-04,0.0,1.55,-4.12,-8.87,9.27,-31.86
SBIETFCON,119.89,2026-09-04,-1.86,-2.88,-4.13,4.02,3.92,-5.81
BONLON,40.13,2026-09-04,-1.33,1.01,-4.13,-10.72,-1.23,
YCCL,9.25,2026-09-03,-4.15,-4.15,-4.15,1.65,-14.75,-26.0
STUDDS,424.2,2026-09-04,-4.67,-5.1,-4.16,-2.87,-16.05,
BANDHANBNK,164.95,2026-09-04,0.89,-5.15,-4.16,-19.01,-6.22,2.4
TGL,18.4,2026-09-03,7.92,24.32,-4.17,-20.0,-59.02,-77.8
AUTOBEES,287.47,2026-09-04,-3.78,-4.14,-4.18,6.71,4.3,7.63
PATANJALI,342.5,2026-09-04,-0.72,-2.14,-4.21,-19.31,-31.26,-42.49
BAJAJHCARE,321.45,2026-09-04,-3.67,-0.03,-4.22,9.13,0.06,-24.52
BRIGHOTEL,59.19,2026-09-04,0.71,-0.07,-4.22,-4.46,2.58,-29.54
BBL,2289.3,2026-09-04,-3.14,-4.01,-4.22,-17.2,-0.2,-22.64
TOKYOPLAST,76.51,2026-09-04,-0.75,-2.04,-4.23,-11.03,3.86,-38.64
AJMERA,117.76,2026-09-04,0.74,-0.71,-4.24,-0.76,-6.48,-40.06
CINEVISTA,14.24,2026-09-04,-1.25,-0.21,-4.24,-10.38,-5.7,-18.95
SBGLP,23.96,2026-09-04,-0.83,-0.79,-4.24,-4.58,-12.78,-32.39
REPL,63.19,2026-09-04,-2.56,-0.5,-4.24,-4.55,-22.08,-60.36
HINDPETRO,356.5,2026-09-04,-2.53,-4.15,-4.25,-3.14,-6.62,-1.52
DALBHARAT,1749.3,2026-09-04,-5.76,-5.6,-4.25,1.69,-7.45,-27.02
JINDALPHOT,1021.2,2026-09-04,0.4,0.14,-4.25,2.67,-9.64,-12.24
SUPREMEINF,83.42,2026-09-04,-0.43,-3.4,-4.25,11.45,4.51,-16.01
SHRIRAMFIN,1041.0,2026-09-04,-6.21,-6.97,-4.26,14.31,3.65,79.8
PRAKASHSTL,3.82,2026-09-04,-1.04,-2.55,-4.26,-11.78,-7.95,-30.92
ESCORTS,2968.8,2026-09-04,-0.87,-4.15,-4.27,9.13,-8.08,-16.95
RELTD,161.37,2026-09-04,1.38,-0.02,-4.27,18.65,17.73,11.81
SGFIN,675.7,2026-09-04,-1.88,-1.98,-4.28,16.74,76.7,78.85
CYBERTECH,133.36,2026-09-04,0.22,-0.97,-4.3,-2.61,28.64,-4.2
APOLLOHOSP,8650.0,2026-09-04,-2.79,-0.6,-4.31,4.98,12.97,9.77
MASON,117.2,2026-09-03,-0.38,-0.26,-4.33,-0.21,-22.41,-43.88
GOPAL,265.1,2026-09-04,-3.51,-6.77,-4.37,-7.84,-6.18,-27.24
KICL,5203.0,2026-09-04,0.47,-1.32,-4.37,2.91,9.28,9.19
MAYURUNIQ,734.85,2026-09-04,-2.0,-4.57,-4.37,0.84,43.2,37.33
GOLDIAM,345.3,2026-09-04,-0.96,-4.23,-4.38,6.64,40.15,17.2
AKG,9.59,2026-09-04,6.32,7.51,-4.39,-13.06,-10.12,-21.84
CONS,11.98,2026-09-04,-2.12,-3.07,-4.39,4.26,4.45,-90.52
RHL,167.89,2026-09-04,1.47,-0.66,-4.41,-8.6,-8.16,-44.0
ADL,72.0,2026-09-04,-4.95,-4.08,-4.42,-1.91,6.49,-18.45
UFO,65.09,2026-09-04,-1.9,-0.91,-4.43,-11.84,-4.87,-14.99
SHARIABEES,452.84,2026-09-04,-1.24,-1.47,-4.44,-1.93,-3.37,-9.69
DPSCLTD,7.09,2026-09-04,-1.39,-0.28,-4.45,-10.82,-17.94,-41.84
CENTRUM,22.55,2026-09-04,-1.83,-3.18,-4.45,2.17,-0.75,-38.47
XTGLOBAL,31.69,2026-09-04,2.56,11.86,-4.46,6.06,-6.44,-8.61
HEROMOTOCO,5300.0,2026-09-04,-2.75,-6.77,-4.47,10.15,-2.22,2.46
MANAPPURAM,339.7,2026-09-04,-0.12,-6.94,-4.47,9.58,26.73,20.53
AWFIS,260.8,2026-09-04,0.73,-6.09,-4.49,-15.59,-4.49,-55.07
EQUITASBNK,72.95,2026-09-04,-1.38,-2.73,-4.49,0.9,25.71,38.61
MANKIND,2327.9,2026-09-04,-3.77,-1.96,-4.52,-1.07,5.47,-9.38
SUNDRMBRAK,740.0,2026-09-04,-3.95,-6.31,-4.52,9.09,30.06,-4.81
MTNL,26.55,2026-09-04,-2.46,0.34,-4.53,-13.8,-1.85,-40.34
IPL,138.34,2026-09-04,1.08,-1.14,-4.53,-10.38,-9.07,-33.68
DIGIKORE,40.0,2026-09-03,1.78,6.1,-4.53,-24.24,-51.31,-76.4
SANATHAN,456.2,2026-09-04,0.87,1.67,-4.55,15.29,13.57,-10.64
BALAJEE,26.16,2026-09-04,-0.08,-1.62,-4.56,-9.89,0.58,-52.69
KSCL,744.1,2026-09-04,-2.8,-3.16,-4.57,-13.26,4.13,-36.82
BFUTILITIE,542.45,2026-09-04,7.86,5.18,-4.58,-17.88,15.55,-33.36
HBLENGINE,695.75,2026-09-04,5.84,0.7,-4.59,-12.67,7.7,-17.96
GAEL,167.81,2026-09-04,-5.15,-6.92,-4.6,8.48,23.58,57.95
INDTERRAIN,30.42,2026-09-04,1.03,0.43,-4.61,-6.66,1.4,-13.58
BAJAJHFL,83.08,2026-09-04,-1.12,-1.15,-4.63,-0.41,-1.26,-25.82
GRMOVER,87.53,2026-09-04,1.23,-3.0,-4.63,-42.3,-44.71,-27.03
VMM,106.14,2026-09-04,-4.07,-6.48,-4.64,-10.25,-4.91,-29.89
IFBIND,1305.7,2026-09-04,-1.93,-7.21,-4.65,2.91,20.24,-14.02
SANSTAR,111.31,2026-09-04,0.86,4.43,-4.65,-3.01,35.66,29.36
IKS,1759.9,2026-09-04,1.48,-1.65,-4.66,4.09,32.22,12.09
VINNY,1.02,2026-09-04,-2.86,-4.67,-4.67,-4.67,-5.56,-23.88
JAYKAY,153.69,2026-09-04,2.75,6.97,-4.7,-14.94,7.9,
MAGNUM,19.0,2026-09-04,0.16,-2.31,-4.71,-4.33,-7.41,-23.05
THYROCARE,576.15,2026-09-04,-4.69,-1.34,-4.71,12.08,54.83,31.32
UFBL,700.35,2026-09-04,-3.75,-16.42,-4.73,52.25,193.41,166.29
AHLEAST,136.51,2026-09-04,-1.12,-4.69,-4.73,-14.01,-14.86,-16.21
ASAHISONG,372.65,2026-09-04,-1.61,-0.93,-4.74,43.72,70.75,28.06
TARC,126.99,2026-09-04,7.22,3.64,-4.74,-2.82,-8.69,-21.71
DAMCAPITAL,144.9,2026-09-04,-0.25,-0.06,-4.74,0.57,4.02,-34.73
VAML,437.75,2026-09-04,0.6,-2.58,-4.75,,,
HEXT,528.6,2026-09-04,-4.71,-6.03,-4.75,-0.01,18.19,-25.66
MONEYBOXX,58.8,2026-09-04,1.73,5.0,-4.75,-18.12,-10.83,
FORCEMOT,17500.0,2026-09-04,-0.15,-0.57,-4.78,-5.87,-18.41,-3.03
TATAELXSI,3558.0,2026-09-04,-0.58,-3.14,-4.79,-15.68,-16.89,-33.28
JAIPURKURT,25.33,2026-09-04,-2.95,-5.1,-4.81,-17.2,-19.99,-32.99
MASFIN,295.0,2026-09-04,-3.14,1.08,-4.82,-3.3,-3.35,-4.42
RAJMET,3.15,2026-09-04,1.61,-10.0,-4.83,-17.75,-12.26,-29.84
RAMANEWS,31.75,2026-09-04,1.37,-0.25,-4.85,8.29,-6.26,7.52
MEDIASSIST,340.35,2026-09-04,3.39,-4.68,-4.85,-5.18,-0.04,-35.28
CAPITALSFB,280.95,2026-09-04,-0.79,-1.59,-4.86,4.72,11.29,-3.77
FACT,801.4,2026-09-04,-2.42,2.19,-4.86,-7.41,19.66,-19.83
HOMESFY,111.3,2026-09-03,0.0,0.0,-4.87,5.05,-26.44,-56.67
DPABHUSHAN,1414.2,2026-09-04,-4.13,-7.77,-4.87,51.75,31.54,-9.58
FISCHER,36.04,2026-09-04,2.36,-1.18,-4.88,6.6,-0.66,-66.94
SADBHAV,8.15,2026-09-04,-3.55,0.74,-4.9,-11.8,-15.72,-42.03
BAJAJCON,517.55,2026-09-04,9.18,11.73,-4.9,-7.38,43.23,122.17
BBOX,712.25,2026-09-04,-4.73,-6.14,-4.91,-33.85,41.24,60.27
GROWWRAIL,28.08,2026-09-04,-0.46,-2.13,-4.91,-4.81,-7.75,-18.21
KILITCH,180.95,2026-09-04,3.61,8.42,-4.92,1.75,15.79,0.7
DREAMFOLKS,66.93,2026-09-04,-0.64,-2.63,-4.94,-8.5,-13.44,-51.98
J&KBANK,150.02,2026-09-04,1.58,2.61,-4.94,1.58,29.06,49.84
SJVN,65.23,2026-09-04,0.8,-0.87,-4.96,-11.06,-3.9,-27.63
DESTINY,100.65,2026-09-03,0.0,0.0,-4.96,-4.96,-16.82,-22.58
JSWENERGY,539.85,2026-09-04,3.74,-0.89,-4.96,-8.2,15.73,7.8
TATVA,1678.5,2026-09-04,3.18,4.55,-4.97,40.92,51.12,62.02
IPSL,210.0,2026-09-03,-2.6,-2.78,-4.98,-8.87,-18.18,-43.98
DELHIVERY,457.9,2026-09-04,0.37,2.96,-5.0,4.46,9.89,-2.71
MEGAFLEX,95.0,2026-09-03,0.0,0.0,-5.0,-25.17,-29.63,75.93
SHREEKARNI,386.65,2026-09-03,-2.77,13.04,-5.0,-7.94,-6.83,-24.33
TCI,868.2,2026-09-04,0.02,-3.62,-5.02,-7.38,-9.05,-24.93
NHPC,76.25,2026-09-04,-0.61,-0.52,-5.02,0.44,5.85,-0.32
SUPRAJIT,479.45,2026-09-04,-4.4,-5.2,-5.04,2.27,13.84,6.5
FEDERALBNK,343.0,2026-09-04,-3.84,-4.12,-5.04,14.69,20.15,81.24
KSB,813.55,2026-09-04,0.78,2.75,-5.06,2.26,10.65,0.27
BCG,8.98,2026-09-04,-0.66,-0.77,-5.07,-22.52,-7.33,-41.35
SHYAMCENT,5.03,2026-09-04,2.24,2.86,-5.09,0.8,2.86,-37.82
KIRLOSIND,3731.5,2026-09-04,-0.17,1.85,-5.09,19.83,34.57,-1.4
TRAVELFOOD,1296.3,2026-09-04,-0.25,-0.8,-5.11,0.79,12.0,-1.44
SWIGGY,276.1,2026-09-04,-2.06,-2.87,-5.12,8.85,-7.27,-34.74
ICRA,4884.5,2026-09-04,-0.65,-1.66,-5.14,-1.47,-10.4,-20.61
ORCHPHARMA,954.65,2026-09-04,-1.67,-8.04,-5.14,14.35,68.89,32.3
CIPLA,1385.0,2026-09-04,-1.72,-3.68,-5.14,-0.05,6.46,-11.4
STARHEALTH,557.35,2026-09-04,-1.83,-2.73,-5.16,5.91,21.2,25.57
CELEBRITY,6.8,2026-09-04,2.72,0.59,-5.16,-9.81,-6.08,-44.54
JBMA,625.6,2026-09-04,0.24,-5.42,-5.17,-9.7,23.15,3.16
YASHO,4134.1,2026-09-04,-1.77,-4.05,-5.18,67.05,164.71,121.75
HEALTHX,300.3,2026-09-04,-0.36,0.7,-5.18,-0.89,10.08,10.02
SJS,2306.1,2026-09-04,-7.33,-9.98,-5.19,16.08,38.76,68.64
PFIZER,4609.7,2026-09-04,-1.59,-5.57,-5.19,5.93,-3.74,-9.13
TVSMOTOR,4133.1,2026-09-04,-4.8,-5.28,-5.2,22.92,10.7,20.81
AVL,600.05,2026-09-04,-0.07,2.18,-5.21,12.03,24.68,16.29
RPTECH,823.65,2026-09-04,0.93,-5.0,-5.21,53.09,135.77,176.43
SANGINITA,59.5,2026-09-04,6.31,11.01,-5.22,92.18,363.4,519.15
SHRADHA,31.48,2026-09-04,-1.13,-4.46,-5.22,-7.06,-9.19,-49.9
APTECHT,89.13,2026-09-04,-2.95,-2.95,-5.25,-15.32,12.68,-28.71
MFML,18.59,2026-09-04,1.31,-1.8,-5.25,-24.74,-11.9,-31.5
OSWALGREEN,20.39,2026-09-04,1.39,-2.9,-5.25,-13.89,-19.28,-50.18
ACI,504.2,2026-09-04,3.86,-2.28,-5.26,-4.72,-4.3,-26.32
HGS,399.25,2026-09-04,-0.32,-0.7,-5.27,-1.65,10.4,-23.52
UNIDT,225.46,2026-09-04,4.62,2.58,-5.27,-8.92,36.84,12.43
SONAMAC,34.1,2026-09-03,2.71,-0.73,-5.28,-6.58,-8.46,-54.23
CONSOFINVT,288.3,2026-09-04,9.06,6.68,-5.29,20.79,28.63,46.35
SUNTV,470.9,2026-09-04,1.02,0.46,-5.29,-7.06,-19.61,-13.9
BAJAJELEC,331.15,2026-09-04,1.96,-3.92,-5.3,10.0,-6.68,-41.67
WIPRO,176.4,2026-09-04,-4.39,-2.71,-5.31,-12.68,-8.76,-25.29
TOUCHWOOD,62.81,2026-09-04,6.22,-0.3,-5.31,-12.9,-13.77,-42.06
AMIRCHAND,188.07,2026-09-03,7.88,7.06,-5.31,,,
GENSOL,17.28,2026-09-04,-0.86,-5.21,-5.32,-23.57,-27.82,-48.6
KOKUYOCMLN,80.61,2026-09-04,1.6,-2.1,-5.33,-2.56,2.99,-31.47
ULTRACEMCO,11408.0,2026-09-04,-0.37,-0.83,-5.33,5.85,-3.85,-7.98
LASA,6.73,2026-09-04,-2.75,-7.3,-5.34,-12.6,-11.21,-23.52
ASIANTILES,50.26,2026-09-04,1.31,10.7,-5.35,-16.47,-23.95,-14.67
AJOONI,3.71,2026-09-04,-3.39,-1.07,-5.36,-5.12,-5.84,-29.2
TTML,37.74,2026-09-04,-2.18,0.99,-5.37,-14.58,-2.48,-33.86
MALUPAPER,31.65,2026-09-04,-0.09,0.86,-5.38,-2.07,2.13,-17.41
AERONEU,80.57,2026-09-04,0.7,-0.73,-5.38,-6.02,21.67,-27.13
ISGEC,787.35,2026-09-04,-0.42,0.52,-5.41,-14.38,-8.58,-22.6
GULFOILLUB,1067.8,2026-09-04,-2.18,-5.73,-5.42,21.06,4.92,-9.67
CIFL,19.98,2026-09-04,-2.01,-2.11,-5.44,-16.37,-33.29,-39.98
ROUTE,501.55,2026-09-04,0.31,1.68,-5.46,-3.69,6.85,-40.16
GUJENERGY,263.59,2026-09-04,6.42,1.77,-5.47,-34.56,-36.88,-40.44
SCHAND,136.41,2026-09-04,-0.98,0.26,-5.47,-8.16,-8.24,-29.69
BIRLAMONEY,126.37,2026-09-04,-0.3,0.05,-5.51,-7.55,-1.67,-28.81
GICHSGFIN,140.45,2026-09-04,0.91,2.4,-5.52,-3.12,-3.96,-16.49
PAVNAIND,17.22,2026-09-04,-4.55,-7.12,-5.54,3.99,-13.64,-52.95
SUZLON,45.35,2026-09-04,-4.57,-3.61,-5.54,-18.46,13.57,-21.02
ROML,42.0,2026-09-04,-1.45,-3.51,-5.55,-10.98,-1.04,-14.29
AVANTEL,154.96,2026-09-04,-3.24,-2.33,-5.55,-11.84,10.28,-2.19
GOODLUCK,472.9,2026-09-04,1.83,-1.0,-5.56,5.52,30.82,20.16
VERITAAS,31.45,2026-09-03,0.0,-5.56,-5.56,-31.03,-49.03,-55.77
NETWORK18,28.38,2026-09-04,4.22,-6.46,-5.56,-5.37,-12.41,-47.44
HCLTECH,1293.4,2026-09-04,-1.43,-2.16,-5.58,11.84,-2.37,-6.33
IREDA,113.64,2026-09-04,-2.45,-1.53,-5.58,-7.79,0.64,-20.67
INDRAMEDCO,349.7,2026-09-04,-3.68,-5.97,-5.6,-13.04,-9.33,-27.6
INFOBEAN,162.08,2026-09-04,0.38,4.45,-5.61,-2.27,-6.72,9.19
LFIC,134.64,2026-09-04,0.41,-1.94,-5.63,-5.99,6.12,-35.26
SANGAMIND,578.8,2026-09-04,-3.57,3.06,-5.63,10.16,32.64,57.06
KANDARP,92.9,2026-09-03,-2.26,-7.01,-5.64,-37.65,-37.42,-12.15
CRAMC,251.5,2026-09-04,-3.01,-3.12,-5.66,2.44,9.18,
RAJVIR,5.32,2026-09-03,0.0,0.0,-5.67,-30.0,-30.46,-46.8
TIRUPATIFL,69.05,2026-09-04,0.09,-2.38,-5.68,53.68,85.42,69.99
ADVANIHOTR,49.45,2026-09-04,-0.82,-1.45,-5.68,-6.56,-4.92,-15.12
VERANDA,242.63,2026-09-04,-2.68,-3.01,-5.7,2.14,46.81,14.09
RSYSTEMS,256.12,2026-09-04,4.41,6.83,-5.7,0.81,1.55,-43.09
IFGLEXPOR,204.69,2026-09-04,-2.7,-4.1,-5.71,2.97,34.29,-14.81
ARISTO,103.0,2026-09-03,-3.74,-4.63,-5.72,-6.19,13.44,-11.59
INNOVANA,305.2,2026-09-04,0.28,-4.6,-5.73,-6.44,-18.33,-43.41
EIHAHOTELS,297.65,2026-09-04,-1.15,-0.07,-5.73,1.46,-4.29,-26.85
KNACK,187.3,2026-09-04,-1.6,-7.29,-5.74,,,
HALEOSLABS,1451.3,2026-09-04,-0.92,-3.93,-5.74,3.89,13.28,30.06
BSE,3409.8,2026-09-04,3.89,2.93,-5.75,-15.24,30.15,54.03
JSWHL,11472.0,2026-09-04,-4.61,2.79,-5.77,-7.77,-28.85,-38.7
MONOPHARMA,8.95,2026-09-03,-0.56,2.29,-5.79,-21.49,-31.15,-60.22
ORIENTCEM,129.68,2026-09-04,0.1,-0.09,-5.8,-3.22,-11.33,-42.54
ASTRAMICRO,1729.0,2026-09-04,3.78,3.85,-5.8,25.5,73.67,70.57
SASKEN,1881.3,2026-09-04,-0.96,-2.33,-5.81,-12.32,67.78,30.76
BIOCON,397.4,2026-09-04,-3.54,-2.93,-5.83,-4.37,5.16,11.5
ALKALI,65.55,2026-09-04,2.1,-2.89,-5.83,-28.33,14.36,-23.32
VIRINCHI,14.7,2026-09-04,0.27,-2.91,-5.83,-3.86,-21.47,-48.46
OSWALAGRO,36.66,2026-09-04,-2.4,-1.43,-5.83,-15.0,-15.45,-52.0
IEML,40.3,2026-09-03,-5.62,-2.18,-5.84,-8.2,-44.57,-70.77
ASTERDM,785.75,2026-09-04,3.94,4.64,-5.86,6.46,21.55,24.18
EMBDL,57.53,2026-09-04,-7.31,-9.53,-5.87,-1.88,0.19,-40.93
HINDUNILVR,1973.4,2026-09-04,0.3,-2.79,-5.87,-4.13,-11.84,-24.66
ENRIN,3115.7,2026-09-04,-3.53,-10.61,-5.88,-15.81,5.9,-7.92
GATECHDVR,0.48,2026-09-04,-14.29,-4.0,-5.88,-2.04,6.67,-14.29
NELCAST,116.99,2026-09-04,-0.99,0.71,-5.88,-16.25,12.58,-20.25
WAAREERTL,858.95,2026-09-04,-1.55,-1.54,-5.88,-11.92,6.56,-15.46
UCOBANK,24.78,2026-09-04,-0.44,-4.29,-5.89,-1.16,-7.55,-11.23
PVSL,102.63,2026-09-04,-2.28,-6.83,-5.9,3.76,16.74,-19.38
VSTIND,208.15,2026-09-04,-0.76,-1.19,-5.91,-14.63,-2.43,-20.21
SOMATEX,90.22,2026-09-04,12.58,3.95,-5.92,-14.88,-15.06,8.13
OMINFRAL,84.43,2026-09-04,3.31,1.99,-5.94,-0.37,6.43,-22.21
JSWCEMENT,124.07,2026-09-04,-1.55,-2.15,-5.94,-2.02,4.35,-18.23
BUTTERFLY,624.85,2026-09-04,-0.66,-2.79,-5.96,-6.39,4.19,-11.56
ADANIGREEN,1301.3,2026-09-04,7.11,-0.51,-5.98,-8.57,49.24,40.05
VINEETLAB,37.37,2026-09-04,-3.83,0.0,-5.99,9.05,18.79,12.15
TENNIND,517.55,2026-09-04,-2.24,-6.5,-5.99,-11.04,-5.65,
ATUL,6386.0,2026-09-04,-0.09,-0.61,-6.0,-4.77,-1.39,0.3
ELIN,95.4,2026-09-04,-4.72,-4.3,-6.0,-13.27,-22.36,-51.26
SANDUMA,197.83,2026-09-04,-2.25,-3.6,-6.0,-11.91,0.47,29.8
CSM,94.36,2026-09-04,-2.51,-4.29,-6.0,,,
MANDEEP,18.0,2026-09-03,-0.83,4.35,-6.01,-9.09,-5.26,-33.33
REXPIPES,160.65,2026-09-03,0.0,0.0,-6.05,-7.8,-20.47,0.41
JPOLYINVST,997.45,2026-09-04,0.71,5.43,-6.06,1.59,-11.43,6.62
INSECTICID,618.45,2026-09-04,1.24,6.6,-6.06,-13.47,1.37,-23.74
UNITEDTEA,442.8,2026-09-04,-2.09,-1.71,-6.07,-13.61,-8.33,-5.27
INOXWIND,74.4,2026-09-04,5.73,0.88,-6.07,-13.27,-13.34,-48.42
SATIN,220.75,2026-09-04,-1.46,-1.29,-6.08,-8.75,47.09,50.66
DCM,77.01,2026-09-04,-2.52,-3.1,-6.09,-17.21,10.31,-22.78
CEWATER,262.55,2026-09-04,-2.58,3.71,-6.1,2.28,-4.99,-51.03
MUFTI,75.23,2026-09-04,1.1,1.06,-6.1,-11.6,-6.48,-36.85
RAILTEL,271.05,2026-09-04,-1.76,-3.9,-6.11,-13.4,-1.92,-20.3
ZODIACLOTH,72.23,2026-09-04,-1.59,-1.99,-6.11,-3.51,-3.2,-25.96
LOTUSEYE,109.43,2026-09-04,0.32,-5.26,-6.12,0.15,0.52,-13.27
LAOPALA,173.9,2026-09-04,0.17,2.62,-6.12,1.17,-7.65,-28.15
ALLETEC,133.25,2026-09-03,6.34,9.67,-6.13,-2.77,-13.36,-55.58
LANDMARK,510.15,2026-09-04,-1.41,-5.83,-6.14,23.55,34.14,-15.56
VENTIVE,588.2,2026-09-04,-0.51,0.43,-6.14,-8.04,-16.52,-20.25
KONTOR,53.5,2026-09-03,-3.6,-7.2,-6.14,-25.23,-33.0,-34.23
POWERGRID,266.0,2026-09-04,0.93,-1.99,-6.14,-6.54,-8.89,-2.94
ADVANCE,117.43,2026-09-04,0.87,-0.48,-6.14,14.77,7.19,
CIEINDIA,385.35,2026-09-04,-1.46,-3.51,-6.15,-15.47,-12.86,-0.49
VINYLINDIA,232.38,2026-09-04,-0.12,-2.7,-6.15,-6.58,16.25,-19.71
VSTTILLERS,4187.6,2026-09-04,-3.91,-4.24,-6.16,-8.9,-24.19,-21.4
ARE&M,864.2,2026-09-04,-3.19,-6.35,-6.17,1.16,8.55,-12.71
SHOPERSTOP,381.75,2026-09-04,-0.55,-6.15,-6.17,5.63,30.71,-29.61
BETA,2218.5,2026-09-04,-1.83,-3.84,-6.19,50.74,110.52,17.71
TECHLABS,118.3,2026-09-03,1.63,2.87,-6.19,-27.07,-40.48,-80.44
SHRINGARMS,217.91,2026-09-04,-0.73,-4.71,-6.19,4.06,2.97,
PILITA,8.02,2026-09-04,1.01,0.0,-6.2,0.63,4.02,-42.09
ALGOQUANT,64.5,2026-09-04,-0.32,-2.33,-6.21,18.5,8.88,
RSWM,220.63,2026-09-04,11.2,12.74,-6.22,24.49,51.26,44.0
BMETRICS,34.7,2026-09-03,11.76,2.06,-6.22,-4.54,-0.57,-27.34
GULPOLY,186.01,2026-09-04,-2.37,-3.14,-6.22,-0.17,23.82,16.13
DCXINDIA,168.83,2026-09-04,-2.45,-3.92,-6.24,-14.55,-1.08,-36.58
RAMCOCEM,884.5,2026-09-04,0.56,-2.15,-6.24,1.08,-18.27,-18.65
EMSLIMITED,383.05,2026-09-04,2.21,-0.33,-6.25,29.96,39.82,-28.34
M&MFIN,373.65,2026-09-04,0.17,-1.33,-6.26,32.18,5.48,45.32
KEYFINSERV,245.05,2026-09-04,-5.2,-6.83,-6.27,-5.95,-8.13,-2.7
DMART,3770.0,2026-09-04,-3.33,-4.31,-6.29,-8.92,0.24,-21.93
NAVKARCORP,96.24,2026-09-04,0.22,-1.2,-6.3,-1.54,7.82,-17.55
GRINDWELL,1962.5,2026-09-04,-2.99,-4.41,-6.3,3.11,24.19,23.64
VIPCLOTHNG,20.15,2026-09-04,0.25,-2.99,-6.32,-22.23,4.46,-41.29
ABBOTINDIA,26065.0,2026-09-04,0.83,-1.34,-6.33,3.31,-4.13,-17.09
PSPPROJECT,875.5,2026-09-04,-0.14,-3.74,-6.33,-2.58,26.85,21.83
ENIL,102.65,2026-09-04,0.67,1.62,-6.34,-6.39,-2.78,-36.77
TCS,2304.0,2026-09-04,-3.97,0.87,-6.34,3.37,-9.26,-22.48
REPCOHOME,358.75,2026-09-04,-1.17,2.3,-6.34,-2.25,-0.37,0.65
AAVAS,1304.2,2026-09-04,3.41,-2.4,-6.35,0.29,5.76,-17.15
TRITURBINE,577.3,2026-09-04,0.2,0.43,-6.38,-16.45,25.88,13.02
GATEWAY,54.69,2026-09-04,1.67,1.58,-6.38,-0.05,0.06,-11.67
JWL,243.24,2026-09-04,1.12,-1.86,-6.39,-13.08,-2.25,-25.16
INDOUS,77.48,2026-09-04,-2.5,-6.41,-6.41,-21.22,-43.35,-46.45
BAJAJFINSV,1970.0,2026-09-04,-2.52,-1.58,-6.41,15.32,4.36,-1.52
SMLT,65.59,2026-09-04,1.53,-4.89,-6.41,-10.0,-10.46,-37.84
VIKRAMSOLR,168.45,2026-09-04,-0.15,-2.08,-6.44,-21.48,1.28,-47.71
SITINET,0.29,2026-09-04,0.0,3.57,-6.45,-21.62,-14.71,-42.0
AEGISLOG,1270.2,2026-09-04,0.44,-5.31,-6.46,68.96,97.26,82.79
TATACHEM,625.1,2026-09-04,-2.78,-0.3,-6.46,-11.91,-10.31,-32.39
TATAINVEST,633.7,2026-09-04,-1.32,-1.9,-6.48,-4.45,1.81,-5.6
LINC,95.07,2026-09-04,0.49,-1.18,-6.5,-5.71,-7.65,-28.22
NEWGEN,524.8,2026-09-04,-0.77,-0.68,-6.51,6.87,11.24,-40.98
SPANDANA,239.81,2026-09-04,-0.47,-0.49,-6.53,-6.76,0.78,-8.98
SBILIFE,1775.0,2026-09-04,1.98,0.75,-6.53,0.57,-7.93,-0.76
SNOWMAN,36.85,2026-09-04,-1.21,-1.97,-6.54,-0.78,-1.55,-30.83
ALPA,62.71,2026-09-04,-0.03,1.7,-6.54,-8.9,-0.56,-34.67
RADIOCITY,6.28,2026-09-04,-3.24,-3.83,-6.55,1.29,6.98,-25.68
MGEL,14.24,2026-09-04,0.92,-1.79,-6.56,-6.26,45.69,-9.82
SUVIDHAA,2.42,2026-09-04,10.5,2.54,-6.56,-10.37,-14.79,-41.26
EMAMILTD,366.05,2026-09-04,0.56,-9.75,-6.57,-6.31,-20.42,-39.35
SURYODAY,152.07,2026-09-04,-1.69,-3.21,-6.57,-10.55,17.6,22.55
BAYERCROP,3989.9,2026-09-04,0.48,-1.33,-6.58,-8.19,-11.13,-19.25
CHAMBLFERT,419.05,2026-09-04,2.32,-2.76,-6.58,-8.21,-1.52,-23.02
ACEINTEG,17.83,2026-09-04,4.57,0.11,-6.6,-11.69,7.28,-25.08
BHARTIARTL,1840.0,2026-09-04,1.55,-4.91,-6.6,2.43,-2.24,-0.92
SPMLINFRA,181.41,2026-09-04,-0.05,-2.99,-6.61,-9.47,1.16,-36.45
AURIONPRO,689.7,2026-09-04,-2.75,-2.67,-6.61,-12.7,-19.87,-46.32
ASAL,473.75,2026-09-04,-0.48,-4.06,-6.61,-7.87,5.55,-1.86
MAHKTECH,22.1,2026-09-04,-2.73,-3.2,-6.63,-11.64,-4.82,-15.03
SRTL,37.71,2026-09-04,-2.18,-6.03,-6.64,-9.52,-44.41,
HONAUT,35655.0,2026-09-04,0.35,-2.69,-6.64,3.69,18.69,-0.98
STARCEMENT,190.19,2026-09-04,2.94,-2.39,-6.64,-9.0,-7.52,-34.48
LXCHEM,172.04,2026-09-04,3.28,-0.66,-6.65,6.97,51.45,-19.5
SUNFLAG,343.7,2026-09-04,1.0,-2.92,-6.67,-15.52,45.23,28.59
AASTHA,78.12,2026-09-04,-6.57,7.0,-6.69,,,
INTERARCH,1707.0,2026-09-04,0.89,1.66,-6.69,-3.31,-4.54,-17.81
IRCTC,476.05,2026-09-04,-1.08,-1.47,-6.7,-9.75,-13.99,-32.2
USK,20.99,2026-09-04,-0.8,-0.57,-6.71,-8.86,-24.36,-37.53
MOBIKWIK,192.12,2026-09-04,1.27,-1.6,-6.72,-1.38,6.08,-31.3
BANSWRAS,117.05,2026-09-04,1.11,-3.73,-6.73,-5.61,8.17,-6.64
MEGASTAR,307.6,2026-09-04,0.13,-0.53,-6.73,1.23,35.25,33.4
CURAA,72.46,2026-09-04,13.08,-1.48,-6.74,-14.33,-17.61,-75.24
JSFB,535.1,2026-09-04,-0.45,-7.99,-6.76,13.22,44.0,9.62
ZODIAC,240.17,2026-09-04,-1.43,-3.6,-6.77,-16.68,5.57,-38.97
UMESLTD,5.09,2026-09-04,-6.61,-12.99,-6.78,-8.62,29.19,-12.84
PARTYCRUS,79.7,2026-09-03,-6.24,-2.8,-6.78,-16.68,-1.6,4.59
CREST,359.0,2026-09-04,-1.4,-1.44,-6.8,5.04,10.21,-4.16
SADHAV,111.95,2026-09-03,1.5,-2.23,-6.82,-1.32,5.12,-3.62
KAKATCEM,109.6,2026-09-04,-6.12,-6.63,-6.84,-11.53,4.45,-27.89
MARICO,815.15,2026-09-04,-0.59,-3.66,-6.84,0.25,6.09,10.87
THEINVEST,95.0,2026-09-04,-0.53,-1.74,-6.84,-2.72,2.47,-38.1
KOTYARK,33.76,2026-09-04,1.26,-4.95,-6.85,-9.9,47.69,11.27
SADHNANIQ,2.72,2026-09-04,-2.86,-7.8,-6.85,12.86,52.81,-72.55
MANCREDIT,228.33,2026-09-04,-5.94,2.56,-6.86,13.0,33.25,24.41
BRITANNIA,5101.5,2026-09-04,-2.83,-3.94,-6.87,1.9,-11.94,-14.74
SUMMITSEC,1434.2,2026-09-04,0.53,1.22,-6.88,-5.62,-8.6,-35.8
PNGJL,609.05,2026-09-04,4.31,-0.7,-6.89,10.86,19.43,3.82
BANCOINDIA,623.5,2026-09-04,-0.3,-0.05,-6.91,-5.37,10.4,4.91
DBCORP,195.65,2026-09-04,-1.78,-5.39,-6.91,-1.86,-6.01,-25.47
AIIL,519.9,2026-09-04,-7.31,-6.31,-6.92,15.2,21.06,-16.06
IRFC,83.4,2026-09-04,0.07,-3.01,-6.92,-13.18,-13.77,-30.12
ALLTIME,206.08,2026-09-04,3.2,2.38,-6.94,-9.52,-7.95,-29.57
BLUEDART,4991.7,2026-09-04,1.37,-1.22,-6.95,5.77,-8.69,-12.2
SECURKLOUD,17.01,2026-09-04,-2.86,-5.29,-6.95,-14.22,-21.07,-30.26
SOBHA,1263.8,2026-09-04,0.63,-1.96,-6.96,-5.29,-5.19,-12.48
BOMDYEING,113.47,2026-09-04,-0.68,2.64,-6.96,-6.31,5.36,-35.54
SANOFI,3158.2,2026-09-04,1.09,-3.55,-6.96,-0.67,-16.31,-36.25
ENERGYDEV,15.49,2026-09-04,-2.46,-4.5,-6.97,-5.55,0.06,-22.39
SAMPANN,25.19,2026-09-04,-3.3,-3.3,-6.98,-6.67,-9.39,-11.92
DABUR,380.9,2026-09-04,-0.03,-4.4,-7.02,-9.14,-20.84,-29.82
NATHBIOGEN,153.12,2026-09-04,-3.21,-0.98,-7.04,-11.54,9.15,-9.39
SUMIT,51.71,2026-09-04,3.13,1.95,-7.05,25.39,39.14,-45.8
RRKABEL,2454.1,2026-09-04,-16.2,-14.49,-7.08,10.67,65.36,102.27
FMCGIETF,49.47,2026-09-04,-1.26,-3.0,-7.1,-4.35,-7.05,-18.9
KAUSHALYA,850.0,2026-09-04,-0.9,-3.95,-7.1,-1.8,0.23,-51.29
INDIGO,4977.0,2026-09-04,-4.91,-2.7,-7.11,10.38,13.3,-12.61
AMBUJACEM,405.0,2026-09-04,0.96,-0.92,-7.12,-4.54,-14.52,-28.31
GALAPREC,1024.0,2026-09-04,-0.14,-6.39,-7.14,11.98,43.04,23.9
KAYNES,3598.0,2026-09-04,-2.36,-6.31,-7.15,12.77,-2.77,-46.84
VBL,407.6,2026-09-04,1.79,-4.77,-7.15,-22.78,-4.84,-16.46
NELCO,911.25,2026-09-04,-4.23,-0.44,-7.18,30.26,55.28,12.22
CAMS,748.8,2026-09-04,-4.25,-0.43,-7.19,-0.54,19.87,1.16
RADAAN,2.97,2026-09-04,-3.26,-1.98,-7.19,-1.33,1.02,-16.1
GREENPOWER,9.28,2026-09-04,0.98,-2.32,-7.2,-17.58,0.32,-33.38
NESTLEIND,1410.5,2026-09-04,-5.75,-4.13,-7.2,2.49,13.81,17.51
SPECTRUM,2368.4,2026-09-04,11.69,10.45,-7.2,42.26,74.51,65.39
SKP,146.6,2026-09-03,0.07,-4.53,-7.22,-8.23,-8.37,-37.35
IFBAGRO,903.3,2026-09-04,0.46,-7.89,-7.22,-3.85,14.57,17.08
IBULLSLTD,25.67,2026-09-04,-2.21,-4.39,-7.23,8.86,166.84,29.65
SANOFICONR,4201.7,2026-09-04,1.49,-0.45,-7.23,-9.28,0.63,-18.11
MAANALU,117.9,2026-09-04,-3.89,-0.96,-7.23,-7.88,-10.21,6.56
KPITTECH,575.45,2026-09-04,-1.63,-1.31,-7.24,-24.93,-21.17,-52.52
SENCO,358.65,2026-09-04,2.88,-3.52,-7.27,4.41,21.62,-6.48
HINDCOMPOS,394.85,2026-09-04,-3.1,-3.95,-7.27,-5.63,-2.97,-12.03
ASHIANA,359.55,2026-09-04,-2.0,-1.92,-7.28,1.05,15.15,15.08
ACC,1283.8,2026-09-04,0.57,-1.31,-7.29,-4.41,-15.59,-29.84
INNOVATIVE,64.2,2026-09-03,0.0,-3.89,-7.29,-19.6,-16.62,-46.39
ALKEM,5190.0,2026-09-04,-2.62,-2.99,-7.29,-1.46,-4.89,-1.14
WEWIN,41.91,2026-09-04,-5.35,-7.93,-7.3,-27.74,2.22,-14.52
LUXIND,1175.1,2026-09-04,-2.9,-3.08,-7.32,-15.14,35.58,-9.5
BLAL,160.88,2026-09-04,-3.07,-4.37,-7.33,-13.08,-11.65,-28.3
GLOTTIS,62.1,2026-09-04,-2.6,-8.22,-7.33,-3.51,37.94,
CREDITACC,1443.1,2026-09-04,5.84,0.06,-7.35,13.29,17.76,6.36
DCAL,174.38,2026-09-04,-2.22,0.65,-7.36,-9.15,6.32,-33.77
LEMONTREE,104.95,2026-09-04,-1.22,-3.33,-7.36,-5.5,-5.86,-38.61
INDIACEM,362.5,2026-09-04,-2.2,-1.43,-7.38,-4.73,-6.97,-9.71
BEARDSELL,25.31,2026-09-04,-1.06,-3.51,-7.39,-11.41,2.22,-12.6
GOYALSALT,106.5,2026-09-03,0.47,0.47,-7.39,-6.54,-9.21,-39.16
XCHANGING,61.4,2026-09-04,0.75,0.46,-7.4,-2.6,0.87,-29.42
HIRECT,1222.4,2026-09-04,0.04,-0.07,-7.42,7.55,84.08,53.13
EXIDEIND,424.35,2026-09-04,-3.61,-6.39,-7.42,5.7,35.81,5.11
KECL,126.41,2026-09-04,-2.95,-3.92,-7.43,15.44,54.14,8.41
CCAVENUE,15.7,2026-09-04,4.46,4.46,-7.43,12.22,-0.63,-1.38
ATMASTCO,139.75,2026-09-03,-4.22,-1.48,-7.45,-18.18,-1.34,-40.67
BLUECOAST,23.49,2026-09-04,0.64,1.91,-7.45,-22.53,18.1,-60.49
JKCEMENT,5083.5,2026-09-04,-0.96,-2.53,-7.45,3.71,-7.68,-23.6
BASML,25.41,2026-09-04,-1.05,1.68,-7.47,3.84,22.25,-9.75
QUESTLAB,84.8,2026-09-03,-2.75,-1.97,-7.47,-15.91,-26.1,-14.34
SHALBY,152.71,2026-09-04,-1.65,-0.86,-7.47,-12.7,3.97,-22.17
SHREYANIND,128.93,2026-09-04,2.77,5.26,-7.48,-7.44,-13.02,-43.13
RELCHEMQ,116.73,2026-09-04,2.53,2.99,-7.5,-5.33,1.5,-26.89
TATACONSUM,1010.0,2026-09-04,-2.65,-4.94,-7.51,-12.12,-8.29,-4.91
BHAGCHEM,264.6,2026-09-04,-5.75,-6.47,-7.51,5.65,31.65,-1.23
BHARTIHEXA,1495.4,2026-09-04,-3.24,-6.88,-7.51,1.51,-4.13,-14.81
GINNIFILA,42.57,2026-09-04,-3.23,-4.96,-7.52,1.89,15.4,-5.42
RKSWAMY,94.25,2026-09-04,2.68,-0.9,-7.53,-5.96,-3.09,-36.5
AGIIL,283.7,2026-09-04,-0.46,-1.6,-7.54,-26.47,-8.14,21.71
SPCL,61.2,2026-09-03,-0.65,1.92,-7.55,-14.88,-19.84,-40.12
BPL,49.38,2026-09-04,-3.31,0.57,-7.56,-4.71,-6.18,-41.85
INDIASHLTR,677.1,2026-09-04,4.17,1.1,-7.56,-9.88,-1.34,-24.74
SAURASHCEM,57.61,2026-09-04,3.21,1.34,-7.56,-3.05,-6.61,-52.63
MUNJALSHOW,129.21,2026-09-04,-0.9,-1.95,-7.58,4.59,2.74,-3.53
SHARDACROP,768.35,2026-09-04,0.19,-1.41,-7.59,-14.14,-25.2,-13.58
SCHNEIDER,1232.4,2026-09-04,1.08,6.39,-7.61,11.05,47.99,45.15
PATINTLOG,13.32,2026-09-04,2.46,-0.52,-7.63,-1.91,32.14,-10.6
M&M,3170.0,2026-09-04,-3.41,-7.15,-7.66,6.21,-1.87,-7.99
GODAVARIB,241.7,2026-09-04,3.14,0.35,-7.66,-13.86,-15.4,-11.7
BAJFINANCE,1060.5,2026-09-04,0.33,-1.53,-7.7,22.03,12.9,14.15
INSPIRISYS,89.53,2026-09-04,0.55,-3.76,-7.7,-23.75,10.22,-6.78
CEATLTD,3333.2,2026-09-04,-2.53,-6.53,-7.7,4.24,2.61,0.69
DENORA,812.3,2026-09-04,-1.66,-1.22,-7.7,12.49,20.16,-2.56
REDTAPE,120.43,2026-09-04,-3.0,-1.25,-7.71,-10.68,0.43,-9.59
RAJRATAN,498.35,2026-09-04,0.24,1.66,-7.72,16.87,24.87,59.76
SWELECTES,572.5,2026-09-04,-2.72,-3.62,-7.73,-12.99,14.49,-19.92
CHOICEIN,760.95,2026-09-04,-2.53,-4.6,-7.74,13.35,11.58,-2.54
LIKHITHA,204.8,2026-09-04,-1.29,-2.93,-7.74,-2.4,37.69,-17.88
FOCUS,63.37,2026-09-04,-3.61,-7.68,-7.76,-31.59,-1.32,-33.2
REFEX,282.55,2026-09-04,0.02,-1.36,-7.77,-10.43,40.02,-22.53
PPAP,260.9,2026-09-04,-0.32,-0.78,-7.78,25.52,20.86,18.77
CESC,146.5,2026-09-04,0.23,-5.65,-7.79,-14.55,-0.26,2.13
BYKE,32.11,2026-09-04,-0.5,1.49,-7.81,-8.78,-19.75,-54.6
MAFATIND,121.66,2026-09-04,-0.8,0.08,-7.84,-4.88,,
EUROBOND,151.0,2026-09-04,0.48,-4.5,-7.87,-18.35,-8.38,-37.2
AMBIKCO,1639.1,2026-09-04,-0.04,-1.39,-7.88,-1.91,20.66,13.44
APS,245.0,2026-09-03,-2.16,-10.44,-7.89,-24.55,-17.67,-48.46
NACLIND,166.84,2026-09-04,-1.99,-5.22,-7.89,9.38,37.2,-38.0
RVNL,212.49,2026-09-04,1.19,-4.15,-7.89,-9.86,-24.43,-34.6
AGRITECH,101.21,2026-09-04,-0.33,-0.82,-7.92,-6.1,-12.75,-26.87
HYBRIDFIN,16.67,2026-09-04,-3.36,-2.46,-7.95,1.89,-9.06,16.41
IEX,118.91,2026-09-04,-1.32,-3.33,-7.96,-4.16,1.86,-14.31
ZEEL,91.61,2026-09-04,-2.11,-12.39,-7.98,-12.27,11.88,-20.14
PRIVISCL,3367.3,2026-09-04,-3.07,-2.3,-8.01,3.51,18.85,51.09
PULZ,22.95,2026-09-03,2.68,-1.29,-8.02,-0.22,-5.56,-44.02
DNAMEDIA,2.63,2026-09-04,-1.13,3.54,-8.04,-10.85,-21.96,-42.7
AARVI,141.92,2026-09-04,-0.33,-7.07,-8.06,12.42,22.6,15.04
3MINDIA,32845.0,2026-09-04,-1.43,-3.07,-8.06,3.19,-2.8,9.41
NBCC,86.6,2026-09-04,0.46,-1.73,-8.06,-16.22,1.83,-14.06
SURYAROSNI,216.49,2026-09-04,-1.47,-1.2,-8.07,-14.3,3.13,-25.18
ZTECH,498.0,2026-09-03,3.74,0.92,-8.07,-16.69,-0.9,-10.3
OCCLLTD,163.93,2026-09-04,3.28,4.31,-8.11,46.86,94.25,29.23
ASALCBR,706.35,2026-09-04,0.79,-2.62,-8.12,-13.98,-7.51,-29.53
PGEL,562.3,2026-09-04,-3.22,-5.81,-8.12,14.08,-5.17,1.36
MSUMI,36.52,2026-09-04,-0.73,-3.26,-8.13,-3.26,-10.59,-16.08
AUTOAXLES,1688.7,2026-09-04,-2.31,-3.16,-8.14,-0.41,-14.17,-0.87
HRHNEXT,24.8,2026-09-03,0.4,-12.52,-8.15,-12.83,3.55,-25.75
CERA,5787.5,2026-09-04,0.99,-0.09,-8.15,5.78,22.38,-8.02
KUSUMGAR,571.2,2026-09-04,-1.76,-5.53,-8.17,,,
PAGEIND,36300.0,2026-09-04,1.4,2.08,-8.18,-6.01,18.28,-17.4
ADVAIT,2151.3,2026-09-04,-0.89,3.97,-8.18,-2.89,40.87,
ATGL,612.35,2026-09-04,-1.42,-4.26,-8.19,-17.67,27.41,2.77
ICICIGI,1510.0,2026-09-04,-3.63,-6.79,-8.2,-12.86,-18.31,-18.75
VESUVIUS,419.15,2026-09-04,2.8,-3.12,-8.2,-12.0,-15.55,-19.01
TRENT,2853.0,2026-09-04,-0.93,-1.79,-8.2,0.69,14.08,-48.32
DENEERS,169.9,2026-09-03,-0.32,-2.3,-8.21,-25.71,23.83,-42.2
AIAENG,4231.2,2026-09-04,-0.24,-0.68,-8.21,-7.6,17.23,38.28
EFORCE,19.5,2026-09-03,-2.5,-7.14,-8.24,-9.72,-24.56,-51.85
NIVABUPA,80.11,2026-09-04,-1.42,-2.91,-8.25,-2.01,10.5,-1.42
IGARASHI,422.75,2026-09-04,0.67,-1.99,-8.25,14.58,26.09,-10.29
SURAJLTD,201.79,2026-09-04,-0.14,-3.68,-8.26,-11.1,-7.31,-33.81
RPOWER,22.08,2026-09-04,-0.05,-4.37,-8.27,-19.39,-4.7,-52.44
TINNARUBR,1028.2,2026-09-04,3.12,0.06,-8.28,15.37,59.32,25.44
RBMINFRA,244.4,2026-09-03,1.33,-1.37,-8.28,-19.78,-25.07,-43.12
AGROPHOS,25.77,2026-09-04,-2.2,-1.57,-8.29,-15.45,-18.73,-36.95
INTELLECT,686.65,2026-09-04,0.84,-0.12,-8.29,-5.41,3.48,-25.19
BALKRISIND,2284.6,2026-09-04,0.24,-3.13,-8.32,4.59,1.58,-1.6
RAINBOW,1447.2,2026-09-04,2.3,-0.88,-8.35,7.69,19.42,-4.53
COROMANDEL,1938.8,2026-09-04,1.73,0.63,-8.35,10.08,-7.96,-15.14
CAPILLARY,490.05,2026-09-04,-0.78,-2.37,-8.39,-3.18,-4.03,
BERGEPAINT,485.3,2026-09-04,-2.5,-5.86,-8.4,-1.07,11.44,-9.64
UJJIVANSFB,64.43,2026-09-04,-6.77,-8.34,-8.42,21.36,18.74,49.45
SRIVASAVI,76.65,2026-09-03,2.68,-5.55,-8.42,55.79,70.14,19.77
NIITMTS,225.94,2026-09-04,-0.52,0.09,-8.43,4.47,-30.09,-31.73
SAMBHAAV,5.94,2026-09-04,-1.98,-5.71,-8.47,-11.34,-14.9,-10.0
ABLBL,86.07,2026-09-04,-0.74,1.1,-8.5,-14.17,-13.36,-39.07
LLOYDSENT,74.23,2026-09-04,2.6,0.23,-8.53,10.65,61.2,5.36
GMRAIRPORT,97.45,2026-09-04,4.08,-1.39,-8.55,-4.45,2.36,12.59
DHTL,32.6,2026-09-03,0.46,3.66,-8.56,-32.71,-24.19,-20.49
NBIFIN,1981.9,2026-09-04,1.07,-0.31,-8.56,4.77,9.14,-20.87
MAXHEALTH,984.8,2026-09-04,-5.5,-0.58,-8.56,2.11,-6.37,-14.97
ORIENTTECH,238.39,2026-09-04,-0.26,-2.42,-8.58,-9.62,-11.56,-13.68
MCLOUD,26.29,2026-09-04,-1.35,-11.12,-8.59,3.46,15.05,-66.14
HLVLTD,6.48,2026-09-04,-0.31,-0.77,-8.6,-18.8,-15.29,-45.41
ITDC,644.35,2026-09-04,0.65,-5.31,-8.61,9.37,34.35,17.23
ITC,264.1,2026-09-04,3.37,-2.08,-8.62,-5.78,-13.03,-33.4
CPEDU,191.97,2026-09-04,5.43,0.42,-8.63,4.35,6.18,
SULA,149.0,2026-09-04,1.22,3.09,-8.66,-4.16,-8.71,-39.75
URJA,9.18,2026-09-04,0.22,-0.65,-8.66,-16.09,5.64,-32.15
MBEL,270.15,2026-09-04,1.09,-0.94,-8.66,-4.81,-6.47,-34.25
EUREKAFORB,423.75,2026-09-04,-1.32,1.29,-8.67,-3.7,-4.63,-29.59
FAZE3Q,493.95,2026-09-04,1.32,0.22,-8.69,-9.69,8.22,19.56
GLOBE,1.89,2026-09-04,-2.07,-5.5,-8.7,-17.83,-24.4,-18.18
PRITIKAUTO,16.27,2026-09-04,-4.63,-7.66,-8.7,20.25,35.47,-7.24
BHARATSE,211.69,2026-09-04,-5.6,-6.42,-8.7,13.35,22.0,30.51
21STCENMGM,38.13,2026-09-04,-5.48,-13.28,-8.71,17.14,9.22,-28.56
AGSTRA,1.99,2026-09-04,0.0,1.02,-8.72,-26.3,-38.01,-62.87
VHLTD,118.21,2026-09-04,2.09,0.92,-8.72,-14.97,-17.65,2.06
MWL,38.56,2026-09-04,1.69,-5.47,-8.73,1.64,48.98,108.1
LAXMIDENTL,199.14,2026-09-04,1.86,2.13,-8.75,-12.98,8.06,-40.12
WCIL,83.38,2026-09-04,-0.75,-3.38,-8.76,-11.3,-20.25,-34.72
GALLANTT,574.0,2026-09-04,1.19,-1.08,-8.77,-11.43,6.33,-6.13
HAPPSTMNDS,354.0,2026-09-04,-13.01,-18.85,-8.79,-2.14,4.66,-36.9
EVERESTIND,423.9,2026-09-04,-1.74,0.83,-8.8,16.09,8.87,-36.06
OLECTRA,1229.0,2026-09-04,-3.74,-5.29,-8.81,-6.99,35.61,-20.07
DPWIRES,154.62,2026-09-04,-1.95,-2.36,-8.81,-14.28,11.71,-37.79
NOIDATOLL,4.14,2026-09-04,-1.66,0.49,-8.81,-20.84,16.29,-15.16
MAHLIFE,362.4,2026-09-04,-0.89,-4.42,-8.84,8.75,3.4,2.65
COCKERILL,8193.5,2026-09-04,0.23,1.81,-8.85,-12.05,,
HEMIPROP,126.55,2026-09-04,-1.69,-1.82,-8.88,-8.37,-8.15,-24.09
ACL,43.36,2026-09-04,-0.82,-3.24,-8.89,-19.3,-17.52,-56.54
SHAKTIPUMP,473.0,2026-09-04,-2.75,-4.23,-8.93,-10.95,-2.4,-41.95
LLOYDSENGG,84.21,2026-09-04,-2.58,-3.4,-8.93,18.08,92.09,32.73
ASIANPAINT,2527.3,2026-09-04,-4.76,-4.3,-8.93,-4.22,11.55,-0.6
EASEMYTRIP,6.0,2026-09-04,-1.64,-1.8,-8.95,-9.77,-22.38,-29.66
RAIN,215.72,2026-09-04,10.43,0.95,-8.96,10.86,59.93,60.12
DATAMATICS,764.9,2026-09-04,-2.18,-5.82,-8.98,-4.46,8.77,-24.34
RPPINFRA,54.14,2026-09-04,-2.66,-6.3,-8.99,-12.38,-22.1,-64.11
VASA,4.05,2026-09-03,-4.71,-4.71,-8.99,-12.9,-14.74,-11.96
CCCL,14.27,2026-09-04,-1.86,-5.56,-8.99,-2.73,-8.41,-21.12
ADVENTHTL,134.57,2026-09-04,-3.15,2.73,-8.99,0.44,-26.94,
VASCONEQ,30.47,2026-09-04,0.3,-2.5,-8.99,-5.43,-12.44,-42.23
SHK,150.87,2026-09-04,-0.39,-2.41,-8.99,20.47,10.01,-43.11
COLPAL,1829.2,2026-09-04,-3.6,-2.65,-9.0,-8.74,-15.25,-24.09
OPTIEMUS,569.3,2026-09-04,-0.84,-2.8,-9.01,25.31,50.39,-5.96
SERVOTECH,79.62,2026-09-04,-0.21,-3.21,-9.02,-28.3,18.39,-35.57
BCONCEPTS,167.33,2026-09-04,1.62,4.39,-9.02,-9.09,-25.81,-39.12
MHRIL,207.4,2026-09-04,-1.07,-6.18,-9.03,-4.46,-26.36,-42.42
RHIM,371.35,2026-09-04,-0.07,-0.87,-9.06,-7.43,-7.07,-20.84
LEXUS,13.53,2026-09-04,-2.31,-1.96,-9.07,-18.98,-64.11,-54.26
LCCINFOTEC,3.81,2026-09-04,7.32,7.93,-9.07,-10.77,-14.0,-15.14
PANACEABIO,381.25,2026-09-04,-1.51,-6.14,-9.1,-26.72,18.99,-6.43
ADVENZYMES,293.2,2026-09-04,-0.31,-3.03,-9.13,-21.79,3.43,-13.91
RANEHOLDIN,1651.1,2026-09-04,5.38,2.34,-9.13,16.1,46.65,13.39
ARCHIES,12.9,2026-09-04,-1.68,-4.09,-9.15,-10.1,-11.03,-30.42
MCLEODRUSS,46.3,2026-09-04,-6.56,-7.23,-9.16,-36.01,19.76,23.8
DBREALTY,102.57,2026-09-04,-1.16,-2.94,-9.17,-12.17,0.34,-41.56
SAREGAMA,492.75,2026-09-04,2.68,-3.39,-9.18,8.87,55.61,1.47
SHRIRAMPPS,76.9,2026-09-04,-0.17,0.09,-9.18,-13.08,1.98,-14.31
DISHTV,2.57,2026-09-04,-6.2,-6.88,-9.19,-18.15,-2.28,-46.57
RUSTOMJEE,373.95,2026-09-04,-1.32,-1.35,-9.19,-4.69,-6.59,-39.2
NLCINDIA,273.05,2026-09-04,2.11,-0.02,-9.2,-19.36,9.55,20.65
MTEDUCARE,1.77,2026-09-04,-0.56,-3.28,-9.23,4.12,25.53,-15.71
VEEKAYEM,114.35,2026-09-03,11.02,14.81,-9.25,-15.92,-22.74,-63.11
RAMASTEEL,4.02,2026-09-04,-7.16,-1.71,-9.26,-24.01,-39.64,-61.08
MUTHOOTMF,205.29,2026-09-04,0.71,-2.86,-9.28,13.45,29.67,21.89
CUMMINSIND,5035.0,2026-09-04,-1.37,-2.99,-9.28,-12.28,10.73,29.58
WTICAB,107.0,2026-09-03,-0.14,-1.7,-9.28,9.8,-6.14,-40.9
SURANAT&P,16.57,2026-09-04,1.28,2.09,-9.3,-9.01,-2.36,-20.34
PARKHOTELS,112.18,2026-09-04,-0.27,-4.1,-9.31,-2.9,-4.54,-27.42
BOROSCI,132.16,2026-09-04,7.53,4.65,-9.32,-13.4,28.01,-8.33
SRM,462.35,2026-09-04,2.34,-0.37,-9.32,-5.67,13.87,-3.58
CMICABLES,2.53,2026-09-03,0.0,0.0,-9.32,-21.43,-39.9,-25.59
WEALTH,841.7,2026-09-04,-1.12,-0.96,-9.35,-10.85,-10.97,-27.89
GTLINFRA,1.16,2026-09-04,-0.85,-4.92,-9.38,-26.11,6.42,-22.15
HPL,304.15,2026-09-04,0.35,-3.24,-9.38,-15.61,-2.01,-34.89
THERMAX,3637.6,2026-09-04,-6.77,-8.7,-9.4,-25.09,21.12,9.29
ONELIFECAP,32.18,2026-09-04,-0.65,-4.65,-9.4,20.93,111.29,163.77
JIOFIN,239.5,2026-09-04,-0.77,-1.03,-9.41,1.83,-0.51,-22.42
NKIND,57.1,2026-09-04,-1.72,-7.92,-9.41,-10.38,-12.02,-14.76
RILINFRA,35.1,2026-09-03,-3.04,-3.7,-9.42,-4.1,3.85,-2.23
IZMO,902.45,2026-09-04,8.34,7.27,-9.43,2.62,34.52,26.37
CEREBRAINT,2.69,2026-09-04,7.6,-4.61,-9.43,-21.8,-44.31,-63.25
KRITIKA,5.37,2026-09-04,-0.19,-2.01,-9.44,-11.24,-1.47,-43.83
A2ZINFRA,15.61,2026-09-04,-6.81,-2.86,-9.45,2.63,-3.58,-26.19
JUBLINGREA,680.3,2026-09-04,0.8,-3.94,-9.46,9.76,22.79,-6.38
MIRZAINT,30.96,2026-09-04,-2.15,-1.28,-9.47,2.99,-3.76,-9.84
LEMERITE,20.93,2026-09-04,-1.46,-6.81,-9.47,-32.51,-76.54,-71.18
NATCOPHARM,828.65,2026-09-04,-1.53,-6.27,-9.48,-9.65,-12.91,-2.64
MARUTI,12694.0,2026-09-04,-6.3,-6.8,-9.5,-1.86,-9.44,-12.55
BGRENERGY,246.26,2026-09-04,0.91,5.65,-9.51,-27.32,-16.3,23.2
RCF,114.92,2026-09-04,1.23,-3.45,-9.52,-8.94,-0.89,-27.27
KOTHARIPET,130.56,2026-09-04,-0.4,-2.75,-9.52,10.35,24.24,-22.04
BHARATWIRE,181.32,2026-09-04,-0.21,-2.9,-9.52,-15.55,8.86,3.26
WEWORK,666.95,2026-09-04,-2.59,-0.77,-9.55,5.77,43.58,
POLYCAB,8300.0,2026-09-04,-12.12,-8.33,-9.55,-14.18,0.67,14.92
SHANTI,6.25,2026-09-04,-5.16,-1.26,-9.55,-2.5,-6.58,-36.55
QUICKHEAL,140.94,2026-09-04,2.88,0.38,-9.55,-22.4,-10.5,-53.02
MADHUCON,4.63,2026-09-04,-6.84,-10.1,-9.57,-8.68,4.99,-26.04
TVSHLTD,13374.0,2026-09-04,1.07,-2.43,-9.57,-0.76,-4.38,10.17
TAJGVK,332.55,2026-09-04,-0.33,-5.32,-9.57,-1.72,0.49,-23.26
SEPC,5.38,2026-09-04,-1.1,-7.56,-9.58,-22.48,-24.12,-53.82
ZOTA,1132.4,2026-09-04,7.46,3.46,-9.59,-4.56,-6.34,-14.55
AVANTIFEED,798.6,2026-09-04,-3.16,-6.43,-9.6,-28.3,-32.96,23.36
JKLAKSHMI,515.7,2026-09-04,-2.86,-7.06,-9.61,-12.97,-20.25,-44.17
IRCON,119.25,2026-09-04,-0.1,-3.13,-9.61,-12.25,-8.69,-27.48
ADSL,104.13,2026-09-04,-1.01,-1.82,-9.63,-11.98,-2.8,-36.35
SWSOLAR,186.23,2026-09-04,-1.64,-2.73,-9.64,-7.13,2.52,-29.47
MPTODAY,41.55,2026-09-03,-4.92,-4.92,-9.67,-9.18,-8.08,-12.8
GANGAFORGE,1.68,2026-09-04,-0.59,-13.85,-9.68,-26.32,-39.57,-57.58
TIRUPATI,324.0,2026-09-03,-0.31,-0.31,-9.71,-33.2,-34.97,-39.78
SOUTHWEST,212.92,2026-09-04,3.9,-2.33,-9.73,-19.42,18.92,42.65
BAWEJA,25.95,2026-09-03,8.81,10.19,-9.74,-12.63,-15.61,-51.04
TIMETECHNO,188.49,2026-09-04,0.69,1.86,-9.74,9.73,8.75,-20.37
PARSVNATH,1.57,2026-09-04,6.8,14.6,-9.77,-57.8,-77.41,-89.51
SALZERELEC,549.7,2026-09-04,0.6,-3.03,-9.78,-12.42,-8.48,-32.0
ONIDA,34.64,2026-09-04,-4.31,-6.56,-9.79,-16.21,25.23,21.42
BIGBLOC,41.92,2026-09-04,1.38,-2.24,-9.81,-16.73,-16.87,-27.22
ZENSARTECH,461.55,2026-09-04,0.26,-3.22,-9.82,-1.83,-14.73,-39.15
BIKAJI,584.2,2026-09-04,-6.63,-3.11,-9.83,-9.33,-7.15,-26.96
IGIL,323.5,2026-09-04,-5.12,-5.03,-9.99,-9.96,0.75,-4.02
MEDIORG,25.65,2026-09-03,0.0,10.8,-10.0,10.8,12.5,-30.68
ICEMAKE,738.6,2026-09-04,-1.43,1.73,-10.02,-3.83,-10.46,0.52
DHANLAXMI,24.25,2026-09-03,-3.0,-12.77,-10.02,-19.17,-5.09,-43.8
ARKADE,125.22,2026-09-04,1.52,-5.01,-10.03,10.6,12.73,-30.5
POCL,477.8,2026-09-04,-3.59,-5.39,-10.05,-8.47,11.51,5.13
JSLL,516.3,2026-09-04,1.03,0.98,-10.08,-20.8,-15.31,-33.65
K2INFRA,48.95,2026-09-03,0.41,-2.88,-10.1,2.94,4.15,-19.09
RICOAUTO,130.46,2026-09-04,1.08,3.02,-10.11,-0.27,12.12,31.43
UBL,1279.4,2026-09-04,-2.22,-5.0,-10.15,-4.6,-20.94,-29.85
JITFINFRA,304.5,2026-09-04,-2.2,-3.75,-10.16,-1.31,-10.66,-10.12
NAHARSPING,289.8,2026-09-04,0.46,-2.74,-10.17,4.23,53.3,34.36
GRAPHISAD,25.6,2026-09-03,-5.54,-2.48,-10.18,-14.81,-16.07,-28.09
SWANCORP,281.5,2026-09-04,-4.02,-7.02,-10.18,-10.92,-21.91,-36.79
NITCO,96.1,2026-09-04,2.24,-0.19,-10.24,3.46,39.54,-18.29
EVEREADY,317.9,2026-09-04,-3.61,-9.3,-10.25,-6.31,-1.25,-31.58
FIEMIND,2085.8,2026-09-04,2.44,-3.62,-10.27,-9.08,-0.44,-2.47
ROSSARI,460.25,2026-09-04,-5.13,-7.83,-10.27,-12.53,-3.04,-26.62
LATENTVIEW,267.25,2026-09-04,-0.95,-4.04,-10.33,-12.69,-15.27,-37.71
SAMHI,153.99,2026-09-04,-1.52,-3.5,-10.34,-7.94,0.98,-29.1
SCODATUBES,135.02,2026-09-04,5.17,3.84,-10.38,9.89,7.86,-24.77
PRECISION,6.45,2026-09-03,-4.44,-15.13,-10.42,-19.88,-31.75,-71.59
METROBRAND,929.15,2026-09-04,1.37,2.45,-10.43,-9.67,-6.11,-23.79
PRITI,33.89,2026-09-04,1.92,0.77,-10.44,-18.63,-18.42,-54.6
PEARLPOLY,15.08,2026-09-04,-2.65,-6.74,-10.45,-21.82,-15.19,-51.53
BSOFT,289.35,2026-09-04,-0.65,-3.23,-10.47,-9.68,-23.44,-20.95
JKTYRE,367.35,2026-09-04,-3.04,-3.99,-10.49,-3.76,-15.61,7.69
HUDCO,180.52,2026-09-04,-0.84,-3.74,-10.55,-10.53,4.69,-12.61
VASWANI,47.01,2026-09-04,-3.88,2.44,-10.56,-20.66,-11.85,-21.83
PGHH,7667.5,2026-09-04,-3.18,-4.95,-10.58,-18.25,-31.18,-41.94
LIBERTSHOE,233.27,2026-09-04,-3.63,-4.32,-10.59,-3.57,3.73,-31.35
TMPV,311.5,2026-09-04,0.86,-0.92,-10.63,-21.42,-10.57,-54.32
SEJALLTD,657.5,2026-09-04,-7.0,-4.18,-10.66,-11.33,26.04,27.3
PANSARI,300.05,2026-09-04,-0.92,-8.51,-10.69,10.21,4.53,9.07
PIGL,98.78,2026-09-04,-1.38,-3.54,-10.7,-2.84,-5.87,-36.57
BORORENEW,499.15,2026-09-04,-0.69,-6.97,-10.71,-4.77,14.8,-10.9
NGLFINE,2907.5,2026-09-04,9.74,1.51,-10.71,12.69,24.52,97.25
HSCL,671.05,2026-09-04,1.8,1.34,-10.72,4.52,51.92,46.97
TPLPLASTEH,71.74,2026-09-04,0.34,-9.96,-10.74,4.71,14.99,-6.05
RACE,99.3,2026-09-04,-1.68,-2.11,-10.76,-10.48,-12.24,-58.85
EIHOTEL,291.9,2026-09-04,3.4,-2.64,-10.76,0.52,-6.06,-28.88
MOIL,252.3,2026-09-04,1.82,-1.21,-10.77,-14.79,-12.12,-25.35
RAYMONDLSL,663.65,2026-09-04,0.14,-7.46,-10.78,-10.74,-21.46,-46.43
TTKPRESTIG,562.75,2026-09-04,-3.61,-4.28,-10.79,4.45,16.18,-15.79
WALCHANNAG,208.61,2026-09-04,-2.93,-6.14,-10.8,-13.33,29.76,16.87
KCEIL,79.1,2026-09-03,-3.06,-4.18,-10.82,-14.95,-34.66,-68.4
UNIHEALTH,719.95,2026-09-03,-0.69,-2.59,-10.83,72.38,116.53,337.66
RAMKY,347.4,2026-09-04,-1.14,-8.65,-10.83,-20.0,-19.3,-38.37
JAINAM,214.0,2026-09-03,-8.55,-8.55,-10.83,-14.37,9.72,-22.34
SIGNPOST,244.25,2026-09-04,-4.12,-7.16,-10.86,-10.76,3.17,-8.55
BHARATFORG,1956.0,2026-09-04,-7.07,-4.16,-10.89,1.26,6.52,73.61
HAVELLS,1154.0,2026-09-04,-7.24,-9.03,-10.89,-1.06,-12.05,-26.59
ASTEC,554.45,2026-09-04,-1.11,-6.45,-10.9,-28.67,-13.36,-35.01
BTTL,41.53,2026-09-04,-3.62,-6.21,-10.9,16.72,,
HDIL,1.47,2026-09-04,-1.34,-1.34,-10.91,-23.04,-37.45,-52.88
ANDREWYU,27.93,2026-09-04,0.14,5.64,-10.91,-10.91,-10.91,-10.91
JLHL,286.45,2026-09-04,-3.1,-6.95,-10.92,8.9,11.01,-0.51
SURAJEST,178.25,2026-09-04,-6.68,-8.73,-10.94,-5.23,-14.28,-40.26
ACCURACY,4.31,2026-09-04,-2.71,-5.07,-10.95,-24.25,2.13,-37.9
STERTOOLS,221.31,2026-09-04,1.85,0.28,-10.95,2.21,8.95,-30.39
3IINFOLTD,22.37,2026-09-04,-2.82,-8.77,-10.95,30.74,67.44,-3.03
GODFRYPHLP,2051.0,2026-09-04,-2.56,-2.36,-10.95,-6.85,4.23,-39.94
SEMAC,277.25,2026-09-04,-1.67,-5.5,-11.05,-24.82,23.22,-47.62
UGROCAP,86.35,2026-09-04,-0.82,-2.13,-11.06,-7.72,-16.34,-51.58
ORIENTPPR,17.08,2026-09-04,1.3,-0.99,-11.09,-4.79,-4.63,-38.91
TOLINS,91.98,2026-09-04,-2.76,-4.73,-11.09,-5.89,-12.73,-40.27
GODREJIND,1163.5,2026-09-04,2.56,-1.77,-11.1,11.1,24.01,-2.76
NAMAN,40.0,2026-09-03,0.25,-4.99,-11.11,-13.42,-30.56,-53.76
CMLL,503.05,2026-09-04,-0.26,-5.82,-11.11,,,
INNOVISION,254.9,2026-09-04,-7.06,-2.49,-11.11,-10.59,,
MITTAL,0.8,2026-09-04,-2.44,-9.09,-11.11,-18.37,-12.09,-49.69
HARRMALAYA,192.72,2026-09-04,-2.12,-3.97,-11.12,-1.88,6.33,-10.51
DYNPRO,236.06,2026-09-04,3.76,3.29,-11.14,-7.52,6.46,-36.59
MASTER,426.0,2026-09-03,-2.07,-3.84,-11.14,26.4,39.47,14.61
LINDEINDIA,6346.0,2026-09-04,-0.62,-2.83,-11.17,-10.08,-4.57,-1.54
DELPHIFX,6.04,2026-09-04,-6.07,-6.93,-11.18,-38.87,-46.36,-54.27
PIIND,2465.0,2026-09-04,4.01,-0.4,-11.19,-8.63,-19.25,-33.77
LLOYDSME,1823.0,2026-09-04,1.58,-0.47,-11.2,2.74,56.47,40.51
JIWANRAM,4.35,2026-09-03,-3.33,-13.0,-11.22,-13.86,-12.12,-47.59
EPACKPEB,231.11,2026-09-04,4.24,0.72,-11.23,12.89,37.67,
DELTACORP,56.12,2026-09-04,-4.02,-4.69,-11.24,-14.43,-2.55,-35.17
GANECOS,999.9,2026-09-04,-2.13,-6.39,-11.26,9.82,31.82,-24.94
GLOSTERLTD,596.5,2026-09-04,1.12,-0.08,-11.27,-8.75,12.68,-7.09
EIEL,199.17,2026-09-04,1.14,1.98,-11.27,7.26,38.71,-19.43
SIYSIL,552.65,2026-09-04,-1.93,-6.08,-11.28,-10.33,8.67,-13.68
RUPA,144.49,2026-09-04,-2.14,-4.83,-11.29,-4.97,5.0,-25.66
HARIOMPIPE,359.2,2026-09-04,4.03,3.2,-11.3,-15.3,2.34,-26.87
ZAGGLE,180.77,2026-09-04,-2.02,-5.51,-11.32,-10.26,-16.17,-53.8
SHREECEM,23855.0,2026-09-04,2.82,-0.69,-11.32,-2.32,-5.67,-19.9
ARIHANTSUP,229.5,2026-09-04,-8.93,-9.47,-11.34,-13.49,-7.76,-41.36
FIBERWEB,25.75,2026-09-04,-2.28,-3.56,-11.36,-9.59,-34.78,-40.72
INDBANK,28.58,2026-09-04,-9.67,-10.99,-11.38,-12.76,-13.66,-15.72
NILAINFRA,6.67,2026-09-04,-1.04,-3.89,-11.42,-15.68,-11.3,-35.8
GABRIEL,1353.2,2026-09-04,-5.89,-0.42,-11.42,33.6,46.16,11.15
SPENCERS,28.5,2026-09-04,-4.23,-6.8,-11.49,-20.81,-9.41,-52.53
HILTON,18.63,2026-09-04,-3.62,-6.33,-11.5,-5.43,9.33,-65.72
PIONEEREMB,21.36,2026-09-04,-1.84,-2.91,-11.52,-8.8,-18.22,-41.45
BHARATGEAR,102.93,2026-09-04,1.41,1.13,-11.53,-8.54,4.33,14.41
HUHTAMAKI,255.0,2026-09-04,-3.0,-6.71,-11.55,54.83,52.45,9.94
KHFM,43.95,2026-09-03,-6.89,-2.98,-11.57,-22.96,-26.75,-43.07
SAGCEM,152.86,2026-09-04,-4.24,-7.54,-11.61,-14.18,-18.02,-48.06
AQYLON,22.46,2026-09-04,6.9,-15.31,-11.64,-62.24,-79.28,-97.89
HGINFRA,482.0,2026-09-04,-1.64,-4.87,-11.64,-12.57,-4.13,-51.29
CROMPTON,232.4,2026-09-04,-1.48,-5.53,-11.67,-12.66,-4.14,-28.26
NAHARPOLY,244.54,2026-09-04,0.93,0.48,-11.69,-0.88,9.36,-17.14
SKIL,0.83,2026-09-03,0.0,1.22,-11.7,-17.0,-22.43,-53.37
WANBURY,246.2,2026-09-04,-3.11,-7.88,-11.72,-4.63,0.53,-11.33
MOHITIND,23.78,2026-09-04,-1.25,2.68,-11.73,7.41,1.19,-22.77
KRIDHANINF,2.03,2026-09-04,1.5,-0.49,-11.74,-34.3,-15.06,-49.38
NDRAUTO,723.45,2026-09-04,-1.65,-2.68,-11.76,-9.94,3.05,-30.17
HIMATSEIDE,71.51,2026-09-04,2.89,-2.38,-11.77,-6.71,-23.03,-40.66
RVHL,39.84,2026-09-04,3.43,-0.2,-11.78,4.32,9.75,-11.68
UNIINFO,11.0,2026-09-04,-1.61,-2.74,-11.79,-4.18,-14.33,-42.04
MINDTECK,168.81,2026-09-04,-2.62,-0.16,-11.8,-21.53,-12.08,-18.47
PRIMO,21.27,2026-09-04,0.71,1.67,-11.82,-3.19,17.58,-16.09
KEI,4850.0,2026-09-04,-15.51,-11.72,-11.82,-8.42,-2.59,17.69
POWERMECH,2306.1,2026-09-04,-8.53,-8.27,-11.84,-12.2,17.44,-25.37
GAUDIUMIVF,116.43,2026-09-04,-8.9,2.46,-11.84,7.86,44.13,
HITECH,75.77,2026-09-04,-4.03,-6.13,-11.84,-15.54,-7.22,-17.05
AGNI,15.25,2026-09-03,-1.61,3.74,-11.85,-17.34,-15.04,-61.92
DEVIT,24.21,2026-09-04,-1.55,-4.8,-11.87,-15.2,-11.67,-46.34
VOLTAS,1170.0,2026-09-04,-2.04,-5.8,-11.88,-8.77,-18.43,-16.32
IDEAFORGE,777.05,2026-09-04,-2.29,-2.44,-11.93,-13.66,71.31,57.63
BLUESTARCO,1484.0,2026-09-04,1.38,-1.33,-11.93,-7.24,-19.11,-23.29
PGHL,5660.0,2026-09-04,-1.87,-2.88,-12.0,-8.01,17.4,-9.07
SOLARWORLD,149.32,2026-09-04,1.81,-0.54,-12.02,-23.27,-17.32,
DCMSIL,68.76,2026-09-04,-2.61,-11.14,-12.03,11.13,1.88,
KITEX,128.85,2026-09-04,1.28,1.33,-12.04,-21.51,-20.4,-28.06
ZEELEARN,7.09,2026-09-04,-6.96,-9.68,-12.14,-7.2,26.83,-21.05
SALASAR,5.2,2026-09-04,-12.01,-11.41,-12.16,-24.96,-29.73,-34.18
RESPONIND,154.9,2026-09-04,3.92,0.15,-12.18,-17.61,-9.05,-19.64
IMFA,1288.4,2026-09-04,-2.22,-7.35,-12.19,-15.68,10.68,43.95
PRLIND,38.85,2026-09-03,-7.72,-9.65,-12.2,-20.23,-30.0,-52.97
POKARNA,817.15,2026-09-04,-4.41,-6.65,-12.22,-2.79,-6.42,5.18
GOODYEAR,741.5,2026-09-04,-0.25,-1.94,-12.23,4.58,-39.96,-39.96
KRITI,61.6,2026-09-04,2.02,-5.39,-12.25,-15.69,-19.89,-53.68
ARENTERP,34.65,2026-09-04,-6.28,-5.22,-12.26,-7.67,-9.27,-29.29
MAXIND,150.66,2026-09-04,-0.09,-2.4,-12.31,-4.74,1.21,-31.76
RATEGAIN,851.15,2026-09-04,-9.23,-11.53,-12.32,10.4,78.08,40.33
CHEMPLASTS,170.29,2026-09-04,-3.53,-4.98,-12.41,-17.36,-23.8,-59.98
RUSHIL,16.01,2026-09-04,-2.38,-5.6,-12.42,8.76,-5.77,-38.64
DRL,9.5,2026-09-03,0.0,0.0,-12.44,,,
DHRUV,22.32,2026-09-04,-5.02,-3.96,-12.44,-19.01,-28.32,-61.83
LUPIN,2110.0,2026-09-04,-3.58,-3.56,-12.45,-5.53,-7.79,9.6
SHAH,3.51,2026-09-04,-2.77,-12.03,-12.47,-27.78,-26.11,-2.23
ESSENTIA,1.05,2026-09-04,1.94,-11.02,-12.5,-36.75,-13.93,-44.74
FELDVR,2.17,2026-09-04,-2.69,-7.26,-12.5,-20.51,-22.5,-38.0
BANKA,79.0,2026-09-04,0.55,-3.54,-12.53,-14.59,44.85,-7.06
TIPSFILMS,331.0,2026-09-04,-1.36,-4.39,-12.55,-10.84,-4.51,-25.44
STANLEY,135.48,2026-09-04,-0.8,-0.4,-12.62,-3.91,-13.06,-54.73
NAVKARURB,0.9,2026-09-04,-1.1,-6.25,-12.62,-6.25,-21.74,-63.93
TSFINV,404.7,2026-09-04,0.87,-2.01,-12.63,2.17,8.42,-15.45
AFFORDABLE,157.47,2026-09-04,-2.27,-5.05,-12.66,-10.87,-12.53,-41.88
MIDWESTLTD,1062.1,2026-09-04,-3.16,-7.85,-12.71,-15.11,-8.68,
ASPIRE,13.05,2026-09-03,-3.33,-6.12,-12.71,-12.71,0.38,-43.99
KLL,24.65,2026-09-03,13.33,7.64,-12.74,-34.96,-36.79,-66.3
AVPINFRA,58.4,2026-09-03,0.0,-6.56,-12.77,-18.95,-36.31,-66.93
HIGREEN,122.55,2026-09-03,-3.84,-4.85,-12.78,0.62,-3.62,-43.58
KEC,408.55,2026-09-04,-1.91,-5.29,-12.82,-18.38,-23.85,-52.01
SHILCTECH,4065.3,2026-09-04,0.55,3.67,-12.83,-1.37,9.64,
PRECOT,698.05,2026-09-04,-0.92,4.16,-12.85,-8.37,68.44,50.82
CMSINFO,243.46,2026-09-04,-0.06,-2.15,-12.86,-20.2,-19.09,-40.87
NIBL,30.8,2026-09-04,-0.23,-1.63,-12.87,2.16,-0.23,14.58
BHARATRAS,1171.8,2026-09-04,-6.11,-8.67,-12.9,-18.05,-17.23,-53.88
DBEIL,6.43,2026-09-04,-0.31,-1.08,-12.99,-21.24,-11.99,-52.48
RECLTD,318.7,2026-09-04,-1.42,-2.81,-13.01,-3.4,-0.55,-8.03
VGL,53.31,2026-09-04,-9.83,-2.34,-13.08,-19.31,-14.14,-40.47
SAKSOFT,154.58,2026-09-04,-0.5,-4.66,-13.08,9.1,17.41,-25.97
LGHL,175.42,2026-09-04,-2.25,-1.56,-13.08,-24.75,-37.07,-44.21
TARAPUR,13.03,2026-09-04,-2.76,-16.21,-13.08,-30.91,-46.11,-43.98
OMFURN,56.5,2026-09-03,-4.96,-4.96,-13.08,0.27,8.65,-57.15
TRU,4.05,2026-09-04,0.0,-2.17,-13.09,-26.36,-35.61,-68.75
COASTCORP,41.88,2026-09-04,2.25,1.33,-13.12,-13.78,1.47,33.18
ABFRL,52.97,2026-09-04,1.67,-1.82,-13.16,-13.21,-17.35,-36.09
SILVERTUC,167.97,2026-09-04,-2.5,-6.75,-13.17,-2.91,28.02,-76.25
LAGNAM,74.8,2026-09-04,-2.07,-1.53,-13.17,-5.18,9.07,-8.85
GRETEX,247.5,2026-09-03,-9.01,-17.5,-13.19,5.32,-8.33,14.58
WAAREEINDO,272.0,2026-09-04,1.23,-2.44,-13.2,-34.31,-16.18,-37.86
ECOSMOBLTY,113.54,2026-09-04,-0.52,2.14,-13.2,-8.02,-15.62,-57.64
HCL-INSYS,10.1,2026-09-04,-5.96,-7.08,-13.23,-22.84,-17.48,-35.83
PRECAM,124.02,2026-09-04,-1.15,-5.14,-13.24,-16.37,-1.25,-30.34
RPSGVENT,831.4,2026-09-04,-2.0,-3.7,-13.38,-10.48,27.09,-6.09
JTEKTINDIA,121.27,2026-09-04,-2.73,-4.16,-13.39,-1.37,-5.77,-15.0
JYOTISTRUC,10.02,2026-09-04,0.1,-6.09,-13.4,-26.91,-10.85,-38.07
TRANSRAILL,429.3,2026-09-04,-1.96,-9.11,-13.41,-13.5,-15.37,-42.66
EMAMIREAL,66.74,2026-09-04,-3.9,-4.77,-13.44,-22.28,6.44,-41.81
CPL,62.11,2026-09-04,-3.69,-4.43,-13.45,,,
FINOPB,139.33,2026-09-04,-0.04,-5.8,-13.48,8.52,-24.0,-48.81
GLOBALVECT,141.16,2026-09-04,-0.95,-5.33,-13.53,-12.24,-10.29,-32.84
SYMPHONY,580.35,2026-09-04,-1.04,-2.91,-13.54,-15.24,-23.54,-37.7
JPPOWER,16.29,2026-09-04,-0.97,-4.74,-13.54,-14.44,16.77,-10.35
QUINTEGRA,1.21,2026-09-03,0.0,-4.72,-13.57,-14.18,1.68,-33.88
AWHCL,370.8,2026-09-04,-3.26,-2.7,-13.57,-16.65,-23.29,-35.63
SATIPOLY,37.05,2026-09-03,-7.26,-12.82,-13.64,10.6,-22.0,-51.09
URBAN,119.85,2026-09-03,-0.42,-17.34,-13.65,-11.16,-6.59,-23.17
ORCHASP,1.39,2026-09-04,1.46,7.75,-13.66,-31.19,-45.7,-48.13
MORARJEE,9.7,2026-09-03,0.0,-4.72,-13.7,38.57,50.15,10.86
GOLDTECH,47.04,2026-09-04,-2.59,-6.26,-13.7,9.12,19.79,-30.55
DRONE,34.0,2026-09-03,-1.31,-3.0,-13.71,-15.63,-28.27,-62.64
ABAN,14.99,2026-09-04,1.08,-8.49,-13.8,-7.18,-25.9,-66.66
OMNI,526.0,2026-09-04,-2.68,-11.46,-13.84,3.53,,
RELINFRA,57.02,2026-09-04,-3.99,-9.1,-13.85,-26.78,-34.19,-80.16
GEMAROMA,161.5,2026-09-04,-4.02,-7.01,-13.96,9.03,-19.92,-40.27
HECPROJECT,117.78,2026-09-04,-1.5,2.41,-13.96,-1.26,-0.78,-23.01
SAHAJSOLAR,99.4,2026-09-03,-0.55,-3.68,-14.01,-29.68,-13.34,-62.45
GVKPIL,2.08,2026-09-04,0.0,-5.45,-14.05,-29.97,-22.68,-38.46
THOMASCOTT,262.75,2026-09-04,-3.19,-7.35,-14.05,0.0,-5.84,-22.16
EXCELSOFT,70.23,2026-09-04,0.43,0.14,-14.06,-20.0,-10.76,
JAINREC,277.95,2026-09-04,0.42,-5.56,-14.07,-22.3,-31.03,
TRANSWIND,11.3,2026-09-03,0.0,-0.44,-14.07,-18.41,-48.4,-28.03
SUBROS,709.6,2026-09-04,-1.1,-2.7,-14.14,-2.29,-1.89,-21.75
DBL,401.0,2026-09-04,-0.98,-3.28,-14.18,-6.17,-5.32,-14.01
ASCOM,221.95,2026-09-03,0.0,0.0,-14.22,-10.79,2.12,146.61
SUYOG,731.2,2026-09-04,-1.29,-2.03,-14.23,-5.03,9.52,-8.38
DEEPAKFERT,1362.1,2026-09-04,-3.19,-7.09,-14.24,-3.46,45.5,-4.99
BOHRAIND,12.7,2026-09-04,2.83,-12.77,-14.25,-24.22,-30.9,-47.28
OSWALPUMPS,279.2,2026-09-04,-4.48,-5.91,-14.28,-29.91,-6.36,-65.3
SANWARIA,0.18,2026-09-04,-5.26,-5.26,-14.29,-21.74,-14.29,-51.35
AGARIND,450.8,2026-09-04,-1.62,-7.2,-14.3,-10.42,-10.71,-43.72
AMNPLST,172.89,2026-09-04,-4.63,-8.48,-14.31,-14.61,15.24,-20.68
MODINATUR,340.95,2026-09-04,-0.8,-3.62,-14.33,-24.87,19.07,
ADANIENSOL,1409.6,2026-09-04,-0.55,-9.36,-14.36,-7.26,46.76,85.88
GVPIL,649.6,2026-09-04,3.54,-0.14,-14.37,-27.74,49.98,81.46
GGBL,221.85,2026-09-03,-2.18,-7.93,-14.41,-31.62,-15.26,-46.34
PFC,355.6,2026-09-04,5.74,-1.25,-14.42,-14.52,-7.78,-4.35
ISHANCH,44.29,2026-09-04,1.54,-6.3,-14.42,-27.19,-23.19,-27.9
RTNINDIA,27.82,2026-09-04,-7.39,-7.45,-14.48,-28.37,8.29,-52.79
SPECTSTM,56.0,2026-09-03,-6.67,-10.4,-14.5,-20.0,-20.0,-50.88
DBSTOCKBRO,28.63,2026-09-04,-1.34,-1.95,-14.54,-14.87,14.11,11.27
PNC,16.72,2026-09-04,-3.41,-9.38,-14.65,-15.68,-29.54,-52.3
MAPMYINDIA,972.2,2026-09-04,-4.07,1.09,-14.7,17.22,-3.34,-40.83
CENTEXT,20.19,2026-09-04,-9.09,-9.62,-14.7,3.38,16.91,-6.96
SHRENIK,0.29,2026-09-04,-3.33,3.57,-14.71,-21.62,-27.5,-43.14
MAXPOSURE,29.0,2026-09-03,-7.64,-4.92,-14.71,-15.45,-15.94,-49.61
ESSARSHPNG,17.09,2026-09-04,3.08,0.65,-14.72,-26.97,-27.43,-31.12
PARASPETRO,2.14,2026-09-04,-2.28,-3.6,-14.74,9.18,3.38,-10.46
KDL,90.5,2026-09-03,-0.82,-6.94,-14.82,-22.55,-28.77,-65.36
FDC,342.8,2026-09-04,1.66,-0.44,-14.86,-14.42,-7.71,-24.59
BESTAGRO,19.29,2026-09-04,12.41,8.92,-14.87,19.29,31.31,-28.09
TANLA,521.15,2026-09-04,-1.7,-7.66,-14.91,0.66,20.68,-17.86
BEWLTD,49.3,2026-09-03,-1.4,-3.9,-14.93,-22.85,-48.67,-67.82
DSSL,1053.1,2026-09-04,1.13,-2.5,-14.94,-22.33,21.52,8.26
INDOFARM,134.03,2026-09-04,-1.92,-4.09,-14.98,-1.54,2.49,-44.87
IXIGO,166.75,2026-09-04,2.29,-0.55,-14.99,9.05,0.54,-41.6
ALPINETEX,57.76,2026-09-04,7.72,0.75,-15.11,,,
MHHL,31.4,2026-09-03,-0.32,-5.14,-15.14,-15.14,-18.86,-39.67
JAMNAAUTO,120.69,2026-09-04,-0.58,1.57,-15.17,-1.81,-12.03,16.01
TIRUMALCHM,157.19,2026-09-04,-1.79,-2.59,-15.2,-12.09,-12.15,-49.05
RELAXO,344.75,2026-09-04,-3.66,-8.69,-15.21,2.24,5.65,-30.81
INSPIRE,8.05,2026-09-03,-1.23,-1.23,-15.26,-22.97,-26.82,-64.14
NARMADA,13.51,2026-09-04,-2.31,-6.83,-15.3,-26.15,-14.09,18.09
FCONSUMER,0.22,2026-09-03,0.0,-4.35,-15.38,-31.25,-37.14,-50.0
ASTRAZEN,6944.0,2026-09-04,-0.11,-3.98,-15.43,-18.08,-19.84,-23.46
DIL,0.65,2026-09-03,0.0,-4.41,-15.58,-34.34,-50.0,-65.24
TICL,8.12,2026-09-04,-6.13,-14.62,-15.59,-63.41,-67.78,-66.65
VIKRAN,60.77,2026-09-04,3.42,-0.6,-15.63,-14.51,-3.71,-33.84
KRISHNADEF,1013.2,2026-09-04,0.84,-0.51,-15.68,-14.73,-8.47,37.12
PACEDIGITK,167.59,2026-09-04,-2.36,-7.27,-15.7,-11.03,4.42,
VISHAL,18.67,2026-09-04,-3.11,-0.64,-15.71,-15.71,-15.71,-15.71
RTNPOWER,7.36,2026-09-04,-1.87,-6.36,-15.79,-24.12,-5.15,-39.27
SFL,646.8,2026-09-04,0.79,-1.42,-15.79,3.94,20.59,-9.68
TVSELECT,420.85,2026-09-04,-1.75,-4.16,-15.91,-12.71,20.0,2.37
ORIANA,1239.7,2026-09-03,0.14,-3.84,-15.91,-26.24,-30.99,-48.63
OSIAHYPER,2.47,2026-09-04,0.41,-9.52,-15.99,-30.03,-69.2,-88.38
LLOYDS,57.5,2026-09-03,-4.17,-5.74,-16.06,-38.27,12.75,-37.94
FIRSTCRY,180.16,2026-09-04,-1.23,-7.02,-16.1,-18.0,-17.27,-48.85
TAC,437.25,2026-09-03,4.94,5.4,-16.14,15.58,11.27,-60.1
ZENITHDRUG,39.85,2026-09-03,-5.34,-3.28,-16.28,-0.62,-18.67,-43.56
PYRAMID,153.83,2026-09-04,-2.93,-6.0,-16.35,-4.47,4.59,-9.05
CRIZAC,160.29,2026-09-04,-3.12,-7.57,-16.4,-25.4,-30.27,-54.89
MADHAVBAUG,160.3,2026-09-03,-5.15,-6.53,-16.47,-16.05,-25.86,-46.97
AMAGI,563.3,2026-09-04,-0.74,-3.84,-16.51,33.04,48.8,
GODREJCP,878.0,2026-09-04,-2.59,-5.48,-16.57,-11.31,-22.0,-28.13
ATULAUTO,465.15,2026-09-04,-4.43,-4.17,-16.61,-1.15,2.48,-8.63
SRGHFL,245.45,2026-09-04,-5.36,-4.12,-16.64,-13.54,-6.01,-18.13
IVALUE,230.26,2026-09-04,-7.04,-18.97,-16.69,-1.59,1.68,
HINDWAREAP,182.61,2026-09-04,-2.34,-7.18,-16.82,-18.48,-12.8,-43.68
DEEM,40.3,2026-09-03,2.15,-1.23,-16.91,-19.4,8.04,-31.69
EUROPRATIK,263.75,2026-09-04,0.02,-1.36,-17.01,3.27,11.05,
STYRENIX,2043.2,2026-09-04,2.05,-1.6,-17.05,-6.64,10.17,-22.18
ARIHANT,953.15,2026-09-04,5.0,-4.65,-17.09,15.67,2303.91,2303.91
FAIRCHEMOR,660.25,2026-09-04,-2.19,-1.46,-17.13,9.69,17.44,-16.54
TARACHAND,48.78,2026-09-04,1.88,0.52,-17.15,-15.08,-16.64,-29.65
NAGAFERT,2.05,2026-09-03,0.0,-4.65,-17.67,-44.59,-50.96,-62.32
INM,148.0,2026-09-03,-5.13,-9.78,-17.78,-6.33,-17.34,-74.53
ANUP,1785.8,2026-09-04,-0.43,-0.21,-17.91,-5.95,20.61,-22.72
EPACK,189.27,2026-09-04,1.02,-5.97,-18.11,-14.95,-20.22,-51.34
NIMBSPROJ,147.84,2026-09-04,-14.11,-15.25,-18.17,-29.68,,
ASTRON,3.06,2026-09-04,-1.29,1.32,-18.18,-23.5,-22.53,-82.56
SONATSOFTW,285.25,2026-09-04,-2.33,-7.01,-18.26,9.61,13.54,-18.73
PRAMARA,103.25,2026-09-03,-7.69,-15.16,-18.35,-24.22,-71.09,-60.4
VR,102.0,2026-09-03,-9.73,-21.54,-18.4,-22.67,-25.57,-52.78
AVG,166.04,2026-09-04,-5.26,-11.67,-18.5,8.41,17.96,-26.32
VAIBHAVGBL,218.74,2026-09-04,-0.16,-0.35,-18.5,-4.75,2.79,1.84
PROTEAN,496.3,2026-09-04,-4.71,-8.93,-18.69,-19.4,-8.45,-43.78
MEDICO,39.87,2026-09-04,-5.86,-5.14,-18.73,-13.16,-8.01,0.91
DHARAN,0.13,2026-09-04,-13.33,-18.75,-18.75,-18.75,-23.53,-71.11
HARDWYN,9.13,2026-09-04,1.0,0.33,-18.77,-49.72,-24.72,-5.53
KCK,14.9,2026-09-03,-0.67,3.11,-18.8,9.96,-37.53,-63.57
REPRO,319.45,2026-09-04,4.36,2.4,-18.88,-8.61,-16.39,-30.14
CELLPOINT,15.35,2026-09-03,-5.83,-4.06,-19.0,-0.97,2.68,-14.96
RKEC,21.73,2026-09-04,-2.47,-5.4,-19.04,-29.56,-46.31,-67.65
HMVL,84.28,2026-09-04,-4.26,-6.78,-19.31,9.54,27.5,-2.89
KESORAMIND,10.9,2026-09-04,-1.8,-3.96,-19.44,-9.02,24.57,105.27
KPIGREEN,307.0,2026-09-04,0.79,-4.41,-19.68,-24.43,-11.65,-37.17
OWAIS,80.8,2026-09-03,1.64,25.86,-19.8,-26.68,-47.28,-80.6
RHETAN,25.42,2026-09-04,33.02,16.55,-19.96,-17.89,-0.63,
FSL,264.4,2026-09-04,-0.15,-2.97,-20.05,-0.45,21.98,-25.28
CLCIND,47.48,2026-09-03,0.0,-1.27,-20.31,36.12,243.06,-83.04
ATAM,52.99,2026-09-04,-5.31,-4.52,-20.39,-26.31,-10.5,-40.71
GREENPANEL,158.32,2026-09-04,1.11,0.13,-20.77,-16.5,-20.26,-40.65
CAMLINFINE,103.13,2026-09-04,0.49,-3.75,-20.81,-13.81,-25.9,-51.09
HLEGLAS,333.65,2026-09-04,6.06,6.39,-21.11,-13.79,6.72,-36.57
RAJTV,8.07,2026-09-04,-18.32,-22.92,-21.11,-42.15,-78.37,-80.98
LANDSMILL,0.63,2026-09-04,-7.35,-14.86,-21.25,-29.21,-40.57,-57.43
CEINSYS,677.85,2026-09-04,-4.58,-5.97,-21.33,-28.38,-24.51,
RAYMONDREL,529.15,2026-09-04,-0.57,-10.79,-21.34,-12.43,29.41,-12.49
PICCADIL,615.75,2026-09-04,-3.05,-10.06,-21.51,7.05,17.11,2.65
CADSYS,46.45,2026-09-03,0.0,-8.56,-21.54,-34.07,-1.8,-29.62
VSCL,21.95,2026-09-03,-4.98,-3.3,-21.61,-13.07,-13.58,-26.83
SOLEX,725.3,2026-09-04,-1.89,-8.91,-21.65,-37.13,-15.79,-44.98
INA,90.24,2026-09-04,-1.46,-4.52,-22.15,-25.94,,
JETKNIT,48.45,2026-09-03,0.0,-14.1,-22.42,-45.68,-45.68,-55.55
MAJESAUT,354.95,2026-09-04,-0.11,-1.96,-22.49,11.91,,
GSS,11.03,2026-09-04,-8.99,-15.8,-22.54,-18.24,-16.06,-59.63
KKVAPOW,368.0,2026-09-03,0.0,-4.93,-22.55,-39.97,-44.66,-43.98
SUPREME,36.27,2026-09-04,-4.15,-8.57,-22.55,-22.65,-29.06,-51.79
WEBELSOLAR,74.53,2026-09-04,-2.54,-7.84,-22.62,-33.83,40.17,-42.7
ATALREAL,26.22,2026-09-04,-21.28,-22.1,-22.81,-13.95,10.31,33.91
AGARWALFT,28.6,2026-09-03,-6.23,-22.28,-23.01,-4.83,-1.38,-59.03
STALLION,206.68,2026-09-04,-2.05,-8.2,-23.04,6.86,74.05,14.42
NIRMAN,28.35,2026-09-03,-2.24,-6.9,-23.38,-40.88,-42.49,-79.75
KPEL,247.32,2026-09-04,1.11,-3.67,-23.38,-29.46,-4.53,-41.52
ASHAPURMIN,551.0,2026-09-04,-2.38,-5.94,-23.4,-25.6,7.02,0.1
MAKS,13.75,2026-09-03,0.0,-6.46,-23.61,-47.12,-52.99,-52.26
SARTELE,91.35,2026-09-03,-2.25,-9.46,-24.03,-29.05,-55.14,-51.73
TVVISION,3.38,2026-09-04,-7.65,-0.59,-24.04,-35.25,-40.81,-46.01
MVKAGRO,225.1,2026-09-03,15.73,33.63,-24.25,-53.78,-59.31,-38.01
JAYBARMARU,122.29,2026-09-04,-2.05,-3.56,-24.33,-2.88,25.93,20.56
NEUEON,11.22,2026-09-04,-11.51,-22.73,-24.39,-51.34,-5.71,114.94
DENTA,275.35,2026-09-04,0.9,-2.55,-24.41,13.24,15.72,-33.52
ARSHIYA,0.73,2026-09-04,-5.19,-19.78,-24.74,-37.07,-52.29,-63.32
KERNEX,1817.0,2026-09-04,4.67,-7.62,-24.89,-3.87,77.79,65.59
CBAZAAR,4.5,2026-09-03,-8.16,-10.0,-25.62,12.5,-2.17,12.5
JFLLIFE,9.8,2026-09-03,-7.98,-10.5,-26.04,-5.31,-1.75,-31.71
MOS,7.9,2026-09-03,-13.66,-31.0,-26.17,-49.03,-60.0,-82.66
AGUL,45.9,2026-09-03,0.0,-14.45,-26.68,-28.17,-43.12,-25.85
PNCINFRA,183.11,2026-09-04,-2.68,-10.39,-27.07,-12.92,-7.23,-39.86
GSTL,11.9,2026-09-03,-2.06,-14.39,-27.22,-41.81,-56.73,6.25
TRIDHYA,7.2,2026-09-03,-13.25,-16.28,-27.64,-19.1,-43.08,-57.65
AHLUCONT,599.05,2026-09-04,-3.25,-7.78,-27.89,-23.72,-18.3,-36.64
PRAXIS,4.65,2026-09-04,-2.11,-11.76,-28.02,-30.28,-34.14,-65.4
RMC,233.54,2026-09-04,-2.83,-7.14,-29.45,-26.25,,
SHYAMTEL,11.6,2026-09-04,-13.11,-17.08,-29.48,-30.95,14.29,-19.22
ONMOBILE,48.49,2026-09-04,-4.0,-13.19,-30.63,-3.75,-0.47,-9.35
TERASOFT,283.4,2026-09-04,-1.32,-8.71,-30.63,-36.43,-20.75,-13.02
WALPAR,24.1,2026-09-03,-6.23,-23.49,-30.85,-19.53,-47.03,-44.21
DJML,75.64,2026-09-04,5.6,-12.98,-31.7,-27.71,-13.03,-23.87
GSMFOILS,117.0,2026-09-03,-5.22,20.81,-32.11,-43.11,-42.39,-49.55
QUICKTOUCH,15.25,2026-09-03,-3.48,-10.56,-32.22,-36.85,-52.79,-69.5
PHANTOMFX,112.95,2026-09-03,-5.08,-6.5,-32.35,-38.14,-43.89,-56.05
TRANSTEEL,76.7,2026-09-03,2.33,-13.63,-33.85,-35.25,-45.21,-38.1
DUCON,1.92,2026-09-04,1.59,-11.75,-34.02,-42.51,-40.37,-64.44
KORE,112.55,2026-09-03,-5.26,-12.17,-34.08,-18.15,-0.4,-21.35
ALOKINDS,7.83,2026-09-04,-7.88,-31.79,-34.53,-36.5,-41.22,-56.95
POLYSIL,67.05,2026-09-03,15.6,28.2,-34.59,-53.76,-66.47,-61.9
BURNPUR,21.56,2026-09-04,21.4,59.82,-34.67,-34.67,-34.67,-34.67
WATERBASE,48.63,2026-09-04,-0.82,-3.53,-35.07,-35.07,-35.07,-35.07
WEL,76.03,2026-09-04,-15.35,-44.07,-35.4,-18.2,-44.12,-45.5
DAVANGERE,1.96,2026-09-04,-5.77,-31.71,-36.36,-46.15,-50.88,-50.75
SYNOPTICS,47.0,2026-09-03,-14.16,-22.44,-36.66,-7.57,-14.7,-46.65
AILIMITED,21.25,2026-09-03,23.91,29.97,-37.77,-41.14,-44.59,-50.58
TAKE,13.82,2026-09-04,-9.91,-30.17,-38.28,-53.42,-63.74,27.26
VISAMAN,64.6,2026-09-03,-14.15,-33.5,-39.96,-42.96,-51.34,-31.39
FLEXITUFF,2.29,2026-09-04,-9.84,-14.23,-42.61,-67.29,-71.05,-91.56
SUMEETINDS,11.5,2026-09-04,-6.35,-12.75,-42.87,-52.78,-56.42,-54.87
RCDL,15.65,2026-09-03,-7.94,-26.18,-53.77,-42.67,-34.79,-43.37
INDOTHAI,35.75,2026-09-04,-18.53,-36.93,-73.83,-83.47,-86.27,-77.99
INDIAGLYCO,260.4,2026-09-04,-77.3,-78.14,-77.63,-73.52,-69.3,-68.89
TCC,44.1,2026-09-04,-2.07,-81.63,-84.76,-88.0,-88.86,
LANCER,13.03,2026-09-04,-0.69,19.98,-91.3,-91.3,-91.3,-91.3
