ticker,last_close,last_date,1W,2W,1M,3M,6M,12M
NV20,12202.0,2026-08-03,87369.54,86011.5,86500.42,84636.11,7713.28,8400.77
RSDFIN,132.88,2026-08-03,62.05,50.35,66.1,57.53,,
DIACABS,322.85,2026-08-03,5.1,31.99,62.33,104.59,157.11,89.61
KALYANKJIL,608.0,2026-08-03,7.69,6.67,59.14,47.3,58.35,4.62
UNIVASTU,139.97,2026-08-03,12.08,19.46,58.32,103.06,127.19,60.09
SHARDUL,43.58,2026-08-03,-14.43,-19.12,55.75,56.2,,
ASAHISONG,391.35,2026-08-03,15.15,44.46,54.65,58.26,74.35,11.72
SHALPAINTS,80.01,2026-08-03,15.01,36.12,54.4,56.51,27.08,2.26
KABRAEXTRU,418.6,2026-08-03,3.41,19.04,53.36,67.8,88.41,44.12
CLSL,65.9,2026-07-31,2.81,9.65,53.26,51.49,35.88,15.61
GATECH,0.75,2026-08-03,53.06,59.57,53.06,53.06,50.0,44.23
VIJIFIN,10.41,2026-08-03,10.16,21.33,49.78,171.8,330.17,154.52
TBZ,287.7,2026-08-03,2.67,12.55,49.35,96.49,78.04,52.03
FERMENTA,511.7,2026-08-03,15.76,15.27,49.18,64.51,,
KCPSUGIND,32.59,2026-08-03,1.59,50.12,48.41,21.74,42.07,0.4
DPABHUSHAN,1420.2,2026-08-03,0.56,-0.99,46.82,37.15,10.94,-13.74
MPSLTD,2770.5,2026-08-03,3.1,34.39,46.12,67.13,56.03,22.9
CAPTRUST,19.07,2026-08-03,23.99,36.41,45.91,42.42,28.33,-68.49
NURECA,333.4,2026-08-03,5.61,18.03,45.61,25.1,20.3,38.37
GSPCROP,587.85,2026-08-03,5.61,19.99,45.58,39.6,,
CHAVDA,125.9,2026-07-31,-0.51,5.58,44.71,21.41,12.51,9.48
ACCORD,202.35,2026-07-31,0.0,0.0,44.64,318.51,622.68,789.45
JFLLIFE,13.0,2026-07-31,15.56,18.18,44.44,38.3,18.72,-8.13
SUPREMEENG,2.13,2026-08-03,9.23,18.33,43.92,99.07,67.72,50.0
ARIHANT,1137.9,2026-08-03,5.22,32.21,43.8,24.95,2769.86,2769.86
KCK,19.0,2026-07-31,9.83,13.43,43.4,25.41,-2.06,-56.12
SIKKO,5.37,2026-08-03,6.97,10.95,42.44,15.48,26.06,49.13
SCANSTL,59.61,2026-08-03,23.49,27.15,42.4,66.97,,
E2E,543.0,2026-08-03,0.09,27.72,42.15,88.29,108.75,162.85
TATVA,1771.0,2026-08-03,-1.62,3.34,41.73,35.09,41.61,58.98
UEL,184.47,2026-08-03,52.5,48.81,41.58,16.98,35.43,88.39
BLUESTONE,802.7,2026-08-03,-2.2,31.5,40.91,59.19,82.14,
MAJESAUT,475.3,2026-08-03,10.75,12.84,40.79,49.84,,
MENONBE,221.09,2026-08-03,1.67,6.42,40.53,77.27,89.76,70.21
DEEPINDS,649.3,2026-08-03,25.72,36.39,40.22,33.72,68.15,35.45
SANGINITA,64.06,2026-08-03,1.91,12.46,39.72,216.66,478.16,545.77
KONSTELEC,61.45,2026-07-31,-0.89,-2.07,39.34,45.79,36.71,-0.89
HUHTAMAKI,300.0,2026-08-03,-4.03,20.1,39.13,67.26,64.46,38.59
TRANSPEK,1414.5,2026-08-03,27.4,36.87,38.92,20.12,,
KAPSTON,525.9,2026-08-03,14.28,21.67,38.41,53.08,32.7,103.43
OCCLLTD,174.32,2026-08-03,14.53,28.42,38.4,75.35,81.79,15.31
SMLMAH,5464.0,2026-08-03,39.97,37.09,38.06,47.45,51.05,58.33
SPECTRUM,2547.4,2026-08-03,15.63,31.85,37.46,111.19,110.7,59.1
FILATEX,76.7,2026-08-03,2.76,5.84,37.09,67.76,59.29,39.16
3IINFOLTD,24.39,2026-08-03,17.94,30.29,37.02,39.69,61.74,4.1
BUILDPRO,1343.6,2026-08-03,10.19,9.57,36.84,21.96,70.87,
63MOONS,897.05,2026-08-03,23.09,23.12,36.35,20.14,37.87,-9.16
GULFPETRO,52.45,2026-08-03,15.43,43.54,35.67,59.57,61.09,26.72
STALLION,265.45,2026-08-03,3.89,22.27,35.59,76.92,67.74,102.12
FSL,324.35,2026-08-03,23.69,21.64,34.96,51.61,7.0,-2.23
NILKAMAL,1699.9,2026-08-03,-4.24,15.14,34.22,32.93,22.41,6.34
UNIVPHOTO,480.4,2026-08-03,-1.77,9.57,34.21,-2.06,149.92,83.74
ALPHAGEO,264.15,2026-08-03,30.57,31.91,34.07,20.4,20.62,7.11
EMAMIPAP,114.9,2026-08-03,2.33,21.48,33.31,46.13,38.15,21.93
TFCILTD,105.62,2026-08-03,11.41,27.65,33.29,46.49,62.39,87.38
ONDOOR,269.3,2026-07-31,6.19,18.11,32.92,74.87,129.19,42.52
LOTUSDEV,197.66,2026-08-03,5.17,40.19,32.9,38.11,31.02,
JINDWORLD,40.41,2026-08-03,2.49,28.08,32.88,56.02,46.57,2.2
CNL,1015.9,2026-08-03,-0.39,9.13,32.87,65.03,50.0,61.12
MARC,115.25,2026-07-31,-0.26,6.91,31.94,35.51,119.73,
CYIENTDLM,671.7,2026-08-03,1.0,12.69,31.86,70.87,74.26,50.71
SWARAJ,364.7,2026-07-31,2.91,1.33,31.42,27.47,32.69,89.95
SIGMA,50.24,2026-08-03,32.45,31.83,31.14,13.0,-4.72,32.13
SHAREINDIA,180.74,2026-08-03,-3.79,0.07,30.76,31.87,23.56,6.96
YASHO,3884.8,2026-08-03,25.64,26.5,30.69,159.27,179.71,112.05
KODYTECH,1418.8,2026-07-31,5.46,15.03,30.55,100.32,96.18,74.55
21STCENMGM,40.97,2026-08-03,8.24,19.17,30.27,12.0,5.98,-30.61
INVPRECQ,1113.1,2026-08-03,14.63,33.73,29.46,85.59,,
JUSTDIAL,710.65,2026-08-03,-1.12,-4.91,29.24,35.12,7.66,-14.13
ECLERX,1922.2,2026-08-03,6.1,2.38,29.11,34.51,-22.29,1.22
SATIPOLY,40.95,2026-07-31,9.2,-0.36,28.57,22.24,2.63,-52.93
UYFINCORP,19.76,2026-08-03,4.66,15.83,28.31,35.9,43.5,8.99
SPORTKING,229.63,2026-08-03,6.53,16.24,28.04,55.7,129.33,108.96
KORE,174.5,2026-07-31,-1.52,13.68,28.03,37.56,41.52,38.16
SHREEJISPG,666.55,2026-08-03,5.59,8.23,27.99,64.58,76.27,
MBAPL,160.01,2026-08-03,-2.4,9.93,27.85,52.29,88.66,84.02
EASTSILK,62.63,2026-08-03,13.87,28.84,27.82,5.97,-18.46,3379.44
DIVISLAB,8585.0,2026-08-03,15.79,17.8,27.58,32.57,38.84,35.51
CLCIND,59.58,2026-08-03,4.99,10.23,27.55,140.15,475.1,-78.72
MAPMYINDIA,1196.0,2026-08-03,5.64,9.02,27.46,30.04,-7.52,-31.96
TAC,497.0,2026-07-31,-3.51,2.89,27.24,1.72,-19.34,-43.72
MORARJEE,11.24,2026-08-03,-4.99,-9.35,27.15,58.76,57.42,40.5
HEG,665.25,2026-08-03,1.95,12.57,26.97,12.24,23.76,26.06
MASTER,460.0,2026-07-31,4.31,-1.08,26.72,42.72,46.34,26.73
MAHASTEEL,1027.1,2026-08-03,33.53,25.36,26.61,21.02,37.77,187.46
PFOCUS,298.75,2026-08-03,3.82,5.15,26.59,-3.61,16.04,103.91
TIL,259.9,2026-08-03,21.41,17.54,26.52,31.82,5.78,-22.31
REDINGTON,347.85,2026-08-03,25.06,29.07,26.49,64.68,28.5,42.51
CONSOFINVT,295.75,2026-08-03,3.77,4.49,26.41,31.44,57.69,50.85
RADHIKAJWE,71.22,2026-08-03,4.69,10.2,26.12,10.81,1.5,-25.74
OPTIEMUS,657.8,2026-08-03,7.76,8.37,26.12,58.2,61.94,9.63
SONATSOFTW,345.85,2026-08-03,17.9,11.64,26.1,37.46,7.58,-2.76
INDORAMA,63.49,2026-08-03,27.64,29.02,26.02,65.51,51.31,26.05
SSWL,317.85,2026-08-03,8.13,15.03,25.95,49.43,45.18,47.36
SHK,166.54,2026-08-03,12.33,27.92,25.8,13.97,5.82,-34.24
SEL,226.35,2026-07-31,-14.42,-3.06,25.75,21.08,13.74,-4.49
ASKAUTOLTD,569.65,2026-08-03,11.15,19.77,25.75,29.95,22.98,20.81
AMAGI,669.7,2026-08-03,7.14,12.9,25.74,63.5,75.84,
AARTISURF,481.0,2026-08-03,20.76,22.78,25.7,17.92,16.79,-13.93
AKIKO,355.25,2026-07-31,6.04,5.71,25.53,53.12,70.38,196.78
WALPAR,34.85,2026-07-31,0.0,0.0,25.36,-5.81,-23.41,-25.77
GANDHAR,231.64,2026-08-03,-4.76,2.4,25.21,68.53,60.68,44.71
RCDL,32.1,2026-07-31,33.75,27.89,25.15,39.57,24.42,43.8
ASHIMASYN,18.09,2026-08-03,0.22,5.05,25.02,13.35,5.3,-27.96
LTM,4690.0,2026-08-03,11.91,14.84,24.81,11.32,-21.36,-4.9
JSFB,584.85,2026-08-03,8.86,10.02,24.62,27.65,62.71,27.11
IRISDOREME,53.52,2026-08-03,10.83,15.57,24.58,48.38,55.09,70.72
RSYSTEMS,273.8,2026-08-03,8.29,9.33,24.36,4.05,-26.95,-33.47
AUSOMENT,142.14,2026-08-03,6.75,7.81,24.32,-3.82,32.03,42.73
RULKA,112.95,2026-07-31,1.71,-0.04,24.19,4.68,10.57,-12.27
M&MFIN,405.5,2026-08-03,11.71,25.72,24.12,33.45,14.39,60.4
SERVICE,62.05,2026-07-31,0.4,-1.66,24.1,9.24,24.6,8.86
GABRIEL,1527.4,2026-08-03,6.23,9.26,24.0,48.93,69.29,53.02
BAFNAPH,268.2,2026-08-03,10.41,17.12,23.91,100.15,118.6,213.21
ZSARACOM,12179.0,2026-08-03,-1.32,-5.47,23.81,22.56,,
SKYGOLD,691.85,2026-08-03,3.01,5.09,23.54,52.42,113.11,152.13
ASIANENE,410.65,2026-08-03,7.0,15.48,23.5,29.23,62.99,18.76
AARNAV,30.44,2026-08-03,-3.76,-3.43,23.49,31.95,,
NAUKRI,1268.8,2026-08-03,6.24,6.82,23.01,30.82,1.98,-6.59
UNIVCABLES,1431.8,2026-08-03,13.98,19.67,22.73,71.6,95.9,101.13
SUMIT,55.06,2026-08-03,5.78,10.43,22.68,2.42,5.74,-34.52
HIRECT,1339.4,2026-08-03,0.53,6.97,22.63,42.23,102.51,41.28
AEROPLANE,198.62,2026-08-03,4.95,2.87,22.49,47.67,,
SMARTLINK,210.42,2026-08-03,-0.09,-2.23,22.36,61.2,67.38,47.41
RAIN,229.53,2026-08-03,2.59,8.26,22.26,81.88,41.55,51.19
HCLTECH,1377.0,2026-08-03,6.26,12.75,22.13,16.01,-16.38,-0.88
COUNCODOS,6.02,2026-08-03,-4.75,-8.79,22.11,18.04,17.81,-11.34
A2ZINFRA,17.1,2026-08-03,38.57,35.93,22.06,1.18,20.93,-18.06
ANSALAPI,3.39,2026-08-03,9.71,19.79,21.94,-10.32,17.71,-34.43
ITDC,715.2,2026-08-03,-2.71,-7.58,21.64,21.94,33.26,25.52
SWASTIK,19.7,2026-07-31,3.68,7.65,21.6,-11.26,-0.51,-36.45
SRIVASAVI,83.25,2026-07-31,1.28,-2.92,21.53,45.16,108.12,25.19
SIGNORIA,141.75,2026-07-31,5.0,9.04,21.52,120.45,54.5,32.48
COFORGE,1768.0,2026-08-03,16.21,17.83,21.32,48.52,3.74,4.58
BAJAJ-AUTO,11856.0,2026-08-03,6.01,12.67,21.16,20.3,25.3,49.45
TVSMOTOR,4389.0,2026-08-03,13.22,22.25,21.0,25.65,18.2,54.09
LANDMARK,542.9,2026-08-03,0.82,1.41,20.81,34.9,33.39,10.35
DALMIASUG,411.85,2026-08-03,14.88,13.58,20.74,4.08,49.1,13.17
SMVD,14.6,2026-07-31,0.0,0.0,20.66,26.96,56.99,40.38
MEDICO,49.66,2026-08-03,21.87,29.9,20.59,16.9,-1.25,28.82
TGL,18.75,2026-07-31,-2.85,-17.76,20.58,-29.78,-67.22,-84.97
ROXHITECH,47.25,2026-07-31,3.73,19.17,20.54,32.35,35.0,11.97
PCCL,285.0,2026-07-31,5.95,10.49,20.51,-0.31,20.53,58.77
INDIANHUME,414.5,2026-08-03,7.11,2.74,20.51,28.34,8.53,2.86
ASHIKAG,477.5,2026-08-03,11.14,19.46,20.5,20.25,,
JGCHEM,508.4,2026-08-03,0.13,3.92,20.35,25.78,52.33,5.92
ALGOQUANT,69.34,2026-08-03,0.06,7.77,20.26,27.02,13.62,
CTE,37.65,2026-08-03,17.8,22.24,20.25,13.1,7.94,-11.03
KARURVYSYA,348.1,2026-08-03,2.49,16.55,20.22,19.53,15.15,63.72
OAL,378.85,2026-08-03,-3.47,7.98,20.21,22.13,30.05,2.64
EMPOWER,2.68,2026-08-03,11.67,16.52,20.18,37.44,,
PAUSHAKLTD,652.8,2026-08-03,14.1,15.92,20.12,39.58,35.13,
DCI,337.2,2026-08-03,16.8,24.5,20.09,18.23,42.43,51.96
VINSYS,549.8,2026-07-31,5.02,8.69,19.91,78.8,47.58,55.97
FROG,197.0,2026-07-31,-7.73,6.75,19.9,19.21,31.6,-11.94
ESAFSFB,40.92,2026-08-03,6.87,15.56,19.82,55.0,46.09,31.11
BECTORFOOD,211.27,2026-08-03,-0.29,0.57,19.63,7.68,-9.49,-27.36
DURLAX,57.15,2026-07-31,10.97,23.04,19.56,15.45,56.58,32.91
ATALREAL,33.54,2026-08-03,6.34,10.4,19.53,26.23,27.63,75.14
BEPL,120.72,2026-08-03,5.42,-4.72,19.52,27.87,50.07,10.81
PERSISTENT,5575.0,2026-08-03,5.82,7.82,19.47,16.55,-10.9,10.92
KESORAMIND,13.14,2026-08-03,14.76,12.98,19.45,30.62,44.08,138.91
VIDHIING,340.9,2026-08-03,8.17,11.35,19.38,13.43,6.05,-13.74
SIGMAADV,654.7,2026-08-03,19.22,22.74,19.38,127.61,280.75,464.83
UJJIVANSFB,71.14,2026-08-03,-0.6,8.43,19.36,25.07,11.35,64.6
UNIHEALTH,750.0,2026-07-31,-4.61,4.6,19.34,56.09,159.52,336.05
SPECTSTM,67.75,2026-07-31,7.2,11.07,19.28,10.34,-24.68,-38.41
WELCORP,1715.3,2026-08-03,7.22,6.16,19.18,35.86,112.67,91.75
SIGIND,55.93,2026-08-03,22.17,21.48,19.08,11.26,19.1,-1.2
TARSONS,317.4,2026-08-03,-1.09,12.81,19.05,44.33,55.41,-14.88
SENCO,388.1,2026-08-03,-7.14,6.04,19.03,23.95,27.7,24.09
SONACOMS,785.0,2026-08-03,8.89,9.86,18.92,29.65,48.49,80.51
MODIS,398.55,2026-08-03,2.6,8.58,18.92,0.85,20.86,
IIFL,617.85,2026-08-03,7.79,10.79,18.92,34.62,21.39,45.7
INDNIPPON,1173.2,2026-08-03,-2.14,-2.99,18.9,48.12,62.46,52.34
TCS,2473.7,2026-08-03,7.76,9.89,18.81,1.9,-21.84,-14.21
KRISHANA,180.38,2026-08-03,7.59,24.14,18.79,50.4,87.27,68.11
FINOPB,162.25,2026-08-03,-2.53,-3.7,18.78,28.55,-26.4,-36.4
ETHOSLTD,2962.7,2026-08-03,14.89,11.64,18.76,23.35,14.73,11.24
BESTAGRO,18.89,2026-08-03,18.73,22.19,18.66,5.18,-6.02,-44.24
QUESS,345.05,2026-08-03,16.67,16.99,18.64,76.89,69.24,25.87
CBAZAAR,6.05,2026-07-31,-4.72,-6.2,18.63,22.22,68.06,23.47
FONEBOX,86.0,2026-07-31,4.88,12.2,18.62,29.81,13.16,-2.27
MANOMAY,213.3,2026-08-03,3.31,8.68,18.6,-9.33,-6.73,33.48
RATNAVEER,205.79,2026-08-03,3.1,14.17,18.57,26.33,33.11,44.9
TCL,118.75,2026-07-31,8.7,-5.0,18.51,12.19,34.71,9.4
OMNI,602.3,2026-08-03,-2.8,8.72,18.41,65.74,,
OMFURN,67.0,2026-07-31,18.37,19.64,18.37,4.77,4.04,-29.47
DPEL,558.5,2026-07-31,-1.66,-3.7,18.33,12.36,108.08,331.27
SOTL,630.1,2026-08-03,-2.96,6.86,18.3,74.11,78.57,58.73
NEWGEN,562.75,2026-08-03,11.15,0.59,18.08,12.52,0.34,-30.45
RKFORGE,681.15,2026-08-03,8.91,21.17,17.98,14.03,21.29,20.59
COMFINTE,6.89,2026-08-03,27.59,24.14,17.98,-5.62,,
PRICOLLTD,732.85,2026-08-03,10.15,19.43,17.88,27.95,26.62,71.31
CHENNPETRO,1325.5,2026-08-03,13.41,9.18,17.74,17.47,58.88,103.5
BODALCHEM,73.97,2026-08-03,9.42,12.37,17.71,8.68,39.46,3.15
VINDHYATEL,2383.0,2026-08-03,24.93,33.17,17.6,74.62,95.89,54.75
ARIS,129.94,2026-08-03,4.14,13.13,17.54,-5.41,33.86,-12.95
APCOTEXIND,617.6,2026-08-03,4.94,11.86,17.51,55.11,71.29,48.13
LAURUSLABS,1811.4,2026-08-03,5.72,16.2,17.45,64.69,85.86,113.66
NRL,108.72,2026-08-03,5.45,-1.25,17.45,96.64,104.75,49.24
NBIFIN,2226.3,2026-08-03,0.18,5.7,17.36,8.73,13.12,-17.7
SUDARSCHEM,1068.3,2026-08-03,1.13,1.29,17.35,16.84,14.29,-24.27
AEGISVOPAK,301.8,2026-08-03,-0.56,7.39,17.32,59.28,35.1,31.93
PARASPETRO,2.44,2026-08-03,11.93,22.0,17.31,8.93,-6.51,0.41
IL&FSENGG,35.19,2026-08-03,14.63,25.45,17.3,33.8,57.31,3.84
LODHA,1239.8,2026-08-03,3.43,4.33,17.29,38.08,20.15,2.98
SAHYADRI,326.9,2026-08-03,11.86,15.49,17.23,27.73,32.32,10.29
SIGACHI,26.61,2026-08-03,2.58,4.27,17.22,31.73,28.86,-26.63
WEL,123.02,2026-08-03,11.87,20.67,17.22,16.51,-11.17,-24.98
NAHARSPING,311.15,2026-08-03,11.26,10.93,17.04,28.2,69.29,30.46
RITCO,301.25,2026-08-03,2.08,8.54,17.01,38.13,23.86,9.13
TECHM,1649.0,2026-08-03,4.7,4.61,16.94,14.82,-1.44,18.82
TINNARUBR,1106.8,2026-08-03,-2.85,-6.98,16.92,53.79,73.15,23.7
VERTEXPLUS,46.0,2026-07-31,-4.76,-4.76,16.9,-48.31,-49.45,-65.82
ARROWGREEN,727.5,2026-08-03,3.07,9.02,16.8,36.33,58.69,-2.57
MASTEK,1893.2,2026-08-03,9.33,8.54,16.77,11.75,-10.0,-21.83
RPTECH,883.65,2026-08-03,10.26,16.78,16.58,92.83,142.13,207.59
ARTEMISMED,302.2,2026-08-03,8.51,11.62,16.49,23.99,39.29,23.59
INDOBORAX,418.7,2026-08-03,2.98,-5.07,16.42,64.5,82.73,62.48
TIJARIA,4.98,2026-08-03,11.41,10.18,16.36,10.67,15.28,-36.48
SGMART,699.25,2026-08-03,-2.97,3.16,16.36,22.46,90.95,
CENTENKA,621.6,2026-08-03,7.58,13.14,16.18,47.61,39.04,29.22
PICCADIL,752.0,2026-08-03,-0.67,0.05,16.17,23.84,27.7,19.33
CUPID,230.95,2026-08-03,4.29,11.42,16.15,93.13,178.12,629.88
TIMETECHNO,210.15,2026-08-03,1.64,-1.39,16.08,8.88,14.85,-6.59
ADOR,1503.3,2026-08-03,-1.29,3.3,16.04,41.74,45.42,56.38
SWIGGY,288.0,2026-08-03,11.64,6.46,16.0,6.55,-9.36,-26.6
KHAITANLTD,155.39,2026-08-03,18.77,25.21,15.96,25.06,62.1,32.93
MRPL,174.06,2026-08-03,7.25,1.84,15.89,3.89,-0.87,43.85
LALPATHLAB,1900.4,2026-08-03,4.28,12.53,15.78,39.71,36.21,21.03
PRAVEG,293.6,2026-08-03,-2.48,6.59,15.72,-2.3,,
VIVO,89.5,2026-07-31,15.71,15.71,15.71,17.76,17.76,39.84
IITL,153.21,2026-08-03,15.55,19.56,15.65,-7.76,14.11,-3.34
VADILALIND,7356.5,2026-08-03,8.8,8.34,15.64,56.63,56.07,42.37
PNGJL,658.05,2026-08-03,-4.5,11.52,15.58,0.66,19.6,13.74
BSOFT,321.5,2026-08-03,9.56,10.35,15.47,-11.69,-27.09,-18.09
PAYTM,1410.0,2026-08-03,9.35,4.64,15.44,28.67,17.69,30.99
NRAIL,488.15,2026-08-03,2.0,13.91,15.42,1.72,9.17,34.05
LLOYDSME,2050.6,2026-08-03,1.77,7.48,15.4,16.29,75.56,41.94
RSWM,224.76,2026-08-03,5.19,5.84,15.4,36.57,48.42,47.03
SINTERCOM,86.99,2026-08-03,6.91,6.18,15.28,19.23,-5.94,-30.29
GNA,537.2,2026-08-03,4.95,5.75,15.28,25.66,30.66,77.22
GAUDIUMIVF,134.75,2026-08-03,-9.48,-8.97,15.27,10.93,,
RPGLIFE,2756.8,2026-08-03,-5.85,-8.63,15.24,21.31,40.74,18.43
GATECHDVR,0.53,2026-08-03,20.45,23.26,15.22,15.22,20.45,0.0
RHETAN,31.12,2026-08-03,7.13,9.27,15.17,4.99,22.71,
SMCGLOBAL,79.94,2026-08-03,4.76,-0.74,15.17,19.16,3.09,15.45
TIPSFILMS,379.0,2026-08-03,0.46,16.28,15.13,0.09,1.95,-23.66
SBIETFIT,349.87,2026-08-03,7.29,8.18,15.1,7.82,-17.72,-7.5
ITETF,33.46,2026-08-03,7.38,8.43,15.06,8.14,-17.59,-7.29
LAXMIINDIA,131.05,2026-08-03,1.97,11.3,15.04,16.77,37.47,
TECH,34.48,2026-08-03,6.78,7.85,15.01,7.58,-17.41,-7.14
BALRAMCHIN,646.8,2026-08-03,5.75,7.79,15.0,24.13,47.86,15.72
CELLPOINT,17.25,2026-07-31,-13.97,13.11,15.0,2.68,4.55,-4.7
ATULAUTO,563.35,2026-08-03,16.82,17.13,14.99,15.37,31.56,27.08
NITIRAJ,214.87,2026-08-03,-1.86,-3.52,14.95,2.16,15.89,12.26
TTKHLTCARE,1049.2,2026-08-03,-3.64,3.28,14.85,17.24,10.52,-15.76
HDFCNIFIT,33.58,2026-08-03,6.13,7.59,14.84,7.25,-18.04,-7.75
RUBICON,1500.8,2026-08-03,-3.55,-0.73,14.83,54.73,107.9,
PVSL,107.19,2026-08-03,-0.98,1.39,14.83,5.71,-7.47,-13.12
RADICO,4459.1,2026-08-03,7.46,8.15,14.82,30.55,61.46,57.43
BALPHARMA,89.49,2026-08-03,0.97,-1.3,14.8,17.43,30.3,-6.18
PDMJEPAPER,96.3,2026-08-03,0.57,13.53,14.78,13.6,18.8,-22.62
RPSGVENT,952.3,2026-08-03,5.96,4.79,14.76,12.37,31.9,-1.57
ITBEES,34.98,2026-08-03,6.97,8.03,14.76,7.83,-17.87,-7.63
ITIETF,34.9,2026-08-03,6.63,7.65,14.76,7.85,-18.0,-7.7
THAKDEV,140.47,2026-08-03,-12.75,-4.1,14.71,-0.69,,
XTGLOBAL,33.38,2026-08-03,17.58,19.21,14.71,3.22,15.98,0.34
IT,34.95,2026-08-03,6.75,7.7,14.67,7.37,-17.67,-7.34
VRLLOG,272.1,2026-08-03,3.56,18.53,14.66,7.48,-1.97,-7.87
SICALLOG,106.91,2026-08-03,4.9,13.1,14.65,64.12,18.79,-3.02
NIBL,35.09,2026-08-03,-4.93,0.34,14.6,11.89,14.49,57.21
MAGADSUGAR,534.95,2026-08-03,9.39,8.29,14.56,3.54,22.83,0.28
GUJALKALI,697.25,2026-08-03,0.45,15.09,14.49,-12.95,47.49,24.84
ADL,78.97,2026-08-03,12.49,9.3,14.47,3.92,5.87,-12.22
BHARTIHEXA,1645.8,2026-08-03,3.07,2.89,14.43,9.66,1.67,-9.8
IMPEXFERRO,2.62,2026-08-03,4.8,9.62,14.41,53.22,49.71,31.0
ITADD,33.22,2026-08-03,6.27,7.33,14.39,6.47,-18.2,-7.9
ARMANFIN,1994.3,2026-08-03,0.05,2.6,14.36,33.56,25.13,23.04
HEROMOTOCO,5460.0,2026-08-03,6.77,11.3,14.17,8.65,-1.99,31.0
ARISTO,109.25,2026-07-31,0.0,-5.0,14.16,-8.96,10.58,-12.1
KAYNES,3805.0,2026-08-03,19.61,14.31,14.13,-5.92,7.17,-40.28
MOL,54.36,2026-08-03,-2.25,7.16,14.11,11.1,-4.93,-42.4
PVRINOX,1141.4,2026-08-03,1.62,11.98,14.0,6.78,15.8,14.36
RADIOWALLA,28.15,2026-07-31,-0.35,-4.25,13.97,-21.81,-46.89,-57.28
VINEETLAB,38.35,2026-08-03,-1.34,2.13,13.97,0.76,12.07,12.27
TANLA,614.15,2026-08-03,4.61,7.2,13.93,19.96,24.91,1.67
RAJRATAN,513.5,2026-08-03,1.78,6.18,13.8,16.03,20.03,36.55
INSPIRE,9.5,2026-07-31,0.0,15.15,13.77,-17.75,-9.09,-48.09
SCPL,638.6,2026-08-03,6.56,32.13,13.76,66.74,99.34,115.56
SHOPERSTOP,403.35,2026-08-03,4.54,2.82,13.76,35.85,4.74,-23.11
HAPPYFORGE,1699.2,2026-08-03,2.94,5.67,13.63,26.37,49.69,81.06
UTLSOLAR,389.3,2026-08-03,1.27,3.37,13.58,31.34,87.97,
BRIGADE,583.65,2026-08-03,7.4,3.52,13.58,-1.49,-0.5,-20.61
AFFLE,1663.0,2026-08-03,11.4,9.53,13.55,16.97,1.03,-14.6
SJS,2483.4,2026-08-03,2.65,14.22,13.53,37.52,42.04,115.1
FEDERALBNK,371.7,2026-08-03,4.26,5.97,13.53,29.53,30.19,90.73
CRAFTSMAN,10338.5,2026-08-03,10.84,10.06,13.51,34.64,34.21,60.11
ARKADE,140.65,2026-08-03,4.5,1.88,13.45,19.34,14.53,-24.1
BTML,6.84,2026-08-03,2.4,11.95,13.43,5.88,-12.31,-13.53
VERA,78.25,2026-07-31,0.0,19.28,13.41,13.41,11.95,15.07
ORTEL,1.87,2026-08-03,8.72,3.89,13.33,9.36,28.08,0.0
KAYA,278.45,2026-08-03,-1.34,12.12,13.32,7.12,-19.38,-33.7
PPLPHARMA,199.28,2026-08-03,3.76,11.41,13.26,23.11,23.6,4.53
SATIA,62.5,2026-08-03,0.6,5.11,13.1,-8.05,4.08,-24.43
THEJO,2169.1,2026-08-03,12.9,13.54,13.1,19.4,21.06,-7.43
KECL,135.26,2026-08-03,-1.51,11.21,13.1,5.81,59.05,9.78
BLSE,299.8,2026-08-03,3.98,9.87,13.09,51.74,82.78,65.06
ANANTRAJ,626.15,2026-08-03,1.67,4.39,13.07,28.81,10.7,11.23
FLUOROCHEM,4483.5,2026-08-03,-1.75,3.88,13.06,24.47,37.43,28.37
UNIPARTS,737.45,2026-08-03,4.63,6.65,13.03,38.01,52.21,128.47
STYL,368.05,2026-08-03,2.41,-1.58,13.02,52.16,37.22,
CONFIPET,83.77,2026-08-03,3.37,9.27,12.94,53.28,164.26,65.25
BANARBEADS,113.98,2026-08-03,-4.67,-3.17,12.94,1.18,-7.86,-0.84
PIONEEREMB,25.61,2026-08-03,11.15,10.39,12.87,-7.51,-3.03,-37.25
JITFINFRA,345.25,2026-08-03,-1.46,-10.57,12.86,15.08,31.27,1.89
JAYAGROGN,230.95,2026-08-03,-0.74,2.23,12.79,17.25,28.78,-6.08
INFY,1180.0,2026-08-03,9.34,8.55,12.68,2.01,-27.2,-16.71
ATHERENERG,1272.7,2026-08-03,4.76,-1.85,12.63,36.14,88.3,266.46
AIMTRON,1386.45,2026-07-31,3.52,3.19,12.57,17.21,83.28,87.89
BETA,2353.0,2026-08-03,5.48,-3.54,12.56,76.9,63.47,36.01
GANECOS,1156.6,2026-08-03,-4.58,-2.98,12.54,10.2,64.23,-21.87
TECHLABS,126.65,2026-07-31,-1.05,-11.0,12.53,-41.34,-49.26,-72.88
VAIBHAVGBL,265.7,2026-08-03,0.27,4.24,12.53,23.11,8.98,21.49
MVGJL,170.7,2026-08-03,2.14,8.53,12.47,-1.57,-1.35,-16.44
BALKRISIND,2492.2,2026-08-03,23.06,21.26,12.45,15.55,-2.92,-2.73
TITAN,5000.0,2026-08-03,5.48,7.68,12.45,14.39,23.3,51.28
PPAP,288.35,2026-08-03,0.32,-0.05,12.43,41.97,49.35,14.25
ITBETA,324.4,2026-08-03,4.84,4.69,12.37,5.4,-19.44,-9.42
RRKABEL,2631.9,2026-08-03,4.22,12.82,12.32,67.95,85.28,98.31
AVONMORE,11.36,2026-08-03,22.28,16.39,12.25,-8.09,-23.24,-37.75
AMBALALSA,36.83,2026-08-03,16.59,19.04,12.22,16.0,,
RADIOCITY,6.81,2026-08-03,3.5,14.26,12.19,12.56,11.46,-21.45
DYNPRO,264.2,2026-08-03,10.91,15.11,12.14,18.43,17.53,-23.66
EXPLEOSOL,805.15,2026-08-03,12.85,11.12,12.02,12.52,2.35,-21.32
PRUDENT,3359.2,2026-08-03,17.05,18.67,12.0,19.01,32.28,26.01
ORIENTLTD,77.26,2026-08-03,-21.52,9.65,11.97,13.53,27.62,-11.66
BIRLACABLE,214.0,2026-08-03,6.48,19.36,11.96,38.35,62.33,29.81
JUBLINGREA,757.45,2026-08-03,1.79,3.14,11.94,6.48,14.49,1.12
LXCHEM,180.46,2026-08-03,-6.52,2.39,11.94,25.24,23.08,-7.63
TECHNVISN,4466.1,2026-08-03,-9.11,35.64,11.88,-25.27,,
EXCELINDUS,1021.7,2026-08-03,4.03,13.55,11.88,6.97,10.55,-22.91
SETCO,17.9,2026-08-03,-0.56,-2.56,11.87,19.7,113.8,112.42
BLUEDART,5427.0,2026-08-03,6.12,11.14,11.85,-0.71,-4.47,-7.43
SUPERSPIN,6.14,2026-08-03,9.45,19.46,11.84,11.23,-20.67,-36.7
BAJFINANCE,1153.0,2026-08-03,9.99,8.36,11.79,23.81,20.29,32.49
KROSS,203.39,2026-08-03,6.87,-2.37,11.74,9.72,-1.43,18.17
FAIRCHEMOR,813.0,2026-08-03,0.81,16.03,11.72,42.63,26.0,-8.0
ACE,1105.4,2026-08-03,4.11,11.48,11.67,24.53,27.51,-0.65
CONCORDBIO,1414.6,2026-08-03,12.59,6.6,11.62,24.61,22.25,-17.73
ORIENTPPR,19.05,2026-08-03,4.61,14.28,11.6,3.36,-5.03,-32.06
HESTERBIO,2442.4,2026-08-03,-3.4,-3.21,11.58,50.1,63.13,12.2
KIRIINDUS,425.6,2026-08-03,3.6,4.25,11.53,3.49,-12.31,-21.84
DIXON,13892.0,2026-08-03,0.59,-4.78,11.53,24.41,25.94,-17.51
KOTHARIPET,147.14,2026-08-03,8.14,13.09,11.51,11.08,26.4,-4.0
JYOTICNC,858.3,2026-08-03,6.79,6.88,11.42,14.45,3.97,-15.03
NOVARTIND,1635.7,2026-08-03,0.29,-1.93,11.32,58.73,143.32,143.32
MASTERTR,84.85,2026-08-03,0.84,-1.59,11.28,3.55,-5.61,-47.27
AVADHSUGAR,558.7,2026-08-03,4.67,5.14,11.23,15.89,63.34,23.22
MANAPPURAM,365.0,2026-08-03,1.43,8.28,11.21,24.2,25.73,48.28
MONARCH,384.55,2026-08-03,-3.28,7.46,11.19,30.01,31.27,11.38
ASHAPURMIN,717.85,2026-08-03,2.24,4.27,11.19,13.71,6.65,35.96
LTTS,3564.8,2026-08-03,1.91,6.43,11.18,-0.59,-5.32,-15.3
NYKAA,344.9,2026-08-03,5.55,6.62,11.15,30.27,40.54,64.19
GLAXO,2662.3,2026-08-03,4.35,7.22,11.14,16.85,12.1,-7.03
NAZARA,339.55,2026-08-03,11.91,9.8,11.09,28.83,19.31,1.4
DBCORP,210.53,2026-08-03,1.08,0.52,11.06,-0.49,-12.26,-18.39
DYCL,402.45,2026-08-03,-3.0,-9.69,11.05,8.79,32.74,2.77
AETHER,1509.5,2026-08-03,1.99,4.06,11.03,28.82,49.96,100.33
HLEGLAS,422.85,2026-08-03,0.93,0.92,10.93,32.0,11.41,-3.09
AARON,131.6,2026-08-03,-7.29,13.47,10.92,-4.9,-18.16,-39.76
KPITTECH,619.25,2026-08-03,5.82,10.34,10.85,-18.42,-37.29,-48.56
PRECOT,819.0,2026-08-03,-3.02,-1.43,10.85,49.36,108.13,41.01
SIEMENS,3900.0,2026-08-03,5.41,6.55,10.83,2.91,22.03,29.62
EICHERMOT,8050.0,2026-08-03,4.7,7.55,10.83,14.42,12.74,47.15
URBANCO,146.19,2026-08-03,12.09,9.42,10.83,-3.61,17.98,
VSSL,304.0,2026-08-03,2.25,-1.55,10.81,9.08,17.94,18.9
MOLDTECH,149.19,2026-08-03,4.78,19.08,10.78,17.14,10.95,2.09
SUBEXLTD,12.85,2026-08-03,4.39,-0.62,10.78,37.58,31.66,0.0
AKSHARCHEM,255.54,2026-08-03,8.74,8.73,10.77,28.26,15.35,-8.5
NILE,1958.2,2026-08-03,3.22,5.19,10.77,17.43,,
HAPPSTMNDS,384.0,2026-08-03,-0.95,0.41,10.76,3.92,-7.45,-35.34
CINELINE,88.53,2026-08-03,7.58,13.98,10.73,2.73,3.7,-3.73
HYUNDAI,2207.0,2026-08-03,11.21,11.9,10.72,21.42,-0.08,2.17
ARENTERP,38.96,2026-08-03,-5.21,12.15,10.71,0.28,-5.11,-19.27
TNIDETF,90.53,2026-08-03,5.78,6.16,10.71,12.11,-4.58,0.2
HOMESFY,122.85,2026-07-31,0.0,0.0,10.68,-12.06,-24.21,-56.65
GOKULAGRO,231.58,2026-08-03,9.47,9.61,10.67,-0.53,39.75,52.13
UNITDSPR,1530.0,2026-08-03,3.24,9.65,10.66,16.31,12.86,17.12
TMB,861.55,2026-08-03,-3.59,6.89,10.65,18.41,46.7,97.26
GMMPFAUDLR,858.45,2026-08-03,3.46,7.1,10.65,-5.09,-16.43,-38.65
INDOTECH,3470.7,2026-08-03,-0.93,1.84,10.65,28.44,140.32,107.74
GRPLTD,2028.7,2026-08-03,0.38,6.99,10.59,7.1,9.26,-10.79
BAJAJFINSV,2096.0,2026-08-03,9.57,12.6,10.57,20.07,4.23,9.47
SHIVALIK,250.28,2026-08-03,-5.26,13.86,10.56,-3.77,-16.89,-57.54
KAMDHENU,34.55,2026-08-03,-6.01,2.64,10.56,49.44,62.44,16.27
JKPAPER,385.75,2026-08-03,-6.95,3.71,10.55,7.08,17.5,11.93
GODREJIND,1337.1,2026-08-03,0.32,-2.03,10.52,39.42,32.87,19.94
DEEPAKNTR,1713.8,2026-08-03,2.08,1.89,10.5,-0.88,3.89,-5.0
KMEW,2493.5,2026-08-03,2.71,1.97,10.5,40.92,35.89,204.16
IGPL,496.65,2026-08-03,6.2,17.1,10.44,16.61,42.84,4.23
MMFL,554.4,2026-08-03,-0.91,3.88,10.42,13.15,26.9,66.42
JINDRILL,611.15,2026-08-03,2.83,1.62,10.42,13.32,32.4,-1.14
REPRO,398.7,2026-08-03,6.95,7.02,10.41,11.52,-4.39,-25.23
CRISIL,4424.9,2026-08-03,-1.37,4.75,10.4,3.41,-7.15,-13.89
SHANKARA,141.92,2026-08-03,0.75,2.55,10.36,16.75,36.5,-87.73
SANGAMIND,609.5,2026-08-03,-0.5,-1.87,10.32,18.15,25.79,47.6
HSCL,750.65,2026-08-03,-5.04,-2.5,10.28,23.68,62.84,62.44
ETERNAL,310.5,2026-08-03,4.95,8.21,10.24,25.69,10.97,1.89
ABBOTINDIA,27895.0,2026-08-03,0.34,0.96,10.24,12.24,6.2,-15.02
ANKITMETAL,1.62,2026-08-03,4.52,10.96,10.2,1.25,-5.81,-16.92
SBICARD,665.05,2026-08-03,3.11,3.12,10.14,3.28,-11.97,-16.99
LAGNAM,88.44,2026-08-03,-2.15,-0.52,10.1,7.03,15.94,-9.66
SIGNATURE,833.65,2026-08-03,5.42,4.29,10.03,-4.1,-4.83,-26.31
ADROITINFO,9.87,2026-08-03,7.87,6.93,10.03,-1.1,4.0,-8.01
UFLEX,482.25,2026-08-03,1.22,10.24,10.03,9.05,0.45,-16.66
GANESHBE,113.64,2026-08-03,1.15,6.19,9.99,13.42,56.51,22.83
TCPLPACK,3250.8,2026-08-03,1.31,3.41,9.92,22.4,18.16,-5.41
RSL,142.89,2026-08-03,6.37,11.62,9.92,3.25,,
KTKBANK,289.45,2026-08-03,1.37,5.16,9.89,7.76,48.89,66.85
JIOFIN,263.0,2026-08-03,11.36,10.08,9.88,6.75,-0.34,-20.06
PGEL,618.0,2026-08-03,6.61,-0.47,9.87,15.73,9.94,-20.6
LORDSCHLO,147.86,2026-08-03,-6.33,3.86,9.84,2.5,1.31,-32.06
AJAXENGG,594.0,2026-08-03,4.79,0.03,9.82,13.35,14.63,-11.87
GAEL,180.68,2026-08-03,14.86,25.58,9.82,16.01,36.31,64.21
SHIVATEX,163.57,2026-08-03,5.7,11.62,9.8,-5.73,-8.9,-14.12
VR,119.05,2026-07-31,10.23,15.69,9.77,-19.29,-23.22,-36.34
BLUESTARCO,1729.2,2026-08-03,5.23,0.87,9.76,-2.43,-4.41,2.4
VENKEYS,1565.0,2026-08-03,4.08,2.8,9.74,-1.11,0.92,4.79
CLEDUCATE,59.28,2026-08-03,2.45,2.21,9.72,27.4,-20.28,-33.51
JUBLFOOD,470.0,2026-08-03,9.95,10.63,9.72,-1.52,-6.94,-26.58
TCIEXP,557.25,2026-08-03,-0.73,-3.53,9.72,6.27,5.05,-20.62
MADHUSUDAN,235.45,2026-07-31,-0.93,1.9,9.72,55.67,72.81,66.99
BNALTD,411.0,2026-08-03,-11.98,-22.01,9.72,2.79,,
EPIGRAL,1120.7,2026-08-03,-3.14,3.46,9.7,-7.41,8.85,-42.47
ARE&M,932.3,2026-08-03,6.67,2.92,9.68,7.24,12.15,-1.12
MUNJALSHOW,143.47,2026-08-03,4.78,6.19,9.58,11.36,19.93,-0.99
LTFOODS,415.3,2026-08-03,10.33,7.77,9.53,-3.56,0.83,-12.51
JLHL,319.0,2026-08-03,-2.45,2.37,9.52,30.21,26.94,11.13
DMCC,278.0,2026-08-03,2.56,4.22,9.51,0.35,26.96,-8.0
ADVANCE,124.56,2026-08-03,9.65,10.13,9.46,12.3,-2.33,
MAXIND,174.64,2026-08-03,-5.58,6.58,9.45,12.42,8.26,-17.02
EMUDHRA,477.85,2026-08-03,3.17,4.28,9.44,-2.09,-15.2,-37.97
LLOYDSENGG,91.84,2026-08-03,0.56,1.25,9.41,58.98,98.96,33.55
TIRUPATIFL,73.1,2026-08-03,-2.93,4.49,9.4,64.79,106.15,88.94
ABB,7601.0,2026-08-03,3.73,1.12,9.36,5.13,34.64,41.93
RAMRAT,429.95,2026-08-03,1.09,1.6,9.33,-2.64,47.59,28.0
SUPREMEIND,3530.0,2026-08-03,5.75,2.71,9.33,-1.87,-3.4,-16.09
PFIZER,4914.6,2026-08-03,4.73,7.35,9.32,6.02,7.0,-1.19
M&M,3428.6,2026-08-03,5.87,8.31,9.3,11.85,-1.79,9.66
VISAKAIND,86.99,2026-08-03,5.71,7.26,9.3,28.8,39.35,2.86
PAR,99.09,2026-08-03,5.02,-3.39,9.25,9.09,9.02,-1.49
PGINVIT,99.4,2026-07-31,1.09,3.97,9.21,13.53,19.53,27.25
SANATHAN,484.8,2026-08-03,-0.71,9.24,9.14,8.01,10.86,-3.92
IMFA,1492.0,2026-08-03,9.36,11.38,9.14,-0.16,19.85,107.96
ARIHANTCAP,77.48,2026-08-03,-0.74,2.57,9.11,10.51,-4.93,-21.84
MEDIORG,27.15,2026-07-31,6.47,18.56,9.04,-6.38,1.88,-39.33
UNIMECH,1259.8,2026-08-03,4.7,-1.15,9.04,25.68,34.12,11.87
KANPRPLA,211.01,2026-08-03,-5.48,4.04,9.03,0.99,6.17,3.97
MUTHOOTCAP,237.88,2026-08-03,10.6,10.72,9.01,16.55,3.36,-21.14
RBS,89.9,2026-07-31,18.92,21.49,8.97,-11.34,2.16,-32.48
KCEIL,87.45,2026-07-31,-5.61,-2.94,8.97,-30.92,-25.16,-76.11
SHINDL,160.36,2026-08-03,0.87,-0.57,8.95,8.02,,
RUBYMILLS,369.75,2026-08-03,-6.99,-5.9,8.86,56.15,78.52,53.9
KFINTECH,945.0,2026-08-03,-0.45,7.17,8.83,6.93,-7.06,-12.46
PRECISION,7.4,2026-07-31,-7.5,6.47,8.82,-3.27,-12.94,-72.39
HAVELLS,1285.0,2026-08-03,3.85,7.06,8.8,4.1,-2.02,-12.63
GLOBALPET,159.9,2026-07-31,-0.06,5.89,8.78,36.67,33.36,11.82
ROSSTECH,1067.1,2026-08-03,9.37,9.04,8.77,7.82,60.0,82.87
NUVOCO,350.6,2026-08-03,-0.16,1.36,8.76,18.17,0.76,-17.4
DCMSIL,75.68,2026-08-03,-3.72,-12.47,8.74,16.12,,
ABAN,16.57,2026-08-03,10.76,10.54,8.73,-8.2,-19.17,-62.44
TASTYBITE,9430.0,2026-08-03,6.27,7.27,8.72,34.86,28.06,-15.58
BOHRAIND,15.0,2026-08-03,13.98,14.33,8.7,-22.28,-24.92,-53.97
AKUMS,681.2,2026-08-03,0.83,0.69,8.68,25.05,52.36,33.18
NDGL,2849.0,2026-08-03,4.13,2.86,8.68,5.16,7.2,-30.21
SAKAR,922.5,2026-08-03,11.14,2.64,8.68,46.88,128.51,169.03
MPHASIS,2429.0,2026-08-03,4.13,0.65,8.6,9.55,-11.53,-9.55
APLAPOLLO,1941.5,2026-08-03,4.95,7.01,8.59,1.92,-9.17,22.22
MAHKTECH,23.6,2026-08-03,1.24,0.77,8.51,0.85,-7.34,3.15
WIPRO,188.66,2026-08-03,5.67,8.18,8.37,-4.9,-21.38,-19.37
SILVERTUC,197.38,2026-08-03,-2.49,1.62,8.36,20.78,40.73,-73.44
STYRENIX,2487.3,2026-08-03,0.46,5.17,8.35,10.01,30.33,-10.44
NIRAJISPAT,215.99,2026-08-03,13.38,13.08,8.33,-12.47,27.05,-52.3
PLASTIBLEN,190.61,2026-08-03,-0.25,-4.63,8.29,13.99,25.06,1.39
QFIL,62.8,2026-07-31,0.0,4.67,8.28,57.39,13.77,-10.03
PANAMAPET,460.75,2026-08-03,-5.41,1.64,8.27,64.67,51.71,32.46
LLOYDSENT,81.57,2026-08-03,-0.09,-0.8,8.25,19.14,37.65,1.33
HDFCGROWTH,123.35,2026-08-03,4.57,6.1,8.25,7.67,-3.4,4.87
IGCL,75.47,2026-08-03,0.4,6.99,8.11,18.14,5.48,-31.97
LUMAXIND,5772.5,2026-08-03,11.4,11.35,8.1,13.4,11.36,56.07
NAHARPOLY,274.9,2026-08-03,-1.66,4.92,8.1,8.85,14.74,-14.9
UNIDT,231.63,2026-08-03,2.46,3.42,8.09,13.97,26.78,13.21
STARPAPER,150.7,2026-08-03,0.11,2.48,8.08,7.72,6.31,-11.68
SWANDEF,2527.2,2026-08-03,3.97,11.73,8.01,37.53,40.93,685.92
GSS,13.79,2026-08-03,15.98,10.59,7.99,0.0,-8.43,-54.74
ALICON,702.75,2026-08-03,3.58,12.67,7.98,1.03,-5.9,-21.31
MUKANDLTD,143.6,2026-08-03,2.16,-0.18,7.98,4.02,14.63,2.13
IDEAFORGE,887.1,2026-08-03,3.12,3.48,7.97,45.62,104.8,104.94
SHRIPISTON,4524.4,2026-08-03,6.66,6.86,7.92,29.75,59.74,89.99
PRITIKAUTO,17.72,2026-08-03,-1.34,-1.5,7.92,32.63,29.72,0.11
PYRAMID,184.97,2026-08-03,-5.61,13.68,7.9,5.51,19.73,12.09
ADVAIT,2359.2,2026-08-03,1.92,5.66,7.81,16.76,60.38,
APOLLOPIPE,515.85,2026-08-03,2.08,4.56,7.75,14.12,92.68,27.86
INDGN,545.25,2026-08-03,7.79,7.57,7.74,9.58,9.54,-5.14
RADAAN,3.2,2026-08-03,14.7,8.84,7.74,-1.23,4.58,-17.53
WINSOME,836.67,2026-07-31,5.02,11.56,7.73,33.51,50.3,38.67
PREMIERPOL,73.56,2026-08-03,-1.24,-0.58,7.7,36.3,46.13,46.97
COMMITTED,350.0,2026-07-31,6.06,6.51,7.69,24.11,79.03,55.98
AARVI,155.21,2026-08-03,-1.34,-0.82,7.69,24.07,19.39,50.22
WORTHPERI,145.93,2026-08-03,1.83,-0.94,7.68,10.0,3.39,-5.49
JBCHEPHARM,2408.9,2026-07-23,0.0,-2.08,7.68,20.26,31.92,44.73
DCMSRIND,41.56,2026-08-03,4.4,0.12,7.67,-1.68,6.49,-74.48
ASIANTILES,53.83,2026-08-03,0.77,16.26,7.66,-17.2,-26.65,-7.81
NELCO,1000.8,2026-08-03,7.18,12.5,7.66,42.42,53.65,15.32
ANTHEM,829.85,2026-08-03,4.97,4.84,7.65,9.46,36.98,12.68
ICICIPRULI,522.35,2026-08-03,2.46,4.81,7.65,2.01,-19.9,-12.79
MAHLIFE,398.25,2026-08-03,4.73,6.71,7.65,18.07,7.78,9.17
KMSUGAR,28.19,2026-08-03,-0.49,-1.33,7.64,-8.65,17.41,5.27
POLYPLEX,1094.8,2026-08-03,-5.78,1.81,7.63,15.7,27.64,1.32
RAINBOW,1545.6,2026-08-03,4.19,3.82,7.59,23.71,39.01,1.48
AUTOBEES,299.32,2026-08-03,4.94,7.28,7.56,12.6,6.18,24.47
SIRCA,430.7,2026-08-03,8.82,10.16,7.55,2.14,-8.7,-0.07
QMSMEDI,112.3,2026-08-03,0.15,3.83,7.54,24.78,24.85,44.27
CONCOR,525.0,2026-08-03,2.84,5.21,7.54,3.17,0.12,-7.12
SYNOPTICS,74.2,2026-07-31,-4.99,-2.82,7.54,20.65,53.62,-22.59
BHEL,411.15,2026-08-03,-1.15,-1.52,7.53,17.04,53.97,78.1
CPCAP,114.57,2026-08-03,5.76,5.56,7.52,20.82,18.48,-31.76
SHYAMMETL,1025.1,2026-08-03,-0.97,-2.67,7.52,17.53,20.57,5.18
WSTCSTPAPR,569.0,2026-08-03,-2.18,10.08,7.48,17.66,43.23,11.33
GOODYEAR,857.15,2026-08-03,4.75,4.38,7.45,9.85,-32.7,-32.7
UNOMINDA,1210.0,2026-08-03,4.09,4.82,7.45,8.93,-0.1,16.18
RANEHOLDIN,1872.6,2026-08-03,6.23,7.32,7.42,66.42,37.71,23.94
SONAMAC,35.5,2026-07-31,0.71,11.11,7.41,-11.14,-9.21,-54.05
EQUIPPP,23.09,2026-08-03,-7.75,-5.37,7.4,31.49,28.64,7.6
OMAXE,85.38,2026-08-03,-5.08,-7.77,7.4,1.55,10.38,-11.03
CLEANMAX,1349.5,2026-08-03,-6.22,0.97,7.38,18.15,,
AISL,59.0,2026-07-31,-0.84,5.45,7.37,3.6,-21.44,-37.2
SUNREST,36.5,2026-07-31,4.29,4.29,7.35,1.11,12.31,-28.57
AZAD,2306.8,2026-08-03,-5.52,-1.66,7.34,6.55,49.93,59.0
HALDER,255.0,2026-08-03,9.11,11.74,7.3,3.31,-6.93,
METROPOLIS,596.45,2026-08-03,3.31,3.96,7.28,25.42,25.53,17.56
RHIM,412.25,2026-08-03,2.79,0.87,7.27,2.07,-5.11,-19.37
PNB,113.0,2026-08-03,1.24,1.11,7.26,6.33,-6.12,12.7
KOLTEPATIL,391.4,2026-08-03,1.24,4.39,7.25,2.02,8.38,-5.12
JYOTHYLAB,206.06,2026-08-03,2.02,2.48,7.25,-21.05,-13.98,-36.24
INTERNET,13.92,2026-08-03,4.98,3.65,7.24,15.01,7.93,
PANACHE,439.55,2026-08-03,3.07,1.92,7.21,20.34,36.89,70.04
COSMOFIRST,910.05,2026-08-03,0.09,9.79,7.19,28.12,42.61,-11.93
SVLL,736.4,2026-08-03,-2.85,-5.9,7.16,23.23,16.52,-6.57
MADHAVBAUG,193.5,2026-07-31,0.83,-6.52,7.14,-21.34,-14.57,-17.02
GHCLTEXTIL,114.36,2026-08-03,-1.54,0.17,7.13,29.21,46.78,32.47
BFINVEST,483.0,2026-08-03,4.98,2.28,7.13,18.7,27.18,3.96
EMCURE,1969.7,2026-08-03,2.33,5.83,7.1,17.24,30.77,44.68
PUNJABCHEM,1151.9,2026-08-03,-0.36,0.74,7.1,-1.96,-2.43,-16.83
MAHSCOOTER,13937.0,2026-08-03,7.32,7.17,7.09,14.38,4.76,-7.46
SAGILITY,43.88,2026-08-03,1.36,6.22,7.08,5.13,-11.85,-2.3
OIL,452.0,2026-08-03,2.26,-0.34,7.08,-7.91,-6.13,6.98
BPCL,329.95,2026-08-03,4.33,3.89,7.07,9.82,-11.65,8.96
SBILIFE,1915.0,2026-08-03,2.58,4.96,7.06,5.28,-4.22,6.76
LANCORHOL,26.54,2026-08-03,4.9,7.49,7.06,8.9,-4.36,15.21
MARALOVER,57.01,2026-08-03,-2.88,3.65,7.0,27.2,34.3,-21.53
TARC,135.7,2026-08-03,2.08,15.97,6.98,2.25,-11.5,-25.59
SHILCTECH,4682.5,2026-08-03,6.55,4.61,6.98,-9.01,18.06,
HINDCON,23.15,2026-08-03,11.46,7.93,6.98,-0.34,1.58,-30.4
MEDANTA,1444.9,2026-08-03,2.68,8.52,6.97,29.33,29.8,8.07
GROWWNET,10.31,2026-08-03,4.78,4.04,6.95,14.81,7.4,
UBL,1438.4,2026-08-03,0.68,6.48,6.94,-1.38,-4.7,-25.27
HNDFDS,589.05,2026-08-03,1.89,2.81,6.9,19.49,21.13,7.07
STYLAMIND,3453.0,2026-08-03,1.11,1.13,6.9,54.41,57.51,93.62
IDFCFIRSTB,86.0,2026-08-03,1.32,5.16,6.89,23.49,1.36,27.26
VRAJ,122.94,2026-08-03,-4.33,-6.89,6.83,-4.25,-1.07,-23.57
UNICHEMLAB,505.25,2026-08-03,-6.43,-15.17,6.82,29.52,22.68,-16.82
SKIL,0.94,2026-08-03,-2.08,2.17,6.82,2.17,-26.56,-54.59
SHADOWFAX,240.78,2026-08-03,14.88,8.72,6.8,45.24,116.76,
TATATECH,763.8,2026-08-03,7.08,2.02,6.77,33.4,17.59,11.76
KDDL,3463.2,2026-08-03,11.04,8.53,6.76,46.09,40.88,33.28
INDSWFTLAB,228.63,2026-08-03,-4.7,-2.29,6.76,66.23,101.67,114.33
EXIDEIND,444.7,2026-08-03,4.15,1.84,6.75,23.93,36.23,17.82
SULA,165.32,2026-08-03,9.59,10.21,6.75,-3.84,-7.95,-40.68
DIGJAMLMTD,48.59,2026-08-03,13.08,9.59,6.7,4.54,-3.3,-14.33
UNIONBANK,174.0,2026-08-03,2.29,-1.1,6.69,7.95,2.71,39.84
DSFCL,25.56,2026-08-03,-6.65,0.2,6.68,-0.45,,
HOLMARC,101.35,2026-07-31,-7.02,-7.86,6.68,4.43,8.45,-15.85
ISFT,82.5,2026-08-03,7.05,13.53,6.67,9.5,-4.09,-16.35
THYROCARE,592.55,2026-08-03,1.46,6.67,6.65,49.95,53.93,37.11
LUMAXTECH,1625.7,2026-08-03,8.82,11.64,6.64,0.27,10.46,50.0
URBAN,135.8,2026-07-31,1.99,8.77,6.64,-4.43,-1.95,-14.97
LENSKART,568.35,2026-08-03,-0.64,4.92,6.63,10.16,23.74,
SUPRAJIT,512.7,2026-08-03,4.33,4.39,6.6,23.5,10.19,13.59
MALUPAPER,33.15,2026-08-03,-5.82,14.71,6.59,1.94,3.05,-13.13
IRBINVIT,62.81,2026-07-31,1.56,3.77,6.56,9.42,9.41,14.2
PRATHAM,121.0,2026-07-31,6.0,3.51,6.56,-12.26,-8.71,-14.46
SUNDRMFAST,993.25,2026-08-03,3.65,3.93,6.55,17.95,1.87,2.41
NATCAPSUQ,162.33,2026-08-03,9.8,15.92,6.48,5.1,-1.07,-24.22
SIL,16.95,2026-08-03,4.5,4.24,6.47,12.77,22.43,-7.95
INDIAGLYCO,1145.2,2026-08-03,-3.31,0.17,6.46,9.9,31.94,39.41
RAMANEWS,30.85,2026-08-03,8.17,6.93,6.45,-4.55,1.15,-8.18
DOLPHIN,405.45,2026-08-03,6.94,7.26,6.42,-2.61,-3.41,-5.12
LOKESHMACH,335.1,2026-08-03,0.03,-0.39,6.41,34.51,90.83,71.81
MUTHOOTMF,235.66,2026-08-03,-7.6,-6.96,6.41,22.5,32.17,49.72
HMVL,95.08,2026-08-03,-0.18,3.78,6.4,44.02,32.07,6.93
3BBLACKBIO,1248.1,2026-08-03,-3.42,-1.52,6.36,4.07,,
AUTOIETF,29.74,2026-08-03,3.99,6.52,6.33,11.68,5.01,23.3
MMP,294.65,2026-08-03,3.37,3.59,6.31,19.67,17.53,14.8
SUNDROP,679.5,2026-08-03,-0.45,6.98,6.3,2.57,10.89,-16.63
SOUTHWEST,240.44,2026-08-03,2.18,1.92,6.22,-0.06,14.14,72.35
ASHOKLEY,174.55,2026-08-03,12.57,12.76,6.21,9.52,-11.18,48.51
SANSERA,3452.7,2026-08-03,5.49,3.52,6.19,37.36,86.43,160.23
MAHLOG,416.3,2026-08-03,-0.67,5.92,6.18,3.84,15.76,27.96
HALDYNGL,126.26,2026-08-03,4.82,6.9,6.17,17.07,,
HRHNEXT,28.4,2026-07-31,4.99,-1.9,6.17,-9.27,-5.33,-28.1
NATIONALUM,369.0,2026-08-03,8.74,7.61,6.16,-7.13,1.25,113.43
TBOTEK,1615.9,2026-08-03,6.37,11.86,6.16,28.72,10.46,14.17
MOTHERSON,155.01,2026-08-03,4.05,8.21,6.14,28.11,28.39,63.03
IOLCP,151.7,2026-08-03,0.16,-2.4,6.11,60.84,105.47,53.5
CANHLIFE,150.92,2026-08-03,4.08,0.77,6.1,6.81,4.1,
SUNDARMFIN,4828.7,2026-08-03,9.33,9.12,6.09,7.04,-9.34,6.57
SOMATEX,95.64,2026-08-03,-3.91,-5.87,6.08,-11.84,-15.93,5.66
QUINTEGRA,1.4,2026-08-03,-2.78,0.72,6.06,-1.41,3.7,-26.32
SAILIFE,1333.4,2026-08-03,3.61,2.81,6.05,24.68,51.67,69.21
LATENTVIEW,297.85,2026-08-03,-5.1,-4.14,6.05,1.88,-36.77,-25.84
PENINLAND,15.81,2026-08-03,-1.74,-9.24,6.04,-7.6,-27.18,-53.89
UDS,206.06,2026-08-03,-0.26,6.48,6.04,30.11,37.32,-27.29
BLUEJET,589.5,2026-08-03,2.33,0.0,6.03,32.61,39.92,-25.84
ENDURANCE,2787.6,2026-08-03,2.43,2.1,5.99,20.1,11.6,13.02
GRAPHITE,657.95,2026-08-03,-0.71,3.29,5.95,-5.93,6.44,26.16
MOBIKWIK,214.77,2026-08-03,4.48,0.3,5.95,-0.25,-9.22,-8.33
VIMTALABS,620.15,2026-08-03,5.62,16.95,5.93,36.16,41.96,-9.58
RBZJEWEL,152.54,2026-08-03,4.76,4.05,5.91,11.89,7.37,15.7
TORNTPHARM,5050.0,2026-08-03,0.61,0.89,5.91,20.91,25.93,38.51
HAL,4690.0,2026-08-03,1.54,4.43,5.9,8.09,5.78,6.9
MAGSON,180.0,2026-07-31,-1.1,-1.1,5.88,1.69,34.33,41.79
SAREGAMA,514.2,2026-08-03,-0.13,0.01,5.86,49.54,57.01,9.76
BYKE,34.45,2026-08-03,5.19,4.55,5.84,-6.16,-34.58,-54.54
TAJGVK,363.45,2026-08-03,0.93,0.64,5.84,11.66,-1.73,-12.49
GFLLIMITED,48.26,2026-08-03,2.79,4.64,5.76,-0.66,-0.17,-21.71
INDIANB,845.0,2026-08-03,1.65,-1.57,5.76,1.31,-0.82,38.92
ABCAPITAL,424.35,2026-08-03,5.97,5.78,5.76,22.82,22.84,68.76
ESCORTS,3135.5,2026-08-03,6.14,5.17,5.75,-2.18,-11.49,-3.12
ESFL,123.3,2026-07-31,-5.08,9.41,5.75,-4.42,-17.55,-70.66
SGIL,592.2,2026-08-03,-1.26,-2.97,5.68,7.52,11.64,12.38
HARRMALAYA,214.63,2026-08-03,-0.12,-1.29,5.66,-3.97,33.68,4.66
NAHARCAP,262.72,2026-08-03,7.44,4.49,5.66,4.71,10.04,-12.8
JSWSTEEL,1292.3,2026-08-03,3.83,2.81,5.65,2.79,5.72,26.46
AJANTPHARM,3513.9,2026-08-03,3.77,1.29,5.64,24.49,22.01,31.84
GULFOILLUB,1115.1,2026-08-03,6.38,11.53,5.64,13.4,-0.25,-0.93
INDUSINDBK,1028.9,2026-08-03,2.21,-0.38,5.6,12.5,11.73,31.5
LEMERITE,23.26,2026-08-03,9.05,10.97,5.58,-73.56,-74.87,-63.68
PIIND,2793.0,2026-08-03,1.84,5.1,5.55,-8.57,-11.68,-33.07
IFBIND,1354.0,2026-08-03,2.28,0.77,5.55,18.48,24.9,1.55
MARICO,880.95,2026-08-03,3.07,3.47,5.54,14.19,20.76,24.43
MHLXMIRU,148.33,2026-08-03,5.46,8.25,5.54,-19.48,-24.1,-31.14
CHOLAFIN,1888.2,2026-08-03,5.77,5.95,5.54,20.86,11.56,32.89
AMANTA,172.09,2026-08-03,7.56,4.53,5.52,31.24,61.04,
ICEMAKE,825.25,2026-08-03,-4.4,-1.45,5.5,3.46,14.53,5.62
THELEELA,501.8,2026-08-03,5.51,1.88,5.49,17.17,12.08,21.37
SCML,81.05,2026-07-31,2.79,2.47,5.47,-41.05,-36.68,-1.7
TARACHAND,58.84,2026-08-03,7.77,5.28,5.43,-7.38,-8.18,-21.6
ROCKINGDCE,188.0,2026-07-31,5.83,7.03,5.41,-6.93,-14.55,1.59
GRAVISSHO,30.99,2026-08-03,5.23,2.08,5.41,13.52,,
JPPOWER,18.76,2026-08-03,10.29,11.07,5.39,-4.87,21.5,-6.85
ORBTEXP,243.79,2026-08-03,-0.11,10.66,5.39,46.67,30.38,16.38
GROWWEV,33.15,2026-08-03,3.79,5.2,5.37,10.32,8.62,15.1
EVINDIA,33.12,2026-08-03,3.44,4.58,5.34,10.11,8.16,15.2
AARTIDRUGS,407.25,2026-08-03,-0.9,-2.57,5.34,8.22,4.82,-16.35
BHAGCHEM,298.35,2026-08-03,13.31,8.45,5.34,12.69,33.13,-1.49
TVSHLTD,14836.0,2026-08-03,0.97,5.74,5.33,4.05,-2.91,28.08
PROTEAN,630.85,2026-08-03,0.82,7.71,5.33,19.04,2.53,-18.63
KIRANVYPAR,202.99,2026-08-03,0.99,4.55,5.32,3.62,,
SHAILY,3056.0,2026-08-03,0.21,6.94,5.32,20.67,56.1,90.98
GENUSPAPER,12.47,2026-08-03,-0.95,12.55,5.32,-7.77,10.26,-30.8
NESTLEIND,1530.0,2026-08-03,5.8,5.79,5.31,5.4,18.17,35.79
AEGISLOG,1388.3,2026-08-03,7.51,0.32,5.3,99.12,99.1,97.4
TGBHOTELS,9.27,2026-08-03,2.54,8.42,5.22,-4.33,0.11,-20.7
RBLBANK,379.95,2026-08-03,4.71,3.12,5.22,12.9,24.68,47.18
FIDEL,148.95,2026-07-31,-9.18,-1.52,5.21,-14.4,8.69,-18.38
ADVENTHTL,147.88,2026-08-03,-1.06,-0.39,5.19,-3.57,-28.74,
FIEMIND,2338.4,2026-08-03,-0.77,3.18,5.18,8.99,8.26,24.3
GODREJPROP,2089.7,2026-08-03,1.01,-0.89,5.18,14.42,23.56,2.4
UGARSUGAR,42.56,2026-08-03,-1.9,7.84,5.18,-2.88,14.87,-3.7
KANORICHEM,142.97,2026-08-03,-10.49,-2.3,5.16,62.61,107.05,59.65
TNPL,154.88,2026-08-03,-0.74,6.13,5.14,2.93,15.72,1.09
STEELCAS,325.9,2026-08-03,4.64,7.0,5.13,12.8,34.86,49.53
EIDPARRY,780.3,2026-08-03,1.19,2.37,5.11,-7.55,-13.65,-35.22
NAVKARURB,1.03,2026-08-03,-2.83,-10.43,5.1,33.77,-12.71,-53.1
GEMAROMA,196.21,2026-08-03,3.61,6.13,5.09,19.95,1.76,
PNGSREVA,443.25,2026-08-03,7.04,10.49,5.02,4.73,,
GFSTEELS,14.29,2026-08-03,0.0,0.0,5.0,15.61,27.36,46.87
PANSARI,329.1,2026-08-03,-3.28,-7.71,4.98,9.96,8.61,39.75
ADANIENSOL,1647.0,2026-08-03,-3.31,-4.77,4.98,22.7,69.03,107.68
GROWWNXT50,76.32,2026-08-03,4.55,4.89,4.94,9.03,11.43,
HINDALCO,994.9,2026-08-03,5.25,4.97,4.92,-3.65,4.69,49.81
ULTRACEMCO,12054.0,2026-08-03,3.53,3.34,4.92,6.16,-2.3,1.54
PNCINFRA,247.58,2026-08-03,2.37,0.32,4.91,15.76,9.69,-21.55
ACCENTMIC,508.1,2026-07-31,0.76,-3.69,4.91,19.69,57.93,61.76
MANCREDIT,257.36,2026-08-03,15.77,14.79,4.9,48.55,58.39,40.21
ALIVUS,1214.4,2026-08-03,7.23,7.25,4.9,16.98,28.18,22.01
JINDALSTEL,1105.1,2026-08-03,3.7,6.95,4.85,-9.65,-3.88,17.11
AUTOIND,88.86,2026-08-03,-0.86,-0.08,4.84,38.67,16.98,22.89
BELRISE,241.86,2026-08-03,3.95,3.39,4.82,13.7,33.88,72.08
JSL,731.7,2026-08-03,1.06,0.13,4.81,-4.65,-9.59,4.03
XCHANGING,67.65,2026-08-03,5.39,4.29,4.79,1.59,-9.18,-22.7
TRANSWIND,13.15,2026-07-31,0.0,0.0,4.78,-21.02,-48.43,-13.2
GLAND,2579.2,2026-08-03,6.27,4.88,4.75,47.32,36.06,31.58
TRIGYN,54.89,2026-08-03,2.77,2.04,4.75,-7.39,-9.27,-33.3
TMCV,452.5,2026-08-03,10.07,10.54,4.75,11.64,-0.07,
TIMEX,549.25,2026-08-03,-2.14,-3.21,4.73,60.39,,
RILINFRA,38.75,2026-07-31,-1.52,1.97,4.73,13.14,14.31,8.39
TIIL,2628.2,2026-08-03,1.36,2.38,4.72,6.62,17.46,-15.36
AJOONI,3.99,2026-08-03,0.5,-5.0,4.72,-5.0,-6.78,-26.92
BAJAJHLDNG,11599.0,2026-08-03,7.3,12.62,4.69,14.38,7.59,-14.78
ARABIAN,69.15,2026-07-31,-0.43,2.83,4.69,-0.86,3.6,-16.69
WOCKPHARMA,2028.4,2026-08-03,8.75,5.46,4.64,45.34,50.24,25.8
ORISSAMINE,4106.3,2026-08-03,10.58,10.89,4.63,-3.33,-8.41,-14.7
DYNAMATECH,10763.0,2026-08-03,2.06,4.65,4.62,-6.96,23.47,67.84
WESTLIFE,531.2,2026-08-03,14.36,18.02,4.61,11.63,9.77,-26.09
AIIL,548.8,2026-08-03,-0.53,-0.57,4.58,16.32,4.22,-0.45
TATACAP,364.75,2026-08-03,4.05,3.5,4.57,9.67,5.5,
BRITANNIA,5531.0,2026-08-03,4.43,2.8,4.54,-1.8,-4.4,-1.75
MOLOWVOL,39.01,2026-08-03,5.46,5.32,4.53,6.44,1.96,4.78
ELLEN,273.05,2026-08-03,-3.33,-4.94,4.52,1.79,6.91,-51.44
MANORAMA,1633.0,2026-08-03,-1.56,1.99,4.52,8.22,21.17,9.85
ONWARDTEC,293.85,2026-08-03,0.38,7.5,4.52,24.52,-11.23,-10.35
DECNGOLD,204.28,2026-08-03,3.7,7.46,4.51,64.81,,
VAISHALI,7.64,2026-08-03,-1.04,-2.3,4.51,0.39,-4.5,-39.84
VELS,73.0,2026-07-31,0.0,0.0,4.51,6.8,38.39,11.62
DALBHARAT,1844.6,2026-08-03,0.99,-0.17,4.5,-2.95,-12.35,-15.92
SHARIABEES,474.65,2026-08-03,3.1,3.36,4.5,2.01,-8.55,-2.5
MANALIPETC,66.64,2026-08-03,-0.49,4.34,4.48,24.72,10.4,1.57
GRWRHITECH,7182.0,2026-08-03,0.31,3.74,4.47,79.59,83.75,116.78
NEOGEN,2056.1,2026-08-03,-0.39,-5.8,4.46,25.56,54.15,33.62
WELINV,1869.9,2026-08-03,-3.21,2.51,4.46,25.45,46.99,76.31
IVC,8.45,2026-08-03,2.18,1.93,4.45,5.62,10.03,6.92
MARINETRAN,14.1,2026-07-31,-0.35,-0.35,4.44,-20.11,-9.9,-12.42
BHARTIARTL,1970.5,2026-08-03,3.42,2.85,4.44,5.75,-0.1,5.89
VOLTAMP,10021.0,2026-08-03,9.13,6.29,4.41,-13.73,33.34,18.87
MANYAVAR,418.75,2026-08-03,2.06,1.16,4.4,-1.92,-13.86,-43.0
VGUARD,314.7,2026-08-03,7.4,5.07,4.39,-4.24,-8.76,-16.05
PODDARMENT,251.55,2026-08-03,-0.47,0.18,4.38,-0.67,2.26,-14.7
MOIPO,47.84,2026-08-03,3.8,2.68,4.36,10.08,8.8,
JOCIL,150.87,2026-08-03,1.94,7.65,4.36,17.82,18.62,-3.83
WTICAB,111.65,2026-07-31,-6.65,-13.85,4.35,-2.96,-9.92,-39.58
SURYALAXMI,60.87,2026-08-03,7.17,6.79,4.34,3.27,3.27,-11.53
TTKPRESTIG,644.3,2026-08-03,-0.62,-2.13,4.33,28.99,16.27,3.08
MUNJALAU,103.68,2026-08-03,-1.16,1.27,4.32,28.33,41.14,41.64
PGIL,2103.4,2026-08-03,4.3,0.42,4.32,37.69,19.33,52.18
ICICIBANK,1460.0,2026-08-03,1.84,0.83,4.32,16.54,5.94,0.82
ALMONDZ,13.8,2026-08-03,6.32,5.83,4.31,-16.26,-3.23,-35.84
SANGANI,44.85,2026-07-31,0.11,-0.11,4.3,-12.91,0.22,-31.0
BHAGYANGR,387.45,2026-08-03,-9.2,1.24,4.29,43.82,122.92,320.05
STERTOOLS,255.05,2026-08-03,5.47,4.06,4.28,5.03,-1.64,-24.48
SAMBHV,119.96,2026-08-03,-1.42,0.91,4.28,1.05,30.9,-3.56
SGFIN,702.6,2026-08-03,2.11,4.57,4.27,23.74,96.48,
CARERATING,1715.6,2026-08-03,0.88,2.64,4.27,3.57,7.09,4.34
RUSHIL,16.99,2026-08-03,-3.68,5.14,4.23,-0.47,-14.24,-29.61
PONNIERODE,328.3,2026-08-03,5.39,1.19,4.21,8.71,23.77,16.72
RUDRA,18.06,2026-08-03,2.15,5.49,4.21,-13.3,2.96,
COMSYN,208.72,2026-08-03,19.62,-0.3,4.2,35.0,25.65,59.31
CONSUMER,12.18,2026-08-03,3.22,3.13,4.19,11.33,8.07,5.82
GARFIBRES,761.6,2026-08-03,1.14,-1.61,4.18,23.89,2.35,-13.84
GPTHEALTH,163.94,2026-08-03,-0.34,10.99,4.16,19.5,28.38,-7.13
VMARCIND,277.75,2026-07-31,-0.45,-2.54,4.13,-71.99,-52.3,-39.31
METROGLOBL,133.26,2026-08-03,1.79,-0.07,4.11,-0.92,,
QUAL30IETF,21.6,2026-08-03,2.37,3.15,4.1,3.75,-0.51,4.85
TAINWALCHM,206.82,2026-08-03,1.33,-2.36,4.1,2.66,19.47,-9.7
COROMANDEL,2115.3,2026-08-03,5.56,4.7,4.08,6.85,-7.26,-17.94
BAYERCROP,4303.3,2026-08-03,1.53,1.0,4.06,-9.67,-2.82,-29.39
NEULANDLAB,19675.0,2026-08-03,3.59,4.02,4.05,31.38,47.43,51.43
MAWANASUG,109.86,2026-08-03,0.38,-1.95,4.05,0.74,45.07,23.74
APARINDS,14746.0,2026-08-03,4.95,6.22,4.04,19.58,51.1,67.9
DIVIDEND,36.46,2026-08-03,2.76,2.85,4.02,-0.92,,
NSIL,5622.0,2026-08-03,3.25,3.17,4.02,-1.12,-4.39,-14.09
ANTELOPUS,834.55,2026-08-03,-4.68,-3.16,4.01,20.3,53.0,41.99
TOP20,9.14,2026-08-03,3.16,3.63,3.98,4.94,,
MINDSPACE,492.13,2026-07-31,-0.39,-0.58,3.96,6.87,0.14,25.46
HAVISHA,1.32,2026-08-03,9.09,7.32,3.94,-17.5,-20.0,-37.74
INFOBEAN,171.95,2026-08-03,10.07,2.04,3.89,-3.89,-24.09,26.0
PRABHA,153.78,2026-08-03,8.28,5.84,3.88,-4.87,-2.58,-40.51
PREMCO,380.1,2026-08-03,3.25,2.41,3.88,-11.95,,
ATUL,6777.0,2026-08-03,-0.18,11.25,3.87,-0.1,8.59,4.91
GCSL,508.75,2026-08-03,-4.21,-2.05,3.87,40.79,67.22,
JETFREIGHT,22.67,2026-08-03,-3.28,-3.53,3.85,10.86,31.5,64.28
KAKATCEM,119.87,2026-08-03,2.11,0.78,3.84,-8.3,7.45,-20.05
SELECTIPO,47.57,2026-08-03,3.21,2.21,3.84,9.98,9.86,-1.47
CARTRADE,2803.3,2026-08-03,-5.88,1.74,3.84,72.68,7.26,28.8
ELGIRUBCO,57.41,2026-08-03,1.4,-1.91,3.83,7.07,33.33,8.9
ENIL,108.81,2026-08-03,2.59,0.29,3.83,-8.65,-1.8,-24.34
SUNFLAG,366.85,2026-08-03,1.3,4.49,3.82,25.37,52.14,32.72
SUPERHOUSE,158.57,2026-08-03,0.92,-8.31,3.81,4.99,-4.85,-2.62
NEAGI,3170.0,2026-08-03,4.44,4.28,3.81,-2.34,,
BCLIND,37.89,2026-08-03,7.34,7.52,3.75,6.16,36.15,-13.08
SBIETFQLTY,226.27,2026-08-03,1.92,2.7,3.74,4.58,-1.03,4.25
NIFTYQLITY,21.69,2026-08-03,1.64,2.5,3.73,3.04,-1.23,4.23
POLICYBZR,1650.0,2026-08-03,6.23,4.13,3.7,-0.97,12.85,-7.35
DHARMAJ,269.85,2026-08-03,3.73,3.83,3.69,4.04,12.33,-17.58
ZENITHDRUG,47.8,2026-07-31,-2.45,-1.65,3.69,19.65,-12.77,-28.66
AUTOAXLES,1880.5,2026-08-03,4.91,2.28,3.65,1.88,-4.37,3.52
BI,61.83,2026-08-03,5.76,-0.31,3.65,3.48,,
ASTRAL,1435.6,2026-08-03,-2.06,2.83,3.65,-6.15,-4.52,2.59
SDBL,71.41,2026-08-03,-0.92,-7.11,3.63,-18.06,-21.8,-51.41
KSHINTL,878.2,2026-08-03,-0.78,-1.76,3.62,32.59,141.7,
RICOAUTO,142.07,2026-08-03,-2.42,2.68,3.59,25.57,17.25,106.05
ORCHPHARMA,990.65,2026-08-03,0.27,-5.35,3.58,58.31,41.51,27.43
ALUWIND,49.2,2026-07-31,-4.84,6.26,3.58,-10.22,-24.02,-38.19
NETWEB,4586.0,2026-08-03,5.13,9.76,3.58,12.82,42.98,115.04
BAJAJELEC,337.65,2026-08-03,2.5,1.02,3.57,-13.99,-18.24,-44.29
GODFRYPHLP,2247.0,2026-08-03,1.65,5.32,3.54,-0.18,13.67,-22.35
NIITMTS,246.61,2026-08-03,5.58,4.95,3.54,-21.14,-36.38,-20.94
ELIN,103.55,2026-08-03,2.11,-1.61,3.53,-14.48,-35.07,-40.83
GREAVESCOT,232.67,2026-08-03,-4.64,-4.53,3.53,42.01,39.21,7.52
3MINDIA,35955.0,2026-08-03,2.16,2.03,3.52,9.54,4.14,18.03
PIDILITIND,1642.5,2026-08-03,1.94,5.65,3.52,20.25,15.87,15.73
CHOICEIN,828.1,2026-08-03,3.51,1.6,3.51,24.82,5.78,10.0
HIKAL,229.9,2026-08-03,3.57,1.16,3.51,21.48,17.81,-27.24
LOWVOL,214.3,2026-08-03,2.97,3.48,3.5,6.23,1.2,5.73
GULPOLY,198.5,2026-08-03,0.38,8.73,3.5,9.57,51.52,20.3
MINDACORP,727.6,2026-08-03,5.06,7.59,3.48,39.9,25.24,48.85
BHARATFORG,2211.0,2026-08-03,1.36,0.09,3.48,17.86,44.27,93.72
SAURASHCEM,60.14,2026-08-03,3.81,-0.45,3.48,-1.07,-18.7,-50.88
VOLTAS,1324.8,2026-08-03,0.42,-2.4,3.48,-7.09,-2.78,0.88
ALLDIGI,814.4,2026-08-03,-3.22,0.74,3.47,1.33,-11.19,-12.96
360ONE,1147.8,2026-08-03,1.33,1.89,3.45,10.94,-1.13,10.25
KRITIKA,6.01,2026-08-03,8.88,6.94,3.44,-4.75,-8.52,-34.6
MMWL,13.9,2026-08-03,1.31,-2.66,3.42,31.75,,
JSWENERGY,569.0,2026-08-03,3.51,0.23,3.42,1.74,24.35,11.59
GROWWLOVOL,10.7,2026-08-03,1.9,2.49,3.38,3.78,1.08,8.66
DIVOPPBEES,79.31,2026-08-03,2.36,2.3,3.36,-1.33,-5.73,4.53
SUNPHARMA,1963.5,2026-08-03,-0.52,0.36,3.35,8.87,16.41,21.58
HGS,430.55,2026-08-03,1.89,0.19,3.35,5.22,4.45,-24.56
SHERA,165.0,2026-07-31,-4.07,-5.17,3.35,13.79,33.06,19.48
LMW,16182.0,2026-08-03,0.26,0.52,3.34,11.37,4.09,8.05
BUTTERFLY,736.5,2026-08-03,-3.86,-2.86,3.34,23.03,23.76,2.73
CORONA,2105.7,2026-08-03,0.36,2.91,3.33,22.62,40.98,
HNGSNGBEES,496.64,2026-08-03,1.73,2.43,3.32,-4.91,-7.42,20.0
SFL,790.75,2026-08-03,3.07,3.97,3.3,55.55,51.23,17.68
LAOPALA,187.81,2026-08-03,1.04,1.04,3.28,5.08,-3.69,-29.44
IEX,128.0,2026-08-03,0.97,1.83,3.28,3.86,4.22,-0.38
GHCL,444.1,2026-08-03,1.25,2.21,3.24,-10.01,-12.68,-22.16
PETRONET,284.85,2026-08-03,4.38,3.56,3.23,4.11,-3.11,5.27
WAKEFIT,130.05,2026-08-03,1.84,1.79,3.22,-5.8,-28.9,
LOWVOL1,21.86,2026-08-03,2.87,3.21,3.21,6.22,1.02,5.91
INDHOTEL,752.0,2026-08-03,2.49,3.72,3.21,18.79,10.84,1.92
LOWVOLIETF,22.81,2026-08-03,2.33,2.66,3.21,5.7,0.62,5.46
PNBHOUSING,1090.0,2026-08-03,1.86,0.01,3.2,5.05,33.51,35.88
BATAINDIA,709.65,2026-08-03,2.75,2.63,3.2,0.06,-17.06,-39.4
HDFCQUAL,59.29,2026-08-03,2.1,2.95,3.18,3.4,-1.0,5.07
DENTA,364.05,2026-08-03,9.05,6.84,3.16,29.94,34.29,18.32
BIRET,341.48,2026-07-31,-0.57,0.14,3.15,6.57,-0.1,15.68
GOCLCORP,416.15,2026-08-03,5.1,3.75,3.14,27.99,60.12,18.83
UNIINFO,12.15,2026-08-03,-1.62,-1.54,3.14,-9.19,-15.33,-40.35
SAPPL,287.45,2026-08-03,-3.9,-5.75,3.14,-6.15,,
INDUSTOWER,395.3,2026-08-03,2.04,-1.67,3.13,-3.57,-9.86,14.55
CONSUMBEES,135.2,2026-08-03,2.22,3.44,3.12,6.59,4.78,4.37
NEXT50,768.39,2026-08-03,2.82,3.0,3.11,7.01,8.66,13.37
TI,465.8,2026-08-03,4.28,5.18,3.11,0.37,3.79,-7.63
CRAMC,261.2,2026-08-03,-0.64,2.11,3.1,4.13,2.37,
FEDDERSHOL,42.4,2026-08-03,-5.02,-12.32,3.09,24.71,,
MIDSELIETF,19.71,2026-08-03,1.34,1.55,3.09,10.85,9.2,14.79
POWERINDIA,32000.0,2026-08-03,1.43,-1.36,3.09,-4.62,62.43,55.76
FMGOETZE,474.45,2026-08-03,-1.92,-2.94,3.07,0.97,9.43,-15.21
UPL,620.0,2026-08-03,1.89,2.3,3.06,-2.47,-15.38,-5.89
VERANDA,254.45,2026-08-03,9.23,13.56,3.06,33.92,32.86,9.67
ABSLNN50ET,78.07,2026-08-03,2.43,2.64,3.04,6.32,8.52,12.87
SKP,159.7,2026-07-31,0.44,2.67,3.03,6.82,-0.19,-25.96
MAKEINDIA,167.29,2026-08-03,2.58,2.71,3.01,5.99,7.18,17.67
KUANTUM,79.35,2026-08-03,-1.02,5.67,3.0,1.52,-9.45,-36.23
KIRLFER,475.05,2026-08-03,-1.23,-1.09,2.99,9.97,5.73,5.73
POLYMED,1727.9,2026-08-03,2.81,0.41,2.99,14.27,8.89,-11.17
MOMGF,163.87,2026-08-03,2.43,3.13,2.97,5.88,7.11,17.36
CONS,12.47,2026-08-03,1.88,3.31,2.97,6.31,-89.54,-89.6
CONSUMIETF,125.94,2026-08-03,2.33,3.59,2.96,6.26,5.12,4.6
BASML,27.06,2026-08-03,1.2,3.38,2.96,11.03,7.16,-8.95
SUMICHEM,515.85,2026-08-03,-4.27,-4.59,2.95,23.37,22.42,-18.01
GODREJAGRO,565.05,2026-08-03,0.29,0.72,2.95,-3.4,5.05,-29.23
AMEYA,109.0,2026-07-31,1.07,-5.63,2.93,0.0,12.37,-5.22
RELAXO,408.7,2026-08-03,1.82,-6.49,2.91,37.11,7.17,-7.16
VARROC,686.9,2026-08-03,3.18,6.99,2.9,28.68,18.57,31.48
ALPL30IETF,28.33,2026-08-03,1.29,1.43,2.87,6.95,3.39,5.39
HDFCLOWVOL,21.2,2026-08-03,2.27,2.56,2.86,5.47,0.14,4.64
THOMASCOOK,107.15,2026-08-03,8.84,3.89,2.86,14.54,-11.98,-33.03
ENFUSE,164.5,2026-07-31,-3.8,0.03,2.84,-17.87,-27.52,-26.23
BOSCH-HCIL,1390.2,2026-08-03,4.3,3.93,2.84,-0.03,5.99,-20.11
PHARMABEES,27.23,2026-08-03,1.91,1.72,2.83,13.89,19.74,20.38
MIDQ50ADD,25.46,2026-08-03,2.7,2.04,2.83,-89.43,-89.53,-89.72
ZENSARTECH,518.0,2026-08-03,0.5,-1.59,2.81,3.26,-21.12,-32.79
ELPROINTL,178.37,2026-08-03,0.27,2.01,2.8,64.87,,
BMETRICS,37.0,2026-07-31,0.0,2.64,2.78,-9.09,-5.37,-19.24
ASTERDM,815.15,2026-08-03,1.7,0.0,2.77,16.28,49.76,37.74
IONEXCHANG,429.95,2026-08-03,0.6,-0.94,2.77,8.46,21.82,-5.54
GRAPHISAD,29.8,2026-07-31,2.76,8.36,2.76,-18.13,-37.85,-21.78
SESHAPAPER,237.87,2026-08-03,0.24,6.79,2.76,-10.49,2.54,-9.86
MENNPIS,74.43,2026-08-03,2.14,7.5,2.72,30.31,,
NEXT30ADD,43.65,2026-08-03,3.19,3.02,2.71,4.33,7.35,14.78
NGLFINE,3292.8,2026-08-03,2.05,9.4,2.71,48.69,82.58,151.14
MIDCAP,18.61,2026-08-03,1.42,0.76,2.7,7.82,-88.34,-88.34
ASAHIINDIA,897.05,2026-08-03,2.15,0.81,2.68,7.27,-9.64,10.36
MOQUALITY,206.55,2026-08-03,2.47,2.4,2.68,2.36,3.9,8.95
JUNIORBEES,801.59,2026-08-03,2.32,2.57,2.67,6.48,8.5,12.71
MONEXT50,73.97,2026-08-03,1.94,3.27,2.67,6.71,8.14,12.63
GREENPANEL,196.72,2026-08-03,2.8,2.27,2.67,-13.84,-10.84,-29.66
NIDAN,13.45,2026-07-31,2.28,3.86,2.67,-10.63,-11.8,-34.39
MARINE,287.75,2026-08-03,6.59,13.02,2.66,25.49,48.14,63.14
MSCIINDIA,30.5,2026-08-03,2.59,1.97,2.66,4.02,-0.65,4.63
DVL,245.89,2026-08-03,1.94,0.45,2.64,1.36,-5.13,-28.36
INOXINDIA,1920.4,2026-08-03,-3.3,-4.14,2.64,31.96,69.51,68.72
ASIANPAINT,2810.0,2026-08-03,3.68,4.41,2.64,15.95,16.83,16.78
DENTALKART,393.75,2026-07-31,-8.77,-6.31,2.63,-13.27,-34.63,-37.05
EQUAL200,14.08,2026-08-03,2.47,1.88,2.62,5.81,6.17,10.83
MEESHO,191.57,2026-08-03,5.2,3.18,2.62,-0.81,28.29,
ALKEM,5707.0,2026-08-03,1.67,0.95,2.6,5.69,0.89,17.63
HCG,671.75,2026-08-03,-0.77,2.76,2.59,17.33,12.13,9.75
RATEGAIN,965.4,2026-08-03,6.58,1.79,2.59,60.21,49.18,123.14
TRAVELFOOD,1344.6,2026-08-03,5.34,3.1,2.58,6.73,22.28,31.01
IBLFL,61.55,2026-07-31,0.9,0.9,2.58,-0.73,27.96,-3.45
THEINVEST,101.23,2026-08-03,5.01,4.23,2.57,-4.36,-1.1,-38.13
IMAGICAA,49.09,2026-08-03,7.37,6.28,2.57,7.94,-1.7,-22.63
RVHL,45.97,2026-08-03,0.97,1.01,2.57,9.58,0.2,9.48
MON50EQUAL,34.24,2026-08-03,3.01,2.99,2.57,5.28,2.48,11.15
EQUAL50,341.18,2026-08-03,3.0,2.58,2.56,4.96,2.19,10.86
FINIETF,33.8,2026-08-03,3.74,3.55,2.55,7.44,5.86,15.4
GRETEX,285.1,2026-07-31,-4.97,-6.22,2.55,-1.35,38.4,20.81
MCL,56.17,2026-08-03,5.33,6.71,2.54,-4.06,-30.57,12.36
SAKHTISUG,17.44,2026-08-03,1.4,3.26,2.53,-11.02,0.75,-25.57
NRBBEARING,433.8,2026-08-03,3.47,7.18,2.52,53.78,68.66,60.25
NEXT50IETF,78.06,2026-08-03,2.16,2.41,2.52,6.06,8.13,12.49
INM,183.0,2026-07-31,1.67,9.55,2.52,17.12,-6.61,-65.12
BGLOBAL,3.27,2026-08-03,4.81,1.87,2.51,5.48,11.99,10.47
EQUAL50ADD,351.94,2026-08-03,2.63,2.45,2.51,4.78,1.94,10.69
NEPHROPLUS,688.75,2026-08-03,1.04,9.53,2.5,30.14,34.09,
MACPOWER,1457.8,2026-08-03,10.58,11.94,2.5,29.28,71.96,40.27
SHRIRAMFIN,1090.2,2026-08-03,5.01,5.29,2.5,16.96,9.59,79.59
NEXT50ETF,74.87,2026-08-03,2.7,2.79,2.49,8.01,8.57,
AMBIKCO,1778.9,2026-08-03,3.83,4.02,2.49,19.41,33.66,21.62
GRASIM,3260.0,2026-08-03,4.74,3.7,2.49,16.66,16.06,20.19
BASF,3729.7,2026-08-03,0.44,1.85,2.48,3.1,-0.13,-22.19
SML100CASE,11.15,2026-08-03,2.58,1.64,2.48,9.21,16.12,
SETFNN50,795.3,2026-08-03,2.24,2.73,2.46,5.8,8.61,12.89
METALIETF,12.97,2026-08-03,3.43,2.77,2.45,1.33,8.63,42.37
URJA,10.06,2026-08-03,10.55,8.76,2.44,-11.99,0.4,-27.15
SILINV,427.6,2026-08-03,2.59,1.89,2.44,-8.37,-5.61,-25.35
ROSSELLIND,58.74,2026-08-03,-0.25,-5.9,2.44,5.76,39.92,-9.45
NEXT50ADD,74.12,2026-08-03,1.9,1.74,2.43,6.05,,
SBIETFCON,124.4,2026-08-03,1.45,2.64,2.43,6.09,3.94,3.3
HEXT,559.85,2026-08-03,-0.55,0.76,2.42,27.43,-21.41,-17.2
CPEDU,207.48,2026-08-03,5.15,10.65,2.41,-3.62,-3.4,
PGHL,6501.5,2026-08-03,-4.16,-5.12,2.4,24.62,27.28,8.49
SHILPAMED,623.55,2026-08-03,0.48,-0.3,2.4,53.34,107.88,45.65
ADVENZYMES,323.75,2026-08-03,2.26,1.91,2.38,-6.49,13.81,-9.77
POONAWALLA,471.9,2026-08-03,1.46,1.0,2.38,13.11,15.27,12.53
GANDHITUBE,881.2,2026-08-03,0.61,1.85,2.36,5.81,18.62,15.26
MOMNC,33.47,2026-08-03,2.45,3.35,2.33,5.5,9.57,
QPOWER,1158.0,2026-08-03,4.74,1.67,2.29,-16.09,55.71,52.6
IWP,33.13,2026-08-03,0.76,2.44,2.28,-2.42,,
HDFCNEXT50,75.3,2026-08-03,1.76,1.96,2.28,5.73,7.59,11.84
CANARYS,20.25,2026-07-31,4.92,6.02,2.27,7.71,-21.81,-43.75
TATAELXSI,3761.9,2026-08-03,5.84,6.37,2.26,-7.28,-30.48,-36.75
SBINMID150,23.43,2026-08-03,2.09,1.03,2.26,6.48,,
DEVYANI,116.76,2026-08-03,0.6,5.27,2.25,-6.39,0.62,-27.69
CARYSIL,1188.3,2026-08-03,2.96,0.89,2.25,31.61,24.06,42.28
NXST,166.9,2026-07-31,-0.36,-0.38,2.24,9.04,11.34,20.34
SNXT50BETA,95.84,2026-08-03,1.97,1.67,2.23,5.97,5.13,
MOALPHA50,54.39,2026-08-03,1.7,1.98,2.22,7.49,11.24,
METAL,13.0,2026-08-03,3.26,2.77,2.2,0.62,8.97,42.39
RKDL,19.14,2026-08-03,-1.75,-0.62,2.19,-11.92,-5.62,-33.12
ANDHRSUGAR,85.48,2026-08-03,-2.25,4.38,2.19,-12.48,22.29,12.99
AMNPLST,197.51,2026-08-03,1.2,2.47,2.17,21.09,19.53,-13.03
CUMMINSIND,5550.0,2026-08-03,-1.41,0.8,2.15,6.26,34.94,57.52
QUADPRO,2.4,2026-07-31,0.0,0.0,2.13,23.08,11.63,-30.43
STARHEALTH,592.6,2026-08-03,0.09,1.96,2.12,12.74,26.03,36.06
TARMAT,50.13,2026-08-03,-0.61,-0.26,2.12,-5.07,-8.9,-7.18
SALSTEEL,57.69,2026-08-03,-3.11,10.58,2.11,-2.09,46.76,251.13
HDFCMID150,23.67,2026-08-03,1.85,1.37,2.11,6.77,7.3,11.07
YCCL,9.7,2026-07-31,3.74,-0.51,2.11,-1.02,-13.0,-22.4
SAMHI,181.68,2026-08-03,1.76,11.36,2.1,16.26,6.96,-20.17
IFBAGRO,984.0,2026-08-03,-5.8,0.95,2.1,13.58,-12.06,12.67
SOUTHBANK,47.07,2026-08-03,-1.73,1.93,2.1,19.29,19.77,63.22
DDEVPLSTIK,288.35,2026-08-03,4.68,0.05,2.09,14.05,-0.92,-1.28
SBINEQWETF,34.25,2026-08-03,2.67,2.48,2.09,4.77,2.12,10.52
CHEMFAB,376.95,2026-08-03,-0.01,1.06,2.09,-7.77,-6.89,-47.51
HOACFOODS,720.0,2026-07-31,-0.28,4.81,2.08,63.27,128.57,244.09
CHEVIOT,1130.4,2026-08-03,-0.51,2.71,2.07,-1.5,11.81,-3.45
ABREL,1432.1,2026-08-03,2.28,-0.67,2.06,-3.47,14.96,-24.37
MANGLMCEM,945.5,2026-08-03,-3.98,-3.54,2.06,2.49,21.41,37.49
CCAVENUE,17.43,2026-08-03,4.18,1.16,2.05,26.86,3.14,13.33
CENTEXT,20.0,2026-08-03,6.95,5.88,2.04,-7.92,-6.19,-13.53
TAPIFRUIT,50.0,2026-07-31,0.0,4.82,2.04,-13.72,-25.93,-29.78
LICNFNHGP,282.62,2026-08-03,2.73,1.76,2.04,4.09,-1.53,3.33
AFFORDABLE,177.54,2026-08-03,-3.58,-7.26,2.03,-0.38,-8.09,-54.2
SAMBHAAV,6.58,2026-08-03,3.95,7.69,2.02,-4.5,-15.96,-3.94
WHIRLPOOL,824.45,2026-08-03,3.73,6.58,2.02,-16.35,4.28,-37.09
INDIGOPNTS,1087.4,2026-08-03,1.26,0.87,2.02,26.41,5.58,-9.45
GROWWMC150,232.82,2026-08-03,1.69,0.79,2.02,5.64,6.08,
GROWWMETAL,12.24,2026-08-03,3.2,2.68,2.0,-0.08,8.22,
MID150CASE,11.73,2026-08-03,1.73,1.03,2.0,6.35,7.32,11.4
ROLLT,2.58,2026-08-03,16.22,22.86,1.98,34.37,109.76,74.32
MID150BEES,241.51,2026-08-03,1.7,1.08,1.97,6.2,6.94,10.94
RECLTD,368.1,2026-08-03,1.13,2.43,1.96,5.09,2.15,-0.21
MIDCAPBETA,236.2,2026-08-03,1.81,1.5,1.96,6.62,6.51,
HINDZINC,547.0,2026-08-03,3.28,4.66,1.95,-8.21,-11.34,34.09
WENDT,8206.0,2026-08-03,-1.16,8.27,1.94,18.46,19.78,-16.13
SHANTI,6.9,2026-08-03,0.44,-1.43,1.92,-2.54,-1.0,-41.87
CREST,389.7,2026-08-03,3.92,3.3,1.92,6.49,8.0,6.6
MIDCAPETF,23.86,2026-08-03,1.92,1.19,1.92,6.14,7.0,11.24
PARTYCRUS,88.0,2026-07-31,-2.17,1.15,1.91,-3.3,9.32,22.91
ESG,42.47,2026-08-03,2.44,1.82,1.9,3.86,-3.26,1.17
INDIANCARD,224.29,2026-08-03,-0.14,0.57,1.9,7.78,-3.48,-22.83
MSUMI,41.48,2026-08-03,-0.62,4.54,1.89,3.8,-6.36,12.16
TDPOWERSYS,1112.4,2026-08-03,-2.55,-2.52,1.89,-3.5,36.08,120.57
ARCHIDPLY,81.8,2026-08-03,0.43,1.1,1.89,-2.94,-8.68,-25.04
KIOCL,394.9,2026-08-03,11.13,6.21,1.88,-2.76,9.44,9.07
MOREALTY,90.41,2026-08-03,0.03,-1.39,1.87,13.79,10.91,0.7
HDFCBSE500,38.25,2026-08-03,2.57,1.65,1.86,5.37,1.0,5.58
MOSERVICE,31.77,2026-08-03,2.45,0.64,1.85,5.06,-5.77,
TORNTPOWER,1391.7,2026-08-03,-3.35,-2.9,1.84,-19.56,2.97,9.53
IFCI,77.31,2026-08-03,9.83,5.72,1.84,31.73,36.23,33.39
LICNETFN50,275.94,2026-08-03,2.77,1.28,1.83,2.79,-3.47,1.2
MOGSEC,66.02,2026-08-03,0.44,1.68,1.82,3.85,4.86,6.31
NEXT50BETA,79.39,2026-08-03,1.57,1.59,1.81,4.83,7.43,
TATAPOWER,382.0,2026-08-03,1.23,-0.6,1.81,-13.54,5.28,-1.27
BSE500IETF,40.0,2026-08-03,2.3,1.5,1.81,4.3,0.83,4.33
DISAQ,12332.0,2026-08-03,1.16,3.87,1.8,-0.81,,
MULTICAP,16.93,2026-08-03,2.23,1.44,1.8,5.61,4.18,6.54
RML,1210.8,2026-08-03,6.9,4.27,1.78,51.76,63.6,47.71
SEAMECLTD,1457.2,2026-08-03,3.26,7.08,1.78,-8.48,18.44,84.02
MIDCAPIETF,24.15,2026-08-03,1.56,1.34,1.77,6.11,7.14,11.03
TOP10ADD,89.56,2026-08-03,3.19,1.9,1.77,1.11,-9.41,-6.0
GROWWN200,11.56,2026-08-03,2.12,1.49,1.76,4.62,-0.17,4.65
DREDGECORP,1096.5,2026-08-03,2.97,7.54,1.76,16.84,-1.43,65.87
PCBL,326.8,2026-08-03,0.2,0.38,1.76,12.46,9.02,-17.05
ONGC,242.0,2026-08-03,1.44,-3.04,1.75,-19.21,-3.62,7.73
JASH,500.6,2026-08-03,-3.13,-5.28,1.75,19.55,22.45,-11.73
LICNMID100,63.8,2026-08-03,1.88,1.05,1.74,6.0,6.83,12.34
GUJAPOLLO,364.0,2026-08-03,1.34,4.49,1.73,-15.88,-6.59,-24.15
ENTERO,1233.2,2026-08-03,-3.16,3.66,1.72,1.38,7.81,-5.39
VARDHACRLC,45.11,2026-08-03,2.43,3.99,1.71,20.71,19.62,-2.7
GROWWRLTY,10.09,2026-08-03,-0.3,-1.85,1.71,12.74,10.76,
MATRIMONY,430.95,2026-08-03,0.38,-1.99,1.71,2.41,-17.77,-20.4
CROWN,115.11,2026-08-03,2.31,2.25,1.71,-11.54,-8.86,-30.48
ALPHA,52.24,2026-08-03,1.56,1.14,1.71,6.96,11.22,5.64
TOP100CASE,10.79,2026-08-03,2.57,1.7,1.7,3.65,-1.37,2.96
GEECEE,361.45,2026-08-03,6.03,4.8,1.7,22.14,14.15,-2.01
MIDCAPADD,23.35,2026-08-03,1.79,0.95,1.7,5.56,6.62,
NIFTYETF,267.69,2026-08-03,2.46,1.24,1.7,3.04,-3.67,1.18
KSL,886.5,2026-08-03,0.08,-2.71,1.65,5.53,26.47,5.06
MNC,34.35,2026-08-03,2.08,2.66,1.63,4.41,9.12,17.64
MAGNUM,19.99,2026-08-03,0.71,7.18,1.63,-3.01,-6.02,-17.67
SPECIALITY,132.12,2026-08-03,0.07,-2.49,1.63,27.28,14.61,1.55
SBIMIDMOM,63.25,2026-08-03,1.75,0.76,1.62,3.13,,
MANAKCOAT,120.08,2026-08-03,-4.78,-6.44,1.62,10.28,-1.49,-22.77
GLOBALVECT,165.1,2026-08-03,3.37,9.29,1.61,-9.17,-5.73,-25.11
SARDAEN,516.2,2026-08-03,0.76,2.78,1.61,-12.74,2.32,17.8
JKCEMENT,5563.5,2026-08-03,-2.91,2.03,1.61,5.62,-0.6,-16.42
UTTAMSUGAR,240.45,2026-08-03,5.13,2.44,1.59,-6.31,9.75,-6.37
MOM100,68.22,2026-08-03,1.41,0.55,1.59,6.01,6.59,11.96
REGAAL,85.97,2026-08-03,10.81,9.74,1.58,3.78,43.19,
CAPITALSFB,295.65,2026-08-03,-1.4,-3.14,1.58,7.56,17.11,-0.99
GROWWCHEM,30.45,2026-08-03,0.3,-0.46,1.57,7.52,6.47,
NITINSPIN,572.35,2026-08-03,6.02,4.12,1.56,23.91,64.09,58.21
MIDSMALL,51.42,2026-08-03,1.32,1.06,1.56,3.73,8.23,6.53
SNOWMAN,38.5,2026-08-03,5.91,4.31,1.56,-5.29,1.0,-27.1
NIF100IETF,28.64,2026-08-03,2.47,1.45,1.56,5.41,-2.15,20.53
VITAL,48.42,2026-08-03,5.26,-2.69,1.55,-19.79,-5.06,-11.8
HEALTHCARE,21.61,2026-08-03,1.31,1.22,1.55,13.74,,
MODTHREAD,48.85,2026-08-03,-0.85,2.8,1.54,6.31,15.57,-0.51
SHARDAMOTR,912.3,2026-08-03,9.32,5.85,1.53,5.62,2.68,-13.11
JAMNAAUTO,140.86,2026-08-03,4.29,4.76,1.52,15.88,11.39,58.37
IGIL,364.95,2026-08-03,10.69,6.66,1.52,5.49,10.09,-0.43
IOC,143.7,2026-08-03,1.54,0.91,1.51,1.02,-13.17,8.64
CENTUM,3676.5,2026-08-03,5.1,-0.88,1.51,29.28,56.35,75.07
KINGFA,5185.5,2026-08-03,1.11,2.68,1.51,8.5,18.35,61.67
TMPV,349.3,2026-08-03,6.61,3.82,1.51,3.12,-5.34,-45.72
SMARTWORKS,481.65,2026-08-03,-0.69,-0.91,1.5,11.36,3.76,13.33
NIFTYBETF,252.68,2026-08-03,2.31,1.25,1.5,2.59,-4.04,0.78
SHIVAMILLS,60.31,2026-08-03,1.28,1.6,1.5,0.1,8.71,-19.76
ORIENTCER,41.0,2026-08-03,1.69,-1.51,1.49,-0.29,-2.22,0.71
UCL,204.95,2026-07-31,7.87,18.81,1.49,64.03,294.13,345.54
RAMAPHO,130.91,2026-08-03,0.21,5.6,1.48,-5.15,-15.77,-16.6
ZFCVINDIA,2447.8,2026-08-03,6.47,4.67,1.48,0.09,-4.34,13.87
SADHAV,119.9,2026-07-31,1.57,5.31,1.48,2.26,18.65,4.67
BSLNIFTY,28.84,2026-08-03,2.34,1.51,1.48,2.85,-3.93,1.16
INDIACEM,390.95,2026-08-03,-1.86,-0.39,1.47,-1.25,-15.15,7.97
COLPAL,2077.0,2026-08-03,-2.79,-1.71,1.47,0.25,-1.74,-5.93
GROWWRAIL,29.78,2026-08-03,3.37,2.41,1.47,-8.54,-11.1,-15.73
NIFTYADD,258.73,2026-08-03,2.29,1.47,1.46,2.8,-3.94,0.94
ABMINTLLTD,42.51,2026-08-03,-4.75,-0.72,1.46,-2.86,7.27,-28.2
SENSEXETF,81.25,2026-08-03,2.55,1.4,1.45,2.87,-5.25,-1.4
LGEINDIA,1569.8,2026-08-03,2.82,-0.42,1.44,-1.46,4.73,
SETFNIF50,264.58,2026-08-03,2.28,1.61,1.44,2.91,-3.89,0.92
NIFTYBEES,279.87,2026-08-03,2.3,1.56,1.44,2.89,-3.9,0.91
GILLETTE,7719.0,2026-08-03,-2.79,-1.24,1.43,-2.95,-10.97,-26.11
IGL,156.17,2026-08-03,3.93,0.98,1.42,-5.93,-7.98,-20.47
MSCIADD,30.07,2026-08-03,1.93,1.31,1.42,3.51,,
ACCELYA,1141.9,2026-08-03,-1.59,-1.47,1.41,-1.44,-13.01,-13.09
NIFTYIETF,278.33,2026-08-03,2.27,1.52,1.41,2.82,-3.89,0.89
QNIFTY,270.54,2026-08-03,2.4,1.44,1.41,3.03,-90.41,-89.89
STLTECH,584.9,2026-08-03,5.31,16.14,1.4,98.41,369.57,404.7
TATAINVEST,676.65,2026-08-03,4.11,2.21,1.4,-5.47,7.24,0.28
AONENIFTY,10.13,2026-08-03,2.22,1.4,1.4,2.84,-3.89,0.7
KOTARISUG,26.13,2026-08-03,5.19,3.16,1.4,-6.04,6.7,-19.45
BALAXI,24.0,2026-08-03,-1.6,-0.08,1.39,-9.88,-5.88,-49.32
IVALUE,274.7,2026-08-03,-4.92,-7.9,1.38,6.42,8.28,
PTC,180.11,2026-08-03,8.28,4.12,1.38,-13.28,4.34,1.53
KEL,81.0,2026-07-31,3.71,2.53,1.38,-3.23,-17.39,-28.85
DENORA,891.05,2026-08-03,2.3,1.15,1.37,4.14,34.12,4.72
MHHL,37.0,2026-07-31,9.31,0.0,1.37,-5.13,2.64,-31.99
BERGEPAINT,526.55,2026-08-03,4.47,7.31,1.37,11.3,9.69,-6.49
AONETOTAL,12.02,2026-08-03,1.78,1.18,1.35,4.8,1.69,4.52
TALBROAUTO,417.65,2026-08-03,7.96,0.26,1.35,25.55,58.89,47.62
HTMEDIA,24.87,2026-08-03,1.26,-5.47,1.34,12.53,14.87,7.34
MONIFTY500,24.19,2026-08-03,2.41,1.68,1.34,4.67,1.0,4.63
GRANULES,843.2,2026-08-03,0.26,-3.55,1.34,20.76,47.77,87.04
MONIFTY100,25.77,2026-08-03,1.98,1.19,1.33,3.29,-2.26,
HEALTHIETF,171.14,2026-08-03,1.35,1.04,1.32,12.06,17.33,15.6
NIFTY1,272.05,2026-08-03,2.11,1.1,1.31,2.81,-4.11,0.42
SRTL,40.22,2026-08-03,-1.59,-3.89,1.31,-16.37,,
BSLSENETFG,79.14,2026-08-03,2.1,0.88,1.29,2.49,-5.54,-1.74
IDFNIFTYET,271.54,2026-08-03,2.42,1.32,1.28,2.98,-3.95,0.62
KILITCH,190.86,2026-08-03,5.53,7.13,1.28,23.92,13.78,-14.22
LIBERTSHOE,261.9,2026-08-03,-2.64,-2.93,1.28,3.47,2.14,-21.34
PROV,1620.0,2026-07-31,-5.81,-4.87,1.25,21.99,29.81,70.35
PAVNAIND,18.01,2026-08-03,11.04,6.76,1.24,-6.1,-0.5,-53.75
SHIGAN,65.5,2026-07-31,4.72,3.72,1.24,-14.38,-2.24,-16.59
LUXIND,1260.0,2026-08-03,1.07,-1.52,1.24,-9.88,30.06,-7.51
SBGLP,25.55,2026-08-03,4.58,-0.47,1.23,-4.59,-24.7,-37.73
PTCIL,17981.0,2026-08-03,0.32,-0.27,1.23,11.91,0.65,21.49
MOHEALTH,51.52,2026-08-03,-0.04,0.51,1.22,14.01,20.15,14.95
GROWWMOM50,10.75,2026-08-03,1.22,1.03,1.22,3.37,4.17,4.6
HIGREEN,138.7,2026-07-31,1.24,-0.61,1.2,0.47,-4.15,-37.24
MOMENTUM50,53.01,2026-08-03,1.09,0.57,1.2,3.47,4.31,3.98
AGARWALEYE,483.3,2026-08-03,1.49,-0.29,1.19,8.58,8.44,6.96
HEALTHY,17.12,2026-08-03,0.88,0.94,1.18,11.82,17.1,15.05
TEXINFRA,113.93,2026-08-03,0.64,-0.07,1.18,17.56,16.58,16.07
ELGIEQUIP,582.6,2026-08-03,0.65,-0.92,1.17,5.75,18.88,4.88
NIFTYBETA,272.09,2026-08-03,2.15,1.28,1.17,2.57,-4.0,
NV20BEES,142.62,2026-08-03,2.54,0.78,1.16,-1.27,-9.07,49.78
RELIANCE,1319.0,2026-08-03,3.05,-0.31,1.15,-7.39,-7.79,-4.54
OILIETF,11.45,2026-08-03,1.6,-0.52,1.15,-3.62,-4.74,2.05
KICL,5522.0,2026-08-03,1.4,-0.27,1.15,16.11,15.47,16.63
GOODLUCK,1507.2,2026-08-03,-1.34,-3.41,1.14,20.13,31.67,40.96
SHREECEM,27000.0,2026-08-03,0.52,0.56,1.14,11.88,0.19,-11.5
SENSEXADD,81.11,2026-08-03,2.58,1.49,1.13,2.63,-5.2,-1.6
JSLL,582.5,2026-08-03,3.03,1.3,1.12,-13.69,-13.67,5.8
SAHLIBHFI,78.52,2026-08-03,0.41,-0.73,1.12,-3.95,,
ULTRAMAR,385.2,2026-08-03,2.73,1.8,1.11,-4.65,,
CIPLA,1474.4,2026-08-03,4.61,2.28,1.11,13.64,12.51,-0.97
SANDUMA,212.05,2026-08-03,7.01,9.39,1.11,0.68,-5.14,43.29
INDIGRID,178.76,2026-07-31,0.88,0.11,1.1,6.4,14.14,22.76
CAPLIPOINT,2566.1,2026-08-03,-2.11,-3.14,1.1,50.45,37.68,29.5
INDIQUBE,171.97,2026-08-03,-3.12,5.33,1.08,-2.07,-0.85,-21.01
HDFCNIFTY,275.72,2026-08-03,1.9,1.06,1.07,2.36,-4.27,0.46
TOP15IETF,10.03,2026-08-03,1.31,0.64,1.07,1.83,-7.16,-0.35
SHRADHA,33.86,2026-08-03,-2.87,-9.39,1.07,-6.13,-10.94,-43.88
HDFCSENSEX,89.02,2026-08-03,2.38,1.24,1.07,2.76,-5.79,-1.83
HDFCSML250,183.38,2026-08-03,1.91,1.09,1.06,8.74,13.95,7.93
COMPUSOFT,13.4,2026-08-03,1.36,3.0,1.06,-4.76,-8.78,-33.15
SHREYANIND,141.88,2026-08-03,-0.78,4.29,1.06,-16.43,-14.5,-36.94
GROWWSC250,10.51,2026-08-03,2.64,0.86,1.06,8.91,13.74,
MOM50,256.41,2026-08-03,2.11,1.13,1.06,2.59,-4.32,0.57
BORANA,318.85,2026-08-03,-2.8,-3.98,1.05,-8.18,-14.0,45.26
IMPAL,1104.6,2026-08-03,-2.45,-0.84,1.04,12.25,4.03,9.87
IDBI,84.71,2026-08-03,0.27,-0.38,1.04,11.64,-17.15,-6.08
NETF,266.73,2026-08-03,2.43,1.29,1.03,2.7,-4.14,0.7
KAJARIACER,1214.7,2026-08-03,-0.43,-2.21,1.03,2.28,32.77,3.65
HDFCNIF100,26.45,2026-08-03,2.2,1.26,1.03,3.36,-2.51,2.52
SREEL,216.45,2026-08-03,-2.81,1.67,1.01,19.16,0.49,-8.79
JWL,264.95,2026-08-03,7.01,5.33,1.01,-6.62,-14.38,-21.17
SMALLADD,18.27,2026-08-03,1.84,0.72,1.0,8.94,14.33,
HPIL,127.74,2026-08-03,4.84,2.54,0.98,-5.29,-1.67,-13.62
LICNETFSEN,888.5,2026-08-03,2.49,0.93,0.98,2.72,-5.47,-1.39
DCBBANK,191.09,2026-08-03,0.44,0.65,0.96,3.18,0.17,42.56
AUROIMPEX,27.2,2026-07-31,6.67,7.51,0.93,-20.0,-26.09,-51.43
BHAGERIA,219.57,2026-08-03,0.67,4.94,0.93,28.09,33.16,10.62
GRINDWELL,2087.8,2026-08-03,3.63,-1.89,0.92,33.74,28.87,38.0
ALPHAETF,26.25,2026-08-03,1.39,0.77,0.92,5.38,6.49,6.79
SBFC,92.08,2026-08-03,1.88,-1.52,0.91,-0.25,2.33,-9.14
SONAMLTD,54.16,2026-08-03,-3.27,-1.78,0.91,4.8,31.01,17.51
JSWINFRA,329.0,2026-08-03,2.24,-5.58,0.9,21.33,25.14,8.53
HILINFRA,47.0,2026-08-03,1.36,7.65,0.9,-9.39,-9.96,
KANDARP,100.9,2026-07-31,4.34,6.21,0.9,-33.4,-31.82,20.77
NIF100BEES,270.3,2026-08-03,1.43,0.82,0.89,2.58,-2.79,1.81
MWL,37.9,2026-08-03,5.57,3.08,0.88,8.13,38.87,109.57
SEJALLTD,742.55,2026-08-03,-3.87,1.34,0.88,-11.95,1.13,49.74
HEALTHX,315.0,2026-08-03,0.46,-0.99,0.88,11.8,5.97,10.76
GLENMARK,2230.0,2026-08-03,1.55,-0.42,0.86,-7.33,14.11,8.11
REPL,65.08,2026-08-03,2.34,0.39,0.85,-20.41,-35.76,-61.38
PARIN,721.0,2026-07-31,-1.82,-1.23,0.85,14.67,14.64,82.39
GODREJCP,1085.9,2026-08-03,1.14,1.98,0.84,2.27,-4.81,-12.72
PULZ,24.0,2026-07-31,4.35,4.35,0.84,-7.51,2.13,-44.76
SOLARINDS,18659.0,2026-08-03,0.23,-1.88,0.84,20.93,35.36,35.22
SMALLCAP,47.4,2026-08-03,1.04,0.15,0.83,7.51,11.37,5.45
SENSEXIETF,898.76,2026-08-03,1.73,0.72,0.83,2.13,-6.18,-2.31
GOPAL,278.9,2026-08-03,7.21,5.68,0.83,2.79,-7.98,-22.49
SHIVAUM,428.05,2026-08-03,10.22,5.69,0.82,20.58,32.96,41.74
GROWWNIFTY,9.89,2026-08-03,2.06,1.33,0.82,2.49,-4.26,
FELDVR,2.49,2026-08-03,5.06,-0.4,0.81,-15.88,-4.6,-31.22
TNPETRO,97.85,2026-08-03,3.94,3.9,0.8,12.77,2.97,3.65
ALLETEC,139.0,2026-07-31,2.06,0.72,0.8,-18.24,-28.15,-59.32
CASTROLIND,185.84,2026-08-03,0.82,0.85,0.8,0.55,3.46,-11.0
SABAR,6.35,2026-07-31,12.39,35.11,0.79,23.3,5.83,38.04
SVPGLOB,3.89,2026-08-03,2.37,-1.77,0.78,7.46,13.74,5.99
KIRLOSBROS,1859.7,2026-08-03,1.43,-1.71,0.77,7.91,16.63,-0.02
COMMOIETF,101.49,2026-08-03,1.64,0.46,0.77,-2.81,2.65,16.21
DCMSHRIRAM,1029.8,2026-08-03,0.08,0.24,0.76,-15.79,-11.44,-24.14
OFSS,11332.0,2026-08-03,2.19,-2.48,0.75,19.84,48.94,41.28
DAMCAPITAL,153.71,2026-08-03,-2.01,-5.61,0.75,-0.02,-14.63,-29.17
ABSLMSCIN,29.79,2026-08-03,1.5,0.61,0.74,2.72,,
GOLDIAM,362.95,2026-08-03,2.02,5.52,0.74,28.33,36.25,47.4
PRIZOR,877.0,2026-07-31,1.98,8.0,0.73,22.04,226.02,255.35
INFINIUM,206.0,2026-07-31,-0.05,-2.23,0.73,-4.74,-5.5,-25.77
JINDALPOLY,625.0,2026-08-03,-1.64,-6.19,0.73,-13.87,57.45,13.36
TSFINV,454.3,2026-08-03,5.26,-4.87,0.71,13.84,2.26,0.17
HARIOMPIPE,402.7,2026-08-03,1.95,0.71,0.71,21.02,-1.95,-7.36
SUDARCOLOR,369.3,2026-08-03,2.58,1.23,0.7,5.82,-4.98,-37.5
IRCTC,513.5,2026-08-03,3.95,1.73,0.7,-4.83,-15.91,-27.59
EBBETF0425,1290.83,2025-04-08,0.02,0.23,0.7,1.9,3.85,7.57
REMSONSIND,83.44,2026-08-03,4.78,2.71,0.7,-21.68,-26.54,-32.32
DHAMPURSUG,143.84,2026-08-03,0.16,-1.09,0.69,-6.12,25.37,5.58
OMINFRAL,91.6,2026-08-03,5.24,4.33,0.68,-1.18,12.09,-22.37
DATAMATICS,824.95,2026-08-03,-3.49,-1.53,0.68,12.58,11.88,-17.42
EIHOTEL,330.1,2026-08-03,0.29,-2.53,0.67,3.97,-0.23,-11.89
WEWORK,744.6,2026-08-03,2.79,9.32,0.67,36.17,28.19,
SAPPHIRE,187.48,2026-08-03,0.21,3.49,0.67,-8.82,-0.49,-41.35
CORALFINAC,33.4,2026-08-03,-0.74,6.98,0.66,-2.54,-3.75,-24.43
VALUE,16.35,2026-08-03,1.74,0.93,0.66,-1.55,,
VIPIND,310.4,2026-08-03,4.78,3.33,0.66,4.78,-17.49,-30.81
MOVALUE,115.24,2026-08-03,1.5,-0.08,0.65,-2.16,-4.2,15.52
KISSHT,313.6,2026-08-03,-8.37,-0.98,0.64,,,
HDFCVALUE,128.21,2026-08-03,2.04,0.31,0.64,-1.25,-8.98,-1.38
PROSTARM,135.87,2026-08-03,10.1,7.6,0.63,-13.64,-11.34,-39.78
TATASTEEL,191.0,2026-08-03,3.66,2.46,0.63,-7.77,1.04,27.4
GSEC10ABSL,113.27,2026-08-03,0.47,-0.1,0.62,4.68,2.17,3.14
DBL,444.35,2026-08-03,0.16,9.57,0.62,-4.4,-3.19,-2.93
VALIANTORG,280.0,2026-08-03,6.71,4.81,0.61,2.72,16.47,-17.12
MOMIDMTM,63.8,2026-08-03,1.05,0.82,0.6,2.65,2.65,3.76
PAISALO,72.29,2026-08-03,2.63,1.23,0.58,44.75,108.69,137.7
BMWVENTLTD,57.69,2026-08-03,-2.78,1.03,0.58,-9.86,-0.25,
WELENT,606.75,2026-08-03,1.67,-3.01,0.58,16.53,30.22,26.03
NV20IETF,13.89,2026-08-03,1.98,0.29,0.58,-1.21,-8.68,-1.35
PML,493.65,2026-08-03,3.7,2.92,0.58,-11.29,,
SIMBHALS,6.96,2026-08-03,1.61,1.02,0.58,-32.23,-21.8,-55.92
BATLIBOI,82.55,2026-08-03,-1.54,1.79,0.58,0.61,,
TIPSMUSIC,688.55,2026-08-03,-3.37,-3.1,0.57,5.98,28.27,21.13
HINDOILEXP,161.13,2026-08-03,1.99,-0.5,0.57,1.6,4.53,-1.23
MOTISONS,14.25,2026-08-03,2.08,1.86,0.56,5.71,15.57,-30.25
FIVESTAR,551.4,2026-08-03,2.43,-3.0,0.55,15.4,23.32,-7.18
INDPRUD,6550.0,2026-08-03,-0.03,-0.3,0.54,-3.75,,
RITES,219.31,2026-08-03,0.99,-0.29,0.52,0.18,-1.19,-10.21
VAL30IETF,15.52,2026-08-03,1.11,0.32,0.52,-2.14,-0.26,22.01
DMART,4015.0,2026-08-03,-0.32,0.99,0.52,-12.45,6.31,-4.31
AHLUCONT,833.6,2026-08-03,0.36,-1.31,0.51,-6.44,-5.61,-17.95
TRACXN,30.44,2026-08-03,1.2,1.43,0.5,-6.34,-14.85,-44.6
SUPREMEINF,84.17,2026-08-03,4.83,6.8,0.5,8.86,0.21,-26.85
DOLLEX,30.25,2026-07-31,1.34,0.83,0.5,-3.66,-14.43,-27.72
CORDSCABLE,211.6,2026-08-03,3.44,2.21,0.5,17.86,25.39,12.65
VHLTD,133.0,2026-08-03,-0.81,1.2,0.49,-5.24,-2.22,26.86
HEALTHADD,16.8,2026-08-03,1.08,1.08,0.48,-88.83,-88.23,-88.49
SBIN,1045.0,2026-08-03,2.39,-1.42,0.48,-0.43,-0.03,33.98
GROWWPSUBK,84.8,2026-08-03,0.98,-1.93,0.47,0.1,,
PRITIKA,64.0,2026-07-31,10.73,3.23,0.47,-8.11,-1.54,-28.41
MOMOMENTUM,62.09,2026-08-03,0.99,0.76,0.47,0.16,0.16,2.19
NITTAGELA,1729.2,2026-08-03,-9.22,-6.91,0.47,76.82,,
CCHHL,13.06,2026-08-03,2.92,4.48,0.46,-7.24,-1.88,-25.54
JKTYRE,410.3,2026-08-03,3.71,3.09,0.46,2.05,-22.43,25.81
PSUBNKBEES,94.57,2026-08-03,1.12,-1.65,0.46,0.03,-3.74,24.89
HERITGFOOD,335.1,2026-08-03,2.41,0.75,0.46,-5.73,-2.99,-29.0
GRCL,566.05,2026-07-31,-3.24,-6.84,0.45,33.77,52.57,38.21
COCKERILL,8987.5,2026-08-03,1.44,-2.16,0.45,75.69,,
FALCONTECH,11.65,2026-07-31,-0.43,9.91,0.43,-17.38,-23.1,-34.18
RISHABH,650.2,2026-08-03,4.08,-0.74,0.43,38.22,62.66,128.02
SHREEPUSHK,405.85,2026-08-03,4.56,-1.43,0.43,2.75,15.15,6.22
ELIQUID,1042.05,2026-08-03,0.1,0.23,0.42,1.28,2.44,
SECMARK,124.46,2026-08-03,-0.51,-2.7,0.42,-3.19,23.87,-11.1
BANKPSU,85.33,2026-08-03,1.25,-1.75,0.42,0.11,-3.67,25.36
BLACKROSE,113.86,2026-08-03,13.0,17.12,0.42,34.35,,
ARIHANTSUP,259.85,2026-08-03,-0.31,-0.9,0.41,-5.82,-10.75,-39.02
CLSEL,292.3,2026-08-03,4.65,9.7,0.41,3.9,15.57,-5.36
SGL,9.88,2026-08-03,0.2,-0.5,0.41,-17.11,-19.74,-27.46
LIQUID1,1116.43,2026-08-03,0.1,0.19,0.4,1.26,2.44,5.11
RANASUG,12.52,2026-08-03,5.74,5.48,0.4,-10.19,13.82,-12.08
LIQUIDCASE,115.3,2026-08-03,0.1,0.2,0.39,1.25,2.42,5.03
LIQUIDPLUS,1097.21,2026-08-03,0.1,0.19,0.39,1.26,2.43,5.09
LIQUIDADD,1138.57,2026-08-03,0.09,0.19,0.39,1.23,2.39,5.0
AONELIQUID,1070.94,2026-08-03,0.09,0.19,0.39,1.25,2.43,5.06
CASHIETF,1073.62,2026-08-03,0.1,0.19,0.39,1.25,2.42,5.06
HDFCLIQUID,1072.06,2026-08-03,0.09,0.19,0.39,1.25,2.4,6.96
SRHHYPOLTD,494.1,2026-08-03,1.44,1.66,0.39,1.06,8.21,-19.9
GILT10BETA,26.53,2026-08-03,0.8,-1.04,0.38,1.96,2.91,2.35
FCL,39.27,2026-08-03,-2.36,-0.3,0.38,70.89,66.4,54.63
LIQUIDBETF,1092.98,2026-08-03,0.09,0.18,0.38,1.21,2.36,4.92
GROWWLIQID,110.18,2026-08-03,0.09,0.18,0.37,1.18,2.29,4.8
LIQUIDSHRI,1115.7,2026-08-03,0.09,0.18,0.37,1.18,2.29,4.83
KOTAKBANK,397.5,2026-08-03,3.34,4.04,0.36,3.88,-4.24,-0.07
TVSSCS,136.9,2026-08-03,0.2,0.55,0.36,19.55,36.68,10.31
ZENITHSTL,5.63,2026-08-03,-1.57,4.84,0.36,-9.78,4.26,-31.51
BLACKBUCK,551.0,2026-08-03,0.62,-3.97,0.36,0.54,-11.8,23.22
UNIVAFOODS,8.6,2026-08-03,-4.34,-4.34,0.35,10.4,-24.43,-30.19
INDTERRAIN,33.39,2026-08-03,14.31,13.22,0.33,10.82,-3.16,-11.78
HITECHCORP,319.2,2026-08-03,-0.05,-1.13,0.33,128.05,106.1,71.44
AFSL,201.72,2026-08-03,0.34,0.31,0.32,0.05,0.24,-8.52
ASTRAZEN,8300.0,2026-08-03,2.08,3.51,0.32,1.51,-4.28,-6.26
CMSINFO,275.4,2026-08-03,1.03,-1.29,0.31,-5.15,-13.72,-38.88
JUNIPER,197.75,2026-08-03,-0.13,1.2,0.31,-2.53,-13.85,-31.11
MERCURYEV,35.43,2026-08-03,-1.36,0.31,0.31,,,
SCODATUBES,150.82,2026-08-03,2.09,3.9,0.31,1.95,16.45,-21.48
PRAENG,20.07,2026-08-03,-9.23,-1.04,0.3,-11.12,-11.16,8.08
ACC,1398.0,2026-08-03,2.94,1.2,0.3,-1.13,-15.75,-21.65
MAHICKRA,274.65,2026-07-31,3.64,11.76,0.29,18.18,48.59,96.3
GREENCHEF,51.45,2026-07-31,9.24,5.43,0.29,2.9,15.36,-15.38
PSUBANKADD,85.42,2026-08-03,0.74,-1.85,0.28,-0.3,-3.76,25.07
WINDLAS,867.8,2026-08-03,1.2,-0.43,0.28,2.64,4.25,-9.49
DPSCLTD,7.53,2026-08-03,5.02,2.17,0.27,-25.07,-17.97,-40.74
GSEC5IETF,66.02,2026-08-03,-0.26,-0.71,0.26,2.42,3.29,3.97
AUBANK,1060.0,2026-08-03,0.84,6.82,0.25,4.44,8.01,43.18
SENSEXBETA,864.44,2026-08-03,1.77,0.66,0.22,2.27,-6.82,
AAKASH,8.98,2026-08-03,-0.22,0.0,0.22,10.46,14.25,-9.38
GILT5YBEES,66.18,2026-08-03,0.23,0.49,0.21,2.8,3.57,5.55
MAFANG,191.18,2026-08-03,-0.71,-3.77,0.19,5.89,15.05,22.07
SLONE,139.55,2026-07-31,8.77,16.58,0.18,-30.81,-39.33,-54.69
MOMENTUM,30.93,2026-08-03,0.85,0.29,0.16,0.95,-0.23,2.11
MOM30IETF,31.1,2026-08-03,0.68,0.26,0.16,1.2,-0.29,2.13
DLF,668.55,2026-08-03,2.71,1.25,0.15,15.32,4.08,-12.92
GUFICBIO,390.5,2026-08-03,2.16,-0.83,0.14,37.21,27.82,1.55
AMBUJACEM,444.0,2026-08-03,3.03,1.42,0.14,0.45,-15.53,-26.61
HDFCMOMENT,30.86,2026-08-03,0.55,0.29,0.13,1.25,0.23,2.12
BEDMUTHA,111.71,2026-08-03,-0.42,4.4,0.13,0.9,-12.8,-19.66
PRESTIGE,1670.0,2026-08-03,1.54,0.05,0.12,18.07,8.21,4.72
SUDEEPPHRM,867.6,2026-08-03,1.11,0.31,0.12,22.84,42.6,
INCREDIBLE,33.1,2026-08-03,-1.02,2.07,0.12,-3.13,-12.85,-16.05
AMDIND,47.52,2026-08-03,-0.11,3.44,0.11,7.39,10.1,-5.79
BLIL,70.88,2026-08-03,1.3,1.69,0.11,-3.24,,
PSUBNKIETF,85.6,2026-08-03,0.75,-1.95,0.11,-0.34,-4.24,24.74
GLOTTIS,67.06,2026-08-03,0.58,1.3,0.1,13.83,30.77,
BANARISUG,3487.2,2026-08-03,0.35,0.28,0.1,-6.39,-3.58,-7.95
GAIL,174.3,2026-08-03,0.04,0.75,0.09,6.78,10.4,3.66
INGERRAND,4327.0,2026-08-03,-1.19,-5.17,0.08,-1.61,25.31,16.82
NILASPACES,12.74,2026-08-03,5.12,4.26,0.08,-6.12,-10.85,-4.28
CREDITACC,1558.2,2026-08-03,-2.07,4.02,0.05,19.85,17.92,25.03
BIOCON,427.0,2026-08-03,-2.12,-2.18,0.05,18.87,14.83,11.59
NAVINFLUOR,7555.0,2026-08-03,-2.02,-3.9,0.03,10.89,20.44,51.1
KSOLVES,282.8,2026-08-03,1.18,-4.27,0.03,-7.08,5.44,-6.18
NIRLON,620.15,2026-08-03,0.02,0.01,0.02,8.69,,
ASTRAMICRO,1848.8,2026-08-03,2.61,5.59,0.02,64.31,94.97,96.09
MPTODAY,46.0,2026-07-31,0.0,0.0,0.0,8.24,-3.26,-13.94
KALYANI,138.09,2026-07-31,0.0,0.0,0.0,0.0,0.0,0.0
HERCULES,159.32,2026-07-31,0.0,0.0,0.0,0.0,0.0,-10.41
PATTECH,114.85,2026-07-31,0.0,0.0,0.0,8.35,13.32,-22.66
GANGOTRI,0.61,2026-07-31,0.0,0.0,0.0,0.0,0.0,-1.61
TECHIN,14.0,2026-07-31,0.0,0.0,0.0,0.0,0.0,0.0
MARSHALL,3.64,2026-07-31,0.0,0.0,0.0,0.0,0.0,-56.77
MBECL,65.4,2026-07-31,0.0,0.0,0.0,0.0,0.0,0.0
MASON,125.0,2026-07-31,-0.2,3.43,0.0,-9.68,-28.16,-38.64
SUULD,1.57,2026-07-31,0.0,0.0,0.0,0.0,0.0,-29.6
AVSL,119.7,2026-07-31,0.0,0.0,0.0,0.0,0.0,-8.8
VISAMAN,107.6,2026-07-31,0.0,0.0,0.0,-8.74,-15.21,16.7
SAHAJ,3.85,2026-07-31,0.0,0.0,0.0,0.0,-20.62,-56.25
GOENKA,0.82,2026-07-31,0.0,0.0,0.0,0.0,0.0,-1.2
LIQUIDETF,1000.0,2026-08-03,0.0,0.0,0.0,0.0,0.72,2.9
LIQUIDSBI,1000.0,2026-08-03,0.0,-0.0,0.0,0.4,1.15,3.07
LIQUIDBEES,999.99,2026-08-03,0.0,-0.0,-0.0,0.0,0.0,0.62
LIQUIDIETF,999.99,2026-08-03,0.0,0.0,0.0,0.0,0.0,0.0
KEEPLEARN,1.94,2026-08-03,2.11,5.43,0.0,-6.73,-7.18,-35.55
JINDCOT,2.5,2024-11-08,0.0,0.0,0.0,0.0,0.0,0.0
ALPSINDUS,34.3,2026-07-31,0.0,0.0,0.0,0.0,0.0,66.5
DRSDILIP,110.0,2026-07-31,0.0,0.0,0.0,-7.95,100.73,12.24
DHARAN,0.15,2026-08-03,0.0,0.0,0.0,0.0,-16.67,-65.91
MELSTAR,4.25,2026-07-31,0.0,0.0,0.0,0.0,0.0,0.0
SHAIVAL,33.0,2026-07-31,0.0,0.0,0.0,0.0,8.2,8.2
MINDPOOL,71.1,2026-07-31,0.0,0.0,0.0,0.0,0.0,-6.39
ABSLLIQUID,1000.0,2026-08-03,0.0,0.0,0.0,0.52,1.29,2.95
VASA,4.45,2026-07-31,0.0,0.0,0.0,-4.3,-11.0,-8.25
AHIMSA,24.7,2026-07-31,0.0,0.0,0.0,0.0,4.22,1.44
SANCO,2.9,2026-07-31,0.0,0.0,0.0,6.23,-2.36,-8.23
JAKHARIA,60.5,2026-07-31,0.0,0.0,0.0,0.0,0.0,-31.33
INDLMETER,23.69,2026-07-31,0.0,0.0,0.0,0.0,0.0,0.0
PERFECT,8.1,2026-07-31,0.0,0.0,0.0,0.0,0.0,-4.14
BKMINDST,45.0,2026-07-31,0.0,0.0,0.0,0.0,0.0,0.0
KTL,4.85,2026-07-31,0.0,0.0,0.0,0.0,0.0,-34.46
OMKARCHEM,3.41,2026-07-31,0.0,0.0,0.0,0.0,-35.17,-33.53
JHS,7.64,2026-08-03,3.24,5.23,0.0,-13.67,-31.29,-37.63
BRIGHT,2.8,2026-07-31,0.0,0.0,0.0,0.0,0.0,0.0
SRIRAM,10.1,2026-07-31,0.0,0.0,0.0,0.0,0.0,0.0
PODDARHOUS,43.37,2026-07-31,0.0,0.0,0.0,0.0,0.0,0.0
DESTINY,105.9,2026-07-31,0.0,0.0,0.0,0.0,-7.91,-11.79
SECL,3.0,2026-07-31,0.0,0.0,0.0,-13.04,-26.83,-50.0
LIQUID,999.99,2026-08-03,0.0,0.0,0.0,0.4,1.13,3.63
SECURCRED,1.56,2026-07-31,0.0,0.0,0.0,0.0,0.0,0.0
SANWARIA,0.2,2026-08-03,0.0,-4.76,0.0,0.0,-31.03,-42.86
BURNPUR,33.0,2026-07-31,0.0,0.0,0.0,0.0,0.0,0.0
RMCL,200.0,2026-07-31,0.0,0.0,0.0,0.0,0.0,0.0
EMBASSY,437.99,2026-07-31,0.01,-2.52,-0.01,3.11,3.88,17.51
VINATIORGA,1323.1,2026-08-03,0.72,0.33,-0.01,0.06,-15.32,-25.97
SETF10GILT,263.97,2026-08-03,-0.95,0.09,-0.03,2.54,2.5,2.27
KIRLOSENG,2225.2,2026-08-03,-2.33,0.37,-0.04,31.31,89.15,156.09
LT,4025.0,2026-08-03,5.75,4.85,-0.04,1.25,0.63,13.3
BBETF0432,1355.09,2026-08-03,0.38,0.38,-0.04,2.71,4.0,5.4
INFRAIETF,97.52,2026-08-03,1.98,0.28,-0.04,0.79,0.82,5.63
AMBICAAGAR,25.05,2026-08-03,1.66,2.0,-0.04,5.43,7.19,-8.14
EQUITASBNK,76.26,2026-08-03,-3.47,-3.81,-0.05,14.08,13.94,33.67
BBNPNBETF,58.29,2026-08-03,1.29,-0.21,-0.05,4.03,-2.85,3.96
EBBETF0433,1319.23,2026-08-03,0.48,0.56,-0.05,4.02,4.17,5.51
MOIL,282.05,2026-08-03,5.09,3.96,-0.05,-9.28,-13.55,-14.36
ANUHPHR,80.41,2026-08-03,-0.33,-0.25,-0.05,-0.97,1.75,-14.7
CANBK,127.1,2026-08-03,-0.13,-1.34,-0.07,-2.49,-10.89,23.99
LICNETFGSC,29.43,2026-08-03,-0.1,0.1,-0.07,2.97,2.69,3.55
NIVABUPA,86.56,2026-08-03,-0.41,0.56,-0.07,10.52,9.93,6.2
PFC,421.5,2026-08-03,1.27,2.8,-0.08,-5.12,10.3,9.29
INSECTICID,663.6,2026-08-03,8.33,4.48,-0.08,-5.4,10.73,-35.68
WANBURY,286.2,2026-08-03,-13.08,-15.8,-0.09,12.55,14.14,6.61
GROWWPSE,100.17,2026-08-03,0.26,0.03,-0.09,-5.72,,
ABFRL,62.41,2026-08-03,9.4,8.96,-0.1,-2.79,-5.07,-15.41
LTGILTBEES,29.96,2026-08-03,-0.07,0.23,-0.1,2.99,2.99,3.74
ABSLPSE,10.36,2026-08-03,-0.29,-0.19,-0.1,-5.9,-1.33,6.47
FOSECOIND,5204.5,2026-08-03,3.34,1.31,-0.1,10.84,14.49,-2.32
DHUNINV,886.9,2026-08-03,2.24,-6.06,-0.1,-3.1,-12.47,-39.31
TNTELE,9.11,2026-08-03,0.22,1.0,-0.11,-7.32,1.22,-51.75
BFSI,27.9,2026-08-03,2.88,0.9,-0.11,5.12,-2.31,2.16
SARLAPOLY,101.51,2026-08-03,0.92,3.64,-0.12,14.24,11.2,-7.81
HEXATRADEX,157.9,2026-08-03,0.43,-0.56,-0.13,-5.26,1.73,-12.38
PARAS,1292.3,2026-08-03,5.81,7.1,-0.13,62.71,95.86,104.68
GANGESSECU,120.0,2026-08-03,2.78,3.53,-0.13,-5.94,-2.57,-24.03
ALKYLAMINE,1824.4,2026-08-03,0.16,-0.36,-0.14,21.01,13.34,-21.6
VLSFINANCE,254.65,2026-08-03,0.12,-2.28,-0.14,10.41,-3.01,11.28
PLATIND,225.53,2026-08-03,-6.12,-1.48,-0.14,-5.67,-2.32,-18.32
BANKETF,589.78,2026-08-03,1.43,-0.25,-0.14,5.92,-3.29,4.58
SIS,425.1,2026-08-03,-2.37,-2.51,-0.15,19.59,26.85,14.1
SAYAJIHOTL,304.75,2026-08-03,1.72,1.58,-0.15,10.02,,
INNOVACAP,956.4,2026-08-03,-1.44,-1.73,-0.15,27.17,31.52,8.06
ANANDRATHI,2058.7,2026-08-03,0.32,-1.15,-0.15,14.55,39.77,58.91
LRRPL,92.85,2026-07-31,7.97,3.05,-0.16,20.58,38.69,5.51
EBBETF0431,1438.99,2026-08-03,-0.19,0.24,-0.16,2.7,3.57,5.1
COASTCORP,51.04,2026-08-03,1.94,-3.37,-0.16,-10.75,6.02,46.5
SPLPETRO,715.9,2026-08-03,-5.91,1.5,-0.17,-4.43,15.21,-12.51
KHANDSE,17.52,2026-08-03,1.86,0.63,-0.17,1.92,-9.22,-27.72
EBBETF0430,1610.35,2026-08-03,0.03,0.5,-0.17,2.91,3.49,5.08
AARTIIND,486.8,2026-08-03,0.14,-1.74,-0.18,-4.08,13.29,20.12
SPMLINFRA,196.13,2026-08-03,-1.23,-5.24,-0.18,-5.47,15.42,-32.26
TAALTECH,3984.0,2026-08-03,0.21,3.46,-0.19,35.05,,
UGROCAP,97.63,2026-08-03,2.07,-0.18,-0.19,-10.65,-37.38,-42.46
MAHESHWARI,73.0,2026-08-03,-0.68,0.0,-0.19,42.41,66.02,20.03
LAXMICOT,14.63,2026-08-03,1.81,-1.81,-0.2,0.55,10.58,-45.04
SETFNIFBK,594.08,2026-08-03,1.17,-0.3,-0.22,5.73,-3.23,4.39
KRN,1212.1,2026-08-03,-2.61,-4.51,-0.22,-6.43,78.25,47.0
PARKHOTELS,124.53,2026-08-03,1.81,-0.99,-0.22,2.3,-2.84,-18.69
EFORCE,21.75,2026-07-31,3.57,1.87,-0.23,-22.32,-28.34,-50.62
MCON,43.9,2026-07-31,-4.98,-1.35,-0.23,-17.79,-22.02,-50.67
ASCOM,258.75,2026-07-31,0.0,0.0,-0.23,-0.6,72.5,200.7
SWANCORP,310.2,2026-08-03,-0.64,-0.4,-0.23,-7.25,-27.17,-29.93
MAHAPEXLTD,45.55,2026-08-03,2.38,3.59,-0.24,-14.15,-49.76,-56.19
RAMCOCEM,945.25,2026-08-03,2.77,2.1,-0.24,1.09,-16.67,-17.74
NATCOPHARM,929.1,2026-08-03,0.22,-2.27,-0.25,-15.21,9.02,0.37
RAJPALAYAM,818.85,2026-08-03,1.0,-0.75,-0.25,1.87,,
TEXRAIL,112.91,2026-08-03,0.12,-1.7,-0.26,7.05,-7.11,-21.21
MOPSE,101.3,2026-08-03,-0.33,0.48,-0.26,-6.13,-1.87,6.11
ORIENTBELL,317.6,2026-08-03,-2.93,2.2,-0.26,4.22,16.47,3.03
MANDEEP,19.15,2026-07-31,-4.01,-4.96,-0.26,-16.38,-4.25,-22.31
ELDEHSG,803.5,2026-08-03,3.8,4.51,-0.27,-3.01,-9.72,9.68
EBANKNIFTY,58.41,2026-08-03,1.71,0.02,-0.29,5.59,-3.77,4.81
METROBRAND,1034.9,2026-08-03,0.31,-3.18,-0.29,1.18,0.25,-13.44
CENTURYPLY,772.8,2026-08-03,-2.5,-2.96,-0.3,-3.12,-7.51,4.59
POWERGRID,287.0,2026-08-03,-0.64,-0.59,-0.3,-9.85,2.48,1.76
SUTLEJTEX,38.03,2026-08-03,-0.26,-2.61,-0.31,-1.22,20.27,-9.04
BANKNIFTY1,59.87,2026-08-03,0.86,-0.52,-0.32,5.29,-90.35,-89.58
SANDESH,989.6,2026-08-03,1.54,0.84,-0.32,-10.01,-2.65,-13.91
BANKBETA,59.75,2026-08-03,1.05,-0.38,-0.32,5.6,-3.64,
STEL,565.75,2026-08-03,1.28,2.36,-0.33,21.07,31.37,38.07
KOTIC,155.65,2026-08-03,-5.56,-8.3,-0.33,-16.5,,
BHARATRAS,1337.2,2026-08-03,4.98,1.83,-0.34,-3.43,-31.18,-49.92
IRFC,90.25,2026-08-03,2.41,1.72,-0.35,-13.4,-20.77,-27.51
KRYSTAL,602.2,2026-08-03,0.32,0.3,-0.35,-0.66,-1.39,-5.92
SHREEOSFM,57.0,2026-07-31,-5.79,-8.8,-0.35,-18.63,-23.59,-51.43
SBC,41.99,2026-08-03,-0.24,-0.59,-0.36,24.45,45.24,133.02
IZMO,988.9,2026-08-03,-10.43,-8.47,-0.36,39.4,44.15,174.12
DRAGARWQ,5007.0,2026-08-03,-0.68,0.01,-0.4,0.75,,
VAML,459.95,2026-08-03,5.22,5.35,-0.4,,,
BBTCL,222.48,2026-08-03,1.44,5.01,-0.4,16.31,18.87,9.82
LICI,428.5,2026-08-03,0.98,-1.04,-0.41,9.92,4.63,-0.88
CAMS,791.0,2026-08-03,0.76,2.64,-0.41,7.65,9.15,10.36
STANLEY,155.88,2026-08-03,-0.12,-0.35,-0.42,12.44,-13.07,-51.55
AWL,190.3,2026-08-03,1.42,0.49,-0.42,-2.58,-11.08,-25.65
EIMCOELECO,1837.8,2026-08-03,0.44,0.85,-0.42,17.1,9.16,-22.93
KENNAMET,2907.5,2026-08-03,2.47,4.45,-0.43,8.14,19.01,19.01
AILIMITED,34.15,2026-07-31,-13.54,-14.09,-0.44,-17.51,30.34,-41.92
RAJOOENG,52.45,2026-08-03,-3.19,2.72,-0.44,-9.46,-17.74,-51.25
AGI,704.25,2026-08-03,-0.41,1.24,-0.45,11.08,14.97,-25.05
GSEC10IETF,264.77,2026-08-03,-0.26,0.67,-0.46,3.15,2.82,2.96
MASPTOP50,77.42,2026-08-03,-0.86,-2.81,-0.46,0.44,8.92,22.6
BANKBEES,597.34,2026-08-03,1.0,-0.48,-0.46,5.35,-3.58,4.12
KRBL,373.7,2026-08-03,6.6,5.13,-0.48,1.78,5.8,1.9
CROMPTON,266.3,2026-08-03,6.9,2.82,-0.48,-1.05,15.82,-16.1
INDIGO,5400.0,2026-08-03,3.25,3.27,-0.49,25.72,9.17,-6.55
MAANALU,126.78,2026-08-03,11.01,11.91,-0.49,-15.82,-16.16,5.65
HDFCPSUBK,84.83,2026-08-03,0.32,-2.6,-0.5,-0.83,-4.72,23.91
GPECO,428.0,2026-07-31,-0.58,1.93,-0.5,13.71,33.98,-27.79
MEGATHERM,209.65,2026-07-31,-2.17,-6.78,-0.5,-24.15,3.66,-33.82
TIRUMALCHM,183.12,2026-08-03,6.41,12.74,-0.51,-10.29,-6.28,-37.12
MRF,133730.0,2026-08-03,1.3,0.7,-0.51,3.28,-1.96,-8.18
HEIDELBERG,155.51,2026-08-03,-1.61,-2.5,-0.52,-2.09,-9.33,-23.8
RELTD,166.81,2026-08-03,-4.15,-5.15,-0.52,16.72,11.53,15.89
JAGSNPHARM,235.37,2026-08-03,2.51,5.54,-0.53,11.88,33.08,-12.38
GIPCL,161.48,2026-08-03,-0.68,-1.04,-0.53,2.95,14.13,-15.63
EXCELSOFT,82.99,2026-08-03,7.13,8.77,-0.54,-11.27,14.88,
KKCL,509.95,2026-08-03,1.59,0.98,-0.55,7.86,9.35,-7.71
SAATVIKGL,437.8,2026-08-03,-1.16,-5.64,-0.55,-4.85,5.29,
RELIABLE,146.37,2026-08-03,5.14,-1.32,-0.56,9.17,-12.61,93.8
ABSLBANETF,59.14,2026-08-03,1.02,-0.59,-0.57,5.33,-3.54,4.43
BANKBETF,58.61,2026-08-03,1.1,-0.66,-0.58,5.51,-3.47,-0.12
BIRLANU,1341.3,2026-08-03,-0.87,5.15,-0.58,-0.48,-14.12,-38.96
DEEM,51.0,2026-07-31,0.0,-7.94,-0.58,40.3,13.33,-14.86
TATACONSUM,1110.0,2026-08-03,0.23,1.66,-0.6,-2.2,-3.12,4.58
PRIMO,24.3,2026-08-03,8.05,3.85,-0.61,5.74,18.77,-12.18
NKIND,62.82,2026-08-03,5.56,3.32,-0.62,-5.36,-2.92,-0.03
JINDALSAW,259.3,2026-08-03,3.37,-2.5,-0.63,17.48,39.15,27.4
IKIO,201.54,2026-08-03,-3.1,-5.98,-0.63,27.6,30.73,1.72
GEOJITFSL,77.52,2026-08-03,3.14,-6.51,-0.63,22.64,11.17,7.86
BAHETI,719.3,2026-07-31,0.94,1.05,-0.64,19.72,16.63,24.18
SHRINGARMS,229.85,2026-08-03,4.39,2.48,-0.65,13.82,2.84,
GRINFRA,907.0,2026-08-03,3.37,-1.7,-0.65,-3.22,-8.76,-25.16
AURUS,4.61,2026-08-03,-2.74,-2.74,-0.65,-13.02,-11.69,-36.41
ROML,45.0,2026-08-03,0.04,-0.04,-0.66,-0.33,2.27,-9.13
FCSSOFT,1.49,2026-08-03,-1.97,-3.87,-0.67,-11.31,-8.02,-40.16
RELIGARE,261.1,2026-08-03,2.21,1.6,-0.67,17.8,3.27,0.56
AKASH,26.34,2026-08-03,-0.57,-5.32,-0.68,-1.09,8.4,-2.37
DNAMEDIA,2.87,2026-08-03,1.41,3.24,-0.69,-4.33,-16.33,-35.07
AONETMMQ50,9.98,2026-08-03,-0.3,-0.07,-0.7,0.36,3.57,
MOTOUR,80.33,2026-08-03,1.93,1.57,-0.7,9.77,1.27,-11.07
SIYSIL,629.3,2026-08-03,0.74,-1.6,-0.7,12.25,11.59,5.34
ASMS,7.08,2026-08-03,1.0,-1.8,-0.7,-9.58,-34.93,-45.87
GVT&D,4370.0,2026-08-03,3.99,-1.69,-0.72,-2.15,26.43,52.91
APLLTD,805.75,2026-08-03,0.4,-2.96,-0.72,8.31,3.29,-14.74
JKLAKSHMI,568.65,2026-08-03,-0.97,-0.5,-0.74,-10.85,-24.56,-40.95
ACI,535.6,2026-08-03,-7.13,-5.52,-0.75,-11.39,-8.0,-17.99
ATLASCYCLE,97.58,2026-08-03,0.11,-2.79,-0.76,-2.96,2.19,-23.77
INFRABEES,972.07,2026-08-03,0.91,-0.2,-0.77,0.2,0.24,4.93
HONASA,458.2,2026-08-03,1.2,0.14,-0.77,34.53,65.12,68.77
ENRIN,3256.0,2026-08-03,-0.26,-4.07,-0.78,-0.7,28.71,2.92
IOB,34.1,2026-08-03,-0.06,-2.57,-0.79,-2.57,-1.67,-7.36
SHREMINVIT,101.0,2026-07-31,-0.98,-0.98,-0.79,0.94,10.49,10.94
DOMS,2292.0,2026-08-03,1.26,1.14,-0.8,0.03,-5.38,-0.98
GICRE,358.05,2026-08-03,-0.32,-0.61,-0.8,-8.99,-3.37,-4.14
IKS,1846.4,2026-08-03,0.95,-2.92,-0.8,11.59,12.72,15.27
ORIENTELEC,175.55,2026-08-03,1.49,1.23,-0.8,-4.26,2.02,-18.13
VIJAYA,1354.0,2026-08-03,0.24,1.45,-0.82,19.87,39.67,25.24
MUKTAARTS,55.4,2026-08-03,-5.3,3.94,-0.82,-8.61,-2.03,-28.56
APOLLOHOSP,8820.0,2026-08-03,-0.27,-0.95,-0.83,15.5,24.59,20.29
HINDCOPPER,495.05,2026-08-03,2.62,2.7,-0.83,-7.44,-19.34,110.33
MARKSANS,262.25,2026-08-03,-0.44,-1.76,-0.83,42.04,45.66,16.63
UFBL,700.45,2026-08-03,0.16,5.04,-0.85,99.36,180.45,157.47
ANDHRAPAP,61.99,2026-08-03,-0.96,1.84,-0.86,-6.88,-4.97,-20.96
BANK10ADD,17.19,2026-08-03,1.78,-0.75,-0.87,5.07,,
BANKIETF,59.04,2026-08-03,0.61,-0.82,-0.87,5.09,-3.7,12.29
ICRA,5131.5,2026-08-03,8.15,0.55,-0.9,-3.38,-13.98,-18.92
CHEMBONDCH,225.43,2026-08-03,-6.31,-10.66,-0.91,48.97,49.72,21.45
RAYMONDREL,669.75,2026-08-03,0.58,-4.8,-0.92,51.0,40.31,-0.51
ARIES,340.7,2026-08-03,-0.94,-1.38,-0.92,-8.28,6.62,-11.37
SHEETAL,294.75,2026-07-31,0.98,0.39,-0.92,15.95,42.39,129.28
IL&FSTRANS,2.11,2026-08-03,-0.47,-1.4,-0.94,-9.83,-21.27,-34.47
MOENERGY,38.98,2026-08-03,0.08,-1.96,-0.94,-4.74,9.29,
GILT5BETA,66.03,2026-08-03,0.59,1.58,-0.96,1.43,4.15,5.11
ANNAPURNA,128.05,2026-07-31,1.43,-2.66,-0.97,-19.69,-35.05,-54.48
ZODIACLOTH,76.65,2026-08-03,1.07,-0.08,-0.97,-1.57,-8.67,-25.72
INA,112.75,2026-08-03,0.63,-5.34,-0.97,-23.39,,
INFRA,12.25,2026-08-03,0.99,-1.05,-0.97,2.51,,
GSFC,160.81,2026-08-03,0.46,0.99,-0.97,-5.62,-10.06,-17.64
RAYMOND,602.0,2026-08-03,1.18,-1.77,-0.97,29.24,46.49,-8.36
NAHARINDUS,118.15,2026-08-03,1.42,1.53,-0.99,0.65,12.89,-0.86
BABAFP,24.75,2026-07-31,1.02,3.12,-1.0,-13.16,-7.99,-36.7
MOSMALL250,17.89,2026-08-03,-0.22,-1.32,-1.0,5.48,11.67,5.61
SHANTIGOLD,219.61,2026-08-03,1.24,3.43,-1.01,9.37,7.41,-4.26
AHLEAST,143.12,2026-08-03,-0.58,-5.53,-1.01,-11.34,3.73,-8.52
SHIVAMAUTO,17.64,2026-08-03,1.38,3.28,-1.01,-7.98,-16.04,-39.11
ORIENTTECH,261.5,2026-08-03,-6.33,-2.21,-1.01,-4.21,-23.95,-7.64
ITC,287.0,2026-08-03,0.4,1.52,-1.02,-6.38,-4.94,-27.72
SAKSOFT,176.57,2026-08-03,7.57,-0.28,-1.02,26.4,3.99,-13.79
UWCSL,100.7,2026-07-31,4.95,4.95,-1.03,3.76,-2.14,-9.39
SALONA,248.06,2026-08-03,0.98,-3.06,-1.03,-5.7,-2.83,-1.7
IIFLCAPS,336.65,2026-08-03,-0.31,-0.49,-1.03,7.79,7.78,8.84
ENERGY,38.99,2026-08-03,-0.08,-2.23,-1.04,-4.9,9.32,
GLOBUSSPR,900.85,2026-08-03,1.28,-1.77,-1.06,-18.58,-5.79,-28.08
HINDPETRO,395.0,2026-08-03,0.27,-2.57,-1.06,5.46,-12.36,1.43
RACE,111.79,2026-08-03,2.53,1.71,-1.07,-9.73,6.37,-55.69
SYMPHONY,682.75,2026-08-03,0.56,-3.39,-1.09,-18.79,-25.99,-36.75
ABSL10BANK,171.95,2026-08-03,1.57,-0.58,-1.1,5.2,,
EMULTIMQ,40.96,2026-08-03,0.1,-0.61,-1.11,-2.5,-0.27,-0.27
SYRMA,1360.6,2026-08-03,3.37,1.48,-1.12,41.88,65.9,82.19
ASHIANA,385.55,2026-08-03,-0.35,3.2,-1.12,12.52,32.05,20.29
INNOVANA,322.0,2026-08-03,-7.35,-3.65,-1.12,-20.56,-5.85,-35.79
BLS,250.75,2026-08-03,5.58,6.32,-1.12,-9.9,-1.86,-33.3
AVTNPL,70.71,2026-08-03,0.7,1.51,-1.13,2.03,3.78,-5.79
MOBANK10,17.17,2026-08-03,1.72,-0.92,-1.13,5.32,,
PARAGON,48.3,2026-07-31,-1.43,-1.43,-1.13,23.85,25.45,-13.83
AMBER,7400.0,2026-08-03,1.64,-5.84,-1.13,-7.78,19.48,-5.98
MGL,1115.7,2026-08-03,1.61,2.27,-1.14,-1.76,7.03,-14.55
SETL,278.55,2026-08-03,-1.5,-3.3,-1.14,99.06,127.83,50.44
MITCON,75.7,2026-08-03,3.49,4.18,-1.14,-5.33,26.97,-4.14
PARADEEP,144.92,2026-08-03,7.64,4.84,-1.14,12.38,11.31,-33.16
BANKADD,58.66,2026-08-03,0.36,-1.31,-1.15,4.77,-4.23,3.33
GSEC10YEAR,30.15,2026-08-03,-1.47,-0.66,-1.15,1.24,2.0,2.83
IVP,158.23,2026-08-03,3.59,1.52,-1.15,13.86,9.66,-8.15
BASILIC,199.45,2026-07-31,3.96,0.48,-1.16,-15.84,-22.0,-53.7
AMJLAND,38.12,2026-08-03,1.17,1.71,-1.17,-5.53,-7.32,-36.57
CLEAN,764.15,2026-08-03,4.92,4.71,-1.18,-6.7,-6.81,-36.33
RAMCOIND,332.15,2026-08-03,-1.4,-6.26,-1.18,24.67,6.15,17.6
ABGSEC,113.63,2026-08-03,-0.79,-0.99,-1.18,1.46,2.28,3.21
DEVIT,27.12,2026-08-03,3.99,0.63,-1.2,-12.91,-12.06,-38.23
BLKASHYAP,54.32,2026-08-03,0.39,-6.34,-1.2,-5.13,13.78,-27.66
HDFCNIFBAN,59.0,2026-08-03,0.36,-1.19,-1.21,4.83,-4.16,3.55
CDSL,1322.2,2026-08-03,-0.51,-4.55,-1.21,4.89,-0.65,-9.04
AEQUS,233.66,2026-08-03,1.68,-2.79,-1.22,24.39,71.05,
VINCOFE,152.39,2026-08-03,-6.43,-4.12,-1.22,12.25,2.1,-0.82
RVNL,232.9,2026-08-03,4.0,2.66,-1.22,-21.75,-28.04,-32.02
BAJAJHCARE,340.4,2026-08-03,6.49,-11.94,-1.22,5.8,-3.86,-27.15
INDOFARM,161.6,2026-08-03,4.0,2.9,-1.23,18.22,-6.16,-19.35
AKCAPIT,1748.5,2026-08-03,-0.06,-4.44,-1.23,11.17,,
BBTC,1537.2,2026-08-03,2.71,2.67,-1.25,2.4,-11.76,-18.39
RPEL,1245.6,2026-08-03,-3.64,-2.92,-1.26,78.09,64.06,99.44
SANOFI,3381.8,2026-08-03,0.39,-0.29,-1.26,-0.75,-14.63,-37.25
SINCLAIR,74.69,2026-08-03,1.41,0.84,-1.27,-6.03,-4.54,-25.3
SUYOG,865.7,2026-08-03,-2.22,2.59,-1.27,13.44,57.33,1.71
DEFENCE,79.12,2026-08-03,0.69,1.19,-1.27,6.93,,
FMCGIETF,53.03,2026-08-03,-0.28,0.78,-1.28,-3.0,-2.55,-11.47
ALEMBICLTD,91.67,2026-08-03,1.69,1.55,-1.28,0.52,-3.17,-15.8
PENIND,169.12,2026-08-03,2.4,-0.02,-1.29,0.88,-5.01,-27.18
MAMATA,403.15,2026-08-03,6.02,1.9,-1.3,-3.37,-3.61,-16.82
GTECJAINX,28.05,2026-08-03,-2.06,1.85,-1.3,38.93,45.26,8.18
PROLIFE,74.8,2026-07-31,4.98,-0.27,-1.32,20.74,23.03,-50.01
KANANIIND,1.5,2026-08-03,-0.66,1.35,-1.32,-7.41,-5.06,-25.0
NPBET,288.87,2026-08-03,1.6,-0.06,-1.33,6.38,-3.24,3.81
AATMAJ,18.5,2026-07-31,0.0,1.37,-1.33,-7.5,-10.19,-5.13
SHBAJRG,187.98,2026-08-03,3.04,-2.24,-1.34,10.25,,
MANBA,137.29,2026-08-03,-6.2,-0.38,-1.34,25.78,6.73,2.83
MIRZAINT,33.72,2026-08-03,-4.04,-11.54,-1.35,3.34,-14.02,0.9
BNAGROCHEM,285.75,2026-08-03,3.93,4.57,-1.35,19.01,,
PILANIINVS,4346.8,2026-08-03,0.04,-0.5,-1.36,-7.66,-6.04,-13.4
JMA,88.67,2026-08-03,-0.24,-0.46,-1.36,0.77,14.43,-1.57
MASFIN,317.65,2026-08-03,-0.2,-0.19,-1.37,-6.55,0.17,4.79
VIAZ,64.0,2026-07-31,4.92,6.67,-1.39,1.67,-1.54,-1.77
SILKFLEX,211.0,2026-07-31,6.62,8.76,-1.4,-7.09,113.13,138.55
AROGRANITE,25.16,2026-08-03,-0.36,0.32,-1.41,-5.98,-12.79,-30.42
VPRPL,28.05,2026-08-03,-0.85,8.3,-1.41,-36.1,-40.14,-82.42
BOSCHLTD,41300.0,2026-08-03,0.12,0.83,-1.42,14.74,9.43,2.25
DBREALTY,113.03,2026-08-03,-0.72,-1.58,-1.42,9.13,2.73,-37.34
MANAKSTEEL,75.21,2026-08-03,7.49,-1.14,-1.43,7.91,21.76,15.9
RTNINDIA,33.11,2026-08-03,3.37,3.21,-1.43,-6.78,-11.38,-38.22
MUFIN,133.1,2026-08-03,5.96,3.47,-1.44,16.47,16.82,51.59
SURAJEST,201.68,2026-08-03,3.12,1.55,-1.44,-13.62,-14.02,-30.01
HEADSUP,6.79,2026-08-03,-4.23,0.59,-1.45,-6.73,-20.49,-30.43
VEEKAYEM,126.0,2026-07-31,3.28,-1.56,-1.45,-10.45,42.61,-47.46
POWERMECH,2593.0,2026-08-03,-3.71,0.95,-1.46,4.48,24.14,-17.2
HDFCPVTBAN,28.39,2026-08-03,1.68,-0.18,-1.46,6.45,-3.4,4.03
AIAENG,4684.6,2026-08-03,1.08,0.58,-1.47,18.61,15.96,52.16
CHEMCON,184.09,2026-08-03,3.43,1.07,-1.48,18.25,4.3,-18.1
GAYAHWS,2.0,2026-08-03,6.38,5.26,-1.48,-11.11,0.5,-4.31
EUROPRATIK,301.7,2026-08-03,-4.1,-2.11,-1.49,12.29,27.01,
DEVX,34.33,2026-08-03,0.5,0.94,-1.49,-19.32,-9.35,
GROWWHOSPI,54.08,2026-08-03,-0.07,0.04,-1.49,12.22,,
MARUTI,14150.0,2026-08-03,3.06,4.71,-1.5,6.28,-4.28,15.02
COFFEEDAY,32.03,2026-08-03,5.4,1.91,-1.51,21.33,4.78,-9.31
DATAPATTNS,4428.8,2026-08-03,-3.28,11.22,-1.52,8.74,70.28,74.02
APCL,102.03,2026-08-03,-2.82,0.53,-1.53,-11.61,-29.59,-29.99
CRIZAC,195.88,2026-08-03,0.46,5.29,-1.54,-6.74,-19.46,-38.49
NTPC,350.9,2026-08-03,0.03,1.05,-1.56,-12.09,-1.39,8.84
SANSTAR,116.85,2026-08-03,0.52,7.17,-1.56,29.7,29.7,30.25
ARVSMART,600.65,2026-08-03,0.16,0.49,-1.57,-2.8,7.17,-0.7
KOPRAN,190.27,2026-08-03,-5.44,-6.33,-1.57,15.57,42.09,21.73
FISCHER,38.67,2026-08-03,2.57,-3.13,-1.58,1.87,0.81,-59.36
CHALET,821.5,2026-08-03,-2.95,-4.03,-1.58,8.42,-8.28,-7.63
SUMMITSEC,1522.2,2026-08-03,1.72,1.65,-1.58,-2.4,-14.86,-24.97
NHPC,79.25,2026-08-03,-0.59,-2.16,-1.59,-4.75,2.79,-2.49
VSTTILLERS,4472.8,2026-08-03,0.96,-0.41,-1.61,-14.24,-23.78,-0.55
GKSL,127.74,2026-08-03,0.27,0.56,-1.61,2.01,20.54,
GLOBAL,101.36,2026-08-03,-2.53,1.2,-1.62,-1.68,21.04,60.55
ZYDUSLIFE,1121.0,2026-08-03,1.16,-2.35,-1.63,25.8,24.27,18.22
KOTHARIPRO,68.66,2026-08-03,0.6,0.54,-1.63,-4.39,0.96,-14.24
ICDSLTD,39.65,2026-08-03,0.48,2.45,-1.64,-14.77,-4.5,-6.57
TCI,914.6,2026-08-03,-1.9,-1.67,-1.64,-1.23,-16.25,-20.71
BIKAJI,650.0,2026-08-03,1.36,1.25,-1.65,-3.75,-1.95,-13.59
FORCEMOT,18494.0,2026-08-03,7.1,3.26,-1.65,-7.08,-7.57,10.93
CERA,6280.5,2026-08-03,1.21,1.58,-1.66,20.95,23.42,-1.26
GOACARBON,382.7,2026-08-03,1.69,4.46,-1.66,3.24,2.16,-19.13
NILAINFRA,7.66,2026-08-03,3.65,7.58,-1.67,-7.93,-6.59,-30.62
SBIETFPB,283.58,2026-08-03,1.38,-0.4,-1.67,5.75,-3.95,3.35
USK,22.43,2026-08-03,2.37,2.14,-1.67,-6.54,6.35,-38.18
PVTBANIETF,28.05,2026-08-03,1.41,-0.28,-1.68,5.81,-3.71,3.47
IRCON,131.88,2026-08-03,4.27,1.73,-1.68,-13.35,-14.08,-23.31
VEEDOL,1412.2,2026-08-03,1.43,1.12,-1.69,0.76,-1.06,-12.42
GROWWDEFNC,94.22,2026-08-03,-0.08,0.75,-1.7,5.47,17.35,23.62
EFFWA,371.05,2026-07-31,-2.33,1.19,-1.7,51.73,78.26,58.06
GENUSPOWER,316.0,2026-08-03,-1.86,0.56,-1.7,1.27,22.5,-12.53
FEDFINA,150.37,2026-08-03,0.07,-4.68,-1.7,2.83,2.63,14.73
KANCHI,364.6,2026-08-03,-1.7,1.7,-1.7,-10.86,,
DEEDEV,692.35,2026-08-03,1.42,-0.44,-1.7,66.03,231.71,150.44
RUBFILA,71.45,2026-08-03,-1.23,-2.1,-1.72,-2.14,-0.52,-8.31
LAMBODHARA,111.3,2026-08-03,-2.55,-3.91,-1.73,5.18,-5.31,-12.05
VENTIVE,622.25,2026-08-03,0.72,0.23,-1.73,0.41,-19.1,-18.57
VISHNUINFR,158.45,2026-07-31,-1.8,-2.19,-1.74,8.53,-26.41,-11.54
ASAL,507.85,2026-08-03,1.93,-4.84,-1.74,-0.81,11.8,5.58
CREATIVEYE,6.2,2026-08-03,-2.67,2.99,-1.74,-10.53,-6.63,-14.84
INNOVISION,285.75,2026-08-03,0.78,-1.07,-1.74,-11.56,,
JKIL,485.2,2026-08-03,-0.78,-2.25,-1.75,-6.67,-15.16,-30.02
CCL,1152.4,2026-08-03,-1.87,-4.05,-1.76,1.52,17.74,29.99
BFUTILITIE,576.2,2026-08-03,-0.29,-5.2,-1.78,3.1,8.62,-20.2
ZENITHEXPO,198.89,2026-08-03,-2.98,1.95,-1.78,-7.49,-9.68,-9.6
GROWWPOWER,11.62,2026-08-03,-0.94,-2.43,-1.78,-5.14,16.9,
MARCO,30.0,2026-07-31,-8.81,-8.54,-1.8,-21.05,9.89,-26.47
MANKIND,2483.0,2026-08-03,-2.69,-3.23,-1.8,10.52,14.82,-3.21
ICICIB22,116.6,2026-08-03,0.93,0.11,-1.83,-6.32,-3.61,9.42
SANOFICONR,4539.5,2026-08-03,-3.11,0.24,-1.84,-3.24,5.02,-5.16
SIDDHIKA,211.0,2026-07-31,-0.47,0.69,-1.85,-4.02,0.42,7.89
RPPL,22.33,2026-08-03,2.95,1.32,-1.85,40.0,34.6,-8.82
CARRARO,542.8,2026-08-03,1.26,-3.42,-1.86,-3.08,4.55,13.47
BAIDFIN,10.01,2026-08-03,1.52,-0.99,-1.86,-12.12,-15.24,-14.51
GALAXYSURF,1988.8,2026-08-03,2.48,2.86,-1.87,8.31,8.79,-24.3
REXPIPES,171.0,2026-07-31,0.0,0.0,-1.87,-13.55,16.33,25.74
NMDC,83.8,2026-08-03,0.34,-0.06,-1.87,-7.27,5.75,24.26
INTERARCH,1846.1,2026-08-03,1.04,-0.19,-1.87,-11.6,-17.36,-14.76
ECOSMOBLTY,135.2,2026-08-03,2.84,2.84,-1.89,-1.96,-31.75,-54.22
BIOFILCHEM,33.07,2026-08-03,0.76,-0.3,-1.9,-2.88,-28.64,-24.29
ZUARIIND,259.35,2026-08-03,1.47,-0.65,-1.91,-1.17,-5.14,-10.69
SENORES,1355.3,2026-08-03,-4.02,-2.14,-1.92,50.72,65.76,103.7
USHAMART,504.05,2026-08-03,0.39,-0.86,-1.95,11.56,23.15,36.91
ORIENTCEM,139.51,2026-08-03,2.5,0.63,-1.95,-2.61,-13.56,-41.71
GTPL,59.95,2026-08-03,0.15,-3.97,-1.96,-11.12,-23.68,-50.33
BANKBARODA,247.25,2026-08-03,1.33,-2.98,-1.96,-3.12,-10.57,8.56
AARTECH,46.96,2026-08-03,-0.53,-3.0,-1.96,-3.45,-0.49,-28.81
AYE,172.6,2026-08-03,3.47,0.66,-1.97,30.33,,
GILLANDERS,88.66,2026-08-03,0.59,-0.58,-1.97,-5.37,-0.14,-38.99
PASHUPATI,85.32,2026-08-03,-1.71,-2.18,-1.98,-3.21,5.86,21.69
RUCHIRA,108.09,2026-08-03,-2.11,4.2,-1.99,-7.51,-7.23,-17.47
BAJAJHIND,17.52,2026-08-03,3.48,1.62,-2.01,-13.69,7.29,-23.76
ABLBL,95.91,2026-08-03,0.46,0.58,-2.02,-6.68,-15.12,-30.47
DIGITIDE,100.15,2026-08-03,-0.57,0.65,-2.03,2.92,-16.14,-55.04
AGUL,62.6,2026-07-31,3.47,15.93,-2.03,10.11,-14.36,4.25
AVALON,1751.8,2026-08-03,1.37,2.06,-2.04,65.69,71.29,104.66
HARSHA,407.55,2026-08-03,0.44,-3.23,-2.04,5.77,2.61,0.56
KRITI,69.6,2026-08-03,7.67,3.57,-2.05,-15.28,-6.49,-59.99
SRD,39.21,2026-08-03,4.2,2.43,-2.05,-12.3,-28.48,-51.17
ROLEXRINGS,139.1,2026-08-03,0.86,-10.4,-2.06,-4.61,10.66,-1.41
HEMIPROP,140.0,2026-08-03,3.6,3.2,-2.06,9.27,4.85,11.84
TITAGARH,859.05,2026-08-03,5.26,-0.94,-2.07,11.8,7.54,2.86
DAICHI,321.1,2026-08-03,6.15,3.7,-2.1,22.07,,
PARKHOSPS,288.6,2026-08-03,3.18,3.44,-2.1,25.2,83.69,
UMIYA-MRO,88.15,2026-08-03,-1.86,-1.71,-2.1,1.56,-3.34,9.52
APOLLOTYRE,436.6,2026-08-03,3.96,1.84,-2.1,7.52,-12.43,0.3
JYOTISTRUC,11.6,2026-08-03,6.03,3.85,-2.11,-12.19,22.62,-29.82
PDSL,357.25,2026-08-03,-0.07,-1.49,-2.11,29.2,2.91,2.68
KNAGRI,207.06,2026-08-03,-6.5,5.63,-2.11,15.02,22.05,-19.74
DICIND,510.1,2026-08-03,1.57,0.36,-2.11,-4.3,-7.22,-16.69
TVSELECT,495.6,2026-08-03,0.32,-3.38,-2.12,7.34,22.33,18.04
FIRSTCRY,214.61,2026-08-03,0.52,1.79,-2.12,-10.28,-20.51,-38.36
HONAUT,38570.0,2026-08-03,2.78,0.93,-2.12,24.65,14.32,-0.12
RKSWAMY,101.98,2026-08-03,-2.57,2.94,-2.12,23.58,-6.47,-36.14
NEPHROCARE,64.25,2026-07-31,1.98,-1.53,-2.13,-19.44,-35.88,-55.8
TEXMOPIPES,42.99,2026-08-03,-1.1,-0.81,-2.14,-7.98,-5.41,-26.76
UNITEDTEA,472.8,2026-08-03,0.44,2.65,-2.14,-11.4,0.05,3.46
CALSOFT,21.81,2026-08-03,0.18,-5.38,-2.15,51.99,55.67,53.27
INVENTURE,0.91,2026-08-03,0.0,1.11,-2.15,-9.9,-18.75,-39.74
GPPL,151.37,2026-08-03,2.06,-0.07,-2.15,-3.0,-10.7,0.39
ALLCARGO,8.2,2026-08-03,1.36,1.74,-2.15,-15.29,-20.16,-76.13
MODEFENCE,102.98,2026-08-03,-0.32,0.35,-2.16,4.58,17.17,23.08
TWCGOLDETF,141.58,2026-08-03,-1.11,0.23,-2.17,-4.94,,
CESC,165.98,2026-08-03,2.25,0.22,-2.19,-11.49,12.57,3.64
TOTAL,52.05,2026-08-03,8.21,0.31,-2.2,-7.42,-19.64,-29.76
HATHWAY,11.05,2026-08-03,1.56,-0.27,-2.21,0.36,0.18,-26.82
AONEGOLD,13.27,2026-08-03,-0.82,0.7,-2.21,-4.84,-6.18,
MFML,19.84,2026-08-03,5.31,9.31,-2.22,-18.45,-18.35,-32.29
GVPTECH,7.06,2026-08-03,1.29,3.67,-2.22,-0.7,-9.95,-34.2
SCHAEFFLER,4069.2,2026-08-03,-2.78,-2.07,-2.23,-1.35,5.72,0.05
SUNTV,503.8,2026-08-03,3.09,2.84,-2.23,-16.81,-7.02,-8.22
VASCONEQ,33.26,2026-08-03,2.24,0.03,-2.23,-19.39,-22.69,-37.43
ROUTE,537.05,2026-08-03,0.07,-3.78,-2.25,2.62,-8.12,-38.09
DENEERS,186.95,2026-07-31,-1.79,-5.82,-2.25,7.75,27.0,-37.87
DOLLAR,267.4,2026-08-03,4.99,3.3,-2.26,-9.76,-18.32,-28.69
BENGALASM,6205.0,2026-08-03,-0.17,-0.65,-2.28,-0.7,,
MOINFRA,61.25,2026-08-03,1.12,0.54,-2.29,-4.07,3.09,5.43
KWIL,33.16,2026-08-03,5.27,-2.61,-2.3,21.78,,
SAGARDEEP,24.49,2026-08-03,-1.88,2.94,-2.31,1.03,-1.88,-14.19
ORIENTHOT,135.39,2026-08-03,-1.43,-5.32,-2.31,36.93,28.54,-4.4
MOGOLD,140.55,2026-08-03,-0.92,0.46,-2.33,-4.68,-5.48,43.79
PLAZACABLE,44.01,2026-08-03,2.83,2.02,-2.33,7.58,10.08,-23.26
JSWCEMENT,132.9,2026-08-03,-1.12,-5.47,-2.33,8.92,16.87,
AVL,623.65,2026-08-03,-0.05,-2.14,-2.33,18.88,22.25,59.24
LICMFGOLD,127.8,2026-08-03,-0.97,0.2,-2.33,-4.77,-99.06,-98.57
GOLDETF,137.9,2026-08-03,-1.08,0.33,-2.34,-4.73,-6.0,43.53
BPL,54.49,2026-08-03,3.34,-2.96,-2.37,-2.49,-7.22,-31.62
VMART,777.95,2026-08-03,8.81,-0.91,-2.37,26.37,25.07,-0.17
PRIVISCL,3597.0,2026-08-03,-0.46,-1.86,-2.38,7.35,27.89,47.04
TIMESCAN,39.0,2026-07-31,-4.99,-3.11,-2.38,-2.5,-4.88,-40.91
SRGHFL,299.7,2026-08-03,-3.04,-1.74,-2.38,6.02,6.45,-8.77
GOLDBND,141.95,2026-08-03,-0.77,0.33,-2.39,-4.92,,
MOREPENLAB,57.65,2026-08-03,1.75,-1.0,-2.4,39.39,53.53,0.2
SURANASOL,26.27,2026-08-03,-5.84,0.23,-2.41,-5.98,7.01,-17.88
UCOBANK,26.31,2026-08-03,-1.31,-1.24,-2.41,-0.15,-6.01,-8.2
UTIAMC,915.75,2026-08-03,1.3,-1.52,-2.41,0.3,-9.17,-26.54
UCAL,113.51,2026-08-03,-3.54,-4.02,-2.42,12.69,1.9,-21.88
VISHWARAJ,5.24,2026-08-03,-0.19,0.0,-2.42,-11.34,-15.48,-43.11
ELCIDIN,111750.0,2026-08-03,0.93,-0.22,-2.42,-10.58,,
TECILCHEM,10.05,2026-08-03,0.6,2.34,-2.43,-19.02,-33.44,-48.65
LANDSMILL,0.8,2026-08-03,-2.44,8.11,-2.44,-15.79,-37.01,-33.33
ARCHIES,13.95,2026-08-03,-0.29,-0.36,-2.45,-5.36,-13.73,-27.98
NSLNISP,43.37,2026-08-03,2.89,0.91,-2.45,1.52,4.94,19.64
IRMENERGY,265.0,2026-08-03,2.4,1.75,-2.45,-25.75,11.43,-11.38
ZFSTEERING,679.0,2026-08-03,-1.08,2.06,-2.45,-15.61,,
GOLDBETA,119.3,2026-08-03,-1.2,0.38,-2.45,-5.09,-6.21,44.17
AVPINFRA,65.65,2026-07-31,-6.88,8.6,-2.45,-33.52,-27.42,-66.66
AGRITECH,112.0,2026-08-03,0.02,2.63,-2.46,0.0,-17.26,-21.74
DIFFNKG,406.1,2026-08-03,0.51,5.17,-2.46,35.2,58.37,27.44
BANKINDIA,140.5,2026-08-03,1.91,-4.39,-2.46,3.73,-8.18,32.76
UNIONGOLD,138.8,2026-08-03,-1.32,0.22,-2.46,-4.7,-5.8,43.61
BSLGOLDETF,124.69,2026-08-03,-1.11,0.43,-2.46,-4.82,-6.17,43.59
QGOLDHALF,117.47,2026-08-03,-1.21,0.24,-2.47,-4.96,-5.27,43.82
NDL,2.37,2026-08-03,2.16,0.85,-2.47,-15.05,-21.78,-33.43
ROSSARI,508.25,2026-08-03,-2.25,-1.99,-2.47,6.22,-5.32,-27.65
PSB,23.76,2026-08-03,-0.54,-2.82,-2.47,-3.17,-11.19,-15.72
TATAGOLD,13.78,2026-08-03,-1.08,0.36,-2.48,-4.83,-5.75,43.54
GNFC,516.1,2026-08-03,0.42,1.88,-2.48,9.97,10.2,-0.2
ECAPINSURE,23.97,2026-08-03,0.97,-0.7,-2.48,1.18,-0.04,6.25
QUINT,38.99,2026-08-03,4.39,-0.28,-2.48,-5.13,,
PREMIERENE,1020.7,2026-08-03,-1.85,-6.05,-2.49,0.32,29.04,1.15
GOLDCASE,22.31,2026-08-03,-1.11,0.41,-2.49,-4.98,-6.1,43.66
HDFCGOLD,121.2,2026-08-03,-1.12,0.34,-2.49,-4.93,-6.47,43.4
PIONRINV,86.96,2026-08-03,-6.76,-12.18,-2.5,-19.41,,
CYBERTECH,141.59,2026-08-03,1.97,-0.33,-2.5,11.74,6.58,4.17
GLFL,5.85,2026-08-03,11.22,10.59,-2.5,-18.98,41.3,-5.8
ASTRON,3.88,2026-08-03,-2.76,3.74,-2.51,-12.42,-4.9,-73.39
GOLD1,118.39,2026-08-03,-1.09,0.3,-2.51,-5.06,-6.08,43.71
PINELABS,152.17,2026-08-03,2.17,1.62,-2.53,-21.44,-32.1,
GOLD360,138.5,2026-08-03,-0.97,0.18,-2.53,-5.01,-7.42,43.15
SETFGOLD,121.03,2026-08-03,-1.08,0.36,-2.53,-5.03,-6.07,43.43
GROWWGOLD,13.85,2026-08-03,-1.21,0.29,-2.53,-5.01,-6.86,-85.7
SYLVANPLY,53.7,2026-07-31,2.58,-7.41,-2.54,-11.24,7.19,-36.79
HATSUN,884.8,2026-08-03,1.16,-4.91,-2.54,-7.17,-1.15,-0.91
EGOLD,141.7,2026-08-03,-1.19,0.25,-2.54,-5.03,-5.09,43.49
GOLDBEES,117.26,2026-08-03,-1.15,0.36,-2.54,-5.0,-6.34,43.09
EMKAYTOOLS,93.5,2026-07-31,2.69,0.48,-2.55,-14.02,-1.58,-52.53
BBNPPGOLD,137.05,2026-08-03,-1.12,0.26,-2.56,-5.16,-6.48,43.88
APOLSINHOT,1207.1,2026-08-03,0.68,0.28,-2.56,4.14,-7.85,-14.27
FEL,0.38,2026-08-03,2.7,0.0,-2.56,-17.39,-13.64,-35.59
DONEAR,84.44,2026-08-03,-2.02,-0.86,-2.56,-7.21,-11.58,-15.15
KONTOR,57.0,2026-07-31,-1.81,-4.36,-2.56,-24.6,-6.48,-29.06
HDFCLIFE,553.1,2026-08-03,0.05,-2.05,-2.57,-5.42,-22.92,-25.16
GOLDADD,137.82,2026-08-03,-1.11,0.28,-2.57,-4.91,-5.82,43.85
CPSEETF,94.89,2026-08-03,-1.22,-1.94,-2.6,-12.44,-3.18,5.83
SRM,496.4,2026-08-03,-2.58,-0.68,-2.62,-2.04,10.19,7.59
KALPATARU,300.7,2026-08-03,12.62,10.47,-2.62,-7.68,-10.75,-20.31
KRONOX,153.81,2026-08-03,-1.12,0.29,-2.63,9.38,21.42,-12.4
KALYANIFRG,599.6,2026-08-03,-0.73,-0.17,-2.63,-0.62,-2.17,-13.61
JSWHL,12016.0,2026-08-03,9.25,8.73,-2.63,-3.04,-32.1,-37.29
LUPIN,2393.0,2026-08-03,-0.71,-3.45,-2.65,4.56,10.27,29.08
TATACHEM,674.65,2026-08-03,-3.47,-2.73,-2.66,-15.32,-5.57,-28.38
GOLDIETF,121.44,2026-08-03,-1.21,0.31,-2.67,-5.1,-6.56,43.6
TRANSWORLD,161.66,2026-08-03,-1.36,-1.72,-2.67,-1.96,-6.26,-37.53
VIKRAN,72.54,2026-08-03,0.99,0.25,-2.68,0.36,-18.62,
IVZINGOLD,123.5,2026-08-03,-1.2,0.24,-2.68,-5.18,-99.06,-98.56
KRISHNADEF,1218.3,2026-08-03,-5.99,-6.46,-2.69,13.17,25.18,51.25
ELANTAS,9797.0,2026-08-03,2.53,2.78,-2.69,2.01,,
VETO,123.17,2026-08-03,1.68,-3.49,-2.7,13.66,18.99,-7.95
STARCEMENT,203.96,2026-08-03,0.56,-2.39,-2.73,-11.43,-6.62,-15.68
CGCL,227.47,2026-08-03,-6.88,-9.02,-2.74,22.18,33.59,29.85
DUCOL,103.1,2026-07-31,-1.86,-2.83,-2.74,-16.79,-21.6,-23.06
MICEL,38.65,2026-08-03,6.15,3.48,-2.74,-10.47,-11.8,-24.25
LTF,318.0,2026-08-03,1.84,3.97,-2.75,14.85,12.85,59.73
MUKKA,23.29,2026-08-03,2.96,-0.89,-2.76,-3.08,-3.08,-16.37
LINDEINDIA,6980.5,2026-08-03,3.16,-0.23,-2.76,-4.64,16.27,6.36
GMRP&UI,97.18,2026-08-03,-0.45,0.05,-2.77,-8.79,-8.73,-7.51
FELIX,180.6,2026-07-31,1.69,-3.89,-2.77,-17.67,-6.42,-2.54
ASPINWALL,236.19,2026-08-03,-4.34,-6.09,-2.78,5.62,11.75,-17.45
MARSONS,110.45,2026-08-03,-1.26,-2.32,-2.79,-28.37,,
CHOICEGOLD,140.54,2026-08-03,-1.2,0.06,-2.79,-4.88,-6.49,
WONDERLA,485.2,2026-08-03,3.73,3.06,-2.81,-8.0,-4.21,-22.15
SYSTANGO,215.65,2026-07-31,0.35,-3.79,-2.82,-22.58,-20.11,-4.39
MANAKSIA,56.67,2026-08-03,1.16,-2.19,-2.83,-4.21,-11.58,-23.87
PGHH,8649.0,2026-08-03,-3.83,-0.85,-2.84,-14.76,-26.3,-35.47
NIRAJ,29.08,2026-08-03,0.38,0.73,-2.84,0.0,-10.8,-42.78
RAJSREESUG,30.39,2026-08-03,-1.43,-7.69,-2.85,-13.47,3.02,-31.46
HBSL,50.5,2026-08-03,4.73,4.64,-2.87,-19.9,-19.8,-35.34
CSLFINANCE,219.78,2026-08-03,1.17,2.59,-2.87,-3.06,-18.1,-26.58
SAIL,165.0,2026-08-03,1.46,1.45,-2.87,-10.63,6.89,39.08
HINDUNILVR,2138.0,2026-08-03,-1.68,-0.08,-2.87,-4.05,-8.82,-14.76
RENUKA,22.33,2026-08-03,2.15,0.72,-2.87,-23.55,-10.64,-25.39
SAIFL,5.05,2026-07-31,-0.98,-0.98,-2.88,-40.59,-55.7,-83.31
TEMBO,560.4,2026-08-03,1.47,2.45,-2.89,-7.36,0.07,12.28
HOMEFIRST,1170.2,2026-08-03,-1.04,-8.09,-2.9,1.2,1.12,-1.81
BALKRISHNA,18.05,2026-08-03,2.91,-0.06,-2.9,0.22,8.28,-12.12
GESHIP,1398.4,2026-08-03,-0.01,0.81,-2.92,-10.71,15.57,54.8
DREAMFOLKS,67.48,2026-08-03,-0.09,-0.91,-2.93,-16.61,-26.57,-49.9
DABUR,425.8,2026-08-03,-0.36,-0.16,-2.93,-2.3,-13.82,-18.85
BCONCEPTS,189.14,2026-08-03,-1.59,-0.34,-2.94,-19.55,-33.5,-42.76
EIHAHOTELS,312.55,2026-08-03,-0.29,-0.02,-2.95,-2.4,-6.57,-19.18
GTLINFRA,1.31,2026-08-03,7.38,4.8,-2.96,7.38,29.7,-13.82
INDBANK,32.49,2026-08-03,-1.84,-2.81,-2.96,-5.03,-9.42,-0.49
TRANSRAILL,500.25,2026-08-03,3.76,1.46,-2.99,-15.98,-7.36,-28.63
ALPA,66.66,2026-08-03,0.12,-2.76,-3.0,0.73,-3.08,-31.67
IPCALAB,1725.6,2026-08-03,-2.93,-6.15,-3.0,12.72,20.23,19.16
HERANBA,182.74,2026-08-03,3.86,1.95,-3.01,-16.61,-16.54,-50.69
NDLVENTURE,129.34,2026-08-03,6.75,1.1,-3.02,8.39,39.77,98.09
SCI,292.65,2026-08-03,3.12,4.28,-3.02,-3.89,34.02,46.82
BEWLTD,57.75,2026-07-31,-1.87,-2.12,-3.02,-31.9,-41.55,-63.04
LFIC,141.06,2026-08-03,-2.64,-1.52,-3.03,0.16,22.07,-31.01
KRISHIVAL,389.35,2026-08-03,-0.36,-2.28,-3.03,14.33,18.16,3.35
JKIPL,96.83,2026-08-03,-0.05,4.41,-3.04,6.79,26.67,
ALBERTDAVD,692.55,2026-08-03,1.95,-0.06,-3.06,-2.49,1.41,-20.57
OLIL,410.0,2026-07-31,-1.91,-4.21,-3.07,-2.12,35.81,91.63
WABAG,2012.0,2026-08-03,1.74,-4.96,-3.08,33.61,71.92,28.41
BIL,760.85,2026-08-03,2.02,2.05,-3.08,-0.72,-17.47,-15.72
PALASHSECU,89.01,2026-08-03,-0.11,-0.35,-3.09,-5.56,-9.0,-25.75
JAYNECOIND,88.18,2026-08-03,0.69,4.94,-3.09,-20.41,18.94,80.14
BANG,30.27,2026-08-03,7.88,5.43,-3.1,-20.57,-33.65,-42.57
FLAIR,252.0,2026-08-03,-1.85,-0.55,-3.11,-20.94,-18.62,-25.84
EMSLIMITED,414.35,2026-08-03,3.14,-3.73,-3.11,19.31,20.75,-31.53
POCL,550.45,2026-08-03,5.29,-1.83,-3.12,-0.12,5.1,17.87
JAYSREETEA,83.27,2026-08-03,3.4,2.12,-3.14,-8.03,2.1,-23.58
GARUDA,172.5,2026-08-03,0.09,-1.13,-3.16,2.36,4.97,-3.76
HECPROJECT,135.49,2026-08-03,-1.6,17.21,-3.16,5.09,16.74,-18.31
CYBERMEDIA,16.19,2026-08-03,1.63,4.32,-3.17,-2.06,2.34,-9.04
JAGRAN,62.88,2026-08-03,0.91,-0.05,-3.17,9.29,7.77,-1.29
PWL,126.03,2026-08-03,2.39,-5.26,-3.17,16.07,5.54,
ACMESOLAR,371.1,2026-08-03,2.4,-1.71,-3.17,22.54,70.89,34.31
PENTAGON,54.95,2026-07-31,7.01,1.95,-3.17,-19.13,-16.74,-11.08
AMRUTANJAN,521.2,2026-08-03,1.53,-4.66,-3.19,-8.75,-10.41,-22.81
DRONE,39.4,2026-07-31,-1.5,1.29,-3.19,-23.94,-26.49,-60.7
BANSWRAS,127.34,2026-08-03,2.42,-2.31,-3.2,8.96,7.04,-8.34
GKWLIMITED,1660.2,2026-08-03,3.14,-2.33,-3.2,0.55,-1.73,-5.34
KAMAHOLD,2516.4,2026-08-03,-1.07,-3.97,-3.21,0.54,,
PVTBANKADD,27.76,2026-08-03,-0.18,-1.6,-3.21,3.16,-5.29,1.87
YASHOPTICS,112.85,2026-07-31,1.39,-1.83,-3.22,-3.3,-4.36,24.9
JUBLPHARMA,933.15,2026-08-03,-4.75,-8.39,-3.22,1.23,-5.13,-19.03
LPDC,6.3,2026-08-03,3.11,0.96,-3.23,-16.45,-4.4,-22.41
GOYALALUM,6.58,2026-08-03,1.86,0.0,-3.24,-7.19,-11.32,-11.68
DECCANCE,556.0,2026-08-03,1.96,-2.33,-3.25,-15.08,-14.02,-45.06
XELPMOC,83.4,2026-08-03,5.14,1.5,-3.27,-18.28,-36.97,-6.16
WEIZMANIND,77.91,2026-08-03,0.65,-1.28,-3.27,-4.7,-6.77,-31.36
ZODIAC,256.3,2026-08-03,4.23,-1.2,-3.28,-21.07,0.33,-42.84
INDOWIND,9.12,2026-08-03,-1.08,-0.98,-3.29,-17.32,-20.07,-49.33
ZUARI,233.27,2026-08-03,5.03,1.26,-3.29,-0.82,-15.08,-23.83
INSPIRISYS,98.49,2026-08-03,-0.86,-1.65,-3.3,18.66,12.23,-7.08
EVEREADY,355.65,2026-08-03,1.69,3.69,-3.3,6.15,9.82,-13.33
AXITA,7.3,2026-08-03,-1.48,-0.68,-3.31,-9.88,-19.78,-8.65
ASPIRE,14.5,2026-07-31,-3.97,7.41,-3.33,-12.12,-13.17,-45.08
ZAGGLE,205.85,2026-08-03,1.23,-0.93,-3.33,-14.5,-31.69,-45.26
EMAMILTD,406.0,2026-08-03,-1.96,0.21,-3.34,-8.66,-14.94,-33.14
DCG,52.15,2026-07-31,-2.61,0.29,-3.34,-22.68,-13.94,-30.65
ERIS,1383.2,2026-08-03,-1.45,-5.47,-3.35,5.12,-3.51,-23.1
ESABINDIA,5614.5,2026-08-03,-0.12,-4.35,-3.35,-10.02,-1.33,8.98
ONEPOINT,56.9,2026-08-03,2.63,5.66,-3.36,5.55,12.3,16.05
GUJRAFFIA,39.59,2026-08-03,1.49,-0.25,-3.37,-3.3,2.96,2.27
UTKARSHBNK,14.56,2026-08-03,0.34,-3.0,-3.38,0.9,11.66,-33.55
MFSL,1542.5,2026-08-03,2.08,-0.04,-3.39,-2.72,-7.89,4.75
VAKRANGEE,5.99,2026-08-03,-1.64,1.01,-3.39,-13.19,-13.19,-33.74
SMLT,69.0,2026-08-03,2.16,3.65,-3.39,-8.24,-5.56,-42.71
SHREDIGCEM,73.93,2026-08-03,1.02,0.15,-3.4,1.65,1.97,-10.91
NCC,144.42,2026-08-03,1.6,3.26,-3.4,-11.85,-5.53,-31.86
DIAMONDYD,1163.8,2026-08-03,6.03,0.7,-3.4,16.91,3.45,20.58
TEGA,1587.7,2026-08-03,5.11,-1.97,-3.41,-4.55,-9.65,-15.85
MAZDA,221.63,2026-08-03,2.17,-0.6,-3.42,3.66,6.44,-20.03
MALLCOM,975.85,2026-08-03,-2.36,-5.63,-3.42,-10.7,-16.24,-23.9
HAWKINCOOK,8496.5,2026-08-03,-4.47,-6.73,-3.43,15.7,,
DIGIDRIVE,17.76,2026-08-03,-0.39,-3.9,-3.43,-25.6,-21.31,-48.76
SALASAR,5.9,2026-08-03,-1.01,-1.5,-3.44,-20.81,-25.79,-17.13
AURIGROW,0.28,2026-07-31,0.0,0.0,-3.45,-17.65,-42.86,-54.1
FORTIS,940.0,2026-08-03,-0.24,-1.07,-3.45,1.96,9.03,9.51
PRIMESECU,277.45,2026-08-03,1.07,-1.37,-3.46,-1.87,-0.31,0.85
KOVAI,5832.5,2026-08-03,-0.2,-1.58,-3.48,3.09,126.36,126.36
STOVEKRAFT,754.6,2026-08-03,-5.19,-2.98,-3.49,38.33,41.62,31.09
20MICRONS,196.03,2026-08-03,-3.91,-4.96,-3.49,11.5,14.09,-16.3
AGARIND,514.95,2026-08-03,6.49,2.45,-3.5,23.5,-28.88,-46.45
NGIL,40.0,2026-08-03,2.46,0.05,-3.5,6.7,47.71,38.31
RBMINFRA,264.8,2026-07-31,-8.97,2.54,-3.5,-32.52,-21.08,-42.5
GRAVITA,1663.9,2026-08-03,-6.98,-8.05,-3.51,2.08,0.36,-7.06
INDOAMIN,126.24,2026-08-03,-1.46,4.59,-3.52,11.85,8.17,-15.35
JTEKTINDIA,141.74,2026-08-03,6.34,5.38,-3.53,4.13,-0.21,12.87
KIMS,820.6,2026-08-03,2.52,4.06,-3.53,23.08,33.01,8.48
RAMKY,389.15,2026-08-03,3.72,1.12,-3.53,-22.76,-17.65,-32.43
EMBDL,60.79,2026-08-03,-2.22,-4.64,-3.54,31.35,-4.21,-40.94
BCPL,70.41,2026-08-03,-0.48,-0.31,-3.55,-16.51,,
EPACK,229.94,2026-08-03,-0.93,-4.52,-3.56,-17.68,-1.84,-39.55
CYIENT,858.55,2026-08-03,4.04,1.08,-3.57,-1.51,-25.75,-26.39
SADBHAV,8.64,2026-08-03,3.97,7.2,-3.57,-10.0,38.02,-28.65
VSTL,109.81,2026-08-03,-1.37,-1.9,-3.59,-14.72,-6.47,-30.77
KIRLOSIND,3952.6,2026-08-03,3.82,2.22,-3.59,21.24,26.29,-6.58
WPIL,455.95,2026-08-03,3.59,-0.03,-3.6,6.06,,
KANSAINER,204.18,2026-08-03,0.15,1.48,-3.61,4.78,-9.44,-17.37
VISHNU,599.7,2026-08-03,-5.75,-6.31,-3.61,0.93,14.48,11.03
MCCHRLS-B,690.0,2026-08-03,-1.28,-1.64,-3.63,1.12,,
SUBROS,817.3,2026-08-03,3.72,1.52,-3.63,4.98,4.67,-2.48
CARBORUNIV,1095.5,2026-08-03,2.33,1.0,-3.64,15.38,38.5,18.82
MURUDCERA,30.7,2026-08-03,0.13,1.02,-3.64,-7.75,-9.57,-26.43
DELTAMAGNT,57.92,2026-08-03,3.02,-1.18,-3.64,-6.02,-10.42,-33.78
YATHARTH,833.95,2026-08-03,-1.18,-1.76,-3.65,1.7,36.62,31.01
MEDIASSIST,361.0,2026-08-03,3.99,0.47,-3.66,4.62,-12.34,-31.21
ADANIPOWER,213.65,2026-08-03,-0.14,-2.87,-3.67,-3.7,48.76,88.4
ANIKINDS,43.13,2026-08-03,2.03,2.08,-3.68,-3.32,-11.84,-54.96
ATL,23.28,2026-08-03,-1.69,-0.68,-3.68,-7.73,-4.55,-21.62
OBEROIRLTY,1861.1,2026-08-03,1.56,-1.04,-3.69,11.73,22.08,17.66
JAIPURKURT,26.91,2026-08-03,0.98,1.47,-3.69,-17.05,-21.77,-36.22
VIVIDHA,0.52,2026-08-03,0.0,0.0,-3.7,-7.14,-10.34,-34.18
BIMETAL,637.15,2026-08-03,-2.1,-2.73,-3.7,8.6,,
KNRCON,126.53,2026-08-03,3.22,2.09,-3.71,1.12,-19.37,-40.16
KOKUYOCMLN,85.93,2026-08-03,0.44,2.39,-3.71,-7.37,3.69,-24.95
CUBEXTUB,79.65,2026-08-03,2.87,0.96,-3.72,-18.97,-34.18,-8.55
GREENPOWER,10.08,2026-08-03,0.9,-1.18,-3.72,-19.62,-6.49,-26.69
SECURKLOUD,17.83,2026-08-03,1.83,1.02,-3.73,-21.94,-24.61,-28.94
MAL,33.35,2026-07-31,2.93,1.21,-3.75,-13.6,-27.18,-53.71
MOHITIND,22.45,2026-08-03,-2.14,-0.58,-3.77,-5.71,-9.66,-27.93
CAPILLARY,495.55,2026-08-03,-7.43,2.53,-3.79,-10.13,-19.76,
TERASOFT,389.1,2026-08-03,-0.95,-2.68,-3.8,14.58,-10.15,28.7
ROHLTD,313.8,2026-08-03,-2.65,-1.34,-3.82,-8.65,-12.51,-19.28
SONAL,89.45,2026-07-31,-0.7,0.51,-3.82,-14.32,,
STEELCITY,76.4,2026-08-03,1.1,-0.43,-3.85,-7.11,-7.14,-24.06
SBCL,763.45,2026-08-03,2.86,2.2,-3.85,28.2,56.72,42.6
SHREEKARNI,410.9,2026-07-31,-2.63,0.22,-3.86,-7.45,-6.61,-26.39
DELAPLEX,94.5,2026-07-31,-1.1,-3.57,-3.87,-18.11,-13.3,-33.89
JAINREC,350.2,2026-08-03,3.47,6.82,-3.87,-23.7,-12.72,
DBSTOCKBRO,34.16,2026-08-03,1.21,-6.92,-3.88,23.99,37.35,21.61
GROBTEA,918.05,2026-08-03,2.01,0.95,-3.88,-0.31,-2.67,-16.6
BAGFILMS,4.45,2026-08-03,-3.47,-1.77,-3.89,-13.93,-16.82,-34.94
COALINDIA,416.0,2026-08-03,-1.39,-1.83,-3.91,-12.44,-0.53,21.13
SOFTTECH,418.0,2026-08-03,0.72,0.97,-3.91,3.11,46.67,15.07
RUCHINFRA,5.89,2026-08-03,-1.01,1.55,-3.92,-7.82,-2.64,-20.41
KRSNAA,540.8,2026-08-03,-0.24,-1.07,-3.92,-8.14,-24.7,-34.83
INTELLECT,748.85,2026-08-03,4.34,0.61,-3.93,1.44,-7.4,-23.0
GRMOVER,94.88,2026-08-03,5.28,4.28,-3.93,-42.83,-42.41,-23.88
RTNPOWER,8.8,2026-08-03,1.97,0.34,-3.93,-13.04,-1.9,-31.36
SPIC,67.34,2026-08-03,1.8,1.17,-3.94,-4.16,-5.87,-26.6
NH,1919.7,2026-08-03,-6.54,-5.24,-3.94,8.91,9.66,-1.11
BONLON,41.23,2026-08-03,1.68,-0.36,-3.94,-19.19,,
AAREYDRUGS,81.53,2026-08-03,7.35,7.26,-3.94,-10.49,25.53,21.78
ICIL,409.7,2026-08-03,2.13,4.4,-3.94,47.71,43.09,58.54
SEDEMAC,2752.1,2026-08-03,-0.94,2.77,-3.95,49.49,,
MANGALAM,26.98,2026-08-03,-1.6,-1.14,-3.95,-8.48,-28.81,-69.58
TEAMGTY,223.48,2026-08-03,-2.62,0.16,-3.96,-14.09,-15.8,-15.24
NEXTMEDIA,3.87,2026-08-03,-2.27,-1.28,-3.97,-12.05,-24.71,-38.77
HONDAPOWER,2096.0,2026-08-03,-1.33,-0.24,-3.98,-9.23,-1.98,-23.96
GPIL,244.37,2026-08-03,2.78,0.11,-3.98,-17.53,-3.23,29.9
NESCO,1073.4,2026-08-03,6.46,-1.07,-3.98,-12.01,-7.25,-19.6
DHANBANK,32.73,2026-08-03,-7.54,-3.17,-3.99,7.63,36.2,23.93
GANESHHOU,778.15,2026-08-03,-5.09,-4.83,-3.99,16.92,5.68,-11.5
VESUVIUS,451.4,2026-08-03,0.1,-3.4,-4.0,-13.04,-8.1,-11.79
SHRIRAMPPS,85.65,2026-08-03,0.19,-3.45,-4.0,1.36,7.93,-7.96
JAINAM,240.0,2026-07-31,2.13,-2.83,-4.0,-1.64,1.89,-6.67
RCF,127.62,2026-08-03,1.07,0.31,-4.03,-1.23,-5.0,-12.33
TRF,228.56,2026-08-03,-1.77,-6.08,-4.03,-13.41,-17.44,-31.62
PATELRMART,226.78,2026-08-03,2.06,5.35,-4.04,6.78,9.26,
NCLIND,182.45,2026-08-03,-1.69,-2.07,-4.05,3.81,0.13,-13.37
ARIHANTACA,450.0,2026-07-31,-3.23,-4.26,-4.05,-6.25,-1.1,36.52
AUROPHARMA,1554.7,2026-08-03,0.34,-0.31,-4.06,11.89,26.8,44.52
TTL,6.37,2026-08-03,1.59,-1.39,-4.07,-20.77,-31.65,-50.74
HALEOSLABS,1589.0,2026-08-03,3.48,-0.01,-4.09,9.07,26.61,45.63
CENTRALBK,31.46,2026-08-03,0.67,-1.84,-4.09,-12.2,-12.73,-10.07
STUDDS,447.95,2026-08-03,0.84,-0.43,-4.11,-8.53,-11.06,
GTL,7.44,2026-08-03,1.09,3.48,-4.12,0.81,4.94,-20.43
LEMONTREE,114.03,2026-08-03,1.98,2.15,-4.14,-3.03,-13.74,-22.37
MANAKALUCO,34.5,2026-08-03,-1.99,-6.33,-4.14,-7.56,-6.61,10.54
MAFATIND,134.61,2026-08-03,1.02,1.07,-4.16,0.32,,
SAFARI,1548.1,2026-08-03,-2.89,-5.42,-4.17,9.73,-25.62,-26.15
WELSPLSOL,50.73,2026-08-03,-1.86,-4.1,-4.17,14.0,,
PHANTOMFX,167.7,2026-07-31,-10.44,-8.83,-4.2,-13.89,-17.19,-44.16
RMC,292.15,2026-08-03,9.98,4.58,-4.2,-38.1,,
TOLINS,103.82,2026-08-03,0.9,-1.04,-4.2,-4.35,-14.72,-29.88
AYMSYNTEX,251.6,2026-08-03,6.94,4.5,-4.2,7.9,45.2,23.31
SCHAND,144.7,2026-08-03,-2.14,-2.85,-4.2,-8.06,-9.59,-32.47
PIRAMALFIN,2047.8,2026-08-03,0.15,-5.09,-4.21,3.04,19.87,
GODAVARIB,260.65,2026-08-03,-4.84,-1.16,-4.21,-18.09,5.96,-15.06
MOLDTKPAC,675.1,2026-08-03,-2.49,-3.82,-4.22,18.7,21.26,-16.37
MONEYBOXX,60.69,2026-08-03,2.85,4.28,-4.23,-18.79,11.54,
KERNEX,2278.0,2026-08-03,-1.86,7.45,-4.24,68.89,89.0,105.61
IREDA,123.0,2026-08-03,2.25,0.96,-4.27,-8.96,-4.55,-15.13
SAGCEM,172.67,2026-08-03,-5.72,-4.83,-4.28,-4.19,-7.15,-28.31
VSCL,29.0,2026-07-31,0.0,0.0,-4.29,14.17,35.83,-3.33
BSL,123.65,2026-08-03,-1.04,-2.71,-4.29,-0.76,-11.82,-18.24
INDIAMART,1798.6,2026-08-03,2.21,-6.95,-4.29,-12.03,-18.39,-28.79
MTEDUCARE,2.01,2026-08-03,0.5,11.05,-4.29,27.22,50.0,-10.67
OSWALSEEDS,10.68,2026-08-03,5.74,0.85,-4.3,-13.24,-19.7,-11.15
DRCSYSTEMS,13.57,2026-08-03,-0.07,2.03,-4.3,-10.01,-12.28,-22.19
SJVN,69.42,2026-08-03,2.03,0.46,-4.31,-12.1,-2.26,-23.41
OSWALGREEN,21.76,2026-08-03,2.79,0.83,-4.31,-21.42,-22.48,-47.73
DCAL,188.05,2026-08-03,1.04,-1.46,-4.32,2.66,-17.93,-23.14
AJMERA,130.41,2026-08-03,3.35,0.4,-4.32,4.92,-9.8,-24.2
SSDL,54.06,2026-08-03,2.13,1.48,-4.32,-12.81,-20.24,-42.11
EMMIL,124.05,2026-07-31,3.42,-4.58,-4.32,-17.11,-16.74,-46.04
AARTIPHARM,675.8,2026-08-03,-1.25,-3.17,-4.33,-8.71,-14.94,-21.4
LAXMIDENTL,218.13,2026-08-03,0.04,-2.71,-4.34,9.62,3.74,-46.86
GOLDENTOBC,24.85,2026-08-03,0.32,-4.05,-4.35,-8.64,-17.33,-30.97
HCL-INSYS,11.66,2026-08-03,1.48,-1.44,-4.35,-4.19,-8.41,-20.63
HGINFRA,546.85,2026-08-03,1.31,-2.32,-4.36,-8.09,-16.3,-46.65
KPL,2562.0,2026-08-03,-5.39,-6.6,-4.36,62.2,,
NAM-INDIA,1165.0,2026-08-03,0.96,-1.54,-4.37,16.61,26.77,48.03
BALMLAWRIE,174.14,2026-08-03,-1.42,-2.87,-4.39,-7.37,0.94,-11.09
CAMPUS,223.2,2026-08-03,2.41,-0.21,-4.39,-9.44,-16.81,-15.85
WILLAMAGOR,26.57,2026-08-03,4.4,2.15,-4.39,-2.35,-5.75,-22.92
VHL,3425.2,2026-08-03,-2.23,-3.46,-4.4,1.43,1.18,-13.0
CPPLUS,3428.7,2026-08-03,-3.63,-3.85,-4.41,47.5,130.31,
BHARATWIRE,202.77,2026-08-03,-0.07,1.01,-4.41,-8.67,18.18,13.68
EPL,226.7,2026-08-03,-5.17,-5.44,-4.41,0.25,12.81,2.92
HITECH,85.49,2026-08-03,-1.44,-2.05,-4.42,-7.25,5.49,-3.01
BBL,2564.5,2026-08-03,0.1,-4.17,-4.42,-16.11,-6.09,-9.74
DELTACORP,63.4,2026-08-03,1.1,-0.81,-4.42,-10.93,-0.66,-23.35
ADVANIHOTR,51.56,2026-08-03,-1.32,-0.37,-4.43,-3.53,-6.79,-11.37
BRNL,17.47,2026-08-03,-0.68,-0.23,-4.43,-15.89,-13.69,-14.99
ALANKIT,7.77,2026-08-03,-1.4,-1.65,-4.43,-15.73,-19.23,-49.32
BEEKAY,392.8,2026-08-03,-0.63,-3.01,-4.43,-9.75,,
MONQ50,140.56,2026-08-03,-1.13,-0.4,-4.44,14.2,41.42,77.12
INDOSTAR,245.25,2026-08-03,-8.66,-8.03,-4.44,21.02,16.46,-12.8
DEEPAKFERT,1576.0,2026-08-03,-3.58,-1.81,-4.44,24.56,54.68,1.85
SADHNANIQ,2.79,2026-08-03,3.72,5.68,-4.45,16.25,-54.41,-58.79
AAVAS,1439.0,2026-08-03,3.48,-3.9,-4.46,4.22,0.67,-14.3
OBCL,53.1,2026-08-03,-0.47,0.11,-4.46,-3.44,-1.85,-4.19
WOMANCART,102.7,2026-07-31,2.75,13.98,-4.47,-18.49,-47.99,-53.93
ARVINDFASN,449.15,2026-08-03,-3.14,-5.39,-4.47,1.35,-9.39,-19.57
UFO,68.86,2026-08-03,0.6,2.0,-4.47,-4.28,-7.51,-9.69
BALUFORGE,444.85,2026-08-03,1.16,-0.36,-4.48,-17.83,5.83,-28.61
ADANIENT,3068.0,2026-08-03,1.03,-3.62,-4.49,27.44,39.35,30.56
DIVGIITTS,975.6,2026-08-03,1.38,6.75,-4.49,35.38,58.36,57.39
SKIPPER,549.15,2026-08-03,5.47,0.78,-4.49,14.78,43.34,6.39
ENGINERSIN,226.8,2026-08-03,0.17,-1.3,-4.5,-9.98,32.0,12.08
SOBHA,1372.3,2026-08-03,0.82,-5.73,-4.5,-3.87,-8.52,-13.04
RALLIS,217.82,2026-08-03,-1.7,-9.19,-4.52,-17.04,-18.43,-39.91
PHOENIXLTD,1955.0,2026-08-03,-4.01,-5.74,-4.52,10.76,16.41,34.84
SHAHALLOYS,67.44,2026-08-03,1.67,0.06,-4.52,-3.05,5.16,20.34
FACT,843.25,2026-08-03,2.89,1.45,-4.53,-6.22,5.77,-9.62
SKFINDUS,2697.7,2026-08-03,-0.6,2.33,-4.53,23.26,0.27,
WIPL,168.0,2026-08-03,-0.63,-0.33,-4.55,7.36,11.97,10.51
BANCOINDIA,657.75,2026-08-03,5.06,-0.59,-4.55,6.34,8.46,17.02
ORTINGLOBE,15.5,2026-08-03,6.82,2.18,-4.56,0.0,21.66,-0.64
SUNDARAM,1.25,2026-08-03,-2.34,-0.79,-4.58,-12.59,-24.24,-39.32
GICHSGFIN,148.1,2026-08-03,-0.11,-1.5,-4.59,0.45,-6.43,-19.14
REDTAPE,130.79,2026-08-03,4.32,0.15,-4.6,3.34,6.02,5.09
MAXHEALTH,1100.4,2026-08-03,-1.27,-0.18,-4.6,11.01,9.85,-11.53
AXISCADES,1572.9,2026-08-03,2.58,-0.69,-4.6,-21.69,34.45,22.82
AGROPHOS,29.18,2026-08-03,1.6,-2.28,-4.61,-7.66,-19.99,-32.1
SUNDRMBRAK,778.45,2026-08-03,-0.96,-4.86,-4.61,26.75,35.24,-11.4
BHANDARI,2.89,2026-08-03,0.7,-0.69,-4.62,-7.96,-28.47,-43.58
LGBBROSLTD,1532.4,2026-08-03,-1.38,-1.21,-4.64,-12.91,-16.99,24.29
NDTV,77.39,2026-08-03,-0.04,-3.31,-4.65,-1.59,-7.09,-43.03
NOCIL,174.05,2026-08-03,6.76,6.53,-4.65,-2.06,27.88,-2.6
BANKA,87.92,2026-08-03,-6.59,-1.49,-4.66,6.97,44.06,6.84
PTL,39.77,2026-08-03,0.89,0.51,-4.68,1.95,2.14,7.49
KEI,5023.3,2026-08-03,3.08,1.92,-4.69,3.41,15.03,31.78
VEDL,267.25,2026-08-03,0.98,2.06,-4.69,-1.58,-59.78,-33.63
LAHOTIOV,41.49,2026-08-03,-5.6,-2.58,-4.69,-15.07,,
EUREKAFORB,453.65,2026-08-03,3.17,-1.8,-4.7,-9.02,-16.84,-20.73
CUB,204.65,2026-08-03,-6.72,-8.18,-4.7,1.97,-7.73,28.78
RHL,172.99,2026-08-03,2.58,1.28,-4.71,-6.47,-5.86,-37.19
KREBSBIO,55.79,2026-08-03,0.52,2.74,-4.71,-6.5,-3.83,-27.35
ORICONENT,54.24,2026-08-03,-0.2,-7.68,-4.71,-16.17,-16.86,10.18
PITTIENG,928.4,2026-08-03,-0.25,-0.55,-4.71,-5.04,6.04,0.98
BILVYAPAR,4.04,2026-08-03,-2.18,-4.72,-4.72,-28.5,-43.1,-67.1
SPCENET,3.43,2026-08-03,-0.29,-5.77,-4.72,-14.65,-41.31,-47.08
ANURAS,1209.8,2026-08-03,-1.1,-4.58,-4.73,-9.97,-3.66,6.44
LOYALTEX,200.05,2026-08-03,-1.91,-0.47,-4.74,-1.45,-6.97,-46.2
SEYAIND,12.25,2026-08-03,0.57,-3.16,-4.74,-11.81,-25.49,-32.91
EFACTOR,175.0,2026-07-31,0.0,9.14,-4.79,-23.91,-35.16,-22.88
NIACL,175.46,2026-08-03,5.97,-0.76,-4.8,10.15,19.81,-5.42
BOROLTD,233.47,2026-08-03,-0.11,-0.77,-4.81,-5.54,-11.9,-27.74
FRONTSP,1381.4,2026-08-03,0.04,-1.52,-4.81,-3.02,,
RGL,115.5,2026-08-03,-2.15,-3.61,-4.82,15.35,-3.22,9.52
DSSL,1253.3,2026-08-03,1.76,3.72,-4.83,15.17,30.36,26.48
MANUGRAPH,14.5,2026-08-03,10.77,-2.23,-4.86,3.65,-3.14,-24.12
MAITHANALL,963.9,2026-08-03,-0.25,-4.8,-4.87,-1.03,-4.84,-9.48
VGL,61.7,2026-08-03,0.13,-0.63,-4.87,3.58,-7.73,-25.68
SHALBY,163.84,2026-08-03,0.22,-0.63,-4.87,1.98,-4.87,-20.35
VILINBIO,40.0,2026-07-31,-6.1,-9.81,-4.88,2.96,14.29,45.19
GOKEX,816.8,2026-08-03,-2.09,-3.38,-4.9,16.07,17.69,0.42
ABSMARINE,220.55,2026-07-31,-0.07,-2.93,-4.91,-2.15,22.39,8.97
MADHAV,34.22,2026-08-03,1.27,-0.52,-4.92,-12.88,-7.66,-22.65
BAJAJHFL,86.85,2026-08-03,1.58,0.95,-4.93,-0.38,-4.63,-23.08
LATTEYS,19.86,2026-08-03,-0.7,-4.2,-4.93,-5.11,-9.44,-4.43
NLCINDIA,298.05,2026-08-03,-0.13,0.56,-4.93,-5.86,18.51,29.98
MICROPRO,18.3,2026-07-31,-8.27,-5.91,-4.94,-2.4,-3.68,-19.03
NATHBIOGEN,158.84,2026-08-03,-3.66,-2.89,-4.95,-18.96,6.55,-12.03
HINDCOMPOS,425.55,2026-08-03,0.38,-3.56,-4.95,-7.01,5.4,-10.72
BSHSL,86.0,2026-08-03,-0.14,-0.6,-4.96,-12.65,-5.37,-36.5
NTPCGREEN,90.7,2026-08-03,-3.19,-1.39,-4.97,-17.43,4.36,-13.23
GLOBE,2.1,2026-08-03,-2.33,-1.87,-4.98,-15.32,-23.64,-5.83
HISARMETAL,146.47,2026-08-03,0.24,-3.94,-4.99,-4.3,-9.36,-31.05
TREJHARA,135.95,2026-08-03,-1.49,0.69,-5.0,-11.18,-29.54,-38.12
NFL,71.84,2026-08-03,1.13,-0.48,-5.01,-7.79,-9.9,-22.65
VALIANTLAB,61.74,2026-08-03,0.37,-3.55,-5.03,-20.66,4.66,-31.54
GOKUL,39.43,2026-08-03,-0.45,-1.79,-5.03,-0.55,10.98,-5.28
FINEORG,4933.7,2026-08-03,2.2,0.24,-5.03,6.84,9.38,-5.69
RRIL,17.37,2026-08-03,5.59,1.11,-5.03,3.09,,
GROWWCAPM,11.12,2026-08-03,-0.71,-2.88,-5.04,0.63,10.98,
AVANTIFEED,907.3,2026-08-03,-7.38,-12.27,-5.05,-34.29,-5.47,38.86
PILITA,8.65,2026-08-03,-0.92,-3.78,-5.05,7.19,-1.03,-42.26
PASUPTAC,60.49,2026-08-03,5.71,2.72,-5.05,21.37,30.25,27.99
MODISONLTD,281.8,2026-08-03,3.51,-4.83,-5.06,71.77,86.37,75.29
AERONEU,87.73,2026-08-03,1.26,-1.8,-5.07,-1.45,20.76,-25.65
INDRAMEDCO,368.9,2026-08-03,0.08,-1.51,-5.07,-8.25,-6.3,-17.9
MADRASFERT,66.76,2026-08-03,0.32,-1.08,-5.08,-2.71,-9.24,-28.22
OMPOWER,169.4,2026-08-03,-0.28,-0.31,-5.08,-12.8,,
WHEELS,1415.7,2026-08-03,-5.34,-3.12,-5.09,15.92,74.61,91.01
V2RETAIL,218.64,2026-08-03,-2.16,-3.22,-5.09,10.06,3.13,23.87
IGARASHI,467.15,2026-08-03,2.82,3.56,-5.11,20.97,15.76,-19.37
OILCOUNTUB,56.49,2026-08-03,-0.28,1.82,-5.12,-10.15,18.43,-38.58
STLNETWORK,24.73,2026-08-03,-3.81,1.64,-5.14,-10.91,17.04,
FINPIPE,165.79,2026-08-03,1.2,0.43,-5.14,-4.08,-6.14,-16.02
AXISBANK,1272.0,2026-08-03,3.63,1.27,-5.15,0.37,-6.14,19.82
SPLIL,30.0,2026-08-03,-2.98,-8.14,-5.15,-3.88,0.13,-27.38
MASKINVEST,147.0,2026-08-03,-2.65,-2.32,-5.16,-5.69,1.38,-1.28
SRF,2645.0,2026-08-03,0.51,-7.72,-5.17,5.22,-9.0,-11.06
PNC,20.37,2026-08-03,3.93,5.54,-5.17,-5.12,-13.02,-24.7
ZENTEC,1656.4,2026-08-03,-1.88,-5.34,-5.17,-0.88,22.79,8.19
ENSER,13.75,2026-07-31,-4.84,8.7,-5.17,-12.14,2.61,-25.88
HDIL,1.65,2026-08-03,-0.6,-1.79,-5.17,-20.67,-27.31,-42.71
SAHANA,844.5,2026-07-31,10.19,-8.99,-5.19,-0.5,-7.28,-33.03
MMTC,63.65,2026-08-03,3.23,-0.02,-5.2,-1.74,-0.47,-3.95
MON100,315.45,2026-08-03,-2.07,-3.81,-5.21,5.44,36.08,54.38
MITTAL,0.91,2026-08-03,0.0,-2.15,-5.21,-3.19,-10.78,-45.83
CHEMBOND,173.91,2026-08-03,1.2,-5.66,-5.23,15.38,16.69,-2.34
HILTON,21.37,2026-08-03,1.52,-6.84,-5.23,-7.41,-21.72,-63.81
SOMANYCERA,509.0,2026-08-03,3.49,-1.44,-5.25,10.79,22.69,-2.32
MANINFRA,99.82,2026-08-03,1.46,-0.72,-5.25,-16.55,-9.04,-41.43
EFCIL,193.96,2026-08-03,-1.57,1.5,-5.25,0.87,-27.11,
ROTO,67.48,2026-08-03,0.28,-2.58,-5.26,16.06,14.31,-22.24
FILATFASH,0.18,2026-08-03,0.0,0.0,-5.26,-30.77,-40.0,-70.0
PRECWIRE,379.1,2026-08-03,1.53,4.05,-5.26,-10.04,51.6,117.28
IRB,20.18,2026-08-03,2.85,1.36,-5.26,-6.1,-2.64,-8.3
GLOBECIVIL,39.93,2026-08-03,-0.55,-0.47,-5.27,-17.07,-26.5,-49.91
HBESD,75.0,2026-08-03,-0.44,-0.08,-5.27,4.09,,
BEARDSELL,27.5,2026-08-03,0.29,-0.15,-5.27,6.34,1.07,-14.03
STCINDIA,119.66,2026-08-03,1.06,0.25,-5.28,1.6,-0.61,-3.86
SCILAL,41.89,2026-08-03,-0.62,0.02,-5.29,-5.8,-5.74,-16.04
MERCANTILE,24.33,2026-08-03,-1.46,2.66,-5.29,5.1,,
UNIECOM,86.21,2026-08-03,0.56,-0.05,-5.29,-6.89,-17.03,-27.51
GRAUWEIL,78.76,2026-08-03,4.57,4.17,-5.3,13.24,-31.87,-31.87
ITI,282.15,2026-08-03,2.19,0.12,-5.3,-5.6,-2.47,-1.29
PARAGMILK,225.47,2026-08-03,3.71,0.11,-5.31,0.55,-9.92,-5.26
CEIGALL,344.75,2026-08-03,2.67,1.0,-5.31,1.82,26.17,31.06
VIRINCHI,15.32,2026-08-03,-1.1,-5.67,-5.32,-14.41,-23.82,-44.29
MOCAPITAL,52.76,2026-08-03,-0.72,-3.16,-5.33,,,
IFGLEXPOR,207.35,2026-08-03,4.37,0.83,-5.33,10.44,16.73,-11.99
ANLON,606.95,2026-07-31,-3.62,-9.14,-5.35,12.58,63.38,39.85
WEALTH,939.25,2026-08-03,-2.05,-2.06,-5.36,-0.48,12.78,-22.97
AEROFLEX,431.4,2026-08-03,3.17,6.19,-5.36,41.73,132.52,131.14
TIMKEN,3216.1,2026-08-03,2.94,2.85,-5.37,-6.13,-1.01,2.02
MUTHOOTFIN,2890.9,2026-08-03,-4.46,-3.08,-5.37,-15.57,-19.56,12.44
POLYCAB,9034.0,2026-08-03,0.27,1.68,-5.39,11.91,20.94,35.52
COCHINSHIP,1441.9,2026-08-03,2.82,2.44,-5.39,-16.82,-4.41,-15.6
CELLO,345.55,2026-08-03,0.59,-5.12,-5.39,-16.87,-31.85,-41.36
PRECAM,143.31,2026-08-03,2.47,1.62,-5.4,-9.09,-1.6,-18.02
ASIANHOTNR,303.35,2026-08-03,-2.74,2.45,-5.4,1.29,-2.18,-5.38
SWELECTES,613.5,2026-08-03,0.93,-0.11,-5.4,-6.42,11.29,-7.88
VINNY,1.05,2026-08-03,0.0,0.0,-5.41,-7.89,-12.5,-16.0
CHEMPLASTS,196.1,2026-08-03,-5.26,-2.74,-5.41,-14.22,-25.41,-53.14
CEREBRAINT,2.97,2026-08-03,-1.0,-1.66,-5.41,-28.95,-49.49,-63.78
PREMIER,2.79,2026-08-03,-5.1,-3.13,-5.42,-5.1,-9.71,-28.46
ABDL,619.55,2026-08-03,-0.76,-1.09,-5.43,17.51,22.7,22.35
EIEL,222.64,2026-08-03,1.77,-2.93,-5.44,5.05,23.03,-9.42
INFOMEDIA,5.38,2026-08-03,-1.28,-8.66,-5.45,-4.1,-6.11,-18.61
PRINCEPIPE,263.4,2026-08-03,-0.85,-1.53,-5.47,1.55,9.14,-21.51
JAYBARMARU,162.17,2026-08-03,-4.28,-3.68,-5.47,77.7,84.68,93.92
J&KBANK,156.12,2026-08-03,-12.05,-14.34,-5.5,21.0,51.34,56.37
CHAMBLFERT,455.0,2026-08-03,3.48,2.66,-5.51,3.87,5.64,-10.43
CSBBANK,332.8,2026-08-03,-1.32,-7.8,-5.51,-12.87,-21.11,-20.59
MARKOLINES,177.28,2026-08-03,-0.61,2.71,-5.51,17.59,24.08,
TOUCHWOOD,66.45,2026-08-03,-0.82,-1.57,-5.52,-9.36,-30.44,-33.16
ICICIGI,1675.0,2026-08-03,-0.36,3.29,-5.52,-4.64,-9.68,-9.67
3PLAND,31.63,2026-08-03,-2.04,-0.25,-5.53,-9.68,-8.29,-31.64
SANGHVIMOV,437.5,2026-08-03,-2.78,0.19,-5.56,36.76,45.08,68.05
HFCL,202.52,2026-08-03,5.18,-2.65,-5.58,74.54,195.56,176.84
LLOYDS,68.5,2026-07-31,2.24,-8.05,-5.58,-26.46,18.1,-19.7
DHRUV,24.55,2026-08-03,2.33,-5.39,-5.58,-30.81,-30.08,-64.43
PIXTRANS,1701.1,2026-08-03,-5.32,-8.41,-5.59,10.28,25.15,13.14
RATNAMANI,2371.8,2026-08-03,-1.35,-7.08,-5.6,-10.33,13.03,-7.55
TBI,62.25,2026-07-31,-1.97,-5.61,-5.61,-7.37,-15.13,-40.09
SHEMAROO,117.99,2026-08-03,-0.82,-2.29,-5.61,18.01,18.52,1.25
SHEKHAWATI,13.59,2026-08-03,7.6,6.84,-5.62,-19.11,-5.82,-40.03
AEROENTER,123.3,2026-08-03,0.98,2.46,-5.63,32.1,52.64,21.21
ORKLAINDIA,573.6,2026-08-03,0.83,-2.11,-5.63,-10.14,4.6,
CPS,1023.0,2026-07-31,-0.68,3.33,-5.64,4.39,-13.45,53.7
MIDHANI,403.65,2026-08-03,1.65,-1.44,-5.66,3.53,11.76,5.2
PRAMARA,127.5,2026-07-31,-0.93,-5.76,-5.66,-62.92,-63.66,-41.71
SPCL,65.7,2026-07-31,-5.87,-2.3,-5.67,-18.39,-28.74,-39.36
EVERESTIND,462.85,2026-08-03,-14.39,-5.22,-5.69,22.34,8.85,-13.95
TVSSRICHAK,3987.9,2026-08-03,0.39,-2.46,-5.7,2.43,-1.44,36.28
YESBANK,23.0,2026-08-03,0.26,0.31,-5.7,15.4,7.93,23.66
EASEMYTRIP,6.6,2026-08-03,-3.23,-3.65,-5.71,-16.03,-2.37,-32.79
VASWANI,51.81,2026-08-03,-1.65,-1.91,-5.71,-11.22,-3.3,-4.02
S&SPOWER,334.35,2026-08-03,-0.73,5.04,-5.72,-18.23,31.04,-10.48
AURUM,218.62,2026-08-03,-4.82,-6.89,-5.73,19.91,19.24,13.95
FMNL,9.85,2026-08-03,7.3,5.12,-5.74,2.6,22.67,-29.14
HPL,335.95,2026-08-03,-1.12,-1.42,-5.74,-6.05,5.36,-41.27
GREENLAM,251.7,2026-08-03,-1.79,-0.36,-5.75,11.6,0.77,9.77
TAMBOLIIN,210.46,2026-08-03,-2.16,-2.71,-5.75,40.26,,
ARVEE,155.44,2026-08-03,-1.79,-1.62,-5.77,-7.48,-4.05,-8.02
KPIGREEN,380.85,2026-08-03,-2.96,-7.77,-5.8,-14.98,-5.18,-27.16
MEIL,289.0,2026-08-03,-3.97,-4.13,-5.8,-3.47,8.34,
CEATLTD,3542.5,2026-08-03,6.2,5.03,-5.81,3.87,-7.78,11.85
RADIANTCMS,36.97,2026-08-03,0.9,-2.38,-5.81,-11.7,-18.91,-35.36
JBMA,662.6,2026-08-03,-0.36,-1.22,-5.82,5.15,16.23,5.99
MAXPOSURE,34.0,2026-07-31,1.49,-2.86,-5.82,-14.89,-15.0,-42.81
APEX,380.4,2026-08-03,-0.9,-5.79,-5.83,-18.51,7.98,62.89
HGM,49.45,2026-08-03,-5.63,1.15,-5.83,-7.54,-18.36,-9.03
MANINDS,548.6,2026-08-03,4.14,2.4,-5.83,4.17,53.76,25.45
MARATHON,402.25,2026-08-03,3.49,1.39,-5.84,-14.47,-18.84,-41.51
WALCHANNAG,229.33,2026-08-03,-1.79,-8.4,-5.84,-2.42,22.86,18.2
ATLANTAELE,1589.8,2026-08-03,-1.52,-8.52,-5.84,-9.23,97.33,
VMSTMT,44.38,2026-08-03,0.82,-1.18,-5.85,-10.6,-9.28,
MONTECARLO,533.0,2026-08-03,-2.53,-0.36,-5.85,-5.1,-8.98,-5.37
VIDYAWIRES,93.23,2026-08-03,2.11,0.62,-5.85,6.79,102.94,
VIKRAMSOLR,177.8,2026-08-03,-1.87,-7.0,-5.86,-18.96,-17.21,
FIBERWEB,29.28,2026-08-03,-4.56,-8.16,-5.88,-21.71,-31.6,-39.11
DODLA,1046.3,2026-08-03,1.4,-2.54,-5.89,-4.46,-12.08,-18.37
HMAAGRO,20.89,2026-08-03,-2.97,-3.82,-5.9,-14.14,-20.21,-31.1
BOMDYEING,121.92,2026-08-03,0.2,-0.73,-5.9,8.2,2.57,-25.07
CEMPRO,1363.3,2026-08-03,-0.42,-16.21,-5.91,67.65,102.38,72.5
SICAGEN,49.97,2026-08-03,-1.9,-3.25,-5.91,-6.69,,
CHOLAHLDNG,1574.6,2026-08-03,3.15,1.37,-5.93,1.19,-8.55,-13.88
SUVIDHAA,2.54,2026-08-03,5.39,-0.39,-5.93,-12.71,-14.19,-45.73
ASTAR,585.1,2026-08-03,0.0,-6.06,-5.93,-6.02,,
KSR,29.67,2026-08-03,4.07,-1.03,-5.93,-12.22,6.92,
MOSCHIP,210.23,2026-08-03,0.93,-10.08,-5.96,4.36,2.98,24.65
MAHSEAMLES,573.7,2026-08-03,-0.55,-1.88,-5.96,-10.36,9.24,-13.28
ANUP,2175.4,2026-08-03,1.45,0.47,-5.97,5.49,4.99,-16.1
AHLADA,36.38,2026-08-03,-0.38,-5.92,-5.97,-19.83,-26.03,-39.29
MBLINFRA,25.13,2026-08-03,2.78,-0.16,-5.99,-2.45,-4.08,-38.26
SURAJLTD,220.91,2026-08-03,0.81,-3.32,-5.99,-6.8,-2.99,-35.26
TTML,40.21,2026-08-03,1.85,-0.07,-5.99,-6.34,-8.74,-31.57
HDFCBANK,753.0,2026-08-03,1.82,-3.16,-6.0,-0.81,-19.32,-23.92
GATEWAY,58.14,2026-08-03,-0.62,-0.21,-6.01,1.34,-0.24,-12.18
THOMASCOTT,311.25,2026-08-03,-1.24,1.35,-6.01,18.24,-6.25,-3.34
GRSE,2582.7,2026-08-03,-2.45,0.82,-6.03,-11.88,1.44,0.78
PVP,27.1,2026-08-03,-1.09,-5.15,-6.03,-18.25,-11.23,36.8
RAYMONDLSL,727.3,2026-08-03,3.08,0.1,-6.03,-8.31,-28.5,-37.83
MAZDOCK,2390.0,2026-08-03,2.56,1.85,-6.04,-12.56,-2.16,-11.64
ENERGYDEV,16.77,2026-08-03,-2.16,-1.58,-6.05,-2.56,-5.31,-19.88
BAJAJST,385.55,2026-08-03,-2.45,-4.19,-6.06,-14.97,,
SITINET,0.31,2026-08-03,-3.12,-3.12,-6.06,-13.89,-8.82,-42.59
PIGL,110.83,2026-08-03,1.61,-0.3,-6.06,-0.59,4.02,-16.67
CAMLINFINE,128.47,2026-08-03,0.86,3.64,-6.06,1.21,-23.91,-52.63
KOHINOOR,23.25,2026-08-03,0.17,-2.8,-6.06,-10.02,-4.99,-32.41
VILAS,348.95,2026-07-31,-1.34,-5.7,-6.06,-18.92,7.48,-36.15
GKENERGY,131.17,2026-08-03,-4.04,-8.14,-6.07,2.98,27.0,
RPPINFRA,59.93,2026-08-03,-3.57,-5.34,-6.07,-24.68,-30.25,-52.95
PAGEIND,40200.0,2026-08-03,0.58,-0.31,-6.07,9.71,20.05,-12.9
BSE,3575.0,2026-08-03,1.08,-2.0,-6.08,-1.54,25.29,48.65
MOTOGENFIN,26.48,2026-08-03,-3.32,-2.83,-6.1,8.52,26.28,1.18
MCX,2642.1,2026-08-03,-4.1,-6.24,-6.11,-11.09,8.55,74.59
GICL,17.83,2026-08-03,9.86,6.51,-6.11,-56.31,-58.44,-84.89
DHANUKA,1023.3,2026-08-03,2.72,0.98,-6.12,-5.04,-8.56,-37.7
MOSILVER,214.46,2026-08-03,-2.38,-0.13,-6.12,-8.43,-18.26,
KARMAENG,38.5,2026-08-03,1.82,1.74,-6.12,-26.54,-5.82,-34.8
MONOPHARMA,9.95,2026-07-31,-5.24,-7.44,-6.13,-24.91,0.51,-58.37
PRSMJOHNSN,108.88,2026-08-03,0.3,-0.8,-6.13,-18.65,-13.35,-27.72
PACEDIGITK,201.59,2026-08-03,1.92,-0.41,-6.15,18.05,11.45,
GLOSTERLTD,668.6,2026-08-03,-1.35,-0.06,-6.15,12.08,11.47,10.08
SHANTIGEAR,415.0,2026-08-03,-0.38,-1.37,-6.17,-13.29,-7.74,-20.84
ADSL,116.94,2026-08-03,0.5,-1.38,-6.17,2.05,-12.36,-24.32
SAAKSHI,295.55,2026-07-31,1.7,0.34,-6.17,27.78,55.35,55.55
RELCHEMQ,124.83,2026-08-03,-2.53,-3.98,-6.19,9.52,2.53,-28.9
BEL,392.15,2026-08-03,-3.68,-3.92,-6.2,-9.08,-10.28,4.65
BCG,9.35,2026-08-03,-1.27,-2.3,-6.22,-1.68,-11.71,-33.07
INDOUS,83.6,2026-08-03,-1.65,-4.3,-6.23,-19.82,-33.35,-50.65
SUVEN,307.2,2026-08-03,-1.43,-9.25,-6.23,44.99,106.74,15.14
BHARATSE,223.36,2026-08-03,5.43,1.02,-6.23,20.05,48.05,102.41
HLVLTD,7.21,2026-08-03,-1.37,0.98,-6.24,-15.28,-11.1,-44.5
ZYDUSWELL,559.85,2026-08-03,0.09,-7.08,-6.24,10.31,33.91,35.91
ANTGRAPHIC,0.75,2026-08-03,1.35,0.0,-6.25,-12.79,-18.48,-38.02
RACLGEAR,1291.3,2026-08-03,-3.07,-2.51,-6.26,1.44,21.53,36.27
PURVA,207.67,2026-08-03,-5.37,-5.49,-6.27,-3.13,-11.94,-27.49
LICHSGFIN,519.0,2026-08-03,-5.94,-6.05,-6.27,-6.44,1.92,-7.38
NECCLTD,15.68,2026-08-03,3.5,3.57,-6.28,0.77,10.66,-28.79
EMKAY,241.35,2026-08-03,2.02,0.15,-6.29,8.72,3.45,4.95
MTNL,28.11,2026-08-03,3.46,-0.04,-6.3,-9.85,-12.27,-38.36
EPACKPEB,243.95,2026-08-03,-4.4,-1.38,-6.31,21.84,22.0,
CANTABIL,247.24,2026-08-03,3.7,-2.94,-6.31,2.22,-17.79,-5.0
KEC,478.75,2026-08-03,3.05,-1.85,-6.31,-14.62,-22.22,-41.89
VERITAAS,33.3,2026-07-31,-8.26,-8.26,-6.33,-33.99,-27.92,-57.69
BEACON,87.0,2026-07-31,-3.87,-6.6,-6.35,-16.75,0.58,55.36
LINCOLN,580.75,2026-08-03,-0.23,-2.79,-6.36,-10.07,21.42,9.1
ALPEXSOLAR,829.05,2026-07-31,0.22,-7.81,-6.39,-24.06,10.05,-32.04
MCLEODRUSS,51.95,2026-08-03,-1.18,-2.93,-6.4,-4.01,24.19,38.42
NIITLTD,96.86,2026-08-03,1.87,-1.71,-6.4,38.59,24.18,-13.78
WAAREEENER,2676.0,2026-08-03,-2.39,-5.31,-6.41,-14.2,-13.74,-13.74
COHANCE,425.35,2026-08-03,-0.62,-5.62,-6.41,-11.98,11.74,-56.57
PCJEWELLER,9.64,2026-08-03,3.1,-2.03,-6.41,2.88,-7.4,-35.78
GMRAIRPORT,105.55,2026-08-03,-2.27,-5.37,-6.43,9.46,10.85,18.04
EDELWEISS,116.33,2026-08-03,-0.5,-4.73,-6.43,1.82,8.7,19.27
NUVAMA,1765.7,2026-08-03,-7.87,-4.76,-6.45,34.38,30.93,30.08
PRADPME,509.6,2026-08-03,0.36,-5.08,-6.46,38.25,,
ATAM,65.49,2026-08-03,-0.89,-2.82,-6.47,-4.45,-14.08,-32.35
CCCL,15.73,2026-08-03,-0.06,-1.99,-6.48,-4.32,-15.2,-3.62
BEML,1743.7,2026-08-03,-2.04,-1.51,-6.49,-3.33,0.5,-9.02
BIRLACORPN,906.1,2026-08-03,-0.45,-9.75,-6.49,0.92,-12.25,-29.85
AONESILVER,8.28,2026-08-03,-2.82,-0.6,-6.49,-8.93,,
VELJAN,1694.3,2026-08-03,-6.1,-0.88,-6.49,63.26,,
ONESOURCE,1560.5,2026-08-03,-7.6,-7.88,-6.5,-10.22,32.52,-15.89
ONELIFECAP,36.09,2026-08-03,-4.75,-0.22,-6.5,102.75,140.12,169.13
SILVERBND,216.89,2026-08-03,-2.98,-0.85,-6.51,-8.92,,
ASHOKAMET,14.19,2026-08-03,-0.56,-1.53,-6.52,-13.1,1.21,-17.74
ESCONET,130.85,2026-07-31,0.35,-0.83,-6.54,-5.96,9.36,-32.72
RBA,70.76,2026-08-03,4.72,6.01,-6.55,8.26,11.75,-15.71
SIGNPOST,280.0,2026-08-03,-8.39,-12.47,-6.57,9.7,37.66,19.93
BIGBLOC,45.8,2026-08-03,-2.51,-3.7,-6.59,-5.27,-20.2,-21.28
TATSILV,20.98,2026-08-03,-3.01,-0.62,-6.59,-9.22,-16.68,95.89
SINGERIND,64.9,2026-08-03,-1.75,-2.35,-6.6,-10.83,,
SILLYMONKS,15.13,2026-08-03,-8.86,-8.41,-6.6,-11.36,-22.17,-9.35
ZEEL,98.14,2026-08-03,-9.85,-8.57,-6.61,9.36,18.9,-13.86
SBISILVER,211.66,2026-08-03,-3.05,-0.7,-6.61,-9.11,-16.06,95.26
PROPEQUITY,212.0,2026-07-31,-4.46,-11.63,-6.61,1.44,6.53,5.47
EMIL,131.35,2026-08-03,4.52,1.13,-6.63,5.64,41.69,4.48
ACL,47.72,2026-08-03,-1.45,-2.65,-6.63,-15.25,-19.64,-29.57
TATACOMM,1780.1,2026-08-03,2.59,-2.33,-6.64,13.65,13.45,7.74
SILVER1,20.95,2026-08-03,-2.87,-0.76,-6.64,-9.11,-91.65,-78.07
WINSOL,115.75,2026-07-31,2.75,-1.28,-6.65,-14.89,-11.98,-42.44
PARACABLES,66.39,2026-08-03,5.55,2.37,-6.65,68.37,69.19,20.38
SALZERELEC,591.3,2026-08-03,3.04,0.66,-6.65,-9.46,-1.52,-27.92
GROWWSLVR,21.15,2026-08-03,-3.03,-0.8,-6.66,-9.23,-17.76,-80.59
NDRAUTO,824.65,2026-08-03,-0.03,0.52,-6.66,5.96,12.9,-15.14
HDFCSILVER,206.78,2026-08-03,-2.96,-0.72,-6.66,-9.21,-16.74,95.13
RCOM,0.84,2026-08-03,1.2,-1.18,-6.67,-12.5,-18.45,-36.36
PRITI,37.81,2026-08-03,1.89,0.42,-6.67,-16.9,-25.0,-54.66
AIROLAM,86.17,2026-08-03,-0.38,-4.16,-6.67,2.45,-6.24,-21.18
SILVERIETF,215.46,2026-08-03,-3.05,-0.66,-6.67,-9.12,-15.93,95.75
ESTER,86.67,2026-08-03,-4.64,-2.29,-6.68,-3.89,-11.88,-22.73
NBCC,95.5,2026-08-03,0.63,-2.66,-6.7,4.2,-4.79,-10.38
SILVERBETA,208.42,2026-08-03,-3.27,-0.74,-6.7,-9.2,-16.13,94.77
TRIDENT,24.94,2026-08-03,-0.56,-1.46,-6.7,-1.97,-11.33,-11.91
VINYLINDIA,246.25,2026-08-03,-1.97,-0.16,-6.71,-1.51,15.96,-11.73
SILVERBEES,206.45,2026-08-03,-3.08,-0.69,-6.71,-9.25,-16.53,95.3
PRAKASHSTL,4.03,2026-08-03,-0.74,-0.25,-6.71,-14.44,-15.87,-30.64
SILVER,215.54,2026-08-03,-2.98,-0.68,-6.71,-9.07,-16.14,95.7
FDC,404.65,2026-08-03,-2.98,-3.17,-6.72,11.03,7.35,-13.8
TAKE,22.36,2026-08-03,7.29,11.91,-6.72,-47.62,-47.44,130.75
SURANI,99.8,2026-07-31,6.8,-5.85,-6.73,-21.97,62.81,5.39
WEWIN,45.59,2026-08-03,-1.96,0.53,-6.73,-16.07,2.56,-6.98
GROWW,192.6,2026-08-03,-3.4,-5.32,-6.73,-10.41,11.37,
LASA,6.93,2026-08-03,1.61,-2.81,-6.73,-13.38,-23.34,-32.39
JARO,472.55,2026-08-03,-1.25,-3.71,-6.74,13.46,-2.49,
SILVER360,212.3,2026-08-03,-2.96,-0.67,-6.74,-9.09,-17.61,95.07
BAJEL,177.35,2026-08-03,0.12,-0.77,-6.75,-5.5,10.3,-24.69
ESILVER,216.05,2026-08-03,-2.98,-0.74,-6.75,-8.89,-15.14,95.5
BRIGHOTEL,61.04,2026-08-03,1.75,-1.21,-6.75,-9.23,-1.1,-27.59
DBOL,102.91,2026-08-03,0.6,-4.28,-6.76,-16.57,5.07,31.48
SILVERADD,207.86,2026-08-03,-3.08,-0.78,-6.76,-9.27,-16.42,95.56
RVTH,706.65,2026-08-03,-0.4,1.24,-6.76,20.16,11.59,-25.21
TPLPLASTEH,81.26,2026-08-03,3.73,-2.01,-6.77,18.56,30.77,6.98
RUPA,163.63,2026-08-03,-0.23,-1.66,-6.78,7.78,7.25,-20.98
EKC,109.78,2026-08-03,-0.01,-2.57,-6.78,-8.05,-2.65,-12.76
DEN,27.72,2026-08-03,1.28,2.63,-6.79,-0.04,-3.68,-26.32
KRISHCA,160.3,2026-07-31,-2.7,-2.91,-6.8,-10.02,-9.97,-33.61
NAVA,579.9,2026-08-03,2.7,0.55,-6.82,-12.38,1.63,-5.15
SILVERAG,210.34,2026-08-03,-2.98,-0.66,-6.83,-9.12,-16.71,95.57
SAMPANN,27.14,2026-08-03,-1.81,0.71,-6.86,-1.34,-16.57,-8.4
UNIENTER,97.08,2026-08-03,-0.57,-4.55,-6.87,-6.52,-10.91,-35.44
EUROBOND,161.15,2026-08-03,1.36,-1.47,-6.88,-6.83,-10.84,-21.11
CGRAPHICS,135.4,2026-07-31,7.93,4.07,-6.88,-18.92,-14.9,-35.68
QUICKHEAL,159.3,2026-08-03,2.3,-1.07,-6.88,-4.37,-13.75,-48.8
GUJENERGY,277.55,2026-08-03,4.52,2.17,-6.89,-26.97,-33.84,-34.22
SILVERCASE,21.86,2026-08-03,-3.1,-0.73,-6.9,-9.29,-17.04,94.83
SUNTECK,308.1,2026-08-03,-0.85,-2.81,-6.9,-9.45,-24.53,-20.38
HUDCO,199.38,2026-08-03,-0.75,-0.63,-6.92,-9.15,6.14,-1.99
TRUALT,437.85,2026-08-03,3.94,4.23,-6.92,-11.09,8.74,
NAMAN,45.0,2026-07-31,-5.26,2.62,-6.93,-21.33,-26.11,-58.72
NAVKARCORP,103.26,2026-08-03,-0.87,-1.01,-6.95,2.9,5.68,-17.41
TUNWAL,26.05,2026-07-31,-0.57,-2.07,-6.96,-17.3,-9.71,-10.49
INTLCONV,73.77,2026-08-03,-1.55,-6.29,-6.96,-4.95,-4.01,-14.6
GMDCLTD,561.0,2026-08-03,-0.2,-2.83,-6.98,-23.79,-4.92,49.66
BAWEJA,27.8,2026-07-31,2.39,-3.97,-7.02,-22.67,-6.55,-58.1
MUFTI,82.69,2026-08-03,-1.85,-2.69,-7.02,6.33,-15.66,-35.84
KHAICHEM,49.35,2026-08-03,1.0,0.86,-7.03,-9.41,-25.3,-54.78
TRITURBINE,611.6,2026-08-03,-1.89,-0.42,-7.04,6.69,11.82,4.91
ARVIND,528.95,2026-08-03,1.05,-0.34,-7.05,32.72,47.16,67.63
TIINDIA,2766.0,2026-08-03,-2.92,-4.19,-7.05,-6.17,10.59,-1.43
ICICIAMC,3099.1,2026-08-03,-1.42,-0.59,-7.07,-5.44,1.63,
RAILTEL,292.25,2026-08-03,1.28,-0.83,-7.07,-9.67,-12.43,-16.73
RETAIL,16.57,2026-08-03,-5.37,-1.54,-7.07,-15.42,-32.34,-54.83
TFL,11.14,2026-08-03,-0.27,4.01,-7.09,-10.52,-22.75,-30.07
KARNIKA,117.8,2026-07-31,5.32,2.08,-7.1,-11.5,-1.79,-83.62
UMAEXPORTS,20.42,2026-08-03,4.88,2.3,-7.1,-18.9,-34.89,-57.02
BIRLAMONEY,134.25,2026-08-03,2.31,-1.03,-7.11,-8.24,7.21,-21.86
NOIDATOLL,4.44,2026-08-03,0.0,-3.9,-7.11,17.46,12.69,20.33
DOLATALGO,67.56,2026-08-03,-1.21,-1.69,-7.11,-12.75,-12.03,-23.49
RPOWER,23.87,2026-08-03,0.46,-1.85,-7.12,-16.57,-15.26,-52.35
NITCO,108.09,2026-08-03,0.46,-0.63,-7.13,22.45,26.14,-14.0
HDFCAMC,2600.6,2026-08-03,1.89,-1.67,-7.13,-2.03,-0.52,-5.34
EDUCOMP,0.91,2026-08-03,1.11,0.0,-7.14,-4.21,-9.0,-47.4
ARFIN,85.49,2026-08-03,-6.23,-0.62,-7.14,-9.52,14.43,127.44
BLUSPRING,114.78,2026-08-03,4.96,4.66,-7.14,77.76,89.25,28.15
KAMATHOTEL,170.15,2026-08-03,0.19,-2.64,-7.15,0.35,-14.18,-28.85
AGARWALFT,37.5,2026-07-31,-4.94,-4.94,-7.18,-5.9,19.05,-38.47
DISHTV,2.84,2026-08-03,-1.05,-3.4,-7.19,-25.65,-15.22,-46.92
MIDWESTLTD,1214.9,2026-08-03,-2.03,-4.44,-7.22,-2.12,-11.05,
EMAMIREAL,78.28,2026-08-03,-1.95,2.19,-7.23,-13.38,10.96,-33.55
BELLACASA,246.04,2026-08-03,2.37,1.0,-7.24,-5.25,-22.51,-39.61
BHARATGEAR,123.57,2026-08-03,-3.07,4.37,-7.26,15.23,9.67,33.92
KPIL,1283.5,2026-08-03,-1.15,-3.01,-7.26,3.48,14.77,15.39
SELMC,27.47,2026-08-03,-0.76,-4.32,-7.26,-15.22,-2.45,-11.27
ABMKNO,198.99,2026-08-03,0.51,3.22,-7.28,-12.14,,
DCW,46.73,2026-08-03,-0.93,0.21,-7.3,-0.81,1.72,-37.43
AHCL,14.71,2026-08-03,-6.6,-1.93,-7.31,10.6,20.7,
MADHAVIPL,7.85,2026-08-03,0.51,-2.73,-7.32,-14.67,,
SYSTMTXC,60.22,2026-08-03,0.37,-3.73,-7.34,-14.69,-28.56,
SANDHAR,647.95,2026-08-03,8.07,7.73,-7.35,31.15,21.36,35.57
NORTHARC,284.65,2026-08-03,-5.15,-6.76,-7.36,8.59,11.93,24.95
RMDRIP,18.62,2026-08-03,-0.16,-1.85,-7.36,-14.9,-70.51,-52.56
COOLCAPS,22.0,2026-07-31,7.32,4.51,-7.37,-16.35,-47.49,-71.24
SYNCOMF,13.19,2026-08-03,0.15,-2.8,-7.37,-4.0,-1.35,-26.6
DELHIVERY,470.0,2026-08-03,0.0,-3.46,-7.38,0.63,6.03,9.34
MINDTECK,193.37,2026-08-03,-0.67,-3.7,-7.39,-4.4,-11.44,-3.66
VLEGOV,10.35,2026-08-03,-3.18,-8.81,-7.42,-31.05,-28.03,-77.0
DCMNVL,142.57,2026-08-03,-1.68,-3.08,-7.42,-0.02,3.16,-23.86
PSPPROJECT,949.55,2026-08-03,-10.07,-11.45,-7.43,20.63,25.69,25.32
MHRIL,218.96,2026-08-03,-2.18,-3.35,-7.44,-11.37,-26.83,-38.46
CGPOWER,826.1,2026-08-03,-5.84,-9.46,-7.44,1.57,24.87,27.12
IRIS,254.52,2026-08-03,4.2,5.39,-7.46,5.9,-13.44,-31.58
MAXESTATES,400.35,2026-08-03,1.24,-0.48,-7.47,2.31,5.55,-14.6
JAYKAY,165.32,2026-08-03,-1.59,-1.43,-7.48,-9.16,-3.76,
JMFINANCIL,120.89,2026-08-03,-2.79,-2.33,-7.48,-11.74,-3.58,-18.41
SSFL,259.45,2026-07-31,-0.21,-5.74,-7.49,159.19,160.23,53.0
PURVFLEXI,46.25,2026-07-31,1.09,-3.65,-7.5,-27.28,-30.97,-39.94
ITCHOTELS,165.22,2026-08-03,-0.13,-1.1,-7.5,3.57,-10.62,-25.83
CRAYONS,26.5,2026-07-31,4.95,-0.38,-7.5,-18.08,-34.32,-53.87
BTTL,46.14,2026-08-03,-5.06,-6.33,-7.5,36.51,,
ATGL,667.6,2026-08-03,1.07,-6.35,-7.5,5.22,23.14,12.17
DJML,112.58,2026-08-03,-1.67,5.55,-7.51,22.08,40.7,3.02
KPEL,316.25,2026-08-03,1.64,-0.19,-7.53,-12.38,10.71,-37.45
IBULLSLTD,27.09,2026-08-03,-13.06,-7.83,-7.54,37.3,152.23,79.88
AAATECH,90.6,2026-08-03,-0.88,-2.24,-7.58,-8.91,-11.19,7.93
NAGREEKCAP,22.89,2026-08-03,0.7,-0.65,-7.59,-26.87,-9.17,-11.31
BIRLAPREC,34.8,2026-08-03,1.72,0.35,-7.59,2.81,,
REMUS,720.0,2026-07-31,-0.14,0.17,-7.6,5.06,11.46,-21.68
GUJTHEM,356.6,2026-08-03,-1.15,-2.02,-7.6,-1.92,7.82,-4.32
BALAJEE,27.36,2026-08-03,0.85,-3.63,-7.6,-14.12,-16.56,-45.35
JPOLYINVST,1029.2,2026-08-03,-1.33,-5.5,-7.6,-6.33,3.15,34.66
BIRDYS,88.5,2026-07-31,-3.91,-3.91,-7.62,-37.08,-26.68,-28.05
TECHNOE,999.4,2026-08-03,0.22,-1.4,-7.62,-22.12,-4.16,-29.13
SHRITECH,60.05,2026-07-31,-2.2,-2.2,-7.62,-1.48,16.94,-34.01
BLISSGVS,466.45,2026-08-03,1.53,-3.37,-7.63,68.87,159.46,169.6
NUCLEUS,696.7,2026-08-03,-4.76,-6.9,-7.66,-11.79,-21.66,-30.25
BALAJITELE,84.54,2026-08-03,0.88,-3.55,-7.68,-14.16,-4.21,-10.08
USASEEDS,85.85,2026-07-31,0.88,2.26,-7.69,-21.2,-38.9,-53.69
DTL,120.0,2026-07-31,-0.54,-5.51,-7.69,4.35,-4.76,-16.72
BALAMINES,2025.2,2026-08-03,-11.36,-11.01,-7.7,52.61,78.31,20.32
ZEELEARN,8.14,2026-08-03,-0.25,-2.98,-7.71,55.64,27.59,-23.85
OSWALAGRO,38.49,2026-08-03,-0.72,-2.06,-7.72,-20.67,-26.84,-50.17
SKFINDIA,1506.5,2026-08-03,1.69,1.63,-7.72,-10.01,-9.73,-68.09
UNITEDPOLY,29.73,2026-08-03,-1.1,1.43,-7.73,-2.33,-2.08,-5.68
DUCON,2.98,2026-08-03,-1.32,-1.32,-7.74,-8.31,-13.62,-46.98
ELECTCAST,71.8,2026-08-03,-0.47,-2.75,-7.75,-12.43,-0.72,-32.88
GOYALSALT,113.0,2026-07-31,-0.92,-1.74,-7.76,-5.87,-19.89,-30.07
VMM,111.2,2026-08-03,0.81,-0.01,-7.77,-9.07,-8.15,-21.17
AIRAN,15.03,2026-08-03,0.0,-1.7,-7.79,-8.24,0.67,-43.77
HPAL,33.3,2026-08-03,-0.27,-2.89,-7.81,-11.51,-13.55,-31.4
THACKER,1050.0,2026-08-03,3.86,-3.66,-7.81,-5.15,,
TVVISION,4.72,2026-08-03,1.51,-0.63,-7.81,-12.27,-26.02,-33.61
RIIL,746.85,2026-08-03,1.45,-4.36,-7.83,-4.23,2.1,-12.16
BOROSCI,153.42,2026-08-03,-0.62,-5.51,-7.83,33.57,37.19,-3.25
BLBLIMITED,15.39,2026-08-03,-4.47,-4.41,-7.84,-10.0,8.3,0.92
CENTRUM,24.09,2026-08-03,4.06,1.47,-7.84,-0.17,-3.68,-38.1
SURAKSHA,252.1,2026-08-03,1.0,-2.32,-7.84,-11.22,-11.68,-16.22
SUKHJITS,164.66,2026-08-03,-2.43,1.48,-7.84,-8.36,-6.87,-4.34
CELLECOR,34.05,2026-07-31,1.19,-4.08,-7.85,-6.46,22.92,-3.54
SWARAJENG,3630.6,2026-08-03,0.7,-1.24,-7.85,-5.72,4.34,-7.12
GALAPREC,1090.5,2026-08-03,-6.33,-10.25,-7.85,47.02,30.83,31.29
INFOLLION,157.1,2026-07-31,-1.04,-7.01,-7.86,-28.0,-56.54,-64.7
PNBGILTS,83.51,2026-08-03,-2.26,-3.86,-7.86,18.37,5.78,-19.0
NIPPOBATRY,327.15,2026-08-03,-1.87,-0.06,-7.87,-1.93,-13.78,-29.0
VERTOZ,35.61,2026-08-03,0.17,-3.21,-7.87,-27.93,-35.49,-57.34
MGEL,15.51,2026-08-03,-5.6,-5.43,-7.9,13.86,29.55,-10.76
EXICOM,163.95,2026-08-03,-0.76,-2.54,-7.9,42.07,68.76,5.78
DKEGL,65.25,2026-07-31,-1.06,-3.97,-7.9,-16.88,-9.38,-8.53
SIKA,1124.1,2026-08-03,0.05,1.03,-7.91,9.59,,
YATRA,107.63,2026-08-03,-2.73,-0.72,-7.94,1.98,-29.23,10.19
VENUSREM,1584.1,2026-08-03,0.77,-6.48,-7.95,63.75,101.73,198.89
ABINFRA,10.06,2026-08-03,-2.61,-0.79,-7.96,-36.57,-44.88,-46.1
JSWDULUX,3015.5,2026-08-03,2.43,0.4,-7.97,3.79,7.35,-12.0
JTLIND,75.73,2026-08-03,3.48,0.93,-7.97,-4.74,0.21,7.27
AWFIS,277.3,2026-08-03,-3.93,-3.55,-8.0,-21.09,-27.56,-52.44
KAVDEFENCE,58.52,2026-08-03,2.0,-0.1,-8.0,-8.45,-14.21,-0.51
NEUEON,14.84,2026-08-03,-4.99,-0.54,-8.0,-23.9,58.89,184.29
MEDICAMEQ,240.02,2026-08-03,-0.47,1.49,-8.0,-5.7,-34.85,-37.71
INDIASHLTR,726.5,2026-08-03,-0.2,-10.88,-8.02,-9.08,-7.91,-18.55
BAJAJINDEF,234.8,2026-08-03,1.71,0.0,-8.05,-21.53,-23.49,-44.36
SUNCLAY,1253.0,2026-08-03,-10.49,-9.69,-8.08,-11.97,-4.23,-35.2
SHREERAMA,40.36,2026-08-03,1.41,-3.61,-8.08,-12.43,-31.06,-0.91
FUSION,210.78,2026-08-03,-4.49,-6.73,-8.12,10.32,15.36,32.69
PPL,262.25,2026-08-03,-2.36,2.74,-8.13,24.58,20.92,-27.7
ABCOTS,200.91,2026-08-03,-0.33,-0.77,-8.15,-10.15,-52.24,-51.02
SHYAMTEL,17.1,2026-08-03,6.81,9.97,-8.16,-24.4,66.67,18.67
YUKEN,718.6,2026-08-03,1.13,0.88,-8.17,-4.79,-10.41,-32.43
KAUSHALYA,924.55,2026-08-03,1.65,4.63,-8.17,2.36,14.5,5.64
NORBTEAEXP,65.29,2026-08-03,-4.07,-4.76,-8.2,5.49,-24.69,92.43
ASHOKA,121.12,2026-08-03,-2.42,-2.0,-8.28,-9.78,-20.58,-38.67
SURYALA,410.9,2026-08-03,-2.75,-1.71,-8.28,19.27,,
SAMMAANCAP,161.08,2026-08-03,-2.35,-1.63,-8.29,11.39,8.49,28.09
STAR,1028.5,2026-08-03,-0.93,-2.47,-8.3,-0.34,18.03,23.52
CONTI,11.05,2026-07-31,5.74,6.76,-8.3,-13.67,-47.38,-53.28
RUSTOMJEE,396.8,2026-08-03,-3.13,-4.12,-8.31,0.95,-21.89,-36.28
MANORG,478.2,2026-08-03,-9.13,-15.75,-8.32,4.77,3.39,0.89
SILGO,69.79,2026-08-03,-6.08,-6.18,-8.33,-11.62,-2.51,28.98
RITEZONE,18.15,2026-07-31,-11.46,-19.87,-8.33,-29.51,-5.71,-35.18
SRPL,0.33,2026-08-03,0.0,-2.94,-8.33,-25.0,-45.0,-45.9
HDBFS,684.85,2026-08-03,-0.21,-5.94,-8.33,4.6,-3.96,-7.98
LOTUSEYE,117.46,2026-08-03,-1.25,-3.26,-8.33,-1.19,-0.31,62.04
IEML,41.8,2026-07-31,-3.69,-1.53,-8.33,-46.41,-45.22,-69.7
ARTNIRMAN,38.18,2026-08-03,-3.15,-4.45,-8.33,-14.24,-11.09,-32.52
GMBREW,896.2,2026-08-03,-1.04,-2.85,-8.33,-5.44,-8.94,33.34
DGCONTENT,23.84,2026-08-03,-4.6,-5.81,-8.34,-25.38,-6.62,-35.88
CURAA,72.5,2026-08-03,-0.17,-2.04,-8.36,-25.98,-22.17,-71.35
KSB,857.75,2026-08-03,-2.24,-5.45,-8.37,-11.92,20.05,2.3
PEARLPOLY,16.65,2026-08-03,-2.06,-5.18,-8.37,-18.94,-12.69,-53.01
WCIL,90.48,2026-08-03,-0.64,-3.04,-8.4,-11.92,-20.66,-14.16
MCLOUD,29.23,2026-08-03,8.82,2.6,-8.4,7.34,24.75,-65.11
GEEKAYWIRE,23.21,2026-08-03,-2.93,-1.94,-8.41,-8.12,-19.21,-29.92
KELLTONTEC,14.27,2026-08-03,1.21,-3.25,-8.41,-7.58,-11.7,-49.27
APTUS,263.6,2026-08-03,-5.54,-13.7,-8.42,2.28,-5.45,-20.86
AVANTEL,162.99,2026-08-03,-1.25,-5.53,-8.42,9.72,6.86,27.72
DTIL,130.39,2026-08-03,-1.17,-5.43,-8.43,-5.75,-13.3,-31.18
ALOKINDS,12.04,2026-08-03,0.0,-1.47,-8.44,-12.69,-25.12,-35.61
AFIL,9.22,2026-08-03,-0.43,-4.95,-8.44,3.02,84.03,34.4
POWERICA,519.4,2026-08-03,-8.18,-8.42,-8.44,6.03,,
KITEX,146.34,2026-08-03,-0.57,-2.85,-8.47,-11.03,-25.52,-32.05
MODIRUBBER,121.37,2026-08-03,-3.67,-6.8,-8.48,-11.33,-4.96,2.09
PKTEA,699.0,2026-08-03,0.14,-2.77,-8.49,-11.52,1.42,18.36
SASKEN,1902.3,2026-08-03,4.58,0.47,-8.51,46.32,48.33,32.53
SHRIKRISH,40.06,2026-08-03,1.49,-0.17,-8.52,-7.16,,
DCMFINSERV,4.94,2026-08-03,-6.08,-4.26,-8.52,4.66,8.33,-19.41
CMICABLES,2.79,2026-08-03,-1.76,-6.38,-8.52,-12.54,-44.31,-15.45
EIFFL,299.1,2026-08-03,-5.42,-6.68,-8.53,22.09,17.83,24.5
KEYFINSERV,253.2,2026-08-03,-2.27,-4.6,-8.54,-8.57,-11.39,-0.55
AKG,10.05,2026-08-03,0.6,0.6,-8.55,-11.14,-28.16,-20.68
APTECHT,95.27,2026-08-03,3.94,0.23,-8.59,-5.35,20.73,-22.82
SYNGENE,402.2,2026-08-03,-2.82,-3.69,-8.59,-13.75,-15.62,-42.65
ACSTECH,40.21,2026-08-03,-0.74,-3.46,-8.59,5.96,,
APS,270.95,2026-07-31,-1.6,-5.18,-8.59,-27.25,-16.36,-50.82
WSI,60.51,2026-08-03,-3.03,-2.15,-8.6,-15.96,-23.85,-24.12
LCCINFOTEC,4.14,2026-08-03,-4.61,-10.58,-8.61,-14.29,-22.18,-5.48
WEBELSOLAR,97.58,2026-08-03,-1.44,-4.66,-8.64,-11.82,27.56,-23.11
STARTECK,261.15,2026-08-03,-2.81,-2.1,-8.64,5.25,-6.88,-15.01
CMRGREEN,222.58,2026-08-03,1.59,2.86,-8.67,,,
LIBAS,10.09,2026-08-03,-0.3,-2.32,-8.69,-15.92,-1.46,-19.73
SETUINFRA,0.42,2026-08-03,-2.33,-8.7,-8.7,-35.38,2.44,-16.0
TRENT,3050.0,2026-08-03,3.8,4.24,-8.7,10.55,19.85,-41.03
MODINATUR,394.1,2026-08-03,-4.26,-4.05,-8.7,4.87,21.28,
PLADAINFO,10.45,2026-07-31,-4.13,-8.73,-8.73,-7.11,-27.93,-57.26
GAYAPROJ,19.98,2026-08-03,-1.14,-5.49,-8.73,11.5,65.12,126.27
COMPINFO,1.15,2026-08-03,-1.71,0.88,-8.73,-14.81,-14.81,-59.07
WINDMACHIN,281.05,2026-08-03,-0.3,-4.4,-8.75,-1.59,4.05,-15.22
TREEHOUSE,6.36,2026-08-03,-1.55,4.09,-8.75,-20.6,-13.59,-4.5
UMESLTD,5.51,2026-08-03,2.8,3.57,-8.77,-7.39,22.17,-8.77
NECLIFE,10.72,2026-08-03,2.98,-0.74,-8.77,-13.62,-22.88,-34.03
RAJRILTD,21.22,2026-08-03,2.66,-0.84,-8.77,-0.52,3.01,-19.65
SJLOGISTIC,302.75,2026-07-31,-1.5,-5.36,-8.77,-3.97,-5.93,-25.07
TRANSTEEL,123.6,2026-07-31,9.62,6.23,-8.78,-1.83,-17.3,-10.37
EXXARO,6.11,2026-08-03,-7.14,-3.63,-8.81,-12.34,-16.42,-26.12
FRACTAL,803.45,2026-08-03,-0.72,-4.58,-8.82,-14.17,,
ZEAL,62.0,2026-07-31,-1.59,-6.06,-8.82,-12.55,-13.89,-50.62
ZIMLAB,111.23,2026-08-03,-5.74,-8.07,-8.84,26.48,49.87,3.54
ISGEC,838.95,2026-08-03,-2.36,-4.84,-8.85,-22.96,11.39,-22.68
LGHL,201.31,2026-08-03,-1.89,-5.02,-8.86,-22.0,-26.82,-31.03
5PAISA,353.25,2026-08-03,-4.33,-6.5,-8.87,5.29,5.75,-7.31
BDL,1265.0,2026-08-03,0.68,0.59,-8.87,-7.26,-3.69,-18.86
GALLANTT,627.6,2026-08-03,14.68,1.2,-8.88,-27.18,12.52,-16.94
SAKUMA,1.64,2026-08-03,-1.2,-2.96,-8.89,-14.14,-19.21,-39.03
POKARNA,932.45,2026-08-03,-0.09,-4.0,-8.9,7.1,6.87,5.97
ORIENTALTL,5.19,2026-08-03,-2.44,-4.24,-8.95,-25.22,-30.8,-47.58
PRAKASH,125.5,2026-08-03,0.02,0.96,-9.01,-11.79,2.62,-22.93
QUESTLAB,89.25,2026-07-31,-3.98,-8.08,-9.02,-41.15,-9.76,-9.71
AVG,204.0,2026-08-03,-0.78,-1.26,-9.03,23.76,36.07,-17.44
BGRENERGY,278.4,2026-08-03,-0.66,-3.58,-9.03,-1.29,-16.61,187.57
AHLWEST,537.0,2026-08-03,-5.62,-4.11,-9.03,48.45,272.53,272.53
GREENPLY,287.4,2026-08-03,-2.49,-10.62,-9.05,7.5,22.14,-9.07
SAROJA,30.0,2026-07-31,0.0,0.0,-9.09,-9.09,-8.4,-16.2
EMMBI,85.61,2026-08-03,-2.1,-7.56,-9.1,2.09,-9.93,-21.72
INDOCO,221.76,2026-08-03,-10.63,-9.32,-9.11,5.86,-5.45,-28.26
TREL,24.17,2026-08-03,-0.98,-2.26,-9.14,-9.51,0.29,-28.17
SCHNEIDER,1346.1,2026-08-03,-0.44,0.38,-9.15,8.23,82.62,34.44
PFS,28.41,2026-08-03,-2.84,-5.27,-9.15,-8.88,-17.68,-29.59
ARSSBL,511.2,2026-08-03,-0.25,-2.72,-9.15,-13.8,-11.72,
FINKURVE,59.72,2026-08-03,-2.93,-5.07,-9.16,-17.24,-32.72,
CMNL,94.0,2026-07-31,-8.87,-2.19,-9.18,-28.02,-16.7,-36.7
GNRL,93.23,2026-08-03,1.24,-5.9,-9.19,-4.53,,
HIMATSEIDE,80.99,2026-08-03,-0.04,-5.12,-9.19,-8.78,-32.11,-38.84
GENCON,39.62,2026-08-03,-2.08,-0.95,-9.21,-3.27,-21.62,-11.58
CIFL,20.76,2026-08-03,3.18,-0.91,-9.23,-26.33,-36.46,-38.2
CANFINHOME,817.0,2026-08-03,0.52,-4.68,-9.23,-4.71,-11.26,12.21
ADANIPORTS,1701.0,2026-08-03,-3.92,-7.75,-9.24,3.07,11.59,26.8
JINDALPHOT,1064.0,2026-08-03,0.06,-3.51,-9.26,-4.17,-23.22,23.66
AADHARHFC,504.15,2026-08-03,0.43,-1.25,-9.26,3.18,5.64,0.93
FINCABLES,998.05,2026-08-03,-0.06,-1.71,-9.28,0.76,35.06,14.74
SHARDACROP,826.15,2026-08-03,-7.03,-6.7,-9.28,-22.99,-25.43,-24.55
CINEVISTA,14.94,2026-08-03,-2.48,-1.06,-9.29,-4.05,-6.45,-16.91
ODIGMA,22.82,2026-08-03,-1.04,0.48,-9.3,-15.2,-17.53,-35.55
IPL,148.57,2026-08-03,-0.87,-0.78,-9.36,-1.09,-8.15,-32.64
NIRMAN,39.15,2026-07-31,-7.01,-3.21,-9.37,-27.9,-25.99,-74.12
SURYODAY,163.73,2026-08-03,-11.32,-10.55,-9.38,7.96,22.26,29.16
MBEL,294.7,2026-08-03,-0.76,-7.15,-9.39,-11.26,-11.95,
DANGEE,2.98,2026-08-03,2.05,-3.25,-9.42,-16.76,-2.93,-33.63
PROZONER,43.13,2026-08-03,-2.22,0.26,-9.43,-25.98,-12.11,0.42
ESSENTIA,1.15,2026-08-03,6.48,-0.86,-9.45,-11.54,-27.22,-42.5
SHAKTIPUMP,518.8,2026-08-03,-1.83,-4.56,-9.46,-7.89,-18.89,-41.74
SATIN,230.7,2026-08-03,-11.78,-9.91,-9.46,30.96,47.02,59.04
INNOVATIVE,69.25,2026-07-31,0.0,-1.98,-9.48,-26.84,-11.9,-45.75
WELSPUNLIV,154.63,2026-08-03,-5.44,-5.36,-9.48,19.98,5.53,27.78
INDIFRA,11.45,2026-07-31,-4.18,-4.18,-9.49,-3.38,-22.37,-29.54
HBLENGINE,739.2,2026-08-03,3.57,1.17,-9.52,-7.43,-6.54,23.69
DLINKINDIA,450.8,2026-08-03,0.7,0.5,-9.54,5.42,14.71,-5.68
JISLJALEQS,31.33,2026-08-03,2.96,2.05,-9.58,-3.66,-15.58,-37.63
KKVAPOW,475.15,2026-07-31,-4.85,-4.85,-9.6,-22.61,-28.06,-28.1
RKEC,26.4,2026-08-03,-2.08,0.42,-9.65,-25.04,-41.54,-59.84
ISHANCH,51.84,2026-08-03,-1.52,-1.41,-9.65,-16.76,-15.72,-5.97
ACEINTEG,19.37,2026-08-03,0.31,-3.1,-9.65,-0.67,-0.77,-20.42
MVKAGRO,330.15,2026-07-31,-12.62,-17.65,-9.7,-34.88,-45.81,36.06
THEMISMED,107.06,2026-08-03,-0.81,-5.43,-9.72,8.47,30.8,2.25
SPENCERS,33.23,2026-08-03,-0.69,-6.29,-9.73,-3.96,-6.97,-42.21
BLUEPEBBLE,69.95,2026-07-31,-0.07,-0.07,-9.74,-43.36,-53.23,-61.48
IDEA,12.86,2026-08-03,-1.53,-4.81,-9.75,25.83,12.71,94.85
ATMASTCO,151.75,2026-07-31,-3.1,-3.53,-9.75,4.8,6.98,-32.03
JISLDVREQS,22.53,2026-08-03,2.78,1.95,-9.77,-5.38,-2.13,-21.28
OLECTRA,1344.2,2026-08-03,1.21,-0.11,-9.79,7.92,26.97,-6.84
YUDIZ,25.35,2026-07-31,10.22,5.63,-9.79,-9.3,-7.14,-26.31
BLUECOAST,24.64,2026-08-03,-4.09,-12.87,-9.81,-20.75,-10.89,-51.2
FABTECH,149.77,2026-08-03,0.58,-1.08,-9.84,-11.18,-2.7,
WAAREERTL,919.65,2026-08-03,-1.25,-9.87,-9.86,-9.63,-0.18,-11.94
SURYAROSNI,237.32,2026-08-03,-0.79,-1.89,-9.87,-5.12,-6.99,-24.13
CELEBRITY,7.11,2026-08-03,1.72,-0.42,-9.89,-11.46,-16.65,-44.71
SUPREME,45.99,2026-08-03,3.16,0.99,-9.93,-9.96,-28.31,-37.66
GANESHCP,177.8,2026-08-03,4.65,2.84,-9.96,-8.86,-12.66,
GOCOLORS,323.8,2026-08-03,-1.7,-5.97,-9.97,14.84,-16.9,-57.46
PAKKA,71.28,2026-08-03,0.25,-0.86,-9.97,-24.81,-19.4,-63.65
LINC,101.64,2026-08-03,-1.16,-5.2,-9.98,0.75,-7.88,-23.38
NIMBSPROJ,182.59,2026-08-03,-3.9,-6.84,-10.0,2.57,,
KPRMILL,1063.7,2026-08-03,0.73,-4.46,-10.0,13.82,8.1,0.17
AGNI,16.65,2026-07-31,-2.92,-7.24,-10.0,-20.71,-14.4,-19.37
SOMICONVEY,93.45,2026-08-03,-3.88,-6.51,-10.0,-15.48,7.03,-37.96
SEPC,6.02,2026-08-03,-0.66,-1.63,-10.01,-25.77,-25.77,-48.85
RAJTV,10.76,2026-08-03,-8.89,-10.18,-10.03,-53.66,-73.65,-74.69
RAJMET,3.31,2026-08-03,-0.6,-0.9,-10.05,-16.62,-17.25,-30.61
TRUST,28.5,2026-07-31,0.0,-1.72,-10.09,-25.59,-32.38,-50.4
MAHABANK,79.57,2026-08-03,-1.31,-1.18,-10.12,3.08,26.74,51.12
PATINTLOG,14.01,2026-08-03,-0.92,-4.17,-10.13,20.67,12.98,-11.05
FLFL,1.24,2026-08-03,-7.46,-6.06,-10.14,-18.42,8.77,-32.24
HMT,61.4,2026-08-03,1.04,1.07,-10.14,1.32,40.28,6.95
SUPRIYA,879.65,2026-08-03,4.11,5.06,-10.14,26.59,26.89,34.13
VINYAS,1252.75,2026-07-31,-1.75,-2.65,-10.17,9.33,16.68,-7.16
GLOBALE,10.69,2026-08-03,-2.55,-4.38,-10.17,-23.26,-12.81,-18.4
IXIGO,199.6,2026-08-03,1.84,-0.17,-10.18,18.75,-7.97,-13.45
CMRSL,64.1,2026-07-31,-1.54,2.15,-10.22,-12.19,-14.25,-23.3
FAZE3Q,551.25,2026-08-03,-0.3,-2.3,-10.26,24.14,24.83,-12.37
KOTYARK,34.89,2026-08-03,9.13,0.95,-10.26,-10.14,99.16,70.34
KCP,152.97,2026-08-03,-5.89,-10.05,-10.26,-15.06,-13.35,-24.0
TENNIND,544.6,2026-08-03,0.77,-2.27,-10.28,-12.41,1.95,
LEXUS,14.64,2026-08-03,-2.2,-8.27,-10.29,-16.63,-41.06,-53.33
SARVESHWAR,3.38,2026-08-03,0.0,-2.31,-10.34,-15.29,-16.54,-56.27
INOXWIND,78.9,2026-08-03,0.86,-0.4,-10.34,-21.84,-25.69,-48.01
VIYASH,263.7,2026-08-03,1.54,-0.32,-10.35,29.43,23.98,56.4
SAIPARENT,554.55,2026-08-03,-0.93,-2.35,-10.35,14.09,,
PRESSTONIC,25.95,2026-07-31,2.37,1.76,-10.36,-41.29,-42.08,-71.18
MAHEPC,107.76,2026-08-03,-0.26,-2.59,-10.36,-8.6,-13.09,-23.57
ADANIGREEN,1395.0,2026-08-03,-0.34,-8.82,-10.36,13.68,49.66,43.43
MOTILALOFS,867.95,2026-08-03,-0.16,-10.81,-10.37,8.46,9.71,-5.07
KAMOPAINTS,4.56,2026-08-03,-1.08,0.44,-10.41,-15.87,-15.56,-51.18
DCXINDIA,183.55,2026-08-03,0.31,-1.01,-10.41,-8.67,6.68,-28.44
SOLARA,515.85,2026-08-03,2.15,-9.52,-10.42,4.04,-1.65,-14.65
BLAL,174.62,2026-08-03,-1.68,-3.45,-10.44,-8.62,-8.22,-16.23
CMPDI,247.49,2026-08-03,-2.35,-1.95,-10.44,36.89,,
PRLIND,44.2,2026-07-31,-1.23,-2.32,-10.44,-30.39,-29.67,-50.08
VIKASECO,1.11,2026-08-03,-0.89,-1.77,-10.48,-20.14,-29.3,-50.22
UNITECH,4.26,2026-08-03,-0.93,-7.39,-10.5,-12.35,-0.7,-40.25
HUBTOWN,190.51,2026-08-03,-2.82,-4.48,-10.51,-6.07,-10.27,-42.84
NARMADA,16.26,2026-08-03,-1.39,-16.08,-10.51,-3.99,5.69,61.15
STEELXIND,11.4,2026-08-03,-1.55,-5.0,-10.52,14.23,42.14,10.89
THERMAX,4122.2,2026-08-03,-7.46,-12.49,-10.53,1.51,40.31,9.54
VARDMNPOLY,6.12,2026-08-03,-0.49,-3.62,-10.53,-12.07,-11.3,-37.55
DIAMINESQ,239.73,2026-08-03,-3.27,-4.99,-10.53,-8.87,-1.26,-39.92
DPWIRES,164.27,2026-08-03,-2.14,-5.33,-10.55,-8.14,1.68,-25.34
LYKALABS,63.84,2026-08-03,-0.88,-7.11,-10.61,6.93,-9.51,-42.3
PRUDMOULI,13.46,2026-08-03,3.54,0.82,-10.62,-19.4,-25.35,-67.57
SOLEX,946.8,2026-08-03,0.77,-3.57,-10.63,-26.52,-4.82,-30.62
TVTODAY,115.76,2026-08-03,-1.56,-5.15,-10.69,1.93,-4.35,-22.28
RAJESHEXPO,84.8,2026-08-03,-4.14,-3.0,-10.76,-28.86,-49.97,-53.04
MEGASTAR,327.2,2026-08-03,-3.31,-3.48,-10.77,11.77,41.03,23.19
ACCURACY,4.8,2026-08-03,-3.42,-2.04,-10.78,-5.7,-7.69,-34.87
LOVABLE,73.93,2026-08-03,3.82,-0.92,-10.81,1.07,-0.18,-20.62
SURANAT&P,17.89,2026-08-03,-1.27,0.68,-10.82,-4.79,0.79,-4.13
AWHCL,429.65,2026-08-03,-2.35,-4.32,-10.85,-15.41,-15.67,-28.69
NETWORK18,29.38,2026-08-03,1.84,-1.71,-10.86,-14.67,-21.7,-48.88
QUICKTOUCH,22.55,2026-07-31,6.87,-2.59,-10.87,-15.86,-37.1,-53.98
BORORENEW,553.95,2026-08-03,-5.32,-7.0,-10.9,10.46,12.22,-10.11
CIEINDIA,419.65,2026-08-03,1.51,-11.43,-10.91,-11.42,0.56,5.0
PRAJIND,315.05,2026-08-03,-0.3,-6.68,-10.93,-22.85,7.64,-31.96
CEINSYS,833.1,2026-08-03,-2.97,-7.41,-10.93,-22.4,,
REPCOHOME,385.95,2026-08-03,-1.3,-4.77,-10.94,-5.27,-4.05,-1.2
JAICORPLTD,103.83,2026-08-03,1.11,-3.1,-10.95,-10.48,-10.01,-2.63
LAL,8.13,2026-08-03,0.37,-7.09,-10.95,10.91,2.39,-28.24
AFCONS,275.95,2026-08-03,-2.92,-6.11,-10.98,-18.2,-17.83,-31.53
EMMVEE,319.55,2026-08-03,-4.21,-4.94,-10.98,21.78,55.56,
OSIAHYPER,2.91,2026-08-03,-1.69,-2.35,-11.01,-53.14,-79.11,-78.04
NOVAAGRI,23.0,2026-08-03,-0.73,0.44,-11.03,-19.8,-31.4,-56.8
SEMAC,311.7,2026-08-03,-2.58,2.11,-11.08,9.63,32.89,-40.69
ARSHIYA,0.96,2026-08-03,-2.04,-2.04,-11.11,-26.72,-20.66,-68.52
AKSHAR,0.4,2026-08-03,-2.44,-4.76,-11.11,-16.67,-20.0,-23.08
MAYURUNIQ,783.95,2026-08-03,-4.12,-1.33,-11.13,42.73,35.53,50.29
GVKPIL,2.39,2026-08-03,0.0,-5.91,-11.15,-28.23,-17.3,-38.4
TRIDHYA,9.95,2026-07-31,-4.78,-5.24,-11.16,-3.86,-31.38,-46.22
ASALCBR,777.85,2026-08-03,-1.75,-4.81,-11.16,-12.53,-13.81,-22.42
DAVANGERE,3.18,2026-08-03,-3.64,-5.92,-11.17,-12.64,-25.53,-0.59
SIMPLEXINF,235.64,2026-08-03,-0.97,-6.66,-11.18,-3.84,1.29,-22.28
ITALIANE,31.95,2026-07-31,0.31,-8.71,-11.25,-15.92,19.66,-6.71
TOKYOPLAST,79.0,2026-08-03,-2.92,-3.89,-11.32,-14.11,-21.76,-35.17
DWARKESH,39.0,2026-08-03,-8.04,-9.86,-11.35,-16.73,13.74,-5.03
KDL,102.85,2026-07-31,-10.02,-10.57,-11.37,-33.47,-37.02,-64.31
HINDWAREAP,222.23,2026-08-03,0.53,-0.01,-11.39,2.02,-3.58,-17.92
SINDHUTRAD,24.5,2026-08-03,-1.25,-4.48,-11.42,4.57,11.06,-7.51
ABSLAMC,1017.8,2026-08-03,2.89,-6.73,-11.46,2.77,28.8,25.01
ASTEC,628.3,2026-08-03,-5.46,-8.39,-11.49,-9.56,5.91,-28.56
ANMOL,10.01,2026-08-03,-0.3,-5.92,-11.49,-15.46,-16.44,-34.66
KHADIM,96.79,2026-08-03,3.29,-1.25,-11.52,-3.93,-41.04,-63.76
RAMASTEEL,4.22,2026-08-03,-0.47,-1.86,-11.53,-26.86,-45.62,-61.0
SHYAMCENT,5.06,2026-08-03,-3.07,-2.88,-11.54,-12.91,-6.99,-34.54
ORIANA,1379.05,2026-07-31,-4.12,-4.24,-11.55,-34.74,-11.7,-37.98
GENESYS,298.75,2026-08-03,-0.6,-6.97,-11.55,11.19,-7.82,-48.71
DIGISPICE,17.98,2026-08-03,-0.99,-6.45,-11.56,-13.72,-9.83,-17.45
SPAL,988.7,2026-08-03,-2.53,-6.47,-11.61,21.9,31.42,26.5
KRITINUT,73.69,2026-08-03,-6.38,-4.72,-11.62,-25.2,0.66,-32.81
BVCL,40.61,2026-08-03,-1.14,-3.38,-11.68,-10.71,-14.16,-0.51
VTL,588.35,2026-08-03,-6.35,-6.77,-11.69,-3.86,14.92,41.46
ATLANTAA,35.2,2026-08-03,-0.45,-7.78,-11.71,-13.87,-20.0,4.51
APOLLO,397.35,2026-08-03,1.12,1.16,-11.71,33.74,59.1,134.01
VIKASLIFE,1.28,2026-08-03,0.79,-3.76,-11.72,-18.47,-24.26,-46.22
ALLTIME,221.95,2026-08-03,-2.17,-8.1,-11.83,-7.77,-10.77,
MKPL,4.25,2026-08-03,1.67,-0.93,-11.83,-19.96,-18.58,-39.11
GGBL,251.45,2026-07-31,-4.63,-6.47,-11.86,-26.43,8.71,-47.73
GPTINFRA,114.02,2026-08-03,-5.69,-2.43,-11.86,1.33,11.38,-8.21
SOLARWORLD,184.62,2026-08-03,-7.92,-8.45,-11.88,-6.55,-18.19,
SADBHIN,2.52,2026-08-03,8.62,6.78,-11.89,-7.01,-25.66,-37.62
NAVNETEDUL,132.18,2026-08-03,-8.55,-10.43,-11.93,-7.96,-17.68,-8.57
ABANSENT,25.95,2026-08-03,-2.04,-8.01,-11.97,-40.48,,
DHTL,35.65,2026-07-31,-4.93,-4.93,-11.98,-19.16,-49.04,-24.39
VIVIANA,717.9,2026-08-03,-1.97,2.13,-11.99,-12.02,-2.91,-42.05
PATANJALI,364.0,2026-08-03,4.94,7.31,-12.07,-20.77,-27.79,-40.86
URAVIDEF,113.85,2026-08-03,-0.13,-1.38,-12.08,-17.98,-39.59,-77.23
TCC,291.5,2026-08-03,8.28,2.41,-12.12,-25.63,,
HCC,21.81,2026-08-03,0.37,-3.92,-12.16,-1.04,11.33,-15.63
NAGREEKEXP,22.48,2026-08-03,-1.53,-6.18,-12.22,-16.62,-11.08,-10.69
TARIL,295.5,2026-08-03,-2.31,-11.42,-12.25,-11.58,20.21,-42.63
VENUSPIPES,1564.3,2026-08-03,-7.33,-8.07,-12.28,13.54,42.62,15.57
GSTL,15.7,2026-07-31,-9.77,-12.04,-12.29,-44.91,-10.8,18.05
KLBRENG-B,421.6,2026-08-03,-4.11,-4.37,-12.37,-17.02,,
ESSARSHPNG,20.57,2026-08-03,0.69,1.08,-12.39,-23.65,-26.27,-22.35
ZOTA,1265.7,2026-08-03,-1.36,-4.92,-12.4,-3.47,-1.97,4.49
SEIL,205.0,2026-08-03,-0.05,-3.22,-12.42,6.91,,
GVPIL,758.0,2026-08-03,-1.87,-8.08,-12.42,26.62,134.92,148.9
SOTAC,91.95,2026-07-31,-3.31,-3.31,-12.43,-21.41,-22.27,-26.38
DHANLAXMI,27.1,2026-07-31,6.69,16.06,-12.44,-15.18,-6.71,-39.78
TEJASNET,519.6,2026-08-03,1.28,-4.38,-12.47,25.16,53.71,-9.72
DAMODARIND,28.05,2026-08-03,0.18,-3.94,-12.62,-12.29,4.0,-22.6
AMIABLE,70.7,2026-07-31,0.0,-3.08,-12.66,-3.15,-3.02,-3.15
NPST,1523.0,2026-08-03,-2.19,-0.48,-12.67,27.68,27.02,-32.49
AGIIL,309.15,2026-08-03,1.68,-7.51,-12.68,-21.84,19.69,43.67
ORCHASP,1.65,2026-08-03,3.12,-0.6,-12.7,-19.12,-40.65,-42.71
XPROINDIA,1302.8,2026-08-03,-6.55,-6.08,-12.74,28.13,33.07,17.65
TEAMLEASE,1239.8,2026-08-03,-4.19,-10.32,-12.77,0.61,-13.11,-32.36
MEGAFLEX,100.0,2026-07-31,0.0,0.0,-12.78,-31.03,-5.7,54.56
VIPCLOTHNG,21.5,2026-08-03,-1.51,-1.56,-12.81,0.09,-12.92,-43.69
INOXGREEN,174.32,2026-08-03,-12.42,-10.76,-12.81,-3.55,-1.41,7.93
AVROIND,8.77,2026-08-03,-1.9,-6.0,-12.82,-30.23,-30.07,-42.83
K2INFRA,54.05,2026-07-31,-4.0,-5.26,-12.89,9.19,-9.54,-17.48
OLAELEC,38.74,2026-08-03,3.94,-1.12,-12.9,5.96,24.85,-4.46
BANSALWIRE,318.5,2026-08-03,0.65,0.28,-12.93,7.43,15.11,-18.53
BHARATCOAL,34.09,2026-08-03,-3.29,-8.48,-12.99,2.22,-11.93,
RSSOFTWARE,30.68,2026-08-03,-4.39,-7.4,-13.04,-20.58,-16.54,-59.82
SPANDANA,262.4,2026-08-03,-1.35,-8.16,-13.06,15.1,5.68,1.12
SPARC,207.93,2026-08-03,-3.25,-8.61,-13.13,45.36,48.94,38.77
SHRENIK,0.33,2026-08-03,0.0,-8.33,-13.16,-17.5,-15.38,-41.07
CEWATER,285.8,2026-08-03,-1.96,-8.19,-13.2,-7.4,-30.29,-51.97
HYBRIDFIN,18.02,2026-08-03,-3.94,-0.17,-13.2,-10.66,-19.59,21.76
JIWANRAM,4.9,2026-07-31,0.0,-4.85,-13.27,-10.09,-7.55,-46.74
RHFL,1.88,2026-08-03,-4.08,-5.53,-13.36,-6.47,-32.62,-63.14
SAHAJSOLAR,114.85,2026-07-31,-7.08,-5.47,-13.42,-26.17,-19.03,-53.31
BANDHANBNK,173.65,2026-08-03,2.49,-17.83,-13.43,-13.05,12.03,7.23
KALAMANDIR,90.03,2026-08-03,4.84,0.32,-13.47,-9.65,-16.92,-46.36
AKSHOPTFBR,5.71,2026-08-03,0.88,2.88,-13.48,-1.38,9.39,-29.33
DIL,0.77,2026-08-03,-4.94,-3.75,-13.48,-24.51,-42.54,-60.71
DRREDDY,1180.0,2026-08-03,2.54,-3.52,-13.58,-10.24,-3.88,-2.71
MADHUCON,5.28,2026-08-03,-1.31,1.73,-13.58,-0.19,8.42,-24.14
TCIFINANCE,15.14,2026-08-03,-0.2,-1.88,-13.58,5.95,-10.78,9.63
VBL,445.0,2026-08-03,-4.09,-4.81,-13.63,-13.28,-1.02,-12.78
POLYSIL,113.85,2026-07-31,1.2,-5.48,-13.68,-26.17,-50.16,-0.39
SMSPHARMA,363.55,2026-08-03,-7.23,-5.44,-13.74,-9.95,15.67,59.04
FOCUS,70.44,2026-08-03,-1.7,-6.42,-13.76,-11.32,0.99,-35.69
LIKHITHA,226.1,2026-08-03,-1.82,-3.93,-13.8,5.87,33.92,-16.98
DBEIL,7.3,2026-08-03,-1.22,-5.19,-13.81,-15.13,-20.75,-45.67
FOODSIN,54.33,2026-08-03,1.31,-5.81,-13.94,-15.65,-12.57,-48.24
JAIBALAJI,60.59,2026-08-03,-1.22,-4.87,-13.95,-22.61,-12.97,-45.27
STYLEBAAZA,278.05,2026-08-03,1.13,-4.12,-13.96,-28.46,-14.84,3.29
VIVIMEDLAB,4.98,2026-08-03,-5.32,-5.32,-13.99,-26.55,-40.57,0.61
ANGELONE,302.0,2026-08-03,-0.72,-6.6,-14.0,-1.87,17.92,19.79
REFEX,306.8,2026-08-03,-7.46,-1.21,-14.12,16.65,34.71,-26.21
CAPACITE,213.61,2026-08-03,-2.37,-3.74,-14.2,-15.37,-6.56,-28.7
OWAIS,97.85,2026-07-31,-1.66,-0.46,-14.2,-42.99,-60.53,-80.46
NINSYS,751.5,2026-08-03,-11.09,-16.33,-14.27,44.6,119.38,76.33
TPHQ,0.42,2026-08-03,-2.33,-2.33,-14.29,-25.0,-32.26,-44.74
MOKSH,10.2,2026-08-03,-0.87,-11.38,-14.29,-25.17,-25.76,-26.25
RELINFRA,63.04,2026-08-03,5.0,-0.24,-14.36,-19.86,-50.11,-79.78
GENSOL,18.31,2026-08-03,4.99,-0.22,-14.36,-20.91,-37.64,-60.44
VSTIND,219.29,2026-08-03,-6.57,-5.21,-14.42,-11.1,1.42,-18.56
AGSTRA,2.19,2026-08-03,4.29,-0.9,-14.45,-19.49,-43.7,-56.37
OMFREIGHT,88.0,2026-08-03,-4.24,-5.24,-14.46,7.34,-6.13,
DCM,83.65,2026-08-03,-3.85,-14.21,-14.47,1.99,-3.85,-17.69
MTARTECH,6012.0,2026-08-03,4.47,4.67,-14.52,-6.89,85.61,321.04
REFRACTORY,26.5,2026-07-31,2.32,-1.3,-14.52,-36.75,-42.52,-51.69
NELCAST,121.35,2026-08-03,4.04,-5.16,-14.54,-14.01,11.78,-27.79
ADFFOODS,273.75,2026-08-03,-12.93,-8.9,-14.56,3.64,32.42,17.11
MAITREYA,119.0,2026-07-31,-0.83,-4.03,-14.63,-34.11,-38.15,-50.75
TRU,4.71,2026-08-03,-4.07,-3.68,-14.67,-27.2,-37.03,-70.04
GOLDTECH,54.94,2026-08-03,-3.87,0.66,-14.78,38.98,22.55,-26.65
TARAPUR,15.77,2026-08-03,-11.1,-7.72,-14.8,-35.13,-45.75,-39.42
MSTCLTD,608.8,2026-08-03,1.01,-0.98,-14.94,40.55,35.0,31.66
EUROTEXIND,12.69,2026-08-03,3.51,-1.01,-15.0,-18.91,-8.18,-7.84
BAJAJCON,523.8,2026-08-03,-3.15,-2.81,-15.0,16.28,46.97,133.13
MOXSH,101.5,2026-07-31,-4.25,-0.64,-15.06,-24.17,23.63,156.31
JNKINDIA,410.85,2026-08-03,-12.47,-12.35,-15.07,13.92,80.86,27.54
KSCL,780.5,2026-08-03,-6.27,-7.64,-15.09,-19.15,-14.4,-27.61
SARTELE,121.05,2026-07-31,2.76,-0.33,-15.14,-19.54,-39.35,-44.5
VCL,1.12,2026-08-03,9.8,1.82,-15.15,-26.32,-42.27,-10.4
PATELENG,28.85,2026-08-03,3.11,-4.31,-15.17,1.66,0.91,-22.07
MEDPLUS,696.4,2026-08-03,-2.86,-13.09,-15.28,-20.15,-19.25,-23.91
MOS,11.0,2026-07-31,-7.17,-8.33,-15.38,-15.38,-47.24,-78.04
PREMEXPLN,661.8,2026-08-03,-1.09,0.03,-15.38,17.89,34.21,55.37
SERVOTECH,85.75,2026-08-03,-10.3,-14.2,-15.41,-9.67,1.85,-35.94
SUZLON,48.1,2026-08-03,-9.5,-9.4,-15.42,-13.46,-2.16,-27.07
SWSOLAR,208.41,2026-08-03,0.07,-2.81,-15.59,0.03,8.0,-22.65
ZEEMEDIA,7.19,2026-08-03,-9.67,-11.01,-15.61,-13.79,-9.56,-44.86
ACUTAAS,3116.4,2026-08-03,-7.46,-14.76,-15.65,20.13,58.22,140.61
KLL,27.9,2026-07-31,-0.89,-6.53,-15.71,-36.16,-35.04,-62.97
ZTECH,525.4,2026-07-31,1.59,-7.66,-15.83,-15.18,-5.83,-15.29
AURIONPRO,739.55,2026-08-03,-11.61,-11.93,-15.93,-14.98,-23.17,-45.52
CADSYS,59.2,2026-07-31,0.0,-9.69,-15.97,-8.36,20.82,-8.22
ELECTHERM,1008.0,2026-08-03,-2.15,-5.66,-16.02,24.88,25.41,11.3
CONTROLPR,571.45,2026-08-03,-3.47,-10.76,-16.05,-9.42,-11.04,-22.32
LAKPRE,4.81,2026-08-03,-3.8,-8.38,-16.06,-3.02,-12.55,-17.64
GINNIFILA,45.86,2026-08-03,-6.37,-9.08,-16.08,8.7,12.96,-1.5
FCONSUMER,0.26,2026-08-03,-3.7,-7.14,-16.13,-23.53,-27.78,-43.48
GODIGIT,262.75,2026-08-03,3.12,-6.46,-16.2,-14.98,-19.03,-28.04
AEPL,14.32,2026-08-03,-5.42,-10.11,-16.26,-24.59,,
DELPHIFX,6.81,2026-08-03,-3.54,-0.87,-16.34,-42.34,-55.38,-48.49
VISL,33.89,2026-08-03,11.63,2.95,-16.36,,,
SUPREMEPWR,208.1,2026-07-31,-0.45,-4.69,-16.38,-17.34,31.13,5.29
AKI,4.08,2026-08-03,-2.63,-12.63,-16.39,-21.24,-34.09,-63.54
RNBDENIMS,9.08,2026-08-03,-2.58,-5.32,-16.39,-37.08,-83.21,
INTENTECH,83.07,2026-08-03,-6.68,-9.42,-16.51,-14.34,-27.54,0.69
EBGNG,535.2,2026-08-03,-8.87,-4.15,-16.52,26.06,90.16,71.26
VISHWAS,44.0,2026-07-31,0.0,-8.33,-16.59,7.32,9.59,-26.97
GSMFOILS,191.5,2026-07-31,-29.48,-31.28,-16.61,-6.4,-4.23,-11.49
JUBLCPL,1822.3,2026-08-03,-2.9,-7.42,-16.66,6.45,-13.28,-14.16
ONMOBILE,66.58,2026-08-03,7.3,9.72,-16.81,20.46,32.02,23.02
NIBE,1364.4,2026-08-03,-8.69,-12.43,-17.21,27.03,31.5,-15.77
OMAXAUTO,190.92,2026-08-03,-11.24,-18.31,-17.37,48.4,68.16,33.16
PRAXIS,6.56,2026-08-03,-6.69,-10.99,-17.48,-18.81,-5.88,-40.47
SHAH,4.01,2026-08-03,-12.06,-9.48,-17.49,-26.56,-18.16,5.8
VOGL,35.24,2026-08-03,1.15,-0.87,-17.64,,,
RAJVIR,5.64,2026-08-03,-4.89,-9.47,-17.78,-26.27,-33.25,-46.29
MSPL,35.07,2026-08-03,-2.96,-3.92,-18.08,-1.24,13.5,4.03
KRIDHANINF,2.3,2026-08-03,-1.71,-8.73,-18.15,-12.55,-41.77,-44.58
WAAREEINDO,322.0,2026-08-03,-3.89,-15.6,-18.16,-25.58,-28.0,8.64
UMA,15.05,2026-07-31,-2.9,-7.38,-18.21,-23.8,-21.82,-39.8
NACLIND,178.59,2026-08-03,-7.51,-14.67,-18.23,10.71,36.17,-41.99
GOLDSTAR,6.95,2026-07-31,-2.11,-1.42,-18.24,0.72,47.87,-25.27
JETKNIT,62.45,2026-07-31,0.0,0.0,-18.42,-29.99,-29.99,-43.2
RESPONIND,173.3,2026-08-03,-1.24,-10.1,-18.59,10.98,-11.88,-19.38
ELECON,428.3,2026-08-03,1.09,-5.87,-18.68,-15.22,-3.92,-23.73
DYNAMIC,137.25,2026-07-31,-2.38,-13.95,-18.76,-8.07,0.96,-1.01
ALKALI,68.59,2026-08-03,-2.0,-19.26,-18.77,2.4,-1.82,-22.52
REGENCERAM,32.9,2026-08-03,-2.08,-8.84,-18.77,-29.28,-25.43,-35.53
HITECHGEAR,574.55,2026-08-03,-0.56,-8.5,-18.86,-6.96,-16.15,-18.19
OSWALPUMPS,331.25,2026-08-03,-5.14,-14.98,-19.1,-19.67,-14.33,-54.39
THANGAMAYL,4965.5,2026-08-03,-32.07,-22.02,-19.16,25.88,56.4,160.22
MDL,64.35,2026-07-31,-6.74,-8.07,-19.46,36.91,27.43,-29.29
SPRL,93.0,2026-07-31,0.0,-9.71,-19.62,-10.66,-23.65,-36.73
IPSL,221.0,2026-07-31,-9.72,-3.91,-19.64,-9.8,-15.0,-38.21
MILTON,32.0,2026-07-31,-8.96,-13.4,-19.8,-33.05,-34.96,10.73
KIRLPNU,1463.3,2026-08-03,-1.77,-14.94,-19.86,-2.21,25.3,12.35
TIGERLOGS,27.44,2026-08-03,-13.85,-14.62,-20.26,-21.67,-13.74,
BROOKS,61.26,2026-08-03,-4.21,-9.58,-20.66,9.43,2.32,-60.99
KHFM,47.4,2026-07-31,-0.84,-3.17,-21.26,-1.76,-37.22,-44.66
MAKS,18.05,2026-07-31,0.0,0.0,-21.69,-30.58,-38.81,-39.33
NAGAFERT,2.49,2026-08-03,-4.96,-9.45,-21.94,-36.48,-48.55,-58.29
WINNY,32.2,2026-07-31,-9.55,-9.55,-21.94,-34.95,-49.65,-65.41
SONUINFRA,40.7,2026-07-31,-5.35,-4.8,-22.11,-32.17,-45.7,-67.31
NEWJAISA,14.0,2026-07-31,-9.09,-14.37,-22.22,-44.0,-12.23,-56.18
PALREDTEC,45.39,2026-08-03,0.33,-6.51,-22.94,13.33,23.01,-15.94
SKMEGGPROD,242.33,2026-08-03,-23.99,-24.12,-22.97,46.96,29.94,60.3
VEDPOWER,35.2,2026-08-03,-4.79,-8.12,-22.99,,,
QUADFUTURE,360.95,2026-08-03,-0.48,-11.59,-23.17,16.64,23.57,-14.27
PANACEABIO,423.45,2026-08-03,-2.23,-22.85,-23.18,17.28,14.31,5.49
MEP,0.53,2026-08-03,-1.85,-10.17,-23.19,-47.0,-60.74,-67.68
GOLDKART,104.55,2026-07-31,-18.48,-22.56,-23.63,-45.26,-61.98,-48.33
GRANDOAK,36.59,2026-08-03,-6.59,-14.03,-23.79,19.97,,
BBOX,753.7,2026-08-03,-2.84,-10.02,-24.25,17.84,39.34,49.74
DUGLOBAL,26.0,2026-07-31,0.19,-4.24,-24.42,-39.88,-10.34,-41.11
ISHAN,0.45,2026-07-31,-10.0,-10.0,-25.0,-35.71,-30.77,-52.63
VIPULLTD,11.45,2026-08-03,-0.61,-22.95,-25.36,17.8,3.9,11.17
BLUECHIP,1.73,2026-08-03,-7.98,-15.61,-25.75,-9.9,-23.79,-63.96
FLEXITUFF,4.2,2026-08-03,-9.09,-15.66,-26.06,-42.93,-59.26,-86.02
SHANTHALA,17.25,2026-07-31,-4.17,-26.44,-26.28,-36.58,-48.35,-46.84
SHUBHLAXMI,18.3,2026-07-31,-10.73,-8.27,-26.65,-20.61,-47.03,13.66
GANGAFORGE,1.79,2026-08-03,6.55,-6.77,-27.24,-38.28,-47.35,-50.96
KSHITIJPOL,2.97,2026-08-03,-1.0,25.32,-27.56,-9.45,42.79,-9.45
SABEVENTS,6.32,2026-08-03,-13.31,-20.3,-27.61,-35.44,-54.73,-2.32
JALAN,1.55,2026-07-31,-3.13,-13.89,-27.91,-16.22,-54.41,-78.62
DIGIKORE,39.0,2026-07-31,-19.42,-23.68,-29.09,-45.34,-37.35,-78.15
RAMCOSYS,563.95,2026-08-03,-11.87,-29.82,-29.47,36.96,12.49,47.71
SUMEETINDS,21.18,2026-08-03,-22.53,-40.0,-29.54,-29.42,-19.44,-12.37
TIRUPATI,358.85,2026-07-31,-14.24,-22.59,-29.64,-22.89,-38.45,-26.77
TICL,9.63,2026-08-03,4.0,-1.43,-29.66,-59.64,-55.31,-68.37
PARSVNATH,1.77,2026-08-03,-7.81,-15.71,-30.86,-77.48,-79.73,-89.07
GSLSU,27.69,2026-08-03,-5.85,8.72,-30.9,-51.51,-68.96,-74.9
MANAV,23.5,2026-07-31,-17.25,-25.16,-32.37,-38.08,-18.54,54.1
INDOTHAI,170.75,2026-08-03,-22.42,-22.05,-32.61,-40.68,-30.58,-10.7
DSKULKARNI,9.03,2026-08-03,-33.36,-33.36,-33.36,-33.36,-33.36,-33.36
ELITECON,17.19,2026-08-03,7.57,-3.81,-35.06,-53.41,,
HARDWYN,11.23,2026-08-03,0.85,0.72,-36.48,-42.18,-1.86,12.62
AQYLON,26.75,2026-08-03,7.09,-15.8,-40.2,-46.77,-84.47,-97.41
GIRIRAJ,66.9,2026-07-31,-17.91,-39.68,-48.02,-65.95,-61.09,-80.24
TRIVENI,232.3,2026-08-03,-3.21,-50.61,-49.35,-43.65,-38.01,-31.07
NATIONSTD,235.51,2026-08-03,-22.58,-40.06,-75.57,-82.49,,
IVZINNIFTY,280.97,2026-08-03,-89.79,-89.88,-89.87,-89.71,-90.41,-90.12
PSUBANK,84.54,2026-08-03,0.73,-2.23,-89.99,-90.03,-90.37,-87.64
