ticker,last_close,last_date,1W,2W,1M,3M,6M,12M
NV20,12013.75,2026-08-13,83971.03,84147.89,84623.2,86579.3,7784.59,8199.65
UEL,246.5,2026-08-13,-8.93,33.63,92.04,66.64,30.15,101.69
VIVO,131.95,2026-08-12,10.19,40.45,70.59,73.62,73.62,106.17
AARTISURF,645.85,2026-08-13,24.2,34.27,67.6,63.84,52.48,38.09
ABMINTLLTD,69.37,2026-08-13,58.38,63.19,67.48,66.84,36.91,35.67
SHALPAINTS,87.04,2026-08-13,3.16,8.79,64.38,67.77,42.45,21.68
E2E,635.0,2026-08-13,5.34,16.94,64.1,95.15,155.52,205.17
CAPTRUST,20.66,2026-08-13,1.87,8.34,63.32,53.26,47.89,-62.22
DIACABS,367.5,2026-08-13,1.94,13.83,61.57,110.55,178.58,146.98
BIRLACABLE,302.99,2026-08-13,13.51,41.58,58.27,71.57,113.29,97.16
CLSL,74.45,2026-08-12,1.29,12.46,57.07,69.59,58.4,23.26
GULFPETRO,61.72,2026-08-13,3.73,17.67,56.29,85.18,76.8,48.83
SABAR,7.1,2026-08-12,3.65,10.08,56.04,44.9,37.86,65.12
VIJIFIN,12.15,2026-08-13,5.93,16.71,55.77,209.95,452.27,206.82
TECHNVISN,5403.3,2026-08-13,-2.27,20.98,55.28,-2.46,,
CHAVDA,135.05,2026-08-12,-2.03,5.22,55.14,35.46,26.93,23.11
GATECH,0.74,2026-08-13,8.82,-1.33,54.17,42.31,51.02,57.45
IMPEXFERRO,3.5,2026-08-13,5.42,33.59,53.51,110.84,90.22,86.17
KABRAEXTRU,484.3,2026-08-13,-5.18,15.7,53.43,111.28,100.07,89.66
SHEKHAWATI,20.33,2026-08-13,47.64,49.6,51.6,47.75,41.77,-3.37
PNGSREVA,608.5,2026-08-13,17.98,37.28,49.56,60.58,,
INVPRECQ,1192.0,2026-08-13,4.75,7.18,48.74,88.8,,
BLUESTONE,874.3,2026-08-13,5.32,8.92,48.49,80.68,100.18,
MOLDTECH,188.42,2026-08-13,-1.91,26.3,48.4,40.01,34.21,30.77
RSDFIN,117.98,2026-08-13,-14.25,-11.21,47.48,43.88,,
MARINE,371.2,2026-08-13,4.52,29.0,46.75,67.65,103.16,116.42
UNIVCABLES,1702.2,2026-08-13,0.52,18.89,46.75,70.93,147.53,132.08
UNIVASTU,153.04,2026-08-13,15.76,9.34,46.46,115.85,120.11,71.54
EMIL,191.78,2026-08-13,6.09,46.01,45.49,66.42,87.43,58.65
ALPHAGEO,290.53,2026-08-13,18.73,9.99,45.32,24.47,38.66,26.53
COMSYN,282.66,2026-08-13,5.07,35.43,44.73,84.64,55.34,108.88
ESCONET,176.35,2026-08-12,6.65,31.6,44.73,29.19,55.72,-5.09
SIGIND,68.58,2026-08-13,-2.87,22.62,44.47,39.36,35.64,23.42
3IINFOLTD,26.93,2026-08-13,-0.74,10.41,44.16,52.92,69.16,20.01
DEEPINDS,665.9,2026-08-13,2.77,2.56,43.92,41.55,74.05,24.35
YASHO,4276.5,2026-08-13,1.79,10.08,43.89,165.53,210.95,145.69
SIKKO,5.79,2026-08-13,-5.24,7.82,43.67,28.95,8.02,65.48
SUPREMEENG,2.37,2026-08-13,1.72,11.27,43.64,137.0,130.1,86.61
NILKAMAL,1932.7,2026-08-13,11.63,13.69,43.15,50.0,37.31,26.09
VR,144.3,2026-08-12,-4.97,15.44,43.01,-3.15,-5.69,-15.61
TFCILTD,115.31,2026-08-13,0.08,9.17,42.69,54.88,54.08,95.61
TCPLPACK,4255.2,2026-08-13,28.94,31.91,42.63,63.6,48.66,28.67
CUPID,294.86,2026-08-13,12.24,27.67,42.56,141.41,250.19,778.71
KAPSTON,585.1,2026-08-13,3.37,11.26,41.43,75.71,48.16,136.39
BECTORFOOD,240.25,2026-08-13,2.99,13.72,41.03,30.05,12.99,-11.18
ROLLT,3.12,2026-08-13,3.65,20.93,40.54,42.47,149.6,119.72
NURECA,344.6,2026-08-13,3.1,3.36,40.33,24.47,22.44,45.99
VMARCIND,368.7,2026-08-12,-0.23,38.5,39.76,-68.75,-38.45,-20.34
BTML,8.9,2026-08-13,11.25,30.12,39.5,29.17,9.61,6.97
MARC,128.65,2026-08-12,-1.76,10.33,39.46,38.93,100.23,
ASKAUTOLTD,649.45,2026-08-13,-0.94,14.01,38.58,50.22,50.85,40.51
CYIENTDLM,728.15,2026-08-13,5.3,8.4,38.52,73.18,100.4,71.79
KORE,179.9,2026-08-12,5.51,5.36,38.38,22.42,40.55,47.1
MHLXMIRU,188.56,2026-08-13,21.63,27.12,38.22,6.17,-1.8,-16.51
21STCENMGM,43.19,2026-08-13,0.05,5.42,37.86,30.76,12.83,-24.16
KCPSUGIND,30.27,2026-08-13,1.17,-7.12,37.78,19.93,36.72,-3.79
SBCL,1008.65,2026-08-13,-8.72,32.12,37.65,75.8,96.68,104.17
WEL,140.0,2026-08-13,3.87,13.8,37.59,40.55,-2.29,-10.26
GSPCROP,591.7,2026-08-13,-0.55,0.65,36.98,40.81,,
ANSALAPI,3.52,2026-08-13,0.28,3.83,36.43,-17.56,5.71,-31.91
MPSLTD,2756.5,2026-08-13,-3.77,-0.51,36.41,69.31,84.6,24.27
LUMAXTECH,1987.5,2026-08-13,14.34,22.65,36.4,20.92,22.75,97.03
KRISHANA,188.94,2026-08-13,2.94,4.75,35.93,39.53,84.47,75.63
RBA,98.35,2026-08-13,9.0,38.99,35.52,47.52,53.41,24.27
JGCHEM,613.0,2026-08-13,-1.48,20.57,34.92,49.4,62.0,25.68
TIJARIA,5.86,2026-08-13,-0.68,17.67,34.1,30.22,0.17,-26.47
ROXHITECH,49.9,2026-08-12,3.96,7.2,33.6,46.76,42.57,16.18
SHK,173.68,2026-08-13,1.63,4.29,33.39,22.78,3.91,-21.88
ABAN,18.83,2026-08-13,-5.8,13.64,33.17,-4.61,-9.51,-55.55
SICALLOG,117.4,2026-08-13,15.02,9.81,32.93,82.98,50.56,17.18
KENNAMET,3674.1,2026-08-13,9.92,26.37,32.68,21.01,50.39,50.39
AMBALALSA,41.54,2026-08-13,-13.94,12.79,32.38,34.17,,
ORISSAMINE,5003.7,2026-08-13,12.43,21.85,32.22,20.02,15.63,5.51
TARMAT,64.68,2026-08-13,19.51,29.02,32.05,25.71,23.25,17.39
DCI,366.35,2026-08-13,4.22,8.64,31.92,39.16,33.48,55.36
MENONBE,234.72,2026-08-13,-4.8,6.16,31.89,67.33,100.71,83.84
SWASTIK,18.65,2026-08-12,-1.32,-6.98,31.8,-20.81,-6.75,-39.64
VPRPL,34.97,2026-08-13,-5.77,24.67,31.76,-14.5,-25.48,-77.93
AARNAV,32.91,2026-08-13,7.48,8.11,31.75,48.58,,
SAHYADRI,365.05,2026-08-13,4.34,12.18,31.6,14.47,40.82,24.52
ARIHANT,1072.5,2026-08-13,-4.61,-5.75,31.33,22.7,2604.92,2604.92
IRISDOREME,57.51,2026-08-13,3.12,7.46,31.24,60.51,61.09,75.76
ORTEL,2.19,2026-08-12,-4.78,17.11,31.14,30.36,64.66,34.36
PAUSHAKLTD,745.45,2026-08-13,7.23,14.19,31.12,53.87,49.42,
MANYAVAR,523.0,2026-08-13,-0.36,24.9,31.09,18.23,14.87,-28.52
GMMPFAUDLR,1012.9,2026-08-13,1.94,17.99,31.02,16.36,1.25,-21.52
UCL,248.4,2026-08-12,10.18,18.91,30.63,80.26,314.0,396.8
VRLLOG,301.65,2026-08-13,5.88,10.86,30.6,21.61,3.7,10.01
CNL,1226.0,2026-08-13,13.14,20.68,30.59,81.9,87.35,95.35
SUDEEPPHRM,1100.8,2026-08-13,4.51,26.88,30.11,73.84,64.98,
FONEBOX,96.6,2026-08-12,0.62,6.98,30.1,46.7,20.0,19.41
MOREPENLAB,80.89,2026-08-13,2.19,40.31,29.86,84.26,109.83,71.71
RKFORGE,733.3,2026-08-13,-0.39,7.66,29.67,26.02,28.56,28.11
MACPOWER,1746.3,2026-08-13,-4.28,19.79,29.64,47.6,94.16,94.86
RSL,166.77,2026-08-13,7.64,16.71,29.46,19.99,,
RUDRA,22.41,2026-08-13,24.64,24.09,29.16,9.32,19.97,
ATHERENERG,1526.5,2026-08-13,4.11,19.94,28.86,60.36,115.53,270.24
SATIPOLY,43.7,2026-08-12,-4.17,1.86,28.72,10.63,-17.86,-34.53
TDPOWERSYS,1481.6,2026-08-13,19.83,33.32,28.71,26.12,77.73,193.57
EASTSILK,62.69,2026-08-13,-5.23,0.1,28.62,8.01,-1.28,3382.78
SEL,280.1,2026-08-12,15.27,13.17,28.43,25.63,34.66,0.77
AKSHARCHEM,296.12,2026-08-13,6.28,15.88,28.37,44.28,32.69,7.82
KANPRPLA,260.38,2026-08-13,26.78,23.4,28.3,26.44,26.28,19.05
SHILPAMED,807.05,2026-08-13,-0.06,29.43,28.06,83.9,146.96,78.33
SUNDRMFAST,1229.0,2026-08-13,9.6,23.74,27.89,44.78,33.37,31.81
VARROC,841.95,2026-08-13,1.94,22.82,27.86,49.87,51.26,65.26
FILATEX,82.29,2026-08-13,-2.94,7.29,27.82,94.95,71.58,56.12
VCL,1.61,2026-08-13,15.0,43.75,27.78,7.33,-27.15,49.07
STLTECH,660.8,2026-08-13,3.61,12.98,27.53,63.1,324.51,413.44
HUHTAMAKI,281.65,2026-08-13,-1.07,-6.12,27.14,65.83,51.19,31.79
DIVGIITTS,1219.75,2026-08-13,15.48,25.03,27.14,75.66,63.82,88.51
BIRLANU,1635.5,2026-08-13,1.75,21.93,27.09,13.6,-7.19,-15.43
SINGERIND,85.3,2026-08-13,23.18,31.43,27.09,21.66,,
KOLTEPATIL,491.9,2026-08-13,6.43,25.68,26.94,35.03,33.8,20.58
SCPL,628.2,2026-08-13,-0.5,-1.63,26.76,41.76,86.19,145.97
MBAPL,168.12,2026-08-13,2.24,5.07,26.55,57.16,81.03,100.36
VINDHYATEL,2460.4,2026-08-13,0.9,3.25,26.47,48.46,122.08,63.64
MATRIMONY,538.0,2026-08-13,12.0,26.31,26.41,26.5,5.27,3.73
HAPPYFORGE,2007.6,2026-08-13,4.24,18.15,26.34,43.29,54.84,113.85
GICL,22.79,2026-08-13,9.88,27.82,26.33,-41.05,-50.29,-80.87
NEUEON,16.31,2026-08-13,15.67,9.91,26.14,-37.51,66.43,212.45
BOSCH-HCIL,1685.1,2026-08-13,-1.4,21.21,26.03,19.22,20.06,-2.08
BAFNAPH,262.95,2026-08-13,-5.85,-1.96,25.99,89.72,112.54,164.32
KPL,3343.0,2026-08-13,6.67,30.48,25.92,99.81,,
CPCAP,140.18,2026-08-13,19.24,22.35,25.91,49.78,42.66,0.28
LANDMARK,532.0,2026-08-13,-5.23,-2.01,25.8,44.08,25.55,1.11
ARIS,137.32,2026-08-13,0.6,5.68,25.79,-6.85,35.16,-7.53
HALDER,285.71,2026-08-13,8.38,12.04,25.45,27.83,10.02,
EMAMIPAP,110.91,2026-08-13,-0.24,-3.47,25.41,41.58,24.41,19.81
INDSWFTLAB,296.63,2026-08-13,25.03,29.74,24.79,114.78,118.01,180.93
SAPPHIRE,233.29,2026-08-13,5.74,24.43,24.77,32.35,6.85,-26.02
MANOMAY,218.46,2026-08-13,0.15,2.42,24.63,19.94,-2.04,36.31
UNIVPHOTO,457.8,2026-08-13,-1.91,-4.7,24.54,2.39,78.76,79.53
KOTYARK,42.84,2026-08-13,2.51,22.79,24.5,13.07,99.34,113.98
APARINDS,17225.0,2026-08-13,4.72,16.81,24.4,38.64,81.11,96.89
PVP,36.67,2026-08-13,5.77,35.31,24.35,30.73,25.63,91.59
ATALREAL,35.98,2026-08-13,4.08,7.27,24.24,25.15,39.03,87.4
SKYGOLD,773.95,2026-08-13,-0.72,11.87,24.19,76.02,107.63,188.25
MAHAPEXLTD,54.74,2026-08-13,14.35,20.18,23.87,8.61,-40.49,-46.49
ROLEXRINGS,178.26,2026-08-13,14.81,28.15,23.83,20.36,28.88,33.5
SHAILY,3406.9,2026-08-13,1.17,11.48,23.7,24.16,70.03,84.01
FROG,219.4,2026-08-12,1.57,9.21,23.61,8.88,57.33,1.25
JFLLIFE,13.1,2026-08-12,-5.42,-1.13,23.58,42.39,9.17,-3.32
ALLCARGO,10.07,2026-08-13,3.28,22.8,23.56,10.05,8.4,-70.41
SHARDUL,49.8,2026-08-13,15.73,14.27,23.51,77.04,,
VALIANTORG,341.55,2026-08-13,14.71,21.98,23.48,18.51,27.7,-2.69
EFACTOR,189.95,2026-08-12,-0.03,10.31,23.46,-8.33,-28.68,-7.6
PRESSTONIC,32.15,2026-08-12,-0.46,19.52,23.42,-16.06,-45.23,-62.79
CTE,37.5,2026-08-13,-0.66,-0.4,23.4,15.56,8.48,-9.49
SSDL,68.35,2026-08-13,26.88,26.43,23.26,9.61,-7.64,-25.21
DYCL,455.35,2026-08-13,7.69,13.14,23.18,36.44,49.82,15.39
PRICOLLTD,765.0,2026-08-13,4.39,4.39,23.16,30.91,20.77,81.85
VALIANTLAB,78.49,2026-08-13,15.75,27.13,23.12,-1.62,28.19,-10.84
SMLMAH,5172.0,2026-08-13,-1.05,-5.34,23.12,43.48,11.39,26.19
DOLPHIN,484.9,2026-08-13,16.14,19.6,23.09,15.94,18.3,11.66
PLAZACABLE,53.7,2026-08-13,15.73,22.02,23.08,3.41,34.08,-4.41
DIVISLAB,8500.0,2026-08-13,2.41,-0.99,23.01,25.59,38.37,39.91
TATVA,1709.6,2026-08-13,-3.72,-3.47,22.87,35.67,42.8,60.19
TI,553.7,2026-08-13,10.04,18.87,22.79,26.68,22.85,9.99
NEPHROCARE,87.65,2026-08-12,10.18,33.0,22.67,3.12,-21.98,-36.46
THAKDEV,156.12,2026-08-13,9.59,11.14,22.66,9.29,,
SSWL,310.55,2026-08-13,-3.44,-2.3,22.62,48.18,39.4,47.71
PPLPHARMA,212.67,2026-08-13,-0.44,6.72,22.48,19.89,28.15,10.69
RATNAVEER,220.0,2026-08-13,5.83,6.91,22.41,23.35,49.73,56.81
NEULANDLAB,23207.0,2026-08-13,4.46,17.95,22.25,40.93,78.08,78.6
MEDICO,47.86,2026-08-13,3.82,-3.62,22.19,13.01,1.81,12.85
IL&FSENGG,35.0,2026-08-13,-1.41,-0.54,22.16,31.78,34.31,4.35
KECL,142.8,2026-08-13,-4.91,5.57,22.15,21.73,44.49,22.44
REDINGTON,346.0,2026-08-13,-2.04,-0.53,22.13,68.34,34.58,47.24
ASAHISONG,345.95,2026-08-13,-2.78,-11.6,21.83,41.24,52.58,10.24
AMDIND,55.9,2026-08-13,18.31,17.63,21.81,19.83,28.48,10.47
ELANTAS,11519.0,2026-08-13,-1.93,17.58,21.75,25.02,,
AARTIPHARM,873.65,2026-08-13,6.15,29.28,21.71,23.64,23.45,11.06
PVSL,114.25,2026-08-13,4.54,6.59,21.61,8.9,7.8,-4.06
UNIMECH,1426.9,2026-08-13,-1.75,13.26,21.56,47.41,52.28,32.18
DEVYANI,138.51,2026-08-13,3.71,18.63,21.56,16.93,4.92,-12.81
SALSTEEL,69.35,2026-08-13,17.52,20.21,21.52,16.87,45.54,358.06
GLAND,2967.6,2026-08-13,12.1,15.93,21.49,62.13,67.9,54.75
ARABIAN,88.0,2026-08-12,-4.09,27.26,21.38,24.29,29.41,11.39
CANARYS,23.05,2026-08-12,3.13,8.22,21.32,11.35,-19.55,-26.0
BESTAGRO,18.93,2026-08-13,-4.59,0.21,21.27,6.41,-0.32,-27.08
PRECWIRE,468.65,2026-08-13,8.16,23.62,21.24,20.8,79.66,175.17
VADILALIND,7781.0,2026-08-13,5.43,5.77,21.04,80.79,51.4,57.42
CHENNPETRO,1341.8,2026-08-13,8.2,5.64,20.94,36.3,60.57,116.72
FLUOROCHEM,4714.7,2026-08-13,5.14,5.16,20.91,27.98,38.75,38.95
SHIVALIK,260.24,2026-08-13,2.03,3.98,20.9,1.72,-6.99,-48.97
TRANSPEK,1175.9,2026-08-13,-4.6,-16.87,20.83,0.07,,
ESSENTIA,1.45,2026-08-13,12.4,26.09,20.83,-10.73,-3.33,-25.64
UYFINCORP,20.16,2026-08-13,-4.09,2.02,20.72,43.9,39.9,32.63
ASIANENE,410.0,2026-08-13,1.81,-0.16,20.66,42.31,45.75,18.54
MARINETRAN,17.05,2026-08-12,10.0,20.92,20.49,-3.13,-13.23,5.9
LOTUSDEV,174.03,2026-08-13,-1.42,-11.95,20.47,22.63,20.72,-10.77
KAYA,292.8,2026-08-13,5.72,5.15,20.46,20.07,-7.65,-31.56
AVADHSUGAR,637.2,2026-08-13,0.33,14.05,20.42,33.58,89.94,49.46
MMFL,621.6,2026-08-13,-5.57,12.12,20.37,41.38,34.89,109.92
PGIL,2464.9,2026-08-13,1.48,17.19,20.27,66.02,56.24,99.18
PCCL,309.0,2026-08-12,1.36,3.24,20.23,6.7,34.35,72.05
PARASPETRO,2.44,2026-08-13,-1.21,0.0,20.2,15.64,-2.01,-2.79
JINDWORLD,35.78,2026-08-13,-3.97,-11.46,20.19,30.35,33.06,-2.03
SIGMA,45.69,2026-08-13,-3.3,-9.06,20.17,5.96,-1.95,18.81
KALYANKJIL,613.4,2026-08-13,2.19,0.89,20.12,72.59,46.73,19.3
SIGACHI,27.77,2026-08-13,9.29,4.36,20.11,33.32,20.69,-9.92
WINSOME,836.67,2026-08-12,0.0,0.0,20.1,23.04,51.2,34.95
HEG,687.0,2026-08-13,0.5,3.27,20.07,14.33,31.22,37.35
SGMART,747.15,2026-08-13,4.51,6.85,19.99,25.27,78.36,
UNIPARTS,824.3,2026-08-13,1.07,13.04,19.98,55.03,63.89,129.92
MMP,337.9,2026-08-13,-1.67,14.68,19.95,18.81,33.03,41.71
HEROMOTOCO,5850.0,2026-08-13,-0.17,7.14,19.87,18.84,6.3,26.91
GANDHAR,244.75,2026-08-13,3.35,5.66,19.85,74.86,68.39,64.18
PRECISION,8.15,2026-08-12,0.0,13.19,19.85,-1.81,-26.91,-66.46
AVONMORE,11.98,2026-08-13,8.03,5.46,19.8,4.45,-20.45,-35.94
SCANSTL,59.92,2026-08-13,-4.11,0.52,19.79,55.39,,
AUSOMENT,148.18,2026-08-13,5.81,4.25,19.64,-0.15,37.84,35.03
ASTRAL,1592.0,2026-08-13,10.79,10.89,19.62,3.11,-0.28,23.54
GANGAFORGE,2.51,2026-08-13,14.09,40.22,19.52,2.87,-20.57,-26.82
VERA,78.25,2026-08-12,0.0,0.0,19.37,13.41,11.95,15.07
RRKABEL,2834.2,2026-08-13,2.8,7.69,19.34,45.17,102.39,133.07
AIMTRON,1657.95,2026-08-12,-2.68,12.05,19.29,48.38,92.43,151.72
COFORGE,1829.0,2026-08-13,1.05,3.45,19.25,41.66,34.93,13.83
SONACOMS,799.9,2026-08-13,-1.55,1.9,19.24,35.66,51.95,79.35
HIRECT,1253.3,2026-08-13,-3.07,-6.33,19.18,42.93,84.66,31.63
M&MFIN,396.4,2026-08-13,-3.86,-2.24,19.15,26.62,11.52,56.58
SMARTLINK,221.0,2026-08-13,1.38,5.03,19.05,25.43,78.82,52.81
PAYTM,1649.5,2026-08-13,4.13,16.99,18.97,47.04,46.45,42.81
SADHNANIQ,3.2,2026-08-13,0.95,14.7,18.96,26.48,84.91,-48.14
QMSMEDI,129.61,2026-08-13,16.04,15.41,18.96,51.59,46.78,69.11
MASTER,475.0,2026-08-12,0.0,-0.92,18.94,36.12,53.55,27.28
LAXMIINDIA,129.04,2026-08-13,-3.91,-1.53,18.94,-2.15,25.59,-13.84
LAURUSLABS,1851.7,2026-08-13,-0.12,2.22,18.81,44.61,83.41,114.92
MOL,57.98,2026-08-13,-0.7,6.66,18.81,7.31,6.9,-30.41
THYROCARE,606.0,2026-08-13,-2.59,2.27,18.79,28.6,52.29,34.57
DCMNVL,175.79,2026-08-13,6.69,23.3,18.78,14.41,24.75,0.48
BLSE,315.3,2026-08-13,0.25,5.17,18.73,66.45,92.57,75.1
AARON,140.95,2026-08-13,0.69,7.1,18.67,7.46,-11.7,-33.4
GRAPHITE,734.85,2026-08-13,1.65,11.69,18.58,-0.84,15.02,37.83
ALIVUS,1374.6,2026-08-13,0.01,13.19,18.5,27.18,49.45,44.19
BASF,4134.2,2026-08-13,2.54,10.85,18.14,7.81,13.92,-9.67
BIL,850.0,2026-08-13,2.76,11.72,18.13,16.38,-2.63,-2.63
TVSMOTOR,4342.2,2026-08-13,-2.78,-1.07,18.09,23.11,12.75,44.32
ONDOOR,235.0,2026-08-12,-5.91,-14.06,18.06,32.69,63.14,43.07
ASHIMASYN,17.53,2026-08-13,0.23,-3.1,18.05,13.54,4.04,-28.88
FINCABLES,1249.3,2026-08-13,18.08,25.17,18.04,15.93,54.08,52.09
WESTLIFE,588.75,2026-08-13,0.44,10.91,18.01,21.04,12.91,-11.93
SPECIALITY,146.38,2026-08-13,-2.51,10.79,18.0,44.52,39.56,16.42
SIGMAADV,687.15,2026-08-13,-2.39,4.96,17.87,114.97,268.84,500.24
SIL,18.97,2026-08-13,1.17,13.41,17.86,17.14,24.87,7.91
NETWEB,5181.0,2026-08-13,5.67,13.04,17.82,31.81,67.38,147.3
KINGFA,6028.5,2026-08-13,7.22,16.26,17.81,15.96,40.06,67.21
SUPERSPIN,5.88,2026-08-13,-5.77,-4.23,17.6,10.73,-24.81,-35.95
DURLAX,56.85,2026-08-12,2.06,-0.26,17.58,13.7,18.93,42.3
DPABHUSHAN,1365.1,2026-08-13,-7.41,-3.88,17.53,45.18,10.91,-15.59
TAC,489.25,2026-08-12,-0.94,-6.17,17.5,-4.83,-19.23,-43.66
SPECTRUM,2354.6,2026-08-13,-6.94,-7.57,17.41,68.15,72.73,57.72
HSCL,778.15,2026-08-13,0.79,3.66,17.35,25.94,73.02,64.49
JSFB,571.15,2026-08-13,5.82,-2.34,17.34,17.48,47.15,23.44
KDDL,3945.9,2026-08-13,2.87,13.94,17.33,71.48,71.62,57.9
TIIL,2887.6,2026-08-13,7.94,9.87,17.13,17.18,14.35,9.23
LPDC,7.56,2026-08-13,20.0,20.0,17.03,7.54,20.19,-0.79
ANTHEM,874.9,2026-08-13,2.57,5.43,17.02,8.31,27.14,16.19
ANDHRSUGAR,100.43,2026-08-13,0.45,17.49,16.85,5.8,34.01,21.88
IITL,146.41,2026-08-13,-0.15,-4.44,16.8,-12.6,17.43,-14.13
DALMIASUG,427.35,2026-08-13,2.01,3.76,16.75,17.27,44.97,24.32
TOTAL,63.03,2026-08-13,-5.91,21.1,16.72,15.29,-2.7,-14.24
KANORICHEM,155.65,2026-08-13,0.99,8.87,16.71,69.09,99.78,81.54
MAHASTEEL,1028.7,2026-08-13,0.71,0.16,16.68,21.07,43.67,200.31
SURAKSHA,304.45,2026-08-13,14.67,20.77,16.67,-0.7,6.77,1.03
ENTERO,1448.0,2026-08-13,10.11,17.42,16.6,22.83,26.07,19.88
HBSL,57.58,2026-08-13,-1.01,14.02,16.58,-6.96,-9.24,-26.22
PRAVEG,277.6,2026-08-13,0.71,-5.45,16.57,4.32,,
OCCLLTD,149.5,2026-08-13,-4.28,-14.24,16.52,59.43,62.2,11.94
PANAMAPET,488.2,2026-08-13,-7.69,5.96,16.46,65.38,67.42,46.87
MOTHERSON,167.4,2026-08-13,-0.35,7.99,16.4,32.75,28.15,80.12
SIGNORIA,166.0,2026-08-12,-0.3,12.16,16.37,171.69,93.7,69.39
WELCORP,1883.9,2026-08-13,1.92,9.83,16.3,39.72,135.49,113.25
ALICON,741.35,2026-08-13,2.55,5.49,16.26,7.21,-5.48,-10.61
NELCO,1047.5,2026-08-13,3.96,4.67,16.21,54.42,64.45,22.4
HOACFOODS,809.9,2026-08-12,5.68,9.59,16.2,65.49,120.68,298.97
EMUDHRA,529.5,2026-08-13,-0.09,10.81,16.08,12.49,9.29,-29.19
PROV,1857.0,2026-08-12,9.24,14.63,16.06,38.07,54.11,96.72
VINSYS,580.0,2026-08-12,0.28,5.45,16.0,84.42,78.71,54.67
TTKHLTCARE,1139.1,2026-08-13,7.56,8.57,15.85,27.95,23.19,0.65
RADICO,4675.2,2026-08-13,2.75,4.85,15.82,35.79,67.98,65.93
ARCHIDPLY,92.81,2026-08-13,-2.61,13.46,15.72,7.05,6.4,-7.5
GANESHBE,113.53,2026-08-13,-5.67,-0.1,15.65,20.01,42.59,13.6
SICAGEN,60.83,2026-08-13,-8.75,21.73,15.62,13.49,,
ALUWIND,49.95,2026-08-12,0.0,-0.3,15.62,-0.3,-21.71,-36.17
UGARSUGAR,46.49,2026-08-13,0.0,9.23,15.61,8.5,26.29,14.87
NAZARA,355.2,2026-08-13,0.2,4.61,15.59,33.13,27.27,0.45
COMFINTE,6.61,2026-08-13,0.76,-4.06,15.56,-14.27,,
RCDL,29.0,2026-08-12,-3.33,-14.33,15.54,31.52,30.63,32.27
LTM,4765.0,2026-08-13,-0.63,1.6,15.53,18.17,-5.6,-5.21
TREJHARA,163.17,2026-08-13,-4.8,20.02,15.53,4.06,-22.06,-22.94
MMWL,15.29,2026-08-13,-1.99,10.0,15.48,16.81,,
ANNAPURNA,153.8,2026-08-13,-5.5,17.72,15.47,7.03,-17.27,-41.96
INDORAMA,57.07,2026-08-13,1.17,-10.11,15.46,52.07,48.08,8.89
SANSERA,3786.0,2026-08-13,-0.69,9.65,15.38,58.28,68.35,195.03
CONCOR,533.65,2026-08-13,6.33,1.96,15.37,2.97,7.42,0.01
PVRINOX,1176.1,2026-08-13,2.81,3.04,15.24,14.91,11.67,9.03
SIEMENS,3987.0,2026-08-13,1.86,2.23,15.2,13.43,28.56,27.17
FCL,41.66,2026-08-13,-2.0,6.09,15.15,55.39,73.22,77.27
GUJRAFFIA,43.75,2026-08-13,10.17,10.51,15.13,15.59,1.74,12.84
LMW,18747.0,2026-08-13,6.31,15.85,15.08,30.02,23.79,26.16
ALBERTDAVD,802.1,2026-08-13,-0.24,15.82,15.05,12.72,7.7,-0.2
STALLION,241.35,2026-08-13,-4.98,-9.08,14.99,72.44,45.95,79.46
ARISTO,109.3,2026-08-12,0.0,0.05,14.93,-10.41,20.44,-8.19
SHOPERSTOP,427.9,2026-08-13,0.47,6.09,14.89,28.4,6.95,-17.56
SHRADHA,34.03,2026-08-13,0.86,0.5,14.89,-4.19,-9.88,-46.07
STEELCAS,354.15,2026-08-13,6.5,8.81,14.85,19.03,58.41,72.24
SHREEJISPG,654.85,2026-08-13,-1.18,-1.76,14.75,54.06,63.92,
GABRIEL,1447.9,2026-08-13,-1.29,-5.01,14.7,32.18,46.61,31.31
EXIDEIND,485.5,2026-08-13,0.02,9.17,14.67,39.66,44.84,29.84
ABB,7710.0,2026-08-13,0.79,2.63,14.6,23.72,35.5,53.97
ARTEMISMED,317.85,2026-08-13,0.6,5.18,14.58,15.67,33.23,31.81
CINELINE,89.18,2026-08-13,-0.5,0.73,14.54,4.78,4.17,-3.53
ADOR,1500.3,2026-08-13,-1.19,-0.2,14.48,48.05,45.55,66.15
RITCO,301.75,2026-08-13,-1.45,0.17,14.47,11.03,30.05,10.33
MUTHOOTCAP,258.1,2026-08-13,0.77,8.5,14.43,27.34,9.72,-3.91
KOTHARIPET,149.65,2026-08-13,2.85,1.71,14.42,3.57,27.23,-5.31
LALPATHLAB,1968.4,2026-08-13,0.74,3.58,14.41,25.56,41.45,20.64
PAVNAIND,19.07,2026-08-13,0.26,5.89,14.4,-2.7,-14.98,-54.43
KSHINTL,1001.45,2026-08-13,11.2,14.03,14.39,63.56,177.45,
AKIKO,337.6,2026-08-12,4.34,-0.07,14.38,13.73,50.04,160.9
JHS,8.61,2026-08-13,8.71,12.7,14.34,-1.15,-16.0,-27.83
NAUKRI,1357.3,2026-08-13,5.87,6.98,14.31,46.74,19.58,3.09
NITIRAJ,208.17,2026-08-13,-1.16,-3.12,14.3,3.05,13.72,3.71
JUBLFOOD,491.55,2026-08-13,-0.7,4.59,14.27,9.93,-7.53,-22.95
BODALCHEM,67.67,2026-08-13,-1.73,-8.52,14.23,1.03,35.88,2.39
REMUS,845.15,2026-08-12,1.25,10.33,14.22,15.22,20.74,0.69
KRN,1398.4,2026-08-13,14.02,15.37,14.21,22.65,95.53,58.99
CENTEXT,21.72,2026-08-13,-3.77,8.6,14.2,6.78,-2.12,-1.27
DMCC,300.5,2026-08-13,-4.02,8.09,14.19,1.67,21.57,-8.89
IIFL,635.95,2026-08-13,1.61,2.93,14.19,37.18,24.99,43.73
GAEL,170.18,2026-08-13,-1.54,-5.81,14.15,3.17,22.84,63.55
MODIS,398.15,2026-08-13,1.13,-0.1,14.15,8.78,19.89,
TATATECH,868.4,2026-08-13,-1.22,13.69,14.14,40.83,47.39,32.24
SOTL,681.9,2026-08-13,-1.32,8.22,14.14,63.19,90.93,67.6
VOEPL,499.05,2026-08-13,0.98,0.12,14.11,,,
BEPL,122.3,2026-08-13,-3.04,1.31,14.09,33.72,48.84,19.93
SAILIFE,1451.2,2026-08-13,1.75,8.83,14.08,33.7,58.63,60.73
EXCELINDUS,1039.35,2026-08-13,2.66,1.73,14.04,8.06,9.61,-15.66
A2ZINFRA,14.97,2026-08-13,-9.82,-12.46,13.84,-3.36,3.03,-22.87
ELLEN,337.0,2026-08-13,13.97,23.42,13.83,17.77,40.62,-34.15
WSTCSTPAPR,606.1,2026-08-13,3.39,7.06,13.83,25.9,41.6,22.8
VIMTALABS,633.2,2026-08-13,-1.93,2.1,13.82,36.05,35.91,-3.76
KWIL,36.94,2026-08-13,6.92,11.4,13.8,33.31,,
VINEETLAB,38.44,2026-08-13,7.83,0.23,13.76,10.94,24.93,11.65
APCOTEXIND,590.7,2026-08-13,-5.12,-4.36,13.74,25.75,58.75,47.89
SANGHVIMOV,496.7,2026-08-13,-2.87,13.53,13.74,57.88,71.6,54.64
GUJALKALI,694.35,2026-08-13,1.71,-0.42,13.73,0.4,47.0,29.11
EXPLEOSOL,821.25,2026-08-13,-1.71,2.0,13.56,5.8,9.66,-17.27
STYL,417.25,2026-08-13,0.98,13.37,13.44,63.62,59.48,
KODYTECH,1380.0,2026-08-12,-1.28,-4.28,13.42,72.03,79.69,87.76
HCLTECH,1370.0,2026-08-13,0.94,-0.51,13.33,21.06,-3.07,-4.6
STYLEBAAZA,347.9,2026-08-13,3.34,25.12,13.3,-14.79,-1.63,11.7
KAYNES,3760.5,2026-08-13,0.68,-1.17,13.29,-10.0,-4.62,-37.95
BNALTD,385.1,2026-08-13,-5.71,-6.3,13.26,6.88,,
URBAN,144.4,2026-08-12,-2.13,4.03,13.25,-3.51,-2.37,-4.5
KEI,5789.0,2026-08-13,2.28,15.24,13.24,17.67,26.76,52.37
HYUNDAI,2237.1,2026-08-13,0.63,2.33,13.24,21.86,3.62,0.52
JUBLCPL,2322.6,2026-08-13,30.34,27.45,13.23,29.52,22.48,-7.17
SREEL,239.76,2026-08-13,8.38,10.77,13.22,34.14,14.7,0.83
GNRL,114.45,2026-08-13,11.88,22.76,13.18,17.76,,
TNPETRO,110.59,2026-08-13,11.09,13.02,13.11,25.91,16.68,7.14
ESTER,101.66,2026-08-13,2.46,17.3,13.06,4.12,6.75,-4.59
BLS,270.67,2026-08-13,3.82,7.94,13.01,1.51,0.51,-27.63
QUESS,333.2,2026-08-13,2.92,-2.51,12.98,61.8,66.2,30.2
MUNJALAU,119.37,2026-08-13,16.9,15.13,12.94,33.12,40.27,59.95
APLAPOLLO,2064.3,2026-08-13,2.19,6.33,12.88,9.16,-8.09,30.89
NRAIL,504.85,2026-08-13,-4.34,3.42,12.88,6.7,11.56,30.66
BOSCHLTD,46750.0,2026-08-13,7.46,13.94,12.86,29.58,31.83,21.72
TMCV,474.8,2026-08-13,5.46,4.93,12.85,24.96,-0.74,
DVL,273.54,2026-08-13,-2.85,11.84,12.81,13.3,9.38,-21.36
RUBICON,1620.7,2026-08-13,1.53,8.09,12.8,71.06,106.78,
DECNGOLD,224.82,2026-08-13,5.25,10.05,12.79,85.72,,
VISAKAIND,95.51,2026-08-13,-6.79,10.92,12.78,29.76,49.17,17.48
NATIONALUM,400.5,2026-08-13,4.65,8.54,12.75,-1.9,15.23,120.38
ZENITHEXPO,226.6,2026-08-13,-4.85,13.93,12.74,5.2,8.74,3.55
SAURASHCEM,61.34,2026-08-13,1.05,2.0,12.7,-0.89,-7.77,-48.35
ZFCVINDIA,2616.2,2026-08-13,0.25,6.88,12.7,9.02,-0.84,15.64
SANGANI,50.7,2026-08-12,10.22,14.19,12.67,-6.63,12.42,-22.83
MARKSANS,303.4,2026-08-13,11.77,15.69,12.66,51.6,66.93,64.63
SUPREMEINF,89.15,2026-08-13,0.86,5.92,12.65,9.03,6.42,-22.51
GULFOILLUB,1176.7,2026-08-13,-0.06,5.52,12.65,26.23,4.66,4.26
WORTHPERI,151.56,2026-08-13,-3.59,3.86,12.58,8.9,7.58,1.95
SHEETAL,332.0,2026-08-12,-1.56,12.2,12.52,20.73,52.26,160.99
SEDEMAC,3059.8,2026-08-13,5.21,11.18,12.51,52.03,,
ARROWGREEN,782.5,2026-08-13,1.32,7.56,12.48,53.12,81.22,26.95
ECLERX,1869.4,2026-08-13,6.02,-2.75,12.42,22.05,1.98,-6.26
KONSTELEC,62.9,2026-08-12,2.95,0.16,12.42,45.43,49.41,-2.1
KESORAMIND,11.87,2026-08-13,-5.79,-9.67,12.41,-12.66,17.76,123.96
REMSONSIND,88.29,2026-08-13,-0.47,5.81,12.41,-18.8,-19.33,-29.72
TRUALT,489.35,2026-08-13,2.27,11.76,12.38,5.65,16.6,
DHAMPURSUG,161.73,2026-08-13,1.44,12.44,12.34,6.64,39.01,25.05
BAJAJ-AUTO,11661.0,2026-08-13,-0.14,-1.64,12.33,15.23,21.16,43.36
WINDLAS,949.5,2026-08-13,13.08,9.41,12.25,25.56,18.86,-9.51
AVALON,1930.4,2026-08-13,0.35,10.2,12.17,49.34,83.14,120.95
EICHERMOT,8100.0,2026-08-13,1.57,0.62,12.17,17.4,1.49,43.23
SVLL,758.35,2026-08-13,1.66,2.98,12.13,38.47,36.22,-6.26
KTKBANK,312.75,2026-08-13,2.46,8.05,12.12,25.7,54.28,88.61
INFINIUM,229.85,2026-08-12,5.41,13.79,12.09,6.41,4.5,-8.88
MAJESAUT,380.6,2026-08-13,-14.24,-15.64,12.08,32.49,,
EMCURE,2009.6,2026-08-13,0.72,2.03,12.06,21.28,34.99,38.52
AZAD,2665.1,2026-08-13,4.53,15.53,12.05,25.84,68.77,75.49
SOLARINDS,20324.0,2026-08-13,7.99,8.92,12.01,28.81,55.92,35.22
RBS,90.0,2026-08-12,-3.9,0.0,12.01,-9.09,-2.17,-32.84
RPTECH,871.75,2026-08-13,-2.78,-1.35,12.0,70.01,138.44,211.12
ESAFSFB,39.67,2026-08-13,-0.45,-3.05,11.97,29.98,40.08,32.28
CENTENKA,581.9,2026-08-13,-2.91,-4.65,11.9,36.74,32.52,18.75
INDGN,569.8,2026-08-13,0.18,4.5,11.88,9.71,20.56,0.02
RAMRAT,471.35,2026-08-13,2.96,9.63,11.85,12.79,51.95,37.54
VMSTMT,51.42,2026-08-13,6.61,15.86,11.81,9.47,-0.12,
KMEW,2709.8,2026-08-13,4.35,8.67,11.73,36.51,59.6,219.85
UTTAMSUGAR,264.99,2026-08-13,2.42,10.21,11.69,4.57,23.77,6.81
IRMENERGY,297.05,2026-08-13,0.88,12.09,11.67,1.59,20.92,9.97
BERGEPAINT,546.35,2026-08-13,0.78,4.54,11.67,8.43,19.15,2.43
SJS,2405.0,2026-08-13,1.39,-3.16,11.62,24.48,33.56,100.64
RADHIKAJWE,70.72,2026-08-13,3.08,-0.7,11.62,19.14,-0.13,-25.06
CMNL,109.0,2026-08-12,-1.18,10.32,11.57,-10.29,-4.26,-22.7
HAVISHA,1.35,2026-08-13,-3.57,2.27,11.57,-15.09,-21.05,-35.41
SHADOWFAX,248.25,2026-08-13,0.29,3.1,11.52,47.4,99.03,
MWL,41.28,2026-08-13,0.88,8.92,11.51,18.98,52.34,115.91
ORIENTBELL,357.3,2026-08-13,9.57,12.5,11.51,14.94,21.46,26.23
ETERNAL,318.0,2026-08-13,2.5,2.42,11.5,33.71,11.5,1.81
ARIES,386.1,2026-08-13,11.98,13.33,11.48,11.19,10.0,7.97
BALPHARMA,88.24,2026-08-13,-2.93,-1.4,11.46,9.83,17.32,-1.94
RUSHIL,17.6,2026-08-13,3.65,3.59,11.39,9.79,-10.98,-20.16
AIIL,579.1,2026-08-13,-1.21,5.52,11.37,21.02,19.07,-3.08
GATECHDVR,0.49,2026-08-13,-5.77,-7.55,11.36,0.0,2.08,11.36
PODDARMENT,267.6,2026-08-13,0.89,6.38,11.35,2.92,5.05,-5.94
CRAFTSMAN,10380.0,2026-08-13,0.95,0.4,11.35,21.06,34.46,48.18
PANACHE,499.8,2026-08-13,3.81,13.71,11.34,31.72,54.45,103.5
OIL,479.8,2026-08-13,5.92,6.15,11.31,-5.38,7.0,21.11
NAHARSPING,301.75,2026-08-13,-1.74,-3.02,11.26,16.06,48.11,51.6
TINNARUBR,1108.1,2026-08-13,-1.13,0.12,11.23,44.89,47.32,33.46
AMAGI,648.2,2026-08-13,0.07,-3.21,11.15,60.35,71.91,
AARTIIND,538.2,2026-08-13,7.52,10.56,11.13,14.87,20.56,40.99
NRL,117.0,2026-08-13,1.72,7.62,11.11,112.92,113.35,64.7
IVP,178.64,2026-08-13,0.85,12.9,11.0,12.6,27.04,5.61
XTGLOBAL,31.68,2026-08-13,-1.34,-5.09,10.96,2.42,0.92,-3.38
IBLFL,61.0,2026-08-12,0.0,-0.97,10.91,-2.87,27.08,-6.44
SERVICE,61.0,2026-08-12,0.0,0.0,10.91,17.31,5.9,14.88
VSSL,327.15,2026-08-13,-3.11,7.62,10.82,18.53,27.89,30.3
STYLAMIND,3595.7,2026-08-13,-1.52,4.13,10.79,43.09,62.09,115.13
POWERINDIA,35360.0,2026-08-13,-1.91,10.5,10.79,11.39,57.73,67.42
COSMOFIRST,913.3,2026-08-13,-1.49,0.36,10.77,20.16,24.15,-13.56
ATUL,6903.0,2026-08-13,0.71,1.86,10.74,-0.73,4.56,7.62
ENDURANCE,2975.3,2026-08-13,0.21,6.73,10.72,18.1,20.26,18.01
LENSKART,596.9,2026-08-13,1.83,5.02,10.71,25.15,18.86,
ASHOKLEY,176.23,2026-08-13,1.28,0.96,10.68,16.99,-12.41,50.72
CARBORUNIV,1184.6,2026-08-13,5.67,8.13,10.66,14.92,43.84,40.7
RAJRATAN,529.85,2026-08-13,0.5,3.18,10.65,27.85,14.15,61.55
MANAKSTEEL,85.42,2026-08-13,5.88,13.58,10.6,33.36,39.32,41.85
PNB,117.59,2026-08-13,3.6,4.06,10.58,17.75,1.89,13.47
SDBL,74.37,2026-08-13,-0.77,4.15,10.57,-15.86,-9.48,-47.78
ADROITINFO,9.94,2026-08-13,-1.39,0.71,10.57,4.19,0.3,-8.89
ESFL,129.25,2026-08-12,-2.49,7.84,10.56,3.4,-4.93,-69.64
GFLLIMITED,51.3,2026-08-13,4.95,6.3,10.54,9.87,5.75,-16.37
BETA,2595.2,2026-08-13,3.64,10.29,10.54,83.17,88.93,33.76
PREMIERPOL,72.48,2026-08-13,2.74,-1.47,10.49,35.96,39.2,51.32
GHCLTEXTIL,121.26,2026-08-13,0.33,6.03,10.47,37.36,54.27,56.51
AKSHOPTFBR,6.75,2026-08-13,4.49,18.21,10.47,-2.6,32.09,-15.73
UNITDSPR,1515.0,2026-08-13,-0.46,-0.98,10.31,21.51,8.86,17.41
YUKEN,845.65,2026-08-13,5.11,17.68,10.27,20.73,13.16,-15.21
GLAXO,2667.7,2026-08-13,2.56,0.2,10.21,13.43,5.44,-1.33
GFSTEELS,15.0,2026-08-12,0.0,4.97,10.21,15.65,27.33,54.16
NRBBEARING,467.2,2026-08-13,-2.31,7.7,10.16,37.09,66.51,71.64
TITAN,5063.7,2026-08-13,-0.52,1.27,10.04,24.19,21.56,46.54
DIGJAMLMTD,48.49,2026-08-13,-1.04,-0.21,9.98,5.55,-2.51,-10.37
MODISONLTD,323.0,2026-08-13,10.3,14.62,9.98,103.21,123.39,111.79
CRISIL,4466.4,2026-08-13,-3.65,0.94,9.95,11.16,1.71,-12.92
AKUMS,751.85,2026-08-13,2.98,10.37,9.94,39.8,67.37,54.92
THEJO,2072.6,2026-08-13,-6.44,-4.45,9.92,17.92,21.33,6.53
TBZ,247.45,2026-08-13,-10.36,-13.99,9.92,83.51,57.43,33.47
MAMATA,425.6,2026-08-13,0.07,5.57,9.92,6.62,-0.07,4.19
SATIA,60.88,2026-08-13,-2.28,-2.59,9.91,-8.7,-9.58,-23.82
DOLLEX,32.15,2026-08-12,-0.46,5.58,9.91,4.89,-9.69,-21.49
ESABINDIA,6222.5,2026-08-13,8.29,10.83,9.88,-6.76,12.99,24.26
DICIND,575.5,2026-08-13,10.46,12.82,9.8,8.36,10.53,-2.48
KARURVYSYA,335.95,2026-08-13,1.43,-3.49,9.78,20.83,7.14,58.42
ASIANTILES,53.16,2026-08-13,-1.26,-1.24,9.77,-12.84,-22.74,-10.64
SMVD,14.6,2026-08-12,0.0,0.0,9.77,32.73,81.37,59.56
POLYMED,1812.8,2026-08-13,2.28,4.91,9.76,13.46,40.61,-1.64
OILCOUNTUB,59.8,2026-08-13,-1.97,5.86,9.72,-1.84,21.0,-28.33
FIEMIND,2412.3,2026-08-13,-5.0,3.16,9.71,10.93,6.75,32.54
BEEKAY,440.5,2026-08-13,11.8,12.14,9.71,2.47,,
SILVERTUC,206.32,2026-08-13,1.55,4.53,9.7,39.62,62.41,-71.5
TIPSFILMS,361.95,2026-08-13,-6.42,-4.5,9.7,-3.45,-4.98,-25.91
CORDSCABLE,225.8,2026-08-13,1.15,6.71,9.7,6.56,30.63,25.25
INSPIRE,9.05,2026-08-12,0.0,-4.74,9.7,-20.96,-17.73,-49.44
PARAS,1342.2,2026-08-13,5.89,3.86,9.61,69.03,109.85,100.19
HAL,4945.0,2026-08-13,0.34,5.44,9.61,7.07,18.37,10.58
WELINV,1875.0,2026-08-13,3.76,0.27,9.59,10.53,43.34,91.35
MORARJEE,10.68,2026-08-12,0.0,-4.98,9.54,40.34,34.68,47.11
VGUARD,331.7,2026-08-13,3.38,5.4,9.52,2.48,2.74,-6.91
GNFC,550.4,2026-08-13,1.16,6.65,9.5,12.34,17.87,12.41
KROSS,203.05,2026-08-13,-1.46,-0.17,9.48,-2.38,-6.14,26.31
RAMANEWS,31.88,2026-08-13,-5.57,3.34,9.48,4.8,4.08,0.57
TCS,2375.0,2026-08-13,-2.09,-3.99,9.47,6.49,-10.1,-18.53
UNIONBANK,186.5,2026-08-13,2.96,7.18,9.45,18.19,7.34,41.5
GROWWEV,34.14,2026-08-13,-0.18,2.99,9.42,14.37,11.68,17.89
GEECEE,374.9,2026-08-13,0.81,3.72,9.4,24.51,24.68,3.31
DCG,54.7,2026-08-12,3.21,0.18,9.4,-17.5,-9.21,-25.07
RADIOCITY,6.64,2026-08-13,-2.64,-2.5,9.39,8.14,7.1,-22.61
ACE,1078.3,2026-08-13,-3.17,-2.45,9.39,21.48,20.19,15.01
AYMSYNTEX,256.45,2026-08-13,-0.06,1.93,9.38,11.04,42.69,31.29
ACCENTMIC,560.45,2026-08-12,0.23,10.32,9.37,27.42,71.83,96.73
POLICYBZR,1744.0,2026-08-13,6.99,5.7,9.37,6.58,14.45,-5.83
AUTOIETF,30.48,2026-08-13,-0.78,2.49,9.36,14.16,5.1,22.85
HINDCOPPER,544.45,2026-08-13,3.46,9.98,9.34,-8.54,-7.98,126.32
SYNCOMF,15.24,2026-08-13,6.28,15.54,9.33,10.6,9.01,-13.61
SLONE,138.85,2026-08-12,-1.52,-2.7,9.33,-19.86,-22.54,-53.41
LTTS,3604.7,2026-08-13,0.59,1.12,9.31,4.22,3.88,-11.54
ACSTECH,48.52,2026-08-13,-4.11,20.67,9.3,36.52,,
LUMAXIND,5849.0,2026-08-13,3.42,2.3,9.29,10.31,-4.36,76.7
GOKULAGRO,235.34,2026-08-13,3.65,1.62,9.26,-0.97,39.54,50.02
ALMONDZ,14.22,2026-08-13,-1.04,3.04,9.22,-9.14,-10.0,-28.9
PURVFLEXI,52.4,2026-08-12,-0.29,13.3,9.17,-15.14,-18.12,-28.22
SWANDEF,2460.6,2026-08-13,-6.17,-2.64,9.14,29.85,32.7,594.1
BALKRISIND,2410.0,2026-08-13,-4.54,-3.14,9.13,14.88,-7.41,0.6
SBIETFIT,350.65,2026-08-13,-0.19,0.22,9.13,13.5,-2.76,-7.41
KPITTECH,620.5,2026-08-13,-0.34,1.05,9.12,-11.95,-27.38,-48.42
AUTOBEES,304.22,2026-08-13,-0.97,1.64,9.1,14.36,4.81,22.8
63MOONS,800.8,2026-08-13,-7.0,-10.73,9.07,20.51,16.56,-14.56
PITTIENG,1061.8,2026-08-13,10.08,14.37,9.06,15.95,17.36,10.21
TIMETECHNO,204.04,2026-08-13,-1.38,-2.91,9.05,17.71,1.4,-8.0
ITETF,33.42,2026-08-13,-0.15,-0.12,9.0,13.52,-2.82,-7.3
MUKKA,26.16,2026-08-13,8.95,12.32,9.0,8.46,4.98,-6.44
BAHETI,770.0,2026-08-12,-1.64,6.32,8.98,28.17,29.41,39.67
SHANTIGOLD,231.9,2026-08-13,1.75,5.65,8.97,6.72,6.45,-5.33
TECHM,1639.0,2026-08-13,-0.06,-0.61,8.94,22.3,9.59,12.81
RULKA,110.0,2026-08-12,-0.23,-1.12,8.91,3.87,7.84,-10.39
ABINFRA,11.15,2026-08-13,9.53,10.83,8.89,-18.73,-43.57,-41.35
UFLEX,493.8,2026-08-13,0.27,2.4,8.87,19.37,6.62,-15.15
EVINDIA,34.24,2026-08-13,0.23,3.38,8.87,14.48,11.6,17.78
LTFOODS,418.95,2026-08-13,-0.9,0.88,8.86,1.43,-3.65,-8.3
KALYANIFRG,667.25,2026-08-13,5.62,11.28,8.84,4.4,-0.53,-8.65
SONAMAC,34.5,2026-08-12,2.99,-4.17,8.83,-7.38,-11.54,-55.05
PTC,164.8,2026-08-13,-7.41,3.17,8.82,-10.0,2.21,0.24
MANUGRAPH,16.19,2026-08-13,3.78,11.66,8.8,15.07,3.72,-23.99
RANASUG,13.16,2026-08-13,-0.98,5.11,8.76,-4.5,18.45,-6.93
NIRAJISPAT,211.0,2026-08-13,5.81,-2.31,8.76,-11.06,-41.48,-45.25
AETHER,1580.1,2026-08-13,-1.09,4.68,8.76,37.77,63.42,110.12
MAHICKRA,261.0,2026-08-12,-0.74,0.38,8.75,9.27,56.29,80.74
NGLFINE,3435.5,2026-08-13,-0.64,4.33,8.69,57.79,50.85,159.83
NAVINFLUOR,8294.0,2026-08-13,1.19,9.78,8.6,20.16,31.73,69.01
HINDZINC,578.35,2026-08-13,-2.82,5.73,8.59,-13.3,-0.66,36.89
ITBETA,330.98,2026-08-13,-0.11,2.03,8.57,12.99,-2.91,-7.52
NOVAAGRI,25.11,2026-08-13,3.25,9.17,8.56,-12.48,-13.59,-49.42
HDFCNIFIT,33.55,2026-08-13,-0.65,-0.09,8.54,12.81,-3.12,-7.91
TAMBOLIIN,239.2,2026-08-13,4.0,13.66,8.47,26.59,,
M&M,3428.2,2026-08-13,-2.52,-0.01,8.47,11.32,-1.96,5.55
TECH,34.34,2026-08-13,-0.64,-0.41,8.46,12.89,-2.75,-7.24
PRUDENT,3325.0,2026-08-13,-1.62,-1.02,8.45,21.44,26.6,23.19
DRAGARWQ,5418.0,2026-08-13,0.58,8.21,8.43,5.99,,
PAR,99.41,2026-08-13,-3.98,0.32,8.43,6.88,2.59,-1.61
SWARAJ,371.5,2026-08-13,3.25,3.84,8.42,32.82,33.68,116.49
PTCIL,19167.0,2026-08-13,-1.05,6.6,8.37,13.63,4.26,35.12
OMAXE,98.37,2026-08-13,15.87,15.21,8.37,21.21,24.41,4.16
HPAL,37.33,2026-08-13,11.3,12.1,8.36,-2.38,-2.79,-17.9
GTECJAINX,28.0,2026-08-13,-10.05,-0.18,8.36,49.25,48.31,14.29
CLEAN,836.35,2026-08-13,4.08,9.45,8.34,2.36,10.69,-31.6
MANAKALUCO,40.41,2026-08-13,-9.37,17.13,8.28,13.22,34.43,29.48
SCML,85.0,2026-08-12,-1.16,3.72,8.28,-36.97,-33.33,13.33
CONCORDBIO,1454.5,2026-08-13,2.5,2.82,8.25,29.37,23.54,-9.86
ITADD,33.23,2026-08-13,-0.87,0.03,8.24,12.68,-3.4,-7.87
SANDESH,1076.4,2026-08-13,-1.84,8.77,8.24,-1.57,4.33,-15.41
TEMBO,59.85,2026-08-13,-3.62,6.8,8.24,2.91,9.64,9.53
SUMIT,50.76,2026-08-13,-2.72,-7.81,8.21,12.75,3.23,-46.55
HINDALCO,1046.25,2026-08-13,-0.74,5.16,8.21,-1.99,15.7,50.14
ITIETF,34.78,2026-08-13,-0.91,-0.34,8.21,12.48,-3.6,-8.16
SANATHAN,480.2,2026-08-13,-0.35,-0.95,8.21,9.66,12.38,-0.72
GSTL,15.2,2026-08-12,0.0,-7.03,8.19,-31.38,-33.33,18.75
SIRCA,433.4,2026-08-13,-4.37,0.63,8.18,3.03,-7.84,-5.96
ORIENTELEC,190.27,2026-08-13,0.27,8.39,8.14,-0.69,9.75,-8.62
ITBEES,34.77,2026-08-13,-0.97,-0.6,8.12,12.52,-3.71,-8.26
AARTIDRUGS,427.7,2026-08-13,1.22,5.02,8.09,16.27,15.07,-11.9
GLOBECIVIL,44.31,2026-08-13,2.36,10.97,8.07,-0.96,-17.02,-46.04
PIDILITIND,1696.1,2026-08-13,0.66,3.26,8.07,18.17,15.48,11.59
IT,34.74,2026-08-13,-0.91,-0.6,8.06,12.54,-4.35,-7.92
SHRIRAMFIN,1132.3,2026-08-13,-0.48,3.86,8.03,23.7,6.84,85.01
GLOBALPET,162.0,2026-08-12,0.0,1.31,8.0,20.0,46.87,10.96
JLHL,316.0,2026-08-13,-1.25,-0.94,7.95,24.47,27.5,9.1
QGOLDHALF,126.52,2026-08-13,1.23,7.7,7.94,-3.72,0.09,52.43
MIDHANI,444.85,2026-08-13,2.46,10.21,7.88,6.17,23.57,11.38
HERITGFOOD,360.7,2026-08-13,-0.37,7.64,7.83,8.7,2.19,-22.24
ARVSMART,663.15,2026-08-13,0.64,10.41,7.81,11.82,19.97,11.32
HAVELLS,1270.0,2026-08-13,-1.17,-1.17,7.74,6.43,-9.09,-12.67
BBTCL,231.03,2026-08-13,3.76,3.84,7.73,17.86,23.96,15.34
IDFCFIRSTB,86.55,2026-08-13,1.7,0.94,7.72,27.09,6.46,24.18
KHAITANLTD,143.13,2026-08-13,-4.89,-7.89,7.7,3.72,43.7,27.98
JBCHEPHARM,2408.9,2026-07-23,0.0,-2.08,7.68,20.26,31.92,44.73
BBNPPGOLD,147.05,2026-08-13,0.93,7.3,7.65,-3.07,-0.64,50.67
INDIGOPNTS,1130.4,2026-08-13,-0.95,3.95,7.61,14.71,16.16,3.16
UNOMINDA,1240.0,2026-08-13,-3.73,2.48,7.61,10.27,-0.17,11.52
TWCGOLDETF,151.42,2026-08-13,0.96,6.95,7.57,-4.0,,
BELRISE,254.42,2026-08-13,0.65,5.19,7.55,20.54,36.26,89.09
MUNJALSHOW,140.08,2026-08-13,2.91,0.78,7.52,8.2,9.79,9.4
GUFICBIO,430.25,2026-08-13,-0.64,10.18,7.5,49.97,39.01,20.65
GOLD1,126.92,2026-08-13,0.8,7.2,7.49,-4.53,-0.38,51.31
AONEGOLD,14.19,2026-08-13,1.07,6.93,7.49,-4.76,-0.23,
UDS,210.09,2026-08-13,-0.21,2.46,7.48,22.31,37.43,-12.32
UNIONGOLD,148.55,2026-08-13,0.92,7.02,7.45,-5.38,-0.44,50.66
ALGOQUANT,65.88,2026-08-13,-1.29,-4.99,7.44,5.14,13.02,
GOLDBETA,127.95,2026-08-13,0.91,7.25,7.43,-4.26,-0.51,51.6
MAGADSUGAR,542.85,2026-08-13,2.13,1.48,7.43,11.09,29.72,6.7
GOLDCASE,23.91,2026-08-13,0.84,7.17,7.41,-4.55,-0.33,51.14
BSLGOLDETF,133.66,2026-08-13,0.88,7.19,7.4,-4.48,-0.59,51.05
HDFCGOLD,129.65,2026-08-13,0.68,6.97,7.39,-4.46,-0.5,50.95
GOLDADD,147.57,2026-08-13,0.75,7.07,7.38,-4.64,-0.12,51.06
PINELABS,166.58,2026-08-13,2.87,9.47,7.37,2.71,-17.25,
AUROPHARMA,1663.4,2026-08-13,0.93,6.99,7.36,11.08,45.2,54.28
IVZINGOLD,132.05,2026-08-13,0.92,6.92,7.36,-4.66,-99.0,-98.49
SHRIPISTON,4487.7,2026-08-13,1.75,-0.81,7.36,32.12,45.69,84.02
SETFGOLD,129.54,2026-08-13,0.68,7.03,7.35,-4.44,-0.42,50.98
DHARMAJ,275.0,2026-08-13,-2.15,1.91,7.34,3.75,14.45,-15.9
CPEDU,208.29,2026-08-13,-0.43,0.39,7.32,10.56,-2.18,
MOGOLD,150.45,2026-08-13,1.18,7.04,7.31,-3.34,-0.76,50.68
GOLDIETF,129.92,2026-08-13,0.54,6.98,7.31,-4.88,-0.54,51.03
SRIVASAVI,86.0,2026-08-12,0.0,2.75,7.3,50.88,68.63,32.31
GOLDBEES,125.48,2026-08-13,0.72,7.01,7.29,-4.75,-0.49,50.84
GOLDETF,147.72,2026-08-13,0.91,7.12,7.28,-4.25,-0.34,51.01
GOLDBND,151.75,2026-08-13,0.92,6.9,7.26,-4.44,,
CHOICEGOLD,150.44,2026-08-13,0.48,7.04,7.26,-3.5,-2.84,
DSFCL,25.14,2026-08-13,0.56,-1.64,7.25,-8.23,,
LOYALTEX,225.2,2026-08-13,5.23,12.57,7.24,-4.25,-5.95,-29.68
LICMFGOLD,137.05,2026-08-13,0.77,7.24,7.24,-2.97,-99.0,-98.49
SETL,297.65,2026-08-13,4.9,6.86,7.24,117.25,126.5,84.11
MTARTECH,7234.0,2026-08-13,4.24,20.33,7.23,6.96,101.7,393.59
CHEMBONDCH,272.32,2026-08-13,9.24,20.8,7.22,55.19,72.53,45.74
TATAGOLD,14.74,2026-08-13,0.75,6.97,7.2,-4.47,-0.34,50.87
GOLD360,148.5,2026-08-13,1.16,7.22,7.18,-3.45,-1.3,50.3
LOKESHMACH,347.0,2026-08-13,-1.21,3.55,7.18,37.47,95.47,70.82
MOHITIND,24.53,2026-08-13,-5.98,9.27,7.16,7.45,-5.14,-31.0
HECPROJECT,137.91,2026-08-13,2.2,1.79,7.16,19.66,16.31,-12.35
EGOLD,151.85,2026-08-13,0.7,7.16,7.16,-5.06,-0.07,50.87
GROWWGOLD,14.82,2026-08-13,0.75,7.0,7.16,-4.63,-0.47,-84.97
VOLTAMP,10039.5,2026-08-13,-2.33,0.18,7.15,8.08,27.57,26.92
ONEPOINT,59.42,2026-08-13,1.04,4.43,7.14,-2.81,24.49,29.12
OMNI,586.5,2026-08-13,6.09,-2.62,7.09,38.06,,
PFIZER,4990.4,2026-08-13,2.31,1.54,7.07,9.92,0.67,-0.7
VIJAYA,1486.5,2026-08-13,6.74,9.79,7.03,15.05,50.45,40.78
MAZDOCK,2571.0,2026-08-13,-0.16,7.57,7.01,2.08,9.39,-5.89
UCAL,127.89,2026-08-13,5.8,12.67,6.99,23.27,15.46,-9.79
TNIDETF,91.13,2026-08-13,0.66,0.66,6.99,15.85,3.32,-0.24
NGIL,41.98,2026-08-13,5.8,4.95,6.98,14.17,60.41,60.6
IGPL,459.55,2026-08-13,-4.78,-7.47,6.98,4.36,39.19,9.27
BAJAJHLDNG,11500.0,2026-08-13,0.25,-0.85,6.96,16.14,7.0,-15.93
GOCLCORP,430.9,2026-08-13,0.63,3.54,6.94,41.05,60.99,16.78
KRITINUT,82.92,2026-08-13,-4.08,12.53,6.94,-6.25,11.51,-16.94
STEELCITY,82.58,2026-08-13,-0.41,8.09,6.93,3.32,2.55,-18.07
SWELECTES,681.25,2026-08-13,-1.45,11.04,6.92,8.32,28.1,3.19
BAJAJELEC,356.6,2026-08-13,-1.79,5.61,6.91,-5.45,-4.52,-37.02
JINDALSTEL,1099.9,2026-08-13,-2.23,-0.47,6.91,-11.51,-7.16,10.61
HATSUN,963.95,2026-08-13,1.16,8.95,6.88,3.58,6.87,10.76
RACLGEAR,1389.7,2026-08-13,0.15,7.62,6.87,7.75,15.79,54.32
SUPERHOUSE,168.0,2026-08-13,4.0,5.95,6.87,13.44,-1.35,3.77
SUDARCOLOR,407.35,2026-08-13,-0.82,10.3,6.85,18.45,12.47,-31.29
SHIVATEX,160.09,2026-08-13,-0.65,-2.13,6.85,-5.8,-5.13,-7.01
POLYPLEX,1167.2,2026-08-13,-1.06,6.61,6.81,29.27,38.2,7.84
VAISHALI,8.47,2026-08-13,3.17,10.86,6.81,22.4,6.54,-30.29
ARVEE,168.72,2026-08-13,8.78,8.54,6.78,0.43,9.0,-0.72
MCX,2970.0,2026-08-13,7.64,12.41,6.75,-7.31,26.89,78.08
COCHINSHIP,1507.0,2026-08-13,0.33,4.51,6.74,-8.84,2.32,-9.92
SUNREST,38.0,2026-08-12,2.43,11.69,6.74,-5.71,3.26,-26.92
AFFLE,1643.0,2026-08-13,3.04,-1.2,6.74,7.14,5.29,-17.17
MOSILVER,228.92,2026-08-13,0.46,6.74,6.74,-17.18,-4.53,
PERSISTENT,5523.0,2026-08-13,0.9,-0.93,6.74,14.39,1.15,5.99
BRITANNIA,5615.0,2026-08-13,-0.15,1.52,6.73,6.98,-4.55,6.2
FOSECOIND,5537.5,2026-08-13,-0.6,6.4,6.72,2.26,16.41,14.08
CGRAPHICS,148.7,2026-08-12,-1.06,3.52,6.71,-5.01,-6.8,-29.19
GALAXYSURF,2090.4,2026-08-13,0.27,5.11,6.71,14.4,15.34,-9.77
TBOTEK,1604.9,2026-08-13,0.18,-0.68,6.7,36.65,5.55,10.97
DBCORP,210.9,2026-08-13,-0.18,0.18,6.69,2.95,-8.17,-20.14
DHARAN,0.16,2026-08-13,6.67,6.67,6.67,23.08,-5.88,-60.98
BAJFINANCE,1090.8,2026-08-13,-1.03,-5.39,6.67,22.47,7.1,27.62
HDFCGROWTH,123.16,2026-08-13,-1.37,-0.15,6.67,9.73,1.5,3.96
SAREGAMA,531.65,2026-08-13,0.3,3.39,6.65,58.68,54.98,11.9
JKPAPER,393.55,2026-08-13,0.22,2.02,6.64,2.23,16.75,11.51
SILVERIETF,230.87,2026-08-13,0.29,7.15,6.64,-17.69,-5.02,99.4
ESILVER,230.95,2026-08-13,0.56,6.9,6.64,-17.29,-5.26,98.51
AJANTPHARM,3614.6,2026-08-13,3.09,3.81,6.61,16.79,24.92,38.06
SILVERAG,225.21,2026-08-13,0.41,7.07,6.61,-18.0,-4.7,98.77
LAOPALA,194.26,2026-08-13,0.29,3.43,6.61,10.61,-1.64,-19.69
ANANTRAJ,627.05,2026-08-13,3.77,0.14,6.61,26.12,17.83,16.97
SILVERCASE,23.44,2026-08-13,0.21,7.23,6.59,-17.93,-5.02,98.87
GROWWSLVR,22.66,2026-08-13,0.27,7.14,6.59,-17.72,-4.71,-80.2
SGFIN,657.7,2026-08-13,-1.94,-6.39,6.59,14.56,62.23,69.44
SILVER1,22.4,2026-08-13,0.0,6.92,6.57,-18.37,-90.49,-76.56
INFY,1175.0,2026-08-13,-0.68,-0.42,6.57,6.89,-12.32,-14.57
AHLADA,41.09,2026-08-13,5.74,12.95,6.56,-4.42,-19.27,-31.24
SILVER,230.94,2026-08-13,0.31,7.14,6.56,-17.77,-4.94,99.26
JAYSREETEA,90.08,2026-08-13,4.99,8.18,6.55,1.35,8.32,-11.43
SILVERADD,222.78,2026-08-13,0.27,7.18,6.55,-18.28,-4.76,99.02
VISL,38.79,2026-08-13,4.92,14.46,6.54,,,
PGINVIT,100.02,2026-08-12,0.04,2.93,6.53,14.65,16.17,24.0
SILVERBETA,223.17,2026-08-13,0.18,7.08,6.52,-17.95,-4.62,98.44
BABAFP,24.5,2026-08-12,2.73,-1.01,6.52,-6.84,-5.77,-35.01
MHHL,35.15,2026-08-12,0.0,-5.0,6.52,-9.87,-12.45,-34.3
SILVERBEES,220.97,2026-08-13,0.23,7.03,6.51,-17.98,-4.99,98.62
CHOLAFIN,1927.9,2026-08-13,0.41,2.1,6.5,22.49,12.83,32.15
OMFURN,57.45,2026-08-12,-4.49,-11.62,6.49,-6.96,-15.27,-41.91
INDIANB,897.0,2026-08-13,1.45,6.15,6.46,12.55,4.85,36.59
NUVOCO,337.0,2026-08-13,-0.27,-3.88,6.46,5.84,-0.91,-25.87
AONESILVER,8.83,2026-08-13,0.46,6.64,6.46,-18.58,,
UJJIVANSFB,71.19,2026-08-13,2.05,0.07,6.46,25.4,16.25,66.64
AEROFLEX,448.25,2026-08-13,6.54,3.91,6.45,22.92,140.73,141.24
VELJAN,1801.4,2026-08-13,5.83,6.32,6.45,73.58,,
AEROPLANE,191.36,2026-08-13,0.21,-3.66,6.43,46.5,,
HDFCSILVER,220.9,2026-08-13,0.1,6.83,6.41,-18.12,-4.86,98.06
SILVERBND,231.79,2026-08-13,0.26,6.87,6.41,-17.44,,
BOHRAIND,14.63,2026-08-13,-2.21,-2.47,6.4,-26.85,-27.0,-56.2
KILITCH,191.22,2026-08-13,-0.51,0.19,6.4,21.81,16.97,-11.9
SBISILVER,226.31,2026-08-13,0.09,6.92,6.39,-17.85,-4.84,98.55
SPECTSTM,60.9,2026-08-12,-10.83,-7.02,6.38,5.09,-30.0,-42.55
ARENTERP,39.25,2026-08-13,6.83,0.74,6.37,-0.73,-4.5,-13.77
SAKAR,918.3,2026-08-13,1.49,-0.46,6.35,53.19,105.55,180.1
SILVER360,227.32,2026-08-13,0.45,7.07,6.35,-17.85,-4.64,98.88
SEAMECLTD,1532.3,2026-08-13,-0.1,5.15,6.32,1.39,11.46,81.17
HINDCON,22.75,2026-08-13,2.66,-1.73,6.31,-2.82,2.02,-29.0
TATSILV,22.41,2026-08-13,0.13,6.82,6.31,-18.06,-4.92,99.02
DATAPATTNS,4529.3,2026-08-13,2.25,2.27,6.3,8.17,63.94,81.13
MPHASIS,2541.0,2026-08-13,1.32,4.61,6.3,21.63,6.13,-3.19
HOMESFY,119.05,2026-08-12,0.0,1.75,6.29,8.23,-20.34,-58.23
HCG,721.4,2026-08-13,0.8,7.39,6.27,18.59,23.89,5.88
STLNETWORK,26.89,2026-08-13,7.22,8.73,6.24,3.46,26.6,
SKP,159.2,2026-08-12,-6.9,0.76,6.24,1.92,-1.09,-26.84
STARPAPER,150.23,2026-08-13,-1.7,-0.31,6.22,7.93,3.68,-8.99
LXCHEM,174.11,2026-08-13,-2.17,-3.52,6.22,12.26,18.85,-5.65
MANDEEP,20.5,2026-08-12,2.5,7.05,6.22,-2.38,0.0,-21.61
URBANCO,141.34,2026-08-13,1.46,-3.32,6.21,12.11,16.57,
INTERNET,14.38,2026-08-13,2.57,3.3,6.2,21.45,11.46,
MEDANTA,1410.4,2026-08-13,-4.46,-2.39,6.2,17.93,23.82,4.08
JSWDULUX,3123.5,2026-08-13,2.23,3.58,6.17,6.34,7.5,-7.55
DCMSIL,83.17,2026-08-13,0.27,9.9,6.17,29.47,,
JIOFIN,255.6,2026-08-13,0.63,-2.59,6.13,10.69,-2.94,-22.5
BAJAJFINSV,2025.0,2026-08-13,0.18,-3.39,6.13,17.23,0.17,5.87
ICEMAKE,811.45,2026-08-13,-0.73,-1.67,6.12,6.11,12.02,11.95
BATLIBOI,88.23,2026-08-13,0.52,6.88,6.11,8.59,,
MAFANG,208.59,2026-08-13,1.1,9.11,6.11,7.42,33.39,32.08
MUKTAARTS,57.83,2026-08-13,5.15,4.39,6.11,7.61,-6.51,-25.47
JYOTICNC,832.55,2026-08-13,3.89,-3.0,6.07,14.64,0.6,-10.19
MAHLOG,406.0,2026-08-13,-1.3,-2.47,6.07,9.73,1.56,22.22
AILIMITED,37.7,2026-08-12,5.16,10.4,6.05,-10.87,37.59,-31.39
ETHOSLTD,2808.6,2026-08-13,-0.86,-5.2,6.02,21.21,13.38,1.18
FEDERALBNK,352.45,2026-08-13,-1.65,-5.18,6.0,25.85,22.25,80.73
SHIVAUM,445.0,2026-08-13,3.92,3.96,6.0,36.92,47.87,47.35
BATAINDIA,727.65,2026-08-13,2.08,2.54,5.97,5.11,-13.51,-32.8
BALRAMCHIN,619.65,2026-08-13,-5.43,-4.2,5.95,12.89,33.0,13.87
HFCL,227.36,2026-08-13,6.76,12.27,5.93,48.16,226.01,218.0
TIL,227.6,2026-08-13,-2.11,-12.43,5.89,16.5,-10.95,-21.92
MRPL,174.38,2026-08-13,7.01,0.18,5.85,12.05,-4.06,42.76
TAKE,23.71,2026-08-13,3.13,6.04,5.85,-16.37,-51.46,153.31
GSS,13.42,2026-08-13,0.6,-2.68,5.84,-1.61,-12.97,-52.99
360ONE,1183.0,2026-08-13,0.63,3.07,5.81,9.79,5.6,16.33
REGAAL,86.03,2026-08-13,3.01,0.07,5.78,3.88,44.08,
VIVIDHA,0.55,2026-08-13,3.77,5.77,5.77,7.84,-8.33,-21.43
PDMJEPAPER,90.53,2026-08-13,-7.44,-5.99,5.75,11.5,8.93,-27.44
TGBHOTELS,9.22,2026-08-13,0.44,-0.54,5.73,0.33,-4.46,-20.59
EIMCOELECO,1893.9,2026-08-13,5.2,3.05,5.69,19.58,16.12,-17.47
RADIOWALLA,26.05,2026-08-12,0.0,-5.62,5.68,-21.54,-50.85,-56.07
SANGINITA,54.53,2026-08-13,-5.85,-14.88,5.66,120.77,305.43,440.44
MNC,35.26,2026-08-13,0.71,2.65,5.66,8.96,11.34,21.17
5PAISA,391.65,2026-08-13,1.89,10.87,5.65,26.24,21.09,5.67
IEX,125.5,2026-08-13,-0.63,-1.95,5.64,-0.04,2.85,-8.61
NESTLEIND,1506.9,2026-08-13,-1.42,-1.51,5.6,3.08,18.05,38.78
TMB,845.85,2026-08-13,-4.98,-1.82,5.59,26.15,32.36,99.94
BDL,1375.5,2026-08-13,5.0,8.74,5.58,1.12,10.61,-13.2
MOMGF,167.42,2026-08-13,0.47,2.17,5.58,7.55,8.05,18.35
PRIMESECU,289.35,2026-08-13,-4.2,4.29,5.54,5.07,-0.36,7.11
GRINDWELL,2146.3,2026-08-13,1.41,2.8,5.51,21.77,32.46,46.94
DENTALKART,394.25,2026-08-12,-6.48,0.95,5.51,-2.11,-21.79,-36.56
KCK,16.3,2026-08-12,-1.51,-11.17,5.5,12.8,-24.54,-61.56
CASTROLIND,187.42,2026-08-13,0.13,4.22,5.5,6.68,7.59,-4.25
RPEL,1388.8,2026-08-13,5.71,11.5,5.5,87.68,88.87,131.39
GIPCL,175.97,2026-08-13,6.82,8.97,5.49,19.16,24.55,-4.57
IRBINVIT,63.7,2026-08-12,-0.62,1.06,5.49,10.62,9.18,10.33
BMETRICS,38.5,2026-08-12,0.0,4.05,5.48,-7.23,0.52,-13.72
GROWWNET,10.6,2026-08-13,1.83,2.81,5.47,20.73,10.53,
NEPHROPLUS,675.9,2026-08-13,-3.12,-1.87,5.46,16.39,18.02,
MANALIPETC,68.83,2026-08-13,6.96,3.29,5.45,25.01,16.66,5.54
FEL,0.39,2026-08-13,2.63,2.63,5.41,-11.36,-11.36,-30.36
CHEVIOT,1158.8,2026-08-13,1.4,2.51,5.41,-0.79,9.72,0.47
CELLPOINT,16.65,2026-08-12,0.3,-12.14,5.38,4.06,5.71,-1.48
TEXMOPIPES,46.44,2026-08-13,6.71,8.03,5.38,5.52,-6.35,-19.88
UNIVAFOODS,9.03,2026-08-12,0.0,5.0,5.37,10.53,-16.62,-26.7
CAPILLARY,531.05,2026-08-13,1.82,7.16,5.36,1.2,2.49,
GAYAHWS,1.97,2026-08-13,1.03,-1.5,5.35,-17.57,-31.6,-7.94
SUPRAJIT,524.15,2026-08-13,-0.96,2.23,5.3,25.79,20.8,19.25
TAALTECH,4293.3,2026-08-13,-5.31,7.76,5.28,55.88,,
VMART,807.3,2026-08-13,-1.36,3.77,5.27,24.26,31.05,9.24
SANWARIA,0.2,2026-08-13,0.0,0.0,5.26,-13.04,-37.5,-42.86
MCL,57.71,2026-08-13,-1.85,2.74,5.25,-7.25,-16.19,11.43
ORBTEXP,247.94,2026-08-13,-6.56,1.7,5.2,51.75,34.68,29.82
AFFORDABLE,191.46,2026-08-13,-1.19,7.84,5.2,15.85,-5.99,-50.76
COCKERILL,10101.5,2026-08-13,6.05,12.39,5.2,91.37,,
AARTECH,51.09,2026-08-13,10.54,8.79,5.19,18.37,9.78,-19.27
MUFIN,136.47,2026-08-13,-0.96,2.53,5.19,21.23,17.15,47.31
KONTOR,61.0,2026-08-12,1.67,7.02,5.17,-8.96,-20.68,-17.85
RELAXO,419.45,2026-08-13,-1.18,2.63,5.16,46.33,16.58,-2.52
BGLOBAL,3.27,2026-08-12,0.0,0.0,5.14,5.48,7.57,4.14
BEDMUTHA,115.62,2026-08-13,3.19,3.5,5.13,1.81,-17.31,-16.86
GTL,7.65,2026-08-13,-0.26,2.82,5.08,0.0,-0.91,-16.12
MANAPPURAM,348.4,2026-08-13,-5.66,-4.55,5.02,12.57,15.3,37.11
HDFCQUAL,60.08,2026-08-13,-0.18,1.33,5.02,5.83,2.79,6.04
BSHSL,91.0,2026-08-13,0.8,5.81,5.02,-3.81,-0.11,-30.32
ARE&M,948.8,2026-08-13,5.69,1.77,5.0,13.68,13.42,0.2
QPOWER,1278.1,2026-08-13,8.29,10.37,4.99,5.11,58.56,62.45
MARKOLINES,177.46,2026-08-13,-1.14,0.1,4.99,9.77,11.81,
PNGJL,628.2,2026-08-13,-1.48,-4.54,4.99,-0.59,10.8,9.98
GRPLTD,1992.7,2026-08-13,0.56,-1.77,4.97,11.37,11.16,-6.26
NSLNISP,45.29,2026-08-13,1.39,4.43,4.96,2.3,12.22,5.28
DHUNINV,1042.6,2026-08-13,8.23,17.92,4.92,16.68,7.2,-29.11
AFSL,212.23,2026-08-13,5.46,5.21,4.92,5.03,5.56,-3.95
VEEDOL,1497.9,2026-08-13,-1.75,6.07,4.9,3.83,5.47,-4.98
UBL,1389.7,2026-08-13,0.5,-2.7,4.89,1.33,-14.07,-27.1
SWIGGY,279.8,2026-08-13,0.29,-2.85,4.88,10.59,-17.13,-30.12
SADBHAV,8.81,2026-08-13,-0.56,1.97,4.88,5.01,13.38,-26.03
SUPREMEIND,3497.0,2026-08-13,0.06,-0.93,4.87,0.02,-6.71,-17.86
ADVANCE,119.2,2026-08-13,-1.66,-4.3,4.86,15.81,-13.81,
AHIMSA,25.9,2026-08-12,4.86,4.86,4.86,4.86,9.28,6.37
SHREMINVIT,103.9,2026-08-12,3.9,1.96,4.86,7.85,8.7,15.62
SNOWMAN,38.32,2026-08-13,-2.24,-0.47,4.84,-1.14,-9.28,-26.6
SAYAJIHOTL,325.0,2026-08-13,4.17,6.64,4.84,14.44,,
TAPIFRUIT,50.0,2026-08-12,0.0,0.0,4.82,-16.67,-14.16,-31.97
PML,500.0,2026-08-13,-0.43,1.29,4.81,-11.75,,
IVC,8.53,2026-08-13,2.77,0.95,4.79,11.5,12.09,6.82
FALCONTECH,12.05,2026-08-12,2.55,3.43,4.78,-14.54,-20.2,-31.14
GODFRYPHLP,2160.0,2026-08-13,-4.26,-2.47,4.77,-9.39,5.27,-33.83
BSOFT,313.55,2026-08-13,-1.17,-2.47,4.76,-0.16,-20.25,-13.65
CONSOFINVT,272.05,2026-08-13,-3.41,-8.01,4.75,18.76,15.75,40.94
INNOVACAP,1047.5,2026-08-13,8.43,9.53,4.74,19.73,54.31,16.47
INDIQUBE,183.34,2026-08-13,-1.18,6.61,4.74,15.01,1.26,-16.43
VERANDA,242.8,2026-08-13,-1.58,-4.58,4.72,1.48,23.91,5.25
SONATSOFTW,326.4,2026-08-13,1.97,-5.62,4.68,23.78,18.54,-9.26
QFIL,62.8,2026-08-12,0.0,0.0,4.67,57.39,7.53,-4.85
DEFENCE,82.21,2026-08-13,1.43,3.91,4.67,10.44,,
SARDAEN,523.3,2026-08-13,4.56,1.38,4.65,-8.34,4.14,-5.98
MAKEINDIA,168.91,2026-08-13,-0.4,0.97,4.63,6.57,6.9,17.41
ENRIN,3561.2,2026-08-13,-0.17,9.37,4.61,14.41,29.97,12.79
AUTOIND,103.44,2026-08-13,11.29,16.41,4.61,36.39,31.42,46.12
PNBHOUSING,1164.8,2026-08-13,1.35,6.86,4.6,10.44,40.41,51.85
SINTERCOM,80.0,2026-08-13,-8.04,-8.04,4.58,5.3,-6.07,-35.11
ALPHA,54.25,2026-08-13,0.93,3.85,4.57,10.53,12.69,12.25
JSL,735.4,2026-08-13,0.36,0.51,4.56,1.4,-3.77,2.28
SBIETFCON,125.61,2026-08-13,-0.8,0.97,4.56,8.81,3.7,3.2
INDOAMIN,130.17,2026-08-13,-0.83,3.11,4.54,10.65,14.77,-11.86
CONS,12.5,2026-08-13,-0.71,0.24,4.52,8.6,-89.67,-89.66
VELS,73.0,2026-08-12,0.0,0.0,4.51,6.8,19.87,16.8
EPIGRAL,1116.6,2026-08-13,-0.89,-0.37,4.5,-9.55,14.75,-39.86
PIONRINV,84.99,2026-08-13,-3.01,-2.27,4.49,-22.71,,
JPPOWER,17.54,2026-08-13,-1.46,-6.5,4.47,-0.06,17.32,-7.24
HBESD,78.34,2026-08-13,4.4,4.45,4.45,3.38,,
SBIN,1083.0,2026-08-13,1.12,3.64,4.44,13.65,-8.02,34.15
HNDFDS,596.65,2026-08-13,1.89,1.29,4.44,14.59,18.02,15.91
MOALPHA50,56.15,2026-08-13,0.2,3.24,4.44,10.14,12.11,11.77
DALBHARAT,1834.6,2026-08-13,-0.56,-0.54,4.41,3.55,-14.03,-18.82
EPL,247.24,2026-08-13,7.97,9.06,4.4,7.14,13.65,10.53
PIXTRANS,1925.6,2026-08-13,-3.07,13.2,4.4,26.04,36.77,44.18
BANG,30.2,2026-08-13,-0.85,-0.23,4.39,-20.48,-30.73,-40.95
RPPL,23.56,2026-08-13,-9.77,5.51,4.39,32.96,34.55,0.77
MASTEK,1826.4,2026-08-13,1.33,-3.53,4.38,15.57,4.32,-26.43
TALBROAUTO,421.65,2026-08-13,-0.09,0.96,4.38,26.36,48.55,69.44
MONARCH,379.35,2026-08-13,-3.51,-1.35,4.36,28.96,27.49,14.42
KAMDHENU,33.44,2026-08-13,-4.97,-3.21,4.34,30.93,53.82,14.14
OMFREIGHT,98.06,2026-08-13,5.88,11.43,4.33,9.31,8.74,
SBIETFQLTY,228.78,2026-08-13,-0.5,1.11,4.31,5.27,3.84,5.03
KNRCON,134.58,2026-08-13,-5.68,6.36,4.31,1.93,-4.81,-32.98
MOIPO,48.96,2026-08-13,1.22,2.34,4.28,14.39,11.78,
GANDHITUBE,882.65,2026-08-13,0.06,1.86,4.28,0.01,12.07,17.95
MEDIORG,23.2,2026-08-12,-9.55,-18.6,4.27,-12.62,-15.48,-31.96
AIROLAM,90.74,2026-08-13,-2.17,5.3,4.26,5.51,-3.56,-14.37
PRIZOR,860.15,2026-08-12,-5.2,-6.09,4.26,30.8,185.53,222.52
TRAVELFOOD,1394.3,2026-08-13,-0.19,3.7,4.22,22.23,19.1,21.48
NEXT50ETF,75.26,2026-08-13,-0.21,0.52,4.18,8.52,9.15,
CONSUMBEES,135.07,2026-08-13,-0.65,-0.1,4.18,8.47,3.23,2.63
SURAJEST,215.97,2026-08-13,3.6,7.09,4.18,-1.74,-4.01,-23.07
ESCORTS,3093.4,2026-08-13,0.37,-1.34,4.17,4.88,-12.34,-6.83
NIFTYQLITY,21.94,2026-08-13,-0.54,1.15,4.13,4.78,3.69,4.03
PARACABLES,68.69,2026-08-13,1.96,3.46,4.09,15.17,92.41,33.35
VIAZ,63.8,2026-08-12,10.0,-0.31,4.08,3.07,-0.62,-5.27
AAREYDRUGS,84.49,2026-08-13,0.81,3.63,4.08,-6.8,26.14,30.97
FERMENTA,460.05,2026-08-13,-16.04,-9.47,4.08,62.28,,
ANKITMETAL,1.53,2026-08-13,-0.65,-5.56,4.08,-11.05,-11.05,-21.13
PRINCEPIPE,281.6,2026-08-13,3.55,6.91,4.07,14.45,5.84,-5.88
SUNDROP,663.2,2026-08-13,0.12,-2.4,4.06,-1.6,-1.17,-24.03
DIXON,14035.0,2026-08-13,-0.57,1.03,4.04,26.17,22.93,-11.98
PDSL,372.15,2026-08-13,-2.64,4.17,4.04,33.1,15.32,17.42
PHARMABEES,27.45,2026-08-13,0.77,0.81,4.02,11.9,20.66,21.19
GVPTECH,7.07,2026-08-13,1.0,0.14,3.97,2.46,-1.12,-29.37
SHERA,163.2,2026-08-12,-1.57,-2.57,3.95,9.31,31.61,16.57
GRASIM,3257.0,2026-08-13,-3.65,0.22,3.91,10.92,13.13,18.98
ASIANPAINT,2755.5,2026-08-13,0.2,-1.94,3.9,6.18,17.45,11.34
LLOYDSME,1898.4,2026-08-13,-7.52,-7.42,3.9,8.56,59.57,34.46
SPORTKING,200.02,2026-08-13,-4.73,-12.89,3.89,32.45,83.86,79.08
PRABHA,156.31,2026-08-13,-0.79,1.65,3.89,-9.02,-0.94,-40.88
SENORES,1491.4,2026-08-13,4.87,10.04,3.89,53.16,90.34,119.21
NEXT30ADD,43.96,2026-08-13,-0.54,0.71,3.88,4.79,6.98,13.86
AFIL,9.9,2026-08-13,0.71,7.38,3.88,7.14,98.8,41.43
SMARTWORKS,492.7,2026-08-13,2.24,2.29,3.88,10.78,7.78,7.68
BRIGADE,589.65,2026-08-13,-2.97,1.38,3.86,13.52,3.4,-18.35
CHEMCON,191.26,2026-08-13,-0.17,3.89,3.86,18.32,12.58,-13.23
DYNAMATECH,10810.0,2026-08-13,-3.03,0.44,3.86,0.9,14.43,64.87
BORANA,319.0,2026-08-13,-7.09,0.05,3.86,-3.0,-14.07,46.08
MODEFENCE,107.46,2026-08-13,1.63,4.35,3.85,7.44,22.87,24.97
SUNFLAG,357.3,2026-08-13,-6.18,-2.6,3.85,-5.75,45.78,17.23
KUANTUM,79.9,2026-08-13,-7.41,0.69,3.85,0.45,-13.49,-28.44
JOCIL,149.59,2026-08-13,0.94,-0.85,3.85,8.51,4.77,-7.51
SESHAPAPER,229.34,2026-08-13,-1.6,-3.59,3.84,-3.06,-13.64,-13.92
ANANDRATHI,2198.8,2026-08-13,3.16,6.81,3.83,24.12,47.41,59.5
TIMESCAN,42.0,2026-08-12,0.0,7.69,3.83,4.74,-11.49,-26.25
RETAIL,18.24,2026-08-13,4.83,10.08,3.81,-5.25,-26.18,-53.95
CONSUMIETF,125.37,2026-08-13,-0.88,-0.45,3.8,8.11,2.99,2.38
KANCHI,377.9,2026-08-13,1.59,3.65,3.8,-4.17,,
MOMNC,33.54,2026-08-13,-0.97,0.21,3.8,7.11,9.5,
WIPRO,183.1,2026-08-13,-1.29,-2.95,3.79,-1.39,-13.5,-21.39
QUAL30IETF,21.66,2026-08-13,-0.69,0.28,3.79,4.84,2.46,4.29
PSUBANK,87.84,2026-08-13,1.27,3.9,3.77,-89.07,-90.43,-87.46
SADBHIN,2.75,2026-08-13,3.0,9.13,3.77,1.48,-27.63,-23.18
PROLIFE,82.55,2026-08-12,4.96,10.36,3.77,40.99,12.31,-44.83
VLSFINANCE,265.15,2026-08-13,0.91,4.12,3.76,14.66,-1.94,13.22
BAGFILMS,4.69,2026-08-13,7.57,5.39,3.76,-5.06,-18.43,-25.56
JAIBALAJI,68.87,2026-08-13,0.48,13.67,3.75,-18.64,-1.78,-33.57
MAWANASUG,116.36,2026-08-13,1.75,5.92,3.75,11.77,51.57,34.51
GROWWDEFNC,97.94,2026-08-13,1.37,3.95,3.74,7.46,22.82,25.55
BANKPSU,88.59,2026-08-13,1.66,3.82,3.74,9.33,-3.61,25.7
GROWWCHEM,30.87,2026-08-13,0.26,1.38,3.73,7.0,8.13,
CONSUMER,12.26,2026-08-13,0.33,0.66,3.72,14.37,6.06,5.24
TURTLEMINT,141.25,2026-08-13,22.37,20.14,3.72,,,
PSUBNKBEES,98.11,2026-08-13,1.73,3.74,3.71,9.49,-3.68,25.17
NEXT50IETF,78.87,2026-08-13,-0.09,1.04,3.71,8.12,8.95,12.85
HDFCPSUBK,88.7,2026-08-13,1.48,4.56,3.71,9.02,-4.22,25.16
SELECTIPO,48.74,2026-08-13,0.95,2.46,3.7,14.28,11.82,0.11
MALUPAPER,31.74,2026-08-13,-0.31,-4.25,3.69,-2.28,-4.51,-16.43
VRAJ,123.96,2026-08-13,-1.1,0.83,3.69,-4.08,-3.59,-21.09
KNAGRI,214.52,2026-08-13,5.76,3.6,3.68,13.09,32.67,-10.6
GROWWMOM50,11.06,2026-08-13,0.45,2.88,3.66,6.86,5.33,7.25
JUNIORBEES,807.69,2026-08-13,-0.16,0.76,3.66,8.29,9.02,12.81
INGERRAND,4606.4,2026-08-13,7.83,6.46,3.65,8.61,24.26,29.94
AUBANK,1098.0,2026-08-13,2.81,3.58,3.64,10.48,10.47,48.92
UNIECOM,91.36,2026-08-13,8.26,5.97,3.63,2.59,-9.51,-29.53
RANEHOLDIN,1777.4,2026-08-13,1.63,-2.6,3.63,45.1,26.0,19.53
HDFCNEXT50,76.17,2026-08-13,-0.07,1.16,3.63,8.01,8.55,12.43
POONAWALLA,502.7,2026-08-13,5.45,6.53,3.63,19.92,8.31,11.28
LT,4070.7,2026-08-13,-0.23,1.14,3.62,4.97,-1.52,11.28
SBICARD,641.0,2026-08-13,-2.14,-3.62,3.6,1.08,-15.44,-18.59
PSUBANKADD,88.42,2026-08-13,1.04,3.51,3.6,8.84,-4.26,26.62
SETFNN50,801.14,2026-08-13,-0.26,0.73,3.6,8.55,9.12,13.29
GRETEX,300.0,2026-08-12,3.81,5.23,3.57,9.27,45.63,27.12
NEXT50,770.52,2026-08-13,-0.18,0.28,3.57,8.12,8.97,12.81
FAIRCHEMOR,715.7,2026-08-13,-4.57,-11.97,3.56,18.17,12.12,-15.26
GOPAL,276.65,2026-08-13,1.11,-0.81,3.54,-6.49,-7.49,-24.46
MOMENTUM50,54.67,2026-08-13,0.92,3.13,3.52,6.44,5.32,6.92
PSUBNKIETF,88.78,2026-08-13,1.4,3.71,3.51,8.8,-4.09,25.22
PROSTARM,135.82,2026-08-13,-7.23,-0.04,3.5,-9.24,-20.98,-35.71
AEROENTER,125.18,2026-08-13,-1.52,1.52,3.48,22.47,57.96,32.21
NEXT50ADD,75.1,2026-08-13,-0.23,1.32,3.46,8.03,,
RUCHINFRA,5.99,2026-08-13,6.77,1.7,3.45,-7.56,-1.64,-19.05
KKCL,521.4,2026-08-13,0.95,2.25,3.44,13.79,0.01,3.44
GROWWPSUBK,87.83,2026-08-13,0.97,3.57,3.43,9.03,,
THOMASCOOK,108.0,2026-08-13,2.21,0.79,3.42,12.9,-4.43,-31.33
KANDARP,104.45,2026-08-12,-0.48,6.09,3.42,-31.28,-30.55,8.01
SHAHALLOYS,74.38,2026-08-13,6.42,10.29,3.41,9.03,10.6,28.66
MAHSEAMLES,612.0,2026-08-13,0.68,6.68,3.4,-5.67,14.14,-9.35
SHANKARA,141.39,2026-08-13,-0.43,-0.37,3.36,34.17,40.03,-87.03
KANSAINER,209.12,2026-08-13,-3.03,2.42,3.36,-3.26,5.79,-10.52
MONEXT50,74.29,2026-08-13,-0.75,0.43,3.33,7.91,8.62,12.29
SMCGLOBAL,79.07,2026-08-13,-0.4,-1.09,3.31,28.39,1.65,14.77
METALIETF,13.1,2026-08-13,-1.36,1.0,3.31,-2.17,9.62,39.66
VIDHIING,307.4,2026-08-13,-2.2,-9.83,3.31,6.85,-2.16,-19.15
SAMBHAAV,6.58,2026-08-13,3.3,0.0,3.3,-2.95,-12.27,-0.3
MTEDUCARE,1.89,2026-08-13,-3.08,-5.97,3.28,16.67,30.34,-10.43
ZYDUSLIFE,1167.3,2026-08-13,4.32,4.13,3.27,24.39,29.14,18.18
UFBL,765.5,2026-08-13,-4.08,9.29,3.25,119.18,202.7,193.52
SILINV,431.95,2026-08-13,0.64,1.02,3.25,-3.25,-2.01,-23.9
KRYSTAL,620.1,2026-08-13,2.91,2.97,3.25,1.82,-0.98,-0.3
ZEEMEDIA,8.58,2026-08-13,24.35,19.33,3.25,8.61,-14.71,-33.49
ABSLNN50ET,78.18,2026-08-13,-0.76,0.14,3.24,7.61,8.39,12.38
BHARTIARTL,1939.1,2026-08-13,-0.2,-1.59,3.24,9.74,-2.05,5.15
ULTRACEMCO,11706.0,2026-08-13,-2.76,-2.89,3.23,3.21,-7.85,-3.68
AONETMMQ50,10.4,2026-08-13,0.78,4.21,3.23,3.82,7.23,
KIRANVYPAR,200.31,2026-08-13,1.64,-1.32,3.23,5.8,,
CLEDUCATE,59.87,2026-08-13,5.46,1.0,3.22,47.57,20.25,-42.38
PGEL,615.0,2026-08-13,-1.09,-0.49,3.21,24.12,-0.07,26.57
SHARIABEES,471.45,2026-08-13,-1.22,-0.67,3.19,2.45,-2.75,-3.9
ELGIRUBCO,59.17,2026-08-13,-2.74,3.07,3.19,22.05,42.0,3.23
ABBOTINDIA,27620.0,2026-08-13,0.31,-0.99,3.18,3.62,6.83,-14.19
LODHA,1232.3,2026-08-13,1.59,-0.26,3.17,41.49,15.19,1.22
WOCKPHARMA,1912.9,2026-08-13,-0.95,-5.69,3.15,22.22,37.15,27.39
ABANSENT,28.94,2026-08-13,9.33,11.52,3.14,-13.69,,
JAYAGROGN,226.37,2026-08-13,4.3,-0.43,3.14,3.26,25.41,-6.08
BLUEDART,5101.0,2026-08-13,-1.72,-6.01,3.14,-0.02,-12.23,-13.17
METAL,13.13,2026-08-13,-1.57,1.0,3.14,-1.94,9.97,39.98
FORCEMOT,18525.0,2026-08-13,1.23,0.17,3.13,-6.94,-22.3,-7.39
ROSSTECH,1057.15,2026-08-13,-3.41,-0.93,3.11,20.71,47.93,80.11
AEQUS,252.29,2026-08-13,3.34,7.97,3.11,31.74,77.68,
TRENT,2990.0,2026-08-13,-1.16,-1.97,3.1,9.97,5.64,-44.53
KIRIINDUS,414.65,2026-08-13,-3.5,-2.57,3.1,4.21,-9.42,-21.93
KARMAENG,41.22,2026-08-13,-1.17,7.06,3.1,-16.54,-10.47,-24.97
IKIO,211.13,2026-08-13,6.79,4.76,3.09,29.42,42.76,10.18
CARERATING,1728.3,2026-08-13,-0.24,0.74,3.07,8.37,8.06,5.55
RELINFRA,68.48,2026-08-13,-5.86,8.63,3.07,-3.55,-34.22,-73.4
JSWSTEEL,1275.0,2026-08-13,-2.07,-1.34,3.04,0.58,4.08,21.7
DIVIDEND,36.26,2026-08-13,-0.11,-0.55,3.01,0.47,,
IMFA,1434.1,2026-08-13,-1.73,-3.88,3.0,-1.93,0.15,81.59
NIBL,32.57,2026-08-13,-0.88,-7.18,3.0,6.23,6.02,17.07
BHEL,420.0,2026-08-13,2.69,2.15,3.0,4.33,64.75,88.11
NEXT50BETA,80.1,2026-08-13,-0.5,0.89,2.98,7.37,8.14,
RAJSREESUG,32.83,2026-08-13,4.65,8.03,2.98,-1.71,13.72,-19.48
GROWWNXT50,74.74,2026-08-13,-0.68,-2.07,2.98,7.6,8.57,
NXST,166.93,2026-08-12,-1.18,1.46,2.96,9.18,5.42,17.74
KRONOX,155.14,2026-08-13,-7.5,0.86,2.95,17.71,26.79,-3.46
TOP20,9.07,2026-08-13,-0.66,-0.77,2.95,7.59,,
FINEORG,5159.6,2026-08-13,2.62,4.58,2.93,12.44,16.92,6.65
UMESLTD,5.99,2026-08-13,10.93,8.71,2.92,26.37,30.79,0.67
SUNDRMBRAK,839.1,2026-08-13,5.22,7.79,2.9,31.23,31.88,6.0
SNXT50BETA,96.85,2026-08-13,1.0,1.05,2.9,8.08,5.99,
MIDSMALL,52.47,2026-08-13,0.31,2.04,2.88,5.47,11.05,9.98
SCI,294.45,2026-08-13,-0.17,0.62,2.88,-11.24,12.82,49.33
CORONA,2113.2,2026-08-13,1.53,0.36,2.88,24.46,33.37,
UNITEDPOLY,32.37,2026-08-13,7.33,8.88,2.83,-2.65,20.29,-17.3
SAKHTISUG,17.14,2026-08-13,-2.5,-1.72,2.82,-6.34,-0.23,-22.02
PRIMO,24.47,2026-08-13,2.13,0.7,2.82,-3.74,11.99,-13.2
NAHARCAP,257.7,2026-08-13,-2.36,-1.91,2.81,1.32,5.32,-13.29
DIVOPPBEES,79.07,2026-08-13,-1.17,-0.3,2.8,2.04,-3.74,3.44
BLUEPEBBLE,74.0,2026-08-12,2.28,5.71,2.78,-31.99,-51.63,-56.9
CYBERMEDIA,16.72,2026-08-13,3.15,3.27,2.77,-2.96,10.29,-0.18
TIMKEN,3260.3,2026-08-13,-0.72,1.37,2.76,-8.62,6.53,14.41
GROWWMETAL,12.36,2026-08-13,-1.51,0.98,2.74,-2.45,9.48,
LOWVOL,211.39,2026-08-13,-0.76,-1.36,2.74,6.23,0.61,3.65
AARVI,154.78,2026-08-13,0.5,1.02,2.73,28.44,22.79,30.06
LASA,7.52,2026-08-13,-2.34,8.51,2.73,-4.2,-15.79,-25.1
AJOONI,3.77,2026-08-13,-1.82,-5.51,2.72,-11.08,-23.68,-26.94
KSR,29.48,2026-08-13,8.02,-0.64,2.72,-20.11,-6.08,
HTMEDIA,26.51,2026-08-13,-4.16,6.59,2.71,21.11,22.17,7.28
INOXINDIA,1941.9,2026-08-13,-2.13,1.12,2.71,36.45,66.26,81.4
AYE,175.56,2026-08-13,-1.34,1.71,2.71,31.6,,
PARAGON,49.5,2026-08-12,-0.8,2.27,2.7,13.79,5.43,-6.6
DBOL,117.76,2026-08-13,0.9,14.43,2.7,5.05,23.23,39.86
SPLIL,31.96,2026-08-13,-1.99,6.53,2.7,6.32,8.38,-11.86
INDIGO,5370.0,2026-08-13,0.68,-0.56,2.69,26.18,8.94,-10.04
FSL,272.2,2026-08-13,-2.68,-16.08,2.69,12.11,9.44,-24.22
GRWRHITECH,7230.0,2026-08-13,3.27,0.67,2.68,36.1,71.14,153.95
YUDIZ,25.0,2026-08-12,-3.85,-6.02,2.67,-9.26,-32.43,-22.6
PARADEEP,147.21,2026-08-13,-1.77,1.58,2.67,16.65,19.93,-28.91
ULTRAMAR,399.85,2026-08-13,0.48,3.8,2.67,-1.63,,
REGENCERAM,40.33,2026-08-13,23.3,22.58,2.65,-4.86,-9.84,-14.34
MINDSPACE,494.68,2026-08-12,-0.17,1.68,2.65,9.11,1.07,25.06
RAYMOND,642.0,2026-08-13,2.39,6.64,2.64,36.99,61.21,5.27
ATULAUTO,500.15,2026-08-13,-1.77,-11.22,2.64,1.84,-0.04,16.86
KOTARISUG,26.51,2026-08-13,0.38,1.45,2.63,0.91,0.8,-8.27
ORCHPHARMA,1033.9,2026-08-13,-4.19,4.37,2.63,48.64,55.6,34.6
MOTISONS,14.62,2026-08-13,3.84,2.6,2.6,21.83,-8.11,-19.67
TANLA,584.25,2026-08-13,-7.57,-4.87,2.58,11.76,26.3,-2.12
MARICO,864.45,2026-08-13,0.11,-1.87,2.56,4.2,14.24,22.28
NPST,1635.5,2026-08-13,4.51,7.39,2.56,50.56,39.75,-27.91
MARUTI,13905.0,2026-08-13,-1.36,-0.74,2.55,7.19,-7.83,9.43
DEEPAKNTR,1701.8,2026-08-13,-4.35,-0.7,2.54,-7.91,4.13,-8.74
MOLDTKPAC,694.4,2026-08-13,1.88,2.86,2.52,4.58,25.32,-12.53
TCL,120.25,2026-08-12,1.18,-1.84,2.51,29.3,29.3,14.52
SYRMA,1467.7,2026-08-13,-3.21,7.87,2.51,41.72,68.16,111.49
PONNIERODE,337.75,2026-08-13,0.88,2.88,2.49,8.9,29.4,20.22
VIPIND,307.7,2026-08-13,-3.69,-0.87,2.48,5.0,-21.14,-24.19
TREL,26.13,2026-08-13,-6.11,8.11,2.47,-0.04,11.19,-21.06
TARC,126.77,2026-08-13,-3.51,-6.58,2.47,-2.85,-16.81,-23.75
HEALTHCARE,21.68,2026-08-13,-0.09,0.32,2.46,10.44,18.9,
ADL,70.71,2026-08-13,-4.12,-10.46,2.46,1.68,-5.34,-18.25
SURANASOL,25.81,2026-08-13,-2.64,-1.75,2.46,-5.97,4.79,-18.89
MIDQ50ADD,25.54,2026-08-13,-0.74,0.31,2.45,-89.35,-89.36,-89.56
MANINDS,576.15,2026-08-13,4.85,5.02,2.44,8.29,35.84,43.86
SBIMIDMOM,64.5,2026-08-13,0.48,1.98,2.43,4.84,,
GOODYEAR,780.95,2026-08-13,-1.84,-6.03,2.43,5.29,-36.76,-36.76
KEYFINSERV,265.65,2026-08-13,6.67,4.92,2.42,-2.19,-15.52,4.02
INM,169.0,2026-08-12,1.81,-6.11,2.42,-0.59,-5.59,-66.18
ARMANFIN,2013.4,2026-08-13,1.46,0.96,2.42,11.77,21.11,45.96
BPCL,315.0,2026-08-13,-1.1,-4.53,2.42,6.02,-15.8,2.52
DHANLAXMI,25.5,2026-08-12,0.0,-5.38,2.41,-20.19,-10.53,-41.04
BIRET,340.08,2026-08-12,-0.29,1.08,2.37,8.02,-3.22,15.42
HDFCLOWVOL,21.13,2026-08-13,-0.56,-0.33,2.37,6.5,0.48,4.04
HINDOILEXP,157.99,2026-08-13,-3.57,-1.95,2.36,-5.74,11.36,-0.83
ARIHANTACA,481.0,2026-08-12,0.0,6.89,2.34,9.82,6.89,30.93
SUMICHEM,543.0,2026-08-13,-3.25,5.26,2.33,19.48,33.72,-8.83
CUBEXTUB,82.6,2026-08-13,1.55,3.7,2.33,-20.19,-27.26,-2.31
QUINTEGRA,1.33,2026-08-12,0.0,-5.0,2.31,2.31,2.31,-25.7
LOWVOLIETF,22.62,2026-08-13,-1.09,-0.83,2.26,6.6,0.22,3.48
NATCAPSUQ,146.93,2026-08-13,-13.66,-9.49,2.26,-8.35,-11.47,-29.66
DOLLAR,271.75,2026-08-13,-2.42,1.63,2.25,0.44,-11.16,-25.1
WENDT,7985.0,2026-08-13,-1.72,-2.69,2.25,15.69,13.23,-19.92
CIPLA,1458.8,2026-08-13,-0.61,-1.06,2.25,10.91,10.59,-5.67
LGEINDIA,1578.3,2026-08-13,1.32,0.54,2.25,3.41,4.44,
NECLIFE,11.34,2026-08-13,8.1,5.78,2.25,-12.23,-15.37,-25.54
KRBL,372.4,2026-08-13,-0.4,-0.35,2.22,0.55,2.28,-22.89
GROWWLOVOL,10.6,2026-08-13,-0.56,-0.93,2.22,4.02,-0.56,6.66
HPIL,123.82,2026-08-13,-1.77,-3.07,2.21,-6.39,-5.0,-3.88
SMALLCAP,48.61,2026-08-13,0.7,2.55,2.21,9.16,15.24,8.77
MIDSELIETF,19.87,2026-08-13,0.0,0.81,2.21,10.82,10.88,15.52
BIOCON,420.0,2026-08-13,-1.43,-1.64,2.2,0.69,11.26,16.73
ALPL30IETF,28.31,2026-08-13,-0.84,-0.07,2.2,7.48,1.22,4.74
LORDSCHLO,138.37,2026-08-13,-2.85,-6.42,2.19,-1.61,0.18,-31.88
KOTAKBANK,392.4,2026-08-13,-0.28,-1.28,2.19,4.09,-6.55,-1.12
JSWHL,11670.0,2026-08-13,-1.54,-2.88,2.19,-6.65,-33.01,-33.99
UTLSOLAR,409.9,2026-08-13,2.8,5.29,2.19,57.59,94.33,
LICNMID100,64.57,2026-08-13,0.47,1.21,2.18,7.6,7.81,13.82
MON50EQUAL,33.94,2026-08-13,-1.34,-0.88,2.18,5.44,1.56,8.45
HEADSUP,7.06,2026-08-13,0.57,3.98,2.17,-5.87,-18.29,-32.38
MOMIDMTM,65.15,2026-08-13,-0.03,2.12,2.16,4.51,3.58,5.98
NAHARINDUS,120.29,2026-08-13,-7.78,1.81,2.16,7.88,12.34,8.16
MONIFTY100,25.92,2026-08-13,-0.42,0.58,2.15,6.16,-0.89,
AMJLAND,39.0,2026-08-13,2.2,2.31,2.15,-0.91,-1.44,-27.01
TMPV,349.6,2026-08-13,0.72,0.09,2.15,4.65,-7.3,-46.89
AGARWALEYE,508.5,2026-08-13,-9.31,5.21,2.14,13.5,11.75,12.64
VHLTD,131.72,2026-08-13,3.71,-0.96,2.11,-3.5,-8.84,25.93
SOFTTECH,423.3,2026-08-13,0.07,1.27,2.09,-3.58,36.37,14.05
ARVIND,555.65,2026-08-13,0.91,5.05,2.08,25.6,44.29,90.52
GRAPHISAD,27.05,2026-08-12,-0.37,-5.09,2.08,-22.93,-46.01,-19.01
DREDGECORP,1064.4,2026-08-13,0.24,-2.93,2.07,18.19,10.1,62.49
MOHEALTH,51.79,2026-08-13,-0.44,0.52,2.07,11.52,19.72,14.94
MOM30IETF,31.72,2026-08-13,-0.09,1.99,2.06,3.97,-0.78,3.42
SKFINDIA,1606.3,2026-08-13,4.49,6.62,2.05,-2.79,-3.36,-63.46
MOQUALITY,205.94,2026-08-13,-0.74,-0.3,2.05,2.87,6.83,9.56
MOMENTUM,31.57,2026-08-13,0.0,2.07,2.04,4.05,-0.66,3.51
MEESHO,193.62,2026-08-13,0.85,1.07,2.03,1.11,26.67,
LOWVOL1,21.58,2026-08-13,-0.23,-1.28,2.03,6.41,0.28,3.75
CARYSIL,1207.3,2026-08-13,-3.55,1.6,2.0,35.69,23.72,52.11
CANHLIFE,150.23,2026-08-13,0.56,-0.46,1.99,9.83,-0.91,
KAJARIACER,1260.9,2026-08-13,6.43,3.8,1.98,17.54,34.15,-0.12
HDFCMOMENT,31.49,2026-08-13,0.54,2.04,1.98,4.58,-0.44,3.38
MOMOMENTUM,63.12,2026-08-13,-0.27,1.66,1.97,4.06,-0.55,2.99
EQUAL200,14.07,2026-08-13,-0.14,-0.07,1.96,6.46,5.73,10.68
GROBTEA,927.0,2026-08-13,2.97,1.2,1.96,1.91,-4.17,-12.13
PRAENG,19.79,2026-08-13,-0.45,-1.4,1.96,-12.47,-11.69,0.76
HEALTHIETF,170.26,2026-08-13,-0.44,-0.51,1.95,8.52,15.34,13.35
MUKANDLTD,135.6,2026-08-13,-3.93,-3.55,1.95,0.93,5.46,2.63
EQUAL50,338.0,2026-08-13,-0.87,-0.93,1.94,5.4,1.21,8.11
PRATHAM,122.0,2026-08-12,0.49,1.67,1.92,-16.44,-12.01,-16.64
CANBK,131.8,2026-08-13,2.17,3.7,1.91,5.33,-3.97,24.92
MADHAVBAUG,187.4,2026-08-12,-1.37,-2.34,1.9,-23.98,-15.59,-26.73
MOLOWVOL,37.57,2026-08-13,-0.03,-3.69,1.9,3.61,-2.21,1.54
DMART,4070.0,2026-08-13,0.39,1.37,1.9,-6.11,4.11,-6.1
BAJEL,194.15,2026-08-13,1.16,9.47,1.89,14.58,20.8,-8.56
SUDARSCHEM,1052.8,2026-08-13,-5.94,-1.01,1.87,20.37,14.36,-26.64
NEAGI,3138.4,2026-08-13,-0.03,-0.36,1.86,-0.99,,
SVPGLOB,3.85,2026-08-13,-0.77,-1.03,1.85,-4.7,20.31,8.45
WILLAMAGOR,25.98,2026-08-13,-1.93,-2.22,1.84,-5.18,-11.69,-23.66
KREBSBIO,55.93,2026-08-13,-2.27,0.25,1.84,-4.47,-6.52,-26.32
CPPLUS,3704.2,2026-08-13,-1.61,8.04,1.83,48.11,135.55,247.45
MASPTOP50,80.55,2026-08-13,-0.12,4.04,1.82,0.11,13.8,27.01
MANAKSIA,59.5,2026-08-13,1.99,4.99,1.81,-1.85,-6.46,-14.57
HALDYNGL,125.17,2026-08-13,-4.24,-0.86,1.81,17.66,,
MID150CASE,11.83,2026-08-13,0.17,0.85,1.81,6.87,7.94,12.56
SHINDL,161.99,2026-08-13,-0.8,1.02,1.8,8.88,,
CESC,164.83,2026-08-13,0.15,-0.69,1.8,-8.27,9.65,3.68
SBFC,94.56,2026-08-13,0.6,2.69,1.79,3.2,-2.26,-8.51
GNA,538.65,2026-08-13,-0.01,0.27,1.78,40.26,25.65,79.76
PFOCUS,274.3,2026-08-13,-3.09,-8.18,1.77,-0.04,4.77,85.2
TOP15IETF,10.04,2026-08-13,-0.69,0.1,1.77,5.46,-6.2,-0.38
SBINEQWETF,33.9,2026-08-13,-1.05,-1.02,1.77,4.82,0.92,8.2
SHRIKRISH,40.08,2026-08-13,-1.35,0.05,1.75,-6.75,,
RBLBANK,387.25,2026-08-13,-0.96,1.92,1.75,18.88,23.41,53.14
COMMITTED,343.9,2026-08-12,-0.61,-1.74,1.75,26.43,70.33,55.93
MID150BEES,243.53,2026-08-13,0.28,0.84,1.75,6.62,7.61,12.1
KPIL,1365.1,2026-08-13,3.78,6.36,1.74,11.96,25.45,11.56
YATRA,116.11,2026-08-13,11.08,7.88,1.74,19.92,-30.48,-21.87
ORIENTPPR,17.01,2026-08-13,-2.91,-10.71,1.73,-3.68,-14.82,-39.25
SAGILITY,42.66,2026-08-13,-2.25,-2.56,1.73,-0.79,-9.66,-5.66
ORIENTLTD,75.01,2026-08-13,-4.45,-2.91,1.72,13.14,22.87,-16.46
GARFIBRES,752.15,2026-08-13,-5.9,-1.24,1.72,20.45,4.8,-5.66
SADHAV,118.0,2026-08-12,2.16,-1.79,1.72,5.03,11.32,8.46
NIF100IETF,28.55,2026-08-13,-0.56,-0.31,1.71,5.27,-1.75,20.15
SML100CASE,11.27,2026-08-13,0.09,1.08,1.71,10.6,17.0,
BANSWRAS,120.22,2026-08-13,-3.2,-5.59,1.71,-1.51,-0.88,-8.68
GKSL,136.18,2026-08-13,1.85,6.61,1.7,-3.81,23.28,
RADAAN,2.99,2026-08-13,-3.24,-6.56,1.7,-5.08,-4.17,-20.9
KFINTECH,929.0,2026-08-13,0.05,-1.69,1.7,12.87,-2.74,-14.95
ALPHAETF,26.8,2026-08-13,0.07,2.1,1.67,6.52,5.85,8.2
VAML,450.65,2026-08-13,-4.64,-0.32,1.67,,,
PILANIINVS,4533.5,2026-08-13,3.88,4.3,1.66,3.21,-0.65,-10.18
JMFINANCIL,129.37,2026-08-13,1.7,7.01,1.66,-5.72,-3.77,-29.09
ENGINERSIN,240.58,2026-08-13,-2.98,6.08,1.66,-0.01,20.17,22.26
MIDCAP,18.74,2026-08-13,0.86,0.7,1.63,7.09,-88.25,-88.25
GAIL,175.9,2026-08-13,1.97,0.92,1.61,7.71,8.79,4.63
MIDCAPETF,24.01,2026-08-13,0.21,0.63,1.61,6.52,7.57,11.93
TOP100CASE,10.74,2026-08-13,-0.56,-0.46,1.61,5.4,-1.47,2.09
CALSOFT,23.43,2026-08-13,7.77,7.43,1.6,-6.99,68.8,69.29
HERCULES,159.32,2026-08-12,0.0,1.59,1.59,1.59,1.59,2.55
EQUAL50ADD,347.9,2026-08-13,-0.93,-1.15,1.57,4.61,0.92,7.85
SECMARK,126.07,2026-08-13,0.82,1.29,1.56,-5.21,14.86,-9.95
SBINMID150,23.56,2026-08-13,0.34,0.55,1.56,6.6,,
RELIANCE,1317.0,2026-08-13,-0.78,-0.15,1.55,-2.63,-6.8,-3.92
EVEREADY,357.2,2026-08-13,1.88,1.15,1.55,12.05,5.41,-13.69
IFBAGRO,1021.0,2026-08-13,4.17,3.76,1.55,-4.11,11.82,30.5
TASTYBITE,9090.5,2026-08-13,-4.56,-3.5,1.54,19.75,18.61,-11.54
KRISHIVAL,405.9,2026-08-13,2.04,4.25,1.54,10.31,26.61,6.73
MADHAV,35.76,2026-08-13,2.29,4.5,1.53,-4.13,-5.27,-16.43
GROWWSC250,10.61,2026-08-13,0.47,0.95,1.53,9.49,14.83,
MONQ50,148.63,2026-08-13,2.69,5.74,1.52,10.37,48.81,85.9
HONASA,479.45,2026-08-13,0.49,4.64,1.52,38.13,59.05,68.14
AONETOTAL,12.05,2026-08-13,-0.33,0.25,1.52,6.26,2.29,4.87
APLLTD,831.2,2026-08-13,-0.02,3.16,1.51,9.86,9.57,-10.52
MIDCAPIETF,24.36,2026-08-13,0.33,0.87,1.5,6.61,7.93,12.1
BSE500IETF,39.96,2026-08-13,-0.45,-0.1,1.5,5.77,1.52,4.5
COROMANDEL,2088.8,2026-08-13,-0.45,-1.25,1.49,12.38,-8.28,-7.03
CELLO,369.75,2026-08-13,2.67,7.0,1.49,-7.59,-26.85,-31.47
SUBEXLTD,13.73,2026-08-13,-1.15,6.85,1.48,22.92,35.81,2.39
LINCOLN,619.5,2026-08-13,4.19,6.67,1.48,-6.99,-5.32,14.15
CENTUM,3791.0,2026-08-13,-1.82,3.11,1.48,25.65,64.56,53.83
HITECHCORP,330.95,2026-08-13,2.46,3.68,1.47,139.44,118.12,63.63
FINOPB,163.7,2026-08-13,3.89,0.89,1.47,30.83,-25.06,-35.83
HEXT,574.55,2026-08-13,0.75,2.63,1.47,17.72,4.24,-18.5
MAHKTECH,23.45,2026-08-13,-0.64,-0.64,1.47,-6.01,-5.86,-4.32
MOM100,69.0,2026-08-13,0.32,1.14,1.47,6.63,7.81,13.11
SUTLEJTEX,38.35,2026-08-13,0.03,0.84,1.46,5.24,21.17,6.91
DYNPRO,237.3,2026-08-13,-12.01,-10.18,1.46,1.71,-3.1,-32.83
HEALTHADD,16.69,2026-08-13,-0.83,-0.65,1.46,-89.21,-88.51,-88.71
TGL,20.85,2026-08-12,-1.65,8.59,1.46,-12.03,-55.83,-80.38
THELEELA,508.45,2026-08-13,0.29,1.33,1.45,22.92,14.19,16.24
GROWWMC150,234.71,2026-08-13,-0.69,0.81,1.45,5.96,7.18,
GROWWRAIL,29.3,2026-08-13,-0.14,-1.61,1.45,-8.98,-11.53,-15.78
FINIETF,33.5,2026-08-13,0.09,-0.89,1.45,6.35,2.89,12.45
SILLYMONKS,16.25,2026-08-13,0.74,7.4,1.44,-3.45,-14.97,7.97
INDOTECH,3445.2,2026-08-13,-9.44,-0.73,1.44,30.13,150.74,89.78
AWL,192.11,2026-08-13,-2.05,0.95,1.44,-1.54,-4.2,-23.52
MEDICAMEQ,241.02,2026-08-13,1.93,0.42,1.42,-13.32,-31.78,-30.03
MOM50,256.4,2026-08-13,-0.51,-0.0,1.41,4.94,-3.41,0.23
CYIENT,879.65,2026-08-13,2.88,2.46,1.41,-0.78,-11.61,-23.75
LEMERITE,23.24,2026-08-13,0.39,-0.09,1.4,-73.4,-74.65,-64.11
GILT5BETA,66.92,2026-08-13,1.15,1.35,1.39,2.8,5.19,6.53
SURAJLTD,224.88,2026-08-13,0.82,1.8,1.39,-5.59,-1.86,-33.54
ABSLMSCIN,30.0,2026-08-13,-0.7,0.7,1.39,5.26,,
LICNFNHGP,280.31,2026-08-13,-0.33,-0.82,1.39,4.89,-1.66,2.93
FELIX,187.75,2026-08-12,2.23,1.13,1.38,-12.55,-6.55,5.06
MULTICAP,16.93,2026-08-13,-0.41,0.0,1.38,6.54,4.7,6.54
HEALTHY,17.06,2026-08-13,-0.47,-0.35,1.37,8.32,15.5,13.13
EMULTIMQ,42.17,2026-08-13,0.45,2.95,1.37,0.64,0.24,3.66
GODREJAGRO,562.2,2026-08-13,1.11,-0.5,1.37,1.75,-11.99,-26.22
ARIHANTCAP,74.96,2026-08-13,-1.1,-3.25,1.37,7.81,-0.39,-23.73
MAHLIFE,383.75,2026-08-13,-0.8,-3.64,1.36,19.0,5.01,13.17
FISCHER,38.79,2026-08-13,-0.49,0.31,1.36,8.81,-6.05,-59.41
SBGLP,25.54,2026-08-13,1.35,-0.04,1.35,-2.78,-17.48,-38.76
LICNETFSEN,883.91,2026-08-13,-0.02,-0.52,1.35,5.24,-6.18,-1.76
CREATIVEYE,6.08,2026-08-13,-0.33,-1.94,1.33,-11.88,-10.72,-20.94
LANDSMILL,0.76,2026-08-13,-3.8,-5.0,1.33,-16.48,-36.67,-32.74
HDFCMID150,23.78,2026-08-13,0.25,0.46,1.32,6.21,7.26,11.7
SMALLADD,18.49,2026-08-13,-0.05,1.2,1.32,10.13,15.06,
CHEMFAB,376.95,2026-08-13,-0.28,0.0,1.32,-12.61,-6.45,-44.87
TATAPOWER,382.8,2026-08-13,0.21,0.21,1.31,-4.77,2.96,-0.52
BEML,1910.6,2026-08-13,1.39,9.57,1.31,3.48,10.21,-6.0
MONIFTY500,24.22,2026-08-13,-0.21,0.12,1.3,6.0,1.76,4.49
MSCIADD,30.05,2026-08-13,-2.78,-0.07,1.28,5.25,,
MSCIINDIA,30.33,2026-08-13,-0.49,-0.56,1.27,5.28,-0.62,3.8
PAKKA,74.64,2026-08-13,3.87,4.71,1.25,-18.83,-16.95,-57.44
VETO,124.13,2026-08-13,2.44,0.78,1.24,14.29,22.07,1.7
NIFTYBETF,251.27,2026-08-13,-0.78,-0.56,1.22,4.7,-3.74,0.2
RAJOOENG,50.89,2026-08-13,-1.18,-2.97,1.21,-10.56,-20.27,-49.53
ROML,45.48,2026-08-13,2.13,1.07,1.2,1.04,3.36,-1.26
RAJPALAYAM,832.45,2026-08-13,-0.59,1.66,1.2,3.12,,
MSUMI,40.44,2026-08-13,-1.46,-2.51,1.2,2.54,-4.12,8.94
GVPIL,810.1,2026-08-13,8.11,6.87,1.18,16.03,70.49,140.86
SALONA,258.4,2026-08-13,7.38,4.17,1.17,-6.26,1.81,7.18
STEL,560.4,2026-08-13,4.64,-0.95,1.16,21.14,16.58,28.74
INDUSINDBK,1024.7,2026-08-13,-0.25,-0.41,1.16,15.0,10.83,32.7
MOIL,279.6,2026-08-13,-1.5,-0.87,1.16,-8.78,-9.01,-13.9
SHARDAMOTR,881.95,2026-08-13,-7.72,-3.33,1.15,3.18,-6.4,-13.93
ASTERDM,824.3,2026-08-13,-4.94,1.12,1.15,12.04,38.01,35.27
INDOBORAX,438.3,2026-08-13,2.05,4.68,1.14,66.05,96.58,82.77
GROWWNIFTY,9.87,2026-08-13,-0.6,-0.2,1.13,4.89,-3.71,
AISL,58.0,2026-08-12,-1.69,1.75,1.13,3.76,-20.22,-32.56
IWP,33.8,2026-08-13,0.99,2.02,1.11,-4.55,,
IOC,141.5,2026-08-13,-0.35,-1.53,1.11,-0.13,-18.94,3.68
MINDACORP,712.05,2026-08-13,-3.27,-2.14,1.09,39.75,19.07,45.48
SRD,41.07,2026-08-13,10.82,4.74,1.08,-5.33,-26.77,-47.14
HDFCSML250,185.21,2026-08-13,0.31,1.0,1.08,9.7,14.89,9.83
HDFCNIFTY,275.2,2026-08-13,-0.92,-0.19,1.07,4.82,-3.67,0.02
APOLSINHOT,1232.8,2026-08-13,-0.03,2.13,1.07,9.42,-3.51,-15.27
MICROPRO,19.0,2026-08-12,0.0,3.83,1.06,-3.06,-3.06,-13.24
KALPATARU,287.9,2026-08-13,0.24,-4.26,1.05,-16.82,-17.37,-29.16
ELGIEQUIP,576.55,2026-08-13,-1.03,-1.04,1.05,11.71,13.68,15.78
BAYERCROP,4085.4,2026-08-13,-1.73,-3.73,1.05,-6.23,-13.53,-25.22
NIFTYBEES,278.16,2026-08-13,-0.82,-0.61,1.04,4.79,-3.71,0.05
VALUE,16.34,2026-08-13,-0.79,-0.06,1.04,-1.23,,
MOSMALL250,18.44,2026-08-13,0.11,3.07,1.04,9.7,14.53,9.76
GLFL,5.85,2026-08-13,7.34,0.0,1.04,-16.43,-3.47,-7.87
GCSL,515.95,2026-08-13,-0.27,1.42,1.03,35.77,53.97,
ALKYLAMINE,1923.1,2026-08-13,0.35,5.41,1.03,18.16,26.99,-7.6
NMDC,85.0,2026-08-13,-0.56,1.43,1.03,-6.71,7.01,22.36
MGL,1125.8,2026-08-13,0.2,0.91,1.02,7.54,1.69,-14.16
WALPAR,34.85,2026-08-12,0.0,0.0,1.01,-4.52,-23.41,-25.05
NAVKARURB,1.0,2026-08-13,1.01,-2.91,1.01,25.0,-17.36,-59.93
ABGSEC,115.14,2026-08-13,0.69,1.33,1.0,2.51,3.23,5.47
PREMCO,377.35,2026-08-13,-0.85,-0.72,1.0,-5.37,,
SAIL,168.68,2026-08-13,-2.19,2.23,1.0,-16.21,5.9,37.68
AONENIFTY,10.07,2026-08-13,-0.69,-0.59,1.0,4.68,-3.82,0.3
GLOBAL,102.48,2026-08-13,0.88,1.1,1.0,-0.23,8.45,59.6
MIDCAPBETA,237.56,2026-08-13,0.28,0.58,0.99,6.15,7.39,
AVTNPL,71.31,2026-08-13,-0.64,1.48,0.98,8.02,9.62,-1.89
NIFTYADD,256.96,2026-08-13,-0.88,-0.68,0.98,4.7,-3.71,0.05
NIFTYIETF,276.76,2026-08-13,-0.98,-0.56,0.98,4.83,-3.7,0.03
NIFTYETF,265.33,2026-08-13,-0.89,-0.88,0.96,4.76,-3.72,-0.01
TUNWAL,26.3,2026-08-12,-0.38,1.15,0.96,-22.3,-9.47,-5.76
NIRAJ,29.47,2026-08-13,0.34,1.34,0.96,-5.12,-7.44,-40.67
IDFNIFTYET,269.14,2026-08-13,-1.4,-0.88,0.95,4.48,-3.7,0.04
BIRLAPREC,37.52,2026-08-13,8.47,7.82,0.94,-6.74,,
TATACAP,363.75,2026-08-13,-1.11,-0.27,0.94,19.32,3.13,
IFGLEXPOR,223.13,2026-08-13,-0.96,7.61,0.94,31.15,19.21,-3.1
AMBICAAGAR,24.89,2026-08-13,1.55,-0.64,0.93,4.19,1.18,-8.12
BLIL,70.7,2026-08-13,-0.16,-0.25,0.93,-4.96,,
NETF,265.4,2026-08-13,-0.83,-0.5,0.92,4.64,-3.99,-0.09
BSLNIFTY,28.64,2026-08-13,-0.9,-0.69,0.92,5.02,-3.6,0.28
NIFTYBETA,270.72,2026-08-13,-0.75,-0.5,0.91,4.83,-3.68,
AUTOAXLES,1782.4,2026-08-13,-2.14,-3.57,0.91,6.94,-9.66,9.96
SETFNIF50,262.84,2026-08-13,-0.8,-0.66,0.9,4.78,-3.73,-0.03
JSWENERGY,558.6,2026-08-13,-3.36,-1.83,0.89,10.07,18.07,4.77
INDTERRAIN,32.08,2026-08-13,0.53,-3.92,0.88,3.82,-12.33,-12.61
NIFTY1,270.72,2026-08-13,-0.78,-0.49,0.88,4.73,-3.81,0.05
NIF100BEES,271.23,2026-08-13,-0.82,0.34,0.87,4.86,-1.78,2.16
HDFCBSE500,38.11,2026-08-13,-0.34,-0.37,0.87,6.48,2.42,5.22
3BBLACKBIO,1225.5,2026-08-13,-1.53,-1.81,0.86,-5.06,,
GSEC10YEAR,30.68,2026-08-13,0.85,1.76,0.85,3.51,3.3,5.61
VENKEYS,1523.0,2026-08-13,-2.68,-2.68,0.85,-10.91,5.81,7.65
ALLDIGI,810.5,2026-08-13,-0.22,-0.48,0.85,3.65,1.18,-16.0
HDFCNIF100,26.33,2026-08-13,-1.53,-0.45,0.84,5.07,-2.16,1.5
NYKAA,331.15,2026-08-13,2.3,-3.99,0.84,24.56,22.22,53.99
KIMS,807.55,2026-08-13,-1.46,-1.59,0.82,4.05,17.51,10.44
GLENMARK,2320.0,2026-08-13,3.05,4.04,0.81,1.86,16.14,14.61
LICNETFN50,273.2,2026-08-13,-1.24,-0.99,0.81,4.32,-3.93,0.3
SENSEXIETF,897.03,2026-08-13,-1.33,-0.19,0.8,4.99,-5.21,-2.38
EKC,116.45,2026-08-13,1.66,6.08,0.8,-0.16,-4.47,-10.88
DCAL,198.5,2026-08-13,5.42,5.56,0.8,12.72,-1.61,-22.13
GSEC10IETF,267.12,2026-08-13,0.0,0.89,0.8,3.26,2.9,4.49
CSM,100.2,2026-08-13,-5.02,-4.46,0.8,,,
QNIFTY,268.41,2026-08-13,-0.88,-0.79,0.79,4.7,-3.89,-90.01
LATTEYS,20.89,2026-08-13,4.09,5.19,0.77,-20.33,-2.61,8.41
EDELWEISS,124.88,2026-08-13,5.49,7.35,0.77,7.49,1.99,32.08
GILT5YBEES,66.41,2026-08-13,-0.05,0.35,0.77,3.47,3.72,6.36
ESG,41.97,2026-08-13,-0.99,-1.18,0.77,5.06,-2.53,-0.19
JUBLINGREA,736.3,2026-08-13,-0.75,-2.79,0.76,1.9,15.3,6.21
SHIVAMILLS,60.06,2026-08-13,-6.81,-0.41,0.75,-7.87,6.06,-13.3
TVSHLTD,14317.0,2026-08-13,-2.21,-3.5,0.75,3.28,-4.25,22.97
VINATIORGA,1344.6,2026-08-13,1.74,1.62,0.75,4.36,-10.28,-17.22
MOGSEC,65.63,2026-08-13,0.18,-0.59,0.75,3.35,3.71,6.06
TOP10ADD,88.46,2026-08-13,-0.9,-1.23,0.72,3.52,-7.3,-6.18
UNIHEALTH,715.0,2026-08-12,-5.52,-11.44,0.71,63.11,148.09,333.33
3MINDIA,36165.0,2026-08-13,0.74,0.58,0.71,18.08,4.48,20.31
DAICHI,323.75,2026-08-13,1.19,0.83,0.7,27.36,,
EBBETF0425,1290.83,2025-04-08,0.02,0.23,0.7,1.9,3.85,7.57
ENSER,14.35,2026-08-12,-2.38,-1.37,0.7,-10.31,12.11,-33.26
GROWWN200,11.47,2026-08-13,-0.95,-0.78,0.7,4.84,-0.61,3.5
BALAJITELE,92.52,2026-08-13,2.31,9.44,0.69,-13.09,2.78,0.48
MAHSCOOTER,13340.0,2026-08-13,-2.57,-4.28,0.68,10.94,-0.51,-13.72
MOVALUE,115.22,2026-08-13,0.06,-0.02,0.65,-0.54,-5.78,13.07
ICICIBANK,1406.8,2026-08-13,-1.75,-3.64,0.65,14.82,0.29,-0.15
VAL30IETF,15.48,2026-08-13,-0.26,-0.26,0.65,-1.4,-2.76,18.89
HARRMALAYA,222.68,2026-08-13,-0.32,3.75,0.65,6.1,30.97,1.62
HEIDELBERG,158.08,2026-08-13,1.84,1.65,0.64,2.86,-4.97,-24.05
GMDCLTD,593.25,2026-08-13,-1.64,5.75,0.63,-10.53,3.88,45.44
EBBETF0430,1615.2,2026-08-13,0.23,0.3,0.63,2.99,3.16,5.67
BBETF0432,1355.89,2026-08-13,0.18,0.06,0.61,3.15,3.61,5.5
SETF10GILT,266.84,2026-08-13,0.16,1.09,0.6,3.86,2.73,3.91
FIVESTAR,545.2,2026-08-13,-0.25,-1.12,0.57,17.26,24.36,-5.18
NDGL,2918.7,2026-08-13,8.19,2.54,0.57,8.52,15.57,-26.92
BSLSENETFG,78.55,2026-08-13,-1.65,-0.75,0.56,4.68,-5.28,-2.39
SENSEXETF,80.3,2026-08-13,-0.89,-1.17,0.56,4.82,-5.08,-2.63
JMA,89.6,2026-08-13,2.89,1.05,0.56,5.31,2.33,4.46
APOLLOTYRE,443.05,2026-08-13,-0.65,1.48,0.56,12.39,-9.0,0.91
VISHWARAJ,5.45,2026-08-13,0.93,4.01,0.55,-2.33,-7.0,-38.76
SUNPHARMA,1932.0,2026-08-13,-0.64,-1.6,0.55,6.15,14.11,18.9
LICNETFGSC,29.64,2026-08-13,0.1,0.71,0.54,3.67,3.06,4.92
OAL,356.65,2026-08-13,-5.74,-5.74,0.54,18.17,19.8,9.03
VEDL,271.1,2026-08-13,-4.42,1.44,0.54,-16.16,-59.08,-34.86
AGI,701.9,2026-08-13,-2.27,-0.33,0.54,18.27,15.05,-21.48
ZENITHSTL,5.54,2026-08-13,4.14,-1.6,0.54,-9.92,6.54,-30.4
ELPROINTL,174.73,2026-08-13,-0.46,-2.04,0.53,5.13,,
SRM,501.1,2026-08-13,-2.49,0.95,0.51,2.88,27.83,7.0
MANCREDIT,241.86,2026-08-13,5.16,-6.02,0.51,41.96,49.66,35.18
SENSEXBETA,863.06,2026-08-13,-0.76,-0.16,0.51,4.89,-5.23,
ALANKIT,8.11,2026-08-13,-3.8,4.38,0.5,-6.89,-12.61,-45.28
SOUTHBANK,45.66,2026-08-13,0.24,-2.04,0.5,19.83,12.6,56.25
IRCTC,504.45,2026-08-13,-3.41,-1.76,0.48,-5.9,-17.85,-29.66
EFORCE,20.9,2026-08-12,-0.24,-1.65,0.48,-17.06,-33.65,-51.9
KAMATHOTEL,187.54,2026-08-13,12.12,10.22,0.48,11.19,-0.49,-29.16
LTGILTBEES,30.09,2026-08-13,0.03,0.43,0.47,3.51,2.77,4.88
GSEC5IETF,66.31,2026-08-13,-0.69,0.44,0.44,2.74,2.92,5.67
LGBBROSLTD,1591.2,2026-08-13,2.55,3.84,0.44,-2.85,-17.06,28.02
OILIETF,11.38,2026-08-13,-0.44,-0.61,0.44,-2.07,-6.18,1.25
DCMSRIND,41.71,2026-08-13,-5.93,0.36,0.43,-0.86,9.69,-73.92
LIQUID1,1117.91,2026-08-13,0.04,0.13,0.42,1.26,2.43,5.1
CASHIETF,1075.03,2026-08-13,0.04,0.13,0.42,1.25,2.41,5.06
AONELIQUID,1072.34,2026-08-13,0.04,0.13,0.42,1.25,2.42,5.05
RISHABH,660.6,2026-08-13,-1.68,1.6,0.42,35.99,51.7,122.23
KERNEX,2242.7,2026-08-13,-2.92,-1.55,0.42,59.49,92.09,92.47
LIQUIDADD,1140.02,2026-08-13,0.04,0.13,0.41,1.23,2.38,4.99
ELIQUID,1043.4,2026-08-13,0.04,0.13,0.41,1.25,2.46,
HDFCLIQUID,1073.45,2026-08-13,0.04,0.13,0.41,1.25,2.39,7.09
LIQUID,999.99,2026-08-13,0.0,0.0,0.41,0.81,1.54,4.06
LIQUIDSBI,1000.01,2026-08-13,0.0,0.0,0.41,0.81,1.56,3.5
LIQUIDPLUS,1098.63,2026-08-13,0.04,0.13,0.41,1.25,2.42,5.08
LIQUIDCASE,115.43,2026-08-13,0.03,0.11,0.4,1.23,2.39,5.0
ICRA,5196.3,2026-08-13,2.02,1.26,0.4,0.73,-9.99,-14.16
LIQUIDBETF,1094.34,2026-08-13,0.04,0.12,0.4,1.21,2.34,4.9
ABSLLIQUID,1000.0,2026-08-13,0.0,0.0,0.4,0.92,1.69,3.37
GROWWLIQID,110.31,2026-08-13,0.04,0.12,0.39,1.17,2.28,4.79
EBBETF0431,1443.01,2026-08-13,0.1,0.28,0.39,3.17,3.19,5.29
LIQUIDSHRI,1117.08,2026-08-13,0.04,0.12,0.39,1.18,2.28,4.82
HMVL,89.61,2026-08-13,-4.54,-5.75,0.38,39.47,26.18,4.45
SUNDARMFIN,4546.0,2026-08-13,-0.49,-5.85,0.37,0.79,-13.6,2.42
LLOYDSENGG,91.15,2026-08-13,-4.38,-0.75,0.36,29.24,71.79,28.78
SENSEXADD,80.18,2026-08-13,-0.76,-1.15,0.35,4.67,-5.49,-2.69
SAGARDEEP,24.11,2026-08-13,-2.35,-1.55,0.33,-0.08,-3.64,-13.55
HINDPETRO,392.9,2026-08-13,-0.06,-0.53,0.33,0.72,-12.73,-0.9
HDFCSENSEX,88.19,2026-08-13,-0.8,-0.93,0.32,4.74,-5.53,-2.36
COMMOIETF,100.34,2026-08-13,-1.7,-1.13,0.32,-3.72,0.68,13.22
GARUDA,183.61,2026-08-13,-5.6,6.44,0.31,8.25,-9.79,0.88
RICOAUTO,131.84,2026-08-13,-7.49,-7.2,0.29,13.93,8.39,65.9
ORIENTCER,41.6,2026-08-13,-2.74,1.46,0.29,2.74,0.39,5.45
SMLT,67.95,2026-08-13,-3.62,-1.52,0.28,-4.32,-21.2,-36.25
RPGLIFE,2830.5,2026-08-13,7.3,2.67,0.27,22.51,44.76,25.28
ACCELYA,1133.9,2026-08-13,-0.85,-0.7,0.27,0.72,-4.84,-13.49
RAIN,213.99,2026-08-13,4.6,-6.77,0.27,34.65,40.44,35.74
SPCENET,3.81,2026-08-13,-1.55,11.08,0.26,0.28,-29.25,-34.8
IFCI,76.66,2026-08-13,0.84,-0.84,0.26,18.01,21.93,43.64
ELIN,99.59,2026-08-13,4.02,-3.82,0.24,-17.5,-30.41,-43.92
KOTHARIPRO,69.15,2026-08-13,0.92,0.71,0.23,-6.22,8.74,-13.19
LAL,8.81,2026-08-13,0.8,8.36,0.23,26.22,9.71,-14.96
ABDL,627.7,2026-08-13,0.48,1.32,0.23,12.73,19.65,28.14
ATL,23.64,2026-08-13,-5.52,1.55,0.21,-7.08,-6.67,-18.14
INFRAIETF,96.77,2026-08-13,-0.84,-0.77,0.19,1.94,-1.43,4.29
NCC,144.72,2026-08-13,-1.18,0.21,0.19,-9.31,-4.75,-34.36
DCMFINSERV,5.39,2026-08-13,0.19,9.11,0.19,14.44,22.22,-9.87
TITAGARH,850.75,2026-08-13,1.35,-0.97,0.17,9.94,11.24,4.7
UNIINFO,12.16,2026-08-13,-0.57,0.08,0.16,1.67,-14.43,-39.35
IMAGICAA,47.22,2026-08-13,-3.83,-3.81,0.15,6.02,-1.77,-19.05
COMPUSOFT,13.19,2026-08-13,-0.08,-1.57,0.15,-4.07,-10.21,-34.04
JUSTDIAL,677.85,2026-08-13,-1.41,-4.62,0.15,28.15,5.36,-17.72
HMAAGRO,21.91,2026-08-13,-0.81,4.88,0.14,-8.94,-21.75,-27.59
CREDITACC,1542.4,2026-08-13,0.78,-1.01,0.14,15.58,21.45,18.94
FMGOETZE,471.85,2026-08-13,-3.95,-0.55,0.13,6.21,9.68,-8.73
PETRONET,279.3,2026-08-13,-0.25,-1.95,0.13,4.12,-2.71,5.4
EBBETF0433,1317.74,2026-08-13,-0.14,-0.11,0.12,3.38,3.23,5.54
BLBLIMITED,16.07,2026-08-13,-0.86,4.42,0.12,-0.68,12.77,-2.43
PLASTIBLEN,196.03,2026-08-13,-1.21,2.84,0.12,18.28,26.82,2.22
ICDSLTD,40.05,2026-08-13,-2.67,1.01,0.12,-15.67,-1.62,-13.69
MAGSON,180.0,2026-08-12,-3.74,0.0,0.11,0.0,30.43,44.0
SONAMLTD,53.74,2026-08-13,-1.01,-0.22,0.11,7.56,28.24,14.73
INDIACEM,382.0,2026-08-13,-2.64,-2.29,0.09,-3.64,-13.64,3.55
AMIABLE,73.0,2026-08-12,0.0,3.25,0.07,12.05,0.14,5.64
WONDERLA,470.85,2026-08-13,-2.82,-2.56,0.07,-2.15,-4.75,-17.2
SIS,434.8,2026-08-13,1.74,2.28,0.06,16.27,32.82,24.1
ABCAPITAL,407.7,2026-08-13,-0.01,-3.92,0.06,18.41,21.27,51.17
BEL,410.5,2026-08-13,1.66,4.82,0.06,-4.01,-5.22,6.41
SCHNEIDER,1379.1,2026-08-13,-3.21,2.45,0.06,7.63,69.9,55.6
ASTAR,600.25,2026-08-13,0.21,2.59,0.04,-13.86,,
NSIL,5494.5,2026-08-13,-3.79,-2.27,0.04,-2.0,-9.48,-18.42
ZENTEC,1831.8,2026-08-13,6.5,10.59,0.04,15.63,39.37,29.05
MAHESHWARI,73.01,2026-08-13,0.01,0.01,0.01,38.96,69.2,20.14
UNIDT,226.15,2026-08-13,-3.62,-2.37,0.01,3.78,23.26,11.83
RVTH,714.85,2026-08-13,-0.8,1.16,0.01,2.43,15.13,-17.74
ORTINGLOBE,16.0,2026-08-13,9.36,3.23,0.0,4.58,2.5,12.68
MARSHALL,3.64,2026-08-12,0.0,0.0,0.0,0.0,0.0,-52.04
SAHAJ,3.85,2026-08-12,0.0,0.0,0.0,0.0,-13.48,-60.1
SHAIVAL,33.0,2026-08-12,0.0,0.0,0.0,0.0,8.2,8.2
TRANSWIND,13.15,2026-08-12,0.0,0.0,0.0,-9.31,-42.95,-13.2
GANGOTRI,0.61,2026-08-12,0.0,0.0,0.0,0.0,0.0,8.93
MELSTAR,4.25,2026-08-12,0.0,0.0,0.0,0.0,0.0,0.0
JAKHARIA,60.5,2026-08-12,0.0,0.0,0.0,0.0,0.0,-31.33
QUADPRO,2.4,2026-08-12,0.0,0.0,0.0,20.0,4.35,-26.15
SUULD,1.57,2026-08-12,0.0,0.0,0.0,0.0,0.0,-26.29
SANCO,2.9,2026-08-12,0.0,0.0,0.0,-9.94,17.41,1.75
VISAMAN,107.6,2026-08-12,0.0,0.0,0.0,-6.88,-16.46,30.9
RMCL,200.0,2026-08-12,0.0,0.0,0.0,0.0,0.0,0.0
PODDARHOUS,43.37,2026-08-12,0.0,0.0,0.0,0.0,0.0,0.0
MITTAL,0.92,2026-08-13,3.37,1.1,0.0,1.1,-6.12,-42.86
SUVIDHAA,2.54,2026-08-13,0.4,0.0,0.0,-12.71,-18.59,-41.47
BI,64.01,2026-08-13,5.37,3.53,0.0,-4.06,,
SECL,3.0,2026-08-12,0.0,0.0,0.0,-13.04,-26.83,-50.0
SECURCRED,1.56,2026-08-12,0.0,0.0,0.0,0.0,0.0,0.0
MINDPOOL,71.1,2026-08-12,0.0,0.0,0.0,0.0,0.0,-1.46
VINNY,1.06,2026-08-13,1.92,0.95,0.0,-7.83,-11.67,-17.83
SHIGAN,62.0,2026-08-12,-0.24,-0.96,0.0,-19.64,-15.65,-29.35
SRIRAM,10.1,2026-08-12,0.0,0.0,0.0,0.0,0.0,0.0
KTL,4.85,2026-08-12,0.0,0.0,0.0,0.0,0.0,-27.61
PATTECH,114.85,2026-08-12,0.0,0.0,0.0,-1.71,7.94,-27.06
AURIGROW,0.28,2026-08-12,0.0,0.0,0.0,-15.15,-20.0,-51.72
VASA,4.45,2026-08-12,0.0,0.0,0.0,-4.3,-11.0,-3.26
GOENKA,0.82,2026-08-12,0.0,0.0,0.0,0.0,0.0,1.23
TECHIN,14.0,2026-08-12,0.0,0.0,0.0,0.0,0.0,0.0
PARTYCRUS,85.0,2026-08-12,-4.49,-0.58,0.0,-11.6,2.91,21.43
BKMINDST,45.0,2026-08-12,0.0,0.0,0.0,0.0,0.0,0.0
INDLMETER,23.69,2026-08-12,0.0,0.0,0.0,0.0,0.0,0.0
PERFECT,8.1,2026-08-12,0.0,0.0,0.0,0.0,0.0,0.0
LIQUIDETF,1000.0,2026-08-13,0.0,0.0,0.0,0.0,0.72,2.9
LIQUIDIETF,999.99,2026-08-13,0.0,0.0,0.0,0.0,0.0,0.0
EMPOWER,2.19,2026-08-13,-5.19,-18.28,0.0,-22.06,,
AVSL,119.7,2026-08-12,0.0,0.0,0.0,0.0,0.0,-8.8
LIQUIDBEES,999.99,2026-08-13,-0.0,0.0,0.0,-0.0,-0.0,0.62
BRIGHT,2.8,2026-08-12,0.0,0.0,0.0,0.0,0.0,0.0
MPTODAY,46.0,2026-08-12,0.0,0.0,0.0,0.0,-3.26,-10.42
ALPSINDUS,34.3,2026-08-12,0.0,0.0,0.0,0.0,0.0,101.76
KALYANI,138.09,2026-08-12,0.0,0.0,0.0,0.0,0.0,0.0
JINDCOT,2.5,2024-11-08,0.0,0.0,0.0,0.0,0.0,0.0
MBECL,65.4,2026-08-12,0.0,0.0,0.0,0.0,0.0,0.0
OMKARCHEM,3.41,2026-08-12,0.0,0.0,0.0,0.0,-34.17,-54.71
JAGSNPHARM,230.02,2026-08-13,-1.27,-2.27,-0.02,9.64,31.77,-7.44
PALASHSECU,90.34,2026-08-13,-0.35,1.49,-0.02,-6.81,-5.98,-23.76
YATHARTH,845.1,2026-08-13,-5.97,1.34,-0.04,0.95,23.33,18.22
MRF,130985.0,2026-08-13,-2.14,-2.05,-0.05,3.74,-12.59,-5.49
HOLMARC,107.95,2026-08-12,-0.05,6.88,-0.05,5.83,5.94,-11.43
GILT10BETA,26.92,2026-08-13,0.82,1.47,-0.07,2.91,3.42,3.18
SONAL,91.0,2026-08-12,-0.44,1.73,-0.07,-1.36,,
DODLA,1109.8,2026-08-13,5.61,6.07,-0.07,2.8,-7.61,-14.94
JKIPL,99.46,2026-08-13,1.75,2.72,-0.08,19.29,45.01,
DRSDILIP,109.9,2026-08-12,0.0,-0.09,-0.09,-8.03,42.73,12.14
NIRLON,628.65,2026-08-13,-0.72,1.37,-0.09,5.25,,
POLYCAB,9297.0,2026-08-13,0.24,2.91,-0.1,5.1,23.11,34.1
ACCORD,198.35,2026-08-12,0.0,-1.98,-0.1,353.89,634.63,731.66
FMCGIETF,52.43,2026-08-13,-1.04,-1.13,-0.1,-2.96,-3.87,-10.68
INFRABEES,968.22,2026-08-13,-1.26,-0.4,-0.12,1.89,-1.42,4.0
GROWWPSE,99.57,2026-08-13,0.38,-0.6,-0.14,-6.39,-2.13,
KRITI,68.84,2026-08-13,1.8,-1.09,-0.16,-13.22,-20.46,-55.7
RECLTD,346.5,2026-08-13,0.8,-5.87,-0.16,1.13,2.01,-5.69
BAJAJHIND,17.67,2026-08-13,-2.38,0.86,-0.17,-5.66,7.94,-19.97
GSEC10ABSL,113.27,2026-08-11,0.0,0.0,-0.2,2.42,3.38,3.7
BALAXI,23.99,2026-08-13,-0.87,-0.04,-0.21,-10.69,9.84,-50.79
PROPEQUITY,234.5,2026-08-12,0.0,10.61,-0.21,7.57,21.19,16.67
URJA,9.6,2026-08-13,-0.72,-4.57,-0.21,-11.52,-3.81,-27.33
OBCL,53.5,2026-08-13,0.04,0.75,-0.22,-3.15,-7.23,-2.73
NV20IETF,13.78,2026-08-13,-0.86,-0.79,-0.22,1.55,-7.21,-2.55
JKCEMENT,5348.5,2026-08-13,-0.72,-3.86,-0.24,-1.0,-4.12,-22.65
ATLANTAA,39.38,2026-08-13,-12.86,11.88,-0.25,0.66,-7.17,13.36
VISHNU,600.25,2026-08-13,2.73,0.09,-0.26,3.98,16.52,23.36
GPTHEALTH,154.98,2026-08-13,-1.37,-5.47,-0.27,10.3,22.26,-1.9
POWERICA,572.8,2026-08-13,6.72,10.28,-0.27,11.75,,
SRHHYPOLTD,494.1,2026-08-13,-0.85,0.0,-0.28,-1.53,0.9,-19.47
DUCOL,107.0,2026-08-12,0.71,-5.69,-0.28,-3.91,-24.09,-23.3
ASMS,7.03,2026-08-13,-4.35,-0.71,-0.28,-6.89,-37.79,-45.96
BHARTIHEXA,1565.5,2026-08-13,3.88,-4.88,-0.29,6.26,-5.15,-6.77
RPSGVENT,904.35,2026-08-13,-0.58,-5.04,-0.29,-6.09,26.04,1.11
IGIL,345.1,2026-08-13,-2.61,-5.44,-0.29,5.5,7.17,4.1
MAANALU,121.7,2026-08-13,-2.55,-4.01,-0.3,-14.22,-16.77,8.83
MANINFRA,104.77,2026-08-13,-7.81,4.96,-0.3,-17.48,-5.23,-34.85
GRSE,2632.3,2026-08-13,1.76,1.92,-0.31,-7.75,8.2,0.44
SOUTHWEST,223.31,2026-08-13,-3.66,-7.12,-0.32,-4.72,19.69,61.41
RSWM,201.06,2026-08-13,-2.07,-10.54,-0.32,26.26,23.24,29.3
HDFCVALUE,127.4,2026-08-13,-0.97,-0.63,-0.34,1.66,-7.16,-2.62
JYOTHYLAB,199.98,2026-08-13,-2.66,-2.95,-0.34,-8.71,-16.68,-37.55
SHEMAROO,127.54,2026-08-13,5.54,8.09,-0.36,32.04,19.04,7.69
RITES,224.46,2026-08-13,-3.6,2.96,-0.37,6.17,3.27,-7.43
KIRLOSBROS,1935.5,2026-08-13,-0.31,4.08,-0.37,22.69,21.08,2.67
SPIC,67.85,2026-08-13,0.1,0.76,-0.38,0.25,-2.33,-19.48
ZFSTEERING,668.15,2026-08-13,1.65,-1.6,-0.38,-7.67,,
HNGSNGBEES,480.01,2026-08-13,-1.74,-3.35,-0.39,-11.68,-11.85,7.72
ANUHPHR,76.99,2026-08-13,-0.84,-2.43,-0.4,-1.81,-3.35,-9.7
SANDUMA,201.93,2026-08-13,-1.21,-4.54,-0.41,-11.75,-2.09,31.18
ITC,278.5,2026-08-13,-1.47,-2.96,-0.41,-6.03,-8.82,-29.47
MARALOVER,53.41,2026-08-13,0.11,-6.31,-0.41,-5.65,16.34,-10.95
OLIL,419.0,2026-08-12,-2.33,0.12,-0.42,-9.62,45.97,78.03
BANKIETF,59.31,2026-08-13,0.17,0.46,-0.42,8.41,-3.94,12.8
KIOCL,384.85,2026-08-13,-2.1,-2.54,-0.43,-2.93,9.72,15.74
APOLLOPIPE,508.45,2026-08-13,0.24,-1.43,-0.43,7.5,59.59,34.11
MOSERVICE,31.25,2026-08-13,-0.95,-1.64,-0.44,6.79,-5.44,
GMRP&UI,99.43,2026-08-13,3.06,2.32,-0.44,-4.82,-2.91,-15.91
ANLON,621.25,2026-08-12,-5.56,0.53,-0.44,11.74,57.28,55.31
CORALFINAC,33.18,2026-08-13,-0.81,-0.66,-0.45,0.24,-4.24,-25.26
SIYSIL,641.4,2026-08-13,3.45,1.92,-0.45,16.53,14.05,13.14
XCHANGING,65.74,2026-08-13,-3.35,-2.82,-0.45,1.17,-3.66,-23.28
SIDDHIKA,222.0,2026-08-12,6.09,8.24,-0.45,-6.18,14.95,12.49
BANKBEES,597.97,2026-08-13,0.2,0.11,-0.46,8.3,-3.93,4.79
BBNPNBETF,58.11,2026-08-13,-0.33,-0.31,-0.46,7.59,-3.7,5.1
NEOGEN,2138.9,2026-08-13,-1.96,4.08,-0.47,25.9,66.35,52.58
BANKINDIA,144.87,2026-08-13,2.74,3.11,-0.49,6.41,-7.53,31.74
QUESTLAB,90.75,2026-08-12,1.17,-0.98,-0.49,-22.6,-32.45,-8.05
HDFCNIFBAN,59.43,2026-08-13,0.1,0.73,-0.49,8.37,-3.99,4.85
INFRA,12.23,2026-08-13,-0.33,-0.16,-0.49,3.73,,
MAGNUM,19.5,2026-08-13,0.72,-2.45,-0.51,-7.1,-12.71,-14.55
RAYMONDLSL,738.55,2026-08-13,1.37,1.55,-0.51,-8.09,-22.26,-28.94
VARDHACRLC,44.06,2026-08-13,-2.33,-2.33,-0.52,-2.09,17.27,3.35
TFL,11.29,2026-08-13,3.39,1.35,-0.53,-8.66,-13.29,-33.23
ABSLBANETF,59.18,2026-08-13,-0.07,0.07,-0.54,8.31,-3.91,4.93
BANKBETF,58.65,2026-08-13,-0.14,0.07,-0.54,8.53,-3.92,4.83
MON100,330.55,2026-08-13,0.75,4.79,-0.55,1.04,43.57,61.8
SANSTAR,112.9,2026-08-13,-0.05,-3.38,-0.55,14.04,26.68,31.77
OLECTRA,1393.5,2026-08-13,1.84,3.67,-0.55,8.81,36.5,-5.69
EIDPARRY,780.3,2026-08-13,-1.38,0.0,-0.56,-3.11,-13.98,-31.46
SULA,150.12,2026-08-13,-2.38,-9.19,-0.57,-7.73,-14.92,-39.16
SCHAEFFLER,4111.2,2026-08-13,1.18,1.03,-0.57,0.02,9.89,5.92
ABSLPSE,10.28,2026-08-13,0.39,-0.77,-0.58,-6.46,-1.91,4.37
RKDL,18.56,2026-08-13,-2.62,-3.03,-0.59,-11.32,-8.66,-33.76
SETFNIFBK,592.87,2026-08-13,-0.06,-0.2,-0.59,8.23,-4.02,4.8
BANKNIFTY1,59.89,2026-08-13,-0.17,0.03,-0.6,8.18,-90.4,-89.5
HILINFRA,45.02,2026-08-13,-0.2,-4.21,-0.62,-10.85,-18.77,-64.49
PRADPME,498.35,2026-08-13,-4.16,-2.21,-0.63,26.16,,
NIACL,180.65,2026-08-13,0.61,2.96,-0.64,8.36,21.04,-1.23
MANGALAM,27.79,2026-08-13,1.87,3.0,-0.64,-9.27,-14.99,-62.63
NV20BEES,141.39,2026-08-13,-0.76,-0.86,-0.65,1.53,-7.33,48.49
EBANKNIFTY,58.33,2026-08-13,0.07,-0.14,-0.65,8.42,-3.86,5.29
ITDC,699.85,2026-08-13,0.6,-2.15,-0.65,24.86,31.32,30.19
AGUL,53.65,2026-08-12,-4.96,-14.3,-0.65,-10.51,-33.6,1.04
RELIABLE,143.47,2026-08-13,-2.43,-1.98,-0.66,10.84,-9.77,58.55
RAMASTEEL,4.49,2026-08-13,-5.67,6.4,-0.66,-14.96,-39.41,-57.44
IIFLCAPS,334.9,2026-08-13,0.3,-0.52,-0.67,-3.81,3.96,4.52
MITCON,77.47,2026-08-13,-2.55,2.34,-0.68,-2.66,29.96,5.43
AHLEAST,141.35,2026-08-13,-1.13,-1.24,-0.68,-11.81,-5.8,-10.95
PREMIER,2.89,2026-08-13,2.12,3.58,-0.69,3.58,-5.25,-23.54
INDIGRID,178.26,2026-08-12,-0.27,-0.06,-0.69,5.21,12.59,21.82
VITAL,53.55,2026-08-13,4.08,10.59,-0.69,-8.46,0.94,1.04
NILAINFRA,7.22,2026-08-13,-2.7,-5.74,-0.69,-13.74,-12.48,-35.07
WHIRLPOOL,784.8,2026-08-13,-2.24,-4.81,-0.7,-6.41,-12.64,-36.53
BANKETF,588.22,2026-08-13,0.2,-0.26,-0.7,8.24,-3.88,4.88
LAMBODHARA,113.0,2026-08-13,-0.42,1.53,-0.71,12.91,-0.52,-7.9
TATACONSUM,1090.5,2026-08-13,-1.64,-1.76,-0.74,-10.95,-2.87,4.13
TORNTPHARM,4914.5,2026-08-13,-0.19,-2.68,-0.74,14.63,21.58,37.05
INNOVANA,329.2,2026-08-13,-2.68,2.24,-0.75,-13.6,-21.28,-38.44
DONEAR,85.06,2026-08-13,1.12,0.73,-0.76,-3.77,-10.46,-12.43
DTIL,133.96,2026-08-13,-0.11,4.24,-0.76,-1.75,-4.27,-31.49
BHARATRAS,1366.4,2026-08-13,-0.28,2.18,-0.78,-1.92,-18.2,-51.79
LANCORHOL,27.85,2026-08-13,4.0,4.94,-0.78,12.03,0.98,29.84
ICICIB22,116.32,2026-08-13,-0.22,-0.24,-0.78,-3.86,-5.65,7.3
JWL,257.6,2026-08-13,0.08,-2.77,-0.79,-8.51,-12.31,-18.67
BANKADD,59.06,2026-08-13,-0.02,0.68,-0.79,8.31,-3.94,4.75
KMSUGAR,27.74,2026-08-13,-0.39,-1.6,-0.79,-4.93,8.96,-2.73
MANORAMA,1614.1,2026-08-13,-3.58,-1.16,-0.81,20.13,14.45,19.29
FIRSTCRY,214.14,2026-08-13,0.64,-0.22,-0.81,-9.28,-20.63,-42.88
CPS,1040.0,2026-08-12,0.0,-1.08,-0.83,8.9,-18.5,57.58
BANKBETA,59.65,2026-08-13,-0.05,-0.17,-0.83,8.2,-4.13,
ARTNIRMAN,41.19,2026-08-13,-1.72,7.88,-0.84,3.03,-0.46,-16.62
IGL,151.77,2026-08-13,-0.25,-2.82,-0.85,-4.73,-7.1,-24.5
SILKFLEX,210.15,2026-08-12,-0.24,4.5,-0.87,-1.62,74.33,159.44
BASILIC,200.35,2026-08-12,0.25,-0.79,-0.87,-11.0,-28.52,-56.49
GUJENERGY,284.4,2026-08-13,7.14,2.47,-0.89,-21.19,-32.99,-32.07
GANGESSECU,116.22,2026-08-13,-0.55,-3.15,-0.89,-11.21,-11.61,-28.7
SYSTANGO,217.5,2026-08-12,2.45,-1.32,-0.91,-17.64,-17.03,0.66
EMBASSY,439.47,2026-08-12,0.05,0.63,-0.94,5.56,0.9,21.2
MENNPIS,72.25,2026-08-13,-3.09,-2.93,-0.94,23.57,,
MOTOUR,80.17,2026-08-13,-0.84,-0.2,-0.95,11.77,0.36,-12.58
MIDCAPADD,23.44,2026-08-13,-0.38,0.39,-0.97,5.68,6.89,
3PLAND,32.33,2026-08-13,2.63,2.21,-0.98,-3.46,-6.83,-35.26
TCI,924.2,2026-08-13,-1.44,1.05,-0.99,3.26,-12.6,-17.66
SKFINDUS,2723.4,2026-08-13,-0.63,0.95,-1.01,24.27,11.41,
TARSONS,312.7,2026-08-13,-0.26,-1.48,-1.01,44.21,55.99,-9.23
MOPSE,99.99,2026-08-13,-1.57,-1.29,-1.01,-6.8,-2.89,3.39
DBL,413.9,2026-08-13,-6.52,-6.85,-1.02,-12.89,-4.1,-12.55
BHANDARI,2.91,2026-08-13,2.11,0.69,-1.02,-21.98,-28.33,-41.36
ONWARDTEC,287.4,2026-08-13,0.93,-2.2,-1.05,9.34,1.81,-7.41
BANKBARODA,248.0,2026-08-13,0.08,0.3,-1.06,-2.15,-10.93,5.88
GULPOLY,190.12,2026-08-13,-5.51,-4.22,-1.07,-0.78,17.11,15.87
GILLANDERS,88.37,2026-08-13,-4.07,-0.33,-1.07,-8.49,-6.63,-27.8
SINCLAIR,76.11,2026-08-13,-1.13,1.9,-1.07,-2.64,0.18,-23.32
AURUS,4.58,2026-08-13,-4.38,-0.65,-1.08,-10.89,-24.17,-35.85
NIDAN,13.8,2026-08-12,2.99,6.15,-1.08,-2.13,-18.82,-29.05
DIAMONDYD,1184.2,2026-08-13,-1.84,1.75,-1.08,18.01,10.29,27.53
ASPIRE,13.8,2026-08-12,-9.21,-7.69,-1.08,-16.36,-15.08,-43.56
UWCSL,100.8,2026-08-12,5.0,0.1,-1.08,15.07,-2.04,-11.94
INVENTURE,0.91,2026-08-13,1.11,0.0,-1.09,-7.14,-22.22,-39.74
ASTRAMICRO,1700.9,2026-08-13,-1.95,-8.0,-1.09,53.07,88.16,66.55
MAHABANK,81.65,2026-08-13,3.51,2.61,-1.1,3.66,26.67,52.84
METROPOLIS,558.5,2026-08-13,-2.47,-6.36,-1.1,2.12,14.92,5.53
BLUSPRING,115.49,2026-08-13,2.79,0.62,-1.12,73.41,88.06,39.51
BLACKBUCK,576.8,2026-08-13,0.09,4.68,-1.12,7.97,-9.15,4.24
KRSNAA,556.75,2026-08-13,-1.91,2.95,-1.14,-3.65,-16.74,-30.01
ACMESOLAR,374.5,2026-08-13,2.38,0.92,-1.14,32.54,66.71,32.87
IPCALAB,1796.3,2026-08-13,6.55,4.46,-1.14,19.67,21.35,32.09
PYRAMID,161.62,2026-08-13,-6.5,-12.62,-1.17,-6.66,5.36,3.8
TATAELXSI,3778.0,2026-08-13,-0.79,0.43,-1.19,-4.67,-20.28,-32.19
ENFUSE,169.95,2026-08-12,-1.13,6.75,-1.19,-11.02,-17.48,-25.41
CHOICEIN,810.25,2026-08-13,-4.08,-2.16,-1.21,22.19,7.48,0.97
ISFT,76.71,2026-08-13,-2.47,-7.02,-1.21,-5.99,-7.47,-23.94
TATASTEEL,184.85,2026-08-13,-2.83,-3.22,-1.21,-14.1,-7.15,17.78
BANARISUG,3462.5,2026-08-13,-0.42,-0.71,-1.22,-5.36,-3.32,-7.37
ENERGY,38.83,2026-08-13,-0.31,-0.41,-1.22,-2.71,8.55,
IOB,33.73,2026-08-13,-0.44,-1.09,-1.23,0.15,-3.16,-6.62
COHANCE,444.2,2026-08-13,-0.63,4.43,-1.23,-2.65,40.75,-54.95
BONLON,40.99,2026-08-13,0.37,-0.58,-1.23,-21.91,,
MAXESTATES,439.55,2026-08-13,4.29,9.79,-1.24,11.76,7.94,-4.75
DIFFNKG,391.15,2026-08-13,-1.11,-3.68,-1.24,28.58,44.3,17.16
NDL,2.36,2026-08-13,1.72,-0.42,-1.26,-11.94,-20.27,-30.59
RKSWAMY,98.35,2026-08-13,-7.57,-3.56,-1.29,11.78,-6.05,-34.28
ATLASCYCLE,96.62,2026-08-13,-0.34,-0.98,-1.3,-3.83,3.34,-17.62
PRITIKA,60.9,2026-08-12,-4.84,-4.84,-1.3,-16.97,-2.64,-32.26
KANANIIND,1.52,2026-08-13,1.33,1.33,-1.3,-3.8,-6.17,-24.0
KHAICHEM,51.19,2026-08-13,-1.01,3.73,-1.31,-10.62,-13.36,-52.37
CAMS,773.0,2026-08-13,-1.77,-1.96,-1.31,-0.7,8.1,2.88
BHAGYANGR,370.4,2026-08-13,-2.69,-4.4,-1.32,10.04,133.22,307.75
BCG,9.67,2026-08-13,-2.13,3.42,-1.33,5.8,-28.48,-33.54
MAZDA,236.56,2026-08-13,0.9,6.74,-1.34,16.73,6.31,-12.64
DPSCLTD,7.36,2026-08-13,0.0,-2.26,-1.34,-26.1,-24.12,-39.22
THACKER,1020.1,2026-08-13,-2.77,-2.85,-1.34,-2.18,,
SHREDIGCEM,72.05,2026-08-13,0.68,-2.54,-1.34,-1.29,3.94,-10.52
ANDHRAPAP,60.43,2026-08-13,-0.93,-1.72,-1.36,-7.32,-11.43,-19.15
PIONEEREMB,23.1,2026-08-13,1.14,-9.8,-1.37,-11.19,-17.29,-40.42
PCBL,314.7,2026-08-13,-2.69,-2.36,-1.38,12.87,5.94,-14.61
SPLPETRO,716.65,2026-08-13,3.3,0.1,-1.39,5.35,15.99,-3.5
MOENERGY,38.83,2026-08-13,0.0,-0.38,-1.4,-2.83,8.57,
VASWANI,53.04,2026-08-13,0.89,2.37,-1.41,-2.77,-9.73,3.72
GRAVITA,1819.7,2026-08-13,2.03,9.36,-1.42,5.81,10.04,1.74
IDBI,82.88,2026-08-13,-0.14,-2.16,-1.42,16.45,-25.16,-5.65
LFIC,140.15,2026-08-13,0.31,-0.65,-1.43,-4.22,3.26,-31.09
BILVYAPAR,4.1,2026-08-13,-3.53,1.49,-1.44,-19.77,-42.66,-63.72
UCOBANK,26.09,2026-08-13,-0.11,-0.84,-1.44,3.0,-5.7,-5.4
ALPEXSOLAR,788.45,2026-08-12,-2.68,-6.3,-1.45,-13.84,-9.47,-41.07
RVNL,228.15,2026-08-13,-1.1,-2.04,-1.46,-19.95,-26.15,-29.49
COLPAL,1995.5,2026-08-13,-1.19,-3.92,-1.46,-5.41,-4.86,-6.02
DLF,664.0,2026-08-13,0.61,-0.68,-1.47,17.1,7.33,-11.26
ZEAL,66.0,2026-08-12,-3.51,0.92,-1.49,-5.71,-14.29,-45.81
TCIEXP,557.4,2026-08-13,2.05,0.03,-1.49,7.78,-1.35,-16.99
UMIYA-MRO,88.63,2026-08-13,0.12,0.54,-1.51,4.83,-1.5,7.89
CARTRADE,2757.0,2026-08-13,-0.18,-1.65,-1.51,46.0,42.3,17.39
ZODIAC,269.65,2026-08-13,7.52,5.21,-1.52,-8.45,-2.53,-35.78
BMWVENTLTD,57.68,2026-08-13,-2.1,-0.02,-1.52,-5.77,-0.59,
JAGRAN,62.92,2026-08-13,-0.25,0.06,-1.53,9.93,11.84,-0.47
VSTTILLERS,4601.4,2026-08-13,2.5,2.88,-1.53,-4.99,-20.56,-11.64
CHAMBLFERT,443.3,2026-08-13,-0.5,-1.26,-1.53,4.82,-0.97,-13.88
UNITEDTEA,459.65,2026-08-13,-2.15,-2.78,-1.53,-12.36,-6.68,-4.82
KARNIKA,117.9,2026-08-12,-0.72,-1.09,-1.54,-7.6,-11.15,-83.98
DELTAMAGNT,58.64,2026-08-13,-1.23,1.24,-1.54,-5.71,-5.65,-29.64
JKLAKSHMI,549.2,2026-08-13,-1.7,-3.42,-1.54,-16.26,-21.39,-38.89
JETFREIGHT,22.29,2026-08-13,-0.76,-1.68,-1.55,4.6,30.89,61.17
IRFC,88.35,2026-08-13,-0.17,-2.11,-1.56,-12.94,-19.88,-28.34
JINDALSAW,264.4,2026-08-13,-5.25,1.97,-1.56,14.11,40.31,31.33
CORDELIA,841.15,2026-08-13,0.0,4.26,-1.56,,,
ORIENTTECH,254.75,2026-08-13,-1.66,-2.58,-1.56,-9.24,-24.03,-10.1
RSSOFTWARE,33.82,2026-08-13,12.51,10.23,-1.57,6.19,-17.37,-56.15
JKIL,498.3,2026-08-13,-0.07,2.7,-1.57,0.83,-10.34,-24.31
CREST,364.05,2026-08-13,-0.33,-6.58,-1.57,-0.12,-1.46,-2.39
KEEPLEARN,1.84,2026-08-13,-5.15,-5.15,-1.6,-3.16,-3.66,-38.67
EFFWA,360.0,2026-08-12,-3.38,-4.57,-1.6,42.35,66.13,57.24
OLAELEC,39.67,2026-08-13,0.94,2.4,-1.61,10.13,28.42,-2.05
MMTC,63.89,2026-08-13,-0.09,0.38,-1.63,-1.4,0.03,1.91
MODINATUR,398.05,2026-08-13,-0.48,1.0,-1.63,6.76,10.66,
SHREEOSFM,60.0,2026-08-12,4.35,7.14,-1.64,-14.16,-25.93,-47.11
BCLIND,36.55,2026-08-13,-2.12,-3.54,-1.64,7.34,22.9,-11.84
INDIFRA,11.95,2026-08-12,0.0,4.37,-1.65,-8.08,-17.01,-23.15
RHL,171.02,2026-08-13,0.93,-1.14,-1.66,-8.52,-9.03,-38.58
TRANSWORLD,156.35,2026-08-13,-1.97,-3.28,-1.67,1.09,-12.35,-37.62
NAHARPOLY,249.45,2026-08-13,0.79,-9.26,-1.68,1.16,-2.28,-15.6
SAATVIKGL,441.7,2026-08-13,5.44,0.89,-1.68,-3.16,5.34,
SHRINGARMS,227.16,2026-08-13,-2.84,-1.17,-1.7,10.5,-4.07,
KRITIKA,5.71,2026-08-13,2.7,-4.99,-1.72,-7.0,-13.35,-35.41
EUROBOND,165.25,2026-08-13,1.65,2.54,-1.73,-9.33,-8.03,-28.78
KOVAI,5891.5,2026-08-13,-4.39,1.01,-1.73,9.27,128.65,128.65
BLACKROSE,103.29,2026-08-13,-6.75,-7.68,-1.74,22.55,,
TATAINVEST,674.4,2026-08-13,-1.96,-0.33,-1.76,1.55,7.57,-1.41
USHAMART,497.35,2026-08-13,-3.04,-0.59,-1.78,5.38,22.54,44.14
HONDAPOWER,2105.3,2026-08-13,0.04,0.44,-1.78,-3.67,-9.24,-21.19
VHL,3454.9,2026-08-13,-2.8,0.87,-1.78,-4.15,4.27,-9.12
BANSALWIRE,323.55,2026-08-13,0.31,1.59,-1.78,7.51,17.36,-12.66
INDBANK,32.72,2026-08-13,-1.09,0.71,-1.8,-3.57,-8.73,0.15
BFSI,27.34,2026-08-13,-0.91,-2.01,-1.8,5.23,-5.95,0.81
HINDUNILVR,2092.0,2026-08-13,0.23,-2.15,-1.81,-6.79,-8.33,-14.64
NFL,72.3,2026-08-13,-0.23,0.64,-1.81,-3.84,-7.47,-21.13
RAINBOW,1453.0,2026-08-13,-5.56,-5.99,-1.82,11.65,22.79,-5.93
KPRMILL,1084.7,2026-08-13,-0.12,1.97,-1.82,18.8,16.83,12.55
IOLCP,166.02,2026-08-13,0.83,9.44,-1.82,56.3,125.14,80.49
IL&FSTRANS,2.14,2026-08-13,2.39,1.42,-1.83,-6.14,-20.74,-32.92
ICICIAMC,3147.0,2026-08-13,3.04,1.55,-1.83,-3.51,5.02,
SKIPPER,545.75,2026-08-13,3.17,-0.62,-1.84,20.86,46.0,0.6
MOXSH,106.0,2026-08-12,0.0,4.43,-1.85,-24.29,7.23,154.81
SECURKLOUD,18.53,2026-08-13,-4.53,3.93,-1.85,-20.81,-16.64,-25.31
INDRAMEDCO,371.9,2026-08-13,-4.82,0.81,-1.85,-5.69,-10.99,-19.73
MCLOUD,29.06,2026-08-13,0.14,-0.58,-1.86,15.59,5.63,-62.66
ABMKNO,199.96,2026-08-13,3.66,0.49,-1.87,-12.59,,
SAMMAANCAP,161.83,2026-08-13,-0.29,0.47,-1.87,15.6,12.36,34.35
ROSSELLIND,55.77,2026-08-13,-1.34,-5.06,-1.88,-1.67,26.46,-16.44
VISHNUINFR,158.15,2026-08-12,-1.62,-1.06,-1.89,0.09,-10.65,-6.9
INOXGREEN,186.96,2026-08-13,3.87,7.25,-1.9,3.69,9.31,20.38
GSFC,158.6,2026-08-13,-1.89,-1.37,-1.92,-5.8,-8.88,-20.36
BLUEJET,594.6,2026-08-13,0.41,0.87,-1.93,33.42,49.66,-24.77
BLISSGVS,514.0,2026-08-13,7.13,10.19,-1.93,84.23,136.95,202.39
ALKEM,5449.5,2026-08-13,-2.66,-4.34,-1.94,-0.06,1.87,2.13
DUCON,3.01,2026-08-13,-10.68,1.01,-1.95,-9.61,-17.98,-44.36
BVCL,40.92,2026-08-13,-1.02,0.76,-1.96,-4.75,-10.5,-11.0
KSHITIJPOL,2.98,2026-08-13,6.43,0.34,-1.97,-31.34,2.76,-5.4
WEIZMANIND,78.05,2026-08-13,-1.18,0.18,-1.98,-7.7,-11.9,-27.28
STOVEKRAFT,775.4,2026-08-13,-4.14,2.76,-1.99,43.17,51.59,29.54
GLOBALE,10.8,2026-08-13,4.35,1.03,-2.0,-22.47,-6.33,-19.22
CLSEL,281.25,2026-08-13,0.84,-3.78,-2.0,1.63,-3.56,-3.21
ODIGMA,22.54,2026-08-13,-0.84,-1.23,-2.0,-15.33,-22.52,-27.13
TREEHOUSE,6.34,2026-08-13,1.77,-0.31,-2.01,-20.65,-18.72,-8.51
THEINVEST,96.2,2026-08-13,-3.13,-4.97,-2.02,-14.58,-4.61,-40.93
JTLIND,76.64,2026-08-13,-1.17,1.2,-2.04,7.96,16.53,13.47
COUNCODOS,6.25,2026-08-13,2.97,3.82,-2.04,23.27,22.07,-4.58
METROGLOBL,132.32,2026-08-13,1.62,-0.71,-2.05,-0.11,,
CONFIPET,73.8,2026-08-13,-10.8,-11.9,-2.06,18.0,126.94,44.19
DWARKESH,42.82,2026-08-13,1.28,9.79,-2.07,-8.07,13.94,9.89
PREMEXPLN,657.05,2026-08-13,1.22,-0.72,-2.07,21.23,40.68,28.36
INFOBEAN,163.39,2026-08-13,0.29,-4.41,-2.08,4.41,-24.09,2.76
APOLLOHOSP,8600.0,2026-08-13,-3.5,-2.49,-2.08,7.44,14.17,10.42
CGPOWER,886.55,2026-08-13,0.86,7.32,-2.09,4.66,30.35,32.52
KHANDSE,17.1,2026-08-13,-3.01,-2.4,-2.12,1.54,-9.04,-30.77
DCMSHRIRAM,1010.0,2026-08-13,-0.59,-1.92,-2.12,-14.39,-9.02,-23.48
GROWWPOWER,11.5,2026-08-13,-0.52,-1.03,-2.13,-3.44,13.3,
NTPC,344.25,2026-08-13,1.12,-1.9,-2.13,-11.83,-5.17,3.94
SKIL,0.9,2026-08-12,0.0,-4.26,-2.17,-10.0,-26.23,-53.85
DSSL,1259.3,2026-08-13,-0.04,0.48,-2.17,-8.71,30.62,20.97
ZODIACLOTH,77.0,2026-08-13,1.7,0.46,-2.18,-3.02,-7.82,-22.76
INDPRUD,6286.5,2026-08-13,-0.67,-2.2,-2.18,-2.34,,
TIRUMALCHM,160.8,2026-08-13,-2.36,-12.19,-2.18,-21.15,-22.73,-43.9
DREAMFOLKS,68.42,2026-08-13,-2.72,1.39,-2.19,-12.25,-22.63,-54.9
HAPPSTMNDS,394.8,2026-08-13,-1.74,2.81,-2.19,12.63,7.18,-30.92
MOBANK10,17.07,2026-08-13,0.23,-0.58,-2.19,7.71,,
NHPC,77.5,2026-08-13,0.66,-1.94,-2.2,-0.55,2.97,-6.48
INNOVISION,284.0,2026-08-13,0.64,-0.61,-2.22,-8.74,,
GMBREW,896.55,2026-08-13,-0.5,0.04,-2.22,0.62,-10.68,33.27
TEGA,1669.5,2026-08-13,2.2,5.15,-2.25,5.5,1.92,-9.15
TEAMGTY,225.94,2026-08-13,2.68,1.1,-2.27,-8.14,-16.26,-22.6
INDHOTEL,721.75,2026-08-13,-0.95,-4.02,-2.27,13.74,3.58,-5.82
LYKALABS,68.0,2026-08-13,-0.1,6.52,-2.27,9.25,-1.53,-32.93
SARLAPOLY,101.55,2026-08-13,2.27,0.04,-2.27,6.83,29.44,-1.98
AVPINFRA,60.0,2026-08-12,-2.28,-10.38,-2.28,-29.58,-49.73,-67.25
PRIVISCL,3528.8,2026-08-13,-2.32,-1.9,-2.29,11.53,29.24,46.09
AXITA,7.25,2026-08-13,-0.68,-0.68,-2.29,-8.69,-27.79,-9.38
HYBRIDFIN,17.94,2026-08-13,6.09,-0.44,-2.29,-3.13,-8.93,17.03
GOLDENTOBC,25.48,2026-08-13,5.95,2.54,-2.3,-0.12,-15.09,-27.68
DRREDDY,1206.0,2026-08-13,4.07,2.2,-2.31,-4.08,-4.29,-3.17
CAPITALSFB,291.65,2026-08-13,0.73,-1.35,-2.31,5.3,8.77,-0.31
BUILDPRO,1268.4,2026-08-13,-0.38,-5.6,-2.31,15.72,49.44,
USK,21.88,2026-08-13,1.06,-2.45,-2.32,-1.93,2.63,-38.45
NTPCGREEN,92.36,2026-08-13,0.52,1.83,-2.32,-16.98,3.76,-8.23
SUNTV,487.9,2026-08-13,0.02,-3.16,-2.32,-8.45,-15.17,-15.68
USASEEDS,90.8,2026-08-12,2.48,5.95,-2.37,-12.31,-31.34,-57.47
SBILIFE,1812.0,2026-08-13,-2.32,-5.38,-2.37,-1.39,-10.8,-1.4
SIMBHALS,7.0,2026-08-13,-1.27,0.57,-2.37,-24.57,-21.88,-53.27
SHREYANIND,133.26,2026-08-13,-6.68,-5.06,-2.38,-17.89,-12.0,-40.46
HONAUT,37190.0,2026-08-13,-2.22,-3.58,-2.41,32.18,18.87,1.19
PARIN,697.95,2026-08-12,-1.7,-3.2,-2.42,9.46,1.15,71.59
STARCEMENT,201.3,2026-08-13,1.19,-1.3,-2.43,-7.15,-7.01,-29.4
TNPL,141.77,2026-08-13,-7.87,-8.46,-2.44,-6.27,-1.2,-7.33
ICICIPRULI,507.0,2026-08-13,1.45,-2.94,-2.44,-6.22,-20.96,-18.11
HEXATRADEX,157.41,2026-08-13,-1.14,-0.31,-2.44,-3.71,-1.16,-13.7
GPPL,151.75,2026-08-13,0.91,0.25,-2.45,-0.84,-14.34,2.13
AVG,207.3,2026-08-13,4.25,1.62,-2.46,26.11,44.0,-14.11
BRNL,17.66,2026-08-13,-0.06,1.09,-2.48,-15.58,-15.54,-4.49
CRAMC,256.1,2026-08-13,-2.05,-1.95,-2.49,7.46,1.23,
ASAHIINDIA,901.0,2026-08-13,-0.21,0.44,-2.49,10.56,-5.96,9.9
CPSEETF,94.37,2026-08-13,0.61,-0.55,-2.49,-10.52,-4.2,3.61
RAMKY,393.65,2026-08-13,-1.91,1.16,-2.51,-14.74,-16.08,-28.96
VINYAS,1353.8,2026-08-12,3.66,8.69,-2.51,36.25,30.35,9.27
STARTECK,264.5,2026-08-13,3.3,1.28,-2.52,4.48,-3.18,-21.02
MBLINFRA,25.02,2026-08-13,0.85,-0.44,-2.53,-3.77,-13.19,-37.2
STARHEALTH,584.6,2026-08-13,1.68,-1.35,-2.53,15.23,24.95,31.44
SANOFICONR,4471.7,2026-08-13,-0.76,-1.49,-2.53,-1.28,5.83,-10.84
V2RETAIL,217.43,2026-08-13,-0.48,-0.55,-2.54,-8.56,7.05,26.38
THOMASCOTT,326.3,2026-08-13,-6.52,4.84,-2.54,17.44,0.49,1.78
TEXINFRA,111.08,2026-08-13,-0.63,-2.5,-2.56,9.59,15.77,15.29
PIIND,2494.3,2026-08-13,-9.35,-10.37,-2.56,-17.95,-20.42,-33.54
UMAEXPORTS,21.09,2026-08-13,5.4,3.28,-2.59,-15.37,-35.41,-56.49
GEOJITFSL,79.9,2026-08-13,2.88,3.07,-2.6,11.66,17.37,11.81
RAMBHAJO,182.62,2026-08-13,-5.82,-0.62,-2.61,,,
BENGALASM,6216.0,2026-08-13,-0.7,0.18,-2.63,-5.45,,
IFBIND,1386.0,2026-08-13,-1.33,2.36,-2.63,23.43,16.11,7.85
PASUPTAC,60.41,2026-08-13,-7.45,-0.13,-2.63,14.46,12.41,30.05
PRECOT,771.4,2026-08-13,0.46,-5.34,-2.66,20.97,57.53,65.92
CHEMBOND,180.0,2026-08-13,0.51,3.5,-2.66,2.63,16.86,4.4
NAVA,581.15,2026-08-13,0.69,1.15,-2.67,-15.37,5.79,-4.15
DCBBANK,187.1,2026-08-13,-0.18,-2.09,-2.67,3.65,-0.72,54.46
BHARATFORG,2088.0,2026-08-13,-0.24,-5.56,-2.68,7.63,20.58,77.46
MOINFRA,60.03,2026-08-13,-0.6,-1.99,-2.68,-4.15,0.39,2.57
ADVANIHOTR,51.44,2026-08-13,2.74,-0.23,-2.69,-1.39,-7.17,-7.1
AVL,618.85,2026-08-13,-0.87,-0.77,-2.7,14.13,21.82,40.17
DHANUKA,1013.5,2026-08-13,-0.2,-0.96,-2.7,-3.69,-9.62,-36.57
SGL,9.74,2026-08-13,-1.32,-1.42,-2.7,-15.96,-20.62,-27.26
ELDEHSG,766.7,2026-08-13,2.27,-4.58,-2.71,-6.53,-18.72,6.45
SAGCEM,173.85,2026-08-13,1.02,0.68,-2.73,-2.31,-11.0,-23.22
MURUDCERA,30.57,2026-08-13,-3.01,-0.42,-2.74,-5.82,-12.96,-29.12
BIRDYS,88.5,2026-08-12,0.0,0.0,-2.75,-29.2,-25.0,-27.16
HDFCPVTBAN,27.91,2026-08-13,-0.61,-1.69,-2.75,6.32,-4.42,2.95
OMPOWER,170.73,2026-08-13,0.33,0.79,-2.76,-4.67,,
WEWIN,46.5,2026-08-13,2.2,2.0,-2.76,-28.67,8.39,-11.8
OFSS,11420.0,2026-08-13,-3.95,0.78,-2.78,27.91,76.94,38.8
VAKRANGEE,5.95,2026-08-13,-1.16,-0.67,-2.78,-8.74,-11.98,-31.21
ARKADE,136.92,2026-08-13,1.77,-2.65,-2.79,15.0,12.91,-28.39
BBTC,1471.8,2026-08-13,-2.5,-4.25,-2.79,-1.49,-17.07,-19.91
RUCHIRA,101.99,2026-08-13,-8.13,-5.64,-2.8,-15.45,-8.19,-21.98
DKEGL,66.05,2026-08-12,0.0,0.08,-2.8,-15.27,-14.11,-6.13
RADIANTCMS,36.77,2026-08-13,-4.64,-0.54,-2.8,-10.95,-11.44,-30.27
JSWINFRA,341.35,2026-08-13,-0.19,3.75,-2.8,27.78,32.99,14.2
GREENLAM,253.65,2026-08-13,4.53,0.77,-2.8,20.11,2.32,15.07
CMSINFO,265.95,2026-08-13,-4.8,-3.43,-2.8,-10.24,-16.79,-38.46
SPMLINFRA,186.78,2026-08-13,-0.71,-4.77,-2.8,-8.97,0.21,-34.03
ABREL,1393.8,2026-08-13,0.04,-2.67,-2.81,7.11,0.68,-20.94
BAIDFIN,9.99,2026-08-13,0.1,-0.2,-2.82,-14.4,-13.05,-14.68
CHALET,823.75,2026-08-13,-1.59,0.27,-2.83,10.72,-4.04,-7.93
SANOFI,3248.6,2026-08-13,-2.36,-3.94,-2.84,-0.09,-18.43,-33.9
AURUM,225.24,2026-08-13,-2.61,3.03,-2.84,29.64,30.69,26.88
XELPMOC,81.03,2026-08-13,-1.05,-2.84,-2.84,-22.32,-41.22,-11.75
PVTBANIETF,27.63,2026-08-13,-0.65,-1.5,-2.85,6.27,-4.36,2.94
SRPL,0.34,2026-08-12,0.0,3.03,-2.86,-22.73,-43.33,-39.29
CURAA,71.7,2026-08-13,-2.52,-1.1,-2.86,-22.6,-16.86,-75.81
VOGL,37.85,2026-08-13,-4.73,7.41,-2.87,,,
RAMCOCEM,908.8,2026-08-13,-4.45,-3.59,-2.87,-2.0,-20.39,-14.51
CENTRUM,24.63,2026-08-13,-6.17,2.24,-2.88,3.36,-5.12,-35.94
NATCOPHARM,951.7,2026-08-13,4.52,2.43,-2.88,-18.79,15.71,5.86
LTF,315.35,2026-08-13,0.8,-0.83,-2.88,13.02,11.75,58.24
SASKEN,2001.8,2026-08-13,5.2,5.23,-2.89,16.88,63.91,35.32
HESTERBIO,2460.7,2026-08-13,-1.33,0.75,-2.89,44.76,57.96,29.55
TEJASNET,540.2,2026-08-13,3.59,3.96,-2.89,15.64,64.37,-1.93
TRACXN,29.57,2026-08-13,-0.74,-2.86,-2.89,-10.75,-15.27,-43.06
WEWORK,719.5,2026-08-13,-0.79,-3.37,-2.91,45.53,28.02,
RAJRILTD,21.32,2026-08-13,-3.96,0.47,-2.91,4.0,-11.54,-21.3
INDUSTOWER,383.2,2026-08-13,4.13,0.59,-2.91,-3.77,-14.78,17.88
SOMANYCERA,519.15,2026-08-13,3.91,2.4,-2.92,15.19,30.76,2.74
SHAREINDIA,173.31,2026-08-13,3.24,-4.11,-2.92,24.97,16.3,4.9
INDIAGLYCO,1056.3,2026-08-13,-2.63,-7.76,-2.93,-3.76,11.96,26.79
ASPINWALL,237.81,2026-08-13,3.34,0.69,-2.93,3.32,12.46,-10.09
ROHLTD,315.75,2026-08-13,-2.31,0.62,-2.94,-4.16,-15.76,-22.73
ABSL10BANK,169.26,2026-08-13,-1.34,-1.56,-2.95,6.36,,
REPL,64.5,2026-08-13,-3.85,-0.89,-2.95,-14.1,-34.78,-60.12
AMBUJACEM,419.4,2026-08-13,-2.66,-5.54,-2.95,-3.86,-18.86,-27.44
DIGITIDE,103.55,2026-08-13,-0.53,3.39,-2.96,8.7,-4.86,-49.61
REXPIPES,169.1,2026-08-12,-1.11,-1.11,-2.96,-16.29,-0.38,24.34
SBIETFPB,279.31,2026-08-13,-0.77,-1.51,-2.96,5.94,-4.55,2.81
SRTL,39.5,2026-08-13,-1.96,-1.79,-3.0,-15.16,,
VASCONEQ,31.41,2026-08-13,-8.9,-5.56,-3.0,-12.21,-22.46,-35.66
DDEVPLSTIK,285.3,2026-08-13,-0.17,-1.06,-3.01,17.97,2.08,-11.65
GRINFRA,877.9,2026-08-13,-0.82,-3.21,-3.01,-6.95,-10.23,-28.85
RELTD,169.43,2026-08-13,1.72,1.57,-3.02,32.78,12.79,20.27
ORIENTCEM,132.76,2026-08-13,-3.29,-4.84,-3.02,-3.3,-16.98,-43.25
RSYSTEMS,242.7,2026-08-13,-0.96,-11.36,-3.03,-16.66,-22.72,-44.77
GANECOS,1088.5,2026-08-13,4.92,-5.89,-3.04,4.83,35.41,-22.68
HGS,404.7,2026-08-13,-1.89,-6.0,-3.04,-2.26,-0.87,-24.76
UPL,568.15,2026-08-13,0.2,-8.36,-3.06,-8.96,-20.8,-16.4
BHARATSE,245.25,2026-08-13,3.46,9.8,-3.06,30.83,50.92,100.4
JUNIPER,193.82,2026-08-13,-1.18,-1.99,-3.07,-3.53,-20.41,-30.27
AROGRANITE,24.91,2026-08-13,0.57,-0.99,-3.07,-4.96,-14.75,-31.73
GREENCHEF,49.0,2026-08-12,-1.8,-5.77,-3.07,-7.81,8.17,-19.14
NPBET,283.17,2026-08-13,-2.61,-1.97,-3.08,5.83,-4.21,2.62
AUROIMPEX,25.2,2026-08-12,-4.91,-5.62,-3.08,-24.32,-25.88,-48.62
BANK10ADD,16.9,2026-08-13,-0.76,-1.69,-3.1,6.42,,
EDUCOMP,0.93,2026-08-12,0.0,2.2,-3.12,-6.06,-6.06,-41.88
GROWWHOSPI,52.45,2026-08-13,-3.71,-3.01,-3.12,3.92,,
MICEL,36.31,2026-08-13,-1.94,-6.05,-3.12,-23.12,-13.75,-21.29
PASHUPATI,84.23,2026-08-13,0.56,-1.28,-3.13,-3.27,-6.5,21.7
GOLDIAM,362.8,2026-08-13,-1.69,-0.04,-3.14,23.97,22.98,33.07
SAMBHV,117.11,2026-08-13,-3.98,-2.38,-3.15,2.74,16.97,-2.47
NAM-INDIA,1177.0,2026-08-13,0.26,1.03,-3.15,12.29,30.41,50.34
ITI,281.4,2026-08-13,-1.61,-0.27,-3.15,-2.65,-2.66,-7.01
KAMAHOLD,2474.2,2026-08-13,-1.13,-1.68,-3.15,-5.82,,
ROTO,66.16,2026-08-13,-0.27,-1.96,-3.16,14.42,4.88,-24.73
ELCIDIN,110350.0,2026-08-13,-1.04,-1.25,-3.17,-8.23,,
PPL,264.4,2026-08-13,1.4,0.82,-3.17,38.96,24.98,-22.85
MEP,0.61,2026-08-13,5.17,15.09,-3.17,-42.99,-49.59,-62.8
FEDFINA,152.21,2026-08-13,1.54,1.22,-3.21,0.77,7.38,18.31
IDEA,13.51,2026-08-13,4.57,5.05,-3.22,5.3,19.56,112.42
NIITLTD,96.39,2026-08-13,0.05,-0.49,-3.22,42.11,27.25,-13.68
PARKHOSPS,281.1,2026-08-13,-2.78,-2.6,-3.22,13.38,60.14,
INDOWIND,9.01,2026-08-13,0.11,-1.21,-3.22,-7.68,-25.78,-49.72
PTL,38.83,2026-08-13,-1.02,-2.36,-3.24,-0.49,4.18,3.45
CENTURYPLY,763.7,2026-08-13,-2.03,-1.18,-3.26,-0.71,-0.25,5.26
APOLLO,389.7,2026-08-13,0.37,-1.93,-3.26,28.04,68.08,109.08
BALMLAWRIE,173.5,2026-08-13,-0.18,-0.37,-3.26,-11.23,0.14,-13.38
PAISALO,69.94,2026-08-13,0.0,-3.25,-3.26,56.5,103.43,126.19
MFML,19.23,2026-08-13,2.18,-3.07,-3.27,-22.49,-21.06,-35.6
NEXTMEDIA,3.83,2026-08-13,0.79,-1.03,-3.28,-5.43,-36.06,-39.4
GHCL,431.1,2026-08-13,-0.77,-2.93,-3.28,-5.76,-11.82,-22.33
AMEYA,109.25,2026-08-12,0.23,0.18,-3.28,-14.95,26.3,1.06
NECCLTD,14.98,2026-08-13,0.67,-4.46,-3.29,-4.16,-2.16,-30.81
BCPL,68.69,2026-08-13,-1.19,-2.44,-3.29,-12.9,,
GAUDIUMIVF,125.74,2026-08-13,-2.03,-6.69,-3.29,10.94,,
COALINDIA,410.5,2026-08-13,-0.12,-1.32,-3.3,-10.01,3.06,13.64
CMRSL,65.6,2026-08-12,0.0,4.38,-3.32,-19.06,-4.23,-20.58
GLOBALVECT,153.16,2026-08-13,-3.56,-7.23,-3.32,-11.09,-12.53,-32.3
PVTBANKADD,27.65,2026-08-13,-1.18,-0.4,-3.32,5.49,-4.98,2.71
CIFL,21.5,2026-08-13,-2.01,3.56,-3.33,-22.97,-34.31,-37.88
ECAPINSURE,23.82,2026-08-13,0.85,-0.63,-3.33,-1.28,-1.49,3.21
GROWWCAPM,11.29,2026-08-13,1.07,1.53,-3.34,-0.44,11.45,
WIPL,167.19,2026-08-13,-1.64,-0.48,-3.34,8.72,14.17,7.95
KRISHCA,163.0,2026-08-12,-3.29,2.16,-3.35,-3.44,-7.73,-30.51
YESBANK,22.98,2026-08-13,1.01,-0.09,-3.36,3.93,10.16,22.04
MOCAPITAL,53.72,2026-08-13,1.05,1.82,-3.36,,,
MHRIL,223.88,2026-08-13,-2.79,2.25,-3.37,0.03,-23.77,-37.52
JAYNECOIND,90.76,2026-08-13,-0.8,2.93,-3.37,-13.34,19.3,55.52
ONGC,239.9,2026-08-13,0.03,-0.87,-3.44,-19.27,-8.17,5.96
BALKRISHNA,17.41,2026-08-13,0.23,-3.55,-3.44,-5.28,5.84,-11.44
BAJAJHCARE,331.35,2026-08-13,0.33,-2.66,-3.44,12.21,-7.08,-27.71
GLOTTIS,64.73,2026-08-13,-4.49,-3.47,-3.45,14.2,23.6,
VARDMNPOLY,6.43,2026-08-13,-4.03,5.07,-3.45,-5.58,-13.23,-28.79
CEATLTD,3696.5,2026-08-13,-2.56,4.35,-3.45,16.59,-5.83,18.23
NESCO,1041.2,2026-08-13,-0.4,-3.0,-3.47,-16.09,-11.72,-22.17
GOYALALUM,6.4,2026-08-13,-0.78,-2.74,-3.47,-7.51,-10.61,-11.85
CAMPUS,219.95,2026-08-13,-0.95,-1.46,-3.47,-7.68,-18.82,-14.96
GENUSPAPER,11.42,2026-08-13,-8.42,-8.42,-3.47,-12.62,-12.49,-37.11
GENUSPOWER,306.55,2026-08-13,0.51,-2.99,-3.49,-2.22,14.75,-14.34
DPEL,559.75,2026-08-12,1.93,2.14,-3.5,6.61,87.93,336.28
SAHLIBHFI,75.26,2026-08-13,0.07,-4.15,-3.51,1.29,,
TRF,232.19,2026-08-13,-1.01,1.59,-3.51,-4.49,-14.45,-25.68
DEVX,33.67,2026-08-13,-0.97,-1.92,-3.52,-18.42,-17.05,
PCJEWELLER,9.57,2026-08-13,-2.55,-0.73,-3.53,12.72,-4.4,-28.21
CUMMINSIND,5315.0,2026-08-13,-2.44,-4.23,-3.53,2.82,21.46,41.96
ATLANTAELE,1648.9,2026-08-13,2.59,3.72,-3.56,-8.97,89.1,
FLAIR,254.75,2026-08-13,1.35,1.09,-3.56,-21.42,-21.14,-18.48
LEXUS,13.81,2026-08-13,-5.99,-5.67,-3.56,-27.2,-59.7,-54.82
AKASH,26.23,2026-08-13,-0.57,-0.42,-3.57,1.82,6.5,-0.64
BIGBLOC,45.37,2026-08-13,-3.32,-0.94,-3.57,-22.42,-18.87,-12.6
NDLVENTURE,127.35,2026-08-13,-1.56,-1.54,-3.58,7.12,24.98,25.47
LLOYDSENT,76.04,2026-08-13,-7.89,-6.78,-3.59,6.92,37.67,4.17
RAMCOIND,357.4,2026-08-13,-4.92,7.98,-3.59,28.09,15.08,23.08
AEGISLOG,1247.0,2026-08-13,-6.5,-10.18,-3.6,92.23,79.05,72.89
VENUSREM,1729.3,2026-08-13,13.58,9.87,-3.6,88.66,135.88,260.04
PENTAGON,52.05,2026-08-12,1.76,-5.28,-3.61,-19.92,-24.57,-9.87
EUREKAFORB,443.2,2026-08-13,-1.03,-2.3,-3.61,-14.18,-14.48,-20.33
CERA,5925.5,2026-08-13,-1.79,-5.65,-3.61,3.18,17.26,-6.5
GROWWRLTY,10.12,2026-08-13,0.2,0.3,-3.62,18.22,9.52,
GILLETTE,7595.5,2026-08-13,-0.73,-1.6,-3.62,-3.84,-11.19,-25.72
HIGREEN,136.75,2026-08-12,-1.94,-2.67,-3.66,-9.35,-1.51,-34.73
ZUARIIND,259.05,2026-08-13,-0.9,-0.12,-3.68,0.56,-5.53,-17.4
MANBA,131.49,2026-08-13,-0.49,-4.04,-3.69,16.49,6.16,-5.66
MERCURYEV,34.6,2026-08-13,0.0,-2.34,-3.7,,,
AKCAPIT,1697.8,2026-08-13,-3.44,-2.9,-3.71,7.87,,
BHAGERIA,200.36,2026-08-13,-2.81,-8.75,-3.73,28.79,25.67,15.99
SUPRIYA,813.5,2026-08-13,-11.85,-7.52,-3.73,18.96,19.48,24.2
ASHIANA,361.95,2026-08-13,-5.48,-6.12,-3.74,-1.09,4.34,17.85
BALAJEE,27.76,2026-08-13,1.35,1.46,-3.74,-11.68,-18.64,-46.77
ADANIENSOL,1583.0,2026-08-13,-3.0,-3.89,-3.75,20.09,60.22,101.32
MOREALTY,89.94,2026-08-13,-0.64,-0.52,-3.75,17.69,9.39,1.34
CSLFINANCE,217.67,2026-08-13,-1.92,-0.96,-3.75,-3.92,-15.96,-29.25
GOCOLORS,331.0,2026-08-13,0.53,2.22,-3.75,21.11,-5.35,-52.04
DEEPAKFERT,1456.5,2026-08-13,-4.83,-7.58,-3.76,14.82,41.3,2.26
JYOTISTRUC,11.02,2026-08-13,-5.33,-5.0,-3.76,-14.44,2.61,-31.6
NIPPOBATRY,325.6,2026-08-13,0.06,-0.47,-3.78,-16.83,-6.97,-31.89
CHOLAHLDNG,1584.7,2026-08-13,-2.31,0.72,-3.78,-6.85,-7.26,-15.33
ACI,509.25,2026-08-13,-1.83,-4.92,-3.78,-8.63,-10.08,-26.29
APCL,101.01,2026-08-13,-1.79,-1.0,-3.8,-10.75,-23.0,-31.37
SEMAC,316.25,2026-08-13,3.35,1.46,-3.83,-19.25,15.31,-40.55
JIWANRAM,5.0,2026-08-12,0.0,2.04,-3.85,-14.53,-9.09,-40.48
DATAMATICS,861.7,2026-08-13,-0.09,4.45,-3.86,15.84,18.01,-13.64
MERCANTILE,24.1,2026-08-13,-2.7,-0.95,-3.87,-11.1,,
SAIFL,4.95,2026-08-12,-1.0,-1.98,-3.88,-34.0,-56.58,-82.45
PRAKASHSTL,3.96,2026-08-13,0.0,-1.74,-3.88,-11.21,-14.66,-30.89
AATMAJ,18.6,2026-08-12,0.27,2.48,-3.88,-9.49,-9.27,5.68
KICL,5459.0,2026-08-13,0.65,-1.14,-3.88,10.7,11.41,13.48
CLEANMAX,1254.9,2026-08-13,-2.87,-7.01,-3.89,-4.76,,
SANGAMIND,598.35,2026-08-13,2.05,-1.83,-3.89,16.75,29.29,64.15
DISAQ,11597.0,2026-08-13,-1.07,-4.43,-3.9,-2.92,,
SALASAR,5.9,2026-08-13,1.03,0.0,-3.91,-17.02,-30.42,-16.78
ACC,1324.7,2026-08-13,-2.42,-5.24,-3.92,-2.49,-18.61,-25.41
SAIPARENT,563.15,2026-08-13,-4.14,1.55,-3.92,18.09,,
BIKAJI,616.9,2026-08-13,-1.03,-5.09,-3.94,-4.66,-3.38,-13.67
FINPIPE,161.91,2026-08-13,0.36,-2.34,-3.95,-4.41,-14.21,-13.64
TVSSRICHAK,3994.9,2026-08-13,1.02,0.18,-3.96,5.48,-8.01,41.59
DOLATALGO,70.35,2026-08-13,-2.1,4.13,-3.99,-10.11,-8.53,-20.16
OBEROIRLTY,1846.0,2026-08-13,2.96,-0.81,-4.01,14.31,19.56,14.03
TRITURBINE,591.95,2026-08-13,-7.04,-3.21,-4.01,4.71,20.63,15.46
NDRAUTO,808.8,2026-08-13,-4.65,-1.92,-4.03,2.23,10.12,-15.6
HARSHA,405.4,2026-08-13,-6.29,-0.53,-4.04,0.15,6.68,-0.62
WINDMACHIN,300.1,2026-08-13,-1.17,6.78,-4.06,-1.23,18.31,-8.07
SEIL,204.9,2026-08-13,1.29,-0.05,-4.06,-0.17,,
DENORA,847.3,2026-08-13,-3.39,-4.91,-4.06,17.35,38.41,2.6
CROMPTON,248.15,2026-08-13,0.24,-6.82,-4.07,-11.82,-6.13,-21.15
HCL-INSYS,11.48,2026-08-13,0.53,-1.54,-4.09,-2.55,-13.23,-20.83
NILASPACES,11.93,2026-08-13,0.0,-6.36,-4.1,-13.68,-16.46,-10.5
MANKIND,2404.4,2026-08-13,-1.38,-3.17,-4.11,-0.13,16.69,-2.5
NOCIL,162.85,2026-08-13,-2.52,-6.43,-4.12,-2.61,8.64,-6.08
RENUKA,22.12,2026-08-13,-1.43,-0.94,-4.12,-11.02,-8.78,-21.42
PSB,23.67,2026-08-13,0.0,-0.38,-4.12,0.41,-10.84,-14.51
MEDIASSIST,350.4,2026-08-13,-0.74,-2.94,-4.14,-12.14,-13.15,-36.86
CYBERTECH,135.54,2026-08-13,-1.06,-4.27,-4.14,-4.12,4.82,-2.77
CENTRALBK,31.36,2026-08-13,1.1,-0.32,-4.16,-8.78,-13.58,-10.45
POKARNA,968.7,2026-08-13,1.01,3.89,-4.17,15.52,-10.48,5.31
SARVESHWAR,3.45,2026-08-13,0.88,2.07,-4.17,-8.24,-15.02,-55.96
GLOSTERLTD,649.05,2026-08-13,-1.64,-2.92,-4.19,1.59,9.99,-3.69
SHREECEM,25245.0,2026-08-13,-3.28,-6.5,-4.2,1.26,-3.14,-16.53
TRIDENT,24.66,2026-08-13,-0.6,-1.12,-4.2,0.48,-5.65,-10.33
INCREDIBLE,31.92,2026-08-13,-6.03,-3.56,-4.2,-13.71,-12.38,-19.29
TATACOMM,1758.2,2026-08-13,1.08,-1.23,-4.21,13.82,7.08,8.2
DNAMEDIA,2.71,2026-08-13,0.37,-5.57,-4.24,-3.56,-23.01,-45.14
ARIHANTSUP,251.75,2026-08-13,-3.88,-3.12,-4.24,-1.54,-7.41,-39.77
BANARBEADS,112.89,2026-08-13,-1.31,-0.96,-4.25,0.43,-7.81,12.71
EMKAYTOOLS,90.0,2026-08-12,-1.1,-4.56,-4.26,-16.4,-12.07,-54.07
GRANULES,857.55,2026-08-13,0.28,1.7,-4.27,17.98,52.81,86.67
DEVIT,26.88,2026-08-13,0.67,-0.88,-4.27,-9.53,-4.21,-39.49
ARFIN,83.43,2026-08-13,-4.27,-2.41,-4.27,-13.11,12.74,138.42
KEL,78.0,2026-08-12,-7.53,-7.64,-4.29,-15.22,-19.59,-27.07
RRIL,16.92,2026-08-13,-1.46,-2.59,-4.3,-10.05,,
ABSMARINE,222.9,2026-08-12,0.04,2.81,-4.31,0.04,21.74,11.87
FACT,818.95,2026-08-13,-1.89,-2.88,-4.31,-6.35,4.83,-17.04
SURYALAXMI,57.44,2026-08-13,-5.25,-5.63,-4.31,-3.27,-2.1,-12.64
RAMAPHO,120.05,2026-08-13,-0.17,-8.3,-4.31,-9.33,-18.72,-17.05
MADRASFERT,65.51,2026-08-13,-1.61,-1.87,-4.32,-5.02,-7.98,-27.14
TAJGVK,350.9,2026-08-13,-0.85,-3.45,-4.33,13.12,-1.2,-15.53
ADANIPOWER,206.1,2026-08-13,-2.16,-3.53,-4.34,-3.63,47.32,75.97
GODAVARIB,254.6,2026-08-13,6.04,-2.32,-4.36,-15.83,-10.45,-6.69
PALREDTEC,51.35,2026-08-13,7.99,13.13,-4.38,31.7,19.56,-4.11
HARIOMPIPE,365.2,2026-08-13,-8.77,-9.31,-4.39,16.05,-1.85,-25.21
CROWN,108.87,2026-08-13,-0.52,-5.42,-4.4,-17.8,-19.1,-27.17
STYRENIX,2193.0,2026-08-13,-3.17,-10.92,-4.41,0.01,13.05,-15.28
FINKURVE,62.83,2026-08-13,3.94,5.21,-4.41,-10.54,-25.64,
DGCONTENT,24.85,2026-08-13,-4.05,4.24,-4.42,-12.41,-8.61,-38.97
ALPA,65.85,2026-08-13,-3.12,-1.22,-4.44,-2.26,-2.66,-31.78
AAVAS,1431.8,2026-08-13,1.98,-0.5,-4.44,1.9,11.29,-14.92
NIVABUPA,84.18,2026-08-13,-2.56,-2.75,-4.44,1.73,10.41,3.35
UFO,67.39,2026-08-13,0.04,-2.13,-4.44,-10.09,-8.26,-9.97
ABCOTS,199.03,2026-08-13,-1.3,-0.94,-4.45,-11.72,-53.63,-51.57
CAPLIPOINT,2499.7,2026-08-13,-4.73,-2.59,-4.45,35.99,44.68,16.28
VOLTAS,1289.5,2026-08-13,1.7,-2.66,-4.45,2.75,-15.2,1.37
MCCHRLS-B,677.3,2026-08-13,0.47,-1.84,-4.47,0.42,,
NEWJAISA,17.1,2026-08-12,3.64,20.0,-4.47,-30.35,-13.42,-50.65
IRCON,125.9,2026-08-13,-3.16,-4.53,-4.48,-13.56,-17.0,-23.86
GVKPIL,2.34,2026-08-13,-0.43,-2.09,-4.49,-29.52,-23.28,-36.76
AXISCADES,1529.4,2026-08-13,-1.63,-2.77,-4.49,-25.13,7.55,24.95
SHYAMMETL,978.7,2026-08-13,-2.43,-4.27,-4.5,13.62,11.78,2.2
MODTHREAD,45.36,2026-08-13,-1.95,-7.14,-4.51,-3.71,4.04,-3.41
LAGNAM,78.29,2026-08-13,-4.68,-11.48,-4.51,-10.17,2.85,-13.98
SWARAJENG,3618.2,2026-08-13,0.44,-0.34,-4.52,-1.99,3.51,-6.98
HISARMETAL,149.94,2026-08-13,-7.23,2.37,-4.52,-3.01,-11.85,-18.98
ZEEL,96.75,2026-08-13,2.47,-1.42,-4.52,9.47,0.57,-15.47
ENERGYDEV,16.42,2026-08-13,1.11,-2.09,-4.53,-1.5,-4.53,-19.23
SYNGENE,401.3,2026-08-13,-0.32,-0.22,-4.53,-13.13,-7.35,-38.95
BALUFORGE,446.25,2026-08-13,-3.24,0.31,-4.55,-11.48,-10.99,-25.87
SETUINFRA,0.42,2026-08-13,5.0,0.0,-4.55,-28.81,-12.5,-22.22
GICRE,348.2,2026-08-13,-1.3,-2.75,-4.56,-9.52,-10.86,-9.15
EMMVEE,323.65,2026-08-13,-0.05,1.28,-4.58,23.37,53.91,
ENIL,101.09,2026-08-13,-0.39,-7.09,-4.61,-13.54,-6.4,-36.55
HATHWAY,10.72,2026-08-13,-0.83,-2.99,-4.63,0.75,-4.63,-25.71
AGRITECH,107.61,2026-08-13,-0.65,-3.92,-4.63,-3.25,-20.25,-23.65
AIRAN,14.99,2026-08-13,-0.53,-0.27,-4.64,-7.01,-21.8,-44.85
SWANCORP,308.4,2026-08-13,0.29,-0.58,-4.65,-4.93,-24.53,-29.78
TNTELE,9.02,2026-08-13,-2.17,-0.99,-4.65,-3.74,1.35,-43.73
QUINT,37.54,2026-08-13,1.3,-3.72,-4.65,-6.69,,
RMDRIP,17.99,2026-08-13,1.3,-3.38,-4.66,-1.75,-73.15,-54.07
JINDRILL,596.4,2026-08-13,-0.85,-2.41,-4.66,-7.26,25.98,-1.52
ADVAIT,2082.6,2026-08-13,-4.77,-11.72,-4.66,3.65,20.16,
SRF,2608.7,2026-08-13,-0.05,-1.37,-4.67,-3.03,-7.76,-8.29
AERONEU,84.21,2026-08-13,1.14,-4.01,-4.68,-3.11,20.49,-25.98
ALEMBICLTD,83.39,2026-08-13,-1.71,-6.59,-4.68,-4.78,-10.3,-18.59
TIRUPATIFL,65.83,2026-08-13,-6.62,-9.95,-4.69,66.95,78.89,73.92
GPTINFRA,116.73,2026-08-13,1.66,2.38,-4.69,3.36,-5.45,1.08
PGHH,8487.0,2026-08-13,0.06,-1.87,-4.7,-12.11,-27.42,-33.82
WINSOL,113.25,2026-08-12,2.91,-0.92,-4.71,-19.45,-20.83,-44.7
IGCL,71.87,2026-08-13,-1.06,-4.77,-4.71,14.21,3.34,-32.4
PRAKASH,122.53,2026-08-13,-5.91,-2.37,-4.73,-16.48,-9.14,-24.54
CMRGREEN,218.44,2026-08-13,-1.28,-1.86,-4.74,,,
BAJAJHFL,84.37,2026-08-13,-0.81,-2.86,-4.74,-1.0,-5.51,-22.28
PIRAMALFIN,2069.6,2026-08-13,-1.48,1.06,-4.75,8.45,17.65,
SHRITECH,60.0,2026-08-12,3.45,-0.08,-4.76,-9.37,-7.05,-25.93
MILTON,38.05,2026-08-12,7.03,18.91,-4.76,-15.54,-23.67,31.66
VERTEXPLUS,46.0,2026-08-12,0.0,0.0,-4.76,-37.12,-49.45,-65.13
MEGAFLEX,100.0,2026-08-12,0.0,0.0,-4.76,-32.43,-16.14,68.07
OPTIEMUS,552.25,2026-08-13,-1.23,-16.05,-4.77,30.16,33.77,-5.32
TIINDIA,2780.0,2026-08-13,-1.24,0.56,-4.78,-5.42,11.32,-8.94
WEALTH,912.7,2026-08-13,-2.84,-2.83,-4.78,0.01,-4.83,-26.4
ERIS,1380.3,2026-08-13,-0.94,-0.21,-4.8,4.29,-1.89,-17.14
AHLUCONT,819.95,2026-08-13,-1.2,-1.64,-4.83,1.1,-8.88,-13.66
RUBYMILLS,362.7,2026-08-13,-3.24,-1.91,-4.83,57.35,76.36,51.59
TOKYOPLAST,80.0,2026-08-13,0.0,1.27,-4.83,-6.98,-19.17,-37.13
RCF,124.47,2026-08-13,-2.15,-2.47,-4.85,-0.15,-3.95,-14.28
GENCON,39.34,2026-08-13,-0.2,-0.71,-4.86,-3.53,-25.0,-4.81
DRONE,38.1,2026-08-12,-3.54,-3.3,-4.87,-17.17,-24.03,-58.2
SJVN,67.13,2026-08-13,-1.13,-3.3,-4.87,-11.32,-11.08,-26.81
TRIGYN,56.02,2026-08-13,3.84,2.06,-4.87,-0.34,-5.5,-27.15
JPOLYINVST,1063.1,2026-08-13,2.15,3.29,-4.87,2.27,-3.42,45.16
GVT&D,4304.7,2026-08-13,-0.58,-1.49,-4.88,-1.07,21.16,47.85
HEMIPROP,132.98,2026-08-13,-2.87,-5.01,-4.88,-13.11,-1.37,-2.84
ANURAS,1207.8,2026-08-13,-0.7,-0.17,-4.88,-12.16,-9.62,5.32
GROWW,197.99,2026-08-13,2.41,2.8,-4.89,5.08,14.5,
NIITMTS,242.63,2026-08-13,-2.87,-1.61,-4.89,-0.93,-34.85,-25.13
MASKINVEST,147.4,2026-08-13,-7.04,0.27,-4.9,-1.73,6.77,-3.97
BSL,122.08,2026-08-13,-1.55,-1.27,-4.91,-3.62,-11.72,-14.23
ARVINDFASN,449.9,2026-08-13,-2.25,0.52,-4.92,5.1,-6.52,-10.54
AAATECH,90.36,2026-08-13,-9.17,-0.26,-4.92,-6.74,-20.73,10.89
ARCHIES,13.7,2026-08-13,-1.58,-1.79,-4.93,-6.68,-16.97,-28.53
IGARASHI,450.65,2026-08-13,-1.29,-3.53,-4.94,10.56,22.17,-8.59
PARAGMILK,218.12,2026-08-13,-0.8,-3.26,-4.94,-1.43,-1.73,0.24
GRAVISSHO,29.28,2026-08-13,-2.14,-5.52,-4.94,5.13,,
GRMOVER,90.05,2026-08-13,-0.55,-5.09,-4.94,-43.91,-45.01,-27.12
DESTINY,100.65,2026-08-12,-4.96,-4.96,-4.96,-4.96,-15.42,-17.77
ASAL,497.55,2026-08-13,-0.2,-2.03,-5.0,-0.01,6.02,5.57
SUYOG,829.95,2026-08-13,-2.59,-4.13,-5.01,9.11,23.24,-2.33
VSTL,106.88,2026-08-13,0.43,-2.67,-5.01,-16.08,-10.46,-31.13
VIRINCHI,15.17,2026-08-13,-2.94,-0.98,-5.01,-12.21,-25.34,-44.33
MASON,118.25,2026-08-12,1.81,-3.47,-5.02,-9.56,-32.25,-43.07
JAIPURKURT,27.07,2026-08-13,-7.71,0.59,-5.02,-11.51,-30.84,-34.01
KOHINOOR,23.1,2026-08-13,-0.3,-0.65,-5.02,-7.27,-8.8,-34.21
MONEYBOXX,57.76,2026-08-13,-5.39,-4.83,-5.02,-20.96,-4.29,
IEML,40.5,2026-08-12,-6.68,-5.37,-5.04,-45.38,-54.08,-71.46
ANTELOPUS,804.8,2026-08-13,1.6,-3.56,-5.05,6.55,40.54,43.87
BOROLTD,243.97,2026-08-13,1.22,4.5,-5.06,3.46,-3.7,-27.11
FRACTAL,810.75,2026-08-13,0.64,0.91,-5.06,-13.33,,
OSWALGREEN,21.33,2026-08-13,-1.8,-1.98,-5.07,-18.34,-25.91,-48.95
GPIL,243.31,2026-08-13,2.6,-0.43,-5.09,-16.1,-5.93,19.69
RILINFRA,38.05,2026-08-12,0.53,-1.81,-5.11,14.95,5.4,5.69
CCHHL,12.41,2026-08-13,-1.19,-4.98,-5.12,-9.55,-11.23,-31.13
ANTGRAPHIC,0.74,2026-08-13,0.0,-1.33,-5.13,-7.5,-21.28,-33.93
ICIL,391.15,2026-08-13,-7.96,-4.53,-5.13,38.0,28.91,57.56
VINYLINDIA,240.46,2026-08-13,-1.66,-2.35,-5.14,-6.62,11.56,-10.23
PATELRMART,215.51,2026-08-13,-1.79,-4.97,-5.14,9.71,11.75,
FIBERWEB,29.62,2026-08-13,0.44,1.16,-5.16,-20.57,-35.61,-40.31
SELMC,27.51,2026-08-13,1.93,0.15,-5.2,-8.39,-7.37,-7.84
LAHOTIOV,41.53,2026-08-13,-3.55,0.1,-5.2,-10.63,,
HINDCOMPOS,414.55,2026-08-13,-0.87,-2.58,-5.2,-6.31,-2.0,-10.52
JSWCEMENT,131.08,2026-08-13,-1.32,-1.37,-5.21,7.13,10.16,
TCIFINANCE,15.09,2026-08-13,1.0,-0.33,-5.21,7.1,3.57,11.86
AHLWEST,545.0,2026-08-13,0.0,1.49,-5.22,2.03,278.08,278.08
RHIM,391.65,2026-08-13,-7.49,-5.0,-5.22,-0.15,-10.31,-20.1
DTL,116.0,2026-08-12,0.0,-3.33,-5.23,-7.94,-9.38,-15.94
IRB,19.21,2026-08-13,-1.59,-4.57,-5.23,-5.57,-12.16,-13.39
JINDALPOLY,651.5,2026-08-13,3.66,4.24,-5.25,-7.12,42.58,24.38
FILATFASH,0.18,2026-08-13,0.0,0.0,-5.26,-25.0,-40.0,-67.86
GOKUL,39.34,2026-08-13,-0.25,-0.23,-5.27,-2.11,24.02,-4.68
DOMS,2234.6,2026-08-13,-0.69,-2.5,-5.29,0.57,-5.54,-5.87
ZIMLAB,109.74,2026-08-13,-1.29,-1.34,-5.31,4.6,54.06,42.61
AGARIND,499.5,2026-08-13,-2.86,-3.0,-5.31,19.63,-28.43,-47.12
DAMODARIND,28.5,2026-08-13,-1.72,1.6,-5.32,-2.03,8.41,-18.45
ASHOKAMET,14.02,2026-08-13,0.0,-1.2,-5.33,-12.1,-6.78,-19.1
PUNJABCHEM,1094.2,2026-08-13,-1.62,-5.01,-5.34,1.06,-1.0,-12.89
OMINFRAL,86.27,2026-08-13,-1.44,-5.82,-5.35,-4.09,-7.6,-21.86
PKTEA,690.0,2026-08-13,-1.19,-1.29,-5.35,-19.77,-10.77,10.52
RVHL,42.41,2026-08-13,-2.93,-7.74,-5.36,2.37,-2.82,8.47
VGL,59.89,2026-08-13,-1.69,-2.93,-5.36,-8.55,-12.88,-33.25
VENTIVE,588.45,2026-08-13,-0.84,-5.43,-5.36,-11.78,-21.38,-22.81
SUKHJITS,160.31,2026-08-13,-1.6,-2.64,-5.37,-17.47,-4.87,-4.26
DABUR,410.0,2026-08-13,-1.01,-3.71,-5.37,-10.32,-18.95,-17.08
SIGNATURE,801.05,2026-08-13,-2.86,-3.91,-5.37,-10.66,-23.02,-28.07
ADVENTHTL,143.3,2026-08-13,-1.5,-3.1,-5.39,-4.92,-32.08,
STCINDIA,116.33,2026-08-13,-1.94,-2.78,-5.42,-0.06,-1.83,-1.7
KAMOPAINTS,4.54,2026-08-13,-0.22,-0.44,-5.42,-13.19,-8.28,-50.0
SIMPLEXINF,250.75,2026-08-13,-3.76,6.41,-5.43,18.66,10.65,-10.35
ZENSARTECH,498.65,2026-08-13,-0.04,-3.74,-5.45,3.61,-13.19,-36.02
DBREALTY,112.89,2026-08-13,-3.27,-0.12,-5.47,-12.63,-9.52,-36.3
APTECHT,93.5,2026-08-13,-1.3,-1.86,-5.49,-1.33,7.97,-24.15
EXXARO,6.19,2026-08-13,-0.48,1.31,-5.5,-7.2,-14.86,-20.13
AMNPLST,195.39,2026-08-13,-1.95,-1.07,-5.54,16.02,15.42,-7.69
EMAMIREAL,74.81,2026-08-13,2.21,-4.43,-5.55,-24.53,3.95,-34.73
JKTYRE,383.5,2026-08-13,-0.39,-6.53,-5.55,1.74,-34.12,23.44
UGROCAP,92.4,2026-08-13,-4.2,-5.36,-5.55,-6.98,-31.69,-44.51
STUDDS,434.05,2026-08-13,0.42,-3.1,-5.57,-2.21,-12.65,
KAUSHALYA,928.0,2026-08-13,-0.64,0.37,-5.57,5.93,8.63,12.92
NITINSPIN,531.9,2026-08-13,-4.81,-7.07,-5.57,4.81,58.71,60.84
PFC,378.95,2026-08-13,-1.61,-10.09,-5.58,-14.24,-2.8,-5.01
GLOBE,2.03,2026-08-13,0.0,-3.33,-5.58,-16.8,-25.09,-6.02
ASTRAZEN,7792.5,2026-08-13,-3.68,-6.11,-5.59,-6.55,-12.24,-7.0
CUB,210.52,2026-08-13,-2.73,2.87,-5.61,15.36,-0.27,34.45
CLCIND,48.58,2026-08-13,-9.38,-18.46,-5.63,77.62,305.51,-82.65
SAKUMA,1.67,2026-08-13,-0.6,1.83,-5.65,-7.73,-15.23,-36.26
BIOFILCHEM,31.8,2026-08-13,-2.57,-3.84,-5.67,-3.75,-11.45,-25.35
CDSL,1350.0,2026-08-13,1.31,2.1,-5.69,14.85,2.02,-12.92
INSECTICID,627.8,2026-08-13,-3.39,-5.39,-5.7,-11.25,2.72,-30.5
MADHUSUDAN,233.85,2026-08-12,0.43,-0.06,-5.71,43.03,71.44,67.04
AJAXENGG,565.45,2026-08-13,-0.12,-4.81,-5.71,7.91,18.57,-21.7
DISHTV,2.8,2026-08-13,-1.06,-1.41,-5.72,-19.31,-14.37,-43.32
PROZONER,41.46,2026-08-13,-3.45,-3.87,-5.73,-15.2,-27.59,-2.52
PLATIND,217.8,2026-08-13,-4.55,-3.43,-5.75,-8.48,-9.78,-23.04
GODREJPROP,2028.0,2026-08-13,-3.81,-2.95,-5.77,17.75,12.8,3.96
INTERARCH,1728.7,2026-08-13,1.87,-6.36,-5.77,-15.16,-10.16,-18.31
YASHOPTICS,114.0,2026-08-12,-0.87,-4.76,-5.79,-15.81,-1.98,15.15
CINEVISTA,14.82,2026-08-13,-0.34,-0.8,-5.79,-3.14,-4.02,-17.35
TTML,38.74,2026-08-13,-0.72,-3.66,-5.79,-7.41,-11.02,-34.14
BEACON,92.0,2026-08-12,1.32,7.98,-5.79,-12.17,3.02,54.23
MVGJL,155.54,2026-08-13,-9.84,-8.88,-5.81,-2.29,-9.97,-22.39
HAWKINCOOK,8305.5,2026-08-13,-0.92,-2.25,-5.81,16.6,,
LINDEINDIA,6688.5,2026-08-13,-5.1,-4.02,-5.82,-9.15,-2.9,7.61
GREENPOWER,9.55,2026-08-13,-2.45,-5.26,-5.82,-17.88,-6.0,-27.71
EMAMILTD,402.4,2026-08-13,-1.73,-0.89,-5.82,-6.18,-17.81,-29.5
FORTIS,906.15,2026-08-13,-4.13,-3.6,-5.85,-5.26,-1.05,-4.09
TIPSMUSIC,671.95,2026-08-13,0.95,-2.41,-5.86,5.46,16.56,16.61
MAXPOSURE,32.95,2026-08-12,-1.64,-3.09,-5.86,-18.03,-12.95,-42.45
DELTACORP,60.94,2026-08-13,-4.51,-3.88,-5.87,-15.48,-10.88,-28.46
MAITHANALL,974.05,2026-08-13,-0.28,1.05,-5.87,-0.34,-8.37,-7.66
ROSSARI,497.4,2026-08-13,-2.26,-2.13,-5.88,-6.63,-5.03,-21.23
EBGNG,572.55,2026-08-13,3.04,6.98,-5.92,36.13,70.5,72.98
ZSARACOM,12388.0,2026-08-13,4.96,1.72,-5.93,28.37,,
TATACHEM,672.05,2026-08-13,0.47,-0.39,-5.93,-11.16,-1.85,-27.51
EUROTEXIND,13.65,2026-08-13,0.15,7.57,-5.93,-15.38,6.64,-4.94
IREDA,117.4,2026-08-13,-2.17,-4.55,-5.94,-8.46,-4.48,-18.18
BHAGCHEM,276.2,2026-08-13,-3.21,-7.42,-5.95,14.46,29.92,-2.24
INFOMEDIA,5.37,2026-08-13,-2.54,-0.19,-5.95,-2.36,9.15,-14.76
MUTHOOTFIN,2875.7,2026-08-13,-1.04,-0.53,-5.98,-17.99,-19.13,15.54
PRESTIGE,1618.9,2026-08-13,2.01,-2.94,-5.99,18.98,6.7,-0.37
VBL,440.5,2026-08-13,-1.12,-1.01,-5.99,-9.85,-1.63,-13.53
DECCANCE,542.95,2026-08-13,-3.43,-2.35,-5.99,-16.03,-21.6,-49.21
NATHBIOGEN,155.08,2026-08-13,-0.7,-2.37,-6.0,-5.2,4.64,-10.32
MAXIND,157.39,2026-08-13,-7.12,-9.88,-6.0,-5.56,-7.44,-24.01
JAINAM,235.0,2026-08-12,0.0,-2.08,-6.0,-17.83,6.48,-26.1
GPECO,407.5,2026-08-12,2.8,-3.56,-6.02,15.15,12.57,-30.35
ASIANHOTNR,297.5,2026-08-13,-5.88,-1.93,-6.02,-0.75,16.67,-14.31
LATENTVIEW,285.25,2026-08-13,-4.21,-4.23,-6.04,-3.84,-26.74,-28.6
TRANSRAILL,472.95,2026-08-13,-1.26,-5.46,-6.05,-9.79,-14.28,-39.86
VERTOZ,35.99,2026-08-13,0.93,1.07,-6.06,-24.98,-29.01,-59.42
SJLOGISTIC,316.2,2026-08-12,3.1,-1.89,-6.06,7.75,-11.77,-24.27
MONTECARLO,504.7,2026-08-13,-0.19,-5.31,-6.06,-11.67,-13.53,-4.67
BROOKS,65.6,2026-08-13,9.52,7.08,-6.08,37.58,-13.47,-58.01
ONESOURCE,1571.3,2026-08-13,-0.26,0.69,-6.08,-12.21,32.58,-17.13
AADHARHFC,503.2,2026-08-13,0.31,-0.19,-6.1,3.37,7.83,1.31
GTLINFRA,1.23,2026-08-13,-0.81,-6.11,-6.11,-13.38,-4.65,-15.17
DCW,46.11,2026-08-13,-1.73,-1.33,-6.11,-3.58,-10.98,-37.44
OSWALSEEDS,10.13,2026-08-13,-3.43,-5.15,-6.12,-17.98,-25.18,-23.08
ANMOL,10.26,2026-08-13,-1.63,2.5,-6.13,-12.01,-23.6,-35.51
FIDEL,135.95,2026-08-12,-3.07,-3.24,-6.13,-28.55,0.65,-22.77
HDFCLIFE,538.05,2026-08-13,-0.36,-2.72,-6.16,-10.42,-22.51,-30.47
MOTOGENFIN,26.65,2026-08-13,0.38,0.64,-6.16,15.62,19.51,1.22
BELLACASA,239.51,2026-08-13,-1.01,-2.65,-6.17,-3.01,-22.88,-40.29
JAICORPLTD,104.76,2026-08-13,1.54,0.9,-6.18,-7.99,-7.72,-1.8
GATEWAY,55.02,2026-08-13,-3.12,-3.28,-6.2,-0.35,-4.43,-13.73
RTNPOWER,8.46,2026-08-13,-2.31,-3.86,-6.21,-9.62,-3.64,-29.91
INDIANCARD,215.61,2026-08-13,-2.0,-3.87,-6.22,7.02,-5.57,-25.47
KOKUYOCMLN,81.05,2026-08-13,-3.49,-5.68,-6.22,-12.64,-9.08,-26.63
UTKARSHBNK,14.25,2026-08-13,1.64,-2.13,-6.25,4.93,5.17,-30.96
LOTUSEYE,116.61,2026-08-13,0.86,-0.72,-6.25,7.58,3.12,53.98
MARCO,31.5,2026-08-12,-1.41,1.78,-6.25,-23.17,3.28,-18.18
ABFRL,56.73,2026-08-13,-7.06,-9.1,-6.25,-10.79,-23.13,-24.04
SEYAIND,12.3,2026-08-13,-3.53,0.41,-6.25,-22.45,-25.36,-34.12
RBMINFRA,252.1,2026-08-12,-2.96,-5.39,-6.27,-31.12,-33.58,-44.32
SCILAL,40.65,2026-08-13,-0.88,-2.96,-6.27,-17.93,-12.22,-17.09
AIAENG,4435.1,2026-08-13,-7.41,-5.33,-6.27,16.87,14.85,42.32
NIBE,1494.0,2026-08-13,6.75,9.5,-6.3,47.76,52.32,25.35
IMPAL,1059.2,2026-08-13,-2.57,-4.11,-6.31,5.45,2.79,4.34
PRSMJOHNSN,105.43,2026-08-13,-3.28,-3.17,-6.34,-16.04,-12.27,-26.89
VIYASH,266.3,2026-08-13,-2.69,0.99,-6.35,18.04,23.1,55.27
DJML,104.69,2026-08-13,-5.93,-7.01,-6.36,11.71,15.1,-3.82
GESHIP,1298.8,2026-08-13,-2.32,-6.12,-6.36,-11.79,1.67,39.74
ELECTCAST,72.85,2026-08-13,-1.91,1.46,-6.37,-15.14,-0.3,-25.72
DEEDEV,629.7,2026-08-13,0.56,-9.05,-6.39,27.26,206.38,122.04
IKS,1781.5,2026-08-13,3.05,-3.51,-6.4,6.36,8.59,14.43
JAMNAAUTO,126.68,2026-08-13,-1.37,-10.07,-6.41,5.66,-6.43,43.45
TRUST,27.0,2026-08-12,-3.57,-9.4,-6.41,-26.53,-34.7,-55.83
GUJAPOLLO,347.25,2026-08-13,-2.98,-4.6,-6.41,-14.87,-14.43,-25.11
SETCO,17.5,2026-08-13,-2.34,-2.23,-6.42,28.26,121.44,106.74
SILGO,69.62,2026-08-13,0.59,-0.24,-6.42,-4.0,-12.66,28.19
MCON,40.0,2026-08-12,-2.68,-9.09,-6.43,-22.33,-14.62,-53.46
GANESHHOU,816.8,2026-08-13,5.7,4.97,-6.43,19.88,16.44,-5.69
RIIL,744.0,2026-08-13,-1.37,-0.38,-6.44,-1.59,0.76,-11.66
NAMAN,42.15,2026-08-12,0.0,-6.33,-6.44,-17.51,-29.75,-53.48
NBIFIN,2114.2,2026-08-13,-1.8,-5.04,-6.46,8.3,8.01,-7.46
MANGLMCEM,902.85,2026-08-13,0.15,-4.51,-6.48,2.22,16.06,26.37
NKIND,60.78,2026-08-13,-5.02,-3.25,-6.49,-9.55,-4.51,-7.6
DSKULKARNI,12.67,2026-08-13,10.17,40.31,-6.49,-6.49,-6.49,-6.49
RATEGAIN,885.05,2026-08-13,-5.09,-8.32,-6.51,41.36,61.55,80.77
PEARLPOLY,16.92,2026-08-13,3.49,1.62,-6.52,-15.4,-9.47,-48.23
TIMEX,539.15,2026-08-13,-4.28,-1.84,-6.52,54.37,,
EXCELSOFT,74.72,2026-08-13,-3.81,-9.97,-6.52,-14.9,-14.4,
NCLIND,173.64,2026-08-13,-0.25,-4.83,-6.59,1.79,-9.85,-18.42
GLOBUSSPR,874.65,2026-08-13,-1.68,-2.91,-6.61,-6.65,-10.75,-26.75
PIGL,107.18,2026-08-13,-2.12,-3.29,-6.61,0.58,-17.47,-22.32
LICI,412.15,2026-08-13,4.87,-3.82,-6.61,7.19,-2.18,-4.94
TVTODAY,113.23,2026-08-13,0.01,-2.19,-6.61,0.08,-11.12,-19.97
AEPL,15.67,2026-08-13,-2.12,9.43,-6.62,-3.45,,
PREMIERENE,1035.8,2026-08-13,-0.79,1.48,-6.64,7.07,36.53,3.8
LRRPL,84.0,2026-08-12,-1.18,-5.62,-6.67,7.01,35.7,-3.45
MAFATIND,126.5,2026-08-13,-0.8,-6.02,-6.68,-3.38,,
IRIS,240.72,2026-08-13,1.06,-5.42,-6.68,0.42,2.15,-29.92
SAAKSHI,275.3,2026-08-12,-0.67,-9.74,-6.69,16.04,46.05,57.54
SALZERELEC,573.7,2026-08-13,0.46,-2.98,-6.69,-19.96,-13.44,-32.95
ADANIENT,2964.9,2026-08-13,-1.5,-3.36,-6.69,18.74,38.83,30.09
ZUARI,220.92,2026-08-13,-2.88,-5.29,-6.69,-5.61,-6.43,-40.56
MANAKCOAT,117.8,2026-08-13,3.01,-1.9,-6.7,18.51,-0.94,-18.46
WAAREEENER,2687.0,2026-08-13,-0.52,0.41,-6.71,-12.91,-13.22,-8.61
DPWIRES,165.11,2026-08-13,0.38,0.51,-6.71,-5.28,-0.24,-19.02
ACL,46.08,2026-08-13,-4.02,-3.44,-6.72,-19.83,-16.7,-26.82
AGROPHOS,28.24,2026-08-13,0.57,-3.22,-6.74,-7.29,-20.27,-14.08
POWERGRID,266.6,2026-08-13,-1.3,-7.11,-6.78,-11.58,-7.17,-4.47
GEEKAYWIRE,23.08,2026-08-13,0.52,-0.56,-6.79,-12.97,-7.23,-29.57
HOMEFIRST,1175.3,2026-08-13,-0.53,0.44,-6.8,7.86,0.13,-4.25
ORIENTHOT,123.72,2026-08-13,-1.9,-8.62,-6.82,25.84,21.15,-10.39
REFRACTORY,25.25,2026-08-12,-4.9,-2.88,-6.83,-36.72,-47.61,-52.76
AGARWALFT,38.65,2026-08-12,4.88,4.04,-6.87,2.11,20.78,-40.68
EMMBI,85.35,2026-08-13,0.15,-0.3,-6.89,2.07,-8.56,-15.99
CMICABLES,2.7,2026-08-12,0.0,-3.23,-6.9,-15.36,-43.28,-16.41
JITFINFRA,332.9,2026-08-13,-3.24,-3.58,-6.91,7.51,-11.05,-0.77
ASTRON,3.5,2026-08-13,-4.37,-9.79,-6.91,-16.86,-13.37,-75.88
VESUVIUS,440.0,2026-08-13,-4.97,-2.53,-6.91,-6.93,-12.93,-15.43
BIRLACORPN,902.05,2026-08-13,0.51,-0.45,-6.94,-11.31,-13.19,-28.98
RGL,111.14,2026-08-13,-4.82,-3.77,-6.94,1.85,-4.55,3.25
EMBDL,62.28,2026-08-13,-4.6,2.45,-6.95,-15.08,-3.47,-33.58
FEDDERSHOL,41.13,2026-08-13,-4.64,-3.0,-6.97,21.15,,
SPCL,64.1,2026-08-12,-2.81,-3.17,-6.97,-18.71,-31.0,-37.43
JTEKTINDIA,133.32,2026-08-13,-6.52,-5.44,-6.98,-2.04,-3.02,7.76
DENEERS,163.25,2026-08-12,-6.53,-11.8,-6.98,-20.66,2.06,-44.99
AKSHAR,0.4,2026-08-13,-2.44,0.0,-6.98,-18.37,-20.0,-18.37
HGINFRA,526.45,2026-08-13,-4.62,-3.38,-6.98,-15.0,-20.71,-46.91
NOVARTIND,1548.3,2026-08-13,-3.68,-5.34,-7.0,24.69,130.32,130.32
TECHNOE,983.6,2026-08-13,-7.43,-1.58,-7.01,-18.31,-6.22,-31.27
ORIANA,1374.35,2026-08-12,-3.3,-6.78,-7.02,-24.74,-30.02,-36.44
LGHL,196.44,2026-08-13,-0.69,-2.42,-7.05,-18.51,-38.09,-32.22
SAMPANN,26.36,2026-08-13,-2.44,-2.87,-7.05,-2.62,-18.42,-21.08
RPOWER,23.22,2026-08-13,-3.09,-2.72,-7.05,-14.95,-13.36,-45.09
CCL,1143.0,2026-08-13,1.81,-0.82,-7.05,1.66,14.99,33.6
CARRARO,524.55,2026-08-13,5.37,-3.36,-7.06,-10.2,-7.78,28.69
HALEOSLABS,1475.0,2026-08-13,2.98,-7.17,-7.07,-5.63,13.46,36.15
LAXMIDENTL,206.23,2026-08-13,-4.33,-5.46,-7.08,0.6,7.45,-45.7
KIRLOSIND,3806.4,2026-08-13,1.27,-3.37,-7.09,21.98,21.59,-2.8
KAVDEFENCE,57.29,2026-08-13,-4.93,-2.1,-7.1,-10.3,-29.19,3.34
NAGREEKEXP,22.64,2026-08-13,1.89,0.71,-7.1,-13.26,-11.77,-12.11
FMNL,9.29,2026-08-13,-0.11,-5.69,-7.1,-3.03,14.69,-28.81
BANCOINDIA,626.8,2026-08-13,-0.11,-4.71,-7.12,4.72,-3.97,18.53
NEWGEN,542.4,2026-08-13,-3.69,-3.62,-7.12,16.39,14.36,-35.83
CONTI,11.05,2026-08-12,0.0,0.0,-7.14,-16.92,-39.29,-52.27
CMPDI,240.92,2026-08-13,-2.39,-2.24,-7.16,0.13,,
DRCSYSTEMS,12.82,2026-08-13,-1.23,-5.53,-7.17,-14.99,-20.96,-26.49
FABTECH,146.92,2026-08-13,-0.34,-1.9,-7.17,-7.22,-9.56,
HUDCO,193.91,2026-08-13,-2.86,-2.74,-7.18,-11.09,0.39,-4.61
ECOSMOBLTY,119.48,2026-08-13,-9.18,-11.63,-7.19,-13.15,-30.99,-57.49
BASML,24.93,2026-08-13,-12.03,-7.87,-7.19,3.14,-0.52,-16.51
NDTV,76.37,2026-08-13,0.3,-1.32,-7.19,2.72,-8.93,-40.65
GOYALSALT,109.5,2026-08-12,-4.78,-4.78,-7.2,-8.75,-20.07,-29.47
PROTEAN,555.85,2026-08-13,-1.95,-11.89,-7.21,3.71,-12.27,-23.36
KIRLFER,435.55,2026-08-13,-0.92,-8.31,-7.24,-3.89,-3.06,-3.06
LIKHITHA,227.74,2026-08-13,0.5,0.73,-7.25,7.72,36.62,-8.48
SHREERAMA,39.89,2026-08-13,5.22,-1.16,-7.25,-9.71,-34.56,-9.55
RAILTEL,285.2,2026-08-13,-1.51,-1.98,-7.3,-11.31,-13.25,-17.25
NUCLEUS,716.8,2026-08-13,2.41,2.89,-7.32,-7.31,-14.03,-27.04
MFSL,1512.4,2026-08-13,-0.14,-1.95,-7.32,-5.35,-17.12,-4.76
EIHAHOTELS,298.95,2026-08-13,1.34,-4.35,-7.34,-4.34,-10.51,-22.5
HLVLTD,6.94,2026-08-13,-3.34,-3.74,-7.34,-12.26,-20.5,-41.92
KHADIM,93.9,2026-08-13,0.89,-2.99,-7.34,-11.67,-38.79,-62.37
BBOX,832.5,2026-08-13,9.89,10.46,-7.37,0.92,52.89,68.31
KISSHT,300.9,2026-08-13,2.52,-4.05,-7.37,47.0,,
LEMONTREE,109.05,2026-08-13,1.03,-4.37,-7.38,-2.96,-14.54,-26.0
TPLPLASTEH,76.62,2026-08-13,1.16,-5.71,-7.39,22.03,9.82,4.14
AXISBANK,1221.8,2026-08-13,-2.04,-3.95,-7.4,-2.62,-8.22,14.7
AHCL,14.25,2026-08-13,-1.38,-3.13,-7.41,6.26,17.23,
DHANBANK,32.26,2026-08-13,-2.89,-1.44,-7.43,0.22,35.04,19.88
WTICAB,111.85,2026-08-12,-0.58,-5.17,-7.45,16.39,-8.28,-34.97
RUBFILA,68.63,2026-08-13,-3.91,-3.95,-7.46,-5.29,-4.49,-9.83
VIVIMEDLAB,4.96,2026-08-13,1.64,-0.4,-7.46,-21.89,-33.06,0.2
SAMHI,164.77,2026-08-13,-2.96,-9.31,-7.46,9.38,-0.66,-25.99
STAR,989.2,2026-08-13,-0.98,-3.82,-7.46,-13.31,15.88,14.59
BRIGHOTEL,59.22,2026-08-13,-1.15,-2.98,-7.48,-2.63,-3.57,-29.05
HGM,47.39,2026-08-13,-1.78,-4.17,-7.55,-22.25,-22.46,-10.25
INDOFARM,146.87,2026-08-13,-2.61,-9.12,-7.57,8.06,4.46,-27.13
SAROJA,30.5,2026-08-12,3.92,1.67,-7.58,-7.58,-15.4,-17.23
SUNTECK,299.35,2026-08-13,0.27,-2.84,-7.59,-2.86,-24.82,-20.76
WELENT,568.25,2026-08-13,-1.92,-6.35,-7.59,13.48,15.32,26.84
ACCURACY,4.75,2026-08-13,-0.42,-1.04,-7.59,-16.96,-7.05,-31.85
SAHANA,787.3,2026-08-12,-2.5,-5.33,-7.6,-8.03,-20.09,-35.89
TVSSCS,127.54,2026-08-13,-0.69,-6.84,-7.6,10.79,-2.74,-4.88
REDTAPE,124.19,2026-08-13,-7.66,-5.05,-7.61,-7.3,-5.51,3.52
LUXIND,1209.3,2026-08-13,-2.86,-4.02,-7.62,-14.03,23.45,-4.96
INDOSTAR,248.8,2026-08-13,2.77,1.45,-7.63,23.3,7.48,-8.91
INDIAMART,1803.6,2026-08-13,1.17,0.28,-7.63,-5.76,-15.65,-27.31
COMPINFO,1.09,2026-08-13,-0.91,-5.22,-7.63,-18.05,-26.85,-56.75
SENCO,351.9,2026-08-13,-11.77,-9.33,-7.64,8.11,0.15,4.32
SUBROS,758.85,2026-08-13,-2.48,-7.15,-7.65,0.36,-5.36,-6.12
WELSPLSOL,48.19,2026-08-13,-0.45,-5.01,-7.66,13.84,,
AMBER,7175.0,2026-08-13,1.13,-3.04,-7.67,-13.56,-7.23,3.3
SAPPL,278.75,2026-08-13,-6.94,-3.03,-7.68,-6.77,,
KSOLVES,274.3,2026-08-13,-1.06,-3.01,-7.68,-1.2,-1.88,-6.8
RALLIS,212.94,2026-08-13,-0.09,-2.24,-7.68,-18.97,-18.43,-43.23
BLAL,170.4,2026-08-13,-0.92,-2.42,-7.69,-15.2,-11.04,-14.83
ZAGGLE,201.04,2026-08-13,-1.44,-2.34,-7.7,-29.17,-29.69,-46.38
POWERMECH,2459.9,2026-08-13,-2.79,-5.13,-7.74,1.92,17.32,-21.22
SINDHUTRAD,23.79,2026-08-13,-2.78,-2.9,-7.75,1.97,3.34,-3.29
DIGISPICE,17.59,2026-08-13,-1.12,-2.17,-7.76,-13.31,-11.52,-22.2
ZEELEARN,8.31,2026-08-13,6.81,2.09,-7.77,41.81,36.23,-15.98
PFS,28.62,2026-08-13,-0.52,0.74,-7.77,-5.48,-13.3,-26.93
SIKA,1104.0,2026-08-13,3.33,-1.48,-7.77,15.82,,
SANDHAR,615.15,2026-08-13,-5.95,-5.06,-7.79,19.67,16.08,49.12
ALLTIME,216.84,2026-08-13,-0.95,-2.3,-7.83,-10.11,-16.27,
ORIENTALTL,5.05,2026-08-13,-2.51,-2.7,-7.85,-25.95,-29.67,-50.15
NAGREEKCAP,22.38,2026-08-13,-3.45,-2.23,-7.86,-21.64,-24.65,-16.9
MAL,29.85,2026-08-12,-6.72,-9.55,-7.87,-27.37,-40.24,-49.32
CELEBRITY,6.9,2026-08-13,-0.14,-2.95,-7.88,-9.33,-19.2,-45.71
BSE,3502.8,2026-08-13,-2.59,-2.02,-7.92,-9.69,16.09,40.68
PARKHOTELS,120.85,2026-08-13,0.08,-2.96,-7.93,-2.54,-4.71,-19.31
VMM,107.0,2026-08-13,-1.47,-3.78,-7.93,-10.46,-12.23,-25.79
BYKE,30.99,2026-08-13,-6.06,-10.04,-7.93,-13.1,-39.01,-57.59
JUBLPHARMA,890.5,2026-08-13,-7.5,-4.57,-7.98,-10.08,-1.96,-16.93
SHBAJRG,172.61,2026-08-13,-2.72,-8.18,-8.0,-1.37,,
GICHSGFIN,139.62,2026-08-13,-8.96,-5.73,-8.0,-4.75,-11.31,-17.87
TOLINS,95.71,2026-08-13,-6.15,-7.81,-8.01,-9.1,-25.71,-38.22
ELECTHERM,1011.5,2026-08-13,-0.97,0.35,-8.01,35.99,37.34,25.53
TTL,6.2,2026-08-13,5.98,-2.67,-8.01,-20.41,-36.48,-47.08
DEN,27.69,2026-08-13,1.58,-0.11,-8.01,5.65,-2.6,-21.51
WAKEFIT,122.37,2026-08-13,-3.77,-5.91,-8.02,-1.14,-42.64,
PRECAM,135.17,2026-08-13,-4.82,-5.68,-8.04,-13.73,-11.29,-20.26
UTIAMC,908.5,2026-08-13,0.07,-0.79,-8.05,-2.34,-11.6,-28.77
RCOM,0.8,2026-08-13,-3.61,-4.76,-8.05,-13.04,-23.08,-56.52
ORICONENT,51.79,2026-08-13,-2.81,-4.52,-8.06,-19.83,-21.55,-2.16
OSWALAGRO,37.66,2026-08-13,-3.04,-2.16,-8.06,-21.93,-25.88,-49.29
ORKLAINDIA,543.3,2026-08-13,-4.31,-5.28,-8.06,-13.48,-0.5,
GKWLIMITED,1636.4,2026-08-13,-0.91,-1.43,-8.07,-2.47,-3.83,1.88
DIGIDRIVE,17.44,2026-08-13,0.81,-1.8,-8.11,-20.84,-23.91,-42.91
PICCADIL,660.5,2026-08-13,-14.09,-12.17,-8.12,11.4,13.19,5.07
PENIND,158.34,2026-08-13,-1.95,-6.37,-8.12,-2.22,-10.95,-29.08
MASFIN,303.65,2026-08-13,1.0,-4.41,-8.14,-6.6,-9.56,-0.72
GAYAPROJ,20.16,2026-08-13,1.82,0.9,-8.15,7.01,58.74,130.93
SPRL,101.95,2026-08-12,0.0,4.46,-8.15,8.46,-18.37,-30.65
FRONTSP,1312.9,2026-08-13,-6.69,-4.96,-8.16,-21.15,,
VAIBHAVGBL,233.4,2026-08-13,-1.5,-11.6,-8.21,9.07,-6.66,11.05
ATMASTCO,148.55,2026-08-12,1.05,-1.62,-8.22,-27.62,7.68,-34.46
WELSPUNLIV,159.83,2026-08-13,-2.71,3.36,-8.22,19.5,13.29,39.81
AMBIKCO,1591.6,2026-08-13,-3.78,-10.53,-8.28,1.34,14.76,15.51
MOKSH,10.61,2026-08-13,0.57,4.02,-8.3,-16.72,-20.35,-21.7
BAJAJST,370.25,2026-08-13,-5.92,-3.97,-8.3,-11.47,,
MODIRUBBER,119.36,2026-08-13,-2.67,-1.66,-8.32,-16.17,-4.56,2.99
FLFL,1.21,2026-08-13,0.0,-2.42,-8.33,-29.24,-6.2,-26.22
SUMMITSEC,1440.9,2026-08-13,-1.77,-5.34,-8.34,-7.8,-17.85,-24.87
MAXHEALTH,1013.3,2026-08-13,-5.21,-7.92,-8.4,-1.07,-3.65,-19.89
DENTA,316.9,2026-08-13,-5.81,-12.95,-8.4,18.18,15.11,-6.31
ADANIPORTS,1658.0,2026-08-13,-1.37,-2.53,-8.41,-4.19,9.61,26.17
MEIL,274.45,2026-08-13,0.31,-5.03,-8.43,-16.13,3.02,
HERANBA,167.8,2026-08-13,-4.99,-8.18,-8.43,-20.88,-19.12,-51.11
ALOKINDS,11.71,2026-08-13,-1.68,-2.74,-8.44,-14.84,-22.45,-34.29
LAXMICOT,13.89,2026-08-13,-4.54,-5.06,-8.44,-0.57,-43.14,-44.44
INTLCONV,73.06,2026-08-13,-2.1,-0.96,-8.46,-9.76,-7.27,-13.31
LOVABLE,71.66,2026-08-13,-1.29,-3.07,-8.48,-2.93,-4.92,-23.19
VIDYAWIRES,88.17,2026-08-13,-9.95,-5.43,-8.49,-5.17,87.36,
TBI,58.55,2026-08-12,-5.26,-8.44,-8.52,-10.13,-18.0,-33.35
AFCONS,271.6,2026-08-13,3.33,-1.58,-8.53,-18.11,-17.69,-35.31
WPIL,420.4,2026-08-13,-3.26,-7.8,-8.53,-7.56,,
WCIL,88.23,2026-08-13,0.35,-2.49,-8.54,-14.42,-26.76,-23.73
SHALBY,156.15,2026-08-13,-3.53,-4.69,-8.56,-3.68,-0.4,-25.06
SHRENIK,0.32,2026-08-13,0.0,-3.03,-8.57,-17.95,-25.58,-42.86
EQUITASBNK,75.95,2026-08-13,0.61,-0.41,-8.57,10.78,10.81,39.56
SBC,38.55,2026-08-13,-6.2,-8.19,-8.58,12.95,26.68,110.31
TORNTPOWER,1318.0,2026-08-13,-1.85,-5.3,-8.59,-9.23,-8.64,-1.9
DAMCAPITAL,148.06,2026-08-13,-1.95,-3.68,-8.59,-4.9,-9.27,-33.37
EFCIL,178.55,2026-08-13,-2.75,-7.94,-8.6,2.43,-33.21,
PAGEIND,36520.0,2026-08-13,-5.54,-9.15,-8.6,3.77,9.35,-15.19
GOKEX,783.0,2026-08-13,-1.65,-4.14,-8.61,13.92,-7.25,10.73
INOXWIND,74.1,2026-08-13,0.82,-6.08,-8.62,-23.8,-30.34,-46.29
TEXRAIL,107.09,2026-08-13,-0.24,-5.15,-8.62,-10.91,-5.65,-23.64
SMSPHARMA,365.3,2026-08-13,-1.77,0.48,-8.63,-9.59,8.35,56.48
KHFM,48.65,2026-08-12,-6.17,-2.11,-8.64,-14.27,-28.93,-41.28
AVANTIFEED,856.95,2026-08-13,-5.18,-4.48,-8.64,-35.54,-39.15,27.49
RAJMET,3.28,2026-08-13,-1.2,-0.91,-8.64,-17.79,-19.21,-27.11
MOTILALOFS,897.5,2026-08-13,1.76,3.4,-8.68,6.35,14.4,-2.6
TENNIND,533.4,2026-08-13,-3.8,-2.06,-8.68,-13.99,-4.83,
SAKSOFT,168.34,2026-08-13,1.69,-4.66,-8.72,20.55,4.49,-16.44
GGBL,240.95,2026-08-12,-3.58,-7.04,-8.73,-24.7,-25.47,-47.18
NETWORK18,29.01,2026-08-13,-1.06,-1.26,-8.74,-10.96,-21.76,-49.0
TTKPRESTIG,600.95,2026-08-13,-0.77,-6.73,-8.75,14.37,7.73,-4.35
SGIL,538.75,2026-08-13,-12.81,-9.03,-8.76,-4.65,11.25,1.59
STANLEY,145.28,2026-08-13,1.46,-6.8,-8.8,-8.34,-13.63,-53.0
JSLL,529.35,2026-08-13,-1.96,-9.12,-8.8,-26.01,-24.2,-5.46
BIMETAL,639.4,2026-08-13,-1.92,0.35,-8.83,14.31,,
SCHAND,138.67,2026-08-13,-2.09,-4.17,-8.84,-15.71,-11.52,-27.29
DELHIVERY,467.0,2026-08-13,-2.37,-0.64,-8.84,0.39,11.05,-0.02
ADVENZYMES,300.85,2026-08-13,2.14,-7.07,-8.84,-17.88,0.4,-1.56
ABLBL,89.96,2026-08-13,-1.74,-5.71,-8.87,-10.83,-19.73,-33.28
TPHQ,0.41,2026-08-13,0.0,-2.38,-8.89,-24.07,-31.67,-44.59
RELCHEMQ,119.09,2026-08-13,-8.43,-4.6,-8.89,-2.85,-8.31,-27.21
VILINBIO,41.9,2026-08-12,0.0,0.72,-8.91,-15.18,29.52,56.34
FELDVR,2.25,2026-08-13,-5.06,-9.64,-8.91,-18.48,-22.41,-32.02
ICICIGI,1628.0,2026-08-13,-1.26,-2.81,-8.91,-9.42,-14.71,-14.28
SYSTMTXC,58.2,2026-08-13,-1.52,-3.35,-8.92,-13.29,-30.99,
IVALUE,281.5,2026-08-13,0.93,2.48,-8.93,19.56,17.11,
COFFEEDAY,29.2,2026-08-13,-6.02,-8.84,-8.95,17.65,-11.97,-23.36
SOTAC,91.95,2026-08-12,0.0,0.0,-8.96,-17.39,-26.44,-26.99
SEJALLTD,678.95,2026-08-13,-5.04,-8.57,-8.96,-12.72,0.43,27.0
UNIENTER,95.18,2026-08-13,-1.67,-1.96,-8.97,-5.13,-13.4,-37.36
PRITI,35.93,2026-08-13,-0.75,-4.97,-8.99,-18.19,-29.69,-61.74
PRAJIND,321.55,2026-08-13,-1.86,3.23,-8.99,-14.25,5.44,-19.68
STERTOOLS,221.8,2026-08-13,-4.46,-13.04,-9.0,-6.96,-3.84,-27.95
RTNINDIA,30.41,2026-08-13,-2.72,-8.15,-9.01,-11.21,-13.19,-41.49
MUFTI,79.31,2026-08-13,-8.79,-4.09,-9.01,1.67,-13.75,-29.22
20MICRONS,183.08,2026-08-13,-2.89,-6.61,-9.01,4.41,1.73,-19.92
EMMIL,119.5,2026-08-12,-0.71,-1.52,-9.02,-18.29,-17.59,-40.25
VIKASECO,1.11,2026-08-13,-0.89,0.0,-9.02,-18.38,-25.5,-49.08
EMKAY,240.85,2026-08-13,0.6,-0.21,-9.03,13.04,-2.51,16.9
AMRUTANJAN,491.6,2026-08-13,-6.78,-5.68,-9.04,-15.97,-22.7,-27.85
LICHSGFIN,502.0,2026-08-13,0.4,-3.28,-9.04,-14.28,-1.11,-11.06
INTELLECT,701.05,2026-08-13,-3.68,-6.38,-9.06,-1.83,4.26,-23.3
LUPIN,2250.3,2026-08-13,-2.16,-5.96,-9.07,2.3,3.06,13.91
HMT,58.37,2026-08-13,-3.36,-4.93,-9.07,1.44,34.18,2.93
GUJTHEM,347.25,2026-08-13,-5.52,-2.62,-9.08,-8.01,11.21,-4.77
HDFCAMC,2499.5,2026-08-13,-2.36,-3.89,-9.08,-3.7,-9.21,-6.81
AWFIS,272.0,2026-08-13,0.89,-1.91,-9.09,-22.72,-16.04,-53.85
VILAS,349.5,2026-08-12,-3.27,-2.47,-9.1,-14.91,-0.01,-34.29
WHEELS,1353.6,2026-08-13,-4.12,-4.39,-9.13,2.45,57.14,90.08
UNICHEMLAB,542.4,2026-08-13,6.95,7.35,-9.14,49.5,44.47,5.57
ATGL,655.05,2026-08-13,-0.77,-1.88,-9.14,8.04,26.04,7.55
JBMA,632.9,2026-08-13,-1.01,-4.48,-9.14,-4.66,9.15,4.46
KITEX,138.89,2026-08-13,0.69,-5.09,-9.15,-12.66,-29.2,-22.33
GODREJIND,1255.6,2026-08-13,-2.83,-6.1,-9.17,17.0,29.97,6.83
AAKASH,8.71,2026-08-13,-3.65,-3.01,-9.18,-1.02,10.11,-16.25
VTL,590.85,2026-08-13,-2.87,0.42,-9.19,-3.12,15.73,49.37
RMC,267.4,2026-08-13,-19.93,-8.47,-9.2,-42.0,,
SUVEN,326.45,2026-08-13,-1.85,6.27,-9.21,55.62,115.45,40.56
AGNI,16.25,2026-08-12,-4.97,-6.07,-9.22,-21.69,-19.75,-26.14
PILITA,8.25,2026-08-13,-3.28,-4.62,-9.24,-3.96,-5.61,-41.86
KEC,444.65,2026-08-13,-6.56,-6.04,-9.28,-18.52,-25.27,-43.26
ALLETEC,131.45,2026-08-12,-2.23,-7.4,-9.28,-13.21,-28.31,-55.06
NBCC,92.07,2026-08-13,-2.93,-3.59,-9.28,-2.96,-6.01,-12.57
HPL,318.4,2026-08-13,-6.22,-5.22,-9.3,-10.66,-9.98,-46.16
MKPL,4.17,2026-08-13,-0.48,-1.88,-9.35,-17.59,-20.72,-37.39
CRIZAC,180.31,2026-08-13,-3.38,-7.95,-9.36,-13.68,-22.04,-43.77
EPACK,219.17,2026-08-13,-5.24,-4.68,-9.36,-11.09,-12.35,-41.73
ANIKINDS,40.62,2026-08-13,-3.74,-5.82,-9.37,-4.76,-14.0,-56.98
INDNIPPON,1120.3,2026-08-13,-0.36,-4.51,-9.37,46.99,46.81,41.48
SITINET,0.29,2026-08-13,0.0,-6.45,-9.38,-12.12,-25.64,-43.14
INNOVATIVE,66.6,2026-08-12,-1.91,-3.83,-9.39,-26.0,-2.77,-54.55
PRLIND,44.4,2026-08-12,0.91,0.34,-9.39,-28.33,-27.8,-50.11
ISHANCH,50.16,2026-08-13,3.29,-3.24,-9.39,-21.42,-14.42,-15.65
PATELENG,28.57,2026-08-13,-3.28,-0.97,-9.39,4.77,-5.68,-25.58
TECILCHEM,8.48,2026-08-13,-1.05,-15.62,-9.4,-31.61,-42.7,-52.23
EUROPRATIK,283.05,2026-08-13,-12.41,-6.18,-9.4,12.12,21.29,
RML,1120.2,2026-08-13,6.14,-7.48,-9.4,25.36,36.2,42.75
HDBFS,684.9,2026-08-13,1.26,0.01,-9.43,1.72,-3.18,-8.06
MTNL,26.54,2026-08-13,-3.53,-5.59,-9.45,-8.92,-15.53,-38.48
IPL,141.92,2026-08-13,-1.25,-4.48,-9.47,-15.98,-14.71,-33.92
EVERESTIND,463.85,2026-08-13,-3.75,0.22,-9.48,23.09,13.42,-15.09
MADHUCON,5.25,2026-08-13,-1.87,-0.57,-9.48,-6.08,6.28,-18.73
STEELXIND,10.97,2026-08-13,3.0,-3.77,-9.49,6.2,37.3,5.08
TOUCHWOOD,63.65,2026-08-13,-6.25,-4.21,-9.49,-13.22,-30.23,-34.85
CHEMPLASTS,180.39,2026-08-13,1.02,-8.01,-9.49,-22.13,-43.33,-56.81
INDIANHUME,367.85,2026-08-13,-5.38,-11.25,-9.5,11.68,0.99,-2.37
ADSL,113.77,2026-08-13,-1.38,-2.71,-9.52,-9.71,-4.67,-28.28
HBLENGINE,693.05,2026-08-13,-0.22,-6.24,-9.55,-11.56,-9.12,-8.87
SEPC,5.87,2026-08-13,-6.08,-2.49,-9.55,-21.0,-39.11,-47.96
PRITIKAUTO,17.41,2026-08-13,-2.9,-1.75,-9.56,25.43,27.08,-4.86
SPENCERS,32.0,2026-08-13,-0.06,-3.7,-9.58,-14.78,-8.75,-43.72
MOSCHIP,210.49,2026-08-13,2.97,0.12,-9.59,-3.68,10.84,25.02
ONMOBILE,64.31,2026-08-13,-5.86,-3.41,-9.6,19.11,24.17,18.98
MOBIKWIK,203.66,2026-08-13,-1.46,-5.17,-9.6,3.73,-4.01,-10.02
SHIVAMAUTO,17.05,2026-08-13,-3.07,-3.34,-9.6,-9.64,-22.5,-38.89
AKI,4.23,2026-08-13,-2.31,3.68,-9.62,-14.2,-35.71,-58.08
DHTL,33.25,2026-08-12,-5.0,-6.73,-9.65,-28.19,-42.27,-35.56
BHARATCOAL,33.9,2026-08-13,-0.29,-0.56,-9.67,0.27,-3.83,
GOLDSTAR,7.0,2026-08-12,6.06,1.45,-9.68,2.19,45.83,-22.65
JINDALPHOT,1074.2,2026-08-13,1.35,0.96,-9.69,3.62,-25.89,29.98
DANGEE,2.89,2026-08-13,-3.02,-3.02,-9.69,-16.71,-17.43,-33.56
HUBTOWN,189.71,2026-08-13,6.14,-0.42,-9.73,-13.83,-14.29,-45.22
ARSHIYA,0.92,2026-08-13,-1.08,-4.17,-9.8,-24.59,-35.21,-66.42
PULZ,22.45,2026-08-12,-8.92,-10.02,-9.84,-8.37,-23.9,-43.87
NAVKARCORP,99.11,2026-08-13,-1.54,-4.02,-9.86,4.49,1.44,-18.7
TEAMLEASE,1256.4,2026-08-13,0.23,1.34,-9.87,-6.82,-7.52,-25.74
SRGHFL,275.0,2026-08-13,-4.2,-8.24,-9.87,-2.52,2.23,-11.45
VSTIND,217.27,2026-08-13,-1.06,-0.92,-9.87,-11.29,-5.0,-17.12
CRAYONS,25.95,2026-08-12,0.0,-2.08,-9.9,-21.36,-34.55,-51.68
RACE,99.54,2026-08-13,-7.5,-10.96,-9.92,-20.99,-14.77,-57.06
ASCOM,233.6,2026-08-12,-4.98,-9.72,-9.93,-10.02,29.78,171.47
URAVIDEF,107.04,2026-08-13,-0.39,-5.98,-9.94,-16.31,-37.95,-77.69
RBZJEWEL,140.04,2026-08-13,-8.03,-8.19,-9.94,6.93,-7.99,6.03
NLCINDIA,274.35,2026-08-13,-3.85,-7.95,-9.95,-15.77,5.8,15.58
CGCL,231.12,2026-08-13,-0.55,1.6,-9.95,25.32,30.4,24.58
NH,1831.0,2026-08-13,-0.2,-4.62,-9.95,0.6,0.84,0.23
JISLDVREQS,20.95,2026-08-13,0.72,-7.01,-9.97,-9.03,-16.37,-30.86
ISHAN,0.45,2026-08-12,-10.0,0.0,-10.0,-35.71,-40.0,-47.06
INFOLLION,153.85,2026-08-12,-3.84,-3.24,-10.03,-27.99,-56.46,-65.81
MALLCOM,978.9,2026-08-13,-2.62,0.31,-10.04,-6.75,-16.95,-22.03
GREENPLY,284.55,2026-08-13,0.65,-0.82,-10.08,8.65,25.85,-7.21
CAPACITE,209.54,2026-08-13,-0.46,-1.91,-10.09,-11.59,-18.88,-25.98
VEEKAYEM,116.85,2026-08-12,-4.96,-7.26,-10.12,-14.08,2.95,-54.14
HILTON,20.04,2026-08-13,-5.11,-6.22,-10.13,-8.45,-25.72,-66.95
EXICOM,151.29,2026-08-13,-1.26,-7.72,-10.13,32.39,56.73,8.16
NAVNETEDUL,135.23,2026-08-13,2.43,2.31,-10.16,-5.0,-12.4,-2.52
RPPINFRA,59.63,2026-08-13,-1.97,-0.5,-10.16,-18.59,-25.74,-47.04
GMRAIRPORT,103.0,2026-08-13,-3.1,-2.42,-10.18,6.33,9.54,16.19
BOMDYEING,115.58,2026-08-13,-3.64,-5.2,-10.19,-6.17,-0.83,-31.65
FCSSOFT,1.41,2026-08-13,-4.08,-5.37,-10.19,-12.96,-14.02,-41.0
GTPL,54.03,2026-08-13,-8.45,-9.87,-10.28,-19.94,-30.12,-52.95
RKEC,24.77,2026-08-13,-6.88,-6.17,-10.29,-26.61,-50.17,-63.22
PRUDMOULI,13.32,2026-08-13,0.6,-1.04,-10.3,-16.07,-27.25,-66.1
RESPONIND,168.71,2026-08-13,-0.4,-2.65,-10.31,3.19,-10.85,-15.06
CANTABIL,229.55,2026-08-13,-1.57,-7.15,-10.32,2.12,-24.57,-5.35
SHAH,4.16,2026-08-13,6.39,3.74,-10.34,-24.09,-12.61,25.3
GKENERGY,128.39,2026-08-13,-3.81,-2.12,-10.36,2.76,15.6,
ABSLAMC,1026.4,2026-08-13,1.44,0.84,-10.36,1.77,21.04,22.55
EIHOTEL,300.65,2026-08-13,-0.82,-8.92,-10.39,-5.13,-8.55,-27.83
MARATHON,369.25,2026-08-13,-2.87,-8.2,-10.41,-24.06,-23.54,-40.57
IZMO,949.75,2026-08-13,-2.84,-3.96,-10.43,41.75,17.23,131.73
ITCHOTELS,166.99,2026-08-13,-1.11,1.07,-10.46,8.62,-6.69,-26.56
SUZLON,47.61,2026-08-13,0.23,-1.02,-10.46,-10.34,4.25,-21.15
PRAXIS,6.68,2026-08-13,-1.76,1.83,-10.46,-10.09,-23.74,-40.73
BALAMINES,2095.9,2026-08-13,2.43,3.49,-10.47,55.69,95.19,34.97
AEGISVOPAK,271.5,2026-08-13,-1.83,-10.04,-10.48,37.79,26.81,10.74
INSPIRISYS,92.07,2026-08-13,-10.78,-6.52,-10.5,-6.59,-1.09,-10.31
KCP,154.78,2026-08-13,2.08,1.52,-10.5,-4.31,-9.06,-23.41
KSL,860.3,2026-08-13,3.04,-2.96,-10.5,5.43,17.05,-0.7
THEMISMED,103.96,2026-08-13,-4.61,-2.9,-10.51,3.05,14.46,-0.75
RNBDENIMS,8.92,2026-08-13,-1.55,-1.76,-10.53,-28.35,-84.98,
BORORENEW,579.0,2026-08-13,5.56,4.52,-10.55,7.04,17.01,-1.71
RUPA,153.87,2026-08-13,-6.91,-5.96,-10.55,9.34,5.16,-19.66
HDIL,1.52,2026-08-13,-2.56,-7.88,-10.59,-25.12,-44.32,-53.52
KAKATCEM,103.77,2026-08-13,-9.05,-13.43,-10.6,-17.41,-11.37,-31.16
SOMICONVEY,87.65,2026-08-13,-6.68,-6.21,-10.61,-21.82,-22.68,-40.86
ONIDA,36.51,2026-08-13,-6.31,-8.38,-10.62,-15.89,19.35,38.66
KSCL,772.3,2026-08-13,1.18,-1.05,-10.65,-18.11,-11.28,-31.51
SHANTIGEAR,394.3,2026-08-13,-1.26,-4.99,-10.68,-10.45,-12.67,-27.86
MAHEPC,107.84,2026-08-13,-0.66,0.07,-10.68,-9.09,-12.09,-26.64
TVSELECT,458.85,2026-08-13,-0.01,-7.42,-10.69,-4.33,15.16,11.01
VIKASLIFE,1.25,2026-08-13,-0.79,-2.34,-10.71,-18.3,-21.88,-44.69
SUNCLAY,1243.8,2026-08-13,0.75,-0.73,-10.73,-14.27,-5.26,-25.0
CSBBANK,323.75,2026-08-13,-0.42,-2.72,-10.8,-8.25,-16.83,-15.93
GOACARBON,367.5,2026-08-13,-3.51,-3.97,-10.81,-9.87,-2.22,-20.87
KELLTONTEC,13.78,2026-08-13,-1.85,-3.43,-10.81,-11.15,-23.4,-44.99
ROCKINGDCE,161.95,2026-08-12,-2.12,-10.52,-10.82,-21.35,-22.14,-23.25
PNBGILTS,79.52,2026-08-13,-1.67,-4.78,-10.84,14.93,-1.34,-22.04
KOPRAN,181.15,2026-08-13,3.69,-3.16,-10.84,20.03,37.34,18.68
LIBERTSHOE,238.55,2026-08-13,-5.13,-8.92,-10.86,-1.18,-9.74,-22.38
BANKA,81.97,2026-08-13,-3.39,-6.77,-10.91,-1.36,36.59,-7.95
RUSTOMJEE,373.5,2026-08-13,1.04,-5.87,-10.92,-8.99,-23.83,-39.95
RHFL,1.79,2026-08-13,-2.19,-4.79,-10.95,-20.44,-32.71,-60.92
PATINTLOG,13.82,2026-08-13,-2.47,-1.36,-10.95,10.91,10.47,-8.32
JAINREC,301.45,2026-08-13,-0.28,-13.92,-10.95,-46.9,-21.19,
VEDPOWER,36.88,2026-08-13,1.04,4.77,-10.98,,,
ACUTAAS,3110.6,2026-08-13,-5.22,-0.19,-11.0,10.0,54.17,136.46
APEX,367.7,2026-08-13,-4.7,-3.34,-11.02,-20.42,-14.96,48.71
QUICKHEAL,149.5,2026-08-13,-1.1,-6.15,-11.03,-30.61,-14.87,-47.91
SHREEKARNI,367.85,2026-08-12,-8.64,-9.62,-11.04,-16.78,-18.16,-30.15
SUPREME,42.12,2026-08-13,-3.24,-8.41,-11.05,-21.55,-25.39,-42.4
YCCL,9.65,2026-08-12,3.21,0.0,-11.06,-3.5,-18.57,-22.49
ROUTE,514.6,2026-08-13,-3.9,-4.18,-11.06,-0.25,-5.62,-40.67
JARO,463.95,2026-08-13,1.57,-1.82,-11.07,-3.74,-1.53,
TAINWALCHM,203.28,2026-08-13,1.5,-0.24,-11.07,0.57,15.01,-7.37
AVROIND,8.49,2026-08-13,-1.74,-3.19,-11.1,-21.17,-35.98,-45.36
JASH,483.6,2026-08-13,-4.51,-3.4,-11.17,21.02,22.69,-6.49
BAJAJINDEF,218.27,2026-08-13,-5.61,-6.23,-11.17,-24.15,-17.79,-40.72
HITECH,79.16,2026-08-13,-5.68,-7.4,-11.18,-8.51,-9.54,-9.76
NUVAMA,1704.9,2026-08-13,4.24,-3.44,-11.19,13.29,32.43,25.36
SAFARI,1492.4,2026-08-13,-0.74,-3.6,-11.24,0.42,-15.41,-26.91
S&SPOWER,320.4,2026-08-13,-0.53,-4.17,-11.25,-15.68,7.07,-20.81
PNC,18.1,2026-08-13,-7.04,-11.14,-11.27,-6.27,-29.38,-36.54
TERASOFT,352.9,2026-08-13,-13.44,-9.3,-11.28,11.13,-9.42,20.23
DIAMINESQ,240.04,2026-08-13,-2.9,0.13,-11.3,-7.82,2.14,-34.67
SSFL,243.0,2026-08-12,5.22,-7.06,-11.31,160.59,96.13,45.43
PNCINFRA,219.39,2026-08-13,4.27,-11.39,-11.34,-0.51,2.0,-28.93
BLUESTARCO,1514.0,2026-08-13,0.4,-12.45,-11.34,-6.7,-23.82,-13.35
VINCOFE,146.65,2026-08-13,-0.31,-3.77,-11.34,12.86,1.68,-0.88
GEMAROMA,174.9,2026-08-13,-2.22,-10.86,-11.34,12.61,-10.53,
VIVIANA,702.75,2026-08-13,-0.15,-2.11,-11.35,-13.58,-12.56,-39.45
HDFCBANK,725.0,2026-08-13,-0.82,-3.72,-11.36,-1.68,-18.47,-25.57
SURYAROSNI,222.85,2026-08-13,-10.04,-6.1,-11.37,-9.78,-2.5,-24.46
BHARATWIRE,190.59,2026-08-13,-0.93,-6.01,-11.38,-22.55,8.84,7.57
SHREEPUSHK,370.0,2026-08-13,-10.06,-8.83,-11.4,1.87,1.51,9.24
GALAPREC,1024.5,2026-08-13,2.76,-6.05,-11.44,18.87,29.19,26.12
SOLARA,518.35,2026-08-13,0.81,0.48,-11.45,2.91,3.75,-14.36
WAAREERTL,891.7,2026-08-13,-2.15,-3.04,-11.47,-8.29,0.33,-11.21
LLOYDS,66.15,2026-08-12,0.0,-3.43,-11.51,-28.99,13.08,-24.83
SOBHA,1342.6,2026-08-13,-0.97,-2.16,-11.53,-2.69,-11.59,-11.36
SHAKTIPUMP,506.05,2026-08-13,-0.85,-2.46,-11.54,-4.46,-20.79,-41.78
MSTCLTD,580.7,2026-08-13,-0.27,-4.62,-11.57,34.67,23.59,27.28
LIBAS,9.81,2026-08-13,-1.31,-2.78,-11.62,-19.85,-6.66,-23.3
RAJESHEXPO,80.99,2026-08-13,-1.16,-4.49,-11.64,-27.49,-54.48,-54.76
MAYURUNIQ,755.45,2026-08-13,-2.59,-3.64,-11.66,25.01,34.4,44.97
ELECON,443.3,2026-08-13,1.27,3.5,-11.69,-12.11,2.39,-21.63
NELCAST,118.63,2026-08-13,-4.91,-2.24,-11.7,-18.77,-0.29,-29.09
FOODSIN,53.94,2026-08-13,0.84,-0.72,-11.72,-6.81,-11.47,-46.06
SHILCTECH,3954.8,2026-08-13,-15.57,-15.54,-11.76,-5.1,3.77,
NORTHARC,286.5,2026-08-13,0.4,0.65,-11.83,-1.19,13.67,21.21
MAITREYA,120.2,2026-08-12,-0.29,-0.66,-11.84,-31.72,-39.87,-55.07
GODREJCP,936.9,2026-08-13,-8.8,-13.24,-11.85,-8.58,-20.8,-20.33
PHOENIXLTD,1898.5,2026-08-13,-1.89,-2.89,-11.86,9.21,9.39,32.34
SAHAJSOLAR,109.2,2026-08-12,0.09,-5.54,-11.86,-25.03,-28.28,-53.62
KCEIL,80.9,2026-08-12,-3.69,-8.79,-11.87,-27.54,-41.69,-76.45
PANSARI,316.15,2026-08-13,-1.74,-3.93,-11.9,18.34,1.98,36.57
HIKAL,216.35,2026-08-13,-3.72,-5.89,-11.94,7.2,1.42,-15.03
CANFINHOME,821.85,2026-08-13,0.19,0.59,-11.94,0.24,-6.21,11.18
SURYALA,385.65,2026-08-13,-5.54,-6.15,-11.97,8.33,,
METROBRAND,943.8,2026-08-13,-2.42,-8.8,-12.01,-9.79,-11.79,-14.87
WSI,57.78,2026-08-13,-4.46,-4.51,-12.01,-16.9,-23.39,-35.97
SHARDACROP,792.7,2026-08-13,-2.45,-2.99,-12.04,-32.63,-36.19,-18.58
ESSARSHPNG,19.56,2026-08-13,-2.3,-4.91,-12.05,-20.16,-35.51,-28.46
EASEMYTRIP,6.19,2026-08-13,-5.35,-6.21,-12.07,-21.55,-6.35,-30.14
VENUSPIPES,1579.8,2026-08-13,-2.46,0.99,-12.13,20.26,36.3,18.32
GREENPANEL,171.77,2026-08-13,-9.62,-12.68,-12.17,-18.36,-21.42,-35.87
WALCHANNAG,225.56,2026-08-13,-4.78,-1.64,-12.18,-5.94,32.91,21.48
DHRUV,23.63,2026-08-13,-2.32,-3.75,-12.22,-19.9,-16.88,-63.08
SOLEX,883.75,2026-08-13,-2.18,-6.66,-12.23,-28.92,-4.66,-32.66
IPSL,215.0,2026-08-12,-2.71,-2.71,-12.24,1.9,-21.25,-37.12
SUPREMEPWR,189.3,2026-08-12,-6.03,-9.14,-12.26,-25.07,26.28,-8.42
CONTROLPR,572.05,2026-08-13,-1.35,0.1,-12.28,-9.06,-9.53,-21.6
PURVA,217.89,2026-08-13,2.22,4.92,-12.28,1.55,-15.12,-24.57
QUICKTOUCH,21.0,2026-08-12,-4.55,-6.67,-12.32,-16.83,-38.24,-63.6
ASTEC,602.05,2026-08-13,-3.0,-4.18,-12.32,-9.93,-5.47,-24.78
APTUS,253.8,2026-08-13,0.22,-3.72,-12.33,-4.91,2.63,-25.25
LCCINFOTEC,3.9,2026-08-13,5.41,-5.8,-12.36,-22.77,-23.08,-17.72
SURANAT&P,16.28,2026-08-13,-1.51,-9.0,-12.38,-10.06,-12.14,-10.7
MDL,64.0,2026-08-12,0.39,-0.54,-12.39,37.04,16.36,-30.74
SHYAMTEL,14.73,2026-08-13,-0.27,-13.86,-12.43,-35.0,42.59,5.21
ASALCBR,726.2,2026-08-13,-1.2,-6.64,-12.43,-15.25,-17.11,-30.01
SHANTI,6.2,2026-08-13,-7.74,-10.14,-12.43,-9.36,-12.55,-38.43
DBEIL,7.11,2026-08-13,-1.39,-2.6,-12.44,-10.33,-20.46,-45.79
AGSTRA,2.03,2026-08-13,1.5,-7.31,-12.5,-17.81,-47.0,-60.04
BUTTERFLY,682.45,2026-08-13,-0.17,-7.34,-12.53,-2.19,8.86,-4.99
BLUECOAST,24.98,2026-08-13,-4.66,1.38,-12.54,-20.75,-2.42,-66.5
SARTELE,113.8,2026-08-12,-1.9,-5.36,-12.56,-22.45,-49.98,-43.69
RELIGARE,234.35,2026-08-13,2.07,-10.25,-12.6,3.04,-3.95,-11.1
WEBELSOLAR,87.1,2026-08-13,-7.82,-10.74,-12.61,-19.55,32.69,-38.01
SHRIRAMPPS,78.01,2026-08-13,-10.28,-8.92,-12.7,-8.89,-7.53,-12.05
COOLCAPS,20.95,2026-08-12,-0.48,-8.52,-12.71,-13.61,-22.84,-73.86
HEALTHX,294.7,2026-08-13,-2.8,-6.44,-12.71,5.97,-0.2,6.26
AMANTA,153.27,2026-08-13,-5.87,-10.94,-12.71,15.64,45.94,
BPL,50.85,2026-08-13,-4.97,-6.68,-12.73,-9.44,-12.52,-34.21
ASHAPURMIN,613.65,2026-08-13,-4.82,-14.52,-12.77,-7.02,13.46,22.32
AVANTEL,160.16,2026-08-13,-1.31,-1.74,-12.84,2.76,5.51,20.13
REPRO,322.2,2026-08-13,-9.06,-19.19,-12.85,-15.7,-33.82,-37.32
BLKASHYAP,51.81,2026-08-13,-5.75,-4.62,-12.87,-4.53,2.76,-24.71
CEIGALL,317.05,2026-08-13,-0.86,-8.03,-12.92,-9.21,9.46,29.23
VIPCLOTHNG,20.6,2026-08-13,1.93,-4.19,-12.93,-19.72,-13.26,-46.09
DIL,0.74,2026-08-12,0.0,-3.9,-12.94,-25.25,-45.59,-61.86
CIEINDIA,408.6,2026-08-13,-0.22,-2.63,-12.95,-10.77,-9.22,5.38
DCXINDIA,170.8,2026-08-13,-4.61,-6.95,-12.95,-16.29,0.44,-30.89
SHYAMCENT,5.04,2026-08-13,-0.59,-0.4,-12.95,-5.26,-10.32,-30.96
SCODATUBES,134.49,2026-08-13,-4.15,-10.83,-12.96,-11.02,-2.15,-23.01
HRHNEXT,23.8,2026-08-12,-5.74,-11.85,-12.98,-16.64,-13.45,-32.48
REFEX,293.4,2026-08-13,-1.11,-4.37,-13.03,15.16,26.67,-22.2
TSFINV,418.05,2026-08-13,-3.7,-7.98,-13.04,6.13,-3.91,-9.7
SYMPHONY,631.25,2026-08-13,-2.09,-7.4,-13.06,-18.07,-27.42,-33.08
UNITECH,3.99,2026-08-13,-2.21,-6.34,-13.07,-13.26,-26.92,-46.01
RATNAMANI,2298.0,2026-08-13,1.72,-2.68,-13.12,-18.45,2.54,-1.3
ARSSBL,504.65,2026-08-13,0.81,-1.28,-13.12,-6.51,-8.2,
IBULLSLTD,27.01,2026-08-13,-6.22,-0.3,-13.15,38.16,172.28,63.4
JALAN,1.65,2026-08-12,0.0,3.12,-13.16,-2.94,-50.75,-76.43
NIMBSPROJ,177.16,2026-08-13,-0.47,-2.97,-13.16,-17.26,,
NOIDATOLL,4.15,2026-08-13,-1.66,-6.53,-13.18,5.06,4.01,7.51
VIKRAN,65.16,2026-08-13,-10.12,-10.17,-13.22,-7.88,-24.13,
EQUIPPP,21.0,2026-08-13,-6.04,-9.05,-13.26,39.91,15.07,1.01
CCCL,15.09,2026-08-13,-0.53,-4.07,-13.28,-0.92,-11.13,-3.89
BFINVEST,464.0,2026-08-13,-3.01,-3.93,-13.31,14.18,17.37,4.21
BNAGROCHEM,246.0,2026-08-13,-7.19,-13.91,-13.38,-18.32,,
DELAPLEX,86.0,2026-08-12,-1.71,-9.81,-13.39,-30.56,-24.76,-38.02
SONUINFRA,39.45,2026-08-12,-4.83,-5.96,-13.39,-28.01,-46.51,-66.28
VLEGOV,10.12,2026-08-13,-5.77,-2.22,-13.43,-27.04,-24.53,-76.0
PATANJALI,353.85,2026-08-13,-0.32,-2.79,-13.45,-20.78,-31.86,-40.48
BGRENERGY,258.95,2026-08-13,-0.73,-6.99,-13.47,-1.16,-23.11,115.5
SURANI,89.95,2026-08-12,-9.32,-5.32,-13.51,-33.76,60.62,18.12
INDOUS,77.54,2026-08-13,-4.0,-7.25,-13.58,-26.9,-41.28,-53.68
J&KBANK,157.78,2026-08-13,1.7,1.06,-13.59,17.64,55.08,55.32
ZOTA,1241.3,2026-08-13,-2.42,-1.93,-13.63,3.94,-11.83,-7.25
FUSION,204.6,2026-08-13,-0.76,-2.93,-13.72,-1.68,8.6,34.89
REPCOHOME,362.1,2026-08-13,-4.92,-6.18,-13.72,-7.36,-10.46,-1.43
GENSOL,16.66,2026-08-13,-3.2,-9.01,-13.72,-20.29,-40.29,-60.11
PGHL,5923.5,2026-08-13,-0.71,-8.89,-13.74,13.48,18.73,-0.6
SFL,695.95,2026-08-13,3.36,-11.99,-13.76,28.96,19.49,3.6
PSPPROJECT,918.85,2026-08-13,-2.86,-3.23,-13.8,19.53,16.92,38.66
DCM,82.76,2026-08-13,0.93,-1.06,-13.81,3.55,-2.04,-17.9
HITECHGEAR,552.25,2026-08-13,-2.04,-3.88,-13.83,-7.93,-15.07,-12.14
IDEAFORGE,781.8,2026-08-13,-12.92,-11.87,-13.85,1.39,90.22,70.18
NARMADA,14.8,2026-08-13,8.27,-8.98,-13.85,-19.43,-10.09,33.57
RAJVIR,5.64,2026-08-12,0.0,0.0,-13.89,-26.27,-29.94,-46.29
EIEL,203.08,2026-08-13,-5.82,-8.79,-13.91,-1.15,21.6,-19.11
ANGELONE,292.0,2026-08-13,-0.95,-3.31,-13.92,-1.76,9.34,13.09
LINC,97.88,2026-08-13,-2.56,-3.7,-13.94,0.86,-9.6,-20.93
AWHCL,393.5,2026-08-13,-5.59,-8.3,-13.95,-17.25,-22.59,-35.39
SWSOLAR,203.87,2026-08-13,-0.04,-2.18,-13.96,0.15,4.13,-25.5
GRANDOAK,37.42,2026-08-13,-12.83,2.27,-13.96,32.46,,
POCL,494.05,2026-08-13,2.23,-10.25,-14.05,-15.4,3.58,10.58
CCAVENUE,15.64,2026-08-13,-10.83,-10.27,-14.11,10.92,-17.25,4.55
KKVAPOW,451.4,2026-08-12,0.0,-5.0,-14.12,-26.36,-34.86,-38.03
ZTECH,506.7,2026-08-12,-0.33,-6.46,-14.16,-14.22,-12.98,-13.33
GANESHCP,162.43,2026-08-13,0.53,-8.64,-14.16,-19.48,-14.48,
SUNDARAM,1.09,2026-08-13,-12.8,-12.8,-14.17,-20.44,-35.12,-45.23
MARSONS,102.58,2026-08-13,-0.84,-7.13,-14.17,-29.19,,
JETKNIT,59.35,2026-08-12,0.0,-4.96,-14.17,-33.46,-33.46,-45.55
THERMAX,4001.6,2026-08-13,-1.25,-2.93,-14.19,-11.63,39.19,21.72
NITCO,91.86,2026-08-13,-5.21,-15.02,-14.2,-10.06,14.14,-30.81
MSPL,34.03,2026-08-13,-4.41,-2.97,-14.22,-17.0,9.14,4.35
INDOCO,222.2,2026-08-13,0.36,0.2,-14.22,-1.67,9.77,-24.29
GODIGIT,260.05,2026-08-13,-3.11,-1.03,-14.26,-15.32,-19.39,-27.12
K2INFRA,53.15,2026-08-12,0.85,-2.39,-14.27,-1.94,-16.23,-24.18
EPACKPEB,238.55,2026-08-13,-5.05,-2.21,-14.29,22.58,27.04,
AJMERA,117.18,2026-08-13,-4.76,-10.14,-14.3,-3.71,-15.05,-34.35
WABAG,1885.6,2026-08-13,-4.46,-6.28,-14.3,37.18,47.21,24.06
DLINKINDIA,418.8,2026-08-13,-4.24,-7.1,-14.31,-7.33,7.26,-11.69
MASTERTR,78.66,2026-08-13,-2.42,-7.3,-14.33,-10.31,-9.04,-51.82
MUTHOOTMF,210.95,2026-08-13,-3.43,-10.49,-14.36,12.99,10.85,36.23
WOMANCART,92.9,2026-08-12,-1.54,-10.89,-14.38,-18.11,-48.66,-62.16
LAKPRE,4.76,2026-08-13,-3.64,-1.04,-14.39,-25.16,-13.45,-31.11
MANORG,451.9,2026-08-13,0.58,-5.5,-14.48,-24.22,10.25,-13.9
TARACHAND,47.87,2026-08-13,-4.49,-18.64,-14.53,-18.39,-27.89,-33.25
ZYDUSWELL,505.45,2026-08-13,-2.06,-9.72,-14.54,-1.73,24.35,29.95
ANUP,1861.0,2026-08-13,-0.31,-14.45,-14.59,-5.97,-6.22,-17.29
DAVANGERE,2.98,2026-08-13,-3.25,-6.29,-14.61,-16.76,-32.12,-3.56
SYNOPTICS,67.45,2026-08-12,-5.0,-9.1,-14.62,14.32,5.56,-28.17
SPAL,960.25,2026-08-13,-10.08,-2.88,-14.63,19.26,26.74,23.33
CBAZAAR,5.25,2026-08-12,0.0,-13.22,-14.63,15.38,23.53,14.13
EIFFL,283.35,2026-08-13,0.21,-5.27,-14.64,14.89,17.87,18.81
AGIIL,297.9,2026-08-13,-0.18,-3.64,-14.69,-19.31,25.51,35.36
ADANIGREEN,1319.0,2026-08-13,-3.65,-5.45,-14.71,-3.49,38.77,42.73
PACEDIGITK,180.93,2026-08-13,1.56,-10.25,-14.75,-5.01,0.12,
NORBTEAEXP,60.82,2026-08-13,-9.13,-6.85,-14.76,-23.94,-22.75,72.83
MIDWESTLTD,1128.6,2026-08-13,-4.93,-7.1,-14.81,-14.6,-18.22,
KIRLPNU,1506.8,2026-08-13,1.36,2.97,-14.81,3.65,32.7,15.89
ITALIANE,30.65,2026-08-12,-3.46,-4.07,-14.86,-21.01,17.88,-7.68
ZENITHDRUG,41.8,2026-08-12,-7.93,-12.18,-14.87,7.18,-11.06,-34.69
KSB,802.8,2026-08-13,-0.14,-6.41,-14.88,-5.36,13.68,1.49
BAWEJA,24.25,2026-08-12,-2.41,-15.65,-14.91,-16.09,-26.07,-59.62
ASHOKA,112.43,2026-08-13,-4.7,-7.17,-14.93,-12.21,-25.84,-37.0
GSLSU,31.02,2026-08-13,15.7,12.03,-14.94,-42.36,-62.83,-74.65
SERVOTECH,82.68,2026-08-13,-2.87,-3.58,-14.98,-12.57,-3.13,-32.43
TRIDHYA,9.05,2026-08-12,0.0,-9.05,-15.02,-3.21,-36.71,-47.69
MINDTECK,177.05,2026-08-13,-7.67,-7.96,-15.17,-14.42,-16.19,-5.22
MIRZAINT,32.14,2026-08-13,-3.69,-4.69,-15.2,3.84,-10.72,-3.34
THANGAMAYL,5270.0,2026-08-13,-1.48,6.13,-15.21,44.69,47.55,165.26
MGEL,14.28,2026-08-13,-3.77,-7.93,-15.25,7.52,16.55,-12.55
KIRLOSENG,2059.9,2026-08-13,-3.35,-7.43,-15.27,29.05,49.86,128.5
ELITECON,16.91,2026-08-13,-2.14,-1.63,-15.37,-47.71,,
CEINSYS,795.0,2026-08-13,-5.63,-4.57,-15.4,-21.13,,
ONELIFECAP,32.14,2026-08-13,-4.06,-10.94,-15.47,64.23,108.65,165.62
RAJTV,10.14,2026-08-13,-1.84,-5.76,-15.5,-52.75,-74.85,-76.2
BEARDSELL,24.9,2026-08-13,-7.05,-9.45,-15.54,-3.38,-9.85,-21.18
HCC,20.07,2026-08-13,-0.55,-7.98,-15.57,-8.9,1.21,-22.09
CAMLINFINE,106.46,2026-08-13,-14.4,-17.13,-15.61,-10.49,-35.86,-47.85
MADHAVIPL,7.1,2026-08-13,-5.08,-9.55,-15.68,-19.77,,
KALAMANDIR,85.83,2026-08-13,-1.3,-4.67,-15.73,-25.42,-25.83,-48.32
BBL,2306.4,2026-08-13,0.3,-10.06,-15.75,-6.82,-6.58,-16.55
ACEINTEG,17.42,2026-08-13,-7.73,-10.07,-15.8,-12.9,-11.62,-28.31
MAPMYINDIA,993.7,2026-08-13,0.88,-16.67,-15.89,-2.84,-19.25,-43.9
TARIL,292.0,2026-08-13,-2.37,-1.18,-15.92,-6.35,7.71,-43.14
JISLJALEQS,27.08,2026-08-13,-4.31,-13.57,-15.98,-17.19,-28.13,-48.64
BEWLTD,51.2,2026-08-12,-2.57,-11.65,-16.13,-37.45,-49.8,-67.48
FDC,358.75,2026-08-13,-0.44,-11.34,-16.18,-2.96,-4.66,-24.81
BHARATGEAR,102.33,2026-08-13,-4.96,-16.44,-16.26,-8.81,-5.93,17.02
VIKRAMSOLR,163.46,2026-08-13,4.25,-8.07,-16.28,-21.08,-29.1,
EMSLIMITED,369.15,2026-08-13,-7.45,-10.91,-16.32,10.38,11.66,-33.01
GRAUWEIL,66.84,2026-08-13,-1.12,-15.13,-16.33,-1.23,-42.18,-42.18
BIRLAMONEY,131.96,2026-08-13,-1.12,-1.71,-16.38,-5.78,-1.45,-22.4
IONEXCHANG,377.5,2026-08-13,-2.11,-12.2,-16.43,-4.48,-2.73,-12.91
WANBURY,251.1,2026-08-13,2.01,-12.26,-16.43,-3.65,-1.38,0.7
TRANSTEEL,101.75,2026-08-12,-9.96,-12.25,-16.6,-21.94,-30.69,-21.12
INTENTECH,80.87,2026-08-13,1.15,-2.65,-16.62,-23.58,-25.59,-3.42
PLADAINFO,10.0,2026-08-12,0.0,-4.31,-16.67,-10.71,-20.0,-45.95
FCONSUMER,0.25,2026-08-12,0.0,-3.85,-16.67,-28.57,-30.56,-43.18
BFUTILITIE,560.3,2026-08-13,-0.49,-2.76,-16.69,4.45,7.33,-22.26
SIGNPOST,267.5,2026-08-13,-0.07,-4.46,-16.71,-5.78,10.9,16.47
ALKALI,69.93,2026-08-13,5.52,1.95,-16.75,11.25,-0.7,-19.58
BOROSCI,135.44,2026-08-13,-1.59,-11.72,-16.78,19.82,14.0,-7.74
QUADFUTURE,362.2,2026-08-13,-2.07,0.35,-16.78,21.46,23.7,-5.12
OWAIS,87.3,2026-08-12,-2.13,-13.35,-16.78,-50.01,-60.9,-81.69
HIMATSEIDE,74.08,2026-08-13,-6.39,-8.53,-16.87,-4.62,-33.21,-40.85
MEGASTAR,304.25,2026-08-13,-5.99,-7.01,-16.97,-3.12,32.28,30.78
VERITAAS,33.3,2026-08-12,0.0,0.0,-17.06,-29.89,-44.41,-55.48
AURIONPRO,733.95,2026-08-13,0.54,-0.76,-17.09,-4.12,-21.28,-50.09
MEGATHERM,194.35,2026-08-12,-4.07,-5.2,-17.09,-26.76,-13.43,-38.54
PWL,118.22,2026-08-13,-7.29,-6.2,-17.11,6.45,10.15,
ISGEC,744.65,2026-08-13,-7.79,-11.24,-17.24,-29.87,-14.7,-28.45
SATIN,221.12,2026-08-13,-2.54,-4.15,-17.24,-1.92,43.28,57.95
CEREBRAINT,2.63,2026-08-13,-6.41,-11.45,-17.3,-34.74,-49.71,-63.62
DYNAMIC,132.25,2026-08-12,-3.61,-1.31,-17.34,15.0,8.0,-11.45
BANDHANBNK,175.9,2026-08-13,1.9,1.3,-17.48,-9.74,6.32,7.13
FAZE3Q,489.65,2026-08-13,-14.19,-11.17,-17.55,10.15,-19.9,2.89
TECHLABS,120.45,2026-08-12,-1.51,-4.48,-17.58,-50.01,-36.1,-73.81
GRCL,508.5,2026-08-12,1.9,-10.16,-17.59,-9.19,25.56,27.76
NINSYS,716.5,2026-08-13,-3.27,-4.66,-17.62,24.57,112.64,65.36
KRIDHANINF,2.24,2026-08-13,-2.61,-2.61,-17.65,-28.21,-36.18,-44.0
FOCUS,67.58,2026-08-13,-1.46,-4.06,-17.68,-18.35,1.88,-30.35
KOTIC,144.18,2026-08-13,-4.8,-7.37,-17.68,-17.22,,
SURYODAY,156.39,2026-08-13,-3.06,-4.48,-17.7,-9.25,21.41,23.75
KRISHNADEF,1073.5,2026-08-13,-9.5,-11.89,-17.73,-7.21,8.17,34.47
SPANDANA,251.0,2026-08-13,-0.67,-4.34,-17.79,-5.48,-2.54,1.76
ADFFOODS,261.85,2026-08-13,-0.42,-4.14,-17.85,-3.56,19.38,15.31
GINNIFILA,43.07,2026-08-13,-4.86,-6.08,-17.87,2.16,8.38,-21.43
NITTAGELA,1575.9,2026-08-13,-6.29,-8.87,-18.01,23.43,,
INDIASHLTR,674.15,2026-08-13,4.91,-7.21,-18.1,-18.09,-7.37,-26.79
WINNY,32.1,2026-08-12,4.9,4.9,-18.11,-35.15,-46.5,-59.8
JNKINDIA,413.15,2026-08-13,-0.05,0.56,-18.18,21.37,71.16,37.03
GALLANTT,573.45,2026-08-13,-3.0,-8.63,-18.19,-28.1,3.26,-19.05
KPIGREEN,328.25,2026-08-13,-11.1,-13.81,-18.21,-24.59,-18.52,-36.23
IXIGO,171.35,2026-08-13,-5.95,-14.15,-18.57,4.21,-12.93,-33.57
APS,244.7,2026-08-12,-0.85,-8.01,-18.6,-28.2,-34.42,-52.83
MEDPLUS,667.9,2026-08-13,-2.68,-4.09,-18.72,-24.92,-22.22,-16.93
JAYKAY,149.1,2026-08-13,-2.23,-9.81,-18.76,-7.24,-6.81,
MCLEODRUSS,46.48,2026-08-13,-9.62,-10.53,-18.8,-18.27,6.65,27.24
HLEGLAS,332.25,2026-08-13,-29.98,-21.43,-18.81,-2.58,2.9,-22.46
DUGLOBAL,25.0,2026-08-12,0.81,-3.85,-18.83,-43.82,-22.0,-40.41
TVVISION,4.0,2026-08-13,-5.88,-15.25,-18.86,-22.33,-36.1,-41.94
SHANTHALA,18.5,2026-08-12,7.25,7.25,-19.04,-26.0,-41.36,-43.94
PRAMARA,107.45,2026-08-12,-8.55,-15.03,-19.21,-68.44,-69.35,-52.82
HINDWAREAP,200.08,2026-08-13,-6.87,-9.97,-19.27,-8.74,-19.27,-27.48
INA,97.16,2026-08-13,-9.93,-13.83,-19.38,-24.0,,
PENINLAND,15.5,2026-08-13,-1.9,-1.96,-19.48,-10.14,-26.05,-57.65
AKG,8.72,2026-08-13,1.63,-13.23,-19.48,-23.78,-39.36,-31.93
COASTCORP,41.7,2026-08-13,-2.36,-18.3,-19.58,-31.84,-22.59,27.75
TARAPUR,14.43,2026-08-13,1.33,-8.5,-19.65,-37.51,-49.44,-43.12
DIGIKORE,41.7,2026-08-12,21.4,-0.48,-19.73,-43.11,-44.99,-74.42
RITEZONE,19.1,2026-08-12,0.0,5.23,-19.75,-30.04,-2.3,-36.96
TRU,4.17,2026-08-13,-6.08,-11.46,-19.81,-34.33,-39.04,-63.68
OMAXAUTO,203.57,2026-08-13,1.06,6.63,-19.97,-10.61,78.77,42.07
UMA,14.4,2026-08-12,-2.37,-3.68,-20.0,-29.76,-22.37,-40.0
MBEL,270.0,2026-08-13,0.86,-8.38,-20.05,-10.09,-20.05,-38.01
BAJAJCON,527.65,2026-08-13,-3.55,0.74,-20.11,0.46,38.51,136.9
SOMATEX,90.58,2026-08-13,-3.87,-5.29,-20.21,-13.67,-13.42,17.68
OSIAHYPER,2.53,2026-08-13,-5.6,-13.06,-20.44,-49.7,-81.57,-78.1
DBSTOCKBRO,32.61,2026-08-13,-0.61,-4.54,-20.46,22.0,32.78,26.25
SYLVANPLY,50.0,2026-08-12,0.0,-6.89,-20.51,-10.55,-0.79,-35.48
GOLDTECH,50.74,2026-08-13,-4.07,-7.64,-20.71,24.06,23.13,-27.39
CELLECOR,30.3,2026-08-12,-2.57,-9.96,-20.78,-25.09,10.58,-10.88
BLUECHIP,1.78,2026-08-13,5.33,2.89,-20.89,-5.82,-29.08,-62.13
RHETAN,21.01,2026-08-13,-37.77,-32.49,-20.96,-21.25,-19.32,
RAYMONDREL,570.85,2026-08-13,-5.96,-14.77,-21.02,-0.26,29.5,-14.71
VISHWAS,38.15,2026-08-12,-4.98,-9.7,-21.1,-30.38,-7.52,-34.34
KLBRENG-B,358.9,2026-08-13,-5.1,-14.87,-21.1,-27.98,,
SPARC,204.28,2026-08-13,-1.49,-1.76,-21.26,21.11,54.64,43.58
VIPULLTD,14.02,2026-08-13,12.34,22.45,-21.28,58.24,35.46,37.05
CEWATER,261.6,2026-08-13,-5.08,-8.47,-21.37,-10.81,-31.26,-49.92
DEEM,43.15,2026-08-12,-3.25,-11.03,-21.47,26.91,0.35,-28.91
XPROINDIA,1115.6,2026-08-13,4.45,-14.37,-21.79,2.49,20.89,-1.59
TICL,9.61,2026-08-13,-5.04,-0.21,-21.87,-58.02,-55.98,-65.23
CEMPRO,1237.0,2026-08-13,-2.32,-9.26,-21.89,39.76,105.73,56.93
NAGAFERT,2.37,2026-08-12,0.0,-4.82,-22.04,-38.76,-49.25,-60.17
GOODLUCK,1269.8,2026-08-13,-14.18,-15.75,-22.07,-2.48,17.3,28.19
PPAP,289.75,2026-08-13,-5.09,0.49,-22.14,35.21,43.84,41.09
ATAM,54.35,2026-08-13,-16.44,-17.01,-22.29,-27.03,-23.93,-38.96
KPEL,256.2,2026-08-13,-12.14,-18.99,-22.3,-30.26,-15.7,-40.77
NILE,1536.6,2026-08-13,3.59,-21.53,-22.44,-11.7,,
TIGERLOGS,25.49,2026-08-13,-3.96,-7.11,-22.76,-36.21,-26.94,
PHANTOMFX,140.4,2026-08-12,-5.49,-15.9,-22.79,-28.8,-40.26,-51.52
SOLARWORLD,164.14,2026-08-13,-1.45,-11.09,-23.26,-26.14,-20.26,
BCONCEPTS,164.3,2026-08-13,-3.87,-13.13,-23.54,-28.71,-42.86,-47.83
PANACEABIO,414.2,2026-08-13,2.45,-2.18,-23.65,5.87,18.33,-3.82
GREAVESCOT,198.44,2026-08-13,1.72,-14.71,-23.69,20.08,23.05,-6.56
ORCHASP,1.48,2026-08-13,-2.63,-10.3,-23.71,-26.0,-39.59,-48.61
TCC,254.7,2026-08-13,-7.03,-12.62,-24.17,-29.99,,
CADSYS,50.8,2026-08-12,0.0,-14.19,-24.18,-28.45,3.25,-20.06
DELPHIFX,6.69,2026-08-13,-0.74,-1.76,-24.49,-43.02,-59.94,-48.32
OSWALPUMPS,307.35,2026-08-13,0.34,-7.22,-24.67,-21.58,-7.77,-61.77
VSCL,21.75,2026-08-12,-9.56,-22.32,-25.0,3.57,-1.14,-27.5
SHUBHLAXMI,18.3,2026-08-12,-3.68,-3.43,-25.15,-19.21,-40.97,23.65
WAAREEINDO,298.5,2026-08-13,-4.1,-7.3,-25.17,-23.34,-28.06,-21.07
MAKS,16.35,2026-08-12,0.0,-9.17,-25.17,-37.12,-44.58,-36.63
KDL,86.65,2026-08-12,-14.5,-18.45,-25.43,-40.16,-41.27,-69.98
BTTL,42.32,2026-08-13,-1.35,-8.28,-25.75,29.38,,
MANAV,24.45,2026-08-12,1.88,9.4,-26.02,-38.02,-29.13,60.33
GRADIENTE,2.66,2026-08-13,7.69,-4.32,-26.72,-65.32,,
NIRMAN,31.95,2026-08-12,-3.18,-13.65,-27.55,-36.04,-51.74,-77.81
SABEVENTS,132.6,2026-08-12,0.0,4.91,-27.93,-25.08,-56.89,15.3
SKMEGGPROD,258.84,2026-08-13,3.63,6.81,-28.28,47.1,43.87,49.77
MONOPHARMA,7.85,2026-08-12,3.29,-17.37,-28.64,-37.2,-34.03,-67.83
NACLIND,172.19,2026-08-13,-3.25,-3.58,-29.15,3.43,22.42,-38.74
TIRUPATI,340.0,2026-08-12,0.0,-5.25,-30.33,-30.54,-41.48,-28.87
MOS,10.65,2026-08-12,0.47,-0.47,-30.39,-18.08,-44.68,-78.87
GOLDKART,95.0,2026-08-12,-5.0,-4.38,-30.61,-47.21,-62.67,-52.8
KLL,22.0,2026-08-12,-5.98,-22.12,-31.14,-44.37,-48.9,-70.19
JAYBARMARU,133.53,2026-08-13,0.88,-17.66,-32.27,54.28,29.94,61.1
POLYSIL,78.55,2026-08-12,-0.25,-23.37,-32.28,-48.94,-63.97,-41.25
RAMCOSYS,595.75,2026-08-13,-11.05,5.64,-32.77,56.86,13.78,43.45
HARDWYN,11.51,2026-08-13,2.22,2.49,-33.19,-30.21,-2.99,15.26
PARSVNATH,1.53,2026-08-13,-5.56,-13.56,-33.48,-74.37,-81.5,-89.9
MVKAGRO,253.6,2026-08-12,-0.24,-14.66,-34.7,-50.15,-56.5,-8.13
FLEXITUFF,3.27,2026-08-13,-6.84,-22.14,-35.38,-53.55,-66.25,-84.66
GENESYS,211.3,2026-08-13,-4.28,3.7,-38.53,-2.33,-29.6,-65.17
AQYLON,23.36,2026-08-13,-12.61,-12.67,-40.64,-56.79,-87.7,-97.72
BURNPUR,19.28,2026-08-13,-41.58,-41.58,-41.58,-41.58,-41.58,-41.58
TRIVENI,249.84,2026-08-13,2.8,7.55,-47.64,-35.64,-35.14,-24.55
GIRIRAJ,59.5,2026-08-12,10.19,-6.45,-54.23,-68.35,-61.11,-82.45
SUMEETINDS,14.08,2026-08-13,-14.25,-33.52,-56.85,-52.75,-46.16,-37.92
GSMFOILS,108.2,2026-08-12,-9.68,-37.22,-58.62,-45.53,-48.96,-47.53
INDOTHAI,81.13,2026-08-13,-14.26,-52.49,-62.6,-70.45,-69.82,-54.0
NATIONSTD,156.28,2026-08-13,-14.25,-33.64,-69.21,-87.51,,
IVZINNIFTY,279.8,2026-08-13,-0.96,-0.42,-89.88,-89.54,-90.42,-89.96
