ticker,last_close,last_date,1W,2W,1M,3M,6M,12M
NV20,11985.9,2026-07-02,84906.38,84486.45,84725.9,86316.01,7618.9,7900.73
ACCORD,154.15,2026-07-01,10.19,33.81,163.96,492.88,431.55,597.51
SETL,296.55,2026-07-02,27.04,46.56,112.26,133.8,97.92,73.78
SIGNORIA,110.85,2026-07-01,4.72,21.15,85.37,101.55,22.22,4.58
GRANDOAK,45.73,2026-07-02,4.72,-13.9,81.32,,,
VELJAN,1889.6,2026-07-02,58.39,49.72,77.41,,,
VIPULLTD,15.46,2026-07-02,13.59,37.54,73.71,52.32,31.35,37.91
VIJIFIN,6.62,2026-07-02,15.53,39.96,72.85,119.21,141.61,185.34
RAMCOSYS,796.4,2026-07-02,0.4,42.56,72.74,118.16,38.85,100.63
AEGISLOG,1321.9,2026-07-02,12.59,23.58,72.31,124.34,82.04,78.73
SSFL,294.15,2026-07-01,10.13,33.8,71.92,159.62,125.92,99.35
GOLDTECH,67.86,2026-07-02,16.24,52.39,58.33,89.98,34.32,-7.08
PARAS,1343.8,2026-07-02,13.6,-2.54,57.41,111.44,96.53,58.57
TIRUPATIFL,69.52,2026-07-02,19.9,42.17,54.32,59.12,91.67,46.85
MSTCLTD,695.15,2026-07-02,0.62,0.71,54.03,70.65,33.69,30.87
SUPREMEENG,1.46,2026-07-02,4.29,10.61,53.68,48.98,8.96,-17.05
EBGNG,674.85,2026-07-02,18.59,22.98,52.89,83.38,117.2,
CARTRADE,2742.0,2026-07-02,3.14,6.64,52.76,61.71,-5.48,61.33
BETA,2155.7,2026-07-02,-0.34,0.38,52.23,55.4,32.3,22.71
ONMOBILE,77.68,2026-07-02,28.99,49.16,52.1,77.03,30.86,44.84
BAFNAPH,220.86,2026-07-02,8.05,31.32,51.89,98.4,46.12,142.17
SANGINITA,44.96,2026-07-02,6.04,14.72,51.02,130.45,340.35,338.63
CUPID,192.06,2026-07-02,1.94,6.82,49.64,119.4,128.67,796.97
MACPOWER,1393.5,2026-07-02,5.73,18.03,49.64,62.01,36.7,43.47
UNIHEALTH,612.0,2026-07-01,2.08,2.99,49.4,60.84,99.35,254.99
BHAGERIA,229.38,2026-07-02,10.18,0.1,48.06,55.19,25.06,14.54
PPL,300.45,2026-07-02,-1.71,13.64,47.74,65.88,24.9,-22.47
MDL,78.1,2026-07-01,1.96,11.25,47.64,37.99,8.47,-19.98
CLCIND,46.71,2026-07-01,0.0,4.99,47.63,164.65,-83.32,-83.32
BLUSPRING,119.84,2026-07-02,8.09,10.93,45.08,105.91,81.66,56.29
SICALLOG,93.09,2026-07-02,2.16,-2.94,44.01,47.76,4.13,-18.16
RPTECH,797.2,2026-07-02,5.85,4.87,43.85,118.59,120.95,168.9
EIFFL,330.05,2026-07-02,2.7,-7.43,43.48,46.03,23.13,25.23
EMSLIMITED,423.5,2026-07-02,2.74,3.76,42.81,47.33,-2.4,-30.34
SYNOPTICS,65.55,2026-07-01,-5.0,-4.24,42.04,59.68,15.71,-23.91
QUADFUTURE,454.45,2026-07-02,1.97,9.07,42.02,58.65,34.87,-2.85
AEROENTER,136.66,2026-07-02,-3.96,-5.75,41.98,91.32,55.45,36.94
ORIENTHOT,141.16,2026-07-02,0.02,17.31,41.47,57.3,30.79,-5.15
SPRL,115.7,2026-07-01,0.0,14.95,41.27,-0.17,-27.51,-18.52
WABAG,2190.3,2026-07-02,9.62,6.23,41.15,76.69,69.58,55.76
MTEDUCARE,2.21,2026-07-02,-8.3,4.25,40.76,70.0,28.49,2.79
MADHUSUDAN,219.4,2026-07-01,2.17,7.1,40.64,52.41,66.91,47.1
INVPRECQ,854.05,2026-07-02,2.53,13.29,40.28,,,
SIKA,1254.7,2026-07-02,19.76,7.63,39.75,,,
LIKHITHA,267.1,2026-07-02,-1.25,4.59,38.96,55.05,38.1,-7.22
KANORICHEM,134.96,2026-07-02,2.77,6.51,38.85,109.92,74.52,44.19
AMANTA,160.12,2026-07-02,-0.43,-0.17,38.85,48.16,45.91,
DAICHI,324.55,2026-07-02,2.79,0.76,38.12,,,
UFBL,672.85,2026-07-02,2.51,0.53,38.11,216.46,211.35,114.49
CEMPRO,1431.4,2026-07-02,14.26,12.43,37.76,166.07,85.25,54.59
PWL,133.34,2026-07-02,7.8,5.69,37.76,48.2,1.69,
EPACKPEB,258.23,2026-07-02,10.67,-3.33,37.62,77.4,-1.02,
THANGAMAYL,6315.5,2026-07-02,7.5,13.65,37.57,78.21,95.56,238.08
ONELIFECAP,37.72,2026-07-02,12.3,15.71,37.01,146.37,135.9,165.26
SPAL,1104.9,2026-07-02,5.09,12.85,36.9,54.07,55.67,30.29
RELTD,166.09,2026-07-02,1.91,2.53,36.5,25.53,6.12,26.46
PAISALO,71.92,2026-07-02,19.23,21.73,36.5,101.12,98.13,132.6
NACLIND,214.72,2026-07-02,6.23,-0.51,36.44,55.43,27.86,-10.81
YASHO,2956.1,2026-07-02,-0.06,3.38,36.35,111.35,105.41,41.32
ACSTECH,44.24,2026-07-02,-1.1,11.66,36.25,,,
IXIGO,217.07,2026-07-02,12.51,11.75,36.01,30.29,-10.15,26.14
ASTRAMICRO,1795.7,2026-07-02,3.96,7.18,35.65,88.5,86.4,68.69
AVG,209.04,2026-07-02,16.96,10.8,35.61,64.66,19.35,-27.45
DENTA,331.8,2026-07-02,-1.15,2.12,35.26,35.4,-2.22,15.22
JAYBARMARU,170.58,2026-07-02,-0.47,4.45,35.23,103.19,69.87,122.72
EFFWA,377.85,2026-07-01,3.95,2.5,35.21,105.24,66.45,61.1
SIGMAADV,561.05,2026-07-02,-3.98,1.77,34.84,255.91,170.74,433.72
PANAMAPET,424.85,2026-07-02,6.07,-14.42,34.64,58.59,36.37,21.45
SKMEGGPROD,313.35,2026-07-02,3.06,26.05,34.62,97.41,53.4,135.95
NRL,88.21,2026-07-02,5.12,5.82,34.53,82.21,55.3,12.74
SRIVASAVI,66.8,2026-07-01,-0.74,1.91,33.73,50.79,34.14,-5.92
SWARAJ,295.9,2026-07-01,7.44,18.72,33.26,7.23,22.6,53.12
QUESS,283.55,2026-07-02,14.36,15.32,33.2,60.62,36.75,-3.29
PROLIFE,75.8,2026-07-01,0.0,10.17,32.98,32.98,3.62,-53.95
NELCO,927.65,2026-07-02,4.32,0.27,32.75,65.75,27.33,-9.27
EVERESTIND,502.55,2026-07-02,6.22,27.1,32.63,46.11,-4.81,-12.11
KERNEX,2389.1,2026-07-02,16.19,21.32,32.38,149.27,91.01,100.19
SILKFLEX,220.0,2026-07-01,4.76,2.59,32.33,102.67,136.56,120.11
KODYTECH,1104.2,2026-07-01,3.12,-2.89,32.13,56.74,18.92,45.89
QFIL,58.0,2026-07-01,2.75,1.75,32.12,45.0,-8.16,-28.4
DIFFNKG,425.35,2026-07-02,2.42,13.19,32.03,51.3,26.5,37.73
JNKINDIA,476.2,2026-07-02,-2.62,-0.68,31.77,92.25,101.82,40.53
INOXINDIA,1907.0,2026-07-02,2.04,-6.56,31.48,53.69,68.84,50.71
PATELENG,34.42,2026-07-02,-0.29,6.79,31.12,41.12,19.43,-15.62
POLYMED,1732.3,2026-07-02,4.82,3.64,31.1,29.84,-2.11,-23.55
KIRLOSIND,4097.2,2026-07-02,2.19,-5.01,30.68,48.28,26.34,0.37
MOREPENLAB,59.79,2026-07-02,9.39,19.27,30.57,58.13,42.26,-2.73
SHIVAUM,415.0,2026-07-02,-1.19,12.16,30.5,26.47,39.26,37.42
BHARATSE,240.76,2026-07-02,28.44,27.83,30.47,54.01,35.56,112.25
XPROINDIA,1503.6,2026-07-02,10.22,11.33,30.42,45.25,53.42,30.83
GALAPREC,1177.9,2026-07-02,10.47,0.41,30.17,60.65,49.9,36.55
SKFINDUS,2817.2,2026-07-02,-1.5,2.6,30.14,24.1,9.23,
KAMDHENU,30.76,2026-07-02,6.22,6.51,30.12,61.05,21.63,0.31
RML,1194.4,2026-07-02,6.09,5.34,30.06,78.47,41.48,33.56
CEWATER,334.75,2026-07-02,0.06,-6.42,30.05,18.2,-29.03,-40.87
JYOTICNC,779.8,2026-07-02,-0.72,6.75,29.97,0.8,-21.55,-25.83
UCL,201.95,2026-07-01,8.63,23.93,29.66,132.93,320.73,310.47
SENORES,1336.4,2026-07-02,1.27,3.25,29.31,70.4,54.44,129.96
OMFREIGHT,108.28,2026-07-02,13.63,27.34,29.12,53.94,14.42,
AGARIND,547.6,2026-07-02,2.58,0.41,28.94,42.59,-23.95,-42.49
SWSOLAR,246.97,2026-07-02,1.07,1.67,28.91,49.26,13.31,-20.82
SAAKSHI,304.1,2026-07-01,-6.57,12.3,28.86,55.95,67.32,72.29
RPEL,1294.9,2026-07-02,11.72,7.68,28.42,106.75,35.98,82.98
GNA,469.7,2026-07-02,8.92,12.22,28.38,27.41,48.9,44.93
KMEW,2282.8,2026-07-02,2.55,-2.32,28.21,43.94,20.9,185.1
SPECTRUM,1883.8,2026-07-02,7.43,6.94,27.83,34.28,54.56,20.69
CHEMBONDCH,225.8,2026-07-02,3.97,5.3,27.73,60.55,47.7,
TRIVENI,468.3,2026-07-02,13.58,11.57,27.72,20.68,23.34,26.03
TARSONS,265.05,2026-07-02,1.91,-1.99,27.71,45.93,12.67,-32.13
GREAVESCOT,231.03,2026-07-02,10.25,8.69,27.7,74.96,19.49,15.55
CAPLIPOINT,2538.2,2026-07-02,-0.77,0.03,27.67,62.42,37.56,28.47
ZEELEARN,8.95,2026-07-02,5.42,-3.35,27.67,90.43,21.27,-1.76
UNICHEMLAB,465.65,2026-07-02,2.97,3.97,27.61,56.1,5.4,-20.69
IGARASHI,482.8,2026-07-02,5.21,1.92,27.47,63.88,3.92,-10.28
ICIL,441.05,2026-07-02,3.8,13.31,27.38,78.22,57.46,53.88
NPST,1695.4,2026-07-02,7.07,9.44,27.35,50.08,20.24,-15.62
PANACEABIO,548.25,2026-07-02,-0.99,4.61,27.32,69.53,44.33,29.81
INDSWFTLAB,206.22,2026-07-02,0.46,9.18,27.22,48.52,125.25,84.16
SANGHVIMOV,454.25,2026-07-02,7.65,4.02,27.08,58.46,29.8,65.05
AEQUS,230.44,2026-07-02,-3.8,-2.71,26.89,86.5,67.75,
UCAL,125.02,2026-07-02,3.19,9.52,26.85,39.22,12.79,-21.2
AMAGI,539.5,2026-07-02,-2.7,1.5,26.78,67.13,,
ROTO,71.02,2026-07-02,-0.52,8.99,26.78,35.04,2.28,-27.99
TCIFINANCE,16.69,2026-07-02,-5.22,-22.73,26.73,28.98,-44.64,4.44
AURUM,227.83,2026-07-02,1.68,9.4,26.49,31.95,21.76,15.34
SHUBHLAXMI,25.2,2026-07-01,-3.82,-13.1,26.32,7.23,-29.61,54.6
PGIL,2075.1,2026-07-02,3.56,10.46,26.14,40.38,26.16,37.25
SFL,763.0,2026-07-02,2.74,2.86,26.13,52.98,28.59,7.25
AVL,640.35,2026-07-02,-4.22,0.64,26.0,39.25,32.43,77.49
VSCL,30.3,2026-07-01,0.0,6.88,25.99,36.49,79.82,-9.28
HUHTAMAKI,210.7,2026-07-02,7.97,8.75,25.93,30.46,0.16,-2.73
ZOTA,1438.5,2026-07-02,3.02,5.05,25.82,29.54,-6.8,28.41
NIACL,187.68,2026-07-02,3.47,-11.52,25.69,52.3,19.51,0.07
VENUSPIPES,1782.8,2026-07-02,4.8,6.53,25.66,81.02,47.73,22.06
TALBROAUTO,430.15,2026-07-02,3.39,18.56,25.65,74.39,55.68,45.28
CCAVENUE,17.37,2026-07-02,3.45,15.8,25.6,17.68,4.32,5.34
PALREDTEC,59.9,2026-07-02,1.49,6.02,25.58,100.6,27.04,24.82
BLUEJET,568.2,2026-07-02,10.05,8.95,25.57,59.0,6.99,-32.05
PRADPME,560.5,2026-07-02,-5.05,6.36,25.55,,,
GENESYS,335.8,2026-07-02,3.87,-6.21,25.46,41.74,-21.74,-46.61
VIMTALABS,586.65,2026-07-02,0.42,2.9,25.36,43.98,-3.5,21.79
GEMAROMA,188.08,2026-07-02,-2.77,4.32,25.17,23.57,13.22,
CANTABIL,269.36,2026-07-02,12.35,14.47,25.17,13.57,-6.6,1.32
GOKEX,876.85,2026-07-02,3.18,7.01,25.13,44.25,22.09,-5.8
KIRLOSENG,2321.4,2026-07-02,-4.9,-2.86,25.01,67.74,84.4,175.59
RISHABH,645.75,2026-07-02,11.37,10.36,24.95,66.56,48.72,124.57
FAIRCHEMOR,750.3,2026-07-02,16.57,19.81,24.93,51.51,-2.19,-22.85
AETHER,1372.4,2026-07-02,2.25,11.87,24.91,24.38,45.37,82.51
LYKALABS,72.33,2026-07-02,-0.97,5.95,24.86,30.25,-12.21,-36.78
SHRIPISTON,4306.5,2026-07-02,7.42,13.31,24.75,47.06,30.83,77.73
ONDOOR,205.65,2026-07-01,5.87,5.14,24.67,65.05,78.83,45.9
WELSPLSOL,52.59,2026-07-02,-8.65,-10.04,24.56,,,
RMDRIP,20.17,2026-07-02,2.54,3.01,24.51,-19.49,-59.52,-41.84
TRIDHYA,11.2,2026-07-01,-4.68,-4.68,24.44,48.34,-25.83,-42.56
SAIPARENT,623.8,2026-07-02,6.19,6.12,24.41,53.76,,
VENUSREM,1754.3,2026-07-02,-9.1,3.69,24.3,95.66,125.03,280.34
TAMBOLIIN,223.67,2026-07-02,0.3,10.57,24.26,,,
DIVGIITTS,980.8,2026-07-02,12.3,13.47,24.24,54.75,59.87,54.73
STOVEKRAFT,773.85,2026-07-02,-0.63,5.62,24.23,62.45,30.52,29.78
ABDL,672.95,2026-07-02,2.04,7.48,24.18,60.15,17.03,59.96
BORORENEW,622.45,2026-07-02,2.86,2.99,24.15,50.1,13.6,24.65
TBOTEK,1526.3,2026-07-02,6.0,4.83,24.13,39.63,-6.83,5.76
BAHETI,744.2,2026-07-01,4.82,2.62,24.03,45.66,22.99,26.03
MOTISONS,14.17,2026-07-02,1.36,-0.28,23.97,13.82,-2.88,-33.69
FIVESTAR,543.9,2026-07-02,11.63,8.03,23.84,50.83,2.19,-28.98
PRAXIS,8.16,2026-07-02,-1.69,-3.89,23.82,40.69,-12.07,-37.71
FUSION,216.21,2026-07-02,16.4,21.48,23.81,46.5,33.5,11.48
PAUSHAKLTD,557.2,2026-07-02,14.39,10.74,23.62,38.69,-5.57,
RELAXO,405.45,2026-07-02,-2.97,13.81,23.52,51.6,0.53,-7.3
RVHL,44.89,2026-07-02,-0.75,-5.47,23.49,21.26,-11.91,-9.04
POKARNA,1024.9,2026-07-02,-3.56,0.63,23.44,17.74,21.16,-5.49
PRIZOR,853.25,2026-07-01,-3.96,-2.47,23.36,100.98,183.94,312.7
HOACFOODS,703.95,2026-07-01,0.56,8.13,23.34,84.28,107.01,187.97
ORBTEXP,220.31,2026-07-02,-1.73,5.9,23.26,44.59,12.87,1.89
PRITIKAUTO,16.7,2026-07-02,2.45,-16.46,23.16,41.05,18.02,-16.92
SCHNEIDER,1453.9,2026-07-02,0.02,4.18,23.08,60.47,102.69,76.41
MCLOUD,31.74,2026-07-02,11.45,10.28,23.07,50.07,22.5,-56.82
HITECHGEAR,708.8,2026-07-02,7.09,24.34,23.06,26.32,-5.84,-3.29
HMT,68.63,2026-07-02,3.66,0.97,22.9,11.3,45.43,6.07
NRBBEARING,437.8,2026-07-02,1.86,2.15,22.82,87.97,65.66,53.82
PSPPROJECT,1034.4,2026-07-02,5.68,7.24,22.76,64.46,15.78,30.21
KSB,946.2,2026-07-02,0.05,-0.17,22.71,13.43,26.27,15.2
MAHESHWARI,73.16,2026-07-02,1.15,3.04,22.61,66.08,53.86,23.96
GRETEX,286.45,2026-07-01,8.09,8.09,22.55,-4.39,50.76,22.94
IPSL,245.0,2026-07-01,-5.41,-5.77,22.5,12.39,-14.63,-13.4
MANBA,138.3,2026-07-02,4.88,5.62,22.4,30.67,-2.37,-2.85
IZMO,1013.1,2026-07-02,4.32,-3.68,22.38,49.22,23.58,156.81
AKSHARCHEM,233.64,2026-07-02,-0.32,-4.68,22.32,43.43,-2.27,-20.11
MENNPIS,66.16,2026-07-02,2.84,1.19,22.31,,,
PDSL,368.95,2026-07-02,5.38,6.25,22.25,29.39,0.04,-6.77
COMSYN,186.76,2026-07-02,14.15,10.35,22.06,21.95,21.2,38.44
RATEGAIN,945.2,2026-07-02,9.35,8.23,21.99,91.53,36.23,114.77
DENORA,864.9,2026-07-02,-4.29,-4.81,21.98,22.12,24.65,-5.62
INDIGO,5444.0,2026-07-02,2.42,8.42,21.9,29.82,6.62,-8.44
THEJO,1894.8,2026-07-02,3.89,4.3,21.88,23.47,11.26,3.98
QMSMEDI,103.56,2026-07-02,3.3,-3.62,21.84,43.83,12.69,24.6
SAKSOFT,179.86,2026-07-02,-2.13,27.26,21.83,44.97,-9.32,-9.58
EIEL,228.43,2026-07-02,4.09,1.57,21.8,35.87,10.49,-4.96
SCPL,554.85,2026-07-02,13.97,12.89,21.62,71.86,73.53,80.38
ACUTAAS,3691.8,2026-07-02,3.46,13.61,21.54,74.95,111.04,237.25
AGARWALFT,40.4,2026-07-01,1.0,17.1,21.5,60.96,-3.81,-15.75
SEDEMAC,2825.6,2026-07-02,4.0,-1.11,21.48,84.68,,
EIMCOELECO,1845.1,2026-07-02,10.94,4.14,21.44,19.04,13.82,-28.95
TIMEX,529.0,2026-07-02,3.29,5.87,21.44,,,
BTTL,45.35,2026-07-02,-1.05,31.91,21.39,,,
BLISSGVS,527.1,2026-07-02,-0.53,11.38,21.33,125.08,224.43,241.67
ANUP,2267.6,2026-07-02,-2.8,-2.97,21.24,29.67,0.5,-17.41
MEGASTAR,374.3,2026-07-02,5.07,8.05,21.17,41.67,60.43,31.24
PREMIERPOL,67.65,2026-07-02,2.78,4.75,21.13,9.4,61.42,31.75
EMMIL,150.55,2026-07-01,20.44,13.03,20.97,21.17,-18.71,-22.74
K2INFRA,62.6,2026-07-01,0.0,-11.95,20.97,32.91,-8.88,-10.51
AMIRCHAND,147.48,2026-07-02,15.68,11.49,20.94,-18.07,,
CBAZAAR,5.2,2026-07-01,6.12,15.56,20.93,4.0,36.84,-35.0
WESTLIFE,507.5,2026-07-02,7.59,4.26,20.88,10.34,-5.78,-33.13
PPAP,249.52,2026-07-02,5.77,-0.43,20.82,30.52,14.95,7.59
KABRAEXTRU,278.45,2026-07-02,7.18,15.31,20.81,34.39,21.78,-4.49
GTECJAINX,29.0,2026-07-02,-5.84,14.35,20.73,52.71,19.1,24.2
RICOAUTO,138.15,2026-07-02,3.88,-6.59,20.7,27.03,2.05,87.05
JTEKTINDIA,151.48,2026-07-02,13.52,11.06,20.66,19.14,2.24,4.88
SHADOWFAX,230.48,2026-07-02,1.89,4.69,20.65,96.92,,
CHOLAFIN,1788.5,2026-07-02,0.82,4.06,20.62,31.87,0.49,15.18
BHAGYANGR,389.8,2026-07-02,-5.33,-4.33,20.61,156.11,141.75,396.56
EQUIPPP,21.5,2026-07-02,0.89,0.05,20.58,46.66,-7.53,16.85
EMIL,136.9,2026-07-02,17.7,12.62,20.57,44.56,30.21,-4.42
AKUMS,637.45,2026-07-02,2.54,3.77,20.56,28.34,41.75,11.28
KRONOX,160.52,2026-07-02,5.54,6.74,20.56,34.98,13.22,-17.68
IBULLSLTD,27.93,2026-07-02,3.56,2.35,20.49,165.24,69.58,64.2
LOKESHMACH,299.95,2026-07-02,10.87,5.78,20.49,40.01,77.12,56.38
MUTHOOTMF,216.31,2026-07-02,4.16,6.32,20.44,41.51,22.65,50.99
BHARATGEAR,135.26,2026-07-02,7.29,-1.49,20.39,50.12,15.32,49.23
OPTIEMUS,504.55,2026-07-02,7.41,14.15,20.37,62.31,-0.49,-20.96
SPECIALITY,130.43,2026-07-02,-2.16,-0.55,20.35,33.79,19.42,4.03
TIL,210.2,2026-07-02,-0.16,-9.38,20.33,18.95,-22.83,-45.71
IRISDOREME,42.85,2026-07-02,8.65,9.28,20.33,36.77,15.25,29.53
TVSSCS,137.21,2026-07-02,4.1,-0.49,20.31,37.71,20.08,2.24
TMCV,440.5,2026-07-02,4.11,7.87,20.22,14.78,0.73,
WEWORK,742.15,2026-07-02,14.4,19.73,20.21,64.63,19.98,
WTICAB,112.85,2026-07-01,1.99,-8.7,20.18,23.74,-17.78,-21.85
GREENPLY,308.35,2026-07-02,2.54,4.37,20.17,58.31,13.01,-2.25
AEGISVOPAK,234.73,2026-07-02,0.84,-4.69,20.12,38.37,-5.66,-3.58
NINSYS,865.8,2026-07-02,7.15,15.03,20.02,125.32,117.26,86.33
PRESTIGE,1674.1,2026-07-02,8.75,10.68,20.01,45.32,3.42,4.65
ESAFSFB,33.58,2026-07-02,3.2,-4.74,20.01,42.95,25.44,-1.98
JTLIND,80.13,2026-07-02,2.51,-1.27,19.97,60.65,33.95,1.99
GANDHAR,186.84,2026-07-02,4.29,6.27,19.93,47.68,23.74,8.58
COCKERILL,9107.0,2026-07-02,4.2,-1.1,19.93,,,
HMVL,89.21,2026-07-02,2.68,2.5,19.92,45.01,27.26,1.66
VINSYS,457.4,2026-07-01,0.01,9.24,19.91,82.05,28.66,19.32
HIGREEN,143.3,2026-07-01,-0.31,-4.15,19.87,22.74,-15.66,-32.72
INGERRAND,4469.1,2026-07-02,0.02,-4.82,19.86,22.47,27.43,18.07
SYRMA,1398.3,2026-07-02,2.19,4.65,19.84,75.6,88.48,131.9
ZIMLAB,124.5,2026-07-02,0.4,-0.72,19.82,84.53,76.77,12.17
TTKPRESTIG,645.95,2026-07-02,8.43,14.55,19.8,45.63,5.17,4.23
MORARJEE,8.84,2026-07-01,0.11,-11.78,19.78,43.51,16.01,12.9
STYL,325.3,2026-07-02,4.25,6.22,19.71,41.74,15.25,
OLECTRA,1537.8,2026-07-02,4.32,0.96,19.65,50.75,23.22,26.37
AYMSYNTEX,267.96,2026-07-02,23.51,22.8,19.63,46.26,57.42,14.29
NITCO,117.31,2026-07-02,9.6,2.92,19.62,37.33,18.33,-27.11
YATRA,116.25,2026-07-02,5.55,2.96,19.59,17.2,-33.54,36.85
REDINGTON,279.2,2026-07-02,3.61,1.99,19.56,41.94,3.31,-6.47
IVALUE,282.4,2026-07-02,3.36,1.48,19.48,29.4,4.34,
HAWKINCOOK,8909.0,2026-07-02,9.23,12.89,19.46,,,
DCMSIL,71.06,2026-07-02,-2.7,5.29,19.45,10.75,,
CLEANMAX,1342.1,2026-07-02,3.2,-10.17,19.43,65.56,,
KPL,2745.5,2026-07-02,1.49,13.31,19.43,,,
ZYDUSWELL,594.45,2026-07-02,4.39,10.79,19.42,34.17,26.08,49.17
PREMEXPLN,778.35,2026-07-02,-3.73,2.58,19.41,82.84,43.55,38.29
COMMITTED,328.5,2026-07-01,2.34,6.31,19.24,32.51,61.9,35.46
KIRANVYPAR,189.02,2026-07-02,-1.89,-4.34,19.18,,,
JSWINFRA,327.5,2026-07-02,1.99,6.66,19.15,36.16,15.12,5.9
MANINDS,597.1,2026-07-02,3.95,-0.72,19.15,70.36,50.61,42.57
ODIGMA,25.27,2026-07-02,3.4,-1.86,19.14,11.96,-21.15,-34.84
JISLJALEQS,35.11,2026-07-02,1.3,-0.28,19.14,19.1,-16.04,-39.36
AVALON,1799.6,2026-07-02,0.83,4.45,19.03,91.93,101.35,115.93
IGCL,68.98,2026-07-02,15.82,11.98,19.01,5.59,-17.9,
ATHERENERG,1143.0,2026-07-02,5.47,18.99,18.99,49.97,54.12,239.32
RPPL,22.52,2026-07-02,10.07,9.16,18.96,41.99,17.91,-15.43
WELENT,612.25,2026-07-02,7.16,6.45,18.89,40.25,20.65,15.24
MAXHEALTH,1127.4,2026-07-02,-1.96,2.95,18.84,19.35,6.1,-12.15
CORONA,2009.0,2026-07-02,2.04,8.79,18.79,34.74,39.94,
ORCHPHARMA,979.3,2026-07-02,3.0,2.21,18.73,86.96,23.24,35.23
RANEHOLDIN,1735.2,2026-07-02,1.59,5.04,18.69,70.51,24.0,13.35
ROLLT,2.54,2026-07-02,-13.01,-28.85,18.69,120.87,100.0,42.7
SMCGLOBAL,70.91,2026-07-02,-0.03,-4.15,18.66,15.76,-21.78,-7.43
5PAISA,385.3,2026-07-02,9.76,14.06,18.65,35.01,4.76,-6.94
WENDT,8111.0,2026-07-02,2.85,4.37,18.63,24.73,3.51,-12.34
JASH,506.0,2026-07-02,-2.1,-7.83,18.63,37.59,16.94,-11.01
MAYURUNIQ,883.8,2026-07-02,8.3,9.69,18.59,67.1,71.88,61.97
RRKABEL,2393.5,2026-07-02,-4.35,1.71,18.57,79.93,58.86,77.07
TATACAP,356.3,2026-07-02,-3.47,0.13,18.47,15.48,-0.78,
KIRLOSBROS,1918.1,2026-07-02,-2.33,-7.49,18.44,36.63,16.59,-12.9
DEEPAKFERT,1664.3,2026-07-02,7.76,3.85,18.4,67.65,31.9,-3.72
TRENT,3317.8,2026-07-02,1.83,4.31,18.37,40.37,13.03,-46.6
SSWL,248.06,2026-07-02,8.08,8.04,18.35,31.08,17.63,-1.25
JINDALPHOT,1177.7,2026-07-02,6.27,6.44,18.31,10.95,-21.55,27.27
UNIMECH,1174.6,2026-07-02,7.62,-1.12,18.27,60.44,28.93,-9.6
THOMASCOTT,329.25,2026-07-02,2.03,6.12,18.27,32.39,-8.21,-13.85
BLACKROSE,114.6,2026-07-02,-4.21,2.19,18.27,,,
KPRMILL,1180.8,2026-07-02,4.36,2.52,18.19,42.28,30.16,6.96
SEIL,219.04,2026-07-02,6.09,0.26,18.16,,,
CEATLTD,3805.8,2026-07-02,12.12,8.41,18.08,12.99,-2.09,4.25
KIRLPNU,1863.5,2026-07-02,-2.21,-10.9,18.06,70.92,76.57,28.89
SOTL,516.75,2026-07-02,2.57,-12.0,18.05,64.26,35.26,22.42
HYBRIDFIN,19.9,2026-07-02,-4.28,-15.96,18.03,13.13,-0.8,11.24
STEL,572.9,2026-07-02,0.04,-6.93,18.03,29.69,16.14,39.66
INDOTECH,3213.3,2026-07-02,4.26,14.21,18.01,156.65,100.63,63.88
SHYAMCENT,5.91,2026-07-02,7.26,12.36,17.96,45.93,-5.44,-27.13
PHOENIXLTD,2012.5,2026-07-02,5.26,7.56,17.91,31.95,5.73,34.83
SCODATUBES,144.74,2026-07-02,0.74,-2.58,17.79,3.46,-11.6,-24.84
PATELRMART,214.94,2026-07-02,1.54,-3.52,17.76,30.41,5.91,
INDOCO,244.02,2026-07-02,4.26,3.21,17.74,30.3,7.66,-24.15
CHOICEIN,780.2,2026-07-02,4.7,7.27,17.69,22.99,-8.24,12.66
SUNDRMBRAK,815.0,2026-07-02,1.12,-3.81,17.66,63.93,17.49,0.22
SUBROS,848.7,2026-07-02,4.06,-0.85,17.65,24.52,-5.98,-15.16
GRWRHITECH,6934.5,2026-07-02,4.73,-0.49,17.64,87.25,118.73,70.68
ACMESOLAR,393.25,2026-07-02,3.69,12.41,17.48,43.18,63.68,57.43
PUNJABCHEM,1122.5,2026-07-02,9.97,6.12,17.47,19.33,-4.69,-8.29
VINYAS,1403.05,2026-07-01,0.4,-4.83,17.45,68.01,24.72,7.93
BHAGCHEM,281.95,2026-07-02,-0.19,-2.26,17.43,42.95,40.54,-6.01
RUBYMILLS,327.45,2026-07-02,0.61,-2.78,17.34,58.04,46.81,34.57
CREDITACC,1543.3,2026-07-02,7.79,9.39,17.33,31.02,19.85,21.69
EVEREADY,372.8,2026-07-02,1.84,1.97,17.23,32.41,10.57,19.27
RAJRILTD,23.73,2026-07-02,-0.25,7.86,17.19,16.84,7.81,-17.72
SPARC,239.32,2026-07-02,3.52,0.54,17.18,92.91,76.33,49.16
MAHABANK,91.04,2026-07-02,-2.99,1.75,17.13,44.67,46.78,64.39
QUADPRO,2.4,2026-07-01,2.13,6.67,17.07,29.73,-2.04,-38.46
GLOSTERLTD,749.45,2026-07-02,6.45,8.27,17.06,45.24,15.58,-3.0
KNAGRI,218.8,2026-07-02,3.91,4.07,17.01,16.99,9.55,1.02
VIYASH,292.45,2026-07-02,8.4,7.84,17.0,52.51,38.94,57.82
SHRIRAMFIN,1066.7,2026-07-02,3.3,7.44,17.0,19.64,5.58,59.26
RHIM,403.2,2026-07-02,8.11,3.65,16.99,10.77,-11.44,-13.03
AJMERA,135.0,2026-07-02,4.75,-2.96,16.94,24.21,-32.62,-24.69
LANDMARK,436.45,2026-07-02,0.56,-3.83,16.92,7.63,-8.35,-17.49
CHEMBOND,184.96,2026-07-02,0.51,3.62,16.92,31.23,15.86,-16.87
GRINDWELL,2173.2,2026-07-02,1.23,2.98,16.9,56.58,39.5,26.42
NAVKARCORP,112.01,2026-07-02,4.87,2.5,16.84,35.05,10.55,0.81
PGEL,561.1,2026-07-02,4.59,-1.13,16.8,23.47,-6.9,-24.75
NIITLTD,104.61,2026-07-02,8.73,0.99,16.77,80.55,12.91,-17.81
JUBLCPL,2073.4,2026-07-02,2.87,10.17,16.71,20.5,-9.95,21.87
SHEMAROO,123.06,2026-07-02,-6.06,-10.88,16.7,42.33,12.69,-13.53
CNL,738.55,2026-07-02,0.05,-1.03,16.67,23.96,1.19,11.82
AHCL,15.9,2026-07-02,-1.49,-0.31,16.65,40.52,2.78,
EUROPRATIK,302.65,2026-07-02,7.08,8.54,16.65,35.66,-2.87,
LAL,8.97,2026-07-02,-1.54,6.53,16.64,24.58,-0.11,-27.07
EMMVEE,362.25,2026-07-02,9.0,11.19,16.57,66.52,92.94,
CONTROLPR,711.6,2026-07-02,15.27,10.51,16.56,24.09,3.26,-13.34
APOLLOTYRE,456.6,2026-07-02,8.55,6.64,16.55,11.52,-7.54,-0.45
HIKAL,223.09,2026-07-02,3.8,2.07,16.54,38.6,-1.61,-35.36
JAGSNPHARM,235.05,2026-07-02,2.03,5.54,16.51,26.22,21.08,3.43
NYKAA,314.0,2026-07-02,3.96,3.17,16.49,27.65,18.54,48.4
HIMATSEIDE,90.12,2026-07-02,4.0,5.87,16.48,11.27,-21.36,-42.65
ALLTIME,255.32,2026-07-02,8.93,4.87,16.47,26.55,-3.05,
LTF,315.25,2026-07-02,5.42,9.2,16.46,32.51,-0.39,54.44
GINNIFILA,51.47,2026-07-02,7.48,20.12,16.45,41.25,23.99,15.35
WIPL,177.05,2026-07-02,1.11,4.5,16.43,17.99,20.85,10.55
SGFIN,661.1,2026-07-02,9.75,11.6,16.41,46.13,58.75,
RGL,120.52,2026-07-02,4.23,5.69,16.4,16.47,-3.17,1.42
CUB,217.8,2026-07-02,8.09,10.03,16.35,20.75,0.66,32.38
TEXINFRA,111.68,2026-07-02,2.84,2.04,16.31,14.2,11.94,8.53
THELEELA,476.25,2026-07-02,-0.67,-3.87,16.31,14.51,6.99,16.51
RBZJEWEL,145.9,2026-07-02,10.85,8.69,16.31,18.8,2.39,5.99
SMARTLINK,178.64,2026-07-02,4.06,1.02,16.29,54.48,35.9,14.29
DELHIVERY,509.3,2026-07-02,9.87,5.27,16.29,19.48,25.91,31.82
AARTECH,48.19,2026-07-02,0.33,-4.95,16.26,24.36,-1.61,-30.07
BAJFINANCE,1018.4,2026-07-02,4.34,5.82,16.17,23.92,3.45,11.01
WELSPUNLIV,166.83,2026-07-02,2.96,3.14,16.14,43.86,25.99,19.46
SHILPAMED,600.85,2026-07-02,4.75,9.65,16.14,54.5,87.88,36.4
ADFFOODS,317.1,2026-07-02,3.95,1.07,16.09,78.2,55.37,20.96
J&KBANK,164.7,2026-07-02,3.17,1.45,16.05,45.03,60.9,47.47
ADOR,1286.1,2026-07-02,2.79,3.08,15.99,48.04,23.94,23.87
ABSLAMC,1191.3,2026-07-02,1.75,0.92,15.98,29.89,42.91,54.33
ACE,1016.7,2026-07-02,3.2,0.49,15.96,24.35,4.08,-14.65
ITCHOTELS,176.97,2026-07-02,1.29,0.22,15.95,20.29,-10.35,-20.05
TASTYBITE,8776.0,2026-07-02,2.94,5.39,15.94,30.23,11.17,-20.31
UTKARSHBNK,15.14,2026-07-02,5.95,2.71,15.93,29.18,-1.24,-37.41
LOTUSEYE,125.59,2026-07-02,3.29,-1.4,15.89,22.51,3.2,73.9
KDDL,3281.2,2026-07-02,4.7,3.69,15.88,47.88,36.15,17.28
ABREL,1424.1,2026-07-02,8.3,8.4,15.77,24.42,-14.43,-40.66
IONEXCHANG,416.9,2026-07-02,1.19,6.66,15.74,19.97,7.85,-22.96
THOMASCOOK,106.44,2026-07-02,-2.03,-7.52,15.73,11.22,-26.58,-32.16
DATAPATTNS,4656.7,2026-07-02,4.13,-4.31,15.69,52.41,77.62,58.13
ABANSENT,29.73,2026-07-02,7.95,10.44,15.68,,,
IMPEXFERRO,2.29,2026-07-01,0.0,-4.98,15.66,68.38,25.14,-0.43
NUVAMA,1819.1,2026-07-02,2.7,4.5,15.62,60.73,25.08,14.86
GSMFOILS,233.7,2026-07-01,2.1,4.77,15.61,30.6,15.12,43.24
JAMNAAUTO,139.46,2026-07-02,4.97,4.16,15.57,20.18,5.2,49.98
INOXGREEN,200.02,2026-07-02,0.51,-2.48,15.56,38.35,-6.38,27.93
CERA,6476.0,2026-07-02,0.19,-2.78,15.54,38.46,23.16,-2.66
UJJIVANSFB,61.4,2026-07-02,7.89,8.29,15.46,10.79,10.21,23.05
LLOYDSENGG,83.27,2026-07-02,-4.41,-7.77,15.44,97.84,48.33,12.39
TCPLPACK,2976.7,2026-07-02,-0.52,-0.35,15.34,28.33,-0.97,-18.4
HONASA,469.5,2026-07-02,5.16,12.9,15.34,54.44,60.38,58.88
IDBI,84.41,2026-07-02,-1.8,-3.7,15.33,21.37,-26.43,-16.25
BLUESTONE,570.7,2026-07-02,5.99,9.56,15.33,33.48,13.97,
GABRIEL,1242.1,2026-07-02,-2.6,0.02,15.32,41.68,18.12,27.77
AIIL,523.0,2026-07-02,0.96,-4.9,15.29,24.61,-14.14,4.6
AAVAS,1503.9,2026-07-02,1.35,2.54,15.24,32.08,4.19,-24.72
VADILALIND,6204.0,2026-07-02,-2.5,-2.44,15.21,44.42,27.61,13.45
CAMLINFINE,136.27,2026-07-02,5.16,-3.46,15.2,32.35,-9.06,-55.04
PIGL,113.16,2026-07-02,0.78,-2.93,15.2,6.51,-9.69,-9.01
AADHARHFC,535.7,2026-07-02,3.27,8.16,15.17,22.0,7.02,15.19
KKCL,499.85,2026-07-02,1.05,0.49,15.17,13.53,4.13,-8.26
TINNARUBR,955.25,2026-07-02,2.6,6.35,15.15,57.02,21.84,4.33
YUKEN,781.4,2026-07-02,7.03,8.32,15.13,22.52,-11.72,-29.66
RAMCOIND,335.4,2026-07-02,1.25,9.46,15.12,32.55,6.66,16.96
INDOFARM,145.94,2026-07-02,2.54,-5.49,15.07,17.5,-33.43,-13.05
KISSHT,316.85,2026-07-02,15.55,7.19,14.99,,,
REFEX,364.45,2026-07-02,2.43,6.21,14.99,78.61,38.94,-18.79
SWANDEF,2343.8,2026-07-02,6.35,11.46,14.99,44.18,53.15,925.42
PIRAMALFIN,2181.3,2026-07-02,1.7,4.59,14.95,24.41,28.1,
AGI,702.7,2026-07-02,2.61,-4.0,14.94,39.72,-7.5,-13.02
OSWALPUMPS,417.95,2026-07-02,-2.42,-1.59,14.93,34.3,-20.91,-37.71
AJANTPHARM,3345.3,2026-07-02,-1.15,4.88,14.87,19.85,13.43,32.72
POONAWALLA,456.9,2026-07-02,6.64,7.58,14.86,16.17,-4.92,-1.65
BDL,1384.9,2026-07-02,3.73,-1.55,14.82,16.81,-7.03,-29.61
SADHNANIQ,2.87,2026-07-02,-1.71,-4.01,14.8,91.33,-60.63,-64.35
DYCL,364.7,2026-07-02,-1.33,-0.25,14.79,34.73,6.3,-18.35
PAGEIND,42885.0,2026-07-02,6.14,9.07,14.77,26.83,20.78,-8.43
KWIL,33.97,2026-07-02,-2.66,-6.83,14.76,42.31,,
SMSPHARMA,417.65,2026-07-02,9.71,11.52,14.75,7.57,28.02,75.36
INDOSTAR,260.45,2026-07-02,2.15,5.63,14.74,33.14,5.34,-26.33
ADVAIT,2262.5,2026-07-02,0.16,-7.68,14.71,27.07,,
AIROLAM,92.4,2026-07-02,-3.78,6.11,14.71,9.52,-8.52,-19.88
YUDIZ,28.1,2026-07-01,0.0,9.13,14.69,20.86,4.46,-7.26
SUNTECK,330.45,2026-07-02,4.67,2.16,14.68,8.72,-23.41,-23.79
GRAUWEIL,82.12,2026-07-02,12.32,7.54,14.64,-28.96,-28.96,-28.96
CAPACITE,256.1,2026-07-02,-0.15,-2.4,14.63,20.82,-0.68,-22.75
MADHUCON,6.13,2026-07-02,1.16,-3.01,14.58,49.15,-0.16,-14.86
CGCL,227.76,2026-07-02,5.14,5.4,14.58,36.93,22.97,36.73
AAREYDRUGS,86.6,2026-07-02,-5.87,-0.98,14.55,61.24,30.54,23.19
DDEVPLSTIK,280.3,2026-07-02,4.26,1.54,14.53,30.24,-6.85,7.1
PNBGILTS,90.74,2026-07-02,0.42,-2.31,14.53,41.34,8.83,-6.73
MANCREDIT,236.29,2026-07-02,-1.6,8.4,14.52,40.03,43.38,22.29
VMART,790.05,2026-07-02,4.59,1.48,14.46,44.99,12.35,-3.79
GODREJPROP,1968.7,2026-07-02,7.57,9.44,14.43,30.52,-4.82,-14.04
HDBFS,740.15,2026-07-02,-1.61,2.39,14.42,28.3,-3.62,-11.5
SBC,42.11,2026-07-02,0.86,-4.49,14.4,37.7,47.91,187.83
GODREJIND,1211.8,2026-07-02,5.05,8.64,14.4,43.94,18.68,4.82
CENTRUM,25.26,2026-07-02,16.84,3.99,14.4,-8.58,-13.17,-25.29
TARIL,357.25,2026-07-02,7.35,1.64,14.37,30.81,6.2,-23.88
IOLCP,150.31,2026-07-02,5.61,14.96,14.37,94.48,81.3,58.98
MARKOLINES,188.47,2026-07-02,5.44,9.61,14.36,27.98,19.49,
VARROC,656.3,2026-07-02,6.09,5.1,14.28,33.94,7.45,15.96
OLAELEC,45.51,2026-07-02,12.7,7.03,14.26,60.59,11.3,10.84
LRRPL,93.0,2026-07-01,0.0,0.0,14.25,27.75,26.53,29.17
PRIVISCL,3750.8,2026-07-02,4.24,2.6,14.2,27.53,34.88,58.46
BAJAJHCARE,342.35,2026-07-02,-2.92,7.74,14.19,10.03,-18.22,-27.0
ICICIBANK,1400.0,2026-07-02,0.89,3.52,14.14,15.15,3.29,-1.19
DJML,118.82,2026-07-02,2.97,1.65,14.1,46.91,68.63,6.91
COROMANDEL,2006.3,2026-07-02,4.83,0.94,14.1,6.81,-11.66,-11.05
AEROFLEX,478.4,2026-07-02,2.0,-6.13,14.05,89.25,142.14,135.54
IPCALAB,1719.4,2026-07-02,4.38,7.64,14.04,15.53,22.46,25.21
PIXTRANS,1834.8,2026-07-02,-1.86,13.55,14.04,25.81,30.66,16.31
CLEDUCATE,52.98,2026-07-02,6.0,7.03,14.01,10.37,-38.52,-43.61
CHOLAHLDNG,1687.0,2026-07-02,2.45,6.16,13.95,20.77,-9.91,-21.44
GMRAIRPORT,111.79,2026-07-02,2.17,3.34,13.92,25.79,5.69,26.46
RADICO,3972.4,2026-07-02,2.46,5.13,13.9,51.43,28.38,57.93
PANACHE,413.1,2026-07-02,-5.2,-6.75,13.9,38.53,26.93,87.46
APARINDS,15101.0,2026-07-02,-5.54,-6.62,13.8,53.59,82.72,71.82
REPCOHOME,425.35,2026-07-02,0.93,8.12,13.79,17.22,-1.41,0.36
RECLTD,369.6,2026-07-02,1.27,-0.07,13.71,13.79,-0.77,-1.5
CPCAP,109.47,2026-07-02,3.44,-0.28,13.69,28.8,-3.59,-31.76
INNOVACAP,980.1,2026-07-02,-1.42,4.82,13.65,39.14,35.56,15.99
ZEEL,107.16,2026-07-02,-0.15,-7.42,13.61,44.56,17.6,-22.41
VMARCIND,1596.05,2026-07-01,3.19,-0.98,13.61,157.01,136.56,343.72
CMPDI,267.54,2026-07-02,9.76,5.74,13.58,71.51,,
ARVIND,568.0,2026-07-02,3.37,11.69,13.45,55.51,78.42,64.07
MENONBE,161.36,2026-07-02,-0.35,-6.63,13.41,48.58,44.11,30.75
FILATEX,52.42,2026-07-02,1.33,-4.85,13.37,29.15,5.79,-11.51
HONAUT,39545.0,2026-07-02,1.35,3.1,13.33,47.09,17.61,1.88
SUNDRMFAST,946.55,2026-07-02,1.91,6.34,13.33,26.84,1.0,-8.56
SUYOG,872.75,2026-07-02,8.36,6.32,13.31,30.94,41.44,-1.18
UMESLTD,6.3,2026-07-02,13.51,13.92,13.31,-6.8,26.51,8.81
PAYTM,1213.4,2026-07-02,7.09,11.39,13.31,20.62,-9.49,30.94
GULFOILLUB,1047.1,2026-07-02,-4.23,1.1,13.22,17.76,-11.99,-13.84
FINEORG,5192.5,2026-07-02,-2.65,-0.22,13.21,19.0,24.08,0.87
INDOBORAX,391.6,2026-07-02,1.77,8.4,13.21,59.06,46.01,80.17
BROOKS,75.91,2026-07-02,8.55,8.43,13.21,42.21,-1.75,-46.93
QPOWER,1177.8,2026-07-02,-2.45,-9.93,13.2,35.12,41.72,76.09
GREENLAM,259.15,2026-07-02,-0.06,1.62,13.2,17.97,4.72,9.04
FEDDERSHOL,40.31,2026-07-02,-1.68,1.1,13.1,,,
URAVIDEF,131.86,2026-07-02,13.66,14.03,13.08,-0.81,-30.23,-73.06
KOVAI,6041.0,2026-07-02,1.5,3.4,13.08,134.45,134.45,134.45
JPOLYINVST,1128.8,2026-07-02,2.58,1.79,13.08,4.9,10.42,25.89
HINDCOMPOS,462.45,2026-07-02,11.14,9.13,13.05,26.8,2.52,-3.72
UNIVASTU,87.76,2026-07-02,-2.92,-5.76,12.98,42.91,27.0,7.89
HITECHCORP,315.95,2026-07-02,0.71,2.84,12.96,137.11,86.5,55.97
FEDERALBNK,331.0,2026-07-02,2.14,2.35,12.95,24.65,23.99,52.93
HALEOSLABS,1630.9,2026-07-02,20.24,15.02,12.95,26.65,20.45,39.32
GOODLUCK,1490.7,2026-07-02,1.09,0.5,12.94,42.54,39.08,35.27
BHARATFORG,2148.9,2026-07-02,-1.01,2.14,12.93,30.82,45.64,64.81
MUNJALAU,98.09,2026-07-02,5.91,0.05,12.92,35.84,17.59,28.28
PARADEEP,140.33,2026-07-02,4.32,0.98,12.91,21.63,-14.72,-11.32
FISCHER,38.85,2026-07-02,1.46,10.62,12.84,-4.4,-7.12,
RSWM,193.47,2026-07-02,0.82,0.55,12.84,49.98,29.1,8.83
RBA,77.56,2026-07-02,-2.79,-2.66,12.83,27.04,19.25,-5.71
APLLTD,818.3,2026-07-02,4.02,4.81,12.79,24.7,-2.01,-16.3
GKENERGY,140.61,2026-07-02,0.4,-5.66,12.79,51.73,-13.28,
OCCLLTD,127.61,2026-07-02,2.65,-2.04,12.76,45.89,25.11,6.4
GALAXYSURF,1981.5,2026-07-02,0.43,1.27,12.75,19.71,-3.37,-23.74
FINCABLES,1129.8,2026-07-02,-4.19,-5.1,12.74,41.64,44.02,17.41
PANSARI,309.8,2026-07-02,9.84,4.75,12.74,20.43,3.23,32.56
BLSE,252.66,2026-07-02,8.49,10.64,12.69,57.4,27.12,29.22
FERMENTA,352.0,2026-07-02,-1.63,2.74,12.69,,,
KAPSTON,379.35,2026-07-02,5.3,9.96,12.68,34.33,23.53,57.68
DCBBANK,193.49,2026-07-02,2.99,3.35,12.65,17.91,9.96,34.91
MINDACORP,709.05,2026-07-02,5.45,7.56,12.57,41.41,17.8,36.76
MANAKSTEEL,75.24,2026-07-02,3.41,2.87,12.55,50.78,9.3,13.5
AKIKO,286.0,2026-07-01,0.0,-2.72,12.55,40.71,10.0,257.72
NAM-INDIA,1213.2,2026-07-02,3.93,3.2,12.53,47.78,37.45,56.77
GPTINFRA,130.78,2026-07-02,-1.49,-3.53,12.5,26.26,22.42,7.69
GROWWRLTY,9.73,2026-07-02,6.11,7.16,12.49,28.87,-3.3,
MOLDTECH,133.16,2026-07-02,-0.77,-0.94,12.47,14.08,-11.92,-16.39
HILTON,22.46,2026-07-02,-2.77,-9.4,12.47,3.93,-37.25,-64.04
ANANDRATHI,1989.7,2026-07-02,0.05,3.75,12.43,24.28,29.48,90.13
ASHOKLEY,164.73,2026-07-02,4.68,4.8,12.41,12.87,-11.25,34.06
DEN,29.82,2026-07-02,1.64,-9.58,12.4,19.23,-4.97,-20.94
EIHOTEL,325.65,2026-07-02,1.48,-1.36,12.37,12.99,-11.34,-10.14
SATIN,259.68,2026-07-02,10.09,9.97,12.36,78.35,79.54,56.02
ARROWGREEN,634.3,2026-07-02,6.76,5.31,12.35,20.03,22.91,3.71
NEULANDLAB,18988.0,2026-07-02,4.98,10.24,12.3,52.72,24.3,58.59
HOMEFIRST,1201.1,2026-07-02,2.84,4.62,12.29,25.8,9.19,-10.75
TVTODAY,127.02,2026-07-02,4.06,17.45,12.26,25.06,-9.65,-24.53
ORIENTLTD,69.02,2026-07-02,-3.43,-3.05,12.26,13.73,-10.36,-26.49
KIMS,837.9,2026-07-02,4.03,3.94,12.26,33.8,32.53,24.7
MOREALTY,86.84,2026-07-02,6.34,6.91,12.25,29.38,-3.18,-10.63
FAZE3Q,617.2,2026-07-02,2.14,4.34,12.24,48.38,50.81,-0.7
MEDANTA,1345.3,2026-07-02,3.11,4.44,12.22,34.48,10.53,15.41
PNCINFRA,235.9,2026-07-02,4.21,-0.22,12.21,35.58,-7.54,-23.03
SABAR,6.0,2026-07-01,-4.76,-0.83,12.15,15.38,30.43,25.0
TEJASNET,602.4,2026-07-02,-0.19,-3.98,12.12,43.69,32.91,-15.03
EMBDL,63.62,2026-07-02,3.16,2.9,12.09,46.25,12.42,-46.46
MEDIORG,24.2,2026-07-01,-2.81,0.83,12.04,9.26,-3.97,-44.11
MIRZAINT,34.31,2026-07-02,-2.14,3.22,11.98,18.07,-7.47,7.12
NECCLTD,17.11,2026-07-02,7.88,1.54,11.98,34.2,-8.16,-27.65
PINELABS,159.84,2026-07-02,0.84,4.53,11.92,4.63,-32.1,
ADVANCE,114.81,2026-07-02,5.37,4.54,11.87,19.25,-5.32,
ABCAPITAL,392.95,2026-07-02,1.99,0.26,11.86,31.75,8.78,43.57
VLSFINANCE,256.05,2026-07-02,-0.46,2.58,11.82,15.48,-15.58,5.55
BOROLTD,245.83,2026-07-02,4.94,5.33,11.72,2.69,-13.29,-26.65
SIMPLEXINF,265.8,2026-07-02,5.35,0.26,11.7,70.3,5.69,-0.56
SAMPANN,29.93,2026-07-02,6.1,10.32,11.68,11.31,-9.47,4.5
EMMBI,94.58,2026-07-02,1.19,0.68,11.65,34.73,-5.7,-16.19
DIAMINESQ,268.5,2026-07-02,11.93,12.78,11.61,9.99,1.82,-38.15
GANESHHOU,780.5,2026-07-02,1.99,0.21,11.6,42.92,-3.51,-19.68
SHAKTIPUMP,574.45,2026-07-02,-2.59,3.74,11.6,15.85,-22.63,-39.09
CARBORUNIV,1141.7,2026-07-02,-4.21,-5.75,11.59,33.69,33.08,14.76
ETERNAL,279.7,2026-07-02,7.83,6.09,11.55,20.71,-1.57,7.68
BOSCHLTD,41515.0,2026-07-02,4.09,3.01,11.54,29.19,5.31,29.69
PATINTLOG,15.19,2026-07-02,-6.12,3.4,11.53,61.42,8.97,-13.95
LINC,112.16,2026-07-02,-3.26,-0.49,11.49,13.44,-4.41,-26.79
MASON,120.85,2026-07-01,-4.09,-4.16,11.49,-12.08,-37.38,-31.8
NHPC,80.59,2026-07-02,-1.2,3.03,11.48,6.98,-1.88,-2.56
AYE,182.8,2026-07-02,3.51,9.13,11.48,100.83,,
RELIGARE,262.65,2026-07-02,-2.72,-1.08,11.42,17.32,5.46,16.81
PILITA,9.28,2026-07-02,4.98,10.87,11.4,32.76,-3.33,-39.7
OBEROIRLTY,1864.7,2026-07-02,6.31,10.27,11.35,23.9,8.07,-1.27
MBAPL,604.3,2026-07-02,7.48,8.77,11.34,13.74,40.72,46.46
LODHA,1006.2,2026-07-02,7.09,8.58,11.33,44.56,-7.32,-27.83
TNPETRO,98.03,2026-07-02,3.76,7.56,11.32,17.53,-7.27,-2.49
VISAKAIND,78.22,2026-07-02,1.94,0.32,11.31,37.63,10.3,-12.5
BOROSCI,168.52,2026-07-02,-2.75,9.14,11.26,51.56,40.93,3.14
BANSALWIRE,344.3,2026-07-02,3.15,11.19,11.26,36.53,10.62,-11.39
GOODYEAR,799.75,2026-07-02,5.8,4.8,11.25,-37.21,-37.21,-37.21
MBEL,328.4,2026-07-02,6.5,5.41,11.23,23.32,-14.52,
DLF,658.2,2026-07-02,7.07,4.88,11.21,26.03,-5.73,-20.3
INDNIPPON,996.0,2026-07-02,3.23,8.13,11.2,40.83,20.41,31.88
MAMATA,415.4,2026-07-02,0.11,8.62,11.19,21.32,-3.83,0.28
WANBURY,286.75,2026-07-02,1.79,5.08,11.14,24.46,21.5,3.33
SPANDANA,283.7,2026-07-02,7.67,7.83,11.12,41.11,6.57,2.38
TSFINV,452.0,2026-07-02,1.81,13.2,11.11,27.88,-0.04,-6.44
AUTOIND,86.1,2026-07-02,1.33,6.76,11.1,56.15,8.51,7.79
IDFCFIRSTB,79.52,2026-07-02,1.69,-1.45,11.08,32.05,-7.45,3.28
NAZARA,305.25,2026-07-02,0.49,1.56,11.06,29.94,7.05,-8.65
WEL,104.09,2026-07-02,5.19,10.57,11.06,29.61,-32.25,-34.98
MOTOUR,80.35,2026-07-02,1.92,1.48,11.06,18.37,-6.74,-13.48
AMIABLE,80.95,2026-07-01,-4.71,4.86,11.04,15.64,-3.57,6.65
RELCHEMQ,134.48,2026-07-02,-0.16,-2.43,11.04,18.33,-2.37,-25.25
RITES,224.93,2026-07-02,9.13,5.25,11.03,17.92,-7.75,-21.35
EQUITASBNK,77.45,2026-07-02,3.82,1.15,11.02,42.76,20.71,13.0
RAYMOND,590.35,2026-07-02,1.19,-1.68,10.99,68.19,35.25,-22.12
EDELWEISS,123.88,2026-07-02,2.47,-4.91,10.98,16.91,8.74,8.82
CREST,382.7,2026-07-02,0.72,-5.38,10.93,15.93,-3.81,0.74
CCCL,16.65,2026-07-02,-1.42,13.89,10.93,11.74,-8.01,-13.91
PRUDENT,3003.6,2026-07-02,1.64,-2.46,10.91,34.13,15.79,16.1
CONFIPET,77.42,2026-07-02,8.33,11.88,10.9,47.78,107.84,48.35
APTUS,288.95,2026-07-02,8.16,6.78,10.88,46.25,2.77,-9.12
SHILCTECH,4498.4,2026-07-02,0.76,-2.14,10.87,13.18,17.22,
MMFL,486.2,2026-07-02,6.56,7.7,10.86,19.06,24.38,32.08
HECPROJECT,139.8,2026-07-02,10.23,0.26,10.86,42.96,12.23,-15.78
CINEVISTA,16.74,2026-07-02,-8.57,9.06,10.86,17.56,4.04,-11.71
CEIGALL,385.5,2026-07-02,-2.64,2.62,10.84,39.6,40.46,40.87
MAHLOG,386.4,2026-07-02,3.76,4.53,10.84,11.05,21.84,13.78
CCL,1186.4,2026-07-02,1.85,3.28,10.83,8.55,29.91,39.84
NDRAUTO,891.1,2026-07-02,9.44,4.88,10.81,35.12,8.43,-18.91
MARKSANS,267.2,2026-07-02,1.44,4.35,10.78,58.91,46.66,4.19
GCSL,460.05,2026-07-02,9.38,6.75,10.78,37.25,35.29,
MAPMYINDIA,914.35,2026-07-02,11.79,2.68,10.75,4.41,-46.27,-47.55
PACEDIGITK,213.29,2026-07-02,6.17,16.04,10.67,37.94,12.88,
BALAMINES,2231.3,2026-07-02,17.92,5.07,10.67,109.42,101.02,22.12
NGLFINE,2937.6,2026-07-02,-4.73,-6.73,10.66,37.75,108.62,142.74
ALIVUS,1159.2,2026-07-02,3.55,7.23,10.65,17.14,26.97,15.21
SHANKARA,129.45,2026-07-02,5.63,4.19,10.64,12.38,21.72,-87.2
MHRIL,237.36,2026-07-02,-1.43,-2.21,10.63,-3.81,-22.95,-29.97
SHREEJISPG,514.95,2026-07-02,7.09,3.55,10.59,54.04,39.52,
FDC,434.25,2026-07-02,3.22,7.62,10.57,30.31,4.82,-10.09
JLHL,1453.4,2026-07-02,4.92,7.06,10.56,18.34,3.86,-1.24
GANESHBE,103.69,2026-07-02,0.42,-4.66,10.54,30.91,26.93,5.75
SJS,2226.8,2026-07-02,0.89,2.07,10.52,39.06,21.21,79.1
LAURUSLABS,1528.0,2026-07-02,1.85,6.41,10.52,46.66,38.23,102.28
DHUNINV,873.6,2026-07-02,1.65,0.43,10.51,14.97,-29.25,-41.11
MOTILALOFS,956.9,2026-07-02,0.98,0.85,10.5,39.7,11.3,12.72
KRN,1220.5,2026-07-02,-2.4,-0.29,10.49,40.63,58.48,41.98
MUFIN,135.3,2026-07-02,6.23,2.59,10.45,35.38,13.9,71.44
WINDMACHIN,310.7,2026-07-02,1.85,-2.05,10.45,38.17,13.75,-18.82
GUFICBIO,385.65,2026-07-02,-0.17,7.01,10.45,33.63,14.44,10.15
MOTOGENFIN,28.46,2026-07-02,-2.03,-5.32,10.44,31.39,22.78,4.63
STYLAMIND,3266.8,2026-07-02,-0.64,2.96,10.44,50.09,47.97,102.62
BEACON,93.3,2026-07-01,3.67,0.54,10.41,25.15,9.51,49.64
GATEWAY,61.41,2026-07-02,7.98,-1.89,10.39,13.07,4.64,-1.68
MAHLIFE,372.2,2026-07-02,1.4,3.37,10.38,16.51,-5.8,2.86
PIDILITIND,1605.4,2026-07-02,0.36,2.11,10.37,26.05,8.61,5.08
GLAXO,2415.8,2026-07-02,2.61,2.23,10.37,7.17,-0.26,-24.79
LICI,432.1,2026-07-02,0.2,-0.04,10.36,20.36,2.74,-6.45
PNC,22.05,2026-07-02,0.46,-2.78,10.36,14.9,-17.88,-19.85
SUDEEPPHRM,857.2,2026-07-02,4.4,3.13,10.34,39.36,43.63,
UNIONBANK,174.35,2026-07-02,2.82,1.62,10.33,4.36,14.54,20.97
PNGSREVA,415.05,2026-07-02,5.99,3.36,10.31,19.15,,
KILITCH,196.99,2026-07-02,5.71,3.89,10.3,42.08,9.32,-9.34
LOVABLE,77.1,2026-07-02,-0.16,3.89,10.3,25.37,-4.85,-22.65
IKIO,170.24,2026-07-02,11.74,4.19,10.29,40.13,-8.22,-23.89
CONCORDBIO,1286.1,2026-07-02,1.92,-3.85,10.28,25.46,-1.94,-26.34
STARHEALTH,588.5,2026-07-02,0.64,1.13,10.27,25.24,28.0,40.15
INDIGOPNTS,1077.1,2026-07-02,5.54,5.81,10.25,40.32,-8.03,-9.49
SAMBHV,115.27,2026-07-02,4.27,2.18,10.23,14.28,18.19,18.12
MANAKCOAT,115.22,2026-07-02,5.98,2.81,10.23,10.84,-12.37,-14.09
TRIDENT,26.8,2026-07-02,3.55,2.56,10.2,13.42,1.21,-10.98
BNALTD,374.6,2026-07-02,11.72,10.18,10.18,,,
MARUTI,14348.0,2026-07-02,6.98,6.91,10.18,13.59,-15.4,14.9
DECNGOLD,182.67,2026-07-02,-6.57,-19.71,10.17,,,
DLINKINDIA,523.75,2026-07-02,1.01,0.74,10.17,30.94,21.62,-4.5
INTERARCH,1909.2,2026-07-02,-0.18,0.81,10.17,7.08,-16.74,-15.82
CPEDU,200.49,2026-07-02,-4.84,-5.04,10.16,28.55,-20.9,
THEMISMED,119.11,2026-07-02,5.86,1.49,10.16,50.35,16.17,-4.69
MARINE,284.2,2026-07-02,4.1,5.3,10.11,64.94,33.03,37.36
CDSL,1350.8,2026-07-02,4.08,-1.53,10.11,13.87,-7.9,-23.45
POWERMECH,2739.4,2026-07-02,0.71,-5.38,10.08,44.68,17.62,-15.08
KHADIM,109.88,2026-07-02,0.16,2.32,10.08,32.23,-40.55,-57.86
JBMA,712.3,2026-07-02,4.06,-2.17,10.03,26.81,6.86,10.15
SCANSTL,41.24,2026-07-02,5.74,8.81,10.03,,,
IKS,1837.5,2026-07-02,8.11,8.72,10.02,36.83,9.09,12.59
NITINSPIN,558.1,2026-07-02,-0.33,0.04,10.01,47.96,74.32,43.92
GVPTECH,7.15,2026-07-02,0.7,-1.79,10.0,16.07,-18.84,-28.27
SMVD,12.1,2026-07-01,4.76,4.76,10.0,8.04,49.38,-10.37
RCDL,26.95,2026-07-01,5.07,-0.37,10.0,41.1,27.73,29.08
RIIL,814.85,2026-07-02,-2.4,-6.05,9.97,22.61,0.15,-14.53
TRANSTEEL,129.75,2026-07-01,1.45,6.22,9.96,-9.64,-12.24,-2.0
HINDWAREAP,250.7,2026-07-02,-1.49,-0.25,9.93,26.65,-7.83,-13.4
SBIN,1051.6,2026-07-02,1.5,1.04,9.93,5.12,7.17,31.7
SHREEPUSHK,399.3,2026-07-02,-2.11,0.72,9.91,28.27,5.48,13.93
KALYANKJIL,388.1,2026-07-02,2.71,1.84,9.91,-1.58,-21.71,-33.53
CENTRALBK,32.55,2026-07-02,-3.18,-1.45,9.89,-0.62,-14.21,-15.49
RSSOFTWARE,35.99,2026-07-02,1.44,-6.37,9.89,48.9,-29.38,-55.34
20MICRONS,201.78,2026-07-02,2.21,7.1,9.88,34.61,-5.84,-11.13
TITAN,4481.1,2026-07-02,4.77,2.48,9.88,9.37,10.6,21.21
WINNY,41.25,2026-07-01,0.0,0.0,9.85,5.91,-46.95,-68.54
POWERICA,597.15,2026-07-02,-4.8,-3.74,9.82,53.12,,
ABSL10BANK,173.72,2026-07-02,0.85,1.22,9.82,12.42,,
KORE,137.25,2026-07-01,-0.97,-2.38,9.8,59.59,-13.6,-3.92
AARTIPHARM,697.2,2026-07-02,3.24,2.83,9.76,7.98,-5.85,-21.98
SAILIFE,1238.0,2026-07-02,-0.79,3.0,9.72,28.97,34.32,56.89
EPL,230.87,2026-07-02,2.35,-1.64,9.72,8.02,7.69,-1.71
DIAMONDYD,1192.2,2026-07-02,6.84,7.75,9.67,24.77,-0.95,15.67
STEELCAS,299.95,2026-07-02,-0.13,-1.32,9.67,28.39,42.9,30.51
IL&FSENGG,30.47,2026-07-02,3.53,-1.3,9.64,26.69,16.83,-9.77
PRICOLLTD,620.35,2026-07-02,6.36,8.09,9.63,17.08,-9.18,37.96
SANOFI,3474.2,2026-07-02,3.19,3.92,9.62,7.85,-14.98,-41.35
WPIL,479.0,2026-07-02,-2.85,-1.89,9.61,,,
SUPERSPIN,5.6,2026-07-02,-2.27,9.8,9.59,27.85,-30.69,-49.04
UNIPARTS,656.65,2026-07-02,-1.08,-3.57,9.59,39.98,33.93,77.31
INDIAGLYCO,1075.35,2026-07-02,9.68,12.48,9.56,20.21,7.81,4.03
COSMOFIRST,804.3,2026-07-02,1.46,3.87,9.53,30.65,15.69,-31.11
KRBL,380.0,2026-07-02,0.22,-3.05,9.48,23.58,-4.14,1.01
HAPPYFORGE,1542.2,2026-07-02,0.93,-0.81,9.45,29.75,30.06,63.52
GEOJITFSL,78.97,2026-07-02,2.33,0.2,9.45,37.01,4.22,-5.65
INDHOTEL,720.7,2026-07-02,1.93,-1.24,9.41,24.22,-3.3,-4.24
RELINFRA,73.61,2026-07-01,0.0,-4.99,9.41,5.43,-55.26,-81.89
TVSSRICHAK,4327.3,2026-07-02,5.52,1.8,9.41,24.53,-0.38,31.22
GARFIBRES,722.65,2026-07-02,-3.58,-6.96,9.38,20.71,4.77,-19.65
NETWORK18,33.11,2026-07-02,5.45,-2.96,9.38,10.62,-24.37,-41.93
INDIANHUME,335.15,2026-07-02,0.71,2.27,9.38,6.65,-20.92,-24.14
ITDC,592.85,2026-07-02,0.74,-4.92,9.36,46.13,-2.44,-1.32
UCOBANK,27.15,2026-07-02,1.34,-1.52,9.34,15.5,-9.53,-15.61
NOCIL,179.16,2026-07-02,-1.86,-6.11,9.33,8.5,17.88,-8.25
ARKADE,125.3,2026-07-02,1.54,4.56,9.32,22.04,-8.68,-33.14
RUSTOMJEE,431.6,2026-07-02,1.7,9.16,9.32,14.67,-20.33,-33.52
LCCINFOTEC,4.69,2026-07-02,-2.09,-5.82,9.32,-12.66,1.3,-6.94
PCBL,318.4,2026-07-02,-0.36,2.08,9.32,22.97,6.01,-21.8
BELRISE,238.2,2026-07-02,-0.94,-3.76,9.32,24.86,28.72,132.87
AUROPHARMA,1561.0,2026-07-02,0.87,4.63,9.22,17.04,28.44,35.31
SVLL,716.0,2026-07-02,0.54,1.68,9.21,37.96,2.33,1.26
RAYMONDREL,632.65,2026-07-02,1.71,-4.01,9.21,54.34,19.75,-31.11
BIL,798.25,2026-07-02,2.83,9.82,9.19,12.11,8.55,8.78
HCC,25.57,2026-07-02,-0.47,-8.12,9.18,66.04,31.87,-14.94
MOBANK10,17.39,2026-07-02,1.52,1.52,9.17,,,
RPGLIFE,2393.7,2026-07-02,5.06,2.53,9.17,24.59,3.51,-4.19
HSCL,662.65,2026-07-02,-1.9,1.16,9.15,48.06,34.32,34.34
IEML,43.55,2026-07-01,-5.94,-8.32,9.15,-37.38,-51.26,-68.86
HDFCAMC,2759.6,2026-07-02,5.87,2.59,9.15,20.07,6.13,11.11
RAJRATAN,453.25,2026-07-02,4.44,-2.32,9.14,22.05,-2.3,5.67
JKCEMENT,5531.5,2026-07-02,3.99,1.05,9.13,6.98,-0.52,-9.97
JKIPL,101.89,2026-07-02,-6.5,-5.99,9.11,78.85,9.2,
LIBERTSHOE,263.95,2026-07-02,-3.54,1.06,9.09,12.32,-6.45,-34.75
PARACABLES,71.87,2026-07-02,5.99,1.55,9.06,120.8,82.41,20.39
PRAMARA,135.0,2026-07-01,3.13,2.51,9.05,-60.66,-61.37,-27.58
JINDALSAW,262.9,2026-07-02,1.09,2.81,9.03,38.34,55.54,12.3
KICL,5404.5,2026-07-02,2.59,0.24,9.02,27.21,7.9,4.94
SANSERA,3219.8,2026-07-02,2.55,7.64,9.02,50.7,72.09,129.92
JBCHEPHARM,2321.2,2026-07-02,0.78,5.21,9.0,18.86,26.81,43.54
RACLGEAR,1367.9,2026-07-02,-0.93,0.28,8.99,6.88,18.85,49.1
PRIMO,24.79,2026-07-02,1.56,-2.17,8.97,15.73,3.59,-4.21
HOMESFY,110.0,2026-07-01,-0.9,-0.9,8.96,-11.79,-32.1,-62.2
RUSHIL,16.55,2026-07-02,0.42,-4.11,8.95,7.4,-28.76,-41.4
AGSTRA,2.56,2026-07-01,0.0,-4.83,8.94,2.81,-38.46,-47.43
MGEL,16.57,2026-07-02,3.56,5.54,8.94,48.34,17.19,12.25
EMCURE,1856.5,2026-07-02,0.38,3.66,8.92,19.96,29.74,46.41
FIBERWEB,30.53,2026-07-02,0.49,2.28,8.92,-12.22,-16.52,-38.71
AXISBANK,1362.6,2026-07-02,0.43,0.29,8.91,13.75,7.55,16.04
KIRLFER,469.7,2026-07-02,-1.08,-5.69,8.89,3.87,3.87,3.87
GNRL,105.21,2026-07-02,-7.43,22.57,8.88,,,
URBANCO,131.89,2026-07-02,0.13,-3.72,8.86,8.28,-0.61,
SHRINGARMS,227.73,2026-07-02,3.66,9.48,8.84,29.44,-5.28,
PTL,42.34,2026-07-02,0.24,-1.95,8.84,13.63,11.6,-2.66
PVTBANKADD,28.66,2026-07-02,-1.24,0.81,8.81,11.56,-2.08,0.81
ASTERDM,790.95,2026-07-02,3.3,0.14,8.8,20.19,29.4,34.14
AARVI,143.2,2026-07-02,2.05,3.71,8.78,13.85,11.28,30.01
UTLSOLAR,347.85,2026-07-02,13.03,9.46,8.77,71.95,54.8,
SMARTWORKS,481.1,2026-07-02,-2.28,2.72,8.76,28.33,-5.26,
SURYODAY,183.7,2026-07-02,5.85,4.87,8.75,45.91,27.6,31.02
BANK10ADD,17.31,2026-07-02,0.12,0.93,8.73,17.84,,
FLUOROCHEM,3972.6,2026-07-02,2.59,3.15,8.71,24.01,8.9,12.29
SHYAMTEL,19.0,2026-07-02,-5.8,-4.81,8.7,116.15,53.72,20.33
SURANAT&P,19.74,2026-07-02,-1.15,0.46,8.7,15.37,-0.1,1.39
PVTBANIETF,28.51,2026-07-02,0.53,0.81,8.69,14.64,-2.23,1.1
BCLIND,35.17,2026-07-02,4.05,-1.98,8.68,20.86,7.42,-14.76
BBNPNBETF,58.63,2026-07-02,0.45,0.65,8.67,12.82,-2.82,2.2
SONACOMS,662.3,2026-07-02,6.69,6.96,8.65,33.77,37.02,40.67
JIWANRAM,5.65,2026-07-01,-3.42,-8.13,8.65,4.63,-10.32,-41.75
INDOTHAI,248.43,2026-07-02,11.34,10.08,8.65,-14.73,-7.16,38.87
BASF,3637.4,2026-07-02,0.03,1.81,8.63,9.86,-7.56,-28.85
MANALIPETC,64.68,2026-07-02,1.84,-2.3,8.61,50.91,2.86,-5.67
TOLINS,109.75,2026-07-02,5.11,2.55,8.61,16.1,-21.11,-31.58
FORCEMOT,19367.0,2026-07-02,8.65,4.56,8.6,-8.33,-8.78,33.09
ZFSTEERING,704.75,2026-07-02,-0.2,0.29,8.6,,,
EBANKNIFTY,58.7,2026-07-02,0.58,0.98,8.56,13.43,-3.14,2.23
MSUMI,41.47,2026-07-02,4.04,8.02,8.56,11.87,-16.81,4.63
NAVINFLUOR,7646.5,2026-07-02,2.14,0.98,8.56,29.96,29.69,57.38
TRAVELFOOD,1339.8,2026-07-02,1.97,-1.16,8.54,4.66,13.58,
EPACK,237.41,2026-07-02,2.47,-6.04,8.54,9.99,-15.54,-32.31
FINKURVE,65.33,2026-07-02,1.22,-5.84,8.54,21.63,-33.73,
ONWARDTEC,292.15,2026-07-02,1.79,11.04,8.51,26.78,-3.8,-11.14
SIYSIL,633.8,2026-07-02,-0.31,0.52,8.5,32.88,0.6,-6.41
SUPRIYA,995.0,2026-07-02,2.5,7.28,8.48,62.53,32.57,37.32
GENCON,43.27,2026-07-02,-1.61,3.91,8.45,0.37,-1.21,7.02
WELCORP,1498.8,2026-07-02,-0.46,7.08,8.44,77.57,86.49,61.2
GROWWHOSPI,53.9,2026-07-02,0.86,1.91,8.43,21.23,,
DEEDEV,709.3,2026-07-02,6.36,4.75,8.42,135.69,230.06,119.9
HLEGLAS,392.05,2026-07-02,4.46,-1.01,8.41,46.84,-12.71,-15.12
FMGOETZE,456.2,2026-07-02,1.48,-3.65,8.4,9.22,-6.69,-18.66
BANKNIFTY1,60.23,2026-07-02,0.33,0.22,8.37,12.87,-90.31,-89.75
EIHAHOTELS,324.0,2026-07-02,0.02,-0.64,8.36,10.71,-9.77,-12.58
HISARMETAL,155.1,2026-07-02,1.35,-2.25,8.36,11.72,-5.0,-21.62
COASTCORP,52.19,2026-07-02,5.78,0.13,8.32,13.98,14.35,36.88
INTERNET,13.05,2026-07-02,4.48,3.08,8.3,17.35,-7.85,
CPPLUS,3480.3,2026-07-02,-6.29,-4.17,8.3,93.39,131.8,
BANKIETF,59.68,2026-07-02,0.83,0.51,8.29,12.9,-2.86,13.5
3BBLACKBIO,1205.8,2026-07-02,2.73,0.26,8.29,,,
BFSI,27.89,2026-07-02,1.01,1.31,8.27,12.23,-3.16,0.72
ITALIANE,36.0,2026-07-01,-2.17,10.77,8.27,-3.74,21.62,-0.8
SUVEN,297.95,2026-07-02,7.56,12.41,8.27,88.62,80.78,19.97
ARMANFIN,1720.3,2026-07-02,2.88,5.99,8.26,16.5,13.11,-1.18
AUBANK,1057.0,2026-07-02,2.58,1.14,8.25,21.74,5.76,29.34
SIGNPOST,297.65,2026-07-02,20.19,15.73,8.24,29.28,33.06,33.61
ABSLBANETF,59.52,2026-07-02,0.76,0.25,8.24,13.13,-2.89,2.59
RAMCOCEM,943.15,2026-07-02,1.45,6.41,8.23,1.95,-10.75,-13.2
SANATHAN,441.4,2026-07-02,-1.46,-2.13,8.23,5.3,-0.14,-8.53
SOUTHBANK,45.54,2026-07-02,-0.65,-2.44,8.22,23.95,17.98,48.71
SETFNIFBK,596.32,2026-07-02,0.53,0.37,8.22,12.74,-3.01,2.46
ACCENTMIC,496.3,2026-07-01,2.6,10.71,8.21,35.68,45.88,87.94
BANKETF,591.59,2026-07-02,0.52,0.34,8.21,12.95,-2.96,2.41
THYROCARE,557.2,2026-07-02,6.25,3.61,8.21,54.22,22.92,75.75
HDFCPVTBAN,28.76,2026-07-02,0.88,0.81,8.2,15.13,-2.08,1.2
HDFCNIFBAN,59.77,2026-07-02,0.67,0.34,8.2,12.94,-2.99,2.64
IIFL,518.7,2026-07-02,6.01,-3.55,8.19,19.27,-18.53,13.02
MANKIND,2486.9,2026-07-02,0.04,-2.02,8.17,24.44,12.9,4.33
MCON,44.5,2026-07-01,-3.05,-2.41,8.14,17.72,-26.39,-58.59
HDFCBANK,795.9,2026-07-02,-0.38,1.21,8.13,7.75,-19.22,-18.32
STCINDIA,127.99,2026-07-02,-0.11,-2.98,8.12,23.08,-0.12,-11.18
BEML,1867.0,2026-07-02,9.23,5.91,8.11,26.1,0.77,-14.22
BANKBETF,59.01,2026-07-02,0.6,0.24,8.1,13.57,-2.96,2.31
BANKADD,59.43,2026-07-02,0.59,0.41,8.09,13.01,-2.96,2.34
BANKBETA,59.96,2026-07-02,0.4,0.2,8.06,12.79,-3.01,
M&MFIN,318.0,2026-07-02,0.82,8.18,8.05,11.52,-21.08,24.51
SWARAJENG,4103.5,2026-07-02,3.6,3.5,8.05,15.8,11.19,4.92
DIACABS,210.29,2026-07-02,0.84,1.27,8.03,67.68,53.49,51.31
SAREGAMA,494.3,2026-07-02,-0.92,3.57,8.02,54.23,38.09,1.46
GROWW,206.08,2026-07-02,1.56,4.28,8.0,25.03,32.79,
VOLTAMP,9857.0,2026-07-02,-2.21,-6.2,8.0,7.49,25.14,3.55
SUNDARMFIN,4589.2,2026-07-02,0.92,1.1,7.98,1.13,-13.04,-8.62
GENSOL,21.38,2026-07-01,0.0,-4.98,7.98,11.53,-20.28,-51.88
TORNTPHARM,4661.4,2026-07-02,0.08,4.59,7.96,17.14,21.04,40.4
GLOBUSSPR,927.45,2026-07-02,7.36,3.24,7.96,7.16,-14.78,-2.21
SONAL,95.0,2026-07-02,2.1,2.1,7.95,,,
BANKBEES,600.07,2026-07-02,0.35,0.19,7.94,12.7,-3.2,2.32
NORTHARC,310.2,2026-07-02,6.02,4.2,7.93,40.97,19.56,28.88
KECL,122.03,2026-07-02,6.11,14.42,7.93,40.36,16.04,-16.67
HBESD,78.11,2026-07-02,2.53,7.0,7.92,,,
AHLUCONT,856.15,2026-07-02,-1.71,1.98,7.9,23.31,-10.86,-12.41
SMLMAH,4006.6,2026-07-02,-0.51,-2.27,7.89,-1.34,-1.94,72.68
TEXRAIL,112.41,2026-07-02,4.53,-0.88,7.89,25.37,-18.65,-36.19
ALOKINDS,13.27,2026-07-02,5.15,0.45,7.89,6.59,-18.39,-35.49
AXISBNKETF,597.15,2026-07-02,0.3,0.04,7.87,12.8,-3.23,1.87
LXCHEM,162.51,2026-07-02,5.41,-0.25,7.86,37.72,-3.34,-17.73
KAJARIACER,1204.0,2026-07-02,-0.16,3.28,7.85,23.61,22.75,8.5
DTIL,142.69,2026-07-02,4.22,2.24,7.85,16.71,-10.22,-27.5
ANUHPHR,81.45,2026-07-02,1.98,3.39,7.84,10.35,1.56,-22.43
GODREJCP,1077.2,2026-07-02,5.41,5.66,7.82,8.82,-11.98,-6.64
GROWWNET,9.66,2026-07-02,4.09,3.65,7.81,16.81,-7.97,
IMAGICAA,48.21,2026-07-02,3.37,0.46,7.78,15.69,-0.29,-27.76
GHCLTEXTIL,104.06,2026-07-02,9.64,9.69,7.77,43.53,36.41,10.56
GEEKAYWIRE,25.04,2026-07-02,-1.88,-2.68,7.75,17.61,-25.72,-27.76
DYNAMIC,160.55,2026-07-01,-6.58,-3.86,7.75,72.36,23.22,11.92
UNITDSPR,1373.4,2026-07-02,2.38,2.26,7.72,12.46,-0.14,0.32
TVSMOTOR,3626.8,2026-07-02,4.92,3.96,7.72,6.94,-5.41,25.57
ECOSMOBLTY,138.19,2026-07-02,5.38,1.68,7.71,16.4,-30.89,-54.59
HFCL,204.59,2026-07-02,-3.01,-2.33,7.71,185.26,202.07,139.13
BELLACASA,262.7,2026-07-02,1.67,6.73,7.68,5.26,-30.78,
LOTUSDEV,150.05,2026-07-02,-1.49,2.35,7.67,31.88,-9.8,
MEESHO,190.95,2026-07-02,-1.68,10.88,7.64,30.24,6.53,
LGBBROSLTD,1613.8,2026-07-02,0.85,3.12,7.64,-5.53,-8.98,26.63
WHEELS,1624.2,2026-07-02,-8.34,0.4,7.62,67.66,85.8,104.24
MUTHOOTCAP,213.62,2026-07-02,7.28,1.35,7.58,15.88,-23.38,-33.69
ANDHRSUGAR,83.85,2026-07-02,7.62,-1.29,7.54,14.25,10.36,1.64
ESCONET,133.0,2026-07-01,-2.21,12.33,7.52,38.83,-2.71,-31.16
HESTERBIO,2167.0,2026-07-02,-1.44,0.83,7.52,52.67,35.08,20.6
APOLLOHOSP,8696.0,2026-07-02,0.47,2.68,7.5,18.84,22.13,17.17
EXICOM,171.68,2026-07-02,10.21,-2.55,7.49,102.19,43.95,-10.98
LLOYDSENT,73.69,2026-07-02,-2.01,-5.08,7.49,62.03,17.81,-11.44
STARTECK,287.7,2026-07-02,1.18,2.09,7.49,22.41,-1.15,-3.83
NIBE,1655.9,2026-07-02,0.84,-9.77,7.46,80.43,33.89,-0.9
EFCIL,193.21,2026-07-02,4.58,-0.43,7.46,2.16,-36.15,
SHARDAMOTR,905.55,2026-07-02,8.98,9.04,7.45,23.02,-6.17,-13.11
RSDFIN,82.5,2026-07-02,3.63,-2.92,7.45,,,
IFGLEXPOR,208.95,2026-07-02,17.39,8.85,7.45,52.3,-2.2,-19.8
GLAND,2446.2,2026-07-02,3.08,11.87,7.43,44.87,42.57,32.26
MANUGRAPH,15.44,2026-07-02,-2.4,-1.59,7.37,36.88,-5.22,-23.22
BAJAJHLDNG,10858.0,2026-07-02,3.79,0.9,7.35,22.25,-1.68,-23.37
GRCL,572.0,2026-07-01,1.51,5.34,7.32,54.8,55.37,40.54
MOHEALTH,50.2,2026-07-02,1.15,3.44,7.31,19.69,12.83,12.23
ADANIGREEN,1555.2,2026-07-02,3.51,0.34,7.3,81.68,49.71,52.62
KOKUYOCMLN,89.67,2026-07-02,1.92,-1.87,7.29,18.56,-2.65,-29.96
CONSUMER,11.67,2026-07-02,3.09,2.01,7.26,17.17,-2.99,-1.19
ESCORTS,2949.4,2026-07-02,1.8,-0.03,7.24,3.71,-22.95,-11.1
DOMS,2340.3,2026-07-02,4.89,2.68,7.24,-0.68,-12.48,-4.25
ROSSELLIND,58.57,2026-07-02,2.86,2.9,7.23,30.56,16.35,-14.43
JKTYRE,416.5,2026-07-02,7.18,1.46,7.23,7.08,-18.58,14.48
GOYALSALT,120.9,2026-07-01,1.9,3.42,7.23,15.03,-25.83,-20.49
IFCI,76.81,2026-07-02,-0.48,-7.86,7.22,46.47,43.25,20.05
AURIONPRO,887.6,2026-07-02,2.07,-0.29,7.21,14.67,-18.28,-37.57
CARRARO,550.75,2026-07-02,0.06,-5.27,7.2,19.46,-1.02,21.22
TBZ,191.7,2026-07-02,1.33,0.19,7.19,49.29,14.6,2.83
GMBREW,979.95,2026-07-02,4.08,6.71,7.19,-6.21,-18.03,33.26
PGHL,6463.0,2026-07-02,3.47,2.51,7.17,35.25,16.76,14.73
SELECTIPO,46.08,2026-07-02,2.88,2.4,7.16,18.64,-1.02,-6.21
ENERGYDEV,17.21,2026-07-02,6.63,4.62,7.16,22.23,-15.72,-24.35
OBCL,55.75,2026-07-02,0.0,-1.36,7.15,-0.69,1.18,1.35
VTL,657.65,2026-07-02,3.91,0.22,7.14,22.56,50.8,33.62
GOCOLORS,360.0,2026-07-02,-7.0,-0.5,7.13,31.59,-21.79,-59.83
BBTCL,223.99,2026-07-02,3.67,5.44,7.11,30.58,15.65,38.15
ADANIENT,3177.5,2026-07-02,7.26,3.85,7.1,73.31,39.44,20.86
GVPIL,919.7,2026-07-02,-1.94,-10.01,7.07,123.77,170.5,195.63
MANGLMCEM,901.1,2026-07-02,-1.22,0.35,7.06,12.0,18.11,17.26
MOIPO,46.03,2026-07-02,1.93,1.37,7.05,18.36,-1.1,
BAJAJCON,611.95,2026-07-02,2.48,-1.25,7.05,69.77,128.89,168.66
M&M,3175.4,2026-07-02,3.76,4.76,7.04,6.56,-15.6,2.21
LEMONTREE,118.99,2026-07-02,2.38,0.2,7.04,9.93,-22.73,-14.04
TRANSRAILL,522.55,2026-07-02,0.86,0.89,7.04,7.03,-8.68,-22.12
CHALET,837.1,2026-07-02,2.9,1.58,7.03,14.91,-7.25,-6.88
ARSSBL,568.8,2026-07-02,6.58,1.34,7.03,27.09,-12.58,
APCOTEXIND,523.1,2026-07-02,5.37,-3.62,7.0,50.21,43.54,34.74
KPIL,1370.2,2026-07-02,1.79,-4.07,7.0,24.87,15.41,15.49
KAUSHALYA,922.65,2026-07-02,5.39,9.84,6.99,14.05,5.3,4.13
BANSWRAS,132.84,2026-07-02,0.8,1.97,6.97,26.09,16.14,-10.39
ASHIKA,390.25,2026-07-02,4.34,-2.12,6.95,,,
BEPL,102.38,2026-07-02,3.54,-2.37,6.94,17.57,13.51,-8.25
ELANTAS,10137.0,2026-07-02,-4.54,-5.01,6.94,,,
SYLVANPLY,57.75,2026-07-01,10.0,10.53,6.94,22.87,-2.78,-32.85
BATLIBOI,84.06,2026-07-02,-0.74,2.74,6.92,,,
HEALTHCARE,21.0,2026-07-02,0.82,2.79,6.92,19.05,,
AISL,54.95,2026-07-01,0.0,-0.09,6.91,-3.6,-34.97,-39.88
CAPITALSFB,282.45,2026-07-02,0.48,-0.11,6.91,20.3,6.06,2.26
SONUINFRA,49.65,2026-07-01,-9.73,2.37,6.89,24.44,-31.04,-60.6
EUREKAFORB,480.9,2026-07-02,8.41,1.19,6.89,3.79,-23.49,-17.76
BLACKBUCK,550.65,2026-07-02,0.52,-3.67,6.86,-3.98,-21.23,27.95
HATHWAY,11.41,2026-07-02,2.42,-6.48,6.84,16.67,-10.02,-28.06
ALEMBICLTD,93.31,2026-07-02,3.22,2.17,6.82,19.83,-9.73,-21.28
AVADHSUGAR,487.55,2026-07-02,4.45,7.01,6.81,4.13,30.5,1.38
DEFENCE,80.19,2026-07-02,3.02,-0.64,6.79,28.59,,
INDORAMA,45.72,2026-07-02,1.87,-1.51,6.77,40.42,-4.97,-5.87
VINCOFE,157.05,2026-07-02,4.71,-1.93,6.76,18.14,-2.26,15.41
OMPOWER,181.59,2026-07-02,0.63,-0.74,6.74,,,
SHBAJRG,193.39,2026-07-02,0.68,-1.54,6.74,,,
MANORAMA,1581.2,2026-07-02,-0.37,2.18,6.74,29.64,13.69,12.2
INOXWIND,89.96,2026-07-02,2.02,-3.15,6.74,13.09,-29.74,-49.15
MAFATIND,139.56,2026-07-02,-2.89,-1.71,6.71,,,
KSCL,914.2,2026-07-02,0.93,-3.18,6.7,9.43,-6.09,-21.77
MUKKA,23.87,2026-07-02,1.36,-4.37,6.66,15.76,-0.75,-20.17
HINDUNILVR,2210.6,2026-07-02,2.76,2.21,6.66,8.12,-4.89,-2.45
LUPIN,2399.6,2026-07-02,-0.4,2.55,6.66,5.5,13.98,22.66
SKFINDIA,1677.9,2026-07-02,3.83,3.71,6.65,12.06,-7.44,-65.31
BAJAJFINSV,1855.7,2026-07-02,5.57,4.21,6.65,13.2,-8.89,-7.5
TIMETECHNO,183.68,2026-07-02,2.29,4.01,6.64,8.82,-6.51,-17.49
DIXON,12373.0,2026-07-02,4.81,0.3,6.63,24.72,1.71,-18.36
MAWANASUG,100.56,2026-07-02,-0.72,-9.05,6.61,12.25,19.2,3.3
MODTHREAD,51.54,2026-07-02,10.58,18.54,6.58,12.93,17.11,13.32
EMKAY,263.9,2026-07-02,-3.74,-10.13,6.57,28.9,-7.81,17.95
CIPLA,1456.0,2026-07-02,0.13,2.85,6.55,23.25,-2.77,-1.87
ASHOKA,132.37,2026-07-02,0.14,-2.33,6.55,18.27,-21.84,-37.89
RESPONIND,201.79,2026-07-02,3.62,3.35,6.55,55.44,2.07,-15.65
ROLEXRINGS,149.77,2026-07-02,1.39,3.03,6.54,26.71,11.58,-5.14
SBIETFPB,287.05,2026-07-02,0.17,0.48,6.54,12.36,-2.5,0.7
AXISHCETF,164.72,2026-07-02,0.6,2.31,6.53,16.02,10.34,11.88
MODEFENCE,105.3,2026-07-02,2.14,-1.52,6.51,25.84,23.17,8.13
ELECON,540.5,2026-07-02,3.39,-0.83,6.51,39.65,8.19,-16.64
CIEINDIA,474.15,2026-07-02,3.32,0.11,6.5,5.45,12.44,7.33
NPBET,291.71,2026-07-02,-0.44,0.5,6.49,15.49,-2.02,0.68
NDGL,2662.5,2026-07-02,5.6,-0.4,6.49,12.0,-5.05,-39.09
NIITMTS,233.41,2026-07-02,2.61,-1.58,6.48,-14.95,-43.64,-28.48
FINIETF,32.9,2026-07-02,2.43,1.26,6.47,16.67,-0.36,6.16
PFOCUS,243.28,2026-07-02,15.58,8.41,6.46,-26.55,4.42,48.69
BAJAJHFL,88.65,2026-07-02,2.14,-0.39,6.45,13.65,-8.25,-26.95
PSUBANKADD,86.43,2026-07-02,-0.41,-2.43,6.43,5.91,-1.16,19.35
CANFINHOME,882.5,2026-07-02,5.4,-1.11,6.42,7.28,-6.16,10.71
EMAMILTD,416.85,2026-07-02,2.03,2.47,6.42,4.66,-19.27,-23.95
DELTACORP,67.88,2026-07-02,6.86,1.92,6.41,21.69,-3.68,-23.51
MASTER,360.95,2026-07-01,4.31,2.76,6.4,18.25,6.64,6.52
IMPAL,1114.2,2026-07-02,1.51,1.35,6.4,14.82,7.86,-0.4
STANLEY,156.59,2026-07-02,3.76,3.94,6.38,24.77,-18.42,-53.43
AMBICAAGAR,25.2,2026-07-02,1.25,3.11,6.37,11.95,-1.18,-10.99
PCJEWELLER,9.85,2026-07-02,15.47,10.06,6.37,19.98,3.14,-28.78
PICCADIL,624.2,2026-07-02,10.52,8.11,6.37,15.77,1.7,3.43
GROWWDEFNC,95.99,2026-07-02,1.95,-1.06,6.37,26.02,23.1,8.27
DISAQ,12330.0,2026-07-02,3.23,-1.83,6.36,,,
ERIS,1448.7,2026-07-02,3.06,0.84,6.36,9.34,-5.02,-10.72
BPL,56.21,2026-07-02,2.7,-6.05,6.36,24.83,-15.74,-38.03
AAATECH,98.34,2026-07-02,4.41,3.35,6.35,6.65,1.73,20.59
NAVNETEDUL,148.18,2026-07-02,5.0,5.77,6.33,15.57,1.45,5.88
TI,454.4,2026-07-02,2.02,3.1,6.33,6.92,-1.0,32.61
MAHICKRA,255.0,2026-07-01,2.49,2.82,6.32,18.68,70.16,104.95
KANPRPLA,198.57,2026-07-02,4.97,4.87,6.31,11.54,12.2,-3.67
SUBEXLTD,11.36,2026-07-02,0.35,-4.54,6.27,44.71,-3.07,-20.78
SML100CASE,10.86,2026-07-02,2.74,1.31,6.26,22.62,7.96,
SHREDIGCEM,77.56,2026-07-02,4.07,4.73,6.25,17.28,-14.79,-3.53
GAEL,165.35,2026-07-02,2.15,2.57,6.25,17.81,20.07,50.14
CARYSIL,1183.0,2026-07-02,-0.43,-0.67,6.24,48.23,28.87,35.8
GROWWPSUBK,85.99,2026-07-02,0.68,-1.76,6.24,6.04,,
TEAMLEASE,1467.8,2026-07-02,1.42,1.3,6.23,25.37,-6.81,-28.26
GEECEE,344.65,2026-07-02,3.73,-2.46,6.23,42.36,6.64,-11.14
INDIQUBE,167.31,2026-07-02,0.63,-1.66,6.22,16.67,-20.34,
WORTHPERI,136.93,2026-07-02,3.81,3.64,6.22,9.51,-1.01,-6.82
YESBANK,24.25,2026-07-02,-3.35,-2.84,6.22,35.7,8.79,19.58
OFSS,10986.0,2026-07-02,1.03,12.89,6.2,61.61,46.16,28.33
LAXMICOT,14.55,2026-07-02,-1.09,-5.52,6.2,17.34,-23.94,-48.28
OMNI,535.4,2026-07-02,7.21,7.25,6.2,92.21,,
GRANULES,825.7,2026-07-02,3.89,6.08,6.19,34.57,34.18,68.75
SAPPHIRE,184.89,2026-07-02,2.49,-3.68,6.19,20.08,-26.63,-42.35
ASHIANA,384.75,2026-07-02,-0.48,-0.89,6.18,25.78,34.94,11.56
SMALL250,18.04,2026-07-02,2.21,1.23,6.18,22.22,7.44,
GAYAPROJ,21.88,2026-07-02,0.64,-7.64,6.16,51.94,89.77,153.53
AKSHOPTFBR,6.73,2026-07-02,-5.61,-15.35,6.15,46.3,3.7,-25.39
INFOMEDIA,5.7,2026-07-02,0.71,-4.2,6.15,9.2,-12.44,-27.02
VIJAYA,1397.8,2026-07-02,6.6,5.47,6.14,55.82,31.97,42.94
ELECTHERM,1091.2,2026-07-02,-6.37,3.66,6.12,83.5,25.58,-3.67
YATHARTH,862.6,2026-07-02,1.61,1.26,6.11,28.45,23.33,57.22
RELIABLE,146.16,2026-07-02,-1.9,-4.59,6.11,25.0,-7.45,97.82
ETHOSLTD,2503.8,2026-07-02,2.72,2.11,6.11,12.51,-15.23,-7.99
RUPA,168.67,2026-07-02,0.05,4.21,6.09,37.79,4.32,-20.87
FINOPB,138.72,2026-07-02,-4.75,-10.7,6.07,13.9,-46.43,-51.5
HEALTHADD,162.94,2026-07-02,0.04,1.84,6.07,15.49,9.7,11.68
WINDLAS,861.25,2026-07-02,0.28,0.45,6.03,12.66,9.17,-4.55
ZENTEC,1773.2,2026-07-02,1.76,-9.63,6.03,29.7,30.15,-9.06
STERTOOLS,245.66,2026-07-02,-0.8,0.3,6.03,22.02,-12.31,-31.02
HDFCPSUBK,86.52,2026-07-02,-0.28,-2.3,6.03,5.8,-1.21,19.57
CRISIL,4081.6,2026-07-02,0.13,-3.38,6.02,10.37,-7.59,-30.25
GOLDIAM,449.95,2026-07-02,-0.6,-4.15,6.01,54.3,24.3,33.02
PSUBNKIETF,86.93,2026-07-02,0.03,-2.08,6.01,5.46,-0.97,19.21
VASCONEQ,34.25,2026-07-02,0.56,-4.76,6.0,2.33,-26.58,-36.55
GRSE,2771.3,2026-07-02,3.49,-3.12,5.98,22.88,14.03,-6.14
LALPATHLAB,1650.3,2026-07-02,0.2,-1.05,5.98,24.5,12.5,20.12
63MOONS,661.5,2026-07-02,0.74,-2.98,5.98,33.46,-8.85,-33.43
WEALTH,991.85,2026-07-02,0.38,0.98,5.93,20.47,7.71,-16.16
ZTECH,635.75,2026-07-01,3.21,7.43,5.93,19.13,-2.94,12.52
PNBHOUSING,1055.6,2026-07-02,2.09,4.47,5.93,34.57,5.77,-2.18
POLYPLEX,991.2,2026-07-02,2.25,4.02,5.92,24.82,17.36,-17.23
HEALTHIETF,165.26,2026-07-02,-0.12,2.01,5.92,14.84,9.47,11.55
RAINBOW,1420.8,2026-07-02,1.09,-1.8,5.92,23.6,7.73,-6.39
MRF,132065.0,2026-07-02,6.46,0.38,5.91,4.49,-12.36,-8.91
JSWDULUX,3259.7,2026-07-02,1.48,1.22,5.91,10.67,3.1,1.49
OILCOUNTUB,57.71,2026-07-02,-3.8,2.38,5.91,45.84,-6.86,-36.92
SARTELE,142.75,2026-07-01,10.06,-4.1,5.9,-10.45,-44.24,-46.58
RITEZONE,20.65,2026-07-01,8.97,14.4,5.9,42.91,-7.81,-5.49
PSUBANK,854.79,2026-07-02,-0.12,-2.5,5.9,5.1,-1.63,18.33
TITAGARH,883.6,2026-07-02,0.6,-4.02,5.9,43.7,-0.76,-6.93
HEALTHY,16.58,2026-07-02,0.0,2.22,5.87,15.86,9.87,11.65
PSUBNKBEES,95.38,2026-07-02,-0.15,-2.55,5.85,5.28,-1.87,18.69
BANKPSU,86.06,2026-07-02,-0.54,-2.7,5.84,5.26,-1.65,19.23
ZAGGLE,211.9,2026-07-02,6.7,-1.87,5.83,-9.8,-39.45,-49.16
ZODIACLOTH,79.95,2026-07-02,-3.38,1.47,5.81,23.9,-6.16,-28.09
LINCOLN,624.25,2026-07-02,-0.22,1.19,5.81,3.2,25.57,12.1
SMALLADD,18.03,2026-07-02,1.69,0.56,5.81,21.66,7.26,
ELLEN,262.3,2026-07-02,0.23,-8.43,5.79,32.56,-23.21,-50.1
SARLAPOLY,103.68,2026-07-02,6.39,6.1,5.79,32.62,14.77,-8.29
SUZLON,57.67,2026-07-02,0.8,-2.77,5.78,41.42,6.25,-10.99
GAIL,174.29,2026-07-02,1.2,-1.7,5.74,22.97,2.48,-5.24
BFINVEST,460.75,2026-07-02,3.11,-0.02,5.74,31.31,10.08,-6.53
HDFCSML250,180.68,2026-07-02,1.98,0.37,5.74,21.71,7.01,1.98
FABTECH,161.65,2026-07-02,3.2,2.94,5.72,12.19,-18.43,
CGPOWER,959.4,2026-07-02,0.33,-0.33,5.7,41.08,48.13,44.35
PNB,106.91,2026-07-02,-0.05,-2.63,5.7,5.3,-12.23,-3.37
SAHANA,891.6,2026-07-01,1.61,-5.8,5.68,6.4,7.94,-38.73
BAJAJST,408.2,2026-07-02,0.59,-0.1,5.67,,,
VHL,3560.9,2026-07-02,0.76,-3.31,5.66,11.06,-1.13,-12.64
JISLDVREQS,23.88,2026-07-02,1.23,-2.29,5.66,15.92,-13.82,-27.81
MOBIKWIK,205.42,2026-07-02,2.64,3.75,5.65,20.79,-10.14,-15.0
KRISHNADEF,1213.7,2026-07-02,-2.68,-11.42,5.65,37.92,49.35,37.41
MOSMALL250,17.99,2026-07-02,2.1,0.28,5.64,21.47,6.83,1.52
DRREDDY,1345.7,2026-07-02,-2.18,4.26,5.63,10.55,7.13,6.57
SPCENET,3.75,2026-07-02,2.46,-3.35,5.63,20.14,-44.62,-49.66
CONSUMIETF,121.95,2026-07-02,2.66,1.92,5.62,11.77,-3.79,0.24
BOMDYEING,132.06,2026-07-02,2.2,-4.35,5.6,28.3,1.58,-20.84
BANKINDIA,144.96,2026-07-02,1.69,-0.77,5.59,7.57,0.32,25.52
MARICO,856.0,2026-07-02,1.91,5.36,5.56,12.43,12.97,21.35
BALRAMCHIN,567.2,2026-07-02,7.61,5.7,5.55,15.91,29.34,-2.62
ZUARIIND,262.45,2026-07-02,3.04,-3.74,5.55,12.74,-19.11,-5.09
GTL,7.8,2026-07-02,2.63,-4.88,5.55,30.43,-3.58,-24.35
CENTENKA,533.25,2026-07-02,3.88,-2.05,5.54,34.02,16.57,6.87
BAJAJELEC,330.2,2026-07-02,4.13,-0.02,5.53,-5.45,-31.12,-50.38
ORTINGLOBE,16.61,2026-07-02,-6.42,0.0,5.53,16.89,17.39,39.93
COHANCE,452.6,2026-07-02,0.54,11.68,5.53,47.31,-12.68,-53.23
SPLIL,32.02,2026-07-02,6.17,1.49,5.5,29.32,-6.35,-30.42
RUBICON,1374.2,2026-07-02,-3.2,-0.17,5.5,77.35,107.77,
ZENITHDRUG,46.0,2026-07-01,-0.33,5.99,5.5,19.64,-8.73,-38.63
MPTODAY,46.0,2026-07-01,0.0,0.0,5.5,-2.13,-3.26,-2.44
VERANDA,247.1,2026-07-02,5.79,3.37,5.47,72.64,13.63,25.88
INTENTECH,100.7,2026-07-02,1.82,-3.37,5.47,2.98,-14.99,11.63
HALDYNGL,117.71,2026-07-02,2.19,-7.73,5.46,,,
BPCL,310.45,2026-07-02,3.21,0.6,5.45,11.61,-16.32,-0.31
AIAENG,4800.0,2026-07-02,-3.06,-0.99,5.44,30.58,17.37,48.28
EMPOWER,2.34,2026-07-02,-1.27,14.71,5.41,,,
GNFC,534.15,2026-07-02,-2.25,-8.14,5.4,33.97,8.23,-1.5
MIDWESTLTD,1326.4,2026-07-02,6.51,2.01,5.38,8.93,-22.51,
SANGAMIND,553.5,2026-07-02,3.97,3.08,5.38,30.63,15.69,21.25
UDS,189.41,2026-07-02,2.28,5.81,5.37,36.23,-0.97,-35.38
NIRAJ,30.27,2026-07-02,0.43,-6.78,5.36,30.7,-22.86,-43.74
SUPREMEPWR,247.1,2026-07-01,-1.16,-3.44,5.35,55.02,30.4,8.66
SAYAJIHOTL,315.0,2026-07-02,-0.13,7.51,5.35,,,
KOTAKBANK,399.3,2026-07-02,0.96,-0.71,5.34,11.54,-9.05,-7.85
WAAREERTL,1029.8,2026-07-02,1.63,2.46,5.33,20.54,5.44,4.2
SOLARA,571.95,2026-07-02,0.04,-2.51,5.32,20.13,-1.74,-11.6
SBIETFCON,120.88,2026-07-02,1.94,1.01,5.31,11.83,-4.09,-0.51
AXISCETF,121.12,2026-07-02,1.98,1.52,5.29,11.79,-3.69,-0.12
SBIBPB,49.37,2026-07-02,-0.44,-2.99,5.29,5.24,-2.51,17.69
HARSHA,415.65,2026-07-02,1.42,-4.74,5.28,24.61,7.28,2.13
JUBLINGREA,670.8,2026-07-02,9.8,3.9,5.27,15.82,-7.29,-12.69
REPRO,365.0,2026-07-02,-1.36,-3.04,5.26,1.8,-21.28,-34.52
ZEEMEDIA,8.62,2026-07-02,6.68,-0.58,5.25,19.89,-4.43,-39.59
PHARMABEES,25.96,2026-07-02,0.23,2.24,5.23,15.84,11.23,15.12
INM,179.95,2026-07-01,9.06,5.85,5.23,0.25,-28.02,-64.06
LAOPALA,182.92,2026-07-02,3.47,0.82,5.21,3.26,-10.63,-27.73
GROWWSC250,10.32,2026-07-02,1.57,0.49,5.2,20.7,6.65,
PSB,24.91,2026-07-02,2.3,-0.64,5.19,11.4,-15.24,-24.01
KRSNAA,572.9,2026-07-02,6.68,7.1,5.18,4.08,-21.88,-18.82
AEPL,17.08,2026-07-02,6.35,3.64,5.17,11.13,,
TIRUPATI,510.0,2026-07-01,0.0,1.63,5.15,19.44,-28.57,7.37
BSL,133.04,2026-07-02,6.08,4.95,5.15,16.95,-9.6,-15.61
CONS,12.05,2026-07-02,2.12,1.18,5.15,11.47,-90.44,-90.03
MCCHRLS-B,716.45,2026-07-02,3.83,3.44,5.13,,,
TVSELECT,510.4,2026-07-02,0.37,6.01,5.11,38.45,14.5,17.64
SRGHFL,303.3,2026-07-02,2.69,2.87,5.09,24.18,5.72,-2.08
ASALCBR,875.55,2026-07-02,2.12,2.68,5.09,20.85,-8.06,-22.13
MOSERVICE,31.16,2026-07-02,1.1,-0.32,5.09,7.49,-8.49,
PENIND,168.36,2026-07-02,1.13,2.02,5.08,15.61,-16.97,-26.88
ZUARI,231.95,2026-07-02,2.47,-3.86,5.08,15.28,-31.24,9.68
CONSUMBEES,130.58,2026-07-02,2.3,1.49,5.06,11.24,-4.16,-0.38
DABUR,447.0,2026-07-02,4.86,5.86,5.05,7.13,-14.47,-6.91
BRITANNIA,5374.0,2026-07-02,5.33,3.0,5.02,-1.25,-10.2,-5.97
IOB,34.46,2026-07-02,1.32,-2.6,5.0,5.09,-7.44,-13.55
NEOGEN,1970.7,2026-07-02,4.7,2.91,5.0,64.94,70.73,22.71
ALKEM,5500.5,2026-07-02,1.55,2.49,4.99,4.61,-0.85,13.93
WCIL,98.69,2026-07-02,-1.58,-4.04,4.96,18.42,-17.87,-12.96
NELCAST,146.79,2026-07-02,7.81,4.97,4.95,19.21,38.93,-0.66
VIRINCHI,16.58,2026-07-02,0.91,-1.72,4.94,5.2,-30.63,-21.98
GFSTEELS,13.61,2026-07-01,0.0,0.0,4.93,10.11,20.98,46.82
ALPL30IETF,27.52,2026-07-02,0.77,0.88,4.92,10.52,-1.82,-1.4
NXST,162.27,2026-07-01,-0.51,3.99,4.91,8.12,5.9,22.49
SHREECEM,26220.0,2026-07-02,4.28,4.9,4.9,13.38,-3.05,-16.73
FORTIS,974.95,2026-07-02,2.58,-0.09,4.9,23.61,6.58,23.16
JUSTDIAL,555.45,2026-07-02,5.68,1.16,4.9,7.78,-24.4,-39.67
UNIVAFOODS,8.57,2026-07-01,0.0,0.0,4.9,-5.09,-36.66,-27.0
VIKRAN,74.82,2026-07-02,0.51,2.58,4.89,35.05,-24.55,
JALAN,2.15,2026-07-01,0.0,-4.44,4.88,26.47,-33.85,-68.84
MALLCOM,1020.5,2026-07-02,0.87,-7.1,4.88,1.74,-12.75,-21.07
VAISHALI,7.32,2026-07-02,-2.01,-1.08,4.87,22.41,-16.25,-36.24
FOSECOIND,5245.0,2026-07-02,-1.47,0.91,4.87,13.99,6.97,6.33
PONNIERODE,316.8,2026-07-02,1.69,-2.49,4.85,14.96,22.02,-3.82
REMUS,744.3,2026-07-01,-2.52,-4.97,4.84,19.09,7.35,-21.19
GARUDA,179.7,2026-07-02,1.88,5.04,4.83,19.78,-7.98,49.34
TAC,388.3,2026-07-01,-1.7,-0.28,4.82,-11.45,-48.94,-64.81
GLOTTIS,66.83,2026-07-02,0.16,0.27,4.78,55.82,8.63,
TENNIND,605.9,2026-07-02,4.37,3.26,4.78,14.01,11.39,
STAR,1126.4,2026-07-02,2.08,0.91,4.78,15.99,25.05,30.18
BECTORFOOD,180.18,2026-07-02,0.14,-4.06,4.7,-4.75,-26.1,-32.63
MGL,1143.4,2026-07-02,0.11,-8.2,4.69,19.96,1.18,-22.42
BIRLANU,1361.3,2026-07-02,-1.34,-3.81,4.68,-2.21,-21.81,-41.61
MIDHANI,429.95,2026-07-02,3.7,-2.67,4.67,46.97,21.38,-1.36
SIGACHI,22.9,2026-07-02,-5.8,-4.94,4.66,18.47,-26.93,-46.22
TEXMOPIPES,44.91,2026-07-02,-2.64,-1.06,4.66,19.06,-8.63,-29.83
ELDEHSG,803.65,2026-07-02,-0.2,1.59,4.65,2.84,-13.25,2.28
HPL,360.25,2026-07-02,0.43,-10.37,4.65,21.09,-11.62,-37.1
TVSHLTD,14178.0,2026-07-02,5.38,3.56,4.64,1.39,-2.47,29.53
SUNCLAY,1360.1,2026-07-02,-1.93,1.8,4.62,8.78,8.7,-33.96
JSWCEMENT,136.24,2026-07-02,2.61,4.76,4.61,17.51,10.76,
SURAJEST,205.55,2026-07-02,9.28,5.26,4.61,7.56,-21.38,-41.4
GAUDIUMIVF,117.56,2026-07-02,6.1,6.01,4.6,53.65,,
TIGERLOGS,34.54,2026-07-02,-5.58,-6.37,4.6,34.19,-5.45,
KAVDEFENCE,64.2,2026-07-02,-0.14,-5.81,4.58,13.25,-13.11,14.77
MOXSH,114.5,2026-07-01,-4.18,0.44,4.57,-14.46,35.66,284.87
RAMAPHO,125.59,2026-07-02,-0.59,-6.92,4.57,10.48,-26.47,4.18
MMTC,67.75,2026-07-02,1.5,-9.88,4.54,22.38,0.67,-4.52
WAKEFIT,126.79,2026-07-02,3.95,1.88,4.53,-13.89,-29.29,
SUNPHARMA,1871.0,2026-07-02,-0.2,0.43,4.53,10.47,8.98,12.63
PAVNAIND,17.53,2026-07-02,-3.79,-4.68,4.53,10.53,-22.95,-57.97
RCF,132.73,2026-07-02,2.19,-3.1,4.52,15.49,-10.35,-14.29
MAZDOCK,2555.0,2026-07-02,4.42,0.52,4.5,12.82,2.74,-21.58
SREEL,209.66,2026-07-02,-1.62,-3.83,4.5,16.01,-4.42,-15.45
BIRET,334.0,2026-07-01,3.09,3.71,4.46,6.13,3.37,13.74
HEALTHX,314.85,2026-07-02,-1.07,-0.21,4.45,15.9,-0.29,7.84
ARIHANTACA,470.0,2026-07-01,0.21,1.08,4.44,-8.75,-5.98,71.36
UNIENTER,109.42,2026-07-02,1.34,0.27,4.42,15.05,-24.83,-27.99
MIDSELIETF,19.13,2026-07-02,1.65,-0.1,4.42,20.69,1.92,7.11
ALGOQUANT,58.17,2026-07-02,4.32,-0.05,4.42,10.76,,
SENSEXADD,79.84,2026-07-02,1.24,0.76,4.41,6.0,-9.15,-6.24
GICHSGFIN,152.72,2026-07-02,-1.08,-5.44,4.41,11.03,-12.77,-17.94
STUDDS,470.25,2026-07-02,-0.22,-3.83,4.4,4.44,-13.27,
TATVA,1267.6,2026-07-02,5.99,6.46,4.38,14.3,-8.73,27.22
VOLTAS,1290.6,2026-07-02,-0.4,-4.68,4.37,4.8,-9.48,-2.86
GRINFRA,929.6,2026-07-02,0.61,-3.08,4.35,10.11,-7.7,-28.45
SGMART,603.15,2026-07-02,2.54,1.83,4.32,19.48,56.18,
NITTAGELA,1712.7,2026-07-02,3.62,6.13,4.31,,,
SANDHAR,727.2,2026-07-02,7.89,2.06,4.31,57.62,24.8,39.57
ARIHANTCAP,68.85,2026-07-02,0.04,-4.07,4.3,8.8,-23.98,-24.96
KAYA,241.62,2026-07-02,-1.19,-6.24,4.29,-8.18,-40.03,-45.72
RENUKA,23.16,2026-07-02,4.04,0.0,4.28,-17.64,-12.07,-30.43
WONDERLA,494.6,2026-07-02,-0.55,1.19,4.27,-6.51,-6.22,-22.6
GLOBECIVIL,42.28,2026-07-02,-1.56,-5.75,4.27,7.47,-30.06,-52.88
MODIRUBBER,133.91,2026-07-02,3.74,4.95,4.27,19.03,-5.12,3.17
SMALLCAP,46.91,2026-07-02,1.51,0.34,4.27,20.16,6.2,-2.19
PARIN,715.3,2026-07-01,-1.37,-0.62,4.26,26.42,21.65,109.77
ASCOM,259.35,2026-07-01,-5.0,10.5,4.24,14.45,105.02,201.39
HYUNDAI,1950.7,2026-07-02,3.07,-1.92,4.22,13.98,-13.99,-7.26
KCP,170.03,2026-07-02,0.12,-4.07,4.22,25.93,-5.67,-16.83
ADANIPORTS,1883.2,2026-07-02,6.03,3.06,4.22,37.28,26.96,30.97
RSL,131.08,2026-07-02,1.91,0.89,4.21,9.54,,
BATAINDIA,698.55,2026-07-02,0.32,-4.44,4.21,6.3,-26.48,-42.75
LFIC,148.5,2026-07-02,2.97,-0.76,4.17,24.98,-12.64,-29.53
STALLION,185.31,2026-07-02,3.59,-6.41,4.16,65.81,-28.09,112.68
JAYSREETEA,85.61,2026-07-02,-1.94,-6.1,4.14,9.69,-2.84,-23.9
3MINDIA,33960.0,2026-07-02,3.82,1.91,4.14,14.21,-6.11,21.59
DCM,98.0,2026-07-02,1.99,-0.49,4.13,57.66,5.9,-6.95
PFC,430.05,2026-07-02,1.32,-2.47,4.12,6.91,16.44,6.64
HINDPETRO,399.55,2026-07-02,2.55,1.6,4.12,22.56,-19.42,-5.1
LICNETFSEN,876.73,2026-07-02,1.56,1.11,4.09,6.42,-8.56,-5.68
CORALFINAC,33.1,2026-07-02,4.28,2.99,4.09,18.26,-18.57,-26.52
HGS,419.35,2026-07-02,0.87,-3.24,4.06,15.38,-7.48,-25.58
AXSENSEX,80.09,2026-07-02,0.93,0.23,4.05,5.65,-9.08,-6.13
ASIANPAINT,2744.5,2026-07-02,3.3,3.53,4.04,27.63,-0.15,14.6
UWCSL,101.75,2026-07-01,0.0,-0.25,4.04,9.35,-6.05,-36.05
KRISHANA,713.5,2026-07-02,4.6,5.16,4.02,32.42,35.26,43.64
HDFCSENSEX,87.58,2026-07-02,0.44,0.39,4.01,5.96,-9.46,-6.54
BASML,25.92,2026-07-02,-5.61,-1.29,4.01,26.13,-1.03,-24.78
MNC,33.89,2026-07-02,2.02,0.44,3.99,14.88,7.48,13.95
HNDFDS,561.8,2026-07-02,1.97,2.11,3.99,14.55,8.83,5.27
RPPINFRA,63.69,2026-07-02,0.74,-6.99,3.97,-1.45,-37.5,-53.52
DBL,437.3,2026-07-02,-5.72,-3.87,3.96,7.62,-6.53,-13.41
DKEGL,70.85,2026-07-01,0.0,10.7,3.96,12.46,-8.11,5.88
SANDESH,982.5,2026-07-02,-2.85,-1.71,3.95,10.44,-9.88,-16.59
MSPL,42.59,2026-07-02,3.25,-4.83,3.95,35.72,15.01,57.92
DAMCAPITAL,152.92,2026-07-02,3.17,-1.38,3.94,11.9,-30.21,-39.43
SUTLEJTEX,37.06,2026-07-02,-3.06,-0.78,3.93,33.21,16.91,-12.16
POCL,1390.0,2026-07-02,6.56,1.39,3.93,28.16,-9.69,55.26
SENSEXETF,79.79,2026-07-02,0.91,0.67,3.93,6.09,-9.07,-6.2
VILAS,372.85,2026-07-01,-2.64,-7.71,3.92,4.38,-8.12,-33.02
CONCOR,477.45,2026-07-02,1.37,0.8,3.92,8.7,-9.62,-18.62
DICIND,520.1,2026-07-02,3.65,-3.49,3.92,6.75,3.93,-17.12
SBCL,763.2,2026-07-02,2.18,2.64,3.9,86.08,76.73,39.91
GRAVITA,1687.4,2026-07-02,1.43,-3.02,3.9,30.29,-9.3,-9.26
DRONE,41.55,2026-07-01,1.59,-4.92,3.87,3.23,-38.4,-60.91
ESENSEX,77.94,2026-07-02,1.41,0.93,3.85,5.78,-9.09,
AIMTRON,1234.95,2026-07-01,-1.35,-0.28,3.82,47.85,43.69,80.67
ATULAUTO,494.5,2026-07-02,4.14,4.27,3.82,20.93,6.55,9.33
ALPHA,51.56,2026-07-02,-0.15,-1.87,3.81,18.26,6.42,0.21
BANCOINDIA,679.75,2026-07-02,4.04,1.54,3.81,30.5,-2.74,3.49
AUTOBEES,278.7,2026-07-02,2.2,1.29,3.81,12.25,-5.87,14.19
RAYMONDLSL,780.85,2026-07-02,-0.74,-4.72,3.77,0.3,-24.66,-37.5
EXIDEIND,419.35,2026-07-02,9.04,10.53,3.76,40.86,14.63,10.67
INFRA,12.44,2026-07-02,1.55,-0.72,3.75,19.27,,
INDRAMEDCO,389.85,2026-07-02,2.55,-1.19,3.75,-2.44,-14.4,-18.18
EASEMYTRIP,7.21,2026-07-02,3.0,-8.39,3.74,10.92,-3.09,-30.74
BALKRISIND,2230.2,2026-07-02,2.89,-0.84,3.72,7.89,-5.68,-12.53
AUTOIETF,27.91,2026-07-02,2.23,1.6,3.68,12.22,-5.87,14.24
BRIGHOTEL,63.53,2026-07-02,0.49,-4.25,3.67,8.25,-7.53,
ENTERO,1194.3,2026-07-02,-0.48,9.16,3.64,-4.39,6.3,2.8
HAL,4434.0,2026-07-02,2.1,-1.8,3.63,20.26,1.2,-8.42
AGNI,18.6,2026-07-01,3.91,0.27,3.62,15.89,-20.0,-33.33
HERITGFOOD,334.65,2026-07-02,1.32,1.78,3.62,7.28,-28.05,-32.0
LINDEINDIA,7190.5,2026-07-02,-1.46,-3.02,3.61,-1.45,20.74,8.03
NIFTYBETF,248.65,2026-07-02,1.04,0.26,3.6,7.17,-7.53,-3.84
SAMHI,175.62,2026-07-02,-0.46,-1.94,3.59,28.44,-5.29,-20.01
AONETOTAL,11.84,2026-07-02,1.2,0.17,3.59,11.8,-2.47,-0.43
IPL,163.54,2026-07-02,1.4,-3.78,3.59,18.34,-7.58,-26.53
ROXHITECH,37.65,2026-07-01,0.8,16.56,3.58,41.01,-13.45,-20.99
ASPINWALL,252.96,2026-07-02,0.55,0.18,3.58,19.78,4.94,-11.28
INDUSINDBK,943.5,2026-07-02,3.07,2.6,3.56,21.36,4.72,10.19
TOP15IETF,9.89,2026-07-02,0.92,0.92,3.56,5.21,-10.82,-5.0
BLUEDART,4898.5,2026-07-02,0.5,-1.9,3.55,0.11,-12.43,-28.8
ACEINTEG,21.38,2026-07-02,1.62,1.52,3.54,29.81,-5.98,-20.13
PARASPETRO,2.05,2026-07-02,1.49,-5.09,3.54,-16.33,5.13,-20.54
BIRLAMONEY,143.66,2026-07-02,3.79,-0.92,3.54,29.97,-0.68,-27.03
COOLCAPS,23.45,2026-07-01,-6.2,-13.15,3.53,-17.43,-66.4,-70.51
COCHINSHIP,1519.3,2026-07-02,6.42,2.91,3.52,15.58,-6.52,-24.53
SHALPAINTS,52.09,2026-07-02,1.82,-3.43,3.52,24.11,-30.89,-46.49
MOLOWVOL,37.02,2026-07-02,0.41,0.71,3.52,8.09,-5.34,-3.32
FROG,167.8,2026-07-01,0.15,6.95,3.52,17.63,5.27,-31.23
PETRONET,275.2,2026-07-02,-2.15,-3.94,3.49,9.3,-4.35,-4.5
CMRSL,71.4,2026-07-01,0.0,5.0,3.48,29.7,-8.4,-13.3
BSE500IETF,39.35,2026-07-02,1.16,0.54,3.47,11.54,-3.13,-0.61
TRANSPEK,1034.8,2026-07-02,3.65,2.74,3.47,,,
NUCLEUS,760.15,2026-07-02,0.28,-2.86,3.46,-4.16,-17.42,-34.55
STYRENIX,2341.3,2026-07-02,2.96,-1.78,3.46,27.98,16.41,-24.91
AGRITECH,112.6,2026-07-02,0.22,-2.08,3.44,5.54,-26.47,-28.89
MONEXT50,72.33,2026-07-02,1.27,-0.97,3.43,16.87,3.67,6.27
SOBHA,1434.6,2026-07-02,3.41,1.18,3.43,24.01,-3.76,-3.28
DBSTOCKBRO,35.26,2026-07-02,10.19,19.57,3.43,35.15,41.78,8.96
INDIGRID,176.81,2026-07-01,0.01,2.21,3.42,9.1,10.23,26.4
LAMBODHARA,116.09,2026-07-02,4.39,-0.73,3.41,24.23,-3.99,-16.81
ECAPINSURE,24.55,2026-07-02,1.28,-1.33,3.41,14.29,1.24,2.33
MINDSPACE,478.36,2026-07-01,2.19,3.08,3.41,7.83,3.58,27.4
NESTLEIND,1446.2,2026-07-02,4.25,3.16,3.4,21.4,13.62,22.29
SOMANYCERA,535.65,2026-07-02,3.48,3.07,3.4,39.16,33.77,-3.36
HERANBA,184.48,2026-07-02,2.17,-3.99,3.4,4.93,-24.14,-50.44
LICNFNHGP,276.89,2026-07-02,1.05,0.62,3.39,8.71,-5.28,-2.12
ASKAUTOLTD,455.45,2026-07-02,-1.12,-2.68,3.39,4.34,-5.53,-11.25
MAXPOSURE,35.15,2026-07-01,-5.0,2.03,3.38,6.52,-21.1,-33.62
DOLLAR,269.05,2026-07-02,-1.32,3.48,3.38,6.83,-23.98,-27.64
GULPOLY,189.2,2026-07-02,-1.06,-8.74,3.37,26.02,31.94,6.53
WALCHANNAG,246.75,2026-07-02,-9.98,-19.73,3.35,71.46,31.28,9.45
ALKYLAMINE,1827.9,2026-07-02,8.98,0.26,3.35,39.36,14.38,-21.66
LICHSGFIN,552.9,2026-07-02,-1.4,0.8,3.35,6.86,1.35,-7.64
BHARTIARTL,1875.0,2026-07-02,1.84,-2.17,3.35,4.77,-10.98,-7.01
GPTHEALTH,156.47,2026-07-02,6.67,4.33,3.34,26.88,10.31,12.46
KEC,515.3,2026-07-02,-0.02,-5.48,3.34,-2.68,-31.0,-42.61
MONIFTY500,23.8,2026-07-02,0.85,0.51,3.34,11.68,-2.86,-0.42
PLATIND,227.78,2026-07-02,2.68,-2.09,3.34,13.45,-7.27,-16.72
ABGSEC,114.92,2026-07-02,1.09,1.77,3.34,4.83,3.35,4.3
MOMOMENTUM,62.76,2026-07-02,-1.57,-0.85,3.33,12.72,-1.86,-2.21
JUNIORBEES,782.42,2026-07-02,1.22,-0.56,3.32,16.99,3.51,6.27
KSHINTL,841.8,2026-07-02,-1.95,-2.4,3.32,87.76,125.35,
ULTRACEMCO,11536.0,2026-07-02,1.76,1.18,3.32,8.63,-3.05,-6.65
MSCIADD,29.59,2026-07-02,1.16,-0.27,3.32,7.29,,
CRAFTSMAN,9275.5,2026-07-02,-1.2,-2.59,3.3,36.63,15.75,61.52
RBLBANK,355.5,2026-07-02,-2.28,-6.08,3.3,18.11,10.83,43.14
CAMS,798.15,2026-07-02,1.2,-2.56,3.3,20.77,6.02,-4.14
IRMENERGY,277.25,2026-07-02,5.5,-0.61,3.3,50.02,-3.75,-12.9
ARCHIDPLY,80.07,2026-07-02,-0.34,-2.03,3.3,17.7,-10.45,-25.46
MIDCAPBETA,231.88,2026-07-02,1.02,-0.31,3.29,16.32,1.54,
CANHLIFE,141.82,2026-07-02,1.96,-1.08,3.29,-1.98,-5.26,
NIFTYETF,262.21,2026-07-02,0.73,0.39,3.29,6.82,-7.77,-4.09
BHARATCOAL,40.03,2026-07-02,1.42,-3.52,3.28,24.63,,
SHAHALLOYS,71.09,2026-07-02,2.3,-1.67,3.27,22.34,-0.82,14.85
PRAJIND,359.9,2026-07-02,3.9,5.37,3.26,7.72,10.59,-26.53
SENSEXBETA,855.3,2026-07-02,0.99,0.53,3.26,6.22,-9.14,
BSLNIFTY,28.28,2026-07-02,0.86,0.5,3.25,7.2,-7.58,-3.94
ICRA,5321.0,2026-07-02,0.7,1.48,3.25,4.17,-13.99,-21.01
AWHCL,478.15,2026-07-02,1.63,-1.42,3.24,11.08,-2.94,-29.46
BBETF0432,1351.46,2026-07-02,0.01,1.15,3.24,4.13,2.78,5.59
NCLIND,191.68,2026-07-02,-1.3,-0.37,3.24,16.48,-6.88,-16.32
MAGADSUGAR,464.8,2026-07-02,3.17,0.52,3.22,-5.81,-7.88,-26.35
SNXT50BETA,93.52,2026-07-02,1.44,0.03,3.22,13.66,-0.57,
IDFNIFTYET,266.09,2026-07-02,0.61,0.07,3.22,6.45,-7.73,-4.08
TFCILTD,77.93,2026-07-02,3.16,4.73,3.22,20.54,41.08,62.1
RATNAVEER,177.02,2026-07-02,-2.09,-5.35,3.21,26.62,13.53,12.33
BSLSENETFG,77.46,2026-07-02,0.25,-0.03,3.21,5.85,-9.53,-6.91
NIFTYIETF,272.95,2026-07-02,0.78,0.21,3.21,6.54,-7.78,-4.02
RAMRAT,408.6,2026-07-02,0.98,-3.72,3.21,34.83,31.23,22.3
DMART,4187.0,2026-07-02,-3.9,-3.32,3.2,-4.02,12.56,-4.67
SPENCERS,35.91,2026-07-02,1.56,-4.55,3.19,19.5,-13.8,-42.93
TOP20,8.74,2026-07-02,1.27,0.69,3.19,5.05,,
AFIL,10.36,2026-07-02,-0.38,-2.72,3.19,28.7,61.37,38.87
KSL,882.0,2026-07-02,4.43,6.77,3.18,40.93,16.07,-6.77
TCIEXP,511.0,2026-07-02,-0.88,-5.19,3.16,3.17,-12.46,-31.47
NIF100IETF,28.07,2026-07-02,0.57,0.11,3.16,8.04,-5.96,18.13
EBBETF0433,1311.78,2026-07-02,0.28,1.01,3.16,4.4,2.77,5.1
TAINWALCHM,202.26,2026-07-02,3.62,1.23,3.16,15.36,4.62,-6.72
MOMNC,32.6,2026-07-02,1.53,0.15,3.16,15.36,6.36,
ICICIPRULI,495.95,2026-07-02,1.32,-2.04,3.15,-1.14,-26.63,-24.46
AXISNIFTY,266.64,2026-07-02,0.83,0.23,3.15,6.26,-7.73,-4.18
MADRASFERT,68.76,2026-07-02,2.63,-4.62,3.15,16.92,-14.74,-25.89
PLADAINFO,11.45,2026-07-01,0.0,0.0,3.15,13.93,-23.67,-36.74
QNIFTY,265.8,2026-07-02,0.92,0.36,3.15,6.87,-90.75,-90.38
SIS,425.45,2026-07-02,-2.39,-1.74,3.14,47.8,27.94,18.4
COLPAL,2061.5,2026-07-02,3.12,4.01,3.14,14.01,-0.21,-13.4
LOWVOLIETF,21.98,2026-07-02,1.24,0.73,3.14,8.22,-5.54,-0.18
GSEC10YEAR,30.61,2026-07-02,-0.1,1.39,3.13,4.51,3.24,4.58
HDFCNIF100,26.0,2026-07-02,1.13,-0.15,3.13,7.39,-6.0,-2.84
NEXT50ETF,72.91,2026-07-02,1.56,-0.25,3.13,16.67,,
HDFCBSE500,37.37,2026-07-02,0.97,-3.61,3.12,10.82,-3.04,-0.56
SETFNIF50,259.38,2026-07-02,0.89,0.23,3.12,6.53,-7.76,-4.05
SETFNN50,773.18,2026-07-02,0.94,-0.87,3.12,16.66,3.28,6.18
TIIL,2517.3,2026-07-02,-3.82,-2.66,3.12,12.88,11.2,-18.73
LANCORHOL,24.95,2026-07-02,-0.04,-0.44,3.1,21.71,-5.1,11.43
NIFTYBEES,274.27,2026-07-02,0.78,0.22,3.1,6.47,-7.82,-4.03
MOALPHA50,53.35,2026-07-02,-0.15,-1.11,3.09,18.24,5.43,
NAVA,620.1,2026-07-02,3.5,-0.32,3.08,10.71,8.13,5.22
SURYAROSNI,257.65,2026-07-02,-0.06,-2.24,3.08,18.52,-7.42,-23.24
MSCIINDIA,29.76,2026-07-02,0.88,-0.17,3.08,8.69,-5.07,-2.14
NIFTYADD,253.77,2026-07-02,0.78,0.11,3.08,6.59,-7.74,-4.14
ENGINERSIN,234.21,2026-07-02,-4.2,-9.4,3.07,16.78,14.31,2.16
ALPHAETF,26.2,2026-07-02,-0.19,-1.54,3.07,16.5,3.52,1.16
NIFTYBETA,267.02,2026-07-02,0.81,0.41,3.06,6.82,-7.8,
UMIYA-MRO,90.0,2026-07-02,-0.75,2.21,3.05,21.26,2.72,13.78
NEXT50,744.83,2026-07-02,1.02,-0.85,3.05,16.83,3.01,6.02
MANAPPURAM,323.1,2026-07-02,2.43,-1.24,3.05,26.51,4.18,19.87
SNOWMAN,38.04,2026-07-02,3.54,-4.01,3.03,8.97,-6.12,-35.04
IGPL,451.0,2026-07-02,0.78,-0.36,3.03,28.54,14.0,-3.37
AVAILFC,157.73,2026-06-03,0.88,0.44,3.02,,,
MASFIN,318.7,2026-07-02,2.86,0.35,3.01,7.81,-1.64,4.23
ESG,41.47,2026-07-02,1.22,0.48,3.01,7.74,-7.74,-4.27
RULKA,99.25,2026-07-01,10.34,10.16,3.01,22.38,-9.57,-29.06
HDFCNIFTY,271.63,2026-07-02,0.94,0.36,3.01,6.98,-7.68,-4.03
DCXINDIA,203.54,2026-07-02,4.79,-0.97,3.01,22.67,5.16,-27.26
AMBIKCO,1748.6,2026-07-02,2.7,4.05,3.0,39.33,40.2,13.42
RVTH,761.4,2026-07-02,2.07,5.96,3.0,38.1,3.7,-22.0
MOM50,252.01,2026-07-02,0.84,0.22,3.0,6.86,-7.89,-4.13
PRIMESECU,287.0,2026-07-02,-0.85,-6.35,3.0,3.82,4.23,3.54
NIFTYCASE,9.66,2026-07-02,0.73,0.31,2.99,6.86,-7.74,
SENSEXIETF,887.02,2026-07-02,0.8,0.5,2.99,5.71,-9.37,-6.48
MONTECARLO,563.25,2026-07-02,2.16,-0.68,2.99,12.98,-12.42,-4.73
LICNETFN50,270.19,2026-07-02,0.57,0.35,2.98,6.5,-7.56,-3.83
SINTERCOM,75.59,2026-07-02,3.78,-2.72,2.98,6.9,-24.31,-40.71
NIFTY1,267.47,2026-07-02,0.93,0.34,2.97,6.69,-7.52,-3.91
JUNIPER,199.2,2026-07-02,3.09,-3.05,2.97,-2.24,-21.12,-32.31
DODLA,1130.8,2026-07-02,0.85,-0.49,2.97,9.7,-7.34,-19.1
ELPROINTL,172.63,2026-07-02,0.52,0.51,2.97,,,
HUBTOWN,213.04,2026-07-02,3.8,6.09,2.96,14.77,-17.61,-17.84
MONIFTY100,25.36,2026-07-02,1.16,0.36,2.96,8.75,-5.97,
NEXT50ADD,72.51,2026-07-02,0.81,-0.63,2.95,17.08,,
KRYSTAL,600.45,2026-07-02,0.03,-0.83,2.95,13.5,14.42,1.47
SANSTAR,119.18,2026-07-02,-1.51,-4.1,2.95,53.23,23.55,18.95
GROWWEV,31.56,2026-07-02,1.02,0.41,2.94,16.29,-1.47,7.64
MOMENTUM50,53.13,2026-07-02,-2.21,-1.65,2.93,14.31,0.53,-2.35
ABSLMSCIN,29.55,2026-07-02,1.44,-15.06,2.93,9.28,,
IREDA,128.58,2026-07-02,0.85,-1.73,2.92,11.87,-11.85,-23.16
MID150BEES,237.12,2026-07-02,1.23,-0.47,2.92,15.71,2.05,4.86
UBL,1357.2,2026-07-02,2.6,1.31,2.91,-8.61,-14.98,-29.67
NIF100BEES,266.88,2026-07-02,0.92,0.52,2.9,8.5,0.52,0.52
MIDCAPETF,23.45,2026-07-02,1.21,-0.42,2.9,16.09,1.96,5.39
AONENIFTY,9.95,2026-07-02,1.02,0.3,2.9,6.87,-7.61,-4.14
DPABHUSHAN,954.8,2026-07-02,0.38,3.36,2.9,-4.91,-32.63,-35.32
CALSOFT,22.76,2026-07-02,-3.07,-14.4,2.89,96.55,44.69,29.02
MUNJALSHOW,130.92,2026-07-02,3.18,1.26,2.88,12.39,4.4,-4.32
HIRECT,1141.3,2026-07-02,1.0,-0.4,2.87,64.63,52.54,73.92
GROWWMOM50,10.76,2026-07-02,-1.65,-1.65,2.87,14.1,0.86,-1.98
HDFCLOWVOL,20.49,2026-07-02,1.49,0.99,2.86,8.47,-5.31,0.05
FLFL,1.44,2026-07-02,2.13,5.11,2.86,18.03,-4.0,-22.58
MOGSEC,65.16,2026-07-02,0.54,1.32,2.86,3.0,3.51,5.28
GROWWNIFTY,9.72,2026-07-02,0.41,0.1,2.86,6.7,,
UNOMINDA,1121.0,2026-07-02,2.72,0.39,2.86,9.49,-14.96,2.27
HDFCMOMENT,31.11,2026-07-02,-1.95,-1.39,2.84,11.67,-2.45,-2.72
MID150,23.24,2026-07-02,1.09,-0.85,2.83,12.71,1.4,4.83
TOP100CASE,10.55,2026-07-02,0.76,0.0,2.83,8.32,-6.06,-2.68
MIDCAPIETF,23.74,2026-07-02,1.19,-0.42,2.82,15.86,2.06,5.0
CHEMICAL,29.91,2026-07-02,2.26,0.07,2.82,16.34,2.68,
NETF,261.68,2026-07-02,0.53,0.22,2.81,6.33,-7.81,-4.34
CLSEL,292.7,2026-07-02,0.55,-0.73,2.81,20.59,8.85,-19.65
BBTC,1554.7,2026-07-02,0.54,-2.18,2.8,10.21,-16.55,-21.23
VEEDOL,1459.4,2026-07-02,0.74,-1.33,2.8,12.25,-10.31,-12.23
FMCGIETF,53.65,2026-07-02,2.0,1.67,2.8,8.34,-5.63,-7.63
PRINCEPIPE,280.35,2026-07-02,-1.74,-2.32,2.79,24.67,6.72,-23.78
VINNY,1.11,2026-07-02,-2.63,-5.93,2.78,8.82,-11.9,-20.14
ISGEC,924.45,2026-07-02,0.08,-3.42,2.78,1.14,2.89,-22.96
MIRCELECTR,41.8,2026-07-01,4.24,0.55,2.78,52.0,48.38,186.11
SOMICONVEY,102.34,2026-07-02,-4.22,3.7,2.77,1.09,-19.16,-35.63
ABSLNN50ET,75.94,2026-07-02,1.19,-0.67,2.77,16.54,3.29,6.3
MID150CASE,11.5,2026-07-02,1.14,-0.61,2.77,15.81,2.04,5.41
VINYLINDIA,258.6,2026-07-02,1.91,1.53,2.76,39.59,10.06,-14.04
SHANTI,6.69,2026-07-02,3.88,1.83,2.76,5.02,-24.49,-56.02
GROWWMC150,230.0,2026-07-02,0.87,-0.06,2.76,16.32,1.87,
VSTIND,262.0,2026-07-02,0.58,-0.21,2.75,21.32,4.36,-14.3
NEXT50IETF,76.29,2026-07-02,1.11,-0.6,2.75,16.69,3.42,6.39
HCG,649.0,2026-07-02,9.07,5.47,2.75,22.99,-0.97,21.38
ELECTCAST,78.21,2026-07-02,1.97,-5.95,2.75,-2.2,1.9,-37.49
BRIGADE,501.25,2026-07-02,-0.13,-6.38,2.74,-2.79,-24.94,-36.75
EBBETF0430,1610.54,2026-07-02,0.3,0.87,2.74,3.91,3.03,5.94
KENNAMET,2958.4,2026-07-02,-0.92,-5.74,2.74,21.09,21.09,21.09
GROWWCAPM,11.61,2026-07-02,0.69,-0.85,2.74,23.91,17.78,
MAHSCOOTER,13041.0,2026-07-02,5.82,3.1,2.74,15.08,-7.95,-13.65
MIDCAPADD,22.96,2026-07-02,0.97,-0.56,2.73,14.4,1.91,
ARIES,341.1,2026-07-02,1.52,2.57,2.73,-0.83,-1.26,1.83
SBINMID150,22.99,2026-07-02,1.14,-0.52,2.73,,,
GROWWN200,11.34,2026-07-02,0.89,-0.26,2.72,10.1,-4.42,-1.06
EBBETF0431,1437.98,2026-07-02,0.39,0.94,2.71,4.06,2.82,5.67
PARKHOTELS,119.55,2026-07-02,0.01,-4.39,2.71,11.47,-11.5,-24.91
ENIFTY,24.24,2026-07-02,0.71,0.25,2.71,6.08,-7.62,
IVZINNIFTY,2760.8,2026-07-02,0.76,0.15,2.71,6.39,-7.4,-3.82
NEXT50BETA,78.1,2026-07-02,1.31,-0.61,2.71,16.79,3.57,
PYRAMID,169.1,2026-07-02,1.98,-2.95,2.7,17.9,2.48,-6.04
WINSOL,123.4,2026-07-01,0.12,-2.83,2.7,23.34,-22.22,-43.13
SHRENIK,0.38,2026-07-02,-5.0,0.0,2.7,-2.56,-13.64,-37.7
NH,1986.2,2026-07-02,4.38,4.26,2.69,22.23,3.39,0.48
NIVABUPA,86.28,2026-07-02,1.96,-0.6,2.68,18.86,14.8,4.93
LOWVOL,204.77,2026-07-02,1.17,0.6,2.67,8.2,-5.61,-0.31
GRPLTD,1853.9,2026-07-02,-2.41,-1.83,2.67,-2.42,6.56,-29.35
EVIETF,31.59,2026-07-02,1.58,0.06,2.66,16.05,-1.8,7.82
MIDCAP,18.13,2026-07-02,1.06,-0.22,2.66,16.52,-88.64,-88.64
TRUST,30.95,2026-07-01,5.09,-0.16,2.65,-3.28,-35.65,-49.9
CARERATING,1668.3,2026-07-02,-0.23,-2.43,2.63,12.45,-0.37,-6.36
SUPRAJIT,471.35,2026-07-02,2.61,-1.02,2.63,14.53,-0.13,0.5
HBLENGINE,823.75,2026-07-02,3.9,0.75,2.62,23.43,-11.91,31.9
ICEMAKE,790.8,2026-07-02,3.89,2.21,2.62,11.51,-2.07,1.36
AARTIIND,482.05,2026-07-02,5.44,-0.85,2.62,17.95,27.88,-0.21
GROWWNXT50,72.4,2026-07-02,0.67,-0.69,2.62,15.99,2.87,
CENTUM,3694.0,2026-07-02,0.37,-0.25,2.61,30.23,62.96,61.74
EUROTEXIND,15.4,2026-07-02,-9.84,-17.34,2.6,22.22,8.53,0.79
EVINDIA,31.55,2026-07-02,1.12,0.16,2.6,16.46,-1.71,7.94
SHREEKARNI,435.0,2026-07-01,-2.33,-8.49,2.59,20.5,-12.12,-32.3
PITTIENG,965.9,2026-07-02,0.09,-4.27,2.59,30.89,16.77,-2.23
SAPPL,276.75,2026-07-02,7.37,2.58,2.59,,,
TATACOMM,1938.0,2026-07-02,-2.78,-6.0,2.59,40.97,9.25,8.19
AUTOAXLES,1797.4,2026-07-02,1.69,-0.8,2.58,8.34,-8.72,0.86
3PLAND,32.67,2026-07-02,2.77,-0.12,2.57,0.58,-13.32,-36.37
HDFCMID150,23.18,2026-07-02,0.65,-0.73,2.57,15.73,1.85,4.84
VARDHACRLC,45.16,2026-07-02,3.27,1.14,2.57,41.79,15.85,-4.9
BANKA,94.69,2026-07-02,5.21,6.39,2.56,91.49,40.01,28.97
MTARTECH,7400.5,2026-07-02,-2.34,-10.78,2.56,106.93,211.97,367.11
ARVEE,162.66,2026-07-02,-1.27,-5.34,2.55,17.9,-18.64,-21.41
INDIANCARD,223.0,2026-07-02,-0.94,-0.05,2.55,33.92,-7.71,-25.48
MOM100,67.29,2026-07-02,1.33,-0.72,2.54,16.16,1.94,5.07
TMB,746.1,2026-07-02,1.24,-2.9,2.53,21.62,43.7,73.74
SUPERHOUSE,154.9,2026-07-02,-2.2,-1.3,2.52,10.98,5.65,-9.1
HDFCNEXT50,73.76,2026-07-02,1.21,-0.67,2.52,15.79,3.18,5.75
AKI,4.9,2026-07-02,4.48,-1.21,2.51,7.93,-27.84,-41.87
UGROCAP,97.54,2026-07-02,0.34,-2.73,2.51,9.19,-44.76,-43.55
VGUARD,311.35,2026-07-02,2.45,0.24,2.5,-3.52,-5.87,-18.46
ANTHEM,772.35,2026-07-02,-0.34,1.07,2.48,17.19,18.32,
LICNETFGSC,29.45,2026-07-02,0.44,1.31,2.47,3.99,2.58,3.7
GSEC10IETF,263.43,2026-07-02,0.06,0.41,2.47,3.54,1.79,2.22
OMINFRAL,89.2,2026-07-02,5.36,3.49,2.47,4.19,-9.11,-32.12
BERGEPAINT,520.75,2026-07-02,0.47,-5.33,2.46,23.33,-0.64,-11.87
HARRMALAYA,198.87,2026-07-02,-0.34,-6.16,2.46,11.59,15.78,-7.08
LOWVOL1,20.94,2026-07-02,1.7,0.96,2.45,6.29,-5.25,0.24
MEDIASSIST,375.95,2026-07-02,3.68,1.84,2.45,16.9,-19.62,-27.69
INFRABEES,977.14,2026-07-02,0.62,-0.82,2.45,9.43,-3.14,0.67
AVANTEL,180.18,2026-07-02,4.9,2.14,2.42,34.54,14.42,12.48
CROWN,112.44,2026-07-02,0.55,-1.93,2.41,-4.16,-18.26,-38.0
CHEMCON,188.08,2026-07-02,-0.48,-4.13,2.4,38.74,-6.6,-2.52
GILT10BETA,26.56,2026-07-02,0.3,-0.11,2.39,2.27,1.72,1.88
MOMENTUM30,30.82,2026-07-02,-0.39,-1.53,2.39,11.55,-2.53,
VSSL,276.6,2026-07-02,-0.81,-1.16,2.39,22.39,-3.56,8.92
GILT5YBEES,65.91,2026-07-02,0.11,0.61,2.38,3.44,3.65,5.25
NIRLON,620.45,2026-07-02,0.12,0.01,2.38,,,
MOMENTUM,31.12,2026-07-02,-2.17,-1.74,2.37,10.98,-2.75,-3.11
ITC,289.9,2026-07-02,-0.28,-0.46,2.35,1.69,-13.14,-26.37
MMP,274.5,2026-07-02,0.44,-5.36,2.35,27.05,0.94,-7.76
ADVANIHOTR,54.27,2026-07-02,2.75,1.02,2.32,10.02,-3.48,-6.78
AROGRANITE,25.58,2026-07-02,-0.81,-3.14,2.32,20.21,-22.18,-37.17
GRASIM,3169.2,2026-07-02,2.89,-0.19,2.31,23.6,10.95,11.61
DIGISPICE,20.34,2026-07-02,3.99,6.66,2.31,26.97,-13.59,-9.07
POLICYBZR,1682.1,2026-07-02,3.64,0.8,2.31,17.88,-5.6,-7.65
MAHEPC,119.97,2026-07-02,1.1,-0.01,2.3,16.52,-9.82,-18.65
TPLPLASTEH,72.84,2026-07-02,3.03,1.07,2.29,22.05,10.36,-9.38
KOTHARIPET,123.91,2026-07-02,-0.18,0.66,2.29,13.31,-5.63,-29.45
DIVISLAB,6682.5,2026-07-02,1.91,-1.55,2.29,14.1,4.54,-2.14
MOM30IETF,31.29,2026-07-02,-2.31,-1.85,2.29,11.27,-2.64,-3.16
IDEA,14.48,2026-07-02,0.35,-2.29,2.26,68.76,22.92,92.55
CRAMC,255.76,2026-07-02,3.58,0.61,2.25,10.47,-17.78,
MONQ50,147.24,2026-07-02,2.0,1.85,2.24,34.69,48.19,93.94
EQUAL200,13.67,2026-07-02,1.26,-0.44,2.24,13.14,-0.03,3.48
LICNMID100,62.82,2026-07-02,1.47,-0.35,2.23,16.66,2.15,5.16
ADSL,126.16,2026-07-02,1.37,2.52,2.23,27.38,-18.85,-28.93
INFRAIETF,97.08,2026-07-02,0.43,-0.93,2.23,9.19,-3.31,0.74
LTGILTBEES,29.88,2026-07-02,0.23,0.91,2.22,3.86,2.19,3.43
DHAMPURSUG,141.93,2026-07-02,3.12,0.41,2.22,4.06,16.15,-6.47
CELEBRITY,7.83,2026-07-02,3.16,-3.09,2.22,17.39,-13.77,-40.95
DEVYANI,114.3,2026-07-02,2.96,-2.52,2.21,18.53,-22.81,-31.31
DCW,47.83,2026-07-02,1.4,-5.64,2.2,17.32,-16.99,-42.73
NEPHROPLUS,674.95,2026-07-02,2.54,-6.83,2.2,27.69,42.27,
PLASTIBLEN,181.3,2026-07-02,0.08,0.65,2.19,39.98,9.2,-12.24
VELS,69.85,2026-07-01,0.0,2.19,2.19,34.07,19.61,9.14
PRECAM,153.61,2026-07-02,3.56,-1.6,2.19,28.36,-9.63,-28.69
IDEAFORGE,847.05,2026-07-02,4.45,-4.94,2.19,113.79,80.57,46.83
PNGJL,560.25,2026-07-02,5.91,1.82,2.18,-1.54,-8.57,-7.35
BEEKAY,414.1,2026-07-02,3.56,-0.93,2.18,,,
ANDHRAPAP,63.17,2026-07-02,1.8,-0.08,2.18,4.99,-6.35,-22.67
PRAVEG,246.85,2026-07-02,-0.16,5.24,2.17,,,
ZFCVINDIA,2433.2,2026-07-02,-9.41,-6.37,2.17,4.47,-2.93,10.93
KAMATHOTEL,184.36,2026-07-02,2.43,5.27,2.17,14.95,-22.67,-24.48
MAKEINDIA,163.26,2026-07-02,1.59,-0.41,2.17,13.22,3.19,10.65
MONARCH,347.8,2026-07-02,2.75,-1.93,2.17,31.09,11.1,-1.9
VETO,125.4,2026-07-02,0.38,-5.93,2.17,30.79,9.63,-1.91
WSTCSTPAPR,532.0,2026-07-02,3.06,4.79,2.16,23.16,26.7,5.24
TREL,26.76,2026-07-02,2.18,2.73,2.14,7.25,-5.74,-25.89
POWERGRID,288.2,2026-07-02,0.68,-0.53,2.14,-0.6,7.56,0.94
SILVERTUC,178.56,2026-07-02,0.13,-8.44,2.13,56.04,43.02,-76.96
SHRIKRISH,41.41,2026-07-02,2.17,-5.41,2.12,,,
HALDER,233.64,2026-07-02,-1.82,-3.45,2.12,-7.65,,
USHAMART,502.4,2026-07-02,3.73,4.53,2.11,23.88,11.32,39.53
MANORG,532.15,2026-07-02,-2.44,-7.15,2.11,37.72,10.76,-7.15
GOLDENTOBC,25.01,2026-07-02,-3.36,-2.08,2.08,15.25,-22.93,-29.05
GSEC5IETF,65.84,2026-07-02,-0.45,0.4,2.08,3.64,3.28,5.01
STEELXIND,12.39,2026-07-02,-1.67,-6.35,2.06,64.11,32.23,19.48
BBL,2804.5,2026-07-02,0.72,-3.28,2.06,24.18,1.62,-6.66
ABMKNO,213.29,2026-07-02,7.18,1.33,2.05,,,
GSEC10ABSL,112.01,2026-07-01,-0.31,0.37,2.04,2.57,2.04,2.7
MRPL,150.0,2026-07-02,0.54,-2.83,2.03,-17.65,1.23,6.19
ELM250,16.57,2026-07-02,1.22,-0.3,2.03,12.49,-2.82,
CINELINE,81.75,2026-07-02,6.21,3.26,2.02,1.35,-4.84,-6.3
SETF10GILT,264.19,2026-07-02,-0.18,0.7,2.02,4.07,1.68,2.45
IOC,141.62,2026-07-02,1.75,-1.91,2.01,5.58,-14.02,2.09
HUDCO,206.83,2026-07-02,-0.54,-2.16,2.01,23.13,-9.46,-9.14
LTGILTCASE,30.44,2026-07-02,0.1,1.0,2.01,3.68,2.46,
GALLANTT,679.9,2026-07-02,-0.83,-8.34,2.01,22.31,23.06,29.99
ZYDUSLIFE,1099.8,2026-07-02,-1.92,1.32,1.99,27.25,19.95,11.75
SRF,2799.4,2026-07-02,5.05,2.89,1.97,15.86,-8.33,-13.74
TCI,937.1,2026-07-02,0.17,-0.98,1.96,-9.89,-12.68,-16.07
GOYALALUM,6.83,2026-07-02,-1.44,-3.53,1.94,14.41,-5.01,-15.99
KUANTUM,76.02,2026-07-02,0.2,0.5,1.93,8.68,-18.56,-34.1
GROWWCHEM,29.71,2026-07-02,1.61,-0.97,1.92,15.87,,
TECHNOE,1086.2,2026-07-02,-0.1,-0.72,1.91,3.51,-2.26,-30.96
AERONEU,89.72,2026-07-02,-10.46,-4.72,1.91,12.73,19.71,-24.61
NIFTY100EW,34.8,2026-07-02,0.84,-2.25,1.9,14.06,0.87,4.63
GANDHITUBE,863.35,2026-07-02,1.05,1.07,1.9,7.16,9.17,23.18
PARKHOSPS,287.95,2026-07-02,-0.6,-0.45,1.88,46.03,92.31,
MOTHERSON,147.59,2026-07-02,-1.97,1.19,1.86,38.18,21.31,45.22
ARFIN,92.54,2026-07-02,11.13,-4.63,1.86,21.52,23.75,
VMM,121.45,2026-07-02,4.89,2.14,1.82,12.58,-10.67,-7.79
IRIS,267.15,2026-07-02,0.06,-3.57,1.81,16.89,-14.89,-20.36
PROPEQUITY,227.0,2026-07-01,3.21,-8.1,1.79,38.41,24.73,5.58
BEL,415.05,2026-07-02,0.84,-3.81,1.77,-1.55,3.39,-2.15
EQUAL50ADD,341.57,2026-07-02,0.86,0.24,1.75,9.46,-2.08,3.26
KOTARISUG,25.18,2026-07-02,1.7,-1.83,1.74,5.8,-8.44,-33.16
SHANTHALA,23.4,2026-07-01,1.3,6.36,1.74,-11.36,-29.84,-20.68
JETFREIGHT,22.27,2026-07-02,2.53,0.81,1.74,25.18,31.93,57.61
SUMEETINDS,29.83,2026-07-02,4.78,9.99,1.74,2.3,1.46,71.95
SRM,518.15,2026-07-02,2.19,0.4,1.73,24.02,-2.86,3.44
ADANIENSOL,1556.9,2026-07-02,4.74,1.14,1.72,65.35,47.17,77.16
PILANIINVS,4436.8,2026-07-02,2.04,0.07,1.72,0.64,-14.18,-19.43
CYIENTDLM,471.85,2026-07-02,2.3,-2.27,1.71,68.46,13.47,-0.76
SPIC,69.7,2026-07-02,3.09,-2.09,1.71,12.71,-17.04,-21.64
SURYALAXMI,58.43,2026-07-02,-4.39,-1.42,1.71,18.42,-0.03,-19.52
PREMIER,2.98,2026-07-02,-1.0,0.0,1.71,4.2,-0.67,-20.95
LAHOTIOV,43.03,2026-07-02,-1.1,-6.09,1.7,,,
OMAXE,78.16,2026-07-02,-7.24,0.08,1.69,6.86,-2.29,-21.15
SHANTIGEAR,447.7,2026-07-02,1.65,0.18,1.69,0.31,-3.9,-12.01
LAKPRE,5.46,2026-07-02,11.89,13.75,1.68,13.99,9.2,14.71
FOODSIN,57.83,2026-07-02,6.82,4.2,1.67,6.21,-15.87,-49.69
MOINFRA,62.86,2026-07-02,0.45,-1.47,1.67,10.65,2.41,3.39
CYBERTECH,145.93,2026-07-02,-0.85,-1.37,1.66,34.92,-1.53,-0.02
UTIAMC,944.9,2026-07-02,1.94,0.9,1.65,0.4,-16.21,-23.0
GKWLIMITED,1714.9,2026-07-02,-1.84,-6.8,1.65,17.46,-0.47,-4.53
TREEHOUSE,6.87,2026-07-02,4.09,-2.83,1.63,-11.7,-15.71,-12.48
SKYGOLD,568.85,2026-07-02,11.08,12.27,1.63,67.28,71.01,81.19
UYFINCORP,15.08,2026-07-02,7.79,4.58,1.62,16.36,7.25,-30.38
LGEINDIA,1567.9,2026-07-02,0.06,-2.43,1.62,18.89,5.7,
INDBANK,33.19,2026-07-02,-0.69,-1.83,1.62,4.9,-5.82,-5.74
JMFINANCIL,129.26,2026-07-02,4.58,0.37,1.61,9.23,-11.95,-18.31
ZSARACOM,9674.5,2026-07-02,1.84,3.69,1.61,,,
CHAMBLFERT,477.05,2026-07-02,0.59,-2.08,1.6,5.45,-0.59,-11.48
SBINEQWETF,33.19,2026-07-02,0.61,0.0,1.59,9.07,-2.27,3.04
MULTICAP,16.64,2026-07-02,1.46,0.18,1.59,13.82,-0.54,0.79
POLYCAB,9635.0,2026-07-02,-1.47,-3.87,1.57,40.75,24.14,43.04
AMJLAND,37.42,2026-07-02,0.48,-4.08,1.57,1.03,-27.16,-40.84
FIRSTCRY,226.29,2026-07-02,2.23,2.23,1.56,0.87,-21.92,-39.82
MCX,2923.2,2026-07-02,0.3,1.84,1.55,19.66,31.91,64.21
STEELCITY,79.02,2026-07-02,3.23,0.34,1.55,3.52,-12.09,-25.69
ICICIAMC,3360.4,2026-07-02,2.38,-1.65,1.55,18.6,27.39,
MANUFGBEES,160.3,2026-07-02,0.99,-0.76,1.55,13.11,2.6,
EMBASSY,444.28,2026-07-01,2.78,4.22,1.55,7.19,5.03,20.48
EQUAL50,330.4,2026-07-02,0.77,0.33,1.55,9.33,-2.46,3.09
SAROJA,33.0,2026-07-01,0.0,0.0,1.54,12.24,-17.5,-8.97
SURANASOL,27.28,2026-07-02,1.34,0.37,1.53,21.46,-2.12,-21.7
EICHERMOT,7250.0,2026-07-02,-2.37,-5.1,1.52,9.03,-1.15,28.34
MON50EQUAL,33.16,2026-07-02,1.94,-0.12,1.5,9.55,-2.07,3.43
BAJAJINDEF,251.5,2026-07-02,0.6,-0.28,1.49,6.63,-29.61,-51.99
SOLARINDS,18659.0,2026-07-02,4.84,1.18,1.48,42.34,51.26,10.22
MOHITIND,24.35,2026-07-02,-0.49,3.44,1.46,22.61,-16.15,-14.5
LT,4059.4,2026-07-02,-2.54,-3.38,1.46,13.45,-1.55,13.96
DELAPLEX,101.65,2026-07-01,1.45,-1.31,1.45,11.7,-21.93,-32.68
BIRLACORPN,981.3,2026-07-02,-0.64,-2.53,1.44,10.28,-11.54,-27.21
MFSL,1618.3,2026-07-02,1.05,-4.05,1.44,10.52,-3.15,-1.56
PFS,31.18,2026-07-02,-0.64,-0.86,1.43,17.7,-9.04,-25.07
AKCAPIT,1765.4,2026-07-02,-0.66,-1.64,1.41,,,
SAATVIKGL,453.65,2026-07-02,-1.89,-2.85,1.4,12.35,16.83,
DPWIRES,186.37,2026-07-02,-7.56,-0.93,1.4,33.45,-10.44,-20.89
TCL,99.3,2026-07-01,0.35,1.33,1.38,29.13,-1.24,-13.46
VAIBHAVGBL,236.5,2026-07-02,2.91,-1.37,1.38,26.38,0.72,2.81
BALKRISHNA,18.46,2026-07-02,-0.59,-3.95,1.37,31.86,-0.05,-13.5
SELMC,29.61,2026-07-02,1.3,-1.1,1.37,1.09,0.34,-14.79
EXXARO,6.66,2026-07-02,0.6,-3.76,1.37,4.88,-17.68,-31.34
SBIMIDMOM,62.99,2026-07-02,-0.43,-2.75,1.37,13.33,,
CANBK,126.64,2026-07-02,0.62,-6.07,1.35,2.97,-15.53,14.52
KTKBANK,267.55,2026-07-02,-0.39,-2.44,1.34,17.62,33.77,41.04
SHK,129.99,2026-07-02,-1.7,-7.06,1.33,7.59,-27.92,-43.52
GENUSPOWER,313.45,2026-07-02,-1.57,-2.99,1.33,34.25,4.34,-13.12
ROUTE,543.15,2026-07-02,4.9,0.58,1.32,18.28,-23.13,-45.55
GODAVARIB,278.6,2026-07-02,0.52,-5.5,1.31,-10.75,-6.92,12.25
INDIASHLTR,772.5,2026-07-02,0.74,-0.63,1.31,2.55,-4.58,-10.01
KHAITANLTD,132.5,2026-07-02,-1.79,3.39,1.3,33.74,27.39,7.89
MANOMAY,178.83,2026-07-02,-2.34,-5.42,1.3,-22.18,-13.08,7.85
GROWWLOVOL,10.23,2026-07-02,1.59,0.0,1.29,6.01,-5.78,0.4
VESUVIUS,473.9,2026-07-02,1.9,0.93,1.25,3.66,-1.28,-13.39
SPLPETRO,711.05,2026-07-02,-2.74,-8.23,1.25,-2.9,9.92,-14.07
MIDSMALL,50.93,2026-07-02,0.49,-2.04,1.25,15.28,5.86,-0.06
MURUDCERA,31.97,2026-07-02,-0.59,-2.65,1.23,18.8,-9.0,-23.72
DANGEE,3.28,2026-07-02,1.86,7.19,1.23,6.84,-12.53,-43.84
BLUESTARCO,1599.1,2026-07-02,-2.23,-3.94,1.23,4.63,-11.95,-8.5
TRF,236.71,2026-07-02,-0.14,1.82,1.22,0.0,-22.53,-38.41
ADVENTHTL,142.18,2026-07-02,0.23,-2.25,1.21,0.59,-39.63,
KFINTECH,869.05,2026-07-02,-0.03,-3.95,1.2,-3.88,-19.68,-33.77
MPSLTD,1872.9,2026-07-02,-0.58,3.99,1.18,12.87,-5.69,-30.62
LENSKART,530.4,2026-07-02,4.85,2.59,1.18,9.37,17.31,
WEIZMANIND,81.37,2026-07-02,-4.11,-7.1,1.17,14.17,-15.67,-34.13
RADIANTCMS,38.85,2026-07-02,-0.72,-3.31,1.17,1.07,-24.45,-35.53
MANYAVAR,407.65,2026-07-02,-1.04,-2.32,1.17,10.47,-29.67,-48.75
THEINVEST,100.06,2026-07-02,6.53,1.68,1.15,4.01,-14.45,-32.72
KRISHIVAL,403.9,2026-07-02,0.61,-0.2,1.15,25.69,14.99,4.69
AXISBPSETF,13.33,2026-04-29,0.0,0.23,1.14,1.76,2.54,5.88
MOMGF,159.01,2026-07-02,0.12,-0.64,1.13,12.52,2.51,10.18
MOMIDMTM,63.98,2026-07-02,-1.54,-4.59,1.11,13.74,0.69,-1.3
RCOM,0.91,2026-07-02,4.6,-2.15,1.11,10.98,-18.02,-42.04
BANKBARODA,260.25,2026-07-02,-4.6,-9.02,1.08,7.66,-11.93,10.54
APLAPOLLO,1788.3,2026-07-02,0.04,-3.59,1.08,-5.84,-7.43,2.95
MADHAVBAUG,183.25,2026-07-01,4.48,0.69,1.08,11.6,-35.6,9.76
JINDWORLD,30.16,2026-07-02,-0.53,-4.92,1.07,49.75,1.93,-41.11
BALUFORGE,470.15,2026-07-02,3.07,2.61,1.06,9.39,-21.17,-33.15
PGINVIT,93.77,2026-07-01,-0.01,-0.13,1.06,6.22,12.49,17.29
ITI,299.7,2026-07-02,1.22,-3.71,1.05,17.61,-3.96,-8.25
RILINFRA,38.45,2026-07-01,-7.13,-5.41,1.05,6.51,4.34,-7.13
RKFORGE,574.95,2026-07-02,2.92,-2.64,1.05,14.49,8.37,-13.02
STARPAPER,140.14,2026-07-02,2.55,1.16,1.05,9.31,-15.22,-18.78
EDUCOMP,0.98,2026-07-01,0.0,-1.01,1.03,5.38,-14.04,-50.0
HAVELLS,1186.7,2026-07-02,2.65,0.46,1.03,1.02,-16.92,-22.85
NIBL,30.49,2026-07-02,0.96,-1.01,1.03,11.48,-16.19,10.75
DCMSRIND,37.22,2026-07-02,-0.08,-3.3,1.03,1.44,-31.74,-77.38
NAUKRI,1026.15,2026-07-02,3.99,4.23,1.03,3.26,-24.81,-28.87
ANGELONE,346.15,2026-07-02,5.29,-2.44,1.02,43.72,47.3,20.73
GOKUL,41.67,2026-07-02,-0.64,-4.58,1.02,9.08,5.82,-7.87
BEWLTD,65.5,2026-07-01,6.16,-7.75,1.0,-9.03,-46.02,-61.61
HEXT,555.15,2026-07-02,6.88,11.35,1.0,27.41,-25.0,-34.84
OSWALSEEDS,11.16,2026-07-02,2.2,2.39,1.0,6.29,-37.02,-21.96
DYNAMATECH,10424.0,2026-07-02,4.87,-5.13,1.0,11.08,9.75,45.63
DCMNVL,156.55,2026-07-02,5.99,5.77,1.0,48.29,12.33,-12.04
AVROIND,10.33,2026-07-02,1.47,1.47,0.98,-8.56,-12.29,-41.56
RANASUG,12.47,2026-07-02,1.14,-3.86,0.97,3.14,-0.16,-22.93
INTELLECT,755.4,2026-07-02,3.89,0.43,0.96,14.82,-21.41,-33.46
BMETRICS,36.9,2026-07-01,2.5,2.36,0.96,-14.19,-15.66,-11.58
AARTIDRUGS,384.45,2026-07-02,2.95,2.14,0.96,9.0,-5.95,-20.08
DSFCL,24.29,2026-07-02,3.05,3.96,0.95,33.02,,
KRISHCA,174.9,2026-07-01,1.27,-1.21,0.95,17.42,-11.55,-35.92
MANAKSIA,58.95,2026-07-02,-0.89,1.08,0.94,25.27,-9.06,-20.67
DRAGARWQ,5078.0,2026-07-02,1.48,0.87,0.93,,,
MADHAV,36.65,2026-07-02,1.98,-4.41,0.91,14.0,-14.65,-20.55
JIOFIN,239.73,2026-07-02,1.28,-1.5,0.88,4.47,-20.54,-26.51
SCHAEFFLER,4107.0,2026-07-02,0.36,-4.94,0.87,10.0,6.88,2.56
GVT&D,4822.8,2026-07-02,-2.7,-12.22,0.87,26.18,55.89,102.33
PKTEA,786.9,2026-07-02,8.37,1.14,0.87,-2.2,-7.46,-0.26
UTTAMSUGAR,233.66,2026-07-02,2.16,-0.47,0.86,-5.65,-7.72,-20.2
PULZ,23.8,2026-07-01,-4.03,0.21,0.85,1.93,-26.54,-49.47
ESSARSHPNG,23.65,2026-07-02,2.12,-1.66,0.85,1.24,-13.59,-19.91
INDIANB,815.1,2026-07-02,0.05,-5.34,0.84,-4.25,-3.36,27.94
BLKASHYAP,54.84,2026-07-02,0.37,-2.11,0.83,21.76,2.5,-17.03
CHAVDA,90.9,2026-07-01,1.73,-1.2,0.83,2.13,-26.31,-31.14
ICICIGI,1761.0,2026-07-02,-0.4,-5.33,0.83,4.65,-10.45,-13.25
PPLPHARMA,168.29,2026-07-02,0.94,6.17,0.82,18.36,-5.71,-17.56
TOP10ADD,87.53,2026-07-02,-0.06,-0.76,0.82,2.54,-13.73,-12.48
MARC,85.75,2026-07-01,-6.44,6.59,0.82,41.38,48.61,
RKSWAMY,101.47,2026-07-02,3.85,2.33,0.8,26.05,-8.63,-45.1
DBREALTY,115.44,2026-07-02,3.56,-2.6,0.79,27.53,-4.24,-48.88
ELGIEQUIP,594.0,2026-07-02,-2.35,-3.3,0.79,23.83,22.78,12.28
SHREMINVIT,101.8,2026-07-01,0.1,0.39,0.79,3.27,10.27,12.6
KOLTEPATIL,369.8,2026-07-02,2.55,-1.88,0.79,20.77,-5.9,-23.16
KHAICHEM,53.95,2026-07-02,-2.85,-5.2,0.77,4.55,-31.11,-45.95
BALAJEE,29.27,2026-07-02,1.28,-1.58,0.76,19.76,-27.46,-37.67
MOLDTKPAC,712.45,2026-07-02,0.66,3.05,0.76,36.74,16.19,1.98
JSL,691.45,2026-07-02,1.21,-2.45,0.75,-3.67,-19.07,-1.35
KEYFINSERV,261.66,2026-07-02,8.3,3.53,0.75,11.58,-17.14,-3.22
APOLLOPIPE,482.35,2026-07-02,2.38,-2.17,0.73,10.9,66.47,9.57
SJVN,72.56,2026-07-02,1.07,-2.13,0.72,7.75,-11.26,-25.24
VARDMNPOLY,6.97,2026-07-02,2.95,-0.99,0.72,1.16,11.88,-42.16
GODIGIT,313.25,2026-07-02,-2.03,-1.48,0.72,-2.35,-9.56,-8.06
TIPSMUSIC,677.1,2026-07-02,8.47,3.84,0.71,28.12,23.88,4.25
EKC,118.63,2026-07-02,1.21,-5.99,0.7,11.17,1.23,-13.32
EBBETF0425,1290.83,2025-04-08,0.02,0.23,0.7,1.9,3.85,7.57
DVL,239.6,2026-07-02,1.91,-1.72,0.7,12.69,-14.26,-27.6
GOACARBON,392.95,2026-07-02,-0.29,-5.76,0.68,28.94,-7.4,-19.47
ARABIAN,67.95,2026-07-01,-0.07,2.95,0.67,1.49,-4.3,-17.13
SAFARI,1639.9,2026-07-02,3.36,-0.65,0.67,9.45,-24.38,-23.98
FACT,877.15,2026-07-02,0.87,-3.21,0.67,13.36,-3.4,-7.86
RADIOCITY,6.14,2026-07-02,0.49,-2.69,0.66,14.55,-9.57,-30.46
SEMAC,337.2,2026-07-02,-0.97,4.8,0.64,46.1,13.15,-35.57
SERVOTECH,101.56,2026-07-02,6.12,-1.24,0.64,47.44,26.98,-31.61
SETCO,16.03,2026-07-02,-2.79,-6.75,0.63,36.17,86.72,57.57
MEGATHERM,214.6,2026-07-01,3.8,3.3,0.63,11.6,-4.9,-38.1
SIDDHIKA,220.95,2026-07-01,1.35,6.74,0.61,7.26,11.51,11.68
BALMLAWRIE,182.26,2026-07-02,-0.36,-0.55,0.61,14.46,1.24,-9.33
VISHNUINFR,164.8,2026-07-01,1.73,2.33,0.58,22.12,-8.95,-0.81
APOLLO,439.55,2026-07-02,7.96,3.48,0.58,122.97,61.66,130.9
BIOCON,418.6,2026-07-02,0.93,-0.47,0.55,18.88,6.66,13.87
AHLWEST,582.9,2026-07-02,-0.69,-7.45,0.53,304.37,304.37,304.37
ALUWIND,47.75,2026-07-01,1.6,-4.4,0.53,-13.18,-32.75,-43.49
GLENMARK,2196.0,2026-07-02,0.43,0.19,0.52,4.98,6.37,24.37
KOHINOOR,25.2,2026-07-02,-0.24,-2.17,0.52,19.09,-6.04,-30.67
METROPOLIS,544.3,2026-07-02,3.91,0.7,0.52,29.31,12.84,26.68
JAICORPLTD,115.58,2026-07-02,1.62,-4.85,0.51,20.12,-12.62,7.99
DELPHIFX,8.11,2026-07-02,-1.34,-4.14,0.5,-12.04,-48.06,-33.14
ARVSMART,597.5,2026-07-02,0.23,-2.4,0.5,13.15,0.54,-10.64
MUFTI,89.48,2026-07-02,2.96,-1.74,0.49,23.8,-10.69,-44.89
KANCHI,365.45,2026-07-02,-0.14,-8.56,0.49,,,
GILT5BETA,65.41,2026-07-02,-1.74,-0.34,0.49,1.24,3.45,4.14
MIDQ50ADD,247.99,2026-07-02,0.58,-1.71,0.49,13.48,-0.28,-2.84
MASKINVEST,151.21,2026-07-02,3.18,-4.72,0.48,20.44,0.14,-1.27
MANAKALUCO,35.59,2026-07-02,-0.84,-7.77,0.48,51.83,18.12,39.34
SHAREINDIA,139.0,2026-07-02,3.42,-0.53,0.47,7.51,-15.34,-21.87
SINCLAIR,75.36,2026-07-02,-0.55,-4.58,0.45,-1.0,-9.14,-23.59
SYSTMTXC,65.02,2026-07-02,3.14,-2.93,0.43,3.39,-54.15,
GANGAFORGE,2.36,2026-07-02,23.79,-12.27,0.43,-11.28,-36.04,-34.63
MOQUALITY,202.11,2026-07-02,2.0,-1.16,0.42,6.37,1.04,1.88
CASHIETF,1068.98,2026-07-02,0.04,0.14,0.41,1.18,2.39,5.08
AONELIQUID,1066.32,2026-07-02,0.04,0.14,0.41,1.18,2.39,5.07
LIQUIDCASE,114.8,2026-07-02,0.03,0.14,0.41,1.16,2.37,5.04
HDFCLIQUID,1067.46,2026-07-02,0.04,0.14,0.41,1.18,2.36,6.5
LIQUID1,1111.56,2026-07-02,0.04,0.14,0.41,1.19,2.41,5.12
ELIQUID,1037.49,2026-07-02,0.04,0.14,0.41,1.19,2.41,
LIQUIDPLUS,1092.46,2026-07-02,0.04,0.14,0.41,1.19,2.4,5.11
LIQUIDBETF,1088.4,2026-07-02,0.04,0.14,0.4,1.15,2.32,4.94
TAALTECH,3622.5,2026-07-02,15.18,5.81,0.4,,,
SBILIQETF,1045.56,2026-07-02,0.04,0.14,0.4,1.16,2.38,
CASTROLIND,184.45,2026-07-02,-0.35,-0.99,0.4,3.67,-0.9,-14.53
UGARSUGAR,40.34,2026-07-02,-1.1,1.71,0.4,1.61,-3.31,-20.28
LIQUIDADD,1133.71,2026-07-02,0.04,0.14,0.4,1.16,2.36,5.01
LIQUIDSHRI,1111.14,2026-07-02,0.04,0.13,0.39,1.1,2.27,4.85
LIQGRWBEES,1045.84,2026-07-02,0.04,0.13,0.39,1.12,2.27,
PROTEAN,601.55,2026-07-02,1.76,-1.71,0.38,22.83,-21.76,-28.7
GROWWLIQID,109.72,2026-07-02,0.04,0.13,0.38,1.11,2.25,4.81
AZAD,2074.0,2026-07-02,4.54,-0.4,0.38,34.15,25.48,25.12
SUVIDHAA,2.69,2026-07-02,-1.47,-3.58,0.37,9.8,-26.9,-31.2
MMWL,13.54,2026-07-02,1.96,2.03,0.37,,,
SANOFICONR,4616.4,2026-07-02,0.18,-2.19,0.35,2.39,1.99,-11.87
KITEX,161.43,2026-07-02,3.54,-0.15,0.34,3.67,-11.63,-40.61
GREENPANEL,190.29,2026-07-02,-1.06,1.2,0.34,4.61,-17.55,-31.8
MOKSH,11.74,2026-07-02,-5.32,-0.84,0.34,29.72,-19.09,-17.61
BUTTERFLY,653.2,2026-07-02,1.52,-0.23,0.33,7.99,1.56,-9.67
REFRACTORY,30.5,2026-07-01,-0.16,-1.61,0.33,1.5,-44.65,-53.68
MOL,47.46,2026-07-02,-1.66,-6.48,0.32,5.61,-26.68,-52.99
ICICIB22,118.95,2026-07-02,-0.03,-1.89,0.32,2.69,-0.13,7.89
ABCOTS,219.72,2026-07-02,-1.48,-10.25,0.32,-45.61,-46.7,-48.23
SHEETAL,295.95,2026-07-01,-0.19,-0.19,0.32,27.51,78.44,140.47
KARURVYSYA,293.95,2026-07-02,-1.64,-0.59,0.31,7.81,7.87,30.48
REGENCERAM,41.87,2026-07-02,-0.05,0.24,0.31,2.12,-11.07,-4.36
QUINT,40.0,2026-07-02,-1.28,-8.61,0.3,,,
KEI,5276.5,2026-07-02,-3.22,-6.78,0.29,30.35,16.63,40.35
SCI,303.55,2026-07-02,-1.22,-5.96,0.28,32.82,30.83,42.97
ANIKINDS,44.62,2026-07-02,0.27,-4.37,0.27,20.63,-13.86,-60.15
SARVESHWAR,3.72,2026-07-02,-0.8,-5.58,0.27,6.29,-21.35,-50.6
SNXT30BEES,42.11,2026-07-02,1.13,-0.94,0.26,11.02,2.11,6.88
CROMPTON,274.15,2026-07-02,0.24,-0.76,0.26,18.21,8.75,-20.31
IVC,8.14,2026-07-02,-0.12,-4.46,0.25,15.95,0.25,-0.79
GUJTHEM,396.0,2026-07-02,3.07,-1.57,0.25,57.57,-9.01,13.99
SJLOGISTIC,327.5,2026-07-01,-0.97,-5.59,0.24,21.36,-10.59,-28.7
ALMONDZ,13.17,2026-07-02,3.21,0.61,0.23,10.95,-29.5,-46.66
VISHNU,628.15,2026-07-02,4.14,-0.51,0.23,23.86,12.19,18.84
SADHAV,112.75,2026-07-01,0.22,-0.66,0.22,9.95,8.41,10.49
AARTISURF,381.1,2026-07-02,2.86,1.49,0.22,4.77,-1.66,-31.89
JUBLFOOD,431.6,2026-07-02,3.33,-0.42,0.21,-3.35,-21.95,-38.99
ATMASTCO,169.45,2026-07-01,-0.64,-7.07,0.21,41.5,27.12,-27.72
ORIENTCER,40.76,2026-07-02,2.44,1.29,0.2,6.7,-25.99,12.84
DALBHARAT,1747.9,2026-07-02,2.79,2.45,0.19,-2.3,-18.35,-20.89
GLFL,6.01,2026-07-02,-5.65,-12.77,0.17,56.1,5.81,-3.84
NILASPACES,12.86,2026-07-02,1.58,-0.85,0.16,-3.74,-20.12,7.98
SATIA,56.08,2026-07-02,3.87,-0.58,0.16,-2.23,-16.41,-38.27
SHRIRAMPPS,88.7,2026-07-02,1.79,-3.22,0.15,31.19,5.36,-11.14
NGIL,41.81,2026-07-02,10.17,11.49,0.14,62.24,39.55,43.97
MTNL,30.44,2026-07-02,2.56,-4.9,0.13,24.09,-17.22,-40.57
IIFLCAPS,338.6,2026-07-02,0.28,-2.01,0.13,29.71,-9.55,0.03
GROWWPSE,101.13,2026-07-02,0.94,-1.81,0.13,3.63,,
FINPIPE,176.31,2026-07-02,1.03,-1.63,0.13,10.83,-1.23,-15.91
KNRCON,132.13,2026-07-02,-0.87,-5.16,0.11,9.13,-17.95,-39.48
WILLAMAGOR,26.51,2026-07-02,3.27,-0.6,0.11,7.68,-14.48,-24.49
VMSTMT,46.46,2026-07-02,6.1,2.24,0.09,21.43,-15.39,
SYNGENE,439.9,2026-07-02,1.32,-0.51,0.07,12.8,-33.0,-30.94
ASIANENE,347.05,2026-07-02,-5.09,-7.28,0.07,34.46,20.46,19.58
TATAINVEST,667.55,2026-07-02,0.18,-3.24,0.07,14.97,-4.65,-1.67
VASWANI,55.33,2026-07-02,1.36,-0.79,0.07,5.55,-7.88,23.59
MAGSON,170.1,2026-07-01,0.06,1.25,0.06,14.31,37.18,21.67
3IINFOLTD,17.41,2026-07-02,0.99,-0.06,0.06,17.4,3.02,-29.71
ASTAR,627.3,2026-07-02,1.18,1.18,0.05,,,
CENTEXT,19.35,2026-07-02,0.94,-4.44,0.05,6.2,-14.49,-18.87
TAJGVK,340.65,2026-07-02,4.29,-0.47,0.04,7.73,-19.02,-13.37
KANSAINER,212.56,2026-07-02,3.74,-0.12,0.04,20.43,-10.78,-13.43
PURVA,215.2,2026-07-02,0.35,-1.14,0.04,21.73,-10.42,-23.21
IRBINVIT,60.49,2026-07-01,-0.48,-1.11,0.03,3.35,2.03,10.39
ONEPOINT,58.79,2026-07-02,3.0,0.89,0.02,28.81,8.69,15.71
MATRIMONY,415.0,2026-07-02,4.57,6.42,0.02,-3.82,-24.59,-20.83
AGARWALEYE,476.6,2026-07-02,0.52,0.92,0.01,14.29,-5.05,17.0
NFL,75.3,2026-07-02,1.16,-3.91,0.01,8.56,-17.85,-23.23
VIKASLIFE,1.48,2026-07-02,3.5,0.0,0.0,15.63,-23.32,-42.64
PODDARHOUS,43.37,2026-07-01,0.0,0.0,0.0,0.0,0.0,0.0
JINDCOT,2.5,2024-11-08,0.0,0.0,0.0,0.0,0.0,0.0
SAHAJ,3.85,2026-07-01,0.0,0.0,0.0,0.0,-34.19,-65.32
LIQUID,999.99,2026-07-02,0.0,0.0,0.0,0.0,1.15,3.67
LIQUIDBEES,1000.0,2026-07-02,0.0,0.0,0.0,0.0,0.0,0.99
JAKHARIA,60.5,2026-07-01,0.0,0.0,0.0,0.0,0.0,-30.1
BRIGHT,2.8,2026-07-01,0.0,0.0,0.0,0.0,0.0,0.0
GANGOTRI,0.61,2026-07-01,0.0,0.0,0.0,0.0,0.0,-8.96
SUULD,1.57,2026-07-01,0.0,0.0,0.0,0.0,0.0,-42.49
SRIRAM,10.1,2026-07-01,0.0,0.0,0.0,0.0,0.0,0.0
APLAB,32.5,2026-06-26,0.0,0.0,0.0,0.0,0.0,0.0
ISHAN,0.6,2026-07-01,0.0,-7.69,0.0,0.0,-25.0,-42.86
RMCL,200.0,2026-07-01,0.0,0.0,0.0,0.0,0.0,0.0
SIIL,26.0,2026-06-26,0.0,0.0,0.0,0.0,0.0,0.0
ANDREWYU,31.35,2023-12-06,0.0,0.0,0.0,-0.32,29.31,21.31
BLUECHIP,2.33,2026-07-01,0.0,-1.69,0.0,-5.28,-24.6,-54.4
INDLMETER,23.69,2026-07-01,0.0,0.0,0.0,0.0,0.0,0.0
BKMINDST,45.0,2026-07-01,0.0,0.0,0.0,0.0,0.0,0.0
ASTRON,3.95,2026-07-02,1.8,-1.5,0.0,8.82,-34.39,-76.43
KALYANI,138.09,2026-07-01,0.0,0.0,0.0,0.0,0.0,
AGUL,63.9,2026-07-01,0.0,0.0,0.0,-7.79,-7.32,24.68
REXPIPES,174.25,2026-07-01,0.0,0.0,0.0,-10.64,16.13,44.31
DBOL,112.72,2026-07-02,-1.61,-1.64,0.0,-0.84,40.44,37.91
DESTINY,105.9,2026-07-01,0.0,0.0,0.0,-14.22,-5.74,12.66
AHIMSA,24.7,2026-07-01,0.0,0.0,0.0,0.0,-1.2,11.76
GOENKA,0.82,2026-07-01,0.0,0.0,0.0,0.0,0.0,-9.89
ABSLLIQUID,1000.0,2026-07-02,0.0,0.0,0.0,0.51,1.28,2.99
AJRINFRA,0.7,2026-07-01,0.0,0.0,0.0,0.0,0.0,0.0
SECURCRED,1.56,2026-07-01,0.0,0.0,0.0,0.0,0.0,0.0
LIQUIDIETF,999.99,2026-07-02,0.0,0.0,0.0,0.0,0.0,0.0
LIQUIDSBI,1000.0,2026-07-02,-0.0,0.0,0.0,0.0,1.14,3.1
LIQUIDETF,1000.0,2026-07-02,0.0,0.0,0.0,0.0,1.13,3.34
FIVECORE,31.7,2026-06-26,0.0,0.0,0.0,0.0,0.0,0.0
VERA,69.0,2026-07-01,0.0,0.0,0.0,0.0,-1.29,1.47
WATERBASE,74.9,2023-12-06,0.0,0.0,0.0,-13.41,-1.45,-5.79
MARSHALL,3.64,2026-07-01,0.0,0.0,0.0,0.0,0.0,-64.86
MBECL,65.4,2026-07-01,0.0,0.0,0.0,0.0,0.0,0.0
MELSTAR,4.25,2026-07-01,0.0,0.0,0.0,0.0,0.0,0.0
IBLFL,60.0,2026-07-01,0.0,9.59,0.0,29.03,1.52,-5.96
KTL,4.85,2026-07-01,0.0,0.0,0.0,0.0,0.0,-40.49
OMKARCHEM,3.41,2026-07-01,0.0,0.0,0.0,-11.43,-42.69,-46.13
DHARAN,0.15,2026-07-02,0.0,-6.25,0.0,15.38,-31.82,-66.67
DSKULKARNI,13.55,2026-07-01,0.0,0.0,0.0,0.0,0.0,0.0
AONETMMQ50,10.15,2026-07-02,-0.29,-3.06,0.0,12.78,4.64,
SHAIVAL,33.0,2026-07-01,0.0,0.0,0.0,0.0,8.2,8.2
TECHIN,14.0,2026-07-01,0.0,0.0,0.0,0.0,0.0,0.0
MINDPOOL,71.1,2026-07-01,0.0,0.0,0.0,0.0,0.0,5.65
HERCULES,159.32,2026-07-01,0.0,0.0,0.0,0.0,0.0,-20.7
PERFECT,8.1,2026-07-01,0.0,0.0,0.0,0.0,0.0,-28.0
ALPSINDUS,34.3,2026-07-01,0.0,0.0,0.0,0.0,0.0,34.51
AVSL,119.7,2026-07-01,0.0,0.0,0.0,0.0,-5.0,-7.35
OPAL,43.0,2026-06-26,0.0,0.0,0.0,0.0,0.0,0.0
RHFL,2.16,2026-07-02,1.89,-0.92,0.0,-11.84,-25.26,-62.76
INNOVANA,332.0,2026-07-02,3.07,5.26,0.0,-6.21,-21.06,-42.18
APTECHT,104.18,2026-07-02,0.75,-3.88,0.0,41.19,15.47,-30.26
SUMMITSEC,1539.8,2026-07-02,2.41,-2.04,-0.01,3.46,-20.17,-25.48
ALBERTDAVD,715.3,2026-07-02,2.52,0.6,-0.02,9.27,-4.97,-19.65
KSOLVES,286.4,2026-07-02,0.81,-2.42,-0.02,0.22,0.57,-13.3
ABFRL,61.88,2026-07-02,5.24,1.91,-0.03,7.32,-20.83,-20.55
AARON,117.57,2026-07-02,0.16,-2.11,-0.03,-13.47,-33.39,-38.24
AFSL,201.15,2026-07-02,0.05,0.07,-0.03,0.06,-0.63,-18.18
JAINAM,250.0,2026-07-01,-1.96,-1.96,-0.04,43.68,6.38,-11.96
NCC,150.58,2026-07-02,0.43,-5.62,-0.04,6.26,-6.76,-32.57
SAKAR,834.2,2026-07-02,0.21,1.89,-0.05,61.89,105.19,138.72
DIGITIDE,88.6,2026-07-02,4.22,0.8,-0.05,14.99,-33.63,-59.39
SUDARSCHEM,896.75,2026-07-02,1.89,-1.09,-0.06,17.65,-6.59,-28.21
TOUCHWOOD,70.0,2026-07-02,-0.98,-5.55,-0.06,4.93,-33.8,-39.9
NILKAMAL,1293.8,2026-07-02,2.3,0.4,-0.08,5.66,-8.01,-26.6
CHEVIOT,1121.0,2026-07-02,0.2,-0.67,-0.09,15.76,4.42,-7.28
OILIETF,11.29,2026-07-02,0.89,-1.31,-0.09,2.73,-9.9,-5.21
AXISCADES,1680.6,2026-07-02,-1.09,-10.51,-0.1,3.18,22.33,17.96
SAGCEM,180.17,2026-07-02,2.7,4.62,-0.1,9.78,-17.41,-27.47
SDL26BEES,136.94,2026-04-27,-0.44,-0.33,-0.1,1.29,2.15,5.7
RAILTEL,315.65,2026-07-02,3.09,-2.43,-0.11,19.77,-15.79,-24.72
ORKLAINDIA,618.9,2026-07-02,0.33,1.55,-0.11,2.49,-2.6,
GOCLCORP,400.3,2026-07-02,-0.76,-10.11,-0.12,47.03,36.78,14.21
GROBTEA,902.6,2026-07-02,-1.36,-1.91,-0.13,5.57,-9.65,-22.36
TRANSWORLD,164.43,2026-07-02,0.43,-5.17,-0.13,23.87,-17.43,-40.99
MANGALAM,28.25,2026-07-02,-0.56,-5.86,-0.14,-4.4,-6.83,-65.99
NEXT30ADD,42.17,2026-07-02,1.03,-2.95,-0.14,11.35,1.81,6.76
PVRINOX,985.4,2026-07-02,2.5,0.64,-0.15,4.56,-4.35,2.64
SBICARD,604.55,2026-07-02,0.44,-3.7,-0.16,-5.27,-30.74,-33.56
HEROMOTOCO,4867.1,2026-07-02,1.11,-2.34,-0.16,-2.88,-16.37,18.69
HEMIPROP,140.1,2026-07-02,1.15,0.87,-0.17,18.79,1.57,1.39
LAXMIINDIA,108.5,2026-07-02,9.12,1.83,-0.18,35.57,-14.8,
SYMPHONY,691.45,2026-07-02,0.12,-1.81,-0.18,-5.06,-24.35,-36.83
NBIFIN,1865.1,2026-07-02,-2.99,-0.27,-0.19,11.78,-16.47,-37.15
SCML,76.85,2026-07-01,0.0,-0.26,-0.19,-44.31,-44.71,-0.13
JUBLPHARMA,973.2,2026-07-02,1.99,1.75,-0.19,15.95,-7.79,-18.4
TTML,43.07,2026-07-02,2.52,-3.56,-0.19,18.45,-13.5,-34.64
CENTURYPLY,755.5,2026-07-02,1.97,-0.24,-0.19,4.55,-8.32,2.39
VENTIVE,632.95,2026-07-02,0.66,-2.47,-0.19,10.22,-15.4,-7.77
VISHWAS,50.2,2026-07-01,-4.83,-3.28,-0.2,41.41,13.19,-19.03
HARIOMPIPE,398.0,2026-07-02,2.09,-5.6,-0.21,27.38,0.63,0.38
ADROITINFO,9.01,2026-07-02,1.01,-2.07,-0.22,0.33,-11.06,-18.09
AKG,11.23,2026-07-02,4.56,-0.27,-0.27,8.71,-10.59,-19.67
WOMANCART,108.1,2026-07-01,0.6,-1.19,-0.28,-25.88,-60.56,-52.65
IGIL,361.35,2026-07-02,3.15,0.78,-0.29,12.8,8.83,0.41
TREJHARA,143.93,2026-07-02,2.03,-1.83,-0.3,-0.79,-38.19,-39.46
ARVINDFASN,474.6,2026-07-02,2.05,-0.92,-0.3,8.41,-7.04,0.7
CSLFINANCE,227.05,2026-07-02,-1.05,0.34,-0.3,-7.13,-23.67,-32.48
PROSTARM,137.43,2026-07-02,0.58,-3.35,-0.33,9.6,-23.59,-7.99
INDIACEM,382.75,2026-07-02,1.35,1.3,-0.33,6.63,-14.07,9.75
KAYNES,3158.5,2026-07-02,0.25,-3.81,-0.33,-10.73,-20.58,-49.76
DNAMEDIA,2.89,2026-07-02,6.25,1.76,-0.34,4.33,-24.74,-40.9
LMW,15786.0,2026-07-02,-1.17,-5.41,-0.36,28.23,5.56,-6.15
NV20IETF,13.74,2026-07-02,0.0,-0.65,-0.36,1.33,-9.49,-6.15
INDTERRAIN,32.87,2026-07-02,-0.45,-0.39,-0.36,14.01,-5.82,-14.33
ACI,531.7,2026-07-02,1.99,-0.34,-0.37,-8.51,-5.06,-13.73
NDLVENTURE,133.04,2026-07-02,2.22,0.29,-0.37,7.98,48.0,102.8
METROBRAND,1023.8,2026-07-02,-0.19,-1.94,-0.37,9.12,-13.0,-9.16
FELDVR,2.59,2026-07-02,8.82,-0.38,-0.38,-0.38,-16.99,-32.9
GILLANDERS,91.23,2026-07-02,-1.67,2.32,-0.38,6.63,-13.11,-33.82
RELIANCE,1303.5,2026-07-02,0.19,-1.73,-0.39,-3.03,-17.76,-13.43
ARE&M,862.75,2026-07-02,4.91,0.65,-0.39,18.51,-7.06,-8.7
HITECH,85.99,2026-07-02,-4.93,-9.08,-0.39,11.5,-9.38,-13.32
KIOCL,386.55,2026-07-02,-1.15,-5.22,-0.4,12.8,-4.03,30.9
REDTAPE,137.42,2026-07-02,1.97,1.27,-0.41,20.28,10.63,7.33
BIMETAL,648.8,2026-07-02,0.72,2.1,-0.44,,,
MON100,335.9,2026-07-02,3.6,-0.01,-0.44,40.27,43.0,76.6
ORIENTCEM,136.42,2026-07-02,1.97,-0.08,-0.45,3.67,-21.18,-43.07
DIGJAMLMTD,44.68,2026-07-02,-4.69,0.09,-0.45,13.34,-19.26,17.61
SUKHJITS,174.83,2026-07-02,0.64,-1.59,-0.45,9.77,-5.58,-1.96
HEIDELBERG,154.17,2026-07-02,0.63,-0.42,-0.45,5.47,-12.23,-25.77
SHREEOSFM,54.55,2026-07-01,0.55,-16.27,-0.46,-22.68,-30.29,-49.58
SHERA,163.0,2026-07-01,-0.46,-2.69,-0.46,52.27,25.34,13.0
MADHAVIPL,8.55,2026-07-02,0.23,-5.21,-0.47,,,
BAJEL,193.08,2026-07-02,0.37,-6.99,-0.48,26.77,10.64,-16.48
LLOYDSME,1811.9,2026-07-02,0.34,1.47,-0.48,30.59,34.41,18.88
CPS,1029.95,2026-07-01,-5.0,1.04,-0.49,7.29,-10.75,41.09
DHANBANK,33.55,2026-07-02,6.2,-3.29,-0.5,47.67,34.42,9.89
FIEMIND,2261.7,2026-07-02,0.75,-2.12,-0.51,13.92,-3.11,19.38
CAPILLARY,508.15,2026-07-02,-0.25,2.43,-0.51,3.05,-24.52,
NATCOPHARM,934.5,2026-07-02,1.63,5.68,-0.51,-9.06,4.82,1.95
ORCHASP,1.94,2026-07-02,-2.02,6.01,-0.51,-3.0,-37.22,-36.18
MODIS,333.65,2026-07-02,-1.16,-3.65,-0.52,12.08,-1.59,
MAJESAUT,326.85,2026-07-02,-1.76,-4.3,-0.52,,,
WEBELSOLAR,105.92,2026-07-02,6.45,-0.09,-0.52,38.71,19.71,-20.02
DIGIDRIVE,18.84,2026-07-02,3.57,-0.63,-0.53,2.45,-28.56,-40.66
TGBHOTELS,8.98,2026-07-02,-0.77,-0.99,-0.55,10.46,-6.36,-26.15
GANGESSECU,119.93,2026-07-02,0.03,-1.31,-0.56,7.0,-11.54,-29.61
VEEKAYEM,133.0,2026-07-01,9.2,1.45,-0.56,4.64,-9.34,-45.33
ATAM,69.9,2026-07-02,0.78,-2.29,-0.57,34.73,-15.35,-34.84
SUNTV,514.9,2026-07-02,0.24,-1.87,-0.58,-13.51,-11.1,-10.82
ZEAL,68.6,2026-07-01,0.88,1.18,-0.58,3.94,-26.59,-49.69
MOPSE,101.68,2026-07-02,0.65,-2.23,-0.58,4.03,-0.88,1.36
HTMEDIA,22.02,2026-07-02,-1.39,-3.97,-0.59,5.16,-8.14,4.96
ATGL,733.45,2026-07-02,0.25,0.01,-0.6,41.08,24.86,10.63
BANDHANBNK,205.1,2026-07-02,1.37,-1.55,-0.6,40.15,41.98,10.16
ENFUSE,163.65,2026-07-01,-0.12,2.25,-0.61,-9.06,-26.28,-33.74
GANECOS,919.15,2026-07-02,1.83,-0.21,-0.63,-17.2,7.97,-37.67
BALAJITELE,90.0,2026-07-02,3.91,2.79,-0.64,7.0,-16.12,-1.03
TIINDIA,3090.6,2026-07-02,2.26,-6.57,-0.65,20.38,19.08,3.33
IRB,21.42,2026-07-02,-0.97,-1.29,-0.65,-1.52,0.47,-13.04
SINDHUTRAD,26.18,2026-07-02,6.12,3.93,-0.65,19.0,30.18,-6.43
JOCIL,148.01,2026-07-02,2.08,-0.76,-0.66,44.32,2.44,-10.45
VSTL,114.31,2026-07-02,-0.82,-2.72,-0.66,5.23,-16.34,-26.35
CHENNPETRO,1134.1,2026-07-02,-1.71,1.58,-0.66,9.87,38.19,64.34
SUDARCOLOR,359.6,2026-07-02,1.2,-0.69,-0.66,16.55,-24.58,-38.7
GROWWPOWER,12.12,2026-07-02,-0.74,-3.19,-0.66,19.17,,
THERMAX,4917.0,2026-07-02,-3.68,1.49,-0.67,49.78,63.13,45.25
NV20BEES,141.13,2026-07-02,0.13,-0.31,-0.68,1.75,-9.24,48.21
TIJARIA,4.33,2026-07-02,-1.81,-9.98,-0.69,7.18,0.0,-56.22
DUCOL,107.25,2026-07-01,1.18,2.93,-0.69,10.0,-32.91,-10.4
DHANUKA,1088.6,2026-07-02,3.18,1.56,-0.69,13.05,-7.64,-37.14
GMMPFAUDLR,771.45,2026-07-02,-2.69,-6.4,-0.7,-9.34,-29.44,-36.53
HPAL,35.65,2026-07-02,1.22,-4.12,-0.7,13.32,-16.49,-29.61
FLEXIADD,9.76,2026-07-02,1.24,-0.61,-0.71,5.06,-8.18,
SHIVATEX,146.07,2026-07-02,-1.79,-3.37,-0.71,4.02,-21.22,-27.59
HDFCVALUE,126.57,2026-07-02,0.01,-0.74,-0.71,1.5,-9.77,-6.22
TOKYOPLAST,85.52,2026-07-02,-1.13,1.2,-0.72,28.6,-23.62,-34.52
EMULTIMQ,41.79,2026-07-02,1.53,-2.86,-0.74,10.41,0.29,-4.33
KLBRENG-B,492.3,2026-07-02,0.93,-0.96,-0.74,,,
SVPGLOB,3.96,2026-07-02,2.06,-1.98,-0.75,65.69,1.28,22.98
CLEAN,777.3,2026-07-02,1.24,-5.33,-0.75,9.43,-10.41,-46.23
ABSLPSE,10.39,2026-07-02,0.39,-1.89,-0.76,3.9,-0.19,1.66
JMA,87.33,2026-07-02,-3.87,-5.57,-0.76,8.19,9.6,-8.47
SINGERIND,69.29,2026-07-02,-4.74,-3.36,-0.76,-0.92,,
PDMJEPAPER,83.77,2026-07-02,1.56,-0.45,-0.76,15.51,-14.23,-27.5
EXCELINDUS,903.3,2026-07-02,0.0,-1.7,-0.76,2.6,-5.19,-27.76
INDGN,514.45,2026-07-02,-0.46,-4.99,-0.77,8.86,-1.55,-9.75
KCK,12.7,2026-07-01,-3.42,-4.87,-0.78,-1.93,-50.29,-70.77
MAHSEAMLES,605.05,2026-07-02,-2.32,-5.85,-0.78,2.83,8.22,-18.61
AVONMORE,10.24,2026-07-02,0.69,-5.97,-0.78,-5.71,-45.09,-46.58
DBEIL,8.07,2026-07-02,-3.0,-9.93,-0.79,33.48,-31.8,-42.54
RACE,113.43,2026-07-02,1.48,0.23,-0.79,-5.64,-19.17,-52.84
DALMIASUG,335.65,2026-07-02,2.9,-0.61,-0.8,-9.31,14.53,-13.78
ABLBL,98.29,2026-07-02,1.98,-0.24,-0.8,5.16,-21.48,-37.25
KALYANIFRG,600.1,2026-07-02,-1.12,-3.12,-0.81,2.56,-5.35,-17.93
NOVARTIND,1453.6,2026-07-02,0.94,-2.55,-0.81,116.23,116.23,116.23
WOCKPHARMA,1950.0,2026-07-02,0.02,-3.17,-0.82,53.36,38.67,14.86
ACC,1350.7,2026-07-02,1.3,0.07,-0.83,2.46,-22.32,-29.95
TBI,66.05,2026-07-01,4.02,0.84,-0.83,6.88,-24.12,-46.67
HATSUN,915.1,2026-07-02,-1.26,-0.38,-0.84,2.54,-5.21,-1.83
KOTIC,156.71,2026-07-02,-3.41,-5.1,-0.84,,,
SAGILITY,41.25,2026-07-02,4.67,3.05,-0.84,-1.15,-22.13,-5.56
CHEMPLASTS,212.69,2026-07-02,6.23,1.72,-0.85,-17.03,-19.98,-50.51
HDFCQUAL,56.99,2026-07-02,1.55,-1.21,-0.85,6.56,-5.88,-1.93
RADHIKAJWE,56.42,2026-07-02,3.71,-0.41,-0.86,-0.32,-24.66,-33.65
ALPA,69.09,2026-07-02,1.57,2.23,-0.88,33.51,-11.47,-33.94
NDTV,81.52,2026-07-02,1.43,-1.59,-0.88,17.48,-18.71,-47.35
DAMODARIND,30.52,2026-07-02,1.4,-1.55,-0.88,43.22,1.43,-21.52
VAL30IETF,15.5,2026-07-02,0.65,-1.9,-0.9,6.09,1.31,16.02
JAYKAY,176.2,2026-07-02,1.54,-6.3,-0.91,26.05,-7.78,
MWL,377.05,2026-07-02,2.2,0.21,-0.91,43.97,38.34,133.03
ENDURANCE,2663.0,2026-07-02,-0.01,-0.74,-0.91,18.26,4.83,-6.72
BVCL,41.31,2026-07-02,-0.77,0.02,-0.91,14.02,-4.44,9.58
ALLDIGI,822.1,2026-07-02,2.54,1.8,-0.92,5.21,1.33,-5.63
SWANCORP,312.4,2026-07-02,0.27,-4.38,-0.92,-0.56,-32.51,-29.04
NECLIFE,11.9,2026-07-02,1.97,0.68,-0.92,18.53,-40.85,-47.78
SUPREME,46.76,2026-07-02,-0.53,0.11,-0.93,-5.99,-34.87,-42.76
DATAMATICS,826.95,2026-07-02,5.07,2.47,-0.93,17.23,2.62,32.92
AMEYA,107.0,2026-07-01,0.94,2.98,-0.93,10.31,7.05,-5.69
SILINV,422.5,2026-07-02,0.07,-1.13,-0.95,5.16,-18.44,-29.06
NAHARPOLY,254.35,2026-07-02,1.72,0.87,-0.95,9.61,6.73,-28.43
THAKDEV,128.9,2026-07-01,4.8,2.11,-0.96,,,
VSTTILLERS,4569.4,2026-07-02,2.64,0.07,-0.96,-8.32,-25.45,16.41
SBILIFE,1784.4,2026-07-02,1.65,-1.17,-0.96,0.59,-13.57,-3.77
FRONTSP,1515.6,2026-07-02,7.66,4.52,-0.97,,,
DWARKESH,43.88,2026-07-02,0.9,0.9,-0.97,-2.73,15.84,-10.49
GLOBAL,101.88,2026-07-02,-2.77,-6.31,-0.99,2.41,13.74,63.15
TIMKEN,3494.1,2026-07-02,0.09,-7.1,-0.99,4.37,14.46,4.05
GFLLIMITED,45.99,2026-07-02,0.66,-3.22,-0.99,13.75,-21.71,-28.58
SYSTANGO,218.55,2026-07-01,-2.41,-6.16,-1.0,-8.87,-29.76,-9.42
INDIAMART,1896.9,2026-07-02,-1.58,-7.49,-1.0,-3.33,-10.38,-24.04
ESFL,118.8,2026-07-01,2.86,1.11,-1.0,2.63,-34.35,-74.54
LAGNAM,79.5,2026-07-02,3.99,-2.74,-1.0,24.26,8.21,-23.03
NBCC,103.06,2026-07-02,-1.24,-6.29,-1.01,24.03,-15.88,-13.62
PEARLPOLY,18.4,2026-07-02,-0.54,-4.47,-1.02,24.92,-20.07,-41.1
IRCON,134.55,2026-07-02,2.54,-3.29,-1.04,7.67,-24.33,-32.2
PAR,88.53,2026-07-02,0.87,-6.49,-1.05,7.35,-12.61,-6.23
ROHLTD,327.85,2026-07-02,-1.26,-4.68,-1.06,4.69,-20.84,-15.97
AVTNPL,70.25,2026-07-02,-1.28,-1.18,-1.07,19.7,4.61,9.37
VINATIORGA,1300.1,2026-07-02,-2.01,-3.38,-1.08,-0.68,-18.8,-32.11
HDFCGROWTH,112.97,2026-07-02,1.49,0.59,-1.09,1.66,-13.96,-5.41
SCILAL,43.95,2026-07-02,0.0,-4.58,-1.1,10.1,-8.86,-16.46
BIRLAPREC,38.51,2026-07-02,2.47,1.69,-1.1,,,
EFACTOR,180.0,2026-07-01,3.39,0.84,-1.1,-2.6,-47.21,-21.04
APOLSINHOT,1259.5,2026-07-02,0.43,-6.19,-1.11,24.9,6.02,-3.39
EMAMIREAL,84.95,2026-07-02,0.19,-5.61,-1.11,40.53,3.36,-24.64
BIOFILCHEM,33.99,2026-07-02,-3.0,-3.79,-1.11,23.92,1.49,-25.77
SKIPPER,566.05,2026-07-02,7.09,3.27,-1.11,61.04,25.0,14.08
HDFCLIFE,571.35,2026-07-02,-2.04,-4.32,-1.12,1.29,-24.04,-27.39
SRD,40.15,2026-07-02,0.05,-1.64,-1.13,-9.88,-40.33,-49.44
ASAHIINDIA,888.85,2026-07-02,5.97,3.08,-1.15,8.19,-10.41,7.27
JSWHL,12377.0,2026-07-02,2.97,-1.79,-1.15,3.87,-37.9,-44.27
SBFC,91.12,2026-07-02,0.21,-2.29,-1.19,10.35,-11.53,-15.1
GPECO,435.0,2026-07-01,0.15,-2.68,-1.2,42.76,5.15,-5.5
VRLLOG,238.66,2026-07-02,1.75,-0.63,-1.22,3.2,-9.63,-17.49
NILE,1745.9,2026-07-02,1.81,-1.41,-1.22,,,
ANTGRAPHIC,0.8,2026-07-02,-2.44,0.0,-1.23,5.26,-23.08,-38.46
MILTON,40.0,2026-07-01,5.26,2.56,-1.23,-20.48,31.15,38.41
LUMAXIND,5380.5,2026-07-02,3.5,2.31,-1.24,12.45,0.73,53.86
UNIECOM,86.49,2026-07-02,-1.1,-3.19,-1.24,-1.97,-28.55,-29.68
ATL,23.78,2026-07-02,-0.46,-4.27,-1.25,2.28,-15.64,-17.37
ORTEL,1.58,2026-07-02,3.27,-1.25,-1.25,-2.47,2.6,-30.7
NEXTMEDIA,3.95,2026-07-02,-0.75,-2.71,-1.25,1.02,-35.25,-43.0
DOLATALGO,73.58,2026-07-02,1.95,-4.54,-1.27,3.46,-19.52,-24.9
DCMSHRIRAM,1019.7,2026-07-02,-0.74,-2.22,-1.27,-9.88,-18.62,-16.92
TNPL,145.98,2026-07-02,0.56,-0.86,-1.28,11.65,-0.1,-12.47
AGROPHOS,30.76,2026-07-02,1.28,-1.28,-1.28,10.45,-24.01,-13.86
RUCHINFRA,6.12,2026-07-02,-0.97,-3.77,-1.29,3.03,-3.77,-19.69
KANANIIND,1.53,2026-07-02,1.32,-3.77,-1.29,21.43,-12.07,-28.5
GRAVISSHO,29.54,2026-07-02,1.9,0.89,-1.3,,,
ROML,46.22,2026-07-02,0.48,-0.9,-1.3,14.66,-9.21,-17.45
VENKEYS,1430.1,2026-07-02,0.32,-2.58,-1.31,16.91,-10.96,-10.67
SESHAPAPER,227.44,2026-07-02,0.44,1.64,-1.31,-9.9,-4.42,-25.17
VIPIND,313.95,2026-07-02,2.5,-0.29,-1.32,-0.82,-19.18,-25.25
JYOTHYLAB,193.91,2026-07-02,-0.87,-3.51,-1.32,-5.14,-30.58,-41.89
NIFTYQLITY,20.85,2026-07-02,1.31,-0.67,-1.33,6.92,-6.33,-3.65
BIGBLOC,49.46,2026-07-02,-0.2,0.47,-1.34,5.62,-32.3,-22.83
QUAL30IETF,20.59,2026-07-02,0.1,-0.68,-1.34,6.85,-7.04,-4.19
BEARDSELL,29.26,2026-07-02,-2.17,-1.18,-1.35,25.74,-3.53,1.35
UNIVCABLES,1222.2,2026-07-02,-0.11,-9.39,-1.37,82.13,27.72,58.78
TARAPUR,18.56,2026-07-02,2.43,-4.77,-1.38,-22.44,-37.59,-31.05
NURECA,233.96,2026-07-02,-0.36,-1.94,-1.39,-1.61,-22.71,-17.69
IEX,123.5,2026-07-02,-1.05,-1.73,-1.4,5.05,-5.51,-34.97
TIRUMALCHM,183.83,2026-07-02,15.11,5.19,-1.4,5.6,-21.9,-34.57
KALAMANDIR,105.62,2026-07-02,-4.93,-4.29,-1.4,10.09,-30.69,-35.29
TTKHLTCARE,911.5,2026-07-02,-1.69,-1.94,-1.41,15.51,-11.38,-32.82
QUALITY30,20.21,2026-07-02,1.2,-0.35,-1.41,6.65,-6.31,
NIDAN,13.8,2026-07-01,4.15,-1.08,-1.43,1.47,-25.81,-33.01
STARCEMENT,208.37,2026-07-02,-0.08,-1.83,-1.44,0.72,-5.93,-2.96
GROWWRAIL,29.39,2026-07-02,1.17,-3.45,-1.44,1.27,-18.43,-23.52
RAJPALAYAM,836.5,2026-07-02,1.8,0.4,-1.45,,,
SCHAND,152.06,2026-07-02,4.5,1.06,-1.45,14.54,-2.1,-34.05
SHAH,4.74,2026-07-02,17.04,3.27,-1.46,-1.46,-5.39,22.16
SUPREMEINF,80.98,2026-07-02,13.74,7.4,-1.46,30.61,-6.22,-29.57
AXISVALUE,33.16,2026-07-02,0.88,-2.15,-1.46,6.83,2.73,14.23
CCHHL,12.75,2026-07-02,-2.15,1.59,-1.47,15.7,-16.28,-25.09
UNITECH,4.7,2026-07-02,-0.42,-2.69,-1.47,9.56,-21.01,-44.25
BIKAJI,655.2,2026-07-02,1.96,-1.18,-1.52,4.5,-10.93,-11.81
DEVIT,28.43,2026-07-02,10.92,0.89,-1.52,10.41,-20.25,-41.01
YCCL,9.75,2026-07-01,2.09,0.0,-1.52,5.41,-25.0,-22.31
LORDSCHLO,134.42,2026-07-02,0.22,0.65,-1.53,9.24,-17.59,-21.08
MOVALUE,114.58,2026-07-02,0.1,-2.82,-1.54,6.48,-3.57,8.57
JFLLIFE,9.3,2026-07-01,3.33,2.76,-1.59,3.91,-28.46,-43.64
BFUTILITIE,589.55,2026-07-02,-2.57,-9.17,-1.6,46.91,-13.97,-24.72
TOTAL,52.71,2026-07-02,4.65,4.44,-1.61,7.57,-31.31,-36.87
RVNL,236.85,2026-07-02,-0.28,-3.79,-1.62,-9.13,-35.06,-39.17
BLAL,182.85,2026-07-02,1.25,-0.86,-1.63,12.02,-11.76,-13.89
MAL,36.25,2026-07-01,9.85,9.02,-1.63,8.37,-27.21,-53.38
SBIETFQLTY,216.81,2026-07-02,1.14,-0.81,-1.65,6.6,-6.75,-3.96
INDOWIND,9.54,2026-07-02,5.18,4.03,-1.65,23.1,-40.08,-52.56
PFIZER,4439.4,2026-07-02,0.78,-0.54,-1.66,-9.16,-9.16,-20.07
SONATSOFTW,273.7,2026-07-02,-0.55,-7.81,-1.67,18.08,-24.72,-31.04
SUNDROP,643.25,2026-07-02,-0.44,-1.76,-1.68,9.95,-11.3,-28.17
BLIL,70.96,2026-07-02,-0.99,-1.57,-1.68,,,
REPL,66.02,2026-07-02,-0.97,-5.85,-1.7,-13.69,-44.47,-63.28
GILLETTE,7613.5,2026-07-02,0.69,-2.94,-1.7,0.61,-5.31,-26.95
PATTECH,114.85,2026-07-01,0.0,0.0,-1.71,21.28,6.44,23.3
MAZDA,230.65,2026-07-02,-0.07,-6.78,-1.72,29.3,3.33,-1.7
GHCL,436.3,2026-07-02,1.47,-0.44,-1.74,-1.35,-20.91,-25.97
RPOWER,26.5,2026-07-02,9.78,0.08,-1.74,17.05,-26.25,-61.06
TORNTPOWER,1394.3,2026-07-02,-1.67,-5.48,-1.74,5.02,1.02,-3.8
BHARATWIRE,213.44,2026-07-02,5.91,-0.03,-1.74,32.98,14.37,-0.39
360ONE,1070.0,2026-07-02,-1.82,-6.07,-1.76,15.24,-10.32,-8.11
MODISONLTD,308.15,2026-07-02,0.0,-8.9,-1.77,144.74,92.1,88.54
SHALBY,173.71,2026-07-02,1.24,-0.6,-1.77,24.61,-14.38,-5.37
SURAJLTD,226.0,2026-07-02,-0.81,-1.56,-1.81,-8.44,-6.88,-41.76
VIVIDHA,0.54,2026-07-02,1.89,1.89,-1.82,14.89,-14.29,-36.47
TANLA,533.15,2026-07-02,0.53,2.14,-1.82,27.53,1.63,-14.93
OAL,309.5,2026-07-02,-1.4,-7.02,-1.84,26.26,6.74,-16.56
INDOAMIN,132.33,2026-07-02,0.2,-7.66,-1.85,36.69,2.12,-22.16
SHEKHAWATI,14.2,2026-07-02,2.53,0.0,-1.87,42.0,-24.06,-41.52
AARNAV,25.06,2026-07-02,1.79,2.58,-1.88,8.67,,
AMBUJACEM,428.95,2026-07-02,1.11,0.22,-1.88,3.02,-23.76,-27.45
USK,23.01,2026-07-02,-0.3,-2.71,-1.88,15.05,-3.4,-39.61
HBSL,52.74,2026-07-02,5.21,-0.94,-1.88,15.2,-28.45,-49.14
VALUE,16.22,2026-07-02,0.19,-2.93,-1.88,6.78,,
HLVLTD,7.74,2026-07-02,0.39,-3.49,-1.9,0.78,-19.38,-42.79
BORANA,316.8,2026-07-02,2.64,-0.38,-1.9,5.72,4.5,43.27
SHARDACROP,890.75,2026-07-02,1.18,-1.38,-1.9,0.39,4.7,6.59
SHIVAMAUTO,16.98,2026-07-02,4.11,-0.24,-1.91,3.03,-31.14,-44.67
SHARDUL,27.9,2026-07-02,-3.23,-1.41,-1.93,,,
URBAN,130.4,2026-07-01,5.37,-2.03,-1.95,-3.44,-12.54,-12.66
SERVICE,50.0,2026-07-01,0.0,-0.3,-1.96,-13.04,13.51,-11.03
HEADSUP,6.98,2026-07-02,-0.71,-0.57,-1.97,0.14,-21.22,-28.78
HGINFRA,564.25,2026-07-02,-2.87,-3.45,-1.97,16.97,-24.17,-45.67
TATATECH,712.4,2026-07-02,-0.36,-5.28,-1.98,33.68,10.27,2.5
TPHQ,0.49,2026-07-02,2.08,0.0,-2.0,2.08,-23.44,-32.88
DIVOPPBEES,76.52,2026-07-02,0.58,-1.25,-2.0,0.8,-8.68,-3.53
RHL,179.5,2026-07-02,1.88,0.36,-2.0,4.03,-19.17,-32.34
UNIINFO,11.7,2026-07-02,-2.5,-2.42,-2.01,7.93,-27.96,-32.84
MITTAL,0.97,2026-07-02,3.19,-1.02,-2.02,11.49,-14.16,-43.27
JGCHEM,422.55,2026-07-02,-0.28,-4.53,-2.02,25.27,18.25,6.0
BLBLIMITED,16.96,2026-07-02,12.69,5.93,-2.02,7.27,22.9,13.9
HEXATRADEX,157.86,2026-07-02,-2.56,-4.62,-2.03,1.24,-2.71,-14.77
SWIGGY,249.0,2026-07-02,4.29,-2.22,-2.03,-9.57,-35.69,-34.74
ENRIN,3549.5,2026-07-02,-0.96,-8.13,-2.04,35.89,39.6,20.47
JAINREC,358.15,2026-07-02,4.14,-5.8,-2.05,-22.72,-15.18,
IRCTC,506.2,2026-07-02,0.47,-2.98,-2.07,-1.09,-26.74,-33.8
PREMCO,362.75,2026-07-02,-0.34,-2.49,-2.07,,,
INVENTURE,0.94,2026-07-02,1.08,-2.08,-2.08,-3.09,-21.67,-42.33
GATECHDVR,0.47,2026-07-02,6.82,2.17,-2.08,11.9,-4.08,-30.88
IFBIND,1290.3,2026-07-02,3.75,0.8,-2.09,35.68,-19.37,-16.34
GSFC,160.34,2026-07-02,-1.13,-3.85,-2.09,5.56,-12.82,-20.48
USASEEDS,93.0,2026-07-01,0.0,0.0,-2.11,-1.59,-38.43,-44.97
ORIENTTECH,263.55,2026-07-02,7.35,2.45,-2.12,3.74,-35.23,-15.75
MAANALU,125.83,2026-07-02,2.44,-3.3,-2.13,-0.89,-21.27,3.25
GULFPETRO,39.4,2026-07-02,0.08,-1.87,-2.14,43.95,10.09,-13.08
DBCORP,200.85,2026-07-02,3.74,-0.89,-2.14,0.84,-22.25,-24.21
BCONCEPTS,195.63,2026-07-02,8.67,12.12,-2.14,-12.62,-42.07,-43.56
ARIHANTSUP,261.15,2026-07-02,3.86,-2.88,-2.14,25.43,-23.86,-35.58
SUMIT,43.51,2026-07-02,5.63,8.18,-2.14,-6.31,-33.39,-56.21
BHEL,401.95,2026-07-02,-2.85,-2.32,-2.14,62.0,34.21,54.56
BGLOBAL,3.19,2026-07-01,0.0,-3.33,-2.15,14.75,-14.02,5.98
AKSHAR,0.45,2026-07-02,2.27,0.0,-2.17,2.27,-10.0,-21.05
ABBOTINDIA,25725.0,2026-07-02,1.7,-1.3,-2.17,-2.13,-8.53,-26.44
COUNCODOS,4.89,2026-07-02,1.45,1.66,-2.2,17.83,-19.04,-29.54
ALICON,649.2,2026-07-02,2.67,-1.31,-2.2,6.02,-23.13,-27.45
WHIRLPOOL,811.2,2026-07-02,1.36,-0.75,-2.21,-0.39,-10.32,-41.29
SULA,154.79,2026-07-02,1.07,-2.28,-2.22,0.17,-28.16,-48.26
ORIENTELEC,179.01,2026-07-02,2.06,-0.45,-2.22,12.63,1.63,-19.11
AKASH,26.75,2026-07-02,-0.52,1.1,-2.23,8.87,3.84,-5.94
VIPCLOTHNG,24.93,2026-07-02,-0.12,-0.44,-2.24,23.6,-20.5,-37.86
DCI,271.9,2026-07-02,0.91,0.61,-2.25,-14.47,10.65,-1.7
PREMIERENE,1050.1,2026-07-02,2.02,-1.19,-2.26,14.56,24.23,-0.44
SHYAMMETL,962.35,2026-07-02,1.08,0.16,-2.26,21.41,13.18,9.95
VINDHYATEL,2069.9,2026-07-02,0.36,-11.58,-2.27,89.54,46.01,22.87
CUMMINSIND,5578.5,2026-07-02,0.67,-3.22,-2.27,20.06,25.03,69.46
ANMOL,11.15,2026-07-02,0.45,-4.21,-2.28,5.89,-21.81,-36.5
ANLON,639.5,2026-07-01,-5.26,-8.64,-2.28,72.84,56.36,40.55
KAMAHOLD,2590.2,2026-07-02,1.01,-1.69,-2.28,,,
COMPUSOFT,13.24,2026-07-02,0.23,-3.36,-2.29,-2.36,-18.47,-38.96
ORISSAMINE,3973.4,2026-07-02,2.93,-3.5,-2.29,17.83,-23.03,-18.0
ENIL,105.82,2026-07-02,-0.19,-4.61,-2.29,5.65,-7.22,-30.12
TEMBO,578.85,2026-07-02,4.83,2.52,-2.3,17.77,-4.59,6.83
ASAHISONG,253.15,2026-07-02,1.5,-1.58,-2.31,22.61,-2.99,-41.97
RATNAMANI,2484.7,2026-07-02,-3.33,-9.72,-2.32,10.18,5.55,-13.73
SWELECTES,636.3,2026-07-02,0.43,0.66,-2.32,18.13,3.04,10.72
JKIL,489.6,2026-07-02,-0.58,-3.55,-2.32,7.75,-18.7,-31.39
PRITIKA,62.45,2026-07-01,-1.96,0.81,-2.35,12.52,-19.63,-23.56
ADL,70.32,2026-07-02,3.34,2.66,-2.35,15.73,-11.25,-23.11
SALZERELEC,627.8,2026-07-02,-0.09,-6.74,-2.37,17.37,-9.4,-29.42
JSFB,479.1,2026-07-02,2.77,3.88,-2.37,28.55,13.14,-4.26
AMRUTANJAN,542.55,2026-07-02,0.5,-1.15,-2.39,6.25,-19.23,-24.01
NDL,2.43,2026-07-02,3.4,-3.19,-2.41,-1.62,-17.91,-36.55
KMSUGAR,26.09,2026-07-02,0.81,-2.9,-2.43,0.66,-4.19,-9.75
BSE,3834.7,2026-07-02,-0.65,-4.91,-2.47,34.48,43.81,39.32
GKSL,130.94,2026-07-02,1.24,1.35,-2.47,26.18,27.49,
AMBER,7403.5,2026-07-02,-0.13,-6.36,-2.48,17.86,14.21,2.48
NTPC,358.25,2026-07-02,0.6,-2.4,-2.49,-0.39,2.51,10.17
BANARISUG,3510.6,2026-07-02,2.35,-0.11,-2.49,-4.91,-2.55,-10.05
CTE,32.13,2026-07-02,3.58,2.75,-2.49,30.13,-19.47,-32.98
PODDARMENT,242.99,2026-07-02,0.95,-3.17,-2.53,17.27,-8.17,-21.52
POLYSIL,135.0,2026-07-01,0.0,-2.17,-2.56,-19.23,-54.62,80.48
EMAMIPAP,85.61,2026-07-02,-0.2,-1.36,-2.57,33.64,-3.16,-11.7
ABINFRA,10.93,2026-07-02,-6.58,4.89,-2.58,-32.41,-41.58,-34.06
ATUL,6469.5,2026-07-02,-2.1,-1.17,-2.58,2.76,5.89,-13.04
BTML,6.05,2026-07-02,-0.49,-0.33,-2.58,-2.58,-28.74,-26.49
ENERGY,39.31,2026-07-02,-1.38,-4.05,-2.58,10.76,8.35,
ANANTRAJ,537.65,2026-07-02,4.65,1.01,-2.63,19.01,-7.94,-2.76
NSIL,5463.5,2026-07-02,0.11,-4.98,-2.63,7.36,-16.5,-24.4
MAXIND,158.64,2026-07-02,-2.32,-5.11,-2.63,9.93,-15.55,-15.22
SIL,15.86,2026-07-02,0.7,1.41,-2.64,21.25,1.43,-15.95
ELGIRUBCO,46.08,2026-07-02,0.63,-6.38,-2.64,15.49,1.12,-24.96
EIDPARRY,735.25,2026-07-02,2.98,2.7,-2.65,-8.93,-27.29,-33.24
COMFINTE,5.88,2026-07-02,0.86,-1.51,-2.65,,,
ATLASCYCLE,96.8,2026-07-02,-2.11,-3.49,-2.66,14.99,-7.27,-33.06
FMNL,10.61,2026-07-02,-2.84,0.76,-2.66,35.85,19.75,-40.49
ASAL,517.5,2026-07-02,1.78,-4.06,-2.67,25.94,6.68,-9.32
PURVFLEXI,50.6,2026-07-01,1.2,-1.75,-2.69,26.5,-31.71,-31.25
IFBAGRO,952.35,2026-07-02,4.1,4.17,-2.69,25.77,-40.24,29.65
HINDCON,21.66,2026-07-02,7.28,2.41,-2.7,19.73,-20.4,-39.78
OSWALAGRO,41.93,2026-07-02,0.48,-3.52,-2.71,2.02,-28.78,-52.09
DEVX,35.87,2026-07-02,1.1,-0.47,-2.71,2.51,-14.64,
SAMBHAAV,6.44,2026-07-02,1.42,-4.02,-2.72,13.38,-27.64,-8.78
AFFLE,1458.2,2026-07-02,4.19,-1.5,-2.72,2.57,-18.2,-25.93
WSI,66.17,2026-07-02,-0.3,-3.54,-2.73,-8.35,-28.49,-32.17
HRHNEXT,26.75,2026-07-01,0.0,5.52,-2.73,2.69,-5.98,-46.87
UFO,72.08,2026-07-02,1.52,-3.13,-2.74,13.8,-11.85,-0.1
JSLL,574.4,2026-07-02,-2.13,-5.66,-2.74,-5.31,-15.8,24.83
GPPL,153.7,2026-07-02,1.12,-1.82,-2.76,5.58,-15.69,2.8
SPCL,70.15,2026-07-01,-0.5,-0.78,-2.77,8.51,-29.57,-44.68
SAMMAANCAP,173.94,2026-07-02,3.76,-2.49,-2.78,18.37,17.04,27.9
RAMANEWS,28.67,2026-07-02,-0.17,-1.48,-2.78,-4.94,-9.87,-15.05
CEINSYS,924.5,2026-07-02,0.32,-0.29,-2.8,-5.98,,
TNIDETF,81.28,2026-07-02,1.59,-0.79,-2.81,2.55,-18.01,-14.2
GSS,13.04,2026-07-02,2.68,-0.38,-2.83,6.28,-23.56,-62.14
TNTELE,9.19,2026-07-02,2.34,-0.97,-2.85,2.22,-8.83,-47.31
NATIONSTD,1204.7,2026-07-02,-6.46,-4.01,-2.85,,,
SHOPERSTOP,356.55,2026-07-02,-2.37,-0.13,-2.86,20.58,-8.41,-29.74
BMWVENTLTD,57.54,2026-07-02,-1.94,-2.47,-2.87,8.42,2.51,
HILINFRA,46.63,2026-07-02,-0.34,-1.65,-2.87,-0.53,-22.14,
VIKRAMSOLR,191.96,2026-07-02,2.83,-3.13,-2.91,3.48,-19.95,
CGRAPHICS,143.2,2026-07-01,-0.69,-1.78,-2.92,-3.24,-27.31,-28.04
PVP,28.88,2026-07-02,0.77,-2.63,-2.92,17.78,-21.78,33.39
ARIHANT,788.9,2026-07-02,-7.28,-8.64,-2.92,1889.66,1889.66,1889.66
ARTNIRMAN,41.69,2026-07-02,4.54,-0.33,-2.93,20.04,-10.67,-28.12
RITCO,256.9,2026-07-02,-1.04,-5.59,-2.93,44.81,-5.05,-8.82
ESTER,90.64,2026-07-02,0.86,-1.47,-2.94,14.34,-11.46,-27.98
GOLDSTAR,8.25,2026-07-01,0.61,5.77,-2.94,35.25,21.32,-15.82
ASHOKAMET,15.15,2026-07-02,0.66,0.2,-2.95,13.48,-3.38,-14.26
PARAGMILK,233.93,2026-07-02,1.34,0.73,-2.97,20.89,-23.19,4.77
DAVANGERE,3.58,2026-07-02,-0.28,-1.1,-2.98,-4.28,-4.79,3.77
AMBEY,24.25,2026-07-01,15.48,25.32,-3.0,20.95,-44.25,-39.3
AWL,183.96,2026-07-02,0.71,-1.68,-3.0,0.66,-21.73,-28.17
KIRIINDUS,380.6,2026-07-02,-0.21,-5.53,-3.01,1.47,-38.21,-32.38
NIMBSPROJ,203.91,2026-07-02,-0.52,-1.92,-3.02,,,
REGAAL,82.29,2026-07-02,6.95,6.32,-3.02,21.93,16.87,
MICROPRO,19.25,2026-07-01,0.0,-3.02,-3.02,9.07,-3.75,-21.43
CPSEETF,97.27,2026-07-02,0.29,-2.3,-3.03,-3.52,2.68,3.94
SEJALLTD,749.6,2026-07-02,2.9,-4.56,-3.03,78.01,-12.28,60.67
LTFOODS,379.65,2026-07-02,1.25,-1.81,-3.05,-1.66,-2.5,-22.73
VIAZ,61.7,2026-07-01,-4.93,-3.44,-3.06,1.15,-8.86,14.37
UFLEX,429.4,2026-07-02,2.57,1.92,-3.07,17.37,-13.28,-28.96
KOTYARK,37.05,2026-07-02,-14.24,-7.65,-3.07,2.83,73.65,23.44
KAMOPAINTS,5.05,2026-07-02,2.23,-4.9,-3.07,18.54,-17.35,-50.44
SURYALA,448.45,2026-07-02,0.36,-5.49,-3.08,,,
HPIL,125.0,2026-07-02,-0.79,-4.21,-3.08,10.26,-12.65,-13.12
VALIANTORG,277.35,2026-07-02,-0.57,-2.5,-3.09,19.37,-0.25,-33.39
ATALREAL,28.11,2026-07-02,-0.85,-7.38,-3.1,15.2,8.24,44.01
DELTAMAGNT,60.5,2026-07-02,-1.83,-2.4,-3.12,14.71,-10.18,-36.21
FCONSUMER,0.31,2026-07-01,0.0,0.0,-3.12,0.0,-27.91,-36.73
FOCUS,83.04,2026-07-02,-7.74,-9.06,-3.12,32.89,11.12,-24.07
IGL,155.8,2026-07-02,-5.83,-8.21,-3.14,6.49,-18.29,-27.55
DISHTV,3.08,2026-07-02,0.65,-2.84,-3.14,21.26,-23.57,-38.15
TIMESCAN,39.95,2026-07-01,0.0,-2.08,-3.15,-3.73,-17.8,-38.3
METROGLOBL,126.7,2026-07-02,-1.81,-1.01,-3.17,,,
JAIBALAJI,67.8,2026-07-02,0.92,-4.99,-3.2,17.12,-6.62,-44.29
SHAILY,2940.4,2026-07-02,1.5,6.35,-3.21,41.14,31.27,79.55
BOSCH-HCIL,1350.2,2026-07-02,-0.27,-2.26,-3.23,19.12,-6.41,-21.03
KONTOR,58.5,2026-07-01,0.0,-2.58,-3.23,-2.5,-13.72,-29.6
RALLIS,227.28,2026-07-02,1.2,-2.72,-3.24,-2.0,-15.96,-28.17
TARC,126.87,2026-07-02,2.37,-2.14,-3.26,6.27,-28.03,-32.24
INTLCONV,79.02,2026-07-02,-2.42,-6.32,-3.28,19.69,-11.98,-16.51
BHARTIHEXA,1440.6,2026-07-02,0.03,-4.29,-3.29,-4.39,-20.06,-26.29
SIGIND,47.47,2026-07-02,0.79,-4.72,-3.32,1.5,-15.22,-22.78
PHANTOMFX,171.55,2026-07-01,-3.81,-4.05,-3.32,2.2,-28.82,-34.65
AXITA,7.55,2026-07-02,0.27,-1.44,-3.33,-12.21,-29.26,-7.62
MARATHON,418.3,2026-07-02,4.21,3.23,-3.33,1.81,-20.95,-36.58
MVGJL,149.83,2026-07-02,5.69,1.39,-3.35,3.25,-18.33,-32.59
EFORCE,21.6,2026-07-01,0.0,-7.3,-3.36,10.49,-36.28,-55.0
MAITHANALL,1015.4,2026-07-02,1.19,-4.15,-3.36,13.15,1.38,-15.27
NATCAPSUQ,153.34,2026-07-02,1.17,-2.13,-3.36,0.24,-22.43,-30.34
ELCIDIN,113975.0,2026-07-02,0.42,-2.38,-3.37,,,
NKIND,62.32,2026-07-02,0.52,-2.72,-3.38,1.48,-9.97,-8.47
RAJMET,3.72,2026-07-02,1.36,-3.12,-3.38,12.05,-22.18,-23.14
JYOTISTRUC,11.98,2026-07-02,3.99,-2.12,-3.39,14.42,17.68,-32.05
VINEETLAB,33.62,2026-07-02,0.84,-3.28,-3.39,13.93,-2.3,0.12
LASA,7.42,2026-07-02,-0.27,0.27,-3.39,18.91,-34.97,-35.48
SBGLP,25.3,2026-07-02,0.28,-3.44,-3.4,15.84,-26.28,-43.11
SADBHAV,9.09,2026-07-02,4.48,4.12,-3.4,13.06,-16.83,-27.57
TFL,11.88,2026-07-02,-1.0,-1.9,-3.41,-1.49,-26.21,-35.54
NILAINFRA,7.63,2026-07-02,1.33,-5.45,-3.42,11.39,-20.85,-39.25
BAJAJHIND,18.08,2026-07-02,0.39,-5.69,-3.42,5.85,-3.21,-33.65
SADBHIN,2.78,2026-07-02,3.73,-1.77,-3.47,27.52,-28.9,-44.4
FELIX,182.15,2026-07-01,-0.65,-4.16,-3.47,4.86,6.93,6.46
KROSS,185.76,2026-07-02,-0.63,-5.02,-3.49,16.18,-9.33,-5.09
NAHARINDUS,117.92,2026-07-02,1.11,-1.0,-3.51,28.09,6.56,-11.64
TRITURBINE,664.8,2026-07-02,-3.29,-9.83,-3.55,44.32,23.48,8.26
TDPOWERSYS,1191.0,2026-07-02,-3.41,-10.21,-3.56,37.94,73.93,139.17
GLOBALVECT,161.01,2026-07-02,-3.05,0.31,-3.59,5.84,-19.59,-40.22
JSWENERGY,565.35,2026-07-02,-3.57,-2.87,-3.62,15.51,11.09,9.5
PROV,1542.0,2026-07-01,-3.62,2.8,-3.62,32.93,15.51,43.45
ROSSARI,523.9,2026-07-02,0.17,-4.87,-3.63,22.38,-10.21,-21.84
AWFIS,305.6,2026-07-02,3.84,1.43,-3.64,18.3,-38.13,-51.36
PRAKASHSTL,4.19,2026-07-02,0.48,-8.11,-3.68,2.95,-26.1,-32.96
ARCHIES,13.83,2026-07-02,-2.47,-5.98,-3.69,0.36,-24.96,-41.12
RTNINDIA,34.15,2026-07-02,3.86,-3.61,-3.69,18.62,-19.27,-44.94
DMCC,255.65,2026-07-02,-2.2,0.45,-3.69,22.2,0.04,-0.21
VAKRANGEE,6.25,2026-07-02,2.8,-0.64,-3.7,3.31,-21.78,-36.87
MALUPAPER,31.3,2026-07-02,1.13,-0.76,-3.72,1.62,-12.4,-27.86
AAKASH,9.03,2026-07-02,3.67,-1.85,-3.73,12.31,3.08,-20.93
INDPRUD,6257.0,2026-07-02,-5.18,-2.87,-3.74,,,
KOTHARIPRO,70.29,2026-07-02,1.21,-2.62,-3.75,13.46,-6.5,-19.61
SHRITECH,63.65,2026-07-01,-2.08,-0.24,-3.78,9.27,6.08,-28.48
OMAXAUTO,235.03,2026-07-02,8.59,1.0,-3.79,139.59,120.48,180.36
POWERINDIA,33775.0,2026-07-02,-3.43,-8.12,-3.79,33.37,79.63,69.26
ZENITHEXPO,196.73,2026-07-02,-2.12,-9.13,-3.8,4.98,-6.42,-19.2
MKPL,4.79,2026-07-02,0.63,-2.64,-3.82,-2.64,-19.63,-35.36
SARDAEN,500.45,2026-07-02,-1.0,-5.59,-3.82,-3.61,-4.31,16.27
JKPAPER,348.0,2026-07-02,1.27,0.2,-3.83,5.53,-3.05,-4.8
AATMAJ,18.75,2026-07-01,0.0,-6.25,-3.85,-8.54,-25.74,-2.85
DGCONTENT,26.0,2026-07-02,-2.18,-5.83,-3.85,8.2,-20.25,-41.47
JAGRAN,64.56,2026-07-02,0.06,-0.98,-3.85,19.65,2.43,2.8
ANURAS,1273.7,2026-07-02,-0.07,-0.67,-3.86,0.66,-3.89,12.35
MERCANTILE,25.59,2026-07-02,6.27,-2.66,-3.87,,,
ANKITMETAL,1.49,2026-07-02,2.76,-1.32,-3.87,5.67,-14.86,-26.6
BASILIC,202.8,2026-07-01,1.05,-0.83,-3.89,6.26,-40.15,-51.25
AFCONS,314.4,2026-07-02,-0.46,-0.36,-3.9,10.82,-19.56,-26.6
ZENITHSTL,5.67,2026-07-02,1.8,-3.57,-3.9,20.64,-21.58,-30.09
MOENERGY,39.83,2026-07-02,-0.62,-2.59,-3.91,12.5,9.74,
VIKASECO,1.23,2026-07-02,2.5,-3.15,-3.91,3.36,-30.51,-51.19
SHREYANIND,138.87,2026-07-02,0.62,0.32,-3.92,0.65,-20.1,-38.03
IWP,33.09,2026-07-02,-0.9,-0.75,-3.92,,,
SENCO,331.8,2026-07-02,1.42,-2.11,-3.92,14.89,2.56,-1.15
ALANKIT,8.09,2026-07-02,-0.37,-4.49,-3.92,2.28,-25.57,-45.85
COMMOIETF,100.1,2026-07-02,0.46,-2.56,-3.93,6.43,1.13,10.05
SPMLINFRA,198.49,2026-07-02,0.41,-5.16,-3.93,15.41,5.92,-15.42
CELLPOINT,15.8,2026-07-01,5.33,3.95,-3.95,16.18,-3.07,-20.8
HONDAPOWER,2196.8,2026-07-02,0.86,-3.59,-3.96,10.89,-6.27,-22.9
HARDWYN,24.43,2026-07-02,-0.37,-3.25,-3.97,20.82,37.56,86.49
UNITEDPOLY,32.4,2026-07-02,0.81,-2.5,-3.97,31.55,16.21,57.43
ABB,6861.0,2026-07-02,-3.75,-5.47,-3.99,12.16,32.34,16.87
SAHLIBHFI,79.4,2026-07-02,-0.64,5.56,-4.0,,,
SIEMENS,3580.4,2026-07-02,0.2,-4.97,-4.0,18.3,15.58,8.9
BESTAGRO,15.83,2026-07-02,6.89,-0.06,-4.0,16.83,-39.16,-38.31
DRCSYSTEMS,14.25,2026-07-02,1.64,-1.18,-4.04,-4.68,-17.34,-24.24
NAHARCAP,248.77,2026-07-02,0.31,-1.9,-4.04,15.4,-3.99,-24.31
NAMAN,46.25,2026-07-01,-1.6,-2.63,-4.05,4.4,-26.59,-54.21
SAGARDEEP,24.6,2026-07-02,-1.24,-3.42,-4.06,9.58,-10.55,-21.86
NITIRAJ,186.6,2026-07-02,0.85,-2.26,-4.07,-8.67,0.0,-6.15
ARTEMISMED,259.8,2026-07-02,-1.07,-3.19,-4.1,15.87,-5.92,4.38
TATACONSUM,1107.2,2026-07-02,-0.5,-0.51,-4.11,7.16,-4.62,1.9
DIVIDEND,34.87,2026-07-02,0.46,-2.0,-4.12,1.72,,
BAJAJ-AUTO,9857.0,2026-07-02,2.36,-3.28,-4.12,14.13,5.19,19.62
KOPRAN,187.84,2026-07-02,-0.01,-7.79,-4.12,56.56,23.51,3.68
AVPINFRA,65.2,2026-07-01,-3.62,-3.83,-4.12,-24.27,-44.91,-64.1
NARMADA,35.03,2026-07-02,-12.34,-6.51,-4.13,7.69,55.69,97.57
SMLT,70.08,2026-07-02,2.22,-4.55,-4.14,10.69,-18.96,-42.93
KPEL,342.7,2026-07-02,0.99,-2.41,-4.15,22.01,-4.07,-32.5
APS,298.0,2026-07-01,-1.32,-1.62,-4.15,0.3,-19.54,-45.58
PRABHA,151.21,2026-07-02,-1.38,-2.82,-4.19,-1.7,-17.64,-48.78
FEDFINA,151.89,2026-07-02,3.26,-1.14,-4.19,11.47,-5.42,29.02
BBOX,988.5,2026-07-02,6.04,0.66,-4.2,109.45,77.34,86.15
GTLINFRA,1.37,2026-07-02,0.74,-9.27,-4.2,31.73,10.48,-24.31
SALSTEEL,59.07,2026-07-02,8.43,3.34,-4.22,47.09,34.25,247.88
ACCURACY,5.45,2026-07-02,0.93,-3.71,-4.22,42.3,-6.03,-35.73
CELLO,369.1,2026-07-02,-1.32,-5.16,-4.23,-8.76,-32.55,-39.13
CORDSCABLE,213.6,2026-07-02,2.99,-1.45,-4.23,42.43,13.9,8.54
ACL,52.03,2026-07-02,-1.36,-1.68,-4.25,15.73,-22.37,-22.18
RTNPOWER,9.22,2026-07-02,2.33,-2.23,-4.26,11.62,-5.53,-37.58
ACCELYA,1106.6,2026-07-02,0.56,-1.4,-4.28,-3.51,-12.59,-17.0
DOLLEX,30.1,2026-07-01,0.0,-0.5,-4.29,11.28,-23.21,-24.56
GUJRAFFIA,40.86,2026-07-02,1.95,-5.96,-4.29,6.21,-19.02,1.74
DREAMFOLKS,70.42,2026-07-02,5.91,-0.8,-4.29,4.17,-35.39,-68.62
KPIGREEN,402.55,2026-07-02,1.77,-2.06,-4.29,3.96,-16.99,-21.66
VASA,4.45,2026-07-01,0.0,0.0,-4.3,-6.32,-11.0,12.66
SKP,155.0,2026-07-01,1.31,-2.21,-4.32,4.38,-16.33,-29.71
GLOBE,2.21,2026-07-02,0.0,-0.9,-4.33,1.84,-25.34,-12.3
SAHYADRI,278.6,2026-07-02,1.75,-4.82,-4.33,28.35,8.4,-7.56
SOFTTECH,442.9,2026-07-02,1.59,2.23,-4.34,75.52,41.75,8.28
KINGFA,5107.5,2026-07-02,2.42,0.57,-4.35,21.82,15.13,48.73
RUCHIRA,110.4,2026-07-02,0.55,0.79,-4.38,7.43,-10.03,-18.06
V2RETAIL,229.79,2026-07-02,0.71,-3.66,-4.38,19.86,-5.77,26.01
SUNDARAM,1.31,2026-07-02,-1.5,-3.68,-4.38,7.38,-27.22,-40.72
DHRUV,27.13,2026-07-02,-4.27,-5.14,-4.4,-14.85,-42.58,-57.54
SILLYMONKS,16.26,2026-07-02,0.31,-6.17,-4.41,6.9,-17.46,-0.79
PRSMJOHNSN,115.92,2026-07-02,-1.39,-4.78,-4.42,-6.27,-16.7,-27.46
AUROIMPEX,27.0,2026-07-01,4.85,-1.64,-4.42,4.05,-32.5,-41.94
RBMINFRA,279.4,2026-07-01,1.58,-7.27,-4.46,-6.52,-32.8,-40.65
MOSCHIP,208.52,2026-07-02,3.34,-2.21,-4.47,25.29,-1.2,18.28
VGL,63.9,2026-07-02,-1.99,-8.27,-4.48,25.94,-16.05,-13.65
BAIDFIN,10.01,2026-07-02,0.2,0.1,-4.48,-0.69,-9.49,-12.66
VIDHIING,283.4,2026-07-02,0.3,-0.89,-4.51,-10.09,-16.1,-31.98
SAKHTISUG,17.1,2026-07-02,2.83,-1.89,-4.52,18.92,-11.81,-33.12
SIRCA,401.3,2026-07-02,-1.25,-3.0,-4.53,-4.93,-20.32,8.75
GODFRYPHLP,2171.4,2026-07-02,-1.0,-5.08,-4.53,13.69,-3.46,-25.54
KRITIKA,5.89,2026-07-02,1.73,-1.34,-4.54,13.71,-19.65,-40.74
SYNCOMF,14.25,2026-07-02,2.37,1.93,-4.55,26.11,-1.45,-25.51
KALPATARU,305.55,2026-07-02,0.41,-6.32,-4.55,6.26,-19.75,-26.25
MODINATUR,450.65,2026-07-02,7.35,10.72,-4.57,49.12,26.36,
RAIN,188.85,2026-07-02,2.22,-2.01,-4.57,67.01,28.98,29.61
SABEVENTS,8.34,2026-07-02,-1.77,8.74,-4.58,-2.11,-10.32,34.73
SHARIABEES,450.24,2026-07-02,0.24,-0.55,-4.58,-0.21,-13.6,-12.63
SHANTIGOLD,220.04,2026-07-02,-1.18,2.16,-4.59,29.99,15.52,
TRACXN,30.26,2026-07-02,0.9,-0.26,-4.6,3.14,-25.34,-47.89
JITFINFRA,304.9,2026-07-02,-3.41,5.68,-4.6,-0.05,9.09,-14.15
SONAMLTD,54.45,2026-07-02,5.83,0.85,-4.61,1.51,29.67,11.76
SHRADHA,33.79,2026-07-02,-0.47,-3.01,-4.66,9.42,-9.51,-52.31
CSBBANK,351.5,2026-07-02,6.89,-3.35,-4.67,-4.76,-27.25,-10.29
AIRAN,16.15,2026-07-02,-0.92,-2.65,-4.72,7.95,-11.84,-47.95
ORIENTBELL,318.7,2026-07-02,-1.44,0.11,-4.72,22.25,5.06,-1.02
SAIFL,5.05,2026-07-01,-7.34,-9.82,-4.72,-42.94,-62.03,-81.09
A2ZINFRA,13.7,2026-07-02,-0.36,-3.72,-4.73,-13.62,-11.78,-30.46
MBLINFRA,27.3,2026-07-02,5.0,1.26,-4.75,23.87,-15.35,-36.6
RAJOOENG,51.86,2026-07-02,-2.0,-7.67,-4.76,-2.68,-19.5,-51.82
SECL,3.0,2026-07-01,0.0,0.0,-4.76,-16.67,-26.83,-55.22
GICRE,359.65,2026-07-02,-1.21,-2.61,-4.77,-4.99,-5.24,-2.64
RADAAN,2.99,2026-07-02,-1.64,-4.47,-4.78,4.18,-13.08,-28.12
PIIND,2608.5,2026-07-02,1.9,-7.03,-4.79,-6.75,-19.77,-37.16
NTPCGREEN,96.47,2026-07-02,2.12,-0.73,-4.81,-0.77,-0.66,-8.57
STLTECH,562.6,2026-07-02,-9.92,-9.83,-4.81,216.37,442.84,402.32
ORIENTPPR,17.03,2026-07-02,1.25,-3.79,-4.81,5.65,-26.4,-40.16
ADANIPOWER,224.55,2026-07-02,-1.1,-3.95,-4.82,40.37,51.55,89.85
CESC,170.2,2026-07-02,3.48,-2.31,-4.86,11.06,-2.95,-0.66
ESABINDIA,5816.5,2026-07-02,1.07,0.65,-4.9,11.23,-5.27,14.8
VBL,510.65,2026-07-02,1.3,-0.45,-4.91,26.77,3.64,13.07
MINDTECK,204.51,2026-07-02,0.52,-2.53,-4.93,23.26,-7.17,-10.37
SATIPOLY,31.85,2026-07-01,0.0,-6.05,-4.93,8.89,-46.92,-64.88
PALASHSECU,91.33,2026-07-02,0.27,-4.12,-4.93,9.29,-14.83,-27.93
GODREJAGRO,554.25,2026-07-02,-0.61,-3.95,-4.94,-2.71,-3.43,-30.13
CANARYS,19.15,2026-07-01,-8.15,-12.16,-4.96,7.58,-36.48,-38.33
GENUSPAPER,11.85,2026-07-02,-1.09,-5.95,-4.97,11.27,-8.99,-42.11
CADSYS,66.95,2026-07-01,-4.97,-4.97,-4.97,47.47,34.17,-4.22
BONLON,41.62,2026-07-02,-0.6,-5.62,-4.98,14.15,,
VISAMAN,107.6,2026-07-01,0.0,0.0,-4.99,2.82,-15.34,138.58
CYIENT,879.45,2026-07-02,-0.24,0.32,-4.99,9.27,-20.48,-30.47
SECURKLOUD,19.03,2026-07-02,0.16,0.0,-4.99,-1.81,-26.92,-22.23
SECMARK,122.43,2026-07-02,-2.58,-3.6,-5.03,14.74,-0.81,-19.64
TRANSWIND,13.15,2026-07-01,4.78,-0.38,-5.05,-32.56,-48.43,-17.55
NESCO,1116.6,2026-07-02,2.09,-1.45,-5.07,4.54,-10.38,-5.0
SRHHYPOLTD,485.0,2026-07-02,0.51,-2.33,-5.08,15.12,-6.3,-24.22
TVVISION,5.03,2026-07-02,-4.19,-3.27,-5.09,-2.33,-36.01,-32.57
BALAXI,24.13,2026-07-02,2.29,4.59,-5.11,14.25,-10.83,-50.83
INNOVISION,283.45,2026-07-02,0.28,-4.5,-5.11,-15.05,,
COFORGE,1441.9,2026-07-02,-3.32,-2.83,-5.11,18.83,-12.42,-24.62
LAXMIDENTL,224.78,2026-07-02,0.35,-0.31,-5.12,24.66,-17.01,-46.9
HEG,521.95,2026-07-02,0.92,-2.91,-5.13,-5.1,-15.77,4.16
SEPC,6.64,2026-07-02,3.27,-8.92,-5.14,18.57,-34.0,-50.45
ASMS,7.16,2026-07-02,0.28,-6.89,-5.17,-9.71,-40.33,-46.61
GTPL,61.05,2026-07-02,1.28,-3.87,-5.17,1.28,-38.51,-47.99
RNBDENIMS,10.35,2026-07-02,-3.36,-6.59,-5.22,-46.68,-76.41,
RUDRA,17.26,2026-07-02,0.35,-2.76,-5.22,5.31,-33.49,
INCREDIBLE,32.96,2026-07-02,-0.84,-4.55,-5.23,6.53,-19.26,-22.01
OSWALGREEN,22.81,2026-07-02,0.88,-4.16,-5.23,-0.7,-32.29,-50.48
JKLAKSHMI,571.5,2026-07-02,-5.22,-6.18,-5.24,-2.83,-28.41,-42.04
AJOONI,3.8,2026-07-02,4.4,2.43,-5.24,-6.17,-12.24,-35.7
TATACHEM,688.75,2026-07-02,-5.61,-6.09,-5.25,7.28,-7.4,-25.14
CMICABLES,3.05,2026-07-01,0.0,3.39,-5.28,-11.08,-46.58,1.67
AMNPLST,191.75,2026-07-02,2.2,-2.12,-5.29,36.22,-0.3,-20.53
BEDMUTHA,108.55,2026-07-02,1.14,-1.16,-5.29,10.49,-2.58,-28.51
PGHH,8886.0,2026-07-02,0.83,-2.95,-5.31,-8.93,-29.73,-31.96
CAPTRUST,13.02,2026-07-02,2.6,2.36,-5.31,14.71,0.93,-82.25
SGIL,560.35,2026-07-02,-0.01,-4.51,-5.33,15.37,8.22,7.17
ANTELOPUS,808.65,2026-07-02,-0.03,-0.65,-5.33,36.83,98.98,17.93
TARMAT,49.18,2026-07-02,-1.88,-6.64,-5.33,-11.34,-3.7,-9.43
NIPPOBATRY,348.25,2026-07-02,0.43,-2.03,-5.33,19.82,-15.81,-24.23
LPDC,6.56,2026-07-02,2.02,-2.09,-5.34,13.69,-8.76,-26.04
ASTRAZEN,8242.0,2026-07-02,2.28,-3.82,-5.37,5.3,-4.18,-8.23
XCHANGING,63.25,2026-07-02,2.75,-2.57,-5.37,15.72,-22.97,-34.99
UEL,130.53,2026-07-02,-0.52,-6.83,-5.37,-8.39,-3.45,25.95
ORIANA,1594.85,2026-07-01,2.31,-2.74,-5.37,-6.81,-29.12,-25.19
DEEM,52.85,2026-07-01,3.02,-2.85,-5.37,70.48,4.86,-14.83
CURAA,83.27,2026-07-02,-1.34,-1.97,-5.38,-23.45,-24.24,-49.16
PRECWIRE,405.35,2026-07-02,1.1,-4.12,-5.39,35.09,63.99,119.84
SSDL,55.85,2026-07-02,-2.68,-4.87,-5.39,0.52,-28.54,-43.91
CIFL,22.96,2026-07-02,-2.21,-9.78,-5.4,2.96,-34.25,-42.89
SOTAC,105.0,2026-07-01,0.0,-5.41,-5.41,-2.78,-14.7,-29.94
MHHL,35.0,2026-07-01,-0.99,14.19,-5.41,-6.04,-6.67,-41.62
INFINIUM,200.0,2026-07-01,-2.91,-6.54,-5.44,-0.99,-11.07,-32.66
VIVO,77.35,2026-07-01,0.0,-0.19,-5.44,1.78,-0.83,20.86
NAHARSPING,260.0,2026-07-02,1.56,2.1,-5.45,14.33,33.63,-7.45
MASPTOP50,78.02,2026-07-02,2.38,-0.32,-5.46,12.24,8.8,41.01
SRTL,39.65,2026-07-02,-1.12,-1.1,-5.46,-6.88,,
SUNFLAG,355.3,2026-07-02,4.21,-0.78,-5.47,65.9,29.93,13.67
MAXESTATES,421.0,2026-07-02,-0.7,-8.22,-5.48,26.67,-6.84,-14.3
CEREBRAINT,3.08,2026-07-02,-12.75,-18.73,-5.52,-24.14,-50.4,-56.25
MUKANDLTD,132.96,2026-07-02,1.41,-3.41,-5.55,8.45,-4.21,-6.58
DPEL,475.3,2026-07-01,0.27,-1.69,-5.55,13.37,74.55,237.81
MAGNUM,19.03,2026-07-02,-1.91,-4.61,-5.56,-8.51,-17.26,-26.15
PRAKASH,139.05,2026-07-02,-0.49,-4.24,-5.57,13.21,-5.74,-12.09
SAURASHCEM,55.93,2026-07-02,-2.07,-5.4,-5.64,4.82,-33.06,-39.29
LGHL,221.14,2026-07-02,-0.39,-2.15,-5.64,-6.64,-31.87,-27.11
NAVKARURB,1.0,2026-07-02,-4.76,-12.28,-5.66,38.89,-42.2,-50.16
VITAL,47.2,2026-07-02,-10.61,-11.03,-5.66,-0.3,-16.68,-25.67
SHINDL,146.35,2026-07-02,0.79,-4.35,-5.67,,,
DCAL,187.75,2026-07-02,11.38,8.44,-5.7,27.29,-26.31,-26.0
SITINET,0.33,2026-07-02,-2.94,-2.94,-5.71,10.0,-8.33,-34.0
PRUDMOULI,15.02,2026-07-02,-2.47,-8.13,-5.71,21.32,-25.01,-60.26
ALPHAGEO,199.69,2026-07-02,0.36,-4.33,-5.71,8.15,-13.04,-27.13
JINDALPOLY,617.65,2026-07-02,-3.21,-7.76,-5.72,-20.03,28.69,2.09
KAKATCEM,117.99,2026-07-02,-1.25,-3.81,-5.72,25.51,-8.31,-25.48
VILINBIO,44.1,2026-07-01,10.11,-7.84,-5.77,18.07,121.05,66.73
NATHBIOGEN,164.87,2026-07-02,-0.18,-1.99,-5.77,17.12,2.31,-18.25
BCG,9.91,2026-07-02,0.81,-4.44,-5.8,10.73,-6.07,-3.32
STYLEBAAZA,307.8,2026-07-02,15.74,-5.7,-5.81,2.09,7.74,-4.34
FCL,39.89,2026-07-02,4.26,-12.16,-5.83,88.25,62.95,43.7
ALLCARGO,8.37,2026-07-02,3.46,-2.11,-5.85,8.42,-26.84,-76.04
MEDICAMEQ,256.75,2026-07-02,6.36,12.61,-5.85,12.13,-32.31,-36.04
SIGMA,38.4,2026-07-02,-0.6,0.52,-5.86,-1.99,-34.77,3.01
QUESTLAB,96.15,2026-07-01,-1.84,-5.46,-5.87,-6.06,-13.38,0.58
IITL,132.95,2026-07-02,1.6,3.37,-5.9,0.67,-20.43,-21.32
PTC,177.28,2026-07-02,-2.53,-6.67,-5.93,7.31,7.79,3.96
OWAIS,114.8,2026-07-01,-3.2,-8.93,-5.94,1.19,-57.58,-80.01
JPPOWER,17.86,2026-07-02,0.28,-1.98,-5.95,18.99,0.96,-5.0
PVSL,92.94,2026-07-02,3.03,-1.97,-5.95,0.63,-21.41,-31.96
NOVAAGRI,24.91,2026-07-02,1.8,-2.5,-5.96,4.8,-37.41,-49.66
ASPIRE,15.0,2026-07-01,-0.99,4.17,-5.96,40.19,-3.23,-47.18
MPHASIS,2245.4,2026-07-02,1.7,-1.52,-5.96,1.61,-20.01,-20.71
ANNAPURNA,131.5,2026-07-01,2.29,-0.42,-5.97,-27.69,-32.51,-54.55
GOPAL,277.2,2026-07-02,0.27,-2.79,-6.0,6.25,-13.01,-20.79
BAGFILMS,4.7,2026-07-02,4.44,-3.89,-6.0,12.17,-25.04,-36.14
KEL,79.9,2026-07-01,1.46,4.51,-6.0,6.53,-20.1,-34.51
EMKAYTOOLS,95.85,2026-07-01,2.35,0.89,-6.03,3.62,-15.18,-57.48
IRFC,90.83,2026-07-02,0.24,-9.98,-6.04,-1.1,-28.55,-34.02
AHLADA,38.71,2026-07-02,-2.15,-3.83,-6.04,11.11,-18.38,-41.09
NUVOCO,315.8,2026-07-02,3.83,0.62,-6.04,7.82,-11.43,-12.79
MAHAPEXLTD,45.34,2026-07-02,-3.55,-5.56,-6.05,-0.9,-56.58,-60.25
SHIVAMILLS,62.0,2026-07-02,4.01,-2.82,-6.06,30.39,1.11,-19.18
AMDIND,45.96,2026-07-02,2.8,0.42,-6.09,19.53,-2.81,-6.74
21STCENMGM,31.75,2026-07-02,-2.61,-6.2,-6.09,10.17,-35.72,-45.95
BLS,252.7,2026-07-02,-1.0,-5.39,-6.11,-5.85,-19.66,-29.63
KRITI,70.06,2026-07-02,1.49,-3.35,-6.11,0.3,-12.44,-55.08
SAHAJSOLAR,129.6,2026-07-01,-1.82,-5.02,-6.12,24.2,-23.9,-52.75
EMUDHRA,436.95,2026-07-02,-1.28,-3.8,-6.12,6.49,-23.98,-42.1
PCCL,244.0,2026-07-01,0.62,5.33,-6.15,-0.51,17.48,31.22
PASHUPATI,87.72,2026-07-02,1.33,0.42,-6.15,-10.57,8.48,32.8
BCPL,72.45,2026-07-02,-1.36,-4.58,-6.15,12.84,,
ARIS,108.5,2026-07-02,-4.2,-9.73,-6.19,4.81,-17.45,-32.33
HMAAGRO,22.35,2026-07-02,1.96,1.45,-6.21,-5.5,-24.13,-27.66
JWL,266.45,2026-07-02,-0.98,-4.69,-6.21,3.83,-21.23,-30.56
NEPHROCARE,67.95,2026-07-01,5.59,-0.07,-6.21,19.42,-38.37,-42.95
PASUPTAC,63.84,2026-07-02,0.46,-4.03,-6.24,43.69,24.35,12.53
DOLPHIN,377.15,2026-07-02,2.33,-2.42,-6.24,-6.43,-21.33,-20.47
RKDL,18.89,2026-07-02,1.07,-0.63,-6.25,-2.73,-22.07,-35.77
MASTERTR,76.18,2026-07-02,0.87,-5.6,-6.27,2.63,-35.58,-46.17
GESHIP,1421.9,2026-07-02,-6.65,-3.49,-6.28,-0.55,29.46,46.26
AGIIL,357.55,2026-07-02,-2.38,-2.42,-6.3,20.21,30.8,80.38
PARAGON,47.55,2026-07-01,-0.94,-7.04,-6.31,19.62,15.98,-26.28
OMFURN,55.55,2026-07-01,2.78,1.83,-6.32,38.87,-35.74,-47.1
AUSOMENT,115.35,2026-07-02,0.76,-0.91,-6.33,18.97,4.27,7.84
SICAGEN,53.42,2026-07-02,1.06,-2.87,-6.35,119.38,119.38,119.38
QUINTEGRA,1.32,2026-07-01,0.0,-2.22,-6.38,10.92,-8.97,-27.47
BRNL,18.32,2026-07-02,-0.97,-2.71,-6.39,-1.29,-17.18,-11.37
REMSONSIND,83.14,2026-07-02,2.54,-2.65,-6.43,-8.14,-34.03,-38.24
TUNWAL,27.65,2026-07-01,3.17,2.22,-6.43,-5.15,-27.43,-10.8
ATLANTAA,38.86,2026-07-02,-0.61,-5.08,-6.45,2.94,-12.58,2.42
SANCO,2.9,2026-07-01,0.0,0.0,-6.45,27.75,19.83,-25.64
DUCON,3.18,2026-07-02,-4.79,-9.4,-6.47,5.3,-11.17,-51.52
MOIL,277.1,2026-07-02,-1.05,-4.94,-6.48,-5.49,-25.35,-27.53
ULTRAMAR,371.25,2026-07-02,-4.91,-0.07,-6.49,,,
IL&FSTRANS,2.16,2026-07-02,-5.26,-16.28,-6.49,13.68,-27.52,-47.06
KHANDSE,17.54,2026-07-02,2.33,-2.5,-6.5,25.38,-18.11,-26.55
PRECOT,716.8,2026-07-02,0.92,-5.53,-6.51,30.81,86.01,34.05
GUJAPOLLO,363.85,2026-07-02,1.03,-3.44,-6.54,-13.75,-15.57,-4.32
KRITINUT,83.6,2026-07-02,0.61,-2.56,-6.56,36.91,8.29,-26.11
IVP,163.03,2026-07-02,0.92,3.56,-6.56,30.38,5.88,-17.22
TAPIFRUIT,49.0,2026-07-01,0.0,-2.0,-6.58,-16.81,-31.94,-36.07
CUBEXTUB,82.07,2026-07-02,-1.25,-5.35,-6.59,-2.71,-32.45,-18.72
KARMAENG,41.08,2026-07-02,-0.94,1.21,-6.59,9.75,-17.16,-41.99
CAMPUS,234.19,2026-07-02,0.79,-1.0,-6.59,1.82,-10.56,-13.84
CREATIVEYE,6.22,2026-07-02,-1.58,-4.6,-6.61,0.97,-13.01,-35.54
CONSOFINVT,225.01,2026-07-02,-0.21,-0.18,-6.62,7.51,36.59,10.86
BHANDARI,2.96,2026-07-02,-0.34,-2.31,-6.62,2.07,-30.19,-45.6
MASTEK,1613.4,2026-07-02,3.22,0.47,-6.63,6.97,-23.46,-33.42
JSWSTEEL,1223.8,2026-07-02,-0.7,-4.57,-6.64,7.23,3.65,15.77
BANARBEADS,100.84,2026-07-02,-0.17,-0.26,-6.65,-3.68,-20.85,-18.53
INA,115.84,2026-07-02,2.0,-3.4,-6.66,26.0,,
ARENTERP,35.6,2026-07-02,0.25,-10.64,-6.71,-0.53,-20.7,-36.7
SEL,187.5,2026-07-01,3.59,2.29,-6.72,42.05,-10.71,-30.17
ASIANHOTNR,286.8,2026-07-02,-0.88,-4.83,-6.72,-2.27,-11.48,-22.19
VHLTD,130.57,2026-07-02,-0.63,-3.34,-6.73,-6.24,-7.27,30.61
TRUALT,472.3,2026-07-02,2.74,-1.67,-6.76,14.03,14.87,
DEEPAKNTR,1572.4,2026-07-02,0.56,-5.93,-6.77,14.13,-8.11,-20.85
OLIL,417.0,2026-07-01,-1.42,-3.68,-6.77,32.38,37.22,104.21
DONEAR,86.98,2026-07-02,-0.05,-4.19,-6.81,-0.36,-6.99,-20.01
TARACHAND,56.14,2026-07-02,-0.34,-2.23,-6.81,-3.57,-29.48,-19.27
PROZONER,47.29,2026-07-02,5.42,-0.73,-6.82,2.32,-18.63,25.84
LANDSMILL,0.82,2026-07-02,-2.38,-2.38,-6.82,-20.39,-42.25,-8.89
NAGREEKEXP,25.5,2026-07-02,-2.45,-5.66,-6.83,26.24,-0.58,-12.43
MANDEEP,18.4,2026-07-01,-4.17,-6.6,-6.84,1.1,-22.03,-31.09
KELLTONTEC,15.67,2026-07-02,2.35,0.51,-6.84,3.77,-17.31,-39.0
SHREERAMA,43.05,2026-07-02,2.01,-1.22,-6.86,-6.9,-36.69,8.06
COMPINFO,1.22,2026-07-02,-3.17,-8.27,-6.87,24.49,-27.38,-38.38
PENINLAND,15.29,2026-07-02,-0.52,-1.92,-6.88,-7.28,-39.4,-51.95
SIKKO,3.79,2026-07-02,0.0,-4.77,-6.88,-12.67,-25.83,-2.19
MEIL,300.0,2026-07-02,0.03,-5.66,-6.92,25.73,-20.16,
BABAFP,23.5,2026-07-01,-6.0,-3.09,-6.93,12.98,-29.32,-39.74
BAYERCROP,4155.8,2026-07-02,2.2,-0.55,-6.94,-12.69,-8.6,-33.22
GLOBALPET,147.0,2026-07-01,0.0,1.38,-6.96,54.9,22.5,8.89
LOYALTEX,201.0,2026-07-02,-8.78,-3.37,-6.97,8.71,-9.14,-30.77
ZODIAC,267.85,2026-07-02,-2.85,-4.42,-6.98,9.53,-12.15,-44.49
TERASOFT,400.05,2026-07-02,-2.78,-5.82,-6.99,26.78,-4.49,34.02
ALLETEC,136.85,2026-07-01,-2.11,-5.75,-7.0,-3.18,-36.27,-63.72
HAPPSTMNDS,351.95,2026-07-02,4.24,1.02,-7.01,-10.48,-24.49,-44.89
ARSHIYA,1.06,2026-07-02,-1.85,0.0,-7.02,-19.7,-15.2,-57.26
CYBERMEDIA,16.29,2026-07-02,1.81,-4.9,-7.02,22.48,-4.96,-10.05
SHIVALIK,234.75,2026-07-02,5.03,7.14,-7.03,-2.05,-35.1,-55.61
FLAIR,267.5,2026-07-02,1.15,-5.09,-7.04,-9.63,-14.74,-3.56
COALINDIA,438.9,2026-07-02,-1.34,-2.25,-7.04,-2.33,3.93,21.42
PLAZACABLE,44.5,2026-07-02,-3.3,-7.54,-7.06,35.59,5.78,-26.13
IMFA,1358.3,2026-07-02,3.29,-5.01,-7.06,8.02,-9.21,75.04
TECHM,1421.3,2026-07-02,1.82,1.72,-7.1,1.28,-9.44,-10.43
WAAREEENER,2879.6,2026-07-02,-0.23,-5.94,-7.1,-6.22,0.46,-2.85
CLSL,41.8,2026-07-01,-2.79,-5.0,-7.11,1.83,-19.62,-19.15
PRITI,39.2,2026-07-02,-1.83,-8.84,-7.13,9.41,-34.95,-57.94
FEL,0.39,2026-07-02,-2.5,-4.88,-7.14,2.63,-18.75,-35.0
QUICKTOUCH,24.05,2026-07-01,-1.64,-5.69,-7.14,-11.9,-40.32,-63.06
PIONEEREMB,22.85,2026-07-02,2.33,-7.23,-7.15,5.11,-19.46,-46.76
SUPREMEIND,3275.6,2026-07-02,2.55,-8.05,-7.16,-9.43,-6.66,-23.11
MONOPHARMA,11.0,2026-07-01,-0.9,0.0,-7.17,-1.35,-24.14,-57.12
NEWGEN,480.9,2026-07-02,2.7,-0.34,-7.18,9.21,-42.76,-57.64
RUBFILA,72.38,2026-07-02,3.09,-0.25,-7.22,13.72,-1.75,-16.02
ICDSLTD,40.46,2026-07-02,-1.46,-4.58,-7.22,-1.37,-10.53,-26.6
DHARMAJ,265.1,2026-07-02,1.53,0.45,-7.24,8.15,8.14,-16.87
SURAKSHA,269.25,2026-07-02,-1.48,-3.37,-7.24,9.91,-2.67,-16.41
NRAIL,427.25,2026-07-02,-1.38,-9.63,-7.25,4.51,-10.13,13.23
HINDOILEXP,159.31,2026-07-02,-0.24,-3.46,-7.26,28.54,1.87,-3.73
TEAMGTY,231.87,2026-07-02,-3.35,-1.08,-7.27,-9.78,-21.04,32.59
NETWEB,4435.0,2026-07-02,-0.44,-13.23,-7.27,40.57,46.66,139.35
GSPCROP,395.55,2026-07-02,2.13,-9.05,-7.29,7.57,,
AFFORDABLE,172.36,2026-07-02,2.66,1.1,-7.3,19.45,-17.44,-63.54
NEWJAISA,18.35,2026-07-01,3.97,3.67,-7.32,2.23,-34.35,-53.54
CRIZAC,200.07,2026-07-02,1.18,-4.92,-7.4,3.4,-27.02,
GATECH,0.5,2026-07-02,2.04,-1.96,-7.41,16.28,-9.09,-44.44
MARALOVER,53.42,2026-07-02,-1.07,-6.2,-7.42,37.61,21.57,-28.74
DCG,53.6,2026-07-01,-1.83,-6.62,-7.43,-1.56,-20.89,-15.66
DIGIKORE,51.0,2026-07-01,-4.49,-5.2,-7.44,-27.56,-29.41,-73.16
WALPAR,29.15,2026-07-01,10.0,21.21,-7.46,-35.93,-36.49,-41.23
NEAGI,3053.8,2026-07-02,-1.49,-4.54,-7.46,,,
GROWWMETAL,11.91,2026-07-02,-0.5,-3.72,-7.46,9.37,9.92,
SPORTKING,176.39,2026-07-02,0.93,-1.22,-7.47,37.3,102.61,57.25
ROSSTECH,999.55,2026-07-02,7.58,-7.56,-7.49,38.04,58.7,137.29
RAMKY,407.35,2026-07-02,2.09,-4.76,-7.53,-9.34,-26.57,-27.53
AHLEAST,144.89,2026-07-02,-1.19,-5.85,-7.54,-4.51,-1.79,-6.42
SUNREST,34.0,2026-07-01,-3.0,0.29,-7.61,-9.33,-20.93,-37.33
METAL,12.62,2026-07-02,-0.24,-4.47,-7.61,9.36,9.93,29.7
DYNPRO,237.78,2026-07-02,2.45,2.43,-7.64,10.24,-7.03,-20.94
SASKEN,2159.4,2026-07-02,-1.28,-12.11,-7.66,81.94,39.73,50.76
SIGNATURE,763.5,2026-07-02,3.12,-3.71,-7.68,1.87,-32.25,-38.77
PML,479.8,2026-07-02,-2.24,-4.63,-7.7,,,
ONESOURCE,1687.6,2026-07-02,5.56,4.51,-7.71,20.16,-6.22,-16.16
EXCELSOFT,81.78,2026-07-02,8.52,1.26,-7.73,7.92,-8.24,
KONSTELEC,45.95,2026-07-01,9.4,-4.27,-7.73,52.91,-10.34,-32.33
BI,61.0,2026-07-02,8.58,6.96,-7.77,,,
GRAPHISAD,29.0,2026-07-01,3.57,-0.17,-7.79,-14.45,-40.7,-29.44
GUJALKALI,612.75,2026-07-02,0.75,-6.44,-7.84,1.54,21.42,6.64
ORICONENT,56.77,2026-07-02,2.6,-0.32,-7.84,-13.85,-5.38,28.11
AJAXENGG,543.75,2026-07-02,0.43,-4.24,-7.9,24.14,-8.63,-13.28
BAWEJA,28.55,2026-07-01,-4.52,-1.04,-7.9,19.21,-33.53,-46.08
DCMFINSERV,5.45,2026-07-02,-0.55,0.18,-7.94,16.45,0.93,-18.17
INNOVATIVE,76.5,2026-07-01,0.0,-0.58,-7.94,-22.96,-17.92,-9.57
DRSDILIP,110.0,2026-07-01,0.0,0.0,-7.95,-7.95,83.03,12.24
LYPSAGEMS,4.61,2026-07-02,-3.35,-7.24,-7.98,-3.35,-15.26,-40.52
VRAJ,115.68,2026-07-02,-0.98,-4.87,-7.99,11.22,-12.18,-34.72
METALIETF,12.53,2026-07-02,-0.48,-4.5,-8.0,8.58,9.15,29.04
STLNETWORK,26.29,2026-07-02,-3.59,-8.21,-8.01,40.59,15.61,
KCPSUGIND,22.0,2026-07-02,-0.36,-0.41,-8.03,-8.56,-15.84,-39.72
IVZINGOLD,124.25,2026-07-02,1.35,-2.7,-8.03,-99.02,-98.95,-98.54
HSBCGOLD,123.97,2026-07-02,0.96,-2.96,-8.05,-2.18,,
TTL,6.72,2026-07-02,-1.32,-2.61,-8.07,-23.46,-20.19,-55.48
PRAENG,19.71,2026-07-02,-3.81,-6.45,-8.07,-7.2,-25.9,-16.02
BSHSL,89.45,2026-07-02,-3.02,-3.28,-8.07,2.35,-16.46,-36.5
TWCGOLDETF,142.04,2026-07-02,1.12,-2.77,-8.08,-2.31,,
APEX,405.5,2026-07-02,2.55,-1.97,-8.09,7.69,37.02,58.69
LATTEYS,21.0,2026-07-02,-0.05,-4.46,-8.14,9.95,-2.64,-15.05
BHARATRAS,1341.1,2026-07-02,-0.3,-3.89,-8.15,-4.9,-39.1,-53.52
GOLDBND,142.35,2026-07-02,0.99,-2.77,-8.18,-4.53,,
PENTAGON,54.9,2026-07-01,-3.6,-6.87,-8.19,-0.18,-17.44,-12.09
EASTSILK,49.58,2026-07-02,3.29,-5.26,-8.2,-22.04,-39.98,2654.44
TRIGYN,53.76,2026-07-02,5.83,-6.11,-8.23,17.15,-20.04,-35.6
UNIONGOLD,139.4,2026-07-02,1.79,-2.86,-8.23,-2.07,5.33,44.91
WELINV,1705.8,2026-07-02,-0.54,0.65,-8.24,31.07,30.24,28.76
UPL,588.75,2026-07-02,3.58,-2.77,-8.24,-0.72,-26.83,-11.67
WAAREEINDO,387.95,2026-07-02,-1.42,-7.77,-8.26,1.35,-24.32,67.05
BIRLACABLE,196.09,2026-07-02,-2.47,-11.8,-8.27,71.86,43.61,9.76
BGRENERGY,311.2,2026-07-02,2.55,-8.43,-8.28,16.31,-13.34,194.42
INFOLLION,170.5,2026-07-01,-0.35,-1.36,-8.28,-43.17,-56.28,-64.53
ECLERX,1391.3,2026-07-02,3.42,-4.04,-8.3,-3.84,-41.07,-19.07
DECCANCE,567.6,2026-07-02,-5.21,-1.67,-8.3,-5.32,-22.34,-37.55
VIDYAWIRES,100.09,2026-07-02,-1.48,-8.63,-8.31,91.27,99.66,
AXISGOLD,118.82,2026-07-02,1.24,-2.65,-8.31,-1.62,5.24,45.51
GOLD360,139.2,2026-07-02,1.16,-2.42,-8.33,-1.73,5.86,44.7
URJA,9.8,2026-07-02,3.27,-2.68,-8.33,6.64,-13.81,-35.74
ELIN,101.77,2026-07-02,3.39,-5.43,-8.36,-10.17,-38.92,-42.31
ASTEC,721.95,2026-07-02,1.3,-7.14,-8.37,32.96,0.95,-23.42
PAKKA,80.38,2026-07-02,0.42,-0.69,-8.38,-7.52,-26.22,-62.04
GOLD1,118.8,2026-07-02,1.1,-2.77,-8.38,-2.19,5.76,45.27
NIRAJISPAT,200.58,2026-07-01,-1.19,0.56,-8.41,4.44,-3.93,-56.07
GOLDADD,138.4,2026-07-02,1.19,-2.61,-8.41,-2.22,5.5,45.41
TATAGOLD,13.82,2026-07-02,1.02,-2.81,-8.42,-2.33,5.42,45.17
PATANJALI,413.45,2026-07-02,0.21,-1.15,-8.44,-11.13,-25.49,-23.69
MOS,13.55,2026-07-01,9.27,-1.45,-8.45,33.5,-40.83,-94.62
QGOLDHALF,117.91,2026-07-02,0.96,-2.79,-8.46,-2.47,5.61,45.57
LICMFGOLD,128.05,2026-07-02,0.71,-2.85,-8.47,-1.84,-98.95,-98.55
MOGOLD,140.55,2026-07-02,0.79,-2.94,-8.47,-3.8,4.3,
GOLDIETF,121.93,2026-07-02,1.05,-2.78,-8.49,-2.06,5.35,45.47
BSLGOLDETF,125.05,2026-07-02,1.05,-2.91,-8.49,-2.35,5.23,45.29
GROWWGOLD,13.91,2026-07-02,1.02,-2.86,-8.49,-2.25,-89.48,-85.5
EGOLD,142.35,2026-07-02,1.53,-2.73,-8.49,-3.1,5.52,44.89
GOLDBETA,119.75,2026-07-02,1.14,-2.8,-8.52,-2.64,5.46,45.86
GOLDETF,138.15,2026-07-02,1.25,-2.9,-8.52,-2.42,5.28,45.21
SETFGOLD,121.44,2026-07-02,0.85,-2.81,-8.53,-2.32,5.12,45.18
KEEPLEARN,1.93,2026-07-02,0.52,-2.53,-8.53,10.29,-21.54,-42.9
AONEGOLD,13.3,2026-07-02,1.22,-2.78,-8.53,-2.92,5.47,
GOLDBEES,117.69,2026-07-02,1.08,-2.83,-8.53,-2.4,5.25,45.1
UNITEDTEA,483.75,2026-07-02,2.57,-0.81,-8.54,-5.74,5.81,9.96
OSIAHYPER,3.21,2026-07-02,1.26,-3.6,-8.55,-8.81,-79.4,-77.89
SANGANI,44.9,2026-07-01,4.42,-0.22,-8.55,10.86,-16.77,-35.21
TEGA,1670.5,2026-07-02,-2.02,-4.94,-8.57,-3.27,-14.34,4.34
HNGSNGBEES,477.41,2026-07-02,-0.01,-0.37,-8.58,-0.29,-5.9,23.2
KESORAMIND,10.95,2026-07-02,-3.52,-7.28,-8.6,27.77,-8.37,90.1
MAHKTECH,21.75,2026-07-02,-0.14,-2.55,-8.61,-3.68,-15.01,-0.59
CELLECOR,35.5,2026-07-01,-0.56,-0.56,-8.62,36.54,22.2,-3.27
GOLDCASE,22.37,2026-07-02,1.04,-2.91,-8.62,-2.7,5.32,45.17
VCL,1.27,2026-07-02,-5.93,1.6,-8.63,-5.22,-43.3,45.98
CHOICEGOLD,141.01,2026-07-02,1.26,-3.13,-8.64,-2.79,5.19,
KSR,30.98,2026-07-02,-0.42,-5.64,-8.64,-3.52,30.0,
SILGO,75.61,2026-07-02,0.89,0.91,-8.71,3.1,-0.65,41.33
CONTI,12.05,2026-07-01,-2.03,-2.43,-8.71,-7.66,-45.72,-56.42
TATAPOWER,376.4,2026-07-02,-2.61,-6.7,-8.72,-1.63,-3.65,-6.87
ASHAPURMIN,663.05,2026-07-02,-1.34,-6.96,-8.73,35.41,-26.41,49.91
S&SPOWER,370.45,2026-07-02,-0.08,-2.81,-8.76,14.11,22.73,-0.15
GANESHCP,197.72,2026-07-02,2.15,-1.7,-8.79,9.66,-12.03,
BBNPPGOLD,137.45,2026-07-02,1.51,-3.31,-8.79,-2.86,5.04,44.0
EPIGRAL,1038.9,2026-07-02,-6.67,-8.32,-8.83,18.1,-16.25,-42.88
MAFANG,188.36,2026-07-02,1.77,-3.69,-8.84,21.89,12.31,30.56
CMNL,100.6,2026-07-01,0.3,3.93,-8.84,4.74,-18.04,-39.03
KDL,117.95,2026-07-01,4.98,-6.83,-8.85,11.12,-34.07,-62.1
VISHWARAJ,5.35,2026-07-02,-1.83,-5.98,-8.86,14.32,-22.69,-46.18
DPSCLTD,7.51,2026-07-02,2.74,-2.09,-8.86,-2.72,-25.12,-42.7
GREENPOWER,10.48,2026-07-02,0.48,-5.92,-8.87,13.05,-11.93,-28.42
ISHANCH,56.18,2026-07-02,-2.87,-3.0,-8.89,4.44,-13.61,-9.62
GMDCLTD,608.85,2026-07-02,5.26,-1.0,-8.91,4.55,-1.71,48.63
JINDRILL,552.85,2026-07-02,0.84,-5.28,-8.91,14.59,-3.16,-12.61
EUROBOND,168.32,2026-07-02,0.68,-4.34,-8.97,13.35,-4.14,-13.9
TATASTEEL,187.67,2026-07-02,-1.0,-5.68,-9.05,-1.34,4.74,15.47
KREBSBIO,59.02,2026-07-02,-2.09,-8.58,-9.05,23.91,-16.84,-32.27
VIVIANA,826.45,2026-07-02,0.76,-2.96,-9.1,21.49,8.17,-29.65
SOLARWORLD,185.38,2026-07-02,2.41,-1.96,-9.14,6.51,-33.79,
MITCON,79.62,2026-07-02,-3.26,-3.07,-9.15,32.77,19.05,-5.44
RPSGVENT,833.8,2026-07-02,-3.27,-4.52,-9.17,-18.35,10.52,-7.95
HDFCGOLD,121.52,2026-07-02,0.98,-2.75,-9.18,-2.5,5.26,45.06
DENEERS,184.55,2026-07-01,-4.01,-12.76,-9.18,24.91,23.03,-43.91
JAYNECOIND,90.32,2026-07-02,6.69,1.11,-9.24,14.34,-1.35,137.68
MEDPLUS,816.95,2026-07-02,1.92,-1.96,-9.24,-2.28,1.08,-8.02
GIPCL,157.66,2026-07-02,-3.15,-3.85,-9.27,21.23,-2.85,-24.9
ISFT,77.5,2026-07-02,-2.32,-4.39,-9.34,24.26,-15.38,-30.34
ENSER,14.05,2026-07-01,-5.07,-11.64,-9.35,32.55,-12.19,-11.08
HINDCOPPER,494.95,2026-07-02,-0.25,-3.09,-9.38,-0.04,-8.52,75.61
KRIDHANINF,2.8,2026-07-02,-1.75,-4.11,-9.39,36.59,-35.48,-39.13
DHANLAXMI,25.8,2026-07-01,-14.0,-8.51,-9.47,9.32,-16.1,-47.19
SALASAR,6.2,2026-07-02,1.81,-11.93,-9.49,-2.52,-30.42,-13.41
GOKULAGRO,211.62,2026-07-02,-0.48,-3.89,-9.51,9.43,18.15,41.6
SUMICHEM,441.2,2026-07-02,5.07,0.52,-9.54,15.11,-5.87,-15.88
JARO,520.9,2026-07-02,3.86,-1.37,-9.57,19.1,11.81,
MUTHOOTFIN,2949.7,2026-07-02,-2.37,-8.28,-9.58,-6.42,-22.15,13.3
ATLANTAELE,1765.4,2026-07-02,-1.3,-8.58,-9.58,46.48,94.57,
SAKUMA,1.79,2026-07-02,-3.76,-6.28,-9.6,12.58,-17.13,-40.53
SDBL,69.89,2026-07-02,3.96,-2.28,-9.62,0.53,-36.09,-55.49
BYKE,32.66,2026-07-02,0.37,-7.66,-9.63,-9.73,-39.23,-60.1
WINSOME,2.25,2026-07-02,-3.43,-6.64,-9.64,39.75,24.31,16.58
SANDUMA,207.05,2026-07-02,-0.43,-3.04,-9.66,13.12,-21.78,32.28
BLUECOAST,28.0,2026-07-02,-0.57,-3.31,-9.68,36.25,-20.21,3.32
DREDGECORP,1104.8,2026-07-02,3.53,-8.69,-9.69,30.82,14.61,56.44
LTTS,3166.9,2026-07-02,1.19,-5.13,-9.73,-4.33,-27.32,-25.61
GOLDKART,136.9,2026-07-01,0.0,0.0,-9.73,-44.12,-47.33,-35.73
RAJVIR,6.86,2026-07-01,0.0,0.0,-9.74,-10.33,-22.49,-34.67
NLCINDIA,315.0,2026-07-02,-3.89,-3.85,-9.77,13.07,17.46,40.35
PTCIL,17487.0,2026-07-02,1.71,-2.37,-9.77,18.75,-3.4,16.42
INDOUS,88.3,2026-07-02,-1.67,-4.73,-9.81,-15.84,-27.53,-42.3
HDIL,1.74,2026-07-02,-1.69,-3.87,-9.84,-10.31,-28.1,-47.9
ABMINTLLTD,41.25,2026-07-02,-1.65,0.54,-9.86,-3.69,-1.79,-41.76
EXPLEOSOL,815.25,2026-07-02,1.1,-1.13,-9.87,13.1,-16.09,-38.84
INSECTICID,657.4,2026-07-02,0.93,-4.57,-9.92,8.0,-7.15,-30.83
CMSINFO,275.55,2026-07-02,-6.36,-8.77,-9.94,-2.04,-21.77,-45.09
HCL-INSYS,12.14,2026-07-02,-0.74,-1.86,-9.94,5.2,-15.99,-27.7
RAJSREESUG,31.13,2026-07-02,-0.26,-8.39,-9.95,12.71,-10.11,-36.88
SONAMAC,34.65,2026-07-01,2.36,-1.14,-10.0,8.62,-26.98,-56.31
SRPL,0.36,2026-07-01,0.0,-2.7,-10.0,-20.0,-46.27,-36.84
PRATHAM,116.95,2026-07-01,3.5,5.74,-10.04,2.59,-21.98,-20.63
MICEL,39.19,2026-07-02,-1.26,-8.2,-10.05,18.65,-12.56,-27.35
LEXUS,16.23,2026-07-02,27.29,5.12,-10.08,-27.12,-37.89,-49.74
ABAN,14.52,2026-07-02,10.17,4.69,-10.09,-34.39,-26.89,-74.06
DIL,0.89,2026-07-01,0.0,-4.3,-10.1,-17.59,-47.65,-63.37
ZENSARTECH,467.35,2026-07-02,7.83,3.82,-10.12,-14.04,-32.94,-44.24
UMA,17.75,2026-07-01,-3.53,-3.53,-10.13,8.23,-11.25,-35.1
ORIENTALTL,5.68,2026-07-02,-0.53,-9.41,-10.13,-8.39,-31.4,-59.6
NMDC,85.57,2026-07-02,0.14,-2.97,-10.22,9.59,4.31,31.44
BALPHARMA,78.46,2026-07-02,-1.08,-9.95,-10.22,19.97,7.11,-22.51
GPIL,257.05,2026-07-02,-1.89,-7.15,-10.23,-7.12,-5.86,39.83
E2E,388.2,2026-07-02,-1.82,-13.17,-10.23,72.66,91.47,49.62
QUICKHEAL,172.2,2026-07-02,-1.21,-3.83,-10.27,21.58,-36.08,-55.83
GIRIRAJ,132.75,2026-07-01,2.95,-4.67,-10.3,-28.24,-48.74,-47.53
GMRP&UI,100.14,2026-07-02,1.09,-1.57,-10.35,1.36,-9.15,-14.77
PRLIND,47.75,2026-07-01,-3.24,-2.55,-10.41,-7.82,-40.31,-52.63
MONEYBOXX,64.33,2026-07-02,-0.59,-5.9,-10.45,7.47,4.08,
XELPMOC,84.85,2026-07-02,-0.18,-1.88,-10.49,-8.93,-33.86,-10.32
INDUSTOWER,383.75,2026-07-02,-2.76,-7.17,-10.58,-9.67,-13.19,-9.33
DSSL,1343.9,2026-07-02,1.77,-8.88,-10.58,52.73,33.72,26.39
INFOBEAN,159.46,2026-07-02,1.71,0.98,-10.59,12.27,-29.57,68.34
TMPV,345.95,2026-07-02,0.26,-4.3,-10.6,15.01,-5.81,-49.34
INDIFRA,12.65,2026-07-01,0.0,0.0,-10.6,2.85,-16.78,-45.24
MANINFRA,105.75,2026-07-02,1.06,-0.96,-10.61,24.47,-17.89,-41.69
ASTRAL,1363.2,2026-07-02,-0.35,-12.49,-10.71,-12.25,-6.21,-8.52
BILVYAPAR,4.06,2026-07-02,-1.46,-6.67,-10.77,-20.39,-45.79,-65.21
BENGALASM,6301.0,2026-07-02,0.69,-0.13,-10.78,,,
ASHIMASYN,14.86,2026-07-02,0.2,-7.07,-10.8,14.04,-23.56,-49.52
SIMBHALS,6.76,2026-07-02,1.05,-4.25,-10.82,-6.37,-41.67,-60.58
RRIL,17.92,2026-07-02,-0.5,-2.66,-10.89,,,
ONGC,235.96,2026-07-02,0.82,-3.87,-10.98,-17.84,0.02,3.18
KARNIKA,121.0,2026-07-01,-3.2,-4.69,-11.03,9.16,2.93,-81.31
JAYAGROGN,209.57,2026-07-02,2.3,-3.0,-11.06,26.15,3.98,-17.17
GVKPIL,2.64,2026-07-02,-0.75,-4.69,-11.11,7.76,-14.56,-35.92
RKEC,27.93,2026-07-02,4.84,-0.39,-11.11,-8.22,-48.96,-64.39
MCL,54.74,2026-07-02,-2.44,-8.25,-11.12,-9.31,-30.63,-0.51
VIVIMEDLAB,5.73,2026-07-02,-4.34,-3.21,-11.16,-1.04,-62.1,15.76
UNIVPHOTO,358.7,2026-07-02,0.21,2.46,-11.2,-9.18,60.16,23.02
ALPEXSOLAR,896.15,2026-07-01,0.83,-4.25,-11.2,6.84,9.61,-19.17
SOLEX,1076.9,2026-07-02,-2.25,-5.15,-11.23,5.91,-18.64,-18.32
PRESSTONIC,28.65,2026-07-01,-2.05,-4.5,-11.3,-4.5,-52.64,-70.65
MAKS,23.05,2026-07-01,0.0,0.0,-11.35,-12.85,-22.0,-32.31
SEAMECLTD,1456.2,2026-07-02,0.37,6.55,-11.39,-2.64,33.83,67.61
XTGLOBAL,27.88,2026-07-02,-5.52,-5.17,-11.44,-3.53,-21.86,-17.38
TRU,5.26,2026-07-02,1.94,-9.93,-11.45,3.14,-37.23,-71.05
HOLMARC,95.15,2026-07-01,-4.61,-6.39,-11.45,50.91,-4.85,-24.97
SETUINFRA,0.46,2026-07-02,4.55,6.98,-11.54,17.95,2.22,-41.77
FCSSOFT,1.52,2026-07-02,0.66,-3.8,-11.63,11.76,-20.0,-44.53
TIPSFILMS,331.9,2026-07-02,0.5,-3.88,-11.78,13.59,-23.06,-44.81
FSL,238.75,2026-07-02,1.44,-2.27,-11.82,9.63,-28.36,-33.13
MARCO,30.55,2026-07-01,0.0,-1.77,-11.83,-6.0,-21.26,-32.49
DTL,119.0,2026-07-01,-8.46,-1.65,-11.85,27.96,-18.49,-25.86
FIDEL,143.0,2026-07-01,-7.71,-5.36,-11.86,14.4,8.09,-21.62
NAGREEKCAP,24.65,2026-07-02,-0.84,-6.98,-11.87,9.56,-10.3,-8.91
SKIL,0.88,2026-07-01,0.0,-4.35,-12.0,-1.12,-29.03,-65.62
DENTALKART,380.5,2026-07-01,0.44,-0.39,-12.01,3.76,-34.28,-38.03
NIRMAN,42.8,2026-07-01,-1.04,-5.1,-12.02,5.42,-29.84,-78.14
BUILDPRO,1002.3,2026-07-02,-1.31,-4.22,-12.14,-0.95,,
PIONRINV,93.35,2026-07-02,5.95,-0.28,-12.25,,,
RHETAN,26.6,2026-07-02,0.95,-3.76,-12.33,8.17,4.07,
GAYAHWS,1.98,2026-07-02,-2.46,-10.81,-12.39,-9.17,-28.52,59.68
DUGLOBAL,32.7,2026-07-01,-9.67,-6.03,-12.45,9.0,8.46,-28.76
NOIDATOLL,4.64,2026-07-02,-1.9,-5.5,-12.45,49.2,12.9,4.27
JHS,7.59,2026-07-02,1.61,-4.53,-12.46,-4.65,-19.94,-42.28
DEEPINDS,453.8,2026-07-02,-1.8,-7.54,-12.53,3.41,-0.21,1.88
RAMASTEEL,4.66,2026-07-02,5.43,-6.8,-12.57,12.83,-50.79,-61.36
KCEIL,84.25,2026-07-01,10.2,0.0,-12.65,-23.02,-43.02,-75.58
GRADIENTE,2.97,2026-07-02,2.41,15.12,-12.65,,,
UMAEXPORTS,22.0,2026-07-02,-1.74,-4.31,-12.66,5.57,-44.47,-58.53
JAIPURKURT,27.57,2026-07-02,-2.2,-3.4,-12.67,0.33,-14.06,-35.7
RMC,306.3,2026-07-02,-1.84,-14.75,-12.69,-21.26,,
MUKTAARTS,55.88,2026-07-02,-5.93,-14.8,-12.77,29.62,-11.41,-36.03
ITBETA,283.45,2026-07-02,-0.32,-2.41,-12.81,-11.21,-28.78,-29.16
LUMAXTECH,1522.8,2026-07-02,1.3,-7.87,-12.82,-5.64,-8.01,37.57
ARISTO,95.7,2026-07-01,0.0,-4.01,-12.84,22.85,-20.25,-22.53
AURIGROW,0.27,2026-07-02,-10.0,-18.18,-12.9,0.0,-61.43,-55.74
SBIETFIT,298.82,2026-07-02,-0.22,-2.33,-12.95,-10.81,-29.02,-29.28
GRAPHITE,627.95,2026-07-02,2.18,-1.58,-12.95,-1.54,-4.81,13.59
TECILCHEM,10.33,2026-07-02,-2.36,-8.01,-12.97,-13.63,-44.85,-43.15
RBS,80.4,2026-07-01,-2.49,-7.59,-12.99,15.68,-15.37,-28.6
UNIDT,211.65,2026-07-02,-0.09,-3.09,-13.0,36.39,5.43,-5.33
IT,29.92,2026-07-02,-0.43,-2.38,-13.07,-10.98,-28.66,-29.07
LIBAS,11.14,2026-07-02,-3.72,-5.35,-13.1,9.75,0.63,-17.73
TECH,29.5,2026-07-02,-0.34,-2.35,-13.13,-10.14,-28.5,-28.55
AXISTECETF,296.77,2026-07-02,-0.17,-2.48,-13.13,-10.93,-29.01,-29.36
ALKALI,84.99,2026-07-02,1.3,-1.35,-13.15,65.38,4.72,-15.13
ITADD,28.64,2026-07-02,-0.17,-2.15,-13.19,-10.75,-28.74,-28.92
OIL,420.2,2026-07-02,1.8,-0.56,-13.2,-12.49,-0.52,-0.97
JINDALSTEL,1043.8,2026-07-02,-2.28,-7.79,-13.26,-8.27,-3.38,7.97
HDFCNIFIT,28.79,2026-07-02,-0.21,-2.47,-13.26,-10.73,-28.76,-29.04
SEYAIND,13.0,2026-07-02,-0.15,-1.66,-13.28,25.97,-29.16,-42.96
ITBEES,29.94,2026-07-02,-0.27,-2.44,-13.29,-10.71,-28.95,-29.14
ITIETF,29.88,2026-07-02,-0.57,-2.7,-13.29,-10.94,-29.01,-29.09
HCLTECH,1078.1,2026-07-02,-2.2,-4.64,-13.3,-21.64,-32.53,-34.58
ITETF,28.48,2026-07-02,-0.45,-2.57,-13.33,-10.89,-28.96,-29.29
CHEMFAB,351.7,2026-07-02,-5.39,-7.01,-13.35,5.02,-17.6,-56.93
YASHOPTICS,113.5,2026-07-01,-6.93,-3.94,-13.36,3.18,-7.65,37.24
ELITECON,26.75,2026-07-02,-1.73,-6.73,-13.49,,,
SILVERBND,227.39,2026-07-02,4.19,-3.64,-13.5,0.4,,
FRACTAL,897.3,2026-07-02,0.73,-6.44,-13.56,13.2,,
LUXIND,1238.2,2026-07-02,1.26,-1.09,-13.58,35.83,11.46,-13.92
SOMATEX,91.51,2026-07-02,0.39,-4.79,-13.63,-8.4,-33.79,107.55
AONESILVER,8.66,2026-07-02,3.96,-3.56,-13.66,0.0,,
KHFM,55.9,2026-07-01,-0.09,-3.7,-13.73,1.08,-13.0,-32.04
NAGAFERT,3.19,2026-07-01,0.0,-4.78,-13.78,-13.08,-41.25,-43.14
GROWWSLVR,22.18,2026-07-02,4.08,-3.77,-13.86,0.14,-90.23,-79.02
TATSILV,21.98,2026-07-02,3.97,-3.89,-13.87,-0.05,-2.61,111.35
AXISILVER,224.91,2026-07-02,3.92,-3.81,-13.87,0.06,-2.6,110.73
NORBTEAEXP,71.34,2026-07-02,1.19,0.72,-13.89,-23.8,-28.19,98.17
SBISILVER,221.77,2026-07-02,4.04,-3.9,-13.9,0.16,-2.57,110.63
SILVER360,222.59,2026-07-02,3.73,-3.93,-13.93,0.21,-1.96,110.41
HDFCSILVER,216.65,2026-07-02,4.01,-3.87,-13.93,0.35,-2.83,110.46
SILVERAG,220.31,2026-07-02,3.91,-3.92,-13.94,0.32,-1.51,110.82
SILVER,225.9,2026-07-02,3.84,-3.83,-13.94,0.25,-2.2,111.12
MOSILVER,223.4,2026-07-02,3.91,-3.79,-13.96,-2.27,-2.44,
SILVER1,21.96,2026-07-02,4.03,-3.85,-13.98,0.5,-90.26,-77.02
SALONA,251.1,2026-07-02,-2.14,-7.09,-13.98,-8.02,-2.81,-2.14
ESILVER,225.92,2026-07-02,3.88,-3.84,-14.02,-0.3,-2.57,109.98
SILVERBEES,216.28,2026-07-02,3.97,-3.94,-14.02,0.15,-2.52,110.59
SILVERIETF,225.82,2026-07-02,4.12,-3.87,-14.04,0.11,-2.53,111.26
SILVERCASE,22.95,2026-07-02,4.03,-3.77,-14.04,-0.22,-2.3,110.85
SILVERADD,218.11,2026-07-02,4.06,-3.95,-14.05,0.43,-2.71,111.0
SILVERBETA,218.44,2026-07-02,3.68,-3.92,-14.1,0.16,-2.77,110.1
RAJESHEXPO,91.68,2026-07-02,-0.53,-10.45,-14.16,5.04,-49.35,-54.95
MEGAFLEX,108.95,2026-07-01,-9.7,-14.18,-14.18,-27.97,-10.11,95.78
JETKNIT,76.55,2026-07-01,0.0,0.0,-14.18,-14.18,-14.18,-30.38
VR,113.15,2026-07-01,0.0,-5.0,-14.22,-21.2,-27.49,-40.91
LATENTVIEW,278.95,2026-07-02,-0.34,-6.83,-14.25,-10.62,-39.24,-34.36
AILIMITED,34.3,2026-07-01,0.0,-4.72,-14.25,0.29,-14.25,-50.4
KKVAPOW,525.6,2026-07-01,-5.0,-9.74,-14.26,-10.15,-17.1,-27.95
BODALCHEM,62.04,2026-07-02,-3.95,-9.55,-14.27,11.38,14.91,-17.61
SGL,10.09,2026-07-02,0.8,-1.27,-14.27,2.44,-21.78,-36.66
APCL,104.68,2026-07-02,-2.29,-7.33,-14.32,-2.31,-16.09,-29.78
HGM,52.78,2026-07-02,1.79,-1.55,-14.39,8.47,-22.7,-8.67
AMBALALSA,31.91,2026-07-02,1.59,0.28,-14.45,,,
GREENCHEF,50.0,2026-07-01,-2.53,-5.75,-14.46,8.34,-12.51,-18.57
SHIGAN,65.0,2026-07-01,0.46,-4.83,-14.53,31.58,41.3,-21.28
BNAGROCHEM,290.0,2026-07-02,1.08,2.86,-14.54,,,
ASIANTILES,52.08,2026-07-02,-6.35,-5.84,-14.59,-9.79,-32.05,-17.79
MEDICO,40.41,2026-07-02,0.35,-4.63,-14.87,6.88,-19.77,-0.52
MARINETRAN,13.5,2026-07-01,0.0,-4.26,-15.09,-16.67,-41.81,-20.35
MAITREYA,139.6,2026-07-01,0.14,-4.38,-15.21,-24.15,-34.34,-48.81
LTM,3680.7,2026-07-02,-0.15,-3.9,-15.22,-13.33,-38.52,-29.41
GLOBALE,11.48,2026-07-02,-8.09,-7.57,-15.34,12.66,-6.89,-23.47
DRL,10.75,2026-07-01,-8.51,-15.35,-15.35,-4.44,-45.98,-64.75
HINDZINC,528.7,2026-07-02,0.61,-7.76,-15.42,4.38,-14.38,20.38
TCS,2068.1,2026-07-02,-1.42,-2.81,-15.48,-14.47,-34.34,-37.21
VALIANTLAB,64.81,2026-07-02,-2.63,-3.74,-15.57,13.32,-6.6,-43.58
GGBL,280.45,2026-07-01,-0.73,-5.73,-15.63,12.65,-13.41,-45.29
RSYSTEMS,229.2,2026-07-02,-4.06,-9.87,-15.84,-13.77,-42.5,-49.03
DHTL,40.75,2026-07-01,0.62,0.62,-15.89,0.62,-43.95,-17.84
MAHASTEEL,802.05,2026-07-02,-1.76,-4.86,-15.92,-14.68,-20.71,134.52
SURANI,106.0,2026-07-01,-1.76,-4.5,-16.01,-2.71,76.81,-1.21
ROCKINGDCE,171.95,2026-07-01,-7.93,-1.74,-16.12,31.86,-26.41,-4.05
CRAYONS,28.65,2026-07-01,4.18,-1.21,-16.23,-3.54,-25.2,-45.79
RETAIL,17.02,2026-07-02,-1.62,-6.28,-16.24,-3.24,-29.76,-52.67
DURLAX,47.85,2026-07-01,-1.64,4.02,-16.27,6.45,13.93,7.53
PERSISTENT,4580.6,2026-07-02,6.56,-5.76,-16.27,-12.38,-26.91,-23.36
INFY,1040.9,2026-07-02,0.41,-2.3,-16.32,-18.25,-35.17,-32.96
TCC,313.4,2026-07-02,-2.14,-7.9,-16.33,-9.92,,
NSLNISP,43.93,2026-07-02,1.88,-5.28,-16.4,23.71,-3.85,8.66
KLL,32.5,2026-07-01,-1.81,1.25,-16.45,-13.45,-32.36,-61.76
SANWARIA,0.2,2026-07-02,-4.76,-9.09,-16.67,-13.04,-23.08,-42.86
HAVISHA,1.24,2026-07-02,-3.88,-0.8,-16.78,-9.49,-33.33,-45.61
WIPRO,174.0,2026-07-02,-0.84,-3.43,-17.08,-10.73,-33.65,-31.83
VERTOZ,37.37,2026-07-02,-4.23,-9.91,-17.18,13.45,-46.33,-59.15
HINDALCO,949.2,2026-07-02,-1.51,-6.41,-17.19,3.6,2.54,36.92
VEDL,276.1,2026-07-02,-2.97,-9.73,-17.22,-59.85,-54.5,-38.0
FILATFASH,0.19,2026-07-02,0.0,-5.0,-17.39,18.75,-40.62,-72.46
GSTL,17.55,2026-07-01,-3.84,-9.07,-17.41,-53.07,19.39,39.29
MANAV,34.75,2026-07-01,0.0,-11.46,-17.46,-8.55,21.5,94.13
TATAELXSI,3671.1,2026-07-02,-7.77,-10.79,-17.51,-11.89,-29.99,-39.58
RADIOWALLA,24.5,2026-07-01,-5.77,-1.41,-17.51,3.59,-59.47,-64.49
MVKAGRO,387.4,2026-07-01,3.35,-5.25,-17.57,-32.27,-48.32,146.12
GUJGASLTD,327.05,2026-07-01,-2.46,-12.27,-17.58,5.09,-22.27,-30.98
PARTYCRUS,82.15,2026-07-01,-10.71,-9.53,-17.85,-4.7,-9.73,0.8
MFML,19.92,2026-07-02,-14.62,-12.67,-17.96,-14.43,-19.35,-27.7
PRECISION,6.8,2026-07-01,0.0,-4.23,-18.07,-6.21,-41.38,-68.52
VLEGOV,11.17,2026-07-02,-9.26,-16.64,-18.11,7.3,-43.67,-79.52
AVANTIFEED,947.35,2026-07-02,1.33,-0.95,-18.23,-21.96,7.62,30.55
BSOFT,281.9,2026-07-02,-5.75,-11.09,-18.24,-23.99,-34.75,-35.23
WEWIN,47.64,2026-07-02,-1.59,-4.72,-18.28,17.34,3.66,-4.32
SAIL,168.12,2026-07-02,-4.06,-3.85,-18.33,8.35,14.0,23.82
SOUTHWEST,216.23,2026-07-02,-0.15,-12.65,-18.4,-0.32,10.94,46.52
ABSMARINE,233.6,2026-07-01,-1.16,-2.42,-18.58,43.18,18.49,11.72
RAJTV,12.58,2026-07-02,-1.1,-0.71,-18.58,-64.05,-70.22,-71.45
FONEBOX,72.5,2026-07-01,0.0,-6.99,-18.77,21.34,-19.44,-14.96
VERITAAS,37.0,2026-07-01,-0.13,-5.61,-18.86,-10.95,-42.99,-44.65
SPECTSTM,56.8,2026-07-01,0.18,0.18,-18.92,0.35,-39.32,-52.9
FLEXITUFF,5.44,2026-07-02,-5.56,-19.88,-18.93,-13.65,-57.1,-84.71
MARSONS,114.26,2026-07-02,2.29,-5.44,-19.31,-15.9,,
SLONE,132.35,2026-07-01,-9.72,5.04,-19.79,-20.68,-50.98,-50.17
COFFEEDAY,32.69,2026-07-02,-0.37,-3.91,-19.8,48.46,-10.09,-7.97
ADVENZYMES,313.45,2026-07-02,-2.38,-16.4,-20.06,15.03,3.74,-2.79
FALCONTECH,11.5,2026-07-01,1.77,-10.85,-20.14,-12.21,-23.08,-60.55
MHLXMIRU,143.88,2026-07-02,30.66,-5.19,-20.53,-11.77,-30.26,-36.02
INSPIRISYS,99.36,2026-07-02,-5.9,-10.49,-20.58,34.16,9.97,-11.77
INSPIRE,8.35,2026-07-01,0.0,-9.73,-21.6,15.97,-19.71,-56.51
MEP,0.7,2026-07-02,-4.11,-9.09,-22.22,-16.67,-61.96,-65.35
BANG,30.32,2026-07-02,9.93,-3.9,-22.24,-1.08,-37.06,-48.0
BIRDYS,95.8,2026-07-01,0.0,0.0,-22.52,-9.62,-21.48,-14.46
VPRPL,27.9,2026-07-02,-2.0,-9.56,-22.56,-19.06,-45.12,-83.1
LLOYDS,72.0,2026-07-01,-0.76,-14.79,-22.71,105.13,2.86,-24.25
BLUEPEBBLE,75.0,2026-07-01,-1.32,-3.85,-23.08,-37.66,-40.02,-62.02
MCLEODRUSS,57.93,2026-07-02,1.67,-9.06,-23.09,65.33,20.79,77.21
THACKER,1100.2,2026-07-02,-7.04,-7.41,-23.34,,,
TECHNVISN,4137.6,2026-07-02,-13.62,-17.47,-23.38,,,
NATIONALUM,332.25,2026-07-02,-4.36,-12.09,-23.52,-16.9,2.36,80.48
ANSALAPI,2.83,2026-07-02,-3.74,-9.0,-24.13,-5.98,-15.02,-34.94
VISASTEEL,41.27,2026-07-01,0.95,-5.21,-24.43,39.38,-24.81,11.3
KSHITIJPOL,3.92,2026-07-02,-5.31,-22.53,-24.47,71.18,50.19,17.01
ESSENTIA,1.3,2026-07-02,-2.26,-7.8,-24.86,8.33,-15.58,-40.64
BOHRAIND,13.28,2026-07-02,-5.28,-16.53,-25.39,-20.05,-22.16,-49.94
TAKE,22.83,2026-07-02,-14.24,-23.59,-25.44,-44.6,-43.64,131.07
GSLSU,40.59,2026-07-02,-5.67,-7.46,-25.51,-16.67,-59.77,-64.14
NEUEON,16.97,2026-07-02,-9.73,-14.21,-26.41,5.67,120.96,225.1
AQYLON,42.86,2026-07-02,7.99,-7.07,-28.09,-6.36,-75.2,-95.97
TGL,14.8,2026-07-01,-9.48,-22.72,-30.35,-52.33,-80.69,-87.67
SWASTIK,15.4,2026-07-01,-9.68,-18.09,-30.63,1.65,-33.04,-54.3
KPITTECH,558.8,2026-07-02,-21.54,-26.12,-30.95,-19.8,-52.03,-54.67
PARSVNATH,2.61,2026-07-02,-5.43,-11.82,-32.38,-55.69,-75.33,-86.41
KANDARP,97.0,2026-07-01,-3.0,-12.3,-36.6,-25.38,-33.77,7.9
VERTEXPLUS,42.55,2026-07-01,8.13,7.04,-38.78,-50.58,-61.74,-60.27
LEMERITE,20.99,2026-07-02,-9.09,-24.39,-38.89,-76.31,-78.04,-66.97
GRMOVER,94.13,2026-07-02,4.46,1.01,-39.53,-39.46,-42.58,-22.07
TECHLABS,107.1,2026-07-01,-4.67,-13.24,-40.38,-35.77,-67.17,-80.49
TICL,13.18,2026-07-02,-14.19,-32.62,-41.91,-43.34,-45.74,-49.42
GICL,19.88,2026-07-02,15.65,-12.54,-50.58,-48.88,-57.66,-83.32
