ticker,last_close,last_date,1W,2W,1M,3M,6M,12M
NV20,11880.55,2026-07-09,83506.97,84159.22,85065.23,82175.28,7627.19,7834.12
ACCORD,190.95,2026-07-08,7.06,36.49,169.32,566.49,558.45,777.93
SIGNORIA,129.45,2026-07-08,10.22,22.3,116.29,116.65,43.43,11.31
VIJIFIN,7.5,2026-07-09,5.93,30.89,86.1,133.64,123.21,226.09
SETL,276.9,2026-07-09,3.44,18.62,76.89,108.98,100.42,60.53
UNICHEMLAB,650.6,2026-07-09,40.56,43.87,71.37,95.76,55.89,7.53
MADHUSUDAN,253.3,2026-07-08,0.1,17.95,63.37,60.32,94.17,67.86
AEGISLOG,1264.1,2026-07-09,-10.3,7.67,61.52,108.74,70.15,71.4
VIPULLTD,16.24,2026-07-09,10.48,19.32,60.47,58.28,50.37,54.67
SRIVASAVI,79.65,2026-07-08,-7.44,18.35,59.3,62.55,59.3,17.05
BTTL,54.87,2026-07-09,0.02,19.73,58.49,,,
UNIHEALTH,720.0,2026-07-08,9.78,20.09,55.81,74.04,132.71,314.99
CBAZAAR,6.2,2026-07-08,4.2,26.53,55.0,29.17,63.16,18.1
RAMCOSYS,837.35,2026-07-09,-4.8,5.57,54.91,96.51,68.14,118.66
EBGNG,633.1,2026-07-09,-1.32,11.26,54.0,70.26,120.29,
TIRUPATIFL,67.09,2026-07-09,-6.55,15.71,52.51,55.41,85.33,50.59
SANGINITA,49.61,2026-07-09,6.09,17.0,51.07,135.12,331.02,361.92
GRANDOAK,47.68,2026-07-09,-5.23,9.18,50.84,,,
SUPREMEENG,1.59,2026-07-09,6.0,13.57,47.22,55.88,3.25,-4.79
INDSWFTLAB,235.58,2026-07-09,6.24,14.77,45.54,64.48,160.68,101.82
SSFL,280.9,2026-07-08,-1.97,5.17,45.32,143.63,128.84,87.27
ONELIFECAP,38.46,2026-07-09,-1.69,14.5,45.19,156.06,134.8,180.73
CUPID,210.01,2026-07-09,-1.45,11.47,43.98,126.99,147.36,872.81
BETA,2190.3,2026-07-09,1.71,1.26,43.82,54.57,38.19,24.17
KANORICHEM,130.01,2026-07-09,-3.86,-1.0,43.77,86.96,80.57,39.44
AEGISVOPAK,275.53,2026-07-09,-1.59,18.37,43.75,47.09,20.33,5.73
SPAL,1178.6,2026-07-09,6.76,12.1,42.87,50.54,72.73,39.43
AMAGI,575.8,2026-07-09,10.12,3.85,42.51,69.63,,
PWL,151.38,2026-07-09,12.05,22.39,42.46,49.45,17.12,
MORARJEE,9.68,2026-07-09,4.65,9.63,41.31,36.34,33.52,30.28
RPTECH,779.25,2026-07-09,2.38,3.47,41.0,101.77,111.52,156.36
AVG,209.19,2026-07-09,-2.74,17.04,40.68,36.08,20.14,-27.32
AMIRCHAND,172.64,2026-07-09,1.42,35.41,40.36,38.49,,
DBSTOCKBRO,42.3,2026-07-09,17.4,32.19,40.21,61.51,71.12,35.79
AEQUS,258.07,2026-07-09,11.29,7.73,40.17,106.49,82.92,
SUMEETINDS,31.68,2026-07-09,2.0,11.28,39.21,6.45,21.8,30.4
RELTD,179.01,2026-07-09,1.02,9.84,39.17,34.13,27.15,35.85
EVERESTIND,481.35,2026-07-09,-2.51,1.74,38.56,44.88,5.27,-12.95
AGARWALFT,41.6,2026-07-08,0.0,4.0,38.44,41.5,4.0,-13.33
RITEZONE,23.8,2026-07-08,0.0,25.59,38.37,60.81,6.25,3.7
EIFFL,316.25,2026-07-09,-2.65,-1.59,38.08,32.46,24.04,18.69
RML,1277.3,2026-07-09,2.31,13.46,37.71,78.38,60.87,46.06
DAICHI,316.9,2026-07-09,-1.58,0.37,36.6,,,
FUSION,229.32,2026-07-09,1.38,23.46,36.53,47.32,38.71,22.5
TBZ,231.55,2026-07-09,23.01,22.39,36.5,69.24,36.96,21.81
GNA,469.9,2026-07-09,-0.72,8.96,35.68,15.53,31.79,47.25
CHEMBONDCH,231.56,2026-07-09,-3.55,6.63,35.65,50.31,54.12,
GOLDTECH,58.05,2026-07-09,-5.22,-0.57,35.6,46.18,18.88,-20.76
SYNOPTICS,79.0,2026-07-08,4.64,14.49,35.39,79.75,42.34,-16.84
MACPOWER,1372.3,2026-07-09,-4.16,4.12,35.3,38.96,42.87,37.02
SCHNEIDER,1485.2,2026-07-09,-1.05,2.17,35.29,53.62,130.53,80.0
STYL,360.7,2026-07-09,8.87,15.59,35.02,47.42,31.52,
SWARAJ,317.3,2026-07-08,-2.92,15.21,34.96,7.38,35.31,66.74
AMANTA,182.82,2026-07-09,6.76,13.69,34.96,72.42,68.02,
JAYBARMARU,187.13,2026-07-09,3.89,9.19,34.8,111.64,93.9,146.02
SHAREINDIA,179.03,2026-07-09,30.27,33.21,34.77,26.41,14.92,3.65
MENNPIS,73.01,2026-07-09,-7.93,13.49,34.58,,,
ONMOBILE,67.54,2026-07-09,-10.64,12.16,34.43,50.09,19.08,28.18
LODHA,1192.15,2026-07-09,8.78,26.89,34.27,50.99,12.32,-13.96
EQUIPPP,23.01,2026-07-09,5.07,7.98,34.17,54.33,8.95,27.9
SPRL,111.0,2026-07-08,0.0,-4.06,34.14,0.77,-30.25,-24.44
TARSONS,288.7,2026-07-09,-1.52,11.01,33.87,51.64,31.53,-24.49
IKIO,206.88,2026-07-09,3.75,35.79,33.83,49.0,21.03,-2.28
DENTA,329.55,2026-07-09,-4.97,-1.82,33.64,27.62,6.55,15.92
WABAG,2117.7,2026-07-09,3.04,5.99,33.5,60.42,76.65,43.08
PPAP,276.63,2026-07-09,11.71,17.27,32.79,36.42,23.16,22.01
SIKA,1213.2,2026-07-09,3.83,15.8,32.71,,,
SPARC,277.57,2026-07-09,6.06,20.06,32.69,89.9,109.68,75.62
EMSLIMITED,419.3,2026-07-09,0.29,1.72,32.69,37.97,4.84,-30.05
UFBL,727.0,2026-07-09,2.75,10.76,32.19,173.5,234.55,142.17
QFIL,60.85,2026-07-08,0.0,7.79,32.14,52.12,-0.25,-27.26
OPTIEMUS,563.55,2026-07-09,7.88,19.97,32.01,55.25,21.14,-7.55
ZSARACOM,12577.5,2026-07-09,21.67,32.39,31.87,,,
KIRLOSIND,4151.0,2026-07-09,2.36,3.53,31.83,43.17,37.87,-0.96
PANSARI,359.95,2026-07-09,7.9,27.62,31.83,26.77,16.11,38.98
NACLIND,225.85,2026-07-09,1.0,11.74,31.75,35.14,31.03,-9.79
ELGIRUBCO,59.33,2026-07-09,-2.8,29.57,31.49,43.73,47.37,-0.7
BHARATSE,245.09,2026-07-09,1.03,30.75,31.39,38.67,50.42,133.11
ORIENTHOT,135.31,2026-07-09,-2.14,-4.12,31.37,40.45,16.65,-5.57
SUVEN,346.75,2026-07-09,10.25,25.18,31.12,94.83,117.17,31.89
NITTAGELA,1928.7,2026-07-09,9.39,16.69,31.11,,,
KIRLOSENG,2424.8,2026-07-09,7.03,-0.67,30.98,66.32,109.96,193.29
AETHER,1485.8,2026-07-09,9.16,10.7,30.91,31.05,51.64,90.28
GALAPREC,1182.6,2026-07-09,-4.17,10.91,30.86,63.14,60.87,37.67
IXIGO,204.22,2026-07-09,-5.32,5.85,30.78,20.02,-6.71,14.87
INVPRECQ,800.35,2026-07-09,0.32,-3.91,30.5,,,
WALPAR,33.6,2026-07-08,-0.3,26.79,30.49,-20.47,-26.8,-26.15
MIRZAINT,38.99,2026-07-09,8.25,11.21,30.27,25.53,13.08,13.05
VINSYS,489.5,2026-07-08,0.49,7.03,29.79,62.09,39.48,31.59
SENORES,1419.7,2026-07-09,4.02,7.59,29.71,76.28,74.97,141.77
KODYTECH,1077.9,2026-07-08,-3.75,0.66,29.52,33.93,6.61,44.33
CEMPRO,1554.1,2026-07-09,2.15,24.05,29.43,157.83,120.02,73.3
PRITIKAUTO,18.19,2026-07-09,8.66,11.6,29.28,41.67,32.1,-2.88
TCL,125.0,2026-07-08,10.86,26.33,28.93,43.51,31.58,20.66
KAUSHALYA,1088.85,2026-07-09,-9.88,24.38,28.86,31.31,19.97,23.13
HIKAL,233.59,2026-07-09,6.09,8.68,28.83,33.67,8.49,-31.59
SHRIPISTON,4246.3,2026-07-09,0.68,5.92,28.62,31.72,33.53,72.09
NELCO,896.15,2026-07-09,-2.73,0.78,28.06,43.86,26.59,-6.76
GINNIFILA,54.04,2026-07-09,-1.12,12.84,27.97,32.45,32.74,21.57
DPABHUSHAN,1151.05,2026-07-09,20.05,21.01,27.88,2.17,-19.45,-24.13
VENUSPIPES,1803.3,2026-07-09,-0.45,6.0,27.79,50.78,57.36,11.08
SKMEGGPROD,316.15,2026-07-09,-1.02,3.98,27.7,82.2,83.78,134.41
SIGMAADV,558.05,2026-07-09,3.47,-4.49,27.57,226.56,188.04,449.8
FIVESTAR,549.7,2026-07-09,-0.75,12.82,27.56,29.86,8.29,-26.07
GEMAROMA,210.66,2026-07-09,11.12,8.91,27.48,28.22,31.46,
CHOICEIN,830.45,2026-07-09,4.62,11.44,27.2,21.03,1.25,18.49
NINSYS,914.15,2026-07-09,2.93,13.13,27.16,119.19,132.17,102.56
LOKESHMACH,337.05,2026-07-09,1.95,24.58,27.12,52.29,80.82,55.09
COMMITTED,338.0,2026-07-08,0.43,5.3,27.12,30.55,75.77,51.98
RPGLIFE,2656.8,2026-07-09,11.03,17.76,26.73,42.18,14.56,6.27
PROLIFE,79.55,2026-07-08,0.0,4.95,26.67,34.15,2.65,-49.13
IOLCP,168.15,2026-07-09,16.4,18.14,26.58,108.0,114.61,85.45
MEGASTAR,375.2,2026-07-09,2.01,5.32,26.48,37.29,68.49,37.41
MASTERTR,94.8,2026-07-09,24.7,25.53,26.33,31.78,-14.98,-29.46
K2INFRA,62.2,2026-07-08,0.48,-0.64,26.17,15.08,-10.37,-3.27
SPANDANA,303.45,2026-07-09,-2.29,15.16,26.15,43.1,23.86,8.2
NRL,96.11,2026-07-09,0.38,14.54,26.15,89.3,71.63,24.96
CPCAP,115.27,2026-07-09,4.97,8.92,26.06,37.23,6.27,-30.78
POKARNA,1035.4,2026-07-09,1.42,-2.57,26.01,16.5,37.41,0.32
ESAFSFB,34.56,2026-07-09,0.2,6.21,25.9,48.77,34.63,2.58
ASTRAMICRO,1833.1,2026-07-09,-0.91,6.13,25.75,81.31,85.78,74.65
VELJAN,1630.5,2026-07-09,-5.55,36.67,25.66,,,
RATEGAIN,941.75,2026-07-09,-0.24,8.95,25.48,70.42,43.65,103.09
RANEHOLDIN,1775.1,2026-07-09,1.45,3.93,25.42,73.38,30.58,16.87
SUYOG,877.7,2026-07-09,-0.65,8.98,25.39,9.24,49.78,1.69
ICIL,421.85,2026-07-09,-2.28,-0.72,25.36,73.27,63.35,44.19
MOREPENLAB,60.96,2026-07-09,0.3,11.53,25.3,53.9,56.07,-3.27
THOMASCOTT,324.9,2026-07-09,-0.63,0.68,25.27,27.49,-0.15,-12.65
TPLPLASTEH,82.53,2026-07-09,1.25,16.73,25.27,26.75,24.84,2.81
IGARASHI,469.1,2026-07-09,-4.59,2.22,25.08,50.23,8.81,-10.8
CARTRADE,2735.2,2026-07-09,-2.01,2.88,25.03,50.6,3.4,54.99
CCAVENUE,17.12,2026-07-09,1.12,1.97,24.96,13.45,9.81,8.42
PALREDTEC,55.9,2026-07-09,-5.09,-5.29,24.92,69.75,19.24,9.82
QUADFUTURE,428.15,2026-07-09,-6.76,-3.93,24.81,44.87,38.14,-7.36
KALYANKJIL,443.0,2026-07-09,16.2,17.24,24.77,-0.69,-12.61,-23.24
GREAVESCOT,237.23,2026-07-09,5.83,13.2,24.71,61.77,34.71,17.95
CEATLTD,3908.5,2026-07-09,2.75,15.15,24.58,10.28,4.82,2.12
BLISSGVS,524.15,2026-07-09,7.09,-0.89,24.57,106.71,200.25,238.53
UCL,194.0,2026-07-08,0.0,4.36,24.56,108.27,304.17,294.31
IRISDOREME,44.85,2026-07-09,3.65,13.72,24.48,39.76,32.26,39.07
KABRAEXTRU,295.65,2026-07-09,0.25,13.8,24.36,30.21,42.81,-4.4
CGCL,252.64,2026-07-09,4.23,16.63,24.33,42.0,37.33,50.47
NUVAMA,1934.6,2026-07-09,3.49,9.23,24.27,50.84,37.1,34.86
RISHABH,652.6,2026-07-09,0.25,12.55,24.26,48.52,76.76,118.92
EPACKPEB,262.95,2026-07-09,2.8,12.69,24.26,48.63,4.39,
DIVGIITTS,979.7,2026-07-09,-1.58,12.18,24.21,44.62,66.47,57.85
QUESS,294.55,2026-07-09,0.34,18.8,24.19,58.04,43.32,1.48
BORORENEW,651.65,2026-07-09,4.26,7.68,24.11,44.75,30.54,26.19
MSTCLTD,676.3,2026-07-09,-6.95,-2.11,24.1,61.47,42.25,27.86
INDOCO,255.09,2026-07-09,8.25,8.98,23.91,26.65,17.15,-23.3
CEWATER,319.5,2026-07-09,-1.5,-4.5,23.79,2.32,-26.95,-43.61
EIEL,228.39,2026-07-09,-5.03,4.07,23.76,33.55,20.72,-5.3
EMIL,132.01,2026-07-09,-1.46,13.5,23.76,31.3,38.1,-8.75
INDNIPPON,1107.9,2026-07-09,11.09,14.83,23.7,46.63,41.32,45.27
SABEVENTS,8.77,2026-07-09,5.28,3.3,23.7,-15.1,-14.36,39.21
AUTOIND,94.53,2026-07-09,13.02,11.25,23.7,47.24,25.19,26.24
PRESTIGE,1673.9,2026-07-09,-1.74,8.74,23.63,26.87,7.02,1.57
TBOTEK,1496.9,2026-07-09,-1.47,3.96,23.35,28.97,-2.63,11.73
RAMCOIND,369.0,2026-07-09,6.69,11.4,23.31,42.2,14.14,30.14
ROXHITECH,38.95,2026-07-08,-5.0,4.28,23.26,10.03,-0.89,-11.38
DIGITIDE,105.01,2026-07-09,-12.89,23.53,23.25,18.48,-14.14,-53.35
DECNGOLD,205.27,2026-07-09,0.65,4.99,23.1,,,
TIL,218.85,2026-07-09,-2.17,3.95,22.92,7.91,-15.06,-44.46
BLUEJET,574.5,2026-07-09,2.23,11.27,22.78,55.31,14.85,-36.89
GANECOS,1136.45,2026-07-09,5.63,25.9,22.77,8.01,40.82,-24.99
FAIRCHEMOR,721.3,2026-07-09,1.23,12.06,22.65,41.31,1.38,-24.05
ITDC,728.1,2026-07-09,24.31,23.72,22.6,37.55,29.24,20.42
GOKEX,831.65,2026-07-09,-2.29,-2.14,22.48,27.35,27.27,-8.23
IVALUE,289.2,2026-07-09,2.97,5.84,22.47,24.28,14.24,
SHREEPUSHK,431.95,2026-07-09,3.25,5.9,22.31,22.87,27.72,25.47
NAUKRI,1201.85,2026-07-09,17.24,21.79,22.31,19.9,-8.77,-16.41
ORCHPHARMA,1050.95,2026-07-09,12.58,10.53,22.23,93.96,44.26,44.25
FISCHER,38.09,2026-07-09,0.45,-0.52,22.04,-7.19,-5.25,
MAPMYINDIA,1069.2,2026-07-09,12.9,30.72,21.84,15.66,-33.19,-39.96
DHUNINV,960.3,2026-07-09,8.66,11.74,21.82,23.65,-18.44,-34.66
HMT,64.97,2026-07-09,-4.02,-1.87,21.71,1.39,41.02,-0.64
CREDITACC,1546.1,2026-07-09,-2.58,7.99,21.7,25.13,16.69,20.53
NIACL,183.62,2026-07-09,-1.31,1.23,21.68,41.31,23.14,-2.11
PGEL,583.7,2026-07-09,2.33,8.8,21.65,21.65,-2.01,-25.96
ONDOOR,198.05,2026-07-08,-1.02,1.96,21.61,21.76,78.34,23.05
SUBEXLTD,12.6,2026-07-09,9.09,11.31,21.5,45.33,18.2,-12.86
BHAGYANGR,373.95,2026-07-09,-4.13,-9.18,21.49,102.17,128.58,369.61
SKYGOLD,623.3,2026-07-09,12.19,21.71,21.49,64.16,84.57,96.97
CLCIND,49.04,2026-07-08,0.0,4.99,21.48,128.73,-82.49,-82.49
RPPL,21.6,2026-07-09,-3.66,5.57,21.48,34.08,21.83,-22.16
5PAISA,378.1,2026-07-09,-0.67,7.71,21.46,25.82,5.23,-8.43
HUHTAMAKI,207.75,2026-07-09,-3.29,6.46,21.39,19.81,4.37,-9.91
FEDDERSHOL,42.18,2026-07-09,5.08,2.88,21.38,,,
PANAMAPET,427.0,2026-07-09,-3.57,6.6,21.36,60.45,44.87,22.08
GANDHAR,193.35,2026-07-09,2.69,7.92,21.34,43.43,27.02,15.34
NYKAA,324.05,2026-07-09,3.37,7.28,21.34,27.11,27.58,51.87
CYIENTDLM,538.3,2026-07-09,7.23,16.7,21.33,73.51,32.55,10.86
INDOTECH,3147.0,2026-07-09,0.81,2.11,21.25,138.05,108.19,63.91
THELEELA,500.6,2026-07-09,-0.32,4.41,21.25,17.8,16.72,15.87
ZEELEARN,9.0,2026-07-09,4.05,6.01,21.13,86.72,31.96,-0.77
THEJO,1868.1,2026-07-09,0.31,2.42,21.09,17.68,7.44,-14.35
ANANDRATHI,2095.6,2026-07-09,0.0,5.38,21.08,18.17,33.51,100.29
TRIVENI,455.05,2026-07-09,-1.8,10.37,21.06,18.89,27.64,24.94
DIFFNKG,400.2,2026-07-09,-3.29,-3.64,20.98,43.4,33.73,27.96
JYOTICNC,769.05,2026-07-09,-0.2,-2.09,20.92,-4.82,-16.98,-24.37
LTF,321.1,2026-07-09,-4.32,7.37,20.92,19.19,8.24,55.14
CNL,842.15,2026-07-09,7.33,14.09,20.92,40.56,18.52,33.32
POONAWALLA,463.85,2026-07-09,-2.62,8.26,20.89,15.46,0.31,-1.05
MCLOUD,29.62,2026-07-09,-5.22,4.0,20.85,13.36,23.88,-61.32
ITCHOTELS,182.31,2026-07-09,-0.81,4.35,20.84,21.23,-5.65,-19.36
IBULLSLTD,29.57,2026-07-09,-1.96,9.64,20.84,171.28,131.74,82.42
INDOBORAX,433.65,2026-07-09,7.58,12.69,20.76,70.53,69.59,89.62
XPROINDIA,1435.2,2026-07-09,-0.78,5.2,20.74,39.1,64.4,17.96
AARTECH,49.66,2026-07-09,-13.6,3.39,20.71,14.11,-6.28,-32.67
PANACHE,439.85,2026-07-09,3.01,0.94,20.69,42.74,44.14,109.82
THANGAMAYL,6598.5,2026-07-09,5.02,12.31,20.64,61.47,82.26,244.99
AKUMS,658.2,2026-07-09,5.39,5.87,20.62,34.48,48.68,17.72
HFCL,214.68,2026-07-09,-4.57,1.78,20.6,169.66,230.84,160.59
TSFINV,473.9,2026-07-09,3.69,7.79,20.56,29.59,11.24,-0.15
GODREJPROP,2029.9,2026-07-09,-0.81,10.92,20.52,19.72,1.93,-9.99
PATINTLOG,15.84,2026-07-09,-0.19,-2.1,20.46,47.35,19.28,-8.28
RGL,120.53,2026-07-09,0.43,4.24,20.45,16.14,-0.3,2.4
PAISALO,72.4,2026-07-09,0.5,20.03,20.31,90.43,108.41,129.77
INDOFARM,159.18,2026-07-09,-4.68,11.85,20.3,12.04,-20.19,-12.44
RUBICON,1407.2,2026-07-09,3.3,-0.87,20.22,64.35,116.34,
SAKSOFT,169.03,2026-07-09,-0.45,-8.02,20.08,26.24,-9.33,-26.01
SHIVAUM,427.15,2026-07-09,6.56,1.7,20.07,25.34,31.67,41.44
NEWJAISA,18.55,2026-07-08,-3.64,5.1,20.06,-14.32,-17.19,-47.0
MARC,92.3,2026-07-08,-3.25,0.71,20.03,33.0,115.65,
STOVEKRAFT,797.4,2026-07-09,2.4,2.39,20.0,41.46,38.05,36.54
JTEKTINDIA,144.93,2026-07-09,-0.38,8.61,19.95,10.68,-3.67,4.79
BAJAJHCARE,350.1,2026-07-09,4.04,-0.72,19.86,8.04,-11.61,-27.52
CHOLAFIN,1791.9,2026-07-09,-3.17,1.01,19.83,16.88,4.43,14.77
AAVAS,1505.3,2026-07-09,-0.57,1.45,19.76,23.33,3.86,-23.63
RELIGARE,271.5,2026-07-09,2.39,0.56,19.76,21.93,9.89,15.41
TRIDHYA,10.65,2026-07-08,0.0,-9.36,19.66,39.22,-24.47,-41.64
SKFINDUS,2836.6,2026-07-09,-1.13,-0.82,19.65,26.34,11.09,
WTICAB,119.45,2026-07-08,-2.05,7.95,19.45,10.4,-10.32,-21.93
KAMDHENU,32.56,2026-07-09,-0.76,12.43,19.35,50.74,45.55,9.17
GROWWRLTY,10.13,2026-07-09,-0.2,10.47,19.18,21.61,3.52,
CUB,229.09,2026-07-09,1.96,13.69,19.13,20.99,8.66,41.19
RAYMONDREL,699.75,2026-07-09,-0.43,12.5,19.08,64.51,44.71,-18.89
ETERNAL,292.45,2026-07-09,3.19,12.74,19.05,22.93,2.85,10.55
PHOENIXLTD,2088.0,2026-07-09,-0.85,9.21,19.04,22.11,9.65,37.71
MOREALTY,90.44,2026-07-09,-0.06,10.75,19.02,21.89,3.29,-6.61
PNCINFRA,241.53,2026-07-09,-0.31,6.7,18.96,34.28,-0.36,-20.6
GABRIEL,1254.1,2026-07-09,-1.65,-1.65,18.95,38.24,28.47,22.42
INOXINDIA,2006.2,2026-07-09,7.13,7.35,18.94,64.12,78.4,61.79
LLOYDSENGG,85.36,2026-07-09,-5.55,-2.01,18.92,74.67,67.37,11.52
TIMEX,547.25,2026-07-09,2.35,6.85,18.89,,,
GSMFOILS,241.35,2026-07-08,-1.97,5.44,18.77,23.83,11.92,35.78
AURUM,220.7,2026-07-09,-3.62,-1.5,18.71,29.63,20.31,15.29
MOTISONS,14.28,2026-07-09,-4.8,2.15,18.7,5.86,5.7,-37.06
SIGNPOST,320.1,2026-07-09,10.15,29.26,18.53,30.65,54.8,39.63
SCODATUBES,147.7,2026-07-09,-2.39,2.81,18.51,5.09,-4.83,-30.5
BLUSPRING,106.66,2026-07-09,-9.53,-3.8,18.5,63.39,70.11,23.98
TAMBOLIIN,218.08,2026-07-09,-4.72,-2.21,18.48,,,
SCANSTL,42.71,2026-07-09,2.25,9.51,18.41,,,
HILTON,23.03,2026-07-09,-2.7,-0.3,18.41,13.39,-25.83,-62.41
SHANKARA,130.69,2026-07-09,1.39,6.64,18.22,7.11,20.56,-86.93
M&MFIN,336.75,2026-07-09,1.49,6.77,18.16,13.73,-3.37,27.68
DIACABS,239.2,2026-07-09,9.34,14.7,18.14,80.09,77.37,54.55
YASHO,3005.0,2026-07-09,4.8,1.59,18.14,106.13,118.77,50.25
GCSL,489.7,2026-07-09,-0.31,16.43,18.1,44.03,45.74,
IFGLEXPOR,233.88,2026-07-09,-1.61,31.39,18.0,38.51,19.43,-15.78
ATHERENERG,1218.4,2026-07-09,8.26,12.42,17.97,48.54,92.39,270.84
COMSYN,190.87,2026-07-09,0.03,16.66,17.9,24.51,27.1,52.6
EUROPRATIK,310.65,2026-07-09,-0.26,9.91,17.83,33.69,7.81,
UNIVASTU,94.92,2026-07-09,2.25,5.0,17.81,43.51,48.57,8.67
PAYTM,1262.9,2026-07-09,3.67,11.46,17.81,15.02,-1.99,39.13
SADHNANIQ,2.72,2026-07-09,-5.23,-6.85,17.75,57.23,-58.35,-56.13
POWERICA,567.8,2026-07-09,3.56,-9.48,17.74,43.29,,
SAAKSHI,289.6,2026-07-08,-4.85,-11.03,17.72,51.27,75.36,41.27
IGCL,69.5,2026-07-09,-0.46,16.69,17.7,11.36,-7.87,-33.49
FERMENTA,401.65,2026-07-09,1.67,12.24,17.61,,,
RMDRIP,18.87,2026-07-09,-4.12,-4.07,17.57,-28.27,-64.19,-43.3
PAUSHAKLTD,548.65,2026-07-09,3.34,12.64,17.56,21.49,-1.63,
SHREEOSFM,61.0,2026-07-08,-2.4,12.44,17.53,-29.03,-28.24,-41.9
AVL,632.25,2026-07-09,-2.69,-5.43,17.5,32.85,30.29,76.73
HDBFS,734.9,2026-07-09,-1.26,-2.31,17.49,19.04,-1.48,-12.09
PENINLAND,17.47,2026-07-09,11.63,13.66,17.48,3.25,-27.06,-51.61
PGIL,1979.8,2026-07-09,0.2,-1.19,17.46,31.57,31.83,32.08
INDIANHUME,348.75,2026-07-09,-3.87,4.79,17.42,6.59,-14.4,-21.05
SHYAMCENT,5.75,2026-07-09,0.35,4.36,17.35,25.0,-7.56,-33.29
DELHIVERY,515.65,2026-07-09,-0.77,11.24,17.35,9.75,27.02,22.39
MBAPL,129.85,2026-07-09,8.75,15.47,17.32,20.32,62.27,61.41
OMFREIGHT,95.26,2026-07-09,-5.16,-0.03,17.26,18.07,5.53,
CANTABIL,252.71,2026-07-09,-5.26,5.41,17.23,10.2,-11.62,-8.31
ARKADE,131.94,2026-07-09,5.6,6.92,17.14,15.47,1.51,-33.74
PARAS,1216.8,2026-07-09,-10.42,2.87,17.1,80.27,78.89,43.15
ZOTA,1417.8,2026-07-09,-0.22,1.54,17.06,14.85,-1.16,16.3
MANAKSTEEL,78.13,2026-07-09,-2.47,7.38,16.94,36.26,24.69,21.02
WELSPUNLIV,166.53,2026-07-09,-1.84,2.77,16.91,36.7,34.66,16.78
BAHETI,715.2,2026-07-08,-1.08,0.74,16.87,27.17,22.68,27.21
TMCV,419.85,2026-07-09,-2.34,-0.77,16.87,-0.24,-1.61,
REDINGTON,274.75,2026-07-09,-0.72,1.91,16.85,28.68,2.74,-6.7
RADICO,4089.0,2026-07-09,-0.43,5.47,16.81,50.49,38.81,53.03
BHAGCHEM,301.25,2026-07-09,5.92,6.64,16.81,36.45,44.74,0.7
CHEMBOND,179.83,2026-07-09,-5.21,-2.28,16.74,23.43,16.46,-18.2
PACEDIGITK,212.36,2026-07-09,-0.37,5.71,16.69,41.31,12.54,
MANORG,536.6,2026-07-09,0.93,-1.62,16.68,27.13,6.29,-4.36
PRECOT,800.45,2026-07-09,3.18,12.69,16.67,40.96,141.94,40.11
SHILCTECH,4453.4,2026-07-09,1.42,-0.24,16.58,1.02,31.22,
FILATEX,61.06,2026-07-09,3.88,18.04,16.57,38.68,29.36,-1.69
PSPPROJECT,1069.7,2026-07-09,-2.67,9.28,16.56,59.42,28.4,41.04
ZENITHDRUG,49.65,2026-07-08,-7.88,7.58,16.55,20.07,-2.65,-30.41
GODREJIND,1219.2,2026-07-09,0.84,5.7,16.54,39.71,19.04,6.38
ADOR,1325.2,2026-07-09,0.39,5.91,16.41,51.54,25.31,19.4
GRCL,605.0,2026-07-08,1.67,7.36,16.37,60.88,59.23,52.72
OMAXE,86.9,2026-07-09,-3.34,3.13,16.35,14.3,15.33,-16.34
GOODLUCK,1549.8,2026-07-09,4.2,5.1,16.29,44.71,41.03,35.64
CAPLIPOINT,2621.4,2026-07-09,-0.11,2.48,16.24,58.04,44.84,29.47
WIPL,172.0,2026-07-09,0.02,-1.78,16.22,11.36,18.12,11.25
DIXON,13477.0,2026-07-09,1.3,14.16,16.07,26.84,13.23,-14.18
UJJIVANSFB,62.58,2026-07-09,4.68,9.96,16.0,6.32,5.46,31.64
UTLSOLAR,364.5,2026-07-09,6.78,18.44,15.99,64.94,70.13,
IONEXCHANG,402.2,2026-07-09,-1.47,-2.38,15.96,8.53,13.46,-25.62
LRRPL,91.0,2026-07-08,7.06,-2.15,15.92,26.48,39.68,19.34
EFFWA,359.5,2026-07-08,-4.84,-1.1,15.87,61.97,66.47,56.37
AKIKO,280.15,2026-07-08,-2.71,-2.05,15.86,34.62,12.06,240.4
KSL,933.5,2026-07-09,6.22,10.53,15.83,43.89,33.2,2.73
HAWKINCOOK,8964.0,2026-07-09,1.15,9.9,15.78,,,
RAYMOND,620.55,2026-07-09,-0.37,6.37,15.77,69.2,52.3,-11.08
KMEW,2268.6,2026-07-09,0.49,1.91,15.76,33.35,35.42,187.36
STARHEALTH,603.25,2026-07-09,3.77,3.16,15.7,29.86,34.22,39.59
GALAXYSURF,2001.8,2026-07-09,-3.83,1.45,15.7,10.57,2.69,-19.77
MANBA,136.7,2026-07-09,-1.11,3.67,15.63,27.02,1.9,-2.33
HONASA,471.6,2026-07-09,0.58,5.63,15.6,41.9,62.4,56.31
OFSS,11134.0,2026-07-09,0.57,2.39,15.5,58.68,50.75,30.12
DENORA,886.0,2026-07-09,-0.7,-1.96,15.5,22.44,36.65,-4.54
UCAL,114.19,2026-07-09,-3.03,-5.75,15.48,21.14,6.58,-25.31
CONSOFINVT,261.44,2026-07-09,12.56,15.95,15.46,20.7,63.13,25.71
SPCENET,3.89,2026-07-09,6.28,6.28,15.43,3.47,-33.21,-53.0
ATALREAL,28.53,2026-07-09,1.24,0.63,15.41,14.39,12.28,39.58
SPECIALITY,124.9,2026-07-09,-3.25,-6.31,15.41,24.68,11.6,-2.76
ORIENTLTD,67.82,2026-07-09,-1.71,-5.11,15.32,14.68,-4.97,-24.87
ABDL,666.6,2026-07-09,-5.14,1.08,15.31,44.12,34.01,52.59
GRANULES,882.05,2026-07-09,3.26,10.98,15.29,38.8,46.53,84.5
INDIGO,5229.5,2026-07-09,-3.31,-1.61,15.25,17.54,7.96,-10.49
ABREL,1404.0,2026-07-09,-0.95,6.77,15.2,8.89,-13.39,-36.58
LIBERTSHOE,272.65,2026-07-09,0.53,-0.36,15.19,6.12,3.18,-30.53
TTKPRESTIG,626.7,2026-07-09,0.03,5.2,15.19,33.11,2.73,0.52
LAL,8.59,2026-07-09,-5.6,-5.71,15.15,9.71,2.51,-29.42
SMVD,13.3,2026-07-08,0.0,15.15,15.15,18.75,64.2,6.4
JUBLCPL,2086.0,2026-07-09,-1.8,3.5,15.15,20.15,-11.73,22.68
SHIVAMAUTO,19.63,2026-07-09,4.92,20.36,15.13,7.68,-12.95,-37.18
PUNJABCHEM,1090.1,2026-07-09,1.6,6.8,15.03,9.28,-0.59,-6.59
ARIHANTCAP,74.62,2026-07-09,0.31,8.43,15.03,7.35,-18.41,-11.33
HTMEDIA,25.9,2026-07-09,1.89,15.99,15.01,11.59,9.56,24.04
JAGSNPHARM,231.89,2026-07-09,-2.13,0.66,14.94,19.84,26.88,1.7
ANUP,2153.4,2026-07-09,-6.7,-7.69,14.91,15.57,-0.47,-25.2
PREMIERPOL,63.78,2026-07-09,-0.06,-3.1,14.9,12.13,54.54,23.33
BAFNAPH,200.6,2026-07-09,-5.44,-1.86,14.9,47.36,45.49,135.61
JSWINFRA,323.9,2026-07-09,-0.03,0.87,14.88,26.56,20.93,4.03
TEXINFRA,114.15,2026-07-09,-1.64,5.11,14.87,14.72,12.9,10.71
CORONA,2022.8,2026-07-09,0.93,2.74,14.85,30.22,42.22,
AGI,710.1,2026-07-09,0.46,3.69,14.81,36.79,1.9,-7.83
POCL,1416.6,2026-07-09,-1.03,8.6,14.79,22.17,1.1,52.15
PPL,274.85,2026-07-09,-0.85,-10.08,14.79,32.6,23.85,-28.4
HAPPYFORGE,1564.1,2026-07-09,2.44,2.36,14.75,23.1,40.2,67.62
OBEROIRLTY,1873.2,2026-07-09,-4.11,6.79,14.74,13.43,11.33,2.8
DLF,659.6,2026-07-09,-2.03,7.3,14.68,17.17,-1.68,-19.92
SYRMA,1441.0,2026-07-09,3.59,5.31,14.66,70.05,101.61,122.22
MUTHOOTMF,210.28,2026-07-09,-2.34,1.26,14.66,25.38,16.43,30.87
ARROWGREEN,688.5,2026-07-09,8.97,15.88,14.64,28.43,41.87,9.29
BLACKROSE,107.57,2026-07-09,-4.81,-10.09,14.59,,,
POLYPLEX,1029.45,2026-07-09,1.43,6.2,14.56,18.42,24.39,-11.26
BANARBEADS,114.15,2026-07-09,12.46,13.01,14.49,5.89,-4.91,-5.32
SWSOLAR,230.03,2026-07-09,-6.15,-5.86,14.48,31.22,15.87,-30.6
JASH,511.35,2026-07-09,2.22,-1.06,14.43,28.27,24.89,-10.6
MEESHO,190.69,2026-07-09,0.39,-1.81,14.37,15.24,11.93,
JUBLINGREA,715.5,2026-07-09,3.61,17.11,14.37,12.0,4.73,-10.13
KONSTELEC,50.8,2026-07-08,10.2,20.95,14.29,51.64,10.2,-25.62
YATRA,112.67,2026-07-09,-1.24,2.3,14.27,10.01,-31.13,33.18
PDSL,349.65,2026-07-09,-4.03,-0.13,14.26,17.29,-0.88,-10.73
GULFOILLUB,1044.3,2026-07-09,-3.07,-4.49,14.23,16.71,-7.26,-13.91
TCPLPACK,2965.3,2026-07-09,1.75,-0.91,14.21,19.46,1.9,-19.32
EIMCOELECO,1783.8,2026-07-09,-6.75,7.26,14.17,2.99,10.48,-35.03
WELENT,614.0,2026-07-09,0.02,7.47,14.14,42.5,31.16,17.67
GRAVITA,1811.4,2026-07-09,2.26,8.88,14.14,20.12,7.82,1.05
AEROENTER,119.88,2026-07-09,-8.41,-15.76,14.12,47.47,50.38,21.11
GENESYS,322.95,2026-07-09,-2.97,-0.11,14.08,37.81,-22.78,-48.51
PRIVISCL,3621.3,2026-07-09,-0.75,0.64,14.06,24.2,34.35,46.13
JAMNAAUTO,136.12,2026-07-09,-1.14,2.45,13.99,11.62,5.94,45.15
PATELENG,31.56,2026-07-09,-5.37,-8.57,13.94,20.32,16.98,-21.55
KSB,932.7,2026-07-09,-0.21,-1.37,13.92,8.94,22.73,13.41
MMFL,510.1,2026-07-09,3.02,11.8,13.9,16.78,28.38,43.74
BAJFINANCE,1003.8,2026-07-09,-2.46,2.84,13.88,11.82,5.25,7.38
WELCORP,1601.9,2026-07-09,3.78,6.38,13.86,69.24,113.24,72.61
NGLFINE,3211.3,2026-07-09,-0.8,4.15,13.85,35.97,126.16,151.74
WENDT,7706.5,2026-07-09,-4.62,-2.28,13.82,15.21,4.37,-20.96
LAXMIINDIA,111.87,2026-07-09,-6.47,12.51,13.8,12.75,-4.26,
MANCREDIT,237.93,2026-07-09,-2.93,-0.92,13.8,35.1,45.8,22.2
SHRIRAMFIN,1031.7,2026-07-09,-2.88,0.47,13.8,4.14,6.37,53.96
WESTLIFE,497.5,2026-07-09,-1.16,5.47,13.75,8.93,-1.01,-38.35
DYCL,360.75,2026-07-09,-0.57,-2.39,13.73,22.77,12.49,-27.93
NOCIL,177.9,2026-07-09,-1.77,-2.55,13.72,7.79,24.64,-7.08
NEULANDLAB,19542.0,2026-07-09,3.09,8.04,13.7,32.73,32.27,63.42
SBC,42.11,2026-07-09,-0.14,0.86,13.69,30.9,46.93,173.44
GRETEX,289.65,2026-07-08,1.63,9.3,13.68,-3.45,52.45,24.31
VARROC,659.4,2026-07-09,-0.23,6.6,13.68,31.96,13.3,18.24
BCONCEPTS,211.34,2026-07-09,9.08,17.4,13.64,-14.84,-32.77,-38.73
AADHARHFC,531.6,2026-07-09,-4.47,2.48,13.63,12.63,11.69,18.3
KKCL,495.55,2026-07-09,-2.14,0.18,13.61,8.47,9.68,-11.76
INTERNET,13.46,2026-07-09,3.7,7.77,13.59,15.33,-0.75,
TAALTECH,3838.1,2026-07-09,-1.07,22.03,13.58,,,
JINDALSAW,272.3,2026-07-09,4.83,4.71,13.55,35.84,70.22,19.17
TALBROAUTO,408.8,2026-07-09,-0.57,-1.74,13.54,58.18,51.46,40.84
NAM-INDIA,1218.2,2026-07-09,0.89,4.36,13.52,35.53,40.12,55.33
PRICOLLTD,618.2,2026-07-09,-1.02,5.99,13.5,8.17,-1.31,32.68
PARADEEP,143.26,2026-07-09,0.24,6.5,13.46,20.03,-3.14,-10.54
SUNDRMFAST,936.35,2026-07-09,-0.08,0.81,13.41,20.5,1.14,-7.81
VSCL,30.05,2026-07-08,-4.6,-0.83,13.4,12.97,62.43,-5.35
CHOLAHLDNG,1652.2,2026-07-09,-1.94,0.34,13.31,4.49,-9.27,-20.51
SHREEJISPG,523.4,2026-07-09,-0.55,8.85,13.31,50.4,40.39,
GROWWNET,9.97,2026-07-09,3.64,7.44,13.3,14.73,-0.81,
SPECTRUM,1907.0,2026-07-09,-7.36,8.75,13.29,56.04,77.76,28.08
RBZJEWEL,153.71,2026-07-09,9.27,16.78,13.29,9.05,4.59,8.45
SUNTECK,319.25,2026-07-09,-5.8,1.12,13.23,1.57,-24.13,-26.72
FOODSIN,62.64,2026-07-09,1.31,15.7,13.21,4.54,-3.09,-44.16
MIRCELECTR,42.9,2026-07-08,-3.38,6.98,13.13,40.47,30.16,204.69
BPL,58.84,2026-07-09,2.53,7.51,13.13,23.72,-3.6,-32.98
ABCAPITAL,397.35,2026-07-09,-3.03,3.13,13.09,18.77,12.29,45.39
REFEX,349.7,2026-07-09,-0.57,-1.71,13.08,57.9,47.74,-23.01
BATLIBOI,82.56,2026-07-09,-0.4,-2.52,13.05,,,
BLSE,261.35,2026-07-09,-2.75,12.23,13.03,60.72,46.22,37.93
SOBHA,1469.8,2026-07-09,0.88,5.95,13.03,13.01,-5.61,-2.28
SICALLOG,89.84,2026-07-09,0.4,-1.4,12.91,38.66,3.47,-19.96
ROTO,69.3,2026-07-09,-4.18,-2.93,12.87,23.38,11.31,-31.11
PRADPME,525.1,2026-07-09,-1.81,-11.05,12.84,,,
POLYMED,1645.9,2026-07-09,-2.48,-0.41,12.83,14.39,-7.34,-25.87
VMART,779.6,2026-07-09,-2.47,3.2,12.83,23.99,20.01,-1.84
WPIL,476.55,2026-07-09,-2.05,-3.35,12.78,,,
HYBRIDFIN,18.63,2026-07-09,-5.96,-10.39,12.77,-7.82,-1.38,15.36
NAVINFLUOR,7689.0,2026-07-09,-0.52,2.7,12.74,25.48,35.09,50.81
GAUDIUMIVF,119.18,2026-07-09,-2.9,7.56,12.7,33.65,,
VAIBHAVGBL,255.78,2026-07-09,9.09,11.3,12.69,22.21,16.37,9.57
ONWARDTEC,280.2,2026-07-09,-0.3,0.38,12.64,17.29,-3.57,-11.45
MAHLOG,388.95,2026-07-09,-2.59,4.44,12.64,1.93,26.39,2.85
DPEL,556.4,2026-07-08,4.03,17.38,12.63,19.22,68.3,268.48
EIHOTEL,327.85,2026-07-09,-1.96,2.17,12.61,6.44,-5.41,-12.49
KOTHARIPET,132.35,2026-07-09,-1.15,6.62,12.58,11.87,10.74,-25.14
HLEGLAS,418.6,2026-07-09,8.05,11.54,12.57,42.38,-6.05,-0.18
HDFCBANK,817.55,2026-07-09,-1.48,2.33,12.56,4.18,-11.49,-17.15
LAKPRE,5.56,2026-07-09,-7.02,13.93,12.55,-0.71,9.23,7.13
GANESHHOU,866.15,2026-07-09,7.71,13.18,12.52,48.2,14.61,-13.75
HITECHGEAR,653.55,2026-07-09,-5.62,-1.26,12.49,10.87,-10.12,-8.58
MBEL,310.25,2026-07-09,-6.55,0.62,12.49,2.26,-11.5,
KAJARIACER,1215.0,2026-07-09,-0.04,0.75,12.46,11.02,22.1,3.64
AARTIPHARM,702.95,2026-07-09,-0.34,4.09,12.43,3.23,-7.52,-22.63
HEALTHX,329.65,2026-07-09,2.71,3.58,12.43,22.5,2.74,18.96
SWIGGY,280.95,2026-07-09,13.12,17.68,12.4,3.33,-20.11,-26.09
KERNEX,2124.0,2026-07-09,-11.61,3.3,12.39,91.59,76.63,78.46
APOLLOTYRE,439.65,2026-07-09,-3.45,4.52,12.34,-0.16,-12.23,-5.58
SHREECEM,26295.0,2026-07-09,-1.26,4.57,12.3,9.61,-2.43,-16.43
MAWANASUG,111.94,2026-07-09,0.98,10.51,12.26,22.17,38.0,14.24
KPL,2624.5,2026-07-09,-1.05,-2.98,12.23,,,
CPEDU,197.25,2026-07-09,-4.09,-6.38,12.23,8.22,-20.11,
ZYDUSWELL,571.5,2026-07-09,-1.93,0.36,12.22,16.75,28.47,40.62
HINDWAREAP,245.45,2026-07-09,-1.8,-3.56,12.1,21.91,-1.03,-11.58
DYNAMIC,167.25,2026-07-08,-0.86,-2.68,12.1,39.49,22.12,8.82
SAMBHV,119.19,2026-07-09,3.96,7.82,12.06,6.43,29.44,-1.32
BAJAJFINSV,1895.0,2026-07-09,1.3,7.81,12.02,7.29,-4.81,-6.4
SHEMAROO,122.69,2026-07-09,-0.98,-6.34,12.01,24.16,17.04,-16.25
RAMRAT,412.0,2026-07-09,0.66,1.82,11.96,26.24,40.3,26.07
QMSMEDI,104.51,2026-07-09,-2.84,4.25,11.96,30.64,18.09,23.52
AARVI,147.09,2026-07-09,3.39,4.82,11.95,14.15,10.2,35.01
ASKAUTOLTD,479.95,2026-07-09,5.83,4.2,11.93,9.43,1.08,-8.75
CENTRUM,24.36,2026-07-09,-5.98,12.67,11.9,-14.2,-12.37,-31.84
MANGLMCEM,944.6,2026-07-09,-0.33,3.55,11.89,8.74,26.45,27.37
GHCLTEXTIL,107.71,2026-07-09,-2.59,13.49,11.89,30.94,48.14,15.39
RADHIKAJWE,63.64,2026-07-09,15.69,16.99,11.88,1.78,-16.56,-25.2
JKCEMENT,5393.5,2026-07-09,-1.41,1.39,11.85,-2.63,-5.68,-15.63
CANFINHOME,916.1,2026-07-09,-0.29,10.41,11.79,9.89,3.68,14.04
UYFINCORP,15.67,2026-07-09,0.45,12.01,11.77,14.97,12.41,-17.05
SONACOMS,670.75,2026-07-09,0.49,8.05,11.77,28.61,46.83,48.13
TAC,409.4,2026-07-08,6.91,3.65,11.77,-30.08,-39.23,-62.25
KAPSTON,377.2,2026-07-09,0.47,4.71,11.76,32.98,14.7,52.81
TVSELECT,517.5,2026-07-09,3.12,1.77,11.69,30.8,20.35,20.69
RAINBOW,1481.5,2026-07-09,2.77,5.41,11.67,18.14,16.4,-2.9
APLLTD,816.9,2026-07-09,-2.24,3.85,11.67,13.43,2.12,-16.19
TOTAL,56.11,2026-07-09,2.73,11.4,11.66,5.35,-22.61,-30.32
BOSCHLTD,42225.0,2026-07-09,0.24,5.87,11.65,14.84,11.13,19.55
GRPLTD,1941.9,2026-07-09,4.92,2.23,11.62,-0.28,10.88,-25.82
KAYNES,3429.1,2026-07-09,2.08,8.84,11.6,-10.97,-6.3,-44.0
MAGADSUGAR,504.55,2026-07-09,1.64,12.0,11.56,5.13,7.86,-21.04
AVADHSUGAR,519.1,2026-07-09,-3.4,11.2,11.49,10.22,48.36,5.58
COROMANDEL,2014.3,2026-07-09,-2.0,5.25,11.47,-6.15,-12.4,-11.83
SILKFLEX,211.8,2026-07-08,1.58,0.86,11.47,60.7,127.74,116.12
SUBROS,813.6,2026-07-09,-3.56,-0.25,11.45,12.72,-3.31,-13.35
RELAXO,386.85,2026-07-09,-3.47,-7.42,11.45,37.6,-3.36,-22.06
MOSCHIP,238.62,2026-07-09,2.86,18.26,11.45,38.75,22.52,35.41
ODIGMA,23.67,2026-07-09,-5.77,-3.15,11.39,-15.16,-19.63,-36.78
NITCO,108.09,2026-07-09,-6.01,0.99,11.39,31.26,27.49,-26.5
TITAN,4555.8,2026-07-09,1.93,6.86,11.35,2.95,8.78,33.18
HOMEFIRST,1202.3,2026-07-09,0.94,2.95,11.31,13.98,17.72,-11.4
TNPETRO,95.72,2026-07-09,-3.45,1.31,11.3,9.18,-6.04,-6.5
BUTTERFLY,721.25,2026-07-09,0.29,12.09,11.3,16.35,15.17,1.03
MUTHOOTCAP,217.71,2026-07-09,0.42,9.33,11.3,12.29,-20.8,-35.41
DATAMATICS,863.8,2026-07-09,3.03,9.75,11.28,23.4,15.76,30.15
TVTODAY,122.92,2026-07-09,-3.62,0.7,11.25,14.88,-10.99,-27.01
HIGREEN,138.75,2026-07-08,-2.49,-3.48,11.22,0.4,-3.98,-32.89
PRUDENT,2960.0,2026-07-09,-2.01,0.17,11.22,26.13,18.36,9.3
GRWRHITECH,6922.0,2026-07-09,-1.41,4.54,11.2,89.92,127.64,90.09
GLAXO,2440.4,2026-07-09,1.59,3.65,11.2,6.05,5.5,-24.37
SUNDARMFIN,4621.2,2026-07-09,0.43,2.16,11.18,-5.1,-11.3,-7.38
PIXTRANS,1782.3,2026-07-09,-0.36,-4.67,11.17,22.15,35.88,14.88
NATCOPHARM,961.6,2026-07-09,3.18,4.58,11.17,-14.43,8.2,-4.97
MANAKCOAT,117.43,2026-07-09,-0.79,8.01,11.17,11.82,-8.68,-14.13
KIRLOSBROS,1908.1,2026-07-09,1.76,-2.84,11.14,24.7,19.44,-14.42
LICI,438.45,2026-07-09,2.18,1.67,11.1,13.12,8.26,-3.87
SEIL,220.75,2026-07-09,-6.01,6.92,11.08,,,
WEWORK,719.15,2026-07-09,-2.44,10.85,11.07,48.45,17.0,
HIMATSEIDE,85.39,2026-07-09,-3.73,-1.45,11.07,-1.94,-19.19,-45.34
CDSL,1346.5,2026-07-09,-0.89,3.74,11.07,5.25,-4.48,-22.94
DOMS,2322.1,2026-07-09,-0.38,4.08,11.06,-3.1,-6.81,-4.23
TRAVELFOOD,1315.0,2026-07-09,-1.1,0.08,11.05,2.9,14.37,
AZAD,2476.1,2026-07-09,10.22,24.8,11.04,48.01,58.32,53.68
RESPONIND,190.32,2026-07-09,-10.99,-2.27,11.03,37.12,-0.32,-22.06
SYLVANPLY,59.95,2026-07-08,-3.54,14.19,11.02,27.55,4.99,-31.87
BUILDPRO,1200.3,2026-07-09,15.08,18.19,10.99,8.67,48.44,
BHARATFORG,2130.6,2026-07-09,-0.38,-1.56,10.99,22.86,48.11,69.6
MAHLIFE,368.0,2026-07-09,-1.15,1.21,10.99,8.81,-2.03,2.77
PCJEWELLER,9.83,2026-07-09,3.91,15.24,10.95,6.85,-5.66,-46.66
INDIANCARD,238.72,2026-07-09,9.13,6.04,10.9,22.81,2.79,-25.38
YUKEN,751.55,2026-07-09,-1.75,2.95,10.88,12.42,-9.79,-32.64
ADFFOODS,317.55,2026-07-09,3.0,4.1,10.86,72.33,59.99,21.15
SMARTLINK,179.92,2026-07-09,2.13,4.81,10.86,45.34,41.54,14.85
SAHANA,836.6,2026-07-08,-5.29,-4.66,10.85,-10.25,3.39,-35.51
URBANCO,136.97,2026-07-09,2.35,3.99,10.84,7.73,0.97,
SOMATEX,111.08,2026-07-09,13.09,21.87,10.8,17.57,-11.1,147.34
TASTYBITE,8830.5,2026-07-09,3.69,3.58,10.77,26.89,15.91,-23.09
HECPROJECT,134.94,2026-07-09,-1.13,6.39,10.76,1.2,18.89,-14.22
PICCADIL,649.45,2026-07-09,-3.0,14.99,10.75,16.63,14.52,10.58
AKSHARCHEM,234.72,2026-07-09,-0.33,0.15,10.75,29.19,2.49,-22.26
NDGL,2732.3,2026-07-09,4.69,8.36,10.73,10.46,-2.95,-35.13
UNITDSPR,1381.2,2026-07-09,-2.48,3.75,10.71,11.37,5.04,2.6
DLINKINDIA,546.05,2026-07-09,3.61,5.31,10.7,31.21,39.25,-1.9
VLSFINANCE,253.35,2026-07-09,-0.94,-1.51,10.69,9.09,-11.21,1.22
FIBERWEB,30.99,2026-07-09,-2.61,2.01,10.68,-16.92,-8.5,-36.91
SFL,752.5,2026-07-09,0.18,1.46,10.66,45.86,33.19,10.9
IKS,1862.9,2026-07-09,-0.76,9.61,10.66,26.1,12.39,15.69
MANINDS,574.3,2026-07-09,0.43,-0.02,10.63,30.72,63.32,35.8
JBCHEPHARM,2444.5,2026-07-09,2.28,6.13,10.6,24.6,30.85,51.95
LUPIN,2503.3,2026-07-09,0.47,3.9,10.56,9.07,14.71,31.59
SHYAMTEL,17.5,2026-07-09,-4.11,-13.24,10.55,90.22,41.7,19.05
BAJAJCON,643.55,2026-07-09,3.85,7.77,10.54,63.82,130.54,167.45
SCPL,492.45,2026-07-09,-7.99,1.15,10.53,53.48,62.15,61.43
EPL,239.49,2026-07-09,-0.9,6.17,10.52,4.29,14.86,5.57
RUPA,165.58,2026-07-09,-4.34,-1.78,10.5,25.97,2.45,-22.29
FABTECH,160.25,2026-07-09,-1.3,2.31,10.5,5.6,-15.89,
OWAIS,106.95,2026-07-08,-4.12,-9.82,10.49,-13.3,-54.11,-82.06
APTUS,279.5,2026-07-09,-2.1,4.62,10.45,29.51,2.42,-16.58
ADVENTHTL,144.07,2026-07-09,-4.74,1.57,10.45,-5.34,-35.38,
ALIVUS,1142.9,2026-07-09,-0.66,2.09,10.43,9.63,29.85,14.63
SHUBHLAXMI,25.5,2026-07-08,-1.54,-2.67,10.39,-2.67,-31.64,59.87
EVEREADY,354.25,2026-07-09,-0.83,-3.22,10.39,22.92,9.1,1.62
VADILALIND,6355.5,2026-07-09,-0.97,-0.12,10.38,41.67,37.04,21.41
AYE,167.76,2026-07-09,-3.81,-5.01,10.35,61.53,,
RUSTOMJEE,421.45,2026-07-09,-1.78,-0.7,10.34,6.17,-17.61,-36.55
COSMOFIRST,817.65,2026-07-09,-4.54,3.14,10.29,27.03,24.9,-30.75
SHRINGARMS,229.17,2026-07-09,-0.49,4.32,10.28,19.64,-0.71,
BDL,1326.3,2026-07-09,-5.91,-0.66,10.27,0.06,-12.46,-32.93
BLACKBUCK,561.55,2026-07-09,0.06,2.51,10.25,-0.92,-13.51,28.35
TATACAP,355.85,2026-07-09,1.63,-3.59,10.22,9.11,-1.15,
RPEL,1289.0,2026-07-09,-0.51,11.21,10.22,89.84,43.87,84.7
KICL,5505.0,2026-07-09,0.29,4.5,10.2,20.23,15.6,8.09
INDHOTEL,731.45,2026-07-09,-0.91,3.45,10.2,16.79,6.0,-2.06
INDUSINDBK,1015.15,2026-07-09,0.53,10.9,10.19,24.83,15.25,20.94
NOVARTIND,1466.3,2026-07-09,0.61,1.83,10.13,118.12,118.12,118.12
ARSSBL,572.75,2026-07-09,-0.2,7.32,10.1,3.41,-7.86,
INGERRAND,4354.5,2026-07-09,-2.23,-2.54,10.09,14.66,31.97,8.8
TINNARUBR,958.5,2026-07-09,1.12,2.95,10.05,48.02,34.25,4.29
DCMSIL,75.31,2026-07-09,6.09,3.71,10.04,10.14,,
TVSSCS,141.37,2026-07-09,2.35,7.25,10.04,32.04,31.94,5.51
KISSHT,312.55,2026-07-09,-2.62,13.99,10.01,,,
PENIND,170.04,2026-07-09,-1.05,2.14,10.01,6.51,-12.33,-23.89
JFLLIFE,10.45,2026-07-08,0.0,16.11,10.0,12.97,-11.81,-37.98
ECLERX,1556.4,2026-07-09,3.88,15.69,9.99,4.04,-32.31,-7.66
WEL,102.2,2026-07-09,-1.68,3.28,9.98,27.59,-31.16,-43.38
MAXHEALTH,1101.3,2026-07-09,-2.75,-4.06,9.98,15.53,8.46,-11.56
GNRL,102.33,2026-07-09,-4.66,-9.96,9.96,,,
MADHUCON,5.86,2026-07-09,-1.18,-3.3,9.94,15.81,-3.62,-16.76
MOTOUR,80.15,2026-07-09,-1.64,1.66,9.91,12.79,-1.39,-14.14
LLOYDSENT,74.58,2026-07-09,-4.04,-0.82,9.91,22.13,20.47,-15.87
HALEOSLABS,1546.8,2026-07-09,-4.54,14.04,9.87,21.97,19.58,27.87
ELECTHERM,1119.1,2026-07-09,-9.05,-3.98,9.84,66.04,25.81,1.75
FDC,432.1,2026-07-09,0.38,2.71,9.81,26.86,9.4,-13.4
INOXGREEN,192.7,2026-07-09,-6.76,-3.17,9.8,26.95,3.49,26.31
MPSLTD,2022.8,2026-07-09,0.57,7.38,9.8,15.84,7.68,-24.11
BNALTD,370.0,2026-07-09,2.78,10.35,9.79,,,
PIGL,108.69,2026-07-09,-4.65,-3.2,9.77,-0.15,-2.5,-8.5
MARKSANS,277.3,2026-07-09,6.78,5.28,9.71,58.48,59.4,7.51
OMINFRAL,90.69,2026-07-09,0.87,7.12,9.7,1.16,8.12,-30.21
RNBDENIMS,10.19,2026-07-09,-4.41,-4.86,9.69,-41.54,-74.98,
BRIGADE,534.0,2026-07-09,-0.62,6.4,9.62,1.56,-17.1,-33.74
AJANTPHARM,3307.6,2026-07-09,-1.95,-2.26,9.62,20.23,19.64,27.31
PNBHOUSING,1084.0,2026-07-09,-0.53,4.84,9.61,25.62,11.38,-0.84
IRIS,260.5,2026-07-09,-2.25,-2.43,9.61,10.54,-11.3,-30.47
THEMISMED,116.05,2026-07-09,-4.26,3.14,9.55,40.73,17.69,-6.66
AUROPHARMA,1587.4,2026-07-09,-0.45,2.58,9.55,18.43,32.43,39.45
JLHL,1464.1,2026-07-09,0.27,5.69,9.54,18.29,11.07,-3.03
TAJGVK,361.95,2026-07-09,5.43,10.81,9.52,9.23,-11.58,-10.75
MEDIORG,23.0,2026-07-08,-3.36,-7.63,9.52,-17.86,-4.17,-43.63
TORNTPHARM,4898.2,2026-07-09,1.57,5.17,9.51,19.87,24.68,47.35
AJMERA,129.66,2026-07-09,-2.12,0.61,9.48,6.95,-30.58,-28.82
ALGOQUANT,57.51,2026-07-09,-0.24,3.14,9.48,10.0,-14.36,
STERTOOLS,235.84,2026-07-09,-4.15,-4.76,9.47,-2.72,-7.88,-34.31
SUMIT,45.87,2026-07-09,-0.04,11.36,9.47,-4.7,-22.2,-51.46
UWCSL,101.75,2026-07-08,0.0,0.0,9.47,9.35,-6.05,-29.13
AGARIND,524.65,2026-07-09,-1.27,-1.72,9.46,31.05,-27.05,-43.42
SHARDAMOTR,871.35,2026-07-09,-2.57,4.87,9.46,5.91,-4.0,-19.11
DDEVPLSTIK,277.1,2026-07-09,-0.68,3.06,9.46,25.62,-6.81,6.79
CCCL,16.49,2026-07-09,2.17,-2.37,9.42,1.79,-0.6,-12.98
EMPOWER,2.21,2026-07-09,-3.91,-6.75,9.41,,,
UTKARSHBNK,14.11,2026-07-09,-3.62,-1.26,9.38,8.12,-1.33,-40.84
HDFCAMC,2737.1,2026-07-09,-1.31,5.01,9.34,11.21,10.84,8.81
SHILPAMED,622.3,2026-07-09,4.29,8.49,9.34,48.52,106.3,46.88
3MINDIA,34745.0,2026-07-09,-1.32,6.22,9.31,11.9,1.79,19.82
AMBIKCO,1761.8,2026-07-09,2.36,3.48,9.31,25.47,45.69,15.39
BIRLAMONEY,143.07,2026-07-09,0.17,3.36,9.29,12.94,2.89,-25.25
SUNPHARMA,1938.7,2026-07-09,1.62,3.68,9.26,13.2,13.09,17.19
ACE,976.6,2026-07-09,-2.96,-0.87,9.22,12.79,6.94,-18.45
IDBI,82.32,2026-07-09,-1.96,-4.23,9.22,14.17,-20.41,-15.82
SOLARWORLD,207.44,2026-07-09,-0.94,14.6,9.22,19.36,-24.32,
SHAKTIPUMP,572.95,2026-07-09,-4.44,-2.84,9.19,11.31,-16.38,-38.34
VIYASH,281.05,2026-07-09,-3.04,4.17,9.19,37.12,41.54,51.7
THAKDEV,132.1,2026-07-09,4.36,7.4,9.17,,,
JKTYRE,404.7,2026-07-09,-1.16,4.14,9.14,-3.89,-20.1,9.42
REPCOHOME,408.1,2026-07-09,-4.29,-3.17,9.12,8.15,-1.94,-2.22
CLSL,48.0,2026-07-08,4.35,11.63,9.09,2.56,-7.69,-9.09
GREENLAM,255.4,2026-07-09,-2.05,-1.51,9.09,16.47,2.26,3.0
QUADPRO,2.4,2026-07-08,0.0,2.13,9.09,29.73,-2.04,-37.66
SUPREMEINF,83.85,2026-07-09,1.18,17.77,9.08,14.77,-1.35,-31.8
CERA,6291.0,2026-07-09,-3.16,-1.55,9.06,26.42,24.25,-6.13
MRF,133870.0,2026-07-09,-1.3,7.92,9.06,-0.11,-8.99,-11.04
NAZARA,303.8,2026-07-09,1.72,0.02,9.06,21.12,11.22,-10.11
MOTILALOFS,942.5,2026-07-09,-1.1,-0.54,9.05,23.83,18.06,2.71
MINDACORP,705.45,2026-07-09,1.21,4.92,9.01,37.14,22.07,36.83
MAFATIND,139.35,2026-07-09,-1.53,-3.03,8.99,,,
VERANDA,246.58,2026-07-09,-4.99,5.57,8.99,63.47,10.98,0.83
GMRAIRPORT,111.83,2026-07-09,-1.43,2.2,8.99,18.3,11.95,20.51
AURIONPRO,835.25,2026-07-09,-3.18,-3.95,8.98,1.79,-20.86,-48.28
RITES,222.75,2026-07-09,3.05,8.07,8.97,8.42,-3.29,-17.85
GLOBUSSPR,921.55,2026-07-09,-0.26,6.68,8.92,-1.36,-12.9,-2.03
INDIQUBE,171.02,2026-07-09,1.24,2.86,8.85,12.76,-11.88,
EXICOM,160.4,2026-07-09,-4.77,2.97,8.84,63.32,50.67,-12.66
KIRLPNU,1782.1,2026-07-09,-3.6,-6.06,8.83,52.4,71.06,27.17
FOSECOIND,5145.0,2026-07-09,0.41,-3.35,8.81,11.27,8.36,3.9
LEMONTREE,117.44,2026-07-09,-2.21,1.05,8.75,3.52,-21.62,-19.57
EXIDEIND,425.2,2026-07-09,2.27,10.53,8.73,37.27,23.32,10.83
ORIENTCER,41.38,2026-07-09,-0.79,4.0,8.69,2.94,-11.84,-0.71
CORALFINAC,34.3,2026-07-09,-1.97,8.07,8.68,7.9,-9.67,-26.38
KAMATHOTEL,185.07,2026-07-09,1.1,2.83,8.65,9.11,-19.95,-19.98
DISAQ,12182.0,2026-07-09,0.33,1.99,8.65,,,
GEEKAYWIRE,24.71,2026-07-09,0.77,-3.17,8.57,0.65,-23.45,-28.1
3IINFOLTD,18.24,2026-07-09,3.81,5.8,8.57,18.67,18.6,-24.28
MEDANTA,1348.3,2026-07-09,-0.21,3.34,8.55,28.36,14.71,5.48
MAHEPC,115.31,2026-07-09,-2.68,-2.82,8.54,4.51,-10.04,-20.38
SHAHALLOYS,74.91,2026-07-09,0.59,7.8,8.53,13.74,3.85,18.43
DOLLAR,267.4,2026-07-09,-2.66,-1.93,8.52,8.68,-20.18,-32.44
GPTINFRA,123.93,2026-07-09,-2.05,-6.65,8.51,13.63,18.84,2.3
KDL,120.2,2026-07-08,-4.18,6.99,8.48,-6.79,-28.17,-62.21
KIRLFER,455.95,2026-07-09,-0.34,-3.98,8.47,0.83,0.83,0.83
LENSKART,545.95,2026-07-09,1.83,7.93,8.45,6.13,19.27,
ARABIAN,72.65,2026-07-08,-0.41,6.84,8.43,-0.48,0.9,-9.53
RBA,74.47,2026-07-09,-0.15,-6.67,8.38,20.02,13.06,-8.86
IPCALAB,1770.4,2026-07-09,-0.67,7.48,8.35,22.1,12.41,21.8
INNOVACAP,990.85,2026-07-09,3.87,-0.34,8.33,45.54,41.22,14.25
SMLMAH,4080.4,2026-07-09,4.83,1.92,8.31,-0.61,-3.38,34.24
BANSALWIRE,327.1,2026-07-09,-9.8,-2.01,8.31,23.22,8.35,-15.13
ICICIBANK,1380.7,2026-07-09,-3.24,-0.5,8.29,7.76,-1.68,-2.83
KPRMILL,1115.1,2026-07-09,-5.4,-1.45,8.29,29.7,34.96,-7.02
BHARATGEAR,120.91,2026-07-09,-8.7,-4.09,8.28,21.58,15.15,35.08
SGFIN,656.3,2026-07-09,-3.02,8.96,8.27,42.92,59.63,
RAMCOCEM,922.1,2026-07-09,-1.74,-0.82,8.27,-5.94,-15.7,-16.2
BLUESTONE,571.75,2026-07-09,-1.85,6.18,8.27,16.7,17.05,
AGARWALEYE,485.6,2026-07-09,0.91,2.41,8.27,11.62,-3.75,12.46
SWANDEF,2161.5,2026-07-09,-5.8,-1.92,8.25,21.97,16.21,678.11
HONAUT,38015.0,2026-07-09,-1.3,-2.58,8.23,36.94,13.48,-6.16
HESTERBIO,2102.2,2026-07-09,-3.06,-4.38,8.23,47.16,34.7,16.36
SARTELE,133.0,2026-07-08,-0.34,2.54,8.22,-22.54,-47.36,-47.37
MANAPPURAM,332.45,2026-07-09,-3.94,5.39,8.2,26.63,16.68,28.03
SERVICE,54.8,2026-07-08,5.38,9.6,8.19,4.88,17.85,-2.84
SUDEEPPHRM,802.3,2026-07-09,-2.27,-2.29,8.19,30.82,46.74,
CAPITALSFB,290.4,2026-07-09,-0.46,3.31,8.17,13.26,12.45,6.28
SELECTIPO,46.39,2026-07-09,0.83,3.57,8.16,13.23,3.85,-5.7
ACUTAAS,3458.8,2026-07-09,-1.59,-3.07,8.13,48.95,105.25,207.32
PILITA,8.94,2026-07-09,-2.83,1.13,8.1,27.35,-1.65,-43.27
KRONOX,149.49,2026-07-09,-4.8,-1.72,8.08,13.34,12.56,-24.49
STANLEY,154.74,2026-07-09,-0.29,2.54,8.08,20.86,-21.33,-55.33
CONSUMER,11.7,2026-07-09,-0.76,3.36,8.03,10.07,0.0,0.0
RAJRILTD,22.0,2026-07-09,-3.51,-7.52,8.0,2.18,0.73,-19.12
TVSMOTOR,3626.1,2026-07-09,-2.13,4.9,7.98,-2.71,-3.2,28.12
CMPDI,263.66,2026-07-09,-2.24,8.17,7.98,61.47,,
GMBREW,965.55,2026-07-09,-2.08,2.55,7.97,-2.33,-8.91,30.62
SEJALLTD,720.95,2026-07-09,-3.58,-1.04,7.96,28.35,-4.14,43.74
FLUOROCHEM,3863.6,2026-07-09,-1.84,-0.22,7.96,16.74,12.18,12.76
NUCLEUS,756.45,2026-07-09,-0.62,-0.2,7.94,-9.0,-17.05,-34.64
WSTCSTPAPR,547.45,2026-07-09,4.56,6.05,7.93,21.95,34.2,-0.37
ASHOKLEY,155.19,2026-07-09,-6.58,-1.38,7.92,-7.36,-15.94,26.67
TEXRAIL,113.71,2026-07-09,-6.06,5.74,7.91,17.25,-10.1,-30.75
GLAND,2469.5,2026-07-09,0.26,4.07,7.91,41.19,46.94,32.75
JTLIND,80.26,2026-07-09,-3.41,2.67,7.91,21.98,55.6,-0.62
DALMIASUG,360.55,2026-07-09,-3.83,11.03,7.9,-1.03,29.77,-6.56
CONTROLPR,646.3,2026-07-09,-4.79,4.69,7.89,-2.56,-2.25,-22.03
DMCC,267.85,2026-07-09,6.88,2.47,7.87,25.05,11.42,3.69
SMSPHARMA,407.05,2026-07-09,-3.18,6.92,7.84,-1.92,20.09,71.66
CHALET,819.05,2026-07-09,-0.95,0.68,7.83,8.57,-5.96,-5.85
IDFCFIRSTB,79.46,2026-07-09,-2.07,1.61,7.83,21.72,-7.6,2.93
AIIL,507.5,2026-07-09,-2.82,-2.04,7.82,17.95,-16.74,-5.83
MOIPO,46.45,2026-07-09,0.78,2.86,7.8,13.35,3.71,
WORTHPERI,135.05,2026-07-09,-0.08,2.38,7.8,2.81,-0.85,-6.08
CARRARO,561.0,2026-07-09,3.19,1.93,7.8,16.73,4.43,24.06
ARIES,344.05,2026-07-09,0.03,2.4,7.77,-5.92,10.72,-6.02
GREENPLY,311.05,2026-07-09,-2.29,3.44,7.75,46.7,29.98,1.28
MUFIN,129.98,2026-07-09,-2.51,2.05,7.72,26.38,10.65,42.68
UDS,197.05,2026-07-09,3.71,6.41,7.72,29.53,14.6,-32.53
RATNAVEER,180.26,2026-07-09,0.16,-0.3,7.7,25.68,23.92,21.42
GRAUWEIL,80.15,2026-07-09,-0.45,9.63,7.7,-30.67,-30.67,-30.67
IMPAL,1155.5,2026-07-09,-4.17,5.28,7.69,15.25,15.26,3.43
CLEANMAX,1327.1,2026-07-09,5.14,2.05,7.68,54.53,,
SMCGLOBAL,70.46,2026-07-09,-1.0,-0.66,7.65,14.25,-17.79,-6.57
VISAKAIND,77.65,2026-07-09,-4.98,1.2,7.62,23.28,17.63,-14.47
EDELWEISS,117.96,2026-07-09,-6.47,-2.42,7.57,2.77,10.46,4.02
ZUARI,231.18,2026-07-09,-2.54,2.13,7.53,7.0,-23.89,12.61
ENDURANCE,2706.8,2026-07-09,2.22,1.64,7.5,13.75,3.23,1.34
GVPTECH,6.89,2026-07-09,-3.91,-2.96,7.49,-0.58,-19.98,-35.83
SAMHI,172.69,2026-07-09,-0.68,-2.13,7.49,11.87,-11.39,-27.15
DIAMINESQ,266.96,2026-07-09,1.29,11.28,7.48,10.39,3.05,-36.23
GENCON,41.7,2026-07-09,-1.6,-5.18,7.47,-5.01,-10.28,1.61
STEL,563.9,2026-07-09,-0.22,-1.53,7.44,18.55,19.65,35.41
THEINVEST,99.75,2026-07-09,1.82,6.2,7.43,-0.84,-16.76,-30.89
MANDEEP,20.25,2026-07-08,4.92,5.47,7.43,3.58,-14.19,-26.36
DJML,115.05,2026-07-09,-3.32,-0.17,7.4,39.69,63.9,-5.09
IMAGICAA,46.04,2026-07-09,-4.18,-1.29,7.39,-0.3,-5.4,-30.05
OLECTRA,1396.0,2026-07-09,-5.62,-5.3,7.38,23.4,20.73,15.99
BNAGROCHEM,282.0,2026-07-09,-3.75,-1.71,7.37,,,
LOVABLE,76.54,2026-07-09,-4.82,-0.88,7.35,12.15,-1.76,-23.21
BHARTIARTL,1931.1,2026-07-09,0.28,4.89,7.34,3.86,-4.74,-3.59
PIDILITIND,1590.4,2026-07-09,-1.64,-0.58,7.33,18.03,7.15,5.06
BELLACASA,250.05,2026-07-09,-7.51,-3.22,7.33,-11.3,-27.97,
GODREJCP,1087.4,2026-07-09,-1.2,6.41,7.32,2.77,-10.74,-14.44
MUKKA,23.33,2026-07-09,-1.39,-0.93,7.31,4.57,2.64,-22.03
DCM,100.06,2026-07-09,3.17,4.13,7.3,53.91,12.0,-5.24
SREEL,211.3,2026-07-09,-0.34,-0.85,7.28,13.88,-1.28,-14.77
J&KBANK,168.41,2026-07-09,2.86,5.49,7.28,38.53,67.44,52.95
PRAXIS,7.84,2026-07-09,0.77,-5.54,7.25,1.69,-15.61,-42.01
RELCHEMQ,131.81,2026-07-09,-1.35,-2.15,7.25,12.82,-3.39,-26.28
PROV,1555.0,2026-07-08,-4.25,-2.81,7.24,29.58,22.44,48.24
IIFL,544.7,2026-07-09,3.21,11.32,7.21,22.9,-15.49,7.9
SUNDRMBRAK,785.05,2026-07-09,-2.36,-2.59,7.2,24.84,20.19,0.0
ARMANFIN,1725.0,2026-07-09,-1.47,3.16,7.2,7.68,9.19,0.83
AVANTEL,179.81,2026-07-09,-1.16,4.69,7.18,21.86,15.11,11.0
PARKHOTELS,126.32,2026-07-09,2.42,5.67,7.17,10.63,-0.5,-23.02
LALPATHLAB,1684.6,2026-07-09,-0.08,2.28,7.16,21.03,19.37,14.71
ACSTECH,40.61,2026-07-09,-9.64,-9.21,7.15,,,
DHARAN,0.15,2026-07-09,-6.25,0.0,7.14,-11.76,-34.78,-66.67
GOYALSALT,120.0,2026-07-08,-4.0,1.14,7.14,-1.64,-23.05,-24.46
GEOJITFSL,79.16,2026-07-09,-1.19,2.58,7.13,27.04,9.38,-5.2
PCBL,304.05,2026-07-09,-5.68,-4.85,7.1,12.16,6.67,-27.05
PRIZOR,803.0,2026-07-08,-1.83,-9.61,7.07,101.76,169.87,256.81
REMUS,758.8,2026-07-08,-3.58,-0.62,7.05,16.95,2.96,-17.91
OMNI,529.3,2026-07-09,5.76,5.99,7.05,55.56,,
AUBANK,1047.4,2026-07-09,-1.32,1.64,7.04,8.76,4.82,26.84
KECL,110.87,2026-07-09,-4.41,-3.59,7.02,12.58,14.57,-24.03
DYNAMATECH,10845.0,2026-07-09,0.48,9.1,6.97,8.27,23.5,50.16
ABSLAMC,1136.0,2026-07-09,-2.13,-2.97,6.93,17.39,41.56,42.83
RUBFILA,77.44,2026-07-09,4.99,10.3,6.92,17.01,8.98,-8.82
SANATHAN,448.75,2026-07-09,-0.24,0.18,6.91,6.4,4.42,-14.39
EMMIL,135.0,2026-07-08,-2.42,8.0,6.89,-6.9,-24.2,-26.83
PNGJL,581.3,2026-07-09,0.27,9.89,6.88,-6.05,-4.91,-1.82
ORBTEXP,231.78,2026-07-09,0.08,3.39,6.88,43.17,27.46,6.79
INDIGOPNTS,1041.0,2026-07-09,-3.5,2.0,6.86,31.82,-13.27,-13.0
PIRAMALFIN,2118.2,2026-07-09,-2.51,-1.24,6.85,23.92,14.03,
TATVA,1239.2,2026-07-09,-1.29,3.61,6.83,5.02,-2.39,29.94
WANBURY,283.9,2026-07-09,0.09,0.78,6.83,21.61,29.75,5.6
KNAGRI,205.76,2026-07-09,-2.4,-2.28,6.82,-6.67,9.39,-6.13
SEDEMAC,2803.6,2026-07-09,0.49,3.19,6.81,71.19,,
VINCOFE,163.15,2026-07-09,6.35,8.78,6.78,18.97,-1.18,18.53
UMESLTD,5.84,2026-07-09,1.39,5.23,6.76,-15.48,20.16,0.34
INDIASHLTR,779.9,2026-07-09,-0.81,1.7,6.75,3.42,0.61,-15.73
SEL,197.9,2026-07-08,6.4,9.34,6.74,-2.94,-5.76,-26.43
PARASPETRO,2.06,2026-07-09,0.49,1.98,6.74,-11.59,6.19,-19.22
ABSL10BANK,172.11,2026-07-09,-1.6,-0.08,6.71,5.22,,
JSWCEMENT,135.27,2026-07-09,-0.88,1.88,6.71,7.26,14.22,
MAHSCOOTER,13047.0,2026-07-09,0.13,5.87,6.7,-0.1,-3.19,-7.83
SGIL,593.9,2026-07-09,1.9,5.98,6.69,18.61,16.7,8.58
MALLCOM,1029.5,2026-07-09,0.43,1.76,6.67,-5.18,-7.19,-15.91
HARSHA,420.7,2026-07-09,-2.64,3.02,6.63,21.0,11.09,3.58
JSL,709.6,2026-07-09,1.05,3.87,6.62,-6.27,-7.99,4.57
BPCL,308.2,2026-07-09,0.02,2.46,6.61,3.65,-10.52,-5.78
INDIAGLYCO,1042.7,2026-07-09,-2.82,6.35,6.61,15.64,10.3,1.71
NAVKARCORP,104.13,2026-07-09,-4.48,-2.51,6.61,9.25,9.06,-0.11
PRAVEG,234.31,2026-07-09,-8.59,-5.23,6.6,,,
ARVIND,533.1,2026-07-09,-2.46,-2.98,6.6,39.28,80.1,56.65
FMGOETZE,449.35,2026-07-09,-2.34,-0.04,6.58,2.5,-0.4,-20.18
ADVANCE,107.04,2026-07-09,-7.0,-1.76,6.52,6.56,-15.64,
SGMART,659.8,2026-07-09,9.65,12.17,6.52,24.21,85.55,
METROBRAND,1064.5,2026-07-09,2.38,3.77,6.5,6.81,-3.6,-11.64
SPLPETRO,720.7,2026-07-09,-1.04,-1.42,6.5,-2.58,26.14,-10.15
CAPACITE,234.8,2026-07-09,-6.12,-8.45,6.48,4.23,-3.35,-26.5
BHARTIHEXA,1571.5,2026-07-09,7.13,9.12,6.48,2.67,-10.79,-11.52
ATULAUTO,491.25,2026-07-09,-2.38,3.45,6.48,13.9,13.7,9.86
SANOFI,3356.0,2026-07-09,-2.6,-0.32,6.48,-1.79,-17.48,-42.43
PNGSREVA,414.2,2026-07-09,-1.86,5.77,6.45,10.14,,
SAIPARENT,596.1,2026-07-09,-2.32,1.47,6.44,41.02,,
PGHL,6612.0,2026-07-09,4.11,5.85,6.43,37.69,22.08,20.49
OMAXAUTO,230.72,2026-07-09,0.3,6.6,6.43,122.95,147.19,125.86
PROPEQUITY,228.8,2026-07-08,-5.02,4.02,6.42,31.12,30.74,14.4
SUPRAJIT,495.65,2026-07-09,2.41,7.9,6.37,14.8,8.11,8.38
MIDWESTLTD,1342.4,2026-07-09,-1.52,7.8,6.35,3.16,-14.4,
NITIRAJ,182.77,2026-07-09,-1.77,-1.22,6.35,-13.61,-0.53,-8.58
FINIETF,32.68,2026-07-09,-0.46,1.74,6.31,6.45,1.68,6.0
VIJAYA,1377.8,2026-07-09,2.26,5.07,6.3,41.3,38.72,35.49
KOTIC,172.02,2026-07-09,7.29,6.02,6.29,,,
UNIPARTS,680.45,2026-07-09,4.77,2.51,6.27,38.39,58.8,81.81
VIMTALABS,558.9,2026-07-09,-1.17,-4.33,6.27,28.09,-2.87,21.45
AARTIIND,467.95,2026-07-09,-4.21,2.35,6.26,11.01,29.39,2.5
MAL,34.0,2026-07-08,-3.41,3.03,6.25,-9.21,-22.99,-55.17
BAJAJST,396.9,2026-07-09,-1.05,-2.19,6.24,,,
NHPC,78.61,2026-07-09,-1.55,-3.63,6.23,1.95,-2.91,-8.81
BANK10ADD,17.23,2026-07-09,-1.77,-0.35,6.23,5.38,,
MOBANK10,17.23,2026-07-09,-1.71,0.58,6.23,,,
ZUARIIND,265.7,2026-07-09,1.03,4.32,6.22,7.34,-9.46,-1.19
MOSMALL250,18.12,2026-07-09,0.28,2.84,6.21,16.45,11.17,1.8
EMAMILTD,415.1,2026-07-09,-0.4,1.6,6.19,-0.92,-17.31,-30.51
HOACFOODS,690.2,2026-07-08,-0.87,-1.4,6.19,70.29,124.78,148.59
FAZE3Q,581.7,2026-07-09,-5.18,-3.73,6.19,26.9,66.3,-5.46
UTIAMC,984.1,2026-07-09,-0.75,6.17,6.18,4.49,-8.89,-24.32
ALKYLAMINE,1954.6,2026-07-09,8.66,16.53,6.17,44.12,26.2,-15.45
EKC,114.02,2026-07-09,-3.37,-2.72,6.12,3.85,1.52,-18.78
NDRAUTO,852.8,2026-07-09,-3.13,4.74,6.1,19.21,9.25,-22.74
SANSERA,3142.0,2026-07-09,-1.52,0.07,6.1,39.54,73.32,125.0
WAKEFIT,125.18,2026-07-09,0.84,2.63,6.07,-17.29,-27.5,
SML100CASE,10.84,2026-07-09,-1.09,2.55,6.07,15.62,11.18,
NBIFIN,1921.6,2026-07-09,1.14,-0.05,6.06,7.07,-11.55,-34.2
SRGHFL,300.0,2026-07-09,1.32,1.57,6.06,13.26,7.91,-3.04
KRBL,369.3,2026-07-09,-1.3,-2.6,6.06,13.3,1.72,-7.24
EIHAHOTELS,317.35,2026-07-09,-1.7,-2.04,6.05,2.97,-6.62,-17.59
RUBYMILLS,365.55,2026-07-09,6.16,12.32,6.05,68.53,70.29,48.38
CENTUM,3557.9,2026-07-09,-2.21,-3.32,6.04,29.62,70.02,57.09
CLSEL,288.7,2026-07-09,-0.29,-0.82,6.04,10.25,9.56,-14.8
KRISHNADEF,1314.3,2026-07-09,-0.47,5.49,6.03,43.73,40.4,44.14
ENTERO,1216.4,2026-07-09,1.91,1.36,6.02,3.01,3.56,2.13
MGL,1122.7,2026-07-09,-0.28,-1.7,6.01,7.93,7.17,-22.76
NECCLTD,15.91,2026-07-09,-0.69,0.32,6.0,4.46,-12.34,-32.44
JMFINANCIL,124.46,2026-07-09,-5.83,0.7,6.0,-3.03,-9.01,-24.81
MOLDTECH,126.76,2026-07-09,-2.45,-5.54,5.99,1.8,-9.93,-20.3
BALAMINES,2364.0,2026-07-09,10.23,25.55,5.96,122.85,104.05,25.81
SAREGAMA,476.1,2026-07-09,-2.45,-4.57,5.96,50.12,29.89,-4.18
STEELCAS,305.75,2026-07-09,-4.57,1.8,5.94,12.0,45.39,29.88
HMVL,89.89,2026-07-09,-0.34,3.46,5.93,35.58,35.03,1.9
SJS,2197.8,2026-07-09,-0.0,-0.43,5.93,26.9,30.89,74.13
MANORAMA,1579.2,2026-07-09,0.21,-0.5,5.93,23.63,20.82,5.85
NAVNETEDUL,148.72,2026-07-09,-0.28,5.38,5.92,14.08,1.1,6.52
MANKIND,2532.0,2026-07-09,-0.37,1.85,5.9,23.26,15.05,0.25
MASKINVEST,155.0,2026-07-08,0.0,5.77,5.89,20.68,9.49,-11.58
CELLECOR,37.9,2026-07-08,-1.17,6.16,5.87,21.09,34.16,5.72
MODTHREAD,47.46,2026-07-09,0.44,1.82,5.87,-3.79,3.47,5.14
DCI,285.3,2026-07-09,-2.28,5.88,5.86,-22.03,16.47,3.52
BILVYAPAR,4.34,2026-07-09,5.6,5.34,5.85,-29.77,-39.3,-63.86
HITECHCORP,327.4,2026-07-09,2.88,4.36,5.85,128.2,102.95,62.49
BFSI,27.53,2026-07-09,-2.06,-0.29,5.84,3.81,-2.76,-1.22
AYMSYNTEX,231.23,2026-07-09,-5.76,6.58,5.83,24.56,42.11,1.13
LAURUSLABS,1507.4,2026-07-09,-1.43,0.47,5.83,39.24,39.33,90.1
DIAMONDYD,1198.3,2026-07-09,0.07,7.38,5.83,18.9,2.77,10.87
LINC,104.55,2026-07-09,-4.66,-9.82,5.82,4.78,-7.84,-28.34
STAR,1076.0,2026-07-09,-4.07,-2.48,5.8,8.01,14.24,23.85
DALBHARAT,1742.3,2026-07-09,-1.71,2.46,5.79,-8.54,-14.78,-19.54
BIRET,337.47,2026-07-08,-0.57,4.16,5.78,2.27,2.85,16.43
MARICO,860.05,2026-07-09,2.62,2.39,5.76,15.08,14.15,18.93
GROWWSC250,10.3,2026-07-09,-0.87,1.38,5.75,15.6,10.27,
SANGAMIND,559.8,2026-07-09,2.35,5.16,5.73,25.43,21.72,22.57
KDDL,3186.3,2026-07-09,-0.1,1.68,5.71,39.47,35.74,17.37
RVTH,737.85,2026-07-09,-1.57,-1.09,5.71,16.55,11.26,-22.54
VENUSREM,1702.5,2026-07-09,2.32,-11.79,5.7,74.27,135.93,262.35
BANKA,93.9,2026-07-09,2.0,4.33,5.7,42.66,48.72,32.7
BALRAMCHIN,567.45,2026-07-09,-0.62,7.66,5.68,18.79,32.04,-4.95
AEPL,17.11,2026-07-09,-0.35,6.54,5.68,-7.06,,
PLATIND,226.99,2026-07-09,-7.5,2.32,5.68,8.56,3.33,-14.7
ASHIKA,395.1,2026-07-09,-2.13,5.64,5.66,,,
TIPSMUSIC,711.15,2026-07-09,3.25,13.93,5.63,32.16,36.24,12.63
ULTRACEMCO,11524.0,2026-07-09,-1.17,1.66,5.62,0.66,-3.46,-7.68
CARYSIL,1186.6,2026-07-09,3.47,-0.13,5.61,42.96,47.54,40.07
DCBBANK,186.01,2026-07-09,-0.6,-0.99,5.61,2.78,4.3,29.95
KALYANIFRG,628.7,2026-07-09,-2.4,3.59,5.58,9.3,1.32,-15.76
GPTHEALTH,158.32,2026-07-09,0.11,7.94,5.56,15.6,17.39,0.77
UNOMINDA,1154.5,2026-07-09,1.45,5.79,5.53,9.64,-7.41,4.46
JKIL,501.7,2026-07-09,2.27,1.88,5.52,7.1,-12.73,-28.18
SMALLADD,17.98,2026-07-09,-1.64,1.41,5.52,14.81,10.85,
SHREDIGCEM,73.93,2026-07-09,-2.63,-0.81,5.51,4.9,-18.95,-2.62
STYRENIX,2276.5,2026-07-09,-0.38,0.11,5.51,16.56,20.59,-26.2
KOKUYOCMLN,87.58,2026-07-09,0.09,-0.45,5.48,8.39,-2.56,-30.04
ACMESOLAR,367.8,2026-07-09,-4.14,-3.02,5.48,34.68,62.6,40.0
GALLANTT,662.8,2026-07-09,-0.86,-3.33,5.47,-0.41,14.67,19.58
VILAS,375.25,2026-07-08,-2.92,-2.01,5.47,-10.16,-5.59,-34.74
ALKEM,5648.5,2026-07-09,0.89,4.28,5.47,5.18,-1.81,18.69
MINDSPACE,485.1,2026-07-08,-0.49,3.63,5.47,3.54,1.83,23.5
UNIMECH,1212.4,2026-07-09,2.13,11.09,5.45,55.68,36.96,-5.52
SUDARSCHEM,941.95,2026-07-09,1.44,7.03,5.45,17.61,-0.04,-21.62
AXISBNKETF,586.32,2026-07-08,-2.47,-1.52,5.45,2.39,-4.54,0.03
PHARMABEES,26.34,2026-07-09,-0.72,1.7,5.44,15.83,12.85,16.19
HDFCSML250,180.15,2026-07-09,-1.1,1.68,5.44,15.41,10.2,0.72
AVALON,1728.6,2026-07-09,-0.49,-3.14,5.43,65.17,91.57,102.5
ESCORTS,2908.6,2026-07-09,-2.48,1.53,5.43,-5.94,-22.58,-12.49
EMBASSY,449.16,2026-07-08,0.18,3.9,5.41,4.27,6.21,20.67
MAHESHWARI,73.14,2026-07-09,0.19,1.12,5.4,58.35,63.22,19.0
MSUMI,40.22,2026-07-09,-2.0,0.9,5.4,4.25,-15.93,-6.9
HEALTHCARE,21.13,2026-07-09,-0.94,1.44,5.39,16.93,,
SATIN,255.12,2026-07-09,-0.84,8.15,5.38,63.38,70.47,53.74
VINYAS,1404.65,2026-07-08,-6.64,0.51,5.38,43.67,21.85,8.15
RUSHIL,16.1,2026-07-09,-0.12,-2.31,5.37,7.98,-26.45,-42.83
BALAJITELE,91.21,2026-07-09,-0.21,5.31,5.37,-0.88,-10.88,3.65
MVGJL,158.03,2026-07-09,4.81,11.47,5.35,-4.9,-11.23,-28.64
GARUDA,173.91,2026-07-09,-4.77,-1.41,5.34,6.65,-1.1,41.98
AAREYDRUGS,84.52,2026-07-09,-2.36,-8.13,5.33,29.51,21.84,19.14
ANANTRAJ,569.45,2026-07-09,3.37,10.84,5.31,19.44,3.33,4.1
MMP,282.65,2026-07-09,4.28,3.42,5.31,20.03,12.41,-0.53
LGBBROSLTD,1558.0,2026-07-09,-1.55,-2.64,5.3,-11.94,-16.39,22.01
METROGLOBL,134.64,2026-07-09,1.1,4.35,5.29,,,
GOODYEAR,770.55,2026-07-09,-3.51,1.94,5.27,-39.5,-39.5,-39.5
AMEYA,113.0,2026-07-08,-4.64,6.6,5.26,6.86,14.14,-1.74
JNKINDIA,509.45,2026-07-09,-0.35,4.18,5.25,92.27,126.87,57.1
SINTERCOM,75.99,2026-07-09,-3.47,4.32,5.25,-5.19,-24.28,-40.55
PURVA,219.78,2026-07-09,-0.87,2.48,5.25,17.76,-5.87,-25.8
CONSUMIETF,120.91,2026-07-09,-1.45,1.78,5.24,5.76,-2.59,-0.42
CCL,1209.2,2026-07-09,0.79,3.81,5.23,12.39,28.66,37.0
AXISCETF,119.4,2026-07-08,-2.13,0.53,5.21,4.56,-4.5,-0.95
RHIM,402.55,2026-07-09,4.65,7.94,5.21,5.86,-10.82,-15.68
SMALL250,17.89,2026-07-09,-1.21,1.36,5.17,15.27,10.16,
CONS,12.03,2026-07-09,-1.31,1.95,5.16,6.18,-90.26,-90.04
AISL,60.1,2026-07-08,-4.98,9.37,5.16,1.61,-27.81,-36.4
HEALTHIETF,167.52,2026-07-09,-1.04,1.25,5.15,15.13,11.46,12.69
LIKHITHA,238.8,2026-07-09,-5.48,-11.71,5.15,0.58,33.24,-16.21
BFINVEST,444.8,2026-07-09,-0.16,1.75,5.14,19.21,14.7,-8.89
NIITMTS,242.1,2026-07-09,1.34,6.43,5.14,-21.59,-39.48,-26.99
ARVSMART,609.1,2026-07-09,0.09,2.17,5.14,3.68,3.25,-7.7
HEIDELBERG,157.01,2026-07-09,-2.8,2.49,5.13,3.19,-7.47,-22.58
ASIANHOTNR,319.45,2026-07-09,-10.92,10.4,5.13,7.92,-2.47,-11.24
KHADIM,105.13,2026-07-09,-1.66,-4.17,5.13,18.74,-39.67,-60.0
AARTIDRUGS,395.35,2026-07-09,4.12,5.86,5.12,10.54,3.31,-16.73
FINKURVE,65.51,2026-07-09,-5.02,1.5,5.1,3.67,-28.93,
SHK,130.28,2026-07-09,-1.61,-1.48,5.08,-4.75,-26.84,-43.34
BIMETAL,673.8,2026-07-09,-0.42,4.6,5.08,,,
CRISIL,4054.7,2026-07-09,2.18,-0.53,5.07,3.59,-13.7,-30.01
PAVNAIND,17.01,2026-07-09,-4.44,-6.64,5.06,-4.28,-23.14,-58.59
CALSOFT,21.39,2026-07-09,-0.37,-8.9,5.06,84.08,40.54,11.76
KANCHI,363.3,2026-07-09,-0.06,-0.72,5.06,,,
MOSERVICE,31.05,2026-07-09,-0.96,0.75,5.04,1.74,-7.01,
SMALLCAP,46.91,2026-07-09,-1.1,1.51,5.04,13.58,9.58,-2.47
POLICYBZR,1572.5,2026-07-09,-0.52,-3.12,5.02,5.3,-7.0,-15.21
SIGACHI,22.23,2026-07-09,-0.09,-8.56,5.01,6.72,-25.68,-47.29
GARFIBRES,722.8,2026-07-09,-1.1,-3.56,5.01,19.99,9.56,-20.78
CPS,1050.0,2026-07-08,5.0,-3.15,5.0,11.7,-14.19,38.16
ASCOM,259.35,2026-07-08,0.0,-5.0,5.0,10.08,93.54,201.39
ALPL30IETF,27.55,2026-07-09,-0.68,0.88,4.99,5.72,-1.01,-1.4
ASAHISONG,275.85,2026-07-09,7.71,10.6,4.97,18.68,12.75,-35.27
BRITANNIA,5361.5,2026-07-09,-1.71,5.09,4.97,-2.07,-10.31,-7.65
ASHOKA,127.19,2026-07-09,-2.87,-3.78,4.96,4.83,-21.53,-38.22
CONSUMBEES,129.97,2026-07-09,-1.49,1.83,4.96,5.74,-2.65,-0.8
HDFCPVTBAN,28.34,2026-07-09,-2.07,-0.6,4.96,6.18,-1.94,-0.77
TRENT,2904.1,2026-07-09,-13.15,-10.87,4.95,13.29,9.81,-46.22
SBIETFCON,120.39,2026-07-09,-1.0,1.53,4.92,6.01,-2.84,-0.82
KCP,172.81,2026-07-09,2.57,1.76,4.92,9.39,0.9,-14.48
PVTBANKADD,28.17,2026-07-09,-2.29,-2.93,4.92,4.8,-2.22,-1.16
PVTBANIETF,28.07,2026-07-09,-2.02,-1.02,4.9,6.04,-2.4,-1.2
FINEORG,4969.5,2026-07-09,-3.27,-6.84,4.9,8.36,18.03,-1.43
BVCL,43.04,2026-07-09,-3.08,3.39,4.9,1.27,0.91,15.82
SONATSOFTW,275.9,2026-07-09,-0.4,0.25,4.89,12.87,-21.2,-34.99
CIEINDIA,461.85,2026-07-09,-1.6,0.64,4.87,-2.32,14.87,6.34
MOBIKWIK,200.79,2026-07-09,0.36,0.32,4.86,9.94,-13.1,-18.35
SBIETFPB,283.32,2026-07-09,-1.8,-1.13,4.86,5.64,-2.54,-1.15
HINDCOMPOS,439.75,2026-07-09,0.51,5.68,4.85,12.22,3.42,-7.5
NEXTMEDIA,3.9,2026-07-09,-2.74,-2.01,4.84,-9.93,-30.97,-40.55
OAL,347.75,2026-07-09,10.36,10.78,4.84,32.18,24.87,-4.09
MOHEALTH,50.51,2026-07-09,-0.37,1.77,4.84,17.25,14.07,12.24
BOROLTD,230.88,2026-07-09,-3.77,-1.44,4.84,-4.86,-17.69,-32.64
ZYDUSLIFE,1159.0,2026-07-09,0.97,3.36,4.83,28.46,29.51,19.81
WINNY,41.25,2026-07-08,0.0,0.0,4.83,-3.73,-31.25,-68.27
ABANSENT,27.76,2026-07-09,-4.01,0.8,4.83,,,
UFLEX,434.2,2026-07-09,-0.25,3.71,4.83,17.46,-8.2,-27.14
PATELRMART,220.25,2026-07-09,-7.95,4.04,4.83,22.63,18.55,
AHLUCONT,836.15,2026-07-09,-2.03,-4.01,4.82,9.59,-9.08,-16.2
MOHITIND,23.07,2026-07-09,0.3,-5.72,4.82,0.65,-17.49,-27.93
LICNETFSEN,866.56,2026-07-09,-1.93,0.38,4.8,0.92,-7.72,-7.13
RAJESHEXPO,93.39,2026-07-09,-4.16,1.32,4.8,-10.67,-44.63,-54.0
BIL,725.9,2026-07-09,-5.08,-6.49,4.8,-0.34,8.51,-1.49
KITEX,153.18,2026-07-09,-3.34,-1.75,4.8,-7.48,-0.99,-47.52
PITTIENG,951.45,2026-07-09,-0.14,-1.4,4.79,14.84,30.07,-1.7
TARIL,334.8,2026-07-09,-1.89,0.6,4.79,20.8,22.06,-35.25
TRIDENT,25.36,2026-07-09,-3.39,-2.01,4.79,3.83,-1.16,-19.86
EMBDL,63.81,2026-07-09,1.8,3.47,4.78,20.74,-4.89,-46.19
CARBORUNIV,1089.8,2026-07-09,-4.78,-8.57,4.78,27.42,35.66,9.71
SETUINFRA,0.44,2026-07-09,0.0,0.0,4.76,-2.22,2.33,-45.68
RAMAPHO,125.22,2026-07-09,-1.0,-0.89,4.76,-4.96,-31.23,-2.59
DEN,28.41,2026-07-09,-2.87,-3.17,4.76,4.14,-8.18,-25.53
MAJESAUT,347.0,2026-07-09,2.01,4.3,4.74,,,
MODIRUBBER,132.09,2026-07-09,1.26,2.33,4.73,10.62,3.85,3.2
SURAJEST,202.27,2026-07-09,-1.32,7.53,4.71,-3.3,-15.26,-38.91
CIPLA,1441.3,2026-07-09,-2.11,-0.88,4.71,18.82,-0.74,-2.47
SUNREST,35.6,2026-07-08,0.0,1.57,4.71,-4.43,-11.0,-29.37
TECHNOE,1045.2,2026-07-09,-2.62,-3.87,4.68,-2.68,3.77,-35.13
HERITGFOOD,334.75,2026-07-09,0.33,1.35,4.66,3.38,-24.88,-31.87
TRANSRAILL,505.55,2026-07-09,-2.82,-2.42,4.66,-3.2,0.61,-33.9
CPPLUS,3644.2,2026-07-09,0.91,-1.88,4.65,91.42,159.32,
PAR,89.62,2026-07-09,-0.96,2.11,4.64,-1.8,-4.4,-5.11
MARUTI,13728.0,2026-07-09,-5.04,2.36,4.63,1.02,-16.81,11.28
HEALTHY,16.73,2026-07-09,-1.36,0.9,4.63,14.67,11.09,12.13
UNIINFO,12.2,2026-07-09,3.39,1.67,4.63,10.91,-21.94,-39.18
BAJAJELEC,326.75,2026-07-09,0.23,3.04,4.63,-9.19,-29.18,-51.84
SETCO,18.37,2026-07-09,15.68,11.4,4.61,47.43,139.73,93.33
AXISHCETF,163.97,2026-07-08,-2.22,0.14,4.61,14.31,8.9,10.87
NIRAJ,29.38,2026-07-09,-1.21,-2.52,4.59,6.14,-18.21,-43.77
ESENSEX,77.19,2026-07-09,-1.76,0.43,4.59,0.59,-7.62,
NPBET,287.0,2026-07-09,-2.05,-2.05,4.58,5.6,-2.31,-1.02
METROPOLIS,560.05,2026-07-09,-2.35,6.92,4.57,22.82,16.88,9.3
RCF,131.59,2026-07-09,0.8,1.32,4.56,2.92,-3.55,-13.47
INTERARCH,1801.4,2026-07-09,-4.15,-5.82,4.54,-4.64,-11.17,-19.8
ARE&M,869.5,2026-07-09,2.12,5.73,4.54,17.48,-3.04,-10.14
ETHOSLTD,2526.4,2026-07-09,-0.42,3.64,4.54,3.89,-10.38,-8.08
GRINDWELL,2020.7,2026-07-09,-3.0,-5.87,4.53,35.4,27.26,17.54
NEOGEN,2026.7,2026-07-09,0.84,7.67,4.53,55.73,79.21,27.63
RAJRATAN,465.75,2026-07-09,-0.32,7.32,4.52,19.96,0.65,10.57
BIRLANU,1331.7,2026-07-09,-1.07,-3.49,4.51,-6.32,-25.74,-41.26
MONARCH,351.2,2026-07-09,-0.72,3.75,4.49,21.49,16.93,-2.95
UMIYA-MRO,90.38,2026-07-09,-0.07,-0.33,4.49,8.02,10.75,12.36
BAJAJHLDNG,10581.0,2026-07-09,-2.2,1.14,4.48,8.07,-2.99,-22.34
NILASPACES,12.6,2026-07-09,-0.63,-0.47,4.48,-8.23,-13.22,0.0
DAMODARIND,31.49,2026-07-09,0.7,4.62,4.44,32.7,13.03,-15.28
RETAIL,17.88,2026-07-09,-8.07,3.35,4.44,-12.05,-22.93,-51.2
GSEC10ABSL,114.28,2026-07-09,1.52,1.71,4.42,2.77,3.37,4.06
AIAENG,4687.5,2026-07-09,-2.61,-5.33,4.42,29.07,18.56,36.22
RACE,112.0,2026-07-09,-1.75,0.2,4.42,-18.38,-14.1,-52.33
PAGEIND,40615.0,2026-07-09,-4.46,0.52,4.4,13.42,19.38,-15.22
CMRSL,67.85,2026-07-08,0.0,-4.97,4.38,13.08,-12.68,-26.08
EMMBI,88.51,2026-07-09,-5.83,-5.31,4.37,6.15,-7.52,-18.48
PHANTOMFX,180.0,2026-07-08,-4.91,0.93,4.35,-10.13,-19.57,-40.43
ELPROINTL,173.97,2026-07-09,0.21,1.3,4.32,,,
SPLIL,31.45,2026-07-09,2.64,4.28,4.31,10.58,-1.01,-24.71
MAYURUNIQ,833.3,2026-07-09,-5.62,2.11,4.31,50.84,74.37,48.45
PETRONET,277.15,2026-07-09,0.6,-1.46,4.3,3.31,-2.47,-5.9
BANKBETF,58.2,2026-07-09,-1.54,-0.78,4.28,4.83,-3.03,0.64
SHIVATEX,158.37,2026-07-09,8.64,6.48,4.28,8.47,-9.27,-21.83
SENSEXADD,79.11,2026-07-09,-1.71,0.32,4.28,0.48,-7.53,-7.06
M&M,3085.4,2026-07-09,-3.62,0.8,4.27,-1.55,-15.21,-1.84
ROSSELLIND,56.79,2026-07-09,-1.41,-0.26,4.26,14.01,18.44,-22.01
TCIEXP,553.55,2026-07-09,9.73,7.37,4.26,3.02,5.02,-25.01
HDFCNIFBAN,58.99,2026-07-09,-1.67,-0.64,4.26,5.04,-3.07,0.94
BSLSENETFG,77.22,2026-07-09,-1.83,-0.06,4.25,0.81,-7.81,-7.41
BAJAJHFL,87.59,2026-07-09,-2.79,0.92,4.25,4.41,-6.34,-27.81
SUPREME,46.35,2026-07-09,-3.78,-1.4,4.25,-16.0,-26.56,-41.57
EQUITASBNK,78.17,2026-07-09,0.81,4.79,4.25,31.67,16.9,25.37
SENSEXIETF,881.55,2026-07-09,-2.05,0.18,4.24,0.63,-7.81,-7.3
VINYLINDIA,257.0,2026-07-09,-1.27,1.28,4.2,17.01,14.54,-16.78
ACEINTEG,20.83,2026-07-09,-3.25,-1.0,4.2,15.79,3.68,-20.01
SUMICHEM,481.15,2026-07-09,-0.6,14.59,4.2,15.9,9.13,-11.52
NILE,1764.8,2026-07-09,-0.33,2.92,4.19,,,
TVSSRICHAK,4143.7,2026-07-09,-2.05,1.05,4.19,14.63,-0.08,30.84
GLOBECIVIL,41.8,2026-07-09,-0.85,-2.68,4.16,-1.65,-19.89,-48.12
KPIL,1349.9,2026-07-09,-2.21,0.28,4.15,19.05,21.97,13.36
LORDSCHLO,136.37,2026-07-09,-3.65,1.68,4.15,-3.77,-14.93,-17.6
BEPL,101.25,2026-07-09,1.66,2.4,4.15,11.9,18.71,-8.56
MIDSELIETF,19.08,2026-07-09,-0.57,1.38,4.15,11.51,4.21,6.65
EBANKNIFTY,57.82,2026-07-09,-1.33,-0.93,4.14,4.99,-3.12,0.43
ABSLBANETF,58.7,2026-07-09,-1.68,-0.63,4.13,4.73,-3.14,0.81
PILANIINVS,4383.8,2026-07-09,-0.35,1.03,4.13,-2.2,-11.01,-19.15
HDFCLOWVOL,20.48,2026-07-09,-0.82,1.44,4.12,3.8,-4.7,-1.01
AUTOAXLES,1761.1,2026-07-09,-2.49,-0.37,4.11,4.28,-7.92,-0.71
MOMNC,32.41,2026-07-09,-1.61,0.93,4.11,9.01,7.11,
DODLA,1119.8,2026-07-09,-2.6,0.3,4.11,8.8,-7.23,-21.06
KIMS,813.75,2026-07-09,-1.27,1.03,4.11,22.92,31.22,14.88
ERIS,1430.0,2026-07-09,-1.34,1.73,4.1,5.39,-4.71,-16.96
BANKBEES,592.56,2026-07-09,-1.74,-0.91,4.09,4.64,-3.15,0.75
SENSEXETF,79.09,2026-07-09,-1.91,0.03,4.08,0.56,-7.71,-7.16
AXSENSEX,79.29,2026-07-08,-2.52,-0.08,4.08,-0.88,-8.7,-7.44
DELAPLEX,100.0,2026-07-08,-2.2,-0.2,4.06,-3.85,-27.19,-33.4
SETFNIFBK,587.68,2026-07-09,-1.78,-0.93,4.06,4.65,-3.19,0.71
BANKETF,583.68,2026-07-09,-1.74,-0.82,4.05,4.81,-2.99,0.73
SURYALAXMI,58.1,2026-07-09,-3.12,-4.93,4.05,6.84,3.66,-24.01
PRLIND,47.6,2026-07-08,-4.8,-3.55,4.04,-27.88,-37.12,-48.62
AIROLAM,88.57,2026-07-09,-3.09,-7.77,4.04,6.99,-10.54,-19.07
HDFCSENSEX,87.04,2026-07-09,-1.63,-0.18,4.04,-0.02,-7.75,-7.11
BANKADD,58.53,2026-07-09,-1.93,-0.93,4.03,4.63,-3.13,0.74
NILKAMAL,1310.3,2026-07-09,0.93,3.61,4.03,2.1,-5.0,-25.42
COFORGE,1468.6,2026-07-09,-0.9,-1.53,4.01,16.1,-12.46,-23.43
FEDERALBNK,327.75,2026-07-09,-0.77,1.14,4.01,15.69,28.38,54.16
SVPGLOB,3.9,2026-07-09,0.78,0.52,4.0,53.54,6.56,20.74
RSSOFTWARE,33.5,2026-07-09,-3.12,-5.58,4.0,14.14,-28.6,-57.19
DABUR,443.15,2026-07-09,-1.47,3.95,3.99,3.2,-15.17,-13.83
BANKIETF,58.72,2026-07-09,-2.0,-0.79,3.98,4.71,-3.28,11.68
KEYFINSERV,266.0,2026-07-09,-5.07,10.1,3.97,-2.04,-6.22,0.51
MAMATA,381.6,2026-07-09,-3.67,-8.04,3.96,5.43,-6.18,-7.49
SIS,437.8,2026-07-09,2.75,0.45,3.94,45.28,34.82,23.4
KOVAI,5970.5,2026-07-09,-0.88,0.32,3.91,131.72,131.72,131.72
SENSEXBETA,848.07,2026-07-09,-1.98,0.14,3.89,0.38,-7.94,
KOTARISUG,25.98,2026-07-09,0.46,4.93,3.88,6.21,-2.99,-30.96
TATAINVEST,684.85,2026-07-09,3.1,2.78,3.88,8.09,3.0,3.66
GROWWHOSPI,54.06,2026-07-09,-0.88,1.16,3.86,17.04,,
SHANTHALA,22.85,2026-07-08,-6.35,-1.08,3.86,-18.39,-27.11,-19.96
LOTUSDEV,142.36,2026-07-09,-3.04,-6.54,3.86,5.83,-9.34,
INFINIUM,211.75,2026-07-08,-2.17,2.79,3.85,-1.85,-3.75,-26.48
COUNCODOS,5.12,2026-07-09,1.79,6.22,3.85,2.61,-10.33,-26.86
LOWVOL,204.86,2026-07-09,-1.16,1.22,3.83,3.34,-4.44,-1.18
ARTEMISMED,268.0,2026-07-09,-2.86,2.06,3.82,17.69,3.9,7.01
STARTECK,276.1,2026-07-09,-3.11,-2.9,3.82,7.92,1.15,-7.45
BANKNIFTY1,59.27,2026-07-09,-2.07,-1.27,3.82,4.44,-90.33,-89.94
TNIDETF,83.0,2026-07-09,1.65,3.74,3.81,1.32,-14.5,-11.83
COOLCAPS,24.5,2026-07-08,0.82,-2.0,3.81,-15.66,-64.0,-72.39
BANKBETA,59.04,2026-07-09,-1.96,-1.14,3.8,4.64,-3.43,
TOLINS,103.11,2026-07-09,-1.52,-1.25,3.8,-1.8,-21.11,-39.08
KRYSTAL,601.3,2026-07-09,-0.31,0.17,3.79,10.23,-3.62,-5.68
MUNJALAU,100.67,2026-07-09,-8.81,8.69,3.79,31.85,33.73,27.62
MOM50,251.86,2026-07-09,-1.08,0.78,3.78,1.77,-5.47,-4.11
ASPINWALL,243.1,2026-07-09,-1.35,-3.37,3.77,13.56,7.88,-16.58
APOLLOHOSP,8845.5,2026-07-09,-0.48,2.2,3.77,18.23,22.06,18.74
SAMBHAAV,6.62,2026-07-09,5.08,4.25,3.76,-3.07,-21.47,-7.54
NXST,162.43,2026-07-08,-1.1,-0.42,3.76,6.18,4.82,20.36
CLEDUCATE,58.19,2026-07-09,5.59,16.43,3.76,17.32,-26.91,-36.76
LICNETFN50,269.33,2026-07-09,-1.46,0.25,3.74,1.63,-5.9,-4.22
NOIDATOLL,4.71,2026-07-09,-1.88,-0.42,3.74,26.95,18.05,10.82
NESTLEIND,1463.2,2026-07-09,-0.71,5.47,3.74,19.09,13.24,21.19
AXISNIFTY,264.62,2026-07-08,-1.95,0.07,3.73,0.11,-7.04,-5.03
PFOCUS,244.47,2026-07-09,4.23,16.14,3.73,-23.39,6.19,53.21
EMCURE,1809.5,2026-07-09,-1.39,-2.16,3.72,12.75,17.45,44.11
ZAGGLE,205.06,2026-07-09,-2.11,3.25,3.71,-18.69,-32.89,-51.3
TOP20,8.67,2026-07-09,-1.37,0.46,3.71,-0.69,,
VHL,3525.9,2026-07-09,-1.7,-0.23,3.7,5.23,0.22,-13.36
LOWVOLIETF,21.98,2026-07-09,-0.9,1.24,3.68,3.29,-4.72,-0.95
MOLOWVOL,36.94,2026-07-09,-1.2,0.19,3.68,3.73,-5.04,-4.65
KFINTECH,874.9,2026-07-09,-0.82,0.64,3.67,-1.94,-17.56,-32.61
IFBAGRO,917.95,2026-07-09,-4.69,0.34,3.66,5.14,-44.89,24.88
ENIFTY,24.14,2026-07-09,-1.51,0.29,3.65,1.22,-5.96,
YUDIZ,25.6,2026-07-08,-4.83,-8.9,3.64,-8.57,-0.19,-18.6
HAPPSTMNDS,365.6,2026-07-09,5.25,8.28,3.63,-3.65,-17.0,-41.47
ECAPINSURE,24.27,2026-07-09,-0.25,0.12,3.63,5.61,1.46,2.75
INDIGRID,177.8,2026-07-08,-0.23,0.57,3.63,6.6,11.19,26.41
SAGCEM,179.19,2026-07-09,1.46,2.14,3.59,1.31,-11.54,-26.94
MONIFTY500,23.71,2026-07-09,-1.13,0.47,3.58,5.24,-1.08,-0.5
CRAMC,253.99,2026-07-09,0.92,2.87,3.57,-0.31,-14.09,
HDFCNIF100,25.85,2026-07-09,-1.56,0.54,3.57,2.17,-4.37,-3.36
MASTER,362.25,2026-07-08,5.0,4.68,3.56,19.02,13.82,-6.19
DCXINDIA,196.71,2026-07-09,-5.51,1.28,3.55,13.16,5.37,-29.72
BASF,3477.3,2026-07-09,-4.49,-4.38,3.55,-1.87,-7.38,-31.77
OSIAHYPER,3.21,2026-07-09,-0.93,1.26,3.55,-16.84,-77.68,-80.1
AIMTRON,1248.55,2026-07-08,-6.74,-0.26,3.54,42.77,49.6,68.1
GROWWNIFTY,9.66,2026-07-09,-2.13,-0.21,3.54,1.15,,
ADANIENT,3083.6,2026-07-09,-3.84,4.09,3.53,51.19,43.24,19.43
KARURVYSYA,295.65,2026-07-09,-2.79,-1.07,3.52,6.48,12.14,31.86
CHEVIOT,1123.9,2026-07-09,-0.3,0.46,3.52,7.29,10.06,-4.77
BBNPNBETF,57.59,2026-07-09,-2.27,-1.34,3.52,4.12,-3.34,0.66
AMNPLST,204.61,2026-07-09,8.15,9.06,3.51,32.27,9.68,-19.49
MULTICAP,16.5,2026-07-09,-1.32,0.61,3.51,7.14,1.29,-0.24
JISLJALEQS,31.94,2026-07-09,-5.84,-7.85,3.5,0.28,-17.21,-43.77
HAVELLS,1190.8,2026-07-09,0.79,3.0,3.5,-4.79,-18.06,-21.22
RKFORGE,560.7,2026-07-09,-2.39,0.37,3.49,5.71,11.9,-15.31
BALKRISIND,2201.8,2026-07-09,-0.4,1.58,3.48,-0.86,-6.55,-15.45
SAYAJIHOTL,300.05,2026-07-09,-1.78,-4.87,3.47,,,
CAMS,775.7,2026-07-09,-1.66,-1.64,3.47,10.96,7.18,-5.94
ESG,41.16,2026-07-09,-2.09,0.46,3.47,1.98,-5.96,-4.94
MSCIADD,29.33,2026-07-09,0.14,0.27,3.46,3.06,,
MIDCAP,18.22,2026-07-09,0.16,1.56,3.46,10.02,-88.58,-88.58
KSHINTL,848.2,2026-07-09,-1.14,-1.2,3.45,69.93,140.86,
EFCIL,192.85,2026-07-09,-2.17,4.39,3.45,-2.78,-30.92,
HUBTOWN,203.69,2026-07-09,-6.41,-0.76,3.43,2.11,-12.57,-29.65
AONETOTAL,11.75,2026-07-09,-1.43,0.43,3.43,5.38,-0.84,-1.26
AMBUJACEM,428.15,2026-07-09,-3.0,0.92,3.43,-0.87,-19.87,-27.12
ACC,1362.2,2026-07-09,-2.5,2.16,3.43,-1.57,-19.56,-31.17
BSLNIFTY,28.07,2026-07-09,-1.82,0.11,3.43,1.26,-6.18,-4.59
UNIENTER,107.79,2026-07-09,0.24,-0.17,3.43,9.44,-24.34,-28.53
SONAL,91.06,2026-07-09,-4.6,-2.14,3.42,,,
ELM250,16.47,2026-07-09,-0.6,0.61,3.39,5.31,-0.9,
APARINDS,14070.0,2026-07-09,-1.77,-11.99,3.39,30.68,71.84,60.69
GRINFRA,891.45,2026-07-09,-1.4,-3.52,3.38,6.84,-7.29,-30.06
TRANSTEEL,122.5,2026-07-08,-4.3,-4.22,3.38,-18.28,-15.31,-7.86
SYMPHONY,696.4,2026-07-09,-1.3,0.84,3.38,-6.0,-22.74,-38.95
HEXT,539.25,2026-07-09,0.65,3.82,3.38,15.57,-24.71,-37.83
STARPAPER,139.29,2026-07-09,-0.29,1.93,3.37,1.83,-13.63,-20.94
SETFNIF50,257.9,2026-07-09,-1.65,0.32,3.37,1.26,-6.16,-4.86
NIFTYBEES,272.76,2026-07-09,-1.68,0.22,3.37,1.21,-6.14,-4.8
ICICIPRULI,490.7,2026-07-09,1.15,0.25,3.36,-9.14,-28.16,-27.63
AONENIFTY,9.88,2026-07-09,-1.69,0.3,3.35,1.23,-6.26,-4.94
NIFTY1,265.8,2026-07-09,-1.66,0.3,3.35,1.34,-6.11,-4.75
NIFTYCASE,9.59,2026-07-09,-1.84,0.0,3.34,1.27,-6.16,
BROOKS,70.51,2026-07-09,-8.27,0.83,3.34,-1.48,-4.99,-51.63
NIFTYETF,260.2,2026-07-09,-1.82,-0.04,3.33,1.16,-6.24,-4.9
SECMARK,125.22,2026-07-09,-4.27,-0.36,3.33,13.42,13.78,-17.89
BLUEDART,4846.8,2026-07-09,-2.53,-0.56,3.32,-3.93,-10.04,-26.62
HNDFDS,547.95,2026-07-09,1.18,-0.54,3.32,9.26,8.07,-4.0
TOKYOPLAST,87.7,2026-07-09,-0.79,1.39,3.31,15.02,-17.51,-33.31
MASFIN,313.3,2026-07-09,-1.85,1.11,3.31,1.02,1.27,0.86
NIFTYBETF,245.93,2026-07-09,-1.84,-0.07,3.31,0.94,-6.42,-5.05
NIFTYIETF,271.2,2026-07-09,-1.75,0.14,3.31,1.17,-6.27,-4.87
LTFOODS,388.4,2026-07-09,2.45,3.59,3.31,-4.13,6.35,-20.82
ARFIN,88.54,2026-07-09,-2.76,6.33,3.3,2.68,12.02,
QNIFTY,263.4,2026-07-09,-1.97,0.01,3.29,1.5,-90.62,-90.54
SAFARI,1622.6,2026-07-09,-0.22,2.27,3.28,3.89,-23.16,-26.98
SURYALA,452.5,2026-07-09,0.78,1.26,3.28,,,
NIFTYBETA,265.26,2026-07-09,-1.78,0.14,3.27,1.13,-6.27,
IVZINNIFTY,2740.5,2026-07-09,-1.67,0.02,3.27,1.16,-6.97,-5.56
IDFNIFTYET,264.06,2026-07-09,-1.86,-0.16,3.27,1.15,-6.33,-5.03
SIKKO,4.11,2026-07-09,13.22,8.44,3.27,-17.47,-7.85,5.44
NIFTYADD,252.15,2026-07-09,-1.75,0.14,3.26,1.25,-6.23,-4.86
AKCAPIT,1787.4,2026-07-09,1.1,0.58,3.26,,,
20MICRONS,193.94,2026-07-09,-1.09,-1.76,3.25,21.68,-0.91,-11.75
NIF100BEES,265.45,2026-07-09,-1.5,0.38,3.24,2.36,-0.02,-0.02
SANDESH,977.5,2026-07-09,-0.81,-3.34,3.23,6.37,-5.14,-17.18
HDFCNIFTY,269.64,2026-07-09,-1.76,0.2,3.22,1.15,-6.26,-4.92
SIL,16.05,2026-07-09,2.56,1.9,3.22,12.0,6.47,-14.5
MIDCAPBETA,230.99,2026-07-09,-0.41,0.64,3.22,9.56,4.03,
ASHIANA,373.8,2026-07-09,-1.71,-3.31,3.2,18.35,30.91,13.41
CENTURYPLY,773.6,2026-07-09,-0.53,4.41,3.19,5.12,0.4,4.66
MONQ50,143.65,2026-07-09,-1.33,-0.49,3.19,28.89,43.98,87.56
BSE500IETF,38.96,2026-07-09,-1.39,0.15,3.18,4.59,-1.86,-1.77
JUSTDIAL,546.6,2026-07-09,-0.15,4.0,3.16,-3.52,-23.56,-40.61
PLASTIBLEN,176.41,2026-07-09,-1.74,-2.62,3.16,27.36,12.26,-14.63
SNXT50BETA,93.2,2026-07-09,-0.87,1.1,3.15,7.34,0.15,
ZODIACLOTH,77.23,2026-07-09,0.27,-6.67,3.14,7.49,-4.2,-29.46
GICHSGFIN,150.84,2026-07-09,-1.07,-2.3,3.14,6.3,-8.31,-19.86
AARON,118.18,2026-07-09,-0.14,0.68,3.13,-17.94,-28.25,-35.08
ACCENTMIC,490.55,2026-07-08,-3.7,1.42,3.12,15.6,34.6,92.66
MONIFTY100,25.16,2026-07-09,-1.76,0.36,3.11,2.69,-4.52,
GRASIM,3191.9,2026-07-09,-0.66,3.63,3.11,16.47,14.94,14.5
KOPRAN,189.36,2026-07-09,-2.74,0.8,3.11,21.37,26.95,8.41
ELECTCAST,75.52,2026-07-09,-2.63,-1.54,3.11,-10.19,7.46,-38.58
VIDYAWIRES,96.92,2026-07-09,-2.2,-4.6,3.11,57.13,99.1,
SPORTKING,183.37,2026-07-09,-0.48,4.93,3.11,31.93,119.32,59.09
NETF,260.16,2026-07-09,-1.79,-0.06,3.11,1.15,-6.39,-4.93
63MOONS,672.65,2026-07-09,-4.0,2.44,3.1,22.09,2.92,-37.93
INNOVANA,309.85,2026-07-09,-0.23,-3.8,3.09,-17.57,-22.54,-45.23
LICNFNHGP,273.89,2026-07-09,-1.99,-0.05,3.09,2.8,-3.98,-3.49
COASTCORP,49.92,2026-07-09,-1.75,1.18,3.08,0.85,15.02,31.95
NIF100IETF,27.89,2026-07-09,-1.62,-0.07,3.07,2.24,-4.55,17.37
PLADAINFO,11.8,2026-07-08,0.0,3.06,3.06,13.46,-20.0,-34.44
TOP100CASE,10.47,2026-07-09,-2.06,0.0,3.05,2.45,-4.47,-2.97
MOALPHA50,53.31,2026-07-09,-0.69,-0.22,3.05,9.53,8.11,
LOWVOL1,20.96,2026-07-09,-1.04,1.8,3.05,3.87,-4.51,-0.52
NH,1993.2,2026-07-09,-0.3,4.75,3.05,15.33,5.07,1.46
NEAGI,3225.0,2026-07-09,4.03,4.03,3.04,,,
ABSLMSCIN,29.16,2026-07-09,-1.92,0.1,3.04,3.0,,
AMJLAND,37.4,2026-07-09,-1.29,0.43,3.03,-9.84,-24.23,-40.54
MNC,33.31,2026-07-09,-2.52,0.27,3.03,8.57,7.18,12.92
GROWWN200,11.25,2026-07-09,-1.4,0.09,3.02,3.88,-2.73,-1.82
GROWWMC150,228.53,2026-07-09,-0.94,0.22,3.02,9.32,3.93,
VMSTMT,46.76,2026-07-09,-4.2,6.78,3.02,8.97,-4.12,
MID150BEES,236.3,2026-07-09,-0.54,0.88,3.02,9.17,4.13,4.85
AVAILFC,157.73,2026-06-03,0.88,0.44,3.02,,,
AWFIS,305.85,2026-07-09,1.44,3.92,3.01,-1.6,-35.33,-52.62
BOROSCI,158.31,2026-07-09,-3.16,-8.64,3.01,38.72,35.11,-1.77
SUTLEJTEX,37.91,2026-07-09,0.69,-0.84,2.99,26.92,30.14,-15.27
PGINVIT,96.16,2026-07-08,1.31,2.54,2.99,7.78,10.51,20.77
NIVABUPA,85.74,2026-07-09,0.09,1.32,2.97,16.73,8.3,-3.81
SBILIFE,1821.7,2026-07-09,1.9,3.78,2.97,-4.32,-11.87,0.51
ALOKINDS,12.47,2026-07-09,-3.56,-1.19,2.97,-6.52,-21.32,-42.88
FORCEMOT,18167.0,2026-07-09,-3.09,1.92,2.97,-18.05,-2.9,8.9
ARVINDFASN,466.4,2026-07-09,-0.37,0.29,2.95,1.67,-1.89,0.17
GROWWCAPM,11.53,2026-07-09,-0.69,0.0,2.95,12.49,19.77,
DCMSRIND,41.19,2026-07-09,0.51,11.78,2.94,11.33,-15.13,-75.75
MAGSON,175.0,2026-07-08,2.43,2.94,2.94,5.58,37.8,27.83
BEML,1816.1,2026-07-09,-2.11,6.25,2.94,13.47,1.62,-21.94
MOCAPITAL,54.83,2026-07-09,-0.47,0.05,2.93,,,
MIDCAPIETF,23.66,2026-07-09,-0.55,0.85,2.91,9.13,4.37,5.02
BI,64.61,2026-07-09,2.43,15.01,2.91,,,
NIBE,1585.8,2026-07-09,-1.47,-3.43,2.89,68.96,29.87,-2.89
MSCIINDIA,29.62,2026-07-09,-1.69,0.41,2.88,3.06,-3.42,-2.21
JYOTHYLAB,201.64,2026-07-09,5.56,3.08,2.88,-7.33,-21.25,-41.97
JIWANRAM,5.35,2026-07-08,1.9,-8.55,2.88,-1.83,-7.76,-39.55
TRF,233.19,2026-07-09,-0.28,-1.62,2.88,-6.45,-18.09,-38.89
VISHWAS,48.35,2026-07-08,0.0,-8.34,2.87,26.24,20.57,-21.38
TVSHLTD,13954.0,2026-07-09,-2.73,3.72,2.87,-0.01,-5.54,27.75
MATRIMONY,417.5,2026-07-09,-6.72,5.2,2.87,-4.23,-22.61,-20.13
MIDCAPETF,23.35,2026-07-09,-0.6,0.78,2.86,9.16,4.24,5.04
BLUESTARCO,1615.6,2026-07-09,1.11,-1.22,2.85,-2.42,-10.31,-10.29
GILT10BETA,26.78,2026-07-09,0.04,1.13,2.84,3.64,2.53,2.8
MID150,23.24,2026-07-09,-0.34,1.09,2.83,9.52,4.59,6.02
AUTOBEES,275.26,2026-07-09,-2.38,0.94,2.83,3.41,-4.38,12.34
SBINMID150,22.92,2026-07-09,-0.09,0.84,2.83,9.3,,
CROWN,113.18,2026-07-09,-1.98,1.21,2.83,-7.95,-11.16,-34.74
HISARMETAL,153.27,2026-07-09,-0.6,0.16,2.82,3.56,-2.76,-21.52
HARRMALAYA,201.15,2026-07-09,-0.78,0.8,2.81,6.85,24.69,-5.62
EUREKAFORB,451.9,2026-07-09,-3.13,1.87,2.81,-4.8,-22.12,-23.08
HCG,652.7,2026-07-09,0.02,9.69,2.8,19.6,2.09,18.69
GOCLCORP,410.0,2026-07-09,1.47,1.65,2.8,49.53,46.35,8.08
VIRINCHI,15.5,2026-07-09,-4.02,-5.66,2.79,-12.97,-31.99,-39.29
EQUAL200,13.62,2026-07-09,-0.87,0.89,2.79,6.8,2.39,3.27
MID150CASE,11.45,2026-07-09,-0.78,0.7,2.78,9.15,4.19,5.24
ITALIANE,37.0,2026-07-08,0.0,0.54,2.78,-0.94,23.33,0.3
RILINFRA,37.05,2026-07-08,0.0,-10.51,2.77,13.48,1.93,-9.52
ALLTIME,234.23,2026-07-09,-8.89,-0.06,2.76,7.46,-4.71,
GKENERGY,145.13,2026-07-09,1.8,3.63,2.73,34.59,1.02,
ARIHANTSUP,260.1,2026-07-09,-3.99,3.44,2.73,14.19,-16.41,-35.9
PARIN,723.65,2026-07-08,2.29,-0.21,2.72,12.54,20.22,116.34
RATNAMANI,2633.9,2026-07-09,2.27,2.48,2.72,13.5,17.43,-8.07
LAOPALA,176.99,2026-07-09,-2.47,0.11,2.71,2.32,-11.23,-28.41
RELIABLE,145.24,2026-07-09,-0.05,-2.52,2.71,23.6,-7.89,99.08
HAL,4378.9,2026-07-09,-1.39,0.83,2.7,8.58,-1.05,-11.53
VIDHIING,292.8,2026-07-09,2.65,3.63,2.7,-9.12,-12.6,-29.71
KAVDEFENCE,62.06,2026-07-09,-2.42,-3.47,2.68,1.34,-15.03,-5.02
ABMKNO,213.99,2026-07-09,-2.71,7.53,2.68,,,
HINDPETRO,392.1,2026-07-09,-2.06,0.64,2.64,9.53,-12.62,-8.73
TOP15IETF,9.73,2026-07-09,-2.01,-0.71,2.64,-1.22,-10.57,-6.71
TIMETECHNO,176.57,2026-07-09,-1.2,-1.67,2.64,-1.07,-2.14,-20.81
NORTHARC,307.85,2026-07-09,-0.55,5.21,2.63,31.22,18.12,20.4
ALPHA,51.14,2026-07-09,-0.72,-0.97,2.63,9.67,8.03,0.73
AMBEY,23.4,2026-07-08,-4.29,11.43,2.63,-0.21,-36.93,-38.9
DVL,240.98,2026-07-09,1.86,2.5,2.63,6.82,-10.71,-27.23
EBBETF0433,1317.6,2026-07-09,-0.16,0.73,2.62,4.27,3.62,5.6
ISGEC,923.85,2026-07-09,-0.09,0.02,2.62,-3.05,11.36,-23.51
GLENMARK,2267.2,2026-07-09,-0.16,3.69,2.61,4.52,12.95,24.96
CONCORDBIO,1305.4,2026-07-09,1.7,3.45,2.61,23.77,-1.12,-27.81
REMSONSIND,83.22,2026-07-09,-0.99,2.64,2.61,-11.8,-28.33,-36.64
MCCHRLS-B,709.0,2026-07-09,-0.83,2.75,2.61,,,
DCAL,192.83,2026-07-09,-1.56,14.39,2.61,21.71,-25.25,-25.73
INFRA,12.2,2026-07-09,-1.77,-0.41,2.61,9.91,,
SAPPHIRE,181.86,2026-07-09,-1.43,0.81,2.6,12.29,-18.01,-46.12
HALDER,238.41,2026-07-09,2.67,0.19,2.6,-4.06,,
BBETF0432,1356.0,2026-07-09,-0.26,0.34,2.6,3.91,3.35,5.84
STEELCITY,78.17,2026-07-09,-1.31,2.12,2.59,-3.62,-10.38,-23.21
UNIECOM,87.6,2026-07-09,-2.76,0.17,2.58,-5.17,-25.36,-28.36
HDFCMID150,23.08,2026-07-09,-0.52,0.22,2.58,8.82,3.87,4.67
AGNI,17.9,2026-07-08,0.0,0.0,2.58,-6.04,-20.8,-34.55
MIDCAPADD,22.86,2026-07-09,-0.57,0.53,2.56,9.22,3.81,
RSDFIN,80.0,2026-07-09,-4.76,0.49,2.56,,,
MGEL,16.9,2026-07-09,0.78,5.62,2.55,41.78,25.65,9.88
ZIMLAB,115.93,2026-07-09,-3.04,-6.51,2.55,62.16,70.01,-0.06
ABBOTINDIA,26770.0,2026-07-09,-0.34,5.83,2.55,3.84,-4.72,-21.07
SSDL,55.61,2026-07-09,-1.89,-3.1,2.54,-8.4,-24.56,-42.28
NEXT50BETA,77.02,2026-07-09,-1.52,-0.09,2.54,8.07,4.92,
SILINV,421.2,2026-07-09,-0.28,-0.24,2.53,1.06,-13.92,-30.93
INM,169.0,2026-07-08,1.2,2.42,2.52,-7.65,-30.45,-66.18
SOMICONVEY,99.64,2026-07-09,-3.26,-6.75,2.51,-7.41,-13.96,-36.45
SRF,2756.9,2026-07-09,-2.61,3.46,2.5,14.88,-8.64,-15.7
AARTISURF,373.85,2026-07-09,-3.89,0.9,2.49,-6.82,2.59,-32.77
ADANIENSOL,1618.5,2026-07-09,-0.26,8.89,2.49,50.03,68.49,81.82
ABGSEC,114.79,2026-07-08,-0.01,0.98,2.49,2.58,3.0,4.43
MOM100,67.06,2026-07-09,-0.5,0.98,2.48,9.11,4.13,5.24
SBINEQWETF,33.02,2026-07-09,-2.34,0.09,2.48,3.48,-1.14,3.06
VIKRAN,73.47,2026-07-09,-3.87,-1.3,2.48,11.79,-23.38,
INDOSTAR,259.85,2026-07-09,0.68,1.92,2.47,20.64,12.46,-22.42
LANDMARK,429.05,2026-07-09,-1.92,-1.14,2.45,2.67,-4.74,-15.61
NEXT50,737.64,2026-07-09,-1.49,0.05,2.45,8.05,5.02,5.16
DHANBANK,33.89,2026-07-09,0.21,7.28,2.45,33.69,34.32,14.22
GROWWNXT50,71.7,2026-07-09,-1.89,-0.31,2.44,8.29,4.73,
LICNMID100,62.36,2026-07-09,-0.65,0.73,2.43,8.64,3.83,4.93
SOTL,581.8,2026-07-09,0.5,15.48,2.42,73.44,60.74,34.92
MON50EQUAL,32.97,2026-07-09,-1.67,1.35,2.42,3.48,-0.84,2.74
SETFNN50,765.83,2026-07-09,-1.55,-0.02,2.42,8.01,4.79,5.15
TIRUPATI,510.0,2026-07-08,0.0,0.0,2.41,12.11,-26.09,2.26
HGS,409.9,2026-07-09,-0.12,-1.41,2.41,2.89,-5.02,-25.84
MENONBE,173.88,2026-07-09,4.31,7.38,2.4,52.46,46.99,41.37
SAMPANN,27.91,2026-07-09,-3.33,-1.06,2.38,-6.84,-19.75,0.11
WHIRLPOOL,792.1,2026-07-09,-1.08,-1.02,2.37,-3.86,-6.29,-41.01
SUMMITSEC,1522.7,2026-07-09,-1.57,1.28,2.37,-6.06,-16.5,-26.05
MEDICAMEQ,245.4,2026-07-09,-4.07,1.66,2.36,3.57,-37.12,-37.74
SRD,39.16,2026-07-09,-2.44,-2.42,2.35,-11.86,-39.34,-49.37
PVRINOX,989.5,2026-07-09,-2.42,2.92,2.35,5.05,-1.47,-1.23
RENUKA,22.61,2026-07-09,-2.04,1.57,2.35,-17.87,-10.21,-31.63
SIDDHIKA,206.25,2026-07-08,-6.25,-3.64,2.35,0.03,7.92,3.48
360ONE,1100.2,2026-07-09,-2.92,0.95,2.34,10.87,-3.01,-6.9
GEECEE,332.35,2026-07-09,-5.5,0.03,2.34,10.98,6.06,-10.5
AUSOMENT,119.16,2026-07-09,2.06,4.09,2.34,16.22,-9.47,12.5
ALEMBICLTD,88.76,2026-07-09,-3.17,-1.81,2.34,4.83,-9.44,-22.6
CREATIVEYE,6.58,2026-07-09,4.78,4.11,2.33,-1.35,-6.27,-25.65
SSWL,240.05,2026-07-09,-2.49,4.59,2.32,18.11,20.54,-1.71
MONEXT50,71.39,2026-07-09,-1.38,-0.04,2.32,7.97,4.6,5.23
KRSNAA,556.9,2026-07-09,1.1,3.7,2.31,-6.03,-23.85,-29.77
IRMENERGY,262.75,2026-07-09,-2.31,-0.02,2.3,34.53,-4.07,-14.65
ABSLNN50ET,75.03,2026-07-09,-1.63,-0.03,2.29,7.79,4.51,5.08
WEALTH,961.75,2026-07-09,-3.86,-2.67,2.29,4.86,7.73,-15.21
ABCOTS,207.44,2026-07-09,-4.06,-6.98,2.27,-48.22,-49.32,-51.32
NEXT50ADD,71.85,2026-07-09,-1.52,-0.11,2.26,8.34,,
EQUAL50,327.65,2026-07-09,-1.92,-0.06,2.25,3.16,-1.38,2.54
SWANCORP,317.55,2026-07-09,-4.81,1.93,2.25,-1.92,-27.58,-31.36
SOMANYCERA,509.5,2026-07-09,-4.29,-1.57,2.25,23.45,23.36,-10.47
RIIL,792.0,2026-07-09,-1.82,-5.13,2.25,11.91,3.47,-15.2
MODEFENCE,102.35,2026-07-09,-3.26,-0.72,2.25,13.85,18.06,5.28
SAPPL,295.45,2026-07-09,10.28,14.63,2.25,,,
MAHICKRA,250.5,2026-07-08,-3.21,0.68,2.24,12.58,57.65,94.16
MEDIASSIST,358.7,2026-07-09,-1.48,-1.08,2.24,1.41,-16.95,-36.41
SHALPAINTS,50.64,2026-07-09,-3.82,-1.02,2.22,2.82,-26.18,-47.2
MUTHOOTFIN,3057.4,2026-07-09,-2.56,1.2,2.22,-11.28,-19.31,16.54
MAZDA,235.01,2026-07-09,-14.24,1.82,2.2,22.68,10.45,-24.77
SETF10GILT,265.86,2026-07-09,-0.11,0.45,2.2,3.25,2.71,3.02
EICHERMOT,7361.0,2026-07-09,-1.48,-0.88,2.19,2.99,-1.94,30.93
TTKHLTCARE,919.05,2026-07-09,-2.16,-0.88,2.19,6.51,-8.04,-28.76
VELS,69.85,2026-07-08,0.0,0.0,2.19,15.93,20.43,2.12
NEXT50ETF,72.01,2026-07-09,-1.59,0.31,2.19,7.7,,
AUTOIETF,27.56,2026-07-09,-2.48,0.95,2.19,3.49,-4.6,12.31
AHCL,15.47,2026-07-09,0.98,-4.15,2.18,27.21,8.62,
SURYAROSNI,255.4,2026-07-09,-3.02,-0.93,2.18,15.92,-6.98,-21.0
JUNIORBEES,771.82,2026-07-09,-1.66,-0.15,2.18,8.11,4.68,4.84
NEXT50IETF,75.32,2026-07-09,-1.47,-0.17,2.17,8.05,4.61,4.95
INFRAIETF,96.02,2026-07-09,-2.05,-0.66,2.17,3.75,0.32,-0.31
SARLAPOLY,102.63,2026-07-09,-4.16,5.32,2.16,22.09,21.87,-10.8
WAAREERTL,989.6,2026-07-09,-1.43,-2.33,2.15,11.05,10.85,0.39
BEACON,90.1,2026-07-08,-3.64,0.11,2.15,19.26,13.98,52.97
KUANTUM,75.49,2026-07-09,-1.37,-0.5,2.15,-3.72,-19.42,-40.76
OSWALPUMPS,410.2,2026-07-09,-3.65,-4.23,2.14,12.05,-13.22,-44.44
ASTERDM,807.15,2026-07-09,1.97,5.41,2.13,20.81,31.93,33.12
DCW,48.38,2026-07-09,-4.56,2.57,2.13,12.85,-10.46,-39.07
JINDALPOLY,684.1,2026-07-09,8.93,7.2,2.12,-15.6,54.2,15.05
ALPHAETF,26.07,2026-07-09,-0.53,-0.69,2.12,7.24,4.95,2.0
EQUAL50ADD,338.85,2026-07-09,-1.63,0.06,2.12,1.5,-1.23,2.78
DTIL,136.11,2026-07-09,-5.15,-0.58,2.11,4.27,-14.4,-32.71
GILT5BETA,66.64,2026-07-09,0.24,0.11,2.11,2.68,5.48,5.83
GSEC10IETF,265.45,2026-07-09,-0.2,0.83,2.1,3.11,2.14,2.75
VSTIND,264.9,2026-07-09,-1.29,1.69,2.1,19.23,8.57,-6.49
RPSGVENT,900.5,2026-07-09,3.62,4.47,2.1,-6.85,24.51,-0.46
GROWWDEFNC,93.33,2026-07-09,-3.43,-0.87,2.09,13.83,18.17,5.21
KSOLVES,282.6,2026-07-09,-2.59,-0.53,2.08,-7.63,1.94,-15.96
BALMLAWRIE,176.61,2026-07-09,-2.93,-3.44,2.07,5.6,0.54,-13.88
PREMIER,3.0,2026-07-09,2.04,-0.33,2.04,-4.15,1.01,-22.28
DCMSHRIRAM,1046.1,2026-07-09,2.8,1.83,2.04,-5.65,-11.11,-24.7
VTL,633.4,2026-07-09,-4.3,0.08,2.02,15.2,53.91,27.19
AWHCL,455.0,2026-07-09,-1.01,-3.29,2.01,-10.9,-4.64,-30.96
KRISHANA,138.15,2026-07-09,-6.08,1.27,2.01,18.3,37.67,56.05
FMCGIETF,52.89,2026-07-09,-2.04,0.55,2.01,3.71,-5.79,-11.12
LANCORHOL,25.0,2026-07-09,3.56,0.16,2.0,0.48,4.52,7.65
POWERMECH,2604.2,2026-07-09,-2.57,-4.26,2.0,25.32,10.18,-20.96
NIFTY100EW,34.56,2026-07-09,-1.37,0.14,1.98,6.44,2.13,4.28
MUNJALSHOW,131.95,2026-07-09,-1.76,4.0,1.97,6.68,9.23,-8.85
SAIFL,5.2,2026-07-08,-1.89,-4.59,1.96,-60.15,-56.85,-82.25
EBBETF0431,1441.9,2026-07-09,-0.04,0.67,1.96,3.59,3.23,5.39
COLPAL,2063.0,2026-07-09,-0.8,3.19,1.96,9.47,1.52,-13.48
ANIKINDS,44.5,2026-07-09,-0.67,0.0,1.95,4.02,-6.18,-58.03
ORIENTCEM,135.5,2026-07-09,-3.8,1.28,1.94,-0.96,-17.17,-42.44
ARCHIDPLY,79.98,2026-07-09,-2.32,-0.45,1.94,-0.19,-7.57,-23.6
INFRABEES,962.03,2026-07-09,-2.0,-0.94,1.94,3.61,0.17,-0.81
MAXPOSURE,34.15,2026-07-08,-2.43,-7.7,1.94,-21.04,-16.3,-35.38
LINDEINDIA,6987.5,2026-07-09,-2.86,-4.24,1.93,-2.73,18.28,3.06
MDL,71.35,2026-07-08,-7.52,-6.85,1.93,27.41,4.93,-21.55
SBIN,1022.1,2026-07-09,-1.5,-1.35,1.93,-0.04,4.0,28.31
EVIETF,31.18,2026-07-09,-1.61,0.26,1.93,8.79,-0.06,5.91
NPST,1603.2,2026-07-09,-3.78,1.25,1.93,27.13,14.52,-21.83
HDFCNEXT50,72.81,2026-07-09,-1.62,-0.1,1.92,7.8,4.37,4.49
SURANAT&P,18.7,2026-07-09,-4.2,-6.36,1.91,1.69,-5.65,-2.15
AHLWEST,585.0,2026-07-09,-0.45,-0.33,1.91,251.33,305.83,305.83
COHANCE,440.15,2026-07-09,-2.83,-2.22,1.91,38.91,-7.51,-55.56
ANUHPHR,79.02,2026-07-09,-1.47,-1.06,1.9,1.26,3.11,-25.07
GROWWLOVOL,10.25,2026-07-09,-0.87,1.79,1.89,1.69,-4.0,0.04
KEL,81.5,2026-07-08,0.0,3.49,1.88,-1.03,-18.42,-29.16
ABINFRA,10.32,2026-07-09,-5.15,-11.79,1.88,-37.19,-45.25,-39.37
PNC,20.54,2026-07-09,-1.77,-6.42,1.88,-11.16,-20.6,-36.76
AERONEU,88.41,2026-07-09,-0.86,-11.77,1.88,11.63,23.6,-26.71
CREST,369.2,2026-07-09,-1.8,-2.83,1.88,9.1,-3.01,-6.01
DAMCAPITAL,151.53,2026-07-09,1.07,2.23,1.87,7.25,-26.93,-39.88
NITINSPIN,549.1,2026-07-09,-1.8,-1.94,1.87,43.13,76.36,39.93
SAGILITY,40.76,2026-07-09,0.44,3.43,1.87,-4.59,-18.71,-4.85
EMAMIPAP,87.12,2026-07-09,2.48,1.56,1.86,25.71,5.14,-16.31
PPLPHARMA,171.99,2026-07-09,-3.31,3.16,1.85,20.31,2.05,-14.57
QPOWER,1154.6,2026-07-09,0.59,-4.37,1.84,19.05,56.9,61.48
CENTRALBK,31.65,2026-07-09,-2.97,-5.86,1.83,-8.14,-12.35,-17.07
DEEPAKFERT,1546.2,2026-07-09,-3.68,0.11,1.82,46.11,28.17,-3.34
EIDPARRY,749.2,2026-07-09,-2.34,4.93,1.81,-9.81,-20.27,-31.13
CINELINE,79.96,2026-07-09,-2.77,3.88,1.8,-6.71,-4.54,-14.13
CSLFINANCE,226.71,2026-07-09,0.69,-1.2,1.8,-6.21,-22.53,-27.13
LAMBODHARA,108.41,2026-07-09,-4.1,-2.52,1.79,5.83,-7.52,-21.51
VIVO,77.35,2026-07-08,0.0,0.0,1.78,1.78,-0.83,20.86
PYRAMID,167.39,2026-07-09,0.16,0.95,1.77,9.87,4.34,-2.57
SINDHUTRAD,25.5,2026-07-09,-5.73,3.36,1.76,13.79,34.64,-21.95
DICIND,516.9,2026-07-09,-1.34,3.01,1.76,0.35,11.19,-16.46
BALKRISHNA,18.47,2026-07-09,0.33,-0.54,1.76,10.53,4.94,-15.82
DPWIRES,180.65,2026-07-09,-2.98,-10.4,1.75,18.18,-6.26,-23.05
SHRIRAMPPS,88.09,2026-07-09,-3.54,1.09,1.74,15.14,7.66,-8.37
MOKSH,11.72,2026-07-09,-1.43,-5.48,1.74,12.8,-21.97,-21.18
EVINDIA,31.12,2026-07-09,-1.55,-0.26,1.73,8.55,-0.16,5.78
CARERATING,1639.1,2026-07-09,-2.13,-1.98,1.72,5.92,1.97,-8.25
ZENTEC,1813.0,2026-07-09,-2.15,4.04,1.71,18.25,40.22,-7.08
CRAFTSMAN,9282.5,2026-07-09,2.04,-1.12,1.71,25.3,21.8,55.11
GILLETTE,7788.5,2026-07-09,0.21,3.01,1.71,2.36,0.63,-24.65
MARINE,248.1,2026-07-09,-10.09,-9.12,1.7,29.96,22.04,21.05
MAFANG,194.06,2026-07-09,1.19,4.85,1.69,23.57,15.26,27.98
LLOYDSME,1745.1,2026-07-09,-0.59,-3.36,1.69,17.43,38.01,17.97
PRECAM,146.12,2026-07-09,-2.49,-1.49,1.68,2.78,-5.73,-32.71
FLEXIADD,9.76,2026-07-09,-0.71,1.24,1.67,1.56,-7.75,
VASCONEQ,32.03,2026-07-09,-3.84,-5.96,1.65,-8.04,-29.4,-40.14
AKASH,27.15,2026-07-09,1.99,0.97,1.65,-0.66,-20.36,-3.04
JGCHEM,445.25,2026-07-09,6.08,5.07,1.63,26.17,37.93,-14.07
STYLAMIND,3154.1,2026-07-09,-3.32,-4.06,1.63,41.8,45.01,93.8
LTGILTCASE,30.52,2026-07-09,-0.13,0.36,1.63,2.86,2.76,
GROWW,198.44,2026-07-09,-0.86,-2.21,1.63,6.31,24.83,
RPPINFRA,62.57,2026-07-09,-2.37,-1.03,1.62,-14.11,-32.86,-52.45
EPACK,230.22,2026-07-09,-2.12,-0.63,1.62,-4.33,-14.21,-35.41
RRKABEL,2206.7,2026-07-09,-3.86,-11.81,1.62,59.59,46.58,66.08
CENTENKA,516.05,2026-07-09,-1.78,0.53,1.61,22.53,20.24,1.95
TI,447.0,2026-07-09,-1.84,0.36,1.6,5.86,2.28,30.09
STEELXIND,12.15,2026-07-09,-4.71,-3.57,1.59,38.07,38.38,19.59
NESCO,1099.6,2026-07-09,-4.49,0.54,1.59,-2.18,-6.0,-4.65
NIITLTD,99.64,2026-07-09,-7.16,3.57,1.58,55.44,16.77,-21.41
HINDUNILVR,2144.5,2026-07-09,-2.61,-0.32,1.57,1.55,-8.69,-9.91
ASTAR,622.35,2026-07-09,0.7,0.38,1.56,,,
VGUARD,306.3,2026-07-09,0.25,0.79,1.56,-6.66,-3.1,-21.54
DEFENCE,77.4,2026-07-09,-4.09,-0.57,1.56,14.67,,
GAIL,170.2,2026-07-09,-2.76,-1.17,1.56,11.81,6.78,-4.6
BSL,127.0,2026-07-09,-2.77,1.26,1.55,11.93,-11.92,-26.04
JUBLFOOD,429.35,2026-07-09,-2.03,2.79,1.55,0.35,-17.71,-37.02
SCHAND,148.35,2026-07-09,-1.7,1.95,1.55,-1.33,-6.33,-33.26
KOHINOOR,24.34,2026-07-09,-0.65,-3.64,1.54,0.58,-5.59,-33.44
SAHLIBHFI,79.08,2026-07-09,-1.95,-1.04,1.53,,,
LTGILTBEES,29.94,2026-07-09,-0.13,0.44,1.53,2.85,2.67,3.6
TOP10ADD,86.38,2026-07-09,-1.64,-1.37,1.5,-3.07,-12.62,-13.84
BHARATWIRE,215.62,2026-07-09,-1.48,6.99,1.5,27.22,19.38,2.81
HINDCON,21.48,2026-07-09,-1.83,6.39,1.46,-13.32,-17.23,-39.87
SHEETAL,296.7,2026-07-08,1.7,0.07,1.45,20.15,67.2,131.79
LICNETFGSC,29.42,2026-07-09,-0.41,0.34,1.45,2.8,2.4,3.41
HYUNDAI,1926.2,2026-07-09,-3.9,1.78,1.45,8.93,-14.93,-6.99
LGEINDIA,1563.8,2026-07-09,0.23,-0.2,1.45,9.34,11.44,
SWARAJENG,3732.3,2026-07-09,-2.25,-3.18,1.45,0.81,5.93,-9.74
NAHARPOLY,249.2,2026-07-09,-2.26,-0.34,1.45,2.6,8.38,-31.73
SHADOWFAX,219.97,2026-07-09,-5.36,-2.76,1.42,77.27,,
GFLLIMITED,45.4,2026-07-09,-2.05,-0.63,1.41,1.91,-19.17,-29.68
GANDHITUBE,859.05,2026-07-09,-2.15,0.55,1.41,2.68,19.92,19.3
LUMAXIND,5366.0,2026-07-09,0.01,3.22,1.41,1.17,-1.95,49.95
FINCABLES,1046.6,2026-07-09,-3.72,-11.24,1.4,24.09,35.81,9.8
SAHYADRI,278.25,2026-07-09,-1.68,1.63,1.37,16.18,10.0,-8.17
THERMAX,4785.0,2026-07-09,1.02,-6.25,1.36,35.91,58.91,40.22
ZTECH,590.55,2026-07-08,-1.49,-4.13,1.36,8.11,-9.65,7.42
MERCANTILE,25.45,2026-07-09,2.62,5.69,1.35,,,
LCCINFOTEC,4.55,2026-07-09,-4.21,-5.01,1.34,-10.43,-14.63,-4.81
TEMBO,565.05,2026-07-09,-0.39,2.33,1.34,2.69,-0.65,10.12
MOQUALITY,201.22,2026-07-09,-0.39,1.55,1.33,5.2,1.96,1.63
MOMGF,158.02,2026-07-09,-1.47,-0.5,1.33,6.08,3.61,9.02
CAPILLARY,506.6,2026-07-09,-1.79,-0.55,1.31,-7.02,-19.62,
GKSL,130.98,2026-07-09,2.13,1.28,1.31,20.5,28.2,
FROG,172.0,2026-07-08,1.47,2.66,1.3,0.0,11.76,-32.96
AROGRANITE,25.08,2026-07-09,-0.36,-2.75,1.29,3.29,-12.95,-37.03
MICROPRO,19.85,2026-07-08,4.47,3.12,1.28,-4.57,-0.5,-15.17
MANUFGBEES,158.63,2026-07-09,-1.99,-0.06,1.28,6.19,3.98,
HDFCGROWTH,113.16,2026-07-09,-0.85,1.66,1.28,-2.73,-13.29,-6.09
MOGSEC,65.21,2026-07-09,-1.41,0.62,1.27,1.6,3.31,4.97
KEC,495.25,2026-07-09,-2.01,-3.91,1.27,-14.35,-28.22,-44.46
WILLAMAGOR,26.45,2026-07-09,-2.33,3.04,1.26,1.85,-8.16,-27.79
USHAMART,502.2,2026-07-09,-2.4,3.69,1.24,16.3,13.89,37.54
SURYODAY,177.13,2026-07-09,-2.48,2.06,1.23,30.95,24.23,30.79
PULZ,24.9,2026-07-08,4.84,0.4,1.22,-7.78,-16.16,-43.73
EBBETF0430,1605.8,2026-07-09,-0.24,0.0,1.21,2.95,2.63,5.01
KIRANVYPAR,189.04,2026-07-09,-3.06,-1.88,1.19,,,
NGIL,40.98,2026-07-09,-1.51,7.98,1.19,54.35,40.82,41.55
ESTER,89.46,2026-07-09,-4.57,-0.46,1.18,0.93,-4.8,-29.86
SUKHJITS,171.16,2026-07-09,-2.72,-1.47,1.17,-2.69,-3.31,-3.82
MAKEINDIA,160.23,2026-07-09,-2.45,-0.29,1.16,5.66,3.59,8.68
YESBANK,23.64,2026-07-09,-2.56,-5.78,1.16,24.88,3.5,18.73
VISHNU,601.1,2026-07-09,-3.08,-0.34,1.16,17.41,15.45,19.18
GNFC,504.6,2026-07-09,-3.15,-7.66,1.15,17.76,5.38,-5.11
AXISBPSETF,13.33,2026-04-29,0.0,0.23,1.14,1.76,2.54,5.88
ROHLTD,323.9,2026-07-09,-0.34,-2.45,1.12,-9.12,-14.57,-16.43
MOMENTUM50,52.46,2026-07-09,-0.59,-3.44,1.1,5.17,2.06,-2.64
ICRA,5194.0,2026-07-09,-1.41,-1.7,1.09,-1.81,-14.45,-23.17
ASAHIINDIA,891.55,2026-07-09,2.24,6.29,1.09,3.82,-6.06,10.29
ASAL,506.45,2026-07-09,-0.73,-0.39,1.09,14.71,13.27,-12.76
ELANTAS,9758.0,2026-07-09,-1.01,-8.11,1.09,,,
GENUSPOWER,307.05,2026-07-09,-3.43,-3.58,1.07,19.43,12.25,-14.47
GROWWEV,30.92,2026-07-09,-2.34,-1.02,1.05,8.07,-0.42,5.67
ANGELONE,341.1,2026-07-09,-1.4,3.76,1.05,21.04,48.54,26.71
PRATHAM,117.0,2026-07-08,-7.14,3.54,1.04,-12.06,-19.42,-16.87
PTL,40.8,2026-07-09,-4.29,-3.41,1.04,6.33,9.41,-5.09
PSB,24.46,2026-07-09,-1.41,0.45,1.03,1.24,-9.71,-23.88
BLAL,183.35,2026-07-09,-2.79,1.53,1.03,7.6,-8.99,-14.73
ORIENTBELL,323.25,2026-07-09,0.11,-0.03,1.03,20.06,19.99,7.63
ELDEHSG,819.0,2026-07-09,0.0,1.7,1.02,0.28,-8.34,3.76
IOB,33.76,2026-07-09,-1.29,-0.74,0.99,-0.88,-3.76,-14.31
SUPERSPIN,5.1,2026-07-09,-5.38,-10.99,0.99,9.21,-36.8,-50.68
JINDRILL,620.75,2026-07-09,13.85,13.22,0.98,16.56,14.28,3.15
AMBICAAGAR,24.68,2026-07-09,-1.56,-0.84,0.98,4.14,-4.08,-11.38
GROBTEA,902.3,2026-07-09,-0.61,-1.39,0.98,5.42,-9.58,-20.34
SIYSIL,635.0,2026-07-09,0.93,-0.13,0.98,21.69,9.91,-12.37
RITCO,256.0,2026-07-09,-5.24,-1.39,0.97,34.22,0.12,-13.12
NDTV,82.7,2026-07-09,2.39,2.9,0.96,8.94,-6.57,-45.36
ICICIGI,1794.7,2026-07-09,0.52,1.5,0.96,1.86,-4.99,-10.54
ENERGYDEV,16.85,2026-07-09,-5.34,4.4,0.96,5.44,-11.32,-23.72
MIDSMALL,50.52,2026-07-09,-0.77,-0.32,0.96,7.26,7.56,-0.41
CYBERTECH,139.03,2026-07-09,-3.21,-5.54,0.96,9.64,-0.52,-7.77
KPIGREEN,397.8,2026-07-09,-1.28,0.57,0.95,-1.57,-10.96,-22.97
ROLEXRINGS,142.83,2026-07-09,2.34,-3.3,0.94,8.63,16.07,-8.23
GSEC10YEAR,30.43,2026-07-09,-0.23,-0.69,0.93,2.98,2.8,4.03
ZFSTEERING,663.45,2026-07-09,-4.39,-6.05,0.93,,,
AARNAV,25.21,2026-07-09,0.88,2.4,0.92,8.8,,
TRANSPEK,992.15,2026-07-09,-0.71,-0.63,0.92,,,
CONCOR,457.1,2026-07-09,-5.03,-2.95,0.92,-5.22,-10.31,-24.62
VINATIORGA,1313.7,2026-07-09,-2.23,-0.99,0.92,3.69,-16.94,-33.6
ROUTE,537.9,2026-07-09,-2.1,3.88,0.91,11.19,-19.28,-44.85
RULKA,93.85,2026-07-08,-3.05,4.34,0.91,0.97,-17.86,-34.46
BAJAJINDEF,242.65,2026-07-09,-4.34,-2.94,0.91,-4.7,-29.15,-48.06
SMARTWORKS,458.0,2026-07-09,-3.18,-6.97,0.9,15.25,-0.69,
GROWWCHEM,29.21,2026-07-09,-3.31,-0.1,0.9,9.24,,
HEROMOTOCO,4898.5,2026-07-09,-0.93,1.76,0.89,-7.3,-13.49,16.99
MON100,324.85,2026-07-09,-0.93,0.19,0.89,27.73,38.43,69.49
TFCILTD,75.14,2026-07-09,-7.38,-0.53,0.89,11.85,14.96,35.19
DIVISLAB,6813.0,2026-07-09,-0.65,3.9,0.89,14.46,2.97,-2.0
INTENTECH,96.67,2026-07-09,-1.11,-2.25,0.88,-4.2,-17.76,4.97
HDFCBSE500,37.3,2026-07-09,-1.11,0.78,0.87,5.49,-1.19,-0.75
RADIANTCMS,38.33,2026-07-09,-0.9,-2.04,0.87,-5.59,-25.36,-35.52
REPRO,362.95,2026-07-09,-2.2,-1.92,0.86,-0.45,-18.98,-35.37
WINDMACHIN,316.4,2026-07-09,-1.23,3.72,0.86,27.82,25.51,-15.33
SENCO,348.65,2026-07-09,6.78,6.57,0.85,7.61,-1.18,2.4
ARISTO,95.1,2026-07-08,0.11,-0.63,0.85,10.97,-14.36,-30.01
NIRMAN,41.5,2026-07-08,-0.95,-4.05,0.85,-15.65,-33.01,-77.45
SNXT30BEES,41.93,2026-07-09,-1.27,0.7,0.84,5.38,3.15,6.86
GLFL,5.97,2026-07-09,-0.5,-6.28,0.84,38.84,10.15,-4.02
RELIANCE,1279.8,2026-07-09,-3.14,-1.63,0.84,-3.33,-12.85,-15.02
SHARDACROP,892.55,2026-07-09,-3.08,1.38,0.82,-13.65,12.48,7.76
ROLLT,2.45,2026-07-09,-5.77,-16.1,0.82,92.91,40.8,37.64
MONTECARLO,542.75,2026-07-09,-1.16,-1.56,0.8,3.15,-11.08,-9.58
SILVERTUC,187.47,2026-07-09,2.14,5.13,0.8,46.78,12.46,-73.74
AONETMMQ50,10.17,2026-07-09,0.3,-0.1,0.79,5.94,6.27,
LAXMICOT,14.38,2026-07-09,-5.58,-2.24,0.77,0.21,-12.0,-50.24
ACCURACY,5.28,2026-07-09,-2.22,-2.22,0.76,-1.68,-4.17,-32.99
ALMONDZ,13.27,2026-07-09,-0.97,4.0,0.76,-2.43,-25.28,-41.98
GSEC5IETF,65.91,2026-07-09,-0.15,-0.35,0.76,2.04,3.23,4.85
BALUFORGE,452.1,2026-07-09,-1.79,-0.89,0.75,-3.68,-1.48,-33.0
SHREYANIND,138.4,2026-07-09,-0.35,0.28,0.75,-10.14,-18.77,-39.92
RSL,131.23,2026-07-09,0.57,2.03,0.75,6.86,,
RACLGEAR,1261.1,2026-07-09,-6.54,-8.67,0.75,-2.63,23.75,33.66
MOMOMENTUM,61.3,2026-07-09,-1.43,-3.86,0.74,1.68,-2.06,-3.66
GILT5YBEES,65.79,2026-07-09,-0.18,-0.08,0.73,2.16,3.38,5.06
IRBINVIT,61.1,2026-07-08,-0.47,0.53,0.73,4.55,2.09,10.82
ITC,282.05,2026-07-09,-2.15,-2.98,0.73,-4.38,-12.26,-29.48
CANHLIFE,141.34,2026-07-09,-0.14,1.61,0.72,-3.22,-4.03,
EBBETF0425,1290.83,2025-04-08,0.02,0.23,0.7,1.9,3.85,7.57
BALAJEE,28.64,2026-07-09,-0.8,-0.9,0.7,-5.91,-26.32,-37.3
DEVYANI,111.81,2026-07-09,-2.03,0.72,0.68,6.86,-16.01,-34.63
CEIGALL,368.9,2026-07-09,2.94,-6.83,0.68,27.1,35.65,35.75
GROWWMOM50,10.58,2026-07-09,-1.03,-3.29,0.67,4.65,1.98,-2.68
ONEPOINT,54.34,2026-07-09,-7.08,-4.8,0.65,6.32,-0.29,9.53
BRIGHOTEL,63.54,2026-07-09,-1.29,0.51,0.65,1.62,-4.65,
HATHWAY,10.89,2026-07-09,-2.33,-2.24,0.65,1.78,-10.07,-31.16
SKIPPER,548.05,2026-07-09,-2.4,3.69,0.64,44.93,34.08,13.07
TANLA,521.7,2026-07-09,-4.2,-1.63,0.63,11.36,4.71,-16.49
QUICKTOUCH,24.0,2026-07-08,3.0,-1.84,0.63,-16.52,-42.38,-60.0
ROSSARI,518.85,2026-07-09,-2.3,-0.79,0.63,16.2,-8.22,-26.38
MMWL,13.26,2026-07-09,-0.82,-0.15,0.61,,,
BATAINDIA,672.3,2026-07-09,-2.44,-3.45,0.6,-4.12,-27.41,-46.46
SOFTTECH,434.8,2026-07-09,-0.05,-0.26,0.6,43.52,40.1,11.93
MOMENTUM30,30.22,2026-07-09,-1.69,-2.33,0.6,1.21,-1.98,
HDFCMOMENT,30.5,2026-07-09,-1.36,-3.88,0.59,1.36,-1.99,-3.69
SHREEKARNI,418.0,2026-07-08,-3.11,-6.15,0.59,1.83,-11.05,-31.32
SBICARD,588.2,2026-07-09,-2.54,-2.28,0.56,-12.06,-31.62,-36.84
SBIMIDMOM,62.1,2026-07-09,-0.78,-1.83,0.55,4.25,,
CASTROLIND,183.5,2026-07-09,-0.37,-0.86,0.54,2.27,0.07,-14.02
QUAL30IETF,20.6,2026-07-09,-0.77,0.15,0.54,2.44,-6.02,-4.45
EXPLEOSOL,828.35,2026-07-09,0.78,2.73,0.53,9.22,-13.52,-35.01
BECTORFOOD,171.08,2026-07-09,-3.49,-4.92,0.53,-9.3,-25.72,-40.62
MTEDUCARE,1.89,2026-07-09,-5.5,-21.58,0.53,26.0,17.39,-15.63
CHEMPLASTS,198.51,2026-07-09,-4.24,-0.85,0.52,-17.99,-18.0,-52.83
MOM30IETF,30.75,2026-07-09,-1.54,-4.0,0.52,1.15,-2.19,-3.82
RBLBANK,362.8,2026-07-09,-1.57,-0.27,0.5,14.2,18.6,39.72
AVONMORE,10.0,2026-07-09,-0.4,-1.67,0.5,-15.9,-43.85,-45.77
DRONE,40.0,2026-07-08,-2.44,-2.2,0.5,-20.56,-39.39,-62.12
NEXT30ADD,42.0,2026-07-09,-1.57,0.62,0.48,3.35,3.19,6.98
SUNCLAY,1319.7,2026-07-09,-1.9,-4.84,0.47,1.8,4.95,-35.21
NIRLON,620.0,2026-07-09,0.01,0.05,0.46,,,
DRAGARWQ,5012.0,2026-07-09,0.25,0.16,0.45,,,
NCLIND,185.78,2026-07-09,0.31,-4.34,0.44,2.38,-7.3,-15.26
ARIHANTACA,460.0,2026-07-08,0.0,-1.92,0.44,-3.16,-7.07,67.71
CHEMICAL,29.41,2026-07-09,-2.49,0.55,0.44,10.19,2.94,
KENNAMET,2805.7,2026-07-09,-1.96,-6.04,0.43,14.84,14.84,14.84
SBILIQETF,1046.64,2026-07-09,0.04,0.14,0.42,1.22,2.39,
LIQUID1,1112.61,2026-07-09,0.04,0.14,0.41,1.23,2.41,5.12
HDFCLIQUID,1068.45,2026-07-09,0.04,0.13,0.41,1.23,2.35,6.6
AONELIQUID,1067.3,2026-07-09,0.04,0.13,0.41,1.22,2.39,5.07
AAATECH,95.5,2026-07-09,0.37,1.39,0.41,-2.89,0.2,18.49
CASHIETF,1069.98,2026-07-09,0.04,0.13,0.41,1.23,2.39,5.08
ELIQUID,1038.5,2026-07-09,0.04,0.14,0.41,1.23,2.41,
LIQUIDPLUS,1093.52,2026-07-09,0.04,0.14,0.41,1.23,2.4,5.11
LIQUID,999.99,2026-07-09,0.0,0.4,0.4,0.4,1.55,4.08
WAAREEINDO,385.85,2026-07-09,-0.39,-1.96,0.4,-6.28,-11.99,58.24
LIQUIDADD,1134.76,2026-07-09,0.04,0.13,0.4,1.21,2.36,5.01
LIQUIDCASE,114.91,2026-07-09,0.04,0.13,0.4,1.22,2.37,5.05
AXISBANK,1297.6,2026-07-09,-3.14,-4.36,0.4,-1.59,2.01,11.41
GHCL,428.35,2026-07-09,-0.26,-0.38,0.4,-5.76,-19.42,-26.5
BAIDFIN,10.21,2026-07-09,-1.45,2.2,0.39,-6.93,-3.77,-14.18
REDTAPE,134.33,2026-07-09,-2.36,-0.33,0.39,9.68,15.45,0.8
GROWWLIQID,109.82,2026-07-09,0.04,0.13,0.39,1.15,2.24,4.82
LIQGRWBEES,1046.79,2026-07-09,0.04,0.13,0.39,1.16,2.27,
PARACABLES,67.01,2026-07-09,-6.58,-1.18,0.39,84.75,86.45,13.92
LIQUIDBETF,1089.35,2026-07-09,0.03,0.13,0.39,1.18,2.32,4.93
LIQUIDSHRI,1112.14,2026-07-09,0.04,0.13,0.39,1.16,2.27,4.85
LIQUIDSBI,999.99,2026-07-09,0.0,0.39,0.39,0.39,1.54,3.5
ECOSMOBLTY,126.62,2026-07-09,-5.56,-3.45,0.38,-0.34,-33.27,-57.04
SAILIFE,1234.4,2026-07-09,0.15,-1.08,0.38,26.2,33.69,57.98
JUNIPER,197.56,2026-07-09,0.82,2.25,0.38,-7.07,-20.0,-35.41
HCLTECH,1150.4,2026-07-09,1.43,4.35,0.36,-19.97,-28.92,-28.34
ICEMAKE,757.7,2026-07-09,-2.15,-0.46,0.35,-1.24,1.32,-3.31
KOLTEPATIL,361.4,2026-07-09,-1.24,0.22,0.35,11.96,-3.81,-23.51
REGENCERAM,39.9,2026-07-09,0.96,-4.75,0.35,-11.02,-12.37,0.48
NAVA,596.6,2026-07-09,-3.52,-0.43,0.34,0.36,2.55,1.73
TEJASNET,542.35,2026-07-09,-4.85,-10.14,0.33,23.47,30.01,-22.06
VISHNUINFR,157.3,2026-07-08,-5.58,-2.9,0.32,3.28,-10.52,-8.97
GODIGIT,301.85,2026-07-09,-3.28,-5.6,0.3,-5.3,-9.99,-9.76
STCINDIA,121.57,2026-07-09,-2.49,-5.12,0.29,8.57,-2.47,-14.57
RVHL,45.05,2026-07-09,2.71,-0.4,0.29,15.45,-10.63,-10.29
JAYKAY,180.42,2026-07-09,4.6,3.98,0.29,17.91,-1.46,
SHALBY,169.58,2026-07-09,-0.26,-1.17,0.29,12.42,-7.31,-7.76
MHRIL,231.72,2026-07-09,-0.34,-3.77,0.28,-6.24,-23.96,-33.54
WCIL,94.73,2026-07-09,-2.36,-5.53,0.28,3.06,-18.43,-18.49
ABSLLIQUID,999.99,2026-07-09,-0.0,0.27,0.27,0.78,1.55,3.27
VESUVIUS,463.75,2026-07-09,-1.56,-0.28,0.26,1.96,1.53,-12.02
KNRCON,127.33,2026-07-09,-1.85,-4.47,0.24,8.09,-12.37,-41.79
SIGNATURE,808.75,2026-07-09,2.54,9.23,0.24,-1.47,-19.74,-35.15
NDLVENTURE,130.34,2026-07-09,-1.62,0.15,0.24,7.66,45.63,75.87
PREMIERENE,1089.2,2026-07-09,6.48,5.82,0.23,13.96,51.93,1.56
SHANTIGEAR,442.0,2026-07-09,-1.13,0.35,0.22,-4.36,0.34,-12.47
MOMIDMTM,63.03,2026-07-09,-0.77,-3.0,0.22,4.18,1.92,-1.38
GILLANDERS,89.69,2026-07-09,0.79,-3.33,0.21,0.08,-9.09,-31.45
PDMJEPAPER,82.68,2026-07-09,-4.45,0.24,0.21,-1.5,-8.9,-34.6
RAIN,204.36,2026-07-09,3.79,10.62,0.19,69.57,44.09,40.64
GLOTTIS,67.01,2026-07-09,1.03,0.43,0.18,39.43,20.31,
TMB,769.2,2026-07-09,1.32,4.38,0.18,21.86,37.51,80.21
SIMPLEXINF,267.75,2026-07-09,-0.13,6.12,0.17,48.18,6.88,-2.19
RAJTV,11.99,2026-07-09,2.39,-5.74,0.17,-42.66,-71.36,-73.36
ARTNIRMAN,40.66,2026-07-09,-1.05,1.96,0.17,-1.09,-13.58,-30.72
MAITHANALL,1003.5,2026-07-09,-0.18,0.0,0.15,8.5,4.97,-11.91
MOMENTUM,30.56,2026-07-09,-1.51,-3.93,0.13,1.29,-2.18,-4.17
LMW,15733.0,2026-07-09,-0.29,-1.5,0.13,17.66,9.1,-4.6
IVC,8.12,2026-07-09,0.25,-0.37,0.12,11.69,3.05,-1.36
INA,118.56,2026-07-09,5.18,4.39,0.11,10.85,,
QUALITY30,20.17,2026-07-09,-0.74,1.0,0.1,2.23,-5.88,
IOC,138.26,2026-07-09,-2.41,-0.66,0.09,-2.41,-11.17,-1.89
JISLDVREQS,23.09,2026-07-09,-3.43,-2.12,0.09,-1.28,-13.03,-28.62
DRREDDY,1269.5,2026-07-09,-7.19,-7.72,0.08,4.75,4.91,0.64
SBIETFQLTY,216.38,2026-07-09,-1.29,0.94,0.08,1.83,-6.18,-4.88
DBOL,109.8,2026-07-09,-2.92,-4.16,0.07,-7.36,38.17,23.73
RAMANEWS,29.05,2026-07-09,0.52,1.15,0.07,-5.44,-6.02,-7.54
ANURAS,1267.9,2026-07-09,-0.1,-0.53,0.06,-0.63,-3.19,11.23
BASILIC,201.7,2026-07-08,-0.1,0.5,0.05,-16.43,-38.52,-53.26
ALBERTDAVD,696.5,2026-07-09,-1.68,-0.18,0.05,-4.04,-4.73,-23.98
UCOBANK,26.05,2026-07-09,-1.96,-2.76,0.04,3.09,-7.97,-16.9
GUFICBIO,386.95,2026-07-09,3.15,0.17,0.04,28.98,21.21,12.22
DSFCL,23.53,2026-07-09,-0.97,-0.17,0.04,7.21,,
AFSL,201.07,2026-07-09,0.03,0.01,0.03,0.0,-0.01,-19.33
TATACONSUM,1106.7,2026-07-09,-1.0,-0.55,0.02,3.53,-5.09,1.65
JKPAPER,355.75,2026-07-09,1.4,3.52,0.01,3.25,0.14,-10.92
REXPIPES,174.25,2026-07-08,0.0,0.0,0.0,-13.74,21.47,47.3
LIQUIDIETF,999.99,2026-07-09,-0.0,0.0,0.0,0.0,0.0,0.0
SHAIVAL,33.0,2026-07-08,0.0,0.0,0.0,0.0,8.2,8.2
ANDREWYU,31.35,2023-12-06,0.0,0.0,0.0,-0.32,29.31,21.31
MPTODAY,46.0,2026-07-08,0.0,0.0,0.0,3.02,-3.26,-17.34
GANGOTRI,0.61,2026-07-08,0.0,0.0,0.0,0.0,0.0,-6.15
PODDARHOUS,43.37,2026-07-08,0.0,0.0,0.0,0.0,0.0,0.0
GFSTEELS,13.61,2026-07-08,0.0,0.0,0.0,10.11,20.98,46.82
MBECL,65.4,2026-07-08,0.0,0.0,0.0,0.0,0.0,0.0
OMKARCHEM,3.41,2026-07-08,0.0,0.0,0.0,-18.42,-43.26,-43.26
GOENKA,0.82,2026-07-08,0.0,0.0,0.0,0.0,0.0,-9.89
SANCO,2.9,2026-07-08,0.0,0.0,0.0,33.64,-5.23,-21.62
KALYANI,138.09,2026-07-08,0.0,0.0,0.0,0.0,0.0,0.0
MINDPOOL,71.1,2026-07-08,0.0,0.0,0.0,0.0,0.0,-4.05
SANGANI,45.0,2026-07-08,0.0,4.65,0.0,4.05,-12.28,-33.68
SIIL,26.0,2026-07-03,0.0,0.0,0.0,0.0,0.0,0.0
SHREMINVIT,102.0,2026-07-08,1.8,0.29,0.0,2.96,10.49,13.35
SUULD,1.57,2026-07-08,0.0,0.0,0.0,0.0,0.0,-39.38
AJRINFRA,0.7,2026-07-08,0.0,0.0,0.0,0.0,0.0,0.0
BRIGHT,2.8,2026-07-08,0.0,0.0,0.0,0.0,0.0,0.0
LIQUIDBEES,999.99,2026-07-09,0.0,-0.0,-0.0,0.0,-0.0,0.99
LIQUIDETF,1000.0,2026-07-09,0.0,0.0,0.0,0.0,1.13,3.34
AKSHAR,0.44,2026-07-09,-2.22,0.0,0.0,0.0,-12.0,-21.43
PERFECT,8.1,2026-07-08,0.0,0.0,0.0,0.0,0.0,-20.98
MASON,118.0,2026-07-08,-5.52,-6.35,0.0,-22.11,-38.27,-31.99
AHIMSA,24.7,2026-07-08,0.0,0.0,0.0,0.0,-1.2,6.47
TECHIN,14.0,2026-07-08,0.0,0.0,0.0,0.0,0.0,0.0
HOMESFY,112.0,2026-07-08,0.9,0.9,0.0,-12.33,-32.93,-61.64
DESTINY,105.9,2026-07-08,0.0,0.0,0.0,-14.22,-7.91,4.18
AVSL,119.7,2026-07-08,0.0,0.0,0.0,0.0,-5.0,-4.24
OPAL,43.0,2026-07-03,0.0,0.0,0.0,0.0,0.0,0.0
MARSHALL,3.64,2026-07-08,0.0,0.0,0.0,0.0,0.0,-63.01
KTL,4.85,2026-07-08,0.0,0.0,0.0,0.0,0.0,-40.49
BKMINDST,45.0,2026-07-08,0.0,0.0,0.0,0.0,0.0,0.0
SECURCRED,1.56,2026-07-08,0.0,0.0,0.0,0.0,0.0,0.0
JAKHARIA,60.5,2026-07-08,0.0,0.0,0.0,0.0,0.0,-30.1
MELSTAR,4.25,2026-07-08,0.0,0.0,0.0,0.0,0.0,0.0
INDOWIND,9.23,2026-07-09,-2.94,1.76,0.0,6.21,-37.08,-53.57
INDLMETER,23.69,2026-07-08,0.0,0.0,0.0,0.0,0.0,0.0
HERCULES,159.32,2026-07-08,0.0,0.0,0.0,0.0,0.0,-21.84
BURNPUR,33.0,2026-07-08,0.0,0.0,0.0,0.0,0.0,0.0
RMCL,200.0,2026-07-08,0.0,0.0,0.0,0.0,0.0,0.0
UNIVAFOODS,8.57,2026-07-08,0.0,0.0,0.0,-5.09,-33.36,-27.0
SRIRAM,10.1,2026-07-08,0.0,0.0,0.0,0.0,0.0,0.0
ALPSINDUS,34.3,2026-07-08,0.0,0.0,0.0,0.0,0.0,41.74
VASA,4.45,2026-07-08,0.0,0.0,0.0,-5.32,-11.0,8.54
HCC,23.42,2026-07-09,-4.8,-8.84,0.0,41.77,28.89,-20.2
SAHAJ,3.85,2026-07-08,0.0,0.0,0.0,4.05,-24.51,-65.32
FIVECORE,31.7,2026-07-03,0.0,0.0,0.0,0.0,0.0,0.0
DSKULKARNI,13.55,2026-07-08,0.0,0.0,0.0,0.0,0.0,0.0
WATERBASE,74.9,2023-12-06,0.0,0.0,0.0,-13.41,-1.45,-5.79
VENKEYS,1405.1,2026-07-09,-1.51,-1.44,-0.01,-3.7,-8.43,-11.61
SURAJLTD,229.96,2026-07-09,1.79,0.93,-0.02,-5.97,0.13,-39.69
CGPOWER,910.9,2026-07-09,-1.53,-4.74,-0.03,26.41,53.49,35.84
RECLTD,352.0,2026-07-09,-3.5,-3.55,-0.03,1.5,-1.06,-5.24
PFIZER,4590.1,2026-07-09,0.27,4.2,-0.05,-3.35,-5.78,-19.03
UBL,1328.2,2026-07-09,-2.99,0.41,-0.06,-9.47,-14.13,-32.2
RKSWAMY,101.33,2026-07-09,-5.54,3.7,-0.06,18.93,-6.97,-42.91
GATEWAY,57.93,2026-07-09,-5.91,1.86,-0.07,2.28,3.72,-6.97
KAMAHOLD,2553.4,2026-07-09,-2.3,-0.43,-0.08,,,
ESCONET,118.9,2026-07-08,-4.23,-12.57,-0.08,-1.12,-9.27,-47.32
UGROCAP,94.69,2026-07-09,-3.33,-2.59,-0.08,0.58,-42.85,-48.09
SDL26BEES,136.94,2026-04-27,-0.44,-0.33,-0.1,1.29,2.15,5.7
HDFCVALUE,126.08,2026-07-09,-1.73,-0.38,-0.12,-3.49,-9.05,-6.78
LOYALTEX,203.74,2026-07-09,-3.89,-7.54,-0.13,0.56,-4.39,-34.26
DBREALTY,111.14,2026-07-09,-3.09,-0.3,-0.13,12.89,-0.67,-53.41
SKP,150.05,2026-07-08,-2.41,-1.93,-0.13,-0.63,-14.89,-31.45
BONLON,42.1,2026-07-09,0.45,0.55,-0.14,2.81,,
EXXARO,6.58,2026-07-09,-0.9,-0.6,-0.15,-7.71,-15.75,-27.61
VITAL,56.0,2026-07-09,11.87,6.06,-0.18,-2.63,-1.75,-11.74
KMSUGAR,27.12,2026-07-09,-4.07,4.79,-0.18,0.0,-1.35,-5.96
OILIETF,11.2,2026-07-09,-2.1,0.09,-0.18,-0.27,-5.08,-6.67
KAYA,244.99,2026-07-09,1.38,0.19,-0.18,-5.14,-37.14,-40.25
SKFINDIA,1552.4,2026-07-09,-3.34,-3.95,-0.18,0.3,-12.84,-67.77
TENNIND,584.3,2026-07-09,-1.53,0.65,-0.2,5.1,13.24,
CHAMBLFERT,453.85,2026-07-09,-4.66,-4.3,-0.2,-0.29,0.73,-16.54
INTLCONV,79.98,2026-07-09,-0.55,-1.23,-0.21,9.65,-6.08,-12.51
KCEIL,91.35,2026-07-08,-2.92,19.49,-0.22,-28.66,-36.61,-74.11
TIIL,2499.7,2026-07-09,0.21,-4.5,-0.22,6.58,16.53,-22.85
EMMVEE,334.45,2026-07-09,-4.67,0.63,-0.22,48.84,60.47,
SANSTAR,113.36,2026-07-09,-2.84,-6.32,-0.22,39.9,22.75,17.96
TATACHEM,713.7,2026-07-09,2.52,-2.19,-0.24,11.57,-2.98,-21.43
INDBANK,33.31,2026-07-09,-3.17,-0.33,-0.24,3.51,-8.03,-4.99
NV20BEES,139.66,2026-07-09,-1.71,-0.92,-0.25,-4.44,-9.39,46.67
JUBLPHARMA,969.2,2026-07-09,-1.28,1.57,-0.28,10.26,-8.93,-15.28
BAJAJ-AUTO,10155.0,2026-07-09,1.18,5.45,-0.28,8.21,7.69,23.17
NV20IETF,13.63,2026-07-09,-1.87,-0.8,-0.29,-3.67,-9.37,-6.96
MAGNUM,19.85,2026-07-09,0.51,2.32,-0.3,-8.14,-9.36,-20.22
KWIL,32.71,2026-07-09,-1.06,-6.28,-0.3,36.63,,
HDFCQUAL,56.53,2026-07-09,-1.74,0.73,-0.3,0.62,-6.75,-3.32
DMART,4079.4,2026-07-09,0.36,-6.37,-0.31,-7.61,7.32,-2.66
JINDALPHOT,1143.2,2026-07-09,-1.18,3.16,-0.32,0.81,-20.66,31.4
JIOFIN,233.37,2026-07-09,-2.76,-1.41,-0.36,-2.29,-18.76,-29.14
GRMOVER,97.98,2026-07-09,-1.66,8.73,-0.36,-41.66,-42.42,-23.38
TRU,5.5,2026-07-09,2.8,6.59,-0.36,-10.86,-29.31,-72.55
LT,3886.0,2026-07-09,-3.84,-6.7,-0.37,0.71,-2.52,9.62
KSCL,865.9,2026-07-09,-4.86,-4.4,-0.37,-4.71,-3.8,-25.82
TRANSWIND,13.15,2026-07-08,0.0,4.78,-0.38,-29.11,-48.43,-17.55
NIFTYQLITY,20.71,2026-07-09,-1.29,0.63,-0.38,1.32,-6.75,-4.83
JAGRAN,63.8,2026-07-09,-0.53,-1.12,-0.39,10.09,5.62,2.44
DIGISPICE,20.38,2026-07-09,0.54,4.19,-0.39,18.9,-11.24,-11.62
CLEAN,764.45,2026-07-09,-3.56,-0.44,-0.4,6.64,-10.11,-47.52
JAINAM,250.0,2026-07-08,0.0,-1.96,-0.4,43.68,6.38,-7.41
WINSOL,121.5,2026-07-08,-2.02,-1.42,-0.41,-0.12,-19.22,-42.25
ASIANPAINT,2673.8,2026-07-09,-2.94,0.64,-0.41,18.83,-4.55,8.1
ASALCBR,819.55,2026-07-09,-6.28,-4.41,-0.42,0.65,-9.22,-30.29
NCC,143.08,2026-07-09,-4.88,-4.58,-0.45,-3.29,-3.75,-35.92
DECCANCE,574.4,2026-07-09,0.75,-4.07,-0.45,-11.62,-18.93,-35.1
MAXESTATES,439.5,2026-07-09,-7.76,3.67,-0.45,19.01,4.77,-10.53
TIJARIA,4.34,2026-07-09,0.23,-1.59,-0.46,-7.46,1.64,-46.15
IFBIND,1279.9,2026-07-09,0.41,2.91,-0.47,23.04,-11.89,-15.81
CCHHL,12.82,2026-07-09,3.22,-1.61,-0.47,-1.16,-9.46,-34.53
MODIS,343.35,2026-07-09,-0.28,1.72,-0.48,13.19,3.57,
ELLEN,267.5,2026-07-09,2.85,2.22,-0.5,17.85,-9.14,-54.99
TARACHAND,55.42,2026-07-09,-1.87,-1.26,-0.5,-9.65,-24.63,-26.07
ADVANIHOTR,53.09,2026-07-09,-0.93,0.51,-0.51,3.3,-1.22,-9.87
IFCI,76.66,2026-07-09,2.05,-0.67,-0.53,36.82,56.42,24.17
IREDA,121.81,2026-07-09,-3.89,-4.46,-0.54,-1.07,-10.36,-26.19
PASHUPATI,88.19,2026-07-09,0.73,1.87,-0.54,-11.59,8.28,33.65
VSTTILLERS,4567.2,2026-07-09,0.94,2.59,-0.55,-11.52,-20.04,4.82
TORNTPOWER,1414.9,2026-07-09,4.24,-0.22,-0.56,-1.81,8.57,0.53
CROMPTON,259.0,2026-07-09,-4.88,-5.3,-0.56,8.87,2.64,-23.77
BEWLTD,61.7,2026-07-08,-1.99,0.0,-0.56,-36.46,-45.88,-63.51
CSBBANK,351.05,2026-07-09,0.34,6.75,-0.57,-11.25,-30.58,-14.46
CHAVDA,87.75,2026-07-08,-4.36,-1.79,-0.57,-10.0,-27.39,-33.02
NAHARINDUS,116.4,2026-07-09,-0.92,-0.19,-0.58,19.63,11.49,-11.6
MARKOLINES,165.55,2026-07-09,-5.57,-7.38,-0.59,8.94,18.44,
MASTEK,1612.1,2026-07-09,0.95,3.14,-0.62,0.16,-20.89,-36.85
SBCL,726.7,2026-07-09,-1.72,-2.71,-0.63,55.46,70.42,31.28
GOKUL,40.42,2026-07-09,-2.93,-3.62,-0.64,3.48,4.74,-9.88
GLOBALPET,152.0,2026-07-08,-5.0,3.4,-0.65,63.97,35.65,12.26
PRAJIND,353.95,2026-07-09,-3.29,2.18,-0.65,5.15,13.83,-27.7
JITFINFRA,295.55,2026-07-09,-2.81,-6.37,-0.66,-8.88,12.33,-22.79
NUVOCO,312.9,2026-07-09,-1.62,2.88,-0.68,2.37,-9.96,-11.73
VSSL,269.8,2026-07-09,-0.75,-3.25,-0.68,15.14,-0.11,7.18
VAISHALI,7.2,2026-07-09,-3.1,-3.61,-0.69,16.5,-15.99,-43.57
SHREERAMA,43.08,2026-07-09,-1.98,2.09,-0.69,-14.88,-27.32,5.25
GOACARBON,393.25,2026-07-09,1.94,-0.22,-0.69,20.59,1.61,-19.03
IDEA,14.04,2026-07-09,-0.35,-2.7,-0.71,53.95,24.69,93.39
ZEEMEDIA,8.41,2026-07-09,1.33,4.08,-0.71,9.36,-3.44,-43.9
PEARLPOLY,18.24,2026-07-09,1.62,-1.41,-0.71,10.61,-15.94,-40.14
UTTAMSUGAR,233.09,2026-07-09,-3.61,1.91,-0.72,-3.68,-1.0,-19.1
SPCL,68.5,2026-07-08,-2.97,-2.84,-0.72,-12.4,-34.51,-43.32
APLAPOLLO,1785.9,2026-07-09,-1.03,-0.09,-0.73,-12.47,-5.51,4.91
SATIA,54.31,2026-07-09,-3.91,0.59,-0.73,-14.08,-16.51,-40.07
VIAZ,60.8,2026-07-08,0.66,-6.32,-0.73,-0.33,-6.46,10.65
NURECA,230.08,2026-07-09,0.45,-2.01,-0.74,-9.74,-18.64,-23.22
INDPRUD,6400.5,2026-07-09,-0.26,-3.0,-0.74,,,
SCML,78.9,2026-07-08,0.38,2.67,-0.75,-45.28,-39.07,-1.37
FLFL,1.33,2026-07-09,-2.21,-5.67,-0.75,1.53,-11.33,-38.14
SHANTI,6.49,2026-07-09,-4.98,0.78,-0.76,-12.18,-26.25,-48.12
TEAMLEASE,1381.0,2026-07-09,-1.35,-4.57,-0.78,16.14,-10.31,-28.99
KONTOR,63.0,2026-07-08,8.25,7.69,-0.79,-11.14,-5.05,-23.22
MPHASIS,2261.3,2026-07-09,0.64,5.17,-0.79,-2.66,-18.19,-18.92
PARKHOSPS,290.15,2026-07-09,0.82,0.16,-0.8,41.65,95.05,
BLIL,70.61,2026-07-09,0.67,-1.48,-0.8,,,
HPAL,34.78,2026-07-09,-0.77,-1.25,-0.8,-0.26,-14.19,-30.5
OSWALAGRO,41.82,2026-07-09,0.6,0.22,-0.81,-19.36,-24.03,-51.74
SESHAPAPER,226.04,2026-07-09,-1.77,-0.18,-0.81,-13.25,-2.28,-25.26
MAXIND,157.73,2026-07-09,0.2,-2.88,-0.82,5.77,-9.91,-15.04
BALAXI,24.02,2026-07-09,0.08,1.82,-0.83,4.62,-5.58,-51.93
SBFC,91.03,2026-07-09,-1.58,0.11,-0.83,3.47,-8.47,-19.73
DELTACORP,64.81,2026-07-09,-0.63,2.03,-0.84,11.36,-4.11,-25.52
NAMAN,46.1,2026-07-08,-3.96,-1.91,-0.86,-8.17,-25.04,-52.96
SCHAEFFLER,4046.1,2026-07-09,-2.18,-1.13,-0.86,6.07,8.34,-3.67
VENTIVE,620.55,2026-07-09,-1.88,-1.31,-0.86,3.81,-17.16,-18.87
IBLFL,57.05,2026-07-08,0.0,-4.92,-0.87,6.14,2.42,-6.55
ENGINERSIN,237.29,2026-07-09,-2.71,-2.94,-0.87,13.76,23.57,-1.36
MOTHERSON,142.8,2026-07-09,-1.74,-5.15,-0.87,22.16,23.87,38.69
GSFC,161.64,2026-07-09,-0.01,-0.33,-0.88,0.02,-8.8,-19.81
GMMPFAUDLR,764.8,2026-07-09,-0.64,-3.53,-0.9,-14.08,-25.84,-40.45
KROSS,182.46,2026-07-09,0.2,-2.4,-0.9,-1.23,-11.63,-5.75
IL&FSENGG,28.74,2026-07-09,-2.74,-2.34,-0.9,7.64,10.07,-16.82
BBTC,1513.4,2026-07-09,-2.35,-2.13,-0.9,4.7,-15.85,-21.52
SBGLP,24.85,2026-07-09,-1.11,-1.51,-0.92,-14.04,-27.53,-42.91
EXCELINDUS,901.15,2026-07-09,-0.96,-0.24,-0.93,-1.55,-2.06,-30.21
RAJPALAYAM,813.75,2026-07-09,-1.32,-0.97,-0.94,,,
KTKBANK,268.0,2026-07-09,1.82,-0.22,-0.96,9.98,42.85,43.49
FEDFINA,154.49,2026-07-09,1.52,5.02,-0.96,10.74,-0.38,35.36
ESABINDIA,5659.5,2026-07-09,-0.97,-1.66,-0.97,4.49,0.21,8.27
BERGEPAINT,497.0,2026-07-09,-4.76,-4.11,-0.98,14.25,-3.35,-14.47
DBCORP,201.43,2026-07-09,1.84,4.04,-0.98,-5.05,-17.49,-22.3
ANDHRAPAP,60.79,2026-07-09,-1.47,-2.03,-0.99,-2.3,-5.28,-26.14
THYROCARE,535.55,2026-07-09,-1.77,2.13,-0.99,38.08,19.21,51.88
JBMA,670.0,2026-07-09,-3.24,-2.12,-1.0,10.75,9.17,5.54
ADANIPORTS,1800.1,2026-07-09,-3.45,1.35,-1.02,24.89,25.89,25.27
KANPRPLA,194.11,2026-07-09,-3.13,2.61,-1.03,3.75,13.03,-4.41
ADSL,117.88,2026-07-09,-3.96,-5.28,-1.04,4.34,-13.0,-33.89
LOTUSEYE,121.12,2026-07-09,-0.86,-0.39,-1.04,11.26,8.55,64.01
TAINWALCHM,196.3,2026-07-09,-0.67,0.56,-1.06,6.71,8.1,-7.74
CELEBRITY,7.42,2026-07-09,-4.13,-2.24,-1.07,0.0,-6.43,-47.0
JINDWORLD,28.66,2026-07-09,-3.95,-5.47,-1.07,18.23,2.69,-38.88
BYKE,34.34,2026-07-09,5.56,5.53,-1.07,-9.82,-36.38,-57.75
PRITI,39.38,2026-07-09,0.61,-1.38,-1.08,-16.46,-29.89,-59.3
TREL,25.4,2026-07-09,-2.83,-3.02,-1.09,-3.02,-3.86,-28.05
AKG,10.85,2026-07-09,-0.55,1.02,-1.09,-1.45,-11.64,-21.77
GLOSTERLTD,645.75,2026-07-09,-2.89,-8.31,-1.09,14.65,3.64,-9.62
MFSL,1576.8,2026-07-09,-0.32,-1.54,-1.09,-1.9,-6.14,0.84
AWL,185.68,2026-07-09,-2.67,1.65,-1.09,5.39,-16.29,-28.96
HATSUN,904.6,2026-07-09,0.12,-2.4,-1.1,0.56,-2.86,-6.03
PREMEXPLN,714.0,2026-07-09,-4.84,-11.69,-1.1,57.03,38.4,27.38
SHEKHAWATI,14.34,2026-07-09,2.28,3.54,-1.1,19.2,-21.21,-40.79
SRHHYPOLTD,494.8,2026-07-09,-1.73,2.54,-1.1,11.63,1.01,-21.72
HARDWYN,24.45,2026-07-09,0.33,-0.29,-1.13,17.95,30.89,69.44
GODREJAGRO,562.0,2026-07-09,-1.07,0.78,-1.14,-4.24,0.77,-26.79
KRISHIVAL,399.1,2026-07-09,-1.1,-0.59,-1.14,24.6,10.81,5.93
WINDLAS,825.9,2026-07-09,-3.77,-3.84,-1.14,3.34,9.88,-10.42
PRUDMOULI,14.79,2026-07-09,-1.73,-3.96,-1.14,-10.2,-25.42,-60.56
INTELLECT,743.25,2026-07-09,-3.39,2.22,-1.15,10.65,-19.17,-36.65
DIVOPPBEES,75.67,2026-07-09,-1.24,-0.54,-1.15,-4.71,-7.76,-5.07
URAVIDEF,117.89,2026-07-09,-5.35,1.62,-1.15,-17.35,-39.76,-75.89
GAEL,158.41,2026-07-09,-2.76,-2.14,-1.16,3.68,20.56,42.82
ENFUSE,168.0,2026-07-08,6.33,2.53,-1.18,-12.95,-23.64,-27.27
DPSCLTD,7.49,2026-07-09,0.4,2.46,-1.19,-16.31,-22.46,-46.58
KOTAKBANK,377.15,2026-07-09,-1.09,-4.64,-1.19,1.41,-11.33,-15.31
INFOMEDIA,5.77,2026-07-09,2.67,1.94,-1.2,-5.72,-8.41,-22.34
HDFCLIFE,551.85,2026-07-09,-2.19,-5.38,-1.21,-6.32,-26.15,-29.57
BANCOINDIA,673.2,2026-07-09,-0.58,3.04,-1.21,18.89,2.15,5.18
AGROPHOS,29.86,2026-07-09,-1.78,-1.68,-1.22,-10.28,-21.26,-15.18
VEEDOL,1436.4,2026-07-09,-1.16,-0.85,-1.22,4.98,-8.11,-13.16
STARCEMENT,204.93,2026-07-09,-1.3,-1.73,-1.24,-3.35,-5.79,-2.64
MOINFRA,61.08,2026-07-09,-2.58,-2.4,-1.24,2.33,4.86,0.54
TREJHARA,134.7,2026-07-09,-2.39,-4.52,-1.25,-10.56,-40.1,-43.57
EMKAYTOOLS,94.0,2026-07-08,0.75,0.37,-1.26,-6.42,-16.07,-63.71
CYBERMEDIA,16.21,2026-07-09,0.62,1.31,-1.28,10.2,-1.88,-5.43
GRAVISSHO,29.97,2026-07-09,-5.4,3.38,-1.28,,,
CANARYS,19.25,2026-07-08,1.32,-7.67,-1.28,-14.82,-33.62,-40.31
GUJRAFFIA,40.67,2026-07-09,0.89,1.47,-1.29,4.28,-17.17,0.59
JAYSREETEA,82.03,2026-07-09,-4.76,-6.04,-1.3,0.21,-1.75,-27.45
GPPL,152.32,2026-07-09,-2.35,0.21,-1.3,1.55,-18.16,3.47
LATENTVIEW,300.55,2026-07-09,5.12,7.38,-1.3,0.8,-32.0,-31.99
VMM,116.69,2026-07-09,-2.0,0.78,-1.33,4.12,-9.68,-11.11
SUPERHOUSE,157.51,2026-07-09,1.16,-0.56,-1.33,5.27,11.03,-9.86
NAHARSPING,266.3,2026-07-09,-0.22,4.02,-1.33,15.71,43.9,-1.43
ENSER,14.7,2026-07-08,0.0,-0.68,-1.34,-4.55,-8.13,-12.5
PREMCO,365.0,2026-07-09,0.0,0.27,-1.34,,,
VALIANTORG,276.15,2026-07-09,-0.52,-1.0,-1.34,3.03,6.62,-34.14
MADHAV,36.55,2026-07-09,1.56,1.7,-1.35,3.16,-7.59,-20.14
FMNL,10.16,2026-07-09,-2.4,-6.96,-1.36,24.82,22.41,-40.34
DHAMPURSUG,141.81,2026-07-09,-1.96,3.04,-1.36,5.28,21.87,-7.18
LFIC,140.12,2026-07-09,-3.37,-2.84,-1.36,5.18,-10.75,-34.78
MILTON,39.95,2026-07-08,0.0,5.13,-1.36,-20.58,18.9,38.24
ANMOL,10.92,2026-07-09,-1.09,-1.62,-1.36,-2.41,-20.75,-37.6
TECHM,1426.3,2026-07-09,1.41,2.06,-1.38,0.12,-7.51,-8.43
MCX,2785.4,2026-07-09,2.29,-4.43,-1.39,4.81,27.13,65.6
SHARDUL,28.0,2026-07-09,-2.1,-2.88,-1.41,,,
BEL,406.2,2026-07-09,-4.55,-1.31,-1.42,-7.63,-2.56,-2.1
DSSL,1290.3,2026-07-09,-4.99,-2.29,-1.45,30.84,25.22,21.9
BIRLACORPN,940.7,2026-07-09,-3.63,-4.75,-1.46,1.02,-10.96,-31.75
LAGNAM,79.45,2026-07-09,0.99,3.92,-1.46,21.69,13.34,-23.16
IRB,20.21,2026-07-09,-2.32,-6.56,-1.46,-3.03,-2.19,-16.09
CUMMINSIND,5542.5,2026-07-09,-0.65,0.02,-1.48,12.94,35.25,59.49
KILITCH,184.24,2026-07-09,-4.3,-1.13,-1.48,40.35,9.93,-10.6
ANDHRSUGAR,84.54,2026-07-09,-4.25,8.51,-1.49,13.31,17.19,2.05
DOLPHIN,385.65,2026-07-09,4.55,4.64,-1.51,-3.95,-13.75,-16.37
INDIAMART,1924.7,2026-07-09,1.87,-0.13,-1.51,-5.71,-7.7,-23.47
ULTRAMAR,388.8,2026-07-09,1.0,-0.41,-1.52,,,
POWERGRID,281.35,2026-07-09,-1.42,-1.71,-1.52,-5.62,10.27,-3.04
PML,498.0,2026-07-09,2.22,1.47,-1.52,,,
ALPA,68.29,2026-07-09,-0.18,0.4,-1.54,-1.54,-9.21,-34.26
LXCHEM,153.14,2026-07-09,-2.95,-0.67,-1.54,23.34,0.95,-20.81
SHARIABEES,448.98,2026-07-09,-1.53,-0.04,-1.54,-3.76,-12.72,-12.52
ALLETEC,140.1,2026-07-08,0.07,0.21,-1.55,-28.52,-34.72,-61.66
PGHH,8892.0,2026-07-09,-0.78,0.9,-1.56,-8.08,-27.86,-32.29
INDIACEM,372.05,2026-07-09,-2.4,-1.48,-1.59,-1.55,-19.92,6.82
ICICIB22,115.92,2026-07-09,-2.42,-2.58,-1.59,-4.29,-0.8,5.01
ABB,6820.0,2026-07-09,-3.58,-4.32,-1.6,3.54,34.46,16.33
AMBER,7600.5,2026-07-09,-0.18,2.53,-1.62,10.34,20.08,-1.18
DEEDEV,677.5,2026-07-09,0.26,1.59,-1.63,116.94,202.85,126.25
SAKAR,800.35,2026-07-09,-4.14,-3.86,-1.63,39.84,110.56,127.7
BIKAJI,642.15,2026-07-09,-1.98,-0.07,-1.64,0.35,-8.54,-12.49
KRN,1211.8,2026-07-09,-1.52,-3.09,-1.64,25.68,68.11,32.23
JARO,524.95,2026-07-09,2.58,4.67,-1.64,21.38,27.42,
SHANTIGOLD,214.77,2026-07-09,-3.0,-3.54,-1.64,19.32,3.62,
BOMDYEING,126.08,2026-07-09,-0.88,-2.43,-1.65,18.23,1.8,-22.81
MADHAVIPL,8.35,2026-07-09,-2.22,-2.11,-1.65,,,
JAIBALAJI,66.12,2026-07-09,-5.22,-1.58,-1.67,6.49,-1.58,-45.75
INNOVISION,288.75,2026-07-09,-1.53,2.16,-1.67,-8.55,,
ICICIAMC,3181.1,2026-07-09,-3.46,-3.08,-1.68,-1.77,20.47,
GRSE,2627.3,2026-07-09,-5.0,-1.89,-1.69,4.11,7.35,-11.26
PONNIERODE,317.15,2026-07-09,-0.49,1.8,-1.69,15.17,23.04,-3.76
DKEGL,63.05,2026-07-08,0.0,-11.01,-1.71,0.08,-18.38,-4.46
PATTECH,114.85,2026-07-08,0.0,0.0,-1.71,28.97,6.89,-3.28
TAPIFRUIT,49.0,2026-07-08,0.0,0.0,-1.71,-18.33,-22.22,-34.97
SYSTMTXC,63.99,2026-07-09,-2.29,1.51,-1.72,-10.73,-41.16,
DBEIL,7.96,2026-07-09,-8.29,-4.33,-1.73,20.73,-26.28,-42.59
BIRLAPREC,36.0,2026-07-09,-3.12,-4.2,-1.75,,,
WONDERLA,469.1,2026-07-09,-4.79,-5.68,-1.77,-12.75,-10.28,-26.2
JKIPL,97.34,2026-07-09,-1.35,-10.67,-1.77,76.95,14.98,
JSLL,591.6,2026-07-09,5.3,0.8,-1.78,-9.1,-12.81,7.62
MADRASFERT,67.33,2026-07-09,-2.17,0.49,-1.78,1.05,-18.0,-25.66
MASPTOP50,78.33,2026-07-09,0.46,2.78,-1.78,13.39,8.93,29.99
KLBRENG-B,462.3,2026-07-09,-4.33,-5.22,-1.8,,,
3PLAND,32.63,2026-07-09,-1.12,2.64,-1.81,-6.9,-10.28,-35.37
EMULTIMQ,41.08,2026-07-09,-1.04,-0.19,-1.84,2.29,0.1,-5.69
IIFLCAPS,338.5,2026-07-09,-0.13,0.25,-1.84,23.17,-10.84,3.02
IEX,117.85,2026-07-09,-4.72,-5.58,-1.84,-7.69,-12.44,-41.74
DIVIDEND,34.65,2026-07-09,-1.11,-0.17,-1.84,-3.13,,
ASTRON,3.71,2026-07-09,-2.37,-4.38,-1.85,-17.0,-35.25,-76.71
INDTERRAIN,31.72,2026-07-09,-3.17,-3.94,-1.86,-0.6,-3.91,-18.56
SABAR,5.25,2026-07-08,0.0,-16.67,-1.87,10.53,8.25,1.94
COMMOIETF,99.48,2026-07-09,-1.65,-0.16,-1.88,1.46,4.55,9.72
MOLDTKPAC,680.6,2026-07-09,-0.22,-3.84,-1.89,25.05,16.39,-2.73
SPMLINFRA,189.99,2026-07-09,-3.39,-3.89,-1.89,1.95,12.25,-24.52
SRM,478.35,2026-07-09,-4.33,-5.66,-1.9,9.71,-4.79,-2.79
NFL,72.94,2026-07-09,-2.34,-2.02,-1.91,-2.58,-13.14,-24.92
ATLASCYCLE,97.1,2026-07-09,0.82,-1.81,-1.92,13.05,-7.16,-23.59
HLVLTD,7.65,2026-07-09,-0.52,-0.78,-1.92,-1.42,-16.3,-42.0
MWL,370.25,2026-07-09,-2.22,0.35,-1.92,39.38,33.52,124.46
KANANIIND,1.52,2026-07-09,0.0,0.66,-1.94,-13.14,-8.98,-27.96
ALANKIT,8.09,2026-07-09,-1.46,-0.37,-1.94,-9.91,-22.58,-49.18
SINGERIND,67.64,2026-07-09,-3.11,-7.01,-1.94,-5.23,,
GESHIP,1414.2,2026-07-09,0.29,-7.16,-1.94,2.35,31.99,41.44
INDORAMA,46.04,2026-07-09,-7.08,2.58,-1.96,31.66,3.53,-11.27
INCREDIBLE,33.58,2026-07-09,3.32,1.02,-1.96,-0.71,-8.82,-20.01
ARVEE,160.35,2026-07-09,-2.08,-2.67,-1.97,-5.27,-15.61,-16.81
KELLTONTEC,14.9,2026-07-09,-2.61,-2.68,-1.97,1.29,-13.47,-45.74
ORIENTELEC,173.0,2026-07-09,-2.25,-1.37,-1.98,8.33,2.96,-21.34
GLOBAL,101.3,2026-07-09,-1.76,-3.32,-1.99,2.93,24.49,57.45
HUDCO,204.81,2026-07-09,-4.56,-1.51,-2.0,12.58,-3.45,-8.45
GIPCL,162.96,2026-07-09,2.23,0.11,-2.0,19.7,9.03,-23.96
HERANBA,177.71,2026-07-09,-5.62,-1.58,-2.01,-5.84,-20.13,-52.74
DISHTV,2.93,2026-07-09,-3.3,-4.25,-2.01,-2.01,-25.63,-50.25
PVSL,93.03,2026-07-09,-1.43,3.13,-2.03,-4.17,-18.04,-31.82
EDUCOMP,0.96,2026-07-08,0.0,-2.04,-2.04,7.87,-15.04,-49.74
SEMAC,327.95,2026-07-09,-5.68,-3.69,-2.05,20.58,14.65,-38.4
DRCSYSTEMS,13.79,2026-07-09,-1.71,-1.64,-2.06,-14.29,-18.11,-27.23
SUDARCOLOR,353.75,2026-07-09,-3.32,-0.45,-2.06,5.77,-21.5,-39.74
REGAAL,81.77,2026-07-09,-1.86,6.28,-2.07,3.87,20.77,
GROWWPSE,98.61,2026-07-09,-2.23,-1.58,-2.09,-3.29,,
UGARSUGAR,39.8,2026-07-09,-3.0,-2.43,-2.09,2.68,-2.88,-20.06
LYKALABS,68.58,2026-07-09,-3.83,-6.11,-2.1,17.77,-12.12,-37.98
AFIL,9.8,2026-07-09,-1.11,-5.77,-2.1,13.43,65.26,34.99
SWELECTES,636.0,2026-07-09,-1.09,0.39,-2.11,16.24,8.34,7.28
SILLYMONKS,16.25,2026-07-09,1.5,0.25,-2.11,-2.46,-14.38,-0.31
RADIOCITY,5.97,2026-07-09,-1.49,-2.29,-2.13,-6.72,-9.55,-35.25
NSIL,5383.5,2026-07-09,-0.11,-1.36,-2.13,-1.85,-13.49,-25.42
MANAKSIA,57.04,2026-07-09,-0.96,-4.1,-2.13,2.85,-10.26,-23.64
GREENCHEF,48.1,2026-07-08,-1.13,-6.24,-2.14,-3.9,-13.33,-22.79
SHINDL,151.76,2026-07-09,0.76,4.52,-2.17,,,
YATHARTH,820.9,2026-07-09,-2.57,-3.3,-2.17,16.51,27.09,33.53
TITAGARH,827.8,2026-07-09,-4.66,-5.76,-2.17,16.82,2.99,-12.0
HGINFRA,555.9,2026-07-09,-2.36,-4.3,-2.18,6.74,-21.85,-47.66
MOENERGY,38.88,2026-07-09,-1.74,-2.99,-2.21,5.44,12.95,
TARC,124.43,2026-07-09,-0.08,0.4,-2.21,-0.37,-29.44,-34.28
ABSLPSE,10.19,2026-07-09,-1.83,-1.55,-2.21,-2.95,1.19,-1.16
ACCELYA,1093.3,2026-07-09,-1.42,-0.65,-2.22,-3.8,-13.88,-18.15
ALPHAGEO,197.86,2026-07-09,-0.64,-0.56,-2.22,-12.58,-10.26,-28.84
SICAGEN,52.49,2026-07-09,-0.74,-0.7,-2.25,115.56,115.56,115.56
JAYNECOIND,88.46,2026-07-09,-2.5,4.49,-2.25,7.79,6.03,129.77
HITECH,84.33,2026-07-09,-6.17,-6.77,-2.26,-1.61,-3.12,-14.02
SOLARA,566.85,2026-07-09,1.28,-0.85,-2.27,17.76,3.49,-9.76
AFFLE,1468.0,2026-07-09,1.42,4.89,-2.28,5.16,-17.71,-26.22
ENERGY,39.05,2026-07-09,-1.59,-2.03,-2.28,5.74,13.47,
JSWSTEEL,1225.8,2026-07-09,-0.83,0.04,-2.29,1.91,6.39,18.5
GOLDENTOBC,25.0,2026-07-09,-1.92,-3.4,-2.31,6.56,-18.96,-28.57
TVVISION,5.07,2026-07-09,-0.78,-3.43,-2.31,-3.8,-27.47,-31.76
SINCLAIR,74.89,2026-07-09,-0.07,-1.17,-2.32,-4.29,-6.14,-23.37
PATANJALI,412.25,2026-07-09,-0.78,-0.08,-2.32,-9.99,-24.92,-24.94
SURAKSHA,263.4,2026-07-09,-2.64,-3.62,-2.32,-0.02,-4.18,-17.67
MAHABANK,82.01,2026-07-09,-5.2,-12.62,-2.33,18.89,35.29,47.98
MOPSE,99.67,2026-07-09,-2.25,-1.34,-2.33,-3.5,1.35,-1.58
MINDTECK,204.93,2026-07-09,-3.05,0.73,-2.34,13.4,-3.28,-8.05
LICHSGFIN,539.8,2026-07-09,-1.65,-3.74,-2.34,1.41,2.25,-9.08
GSS,12.44,2026-07-09,-3.27,-2.05,-2.35,-13.49,-22.4,-62.15
MODINATUR,413.0,2026-07-09,-0.61,-1.62,-2.36,18.95,16.85,
RHL,179.64,2026-07-09,-1.34,1.96,-2.37,-2.0,-14.37,-39.42
JALAN,2.05,2026-07-08,0.0,-4.65,-2.38,17.14,-46.75,-66.94
VOLTAS,1269.4,2026-07-09,-1.18,-2.04,-2.38,-0.82,-13.19,-6.84
MSPL,39.32,2026-07-09,-6.98,-4.68,-2.38,10.79,13.35,22.53
PRIMO,24.08,2026-07-09,-0.12,-1.35,-2.39,8.13,7.31,-8.02
COCHINSHIP,1406.7,2026-07-09,-6.62,-1.46,-2.39,-1.21,-10.14,-30.5
UNIVPHOTO,356.45,2026-07-09,2.43,-0.42,-2.4,-2.2,71.2,23.26
DREAMFOLKS,67.98,2026-07-09,-5.15,2.24,-2.4,-9.24,-33.55,-59.12
AATMAJ,18.3,2026-07-08,-10.73,-2.4,-2.4,-9.18,-23.75,-2.14
CORDSCABLE,204.4,2026-07-09,-3.83,-1.44,-2.4,29.17,18.08,5.58
SIMBHALS,6.86,2026-07-09,0.15,2.54,-2.42,-18.62,-33.46,-59.29
PARAGON,48.0,2026-07-08,-4.0,0.0,-2.44,20.0,19.85,-25.93
HEXATRADEX,158.01,2026-07-09,-0.82,-2.46,-2.47,-3.69,-1.24,-13.42
SIGMA,38.54,2026-07-09,1.31,-0.23,-2.5,-12.57,-36.2,4.73
BELRISE,228.84,2026-07-09,2.94,-4.83,-2.51,13.16,31.44,97.2
TIMESCAN,40.45,2026-07-08,-3.46,1.25,-2.53,-7.01,-15.2,-38.71
STALLION,182.12,2026-07-09,-3.94,1.81,-2.53,38.78,-15.23,95.64
BEEKAY,400.4,2026-07-09,1.38,0.14,-2.54,,,
HEG,514.25,2026-07-09,-5.32,-0.57,-2.56,-8.05,-10.5,4.63
SHYAMMETL,948.4,2026-07-09,-1.05,-0.38,-2.56,14.17,18.29,10.72
WALCHANNAG,248.15,2026-07-09,5.06,-9.47,-2.57,43.85,47.48,15.01
MAZDOCK,2372.8,2026-07-09,-7.81,-3.02,-2.57,-2.57,-4.81,-27.52
VAKRANGEE,6.06,2026-07-09,-0.66,-0.33,-2.57,-5.61,-20.58,-39.22
SEYAIND,13.23,2026-07-09,1.69,1.61,-2.58,20.27,-25.21,-38.89
GAYAPROJ,20.78,2026-07-09,-2.26,-4.42,-2.58,33.21,71.74,151.57
MANALIPETC,60.9,2026-07-09,-3.81,-4.11,-2.59,14.34,3.43,-11.91
DIGIKORE,54.55,2026-07-08,5.11,2.15,-2.59,-23.81,-25.58,-70.83
BLKASHYAP,52.73,2026-07-09,-3.67,-3.5,-2.59,10.27,8.54,-22.16
ANKITMETAL,1.5,2026-07-09,3.45,3.45,-2.6,-5.66,-14.29,-27.18
BOSCH-HCIL,1347.8,2026-07-09,-0.27,-0.45,-2.62,0.49,-8.8,-23.26
NIBL,30.3,2026-07-09,-1.94,0.33,-2.63,5.39,-5.31,7.91
SPENCERS,34.63,2026-07-09,-6.61,-2.06,-2.64,8.97,-11.3,-43.07
PFS,30.59,2026-07-09,-0.07,-2.52,-2.64,8.36,-6.08,-24.84
ADL,70.49,2026-07-09,1.79,3.59,-2.64,3.81,-8.9,-23.46
SILGO,74.85,2026-07-09,-1.37,-0.12,-2.65,-3.04,3.26,41.07
ELGIEQUIP,588.7,2026-07-09,-0.55,-3.22,-2.65,17.83,31.67,7.4
MARATHON,396.65,2026-07-09,-5.68,-1.18,-2.66,-10.56,-20.48,-43.31
RICOAUTO,130.02,2026-07-09,-4.33,-2.23,-2.67,13.53,2.7,67.79
KHANDSE,17.74,2026-07-09,-0.28,3.5,-2.69,15.95,-10.27,-26.63
SHRENIK,0.36,2026-07-09,-5.26,-10.0,-2.7,-10.0,-18.18,-37.93
TNTELE,8.99,2026-07-09,-0.11,0.11,-2.71,-12.46,-1.86,-61.38
E2E,397.7,2026-07-09,4.19,0.58,-2.72,64.09,95.21,55.93
HBLENGINE,760.15,2026-07-09,-5.86,-4.12,-2.72,5.2,-13.22,23.17
DIGIDRIVE,18.24,2026-07-09,-3.49,0.27,-2.72,-12.31,-29.14,-41.87
VINNY,1.07,2026-07-09,-2.73,-6.14,-2.73,-7.76,-12.3,-22.46
SPIC,66.99,2026-07-09,-2.42,-0.92,-2.74,0.72,-14.16,-19.41
HBSL,51.9,2026-07-09,1.41,3.53,-2.74,-4.88,-26.34,-44.82
ASMS,7.07,2026-07-09,-0.98,-0.98,-2.75,-15.93,-38.84,-45.78
ORIENTTECH,248.29,2026-07-09,-3.16,1.14,-2.76,-7.64,-30.48,-23.34
SUZLON,53.7,2026-07-09,-3.19,-6.14,-2.77,21.41,9.15,-18.56
ESSARSHPNG,22.41,2026-07-09,-2.99,-3.24,-2.78,-9.93,-11.04,-23.72
RKDL,18.85,2026-07-09,1.29,0.86,-2.78,-8.14,-16.22,-37.42
SMLT,67.52,2026-07-09,-3.89,-1.52,-2.79,-2.85,-16.39,-45.34
SAROJA,33.0,2026-07-08,0.0,0.0,-2.8,2.01,-14.06,-8.33
WELINV,1800.0,2026-07-09,0.56,4.96,-2.8,40.03,42.8,50.29
APOLLOPIPE,487.7,2026-07-09,3.41,3.51,-2.8,8.19,61.7,14.8
DGCONTENT,26.02,2026-07-09,2.4,-2.11,-2.8,-9.97,-16.47,-43.24
3BBLACKBIO,1167.7,2026-07-09,-3.3,-0.52,-2.81,,,
MANYAVAR,392.55,2026-07-09,-2.46,-4.71,-2.83,1.37,-27.37,-50.64
CAMLINFINE,129.29,2026-07-09,-2.63,-0.22,-2.83,24.23,-15.39,-57.37
SAATVIKGL,455.15,2026-07-09,4.98,-1.57,-2.83,8.25,12.4,
FRONTSP,1442.1,2026-07-09,-1.39,2.44,-2.84,,,
DBL,424.0,2026-07-09,-1.37,-8.59,-2.86,-1.56,-4.86,-15.73
SUNTV,499.25,2026-07-09,-2.68,-2.8,-2.86,-15.48,-9.79,-10.45
VAL30IETF,15.18,2026-07-09,-1.75,-1.43,-2.88,-1.68,2.78,13.96
COMPUSOFT,13.51,2026-07-09,2.82,2.27,-2.88,-1.31,-9.02,-36.49
NEWGEN,473.2,2026-07-09,-1.43,1.06,-2.9,3.5,-41.04,-57.77
RAILTEL,302.9,2026-07-09,-2.15,-1.08,-2.9,7.26,-11.52,-25.52
NAHARCAP,245.35,2026-07-09,-0.87,-1.07,-2.91,5.8,1.8,-22.58
PNB,103.44,2026-07-09,-0.82,-3.29,-2.92,-2.87,-13.39,-4.1
SANOFICONR,4506.4,2026-07-09,-2.07,-2.2,-2.92,0.15,4.43,-12.31
KAMOPAINTS,4.98,2026-07-09,-0.8,0.81,-2.92,-8.79,-29.26,-49.85
DIGJAMLMTD,43.66,2026-07-09,-1.53,-6.87,-2.93,-4.07,-10.68,-7.24
AXISVALUE,32.35,2026-07-08,-2.35,-1.58,-2.94,-0.8,2.73,11.51
RUDRA,17.17,2026-07-09,-0.64,-0.17,-2.94,-5.35,-29.89,
HBESD,74.29,2026-07-09,-5.35,-2.48,-2.96,,,
FACT,850.1,2026-07-09,-3.18,-2.24,-2.96,-1.26,-2.03,-9.05
BIOCON,403.55,2026-07-09,-4.89,-2.7,-2.96,16.87,6.44,8.16
SHAH,4.58,2026-07-09,-10.37,13.09,-2.97,-8.03,-15.34,12.81
WOCKPHARMA,1831.3,2026-07-09,-4.4,-6.07,-2.98,33.7,30.44,6.66
ATL,23.78,2026-07-09,0.59,-0.46,-2.98,-2.98,-10.64,-16.09
SEPC,6.45,2026-07-09,-2.42,0.31,-3.01,-14.57,-29.97,-51.65
SAGARDEEP,24.5,2026-07-09,-0.37,-1.65,-3.01,6.94,-9.39,-22.2
TATATECH,711.6,2026-07-09,0.01,-0.48,-3.03,29.28,10.69,2.64
IPL,156.79,2026-07-09,-3.04,-2.78,-3.03,7.57,-6.87,-24.58
KINGFA,5038.5,2026-07-09,-0.31,1.03,-3.03,17.31,15.81,41.44
GROWWRAIL,28.51,2026-07-09,-2.43,-1.86,-3.06,-7.07,-16.22,-25.76
ZFCVINDIA,2311.6,2026-07-09,-3.66,-13.94,-3.07,-2.66,-2.63,5.45
ENRIN,3438.0,2026-07-09,0.52,-4.07,-3.09,24.22,43.25,10.14
VALUE,16.0,2026-07-09,-1.6,-1.17,-3.09,-0.25,,
IGPL,422.1,2026-07-09,-3.76,-5.68,-3.1,5.33,11.39,-8.92
BEDMUTHA,107.12,2026-07-09,-2.57,-0.2,-3.1,-5.98,-11.9,-27.89
VINEETLAB,32.66,2026-07-09,-3.43,-2.04,-3.11,-1.3,-6.74,-1.36
MAHSEAMLES,591.05,2026-07-09,-1.16,-4.58,-3.11,-2.88,10.41,-14.64
ANTHEM,752.0,2026-07-09,-2.85,-2.97,-3.12,4.68,19.73,
IZMO,961.9,2026-07-09,-3.15,-0.95,-3.12,35.62,35.39,126.94
ADANIGREEN,1486.6,2026-07-09,-4.04,-1.06,-3.12,42.32,57.13,49.38
USASEEDS,93.0,2026-07-08,0.0,0.0,-3.12,-11.26,-32.56,-41.88
MANOMAY,178.59,2026-07-09,1.35,-2.47,-3.13,-20.7,-12.98,3.37
LASA,7.43,2026-07-09,0.81,-0.13,-3.13,-1.72,-31.96,-41.36
ABFRL,58.55,2026-07-09,-6.21,-0.43,-3.14,0.21,-21.45,-25.75
SNOWMAN,35.82,2026-07-09,-4.66,-2.5,-3.16,-2.34,-5.96,-40.03
SKIL,0.92,2026-07-08,0.0,4.55,-3.16,-1.08,-22.03,-62.14
NAVKARURB,0.92,2026-07-09,-5.15,-12.38,-3.16,15.0,-45.88,-55.47
GREENPANEL,190.43,2026-07-09,0.9,-0.98,-3.16,-5.17,-14.19,-34.28
GLOBALVECT,156.31,2026-07-09,-3.78,-5.88,-3.17,-9.36,-17.67,-40.97
RMC,305.75,2026-07-09,1.19,-2.02,-3.17,-23.77,,
GROWWMETAL,11.93,2026-07-09,-1.73,-0.33,-3.17,3.02,13.36,
SUNDROP,642.05,2026-07-09,0.44,-0.63,-3.18,-0.58,-6.31,-25.81
OILCOUNTUB,55.03,2026-07-09,-6.4,-8.27,-3.18,25.73,1.31,-40.18
KOTHARIPRO,69.21,2026-07-09,0.0,-0.35,-3.18,3.9,-3.31,-17.57
PSUBNKIETF,83.45,2026-07-09,-1.55,-3.97,-3.19,-4.18,-3.8,16.42
TGBHOTELS,8.8,2026-07-09,-0.23,-2.76,-3.19,1.27,-5.98,-29.99
RALLIS,223.43,2026-07-09,-3.72,-0.52,-3.19,-11.42,-10.43,-28.31
NETWEB,4286.5,2026-07-09,-2.83,-3.78,-3.2,28.33,29.5,137.53
TNPL,143.2,2026-07-09,-1.45,-1.35,-3.2,6.53,2.7,-17.57
AMDIND,45.69,2026-07-09,-2.93,2.19,-3.2,8.66,2.77,-11.38
GOLDIAM,420.5,2026-07-09,-9.53,-7.1,-3.21,26.12,23.53,23.23
NIDAN,13.55,2026-07-08,-3.21,2.26,-3.21,-12.58,-26.36,-33.58
FSL,242.94,2026-07-09,-2.56,3.22,-3.21,10.91,-22.06,-32.29
PSUBNKBEES,91.85,2026-07-09,-1.55,-3.84,-3.22,-4.21,-3.92,16.28
KANSAINER,200.59,2026-07-09,-5.29,-2.1,-3.22,9.54,-12.68,-18.92
CMNL,102.2,2026-07-08,-0.78,1.89,-3.22,-0.78,-10.55,-38.19
FCONSUMER,0.3,2026-07-08,0.0,-3.23,-3.23,-3.23,-26.83,-41.18
TECH,30.02,2026-07-09,0.43,1.42,-3.25,-12.15,-26.76,-26.99
CIFL,22.6,2026-07-09,-1.18,-3.75,-3.25,-11.34,-30.72,-43.37
IT,30.52,2026-07-09,0.86,1.56,-3.26,-12.32,-26.81,-27.21
BLBLIMITED,16.04,2026-07-09,-1.53,6.58,-3.26,-5.09,16.91,8.31
SARVESHWAR,3.55,2026-07-09,-4.57,-5.33,-3.27,-8.97,-18.39,-57.99
RVNL,226.23,2026-07-09,-3.25,-4.75,-3.28,-17.08,-31.69,-40.76
MOVALUE,113.06,2026-07-09,-1.52,-1.22,-3.31,-1.15,-1.76,6.92
MOL,46.39,2026-07-09,-1.7,-3.87,-3.31,-4.31,-22.81,-53.1
SOUTHBANK,44.22,2026-07-09,-5.63,-3.53,-3.32,15.88,6.73,48.12
KHAITANLTD,129.0,2026-07-09,-2.27,-4.39,-3.32,24.67,30.9,7.27
LAXMIDENTL,216.93,2026-07-09,-3.65,-3.15,-3.35,14.04,-12.0,-50.26
FINPIPE,167.22,2026-07-09,-3.75,-4.18,-3.36,3.22,-3.89,-16.8
NTPC,343.7,2026-07-09,-3.52,-3.48,-3.36,-9.23,3.06,2.55
HOLMARC,103.4,2026-07-08,4.97,3.66,-3.36,41.74,7.15,-19.79
BANARISUG,3478.7,2026-07-09,0.0,1.42,-3.37,-3.86,-3.41,-10.53
TOUCHWOOD,67.61,2026-07-09,-1.73,-4.36,-3.39,-6.85,-35.0,-37.78
BANKPSU,82.94,2026-07-09,-1.26,-4.15,-3.39,-3.88,-3.9,16.69
DEEPAKNTR,1621.2,2026-07-09,1.19,3.68,-3.4,13.93,1.62,-17.81
ROML,44.84,2026-07-09,-1.1,-2.52,-3.4,4.5,-7.11,-20.71
BANDHANBNK,199.86,2026-07-09,-3.63,-1.22,-3.42,20.44,38.76,13.29
DELTAMAGNT,58.71,2026-07-09,-3.71,-4.74,-3.44,4.11,-11.71,-37.97
GANGESSECU,117.22,2026-07-09,-2.77,-2.23,-3.44,-3.89,-9.34,-29.82
DNAMEDIA,2.8,2026-07-09,-1.75,2.94,-3.45,-11.11,-21.57,-44.77
PSUBANKADD,82.97,2026-07-09,-1.85,-4.4,-3.46,-4.28,-4.13,16.45
ADROITINFO,8.91,2026-07-09,-1.0,-0.11,-3.47,-9.82,-10.9,-19.07
CGRAPHICS,141.5,2026-07-08,-0.98,-1.87,-3.48,-21.87,-18.86,-29.39
CEINSYS,907.8,2026-07-09,-2.1,-1.49,-3.48,-13.91,,
ZEAL,66.6,2026-07-08,-2.77,-2.06,-3.48,-13.56,-26.0,-48.77
ITBETA,288.55,2026-07-09,0.9,1.47,-3.49,-12.56,-26.95,-27.51
ABLBL,95.26,2026-07-09,-1.38,-1.16,-3.51,-4.38,-18.92,-40.78
DELPHIFX,8.79,2026-07-09,3.9,6.93,-3.51,-17.46,-46.27,-38.71
DAVANGERE,3.57,2026-07-09,-0.83,-0.56,-3.51,-4.03,-18.49,-0.83
METAL,12.62,2026-07-09,-1.71,-0.24,-3.52,2.6,13.18,33.97
DEVIT,27.63,2026-07-09,-4.82,7.8,-3.56,-5.8,-18.13,-40.91
BAYERCROP,4120.2,2026-07-09,-1.27,1.32,-3.56,-14.32,-7.8,-34.37
SBIETFIT,304.71,2026-07-09,0.98,1.75,-3.56,-12.54,-26.97,-27.48
ROCKINGDCE,180.8,2026-07-08,-4.44,-3.19,-3.57,9.98,-19.47,-0.69
ELECON,512.35,2026-07-09,-3.52,-2.0,-3.57,20.66,21.31,-22.12
APOLLO,398.3,2026-07-09,-6.03,-2.17,-3.57,71.3,61.81,110.4
XTGLOBAL,28.32,2026-07-09,-4.42,-4.03,-3.58,-4.93,-8.17,-16.55
VPRPL,26.9,2026-07-09,-3.93,-5.51,-3.58,-29.23,-46.39,-83.34
KRISHCA,169.7,2026-07-08,3.67,-1.74,-3.58,-0.24,-14.42,-35.28
SALSTEEL,57.39,2026-07-09,1.92,5.34,-3.58,36.09,39.98,230.02
WHEELS,1445.3,2026-07-09,-2.08,-18.44,-3.58,45.17,80.33,84.27
ORTEL,1.61,2026-07-09,-1.23,5.23,-3.59,-0.62,9.52,-26.82
INDRAMEDCO,379.65,2026-07-09,-0.39,-0.13,-3.59,-11.43,-8.01,-22.25
VARDHACRLC,43.44,2026-07-09,-0.96,-0.66,-3.6,19.24,19.08,-9.22
AXITA,7.49,2026-07-09,-0.66,-0.53,-3.6,-16.03,-15.84,-8.46
PSUBANK,822.75,2026-07-09,-1.46,-3.86,-3.6,-4.31,-4.11,15.98
ITETF,29.08,2026-07-09,0.69,1.64,-3.61,-12.52,-26.84,-27.45
ZENSARTECH,447.4,2026-07-09,-6.39,3.23,-3.61,-19.26,-36.71,-46.44
HEADSUP,6.93,2026-07-09,1.76,-1.42,-3.62,-0.72,-19.42,-28.04
LTM,3854.4,2026-07-09,3.4,4.57,-3.64,-14.57,-35.3,-26.42
ACI,524.5,2026-07-09,-1.02,0.6,-3.64,-13.4,2.15,-21.61
OMFURN,53.0,2026-07-08,-1.85,-1.94,-3.64,13.98,-23.8,-46.55
GROWWPOWER,11.63,2026-07-09,-2.27,-4.75,-3.65,7.78,,
TARAPUR,17.95,2026-07-09,-0.28,-0.94,-3.65,-26.49,-36.55,-37.06
SYSTANGO,218.95,2026-07-08,-1.15,-2.23,-3.65,-17.55,-24.44,-7.66
ARIHANT,798.4,2026-07-09,1.11,-6.16,-3.66,1913.62,1913.62,1913.62
DOLATALGO,71.08,2026-07-09,-1.93,-1.51,-3.66,-10.13,-18.99,-28.52
NETWORK18,30.75,2026-07-09,-5.27,-2.07,-3.67,-4.06,-26.49,-45.12
HNGSNGBEES,480.34,2026-07-09,-0.67,0.61,-3.67,-7.93,-4.36,25.16
CPSEETF,95.57,2026-07-09,-2.08,-1.46,-3.67,-7.52,3.31,1.36
CENTEXT,18.82,2026-07-09,-0.9,-1.83,-3.68,-7.7,-15.19,-14.69
JKLAKSHMI,568.35,2026-07-09,-1.89,-5.74,-3.69,-7.51,-23.04,-41.96
BBOX,934.25,2026-07-09,-5.75,0.22,-3.7,91.44,82.85,76.81
VIVIDHA,0.52,2026-07-09,-1.89,-1.89,-3.7,-13.33,-11.86,-40.23
HDFCPSUBK,83.02,2026-07-09,-1.77,-4.31,-3.7,-3.55,-3.99,15.93
JAICORPLTD,109.12,2026-07-09,-4.15,-4.06,-3.71,4.9,-8.37,2.07
DEEM,50.65,2026-07-08,-7.83,-1.27,-3.71,30.37,5.3,-17.64
NRBBEARING,422.65,2026-07-09,0.79,-1.66,-3.71,68.72,60.89,57.44
SJVN,70.07,2026-07-09,-2.34,-2.4,-3.74,-0.86,-8.92,-27.37
FINOPB,134.65,2026-07-09,-0.48,-7.55,-3.74,0.83,-43.33,-54.75
PERSISTENT,4829.9,2026-07-09,2.42,12.36,-3.75,-11.72,-24.46,-15.09
ANTGRAPHIC,0.77,2026-07-09,0.0,-6.1,-3.75,-8.33,-24.51,-37.9
SULA,149.65,2026-07-09,-2.62,-2.29,-3.76,-4.38,-24.46,-49.97
BHEL,381.6,2026-07-09,-1.52,-7.77,-3.77,37.66,39.14,45.93
SERVOTECH,99.61,2026-07-09,-3.14,4.09,-3.77,31.08,35.97,-29.91
ROSSTECH,1010.75,2026-07-09,2.8,8.79,-3.77,26.62,76.13,114.66
HDFCNIFIT,29.24,2026-07-09,0.27,1.35,-3.78,-12.98,-27.06,-27.84
MANGALAM,27.26,2026-07-09,-3.09,-4.05,-3.78,-14.73,-29.52,-70.22
IPSL,245.0,2026-07-08,0.0,-5.41,-3.79,10.39,-14.04,-10.54
SIGIND,46.26,2026-07-09,-0.73,-1.78,-3.79,-4.14,-10.94,-24.85
MALUPAPER,31.29,2026-07-09,1.13,1.1,-3.81,-3.93,-9.83,-26.93
ITADD,29.07,2026-07-09,0.69,1.32,-3.81,-12.44,-26.9,-27.45
GROWWPSUBK,82.18,2026-07-09,-2.24,-3.78,-3.83,-4.16,,
ELCIDIN,113000.0,2026-07-09,-0.32,-0.44,-3.83,,,
BMWVENTLTD,58.5,2026-07-09,0.78,-0.31,-3.83,1.79,10.83,
ALLDIGI,795.5,2026-07-09,-2.99,-0.77,-3.84,-4.0,0.25,-10.78
ITIETF,30.46,2026-07-09,0.59,1.36,-3.85,-12.6,-26.88,-27.61
XCHANGING,62.48,2026-07-09,-1.85,1.49,-3.85,0.86,-18.48,-36.12
SYNCOMF,13.99,2026-07-09,0.14,0.5,-3.85,7.7,6.55,-26.64
CAMPUS,228.04,2026-07-09,-2.19,-1.85,-3.86,-4.02,-10.48,-15.67
CYIENT,830.65,2026-07-09,-4.52,-5.77,-3.86,-6.69,-28.34,-34.81
FIEMIND,2208.8,2026-07-09,-1.53,-1.6,-3.87,2.34,-0.99,15.84
SBIBPB,47.5,2026-07-09,-1.29,-4.21,-3.87,-4.35,-5.06,14.71
FORTIS,951.45,2026-07-09,-2.92,0.11,-3.87,11.93,5.36,21.39
NATHBIOGEN,162.8,2026-07-09,-3.47,-1.43,-3.88,8.79,7.79,-29.87
ITBEES,30.45,2026-07-09,0.56,1.43,-3.88,-12.7,-27.03,-27.57
IITL,131.4,2026-07-09,-4.69,0.41,-3.9,-7.55,-11.71,-22.23
OLIL,418.0,2026-07-08,1.26,-1.18,-3.91,29.37,36.53,105.96
ALICON,628.1,2026-07-09,-3.16,-0.66,-3.92,-0.63,-20.08,-32.51
LPDC,6.38,2026-07-09,-1.69,-0.78,-3.92,-20.15,-6.86,-24.23
MTNL,28.95,2026-07-09,-3.44,-2.46,-3.95,3.32,-15.75,-41.52
DANGEE,3.15,2026-07-09,-3.37,-2.17,-3.96,0.32,-10.51,-38.11
SIEMENS,3476.4,2026-07-09,-2.67,-2.71,-3.96,7.88,14.21,8.02
HALDYNGL,118.96,2026-07-09,-4.36,3.27,-3.98,,,
ASTRAZEN,8114.5,2026-07-09,-1.48,0.7,-4.0,0.79,-2.7,-12.34
MUFTI,84.8,2026-07-09,-4.08,-2.43,-4.0,9.84,-11.8,-49.07
BABAFP,24.0,2026-07-08,0.0,-4.0,-4.0,-4.38,-31.23,-38.78
ZENITHEXPO,197.0,2026-07-09,-1.7,-1.99,-4.01,1.53,-4.44,-18.5
KOTYARK,35.53,2026-07-09,-6.72,-17.75,-4.02,6.64,74.48,49.95
ATLANTAA,38.71,2026-07-09,-2.17,-1.0,-4.02,-5.03,-17.6,5.33
NIPPOBATRY,338.6,2026-07-09,-2.77,-2.35,-4.04,0.92,-13.57,-26.16
METALIETF,12.55,2026-07-09,-1.65,-0.32,-4.05,2.12,12.76,33.51
LINCOLN,611.95,2026-07-09,-0.43,-2.18,-4.05,11.7,25.71,8.94
MMTC,64.16,2026-07-09,-3.17,-3.88,-4.07,9.19,1.68,-7.19
SHBAJRG,195.65,2026-07-09,-2.71,1.86,-4.07,,,
UFO,69.87,2026-07-09,-2.43,-1.59,-4.08,1.76,-13.2,-4.64
IRCTC,496.5,2026-07-09,-2.45,-1.46,-4.12,-6.59,-21.7,-35.94
VIPIND,303.15,2026-07-09,0.25,-1.03,-4.14,-4.86,-21.89,-30.8
ITI,287.75,2026-07-09,-3.15,-2.82,-4.15,-3.24,-3.62,-9.64
AVTNPL,69.4,2026-07-09,-2.39,-2.47,-4.16,11.31,6.75,6.04
JSFB,455.25,2026-07-09,-0.2,-2.35,-4.19,16.42,9.51,-8.91
BRNL,18.24,2026-07-09,-2.15,-1.41,-4.2,-10.41,-11.2,-14.33
AXISTECETF,301.7,2026-07-08,0.87,1.49,-4.21,-12.52,-26.9,-28.38
CONFIPET,72.32,2026-07-09,-0.89,1.19,-4.21,31.87,111.09,29.79
SALONA,257.5,2026-07-09,0.96,0.35,-4.22,-6.74,7.07,3.14
OMPOWER,173.43,2026-07-09,-2.24,-3.89,-4.22,,,
FELDVR,2.47,2026-07-09,-4.26,3.78,-4.26,-11.79,-23.05,-32.14
HEMIPROP,136.88,2026-07-09,-2.79,-1.18,-4.27,11.27,-1.5,1.15
PKTEA,763.7,2026-07-09,1.8,5.18,-4.3,-1.05,6.48,-2.45
VSTL,113.26,2026-07-09,-1.64,-1.74,-4.33,-0.81,-10.36,-37.26
HSCL,650.05,2026-07-09,-4.98,-3.77,-4.33,40.05,38.23,27.65
ADANIPOWER,216.32,2026-07-09,-1.61,-4.73,-4.34,25.53,52.68,79.62
PRIMESECU,281.1,2026-07-09,0.07,-2.88,-4.34,-3.04,-1.7,-3.67
JPOLYINVST,1066.4,2026-07-09,-2.98,-3.09,-4.36,-2.94,12.41,23.13
VOLTAMP,9567.0,2026-07-09,-2.84,-5.09,-4.37,5.38,31.7,-1.68
BENGALASM,6330.0,2026-07-09,1.97,1.15,-4.4,,,
SHOPERSTOP,337.5,2026-07-09,-5.05,-7.58,-4.4,12.5,-10.57,-35.05
IVP,163.17,2026-07-09,-13.98,1.0,-4.41,21.81,11.78,-12.72
MAANALU,120.84,2026-07-09,-1.62,-1.62,-4.41,-11.24,-17.68,0.95
PENTAGON,54.0,2026-07-08,-3.57,-5.18,-4.42,-16.86,-22.47,-11.48
PRITIKA,61.7,2026-07-08,0.0,-3.14,-4.42,18.77,-16.73,-27.41
CINEVISTA,15.48,2026-07-09,-2.89,-15.46,-4.44,8.94,-3.85,-15.55
UEL,126.49,2026-07-09,-1.22,-3.6,-4.46,-18.91,-1.52,28.48
ARCHIES,13.67,2026-07-09,-1.73,-3.6,-4.47,-6.37,-22.55,-38.06
RAJMET,3.63,2026-07-09,-1.63,-1.09,-4.47,-8.33,-15.58,-27.11
TATACOMM,1870.4,2026-07-09,-1.14,-6.17,-4.47,28.31,8.37,7.17
INNOVATIVE,73.5,2026-07-08,0.0,-3.92,-4.48,-28.81,-22.67,-21.18
FELIX,179.85,2026-07-08,-4.13,-1.91,-4.49,-2.89,-9.1,5.11
21STCENMGM,31.35,2026-07-09,1.16,-3.83,-4.51,5.38,-32.48,-49.42
DHRUV,26.27,2026-07-09,-0.11,-7.3,-4.51,-23.7,-40.2,-64.2
JAIPURKURT,28.0,2026-07-09,0.21,-0.67,-4.53,-7.38,-22.69,-34.91
TIRUMALCHM,166.01,2026-07-09,-8.02,3.95,-4.54,-9.44,-24.05,-43.57
SOLEX,1018.4,2026-07-09,-1.07,-7.56,-4.55,-14.3,-9.05,-15.07
AMRUTANJAN,535.55,2026-07-09,0.76,-0.8,-4.55,0.87,-14.22,-24.9
CURAA,75.0,2026-07-09,-4.74,-11.14,-4.56,-31.82,-30.34,-58.52
DHANUKA,1037.4,2026-07-09,-4.86,-1.68,-4.57,2.74,-4.95,-37.79
BHANDARI,2.92,2026-07-09,-2.99,-1.68,-4.58,-4.89,-26.82,-49.31
URBAN,125.5,2026-07-08,-1.38,1.41,-4.64,-13.92,-16.89,-17.43
INDOTHAI,216.6,2026-07-09,-10.02,-2.92,-4.64,-25.34,-14.3,15.94
VRLLOG,229.95,2026-07-09,-4.19,-1.97,-4.67,-11.1,-9.19,-21.3
COMFINTE,5.71,2026-07-09,-2.23,-2.06,-4.67,,,
NIMBSPROJ,200.0,2026-07-09,1.9,-2.43,-4.67,5.97,,
GOPAL,269.05,2026-07-09,-2.54,-2.68,-4.68,-0.05,-16.08,-24.64
QUICKHEAL,165.79,2026-07-09,-3.68,-4.89,-4.7,4.98,-32.18,-57.34
RSYSTEMS,235.69,2026-07-09,4.63,-1.34,-4.71,-12.39,-39.21,-46.65
ORKLAINDIA,590.85,2026-07-09,-2.14,-4.21,-4.72,-5.3,-2.31,
TCS,2049.5,2026-07-09,-0.39,-2.31,-4.72,-19.76,-34.07,-37.05
HSBCGOLD,125.29,2026-07-09,-0.63,2.04,-4.74,-3.0,,
KORE,130.0,2026-07-08,-4.06,-6.2,-4.76,30.65,-20.25,-7.01
SELMC,28.4,2026-07-09,-2.94,-2.84,-4.76,-12.45,-2.54,-17.68
SECL,3.0,2026-07-08,0.0,0.0,-4.76,-16.67,-26.83,-54.55
INFOLLION,170.0,2026-07-08,-1.36,-0.64,-4.76,-48.48,-55.26,-64.58
ORICONENT,54.89,2026-07-09,-3.16,-0.8,-4.77,-18.0,-10.88,21.67
FIDEL,143.8,2026-07-08,0.52,-7.2,-4.77,-0.14,10.19,-24.71
BSE,3805.7,2026-07-09,0.08,-1.4,-4.77,16.83,42.56,50.79
HILINFRA,45.21,2026-07-09,-2.65,-3.38,-4.78,-9.94,-22.64,
INOXWIND,82.01,2026-07-09,-5.68,-7.0,-4.79,-3.96,-27.93,-53.62
RAYMONDLSL,742.3,2026-07-09,-4.13,-5.64,-4.79,-5.16,-23.29,-43.73
SRTL,39.98,2026-07-09,1.32,-0.3,-4.79,-12.4,,
MURUDCERA,30.82,2026-07-09,-2.5,-4.17,-4.79,-1.28,-6.89,-32.68
AEROFLEX,405.25,2026-07-09,-11.7,-13.59,-4.8,47.65,120.98,106.14
JETFREIGHT,20.83,2026-07-09,-3.07,-4.1,-4.8,17.42,27.71,50.4
KRITI,69.54,2026-07-09,-1.95,0.74,-4.8,-14.4,-16.64,-59.31
DCMFINSERV,5.33,2026-07-09,0.57,-2.74,-4.82,-4.14,5.54,-20.33
AFCONS,300.3,2026-07-09,-4.42,-4.92,-4.82,-3.33,-17.28,-28.89
BORANA,305.1,2026-07-09,-0.2,-1.15,-4.82,-9.01,6.07,30.48
SUVIDHAA,2.56,2026-07-09,-1.92,-6.23,-4.83,-18.73,-26.65,-35.84
KCK,12.8,2026-07-08,-1.16,-2.66,-4.83,-9.86,-49.8,-71.01
SOLARINDS,17380.0,2026-07-09,-6.25,-2.35,-4.86,24.78,31.76,5.32
CADSYS,67.0,2026-07-08,0.0,-4.9,-4.9,49.72,41.95,1.28
WIPRO,172.76,2026-07-09,-0.89,-1.55,-4.9,-14.84,-32.35,-32.52
KARMAENG,39.92,2026-07-09,-4.15,-3.74,-4.91,-3.6,-14.81,-43.3
TRUST,30.0,2026-07-08,2.56,1.87,-4.91,-26.11,-37.69,-53.16
TCI,926.95,2026-07-09,-0.58,-0.92,-4.92,-8.01,-11.57,-20.14
AKI,4.64,2026-07-09,-1.9,-1.07,-4.92,-15.02,-26.0,-68.41
AUROIMPEX,27.05,2026-07-08,4.04,5.05,-4.92,-15.73,-28.15,-51.7
AIRAN,15.66,2026-07-09,-1.88,-3.93,-4.92,-5.55,-7.34,-48.03
HPL,344.85,2026-07-09,-1.7,-3.86,-4.95,7.5,-8.82,-41.22
GVPIL,860.7,2026-07-09,-6.18,-8.23,-4.95,95.77,177.51,164.18
MUKANDLTD,130.78,2026-07-09,-1.64,-0.25,-4.95,0.9,1.9,-7.21
BEARDSELL,27.84,2026-07-09,-5.18,-6.92,-4.98,14.9,-1.69,-6.35
VISAMAN,107.6,2026-07-08,0.0,0.0,-4.99,-12.98,-20.88,100.37
FILATFASH,0.19,2026-07-09,5.56,0.0,-5.0,-5.0,-36.67,-72.86
VERA,65.55,2026-07-08,0.0,-5.0,-5.0,-5.0,-6.22,-3.6
ARIS,109.83,2026-07-09,-3.92,-3.03,-5.0,-2.87,-4.93,-32.34
UNIONBANK,157.26,2026-07-09,-2.37,-7.25,-5.01,-12.34,-0.22,15.77
IWP,33.01,2026-07-09,0.64,-1.14,-5.01,,,
LAHOTIOV,42.85,2026-07-09,-0.56,-1.52,-5.03,,,
BBNPPGOLD,138.8,2026-07-09,-0.82,2.51,-5.03,-3.61,4.56,47.82
APCOTEXIND,506.4,2026-07-09,-0.87,2.0,-5.05,34.91,43.36,28.54
BBTCL,216.95,2026-07-09,-2.33,0.41,-5.05,22.24,13.62,31.53
INDUSTOWER,398.15,2026-07-09,3.0,0.89,-5.07,-9.19,-8.13,-1.73
NECLIFE,11.23,2026-07-09,-2.18,-3.77,-5.07,5.05,-38.13,-31.82
CUBEXTUB,81.23,2026-07-09,-0.73,-2.26,-5.07,-8.46,-23.3,-15.22
AMIABLE,72.95,2026-07-08,0.0,-14.13,-5.07,4.21,-10.49,-3.89
AFFORDABLE,169.72,2026-07-09,-4.91,1.09,-5.09,0.99,-12.45,-65.85
IRCON,129.34,2026-07-09,-3.66,-1.43,-5.1,-3.07,-20.39,-32.51
AJOONI,3.72,2026-07-09,-4.12,2.2,-5.1,-14.48,-11.43,-35.64
JSWDULUX,2912.2,2026-07-09,-9.01,-9.36,-5.11,-0.78,-5.63,-14.66
ZODIAC,266.4,2026-07-09,0.09,-3.37,-5.11,-1.04,-6.53,-43.6
KRIDHANINF,2.78,2026-07-09,-0.36,-2.46,-5.12,13.01,-31.86,-34.28
CESC,162.88,2026-07-09,-3.75,-0.97,-5.13,4.0,-1.57,-6.87
PROTEAN,579.65,2026-07-09,-4.58,-1.95,-5.13,12.76,-19.25,-28.19
RADAAN,2.95,2026-07-09,2.08,-2.96,-5.14,-6.94,-10.33,-32.65
APEX,388.75,2026-07-09,-2.16,-1.68,-5.14,-4.62,49.55,57.17
BMETRICS,35.0,2026-07-08,-4.89,-2.78,-5.15,-18.51,-15.87,-25.55
INDOAMIN,127.17,2026-07-09,-1.13,-3.7,-5.15,22.99,1.63,-23.54
TWCGOLDETF,142.93,2026-07-09,-0.74,1.76,-5.16,-3.75,,
MARSONS,116.8,2026-07-09,3.41,4.57,-5.16,-14.89,,
POLYCAB,9074.0,2026-07-09,-5.32,-7.21,-5.18,19.85,18.63,35.75
KEI,5007.5,2026-07-09,-4.64,-8.15,-5.18,13.37,15.82,35.72
HIRECT,1041.0,2026-07-09,-4.77,-7.88,-5.21,47.41,50.29,50.03
TATAPOWER,375.5,2026-07-09,-0.54,-2.85,-5.22,-4.27,3.57,-5.7
BASML,25.44,2026-07-09,-3.12,-7.36,-5.22,14.34,5.25,-23.7
OSWALSEEDS,10.51,2026-07-09,-3.13,-3.75,-5.23,-14.83,-30.35,-25.2
CMICABLES,2.9,2026-07-08,0.0,-4.92,-5.23,-11.04,-49.48,-6.45
ONESOURCE,1625.7,2026-07-09,-2.25,1.69,-5.23,18.17,-7.65,-19.54
DEVX,34.7,2026-07-09,-0.49,-2.2,-5.24,-4.3,-13.85,
INDGN,495.95,2026-07-09,0.36,-4.04,-5.24,1.16,-2.74,-13.62
MADHAVBAUG,177.0,2026-07-08,-2.75,0.91,-5.25,-16.51,-34.23,3.09
PRABHA,149.33,2026-07-09,1.23,-2.6,-5.25,-5.0,-12.85,-49.48
SCILAL,42.44,2026-07-09,-3.08,-3.44,-5.25,0.14,-8.2,-20.01
TFL,11.56,2026-07-09,-3.34,-3.67,-5.25,-6.7,-26.88,-39.73
MBLINFRA,26.0,2026-07-09,-2.88,0.0,-5.25,1.56,-8.39,-41.89
SAKHTISUG,16.62,2026-07-09,-3.26,-0.06,-5.25,1.16,-8.68,-36.22
INVENTURE,0.9,2026-07-09,-3.23,-3.23,-5.26,-17.43,-22.41,-47.67
PRECWIRE,389.25,2026-07-09,1.17,-2.92,-5.26,18.35,71.9,108.03
IVZINGOLD,125.0,2026-07-09,-0.4,1.96,-5.3,-99.03,-98.95,-98.51
GOYALALUM,6.61,2026-07-09,-4.06,-4.62,-5.3,-1.34,-29.53,-18.09
AXISGOLD,117.78,2026-07-08,-2.08,0.36,-5.34,-6.43,4.25,44.75
WEBELSOLAR,100.44,2026-07-09,-2.57,0.94,-5.35,28.42,20.39,-22.48
BESTAGRO,15.21,2026-07-09,-3.49,2.7,-5.35,-7.54,-47.67,-40.87
MEDPLUS,814.7,2026-07-09,-0.91,1.64,-5.38,-4.8,-0.35,-4.72
GOLDBND,143.35,2026-07-09,-0.81,1.7,-5.39,-3.69,,
EGOLD,143.15,2026-07-09,-0.69,2.1,-5.39,-3.93,4.6,47.58
MOTOGENFIN,28.38,2026-07-09,-2.0,-2.31,-5.4,26.25,26.25,4.72
VIVIANA,777.1,2026-07-09,-2.19,-5.25,-5.4,4.49,9.26,-35.64
VISHWARAJ,5.43,2026-07-09,-1.63,-0.37,-5.4,-0.37,-17.35,-44.36
VIKASLIFE,1.4,2026-07-09,-2.1,-2.1,-5.41,-12.5,-20.9,-45.31
ATAM,68.36,2026-07-09,-1.29,-1.44,-5.41,8.97,-16.78,-36.86
CHOICEGOLD,141.95,2026-07-09,-0.95,1.93,-5.42,-3.85,4.53,
QGOLDHALF,118.68,2026-07-09,-0.93,1.62,-5.43,-3.72,4.48,48.63
GOLD1,119.55,2026-07-09,-0.94,1.74,-5.43,-3.73,4.43,48.42
EXCELSOFT,78.48,2026-07-09,-3.3,4.14,-5.43,-7.0,-6.84,
DHARMAJ,259.35,2026-07-09,0.45,-0.67,-5.43,-3.31,10.35,-24.87
TATAGOLD,13.91,2026-07-09,-0.93,1.68,-5.44,-3.8,4.59,47.98
ABMINTLLTD,40.61,2026-07-08,-0.76,-3.17,-5.45,-8.82,2.6,-29.58
MEGATHERM,210.25,2026-07-08,-4.89,1.69,-5.46,-10.49,-0.64,-35.73
GOLDETF,139.08,2026-07-09,-1.5,1.93,-5.46,-3.81,4.55,47.83
PIONEEREMB,23.0,2026-07-09,-1.29,3.0,-5.47,-7.18,-16.67,-46.54
GOLDIETF,122.8,2026-07-09,-0.77,1.77,-5.47,-3.78,4.45,48.6
COCKERILL,9342.5,2026-07-09,4.78,6.89,-5.47,,,
MOGOLD,141.6,2026-07-09,-1.08,1.54,-5.47,-4.19,3.89,
GOLD360,139.4,2026-07-09,-1.13,1.31,-5.49,-3.8,2.92,46.74
RHFL,2.06,2026-07-09,-3.74,-2.83,-5.5,-11.59,-23.99,-60.54
MARALOVER,53.86,2026-07-09,0.39,-0.26,-5.51,25.26,30.82,-29.55
DONEAR,84.51,2026-07-09,-2.5,-2.88,-5.51,-5.92,-5.75,-23.84
GOLDADD,139.12,2026-07-09,-0.83,1.72,-5.52,-3.87,4.49,48.09
TRACXN,29.8,2026-07-09,0.24,-0.63,-5.52,-6.23,-22.23,-48.69
UNIONGOLD,140.0,2026-07-09,-0.81,2.23,-5.53,-3.85,4.01,47.29
LICMFGOLD,128.95,2026-07-09,-1.19,1.42,-5.53,-4.06,-98.96,-98.52
GOLDBETA,120.5,2026-07-09,-0.99,1.77,-5.53,-3.79,4.51,48.58
BSLGOLDETF,125.92,2026-07-09,-0.94,1.75,-5.54,-3.89,4.42,48.39
APS,288.0,2026-07-08,-5.37,-4.64,-5.54,-22.97,-17.51,-47.37
GOLDBEES,118.42,2026-07-09,-0.91,1.71,-5.56,-3.89,4.23,47.97
WEIZMANIND,79.32,2026-07-09,-3.17,-6.53,-5.56,-1.86,-15.72,-34.53
TREEHOUSE,6.61,2026-07-09,0.15,0.15,-5.57,-19.19,-17.89,-14.82
HONDAPOWER,2103.7,2026-07-09,-3.36,-3.42,-5.57,-1.19,-5.73,-27.37
JAYAGROGN,208.11,2026-07-09,-0.23,1.59,-5.57,9.74,5.78,-18.31
HDFCGOLD,122.26,2026-07-09,-1.08,1.6,-5.58,-3.96,4.37,48.01
SAURASHCEM,54.98,2026-07-09,-3.31,-3.73,-5.58,-4.65,-28.69,-38.98
AONEGOLD,13.36,2026-07-09,-1.11,1.67,-5.58,-3.75,4.62,
PRSMJOHNSN,111.95,2026-07-09,-3.07,-4.76,-5.59,-9.67,-14.52,-29.9
GROWWGOLD,13.99,2026-07-09,-0.85,1.6,-5.6,-3.91,-89.55,-85.24
TATASTEEL,187.91,2026-07-09,-1.55,-0.88,-5.61,-6.54,7.5,20.62
BIGBLOC,47.08,2026-07-09,-4.33,-5.0,-5.61,-1.47,-31.19,-25.92
JHS,7.57,2026-07-09,-1.3,1.34,-5.61,-13.09,-28.31,-41.0
GOLDCASE,22.51,2026-07-09,-0.97,1.67,-5.62,-3.93,4.41,47.99
SETFGOLD,122.11,2026-07-09,-0.95,1.4,-5.63,-3.88,4.32,48.03
JMA,88.59,2026-07-09,-2.1,-2.49,-5.65,8.21,18.48,-3.3
GKWLIMITED,1725.0,2026-07-09,1.21,-1.26,-5.67,10.72,1.46,-2.17
ORCHASP,1.83,2026-07-09,-2.14,-7.58,-5.67,-9.41,-35.11,-41.53
IMFA,1339.1,2026-07-09,-1.55,1.83,-5.67,-2.05,10.1,79.02
GLOBE,2.16,2026-07-09,-1.37,-2.26,-5.68,-12.55,-28.0,-11.11
EMAMIREAL,79.36,2026-07-09,-6.64,-6.4,-5.69,16.93,0.43,-26.38
SURANASOL,25.37,2026-07-09,-3.76,-5.76,-5.69,11.91,-4.26,-25.23
KCPSUGIND,21.87,2026-07-09,0.14,-0.95,-5.73,-10.07,-13.04,-38.34
GULFPETRO,37.95,2026-07-09,-1.79,-3.61,-5.74,16.91,11.49,-17.28
PURVFLEXI,49.9,2026-07-08,4.83,-0.2,-5.76,4.28,-28.56,-37.7
EASTSILK,50.6,2026-07-09,2.02,5.42,-5.77,-19.3,-32.13,2711.11
POWERINDIA,32610.0,2026-07-09,0.77,-6.76,-5.78,19.38,82.37,64.21
QUINTEGRA,1.3,2026-07-08,0.0,-1.52,-5.8,4.84,-7.8,-31.94
ASPIRE,13.75,2026-07-08,1.1,-9.24,-5.82,8.7,-15.9,-43.99
GVT&D,4643.4,2026-07-09,1.95,-6.32,-5.83,18.72,60.22,94.4
WAAREEENER,2863.4,2026-07-09,-0.45,-0.79,-5.83,-11.41,12.53,-8.16
TEAMGTY,228.66,2026-07-09,0.29,-4.69,-5.84,-12.05,-21.64,23.93
ORISSAMINE,3765.9,2026-07-09,-3.58,-2.45,-5.85,1.99,-21.87,-19.81
LTTS,3217.6,2026-07-09,1.77,2.81,-5.85,-2.38,-25.29,-24.25
UNIDT,228.84,2026-07-09,2.76,8.02,-5.87,12.8,15.19,1.09
ARENTERP,34.17,2026-07-09,0.35,-3.77,-5.87,-13.45,-22.48,-32.64
BHAGERIA,203.65,2026-07-09,-6.09,-2.18,-5.89,31.62,19.3,0.04
ORIENTPPR,16.63,2026-07-09,-1.77,-1.13,-5.89,-7.76,-26.25,-44.51
SHIVALIK,223.67,2026-07-09,-3.34,0.08,-5.9,-13.65,-35.76,-58.24
BIOFILCHEM,34.07,2026-07-09,0.77,-2.77,-5.91,2.68,5.38,-26.53
TRIGYN,50.99,2026-07-09,-0.02,0.37,-5.91,2.62,-19.36,-39.15
MEIL,297.45,2026-07-09,-3.71,-0.82,-5.91,18.79,-15.01,
PRAKASHSTL,4.13,2026-07-09,-2.36,-0.96,-5.92,-6.77,-19.18,-32.63
ONGC,243.65,2026-07-09,-0.1,4.1,-5.93,-15.58,6.53,5.54
PINELABS,143.29,2026-07-09,-5.11,-9.6,-5.95,-15.77,-35.76,
PRINCEPIPE,266.3,2026-07-09,-2.22,-6.66,-5.97,12.27,9.45,-26.71
ASHOKAMET,14.64,2026-07-09,-2.53,-2.72,-5.97,-5.18,-1.81,-12.96
CELLO,358.5,2026-07-09,-2.29,-4.16,-5.97,-13.57,-29.88,-43.42
PALASHSECU,90.22,2026-07-09,-5.75,-0.94,-5.99,-3.42,-11.05,-28.73
RAJSREESUG,31.4,2026-07-09,-0.73,0.61,-5.99,10.8,-2.09,-34.32
KRITIKA,5.62,2026-07-09,-1.92,-2.94,-6.02,-6.18,-21.4,-43.29
DATAPATTNS,4284.0,2026-07-09,-7.18,-4.21,-6.02,27.14,61.62,42.03
SIRCA,393.4,2026-07-09,-2.25,-3.2,-6.03,-7.12,-16.38,-5.49
KHAICHEM,51.7,2026-07-09,-2.91,-6.9,-6.05,-1.97,-26.23,-46.51
RAJOOENG,49.99,2026-07-09,-1.42,-5.54,-6.05,-18.49,-26.44,-58.52
KIRIINDUS,381.9,2026-07-09,-0.25,0.13,-6.05,-3.91,-23.06,-30.76
SANDHAR,665.95,2026-07-09,-3.12,-1.2,-6.06,37.39,20.35,28.39
SONAMLTD,53.06,2026-07-09,-0.93,3.13,-6.07,-1.92,32.42,8.84
OSWALGREEN,21.8,2026-07-09,-3.54,-3.58,-6.07,-19.88,-29.47,-52.47
LYPSAGEMS,4.63,2026-07-09,1.31,-2.94,-6.09,-12.48,-10.44,-39.95
TIINDIA,2916.2,2026-07-09,-2.98,-3.51,-6.1,6.3,19.01,0.86
FCL,37.43,2026-07-09,0.05,-2.17,-6.1,63.52,61.13,37.75
YASHOPTICS,117.05,2026-07-08,-4.06,-4.02,-6.1,1.56,-7.32,40.26
PRAENG,19.37,2026-07-09,-4.49,-5.47,-6.11,-15.71,-18.54,-13.64
DWARKESH,42.65,2026-07-09,-5.29,-1.93,-6.14,-4.46,19.74,-10.74
SALZERELEC,606.05,2026-07-09,-3.78,-3.55,-6.18,6.31,-4.56,-30.45
GUJAPOLLO,348.65,2026-07-09,-2.28,-3.19,-6.19,-19.8,-12.17,-7.61
BANKINDIA,138.53,2026-07-09,-0.91,-2.82,-6.22,-0.86,-2.03,23.42
SHRADHA,32.54,2026-07-09,-2.55,-4.15,-6.22,-8.05,-12.08,-54.23
PNBGILTS,87.33,2026-07-09,-2.57,-3.35,-6.23,26.58,10.94,-8.08
SYNGENE,415.4,2026-07-09,-3.45,-4.32,-6.24,5.97,-33.55,-34.83
HINDZINC,528.5,2026-07-09,-2.19,0.57,-6.24,-3.64,-11.26,26.62
NMDC,84.42,2026-07-09,-0.76,-1.21,-6.24,-0.02,8.08,29.9
KPEL,323.9,2026-07-09,-2.31,-4.55,-6.25,9.65,-1.75,-34.02
ANNAPURNA,128.25,2026-07-08,-3.35,-0.23,-6.25,-32.12,-36.37,-52.43
CANBK,124.8,2026-07-09,-1.31,-0.84,-6.25,-6.52,-14.36,13.12
GODAVARIB,265.95,2026-07-09,-0.84,-4.04,-6.26,-13.74,-2.69,-4.23
KESORAMIND,10.17,2026-07-09,-5.66,-10.4,-6.27,-6.95,-0.68,89.74
PLAZACABLE,44.85,2026-07-09,-1.64,-2.54,-6.27,21.91,13.06,-25.61
SUNFLAG,334.65,2026-07-09,-2.19,-1.85,-6.29,40.1,33.81,11.7
INDOUS,89.57,2026-07-09,1.99,-0.26,-6.29,-16.26,-21.79,-42.64
VIKASECO,1.19,2026-07-09,-0.83,-0.83,-6.3,-18.49,-26.54,-51.43
TIGERLOGS,33.26,2026-07-09,-3.54,-9.08,-6.31,15.33,0.6,
BGLOBAL,3.11,2026-07-08,0.0,-2.51,-6.33,15.61,-11.9,4.36
HINDCOPPER,486.45,2026-07-09,-1.65,-1.96,-6.38,-6.86,-6.45,84.98
GATECHDVR,0.44,2026-07-09,-4.35,0.0,-6.38,-2.22,-10.2,-22.81
PARAGMILK,227.87,2026-07-09,-2.48,-1.29,-6.38,12.94,-15.74,-3.47
CAPTRUST,12.9,2026-07-09,3.12,1.65,-6.39,-1.98,-0.92,-81.62
IL&FSTRANS,2.19,2026-07-09,2.82,-3.95,-6.41,3.3,-23.16,-45.39
JOCIL,144.05,2026-07-09,-3.27,-0.66,-6.46,27.49,2.89,-11.56
BHARATRAS,1317.1,2026-07-09,-1.27,-2.09,-6.46,-10.29,-37.48,-53.82
PROSTARM,131.41,2026-07-09,-2.43,-3.83,-6.46,-6.7,-22.11,-33.25
JSWENERGY,533.45,2026-07-09,-2.55,-9.01,-6.48,9.43,9.18,3.96
SHRIKRISH,40.17,2026-07-09,-8.68,-0.89,-6.49,,,
GICRE,362.7,2026-07-09,0.71,-0.37,-6.52,-6.77,-1.05,0.06
BLUECHIP,2.29,2026-07-08,0.0,-1.72,-6.53,-5.37,-24.42,-55.19
ADVAIT,2192.6,2026-07-09,0.59,-2.94,-6.55,21.2,,
EUROBOND,164.89,2026-07-09,-1.72,-1.38,-6.56,1.83,-5.15,-17.14
CRIZAC,198.33,2026-07-09,-0.45,0.3,-6.56,-6.02,-22.74,-33.41
SCI,277.65,2026-07-09,-5.48,-9.65,-6.56,16.23,31.0,30.48
EMKAY,265.1,2026-07-09,0.49,-3.3,-6.57,22.58,2.79,7.92
RTNPOWER,8.82,2026-07-09,-2.43,-2.11,-6.57,0.57,-2.33,-44.18
IGL,151.77,2026-07-09,-0.3,-8.27,-6.6,-2.15,-17.21,-29.9
TTML,40.49,2026-07-09,-4.17,-3.62,-6.6,0.2,-13.3,-37.44
TRANSWORLD,155.93,2026-07-09,-2.82,-4.76,-6.61,10.88,-10.5,-42.74
GUJTHEM,374.55,2026-07-09,-2.71,-2.51,-6.63,34.16,-4.17,7.67
VIPCLOTHNG,23.93,2026-07-09,-4.59,-4.13,-6.63,2.7,-22.15,-41.66
NDL,2.39,2026-07-09,-0.42,1.7,-6.64,-6.27,-18.43,-38.56
GMDCLTD,586.1,2026-07-09,-2.0,1.33,-6.64,-3.02,6.26,52.66
GTPL,59.23,2026-07-09,-2.53,-1.74,-6.64,-9.53,-38.98,-50.62
MRPL,149.68,2026-07-09,-0.64,0.33,-6.65,-15.07,9.8,4.16
GUJALKALI,590.85,2026-07-09,-2.48,-2.85,-6.7,-4.41,23.51,3.32
HMAAGRO,21.72,2026-07-09,-0.96,-0.91,-6.7,-1.09,-21.45,-28.1
MKPL,4.59,2026-07-09,-3.16,-3.57,-6.71,-9.47,-21.67,-37.47
NEPHROCARE,69.0,2026-07-08,-1.36,7.23,-6.76,-8.37,-38.06,-34.72
DYNPRO,232.2,2026-07-09,-1.0,0.04,-6.77,4.68,-4.74,-32.13
VRAJ,113.14,2026-07-09,-1.58,-3.15,-6.77,-8.39,-15.67,-34.3
VILINBIO,45.4,2026-07-08,-7.35,13.36,-6.78,19.63,79.8,76.31
MONOPHARMA,11.0,2026-07-08,-1.79,-0.9,-6.78,-8.71,-20.29,-54.64
WSI,63.68,2026-07-09,-1.23,-4.05,-6.78,-14.96,-26.6,-33.32
DOLLEX,29.45,2026-07-08,-1.17,-2.16,-6.8,-6.95,-24.78,-30.54
NELCAST,133.86,2026-07-09,-5.23,-1.69,-6.8,9.12,38.09,-4.84
ATGL,700.65,2026-07-09,-3.26,-4.24,-6.81,27.46,25.94,7.68
BAWEJA,28.0,2026-07-08,0.18,-6.35,-6.82,7.07,-35.26,-45.1
QUINT,39.49,2026-07-09,-0.13,-2.54,-6.86,,,
STYLEBAAZA,305.55,2026-07-09,-4.1,14.89,-6.86,6.46,27.71,5.34
A2ZINFRA,13.56,2026-07-09,-1.09,-1.38,-6.87,-21.3,-8.44,-31.65
UNITECH,4.6,2026-07-09,-2.54,-2.54,-6.88,-5.54,-16.06,-43.28
SANDUMA,203.46,2026-07-09,-3.56,-2.16,-6.92,3.32,-9.48,27.41
MITTAL,0.94,2026-07-09,-1.05,0.0,-6.93,-4.08,-6.93,-45.66
ANTELOPUS,794.45,2026-07-09,-2.6,-1.79,-6.96,25.75,118.62,17.83
HCL-INSYS,11.9,2026-07-09,-1.33,-2.7,-6.96,-3.02,-12.31,-27.84
MTARTECH,6938.5,2026-07-09,-1.54,-8.44,-6.97,66.85,157.97,340.26
GRAPHISAD,28.0,2026-07-08,-2.44,0.0,-6.98,-17.89,-39.98,-30.0
ABSMARINE,227.1,2026-07-08,-3.38,-3.91,-6.98,11.32,22.16,6.59
LGHL,216.72,2026-07-09,-1.87,-2.38,-7.01,-9.33,-27.4,-37.19
VHLTD,128.39,2026-07-09,0.15,-2.29,-7.04,-5.5,-9.27,31.93
APOLSINHOT,1210.0,2026-07-09,-2.28,-3.52,-7.04,15.61,-4.84,-14.27
HPIL,123.06,2026-07-09,-3.04,-2.33,-7.05,-1.91,-8.72,-14.96
SARDAEN,495.35,2026-07-09,-1.88,-2.01,-7.06,-9.38,3.68,14.63
GODFRYPHLP,2103.0,2026-07-09,-1.87,-4.12,-7.08,3.35,1.13,-24.97
ATUL,6183.0,2026-07-09,-4.29,-6.44,-7.08,-4.24,1.79,-18.05
BBL,2649.2,2026-07-09,-1.76,-4.86,-7.09,10.24,-8.05,-13.65
ELIN,99.76,2026-07-09,-0.4,1.35,-7.1,-14.13,-33.4,-42.66
SUPREMEIND,3228.4,2026-07-09,-0.17,1.08,-7.1,-13.8,-7.0,-22.27
GANESHCP,190.02,2026-07-09,-2.88,-1.82,-7.11,-2.84,-6.89,
UNITEDTEA,478.05,2026-07-09,-0.65,1.36,-7.15,-6.29,1.42,9.13
JAINREC,342.3,2026-07-09,-2.76,-0.47,-7.16,-18.98,-13.53,
PTCIL,17354.0,2026-07-09,-2.65,0.94,-7.16,12.43,-2.2,18.81
ASHAPURMIN,637.1,2026-07-09,-1.29,-5.2,-7.17,23.29,-26.52,41.46
FIRSTCRY,203.44,2026-07-09,-5.92,-8.1,-7.18,-16.22,-27.1,-46.95
BANSWRAS,120.77,2026-07-09,-7.54,-8.36,-7.19,13.39,12.38,-19.29
LATTEYS,20.88,2026-07-09,-0.29,-0.62,-7.2,-4.09,-4.0,-8.42
MAHASTEEL,831.25,2026-07-09,6.91,1.81,-7.22,-12.0,-6.25,139.9
PFC,404.1,2026-07-09,-4.04,-4.79,-7.23,-5.6,14.61,0.36
USK,22.59,2026-07-09,-3.71,-2.12,-7.23,3.34,-0.96,-38.11
RANASUG,11.91,2026-07-09,-2.3,-3.41,-7.24,-7.6,-1.0,-25.09
LUXIND,1222.2,2026-07-09,-4.7,-0.05,-7.25,-0.82,19.89,-17.43
TARMAT,48.17,2026-07-09,-3.1,-3.89,-7.26,-12.53,-1.33,-10.93
AHLADA,38.01,2026-07-09,-3.13,-3.92,-7.27,-13.4,-30.06,-42.81
ZEEL,99.79,2026-07-09,-2.02,-7.02,-7.28,26.0,9.65,-28.14
MAHAPEXLTD,43.59,2026-07-09,-6.72,-7.28,-7.29,-8.41,-56.42,-60.7
VARDMNPOLY,6.74,2026-07-09,-0.88,-0.44,-7.29,-10.61,24.58,-41.14
TIPSFILMS,329.85,2026-07-09,-0.95,-0.12,-7.29,1.87,-20.29,-46.31
MOIL,270.5,2026-07-09,-3.29,-3.41,-7.3,-9.94,-18.81,-25.44
ISHANCH,54.97,2026-07-09,-2.93,-4.96,-7.33,0.71,-11.37,-2.55
ZENITHSTL,5.55,2026-07-09,-1.94,-0.36,-7.35,3.54,-22.16,-28.29
DREDGECORP,1056.2,2026-07-09,-1.74,-1.02,-7.38,20.13,10.16,52.45
BAJEL,185.68,2026-07-09,-1.38,-3.48,-7.39,15.34,9.48,-26.05
NTPCGREEN,92.99,2026-07-09,-2.15,-1.57,-7.39,-3.29,2.46,-13.39
KSR,30.22,2026-07-09,-7.27,-2.86,-7.39,-12.41,15.61,
DURLAX,49.4,2026-07-08,-5.0,1.54,-7.4,2.49,19.47,24.75
GOLDSTAR,7.5,2026-07-08,-7.41,-8.54,-7.41,17.19,15.38,-21.47
UPL,581.85,2026-07-09,-4.4,2.37,-7.41,-9.37,-24.6,-11.67
INDIANB,793.15,2026-07-09,0.79,-2.65,-7.42,-13.99,-2.74,26.81
V2RETAIL,221.13,2026-07-09,-3.98,-3.08,-7.43,13.82,0.5,12.67
PODDARMENT,239.11,2026-07-09,-0.99,-0.66,-7.47,4.45,-7.48,-20.9
NLCINDIA,303.25,2026-07-09,-1.53,-7.48,-7.48,12.82,21.86,37.04
GMRP&UI,99.04,2026-07-09,-1.14,-0.02,-7.58,-3.05,-2.24,-14.09
MCL,54.57,2026-07-09,-1.76,-2.74,-7.62,-14.25,-26.85,0.83
NBCC,97.75,2026-07-09,-1.83,-6.32,-7.63,11.29,-10.37,-14.1
SVLL,700.75,2026-07-09,1.4,-1.6,-7.65,20.76,3.59,0.99
MAHKTECH,21.99,2026-07-09,0.78,0.96,-7.68,-1.48,-16.96,0.64
GATECH,0.48,2026-07-09,0.0,-2.04,-7.69,-2.04,-9.43,-41.46
TEGA,1660.7,2026-07-09,-0.26,-2.59,-7.7,-3.03,-11.81,-4.68
ATMASTCO,156.45,2026-07-08,-1.94,-8.27,-7.7,4.09,15.25,-29.24
TUNWAL,26.35,2026-07-08,-2.77,-1.68,-7.71,-20.27,-19.91,-15.26
VEEKAYEM,127.35,2026-07-08,-2.04,4.56,-7.72,-1.66,-4.25,-49.02
DUCOL,105.5,2026-07-08,-6.22,-0.47,-7.78,-15.53,-33.23,-15.53
GANGAFORGE,2.13,2026-07-09,-15.81,11.73,-7.79,-20.82,-37.72,-45.1
ASHIMASYN,14.91,2026-07-09,3.33,0.54,-7.79,0.61,-15.43,-47.33
BHARATCOAL,37.25,2026-07-09,-2.84,-5.62,-7.8,13.98,,
RUCHINFRA,5.78,2026-07-09,-5.09,-6.47,-7.81,-7.67,-5.4,-26.18
BTML,6.0,2026-07-09,-2.28,-1.32,-7.83,-9.09,-25.65,-29.16
COFFEEDAY,32.04,2026-07-09,-1.42,-2.35,-7.83,26.24,-4.73,-6.72
BCPL,71.67,2026-07-09,-1.53,-2.42,-7.84,6.66,,
KAKATCEM,113.7,2026-07-09,-3.89,-4.84,-7.86,13.11,-6.44,-27.88
NKIND,59.15,2026-07-09,-5.48,-4.6,-7.87,-6.47,-7.29,-13.76
AXISILVER,218.73,2026-07-08,-4.41,1.06,-7.91,-8.83,-6.11,102.28
COALINDIA,429.9,2026-07-09,-0.57,-3.36,-7.92,-5.33,4.12,18.76
DRSDILIP,110.0,2026-07-08,0.0,0.0,-7.95,-7.95,99.64,12.24
WOMANCART,105.65,2026-07-08,-2.45,-1.68,-7.97,-42.57,-57.9,-53.14
AJAXENGG,535.4,2026-07-09,-0.23,-1.11,-7.99,15.04,-8.04,-23.39
DUGLOBAL,30.45,2026-07-08,-3.18,-15.88,-8.01,-13.0,-3.33,-33.88
PAKKA,74.5,2026-07-09,-4.03,-6.92,-8.02,-18.85,-25.09,-62.25
KALAMANDIR,100.04,2026-07-09,-3.97,-9.95,-8.07,6.13,-18.92,-34.64
SILVERBND,223.6,2026-07-09,-3.16,2.46,-8.09,-4.71,,
SILVERBETA,215.14,2026-07-09,-3.23,2.12,-8.1,-4.78,-7.63,105.31
SBISILVER,218.29,2026-07-09,-3.3,2.41,-8.1,-4.74,-7.5,105.2
TATSILV,21.64,2026-07-09,-3.22,2.37,-8.11,-4.8,-7.36,106.1
SILVER,222.3,2026-07-09,-3.34,2.18,-8.12,-4.78,-7.32,105.57
ESILVER,222.21,2026-07-09,-3.15,2.17,-8.12,-4.95,-7.77,104.92
SILVERADD,214.64,2026-07-09,-3.24,2.4,-8.14,-4.76,-7.7,106.01
IGIL,341.75,2026-07-09,-3.98,-2.44,-8.14,1.41,11.09,-11.11
MITCON,75.67,2026-07-09,-0.88,-8.06,-8.15,7.81,16.33,-9.18
GROWWSLVR,21.82,2026-07-09,-3.28,2.39,-8.16,-4.76,-90.75,-79.55
VINDHYATEL,1960.6,2026-07-09,-1.16,-4.94,-8.16,69.24,45.3,16.55
MOSILVER,219.78,2026-07-09,-3.47,2.23,-8.16,-4.98,-7.78,
TPHQ,0.45,2026-07-09,-8.16,-6.25,-8.16,-25.0,-29.69,-47.06
HDFCSILVER,213.14,2026-07-09,-3.36,2.32,-8.17,-4.8,-7.84,105.06
SILVERBEES,212.95,2026-07-09,-3.36,2.37,-8.17,-4.86,-7.56,105.57
SILVERIETF,222.25,2026-07-09,-3.38,2.48,-8.19,-4.93,-7.55,106.26
SILVER360,218.98,2026-07-09,-3.36,2.05,-8.19,-5.26,-7.23,105.25
BLUECOAST,27.53,2026-07-09,-3.94,-2.24,-8.2,18.51,-15.0,-0.25
RUCHIRA,103.27,2026-07-09,0.17,-5.95,-8.2,-5.7,-12.19,-24.43
SILVERAG,216.75,2026-07-09,-3.27,2.23,-8.22,-4.88,-7.26,105.66
IRFC,88.12,2026-07-09,-2.35,-2.75,-8.22,-10.53,-26.55,-34.73
AMBALALSA,31.24,2026-07-09,-2.77,-0.54,-8.28,,,
SHRITECH,63.65,2026-07-08,0.0,-2.08,-8.29,2.66,9.84,-31.26
OBCL,53.84,2026-07-09,-2.71,-3.43,-8.3,-2.69,-2.34,-0.48
INDIFRA,12.15,2026-07-08,0.0,-3.95,-8.3,-5.45,-21.61,-42.42
AONESILVER,8.51,2026-07-09,-3.41,2.16,-8.3,-5.02,,
NARMADA,34.63,2026-07-09,-4.34,-13.34,-8.31,1.2,32.58,94.55
BIRLACABLE,186.76,2026-07-09,-1.28,-7.11,-8.32,46.52,40.88,5.56
KIOCL,377.05,2026-07-09,-2.58,-3.58,-8.32,7.22,2.93,29.88
SILVER1,21.59,2026-07-09,-3.57,2.27,-8.32,-4.76,-90.77,-77.4
SITINET,0.33,2026-07-09,0.0,-2.94,-8.33,0.0,-13.16,-34.0
SILVERCASE,22.55,2026-07-09,-3.47,2.22,-8.33,-5.17,-7.58,105.25
ISHAN,0.55,2026-07-08,0.0,-8.33,-8.33,-21.43,-31.25,-45.0
BSHSL,88.0,2026-07-09,-4.05,-4.6,-8.33,-9.3,-11.8,-37.28
ENIL,105.5,2026-07-09,-1.81,-0.49,-8.36,-1.04,-11.07,-28.1
UMAEXPORTS,21.01,2026-07-09,-3.62,-6.16,-8.37,-25.2,-42.12,-59.64
STLNETWORK,25.39,2026-07-09,-1.63,-6.89,-8.37,28.1,19.15,
GENUSPAPER,11.28,2026-07-09,-3.51,-5.84,-8.37,-4.73,-11.94,-43.17
DRL,10.85,2026-07-08,4.83,-7.66,-8.44,-12.15,-45.48,-64.43
SHERA,145.55,2026-07-08,-5.49,-11.11,-8.46,20.79,10.27,1.43
JPPOWER,17.0,2026-07-09,-3.9,-4.55,-8.5,1.13,0.89,-24.01
KALPATARU,287.65,2026-07-09,-6.79,-5.47,-8.52,-3.7,-18.15,-33.36
ACL,49.39,2026-07-09,-1.06,-6.37,-8.52,-9.59,-31.69,-25.73
CHENNPETRO,1121.7,2026-07-09,0.12,-2.78,-8.54,14.07,44.45,54.2
BFUTILITIE,559.25,2026-07-09,-2.31,-7.58,-8.63,27.92,-11.4,-32.03
PANACEABIO,555.2,2026-07-09,3.85,0.26,-8.65,72.48,36.68,32.57
ESFL,112.65,2026-07-08,-2.89,-2.47,-8.75,-19.85,-23.91,-74.92
NILAINFRA,7.29,2026-07-09,-5.08,-3.19,-8.76,-13.32,-21.61,-42.19
DENTALKART,380.0,2026-07-08,2.47,0.3,-8.76,-4.04,-31.05,-38.01
GPIL,250.8,2026-07-09,-2.45,-4.27,-8.78,-12.05,-2.94,38.4
EFACTOR,160.95,2026-07-08,-5.68,-7.55,-8.81,-26.84,-49.31,-30.91
AHLEAST,141.62,2026-07-09,-2.34,-3.42,-8.81,-13.13,1.3,-13.69
RKEC,27.34,2026-07-09,-7.35,2.63,-8.84,-28.34,-48.88,-64.58
AKSHOPTFBR,6.35,2026-07-09,-1.85,-10.94,-8.9,21.41,3.25,-28.41
NORBTEAEXP,70.6,2026-07-09,-2.93,0.14,-8.91,-17.42,-25.61,99.89
RSWM,194.31,2026-07-09,-1.34,1.26,-8.95,37.84,42.73,10.95
NATIONALUM,349.5,2026-07-09,-0.44,0.6,-8.96,-14.82,2.18,96.15
KEEPLEARN,1.83,2026-07-09,-3.68,-4.69,-8.96,-6.63,-24.38,-43.34
ORTINGLOBE,16.32,2026-07-09,-4.0,-8.06,-8.98,5.97,23.92,38.78
JYOTISTRUC,11.73,2026-07-09,-0.09,1.82,-9.0,1.56,29.9,-40.43
SOTAC,101.0,2026-07-08,0.0,-3.81,-9.01,-0.98,-13.68,-22.15
LUMAXTECH,1495.4,2026-07-09,-1.38,-0.52,-9.01,-13.34,-2.32,33.85
NRAIL,414.15,2026-07-09,0.01,-4.41,-9.01,-1.98,-7.68,13.9
MIDHANI,409.75,2026-07-09,-5.87,-1.17,-9.02,27.87,18.14,-2.6
GOKULAGRO,212.8,2026-07-09,3.3,0.08,-9.02,6.46,28.02,36.48
SECURKLOUD,18.64,2026-07-09,4.37,-1.89,-9.03,-27.78,-24.63,-20.14
INFY,1050.8,2026-07-09,0.83,1.36,-9.05,-19.38,-33.49,-33.28
TIMKEN,3217.7,2026-07-09,-3.85,-7.83,-9.06,-6.83,9.24,-3.28
TECILCHEM,10.0,2026-07-09,0.2,-5.48,-9.09,-16.53,-40.69,-38.42
TRITURBINE,612.0,2026-07-09,-5.76,-10.97,-9.09,34.54,18.71,-4.06
SHIVAMILLS,60.78,2026-07-09,-1.97,1.96,-9.12,18.5,8.19,-23.73
UNITEDPOLY,30.89,2026-07-09,-3.35,-3.89,-9.12,17.23,24.66,47.31
VBL,481.4,2026-07-09,-2.72,-4.5,-9.13,13.94,-1.34,3.69
ALKALI,81.64,2026-07-09,-4.58,-2.69,-9.14,26.77,5.67,-15.91
SUPRIYA,874.9,2026-07-09,1.12,-9.87,-9.14,39.19,18.76,23.55
RAJVIR,6.55,2026-07-08,0.0,-4.52,-9.28,-14.38,-22.49,-37.62
CTE,29.33,2026-07-09,-5.84,-5.45,-9.28,0.89,-19.71,-38.43
RCOM,0.88,2026-07-09,-1.12,1.15,-9.28,-10.2,-17.76,-40.94
THOMASCOOK,102.3,2026-07-09,-4.25,-5.84,-9.34,0.18,-26.07,-38.36
GSPCROP,394.7,2026-07-09,-2.27,1.91,-9.37,1.98,,
PIIND,2597.5,2026-07-09,-2.95,1.47,-9.38,-9.83,-18.73,-37.43
ARSHIYA,1.06,2026-07-09,-1.85,-1.85,-9.4,-15.87,-15.2,-57.77
APTECHT,99.81,2026-07-09,-4.19,-3.47,-9.41,25.34,15.83,-30.34
SUNDARAM,1.25,2026-07-09,-3.1,-6.02,-9.42,-11.35,-27.33,-43.18
CELLPOINT,14.25,2026-07-08,-7.17,-5.0,-9.52,-8.36,-12.04,-24.2
CONTI,11.35,2026-07-08,-3.81,-7.72,-9.56,-13.03,-46.21,-61.91
STLTECH,554.35,2026-07-09,-5.26,-11.24,-9.57,151.34,490.05,400.36
GPECO,419.5,2026-07-08,-3.32,-3.42,-9.58,13.78,1.55,-18.23
FLAIR,262.05,2026-07-09,0.38,-0.91,-9.58,-14.07,-17.33,-6.33
TEXMOPIPES,43.2,2026-07-09,-2.02,-6.35,-9.6,2.08,-8.98,-31.1
RCDL,24.3,2026-07-08,-7.25,-5.26,-9.67,8.0,26.89,16.95
PRAKASH,128.22,2026-07-09,-3.62,-8.24,-9.72,-3.43,-6.44,-19.28
GOLDKART,136.9,2026-07-08,0.0,0.0,-9.73,-44.12,-47.33,-35.73
UNIVCABLES,1104.0,2026-07-09,-3.26,-9.77,-9.76,47.79,31.26,40.58
EMUDHRA,434.95,2026-07-09,-0.31,-1.73,-9.77,-8.4,-20.68,-43.96
SONUINFRA,41.4,2026-07-08,-3.16,-24.73,-9.8,-11.54,-48.25,-68.15
SDBL,67.08,2026-07-09,-1.84,-0.22,-9.83,-11.5,-33.81,-57.25
INSECTICID,653.5,2026-07-09,-1.4,0.33,-9.84,1.97,-0.6,-30.48
XELPMOC,83.62,2026-07-09,-1.09,-1.62,-9.88,-19.12,-34.14,-9.77
MOXSH,108.0,2026-07-08,-6.9,-9.62,-9.89,-19.31,25.58,220.95
JWL,251.25,2026-07-09,-2.67,-6.63,-9.9,-6.57,-14.44,-33.09
EFORCE,21.8,2026-07-08,4.56,0.93,-9.92,-20.87,-35.69,-56.87
IMPEXFERRO,2.18,2026-07-08,0.0,-4.8,-9.92,40.65,23.16,0.46
VCL,1.27,2026-07-09,-4.51,-5.93,-9.93,-19.62,-46.41,47.67
MEDICO,39.09,2026-07-09,-2.57,-2.93,-9.97,2.63,-18.48,-6.84
NAGREEKEXP,23.96,2026-07-09,-3.35,-8.34,-10.03,1.48,-5.18,-16.86
SGL,9.78,2026-07-09,0.2,-2.3,-10.03,-20.42,-21.7,-37.79
PTC,168.02,2026-07-09,-3.86,-7.63,-10.15,0.85,7.3,-2.23
GREENPOWER,10.11,2026-07-09,-1.17,-3.07,-10.21,3.06,-9.81,-31.41
MHHL,30.7,2026-07-08,-4.66,-13.15,-10.23,-21.88,-19.32,-48.4
SRPL,0.35,2026-07-08,0.0,-2.78,-10.26,-22.22,-46.15,-39.66
HRHNEXT,26.2,2026-07-08,-0.19,-2.06,-10.27,-0.19,-25.14,-33.16
JSWHL,11125.0,2026-07-09,-8.47,-7.45,-10.32,-14.08,-40.52,-49.71
ISFT,76.25,2026-07-09,-2.57,-3.89,-10.36,11.62,-19.7,-31.95
MAITREYA,140.9,2026-07-08,5.94,1.08,-10.37,-23.07,-33.51,-46.02
CHEMFAB,363.0,2026-07-09,-2.48,-2.35,-10.37,-1.26,-13.69,-53.29
VERTOZ,38.25,2026-07-09,-1.24,-1.97,-10.38,-6.04,-44.03,-58.19
SALASAR,6.11,2026-07-09,-0.33,0.33,-10.41,-13.7,-30.73,-20.85
URJA,9.46,2026-07-09,-2.67,-0.32,-10.42,-3.96,-13.13,-38.05
JINDALSTEL,1029.8,2026-07-09,-2.8,-3.59,-10.44,-14.15,1.93,9.21
AGIIL,334.3,2026-07-09,-6.1,-8.72,-10.45,-7.58,15.59,64.41
HARIOMPIPE,382.85,2026-07-09,-2.71,-1.8,-10.45,39.52,-4.49,-17.93
VIKRAMSOLR,193.26,2026-07-09,3.95,3.52,-10.46,-3.3,-14.52,
SAHAJSOLAR,120.85,2026-07-08,-6.1,-8.45,-10.48,-5.99,-23.9,-53.39
LEXUS,13.92,2026-07-09,-5.24,9.18,-10.48,-37.72,-47.25,-57.63
TTL,6.74,2026-07-09,0.45,-1.03,-10.49,-20.98,-14.68,-49.81
AVANTIFEED,919.25,2026-07-09,-2.98,-1.67,-10.49,-28.52,14.34,28.78
SEAMECLTD,1443.6,2026-07-09,-0.74,-0.5,-10.49,-4.47,34.87,70.05
HINDALCO,963.45,2026-07-09,-1.73,-0.04,-10.52,-2.25,6.94,44.0
DIL,0.85,2026-07-08,0.0,-4.49,-10.53,-17.48,-49.4,-63.36
NATCAPSUQ,142.11,2026-07-09,-4.34,-6.24,-10.54,-7.89,-26.29,-35.64
AILIMITED,33.9,2026-07-08,-0.29,-1.17,-10.55,3.83,1.35,-50.87
IEML,42.2,2026-07-08,-1.86,-8.86,-10.59,-50.38,-53.11,-71.61
SADBHAV,8.27,2026-07-09,-5.49,-4.94,-10.59,-12.76,-6.24,-31.2
TCC,329.5,2026-07-09,-4.16,2.89,-10.61,-8.84,,
AAKASH,8.83,2026-07-09,1.03,1.38,-10.63,9.01,4.13,-14.44
BANKBARODA,244.6,2026-07-09,-2.14,-10.34,-10.65,-7.92,-16.01,4.72
NEPHROPLUS,633.4,2026-07-09,-6.29,-3.77,-10.69,14.68,27.68,
INFOBEAN,155.85,2026-07-09,-5.07,-0.59,-10.72,-1.04,-30.46,66.85
BAJAJHIND,17.24,2026-07-09,-3.31,-4.28,-10.72,-1.32,-1.77,-39.21
RPOWER,24.79,2026-07-09,-1.78,2.69,-10.76,0.69,-26.83,-61.45
CRAYONS,27.7,2026-07-08,0.73,0.73,-10.79,-30.05,-24.32,-47.93
SAIL,165.9,2026-07-09,-1.97,-5.32,-10.8,1.56,13.89,25.47
APCL,104.01,2026-07-09,-1.52,-2.91,-10.82,-10.07,-17.49,-30.2
REPL,65.47,2026-07-09,-2.25,-1.8,-10.83,-20.22,-41.11,-62.04
INSPIRISYS,103.16,2026-07-09,-0.85,-2.3,-10.86,23.34,21.78,-2.0
SAMMAANCAP,161.03,2026-07-09,-8.84,-3.94,-10.86,4.87,11.39,25.9
MUKTAARTS,54.38,2026-07-09,-1.13,-8.45,-10.88,11.82,-18.67,-34.87
BAGFILMS,4.42,2026-07-09,-2.0,-1.78,-10.89,-14.34,-28.59,-40.99
PRAMARA,131.6,2026-07-08,-1.2,0.53,-10.9,-62.27,-61.89,-31.87
SJLOGISTIC,331.0,2026-07-08,-2.5,0.09,-10.9,7.12,-5.1,-28.66
BCLIND,33.97,2026-07-09,-5.14,0.5,-10.93,6.19,12.3,-18.04
KLL,31.7,2026-07-08,0.48,-4.23,-10.96,-20.25,-37.6,-61.71
DCMNVL,147.77,2026-07-09,-3.7,0.05,-10.98,30.45,13.17,-18.06
SADBHIN,2.75,2026-07-09,-0.36,2.61,-11.0,4.96,-23.61,-43.76
IDEAFORGE,857.9,2026-07-09,0.46,5.79,-11.09,99.58,80.8,45.73
OIL,423.05,2026-07-09,-0.59,2.5,-11.11,-10.13,2.25,-2.42
MODISONLTD,290.95,2026-07-09,-1.72,-5.58,-11.13,115.12,91.08,82.87
CEREBRAINT,3.19,2026-07-09,3.91,-9.63,-11.14,-35.16,-51.96,-58.84
BLS,234.6,2026-07-09,-6.16,-8.09,-11.15,-18.23,-21.76,-36.82
DHANLAXMI,25.5,2026-07-08,-1.54,-15.0,-11.15,-5.2,-19.05,-49.0
CHEMCON,182.91,2026-07-09,-0.41,-3.22,-11.18,27.21,-0.36,-4.1
BALPHARMA,77.85,2026-07-09,1.3,-1.85,-11.32,1.5,7.47,-21.04
MARCO,29.2,2026-07-08,-6.56,-4.42,-11.38,-23.36,-21.08,-29.81
KRITINUT,76.66,2026-07-09,-6.74,-7.74,-11.4,15.23,5.55,-30.98
VEDL,271.35,2026-07-09,-3.78,-4.64,-11.4,-63.18,-54.76,-35.1
TDPOWERSYS,1090.0,2026-07-09,-7.17,-11.6,-11.45,24.22,62.18,120.52
SAKUMA,1.7,2026-07-09,-4.49,-8.6,-11.46,-16.67,-19.05,-42.57
ICDSLTD,40.0,2026-07-09,0.0,-2.58,-11.47,-7.24,-0.67,-22.38
FOCUS,82.55,2026-07-09,-0.9,-8.29,-11.5,24.91,12.88,-22.3
DCG,50.0,2026-07-08,-0.4,-8.42,-11.5,-20.38,-20.57,-25.09
ANLON,616.4,2026-07-08,-4.14,-8.68,-11.54,62.1,57.04,39.95
SOUTHWEST,230.07,2026-07-09,4.75,6.24,-11.56,0.13,27.01,60.62
S&SPOWER,360.95,2026-07-09,-3.06,-2.64,-11.64,10.75,22.61,-7.69
ABAN,13.56,2026-07-09,-14.23,2.88,-11.66,-35.52,-27.29,-74.62
STUDDS,460.15,2026-07-09,-0.67,-2.37,-11.67,2.54,-12.69,
COMPINFO,1.21,2026-07-09,-5.47,-3.97,-11.68,6.14,-22.93,-43.72
WELSPLSOL,52.31,2026-07-09,-0.23,-9.14,-11.71,,,
SADHAV,110.1,2026-07-08,-4.14,-2.13,-11.78,-1.7,8.58,4.26
RBMINFRA,284.6,2026-07-08,4.92,3.47,-11.83,-24.56,-33.08,-37.5
VERITAAS,40.15,2026-07-08,0.0,8.37,-11.95,-16.0,-32.63,-38.42
FALCONTECH,11.75,2026-07-08,2.17,3.98,-11.99,-5.62,-21.4,-44.71
LIBAS,10.61,2026-07-09,-4.59,-8.3,-12.02,-2.3,-1.3,-24.91
VIVIMEDLAB,5.41,2026-07-09,-5.09,-9.68,-12.03,-22.82,-48.53,9.29
ATLANTAELE,1663.0,2026-07-09,-1.85,-7.02,-12.04,30.17,102.11,
UMA,17.15,2026-07-08,-4.72,-6.79,-12.05,0.29,-16.95,-35.16
RAMKY,387.25,2026-07-09,-3.47,-2.94,-12.08,-18.45,-24.07,-35.76
RHETAN,26.73,2026-07-09,-1.73,1.44,-12.19,6.83,5.78,
BCG,9.42,2026-07-09,-3.98,-4.17,-12.21,-2.08,-5.89,-8.1
RTNINDIA,32.79,2026-07-09,-1.59,-0.27,-12.26,1.93,-15.6,-49.55
MANINFRA,100.79,2026-07-09,-3.05,-3.68,-12.38,10.01,-15.66,-45.03
HDIL,1.69,2026-07-09,-2.31,-4.52,-12.44,-17.56,-23.53,-46.69
CMSINFO,257.9,2026-07-09,-4.39,-12.35,-12.46,-11.68,-22.17,-50.0
LANDSMILL,0.77,2026-07-09,-2.53,-8.33,-12.5,-24.51,-39.84,-14.44
DEEPINDS,454.15,2026-07-09,-0.49,-1.72,-12.55,2.94,12.86,2.68
ALLCARGO,7.87,2026-07-09,-3.32,-2.72,-12.56,-5.64,-28.91,-76.91
GLOBALE,10.93,2026-07-09,-8.84,-12.49,-12.56,2.15,-10.7,-22.15
GANESHBE,96.65,2026-07-09,-4.62,-6.4,-12.62,16.9,23.7,-0.69
THACKER,1098.0,2026-07-09,1.39,-7.22,-12.63,,,
HGM,49.55,2026-07-09,-3.18,-4.44,-12.67,-8.24,-16.57,-18.13
ORIENTALTL,5.56,2026-07-09,-3.81,-2.63,-12.72,-22.78,-30.93,-61.44
PRECISION,6.8,2026-07-08,-2.86,0.0,-12.82,-8.11,-43.33,-70.56
SONAMAC,30.9,2026-07-08,-2.52,-8.71,-12.83,-27.89,-30.09,-59.34
ADVENZYMES,324.35,2026-07-09,0.51,1.01,-12.84,11.14,7.15,0.22
RAMASTEEL,4.55,2026-07-09,-2.78,2.94,-12.84,-12.33,-47.76,-62.02
DUCON,3.04,2026-07-09,-5.88,-8.98,-12.89,-16.02,-9.25,-50.65
GRAPHITE,580.95,2026-07-09,-6.37,-5.47,-12.91,-8.99,-7.56,5.8
ORIANA,1464.5,2026-07-08,-5.7,-6.05,-12.91,-26.12,-30.64,-32.66
BODALCHEM,59.5,2026-07-09,-4.37,-7.88,-13.08,-8.24,19.79,-24.36
VASWANI,54.1,2026-07-09,-2.17,-0.9,-13.09,-2.08,-3.7,6.81
WEWIN,47.49,2026-07-09,-2.82,-1.9,-13.17,-15.3,6.65,-2.92
QUESTLAB,87.75,2026-07-08,-3.36,-10.41,-13.25,-18.64,-14.39,-2.12
KHFM,52.55,2026-07-08,-1.13,-6.08,-13.28,-9.79,-16.79,-35.8
EPIGRAL,996.9,2026-07-09,0.31,-10.44,-13.29,-2.15,-10.48,-44.02
NSLNISP,42.75,2026-07-09,-2.82,-0.86,-13.32,4.75,2.47,8.04
SHAILY,2715.4,2026-07-09,-5.56,-6.27,-13.32,36.11,22.11,68.2
RADIOWALLA,24.7,2026-07-08,-0.4,-5.0,-13.33,-6.79,-58.83,-60.76
TATAELXSI,3621.4,2026-07-09,-1.02,-9.02,-13.41,-17.2,-35.23,-40.08
NIRAJISPAT,186.13,2026-07-09,-4.07,-8.31,-13.42,0.42,-4.42,-67.76
NOVAAGRI,24.05,2026-07-09,-6.05,-1.72,-13.43,-15.67,-36.98,-55.41
ASTEC,686.65,2026-07-09,-1.82,-3.66,-13.6,22.62,7.39,-24.88
SANWARIA,0.19,2026-07-09,0.0,-9.52,-13.64,-13.64,-24.0,-48.65
TBI,61.3,2026-07-08,-5.91,-3.46,-13.66,-13.54,-28.8,-49.46
ASTRAL,1317.1,2026-07-09,-5.18,-3.72,-13.69,-15.77,-9.1,-11.52
PROZONER,43.51,2026-07-09,-6.73,-3.01,-13.72,-19.96,-26.54,16.18
REFRACTORY,27.6,2026-07-08,-4.83,-9.66,-13.75,-23.76,-45.88,-54.75
ALUWIND,43.1,2026-07-08,-4.75,-8.3,-13.8,-26.32,-35.67,-48.07
TMPV,331.5,2026-07-09,-4.48,-3.93,-13.81,0.3,-5.62,-51.75
ASIANENE,330.5,2026-07-09,1.05,-9.61,-13.89,12.93,23.83,16.05
BSOFT,274.85,2026-07-09,-2.1,-8.11,-13.93,-26.38,-34.88,-34.98
FEL,0.37,2026-07-09,-2.63,-7.5,-13.95,-11.9,-19.57,-39.34
GVKPIL,2.52,2026-07-09,-4.55,-5.26,-13.99,-2.33,-16.56,-38.83
MONEYBOXX,62.29,2026-07-09,-1.28,-3.74,-14.02,-15.85,6.53,
MICEL,36.96,2026-07-09,-4.64,-6.88,-14.05,-4.15,-9.21,-28.7
JETKNIT,76.55,2026-07-08,0.0,0.0,-14.18,-14.18,-14.18,-30.38
OCCLLTD,120.06,2026-07-09,-4.44,-3.43,-14.19,29.37,24.26,-8.26
AVROIND,9.95,2026-07-09,-1.68,-2.26,-14.22,-12.54,-13.02,-41.89
EASEMYTRIP,6.75,2026-07-09,-3.98,-3.57,-14.23,-15.2,-5.06,-35.03
KKVAPOW,525.6,2026-07-08,0.0,-5.0,-14.26,-14.4,-13.84,-27.95
GTLINFRA,1.32,2026-07-09,-0.75,-2.94,-14.29,10.0,12.82,-24.14
SHIGAN,59.2,2026-07-08,-1.33,-8.5,-14.33,11.7,9.73,-28.3
FCSSOFT,1.49,2026-07-09,-0.67,-1.32,-14.37,-15.82,-17.22,-46.59
GULPOLY,184.02,2026-07-09,-7.26,-3.77,-14.39,6.9,26.33,6.91
FRACTAL,841.25,2026-07-09,-3.52,-5.56,-14.4,2.37,,
MANUGRAPH,14.91,2026-07-09,-2.49,-5.75,-14.41,9.23,-6.17,-26.33
MEGAFLEX,108.65,2026-07-08,-0.28,-9.95,-14.42,-28.28,-2.12,89.12
DTL,120.15,2026-07-08,1.39,-7.58,-14.42,7.76,-17.71,-24.91
MANAKALUCO,34.3,2026-07-09,-2.61,-4.43,-14.51,28.46,-10.47,28.03
NAGREEKCAP,23.93,2026-07-09,-1.6,-3.74,-14.57,3.64,-12.98,-11.37
VALIANTLAB,62.16,2026-07-09,-5.11,-6.61,-14.64,7.71,-7.49,-41.91
OLAELEC,40.39,2026-07-09,-4.72,0.02,-14.68,11.21,2.25,0.02
PARTYCRUS,85.3,2026-07-08,-0.06,-7.28,-14.7,-2.4,-5.22,7.97
SUPREMEPWR,215.75,2026-07-08,-6.52,-13.7,-14.71,18.19,14.97,-1.6
AVPINFRA,61.4,2026-07-08,-3.15,-9.24,-14.72,-41.94,-48.14,-64.31
ELITECON,23.03,2026-07-09,-10.39,-15.39,-14.74,,,
SATIPOLY,32.35,2026-07-08,-0.46,1.57,-14.76,5.37,-45.12,-63.05
RRIL,17.38,2026-07-09,-2.03,-3.5,-14.89,,,
VGL,62.01,2026-07-09,-4.82,-4.89,-15.0,2.75,-11.84,-19.73
TGL,18.7,2026-07-08,9.68,14.37,-15.0,-32.61,-74.4,-81.3
KREBSBIO,56.96,2026-07-09,-2.62,-5.51,-15.01,-0.65,-14.87,-31.84
MARINETRAN,13.5,2026-07-08,0.0,0.0,-15.09,-20.59,-38.91,-20.35
GTL,7.31,2026-07-09,-3.82,-3.82,-15.2,-1.48,-5.06,-29.37
PIONRINV,84.04,2026-07-09,-7.42,-4.62,-15.23,,,
TERASOFT,379.8,2026-07-09,-5.26,-7.7,-15.31,12.13,-6.83,24.57
SASKEN,1958.0,2026-07-09,-4.56,-10.49,-15.4,61.14,34.47,36.89
YCCL,9.25,2026-07-08,0.0,-3.14,-15.53,-10.63,-29.66,-27.17
MANAV,34.75,2026-07-08,0.0,0.0,-15.76,-8.55,21.93,82.89
VISASTEEL,39.1,2026-07-08,-5.78,-4.35,-15.84,17.74,-18.22,11.81
LEMERITE,22.36,2026-07-09,-3.25,-3.16,-15.94,-75.1,-75.93,-65.3
HINDOILEXP,153.81,2026-07-09,-1.89,-3.69,-15.96,8.6,2.08,-8.76
MAKS,21.85,2026-07-08,0.0,-5.21,-15.96,-17.39,-26.06,-36.48
TRUALT,446.65,2026-07-09,-2.92,-2.84,-16.04,7.61,17.93,
TECHLABS,132.6,2026-07-08,10.22,18.02,-16.16,-34.53,-57.13,-74.0
GGBL,266.1,2026-07-08,-0.8,-5.81,-16.27,-1.05,-13.35,-46.99
WINSOME,2.13,2026-07-09,-3.62,-8.58,-16.47,28.31,13.9,14.52
GAYAHWS,1.81,2026-07-09,-9.5,-10.84,-16.59,-19.2,-32.96,23.13
MFML,19.6,2026-07-09,-4.25,-15.99,-16.6,-14.11,-21.54,-26.95
PVP,27.32,2026-07-09,0.7,-4.68,-16.71,-18.03,-12.44,30.91
FONEBOX,70.75,2026-07-08,0.43,-2.41,-16.76,5.6,-20.95,-15.77
AXISCADES,1605.9,2026-07-09,0.56,-5.49,-17.03,-6.24,14.6,9.6
GOCOLORS,323.6,2026-07-09,-8.46,-16.4,-17.24,16.07,-23.25,-64.33
POLYSIL,118.15,2026-07-08,-5.06,-12.48,-17.38,-38.97,-49.03,43.3
SPECTSTM,57.0,2026-07-08,-3.39,0.53,-17.39,-7.77,-32.62,-52.5
SLONE,116.45,2026-07-08,-5.21,-20.57,-17.41,-41.75,-55.2,-58.2
MOS,13.95,2026-07-08,-2.45,12.5,-17.46,13.88,-40.26,-94.55
BGRENERGY,287.95,2026-07-09,-3.7,-5.11,-17.6,-3.79,-13.45,177.25
PCCL,242.6,2026-07-08,1.51,0.04,-17.75,-3.54,15.83,27.72
AGRITECH,112.57,2026-07-09,-3.14,0.2,-17.8,-3.03,-25.9,-27.29
ASIANTILES,47.89,2026-07-09,-3.02,-13.88,-17.81,-24.03,-33.83,-24.16
NAGAFERT,3.04,2026-07-08,0.0,-4.7,-17.84,-29.14,-38.83,-50.41
AGSTRA,2.44,2026-07-08,0.0,-4.69,-17.85,-18.94,-39.75,-60.52
PRESSTONIC,25.95,2026-07-08,-3.35,-11.28,-18.27,-12.63,-55.94,-72.7
GIRIRAJ,122.6,2026-07-08,1.57,-4.92,-18.27,-30.24,-41.9,-49.65
AGUL,52.2,2026-07-08,-4.92,-18.31,-18.31,-25.38,-20.37,-3.69
VETO,121.26,2026-07-09,-3.78,-2.93,-18.32,22.62,13.38,-2.95
GENSOL,20.32,2026-07-08,0.0,-4.96,-18.46,1.04,-21.15,-62.36
RELINFRA,69.93,2026-07-08,0.0,-5.0,-18.53,-17.58,-55.26,-81.27
INSPIRE,7.95,2026-07-08,-4.79,-4.79,-19.29,-7.02,-26.39,-59.13
MVKAGRO,373.0,2026-07-08,-5.87,-0.49,-19.32,-32.9,-42.58,114.8
MHLXMIRU,140.03,2026-07-09,0.48,27.16,-19.52,-14.89,-30.7,-36.72
RBS,74.5,2026-07-08,-2.93,-9.64,-19.89,-5.7,-15.39,-37.94
PASUPTAC,58.76,2026-07-09,-4.78,-7.54,-19.91,26.64,24.57,9.63
AURIGROW,0.28,2026-07-08,0.0,-6.67,-20.0,-6.67,-61.64,-60.56
GICL,17.2,2026-07-09,-5.23,0.06,-20.19,-57.75,-61.52,-85.81
TAKE,23.61,2026-07-09,-0.46,-11.31,-20.21,-47.05,-44.59,122.32
BLUEPEBBLE,74.9,2026-07-08,6.09,-1.45,-20.23,-47.62,-34.84,-59.93
ALPEXSOLAR,775.3,2026-07-08,-4.04,-12.77,-20.26,-14.08,-0.76,-28.92
BOHRAIND,14.2,2026-07-09,-2.0,1.28,-20.31,-16.57,-9.38,-46.44
SURANI,105.0,2026-07-08,-2.55,-2.69,-20.39,-12.39,90.74,1.55
HAVISHA,1.17,2026-07-09,-7.87,-9.3,-20.41,-29.09,-34.64,-48.23
DHTL,36.25,2026-07-08,3.42,-10.49,-21.28,-7.88,-48.18,-33.36
DENEERS,170.65,2026-07-08,-3.64,-11.24,-21.72,1.43,6.66,-48.19
EUROTEXIND,14.56,2026-07-09,-7.08,-14.75,-21.8,7.61,14.65,-0.55
MCON,40.75,2026-07-08,-7.39,-11.22,-22.23,-22.75,-33.25,-60.82
BIRDYS,91.25,2026-07-08,0.0,-4.75,-22.34,-17.79,-27.58,-27.58
MCLEODRUSS,52.36,2026-07-09,-5.49,-8.11,-23.12,33.3,14.98,50.11
TCIFINANCE,16.05,2026-07-09,-3.6,-8.86,-23.24,10.39,-53.88,7.5
KARNIKA,102.35,2026-07-08,5.62,-18.12,-23.33,-21.03,-13.26,-83.88
VR,100.9,2026-07-08,1.61,-10.83,-23.5,-32.33,-28.44,-40.65
MEP,0.65,2026-07-09,-4.41,-10.96,-23.53,-24.42,-61.76,-64.09
VLEGOV,10.61,2026-07-09,-3.81,-13.81,-23.78,-19.56,-40.96,-79.91
GSTL,15.5,2026-07-08,-3.73,-15.07,-24.02,-56.64,0.65,7.27
FLEXITUFF,5.25,2026-07-09,-5.41,-8.85,-24.89,-15.19,-58.33,-84.65
ANSALAPI,2.58,2026-07-09,-5.49,-12.24,-26.29,-17.83,-21.1,-46.03
VERTEXPLUS,48.3,2026-07-08,8.42,22.74,-26.82,-40.95,-56.88,-58.89
LLOYDS,68.15,2026-07-08,-3.61,-6.06,-26.84,18.52,3.26,-28.64
BANG,28.55,2026-07-09,-6.91,3.52,-26.91,-14.73,-38.69,-50.95
KPITTECH,548.15,2026-07-09,-1.77,-23.03,-27.51,-23.45,-53.54,-56.17
ESSENTIA,1.22,2026-07-09,-2.4,-8.27,-27.81,-7.58,-18.12,-44.29
GTECJAINX,26.24,2026-07-09,-5.81,-14.81,-27.99,34.5,15.34,9.38
GUJGASLTD,286.85,2026-07-08,-3.04,-14.45,-28.29,-10.69,-32.98,-38.72
GSLSU,38.53,2026-07-09,-4.65,-10.46,-28.41,-29.95,-59.45,-66.1
PARSVNATH,2.38,2026-07-09,-5.18,-13.77,-32.19,-64.69,-73.79,-90.9
AQYLON,39.71,2026-07-09,-7.0,0.05,-32.19,-12.15,-78.3,-97.07
SWASTIK,14.85,2026-07-08,-2.94,-12.9,-33.11,-17.27,-36.81,-53.74
KANDARP,98.5,2026-07-08,-5.15,-1.5,-33.15,-27.01,-33.87,9.51
TECHNVISN,3555.5,2026-07-09,-5.69,-25.77,-35.0,,,
NEUEON,13.16,2026-07-09,-14.16,-30.0,-39.94,-21.95,63.28,152.11
TICL,11.17,2026-07-09,-14.14,-27.28,-46.09,-54.15,-54.26,-57.98
KSHITIJPOL,3.36,2026-07-09,-13.85,-18.84,-48.62,29.23,37.14,1.2
NATIONSTD,562.3,2026-07-09,-27.09,-56.34,-54.73,,,
VMARCIND,273.35,2026-07-08,4.58,6.04,-80.23,-61.91,-59.13,-33.32
HEALTHADD,16.43,2026-07-09,-1.26,-89.91,-89.52,-88.52,-88.85,-88.77
MIDQ50ADD,24.56,2026-07-09,-0.89,-90.04,-89.89,-89.28,-89.9,-90.44
