ticker,last_close,last_date,1W,2W,1M,3M,6M,12M
HITECHCORP,310.02,2026-06-12,1.36,16.38,126.03,135.45,84.0,60.85
SSFL,209.25,2026-06-12,8.25,22.3,124.4,56.92,51.74,25.27
ACCORD,86.1,2026-06-12,21.44,47.43,97.03,223.08,226.76,288.71
COCKERILL,10011.0,2026-06-12,9.99,32.76,94.29,,,
VENUSREM,1797.5,2026-06-12,6.02,33.73,92.93,93.8,117.77,303.3
MODISONLTD,304.95,2026-06-12,-11.51,2.06,90.4,142.52,116.81,88.93
TCIFINANCE,26.56,2026-06-12,52.38,100.91,88.24,87.17,134.42,79.46
UFBL,593.6,2026-06-12,9.53,23.89,71.04,186.16,225.65,83.92
YASHO,2870.4,2026-06-12,15.97,31.06,70.48,109.0,82.32,44.34
JAYBARMARU,144.66,2026-06-12,2.77,26.14,65.53,59.14,63.44,83.46
ELECTHERM,1190.1,2026-06-12,34.25,26.43,64.82,94.46,40.51,-2.3
IMPEXFERRO,2.66,2026-06-12,9.92,34.34,62.2,57.4,46.96,13.68
GTECJAINX,31.25,2026-06-12,-18.51,56.09,61.42,53.26,16.39,34.81
NIBE,1578.6,2026-06-12,7.45,3.76,60.85,47.02,43.57,-17.37
RPEL,1189.05,2026-06-12,9.06,24.87,59.93,77.7,19.6,68.52
BLISSGVS,437.85,2026-06-12,4.35,8.8,59.92,109.3,203.94,196.57
BALAMINES,2133.0,2026-06-12,2.01,21.76,59.24,106.09,90.34,45.73
KSHITIJPOL,6.84,2026-06-12,9.62,37.9,50.0,192.31,201.32,106.65
THANGAMAYL,5478.7,2026-06-12,-0.24,27.88,49.28,53.78,71.39,193.23
MDL,69.5,2026-06-12,-0.71,31.38,48.82,37.08,-9.74,-33.17
KPL,2492.6,2026-06-12,9.77,12.33,48.8,,,
IZMO,983.25,2026-06-12,2.08,24.71,48.09,33.92,15.33,198.0
CLCIND,40.37,2026-06-12,0.0,27.59,47.61,177.84,-85.58,-85.58
RAMCOSYS,562.15,2026-06-12,-0.15,25.75,47.24,34.47,-14.66,26.45
VINYAS,1462.5,2026-06-12,9.72,22.43,47.18,49.58,23.94,49.23
PANACEABIO,536.0,2026-06-12,-3.06,34.66,46.63,56.93,47.56,17.82
STLTECH,583.65,2026-06-12,-0.79,3.68,46.54,190.6,480.11,581.91
NPST,1647.5,2026-06-12,12.2,36.95,45.99,67.29,13.57,-23.02
GENESYS,317.7,2026-06-12,19.48,23.12,45.57,17.1,-23.27,-53.42
KERNEX,1993.3,2026-06-12,5.63,8.53,45.07,100.63,94.2,60.83
SAKAR,824.1,2026-06-12,7.36,-1.39,44.67,48.01,95.12,163.63
SUPRIYA,977.15,2026-06-12,6.32,-7.16,44.59,66.81,31.26,39.84
FCL,39.17,2026-06-12,2.7,-4.21,44.43,74.09,60.27,47.71
RUBYMILLS,332.2,2026-06-12,1.19,32.54,44.41,66.63,52.69,53.8
TIMEX,493.75,2026-06-12,11.75,9.72,44.27,,,
AEGISLOG,944.4,2026-06-12,25.0,21.98,43.35,48.2,25.8,18.97
JNKINDIA,504.05,2026-06-12,20.49,41.31,43.34,106.65,114.81,37.31
SKMEGGPROD,240.62,2026-06-12,-0.3,16.7,43.24,53.73,9.97,90.5
SIGMAADV,479.5,2026-06-12,15.08,12.45,42.52,214.18,160.97,379.98
SANDHAR,712.0,2026-06-12,2.69,5.25,40.73,44.98,26.89,38.81
DECNGOLD,163.75,2026-06-12,1.36,-0.71,40.63,,,
SEDEMAC,2770.7,2026-06-12,17.07,25.86,40.33,92.24,,
NRL,74.57,2026-06-12,0.16,11.51,39.78,46.13,23.52,-13.51
RUBICON,1295.5,2026-06-12,9.66,10.62,39.62,62.11,103.58,
VADILALIND,6009.3,2026-06-12,6.68,14.26,39.51,22.3,17.2,11.9
NGLFINE,3048.8,2026-06-12,14.91,11.27,39.3,30.65,129.8,188.04
PREMEXPLN,692.65,2026-06-12,0.67,7.62,38.89,45.97,37.9,17.81
SANGINITA,34.83,2026-06-12,8.17,19.32,38.88,143.91,258.7,235.87
APOLLO,409.4,2026-06-12,0.59,1.3,38.85,94.18,73.47,121.16
IFCI,84.57,2026-06-12,14.59,25.81,38.48,56.76,73.66,35.68
GVPIL,929.55,2026-06-12,7.79,13.1,38.47,99.65,197.41,191.53
EMKAY,290.69,2026-06-12,4.62,33.25,38.36,32.61,9.57,17.94
NOIDATOLL,5.16,2026-06-12,9.09,-7.36,38.34,40.98,14.16,29.0
SENORES,1290.0,2026-06-12,28.1,20.81,38.28,75.14,64.1,136.2
JARO,566.0,2026-06-12,2.93,-1.26,38.2,39.6,1.55,
PARAS,1097.15,2026-06-12,13.72,34.7,37.04,64.05,64.38,38.99
COFFEEDAY,33.93,2026-06-12,-7.07,-11.29,37.04,33.32,4.14,-5.17
SAREGAMA,455.85,2026-06-12,-0.23,-0.85,36.97,31.16,24.74,-15.11
TBZ,183.77,2026-06-12,12.67,6.0,36.74,35.53,11.82,-3.43
ONELIFECAP,26.09,2026-06-12,-0.84,-0.5,36.67,71.42,54.01,97.95
ALKALI,86.85,2026-06-12,-0.24,-10.65,36.13,43.96,6.11,-13.84
SOTL,570.35,2026-06-12,4.95,35.75,35.81,67.38,53.01,37.24
OCCLLTD,129.0,2026-06-12,-4.03,12.93,35.26,49.53,35.82,7.59
SILVERTUC,198.78,2026-06-12,5.86,12.48,34.6,70.92,-75.12,-75.09
CPPLUS,3375.9,2026-06-12,-1.39,7.99,34.51,109.84,117.11,
SPARC,223.76,2026-06-12,9.9,13.95,34.45,82.83,63.52,34.04
BOROSCI,152.98,2026-06-12,1.34,1.55,34.42,42.95,21.63,7.04
KSHINTL,819.95,2026-06-12,9.36,0.84,34.3,98.7,,
SETCO,18.62,2026-06-12,8.13,19.21,33.9,89.75,126.09,94.51
DEEDEV,656.7,2026-06-12,-6.81,5.4,33.9,111.91,201.92,129.37
CUPID,159.97,2026-06-12,13.96,23.92,33.73,96.64,103.01,734.22
MSTCLTD,568.55,2026-06-12,16.0,27.97,33.68,32.59,22.65,7.17
BROOKS,66.56,2026-06-12,-0.15,-2.9,33.63,7.04,-32.11,-47.17
QFIL,53.3,2026-06-12,15.74,21.41,33.58,13.16,-16.78,-34.6
MAHESHWARI,69.51,2026-06-12,4.4,21.06,33.21,72.4,43.29,19.11
VETO,144.56,2026-06-12,2.85,18.15,33.0,44.11,33.09,12.04
SHADOWFAX,217.65,2026-06-12,7.16,13.81,32.95,94.38,,
CAPLIPOINT,2407.8,2026-06-12,14.06,20.46,32.92,42.96,22.85,14.31
PRIZOR,872.05,2026-06-12,16.28,26.08,32.61,124.67,205.61,343.68
INDOBORAX,373.45,2026-06-12,0.54,8.78,32.52,52.87,35.96,87.46
JALAN,2.25,2026-06-12,7.14,9.76,32.35,-11.76,-22.41,-75.0
CARYSIL,1178.9,2026-06-12,11.62,11.64,32.27,44.6,27.08,31.47
MANCREDIT,222.07,2026-06-12,7.71,4.48,32.25,32.04,27.47,20.4
MAYURUNIQ,793.2,2026-06-12,10.23,7.96,32.19,52.25,62.79,37.79
PAISALO,59.3,2026-06-12,-0.07,12.18,31.92,84.33,56.84,83.27
BHAGERIA,209.25,2026-06-12,-0.8,36.66,31.89,38.4,17.99,13.51
GOCOLORS,358.65,2026-06-12,-11.51,10.35,31.86,30.89,-23.98,-57.74
DEEM,44.8,2026-06-12,-14.83,-19.79,31.76,18.68,-4.58,-36.86
BLUECHIP,2.45,2026-06-12,0.0,5.15,31.72,-6.13,-25.08,-54.96
KWIL,36.9,2026-06-12,13.36,30.8,31.64,44.48,,
PANAMAPET,377.25,2026-06-12,12.7,25.25,31.49,40.32,36.44,4.37
GOCLCORP,402.35,2026-06-12,1.51,3.05,31.34,59.98,33.01,10.42
ZEEL,112.6,2026-06-12,1.36,17.55,30.75,37.28,19.57,-14.55
RANEHOLDIN,1450.0,2026-06-12,1.8,0.8,30.75,23.67,6.55,-2.31
AVALON,1687.0,2026-06-12,5.1,16.2,30.65,84.8,93.74,105.36
NEPHROPLUS,748.15,2026-06-12,12.5,17.52,30.52,33.6,,
PNBGILTS,89.83,2026-06-12,-3.23,16.41,30.51,21.38,13.01,-5.88
RSWM,209.15,2026-06-12,2.34,19.46,30.47,45.81,36.15,15.8
PRADPME,488.15,2026-06-12,11.34,7.59,30.29,,,
ASTRAMICRO,1443.8,2026-06-12,2.24,9.69,30.22,39.58,59.18,28.14
OLAELEC,45.74,2026-06-12,2.95,15.71,30.2,93.0,24.67,-3.22
HARIOMPIPE,408.2,2026-06-12,0.7,1.5,30.19,25.93,14.45,-0.19
BETA,1771.2,2026-06-12,23.85,24.43,30.08,59.68,7.81,-1.23
EMMVEE,343.55,2026-06-12,4.09,13.05,30.01,65.72,77.34,
TEJASNET,598.85,2026-06-12,10.39,13.83,29.96,35.76,24.93,-14.51
NRBBEARING,425.85,2026-06-12,-0.58,18.26,29.69,62.01,52.31,71.69
ORCHPHARMA,917.1,2026-06-12,8.85,18.02,29.42,69.57,7.9,27.26
SICALLOG,83.49,2026-06-12,10.07,29.12,29.4,28.72,-13.91,-20.41
STYLAMIND,3179.9,2026-06-12,2.53,7.5,29.23,43.56,42.75,83.62
WEWORK,639.35,2026-06-12,-1.35,4.62,28.72,36.61,7.66,
ASIANENE,366.2,2026-06-12,-2.76,4.35,28.65,31.25,23.42,19.86
VSCL,27.0,2026-06-12,1.89,12.27,28.57,15.38,46.34,-23.19
BLUSPRING,88.36,2026-06-12,-2.9,7.86,28.45,88.36,29.67,10.01
RVHL,50.38,2026-06-12,21.51,31.4,28.42,31.51,-9.19,-0.79
ANLON,713.5,2026-06-12,2.39,9.02,28.33,101.61,77.11,97.34
MOTOGENFIN,29.3,2026-06-12,1.1,16.92,28.28,47.31,23.06,7.4
INOXINDIA,1808.2,2026-06-12,8.72,25.13,28.27,51.31,58.67,53.51
VINDHYATEL,2087.8,2026-06-12,9.58,-4.4,28.24,76.13,47.33,24.07
NIITLTD,87.27,2026-06-12,-6.19,7.03,28.23,32.99,-0.96,-35.28
HIRECT,1130.5,2026-06-12,4.56,3.67,28.06,49.72,52.35,77.7
DYNAMIC,147.25,2026-06-12,-1.31,-1.17,28.04,38.0,39.24,-10.19
WHEELS,1634.7,2026-06-12,10.43,5.02,27.96,75.64,95.33,122.89
CLEDUCATE,53.79,2026-06-12,-4.73,21.53,27.92,10.0,-34.86,-43.09
PASUPTAC,66.24,2026-06-12,-10.9,-4.37,27.78,42.85,26.78,36.3
KILITCH,189.03,2026-06-12,13.11,4.42,27.77,15.35,10.66,-15.01
TATACOMM,1966.6,2026-06-12,3.19,1.24,27.71,35.69,9.31,17.36
TERASOFT,424.25,2026-06-12,-2.77,2.44,27.36,23.62,-9.28,52.55
MARKSANS,252.37,2026-06-12,6.91,5.74,27.2,45.73,30.18,-2.57
HONAUT,36160.0,2026-06-12,4.69,3.11,27.08,18.25,6.68,-4.84
IOLCP,134.24,2026-06-12,5.77,6.65,26.99,90.06,63.77,50.88
RATEGAIN,783.05,2026-06-12,5.0,0.76,26.51,53.58,18.33,75.55
RELIABLE,147.84,2026-06-12,1.8,7.81,26.4,27.04,-3.37,89.36
SFL,703.55,2026-06-12,4.8,16.0,26.39,34.7,21.82,4.63
DEEPAKFERT,1554.6,2026-06-12,7.1,10.21,26.2,58.91,25.75,0.19
SIMPLEXINF,257.45,2026-06-12,3.39,8.06,26.19,37.05,-5.35,-9.95
EUROTEXIND,19.44,2026-06-12,25.26,25.02,26.07,47.5,12.11,34.72
CEMPRO,1122.4,2026-06-12,2.82,4.79,26.02,105.94,35.5,48.04
EPACKPEB,241.17,2026-06-12,20.22,31.43,25.88,49.09,-18.55,
KDDL,2869.3,2026-06-12,-2.56,6.22,25.52,24.63,24.37,14.87
IDEA,14.9,2026-06-12,3.47,6.81,25.32,55.86,28.01,119.76
GUFICBIO,371.25,2026-06-12,-1.45,7.08,25.23,29.18,6.62,-0.39
SAMMAANCAP,174.42,2026-06-12,-1.31,-1.65,25.11,22.47,16.68,34.64
WELSPLSOL,51.64,2026-06-12,-5.56,23.45,25.01,,,
MOS,16.25,2026-06-12,-3.85,9.8,25.0,-3.56,-31.14,-94.11
WINSOME,2.55,2026-06-12,-1.92,4.08,25.0,43.26,27.5,34.92
PPL,241.32,2026-06-12,4.86,25.17,24.97,21.01,-3.51,-40.28
BGRENERGY,324.65,2026-06-12,-2.46,-3.69,24.96,1.48,-5.49,202.11
MOTISONS,14.79,2026-06-12,29.51,28.39,24.92,9.64,-6.81,-28.59
SKIPPER,544.65,2026-06-12,2.0,-0.49,24.91,55.02,24.41,7.13
GOLDIAM,478.8,2026-06-12,16.68,16.85,24.9,53.46,29.81,34.76
RAIN,196.87,2026-06-12,2.22,3.24,24.83,65.87,84.23,31.5
EFFWA,315.6,2026-06-12,1.72,12.94,24.79,54.71,27.05,30.41
SHILPAMED,546.75,2026-06-12,2.68,9.51,24.64,64.54,65.11,13.74
STALLION,183.55,2026-06-12,2.7,3.88,24.62,59.72,-19.47,131.17
ZEELEARN,7.1,2026-06-12,-5.96,6.93,24.56,29.8,-2.07,-30.19
HMVL,78.69,2026-06-12,-7.04,9.78,24.47,25.98,18.81,-11.68
BAFNAPH,165.45,2026-06-12,-14.7,19.47,24.4,59.42,13.64,126.27
NEOGEN,2033.7,2026-06-12,6.49,12.38,24.38,40.6,86.63,22.69
EXICOM,141.77,2026-06-12,-5.82,-10.62,24.37,63.35,27.47,-29.08
MINDACORP,637.2,2026-06-12,0.57,2.97,24.22,32.43,9.04,15.37
SANGHVIMOV,387.95,2026-06-12,3.16,11.37,24.2,60.41,26.72,34.69
SPORTKING,182.62,2026-06-12,4.52,-1.64,24.19,59.06,103.48,60.79
VINCOFE,159.45,2026-06-12,6.29,10.9,24.06,26.8,-3.53,34.02
SUVEN,268.25,2026-06-12,14.86,-2.4,23.97,96.2,57.06,2.95
CARTRADE,2345.3,2026-06-12,13.31,32.35,23.95,39.71,-12.27,44.26
GRWRHITECH,6131.5,2026-06-12,4.97,5.47,23.92,50.33,66.18,45.36
CONFIPET,70.42,2026-06-12,-9.02,10.95,23.85,98.65,106.87,18.85
MGEL,16.44,2026-06-12,3.2,6.89,23.8,60.23,10.04,21.58
SUPREMEENG,1.2,2026-06-12,14.29,30.43,23.71,26.32,-11.76,-42.03
RCDL,27.25,2026-06-12,1.3,11.22,23.58,11.68,27.34,24.29
TATATECH,761.0,2026-06-12,-2.39,6.46,23.56,37.9,15.3,1.26
JKIPL,102.56,2026-06-12,4.32,8.97,23.42,88.15,-5.62,
WOCKPHARMA,1938.0,2026-06-12,2.38,-9.98,23.41,49.24,44.5,8.6
PGHL,6287.0,2026-06-12,1.41,3.69,23.3,28.59,16.11,11.69
ATGL,728.5,2026-06-12,-0.74,-0.69,23.25,19.94,22.75,8.36
IPSL,260.0,2026-06-12,2.1,30.0,23.22,6.1,-4.06,-3.39
UNICHEMLAB,447.6,2026-06-12,25.41,30.48,22.88,33.29,-1.8,-29.01
BBOX,1018.6,2026-06-12,1.23,-2.68,22.85,95.08,97.19,90.85
AAKASH,10.3,2026-06-12,4.57,15.21,22.77,1.48,18.8,22.47
UNIPARTS,659.7,2026-06-12,4.21,11.27,22.72,48.53,36.65,84.54
AEROFLEX,448.1,2026-06-12,12.31,15.39,22.68,88.97,154.41,157.45
FILATEX,51.92,2026-06-12,-1.07,15.17,22.54,21.48,-1.98,-5.73
ICIL,344.45,2026-06-12,7.04,2.9,22.36,41.14,20.04,25.09
NAVKARURB,0.99,2026-06-12,4.21,-1.98,22.22,-1.0,-36.94,-51.62
APARINDS,15221.0,2026-06-12,14.65,18.9,22.17,60.97,68.68,91.62
SOUTHBANK,46.66,2026-06-12,6.55,13.64,22.11,19.67,16.77,58.44
SANSERA,2914.2,2026-06-12,0.29,3.84,22.09,40.13,71.5,121.24
CENTUM,3582.8,2026-06-12,8.47,2.04,22.03,29.13,55.58,62.65
MANAKALUCO,39.59,2026-06-12,15.39,9.85,22.0,43.18,62.99,46.25
MENONBE,167.15,2026-06-12,17.36,17.36,21.95,31.71,57.64,39.51
DREDGECORP,1084.0,2026-06-12,-2.46,-4.27,21.82,14.39,4.76,46.81
REFEX,311.0,2026-06-12,4.26,1.07,21.75,49.32,22.01,-35.91
DJML,113.47,2026-06-12,6.05,8.22,21.71,38.85,89.24,2.21
CHEMCON,194.92,2026-06-12,-1.51,5.67,21.64,29.59,-0.1,0.53
NINSYS,689.55,2026-06-12,-3.75,-6.13,21.59,128.71,68.53,45.57
HOACFOODS,595.0,2026-06-12,-8.45,4.25,21.58,71.22,66.2,202.03
ADANIENT,2921.6,2026-06-12,-1.59,0.46,21.52,46.0,28.06,14.96
FAZE3Q,545.3,2026-06-12,0.0,-1.21,21.22,21.08,18.81,-0.85
FONEBOX,79.8,2026-06-12,-6.12,-10.59,21.18,-1.48,-24.18,-6.12
KIRLOSENG,1890.5,2026-06-12,1.97,-1.46,21.1,28.7,65.46,112.25
GPECO,428.45,2026-06-12,-7.65,-2.69,21.07,29.99,-4.01,12.79
RAYMOND,580.7,2026-06-12,13.76,9.57,21.05,53.64,28.5,-3.73
J&KBANK,157.4,2026-06-12,6.24,11.02,21.03,23.44,53.52,49.8
RELINFRA,85.84,2026-06-12,0.0,27.59,20.9,-4.51,-36.77,-78.29
GLAND,2262.2,2026-06-12,0.64,-1.32,20.84,36.66,34.77,36.77
VINSYS,380.0,2026-06-12,0.76,-0.38,20.83,20.77,-6.75,-3.41
INDOSTAR,242.45,2026-06-12,0.75,7.48,20.83,18.94,-0.02,-27.52
ADVAIT,2305.8,2026-06-12,7.35,18.82,20.81,45.88,,
KOPRAN,181.64,2026-06-12,-0.2,-7.31,20.79,48.87,38.82,-8.24
AARVI,148.29,2026-06-12,13.29,12.49,20.78,15.06,21.24,34.73
UNIMECH,1159.55,2026-06-12,10.94,22.59,20.72,36.03,22.81,-4.73
GANESHBE,108.28,2026-06-12,0.37,15.18,20.67,38.5,36.67,0.31
MTEDUCARE,1.88,2026-06-12,4.44,19.75,20.51,29.66,0.53,-21.99
SABAR,5.9,2026-06-12,10.28,10.28,20.41,-0.84,13.46,-4.84
SAIPARENT,569.5,2026-06-12,3.38,11.18,20.34,,,
STEL,554.1,2026-06-12,9.34,25.48,20.33,14.41,4.96,29.33
VELJAN,1254.1,2026-06-12,-1.07,19.38,20.33,,,
WALCHANNAG,265.45,2026-06-12,10.79,12.05,20.26,65.3,51.23,2.73
AGSTRA,2.97,2026-06-12,0.0,26.38,20.24,-8.05,-29.45,-37.87
ROSSTECH,995.4,2026-06-12,-0.26,-0.28,20.22,38.6,47.75,154.81
CONCORDBIO,1353.8,2026-06-12,13.13,27.56,20.1,15.27,-1.17,-33.98
BLSE,228.4,2026-06-12,0.38,2.39,20.07,60.22,5.44,5.89
SETL,158.9,2026-06-12,3.12,14.03,20.05,30.4,1.42,-9.84
RELCHEMQ,141.29,2026-06-12,16.76,16.66,19.98,27.69,2.62,-24.75
INDORAMA,45.35,2026-06-12,3.47,5.88,19.94,28.65,-4.3,-8.66
APTECHT,114.66,2026-06-12,12.64,11.39,19.93,47.02,22.86,-24.1
DBSTOCKBRO,32.57,2026-06-12,3.23,-2.6,19.87,29.3,28.38,5.2
TRITURBINE,671.2,2026-06-12,1.15,-3.35,19.71,42.72,26.52,12.37
SOLARA,608.55,2026-06-12,15.94,11.17,19.65,35.85,3.06,19.57
EQUIPPP,18.41,2026-06-12,10.64,0.55,19.55,17.26,-16.28,-0.05
SJLOGISTIC,350.35,2026-06-12,-5.69,7.24,19.39,27.26,-2.4,-29.71
GULFPETRO,39.92,2026-06-12,-0.13,3.82,19.31,26.85,13.44,-14.39
VGL,69.83,2026-06-12,0.97,5.1,19.29,15.84,-6.65,-9.6
SBCL,695.5,2026-06-12,-4.93,-4.83,19.28,64.21,54.6,40.25
GENSOL,24.92,2026-06-12,0.0,25.86,19.23,9.54,-11.13,-50.55
DIFFNKG,361.75,2026-06-12,10.88,11.75,19.06,43.13,15.23,18.34
VIMTALABS,554.85,2026-06-12,5.29,20.06,19.05,26.26,-7.69,10.58
DIACABS,201.91,2026-06-12,1.85,10.34,18.93,47.57,43.52,101.03
BCG,10.91,2026-06-12,-1.89,8.77,18.85,13.76,-2.5,6.44
HONASA,413.65,2026-06-12,-0.3,2.68,18.81,47.47,58.21,32.2
SUDEEPPHRM,749.5,2026-06-12,2.69,-3.97,18.78,23.25,7.26,
ORBTEXP,187.94,2026-06-12,1.59,4.1,18.73,16.0,1.26,4.08
ZYDUSLIFE,1104.7,2026-06-12,1.57,1.24,18.7,20.48,18.89,14.16
VMARCIND,1399.65,2026-06-12,1.24,-0.37,18.63,106.85,111.86,349.83
IDEAFORGE,869.1,2026-06-12,-7.42,7.88,18.63,103.94,104.3,56.71
ORTINGLOBE,17.42,2026-06-12,-12.55,16.06,18.58,5.58,33.59,53.08
MANALIPETC,65.2,2026-06-12,4.6,9.52,18.44,32.68,6.75,2.28
RELAXO,342.65,2026-06-12,7.36,4.53,18.4,13.22,-15.41,-20.56
SHEMAROO,118.57,2026-06-12,8.43,16.78,18.4,13.66,8.86,7.39
GKENERGY,143.54,2026-06-12,6.47,17.15,18.36,32.82,-9.2,
BAJEL,198.49,2026-06-12,3.39,2.96,18.35,36.02,19.13,-10.9
INDSWFTLAB,163.03,2026-06-12,4.01,-0.71,18.34,13.63,66.51,47.86
ACMESOLAR,335.75,2026-06-12,-4.68,9.29,18.31,39.85,47.18,37.75
SMCGLOBAL,72.24,2026-06-12,11.34,21.47,18.27,1.86,-13.57,4.75
PARACABLES,64.12,2026-06-12,1.25,5.86,18.26,93.48,73.53,17.18
FERMENTA,338.35,2026-06-12,-1.6,12.37,18.22,,,
SURYALA,422.55,2026-06-12,-4.29,-12.32,18.1,,,
PSPPROJECT,917.2,2026-06-12,7.58,9.21,18.08,36.18,2.12,38.63
ENRIN,3606.9,2026-06-12,3.02,-2.97,18.04,25.81,24.85,
SANSTAR,116.48,2026-06-12,2.05,3.51,17.99,34.5,25.38,25.65
AMIABLE,76.85,2026-06-12,0.0,5.42,17.96,5.42,23.95,1.12
AKUMS,622.9,2026-06-12,14.22,18.73,17.88,24.84,47.24,9.41
KODYTECH,945.45,2026-06-12,13.6,13.13,17.86,27.76,-6.52,10.2
ROLLT,2.71,2026-06-12,16.81,32.84,17.83,110.08,99.26,41.15
LOTUSEYE,135.1,2026-06-12,14.57,24.88,17.83,30.52,4.45,88.37
SYRMA,1266.7,2026-06-12,5.45,14.4,17.81,68.85,71.45,139.9
MODINATUR,429.95,2026-06-12,-2.38,-9.46,17.78,57.55,9.43,
TMB,767.05,2026-06-12,5.52,7.07,17.52,24.29,53.77,75.25
THOMASCOOK,109.78,2026-06-12,4.73,16.87,17.5,19.86,-21.13,-32.86
GAYAPROJ,21.86,2026-06-12,6.22,11.3,17.46,72.13,89.59,137.87
IBULLSLTD,23.51,2026-06-12,0.81,6.48,17.43,136.52,24.13,33.28
SHBAJRG,199.22,2026-06-12,-0.6,16.36,17.34,,,
TAALTECH,3345.1,2026-06-12,0.74,-5.64,17.3,,,
PALREDTEC,44.5,2026-06-12,-5.32,-4.81,17.26,49.78,13.23,-19.5
SHREEJISPG,483.1,2026-06-12,5.11,3.16,17.23,32.63,45.85,
GTLINFRA,1.5,2026-06-12,-0.66,5.63,17.19,38.89,18.11,-26.83
SKFINDUS,2386.9,2026-06-12,0.17,11.2,17.11,9.97,-6.45,
SVLL,694.85,2026-06-12,-18.17,11.03,17.06,29.15,-3.43,-13.14
QUESS,244.02,2026-06-12,3.37,18.06,16.97,30.0,20.79,-16.48
TVSSCS,132.26,2026-06-12,5.83,17.53,16.91,25.57,20.84,-1.74
INSPIRISYS,111.09,2026-06-12,-6.21,-11.5,16.85,37.15,25.75,5.55
HINDWAREAP,251.79,2026-06-12,17.15,17.1,16.85,19.15,-8.46,-10.93
PPAP,248.9,2026-06-12,19.25,19.77,16.77,22.96,14.05,-2.17
OMNI,470.15,2026-06-12,-4.65,-5.05,16.73,113.37,,
MOREPENLAB,50.12,2026-06-12,16.91,7.76,16.72,24.49,20.74,-23.75
HLEGLAS,381.4,2026-06-12,4.19,19.5,16.62,24.76,-17.36,-13.91
SHYAMMETL,983.75,2026-06-12,0.81,2.32,16.61,26.15,22.82,16.58
VIYASH,249.95,2026-06-12,-0.73,-0.18,16.42,27.49,19.21,28.44
IIFL,518.9,2026-06-12,5.5,10.92,16.42,7.95,-10.03,9.82
STOVEKRAFT,655.95,2026-06-12,4.79,5.65,16.42,29.12,5.58,9.18
POWERMECH,2789.5,2026-06-12,12.17,11.1,16.38,40.87,24.82,-8.8
KHFM,66.0,2026-06-12,8.91,1.85,16.3,8.2,-0.38,-18.52
ANTELOPUS,836.55,2026-06-12,-6.92,2.83,16.29,45.27,110.9,17.54
HFCL,171.86,2026-06-12,-3.38,-5.72,16.29,130.78,158.2,95.51
SOMANYCERA,514.15,2026-06-12,3.74,-2.25,16.24,37.65,23.61,-4.56
BANCOINDIA,689.55,2026-06-12,9.84,5.35,16.23,21.56,-1.6,16.0
UMESLTD,5.74,2026-06-12,3.8,2.32,16.19,-4.01,13.66,-0.52
RICOAUTO,133.19,2026-06-12,0.81,19.32,16.12,19.12,12.36,68.07
AGARIND,483.55,2026-06-12,2.81,15.52,16.06,8.85,-29.46,-50.32
ADANIENSOL,1489.6,2026-06-12,-5.15,-0.46,15.99,48.31,47.3,69.86
BBTCL,221.78,2026-06-12,-0.02,-1.8,15.96,34.41,12.13,36.48
CENTENKA,501.9,2026-06-12,1.05,3.18,15.9,21.5,11.64,6.1
DIAMONDYD,1129.4,2026-06-12,0.12,2.39,15.82,18.14,3.75,3.63
TMPV,390.0,2026-06-12,0.26,1.33,15.78,20.17,12.25,-45.48
PROTEAN,617.4,2026-06-12,3.74,2.8,15.78,12.01,-19.99,-34.53
MOLDTKPAC,676.1,2026-06-12,-1.6,-2.01,15.69,31.59,18.51,-3.04
TBOTEK,1352.8,2026-06-12,13.77,10.05,15.68,11.58,-18.47,3.93
KPRMILL,1065.8,2026-06-12,2.69,7.43,15.67,17.2,9.74,-3.4
MONARCH,339.95,2026-06-12,1.43,3.08,15.67,35.2,11.81,8.21
GREENLAM,252.39,2026-06-12,9.84,9.25,15.65,12.98,0.17,3.57
INDNIPPON,890.25,2026-06-12,0.57,-0.2,15.58,12.6,13.56,25.48
AIAENG,4333.7,2026-06-12,-4.66,-4.18,15.57,16.41,15.57,26.25
ELGIEQUIP,603.85,2026-06-12,1.14,4.07,15.47,23.07,23.77,14.17
GVT&D,4942.5,2026-06-12,4.18,3.94,15.41,31.81,62.0,114.48
MOTHERSON,143.4,2026-06-12,3.16,1.15,15.4,19.7,18.59,39.31
DHARAN,0.15,2026-06-12,7.14,7.14,15.38,7.14,-50.0,-66.67
SASKEN,2120.6,2026-06-12,-0.51,-6.59,15.22,97.38,72.59,45.14
BLUEJET,512.5,2026-06-12,13.67,14.74,15.22,35.82,-8.24,-46.75
HESTERBIO,1952.9,2026-06-12,-0.52,-3.18,15.22,36.04,21.67,5.29
GANESHHOU,762.75,2026-06-12,1.11,7.63,15.11,20.18,-6.26,-22.61
TALBROAUTO,359.75,2026-06-12,-0.76,4.73,15.03,42.93,28.14,22.49
ALKYLAMINE,1831.8,2026-06-12,2.4,14.22,15.02,40.46,14.76,-7.92
HALDYNGL,124.59,2026-06-12,8.85,13.07,14.88,,,
PRINCEPIPE,276.9,2026-06-12,3.86,7.51,14.85,8.52,9.77,-20.69
IFBIND,1287.8,2026-06-12,3.92,3.31,14.82,26.11,-19.99,-20.45
STEELXIND,11.49,2026-06-12,-4.41,-10.16,14.79,44.17,40.64,35.66
DCMFINSERV,5.51,2026-06-12,-2.99,-9.82,14.79,-18.25,4.16,-19.8
ROTO,64.52,2026-06-12,5.41,15.86,14.78,7.16,5.27,-33.49
WABAG,1577.8,2026-06-12,2.17,1.4,14.77,23.31,26.65,0.51
KAMDHENU,29.29,2026-06-12,13.7,25.65,14.73,31.7,12.96,-11.21
SUNDRMBRAK,727.85,2026-06-12,-0.55,4.4,14.71,27.3,7.97,-13.05
DCM,92.89,2026-06-12,-2.3,9.59,14.71,52.58,0.67,-14.85
ACUTAAS,3145.3,2026-06-12,-5.15,4.19,14.7,43.77,89.02,185.5
DUCON,3.75,2026-06-12,12.61,5.04,14.68,20.19,5.04,-39.81
ASTEC,769.6,2026-06-12,-0.21,4.25,14.61,22.87,9.33,-4.53
GLOTTIS,67.0,2026-06-12,0.69,2.97,14.61,48.89,11.13,
MTARTECH,7159.5,2026-06-12,1.52,1.27,14.58,103.74,205.24,325.91
JETFREIGHT,22.02,2026-06-12,-2.82,2.13,14.57,16.63,18.58,48.18
RHETAN,29.96,2026-06-12,0.27,-1.67,14.48,19.6,20.9,
CAMLINFINE,136.73,2026-06-12,7.38,16.31,14.48,-5.66,-16.55,-54.47
RISHABH,556.45,2026-06-12,9.33,13.19,14.44,41.82,38.89,82.23
SERVOTECH,102.53,2026-06-12,2.87,4.24,14.43,44.08,23.9,-32.43
PROV,1539.0,2026-06-12,6.14,-3.81,14.42,32.1,23.61,52.6
MUFTI,88.1,2026-06-12,1.76,6.43,14.39,12.83,-10.08,-47.22
PARIN,729.2,2026-06-12,3.51,6.29,14.36,2.68,23.8,104.63
INDOCO,248.8,2026-06-12,24.69,18.37,14.23,24.39,2.58,-11.21
NETWEB,4587.4,2026-06-12,7.57,-0.71,14.23,42.19,43.32,154.2
MAZDA,232.28,2026-06-12,4.62,-0.18,14.2,23.14,5.09,-4.83
EXXARO,7.67,2026-06-12,17.46,17.46,14.14,10.2,-4.96,-24.21
SYNOPTICS,67.3,2026-06-12,15.34,45.83,14.07,40.06,4.34,-10.68
ADOR,1165.7,2026-06-12,3.3,5.84,14.0,16.75,8.58,15.62
DIVGIITTS,819.0,2026-06-12,5.93,1.56,13.96,15.06,37.99,39.53
MCLEODRUSS,64.12,2026-06-12,-7.74,-16.56,13.89,66.11,31.74,82.57
DIXON,11546.0,2026-06-12,1.35,0.72,13.89,6.88,-13.7,-20.44
BFUTILITIE,621.85,2026-06-12,1.85,8.97,13.77,40.8,2.84,-21.6
JASH,466.55,2026-06-12,7.67,10.23,13.76,24.47,4.94,-15.53
LANDMARK,422.95,2026-06-12,2.04,13.13,13.74,19.58,-18.43,-15.99
LYKALABS,69.6,2026-06-12,9.28,21.3,13.69,26.71,-10.41,-41.39
IXIGO,178.22,2026-06-12,17.5,9.51,13.66,5.96,-30.4,-1.39
JOCIL,151.06,2026-06-12,2.07,1.5,13.62,20.77,4.31,-8.83
AVG,178.43,2026-06-12,20.67,20.07,13.61,33.46,7.79,-39.15
ADANIGREEN,1485.7,2026-06-12,-0.32,2.68,13.59,71.45,42.83,46.26
ABDL,644.45,2026-06-12,13.53,16.84,13.57,39.01,3.15,56.41
GRANDOAK,32.93,2026-06-12,21.6,29.14,13.55,,,
ANGELONE,339.5,2026-06-12,4.24,1.16,13.51,60.5,32.93,14.32
NBCC,105.16,2026-06-12,1.64,0.73,13.49,21.46,-3.9,-12.3
EASEMYTRIP,8.34,2026-06-12,24.48,19.31,13.47,15.19,8.31,-24.18
GCSL,431.65,2026-06-12,4.99,3.46,13.47,18.26,25.85,
INDOAMIN,130.91,2026-06-12,1.05,3.16,13.44,31.01,10.24,-14.36
BHARATCOAL,37.57,2026-06-12,-3.86,-1.47,13.4,4.91,,
UTLSOLAR,310.15,2026-06-12,-0.85,1.82,13.36,63.41,51.46,
GLOBALPET,153.0,2026-06-12,0.0,-3.16,13.33,42.33,17.69,11.68
GALAPREC,928.9,2026-06-12,6.41,3.35,13.32,24.02,23.5,2.06
SIGNORIA,69.15,2026-06-12,15.54,15.64,13.18,6.14,-29.37,-44.19
EXIDEIND,391.95,2026-06-12,1.57,-0.08,13.18,26.44,4.87,-0.09
UNIVCABLES,1176.6,2026-06-12,1.58,7.58,13.11,85.47,31.43,85.01
MAHABANK,87.3,2026-06-12,9.66,14.16,13.09,32.07,57.77,66.35
RAJRATAN,459.2,2026-06-12,7.43,10.94,13.09,18.83,3.12,9.53
WELENT,552.25,2026-06-12,4.0,8.05,13.08,17.24,7.37,7.15
AMANTA,151.82,2026-06-12,16.03,25.25,13.05,54.32,43.77,
IDFCFIRSTB,76.5,2026-06-12,7.1,7.37,13.03,18.09,-7.04,8.33
ZENTEC,1793.8,2026-06-12,2.32,10.81,13.03,26.45,29.13,-5.66
SHOPERSTOP,374.65,2026-06-12,8.05,6.56,13.02,21.23,-14.66,-26.92
GANDHAR,159.48,2026-06-12,1.21,1.22,13.0,22.71,28.6,-7.29
AIMTRON,1262.55,2026-06-12,4.7,6.14,13.0,63.77,55.37,126.89
GREENPLY,290.98,2026-06-12,1.43,17.63,13.0,47.11,5.7,-11.66
QUADFUTURE,342.25,2026-06-12,-0.12,5.93,12.99,6.89,27.85,-31.18
AARNAV,24.98,2026-06-12,1.75,-0.08,12.93,-1.3,,
E2E,386.4,2026-06-12,-10.2,-6.18,12.81,64.94,83.58,45.84
SIS,421.15,2026-06-12,3.6,3.32,12.77,46.23,32.28,16.5
SPECTRUM,1598.5,2026-06-12,-4.86,10.23,12.75,11.18,31.65,-0.47
NSLNISP,47.24,2026-06-12,-2.21,-6.46,12.74,24.68,13.53,18.49
UNIVASTU,80.1,2026-06-12,2.1,0.64,12.71,22.8,21.03,-0.06
TTML,46.44,2026-06-12,6.81,9.3,12.69,18.08,-5.42,-39.61
CHENNPETRO,1137.7,2026-06-12,-4.5,3.72,12.68,21.5,23.65,73.87
SSWL,231.63,2026-06-12,3.97,17.97,12.63,20.28,22.84,-3.82
ZENITHDRUG,43.9,2026-06-12,3.05,0.69,12.56,8.53,-17.17,-35.82
PRECOT,697.35,2026-06-12,-3.19,-8.56,12.51,42.77,58.42,30.53
RBLBANK,365.85,2026-06-12,6.06,7.98,12.48,22.03,18.94,64.68
NITINSPIN,559.35,2026-06-12,6.66,10.94,12.47,55.2,76.09,44.17
AHCL,15.06,2026-06-12,7.11,10.82,12.47,22.69,6.46,
MANBA,124.75,2026-06-12,6.61,10.81,12.41,7.92,-10.13,-14.54
SAILIFE,1218.1,2026-06-12,1.97,6.37,12.39,20.74,35.43,62.36
TINNARUBR,853.65,2026-06-12,1.02,6.23,12.35,27.47,7.03,-9.71
MITTAL,1.01,2026-06-12,3.06,1.0,12.22,21.69,-21.09,-31.76
VMART,719.75,2026-06-12,10.24,5.87,12.15,36.61,-5.41,-21.38
HSCL,680.5,2026-06-12,1.99,12.78,12.13,50.41,46.37,42.98
RKSWAMY,99.56,2026-06-12,1.23,0.04,12.13,1.17,-12.53,-47.0
QMSMEDI,95.3,2026-06-12,4.73,10.81,12.12,16.22,3.36,7.39
TEGA,1756.5,2026-06-12,-0.89,-3.03,12.11,-2.62,-8.63,13.34
INDIGO,4709.7,2026-06-12,8.03,5.76,12.09,10.77,-3.1,-13.86
REDINGTON,236.13,2026-06-12,2.87,1.25,12.07,-3.84,-15.86,-19.34
MANORAMA,1564.4,2026-06-12,3.5,8.8,12.05,18.03,15.33,10.72
MARINE,244.05,2026-06-12,5.22,-2.85,12.01,33.76,20.29,4.93
MPSLTD,1814.9,2026-06-12,3.15,-3.9,12.01,23.3,-9.16,-29.18
DATAPATTNS,4545.7,2026-06-12,9.77,18.38,11.89,36.43,75.23,55.61
ARVIND,494.5,2026-06-12,0.34,3.2,11.88,41.98,55.43,41.62
SILLYMONKS,18.12,2026-06-12,8.76,10.35,11.85,11.78,-23.02,16.01
RRKABEL,2168.2,2026-06-12,0.63,6.92,11.83,51.22,52.26,59.36
SMARTLINK,165.99,2026-06-12,1.0,7.7,11.79,42.95,25.23,0.56
LRRPL,87.75,2026-06-12,11.78,7.8,11.78,39.29,10.87,14.63
MIDHANI,435.1,2026-06-12,3.39,6.69,11.74,31.28,45.15,1.58
CGCL,208.48,2026-06-12,4.96,5.28,11.64,23.32,13.22,19.44
KTKBANK,275.7,2026-06-12,7.44,3.76,11.6,21.61,36.35,36.81
ASTERDM,814.95,2026-06-12,6.37,13.04,11.58,19.66,31.94,45.28
MUNJALAU,97.94,2026-06-12,6.42,12.43,11.56,24.91,23.6,27.69
AMNPLST,190.18,2026-06-12,2.03,4.23,11.54,25.71,9.01,-28.24
AKCAPIT,1717.0,2026-06-12,1.27,-0.61,11.49,,,
PARKHOSPS,274.6,2026-06-12,-2.99,0.2,11.48,38.19,,
APOLSINHOT,1278.2,2026-06-12,1.37,2.53,11.44,11.95,7.18,-0.12
THYROCARE,528.9,2026-06-12,-2.3,1.25,11.35,44.09,21.38,64.56
UWCSL,97.5,2026-06-12,4.9,-0.31,11.3,-5.39,-14.47,-38.72
ATHERENERG,1028.7,2026-06-12,2.64,9.74,11.3,44.78,59.46,227.82
TIRUPATIFL,45.12,2026-06-12,5.84,0.02,11.3,2.38,37.52,10.59
MAJESAUT,335.6,2026-06-12,0.45,-0.06,11.29,,,
EQUITASBNK,75.54,2026-06-12,0.95,8.83,11.24,33.11,28.69,8.55
WENDT,7681.5,2026-06-12,15.5,11.48,11.2,15.5,-5.15,-9.19
BELRISE,228.23,2026-06-12,5.8,6.14,11.17,21.35,42.73,123.95
AYE,149.86,2026-06-12,7.13,0.55,11.13,42.17,,
LAXMIDENTL,226.74,2026-06-12,1.47,-1.55,11.13,23.45,-15.16,-47.2
MANAKCOAT,107.87,2026-06-12,4.08,5.5,11.11,-4.0,-20.47,-11.51
COMSYN,169.9,2026-06-12,11.04,11.02,11.04,10.8,21.37,34.03
SADBHIN,3.02,2026-06-12,0.67,4.14,11.03,1.68,-19.03,-43.87
SIYSIL,617.95,2026-06-12,1.98,7.36,10.95,25.05,-3.74,-10.61
ZEEMEDIA,8.63,2026-06-12,1.41,5.63,10.93,9.38,-3.79,-38.36
TITAGARH,858.65,2026-06-12,2.45,7.14,10.91,30.92,10.3,-5.93
GULPOLY,206.4,2026-06-12,-3.27,12.77,10.91,29.91,51.64,13.79
IGIL,366.75,2026-06-12,0.4,1.13,10.88,14.29,15.39,-4.77
FEDERALBNK,315.7,2026-06-12,3.64,9.54,10.85,16.82,20.8,53.84
AIIL,530.15,2026-06-12,16.11,15.77,10.83,17.96,1.53,6.12
UCL,152.65,2026-06-12,-1.99,-1.99,10.78,134.85,218.02,213.45
KREBSBIO,65.23,2026-06-12,-2.86,1.79,10.77,21.43,-5.0,-27.53
GARFIBRES,692.45,2026-06-12,5.57,7.62,10.75,14.43,3.3,-22.13
JMA,94.6,2026-06-12,1.79,7.95,10.75,12.4,19.67,1.23
GTL,8.41,2026-06-12,-4.65,13.96,10.66,23.86,2.56,-30.61
JGCHEM,429.2,2026-06-12,1.08,-1.37,10.63,25.08,16.85,12.87
LIKHITHA,231.57,2026-06-12,1.92,21.54,10.61,54.58,25.64,-24.17
CLSEL,300.05,2026-06-12,12.15,3.99,10.58,20.24,16.91,-12.99
BHAGCHEM,270.04,2026-06-12,14.99,10.89,10.54,36.72,17.81,-11.18
PAGEIND,38625.0,2026-06-12,0.19,3.76,10.52,25.65,5.38,-15.27
AQYLON,56.85,2026-06-12,-1.58,-7.61,10.39,-35.91,-96.58,-91.33
BCLIND,37.79,2026-06-12,2.08,17.65,10.37,33.72,16.89,-12.81
SHAILY,2972.0,2026-06-12,-3.48,-5.49,10.34,55.49,21.44,68.56
USK,24.62,2026-06-12,-5.6,8.51,10.3,0.0,7.37,-40.75
NITTAGELA,1414.2,2026-06-12,-2.06,-14.23,10.26,,,
GEMAROMA,171.75,2026-06-12,5.17,15.59,10.24,-2.87,21.52,
WANBURY,274.55,2026-06-12,8.78,3.0,10.22,6.68,15.7,-8.67
GOLDSTAR,7.55,2026-06-12,-6.79,-11.18,10.22,-3.21,7.09,-24.88
AHLWEST,560.7,2026-06-12,-2.71,1.53,10.21,288.97,288.97,288.97
SUPRAJIT,460.3,2026-06-12,-0.32,-0.58,10.16,12.04,3.87,0.44
SANGAMIND,542.25,2026-06-12,3.56,3.14,10.14,27.12,22.31,29.71
XPROINDIA,1207.1,2026-06-12,3.61,7.6,10.1,40.61,25.08,-3.44
BIOFILCHEM,36.25,2026-06-12,2.69,4.11,10.05,18.35,7.69,-30.15
IVC,8.44,2026-06-12,5.24,3.94,10.04,20.74,4.2,-1.21
GREAVESCOT,185.04,2026-06-12,-2.22,2.52,10.04,29.11,1.69,-9.74
CUB,201.7,2026-06-12,8.88,5.84,10.02,10.29,-1.62,39.09
SOLARINDS,17143.0,2026-06-12,-5.36,-5.82,10.0,18.02,39.33,3.01
NDTV,81.25,2026-06-12,-0.34,-0.76,9.98,5.34,-1.1,-49.13
GKWLIMITED,1842.6,2026-06-12,2.14,10.0,9.97,11.68,8.12,-11.7
LAURUSLABS,1394.3,2026-06-12,-0.74,0.42,9.96,33.33,37.87,109.5
AGI,645.75,2026-06-12,7.64,7.87,9.94,19.48,-10.96,-21.88
APCOTEXIND,529.3,2026-06-12,3.52,8.57,9.91,49.34,44.94,40.74
GIPCL,160.59,2026-06-12,-1.75,-1.15,9.87,17.24,8.71,-20.73
AFIL,10.13,2026-06-12,-0.78,-0.39,9.87,24.14,43.28,24.6
VENUSPIPES,1414.3,2026-06-12,0.45,2.99,9.87,39.26,12.77,-0.26
SOUTHWEST,242.5,2026-06-12,-2.86,-5.93,9.81,20.97,24.02,66.23
STUDDS,500.85,2026-06-12,14.01,11.95,9.79,-2.64,-8.03,
BIMETAL,631.5,2026-06-12,2.03,2.08,9.77,,,
OAL,327.0,2026-06-12,3.92,4.69,9.77,31.85,15.2,-13.22
BLUESTONE,520.5,2026-06-12,-5.28,4.92,9.76,0.48,-1.32,
KRISHIVAL,404.55,2026-06-12,0.42,2.64,9.75,27.54,-9.31,17.8
SURYAROSNI,263.01,2026-06-12,6.56,5.28,9.72,18.39,0.71,-22.04
MAXESTATES,431.75,2026-06-12,-1.24,-4.04,9.71,15.19,-2.8,-13.96
CGPOWER,914.45,2026-06-12,1.22,2.25,9.69,24.03,37.63,35.59
ASIANPAINT,2747.4,2026-06-12,3.32,4.37,9.65,23.69,-0.63,23.98
SREEL,197.74,2026-06-12,0.98,-2.58,9.65,1.89,-9.15,-19.86
PATINTLOG,13.11,2026-06-12,-0.68,-4.52,9.62,36.0,-4.1,-16.45
DENEERS,225.5,2026-06-12,3.44,10.97,9.6,55.62,45.53,-35.24
TRUALT,501.25,2026-06-12,-2.84,1.22,9.53,24.5,23.11,
BANSWRAS,132.56,2026-06-12,12.36,7.6,9.52,18.47,16.11,-12.33
ORIENTHOT,108.32,2026-06-12,3.15,10.04,9.47,23.24,1.85,-29.88
GMRAIRPORT,103.65,2026-06-12,3.32,6.79,9.46,11.11,-0.66,26.54
PGIL,1630.9,2026-06-12,0.24,0.01,9.46,8.21,3.12,21.4
FOCUS,91.81,2026-06-12,-0.77,9.43,9.44,36.97,12.8,-26.39
LMW,15759.0,2026-06-12,1.15,0.97,9.37,8.53,2.46,-4.61
STYL,279.8,2026-06-12,6.53,6.17,9.33,10.11,-5.35,
ZIMLAB,114.39,2026-06-12,6.24,12.07,9.31,76.88,55.95,7.69
NDLVENTURE,129.58,2026-06-12,0.5,-0.87,9.22,13.04,44.09,93.91
DDEVPLSTIK,255.38,2026-06-12,4.2,3.49,9.18,-1.81,-9.82,-10.44
GRAVISSHO,29.57,2026-06-12,3.75,1.97,9.11,,,
BANKBARODA,274.75,2026-06-12,5.98,7.3,9.11,-1.92,-0.29,17.86
SONAMLTD,54.91,2026-06-12,0.4,-4.85,9.1,-6.1,26.29,9.27
SHIVAUM,360.0,2026-06-12,7.78,13.21,9.09,30.91,19.6,28.34
EVEREADY,345.6,2026-06-12,7.21,9.49,9.02,10.38,6.42,6.44
JAGRAN,62.49,2026-06-12,-1.42,-6.13,8.98,13.99,2.2,-0.63
SHANTIGOLD,225.56,2026-06-12,2.59,-1.86,8.96,10.75,16.32,
ACSTECH,39.51,2026-06-12,9.45,19.26,8.96,,,
CUMMINSIND,5621.5,2026-06-12,0.2,-1.04,8.94,18.26,22.76,71.57
TRAVELFOOD,1241.7,2026-06-12,2.93,-0.27,8.93,4.13,-3.47,
VASWANI,59.51,2026-06-12,0.98,6.48,8.93,7.55,1.73,29.09
UDS,182.55,2026-06-12,-0.28,4.13,8.88,21.92,5.52,-39.27
KNAGRI,203.98,2026-06-12,6.56,10.24,8.88,13.54,-0.96,-9.46
MWL,379.55,2026-06-12,1.59,0.77,8.72,38.83,40.7,127.55
ISFT,84.77,2026-06-12,-0.67,-1.07,8.71,15.81,-15.03,-22.65
IFGLEXPOR,187.69,2026-06-12,-1.53,6.36,8.69,21.96,-9.94,-26.19
ASAHIINDIA,883.6,2026-06-12,0.71,-1.69,8.68,3.2,-11.3,18.26
GROWW,198.97,2026-06-12,4.8,7.14,8.67,25.75,37.1,
GEECEE,322.05,2026-06-12,-1.03,-0.49,8.65,22.62,-5.42,-17.04
EMAMIPAP,85.63,2026-06-12,0.98,-1.64,8.65,14.1,-4.37,-10.73
NAZARA,285.85,2026-06-12,6.64,4.88,8.65,17.88,26.62,-8.29
UNITEDPOLY,32.95,2026-06-12,-0.63,-2.83,8.64,22.04,9.76,70.2
PTCIL,18602.0,2026-06-12,1.81,0.61,8.52,3.59,2.01,21.13
CIPLA,1389.4,2026-06-12,0.11,0.87,8.52,5.9,-7.58,-5.68
JAYAGROGN,225.85,2026-06-12,2.75,-2.46,8.5,22.88,10.56,-13.0
MUFIN,122.46,2026-06-12,3.21,1.37,8.45,17.37,10.89,62.74
COOLCAPS,26.3,2026-06-12,11.44,16.11,8.45,11.44,-62.91,-96.74
JSWDULUX,3168.4,2026-06-12,0.01,0.31,8.4,8.62,-12.02,3.31
SHUBHLAXMI,24.55,2026-06-12,6.28,23.06,8.39,-15.34,-29.25,47.89
CHAMBLFERT,470.2,2026-06-12,4.79,0.16,8.37,8.32,8.47,-11.89
JSWENERGY,559.35,2026-06-12,-2.03,-3.8,8.36,8.29,16.39,8.6
STLNETWORK,27.56,2026-06-12,2.26,-6.54,8.33,40.97,22.0,
MUKTAARTS,60.55,2026-06-12,-1.34,-8.16,8.3,27.96,-1.21,-22.51
FINOPB,136.21,2026-06-12,6.64,7.49,8.21,-23.34,-49.21,-48.82
WELINV,1788.0,2026-06-12,-0.67,-2.03,8.21,34.88,24.71,56.79
SENCO,338.35,2026-06-12,-1.38,-0.34,8.19,13.52,8.64,-3.51
VIVIANA,817.55,2026-06-12,-3.31,-11.53,8.16,31.14,2.03,-36.58
DLINKINDIA,501.65,2026-06-12,2.36,8.17,8.11,27.27,17.36,-1.39
ICICIBANK,1340.8,2026-06-12,7.25,8.16,8.1,5.87,-1.84,-5.2
INNOVACAP,942.45,2026-06-12,8.32,9.49,8.1,32.01,31.03,-0.02
RAINBOW,1365.0,2026-06-12,1.62,-0.34,8.06,16.27,-1.43,-6.2
TRIDHYA,10.1,2026-06-12,13.48,12.22,8.02,-7.34,-30.34,-54.09
PATELRMART,217.43,2026-06-12,17.33,19.39,7.99,26.17,4.61,
BAJAJCON,591.65,2026-06-12,2.83,5.83,7.98,67.68,132.89,232.89
UNIHEALTH,473.3,2026-06-12,2.42,15.54,7.97,39.21,52.46,156.67
RELIGARE,239.82,2026-06-12,6.73,1.79,7.88,13.89,2.64,3.39
BBL,2778.6,2026-06-12,-1.06,1.35,7.88,15.39,-1.68,-5.31
CNL,705.05,2026-06-12,-1.97,11.35,7.86,8.1,-9.62,0.33
DEEPINDS,495.4,2026-06-12,-3.05,-1.7,7.85,45.19,12.27,15.27
ADANIPORTS,1812.9,2026-06-12,0.86,2.08,7.84,30.83,19.55,26.53
CYIENTDLM,449.7,2026-06-12,3.33,3.86,7.78,45.23,4.98,-3.94
RPTECH,558.4,2026-06-12,2.45,0.51,7.78,59.77,61.97,82.99
PITTIENG,993.0,2026-06-12,8.52,8.26,7.76,22.81,20.51,-2.52
BEARDSELL,27.77,2026-06-12,-5.54,-5.12,7.76,18.17,-8.8,-17.48
BANKA,90.6,2026-06-12,-0.06,0.09,7.72,76.33,37.17,27.02
AEROENTER,109.78,2026-06-12,9.0,16.7,7.7,54.55,36.97,24.49
PRIVISCL,3444.3,2026-06-12,6.26,4.2,7.68,20.04,11.97,46.19
INFOBEAN,169.4,2026-06-12,0.24,6.16,7.68,31.22,-2.34,77.8
AXISBANK,1356.3,2026-06-12,6.96,6.3,7.63,9.87,5.46,11.92
IL&FSENGG,28.92,2026-06-12,-0.31,-1.13,7.59,26.4,11.23,-23.69
NCLIND,185.03,2026-06-12,1.38,-0.31,7.58,0.69,-5.95,-14.05
GEOJITFSL,75.02,2026-06-12,2.96,5.71,7.57,26.02,7.29,-8.85
GUJRAFFIA,40.91,2026-06-12,-1.49,-3.45,7.54,10.33,-26.47,-2.73
GRINDWELL,1921.0,2026-06-12,-1.77,3.95,7.52,29.1,21.43,6.38
HCC,23.37,2026-06-12,2.32,4.85,7.5,45.25,30.27,-32.32
QUADPRO,2.15,2026-06-12,-2.27,4.88,7.5,-2.27,-20.37,-37.68
AEGISVOPAK,217.85,2026-06-12,18.23,12.95,7.49,12.6,-12.79,-9.59
THEMISMED,103.99,2026-06-12,0.31,-1.29,7.46,26.17,0.68,-27.69
SMLMAH,3883.8,2026-06-12,4.52,6.2,7.46,1.5,3.16,108.26
SJS,2115.2,2026-06-12,2.62,5.31,7.45,31.67,26.86,81.44
KEI,5369.5,2026-06-12,4.3,3.78,7.45,24.01,32.18,46.21
SBC,37.18,2026-06-12,1.61,0.9,7.43,15.5,32.98,151.73
MTNL,30.84,2026-06-12,3.59,3.42,7.42,18.25,-16.33,-43.32
KIRLPNU,1606.0,2026-06-12,0.69,3.39,7.38,43.37,54.54,22.16
QUINT,42.85,2026-06-12,2.81,11.5,7.37,,,
BANKINDIA,145.68,2026-06-12,4.0,6.54,7.35,-2.8,6.6,26.98
AVROIND,11.0,2026-06-12,-8.1,6.8,7.32,-19.03,-4.08,-36.64
KHANDSE,18.22,2026-06-12,-1.51,-5.94,7.3,0.66,-16.69,-20.71
PDSL,305.8,2026-06-12,-1.12,0.63,7.3,6.62,-15.62,-26.29
SHINDL,156.49,2026-06-12,1.3,1.07,7.29,,,
KOTAKBANK,403.3,2026-06-12,6.95,6.86,7.26,7.46,-7.36,-5.08
PROLIFE,62.8,2026-06-12,0.0,10.18,7.26,-0.16,-21.5,-57.17
SADHAV,120.5,2026-06-12,-3.45,7.11,7.25,20.14,21.59,14.82
SAAKSHI,254.45,2026-06-12,3.43,7.82,7.25,41.36,37.28,46.36
ELECON,536.85,2026-06-12,3.32,6.7,7.25,37.69,11.5,-19.33
RITCO,251.75,2026-06-12,0.66,-5.5,7.18,22.84,-8.87,-12.57
GNFC,503.85,2026-06-12,3.66,0.91,7.17,16.36,2.65,-3.72
KOVAI,5811.0,2026-06-12,5.32,8.22,7.15,125.53,125.53,125.53
TIMESCAN,42.95,2026-06-12,3.49,4.12,7.11,-8.62,-23.98,-35.66
BGLOBAL,3.32,2026-06-12,0.0,1.84,7.1,16.9,-12.63,5.73
INDHOTEL,679.45,2026-06-12,4.17,5.06,7.1,8.72,-7.56,-8.51
ARIHANTACA,469.0,2026-06-12,2.4,4.22,7.08,-6.2,-1.26,70.37
MMTC,68.06,2026-06-12,4.15,6.28,7.08,22.34,23.07,-4.49
TVSSRICHAK,3985.4,2026-06-12,0.79,2.19,7.07,12.27,-6.83,38.3
NELCO,722.55,2026-06-12,5.9,5.28,7.07,21.75,-4.42,-31.38
NAVKARCORP,102.04,2026-06-12,6.88,8.09,7.03,15.53,7.44,-9.11
PNB,106.88,2026-06-12,4.05,5.98,7.01,-5.68,-6.64,4.77
PREMIERENE,1034.6,2026-06-12,-5.13,-1.72,7.01,31.17,12.63,1.16
SEAMECLTD,1583.5,2026-06-12,-1.04,-2.52,6.99,18.15,54.16,83.65
GRASIM,3105.5,2026-06-12,1.82,0.09,6.98,16.18,9.48,15.9
ABB,6770.5,2026-06-12,-2.69,-3.66,6.98,6.07,28.8,13.12
BOSCHLTD,39060.0,2026-06-12,6.69,6.42,6.98,24.77,6.39,25.6
SKYGOLD,508.95,2026-06-12,3.39,-2.5,6.97,46.63,57.55,37.5
JSWINFRA,291.0,2026-06-12,8.4,6.24,6.97,12.38,6.11,-4.16
PVTBANIETF,27.85,2026-06-12,5.77,5.93,6.95,6.22,-4.2,0.29
VBL,522.2,2026-06-12,0.01,-0.63,6.93,27.32,9.04,9.91
MEGASTAR,321.75,2026-06-12,6.79,13.11,6.93,36.32,27.47,31.73
GSPCROP,449.9,2026-06-12,3.18,3.29,6.92,,,
SHEETAL,294.0,2026-06-12,0.53,-0.34,6.91,23.53,96.46,121.82
SUZLON,55.08,2026-06-12,1.19,2.13,6.91,29.81,3.89,-16.14
CEIGALL,375.05,2026-06-12,7.03,9.66,6.91,37.96,59.79,48.2
GUJTHEM,387.3,2026-06-12,-3.64,-2.88,6.9,30.03,-0.69,12.11
PARAGMILK,233.5,2026-06-12,-0.07,3.94,6.89,14.51,-27.03,10.96
SAATVIKGL,476.4,2026-06-12,3.53,7.35,6.88,31.82,26.85,
SHALBY,168.93,2026-06-12,-1.41,-0.21,6.88,13.63,-12.7,-7.07
VISHNUINFR,168.85,2026-06-12,7.68,3.05,6.87,6.36,-0.38,-8.65
GRAUWEIL,72.61,2026-06-12,-1.01,6.22,6.84,-37.19,-37.19,-37.19
JAYKAY,172.25,2026-06-12,-2.91,1.72,6.83,26.67,-16.46,
GHCLTEXTIL,91.69,2026-06-12,-4.92,-7.8,6.83,25.71,26.87,-2.45
WINDLAS,824.3,2026-06-12,1.24,1.38,6.75,11.85,5.41,-10.87
ASHAPURMIN,692.05,2026-06-12,3.18,-3.39,6.71,30.19,-7.16,77.28
RESPONIND,174.73,2026-06-12,2.82,-3.4,6.71,6.46,-10.2,-17.99
JLHL,1315.7,2026-06-12,-1.31,0.8,6.68,5.0,-7.2,-14.61
VAIBHAVGBL,230.46,2026-06-12,3.19,2.34,6.64,7.37,-1.78,-7.48
KRISHCA,180.0,2026-06-12,2.27,3.9,6.64,3.24,-1.77,-34.19
MANUGRAPH,15.42,2026-06-12,-5.57,-0.96,6.64,7.91,-3.93,-27.91
BANKBETA,58.83,2026-06-12,5.37,6.34,6.63,3.48,,
NPBET,285.48,2026-06-12,5.93,6.12,6.61,5.81,-4.13,-0.08
OBCL,59.89,2026-06-12,11.46,13.47,6.6,7.72,7.66,8.4
AGUL,63.9,2026-06-12,0.0,0.0,6.59,-12.35,-1.69,38.91
ARVEE,170.68,2026-06-12,6.78,6.67,6.56,12.73,-16.38,-2.63
SADBHAV,9.12,2026-06-12,-1.72,-2.98,6.54,-1.3,-8.53,-31.84
HDFCPVTBAN,28.05,2026-06-12,5.73,5.65,6.53,5.81,-4.23,-0.11
ADFFOODS,283.2,2026-06-12,1.56,6.15,6.53,52.22,34.36,0.42
NECCLTD,16.58,2026-06-12,10.83,8.79,6.49,20.49,-13.19,-35.74
SHEKHAWATI,14.43,2026-06-12,1.33,-2.24,6.49,13.62,-27.92,-36.04
CSBBANK,366.35,2026-06-12,3.49,2.03,6.45,5.56,-6.1,-5.81
SBIETFPB,280.88,2026-06-12,5.37,5.78,6.44,6.08,-4.09,-0.31
ANANTRAJ,534.75,2026-06-12,-0.47,-0.72,6.43,13.87,-2.85,-3.84
ADANIPOWER,223.07,2026-06-12,-1.23,-3.97,6.41,49.6,54.38,96.66
POWERINDIA,34325.0,2026-06-12,-1.96,-5.65,6.38,37.96,75.71,101.57
RELTD,136.0,2026-06-12,11.34,10.68,6.37,0.02,-17.83,-10.65
TIINDIA,3141.8,2026-06-12,2.8,2.79,6.36,23.22,18.41,5.64
SAYAJIHOTL,295.0,2026-06-12,1.41,8.7,6.34,,,
TASTYBITE,8179.0,2026-06-12,2.68,13.02,6.33,16.11,0.97,-25.28
GAIL,170.5,2026-06-12,1.13,4.13,6.33,11.91,2.99,-7.99
WINDMACHIN,324.55,2026-06-12,14.02,16.28,6.32,36.94,17.08,-13.5
PSUBNKBEES,95.3,2026-06-12,4.06,6.55,6.3,-2.99,3.73,21.7
SGFIN,611.75,2026-06-12,7.39,9.3,6.28,57.08,58.92,
WELCORP,1402.3,2026-06-12,4.14,1.79,6.28,66.1,76.77,52.5
HDFCPSUBK,86.46,2026-06-12,4.19,6.19,6.28,-3.09,3.91,22.1
TAJGVK,330.2,2026-06-12,2.69,-3.53,6.28,8.35,-14.41,-20.76
BANKPSU,86.1,2026-06-12,4.09,6.45,6.27,-3.04,4.04,22.09
INOXGREEN,189.9,2026-06-12,11.1,12.13,6.27,25.35,-6.93,11.77
SINDHUTRAD,24.45,2026-06-12,-1.85,-6.0,6.26,-2.4,13.83,-12.74
USHAMART,486.5,2026-06-12,-1.48,-0.87,6.26,15.52,10.42,58.29
SBIN,1017.15,2026-06-12,3.58,6.61,6.25,-4.58,7.51,28.48
SAMHI,163.49,2026-06-12,2.64,-0.69,6.25,11.61,-8.49,-26.35
PIRAMALFIN,2017.2,2026-06-12,3.27,4.86,6.23,13.5,33.43,
GROWWPSUBK,85.77,2026-06-12,4.61,4.3,6.22,,,
AVANTEL,166.53,2026-06-12,3.59,-3.85,6.2,15.83,9.39,3.43
JBCHEPHARM,2257.7,2026-06-12,3.91,5.49,6.18,6.37,26.94,31.28
BANK10ADD,16.83,2026-06-12,5.72,4.93,6.18,2.11,,
PRUDENT,2909.1,2026-06-12,11.3,6.57,6.17,27.99,11.12,3.78
QUINTEGRA,1.38,2026-06-12,0.0,-2.13,6.15,15.0,-7.38,-13.21
AURUM,183.39,2026-06-12,-0.36,2.46,6.14,4.78,4.82,-12.66
BFINVEST,437.3,2026-06-12,2.92,1.32,6.14,16.83,6.63,-10.15
IDBI,75.39,2026-06-12,4.93,4.61,6.14,-23.7,-24.44,-21.09
BIRLACABLE,194.13,2026-06-12,-8.73,-4.65,6.12,40.75,45.22,8.26
SAKUMA,1.91,2026-06-12,-0.52,-8.17,6.11,19.37,-13.18,-44.48
CEATLTD,3334.3,2026-06-12,7.35,4.29,6.09,-12.41,-10.62,-10.37
RTNINDIA,36.4,2026-06-12,-0.25,6.4,6.09,36.18,-10.06,-40.25
RAJPALAYAM,842.4,2026-06-12,4.26,0.55,6.08,,,
BANKETF,576.84,2026-06-12,4.95,5.8,6.07,3.09,-4.19,1.85
AURIGROW,0.35,2026-06-12,0.0,12.9,6.06,45.83,-54.55,-25.53
BALPHARMA,86.19,2026-06-12,1.35,0.34,6.05,20.56,17.19,-18.02
VISHWARAJ,5.8,2026-06-12,3.02,-1.19,6.03,4.32,-18.19,-43.69
HDFCNIFBAN,58.21,2026-06-12,4.88,5.74,6.03,2.9,-4.37,1.89
LT,4049.3,2026-06-12,4.48,0.96,6.02,9.93,0.36,13.46
SCPL,451.4,2026-06-12,-1.98,1.14,6.01,34.29,59.04,34.65
FMNL,10.25,2026-06-12,0.29,-5.7,6.0,24.09,12.64,-34.38
HITECH,89.65,2026-06-12,5.37,7.12,5.99,11.34,-2.05,-13.1
INDIGOPNTS,995.2,2026-06-12,6.94,-0.27,5.97,21.66,-19.35,-10.49
HYUNDAI,1990.1,2026-06-12,5.04,5.72,5.97,-0.23,-15.03,2.71
CORONA,1728.3,2026-06-12,-0.71,2.98,5.95,8.79,,
SETFNIFBK,580.66,2026-06-12,4.79,5.75,5.94,2.82,-4.48,1.78
APOLLOHOSP,8498.0,2026-06-12,1.67,4.8,5.93,12.19,19.83,21.78
DCMNVL,161.57,2026-06-12,0.98,4.79,5.91,42.4,25.06,-11.01
HCL-INSYS,12.19,2026-06-12,-4.84,0.58,5.91,0.41,-11.28,-32.13
POLYCAB,9554.0,2026-06-12,0.62,0.78,5.9,28.16,31.3,58.8
BANKNIFTY1,58.68,2026-06-12,4.64,5.46,5.9,3.15,-90.43,-89.82
BANKIETF,58.04,2026-06-12,4.65,5.62,5.89,2.91,-4.45,10.38
SITINET,0.36,2026-06-12,-2.7,5.88,5.88,5.88,-5.26,-29.41
VERANDA,226.92,2026-06-12,0.96,-2.05,5.87,50.01,19.35,12.61
AXISBNKETF,581.86,2026-06-12,4.65,5.45,5.87,2.91,-4.67,1.23
BANKBEES,585.42,2026-06-12,4.78,5.77,5.86,2.84,-4.52,1.75
PSUBANK,853.0,2026-06-12,3.72,5.85,5.86,-3.5,3.69,21.3
BANKADD,57.88,2026-06-12,4.86,5.7,5.83,2.81,-4.47,1.79
DHARMAJ,277.6,2026-06-12,0.93,-3.06,5.83,13.16,16.84,-1.28
PSUBNKIETF,86.45,2026-06-12,3.81,6.06,5.78,-3.3,3.82,21.9
YATRA,103.14,2026-06-12,6.99,5.51,5.78,-1.5,-41.66,8.44
ABSLBANETF,57.89,2026-06-12,4.72,5.5,5.77,2.84,-4.53,1.72
INDIFRA,13.75,2026-06-12,3.77,-2.83,5.77,-7.41,-16.67,-19.12
MPHASIS,2270.4,2026-06-12,-2.73,-1.74,5.77,3.9,-22.05,-13.08
PVTBANKADD,27.9,2026-06-12,5.6,5.28,5.76,5.68,-4.09,-0.11
PSUBANKADD,85.82,2026-06-12,3.41,6.12,5.75,-3.9,3.51,21.56
UNITECH,4.78,2026-06-12,-1.24,-0.62,5.75,6.46,-20.33,-52.3
ITI,299.25,2026-06-12,1.0,1.29,5.74,15.56,-1.92,-9.11
SHERA,157.85,2026-06-12,-0.72,-3.6,5.73,39.44,28.54,2.57
MAITHANALL,1014.5,2026-06-12,3.25,-2.05,5.72,8.99,8.17,-14.59
SBIBPB,49.4,2026-06-12,3.43,5.99,5.71,-3.63,3.15,21.11
TARIL,315.1,2026-06-12,1.78,1.12,5.7,7.76,12.46,-37.48
BANKBETF,57.37,2026-06-12,4.63,5.65,5.69,2.61,-4.61,1.65
PIDILITIND,1535.5,2026-06-12,5.19,5.37,5.68,10.67,3.97,1.48
MANOMAY,193.36,2026-06-12,13.51,10.07,5.67,-14.07,-13.97,13.78
ABSL10BANK,167.59,2026-06-12,5.09,5.44,5.66,1.49,,
JINDALPOLY,751.95,2026-06-12,17.86,12.75,5.66,-19.95,52.05,22.14
ACE,931.05,2026-06-12,5.33,6.48,5.65,7.53,-0.29,-24.08
EBANKNIFTY,56.97,2026-06-12,4.82,5.54,5.64,2.56,-4.94,1.39
AJAXENGG,548.3,2026-06-12,-2.68,-6.81,5.63,16.52,-8.94,-10.26
MASON,138.1,2026-06-12,17.03,27.4,5.62,-4.79,-31.29,5.99
DCAL,184.64,2026-06-12,0.15,-5.61,5.61,11.75,-15.95,-34.51
LAL,7.34,2026-06-12,-0.81,-3.17,5.61,5.01,-18.81,-44.05
KPIL,1301.6,2026-06-12,2.74,-0.02,5.6,13.47,10.99,12.48
MANAKSTEEL,66.15,2026-06-12,-1.77,-2.1,5.59,20.16,14.94,9.07
LOKESHMACH,265.6,2026-06-12,5.17,6.33,5.56,26.18,52.99,52.42
MOTILALOFS,888.45,2026-06-12,8.2,4.31,5.55,27.39,3.59,7.73
BERGEPAINT,515.15,2026-06-12,4.73,0.44,5.54,21.87,-4.82,-8.78
QUICKTOUCH,26.65,2026-06-12,11.74,2.9,5.54,-13.61,-24.61,-59.44
JINDALPHOT,1099.0,2026-06-12,-3.05,10.12,5.51,-11.18,-28.04,29.24
KANORICHEM,96.85,2026-06-12,5.29,3.39,5.49,55.56,26.85,0.7
BOMDYEING,127.15,2026-06-12,1.57,2.03,5.47,16.99,-3.22,-17.63
HALDER,243.57,2026-06-12,1.95,8.64,5.46,-4.48,,
MOBANK10,16.8,2026-06-12,5.2,5.4,5.46,,,
UNIDT,226.64,2026-06-12,-5.86,-4.44,5.45,25.9,7.99,10.92
RRIL,20.3,2026-06-12,-0.44,0.69,5.45,,,
THERMAX,4726.3,2026-06-12,0.64,-5.34,5.43,49.32,64.66,32.9
AMBIKCO,1607.1,2026-06-12,-0.81,-4.05,5.43,17.18,26.09,3.54
KAYA,254.98,2026-06-12,6.69,9.46,5.43,-18.58,-28.34,-25.68
INDIANCARD,214.04,2026-06-12,-4.17,-2.43,5.42,10.47,-11.81,-34.88
BBNPNBETF,56.95,2026-06-12,4.82,5.27,5.4,2.56,-4.92,1.93
TPLPLASTEH,66.72,2026-06-12,3.27,-4.59,5.37,7.35,0.08,-18.76
VIPIND,314.95,2026-06-12,-0.25,-5.22,5.37,-9.38,-10.41,-24.43
TATACAP,326.05,2026-06-12,4.32,8.34,5.36,2.34,0.46,
GUJGASLTD,388.0,2026-06-12,-3.0,-2.22,5.36,-0.1,-1.93,-17.61
AMBALALSA,32.56,2026-06-12,-5.95,-8.62,5.34,,,
HAWKINCOOK,7684.5,2026-06-12,1.31,2.55,5.34,,,
PCJEWELLER,8.92,2026-06-12,0.79,-3.46,5.31,1.36,-15.85,-29.21
VARDMNPOLY,7.17,2026-06-12,3.61,8.14,5.29,-13.09,14.17,-41.33
PRIMESECU,289.65,2026-06-12,-0.46,3.59,5.25,7.26,3.19,12.24
SARLAPOLY,97.82,2026-06-12,-2.16,-0.54,5.23,22.87,14.21,-13.21
WPIL,455.65,2026-06-12,8.89,4.69,5.21,,,
NAVINFLUOR,7303.0,2026-06-12,6.53,4.48,5.2,17.55,19.42,61.78
KPITTECH,749.0,2026-06-12,-0.83,-4.72,5.19,11.58,-39.36,-44.58
AVTNPL,70.01,2026-06-12,-1.62,0.56,5.17,14.6,5.35,7.25
SYNCOMF,14.27,2026-06-12,0.85,-3.39,5.16,15.08,-4.36,-34.69
PIXTRANS,1604.2,2026-06-12,1.49,1.89,5.16,10.92,10.41,2.45
LLOYDSENGG,70.94,2026-06-12,1.42,-0.49,5.14,61.48,36.19,16.53
HINDPETRO,388.9,2026-06-12,4.33,0.08,5.14,1.18,-15.44,2.73
INDIANB,845.5,2026-06-12,2.43,6.64,5.13,-5.07,9.4,38.14
GRANULES,766.45,2026-06-12,0.01,-1.61,5.13,30.63,33.41,46.74
FIEMIND,2308.7,2026-06-12,1.35,3.27,5.13,9.85,0.49,24.71
INDUSTOWER,421.2,2026-06-12,-1.16,-2.38,5.09,-4.72,1.45,10.05
PARAGON,45.7,2026-06-12,-7.11,-9.95,5.06,4.34,2.81,-25.69
PROPEQUITY,229.0,2026-06-12,6.51,2.69,5.05,27.93,23.78,9.05
BPCL,302.35,2026-06-12,6.03,1.85,5.04,-7.35,-14.84,1.09
RUPA,149.51,2026-06-12,1.31,-6.11,5.04,15.91,-8.14,-29.89
KIOCL,398.65,2026-06-12,2.74,2.68,5.02,25.01,15.58,28.87
SMVD,11.55,2026-06-12,0.0,5.0,5.0,8.45,63.83,-37.9
SPIC,68.89,2026-06-12,3.64,2.1,4.98,9.18,-14.55,-17.42
NMDC,90.93,2026-06-12,1.5,-1.56,4.98,12.44,20.21,31.18
JPPOWER,18.39,2026-06-12,-0.65,-2.13,4.97,29.78,0.77,3.72
PRITIKAUTO,14.38,2026-06-12,8.53,6.76,4.96,16.91,7.55,-23.59
ABCAPITAL,358.1,2026-06-12,4.1,2.15,4.95,11.92,-1.34,47.38
KRBL,366.8,2026-06-12,6.78,6.12,4.93,14.86,-5.96,-0.95
GFSTEELS,13.61,2026-06-12,0.0,4.93,4.93,15.53,26.96,46.82
NYKAA,273.5,2026-06-12,5.07,2.55,4.93,11.66,8.92,40.62
BSE,4041.1,2026-06-12,3.17,-0.63,4.91,41.76,47.76,46.73
NAM-INDIA,1089.1,2026-06-12,3.21,-0.35,4.91,28.68,25.11,51.31
JSWCEMENT,127.37,2026-06-12,0.7,1.06,4.91,6.28,5.06,
KRISHNADEF,1210.5,2026-06-12,4.52,10.59,4.9,12.34,62.48,32.58
UNIVAFOODS,8.57,2026-06-12,0.0,4.9,4.9,-11.65,-36.85,-27.0
IPCALAB,1583.0,2026-06-12,-4.03,6.21,4.9,1.42,7.99,14.62
AGRITECH,117.91,2026-06-12,-22.51,7.91,4.86,13.16,-8.97,-27.54
JINDRILL,599.6,2026-06-12,-2.06,-0.57,4.86,16.43,18.57,-8.01
UNIONBANK,170.05,2026-06-12,2.95,4.62,4.85,-6.62,11.33,16.82
MANINDS,545.95,2026-06-12,7.9,12.19,4.84,32.83,23.13,44.35
MHRIL,235.47,2026-06-12,11.92,7.53,4.84,-11.46,-25.07,-32.23
HTMEDIA,22.61,2026-06-12,0.18,1.57,4.82,5.95,2.08,11.32
JINDALSAW,238.5,2026-06-12,1.02,-0.99,4.82,21.08,49.32,-2.14
SAGARDEEP,24.65,2026-06-12,-1.32,-2.65,4.8,8.02,-4.83,-19.68
TCL,97.45,2026-06-12,0.52,-0.51,4.78,3.67,-4.18,4.9
MONQ50,137.28,2026-06-12,-6.63,-2.78,4.75,40.83,37.75,84.22
IMPAL,1065.6,2026-06-12,1.89,0.8,4.75,4.63,3.84,0.08
EMCURE,1736.2,2026-06-12,0.97,1.82,4.75,14.66,20.69,26.45
VIPCLOTHNG,24.77,2026-06-12,-4.69,-5.17,4.74,31.13,-26.17,-37.47
VOLTAMP,9719.5,2026-06-12,1.1,6.03,4.69,11.26,19.99,13.51
KIMS,785.1,2026-06-12,-2.01,4.14,4.67,18.17,18.5,18.72
TVVISION,5.39,2026-06-12,8.23,2.67,4.66,-3.58,-30.63,-34.11
FACT,902.35,2026-06-12,4.16,3.88,4.63,6.77,9.1,-12.4
CANBK,131.67,2026-06-12,3.11,6.29,4.62,-3.08,-7.24,21.83
RAYMONDREL,593.4,2026-06-12,3.53,6.39,4.62,52.54,22.7,
GICHSGFIN,155.36,2026-06-12,5.16,4.43,4.61,6.24,-4.05,-17.91
MANAV,41.25,2026-06-12,0.0,-2.02,4.56,-3.51,49.73,164.42
KARNIKA,133.4,2026-06-12,-0.07,-1.91,4.55,16.0,10.25,-79.73
SAIL,184.09,2026-06-12,0.17,-9.62,4.54,19.81,39.57,43.42
TORNTPHARM,4571.2,2026-06-12,3.65,5.08,4.53,3.02,21.63,41.78
TNPETRO,90.5,2026-06-12,6.15,3.71,4.53,8.32,-13.26,-4.26
THELEELA,429.8,2026-06-12,5.03,4.88,4.52,-1.3,8.08,4.18
MRPL,161.01,2026-06-12,6.24,9.48,4.47,-15.9,10.38,15.15
GPTHEALTH,148.17,2026-06-12,0.66,3.52,4.46,16.64,6.03,0.25
NIRLON,620.0,2026-06-12,0.8,2.84,4.46,,,
NAUKRI,972.2,2026-06-12,-2.7,-3.17,4.44,1.76,-29.28,-33.36
VSSL,276.15,2026-06-12,1.43,1.92,4.44,13.57,-4.41,7.65
VIPULLTD,9.4,2026-06-12,-6.93,4.33,4.44,-20.34,-8.2,-19.59
ARROWGREEN,575.65,2026-06-12,8.13,5.52,4.43,57.35,10.54,-5.74
PCBL,290.25,2026-06-12,3.66,1.33,4.43,6.71,-7.39,-26.51
20MICRONS,182.37,2026-06-12,-1.5,-0.05,4.42,11.82,-4.27,-19.7
CARBORUNIV,1053.1,2026-06-12,-0.13,2.18,4.41,33.73,20.64,13.43
ABMINTLLTD,41.34,2026-06-12,-3.75,-8.28,4.39,-12.42,-2.06,-15.63
ABSLAMC,1101.2,2026-06-12,5.46,8.03,4.37,10.1,46.45,44.06
YESBANK,23.02,2026-06-12,0.09,0.04,4.35,19.21,5.02,12.73
BANDHANBNK,204.6,2026-06-12,0.83,-1.23,4.35,14.94,36.79,16.2
PGINVIT,93.77,2026-06-12,0.43,1.06,4.31,6.36,6.42,22.55
SPECIALITY,105.89,2026-06-12,-0.35,-2.03,4.3,5.84,-9.28,-15.08
MOTOUR,73.97,2026-06-12,3.31,3.14,4.29,3.43,-12.72,
IGL,163.52,2026-06-12,-0.06,-0.61,4.28,0.99,-10.74,-17.38
INDTERRAIN,31.28,2026-06-12,-3.01,0.39,4.27,7.38,-10.96,-22.4
ACCENTMIC,459.4,2026-06-12,-3.43,0.16,4.24,33.33,35.36,98.66
ARVINDFASN,450.2,2026-06-12,-2.94,-3.3,4.24,14.45,-8.64,-6.58
ASAHISONG,257.32,2026-06-12,4.82,-0.49,4.21,36.34,2.6,-39.87
BTTL,35.0,2026-06-12,0.89,1.83,4.2,,,
ALPEXSOLAR,953.4,2026-06-12,-1.94,-5.53,4.19,29.98,9.96,-0.72
SMARTWORKS,446.35,2026-06-12,-1.11,2.41,4.19,13.56,-5.5,
ATALREAL,29.46,2026-06-12,4.54,1.41,4.17,29.27,21.94,56.37
ASHIMASYN,16.04,2026-06-12,-1.47,-0.31,4.16,6.51,-12.54,-43.5
DCBBANK,179.86,2026-06-12,4.88,3.73,4.14,4.23,5.88,25.42
GROWWHOSPI,52.21,2026-06-12,0.91,5.41,4.13,11.16,,
FORTIS,990.35,2026-06-12,0.13,6.58,4.12,15.22,13.31,30.46
MBLINFRA,26.55,2026-06-12,-8.07,-3.66,4.12,8.63,-21.4,-42.08
BIOCON,419.0,2026-06-12,2.38,-1.56,4.11,6.83,8.45,19.11
MANAPPURAM,305.2,2026-06-12,2.01,-3.43,4.09,19.62,6.47,13.5
ABSMARINE,231.9,2026-06-12,-5.02,-19.17,4.08,42.23,10.51,43.24
JBMA,683.8,2026-06-12,4.79,5.7,4.07,33.02,19.79,-3.49
KICL,5029.0,2026-06-12,2.43,0.76,4.02,7.19,0.3,-4.18
ERIS,1404.6,2026-06-12,2.89,1.9,4.02,4.48,-10.18,-21.16
KRN,1261.2,2026-06-12,7.48,19.89,4.02,40.77,62.68,68.95
AMAGI,425.95,2026-06-12,4.13,4.12,4.0,11.9,,
OMAXAUTO,227.05,2026-06-12,1.82,-11.71,4.0,128.21,131.22,163.97
DATAMATICS,778.4,2026-06-12,1.25,-2.78,3.99,6.35,-5.81,23.85
HCG,630.5,2026-06-12,0.41,-2.42,3.98,12.53,-11.84,15.69
APOLLOPIPE,495.0,2026-06-12,4.45,2.61,3.97,19.19,64.84,7.4
WEALTH,941.1,2026-06-12,3.6,-1.63,3.97,-1.86,-5.95,-25.5
CREST,378.85,2026-06-12,5.27,10.1,3.97,11.21,5.29,-6.22
BFSI,27.02,2026-06-12,5.38,4.36,3.96,1.85,-5.52,-1.06
SUDARCOLOR,356.65,2026-06-12,-0.83,-1.57,3.95,6.38,-19.5,-39.15
PREMIER,2.95,2026-06-12,1.72,-1.67,3.87,2.08,6.12,-15.47
NGIL,37.95,2026-06-12,-8.36,-7.66,3.86,51.26,28.08,22.78
SAHLIBHFI,76.68,2026-06-12,2.84,-6.68,3.85,,,
CDSL,1227.9,2026-06-12,2.89,1.05,3.85,1.41,-19.56,-24.71
JSFB,479.75,2026-06-12,1.66,-0.95,3.85,36.35,10.52,-5.33
STARTECK,264.95,2026-06-12,-1.8,-1.05,3.84,5.6,-1.87,-8.17
SILKFLEX,221.8,2026-06-12,16.74,33.41,3.84,63.69,150.62,107.68
SUMICHEM,461.85,2026-06-12,0.37,-4.11,3.82,18.87,1.07,-6.86
DEN,27.18,2026-06-12,0.67,2.1,3.82,0.63,-11.21,-27.23
LENSKART,494.1,2026-06-12,-2.09,-4.79,3.81,-2.07,21.71,
SAFARI,1535.1,2026-06-12,-1.37,-4.47,3.81,-6.4,-33.12,-29.36
AARTECH,41.65,2026-06-12,1.02,-0.86,3.79,4.65,-15.84,-41.13
EFCIL,186.85,2026-06-12,-0.06,4.47,3.78,-14.44,-36.68,
BAJAJHCARE,303.8,2026-06-12,4.56,3.33,3.76,1.11,-26.44,-42.16
DHANBANK,32.41,2026-06-12,3.05,-3.31,3.75,39.04,28.2,6.86
BHARTIARTL,1822.5,2026-06-12,0.51,0.66,3.74,1.18,-12.52,-0.35
RBA,68.85,2026-06-12,0.23,1.32,3.72,12.54,1.38,-13.94
BASML,24.75,2026-06-12,-0.24,-0.04,3.69,20.79,-11.13,-32.14
JUBLCPL,1880.6,2026-06-12,3.51,9.3,3.68,8.17,-19.6,8.02
CERA,6144.0,2026-06-12,12.26,10.07,3.67,31.62,16.84,-11.46
CANFINHOME,862.3,2026-06-12,4.81,3.02,3.66,-1.17,-5.08,9.88
SWANDEF,1977.9,2026-06-12,-2.22,-7.37,3.66,-13.27,64.92,1004.29
NAHARINDUS,117.26,2026-06-12,1.25,-2.32,3.64,27.11,7.51,-13.22
RILINFRA,34.3,2026-06-12,-4.85,-9.86,3.63,5.38,-3.65,-14.89
BLACKROSE,90.21,2026-06-12,-3.09,-4.24,3.63,,,
BBTC,1518.8,2026-06-12,2.47,0.9,3.63,-3.32,-17.98,-22.65
JSWSTEEL,1297.6,2026-06-12,2.93,-0.14,3.62,10.66,15.29,30.68
GENUSPOWER,318.8,2026-06-12,5.98,2.95,3.61,24.6,5.13,-16.61
KEEPLEARN,2.01,2026-06-12,0.5,-3.37,3.61,2.55,-22.09,-42.9
EMMBI,83.25,2026-06-12,0.01,-1.19,3.6,0.46,-13.3,-28.45
URBANCO,126.45,2026-06-12,5.16,5.37,3.56,10.53,-1.86,
NUVAMA,1588.1,2026-06-12,3.14,2.0,3.56,35.44,9.04,11.8
HECPROJECT,118.83,2026-06-12,-2.24,-5.88,3.56,6.98,-7.27,-27.33
COFORGE,1367.2,2026-06-12,-3.79,-6.43,3.54,23.4,-25.96,-22.85
MARKOLINES,166.24,2026-06-12,2.09,-0.7,3.54,9.84,-2.49,
MEDANTA,1235.1,2026-06-12,2.04,5.67,3.52,11.96,7.18,4.3
OFSS,9327.5,2026-06-12,-4.39,-8.47,3.52,43.32,20.08,3.58
STCINDIA,118.26,2026-06-12,-0.66,0.56,3.49,7.96,-3.34,-23.89
RCF,127.35,2026-06-12,3.49,1.84,3.48,5.54,-7.14,-18.8
PLASTIBLEN,174.2,2026-06-12,1.99,1.68,3.47,25.91,6.7,-14.11
LLOYDSME,1761.9,2026-06-12,3.02,-3.01,3.47,46.3,36.84,17.84
GOKUL,40.66,2026-06-12,0.79,-3.19,3.46,-1.36,-0.34,-12.45
RML,922.7,2026-06-12,4.15,1.18,3.42,14.46,24.51,3.31
RAMCOIND,291.6,2026-06-12,-3.03,2.1,3.33,5.52,-8.07,6.63
LFIC,149.51,2026-06-12,5.25,3.08,3.32,18.73,-17.19,-31.38
RADICO,3541.7,2026-06-12,1.63,1.02,3.3,23.94,9.85,36.98
HGS,427.6,2026-06-12,6.29,5.22,3.29,14.26,-4.5,-21.43
HARDWYN,23.83,2026-06-12,-2.46,-4.87,3.29,33.95,33.13,66.64
AJMERA,120.84,2026-06-12,3.98,10.84,3.27,-1.08,-39.17,-36.62
FINEORG,4724.7,2026-06-12,0.68,5.19,3.23,8.97,7.16,-1.43
FDC,387.85,2026-06-12,1.73,-1.85,3.23,5.71,-6.23,-14.75
FOSECOIND,4933.8,2026-06-12,4.35,-1.1,3.22,-2.29,-4.32,5.68
KCP,166.39,2026-06-12,6.16,4.69,3.21,12.97,-7.91,-20.41
RIIL,787.85,2026-06-12,5.06,6.53,3.2,14.83,-3.91,-20.61
CCL,1129.3,2026-06-12,-3.73,6.06,3.17,6.48,10.44,37.12
TITAN,4184.0,2026-06-12,-0.2,3.96,3.17,1.32,7.83,21.55
DTL,130.0,2026-06-12,-7.41,-3.7,3.17,34.02,-15.03,-20.25
BTML,6.5,2026-06-12,0.62,2.2,3.17,-4.13,-21.21,-32.78
JISLDVREQS,23.49,2026-06-12,2.8,3.89,3.16,5.53,-12.48,-30.71
DLF,587.05,2026-06-12,4.59,1.21,3.14,5.19,-16.06,-30.25
AUTOIND,74.19,2026-06-12,-4.77,-7.39,3.13,13.88,0.01,-15.46
KHADIM,103.35,2026-06-12,3.24,3.49,3.12,-2.29,-39.66,-62.06
BAGFILMS,4.98,2026-06-12,0.4,0.0,3.11,2.68,-23.03,-30.64
DENORA,737.25,2026-06-12,-2.4,4.86,3.1,4.47,3.94,-18.76
WELSPUNLIV,138.54,2026-06-12,-2.7,-4.54,3.1,19.58,0.87,2.55
DEFENCE,75.17,2026-06-12,0.16,0.93,3.09,11.5,,
MOSERVICE,30.25,2026-06-12,2.86,2.02,3.07,-0.26,-10.29,
NOVARTIND,1301.6,2026-06-12,-3.68,-13.75,3.06,93.62,93.62,93.62
HISARMETAL,154.46,2026-06-12,4.19,7.13,3.06,-0.06,-2.57,-19.81
AVAILFC,157.73,2026-06-03,0.88,0.44,3.02,,,
KIRLOSBROS,1729.4,2026-06-12,1.71,6.49,3.0,8.77,5.34,-5.85
ITDC,585.1,2026-06-12,-2.43,9.05,2.99,26.03,6.16,-3.46
HPL,358.5,2026-06-12,4.23,6.05,2.99,11.3,-8.59,-35.11
PANSARI,276.15,2026-06-12,-0.59,-2.71,2.95,-6.97,-10.15,15.4
HOLMARC,105.0,2026-06-12,-1.87,-2.28,2.94,21.39,0.48,-18.01
HDFCBANK,772.45,2026-06-12,4.58,4.01,2.93,-7.24,-22.87,-19.43
ALPHA,50.19,2026-06-12,2.62,1.39,2.93,9.2,3.46,0.42
FINPIPE,173.02,2026-06-12,2.44,-2.78,2.91,-8.12,4.49,-19.1
MOALPHA50,52.11,2026-06-12,2.64,1.52,2.9,9.02,3.54,
ASHIANA,359.95,2026-06-12,0.14,0.59,2.89,14.6,23.67,2.41
UNIECOM,90.17,2026-06-12,7.28,5.47,2.89,-9.23,-24.4,-34.8
MGL,1094.9,2026-06-12,2.36,1.64,2.87,4.26,-1.49,-18.17
AFFORDABLE,176.8,2026-06-12,3.22,-2.4,2.87,7.58,-15.95,-61.92
CORDSCABLE,211.89,2026-06-12,-0.73,-7.03,2.87,38.12,14.11,5.5
SHANKARA,110.35,2026-06-12,-2.13,-6.96,2.87,3.85,-2.86,-89.33
MBAPL,563.3,2026-06-12,3.14,6.74,2.87,20.63,37.86,61.43
SHREMINVIT,102.0,2026-06-12,0.0,0.99,2.85,6.88,10.48,13.35
CARERATING,1626.0,2026-06-12,1.79,1.57,2.85,-0.32,5.52,-11.04
EVINDIA,30.83,2026-06-12,2.26,1.55,2.84,9.33,-1.41,4.83
DBOL,115.2,2026-06-12,5.21,7.3,2.83,11.68,44.22,40.65
SWSOLAR,208.23,2026-06-12,5.88,14.41,2.83,16.13,-4.42,-36.73
ELGIRUBCO,51.39,2026-06-12,14.51,12.25,2.82,25.49,-2.93,-8.41
GROWWEV,30.78,2026-06-12,2.06,1.42,2.81,9.03,-0.97,4.52
ADROITINFO,9.31,2026-06-12,1.31,4.72,2.76,-3.62,-7.64,-20.56
VARROC,570.35,2026-06-12,-0.13,-0.92,2.74,15.14,-12.27,5.65
INDUSINDBK,917.35,2026-06-12,2.49,1.8,2.74,10.34,8.41,10.54
BEPL,97.15,2026-06-12,-0.62,3.29,2.73,15.92,9.55,-14.2
MOHEALTH,47.89,2026-06-12,0.72,1.61,2.72,8.13,7.14,8.06
JFLLIFE,9.45,2026-06-12,-0.53,0.0,2.72,-12.09,-17.47,-41.3
KABRAEXTRU,237.26,2026-06-12,-0.16,5.73,2.71,2.89,7.56,-16.44
GLOSTERLTD,668.8,2026-06-12,1.74,0.42,2.71,21.92,5.03,-2.16
INTELLECT,743.05,2026-06-12,2.92,1.78,2.7,11.39,-27.86,-37.99
YATHARTH,839.75,2026-06-12,2.78,5.92,2.7,23.89,19.88,60.38
MIDSELIETF,18.32,2026-06-12,1.55,0.38,2.69,10.23,-1.19,4.93
JINDWORLD,29.87,2026-06-12,8.07,-2.16,2.68,37.14,-0.99,-49.98
NLCINDIA,316.3,2026-06-12,-5.79,-5.96,2.66,19.25,31.53,36.44
CRAFTSMAN,8917.5,2026-06-12,-0.65,1.66,2.64,21.26,27.1,69.71
VISAKAIND,76.04,2026-06-12,6.32,6.81,2.63,29.54,14.5,-9.19
SHRIRAMFIN,954.95,2026-06-12,6.5,3.91,2.63,-7.44,12.61,44.46
TECHM,1429.2,2026-06-12,-4.94,-7.39,2.61,5.88,-9.45,-10.57
MOMIDMTM,63.62,2026-06-12,2.45,0.25,2.61,7.19,0.59,
EICHERMOT,7312.0,2026-06-12,3.72,2.98,2.61,4.82,1.15,39.34
HEALTHCARE,20.14,2026-06-12,0.9,1.97,2.6,7.59,,
TCI,933.65,2026-06-12,-3.26,1.56,2.57,-5.83,-10.21,-16.77
PTL,40.75,2026-06-12,2.46,3.77,2.57,8.81,8.05,4.28
NH,1893.9,2026-06-12,-1.43,-0.56,2.56,11.05,1.27,4.05
SHREDIGCEM,73.65,2026-06-12,5.49,2.82,2.56,16.33,-17.63,-4.83
CLEANMAX,1252.7,2026-06-12,2.5,14.88,2.55,39.02,,
INSECTICID,719.0,2026-06-12,2.04,-0.64,2.55,17.88,2.95,-17.46
JPOLYINVST,1076.6,2026-06-12,-1.11,5.45,2.54,-17.99,-1.68,25.54
ASPINWALL,240.79,2026-06-12,1.98,0.38,2.5,13.04,1.68,-14.03
PETRONET,274.75,2026-06-12,3.95,2.76,2.5,-6.33,3.34,-5.16
GATEWAY,58.09,2026-06-12,2.78,4.16,2.49,4.74,-0.54,-6.94
PNC,20.58,2026-06-12,2.75,8.15,2.49,-8.33,-24.34,-27.66
STEELCAS,285.5,2026-06-12,0.16,5.94,2.48,24.0,35.15,31.61
EVIETF,30.75,2026-06-12,1.85,1.12,2.47,8.89,-1.76,4.45
VISHNU,589.95,2026-06-12,0.58,-4.81,2.47,17.11,18.79,6.56
SUNDROP,686.7,2026-06-12,3.6,2.19,2.45,8.51,-4.22,-22.29
CRAMC,250.15,2026-06-12,3.46,0.33,2.44,2.9,-15.71,
UYFINCORP,14.27,2026-06-12,0.42,-4.61,2.44,5.0,-1.45,-22.78
PHARMABEES,25.01,2026-06-12,0.85,0.52,2.42,4.6,7.2,11.35
FISCHER,36.15,2026-06-12,11.88,-0.25,2.41,2.84,-20.9,
GROWWCHEM,29.37,2026-06-12,2.73,1.38,2.41,8.58,,
ROUTE,521.9,2026-06-12,2.13,3.53,2.4,9.65,-22.34,-50.83
IOC,140.94,2026-06-12,3.94,1.54,2.39,-12.0,-10.13,5.09
MOSMALL250,17.18,2026-06-12,2.51,1.6,2.38,12.07,4.44,-0.69
MADHAV,37.78,2026-06-12,3.37,2.44,2.38,6.69,-8.41,-21.32
DUCOL,114.0,2026-06-12,-0.35,5.56,2.38,-3.43,-28.75,1.38
MINDTECK,207.74,2026-06-12,0.98,-1.44,2.37,8.36,5.34,-13.3
BIKAJI,673.8,2026-06-12,3.08,1.34,2.37,8.85,-7.6,-10.12
COROMANDEL,1916.7,2026-06-12,9.46,7.22,2.35,-4.57,-17.29,-16.28
HDFCSML250,172.2,2026-06-12,2.15,1.52,2.35,11.9,4.19,-1.03
JIOFIN,235.89,2026-06-12,3.07,0.4,2.35,-2.61,-21.57,-20.18
LATENTVIEW,301.25,2026-06-12,0.37,-4.79,2.34,2.1,-39.14,-25.74
PODDARMENT,258.5,2026-06-12,4.66,8.43,2.32,16.92,1.35,-12.78
KSOLVES,284.85,2026-06-12,3.79,2.41,2.32,0.87,0.86,-16.03
SMALLADD,17.17,2026-06-12,2.2,1.42,2.32,12.3,,
NEXT50ETF,70.73,2026-06-12,1.45,0.64,2.31,5.82,,
VTL,627.85,2026-06-12,1.45,4.71,2.3,15.98,40.68,29.48
LICI,399.35,2026-06-12,0.97,-1.36,2.3,0.26,-7.94,-14.24
TRANSWORLD,161.16,2026-06-12,-1.3,-1.98,2.27,20.03,-10.68,-44.31
LODHA,899.3,2026-06-12,3.26,0.71,2.27,3.48,-17.58,-37.74
BLACKBUCK,546.4,2026-06-12,6.65,6.41,2.27,-4.56,-16.41,21.33
GROWWNXT50,70.45,2026-06-12,1.22,0.28,2.26,5.76,2.86,
AISL,57.15,2026-06-12,0.0,11.19,2.24,-15.77,-32.29,-41.08
PLADAINFO,11.45,2026-06-12,0.0,3.15,2.23,8.53,-32.65,-31.23
TDPOWERSYS,1192.8,2026-06-12,-2.69,-3.08,2.22,46.79,73.6,140.64
SHRIKRISH,43.31,2026-06-12,-0.46,10.48,2.22,,,
COMPINFO,1.38,2026-06-12,5.34,2.99,2.22,15.97,-18.82,-32.68
TEAMLEASE,1405.1,2026-06-12,1.58,1.82,2.21,25.23,-12.32,-29.82
PREMIERPOL,56.07,2026-06-12,0.95,1.61,2.21,-8.43,31.4,5.27
PONNIERODE,315.3,2026-06-12,-3.53,4.58,2.21,17.11,13.36,-8.17
RACLGEAR,1277.4,2026-06-12,5.02,0.71,2.2,-0.71,22.42,33.2
RCOM,0.93,2026-06-12,-5.1,3.33,2.2,-4.12,-21.19,-49.73
IRBINVIT,60.39,2026-06-12,-0.45,-0.13,2.19,3.11,4.17,11.43
MOMENTUM50,52.35,2026-06-12,2.81,1.24,2.19,7.76,-1.28,-2.28
FEDFINA,152.79,2026-06-12,-0.4,-2.46,2.19,19.15,7.09,32.75
MSPL,41.47,2026-06-12,2.24,1.99,2.19,30.78,14.02,46.69
CMPDI,238.44,2026-06-12,1.57,3.84,2.19,,,
NIF100IETF,27.66,2026-06-12,2.86,1.62,2.18,1.95,-6.49,16.4
TRENT,2755.3,2026-06-12,1.29,-0.44,2.18,17.13,-32.29,-50.97
HEALTHY,16.0,2026-06-12,0.69,2.3,2.17,4.58,5.61,9.14
ALPHAETF,25.61,2026-06-12,1.67,0.55,2.15,8.06,1.47,2.36
MONEXT50,69.89,2026-06-12,1.42,0.13,2.15,5.51,2.84,4.45
LUPIN,2293.3,2026-06-12,1.72,1.34,2.13,-2.71,8.49,14.06
KAKATCEM,127.3,2026-06-12,7.51,3.96,2.13,19.9,-4.86,-17.2
AXISHCETF,158.37,2026-06-12,1.04,1.02,2.13,4.98,5.65,9.0
PARTYCRUS,98.2,2026-06-12,-1.8,-1.8,2.13,21.99,25.9,15.39
ICICIAMC,3238.8,2026-06-12,0.55,-2.4,2.12,10.73,,
AKI,4.86,2026-06-12,0.62,1.04,2.1,-3.76,-33.42,-38.48
DPWIRES,176.65,2026-06-12,0.27,-5.57,2.09,19.37,-9.78,-25.99
POKARNA,846.15,2026-06-12,4.7,4.24,2.07,-4.25,-2.24,-21.64
PATELENG,27.31,2026-06-12,3.8,4.6,2.06,8.67,-9.39,-36.62
GPTINFRA,114.16,2026-06-12,0.92,-1.35,2.06,7.7,12.16,-14.1
CONSUMER,10.91,2026-06-12,1.68,1.02,2.06,5.92,-8.01,-4.72
JUNIORBEES,755.73,2026-06-12,1.46,0.07,2.06,5.57,2.62,4.46
OLECTRA,1296.0,2026-06-12,4.52,5.31,2.05,43.4,6.8,7.6
SURANASOL,27.44,2026-06-12,2.05,1.33,2.05,28.04,-0.22,-26.24
VARDHACRLC,44.52,2026-06-12,-2.13,0.27,2.04,31.44,20.29,-0.3
MOM30IETF,30.97,2026-06-12,3.1,1.28,2.04,4.66,-3.25,-2.09
ASAL,501.3,2026-06-12,1.29,-1.95,2.04,16.55,0.72,-11.63
HEALTHIETF,159.49,2026-06-12,0.67,1.77,2.01,4.43,5.78,9.33
UCOBANK,25.99,2026-06-12,3.84,4.42,2.0,-0.51,-9.07,-16.77
UNITDSPR,1272.4,2026-06-12,2.74,1.89,2.0,-6.68,-11.67,-13.42
YCCL,10.2,2026-06-12,-6.85,3.03,2.0,0.99,-10.53,-26.62
TIIL,2508.4,2026-06-12,0.48,5.16,1.99,23.63,15.2,-13.73
VIKRAMSOLR,209.86,2026-06-12,0.33,6.64,1.99,13.57,-13.66,
TMCV,390.3,2026-06-12,8.73,5.47,1.98,-11.01,5.69,
VIVO,77.5,2026-06-12,1.97,-5.26,1.97,6.75,-0.64,21.09
INFRA,11.92,2026-06-12,0.85,-0.58,1.97,8.46,,
HDFCNEXT50,71.42,2026-06-12,1.43,-0.11,1.97,5.45,2.51,4.34
SMALL250,17.09,2026-06-12,2.03,1.42,1.97,11.77,4.14,
AURIONPRO,777.25,2026-06-12,4.6,0.12,1.97,-15.65,-32.5,-43.71
MOMOMENTUM,61.53,2026-06-12,2.52,1.17,1.96,4.77,-3.15,-2.83
NEXT50IETF,73.82,2026-06-12,1.42,0.05,1.96,5.52,2.49,4.44
MOM100,65.49,2026-06-12,1.31,-0.12,1.95,7.89,0.86,4.37
MIDCAP,17.76,2026-06-12,2.01,0.62,1.95,9.09,-88.87,-88.87
NEXT50,720.32,2026-06-12,1.34,-0.04,1.94,5.48,2.61,4.45
NATHBIOGEN,166.42,2026-06-12,0.15,-6.21,1.89,15.35,8.56,-18.2
GSMFOILS,202.4,2026-06-12,-0.39,0.12,1.89,-2.22,-2.81,38.39
GSEC10YEAR,30.25,2026-06-12,1.24,1.85,1.89,0.93,2.13,4.13
RAYMONDLSL,794.75,2026-06-12,7.17,5.28,1.88,0.9,-30.22,-29.56
MOVALUE,116.22,2026-06-12,0.47,-0.12,1.88,-1.02,3.17,12.45
CHEMICAL,29.28,2026-06-12,2.49,0.97,1.88,7.92,2.23,
CHOICEIN,673.5,2026-06-12,3.92,0.74,1.87,4.38,-9.92,-3.07
GROWWN200,11.06,2026-06-12,1.94,0.64,1.84,2.31,-5.47,-1.3
SBIMIDMOM,62.49,2026-06-12,1.96,0.3,1.83,6.88,,
AGIIL,372.5,2026-06-12,0.93,6.17,1.83,19.33,41.13,115.16
HOMESFY,112.0,2026-06-12,0.0,10.95,1.82,-18.75,-33.09,-64.77
GSEC5IETF,65.71,2026-06-12,0.84,1.8,1.81,1.81,2.72,5.29
BRIGHOTEL,62.31,2026-06-12,-1.6,1.2,1.81,2.69,-14.71,
SETFNN50,747.4,2026-06-12,1.3,-0.21,1.8,5.25,2.49,4.37
DOLLEX,31.2,2026-06-12,-1.27,-0.79,1.79,-0.32,-19.79,-17.02
CAPITALSFB,281.7,2026-06-12,5.03,5.25,1.79,16.53,7.23,-6.81
KARURVYSYA,288.95,2026-06-12,2.68,0.93,1.78,-2.28,17.77,45.41
BANSALWIRE,303.85,2026-06-12,3.95,-1.48,1.78,23.87,-4.91,-21.4
TIRUPATI,498.2,2026-06-12,0.04,2.72,1.78,-4.46,-30.03,3.76
KRONOX,134.57,2026-06-12,1.72,0.4,1.77,19.72,-5.19,-16.01
ALPA,69.69,2026-06-12,2.12,-0.01,1.77,13.34,-13.51,-30.87
3MINDIA,31550.0,2026-06-12,0.03,-3.1,1.77,-8.03,-11.04,9.79
MIDQ50ADD,242.86,2026-06-12,1.15,-0.3,1.76,6.37,-1.69,-3.88
SALSTEEL,59.09,2026-06-12,-5.4,-0.14,1.76,37.07,67.39,230.85
GILT5YBEES,65.39,2026-06-12,0.35,1.63,1.76,1.21,3.07,4.88
RKFORGE,592.2,2026-06-12,10.77,3.04,1.75,5.9,14.92,-9.61
TOP10ADD,87.13,2026-06-12,2.94,1.47,1.75,-0.67,-14.44,-11.42
CANHLIFE,138.68,2026-06-12,-0.97,1.84,1.74,-4.93,13.82,
NEXT50BETA,75.36,2026-06-12,1.3,0.07,1.74,5.52,,
MIDSMALL,50.25,2026-06-12,1.74,0.08,1.74,10.27,4.17,0.0
SUNDRMFAST,840.8,2026-06-12,2.71,0.21,1.74,1.77,-9.74,-14.13
360ONE,1096.8,2026-06-12,3.97,1.67,1.73,5.73,-3.42,2.53
GFLLIMITED,48.15,2026-06-12,6.76,2.43,1.73,4.33,-18.14,-29.15
SAMPANN,27.77,2026-06-12,2.93,4.24,1.72,-10.33,-14.97,-3.04
SICAGEN,54.35,2026-06-12,0.95,-3.7,1.72,123.2,123.2,123.2
MEDICO,42.77,2026-06-12,-2.06,-10.15,1.71,9.84,-16.66,-10.05
KIRIINDUS,400.45,2026-06-12,0.05,2.82,1.71,-0.21,-28.69,-32.15
SHAKTIPUMP,537.15,2026-06-12,3.75,4.67,1.7,2.07,-17.38,-45.8
PASHUPATI,88.37,2026-06-12,-0.95,-6.76,1.7,-11.28,5.96,33.58
ELPROINTL,168.81,2026-06-12,1.22,1.1,1.7,,,
GROWWMC150,222.97,2026-06-12,1.28,-2.57,1.69,6.88,0.63,
BHARATFORG,1945.1,2026-06-12,2.75,1.17,1.68,9.3,36.5,49.91
BSHSL,93.74,2026-06-12,-0.3,-1.34,1.67,11.08,-4.71,-32.97
NAGREEKEXP,26.76,2026-06-12,0.15,-2.9,1.67,14.36,-0.52,-8.23
BAHETI,610.7,2026-06-12,-0.2,1.78,1.66,11.75,1.23,5.23
MID150BEES,230.28,2026-06-12,1.52,0.16,1.66,7.04,1.0,3.89
HDFCMOMENT,30.65,2026-06-12,2.58,1.12,1.66,3.93,-3.19,-2.51
LICNETFGSC,29.0,2026-06-12,0.49,1.12,1.65,0.0,1.22,2.44
DIGISPICE,20.38,2026-06-12,0.69,2.72,1.65,15.53,-14.94,-19.22
HEALTHADD,156.56,2026-06-12,0.64,1.52,1.65,4.17,5.17,9.1
INVPRECQ,629.8,2026-06-12,6.54,4.85,1.65,,,
GROWWMOM50,10.56,2026-06-12,2.33,0.86,1.64,7.32,-1.26,-2.31
STARHEALTH,519.6,2026-06-12,0.16,-2.5,1.64,12.39,11.84,14.11
TARMAT,51.94,2026-06-12,-0.1,-0.88,1.62,-0.29,0.56,-5.18
LTGILTBEES,29.55,2026-06-12,0.58,1.16,1.62,0.14,1.76,2.57
TFL,11.98,2026-06-12,-1.96,-2.6,1.61,-5.07,-11.65,-27.13
ADVANIHOTR,52.19,2026-06-12,-0.13,-0.93,1.6,1.66,-6.95,-13.98
EMBASSY,429.1,2026-06-12,0.7,-1.92,1.6,1.09,0.06,14.72
INFOMEDIA,5.74,2026-06-12,3.05,8.1,1.59,11.46,-12.77,-36.64
AUBANK,1015.5,2026-06-12,5.9,4.78,1.59,12.56,4.9,30.57
TTKPRESTIG,537.1,2026-06-12,3.59,-0.74,1.59,-7.12,-16.15,-12.17
TRIVENI,385.95,2026-06-12,5.64,5.54,1.59,7.22,8.29,-8.09
ETERNAL,243.8,2026-06-12,-1.81,-1.73,1.59,10.23,-18.2,-3.08
ATLANTAELE,1843.7,2026-06-12,-5.67,-7.05,1.59,76.19,99.31,
AONETOTAL,11.48,2026-06-12,1.77,0.79,1.59,3.61,-4.17,-1.29
AIROLAM,85.97,2026-06-12,8.82,4.21,1.58,-1.41,-17.07,-26.13
HDFCVALUE,127.46,2026-06-12,1.56,0.58,1.58,-0.96,-8.31,-5.64
INFRAIETF,95.12,2026-06-12,1.65,0.27,1.57,2.97,-3.17,2.88
AXSENSEX,78.21,2026-06-12,2.66,1.65,1.57,-0.87,-10.86,-6.66
VOLTAS,1285.4,2026-06-12,1.04,4.97,1.56,-11.04,-6.37,0.52
BAJFINANCE,918.3,2026-06-12,5.42,3.29,1.56,6.4,-9.73,-1.98
PALASHSECU,97.45,2026-06-12,-1.66,-0.59,1.56,10.69,-10.51,-24.19
LICNFNHGP,269.14,2026-06-12,1.76,0.84,1.56,1.54,-6.97,-4.09
GROWWSC250,9.82,2026-06-12,1.87,1.03,1.55,11.85,3.92,
MAHSCOOTER,12335.0,2026-06-12,1.38,-1.78,1.55,-3.75,-12.96,-12.08
DYNPRO,228.6,2026-06-12,-6.69,-8.89,1.55,9.32,-15.8,-22.19
MAKS,26.4,2026-06-12,1.54,1.54,1.54,-5.04,-19.51,-9.74
PHOENIXLTD,1757.6,2026-06-12,0.92,0.56,1.54,12.65,-0.75,9.68
ABSLNN50ET,73.32,2026-06-12,1.27,-0.46,1.54,5.19,2.26,4.18
SONACOMS,593.05,2026-06-12,0.82,-1.19,1.53,16.22,20.81,16.86
GSEC10ABSL,110.36,2026-06-12,0.84,0.54,1.53,-0.44,0.45,0.8
V2RETAIL,223.48,2026-06-12,-5.68,-8.53,1.53,12.35,0.25,23.8
S&SPOWER,387.1,2026-06-12,-3.5,-2.9,1.52,4.66,36.03,5.45
DHANUKA,1081.2,2026-06-12,0.38,-0.32,1.52,12.57,-10.27,-35.2
MIDCAPETF,22.75,2026-06-12,1.7,-0.13,1.52,7.21,0.8,4.17
JUSTDIAL,538.2,2026-06-12,4.06,3.14,1.52,2.47,-24.33,-40.45
VEDL,309.65,2026-06-12,1.77,-8.16,1.51,-56.25,-42.09,-28.0
MOIPO,43.21,2026-06-12,1.69,0.54,1.5,7.54,-7.49,
MEDPLUS,881.95,2026-06-12,3.53,0.83,1.5,4.48,9.62,-0.82
JAMNAAUTO,121.8,2026-06-12,3.77,-3.32,1.5,-0.51,-2.4,37.81
GANESHCP,198.7,2026-06-12,-2.68,-2.52,1.5,17.1,-16.9,
MOMENTUM,30.74,2026-06-12,2.54,0.62,1.49,4.17,-3.45,-2.29
NV20IETF,13.81,2026-06-12,1.62,0.88,1.47,-0.93,-8.36,-5.35
MAHASTEEL,858.75,2026-06-12,-5.97,-9.76,1.47,-15.88,4.42,178.77
MARUTI,13366.0,2026-06-12,3.52,3.24,1.47,2.73,-19.1,9.04
MOMENTUM30,30.4,2026-06-12,3.44,1.37,1.47,3.26,-3.52,
SML100CASE,10.32,2026-06-12,2.69,1.18,1.47,11.86,5.21,
MMFL,448.0,2026-06-12,-0.05,1.96,1.46,0.76,25.78,21.51
SBINMID150,22.33,2026-06-12,1.55,-0.93,1.45,,,
LTGILTCASE,30.07,2026-06-12,0.47,1.08,1.45,0.1,1.35,
ABGSEC,112.7,2026-06-12,0.62,0.63,1.44,0.38,1.32,2.82
HNDFDS,529.7,2026-06-12,0.66,1.27,1.44,10.26,-0.68,-2.04
IKS,1678.3,2026-06-12,1.18,2.39,1.44,22.16,1.96,-2.78
NFL,75.04,2026-06-12,3.59,0.58,1.43,2.81,-12.53,-26.33
DAVANGERE,3.61,2026-06-12,1.4,-5.25,1.4,-7.67,-5.25,2.27
MAHLIFE,328.45,2026-06-12,-1.79,-2.15,1.4,-7.39,-18.16,-4.32
ZOTA,1225.2,2026-06-12,1.75,8.89,1.4,4.67,-26.64,23.57
MULTICAP,16.05,2026-06-12,1.78,0.75,1.39,5.18,-2.43,-0.62
SMALLCAP,44.93,2026-06-12,1.84,0.54,1.38,11.49,2.51,-4.79
SETF10GILT,261.0,2026-06-12,0.87,0.93,1.37,-0.31,0.92,1.22
HBESD,78.97,2026-06-12,4.32,8.48,1.37,,,
AMBICAAGAR,24.37,2026-06-12,2.27,2.78,1.37,3.53,-5.14,-16.25
TATAELXSI,4064.9,2026-06-12,-2.76,-3.84,1.36,-4.44,-17.75,-36.08
AXISNIFTY,261.17,2026-06-12,2.38,1.21,1.36,0.26,-8.83,-3.9
AAVAS,1405.7,2026-06-12,11.63,6.14,1.35,19.15,-10.42,-23.08
HDFCMID150,22.55,2026-06-12,1.62,0.09,1.35,7.13,0.85,3.87
SURYALAXMI,58.2,2026-06-12,5.11,0.14,1.34,6.5,0.43,-18.28
LAXMICOT,14.35,2026-06-12,-2.65,4.44,1.34,10.05,-25.69,-47.26
LICNETFN50,264.0,2026-06-12,1.95,0.89,1.34,0.0,-8.69,-4.05
NV20BEES,141.49,2026-06-12,1.39,0.33,1.34,-1.45,-8.52,48.59
MAHICKRA,242.05,2026-06-12,-1.2,0.92,1.34,17.57,73.0,95.48
MIDCAPIETF,23.02,2026-06-12,1.45,-0.13,1.32,7.07,0.92,3.88
SELECTIPO,43.09,2026-06-12,1.96,0.58,1.32,7.33,-7.67,-10.12
DOMS,2291.0,2026-06-12,9.81,5.53,1.31,6.36,-10.92,-3.27
NAVNETEDUL,141.99,2026-06-12,1.62,2.01,1.3,5.89,1.77,3.75
TEXMOPIPES,44.41,2026-06-12,-5.19,2.94,1.3,-2.37,-11.25,-31.51
ETHOSLTD,2391.8,2026-06-12,1.73,2.84,1.29,13.5,-21.58,-17.34
GINNIFILA,42.28,2026-06-12,2.92,4.19,1.29,13.23,8.58,1.76
IRIS,238.5,2026-06-12,0.63,-7.83,1.29,0.46,-21.71,-6.29
SENSEXBETA,832.2,2026-06-12,2.56,1.43,1.29,-0.6,,
MODEFENCE,98.84,2026-06-12,0.47,0.91,1.28,9.37,18.94,4.17
AEQUS,182.53,2026-06-12,-2.4,-1.26,1.28,57.91,24.13,
SENSEXETF,77.5,2026-06-12,2.51,1.48,1.28,-0.63,-11.24,-6.92
AJANTPHARM,3131.0,2026-06-12,5.46,6.82,1.27,0.37,17.72,15.96
KANSAINER,216.5,2026-06-12,2.77,0.65,1.25,15.12,-3.13,-11.97
GOLDTECH,41.55,2026-06-12,-2.3,-3.95,1.24,10.18,-20.23,-40.22
EBBETF0431,1418.47,2026-06-12,0.81,1.56,1.24,1.18,1.68,4.18
AZAD,2150.1,2026-06-12,-1.18,8.57,1.24,35.66,33.72,33.57
QNIFTY,258.99,2026-06-12,2.13,1.05,1.24,0.14,-90.9,-90.43
FCSSOFT,1.65,2026-06-12,-6.78,0.61,1.23,12.24,-14.95,-39.78
HATHWAY,10.68,2026-06-12,-1.11,1.04,1.23,6.37,-15.57,-32.1
MONIFTY500,23.06,2026-06-12,1.68,0.44,1.23,3.04,-4.59,-1.75
BHARATRAS,1405.1,2026-06-12,1.86,-2.14,1.22,4.87,-47.12,-37.46
NV20,14.09,2026-06-12,1.22,0.07,1.22,-1.47,-90.9,-90.53
MANUFGBEES,157.14,2026-06-12,1.13,-0.31,1.21,3.18,2.19,
HDFCNIF100,25.37,2026-06-12,2.51,0.48,1.2,0.87,-7.24,-3.02
GANGAFORGE,2.53,2026-06-12,10.96,8.12,1.2,-12.15,-15.1,-41.57
MID150CASE,11.15,2026-06-12,1.27,-0.36,1.18,7.01,0.81,4.21
TOP100CASE,10.29,2026-06-12,1.88,0.68,1.18,1.18,-7.13,-2.92
ESENSEX,75.54,2026-06-12,2.18,1.38,1.17,-0.81,-11.57,
NEXT50ADD,70.21,2026-06-12,1.34,-0.03,1.17,5.47,,
HDFCBSE500,36.23,2026-06-12,2.03,0.58,1.17,3.1,-4.81,-1.52
RADIOCITY,6.08,2026-06-12,0.16,-0.16,1.16,5.56,-6.46,-34.62
NIF100BEES,260.11,2026-06-12,2.12,0.52,1.16,0.77,-2.03,-2.03
TECHNVISN,5412.0,2026-06-12,-1.41,-0.7,1.16,,,
PRAKASHSTL,4.35,2026-06-12,0.0,-3.12,1.16,5.84,6.88,-33.38
5PAISA,309.7,2026-06-12,0.85,-4.6,1.16,2.62,0.57,-23.67
NEULANDLAB,17198.0,2026-06-12,1.38,0.0,1.15,36.77,6.96,28.81
TOP15IETF,9.67,2026-06-12,2.98,1.47,1.15,-0.21,-12.8,
DCI,270.4,2026-06-12,1.88,-4.33,1.14,5.77,11.64,-4.35
HDFCSENSEX,85.1,2026-06-12,2.22,1.39,1.14,-0.85,-11.39,-7.14
AXISBPSETF,13.33,2026-04-29,0.0,0.23,1.14,1.76,2.54,5.88
NIFTYIETF,266.47,2026-06-12,2.02,0.88,1.13,-0.03,-9.09,-4.0
RPPL,18.05,2026-06-12,4.09,-3.32,1.12,16.38,5.31,-33.57
ICEMAKE,775.75,2026-06-12,4.64,-1.55,1.12,-5.42,1.73,-3.07
NARMADA,37.05,2026-06-12,1.4,1.76,1.12,14.99,80.56,113.67
NIFTYBETA,260.79,2026-06-12,2.1,0.89,1.11,0.0,,
EUROPRATIK,273.3,2026-06-12,8.97,6.9,1.11,14.5,-9.31,
NIFTYETF,255.7,2026-06-12,2.04,0.95,1.11,0.02,-9.16,-4.19
NIFTY100EW,33.79,2026-06-12,-0.91,-0.56,1.11,4.19,-0.18,3.33
NETF,256.01,2026-06-12,2.08,0.53,1.1,-0.0,-9.01,-4.0
SENSEXADD,77.38,2026-06-12,2.18,1.28,1.1,-0.78,-11.11,-7.02
AONETMMQ50,10.09,2026-06-12,1.1,-0.59,1.1,7.91,4.02,
NIFTYADD,247.75,2026-06-12,1.91,0.97,1.09,-0.01,-9.07,-4.0
BALRAMCHIN,539.95,2026-06-12,-1.9,1.32,1.09,6.02,23.11,-11.39
TNIDETF,79.59,2026-06-12,-0.24,-2.94,1.09,2.08,-20.22,-14.03
SENSEXIETF,863.16,2026-06-12,2.38,1.53,1.09,-0.77,-11.33,-6.78
INTERNET,11.97,2026-06-12,2.05,-0.33,1.08,8.52,-16.79,
EBBETF0433,1288.47,2026-06-12,0.58,1.34,1.08,1.03,1.33,3.27
LOWVOLIETF,21.45,2026-06-12,1.85,0.99,1.08,1.32,-7.22,-0.88
RECLTD,348.05,2026-06-12,1.35,5.02,1.07,2.31,3.28,-9.44
LANCORHOL,24.59,2026-06-12,4.02,1.61,1.07,20.13,-1.6,6.98
MIDCAPBETA,224.13,2026-06-12,1.92,-0.52,1.06,5.26,,
LGEINDIA,1511.2,2026-06-12,-0.57,-1.81,1.06,-4.17,-3.84,
NIFTYBEES,267.86,2026-06-12,2.02,0.88,1.06,-0.03,-9.1,-3.98
UMIYA-MRO,86.43,2026-06-12,-2.01,-0.84,1.06,8.17,-0.78,24.65
PFS,30.52,2026-06-12,-1.96,-0.49,1.06,7.35,-10.97,-27.56
HDFCNIFTY,264.86,2026-06-12,1.93,0.82,1.05,-0.06,-9.15,-4.25
MOGSEC,64.16,2026-06-12,0.11,1.28,1.04,0.6,2.05,3.47
CTE,32.1,2026-06-12,0.66,1.17,1.04,29.49,-25.23,-31.59
PVP,31.1,2026-06-12,-2.11,9.82,1.04,24.7,-8.77,27.41
DAMODARIND,30.25,2026-06-12,0.3,-4.15,1.04,26.41,-3.94,-19.91
MID150,22.57,2026-06-12,0.98,-0.04,1.03,6.76,0.71,3.63
DNAMEDIA,2.93,2026-06-12,3.9,-0.34,1.03,-11.21,-26.75,-43.76
MAKEINDIA,159.12,2026-06-12,1.12,-0.51,1.03,3.95,2.96,10.67
MONIFTY100,24.66,2026-06-12,1.86,-0.32,1.02,0.74,-7.29,
MOMNC,31.63,2026-06-12,1.48,-0.06,1.02,6.07,5.33,
EQUAL200,13.27,2026-06-12,1.3,-0.3,1.01,4.4,-0.63,2.17
EBBETF0430,1588.88,2026-06-12,0.18,1.16,1.01,1.4,1.78,4.6
SHRIPISTON,3524.4,2026-06-12,7.04,5.59,1.0,18.4,13.8,44.46
ALLDIGI,821.65,2026-06-12,-0.52,-0.33,1.0,1.85,-2.13,-3.39
ELM250,16.13,2026-06-12,1.51,0.19,1.0,3.46,-3.87,
SETFNIF50,253.05,2026-06-12,1.96,0.86,1.0,-0.02,-9.14,-4.06
LICNETFSEN,847.11,2026-06-12,2.43,1.18,1.0,-0.95,-11.11,-7.7
SBINEQWETF,32.38,2026-06-12,0.62,-0.46,1.0,2.79,-2.91,3.19
MSCIADD,28.62,2026-06-12,1.45,0.07,0.99,1.17,,
VSTIND,259.75,2026-06-12,0.91,2.55,0.99,17.14,1.74,-7.31
PSB,24.02,2026-06-12,3.58,1.26,0.97,-0.91,-13.32,-24.62
NIFTY1,260.74,2026-06-12,1.89,0.83,0.97,-0.16,-9.24,-3.94
BBETF0432,1330.03,2026-06-12,0.76,1.6,0.96,0.82,1.88,3.35
GROWWNIFTY,9.5,2026-06-12,1.93,0.85,0.96,-0.84,,
INDIGRID,171.06,2026-06-12,-0.3,0.05,0.96,6.36,6.79,22.95
COMPUSOFT,13.7,2026-06-12,0.88,1.11,0.96,7.7,-17.32,-37.27
SPENCERS,36.62,2026-06-12,0.88,0.58,0.96,17.67,-12.33,-42.32
BSE500IETF,38.03,2026-06-12,1.55,0.56,0.96,2.84,-5.04,-2.01
HDFCLOWVOL,19.99,2026-06-12,1.94,0.76,0.96,1.06,-7.24,-0.6
AONENIFTY,9.7,2026-06-12,2.11,0.83,0.94,-0.1,-9.09,-4.27
AUTOBEES,270.63,2026-06-12,2.22,1.44,0.94,4.78,-5.38,13.19
KELLTONTEC,15.25,2026-06-12,0.13,-2.87,0.93,-11.08,-15.98,-43.1
ESG,40.22,2026-06-12,1.69,0.42,0.93,0.88,-9.07,-4.56
INFRABEES,952.74,2026-06-12,1.35,-0.2,0.93,2.6,-3.26,2.23
NIFTYBETF,241.73,2026-06-12,1.97,0.72,0.92,-0.1,-9.2,-4.35
GROWWNET,8.88,2026-06-12,2.3,-0.45,0.91,8.29,-16.72,
MIDCAPADD,22.22,2026-06-12,0.95,-0.49,0.91,6.62,,
LALPATHLAB,1601.5,2026-06-12,3.6,1.53,0.91,16.3,11.71,8.5
3BBLACKBIO,1245.4,2026-06-12,7.88,12.93,0.91,,,
KAJARIACER,1082.3,2026-06-12,0.7,-1.76,0.9,15.14,2.78,3.94
SWELECTES,633.9,2026-06-12,0.67,-0.5,0.89,21.82,-1.01,5.33
LOWVOL1,20.4,2026-06-12,1.64,0.94,0.89,0.94,-6.81,-0.78
ASKAUTOLTD,429.35,2026-06-12,0.93,-2.65,0.88,5.65,-7.8,-5.08
SNXT50BETA,90.11,2026-06-12,0.96,-0.3,0.88,4.02,,
DIGJAMLMTD,45.89,2026-06-12,5.08,4.41,0.88,13.31,-5.61,22.44
ITCHOTELS,154.05,2026-06-12,2.45,0.44,0.87,-1.84,-19.92,-27.22
ZTECH,595.8,2026-06-12,2.27,-0.72,0.86,23.09,7.55,-4.02
BHARTIHEXA,1477.4,2026-06-12,1.55,-2.43,0.86,-2.92,-12.24,-16.61
NIFTYCASE,9.42,2026-06-12,2.06,0.75,0.86,-0.11,-9.07,
EQUAL50ADD,333.56,2026-06-12,1.2,-0.41,0.86,2.6,-2.57,3.44
MOM50,246.06,2026-06-12,1.91,0.78,0.86,-0.05,-9.13,-4.27
BAJAJHFL,84.59,2026-06-12,2.5,0.64,0.86,1.09,-11.54,-31.15
LOWVOL,199.08,2026-06-12,1.57,0.35,0.85,0.67,-7.31,-1.05
SUDARSCHEM,882.15,2026-06-12,2.22,-2.7,0.85,3.38,-11.48,-29.28
BHARATGEAR,111.12,2026-06-12,1.04,0.13,0.85,13.16,6.48,18.57
ENIFTY,23.63,2026-06-12,1.94,0.77,0.85,-0.21,-10.93,
JAICORPLTD,112.76,2026-06-12,2.38,-0.96,0.83,9.76,-13.36,0.36
TOP20,8.51,2026-06-12,2.28,1.43,0.83,-0.82,,
BSLSENETFG,75.66,2026-06-12,2.3,1.34,0.83,-0.88,-11.2,-6.65
BSLNIFTY,27.52,2026-06-12,1.85,0.66,0.81,-0.18,-9.2,-4.24
SRF,2743.0,2026-06-12,2.57,1.74,0.8,4.44,-9.11,-11.4
EQUAL50,322.02,2026-06-12,0.77,-0.56,0.8,2.5,-3.02,3.17
ALUWIND,50.5,2026-06-12,1.0,6.32,0.8,-15.83,-32.67,-40.24
HEXT,498.65,2026-06-12,-4.15,-3.02,0.79,21.35,-33.31,-37.26
AUTOIETF,27.1,2026-06-12,2.3,1.35,0.78,4.84,-5.38,13.06
SURANAT&P,18.25,2026-06-12,1.9,1.73,0.77,6.41,-8.84,-7.87
CASTROLIND,182.68,2026-06-12,-0.21,-0.7,0.76,1.27,2.16,-11.1
SPLPETRO,702.1,2026-06-12,5.1,4.41,0.76,1.7,7.31,-6.0
DBEIL,78.76,2026-06-12,-1.59,-4.72,0.74,9.94,-33.93,-45.1
OPTIEMUS,423.3,2026-06-12,1.3,6.91,0.74,18.65,-21.32,-28.58
FEDDERSHOL,34.32,2026-06-12,-1.07,-5.09,0.73,,,
GILT5BETA,65.6,2026-06-12,1.71,0.78,0.71,1.44,2.84,4.86
SRM,480.7,2026-06-12,-0.9,-5.69,0.71,25.13,-14.59,13.98
EBBETF0425,1290.83,2025-04-08,0.02,0.23,0.7,1.9,3.85,7.57
IVALUE,234.18,2026-06-12,1.77,-1.24,0.7,1.7,-17.85,
CSLFINANCE,228.38,2026-06-12,3.79,-0.29,0.7,-7.03,-21.45,-32.4
MHLXMIRU,179.3,2026-06-12,1.56,0.03,0.7,7.77,-20.28,-18.1
GROWWDEFNC,89.89,2026-06-12,-0.08,0.49,0.69,9.04,18.68,3.68
PRECWIRE,391.75,2026-06-12,-1.01,-10.12,0.69,22.56,66.27,114.94
AIRAN,16.16,2026-06-12,-1.34,-2.88,0.69,0.81,-11.06,-45.68
INDIACEM,393.1,2026-06-12,5.73,1.89,0.68,7.42,-5.08,18.44
CINEVISTA,15.1,2026-06-12,-3.88,-2.39,0.67,-5.45,2.37,-21.72
GPPL,153.88,2026-06-12,0.35,-1.6,0.67,-3.48,-18.28,1.12
TSFINV,394.2,2026-06-12,0.36,-1.36,0.66,4.41,-13.27,-11.1
GMRP&UI,105.57,2026-06-12,0.18,-3.97,0.65,-1.97,-8.27,-3.51
LICNMID100,60.91,2026-06-12,0.74,-0.99,0.64,7.44,0.94,3.4
GOODLUCK,1313.2,2026-06-12,-0.69,-0.36,0.63,24.54,20.09,38.26
BAJAJHLDNG,10161.0,2026-06-12,2.97,-1.06,0.63,3.8,-6.78,-27.38
VIJAYA,1287.2,2026-06-12,-1.56,3.73,0.63,34.71,29.96,34.37
LAOPALA,175.82,2026-06-12,2.57,4.13,0.62,-9.0,-14.4,-32.26
HUHTAMAKI,173.95,2026-06-12,4.86,8.64,0.6,5.11,-17.34,-15.44
GROWWPOWER,11.96,2026-06-12,-0.91,-2.05,0.59,12.2,,
HOMEFIRST,1109.3,2026-06-12,5.98,3.09,0.57,11.16,-5.12,-9.66
SATIN,226.32,2026-06-12,-4.62,2.17,0.55,53.93,57.73,39.17
IRISDOREME,36.58,2026-06-12,1.44,3.54,0.55,19.97,2.58,-36.97
AXISCETF,115.77,2026-06-12,2.01,1.28,0.55,4.57,-7.89,-1.19
RBZJEWEL,134.51,2026-06-12,4.34,7.61,0.53,15.28,-4.58,-10.03
SBIETFCON,115.72,2026-06-12,1.26,1.17,0.53,4.36,-7.99,-1.59
CPS,960.0,2026-06-12,-4.0,-7.25,0.52,-9.43,6.7,14.97
VIDHIING,287.15,2026-06-12,-1.37,-3.01,0.51,-4.2,-12.91,-31.43
SHRINGARMS,210.63,2026-06-12,2.76,0.73,0.51,5.28,7.13,
PRESTIGE,1387.3,2026-06-12,4.5,2.14,0.47,10.74,-16.47,-15.32
FMGOETZE,445.5,2026-06-12,5.78,4.45,0.47,13.06,-3.99,-10.6
LIQUIDPLUS,1089.73,2026-06-12,0.08,0.17,0.45,1.27,2.44,5.14
CHOLAFIN,1568.1,2026-06-12,7.7,5.04,0.45,2.75,-9.58,-0.74
CASHIETF,1066.36,2026-06-12,0.08,0.18,0.45,1.27,2.44,5.11
ALPL30IETF,26.52,2026-06-12,1.77,1.49,0.45,1.18,-5.25,-3.84
ELIQUID,1034.95,2026-06-12,0.08,0.18,0.45,1.28,2.45,
LIQUID1,1108.8,2026-06-12,0.08,0.18,0.45,1.27,2.46,5.15
HDFCLIQUID,1064.81,2026-06-12,0.08,0.17,0.45,1.26,2.38,6.23
AONELIQUID,1063.71,2026-06-12,0.08,0.18,0.44,1.27,2.44,5.1
LIQUIDADD,1130.96,2026-06-12,0.08,0.17,0.44,1.25,2.41,5.04
SBILIQETF,1043.03,2026-06-12,0.08,0.17,0.44,1.26,2.43,
MOREALTY,76.92,2026-06-12,2.7,0.44,0.44,6.98,-13.19,-23.33
CONS,11.51,2026-06-12,1.95,1.14,0.44,4.64,-90.81,-90.14
LIQUIDBETF,1085.78,2026-06-12,0.08,0.17,0.43,1.24,2.37,4.96
LIQUIDCASE,114.51,2026-06-12,0.08,0.16,0.43,1.26,2.41,5.06
DRREDDY,1275.4,2026-06-12,-0.02,-1.16,0.43,-3.31,-0.3,-5.81
ZFCVINDIA,14714.0,2026-06-12,3.5,2.64,0.43,5.32,4.19,10.81
LIQUIDSHRI,1108.56,2026-06-12,0.08,0.17,0.42,1.2,2.32,4.88
LIQGRWBEES,1043.39,2026-06-12,0.07,0.16,0.42,1.2,2.31,
GROWWLIQID,109.47,2026-06-12,0.08,0.16,0.41,1.19,2.29,4.86
SELMC,30.0,2026-06-12,-0.37,1.66,0.4,1.08,-2.63,-17.1
TBI,65.4,2026-06-12,-7.89,-1.8,0.38,5.06,-21.11,-49.24
CAPTRUST,13.28,2026-06-12,-0.67,0.99,0.38,14.58,13.7,-85.79
ARTNIRMAN,40.07,2026-06-12,2.53,-5.81,0.38,9.9,-11.91,-28.43
SHRIRAMPPS,85.97,2026-06-12,0.86,-3.84,0.36,19.49,1.93,-11.58
INDBANK,33.33,2026-06-12,0.69,1.71,0.36,2.9,-4.96,-6.11
ARIHANTSUP,256.8,2026-06-12,3.17,-0.87,0.35,13.13,-18.57,-31.5
HONDAPOWER,2193.4,2026-06-12,0.06,-5.44,0.33,8.09,-6.51,-20.96
FAIRCHEMOR,592.2,2026-06-12,-0.48,-1.77,0.3,8.05,-13.15,-38.89
GODREJCP,1033.3,2026-06-12,3.64,2.41,0.3,-1.32,-9.61,-12.63
QPOWER,1221.1,2026-06-12,8.48,16.57,0.29,48.85,74.05,146.14
FLUOROCHEM,3655.3,2026-06-12,4.66,1.2,0.29,14.76,5.46,-0.63
BANARISUG,3615.6,2026-06-12,0.07,0.31,0.28,0.43,-0.62,-7.29
EBGNG,432.5,2026-06-12,8.17,0.87,0.28,11.38,54.99,
JTLIND,74.99,2026-06-12,7.04,12.08,0.28,38.23,23.16,-5.24
AKSHOPTFBR,7.09,2026-06-12,3.65,13.99,0.28,49.89,9.08,-21.66
ORIENTBELL,317.0,2026-06-12,2.16,-4.46,0.27,13.03,17.78,3.85
HEXATRADEX,163.42,2026-06-12,0.31,0.95,0.26,2.74,-1.99,-10.69
PANACHE,363.55,2026-06-12,2.68,2.35,0.26,16.02,9.9,102.65
WIPL,154.17,2026-06-12,4.18,0.42,0.25,1.04,-0.19,2.52
NIVABUPA,83.96,2026-06-12,2.99,-0.64,0.24,19.84,11.38,2.14
ABSLLIQUID,1000.0,2026-06-12,0.0,0.0,0.24,0.77,1.57,3.28
VALUE,16.38,2026-06-12,-0.24,-1.33,0.24,,,
INDIAMART,2016.4,2026-06-12,0.4,1.69,0.23,-3.99,-9.66,-19.14
LIBERTSHOE,238.82,2026-06-12,-0.74,-1.56,0.22,-0.45,-14.66,-44.47
TATAINVEST,665.9,2026-06-12,3.21,-0.35,0.22,6.38,-7.28,-2.77
TNTELE,9.25,2026-06-12,-0.22,-4.15,0.22,6.32,-7.59,-4.05
ANANDRATHI,1765.3,2026-06-12,0.64,0.81,0.22,15.04,20.36,73.5
TIJARIA,4.48,2026-06-12,-1.1,2.99,0.22,-8.76,-25.33,-36.36
MNC,32.37,2026-06-12,1.12,-0.8,0.22,5.51,4.79,12.24
VHLTD,137.14,2026-06-12,-0.06,-1.53,0.21,-5.38,5.65,37.15
JWL,275.6,2026-06-12,-0.02,0.51,0.2,1.25,5.67,-30.3
NITCO,98.41,2026-06-12,4.64,1.0,0.2,45.84,8.15,-28.17
MOQUALITY,197.92,2026-06-12,0.7,-1.58,0.2,4.8,0.09,1.77
ORIENTCEM,134.77,2026-06-12,2.78,-1.2,0.2,-3.34,-18.28,-55.47
URJA,10.36,2026-06-12,0.0,-3.81,0.19,13.35,-11.15,-33.59
WSI,69.8,2026-06-12,0.78,3.07,0.19,4.33,-16.58,-10.97
SBIETFQLTY,217.33,2026-06-12,1.25,-0.28,0.19,1.89,-5.28,-2.54
POLYPLEX,898.35,2026-06-12,1.01,-3.73,0.18,9.31,8.42,-29.71
IRB,20.81,2026-06-12,0.77,-5.11,0.18,-2.0,1.27,-17.07
MINDSPACE,460.38,2026-06-12,0.1,-0.48,0.18,3.32,-0.51,15.47
VIKRAN,69.69,2026-06-12,1.0,-1.67,0.17,11.95,-25.08,
CONSUMBEES,124.52,2026-06-12,0.99,0.92,0.17,4.28,-8.2,-1.91
SUPERHOUSE,151.64,2026-06-12,0.15,-0.37,0.14,4.06,2.96,-17.79
FLEXITUFF,7.03,2026-06-12,2.93,4.46,0.14,1.44,-52.69,-82.51
TEXRAIL,105.86,2026-06-12,2.74,2.2,0.14,10.52,-15.92,-36.29
CPCAP,95.51,2026-06-12,5.3,1.76,0.13,11.06,-16.6,-43.89
VAL30IETF,15.52,2026-06-12,0.0,-1.21,0.13,-0.13,8.61,18.93
MON50EQUAL,32.25,2026-06-12,0.59,-1.5,0.12,2.28,-2.95,3.37
SANOFICONR,4616.9,2026-06-12,-2.18,0.66,0.11,5.97,-0.01,-9.45
NIBL,30.71,2026-06-12,0.79,1.92,0.1,0.2,0.69,6.63
VMM,119.77,2026-06-12,2.06,1.08,0.1,12.92,-11.13,-4.3
FLEXIADD,9.58,2026-06-12,0.21,-1.24,0.1,1.91,-10.8,
MANKIND,2381.1,2026-06-12,1.01,2.62,0.09,7.84,9.28,-0.33
ABSLMSCIN,28.51,2026-06-12,0.67,0.0,0.07,-2.4,,
KAPSTON,339.2,2026-06-12,2.88,-0.93,0.07,22.39,13.77,39.46
TOKYOPLAST,84.37,2026-06-12,0.44,-1.9,0.04,12.52,-25.16,-39.12
TAINWALCHM,201.05,2026-06-12,4.1,2.33,0.03,1.77,25.72,-6.5
APTUS,271.7,2026-06-12,6.13,4.46,0.03,20.68,-6.19,-13.81
MCCHRLS-B,680.15,2026-06-12,0.24,-1.61,0.02,,,
AMRUTANJAN,557.7,2026-06-12,0.13,-0.38,0.02,1.77,-18.75,-19.88
INFY,1116.4,2026-06-12,-3.96,-5.15,0.02,-9.89,-28.63,-28.01
RMCL,200.0,2026-06-12,0.0,0.0,0.0,0.0,0.0,0.0
MBECL,65.4,2026-06-12,0.0,0.0,0.0,0.0,0.0,0.0
VERA,69.0,2026-06-12,0.0,0.0,0.0,-1.43,-1.29,1.47
MARSHALL,3.64,2026-06-12,0.0,0.0,0.0,0.0,-4.21,-66.64
AHIMSA,24.7,2026-06-12,0.0,0.0,0.0,-0.4,-1.2,11.76
VELS,68.35,2026-06-12,0.0,0.0,0.0,24.05,10.42,-16.6
SHAIVAL,33.0,2026-06-12,0.0,0.0,0.0,8.2,8.2,8.2
JETKNIT,89.2,2026-06-12,0.0,0.0,0.0,0.0,0.0,-18.87
JAKHARIA,60.5,2026-06-12,0.0,0.0,0.0,0.0,0.0,-30.1
SIIL,26.0,2026-06-12,0.0,0.0,0.0,0.0,0.0,0.0
DESTINY,105.9,2026-06-12,0.0,0.0,0.0,-14.22,-14.94,29.3
GANGOTRI,0.61,2026-06-12,0.0,0.0,0.0,0.0,0.0,-6.15
APLAB,32.5,2026-06-12,0.0,0.0,0.0,0.0,0.0,0.0
JINDCOT,2.5,2024-11-08,0.0,0.0,0.0,0.0,0.0,0.0
VAISHALI,7.14,2026-06-12,-2.19,1.56,0.0,12.8,-9.85,-42.65
AJRINFRA,0.7,2026-06-12,0.0,0.0,0.0,0.0,0.0,0.0
LIQUIDBEES,999.99,2026-06-12,0.0,0.0,-0.0,0.0,-0.0,1.31
LIQUIDETF,1000.0,2026-06-12,0.0,0.0,0.0,0.38,1.46,3.77
LIQUIDSBI,1000.0,2026-06-12,-0.0,0.0,0.0,0.41,1.55,3.53
ELANTAS,9545.0,2026-06-12,-1.03,0.83,0.0,,,
SECURCRED,1.56,2026-06-12,0.0,0.0,0.0,0.0,0.0,0.0
SUULD,1.57,2026-06-12,0.0,0.0,0.0,0.0,-1.26,-45.49
HERCULES,159.32,2026-06-12,0.0,0.0,0.0,0.0,0.71,-19.3
INDLMETER,23.69,2026-06-12,0.0,0.0,0.0,0.0,0.0,0.0
KALYANI,138.09,2026-06-12,0.0,0.0,0.0,0.0,0.0,
ANDREWYU,31.35,2023-12-06,0.0,0.0,0.0,-0.32,29.31,21.31
DRL,12.9,2026-06-12,8.86,1.57,0.0,32.31,-41.23,-56.42
SRIRAM,10.1,2026-06-12,0.0,0.0,0.0,0.0,0.0,0.0
DSKULKARNI,13.55,2026-06-12,0.0,0.0,0.0,0.0,0.0,0.0
MPTODAY,46.0,2026-06-12,0.0,5.5,0.0,-2.13,-3.26,29.94
LIQUID,999.99,2026-06-12,0.0,0.0,0.0,0.4,1.57,4.08
LIQUIDIETF,999.96,2026-06-12,-0.0,-0.0,-0.0,-0.0,0.01,-0.0
AVSL,119.7,2026-06-12,0.0,0.0,0.0,0.0,-5.0,-7.35
GROWWMETAL,12.21,2026-06-12,-0.65,-4.68,0.0,8.63,,
CRIZAC,205.96,2026-06-12,-2.28,-4.64,-0.0,-2.24,-24.47,
PODDARHOUS,43.37,2026-06-12,0.0,0.0,0.0,0.0,0.0,10.22
BKMINDST,45.0,2026-06-12,0.0,0.0,0.0,0.0,0.0,0.0
KTL,4.85,2026-06-12,0.0,0.0,0.0,0.0,4.3,-44.25
ALPSINDUS,34.3,2026-06-12,0.0,0.0,0.0,0.0,19.51,21.63
ENSER,16.0,2026-06-12,7.38,3.23,0.0,33.89,-7.25,6.31
TECHIN,14.0,2026-06-12,0.0,0.0,0.0,0.0,0.0,0.0
PERFECT,8.1,2026-06-12,0.0,0.0,0.0,0.0,0.0,-38.17
BRIGHT,2.8,2026-06-12,0.0,0.0,0.0,0.0,0.0,0.0
KKVAPOW,613.0,2026-06-12,0.0,0.0,0.0,2.1,-3.31,11.9
GOENKA,0.82,2026-06-12,0.0,0.0,0.0,0.0,1.23,-18.0
OMKARCHEM,3.41,2026-06-12,0.0,0.0,0.0,-14.75,-34.55,-53.98
SAHAJ,3.85,2026-06-12,0.0,0.0,0.0,-17.2,-37.4,-65.32
BURNPUR,33.0,2026-06-12,0.0,0.0,0.0,0.0,0.0,0.0
OPAL,43.0,2026-06-12,0.0,0.0,0.0,0.0,0.0,0.0
VIVIDHA,0.51,2026-06-12,-7.27,-8.93,0.0,-15.0,-28.17,-43.33
FIVECORE,31.7,2026-06-12,0.0,0.0,0.0,0.0,0.0,0.0
MINDPOOL,71.1,2026-06-12,0.0,0.0,0.0,0.0,0.0,37.92
MELSTAR,4.25,2026-06-12,0.0,0.0,0.0,0.0,0.0,0.0
WATERBASE,74.9,2023-12-06,0.0,0.0,0.0,-13.41,-1.45,-5.79
CONSUMIETF,115.78,2026-06-12,1.31,0.79,-0.03,3.93,-8.36,-1.7
GSEC10IETF,258.88,2026-06-12,-0.49,0.53,-0.04,-1.09,0.34,0.73
MOHITIND,22.48,2026-06-12,2.27,-3.97,-0.04,-2.35,-20.93,-28.09
SHAHALLOYS,67.76,2026-06-12,-2.18,-2.25,-0.04,9.38,-2.26,21.0
AFSL,201.01,2026-06-12,0.0,0.0,-0.05,-0.28,-0.27,-20.39
SHANTIGEAR,441.25,2026-06-12,0.22,0.25,-0.06,-7.75,-5.59,-14.74
AARTIDRUGS,371.7,2026-06-12,1.54,-2.93,-0.07,4.28,-5.32,-21.09
DIVISLAB,6638.0,2026-06-12,1.79,1.29,-0.09,5.67,3.29,-0.84
CYBERTECH,136.24,2026-06-12,-1.33,-0.45,-0.1,30.5,-8.29,-12.75
SDL26BEES,136.94,2026-04-27,-0.44,-0.33,-0.1,1.29,2.15,5.7
OBEROIRLTY,1622.8,2026-06-12,1.4,-1.61,-0.12,10.51,-1.98,-13.72
KSL,807.5,2026-06-12,1.8,-3.98,-0.12,15.45,11.34,3.78
ZYDUSWELL,506.0,2026-06-12,-3.34,2.35,-0.13,30.11,18.67,30.98
SIEMENS,3569.6,2026-06-12,-1.5,-3.82,-0.13,7.37,13.52,9.25
MOMGF,155.94,2026-06-12,0.85,-0.5,-0.14,4.09,2.95,10.24
NEWGEN,464.25,2026-06-12,-2.94,5.15,-0.15,2.74,-45.83,-60.33
GOYALALUM,6.87,2026-06-12,-1.15,2.38,-0.15,10.63,0.73,-17.13
METALIETF,12.95,2026-06-12,-0.31,-4.5,-0.15,8.92,22.4,38.8
ORIENTPPR,17.29,2026-06-12,-0.86,-3.46,-0.17,2.49,-25.6,-40.83
MSCIINDIA,29.07,2026-06-12,1.68,0.52,-0.17,1.71,-5.89,-1.49
SURAJLTD,234.97,2026-06-12,3.06,0.53,-0.18,2.17,-9.25,-36.42
GROWWCAPM,11.25,2026-06-12,2.18,-0.88,-0.18,17.8,14.69,
AKASH,26.02,2026-06-12,-4.02,-3.45,-0.19,5.52,1.4,-10.86
BIRET,319.36,2026-06-12,0.11,-0.12,-0.2,-4.49,-3.92,10.67
TREL,25.53,2026-06-12,0.47,-0.51,-0.2,7.81,-8.4,-25.02
ACC,1336.6,2026-06-12,1.87,-1.15,-0.2,-6.21,-24.12,-27.65
TOLINS,102.3,2026-06-12,5.81,0.23,-0.21,-1.13,-23.78,-35.85
IDFNIFTYET,256.28,2026-06-12,0.58,-0.49,-0.21,-1.4,-24.39,-5.8
EMULTIMQ,41.77,2026-06-12,1.31,-0.76,-0.22,6.75,-0.33,-3.27
INTENTECH,100.89,2026-06-12,11.28,7.14,-0.22,10.58,-13.9,4.29
ADVENZYMES,368.95,2026-06-12,-0.82,-2.79,-0.23,27.03,19.04,13.89
GROWWRLTY,8.57,2026-06-12,2.51,-0.35,-0.23,6.06,-13.68,
63MOONS,660.5,2026-06-12,4.2,7.8,-0.24,11.19,-13.21,-27.29
TIPSMUSIC,640.25,2026-06-12,-2.45,-2.28,-0.24,26.96,18.43,-2.88
SOTAC,111.0,2026-06-12,0.0,0.0,-0.27,-4.31,-10.05,-12.01
IVZINNIFTY,2666.92,2026-06-12,1.13,-0.14,-0.27,-3.44,-10.11,-5.65
WONDERLA,478.25,2026-06-12,2.14,0.84,-0.28,-8.71,-12.02,-26.86
RHL,177.04,2026-06-12,0.07,-5.89,-0.29,-3.33,-11.53,-28.11
ROML,45.4,2026-06-12,-1.3,-1.39,-0.29,0.89,-9.29,-13.08
ASIANHOTNR,297.7,2026-06-12,0.25,-2.66,-0.3,-2.86,-9.43,-15.21
METAL,12.93,2026-06-12,-0.61,-5.0,-0.31,8.38,22.33,38.29
NSIL,5553.0,2026-06-12,1.68,-0.83,-0.33,-1.59,-17.43,-20.18
NACLIND,164.76,2026-06-12,-2.72,4.44,-0.33,36.1,-4.18,-8.0
SGMART,592.75,2026-06-12,2.76,3.46,-0.34,29.29,77.39,
MASTER,348.5,2026-06-12,-0.58,2.52,-0.34,10.32,-3.99,5.74
HINDOILEXP,165.53,2026-06-12,-6.5,0.32,-0.35,12.27,8.69,-5.06
BENGALASM,6411.5,2026-06-12,-6.25,-7.79,-0.36,,,
LUMAXTECH,1634.0,2026-06-12,1.55,-7.22,-0.37,17.34,10.31,61.07
NAHARPOLY,246.05,2026-06-12,0.72,-3.72,-0.38,3.22,-5.26,-31.74
NAHARSPING,264.0,2026-06-12,-3.81,-2.31,-0.38,35.42,32.35,-5.35
MOLOWVOL,36.01,2026-06-12,1.58,0.5,-0.39,-0.8,-7.24,-3.72
OSWALPUMPS,398.2,2026-06-12,0.48,11.73,-0.4,29.85,-24.8,
AMBUJACEM,423.1,2026-06-12,2.38,-2.23,-0.41,-4.76,-22.43,-22.18
PDMJEPAPER,81.14,2026-06-12,0.2,-3.3,-0.42,7.27,-17.62,-28.5
JAGSNPHARM,211.39,2026-06-12,6.43,4.86,-0.42,11.49,4.42,-9.14
NXST,154.49,2026-06-12,-1.31,-0.12,-0.43,1.0,-1.83,16.53
AGROPHOS,30.42,2026-06-12,-0.65,-2.37,-0.43,-6.72,-19.71,-19.53
ESAFSFB,28.48,2026-06-12,3.68,3.75,-0.45,14.89,11.03,-12.66
PACEDIGITK,187.57,2026-06-12,4.83,3.04,-0.47,17.81,-6.22,
MALLCOM,1022.05,2026-06-12,2.24,6.49,-0.48,-4.08,-11.4,-5.86
ARIHANTCAP,69.03,2026-06-12,8.83,5.07,-0.49,-2.91,-27.28,-7.36
COMMITTED,270.6,2026-06-12,1.77,-1.78,-0.51,14.25,31.01,6.34
CELEBRITY,7.58,2026-06-12,0.53,-1.04,-0.52,-3.32,-11.03,-41.29
UNIENTER,103.07,2026-06-12,-2.16,-2.84,-0.52,3.08,-24.9,-33.26
MAXHEALTH,1012.45,2026-06-12,0.5,7.89,-0.52,-0.78,-6.37,-15.69
ASIANTILES,60.42,2026-06-12,3.92,-1.72,-0.53,-6.46,-4.91,-6.5
METROGLOBL,130.45,2026-06-12,3.67,1.27,-0.53,,,
KHAICHEM,55.66,2026-06-12,2.03,2.83,-0.54,2.58,-32.63,-34.8
RAJRILTD,20.25,2026-06-12,-0.05,1.25,-0.54,-7.79,-6.98,-35.51
MOSCHIP,210.05,2026-06-12,0.94,-1.52,-0.55,22.38,1.9,14.75
DCW,46.73,2026-06-12,1.59,1.74,-0.55,9.57,-22.49,-42.24
SNXT30BEES,41.38,2026-06-12,-0.17,-1.55,-0.55,3.87,3.79,
TAKE,29.67,2026-06-12,0.71,-3.2,-0.57,-28.87,-14.25,227.85
BAJAJHIND,18.94,2026-06-12,-2.57,-0.53,-0.58,14.58,-2.72,-24.06
ASHOKLEY,152.45,2026-06-12,8.11,3.52,-0.58,-13.12,-5.38,32.72
ASHIKA,378.55,2026-06-12,0.49,7.62,-0.58,,,
PRAKASH,141.3,2026-06-12,1.66,-4.69,-0.58,10.34,4.88,-14.14
EMUDHRA,468.4,2026-06-12,0.66,-0.38,-0.59,8.24,-24.51,-36.45
ATLANTAA,39.86,2026-06-12,-3.09,-3.06,-0.6,8.43,-3.04,7.24
APOLLOTYRE,396.3,2026-06-12,2.98,2.85,-0.61,-5.11,-21.75,-11.77
FSL,247.55,2026-06-12,-1.77,-7.37,-0.62,11.48,-25.75,-33.63
MOENERGY,39.37,2026-06-12,-1.28,-2.43,-0.63,6.53,12.26,
ARSSBL,542.95,2026-06-12,6.64,2.7,-0.64,10.15,-9.57,
BORORENEW,544.6,2026-06-12,6.0,10.7,-0.64,29.01,-0.09,-3.3
ACEINTEG,20.16,2026-06-12,-2.42,5.38,-0.64,13.45,-7.69,-24.75
RTNPOWER,9.24,2026-06-12,-2.33,-2.74,-0.65,8.32,-3.95,-34.05
SCHAEFFLER,4055.7,2026-06-12,1.24,-0.59,-0.65,2.52,6.73,-2.4
ROSSARI,503.95,2026-06-12,-1.54,-3.49,-0.65,11.19,-13.91,-25.81
STARCEMENT,218.57,2026-06-12,4.77,2.2,-0.65,7.69,-0.9,2.38
LTF,275.95,2026-06-12,5.45,1.73,-0.66,5.01,-9.44,48.45
LIBAS,11.98,2026-06-12,-0.66,-6.55,-0.66,16.42,11.34,-14.12
JSWHL,12256.0,2026-06-12,-0.21,-4.87,-0.67,-23.27,-44.71,-45.71
ENERGY,39.41,2026-06-12,-0.96,-2.55,-0.68,6.59,12.47,
ATLASCYCLE,98.39,2026-06-12,-0.64,1.28,-0.69,16.53,6.08,-28.52
HATSUN,914.15,2026-06-12,2.51,-2.09,-0.7,-2.32,-9.36,-5.42
CMSINFO,296.75,2026-06-12,-0.52,-2.51,-0.7,-0.87,-14.59,-39.34
ACCURACY,5.41,2026-06-12,-0.55,-5.75,-0.73,34.91,-4.92,-36.95
LINC,98.32,2026-06-12,1.0,-0.78,-0.75,-3.13,-12.26,-30.15
AXISVALUE,33.21,2026-06-12,-0.36,-1.48,-0.75,0.61,8.92,17.27
GILT10BETA,25.95,2026-06-12,0.04,-0.04,-0.76,-0.65,-0.73,0.04
HARRMALAYA,211.53,2026-06-12,7.09,8.62,-0.76,16.24,30.85,-2.08
HEALTHX,280.9,2026-06-12,-6.54,-6.82,-0.76,-0.39,-6.65,0.14
AVL,536.9,2026-06-12,-0.04,2.81,-0.77,18.25,5.46,39.63
CADSYS,70.45,2026-06-12,0.0,0.0,-0.77,48.94,80.64,-1.26
SUTLEJTEX,36.23,2026-06-12,-0.06,1.6,-0.77,13.18,12.1,-14.89
MRF,125515.0,2026-06-12,2.19,0.88,-0.78,-9.05,-17.72,-7.83
TRIGYN,54.39,2026-06-12,1.02,-3.26,-0.78,11.8,-22.0,-36.73
LUMAXIND,5311.5,2026-06-12,0.87,-3.97,-0.78,7.28,-3.36,69.52
CANTABIL,217.04,2026-06-12,1.24,2.95,-0.79,-15.43,-16.18,-13.89
PWL,106.79,2026-06-12,1.19,5.46,-0.8,26.69,-21.47,
SHALPAINTS,51.84,2026-06-12,6.73,4.47,-0.8,-0.33,-13.96,-49.42
SHARDUL,29.31,2026-06-12,4.57,5.32,-0.81,,,
TEXINFRA,98.85,2026-06-12,-0.85,1.88,-0.81,13.43,-6.66,-4.52
MUKANDLTD,134.22,2026-06-12,-2.14,-3.28,-0.81,11.18,-1.96,15.31
ANUHPHR,79.59,2026-06-12,5.38,3.55,-0.81,1.7,0.35,-24.84
GMBREW,899.05,2026-06-12,4.09,-0.54,-0.82,-9.27,-9.23,20.2
GICRE,379.25,2026-06-12,-1.48,0.96,-0.82,2.69,-0.81,-1.1
SYSTMTXC,66.62,2026-06-12,1.68,3.83,-0.82,-1.49,-58.4,
IOB,33.37,2026-06-12,2.02,1.27,-0.83,-1.45,-9.88,-13.41
BEML,1775.7,2026-06-12,1.97,3.37,-0.83,10.15,5.34,-15.32
REDTAPE,133.87,2026-06-12,0.91,-3.63,-0.84,17.44,7.95,1.85
VINATIORGA,1303.2,2026-06-12,1.17,-0.31,-0.84,-5.95,-18.17,-30.48
NEXT30ADD,41.39,2026-06-12,-0.41,-1.69,-0.84,3.6,3.55,8.38
DIVOPPBEES,76.59,2026-06-12,0.67,-0.97,-0.85,-3.19,-6.23,-2.94
ASTRAZEN,8249.5,2026-06-12,-1.13,-5.49,-0.85,-4.18,-9.89,-18.81
ADL,71.02,2026-06-12,2.78,-1.63,-0.85,-1.25,-10.21,-24.04
TCIEXP,513.3,2026-06-12,0.05,3.19,-0.85,3.8,-7.99,-31.78
GOKULAGRO,233.07,2026-06-12,1.52,0.05,-0.86,45.4,19.52,66.48
SMLT,69.81,2026-06-12,-0.06,-3.78,-0.87,2.98,-28.62,-43.55
AEPL,16.0,2026-06-12,-2.08,-2.74,-0.87,-12.04,,
GULFOILLUB,939.35,2026-06-12,4.4,1.24,-0.88,-7.0,-17.47,-19.76
VLSFINANCE,230.08,2026-06-12,-0.17,1.96,-0.88,-0.61,-23.17,-8.37
ITIETF,30.86,2026-06-12,-2.93,-6.71,-0.9,-5.57,-26.52,-26.03
PURVA,209.18,2026-06-12,2.83,-2.25,-0.91,11.81,-14.19,-31.39
HDFCNIFIT,29.77,2026-06-12,-2.59,-6.71,-0.93,-5.31,-26.33,-25.96
QUAL30IETF,20.35,2026-06-12,0.05,-1.55,-0.93,1.8,-6.99,-3.87
AMDIND,45.97,2026-06-12,-1.86,-2.71,-0.95,20.85,-8.66,-8.88
ENGINERSIN,234.68,2026-06-12,-1.96,4.43,-0.96,16.94,22.64,7.91
RUBFILA,71.4,2026-06-12,-1.18,-7.14,-0.96,12.83,-4.86,-8.32
UFLEX,417.4,2026-06-12,-0.83,-5.28,-0.97,-7.37,-11.46,-32.5
IIFLCAPS,342.0,2026-06-12,0.59,0.97,-0.97,17.12,7.94,0.98
MALUPAPER,32.12,2026-06-12,1.07,-1.23,-0.99,2.33,-11.9,-20.83
NEXTMEDIA,4.0,2026-06-12,4.17,-1.48,-0.99,-22.63,-34.96,-43.1
EDUCOMP,0.98,2026-06-12,0.0,1.03,-1.01,-2.97,-24.62,-50.51
TCC,356.9,2026-06-12,-2.59,-6.08,-1.01,-13.64,,
HBLENGINE,774.3,2026-06-12,1.02,-2.99,-1.02,12.25,-4.37,29.28
COLPAL,2079.0,2026-06-12,3.66,4.47,-1.02,6.46,-2.67,-11.64
GENCON,39.23,2026-06-12,-0.13,-0.81,-1.03,-9.57,-16.28,-14.99
ARE&M,823.65,2026-06-12,-0.12,-5.56,-1.03,4.29,-11.49,-17.31
IT,30.85,2026-06-12,-2.9,-6.66,-1.03,-5.54,-26.44,-26.07
AUROPHARMA,1472.8,2026-06-12,1.45,2.73,-1.03,12.26,23.24,27.97
ACCELYA,1117.4,2026-06-12,0.82,-2.03,-1.07,-6.91,-11.78,-17.44
PARADEEP,126.25,2026-06-12,1.81,2.19,-1.08,12.1,-19.22,-26.97
SBIETFIT,308.25,2026-06-12,-3.08,-6.83,-1.09,-5.6,-26.45,-26.2
LXCHEM,153.88,2026-06-12,1.68,3.48,-1.1,25.66,-9.94,-24.62
EIMCOELECO,1540.5,2026-06-12,-0.18,1.12,-1.1,0.6,0.84,-37.64
AETHER,1142.9,2026-06-12,0.56,2.44,-1.11,9.09,32.16,44.95
MBEL,287.05,2026-06-12,6.18,-3.63,-1.12,-2.18,-24.06,
IVP,159.39,2026-06-12,-4.55,-4.57,-1.12,20.19,8.06,-15.14
ITETF,29.41,2026-06-12,-2.87,-6.78,-1.14,-5.43,-26.53,-26.16
JUBLPHARMA,976.75,2026-06-12,2.03,-1.09,-1.15,18.01,-10.06,-12.85
ELDEHSG,804.6,2026-06-12,4.68,2.25,-1.17,-3.21,-13.96,-0.49
HDFCGROWTH,111.69,2026-06-12,0.47,-0.61,-1.18,-0.99,-13.73,-4.93
ITBEES,30.89,2026-06-12,-2.65,-6.76,-1.18,-5.51,-26.54,-26.21
SHAREINDIA,136.38,2026-06-12,3.63,0.39,-1.19,2.6,-21.12,-25.04
CONSOFINVT,221.32,2026-06-12,-4.37,-7.61,-1.2,-3.06,32.87,9.63
ONDOOR,174.95,2026-06-12,7.43,6.06,-1.21,17.42,45.01,8.06
KRISHANA,673.6,2026-06-12,1.91,-0.9,-1.21,32.76,27.96,36.48
GODREJPROP,1691.4,2026-06-12,2.22,-1.33,-1.23,4.65,-18.49,-29.19
TECH,30.41,2026-06-12,-2.72,-6.4,-1.23,-5.06,-26.28,-25.63
ASTRAL,1508.6,2026-06-12,-0.17,-1.6,-1.24,-11.05,6.51,0.9
GREENPOWER,11.15,2026-06-12,2.29,-1.24,-1.24,13.2,-5.75,-23.63
NIFTYQLITY,20.57,2026-06-12,-0.53,-1.72,-1.25,1.63,-6.67,-3.83
MADHUCON,5.51,2026-06-12,0.73,4.95,-1.25,19.78,-9.82,-36.74
ITADD,29.44,2026-06-12,-2.45,-6.51,-1.27,-5.61,-26.33,-26.23
GROWWLOVOL,10.09,2026-06-12,0.4,-0.69,-1.27,-0.1,-6.06,
ITBETA,292.16,2026-06-12,-3.03,-6.86,-1.3,-5.66,-26.42,-26.13
SILGO,75.1,2026-06-12,-0.41,-8.68,-1.3,2.02,4.29,44.06
SUPREMEINF,81.13,2026-06-12,4.83,-6.21,-1.3,13.6,-9.85,-12.65
ANTHEM,788.7,2026-06-12,2.02,4.6,-1.3,23.05,12.76,
WAAREERTL,954.15,2026-06-12,0.72,-1.86,-1.3,13.59,0.55,-5.18
KOTYARK,409.6,2026-06-12,1.83,-2.75,-1.31,13.57,55.65,34.25
AXISTECETF,306.22,2026-06-12,-2.77,-6.97,-1.32,-5.51,-26.52,-26.05
MARICO,819.05,2026-06-12,1.24,1.66,-1.32,8.18,12.65,19.46
VEEKAYEM,134.2,2026-06-12,-2.75,0.34,-1.32,3.23,-39.28,-47.03
KAMOPAINTS,5.14,2026-06-12,1.78,-0.39,-1.34,13.22,-23.17,-56.11
MANAKSIA,57.34,2026-06-12,-1.24,-4.61,-1.34,2.47,-7.19,-24.98
PERSISTENT,4811.0,2026-06-12,-5.01,-10.94,-1.36,2.05,-23.8,-18.25
ICICIB22,118.46,2026-06-12,0.82,-0.65,-1.37,-3.0,2.28,7.76
GODREJAGRO,564.95,2026-06-12,-0.41,-2.13,-1.38,-3.68,-4.5,-25.86
MAZDOCK,2410.1,2026-06-12,0.88,-0.54,-1.38,-1.36,-1.67,-24.46
BAWEJA,28.5,2026-06-12,-5.16,-8.06,-1.38,0.0,-25.97,-48.04
AKSHARCHEM,206.98,2026-06-12,-2.16,10.06,-1.38,21.42,-16.99,-18.1
MUTHOOTMF,187.6,2026-06-12,4.05,7.77,-1.38,22.17,7.15,36.66
SCANSTL,37.51,2026-06-12,5.34,0.13,-1.39,,,
SUPREMEIND,3485.0,2026-06-12,-0.17,-1.01,-1.39,-13.82,8.19,-17.94
ESSARSHPNG,23.69,2026-06-12,4.78,0.94,-1.41,-4.78,-15.99,-26.11
DONEAR,88.93,2026-06-12,-0.44,-6.07,-1.42,1.33,-10.14,-18.55
NIDAN,13.9,2026-06-12,-0.71,-0.71,-1.42,-10.03,-26.84,-36.38
SUNDARAM,1.38,2026-06-12,0.73,0.73,-1.43,7.81,-22.47,-37.27
UFO,71.74,2026-06-12,-0.64,-1.62,-1.43,10.35,-7.56,-5.61
PULZ,24.15,2026-06-12,-1.83,2.33,-1.43,-11.21,-20.3,-53.82
LICHSGFIN,559.5,2026-06-12,3.42,4.06,-1.44,12.24,5.09,-5.83
MORARJEE,7.5,2026-06-12,5.04,1.63,-1.45,12.61,1.21,-9.42
EUROBOND,178.14,2026-06-12,3.28,-2.93,-1.48,14.28,-1.47,7.96
DODLA,1084.8,2026-06-12,0.65,-1.59,-1.49,8.34,-11.13,-17.57
RVTH,695.35,2026-06-12,-2.06,-6.1,-1.5,24.44,-2.46,-37.58
MOLDTECH,126.76,2026-06-12,9.74,7.47,-1.51,-1.09,-20.88,-19.92
TRIDENT,24.19,2026-06-12,0.67,-0.12,-1.51,5.97,-10.63,-21.29
WEBELSOLAR,103.63,2026-06-12,-1.59,-3.24,-1.52,85.19,15.2,-22.41
BODALCHEM,68.31,2026-06-12,-1.47,-7.4,-1.53,54.48,30.29,-8.63
EPL,224.8,2026-06-12,7.9,5.13,-1.54,16.54,3.83,-4.07
TFCILTD,74.68,2026-06-12,0.67,1.54,-1.54,16.58,12.39,71.06
BBNPPGOLD,143.4,2026-06-12,-1.0,-3.76,-1.54,-7.63,12.12,50.55
JKTYRE,378.25,2026-06-12,3.43,-2.26,-1.54,-12.18,-16.87,1.75
SHANTI,6.4,2026-06-12,-1.39,-3.03,-1.54,0.47,-29.44,-68.43
INDPRUD,6423.0,2026-06-12,3.74,-0.88,-1.56,,,
COUNCODOS,5.02,2026-06-12,4.58,0.8,-1.57,0.4,-15.06,-28.59
MOINFRA,61.4,2026-06-12,0.23,-0.98,-1.57,4.21,5.08,1.64
QUALITY30,20.11,2026-06-12,0.3,-0.79,-1.57,1.98,-5.9,
BSL,123.2,2026-06-12,-1.98,-5.11,-1.58,-1.88,-24.1,-3.78
3IINFOLTD,17.22,2026-06-12,4.43,-1.66,-1.6,31.05,5.32,-33.54
WSTCSTPAPR,494.35,2026-06-12,-0.92,-3.44,-1.61,24.33,21.1,-4.29
TWCGOLDETF,147.23,2026-06-12,-1.61,-4.05,-1.63,-7.23,,
MOIL,291.9,2026-06-12,0.36,-1.55,-1.63,7.34,-10.24,-22.92
BALKRISHNA,17.95,2026-06-12,-1.7,-1.54,-1.64,21.53,-11.88,-16.36
AHLUCONT,798.1,2026-06-12,1.84,4.51,-1.65,4.67,-16.75,-13.62
MON100,318.03,2026-06-12,-3.89,-5.3,-1.65,42.09,36.24,75.7
SHARIABEES,451.6,2026-06-12,-1.38,-2.67,-1.66,-1.21,-11.77,-11.08
GSFC,164.34,2026-06-12,2.51,0.27,-1.66,3.06,-4.55,-18.78
TATACHEM,745.95,2026-06-12,5.49,3.19,-1.67,10.87,-0.19,-18.8
TI,434.9,2026-06-12,1.03,0.16,-1.68,-3.95,-3.83,19.38
FINIETF,30.92,2026-06-12,2.08,-0.96,-1.69,2.9,-4.69,1.78
NILE,1698.7,2026-06-12,1.01,-5.94,-1.7,,,
PICCADIL,580.95,2026-06-12,-0.5,0.87,-1.7,7.32,4.36,
PATTECH,114.85,2026-06-12,-1.71,-1.71,-1.71,8.35,-0.78,53.95
CHOICEGOLD,146.92,2026-06-12,-1.71,-3.83,-1.71,-7.33,12.03,
ZENITHEXPO,201.62,2026-06-12,-5.79,3.17,-1.72,4.36,-17.71,-19.35
VALIANTORG,280.15,2026-06-12,3.87,-3.31,-1.72,32.79,2.1,-42.88
GODFRYPHLP,2301.0,2026-06-12,5.36,2.06,-1.72,10.01,-19.31,-14.67
AVONMORE,10.87,2026-06-12,11.03,1.02,-1.72,-13.46,-32.4,-42.03
SURYODAY,169.65,2026-06-12,-0.36,4.05,-1.73,34.3,23.76,14.96
AXISGOLD,123.24,2026-06-12,-0.96,-3.94,-1.77,-7.78,11.25,50.13
TANLA,513.7,2026-06-12,2.21,-0.72,-1.78,20.3,-6.4,-22.76
SINGERIND,68.89,2026-06-12,-0.55,-0.62,-1.78,,,
HDFCQUAL,56.01,2026-06-12,-0.32,-1.99,-1.79,1.03,-6.81,-2.63
TTKHLTCARE,891.05,2026-06-12,-0.6,-2.73,-1.8,5.15,-15.94,-29.82
RATNAVEER,164.31,2026-06-12,0.99,-1.57,-1.8,16.61,3.03,-0.07
OMPOWER,177.96,2026-06-12,-2.82,5.68,-1.82,,,
INDOTECH,2604.0,2026-06-12,0.66,0.42,-1.82,89.33,62.92,27.04
GPIL,277.15,2026-06-12,-0.56,-1.6,-1.82,4.7,16.15,48.78
IVZINGOLD,128.6,2026-06-12,-1.38,-4.03,-1.83,-99.08,-98.89,-98.49
KIRLOSIND,3129.3,2026-06-12,0.28,1.1,-1.84,11.31,-5.43,-15.78
SAKHTISUG,17.65,2026-06-12,1.32,-1.23,-1.84,16.35,-8.83,-34.89
AONEGOLD,13.78,2026-06-12,-1.92,-4.17,-1.85,-7.58,11.94,
BAJAJ-AUTO,10063.0,2026-06-12,-1.64,-3.02,-1.85,11.38,13.2,22.13
ORISSAMINE,4018.0,2026-06-12,1.42,0.29,-1.86,4.43,-15.17,-21.2
SWANCORP,316.55,2026-06-12,3.46,-0.69,-1.86,-12.49,-30.65,-28.66
JYOTISTRUC,12.14,2026-06-12,-3.8,-1.62,-1.86,9.37,12.3,-37.62
GROWWGOLD,14.42,2026-06-12,-1.77,-4.12,-1.9,-7.8,-88.83,-85.03
HINDALCO,1021.6,2026-06-12,-3.84,-10.49,-1.9,5.35,19.89,58.07
GOLD360,144.5,2026-06-12,-1.1,-3.83,-1.9,-7.22,11.63,50.13
DRAGARWQ,4954.9,2026-06-12,-0.7,-3.29,-1.91,,,
DCMSIL,64.8,2026-06-12,-5.54,7.82,-1.91,-5.86,,
THACKER,1145.7,2026-06-12,-13.39,-4.21,-1.93,,,
SPAL,796.05,2026-06-12,-2.28,2.95,-1.93,13.57,9.54,-2.09
IWP,33.96,2026-06-12,-1.62,-1.08,-1.93,,,
AAATECH,97.3,2026-06-12,5.97,4.98,-1.95,4.43,-0.92,10.45
EGOLD,147.25,2026-06-12,-2.09,-4.54,-1.96,-7.85,11.3,49.64
KALAMANDIR,106.22,2026-06-12,2.2,0.08,-1.96,7.09,-30.01,-23.26
NORBTEAEXP,74.67,2026-06-12,-7.56,-8.31,-1.96,-17.03,1.59,112.8
NETWORK18,31.51,2026-06-12,-1.13,4.48,-1.96,-4.14,-26.5,-42.89
KRITIKA,6.0,2026-06-12,-0.17,-1.8,-1.96,1.87,-19.25,-40.59
YUKEN,685.0,2026-06-12,0.74,1.19,-1.99,-4.13,-19.39,-35.41
SETFGOLD,125.74,2026-06-12,-1.85,-4.37,-1.99,-7.96,11.31,49.92
GILLETTE,7726.0,2026-06-12,1.37,-1.27,-1.99,-3.32,-3.12,-22.81
VISAMAN,113.25,2026-06-12,0.0,0.0,-1.99,-4.63,-5.62,191.13
MOGOLD,146.45,2026-06-12,-1.08,-3.75,-2.01,-7.52,11.92,
MARALOVER,56.0,2026-06-12,0.13,-2.32,-2.01,33.52,22.3,-22.58
NUVOCO,310.55,2026-06-12,-0.06,-9.17,-2.02,5.52,-10.05,-12.52
CLSL,43.0,2026-06-12,-2.27,-4.44,-2.05,-7.53,-6.52,-14.0
IREDA,122.13,2026-06-12,1.64,-3.28,-2.05,4.91,-9.84,-30.06
SAPPHIRE,169.25,2026-06-12,-4.53,-4.29,-2.05,-0.05,-28.9,-47.19
AUTOAXLES,1689.0,2026-06-12,1.36,-2.35,-2.06,-7.34,-9.7,-4.22
SUNPHARMA,1807.7,2026-06-12,1.06,0.62,-2.06,-0.96,1.45,8.18
SIRCA,418.15,2026-06-12,0.48,-1.06,-2.08,-1.41,-11.81,10.09
HSBCGOLD,128.1,2026-06-12,-2.42,-4.03,-2.08,,,
AHLEAST,153.38,2026-06-12,-1.38,-2.88,-2.09,-0.01,14.56,4.31
GOLDIETF,126.31,2026-06-12,-1.6,-4.24,-2.09,-7.85,11.4,50.23
SIGACHI,20.64,2026-06-12,-2.23,-7.65,-2.09,7.22,-41.18,-63.99
GOLDBETA,124.05,2026-06-12,-2.05,-4.54,-2.09,-7.97,11.61,50.55
GOLDETF,143.04,2026-06-12,-1.78,-4.46,-2.09,-8.01,11.48,50.27
RADHIKAJWE,56.55,2026-06-12,0.93,-0.28,-2.11,-6.44,-23.46,-35.81
TATAGOLD,14.3,2026-06-12,-1.92,-4.35,-2.12,-7.86,11.54,50.05
SAROJA,32.3,2026-06-12,-4.86,-0.62,-2.12,-0.62,-18.02,-17.5
HLVLTD,7.82,2026-06-12,0.26,-0.26,-2.13,1.56,-14.35,-45.16
KOHINOOR,24.34,2026-06-12,2.14,-3.83,-2.13,-0.25,-10.28,-33.55
UNIONGOLD,144.2,2026-06-12,-2.14,-4.44,-2.14,-8.04,11.61,49.43
CAMPUS,238.4,2026-06-12,0.25,-5.0,-2.14,-0.67,-9.47,-16.51
HDFCGOLD,125.86,2026-06-12,-1.99,-4.48,-2.15,-8.01,11.28,49.71
GOKEX,674.5,2026-06-12,-0.26,-3.68,-2.15,11.88,-20.54,-27.77
PGEL,483.3,2026-06-12,2.74,2.74,-2.15,-9.19,-14.78,-36.18
ASMS,7.25,2026-06-12,0.14,-1.49,-2.16,-17.24,-40.57,-50.75
GOLDBEES,121.92,2026-06-12,-1.8,-4.37,-2.16,-7.94,11.23,49.8
COMMOIETF,100.81,2026-06-12,-0.25,-3.47,-2.17,3.77,7.16,14.61
LICMFGOLD,132.9,2026-06-12,-2.03,-4.42,-2.17,-7.64,-98.88,-98.5
LAMBODHARA,103.12,2026-06-12,-0.76,-12.86,-2.18,4.97,-17.07,-27.36
BSLGOLDETF,129.43,2026-06-12,-1.97,-4.67,-2.19,-7.93,11.45,49.94
SRHHYPOLTD,499.2,2026-06-12,-0.52,-1.22,-2.19,10.37,1.67,-25.25
SBGLP,25.83,2026-06-12,3.2,-2.71,-2.2,-4.26,-25.5,-44.19
RSSOFTWARE,31.17,2026-06-12,-0.95,-2.93,-2.2,11.92,-46.01,-49.02
QGOLDHALF,122.14,2026-06-12,-1.93,-4.47,-2.21,-8.14,11.67,50.6
SJVN,72.61,2026-06-12,0.44,-0.41,-2.21,0.36,1.99,-25.99
KAMAHOLD,2576.1,2026-06-12,0.71,-1.18,-2.23,,,
GOLDCASE,23.2,2026-06-12,-1.99,-4.45,-2.23,-7.97,11.38,50.26
KSB,834.8,2026-06-12,3.75,8.49,-2.24,9.21,13.66,0.14
TIMKEN,3530.2,2026-06-12,-1.25,-0.53,-2.24,1.25,15.59,9.23
OMFREIGHT,82.15,2026-06-12,0.82,-1.82,-2.25,7.29,-7.6,
SINCLAIR,75.6,2026-06-12,0.64,2.75,-2.25,5.85,-9.21,-15.28
NORTHARC,289.45,2026-06-12,1.26,4.1,-2.26,24.09,11.35,27.84
SUPERSPIN,5.14,2026-06-12,7.53,1.98,-2.28,-4.64,-37.85,-50.15
ABBOTINDIA,26280.0,2026-06-12,1.94,-2.09,-2.3,-1.52,-6.18,-15.61
ENERGYDEV,16.47,2026-06-12,-1.02,1.23,-2.31,9.07,-18.51,-41.09
RMDRIP,18.57,2026-06-12,18.66,8.91,-2.31,-24.26,-59.97,-42.05
SECMARK,129.91,2026-06-12,2.29,3.44,-2.32,13.27,11.02,-18.25
AGARWALEYE,439.75,2026-06-12,-2.62,-8.64,-2.32,1.02,-13.05,18.12
SAKSOFT,137.85,2026-06-12,-1.08,-2.99,-2.32,5.03,-27.55,-31.15
SWIGGY,249.9,2026-06-12,3.61,0.06,-2.33,-11.04,-40.0,-29.82
MENNPIS,56.27,2026-06-12,5.39,3.25,-2.34,,,
GOLD1,122.87,2026-06-12,-1.76,-4.54,-2.34,-7.8,11.29,49.95
SBFC,90.59,2026-06-12,-0.76,-1.79,-2.34,-2.1,-13.99,-18.81
ESSENTIA,1.54,2026-06-12,-7.78,-10.47,-2.35,20.31,-3.14,-34.75
BVCL,41.54,2026-06-12,0.7,-3.4,-2.35,5.27,0.22,11.55
HEROMOTOCO,4962.6,2026-06-12,3.92,2.96,-2.36,-8.01,-15.11,17.72
OILIETF,11.19,2026-06-12,0.72,-1.32,-2.36,-4.44,-7.44,-3.78
IRCTC,521.35,2026-06-12,1.02,1.71,-2.37,-2.86,-22.24,-31.45
GOLDBND,146.84,2026-06-12,-2.02,-4.58,-2.37,-8.77,,
DOLATALGO,74.65,2026-06-12,3.31,1.68,-2.37,1.1,-12.74,-28.91
HARSHA,402.5,2026-06-12,0.74,3.07,-2.37,13.46,7.85,3.4
GOLDADD,142.88,2026-06-12,-2.1,-4.58,-2.39,-8.16,10.99,49.71
BEL,406.5,2026-06-12,-1.56,-0.17,-2.4,-10.37,4.82,5.62
LOVABLE,70.49,2026-06-12,-1.05,-0.62,-2.42,3.09,-14.68,-29.71
RAMASTEEL,5.22,2026-06-12,0.58,-0.76,-2.43,-11.38,-51.03,-60.12
RSDFIN,80.0,2026-06-12,0.38,2.08,-2.44,,,
JUNIPER,195.25,2026-06-12,-3.17,0.38,-2.44,-4.45,-25.3,-39.32
BLBLIMITED,16.31,2026-06-12,-1.45,-4.34,-2.45,-5.89,9.1,7.09
CENTEXT,20.1,2026-06-12,4.63,4.36,-2.47,1.06,-5.32,-2.9
NOVAAGRI,27.12,2026-06-12,2.84,2.22,-2.48,-2.93,-31.5,-47.63
DIVIDEND,34.98,2026-06-12,-0.71,-3.08,-2.48,-1.85,,
INTLCONV,79.12,2026-06-12,-0.47,-0.49,-2.49,5.11,-16.0,-7.4
SEIL,197.03,2026-06-12,10.26,7.98,-2.49,,,
KANANIIND,1.56,2026-06-12,0.0,1.3,-2.5,15.56,-7.69,-29.09
CHEMBONDCH,172.63,2026-06-12,-0.34,-5.84,-2.51,28.04,7.69,
IL&FSTRANS,2.33,2026-06-12,0.43,0.43,-2.51,1.3,-16.19,-38.36
SALASAR,6.96,2026-06-12,2.2,2.05,-2.52,-3.47,-23.09,-19.72
BEDMUTHA,111.13,2026-06-12,2.9,-3.78,-2.52,-11.8,9.39,-30.95
RPOWER,26.61,2026-06-12,-2.35,-0.56,-2.53,12.47,-22.94,-61.83
ELCIDIN,117000.0,2026-06-12,0.46,-1.44,-2.56,,,
UPL,610.1,2026-06-12,-2.38,-5.45,-2.56,-3.01,-18.47,-2.64
MASTEK,1577.4,2026-06-12,-2.24,-4.4,-2.56,1.26,-27.1,-33.73
CIEINDIA,450.7,2026-06-12,2.92,3.04,-2.59,0.11,14.24,-0.31
ITC,285.1,2026-06-12,2.02,1.95,-2.6,-3.69,-25.27,-28.98
NAHARCAP,252.7,2026-06-12,1.94,-0.94,-2.6,11.32,-3.51,-25.22
HAVELLS,1154.1,2026-06-12,1.21,0.95,-2.61,-14.34,-17.47,-25.27
IGPL,435.8,2026-06-12,-0.7,5.96,-2.63,22.23,7.3,-8.93
GODIGIT,301.05,2026-06-12,-0.92,-0.56,-2.64,-12.61,-11.97,-11.57
KONSTELEC,42.1,2026-06-12,-5.29,-15.46,-2.66,22.92,-12.29,-36.69
SWARAJENG,3703.4,2026-06-12,-0.78,-2.56,-2.67,6.38,-0.25,-5.01
METROBRAND,1000.5,2026-06-12,0.96,-3.11,-2.67,5.23,-13.89,-17.48
ZODIACLOTH,74.51,2026-06-12,0.76,-1.39,-2.68,3.23,-15.18,-33.35
KUANTUM,74.78,2026-06-12,0.88,-0.4,-2.69,-8.46,-17.93,-33.17
GANGESSECU,123.53,2026-06-12,2.14,1.86,-2.69,2.96,-13.08,-25.62
BNAGROCHEM,280.6,2026-06-12,1.5,-21.44,-2.69,,,
MADHAVIPL,8.65,2026-06-12,4.09,2.25,-2.7,,,
MEIL,312.2,2026-06-12,0.11,-2.47,-2.7,32.7,-15.67,
BLKASHYAP,53.75,2026-06-12,1.51,-1.19,-2.71,5.62,6.1,-23.31
REPCOHOME,381.65,2026-06-12,6.49,0.32,-2.71,3.41,-4.47,-6.91
RITES,206.06,2026-06-12,1.18,2.43,-2.71,3.21,-8.56,-26.52
KIRANVYPAR,186.78,2026-06-12,8.47,16.53,-2.72,,,
AFCONS,326.0,2026-06-12,4.42,-1.61,-2.72,17.06,-18.44,-26.46
CRAYONS,32.1,2026-06-12,3.38,-6.14,-2.73,-15.53,-19.14,-37.18
RAJSREESUG,32.48,2026-06-12,-2.73,-9.02,-2.73,14.65,-14.05,-33.48
KIRLFER,427.55,2026-06-12,1.71,-0.24,-2.74,-5.45,-5.45,-5.45
SHREECEM,24175.0,2026-06-12,2.72,-3.53,-2.76,2.87,-8.03,-18.19
UEL,140.08,2026-06-12,4.77,1.83,-2.77,-11.23,-11.15,15.91
HAPPSTMNDS,349.95,2026-06-12,-0.92,-7.63,-2.78,-14.45,-28.65,-41.81
FMCGIETF,52.35,2026-06-12,1.71,1.16,-2.79,1.79,-10.67,-10.82
AADHARHFC,473.65,2026-06-12,2.87,1.48,-2.8,-0.48,-3.12,7.15
CYIENT,877.95,2026-06-12,1.81,-3.14,-2.82,-2.73,-24.81,-31.61
GTPL,65.11,2026-06-12,2.54,-0.32,-2.82,8.32,-34.9,-44.22
MIRZAINT,29.69,2026-06-12,-0.57,-2.46,-2.82,-5.39,-26.64,-4.6
OLIL,450.5,2026-06-12,3.56,0.72,-2.83,44.88,49.92,139.63
BIL,694.05,2026-06-12,-0.57,-5.64,-2.83,-3.59,-8.59,-7.37
MASPTOP50,77.61,2026-06-12,-5.66,-5.4,-2.85,11.24,7.55,41.06
BLUESTARCO,1583.8,2026-06-12,2.04,2.52,-2.87,-18.93,-11.85,-1.89
NOCIL,161.55,2026-06-12,3.61,-0.87,-2.88,24.34,1.68,-18.79
SHREEPUSHK,357.65,2026-06-12,1.13,0.08,-2.88,11.68,-6.79,11.77
TAMBOLIIN,175.39,2026-06-12,-3.07,-0.37,-2.89,,,
KINGFA,5108.0,2026-06-12,-3.06,-3.55,-2.91,24.83,32.56,66.33
GARUDA,167.63,2026-06-12,2.7,-1.72,-2.92,0.4,-17.26,34.27
SPECTSTM,56.25,2026-06-12,-18.48,-19.7,-2.93,-22.95,-27.37,-51.38
ZENITHSTL,5.92,2026-06-12,0.85,-0.34,-2.95,7.44,-20.0,-30.35
ENDURANCE,2502.6,2026-06-12,-0.43,-8.4,-2.95,1.71,-5.23,2.64
SNOWMAN,37.3,2026-06-12,2.16,1.33,-2.97,4.63,-9.21,-39.34
METROPOLIS,530.7,2026-06-12,0.2,-1.88,-2.98,16.62,11.13,22.05
ARTEMISMED,262.6,2026-06-12,1.88,-1.87,-2.99,14.35,-6.21,0.93
WAAREEENER,3031.4,2026-06-12,0.92,-2.09,-3.0,10.66,1.72,6.81
UCAL,100.05,2026-06-12,1.74,1.08,-3.0,-2.27,-13.2,-34.03
ANIKINDS,42.98,2026-06-12,0.66,-5.1,-3.02,7.21,-21.97,-61.25
RAILTEL,308.75,2026-06-12,1.7,-0.82,-3.06,7.92,-5.88,-28.95
MIDWESTLTD,1246.6,2026-06-12,0.6,2.18,-3.06,1.7,-14.64,
ROHLTD,316.6,2026-06-12,1.51,-6.03,-3.08,-6.01,-17.39,-18.73
MAWANASUG,104.23,2026-06-12,-2.09,5.46,-3.08,30.32,24.11,-0.89
ARKADE,114.3,2026-06-12,2.33,0.26,-3.09,6.87,-20.15,-40.16
GNRL,93.04,2026-06-12,0.08,-6.36,-3.1,,,
ARVSMART,573.9,2026-06-12,-0.92,-0.35,-3.1,6.77,-3.64,-16.67
MCON,49.9,2026-06-12,-4.77,21.26,-3.11,15.38,-16.9,-54.64
BHAGYANGR,310.6,2026-06-12,5.95,0.89,-3.12,96.96,134.2,296.53
VIAZ,59.95,2026-06-12,-2.12,-5.81,-3.15,-6.03,-14.36,5.18
HCLTECH,1109.6,2026-06-12,-3.62,-7.15,-3.16,-16.73,-31.92,-31.98
BRITANNIA,5165.5,2026-06-12,1.71,0.16,-3.16,-10.74,-12.68,-6.04
BECTORFOOD,181.65,2026-06-12,7.49,4.47,-3.18,-1.6,-32.84,-34.33
BCPL,77.03,2026-06-12,-1.41,-4.2,-3.18,,,
SAURASHCEM,59.43,2026-06-12,1.31,-0.27,-3.18,-3.57,-30.9,-33.72
IGCL,60.64,2026-06-12,10.17,2.35,-3.19,-4.74,-27.8,
BAJAJFINSV,1689.1,2026-06-12,0.87,-3.97,-3.19,-4.61,-18.91,-16.7
SPLIL,29.93,2026-06-12,-1.51,-5.64,-3.2,11.02,-18.56,-22.92
NELCAST,139.34,2026-06-12,-1.74,-1.89,-3.2,12.44,27.32,1.98
BLS,262.1,2026-06-12,0.04,0.08,-3.21,4.11,-17.67,-28.51
APLLTD,743.35,2026-06-12,-0.29,3.24,-3.23,5.69,-15.23,-24.28
HEIDELBERG,149.03,2026-06-12,-0.66,-4.17,-3.26,-4.61,-15.04,-21.26
DYCL,317.95,2026-06-12,1.58,-0.69,-3.27,11.84,-4.79,-28.23
ABLBL,98.34,2026-06-12,0.86,-0.9,-3.27,-2.73,-22.97,
ASHOKA,123.06,2026-06-12,4.03,1.01,-3.28,1.66,-25.62,-41.01
BHEL,378.75,2026-06-12,-1.95,-6.44,-3.32,41.4,32.82,49.55
DVL,236.98,2026-06-12,0.14,-1.28,-3.34,4.93,-17.32,-27.85
MAFANG,185.96,2026-06-12,-8.03,-7.67,-3.35,14.17,5.64,37.28
ICRA,5147.0,2026-06-12,0.54,-2.22,-3.36,-4.98,-15.68,-21.96
APLAPOLLO,1817.6,2026-06-12,-0.01,1.64,-3.38,-9.54,4.59,-0.66
CRISIL,3893.9,2026-06-12,2.31,-1.06,-3.4,-7.19,-12.62,-28.53
RGL,104.65,2026-06-12,3.85,1.52,-3.41,0.14,-19.81,-18.23
STARPAPER,135.55,2026-06-12,0.38,-2.33,-3.41,-0.17,-15.67,-20.32
TEAMGTY,241.0,2026-06-12,-3.33,-4.08,-3.43,-4.27,-13.9,40.61
JAYSREETEA,87.08,2026-06-12,4.66,5.55,-3.44,-1.4,-1.05,-21.68
CAMS,757.55,2026-06-12,2.35,-1.55,-3.45,14.13,0.81,-5.48
AXISCADES,1947.6,2026-06-12,5.6,9.99,-3.45,40.6,50.06,71.22
INGERRAND,4145.1,2026-06-12,5.92,7.19,-3.46,8.8,16.02,8.85
POLICYBZR,1547.8,2026-06-12,2.37,-7.39,-3.46,5.82,-19.61,-17.3
ULTRACEMCO,11117.0,2026-06-12,2.98,-1.02,-3.46,0.25,-5.17,-1.2
SANDUMA,215.85,2026-06-12,1.38,-4.6,-3.47,8.04,0.04,35.75
ANMOL,11.08,2026-06-12,0.0,-3.99,-3.48,0.91,-21.31,-37.72
IRFC,95.89,2026-06-12,1.26,-0.39,-3.49,-3.01,-14.86,-30.43
INDGN,510.35,2026-06-12,-0.35,0.12,-3.49,15.09,-3.05,-14.49
ZEAL,67.55,2026-06-12,-2.1,-2.1,-3.5,-3.15,-33.55,-51.61
IEX,120.84,2026-06-12,1.58,-3.63,-3.5,-0.01,-13.25,-34.69
PATANJALI,425.55,2026-06-12,1.33,-5.28,-3.51,-12.93,-20.44,-23.41
FINCABLES,1035.8,2026-06-12,1.59,4.66,-3.51,15.8,39.94,7.08
KAVDEFENCE,60.43,2026-06-12,1.09,-0.15,-3.51,-3.2,-19.57,24.93
GNA,371.25,2026-06-12,-0.05,1.24,-3.51,-10.75,22.18,17.51
HMT,55.47,2026-06-12,1.76,0.58,-3.51,-2.77,14.68,-18.09
ANUP,1901.1,2026-06-12,-0.05,3.32,-3.52,22.13,-14.31,-29.68
UNITEDTEA,507.55,2026-06-12,-0.15,-0.5,-3.52,0.35,14.67,18.03
SHILCTECH,4034.6,2026-06-12,1.74,-0.05,-3.52,5.33,0.53,
NATCAPSUQ,155.95,2026-06-12,-1.23,-2.49,-3.52,2.8,-17.81,-33.93
USASEEDS,99.9,2026-06-12,4.06,5.16,-3.52,0.15,-38.9,-44.81
IMFA,1398.9,2026-06-12,-3.46,-0.91,-3.54,10.75,0.49,97.67
KOLTEPATIL,351.1,2026-06-12,-2.54,-3.78,-3.54,5.15,-8.63,-23.06
SANOFI,3120.9,2026-06-12,-1.33,0.11,-3.55,-12.01,-25.43,-47.93
BYKE,33.91,2026-06-12,-1.71,-2.78,-3.56,-14.02,-35.05,-61.89
KFINTECH,826.7,2026-06-12,-1.26,-2.23,-3.57,-8.91,-21.39,-30.3
ARIES,336.35,2026-06-12,4.25,3.37,-3.58,-0.77,4.21,4.55
IKIO,155.7,2026-06-12,3.42,4.57,-3.58,16.61,-12.22,-29.63
ALKEM,5298.0,2026-06-12,-1.09,-0.31,-3.61,-2.68,-5.16,10.38
SUNFLAG,352.45,2026-06-12,0.63,-5.89,-3.62,56.03,39.94,27.97
CYBERMEDIA,16.78,2026-06-12,2.32,-4.5,-3.62,23.56,1.27,13.92
KOTHARIPRO,69.27,2026-06-12,-2.57,-5.04,-3.62,8.17,-4.76,-20.08
BORANA,320.0,2026-06-12,0.96,-3.19,-3.64,-17.76,15.9,39.55
SGIL,550.9,2026-06-12,-0.44,4.24,-3.66,10.15,3.48,2.37
SIKA,897.85,2026-06-12,-1.91,1.38,-3.66,,,
PCCL,279.0,2026-06-12,-5.41,7.31,-3.66,29.89,45.35,48.72
ANTGRAPHIC,0.79,2026-06-12,-2.47,-2.47,-3.66,0.0,-15.96,-42.75
NILKAMAL,1270.2,2026-06-12,0.06,0.78,-3.67,-1.82,-10.51,-26.53
XCHANGING,63.05,2026-06-12,-2.22,-3.93,-3.68,6.32,-23.26,-35.0
ECAPINSURE,23.25,2026-06-12,0.17,-2.43,-3.69,1.22,-3.73,1.93
GLENMARK,2173.8,2026-06-12,-0.12,-1.24,-3.69,-3.66,10.07,32.91
AWL,190.82,2026-06-12,2.75,0.09,-3.72,8.33,-23.4,-28.69
TEMBO,548.1,2026-06-12,-4.28,-8.44,-3.72,6.94,-26.47,14.35
AYMSYNTEX,224.03,2026-06-12,2.74,0.46,-3.73,23.03,38.88,-16.34
ALEMBICLTD,87.06,2026-06-12,1.55,0.47,-3.73,4.93,-14.73,-25.53
BIRLAPREC,36.95,2026-06-12,0.11,-2.87,-3.73,,,
MCL,58.72,2026-06-12,-0.46,-3.04,-3.74,-9.02,20.82,0.95
CHALET,730.7,2026-06-12,-2.66,-6.35,-3.75,-5.66,-18.83,-17.56
PENIND,155.06,2026-06-12,2.99,-2.75,-3.78,7.48,-22.81,-34.65
TIPSFILMS,350.4,2026-06-12,-1.81,-1.14,-3.78,3.55,-13.98,-39.64
VLEGOV,13.5,2026-06-12,-1.75,-4.26,-3.78,2.2,-35.74,-76.62
MAHSEAMLES,617.1,2026-06-12,0.37,0.36,-3.79,9.9,10.27,-11.34
SAPPL,279.9,2026-06-12,-0.02,0.0,-3.8,,,
MURUDCERA,31.32,2026-06-12,-3.99,-0.89,-3.81,1.95,-9.71,-31.47
GGBL,308.35,2026-06-12,-3.14,-7.4,-3.81,12.45,-9.76,-24.42
CREATIVEYE,6.54,2026-06-12,-2.82,-5.08,-3.82,-4.39,-6.84,-42.33
PILITA,8.0,2026-06-12,-0.87,-0.25,-3.85,2.43,-24.46,-53.27
ARCHIDPLY,82.4,2026-06-12,6.08,6.92,-3.86,11.41,-10.96,-22.36
DELTAMAGNT,58.35,2026-06-12,-2.57,-5.66,-3.87,3.35,-18.78,-40.49
SUMMITSEC,1497.3,2026-06-12,0.03,-1.44,-3.87,-3.52,-23.94,-29.24
SUBROS,721.55,2026-06-12,2.61,1.61,-3.88,4.95,-16.68,-16.0
NHPC,73.79,2026-06-12,0.38,-4.42,-3.88,-1.32,-2.6,-13.75
RUCHINFRA,6.18,2026-06-12,-1.59,-2.83,-3.89,15.08,-9.12,-29.77
ARIHANT,858.0,2026-06-12,4.3,16.35,-3.9,2063.93,2063.93,2063.93
CCAVENUE,13.5,2026-06-12,-2.1,-3.3,-3.91,-7.79,-20.77,-39.68
ICDSLTD,44.99,2026-06-12,4.36,5.88,-3.91,-0.84,-4.11,-20.1
SULA,157.15,2026-06-12,1.87,0.83,-3.91,-1.6,-26.2,-49.21
IMAGICAA,42.51,2026-06-12,-0.89,-4.69,-3.93,-1.32,-13.98,-39.95
HIMATSEIDE,76.02,2026-06-12,1.73,-0.8,-3.93,-12.76,-34.89,-47.88
GOODYEAR,733.0,2026-06-12,0.77,0.4,-3.93,-42.45,-42.45,-42.45
MADRASFERT,68.37,2026-06-12,3.09,3.06,-3.95,6.78,-6.15,-27.93
INDOFARM,130.47,2026-06-12,1.25,3.24,-3.95,3.95,-31.59,-23.86
KMEW,1922.6,2026-06-12,2.05,10.86,-3.96,22.58,17.11,123.94
JISLJALEQS,31.02,2026-06-12,1.47,6.16,-3.96,-9.77,-24.25,-51.59
SKP,150.0,2026-06-12,-0.17,-7.41,-3.97,-2.6,-18.7,-33.73
VILAS,394.45,2026-06-12,10.86,9.94,-3.97,4.39,-2.93,-37.35
ROSSELLIND,53.84,2026-06-12,-1.54,-3.82,-3.98,17.66,-2.2,-25.75
VERITAAS,45.6,2026-06-12,0.0,0.0,-4.0,-17.99,-19.08,-43.56
ACL,53.65,2026-06-12,1.04,-2.45,-4.01,-0.22,-27.03,-21.7
ABFRL,59.9,2026-06-12,1.03,-4.56,-4.01,-3.5,-22.88,-20.35
NDRAUTO,788.05,2026-06-12,-2.18,-2.72,-4.03,13.85,-3.81,-20.26
DIL,0.95,2026-06-12,0.0,-4.04,-4.04,-23.39,-46.93,-62.15
GLOBAL,102.98,2026-06-12,-2.17,2.42,-4.04,-0.52,15.67,62.5
RUSHIL,15.16,2026-06-12,6.99,1.68,-4.05,-6.48,-34.91,-48.43
UBL,1353.3,2026-06-12,2.97,5.23,-4.06,-17.76,-17.89,-34.14
RPGLIFE,2216.7,2026-06-12,6.11,2.04,-4.08,12.81,-4.3,-0.29
DEVYANI,109.42,2026-06-12,-0.98,-4.08,-4.08,-6.45,-18.54,-34.97
CMICABLES,3.06,2026-06-12,0.0,-4.97,-4.08,-23.5,-38.18,-6.13
PYRAMID,168.06,2026-06-12,3.98,3.98,-4.1,13.14,0.63,-5.18
MEDIASSIST,373.0,2026-06-12,6.72,1.48,-4.11,19.32,-20.51,-24.94
STYRENIX,2133.0,2026-06-12,-0.42,-4.63,-4.11,2.85,4.47,-35.06
KNRCON,125.17,2026-06-12,-1.34,-2.9,-4.11,-1.17,-14.09,-42.02
VESUVIUS,452.3,2026-06-12,-3.34,-4.63,-4.12,-8.69,-5.01,-20.7
ELLEN,275.85,2026-06-12,5.43,12.2,-4.12,27.09,-21.69,
HINDUNILVR,2168.8,2026-06-12,2.78,4.05,-4.12,1.49,-4.06,-5.31
LEMONTREE,107.23,2026-06-12,0.13,-4.39,-4.16,1.7,-34.17,-22.19
ORTEL,1.61,2026-06-12,-8.0,0.62,-4.17,9.52,-0.62,-22.22
PRIMO,24.58,2026-06-12,-0.89,11.78,-4.17,41.67,10.22,-10.42
KPEL,344.2,2026-06-12,1.19,-1.81,-4.18,16.68,-0.97,-35.21
3PLAND,32.1,2026-06-12,-2.01,5.28,-4.18,2.82,-14.81,-43.17
M&M,3042.9,2026-06-12,2.59,2.45,-4.19,0.39,-17.3,1.59
SUBEXLTD,10.51,2026-06-12,-0.66,3.14,-4.19,24.38,-11.83,-34.68
DURLAX,47.9,2026-06-12,-10.22,-16.19,-4.2,7.64,24.58,6.09
MANGLMCEM,843.4,2026-06-12,0.17,1.52,-4.2,4.15,11.6,7.77
IPL,160.9,2026-06-12,4.59,1.16,-4.2,8.54,-4.78,-22.0
EXCELINDUS,917.45,2026-06-12,1.38,-1.04,-4.2,3.83,-1.24,-22.76
COALINDIA,443.5,2026-06-12,-4.6,-6.16,-4.22,-5.66,17.22,20.88
SYNGENE,458.55,2026-06-12,2.01,2.35,-4.22,13.47,-29.13,-30.72
ONEPOINT,57.78,2026-06-12,5.73,-2.48,-4.24,26.82,11.03,-1.92
VEEDOL,1418.8,2026-06-12,-1.69,-1.03,-4.26,4.42,-12.69,-12.7
ALLTIME,234.22,2026-06-12,5.9,6.47,-4.27,11.54,-12.42,
ROLEXRINGS,139.43,2026-06-12,1.01,1.26,-4.27,14.23,4.6,-11.5
ORIENTCER,38.29,2026-06-12,1.0,-5.67,-4.27,0.63,-9.31,2.61
NIACL,152.8,2026-06-12,2.18,-2.68,-4.28,10.81,-11.12,-19.43
VASA,4.45,2026-06-12,0.0,-4.3,-4.3,-6.32,-11.0,23.61
MOBIKWIK,194.12,2026-06-12,1.35,-0.03,-4.3,7.09,-18.27,-29.15
POCL,1263.6,2026-06-12,2.75,-2.06,-4.3,14.46,-3.09,66.05
SINTERCOM,74.35,2026-06-12,1.05,4.39,-4.3,-6.81,-29.71,-44.01
ABMKNO,211.43,2026-06-12,-1.66,2.75,-4.33,,,
MITCON,79.15,2026-06-12,-7.43,-8.03,-4.33,45.2,15.23,-6.76
TARSONS,205.35,2026-06-12,-0.78,-1.69,-4.35,5.71,-10.15,-45.01
UJJIVANSFB,54.76,2026-06-12,4.64,1.65,-4.35,2.95,3.28,13.12
SANWARIA,0.22,2026-06-12,0.0,-8.33,-4.35,0.0,-15.38,-42.11
NATIONALUM,376.85,2026-06-12,-0.36,-13.21,-4.36,-7.44,37.86,110.56
MMWL,12.95,2026-06-12,-1.67,-6.7,-4.36,,,
AXITA,7.65,2026-06-12,-1.54,-3.53,-4.37,-14.04,-26.51,-6.91
BATAINDIA,669.1,2026-06-12,1.6,0.73,-4.37,-6.28,-30.32,-44.47
UGROCAP,95.29,2026-06-12,2.79,0.33,-4.38,-1.14,-44.35,-45.37
RHFL,2.18,2026-06-12,0.0,-0.91,-4.39,-15.5,-28.29,-71.98
NAGAFERT,3.7,2026-06-12,0.0,0.0,-4.39,-11.69,-24.95,-37.07
BHARATSE,180.19,2026-06-12,0.08,-1.64,-4.39,6.34,1.22,81.29
KKCL,434.2,2026-06-12,0.17,0.56,-4.39,-8.37,-10.72,-15.64
SOBHA,1332.9,2026-06-12,3.11,-3.77,-4.4,-0.55,-8.05,-15.45
WTICAB,91.85,2026-06-12,-8.15,-2.18,-4.42,-13.39,-34.32,-33.49
GROBTEA,888.3,2026-06-12,-1.4,-1.18,-4.42,-1.96,-11.23,-23.54
ATL,23.97,2026-06-12,-0.25,-0.25,-4.43,1.57,-9.65,-22.15
LANDSMILL,0.86,2026-06-12,-1.15,-2.27,-4.44,-23.89,-24.56,21.13
PROZONER,47.6,2026-06-12,-6.9,-6.28,-4.44,6.68,-11.93,35.81
AROGRANITE,24.69,2026-06-12,-1.48,-3.06,-4.45,2.66,-17.4,-38.23
ATULAUTO,455.7,2026-06-12,-0.21,-4.6,-4.45,7.27,3.17,-4.44
NKIND,64.21,2026-06-12,0.41,-3.15,-4.46,1.05,-2.39,-8.26
SUNCLAY,1366.3,2026-06-12,2.74,3.77,-4.46,8.16,7.85,-37.83
TIMETECHNO,169.48,2026-06-12,0.88,-1.42,-4.46,0.73,-9.29,-21.36
RANASUG,12.64,2026-06-12,1.04,4.29,-4.46,4.81,-4.6,-26.55
PNGSREVA,378.35,2026-06-12,-2.05,0.33,-4.46,-3.68,,
PFC,421.05,2026-06-12,-1.72,-0.01,-4.46,2.04,24.51,5.59
TGBHOTELS,8.98,2026-06-12,-0.22,-1.32,-4.47,0.79,-9.38,-27.52
BLAL,182.8,2026-06-12,1.04,-0.91,-4.49,3.67,-10.85,-15.39
NAGREEKCAP,28.03,2026-06-12,1.71,-0.18,-4.5,12.25,3.43,-3.44
MFSL,1579.0,2026-06-12,0.1,-2.79,-4.52,-6.91,-8.14,4.27
ICICIGI,1695.7,2026-06-12,-2.46,-2.99,-4.52,-8.26,-12.17,-10.21
PRABHA,160.71,2026-06-12,3.34,1.73,-4.53,3.58,-13.87,-34.81
DEVIT,27.26,2026-06-12,1.68,-6.16,-4.55,5.91,-26.5,-39.1
BAYERCROP,4247.6,2026-06-12,-0.87,-6.07,-4.56,-5.66,-3.66,-19.08
UGARSUGAR,39.59,2026-06-12,-2.63,-1.91,-4.56,5.69,-11.85,-19.76
PFIZER,4509.2,2026-06-12,-0.41,-0.14,-4.59,-3.96,-9.82,-21.21
PREMCO,378.7,2026-06-12,3.81,-2.48,-4.6,,,
GENUSPAPER,12.04,2026-06-12,-0.41,-2.59,-4.6,2.29,-11.27,-39.41
SMSPHARMA,383.45,2026-06-12,3.97,6.66,-4.61,-5.37,19.57,50.02
ALLCARGO,8.9,2026-06-12,3.37,-0.45,-4.61,12.66,-24.58,-74.95
BALKRISIND,2013.1,2026-06-12,-3.89,-7.13,-4.62,-11.71,-14.15,-17.94
INDIASHLTR,793.4,2026-06-12,7.11,5.04,-4.62,15.0,-7.73,-9.98
EIHAHOTELS,302.85,2026-06-12,2.28,-0.08,-4.63,-4.09,-15.46,-19.94
VSTL,120.37,2026-06-12,3.06,5.93,-4.64,5.7,-5.08,-23.54
SIGIND,46.87,2026-06-12,-2.88,-6.26,-4.66,1.8,-16.0,-26.45
ALLETEC,144.4,2026-06-12,1.48,-1.87,-4.66,1.01,-33.36,-62.33
AERONEU,86.2,2026-06-12,-0.97,-2.48,-4.67,25.51,-0.09,-21.63
CPEDU,181.34,2026-06-12,2.82,-1.24,-4.68,0.28,-33.02,
HILINFRA,47.86,2026-06-12,1.06,-1.05,-4.68,-6.05,-21.66,
ESFL,119.15,2026-06-12,-3.48,-0.71,-4.68,-23.0,-30.75,-68.5
HDFCAMC,2455.9,2026-06-12,0.12,-3.65,-4.68,3.32,-6.17,-0.24
CCCL,14.8,2026-06-12,1.58,-0.07,-4.7,-5.85,-17.78,-20.22
BSOFT,316.0,2026-06-12,-2.53,-3.6,-4.7,-15.64,-26.46,-23.55
COSMOFIRST,726.95,2026-06-12,1.23,1.44,-4.71,9.95,1.24,-40.52
KALYANKJIL,344.75,2026-06-12,-2.67,0.23,-4.71,-11.59,-28.07,-33.32
HITECHGEAR,573.65,2026-06-12,-2.67,-1.09,-4.73,-6.72,-16.86,-23.74
CAPILLARY,508.05,2026-06-12,1.62,-0.41,-4.73,-1.42,-29.37,
SAMBHV,108.44,2026-06-12,1.67,6.0,-4.73,18.36,13.99,
SHREEKARNI,421.0,2026-06-12,1.31,-0.71,-4.75,12.16,-14.08,-25.52
TATVA,1208.4,2026-06-12,5.98,1.08,-4.75,4.3,-15.94,30.59
TATASTEEL,197.86,2026-06-12,-0.38,-4.1,-4.75,4.38,17.48,32.08
TCS,2161.4,2026-06-12,0.46,-5.92,-4.76,-10.31,-30.74,-34.59
MUNJALSHOW,127.74,2026-06-12,-0.09,-0.51,-4.76,2.39,2.76,-4.56
RELIANCE,1293.0,2026-06-12,2.35,-1.59,-4.77,-6.7,-16.54,-9.53
ZUARIIND,244.55,2026-06-12,-0.47,-2.41,-4.79,-1.19,-22.71,-14.33
GMDCLTD,612.3,2026-06-12,0.43,-8.36,-4.79,10.23,17.77,54.31
MODIS,347.95,2026-06-12,1.21,3.53,-4.79,13.62,0.62,
UTIAMC,923.55,2026-06-12,1.05,-0.68,-4.79,-5.77,-19.44,-23.84
RHIM,367.8,2026-06-12,-2.5,0.71,-4.8,-3.44,-16.84,-24.01
UTKARSHBNK,13.08,2026-06-12,5.91,0.31,-4.8,4.39,-13.21,-46.42
GANDHITUBE,846.15,2026-06-12,0.24,1.21,-4.82,9.7,12.84,20.59
SKFINDIA,1589.3,2026-06-12,-0.89,-1.1,-4.82,-0.92,-12.74,-65.92
RAMANEWS,29.15,2026-06-12,-1.98,-0.21,-4.83,-19.43,-6.48,-21.83
ASALCBR,819.9,2026-06-12,-1.35,0.95,-4.83,12.13,-14.5,-22.96
ALIVUS,1045.7,2026-06-12,4.36,-0.22,-4.83,11.32,17.67,2.18
RAJOOENG,54.44,2026-06-12,2.97,0.72,-4.84,-9.64,-14.23,-56.21
DOLPHIN,389.6,2026-06-12,-0.5,-1.79,-4.84,-2.27,2.16,1.84
CLEAN,769.6,2026-06-12,0.1,-2.29,-4.86,4.86,-14.97,-46.96
VILINBIO,47.0,2026-06-12,-3.49,0.43,-4.86,41.35,141.03,68.76
ATUL,6517.5,2026-06-12,-1.14,-2.51,-4.87,3.41,9.94,-7.56
NDL,2.54,2026-06-12,1.2,-2.31,-4.87,2.01,-14.77,-35.04
LAGNAM,79.99,2026-06-12,-0.35,-4.82,-4.88,17.12,17.41,-25.4
GODREJIND,1037.9,2026-06-12,0.44,-4.95,-4.88,16.25,2.1,-19.7
GRAVITA,1602.9,2026-06-12,3.78,-1.41,-4.89,6.63,-13.08,-10.99
CONTROLPR,605.35,2026-06-12,0.77,-1.51,-4.89,-3.61,-16.09,-16.05
TVSHLTD,13310.0,2026-06-12,-0.34,-0.72,-4.9,-4.68,-8.29,19.25
ABSLPSE,10.29,2026-06-12,-0.87,-4.28,-4.9,-3.83,4.26,1.68
ASHOKAMET,15.12,2026-06-12,-1.31,-3.32,-4.91,4.71,-1.95,-14.04
CCHHL,12.95,2026-06-12,1.25,-0.08,-4.92,0.47,-16.83,-26.17
HDBFS,641.0,2026-06-12,2.23,-2.89,-4.92,-1.4,-16.29,
PRAXIS,7.13,2026-06-12,0.28,4.39,-4.93,8.52,-31.51,-43.23
DIAMINESQ,252.67,2026-06-12,1.49,6.11,-4.94,13.29,-3.47,-35.08
MMP,259.9,2026-06-12,0.0,-3.02,-4.94,14.77,3.34,3.69
TVSELECT,456.0,2026-06-12,-0.02,-5.36,-4.94,21.05,0.62,0.58
VIDYAWIRES,89.08,2026-06-12,-4.84,-21.86,-4.96,59.36,72.67,
WIPRO,180.14,2026-06-12,-0.89,-12.73,-4.97,-11.05,-29.09,-27.42
GOYALSALT,114.0,2026-06-12,1.79,1.11,-5.0,3.59,-30.06,-31.74
LINCOLN,636.1,2026-06-12,2.63,4.93,-5.0,2.99,34.52,6.82
SKIL,0.95,2026-06-12,0.0,-5.0,-5.0,-6.86,-14.41,-67.47
SIL,15.4,2026-06-12,-0.13,-3.14,-5.0,9.22,-0.77,-19.58
BIRLAMONEY,131.32,2026-06-12,0.52,-3.51,-5.04,8.73,-11.53,-29.25
INCREDIBLE,34.6,2026-06-12,0.14,-4.95,-5.05,4.85,-14.12,-19.18
SATIPOLY,37.5,2026-06-12,-1.19,11.94,-5.06,-5.78,-41.59,-56.11
REMUS,696.35,2026-06-12,-1.76,-1.92,-5.06,10.21,-7.6,-63.87
MONEYBOXX,69.15,2026-06-12,-4.66,-1.26,-5.08,4.57,1.68,
CORALFINAC,31.47,2026-06-12,-0.32,-1.32,-5.1,-1.78,-19.94,-31.44
INVENTURE,0.93,2026-06-12,-2.11,-4.12,-5.1,-8.82,-22.5,-45.29
GRSE,2648.7,2026-06-12,1.44,1.81,-5.11,9.28,13.02,-10.44
LORDSCHLO,132.83,2026-06-12,3.63,-4.86,-5.11,11.46,-23.74,-11.3
NUCLEUS,750.8,2026-06-12,7.97,3.38,-5.11,-0.81,-18.53,-37.25
VIVIMEDLAB,6.12,2026-06-12,-1.77,-4.67,-5.12,-12.07,23.64,23.64
DTIL,133.24,2026-06-12,2.24,1.35,-5.13,0.93,-17.72,-32.83
SHRENIK,0.37,2026-06-12,0.0,-2.63,-5.13,-9.76,-28.85,-40.32
KOTARISUG,24.97,2026-06-12,-0.24,0.85,-5.13,1.88,-11.7,-36.22
JSL,694.55,2026-06-12,4.33,-0.19,-5.13,-6.98,-11.49,-3.67
PAUSHAKLTD,454.65,2026-06-12,-2.47,4.36,-5.14,7.53,-21.63,
JUBLFOOD,419.35,2026-06-12,1.15,-1.03,-5.16,-9.18,-28.14,-37.1
GAEL,157.83,2026-06-12,-0.45,3.29,-5.16,21.06,34.3,35.68
NITIRAJ,191.07,2026-06-12,7.79,9.24,-5.17,-13.82,-2.98,-5.11
DSSL,1284.1,2026-06-12,2.98,-18.28,-5.17,41.48,31.19,19.1
VINYLINDIA,244.6,2026-06-12,0.87,-3.11,-5.17,25.68,4.7,-21.28
SHREERAMA,41.72,2026-06-12,-1.97,-10.18,-5.18,-13.32,-22.65,-10.76
FINKURVE,63.62,2026-06-12,3.08,8.75,-5.19,6.05,-36.27,
ADSL,117.44,2026-06-12,-1.29,-1.39,-5.19,13.39,-25.34,-37.11
PIIND,2841.7,2026-06-12,6.0,5.15,-5.2,-3.75,-14.04,-27.73
WOMANCART,107.55,2026-06-12,-6.32,-0.78,-5.2,-37.94,-65.42,-53.41
GROWWPSE,99.63,2026-06-12,-1.41,-2.51,-5.21,-3.71,,
KRITINUT,83.51,2026-06-12,-4.25,-10.39,-5.21,30.22,30.04,-29.04
DELHIVERY,440.5,2026-06-12,0.26,0.74,-5.21,7.91,6.84,23.18
VIKASLIFE,1.45,2026-06-12,-1.36,-3.33,-5.23,11.54,-19.89,-45.28
TARC,125.33,2026-06-12,1.84,-4.71,-5.24,-4.59,-14.13,-31.45
KENNAMET,2780.3,2026-06-12,0.74,-2.9,-5.26,13.8,13.8,13.8
APCL,108.33,2026-06-12,-7.58,-9.85,-5.27,-7.08,-11.64,-21.76
SERVICE,49.25,2026-06-12,-2.76,-3.43,-5.29,3.9,16.84,-22.01
GABRIEL,1040.6,2026-06-12,6.08,-4.25,-5.29,18.28,7.56,68.32
HMAAGRO,22.62,2026-06-12,-2.92,-1.95,-5.32,-8.68,-22.05,-31.3
VIJIFIN,3.9,2026-06-12,-2.26,2.09,-5.34,48.29,54.76,65.25
WEIZMANIND,81.17,2026-06-12,-0.04,0.01,-5.34,1.44,-18.84,-33.27
PAR,86.68,2026-06-12,1.98,-2.94,-5.35,-2.48,-5.83,-11.55
ARABIAN,67.0,2026-06-12,0.0,-0.74,-5.37,-6.94,-5.63,-9.09
SHRADHA,34.05,2026-06-12,-0.76,-0.64,-5.39,1.28,-13.71,-56.02
XTGLOBAL,28.88,2026-06-12,0.31,-6.66,-5.4,-15.11,-24.1,-15.62
MKPL,4.73,2026-06-12,-3.67,-5.4,-5.4,-7.25,-22.46,-33.29
VMSTMT,44.64,2026-06-12,-0.89,-5.96,-5.42,7.8,-16.84,
DYNAMATECH,10171.0,2026-06-12,-0.03,-2.71,-5.42,5.02,9.93,48.41
JINDALSTEL,1148.5,2026-06-12,-0.67,-5.07,-5.42,-6.24,11.56,22.54
MUKKA,22.81,2026-06-12,5.41,2.47,-5.43,1.69,-7.24,-26.59
ORKLAINDIA,604.45,2026-06-12,-3.33,-0.93,-5.44,10.32,-3.23,
SIGMA,40.64,2026-06-12,1.4,-0.25,-5.44,-4.31,-21.45,11.68
RADIANTCMS,40.12,2026-06-12,5.3,4.67,-5.44,6.82,-23.8,-36.61
AARTISURF,374.75,2026-06-12,4.31,-0.37,-5.46,-0.37,-6.43,-34.52
LAHOTIOV,43.36,2026-06-12,1.45,2.26,-5.51,,,
SPMLINFRA,189.31,2026-06-12,0.1,-6.31,-5.51,8.15,8.73,-15.16
BMWVENTLTD,58.96,2026-06-12,-1.93,0.1,-5.51,2.66,0.28,
RADAAN,2.91,2026-06-12,-4.59,-10.19,-5.52,-2.68,-17.56,-43.39
WAAREEINDO,381.0,2026-06-12,-2.26,-6.65,-5.55,16.07,-13.42,15.45
DHAMPURSUG,141.27,2026-06-12,-2.55,0.88,-5.56,16.03,9.34,-8.24
ARCHIES,13.89,2026-06-12,-1.63,-3.41,-5.57,-0.14,-24.22,-31.95
MOKSH,12.02,2026-06-12,3.71,2.74,-5.58,4.52,-14.57,-18.56
GRPLTD,1694.4,2026-06-12,-3.57,-5.55,-5.59,-6.28,-5.05,-41.93
BRIGADE,678.6,2026-06-12,5.51,2.82,-5.59,2.05,-23.41,-43.78
GODAVARIB,278.05,2026-06-12,0.6,1.11,-5.6,-3.69,9.7,1.7
SEPC,6.91,2026-06-12,4.38,-4.56,-5.6,10.91,-24.23,-51.61
DRCSYSTEMS,14.17,2026-06-12,-0.7,-5.15,-5.6,6.22,-18.47,-26.62
SUPREMEPWR,238.5,2026-06-12,-5.71,1.68,-5.6,48.97,16.91,30.19
SHANTHALA,23.6,2026-06-12,7.27,2.61,-5.6,-16.01,-10.1,-25.2
DWARKESH,44.28,2026-06-12,-3.23,-0.61,-5.61,14.04,10.84,-10.28
CELLPOINT,15.1,2026-06-12,-4.13,-8.21,-5.62,4.5,-11.44,-19.68
MAXIND,158.44,2026-06-12,1.6,-6.51,-5.62,6.14,-17.22,-16.73
RAJVIR,7.22,2026-06-12,0.0,-5.0,-5.62,-5.62,-18.42,-31.24
VAKRANGEE,6.19,2026-06-12,-0.64,-4.62,-5.64,2.82,-21.65,-39.73
CONTI,12.55,2026-06-12,0.0,-4.92,-5.64,-17.16,-46.82,-48.03
MUTHOOTCAP,194.96,2026-06-12,-0.47,-1.62,-5.65,-3.21,-29.86,-36.88
HPIL,127.0,2026-06-12,-1.5,-2.36,-5.67,4.76,-3.93,-1.08
SBICARD,589.45,2026-06-12,2.59,-4.3,-5.7,-17.01,-32.37,-40.98
LLOYDSENT,66.93,2026-06-12,4.41,-1.21,-5.73,37.38,15.52,-7.88
TENNIND,574.25,2026-06-12,-0.29,3.08,-5.74,7.25,21.41,
SUNTECK,287.35,2026-06-12,4.81,-0.74,-5.77,-14.04,-28.3,-35.2
SONAMAC,35.1,2026-06-12,-0.99,-8.83,-5.77,4.46,-28.95,-57.81
ZSARACOM,9116.5,2026-06-12,-0.64,-2.2,-5.77,,,
CREDITACC,1310.4,2026-06-12,5.41,-0.27,-5.78,11.31,1.71,10.04
DAMCAPITAL,147.29,2026-06-12,0.13,-0.03,-5.78,12.33,-30.62,-45.77
RSL,130.39,2026-06-12,2.0,4.49,-5.79,,,
EKC,108.98,2026-06-12,0.57,-6.08,-5.82,0.62,-8.4,-18.42
TNPL,143.93,2026-06-12,-0.26,-2.07,-5.84,4.97,0.61,-12.74
HEMIPROP,140.37,2026-06-12,3.13,0.59,-5.85,2.52,4.36,-1.01
DPABHUSHAN,897.4,2026-06-12,-1.21,-3.59,-5.88,-12.34,-37.45,-38.84
MOPSE,100.01,2026-06-12,-1.96,-3.83,-5.88,-4.57,3.37,0.99
LOTUSDEV,134.04,2026-06-12,-0.11,-3.68,-5.88,7.99,-14.39,
ARENTERP,38.43,2026-06-12,3.86,-1.18,-5.9,-4.4,-22.21,-20.2
BEEKAY,405.1,2026-06-12,3.65,3.01,-5.9,,,
RAMKY,438.35,2026-06-12,2.35,0.23,-5.91,-4.41,-20.39,-14.01
GLOBALVECT,157.38,2026-06-12,-1.7,-5.36,-5.92,-3.7,-20.73,-32.72
STEELCITY,75.44,2026-06-12,-1.81,-2.65,-5.94,-8.02,-21.17,-29.97
TATAPOWER,393.55,2026-06-12,-2.63,-6.19,-5.94,-2.14,3.04,-1.44
ISHANCH,60.5,2026-06-12,-1.43,2.28,-5.95,7.12,-8.51,34.53
LTTS,3351.1,2026-06-12,5.87,-1.02,-5.96,8.29,-27.53,-24.85
AARTIIND,440.6,2026-06-12,1.86,-6.43,-5.96,-1.26,23.43,-5.98
LTM,3844.7,2026-06-12,-3.34,-8.37,-5.97,-9.88,-38.0,-27.76
IRCON,135.35,2026-06-12,1.35,0.77,-5.98,-0.88,-13.2,-33.54
PIONEEREMB,24.2,2026-06-12,0.88,-0.66,-5.98,-4.84,-16.64,-44.61
REGAAL,80.76,2026-06-12,-2.09,-3.2,-6.01,-7.9,11.76,
HAPPYFORGE,1331.9,2026-06-12,-1.43,-6.73,-6.01,4.3,24.23,39.08
CENTURYPLY,724.6,2026-06-12,-3.44,-3.92,-6.03,5.78,-14.15,-4.55
PILANIINVS,4288.0,2026-06-12,2.52,-1.62,-6.04,-3.45,-18.0,-18.44
HUDCO,205.68,2026-06-12,0.76,1.44,-6.05,17.25,-2.49,-8.22
CELLO,377.3,2026-06-12,-0.81,-2.03,-6.06,-6.83,-33.91,-37.85
PRSMJOHNSN,117.89,2026-06-12,-0.19,-4.51,-6.07,-5.82,-9.84,-25.53
LTFOODS,380.9,2026-06-12,2.16,-0.17,-6.07,-2.33,-0.02,-17.33
MASTERTR,78.23,2026-06-12,-14.99,-2.35,-6.08,5.5,-34.92,-51.2
SAGILITY,40.47,2026-06-12,3.77,0.0,-6.08,2.48,-18.72,2.92
ENTERO,1136.7,2026-06-12,1.57,-0.41,-6.08,11.64,14.08,-5.09
JYOTICNC,681.7,2026-06-12,11.76,16.43,-6.1,-10.28,-28.82,-40.72
ANKITMETAL,1.54,2026-06-12,0.0,-1.91,-6.1,0.0,-10.47,-25.96
VERTOZ,45.35,2026-06-12,11.56,-1.45,-6.11,15.8,-39.51,-57.87
GVPTECH,6.3,2026-06-12,-2.78,-5.12,-6.11,3.11,-30.54,-35.32
GOLDENTOBC,25.05,2026-06-12,-4.13,1.21,-6.11,-8.74,-22.71,-32.84
PROSTARM,141.6,2026-06-12,0.23,3.63,-6.13,9.52,-20.53,26.02
LYPSAGEMS,4.89,2026-06-12,-1.21,-4.31,-6.14,3.38,-3.17,-40.73
PIGL,104.56,2026-06-12,7.53,15.95,-6.14,3.2,-22.09,-33.13
TARACHAND,55.64,2026-06-12,0.02,-1.15,-6.14,-7.57,-27.0,-12.3
KALYANIFRG,599.15,2026-06-12,-0.24,2.15,-6.15,4.85,-9.4,-15.67
AMIRCHAND,123.23,2026-06-12,3.13,-1.62,-6.15,,,
EXCELSOFT,79.47,2026-06-12,-5.19,-9.53,-6.16,1.3,-19.29,
INDIAGLYCO,986.65,2026-06-12,0.9,-0.95,-6.17,13.06,-6.79,10.81
LGHL,226.62,2026-06-12,-2.19,-3.44,-6.18,-16.78,-14.95,-17.32
FOODSIN,54.17,2026-06-12,-1.46,0.89,-6.2,-7.0,-26.33,-43.83
MONTECARLO,535.25,2026-06-12,-0.13,-1.77,-6.21,2.94,-24.47,-10.42
HEADSUP,7.1,2026-06-12,0.57,-0.14,-6.21,-0.42,-23.08,-31.99
KAMATHOTEL,163.47,2026-06-12,-3.24,-8.94,-6.23,-13.43,-29.49,-29.45
NCC,151.69,2026-06-12,5.74,1.62,-6.23,1.46,-5.58,-33.84
SAMBHAAV,6.32,2026-06-12,0.32,-4.82,-6.23,-1.4,-36.61,-10.73
KAUSHALYA,835.25,2026-06-12,-1.04,-4.21,-6.24,1.63,-7.72,-10.65
JITFINFRA,296.25,2026-06-12,0.1,-6.68,-6.24,-17.64,5.73,-21.69
ESTER,88.51,2026-06-12,-0.06,-4.46,-6.26,-7.73,-17.44,-34.67
CGRAPHICS,146.75,2026-06-12,0.1,-0.51,-6.26,1.42,-27.58,-26.27
SOFTTECH,409.6,2026-06-12,-7.12,-14.89,-6.28,57.9,26.56,22.86
GOACARBON,379.25,2026-06-12,-1.74,-2.97,-6.29,15.94,-2.83,-22.78
AKG,10.72,2026-06-12,-0.92,-5.38,-6.29,-2.55,-13.13,-20.94
PTC,189.2,2026-06-12,-2.0,1.48,-6.3,17.61,23.52,13.13
SUVIDHAA,2.67,2026-06-12,0.38,-1.11,-6.32,-2.91,-27.05,-30.47
NESTLEIND,1375.7,2026-06-12,-1.66,-1.16,-6.33,12.69,11.7,16.44
RUSTOMJEE,388.5,2026-06-12,1.93,-0.94,-6.35,-1.73,-27.96,-30.42
REGENCERAM,39.42,2026-06-12,-0.81,-5.56,-6.37,-8.33,-14.19,-25.99
MERCANTILE,25.77,2026-06-12,-2.35,1.1,-6.39,,,
DAICHI,238.98,2026-06-12,2.63,1.78,-6.39,,,
BLIL,69.88,2026-06-12,-2.02,-3.23,-6.4,,,
PNBHOUSING,989.9,2026-06-12,2.04,-1.31,-6.41,26.89,5.63,-8.65
BPL,51.6,2026-06-12,0.25,-2.51,-6.42,0.82,-9.54,-44.11
DCXINDIA,184.26,2026-06-12,0.41,-3.55,-6.42,-0.18,13.65,-36.67
FIVESTAR,439.15,2026-06-12,4.29,-1.59,-6.45,19.06,-22.56,-43.85
CINELINE,79.38,2026-06-12,2.21,-1.89,-6.45,-9.8,-6.48,-13.54
TRACXN,31.26,2026-06-12,-0.57,1.99,-6.46,-2.8,-23.1,-45.38
ROCKINGDCE,192.5,2026-06-12,2.67,-6.1,-6.51,4.45,-1.0,13.91
ORIENTELEC,175.85,2026-06-12,1.67,-3.8,-6.54,3.04,-1.54,-21.38
AATMAJ,19.2,2026-06-12,2.4,-1.54,-6.57,-2.78,-0.78,2.4
PARASPETRO,1.99,2026-06-12,4.74,2.05,-6.57,-4.33,3.65,-25.47
TCPLPACK,2519.4,2026-06-12,-3.29,-2.24,-6.59,0.0,-15.73,-32.28
SAGCEM,167.46,2026-06-12,-6.84,-5.51,-6.6,-7.47,-21.39,-24.65
ORCHASP,1.84,2026-06-12,-6.12,-6.6,-6.6,-8.0,-35.44,-37.41
ONWARDTEC,248.15,2026-06-12,-3.89,-4.54,-6.61,-1.68,-10.5,-20.17
VIKASECO,1.27,2026-06-12,0.0,-0.78,-6.62,-2.31,-20.63,-50.97
MICROPRO,18.3,2026-06-12,-6.63,-7.81,-6.63,-5.91,-4.94,-20.43
CAPACITE,220.96,2026-06-12,2.45,0.63,-6.63,9.35,-14.17,-34.82
MAHKTECH,23.11,2026-06-12,-5.48,-4.07,-6.63,0.52,-10.88,4.19
AWHCL,444.9,2026-06-12,1.48,-3.75,-6.63,-8.35,-0.06,-28.49
ABCOTS,210.18,2026-06-12,2.75,-3.27,-6.64,-48.13,-49.27,-53.28
RAMCOCEM,880.6,2026-06-12,2.99,1.8,-6.64,-11.56,-16.53,-16.37
EIFFL,229.93,2026-06-12,0.37,0.45,-6.64,0.61,0.1,5.55
IGARASHI,379.35,2026-06-12,4.06,1.31,-6.64,17.85,-11.91,-22.0
DBCORP,202.64,2026-06-12,0.41,-1.0,-6.66,-2.02,-15.64,-24.74
FEL,0.42,2026-06-12,-2.33,-2.33,-6.67,0.0,-12.5,-30.0
KLBRENG-B,471.3,2026-06-12,-1.44,-5.11,-6.67,,,
BOROLTD,220.87,2026-06-12,0.73,0.26,-6.68,-8.51,-26.22,-38.1
TECILCHEM,11.18,2026-06-12,1.91,-5.65,-6.68,-13.33,-42.7,-59.99
GUJALKALI,633.7,2026-06-12,1.1,-6.7,-6.7,43.71,24.94,11.14
SUPREME,46.5,2026-06-12,3.38,0.98,-6.7,-9.44,-42.62,-48.6
NDGL,2498.5,2026-06-12,1.8,0.63,-6.71,4.14,-14.62,-40.58
EPACK,227.43,2026-06-12,1.67,4.03,-6.71,-14.79,-10.99,-34.61
ESCORTS,2761.4,2026-06-12,-1.33,-0.05,-6.73,-14.5,-24.17,-11.9
ATAM,71.54,2026-06-12,1.65,1.0,-6.73,20.76,-12.05,-35.72
DICIND,496.15,2026-06-12,-1.53,-0.4,-6.74,-7.06,2.13,-23.24
SHIVAMILLS,62.12,2026-06-12,-2.86,-1.88,-6.74,13.98,1.42,-20.43
MAGNUM,19.75,2026-06-12,0.46,-1.45,-6.75,0.92,-12.92,-29.94
JHS,8.11,2026-06-12,2.4,-8.36,-6.78,-9.59,-20.02,-39.66
MONOPHARMA,11.65,2026-06-12,-1.27,-1.69,-6.8,0.43,-34.55,-53.4
21STCENMGM,31.36,2026-06-12,-5.88,-9.08,-6.81,-6.78,-30.12,-52.64
VHL,3391.4,2026-06-12,-0.55,-0.21,-6.83,8.97,-4.63,-16.19
CESC,168.15,2026-06-12,-3.63,-5.71,-6.84,5.48,-1.13,4.77
UNIINFO,11.17,2026-06-12,-4.2,-5.9,-6.84,-7.3,-32.51,-39.69
MAHAPEXLTD,48.46,2026-06-12,2.28,1.27,-6.84,-22.14,-49.12,-58.22
DECCANCE,579.15,2026-06-12,-1.13,-3.69,-6.84,-15.05,-23.43,-20.84
VINEETLAB,33.97,2026-06-12,1.74,-0.88,-6.85,13.08,-20.89,11.01
BNALTD,340.0,2026-06-12,0.88,-0.01,-6.85,,,
DALBHARAT,1659.2,2026-06-12,-0.29,-5.05,-6.85,-12.42,-19.93,-20.8
REPRO,356.4,2026-06-12,1.9,2.43,-6.87,-3.43,-23.56,-33.99
VGUARD,299.15,2026-06-12,-0.53,-0.35,-6.88,-6.13,-9.49,-20.68
INDIQUBE,152.31,2026-06-12,-3.01,-2.62,-6.89,-2.66,-21.47,
ANDHRAPAP,61.12,2026-06-12,0.89,-1.94,-6.89,-2.85,-9.18,-22.73
DENTALKART,374.9,2026-06-12,-9.99,-13.31,-6.91,-4.9,-36.67,-40.93
HDIL,1.88,2026-06-12,-2.08,-2.08,-6.93,-16.07,-21.67,-51.92
TVTODAY,106.49,2026-06-12,-3.28,-6.65,-6.93,-5.59,-21.18,-36.85
ZUARI,216.49,2026-06-12,1.75,-0.47,-6.94,3.18,-26.28,-2.18
DPEL,488.55,2026-06-12,-1.1,-2.92,-6.95,64.63,77.08,235.31
SCILAL,44.93,2026-06-12,0.49,1.47,-6.96,3.93,-4.26,-15.99
MASKINVEST,145.1,2026-06-12,-0.87,-4.54,-6.96,9.92,-12.26,-2.62
TVSMOTOR,3312.8,2026-06-12,-0.14,-0.94,-6.97,-2.87,-9.05,21.35
SBILIFE,1706.0,2026-06-12,-3.31,-5.88,-6.97,-12.03,-15.67,-3.26
SYLVANPLY,52.0,2026-06-12,-3.7,-3.7,-6.98,3.48,-20.0,-39.22
SONATSOFTW,254.05,2026-06-12,-2.63,-4.62,-6.99,4.78,-27.11,-37.4
REPL,70.56,2026-06-12,5.64,2.74,-6.99,-4.39,-41.42,-62.52
PAYTM,1073.9,2026-06-12,4.09,-1.93,-6.99,6.42,-17.69,19.94
ARMANFIN,1646.9,2026-06-12,5.92,3.46,-7.0,19.44,11.08,-6.16
PVRINOX,943.5,2026-06-12,-2.37,-3.89,-7.01,-5.3,-10.31,-4.06
NRAIL,448.45,2026-06-12,-1.14,-1.22,-7.01,9.55,-5.55,45.18
POWERGRID,284.8,2026-06-12,-1.89,-0.47,-7.02,-6.19,9.26,1.77
RAJMET,3.69,2026-06-12,-3.4,-4.16,-7.05,3.94,-7.29,-34.34
EIHOTEL,295.45,2026-06-12,3.47,2.32,-7.06,-10.96,-21.87,-18.66
EMIL,105.5,2026-06-12,-1.88,-7.33,-7.07,11.46,-4.02,-19.58
PRICOLLTD,550.5,2026-06-12,-0.28,-2.14,-7.08,1.63,-9.23,24.69
DISAQ,11379.0,2026-06-12,2.6,-2.58,-7.11,,,
ALBERTDAVD,725.6,2026-06-12,4.95,2.72,-7.11,5.63,-5.8,-15.22
GATECH,0.52,2026-06-12,-1.89,-5.45,-7.14,8.33,-5.45,-46.39
POONAWALLA,391.9,2026-06-12,2.85,-0.09,-7.14,-4.64,-13.19,-7.31
GRETEX,254.8,2026-06-12,0.0,9.01,-7.19,2.58,36.99,1.92
PPLPHARMA,163.85,2026-06-12,-0.9,-4.13,-7.2,12.58,-6.08,-17.99
KRYSTAL,576.6,2026-06-12,0.1,-0.41,-7.21,-1.44,11.06,-3.09
LINDEINDIA,6916.0,2026-06-12,0.68,0.23,-7.23,-3.8,15.1,-3.65
KPIGREEN,401.4,2026-06-12,2.99,-3.56,-7.23,1.7,-5.45,-20.83
UNOMINDA,1057.7,2026-06-12,0.44,-2.01,-7.23,-0.86,-15.06,-1.29
BUILDPRO,1020.3,2026-06-12,-4.66,-9.87,-7.24,5.66,,
POWERICA,458.75,2026-06-12,-7.62,-13.85,-7.26,,,
BOSCH-HCIL,1331.7,2026-06-12,-0.83,-4.91,-7.28,0.37,-6.7,-22.97
K2INFRA,50.25,2026-06-12,1.93,-2.9,-7.29,3.61,-20.87,-39.09
TOUCHWOOD,68.13,2026-06-12,-2.67,-2.42,-7.29,-3.91,-34.48,-24.22
ADVANCE,98.48,2026-06-12,-0.07,-3.89,-7.3,-3.13,-19.11,
HGM,53.84,2026-06-12,-2.71,-6.17,-7.3,3.3,-17.91,-20.27
SWARAJ,260.2,2026-06-12,10.68,17.18,-7.3,-11.22,1.52,21.36
KEYFINSERV,248.35,2026-06-12,-1.84,-7.92,-7.31,-5.06,-21.18,-3.17
AHLADA,39.93,2026-06-12,-2.54,-0.45,-7.31,-2.68,-20.7,-37.09
PGHH,8993.5,2026-06-12,-1.55,-4.77,-7.33,-16.89,-28.43,-31.44
OMINFRAL,82.39,2026-06-12,-0.64,-6.85,-7.34,-6.31,-19.84,-36.23
MAFATIND,125.99,2026-06-12,0.75,-5.59,-7.35,,,
HIKAL,183.99,2026-06-12,2.34,-4.25,-7.39,2.07,-27.12,-51.27
GESHIP,1389.1,2026-06-12,-3.03,-5.36,-7.41,-5.91,27.0,46.55
SARDAEN,520.45,2026-06-12,-3.24,-0.21,-7.42,-5.48,1.77,16.28
SWASTIK,21.8,2026-06-12,-1.8,-1.8,-7.43,26.38,-8.6,-38.33
MSUMI,36.84,2026-06-12,-1.68,-2.15,-7.44,-8.04,-19.76,-9.63
KSCL,878.85,2026-06-12,3.94,0.84,-7.44,9.84,-9.2,-35.01
EDELWEISS,109.93,2026-06-12,2.15,-1.1,-7.47,1.7,6.29,4.22
RUCHIRA,108.69,2026-06-12,-1.44,-5.56,-7.47,3.35,-9.64,-19.32
UMAEXPORTS,22.77,2026-06-12,0.18,-9.57,-7.48,-10.88,-41.63,-61.88
CANARYS,19.15,2026-06-12,-1.79,-4.96,-7.49,-13.74,-39.3,-36.06
TIL,181.95,2026-06-12,4.38,-1.76,-7.49,-13.12,-31.84,-50.23
SIGNPOST,260.7,2026-06-12,0.19,-4.51,-7.5,13.87,17.61,35.04
NIRMAN,46.2,2026-06-12,12.27,-5.04,-7.51,-6.57,-33.29,-78.57
KITEX,145.02,2026-06-12,-11.34,-10.48,-7.52,-14.42,-25.55,-46.98
ORICONENT,59.19,2026-06-12,1.88,-4.42,-7.53,-9.05,0.48,30.82
INDRAMEDCO,384.5,2026-06-12,-1.32,2.77,-7.54,-3.55,-18.34,-5.58
JTEKTINDIA,125.35,2026-06-12,4.96,-0.47,-7.55,-7.26,-12.58,-10.78
VSTTILLERS,4497.1,2026-06-12,-2.69,-2.69,-7.58,-14.73,-21.93,19.71
NBIFIN,1867.1,2026-06-12,-1.66,0.87,-7.59,3.08,-17.45,-36.41
VCL,1.34,2026-06-12,-6.94,-2.9,-7.59,-16.25,-38.81,50.56
BRNL,19.01,2026-06-12,1.22,-4.81,-7.63,3.65,-18.06,-17.74
ROXHITECH,31.4,2026-06-12,-0.63,-13.62,-7.65,-1.88,-30.99,-35.92
INOXWIND,88.03,2026-06-12,4.17,5.0,-7.68,5.2,-29.36,-50.14
HDFCLIFE,555.35,2026-06-12,-1.63,-5.32,-7.72,-13.99,-28.57,-26.19
GROWWRAIL,29.29,2026-06-12,0.51,-1.81,-7.72,-4.72,-11.67,-24.9
JKIL,458.9,2026-06-12,-1.84,-8.08,-7.73,-8.3,-18.68,-37.84
NAMAN,47.15,2026-06-12,1.4,-2.18,-7.73,-2.18,-25.1,-57.73
DHRUV,27.68,2026-06-12,-2.88,-7.21,-7.73,-9.1,-41.9,-60.21
SRGHFL,271.35,2026-06-12,-3.07,-5.12,-7.75,5.4,1.19,-15.45
RETAIL,17.98,2026-06-12,-0.66,-13.97,-7.75,-13.6,-30.31,-52.93
INNOVISION,288.75,2026-06-12,-1.77,-4.66,-7.78,,,
VRAJ,120.26,2026-06-12,-0.01,-4.84,-7.78,6.34,-2.2,-33.63
CPSEETF,96.82,2026-06-12,-3.32,-4.1,-7.79,-7.32,8.08,4.69
VENTIVE,619.5,2026-06-12,-1.23,-2.72,-7.79,-6.94,-12.65,-14.43
MAHEPC,109.56,2026-06-12,3.14,-4.52,-7.79,-3.5,-13.27,-21.28
FALCONTECH,13.0,2026-06-12,-2.62,-9.72,-7.8,-17.46,-17.98,-55.78
GREENCHEF,49.0,2026-06-12,-0.31,-16.17,-7.81,-6.04,-16.1,-23.02
DMART,3993.6,2026-06-12,-1.72,-1.92,-7.81,1.01,3.92,-1.97
PNCINFRA,201.62,2026-06-12,-1.45,-2.63,-7.83,-0.12,-20.68,-34.81
BALMLAWRIE,174.96,2026-06-12,2.19,-4.57,-7.83,4.17,0.8,-13.23
UTTAMSUGAR,230.88,2026-06-12,-2.96,-1.32,-7.85,17.19,-8.93,-24.62
BLUEDART,4758.6,2026-06-12,2.39,0.81,-7.91,-10.27,-11.77,-25.28
ORIENTALTL,6.29,2026-06-12,-2.48,-1.41,-7.91,4.49,-27.45,-62.65
FRACTAL,952.1,2026-06-12,0.87,-3.21,-7.92,12.4,,
HINDCOMPOS,412.4,2026-06-12,-0.12,2.14,-7.93,1.98,-1.84,-18.6
FIRSTCRY,216.76,2026-06-12,-0.86,-2.94,-7.95,-2.87,-25.4,-42.89
DRSDILIP,110.0,2026-06-12,-7.95,-7.95,-7.95,4.76,69.75,12.24
KCK,13.3,2026-06-12,-1.12,3.91,-7.96,-34.96,-57.23,-66.54
NILAINFRA,7.85,2026-06-12,-1.63,-0.63,-7.97,7.68,-20.3,-36.64
GILLANDERS,90.95,2026-06-12,4.53,-2.11,-7.98,10.14,-14.73,-29.57
GATECHDVR,0.46,2026-06-12,-2.13,-6.12,-8.0,4.55,-8.0,-51.58
TIGERLOGS,35.01,2026-06-12,0.66,5.9,-8.01,26.21,-8.13,
SURANI,124.9,2026-06-12,-5.31,-1.03,-8.03,121.65,93.19,6.75
ANURAS,1250.3,2026-06-12,-3.97,-5.87,-8.03,-1.33,-4.36,13.29
AMJLAND,36.19,2026-06-12,1.06,-0.88,-8.05,-4.36,-28.18,-41.82
GAYAHWS,2.16,2026-06-12,-3.14,-4.0,-8.09,-5.26,-33.74,58.82
SUNTV,514.7,2026-06-12,1.42,-0.38,-8.12,-13.25,-7.92,-16.64
DANGEE,3.17,2026-06-12,-1.86,-1.86,-8.12,10.84,-18.09,-31.83
KORE,135.0,2026-06-12,-1.1,8.0,-8.13,25.0,-8.38,-3.57
WCIL,93.75,2026-06-12,0.1,-2.85,-8.14,-0.78,-22.73,-12.37
KMSUGAR,26.69,2026-06-12,-1.33,-0.07,-8.16,4.01,-1.11,-10.16
AKSHAR,0.45,2026-06-12,0.0,-2.17,-8.16,15.38,-15.09,-23.73
SURAKSHA,268.05,2026-06-12,-2.77,-4.85,-8.17,4.2,-5.08,-18.14
ZODIAC,275.8,2026-06-12,-0.84,-4.1,-8.19,13.77,-10.15,-42.7
MEESHO,166.92,2026-06-12,-0.62,-7.3,-8.23,18.07,1.1,
STANLEY,142.93,2026-06-12,1.64,-2.22,-8.23,-9.94,-36.34,-59.41
ASTRON,3.9,2026-06-12,2.09,-1.02,-8.24,-7.36,-37.2,-79.11
PUNJABCHEM,1005.2,2026-06-12,8.28,3.58,-8.24,-7.04,-19.99,-5.63
RAMAPHO,121.35,2026-06-12,1.2,0.76,-8.25,4.96,-22.46,-2.6
WINSOL,129.0,2026-06-12,5.74,7.37,-8.25,9.69,-19.07,-36.53
NTPCGREEN,98.33,2026-06-12,-1.45,-1.29,-8.25,0.7,7.43,-9.5
THOMASCOTT,255.65,2026-06-12,0.08,-4.38,-8.27,-0.87,-26.74,-19.32
DBL,430.5,2026-06-12,2.35,3.2,-8.28,-5.21,-3.33,-18.34
MODTHREAD,44.13,2026-06-12,-5.44,-6.64,-8.29,-14.74,-4.11,-4.95
PRAENG,20.59,2026-06-12,-0.82,-2.05,-8.29,2.85,-27.17,-11.4
POLYMED,1532.4,2026-06-12,10.82,14.88,-8.3,16.77,-18.91,-31.3
KHAITANLTD,132.6,2026-06-12,1.18,-1.04,-8.31,34.87,34.81,7.19
HAL,4192.3,2026-06-12,-1.08,-1.45,-8.31,4.45,-1.75,-14.42
VASCONEQ,34.48,2026-06-12,10.9,5.57,-8.32,-0.52,-23.99,-34.82
OMAXE,75.96,2026-06-12,3.25,1.99,-8.33,4.41,16.83,-20.73
SANATHAN,407.35,2026-06-12,-1.74,-1.22,-8.34,-1.68,-9.49,-8.38
GHCL,430.45,2026-06-12,0.38,-6.36,-8.35,-7.11,-25.3,-30.58
STAR,1055.5,2026-06-12,4.95,-3.53,-8.36,15.93,19.6,24.14
CEWATER,259.2,2026-06-12,3.89,-5.16,-8.38,5.15,-38.2,-55.32
GRINFRA,857.75,2026-06-12,-0.76,-3.11,-8.38,-6.92,-16.19,-36.21
PRECISION,7.6,2026-06-12,-2.56,-8.43,-8.43,-17.39,-41.54,-67.31
GLOBE,2.28,2026-06-12,1.33,-2.56,-8.43,-9.52,-6.94,-5.0
IBLFL,57.5,2026-06-12,-0.09,-4.17,-8.44,24.46,-14.12,-6.81
BATLIBOI,74.74,2026-06-12,2.22,-5.02,-8.46,,,
EMSLIMITED,304.2,2026-06-12,-5.22,4.29,-8.48,-0.13,-26.37,-47.67
VITAL,53.99,2026-06-12,-1.82,3.89,-8.49,35.31,-5.11,-21.75
DENTA,245.1,2026-06-12,0.55,0.08,-8.49,-1.27,-23.26,-16.96
ALANKIT,8.18,2026-06-12,-0.37,-3.76,-8.5,3.94,-25.57,-48.13
APEX,419.15,2026-06-12,7.76,-3.23,-8.52,21.04,57.34,73.47
ESILVER,239.86,2026-06-12,0.7,-7.72,-8.54,-9.59,24.72,125.33
VINNY,1.07,2026-06-12,0.0,-1.83,-8.55,-10.83,-16.41,-24.11
GKSL,130.08,2026-06-12,-1.13,-3.97,-8.55,21.96,,
SILVERBND,240.74,2026-06-12,1.33,-7.5,-8.56,-8.92,,
KEC,504.45,2026-06-12,4.44,1.3,-8.56,-10.01,-26.99,-42.74
CENTRUM,21.74,2026-06-12,1.4,-1.81,-8.58,6.67,-26.43,-34.38
ECOSMOBLTY,125.22,2026-06-12,-0.18,-7.28,-8.59,-7.16,-45.51,-58.56
GSS,12.35,2026-06-12,-4.85,-6.51,-8.59,3.09,-31.5,-65.96
MOSILVER,237.19,2026-06-12,0.46,-7.95,-8.6,-9.26,24.42,
AXISILVER,238.84,2026-06-12,0.55,-7.72,-8.6,-9.29,24.82,125.34
KOKUYOCMLN,84.51,2026-06-12,2.07,4.17,-8.6,8.19,-6.16,-32.55
BI,59.79,2026-06-12,-4.82,-7.17,-8.61,,,
EIEL,185.54,2026-06-12,2.8,0.16,-8.61,15.98,-7.56,-16.81
WEL,92.66,2026-06-12,-0.22,0.59,-8.61,-33.24,-45.87,-46.36
NATIONSTD,1199.6,2026-06-12,-0.03,-3.26,-8.62,,,
SBISILVER,235.52,2026-06-12,0.83,-7.81,-8.65,-9.09,24.64,124.35
ACI,543.0,2026-06-12,5.53,1.93,-8.69,-3.58,11.46,-13.62
NIMBSPROJ,205.43,2026-06-12,0.59,-4.5,-8.7,,,
SCI,297.05,2026-06-12,1.35,3.47,-8.7,18.49,33.51,52.12
SECL,3.15,2026-06-12,0.0,0.0,-8.7,-19.23,-32.26,-52.99
SILVER1,23.31,2026-06-12,0.87,-7.94,-8.73,-9.79,-87.54,-75.6
SRD,39.04,2026-06-12,3.09,-4.13,-8.76,-24.37,-34.97,-42.47
MVGJL,146.2,2026-06-12,-2.34,-6.41,-8.76,-3.77,-19.95,-40.08
TATSILV,23.34,2026-06-12,1.13,-7.78,-8.76,-9.25,24.41,125.94
ENIL,109.92,2026-06-12,-4.98,2.23,-8.76,2.93,-4.37,-23.04
GROWWSLVR,23.54,2026-06-12,0.94,-7.87,-8.76,-9.29,-87.59,-77.53
WILLAMAGOR,25.59,2026-06-12,-1.95,-3.94,-8.77,-2.85,-15.07,-32.43
AFFLE,1446.3,2026-06-12,-3.34,0.47,-8.77,4.97,-14.21,-23.83
SILVERAG,234.02,2026-06-12,0.51,-7.85,-8.77,-9.46,24.71,125.58
HDFCSILVER,230.11,2026-06-12,1.11,-7.84,-8.77,-9.24,24.48,125.02
HERITGFOOD,320.0,2026-06-12,1.52,0.42,-8.78,-0.65,-32.27,-29.05
PVSL,94.6,2026-06-12,-0.63,-5.53,-8.78,4.62,-23.64,-23.52
SARVESHWAR,3.43,2026-06-12,-6.28,-8.53,-8.78,4.57,-17.75,-53.59
CBAZAAR,4.15,2026-06-12,3.75,-3.49,-8.79,-7.78,-4.6,-28.45
ONMOBILE,49.6,2026-06-12,-0.74,-0.78,-8.81,-1.98,-11.74,-11.32
GANECOS,913.05,2026-06-12,-0.7,0.29,-8.83,18.86,4.47,-38.36
SILVERBEES,229.76,2026-06-12,0.8,-7.93,-8.83,-9.36,24.78,125.12
SALONA,259.1,2026-06-12,-1.71,-10.1,-8.83,-4.37,-9.1,2.45
SILVER,239.43,2026-06-12,0.44,-8.04,-8.85,-9.33,24.85,125.37
BELLACASA,229.26,2026-06-12,-2.17,-3.84,-8.86,-19.09,-40.9,
SILVERIETF,239.79,2026-06-12,0.58,-7.92,-8.9,-9.29,24.81,125.73
PRECAM,144.03,2026-06-12,0.4,-4.06,-8.92,14.14,-7.52,-30.62
GALAXYSURF,1704.1,2026-06-12,-1.72,-3.52,-8.93,-8.03,-14.25,-28.81
SILVERBETA,231.78,2026-06-12,0.79,-8.04,-8.93,-9.33,24.86,124.31
SILVERADD,231.31,2026-06-12,0.77,-8.05,-8.94,-9.53,24.43,125.56
TRANSWIND,13.2,2026-06-12,0.0,-4.69,-8.97,-36.69,-37.88,-17.5
AVADHSUGAR,452.2,2026-06-12,-4.09,0.51,-8.97,6.14,18.22,-14.43
KRSNAA,534.3,2026-06-12,-0.22,-1.35,-8.98,-12.67,-27.38,-20.84
OSWALSEEDS,10.93,2026-06-12,-1.09,-1.89,-8.99,-8.38,-20.04,-23.57
TOTAL,50.96,2026-06-12,4.88,-5.75,-9.0,-14.64,-36.51,-38.66
INDOWIND,8.99,2026-06-12,-3.64,-6.55,-9.01,8.44,-37.35,-57.59
LGBBROSLTD,1524.4,2026-06-12,2.74,2.03,-9.02,-17.98,-19.53,21.45
SILVERCASE,24.37,2026-06-12,0.37,-7.97,-9.03,-9.34,24.36,125.95
CHEMFAB,391.55,2026-06-12,-3.88,0.75,-9.03,4.14,-15.29,-50.39
SILVER360,235.16,2026-06-12,0.17,-8.28,-9.06,-10.61,24.28,123.66
APS,309.85,2026-06-12,1.62,-0.34,-9.08,0.57,-19.82,-47.05
ASTAR,603.35,2026-06-12,-1.54,-3.77,-9.09,,,
AMBER,7420.0,2026-06-12,-4.26,-2.67,-9.11,7.08,11.98,13.72
HNGSNGBEES,494.96,2026-06-12,1.25,-3.32,-9.15,-2.96,-3.04,29.25
YASHOPTICS,123.0,2026-06-12,-1.32,-6.11,-9.16,9.33,-3.61,52.32
CROMPTON,256.2,2026-06-12,-0.27,-6.29,-9.17,3.64,0.83,-24.81
WAKEFIT,114.76,2026-06-12,1.52,-4.97,-9.19,-31.95,,
AONESILVER,9.13,2026-06-12,-0.11,-8.15,-9.24,-9.87,,
WORTHPERI,123.49,2026-06-12,-4.12,-3.62,-9.26,-7.06,-12.76,-17.46
SHIGAN,70.0,2026-06-12,1.3,-7.96,-9.27,22.81,34.62,-15.43
INDIANHUME,298.35,2026-06-12,2.6,-1.06,-9.27,-12.13,-27.66,-31.02
EIDPARRY,729.55,2026-06-12,1.16,-1.57,-9.28,-9.97,-29.54,-26.09
MUTHOOTFIN,3042.2,2026-06-12,2.61,-6.29,-9.28,-5.43,-20.06,20.08
ABREL,1198.4,2026-06-12,-1.42,-4.17,-9.29,0.72,-28.41,-51.12
OMFURN,56.0,2026-06-12,1.82,-5.56,-9.31,16.67,-38.09,-48.39
KOTIC,160.54,2026-06-12,1.39,0.96,-9.31,,,
GLOBUSSPR,852.45,2026-06-12,1.01,-0.22,-9.31,1.8,-11.48,-13.12
MAMATA,361.05,2026-06-12,-0.28,-6.2,-9.32,-7.1,-14.08,-16.66
EFORCE,22.85,2026-06-12,-5.58,2.24,-9.33,-4.99,-35.54,-56.89
MATRIMONY,390.0,2026-06-12,-3.66,-6.63,-9.34,1.66,-28.57,-22.62
GLOBECIVIL,40.38,2026-06-12,-1.01,-0.64,-9.36,-13.16,-34.16,
SHRITECH,60.0,2026-06-12,-13.54,-9.3,-9.37,0.0,-4.76,-25.09
MASFIN,300.4,2026-06-12,1.37,-1.35,-9.38,-1.2,-6.64,2.79
MODIRUBBER,125.44,2026-06-12,-0.11,-2.5,-9.38,10.2,21.52,1.52
ULTRAMAR,374.45,2026-06-12,-1.56,-7.03,-9.38,,,
PRUDMOULI,14.95,2026-06-12,-2.42,-4.96,-9.39,-2.67,-34.37,-64.24
VIRINCHI,15.25,2026-06-12,-0.13,-7.18,-9.39,-19.74,-32.49,-35.71
CARRARO,525.9,2026-06-12,1.79,1.12,-9.4,11.28,-3.17,16.21
OSWALGREEN,23.22,2026-06-12,1.8,-3.77,-9.44,-7.31,-30.98,-50.88
SGL,10.65,2026-06-12,-0.93,-7.47,-9.44,-5.67,-18.33,-31.38
FABTECH,147.35,2026-06-12,0.39,-2.69,-9.49,-1.69,-38.37,
HERANBA,188.88,2026-06-12,9.43,5.98,-9.52,3.28,-21.63,-30.08
BALUFORGE,448.8,2026-06-12,-1.98,-0.72,-9.54,-3.87,-29.49,-41.16
HEG,526.3,2026-06-12,-0.05,-6.11,-9.55,1.38,-1.53,4.58
OSWALAGRO,41.99,2026-06-12,-0.02,-5.3,-9.56,-3.8,-29.33,-56.82
SILINV,420.85,2026-06-12,1.12,-0.37,-9.56,2.32,-18.41,-30.18
SUNDARMFIN,4159.0,2026-06-12,2.21,-1.28,-9.57,-22.23,-12.79,-16.58
PARKHOTELS,116.23,2026-06-12,2.58,1.64,-9.58,0.03,-11.97,-24.92
SESHAPAPER,227.81,2026-06-12,0.45,-2.16,-9.58,-8.44,-4.9,-19.28
SAHAJSOLAR,131.7,2026-06-12,-2.44,-4.6,-9.58,10.86,-21.49,-49.86
ASCOM,234.7,2026-06-12,-4.98,-5.67,-9.59,-2.21,108.62,206.6
KANPRPLA,186.79,2026-06-12,-6.69,-3.08,-9.61,6.2,-6.2,-5.15
SIGNATURE,776.4,2026-06-12,-3.69,-5.33,-9.61,-4.7,-30.83,-39.47
HINDCOPPER,510.0,2026-06-12,0.76,-5.55,-9.61,-3.29,33.62,101.55
FRONTSP,1478.8,2026-06-12,2.04,-2.4,-9.62,,,
EMAMILTD,390.8,2026-06-12,1.51,-1.71,-9.62,-8.71,-26.7,-30.78
MCX,2853.0,2026-06-12,1.03,-1.3,-9.63,12.94,40.38,90.65
HRHNEXT,25.8,2026-06-12,-11.64,-6.18,-9.63,7.5,-11.34,-55.78
DCMSRIND,38.27,2026-06-12,-4.21,4.02,-9.63,8.88,-76.69,-77.89
GREENPANEL,193.69,2026-06-12,-0.74,6.78,-9.64,-5.65,-18.63,-29.06
INM,153.6,2026-06-12,-6.82,-10.18,-9.65,-20.39,-40.92,-70.91
JKPAPER,353.35,2026-06-12,1.09,-2.31,-9.65,1.62,-3.1,-3.56
DEEPAKNTR,1669.9,2026-06-12,0.31,-0.01,-9.65,12.79,9.24,-13.13
JKCEMENT,4858.5,2026-06-12,1.92,-6.4,-9.65,-6.55,-15.13,-18.85
JKLAKSHMI,588.85,2026-06-12,-0.41,0.52,-9.66,-3.25,-24.51,-29.0
MANGALAM,28.18,2026-06-12,-0.95,-2.36,-9.68,-11.72,11.83,-65.7
GOPAL,283.25,2026-06-12,0.21,-4.55,-9.69,0.61,-9.51,-23.96
ANNAPURNA,134.6,2026-06-12,-1.61,-3.75,-9.69,-14.13,-40.22,-53.5
BIRLACORPN,951.1,2026-06-12,-0.69,-3.15,-9.72,15.97,-11.15,-29.74
KLL,35.7,2026-06-12,0.28,-8.23,-9.73,-10.53,-20.75,-54.55
BASILIC,203.2,2026-06-12,0.79,-3.7,-9.73,-1.57,-36.15,-56.72
AJOONI,3.8,2026-06-12,0.53,-6.63,-9.74,-14.41,-14.8,-32.38
JMFINANCIL,120.63,2026-06-12,3.98,3.14,-9.75,-0.73,-16.22,-14.0
RATNAMANI,2580.5,2026-06-12,1.13,2.75,-9.77,9.33,5.25,-10.24
OILCOUNTUB,56.13,2026-06-12,-3.85,3.29,-9.83,25.04,-14.58,-22.19
URAVIDEF,113.74,2026-06-12,-1.69,-4.06,-9.85,-12.55,-30.92,-76.99
PEARLPOLY,18.0,2026-06-12,-1.48,-7.22,-9.86,3.33,-18.74,-41.94
SHARDAMOTR,782.4,2026-06-12,0.12,-7.64,-9.88,-3.65,-17.66,-18.29
NTPC,353.9,2026-06-12,-2.35,-6.55,-9.88,-9.38,9.7,8.85
DABUR,426.4,2026-06-12,1.58,0.42,-9.9,-7.17,-13.86,-8.46
FORCEMOT,17892.0,2026-06-12,3.51,-5.35,-9.91,-17.01,2.74,39.59
MAHLOG,337.7,2026-06-12,-0.07,-2.79,-9.91,-15.19,4.49,-1.3
DOLLAR,248.45,2026-06-12,1.04,-5.68,-9.92,-3.44,-29.35,-38.13
BALAJEE,28.74,2026-06-12,0.6,-4.26,-9.93,8.99,-26.12,-41.14
SANCO,2.9,2026-06-12,0.0,-6.45,-9.94,20.83,56.76,-3.65
SSDL,54.98,2026-06-12,-1.61,-7.19,-9.97,-7.03,-31.96,-45.77
GUJAPOLLO,369.45,2026-06-12,-2.83,-0.93,-9.99,-8.47,-15.9,4.65
STERTOOLS,209.71,2026-06-12,-0.61,-9.1,-10.0,9.2,-22.37,-43.59
TRANSRAILL,478.1,2026-06-12,-0.54,-1.43,-10.02,-7.06,-18.19,-24.89
BDL,1200.2,2026-06-12,1.11,-0.32,-10.04,-11.06,-14.57,-35.6
SDBL,77.09,2026-06-12,9.43,2.7,-10.04,0.48,-28.42,-52.67
AARTIPHARM,641.15,2026-06-12,5.74,-0.19,-10.04,-5.53,-13.23,-29.84
SAHANA,769.85,2026-06-12,2.01,-8.75,-10.07,-23.4,-22.63,-51.34
INA,116.9,2026-06-12,0.87,-2.53,-10.07,19.26,,
SPCL,70.9,2026-06-12,2.75,-1.73,-10.08,-10.25,-11.65,-41.67
MILTON,40.5,2026-06-12,0.0,0.0,-10.1,-15.62,32.79,33.88
RBS,89.0,2026-06-12,-4.3,-3.68,-10.1,17.11,-13.59,-21.9
CENTRALBK,31.04,2026-06-12,2.0,2.41,-10.11,-13.83,-12.91,-16.26
NIRAJISPAT,213.25,2026-06-12,0.12,-2.62,-10.11,-9.12,-2.05,-20.18
GRAPHITE,644.45,2026-06-12,-4.12,-10.11,-10.12,-0.19,19.02,23.0
GAUDIUMIVF,99.54,2026-06-12,-4.0,-13.2,-10.12,23.09,,
KROSS,182.49,2026-06-12,0.58,-3.5,-10.14,-3.03,2.71,-4.54
EPIGRAL,1115.3,2026-06-12,-0.24,-3.6,-10.16,26.98,-20.7,-38.23
BHARATWIRE,208.99,2026-06-12,2.82,-3.22,-10.18,27.85,17.34,-0.99
PIONRINV,98.7,2026-06-12,-3.88,-16.48,-10.24,,,
TREEHOUSE,6.96,2026-06-12,1.46,2.96,-10.31,-12.89,-18.41,-16.55
FELDVR,2.6,2026-06-12,0.0,-4.76,-10.34,-5.45,-16.13,-28.18
SVPGLOB,3.81,2026-06-12,-0.52,-2.81,-10.35,42.7,-16.26,4.38
MOL,47.87,2026-06-12,1.36,0.19,-10.37,5.98,-24.92,-47.75
DELTACORP,64.65,2026-06-12,-1.19,-2.31,-10.38,16.82,-8.02,-28.67
ALOKINDS,12.16,2026-06-12,1.59,-2.72,-10.39,-7.95,-24.85,-41.11
PLATIND,224.87,2026-06-12,5.94,3.3,-10.42,6.41,-9.64,-20.96
RAMRAT,379.2,2026-06-12,1.49,-5.26,-10.43,19.96,23.13,14.31
TRU,5.67,2026-06-12,3.28,-4.38,-10.43,-15.25,-32.01,-59.03
SRTL,41.03,2026-06-12,-0.51,-2.17,-10.47,-19.41,,
MANDEEP,18.8,2026-06-12,-0.27,-4.81,-10.48,3.3,-23.73,-34.38
ELIN,105.88,2026-06-12,0.59,-4.66,-10.48,-10.02,-37.93,-43.05
DGCONTENT,25.78,2026-06-12,-3.55,-3.99,-10.49,3.2,-19.24,-48.34
ALGOQUANT,56.23,2026-06-12,5.4,1.19,-10.5,1.37,,
DREAMFOLKS,69.87,2026-06-12,-3.35,-5.45,-10.56,-6.57,-37.63,-74.86
NECLIFE,11.59,2026-06-12,-0.43,-4.14,-10.57,2.29,-44.91,-51.42
NESCO,1089.8,2026-06-12,0.51,-4.69,-10.58,2.23,-12.37,9.4
DEVX,36.64,2026-06-12,0.0,-1.85,-10.61,-2.35,-16.48,
ELITECON,29.99,2026-06-12,11.94,-3.32,-10.61,,,
BASF,3356.5,2026-06-12,0.65,0.79,-10.63,-3.26,-13.97,-32.58
WHIRLPOOL,769.95,2026-06-12,-1.23,-7.32,-10.66,-10.56,-16.8,-42.32
BIRDYS,111.65,2026-06-12,-4.98,-9.7,-10.68,1.27,-9.23,-0.53
LPDC,6.61,2026-06-12,-3.22,-4.76,-10.68,12.99,-7.29,-34.23
BANARBEADS,101.57,2026-06-12,-0.93,-5.24,-10.68,-11.23,-22.1,-20.64
CHEVIOT,1084.1,2026-06-12,1.09,-0.87,-10.71,9.31,2.32,-2.64
SHYAMCENT,4.92,2026-06-12,0.41,-1.01,-10.71,3.14,-20.39,-33.78
DCG,59.2,2026-06-12,4.78,2.25,-10.71,2.96,-8.22,-15.19
VRLLOG,229.89,2026-06-12,-2.05,-3.0,-10.72,-11.05,-13.18,-16.23
JAINAM,255.3,2026-06-12,1.71,2.08,-10.73,31.19,1.71,-2.56
SHIVATEX,149.62,2026-06-12,-0.05,2.8,-10.73,1.48,-14.84,-27.17
PRITIKA,65.45,2026-06-12,1.39,2.35,-10.77,11.4,-12.09,-11.61
ORIENTTECH,253.35,2026-06-12,-0.59,-4.65,-10.79,-3.8,-18.55,-19.8
EMKAYTOOLS,96.0,2026-06-12,0.84,-5.88,-10.82,-1.03,-21.25,-60.81
KEL,82.0,2026-06-12,2.5,-3.53,-10.87,-1.56,-17.17,-37.16
BLUECOAST,28.5,2026-06-12,-3.32,-7.74,-10.88,36.95,-18.27,-12.82
MAITREYA,156.9,2026-06-12,-0.19,-4.71,-10.88,-27.96,-35.96,-45.5
RUDRA,17.94,2026-06-12,0.56,-1.81,-10.92,3.46,,
SIKKO,3.99,2026-06-12,0.25,-1.72,-10.94,-15.64,-23.85,6.54
DHANLAXMI,28.45,2026-06-12,-0.87,-0.18,-10.95,19.04,-7.33,-46.42
ZENSARTECH,452.8,2026-06-12,-4.61,-8.61,-10.98,-19.77,-38.27,-46.56
M&MFIN,291.05,2026-06-12,3.67,-1.37,-10.98,-15.95,-15.91,8.76
LASA,7.13,2026-06-12,-6.92,-10.2,-10.99,-4.68,-25.26,-45.9
CELLECOR,36.0,2026-06-12,0.56,-7.34,-11.0,45.45,15.2,-2.57
MAGSON,160.1,2026-06-12,-5.82,-5.82,-11.06,15.18,41.68,17.33
ORIANA,1623.4,2026-06-12,-3.46,-3.68,-11.1,-8.85,-28.89,-29.45
RKDL,18.47,2026-06-12,-7.7,-8.61,-11.12,-0.97,-23.8,-43.19
ALPHAGEO,208.04,2026-06-12,1.34,2.92,-11.12,5.72,-5.72,-21.72
SUYOG,697.3,2026-06-12,0.24,-11.06,-11.12,0.78,9.75,-27.88
SUKHJITS,173.05,2026-06-12,2.33,-0.04,-11.12,-0.52,16.67,-11.48
BESTAGRO,15.81,2026-06-12,-0.88,-1.19,-11.13,6.32,-34.94,-29.59
CEINSYS,920.6,2026-06-12,-0.24,-3.1,-11.15,-8.78,,
CHOLAHLDNG,1524.2,2026-06-12,7.92,0.18,-11.16,2.53,-21.3,-22.2
GLAXO,2121.5,2026-06-12,-2.85,-3.76,-11.16,-13.13,-16.35,-34.47
SALZERELEC,634.9,2026-06-12,1.28,5.72,-11.2,5.98,-9.01,-31.11
NIRAJ,28.88,2026-06-12,3.81,3.81,-11.25,8.21,-16.77,-48.49
AARON,119.24,2026-06-12,4.44,0.85,-11.25,-16.33,-34.83,-39.25
MAGADSUGAR,449.0,2026-06-12,0.37,-1.78,-11.26,0.44,-11.32,-35.87
RENUKA,22.29,2026-06-12,1.55,-1.85,-11.27,-9.24,-18.08,-34.48
MADHUSUDAN,145.05,2026-06-12,-6.45,-7.02,-11.28,-5.23,10.98,-3.94
GSTL,19.65,2026-06-12,-3.68,-7.53,-11.29,-36.2,52.33,63.75
HGINFRA,562.9,2026-06-12,-0.24,-1.6,-11.33,10.88,-25.6,-47.66
SRPL,0.39,2026-06-12,0.0,-2.5,-11.36,-23.53,-42.65,-31.58
ANDHRSUGAR,82.81,2026-06-12,6.34,3.63,-11.37,14.57,7.43,11.3
EXPLEOSOL,784.85,2026-06-12,-4.99,-10.26,-11.39,5.62,-23.28,-37.13
SHK,128.01,2026-06-12,3.92,-1.01,-11.41,-0.89,-22.85,-46.04
TATACONSUM,1100.7,2026-06-12,-0.57,-3.73,-11.41,4.94,-3.42,2.3
GRCL,496.0,2026-06-12,-4.6,-6.94,-11.42,28.83,29.0,0.6
MANYAVAR,407.4,2026-06-12,2.53,2.09,-11.43,15.43,-31.68,-47.9
FCONSUMER,0.31,2026-06-12,0.0,-3.12,-11.43,-8.82,-36.73,-39.22
MAANALU,124.23,2026-06-12,-1.23,-2.4,-11.46,-5.41,-20.59,-1.28
VR,131.9,2026-06-12,0.0,0.0,-11.48,-12.91,-22.91,-30.58
MVKAGRO,450.25,2026-06-12,-2.61,-4.2,-11.49,-11.28,-41.57,268.91
MFML,23.1,2026-06-12,-3.1,-5.71,-11.49,0.7,-11.19,-23.86
BUTTERFLY,627.1,2026-06-12,-3.94,-5.9,-11.5,-10.04,-8.96,-16.92
INTERARCH,1792.6,2026-06-12,5.21,6.4,-11.53,0.03,-24.83,-16.99
PRITI,39.03,2026-06-12,-3.51,-9.34,-11.54,5.43,-32.49,-59.07
INFINIUM,191.05,2026-06-12,-6.3,-9.67,-11.55,-9.78,-14.04,-35.03
POLYSIL,135.95,2026-06-12,-4.93,-1.88,-11.63,-25.61,-56.43,133.59
ALICON,642.55,2026-06-12,1.31,-3.69,-11.65,-7.7,-24.87,-28.53
ALMONDZ,13.68,2026-06-12,1.18,3.01,-11.68,-4.13,-13.2,-35.93
FROG,177.95,2026-06-12,4.8,9.78,-11.69,31.23,1.92,-24.6
MCLOUD,22.22,2026-06-12,-9.6,-13.84,-11.69,-2.84,-24.91,-72.91
SPRL,83.0,2026-06-12,0.3,1.34,-11.7,-29.09,-52.54,-34.83
BAIDFIN,9.88,2026-06-12,-1.0,-6.97,-11.71,-10.83,-9.94,-19.05
DALMIASUG,327.65,2026-06-12,-3.9,-2.51,-11.71,5.4,11.7,-22.37
UMA,18.1,2026-06-12,-7.18,-8.35,-11.71,4.62,-9.05,-25.51
CHAVDA,88.0,2026-06-12,-0.28,-2.38,-11.74,-7.37,-26.42,-32.59
TTL,6.8,2026-06-12,-8.48,-8.11,-11.8,-23.42,-22.37,-57.78
SCHAND,145.17,2026-06-12,-0.69,-6.42,-11.81,-2.87,-7.3,-33.16
AAREYDRUGS,77.85,2026-06-12,-2.58,0.62,-11.83,14.05,15.9,42.4
GMMPFAUDLR,760.1,2026-06-12,-0.54,-3.2,-11.84,-14.67,-29.14,-33.27
DHUNINV,788.1,2026-06-12,2.21,-5.13,-11.87,-9.11,-32.27,-46.99
COCHINSHIP,1424.3,2026-06-12,1.22,-0.36,-11.87,-1.38,-10.72,-32.67
PKTEA,757.95,2026-06-12,-3.37,-6.27,-11.87,-4.89,-0.98,-9.07
ONESOURCE,1612.5,2026-06-12,-7.21,-12.26,-11.89,9.75,-1.39,-18.42
COHANCE,426.95,2026-06-12,0.62,-0.57,-11.91,47.55,-20.32,-57.7
KONTOR,59.0,2026-06-12,-7.09,-2.4,-11.94,-15.71,-10.61,-27.96
TICL,20.54,2026-06-12,-10.38,-11.58,-11.96,-21.81,-18.75,-23.33
JIWANRAM,5.15,2026-06-12,-0.96,-0.96,-11.97,-2.83,-21.37,-55.6
SADHNANIQ,2.27,2026-06-12,-3.4,-8.47,-12.02,40.99,-66.47,-86.32
SHIVALIK,226.75,2026-06-12,-4.28,-16.42,-12.03,-16.53,-39.51,-59.09
WESTLIFE,445.85,2026-06-12,3.18,3.86,-12.04,-3.3,-19.03,-36.58
DRONE,40.45,2026-06-12,1.63,1.13,-12.07,-11.2,-42.21,-62.94
SANDESH,943.5,2026-06-12,0.4,0.91,-12.07,-0.23,-11.62,-18.68
IONEXCHANG,345.6,2026-06-12,1.41,-2.03,-12.08,-2.84,-1.58,-36.76
KANCHI,341.2,2026-06-12,-1.6,-6.81,-12.1,,,
JYOTHYLAB,200.96,2026-06-12,1.28,0.79,-12.11,-12.28,-29.05,-40.99
THEJO,1543.5,2026-06-12,0.78,-0.46,-12.12,-6.53,-3.43,-19.39
SRIVASAVI,50.05,2026-06-12,0.1,0.2,-12.19,2.14,5.93,-32.0
JAIPURKURT,27.99,2026-06-12,-2.91,-15.23,-12.2,-7.53,-0.71,-35.68
SOMATEX,94.96,2026-06-12,-3.01,-11.38,-12.22,-7.27,-10.69,116.16
TRF,227.79,2026-06-12,4.11,0.82,-12.24,-2.32,-24.64,-42.21
ITALIANE,34.05,2026-06-12,-5.42,2.41,-12.24,-17.05,10.19,0.45
CEREBRAINT,3.72,2026-06-12,8.14,11.71,-12.26,-14.87,-44.73,-44.56
EUREKAFORB,438.25,2026-06-12,0.78,-1.83,-12.26,-1.56,-32.23,-26.45
BAJAJST,367.05,2026-06-12,-3.26,-3.22,-12.29,,,
PML,512.95,2026-06-12,1.39,-4.48,-12.3,,,
JAYNECOIND,90.86,2026-06-12,2.09,-8.09,-12.3,20.57,24.89,128.01
SHIVAMAUTO,16.89,2026-06-12,-1.11,-5.43,-12.31,1.81,-37.26,-47.82
A2ZINFRA,14.15,2026-06-12,-0.42,0.0,-12.38,-12.98,-4.33,-22.64
SYMPHONY,669.85,2026-06-12,-0.1,-2.81,-12.42,-17.86,-22.78,-41.79
GSLSU,48.89,2026-06-12,-8.87,-6.38,-12.45,-30.35,-58.72,-62.08
JUBLINGREA,623.4,2026-06-12,0.87,-2.3,-12.46,7.86,-10.03,-7.97
IRMENERGY,255.4,2026-06-12,-1.14,-2.96,-12.46,20.71,-9.96,-14.06
CURAA,85.33,2026-06-12,1.58,-4.1,-12.48,-21.72,-31.01,-31.29
BIRLANU,1364.0,2026-06-12,5.26,3.58,-12.51,2.18,-12.82,-40.04
SPANDANA,226.5,2026-06-12,-2.94,-8.87,-12.52,-0.37,-16.44,-18.85
SOMICONVEY,98.26,2026-06-12,0.78,-1.76,-12.56,-4.59,-25.72,-37.61
GLFL,6.12,2026-06-12,5.7,1.49,-12.57,36.61,-2.55,25.41
HPAL,35.86,2026-06-12,0.93,0.36,-12.6,8.04,-16.41,-30.14
SCHNEIDER,1105.7,2026-06-12,-3.25,-11.07,-12.61,21.85,54.13,48.03
EFACTOR,181.0,2026-06-12,2.55,-0.55,-12.64,-11.69,-43.46,-18.28
RPSGVENT,872.4,2026-06-12,-2.59,-5.7,-12.64,42.44,16.5,-6.57
KCPSUGIND,22.48,2026-06-12,-5.9,-10.3,-12.67,-6.41,-16.46,-37.88
RACE,107.94,2026-06-12,-0.06,-3.5,-12.68,-2.3,-27.31,-57.25
PENINLAND,14.92,2026-06-12,-3.12,-11.08,-12.7,-7.1,-44.12,-50.03
TRANSTEEL,113.8,2026-06-12,-3.97,-3.56,-12.7,-22.43,-19.6,-14.82
PNGJL,547.55,2026-06-12,-2.06,-0.75,-12.71,-3.63,-10.12,-6.35
WIMPLAST,335.3,2026-06-08,1.45,-3.32,-12.73,,,
CONCOR,450.2,2026-06-12,1.09,-3.0,-12.75,-3.63,-10.34,-26.08
HINDZINC,559.9,2026-06-12,0.7,-10.59,-12.77,-2.21,1.51,12.41
MHHL,34.0,2026-06-12,-0.58,-8.11,-12.82,-4.23,-18.85,-43.52
CUBEXTUB,83.12,2026-06-12,-3.46,-5.36,-12.85,-9.96,-12.7,-25.49
TORNTPOWER,1392.0,2026-06-12,-4.29,-1.43,-12.87,-7.57,8.96,0.54
SEMAC,324.95,2026-06-12,-7.79,1.83,-12.88,54.91,5.23,-20.5
SEJALLTD,657.65,2026-06-12,-6.11,-15.38,-13.0,22.07,-22.04,31.18
KRITI,72.6,2026-06-12,-0.62,-2.76,-13.05,-10.73,-17.36,-51.13
VALIANTLAB,68.0,2026-06-12,-8.03,-15.33,-13.07,25.74,1.71,-40.65
HYBRIDFIN,16.27,2026-06-12,-1.33,-3.38,-13.09,-1.15,-15.87,-27.59
AKIKO,258.0,2026-06-12,6.7,1.53,-13.09,29.68,-5.49,215.6
BIGBLOC,49.22,2026-06-12,0.57,-1.14,-13.1,-5.58,-25.84,-24.95
KRIDHANINF,2.85,2026-06-12,-5.0,-6.86,-13.11,3.26,-28.21,-44.98
TRANSPEK,1022.9,2026-06-12,4.46,3.65,-13.14,,,
EMMIL,127.0,2026-06-12,0.55,2.05,-13.16,-12.38,-33.16,-37.47
RALLIS,228.77,2026-06-12,0.93,-1.93,-13.17,-6.33,-12.1,-24.72
FELIX,186.4,2026-06-12,-1.01,-1.22,-13.18,3.33,22.27,13.59
EMBDL,59.06,2026-06-12,3.32,2.53,-13.2,9.21,-18.65,-47.86
BOHRAIND,17.36,2026-06-12,2.18,2.12,-13.2,-6.42,-8.29,-44.29
NIPPOBATRY,333.75,2026-06-12,-5.75,-6.71,-13.22,12.41,-21.47,-32.51
AGNI,18.0,2026-06-12,3.15,0.28,-13.25,10.77,-25.0,-26.23
ICICIPRULI,468.15,2026-06-12,-1.53,-3.85,-13.25,-20.77,-27.45,-25.63
CMNL,105.35,2026-06-12,-0.24,-4.53,-13.29,7.5,-15.92,-28.82
DBREALTY,111.88,2026-06-12,1.73,-2.72,-13.31,8.07,-6.37,-50.06
DISHTV,3.12,2026-06-12,3.65,-1.58,-13.33,22.35,-22.96,-39.88
TECHNOE,1038.7,2026-06-12,2.94,-1.38,-13.45,-6.14,-5.91,-28.65
BABAFP,22.75,2026-06-12,-9.0,-9.9,-13.5,-1.94,-30.75,-42.04
ORIENTLTD,58.85,2026-06-12,-0.12,-5.2,-13.53,-14.42,-23.94,-38.73
IFBAGRO,926.4,2026-06-12,3.31,-6.63,-13.56,24.57,-26.25,24.35
EASTSILK,51.55,2026-06-12,-4.52,-6.27,-13.58,-26.59,-43.67,2763.89
ARSHIYA,1.08,2026-06-12,-6.9,-5.26,-13.6,-26.03,-18.18,-59.7
TREJHARA,140.55,2026-06-12,2.28,-2.19,-13.61,-12.21,-43.29,-40.31
ENFUSE,165.0,2026-06-12,-2.94,0.21,-13.61,-8.81,-32.65,-34.0
EVERESTIND,328.65,2026-06-12,-5.17,-13.73,-13.63,-11.75,-36.19,-40.97
MARINETRAN,15.2,2026-06-12,-4.4,-4.4,-13.64,-12.89,-30.11,-10.59
CHEMPLASTS,202.94,2026-06-12,3.49,-7.04,-13.65,-26.37,-22.36,-53.59
NILASPACES,12.07,2026-06-12,0.17,-3.21,-13.66,-8.21,-23.46,-4.58
ISGEC,910.0,2026-06-12,1.01,0.49,-13.66,-2.94,12.3,-27.15
ATMASTCO,177.2,2026-06-12,4.54,4.79,-13.67,29.11,17.43,-12.88
GLOBALE,11.99,2026-06-12,-6.25,-7.77,-13.68,11.43,2.22,-24.35
URBAN,129.15,2026-06-12,-1.86,-2.89,-13.7,-3.11,-12.74,-17.79
REXPIPES,174.25,2026-06-12,0.0,0.0,-13.74,-11.99,14.64,28.17
LUXIND,1266.5,2026-06-12,-3.47,-10.58,-13.78,45.55,13.16,-14.28
THEINVEST,98.14,2026-06-12,3.11,-0.8,-13.79,-0.5,-15.4,-36.87
FUSION,174.76,2026-06-12,6.05,1.96,-13.81,4.27,10.18,-10.71
QUESTLAB,101.05,2026-06-12,-0.1,-1.08,-13.82,-14.07,15.42,12.78
DCMSHRIRAM,1027.8,2026-06-12,3.07,-1.38,-13.88,1.19,-17.16,-7.86
DSFCL,23.51,2026-06-12,-2.33,-3.88,-13.91,-6.41,,
SURAJEST,189.62,2026-06-12,3.18,-8.7,-14.09,-6.41,-28.12,-48.08
PAKKA,79.62,2026-06-12,-0.72,-9.31,-14.17,-2.86,-23.71,-58.77
KDL,124.25,2026-06-12,12.14,-3.98,-14.19,-5.66,-15.13,-61.74
HUBTOWN,185.93,2026-06-12,-5.67,-10.75,-14.2,-8.77,-24.14,-18.1
LLOYDS,79.9,2026-06-12,-14.22,-14.22,-14.22,60.6,10.21,-18.05
MEGAFLEX,126.95,2026-06-12,0.0,0.0,-14.22,-14.08,14.27,108.29
INNOVANA,322.05,2026-06-12,2.87,-2.08,-14.23,-14.2,-27.4,-20.39
SPCENET,3.25,2026-06-12,-7.93,-7.41,-14.24,-16.44,-52.42,-57.62
MANINFRA,110.98,2026-06-12,-0.31,-2.75,-14.27,13.69,-14.83,-32.82
ISHAN,0.6,2026-06-12,0.0,0.0,-14.29,-7.69,-20.0,-40.0
TPHQ,0.48,2026-06-12,-4.0,-4.0,-14.29,-9.43,-12.73,-34.25
HINDCON,20.79,2026-06-12,-5.07,-8.25,-14.3,8.68,-26.38,-42.82
PLAZACABLE,46.79,2026-06-12,-1.1,-4.8,-14.4,31.4,15.59,-26.21
TARAPUR,19.25,2026-06-12,1.37,-2.63,-14.44,-20.39,-37.13,-23.67
DIGITIDE,83.14,2026-06-12,-1.6,-3.09,-14.44,-4.12,-40.57,-63.04
SOLEX,1070.2,2026-06-12,1.26,-8.71,-14.47,8.8,-29.13,-15.23
HAVISHA,1.36,2026-06-12,-6.21,-9.33,-14.47,-2.16,-22.73,-45.38
PURVFLEXI,52.8,2026-06-12,-0.28,1.54,-14.49,15.28,-41.98,-30.53
GRAPHISAD,30.0,2026-06-12,-0.33,-4.61,-14.53,-3.23,-26.83,-29.74
CHEMBOND,152.67,2026-06-12,-2.14,-8.59,-14.57,6.59,-7.13,-38.05
DHTL,39.55,2026-06-12,-14.12,-18.37,-14.58,-7.7,-42.47,-36.31
NURECA,232.1,2026-06-12,1.24,-3.31,-14.59,-13.36,-21.97,-18.78
KECL,100.0,2026-06-12,-4.92,-13.31,-14.62,20.53,-1.71,-29.16
MIRCELECTR,37.53,2026-06-12,-1.03,-7.72,-14.65,50.36,50.84,168.07
STYLEBAAZA,333.8,2026-06-12,1.38,2.98,-14.66,24.3,21.27,30.01
RULKA,90.35,2026-06-12,-2.85,-6.23,-14.68,1.63,-19.33,-31.03
RSYSTEMS,251.4,2026-06-12,3.22,-5.22,-14.71,-12.77,-36.34,-39.37
KOTHARIPET,118.54,2026-06-12,3.43,-3.4,-14.73,6.55,-5.33,-33.81
SIDDHIKA,205.5,2026-06-12,0.12,-6.42,-14.73,-0.24,-2.14,6.02
SAHYADRI,264.2,2026-06-12,-1.89,-5.51,-14.75,14.37,5.66,-13.31
ESABINDIA,5728.0,2026-06-12,-0.36,-8.53,-14.77,7.55,-7.11,12.66
AILIMITED,36.05,2026-06-12,-4.88,-9.88,-14.78,-17.6,-12.07,-54.94
ECLERX,1396.0,2026-06-12,0.81,-5.3,-14.79,-11.42,-37.85,-24.08
INDOTHAI,239.18,2026-06-12,2.32,5.57,-14.84,-3.85,-35.03,38.41
KSR,31.18,2026-06-12,-3.08,-7.06,-14.86,-14.58,79.92,
CMRSL,69.0,2026-06-12,6.15,0.0,-14.87,3.84,-8.0,-20.73
MARATHON,402.85,2026-06-12,0.31,-10.4,-14.87,-0.91,-26.81,-31.93
DKEGL,66.35,2026-06-12,3.43,-2.64,-14.88,2.79,-8.17,5.99
OIL,417.8,2026-06-12,-13.14,-13.45,-14.9,-12.83,4.91,-8.35
ARFIN,84.82,2026-06-12,-2.47,-4.54,-14.98,5.68,30.73,
HILTON,18.77,2026-06-12,-3.15,-10.66,-14.99,11.86,-54.03,-72.83
LOYALTEX,204.0,2026-06-12,0.0,-7.27,-15.0,0.44,-4.4,-28.56
RPPINFRA,61.93,2026-06-12,4.38,-1.98,-15.01,-11.94,-39.55,-53.96
IITL,136.89,2026-06-12,-0.41,-6.83,-15.03,2.52,-20.14,-21.35
BAJAJINDEF,245.65,2026-06-12,7.74,0.61,-15.12,-3.57,-23.76,-39.51
SHREYANIND,138.8,2026-06-12,1.17,-3.09,-15.14,-6.78,-23.2,-38.63
MICEL,42.17,2026-06-12,-0.66,-1.49,-15.17,20.42,-4.16,-34.87
BMETRICS,35.2,2026-06-12,-4.61,-3.69,-15.18,-12.0,-13.09,-26.45
TGL,20.1,2026-06-12,-8.64,-5.41,-15.19,-48.72,-74.84,-86.44
PRAJIND,332.1,2026-06-12,-7.26,-1.82,-15.22,5.61,9.35,-33.89
DELAPLEX,105.0,2026-06-12,9.26,4.79,-15.22,-4.11,-20.48,-29.53
INSPIRE,9.7,2026-06-12,-1.52,-8.92,-15.28,-9.35,-13.39,-52.68
SOLARWORLD,184.23,2026-06-12,0.8,-8.45,-15.31,12.37,-35.89,
PRAVEG,226.2,2026-06-12,1.55,-3.99,-15.31,,,
PAVNAIND,16.62,2026-06-12,1.4,-3.88,-15.33,-12.3,-39.61,-62.64
KESORAMIND,10.98,2026-06-12,-1.26,-11.59,-15.34,34.89,34.07,60.06
ZFSTEERING,642.3,2026-06-12,-0.75,-3.44,-15.38,,,
PENTAGON,55.0,2026-06-12,-2.65,-8.03,-15.38,-15.38,-23.61,-9.47
MACPOWER,995.15,2026-06-12,2.57,8.79,-15.41,7.19,-1.82,3.35
ELECTCAST,71.87,2026-06-12,-0.1,-6.17,-15.46,-9.24,0.49,-44.38
CROWN,111.48,2026-06-12,-0.64,1.91,-15.49,-6.15,-19.02,-41.05
AVPINFRA,72.0,2026-06-12,0.0,5.88,-15.49,-22.95,-42.79,-57.85
SHAH,4.73,2026-06-12,-0.84,-2.27,-15.54,-1.87,15.93,25.8
TIRUMALCHM,171.75,2026-06-12,2.39,-8.71,-15.59,-2.87,-26.25,-39.06
BALAXI,22.85,2026-06-12,-6.73,-12.15,-15.62,14.08,-23.99,-56.83
TRUST,31.0,2026-06-12,-1.74,2.82,-15.65,-2.82,-35.42,-57.75
GOLDKART,151.65,2026-06-12,0.0,0.0,-15.73,-38.35,-41.65,-26.58
HBSL,53.16,2026-06-12,-0.6,-1.97,-15.74,4.42,-28.73,-45.12
XELPMOC,86.17,2026-06-12,-3.21,-12.38,-15.76,-19.9,-35.22,-9.31
LCCINFOTEC,4.47,2026-06-12,4.44,6.94,-15.82,-17.53,3.71,-24.11
SUNREST,33.9,2026-06-12,-0.29,-7.88,-15.88,-18.02,-21.16,-32.2
SECURKLOUD,19.21,2026-06-12,-4.85,-3.08,-15.89,-15.0,-22.82,-20.91
AUROIMPEX,28.0,2026-06-12,-1.58,-0.88,-15.92,-6.04,-26.12,-47.17
GVKPIL,2.84,2026-06-12,-3.73,-5.02,-15.98,2.9,-11.53,-35.45
NEUEON,21.91,2026-06-12,0.0,-4.99,-16.05,51.73,319.73,319.73
COASTCORP,48.85,2026-06-12,2.28,0.23,-16.07,13.34,11.56,22.56
NAVA,584.25,2026-06-12,-0.32,-2.22,-16.24,1.52,3.51,5.91
LATTEYS,22.29,2026-06-12,-2.96,-5.91,-16.3,9.26,1.23,5.49
PHANTOMFX,165.0,2026-06-12,-4.35,-7.02,-16.33,-11.12,-33.29,-36.34
ASPIRE,13.8,2026-06-12,-5.48,-13.48,-16.36,13.58,-26.2,-64.2
ONGC,246.2,2026-06-12,-6.97,-6.85,-16.4,-9.0,5.87,4.7
AMEYA,107.35,2026-06-12,0.0,-0.6,-16.43,2.48,9.15,-13.71
INDOUS,89.17,2026-06-12,-7.13,-10.62,-16.44,-10.53,-29.84,-45.33
GEEKAYWIRE,22.1,2026-06-12,-2.3,1.1,-16.45,5.79,-32.0,-39.36
KARMAENG,41.41,2026-06-12,3.55,-7.59,-16.46,2.75,-20.26,-50.38
MAPMYINDIA,842.2,2026-06-12,0.16,0.2,-16.49,-12.91,-48.81,-52.34
BANG,31.73,2026-06-12,-14.73,-18.95,-16.59,-11.91,-34.94,-42.48
RNBDENIMS,10.74,2026-06-12,10.95,-6.53,-16.61,-71.58,-73.56,
SUMIT,38.54,2026-06-12,-4.15,-12.21,-16.67,18.88,-44.65,-59.2
SYSTANGO,220.05,2026-06-12,-3.17,-0.32,-16.68,-6.73,-37.87,-7.85
HALEOSLABS,1406.2,2026-06-12,3.65,-1.2,-16.8,11.43,1.4,18.97
RKEC,27.58,2026-06-12,-8.68,-11.12,-16.8,-31.03,-49.91,-66.43
RBMINFRA,304.35,2026-06-12,-5.72,4.07,-16.84,-6.54,-27.23,-37.11
TAPIFRUIT,49.85,2026-06-12,0.0,-4.96,-16.92,-12.31,-31.24,-38.76
TUNWAL,28.1,2026-06-12,-1.58,-4.91,-16.99,-6.49,-28.41,-10.07
VENKEYS,1393.2,2026-06-12,2.22,-2.8,-17.01,10.85,-1.94,-14.32
SEL,185.0,2026-06-12,-0.22,-7.96,-17.02,10.78,-15.91,-43.08
JSLL,612.2,2026-06-12,-0.33,24.38,-17.05,2.33,-13.68,42.6
ARIS,120.13,2026-06-12,5.81,5.46,-17.09,9.88,-4.32,
FIDEL,160.0,2026-06-12,5.96,-1.39,-17.1,28.62,7.42,-27.68
PFOCUS,239.27,2026-06-12,-3.33,4.76,-17.15,-12.82,19.1,89.85
KALPATARU,314.15,2026-06-12,0.48,-2.86,-17.17,4.89,-10.19,
AWFIS,303.05,2026-06-12,1.97,-4.78,-17.29,5.91,-38.67,-53.93
FLAIR,270.45,2026-06-12,-5.12,-6.84,-17.29,-9.31,-9.48,3.42
MEDICAMEQ,229.55,2026-06-12,2.71,-15.01,-17.37,-16.59,-43.33,-45.0
EMAMIREAL,83.5,2026-06-12,-0.5,-2.65,-17.44,43.62,-2.52,-24.29
REMSONSIND,88.86,2026-06-12,7.37,-3.4,-17.54,-15.57,-24.67,-35.61
BHANDARI,3.0,2026-06-12,-2.91,-5.36,-17.58,14.5,-26.65,-46.91
SANGANI,44.75,2026-06-12,-0.56,-8.86,-17.59,2.52,-23.37,-38.45
RVNL,233.26,2026-06-12,2.2,-3.44,-17.66,-16.57,-25.46,-43.04
SABEVENTS,7.28,2026-06-12,1.68,-12.61,-17.74,-49.72,-6.67,16.85
QUICKHEAL,170.62,2026-06-12,-2.27,-2.29,-17.75,10.21,-39.3,-51.6
INNOVATIVE,74.0,2026-06-12,-3.83,-10.95,-17.78,-11.11,-31.67,4.23
NEPHROCARE,69.6,2026-06-12,-5.95,-3.93,-18.12,-0.57,-40.03,-46.77
ABAN,15.35,2026-06-12,0.0,-4.95,-18.39,-40.5,-49.57,-71.62
VISHWAS,44.7,2026-06-12,-4.89,-11.13,-18.43,20.81,7.45,-26.72
ADVENTHTL,129.83,2026-06-12,1.32,-3.21,-18.44,-23.84,-41.67,
INFOLLION,174.05,2026-06-12,-2.49,-6.37,-18.53,-41.98,-57.81,-63.44
BONLON,42.83,2026-06-12,4.67,-5.62,-18.56,7.08,,
MOXSH,114.0,2026-06-12,-4.88,4.11,-18.57,-1.94,30.43,321.44
ANSALAPI,3.41,2026-06-12,-4.48,-10.26,-18.62,-6.83,-1.45,-16.83
HIGREEN,122.7,2026-06-12,-1.64,2.63,-18.66,-2.23,-9.14,-45.03
CIFL,23.17,2026-06-12,-0.13,-3.82,-18.7,-16.83,-33.88,-43.21
SCODATUBES,123.15,2026-06-12,1.86,2.44,-18.73,0.08,-21.67,-33.83
SEYAIND,12.93,2026-06-12,-6.64,-12.69,-18.78,42.87,-30.3,-31.51
SATIA,54.54,2026-06-12,0.41,-2.38,-18.79,-12.48,-18.94,-34.27
MARSONS,117.46,2026-06-12,-2.44,-12.43,-18.85,,,
DIGIDRIVE,17.95,2026-06-12,-1.91,-5.08,-19.07,-15.37,-32.47,-42.25
SUMEETINDS,24.26,2026-06-12,3.54,-14.61,-19.13,-17.6,-23.57,28.86
RADIOWALLA,26.85,2026-06-12,-5.79,-9.6,-19.13,-44.06,-56.69,-56.06
ODIGMA,21.52,2026-06-12,2.82,-3.58,-19.19,-5.99,-33.31,-47.99
LAKPRE,5.0,2026-06-12,-0.99,-6.89,-19.35,2.25,-0.6,0.81
BAJAJELEC,310.95,2026-06-12,1.48,-1.38,-19.35,-18.88,-34.73,-53.73
MANORG,470.5,2026-06-12,-0.35,-14.23,-19.43,12.98,-2.49,-17.64
ESCONET,109.95,2026-06-12,-7.61,-11.12,-19.45,-9.73,-25.43,-49.43
YUDIZ,22.15,2026-06-12,-10.32,-9.59,-19.6,-22.42,-20.89,-26.17
PRATHAM,117.25,2026-06-12,1.25,-9.81,-19.69,-8.4,-21.15,-22.07
SHARDACROP,923.35,2026-06-12,6.38,1.84,-19.69,-10.63,1.27,14.63
BEACON,84.05,2026-06-12,-4.71,-0.53,-19.76,3.89,-8.04,40.91
PINELABS,150.57,2026-06-12,5.48,4.67,-19.91,-8.64,-36.51,
GALLANTT,654.35,2026-06-12,5.36,0.08,-19.92,18.62,10.5,40.73
DMCC,244.8,2026-06-12,-0.29,-6.28,-20.1,8.4,-6.19,-8.11
WINNY,39.35,2026-06-12,0.0,4.79,-20.51,-30.96,-47.53,-75.41
LAXMIINDIA,104.65,2026-06-12,1.75,-4.31,-20.56,25.13,-20.51,
AGARWALFT,30.05,2026-06-12,0.0,-9.62,-20.61,3.8,-24.5,-43.09
LEXUS,15.2,2026-06-12,-6.75,-13.19,-20.63,-58.38,-43.85,-56.99
MARC,73.5,2026-06-12,-4.42,-13.58,-20.63,13.25,,
JAIBALAJI,65.85,2026-06-12,-1.45,-7.03,-20.64,-1.07,8.88,-36.62
BEWLTD,64.65,2026-06-12,4.19,-0.31,-21.01,-27.48,-47.03,-62.35
MAXPOSURE,31.7,2026-06-12,-5.37,-6.76,-21.14,-5.37,-32.7,-44.43
ABINFRA,10.82,2026-06-12,4.54,-3.48,-21.31,-36.39,-44.34,-27.29
SONUINFRA,43.1,2026-06-12,-6.1,-7.21,-21.35,-18.68,-48.72,-67.52
UNIVPHOTO,358.7,2026-06-12,-3.74,-12.97,-21.37,-29.53,49.3,40.37
AMBEY,22.5,2026-06-12,-1.32,-10.0,-21.6,8.17,-43.75,-44.79
PRESSTONIC,30.0,2026-06-12,-5.51,-7.12,-21.67,-35.48,-53.16,-70.96
NIITMTS,212.93,2026-06-12,-5.36,-3.29,-21.83,-30.55,-47.18,-39.84
AVANTIFEED,1060.1,2026-06-12,-0.81,-8.49,-21.9,-15.19,31.35,43.28
BALAJITELE,88.35,2026-06-12,3.06,-2.08,-21.9,-9.13,-18.83,-5.84
BILVYAPAR,3.99,2026-06-12,-5.23,-16.35,-21.92,-38.43,-46.44,-72.04
ABANSENT,27.44,2026-06-12,1.97,6.85,-22.24,,,
KCEIL,86.8,2026-06-12,-5.19,-10.01,-22.26,-28.76,-42.82,-70.4
ARISTO,94.8,2026-06-12,0.53,-13.66,-22.3,9.85,-17.17,-19.33
REFRACTORY,31.0,2026-06-12,-3.12,1.97,-22.31,-16.22,-42.7,-45.52
DPSCLTD,7.51,2026-06-12,-1.7,-8.97,-22.34,-13.28,-26.66,-45.9
VERTEXPLUS,56.65,2026-06-12,-14.17,-18.49,-22.56,-51.14,-51.58,-41.02
AUSOMENT,114.7,2026-06-12,-2.99,-11.35,-23.07,13.33,5.14,1.27
MARCO,31.5,2026-06-12,-4.4,-9.09,-23.17,-3.08,-23.73,-28.25
BCONCEPTS,178.37,2026-06-12,-6.15,-11.81,-23.29,-26.52,-41.73,-49.71
FILATFASH,0.19,2026-06-12,0.0,-17.39,-24.0,5.56,-52.5,-64.15
KAYNES,3076.9,2026-06-12,1.63,-0.75,-24.01,-16.85,-27.87,-43.82
SARTELE,111.25,2026-06-12,-9.48,-17.47,-24.19,-40.12,-49.54,-54.54
PRLIND,46.95,2026-06-12,2.62,-11.91,-24.21,-13.77,-39.46,-54.62
SHREEOSFM,52.9,2026-06-12,1.93,-3.47,-24.32,-26.98,-37.76,-53.27
DELPHIFX,8.93,2026-06-12,-1.33,7.07,-24.64,-19.91,-46.65,8.32
CALSOFT,19.95,2026-06-12,0.45,-5.32,-24.75,57.09,25.16,53.11
MEP,0.82,2026-06-12,-4.65,-9.89,-24.77,-13.68,-61.14,-65.55
FIBERWEB,27.84,2026-06-12,-1.21,-2.42,-24.78,-24.82,-23.31,-46.62
COMFINTE,5.94,2026-06-12,-1.33,-3.73,-24.81,,,
WEWIN,50.0,2026-06-12,-12.63,-11.89,-25.14,20.83,8.74,-11.3
FLFL,1.34,2026-06-12,-1.47,-4.29,-25.56,5.51,-8.22,-18.29
SIMBHALS,6.89,2026-06-12,-1.99,-13.55,-25.75,-15.56,-29.48,-63.81
GIRIRAJ,139.5,2026-06-12,-7.0,-5.74,-25.8,-3.59,-11.51,-46.47
ZAGGLE,208.8,2026-06-12,6.35,1.7,-26.08,-7.04,-40.03,-52.52
NATCOPHARM,863.9,2026-06-12,-0.51,-7.44,-26.91,-14.99,-4.45,-5.98
MEDIORG,19.4,2026-06-12,-7.62,-10.19,-26.93,-15.47,-25.38,-57.03
MADHAVBAUG,180.0,2026-06-12,-3.64,-0.72,-26.98,-12.83,-34.55,11.63
MEGATHERM,192.5,2026-06-12,-13.44,-9.73,-27.45,-6.07,-15.57,-45.05
VISASTEEL,39.95,2026-06-12,-14.01,-26.84,-28.15,14.96,-18.3,34.56
EMPOWER,1.92,2026-06-12,-6.8,-15.04,-28.62,,,
SETUINFRA,0.42,2026-06-12,-4.55,-22.22,-28.81,7.69,-12.5,-54.35
MAL,29.05,2026-06-12,-9.22,-21.17,-29.32,-20.41,-41.9,-51.86
DUGLOBAL,31.35,2026-06-12,-5.29,-16.06,-29.55,-17.39,2.79,-33.37
KANDARP,106.95,2026-06-12,-27.42,-30.1,-29.64,-23.61,-14.44,20.17
DIGIKORE,51.25,2026-06-12,-8.48,-6.99,-30.08,-35.86,-35.21,-68.7
TAC,355.25,2026-06-12,-3.02,-4.1,-30.9,-21.09,-55.81,-68.02
RAJESHEXPO,76.41,2026-06-12,-18.54,-32.03,-31.32,-32.94,-60.25,-61.91
SAIFL,5.05,2026-06-12,-0.98,-4.72,-32.67,-46.56,-54.09,-76.12
BLUEPEBBLE,72.5,2026-06-12,-22.79,-25.64,-33.36,-31.08,-28.92,-60.81
SLONE,114.7,2026-06-12,-18.65,-30.48,-33.8,-38.99,-57.51,-57.65
RMC,300.15,2026-06-12,-3.84,-18.71,-34.79,,,
SHYAMTEL,14.91,2026-06-12,-7.68,-16.38,-35.51,49.7,16.12,9.71
OSIAHYPER,3.09,2026-06-12,-5.21,-10.69,-35.76,-53.81,-83.15,-85.28
VPRPL,26.44,2026-06-12,-9.95,-30.27,-36.32,-34.38,-63.69,-84.33
WALPAR,23.2,2026-06-12,-9.9,-26.35,-36.44,-49.01,-45.09,-55.17
RITEZONE,17.2,2026-06-12,0.0,-11.79,-37.0,-3.1,-21.1,-29.51
NEWJAISA,15.4,2026-06-12,-0.32,-22.22,-37.27,-18.3,-47.08,-65.16
IEML,45.45,2026-06-12,-3.71,13.91,-38.71,-35.07,-52.08,-71.42
JAINREC,326.3,2026-06-12,-3.83,-11.58,-39.77,-23.86,-14.76,
GRMOVER,93.23,2026-06-12,-23.43,-39.61,-41.04,-40.73,-37.97,-17.3
SCML,78.0,2026-06-12,-1.89,1.3,-42.16,-39.06,-47.65,-4.29
GICL,22.22,2026-06-12,-1.9,-46.87,-43.4,-48.91,-53.61,-80.56
OWAIS,94.2,2026-06-12,-2.69,-22.82,-46.06,-12.45,-68.56,-86.56
TECHLABS,128.9,2026-06-12,-18.5,-28.25,-46.5,-44.84,-58.59,-74.54
PARSVNATH,3.32,2026-06-12,-7.26,-15.52,-47.13,-53.95,-73.69,-81.83
RAJTV,11.75,2026-06-12,-6.75,-23.65,-48.19,-70.01,-71.07,-74.53
PRAMARA,142.3,2026-06-12,-3.66,14.94,-58.21,-59.35,-59.37,-16.22
LEMERITE,26.07,2026-06-12,-6.86,-27.88,-70.23,-70.46,-74.63,-58.39
