ticker,last_close,last_date,1W,2W,1M,3M,6M,12M
NV20,11825.15,2026-06-08,83885.44,83058.58,82941.79,80070.51,7557.29,7866.82
HITECHCORP,305.85,2026-06-08,14.81,83.36,117.53,142.64,80.82,59.73
MODISONLTD,344.6,2026-06-08,15.33,64.66,107.52,163.76,142.56,118.31
GTECJAINX,38.35,2026-06-08,91.56,108.54,93.1,104.75,63.12,60.8
SSFL,175.75,2026-06-05,2.72,18.67,76.1,37.3,21.21,6.39
VENUSREM,1695.4,2026-06-08,26.14,49.22,68.4,140.53,122.23,294.28
COCKERILL,9101.5,2026-06-08,20.7,39.08,64.27,,,
YASHO,2475.2,2026-06-08,13.01,17.27,59.53,58.22,58.94,21.08
VMARCIND,1513.95,2026-06-05,7.77,31.16,57.47,114.97,136.13,376.08
STLTECH,588.3,2026-06-08,4.5,27.01,56.48,224.49,513.9,676.12
SASKEN,2131.5,2026-06-08,-6.11,10.76,56.47,90.52,76.81,48.38
BLISSGVS,419.6,2026-06-08,4.26,32.14,55.61,96.18,161.62,209.1
CLCIND,40.37,2026-06-08,27.59,33.94,54.97,191.69,-85.58,-85.58
ACCORD,67.55,2026-06-05,15.67,21.38,54.58,165.94,182.05,189.91
DEEM,52.6,2026-06-05,-5.82,54.71,51.59,32.66,10.04,-20.24
HOACFOODS,666.0,2026-06-05,16.69,20.44,50.34,94.71,91.1,267.96
DEEDEV,704.7,2026-06-08,13.1,28.14,50.18,151.5,242.84,154.82
KSHITIJPOL,6.24,2026-06-08,25.81,51.82,50.0,160.0,177.33,84.07
JAYBARMARU,140.76,2026-06-08,22.74,16.44,49.11,48.25,72.5,81.48
BAFNAPH,193.97,2026-06-08,40.06,42.79,46.95,72.89,38.27,162.37
SVLL,849.15,2026-06-08,35.68,52.08,46.41,52.71,25.27,9.1
MDL,68.0,2026-06-05,28.54,36.0,45.61,44.68,-20.0,-35.21
IMPEXFERRO,2.42,2026-06-08,22.22,32.24,44.91,49.38,30.81,12.04
PANACEABIO,552.9,2026-06-08,38.9,31.94,42.23,72.54,69.19,23.55
CLEDUCATE,56.46,2026-06-08,27.56,21.34,41.79,21.42,-29.26,-38.76
CONFIPET,77.4,2026-06-08,21.95,26.43,41.45,160.34,123.51,30.12
UFBL,541.95,2026-06-08,13.11,7.78,41.06,128.15,206.9,73.76
SAKAR,767.6,2026-06-08,-8.15,-4.17,40.71,45.39,110.39,141.16
BALAMINES,2090.9,2026-06-08,19.36,8.85,40.59,100.2,90.29,42.15
NIBE,1469.2,2026-06-08,-3.43,4.18,38.93,48.42,47.54,-12.29
COFFEEDAY,36.51,2026-06-08,-4.55,44.59,38.66,34.67,14.42,21.42
GOCOLORS,405.3,2026-06-08,24.71,23.15,38.26,37.09,-14.03,-53.45
JARO,549.9,2026-06-08,-4.06,-4.9,38.08,23.75,1.49,
RUBYMILLS,328.3,2026-06-08,30.98,20.21,37.73,53.0,58.52,51.86
RPEL,1090.25,2026-06-08,14.49,14.61,37.21,59.17,13.63,53.38
INDOBORAX,371.45,2026-06-08,8.2,11.33,36.97,51.06,49.87,90.09
IZMO,963.25,2026-06-08,22.18,38.79,36.85,42.21,21.03,215.87
RAMCOSYS,563.0,2026-06-08,25.94,16.26,36.62,38.96,-6.53,22.09
CPPLUS,3423.6,2026-06-08,9.52,33.94,36.49,104.96,128.39,
PASUPTAC,74.34,2026-06-08,7.32,29.24,36.15,54.07,42.66,52.65
BLUECHIP,2.45,2026-06-08,5.15,12.9,36.11,-7.89,-25.08,-55.94
ONELIFECAP,26.31,2026-06-08,0.34,-0.15,36.11,71.96,69.31,107.33
AGRITECH,152.16,2026-06-08,39.25,40.29,35.88,39.81,19.98,-4.1
NRBBEARING,428.35,2026-06-08,18.95,10.93,35.62,65.21,58.01,66.65
ANTELOPUS,898.75,2026-06-08,10.47,23.06,35.54,51.48,142.19,49.18
FCL,38.14,2026-06-08,-6.73,-2.28,35.49,74.08,52.87,50.81
INSPIRISYS,118.44,2026-06-08,-5.64,-0.7,34.76,42.7,35.59,11.83
BBOX,1006.2,2026-06-08,-3.86,3.08,34.45,96.47,92.8,79.9
GLOBALPET,158.05,2026-06-05,0.03,7.77,34.23,51.97,26.44,15.36
SPECTRUM,1680.2,2026-06-08,15.86,20.52,34.16,18.1,53.81,2.33
WINSOME,2.6,2026-06-05,6.12,13.54,34.02,52.94,29.35,43.65
RAIN,192.6,2026-06-08,1.0,7.61,33.92,44.89,89.79,32.45
DECNGOLD,161.55,2026-06-08,-2.04,8.96,33.59,,,
BROOKS,66.66,2026-06-08,-2.76,18.17,33.51,9.28,-30.01,-49.85
GVPIL,862.4,2026-06-08,4.93,12.23,33.43,91.09,170.39,216.3
ORTINGLOBE,19.92,2026-06-08,32.71,26.88,32.89,17.45,22.13,72.77
MOS,16.6,2026-06-05,12.16,19.86,32.8,-11.47,-26.87,-94.03
BLUSPRING,91.0,2026-06-08,11.08,34.12,32.17,74.87,39.74,
FONEBOX,85.0,2026-06-05,-4.76,-14.36,31.78,13.11,-13.57,-3.41
OCCLLTD,134.42,2026-06-08,17.67,17.91,31.57,63.61,49.09,34.16
SKMEGGPROD,241.34,2026-06-08,17.05,32.69,31.37,56.5,25.6,114.95
NRL,74.45,2026-06-08,11.34,38.56,31.21,41.97,29.25,-15.95
IOLCP,126.92,2026-06-08,0.83,2.35,30.99,71.56,56.8,44.96
SANGINITA,32.2,2026-06-08,10.31,19.35,30.79,150.19,226.57,213.53
KPL,2270.8,2026-06-08,2.34,1.69,30.22,,,
SUPRIYA,919.1,2026-06-08,-12.67,19.96,30.06,46.38,27.56,33.3
SANDHAR,693.35,2026-06-08,2.49,-1.74,29.61,39.2,30.86,36.12
THANGAMAYL,5491.7,2026-06-08,28.19,43.6,29.32,48.62,73.91,188.83
SIGMAADV,416.65,2026-06-08,-2.29,13.53,29.05,160.19,121.73,351.21
ALKALI,87.06,2026-06-08,-10.43,21.83,29.0,41.35,10.99,-13.31
PNBGILTS,92.83,2026-06-08,20.29,17.09,28.45,20.36,15.07,-7.65
IDEA,14.4,2026-06-08,3.23,2.56,28.11,43.14,39.94,108.09
NINSYS,716.4,2026-06-08,-2.48,9.28,27.93,134.89,78.52,60.23
HMVL,84.65,2026-06-08,18.09,32.43,27.22,28.57,35.05,-5.87
SAREGAMA,456.9,2026-06-08,-0.62,14.91,26.78,41.78,31.33,-19.47
BHAGERIA,210.93,2026-06-08,37.75,36.51,26.7,38.5,20.93,12.2
EXICOM,150.53,2026-06-08,-5.1,-0.96,26.12,70.38,44.95,-18.68
ASIANENE,376.6,2026-06-08,7.31,5.12,26.08,31.91,40.6,22.04
HFCL,177.87,2026-06-08,-2.42,9.23,26.01,155.41,167.51,94.84
NOIDATOLL,4.73,2026-06-08,-15.08,-30.65,25.46,22.22,3.73,20.36
TERASOFT,436.35,2026-06-08,5.36,28.02,25.35,14.62,-6.66,63.17
E2E,430.3,2026-06-08,4.48,16.24,25.29,86.25,112.7,57.56
APOLLO,407.0,2026-06-08,0.71,-0.29,25.29,84.77,63.59,98.73
BOROSCI,150.95,2026-06-08,0.2,9.31,25.15,45.92,24.22,9.62
PREMEXPLN,688.05,2026-06-08,6.91,-3.72,25.02,35.56,36.94,16.06
AHLWEST,576.3,2026-06-08,4.35,-11.32,24.88,299.79,299.79,299.79
ACMESOLAR,352.25,2026-06-08,14.66,17.18,24.56,54.23,67.69,40.55
GUFICBIO,376.7,2026-06-08,8.65,15.89,24.55,34.95,8.62,2.36
WELSPLSOL,54.68,2026-06-08,30.72,27.46,24.47,,,
KHFM,62.25,2026-06-05,-3.94,7.98,24.38,-1.89,-11.64,-21.2
NIITLTD,93.03,2026-06-08,14.09,34.92,24.22,42.71,4.95,-30.33
GPECO,461.6,2026-06-05,4.84,4.18,23.92,33.14,-7.25,32.28
VINSYS,402.7,2026-06-05,5.57,23.21,23.91,26.77,-3.2,0.07
SOTL,543.45,2026-06-08,29.35,28.07,23.84,53.37,54.06,29.35
VELJAN,1267.7,2026-06-08,20.68,21.47,23.68,,,
RUBICON,1181.4,2026-06-08,0.88,25.08,23.6,54.26,92.04,
TATATECH,779.6,2026-06-08,9.07,15.1,23.56,35.23,19.78,4.41
ZEELEARN,7.55,2026-06-08,13.7,23.77,23.37,35.55,8.32,-23.97
EMMVEE,330.05,2026-06-08,8.6,13.71,23.24,70.9,62.9,
BIRLACABLE,212.71,2026-06-08,4.47,26.98,23.14,52.93,60.62,17.23
OLAELEC,44.43,2026-06-08,12.4,17.26,23.14,84.59,30.26,-8.71
ASTRAMICRO,1412.2,2026-06-08,7.29,14.29,23.08,36.04,60.42,25.02
MAHESHWARI,66.58,2026-06-08,15.95,22.19,22.93,62.11,37.73,13.39
MOTOGENFIN,28.98,2026-06-08,15.64,3.09,22.74,37.22,18.43,8.34
VETO,140.56,2026-06-08,14.88,24.27,22.66,37.74,30.1,8.45
RSWM,204.37,2026-06-08,16.73,17.6,22.5,39.96,35.74,17.64
RCDL,27.0,2026-06-05,10.2,-3.57,22.45,10.2,28.88,17.8
VADILALIND,5632.9,2026-06-08,7.1,28.91,22.37,10.41,8.54,3.81
EMKAY,277.86,2026-06-08,27.37,23.91,22.24,21.16,-0.19,17.29
TCIFINANCE,17.43,2026-06-08,31.85,30.37,22.06,23.35,56.46,42.05
NEPHROPLUS,665.05,2026-06-08,4.47,7.25,22.04,17.95,,
PALREDTEC,47.0,2026-06-08,0.53,5.86,21.95,60.08,23.52,-18.98
SHILPAMED,532.5,2026-06-08,6.66,3.97,21.85,59.86,64.61,16.6
STYLAMIND,3101.3,2026-06-08,4.84,8.67,21.72,39.23,47.47,83.22
WEWORK,648.1,2026-06-08,6.05,12.99,21.55,43.91,9.8,
NOVARTIND,1351.3,2026-06-08,-10.46,-0.65,21.47,101.01,101.01,101.01
AAKASH,9.85,2026-06-08,10.18,10.18,21.46,0.61,11.3,18.11
ACUTAAS,3316.2,2026-06-08,9.85,13.42,21.28,47.34,100.86,191.06
MANCREDIT,206.18,2026-06-08,-2.99,22.32,21.15,23.39,22.44,9.43
RANEHOLDIN,1424.4,2026-06-08,-0.98,1.95,21.15,17.62,8.26,-6.16
SURYALA,441.5,2026-06-08,-8.39,18.08,20.66,,,
GOCLCORP,396.35,2026-06-08,1.51,14.4,20.25,59.43,38.46,28.63
FAZE3Q,545.3,2026-06-08,-1.21,7.63,20.24,20.2,22.11,-6.96
KSHINTL,749.8,2026-06-08,-7.79,7.88,20.04,102.05,,
UCL,155.75,2026-06-05,0.0,0.0,19.99,107.94,224.48,205.39
KDDL,2944.8,2026-06-08,9.01,5.42,19.89,21.67,27.95,12.17
PAISALO,59.34,2026-06-08,12.26,18.99,19.85,77.45,63.34,87.44
SHADOWFAX,203.1,2026-06-08,6.2,1.62,19.84,69.32,,
ORCHPHARMA,842.55,2026-06-08,8.42,17.78,19.77,65.68,-0.23,17.32
TATACOMM,1905.8,2026-06-08,-1.89,-1.56,19.69,30.83,5.19,12.91
SETCO,17.22,2026-06-08,10.24,19.24,19.65,72.98,99.82,74.32
TIMEX,441.85,2026-06-08,-1.81,15.82,19.6,,,
SANSTAR,114.14,2026-06-08,1.43,9.78,19.57,34.92,32.03,27.54
MARKSANS,236.06,2026-06-08,-1.1,7.17,19.37,38.01,28.15,-5.98
SJLOGISTIC,380.75,2026-06-05,16.54,18.71,19.28,29.02,1.12,-25.03
HESTERBIO,1963.2,2026-06-08,-2.67,3.62,19.25,33.18,22.59,6.1
KERNEX,1887.0,2026-06-08,2.74,28.89,19.14,81.97,94.88,53.24
FERMENTA,343.85,2026-06-08,14.2,12.98,19.12,,,
BGRENERGY,332.85,2026-06-08,-1.26,11.12,19.09,3.68,-12.15,189.06
EFFWA,322.85,2026-06-05,15.53,20.99,19.04,61.43,30.16,36.25
HARIOMPIPE,405.35,2026-06-08,0.8,-1.9,18.84,15.55,17.42,-4.36
SAMMAANCAP,176.73,2026-06-08,-0.35,4.85,18.79,24.11,24.96,39.66
ATLANTAELE,1954.6,2026-06-08,-1.46,14.72,18.74,112.87,136.06,
UNIDT,240.74,2026-06-08,1.5,4.42,18.71,33.86,24.87,28.66
HOLMARC,109.55,2026-06-05,1.95,5.64,18.69,15.32,2.57,-14.02
ADANIENT,2970.0,2026-06-08,2.08,4.22,18.52,45.6,34.01,17.25
SPECTSTM,70.0,2026-06-05,-0.07,21.21,18.24,4.01,-12.5,-42.17
BHARATCOAL,39.08,2026-06-08,2.49,8.47,18.1,18.53,,
GLAND,2247.8,2026-06-08,-1.95,-3.68,18.03,34.68,32.25,38.17
NPST,1468.3,2026-06-08,22.05,42.39,18.0,39.07,3.09,-30.82
MINDACORP,633.6,2026-06-08,2.39,8.24,17.88,21.62,8.96,13.46
WOCKPHARMA,1892.9,2026-06-08,-12.08,15.59,17.83,45.65,43.9,25.74
MODINATUR,440.45,2026-06-08,-7.24,-4.33,17.7,55.33,,
FILATEX,52.48,2026-06-08,16.42,21.01,17.69,29.1,5.34,-6.64
SPARC,203.6,2026-06-08,3.68,-12.61,17.63,64.25,45.48,22.98
RATEGAIN,745.75,2026-06-08,-4.04,2.74,17.49,55.41,12.97,67.58
KODYTECH,862.65,2026-06-05,3.22,-4.15,17.08,7.95,-18.04,-3.57
IBULLSLTD,23.32,2026-06-08,5.62,16.83,17.01,144.19,29.13,48.25
ELECTHERM,886.45,2026-06-08,-5.83,14.97,16.87,33.39,11.76,-14.36
SEDEMAC,2366.7,2026-06-08,7.51,14.64,16.81,,,
ZEEL,111.09,2026-06-08,15.97,34.36,16.8,35.79,18.6,-10.4
JETFREIGHT,22.66,2026-06-08,5.1,11.52,16.68,25.82,20.02,47.72
DCMFINSERV,5.68,2026-06-08,-7.04,9.65,16.63,38.54,6.97,-17.2
MCLEODRUSS,69.5,2026-06-08,-9.56,-5.97,16.61,82.51,58.21,97.28
DREDGECORP,1111.3,2026-06-08,-1.86,3.57,16.55,13.89,10.41,40.54
MOLDTKPAC,687.1,2026-06-08,-0.42,-2.37,16.47,20.51,20.42,-0.76
JNKINDIA,418.35,2026-06-08,17.28,10.15,16.31,81.51,95.06,21.12
PRECOT,720.35,2026-06-08,-5.55,-5.53,16.12,64.05,59.74,30.19
GRINDWELL,1955.6,2026-06-08,5.82,1.01,16.07,24.66,27.24,7.23
ADANIENSOL,1570.4,2026-06-08,4.94,11.83,16.02,58.23,63.5,77.63
ATGL,734.2,2026-06-08,0.05,11.39,15.98,52.12,27.23,8.02
BCG,11.12,2026-06-08,10.87,2.11,15.95,12.89,0.18,8.49
SHEETAL,295.5,2026-06-05,0.17,-0.32,15.88,24.16,100.95,116.84
ELPROINTL,166.77,2026-06-08,-0.13,0.07,15.84,,,
SPORTKING,174.72,2026-06-08,-5.9,5.31,15.83,58.4,102.04,50.09
PGHL,6199.5,2026-06-08,2.25,8.27,15.77,26.84,13.24,15.66
DCM,95.08,2026-06-08,12.18,7.76,15.75,34.2,3.64,-7.74
AVALON,1605.1,2026-06-08,10.56,6.21,15.72,72.54,86.0,85.27
ZYDUSLIFE,1087.6,2026-06-08,-0.33,1.37,15.7,19.12,17.63,14.57
DENEERS,221.1,2026-06-05,8.81,-6.96,15.61,53.28,36.52,-31.49
HIRECT,1081.2,2026-06-08,-0.85,11.15,15.61,48.43,48.38,65.92
SFL,671.35,2026-06-08,10.69,5.72,15.58,28.44,14.05,4.36
SOUTHWEST,249.65,2026-06-08,-3.16,1.7,15.53,31.5,27.6,69.95
HONASA,414.9,2026-06-08,2.99,6.04,15.49,42.68,61.82,29.66
VSCL,26.5,2026-06-05,10.19,26.79,15.47,6.0,29.9,-24.61
QFIL,46.05,2026-06-05,4.9,15.41,15.41,-14.72,-24.51,-39.05
MTEDUCARE,1.8,2026-06-08,14.65,11.11,15.38,22.45,-3.23,-21.4
SANSERA,2905.9,2026-06-08,3.55,0.02,15.32,32.22,78.34,115.47
IDEAFORGE,938.75,2026-06-08,16.53,15.23,15.3,112.8,121.53,58.75
IPSL,254.65,2026-06-05,27.32,27.32,15.17,-0.78,-15.12,-5.68
PRIZOR,779.6,2026-06-05,12.72,20.25,15.16,102.52,196.14,276.25
VIPCLOTHNG,25.99,2026-06-08,-0.5,-1.03,15.1,38.91,-22.12,-38.38
UTLSOLAR,312.8,2026-06-08,2.69,10.22,14.98,70.99,56.45,
SHAILY,3079.1,2026-06-08,-2.09,11.93,14.93,60.91,25.78,75.69
SBCL,731.6,2026-06-08,0.11,4.85,14.91,72.36,68.83,51.63
PROV,1551.0,2026-06-05,-3.06,-4.55,14.89,29.68,21.17,58.02
PARACABLES,63.33,2026-06-08,4.56,-3.09,14.87,93.61,80.38,16.29
RELINFRA,85.84,2026-06-08,27.59,33.96,14.87,-8.66,-41.59,-76.91
SILVERTUC,187.77,2026-06-08,6.25,28.86,14.75,32.89,-74.14,-75.6
DIACABS,198.24,2026-06-08,8.33,0.84,14.69,46.49,39.64,95.73
AGSTRA,2.97,2026-06-08,26.38,32.59,14.67,-8.33,-33.41,-42.88
VIYASH,251.8,2026-06-08,0.56,-3.51,14.66,24.12,29.0,34.04
CHEMCON,197.9,2026-06-08,7.29,6.29,14.55,30.16,3.14,2.24
SKIPPER,533.95,2026-06-08,-2.45,11.16,14.53,54.28,21.84,9.72
IFCI,73.8,2026-06-08,9.79,19.51,14.51,35.19,55.6,11.77
HONAUT,34540.0,2026-06-08,-1.51,0.39,14.48,15.27,0.85,-11.35
STOVEKRAFT,625.95,2026-06-08,0.81,12.99,14.46,31.16,9.93,8.22
CEMPRO,1094.4,2026-06-08,1.92,24.37,14.46,93.48,38.58,46.71
AIAENG,4545.5,2026-06-08,0.5,14.42,14.44,23.7,24.21,30.48
JINDRILL,612.2,2026-06-08,1.52,-2.69,14.41,12.91,20.32,-1.82
LAURUSLABS,1404.7,2026-06-08,1.17,3.57,14.36,37.02,40.04,119.18
MAYURUNIQ,719.6,2026-06-08,-2.06,-3.77,14.33,39.24,46.41,24.98
ATMASTCO,172.05,2026-06-05,1.74,-4.42,14.32,17.8,2.02,-16.64
SEMAC,352.4,2026-06-08,10.44,12.82,14.3,57.55,16.82,-8.29
AIMTRON,1270.9,2026-06-05,6.84,11.15,14.28,66.11,54.39,125.62
MANUGRAPH,16.33,2026-06-08,4.88,4.15,14.2,15.41,2.13,-25.74
SUNDRMBRAK,731.85,2026-06-08,4.97,-3.32,14.0,23.05,6.06,-14.74
CAPLIPOINT,2111.0,2026-06-08,5.61,1.79,13.95,27.05,9.73,1.18
CNL,719.2,2026-06-08,13.58,9.81,13.81,9.68,6.45,3.89
VILINBIO,48.65,2026-06-05,3.95,2.21,13.8,41.22,149.49,80.52
GULPOLY,213.38,2026-06-08,16.58,18.91,13.78,36.51,58.88,13.79
VGL,69.16,2026-06-08,4.09,6.2,13.77,7.21,1.51,-5.21
SICALLOG,75.85,2026-06-08,17.31,16.69,13.75,17.36,-9.05,-24.08
BLSE,227.53,2026-06-08,2.0,7.3,13.67,73.07,8.69,8.7
NITTAGELA,1443.9,2026-06-08,-12.43,-8.78,13.55,,,
DBSTOCKBRO,31.55,2026-06-08,-5.65,0.13,13.53,21.63,26.2,6.41
INDSWFTLAB,156.74,2026-06-08,-4.54,18.58,13.45,14.54,71.58,69.14
REFEX,298.3,2026-06-08,-3.05,4.98,13.42,36.59,-5.94,-40.08
NGLFINE,2653.3,2026-06-08,-3.16,-7.19,13.35,10.33,106.26,150.72
PARKHOSPS,283.05,2026-06-08,3.28,1.42,13.33,39.38,,
ARVIND,492.8,2026-06-08,2.85,2.19,13.29,43.44,51.93,39.73
GENSOL,24.92,2026-06-08,25.86,32.06,13.27,4.09,-7.91,-54.4
SHBAJRG,200.42,2026-06-08,17.06,27.14,13.23,,,
THACKER,1322.8,2026-06-08,10.6,11.65,13.23,,,
GANESHBE,107.88,2026-06-08,14.75,8.09,13.15,34.93,37.41,-0.94
DTL,130.0,2026-06-05,-3.7,0.0,13.04,18.18,-15.03,-18.75
QUADPRO,2.2,2026-06-05,7.32,2.33,12.82,-4.35,-18.52,-29.03
OMNI,493.1,2026-06-08,-0.41,14.83,12.59,159.34,,
STEELXIND,12.02,2026-06-08,-6.02,15.91,12.55,40.91,43.95,44.12
RILINFRA,37.75,2026-06-05,-0.79,9.1,12.52,12.18,7.4,-26.13
CENTENKA,496.7,2026-06-08,2.11,-1.88,12.5,19.04,19.24,8.78
SOLARINDS,18114.0,2026-06-08,-0.49,-1.43,12.47,19.55,45.66,9.69
SAIPARENT,550.9,2026-06-08,7.55,12.47,12.46,,,
TAALTECH,3320.6,2026-06-08,-6.33,16.79,12.45,,,
GULFPETRO,39.97,2026-06-08,3.95,20.07,12.43,28.77,14.46,-18.08
AGUL,63.9,2026-06-05,0.0,3.4,12.4,-16.69,2.08,32.44
KOPRAN,182.0,2026-06-08,-7.12,-3.44,12.33,48.18,37.96,-4.12
INOXINDIA,1665.1,2026-06-08,15.09,15.63,12.26,41.04,47.65,36.46
AQYLON,57.76,2026-06-08,-6.13,-7.27,12.16,-46.86,-95.97,-89.3
BBTCL,221.83,2026-06-08,-1.78,15.24,12.06,30.95,14.25,36.49
MGEL,15.93,2026-06-08,3.58,20.59,11.95,58.67,11.32,25.21
NGIL,41.41,2026-06-08,0.75,7.59,11.92,66.24,42.94,35.42
UNIPARTS,633.05,2026-06-08,6.77,13.15,11.9,38.13,38.01,82.28
DEEPINDS,511.0,2026-06-08,1.4,8.3,11.83,51.32,23.15,22.03
DIAMONDYD,1128.1,2026-06-08,2.28,15.11,11.79,14.0,6.8,0.85
KIMS,801.2,2026-06-08,6.27,5.87,11.65,11.19,18.41,21.32
USK,26.08,2026-06-08,14.94,19.36,11.64,-0.34,13.44,-33.38
TALBROAUTO,362.5,2026-06-08,5.53,2.3,11.64,50.45,29.46,27.3
INDORAMA,43.83,2026-06-08,2.33,18.27,11.56,29.33,-5.74,-16.64
SATIN,237.29,2026-06-08,7.12,9.73,11.55,57.16,68.82,50.27
KWIL,32.55,2026-06-08,15.38,23.62,11.55,23.76,,
KREBSBIO,67.15,2026-06-08,4.79,8.64,11.54,24.33,0.61,-30.79
SIMPLEXINF,249.0,2026-06-08,4.51,4.57,11.51,33.34,-4.91,-14.08
RHETAN,29.88,2026-06-08,-1.94,1.15,11.49,14.79,26.88,
ABSMARINE,256.95,2026-06-05,-10.44,-11.47,11.48,50.26,25.13,75.09
GRCL,519.9,2026-06-05,-2.46,-3.71,11.45,31.62,44.42,4.74
RELIABLE,145.23,2026-06-08,5.91,9.0,11.36,17.19,-8.87,87.26
WHEELS,1480.3,2026-06-08,-4.9,-9.38,11.33,68.17,83.36,101.68
PARAS,964.75,2026-06-08,18.45,12.74,11.33,28.74,45.6,17.24
VINCOFE,150.02,2026-06-08,4.34,7.65,11.31,11.02,-8.8,24.94
THYROCARE,541.35,2026-06-08,3.64,9.77,11.27,46.37,28.22,74.14
LLOYDSENGG,69.95,2026-06-08,-1.88,-6.27,11.26,56.66,37.75,17.72
ANLON,671.0,2026-06-05,2.53,9.28,11.18,81.35,74.29,86.39
JALAN,2.0,2026-06-05,-2.44,2.56,11.11,-25.93,-23.08,-79.49
GTL,8.82,2026-06-08,19.51,15.9,11.08,27.83,13.66,-0.45
STALLION,178.73,2026-06-08,1.15,1.63,11.05,66.76,-7.95,138.94
SANGHVIMOV,376.05,2026-06-08,7.95,-0.67,11.04,53.55,26.21,27.37
MAHASTEEL,913.25,2026-06-08,-4.03,4.66,11.03,9.92,18.6,202.4
CARYSIL,1056.2,2026-06-08,0.02,-5.41,10.99,22.19,15.6,21.54
TRITURBINE,663.6,2026-06-08,-4.45,-4.21,10.99,40.62,24.1,13.08
SUDEEPPHRM,729.9,2026-06-08,-6.48,4.75,10.93,25.14,12.12,
RRKABEL,2154.6,2026-06-08,6.25,8.32,10.92,40.96,58.39,53.24
SALSTEEL,62.46,2026-06-08,5.56,11.12,10.84,39.11,79.53,244.51
ORBTEXP,185.0,2026-06-08,2.48,12.89,10.83,12.92,-1.16,1.79
DURLAX,55.05,2026-06-05,-3.67,-11.71,10.76,26.26,48.78,16.26
SKFINDUS,2382.8,2026-06-08,11.01,14.28,10.67,1.66,-11.52,
NSLNISP,48.31,2026-06-08,-4.34,7.31,10.65,25.32,21.5,22.52
CHENNPETRO,1191.3,2026-06-08,8.61,15.59,10.62,19.18,29.19,86.57
VARDHACRLC,45.49,2026-06-08,2.45,5.74,10.6,32.47,23.05,6.12
NAVKARURB,0.95,2026-06-08,-5.94,11.76,10.47,-9.52,-37.5,-53.57
GREAVESCOT,189.25,2026-06-08,4.85,10.26,10.44,22.83,4.3,-5.8
GRWRHITECH,5841.0,2026-06-08,0.47,4.53,10.41,44.17,63.99,30.96
JKIPL,98.31,2026-06-08,4.45,16.19,10.4,70.12,-10.82,
AMIABLE,79.95,2026-06-05,9.67,17.49,10.28,9.67,28.95,5.2
SETL,154.09,2026-06-08,10.58,12.47,10.26,26.73,2.91,-17.39
DYNAMIC,156.35,2026-06-05,4.93,12.93,10.22,35.96,38.06,-6.68
TBI,75.0,2026-06-05,12.61,15.38,10.21,16.46,-11.5,-30.91
SHREEJISPG,459.6,2026-06-08,-1.86,-0.23,10.2,21.62,41.73,
VINYAS,1277.7,2026-06-05,6.96,21.11,10.19,30.71,8.38,47.23
GFSTEELS,13.61,2026-06-08,4.93,4.93,10.11,15.53,26.96,54.13
BEARDSELL,29.4,2026-06-08,0.44,20.34,10.03,17.51,3.41,-3.9
AFIL,10.21,2026-06-08,0.39,6.8,10.02,35.77,48.62,20.83
UNIVAFOODS,8.57,2026-06-08,4.9,4.9,10.01,-13.52,-36.85,-23.41
ENRIN,3501.0,2026-06-08,-5.82,-1.65,9.98,19.87,18.72,
ADANIGREEN,1490.5,2026-06-08,3.01,5.63,9.94,73.64,49.98,46.3
MANALIPETC,62.33,2026-06-08,4.7,3.08,9.93,21.17,3.99,7.04
GOLDSTAR,7.75,2026-06-05,-8.82,4.73,9.93,-14.36,7.64,-23.65
VISASTEEL,48.0,2026-06-05,-12.1,-6.83,9.89,35.63,-9.25,59.73
DHTL,48.45,2026-06-05,0.0,-5.0,9.86,18.6,-39.66,-29.42
WELINV,1800.0,2026-06-08,-1.37,-4.27,9.81,42.18,34.72,54.32
MONQ50,147.03,2026-06-08,4.13,7.27,9.79,54.62,48.17,98.8
SMARTLINK,164.35,2026-06-08,6.64,7.9,9.69,36.8,24.43,-0.78
PATINTLOG,13.2,2026-06-08,-3.86,7.14,9.63,30.56,-2.0,-12.83
PANAMAPET,334.75,2026-06-08,11.14,-0.09,9.63,21.18,19.11,-7.51
ROSSTECH,998.0,2026-06-08,-0.02,-2.05,9.6,37.58,48.94,176.49
VISHWAS,47.0,2026-06-05,-6.56,-7.3,9.56,32.58,11.9,-20.34
INDOSTAR,240.64,2026-06-08,6.68,13.1,9.56,13.33,-4.34,-29.05
ATHERENERG,1002.25,2026-06-08,6.92,8.77,9.53,48.69,47.66,224.35
KRISHIVAL,402.85,2026-06-08,2.21,1.56,9.51,29.12,-2.91,15.62
SONAMLTD,54.69,2026-06-08,-5.23,-5.17,9.51,6.98,22.46,9.91
ISFT,85.34,2026-06-08,-0.41,1.21,9.49,24.58,-1.78,-22.01
TMPV,389.0,2026-06-08,1.07,4.22,9.44,10.91,11.69,-45.29
GTLINFRA,1.51,2026-06-08,6.34,11.85,9.42,37.27,20.8,1.34
PARTYCRUS,100.0,2026-06-05,0.0,-3.38,9.29,23.3,33.16,21.21
DJML,107.0,2026-06-08,2.05,8.54,9.27,24.01,90.53,-4.86
SYRMA,1201.2,2026-06-08,8.48,13.62,9.19,57.73,64.8,124.98
SABAR,5.35,2026-06-05,0.0,-4.46,9.18,-6.14,-14.4,-21.9
GEECEE,325.4,2026-06-08,0.54,-1.8,9.12,17.62,-6.57,-15.52
NITINSPIN,524.4,2026-06-08,4.01,4.51,9.09,40.51,66.69,33.05
NIMBSPROJ,204.23,2026-06-08,-5.06,-6.75,9.02,,,
BLUESTONE,549.5,2026-06-08,10.76,13.43,9.02,20.2,3.04,
MTARTECH,7052.0,2026-06-08,-0.25,-11.31,9.0,86.45,202.88,298.26
PTCIL,18272.0,2026-06-08,-1.17,12.24,8.85,2.85,-3.39,25.12
GCSL,411.15,2026-06-08,-1.45,2.16,8.78,12.98,20.93,
GLOTTIS,66.54,2026-06-08,2.26,-4.12,8.74,47.8,15.96,
PRADPME,438.45,2026-06-08,-3.36,3.97,8.69,,,
KPRMILL,1037.85,2026-06-08,4.62,9.2,8.59,23.49,6.87,-7.76
MANAV,41.25,2026-06-05,-2.02,-3.62,8.55,-8.33,63.37,190.49
ASTEC,771.25,2026-06-08,4.47,2.44,8.52,22.89,8.09,-4.87
SWANDEF,2022.9,2026-06-08,-5.26,5.26,8.43,0.02,68.67,1085.83
JAYAGROGN,219.8,2026-06-08,-5.07,-4.75,8.39,19.95,7.1,-13.74
THOMASCOOK,104.82,2026-06-08,11.59,12.5,8.33,13.71,-23.76,-38.01
AMNPLST,186.39,2026-06-08,2.15,-3.64,8.23,22.55,4.93,-22.61
DEEPAKFERT,1451.6,2026-06-08,2.91,-0.34,8.17,50.77,17.67,-5.35
INDNIPPON,885.2,2026-06-08,-0.77,8.32,8.15,11.84,14.53,30.85
BETA,1430.1,2026-06-08,0.47,4.49,8.15,30.25,-11.98,-21.96
MONARCH,335.15,2026-06-08,1.62,2.51,8.08,29.45,12.05,3.9
JAGRAN,63.39,2026-06-08,-4.78,4.24,8.02,14.68,4.66,-0.55
SHYAMMETL,975.85,2026-06-08,1.5,1.43,8.01,22.76,22.01,12.64
ZENTEC,1753.1,2026-06-08,8.3,9.02,7.88,22.87,28.7,-15.74
V2RETAIL,236.95,2026-06-08,-3.01,-0.76,7.88,22.26,8.82,30.14
MUNJALAU,92.03,2026-06-08,5.65,-1.33,7.83,20.96,19.21,13.8
HINDOILEXP,177.03,2026-06-08,7.28,8.03,7.82,13.14,13.03,4.08
PREMIERENE,1090.5,2026-06-08,3.59,10.71,7.8,50.81,25.48,3.65
PPL,230.13,2026-06-08,19.36,14.37,7.76,18.06,2.45,-42.55
NEOGEN,1909.8,2026-06-08,5.53,8.85,7.75,43.52,89.82,15.7
BANKA,90.65,2026-06-08,0.14,8.38,7.72,68.21,34.66,42.94
BIOCON,409.25,2026-06-08,-3.85,-4.84,7.58,4.75,6.63,24.16
MUKTAARTS,61.37,2026-06-08,-6.92,-4.88,7.53,22.08,-0.02,-19.33
CANARYS,20.0,2026-06-05,-0.74,0.5,7.53,-13.42,-35.38,-33.22
MSTCLTD,490.15,2026-06-08,10.32,13.98,7.51,11.07,10.62,-10.79
CADSYS,70.45,2026-06-05,0.0,0.0,7.48,48.94,84.42,-6.38
GAYAPROJ,20.58,2026-06-08,4.79,16.67,7.47,62.05,78.49,140.98
SARLAPOLY,99.98,2026-06-08,1.66,2.2,7.46,21.35,18.01,-13.03
STARTECK,269.8,2026-06-08,0.77,7.92,7.43,0.52,0.43,-4.96
JSWDULUX,3168.1,2026-06-08,0.3,7.85,7.42,14.17,-9.22,2.96
AARNAV,24.55,2026-06-08,-1.8,3.89,7.39,-3.0,,
FOCUS,92.52,2026-06-08,10.27,10.95,7.24,41.9,38.05,-19.27
KIRLOSENG,1854.0,2026-06-08,-3.36,8.88,7.24,22.74,69.33,114.5
JOCIL,148.0,2026-06-08,-0.56,10.99,7.15,15.47,-0.09,-9.6
APOLSINHOT,1260.9,2026-06-08,1.15,5.07,7.14,4.17,4.4,-1.46
MAXESTATES,437.15,2026-06-08,-2.84,-0.18,7.13,11.97,-2.63,-15.56
HEXT,520.25,2026-06-08,1.18,2.79,7.11,15.26,-29.69,-34.95
PLADAINFO,12.05,2026-06-05,8.56,8.56,7.11,3.88,-24.92,-28.06
SAILIFE,1194.6,2026-06-08,4.31,1.59,7.08,15.2,38.89,62.05
PARIN,695.4,2026-06-05,1.36,3.2,7.05,-1.92,16.35,100.52
SOUTHBANK,43.79,2026-06-08,6.65,6.8,7.04,10.0,13.39,52.26
CMPDI,234.75,2026-06-08,2.23,-4.05,7.03,,,
TIRUPATI,498.0,2026-06-05,2.68,1.74,7.0,-0.3,-30.06,-0.4
JFLLIFE,10.0,2026-06-05,5.82,8.11,6.95,-4.33,-15.97,-49.11
INDIFRA,13.9,2026-06-05,-1.77,-1.77,6.92,-1.77,-15.76,-19.42
PANACHE,354.05,2026-06-08,-0.32,1.69,6.87,9.65,3.55,82.0
INDIANCARD,223.36,2026-06-08,1.82,-0.55,6.85,11.11,-7.76,-32.93
JLHL,1333.2,2026-06-08,2.14,-1.24,6.81,5.82,-6.3,-8.93
ELGIEQUIP,597.05,2026-06-08,2.9,5.13,6.79,15.04,23.55,13.23
SBC,36.59,2026-06-08,-0.71,-5.77,6.77,13.04,35.02,148.57
SADBHIN,3.0,2026-06-08,3.45,10.7,6.76,-5.66,-17.58,-42.31
MAFANG,202.2,2026-06-08,0.4,2.91,6.68,28.3,14.85,49.09
TEGA,1772.2,2026-06-08,-2.16,10.09,6.63,1.63,-5.78,10.91
IIFL,491.85,2026-06-08,5.14,2.06,6.62,1.39,-10.67,9.85
SEAMECLTD,1600.2,2026-06-08,-1.49,-1.93,6.59,18.89,61.12,82.14
UNIVASTU,78.45,2026-06-08,-1.43,8.69,6.58,25.26,21.33,-5.92
VTL,618.85,2026-06-08,3.21,2.9,6.57,14.84,43.89,28.97
ACCENTMIC,477.4,2026-06-05,4.09,9.8,6.57,40.41,43.47,107.83
EXIDEIND,385.9,2026-06-08,-1.62,11.45,6.53,22.14,3.39,-1.37
QUADFUTURE,342.65,2026-06-08,6.05,18.71,6.5,18.26,27.47,-24.68
SREEL,195.83,2026-06-08,-3.52,2.31,6.46,-0.12,-12.95,-20.36
TRUALT,515.9,2026-06-08,4.18,6.55,6.42,40.53,29.01,
WELSPUNLIV,142.39,2026-06-08,-1.89,2.72,6.42,18.3,7.84,5.01
SINDHUTRAD,24.91,2026-06-08,-4.23,-7.09,6.41,-0.84,9.98,8.16
CENTUM,3303.0,2026-06-08,-5.93,4.13,6.39,15.67,52.37,40.58
MWL,373.6,2026-06-08,-0.81,0.93,6.36,42.92,42.94,124.18
THEMISMED,103.67,2026-06-08,-1.59,3.42,6.34,31.49,2.54,-22.84
IPCALAB,1649.4,2026-06-08,10.67,4.99,6.23,10.39,13.93,20.48
OLIL,442.7,2026-06-05,-1.03,-0.96,6.1,39.43,38.19,140.99
BALPHARMA,85.04,2026-06-08,-1.0,-3.97,6.1,17.35,16.75,-14.19
BIMETAL,618.95,2026-06-08,0.05,7.17,6.08,,,
NORBTEAEXP,80.78,2026-06-08,-0.81,-3.59,6.05,-9.26,10.66,121.38
VINDHYATEL,1905.2,2026-06-08,-12.76,7.4,6.01,89.8,34.67,14.33
IVP,166.98,2026-06-08,-0.02,-7.1,5.97,31.95,18.92,-10.78
BAJEL,191.99,2026-06-08,-0.41,5.85,5.93,31.24,13.22,-10.93
TBZ,163.11,2026-06-08,-5.92,19.94,5.91,18.04,-0.45,-12.46
OIL,481.0,2026-06-08,-0.36,-0.32,5.9,-0.72,20.9,16.42
CARTRADE,2069.8,2026-06-08,16.8,15.7,5.88,16.94,-25.02,31.47
KHANDSE,18.5,2026-06-08,-4.49,3.82,5.84,3.53,-17.0,-19.21
SHEMAROO,109.35,2026-06-08,7.7,5.82,5.75,9.92,2.46,1.19
AKCAPIT,1695.5,2026-06-08,-1.85,2.68,5.72,,,
GKENERGY,134.82,2026-06-08,10.03,6.02,5.68,30.51,-0.35,
GANESHHOU,754.35,2026-06-08,6.45,6.82,5.6,15.99,-4.71,-26.18
QUESS,236.06,2026-06-08,14.2,14.49,5.58,26.06,19.6,-20.56
NH,1921.4,2026-06-08,0.89,-0.96,5.55,9.46,-0.17,10.01
GREENCHEF,51.7,2026-06-05,-11.55,-10.55,5.51,-5.05,-10.86,-20.77
TEJASNET,542.5,2026-06-08,3.12,14.46,5.46,16.65,14.9,-25.08
DIXON,11392.0,2026-06-08,-0.62,-3.65,5.45,13.59,-16.01,-23.28
ROLLT,2.32,2026-06-08,13.73,12.62,5.45,87.1,79.84,23.4
GHCLTEXTIL,96.43,2026-06-08,-3.04,2.64,5.42,33.41,34.42,6.31
MPHASIS,2334.1,2026-06-08,1.02,4.02,5.42,5.39,-19.42,-6.46
INDUSTOWER,426.15,2026-06-08,-1.23,-2.89,5.4,-5.73,5.74,8.96
PARAGMILK,233.66,2026-06-08,4.02,10.6,5.36,17.6,-22.32,10.67
BAJAJCON,575.35,2026-06-08,2.92,2.41,5.33,54.75,123.13,230.57
MOTHERSON,139.01,2026-06-08,-1.95,2.28,5.29,13.58,20.94,33.12
BALRAMCHIN,550.4,2026-06-08,3.28,3.27,5.29,14.44,28.28,-9.33
INDOAMIN,129.55,2026-06-08,2.09,-1.45,5.29,29.37,13.15,-15.01
SSWL,222.78,2026-06-08,13.47,5.64,5.26,13.81,17.55,-8.02
RAMCOIND,300.7,2026-06-08,5.29,3.01,5.23,10.05,0.87,14.7
LATTEYS,22.97,2026-06-08,-3.04,-3.89,5.22,10.33,-3.65,2.09
KONSTELEC,45.35,2026-06-05,-8.94,10.48,5.22,17.03,-10.73,-31.75
ICIL,321.8,2026-06-08,-3.87,3.74,5.16,23.25,14.38,20.91
GREENPLY,286.89,2026-06-08,15.98,9.84,5.15,45.72,3.68,-6.55
CUPID,140.37,2026-06-08,8.74,12.58,5.1,74.5,84.7,549.86
FROG,172.45,2026-06-05,6.38,12.75,5.06,30.59,5.8,-28.56
NIRLON,615.05,2026-06-08,2.02,-1.67,5.06,,,
DLINKINDIA,490.1,2026-06-08,5.68,6.04,5.0,23.31,17.87,2.29
MASTER,350.55,2026-06-05,3.12,3.1,4.96,17.63,-2.07,0.28
LIKHITHA,227.2,2026-06-08,19.25,8.1,4.95,54.74,26.78,-25.88
ASAHIINDIA,877.4,2026-06-08,-2.38,2.85,4.94,5.86,-14.67,18.46
VIPULLTD,10.1,2026-06-08,12.1,11.85,4.88,-20.97,28.17,-10.38
SERVOTECH,99.67,2026-06-08,1.33,4.55,4.86,45.8,22.85,-36.22
ACCURACY,5.44,2026-06-08,-5.23,-7.17,4.82,23.92,-2.51,-37.11
MUFTI,86.58,2026-06-08,4.59,0.12,4.81,4.34,-7.04,-50.65
AEGISLOG,755.55,2026-06-08,-2.42,3.37,4.81,13.77,3.51,-4.55
HSCL,667.2,2026-06-08,10.57,12.47,4.78,48.04,44.53,34.59
GUJRAFFIA,41.53,2026-06-08,-1.98,-8.46,4.77,6.27,-31.13,4.43
ALKYLAMINE,1788.8,2026-06-08,11.54,2.49,4.77,29.36,11.31,-9.31
HCL-INSYS,12.81,2026-06-08,5.69,9.86,4.74,2.4,-8.24,-27.42
SUVEN,233.55,2026-06-08,-15.03,-13.83,4.74,69.56,41.85,5.59
FCSSOFT,1.77,2026-06-08,7.93,16.45,4.73,14.19,-8.29,-31.4
SOTAC,111.0,2026-06-05,0.0,0.0,4.72,0.0,-14.32,-7.42
ADOR,1128.5,2026-06-08,2.46,4.51,4.68,11.48,7.58,16.01
EMCURE,1719.6,2026-06-08,0.84,-1.08,4.66,21.46,24.29,29.81
MAZDA,222.03,2026-06-08,-4.58,5.15,4.6,13.73,2.2,-6.92
RKSWAMY,98.35,2026-06-08,-1.18,-0.34,4.58,-0.45,-11.51,-48.98
LRRPL,80.0,2026-06-05,-1.72,-11.16,4.58,32.56,-1.36,19.4
GRAUWEIL,73.35,2026-06-08,7.3,7.71,4.58,-36.55,-36.55,-36.55
BUTTERFLY,652.85,2026-06-08,-2.04,-3.32,4.56,9.58,0.31,-13.5
MPTODAY,46.0,2026-06-05,5.5,5.5,4.55,1.77,-3.26,35.1
POLYCAB,9495.0,2026-06-08,0.15,1.03,4.54,11.03,35.16,56.31
J&KBANK,148.16,2026-06-08,4.51,5.24,4.51,24.9,48.09,41.51
WABAG,1544.3,2026-06-08,-0.75,6.3,4.49,26.07,17.88,-2.38
RICOAUTO,132.12,2026-06-08,18.37,10.32,4.49,16.61,26.18,61.96
MON100,330.89,2026-06-08,-1.47,0.06,4.46,49.47,40.18,83.5
CCL,1173.0,2026-06-08,10.16,10.76,4.44,15.48,24.91,35.12
USHAMART,493.8,2026-06-08,0.62,4.2,4.43,17.85,18.32,62.58
KILITCH,167.12,2026-06-08,-7.68,-9.75,4.4,4.42,3.37,-23.07
OFSS,9756.0,2026-06-08,-4.27,0.55,4.39,49.38,25.04,15.99
ZIMLAB,107.67,2026-06-08,5.49,7.81,4.39,61.47,54.7,7.71
AMBALALSA,34.62,2026-06-08,-2.83,6.62,4.37,,,
MAJESAUT,334.1,2026-06-08,-0.51,-1.15,4.36,,,
DIVGIITTS,773.15,2026-06-08,-4.12,4.03,4.34,7.23,28.75,28.66
MEDICO,43.67,2026-06-08,-8.26,-11.31,4.3,5.56,-16.44,-11.08
SENORES,1007.0,2026-06-08,-5.69,-12.71,4.29,34.04,33.79,88.97
SOMANYCERA,495.6,2026-06-08,-5.78,-4.09,4.28,33.31,21.55,7.01
SADBHAV,9.28,2026-06-08,-1.28,0.98,4.27,6.18,-9.73,-34.46
IFBIND,1239.2,2026-06-08,-0.59,17.77,4.26,14.83,-19.29,-19.26
RVTH,709.95,2026-06-08,-4.13,-11.2,4.25,16.78,-2.88,-22.83
WELCORP,1346.6,2026-06-08,-2.25,3.78,4.23,66.44,68.79,40.11
CPS,1000.0,2026-06-05,-3.38,1.11,4.17,-6.43,13.8,29.63
SIS,406.5,2026-06-08,-0.27,4.32,4.16,36.46,27.31,12.12
ZENITHEXPO,214.0,2026-06-08,9.51,5.42,4.13,11.75,-8.7,-16.96
ADVENZYMES,372.0,2026-06-08,-1.99,-1.29,4.13,25.11,22.35,22.96
KARNIKA,131.0,2026-06-05,-3.68,0.19,4.13,18.93,2.34,-80.44
GIPCL,163.45,2026-06-08,0.61,4.45,4.1,20.55,11.8,-15.66
EMAMIPAP,84.8,2026-06-08,-2.6,6.29,4.1,5.72,-3.39,-13.27
FEDFINA,153.4,2026-06-08,-2.07,-6.91,4.08,21.09,8.24,47.37
BFUTILITIE,610.55,2026-06-08,6.99,10.6,4.07,26.39,4.79,-20.75
LMW,15580.0,2026-06-08,-0.17,4.7,4.06,5.06,5.66,-3.74
GANDHAR,157.58,2026-06-08,0.01,-7.3,4.05,17.2,28.7,-10.5
SAGARDEEP,24.98,2026-06-08,-1.34,-7.24,4.04,5.94,-4.18,-17.5
CIPLA,1387.9,2026-06-08,0.76,-0.92,4.0,6.03,-6.46,-5.87
HCG,627.9,2026-06-08,-2.82,-4.28,3.99,13.07,-10.92,13.65
AVTNPL,71.16,2026-06-08,2.21,2.64,3.97,16.87,9.45,11.61
PONNIERODE,326.85,2026-06-08,8.41,9.07,3.97,20.83,23.32,-3.03
AURUM,184.06,2026-06-08,2.84,3.22,3.94,9.91,10.23,-5.05
GATECH,0.53,2026-06-08,-3.64,1.92,3.92,15.22,-5.36,-47.52
SEL,195.0,2026-06-05,-2.99,-2.5,3.89,7.0,-13.33,-37.9
LAXMIDENTL,223.45,2026-06-08,-2.97,-9.48,3.88,22.98,-13.58,-43.85
CUMMINSIND,5610.5,2026-06-08,-1.23,4.25,3.88,16.87,26.17,68.11
COFORGE,1421.1,2026-06-08,-2.74,1.65,3.87,22.2,-27.0,-19.41
FORTIS,989.1,2026-06-08,6.45,1.93,3.86,10.82,14.9,29.74
VIVIANA,845.55,2026-06-08,-8.5,0.87,3.82,32.71,24.28,-21.14
HLEGLAS,366.05,2026-06-08,14.7,10.66,3.8,18.69,-16.0,-14.48
LAXMICOT,14.74,2026-06-08,7.28,1.94,3.8,3.22,-22.83,-47.32
JSFB,471.9,2026-06-08,-2.57,-1.39,3.7,34.69,7.79,-3.27
TCL,97.0,2026-06-05,-0.97,1.94,3.69,4.3,-5.37,3.14
APARINDS,13276.0,2026-06-08,3.71,6.38,3.64,27.73,53.6,64.79
KPITTECH,755.3,2026-06-08,-3.92,-0.17,3.59,8.12,-37.97,-42.31
PAGEIND,38550.0,2026-06-08,3.56,0.41,3.58,22.49,4.32,-15.19
JASH,433.3,2026-06-08,2.37,8.01,3.57,11.47,-0.82,-22.27
JMA,92.94,2026-06-08,6.06,6.3,3.57,9.77,16.42,-1.66
MPSLTD,1759.5,2026-06-08,-6.84,-1.48,3.56,26.35,-15.21,-32.18
PIXTRANS,1580.6,2026-06-08,0.39,3.97,3.56,8.59,9.01,-0.67
VASWANI,58.93,2026-06-08,5.44,8.61,3.53,7.69,13.65,29.32
SUPRAJIT,461.8,2026-06-08,-0.26,3.79,3.52,8.57,3.46,-2.62
BANKINDIA,140.08,2026-06-08,2.44,-0.93,3.5,-9.35,4.71,20.52
SOFTTECH,441.0,2026-06-08,-8.36,6.73,3.47,64.52,41.6,26.0
GSPCROP,436.05,2026-06-08,0.11,-0.84,3.44,,,
PGINVIT,93.19,2026-06-05,0.43,1.36,3.43,5.3,5.0,27.62
UDS,183.06,2026-06-08,4.42,1.82,3.42,19.97,9.27,-40.05
CGPOWER,903.4,2026-06-08,1.01,4.09,3.42,26.27,39.9,32.83
KNAGRI,191.42,2026-06-08,3.45,-0.21,3.42,2.45,-1.18,-19.44
STEL,506.75,2026-06-08,14.75,8.26,3.41,-3.41,-8.23,16.05
DENTALKART,435.3,2026-06-05,0.66,4.06,3.35,-0.27,-26.84,-31.98
RELAXO,319.15,2026-06-08,-2.64,6.83,3.33,-0.82,-19.78,-28.47
BIOFILCHEM,35.3,2026-06-08,1.38,11.99,3.31,14.42,4.87,-33.81
MAHICKRA,240.55,2026-06-05,0.29,2.47,3.3,21.02,67.79,96.65
GRAVISSHO,28.5,2026-06-08,-1.72,-5.19,3.3,,,
EQUITASBNK,74.83,2026-06-08,7.81,9.79,3.29,25.36,26.62,12.27
DOLLEX,31.6,2026-06-05,0.48,-0.16,3.27,-4.1,-20.7,-14.13
APOLLOHOSP,8358.5,2026-06-08,3.08,-0.54,3.23,8.21,17.95,20.71
VERANDA,224.77,2026-06-08,-2.98,-5.5,3.22,37.17,12.82,13.51
MBLINFRA,28.88,2026-06-08,4.79,9.89,3.22,12.77,-14.98,-35.49
ASTERDM,766.15,2026-06-08,6.27,2.58,3.2,14.39,24.38,33.3
MITTAL,0.98,2026-06-08,-2.0,-13.27,3.16,10.11,-22.22,-33.78
LENSKART,504.65,2026-06-08,-2.76,0.18,3.15,-2.97,23.72,
IGIL,365.3,2026-06-08,0.73,-2.3,3.12,8.91,16.75,-7.77
DIFFNKG,326.25,2026-06-08,0.79,0.9,3.1,27.94,15.12,3.49
MASPTOP50,82.27,2026-06-08,0.28,0.05,3.02,17.06,13.88,51.96
AVAILFC,157.73,2026-06-03,0.88,0.44,3.02,,,
JINDWORLD,27.64,2026-06-08,-9.47,3.56,3.02,21.87,-7.03,-53.41
CMSINFO,298.3,2026-06-08,-2.0,-3.94,3.0,-0.85,-13.46,-37.93
RAINBOW,1343.2,2026-06-08,-1.93,-0.5,2.97,11.99,-0.09,-4.8
POWERINDIA,35010.0,2026-06-08,-3.77,-1.75,2.96,35.38,83.88,92.39
TIJARIA,4.53,2026-06-08,4.14,-2.37,2.95,-5.03,-29.88,-31.05
ROTO,61.21,2026-06-08,9.91,6.16,2.94,12.04,4.45,-29.89
LANDMARK,414.5,2026-06-08,10.87,7.93,2.93,15.15,-18.88,-6.94
DYNPRO,245.0,2026-06-08,-2.35,5.67,2.93,10.6,-5.42,-16.33
REDINGTON,229.54,2026-06-08,-1.58,2.41,2.92,-6.75,-14.32,-17.0
ABMINTLLTD,42.95,2026-06-05,-4.7,-6.53,2.92,9.07,-4.68,-11.3
GROWWHOSPI,51.74,2026-06-08,4.46,0.76,2.9,6.75,,
AGARIND,470.35,2026-06-08,12.36,10.81,2.89,1.88,-31.96,-51.57
SAROJA,33.95,2026-06-05,4.46,2.88,2.88,1.8,-13.83,-11.13
VIMTALABS,526.95,2026-06-08,14.02,14.73,2.88,21.84,-11.04,12.21
PDSL,309.25,2026-06-08,1.76,3.26,2.86,4.79,-10.36,-26.24
BENGALASM,6839.0,2026-06-08,-1.65,3.53,2.84,,,
CLEANMAX,1222.2,2026-06-08,12.09,11.57,2.83,38.46,,
PVP,31.77,2026-06-08,12.18,21.58,2.82,15.91,-4.05,33.82
FMNL,10.22,2026-06-08,-5.98,-0.39,2.82,22.54,8.26,-29.27
APCL,117.22,2026-06-08,-2.45,-3.8,2.82,-1.18,1.64,-14.58
NBCC,103.46,2026-06-08,-0.9,6.89,2.8,20.81,-4.06,-18.47
QMSMEDI,92.5,2026-06-05,7.56,10.78,2.78,10.51,0.65,8.12
SITINET,0.37,2026-06-08,8.82,12.12,2.78,8.82,8.82,-26.0
TECHM,1503.4,2026-06-08,-2.58,4.73,2.76,12.89,-5.55,-1.54
GRASIM,3050.1,2026-06-08,-1.69,-3.83,2.75,12.2,11.15,18.91
BCLIND,37.02,2026-06-08,15.26,5.74,2.72,33.45,20.31,-11.28
RPTECH,545.05,2026-06-08,-1.89,-0.43,2.72,55.04,66.63,73.64
PRINCEPIPE,266.6,2026-06-08,3.51,-1.79,2.68,11.22,5.79,-20.13
ITDC,599.7,2026-06-08,11.77,8.09,2.66,24.41,10.67,-3.2
LAL,7.4,2026-06-08,-2.37,3.35,2.64,4.37,-18.59,-41.64
VEDL,304.25,2026-06-08,-9.76,-8.5,2.63,-57.1,-39.5,-27.29
PIONRINV,102.68,2026-06-08,-13.11,-16.93,2.63,,,
CARBORUNIV,1054.5,2026-06-08,2.32,-0.27,2.61,31.11,24.48,11.56
SIYSIL,605.95,2026-06-08,5.27,0.71,2.61,19.55,-6.61,-10.89
AISL,58.95,2026-06-05,14.69,-1.5,2.61,-13.31,-30.15,-40.45
VBL,522.15,2026-06-08,-0.64,-1.61,2.61,16.9,11.39,9.81
SHRITECH,66.15,2026-06-05,0.0,-11.45,2.56,0.68,6.87,-19.03
GVT&D,4744.0,2026-06-08,-0.23,-0.64,2.56,22.62,72.07,105.24
OMPOWER,183.12,2026-06-08,8.75,-3.1,2.54,,,
DCMNVL,160.0,2026-06-08,3.77,7.72,2.54,22.99,23.59,-10.62
ADANIPORTS,1805.0,2026-06-08,1.21,0.12,2.53,22.17,21.92,23.24
NDLVENTURE,128.93,2026-06-08,-1.37,-0.69,2.5,14.49,38.66,97.17
VIDYAWIRES,93.61,2026-06-08,-17.89,0.1,2.49,82.19,,
NCLIND,182.52,2026-06-08,-1.66,6.96,2.49,2.45,-6.19,-15.24
PASHUPATI,89.22,2026-06-08,-5.87,-7.04,2.48,-11.83,9.48,37.11
FEDERALBNK,304.6,2026-06-08,5.69,5.31,2.47,6.32,18.31,47.48
BGLOBAL,3.32,2026-06-08,1.84,6.41,2.47,16.9,-12.63,8.85
ADVAIT,2148.0,2026-06-08,10.69,2.14,2.45,35.69,,
SJS,2061.2,2026-06-08,2.62,2.29,2.42,26.25,24.07,84.96
VIAZ,64.45,2026-06-05,1.26,1.82,2.38,7.42,-12.31,17.18
IL&FSENGG,29.01,2026-06-08,-0.82,0.31,2.36,20.62,6.07,-21.17
IRBINVIT,60.65,2026-06-05,0.3,0.21,2.34,2.12,4.63,15.12
PSPPROJECT,852.6,2026-06-08,1.52,10.38,2.33,24.56,1.06,32.04
IMPAL,1045.8,2026-06-08,-1.07,-6.61,2.32,1.82,3.14,-1.04
NLCINDIA,335.75,2026-06-08,-0.18,-1.78,2.3,31.54,43.78,45.44
GARFIBRES,655.9,2026-06-08,1.93,2.7,2.3,6.03,-0.49,-26.23
NDTV,81.53,2026-06-08,-0.42,4.14,2.3,4.01,3.32,-49.73
GKWLIMITED,1804.0,2026-06-08,7.7,5.83,2.28,8.67,7.5,-11.2
ASIANPAINT,2659.2,2026-06-08,1.02,0.05,2.28,16.66,-9.19,19.72
HYUNDAI,1894.7,2026-06-08,0.65,0.73,2.26,-9.53,-16.72,2.79
PROPEQUITY,199.4,2026-06-05,-10.58,-20.24,2.26,12.02,1.73,-5.05
VIJAYA,1307.6,2026-06-08,5.38,7.15,2.24,36.72,28.75,34.38
KIRLPNU,1595.0,2026-06-08,2.68,-3.9,2.23,37.86,60.07,16.71
EQUIPPP,16.64,2026-06-08,-9.12,9.33,2.21,2.21,-21.29,-13.69
AARVI,130.89,2026-06-08,-0.71,2.97,2.18,0.64,7.2,18.5
VIPIND,315.75,2026-06-08,-4.98,2.9,2.18,-13.82,-9.25,-7.86
TEAMLEASE,1383.3,2026-06-08,0.24,-0.8,2.16,22.79,-14.24,-28.04
ZEEMEDIA,8.51,2026-06-08,4.16,5.98,2.16,5.85,-2.41,-38.56
BLACKROSE,93.09,2026-06-08,-1.18,-8.01,2.15,,,
GPTHEALTH,147.2,2026-06-08,2.84,5.7,2.14,17.07,5.26,-0.27
NAUKRI,999.2,2026-06-08,-0.48,6.47,2.13,1.95,-27.02,-33.28
SAFARI,1556.5,2026-06-08,-3.14,2.72,2.11,-7.37,-33.27,-28.92
CONSOFINVT,231.44,2026-06-08,-3.39,-1.26,2.07,1.17,45.22,15.78
SAYAJIHOTL,290.9,2026-06-08,7.18,2.81,2.07,,,
DHARMAJ,275.05,2026-06-08,-3.95,1.87,2.06,10.38,17.34,4.8
MASTERTR,92.02,2026-06-08,14.87,3.27,2.04,10.39,-20.76,-39.86
ADFFOODS,278.85,2026-06-08,4.52,0.5,2.01,47.31,38.54,8.87
VARROC,571.1,2026-06-08,-0.79,-1.85,2.01,10.97,-8.13,4.02
GEOJITFSL,72.86,2026-06-08,2.66,-3.39,2.0,20.15,5.52,-13.48
HALDER,238.92,2026-06-08,6.57,9.81,1.97,-10.08,,
CONCORDBIO,1196.7,2026-06-08,12.76,5.72,1.94,-0.87,-12.18,-37.49
GREENLAM,229.79,2026-06-08,-0.53,-8.24,1.94,-1.82,-2.2,-3.83
PGIL,1627.0,2026-06-08,-0.23,-0.05,1.93,8.33,4.55,17.73
COALINDIA,464.9,2026-06-08,-1.63,1.51,1.86,5.55,24.83,24.72
GALAPREC,872.95,2026-06-08,-2.87,-0.35,1.86,22.79,23.77,-7.55
VIVIDHA,0.55,2026-06-08,-1.79,-5.17,1.85,5.77,-25.68,-36.05
PRIMESECU,291.0,2026-06-08,4.08,4.26,1.84,6.03,5.63,14.2
20MICRONS,185.14,2026-06-08,1.47,-5.86,1.83,10.95,-0.24,-18.19
MITCON,85.5,2026-06-08,-0.65,9.73,1.79,58.51,26.11,5.54
GRANULES,766.35,2026-06-08,-1.62,1.05,1.78,32.79,40.89,45.05
BIRET,319.49,2026-06-05,-0.08,-0.11,1.77,-6.05,-1.46,11.62
GOKUL,40.34,2026-06-08,-3.95,-2.32,1.77,0.88,4.21,-14.75
HINDALCO,1062.4,2026-06-08,-6.91,-3.38,1.72,10.79,29.65,64.61
WELENT,531.0,2026-06-08,3.89,6.05,1.69,16.5,2.79,2.49
ALUWIND,51.7,2026-06-05,8.84,5.62,1.67,-12.74,-30.09,-24.47
MARKOLINES,162.84,2026-06-08,-2.74,-1.91,1.67,4.12,8.63,
UNIVCABLES,1158.3,2026-06-08,5.91,-0.65,1.65,70.75,30.22,90.27
CORONA,1740.6,2026-06-08,3.71,2.32,1.65,10.07,,
JGCHEM,424.6,2026-06-08,-2.42,4.41,1.64,14.62,20.08,18.07
INDIGRID,171.87,2026-06-05,0.53,1.43,1.63,6.49,6.68,25.56
SHALBY,171.35,2026-06-08,1.22,-0.83,1.63,13.96,-10.85,-5.33
SHANKARA,112.75,2026-06-08,-4.93,-10.52,1.6,8.81,0.4,-87.91
MANAKSTEEL,67.34,2026-06-08,-0.34,-2.29,1.58,18.22,16.14,10.83
JSWCEMENT,126.49,2026-06-08,0.36,-6.14,1.57,3.47,13.99,
SONACOMS,588.25,2026-06-08,-1.99,-1.08,1.54,14.23,21.34,16.07
AMRUTANJAN,556.95,2026-06-08,-0.52,-1.05,1.53,-0.54,-12.9,-21.54
PALASHSECU,99.1,2026-06-08,1.09,2.69,1.53,10.89,-8.22,-20.31
SURANI,134.0,2026-06-05,6.18,0.75,1.52,150.23,109.54,11.71
BTTL,34.69,2026-06-08,0.93,0.61,1.52,,,
AJAXENGG,563.4,2026-06-08,-4.24,-1.89,1.51,14.68,-6.83,-9.53
JBCHEPHARM,2172.8,2026-06-08,1.52,-2.08,1.5,6.29,21.76,29.54
JINDALPHOT,1133.6,2026-06-08,13.59,11.52,1.5,3.17,-24.43,33.29
AKSHARCHEM,211.54,2026-06-08,12.49,5.21,1.49,3.25,-15.06,-14.98
QUINTEGRA,1.38,2026-06-08,-2.13,2.22,1.47,15.97,-7.38,-9.21
BANKBARODA,259.25,2026-06-08,1.24,-1.7,1.42,-9.38,-6.16,8.72
IVC,8.02,2026-06-08,-1.23,7.51,1.39,12.32,-0.5,-6.42
MAHKTECH,24.45,2026-06-08,1.49,3.87,1.37,4.71,-6.21,11.34
PROLIFE,62.8,2026-06-05,10.18,0.56,1.37,4.41,-23.41,-57.46
LOTUSEYE,117.92,2026-06-08,9.0,8.13,1.31,6.13,12.18,66.18
CINEVISTA,15.71,2026-06-08,1.55,-2.84,1.29,-0.19,3.36,8.12
PROTEAN,595.15,2026-06-08,-0.91,-5.67,1.28,10.08,-22.59,-36.59
UMESLTD,5.53,2026-06-08,-1.43,9.29,1.28,34.22,11.49,-1.43
GAIL,168.6,2026-06-08,2.97,-0.04,1.27,8.28,4.22,-8.52
ACEINTEG,20.66,2026-06-08,8.0,2.48,1.27,19.08,-4.4,-26.76
POLYSIL,150.0,2026-06-05,8.26,10.95,1.25,-23.78,-55.63,183.82
BTML,6.46,2026-06-08,1.57,-0.46,1.25,-15.11,-22.26,-18.02
RRIL,20.39,2026-06-08,1.14,0.64,1.24,,,
TIPSMUSIC,656.3,2026-06-08,0.17,2.09,1.23,28.6,28.07,-1.86
HAWKINCOOK,7585.0,2026-06-08,1.22,5.46,1.21,,,
TMB,738.95,2026-06-08,1.47,7.99,1.21,17.27,44.04,66.06
SAMHI,159.28,2026-06-08,-3.25,-1.99,1.16,6.81,-12.23,-24.81
ZYDUSWELL,523.5,2026-06-08,5.89,7.66,1.16,37.33,26.94,34.87
EMBASSY,428.2,2026-06-05,-2.12,-0.59,1.16,3.56,-0.03,15.12
MOHEALTH,47.55,2026-06-08,0.89,-1.49,1.15,7.26,7.24,9.18
CLSL,44.0,2026-06-05,-2.22,5.64,1.15,-5.38,-15.38,-15.55
AXISBPSETF,13.33,2026-04-29,0.0,0.23,1.14,1.76,2.54,5.88
S&SPOWER,401.15,2026-06-08,0.63,8.9,1.07,21.18,96.47,12.19
SAKUMA,1.92,2026-06-08,-7.69,9.09,1.05,12.94,-13.12,-36.0
RCOM,0.98,2026-06-08,8.89,7.69,1.03,20.99,-16.95,-49.74
XPROINDIA,1165.0,2026-06-08,3.85,4.31,1.01,27.13,22.93,-8.16
TINNARUBR,845.05,2026-06-08,5.16,7.4,1.0,31.33,7.19,-11.13
GILT5YBEES,65.16,2026-06-08,1.27,1.4,0.99,1.02,2.39,3.74
GENESYS,265.9,2026-06-08,3.04,4.83,0.99,-2.39,-37.35,-61.38
LGEINDIA,1519.9,2026-06-08,-1.24,-0.94,0.97,-3.79,-2.95,
SUPREMEENG,1.05,2026-06-08,14.13,7.14,0.96,8.25,-10.26,-51.61
KEI,5148.0,2026-06-08,-0.5,-2.53,0.95,4.61,25.86,37.52
SHREMINVIT,101.0,2026-06-05,0.0,1.1,0.94,3.75,7.82,13.3
RVHL,41.46,2026-06-08,8.14,11.3,0.93,6.33,-22.02,-24.08
DATAPATTNS,4141.3,2026-06-08,7.85,1.11,0.92,18.62,60.06,35.55
JAYKAY,177.41,2026-06-08,4.77,-10.27,0.9,23.79,-9.0,
GUJGASLTD,400.0,2026-06-08,0.81,5.96,0.9,1.1,-0.1,-15.56
NMDC,89.59,2026-06-08,-3.01,-0.67,0.89,12.28,23.65,29.13
RBA,68.69,2026-06-08,1.09,0.93,0.88,8.6,12.98,-14.35
TORNTPHARM,4410.4,2026-06-08,1.38,-3.36,0.88,2.35,18.34,41.33
GUJTHEM,401.95,2026-06-08,0.79,3.24,0.87,34.88,6.38,24.83
FINEORG,4692.9,2026-06-08,4.48,2.96,0.84,9.73,7.28,-1.97
ARVINDFASN,463.85,2026-06-08,-0.37,-0.38,0.83,8.45,-1.37,2.89
MEDANTA,1210.4,2026-06-08,3.56,-3.11,0.82,9.04,4.35,-0.43
VOLTAMP,9613.5,2026-06-08,4.87,4.35,0.82,10.68,25.14,6.1
EBBETF0430,1586.01,2026-06-08,0.97,1.37,0.81,0.88,1.41,4.21
RITCO,250.1,2026-06-08,-6.12,-5.22,0.81,29.53,-10.49,-15.59
UWCSL,92.95,2026-06-05,-4.96,-4.96,0.81,-9.8,-18.79,-41.58
HTMEDIA,22.57,2026-06-08,1.39,2.54,0.8,10.64,0.09,9.4
MENONBE,142.42,2026-06-08,-0.01,-4.88,0.79,21.22,33.54,20.39
RELIGARE,224.7,2026-06-08,-4.63,-5.03,0.76,8.28,-1.33,-4.79
INDTERRAIN,32.25,2026-06-08,3.5,0.12,0.75,8.59,-6.52,-18.02
INFY,1187.6,2026-06-08,-1.24,1.63,0.71,-9.23,-26.27,-22.89
EBBETF0425,1290.83,2025-04-08,0.02,0.23,0.7,1.9,3.85,7.57
IFGLEXPOR,190.6,2026-06-08,8.01,8.21,0.68,20.76,-0.96,-27.29
HEALTHCARE,19.96,2026-06-08,1.06,-1.24,0.66,7.08,,
CMICABLES,3.06,2026-06-08,-4.97,-4.08,0.66,-27.32,-38.18,-10.0
SHINDL,154.48,2026-06-08,-0.23,-2.47,0.64,,,
SYNOPTICS,55.9,2026-06-05,21.13,15.38,0.63,6.78,-17.61,-31.41
TIIL,2496.5,2026-06-08,4.66,-4.26,0.62,18.36,13.77,-17.79
BBL,2808.5,2026-06-08,2.44,2.23,0.55,20.3,1.05,-4.89
GILT10BETA,25.94,2026-06-08,-0.08,1.49,0.54,-0.46,-0.99,-0.46
CYIENTDLM,435.2,2026-06-08,0.51,-0.61,0.53,47.18,4.2,-10.24
MANBA,117.01,2026-06-08,3.93,8.72,0.53,1.49,-15.0,-15.27
CHOICEGOLD,149.48,2026-06-08,-2.15,-4.45,0.52,-4.57,16.96,
UNIONGOLD,147.35,2026-06-08,-2.35,-4.54,0.51,-4.84,16.81,53.49
TDPOWERSYS,1225.8,2026-06-08,-0.4,-5.84,0.51,39.49,81.65,147.1
LTGILTBEES,29.38,2026-06-08,0.58,0.65,0.51,0.0,0.58,1.42
MICROPRO,20.0,2026-06-05,0.76,4.17,0.5,1.27,0.0,-15.25
EBBETF0433,1280.98,2026-06-08,0.75,1.25,0.49,0.24,0.39,2.34
EMMBI,83.24,2026-06-08,-1.2,-1.79,0.48,1.72,-14.14,-26.77
FIEMIND,2277.9,2026-06-08,1.9,0.19,0.48,8.75,0.51,22.92
MOGSEC,64.09,2026-06-08,1.17,0.98,0.45,0.28,2.07,3.37
RBLBANK,344.95,2026-06-08,1.82,0.47,0.44,13.55,14.98,59.08
GSEC10YEAR,29.88,2026-06-08,0.61,0.74,0.44,0.07,0.91,2.05
ROML,46.0,2026-06-08,-0.09,0.66,0.44,2.27,-6.41,-3.52
SMVD,11.55,2026-06-05,5.0,5.0,0.43,13.79,79.07,-43.66
BEPL,97.76,2026-06-08,3.93,2.48,0.42,24.9,10.2,-12.71
DRL,11.85,2026-06-05,-6.69,-6.69,0.42,13.4,-46.01,-59.97
JBMA,652.55,2026-06-08,0.87,2.3,0.41,25.03,15.03,-7.68
ITALIANE,37.25,2026-06-05,12.03,5.67,0.4,-15.53,7.04,0.7
LIQUID1,1107.9,2026-06-08,0.09,0.19,0.4,1.24,2.45,5.13
THERMAX,4696.4,2026-06-08,-5.94,5.88,0.4,48.53,67.39,33.49
LTGILTCASE,29.93,2026-06-08,0.61,0.64,0.4,-0.07,0.54,
LIQUIDADD,1130.06,2026-06-08,0.09,0.19,0.39,1.22,2.41,5.02
LIQUIDPLUS,1088.88,2026-06-08,0.09,0.19,0.39,1.24,2.44,5.12
AONELIQUID,1062.84,2026-06-08,0.09,0.19,0.39,1.24,2.43,5.09
CASHIETF,1065.49,2026-06-08,0.09,0.19,0.39,1.23,2.44,5.08
SBILIQETF,1042.18,2026-06-08,0.09,0.19,0.39,1.22,2.43,
HDFCLIQUID,1063.96,2026-06-08,0.09,0.19,0.39,1.27,2.37,6.15
ELIQUID,1034.11,2026-06-08,0.09,0.19,0.39,1.25,2.45,
LIQUIDBETF,1084.93,2026-06-08,0.09,0.18,0.38,1.21,2.36,4.93
HEALTHY,15.89,2026-06-08,1.6,-1.73,0.38,4.47,4.75,11.12
LIQUIDCASE,114.42,2026-06-08,0.08,0.18,0.38,1.22,2.42,5.03
GROWWLIQID,109.38,2026-06-08,0.08,0.17,0.37,1.16,2.28,4.81
LIQUIDSHRI,1107.71,2026-06-08,0.09,0.18,0.37,1.17,2.32,4.86
LIQGRWBEES,1042.61,2026-06-08,0.09,0.18,0.37,1.17,2.31,
ABGSEC,112.0,2026-06-08,0.01,0.99,0.37,-1.02,0.41,1.17
AONEGOLD,14.05,2026-06-08,-2.29,-4.81,0.36,-4.87,16.79,
BBETF0432,1319.94,2026-06-08,0.83,1.35,0.35,0.13,0.27,2.62
VENUSPIPES,1407.9,2026-06-08,2.53,-0.45,0.35,37.93,16.2,-1.42
CGCL,198.62,2026-06-08,0.3,4.92,0.33,23.18,6.91,30.78
HSBCGOLD,131.28,2026-06-08,-1.65,-4.52,0.33,,,
PARAGON,49.2,2026-06-05,-3.05,-0.4,0.31,8.13,6.15,-26.35
LICNETFGSC,28.86,2026-06-08,0.63,0.7,0.31,-0.41,0.28,1.23
YASHOPTICS,129.3,2026-06-05,-1.3,-2.6,0.31,19.12,10.47,66.09
EBBETF0431,1407.14,2026-06-08,0.75,1.15,0.3,0.36,0.45,3.23
JSWENERGY,570.95,2026-06-08,-1.81,2.84,0.3,17.35,26.23,9.57
TVSSRICHAK,3954.1,2026-06-08,1.39,10.06,0.3,6.84,-11.87,34.5
SCPL,460.5,2026-06-08,3.18,9.72,0.29,41.37,137.25,38.98
NIVABUPA,81.52,2026-06-08,-3.53,-2.91,0.28,13.74,8.09,-1.75
FDC,381.25,2026-06-08,-3.52,3.22,0.28,5.27,-6.96,-10.04
ONDOOR,162.45,2026-06-05,-1.52,-8.89,0.28,5.97,30.22,6.18
GSEC10IETF,260.16,2026-06-08,1.03,0.61,0.28,-0.23,-0.01,-0.03
ASIANHOTNR,296.95,2026-06-08,-2.91,-2.37,0.27,1.47,-7.68,-15.23
GSEC5IETF,65.16,2026-06-08,0.95,0.17,0.26,0.79,1.86,3.54
YESBANK,23.0,2026-06-08,-0.04,3.19,0.26,14.31,5.02,10.31
KRISHCA,180.0,2026-06-05,3.9,-4.38,0.25,3.45,0.0,-30.06
BSE,3916.8,2026-06-08,-3.68,-8.72,0.24,42.35,39.95,33.53
ABSLLIQUID,1000.0,2026-06-08,0.0,0.25,0.24,0.77,1.57,3.28
SPAL,814.6,2026-06-08,5.35,5.97,0.23,18.82,13.32,-2.08
HEALTHIETF,158.43,2026-06-08,1.09,-1.73,0.23,4.45,5.52,9.96
ADANIPOWER,225.85,2026-06-08,-2.78,-3.23,0.23,62.49,62.44,103.38
IDFCFIRSTB,71.43,2026-06-08,0.25,2.84,0.22,2.07,-9.72,0.16
RADICO,3484.9,2026-06-08,-0.6,-1.54,0.22,25.95,10.7,32.68
UNITEDPOLY,33.16,2026-06-08,-2.21,-2.13,0.21,30.04,-9.99,116.03
TIINDIA,3056.1,2026-06-08,-0.02,0.28,0.21,12.24,19.16,-0.22
MUFIN,118.65,2026-06-08,-1.79,-3.88,0.16,10.36,10.72,49.85
RUCHINFRA,6.28,2026-06-08,-1.26,1.13,0.16,9.98,-5.85,-34.45
TECHNVISN,5489.5,2026-06-08,0.72,1.66,0.13,,,
UNIMECH,1045.25,2026-06-08,10.5,9.82,0.13,17.51,10.96,-23.43
SANGAMIND,523.6,2026-06-08,-0.41,1.9,0.11,20.81,23.42,22.11
BANARISUG,3613.0,2026-06-08,0.24,0.2,0.11,0.32,0.36,-8.1
GOLDBETA,126.65,2026-06-08,-2.54,-4.63,0.08,-4.92,16.78,54.17
PHARMABEES,24.8,2026-06-08,-0.32,-2.09,0.08,5.35,6.94,12.22
QGOLDHALF,124.54,2026-06-08,-2.6,-4.73,0.05,-4.92,16.61,53.6
GOLDCASE,23.67,2026-06-08,-2.51,-4.83,0.04,-5.88,16.83,53.4
PFS,31.13,2026-06-08,1.5,1.6,0.03,8.66,-2.93,-18.12
JUBLCPL,1816.8,2026-06-08,5.59,-0.75,0.02,-0.38,-17.69,12.14
ICICIAMC,3233.5,2026-06-08,-2.94,-3.31,0.01,7.88,,
LIQUID,999.99,2026-06-08,0.0,0.0,0.0,0.4,1.57,4.08
AHIMSA,24.7,2026-06-05,0.0,0.0,0.0,-0.4,-1.2,11.76
KTL,4.85,2026-06-05,0.0,0.0,0.0,0.0,8.99,-44.25
KALYANI,138.09,2026-06-05,0.0,0.0,0.0,0.0,0.0,
WATERBASE,74.9,2023-12-06,0.0,0.0,0.0,-13.41,-1.45,-5.79
DRSDILIP,119.5,2026-06-05,0.0,0.0,0.0,13.81,70.71,21.94
DSKULKARNI,13.55,2026-06-05,0.0,0.0,0.0,0.0,0.0,0.0
TECHIN,14.0,2026-06-05,0.0,0.0,0.0,0.0,0.0,-3.91
LIQUIDSBI,1000.01,2026-06-08,0.0,0.0,0.0,0.42,1.55,3.53
LLOYDS,93.15,2026-06-05,0.0,0.0,0.0,80.87,33.07,-6.94
APLAB,32.5,2026-06-05,0.0,0.0,0.0,0.0,0.0,0.0
SHIGAN,72.7,2026-06-05,-4.41,-12.41,0.0,25.13,38.48,-10.55
SHAIVAL,33.0,2026-06-05,0.0,0.0,0.0,8.2,8.2,8.2
MAKS,26.0,2026-06-05,0.0,0.0,0.0,-11.11,-20.73,-13.19
BKMINDST,45.0,2026-06-05,0.0,0.0,0.0,0.0,0.0,0.0
JAKHARIA,60.5,2026-06-05,0.0,0.0,0.0,0.0,0.0,-30.1
EDUCOMP,0.98,2026-06-08,1.03,-1.01,0.0,-7.55,-24.62,-48.69
MARSHALL,3.64,2026-06-05,0.0,0.0,0.0,0.0,-8.31,-68.32
JINDCOT,2.5,2024-11-08,0.0,0.0,0.0,0.0,0.0,0.0
JETKNIT,89.2,2026-06-05,0.0,0.0,0.0,0.0,-9.72,-18.87
LIQUIDBEES,999.99,2026-06-08,0.0,0.0,-0.0,-0.0,-0.0,1.31
LIQUIDETF,999.99,2026-06-08,0.0,-0.0,-0.0,0.38,1.45,3.77
LIQUIDIETF,999.99,2026-06-08,0.0,0.0,0.0,0.0,0.0,0.0
HEALTHX,300.55,2026-06-08,-0.3,-6.79,0.0,6.96,-2.45,8.15
NXST,155.37,2026-06-05,0.45,-1.59,-0.0,0.45,-1.76,20.55
BURNPUR,33.0,2026-06-05,0.0,0.0,0.0,0.0,0.0,0.0
BRIGHT,2.8,2026-06-05,0.0,0.0,0.0,0.0,0.0,0.0
SUULD,1.57,2026-06-05,0.0,0.0,0.0,0.0,-5.99,-44.91
VELS,68.35,2026-06-05,0.0,0.0,0.0,18.15,13.73,-17.4
MINDPOOL,71.1,2026-06-05,0.0,0.0,0.0,0.0,0.0,37.92
AJRINFRA,0.7,2026-06-05,0.0,0.0,0.0,0.0,0.0,0.0
MBECL,65.4,2026-06-05,0.0,0.0,0.0,0.0,0.0,0.0
MELSTAR,4.25,2026-06-05,0.0,0.0,0.0,0.0,0.0,0.0
INDLMETER,23.69,2026-06-05,0.0,0.0,0.0,0.0,0.0,0.0
VERA,69.0,2026-06-05,0.0,0.0,0.0,-1.43,-1.29,1.47
OPAL,43.0,2026-06-05,0.0,0.0,0.0,0.0,0.0,0.0
PATTECH,116.85,2026-06-05,0.0,0.0,0.0,1.61,-0.3,36.11
HERCULES,159.32,2026-06-05,0.0,0.0,0.0,0.0,-4.25,-14.48
AVSL,119.7,2026-06-05,0.0,0.0,0.0,0.0,-0.25,-7.35
AURIGROW,0.35,2026-06-08,12.9,12.9,0.0,59.09,-42.62,-28.57
ALPSINDUS,34.3,2026-06-05,0.0,0.0,0.0,0.0,73.23,42.32
SRIRAM,10.1,2026-06-05,0.0,0.0,0.0,0.0,0.0,0.0
SECURCRED,1.56,2026-06-05,0.0,0.0,0.0,0.0,0.0,0.0
VIVO,76.0,2026-06-05,-7.09,-7.09,0.0,4.68,1.2,16.74
ANDREWYU,31.35,2023-12-06,0.0,0.0,0.0,-0.32,29.31,21.31
RMCL,200.0,2026-06-05,0.0,0.0,0.0,0.0,0.0,0.0
SIIL,26.0,2026-06-05,0.0,0.0,0.0,0.0,0.0,0.0
SAHAJ,3.85,2026-06-05,0.0,0.0,0.0,-17.2,-40.31,-64.02
FIVECORE,31.7,2026-06-05,0.0,0.0,0.0,0.0,0.0,0.0
PERFECT,8.1,2026-06-05,0.0,0.0,0.0,0.0,0.0,-43.94
OMKARCHEM,3.41,2026-06-05,0.0,0.0,0.0,-18.42,-31.8,-56.34
PREMIER,2.9,2026-06-08,-3.33,-1.69,0.0,-4.29,-1.69,-18.31
DESTINY,105.9,2026-06-05,0.0,0.0,0.0,-14.22,-14.94,35.51
VASA,4.65,2026-06-05,0.0,0.0,0.0,-2.11,-7.0,17.72
DHARAN,0.14,2026-06-08,0.0,7.69,0.0,-6.67,-56.25,-62.16
PODDARHOUS,43.37,2026-06-05,0.0,0.0,0.0,0.0,0.0,15.72
GROWWGOLD,14.68,2026-06-08,-2.39,-4.74,0.0,-4.8,-88.35,-84.72
GOENKA,0.82,2026-06-05,0.0,0.0,0.0,0.0,-5.75,-9.89
GANGOTRI,0.61,2026-06-05,0.0,0.0,0.0,0.0,0.0,-6.15
COMSYN,153.01,2026-06-08,-0.02,-0.2,-0.01,-0.03,10.87,20.64
AXISBANK,1268.1,2026-06-08,-0.61,-3.29,-0.02,-3.63,-0.45,6.24
AMBIKCO,1620.2,2026-06-08,-3.27,0.94,-0.03,17.89,33.01,-1.61
HALDYNGL,114.46,2026-06-08,3.88,0.24,-0.03,,,
CRAFTSMAN,8976.0,2026-06-08,2.33,3.26,-0.06,20.35,29.92,60.29
HDFCGOLD,128.42,2026-06-08,-2.53,-4.73,-0.06,-4.95,16.48,53.23
SETFGOLD,128.11,2026-06-08,-2.57,-4.85,-0.06,-5.01,16.35,53.04
MAHLIFE,334.45,2026-06-08,-0.36,-0.55,-0.07,-6.22,-15.55,-0.24
TTKPRESTIG,518.5,2026-06-08,-4.18,-0.9,-0.07,10.58,-18.16,-15.75
LICMFGOLD,135.65,2026-06-08,-2.45,-4.37,-0.07,-99.06,-98.83,-98.47
TATAGOLD,14.58,2026-06-08,-2.47,-4.77,-0.07,-4.95,16.55,52.83
SOLARA,524.9,2026-06-08,-4.11,-5.3,-0.09,14.34,-4.62,10.55
MIDHANI,420.85,2026-06-08,3.2,1.02,-0.09,19.59,42.94,-0.77
FEDDERSHOL,34.69,2026-06-08,-4.07,5.76,-0.09,,,
ANGELONE,325.7,2026-06-08,-2.95,-5.99,-0.09,49.42,30.17,2.88
SDL26BEES,136.94,2026-04-27,-0.44,-0.33,-0.1,1.29,2.15,5.7
KHAITANLTD,131.05,2026-06-08,-2.19,-2.52,-0.11,36.75,31.04,-1.0
GOLDBEES,124.16,2026-06-08,-2.61,-4.87,-0.12,-5.09,16.2,52.85
HEALTHADD,155.57,2026-06-08,0.88,-1.88,-0.12,3.85,5.26,10.05
GOLDADD,145.95,2026-06-08,-2.53,-4.76,-0.12,-5.01,16.46,53.08
AHCL,14.06,2026-06-08,3.46,2.03,-0.14,20.54,-1.26,
OILCOUNTUB,58.38,2026-06-08,7.43,3.11,-0.14,24.72,-6.32,-24.91
KKVAPOW,613.0,2026-06-05,0.0,0.0,-0.16,-7.82,-3.31,12.35
SETF10GILT,258.76,2026-06-08,0.07,0.45,-0.16,-0.79,-0.49,-0.05
INM,164.85,2026-06-05,-3.6,-1.87,-0.18,-3.6,-40.49,-68.64
YUDIZ,26.0,2026-06-05,6.12,1.36,-0.19,-18.75,-10.03,-13.33
BSLGOLDETF,132.03,2026-06-08,-2.75,-4.82,-0.19,-6.16,16.48,53.45
GOLDETF,145.63,2026-06-08,-2.73,-4.95,-0.19,-6.28,16.36,52.59
AXISHCETF,156.74,2026-06-08,-0.02,-1.99,-0.2,4.26,5.42,9.69
NAZARA,268.05,2026-06-08,-1.65,-7.65,-0.2,9.83,19.13,-13.4
TITAGARH,838.15,2026-06-08,4.58,0.73,-0.21,23.2,9.84,-10.81
TVSSCS,124.97,2026-06-08,11.05,3.44,-0.26,11.82,22.65,-4.76
WANBURY,252.4,2026-06-08,-5.31,-11.0,-0.26,0.46,6.75,-14.61
IVZINGOLD,130.4,2026-06-08,-2.69,-5.09,-0.27,-99.05,-98.84,-98.47
STARHEALTH,518.75,2026-06-08,-2.66,-1.31,-0.27,13.05,12.36,10.37
MODTHREAD,46.67,2026-06-08,-1.27,6.72,-0.28,-10.35,5.59,7.02
EGOLD,150.4,2026-06-08,-2.5,-4.75,-0.3,-4.63,16.63,52.85
GOLD360,146.1,2026-06-08,-2.76,-5.16,-0.31,-5.19,16.0,51.32
GOLD1,125.07,2026-06-08,-2.84,-5.18,-0.31,-5.14,16.39,52.9
DENORA,755.35,2026-06-08,7.43,5.78,-0.33,8.71,10.91,-15.89
TWCGOLDETF,149.64,2026-06-08,-2.48,-4.65,-0.33,-6.49,,
KRIDHANINF,3.0,2026-06-08,-1.96,-3.85,-0.33,5.63,-21.67,-34.64
NAHARSPING,274.45,2026-06-08,1.55,4.35,-0.35,39.07,42.31,-2.27
PRIMO,24.8,2026-06-08,12.78,12.98,-0.36,37.02,11.31,0.77
REMUS,703.2,2026-06-05,-0.95,-6.74,-0.36,14.33,8.08,-64.62
AKASH,27.11,2026-06-08,0.59,-1.95,-0.4,10.2,9.14,-4.98
VARDMNPOLY,6.92,2026-06-08,4.37,7.45,-0.43,-19.63,14.0,-42.19
GOLDIETF,128.37,2026-06-08,-2.68,-4.91,-0.43,-5.09,15.92,52.79
TEXMOPIPES,46.84,2026-06-08,8.58,4.55,-0.49,7.21,-1.64,-27.76
HARDWYN,24.43,2026-06-08,-2.48,-2.98,-0.49,43.88,38.81,68.48
NORTHARC,285.85,2026-06-08,2.81,-0.26,-0.5,19.13,12.83,31.62
MAXHEALTH,1007.45,2026-06-08,7.35,0.66,-0.5,-3.32,-6.67,-13.66
BAHETI,619.9,2026-06-05,3.32,2.97,-0.53,7.49,9.2,5.43
GSMFOILS,207.6,2026-06-05,2.7,4.3,-0.53,3.54,1.52,35.16
MINDSPACE,459.93,2026-06-05,-0.58,-0.37,-0.54,1.71,-4.4,22.45
STLNETWORK,26.95,2026-06-08,-8.61,2.67,-0.55,38.85,23.68,
AGIIL,369.05,2026-06-08,5.19,-3.62,-0.55,23.04,36.36,105.38
TIMKEN,3574.9,2026-06-08,0.73,-1.28,-0.56,5.6,18.56,9.13
TCI,965.15,2026-06-08,4.99,5.33,-0.56,-1.41,-6.68,-14.38
BBNPPGOLD,144.85,2026-06-08,-2.79,-4.95,-0.58,-6.7,16.07,51.52
SAIL,183.78,2026-06-08,-9.77,-7.33,-0.59,18.61,41.64,37.8
SAHLIBHFI,74.56,2026-06-08,-9.26,5.39,-0.61,,,
ENDURANCE,2513.5,2026-06-08,-8.0,-10.27,-0.61,2.52,-5.48,1.69
QUINT,41.68,2026-06-08,8.46,1.41,-0.62,,,
UNIONBANK,165.18,2026-06-08,1.62,-2.19,-0.64,-12.44,11.34,11.41
INNOVACAP,870.05,2026-06-08,1.07,1.75,-0.65,27.97,30.53,-1.85
AGARWALEYE,451.6,2026-06-08,-6.18,-5.86,-0.66,1.88,-9.63,22.75
AFFLE,1496.3,2026-06-08,3.95,1.91,-0.66,10.79,-7.07,-16.84
AKIKO,254.0,2026-06-05,-0.04,-2.55,-0.68,27.32,-6.26,209.38
OAL,314.65,2026-06-08,0.74,-4.26,-0.68,27.34,10.71,-17.59
KPIL,1266.9,2026-06-08,-2.68,-0.48,-0.69,11.73,9.75,11.05
MOGOLD,148.05,2026-06-08,-2.69,-5.19,-0.7,-4.97,16.16,
PARADEEP,124.0,2026-06-08,0.37,-3.58,-0.7,17.69,-19.14,-27.49
AFSL,201.0,2026-06-08,0.0,-0.02,-0.72,-1.1,-0.05,-8.26
ZTECH,603.0,2026-06-05,0.47,-1.48,-0.74,17.69,19.03,11.25
APCOTEXIND,516.75,2026-06-08,4.88,4.42,-0.75,40.57,39.64,40.34
AVROIND,11.97,2026-06-08,16.21,5.09,-0.75,-9.63,0.09,-34.13
SADHAV,118.1,2026-06-05,4.98,4.56,-0.76,11.42,22.7,11.1
ABB,6958.0,2026-06-08,-0.99,3.01,-0.78,15.25,38.14,15.67
AXISGOLD,124.43,2026-06-08,-3.01,-5.36,-0.79,-5.35,15.5,52.17
AUTOIND,77.91,2026-06-08,-2.75,-7.43,-0.79,10.64,10.4,-10.7
NIFTY100EW,34.1,2026-06-08,0.35,-0.67,-0.84,2.9,2.0,4.06
METAL,13.01,2026-06-08,-4.41,-3.2,-0.84,7.88,27.8,38.4
GSEC10ABSL,109.44,2026-06-05,-0.3,-0.91,-0.86,-1.68,-1.07,0.12
VHLTD,137.22,2026-06-08,-1.47,-1.73,-0.87,-7.96,8.52,33.25
REDTAPE,132.66,2026-06-08,-4.5,-0.38,-0.87,11.94,6.34,-0.37
STEELCAS,285.05,2026-06-08,5.77,-0.42,-0.87,25.68,33.53,34.39
ISHANCH,61.38,2026-06-08,3.77,-3.96,-0.9,6.21,-3.6,56.02
ATALREAL,28.18,2026-06-08,-2.99,-6.04,-0.91,19.97,16.45,69.25
KONTOR,65.55,2026-06-05,8.44,-15.15,-0.91,-12.6,-0.68,-11.84
SMCGLOBAL,64.88,2026-06-08,9.1,4.41,-0.93,-9.56,-9.04,12.02
PERSISTENT,5065.0,2026-06-08,-6.24,0.54,-0.95,6.02,-19.91,-10.21
MADHUSUDAN,155.05,2026-06-05,-0.61,-7.16,-0.96,12.36,22.57,3.89
KOTAKBANK,377.1,2026-06-08,-0.08,-4.01,-0.97,-5.68,-11.55,-8.96
SUZLON,54.43,2026-06-08,0.93,0.81,-0.98,36.11,5.12,-18.41
CASTROLIND,183.06,2026-06-08,-0.49,0.17,-0.98,0.81,-0.4,-11.7
GMRAIRPORT,100.32,2026-06-08,3.36,3.53,-0.99,5.53,1.63,16.3
ERIS,1365.1,2026-06-08,-0.96,1.4,-0.99,0.86,-10.53,-16.23
VSSL,272.25,2026-06-08,0.48,-0.53,-1.0,11.58,-2.4,4.48
SANOFICONR,4719.8,2026-06-08,2.9,2.39,-1.0,7.02,1.69,-6.32
RAYMOND,510.45,2026-06-08,-3.69,-8.67,-1.02,34.08,14.62,-17.29
UNITECH,4.84,2026-06-08,0.62,-10.54,-1.02,0.0,-19.2,-41.4
SKIL,0.95,2026-06-08,-5.0,-5.0,-1.04,-11.21,-14.41,-66.43
WINDLAS,814.2,2026-06-08,0.14,3.69,-1.05,9.53,8.05,-10.41
GROWWMETAL,12.29,2026-06-08,-4.06,-2.85,-1.05,7.9,,
KTKBANK,256.6,2026-06-08,-3.42,-2.89,-1.06,17.81,25.05,33.19
CELLECOR,36.95,2026-06-05,-4.89,-11.81,-1.07,46.92,18.05,-3.9
ASCOM,260.0,2026-06-05,4.5,9.47,-1.07,13.29,136.36,239.65
TNTELE,9.27,2026-06-08,-3.94,1.2,-1.07,5.82,-8.31,-5.31
SUPERHOUSE,151.41,2026-06-08,-0.53,-2.15,-1.07,0.13,2.4,-12.02
SUNDROP,662.85,2026-06-08,-1.36,-1.86,-1.09,5.66,-7.76,-25.78
PIDILITIND,1459.8,2026-06-08,0.18,-1.18,-1.1,1.81,0.25,-3.61
ORTEL,1.75,2026-06-08,9.37,10.06,-1.13,18.24,29.63,-16.67
ICICIBANK,1250.2,2026-06-08,0.85,-3.22,-1.15,-4.81,-10.03,-13.69
CCAVENUE,13.79,2026-06-08,-1.22,-1.29,-1.15,-12.28,-18.83,-38.87
GOLDBND,149.86,2026-06-08,-2.62,-4.89,-1.16,-6.9,,
BHARTIARTL,1813.3,2026-06-08,0.15,-3.28,-1.16,-3.07,-13.08,-2.23
GLOSTERLTD,657.35,2026-06-08,-1.3,-2.89,-1.19,20.5,2.98,-3.78
CANHLIFE,140.04,2026-06-08,2.83,0.37,-1.19,-4.02,14.89,
ALLDIGI,825.95,2026-06-08,0.19,-0.25,-1.2,5.28,3.43,-3.11
METALIETF,12.99,2026-06-08,-4.2,-2.99,-1.22,7.8,27.6,38.34
SBIETFPB,266.56,2026-06-08,0.39,-2.66,-1.24,-4.79,-8.58,-5.51
ITI,296.3,2026-06-08,0.29,1.91,-1.25,14.34,-3.17,-8.91
INFINIUM,207.5,2026-06-05,-1.89,-3.04,-1.28,-1.07,-12.23,-28.14
NARMADA,36.54,2026-06-08,0.36,-1.62,-1.3,14.37,62.33,107.85
MANAKCOAT,103.64,2026-06-08,1.36,-3.39,-1.3,-16.96,-21.82,-18.15
KOTYARK,402.25,2026-06-08,-4.5,-8.06,-1.31,34.02,54.38,22.11
PVTBANIETF,26.33,2026-06-08,0.15,-2.98,-1.31,-4.77,-8.7,-5.46
MCCHRLS-B,678.55,2026-06-08,-1.84,0.27,-1.32,,,
BANCOINDIA,627.8,2026-06-08,-4.09,0.49,-1.33,9.41,-9.82,14.97
TICL,22.92,2026-06-08,-1.33,-1.12,-1.33,-6.87,-8.79,-12.79
CAPTRUST,13.37,2026-06-08,1.67,-7.54,-1.33,12.35,14.08,-86.53
JSWSTEEL,1260.7,2026-06-08,-2.98,-2.23,-1.34,2.19,12.65,25.79
BRIGHOTEL,63.32,2026-06-08,2.84,2.64,-1.36,6.46,-15.09,
SBIBPB,47.76,2026-06-08,2.47,-0.25,-1.38,-9.95,0.63,14.37
LICI,395.5,2026-06-08,-2.31,-5.54,-1.39,-3.81,-7.76,-16.5
DRREDDY,1275.6,2026-06-08,-1.15,-4.19,-1.41,-2.16,0.72,-2.82
TTML,43.48,2026-06-08,2.33,1.45,-1.41,8.73,-4.75,-38.86
IGL,163.62,2026-06-08,-0.55,1.96,-1.43,4.04,-9.87,-20.26
PNB,105.71,2026-06-08,1.86,-0.52,-1.43,-11.4,-8.87,-1.28
LLOYDSME,1711.2,2026-06-08,-5.85,-5.01,-1.45,44.53,40.32,17.29
RADIOCITY,6.07,2026-06-08,-0.33,-1.3,-1.46,2.71,-8.03,-34.38
ANTHEM,773.1,2026-06-08,2.53,1.01,-1.47,16.57,19.14,
ACSTECH,36.1,2026-06-08,8.96,4.94,-1.47,,,
TATAELXSI,4255.4,2026-06-08,-1.1,-1.66,-1.49,-1.73,-15.48,-33.52
SPECIALITY,106.26,2026-06-08,-1.68,-6.25,-1.49,5.09,-9.36,-16.29
GOLDTECH,42.53,2026-06-08,-1.69,-0.47,-1.51,6.59,-18.37,-41.91
MORARJEE,7.14,2026-06-08,-3.25,-20.93,-1.52,17.43,7.37,-9.51
EFCIL,186.96,2026-06-08,4.53,1.56,-1.53,-20.02,-28.98,
SELMC,30.11,2026-06-08,2.03,1.21,-1.54,-0.92,0.07,-18.67
MUKANDLTD,137.15,2026-06-08,-1.17,-2.13,-1.54,9.81,4.99,18.4
LT,3875.5,2026-06-08,-3.37,-3.91,-1.54,-0.92,-2.09,7.03
DCAL,184.37,2026-06-08,-5.75,-7.74,-1.54,12.26,-16.36,-31.23
BANDHANBNK,202.91,2026-06-08,-2.04,3.02,-1.55,10.86,49.78,17.99
CHAMBLFERT,448.7,2026-06-08,-4.42,-3.18,-1.56,4.92,6.6,-15.22
PSUBANKADD,82.99,2026-06-08,2.62,-0.62,-1.58,-10.31,1.19,16.48
BANKPSU,82.72,2026-06-08,2.27,-0.48,-1.58,-10.3,1.17,15.79
3MINDIA,31540.0,2026-06-08,-3.13,-6.17,-1.58,-8.1,-9.67,9.27
MOVALUE,115.68,2026-06-08,-0.58,-2.36,-1.59,-5.87,4.39,12.23
TEAMGTY,249.3,2026-06-08,-0.78,-1.17,-1.62,-3.5,-20.1,51.4
SIRCA,416.15,2026-06-08,-1.54,-0.9,-1.64,-7.81,-11.38,13.67
SICAGEN,53.84,2026-06-08,-4.61,-4.59,-1.64,121.11,121.11,121.11
GEMAROMA,163.3,2026-06-08,9.9,6.14,-1.66,-17.96,19.59,
BLBLIMITED,16.55,2026-06-08,-2.93,1.66,-1.66,-5.7,15.33,11.45
BAJAJHIND,19.44,2026-06-08,2.1,4.85,-1.67,20.52,3.79,-19.6
EUROBOND,172.49,2026-06-08,-6.01,-7.73,-1.69,6.96,-5.45,6.15
HDFCPSUBK,82.98,2026-06-08,1.92,-0.49,-1.69,-12.15,0.94,15.96
DDEVPLSTIK,245.08,2026-06-08,-0.68,3.37,-1.69,-9.78,-10.6,-9.4
PCCL,294.95,2026-06-05,13.44,2.06,-1.7,34.13,51.14,52.94
INFOBEAN,168.99,2026-06-08,5.9,8.75,-1.73,8.86,5.68,81.97
EMKAYTOOLS,98.9,2026-06-05,-3.04,-6.7,-1.74,2.38,-19.59,-63.89
PSUBNKIETF,83.28,2026-06-08,2.17,-0.76,-1.75,-10.43,0.93,16.05
ASTRAZEN,8343.5,2026-06-08,-4.42,-5.19,-1.76,-4.15,-7.72,-14.48
CORDSCABLE,213.45,2026-06-08,-6.34,-9.4,-1.76,28.58,17.06,7.22
DUCON,3.33,2026-06-08,-6.72,-5.4,-1.77,9.54,-8.26,-46.46
PSUBANK,822.44,2026-06-08,2.06,-0.35,-1.77,-10.72,1.17,15.96
VALUE,16.42,2026-06-08,-1.08,-2.15,-1.79,,,
KABRAEXTRU,237.65,2026-06-08,5.9,2.91,-1.79,-4.12,8.0,-15.7
HDFCPVTBAN,26.53,2026-06-08,-0.08,-2.75,-1.81,-6.91,-8.96,-5.62
CANBK,131.91,2026-06-08,3.09,-1.34,-1.81,-9.63,-7.65,18.09
DUCOL,113.4,2026-06-05,5.0,-0.53,-1.82,-9.28,-33.31,1.93
PSUBNKBEES,91.58,2026-06-08,2.39,-0.62,-1.82,-10.46,0.83,15.79
SMARTWORKS,451.35,2026-06-08,3.56,-1.19,-1.84,11.83,3.14,
IT,31.77,2026-06-08,-3.87,-0.94,-1.88,-4.11,-24.79,-21.38
SYNGENE,449.5,2026-06-08,0.33,-2.79,-1.88,12.46,-28.89,-30.29
PVTBANKADD,26.42,2026-06-08,-0.3,-3.15,-1.89,-4.96,-8.93,-5.58
PREMIERPOL,55.54,2026-06-08,0.65,-0.41,-1.89,-4.26,33.7,4.47
KIRLOSBROS,1700.3,2026-06-08,4.7,4.41,-1.89,3.32,10.59,-3.84
SBIN,981.95,2026-06-08,2.92,1.27,-1.93,-12.54,4.52,22.95
ASHAPURMIN,670.7,2026-06-08,-6.37,-0.95,-1.93,28.55,-2.04,65.67
NPBET,269.51,2026-06-08,0.19,-3.21,-1.94,-4.57,-8.86,-5.53
EXPLEOSOL,826.05,2026-06-08,-5.55,-8.72,-1.95,8.89,-17.96,-19.61
EIMCOELECO,1547.4,2026-06-08,1.3,-3.35,-1.95,-1.5,-1.24,-40.1
HCC,22.84,2026-06-08,2.47,2.06,-1.97,42.66,24.2,-34.42
KINGFA,5269.0,2026-06-08,-0.51,-0.05,-1.97,26.08,39.44,63.88
NDRAUTO,805.65,2026-06-08,-0.54,-2.58,-1.98,12.36,0.71,-24.2
GILT5BETA,64.5,2026-06-08,-0.91,1.64,-1.98,-0.12,1.02,2.45
VISAMAN,113.25,2026-06-05,0.0,0.0,-1.99,-11.52,-2.37,163.37
SHUBHLAXMI,22.0,2026-06-05,10.28,5.52,-2.0,-25.3,-28.8,28.28
VISHNU,586.55,2026-06-08,-5.36,-2.8,-2.0,20.53,20.89,12.51
SILLYMONKS,16.66,2026-06-08,1.46,-2.06,-2.0,-4.31,-31.1,5.91
ITADD,30.18,2026-06-08,-4.16,-1.69,-2.01,-5.0,-25.19,-21.95
SATIPOLY,36.15,2026-06-05,7.91,0.14,-2.03,-21.75,-46.99,-59.83
JAINAM,251.0,2026-06-05,0.36,-4.92,-2.03,28.68,-8.73,0.0
AXISVALUE,33.33,2026-06-08,-1.13,-2.2,-2.03,0.09,11.73,17.98
GNFC,486.05,2026-06-08,-2.65,-5.63,-2.04,12.69,-2.49,-8.06
AVANTEL,160.97,2026-06-08,-7.17,-6.25,-2.05,10.93,12.96,-5.96
CTE,31.89,2026-06-08,0.5,-1.05,-2.06,18.24,-16.91,-30.07
DIL,0.95,2026-06-08,-4.04,-1.04,-2.06,-26.92,-45.71,-62.0
ABSLBANETF,55.28,2026-06-08,0.75,-2.4,-2.07,-8.22,-8.6,-3.83
BANKIETF,55.46,2026-06-08,0.93,-2.14,-2.08,-8.1,-8.56,5.48
DHANUKA,1077.1,2026-06-08,-0.7,-8.13,-2.08,9.31,-11.31,-36.76
BANKNIFTY1,56.08,2026-06-08,0.79,-2.04,-2.09,-6.52,-90.83,-90.37
SBIETFIT,318.03,2026-06-08,-3.87,-0.74,-2.1,-4.38,-24.76,-21.41
AKUMS,545.35,2026-06-08,3.95,4.67,-2.11,14.97,30.36,-3.33
NILKAMAL,1269.5,2026-06-08,0.72,-1.28,-2.12,-5.28,-6.78,-25.44
BANKETF,549.64,2026-06-08,0.81,-2.24,-2.13,-8.11,-8.39,-3.72
SETFNIFBK,554.14,2026-06-08,0.92,-2.14,-2.14,-6.51,-8.61,-3.9
BANKBEES,558.71,2026-06-08,0.94,-2.16,-2.15,-6.45,-8.63,-3.99
TIRUPATIFL,42.63,2026-06-08,-5.5,2.21,-2.16,18.35,34.27,13.05
INSECTICID,704.6,2026-06-08,-2.63,-5.66,-2.17,15.22,1.39,-15.51
BANKBETA,55.83,2026-06-08,0.92,-2.1,-2.17,-6.42,,
TARMAT,51.99,2026-06-08,-0.78,-0.19,-2.18,-18.68,-1.01,-2.33
AJANTPHARM,2968.8,2026-06-08,1.29,-3.66,-2.18,-0.78,11.68,16.75
TECH,31.26,2026-06-08,-3.79,-0.92,-2.19,-4.2,-24.6,-21.16
BANKBETF,54.83,2026-06-08,0.98,-2.19,-2.19,-6.43,-8.56,-3.57
BANKADD,55.2,2026-06-08,0.8,-2.3,-2.2,-6.46,-8.55,-3.8
VAL30IETF,15.52,2026-06-08,-1.21,-2.7,-2.21,-1.4,10.54,18.65
DHANBANK,31.45,2026-06-08,-6.18,-6.12,-2.21,34.63,25.6,-0.82
BASML,24.81,2026-06-08,0.2,1.6,-2.21,17.92,-11.27,-22.85
IKS,1658.8,2026-06-08,1.2,0.69,-2.22,24.8,4.01,3.05
AXISBNKETF,556.01,2026-06-08,0.77,-2.28,-2.22,-6.21,-8.73,-3.72
ETHOSLTD,2351.1,2026-06-08,1.09,-3.18,-2.22,3.5,-18.78,-14.83
DRAGARWQ,4990.0,2026-06-08,-2.6,0.85,-2.23,,,
TAJGVK,321.55,2026-06-08,-6.06,-2.03,-2.23,-2.84,-14.61,-24.83
HDFCNIFIT,30.56,2026-06-08,-4.23,-1.29,-2.24,-4.41,-25.01,-21.62
ITBETA,301.3,2026-06-08,-3.95,-1.26,-2.24,-4.45,-24.7,-21.51
ITIETF,31.79,2026-06-08,-3.9,-1.18,-2.24,-4.42,-24.83,-21.47
SMLMAH,3716.0,2026-06-08,1.61,-3.82,-2.24,-11.52,7.2,96.54
ITBEES,31.73,2026-06-08,-4.23,-1.31,-2.25,-4.69,-25.11,-21.62
GOYALALUM,6.95,2026-06-08,3.58,2.06,-2.25,7.09,9.28,-15.86
HDFCNIFBAN,55.5,2026-06-08,0.82,-2.08,-2.25,-8.23,-8.7,-3.93
SHARIABEES,457.9,2026-06-08,-1.31,-1.89,-2.26,-2.45,-10.96,-9.34
VAISHALI,7.3,2026-06-08,3.84,3.55,-2.28,8.31,-12.57,-43.06
AXISTECETF,314.95,2026-06-08,-4.32,-0.83,-2.3,-4.68,-25.03,-21.91
ITETF,30.28,2026-06-08,-4.03,-0.88,-2.32,-4.03,-24.9,-21.57
SAATVIKGL,460.15,2026-06-08,3.68,3.52,-2.33,33.82,26.69,
JINDALSAW,236.1,2026-06-08,-1.98,4.5,-2.33,42.9,51.72,9.38
PTL,39.77,2026-06-08,1.27,4.66,-2.33,4.33,5.8,3.94
DPEL,493.2,2026-06-05,-2.0,-3.06,-2.35,68.13,98.27,252.16
HECPROJECT,121.55,2026-06-08,-3.73,-6.91,-2.35,6.42,-7.24,-19.63
GROWWPSUBK,81.99,2026-06-08,-0.29,-0.5,-2.36,,,
DAMODARIND,30.16,2026-06-08,-4.44,-1.82,-2.36,18.55,-2.36,-18.2
AUROPHARMA,1451.8,2026-06-08,1.26,-0.19,-2.39,17.85,23.31,25.51
GENCON,39.28,2026-06-08,-0.68,-2.51,-2.39,-9.56,-16.81,-13.59
PROZONER,51.13,2026-06-08,0.67,-0.29,-2.39,12.32,8.95,47.6
MEGASTAR,301.3,2026-06-08,5.92,3.81,-2.4,28.58,21.92,17.67
PULZ,24.35,2026-06-05,3.18,7.74,-2.4,-6.53,-24.38,-49.64
UNIENTER,105.35,2026-06-08,-0.69,-2.02,-2.41,1.22,-22.78,-33.26
EBANKNIFTY,54.35,2026-06-08,0.69,-2.07,-2.42,-6.7,-8.96,-3.79
FLEXITUFF,6.83,2026-06-08,1.49,-1.59,-2.43,-12.55,-54.56,-80.47
ZFCVINDIA,14216.0,2026-06-08,-0.84,-5.18,-2.44,-1.11,-3.4,2.74
MOMGF,154.62,2026-06-08,-1.34,-2.62,-2.44,-0.23,3.36,8.67
NV20IETF,13.59,2026-06-08,-0.73,-2.16,-2.44,-5.49,-9.7,-6.4
NV20BEES,139.55,2026-06-08,-1.05,-2.45,-2.44,-5.45,-9.61,46.56
HDFCVALUE,125.5,2026-06-08,-0.96,-2.43,-2.44,-6.21,-9.65,-6.42
NIDAN,13.7,2026-06-05,-2.14,-8.36,-2.49,-16.97,-32.18,-34.13
MOENERGY,39.88,2026-06-08,-1.16,-2.09,-2.49,9.45,15.66,
DEFENCE,75.05,2026-06-08,0.77,-2.14,-2.51,7.43,,
UMIYA-MRO,88.2,2026-06-08,1.19,5.33,-2.52,9.28,1.65,25.28
DEN,27.0,2026-06-08,1.43,-1.93,-2.53,-0.11,-11.74,-26.19
POWERICA,496.6,2026-06-08,-6.74,-10.55,-2.53,,,
NAVINFLUOR,6863.5,2026-06-08,-1.93,-7.82,-2.53,4.44,23.38,55.19
HATHWAY,10.8,2026-06-08,2.18,3.15,-2.53,5.99,-12.62,-30.64
SHEKHAWATI,14.24,2026-06-08,-3.52,-3.98,-2.53,13.83,-32.06,-37.98
BBNPNBETF,54.33,2026-06-08,0.43,-2.07,-2.55,-8.09,-8.95,-3.6
MOBANK10,15.97,2026-06-08,0.19,-2.98,-2.56,,,
VEEKAYEM,138.0,2026-06-05,3.18,-1.43,-2.58,-0.72,-37.99,-47.92
LYKALABS,63.69,2026-06-08,11.0,3.19,-2.58,5.83,-14.23,-45.25
VIKRAMSOLR,209.17,2026-06-08,6.29,4.26,-2.59,20.12,-11.42,
TEXINFRA,99.7,2026-06-08,2.75,0.55,-2.6,10.42,-4.1,-5.43
UYFINCORP,14.21,2026-06-08,-5.01,-3.27,-2.6,5.65,-1.46,-21.01
ANANDRATHI,1754.0,2026-06-08,0.16,-3.02,-2.6,9.88,23.79,78.03
PRABHA,155.52,2026-06-08,-1.56,-3.07,-2.6,0.1,-16.23,-25.64
INDIANB,843.0,2026-06-08,4.11,0.34,-2.61,-10.26,8.2,36.35
GICRE,384.95,2026-06-08,2.48,-1.65,-2.61,5.89,2.34,-1.05
MEDPLUS,851.9,2026-06-08,-2.6,-5.02,-2.61,1.24,5.16,-6.91
DWARKESH,45.76,2026-06-08,2.72,5.51,-2.62,19.1,24.45,-5.94
SBINEQWETF,32.18,2026-06-08,-1.08,-3.1,-2.63,-2.01,-3.04,2.71
ABSLAMC,1044.2,2026-06-08,2.44,2.76,-2.63,12.96,43.94,37.78
AFFORDABLE,171.29,2026-06-08,-5.44,-0.01,-2.64,0.38,-17.46,-60.94
PIRAMALFIN,1964.4,2026-06-08,1.54,1.11,-2.64,10.75,33.31,
EVEREADY,322.35,2026-06-08,2.12,1.18,-2.64,1.08,1.5,1.3
MIDSELIETF,18.04,2026-06-08,-1.15,-2.49,-2.64,5.74,-1.31,2.97
KAJARIACER,1074.8,2026-06-08,-2.44,0.45,-2.65,14.99,3.17,7.21
VSTIND,257.4,2026-06-08,1.62,0.04,-2.65,15.85,3.5,-5.37
MARALOVER,55.93,2026-06-08,-2.44,-0.37,-2.66,31.51,24.62,-21.79
MIDQ50ADD,240.09,2026-06-08,-1.44,-1.91,-2.68,2.46,-1.62,-4.99
MARICO,809.0,2026-06-08,0.41,-1.74,-2.68,3.02,10.93,16.95
GMRP&UI,105.38,2026-06-08,-4.15,-2.05,-2.69,-1.8,-1.25,-4.14
NEXT30ADD,41.56,2026-06-08,-1.28,-2.78,-2.69,2.85,5.43,8.74
BIKAJI,653.65,2026-06-08,-1.69,2.05,-2.69,6.4,-7.71,-13.58
TRANSWORLD,163.29,2026-06-08,-0.69,1.16,-2.69,23.39,-4.44,-43.35
VIDHIING,291.15,2026-06-08,-1.66,-3.99,-2.69,-8.43,-12.63,-29.67
RUBFILA,72.25,2026-06-08,-6.03,-8.54,-2.69,10.91,0.49,-8.53
LANCORHOL,23.64,2026-06-08,-2.31,-2.11,-2.72,2.96,-5.78,15.89
TCC,366.4,2026-06-08,-3.58,-6.0,-2.72,-10.15,,
GROBTEA,900.95,2026-06-08,0.23,-0.45,-2.73,-0.06,-10.97,-24.51
STCINDIA,119.05,2026-06-08,1.23,2.28,-2.74,8.63,11.42,-22.5
PWL,105.53,2026-06-08,4.22,-4.92,-2.76,27.16,-23.77,
UFO,72.2,2026-06-08,-0.99,-1.86,-2.77,6.84,-3.55,3.25
ENERGY,39.79,2026-06-08,-1.61,-2.28,-2.79,9.16,15.5,
AMBICAAGAR,23.83,2026-06-08,0.51,0.8,-2.81,-1.45,-5.55,-19.11
TNIDETF,79.78,2026-06-08,-2.71,-2.01,-2.81,0.03,-19.54,-13.38
ATLASCYCLE,99.02,2026-06-08,1.92,-0.25,-2.81,10.91,4.92,-27.32
ORIENTHOT,105.01,2026-06-08,6.67,5.34,-2.81,12.9,-4.1,-32.84
DHAMPURSUG,144.96,2026-06-08,3.51,1.14,-2.82,20.97,25.87,-2.98
DIVISLAB,6521.0,2026-06-08,-0.5,-3.49,-2.82,3.03,3.04,0.09
INVPRECQ,591.15,2026-06-08,-1.58,-5.75,-2.83,,,
TATACAP,312.55,2026-06-08,3.85,0.97,-2.84,-1.85,-3.24,
ALPHAETF,25.19,2026-06-08,-1.1,-3.41,-2.85,1.61,-0.04,-0.83
BHARTIHEXA,1454.8,2026-06-08,-3.92,-6.0,-2.88,-9.35,-15.81,-19.59
OBCL,53.73,2026-06-08,1.8,1.03,-2.89,-3.36,-2.31,-2.49
ESSENTIA,1.67,2026-06-08,-2.91,3.73,-2.91,21.9,4.37,-25.45
UNIHEALTH,457.8,2026-06-05,11.75,3.29,-2.91,43.85,57.59,163.03
LICNMID100,60.46,2026-06-08,-1.72,-2.64,-2.92,4.89,1.39,2.18
BEDMUTHA,108.0,2026-06-08,-6.49,0.08,-2.93,-18.74,8.35,-33.38
SHOPERSTOP,346.75,2026-06-08,-1.38,2.8,-2.93,11.55,-13.42,-31.13
ABSL10BANK,159.48,2026-06-08,0.34,-2.97,-2.93,-7.83,,
NATHBIOGEN,166.17,2026-06-08,-6.35,-5.54,-2.94,15.52,16.26,-12.4
SNXT30BEES,41.45,2026-06-08,-1.38,-3.06,-2.95,2.65,5.31,
KRISHNADEF,1158.2,2026-06-08,5.81,2.4,-2.96,2.74,67.07,20.16
CRAMC,241.79,2026-06-08,-3.02,-2.9,-2.97,7.03,-13.66,
MURUDCERA,32.62,2026-06-08,3.23,-3.49,-2.97,5.09,-4.95,-22.81
ARTEMISMED,257.75,2026-06-08,-3.68,-10.48,-2.98,10.76,-4.73,-3.45
MOM100,64.64,2026-06-08,-1.42,-3.06,-2.99,4.53,0.86,2.08
JPPOWER,18.51,2026-06-08,-1.49,-1.96,-2.99,33.55,1.2,13.98
TOKYOPLAST,84.0,2026-06-08,-2.33,-4.47,-3.0,10.12,-20.92,-42.82
BELRISE,215.72,2026-06-08,0.33,2.41,-3.0,9.39,34.0,120.29
MAITHANALL,982.6,2026-06-08,-5.13,4.29,-3.01,2.7,9.79,-8.39
GPTINFRA,113.12,2026-06-08,-2.25,-3.66,-3.01,0.57,8.04,-16.38
SANCO,2.9,2026-06-05,-6.45,-23.68,-3.01,33.64,62.01,5.45
MANKIND,2357.4,2026-06-08,1.6,-4.07,-3.02,7.79,7.87,0.25
VISAKAIND,71.52,2026-06-08,0.46,-3.69,-3.02,20.06,8.27,-13.9
KOVAI,5517.5,2026-06-08,2.76,3.12,-3.02,114.13,114.13,114.13
CSBBANK,354.0,2026-06-08,-1.41,-3.15,-3.03,-5.42,-7.33,-4.72
KICL,4909.5,2026-06-08,-1.63,-2.5,-3.05,1.1,1.79,-6.82
SHREEKARNI,422.5,2026-06-05,-0.35,-1.52,-3.05,3.05,-17.48,-26.46
BANK10ADD,15.92,2026-06-08,-0.75,-3.69,-3.05,,,
NAHARINDUS,115.81,2026-06-08,-3.52,3.03,-3.06,25.29,9.72,-13.57
MONEXT50,68.91,2026-06-08,-1.28,-2.39,-3.07,2.38,2.76,2.53
RELCHEMQ,121.01,2026-06-08,-0.08,-1.7,-3.08,2.43,-13.84,-35.91
TFL,12.22,2026-06-08,-0.65,-4.23,-3.09,-3.86,-14.49,-21.21
INDHOTEL,652.25,2026-06-08,0.85,-1.7,-3.09,4.55,-9.17,-15.79
APTECHT,101.79,2026-06-08,-1.12,-5.29,-3.11,28.73,8.21,-33.02
GROWWEV,30.16,2026-06-08,-0.63,-1.31,-3.12,1.58,-2.52,2.34
BAJAJ-AUTO,10231.0,2026-06-08,-1.4,-1.11,-3.14,5.69,14.95,23.17
HEXATRADEX,162.92,2026-06-08,0.64,-0.66,-3.15,-0.45,-0.69,-12.32
GROWWNXT50,69.6,2026-06-08,-0.93,-1.68,-3.16,2.72,3.42,
ETERNAL,248.3,2026-06-08,0.08,0.25,-3.16,6.76,-12.95,-5.18
SURANASOL,26.89,2026-06-08,-0.7,-0.41,-3.17,20.8,2.01,-25.98
SUNDRMFAST,818.6,2026-06-08,-2.44,-4.59,-3.18,-3.04,-10.85,-17.58
SUNPHARMA,1788.8,2026-06-08,-0.43,-2.81,-3.2,-0.59,0.23,7.57
RUPA,147.57,2026-06-08,-7.33,-0.87,-3.2,9.82,-9.22,-28.32
CARERATING,1597.4,2026-06-08,-0.22,-5.34,-3.21,-1.46,3.02,-8.94
EVIETF,30.19,2026-06-08,-0.72,-1.4,-3.21,2.3,-2.52,2.03
NEXT50ETF,69.72,2026-06-08,-0.8,-2.24,-3.22,1.0,,
WEALTH,908.4,2026-06-08,-5.04,-1.46,-3.22,-4.41,-9.09,-14.24
SHANTIGOLD,219.87,2026-06-08,-4.34,-2.08,-3.23,6.43,13.25,
K2INFRA,50.8,2026-06-05,-1.84,-12.41,-3.24,5.5,-22.62,-31.03
ORKLAINDIA,625.25,2026-06-08,2.48,-0.53,-3.25,10.47,2.62,
MID150,22.35,2026-06-08,-1.02,-2.87,-3.25,3.81,0.86,2.29
DAVANGERE,3.56,2026-06-08,-6.56,-13.17,-3.26,-10.1,-8.72,-3.26
UPL,624.95,2026-06-08,-3.15,-4.19,-3.26,-0.54,-15.53,-1.89
CRIZAC,210.76,2026-06-08,-2.42,-5.91,-3.27,-4.4,-18.36,
IRIS,237.0,2026-06-08,-8.41,-10.05,-3.28,-5.33,-22.41,-8.37
MIDCAP,17.41,2026-06-08,-1.36,-3.39,-3.28,4.31,-89.09,-89.09
TPLPLASTEH,64.61,2026-06-08,-7.61,0.05,-3.28,3.79,-0.32,-20.1
TTKHLTCARE,896.4,2026-06-08,-2.15,1.58,-3.29,2.02,-15.93,-26.01
MANUFGBEES,155.39,2026-06-08,-1.42,-2.75,-3.29,0.45,3.53,
EQUAL50,319.57,2026-06-08,-1.32,-3.12,-3.3,-1.17,-3.11,2.27
UNITDSPR,1238.5,2026-06-08,-0.82,-3.55,-3.3,-10.89,-12.96,-21.45
RHL,176.92,2026-06-08,-5.95,-6.96,-3.31,-5.41,-15.72,-24.81
KALYANIFRG,600.6,2026-06-08,2.4,-5.09,-3.31,-2.16,-4.24,-15.23
BSL,125.69,2026-06-08,-3.19,1.94,-3.32,-2.69,-20.46,-8.51
GROWWMC150,220.15,2026-06-08,-3.81,-2.61,-3.32,3.99,0.81,
TRAVELFOOD,1206.3,2026-06-08,-3.11,4.66,-3.34,2.21,-5.43,
GODIGIT,303.85,2026-06-08,0.36,-0.86,-3.34,-9.34,-12.25,-13.49
MIDCAPADD,22.01,2026-06-08,-1.43,-2.83,-3.34,4.07,,
MON50EQUAL,32.06,2026-06-08,-2.08,-3.23,-3.35,-1.2,-2.91,2.76
VCL,1.44,2026-06-08,4.35,1.41,-3.36,-25.39,-40.5,48.45
IRB,20.65,2026-06-08,-5.84,-4.27,-3.37,1.51,-1.02,-19.46
INDGN,512.15,2026-06-08,0.47,-0.86,-3.37,11.53,-2.56,-11.65
THELEELA,409.2,2026-06-08,-0.15,-1.24,-3.37,-5.68,5.02,-5.38
EPACKPEB,200.61,2026-06-08,9.32,4.87,-3.37,24.34,-31.75,
KEEPLEARN,2.0,2026-06-08,-3.85,-4.31,-3.38,3.63,-21.26,-46.24
EQUAL50ADD,329.59,2026-06-08,-1.59,-3.17,-3.38,-2.45,-3.24,2.33
MOSERVICE,29.41,2026-06-08,-0.81,-3.13,-3.38,-6.43,-13.17,
KANORICHEM,91.98,2026-06-08,-1.8,0.6,-3.4,38.42,27.47,-3.07
IRISDOREME,36.06,2026-06-08,2.07,1.29,-3.4,15.91,10.82,-40.08
KIOCL,388.0,2026-06-08,-0.06,-2.4,-3.41,22.73,15.82,22.9
HDFCNEXT50,70.41,2026-06-08,-1.52,-2.61,-3.42,1.97,2.33,2.47
SAHANA,785.55,2026-06-05,-6.89,-1.36,-3.42,-22.35,-21.54,-53.81
STYL,262.65,2026-06-08,-0.34,-2.18,-3.42,10.24,-11.8,
RML,885.95,2026-06-08,-2.85,-4.49,-3.42,6.2,22.31,-1.02
METROPOLIS,529.65,2026-06-08,-2.07,0.98,-3.42,18.58,10.55,28.75
LOWVOL1,20.07,2026-06-08,-0.69,-3.65,-3.42,-3.74,-8.4,-1.76
EVINDIA,30.15,2026-06-08,-0.69,-1.44,-3.43,1.58,-2.62,2.34
RTNINDIA,36.49,2026-06-08,6.66,4.38,-3.44,42.71,-9.03,-23.36
AVL,537.1,2026-06-08,2.84,0.21,-3.45,15.97,6.75,39.81
ABBOTINDIA,25780.0,2026-06-08,-3.95,-6.95,-3.45,-5.65,-10.25,-17.36
RISHABH,508.95,2026-06-08,3.53,-7.45,-3.45,32.3,30.94,71.48
KAMDHENU,25.76,2026-06-08,10.51,3.5,-3.45,15.78,3.29,-21.84
HNDFDS,526.25,2026-06-08,0.61,-1.81,-3.46,10.31,1.17,-2.53
NEXT50IETF,72.79,2026-06-08,-1.34,-2.56,-3.46,2.49,2.87,2.58
EICHERMOT,7050.0,2026-06-08,-0.71,-4.91,-3.46,-7.49,-1.29,32.4
HDFCQUAL,56.19,2026-06-08,-1.68,-2.09,-3.47,-1.21,-6.15,-1.95
MAKEINDIA,157.36,2026-06-08,-1.61,-2.65,-3.47,0.32,3.8,8.81
JUNIORBEES,744.88,2026-06-08,-1.37,-2.6,-3.48,2.43,2.81,2.51
OSWALPUMPS,396.3,2026-06-08,11.2,9.9,-3.48,31.18,-20.71,
AONETMMQ50,9.98,2026-06-08,-1.67,-3.48,-3.48,3.74,3.53,
RAJRILTD,20.26,2026-06-08,1.3,0.3,-3.48,-11.3,-5.33,-31.11
SAPPHIRE,177.29,2026-06-08,0.25,-4.13,-3.5,-8.32,-26.01,-46.68
GPPL,153.34,2026-06-08,-1.95,-1.33,-3.5,-7.62,-15.81,3.31
SYSTMTXC,65.52,2026-06-08,2.12,-0.43,-3.51,-7.73,-58.69,
ARTNIRMAN,39.08,2026-06-08,-8.13,-5.26,-3.51,-1.46,-14.9,-37.55
GROWWPOWER,12.07,2026-06-08,-1.15,-1.87,-3.52,16.73,,
FINOPB,127.73,2026-06-08,0.8,1.86,-3.53,-28.96,-53.87,-51.98
CAMLINFINE,127.33,2026-06-08,8.31,3.75,-3.53,-7.4,-12.63,-51.93
TNPETRO,85.26,2026-06-08,-2.29,-6.44,-3.53,0.92,-16.19,-2.61
GANDHITUBE,844.15,2026-06-08,0.97,-12.18,-3.53,0.59,15.61,19.58
NEXT50BETA,74.39,2026-06-08,-1.22,-2.48,-3.54,2.4,,
SYNCOMF,14.15,2026-06-08,-4.2,-10.73,-3.54,18.02,-4.71,-31.77
NEXT50ADD,69.28,2026-06-08,-1.35,-2.49,-3.55,-3.76,,
MCL,58.99,2026-06-08,-2.59,-2.62,-3.55,-11.78,32.18,3.04
AMEYA,107.35,2026-06-05,-0.6,-3.72,-3.55,5.76,7.35,-10.54
SINGERIND,69.27,2026-06-08,-0.07,-8.48,-3.55,,,
MOMNC,31.17,2026-06-08,-1.52,-2.47,-3.56,1.53,5.27,
NEXT50,710.8,2026-06-08,-1.37,-2.48,-3.56,2.41,3.02,2.58
ALPA,68.24,2026-06-08,-2.09,0.35,-3.56,7.55,-13.82,-31.1
NETWEB,4264.5,2026-06-08,-7.7,10.97,-3.57,32.34,40.37,116.01
DPWIRES,176.17,2026-06-08,-5.83,2.28,-3.58,25.09,-8.51,-25.49
INFRA,11.82,2026-06-08,-1.42,-2.56,-3.59,6.29,,
NIFTYQLITY,20.68,2026-06-08,-1.19,-2.13,-3.59,-0.72,-6.0,-2.96
MID150CASE,11.01,2026-06-08,-1.61,-3.17,-3.59,3.87,0.82,2.32
KAMATHOTEL,168.95,2026-06-08,-5.89,2.16,-3.59,-8.13,-26.69,-27.38
SETFNN50,737.84,2026-06-08,-1.49,-2.66,-3.59,2.34,2.81,2.59
INDIGO,4359.7,2026-06-08,-2.1,-3.16,-3.6,-1.01,-11.45,-20.32
INTLCONV,79.49,2026-06-08,-0.03,1.99,-3.6,7.42,-7.19,-0.2
VISHWARAJ,5.63,2026-06-08,-4.09,3.49,-3.6,7.44,-15.72,-44.37
MMTC,65.35,2026-06-08,2.05,0.76,-3.6,14.57,19.93,-11.17
QUALITY30,20.05,2026-06-08,-1.09,-2.2,-3.61,-1.91,-6.0,
MONIFTY500,22.68,2026-06-08,-1.22,-2.95,-3.61,-1.31,-5.58,-2.83
ALPHA,48.91,2026-06-08,-1.19,-3.74,-3.61,3.71,2.17,-4.29
RESPONIND,169.93,2026-06-08,-6.05,-2.62,-3.62,0.94,-13.71,-17.69
LOWVOLIETF,21.06,2026-06-08,-0.85,-3.13,-3.62,-3.75,-8.75,-2.45
JPOLYINVST,1088.7,2026-06-08,6.63,6.42,-3.63,-1.19,0.3,30.2
INFOMEDIA,5.57,2026-06-08,4.9,-9.58,-3.63,8.37,-16.49,-32.65
SAMPANN,26.98,2026-06-08,1.28,-2.28,-3.64,-2.32,-9.13,-8.7
MIDCAPIETF,22.69,2026-06-08,-1.56,-3.36,-3.65,3.56,0.62,1.89
MID150BEES,226.84,2026-06-08,-1.34,-3.04,-3.65,3.55,0.66,1.64
BCPL,78.13,2026-06-08,-2.84,7.26,-3.67,,,
MAHABANK,79.61,2026-06-08,4.1,-0.43,-3.67,15.25,45.95,49.08
VMART,652.9,2026-06-08,-3.96,-0.9,-3.67,26.3,-12.36,-23.14
VOLTAS,1276.2,2026-06-08,3.89,-0.61,-3.67,-13.68,-3.5,0.96
TRENT,2724.1,2026-06-08,-1.71,-4.97,-3.68,9.76,-33.4,-52.82
HINDPETRO,372.75,2026-06-08,-4.08,-7.59,-3.68,-7.95,-16.41,-5.05
TOP10ADD,84.64,2026-06-08,-1.43,-3.91,-3.68,-7.41,-16.8,-13.71
NKIND,63.95,2026-06-08,-3.54,-4.84,-3.69,3.15,-3.25,-0.81
HDFCMID150,22.19,2026-06-08,-1.51,-3.4,-3.69,3.07,0.23,1.7
ELM250,15.89,2026-06-08,-1.3,-3.17,-3.7,-0.38,-3.7,
IWP,34.52,2026-06-08,0.55,-2.35,-3.71,,,
DIGISPICE,20.24,2026-06-08,2.02,4.71,-3.71,17.13,-16.95,-1.84
MSCIADD,28.21,2026-06-08,-1.36,-3.59,-3.72,-4.18,,
ASTRAL,1511.2,2026-06-08,-1.43,-2.65,-3.73,-10.54,5.44,-0.72
DCMSIL,68.6,2026-06-08,14.14,14.18,-3.73,11.96,,
ABSLNN50ET,72.4,2026-06-08,-1.71,-2.45,-3.74,2.29,2.58,2.54
KRYSTAL,576.0,2026-06-08,-0.51,-1.19,-3.74,-4.22,9.0,-5.77
BIRLACORPN,957.75,2026-06-08,-2.47,-4.9,-3.74,10.8,-9.42,-29.97
GROWWCHEM,28.59,2026-06-08,-1.31,-3.67,-3.74,3.85,,
ANKITMETAL,1.54,2026-06-08,-1.91,-2.53,-3.75,-10.98,-12.99,-29.68
SNXT50BETA,89.25,2026-06-08,-1.25,-2.18,-3.75,0.43,,
SGMART,576.85,2026-06-08,0.69,-5.83,-3.78,29.25,70.69,
SIGACHI,21.11,2026-06-08,-5.55,5.44,-3.78,10.35,-37.82,-61.75
PLASTIBLEN,170.8,2026-06-08,-0.31,-3.41,-3.79,23.77,6.25,-21.45
ELANTAS,9644.5,2026-06-08,1.88,4.31,-3.79,,,
WSI,69.26,2026-06-08,2.27,2.88,-3.81,-2.01,-8.4,-8.64
SBINMID150,21.99,2026-06-08,-2.44,-3.26,-3.81,,,
KAPSTON,329.7,2026-06-08,-3.71,-3.89,-3.81,18.47,10.3,33.6
FLEXIADD,9.56,2026-06-08,-1.44,-2.25,-3.82,-0.83,-11.15,
GROWWMOM50,10.32,2026-06-08,-1.43,-3.37,-3.82,1.28,-2.88,-5.49
INFRABEES,940.01,2026-06-08,-1.53,-3.47,-3.83,-1.54,-3.54,0.5
SRF,2674.4,2026-06-08,-0.81,-1.35,-3.83,1.97,-5.39,-14.11
JISLDVREQS,22.85,2026-06-08,1.06,0.18,-3.83,7.28,-16.64,-27.62
21STCENMGM,33.32,2026-06-08,-3.39,1.34,-3.84,-1.39,-22.6,-50.44
GOKULAGRO,229.58,2026-06-08,-1.45,4.95,-3.84,38.13,20.3,63.86
MSPL,40.56,2026-06-08,-0.25,-5.1,-3.84,29.5,16.12,53.52
KNRCON,126.87,2026-06-08,-1.58,-4.86,-3.84,3.36,-13.09,-39.83
ALPL30IETF,26.06,2026-06-08,-0.27,-3.52,-3.84,-4.4,-6.46,-5.2
IDBI,71.85,2026-06-08,-0.31,-1.63,-3.84,-34.02,-24.19,-27.29
BALKRISHNA,18.26,2026-06-08,0.16,-2.77,-3.84,13.63,-8.84,-14.51
CHEMICAL,28.57,2026-06-08,-1.48,-3.74,-3.84,3.33,1.75,
LICNFNHGP,264.48,2026-06-08,-0.91,-3.31,-3.85,-3.84,-8.34,-6.6
GGBL,320.55,2026-06-05,-3.74,-12.17,-3.85,16.35,-12.56,-23.68
AMAGI,409.05,2026-06-08,-0.01,1.17,-3.85,5.89,,
ENSER,15.0,2026-06-05,-3.23,-5.06,-3.85,25.52,-16.9,-10.45
MOALPHA50,50.77,2026-06-08,-1.09,-3.41,-3.86,3.53,1.54,
NIF100IETF,26.89,2026-06-08,-1.21,-3.48,-3.86,-3.96,-8.69,13.16
CREATIVEYE,6.73,2026-06-08,-2.32,-4.4,-3.86,4.5,-2.6,-19.98
MIDSMALL,49.39,2026-06-08,-1.63,-3.5,-3.87,6.67,3.11,-3.08
MIDCAPETF,22.37,2026-06-08,-1.8,-3.49,-3.87,3.23,0.58,1.68
ATLANTAA,41.13,2026-06-08,0.02,-4.08,-3.88,5.46,2.9,9.71
GODREJCP,997.0,2026-06-08,-1.19,-2.29,-3.88,-10.27,-10.28,-16.13
KANDARP,149.5,2026-06-05,-2.29,4.91,-3.89,1.05,18.51,84.57
METROGLOBL,125.83,2026-06-08,-2.32,-1.5,-3.89,,,
ADVANIHOTR,52.26,2026-06-08,-0.8,-0.49,-3.9,0.2,-2.75,-11.73
TOP100CASE,10.1,2026-06-08,-1.17,-3.07,-3.9,-3.81,-8.43,-4.63
SBIMIDMOM,61.29,2026-06-08,-1.62,-3.37,-3.92,2.25,,
ORCHASP,1.96,2026-06-08,-0.51,-3.45,-3.92,-19.34,-30.99,-33.11
HCLTECH,1151.3,2026-06-08,-3.66,-1.24,-3.93,-13.52,-30.01,-26.69
FAIRCHEMOR,595.05,2026-06-08,-1.29,-2.5,-3.93,5.26,-12.27,-36.47
UFLEX,420.9,2026-06-08,-4.48,2.27,-3.96,-8.64,-11.08,-31.65
GICHSGFIN,147.73,2026-06-08,-0.7,-2.76,-3.96,-2.18,-8.47,-22.77
HDFCSML250,168.57,2026-06-08,-0.62,-1.48,-3.97,8.2,3.72,-2.77
NEULANDLAB,16964.0,2026-06-08,-1.36,1.23,-3.97,30.15,5.51,30.3
BSE500IETF,37.45,2026-06-08,-0.98,-2.83,-3.97,-1.5,-5.88,-3.63
TBOTEK,1189.1,2026-06-08,-3.27,-2.15,-3.97,0.48,-25.95,-10.28
MOM50,241.44,2026-06-08,-1.11,-3.3,-3.98,-5.32,-10.58,-6.31
METROBRAND,991.0,2026-06-08,-4.03,-7.73,-3.98,1.35,-9.69,-18.54
GROWWN200,10.85,2026-06-08,-1.27,-3.3,-3.98,-2.43,-6.61,-3.72
EQUAL200,13.1,2026-06-08,-1.58,-3.11,-3.99,1.03,-0.53,0.23
COMMOIETF,101.06,2026-06-08,-3.23,-3.82,-3.99,1.98,9.82,15.3
INDIAMART,2008.4,2026-06-08,1.29,-1.03,-3.99,-5.29,-11.66,-17.29
ABDL,567.65,2026-06-08,2.92,5.9,-4.0,19.61,-6.58,33.59
SMALLADD,16.8,2026-06-08,-0.77,-1.06,-4.0,9.23,,
AONETOTAL,11.28,2026-06-08,-0.97,-2.93,-4.0,-0.62,-5.05,-3.45
CYBERTECH,138.08,2026-06-08,0.9,-6.6,-4.0,29.98,-5.55,-15.9
HITECHGEAR,589.4,2026-06-08,1.63,0.61,-4.01,-4.9,-8.92,-16.47
MIDCAPBETA,219.9,2026-06-08,-2.4,-3.93,-4.01,3.23,,
BOSCHLTD,36610.0,2026-06-08,-0.26,0.83,-4.02,9.82,0.04,17.45
MULTICAP,15.77,2026-06-08,-1.0,-2.83,-4.02,1.02,-3.19,-2.77
ABSLMSCIN,28.32,2026-06-08,-0.67,-3.01,-4.03,-2.58,,
MOMIDMTM,62.1,2026-06-08,-2.14,-3.72,-4.03,2.07,-1.1,
ENERGYDEV,16.64,2026-06-08,2.27,-1.94,-4.04,5.79,-16.97,-13.65
GODREJAGRO,567.3,2026-06-08,-1.72,-0.85,-4.04,-4.69,-1.46,-28.66
NIFTYADD,243.11,2026-06-08,-0.93,-3.29,-4.04,-5.19,-10.48,-6.24
NIFTY1,255.9,2026-06-08,-1.04,-3.4,-4.05,-5.24,-10.45,-6.27
ASAHISONG,245.49,2026-06-08,-5.06,4.5,-4.07,11.59,-1.15,-40.7
SETFNIF50,248.19,2026-06-08,-1.08,-3.48,-4.07,-5.33,-10.64,-6.37
NIFTYIETF,261.2,2026-06-08,-1.11,-3.57,-4.08,-5.27,-10.62,-6.36
GROWWLOVOL,10.05,2026-06-08,-1.08,-2.8,-4.1,-3.37,-5.74,
ALKEM,5356.5,2026-06-08,0.79,-0.81,-4.1,-3.14,-3.56,11.23
INFRAIETF,93.58,2026-06-08,-1.35,-3.51,-4.1,-1.51,-3.34,0.82
MANORAMA,1511.5,2026-06-08,5.12,7.38,-4.1,11.79,15.4,9.23
LOWVOL,196.0,2026-06-08,-1.2,-3.59,-4.12,-4.63,-8.59,-2.55
GROWWNIFTY,9.32,2026-06-08,-1.06,-3.22,-4.12,-6.33,,
SMALL250,16.75,2026-06-08,-0.59,-1.53,-4.12,8.41,3.78,
IDFNIFTYET,254.8,2026-06-08,-1.06,-3.47,-4.12,-5.17,-10.63,-6.14
MONIFTY100,24.21,2026-06-08,-2.14,-3.24,-4.12,-3.58,-8.78,
MSCIINDIA,28.59,2026-06-08,-1.14,-3.12,-4.12,-3.44,-6.78,-3.64
RACLGEAR,1216.3,2026-06-08,-4.11,-14.52,-4.13,-13.34,16.93,23.93
ZENITHDRUG,40.6,2026-06-05,-6.88,1.5,-4.13,-15.24,-26.32,-40.34
NIFTYETF,250.59,2026-06-08,-1.07,-3.43,-4.13,-5.22,-10.58,-6.58
NIF100BEES,254.72,2026-06-08,-1.57,-3.67,-4.13,-4.29,-4.06,-4.06
HDFCNIFTY,259.84,2026-06-08,-1.09,-3.45,-4.14,-5.23,-10.55,-6.53
MASTEK,1613.5,2026-06-08,-2.21,-3.38,-4.14,3.35,-23.93,-31.7
LICNETFN50,258.96,2026-06-08,-1.04,-3.43,-4.14,-5.23,-10.32,-6.09
NAGAFERT,3.7,2026-06-05,0.0,-2.12,-4.15,-16.48,-13.55,-38.54
NIFTYBEES,262.56,2026-06-08,-1.11,-3.47,-4.15,-5.3,-10.53,-6.4
ASHIANA,359.45,2026-06-08,0.45,-5.36,-4.15,17.08,22.42,8.39
HDFCLOWVOL,19.61,2026-06-08,-1.16,-3.45,-4.15,-4.62,-8.54,-2.58
VISHNUINFR,156.8,2026-06-05,-4.3,-9.15,-4.16,-6.42,-0.92,-16.85
GROWWSC250,9.64,2026-06-08,-0.82,-1.23,-4.17,8.07,3.74,
BIL,698.05,2026-06-08,-5.09,-4.72,-4.17,-4.23,-8.53,-4.38
AXISNIFTY,255.11,2026-06-08,-1.14,-3.52,-4.17,-5.26,-10.59,-6.25
BSLNIFTY,27.02,2026-06-08,-1.17,-3.53,-4.18,-5.26,-10.62,-6.21
QNIFTY,253.6,2026-06-08,-1.05,-3.65,-4.19,-5.15,-91.06,-90.66
BUILDPRO,1070.2,2026-06-08,-5.46,1.21,-4.19,6.83,,
ANANTRAJ,537.3,2026-06-08,-0.25,5.87,-4.2,9.84,6.79,-6.57
NIFTYBETA,255.43,2026-06-08,-1.18,-3.66,-4.2,-5.31,,
NAVNETEDUL,139.73,2026-06-08,0.39,-0.97,-4.2,1.24,0.15,1.95
RAJRATAN,427.45,2026-06-08,3.27,0.99,-4.2,8.0,0.51,-1.48
FACT,866.35,2026-06-08,-0.26,-1.89,-4.23,27.28,8.9,-16.45
MNC,32.01,2026-06-08,-1.9,-2.82,-4.25,1.81,5.3,10.91
LAGNAM,80.27,2026-06-08,-4.49,0.65,-4.25,18.51,15.36,-25.04
NIFTYBETF,237.07,2026-06-08,-1.22,-3.68,-4.25,-6.35,-10.49,-6.48
MASKINVEST,146.38,2026-06-08,-3.7,-1.76,-4.26,8.11,-15.06,-11.18
SBIETFQLTY,214.64,2026-06-08,-1.52,-2.52,-4.26,-0.26,-6.36,-3.57
HDFCBSE500,35.51,2026-06-08,-1.42,-3.08,-4.26,-2.47,-5.86,-2.9
SHRIKRISH,43.51,2026-06-08,10.99,2.23,-4.27,,,
BFINVEST,424.9,2026-06-08,-1.55,7.62,-4.28,10.46,4.93,-17.07
INDBANK,33.1,2026-06-08,1.01,-2.3,-4.28,1.22,-3.05,-8.56
DBEIL,80.03,2026-06-08,-3.18,4.3,-4.28,10.89,-32.8,-45.78
MOSMALL250,16.76,2026-06-08,-0.89,-1.76,-4.28,8.13,3.33,-2.9
AONENIFTY,9.5,2026-06-08,-1.25,-3.55,-4.33,-5.28,-10.63,-6.67
AERONEU,87.04,2026-06-08,-1.53,-3.19,-4.33,25.96,17.94,-17.07
IVZINNIFTY,2637.1,2026-06-08,-1.26,-3.75,-4.33,-5.76,-11.11,-6.25
SMALLCAP,44.12,2026-06-08,-1.28,-3.16,-4.34,8.3,2.46,-6.94
ARABIAN,67.0,2026-06-05,-0.74,-3.67,-4.35,-9.64,-5.77,-7.27
NIFTYCASE,9.23,2026-06-08,-1.28,-3.55,-4.35,-5.33,-10.56,
NETF,250.8,2026-06-08,-1.51,-3.34,-4.36,-5.0,-10.56,-6.45
EMULTIMQ,41.23,2026-06-08,-2.04,-4.25,-4.36,2.92,-1.32,-3.98
NAM-INDIA,1055.2,2026-06-08,-3.45,-4.08,-4.37,22.66,30.35,36.56
DCBBANK,172.93,2026-06-08,-1.1,-5.28,-4.37,0.87,2.13,18.86
KITEX,163.57,2026-06-08,0.97,0.31,-4.39,-3.42,-18.71,-41.65
XELPMOC,89.03,2026-06-08,-9.48,-12.57,-4.39,-27.14,-29.0,-8.22
KANSAINER,210.67,2026-06-08,-2.06,-3.52,-4.39,11.35,-5.04,-14.1
DODLA,1077.8,2026-06-08,-2.22,-1.26,-4.39,2.68,-11.68,-18.58
AGROPHOS,30.62,2026-06-08,-1.73,2.07,-4.4,-5.29,-16.57,-14.91
BHARATRAS,1379.4,2026-06-08,-3.93,-3.71,-4.4,-1.7,-44.28,-38.14
NAGREEKEXP,26.72,2026-06-08,-3.05,-0.85,-4.4,10.78,1.67,-8.59
ICICIB22,117.5,2026-06-08,-1.45,-3.47,-4.4,-6.39,2.25,6.93
CONSUMBEES,123.3,2026-06-08,-0.07,-2.59,-4.4,-0.99,-8.92,-4.11
PRAKASHSTL,4.35,2026-06-08,-3.12,0.0,-4.4,4.82,5.07,-31.92
ENIFTY,23.18,2026-06-08,-1.15,-3.58,-4.41,-5.62,-11.43,
DNAMEDIA,2.82,2026-06-08,-4.08,-3.75,-4.41,-17.3,-28.06,-44.92
DSSL,1247.0,2026-06-08,-20.64,-34.2,-4.43,41.19,45.14,13.9
GROWWDEFNC,89.96,2026-06-08,0.57,-2.17,-4.43,5.38,19.53,0.66
LIBAS,12.06,2026-06-08,-5.93,-2.19,-4.44,20.84,9.94,-11.06
ESENSEX,73.93,2026-06-08,-0.78,-3.47,-4.45,-7.01,-13.32,
MAWANASUG,106.45,2026-06-08,7.71,5.92,-4.45,35.73,35.19,0.15
RECLTD,343.4,2026-06-08,3.62,0.35,-4.45,2.23,2.44,-12.78
AMDIND,46.84,2026-06-08,-0.87,0.49,-4.47,24.15,-6.69,-6.23
BSHSL,94.02,2026-06-08,-1.04,-2.42,-4.47,10.89,-4.19,-31.42
INDIGOPNTS,930.65,2026-06-08,-6.73,-6.56,-4.47,6.54,-22.69,-13.15
SENSEXADD,75.73,2026-06-08,-0.88,-3.52,-4.47,-6.48,-12.97,-9.15
DONEAR,89.32,2026-06-08,-5.66,-1.24,-4.48,-0.85,-8.65,-18.23
SUPREMEIND,3491.1,2026-06-08,-0.84,-3.37,-4.48,-11.57,4.26,-19.0
ARIHANTACA,458.0,2026-06-05,1.78,1.78,-4.49,-1.93,-7.47,72.6
MANINDS,506.0,2026-06-08,3.98,-9.66,-4.49,24.65,15.76,27.14
CPCAP,90.7,2026-06-08,-3.37,-2.0,-4.5,-1.83,-14.66,-48.09
MOMENTUM50,50.92,2026-06-08,-1.53,-4.07,-4.5,1.37,-3.4,-5.95
DIVIDEND,35.23,2026-06-08,-2.38,-3.35,-4.5,-1.92,,
MARINE,231.95,2026-06-08,-7.66,-2.55,-4.52,20.96,15.94,-1.63
BHEL,386.3,2026-06-08,-4.57,-7.89,-4.52,49.18,43.23,51.39
BSLSENETFG,73.96,2026-06-08,-0.94,-3.43,-4.53,-7.68,-13.28,-9.25
ICICIGI,1738.4,2026-06-08,-0.54,-5.89,-4.54,-7.2,-11.02,-12.74
NACLIND,169.36,2026-06-08,7.35,7.74,-4.54,43.26,11.67,-2.55
LOVABLE,71.24,2026-06-08,0.44,-1.59,-4.54,0.03,-9.96,-27.98
HDFCGROWTH,111.17,2026-06-08,-1.07,-2.42,-4.55,-6.09,-14.13,-5.01
JITFINFRA,295.95,2026-06-08,-6.77,2.85,-4.56,-16.76,4.78,-23.36
ESG,39.55,2026-06-08,-1.25,-3.63,-4.56,-3.96,-10.52,-6.81
KRITINUT,87.22,2026-06-08,-6.41,-8.3,-4.56,34.08,22.31,-22.66
IIFLCAPS,340.0,2026-06-08,0.38,-1.61,-4.57,10.16,10.5,0.28
POWERMECH,2486.8,2026-06-08,-0.96,-2.37,-4.57,22.94,16.21,-18.08
BANSWRAS,117.98,2026-06-08,-4.24,-5.95,-4.58,6.66,3.95,-19.19
NYKAA,260.3,2026-06-08,-2.4,-3.61,-4.58,2.16,3.05,32.0
DIVOPPBEES,76.08,2026-06-08,-1.63,-2.93,-4.58,-5.2,-6.5,-2.91
MOSILVER,236.11,2026-06-08,-8.37,-10.53,-4.59,-7.02,33.51,
JIWANRAM,5.2,2026-06-05,0.0,-7.14,-4.59,4.0,-11.86,-51.85
AONESILVER,9.14,2026-06-08,-8.05,-10.48,-4.59,-7.49,,
HONDAPOWER,2192.0,2026-06-08,-5.5,-2.22,-4.6,5.66,-5.74,-21.82
MOIPO,42.49,2026-06-08,-1.14,-2.16,-4.6,3.58,-7.81,
RPPL,17.34,2026-06-08,-7.12,5.54,-4.62,11.37,2.06,-35.83
BERGEPAINT,491.9,2026-06-08,-4.09,-2.57,-4.62,11.72,-8.76,-14.84
SBIETFCON,114.28,2026-06-08,-0.09,-2.74,-4.62,-1.0,-8.85,-3.78
TARIL,309.6,2026-06-08,-0.64,-1.4,-4.62,5.43,28.87,-40.0
MOLOWVOL,35.45,2026-06-08,-1.06,-3.51,-4.63,-5.49,-8.18,-5.24
AXSENSEX,76.18,2026-06-08,-0.99,-3.79,-4.64,-7.87,-12.98,-9.16
LATENTVIEW,300.15,2026-06-08,-5.14,-6.8,-4.64,-1.54,-39.65,-26.69
FALCONTECH,13.35,2026-06-05,-7.29,-6.97,-4.64,-12.17,-17.85,-58.92
QUAL30IETF,20.34,2026-06-08,-1.6,-2.87,-4.64,-0.83,-6.65,-3.56
SUDARCOLOR,359.65,2026-06-08,-0.75,-4.28,-4.65,7.04,-18.39,-38.58
APOLLOPIPE,473.9,2026-06-08,-1.76,-9.08,-4.65,35.36,65.96,11.05
AGI,599.9,2026-06-08,0.21,0.61,-4.66,19.94,-15.7,-29.26
SAAKSHI,246.2,2026-06-05,4.32,7.04,-4.67,41.29,25.17,44.65
SILVERCASE,24.28,2026-06-08,-8.31,-10.7,-4.67,-7.22,34.1,125.1
MOQUALITY,196.54,2026-06-08,-2.27,-2.82,-4.68,2.13,0.11,1.45
HDFCSENSEX,83.25,2026-06-08,-0.81,-3.62,-4.68,-6.56,-13.08,-9.36
BFSI,25.64,2026-06-08,-0.97,-5.07,-4.68,-6.97,-10.35,-7.07
HISARMETAL,148.25,2026-06-08,2.82,-1.63,-4.69,-4.63,-12.0,-23.76
CYIENT,862.3,2026-06-08,-4.87,-6.07,-4.69,-2.55,-24.49,-33.42
HDFCNIF100,24.75,2026-06-08,-1.98,-3.66,-4.7,-6.0,-9.11,-5.53
WPIL,418.45,2026-06-08,-3.86,-8.91,-4.7,,,
ANTGRAPHIC,0.81,2026-06-08,0.0,0.0,-4.71,0.0,-16.49,-24.3
NUVAMA,1539.8,2026-06-08,-1.1,2.33,-4.72,26.89,9.06,6.53
SENSEXETF,75.6,2026-06-08,-1.01,-3.79,-4.73,-6.63,-13.29,-9.5
WSTCSTPAPR,498.95,2026-06-08,-2.54,0.22,-4.73,27.43,24.57,1.58
MODEFENCE,98.38,2026-06-08,0.44,-2.84,-4.74,4.93,19.19,0.59
GAEL,158.55,2026-06-08,3.76,-2.71,-4.75,16.8,34.13,34.89
HBESD,75.7,2026-06-08,3.98,0.45,-4.76,,,
KEL,80.0,2026-06-05,-5.88,-14.89,-4.76,-9.09,-26.47,-34.83
ZEAL,69.0,2026-06-05,0.0,2.99,-4.76,-8.0,-29.77,-52.3
RAJPALAYAM,808.0,2026-06-08,-3.56,-0.84,-4.76,,,
SILGO,75.41,2026-06-08,-8.3,-4.85,-4.76,2.78,3.87,36.71
MADRASFERT,66.32,2026-06-08,-0.03,-3.66,-4.77,7.19,-9.03,-30.66
SILVERAG,232.84,2026-06-08,-8.32,-10.74,-4.78,-7.36,33.83,123.56
SENSEXIETF,843.06,2026-06-08,-0.84,-3.56,-4.79,-7.05,-13.17,-9.6
SILVER,238.37,2026-06-08,-8.45,-10.75,-4.79,-7.36,33.68,123.95
ASHIMASYN,16.28,2026-06-08,1.18,2.78,-4.8,16.2,-2.63,-46.36
PHOENIXLTD,1741.5,2026-06-08,-0.36,-3.76,-4.8,8.58,1.19,9.15
CONSUMIETF,114.28,2026-06-08,-0.51,-2.83,-4.81,-2.38,-9.0,-4.14
SGFIN,569.65,2026-06-08,1.78,-1.65,-4.84,50.72,47.29,
MOMOMENTUM,60.02,2026-06-08,-1.32,-3.84,-4.84,-3.24,-5.98,-5.38
SHANTIGEAR,440.3,2026-06-08,0.03,-0.29,-4.84,0.0,-5.73,-12.45
AXISILVER,237.53,2026-06-08,-8.22,-10.73,-4.85,-7.23,33.9,123.81
WTICAB,97.0,2026-06-05,3.3,3.19,-4.86,-12.61,-35.78,-26.71
SELECTIPO,42.26,2026-06-08,-1.35,-2.76,-4.86,3.46,-8.02,-13.51
BHARATFORG,1893.1,2026-06-08,-1.54,-1.31,-4.86,-1.6,37.98,46.87
TOP15IETF,9.39,2026-06-08,-1.47,-3.89,-4.86,-8.12,-15.25,
SUNDARAM,1.37,2026-06-08,0.0,-1.44,-4.86,-2.14,-19.41,-35.68
SBISILVER,233.57,2026-06-08,-8.57,-10.9,-4.87,-7.61,33.23,122.72
CHALET,750.65,2026-06-08,-3.79,-5.57,-4.88,-1.73,-15.9,-18.39
KANANIIND,1.56,2026-06-08,1.3,1.3,-4.88,14.71,-5.45,-26.76
UMA,19.5,2026-06-05,-1.27,-1.27,-4.88,5.98,-0.76,-21.69
CONSUMER,10.73,2026-06-08,-0.65,-2.9,-4.88,0.09,-8.53,-7.98
MBAPL,546.15,2026-06-08,3.49,0.3,-4.89,16.28,38.65,55.38
KRITIKA,6.01,2026-06-08,-1.64,-3.06,-4.91,0.33,-19.44,-40.61
ESILVER,238.2,2026-06-08,-8.36,-10.72,-4.92,-7.45,33.2,122.99
SGIL,553.35,2026-06-08,4.7,7.48,-4.93,9.57,0.05,6.58
PNC,20.03,2026-06-08,5.25,4.92,-4.94,-13.96,-17.94,-28.59
JUNIPER,201.65,2026-06-08,3.67,2.26,-4.95,-4.02,-10.41,-34.6
VEEDOL,1443.2,2026-06-08,0.67,1.1,-4.96,9.07,-7.44,-9.54
SILVERIETF,238.4,2026-06-08,-8.46,-10.79,-4.98,-7.96,33.8,123.79
SHERA,158.2,2026-06-05,-3.39,-6.89,-4.98,36.38,25.91,5.54
LICNETFSEN,827.0,2026-06-08,-1.22,-3.82,-4.99,-6.8,-13.84,-9.29
AATMAJ,19.0,2026-06-05,-2.56,-6.4,-5.0,-4.28,-5.0,0.53
VAIBHAVGBL,223.33,2026-06-08,-0.82,-2.57,-5.0,3.14,-1.59,-9.72
AXITA,7.77,2026-06-08,-2.02,-0.38,-5.01,-12.2,-21.15,-5.77
ASHIKA,376.7,2026-06-08,7.09,3.77,-5.01,,,
HDFCMOMENT,29.88,2026-06-08,-1.42,-3.61,-5.02,-3.3,-5.83,-5.35
TOP20,8.32,2026-06-08,-0.83,-3.48,-5.02,-8.47,,
FINPIPE,168.9,2026-06-08,-5.1,-3.85,-5.03,-9.91,2.25,-21.26
SANOFI,3163.0,2026-06-08,1.46,-0.59,-5.03,-15.27,-24.94,-47.01
ARVEE,159.85,2026-06-08,-0.09,-2.34,-5.03,1.2,-29.99,-10.04
MAGSON,170.0,2026-06-05,0.0,-8.11,-5.03,25.93,41.67,23.77
JUBLPHARMA,957.35,2026-06-08,-3.06,-4.95,-5.04,17.03,-7.97,-15.66
RPOWER,27.25,2026-06-08,1.83,1.95,-5.05,21.43,-23.02,-55.79
JUSTDIAL,517.2,2026-06-08,-0.88,-1.26,-5.06,-3.34,-27.62,-42.26
COMPINFO,1.31,2026-06-08,-2.24,-2.24,-5.07,3.15,-25.14,-28.8
EBGNG,399.85,2026-06-08,-6.74,-10.25,-5.08,14.46,31.99,
BBTC,1482.2,2026-06-08,-1.53,-4.16,-5.08,-8.53,-17.45,-24.44
SKP,151.1,2026-06-05,-6.73,-17.66,-5.09,-2.42,-14.49,-33.97
TATACONSUM,1107.0,2026-06-08,-3.18,-6.76,-5.09,-0.03,-2.57,0.07
SILVERBEES,227.93,2026-06-08,-8.66,-10.98,-5.1,-7.63,33.42,122.57
SML100CASE,10.05,2026-06-08,-1.47,-2.71,-5.1,7.67,4.51,
ANURAS,1302.0,2026-06-08,-1.97,-5.04,-5.11,3.92,4.89,25.05
CUB,247.0,2026-06-08,-2.79,-1.16,-5.13,-4.91,-6.76,23.94
MHLXMIRU,176.55,2026-06-08,-1.51,-0.65,-5.13,3.81,-22.04,-21.23
SAGCEM,179.75,2026-06-08,1.42,-1.5,-5.14,-3.36,-11.73,-20.94
MOM30IETF,30.04,2026-06-08,-1.77,-3.99,-5.15,-2.21,-6.15,-5.68
DCI,265.4,2026-06-08,-6.1,-8.25,-5.16,6.82,8.24,-6.52
BAGFILMS,4.96,2026-06-08,-0.4,-2.75,-5.16,-6.24,-20.64,-32.97
TGBHOTELS,9.0,2026-06-08,-1.1,-0.66,-5.16,0.45,-8.07,-19.21
SILVERBETA,229.97,2026-06-08,-8.76,-11.06,-5.16,-7.62,33.13,122.21
RIIL,753.35,2026-06-08,1.4,-0.74,-5.17,9.51,-7.88,-21.76
SILVER1,23.11,2026-06-08,-8.73,-11.15,-5.17,-7.74,-86.68,-75.81
MANAPPURAM,299.2,2026-06-08,-5.33,-8.12,-5.17,14.05,10.46,21.72
HMAAGRO,23.3,2026-06-08,1.0,-5.44,-5.17,-6.99,-20.26,-35.69
COMPUSOFT,13.58,2026-06-08,0.22,1.49,-5.17,4.22,-20.12,-38.18
VINYLINDIA,242.5,2026-06-08,-3.94,-9.6,-5.18,20.63,6.31,-22.17
AXISCETF,113.49,2026-06-08,-0.72,-3.05,-5.19,-2.28,-9.02,-4.3
SILVERADD,229.55,2026-06-08,-8.75,-11.15,-5.19,-7.7,33.24,122.99
ACC,1319.7,2026-06-08,-2.96,-4.53,-5.19,-12.09,-26.52,-30.42
MOTOUR,71.6,2026-06-08,-0.17,-2.33,-5.19,-2.24,-14.64,
KIRIINDUS,400.25,2026-06-08,2.77,0.97,-5.2,-2.4,-31.73,-35.38
COMMITTED,265.9,2026-06-05,-3.48,0.4,-5.2,27.96,25.45,8.75
GROWWSLVR,23.32,2026-06-08,-8.73,-11.09,-5.2,-7.68,-86.7,-77.74
SMLT,69.85,2026-06-08,-3.72,-7.52,-5.2,-2.23,-20.91,-44.9
SIEMENS,3624.0,2026-06-08,-2.35,-1.19,-5.2,10.86,13.1,9.9
ONGC,264.65,2026-06-08,0.13,-7.12,-5.21,-5.13,13.57,16.21
CONS,11.29,2026-06-08,-0.79,-3.42,-5.21,-1.83,-90.96,-90.45
RHFL,2.18,2026-06-08,-0.91,-1.8,-5.22,1.87,-28.76,-65.99
ABCAPITAL,344.0,2026-06-08,-1.87,-5.4,-5.22,5.34,-3.67,47.38
CAMPUS,237.8,2026-06-08,-5.24,0.74,-5.22,-2.6,-10.69,-20.34
BODALCHEM,69.33,2026-06-08,-6.02,-8.54,-5.22,54.72,36.56,-5.01
CDSL,1193.4,2026-06-08,-1.79,-1.97,-5.23,-2.51,-21.53,-32.26
SUMICHEM,460.15,2026-06-08,-4.46,-3.87,-5.23,16.42,1.72,-11.13
YATHARTH,817.0,2026-06-08,3.05,-0.43,-5.24,26.21,21.3,51.35
LUPIN,2254.5,2026-06-08,-0.37,-1.43,-5.25,-3.81,8.88,13.45
OMAXAUTO,222.99,2026-06-08,-13.28,-2.11,-5.25,117.39,160.34,149.95
NEWGEN,478.3,2026-06-08,8.34,9.73,-5.26,2.75,-43.45,-61.06
SILVERBND,237.58,2026-06-08,-8.72,-11.21,-5.26,-8.88,,
HDFCSILVER,227.58,2026-06-08,-8.85,-11.21,-5.26,-8.14,32.54,121.4
APLLTD,745.5,2026-06-08,3.54,-2.2,-5.28,5.22,-15.34,-23.67
SIL,15.42,2026-06-08,-3.02,-5.69,-5.28,9.59,-1.32,-18.66
TATSILV,23.08,2026-06-08,-8.81,-11.16,-5.29,-7.97,32.72,122.57
VMM,117.35,2026-06-08,-0.96,-3.06,-5.31,4.92,-9.74,-7.77
ONESOURCE,1737.8,2026-06-08,-5.44,-3.82,-5.31,17.38,4.28,-10.16
TRIDHYA,8.9,2026-06-05,-1.11,1.71,-5.32,-28.8,-41.83,-55.72
GPIL,278.7,2026-06-08,-1.05,-2.23,-5.32,12.67,22.74,49.03
CERA,5473.0,2026-06-08,-1.95,-4.47,-5.34,15.4,2.87,-16.4
JSWINFRA,268.45,2026-06-08,-1.99,-3.31,-5.36,-0.13,2.09,-11.37
WOMANCART,115.75,2026-06-05,6.78,-3.46,-5.36,-31.31,-60.43,-48.42
RSL,127.83,2026-06-08,2.44,-2.87,-5.37,,,
ARENTERP,37.0,2026-06-08,-4.86,-3.32,-5.37,-10.74,-26.28,-25.39
SURYODAY,170.27,2026-06-08,4.43,5.42,-5.37,31.74,27.36,17.47
CESC,174.49,2026-06-08,-2.16,-5.98,-5.38,13.62,3.6,7.3
ROSSELLIND,54.68,2026-06-08,-2.32,-1.55,-5.38,18.43,-0.02,-17.97
MOINFRA,61.26,2026-06-08,-1.21,-3.51,-5.38,3.92,6.13,0.44
SENSEXBETA,811.46,2026-06-08,-1.1,-3.56,-5.39,-6.65,,
SILVER360,234.76,2026-06-08,-8.44,-10.66,-5.4,-7.2,33.54,124.16
PACEDIGITK,178.93,2026-06-08,-1.71,-6.02,-5.4,10.87,-10.95,
HDFCBANK,738.65,2026-06-08,-0.55,-6.13,-5.4,-13.81,-26.36,-24.33
AUTOBEES,264.76,2026-06-08,-0.76,-2.46,-5.41,-4.87,-6.58,9.56
JSWHL,12282.0,2026-06-08,-4.67,-1.93,-5.41,-25.58,-39.76,-47.82
AUTOIETF,26.49,2026-06-08,-0.93,-2.75,-5.43,-6.06,-6.73,9.51
MFML,23.84,2026-06-08,-2.69,-0.67,-5.43,10.37,-4.22,-25.71
SHIVAUM,334.0,2026-06-05,5.03,4.38,-5.44,21.45,18.44,22.34
ABMKNO,215.0,2026-06-08,4.48,-12.38,-5.44,,,
VHL,3410.2,2026-06-08,0.34,-1.66,-5.44,5.01,-2.5,-17.78
MAHSEAMLES,614.8,2026-06-08,-0.02,-1.8,-5.45,10.69,8.85,-7.27
TASTYBITE,7965.5,2026-06-08,10.07,4.76,-5.45,13.99,-0.34,-22.88
LOKESHMACH,252.55,2026-06-08,1.1,-2.9,-5.46,22.83,76.86,56.86
TEMBO,572.6,2026-06-08,-4.34,-9.81,-5.46,7.5,-18.78,21.94
QUICKTOUCH,25.05,2026-06-05,-3.28,-5.29,-5.47,-21.6,-23.98,-60.89
ACCELYA,1108.3,2026-06-08,-2.82,-2.99,-5.47,-9.05,-11.26,-15.95
SRM,485.05,2026-06-08,-4.84,-8.72,-5.49,18.86,2.48,11.61
TATASTEEL,202.72,2026-06-08,-3.73,-3.57,-5.49,2.15,24.01,28.72
MANAKSIA,58.06,2026-06-08,-3.41,-6.67,-5.53,2.22,-5.39,-19.8
MOMENTUM,29.98,2026-06-08,-1.87,-3.69,-5.55,-3.13,-5.81,-5.49
LFIC,142.05,2026-06-08,-2.06,3.57,-5.56,11.24,-16.95,-31.19
SUNREST,34.0,2026-06-05,-7.61,-2.86,-5.56,-24.44,-19.14,-33.33
RTNPOWER,9.46,2026-06-08,-0.42,2.94,-5.59,18.55,1.28,-15.46
NAVKARCORP,95.47,2026-06-08,1.13,-1.78,-5.61,7.29,0.18,-13.14
RAJVIR,7.22,2026-06-08,-5.0,-5.62,-5.62,-5.62,-18.42,-31.24
PRECISION,7.55,2026-06-05,-9.04,-5.62,-5.62,-14.69,-42.8,-69.37
AARTIDRUGS,366.05,2026-06-08,-4.4,-7.2,-5.63,2.51,-7.48,-20.37
CENTURYPLY,750.4,2026-06-08,-0.5,-3.55,-5.63,6.43,-4.86,-4.8
NESTLEIND,1398.9,2026-06-08,0.51,-1.04,-5.63,11.7,15.78,16.86
EXXARO,6.53,2026-06-08,0.0,-1.51,-5.64,-8.93,-18.07,-28.4
ENIL,115.68,2026-06-08,7.59,5.23,-5.64,9.64,-0.3,-20.66
UTTAMSUGAR,237.92,2026-06-08,1.68,-3.13,-5.64,21.94,7.57,-23.18
KAMAHOLD,2557.9,2026-06-08,-1.88,-1.74,-5.65,,,
GROWWPSE,101.05,2026-06-08,-1.12,-3.92,-5.66,-2.71,,
SURAKSHA,275.7,2026-06-08,-2.13,-7.64,-5.66,6.76,1.08,-17.48
GOLDENTOBC,26.13,2026-06-08,5.58,0.46,-5.67,-11.18,-18.57,-27.42
AYMSYNTEX,218.05,2026-06-08,-2.22,1.48,-5.68,10.17,45.2,-13.0
DRCSYSTEMS,14.27,2026-06-08,-4.48,-6.24,-5.68,3.11,-16.6,-20.63
360ONE,1054.9,2026-06-08,-2.22,-7.66,-5.69,-0.3,-5.95,0.15
CELLPOINT,15.75,2026-06-05,-4.26,-9.74,-5.69,5.0,-9.48,-15.78
SCHAEFFLER,4006.2,2026-06-08,-1.8,-2.35,-5.69,-6.63,6.48,-5.38
IGPL,438.85,2026-06-08,6.7,-1.39,-5.69,31.37,13.38,-6.42
OILIETF,11.11,2026-06-08,-2.03,-4.8,-5.69,-7.26,-7.26,-3.56
KELLTONTEC,15.23,2026-06-08,-2.99,-4.09,-5.7,-10.67,-14.96,-36.5
AMANTA,130.85,2026-06-08,7.95,-1.07,-5.7,29.91,29.85,
MOMENTUM30,29.39,2026-06-08,-2.0,-4.76,-5.71,-2.49,-6.67,
ESFL,123.95,2026-06-05,3.29,-1.08,-5.71,-20.32,-37.67,-67.53
TTL,7.43,2026-06-08,0.41,-0.8,-5.71,-18.53,-14.4,-50.5
CONTI,13.2,2026-06-05,0.0,0.0,-5.71,-16.98,-40.81,-44.77
KOLTEPATIL,360.25,2026-06-08,-1.27,-5.68,-5.72,10.07,-3.3,-22.01
BAJAJHFL,82.53,2026-06-08,-1.81,-0.92,-5.73,-1.91,-11.87,-34.32
SECMARK,127.0,2026-06-08,1.12,1.39,-5.74,16.23,9.51,-20.53
GATEWAY,56.52,2026-06-08,1.34,1.34,-5.74,-0.91,1.71,-11.01
SBILIFE,1764.4,2026-06-08,-2.65,-7.23,-5.75,-9.13,-12.56,-0.77
NUVOCO,310.75,2026-06-08,-9.11,-4.13,-5.76,4.3,-8.68,-14.26
ELCIDIN,116470.0,2026-06-08,-1.89,-4.91,-5.77,,,
RCF,123.05,2026-06-08,-1.6,-5.85,-5.77,7.83,-9.3,-23.22
MONEYBOXX,72.53,2026-06-08,3.57,-0.48,-5.77,5.38,8.44,
PETRONET,267.35,2026-06-08,-1.15,-5.28,-5.8,-7.94,-1.27,-9.46
HRHNEXT,30.0,2026-06-05,9.09,7.14,-5.81,31.58,0.0,-49.62
BPCL,285.15,2026-06-08,-3.94,-7.49,-5.81,-19.16,-18.0,-4.07
GROWWCAPM,11.01,2026-06-08,-3.0,-7.79,-5.82,15.05,13.36,
STUDDS,439.3,2026-06-08,-1.81,-2.64,-5.82,-14.25,-16.0,
MAHSCOOTER,12167.0,2026-06-08,-3.12,-2.39,-5.83,-7.34,-13.77,-13.8
MRF,122820.0,2026-06-08,-1.29,-4.54,-5.83,-11.5,-19.99,-11.84
LIBERTSHOE,240.59,2026-06-08,-0.83,-3.67,-5.84,7.21,-13.91,-42.79
KRISHANA,660.95,2026-06-08,-2.77,-0.88,-5.85,35.79,38.58,48.54
INDUSINDBK,895.05,2026-06-08,-0.68,-3.35,-5.86,-2.48,6.38,8.77
GOLDIAM,410.35,2026-06-08,0.15,0.59,-5.87,27.02,12.93,15.22
SHAKTIPUMP,517.75,2026-06-08,0.89,1.29,-5.87,4.84,-9.83,-44.85
BHAGYANGR,293.15,2026-06-08,-4.78,5.41,-5.88,82.48,132.66,271.45
TIMESCAN,41.5,2026-06-05,0.61,0.97,-5.9,-12.54,-29.48,-24.06
OBEROIRLTY,1600.4,2026-06-08,-2.97,-6.54,-5.91,8.67,-0.34,-15.72
NATIONALUM,378.2,2026-06-08,-12.9,-6.15,-5.91,-4.06,43.41,109.73
ROSSARI,511.85,2026-06-08,-1.97,-4.94,-5.91,9.6,-13.84,-25.45
RAJMET,3.82,2026-06-08,-0.78,-1.8,-5.91,0.26,-3.54,-33.57
CHOICEIN,648.1,2026-06-08,-3.06,-5.98,-5.92,-7.75,-12.85,-7.56
CPSEETF,100.14,2026-06-08,-0.81,-3.67,-5.92,-3.41,12.14,7.77
MARUTI,12912.0,2026-06-08,-0.26,-1.96,-5.93,-8.81,-20.23,4.73
WALCHANNAG,239.6,2026-06-08,1.14,-2.2,-5.94,44.7,57.95,-4.57
FOSECOIND,4728.0,2026-06-08,-5.23,-5.63,-5.94,-7.49,-6.61,6.83
ALPEXSOLAR,1000.45,2026-06-05,-0.87,1.71,-5.95,39.78,4.28,-0.83
APOLLOTYRE,384.85,2026-06-08,-0.12,-0.9,-5.96,-12.48,-25.52,-16.88
SHIVAMILLS,63.95,2026-06-08,1.01,-5.59,-5.96,17.75,6.05,-18.27
SUTLEJTEX,36.25,2026-06-08,1.65,0.61,-5.97,23.43,10.25,-7.97
RAYMONDLSL,741.55,2026-06-08,-1.77,1.67,-5.97,-8.54,-29.21,-29.17
PODDARMENT,247.0,2026-06-08,3.61,-0.86,-5.98,11.3,-3.23,-18.48
KRONOX,132.29,2026-06-08,-1.31,-3.31,-5.99,15.46,-0.61,-20.93
PICCADIL,583.85,2026-06-08,1.37,-2.42,-6.0,7.43,3.63,
SPIC,66.47,2026-06-08,-1.48,-7.44,-6.0,8.42,-16.68,-21.4
GATECHDVR,0.47,2026-06-08,-4.08,-6.0,-6.0,0.0,-4.08,-56.07
GKSL,131.57,2026-06-08,-2.87,-6.85,-6.01,21.63,,
PRECWIRE,395.75,2026-06-08,-9.2,-10.59,-6.03,18.68,70.38,112.88
AHLEAST,155.52,2026-06-08,-1.53,-6.11,-6.03,-2.82,16.63,12.03
MADHAV,36.55,2026-06-08,-0.89,-0.35,-6.04,0.47,-10.85,-26.64
PFIZER,4527.9,2026-06-08,0.28,-3.44,-6.04,-6.63,-8.81,-18.35
AZAD,2175.8,2026-06-08,9.87,6.62,-6.04,35.08,39.3,31.89
IOB,32.71,2026-06-08,-0.73,-3.2,-6.06,-4.02,-11.23,-17.46
DATAMATICS,768.8,2026-06-08,-3.98,-1.35,-6.06,10.38,-3.89,27.54
MOREPENLAB,42.87,2026-06-08,-7.83,-1.94,-6.07,7.74,4.97,-32.85
TAMBOLIIN,180.94,2026-06-08,2.78,0.59,-6.07,,,
SHAHALLOYS,69.27,2026-06-08,-0.07,-0.87,-6.07,15.99,4.8,26.22
BEL,412.95,2026-06-08,1.41,-2.11,-6.08,-11.85,7.33,6.39
HITECH,85.08,2026-06-08,1.66,-7.56,-6.08,2.79,-10.3,-17.3
INTERNET,11.73,2026-06-08,-2.33,-3.85,-6.08,3.24,-17.06,
FMCGIETF,51.47,2026-06-08,-0.54,-4.15,-6.08,-3.6,-11.85,-13.32
AKG,10.82,2026-06-08,-4.5,-2.87,-6.08,-2.26,-7.76,-21.19
NELCO,683.3,2026-06-08,-0.58,1.55,-6.08,14.7,-12.22,-24.68
PDMJEPAPER,80.98,2026-06-08,-3.49,-2.16,-6.1,5.44,-15.04,-29.71
SENCO,343.1,2026-06-08,1.06,-3.02,-6.1,13.68,10.09,-6.4
KESORAMIND,11.12,2026-06-08,-10.47,-15.89,-6.16,27.82,41.84,74.84
GROWWNET,8.68,2026-06-08,-2.69,-4.09,-6.16,2.72,-17.21,
MOPSE,102.01,2026-06-08,-1.9,-3.91,-6.17,-2.78,6.57,2.21
ICRA,5119.5,2026-06-08,-2.75,-5.69,-6.17,-5.15,-14.61,-21.45
MANGALAM,28.45,2026-06-08,-1.42,-2.37,-6.17,-11.81,14.81,-64.67
SURANAT&P,17.91,2026-06-08,-0.17,-0.61,-6.18,3.89,-8.62,-10.41
HARSHA,399.55,2026-06-08,2.32,-0.66,-6.23,10.36,7.71,-8.44
RSDFIN,79.7,2026-06-08,1.7,-11.89,-6.24,,,
STARPAPER,135.04,2026-06-08,-2.7,-4.52,-6.27,0.07,-16.47,-21.51
IOC,135.6,2026-06-08,-2.31,-5.8,-6.28,-18.6,-12.7,2.7
STEELCITY,76.83,2026-06-08,-0.85,-1.56,-6.29,-8.82,-20.23,-24.14
SERVICE,50.65,2026-06-05,-0.69,5.74,-6.29,1.3,22.94,-14.15
LALPATHLAB,1545.9,2026-06-08,-1.99,-4.27,-6.3,13.67,4.44,9.35
ROCKINGDCE,190.35,2026-06-05,-7.15,-5.3,-6.3,-5.63,-3.84,-1.37
UTIAMC,913.95,2026-06-08,-1.72,-4.57,-6.32,-5.72,-17.87,-22.8
SAKSOFT,139.36,2026-06-08,-1.93,-3.23,-6.33,2.43,-26.31,-28.76
AETHER,1136.5,2026-06-08,1.86,5.77,-6.34,12.31,39.29,43.87
TI,430.45,2026-06-08,-0.86,-2.37,-6.35,-4.46,-1.86,22.8
KOTHARIPRO,71.1,2026-06-08,-2.54,-2.78,-6.35,13.29,-4.11,-18.97
ASPINWALL,236.12,2026-06-08,-1.57,2.25,-6.39,11.75,3.69,-14.62
POLYPLEX,889.4,2026-06-08,-4.69,-2.64,-6.39,6.91,10.91,-31.64
IMFA,1449.1,2026-06-08,2.64,-3.14,-6.39,20.02,10.53,99.34
AKI,4.83,2026-06-08,0.42,-1.02,-6.4,-4.17,-36.03,-39.55
HAPPYFORGE,1351.2,2026-06-08,-5.38,-1.82,-6.4,7.48,33.33,40.4
HPIL,128.94,2026-06-08,-0.87,-2.43,-6.41,6.46,2.97,0.3
NIBL,30.47,2026-06-08,1.13,0.03,-6.42,-5.93,11.57,-4.09
UNIINFO,11.66,2026-06-08,-1.77,-3.64,-6.42,-12.13,-28.51,-39.9
ASTAR,612.8,2026-06-05,-2.26,-12.45,-6.44,,,
CANFINHOME,822.75,2026-06-08,-1.71,-1.87,-6.46,-0.55,-9.2,6.74
MINDTECK,205.72,2026-06-08,-2.4,0.49,-6.46,5.36,7.0,-14.11
GILLETTE,7621.5,2026-06-08,-2.61,-2.38,-6.46,-5.87,-4.88,-20.31
TAINWALCHM,193.13,2026-06-08,-1.7,-3.41,-6.46,-4.41,17.2,-10.89
MKPL,4.91,2026-06-08,-1.8,-3.16,-6.48,1.87,-17.62,-30.26
ABSLPSE,10.38,2026-06-08,-3.44,-4.6,-6.49,-3.08,6.9,2.37
YUKEN,680.0,2026-06-08,0.45,0.44,-6.51,-6.64,-19.22,-36.04
FEL,0.43,2026-06-08,0.0,-4.44,-6.52,2.38,-14.0,-28.33
ZOTA,1204.1,2026-06-08,7.01,7.31,-6.52,0.49,-24.15,27.95
UCOBANK,25.03,2026-06-08,0.56,-2.0,-6.53,-6.48,-11.02,-22.74
KIRLFER,420.35,2026-06-08,-1.92,-6.16,-6.53,-7.04,-7.04,-7.04
MALUPAPER,31.78,2026-06-08,-2.28,-3.05,-6.53,-0.06,-11.94,-19.42
AMBUJACEM,415.3,2026-06-08,-4.51,-6.03,-6.53,-11.02,-21.49,-24.92
VALIANTLAB,73.94,2026-06-08,-7.93,-5.08,-6.54,38.54,7.96,-31.01
ONWARDTEC,258.2,2026-06-08,-0.67,-4.41,-6.54,3.2,-7.95,-11.59
ELECON,521.1,2026-06-08,3.28,-4.8,-6.55,27.05,10.15,-24.71
CEATLTD,3106.1,2026-06-08,-2.84,-6.76,-6.55,-10.17,-18.96,-17.47
LYPSAGEMS,4.95,2026-06-08,-3.13,-1.79,-6.6,-1.79,0.0,-46.08
ADL,69.1,2026-06-08,-4.29,-10.34,-6.61,0.14,-2.07,-26.12
GSS,12.98,2026-06-08,-1.74,-7.81,-6.62,-0.84,-32.95,-64.56
ICEMAKE,741.35,2026-06-08,-5.91,-9.16,-6.63,-11.55,7.86,-11.93
ITC,279.45,2026-06-08,-0.07,-5.56,-6.63,-7.31,-27.15,-30.39
ENGINERSIN,239.37,2026-06-08,6.51,4.71,-6.66,16.84,27.02,6.57
CSLFINANCE,220.03,2026-06-08,-3.93,-8.06,-6.66,-10.81,-21.74,-35.67
SWARAJENG,3732.7,2026-06-08,-1.79,-0.23,-6.66,7.38,2.31,-3.19
ACE,883.95,2026-06-08,1.09,-0.17,-6.68,0.58,-4.32,-28.7
TSFINV,392.8,2026-06-08,-1.71,-4.97,-6.7,1.72,-13.93,2.14
LASA,7.66,2026-06-08,-3.53,-4.96,-6.7,-2.92,-19.71,-45.56
APLAPOLLO,1817.7,2026-06-08,1.64,-4.26,-6.72,-15.57,4.7,-5.04
DEVYANI,110.5,2026-06-08,-3.13,-4.77,-6.73,-5.42,-17.51,-35.42
SRGHFL,279.95,2026-06-08,-2.12,-2.58,-6.73,5.98,5.13,-9.03
ASKAUTOLTD,425.4,2026-06-08,-3.55,-5.93,-6.74,8.56,-7.1,-7.6
MANAKALUCO,34.31,2026-06-08,-4.8,-2.25,-6.74,17.46,44.46,22.42
DELTAMAGNT,59.89,2026-06-08,-3.17,-0.18,-6.74,5.89,-12.82,-43.19
SAKHTISUG,17.42,2026-06-08,-2.52,-3.01,-6.75,7.0,-8.22,-33.76
MVKAGRO,468.6,2026-06-05,-0.3,6.83,-6.75,-17.71,-42.78,323.5
SHRADHA,34.31,2026-06-08,0.12,-0.9,-6.77,-1.27,-18.17,-51.82
MODIS,343.8,2026-06-08,2.29,-0.35,-6.79,7.59,9.07,
WILLAMAGOR,26.1,2026-06-08,-2.03,-6.79,-6.79,0.12,-14.37,-15.04
KSOLVES,274.45,2026-06-08,-1.33,-4.21,-6.79,-4.56,-2.82,-17.51
HDIL,1.92,2026-06-08,0.0,-2.54,-6.8,-18.3,-21.31,-50.13
VLSFINANCE,230.48,2026-06-08,2.14,-2.55,-6.83,-3.0,-28.26,-6.44
SINTERCOM,73.58,2026-06-08,3.31,-7.05,-6.83,-12.68,-36.57,-45.2
SIGIND,48.26,2026-06-08,-3.48,-3.86,-6.83,6.18,-5.43,-28.94
BNAGROCHEM,276.45,2026-06-08,-22.61,-17.34,-6.83,,,
PCJEWELLER,8.85,2026-06-08,-4.22,-0.78,-6.84,-2.1,-18.88,-25.32
UNITEDTEA,508.3,2026-06-08,-0.35,-1.56,-6.85,0.64,16.8,11.56
GANESHCP,204.18,2026-06-08,0.17,0.47,-6.86,20.51,-17.4,
INVENTURE,0.95,2026-06-08,-2.06,-5.0,-6.86,-10.38,-20.83,-40.63
CREST,359.9,2026-06-08,4.59,2.8,-6.87,4.97,0.45,-13.44
UGARSUGAR,40.66,2026-06-08,0.74,-3.4,-6.87,9.6,-0.2,-17.96
MOTILALOFS,821.15,2026-06-08,-3.59,-5.65,-6.9,14.69,-2.04,-4.89
PITTIENG,915.05,2026-06-08,-0.23,-2.1,-6.9,4.12,16.86,-10.23
BANG,37.21,2026-06-08,-4.96,0.11,-6.91,4.58,-28.04,-33.59
ESAFSFB,27.47,2026-06-08,0.07,-5.18,-6.91,9.18,11.03,-14.37
VENTIVE,627.2,2026-06-08,-1.52,-0.07,-6.92,-9.72,-12.1,-15.98
NATCAPSUQ,157.9,2026-06-08,-1.27,2.02,-6.92,3.09,-13.84,-34.09
AKSHOPTFBR,6.84,2026-06-08,9.97,14.0,-6.94,51.66,12.13,-23.4
LICHSGFIN,541.0,2026-06-08,0.62,-0.45,-6.96,5.71,3.48,-10.26
ORIENTCEM,131.63,2026-06-08,-3.87,-5.08,-6.96,-9.46,-16.99,-62.73
LAOPALA,171.41,2026-06-08,1.52,-1.85,-6.96,-12.9,-17.02,-28.71
ECAPINSURE,23.21,2026-06-08,-2.6,-6.86,-6.97,-0.26,-2.15,0.78
XCHANGING,64.48,2026-06-08,-1.75,-3.42,-6.97,2.87,-21.29,-33.67
SURAJLTD,228.0,2026-06-08,-2.45,-3.22,-6.97,0.48,-13.11,-40.83
GANGESSECU,120.94,2026-06-08,-0.27,-1.7,-6.98,1.94,-17.54,-22.76
AIRAN,16.38,2026-06-08,-1.56,1.17,-6.98,2.31,-7.93,-40.33
ATUL,6592.5,2026-06-08,-1.39,-6.35,-7.0,2.77,15.03,-10.35
MAGNUM,19.66,2026-06-08,-1.9,-3.34,-7.0,-4.28,-17.57,-26.28
PURVA,203.42,2026-06-08,-4.94,-11.51,-7.0,8.59,-12.68,-36.85
RADAAN,3.05,2026-06-08,-5.86,0.33,-7.01,0.99,-7.01,-24.69
CEIGALL,350.4,2026-06-08,2.46,2.5,-7.01,26.13,52.48,43.12
WAAREEENER,3003.8,2026-06-08,-2.98,0.66,-7.01,14.29,4.15,6.26
GNRL,92.97,2026-06-08,-6.43,-3.94,-7.01,,,
TITAN,4192.4,2026-06-08,4.17,0.8,-7.02,-1.23,11.29,18.12
NSIL,5461.5,2026-06-08,-2.46,-4.03,-7.02,-5.69,-15.54,-22.0
GVPTECH,6.48,2026-06-08,-2.41,0.62,-7.03,-0.61,-27.92,-33.81
INDIQUBE,157.03,2026-06-08,0.4,-5.52,-7.04,-8.15,-20.48,
BAYERCROP,4284.8,2026-06-08,-5.25,-1.92,-7.05,-6.87,-3.4,-20.02
FIRSTCRY,218.65,2026-06-08,-2.1,-6.11,-7.07,1.83,-21.9,-47.3
PRIVISCL,3241.4,2026-06-08,-1.94,-1.79,-7.07,11.75,5.25,41.85
AYE,139.89,2026-06-08,-6.14,-3.7,-7.08,20.82,,
GRANDOAK,27.08,2026-06-08,6.2,4.52,-7.1,,,
ZENITHSTL,5.87,2026-06-08,-1.18,-1.51,-7.12,5.01,-21.84,-16.5
PFC,428.4,2026-06-08,1.73,-2.39,-7.14,5.87,27.33,6.75
SYLVANPLY,54.0,2026-06-05,0.0,3.05,-7.14,16.5,-12.9,-37.72
KUANTUM,74.13,2026-06-08,-1.27,-7.21,-7.15,-12.03,-16.3,-33.32
WIPL,147.99,2026-06-08,-3.6,3.78,-7.16,-2.63,-6.91,-1.51
MFSL,1577.5,2026-06-08,-2.89,-8.65,-7.19,-7.29,-6.95,4.6
BAJAJHLDNG,9868.0,2026-06-08,-3.91,-7.27,-7.19,-6.55,-10.03,-30.27
GROWW,189.86,2026-06-08,2.23,0.21,-7.2,24.12,25.2,
ANMOL,11.08,2026-06-08,-3.99,-2.72,-7.2,0.73,-20.91,-37.61
NTPCGREEN,99.78,2026-06-08,0.17,-2.2,-7.21,13.46,10.54,-8.24
SURYAROSNI,246.81,2026-06-08,-1.2,13.71,-7.21,17.64,-1.77,-25.08
ARE&M,824.65,2026-06-08,-5.45,-6.65,-7.22,2.09,-11.12,-16.63
MTNL,29.77,2026-06-08,-0.17,0.07,-7.23,10.3,-14.87,-40.26
BLUECOAST,29.48,2026-06-08,-4.56,-8.3,-7.24,40.85,-23.43,-4.56
BOSCH-HCIL,1342.9,2026-06-08,-4.11,-2.04,-7.24,0.77,-3.75,-20.08
MEDIASSIST,349.5,2026-06-08,-4.91,-4.29,-7.25,8.1,-25.66,-29.45
TATAPOWER,404.2,2026-06-08,-3.65,-2.26,-7.29,7.64,8.03,1.76
GRPLTD,1757.2,2026-06-08,-2.05,3.23,-7.29,-2.2,3.41,-40.65
ALPHAGEO,205.29,2026-06-08,1.56,-7.94,-7.29,1.25,-6.09,-18.46
SBGLP,25.03,2026-06-08,-5.73,-2.19,-7.3,-11.74,-16.29,-35.02
GOODYEAR,727.4,2026-06-08,-0.36,-1.72,-7.3,-42.89,-42.89,-42.89
ZSARACOM,9175.0,2026-06-08,-1.57,-6.43,-7.32,,,
LUMAXTECH,1609.0,2026-06-08,-8.64,1.13,-7.32,5.03,8.14,68.18
LTM,3977.7,2026-06-08,-5.2,-0.35,-7.33,-6.08,-35.57,-22.24
KAMOPAINTS,5.05,2026-06-08,-2.13,-6.31,-7.34,21.1,-24.29,-57.63
FLUOROCHEM,3492.6,2026-06-08,-3.31,-8.87,-7.34,7.58,5.27,-4.3
SARVESHWAR,3.66,2026-06-08,-2.4,-1.88,-7.34,2.52,-8.73,-50.61
DOLPHIN,391.55,2026-06-08,-1.3,-4.28,-7.34,-11.87,14.3,-6.19
RAMANEWS,29.74,2026-06-08,1.81,3.23,-7.35,-17.11,-0.83,-23.49
CELEBRITY,7.54,2026-06-08,-1.57,-0.66,-7.37,-7.37,-14.61,-39.78
JINDALSTEL,1156.3,2026-06-08,-4.42,-4.62,-7.38,-2.04,15.92,20.34
GOODLUCK,1322.3,2026-06-08,0.33,-6.69,-7.38,22.36,19.56,37.09
HEIDELBERG,150.02,2026-06-08,-3.54,-7.58,-7.4,-3.73,-13.57,-20.5
NETWORK18,31.87,2026-06-08,5.67,1.14,-7.41,-2.66,-24.37,-41.13
KANPRPLA,200.18,2026-06-08,3.87,-4.71,-7.41,11.87,3.11,-12.34
EIFFL,229.08,2026-06-08,0.08,-4.5,-7.41,-0.27,9.54,3.46
AVADHSUGAR,471.5,2026-06-08,4.8,0.94,-7.42,22.72,35.86,-12.48
BALKRISIND,2094.6,2026-06-08,-3.37,-5.61,-7.42,-6.89,-10.97,-15.43
UBL,1314.3,2026-06-08,2.2,-0.7,-7.43,-25.25,-21.6,-36.16
TVSHLTD,13356.0,2026-06-08,-0.37,-1.43,-7.44,-4.63,-6.82,18.15
PSB,23.19,2026-06-08,-2.23,-3.58,-7.46,-6.98,-15.24,-28.96
KLBRENG-B,478.2,2026-06-08,-3.72,0.29,-7.46,,,
INCREDIBLE,34.55,2026-06-08,-5.08,-4.03,-7.47,4.03,-9.27,-21.83
SHREECEM,23535.0,2026-06-08,-6.09,-7.18,-7.47,-5.39,-9.95,-20.11
UNICHEMLAB,356.9,2026-06-08,4.04,-0.72,-7.49,10.7,-19.17,-39.8
BMWVENTLTD,60.12,2026-06-08,2.07,-3.55,-7.49,6.79,2.97,
SHRENIK,0.37,2026-06-08,-2.63,-2.63,-7.5,-11.9,-28.85,-40.32
SWASTIK,22.2,2026-06-05,0.0,-1.99,-7.5,25.78,-12.43,-41.19
LAMBODHARA,103.91,2026-06-08,-12.19,0.74,-7.51,3.43,-16.58,-22.88
CHEMBONDCH,173.22,2026-06-08,-5.52,-12.55,-7.51,20.9,19.93,
ROUTE,511.0,2026-06-08,1.37,-1.07,-7.51,6.8,-21.7,-49.2
OLECTRA,1240.0,2026-06-08,0.76,1.75,-7.51,36.58,6.23,1.51
POWERGRID,290.3,2026-06-08,1.45,-1.71,-7.53,-2.96,10.69,1.35
BLIL,71.32,2026-06-08,-1.23,-1.86,-7.53,,,
CLSEL,267.55,2026-06-08,-7.28,-10.22,-7.53,6.19,4.86,-26.12
AHLUCONT,783.7,2026-06-08,2.63,-2.92,-7.53,1.94,-18.13,-13.93
VESUVIUS,467.95,2026-06-08,-1.33,0.32,-7.54,-6.85,-1.64,-22.14
KIRLOSIND,3120.7,2026-06-08,0.82,0.64,-7.56,6.18,-2.87,-18.94
AAATECH,91.82,2026-06-08,-0.93,-1.88,-7.57,-1.21,-6.1,3.85
SBFC,91.28,2026-06-08,-1.04,-2.07,-7.58,-2.85,-12.77,-20.28
ASALCBR,831.15,2026-06-08,2.33,-6.36,-7.58,8.6,-11.58,-24.65
BOMDYEING,125.19,2026-06-08,0.46,-0.8,-7.58,17.04,-2.51,-17.64
HNGSNGBEES,488.84,2026-06-08,-4.52,-8.87,-7.58,-4.71,-5.38,27.96
BORANA,316.95,2026-06-08,-4.11,-0.98,-7.59,-18.83,16.93,37.18
PRUDENT,2613.8,2026-06-08,-4.25,-2.5,-7.61,16.68,1.21,-8.37
TVVISION,4.98,2026-06-08,-5.14,-4.96,-7.61,-11.86,-12.48,-42.63
RATNAVEER,162.7,2026-06-08,-2.53,-7.98,-7.62,15.97,1.19,3.91
BMETRICS,37.0,2026-06-05,1.23,-1.33,-7.62,8.5,-14.94,-24.19
HIGREEN,126.45,2026-06-05,5.77,-10.19,-7.63,4.2,-12.64,-43.8
AEPL,16.34,2026-06-08,-0.67,0.06,-7.63,,,
KARURVYSYA,281.4,2026-06-08,-1.71,-3.63,-7.63,-9.97,16.14,43.29
HAVISHA,1.45,2026-06-08,-3.33,-6.45,-7.64,-0.68,-18.99,-26.02
PRITIKA,64.55,2026-06-05,0.94,-0.92,-7.65,9.87,-16.55,-8.18
PAUSHAKLTD,466.15,2026-06-08,7.0,3.1,-7.65,11.19,-16.48,
COLPAL,2005.5,2026-06-08,0.77,-3.24,-7.66,-7.96,-5.46,-15.68
URJA,10.36,2026-06-08,-3.81,-3.81,-7.66,16.4,-9.91,-31.44
VINATIORGA,1288.1,2026-06-08,-1.46,-3.82,-7.67,-6.35,-18.55,-30.79
GOKEX,676.25,2026-06-08,-3.43,-5.39,-7.67,10.83,-19.07,-26.92
MALLCOM,999.7,2026-06-08,4.16,-2.68,-7.67,-6.72,-11.12,-8.42
TRIDENT,24.03,2026-06-08,-0.78,-2.24,-7.68,3.54,-9.52,-20.57
TIPSFILMS,356.85,2026-06-08,0.68,-9.28,-7.68,2.53,-6.49,-43.15
DMART,4063.3,2026-06-08,-0.21,-0.83,-7.7,4.84,5.06,-3.29
TNPL,144.31,2026-06-08,-1.81,-4.35,-7.71,4.96,6.02,-9.97
DLF,561.3,2026-06-08,-3.23,-5.23,-7.72,-2.81,-18.35,-35.77
WONDERLA,468.25,2026-06-08,-1.27,-2.71,-7.72,-5.34,-14.37,-27.73
ASIANTILES,58.14,2026-06-08,-5.43,-7.14,-7.74,-12.79,-4.28,-1.47
AIIL,456.6,2026-06-08,-0.29,-9.2,-7.74,5.66,-11.82,-8.5
SWELECTES,629.65,2026-06-08,-1.17,3.0,-7.74,21.16,3.42,5.46
HINDUNILVR,2110.1,2026-06-08,1.24,-3.93,-7.76,-5.19,-8.81,-10.07
MOIL,290.85,2026-06-08,-1.91,-3.93,-7.77,-0.68,-6.48,-23.38
ROXHITECH,33.25,2026-06-05,-8.53,0.45,-7.77,3.58,-27.32,-36.18
JKPAPER,349.55,2026-06-08,-3.36,-11.03,-7.77,4.62,-2.26,-5.32
BABAFP,24.9,2026-06-05,-1.39,-3.3,-7.78,-3.49,-20.7,-39.93
JWL,275.65,2026-06-08,0.53,-6.97,-7.78,-7.69,8.33,-31.04
PRAXIS,7.11,2026-06-08,4.1,0.57,-7.78,7.4,-21.44,-44.28
CIEINDIA,437.9,2026-06-08,0.11,-5.1,-7.78,-4.26,9.64,-0.08
DBOL,109.5,2026-06-08,1.99,3.32,-7.81,9.66,42.56,42.27
SHANTI,6.49,2026-06-08,-1.67,-3.71,-7.81,-2.7,-28.37,-70.51
OMFREIGHT,81.48,2026-06-08,-2.62,-6.3,-7.84,-0.04,-6.76,
ACL,53.1,2026-06-08,-3.45,-3.89,-7.84,-1.28,-26.32,-23.53
LINC,97.35,2026-06-08,-1.76,-3.66,-7.86,-8.19,-16.27,-32.79
RAJSREESUG,33.39,2026-06-08,-6.47,-5.25,-7.86,19.51,6.92,-31.11
WAAREERTL,947.35,2026-06-08,-2.56,-3.11,-7.87,16.06,0.45,-8.11
NFL,72.44,2026-06-08,-2.91,-6.58,-7.87,-0.15,-15.63,-32.01
COUNCODOS,4.8,2026-06-08,-3.61,-1.03,-7.87,-2.24,-14.89,-31.82
KHAICHEM,54.55,2026-06-08,0.78,-1.87,-7.89,2.06,-32.51,-33.14
BAJAJFINSV,1674.6,2026-06-08,-4.79,-7.35,-7.9,-10.4,-18.68,-15.81
BAWEJA,31.25,2026-06-05,0.81,4.69,-7.95,5.93,-21.48,-46.07
ORISSAMINE,3961.8,2026-06-08,-1.11,-2.86,-7.95,4.01,-14.31,-21.91
KRBL,343.5,2026-06-08,-0.62,-4.02,-7.95,7.85,-9.88,-6.93
GENUSPOWER,300.8,2026-06-08,-2.86,-7.3,-7.97,16.82,0.5,-22.93
AEROENTER,100.72,2026-06-08,7.07,2.7,-7.98,35.91,27.38,13.26
BRITANNIA,5078.5,2026-06-08,-1.53,-4.66,-8.0,-15.12,-13.15,-8.25
ITCHOTELS,150.36,2026-06-08,-1.96,-3.75,-8.0,-9.55,-26.33,-30.65
GLENMARK,2176.5,2026-06-08,-1.12,-6.87,-8.02,2.45,13.25,37.21
JAICORPLTD,110.14,2026-06-08,-3.26,-5.67,-8.03,10.5,-12.16,-1.96
KSL,793.2,2026-06-08,-5.68,-4.39,-8.03,9.27,10.95,0.82
FINIETF,30.29,2026-06-08,-2.98,-7.65,-8.04,-2.76,-6.31,-1.78
ELLEN,261.65,2026-06-08,6.43,-1.39,-8.05,21.44,-24.82,
PGHH,9135.5,2026-06-08,-3.27,-5.42,-8.07,-16.07,-27.03,-30.87
BLUEJET,450.85,2026-06-08,0.94,-6.35,-8.07,17.01,-17.85,-49.86
PPLPHARMA,165.34,2026-06-08,-3.25,-7.87,-8.07,8.87,-5.33,-19.81
RHIM,377.25,2026-06-08,3.3,-6.42,-8.09,-4.63,-15.03,-15.93
POLICYBZR,1511.9,2026-06-08,-9.54,-15.61,-8.1,5.85,-21.0,-21.12
SHILCTECH,3965.6,2026-06-08,-1.76,-2.85,-8.1,4.28,4.35,
DICIND,503.85,2026-06-08,1.14,-3.52,-8.11,-3.38,1.96,-22.66
VIKASLIFE,1.47,2026-06-08,-2.0,0.0,-8.12,6.52,-17.42,-42.13
ORIENTALTL,6.45,2026-06-08,1.1,1.42,-8.12,2.38,-24.47,-52.19
FSL,252.0,2026-06-08,-5.71,-10.09,-8.12,14.81,-23.91,-31.08
TATACHEM,718.0,2026-06-08,-2.18,-6.26,-8.13,1.54,-5.89,-22.24
NAGREEKCAP,27.56,2026-06-08,-1.85,-4.97,-8.13,8.21,2.07,-4.01
KAYA,239.0,2026-06-08,2.6,-3.73,-8.13,-25.29,-34.01,-29.02
WIPRO,181.76,2026-06-08,-11.94,-12.13,-8.16,-6.98,-28.67,-23.52
LINCOLN,619.8,2026-06-08,2.24,-13.81,-8.16,0.49,28.38,9.04
ORIENTELEC,172.96,2026-06-08,-5.38,-6.53,-8.17,-3.36,-3.09,-23.25
LGHL,231.69,2026-06-08,-1.28,-0.03,-8.17,-15.78,-14.6,-2.63
AADHARHFC,460.45,2026-06-08,-1.35,-2.7,-8.17,1.19,-5.19,2.45
SINCLAIR,75.12,2026-06-08,2.09,0.91,-8.17,0.75,-10.84,-19.52
NAHARCAP,247.9,2026-06-08,-2.82,-3.3,-8.17,10.99,-1.51,-17.96
HINDCON,21.9,2026-06-08,-3.35,-6.05,-8.18,14.78,-21.05,-41.05
LXCHEM,151.34,2026-06-08,1.78,-1.98,-8.19,33.08,-10.5,-25.35
JIOFIN,228.86,2026-06-08,-2.59,-5.33,-8.21,-4.38,-22.99,-22.04
VLEGOV,13.74,2026-06-08,-2.55,-3.98,-8.22,-6.47,-36.12,-78.06
SRHHYPOLTD,501.8,2026-06-08,-0.7,-6.53,-8.22,13.18,4.79,-20.65
WORTHPERI,128.8,2026-06-08,0.52,-0.21,-8.23,-2.93,-8.07,-13.93
STYRENIX,2142.0,2026-06-08,-4.23,-5.74,-8.24,14.87,6.8,-33.19
BHARATGEAR,109.98,2026-06-08,-0.9,-2.93,-8.24,8.73,9.13,20.91
SJVN,72.29,2026-06-08,-0.85,-2.67,-8.25,1.83,3.05,-28.99
WAAREEINDO,389.8,2026-06-08,-4.5,-2.08,-8.25,22.46,-17.95,18.12
NEPHROCARE,73.9,2026-06-05,2.0,-11.5,-8.26,0.41,-41.44,-45.12
ICDSLTD,43.11,2026-06-08,1.46,-4.18,-8.28,12.38,1.32,-22.77
KSB,804.65,2026-06-08,4.57,-1.53,-8.29,6.72,9.72,-6.26
ALGOQUANT,53.35,2026-06-08,-3.99,-9.71,-8.3,-11.57,,
DELHIVERY,439.35,2026-06-08,0.48,-3.53,-8.3,3.96,10.38,19.7
GTPL,63.5,2026-06-08,-2.79,-4.85,-8.3,3.62,-35.03,-41.86
BLUESTARCO,1552.2,2026-06-08,0.48,-6.06,-8.31,-20.34,-9.92,-1.86
CORALFINAC,31.57,2026-06-08,-1.0,-4.65,-8.31,-7.34,-19.15,-34.85
VITAL,54.99,2026-06-08,5.81,0.86,-8.32,20.59,-3.86,-15.4
CYBERMEDIA,16.4,2026-06-08,-6.66,-6.92,-8.33,15.41,3.99,9.33
SANWARIA,0.22,2026-06-08,-8.33,-8.33,-8.33,10.0,-18.52,-37.14
5PAISA,307.1,2026-06-08,-5.41,-4.02,-8.34,1.47,1.57,-25.03
MONTECARLO,535.95,2026-06-08,-1.64,-2.33,-8.35,3.22,-21.83,-9.52
ARROWGREEN,532.35,2026-06-08,-2.42,16.71,-8.35,40.96,7.03,-18.75
RANASUG,12.51,2026-06-08,3.22,-0.95,-8.35,9.83,-2.72,-23.67
CCCL,14.57,2026-06-08,-1.62,-5.51,-8.36,-2.35,-17.59,-21.67
AFCONS,312.2,2026-06-08,-5.78,3.02,-8.37,10.3,-19.6,-27.83
SUPREMEINF,77.39,2026-06-08,-10.53,-5.63,-8.37,-1.69,-7.39,-12.77
KHADIM,100.11,2026-06-08,0.25,-2.56,-8.37,-4.17,-44.22,-62.55
SPLIL,30.39,2026-06-08,-4.19,0.26,-8.38,11.65,-18.46,-18.85
AARTECH,41.23,2026-06-08,-1.86,-3.8,-8.38,-1.9,-16.22,-32.24
INDRAMEDCO,389.65,2026-06-08,4.14,7.15,-8.38,-2.33,-14.06,-8.55
WEBELSOLAR,105.3,2026-06-08,-1.68,-5.23,-8.39,99.77,9.14,-23.16
MMFL,452.3,2026-06-08,2.02,-2.37,-8.39,4.07,28.88,18.54
MONOPHARMA,11.45,2026-06-05,-3.38,-4.98,-8.4,-2.55,-39.74,-54.92
ROHLTD,311.9,2026-06-08,-7.42,-8.16,-8.4,-7.84,-19.57,-14.72
BANSALWIRE,292.3,2026-06-08,-5.22,-8.81,-8.4,17.32,-6.04,-22.83
GINNIFILA,41.08,2026-06-08,1.23,-8.71,-8.41,15.59,7.93,-4.91
GNA,371.45,2026-06-08,1.3,-1.81,-8.41,-12.86,23.65,17.09
LANDSMILL,0.87,2026-06-08,-1.14,-4.4,-8.42,-14.71,-28.1,22.54
ATULAUTO,456.65,2026-06-08,-4.4,-6.82,-8.44,2.57,6.63,-4.37
IMAGICAA,42.89,2026-06-08,-3.83,-1.97,-8.45,7.14,-10.81,-39.51
DOLATALGO,72.26,2026-06-08,-1.58,-4.57,-8.46,-5.25,-3.5,-31.02
DAMCAPITAL,147.1,2026-06-08,-0.16,-3.69,-8.46,7.82,-28.55,-48.95
BEEKAY,390.85,2026-06-08,-0.61,2.42,-8.47,,,
TCPLPACK,2605.2,2026-06-08,1.09,-1.1,-8.47,1.44,-14.48,-30.52
REPRO,349.75,2026-06-08,0.52,-9.18,-8.48,-11.13,-22.36,-36.3
KOTARISUG,25.03,2026-06-08,1.09,-2.8,-8.48,1.38,-6.39,-34.75
ROLEXRINGS,138.04,2026-06-08,0.25,-3.92,-8.49,13.27,11.62,-13.9
ORIENTCER,37.91,2026-06-08,-6.6,-6.6,-8.52,2.43,-8.8,4.23
LAHOTIOV,42.74,2026-06-08,0.8,-1.95,-8.54,,,
CRAYONS,31.05,2026-06-05,-9.21,-2.97,-8.54,-21.09,-22.86,-44.65
BORORENEW,513.75,2026-06-08,4.43,-0.4,-8.54,17.99,-4.19,-9.79
PCBL,280.0,2026-06-08,-2.25,-4.84,-8.54,-0.25,-9.68,-31.53
GENUSPAPER,12.09,2026-06-08,-2.18,-5.4,-8.55,-1.79,-11.36,-39.06
MUNJALSHOW,127.85,2026-06-08,-0.43,-8.47,-8.55,0.74,4.29,-4.67
CRISIL,3806.0,2026-06-08,-3.3,-5.48,-8.56,-10.42,-11.58,-27.84
SANATHAN,414.55,2026-06-08,0.52,2.83,-8.57,2.55,-3.41,-10.35
SAURASHCEM,58.66,2026-06-08,-1.56,-4.24,-8.57,-6.28,-29.47,-34.91
MOSCHIP,208.1,2026-06-08,-2.43,0.85,-8.59,21.38,6.03,10.56
LUMAXIND,5265.5,2026-06-08,-4.8,-9.0,-8.59,-5.58,-6.47,69.68
ARVSMART,579.25,2026-06-08,0.58,-4.87,-8.59,14.07,-3.01,-16.15
VMSTMT,45.04,2026-06-08,-5.12,-7.38,-8.6,5.5,-12.53,
LOTUSDEV,134.19,2026-06-08,-3.57,-4.95,-8.61,10.73,-14.46,
ARCHIES,14.12,2026-06-08,-1.81,-4.53,-8.61,-4.08,-23.55,-29.79
JAGSNPHARM,198.62,2026-06-08,-1.48,-3.44,-8.61,14.58,-0.41,-13.33
BHAGCHEM,234.84,2026-06-08,-3.56,-4.52,-8.62,18.06,1.27,-21.4
ENTERO,1119.1,2026-06-08,-1.95,-17.07,-8.62,6.99,12.01,-7.84
KFINTECH,837.25,2026-06-08,-0.98,0.95,-8.63,-8.27,-19.65,-32.48
APTUS,256.0,2026-06-08,-1.58,-2.49,-8.63,13.23,-7.3,-17.83
JKIL,467.5,2026-06-08,-6.36,-8.04,-8.63,-0.96,-14.87,-35.1
IRCTC,516.1,2026-06-08,0.68,-4.04,-8.64,-6.64,-21.52,-32.86
SUBEXLTD,10.58,2026-06-08,3.83,-5.03,-8.64,26.1,-7.6,-29.7
GLOBALE,12.79,2026-06-08,-1.62,3.15,-8.64,16.8,19.2,-21.96
SHRIPISTON,3292.5,2026-06-08,-1.35,1.66,-8.65,12.42,8.32,34.48
POKARNA,808.2,2026-06-08,-0.43,-5.43,-8.65,-9.88,-0.41,-25.36
MENNPIS,53.39,2026-06-08,-2.04,-10.75,-8.67,,,
PRAKASH,138.99,2026-06-08,-6.25,-1.63,-8.68,11.84,12.96,-16.88
HAVELLS,1140.3,2026-06-08,-0.25,-5.27,-8.7,-15.06,-18.32,-24.53
SECL,3.15,2026-06-05,0.0,0.0,-8.7,-19.23,-32.26,-44.74
TUNWAL,28.85,2026-06-05,-2.37,-19.3,-8.7,-8.85,-32.83,-8.4
CINELINE,77.66,2026-06-08,-4.02,-2.54,-8.71,-9.88,-8.34,-16.93
PATELENG,26.31,2026-06-08,0.77,0.11,-8.71,1.7,-14.3,-38.36
AUBANK,958.9,2026-06-08,-1.06,-4.04,-8.71,-0.55,0.67,28.09
MEIL,311.85,2026-06-08,-2.58,-3.54,-8.71,35.98,-13.07,
SARDAEN,537.85,2026-06-08,3.13,-1.11,-8.71,-2.83,13.36,23.68
NAHARPOLY,244.3,2026-06-08,-4.4,-3.55,-8.74,6.65,2.8,-31.14
AEQUS,187.01,2026-06-08,1.16,-13.28,-8.74,35.66,,
DALBHARAT,1664.0,2026-06-08,-4.77,-8.7,-8.75,-12.41,-16.54,-21.03
SAHAJSOLAR,138.7,2026-06-05,0.47,-5.9,-8.75,25.01,-9.64,-48.44
BIRLAPREC,36.91,2026-06-08,-2.97,-21.47,-8.75,,,
BATAINDIA,658.55,2026-06-08,-0.86,-5.41,-8.76,-11.46,-30.57,-45.56
TARACHAND,55.63,2026-06-08,-1.17,0.23,-8.77,-4.78,-22.37,-5.2
HUHTAMAKI,165.89,2026-06-08,3.61,-2.42,-8.77,-2.62,-19.79,-18.32
INDOTECH,2586.9,2026-06-08,-0.24,6.07,-8.78,87.59,67.33,24.14
MGL,1069.7,2026-06-08,-0.7,-0.48,-8.8,1.94,-3.69,-17.6
VERITAAS,45.6,2026-06-05,0.0,-5.0,-8.8,-22.05,-19.08,-44.69
BAJFINANCE,871.1,2026-06-08,-2.02,-7.52,-8.82,-8.32,-15.13,-7.05
EFORCE,24.25,2026-06-05,8.5,2.54,-8.83,-4.34,-30.71,-51.11
HATSUN,891.8,2026-06-08,-4.49,-3.77,-8.84,-0.94,-10.27,-7.86
MCX,2823.8,2026-06-08,-2.31,-14.79,-8.84,11.44,38.65,91.06
NIACL,149.54,2026-06-08,-4.76,-10.02,-8.87,7.88,-4.32,-21.45
GSFC,160.32,2026-06-08,-2.18,-5.24,-8.88,1.89,-6.24,-21.68
FIVESTAR,421.1,2026-06-08,-5.64,-7.67,-8.9,3.63,-26.42,-42.18
PKTEA,784.35,2026-06-08,-3.01,-6.05,-8.91,1.21,6.28,-17.88
CPEDU,176.36,2026-06-08,-3.95,-0.34,-8.91,-8.81,-33.16,
SUDARSCHEM,862.95,2026-06-08,-4.81,-17.34,-8.91,5.95,-11.43,-26.16
TCS,2151.4,2026-06-08,-6.36,-6.79,-8.93,-14.74,-31.4,-33.93
PNCINFRA,204.59,2026-06-08,-1.2,-3.89,-8.95,1.97,-16.08,-32.82
3IINFOLTD,16.49,2026-06-08,-5.83,-5.61,-8.95,23.43,1.23,-33.18
RAYMONDREL,573.15,2026-06-08,2.76,-6.52,-8.97,50.59,21.4,
HINDWAREAP,214.93,2026-06-08,-0.04,-9.13,-8.98,3.2,-25.38,-21.56
NHPC,73.51,2026-06-08,-4.78,-6.97,-8.99,-0.9,-2.08,-15.7
MERCANTILE,26.39,2026-06-08,3.53,-1.68,-9.0,,,
JYOTISTRUC,12.62,2026-06-08,2.27,1.12,-9.01,13.39,21.81,-34.81
PATANJALI,419.95,2026-06-08,-6.52,-10.35,-9.02,-15.79,-23.06,-25.77
EUROTEXIND,15.52,2026-06-08,-0.19,-0.19,-9.03,22.2,-27.07,-2.21
NBIFIN,1898.7,2026-06-08,2.58,-2.97,-9.04,1.51,-14.63,-27.8
SKYGOLD,492.25,2026-06-08,-5.7,1.63,-9.05,45.27,51.55,30.43
ANIKINDS,42.7,2026-06-08,-5.72,-3.63,-9.05,-3.11,-18.36,-61.48
INDIACEM,371.8,2026-06-08,-3.63,-7.86,-9.05,-2.67,-10.3,8.55
MOREALTY,74.9,2026-06-08,-2.19,-4.56,-9.06,0.82,-13.17,-27.91
CAPITALSFB,268.2,2026-06-08,0.21,-3.75,-9.08,5.14,-0.7,-7.45
SHRINGARMS,204.98,2026-06-08,-1.98,-5.19,-9.1,-3.02,-0.06,
DVL,236.64,2026-06-08,-1.42,-5.04,-9.12,6.47,-12.66,-28.12
TARSONS,206.97,2026-06-08,-0.91,-3.6,-9.12,9.18,-6.22,-44.01
INNOVISION,293.95,2026-06-08,-2.94,-5.15,-9.13,,,
GROWWRLTY,8.36,2026-06-08,-2.79,-4.46,-9.13,0.36,-13.37,
SKFINDIA,1603.5,2026-06-08,-0.22,-4.52,-9.14,-1.96,-11.17,-65.85
COROMANDEL,1751.1,2026-06-08,-2.05,-4.91,-9.16,-13.41,-24.05,-23.22
GOACARBON,385.95,2026-06-08,-1.25,-3.98,-9.16,16.01,0.95,-22.23
MATRIMONY,404.8,2026-06-08,-3.09,-2.97,-9.17,-0.5,-22.95,-18.85
AMIRCHAND,119.49,2026-06-08,-4.61,-5.42,-9.17,,,
AEROFLEX,399.0,2026-06-08,2.74,-3.7,-9.18,81.17,136.44,145.13
LPDC,6.83,2026-06-08,-1.59,-0.29,-9.18,15.57,-2.57,-21.49
HDFCLIFE,564.55,2026-06-08,-3.75,-8.94,-9.19,-15.56,-26.11,-25.03
GESHIP,1432.5,2026-06-08,-2.4,-13.11,-9.19,1.91,35.62,49.57
TRIVENI,365.35,2026-06-08,-0.1,-3.18,-9.21,-6.45,8.53,-13.97
DIGJAMLMTD,43.67,2026-06-08,-0.64,-6.67,-9.21,4.93,9.15,14.86
KAUSHALYA,844.05,2026-06-08,-3.2,-4.62,-9.24,0.2,-6.39,-7.62
VGUARD,300.75,2026-06-08,0.18,-1.91,-9.25,-3.5,-10.5,-19.52
CURAA,84.0,2026-06-08,-5.6,-6.35,-9.26,-6.35,-37.35,-26.8
GLOBE,2.25,2026-06-08,-3.85,-6.64,-9.27,-15.09,-6.64,-9.64
NILE,1681.7,2026-06-08,-6.88,-7.41,-9.27,,,
TRANSTEEL,119.3,2026-06-05,1.1,-7.81,-9.28,-15.93,-17.67,-9.28
PEARLPOLY,18.27,2026-06-08,-5.82,-3.28,-9.28,5.55,-11.18,-40.89
KORE,126.1,2026-06-05,0.88,-1.48,-9.28,7.73,-21.19,-12.34
DHRUV,28.5,2026-06-08,-4.46,-10.24,-9.29,-9.29,-41.01,-60.25
PYRAMID,161.62,2026-06-08,0.0,-6.0,-9.29,5.79,1.6,-7.48
AUTOAXLES,1666.4,2026-06-08,-3.66,-6.13,-9.3,-16.13,-9.34,-5.49
SOBHA,1292.7,2026-06-08,-6.67,-7.35,-9.31,-4.75,-12.14,-22.88
VIVIMEDLAB,6.23,2026-06-08,-2.96,-3.26,-9.32,-12.38,25.86,25.86
VINNY,1.07,2026-06-08,-1.83,-2.73,-9.32,2.88,-12.3,-25.69
VSTL,116.8,2026-06-08,2.79,-1.37,-9.36,5.95,-3.77,-23.07
DECCANCE,585.75,2026-06-08,-2.59,-3.64,-9.38,-14.78,-21.19,-18.83
VALIANTORG,269.7,2026-06-08,-6.92,-6.21,-9.39,26.05,3.45,-37.53
ASHOKAMET,15.32,2026-06-08,-2.05,-3.95,-9.4,9.19,-1.03,-11.34
AROGRANITE,25.06,2026-06-08,-1.61,-1.07,-9.4,0.6,-13.76,-35.83
BLS,262.0,2026-06-08,0.04,-2.62,-9.44,2.4,-16.2,-33.63
TCIEXP,513.05,2026-06-08,3.14,0.18,-9.44,-4.08,-8.79,-36.01
3PLAND,32.76,2026-06-08,7.45,6.12,-9.45,5.71,-14.53,-37.83
LODHA,870.9,2026-06-08,-2.47,-3.96,-9.48,-2.06,-18.76,-42.36
SWSOLAR,196.67,2026-06-08,8.05,-0.19,-9.48,8.19,-3.26,-33.96
DANGEE,3.23,2026-06-08,0.0,-1.82,-9.52,6.95,-9.27,-29.93
SUVIDHAA,2.66,2026-06-08,-1.48,-1.48,-9.52,-8.9,-28.11,-29.82
SAPPL,279.95,2026-06-08,0.02,-10.06,-9.53,,,
ARIHANT,822.65,2026-06-08,11.56,-3.41,-9.53,1974.78,1974.78,1974.78
BYKE,34.5,2026-06-08,-1.09,-3.69,-9.54,-16.04,-32.89,-62.1
SEYAIND,13.85,2026-06-08,-6.48,-8.82,-9.54,43.67,-25.34,-27.86
ADROITINFO,9.19,2026-06-08,3.37,4.2,-9.55,-4.77,-8.1,-17.95
VIKRAN,69.0,2026-06-08,-2.64,-2.29,-9.56,10.14,-25.33,
GSLSU,53.65,2026-06-08,2.74,-0.72,-9.56,-28.13,-52.4,-57.84
HAPPSTMNDS,353.2,2026-06-08,-6.77,-5.38,-9.56,4.65,-28.16,-39.37
DAICHI,232.86,2026-06-08,-0.82,-9.04,-9.57,,,
GLAXO,2183.8,2026-06-08,-0.93,-2.64,-9.59,-11.04,-11.98,-34.87
DISAQ,11091.0,2026-06-08,-5.04,-4.12,-9.59,,,
HEADSUP,7.06,2026-06-08,-0.7,-1.81,-9.6,-9.6,-25.05,-31.05
ASMS,7.24,2026-06-08,-1.63,-1.5,-9.61,-19.73,-34.72,-48.54
UCAL,98.34,2026-06-08,-0.65,7.16,-9.61,-1.91,-10.56,-34.57
INDPRUD,6191.5,2026-06-08,-4.45,-8.0,-9.61,,,
TATAINVEST,648.5,2026-06-08,-3.45,-4.45,-9.63,1.08,-9.48,-4.65
HBLENGINE,766.5,2026-06-08,-3.97,1.03,-9.63,13.24,-4.36,26.74
ZENSARTECH,474.7,2026-06-08,-4.19,-3.72,-9.65,-15.1,-34.76,-41.34
PAR,85.0,2026-06-08,-4.83,-7.88,-9.65,-7.71,-16.12,-14.25
OPTIEMUS,417.85,2026-06-08,5.53,-2.7,-9.65,9.89,-19.32,-30.0
EUROPRATIK,250.8,2026-06-08,-1.9,1.56,-9.65,4.29,-20.56,
ALEMBICLTD,85.73,2026-06-08,-1.06,-2.16,-9.65,-1.63,-12.48,-21.86
NECCLTD,14.96,2026-06-08,-1.84,-3.73,-9.66,10.57,-20.8,-38.33
ULTRACEMCO,10795.0,2026-06-08,-3.89,-7.94,-9.67,-9.94,-6.46,-3.46
ARKADE,111.7,2026-06-08,-2.02,-6.19,-9.67,1.41,-29.27,-42.82
ORIENTPPR,17.44,2026-06-08,-2.62,-4.33,-9.68,-0.74,-24.17,-41.59
EASTSILK,53.99,2026-06-08,-1.84,-2.1,-9.69,-26.95,-41.0,2899.44
TOUCHWOOD,70.0,2026-06-08,0.26,-3.45,-9.69,-1.59,-31.39,-22.91
VAKRANGEE,6.23,2026-06-08,-4.01,-6.03,-9.71,3.15,-20.94,-34.49
ANUHPHR,75.53,2026-06-08,-1.73,-1.0,-9.72,-2.68,-3.72,-27.33
RSSOFTWARE,31.47,2026-06-08,-1.99,-4.14,-9.72,-3.14,-36.88,-44.3
SPLPETRO,668.0,2026-06-08,-0.66,-1.89,-9.72,-0.18,7.18,-7.98
GAYAHWS,2.23,2026-06-08,-0.89,-6.69,-9.72,-1.76,-23.63,74.22
GALAXYSURF,1733.9,2026-06-08,-1.83,-5.78,-9.73,-9.71,-13.4,-26.96
MANGLMCEM,841.95,2026-06-08,1.34,-0.11,-9.74,-1.14,11.24,5.16
SURYALAXMI,55.37,2026-06-08,-4.73,-7.79,-9.75,3.98,-3.6,-23.25
KRN,1173.4,2026-06-08,11.54,8.97,-9.75,26.66,54.88,55.74
MRPL,151.55,2026-06-08,3.05,-0.19,-9.76,-25.08,2.82,9.7
ABCOTS,204.56,2026-06-08,-5.86,-5.66,-9.78,-50.16,-50.6,-54.22
IVALUE,230.1,2026-06-08,-2.96,-6.06,-9.78,2.2,-18.96,
HGS,402.3,2026-06-08,-1.01,-1.66,-9.8,14.55,-11.08,-20.94
TVSELECT,456.1,2026-06-08,-5.34,-13.86,-9.81,25.37,1.1,-3.33
EMIL,107.52,2026-06-08,-5.55,-7.92,-9.82,16.63,-3.6,-12.95
KMSUGAR,27.05,2026-06-08,1.27,-1.85,-9.83,6.96,5.71,-10.19
VRAJ,120.27,2026-06-08,-4.83,-2.84,-9.85,3.0,-4.21,-31.91
ARFIN,86.97,2026-06-08,-2.12,-9.76,-9.87,13.01,39.98,
ASAL,494.9,2026-06-08,-3.2,-3.66,-9.88,11.04,-1.36,-2.28
NTPC,362.4,2026-06-08,-4.3,-7.09,-9.88,-4.78,14.28,11.75
SUMEETINDS,27.18,2026-06-08,-4.33,-9.04,-9.88,-11.29,-7.55,44.37
GMBREW,863.7,2026-06-08,-4.45,-8.35,-9.88,-12.08,-8.09,22.76
EXCELSOFT,83.82,2026-06-08,-4.58,-4.34,-9.89,2.59,-5.51,
IEX,118.96,2026-06-08,-5.13,-6.76,-9.9,-0.75,-13.82,-39.5
HGM,55.34,2026-06-08,-3.56,-10.54,-9.9,4.81,-14.89,-20.52
ORICONENT,58.1,2026-06-08,-6.18,-8.49,-9.92,-8.98,5.46,24.57
FABTECH,146.78,2026-06-08,-3.07,-6.63,-9.92,3.64,-37.03,
JKTYRE,365.7,2026-06-08,-5.5,-5.37,-9.92,-19.19,-18.67,-0.04
IXIGO,151.68,2026-06-08,-6.8,-14.37,-9.92,-10.86,-36.67,-11.36
GREENPOWER,10.9,2026-06-08,-3.45,-1.09,-9.92,20.18,-6.76,-17.92
GODFRYPHLP,2183.9,2026-06-08,-3.14,-5.89,-9.93,6.38,-17.46,-19.11
VIKASECO,1.27,2026-06-08,-0.78,-4.51,-9.93,-5.22,-19.62,-46.41
ZODIACLOTH,73.95,2026-06-08,-2.13,-3.21,-9.93,-1.69,-11.2,-33.84
RKDL,20.01,2026-06-08,-0.99,-5.3,-9.95,-2.63,-19.15,-32.96
TARC,123.07,2026-06-08,-6.42,-7.74,-9.96,-11.94,-15.22,-32.46
HGINFRA,564.25,2026-06-08,-1.36,-6.4,-9.96,13.65,-28.98,-48.01
MADHAVIPL,8.31,2026-06-08,-1.77,-0.36,-9.97,,,
PVRINOX,966.4,2026-06-08,-1.55,-1.53,-10.0,-5.56,-11.18,-5.25
AKSHAR,0.45,2026-06-08,-2.17,-6.25,-10.0,18.42,-15.09,-25.0
DCW,46.0,2026-06-08,0.15,-3.95,-10.0,5.38,-11.5,-44.17
ZUARIIND,245.7,2026-06-08,-1.96,-2.6,-10.03,-0.69,-20.03,-13.61
ABAN,15.35,2026-06-08,-4.95,-9.71,-10.08,-31.17,-52.17,-68.07
TENNIND,575.9,2026-06-08,3.37,-6.77,-10.08,5.24,17.21,
IL&FSTRANS,2.32,2026-06-08,0.0,-0.85,-10.08,-0.43,-6.45,-28.62
MUTHOOTMF,180.29,2026-06-08,3.57,0.97,-10.09,13.53,0.55,40.54
GULFOILLUB,899.8,2026-06-08,-3.02,-2.68,-10.09,-11.43,-18.9,-18.39
SCANSTL,35.61,2026-06-08,-4.94,-7.31,-10.1,,,
MAZDOCK,2389.0,2026-06-08,-1.41,-3.29,-10.1,-3.35,-3.51,-29.4
SHARDUL,28.03,2026-06-08,0.72,-1.89,-10.1,,,
MCLOUD,24.58,2026-06-08,-4.69,-8.86,-10.1,4.86,-12.56,-69.09
ASTRON,3.82,2026-06-08,-3.05,-7.06,-10.12,-1.8,-37.79,-79.89
TGL,23.1,2026-06-05,8.71,8.2,-10.12,-46.53,-63.16,-87.94
PPAP,208.72,2026-06-08,0.43,-1.54,-10.13,-1.99,-4.26,-12.72
MMP,259.9,2026-06-08,-3.02,-10.2,-10.14,11.61,3.3,4.1
KOHINOOR,23.83,2026-06-08,-5.85,-4.18,-10.14,-6.95,-12.29,-36.33
PRITIKAUTO,13.25,2026-06-08,-1.63,-5.15,-10.17,10.42,-4.12,-27.08
COOLCAPS,22.95,2026-06-05,1.32,-8.57,-10.18,-7.83,-69.11,-97.12
SIDDHIKA,205.25,2026-06-05,-6.53,-7.13,-10.18,-3.18,-10.27,-1.65
ARIHANTSUP,248.9,2026-06-08,-3.92,2.28,-10.19,-1.25,-23.21,-34.97
AWL,185.71,2026-06-08,-2.59,-3.81,-10.19,4.78,-25.89,-29.62
TIMETECHNO,168.0,2026-06-08,-2.28,-5.66,-10.2,-4.87,-6.27,-17.7
RAMASTEEL,5.19,2026-06-08,-1.33,-2.26,-10.21,-18.14,-47.42,-62.36
CELLO,380.4,2026-06-08,-1.22,-0.03,-10.21,-6.44,-30.39,-37.57
JINDALPOLY,638.0,2026-06-08,-4.33,-9.71,-10.22,-16.96,29.48,5.69
TVSMOTOR,3317.6,2026-06-08,-0.8,-4.38,-10.22,-12.02,-7.85,21.16
SUMMITSEC,1496.9,2026-06-08,-1.46,-6.56,-10.22,-8.58,-22.91,-31.79
HEROMOTOCO,4775.5,2026-06-08,-0.92,-4.09,-10.27,-13.37,-21.05,15.8
SVPGLOB,3.83,2026-06-08,-2.3,-4.01,-10.3,41.85,-24.01,12.65
LAKPRE,5.05,2026-06-08,-5.96,-16.39,-10.3,4.34,-6.31,1.81
CCHHL,12.79,2026-06-08,-1.31,-4.12,-10.31,-2.37,-15.8,-28.07
CONTROLPR,600.75,2026-06-08,-2.26,-3.49,-10.31,-5.06,-14.85,-17.42
BVCL,41.25,2026-06-08,-4.07,-3.64,-10.33,2.71,-1.36,9.42
INOXGREEN,170.92,2026-06-08,0.93,-3.87,-10.33,12.64,-13.25,-2.62
AHLADA,40.97,2026-06-08,2.14,2.02,-10.35,-3.85,-16.71,-35.08
RITES,203.65,2026-06-08,1.23,-1.76,-10.35,-1.44,-7.65,-29.98
NRAIL,453.6,2026-06-08,-0.09,-1.32,-10.36,2.13,1.02,72.49
TEXRAIL,103.04,2026-06-08,-0.52,-9.04,-10.38,2.46,-12.46,-39.53
HDBFS,627.0,2026-06-08,-5.01,-6.36,-10.38,-6.54,-15.66,
AJMERA,116.21,2026-06-08,6.6,-11.54,-10.41,-5.72,-38.35,-36.27
EMUDHRA,465.35,2026-06-08,-1.03,-4.03,-10.41,12.51,-23.58,-37.23
PRSMJOHNSN,118.11,2026-06-08,-4.33,0.5,-10.42,-5.88,-8.09,-14.39
VSTTILLERS,4621.6,2026-06-08,0.0,-2.59,-10.43,-13.35,-16.5,22.24
BIRLAMONEY,130.64,2026-06-08,-4.0,-7.58,-10.44,1.68,-11.37,-33.81
SALONA,263.6,2026-06-08,-8.54,-4.73,-10.45,-0.47,-3.74,1.49
MOXSH,119.85,2026-06-05,9.45,-5.14,-10.46,4.22,51.13,343.07
ONEPOINT,54.65,2026-06-08,-7.76,-10.72,-10.47,15.83,2.15,-18.97
GOYALSALT,111.0,2026-06-05,-1.55,-2.97,-10.48,-4.31,-33.37,-32.32
BSOFT,324.2,2026-06-08,-1.1,-2.0,-10.48,-12.66,-24.28,-19.9
RUCHIRA,110.28,2026-06-08,-4.18,-12.46,-10.49,7.14,-6.71,-20.95
NOVAAGRI,26.37,2026-06-08,-0.6,-7.99,-10.49,-4.84,-36.75,-49.14
INTELLECT,722.0,2026-06-08,-1.1,1.22,-10.51,6.02,-29.4,-37.55
LLOYDSENT,64.1,2026-06-08,-5.39,-10.12,-10.52,34.81,23.08,-8.61
UNOMINDA,1053.1,2026-06-08,-2.44,-5.7,-10.53,-5.94,-16.11,-3.12
PRUDMOULI,15.32,2026-06-08,-2.61,-1.54,-10.57,0.99,-38.1,-55.48
KENNAMET,2759.9,2026-06-08,-3.61,-8.91,-10.58,12.97,12.97,12.97
ELDEHSG,768.6,2026-06-08,-2.33,-4.6,-10.58,-11.17,-20.63,-5.65
GRAPHITE,672.15,2026-06-08,-6.25,-10.19,-10.59,0.95,27.75,26.38
ABFRL,59.29,2026-06-08,-5.53,-11.98,-10.61,-5.01,-20.5,-23.76
BEML,1741.4,2026-06-08,1.37,-4.39,-10.62,5.46,6.39,-20.55
AIROLAM,79.0,2026-06-08,-4.24,-5.55,-10.63,-11.76,-21.39,-16.99
SGL,10.75,2026-06-08,-6.6,-3.59,-10.64,0.75,-16.6,-34.29
ALIVUS,1002.0,2026-06-08,-4.39,-4.54,-10.64,9.5,16.5,0.12
SPENCERS,36.3,2026-06-08,-0.3,-3.07,-10.64,16.87,-9.72,-40.72
FINCABLES,1019.6,2026-06-08,3.02,-4.61,-10.66,5.24,42.16,6.17
SHREDIGCEM,69.82,2026-06-08,-2.53,-2.39,-10.66,7.22,-22.53,-10.48
HINDCOMPOS,412.9,2026-06-08,2.27,5.24,-10.68,-0.28,-0.75,-16.91
KRSNAA,535.5,2026-06-08,-1.13,-3.31,-10.68,-12.29,-26.07,-20.46
WEL,92.86,2026-06-08,0.8,-3.03,-10.69,-32.89,-47.1,-47.54
IRFC,94.7,2026-06-08,-1.63,-5.72,-10.69,-3.78,-14.06,-34.08
MIDWESTLTD,1239.2,2026-06-08,1.57,-1.4,-10.71,9.98,-11.82,
IREDA,120.16,2026-06-08,-4.84,-7.41,-10.73,3.0,-7.94,-30.92
XTGLOBAL,28.79,2026-06-08,-6.95,-11.82,-10.78,-18.53,-25.97,-14.86
ORIENTBELL,310.3,2026-06-08,-6.48,-13.0,-10.78,19.44,14.27,17.91
SHAREINDIA,131.6,2026-06-08,-3.13,-5.99,-10.78,-0.3,-13.52,-26.47
3BBLACKBIO,1154.4,2026-06-08,4.68,-6.62,-10.8,,,
AILIMITED,37.9,2026-06-05,-5.25,-14.06,-10.82,-5.84,-7.56,-52.62
GFLLIMITED,45.1,2026-06-08,-4.06,-5.61,-10.82,4.81,-23.46,-28.26
HMT,54.51,2026-06-08,-1.16,-3.86,-10.83,-21.24,19.88,-21.09
JAMNAAUTO,117.38,2026-06-08,-6.83,-0.22,-10.84,-11.46,0.46,34.76
SILKFLEX,182.75,2026-06-05,9.92,-5.7,-10.85,35.27,94.62,89.18
YATRA,96.4,2026-06-08,-1.38,-5.0,-10.86,-11.49,-40.36,0.72
DIAMINESQ,248.97,2026-06-08,4.56,0.88,-10.88,11.05,-4.77,-31.11
WEIZMANIND,81.2,2026-06-08,0.05,-1.13,-10.89,-2.52,-20.42,-31.52
TAKE,29.46,2026-06-08,-3.88,-0.57,-10.89,-14.36,-12.35,236.69
RAMCOCEM,855.0,2026-06-08,-1.16,-5.68,-10.89,-21.57,-14.15,-14.78
SUNCLAY,1329.8,2026-06-08,1.0,-3.13,-10.9,0.17,11.28,-39.69
AARTIIND,432.55,2026-06-08,-8.14,-10.37,-10.9,3.15,23.18,-9.05
SILINV,416.2,2026-06-08,-1.47,-1.87,-10.91,0.82,-19.27,-29.82
FINKURVE,61.72,2026-06-08,5.5,-6.31,-10.91,-4.04,-39.53,
CARRARO,516.65,2026-06-08,-0.66,-14.85,-10.91,2.47,0.67,21.02
MIRZAINT,29.86,2026-06-08,-1.91,-3.77,-10.92,-7.92,-25.61,-2.48
DOMS,2086.3,2026-06-08,-3.9,-5.38,-10.93,-0.47,-19.08,-13.65
M&M,2966.0,2026-06-08,-0.14,-5.51,-10.94,-11.0,-19.44,-3.76
SIGNATURE,806.15,2026-06-08,-1.71,-0.92,-10.95,-10.58,-27.47,-37.17
ORIENTLTD,58.92,2026-06-08,-5.09,-4.02,-10.96,-12.36,-26.9,-31.34
GMDCLTD,609.65,2026-06-08,-8.76,-7.0,-10.96,11.48,24.47,54.87
SBICARD,574.55,2026-06-08,-6.72,-8.84,-10.98,-20.37,-33.74,-41.94
ENFUSE,170.0,2026-06-05,3.25,-12.82,-10.99,-10.99,-31.44,-27.04
JKLAKSHMI,591.3,2026-06-08,0.94,-3.79,-11.0,-7.26,-21.8,-26.92
TANLA,502.6,2026-06-08,-2.87,-3.57,-11.01,13.7,-4.8,-17.59
ATAM,70.38,2026-06-08,-0.64,-5.88,-11.01,20.41,-13.37,-29.75
PIONEEREMB,23.99,2026-06-08,-1.52,-10.28,-11.02,-2.52,-17.13,-45.42
SHRIRAMFIN,896.65,2026-06-08,-2.44,-6.79,-11.02,-11.0,7.48,31.66
KKCL,433.45,2026-06-08,0.38,-2.77,-11.04,-7.36,-13.18,-9.78
ESCORTS,2798.7,2026-06-08,1.3,-5.97,-11.06,-14.97,-23.49,-14.13
LEMONTREE,107.09,2026-06-08,-4.51,-8.28,-11.06,-3.08,-33.01,-24.01
RATNAMANI,2551.7,2026-06-08,1.6,0.55,-11.07,7.86,6.27,-10.27
QPOWER,1125.6,2026-06-08,7.46,4.32,-11.07,35.0,64.05,138.72
EIHAHOTELS,296.1,2026-06-08,-2.31,-7.71,-11.07,-8.11,-15.65,-22.38
WINDMACHIN,284.65,2026-06-08,1.99,-1.15,-11.07,15.24,6.73,-17.48
HINDCOPPER,506.15,2026-06-08,-6.26,-7.22,-11.08,-9.39,39.47,98.99
CANTABIL,214.38,2026-06-08,1.68,-1.77,-11.08,-15.11,-19.9,-15.72
PNBHOUSING,970.1,2026-06-08,-3.28,-10.64,-11.1,25.51,11.1,-11.75
MANOMAY,170.34,2026-06-08,-3.03,-6.47,-11.11,-23.28,-24.31,-2.19
TFCILTD,74.18,2026-06-08,0.86,1.45,-11.14,10.83,17.08,60.5
CENTEXT,19.21,2026-06-08,-0.26,-6.84,-11.15,-8.0,-9.51,-5.09
MOHITIND,21.98,2026-06-08,-6.11,-3.98,-11.16,-8.68,-21.58,-27.36
MAHAPEXLTD,47.38,2026-06-08,-0.98,-7.06,-11.17,-54.98,-36.25,-58.74
HILINFRA,47.36,2026-06-08,-2.09,-2.55,-11.21,-6.4,-22.34,
TREL,25.41,2026-06-08,-0.97,3.21,-11.22,5.87,3.46,-25.85
HOMESFY,112.0,2026-06-05,10.95,-0.88,-11.22,-22.76,-34.12,-63.99
PRAJIND,358.1,2026-06-08,5.87,-9.03,-11.24,17.54,18.95,-28.3
DEEPAKNTR,1664.8,2026-06-08,-0.32,-4.65,-11.25,9.26,7.78,-13.86
MIRCELECTR,37.92,2026-06-08,-6.76,-8.23,-11.26,47.32,73.94,161.7
FELDVR,2.6,2026-06-08,-4.76,1.17,-11.26,-10.96,-16.4,-30.29
MOLDTECH,115.51,2026-06-08,-2.07,-3.75,-11.27,-3.94,-25.37,-16.62
PRITI,40.45,2026-06-08,-6.04,-7.63,-11.27,-0.95,-29.92,-57.39
KIRANVYPAR,172.19,2026-06-08,7.42,0.08,-11.27,,,
PRICOLLTD,552.05,2026-06-08,-1.87,-2.67,-11.28,-2.43,-9.26,28.16
PENIND,150.56,2026-06-08,-5.57,-0.59,-11.29,6.76,-24.96,-39.02
PGEL,470.4,2026-06-08,0.0,-0.18,-11.3,-22.79,-11.18,-39.08
WINSOL,125.0,2026-06-05,4.04,-6.02,-11.32,-4.94,-22.84,-41.37
SALASAR,6.81,2026-06-08,-0.15,-4.89,-11.33,-8.71,-24.58,-24.16
ARMANFIN,1554.8,2026-06-08,-2.32,-9.47,-11.34,12.41,6.95,1.74
HPL,343.95,2026-06-08,1.75,-7.57,-11.34,8.38,-9.08,-39.44
VRLLOG,234.7,2026-06-08,-0.97,-2.19,-11.35,-14.36,-10.68,-13.9
MADHUCON,5.47,2026-06-08,4.19,1.67,-11.35,24.6,-8.83,-37.34
SIGNORIA,57.0,2026-06-05,-4.68,0.0,-11.35,-24.9,-34.48,-57.96
TVTODAY,110.1,2026-06-08,-3.49,0.11,-11.35,-3.76,-17.26,-33.66
SRPL,0.39,2026-06-08,-2.5,-4.88,-11.36,-26.42,-40.91,-45.83
REPCOHOME,358.4,2026-06-08,-5.8,-9.54,-11.37,-1.02,-8.08,-12.85
RAILTEL,303.6,2026-06-08,-2.47,-7.59,-11.38,4.73,-3.89,-31.05
FMGOETZE,421.15,2026-06-08,-1.25,-9.04,-11.38,8.88,-8.99,-17.26
ANSALAPI,3.57,2026-06-08,-6.05,-12.93,-11.41,-7.75,5.93,-6.3
SUKHJITS,169.11,2026-06-08,-2.32,-13.61,-11.41,-9.36,14.49,-12.58
KALAMANDIR,103.93,2026-06-08,-2.08,1.24,-11.41,-0.23,-30.99,-22.64
SMSPHARMA,368.8,2026-06-08,2.59,-0.09,-11.42,-1.85,15.3,50.68
KMEW,1884.0,2026-06-08,8.63,-7.92,-11.42,17.9,19.36,137.58
INDIASHLTR,740.7,2026-06-08,-1.93,-5.01,-11.43,7.42,-12.81,-15.58
FCONSUMER,0.31,2026-06-08,-3.12,-6.06,-11.43,-11.43,-36.73,-36.73
KCPSUGIND,23.89,2026-06-08,-4.67,-2.33,-11.45,5.34,-5.54,-34.74
HAL,4238.0,2026-06-08,-0.38,-4.25,-11.49,5.33,-0.32,-14.06
NELCAST,141.81,2026-06-08,-0.15,3.37,-11.49,23.75,32.29,6.06
DALMIASUG,340.95,2026-06-08,1.44,0.38,-11.5,10.5,18.67,-20.91
CAMS,740.15,2026-06-08,-3.81,-3.83,-11.5,14.07,-1.27,-11.75
RGL,100.77,2026-06-08,-2.24,-2.98,-11.5,-4.87,-20.75,-20.22
SPCENET,3.53,2026-06-08,0.56,-7.34,-11.51,-17.29,-50.9,-55.92
ESSARSHPNG,22.61,2026-06-08,-3.66,-4.44,-11.51,-10.21,-21.25,-27.9
SUNTV,507.5,2026-06-08,-1.77,2.67,-11.52,-15.24,-6.56,-15.65
BLACKBUCK,512.35,2026-06-08,-0.22,-0.51,-11.53,-12.64,-18.69,16.42
WAKEFIT,113.04,2026-06-08,-6.39,-13.67,-11.55,-34.32,,
REGENCERAM,39.74,2026-06-08,-4.79,-5.38,-11.55,-7.41,-12.22,-5.7
SAHYADRI,269.3,2026-06-08,-3.68,-11.68,-11.56,12.75,10.85,-8.29
RELIANCE,1263.3,2026-06-08,-3.85,-7.16,-11.57,-9.66,-17.75,-11.73
GAUDIUMIVF,103.69,2026-06-08,-9.58,-13.54,-11.58,36.78,,
UNIECOM,84.05,2026-06-08,-1.68,-5.14,-11.58,-15.7,-28.84,-39.95
JHS,7.92,2026-06-08,-10.51,-8.44,-11.61,-12.0,-23.4,-39.59
NILAINFRA,7.98,2026-06-08,1.01,-2.09,-11.63,5.42,-12.11,-36.87
SUPREMEPWR,245.2,2026-06-05,4.54,-3.41,-11.64,66.75,17.43,47.67
EXCELINDUS,904.95,2026-06-08,-2.38,-7.87,-11.67,0.72,-1.82,-24.46
JAIPURKURT,28.83,2026-06-08,-12.69,-12.9,-11.67,-9.6,-4.25,-37.68
GODAVARIB,276.4,2026-06-08,0.51,-5.63,-11.69,-5.16,17.66,-3.07
GODREJPROP,1654.6,2026-06-08,-3.48,-6.38,-11.69,-0.76,-16.23,-32.93
SANDUMA,212.92,2026-06-08,-5.89,-8.39,-11.69,5.99,7.74,37.92
TRACXN,31.44,2026-06-08,2.58,-5.7,-11.71,-3.32,-22.81,-44.66
KLL,37.3,2026-06-05,-4.11,-2.86,-11.72,-3.49,-12.13,-55.49
SRIVASAVI,51.2,2026-06-05,2.5,-5.19,-11.72,11.3,2.2,-34.36
NEXTMEDIA,3.84,2026-06-08,-5.42,-6.34,-11.72,-24.11,-38.26,-44.91
BHARATSE,180.05,2026-06-08,-1.72,-4.56,-11.73,2.02,9.15,76.6
ANNAPURNA,139.95,2026-06-05,0.07,-0.43,-11.73,-17.92,-39.6,-51.55
SAGILITY,39.0,2026-06-08,-3.63,-6.7,-11.74,-0.54,-18.85,0.38
HEMIPROP,136.11,2026-06-08,-2.47,-6.62,-11.74,-2.27,7.51,-4.28
EMSLIMITED,320.95,2026-06-08,10.03,-4.56,-11.75,18.65,-20.7,-46.58
RELTD,122.15,2026-06-08,-2.69,-4.29,-11.75,-11.58,-16.97,-19.87
KCP,156.73,2026-06-08,-1.38,-4.47,-11.77,0.44,-10.34,-23.64
STARCEMENT,208.61,2026-06-08,-2.46,-4.35,-11.77,2.28,-3.86,-3.3
BELLACASA,234.35,2026-06-08,-1.71,-6.52,-11.77,-12.65,-37.48,
GRINFRA,864.35,2026-06-08,-2.36,-8.58,-11.79,-7.73,-17.5,-32.42
JSL,665.7,2026-06-08,-4.34,-9.04,-11.8,-11.51,-13.08,-3.81
INDOWIND,9.33,2026-06-08,-3.01,-6.42,-11.81,4.25,-41.5,-53.7
MSUMI,37.47,2026-06-08,-0.48,-4.7,-11.84,-9.21,-16.36,-6.57
NEUEON,21.91,2026-06-08,-4.99,-9.72,-11.87,67.12,319.73,319.73
GUJAPOLLO,380.2,2026-06-08,1.96,-3.16,-11.88,0.58,-5.61,9.43
LGBBROSLTD,1483.8,2026-06-08,-0.69,-3.81,-11.88,-19.19,-19.17,18.62
HARRMALAYA,197.52,2026-06-08,1.42,-6.61,-11.89,9.97,21.38,-12.62
USASEEDS,96.0,2026-06-05,1.05,-3.95,-11.89,-12.13,-38.85,-53.17
SHALPAINTS,48.57,2026-06-08,-2.12,-4.41,-11.9,-7.75,-19.01,-50.92
HEG,526.55,2026-06-08,-6.07,-9.92,-11.9,-1.71,1.01,1.13
FRACTAL,943.9,2026-06-08,-4.05,0.46,-11.91,18.22,,
ALANKIT,8.21,2026-06-08,-3.41,-10.08,-11.91,3.27,-23.06,-43.81
PRESTIGE,1327.6,2026-06-08,-2.25,-5.27,-11.92,-0.59,-17.54,-22.48
VIJIFIN,3.99,2026-06-08,4.45,2.31,-11.92,82.19,64.88,76.55
COSMOFIRST,718.1,2026-06-08,0.2,-6.52,-11.94,2.58,6.7,-34.74
CENTRUM,21.44,2026-06-08,-3.16,-6.38,-11.95,-4.58,-26.55,-34.43
SECURKLOUD,20.19,2026-06-08,1.87,-2.89,-11.95,-3.81,-21.32,-17.59
BHANDARI,3.09,2026-06-08,-2.52,-3.74,-11.97,16.17,-24.63,-44.63
HUDCO,204.12,2026-06-08,0.67,-1.64,-12.01,16.61,-2.82,-14.83
SHRIRAMPPS,85.24,2026-06-08,-4.65,-6.23,-12.02,13.25,2.24,-13.56
ANUP,1902.0,2026-06-08,3.36,-3.83,-12.02,28.58,-15.41,-31.54
SPRL,82.7,2026-06-05,0.98,-3.27,-12.02,-29.35,-52.72,-38.31
LINDEINDIA,6869.5,2026-06-08,-0.44,-5.31,-12.03,1.25,17.35,-7.6
MOBIKWIK,191.54,2026-06-08,-1.36,0.2,-12.06,4.97,-16.12,-29.06
BLKASHYAP,52.95,2026-06-08,-2.67,-7.77,-12.06,7.01,15.79,-24.12
LOYALTEX,204.0,2026-06-08,-7.27,-7.69,-12.08,-5.11,-1.19,-32.0
BIRDYS,123.65,2026-06-05,0.0,0.0,-12.09,15.45,0.12,7.52
AJOONI,3.78,2026-06-08,-7.13,-10.43,-12.09,-18.71,-15.63,-32.74
MAPMYINDIA,840.85,2026-06-08,0.04,-2.9,-12.09,-15.82,-48.67,-55.75
MODIRUBBER,125.58,2026-06-08,-2.39,-5.69,-12.1,13.56,19.52,0.18
DEVX,36.64,2026-06-08,-1.85,-5.86,-12.11,-6.63,-13.38,
LCCINFOTEC,4.28,2026-06-08,2.39,-0.23,-12.11,-4.46,4.9,-25.31
LORDSCHLO,128.18,2026-06-08,-8.19,-5.79,-12.12,2.63,-24.18,-19.11
ZUARI,212.76,2026-06-08,-2.19,-3.79,-12.13,3.4,-24.16,-1.93
PATELRMART,185.31,2026-06-08,1.76,-7.23,-12.13,7.45,-12.55,
MUKKA,21.64,2026-06-08,-2.79,-6.48,-12.14,-1.99,-12.21,-30.15
SUBROS,703.2,2026-06-08,-0.98,-4.54,-12.14,-1.97,-16.85,-5.57
MHRIL,210.4,2026-06-08,-3.92,-5.2,-12.14,-23.28,-31.88,-41.56
UMAEXPORTS,22.73,2026-06-08,-9.73,-9.77,-12.14,-0.31,-42.0,-62.07
DBL,420.6,2026-06-08,0.83,-3.43,-12.15,-6.23,-4.88,-13.89
HDFCAMC,2453.0,2026-06-08,-3.76,-9.12,-12.17,0.11,-1.76,-1.46
SIGNPOST,260.2,2026-06-08,-4.69,-15.12,-12.17,8.26,25.01,37.57
AMBER,7750.0,2026-06-08,1.66,3.87,-12.18,-1.56,20.14,21.16
A2ZINFRA,14.21,2026-06-08,0.42,-3.86,-12.18,-11.3,-5.27,-26.87
KAKATCEM,118.41,2026-06-08,-3.3,-5.23,-12.2,9.8,-9.12,-22.34
SONATSOFTW,260.9,2026-06-08,-2.05,-4.82,-12.2,5.86,-26.14,-35.0
RUSTOMJEE,381.15,2026-06-08,-2.82,-5.22,-12.2,-2.71,-28.86,-30.33
ALLCARGO,8.61,2026-06-08,-3.69,-2.93,-12.23,9.96,-30.11,-74.71
KOTIC,158.34,2026-06-08,-0.43,-2.62,-12.24,,,
GLOBAL,105.26,2026-06-08,4.68,3.52,-12.25,4.28,21.16,72.37
SAMBHAAV,6.3,2026-06-08,-5.12,-13.93,-12.26,-10.38,-36.11,-11.14
PILITA,8.07,2026-06-08,0.62,1.13,-12.28,-2.77,-24.01,-52.42
TPHQ,0.5,2026-06-08,0.0,-5.66,-12.28,-9.09,-7.41,-30.56
ULTRAMAR,380.4,2026-06-08,-5.55,-6.22,-12.31,,,
SADHNANIQ,2.35,2026-06-08,-5.24,-0.42,-12.31,45.06,-61.35,-88.47
TOLINS,96.68,2026-06-08,-5.28,-8.91,-12.31,-7.41,-27.39,-32.38
BATLIBOI,73.12,2026-06-08,-7.08,-7.4,-12.32,,,
WENDT,6650.5,2026-06-08,-3.48,-4.86,-12.33,1.88,-12.81,-21.7
GRAVITA,1544.5,2026-06-08,-5.0,-6.85,-12.39,0.35,-14.04,-17.87
MANDEEP,19.8,2026-06-05,0.25,-3.18,-12.39,7.03,-21.12,-24.86
HOMEFIRST,1046.7,2026-06-08,-2.73,-2.64,-12.39,0.45,-5.96,-19.14
JUBLFOOD,414.6,2026-06-08,-2.15,-5.5,-12.4,-15.73,-29.03,-40.26
RKFORGE,534.6,2026-06-08,-6.99,-6.53,-12.4,-5.26,2.03,-18.47
CROMPTON,256.9,2026-06-08,-6.04,-12.47,-12.41,3.59,1.66,-26.29
63MOONS,633.85,2026-06-08,3.45,-1.48,-12.41,10.37,-17.0,-25.03
MEGAFLEX,126.95,2026-06-05,0.0,-4.98,-12.45,-10.41,15.2,111.58
HINDZINC,556.0,2026-06-08,-11.22,-12.37,-12.45,-3.53,15.44,14.97
INDOCO,199.53,2026-06-08,-5.07,1.94,-12.45,0.59,-20.98,-27.42
MCON,49.95,2026-06-05,21.39,21.83,-12.45,16.16,-21.15,-57.4
ANDHRAPAP,60.58,2026-06-08,-2.81,-3.72,-12.46,-8.0,-7.85,-20.45
MAFATIND,125.05,2026-06-08,-6.29,-2.27,-12.5,,,
DEVIT,26.81,2026-06-08,-7.71,-8.56,-12.5,3.31,-29.82,-35.83
NITCO,94.05,2026-06-08,-3.48,-2.67,-12.53,33.35,17.18,-32.39
FOODSIN,54.97,2026-06-08,2.38,-0.6,-12.55,4.53,-25.46,-43.16
SNOWMAN,36.51,2026-06-08,-0.82,-3.95,-12.57,-2.9,-8.52,-36.21
HIMATSEIDE,74.73,2026-06-08,-2.48,-6.35,-12.58,-18.94,-33.89,-49.69
ARIES,322.65,2026-06-08,-0.85,-11.49,-12.62,-5.6,1.49,1.9
ADVANCE,98.55,2026-06-08,-3.83,-6.36,-12.62,-10.46,-14.75,
GANGAFORGE,2.28,2026-06-08,-2.56,-5.39,-12.64,-21.38,-24.0,-46.85
PARKHOTELS,113.31,2026-06-08,-0.92,-7.37,-12.66,-4.36,-14.07,-29.41
MAGADSUGAR,447.35,2026-06-08,-2.14,-5.46,-12.67,-1.53,-3.36,-38.56
ONMOBILE,49.97,2026-06-08,-0.04,-3.06,-12.67,2.48,-12.33,-7.39
BLAL,180.92,2026-06-08,-1.93,-4.81,-12.69,-0.14,-7.9,-13.32
EKC,108.36,2026-06-08,-6.61,-7.54,-12.71,3.49,-2.53,-19.51
WIMPLAST,335.3,2026-06-08,1.45,-3.32,-12.73,,,
CAPILLARY,499.95,2026-06-08,-2.0,-4.24,-12.73,-4.19,-24.36,
EPL,208.34,2026-06-08,-2.57,-4.98,-12.74,4.33,6.06,-11.07
AAVAS,1259.3,2026-06-08,-4.92,-8.41,-12.77,2.56,-15.85,-34.49
AEGISVOPAK,184.26,2026-06-08,-4.47,-11.36,-12.77,-7.69,-24.11,-28.3
SHIVAMAUTO,17.08,2026-06-08,-4.37,-6.87,-12.77,-7.02,-35.81,-46.72
BALMLAWRIE,171.21,2026-06-08,-6.62,-6.64,-12.78,0.07,-0.76,-14.85
ARSHIYA,1.16,2026-06-08,1.75,-4.13,-12.78,-24.18,-18.31,-56.88
MUTHOOTCAP,195.88,2026-06-08,-1.16,-4.54,-12.8,-5.35,-26.57,-35.59
JISLJALEQS,30.57,2026-06-08,4.62,-0.07,-12.81,-11.93,-24.74,-50.45
DBCORP,201.81,2026-06-08,-1.41,-2.45,-12.81,-4.99,-15.75,-22.58
UGROCAP,92.7,2026-06-08,-2.4,-7.12,-12.81,-12.32,-45.53,-46.7
NATIONSTD,1200.0,2026-06-08,-3.23,-4.08,-12.82,,,
SULA,154.27,2026-06-08,-1.02,-3.52,-12.83,-5.96,-28.38,-46.16
LTF,261.7,2026-06-08,-3.52,-6.32,-12.86,-2.76,-11.66,39.31
BI,62.82,2026-06-08,-2.47,1.67,-12.87,,,
GROWWRAIL,29.14,2026-06-08,-2.31,-8.19,-12.88,-7.4,-10.5,-27.39
BALAJEE,28.57,2026-06-08,-4.83,-7.66,-12.95,5.81,-28.58,-41.32
RETAIL,18.1,2026-06-08,-13.4,-12.9,-12.98,-18.1,-30.7,-54.44
HUBTOWN,197.1,2026-06-08,-5.39,-5.51,-12.98,-7.75,-30.9,-5.25
CHOLAFIN,1456.0,2026-06-08,-2.47,-8.49,-13.03,-10.47,-15.5,-8.5
HERITGFOOD,315.2,2026-06-08,-1.08,-5.09,-13.07,2.91,-31.14,-32.43
MMWL,13.17,2026-06-08,-5.12,-3.66,-13.07,,,
SCHAND,146.18,2026-06-08,-5.77,-13.08,-13.07,-1.89,-5.03,-30.87
STAR,1005.7,2026-06-08,-8.08,-15.35,-13.07,16.29,16.6,29.14
COHANCE,424.3,2026-06-08,-1.19,-2.43,-13.09,51.59,-19.97,-59.79
PAYTM,1031.7,2026-06-08,-5.78,-5.99,-13.09,-0.64,-21.9,7.25
DREAMFOLKS,72.29,2026-06-08,-2.18,-6.12,-13.09,-4.78,-34.41,-72.54
NDGL,2454.4,2026-06-08,-1.15,-5.29,-13.1,-1.82,-17.88,-46.26
RAMAPHO,119.91,2026-06-08,-0.44,-1.7,-13.11,3.61,-20.54,1.66
ZODIAC,278.15,2026-06-08,-3.29,-13.16,-13.13,21.93,-6.65,-42.91
ALBERTDAVD,691.4,2026-06-08,-2.12,-4.34,-13.14,1.67,-8.49,-13.77
SSDL,55.88,2026-06-08,-5.67,-9.99,-13.14,-7.53,-28.8,-43.98
PRAENG,20.76,2026-06-08,-1.24,-0.67,-13.14,-8.02,-25.56,0.97
GRETEX,251.0,2026-06-05,7.38,-3.09,-13.15,2.03,35.68,0.4
PILANIINVS,4182.7,2026-06-08,-4.03,-9.39,-13.16,-8.62,-18.57,-22.52
INDOFARM,128.86,2026-06-08,1.96,-2.04,-13.17,0.81,-31.58,-21.11
MANYAVAR,397.35,2026-06-08,-0.43,-5.2,-13.19,8.3,-32.5,-51.01
SUPREME,44.98,2026-06-08,-2.32,-8.6,-13.2,-13.85,-44.75,-52.7
MAXIND,155.95,2026-06-08,-7.98,0.41,-13.21,4.92,-19.16,-13.84
KCK,13.45,2026-06-05,5.08,0.37,-13.23,-42.03,-60.67,-64.61
GLOBALVECT,160.1,2026-06-08,-3.73,-5.64,-13.23,2.18,-18.28,-31.88
AAREYDRUGS,79.91,2026-06-08,3.28,-2.36,-13.25,11.53,11.25,44.79
RUDRA,17.84,2026-06-08,-2.35,-5.56,-13.27,0.45,,
LTFOODS,372.85,2026-06-08,-2.28,-8.02,-13.27,-5.25,-4.99,-21.35
URAVIDEF,115.7,2026-06-08,-2.4,-1.88,-13.28,-20.18,-28.07,-76.84
IPL,153.84,2026-06-08,-3.28,-12.75,-13.29,0.16,-10.07,-24.56
REPL,66.79,2026-06-08,-2.75,-9.38,-13.3,-18.66,-46.15,-65.24
CGRAPHICS,145.0,2026-06-05,-1.69,2.76,-13.3,-3.07,-27.48,-23.5
GABRIEL,981.0,2026-06-08,-9.74,-12.95,-13.33,7.07,5.65,54.92
SWANCORP,305.95,2026-06-08,-4.02,-5.26,-13.34,-14.56,-31.09,-32.55
PTC,193.06,2026-06-08,3.55,0.59,-13.35,22.09,28.79,17.22
PML,505.9,2026-06-08,-5.79,-10.41,-13.37,,,
SPMLINFRA,189.13,2026-06-08,-6.4,-10.59,-13.39,9.48,1.52,-0.99
PRATHAM,120.25,2026-06-05,-7.5,-9.48,-13.43,-8.9,-20.65,-21.84
GREENPANEL,195.14,2026-06-08,7.58,-1.76,-13.44,-2.99,-16.13,-28.3
NDL,2.51,2026-06-08,-3.46,-5.64,-13.45,2.45,-15.49,-37.09
SOLARWORLD,182.76,2026-06-08,-9.18,-18.02,-13.47,7.89,-35.77,
CHEMFAB,407.35,2026-06-08,4.81,-1.37,-13.49,7.27,-13.61,-46.23
PANSARI,277.8,2026-06-08,-2.13,-2.83,-13.5,-5.62,-7.71,11.12
OSWALSEEDS,11.05,2026-06-08,-0.81,-7.92,-13.54,-12.44,-16.41,-22.46
GANECOS,919.5,2026-06-08,1.0,-2.43,-13.55,30.17,2.12,-37.58
SCI,293.1,2026-06-08,2.09,-3.19,-13.55,21.42,32.73,44.94
EIDPARRY,721.2,2026-06-08,-2.7,-8.69,-13.56,-12.48,-28.52,-25.61
FISCHER,32.31,2026-06-08,-10.84,-14.27,-13.59,-9.11,-26.38,
ARCHIDPLY,77.68,2026-06-08,0.79,-4.5,-13.6,-1.99,-11.61,-23.24
JAYSREETEA,83.2,2026-06-08,0.85,-1.62,-13.62,9.49,0.24,-26.42
SIGMA,40.08,2026-06-08,-1.62,4.4,-13.64,3.01,-20.08,9.26
KSR,32.17,2026-06-08,-4.11,-11.55,-13.64,-8.35,42.91,
BAJAJHCARE,290.55,2026-06-08,-1.17,-3.95,-13.67,-9.46,-28.52,-44.72
ESTER,88.56,2026-06-08,-4.4,-7.36,-13.68,-9.33,-15.07,-34.16
AGNI,18.3,2026-06-05,1.95,-8.5,-13.68,6.4,-22.13,-23.91
DHANLAXMI,28.7,2026-06-05,0.7,-17.41,-13.68,26.43,-9.46,-46.55
SESHAPAPER,228.77,2026-06-08,-2.61,-3.02,-13.69,-11.86,-0.53,-18.92
REGAAL,82.48,2026-06-08,-1.14,-9.05,-13.71,27.36,16.48,
INSPIRE,10.05,2026-06-05,-5.63,-9.05,-13.73,-8.64,-15.9,-49.37
VIRINCHI,15.27,2026-06-08,-7.06,-8.94,-13.73,-22.45,-28.21,-34.46
REXPIPES,174.25,2026-06-05,0.0,-5.3,-13.74,-11.99,28.12,52.99
ARSSBL,509.15,2026-06-08,-3.7,-5.27,-13.78,4.62,-16.72,
ASHOKA,118.29,2026-06-08,-2.91,-4.04,-13.79,-1.79,-28.1,-46.99
SRTL,41.24,2026-06-08,-1.67,-4.34,-13.8,-32.64,,
HLVLTD,7.8,2026-06-08,-0.51,-2.13,-13.81,0.0,-10.86,-43.02
PIIND,2680.8,2026-06-08,-0.81,-5.9,-13.82,-12.95,-19.36,-30.94
BAJAJST,379.4,2026-06-08,0.04,-7.73,-13.82,,,
KAVDEFENCE,59.78,2026-06-08,-1.22,-9.29,-13.84,-7.48,-26.58,18.61
CMRSL,62.9,2026-06-05,-8.84,-14.01,-13.84,-10.01,-16.13,-24.34
CHAVDA,90.0,2026-06-05,-0.17,-4.05,-13.88,-10.09,-16.9,-35.34
URBANCO,120.25,2026-06-08,0.21,-3.53,-13.9,13.36,-5.23,
CLEAN,768.8,2026-06-08,-2.39,3.13,-13.92,1.75,-13.66,-48.38
DABUR,419.75,2026-06-08,-1.14,-6.14,-13.93,-12.3,-16.79,-11.44
NITIRAJ,177.26,2026-06-08,1.34,-7.25,-13.95,-17.05,-4.18,-14.49
APS,318.1,2026-06-05,2.32,-7.48,-13.96,6.85,-20.09,-49.2
MARC,78.25,2026-06-05,-8.0,-11.28,-13.96,26.31,,
SRD,37.87,2026-06-08,-7.0,-10.28,-13.97,-19.99,-40.71,-35.87
EDELWEISS,107.62,2026-06-08,-3.18,-3.88,-14.0,-1.64,7.16,3.26
MOTISONS,11.42,2026-06-08,-0.87,-2.39,-14.01,-20.75,-28.89,-32.7
SWIGGY,241.2,2026-06-08,-3.42,-3.54,-14.01,-20.0,-37.5,-35.59
OSWALAGRO,42.0,2026-06-08,-5.28,-8.48,-14.02,-6.46,-25.78,-55.41
PARASPETRO,1.9,2026-06-08,-2.56,-9.52,-14.03,-9.52,-4.04,-28.3
BAIDFIN,9.98,2026-06-08,-6.03,-3.2,-14.04,-10.57,-0.2,-9.15
MARINETRAN,15.9,2026-06-05,0.0,-0.31,-14.05,-21.67,-7.29,-8.36
BRNL,18.78,2026-06-08,-5.96,-7.53,-14.05,2.07,-15.78,-18.03
PHANTOMFX,177.35,2026-06-05,-0.06,-10.81,-14.05,-13.17,-31.97,-32.11
RBS,93.15,2026-06-05,0.81,-2.46,-14.07,16.44,-11.2,-12.45
SHARDAMOTR,781.5,2026-06-08,-7.74,-7.49,-14.08,-5.94,-17.65,-17.51
POCL,1229.8,2026-06-08,-4.68,-18.42,-14.09,14.46,-4.46,62.49
RAJOOENG,52.87,2026-06-08,-2.18,-8.64,-14.1,-13.84,-20.63,-58.5
SHREEPUSHK,353.65,2026-06-08,-1.04,1.45,-14.12,18.04,-6.57,8.06
JTLIND,70.06,2026-06-08,4.71,0.85,-14.14,31.0,15.59,-0.51
SONAMAC,34.3,2026-06-05,-10.91,-4.72,-14.14,-8.29,-31.67,-59.46
SARTELE,130.3,2026-06-05,-3.34,-7.06,-14.14,-35.0,-46.95,-49.22
GRAPHISAD,30.9,2026-06-05,-1.75,-7.62,-14.17,0.49,-13.69,-32.83
DTIL,130.32,2026-06-08,-0.87,-7.43,-14.18,-3.69,-19.22,-38.37
BPL,51.47,2026-06-08,-2.76,-6.99,-14.19,-3.74,0.25,-37.82
KOKUYOCMLN,82.8,2026-06-08,2.06,-4.83,-14.19,6.77,-9.48,-25.55
DCMSRIND,39.95,2026-06-08,8.59,0.66,-14.22,11.44,-75.42,-76.43
YCCL,9.65,2026-06-05,-2.53,1.58,-14.22,-4.93,-22.18,-26.89
MAMATA,362.05,2026-06-08,-5.94,-13.02,-14.23,-10.31,-14.13,-19.47
ATL,24.03,2026-06-08,0.0,-5.17,-14.24,0.59,-8.25,-19.58
INDOUS,96.02,2026-06-08,-3.75,-4.56,-14.24,-15.34,-25.45,-41.26
AMJLAND,35.81,2026-06-08,-1.92,-5.79,-14.27,-6.79,-30.14,-42.14
SUNDARMFIN,4069.1,2026-06-08,-3.41,-7.21,-14.27,-24.03,-13.52,-19.16
MAHEPC,106.22,2026-06-08,-7.43,-10.94,-14.28,-6.13,-12.53,-24.08
ALLETEC,143.15,2026-06-05,-2.72,-12.12,-14.28,-4.41,-33.91,-64.72
SANGANI,45.0,2026-06-05,-8.35,-8.91,-14.29,1.24,-27.42,-29.69
ISHAN,0.6,2026-06-05,0.0,-7.69,-14.29,-7.69,-25.0,-42.86
WCIL,93.66,2026-06-08,-2.94,-5.32,-14.32,-9.55,-22.43,-13.78
RALLIS,226.66,2026-06-08,-2.83,-9.32,-14.33,-10.74,-6.28,-27.56
IITL,137.46,2026-06-08,-6.45,-15.64,-14.34,4.19,-18.61,-21.88
MOKSH,11.59,2026-06-08,-0.94,-2.93,-14.4,-3.5,-17.74,-21.95
GRSE,2611.0,2026-06-08,0.36,-2.42,-14.43,3.48,10.77,-19.15
PENINLAND,15.4,2026-06-08,-8.22,-8.39,-14.44,-6.27,-39.13,-44.2
JKCEMENT,4767.0,2026-06-08,-8.16,-12.4,-14.44,-12.15,-13.45,-18.69
SANDESH,939.7,2026-06-08,0.5,-7.68,-14.44,-3.46,-11.91,-17.42
WESTLIFE,432.1,2026-06-08,0.65,-7.47,-14.47,-12.0,-21.01,-35.18
INGERRAND,3913.3,2026-06-08,1.19,-9.65,-14.47,0.96,8.48,5.08
TRU,5.49,2026-06-08,-7.42,-9.7,-14.49,-17.32,-32.72,-57.11
KEYFINSERV,253.0,2026-06-08,-6.19,-6.95,-14.51,-5.67,-17.28,-8.96
ABLBL,97.5,2026-06-08,-1.74,-4.78,-14.52,-4.39,-24.15,
GMMPFAUDLR,764.2,2026-06-08,-2.67,-5.19,-14.53,-12.5,-28.23,-32.22
MASFIN,296.35,2026-06-08,-2.68,-2.92,-14.53,-1.51,-4.35,1.17
SEJALLTD,700.45,2026-06-08,-9.87,-9.55,-14.54,38.73,-13.85,40.37
NOCIL,155.92,2026-06-08,-4.32,-5.92,-14.56,14.94,-5.94,-21.21
RACE,108.0,2026-06-08,-3.44,-11.45,-14.58,-5.88,-26.45,-57.37
TRIGYN,53.84,2026-06-08,-4.23,-9.1,-14.58,10.99,-20.73,-35.82
CAPACITE,215.67,2026-06-08,-1.78,-4.06,-14.59,-4.3,-14.3,-36.34
SALZERELEC,626.9,2026-06-08,4.39,-3.62,-14.64,3.24,-9.06,-32.61
MAXPOSURE,32.0,2026-06-05,-5.88,-20.99,-14.67,-7.25,-33.33,-46.67
INDIANHUME,290.8,2026-06-08,-3.56,-8.35,-14.67,-7.3,-25.92,-31.33
RADIANTCMS,38.1,2026-06-08,-0.6,-7.99,-14.69,4.73,-27.18,-40.56
AWHCL,438.4,2026-06-08,-5.16,-7.32,-14.69,-8.05,5.06,-29.51
HIKAL,179.78,2026-06-08,-6.44,-16.01,-14.7,-1.0,-23.11,-51.52
BOROLTD,219.26,2026-06-08,-0.47,-3.35,-14.74,-2.06,-26.94,-40.75
MAITREYA,150.9,2026-06-05,-8.35,-8.55,-14.75,-18.87,-40.77,-44.44
PRECAM,143.45,2026-06-08,-4.44,-7.0,-14.75,12.17,-6.55,-36.57
URBAN,133.0,2026-06-05,0.0,-1.15,-14.77,-1.37,-11.48,-14.72
SHIVATEX,149.7,2026-06-08,2.85,-10.94,-14.79,0.71,-16.59,-28.95
VR,131.9,2026-06-05,0.0,-1.86,-14.79,0.76,-27.53,-35.02
KSCL,845.55,2026-06-08,-2.98,-8.43,-14.81,12.71,-10.8,-40.5
ALICON,634.25,2026-06-08,-4.93,-4.1,-14.82,-12.59,-24.16,-29.51
UEL,133.7,2026-06-08,-2.81,-5.59,-14.84,-25.06,-15.2,16.16
EIHOTEL,285.55,2026-06-08,-1.11,-11.06,-14.86,-13.3,-23.45,-23.47
RAMKY,428.3,2026-06-08,-2.07,-6.76,-14.87,-8.49,-19.64,-16.31
NUCLEUS,695.4,2026-06-08,-4.25,-10.19,-14.89,-8.39,-23.6,-42.74
MAHLOG,337.95,2026-06-08,-2.72,-5.28,-14.91,-13.81,10.62,3.37
ASHOKLEY,141.02,2026-06-08,-4.24,-12.59,-14.92,-26.32,-9.95,19.32
VINEETLAB,33.39,2026-06-08,-2.57,-4.52,-14.93,9.84,-17.43,11.34
SUPERSPIN,4.78,2026-06-08,-5.16,-5.72,-14.95,-15.85,-44.93,-52.1
VERTOZ,40.65,2026-06-08,-11.66,-13.98,-14.96,-0.15,-43.35,-60.82
SCHNEIDER,1142.9,2026-06-08,-8.08,-16.25,-15.0,26.17,54.2,44.23
INDIAGLYCO,977.85,2026-06-08,-1.84,-3.31,-15.0,16.69,-2.37,6.99
ACI,514.55,2026-06-08,-3.41,-5.1,-15.01,-6.03,4.91,-19.5
GOPAL,282.65,2026-06-08,-4.75,-3.53,-15.01,-3.7,-12.81,-20.2
KANCHI,346.75,2026-06-08,-5.3,-11.52,-15.01,,,
EVERESTIND,346.55,2026-06-08,-9.03,-16.75,-15.03,-10.21,-30.77,-24.36
ADSL,118.97,2026-06-08,-0.11,-4.15,-15.03,11.26,-22.73,-36.84
NIRAJISPAT,213.0,2026-06-08,-2.74,3.8,-15.05,-13.13,1.43,-20.27
BOHRAIND,16.99,2026-06-08,-0.06,-6.85,-15.05,-11.51,-14.19,-48.52
ALOKINDS,11.97,2026-06-08,-4.24,-5.08,-15.05,-11.33,-24.0,-38.01
SHYAMCENT,4.9,2026-06-08,-1.41,-0.61,-15.08,1.87,-20.33,-36.61
EPACK,223.7,2026-06-08,2.32,-4.46,-15.1,-6.07,-12.07,-38.62
MASON,114.5,2026-06-05,5.63,-9.2,-15.15,-29.1,-44.35,-4.58
AXISCADES,1844.3,2026-06-08,4.16,-9.81,-15.15,24.88,42.75,68.54
ECOSMOBLTY,125.44,2026-06-08,-7.12,-8.46,-15.15,-4.43,-43.25,-56.07
AVG,147.86,2026-06-08,-0.5,-5.53,-15.15,7.14,-7.98,-45.29
GODREJIND,1033.4,2026-06-08,-5.36,-10.96,-15.17,10.3,1.89,-23.99
BRIGADE,643.15,2026-06-08,-2.55,-3.94,-15.18,-3.37,-25.27,-49.55
RBZJEWEL,128.91,2026-06-08,3.13,3.88,-15.19,7.39,-4.04,-8.44
OMINFRAL,82.92,2026-06-08,-6.25,-6.19,-15.19,3.28,-18.06,-34.53
RPGLIFE,2089.0,2026-06-08,-3.84,-7.31,-15.19,11.57,-6.94,-1.49
TRANSRAILL,480.7,2026-06-08,-0.9,-5.83,-15.19,-6.71,-13.83,-28.14
TREEHOUSE,6.86,2026-06-08,1.48,-0.58,-15.2,-18.24,-16.03,-15.52
SPCL,70.2,2026-06-05,-2.7,-7.81,-15.27,-9.94,-12.03,-45.48
MILTON,40.5,2026-06-05,0.0,-0.49,-15.27,-15.62,32.79,37.29
MAANALU,125.78,2026-06-08,-1.18,-11.85,-15.28,-4.5,-12.54,0.89
DIGITIDE,84.49,2026-06-08,-1.52,-1.77,-15.3,-2.83,-34.74,
EUREKAFORB,434.85,2026-06-08,-2.59,-6.65,-15.3,1.14,-30.87,-28.67
SEIL,178.7,2026-06-08,-2.07,-8.82,-15.31,,,
SIKKO,3.98,2026-06-08,-1.97,-5.24,-15.32,-14.04,-31.26,4.34
FELIX,182.1,2026-06-05,-3.5,-8.19,-15.32,1.08,14.89,11.79
PNGSREVA,386.25,2026-06-08,2.43,-4.38,-15.34,-1.99,,
ARIHANTCAP,63.43,2026-06-08,-3.46,-7.68,-15.34,-14.23,-32.01,-11.2
SHREERAMA,42.56,2026-06-08,-8.37,-5.76,-15.35,-14.52,-12.19,-5.34
GLOBUSSPR,843.9,2026-06-08,-1.22,-4.54,-15.36,-2.73,-10.78,-15.06
EPIGRAL,1118.0,2026-06-08,-3.37,-9.51,-15.39,29.7,-21.57,-36.83
SOMICONVEY,97.5,2026-06-08,-2.52,-7.0,-15.39,-4.55,-23.46,-36.32
IKIO,150.55,2026-06-08,1.11,-2.51,-15.41,8.68,-13.63,-31.32
ESCONET,119.8,2026-06-05,-3.15,-6.41,-15.49,-1.56,-27.28,-43.85
BANARBEADS,102.52,2026-06-08,-4.36,-10.13,-15.51,-9.74,-20.43,-14.4
TIL,174.32,2026-06-08,-5.88,-10.49,-15.53,-13.08,-33.12,-51.58
CEINSYS,922.8,2026-06-08,-2.87,2.2,-15.53,2.11,,
KRITI,73.05,2026-06-08,-2.16,5.14,-15.54,-11.23,-4.27,-48.38
FLAIR,285.05,2026-06-08,-1.81,-4.68,-15.55,-9.57,1.32,9.02
SCILAL,44.71,2026-06-08,0.97,-2.51,-15.55,2.52,-2.97,-17.88
SHANTHALA,22.0,2026-06-05,-4.35,-13.04,-15.55,-25.68,-27.63,-19.12
SYMPHONY,670.55,2026-06-08,-2.71,-7.12,-15.58,-11.17,-23.53,-41.07
NCC,143.46,2026-06-08,-3.89,-4.97,-15.63,1.73,-11.93,-39.09
PAVNAIND,16.39,2026-06-08,-5.21,-12.82,-15.65,-18.62,-39.88,-56.87
TORNTPOWER,1454.4,2026-06-08,2.99,-1.37,-15.66,-1.82,17.08,4.37
IRCON,133.55,2026-06-08,-0.57,-6.33,-15.66,-9.12,-8.34,-38.04
TATVA,1140.2,2026-06-08,-4.63,-3.59,-15.67,0.23,-16.69,22.36
THEJO,1531.6,2026-06-08,-1.23,-5.65,-15.72,-6.07,-5.61,-16.43
DELTACORP,65.43,2026-06-08,-1.13,-10.69,-15.74,11.67,-3.11,-26.87
EMAMILTD,385.0,2026-06-08,-3.17,-4.71,-15.75,-16.02,-25.43,-32.7
SUNFLAG,350.25,2026-06-08,-6.48,-9.83,-15.77,48.05,40.75,18.27
TMCV,363.0,2026-06-08,-3.01,-8.25,-15.78,-23.46,0.74,
BEACON,88.45,2026-06-05,4.67,-7.48,-15.8,16.38,4.67,40.96
IBLFL,57.55,2026-06-05,-4.08,-4.08,-15.8,19.77,-16.35,-5.27
BIGBLOC,48.94,2026-06-08,-1.71,-11.69,-15.81,-4.3,-24.92,-22.07
LTTS,3165.2,2026-06-08,-6.51,-10.74,-15.82,0.42,-29.5,-25.22
EASEMYTRIP,6.7,2026-06-08,-4.15,-16.25,-15.83,-10.55,-14.1,-38.98
BALAXI,24.5,2026-06-08,-5.81,-1.96,-15.87,24.94,-25.01,-52.84
KECL,105.17,2026-06-08,-8.83,-16.31,-15.89,28.63,4.3,-16.89
ICICIPRULI,475.4,2026-06-08,-2.36,-9.43,-15.9,-22.31,-22.59,-24.9
GVKPIL,2.95,2026-06-08,-1.34,-3.91,-15.95,9.67,-11.41,-27.7
PVSL,95.2,2026-06-08,-4.93,-9.71,-15.96,3.47,-23.86,-22.16
PROSTARM,141.28,2026-06-08,3.4,-0.7,-15.97,8.43,-22.82,25.71
LEXUS,16.3,2026-06-08,-6.91,-13.8,-15.98,-56.88,-40.51,-52.67
MUTHOOTFIN,2964.7,2026-06-08,-8.68,-11.62,-15.99,-7.69,-20.82,22.22
RAMRAT,373.65,2026-06-08,-6.65,-20.58,-15.99,5.89,22.98,8.78
MEESHO,167.96,2026-06-08,-6.72,-14.45,-16.03,5.46,,
GUJALKALI,626.8,2026-06-08,-7.71,-10.5,-16.04,38.76,23.86,9.15
HYBRIDFIN,16.49,2026-06-08,-2.08,-7.93,-16.04,-11.58,-12.71,5.3
CUBEXTUB,86.1,2026-06-08,-1.97,-4.3,-16.04,-9.76,-0.65,-19.95
KPEL,340.15,2026-06-08,-2.97,-7.69,-16.05,32.66,0.39,-37.31
LUXIND,1312.0,2026-06-08,-7.36,-3.84,-16.06,46.65,19.38,-13.12
MBEL,270.35,2026-06-08,-9.23,-12.99,-16.07,-8.4,-23.21,
GLOBECIVIL,40.79,2026-06-08,0.37,-6.83,-16.07,-15.46,-33.22,
SUYOG,695.65,2026-06-08,-11.27,-10.18,-16.07,-0.65,15.57,-18.38
GHCL,428.8,2026-06-08,-6.72,-3.27,-16.07,-6.75,-26.87,-30.38
MEGATHERM,228.0,2026-06-05,6.92,1.95,-16.1,7.12,1.33,-38.85
THOMASCOTT,255.45,2026-06-08,-4.45,0.0,-16.11,-2.28,-23.41,-22.26
RBMINFRA,332.0,2026-06-05,13.52,-2.99,-16.13,1.78,-23.73,-27.27
UJJIVANSFB,52.33,2026-06-08,-2.86,-4.63,-16.14,-6.32,0.75,9.41
RUSHIL,14.17,2026-06-08,-4.96,-9.92,-16.15,-13.96,-37.27,-53.03
MARCO,33.15,2026-06-05,-4.33,-10.16,-16.18,0.45,-16.6,-26.74
DOLLAR,245.9,2026-06-08,-6.64,-9.7,-16.19,-9.01,-26.74,-38.26
ISGEC,900.9,2026-06-08,-0.51,-15.03,-16.2,0.7,19.11,-27.11
PAKKA,80.2,2026-06-08,-8.65,-10.48,-16.23,-2.63,-22.16,-55.68
ALLTIME,221.17,2026-06-08,0.54,-7.31,-16.26,0.73,-17.13,
EMPOWER,2.06,2026-06-08,-8.85,-14.88,-16.26,,,
IGARASHI,364.55,2026-06-08,-2.64,-6.23,-16.29,12.03,-13.8,-26.4
POLYMED,1382.8,2026-06-08,3.67,-10.63,-16.3,1.97,-25.58,-37.96
AUROIMPEX,28.45,2026-06-05,0.71,-8.23,-16.32,1.61,-25.43,-42.23
SOMATEX,97.91,2026-06-08,-8.63,-5.46,-16.35,-8.21,-11.59,124.26
INA,115.89,2026-06-08,-3.38,-21.07,-16.4,,,
ELGIRUBCO,44.88,2026-06-08,-1.97,-10.74,-16.41,-1.99,-4.65,-22.27
VENKEYS,1362.9,2026-06-08,-4.92,-9.6,-16.44,6.06,0.29,-15.81
SHIVALIK,236.9,2026-06-08,-12.68,-10.45,-16.47,-14.26,-34.9,-56.92
INTENTECH,90.66,2026-06-08,-3.73,-8.99,-16.48,-4.27,-21.82,-6.51
BECTORFOOD,169.0,2026-06-08,-2.81,-5.52,-16.5,-13.59,-34.41,-39.42
SWARAJ,240.6,2026-06-05,8.35,-9.38,-16.53,-18.98,-4.54,8.48
KALYANKJIL,354.2,2026-06-08,2.98,-1.02,-16.57,-10.45,-25.44,-36.91
EMMIL,126.75,2026-06-05,1.85,-10.74,-16.61,-10.04,-33.29,-32.22
AGARWALFT,30.05,2026-06-05,-9.62,-12.26,-16.64,-3.99,-28.37,-38.42
CENTRALBK,30.43,2026-06-08,0.4,-2.69,-16.65,-16.68,-14.27,-20.75
CONCOR,445.35,2026-06-08,-4.04,-13.03,-16.72,-7.17,-10.36,-30.21
FRONTSP,1449.2,2026-06-08,-4.35,-10.93,-16.73,,,
PENTAGON,56.5,2026-06-05,-5.52,-14.39,-16.73,-12.94,-21.53,-14.0
TOTAL,48.59,2026-06-08,-10.14,-13.74,-16.76,-18.81,-35.42,-38.34
BALUFORGE,457.85,2026-06-08,1.28,-1.9,-16.76,-0.15,-22.7,-32.24
JUBLINGREA,618.0,2026-06-08,-3.15,-15.55,-16.78,8.99,-5.7,-11.96
TRANSWIND,13.85,2026-06-05,0.0,0.0,-16.82,-36.76,-24.93,-7.36
MANINFRA,111.33,2026-06-08,-2.44,-3.19,-16.87,12.62,-14.57,-32.45
EIEL,180.48,2026-06-08,-2.57,-13.93,-16.9,28.02,-7.65,-19.89
TAPIFRUIT,49.85,2026-06-05,-4.96,-12.54,-16.92,-16.64,-39.21,-42.37
CREDITACC,1243.2,2026-06-08,-5.38,-4.65,-16.95,3.36,-0.57,3.62
DSFCL,24.07,2026-06-08,-1.59,-7.42,-17.0,-17.14,,
RULKA,92.55,2026-06-05,-3.94,-2.58,-17.0,5.35,-15.09,-30.07
ECLERX,1384.8,2026-06-08,-6.06,-12.8,-17.01,-8.35,-41.82,-23.18
MVGJL,149.71,2026-06-08,-4.16,-1.64,-17.01,-2.41,-18.08,-42.79
DENTA,243.75,2026-06-08,-0.47,-14.62,-17.01,5.0,-26.77,-16.02
AURIONPRO,743.1,2026-06-08,-4.28,-9.7,-17.07,-13.46,-27.87,-44.89
INNOVATIVE,76.95,2026-06-05,-7.4,-9.2,-17.08,-3.87,-33.0,19.39
ESABINDIA,5748.5,2026-06-08,-8.2,-17.76,-17.12,6.78,1.72,12.03
ORIANA,1686.4,2026-06-05,0.06,-14.05,-17.17,-7.26,-21.87,-22.31
FORCEMOT,17286.0,2026-06-08,-8.56,-14.49,-17.2,-19.02,0.47,38.57
M&MFIN,280.75,2026-06-08,-4.86,-9.01,-17.21,-22.76,-20.11,4.42
BASF,3334.7,2026-06-08,0.14,-5.13,-17.25,-2.79,-17.13,-32.96
NIRMAN,43.0,2026-06-05,-11.61,-14.51,-17.31,-12.42,-42.36,-81.91
RPSGVENT,895.6,2026-06-08,-3.19,-3.91,-17.31,40.82,16.36,-4.43
NESCO,1084.3,2026-06-08,-5.17,-14.6,-17.31,-0.06,-10.17,15.3
PUNJABCHEM,928.3,2026-06-08,-4.35,-9.52,-17.35,-13.75,-27.84,-15.17
OMAXE,73.57,2026-06-08,-1.22,-4.26,-17.36,-3.02,14.43,-27.13
CALSOFT,19.86,2026-06-08,-5.74,-2.55,-17.42,53.83,18.36,84.23
HALEOSLABS,1356.7,2026-06-08,-4.68,-18.47,-17.44,7.42,0.03,6.08
SHAH,4.77,2026-06-08,-1.45,-8.54,-17.47,-3.83,12.77,56.39
SOLEX,1056.9,2026-06-08,-9.84,-24.32,-17.49,21.59,-27.42,-19.06
OSWALGREEN,22.81,2026-06-08,-5.47,-9.59,-17.5,-9.45,-28.76,-50.67
DGCONTENT,26.73,2026-06-08,-0.45,-0.11,-17.5,6.41,-10.9,-45.89
HBSL,53.48,2026-06-08,-1.38,-11.4,-17.51,4.19,-28.69,-37.2
POONAWALLA,381.05,2026-06-08,-2.86,-4.47,-17.58,-10.02,-14.69,-9.51
JTEKTINDIA,119.43,2026-06-08,-5.17,-6.22,-17.61,-9.43,-15.56,-15.54
TARAPUR,18.99,2026-06-08,-3.95,-14.23,-17.65,-23.18,-35.36,-23.4
DCXINDIA,183.51,2026-06-08,-3.94,-13.0,-17.65,-3.91,14.54,-41.51
SAMBHV,106.66,2026-06-08,4.26,-0.71,-17.68,12.63,16.68,
AARON,114.17,2026-06-08,-3.43,-9.37,-17.71,-24.23,-35.41,-42.51
PFOCUS,247.52,2026-06-08,8.38,0.37,-17.74,-10.2,30.9,111.99
CMNL,106.05,2026-06-05,-3.9,-17.63,-17.76,7.34,-20.68,-23.71
SEPC,6.62,2026-06-08,-8.56,-15.78,-17.76,-0.6,-25.78,-54.44
DPABHUSHAN,908.35,2026-06-08,-2.41,-6.82,-17.84,-9.65,-37.49,-39.63
IRMENERGY,258.35,2026-06-08,-1.84,-5.88,-17.87,19.29,-8.69,-13.37
JSLL,614.25,2026-06-08,24.8,-3.31,-17.91,1.53,-8.84,38.07
BASILIC,201.35,2026-06-05,-4.57,-15.95,-17.93,-2.71,-40.34,-55.07
HILTON,19.38,2026-06-08,-7.76,-12.78,-17.95,12.41,-52.01,-72.1
KOTHARIPET,114.61,2026-06-08,-6.6,-11.25,-17.98,4.26,-4.35,-31.6
CHEVIOT,1072.4,2026-06-08,-1.94,-5.42,-18.0,6.41,2.37,-1.97
BDL,1187.0,2026-06-08,-1.41,-10.49,-18.06,-12.51,-16.29,-38.37
DUGLOBAL,34.8,2026-06-05,-6.83,-2.25,-18.12,-19.44,19.38,-28.17
VILAS,352.25,2026-06-05,-1.83,-8.57,-18.12,-1.96,-12.42,-34.77
KPIGREEN,389.75,2026-06-08,-6.36,-10.68,-18.15,11.34,-1.31,-24.86
GARUDA,163.22,2026-06-08,-4.3,-4.87,-18.16,-0.84,-18.39,32.13
ABREL,1215.7,2026-06-08,-2.78,-5.45,-18.18,-1.4,-26.65,-48.35
MHHL,36.0,2026-06-05,-2.7,-7.69,-18.18,-6.01,-12.2,-40.5
TECILCHEM,10.97,2026-06-08,-7.43,-13.55,-18.2,-14.3,-43.63,-66.35
BLUEDART,4647.4,2026-06-08,-1.55,-4.88,-18.21,-14.0,-14.91,-28.2
DKEGL,64.15,2026-06-05,-5.87,-13.19,-18.28,-2.06,-11.7,-10.43
STANLEY,140.63,2026-06-08,-3.79,-14.06,-18.3,-6.62,-37.85,-60.84
EMBDL,57.16,2026-06-08,-0.76,-9.08,-18.32,-0.3,-15.56,-50.04
IFBAGRO,896.7,2026-06-08,-9.63,-10.98,-18.32,16.88,-24.95,16.42
PLATIND,212.27,2026-06-08,-2.49,-6.73,-18.37,3.22,-10.77,-26.82
CHEMBOND,156.01,2026-06-08,-6.59,-8.34,-18.4,8.79,-1.22,-38.22
INOXWIND,84.51,2026-06-08,0.8,-12.91,-18.43,0.78,-32.11,-54.07
WHIRLPOOL,779.55,2026-06-08,-6.17,-8.84,-18.44,-13.05,-14.77,-39.26
SPANDANA,233.35,2026-06-08,-6.12,-10.71,-18.48,-0.72,-7.53,-14.6
RKEC,30.2,2026-06-08,-2.67,-10.76,-18.49,-26.59,-34.08,-64.05
GILLANDERS,87.01,2026-06-08,-6.35,-5.34,-18.51,0.08,-15.84,-34.0
QUICKHEAL,174.58,2026-06-08,-0.02,-10.56,-18.61,11.08,-37.72,-52.5
BIRLANU,1295.8,2026-06-08,-1.59,-4.37,-18.63,-10.27,-16.63,-42.13
ASPIRE,14.6,2026-06-05,-8.46,2.1,-18.66,10.19,-19.11,-62.13
IONEXCHANG,340.8,2026-06-08,-3.39,-16.53,-18.71,-1.79,1.73,-37.11
AVPINFRA,72.45,2026-06-05,6.54,-4.29,-18.78,-22.88,-43.44,-58.41
ZFSTEERING,647.15,2026-06-08,-2.71,-8.59,-18.79,,,
BESTAGRO,15.95,2026-06-08,-0.31,-12.31,-18.79,-1.48,-35.22,-29.05
OMFURN,54.0,2026-06-05,-8.94,-8.94,-18.8,-0.92,-38.91,-48.0
DYNAMATECH,10174.0,2026-06-08,-2.68,-10.01,-18.8,-5.37,11.93,50.25
CHEMPLASTS,196.09,2026-06-08,-10.18,-19.6,-18.82,-10.8,-24.29,-53.95
KALPATARU,312.65,2026-06-08,-3.32,-7.46,-18.82,2.21,-7.96,
SUMIT,40.21,2026-06-08,-8.41,-10.37,-18.82,7.28,-44.09,-60.96
HPAL,35.53,2026-06-08,-0.56,-1.66,-18.88,3.13,-15.98,-29.61
JMFINANCIL,117.8,2026-06-08,-0.8,-10.99,-18.9,-3.24,-14.8,-15.0
GLFL,5.79,2026-06-08,-3.98,-6.91,-18.91,22.93,-17.29,37.2
NECLIFE,11.64,2026-06-08,-3.72,-4.2,-18.94,-0.6,-43.08,-52.0
SYSTANGO,231.05,2026-06-05,4.67,1.4,-18.95,-0.62,-32.84,-3.66
BHARATWIRE,203.26,2026-06-08,-5.87,-8.32,-18.95,23.32,18.78,-8.94
DCMSHRIRAM,997.2,2026-06-08,-4.32,-8.54,-19.05,0.7,-16.81,-5.58
DHUNINV,771.05,2026-06-08,-7.19,-12.49,-19.12,-13.61,-30.08,-47.81
GEEKAYWIRE,22.62,2026-06-08,3.48,-6.64,-19.13,0.49,-29.58,-36.72
ARISTO,99.25,2026-06-05,-9.61,-9.61,-19.14,15.01,-11.38,-23.42
PIGL,97.24,2026-06-08,7.83,-7.55,-19.17,-3.51,-30.87,-43.74
CBAZAAR,4.0,2026-06-05,-6.98,-5.88,-19.19,-13.04,-13.98,-34.96
TRUST,31.55,2026-06-05,4.64,-16.97,-19.21,-11.13,-36.0,-61.07
KEC,483.0,2026-06-08,-3.01,-4.84,-19.24,-11.63,-29.13,-45.34
CEREBRAINT,3.44,2026-06-08,3.3,4.88,-19.25,-29.22,-49.26,-44.69
MOL,47.23,2026-06-08,-1.15,-7.54,-19.26,-1.75,-25.33,-48.14
NAMAN,48.4,2026-06-05,0.41,-1.22,-19.33,-8.33,-30.86,-51.43
NAVA,586.15,2026-06-08,-1.9,-4.52,-19.38,3.4,13.61,13.83
SHK,123.18,2026-06-08,-4.75,-9.64,-19.4,-8.35,-23.03,-48.75
STERTOOLS,210.99,2026-06-08,-8.54,-10.05,-19.4,3.68,-20.74,-42.96
RADHIKAJWE,56.03,2026-06-08,-1.2,-2.08,-19.43,-7.86,-25.1,-35.49
AVONMORE,9.79,2026-06-08,-9.01,-14.12,-19.49,-30.57,-42.21,-49.56
ORIENTTECH,254.85,2026-06-08,-4.08,-8.44,-19.52,-5.54,-14.28,-20.81
EFACTOR,182.0,2026-06-05,0.0,-10.78,-19.56,-22.55,-47.23,-8.36
TRF,218.8,2026-06-08,-3.16,-10.01,-19.57,-7.72,-22.41,-44.18
RMDRIP,15.65,2026-06-08,-8.21,-17.46,-19.58,-47.99,-66.32,-50.45
NIPPOBATRY,354.1,2026-06-08,-1.02,-2.55,-19.62,13.82,-13.31,-28.64
KROSS,181.43,2026-06-08,-4.06,-5.99,-19.63,-5.12,12.77,-11.68
SHREYANIND,137.19,2026-06-08,-4.21,-8.5,-19.67,-8.61,-21.19,-38.76
TECHNOE,1009.0,2026-06-08,-4.2,-26.51,-19.74,-9.93,-5.04,-31.59
DIGIDRIVE,18.3,2026-06-08,-3.23,-7.9,-19.74,-11.04,-28.57,-42.63
NIRAJ,27.82,2026-06-08,0.0,-3.7,-19.78,-2.52,-19.25,-50.43
DCG,58.95,2026-06-05,1.81,-10.68,-19.8,1.81,-14.57,-18.07
ADVENTHTL,128.14,2026-06-08,-4.47,-15.97,-19.81,-30.65,-34.88,
JAIBALAJI,66.82,2026-06-08,-5.66,-8.33,-20.0,8.47,6.01,-36.11
ELIN,105.26,2026-06-08,-5.21,-12.85,-20.01,-15.41,-36.44,-35.36
WEWIN,57.23,2026-06-08,0.85,4.86,-20.06,34.69,19.6,12.61
DELAPLEX,99.9,2026-06-05,-0.3,-21.95,-20.08,-2.58,-24.06,-36.31
MACPOWER,970.25,2026-06-08,6.07,-18.07,-20.18,3.98,9.02,8.63
GOLDKART,151.65,2026-06-05,0.0,0.0,-20.18,-38.73,-41.65,-26.58
INTERARCH,1703.8,2026-06-08,1.13,-6.02,-20.19,-5.21,-26.06,-23.15
UTKARSHBNK,12.35,2026-06-08,-5.29,-7.97,-20.27,-5.51,-14.47,-49.03
EMAMIREAL,83.92,2026-06-08,-2.16,-4.42,-20.27,37.06,1.73,-23.12
CEWATER,249.5,2026-06-08,-8.71,-11.05,-20.33,-7.68,-29.6,-57.0
JYOTICNC,609.95,2026-06-08,4.18,-9.06,-20.41,-23.97,-33.09,-49.85
IGCL,55.04,2026-06-08,-7.11,-12.05,-20.44,-16.33,-32.23,
DRONE,38.35,2026-06-05,-4.13,-5.43,-20.44,-18.23,-45.21,-67.73
RENUKA,21.95,2026-06-08,-3.35,-7.23,-20.44,-8.2,-15.12,-33.1
INFOLLION,179.1,2026-06-05,-3.66,-7.18,-20.47,-44.21,-56.52,-64.04
STYLEBAAZA,329.25,2026-06-08,1.57,-4.62,-20.49,16.92,24.6,27.34
WINNY,39.35,2026-06-05,4.79,-9.95,-20.51,-6.31,-42.13,-76.85
SUNTECK,274.15,2026-06-08,-5.3,-9.72,-20.54,-27.02,-32.53,-39.69
LAXMIINDIA,102.85,2026-06-08,-5.95,-10.27,-20.55,14.1,-19.95,
REFRACTORY,32.5,2026-06-05,6.91,-12.63,-20.63,-11.92,-39.59,-45.56
CHOLAHLDNG,1412.3,2026-06-08,-7.17,-13.07,-20.69,-11.44,-24.95,-27.16
COCHINSHIP,1407.1,2026-06-08,-1.56,-7.97,-20.8,-5.58,-12.72,-40.83
ALMONDZ,13.52,2026-06-08,1.81,-3.22,-20.84,-8.65,-18.11,-33.69
AARTIPHARM,606.35,2026-06-08,-5.6,-17.22,-20.86,-13.4,-12.85,-32.99
APEX,388.95,2026-06-08,-10.2,-15.79,-21.07,10.73,48.23,76.33
SIKA,915.3,2026-06-08,3.35,-2.11,-21.07,,,
MEP,0.86,2026-06-08,-5.49,-9.47,-21.1,-10.42,-59.43,-61.26
TREJHARA,137.42,2026-06-08,-4.37,-6.72,-21.12,-21.57,-47.06,-43.57
RSYSTEMS,243.55,2026-06-08,-8.18,-8.92,-21.19,-3.87,-38.46,-35.06
BEWLTD,65.4,2026-06-05,0.85,1.87,-21.25,-33.16,-42.2,-62.23
FIDEL,150.0,2026-06-05,-7.55,-3.69,-21.26,16.28,3.52,-17.58
TRANSPEK,979.2,2026-06-08,-0.78,-22.09,-21.31,,,
INDOTHAI,233.76,2026-06-08,3.17,-2.15,-21.31,-10.76,-39.05,29.84
MANORG,472.15,2026-06-08,-13.93,-17.77,-21.35,15.37,-1.13,-16.73
MARATHON,401.6,2026-06-08,-10.68,-17.11,-21.45,-6.73,-27.48,-28.26
UNIVPHOTO,372.65,2026-06-08,-9.58,-13.63,-21.55,-23.34,52.79,47.13
BILVYAPAR,4.21,2026-06-08,-11.74,-8.87,-21.6,-34.22,-37.44,-71.53
AWFIS,297.2,2026-06-08,-6.61,-17.58,-21.61,11.69,-38.62,-57.04
VASCONEQ,31.09,2026-06-08,-4.81,-8.64,-21.63,-10.51,-30.77,-42.18
BCONCEPTS,190.06,2026-06-08,-6.03,-9.38,-21.7,-20.38,-34.99,-46.52
NURECA,229.25,2026-06-08,-4.5,-16.13,-21.8,-15.58,-24.97,-20.16
PLAZACABLE,47.31,2026-06-08,-3.74,-0.48,-21.87,30.69,20.32,-23.02
DISHTV,3.01,2026-06-08,-5.05,-13.26,-22.02,15.33,-21.0,-46.73
ELECTCAST,71.94,2026-06-08,-6.08,-12.66,-22.05,13.43,7.36,-31.61
SCODATUBES,120.9,2026-06-08,0.57,-12.71,-22.11,-1.73,-22.63,-21.05
AARTISURF,359.25,2026-06-08,-4.49,-9.2,-22.17,-5.62,-8.45,-38.62
ANDHRSUGAR,77.87,2026-06-08,-2.55,-10.33,-22.18,4.37,5.32,2.68
NILASPACES,12.05,2026-06-08,-3.37,-6.88,-22.21,-8.92,-24.17,1.77
PREMCO,364.8,2026-06-08,-6.06,-6.69,-22.32,,,
AUSOMENT,118.23,2026-06-08,-8.63,-12.58,-22.32,19.5,6.86,9.97
HERANBA,172.61,2026-06-08,-3.15,-8.99,-22.33,-11.44,-27.51,-40.13
KARMAENG,39.99,2026-06-08,-10.76,-13.39,-22.35,1.91,-18.77,-29.12
PURVFLEXI,51.25,2026-06-05,-1.44,-13.14,-22.35,7.89,-46.56,-37.35
VERTEXPLUS,66.0,2026-06-05,-5.04,-9.77,-22.35,-35.98,-45.45,-34.0
MAL,32.1,2026-06-05,-12.89,-13.36,-22.37,-24.82,-38.62,-34.82
JAYNECOIND,89.0,2026-06-08,-9.97,-15.03,-22.4,21.29,31.58,116.76
THEINVEST,95.18,2026-06-08,-3.79,-4.17,-22.43,-1.99,-19.86,-39.06
DBREALTY,109.98,2026-06-08,-4.37,-9.06,-22.54,6.38,-5.32,-49.75
SURAJEST,183.78,2026-06-08,-11.51,-18.13,-22.65,-11.79,-30.68,-51.17
SHARDACROP,867.95,2026-06-08,-4.27,-8.43,-22.67,-17.03,2.75,12.49
TIRUMALCHM,167.74,2026-06-08,-10.84,-20.48,-22.76,1.64,-22.82,-38.01
CIFL,23.2,2026-06-08,-3.69,-7.16,-22.92,-20.9,-34.94,-38.52
MICEL,42.45,2026-06-08,-0.84,-3.19,-22.92,22.79,-2.68,-37.6
SABEVENTS,7.16,2026-06-08,-14.05,-10.39,-23.09,-54.22,-3.76,23.66
RAJESHEXPO,93.8,2026-06-08,-16.56,-16.85,-23.11,-21.1,-48.21,-52.96
PNGJL,559.05,2026-06-08,1.33,5.87,-23.2,3.5,-6.76,0.64
DMCC,245.5,2026-06-08,-6.01,-11.96,-23.34,10.35,-5.14,-7.36
SATIA,54.32,2026-06-08,-2.77,-7.74,-23.41,-12.43,-20.76,-32.43
COASTCORP,47.76,2026-06-08,-2.01,-18.62,-23.44,8.3,14.18,23.58
FLFL,1.36,2026-06-08,-2.86,-9.33,-23.6,15.25,0.74,-20.93
AMBEY,24.0,2026-06-05,-4.0,-6.8,-23.81,-0.21,-40.37,-42.45
CROWN,112.2,2026-06-08,2.57,-3.4,-23.84,-5.28,-15.06,-41.12
GIRIRAJ,150.0,2026-06-05,1.35,-4.61,-23.86,18.62,14.94,-48.02
FUSION,164.79,2026-06-08,-3.86,-6.57,-23.9,-7.48,2.51,-4.18
MEDICAMEQ,223.5,2026-06-08,-17.25,-17.42,-24.06,-23.25,-38.65,-47.14
KCEIL,93.4,2026-06-05,-3.16,-6.18,-24.07,-24.0,-39.13,-64.85
DELPHIFX,9.05,2026-06-08,8.51,-13.15,-24.08,-25.45,-45.55,17.66
JYOTHYLAB,198.43,2026-06-08,-0.48,-2.32,-24.09,-18.71,-29.86,-40.82
ZAGGLE,196.33,2026-06-08,-4.37,-9.7,-24.23,-13.46,-42.14,-54.77
GRMOVER,121.75,2026-06-08,-21.14,-22.61,-24.34,-23.22,-21.42,24.91
BAJAJELEC,306.4,2026-06-08,-2.82,-9.38,-24.52,-13.92,-36.22,-52.92
RADIOWALLA,28.5,2026-06-05,-4.04,0.71,-24.6,-40.62,-53.28,-56.15
COMFINTE,6.02,2026-06-08,-2.43,-7.1,-24.66,,,
GSTL,20.4,2026-06-05,-4.0,8.51,-24.72,-28.17,80.53,65.85
SONUINFRA,45.9,2026-06-05,-1.18,-3.37,-24.75,-30.98,-47.84,-64.81
BLUEPEBBLE,93.9,2026-06-05,-3.69,-13.06,-24.88,-19.98,-4.86,-47.69
MARSONS,120.4,2026-06-08,-10.24,-20.56,-25.03,,,
FIBERWEB,28.18,2026-06-08,-1.23,-3.86,-25.05,-27.5,-22.45,-47.55
RVNL,228.23,2026-06-08,-5.52,-16.23,-25.17,-20.2,-25.46,-46.31
RPPINFRA,59.33,2026-06-08,-6.09,-18.14,-25.24,-15.62,-42.86,-57.54
BAJAJINDEF,228.0,2026-06-08,-6.61,-18.72,-25.5,-0.74,-29.98,-31.56
AVANTIFEED,1068.8,2026-06-08,-7.74,-20.64,-25.53,-8.27,32.92,45.87
QUESTLAB,102.0,2026-06-05,-0.15,-11.65,-25.57,-7.44,16.97,21.43
DPSCLTD,7.64,2026-06-08,-7.39,-10.54,-25.75,-16.32,-27.1,-41.08
DYCL,313.0,2026-06-08,-2.23,-3.1,-25.81,11.71,-3.34,-30.81
NATCOPHARM,868.3,2026-06-08,-6.96,-25.98,-26.08,-14.85,-3.12,1.75
TIGERLOGS,34.78,2026-06-08,5.2,-3.09,-26.22,22.08,-5.46,
ARIS,113.53,2026-06-08,-0.33,-8.15,-26.37,5.33,-7.65,
BONLON,40.92,2026-06-08,-9.83,-11.1,-26.54,6.01,,
PRAVEG,222.75,2026-06-08,-5.45,-15.51,-26.62,,,
WALPAR,27.1,2026-06-05,-13.97,-21.9,-26.76,-40.44,-34.3,-46.76
SDBL,70.45,2026-06-08,-6.14,-19.29,-26.8,-10.79,-33.29,-53.42
TAC,378.35,2026-06-05,2.13,-4.37,-26.95,-15.08,-47.54,-68.55
SLONE,146.0,2026-06-05,-11.52,-17.51,-27.0,-21.82,-45.34,-46.22
ODIGMA,20.93,2026-06-08,-6.23,-19.47,-27.12,-16.04,-34.22,-45.99
SHREEOSFM,52.0,2026-06-05,-5.11,-2.44,-27.17,-37.35,-42.22,-50.92
ELITECON,26.79,2026-06-08,-13.64,-15.22,-27.18,,,
PINELABS,142.75,2026-06-08,-0.76,-2.36,-27.22,-19.13,-40.67,
RNBDENIMS,9.68,2026-06-08,-15.75,-12.08,-27.33,-79.13,-76.37,
MADHAVBAUG,188.2,2026-06-05,3.81,-2.0,-27.62,-12.2,-31.56,23.29
REMSONSIND,82.76,2026-06-08,-10.03,-11.27,-27.93,-23.43,-26.52,-42.03
SIMBHALS,7.03,2026-06-08,-11.79,-16.11,-27.97,-15.81,-24.0,-56.09
PRESSTONIC,31.55,2026-06-05,-2.32,-7.21,-28.05,-43.05,-53.53,-70.65
MEDIORG,21.0,2026-06-05,-2.78,-13.22,-28.08,-8.3,-22.08,-48.78
KDL,114.8,2026-06-05,-11.28,-19.04,-28.38,-0.43,-22.88,-63.53
GALLANTT,621.05,2026-06-08,-5.02,-11.22,-28.55,16.0,4.16,43.17
RITEZONE,17.85,2026-06-05,-8.46,-15.6,-28.6,-6.05,-17.93,-25.0
SETUINFRA,0.44,2026-06-08,-18.52,-20.0,-29.03,4.76,-8.33,-46.34
NIITMTS,224.98,2026-06-08,2.18,2.61,-29.04,-27.81,-38.53,-35.87
FILATFASH,0.19,2026-06-08,-17.39,-17.39,-29.63,0.0,-51.28,-61.22
RMC,312.15,2026-06-08,-15.46,-20.34,-30.05,,,
TECHLABS,166.45,2026-06-05,-7.35,-24.15,-30.05,-18.13,-49.26,-68.65
ABINFRA,10.35,2026-06-08,-7.67,-22.41,-30.11,-40.17,-45.53,-24.99
BALAJITELE,85.73,2026-06-08,-4.99,-8.88,-30.43,-18.3,-18.75,-0.16
DIGIKORE,56.7,2026-06-05,2.9,-11.54,-30.6,-35.53,-27.91,-67.82
ABANSENT,26.91,2026-06-08,4.79,-5.18,-31.16,,,
NEWJAISA,17.1,2026-06-05,-13.64,-24.34,-32.14,-5.26,-42.33,-64.56
KAYNES,3027.5,2026-06-08,-2.35,-10.97,-32.83,-19.2,-20.48,-47.18
SHYAMTEL,16.15,2026-06-08,-9.42,-16.36,-32.9,55.74,30.66,19.99
PRLIND,45.6,2026-06-05,-14.45,-22.97,-34.29,-16.18,-43.25,-52.0
VPRPL,29.36,2026-06-08,-22.57,-29.08,-34.93,-29.83,-60.7,-82.68
IEML,48.35,2026-06-05,21.18,-6.84,-36.26,-30.88,-49.0,-71.41
SAIFL,5.15,2026-06-05,-2.83,-11.21,-37.2,-49.01,-55.98,-75.13
OSIAHYPER,3.26,2026-06-08,-5.78,-15.54,-38.72,-60.05,-80.22,-84.54
SCML,81.0,2026-06-05,5.19,-14.51,-40.04,-40.24,-47.16,-5.26
JAINREC,339.3,2026-06-08,-8.06,-13.49,-40.63,-18.21,-11.44,
GICL,22.65,2026-06-08,-45.84,-44.07,-44.54,-51.66,-47.2,-80.3
OWAIS,101.75,2026-06-05,-16.63,-23.47,-46.22,-26.77,-66.81,-81.85
RAJTV,12.6,2026-06-08,-18.13,-39.63,-46.88,-66.51,-69.71,-72.08
PARSVNATH,3.58,2026-06-08,-8.91,-15.76,-47.35,-51.69,-70.22,-81.26
PRAMARA,150.2,2026-06-05,21.32,-6.33,-56.29,-57.87,-57.24,-5.74
LEMERITE,27.99,2026-06-08,-22.57,-43.37,-68.17,-68.47,-72.59,-56.23
