17:05:06 │ INFO    │ 📄 Loading Screener CSV: Stock_Screener_4_30_2026.csv
17:05:07 │ INFO    │    ✅ Loaded 5,740 stocks from CSV (0 skipped)
17:05:07 │ INFO    │ 📄 CSV fundamentals: 5,731 stocks enriched
17:05:07 │ INFO    │ 🔍 Fetching NSE ticker universe...
17:05:07 │ INFO    │    📡 Fetching ticker universe from NSE Live...
17:05:09 │ INFO    │    ✅ 2319 equity tickers from NSE Live
17:05:09 │ INFO    │ 📄 Loading Screener CSV: Stock_Screener_4_30_2026.csv
17:05:10 │ INFO    │    ✅ Loaded 5,740 stocks from CSV (0 skipped)
17:05:10 │ INFO    │    📊 CSV tickers extracted: 5731
17:05:10 │ INFO    │    📄 CSV universe: 5731 tickers → added 3487 new
17:05:10 │ INFO    │ 📊 Total unique tickers: 5806
17:05:10 │ INFO    │ 📡 Downloading 5y OHLCV for 5806 stocks...
17:05:10 │ INFO    │ 📡 Downloading 5y OHLCV for 5806 stocks (1d interval)...
17:05:10 │ INFO    │    📦 Batch 1/388 — 15 stocks...
17:05:11 │ ERROR   │ HTTP Error 404: {"quoteSummary":{"result":null,"error":{"code":"Not Found","description":"Quote not found for symbol: 7TEC.NS"}}}
17:05:11 │ ERROR   │ $7TEC.NS: No data found, symbol may be delisted
17:05:12 │ ERROR   │ HTTP Error 404: {"quoteSummary":{"result":null,"error":{"code":"Not Found","description":"Quote not found for symbol: 7SEASL.NS"}}}
17:05:12 │ ERROR   │ $7SEASL.NS: No data found, symbol may be delisted
17:05:13 │ ERROR   │ $3CIT.NS: No data found, symbol may be delisted
17:05:15 │ ERROR   │ $3BFILMS.NS: No data found, symbol may be delisted
17:05:15 │ ERROR   │ $1STCUS.NS: No data found, symbol may be delisted
17:05:16 │ ERROR   │ $7NR.NS: No data found, symbol may be delisted
17:05:16 │ ERROR   │ 
6 Failed downloads:
17:05:16 │ ERROR   │ ['7TEC.NS', '7SEASL.NS', '3CIT.NS', '3BFILMS.NS', '1STCUS.NS', '7NR.NS']: No data found, symbol may be delisted
17:05:22 │ INFO    │    📦 Batch 2/388 — 15 stocks...
17:05:23 │ ERROR   │ $AAIL.NS: No data found, symbol may be delisted
17:05:24 │ ERROR   │ $AARCON.NS: No data found, symbol may be delisted
17:05:24 │ ERROR   │ $A1L.NS: No data found, symbol may be delisted
17:05:25 │ ERROR   │ $AARADHYA.NS: No data found, symbol may be delisted
17:05:25 │ ERROR   │ $AAKAAR.NS: No data found, symbol may be delisted
17:05:26 │ ERROR   │ $AAPLUSTRAD.NS: No data found, symbol may be delisted
17:05:27 │ ERROR   │ $AADIIND.NS: No data found, symbol may be delisted
17:05:27 │ ERROR   │ 
7 Failed downloads:
17:05:27 │ ERROR   │ ['AAIL.NS', 'AARCON.NS', 'A1L.NS', 'AARADHYA.NS', 'AAKAAR.NS', 'AAPLUSTRAD.NS', 'AADIIND.NS']: No data found, symbol may be delisted
17:05:33 │ INFO    │    📦 Batch 3/388 — 15 stocks...
17:05:33 │ ERROR   │ $AASHKA.NS: No data found, symbol may be delisted
17:05:34 │ ERROR   │ $AAYUSHBULL.NS: No data found, symbol may be delisted
17:05:35 │ ERROR   │ $ABATEAS.NS: No data found, symbol may be delisted
17:05:36 │ ERROR   │ $AAYUSH.NS: No data found, symbol may be delisted
17:05:37 │ ERROR   │ $AASTAFIN.NS: No data found, symbol may be delisted
17:05:37 │ ERROR   │ 
5 Failed downloads:
17:05:37 │ ERROR   │ ['AASHKA.NS', 'AAYUSHBULL.NS', 'ABATEAS.NS', 'AAYUSH.NS', 'AASTAFIN.NS']: No data found, symbol may be delisted
17:05:43 │ INFO    │    📦 Batch 4/388 — 15 stocks...
17:05:44 │ ERROR   │ $ABIRAFN.NS: No data found, symbol may be delisted
17:05:44 │ ERROR   │ $ABHIINFRA.NS: No data found, symbol may be delisted
17:05:45 │ ERROR   │ $ABHICAP.NS: No data found, symbol may be delisted
17:05:46 │ ERROR   │ $ABCINDQ.NS: No data found, symbol may be delisted
17:05:46 │ ERROR   │ $ABHIJIT.NS: No data found, symbol may be delisted
17:05:46 │ ERROR   │ $ABHIFIN.NS: No data found, symbol may be delisted
17:05:47 │ ERROR   │ $ABHAPOWER.NS: No data found, symbol may be delisted
17:05:47 │ ERROR   │ 
7 Failed downloads:
17:05:47 │ ERROR   │ ['ABIRAFN.NS', 'ABHIINFRA.NS', 'ABHICAP.NS', 'ABCINDQ.NS', 'ABHIJIT.NS', 'ABHIFIN.NS', 'ABHAPOWER.NS']: No data found, symbol may be delisted
17:05:53 │ INFO    │    📦 Batch 5/388 — 15 stocks...
17:05:55 │ ERROR   │ $ABVL.NS: No data found, symbol may be delisted
17:05:55 │ ERROR   │ $ABRIL.NS: No data found, symbol may be delisted
17:05:56 │ ERROR   │ $ABRFL.NS: No data found, symbol may be delisted
17:05:56 │ ERROR   │ 
3 Failed downloads:
17:05:56 │ ERROR   │ ['ABVL.NS', 'ABRIL.NS', 'ABRFL.NS']: No data found, symbol may be delisted
17:06:02 │ INFO    │    📦 Batch 6/388 — 15 stocks...
17:06:03 │ ERROR   │ $ACCORDTS.NS: No data found, symbol may be delisted
17:06:04 │ ERROR   │ $ACCELERATE.NS: No data found, symbol may be delisted
17:06:04 │ ERROR   │ $ACEMEN.NS: No data found, symbol may be delisted
17:06:05 │ ERROR   │ $ACESEPP.NS: No data found, symbol may be delisted
17:06:06 │ ERROR   │ $ACCPL.NS: No data found, symbol may be delisted
17:06:06 │ ERROR   │ $ACCEL.NS: No data found, symbol may be delisted
17:06:07 │ ERROR   │ $ACCEDERE.NS: No data found, symbol may be delisted
17:06:08 │ ERROR   │ $ACEALPHA.NS: No data found, symbol may be delisted
17:06:08 │ ERROR   │ 
8 Failed downloads:
17:06:08 │ ERROR   │ ['ACCORDTS.NS', 'ACCELERATE.NS', 'ACEMEN.NS', 'ACESEPP.NS', 'ACCPL.NS', 'ACCEL.NS', 'ACCEDERE.NS', 'ACEALPHA.NS']: No data found, symbol may be delisted
17:06:14 │ INFO    │    📦 Batch 7/388 — 15 stocks...
17:06:15 │ ERROR   │ $ACML.NS: No data found, symbol may be delisted
17:06:15 │ ERROR   │ $ACFL.NS: No data found, symbol may be delisted
17:06:16 │ ERROR   │ $ACFSL.NS: No data found, symbol may be delisted
17:06:16 │ ERROR   │ $ACETEC.NS: No data found, symbol may be delisted
17:06:17 │ ERROR   │ $ACIIN.NS: No data found, symbol may be delisted
17:06:17 │ ERROR   │ $ACLD.NS: No data found, symbol may be delisted
17:06:18 │ ERROR   │ $ACKNIT.NS: No data found, symbol may be delisted
17:06:18 │ ERROR   │ $ACME.NS: No data found, symbol may be delisted
17:06:19 │ ERROR   │ $ACROW.NS: No data found, symbol may be delisted
17:06:19 │ ERROR   │ $ACESOFT.NS: No data found, symbol may be delisted
17:06:19 │ ERROR   │ $ACHYUT.NS: No data found, symbol may be delisted
17:06:19 │ ERROR   │ 
11 Failed downloads:
17:06:19 │ ERROR   │ ['ACML.NS', 'ACFL.NS', 'ACFSL.NS', 'ACETEC.NS', 'ACIIN.NS', 'ACLD.NS', 'ACKNIT.NS', 'ACME.NS', 'ACROW.NS', 'ACESOFT.NS', 'ACHYUT.NS']: No data found, symbol may be delisted
17:06:25 │ INFO    │    📦 Batch 8/388 — 15 stocks...
17:06:26 │ ERROR   │ $ADARSHPL.NS: No data found, symbol may be delisted
17:06:27 │ ERROR   │ $ACTIVEINFR.NS: No data found, symbol may be delisted
17:06:27 │ ERROR   │ $ACTIVE.NS: No data found, symbol may be delisted
17:06:28 │ ERROR   │ $ADCINDIA.NS: No data found, symbol may be delisted
17:06:28 │ ERROR   │ $ADDICTIVE.NS: No data found, symbol may be delisted
17:06:28 │ ERROR   │ $ADCON.NS: No data found, symbol may be delisted
17:06:29 │ ERROR   │ $ADCOUNTY.NS: No data found, symbol may be delisted
17:06:30 │ ERROR   │ 
7 Failed downloads:
17:06:30 │ ERROR   │ ['ADARSHPL.NS', 'ACTIVEINFR.NS', 'ACTIVE.NS', 'ADCINDIA.NS', 'ADDICTIVE.NS', 'ADCON.NS', 'ADCOUNTY.NS']: No data found, symbol may be delisted
17:06:36 │ INFO    │    📦 Batch 9/388 — 15 stocks...
17:06:36 │ ERROR   │ $ADITYASP.NS: No data found, symbol may be delisted
17:06:37 │ ERROR   │ $ADESHWAR.NS: No data found, symbol may be delisted
17:06:37 │ ERROR   │ $ADHBHUTIN.NS: No data found, symbol may be delisted
17:06:38 │ ERROR   │ $ADHIRAJ.NS: No data found, symbol may be delisted
17:06:38 │ ERROR   │ $ADISHAKTI.NS: No data found, symbol may be delisted
17:06:39 │ ERROR   │ $ADJIA.NS: No data found, symbol may be delisted
17:06:39 │ ERROR   │ $ADMACH.NS: No data found, symbol may be delisted
17:06:40 │ ERROR   │ $ADITYA.NS: No data found, symbol may be delisted
17:06:40 │ ERROR   │ $ADMANUM.NS: No data found, symbol may be delisted
17:06:41 │ ERROR   │ $ADISOFT.NS: No data found, symbol may be delisted
17:06:41 │ ERROR   │ $ADINATH.NS: No data found, symbol may be delisted
17:06:41 │ ERROR   │ 
11 Failed downloads:
17:06:41 │ ERROR   │ ['ADITYASP.NS', 'ADESHWAR.NS', 'ADHBHUTIN.NS', 'ADHIRAJ.NS', 'ADISHAKTI.NS', 'ADJIA.NS', 'ADMACH.NS', 'ADITYA.NS', 'ADMANUM.NS', 'ADISOFT.NS', 'ADINATH.NS']: No data found, symbol may be delisted
17:06:47 │ INFO    │    📦 Batch 10/388 — 15 stocks...
17:06:48 │ ERROR   │ $ADVMULT.NS: No data found, symbol may be delisted
17:06:48 │ ERROR   │ $ADTECH.NS: No data found, symbol may be delisted
17:06:49 │ ERROR   │ $ADVLIFE.NS: No data found, symbol may be delisted
17:06:49 │ ERROR   │ $ADVPETR-B.NS: No data found, symbol may be delisted
17:06:50 │ ERROR   │ $AEIM.NS: No data found, symbol may be delisted
17:06:51 │ ERROR   │ $AEL.NS: No data found, symbol may be delisted
17:06:51 │ ERROR   │ 
6 Failed downloads:
17:06:51 │ ERROR   │ ['ADVMULT.NS', 'ADTECH.NS', 'ADVLIFE.NS', 'ADVPETR-B.NS', 'AEIM.NS', 'AEL.NS']: No data found, symbol may be delisted
17:06:57 │ INFO    │    📦 Batch 11/388 — 15 stocks...
17:06:57 │ ERROR   │ $AERON.NS: No data found, symbol may be delisted
17:06:58 │ ERROR   │ $AFCOM.NS: No data found, symbol may be delisted
17:06:59 │ ERROR   │ $AERPACE.NS: No data found, symbol may be delisted
17:06:59 │ ERROR   │ $AFEL.NS: No data found, symbol may be delisted
17:07:00 │ ERROR   │ $AEONXDIGI.NS: No data found, symbol may be delisted
17:07:01 │ ERROR   │ $AESTHETIK.NS: No data found, symbol may be delisted
17:07:01 │ ERROR   │ 
6 Failed downloads:
17:07:01 │ ERROR   │ ['AERON.NS', 'AFCOM.NS', 'AERPACE.NS', 'AFEL.NS', 'AEONXDIGI.NS', 'AESTHETIK.NS']: No data found, symbol may be delisted
17:07:07 │ INFO    │    📦 Batch 12/388 — 15 stocks...
17:07:08 │ ERROR   │ $AGIOPAPER.NS: No data found, symbol may be delisted
17:07:09 │ ERROR   │ $AGARWAL.NS: No data found, symbol may be delisted
17:07:09 │ ERROR   │ $AGRIBIO.NS: No data found, symbol may be delisted
17:07:10 │ ERROR   │ $AGOL.NS: No data found, symbol may be delisted
17:07:10 │ ERROR   │ $AGARWALTUF.NS: No data found, symbol may be delisted
17:07:10 │ ERROR   │ 
5 Failed downloads:
17:07:10 │ ERROR   │ ['AGIOPAPER.NS', 'AGARWAL.NS', 'AGRIBIO.NS', 'AGOL.NS', 'AGARWALTUF.NS']: No data found, symbol may be delisted
17:07:16 │ INFO    │    📦 Batch 13/388 — 15 stocks...
17:07:17 │ ERROR   │ $AICHAMP.NS: No data found, symbol may be delisted
17:07:19 │ ERROR   │ $AGVENTURES.NS: No data found, symbol may be delisted
17:07:19 │ ERROR   │ $AHMDSTE.NS: No data found, symbol may be delisted
17:07:20 │ ERROR   │ $AHASOLAR.NS: No data found, symbol may be delisted
17:07:20 │ ERROR   │ 
4 Failed downloads:
17:07:20 │ ERROR   │ ['AICHAMP.NS', 'AGVENTURES.NS', 'AHMDSTE.NS', 'AHASOLAR.NS']: No data found, symbol may be delisted
17:07:26 │ INFO    │    📦 Batch 14/388 — 15 stocks...
17:07:26 │ ERROR   │ $AIKPIPES.NS: No data found, symbol may be delisted
17:07:26 │ ERROR   │ $AJCJEWEL.NS: No data found, symbol may be delisted
17:07:27 │ ERROR   │ $AIRTELPP.NS: No data found, symbol may be delisted
17:07:28 │ ERROR   │ $AIML.NS: No data found, symbol may be delisted
17:07:28 │ ERROR   │ $AIRFLOA.NS: No data found, symbol may be delisted
17:07:29 │ ERROR   │ $AJANTSOY.NS: No data found, symbol may be delisted
17:07:29 │ ERROR   │ $AIMCOPEST.NS: No data found, symbol may be delisted
17:07:29 │ ERROR   │ 
7 Failed downloads:
17:07:29 │ ERROR   │ ['AIKPIPES.NS', 'AJCJEWEL.NS', 'AIRTELPP.NS', 'AIML.NS', 'AIRFLOA.NS', 'AJANTSOY.NS', 'AIMCOPEST.NS']: No data found, symbol may be delisted
17:07:35 │ INFO    │    📦 Batch 15/388 — 15 stocks...
17:07:36 │ ERROR   │ $AJRINFRA.NS: No data found, symbol may be delisted
17:07:37 │ ERROR   │ $AJWAFUN.NS: No data found, symbol may be delisted
17:07:37 │ ERROR   │ $AKANKSHA.NS: No data found, symbol may be delisted
17:07:38 │ ERROR   │ $AJCON.NS: No data found, symbol may be delisted
17:07:39 │ ERROR   │ 
4 Failed downloads:
17:07:39 │ ERROR   │ ['AJRINFRA.NS', 'AJWAFUN.NS', 'AKANKSHA.NS', 'AJCON.NS']: No data found, symbol may be delisted
17:07:45 │ INFO    │    📦 Batch 16/388 — 15 stocks...
17:07:45 │ ERROR   │ $ALCODIS.NS: No data found, symbol may be delisted
17:07:46 │ ERROR   │ $ALFL.NS: No data found, symbol may be delisted
17:07:46 │ ERROR   │ $ALFATRAN.NS: No data found, symbol may be delisted
17:07:47 │ ERROR   │ $ALANSCOTT.NS: No data found, symbol may be delisted
17:07:47 │ ERROR   │ $ALFAICA.NS: No data found, symbol may be delisted
17:07:48 │ ERROR   │ $ALEXANDER.NS: No data found, symbol may be delisted
17:07:48 │ ERROR   │ $ALFAVIO.NS: No data found, symbol may be delisted
17:07:48 │ ERROR   │ 
7 Failed downloads:
17:07:48 │ ERROR   │ ['ALCODIS.NS', 'ALFL.NS', 'ALFATRAN.NS', 'ALANSCOTT.NS', 'ALFAICA.NS', 'ALEXANDER.NS', 'ALFAVIO.NS']: No data found, symbol may be delisted
17:07:54 │ INFO    │    📦 Batch 17/388 — 15 stocks...
17:07:55 │ ERROR   │ $ALKOSIGN.NS: No data found, symbol may be delisted
17:07:55 │ ERROR   │ $ALNATRD.NS: No data found, symbol may be delisted
17:08:00 │ ERROR   │ 
2 Failed downloads:
17:08:00 │ ERROR   │ ['ALKOSIGN.NS', 'ALNATRD.NS']: No data found, symbol may be delisted
17:08:06 │ INFO    │    📦 Batch 18/388 — 15 stocks...
17:08:06 │ ERROR   │ $ALPHALOGIC.NS: No data found, symbol may be delisted
17:08:07 │ ERROR   │ $ALSL.NS: No data found, symbol may be delisted
17:08:07 │ ERROR   │ $AMANAYA.NS: No data found, symbol may be delisted
17:08:08 │ ERROR   │ $ALPINEHOU.NS: No data found, symbol may be delisted
17:08:08 │ ERROR   │ $ALSTONE.NS: No data found, symbol may be delisted
17:08:08 │ ERROR   │ $AMALGAM.NS: No data found, symbol may be delisted
17:08:09 │ ERROR   │ $ALTIUSINVIT.NS: No data found, symbol may be delisted
17:08:10 │ ERROR   │ $ALPHAIND.NS: No data found, symbol may be delisted
17:08:10 │ ERROR   │ 
8 Failed downloads:
17:08:10 │ ERROR   │ ['ALPHALOGIC.NS', 'ALSL.NS', 'AMANAYA.NS', 'ALPINEHOU.NS', 'ALSTONE.NS', 'AMALGAM.NS', 'ALTIUSINVIT.NS', 'ALPHAIND.NS']: No data found, symbol may be delisted
17:08:16 │ INFO    │    📦 Batch 19/388 — 15 stocks...
17:08:16 │ ERROR   │ $AMBEY.NS: No data found, symbol may be delisted
17:08:17 │ ERROR   │ $AMARSEC.NS: No data found, symbol may be delisted
17:08:17 │ ERROR   │ $AMBARPIL.NS: No data found, symbol may be delisted
17:08:18 │ ERROR   │ $AMBOAGRI.NS: No data found, symbol may be delisted
17:08:18 │ ERROR   │ $AMBIT.NS: No data found, symbol may be delisted
17:08:19 │ ERROR   │ $AMCL.NS: No data found, symbol may be delisted
17:08:19 │ ERROR   │ $AMBANIORGO.NS: No data found, symbol may be delisted
17:08:19 │ ERROR   │ $AMARNATH.NS: No data found, symbol may be delisted
17:08:19 │ ERROR   │ 
8 Failed downloads:
17:08:19 │ ERROR   │ ['AMBEY.NS', 'AMARSEC.NS', 'AMBARPIL.NS', 'AMBOAGRI.NS', 'AMBIT.NS', 'AMCL.NS', 'AMBANIORGO.NS', 'AMARNATH.NS']: No data found, symbol may be delisted
17:08:25 │ INFO    │    📦 Batch 20/388 — 15 stocks...
17:08:26 │ ERROR   │ $AMKAY.NS: No data found, symbol may be delisted
17:08:27 │ ERROR   │ $AMIC.NS: No data found, symbol may be delisted
17:08:27 │ ERROR   │ $AMFORG.NS: No data found, symbol may be delisted
17:08:28 │ ERROR   │ $AMIRCHAND.NS: No data found, symbol may be delisted
17:08:28 │ ERROR   │ $AMITSEC.NS: No data found, symbol may be delisted
17:08:28 │ ERROR   │ $AMCOIND.NS: No data found, symbol may be delisted
17:08:29 │ ERROR   │ $AMINTAN.NS: No data found, symbol may be delisted
17:08:29 │ ERROR   │ $AMEENJI.NS: No data found, symbol may be delisted
17:08:29 │ ERROR   │ $AMERISE.NS: No data found, symbol may be delisted
17:08:30 │ ERROR   │ $AMPVOLTS.NS: No data found, symbol may be delisted
17:08:30 │ ERROR   │ 
10 Failed downloads:
17:08:30 │ ERROR   │ ['AMKAY.NS', 'AMIC.NS', 'AMFORG.NS', 'AMIRCHAND.NS', 'AMITSEC.NS', 'AMCOIND.NS', 'AMINTAN.NS', 'AMEENJI.NS', 'AMERISE.NS', 'AMPVOLTS.NS']: No data found, symbol may be delisted
17:08:36 │ INFO    │    📦 Batch 21/388 — 15 stocks...
17:08:37 │ ERROR   │ $AMTL.NS: No data found, symbol may be delisted
17:08:37 │ ERROR   │ $AMRAAGRI.NS: No data found, symbol may be delisted
17:08:38 │ ERROR   │ $ANDHRAPET.NS: No data found, symbol may be delisted
17:08:38 │ ERROR   │ $AMRAPLIN.NS: No data found, symbol may be delisted
17:08:38 │ ERROR   │ $AMS.NS: No data found, symbol may be delisted
17:08:39 │ ERROR   │ $ANANTAM.NS: No data found, symbol may be delisted
17:08:39 │ ERROR   │ $AMRAFIN.NS: No data found, symbol may be delisted
17:08:40 │ ERROR   │ $AMWILL.NS: No data found, symbol may be delisted
17:08:40 │ ERROR   │ $ANANDPROJ.NS: No data found, symbol may be delisted
17:08:40 │ ERROR   │ 
9 Failed downloads:
17:08:40 │ ERROR   │ ['AMTL.NS', 'AMRAAGRI.NS', 'ANDHRAPET.NS', 'AMRAPLIN.NS', 'AMS.NS', 'ANANTAM.NS', 'AMRAFIN.NS', 'AMWILL.NS', 'ANANDPROJ.NS']: No data found, symbol may be delisted
17:08:46 │ INFO    │    📦 Batch 22/388 — 15 stocks...
17:08:46 │ ERROR   │ $ANJANIFIN.NS: No data found, symbol may be delisted
17:08:47 │ ERROR   │ $ANNAINFRA.NS: No data found, symbol may be delisted
17:08:47 │ ERROR   │ $ANL.NS: No data found, symbol may be delisted
17:08:47 │ ERROR   │ $ANKIN.NS: No data found, symbol may be delisted
17:08:48 │ ERROR   │ $ANJANI.NS: No data found, symbol may be delisted
17:08:48 │ ERROR   │ $ANGEL.NS: No data found, symbol may be delisted
17:08:49 │ ERROR   │ $ANIRIT.NS: No data found, symbol may be delisted
17:08:49 │ ERROR   │ $ANG.NS: No data found, symbol may be delisted
17:08:49 │ ERROR   │ $ANJANIFOODS.NS: No data found, symbol may be delisted
17:08:50 │ ERROR   │ $ANIRITPP.NS: No data found, symbol may be delisted
17:08:50 │ ERROR   │ 
10 Failed downloads:
17:08:50 │ ERROR   │ ['ANJANIFIN.NS', 'ANNAINFRA.NS', 'ANL.NS', 'ANKIN.NS', 'ANJANI.NS', 'ANGEL.NS', 'ANIRIT.NS', 'ANG.NS', 'ANJANIFOODS.NS', 'ANIRITPP.NS']: No data found, symbol may be delisted
17:08:56 │ INFO    │    📦 Batch 23/388 — 15 stocks...
17:08:57 │ ERROR   │ $ANONDITA.NS: No data found, symbol may be delisted
17:08:57 │ ERROR   │ $ANSINDUS.NS: No data found, symbol may be delisted
17:08:58 │ ERROR   │ $ANTARIKSH.NS: No data found, symbol may be delisted
17:08:58 │ ERROR   │ $ANSALHSG.NS: No data found, symbol may be delisted
17:08:58 │ ERROR   │ $ANUPAM.NS: No data found, symbol may be delisted
17:08:59 │ ERROR   │ 
5 Failed downloads:
17:08:59 │ ERROR   │ ['ANONDITA.NS', 'ANSINDUS.NS', 'ANTARIKSH.NS', 'ANSALHSG.NS', 'ANUPAM.NS']: No data found, symbol may be delisted
17:09:05 │ INFO    │    📦 Batch 24/388 — 15 stocks...
17:09:05 │ ERROR   │ $ANYA.NS: No data found, symbol may be delisted
17:09:07 │ ERROR   │ $ANZEN.NS: No data found, symbol may be delisted
17:09:08 │ ERROR   │ $ANUROOP.NS: No data found, symbol may be delisted
17:09:08 │ ERROR   │ $ANVRDHI.NS: No data found, symbol may be delisted
17:09:08 │ ERROR   │ 
4 Failed downloads:
17:09:08 │ ERROR   │ ['ANYA.NS', 'ANZEN.NS', 'ANUROOP.NS', 'ANVRDHI.NS']: No data found, symbol may be delisted
17:09:14 │ INFO    │    📦 Batch 25/388 — 15 stocks...
17:09:15 │ ERROR   │ $APLAB.NS: No data found, symbol may be delisted
17:09:15 │ ERROR   │ $APLABPP.NS: No data found, symbol may be delisted
17:09:15 │ ERROR   │ $APL.NS: No data found, symbol may be delisted
17:09:16 │ ERROR   │ $APIS.NS: No data found, symbol may be delisted
17:09:17 │ ERROR   │ $APMIN.NS: No data found, symbol may be delisted
17:09:17 │ ERROR   │ $APEXECO.NS: No data found, symbol may be delisted
17:09:18 │ ERROR   │ $APOLLOFI.NS: No data found, symbol may be delisted
17:09:18 │ ERROR   │ 
7 Failed downloads:
17:09:18 │ ERROR   │ ['APLAB.NS', 'APLABPP.NS', 'APL.NS', 'APIS.NS', 'APMIN.NS', 'APEXECO.NS', 'APOLLOFI.NS']: No data found, symbol may be delisted
17:09:24 │ INFO    │    📦 Batch 26/388 — 15 stocks...
17:09:25 │ ERROR   │ $APTPACK.NS: No data found, symbol may be delisted
17:09:25 │ ERROR   │ $ARAVALIS.NS: No data found, symbol may be delisted
17:09:25 │ ERROR   │ $ARCEEIN.NS: No data found, symbol may be delisted
17:09:26 │ ERROR   │ $APRAMEYA.NS: No data found, symbol may be delisted
17:09:27 │ ERROR   │ $ARCHITORG.NS: No data found, symbol may be delisted
17:09:27 │ ERROR   │ $ARCFIN.NS: No data found, symbol may be delisted
17:09:27 │ ERROR   │ $APSISAERO.NS: No data found, symbol may be delisted
17:09:28 │ ERROR   │ $APPL.NS: No data found, symbol may be delisted
17:09:28 │ ERROR   │ 
8 Failed downloads:
17:09:28 │ ERROR   │ ['APTPACK.NS', 'ARAVALIS.NS', 'ARCEEIN.NS', 'APRAMEYA.NS', 'ARCHITORG.NS', 'ARCFIN.NS', 'APSISAERO.NS', 'APPL.NS']: No data found, symbol may be delisted
17:09:34 │ INFO    │    📦 Batch 27/388 — 15 stocks...
17:09:34 │ ERROR   │ $AREXMIS.NS: No data found, symbol may be delisted
17:09:35 │ ERROR   │ $ARCIIL.NS: No data found, symbol may be delisted
17:09:36 │ ERROR   │ $ARHAM.NS: No data found, symbol may be delisted
17:09:36 │ ERROR   │ $ARIGATO.NS: No data found, symbol may be delisted
17:09:37 │ ERROR   │ 
4 Failed downloads:
17:09:37 │ ERROR   │ ['AREXMIS.NS', 'ARCIIL.NS', 'ARHAM.NS', 'ARIGATO.NS']: No data found, symbol may be delisted
17:09:43 │ INFO    │    📦 Batch 28/388 — 15 stocks...
17:09:43 │ ERROR   │ $ARMAN.NS: No data found, symbol may be delisted
17:09:44 │ ERROR   │ $ARMOUR.NS: No data found, symbol may be delisted
17:09:44 │ ERROR   │ $ARISE.NS: No data found, symbol may be delisted
17:09:45 │ ERROR   │ $ARITAS.NS: No data found, symbol may be delisted
17:09:45 │ ERROR   │ $ARL.NS: No data found, symbol may be delisted
17:09:46 │ ERROR   │ $ARNOLD.NS: No data found, symbol may be delisted
17:09:46 │ ERROR   │ $ARROWHEAD.NS: No data found, symbol may be delisted
17:09:47 │ ERROR   │ 
7 Failed downloads:
17:09:47 │ ERROR   │ ['ARMAN.NS', 'ARMOUR.NS', 'ARISE.NS', 'ARITAS.NS', 'ARL.NS', 'ARNOLD.NS', 'ARROWHEAD.NS']: No data found, symbol may be delisted
17:09:53 │ INFO    │    📦 Batch 29/388 — 15 stocks...
17:09:54 │ ERROR   │ $ARYACAPM.NS: No data found, symbol may be delisted
17:09:54 │ ERROR   │ $ARUNAHTEL.NS: No data found, symbol may be delisted
17:09:54 │ ERROR   │ $ARTEFACT.NS: No data found, symbol may be delisted
17:09:55 │ ERROR   │ $ARVINDPORT.NS: No data found, symbol may be delisted
17:09:55 │ ERROR   │ $ARYAN.NS: No data found, symbol may be delisted
17:09:56 │ ERROR   │ $ARUNAYA.NS: No data found, symbol may be delisted
17:09:56 │ ERROR   │ $ARTSON.NS: No data found, symbol may be delisted
17:09:56 │ ERROR   │ 
7 Failed downloads:
17:09:56 │ ERROR   │ ['ARYACAPM.NS', 'ARUNAHTEL.NS', 'ARTEFACT.NS', 'ARVINDPORT.NS', 'ARYAN.NS', 'ARUNAYA.NS', 'ARTSON.NS']: No data found, symbol may be delisted
17:10:02 │ INFO    │    📦 Batch 30/388 — 15 stocks...
17:10:03 │ ERROR   │ $ASHIKA.NS: No data found, symbol may be delisted
17:10:03 │ ERROR   │ $ASHCAP.NS: No data found, symbol may be delisted
17:10:04 │ ERROR   │ $ASHALOG.NS: No data found, symbol may be delisted
17:10:04 │ ERROR   │ $ASGARD.NS: No data found, symbol may be delisted
17:10:05 │ ERROR   │ $ASARFI.NS: No data found, symbol may be delisted
17:10:05 │ ERROR   │ $ARYAVAN.NS: No data found, symbol may be delisted
17:10:06 │ ERROR   │ $ASCENSIVE.NS: No data found, symbol may be delisted
17:10:06 │ ERROR   │ $ASHAI.NS: No data found, symbol may be delisted
17:10:06 │ ERROR   │ 
8 Failed downloads:
17:10:06 │ ERROR   │ ['ASHIKA.NS', 'ASHCAP.NS', 'ASHALOG.NS', 'ASGARD.NS', 'ASARFI.NS', 'ARYAVAN.NS', 'ASCENSIVE.NS', 'ASHAI.NS']: No data found, symbol may be delisted
17:10:12 │ INFO    │    📦 Batch 31/388 — 15 stocks...
17:10:13 │ ERROR   │ $ASHUTPM.NS: No data found, symbol may be delisted
17:10:13 │ ERROR   │ $ASIAN.NS: No data found, symbol may be delisted
17:10:14 │ ERROR   │ $ASHNI.NS: No data found, symbol may be delisted
17:10:14 │ ERROR   │ $ASHISHPO.NS: No data found, symbol may be delisted
17:10:14 │ ERROR   │ $ASHWINI.NS: No data found, symbol may be delisted
17:10:15 │ ERROR   │ $ASHNOOR.NS: No data found, symbol may be delisted
17:10:15 │ ERROR   │ $ASHRAM.NS: No data found, symbol may be delisted
17:10:16 │ ERROR   │ $ASHSI.NS: No data found, symbol may be delisted
17:10:16 │ ERROR   │ $ASIACAP.NS: No data found, symbol may be delisted
17:10:17 │ ERROR   │ 
9 Failed downloads:
17:10:17 │ ERROR   │ ['ASHUTPM.NS', 'ASIAN.NS', 'ASHNI.NS', 'ASHISHPO.NS', 'ASHWINI.NS', 'ASHNOOR.NS', 'ASHRAM.NS', 'ASHSI.NS', 'ASIACAP.NS']: No data found, symbol may be delisted
17:10:23 │ INFO    │    📦 Batch 32/388 — 15 stocks...
17:10:23 │ ERROR   │ $ASINPET.NS: No data found, symbol may be delisted
17:10:24 │ ERROR   │ $ASRL.NS: No data found, symbol may be delisted
17:10:25 │ ERROR   │ $ASPIRA.NS: No data found, symbol may be delisted
17:10:25 │ ERROR   │ $ASIAPAK.NS: No data found, symbol may be delisted
17:10:25 │ ERROR   │ $ASITCFIN.NS: No data found, symbol may be delisted
17:10:26 │ ERROR   │ $ASIIL.NS: No data found, symbol may be delisted
17:10:26 │ ERROR   │ $ASMTEC.NS: No data found, symbol may be delisted
17:10:26 │ ERROR   │ 
7 Failed downloads:
17:10:26 │ ERROR   │ ['ASINPET.NS', 'ASRL.NS', 'ASPIRA.NS', 'ASIAPAK.NS', 'ASITCFIN.NS', 'ASIIL.NS', 'ASMTEC.NS']: No data found, symbol may be delisted
17:10:32 │ INFO    │    📦 Batch 33/388 — 15 stocks...
17:10:33 │ ERROR   │ $ASTALLTD.NS: No data found, symbol may be delisted
17:10:33 │ ERROR   │ $ASSOCER.NS: No data found, symbol may be delisted
17:10:33 │ ERROR   │ $ASTONEALAB.NS: No data found, symbol may be delisted
17:10:34 │ ERROR   │ $ASSOCIATED.NS: No data found, symbol may be delisted
17:10:35 │ ERROR   │ $ASUTENT.NS: No data found, symbol may be delisted
17:10:36 │ ERROR   │ $ASTRONMULT.NS: No data found, symbol may be delisted
17:10:36 │ ERROR   │ 
6 Failed downloads:
17:10:36 │ ERROR   │ ['ASTALLTD.NS', 'ASSOCER.NS', 'ASTONEALAB.NS', 'ASSOCIATED.NS', 'ASUTENT.NS', 'ASTRONMULT.NS']: No data found, symbol may be delisted
17:10:42 │ INFO    │    📦 Batch 34/388 — 15 stocks...
17:10:43 │ ERROR   │ $ATIL.NS: No data found, symbol may be delisted
17:10:43 │ ERROR   │ $ATHENAGLO.NS: No data found, symbol may be delisted
17:10:43 │ ERROR   │ $ATHARVENT.NS: No data found, symbol may be delisted
17:10:44 │ ERROR   │ $ATISHAY.NS: No data found, symbol may be delisted
17:10:44 │ ERROR   │ $ATLPP.NS: No data found, symbol may be delisted
17:10:45 │ ERROR   │ $ATCENERGY.NS: No data found, symbol may be delisted
17:10:46 │ ERROR   │ $ATHCON.NS: No data found, symbol may be delisted
17:10:46 │ ERROR   │ $ATENPAPERS.NS: No data found, symbol may be delisted
17:10:46 │ ERROR   │ 
8 Failed downloads:
17:10:46 │ ERROR   │ ['ATIL.NS', 'ATHENAGLO.NS', 'ATHARVENT.NS', 'ATISHAY.NS', 'ATLPP.NS', 'ATCENERGY.NS', 'ATHCON.NS', 'ATENPAPERS.NS']: No data found, symbol may be delisted
17:10:52 │ INFO    │    📦 Batch 35/388 — 15 stocks...
17:10:53 │ ERROR   │ $AUROLAB.NS: No data found, symbol may be delisted
17:10:53 │ ERROR   │ $AUSL.NS: No data found, symbol may be delisted
17:10:54 │ ERROR   │ $ATVPR.NS: No data found, symbol may be delisted
17:10:55 │ ERROR   │ $ATVOENT.NS: No data found, symbol may be delisted
17:10:55 │ ERROR   │ 
4 Failed downloads:
17:10:55 │ ERROR   │ ['AUROLAB.NS', 'AUSL.NS', 'ATVPR.NS', 'ATVOENT.NS']: No data found, symbol may be delisted
17:11:01 │ INFO    │    📦 Batch 36/388 — 15 stocks...
17:11:02 │ ERROR   │ $AUTOPINS.NS: No data found, symbol may be delisted
17:11:02 │ ERROR   │ $AUTOINT.NS: No data found, symbol may be delisted
17:11:03 │ ERROR   │ $AUTOPRD.NS: No data found, symbol may be delisted
17:11:03 │ ERROR   │ $AUSTERE.NS: No data found, symbol may be delisted
17:11:04 │ ERROR   │ $AVANA.NS: No data found, symbol may be delisted
17:11:04 │ ERROR   │ 
5 Failed downloads:
17:11:04 │ ERROR   │ ['AUTOPINS.NS', 'AUTOINT.NS', 'AUTOPRD.NS', 'AUSTERE.NS', 'AVANA.NS']: No data found, symbol may be delisted
17:11:10 │ INFO    │    📦 Batch 37/388 — 15 stocks...
17:11:11 │ ERROR   │ $AVI.NS: No data found, symbol may be delisted
17:11:11 │ ERROR   │ $AVEER.NS: No data found, symbol may be delisted
17:11:12 │ ERROR   │ $AVIVA.NS: No data found, symbol may be delisted
17:11:12 │ ERROR   │ $AVIANSH.NS: No data found, symbol may be delisted
17:11:13 │ ERROR   │ $AVAX.NS: No data found, symbol may be delisted
17:11:14 │ ERROR   │ $AVONMERC.NS: No data found, symbol may be delisted
17:11:14 │ ERROR   │ $AVATAR.NS: No data found, symbol may be delisted
17:11:14 │ ERROR   │ 
7 Failed downloads:
17:11:14 │ ERROR   │ ['AVI.NS', 'AVEER.NS', 'AVIVA.NS', 'AVIANSH.NS', 'AVAX.NS', 'AVONMERC.NS', 'AVATAR.NS']: No data found, symbol may be delisted
17:11:20 │ INFO    │    📦 Batch 38/388 — 15 stocks...
17:11:21 │ ERROR   │ $AXELPOLY.NS: No data found, symbol may be delisted
17:11:21 │ ERROR   │ $AXISTECETF.NS: No data found, symbol may be delisted
17:11:21 │ ERROR   │ $AXISVALUE.NS: No data found, symbol may be delisted
17:11:22 │ ERROR   │ $AXISCETF.NS: No data found, symbol may be delisted
17:11:22 │ ERROR   │ $AXISHCETF.NS: No data found, symbol may be delisted
17:11:23 │ ERROR   │ $AXISNIFTY.NS: No data found, symbol may be delisted
17:11:23 │ ERROR   │ $AXISILVER.NS: No data found, symbol may be delisted
17:11:24 │ ERROR   │ $AXISGOLD.NS: No data found, symbol may be delisted
17:11:24 │ ERROR   │ $AXISBNKETF.NS: No data found, symbol may be delisted
17:11:24 │ ERROR   │ 
9 Failed downloads:
17:11:24 │ ERROR   │ ['AXELPOLY.NS', 'AXISTECETF.NS', 'AXISVALUE.NS', 'AXISCETF.NS', 'AXISHCETF.NS', 'AXISNIFTY.NS', 'AXISILVER.NS', 'AXISGOLD.NS', 'AXISBNKETF.NS']: No data found, symbol may be delisted
17:11:31 │ INFO    │    📦 Batch 39/388 — 15 stocks...
17:11:31 │ ERROR   │ $AYOME.NS: No data found, symbol may be delisted
17:11:31 │ ERROR   │ $AZTEC.NS: No data found, symbol may be delisted
17:11:32 │ ERROR   │ $B2BSOFT.NS: No data found, symbol may be delisted
17:11:32 │ ERROR   │ $BABA.NS: No data found, symbol may be delisted
17:11:33 │ ERROR   │ $AXSENSEX.NS: No data found, symbol may be delisted
17:11:33 │ ERROR   │ $BAGDIGITAL.NS: No data found, symbol may be delisted
17:11:33 │ ERROR   │ $BACPHAR.NS: No data found, symbol may be delisted
17:11:34 │ ERROR   │ 
7 Failed downloads:
17:11:34 │ ERROR   │ ['AYOME.NS', 'AZTEC.NS', 'B2BSOFT.NS', 'BABA.NS', 'AXSENSEX.NS', 'BAGDIGITAL.NS', 'BACPHAR.NS']: No data found, symbol may be delisted
17:11:40 │ INFO    │    📦 Batch 40/388 — 15 stocks...
17:11:42 │ ERROR   │ $BAIKAKAJI.NS: No data found, symbol may be delisted
17:11:42 │ ERROR   │ 
1 Failed download:
17:11:42 │ ERROR   │ ['BAIKAKAJI.NS']: No data found, symbol may be delisted
17:11:48 │ INFO    │    📦 Batch 41/388 — 15 stocks...
17:11:49 │ ERROR   │ $BALTE.NS: No data found, symbol may be delisted
17:11:50 │ ERROR   │ $BALAJIPHOS.NS: No data found, symbol may be delisted
17:11:50 │ ERROR   │ $BAJGLOB.NS: No data found, symbol may be delisted
17:11:51 │ ERROR   │ $BALCO.NS: No data found, symbol may be delisted
17:11:51 │ ERROR   │ $BALGOPAL.NS: No data found, symbol may be delisted
17:11:52 │ ERROR   │ 
5 Failed downloads:
17:11:52 │ ERROR   │ ['BALTE.NS', 'BALAJIPHOS.NS', 'BAJGLOB.NS', 'BALCO.NS', 'BALGOPAL.NS']: No data found, symbol may be delisted
17:11:58 │ INFO    │    📦 Batch 42/388 — 15 stocks...
17:11:58 │ ERROR   │ $BANASFN.NS: No data found, symbol may be delisted
17:11:59 │ ERROR   │ $BANDARAM.NS: No data found, symbol may be delisted
17:11:59 │ ERROR   │ $BAMPSL.NS: No data found, symbol may be delisted
17:12:01 │ ERROR   │ $BAMBINO.NS: No data found, symbol may be delisted
17:12:01 │ ERROR   │ 
4 Failed downloads:
17:12:01 │ ERROR   │ ['BANASFN.NS', 'BANDARAM.NS', 'BAMPSL.NS', 'BAMBINO.NS']: No data found, symbol may be delisted
17:12:07 │ INFO    │    📦 Batch 43/388 — 15 stocks...
17:12:08 │ ERROR   │ $BANSTEA.NS: No data found, symbol may be delisted
17:12:08 │ ERROR   │ $BAPACK.NS: No data found, symbol may be delisted
17:12:08 │ ERROR   │ $BARFLEX.NS: No data found, symbol may be delisted
17:12:09 │ ERROR   │ $BARODARY.NS: No data found, symbol may be delisted
17:12:09 │ ERROR   │ $BASANTGL.NS: No data found, symbol may be delisted
17:12:10 │ ERROR   │ $BAROEXT.NS: No data found, symbol may be delisted
17:12:10 │ ERROR   │ 
6 Failed downloads:
17:12:10 │ ERROR   │ ['BANSTEA.NS', 'BAPACK.NS', 'BARFLEX.NS', 'BARODARY.NS', 'BASANTGL.NS', 'BAROEXT.NS']: No data found, symbol may be delisted
17:12:16 │ INFO    │    📦 Batch 44/388 — 15 stocks...
17:12:19 │ ERROR   │ $BAZELINTER.NS: No data found, symbol may be delisted
17:12:19 │ ERROR   │ 
1 Failed download:
17:12:19 │ ERROR   │ ['BAZELINTER.NS']: No data found, symbol may be delisted
17:12:25 │ INFO    │    📦 Batch 45/388 — 15 stocks...
17:12:25 │ ERROR   │ $BCLENTERPR.NS: No data found, symbol may be delisted
17:12:26 │ ERROR   │ $BDR.NS: No data found, symbol may be delisted
17:12:26 │ ERROR   │ $BCCPP.NS: No data found, symbol may be delisted
17:12:27 │ ERROR   │ $BDI.NS: No data found, symbol may be delisted
17:12:27 │ ERROR   │ $BCCFUBA.NS: No data found, symbol may be delisted
17:12:28 │ ERROR   │ $BDH.NS: No data found, symbol may be delisted
17:12:28 │ ERROR   │ $BCP.NS: No data found, symbol may be delisted
17:12:29 │ ERROR   │ $BCCL.NS: No data found, symbol may be delisted
17:12:29 │ ERROR   │ 
8 Failed downloads:
17:12:29 │ ERROR   │ ['BCLENTERPR.NS', 'BDR.NS', 'BCCPP.NS', 'BDI.NS', 'BCCFUBA.NS', 'BDH.NS', 'BCP.NS', 'BCCL.NS']: No data found, symbol may be delisted
17:12:35 │ INFO    │    📦 Batch 46/388 — 15 stocks...
17:12:35 │ ERROR   │ $BEEZAASAN.NS: No data found, symbol may be delisted
17:12:36 │ ERROR   │ $BEMHY.NS: No data found, symbol may be delisted
17:12:36 │ ERROR   │ $BENARA.NS: No data found, symbol may be delisted
17:12:37 │ ERROR   │ $BELDING.NS: No data found, symbol may be delisted
17:12:38 │ ERROR   │ $BEEYU.NS: No data found, symbol may be delisted
17:12:38 │ ERROR   │ $BENCHMARK.NS: No data found, symbol may be delisted
17:12:39 │ ERROR   │ $BEFOUNDMOL.NS: No data found, symbol may be delisted
17:12:39 │ ERROR   │ 
7 Failed downloads:
17:12:39 │ ERROR   │ ['BEEZAASAN.NS', 'BEMHY.NS', 'BENARA.NS', 'BELDING.NS', 'BEEYU.NS', 'BENCHMARK.NS', 'BEFOUNDMOL.NS']: No data found, symbol may be delisted
17:12:45 │ INFO    │    📦 Batch 47/388 — 15 stocks...
17:12:46 │ ERROR   │ $BERVINL.NS: No data found, symbol may be delisted
17:12:46 │ ERROR   │ $BENGALT.NS: No data found, symbol may be delisted
17:12:46 │ ERROR   │ $BENGALS.NS: No data found, symbol may be delisted
17:12:47 │ ERROR   │ $BERYLSE.NS: No data found, symbol may be delisted
17:12:47 │ ERROR   │ $BERLDRG.NS: No data found, symbol may be delisted
17:12:48 │ ERROR   │ $BETXIND.NS: No data found, symbol may be delisted
17:12:48 │ ERROR   │ $BESTEAST.NS: No data found, symbol may be delisted
17:12:49 │ ERROR   │ $BENTCOM.NS: No data found, symbol may be delisted
17:12:49 │ ERROR   │ 
8 Failed downloads:
17:12:49 │ ERROR   │ ['BERVINL.NS', 'BENGALT.NS', 'BENGALS.NS', 'BERYLSE.NS', 'BERLDRG.NS', 'BETXIND.NS', 'BESTEAST.NS', 'BENTCOM.NS']: No data found, symbol may be delisted
17:12:55 │ INFO    │    📦 Batch 48/388 — 15 stocks...
17:12:55 │ ERROR   │ $BGDL.NS: No data found, symbol may be delisted
17:12:56 │ ERROR   │ $BHADORA.NS: No data found, symbol may be delisted
17:12:56 │ ERROR   │ $BGWTATO.NS: No data found, symbol may be delisted
17:12:57 │ ERROR   │ $BHAGWOX.NS: No data found, symbol may be delisted
17:12:57 │ ERROR   │ $BGIL.NS: No data found, symbol may be delisted
17:12:58 │ ERROR   │ $BHAGGAS.NS: No data found, symbol may be delisted
17:12:58 │ ERROR   │ $BFLAFL.NS: No data found, symbol may be delisted
17:12:58 │ ERROR   │ 
7 Failed downloads:
17:12:58 │ ERROR   │ ['BGDL.NS', 'BHADORA.NS', 'BGWTATO.NS', 'BHAGWOX.NS', 'BGIL.NS', 'BHAGGAS.NS', 'BFLAFL.NS']: No data found, symbol may be delisted
17:13:04 │ INFO    │    📦 Batch 49/388 — 15 stocks...
17:13:05 │ ERROR   │ $BHATIA.NS: No data found, symbol may be delisted
17:13:06 │ ERROR   │ $BHAVIK.NS: No data found, symbol may be delisted
17:13:06 │ ERROR   │ $BHARATAGRI.NS: No data found, symbol may be delisted
17:13:07 │ ERROR   │ $BHASKAGR.NS: No data found, symbol may be delisted
17:13:08 │ ERROR   │ $BHARAT.NS: No data found, symbol may be delisted
17:13:08 │ ERROR   │ $BHANDERI.NS: No data found, symbol may be delisted
17:13:09 │ ERROR   │ $BHARATROHAN.NS: No data found, symbol may be delisted
17:13:09 │ ERROR   │ 
7 Failed downloads:
17:13:09 │ ERROR   │ ['BHATIA.NS', 'BHAVIK.NS', 'BHARATAGRI.NS', 'BHASKAGR.NS', 'BHARAT.NS', 'BHANDERI.NS', 'BHARATROHAN.NS']: No data found, symbol may be delisted
17:13:15 │ INFO    │    📦 Batch 50/388 — 15 stocks...
17:13:15 │ ERROR   │ $BIKEWO.NS: No data found, symbol may be delisted
17:13:16 │ ERROR   │ $BHUDEVI.NS: No data found, symbol may be delisted
17:13:16 │ ERROR   │ $BIBCL.NS: No data found, symbol may be delisted
17:13:17 │ ERROR   │ $BINDALEXPO.NS: No data found, symbol may be delisted
17:13:17 │ ERROR   │ $BIHSPONG.NS: No data found, symbol may be delisted
17:13:18 │ ERROR   │ $BHILSPIN.NS: No data found, symbol may be delisted
17:13:18 │ ERROR   │ $BILLWIN.NS: No data found, symbol may be delisted
17:13:18 │ ERROR   │ 
7 Failed downloads:
17:13:18 │ ERROR   │ ['BIKEWO.NS', 'BHUDEVI.NS', 'BIBCL.NS', 'BINDALEXPO.NS', 'BIHSPONG.NS', 'BHILSPIN.NS', 'BILLWIN.NS']: No data found, symbol may be delisted
17:13:24 │ INFO    │    📦 Batch 51/388 — 15 stocks...
17:13:25 │ ERROR   │ $BIOPOL.NS: No data found, symbol may be delisted
17:13:25 │ ERROR   │ $BIZOTIC.NS: No data found, symbol may be delisted
17:13:26 │ ERROR   │ $BITS.NS: No data found, symbol may be delisted
17:13:26 │ ERROR   │ $BKV.NS: No data found, symbol may be delisted
17:13:27 │ ERROR   │ $BIOGEN.NS: No data found, symbol may be delisted
17:13:28 │ ERROR   │ 
5 Failed downloads:
17:13:28 │ ERROR   │ ['BIOPOL.NS', 'BIZOTIC.NS', 'BITS.NS', 'BKV.NS', 'BIOGEN.NS']: No data found, symbol may be delisted
17:13:34 │ INFO    │    📦 Batch 52/388 — 15 stocks...
17:13:34 │ ERROR   │ $BLOOM.NS: No data found, symbol may be delisted
17:13:36 │ ERROR   │ $BLUECHIPT.NS: No data found, symbol may be delisted
17:13:36 │ ERROR   │ $BLOIN.NS: No data found, symbol may be delisted
17:13:36 │ ERROR   │ $BLT.NS: No data found, symbol may be delisted
17:13:37 │ ERROR   │ 
4 Failed downloads:
17:13:37 │ ERROR   │ ['BLOOM.NS', 'BLUECHIPT.NS', 'BLOIN.NS', 'BLT.NS']: No data found, symbol may be delisted
17:13:43 │ INFO    │    📦 Batch 53/388 — 15 stocks...
17:13:43 │ ERROR   │ $BLUEGOD.NS: No data found, symbol may be delisted
17:13:43 │ ERROR   │ $BMAL.NS: No data found, symbol may be delisted
17:13:44 │ ERROR   │ $BLUEWATER.NS: No data found, symbol may be delisted
17:13:45 │ ERROR   │ $BMW.NS: No data found, symbol may be delisted
17:13:46 │ ERROR   │ 
4 Failed downloads:
17:13:46 │ ERROR   │ ['BLUEGOD.NS', 'BMAL.NS', 'BLUEWATER.NS', 'BMW.NS']: No data found, symbol may be delisted
17:13:52 │ INFO    │    📦 Batch 54/388 — 15 stocks...
17:13:52 │ ERROR   │ $BOMBCYC.NS: No data found, symbol may be delisted
17:13:52 │ ERROR   │ $BOMBWIR.NS: No data found, symbol may be delisted
17:13:52 │ ERROR   │ $BNRUDY.NS: No data found, symbol may be delisted
17:13:53 │ ERROR   │ $BONDADA.NS: No data found, symbol may be delisted
17:13:54 │ ERROR   │ $BNRSEC.NS: No data found, symbol may be delisted
17:13:54 │ ERROR   │ $BOMTALKIES.NS: No data found, symbol may be delisted
17:13:54 │ ERROR   │ $BODHTREE.NS: No data found, symbol may be delisted
17:13:55 │ ERROR   │ $BOMOXY-B1.NS: No data found, symbol may be delisted
17:13:55 │ ERROR   │ 
8 Failed downloads:
17:13:55 │ ERROR   │ ['BOMBCYC.NS', 'BOMBWIR.NS', 'BNRUDY.NS', 'BONDADA.NS', 'BNRSEC.NS', 'BOMTALKIES.NS', 'BODHTREE.NS', 'BOMOXY-B1.NS']: No data found, symbol may be delisted
17:14:01 │ INFO    │    📦 Batch 55/388 — 15 stocks...
17:14:01 │ ERROR   │ $BOSTON.NS: No data found, symbol may be delisted
17:14:02 │ ERROR   │ $BRADYM.NS: No data found, symbol may be delisted
17:14:02 │ ERROR   │ $BRAWN.NS: No data found, symbol may be delisted
17:14:02 │ ERROR   │ $BOSS.NS: No data found, symbol may be delisted
17:14:03 │ ERROR   │ $BRGIL.NS: No data found, symbol may be delisted
17:14:04 │ ERROR   │ $BRACEPORT.NS: No data found, symbol may be delisted
17:14:04 │ ERROR   │ $BRANDMAN.NS: No data found, symbol may be delisted
17:14:04 │ ERROR   │ $BPAGRI.NS: No data found, symbol may be delisted
17:14:05 │ ERROR   │ 
8 Failed downloads:
17:14:05 │ ERROR   │ ['BOSTON.NS', 'BRADYM.NS', 'BRAWN.NS', 'BOSS.NS', 'BRGIL.NS', 'BRACEPORT.NS', 'BRANDMAN.NS', 'BPAGRI.NS']: No data found, symbol may be delisted
17:14:11 │ INFO    │    📦 Batch 56/388 — 15 stocks...
17:14:11 │ ERROR   │ $BROACH.NS: No data found, symbol may be delisted
17:14:11 │ ERROR   │ $BRISK.NS: No data found, symbol may be delisted
17:14:12 │ ERROR   │ $BRIJLEAS.NS: No data found, symbol may be delisted
17:14:13 │ ERROR   │ $BRRL.NS: No data found, symbol may be delisted
17:14:13 │ ERROR   │ $BRPL.NS: No data found, symbol may be delisted
17:14:13 │ ERROR   │ $BRIDGESE.NS: No data found, symbol may be delisted
17:14:14 │ ERROR   │ $BRIPORT.NS: No data found, symbol may be delisted
17:14:14 │ ERROR   │ 
7 Failed downloads:
17:14:14 │ ERROR   │ ['BROACH.NS', 'BRISK.NS', 'BRIJLEAS.NS', 'BRRL.NS', 'BRPL.NS', 'BRIDGESE.NS', 'BRIPORT.NS']: No data found, symbol may be delisted
17:14:20 │ INFO    │    📦 Batch 57/388 — 15 stocks...
17:14:22 │ ERROR   │ $BSELALGO.NS: No data found, symbol may be delisted
17:14:23 │ ERROR   │ $BULKCORP.NS: No data found, symbol may be delisted
17:14:23 │ ERROR   │ 
2 Failed downloads:
17:14:23 │ ERROR   │ ['BSELALGO.NS', 'BULKCORP.NS']: No data found, symbol may be delisted
17:14:29 │ INFO    │    📦 Batch 58/388 — 15 stocks...
17:14:30 │ ERROR   │ $CANDOUR.NS: No data found, symbol may be delisted
17:14:30 │ ERROR   │ $CALLISTA.NS: No data found, symbol may be delisted
17:14:31 │ ERROR   │ $CAMEXLTD.NS: No data found, symbol may be delisted
17:14:31 │ ERROR   │ $C2C.NS: No data found, symbol may be delisted
17:14:31 │ ERROR   │ $CALSOFTPP.NS: No data found, symbol may be delisted
17:14:33 │ ERROR   │ $CALCOM.NS: No data found, symbol may be delisted
17:14:33 │ ERROR   │ 
6 Failed downloads:
17:14:33 │ ERROR   │ ['CANDOUR.NS', 'CALLISTA.NS', 'CAMEXLTD.NS', 'C2C.NS', 'CALSOFTPP.NS', 'CALCOM.NS']: No data found, symbol may be delisted
17:14:39 │ INFO    │    📦 Batch 59/388 — 15 stocks...
17:14:39 │ ERROR   │ $CAPPIPES.NS: No data found, symbol may be delisted
17:14:39 │ ERROR   │ $CAPRIHANS.NS: No data found, symbol may be delisted
17:14:40 │ ERROR   │ $CAPFIN.NS: No data found, symbol may be delisted
17:14:41 │ ERROR   │ $CAPINVIT.NS: No data found, symbol may be delisted
17:14:42 │ ERROR   │ $CARGOSOL.NS: No data found, symbol may be delisted
17:14:42 │ ERROR   │ $CAPRO.NS: No data found, symbol may be delisted
17:14:42 │ ERROR   │ 
6 Failed downloads:
17:14:42 │ ERROR   │ ['CAPPIPES.NS', 'CAPRIHANS.NS', 'CAPFIN.NS', 'CAPINVIT.NS', 'CARGOSOL.NS', 'CAPRO.NS']: No data found, symbol may be delisted
17:14:48 │ INFO    │    📦 Batch 60/388 — 15 stocks...
17:14:49 │ ERROR   │ $CATVISION.NS: No data found, symbol may be delisted
17:14:49 │ ERROR   │ $CCAL.NS: No data found, symbol may be delisted
17:14:50 │ ERROR   │ $CASPIAN.NS: No data found, symbol may be delisted
17:14:51 │ ERROR   │ $CBPL.NS: No data found, symbol may be delisted
17:14:51 │ ERROR   │ $CARGOTRANS.NS: No data found, symbol may be delisted
17:14:52 │ ERROR   │ $CCDL.NS: No data found, symbol may be delisted
17:14:52 │ ERROR   │ 
6 Failed downloads:
17:14:52 │ ERROR   │ ['CATVISION.NS', 'CCAL.NS', 'CASPIAN.NS', 'CBPL.NS', 'CARGOTRANS.NS', 'CCDL.NS']: No data found, symbol may be delisted
17:14:58 │ INFO    │    📦 Batch 61/388 — 15 stocks...
17:14:58 │ ERROR   │ $CCLINTER.NS: No data found, symbol may be delisted
17:14:58 │ ERROR   │ $CCME.NS: No data found, symbol may be delisted
17:14:59 │ ERROR   │ $CEENIK.NS: No data found, symbol may be delisted
17:14:59 │ ERROR   │ $CEDAAR.NS: No data found, symbol may be delisted
17:14:59 │ ERROR   │ $CELLA.NS: No data found, symbol may be delisted
17:15:00 │ ERROR   │ $CEETAIN.NS: No data found, symbol may be delisted
17:15:00 │ ERROR   │ $CDG.NS: No data found, symbol may be delisted
17:15:00 │ ERROR   │ $CEEJAY.NS: No data found, symbol may be delisted
17:15:01 │ ERROR   │ 
8 Failed downloads:
17:15:01 │ ERROR   │ ['CCLINTER.NS', 'CCME.NS', 'CEENIK.NS', 'CEDAAR.NS', 'CELLA.NS', 'CEETAIN.NS', 'CDG.NS', 'CEEJAY.NS']: No data found, symbol may be delisted
17:15:07 │ INFO    │    📦 Batch 62/388 — 15 stocks...
17:15:08 │ ERROR   │ $CENLUB.NS: No data found, symbol may be delisted
17:15:08 │ ERROR   │ $CEMAINFRA.NS: No data found, symbol may be delisted
17:15:10 │ ERROR   │ 
2 Failed downloads:
17:15:10 │ ERROR   │ ['CENLUB.NS', 'CEMAINFRA.NS']: No data found, symbol may be delisted
17:15:16 │ INFO    │    📦 Batch 63/388 — 15 stocks...
17:15:17 │ ERROR   │ $CHALLANI.NS: No data found, symbol may be delisted
17:15:17 │ ERROR   │ $CHANDNIMACH.NS: No data found, symbol may be delisted
17:15:17 │ ERROR   │ $CHADPAP.NS: No data found, symbol may be delisted
17:15:18 │ ERROR   │ $CFF.NS: No data found, symbol may be delisted
17:15:18 │ ERROR   │ $CHANDAN.NS: No data found, symbol may be delisted
17:15:19 │ ERROR   │ $CGFL.NS: No data found, symbol may be delisted
17:15:20 │ ERROR   │ $CHAMUNDA.NS: No data found, symbol may be delisted
17:15:21 │ ERROR   │ $CFL.NS: No data found, symbol may be delisted
17:15:21 │ ERROR   │ 
8 Failed downloads:
17:15:21 │ ERROR   │ ['CHALLANI.NS', 'CHANDNIMACH.NS', 'CHADPAP.NS', 'CFF.NS', 'CHANDAN.NS', 'CGFL.NS', 'CHAMUNDA.NS', 'CFL.NS']: No data found, symbol may be delisted
17:15:27 │ INFO    │    📦 Batch 64/388 — 15 stocks...
17:15:27 │ ERROR   │ $CHEMKART.NS: No data found, symbol may be delisted
17:15:28 │ ERROR   │ $CHDCHEM.NS: No data found, symbol may be delisted
17:15:29 │ ERROR   │ $CHANDRIMA.NS: No data found, symbol may be delisted
17:15:29 │ ERROR   │ $CHECKPOINT.NS: No data found, symbol may be delisted
17:15:29 │ ERROR   │ $CHATHA.NS: No data found, symbol may be delisted
17:15:30 │ ERROR   │ $CHCL.NS: No data found, symbol may be delisted
17:15:30 │ ERROR   │ $CHANDRAP.NS: No data found, symbol may be delisted
17:15:31 │ ERROR   │ $CHEMIESYNT.NS: No data found, symbol may be delisted
17:15:31 │ ERROR   │ 
8 Failed downloads:
17:15:31 │ ERROR   │ ['CHEMKART.NS', 'CHDCHEM.NS', 'CHANDRIMA.NS', 'CHECKPOINT.NS', 'CHATHA.NS', 'CHCL.NS', 'CHANDRAP.NS', 'CHEMIESYNT.NS']: No data found, symbol may be delisted
17:15:37 │ INFO    │    📦 Batch 65/388 — 15 stocks...
17:15:37 │ ERROR   │ $CHLLTD.NS: No data found, symbol may be delisted
17:15:38 │ ERROR   │ $CHMBBRW.NS: No data found, symbol may be delisted
17:15:38 │ ERROR   │ $CHIRAHARIT.NS: No data found, symbol may be delisted
17:15:39 │ ERROR   │ $CHOKSILA.NS: No data found, symbol may be delisted
17:15:39 │ ERROR   │ $CHOKSI.NS: No data found, symbol may be delisted
17:15:40 │ ERROR   │ $CHENFERRO.NS: No data found, symbol may be delisted
17:15:40 │ ERROR   │ $CHLOGIST.NS: No data found, symbol may be delisted
17:15:41 │ ERROR   │ $CHETANA.NS: No data found, symbol may be delisted
17:15:41 │ ERROR   │ $CHEMTECH.NS: No data found, symbol may be delisted
17:15:41 │ ERROR   │ 
9 Failed downloads:
17:15:41 │ ERROR   │ ['CHLLTD.NS', 'CHMBBRW.NS', 'CHIRAHARIT.NS', 'CHOKSILA.NS', 'CHOKSI.NS', 'CHENFERRO.NS', 'CHLOGIST.NS', 'CHETANA.NS', 'CHEMTECH.NS']: No data found, symbol may be delisted
17:15:47 │ INFO    │    📦 Batch 66/388 — 15 stocks...
17:15:47 │ ERROR   │ $CILSEC.NS: No data found, symbol may be delisted
17:15:48 │ ERROR   │ $CINDRELL.NS: No data found, symbol may be delisted
17:15:48 │ ERROR   │ $CIANAGRO.NS: No data found, symbol may be delisted
17:15:49 │ ERROR   │ $CHOTHANI.NS: No data found, symbol may be delisted
17:15:49 │ ERROR   │ $CHROME.NS: No data found, symbol may be delisted
17:15:49 │ ERROR   │ $CHRTEDCA.NS: No data found, symbol may be delisted
17:15:49 │ ERROR   │ $CINDHO.NS: No data found, symbol may be delisted
17:15:50 │ ERROR   │ $CHTR.NS: No data found, symbol may be delisted
17:15:50 │ ERROR   │ $CHORDIA.NS: No data found, symbol may be delisted
17:15:51 │ ERROR   │ $CHOWGULSTM.NS: No data found, symbol may be delisted
17:15:51 │ ERROR   │ 
10 Failed downloads:
17:15:51 │ ERROR   │ ['CILSEC.NS', 'CINDRELL.NS', 'CIANAGRO.NS', 'CHOTHANI.NS', 'CHROME.NS', 'CHRTEDCA.NS', 'CINDHO.NS', 'CHTR.NS', 'CHORDIA.NS', 'CHOWGULSTM.NS']: No data found, symbol may be delisted
17:15:57 │ INFO    │    📦 Batch 67/388 — 15 stocks...
17:15:57 │ ERROR   │ $CITICHEM.NS: No data found, symbol may be delisted
17:15:57 │ ERROR   │ $CITYMAN.NS: No data found, symbol may be delisted
17:15:58 │ ERROR   │ $CITYSQUARE.NS: No data found, symbol may be delisted
17:15:58 │ ERROR   │ $CLARA.NS: No data found, symbol may be delisted
17:15:59 │ ERROR   │ $CITURGIA.NS: No data found, symbol may be delisted
17:15:59 │ ERROR   │ $CLASELE.NS: No data found, symbol may be delisted
17:15:59 │ ERROR   │ $CLASSICEIL.NS: No data found, symbol may be delisted
17:15:59 │ ERROR   │ $CITIUSINVT.NS: No data found, symbol may be delisted
17:16:00 │ ERROR   │ $CITYONLINE.NS: No data found, symbol may be delisted
17:16:00 │ ERROR   │ $CJGEL.NS: No data found, symbol may be delisted
17:16:01 │ ERROR   │ $CITIPOR.NS: No data found, symbol may be delisted
17:16:01 │ ERROR   │ $CKKRETAIL.NS: No data found, symbol may be delisted
17:16:02 │ ERROR   │ $CITADEL.NS: No data found, symbol may be delisted
17:16:02 │ ERROR   │ 
13 Failed downloads:
17:16:02 │ ERROR   │ ['CITICHEM.NS', 'CITYMAN.NS', 'CITYSQUARE.NS', 'CLARA.NS', 'CITURGIA.NS', 'CLASELE.NS', 'CLASSICEIL.NS', 'CITIUSINVT.NS', 'CITYONLINE.NS', 'CJGEL.NS', 'CITIPOR.NS', 'CKKRETAIL.NS', 'CITADEL.NS']: No data found, symbol may be delisted
17:16:08 │ INFO    │    📦 Batch 68/388 — 15 stocks...
17:16:08 │ ERROR   │ $CLIOINFO.NS: No data found, symbol may be delisted
17:16:09 │ ERROR   │ $CMBL.NS: No data found, symbol may be delisted
17:16:09 │ ERROR   │ $CMMHOSP.NS: No data found, symbol may be delisted
17:16:10 │ ERROR   │ $CLFL.NS: No data found, symbol may be delisted
17:16:11 │ ERROR   │ $CLN.NS: No data found, symbol may be delisted
17:16:11 │ ERROR   │ 
5 Failed downloads:
17:16:11 │ ERROR   │ ['CLIOINFO.NS', 'CMBL.NS', 'CMMHOSP.NS', 'CLFL.NS', 'CLN.NS']: No data found, symbol may be delisted
17:16:17 │ INFO    │    📦 Batch 69/388 — 15 stocks...
17:16:17 │ ERROR   │ $CNCRD.NS: No data found, symbol may be delisted
17:16:18 │ ERROR   │ $COCHINM.NS: No data found, symbol may be delisted
17:16:18 │ ERROR   │ $CNINFOTECH.NS: No data found, symbol may be delisted
17:16:19 │ ERROR   │ $COARO.NS: No data found, symbol may be delisted
17:16:20 │ ERROR   │ $COCHMAL.NS: No data found, symbol may be delisted
17:16:20 │ ERROR   │ 
5 Failed downloads:
17:16:20 │ ERROR   │ ['CNCRD.NS', 'COCHINM.NS', 'CNINFOTECH.NS', 'COARO.NS', 'COCHMAL.NS']: No data found, symbol may be delisted
17:16:26 │ INFO    │    📦 Batch 70/388 — 15 stocks...
17:16:27 │ ERROR   │ $COMFINCAP.NS: No data found, symbol may be delisted
17:16:27 │ ERROR   │ $COLINZ.NS: No data found, symbol may be delisted
17:16:28 │ ERROR   │ $COMCL.NS: No data found, symbol may be delisted
17:16:28 │ ERROR   │ $COMPUPN.NS: No data found, symbol may be delisted
17:16:29 │ ERROR   │ $COLORCHIPS.NS: No data found, symbol may be delisted
17:16:29 │ ERROR   │ $COMRADE.NS: No data found, symbol may be delisted
17:16:30 │ ERROR   │ $COMMAND.NS: No data found, symbol may be delisted
17:16:30 │ ERROR   │ 
7 Failed downloads:
17:16:30 │ ERROR   │ ['COMFINCAP.NS', 'COLINZ.NS', 'COMCL.NS', 'COMPUPN.NS', 'COLORCHIPS.NS', 'COMRADE.NS', 'COMMAND.NS']: No data found, symbol may be delisted
17:16:36 │ INFO    │    📦 Batch 71/388 — 15 stocks...
17:16:36 │ ERROR   │ $CONART.NS: No data found, symbol may be delisted
17:16:37 │ ERROR   │ $CONCORD.NS: No data found, symbol may be delisted
17:16:37 │ ERROR   │ $CONSTRONIC.NS: No data found, symbol may be delisted
17:16:38 │ ERROR   │ $CONTAINER.NS: No data found, symbol may be delisted
17:16:39 │ ERROR   │ $CONTAINE.NS: No data found, symbol may be delisted
17:16:39 │ ERROR   │ $CONNPLEX.NS: No data found, symbol may be delisted
17:16:40 │ ERROR   │ 
6 Failed downloads:
17:16:40 │ ERROR   │ ['CONART.NS', 'CONCORD.NS', 'CONSTRONIC.NS', 'CONTAINER.NS', 'CONTAINE.NS', 'CONNPLEX.NS']: No data found, symbol may be delisted
17:16:46 │ INFO    │    📦 Batch 72/388 — 15 stocks...
17:16:46 │ ERROR   │ $COROENGG.NS: No data found, symbol may be delisted
17:16:46 │ ERROR   │ $CONTPTR.NS: No data found, symbol may be delisted
17:16:47 │ ERROR   │ $CORAGRO.NS: No data found, symbol may be delisted
17:16:47 │ ERROR   │ $CORNE.NS: No data found, symbol may be delisted
17:16:47 │ ERROR   │ $CONTCHM.NS: No data found, symbol may be delisted
17:16:48 │ ERROR   │ $CORALAB.NS: No data found, symbol may be delisted
17:16:49 │ ERROR   │ $CONTICON.NS: No data found, symbol may be delisted
17:16:49 │ ERROR   │ $CONTILI.NS: No data found, symbol may be delisted
17:16:49 │ ERROR   │ 
8 Failed downloads:
17:16:49 │ ERROR   │ ['COROENGG.NS', 'CONTPTR.NS', 'CORAGRO.NS', 'CORNE.NS', 'CONTCHM.NS', 'CORALAB.NS', 'CONTICON.NS', 'CONTILI.NS']: No data found, symbol may be delisted
17:16:55 │ INFO    │    📦 Batch 73/388 — 15 stocks...
17:16:56 │ ERROR   │ $COSMICCRF.NS: No data found, symbol may be delisted
17:16:56 │ ERROR   │ $COTFAB.NS: No data found, symbol may be delisted
17:16:57 │ ERROR   │ $COSYN.NS: No data found, symbol may be delisted
17:16:57 │ ERROR   │ $COVIDH.NS: No data found, symbol may be delisted
17:16:57 │ ERROR   │ $COSCO.NS: No data found, symbol may be delisted
17:16:58 │ ERROR   │ $COVANCE.NS: No data found, symbol may be delisted
17:16:58 │ ERROR   │ $COSMOFE.NS: No data found, symbol may be delisted
17:16:59 │ ERROR   │ $CPML.NS: No data found, symbol may be delisted
17:16:59 │ ERROR   │ $COSPOWER.NS: No data found, symbol may be delisted
17:16:59 │ ERROR   │ 
9 Failed downloads:
17:16:59 │ ERROR   │ ['COSMICCRF.NS', 'COTFAB.NS', 'COSYN.NS', 'COVIDH.NS', 'COSCO.NS', 'COVANCE.NS', 'COSMOFE.NS', 'CPML.NS', 'COSPOWER.NS']: No data found, symbol may be delisted
17:17:05 │ INFO    │    📦 Batch 74/388 — 15 stocks...
17:17:06 │ ERROR   │ $CRANEINFRA.NS: No data found, symbol may be delisted
17:17:06 │ ERROR   │ $CREATIVE.NS: No data found, symbol may be delisted
17:17:07 │ ERROR   │ $CRANESSOFT.NS: No data found, symbol may be delisted
17:17:08 │ ERROR   │ $CRANEX.NS: No data found, symbol may be delisted
17:17:09 │ ERROR   │ $CRESCENTIS.NS: No data found, symbol may be delisted
17:17:09 │ ERROR   │ 
5 Failed downloads:
17:17:09 │ ERROR   │ ['CRANEINFRA.NS', 'CREATIVE.NS', 'CRANESSOFT.NS', 'CRANEX.NS', 'CRESCENTIS.NS']: No data found, symbol may be delisted
17:17:15 │ INFO    │    📦 Batch 75/388 — 15 stocks...
17:17:15 │ ERROR   │ $CRYSTAL.NS: No data found, symbol may be delisted
17:17:16 │ ERROR   │ $CRIMSON.NS: No data found, symbol may be delisted
17:17:16 │ ERROR   │ $CROISSANCE.NS: No data found, symbol may be delisted
17:17:17 │ ERROR   │ $CRSTCHM.NS: No data found, symbol may be delisted
17:17:17 │ ERROR   │ $CRYOGENIC.NS: No data found, symbol may be delisted
17:17:18 │ ERROR   │ $CSL.NS: No data found, symbol may be delisted
17:17:19 │ ERROR   │ $CROPSTER.NS: No data found, symbol may be delisted
17:17:19 │ ERROR   │ 
7 Failed downloads:
17:17:19 │ ERROR   │ ['CRYSTAL.NS', 'CRIMSON.NS', 'CROISSANCE.NS', 'CRSTCHM.NS', 'CRYOGENIC.NS', 'CSL.NS', 'CROPSTER.NS']: No data found, symbol may be delisted
17:17:25 │ INFO    │    📦 Batch 76/388 — 15 stocks...
17:17:25 │ ERROR   │ $CTCL.NS: No data found, symbol may be delisted
17:17:25 │ ERROR   │ $CTL.NS: No data found, symbol may be delisted
17:17:27 │ ERROR   │ $CTLLAB.NS: No data found, symbol may be delisted
17:17:27 │ ERROR   │ $CUBEINVIT.NS: No data found, symbol may be delisted
17:17:28 │ ERROR   │ $CSSL.NS: No data found, symbol may be delisted
17:17:28 │ ERROR   │ $CUPIDTR.NS: No data found, symbol may be delisted
17:17:29 │ ERROR   │ $CUBIFIN.NS: No data found, symbol may be delisted
17:17:29 │ ERROR   │ $CUDML.NS: No data found, symbol may be delisted
17:17:30 │ ERROR   │ $CSURGSU.NS: No data found, symbol may be delisted
17:17:30 │ ERROR   │ 
9 Failed downloads:
17:17:30 │ ERROR   │ ['CTCL.NS', 'CTL.NS', 'CTLLAB.NS', 'CUBEINVIT.NS', 'CSSL.NS', 'CUPIDTR.NS', 'CUBIFIN.NS', 'CUDML.NS', 'CSURGSU.NS']: No data found, symbol may be delisted
17:17:36 │ INFO    │    📦 Batch 77/388 — 15 stocks...
17:17:37 │ ERROR   │ $CURRENT.NS: No data found, symbol may be delisted
17:17:37 │ ERROR   │ $CURIS.NS: No data found, symbol may be delisted
17:17:38 │ ERROR   │ $DAIKAFFI.NS: No data found, symbol may be delisted
17:17:38 │ ERROR   │ $CYBELEIND.NS: No data found, symbol may be delisted
17:17:39 │ ERROR   │ $CWD.NS: No data found, symbol may be delisted
17:17:39 │ ERROR   │ $DAL.NS: No data found, symbol may be delisted
17:17:39 │ ERROR   │ $DACHEPALLI.NS: No data found, symbol may be delisted
17:17:40 │ ERROR   │ 
7 Failed downloads:
17:17:40 │ ERROR   │ ['CURRENT.NS', 'CURIS.NS', 'DAIKAFFI.NS', 'CYBELEIND.NS', 'CWD.NS', 'DAL.NS', 'DACHEPALLI.NS']: No data found, symbol may be delisted
17:17:46 │ INFO    │    📦 Batch 78/388 — 15 stocks...
17:17:46 │ ERROR   │ $DARSHANORNA.NS: No data found, symbol may be delisted
17:17:46 │ ERROR   │ $DAVIN.NS: No data found, symbol may be delisted
17:17:47 │ ERROR   │ $DANISH.NS: No data found, symbol may be delisted
17:17:47 │ ERROR   │ $DANUBE.NS: No data found, symbol may be delisted
17:17:48 │ ERROR   │ $DANLAW.NS: No data found, symbol may be delisted
17:17:48 │ ERROR   │ $DATIWARE.NS: No data found, symbol may be delisted
17:17:48 │ ERROR   │ $DAPS.NS: No data found, symbol may be delisted
17:17:49 │ ERROR   │ $DAULAT.NS: No data found, symbol may be delisted
17:17:49 │ ERROR   │ $DARJEELING.NS: No data found, symbol may be delisted
17:17:50 │ ERROR   │ 
9 Failed downloads:
17:17:50 │ ERROR   │ ['DARSHANORNA.NS', 'DAVIN.NS', 'DANISH.NS', 'DANUBE.NS', 'DANLAW.NS', 'DATIWARE.NS', 'DAPS.NS', 'DAULAT.NS', 'DARJEELING.NS']: No data found, symbol may be delisted
17:17:56 │ INFO    │    📦 Batch 79/388 — 15 stocks...
17:17:58 │ ERROR   │ $DCCL.NS: No data found, symbol may be delisted
17:17:58 │ ERROR   │ 
1 Failed download:
17:17:58 │ ERROR   │ ['DCCL.NS']: No data found, symbol may be delisted
17:18:04 │ INFO    │    📦 Batch 80/388 — 15 stocks...
17:18:05 │ ERROR   │ $DECOMIC.NS: No data found, symbol may be delisted
17:18:06 │ ERROR   │ $DECCAN.NS: No data found, symbol may be delisted
17:18:06 │ ERROR   │ $DECIPHER.NS: No data found, symbol may be delisted
17:18:07 │ ERROR   │ $DECCANTRAN.NS: No data found, symbol may be delisted
17:18:07 │ ERROR   │ $DECPO.NS: No data found, symbol may be delisted
17:18:07 │ ERROR   │ 
5 Failed downloads:
17:18:07 │ ERROR   │ ['DECOMIC.NS', 'DECCAN.NS', 'DECIPHER.NS', 'DECCANTRAN.NS', 'DECPO.NS']: No data found, symbol may be delisted
17:18:13 │ INFO    │    📦 Batch 81/388 — 15 stocks...
17:18:14 │ ERROR   │ $DEEPAI.NS: No data found, symbol may be delisted
17:18:14 │ ERROR   │ $DEFRAIL.NS: No data found, symbol may be delisted
17:18:14 │ ERROR   │ $DELTA.NS: No data found, symbol may be delisted
17:18:15 │ ERROR   │ $DEKSON.NS: No data found, symbol may be delisted
17:18:15 │ ERROR   │ $DEEPAKSP.NS: No data found, symbol may be delisted
17:18:16 │ ERROR   │ $DEL.NS: No data found, symbol may be delisted
17:18:17 │ ERROR   │ $DEEPAKCHEM.NS: No data found, symbol may be delisted
17:18:17 │ ERROR   │ 
7 Failed downloads:
17:18:17 │ ERROR   │ ['DEEPAI.NS', 'DEFRAIL.NS', 'DELTA.NS', 'DEKSON.NS', 'DEEPAKSP.NS', 'DEL.NS', 'DEEPAKCHEM.NS']: No data found, symbol may be delisted
17:18:23 │ INFO    │    📦 Batch 82/388 — 15 stocks...
17:18:23 │ ERROR   │ $DESCO.NS: No data found, symbol may be delisted
17:18:24 │ ERROR   │ $DENISCHEM.NS: No data found, symbol may be delisted
17:18:25 │ ERROR   │ $DELTIC.NS: No data found, symbol may be delisted
17:18:25 │ ERROR   │ $DEVINE.NS: No data found, symbol may be delisted
17:18:26 │ ERROR   │ $DEVITRD.NS: No data found, symbol may be delisted
17:18:26 │ ERROR   │ $DESHRAK.NS: No data found, symbol may be delisted
17:18:26 │ ERROR   │ 
6 Failed downloads:
17:18:26 │ ERROR   │ ['DESCO.NS', 'DENISCHEM.NS', 'DELTIC.NS', 'DEVINE.NS', 'DEVITRD.NS', 'DESHRAK.NS']: No data found, symbol may be delisted
17:18:32 │ INFO    │    📦 Batch 83/388 — 15 stocks...
17:18:33 │ ERROR   │ $DGL.NS: No data found, symbol may be delisted
17:18:34 │ ERROR   │ $DHANFAB.NS: No data found, symbol may be delisted
17:18:34 │ ERROR   │ $DHAMPURE.NS: No data found, symbol may be delisted
17:18:35 │ ERROR   │ $DFL.NS: No data found, symbol may be delisted
17:18:35 │ ERROR   │ $DFPL.NS: No data found, symbol may be delisted
17:18:35 │ ERROR   │ $DEVLAB.NS: No data found, symbol may be delisted
17:18:36 │ ERROR   │ $DHANCOT.NS: No data found, symbol may be delisted
17:18:36 │ ERROR   │ $DHANROTO.NS: No data found, symbol may be delisted
17:18:36 │ ERROR   │ 
8 Failed downloads:
17:18:36 │ ERROR   │ ['DGL.NS', 'DHANFAB.NS', 'DHAMPURE.NS', 'DFL.NS', 'DFPL.NS', 'DEVLAB.NS', 'DHANCOT.NS', 'DHANROTO.NS']: No data found, symbol may be delisted
17:18:42 │ INFO    │    📦 Batch 84/388 — 15 stocks...
17:18:43 │ ERROR   │ $DHPIND.NS: No data found, symbol may be delisted
17:18:43 │ ERROR   │ $DHENUBUILD.NS: No data found, symbol may be delisted
17:18:44 │ ERROR   │ $DHARARAIL.NS: No data found, symbol may be delisted
17:18:44 │ ERROR   │ $DHARNI.NS: No data found, symbol may be delisted
17:18:44 │ ERROR   │ $DHINDIA.NS: No data found, symbol may be delisted
17:18:45 │ ERROR   │ $DHOOTIN.NS: No data found, symbol may be delisted
17:18:45 │ ERROR   │ $DHILLON.NS: No data found, symbol may be delisted
17:18:46 │ ERROR   │ $DHARFIN.NS: No data found, symbol may be delisted
17:18:46 │ ERROR   │ $DHARIWAL.NS: No data found, symbol may be delisted
17:18:47 │ ERROR   │ $DHANSAFAL.NS: No data found, symbol may be delisted
17:18:47 │ ERROR   │ 
10 Failed downloads:
17:18:47 │ ERROR   │ ['DHPIND.NS', 'DHENUBUILD.NS', 'DHARARAIL.NS', 'DHARNI.NS', 'DHINDIA.NS', 'DHOOTIN.NS', 'DHILLON.NS', 'DHARFIN.NS', 'DHARIWAL.NS', 'DHANSAFAL.NS']: No data found, symbol may be delisted
17:18:53 │ INFO    │    📦 Batch 85/388 — 15 stocks...
17:18:53 │ ERROR   │ $DIGIFIBRE.NS: No data found, symbol may be delisted
17:18:54 │ ERROR   │ $DHYAANITR.NS: No data found, symbol may be delisted
17:18:54 │ ERROR   │ $DIDL.NS: No data found, symbol may be delisted
17:18:54 │ ERROR   │ $DIANATEA.NS: No data found, symbol may be delisted
17:18:55 │ ERROR   │ $DHRUVCA.NS: No data found, symbol may be delisted
17:18:56 │ ERROR   │ 
5 Failed downloads:
17:18:56 │ ERROR   │ ['DIGIFIBRE.NS', 'DHYAANITR.NS', 'DIDL.NS', 'DIANATEA.NS', 'DHRUVCA.NS']: No data found, symbol may be delisted
17:19:02 │ INFO    │    📦 Batch 86/388 — 15 stocks...
17:19:02 │ ERROR   │ $DILIGENT.NS: No data found, symbol may be delisted
17:19:03 │ ERROR   │ $DITCO.NS: No data found, symbol may be delisted
17:19:03 │ ERROR   │ $DIGILOGIC.NS: No data found, symbol may be delisted
17:19:04 │ ERROR   │ $DIVINEHIRA.NS: No data found, symbol may be delisted
17:19:05 │ ERROR   │ $DIKSAT.NS: No data found, symbol may be delisted
17:19:05 │ ERROR   │ $DIRL.NS: No data found, symbol may be delisted
17:19:05 │ ERROR   │ 
6 Failed downloads:
17:19:05 │ ERROR   │ ['DILIGENT.NS', 'DITCO.NS', 'DIGILOGIC.NS', 'DIVINEHIRA.NS', 'DIKSAT.NS', 'DIRL.NS']: No data found, symbol may be delisted
17:19:11 │ INFO    │    📦 Batch 87/388 — 15 stocks...
17:19:12 │ ERROR   │ $DIVYADHAN.NS: No data found, symbol may be delisted
17:19:12 │ ERROR   │ $DLCL.NS: No data found, symbol may be delisted
17:19:12 │ ERROR   │ $DLTNCBL.NS: No data found, symbol may be delisted
17:19:13 │ ERROR   │ $DIVSHKT.NS: No data found, symbol may be delisted
17:19:13 │ ERROR   │ $DML.NS: No data found, symbol may be delisted
17:19:15 │ ERROR   │ $DKUAL.NS: No data found, symbol may be delisted
17:19:15 │ ERROR   │ $DJSSS.NS: No data found, symbol may be delisted
17:19:15 │ ERROR   │ 
7 Failed downloads:
17:19:15 │ ERROR   │ ['DIVYADHAN.NS', 'DLCL.NS', 'DLTNCBL.NS', 'DIVSHKT.NS', 'DML.NS', 'DKUAL.NS', 'DJSSS.NS']: No data found, symbol may be delisted
17:19:21 │ INFO    │    📦 Batch 88/388 — 15 stocks...
17:19:21 │ ERROR   │ $DPL.NS: No data found, symbol may be delisted
17:19:22 │ ERROR   │ $DOLFIN.NS: No data found, symbol may be delisted
17:19:24 │ ERROR   │ $DMR.NS: No data found, symbol may be delisted
17:19:24 │ ERROR   │ 
3 Failed downloads:
17:19:24 │ ERROR   │ ['DPL.NS', 'DOLFIN.NS', 'DMR.NS']: No data found, symbol may be delisted
17:19:30 │ INFO    │    📦 Batch 89/388 — 15 stocks...
17:19:31 │ ERROR   │ $DSINVEST.NS: No data found, symbol may be delisted
17:19:31 │ ERROR   │ $DRONACHRYA.NS: No data found, symbol may be delisted
17:19:32 │ ERROR   │ $DRA.NS: No data found, symbol may be delisted
17:19:32 │ ERROR   │ $DRSCARGO.NS: No data found, symbol may be delisted
17:19:33 │ ERROR   │ $DRL.NS: No data found, symbol may be delisted
17:19:33 │ ERROR   │ 
5 Failed downloads:
17:19:33 │ ERROR   │ ['DSINVEST.NS', 'DRONACHRYA.NS', 'DRA.NS', 'DRSCARGO.NS', 'DRL.NS']: No data found, symbol may be delisted
17:19:40 │ INFO    │    📦 Batch 90/388 — 15 stocks...
17:19:40 │ ERROR   │ $DUNCANENG.NS: No data found, symbol may be delisted
17:19:41 │ ERROR   │ $DUROPLY.NS: No data found, symbol may be delisted
17:19:41 │ ERROR   │ $DUKEOFS.NS: No data found, symbol may be delisted
17:19:42 │ ERROR   │ $DUROPACK.NS: No data found, symbol may be delisted
17:19:43 │ ERROR   │ $DUTRON.NS: No data found, symbol may be delisted
17:19:43 │ ERROR   │ 
5 Failed downloads:
17:19:43 │ ERROR   │ ['DUNCANENG.NS', 'DUROPLY.NS', 'DUKEOFS.NS', 'DUROPACK.NS', 'DUTRON.NS']: No data found, symbol may be delisted
17:19:49 │ INFO    │    📦 Batch 91/388 — 15 stocks...
17:19:49 │ ERROR   │ $EASTINDIA.NS: No data found, symbol may be delisted
17:19:50 │ ERROR   │ $DYNAMICP.NS: No data found, symbol may be delisted
17:19:51 │ ERROR   │ $DYNAVSN.NS: No data found, symbol may be delisted
17:19:51 │ ERROR   │ $EARKART.NS: No data found, symbol may be delisted
17:19:51 │ ERROR   │ $DYNAMIND.NS: No data found, symbol may be delisted
17:19:52 │ ERROR   │ $E2ERAIL.NS: No data found, symbol may be delisted
17:19:52 │ ERROR   │ $EARTH.NS: No data found, symbol may be delisted
17:19:52 │ ERROR   │ $EASTBUILD.NS: No data found, symbol may be delisted
17:19:53 │ ERROR   │ $EASTRED.NS: No data found, symbol may be delisted
17:19:53 │ ERROR   │ 
9 Failed downloads:
17:19:53 │ ERROR   │ ['EASTINDIA.NS', 'DYNAMICP.NS', 'DYNAVSN.NS', 'EARKART.NS', 'DYNAMIND.NS', 'E2ERAIL.NS', 'EARTH.NS', 'EASTBUILD.NS', 'EASTRED.NS']: No data found, symbol may be delisted
17:19:59 │ INFO    │    📦 Batch 92/388 — 15 stocks...
17:19:59 │ ERROR   │ $EBBETF0423.NS: No data found, symbol may be delisted
17:20:00 │ ERROR   │ $ECOLINE.NS: No data found, symbol may be delisted
17:20:00 │ ERROR   │ $ECOBOAR.NS: No data found, symbol may be delisted
17:20:01 │ ERROR   │ $EASUN.NS: No data found, symbol may be delisted
17:20:01 │ ERROR   │ $EASYFIN.NS: No data found, symbol may be delisted
17:20:01 │ ERROR   │ $ECOHOTELS.NS: No data found, symbol may be delisted
17:20:02 │ ERROR   │ 
6 Failed downloads:
17:20:02 │ ERROR   │ ['EBBETF0423.NS', 'ECOLINE.NS', 'ECOBOAR.NS', 'EASUN.NS', 'EASYFIN.NS', 'ECOHOTELS.NS']: No data found, symbol may be delisted
17:20:08 │ INFO    │    📦 Batch 93/388 — 15 stocks...
17:20:09 │ ERROR   │ $EEPL.NS: No data found, symbol may be delisted
17:20:09 │ ERROR   │ $EDVENSWA.NS: No data found, symbol may be delisted
17:20:10 │ ERROR   │ $ECOPLAST.NS: No data found, symbol may be delisted
17:20:10 │ ERROR   │ $ECSTSTL.NS: No data found, symbol may be delisted
17:20:11 │ ERROR   │ $EENTER.NS: No data found, symbol may be delisted
17:20:11 │ ERROR   │ $EFORU.NS: No data found, symbol may be delisted
17:20:12 │ ERROR   │ 
6 Failed downloads:
17:20:12 │ ERROR   │ ['EEPL.NS', 'EDVENSWA.NS', 'ECOPLAST.NS', 'ECSTSTL.NS', 'EENTER.NS', 'EFORU.NS']: No data found, symbol may be delisted
17:20:18 │ INFO    │    📦 Batch 94/388 — 15 stocks...
17:20:18 │ ERROR   │ $EIGHTY.NS: No data found, symbol may be delisted
17:20:19 │ ERROR   │ $ELAND.NS: No data found, symbol may be delisted
17:20:19 │ ERROR   │ $EIKO.NS: No data found, symbol may be delisted
17:20:20 │ ERROR   │ $EKANSH.NS: No data found, symbol may be delisted
17:20:21 │ ERROR   │ $EKAMLEA.NS: No data found, symbol may be delisted
17:20:22 │ ERROR   │ $EKENNIS.NS: No data found, symbol may be delisted
17:20:22 │ ERROR   │ 
6 Failed downloads:
17:20:22 │ ERROR   │ ['EIGHTY.NS', 'ELAND.NS', 'EIKO.NS', 'EKANSH.NS', 'EKAMLEA.NS', 'EKENNIS.NS']: No data found, symbol may be delisted
17:20:28 │ INFO    │    📦 Batch 95/388 — 15 stocks...
17:20:29 │ ERROR   │ $ELEMARB.NS: No data found, symbol may be delisted
17:20:30 │ ERROR   │ $ELFIN.NS: No data found, symbol may be delisted
17:20:30 │ ERROR   │ $ELANGO.NS: No data found, symbol may be delisted
17:20:30 │ ERROR   │ $ELFORGE.NS: No data found, symbol may be delisted
17:20:31 │ ERROR   │ $ELGNZ.NS: No data found, symbol may be delisted
17:20:31 │ ERROR   │ $ELEFLOR.NS: No data found, symbol may be delisted
17:20:32 │ ERROR   │ 
6 Failed downloads:
17:20:32 │ ERROR   │ ['ELEMARB.NS', 'ELFIN.NS', 'ELANGO.NS', 'ELFORGE.NS', 'ELGNZ.NS', 'ELEFLOR.NS']: No data found, symbol may be delisted
17:20:38 │ INFO    │    📦 Batch 96/388 — 15 stocks...
17:20:39 │ ERROR   │ $ELNET.NS: No data found, symbol may be delisted
17:20:39 │ ERROR   │ $ELIXIR.NS: No data found, symbol may be delisted
17:20:40 │ ERROR   │ $EMAPARTNER.NS: No data found, symbol may be delisted
17:20:40 │ ERROR   │ 
3 Failed downloads:
17:20:40 │ ERROR   │ ['ELNET.NS', 'ELIXIR.NS', 'EMAPARTNER.NS']: No data found, symbol may be delisted
17:20:46 │ INFO    │    📦 Batch 97/388 — 15 stocks...
17:20:48 │ ERROR   │ $EMERALD.NS: No data found, symbol may be delisted
17:20:48 │ ERROR   │ $EMMFORCE.NS: No data found, symbol may be delisted
17:20:48 │ ERROR   │ $EMERGENT.NS: No data found, symbol may be delisted
17:20:49 │ ERROR   │ $EMERALL.NS: No data found, symbol may be delisted
17:20:49 │ ERROR   │ $EMMESSA.NS: No data found, symbol may be delisted
17:20:50 │ ERROR   │ $EMROCK.NS: No data found, symbol may be delisted
17:20:50 │ ERROR   │ $EMIAC.NS: No data found, symbol may be delisted
17:20:50 │ ERROR   │ 
7 Failed downloads:
17:20:50 │ ERROR   │ ['EMERALD.NS', 'EMMFORCE.NS', 'EMERGENT.NS', 'EMERALL.NS', 'EMMESSA.NS', 'EMROCK.NS', 'EMIAC.NS']: No data found, symbol may be delisted
17:20:56 │ INFO    │    📦 Batch 98/388 — 15 stocks...
17:20:57 │ ERROR   │ $ENCOMPAS.NS: No data found, symbol may be delisted
17:20:57 │ ERROR   │ $ENCODE.NS: No data found, symbol may be delisted
17:20:58 │ ERROR   │ $ENBETRD.NS: No data found, symbol may be delisted
17:20:59 │ ERROR   │ $ENERGYINF.NS: No data found, symbol may be delisted
17:20:59 │ ERROR   │ 
4 Failed downloads:
17:20:59 │ ERROR   │ ['ENCOMPAS.NS', 'ENCODE.NS', 'ENBETRD.NS', 'ENERGYINF.NS']: No data found, symbol may be delisted
17:21:05 │ INFO    │    📦 Batch 99/388 — 15 stocks...
17:21:06 │ ERROR   │ $EPBIO.NS: No data found, symbol may be delisted
17:21:07 │ ERROR   │ $EPWINDIA.NS: No data found, symbol may be delisted
17:21:08 │ ERROR   │ $ENTRINT.NS: No data found, symbol may be delisted
17:21:08 │ ERROR   │ $ENVIRO.NS: No data found, symbol may be delisted
17:21:08 │ ERROR   │ $ENVAIREL.NS: No data found, symbol may be delisted
17:21:09 │ ERROR   │ $EPSOMPRO.NS: No data found, symbol may be delisted
17:21:09 │ ERROR   │ $EPUJA.NS: No data found, symbol may be delisted
17:21:10 │ ERROR   │ $EPIC.NS: No data found, symbol may be delisted
17:21:10 │ ERROR   │ 
8 Failed downloads:
17:21:10 │ ERROR   │ ['EPBIO.NS', 'EPWINDIA.NS', 'ENTRINT.NS', 'ENVIRO.NS', 'ENVAIREL.NS', 'EPSOMPRO.NS', 'EPUJA.NS', 'EPIC.NS']: No data found, symbol may be delisted
17:21:16 │ INFO    │    📦 Batch 100/388 — 15 stocks...
17:21:17 │ ERROR   │ $EQUILATERA.NS: No data found, symbol may be delisted
17:21:18 │ ERROR   │ $ESCORP.NS: No data found, symbol may be delisted
17:21:18 │ ERROR   │ $ERPSOFT.NS: No data found, symbol may be delisted
17:21:19 │ ERROR   │ $ESARIND.NS: No data found, symbol may be delisted
17:21:19 │ ERROR   │ 
4 Failed downloads:
17:21:19 │ ERROR   │ ['EQUILATERA.NS', 'ESCORP.NS', 'ERPSOFT.NS', 'ESARIND.NS']: No data found, symbol may be delisted
17:21:25 │ INFO    │    📦 Batch 101/388 — 15 stocks...
17:21:25 │ ERROR   │ $ESSEX.NS: No data found, symbol may be delisted
17:21:26 │ ERROR   │ $ESPIRE.NS: No data found, symbol may be delisted
17:21:26 │ ERROR   │ $ESPRIT.NS: No data found, symbol may be delisted
17:21:27 │ ERROR   │ $ESHAMEDIA.NS: No data found, symbol may be delisted
17:21:28 │ ERROR   │ $ESQRMON.NS: No data found, symbol may be delisted
17:21:28 │ ERROR   │ $ETIL.NS: No data found, symbol may be delisted
17:21:28 │ ERROR   │ 
6 Failed downloads:
17:21:28 │ ERROR   │ ['ESSEX.NS', 'ESPIRE.NS', 'ESPRIT.NS', 'ESHAMEDIA.NS', 'ESQRMON.NS', 'ETIL.NS']: No data found, symbol may be delisted
17:21:34 │ INFO    │    📦 Batch 102/388 — 15 stocks...
17:21:35 │ ERROR   │ $EUPHORIAIT.NS: No data found, symbol may be delisted
17:21:35 │ ERROR   │ $EVERESTO.NS: No data found, symbol may be delisted
17:21:36 │ ERROR   │ $EVEXIA.NS: No data found, symbol may be delisted
17:21:36 │ ERROR   │ $EUROLED.NS: No data found, symbol may be delisted
17:21:37 │ ERROR   │ $ETL.NS: No data found, symbol may be delisted
17:21:37 │ ERROR   │ $ETML.NS: No data found, symbol may be delisted
17:21:37 │ ERROR   │ $EUREKAI.NS: No data found, symbol may be delisted
17:21:38 │ ERROR   │ $EVERFIN.NS: No data found, symbol may be delisted
17:21:38 │ ERROR   │ $EVANS.NS: No data found, symbol may be delisted
17:21:38 │ ERROR   │ 
9 Failed downloads:
17:21:38 │ ERROR   │ ['EUPHORIAIT.NS', 'EVERESTO.NS', 'EVEXIA.NS', 'EUROLED.NS', 'ETL.NS', 'ETML.NS', 'EUREKAI.NS', 'EVERFIN.NS', 'EVANS.NS']: No data found, symbol may be delisted
17:21:44 │ INFO    │    📦 Batch 103/388 — 15 stocks...
17:21:45 │ ERROR   │ $EXIMROUTES.NS: No data found, symbol may be delisted
17:21:45 │ ERROR   │ $EXCELLENT.NS: No data found, symbol may be delisted
17:21:45 │ ERROR   │ $EVOQ.NS: No data found, symbol may be delisted
17:21:46 │ ERROR   │ $EXPLICITFIN.NS: No data found, symbol may be delisted
17:21:46 │ ERROR   │ $EXATO.NS: No data found, symbol may be delisted
17:21:47 │ ERROR   │ $EXPOEAPL.NS: No data found, symbol may be delisted
17:21:47 │ ERROR   │ $EXHICON.NS: No data found, symbol may be delisted
17:21:48 │ ERROR   │ 
7 Failed downloads:
17:21:48 │ ERROR   │ ['EXIMROUTES.NS', 'EXCELLENT.NS', 'EVOQ.NS', 'EXPLICITFIN.NS', 'EXATO.NS', 'EXPOEAPL.NS', 'EXHICON.NS']: No data found, symbol may be delisted
17:21:54 │ INFO    │    📦 Batch 104/388 — 15 stocks...
17:21:54 │ ERROR   │ $FAALCON.NS: No data found, symbol may be delisted
17:21:55 │ ERROR   │ $FACORALL.NS: No data found, symbol may be delisted
17:21:55 │ ERROR   │ $FABCLEAN.NS: No data found, symbol may be delisted
17:21:55 │ ERROR   │ $FABINO.NS: No data found, symbol may be delisted
17:21:56 │ ERROR   │ $EY.NS: No data found, symbol may be delisted
17:21:57 │ ERROR   │ $FAMILYCARE.NS: No data found, symbol may be delisted
17:21:57 │ ERROR   │ 
6 Failed downloads:
17:21:57 │ ERROR   │ ['FAALCON.NS', 'FACORALL.NS', 'FABCLEAN.NS', 'FABINO.NS', 'EY.NS', 'FAMILYCARE.NS']: No data found, symbol may be delisted
17:22:03 │ INFO    │    📦 Batch 105/388 — 15 stocks...
17:22:04 │ ERROR   │ $FGP.NS: No data found, symbol may be delisted
17:22:04 │ ERROR   │ $FIL.NS: No data found, symbol may be delisted
17:22:05 │ ERROR   │ $FERVENTSYN.NS: No data found, symbol may be delisted
17:22:06 │ ERROR   │ 
3 Failed downloads:
17:22:06 │ ERROR   │ ['FGP.NS', 'FIL.NS', 'FERVENTSYN.NS']: No data found, symbol may be delisted
17:22:12 │ INFO    │    📦 Batch 106/388 — 15 stocks...
17:22:13 │ ERROR   │ $FINELINE.NS: No data found, symbol may be delisted
17:22:13 │ ERROR   │ $FIVECORE.NS: No data found, symbol may be delisted
17:22:14 │ ERROR   │ $FILTRA.NS: No data found, symbol may be delisted
17:22:14 │ ERROR   │ $FILME.NS: No data found, symbol may be delisted
17:22:15 │ ERROR   │ $FINBUD.NS: No data found, symbol may be delisted
17:22:16 │ ERROR   │ $FIRSTFIN.NS: No data found, symbol may be delisted
17:22:16 │ ERROR   │ 
6 Failed downloads:
17:22:16 │ ERROR   │ ['FINELINE.NS', 'FIVECORE.NS', 'FILTRA.NS', 'FILME.NS', 'FINBUD.NS', 'FIRSTFIN.NS']: No data found, symbol may be delisted
17:22:22 │ INFO    │    📦 Batch 107/388 — 15 stocks...
17:22:22 │ ERROR   │ $FMEC.NS: No data found, symbol may be delisted
17:22:23 │ ERROR   │ $FLOMIC.NS: No data found, symbol may be delisted
17:22:24 │ ERROR   │ $FLUIDOM.NS: No data found, symbol may be delisted
17:22:24 │ ERROR   │ $FLYSBS.NS: No data found, symbol may be delisted
17:22:24 │ ERROR   │ $FLORACORP.NS: No data found, symbol may be delisted
17:22:25 │ ERROR   │ $FOCE.NS: No data found, symbol may be delisted
17:22:25 │ ERROR   │ $FLEXFO.NS: No data found, symbol may be delisted
17:22:25 │ ERROR   │ 
7 Failed downloads:
17:22:25 │ ERROR   │ ['FMEC.NS', 'FLOMIC.NS', 'FLUIDOM.NS', 'FLYSBS.NS', 'FLORACORP.NS', 'FOCE.NS', 'FLEXFO.NS']: No data found, symbol may be delisted
17:22:32 │ INFO    │    📦 Batch 108/388 — 15 stocks...
17:22:32 │ ERROR   │ $FORINTL.NS: No data found, symbol may be delisted
17:22:33 │ ERROR   │ $FORTISMLR.NS: No data found, symbol may be delisted
17:22:33 │ ERROR   │ $FORCAS.NS: No data found, symbol may be delisted
17:22:33 │ ERROR   │ $FONE4.NS: No data found, symbol may be delisted
17:22:34 │ ERROR   │ $FORBESCO.NS: No data found, symbol may be delisted
17:22:34 │ ERROR   │ $FOSECOC.NS: No data found, symbol may be delisted
17:22:34 │ ERROR   │ $FRANKLIN.NS: No data found, symbol may be delisted
17:22:35 │ ERROR   │ $FORGEAUTO.NS: No data found, symbol may be delisted
17:22:35 │ ERROR   │ 
8 Failed downloads:
17:22:35 │ ERROR   │ ['FORINTL.NS', 'FORTISMLR.NS', 'FORCAS.NS', 'FONE4.NS', 'FORBESCO.NS', 'FOSECOC.NS', 'FRANKLIN.NS', 'FORGEAUTO.NS']: No data found, symbol may be delisted
17:22:41 │ INFO    │    📦 Batch 109/388 — 15 stocks...
17:22:41 │ ERROR   │ $FRANKLININD.NS: No data found, symbol may be delisted
17:22:42 │ ERROR   │ $FRONTFN.NS: No data found, symbol may be delisted
17:22:42 │ ERROR   │ $FRONTCAP.NS: No data found, symbol may be delisted
17:22:43 │ ERROR   │ $FUNDVISER.NS: No data found, symbol may be delisted
17:22:43 │ ERROR   │ $FUSIONPP.NS: No data found, symbol may be delisted
17:22:43 │ ERROR   │ $FRONTCORP.NS: No data found, symbol may be delisted
17:22:44 │ ERROR   │ $FRUTION.NS: No data found, symbol may be delisted
17:22:44 │ ERROR   │ $FTL.NS: No data found, symbol may be delisted
17:22:45 │ ERROR   │ $FRATELLI.NS: No data found, symbol may be delisted
17:22:45 │ ERROR   │ $FRESHARA.NS: No data found, symbol may be delisted
17:22:45 │ ERROR   │ 
10 Failed downloads:
17:22:45 │ ERROR   │ ['FRANKLININD.NS', 'FRONTFN.NS', 'FRONTCAP.NS', 'FUNDVISER.NS', 'FUSIONPP.NS', 'FRONTCORP.NS', 'FRUTION.NS', 'FTL.NS', 'FRATELLI.NS', 'FRESHARA.NS']: No data found, symbol may be delisted
17:22:51 │ INFO    │    📦 Batch 110/388 — 15 stocks...
17:22:51 │ ERROR   │ $FWSTC.NS: No data found, symbol may be delisted
17:22:52 │ ERROR   │ $GALADAFIN.NS: No data found, symbol may be delisted
17:22:52 │ ERROR   │ $FYNX.NS: No data found, symbol may be delisted
17:22:52 │ ERROR   │ $GAJANAND.NS: No data found, symbol may be delisted
17:22:53 │ ERROR   │ $GAJANANSEC.NS: No data found, symbol may be delisted
17:22:53 │ ERROR   │ $GALAGEX.NS: No data found, symbol may be delisted
17:22:53 │ ERROR   │ $FUTSOL.NS: No data found, symbol may be delisted
17:22:54 │ ERROR   │ $GALACTICO.NS: No data found, symbol may be delisted
17:22:54 │ ERROR   │ $FUTURSEC.NS: No data found, symbol may be delisted
17:22:55 │ ERROR   │ $GAGAN.NS: No data found, symbol may be delisted
17:22:55 │ ERROR   │ 
10 Failed downloads:
17:22:55 │ ERROR   │ ['FWSTC.NS', 'GALADAFIN.NS', 'FYNX.NS', 'GAJANAND.NS', 'GAJANANSEC.NS', 'GALAGEX.NS', 'FUTSOL.NS', 'GALACTICO.NS', 'FUTURSEC.NS', 'GAGAN.NS']: No data found, symbol may be delisted
17:23:01 │ INFO    │    📦 Batch 111/388 — 15 stocks...
17:23:01 │ ERROR   │ $GANESHIN.NS: No data found, symbol may be delisted
17:23:02 │ ERROR   │ $GAMCO.NS: No data found, symbol may be delisted
17:23:02 │ ERROR   │ $GALXBRG.NS: No data found, symbol may be delisted
17:23:03 │ ERROR   │ $GALLOPENT.NS: No data found, symbol may be delisted
17:23:04 │ ERROR   │ $GALLARD.NS: No data found, symbol may be delisted
17:23:04 │ ERROR   │ $GANGABATH.NS: No data found, symbol may be delisted
17:23:05 │ ERROR   │ 
6 Failed downloads:
17:23:05 │ ERROR   │ ['GANESHIN.NS', 'GAMCO.NS', 'GALXBRG.NS', 'GALLOPENT.NS', 'GALLARD.NS', 'GANGABATH.NS']: No data found, symbol may be delisted
17:23:11 │ INFO    │    📦 Batch 112/388 — 15 stocks...
17:23:11 │ ERROR   │ $GARMNTMNTR.NS: No data found, symbol may be delisted
17:23:12 │ ERROR   │ $GARBIFIN.NS: No data found, symbol may be delisted
17:23:12 │ ERROR   │ $GARNET.NS: No data found, symbol may be delisted
17:23:13 │ ERROR   │ $GANHOLD.NS: No data found, symbol may be delisted
17:23:13 │ ERROR   │ $GARNETINT.NS: No data found, symbol may be delisted
17:23:14 │ ERROR   │ $GANGAPA.NS: No data found, symbol may be delisted
17:23:14 │ ERROR   │ $GANGAPHARM.NS: No data found, symbol may be delisted
17:23:14 │ ERROR   │ $GANVERSE.NS: No data found, symbol may be delisted
17:23:15 │ ERROR   │ $GARGFUR.NS: No data found, symbol may be delisted
17:23:15 │ ERROR   │ $GARGI.NS: No data found, symbol may be delisted
17:23:15 │ ERROR   │ $GANONPRO.NS: No data found, symbol may be delisted
17:23:15 │ ERROR   │ 
11 Failed downloads:
17:23:15 │ ERROR   │ ['GARMNTMNTR.NS', 'GARBIFIN.NS', 'GARNET.NS', 'GANHOLD.NS', 'GARNETINT.NS', 'GANGAPA.NS', 'GANGAPHARM.NS', 'GANVERSE.NS', 'GARGFUR.NS', 'GARGI.NS', 'GANONPRO.NS']: No data found, symbol may be delisted
17:23:21 │ INFO    │    📦 Batch 113/388 — 15 stocks...
17:23:22 │ ERROR   │ $GARWAMAR.NS: No data found, symbol may be delisted
17:23:22 │ ERROR   │ $GBFL.NS: No data found, symbol may be delisted
17:23:23 │ ERROR   │ $GAYATRIBI.NS: No data found, symbol may be delisted
17:23:23 │ ERROR   │ $GARWAOFFS.NS: No data found, symbol may be delisted
17:23:23 │ ERROR   │ $GAYATRI.NS: No data found, symbol may be delisted
17:23:24 │ ERROR   │ $GBLOGISTIC.NS: No data found, symbol may be delisted
17:23:24 │ ERROR   │ $GBLINFRA.NS: No data found, symbol may be delisted
17:23:25 │ ERROR   │ $GARWSYN.NS: No data found, symbol may be delisted
17:23:25 │ ERROR   │ $GCHOTELS.NS: No data found, symbol may be delisted
17:23:25 │ ERROR   │ 
9 Failed downloads:
17:23:25 │ ERROR   │ ['GARWAMAR.NS', 'GBFL.NS', 'GAYATRIBI.NS', 'GARWAOFFS.NS', 'GAYATRI.NS', 'GBLOGISTIC.NS', 'GBLINFRA.NS', 'GARWSYN.NS', 'GCHOTELS.NS']: No data found, symbol may be delisted
17:23:31 │ INFO    │    📦 Batch 114/388 — 15 stocks...
17:23:32 │ ERROR   │ $GCMCOMM.NS: No data found, symbol may be delisted
17:23:32 │ ERROR   │ $GEL.NS: No data found, symbol may be delisted
17:23:33 │ ERROR   │ $GDLLEAS.NS: No data found, symbol may be delisted
17:23:33 │ ERROR   │ $GCONNECT.NS: No data found, symbol may be delisted
17:23:33 │ ERROR   │ $GEE.NS: No data found, symbol may be delisted
17:23:34 │ ERROR   │ $GCMSECU.NS: No data found, symbol may be delisted
17:23:34 │ ERROR   │ $GEMENVIRO.NS: No data found, symbol may be delisted
17:23:34 │ ERROR   │ $GEMSI.NS: No data found, symbol may be delisted
17:23:35 │ ERROR   │ $GCMCAPI.NS: No data found, symbol may be delisted
17:23:35 │ ERROR   │ $GEMSPIN.NS: No data found, symbol may be delisted
17:23:35 │ ERROR   │ $GDIL.NS: No data found, symbol may be delisted
17:23:36 │ ERROR   │ 
11 Failed downloads:
17:23:36 │ ERROR   │ ['GCMCOMM.NS', 'GEL.NS', 'GDLLEAS.NS', 'GCONNECT.NS', 'GEE.NS', 'GCMSECU.NS', 'GEMENVIRO.NS', 'GEMSI.NS', 'GCMCAPI.NS', 'GEMSPIN.NS', 'GDIL.NS']: No data found, symbol may be delisted
17:23:42 │ INFO    │    📦 Batch 115/388 — 15 stocks...
17:23:42 │ ERROR   │ $GENUSPRIME.NS: No data found, symbol may be delisted
17:23:42 │ ERROR   │ $GENNEX.NS: No data found, symbol may be delisted
17:23:43 │ ERROR   │ $GENPHARMA.NS: No data found, symbol may be delisted
17:23:43 │ ERROR   │ $GETALONG.NS: No data found, symbol may be delisted
17:23:44 │ ERROR   │ $GGAUTO.NS: No data found, symbol may be delisted
17:23:45 │ ERROR   │ 
5 Failed downloads:
17:23:45 │ ERROR   │ ['GENUSPRIME.NS', 'GENNEX.NS', 'GENPHARMA.NS', 'GETALONG.NS', 'GGAUTO.NS']: No data found, symbol may be delisted
17:23:51 │ INFO    │    📦 Batch 116/388 — 15 stocks...
17:23:51 │ ERROR   │ $GGENG.NS: No data found, symbol may be delisted
17:23:51 │ ERROR   │ $GHVINFRA.NS: No data found, symbol may be delisted
17:23:52 │ ERROR   │ $GHUSHINE.NS: No data found, symbol may be delisted
17:23:52 │ ERROR   │ $GIANLIFE.NS: No data found, symbol may be delisted
17:23:53 │ ERROR   │ $GGPL.NS: No data found, symbol may be delisted
17:23:53 │ ERROR   │ $GILADAFINS.NS: No data found, symbol may be delisted
17:23:53 │ ERROR   │ $GGDPROP.NS: No data found, symbol may be delisted
17:23:54 │ ERROR   │ $GGL.NS: No data found, symbol may be delisted
17:23:54 │ ERROR   │ 
8 Failed downloads:
17:23:54 │ ERROR   │ ['GGENG.NS', 'GHVINFRA.NS', 'GHUSHINE.NS', 'GIANLIFE.NS', 'GGPL.NS', 'GILADAFINS.NS', 'GGDPROP.NS', 'GGL.NS']: No data found, symbol may be delisted
17:24:00 │ INFO    │    📦 Batch 117/388 — 15 stocks...
17:24:01 │ ERROR   │ $GKCONS.NS: No data found, symbol may be delisted
17:24:01 │ ERROR   │ $GKL.NS: No data found, symbol may be delisted
17:24:02 │ ERROR   │ $GINISILK.NS: No data found, symbol may be delisted
17:24:02 │ ERROR   │ $GKP.NS: No data found, symbol may be delisted
17:24:03 │ ERROR   │ $GJL.NS: No data found, symbol may be delisted
17:24:03 │ ERROR   │ $GITARENEW.NS: No data found, symbol may be delisted
17:24:04 │ ERROR   │ 
6 Failed downloads:
17:24:04 │ ERROR   │ ['GKCONS.NS', 'GKL.NS', 'GINISILK.NS', 'GKP.NS', 'GJL.NS', 'GITARENEW.NS']: No data found, symbol may be delisted
17:24:10 │ INFO    │    📦 Batch 118/388 — 15 stocks...
17:24:11 │ ERROR   │ $GLOBALCA.NS: No data found, symbol may be delisted
17:24:11 │ ERROR   │ $GLEAM.NS: No data found, symbol may be delisted
17:24:12 │ ERROR   │ $GLITTEKG.NS: No data found, symbol may be delisted
17:24:12 │ ERROR   │ $GLANCE.NS: No data found, symbol may be delisted
17:24:13 │ ERROR   │ $GLEN.NS: No data found, symbol may be delisted
17:24:13 │ ERROR   │ $GLHRL.NS: No data found, symbol may be delisted
17:24:13 │ ERROR   │ $GLCL.NS: No data found, symbol may be delisted
17:24:13 │ ERROR   │ 
7 Failed downloads:
17:24:13 │ ERROR   │ ['GLOBALCA.NS', 'GLEAM.NS', 'GLITTEKG.NS', 'GLANCE.NS', 'GLEN.NS', 'GLHRL.NS', 'GLCL.NS']: No data found, symbol may be delisted
17:24:20 │ INFO    │    📦 Batch 119/388 — 15 stocks...
17:24:21 │ ERROR   │ $GLOBALLOG.NS: No data found, symbol may be delisted
17:24:22 │ ERROR   │ $GML.NS: No data found, symbol may be delisted
17:24:22 │ ERROR   │ $GLOBTIER.NS: No data found, symbol may be delisted
17:24:23 │ ERROR   │ $GLOBUSCON.NS: No data found, symbol may be delisted
17:24:23 │ ERROR   │ $GMPL.NS: No data found, symbol may be delisted
17:24:23 │ ERROR   │ 
5 Failed downloads:
17:24:23 │ ERROR   │ ['GLOBALLOG.NS', 'GML.NS', 'GLOBTIER.NS', 'GLOBUSCON.NS', 'GMPL.NS']: No data found, symbol may be delisted
17:24:30 │ INFO    │    📦 Batch 120/388 — 15 stocks...
17:24:32 │ ERROR   │ $GOBLIN.NS: No data found, symbol may be delisted
17:24:32 │ ERROR   │ $GODAVARI.NS: No data found, symbol may be delisted
17:24:32 │ ERROR   │ 
2 Failed downloads:
17:24:32 │ ERROR   │ ['GOBLIN.NS', 'GODAVARI.NS']: No data found, symbol may be delisted
17:24:38 │ INFO    │    📦 Batch 121/388 — 15 stocks...
17:24:39 │ ERROR   │ $GOLCA.NS: No data found, symbol may be delisted
17:24:40 │ ERROR   │ $GOEL.NS: No data found, symbol may be delisted
17:24:40 │ ERROR   │ $GOELCONS.NS: No data found, symbol may be delisted
17:24:41 │ ERROR   │ $GOGIACAPGL.NS: No data found, symbol may be delisted
17:24:41 │ ERROR   │ $GOKAKTEX.NS: No data found, symbol may be delisted
17:24:42 │ ERROR   │ 
5 Failed downloads:
17:24:42 │ ERROR   │ ['GOLCA.NS', 'GOEL.NS', 'GOELCONS.NS', 'GOGIACAPGL.NS', 'GOKAKTEX.NS']: No data found, symbol may be delisted
17:24:48 │ INFO    │    📦 Batch 122/388 — 15 stocks...
17:24:48 │ ERROR   │ $GOLDENCREST.NS: No data found, symbol may be delisted
17:24:49 │ ERROR   │ $GOLECHA.NS: No data found, symbol may be delisted
17:24:50 │ ERROR   │ $GOLDLEG.NS: No data found, symbol may be delisted
17:24:50 │ ERROR   │ $GOLKUNDIA.NS: No data found, symbol may be delisted
17:24:50 │ ERROR   │ 
4 Failed downloads:
17:24:50 │ ERROR   │ ['GOLDENCREST.NS', 'GOLECHA.NS', 'GOLDLEG.NS', 'GOLKUNDIA.NS']: No data found, symbol may be delisted
17:24:56 │ INFO    │    📦 Batch 123/388 — 15 stocks...
17:24:57 │ ERROR   │ $GOWRALE.NS: No data found, symbol may be delisted
17:24:57 │ ERROR   │ $GOYALASS.NS: No data found, symbol may be delisted
17:24:58 │ ERROR   │ $GOPAIST.NS: No data found, symbol may be delisted
17:24:58 │ ERROR   │ $GOURMET.NS: No data found, symbol may be delisted
17:24:59 │ ERROR   │ $GPAPL.NS: No data found, symbol may be delisted
17:24:59 │ ERROR   │ $GOODRICKE.NS: No data found, symbol may be delisted
17:25:00 │ ERROR   │ $GORANIN.NS: No data found, symbol may be delisted
17:25:00 │ ERROR   │ $GOTHIPL.NS: No data found, symbol may be delisted
17:25:00 │ ERROR   │ 
8 Failed downloads:
17:25:00 │ ERROR   │ ['GOWRALE.NS', 'GOYALASS.NS', 'GOPAIST.NS', 'GOURMET.NS', 'GPAPL.NS', 'GOODRICKE.NS', 'GORANIN.NS', 'GOTHIPL.NS']: No data found, symbol may be delisted
17:25:06 │ INFO    │    📦 Batch 124/388 — 15 stocks...
17:25:07 │ ERROR   │ $GRAVITY.NS: No data found, symbol may be delisted
17:25:07 │ ERROR   │ $GPSL.NS: No data found, symbol may be delisted
17:25:08 │ ERROR   │ $GRANDMA.NS: No data found, symbol may be delisted
17:25:08 │ ERROR   │ $GRAMEVA.NS: No data found, symbol may be delisted
17:25:08 │ ERROR   │ $GRATEXI.NS: No data found, symbol may be delisted
17:25:09 │ ERROR   │ 
5 Failed downloads:
17:25:09 │ ERROR   │ ['GRAVITY.NS', 'GPSL.NS', 'GRANDMA.NS', 'GRAMEVA.NS', 'GRATEXI.NS']: No data found, symbol may be delisted
17:25:15 │ INFO    │    📦 Batch 125/388 — 15 stocks...
17:25:17 │ ERROR   │ $GROARC.NS: No data found, symbol may be delisted
17:25:17 │ ERROR   │ $GRERENEW.NS: No data found, symbol may be delisted
17:25:18 │ ERROR   │ $GREENLEAF.NS: No data found, symbol may be delisted
17:25:19 │ ERROR   │ $GREENCREST.NS: No data found, symbol may be delisted
17:25:19 │ ERROR   │ 
4 Failed downloads:
17:25:19 │ ERROR   │ ['GROARC.NS', 'GRERENEW.NS', 'GREENLEAF.NS', 'GREENCREST.NS']: No data found, symbol may be delisted
17:25:25 │ INFO    │    📦 Batch 126/388 — 15 stocks...
17:25:27 │ ERROR   │ $GROWINGTON.NS: No data found, symbol may be delisted
17:25:28 │ ERROR   │ $GROVY.NS: No data found, symbol may be delisted
17:25:29 │ ERROR   │ 
2 Failed downloads:
17:25:29 │ ERROR   │ ['GROWINGTON.NS', 'GROVY.NS']: No data found, symbol may be delisted
17:25:35 │ INFO    │    📦 Batch 127/388 — 15 stocks...
17:25:36 │ ERROR   │ $GSAUTO.NS: No data found, symbol may be delisted
17:25:37 │ ERROR   │ 
1 Failed download:
17:25:37 │ ERROR   │ ['GSAUTO.NS']: No data found, symbol may be delisted
17:25:43 │ INFO    │    📦 Batch 128/388 — 15 stocks...
17:25:44 │ ERROR   │ $GSBFIN.NS: No data found, symbol may be delisted
17:25:44 │ ERROR   │ $GSLSEC.NS: No data found, symbol may be delisted
17:25:45 │ ERROR   │ $GSL.NS: No data found, symbol may be delisted
17:25:45 │ ERROR   │ $GSLTD.NS: No data found, symbol may be delisted
17:25:46 │ ERROR   │ 
4 Failed downloads:
17:25:46 │ ERROR   │ ['GSBFIN.NS', 'GSLSEC.NS', 'GSL.NS', 'GSLTD.NS']: No data found, symbol may be delisted
17:25:52 │ INFO    │    📦 Batch 129/388 — 15 stocks...
17:25:52 │ ERROR   │ $GTIL.NS: No data found, symbol may be delisted
17:25:53 │ ERROR   │ $GTTDATA.NS: No data found, symbol may be delisted
17:25:53 │ ERROR   │ $GUJARATPOLY.NS: No data found, symbol may be delisted
17:25:53 │ ERROR   │ $GUJCONT.NS: No data found, symbol may be delisted
17:25:54 │ ERROR   │ $GTNTEX.NS: No data found, symbol may be delisted
17:25:54 │ ERROR   │ $GUJCOTEX.NS: No data found, symbol may be delisted
17:25:55 │ ERROR   │ $GTNINDS.NS: No data found, symbol may be delisted
17:25:55 │ ERROR   │ $GTV.NS: No data found, symbol may be delisted
17:25:55 │ ERROR   │ 
8 Failed downloads:
17:25:55 │ ERROR   │ ['GTIL.NS', 'GTTDATA.NS', 'GUJARATPOLY.NS', 'GUJCONT.NS', 'GTNTEX.NS', 'GUJCOTEX.NS', 'GTNINDS.NS', 'GTV.NS']: No data found, symbol may be delisted
17:26:01 │ INFO    │    📦 Batch 130/388 — 15 stocks...
17:26:02 │ ERROR   │ $GUJHYSPIN.NS: No data found, symbol may be delisted
17:26:02 │ ERROR   │ $GUJINJEC.NS: No data found, symbol may be delisted
17:26:02 │ ERROR   │ $GUJTLRM.NS: No data found, symbol may be delisted
17:26:03 │ ERROR   │ $GUJPETR.NS: No data found, symbol may be delisted
17:26:03 │ ERROR   │ $GUJSTATFIN.NS: No data found, symbol may be delisted
17:26:04 │ ERROR   │ $GUJHOTE.NS: No data found, symbol may be delisted
17:26:04 │ ERROR   │ $GUJTERC.NS: No data found, symbol may be delisted
17:26:04 │ ERROR   │ $GUJINV.NS: No data found, symbol may be delisted
17:26:05 │ ERROR   │ $GUJCRAFT.NS: No data found, symbol may be delisted
17:26:05 │ ERROR   │ $GUJGASLTD.NS: No data found, symbol may be delisted
17:26:06 │ ERROR   │ $GUJINTRX.NS: No data found, symbol may be delisted
17:26:06 │ ERROR   │ $GUJCRED.NS: No data found, symbol may be delisted
17:26:06 │ ERROR   │ 
12 Failed downloads:
17:26:06 │ ERROR   │ ['GUJHYSPIN.NS', 'GUJINJEC.NS', 'GUJTLRM.NS', 'GUJPETR.NS', 'GUJSTATFIN.NS', 'GUJHOTE.NS', 'GUJTERC.NS', 'GUJINV.NS', 'GUJCRAFT.NS', 'GUJGASLTD.NS', 'GUJINTRX.NS', 'GUJCRED.NS']: No data found, symbol may be delisted
17:26:12 │ INFO    │    📦 Batch 131/388 — 15 stocks...
17:26:12 │ ERROR   │ $GVL.NS: No data found, symbol may be delisted
17:26:13 │ ERROR   │ $GUJWIND.NS: No data found, symbol may be delisted
17:26:13 │ ERROR   │ $GURUNANAK.NS: No data found, symbol may be delisted
17:26:14 │ ERROR   │ $GVPTECHPP.NS: No data found, symbol may be delisted
17:26:15 │ ERROR   │ $GYANDEV.NS: No data found, symbol may be delisted
17:26:16 │ ERROR   │ $GVBL.NS: No data found, symbol may be delisted
17:26:16 │ ERROR   │ 
6 Failed downloads:
17:26:16 │ ERROR   │ ['GVL.NS', 'GUJWIND.NS', 'GURUNANAK.NS', 'GVPTECHPP.NS', 'GYANDEV.NS', 'GVBL.NS']: No data found, symbol may be delisted
17:26:22 │ INFO    │    📦 Batch 132/388 — 15 stocks...
17:26:23 │ ERROR   │ $HAMPS.NS: No data found, symbol may be delisted
17:26:23 │ ERROR   │ $HARAFIN.NS: No data found, symbol may be delisted
17:26:24 │ ERROR   │ $HANSUGAR.NS: No data found, symbol may be delisted
17:26:24 │ ERROR   │ $HANNAH.NS: No data found, symbol may be delisted
17:26:25 │ ERROR   │ $HARIAEXPO.NS: No data found, symbol may be delisted
17:26:25 │ ERROR   │ $HARIAAPL.NS: No data found, symbol may be delisted
17:26:25 │ ERROR   │ $HANMAN.NS: No data found, symbol may be delisted
17:26:26 │ ERROR   │ $HARDCAS.NS: No data found, symbol may be delisted
17:26:26 │ ERROR   │ 
8 Failed downloads:
17:26:26 │ ERROR   │ ['HAMPS.NS', 'HARAFIN.NS', 'HANSUGAR.NS', 'HANNAH.NS', 'HARIAEXPO.NS', 'HARIAAPL.NS', 'HANMAN.NS', 'HARDCAS.NS']: No data found, symbol may be delisted
17:26:32 │ INFO    │    📦 Batch 133/388 — 15 stocks...
17:26:33 │ ERROR   │ $HASTIFIN.NS: No data found, symbol may be delisted
17:26:33 │ ERROR   │ $HASJUICE.NS: No data found, symbol may be delisted
17:26:34 │ ERROR   │ $HARLETH.NS: No data found, symbol may be delisted
17:26:34 │ ERROR   │ $HARSHILAGR.NS: No data found, symbol may be delisted
17:26:35 │ ERROR   │ $HARYNACAP.NS: No data found, symbol may be delisted
17:26:35 │ ERROR   │ $HARISH.NS: No data found, symbol may be delisted
17:26:36 │ ERROR   │ $HATHWAYB.NS: No data found, symbol may be delisted
17:26:36 │ ERROR   │ $HARSHDEEP.NS: No data found, symbol may be delisted
17:26:36 │ ERROR   │ 
8 Failed downloads:
17:26:36 │ ERROR   │ ['HASTIFIN.NS', 'HASJUICE.NS', 'HARLETH.NS', 'HARSHILAGR.NS', 'HARYNACAP.NS', 'HARISH.NS', 'HATHWAYB.NS', 'HARSHDEEP.NS']: No data found, symbol may be delisted
17:26:42 │ INFO    │    📦 Batch 134/388 — 15 stocks...
17:26:42 │ ERROR   │ $HBLEAS.NS: No data found, symbol may be delisted
17:26:43 │ ERROR   │ $HCLTD.NS: No data found, symbol may be delisted
17:26:43 │ ERROR   │ $HCKKVENTURE.NS: No data found, symbol may be delisted
17:26:44 │ ERROR   │ $HBEL.NS: No data found, symbol may be delisted
17:26:45 │ ERROR   │ $HBGHOTELS.NS: No data found, symbol may be delisted
17:26:45 │ ERROR   │ $HAWAENG.NS: No data found, symbol may be delisted
17:26:45 │ ERROR   │ 
6 Failed downloads:
17:26:45 │ ERROR   │ ['HBLEAS.NS', 'HCLTD.NS', 'HCKKVENTURE.NS', 'HBEL.NS', 'HBGHOTELS.NS', 'HAWAENG.NS']: No data found, symbol may be delisted
17:26:51 │ INFO    │    📦 Batch 135/388 — 15 stocks...
17:26:59 │ INFO    │    📦 Batch 136/388 — 15 stocks...
17:27:02 │ ERROR   │ $HEALINV.NS: No data found, symbol may be delisted
17:27:02 │ ERROR   │ 
1 Failed download:
17:27:02 │ ERROR   │ ['HEALINV.NS']: No data found, symbol may be delisted
17:27:08 │ INFO    │    📦 Batch 137/388 — 15 stocks...
17:27:08 │ ERROR   │ $HEMANG.NS: No data found, symbol may be delisted
17:27:09 │ ERROR   │ $HEALTHYLIFE.NS: No data found, symbol may be delisted
17:27:09 │ ERROR   │ $HELLOJI.NS: No data found, symbol may be delisted
17:27:10 │ ERROR   │ $HELPAGE.NS: No data found, symbol may be delisted
17:27:11 │ ERROR   │ $HEERAISP.NS: No data found, symbol may be delisted
17:27:11 │ ERROR   │ $HEMORGANIC.NS: No data found, symbol may be delisted
17:27:11 │ ERROR   │ 
6 Failed downloads:
17:27:11 │ ERROR   │ ['HEMANG.NS', 'HEALTHYLIFE.NS', 'HELLOJI.NS', 'HELPAGE.NS', 'HEERAISP.NS', 'HEMORGANIC.NS']: No data found, symbol may be delisted
17:27:17 │ INFO    │    📦 Batch 138/388 — 15 stocks...
17:27:18 │ ERROR   │ $HFIL.NS: No data found, symbol may be delisted
17:27:19 │ ERROR   │ $HIIL.NS: No data found, symbol may be delisted
17:27:19 │ ERROR   │ $HIGHNESS.NS: No data found, symbol may be delisted
17:27:20 │ ERROR   │ $HIGHENE.NS: No data found, symbol may be delisted
17:27:20 │ ERROR   │ 
4 Failed downloads:
17:27:20 │ ERROR   │ ['HFIL.NS', 'HIIL.NS', 'HIGHNESS.NS', 'HIGHENE.NS']: No data found, symbol may be delisted
17:27:27 │ INFO    │    📦 Batch 139/388 — 15 stocks...
17:27:27 │ ERROR   │ $HIMTEK.NS: No data found, symbol may be delisted
17:27:28 │ ERROR   │ $HILLTONE.NS: No data found, symbol may be delisted
17:27:28 │ ERROR   │ $HILIKS.NS: No data found, symbol may be delisted
17:27:29 │ ERROR   │ $HINDAPL.NS: No data found, symbol may be delisted
17:27:29 │ ERROR   │ $HIKLASS.NS: No data found, symbol may be delisted
17:27:30 │ ERROR   │ $HINDBIO.NS: No data found, symbol may be delisted
17:27:31 │ ERROR   │ 
6 Failed downloads:
17:27:31 │ ERROR   │ ['HIMTEK.NS', 'HILLTONE.NS', 'HILIKS.NS', 'HINDAPL.NS', 'HIKLASS.NS', 'HINDBIO.NS']: No data found, symbol may be delisted
17:27:37 │ INFO    │    📦 Batch 140/388 — 15 stocks...
17:27:37 │ ERROR   │ $HIRAUTO.NS: No data found, symbol may be delisted
17:27:37 │ ERROR   │ $HIPOLIN.NS: No data found, symbol may be delisted
17:27:38 │ ERROR   │ $HINDMILL.NS: No data found, symbol may be delisted
17:27:38 │ ERROR   │ $HINDTIN.NS: No data found, symbol may be delisted
17:27:39 │ ERROR   │ $HINDUST.NS: No data found, symbol may be delisted
17:27:39 │ ERROR   │ $HINDMOTORS.NS: possibly delisted; no price data found  (period=5y)
17:27:40 │ ERROR   │ $HINDHARD.NS: No data found, symbol may be delisted
17:27:40 │ ERROR   │ 
7 Failed downloads:
17:27:40 │ ERROR   │ ['HIRAUTO.NS', 'HIPOLIN.NS', 'HINDMILL.NS', 'HINDTIN.NS', 'HINDUST.NS', 'HINDHARD.NS']: No data found, symbol may be delisted
17:27:40 │ ERROR   │ ['HINDMOTORS.NS']: possibly delisted; no price data found  (period=5y)
17:27:46 │ INFO    │    📦 Batch 141/388 — 15 stocks...
17:27:47 │ ERROR   │ $HITTCO.NS: No data found, symbol may be delisted
17:27:47 │ ERROR   │ $HITKITGLO.NS: No data found, symbol may be delisted
17:27:49 │ ERROR   │ $HISARSP.NS: No data found, symbol may be delisted
17:27:49 │ ERROR   │ $HMEML.NS: No data found, symbol may be delisted
17:27:49 │ ERROR   │ 
4 Failed downloads:
17:27:49 │ ERROR   │ ['HITTCO.NS', 'HITKITGLO.NS', 'HISARSP.NS', 'HMEML.NS']: No data found, symbol may be delisted
17:27:56 │ INFO    │    📦 Batch 142/388 — 15 stocks...
17:27:57 │ ERROR   │ $HPCOTTON.NS: No data found, symbol may be delisted
17:27:58 │ ERROR   │ $HOM.NS: No data found, symbol may be delisted
17:27:58 │ ERROR   │ $HPBL.NS: No data found, symbol may be delisted
17:27:58 │ ERROR   │ $HOCL.NS: No data found, symbol may be delisted
17:27:59 │ ERROR   │ $HOWARHO.NS: No data found, symbol may be delisted
17:27:59 │ ERROR   │ $HOTLSILV.NS: No data found, symbol may be delisted
17:27:59 │ ERROR   │ 
6 Failed downloads:
17:27:59 │ ERROR   │ ['HPCOTTON.NS', 'HOM.NS', 'HPBL.NS', 'HOCL.NS', 'HOWARHO.NS', 'HOTLSILV.NS']: No data found, symbol may be delisted
17:28:05 │ INFO    │    📦 Batch 143/388 — 15 stocks...
17:28:06 │ ERROR   │ $HVL.NS: No data found, symbol may be delisted
17:28:07 │ ERROR   │ $HRS.NS: No data found, symbol may be delisted
17:28:08 │ ERROR   │ $HPTL.NS: No data found, symbol may be delisted
17:28:08 │ ERROR   │ $HSIL.NS: No data found, symbol may be delisted
17:28:09 │ ERROR   │ $HVAX.NS: No data found, symbol may be delisted
17:28:09 │ ERROR   │ 
5 Failed downloads:
17:28:09 │ ERROR   │ ['HVL.NS', 'HRS.NS', 'HPTL.NS', 'HSIL.NS', 'HVAX.NS']: No data found, symbol may be delisted
17:28:15 │ INFO    │    📦 Batch 144/388 — 15 stocks...
17:28:15 │ ERROR   │ $HYPERSOFT.NS: No data found, symbol may be delisted
17:28:16 │ ERROR   │ $ICL.NS: No data found, symbol may be delisted
17:28:17 │ ERROR   │ $IBINFO.NS: No data found, symbol may be delisted
17:28:18 │ ERROR   │ 
3 Failed downloads:
17:28:18 │ ERROR   │ ['HYPERSOFT.NS', 'ICL.NS', 'IBINFO.NS']: No data found, symbol may be delisted
17:28:24 │ INFO    │    📦 Batch 145/388 — 15 stocks...
17:28:24 │ ERROR   │ $IDENTICAL.NS: No data found, symbol may be delisted
17:28:24 │ ERROR   │ $IDFSENSEXE.NS: No data found, symbol may be delisted
17:28:25 │ ERROR   │ $ICODEX.NS: No data found, symbol may be delisted
17:28:25 │ ERROR   │ $IDENTIXWEB.NS: No data found, symbol may be delisted
17:28:26 │ ERROR   │ $ICSL.NS: No data found, symbol may be delisted
17:28:26 │ ERROR   │ $IDEALTECHO.NS: No data found, symbol may be delisted
17:28:27 │ ERROR   │ $IECEDU.NS: No data found, symbol may be delisted
17:28:27 │ ERROR   │ $ICON.NS: No data found, symbol may be delisted
17:28:27 │ ERROR   │ $ICONIKSPEV.NS: No data found, symbol may be delisted
17:28:28 │ ERROR   │ 
9 Failed downloads:
17:28:28 │ ERROR   │ ['IDENTICAL.NS', 'IDFSENSEXE.NS', 'ICODEX.NS', 'IDENTIXWEB.NS', 'ICSL.NS', 'IDEALTECHO.NS', 'IECEDU.NS', 'ICON.NS', 'ICONIKSPEV.NS']: No data found, symbol may be delisted
17:28:34 │ INFO    │    📦 Batch 146/388 — 15 stocks...
17:28:34 │ ERROR   │ $IFL.NS: No data found, symbol may be delisted
17:28:35 │ ERROR   │ $IGCIL.NS: No data found, symbol may be delisted
17:28:36 │ ERROR   │ $IFINSEC.NS: No data found, symbol may be delisted
17:28:36 │ ERROR   │ $IFINSER.NS: No data found, symbol may be delisted
17:28:36 │ ERROR   │ $IGLFXPL-B.NS: No data found, symbol may be delisted
17:28:37 │ ERROR   │ 
5 Failed downloads:
17:28:37 │ ERROR   │ ['IFL.NS', 'IGCIL.NS', 'IFINSEC.NS', 'IFINSER.NS', 'IGLFXPL-B.NS']: No data found, symbol may be delisted
17:28:43 │ INFO    │    📦 Batch 147/388 — 15 stocks...
17:28:43 │ ERROR   │ $IMEC.NS: No data found, symbol may be delisted
17:28:44 │ ERROR   │ $IITLPROJ.NS: No data found, symbol may be delisted
17:28:45 │ ERROR   │ $IKOMA.NS: No data found, symbol may be delisted
17:28:45 │ ERROR   │ $IISL.NS: No data found, symbol may be delisted
17:28:46 │ ERROR   │ $IIRM.NS: No data found, symbol may be delisted
17:28:46 │ ERROR   │ 
5 Failed downloads:
17:28:46 │ ERROR   │ ['IMEC.NS', 'IITLPROJ.NS', 'IKOMA.NS', 'IISL.NS', 'IIRM.NS']: No data found, symbol may be delisted
17:28:52 │ INFO    │    📦 Batch 148/388 — 15 stocks...
17:28:53 │ ERROR   │ $INDBNK.NS: No data found, symbol may be delisted
17:28:53 │ ERROR   │ $INDCEMCAP.NS: No data found, symbol may be delisted
17:28:53 │ ERROR   │ $INDAGIV.NS: No data found, symbol may be delisted
17:28:54 │ ERROR   │ $INCAP.NS: No data found, symbol may be delisted
17:28:54 │ ERROR   │ $INDCTST.NS: No data found, symbol may be delisted
17:28:54 │ ERROR   │ $INANI.NS: No data found, symbol may be delisted
17:28:55 │ ERROR   │ $INDAG.NS: No data found, symbol may be delisted
17:28:55 │ ERROR   │ $INDERGR.NS: No data found, symbol may be delisted
17:28:56 │ ERROR   │ $INANISEC.NS: No data found, symbol may be delisted
17:28:56 │ ERROR   │ $INCON.NS: No data found, symbol may be delisted
17:28:56 │ ERROR   │ 
10 Failed downloads:
17:28:56 │ ERROR   │ ['INDBNK.NS', 'INDCEMCAP.NS', 'INDAGIV.NS', 'INCAP.NS', 'INDCTST.NS', 'INANI.NS', 'INDAG.NS', 'INDERGR.NS', 'INANISEC.NS', 'INCON.NS']: No data found, symbol may be delisted
17:29:02 │ INFO    │    📦 Batch 149/388 — 15 stocks...
17:29:03 │ ERROR   │ $INDIAHOME.NS: No data found, symbol may be delisted
17:29:03 │ ERROR   │ $INDIANACRY.NS: No data found, symbol may be delisted
17:29:04 │ ERROR   │ $INDGELA.NS: No data found, symbol may be delisted
17:29:05 │ ERROR   │ $INDIANVSH.NS: No data found, symbol may be delisted
17:29:05 │ ERROR   │ $INDIAHOMES.NS: No data found, symbol may be delisted
17:29:06 │ ERROR   │ 
5 Failed downloads:
17:29:06 │ ERROR   │ ['INDIAHOME.NS', 'INDIANACRY.NS', 'INDGELA.NS', 'INDIANVSH.NS', 'INDIAHOMES.NS']: No data found, symbol may be delisted
17:29:12 │ INFO    │    📦 Batch 150/388 — 15 stocks...
17:29:12 │ ERROR   │ $INDINFO.NS: No data found, symbol may be delisted
17:29:13 │ ERROR   │ $INDOBELL.NS: No data found, symbol may be delisted
17:29:14 │ ERROR   │ $INDOCRED.NS: No data found, symbol may be delisted
17:29:14 │ ERROR   │ $INDOEURO.NS: No data found, symbol may be delisted
17:29:14 │ ERROR   │ $INDLEASE.NS: No data found, symbol may be delisted
17:29:15 │ ERROR   │ $INDOCITY.NS: No data found, symbol may be delisted
17:29:16 │ ERROR   │ 
6 Failed downloads:
17:29:16 │ ERROR   │ ['INDINFO.NS', 'INDOBELL.NS', 'INDOCRED.NS', 'INDOEURO.NS', 'INDLEASE.NS', 'INDOCITY.NS']: No data found, symbol may be delisted
17:29:22 │ INFO    │    📦 Batch 151/388 — 15 stocks...
17:29:22 │ ERROR   │ $INDRANIB.NS: No data found, symbol may be delisted
17:29:23 │ ERROR   │ $INDRENEW.NS: No data found, symbol may be delisted
17:29:24 │ ERROR   │ $INDONG.NS: No data found, symbol may be delisted
17:29:24 │ ERROR   │ $INDOSMC.NS: No data found, symbol may be delisted
17:29:25 │ ERROR   │ 
4 Failed downloads:
17:29:25 │ ERROR   │ ['INDRANIB.NS', 'INDRENEW.NS', 'INDONG.NS', 'INDOSMC.NS']: No data found, symbol may be delisted
17:29:31 │ INFO    │    📦 Batch 152/388 — 15 stocks...
17:29:31 │ ERROR   │ $INFINITY.NS: No data found, symbol may be delisted
17:29:32 │ ERROR   │ $INDSUCR.NS: No data found, symbol may be delisted
17:29:32 │ ERROR   │ $INFLAME.NS: No data found, symbol may be delisted
17:29:32 │ ERROR   │ $INDUSINVIT.NS: No data found, symbol may be delisted
17:29:33 │ ERROR   │ $INDSOYA.NS: No data found, symbol may be delisted
17:29:34 │ ERROR   │ $INDSILHYD.NS: No data found, symbol may be delisted
17:29:34 │ ERROR   │ $INDTONER.NS: No data found, symbol may be delisted
17:29:35 │ ERROR   │ $INDXTRA.NS: No data found, symbol may be delisted
17:29:35 │ ERROR   │ $INFLUX.NS: No data found, symbol may be delisted
17:29:36 │ ERROR   │ $INDUSFINL.NS: No data found, symbol may be delisted
17:29:36 │ ERROR   │ 
10 Failed downloads:
17:29:36 │ ERROR   │ ['INFINITY.NS', 'INDSUCR.NS', 'INFLAME.NS', 'INDUSINVIT.NS', 'INDSOYA.NS', 'INDSILHYD.NS', 'INDTONER.NS', 'INDXTRA.NS', 'INFLUX.NS', 'INDUSFINL.NS']: No data found, symbol may be delisted
17:29:42 │ INFO    │    📦 Batch 153/388 — 15 stocks...
17:29:43 │ ERROR   │ $INLANPR.NS: No data found, symbol may be delisted
17:29:43 │ ERROR   │ $INNOKAIZ.NS: No data found, symbol may be delisted
17:29:44 │ ERROR   │ $INFRONICS.NS: No data found, symbol may be delisted
17:29:44 │ ERROR   │ $INLCM.NS: No data found, symbol may be delisted
17:29:45 │ ERROR   │ $INFONATIVE.NS: No data found, symbol may be delisted
17:29:45 │ ERROR   │ $INFORTEC.NS: No data found, symbol may be delisted
17:29:46 │ ERROR   │ 
6 Failed downloads:
17:29:46 │ ERROR   │ ['INLANPR.NS', 'INNOKAIZ.NS', 'INFRONICS.NS', 'INLCM.NS', 'INFONATIVE.NS', 'INFORTEC.NS']: No data found, symbol may be delisted
17:29:52 │ INFO    │    📦 Batch 154/388 — 15 stocks...
17:29:53 │ ERROR   │ $INNOVATIVE.NS: No data found, symbol may be delisted
17:29:53 │ ERROR   │ $INTCAPL.NS: No data found, symbol may be delisted
17:29:53 │ ERROR   │ $INNOVATORS.NS: No data found, symbol may be delisted
17:29:54 │ ERROR   │ $INNOMET.NS: No data found, symbol may be delisted
17:29:54 │ ERROR   │ $INOVSYNTH.NS: No data found, symbol may be delisted
17:29:55 │ ERROR   │ $INNOVTEC.NS: No data found, symbol may be delisted
17:29:55 │ ERROR   │ 
6 Failed downloads:
17:29:55 │ ERROR   │ ['INNOVATIVE.NS', 'INTCAPL.NS', 'INNOVATORS.NS', 'INNOMET.NS', 'INOVSYNTH.NS', 'INNOVTEC.NS']: No data found, symbol may be delisted
17:30:01 │ INFO    │    📦 Batch 155/388 — 15 stocks...
17:30:01 │ ERROR   │ $INTERISE.NS: No data found, symbol may be delisted
17:30:02 │ ERROR   │ $INTSTOIL.NS: No data found, symbol may be delisted
17:30:03 │ ERROR   │ $INTRGLB.NS: No data found, symbol may be delisted
17:30:03 │ ERROR   │ $INTEGFD.NS: No data found, symbol may be delisted
17:30:04 │ ERROR   │ $INTEGHIT.NS: No data found, symbol may be delisted
17:30:04 │ ERROR   │ $INTETHR.NS: No data found, symbol may be delisted
17:30:05 │ ERROR   │ $INTEGRITY.NS: No data found, symbol may be delisted
17:30:05 │ ERROR   │ $INTECCAP.NS: No data found, symbol may be delisted
17:30:06 │ ERROR   │ $INTEGRAEN.NS: No data found, symbol may be delisted
17:30:06 │ ERROR   │ $INTLCOMBQ.NS: No data found, symbol may be delisted
17:30:06 │ ERROR   │ 
10 Failed downloads:
17:30:06 │ ERROR   │ ['INTERISE.NS', 'INTSTOIL.NS', 'INTRGLB.NS', 'INTEGFD.NS', 'INTEGHIT.NS', 'INTETHR.NS', 'INTEGRITY.NS', 'INTECCAP.NS', 'INTEGRAEN.NS', 'INTLCOMBQ.NS']: No data found, symbol may be delisted
17:30:12 │ INFO    │    📦 Batch 156/388 — 15 stocks...
17:30:13 │ ERROR   │ $INVICTA.NS: No data found, symbol may be delisted
17:30:13 │ ERROR   │ $INVIGO.NS: No data found, symbol may be delisted
17:30:14 │ ERROR   │ $IPHL.NS: No data found, symbol may be delisted
17:30:15 │ ERROR   │ 
3 Failed downloads:
17:30:15 │ ERROR   │ ['INVICTA.NS', 'INVIGO.NS', 'IPHL.NS']: No data found, symbol may be delisted
17:30:21 │ INFO    │    📦 Batch 157/388 — 15 stocks...
17:30:22 │ ERROR   │ $ISFL.NS: No data found, symbol may be delisted
17:30:23 │ ERROR   │ $ISCITRUST.NS: No data found, symbol may be delisted
17:30:24 │ ERROR   │ $IRONWOOD.NS: No data found, symbol may be delisted
17:30:24 │ ERROR   │ $IRBIT.NS: No data found, symbol may be delisted
17:30:25 │ ERROR   │ 
4 Failed downloads:
17:30:25 │ ERROR   │ ['ISFL.NS', 'ISCITRUST.NS', 'IRONWOOD.NS', 'IRBIT.NS']: No data found, symbol may be delisted
17:30:31 │ INFO    │    📦 Batch 158/388 — 15 stocks...
17:30:31 │ ERROR   │ $ISTRNETWK.NS: No data found, symbol may be delisted
17:30:32 │ ERROR   │ $ISHITADR.NS: No data found, symbol may be delisted
17:30:33 │ ERROR   │ $ISHWATR.NS: No data found, symbol may be delisted
17:30:34 │ ERROR   │ $ISLCONSUL.NS: No data found, symbol may be delisted
17:30:34 │ ERROR   │ $ITCONS.NS: No data found, symbol may be delisted
17:30:34 │ ERROR   │ 
5 Failed downloads:
17:30:34 │ ERROR   │ ['ISTRNETWK.NS', 'ISHITADR.NS', 'ISHWATR.NS', 'ISLCONSUL.NS', 'ITCONS.NS']: No data found, symbol may be delisted
17:30:40 │ INFO    │    📦 Batch 159/388 — 15 stocks...
17:30:41 │ ERROR   │ $ITHL.NS: No data found, symbol may be delisted
17:30:42 │ ERROR   │ $ITTL.NS: No data found, symbol may be delisted
17:30:43 │ ERROR   │ $IWARE.NS: No data found, symbol may be delisted
17:30:43 │ ERROR   │ $IYKOTHITE.NS: No data found, symbol may be delisted
17:30:43 │ ERROR   │ 
4 Failed downloads:
17:30:43 │ ERROR   │ ['ITHL.NS', 'ITTL.NS', 'IWARE.NS', 'IYKOTHITE.NS']: No data found, symbol may be delisted
17:30:49 │ INFO    │    📦 Batch 160/388 — 15 stocks...
17:30:50 │ ERROR   │ $JAGAJITIND.NS: No data found, symbol may be delisted
17:30:50 │ ERROR   │ $JAINCO.NS: No data found, symbol may be delisted
17:30:51 │ ERROR   │ $JAFINANCE.NS: No data found, symbol may be delisted
17:30:51 │ ERROR   │ $JAIMATAG.NS: No data found, symbol may be delisted
17:30:52 │ ERROR   │ $JAIHIND.NS: No data found, symbol may be delisted
17:30:52 │ ERROR   │ $JAGJANANI.NS: No data found, symbol may be delisted
17:30:53 │ ERROR   │ $JAGSONSER.NS: No data found, symbol may be delisted
17:30:53 │ ERROR   │ $JACKSON.NS: No data found, symbol may be delisted
17:30:54 │ ERROR   │ $JAGANLAM.NS: No data found, symbol may be delisted
17:30:54 │ ERROR   │ 
9 Failed downloads:
17:30:54 │ ERROR   │ ['JAGAJITIND.NS', 'JAINCO.NS', 'JAFINANCE.NS', 'JAIMATAG.NS', 'JAIHIND.NS', 'JAGJANANI.NS', 'JAGSONSER.NS', 'JACKSON.NS', 'JAGANLAM.NS']: No data found, symbol may be delisted
17:31:00 │ INFO    │    📦 Batch 161/388 — 15 stocks...
17:31:00 │ ERROR   │ $JAINEX.NS: No data found, symbol may be delisted
17:31:01 │ ERROR   │ $JAMSHRI.NS: No data found, symbol may be delisted
17:31:01 │ ERROR   │ $JAINMARMO.NS: No data found, symbol may be delisted
17:31:02 │ ERROR   │ $JATTAINDUS.NS: No data found, symbol may be delisted
17:31:02 │ ERROR   │ $JASCH.NS: No data found, symbol may be delisted
17:31:03 │ ERROR   │ $JAIPAN.NS: No data found, symbol may be delisted
17:31:03 │ ERROR   │ $JAINIK.NS: No data found, symbol may be delisted
17:31:04 │ ERROR   │ $JAMESWARREN.NS: No data found, symbol may be delisted
17:31:04 │ ERROR   │ 
8 Failed downloads:
17:31:04 │ ERROR   │ ['JAINEX.NS', 'JAMSHRI.NS', 'JAINMARMO.NS', 'JATTAINDUS.NS', 'JASCH.NS', 'JAIPAN.NS', 'JAINIK.NS', 'JAMESWARREN.NS']: No data found, symbol may be delisted
17:31:10 │ INFO    │    📦 Batch 162/388 — 15 stocks...
17:31:10 │ ERROR   │ $JAYBHCR.NS: No data found, symbol may be delisted
17:31:11 │ ERROR   │ $JAUSPOL.NS: No data found, symbol may be delisted
17:31:11 │ ERROR   │ $JAYSYNTH.NS: No data found, symbol may be delisted
17:31:11 │ ERROR   │ $JAYKAILASH.NS: No data found, symbol may be delisted
17:31:12 │ ERROR   │ $JAYANT.NS: No data found, symbol may be delisted
17:31:12 │ ERROR   │ $JAYIND.NS: No data found, symbol may be delisted
17:31:12 │ ERROR   │ $JAYCH.NS: No data found, symbol may be delisted
17:31:13 │ ERROR   │ $JAYESH.NS: No data found, symbol may be delisted
17:31:13 │ ERROR   │ $JAYATMA.NS: No data found, symbol may be delisted
17:31:14 │ ERROR   │ $JAYBEE.NS: No data found, symbol may be delisted
17:31:14 │ ERROR   │ 
10 Failed downloads:
17:31:14 │ ERROR   │ ['JAYBHCR.NS', 'JAUSPOL.NS', 'JAYSYNTH.NS', 'JAYKAILASH.NS', 'JAYANT.NS', 'JAYIND.NS', 'JAYCH.NS', 'JAYESH.NS', 'JAYATMA.NS', 'JAYBEE.NS']: No data found, symbol may be delisted
17:31:20 │ INFO    │    📦 Batch 163/388 — 15 stocks...
17:31:20 │ ERROR   │ $JAYUSH.NS: No data found, symbol may be delisted
17:31:21 │ ERROR   │ $JETKINGQ.NS: No data found, symbol may be delisted
17:31:22 │ ERROR   │ $JDCABLES.NS: No data found, symbol may be delisted
17:31:22 │ ERROR   │ $JETMALL.NS: No data found, symbol may be delisted
17:31:23 │ ERROR   │ $JFL.NS: No data found, symbol may be delisted
17:31:23 │ ERROR   │ $JGTL.NS: No data found, symbol may be delisted
17:31:24 │ ERROR   │ $JETINFRA.NS: No data found, symbol may be delisted
17:31:24 │ ERROR   │ $JEYYAM.NS: No data found, symbol may be delisted
17:31:24 │ ERROR   │ 
8 Failed downloads:
17:31:24 │ ERROR   │ ['JAYUSH.NS', 'JETKINGQ.NS', 'JDCABLES.NS', 'JETMALL.NS', 'JFL.NS', 'JGTL.NS', 'JETINFRA.NS', 'JEYYAM.NS']: No data found, symbol may be delisted
17:31:30 │ INFO    │    📦 Batch 164/388 — 15 stocks...
17:31:31 │ ERROR   │ $JIGAR.NS: No data found, symbol may be delisted
17:31:31 │ ERROR   │ $JINDCAP.NS: No data found, symbol may be delisted
17:31:32 │ ERROR   │ $JINDHOT.NS: No data found, symbol may be delisted
17:31:33 │ ERROR   │ $JINDCOT.NS: No data found, symbol may be delisted
17:31:33 │ ERROR   │ $JHACC.NS: No data found, symbol may be delisted
17:31:34 │ ERROR   │ 
5 Failed downloads:
17:31:34 │ ERROR   │ ['JIGAR.NS', 'JINDCAP.NS', 'JINDHOT.NS', 'JINDCOT.NS', 'JHACC.NS']: No data found, symbol may be delisted
17:31:40 │ INFO    │    📦 Batch 165/388 — 15 stocks...
17:31:41 │ ERROR   │ $JLL.NS: No data found, symbol may be delisted
17:31:41 │ ERROR   │ $JMDVL.NS: No data found, symbol may be delisted
17:31:42 │ ERROR   │ $JK AGRI.NS: No data found, symbol may be delisted
17:31:43 │ ERROR   │ $JJFINCOR.NS: No data found, symbol may be delisted
17:31:43 │ ERROR   │ 
4 Failed downloads:
17:31:43 │ ERROR   │ ['JLL.NS', 'JMDVL.NS', 'JK AGRI.NS', 'JJFINCOR.NS']: No data found, symbol may be delisted
17:31:49 │ INFO    │    📦 Batch 166/388 — 15 stocks...
17:31:49 │ ERROR   │ $JOSTS.NS: No data found, symbol may be delisted
17:31:50 │ ERROR   │ $JPTRLES.NS: No data found, symbol may be delisted
17:31:50 │ ERROR   │ $JMJFIN.NS: No data found, symbol may be delisted
17:31:51 │ ERROR   │ $JOINTECAED.NS: No data found, symbol may be delisted
17:31:51 │ ERROR   │ $JONJUA.NS: No data found, symbol may be delisted
17:31:51 │ ERROR   │ $JOLYPLS.NS: No data found, symbol may be delisted
17:31:52 │ ERROR   │ $JOHNPHARMA.NS: No data found, symbol may be delisted
17:31:53 │ ERROR   │ $JOINDRE.NS: No data found, symbol may be delisted
17:31:53 │ ERROR   │ $JOJO.NS: No data found, symbol may be delisted
17:31:53 │ ERROR   │ 
9 Failed downloads:
17:31:53 │ ERROR   │ ['JOSTS.NS', 'JPTRLES.NS', 'JMJFIN.NS', 'JOINTECAED.NS', 'JONJUA.NS', 'JOLYPLS.NS', 'JOHNPHARMA.NS', 'JOINDRE.NS', 'JOJO.NS']: No data found, symbol may be delisted
17:31:59 │ INFO    │    📦 Batch 167/388 — 15 stocks...
17:32:00 │ ERROR   │ $JTLDEFENCE.NS: No data found, symbol may be delisted
17:32:01 │ ERROR   │ $JSLINDL.NS: No data found, symbol may be delisted
17:32:01 │ ERROR   │ $JSTL.NS: No data found, symbol may be delisted
17:32:02 │ ERROR   │ $JSHL.NS: No data found, symbol may be delisted
17:32:02 │ ERROR   │ 
4 Failed downloads:
17:32:02 │ ERROR   │ ['JTLDEFENCE.NS', 'JSLINDL.NS', 'JSTL.NS', 'JSHL.NS']: No data found, symbol may be delisted
17:32:08 │ INFO    │    📦 Batch 168/388 — 15 stocks...
17:32:09 │ ERROR   │ $JUMBFNL.NS: No data found, symbol may be delisted
17:32:09 │ ERROR   │ $JUMBO.NS: No data found, symbol may be delisted
17:32:09 │ ERROR   │ $JUNGLECAMP.NS: No data found, symbol may be delisted
17:32:10 │ ERROR   │ $JYOTI.NS: No data found, symbol may be delisted
17:32:10 │ ERROR   │ $JULIEN.NS: No data found, symbol may be delisted
17:32:11 │ ERROR   │ $JUPITERIN.NS: No data found, symbol may be delisted
17:32:12 │ ERROR   │ $JUSTO.NS: No data found, symbol may be delisted
17:32:12 │ ERROR   │ 
7 Failed downloads:
17:32:12 │ ERROR   │ ['JUMBFNL.NS', 'JUMBO.NS', 'JUNGLECAMP.NS', 'JYOTI.NS', 'JULIEN.NS', 'JUPITERIN.NS', 'JUSTO.NS']: No data found, symbol may be delisted
17:32:18 │ INFO    │    📦 Batch 169/388 — 15 stocks...
17:32:18 │ ERROR   │ $JYOTIGLOBL.NS: No data found, symbol may be delisted
17:32:19 │ ERROR   │ $JYOTIN.NS: No data found, symbol may be delisted
17:32:19 │ ERROR   │ $KAIRA.NS: No data found, symbol may be delisted
17:32:20 │ ERROR   │ $KAARYAFSL.NS: No data found, symbol may be delisted
17:32:20 │ ERROR   │ $KAIZENAGRO.NS: No data found, symbol may be delisted
17:32:21 │ ERROR   │ $KACL.NS: No data found, symbol may be delisted
17:32:21 │ ERROR   │ $KABRADG.NS: No data found, symbol may be delisted
17:32:21 │ ERROR   │ $KAHAN.NS: No data found, symbol may be delisted
17:32:22 │ ERROR   │ $KACHCHH.NS: No data found, symbol may be delisted
17:32:22 │ ERROR   │ $KABSON.NS: No data found, symbol may be delisted
17:32:22 │ ERROR   │ 
10 Failed downloads:
17:32:22 │ ERROR   │ ['JYOTIGLOBL.NS', 'JYOTIN.NS', 'KAIRA.NS', 'KAARYAFSL.NS', 'KAIZENAGRO.NS', 'KACL.NS', 'KABRADG.NS', 'KAHAN.NS', 'KACHCHH.NS', 'KABSON.NS']: No data found, symbol may be delisted
17:32:29 │ INFO    │    📦 Batch 170/388 — 15 stocks...
17:32:29 │ ERROR   │ $KALANA.NS: No data found, symbol may be delisted
17:32:30 │ ERROR   │ $KALYANCAP.NS: No data found, symbol may be delisted
17:32:30 │ ERROR   │ $KALPACOMME.NS: No data found, symbol may be delisted
17:32:31 │ ERROR   │ $KAJARIR.NS: No data found, symbol may be delisted
17:32:31 │ ERROR   │ $KALLAM.NS: No data found, symbol may be delisted
17:32:31 │ ERROR   │ $KALIND.NS: No data found, symbol may be delisted
17:32:32 │ ERROR   │ $KAKTEX.NS: No data found, symbol may be delisted
17:32:32 │ ERROR   │ $KAJALSY.NS: No data found, symbol may be delisted
17:32:33 │ ERROR   │ $KAKA.NS: No data found, symbol may be delisted
17:32:33 │ ERROR   │ 
9 Failed downloads:
17:32:33 │ ERROR   │ ['KALANA.NS', 'KALYANCAP.NS', 'KALPACOMME.NS', 'KAJARIR.NS', 'KALLAM.NS', 'KALIND.NS', 'KAKTEX.NS', 'KAJALSY.NS', 'KAKA.NS']: No data found, symbol may be delisted
17:32:39 │ INFO    │    📦 Batch 171/388 — 15 stocks...
17:32:39 │ ERROR   │ $KAMATS.NS: No data found, symbol may be delisted
17:32:41 │ ERROR   │ $KAMADGIRI.NS: No data found, symbol may be delisted
17:32:41 │ ERROR   │ $KANISHK.NS: No data found, symbol may be delisted
17:32:41 │ ERROR   │ 
3 Failed downloads:
17:32:41 │ ERROR   │ ['KAMATS.NS', 'KAMADGIRI.NS', 'KANISHK.NS']: No data found, symbol may be delisted
17:32:48 │ INFO    │    📦 Batch 172/388 — 15 stocks...
17:32:48 │ ERROR   │ $KARNAWATI.NS: No data found, symbol may be delisted
17:32:49 │ ERROR   │ $KANSHST.NS: No data found, symbol may be delisted
17:32:49 │ ERROR   │ $KAPILRAJ.NS: No data found, symbol may be delisted
17:32:49 │ ERROR   │ $KANUNGO.NS: No data found, symbol may be delisted
17:32:50 │ ERROR   │ $KARANWO.NS: No data found, symbol may be delisted
17:32:50 │ ERROR   │ $KARNAVATI.NS: No data found, symbol may be delisted
17:32:51 │ ERROR   │ $KARTKIN.NS: No data found, symbol may be delisted
17:32:51 │ ERROR   │ $KARBON.NS: No data found, symbol may be delisted
17:32:51 │ ERROR   │ 
8 Failed downloads:
17:32:51 │ ERROR   │ ['KARNAWATI.NS', 'KANSHST.NS', 'KAPILRAJ.NS', 'KANUNGO.NS', 'KARANWO.NS', 'KARNAVATI.NS', 'KARTKIN.NS', 'KARBON.NS']: No data found, symbol may be delisted
17:32:57 │ INFO    │    📦 Batch 173/388 — 15 stocks...
17:32:58 │ ERROR   │ $KATIPATANG.NS: No data found, symbol may be delisted
17:32:58 │ ERROR   │ $KASTURI.NS: No data found, symbol may be delisted
17:32:58 │ ERROR   │ $KAYTEX.NS: No data found, symbol may be delisted
17:32:59 │ ERROR   │ $KBSINDIA.NS: No data found, symbol may be delisted
17:32:59 │ ERROR   │ $KATRSPG.NS: No data found, symbol may be delisted
17:32:59 │ ERROR   │ $KAYCEEI.NS: No data found, symbol may be delisted
17:33:00 │ ERROR   │ $KATARIA.NS: No data found, symbol may be delisted
17:33:00 │ ERROR   │ $KASHYAP.NS: No data found, symbol may be delisted
17:33:01 │ ERROR   │ $KCDGROUP.NS: No data found, symbol may be delisted
17:33:01 │ ERROR   │ $KAYPOWR.NS: No data found, symbol may be delisted
17:33:01 │ ERROR   │ 
10 Failed downloads:
17:33:01 │ ERROR   │ ['KATIPATANG.NS', 'KASTURI.NS', 'KAYTEX.NS', 'KBSINDIA.NS', 'KATRSPG.NS', 'KAYCEEI.NS', 'KATARIA.NS', 'KASHYAP.NS', 'KCDGROUP.NS', 'KAYPOWR.NS']: No data found, symbol may be delisted
17:33:07 │ INFO    │    📦 Batch 174/388 — 15 stocks...
17:33:08 │ ERROR   │ $KCL.NS: No data found, symbol may be delisted
17:33:08 │ ERROR   │ $KDML.NS: No data found, symbol may be delisted
17:33:09 │ ERROR   │ $KEDIACN.NS: No data found, symbol may be delisted
17:33:09 │ ERROR   │ $KEERTHI.NS: No data found, symbol may be delisted
17:33:10 │ ERROR   │ $KCLINFRA.NS: No data found, symbol may be delisted
17:33:11 │ ERROR   │ $KCSL.NS: No data found, symbol may be delisted
17:33:11 │ ERROR   │ 
6 Failed downloads:
17:33:11 │ ERROR   │ ['KCL.NS', 'KDML.NS', 'KEDIACN.NS', 'KEERTHI.NS', 'KCLINFRA.NS', 'KCSL.NS']: No data found, symbol may be delisted
17:33:17 │ INFO    │    📦 Batch 175/388 — 15 stocks...
17:33:17 │ ERROR   │ $KEL.NS: No data found, symbol may be delisted
17:33:18 │ ERROR   │ $KESAR.NS: No data found, symbol may be delisted
17:33:18 │ ERROR   │ $KEN.NS: No data found, symbol may be delisted
17:33:18 │ ERROR   │ $KERALAYUR.NS: No data found, symbol may be delisted
17:33:19 │ ERROR   │ $KEMP.NS: No data found, symbol may be delisted
17:33:19 │ ERROR   │ $KENRIK.NS: No data found, symbol may be delisted
17:33:20 │ ERROR   │ $KELENRG.NS: No data found, symbol may be delisted
17:33:20 │ ERROR   │ $KEIL.NS: No data found, symbol may be delisted
17:33:21 │ ERROR   │ $KENVI.NS: No data found, symbol may be delisted
17:33:21 │ ERROR   │ $KEMISTAR.NS: No data found, symbol may be delisted
17:33:21 │ ERROR   │ $KENFIN.NS: No data found, symbol may be delisted
17:33:21 │ ERROR   │ 
11 Failed downloads:
17:33:21 │ ERROR   │ ['KEL.NS', 'KESAR.NS', 'KEN.NS', 'KERALAYUR.NS', 'KEMP.NS', 'KENRIK.NS', 'KELENRG.NS', 'KEIL.NS', 'KENVI.NS', 'KEMISTAR.NS', 'KENFIN.NS']: No data found, symbol may be delisted
17:33:28 │ INFO    │    📦 Batch 176/388 — 15 stocks...
17:33:28 │ ERROR   │ $KGDENIM.NS: No data found, symbol may be delisted
17:33:29 │ ERROR   │ $KESARENT.NS: No data found, symbol may be delisted
17:33:29 │ ERROR   │ $KESARPE.NS: No data found, symbol may be delisted
17:33:30 │ ERROR   │ $KEYCORP.NS: No data found, symbol may be delisted
17:33:30 │ ERROR   │ $KGVL.NS: No data found, symbol may be delisted
17:33:31 │ ERROR   │ $KFBL.NS: No data found, symbol may be delisted
17:33:31 │ ERROR   │ $KGPETRO.NS: No data found, symbol may be delisted
17:33:31 │ ERROR   │ $KGES.NS: No data found, symbol may be delisted
17:33:31 │ ERROR   │ 
8 Failed downloads:
17:33:31 │ ERROR   │ ['KGDENIM.NS', 'KESARENT.NS', 'KESARPE.NS', 'KEYCORP.NS', 'KGVL.NS', 'KFBL.NS', 'KGPETRO.NS', 'KGES.NS']: No data found, symbol may be delisted
17:33:37 │ INFO    │    📦 Batch 177/388 — 15 stocks...
17:33:38 │ ERROR   │ $KINETICENG.NS: No data found, symbol may be delisted
17:33:38 │ ERROR   │ $KHOOBSURAT.NS: No data found, symbol may be delisted
17:33:38 │ ERROR   │ $KINGSINFR.NS: No data found, symbol may be delisted
17:33:39 │ ERROR   │ $KIFS.NS: No data found, symbol may be delisted
17:33:39 │ ERROR   │ $KIMIABL.NS: No data found, symbol may be delisted
17:33:39 │ ERROR   │ $KIAASA.NS: No data found, symbol may be delisted
17:33:40 │ ERROR   │ $KINETRU.NS: No data found, symbol may be delisted
17:33:40 │ ERROR   │ $KIDUJA.NS: No data found, symbol may be delisted
17:33:41 │ ERROR   │ $KHAZANCHI.NS: No data found, symbol may be delisted
17:33:41 │ ERROR   │ $KHYATI.NS: No data found, symbol may be delisted
17:33:41 │ ERROR   │ 
10 Failed downloads:
17:33:41 │ ERROR   │ ['KINETICENG.NS', 'KHOOBSURAT.NS', 'KINGSINFR.NS', 'KIFS.NS', 'KIMIABL.NS', 'KIAASA.NS', 'KINETRU.NS', 'KIDUJA.NS', 'KHAZANCHI.NS', 'KHYATI.NS']: No data found, symbol may be delisted
17:33:48 │ INFO    │    📦 Batch 178/388 — 15 stocks...
17:33:48 │ ERROR   │ $KIRANSY-B.NS: No data found, symbol may be delisted
17:33:49 │ ERROR   │ $KJMCCORP.NS: No data found, symbol may be delisted
17:33:50 │ ERROR   │ $KISAAN.NS: No data found, symbol may be delisted
17:33:50 │ ERROR   │ $KISAN.NS: No data found, symbol may be delisted
17:33:51 │ ERROR   │ $KIZI.NS: No data found, symbol may be delisted
17:33:51 │ ERROR   │ 
5 Failed downloads:
17:33:51 │ ERROR   │ ['KIRANSY-B.NS', 'KJMCCORP.NS', 'KISAAN.NS', 'KISAN.NS', 'KIZI.NS']: No data found, symbol may be delisted
17:33:57 │ INFO    │    📦 Batch 179/388 — 15 stocks...
17:33:57 │ ERROR   │ $KMFBLDR.NS: No data found, symbol may be delisted
17:33:58 │ ERROR   │ $KLRFM.NS: No data found, symbol may be delisted
17:33:59 │ ERROR   │ $KKJEWELS.NS: No data found, symbol may be delisted
17:33:59 │ ERROR   │ $KKPLASTICK.NS: No data found, symbol may be delisted
17:33:59 │ ERROR   │ $KKIL.NS: No data found, symbol may be delisted
17:34:00 │ ERROR   │ $KKSILK.NS: No data found, symbol may be delisted
17:34:00 │ ERROR   │ $KKSHL.NS: No data found, symbol may be delisted
17:34:00 │ ERROR   │ $KKALPANAIND.NS: No data found, symbol may be delisted
17:34:00 │ ERROR   │ 
8 Failed downloads:
17:34:00 │ ERROR   │ ['KMFBLDR.NS', 'KLRFM.NS', 'KKJEWELS.NS', 'KKPLASTICK.NS', 'KKIL.NS', 'KKSILK.NS', 'KKSHL.NS', 'KKALPANAIND.NS']: No data found, symbol may be delisted
17:34:06 │ INFO    │    📦 Batch 180/388 — 15 stocks...
17:34:07 │ ERROR   │ $KOBO.NS: No data found, symbol may be delisted
17:34:08 │ ERROR   │ $KMGMILK.NS: No data found, symbol may be delisted
17:34:09 │ ERROR   │ $KMSMEDI.NS: No data found, symbol may be delisted
17:34:09 │ ERROR   │ $KONNDOR.NS: No data found, symbol may be delisted
17:34:10 │ ERROR   │ 
4 Failed downloads:
17:34:10 │ ERROR   │ ['KOBO.NS', 'KMGMILK.NS', 'KMSMEDI.NS', 'KONNDOR.NS']: No data found, symbol may be delisted
17:34:16 │ INFO    │    📦 Batch 181/388 — 15 stocks...
17:34:16 │ ERROR   │ $KPGEL.NS: No data found, symbol may be delisted
17:34:18 │ ERROR   │ $KOURA.NS: No data found, symbol may be delisted
17:34:18 │ ERROR   │ 
2 Failed downloads:
17:34:18 │ ERROR   │ ['KPGEL.NS', 'KOURA.NS']: No data found, symbol may be delisted
17:34:24 │ INFO    │    📦 Batch 182/388 — 15 stocks...
17:34:26 │ ERROR   │ $KRISHNACAP.NS: No data found, symbol may be delisted
17:34:26 │ ERROR   │ $KRANTI.NS: No data found, symbol may be delisted
17:34:27 │ ERROR   │ $KREONFIN.NS: No data found, symbol may be delisted
17:34:27 │ ERROR   │ $KRETTOSYS.NS: No data found, symbol may be delisted
17:34:28 │ ERROR   │ $KPT.NS: No data found, symbol may be delisted
17:34:28 │ ERROR   │ $KRISHNA.NS: No data found, symbol may be delisted
17:34:28 │ ERROR   │ $KRIFILIND.NS: No data found, symbol may be delisted
17:34:28 │ ERROR   │ 
7 Failed downloads:
17:34:28 │ ERROR   │ ['KRISHNACAP.NS', 'KRANTI.NS', 'KREONFIN.NS', 'KRETTOSYS.NS', 'KPT.NS', 'KRISHNA.NS', 'KRIFILIND.NS']: No data found, symbol may be delisted
17:34:34 │ INFO    │    📦 Batch 183/388 — 15 stocks...
17:34:35 │ ERROR   │ $KRYPTONQ.NS: No data found, symbol may be delisted
17:34:35 │ ERROR   │ $KRMAYURVED.NS: No data found, symbol may be delisted
17:34:36 │ ERROR   │ $KRRAIL.NS: No data found, symbol may be delisted
17:34:36 │ ERROR   │ $KRISHPP.NS: No data found, symbol may be delisted
17:34:37 │ ERROR   │ $KRT.NS: No data found, symbol may be delisted
17:34:37 │ ERROR   │ $KRUPALU.NS: No data found, symbol may be delisted
17:34:38 │ ERROR   │ 
6 Failed downloads:
17:34:38 │ ERROR   │ ['KRYPTONQ.NS', 'KRMAYURVED.NS', 'KRRAIL.NS', 'KRISHPP.NS', 'KRT.NS', 'KRUPALU.NS']: No data found, symbol may be delisted
17:34:44 │ INFO    │    📦 Batch 184/388 — 15 stocks...
17:34:45 │ ERROR   │ $KUBERJI.NS: No data found, symbol may be delisted
17:34:46 │ ERROR   │ $KSSMART.NS: No data found, symbol may be delisted
17:34:47 │ ERROR   │ $KUMPFIN.NS: No data found, symbol may be delisted
17:34:47 │ ERROR   │ $KTIL.NS: No data found, symbol may be delisted
17:34:48 │ ERROR   │ $KSHITIJ.NS: No data found, symbol may be delisted
17:34:48 │ ERROR   │ 
5 Failed downloads:
17:34:48 │ ERROR   │ ['KUBERJI.NS', 'KSSMART.NS', 'KUMPFIN.NS', 'KTIL.NS', 'KSHITIJ.NS']: No data found, symbol may be delisted
17:34:54 │ INFO    │    📦 Batch 185/388 — 15 stocks...
17:34:55 │ ERROR   │ $KVTOYS.NS: No data found, symbol may be delisted
17:34:55 │ ERROR   │ $KUSHIND.NS: No data found, symbol may be delisted
17:34:55 │ ERROR   │ $LADDU.NS: No data found, symbol may be delisted
17:34:55 │ ERROR   │ $LACTOSE.NS: No data found, symbol may be delisted
17:34:56 │ ERROR   │ $LAFFANSQ.NS: No data found, symbol may be delisted
17:34:56 │ ERROR   │ $KUWERIN.NS: No data found, symbol may be delisted
17:34:57 │ ERROR   │ $KVFORGE.NS: No data found, symbol may be delisted
17:34:57 │ ERROR   │ $KUNSTOFF.NS: No data found, symbol may be delisted
17:34:57 │ ERROR   │ $KVSCASTING.NS: No data found, symbol may be delisted
17:34:57 │ ERROR   │ $LABELKRAFT.NS: No data found, symbol may be delisted
17:34:58 │ ERROR   │ $KUSUMEL.NS: No data found, symbol may be delisted
17:34:58 │ ERROR   │ $KZLFIN.NS: No data found, symbol may be delisted
17:34:58 │ ERROR   │ 
12 Failed downloads:
17:34:58 │ ERROR   │ ['KVTOYS.NS', 'KUSHIND.NS', 'LADDU.NS', 'LACTOSE.NS', 'LAFFANSQ.NS', 'KUWERIN.NS', 'KVFORGE.NS', 'KUNSTOFF.NS', 'KVSCASTING.NS', 'LABELKRAFT.NS', 'KUSUMEL.NS', 'KZLFIN.NS']: No data found, symbol may be delisted
17:35:04 │ INFO    │    📦 Batch 186/388 — 15 stocks...
17:35:05 │ ERROR   │ $LAKHOTIA.NS: No data found, symbol may be delisted
17:35:06 │ ERROR   │ $LAKESHORE.NS: No data found, symbol may be delisted
17:35:06 │ ERROR   │ $LAKSHYA.NS: No data found, symbol may be delisted
17:35:07 │ ERROR   │ $LAMOSAIC.NS: No data found, symbol may be delisted
17:35:07 │ ERROR   │ $LAKSHMIEW.NS: No data found, symbol may be delisted
17:35:08 │ ERROR   │ $LAHL.NS: No data found, symbol may be delisted
17:35:08 │ ERROR   │ $LAKSELEC.NS: No data found, symbol may be delisted
17:35:08 │ ERROR   │ 
7 Failed downloads:
17:35:08 │ ERROR   │ ['LAKHOTIA.NS', 'LAKESHORE.NS', 'LAKSHYA.NS', 'LAMOSAIC.NS', 'LAKSHMIEW.NS', 'LAHL.NS', 'LAKSELEC.NS']: No data found, symbol may be delisted
17:35:15 │ INFO    │    📦 Batch 187/388 — 15 stocks...
17:35:15 │ ERROR   │ $LASTMILE.NS: No data found, symbol may be delisted
17:35:16 │ ERROR   │ $LATIMMETAL.NS: No data found, symbol may be delisted
17:35:17 │ ERROR   │ $LANDMARC.NS: No data found, symbol may be delisted
17:35:17 │ ERROR   │ 
3 Failed downloads:
17:35:17 │ ERROR   │ ['LASTMILE.NS', 'LATIMMETAL.NS', 'LANDMARC.NS']: No data found, symbol may be delisted
17:35:23 │ INFO    │    📦 Batch 188/388 — 15 stocks...
17:35:24 │ ERROR   │ $LEADFIN.NS: No data found, symbol may be delisted
17:35:24 │ ERROR   │ $LEHAR.NS: No data found, symbol may be delisted
17:35:25 │ ERROR   │ $LERTHAI.NS: No data found, symbol may be delisted
17:35:25 │ ERROR   │ $LELAVOIR.NS: No data found, symbol may be delisted
17:35:26 │ ERROR   │ $LAXMIPATI.NS: No data found, symbol may be delisted
17:35:26 │ ERROR   │ $LEGACY.NS: No data found, symbol may be delisted
17:35:26 │ ERROR   │ 
6 Failed downloads:
17:35:26 │ ERROR   │ ['LEADFIN.NS', 'LEHAR.NS', 'LERTHAI.NS', 'LELAVOIR.NS', 'LAXMIPATI.NS', 'LEGACY.NS']: No data found, symbol may be delisted
17:35:32 │ INFO    │    📦 Batch 189/388 — 15 stocks...
17:35:33 │ ERROR   │ $LESHAIND.NS: No data found, symbol may be delisted
17:35:33 │ ERROR   │ $LEX.NS: No data found, symbol may be delisted
17:35:34 │ ERROR   │ $LGT.NS: No data found, symbol may be delisted
17:35:34 │ ERROR   │ $LEXORAA.NS: No data found, symbol may be delisted
17:35:35 │ ERROR   │ $LIBORD.NS: No data found, symbol may be delisted
17:35:35 │ ERROR   │ $LIBORDFIN.NS: No data found, symbol may be delisted
17:35:36 │ ERROR   │ $LGLL.NS: No data found, symbol may be delisted
17:35:36 │ ERROR   │ 
7 Failed downloads:
17:35:36 │ ERROR   │ ['LESHAIND.NS', 'LEX.NS', 'LGT.NS', 'LEXORAA.NS', 'LIBORD.NS', 'LIBORDFIN.NS', 'LGLL.NS']: No data found, symbol may be delisted
17:35:42 │ INFO    │    📦 Batch 190/388 — 15 stocks...
17:35:43 │ ERROR   │ $LIMECHM.NS: No data found, symbol may be delisted
17:35:44 │ ERROR   │ $LINKPH.NS: No data found, symbol may be delisted
17:35:45 │ ERROR   │ $LIKHAMI.NS: No data found, symbol may be delisted
17:35:45 │ ERROR   │ 
3 Failed downloads:
17:35:45 │ ERROR   │ ['LIMECHM.NS', 'LINKPH.NS', 'LIKHAMI.NS']: No data found, symbol may be delisted
17:35:51 │ INFO    │    📦 Batch 191/388 — 15 stocks...
17:35:51 │ ERROR   │ $LKMEHTA.NS: No data found, symbol may be delisted
17:35:53 │ ERROR   │ $LKPFIN.NS: No data found, symbol may be delisted
17:35:53 │ ERROR   │ $LIPPISYS.NS: No data found, symbol may be delisted
17:35:53 │ ERROR   │ 
3 Failed downloads:
17:35:53 │ ERROR   │ ['LKMEHTA.NS', 'LKPFIN.NS', 'LIPPISYS.NS']: No data found, symbol may be delisted
17:35:59 │ INFO    │    📦 Batch 192/388 — 15 stocks...
17:36:00 │ ERROR   │ $LLFICL.NS: No data found, symbol may be delisted
17:36:00 │ ERROR   │ $LLOYDPP.NS: No data found, symbol may be delisted
17:36:00 │ ERROR   │ $LOGICA.NS: No data found, symbol may be delisted
17:36:01 │ ERROR   │ $LOGICIEL.NS: No data found, symbol may be delisted
17:36:02 │ ERROR   │ $LOOKS.NS: No data found, symbol may be delisted
17:36:02 │ ERROR   │ $LONTE.NS: No data found, symbol may be delisted
17:36:03 │ ERROR   │ $LONGSPUR.NS: No data found, symbol may be delisted
17:36:03 │ ERROR   │ 
7 Failed downloads:
17:36:03 │ ERROR   │ ['LLFICL.NS', 'LLOYDPP.NS', 'LOGICA.NS', 'LOGICIEL.NS', 'LOOKS.NS', 'LONTE.NS', 'LONGSPUR.NS']: No data found, symbol may be delisted
17:36:09 │ INFO    │    📦 Batch 193/388 — 15 stocks...
17:36:10 │ ERROR   │ $LTELEVATOR.NS: No data found, symbol may be delisted
17:36:11 │ ERROR   │ $LORDSHOTL.NS: No data found, symbol may be delisted
17:36:12 │ ERROR   │ $LOYAL.NS: No data found, symbol may be delisted
17:36:12 │ ERROR   │ 
3 Failed downloads:
17:36:12 │ ERROR   │ ['LTELEVATOR.NS', 'LORDSHOTL.NS', 'LOYAL.NS']: No data found, symbol may be delisted
17:36:18 │ INFO    │    📦 Batch 194/388 — 15 stocks...
17:36:19 │ ERROR   │ $LUDLOWJUT.NS: No data found, symbol may be delisted
17:36:21 │ ERROR   │ $LUXURY.NS: No data found, symbol may be delisted
17:36:21 │ ERROR   │ $LWSKNIT.NS: No data found, symbol may be delisted
17:36:21 │ ERROR   │ 
3 Failed downloads:
17:36:21 │ ERROR   │ ['LUDLOWJUT.NS', 'LUXURY.NS', 'LWSKNIT.NS']: No data found, symbol may be delisted
17:36:27 │ INFO    │    📦 Batch 195/388 — 15 stocks...
17:36:28 │ ERROR   │ $MACH.NS: No data found, symbol may be delisted
17:36:28 │ ERROR   │ $LYONSCO.NS: No data found, symbol may be delisted
17:36:29 │ ERROR   │ $LYKISLTD.NS: No data found, symbol may be delisted
17:36:29 │ ERROR   │ $MACIND.NS: No data found, symbol may be delisted
17:36:29 │ ERROR   │ $MACPLASQ.NS: No data found, symbol may be delisted
17:36:30 │ ERROR   │ $MADALA.NS: No data found, symbol may be delisted
17:36:31 │ ERROR   │ $LYPSAGEMS.NS: No data found, symbol may be delisted
17:36:32 │ ERROR   │ $MACOBSTECH.NS: No data found, symbol may be delisted
17:36:32 │ ERROR   │ 
8 Failed downloads:
17:36:32 │ ERROR   │ ['MACH.NS', 'LYONSCO.NS', 'LYKISLTD.NS', 'MACIND.NS', 'MACPLASQ.NS', 'MADALA.NS', 'LYPSAGEMS.NS', 'MACOBSTECH.NS']: No data found, symbol may be delisted
17:36:38 │ INFO    │    📦 Batch 196/388 — 15 stocks...
17:36:38 │ ERROR   │ $MADHUDIN.NS: No data found, symbol may be delisted
17:36:38 │ ERROR   │ $MAGENTA.NS: No data found, symbol may be delisted
17:36:39 │ ERROR   │ $MADHUSE.NS: No data found, symbol may be delisted
17:36:39 │ ERROR   │ $MAFIA.NS: No data found, symbol may be delisted
17:36:39 │ ERROR   │ $MAGNUS.NS: No data found, symbol may be delisted
17:36:40 │ ERROR   │ $MAGANTR.NS: No data found, symbol may be delisted
17:36:40 │ ERROR   │ $MAGNAELQ.NS: No data found, symbol may be delisted
17:36:41 │ ERROR   │ 
7 Failed downloads:
17:36:41 │ ERROR   │ ['MADHUDIN.NS', 'MAGENTA.NS', 'MADHUSE.NS', 'MAFIA.NS', 'MAGNUS.NS', 'MAGANTR.NS', 'MAGNAELQ.NS']: No data found, symbol may be delisted
17:36:47 │ INFO    │    📦 Batch 197/388 — 15 stocks...
17:36:47 │ ERROR   │ $MAHALIFE.NS: No data found, symbol may be delisted
17:36:48 │ ERROR   │ $MAHACORP.NS: No data found, symbol may be delisted
17:36:48 │ ERROR   │ $MAHAVEER.NS: No data found, symbol may be delisted
17:36:49 │ ERROR   │ $MAHALXSE.NS: No data found, symbol may be delisted
17:36:50 │ ERROR   │ $MAHIP.NS: No data found, symbol may be delisted
17:36:50 │ ERROR   │ 
5 Failed downloads:
17:36:50 │ ERROR   │ ['MAHALIFE.NS', 'MAHACORP.NS', 'MAHAVEER.NS', 'MAHALXSE.NS', 'MAHIP.NS']: No data found, symbol may be delisted
17:36:56 │ INFO    │    📦 Batch 198/388 — 15 stocks...
17:36:56 │ ERROR   │ $MAINFRA.NS: No data found, symbol may be delisted
17:36:57 │ ERROR   │ $MAITRI.NS: No data found, symbol may be delisted
17:36:58 │ ERROR   │ $MAIDEN.NS: No data found, symbol may be delisted
17:36:59 │ ERROR   │ $MALPANI.NS: No data found, symbol may be delisted
17:36:59 │ ERROR   │ 
4 Failed downloads:
17:36:59 │ ERROR   │ ['MAINFRA.NS', 'MAITRI.NS', 'MAIDEN.NS', 'MALPANI.NS']: No data found, symbol may be delisted
17:37:05 │ INFO    │    📦 Batch 199/388 — 15 stocks...
17:37:06 │ ERROR   │ $MANGALCOMP.NS: No data found, symbol may be delisted
17:37:07 │ ERROR   │ $MANAS.NS: No data found, symbol may be delisted
17:37:07 │ ERROR   │ 
2 Failed downloads:
17:37:07 │ ERROR   │ ['MANGALCOMP.NS', 'MANAS.NS']: No data found, symbol may be delisted
17:37:13 │ INFO    │    📦 Batch 200/388 — 15 stocks...
17:37:14 │ ERROR   │ $MANRAJH.NS: No data found, symbol may be delisted
17:37:14 │ ERROR   │ $MANGIND.NS: No data found, symbol may be delisted
17:37:15 │ ERROR   │ $MANTRA.NS: No data found, symbol may be delisted
17:37:15 │ ERROR   │ $MANOJJEWEL.NS: No data found, symbol may be delisted
17:37:16 │ ERROR   │ $MANILAM.NS: No data found, symbol may be delisted
17:37:17 │ ERROR   │ $MANSIFIN.NS: No data found, symbol may be delisted
17:37:17 │ ERROR   │ 
6 Failed downloads:
17:37:17 │ ERROR   │ ['MANRAJH.NS', 'MANGIND.NS', 'MANTRA.NS', 'MANOJJEWEL.NS', 'MANILAM.NS', 'MANSIFIN.NS']: No data found, symbol may be delisted
17:37:23 │ INFO    │    📦 Batch 201/388 — 15 stocks...
17:37:24 │ ERROR   │ $MARBU.NS: No data found, symbol may be delisted
17:37:25 │ ERROR   │ $MAPROIN.NS: No data found, symbol may be delisted
17:37:25 │ ERROR   │ $MARGOFIN.NS: No data found, symbol may be delisted
17:37:26 │ ERROR   │ $MARBLE.NS: No data found, symbol may be delisted
17:37:27 │ ERROR   │ $MARCLOIRE.NS: No data found, symbol may be delisted
17:37:27 │ ERROR   │ 
5 Failed downloads:
17:37:27 │ ERROR   │ ['MARBU.NS', 'MAPROIN.NS', 'MARGOFIN.NS', 'MARBLE.NS', 'MARCLOIRE.NS']: No data found, symbol may be delisted
17:37:33 │ INFO    │    📦 Batch 202/388 — 15 stocks...
17:37:33 │ ERROR   │ $MARIS.NS: No data found, symbol may be delisted
17:37:34 │ ERROR   │ $MARUSHIKA.NS: No data found, symbol may be delisted
17:37:35 │ ERROR   │ 
2 Failed downloads:
17:37:35 │ ERROR   │ ['MARIS.NS', 'MARUSHIKA.NS']: No data found, symbol may be delisted
17:37:41 │ INFO    │    📦 Batch 203/388 — 15 stocks...
17:37:42 │ ERROR   │ $MAYURFL.NS: No data found, symbol may be delisted
17:37:42 │ ERROR   │ $MAXIMUS.NS: No data found, symbol may be delisted
17:37:43 │ ERROR   │ $MAYUR.NS: No data found, symbol may be delisted
17:37:43 │ ERROR   │ $MAYUKH.NS: No data found, symbol may be delisted
17:37:44 │ ERROR   │ $MAYASHEEL.NS: No data found, symbol may be delisted
17:37:45 │ ERROR   │ $MAXVOLT.NS: No data found, symbol may be delisted
17:37:45 │ ERROR   │ $MAXHEIGHTS.NS: No data found, symbol may be delisted
17:37:45 │ ERROR   │ 
7 Failed downloads:
17:37:45 │ ERROR   │ ['MAYURFL.NS', 'MAXIMUS.NS', 'MAYUR.NS', 'MAYUKH.NS', 'MAYASHEEL.NS', 'MAXVOLT.NS', 'MAXHEIGHTS.NS']: No data found, symbol may be delisted
17:37:51 │ INFO    │    📦 Batch 204/388 — 15 stocks...
17:37:51 │ ERROR   │ $MCPL.NS: No data found, symbol may be delisted
17:37:52 │ ERROR   │ $MCEL.NS: No data found, symbol may be delisted
17:37:52 │ ERROR   │ $MCLTD.NS: No data found, symbol may be delisted
17:37:53 │ ERROR   │ $MCFL.NS: No data found, symbol may be delisted
17:37:54 │ ERROR   │ 
4 Failed downloads:
17:37:54 │ ERROR   │ ['MCPL.NS', 'MCEL.NS', 'MCLTD.NS', 'MCFL.NS']: No data found, symbol may be delisted
17:38:00 │ INFO    │    📦 Batch 205/388 — 15 stocks...
17:38:00 │ ERROR   │ $MEDIAONE.NS: No data found, symbol may be delisted
17:38:00 │ ERROR   │ $MEENST.NS: No data found, symbol may be delisted
17:38:01 │ ERROR   │ $MDRNSTL.NS: No data found, symbol may be delisted
17:38:01 │ ERROR   │ $MEERA.NS: No data found, symbol may be delisted
17:38:02 │ ERROR   │ $MDRC.NS: No data found, symbol may be delisted
17:38:02 │ ERROR   │ $MEAPL.NS: No data found, symbol may be delisted
17:38:03 │ ERROR   │ $MEDISTEP.NS: No data found, symbol may be delisted
17:38:03 │ ERROR   │ 
7 Failed downloads:
17:38:03 │ ERROR   │ ['MEDIAONE.NS', 'MEENST.NS', 'MDRNSTL.NS', 'MEERA.NS', 'MDRC.NS', 'MEAPL.NS', 'MEDISTEP.NS']: No data found, symbol may be delisted
17:38:09 │ INFO    │    📦 Batch 206/388 — 15 stocks...
17:38:09 │ ERROR   │ $MEHIF.NS: No data found, symbol may be delisted
17:38:10 │ ERROR   │ $MEHUL.NS: No data found, symbol may be delisted
17:38:10 │ ERROR   │ $MEHSECU.NS: No data found, symbol may be delisted
17:38:11 │ ERROR   │ $MEGRISOFT.NS: No data found, symbol may be delisted
17:38:12 │ ERROR   │ $MEHAI.NS: No data found, symbol may be delisted
17:38:12 │ ERROR   │ $MEFCOMCAP.NS: No data found, symbol may be delisted
17:38:12 │ ERROR   │ $MEGACOR.NS: No data found, symbol may be delisted
17:38:12 │ ERROR   │ 
7 Failed downloads:
17:38:12 │ ERROR   │ ['MEHIF.NS', 'MEHUL.NS', 'MEHSECU.NS', 'MEGRISOFT.NS', 'MEHAI.NS', 'MEFCOMCAP.NS', 'MEGACOR.NS']: No data found, symbol may be delisted
17:38:18 │ INFO    │    📦 Batch 207/388 — 15 stocks...
17:38:19 │ ERROR   │ $METALCO.NS: No data found, symbol may be delisted
17:38:19 │ ERROR   │ $METAINFO.NS: No data found, symbol may be delisted
17:38:20 │ ERROR   │ $MESON.NS: No data found, symbol may be delisted
17:38:21 │ ERROR   │ $METSL.NS: No data found, symbol may be delisted
17:38:21 │ ERROR   │ $MFLINDIA.NS: No data found, symbol may be delisted
17:38:21 │ ERROR   │ $MERCTRD.NS: No data found, symbol may be delisted
17:38:22 │ ERROR   │ $METHODHUB.NS: No data found, symbol may be delisted
17:38:22 │ ERROR   │ $MERCURYLAB.NS: No data found, symbol may be delisted
17:38:22 │ ERROR   │ 
8 Failed downloads:
17:38:22 │ ERROR   │ ['METALCO.NS', 'METAINFO.NS', 'MESON.NS', 'METSL.NS', 'MFLINDIA.NS', 'MERCTRD.NS', 'METHODHUB.NS', 'MERCURYLAB.NS']: No data found, symbol may be delisted
17:38:28 │ INFO    │    📦 Batch 208/388 — 15 stocks...
17:38:29 │ ERROR   │ $MGSL.NS: No data found, symbol may be delisted
17:38:30 │ ERROR   │ $MHEL.NS: No data found, symbol may be delisted
17:38:30 │ ERROR   │ $MGIL.NS: No data found, symbol may be delisted
17:38:31 │ ERROR   │ $MICROSE.NS: No data found, symbol may be delisted
17:38:31 │ ERROR   │ $MHSGRMS.NS: No data found, symbol may be delisted
17:38:31 │ ERROR   │ $MFSINTRCRP.NS: No data found, symbol may be delisted
17:38:32 │ ERROR   │ 
6 Failed downloads:
17:38:32 │ ERROR   │ ['MGSL.NS', 'MHEL.NS', 'MGIL.NS', 'MICROSE.NS', 'MHSGRMS.NS', 'MFSINTRCRP.NS']: No data found, symbol may be delisted
17:38:38 │ INFO    │    📦 Batch 209/388 — 15 stocks...
17:38:39 │ ERROR   │ $MIDPOLY.NS: No data found, symbol may be delisted
17:38:39 │ ERROR   │ $MIDINDIA.NS: No data found, symbol may be delisted
17:38:40 │ ERROR   │ $MIDEASTP.NS: No data found, symbol may be delisted
17:38:40 │ ERROR   │ 
3 Failed downloads:
17:38:40 │ ERROR   │ ['MIDPOLY.NS', 'MIDINDIA.NS', 'MIDEASTP.NS']: No data found, symbol may be delisted
17:38:46 │ INFO    │    📦 Batch 210/388 — 15 stocks...
17:38:47 │ ERROR   │ $MILEFUR.NS: No data found, symbol may be delisted
17:38:47 │ ERROR   │ $MIEL.NS: No data found, symbol may be delisted
17:38:48 │ ERROR   │ $MILLENNIUM.NS: No data found, symbol may be delisted
17:38:50 │ ERROR   │ $MILESTONE.NS: No data found, symbol may be delisted
17:38:50 │ ERROR   │ $MIL.NS: No data found, symbol may be delisted
17:38:51 │ ERROR   │ $MIHIKA.NS: No data found, symbol may be delisted
17:38:52 │ ERROR   │ $MIDWEST.NS: No data found, symbol may be delisted
17:38:52 │ ERROR   │ $MINAXI.NS: No data found, symbol may be delisted
17:38:52 │ ERROR   │ 
8 Failed downloads:
17:38:52 │ ERROR   │ ['MILEFUR.NS', 'MIEL.NS', 'MILLENNIUM.NS', 'MILESTONE.NS', 'MIL.NS', 'MIHIKA.NS', 'MIDWEST.NS', 'MINAXI.NS']: No data found, symbol may be delisted
17:38:58 │ INFO    │    📦 Batch 211/388 — 15 stocks...
17:38:58 │ ERROR   │ $MISHKA.NS: No data found, symbol may be delisted
17:38:59 │ ERROR   │ $MITSHI.NS: No data found, symbol may be delisted
17:38:59 │ ERROR   │ $MIRCELECTR.NS: No data found, symbol may be delisted
17:39:00 │ ERROR   │ $MISQUITA.NS: No data found, symbol may be delisted
17:39:00 │ ERROR   │ $MIT.NS: No data found, symbol may be delisted
17:39:00 │ ERROR   │ $MISHTANN.NS: No data found, symbol may be delisted
17:39:01 │ ERROR   │ $MITSU.NS: No data found, symbol may be delisted
17:39:01 │ ERROR   │ $MINID.NS: No data found, symbol may be delisted
17:39:01 │ ERROR   │ $MINOLTAF.NS: No data found, symbol may be delisted
17:39:02 │ ERROR   │ $MISHDESIGN.NS: No data found, symbol may be delisted
17:39:02 │ ERROR   │ $MITCONPP.NS: No data found, symbol may be delisted
17:39:02 │ ERROR   │ 
11 Failed downloads:
17:39:02 │ ERROR   │ ['MISHKA.NS', 'MITSHI.NS', 'MIRCELECTR.NS', 'MISQUITA.NS', 'MIT.NS', 'MISHTANN.NS', 'MITSU.NS', 'MINID.NS', 'MINOLTAF.NS', 'MISHDESIGN.NS', 'MITCONPP.NS']: No data found, symbol may be delisted
17:39:08 │ INFO    │    📦 Batch 212/388 — 15 stocks...
17:39:09 │ ERROR   │ $MMEL.NS: No data found, symbol may be delisted
17:39:09 │ ERROR   │ $MIZVEN.NS: No data found, symbol may be delisted
17:39:09 │ ERROR   │ $MKPMOB.NS: No data found, symbol may be delisted
17:39:10 │ ERROR   │ $MKVENTURES.NS: No data found, symbol may be delisted
17:39:10 │ ERROR   │ $MMRUBBR-B.NS: No data found, symbol may be delisted
17:39:11 │ ERROR   │ $MMLF.NS: No data found, symbol may be delisted
17:39:11 │ ERROR   │ $MITTALSTL.NS: No data found, symbol may be delisted
17:39:12 │ ERROR   │ $MIVENMACH.NS: No data found, symbol may be delisted
17:39:12 │ ERROR   │ $MKTCREAT.NS: No data found, symbol may be delisted
17:39:12 │ ERROR   │ $MLINDLTD.NS: No data found, symbol may be delisted
17:39:12 │ ERROR   │ 
10 Failed downloads:
17:39:12 │ ERROR   │ ['MMEL.NS', 'MIZVEN.NS', 'MKPMOB.NS', 'MKVENTURES.NS', 'MMRUBBR-B.NS', 'MMLF.NS', 'MITTALSTL.NS', 'MIVENMACH.NS', 'MKTCREAT.NS', 'MLINDLTD.NS']: No data found, symbol may be delisted
17:39:18 │ INFO    │    📦 Batch 213/388 — 15 stocks...
17:39:19 │ ERROR   │ $MNFL.NS: No data found, symbol may be delisted
17:39:19 │ ERROR   │ $MNPLFIN.NS: No data found, symbol may be delisted
17:39:20 │ ERROR   │ $MNIL.NS: No data found, symbol may be delisted
17:39:20 │ ERROR   │ $MOBILISE.NS: No data found, symbol may be delisted
17:39:21 │ ERROR   │ $MOBAVENUE.NS: No data found, symbol may be delisted
17:39:22 │ ERROR   │ $MODAIRY.NS: No data found, symbol may be delisted
17:39:22 │ ERROR   │ 
6 Failed downloads:
17:39:22 │ ERROR   │ ['MNFL.NS', 'MNPLFIN.NS', 'MNIL.NS', 'MOBILISE.NS', 'MOBAVENUE.NS', 'MODAIRY.NS']: No data found, symbol may be delisted
17:39:28 │ INFO    │    📦 Batch 214/388 — 15 stocks...
17:39:29 │ ERROR   │ $MODIPON.NS: No data found, symbol may be delisted
17:39:29 │ ERROR   │ $MODINSU.NS: No data found, symbol may be delisted
17:39:30 │ ERROR   │ $MODRNSH.NS: No data found, symbol may be delisted
17:39:31 │ ERROR   │ $MODULEX.NS: No data found, symbol may be delisted
17:39:32 │ ERROR   │ $MODMA.NS: No data found, symbol may be delisted
17:39:32 │ ERROR   │ $MODWOOL.NS: No data found, symbol may be delisted
17:39:33 │ ERROR   │ 
6 Failed downloads:
17:39:33 │ ERROR   │ ['MODIPON.NS', 'MODINSU.NS', 'MODRNSH.NS', 'MODULEX.NS', 'MODMA.NS', 'MODWOOL.NS']: No data found, symbol may be delisted
17:39:39 │ INFO    │    📦 Batch 215/388 — 15 stocks...
17:39:40 │ ERROR   │ $MOHITPPR.NS: No data found, symbol may be delisted
17:39:41 │ ERROR   │ 
1 Failed download:
17:39:41 │ ERROR   │ ['MOHITPPR.NS']: No data found, symbol may be delisted
17:39:47 │ INFO    │    📦 Batch 216/388 — 15 stocks...
17:39:48 │ ERROR   │ $MONGIPA.NS: No data found, symbol may be delisted
17:39:49 │ ERROR   │ 
1 Failed download:
17:39:49 │ ERROR   │ ['MONGIPA.NS']: No data found, symbol may be delisted
17:39:55 │ INFO    │    📦 Batch 217/388 — 15 stocks...
17:39:55 │ ERROR   │ $MONOT.NS: No data found, symbol may be delisted
17:39:56 │ ERROR   │ $MONIND.NS: No data found, symbol may be delisted
17:39:56 │ ERROR   │ $MONIKA.NS: No data found, symbol may be delisted
17:39:57 │ ERROR   │ $MONOLITH.NS: No data found, symbol may be delisted
17:39:57 │ ERROR   │ $MORGAN.NS: No data found, symbol may be delisted
17:39:58 │ ERROR   │ $MORARKFI.NS: No data found, symbol may be delisted
17:39:58 │ ERROR   │ 
6 Failed downloads:
17:39:58 │ ERROR   │ ['MONOT.NS', 'MONIND.NS', 'MONIKA.NS', 'MONOLITH.NS', 'MORGAN.NS', 'MORARKFI.NS']: No data found, symbol may be delisted
17:40:04 │ INFO    │    📦 Batch 218/388 — 15 stocks...
17:40:05 │ ERROR   │ $MPAGI.NS: No data found, symbol may be delisted
17:40:05 │ ERROR   │ $MOUNT.NS: No data found, symbol may be delisted
17:40:07 │ ERROR   │ 
2 Failed downloads:
17:40:07 │ ERROR   │ ['MPAGI.NS', 'MOUNT.NS']: No data found, symbol may be delisted
17:40:13 │ INFO    │    📦 Batch 219/388 — 15 stocks...
17:40:13 │ ERROR   │ $MRUTR.NS: No data found, symbol may be delisted
17:40:14 │ ERROR   │ $MPILCORPL.NS: No data found, symbol may be delisted
17:40:14 │ ERROR   │ $MPFSL.NS: No data found, symbol may be delisted
17:40:15 │ ERROR   │ $MRIL.NS: No data found, symbol may be delisted
17:40:15 │ ERROR   │ $MPEL.NS: No data found, symbol may be delisted
17:40:15 │ ERROR   │ $MPL.NS: No data found, symbol may be delisted
17:40:16 │ ERROR   │ $MRCAGRO.NS: No data found, symbol may be delisted
17:40:17 │ ERROR   │ $MPKSTEELS.NS: No data found, symbol may be delisted
17:40:17 │ ERROR   │ $MRP.NS: No data found, symbol may be delisted
17:40:17 │ ERROR   │ 
9 Failed downloads:
17:40:17 │ ERROR   │ ['MRUTR.NS', 'MPILCORPL.NS', 'MPFSL.NS', 'MRIL.NS', 'MPEL.NS', 'MPL.NS', 'MRCAGRO.NS', 'MPKSTEELS.NS', 'MRP.NS']: No data found, symbol may be delisted
17:40:23 │ INFO    │    📦 Batch 220/388 — 15 stocks...
17:40:24 │ ERROR   │ $MTPL.NS: No data found, symbol may be delisted
17:40:24 │ ERROR   │ $MSAFE.NS: No data found, symbol may be delisted
17:40:25 │ ERROR   │ $MSECL.NS: No data found, symbol may be delisted
17:40:26 │ ERROR   │ $MUDRA.NS: No data found, symbol may be delisted
17:40:26 │ ERROR   │ $MSRINDIA.NS: No data found, symbol may be delisted
17:40:26 │ ERROR   │ $MTL.NS: No data found, symbol may be delisted
17:40:27 │ ERROR   │ 
6 Failed downloads:
17:40:27 │ ERROR   │ ['MTPL.NS', 'MSAFE.NS', 'MSECL.NS', 'MUDRA.NS', 'MSRINDIA.NS', 'MTL.NS']: No data found, symbol may be delisted
17:40:33 │ INFO    │    📦 Batch 221/388 — 15 stocks...
17:40:34 │ ERROR   │ $MULLER.NS: No data found, symbol may be delisted
17:40:34 │ ERROR   │ $MUKATPIP.NS: No data found, symbol may be delisted
17:40:35 │ ERROR   │ $MUKTA.NS: No data found, symbol may be delisted
17:40:35 │ ERROR   │ $MULTIIN.NS: No data found, symbol may be delisted
17:40:35 │ ERROR   │ $MUL.NS: No data found, symbol may be delisted
17:40:36 │ ERROR   │ $MUNCAPM.NS: No data found, symbol may be delisted
17:40:36 │ ERROR   │ $MULTIBASE.NS: No data found, symbol may be delisted
17:40:36 │ ERROR   │ $MUDUNURU.NS: No data found, symbol may be delisted
17:40:36 │ ERROR   │ 
8 Failed downloads:
17:40:36 │ ERROR   │ ['MULLER.NS', 'MUKATPIP.NS', 'MUKTA.NS', 'MULTIIN.NS', 'MUL.NS', 'MUNCAPM.NS', 'MULTIBASE.NS', 'MUDUNURU.NS']: No data found, symbol may be delisted
17:40:42 │ INFO    │    📦 Batch 222/388 — 15 stocks...
17:40:44 │ ERROR   │ $MVCOTSP.NS: No data found, symbol may be delisted
17:40:45 │ ERROR   │ $MUNISH.NS: No data found, symbol may be delisted
17:40:45 │ ERROR   │ $MYMONEY.NS: No data found, symbol may be delisted
17:40:46 │ ERROR   │ $MURAE.NS: No data found, symbol may be delisted
17:40:46 │ ERROR   │ $MUNOTHFI.NS: No data found, symbol may be delisted
17:40:47 │ ERROR   │ 
5 Failed downloads:
17:40:47 │ ERROR   │ ['MVCOTSP.NS', 'MUNISH.NS', 'MYMONEY.NS', 'MURAE.NS', 'MUNOTHFI.NS']: No data found, symbol may be delisted
17:40:53 │ INFO    │    📦 Batch 223/388 — 15 stocks...
17:40:53 │ ERROR   │ $NAGPI.NS: No data found, symbol may be delisted
17:40:54 │ ERROR   │ $MYMUDRA.NS: No data found, symbol may be delisted
17:40:55 │ ERROR   │ $NAGTECH.NS: No data found, symbol may be delisted
17:40:55 │ ERROR   │ $NACDAC.NS: No data found, symbol may be delisted
17:40:55 │ ERROR   │ $NAKSH.NS: No data found, symbol may be delisted
17:40:56 │ ERROR   │ $MYSTICELE.NS: No data found, symbol may be delisted
17:40:56 │ ERROR   │ 
6 Failed downloads:
17:40:56 │ ERROR   │ ['NAGPI.NS', 'MYMUDRA.NS', 'NAGTECH.NS', 'NACDAC.NS', 'NAKSH.NS', 'MYSTICELE.NS']: No data found, symbol may be delisted
17:41:02 │ INFO    │    📦 Batch 224/388 — 15 stocks...
17:41:02 │ ERROR   │ $NARMADESH.NS: No data found, symbol may be delisted
17:41:03 │ ERROR   │ $NATFIT.NS: No data found, symbol may be delisted
17:41:03 │ ERROR   │ $NARMP.NS: No data found, symbol may be delisted
17:41:04 │ ERROR   │ $NAPEROL.NS: No data found, symbol may be delisted
17:41:04 │ ERROR   │ $NARPROP.NS: No data found, symbol may be delisted
17:41:04 │ ERROR   │ $NAPL.NS: No data found, symbol may be delisted
17:41:05 │ ERROR   │ $NAMOEWASTE.NS: No data found, symbol may be delisted
17:41:05 │ ERROR   │ $NAM.NS: No data found, symbol may be delisted
17:41:06 │ ERROR   │ $NAPSGLOBAL.NS: No data found, symbol may be delisted
17:41:06 │ ERROR   │ $NANTA.NS: No data found, symbol may be delisted
17:41:06 │ ERROR   │ 
10 Failed downloads:
17:41:06 │ ERROR   │ ['NARMADESH.NS', 'NATFIT.NS', 'NARMP.NS', 'NAPEROL.NS', 'NARPROP.NS', 'NAPL.NS', 'NAMOEWASTE.NS', 'NAM.NS', 'NAPSGLOBAL.NS', 'NANTA.NS']: No data found, symbol may be delisted
17:41:12 │ INFO    │    📦 Batch 225/388 — 15 stocks...
17:41:13 │ ERROR   │ $NATHUEC.NS: No data found, symbol may be delisted
17:41:14 │ ERROR   │ $NATGENI.NS: No data found, symbol may be delisted
17:41:14 │ ERROR   │ $NATURAL.NS: No data found, symbol may be delisted
17:41:15 │ ERROR   │ $NATPLAS.NS: No data found, symbol may be delisted
17:41:15 │ ERROR   │ $NATHIND.NS: No data found, symbol may be delisted
17:41:15 │ ERROR   │ $NAVIGANT.NS: No data found, symbol may be delisted
17:41:16 │ ERROR   │ $NATRAJPR.NS: No data found, symbol may be delisted
17:41:16 │ ERROR   │ $NATPLASTI.NS: No data found, symbol may be delisted
17:41:17 │ ERROR   │ $NATPLY.NS: No data found, symbol may be delisted
17:41:17 │ ERROR   │ 
9 Failed downloads:
17:41:17 │ ERROR   │ ['NATHUEC.NS', 'NATGENI.NS', 'NATURAL.NS', 'NATPLAS.NS', 'NATHIND.NS', 'NAVIGANT.NS', 'NATRAJPR.NS', 'NATPLASTI.NS', 'NATPLY.NS']: No data found, symbol may be delisted
17:41:23 │ INFO    │    📦 Batch 226/388 — 15 stocks...
17:41:24 │ ERROR   │ $NBFOOT.NS: No data found, symbol may be delisted
17:41:25 │ ERROR   │ $NCLRESE.NS: No data found, symbol may be delisted
17:41:26 │ ERROR   │ $NDASEC.NS: No data found, symbol may be delisted
17:41:26 │ ERROR   │ $NCML.NS: No data found, symbol may be delisted
17:41:27 │ ERROR   │ $NCCBLUE.NS: No data found, symbol may be delisted
17:41:27 │ ERROR   │ $NBL.NS: No data found, symbol may be delisted
17:41:27 │ ERROR   │ 
6 Failed downloads:
17:41:27 │ ERROR   │ ['NBFOOT.NS', 'NCLRESE.NS', 'NDASEC.NS', 'NCML.NS', 'NCCBLUE.NS', 'NBL.NS']: No data found, symbol may be delisted
17:41:33 │ INFO    │    📦 Batch 227/388 — 15 stocks...
17:41:34 │ ERROR   │ $NEELKANTH.NS: No data found, symbol may be delisted
17:41:34 │ ERROR   │ $NEERAJ.NS: No data found, symbol may be delisted
17:41:35 │ ERROR   │ $NDRINVIT.NS: No data found, symbol may be delisted
17:41:36 │ ERROR   │ $NEIL.NS: No data found, symbol may be delisted
17:41:36 │ ERROR   │ $NEELAM.NS: No data found, symbol may be delisted
17:41:37 │ ERROR   │ $NEELKAN.NS: No data found, symbol may be delisted
17:41:37 │ ERROR   │ $NEETUYOSHI.NS: No data found, symbol may be delisted
17:41:37 │ ERROR   │ 
7 Failed downloads:
17:41:37 │ ERROR   │ ['NEELKANTH.NS', 'NEERAJ.NS', 'NDRINVIT.NS', 'NEIL.NS', 'NEELAM.NS', 'NEELKAN.NS', 'NEETUYOSHI.NS']: No data found, symbol may be delisted
17:41:43 │ INFO    │    📦 Batch 228/388 — 15 stocks...
17:41:44 │ ERROR   │ $NEOINFRA.NS: No data found, symbol may be delisted
17:41:45 │ ERROR   │ $NEOCHEM.NS: No data found, symbol may be delisted
17:41:45 │ ERROR   │ $NETLINK.NS: No data found, symbol may be delisted
17:41:45 │ ERROR   │ $NETTLINX.NS: No data found, symbol may be delisted
17:41:46 │ ERROR   │ $NEPLOG.NS: No data found, symbol may be delisted
17:41:46 │ ERROR   │ $NEPTUNE.NS: No data found, symbol may be delisted
17:41:46 │ ERROR   │ $NETPIX.NS: No data found, symbol may be delisted
17:41:47 │ ERROR   │ 
7 Failed downloads:
17:41:47 │ ERROR   │ ['NEOINFRA.NS', 'NEOCHEM.NS', 'NETLINK.NS', 'NETTLINX.NS', 'NEPLOG.NS', 'NEPTUNE.NS', 'NETPIX.NS']: No data found, symbol may be delisted
17:41:53 │ INFO    │    📦 Batch 229/388 — 15 stocks...
17:41:54 │ ERROR   │ $NEWTRAC.NS: No data found, symbol may be delisted
17:41:54 │ ERROR   │ $NEWLIGHT.NS: No data found, symbol may be delisted
17:41:55 │ ERROR   │ $NEWINFRA.NS: No data found, symbol may be delisted
17:41:55 │ ERROR   │ $NEWMKTAVE.NS: No data found, symbol may be delisted
17:41:55 │ ERROR   │ $NEXOME.NS: No data found, symbol may be delisted
17:41:56 │ ERROR   │ 
5 Failed downloads:
17:41:56 │ ERROR   │ ['NEWTRAC.NS', 'NEWLIGHT.NS', 'NEWINFRA.NS', 'NEWMKTAVE.NS', 'NEXOME.NS']: No data found, symbol may be delisted
17:42:02 │ INFO    │    📦 Batch 230/388 — 15 stocks...
17:42:03 │ ERROR   │ $NHCFOODS.NS: No data found, symbol may be delisted
17:42:03 │ ERROR   │ $NEXXUS.NS: No data found, symbol may be delisted
17:42:04 │ ERROR   │ $NHIT.NS: No data found, symbol may be delisted
17:42:04 │ ERROR   │ $NHL.NS: No data found, symbol may be delisted
17:42:05 │ ERROR   │ $NGIND.NS: No data found, symbol may be delisted
17:42:05 │ ERROR   │ $NEXUSSURGL.NS: No data found, symbol may be delisted
17:42:05 │ ERROR   │ 
6 Failed downloads:
17:42:05 │ ERROR   │ ['NHCFOODS.NS', 'NEXXUS.NS', 'NHIT.NS', 'NHL.NS', 'NGIND.NS', 'NEXUSSURGL.NS']: No data found, symbol may be delisted
17:42:11 │ INFO    │    📦 Batch 231/388 — 15 stocks...
17:42:13 │ ERROR   │ $NIDHGRN.NS: No data found, symbol may be delisted
17:42:14 │ ERROR   │ 
1 Failed download:
17:42:14 │ ERROR   │ ['NIDHGRN.NS']: No data found, symbol may be delisted
17:42:20 │ INFO    │    📦 Batch 232/388 — 15 stocks...
17:42:20 │ ERROR   │ $NIKHILAD.NS: No data found, symbol may be delisted
17:42:22 │ ERROR   │ $NILACHAL.NS: No data found, symbol may be delisted
17:42:22 │ ERROR   │ $NIHARINF.NS: No data found, symbol may be delisted
17:42:23 │ ERROR   │ $NIKSTECH.NS: No data found, symbol may be delisted
17:42:23 │ ERROR   │ $NIKITA.NS: No data found, symbol may be delisted
17:42:23 │ ERROR   │ 
5 Failed downloads:
17:42:23 │ ERROR   │ ['NIKHILAD.NS', 'NILACHAL.NS', 'NIHARINF.NS', 'NIKSTECH.NS', 'NIKITA.NS']: No data found, symbol may be delisted
17:42:29 │ INFO    │    📦 Batch 233/388 — 15 stocks...
17:42:30 │ ERROR   │ $NISMGMT.NS: No data found, symbol may be delisted
17:42:30 │ ERROR   │ $NITINCAST.NS: No data found, symbol may be delisted
17:42:31 │ ERROR   │ $NIRBHAYIND.NS: No data found, symbol may be delisted
17:42:31 │ ERROR   │ $NIRAVCOM.NS: No data found, symbol may be delisted
17:42:32 │ ERROR   │ $NIRMITEE.NS: No data found, symbol may be delisted
17:42:32 │ ERROR   │ $NISUS.NS: No data found, symbol may be delisted
17:42:32 │ ERROR   │ 
6 Failed downloads:
17:42:32 │ ERROR   │ ['NISMGMT.NS', 'NITINCAST.NS', 'NIRBHAYIND.NS', 'NIRAVCOM.NS', 'NIRMITEE.NS', 'NISUS.NS']: No data found, symbol may be delisted
17:42:38 │ INFO    │    📦 Batch 234/388 — 15 stocks...
17:42:39 │ ERROR   │ $NMSTEEL.NS: No data found, symbol may be delisted
17:42:39 │ ERROR   │ $NIYOGIN.NS: No data found, symbol may be delisted
17:42:40 │ ERROR   │ $NOBPOL.NS: No data found, symbol may be delisted
17:42:41 │ ERROR   │ $NIVAKA.NS: No data found, symbol may be delisted
17:42:41 │ ERROR   │ $NMSGLOBAL.NS: No data found, symbol may be delisted
17:42:42 │ ERROR   │ $NORRIS.NS: No data found, symbol may be delisted
17:42:42 │ ERROR   │ $NOL.NS: No data found, symbol may be delisted
17:42:43 │ ERROR   │ $NLFL.NS: No data found, symbol may be delisted
17:42:43 │ ERROR   │ 
8 Failed downloads:
17:42:43 │ ERROR   │ ['NMSTEEL.NS', 'NIYOGIN.NS', 'NOBPOL.NS', 'NIVAKA.NS', 'NMSGLOBAL.NS', 'NORRIS.NS', 'NOL.NS', 'NLFL.NS']: No data found, symbol may be delisted
17:42:49 │ INFO    │    📦 Batch 235/388 — 15 stocks...
17:42:49 │ ERROR   │ $NPL.NS: No data found, symbol may be delisted
17:42:49 │ ERROR   │ $NOVUS.NS: No data found, symbol may be delisted
17:42:50 │ ERROR   │ $NORTHLINK.NS: No data found, symbol may be delisted
17:42:51 │ ERROR   │ $NOVATEOR.NS: No data found, symbol may be delisted
17:42:51 │ ERROR   │ $NPFL.NS: No data found, symbol may be delisted
17:42:52 │ ERROR   │ $NOUVEAU.NS: No data found, symbol may be delisted
17:42:52 │ ERROR   │ $NPRFIN.NS: No data found, symbol may be delisted
17:42:52 │ ERROR   │ $NOVELIX.NS: No data found, symbol may be delisted
17:42:53 │ ERROR   │ $NOVIS.NS: No data found, symbol may be delisted
17:42:53 │ ERROR   │ 
9 Failed downloads:
17:42:53 │ ERROR   │ ['NPL.NS', 'NOVUS.NS', 'NORTHLINK.NS', 'NOVATEOR.NS', 'NPFL.NS', 'NOUVEAU.NS', 'NPRFIN.NS', 'NOVELIX.NS', 'NOVIS.NS']: No data found, symbol may be delisted
17:42:59 │ INFO    │    📦 Batch 236/388 — 15 stocks...
17:42:59 │ ERROR   │ $NSDL.NS: No data found, symbol may be delisted
17:43:00 │ ERROR   │ $NSBBPO.NS: No data found, symbol may be delisted
17:43:00 │ ERROR   │ $NUKLEUS.NS: No data found, symbol may be delisted
17:43:01 │ ERROR   │ $NRVANDANA.NS: No data found, symbol may be delisted
17:43:02 │ ERROR   │ $NUTECGLOB.NS: No data found, symbol may be delisted
17:43:02 │ ERROR   │ $NSL.NS: No data found, symbol may be delisted
17:43:02 │ ERROR   │ 
6 Failed downloads:
17:43:02 │ ERROR   │ ['NSDL.NS', 'NSBBPO.NS', 'NUKLEUS.NS', 'NRVANDANA.NS', 'NUTECGLOB.NS', 'NSL.NS']: No data found, symbol may be delisted
17:43:08 │ INFO    │    📦 Batch 237/388 — 15 stocks...
17:43:09 │ ERROR   │ $NXT-INFRA.NS: No data found, symbol may be delisted
17:43:10 │ ERROR   │ $OBSCP.NS: No data found, symbol may be delisted
17:43:10 │ ERROR   │ $OASISEC.NS: No data found, symbol may be delisted
17:43:11 │ ERROR   │ $NYSSACORP.NS: No data found, symbol may be delisted
17:43:11 │ ERROR   │ $NWIL.NS: No data found, symbol may be delisted
17:43:12 │ ERROR   │ $NVENTURES.NS: No data found, symbol may be delisted
17:43:12 │ ERROR   │ 
6 Failed downloads:
17:43:12 │ ERROR   │ ['NXT-INFRA.NS', 'OBSCP.NS', 'OASISEC.NS', 'NYSSACORP.NS', 'NWIL.NS', 'NVENTURES.NS']: No data found, symbol may be delisted
17:43:18 │ INFO    │    📦 Batch 238/388 — 15 stocks...
17:43:18 │ ERROR   │ $OCTAWARE.NS: No data found, symbol may be delisted
17:43:19 │ ERROR   │ $ODYSSEY.NS: No data found, symbol may be delisted
17:43:19 │ ERROR   │ $OCTAL.NS: No data found, symbol may be delisted
17:43:20 │ ERROR   │ $OKPLA.NS: No data found, symbol may be delisted
17:43:20 │ ERROR   │ $OIVL.NS: No data found, symbol may be delisted
17:43:21 │ ERROR   │ $OCTAVIUSPL.NS: No data found, symbol may be delisted
17:43:21 │ ERROR   │ $OCEANIC.NS: No data found, symbol may be delisted
17:43:22 │ ERROR   │ $OCTAVE.NS: No data found, symbol may be delisted
17:43:22 │ ERROR   │ 
8 Failed downloads:
17:43:22 │ ERROR   │ ['OCTAWARE.NS', 'ODYSSEY.NS', 'OCTAL.NS', 'OKPLA.NS', 'OIVL.NS', 'OCTAVIUSPL.NS', 'OCEANIC.NS', 'OCTAVE.NS']: No data found, symbol may be delisted
17:43:28 │ INFO    │    📦 Batch 239/388 — 15 stocks...
17:43:28 │ ERROR   │ $OLPCL.NS: No data found, symbol may be delisted
17:43:29 │ ERROR   │ $OMEGAIN.NS: No data found, symbol may be delisted
17:43:30 │ ERROR   │ $OMEAG.NS: No data found, symbol may be delisted
17:43:30 │ ERROR   │ $OLYMPTX.NS: No data found, symbol may be delisted
17:43:31 │ ERROR   │ $OLYMTFI.NS: No data found, symbol may be delisted
17:43:32 │ ERROR   │ $OLYOI.NS: No data found, symbol may be delisted
17:43:32 │ ERROR   │ $OLATECH.NS: No data found, symbol may be delisted
17:43:32 │ ERROR   │ 
7 Failed downloads:
17:43:32 │ ERROR   │ ['OLPCL.NS', 'OMEGAIN.NS', 'OMEAG.NS', 'OLYMPTX.NS', 'OLYMTFI.NS', 'OLYOI.NS', 'OLATECH.NS']: No data found, symbol may be delisted
17:43:38 │ INFO    │    📦 Batch 240/388 — 15 stocks...
17:43:39 │ ERROR   │ $OMNITEX.NS: No data found, symbol may be delisted
17:43:39 │ ERROR   │ $OMNIAX.NS: No data found, symbol may be delisted
17:43:40 │ ERROR   │ $OML.NS: No data found, symbol may be delisted
17:43:41 │ ERROR   │ $OMNIPOTENT.NS: No data found, symbol may be delisted
17:43:41 │ ERROR   │ $OMKARPH.NS: No data found, symbol may be delisted
17:43:41 │ ERROR   │ 
5 Failed downloads:
17:43:41 │ ERROR   │ ['OMNITEX.NS', 'OMNIAX.NS', 'OML.NS', 'OMNIPOTENT.NS', 'OMKARPH.NS']: No data found, symbol may be delisted
17:43:48 │ INFO    │    📦 Batch 241/388 — 15 stocks...
17:43:48 │ ERROR   │ $OPCHAINS.NS: No data found, symbol may be delisted
17:43:48 │ ERROR   │ $OPTIVALUE.NS: No data found, symbol may be delisted
17:43:49 │ ERROR   │ $ONYX.NS: No data found, symbol may be delisted
17:43:50 │ ERROR   │ $OONE.NS: No data found, symbol may be delisted
17:43:50 │ ERROR   │ $ORGANICREC.NS: No data found, symbol may be delisted
17:43:50 │ ERROR   │ $ONTIC.NS: No data found, symbol may be delisted
17:43:51 │ ERROR   │ $OPAL.NS: No data found, symbol may be delisted
17:43:51 │ ERROR   │ 
7 Failed downloads:
17:43:51 │ ERROR   │ ['OPCHAINS.NS', 'OPTIVALUE.NS', 'ONYX.NS', 'OONE.NS', 'ORGANICREC.NS', 'ONTIC.NS', 'OPAL.NS']: No data found, symbol may be delisted
17:43:57 │ INFO    │    📦 Batch 242/388 — 15 stocks...
17:43:57 │ ERROR   │ $ORIBEVER.NS: No data found, symbol may be delisted
17:43:59 │ ERROR   │ $ORGCOAT.NS: No data found, symbol may be delisted
17:44:00 │ ERROR   │ $ORIENTTR.NS: No data found, symbol may be delisted
17:44:01 │ ERROR   │ 
3 Failed downloads:
17:44:01 │ ERROR   │ ['ORIBEVER.NS', 'ORGCOAT.NS', 'ORIENTTR.NS']: No data found, symbol may be delisted
17:44:07 │ INFO    │    📦 Batch 243/388 — 15 stocks...
17:44:08 │ ERROR   │ $OSEASPR.NS: No data found, symbol may be delisted
17:44:08 │ ERROR   │ $OSEINTRUST.NS: No data found, symbol may be delisted
17:44:09 │ ERROR   │ $OSWALEA.NS: No data found, symbol may be delisted
17:44:10 │ ERROR   │ $OSIAJEE.NS: No data found, symbol may be delisted
17:44:10 │ ERROR   │ $OROSMITHS.NS: No data found, symbol may be delisted
17:44:10 │ ERROR   │ $OSELDEVICE.NS: No data found, symbol may be delisted
17:44:10 │ ERROR   │ 
6 Failed downloads:
17:44:10 │ ERROR   │ ['OSEASPR.NS', 'OSEINTRUST.NS', 'OSWALEA.NS', 'OSIAJEE.NS', 'OROSMITHS.NS', 'OSELDEVICE.NS']: No data found, symbol may be delisted
17:44:16 │ INFO    │    📦 Batch 244/388 — 15 stocks...
17:44:17 │ ERROR   │ $OVAL.NS: No data found, symbol may be delisted
17:44:17 │ ERROR   │ $OXFORDIN.NS: No data found, symbol may be delisted
17:44:17 │ ERROR   │ $PACE.NS: No data found, symbol may be delisted
17:44:18 │ ERROR   │ $OVOBELE.NS: No data found, symbol may be delisted
17:44:18 │ ERROR   │ $PADMAIND.NS: No data found, symbol may be delisted
17:44:19 │ ERROR   │ $PADALPO.NS: No data found, symbol may be delisted
17:44:19 │ ERROR   │ $OSWAYRN.NS: No data found, symbol may be delisted
17:44:19 │ ERROR   │ $PADAMCO.NS: No data found, symbol may be delisted
17:44:20 │ ERROR   │ $OTCO.NS: No data found, symbol may be delisted
17:44:20 │ ERROR   │ $PADMALAYAT.NS: No data found, symbol may be delisted
17:44:20 │ ERROR   │ $OXYGENTAPH.NS: No data found, symbol may be delisted
17:44:20 │ ERROR   │ 
11 Failed downloads:
17:44:20 │ ERROR   │ ['OVAL.NS', 'OXFORDIN.NS', 'PACE.NS', 'OVOBELE.NS', 'PADMAIND.NS', 'PADALPO.NS', 'OSWAYRN.NS', 'PADAMCO.NS', 'OTCO.NS', 'PADMALAYAT.NS', 'OXYGENTAPH.NS']: No data found, symbol may be delisted
17:44:27 │ INFO    │    📦 Batch 245/388 — 15 stocks...
17:44:27 │ ERROR   │ $PANAFIC.NS: No data found, symbol may be delisted
17:44:28 │ ERROR   │ $PAJSON.NS: No data found, symbol may be delisted
17:44:29 │ ERROR   │ $PANCARBON.NS: No data found, symbol may be delisted
17:44:29 │ ERROR   │ $PANABYTE.NS: No data found, symbol may be delisted
17:44:29 │ ERROR   │ $PALCO.NS: No data found, symbol may be delisted
17:44:30 │ ERROR   │ $PALMJEWELS.NS: No data found, symbol may be delisted
17:44:30 │ ERROR   │ $PANAENERG.NS: No data found, symbol may be delisted
17:44:30 │ ERROR   │ 
7 Failed downloads:
17:44:30 │ ERROR   │ ['PANAFIC.NS', 'PAJSON.NS', 'PANCARBON.NS', 'PANABYTE.NS', 'PALCO.NS', 'PALMJEWELS.NS', 'PANAENERG.NS']: No data found, symbol may be delisted
17:44:36 │ INFO    │    📦 Batch 246/388 — 15 stocks...
17:44:37 │ ERROR   │ $PANTH.NS: No data found, symbol may be delisted
17:44:37 │ ERROR   │ $PANKAJPO.NS: No data found, symbol may be delisted
17:44:38 │ ERROR   │ $PANCM.NS: No data found, symbol may be delisted
17:44:38 │ ERROR   │ $PANIDPR.NS: No data found, symbol may be delisted
17:44:38 │ ERROR   │ $PANINDIAC.NS: No data found, symbol may be delisted
17:44:39 │ ERROR   │ $PANCHSHEEL.NS: No data found, symbol may be delisted
17:44:39 │ ERROR   │ $PANHR.NS: No data found, symbol may be delisted
17:44:40 │ ERROR   │ $PANJON.NS: No data found, symbol may be delisted
17:44:41 │ ERROR   │ $PANELEC.NS: No data found, symbol may be delisted
17:44:41 │ ERROR   │ 
9 Failed downloads:
17:44:41 │ ERROR   │ ['PANTH.NS', 'PANKAJPO.NS', 'PANCM.NS', 'PANIDPR.NS', 'PANINDIAC.NS', 'PANCHSHEEL.NS', 'PANHR.NS', 'PANJON.NS', 'PANELEC.NS']: No data found, symbol may be delisted
17:44:48 │ INFO    │    📦 Batch 247/388 — 15 stocks...
17:44:48 │ ERROR   │ $PARLEIND.NS: No data found, symbol may be delisted
17:44:49 │ ERROR   │ $PARAMOUNT.NS: No data found, symbol may be delisted
17:44:49 │ ERROR   │ $PARAGONF.NS: No data found, symbol may be delisted
17:44:50 │ ERROR   │ $PARMAX.NS: No data found, symbol may be delisted
17:44:50 │ ERROR   │ $PARMESHWAR.NS: No data found, symbol may be delisted
17:44:51 │ ERROR   │ $PARAMPARA.NS: No data found, symbol may be delisted
17:44:51 │ ERROR   │ $PARMCOS-B.NS: No data found, symbol may be delisted
17:44:51 │ ERROR   │ $PARKERAC.NS: No data found, symbol may be delisted
17:44:52 │ ERROR   │ $PARAMATRIX.NS: No data found, symbol may be delisted
17:44:52 │ ERROR   │ 
9 Failed downloads:
17:44:52 │ ERROR   │ ['PARLEIND.NS', 'PARAMOUNT.NS', 'PARAGONF.NS', 'PARMAX.NS', 'PARMESHWAR.NS', 'PARAMPARA.NS', 'PARMCOS-B.NS', 'PARKERAC.NS', 'PARAMATRIX.NS']: No data found, symbol may be delisted
17:44:58 │ INFO    │    📦 Batch 248/388 — 15 stocks...
17:44:59 │ ERROR   │ $PASARI.NS: No data found, symbol may be delisted
17:45:00 │ ERROR   │ $PARVATI.NS: No data found, symbol may be delisted
17:45:00 │ ERROR   │ $PARSHWANA.NS: No data found, symbol may be delisted
17:45:00 │ ERROR   │ $PATANGPP.NS: No data found, symbol may be delisted
17:45:01 │ ERROR   │ $PASUSPG.NS: No data found, symbol may be delisted
17:45:01 │ ERROR   │ $PARTH.NS: No data found, symbol may be delisted
17:45:01 │ ERROR   │ $PASUFIN.NS: No data found, symbol may be delisted
17:45:02 │ ERROR   │ $PARMSILK.NS: No data found, symbol may be delisted
17:45:02 │ ERROR   │ $PARSHVA.NS: No data found, symbol may be delisted
17:45:02 │ ERROR   │ 
9 Failed downloads:
17:45:02 │ ERROR   │ ['PASARI.NS', 'PARVATI.NS', 'PARSHWANA.NS', 'PATANGPP.NS', 'PASUSPG.NS', 'PARTH.NS', 'PASUFIN.NS', 'PARMSILK.NS', 'PARSHVA.NS']: No data found, symbol may be delisted
17:45:09 │ INFO    │    📦 Batch 249/388 — 15 stocks...
17:45:09 │ ERROR   │ $PATRON.NS: No data found, symbol may be delisted
17:45:10 │ ERROR   │ $PATIDAR.NS: No data found, symbol may be delisted
17:45:10 │ ERROR   │ $PATILAUTOM.NS: No data found, symbol may be delisted
17:45:11 │ ERROR   │ $PBFL.NS: No data found, symbol may be delisted
17:45:11 │ ERROR   │ $PATSPINLTD.NS: No data found, symbol may be delisted
17:45:12 │ ERROR   │ $PBAINFRA.NS: No data found, symbol may be delisted
17:45:12 │ ERROR   │ $PATELCHEM.NS: No data found, symbol may be delisted
17:45:13 │ ERROR   │ $PATELSAI.NS: No data found, symbol may be delisted
17:45:13 │ ERROR   │ 
8 Failed downloads:
17:45:13 │ ERROR   │ ['PATRON.NS', 'PATIDAR.NS', 'PATILAUTOM.NS', 'PBFL.NS', 'PATSPINLTD.NS', 'PBAINFRA.NS', 'PATELCHEM.NS', 'PATELSAI.NS']: No data found, symbol may be delisted
17:45:19 │ INFO    │    📦 Batch 250/388 — 15 stocks...
17:45:20 │ ERROR   │ $PCL.NS: No data found, symbol may be delisted
17:45:20 │ ERROR   │ $PCS.NS: No data found, symbol may be delisted
17:45:21 │ ERROR   │ $PELATRO.NS: No data found, symbol may be delisted
17:45:21 │ ERROR   │ $PCCOSMA.NS: No data found, symbol may be delisted
17:45:21 │ ERROR   │ $PEETISEC.NS: No data found, symbol may be delisted
17:45:22 │ ERROR   │ $PEIL.NS: No data found, symbol may be delisted
17:45:22 │ ERROR   │ $PBGLOBAL.NS: No data found, symbol may be delisted
17:45:23 │ ERROR   │ $PECOS.NS: No data found, symbol may be delisted
17:45:23 │ ERROR   │ 
8 Failed downloads:
17:45:23 │ ERROR   │ ['PCL.NS', 'PCS.NS', 'PELATRO.NS', 'PCCOSMA.NS', 'PEETISEC.NS', 'PEIL.NS', 'PBGLOBAL.NS', 'PECOS.NS']: No data found, symbol may be delisted
17:45:29 │ INFO    │    📦 Batch 251/388 — 15 stocks...
17:45:29 │ ERROR   │ $PETPLST.NS: No data found, symbol may be delisted
17:45:30 │ ERROR   │ $PERVASIVE.NS: No data found, symbol may be delisted
17:45:30 │ ERROR   │ $PFL.NS: No data found, symbol may be delisted
17:45:31 │ ERROR   │ $PERFEPA.NS: No data found, symbol may be delisted
17:45:32 │ ERROR   │ $PESB.NS: No data found, symbol may be delisted
17:45:32 │ ERROR   │ 
5 Failed downloads:
17:45:32 │ ERROR   │ ['PETPLST.NS', 'PERVASIVE.NS', 'PFL.NS', 'PERFEPA.NS', 'PESB.NS']: No data found, symbol may be delisted
17:45:39 │ INFO    │    📦 Batch 252/388 — 15 stocks...
17:45:39 │ ERROR   │ $PFLINFOTC.NS: No data found, symbol may be delisted
17:45:40 │ ERROR   │ $PHCAP.NS: No data found, symbol may be delisted
17:45:40 │ ERROR   │ $PHARMAID.NS: No data found, symbol may be delisted
17:45:40 │ ERROR   │ $PGFOILQ.NS: No data found, symbol may be delisted
17:45:42 │ ERROR   │ $PGCRL.NS: No data found, symbol may be delisted
17:45:42 │ ERROR   │ 
5 Failed downloads:
17:45:42 │ ERROR   │ ['PFLINFOTC.NS', 'PHCAP.NS', 'PHARMAID.NS', 'PGFOILQ.NS', 'PGCRL.NS']: No data found, symbol may be delisted
17:45:48 │ INFO    │    📦 Batch 253/388 — 15 stocks...
17:45:48 │ ERROR   │ $PHYTO.NS: No data found, symbol may be delisted
17:45:49 │ ERROR   │ $PHOSPHATE.NS: No data found, symbol may be delisted
17:45:49 │ ERROR   │ $PICTUREHS.NS: No data found, symbol may be delisted
17:45:50 │ ERROR   │ $PICCASUG.NS: No data found, symbol may be delisted
17:45:51 │ ERROR   │ $PHOGLOBAL.NS: No data found, symbol may be delisted
17:45:51 │ ERROR   │ $PHRMASI.NS: No data found, symbol may be delisted
17:45:51 │ ERROR   │ $PHOTOQUP.NS: No data found, symbol may be delisted
17:45:51 │ ERROR   │ 
7 Failed downloads:
17:45:51 │ ERROR   │ ['PHYTO.NS', 'PHOSPHATE.NS', 'PICTUREHS.NS', 'PICCASUG.NS', 'PHOGLOBAL.NS', 'PHRMASI.NS', 'PHOTOQUP.NS']: No data found, symbol may be delisted
17:45:57 │ INFO    │    📦 Batch 254/388 — 15 stocks...
17:45:59 │ ERROR   │ $PIOTEX.NS: No data found, symbol may be delisted
17:45:59 │ ERROR   │ $PJL.NS: No data found, symbol may be delisted
17:46:00 │ ERROR   │ $PMCFIN.NS: No data found, symbol may be delisted
17:46:00 │ ERROR   │ 
3 Failed downloads:
17:46:00 │ ERROR   │ ['PIOTEX.NS', 'PJL.NS', 'PMCFIN.NS']: No data found, symbol may be delisted
17:46:06 │ INFO    │    📦 Batch 255/388 — 15 stocks...
17:46:07 │ ERROR   │ $POLSON.NS: No data found, symbol may be delisted
17:46:08 │ ERROR   │ $PNTKYOR.NS: No data found, symbol may be delisted
17:46:09 │ ERROR   │ $POBS.NS: No data found, symbol may be delisted
17:46:09 │ ERROR   │ 
3 Failed downloads:
17:46:09 │ ERROR   │ ['POLSON.NS', 'PNTKYOR.NS', 'POBS.NS']: No data found, symbol may be delisted
17:46:15 │ INFO    │    📦 Batch 256/388 — 15 stocks...
17:46:16 │ ERROR   │ $POLYMAC.NS: No data found, symbol may be delisted
17:46:16 │ ERROR   │ $POONADAL.NS: No data found, symbol may be delisted
17:46:16 │ ERROR   │ $POLYLINK.NS: No data found, symbol may be delisted
17:46:17 │ ERROR   │ $POLYCHEM.NS: No data found, symbol may be delisted
17:46:17 │ ERROR   │ $POLYCON.NS: No data found, symbol may be delisted
17:46:18 │ ERROR   │ $POOJA.NS: No data found, symbol may be delisted
17:46:18 │ ERROR   │ $POOJAENT.NS: No data found, symbol may be delisted
17:46:19 │ ERROR   │ $POLYCHMP.NS: No data found, symbol may be delisted
17:46:19 │ ERROR   │ 
8 Failed downloads:
17:46:19 │ ERROR   │ ['POLYMAC.NS', 'POONADAL.NS', 'POLYLINK.NS', 'POLYCHEM.NS', 'POLYCON.NS', 'POOJA.NS', 'POOJAENT.NS', 'POLYCHMP.NS']: No data found, symbol may be delisted
17:46:25 │ INFO    │    📦 Batch 257/388 — 15 stocks...
17:46:26 │ ERROR   │ $PPSL.NS: No data found, symbol may be delisted
17:46:27 │ ERROR   │ $PPARIVAH.NS: No data found, symbol may be delisted
17:46:27 │ ERROR   │ $PRABHAPP.NS: No data found, symbol may be delisted
17:46:27 │ ERROR   │ $PORWAL.NS: No data found, symbol may be delisted
17:46:28 │ ERROR   │ $PQIF.NS: No data found, symbol may be delisted
17:46:28 │ ERROR   │ $POSITRON.NS: No data found, symbol may be delisted
17:46:29 │ ERROR   │ $POPULARES.NS: No data found, symbol may be delisted
17:46:29 │ ERROR   │ 
7 Failed downloads:
17:46:29 │ ERROR   │ ['PPSL.NS', 'PPARIVAH.NS', 'PRABHAPP.NS', 'PORWAL.NS', 'PQIF.NS', 'POSITRON.NS', 'POPULARES.NS']: No data found, symbol may be delisted
17:46:35 │ INFO    │    📦 Batch 258/388 — 15 stocks...
17:46:35 │ ERROR   │ $PRAGBOS.NS: No data found, symbol may be delisted
17:46:36 │ ERROR   │ $PRARUH.NS: No data found, symbol may be delisted
17:46:37 │ ERROR   │ $PRATIK.NS: No data found, symbol may be delisted
17:46:37 │ ERROR   │ $PRATIKSH.NS: No data found, symbol may be delisted
17:46:37 │ ERROR   │ $PRABHHANS.NS: No data found, symbol may be delisted
17:46:38 │ ERROR   │ $PRANIK.NS: No data found, symbol may be delisted
17:46:38 │ ERROR   │ 
6 Failed downloads:
17:46:38 │ ERROR   │ ['PRAGBOS.NS', 'PRARUH.NS', 'PRATIK.NS', 'PRATIKSH.NS', 'PRABHHANS.NS', 'PRANIK.NS']: No data found, symbol may be delisted
17:46:44 │ INFO    │    📦 Batch 259/388 — 15 stocks...
17:46:45 │ ERROR   │ $PRECISIO.NS: No data found, symbol may be delisted
17:46:45 │ ERROR   │ $PREMCAP.NS: No data found, symbol may be delisted
17:46:46 │ ERROR   │ $PREMIUM.NS: No data found, symbol may be delisted
17:46:46 │ ERROR   │ $PREMSYN.NS: No data found, symbol may be delisted
17:46:48 │ ERROR   │ 
4 Failed downloads:
17:46:48 │ ERROR   │ ['PRECISIO.NS', 'PREMCAP.NS', 'PREMIUM.NS', 'PREMSYN.NS']: No data found, symbol may be delisted
17:46:54 │ INFO    │    📦 Batch 260/388 — 15 stocks...
17:46:54 │ ERROR   │ $PRIMAIN.NS: No data found, symbol may be delisted
17:46:54 │ ERROR   │ $PRIMEPRO.NS: No data found, symbol may be delisted
17:46:55 │ ERROR   │ $PRIMECAPM.NS: No data found, symbol may be delisted
17:46:55 │ ERROR   │ $PRIMEFRESH.NS: No data found, symbol may be delisted
17:46:55 │ ERROR   │ $PRIMEURB.NS: No data found, symbol may be delisted
17:46:56 │ ERROR   │ $PRIMAPLA.NS: No data found, symbol may be delisted
17:46:56 │ ERROR   │ $PREVEST.NS: No data found, symbol may be delisted
17:46:57 │ ERROR   │ $PRIMAGR.NS: No data found, symbol may be delisted
17:46:57 │ ERROR   │ $PRIMIND.NS: No data found, symbol may be delisted
17:46:57 │ ERROR   │ $PRIMECAB.NS: No data found, symbol may be delisted
17:46:58 │ ERROR   │ $PRERINFRA.NS: No data found, symbol may be delisted
17:46:58 │ ERROR   │ 
11 Failed downloads:
17:46:58 │ ERROR   │ ['PRIMAIN.NS', 'PRIMEPRO.NS', 'PRIMECAPM.NS', 'PRIMEFRESH.NS', 'PRIMEURB.NS', 'PRIMAPLA.NS', 'PREVEST.NS', 'PRIMAGR.NS', 'PRIMIND.NS', 'PRIMECAB.NS', 'PRERINFRA.NS']: No data found, symbol may be delisted
17:47:04 │ INFO    │    📦 Batch 261/388 — 15 stocks...
17:47:06 │ ERROR   │ $PRITHVIEXCH.NS: No data found, symbol may be delisted
17:47:07 │ ERROR   │ $PRIYALT.NS: No data found, symbol may be delisted
17:47:07 │ ERROR   │ $PROCLB.NS: No data found, symbol may be delisted
17:47:07 │ ERROR   │ $PRISMFN.NS: No data found, symbol may be delisted
17:47:08 │ ERROR   │ $PRISMMEDI.NS: No data found, symbol may be delisted
17:47:08 │ ERROR   │ 
5 Failed downloads:
17:47:08 │ ERROR   │ ['PRITHVIEXCH.NS', 'PRIYALT.NS', 'PROCLB.NS', 'PRISMFN.NS', 'PRISMMEDI.NS']: No data found, symbol may be delisted
17:47:14 │ INFO    │    📦 Batch 262/388 — 15 stocks...
17:47:15 │ ERROR   │ $PRODOCS.NS: No data found, symbol may be delisted
17:47:16 │ ERROR   │ $PROMAX.NS: No data found, symbol may be delisted
17:47:16 │ ERROR   │ $PRSNTIN.NS: No data found, symbol may be delisted
17:47:17 │ ERROR   │ $PROMACT.NS: No data found, symbol may be delisted
17:47:17 │ ERROR   │ $PROFX.NS: No data found, symbol may be delisted
17:47:18 │ ERROR   │ $PROFINC.NS: No data found, symbol may be delisted
17:47:18 │ ERROR   │ 
6 Failed downloads:
17:47:18 │ ERROR   │ ['PRODOCS.NS', 'PROMAX.NS', 'PRSNTIN.NS', 'PROMACT.NS', 'PROFX.NS', 'PROFINC.NS']: No data found, symbol may be delisted
17:47:24 │ INFO    │    📦 Batch 263/388 — 15 stocks...
17:47:24 │ ERROR   │ $PSCELESTIA.NS: No data found, symbol may be delisted
17:47:25 │ ERROR   │ $PSFL.NS: No data found, symbol may be delisted
17:47:25 │ ERROR   │ $PSITINFRA.NS: No data found, symbol may be delisted
17:47:26 │ ERROR   │ $PSPLATINA.NS: No data found, symbol may be delisted
17:47:26 │ ERROR   │ $PSPL.NS: No data found, symbol may be delisted
17:47:27 │ ERROR   │ $PSTITANIA.NS: No data found, symbol may be delisted
17:47:27 │ ERROR   │ $PSRAJ.NS: No data found, symbol may be delisted
17:47:28 │ ERROR   │ $PSAL.NS: No data found, symbol may be delisted
17:47:28 │ ERROR   │ 
8 Failed downloads:
17:47:28 │ ERROR   │ ['PSCELESTIA.NS', 'PSFL.NS', 'PSITINFRA.NS', 'PSPLATINA.NS', 'PSPL.NS', 'PSTITANIA.NS', 'PSRAJ.NS', 'PSAL.NS']: No data found, symbol may be delisted
17:47:34 │ INFO    │    📦 Batch 264/388 — 15 stocks...
17:47:34 │ ERROR   │ $PURPLE.NS: No data found, symbol may be delisted
17:47:35 │ ERROR   │ $PURPLEUTED.NS: No data found, symbol may be delisted
17:47:35 │ ERROR   │ $PURITY.NS: No data found, symbol may be delisted
17:47:35 │ ERROR   │ $PURSHOTTAM.NS: No data found, symbol may be delisted
17:47:36 │ ERROR   │ $PURETROP.NS: No data found, symbol may be delisted
17:47:36 │ ERROR   │ $PUNJCOMMU.NS: No data found, symbol may be delisted
17:47:37 │ ERROR   │ $PURPLEWAVE.NS: No data found, symbol may be delisted
17:47:37 │ ERROR   │ $PURPLEFIN.NS: No data found, symbol may be delisted
17:47:37 │ ERROR   │ $PUNCTRD.NS: No data found, symbol may be delisted
17:47:38 │ ERROR   │ $PULSRIN.NS: No data found, symbol may be delisted
17:47:38 │ ERROR   │ 
10 Failed downloads:
17:47:38 │ ERROR   │ ['PURPLE.NS', 'PURPLEUTED.NS', 'PURITY.NS', 'PURSHOTTAM.NS', 'PURETROP.NS', 'PUNJCOMMU.NS', 'PURPLEWAVE.NS', 'PURPLEFIN.NS', 'PUNCTRD.NS', 'PULSRIN.NS']: No data found, symbol may be delisted
17:47:44 │ INFO    │    📦 Batch 265/388 — 15 stocks...
17:47:45 │ ERROR   │ $PVVINFRA.NS: No data found, symbol may be delisted
17:47:46 │ ERROR   │ $PYXISFIN.NS: No data found, symbol may be delisted
17:47:46 │ ERROR   │ $PUSHPA.NS: No data found, symbol may be delisted
17:47:47 │ ERROR   │ $QGO.NS: No data found, symbol may be delisted
17:47:47 │ ERROR   │ $PWASML.NS: No data found, symbol may be delisted
17:47:47 │ ERROR   │ $PVVIPP.NS: No data found, symbol may be delisted
17:47:47 │ ERROR   │ 
6 Failed downloads:
17:47:47 │ ERROR   │ ['PVVINFRA.NS', 'PYXISFIN.NS', 'PUSHPA.NS', 'QGO.NS', 'PWASML.NS', 'PVVIPP.NS']: No data found, symbol may be delisted
17:47:53 │ INFO    │    📦 Batch 266/388 — 15 stocks...
17:47:54 │ ERROR   │ $QUANTDIA.NS: No data found, symbol may be delisted
17:47:54 │ ERROR   │ $QUESTCAP.NS: No data found, symbol may be delisted
17:47:56 │ ERROR   │ $QLL.NS: No data found, symbol may be delisted
17:47:56 │ ERROR   │ $QRIL.NS: No data found, symbol may be delisted
17:47:56 │ ERROR   │ 
4 Failed downloads:
17:47:56 │ ERROR   │ ['QUANTDIA.NS', 'QUESTCAP.NS', 'QLL.NS', 'QRIL.NS']: No data found, symbol may be delisted
17:48:03 │ INFO    │    📦 Batch 267/388 — 15 stocks...
17:48:04 │ ERROR   │ $RAAJMEDI.NS: No data found, symbol may be delisted
17:48:04 │ ERROR   │ $QVCEL.NS: No data found, symbol may be delisted
17:48:05 │ ERROR   │ $RADHEDE.NS: No data found, symbol may be delisted
17:48:05 │ ERROR   │ $RACHIT.NS: No data found, symbol may be delisted
17:48:06 │ ERROR   │ $RACONTEUR.NS: No data found, symbol may be delisted
17:48:06 │ ERROR   │ 
5 Failed downloads:
17:48:06 │ ERROR   │ ['RAAJMEDI.NS', 'QVCEL.NS', 'RADHEDE.NS', 'RACHIT.NS', 'RACONTEUR.NS']: No data found, symbol may be delisted
17:48:12 │ INFO    │    📦 Batch 268/388 — 15 stocks...
17:48:12 │ ERROR   │ $RAINBOWF.NS: No data found, symbol may be delisted
17:48:12 │ ERROR   │ $RAJINDLTD.NS: No data found, symbol may be delisted
17:48:13 │ ERROR   │ $RAGHUNAT.NS: No data found, symbol may be delisted
17:48:13 │ ERROR   │ $RAGHUTOB.NS: No data found, symbol may be delisted
17:48:14 │ ERROR   │ $RAIDEEPIND.NS: No data found, symbol may be delisted
17:48:14 │ ERROR   │ $RAJESH.NS: No data found, symbol may be delisted
17:48:15 │ ERROR   │ $RAJABAH.NS: No data found, symbol may be delisted
17:48:16 │ ERROR   │ $RADIXIND.NS: No data found, symbol may be delisted
17:48:16 │ ERROR   │ $RAGHUSYN.NS: No data found, symbol may be delisted
17:48:16 │ ERROR   │ $RAFL.NS: No data found, symbol may be delisted
17:48:16 │ ERROR   │ 
10 Failed downloads:
17:48:16 │ ERROR   │ ['RAINBOWF.NS', 'RAJINDLTD.NS', 'RAGHUNAT.NS', 'RAGHUTOB.NS', 'RAIDEEPIND.NS', 'RAJESH.NS', 'RAJABAH.NS', 'RADIXIND.NS', 'RAGHUSYN.NS', 'RAFL.NS']: No data found, symbol may be delisted
17:48:22 │ INFO    │    📦 Batch 269/388 — 15 stocks...
17:48:23 │ ERROR   │ $RAJTUBE.NS: No data found, symbol may be delisted
17:48:23 │ ERROR   │ $RAJSPTR.NS: No data found, symbol may be delisted
17:48:24 │ ERROR   │ $RAJPUTANA.NS: No data found, symbol may be delisted
17:48:24 │ ERROR   │ $RAJPACK.NS: No data found, symbol may be delisted
17:48:25 │ ERROR   │ $RAJKSYN.NS: No data found, symbol may be delisted
17:48:25 │ ERROR   │ $RAJSEC.NS: No data found, symbol may be delisted
17:48:25 │ ERROR   │ $RAJKOTINV.NS: No data found, symbol may be delisted
17:48:26 │ ERROR   │ $RAJNISH.NS: No data found, symbol may be delisted
17:48:26 │ ERROR   │ 
8 Failed downloads:
17:48:26 │ ERROR   │ ['RAJTUBE.NS', 'RAJSPTR.NS', 'RAJPUTANA.NS', 'RAJPACK.NS', 'RAJKSYN.NS', 'RAJSEC.NS', 'RAJKOTINV.NS', 'RAJNISH.NS']: No data found, symbol may be delisted
17:48:32 │ INFO    │    📦 Batch 270/388 — 15 stocks...
17:48:32 │ ERROR   │ $RAMAVISION.NS: No data found, symbol may be delisted
17:48:33 │ ERROR   │ $RAL.NS: No data found, symbol may be delisted
17:48:33 │ ERROR   │ $RALEGRA.NS: No data found, symbol may be delisted
17:48:34 │ ERROR   │ $RAJVI.NS: No data found, symbol may be delisted
17:48:35 │ ERROR   │ $RAMAPPR-B.NS: No data found, symbol may be delisted
17:48:35 │ ERROR   │ $RAMGOPOLY.NS: No data found, symbol may be delisted
17:48:35 │ ERROR   │ 
6 Failed downloads:
17:48:35 │ ERROR   │ ['RAMAVISION.NS', 'RAL.NS', 'RALEGRA.NS', 'RAJVI.NS', 'RAMAPPR-B.NS', 'RAMGOPOLY.NS']: No data found, symbol may be delisted
17:48:42 │ INFO    │    📦 Batch 271/388 — 15 stocks...
17:48:42 │ ERROR   │ $RAMSONS.NS: No data found, symbol may be delisted
17:48:43 │ ERROR   │ $RANJITSE.NS: No data found, symbol may be delisted
17:48:43 │ ERROR   │ $RANDER.NS: No data found, symbol may be delisted
17:48:43 │ ERROR   │ $RAMINFO.NS: No data found, symbol may be delisted
17:48:44 │ ERROR   │ $RAPIDFLEET.NS: No data found, symbol may be delisted
17:48:44 │ ERROR   │ $RAPID.NS: No data found, symbol may be delisted
17:48:44 │ ERROR   │ $RAPIDIN.NS: No data found, symbol may be delisted
17:48:45 │ ERROR   │ $RANJEET.NS: No data found, symbol may be delisted
17:48:45 │ ERROR   │ $RAPICUT.NS: No data found, symbol may be delisted
17:48:45 │ ERROR   │ $RAPPID.NS: No data found, symbol may be delisted
17:48:46 │ ERROR   │ $RAP.NS: No data found, symbol may be delisted
17:48:46 │ ERROR   │ 
11 Failed downloads:
17:48:46 │ ERROR   │ ['RAMSONS.NS', 'RANJITSE.NS', 'RANDER.NS', 'RAMINFO.NS', 'RAPIDFLEET.NS', 'RAPID.NS', 'RAPIDIN.NS', 'RANJEET.NS', 'RAPICUT.NS', 'RAPPID.NS', 'RAP.NS']: No data found, symbol may be delisted
17:48:52 │ INFO    │    📦 Batch 272/388 — 15 stocks...
17:48:53 │ ERROR   │ $RAVALSUGAR.NS: No data found, symbol may be delisted
17:48:53 │ ERROR   │ $RATNABHUMI.NS: No data found, symbol may be delisted
17:48:53 │ ERROR   │ $RAWEDGE.NS: No data found, symbol may be delisted
17:48:54 │ ERROR   │ $RASANDIK.NS: No data found, symbol may be delisted
17:48:54 │ ERROR   │ $RAVEL.NS: No data found, symbol may be delisted
17:48:54 │ ERROR   │ $RAYALEMA.NS: No data found, symbol may be delisted
17:48:55 │ ERROR   │ $RATHIBAR.NS: No data found, symbol may be delisted
17:48:55 │ ERROR   │ $RASIELEC.NS: No data found, symbol may be delisted
17:48:55 │ ERROR   │ $RAUNAQ.NS: No data found, symbol may be delisted
17:48:56 │ ERROR   │ $RATHIST.NS: No data found, symbol may be delisted
17:48:56 │ ERROR   │ $RASRESOR.NS: No data found, symbol may be delisted
17:48:56 │ ERROR   │ 
11 Failed downloads:
17:48:56 │ ERROR   │ ['RAVALSUGAR.NS', 'RATNABHUMI.NS', 'RAWEDGE.NS', 'RASANDIK.NS', 'RAVEL.NS', 'RAYALEMA.NS', 'RATHIBAR.NS', 'RASIELEC.NS', 'RAUNAQ.NS', 'RATHIST.NS', 'RASRESOR.NS']: No data found, symbol may be delisted
17:49:02 │ INFO    │    📦 Batch 273/388 — 15 stocks...
17:49:03 │ ERROR   │ $RCAN.NS: No data found, symbol may be delisted
17:49:03 │ ERROR   │ $RCCL.NS: No data found, symbol may be delisted
17:49:04 │ ERROR   │ $RDBRL.NS: No data found, symbol may be delisted
17:49:05 │ ERROR   │ $RDEL.NS: No data found, symbol may be delisted
17:49:05 │ ERROR   │ $RDBIPL.NS: No data found, symbol may be delisted
17:49:05 │ ERROR   │ 
5 Failed downloads:
17:49:05 │ ERROR   │ ['RCAN.NS', 'RCCL.NS', 'RDBRL.NS', 'RDEL.NS', 'RDBIPL.NS']: No data found, symbol may be delisted
17:49:11 │ INFO    │    📦 Batch 274/388 — 15 stocks...
17:49:12 │ ERROR   │ $REETECH.NS: No data found, symbol may be delisted
17:49:12 │ ERROR   │ $REFEXRENEW.NS: No data found, symbol may be delisted
17:49:13 │ ERROR   │ $REGAL.NS: No data found, symbol may be delisted
17:49:13 │ ERROR   │ $REGENCY.NS: No data found, symbol may be delisted
17:49:14 │ ERROR   │ $RDGAIL.NS: No data found, symbol may be delisted
17:49:14 │ ERROR   │ $REGANTO.NS: No data found, symbol may be delisted
17:49:15 │ ERROR   │ $READYMIX.NS: No data found, symbol may be delisted
17:49:16 │ ERROR   │ $REALECO.NS: No data found, symbol may be delisted
17:49:16 │ ERROR   │ 
8 Failed downloads:
17:49:16 │ ERROR   │ ['REETECH.NS', 'REFEXRENEW.NS', 'REGAL.NS', 'REGENCY.NS', 'RDGAIL.NS', 'REGANTO.NS', 'READYMIX.NS', 'REALECO.NS']: No data found, symbol may be delisted
17:49:22 │ INFO    │    📦 Batch 275/388 — 15 stocks...
17:49:22 │ ERROR   │ $REGENTRP.NS: No data found, symbol may be delisted
17:49:22 │ ERROR   │ $REMIEDEL.NS: No data found, symbol may be delisted
17:49:23 │ ERROR   │ $RELIABVEN.NS: No data found, symbol may be delisted
17:49:23 │ ERROR   │ $RELICAB.NS: No data found, symbol may be delisted
17:49:24 │ ERROR   │ $REGIS.NS: No data found, symbol may be delisted
17:49:25 │ ERROR   │ $RELICTEC.NS: No data found, symbol may be delisted
17:49:25 │ ERROR   │ 
6 Failed downloads:
17:49:25 │ ERROR   │ ['REGENTRP.NS', 'REMIEDEL.NS', 'RELIABVEN.NS', 'RELICAB.NS', 'REGIS.NS', 'RELICTEC.NS']: No data found, symbol may be delisted
17:49:31 │ INFO    │    📦 Batch 276/388 — 15 stocks...
17:49:32 │ ERROR   │ $REPONO.NS: No data found, symbol may be delisted
17:49:32 │ ERROR   │ $RESONANCE.NS: No data found, symbol may be delisted
17:49:32 │ ERROR   │ $RESTILE.NS: No data found, symbol may be delisted
17:49:33 │ ERROR   │ $RESPONSINF.NS: No data found, symbol may be delisted
17:49:33 │ ERROR   │ $RETAGGIO.NS: No data found, symbol may be delisted
17:49:33 │ ERROR   │ $RETINA.NS: No data found, symbol may be delisted
17:49:34 │ ERROR   │ $REXNORD.NS: No data found, symbol may be delisted
17:49:34 │ ERROR   │ $RESGEN.NS: No data found, symbol may be delisted
17:49:35 │ ERROR   │ 
8 Failed downloads:
17:49:35 │ ERROR   │ ['REPONO.NS', 'RESONANCE.NS', 'RESTILE.NS', 'RESPONSINF.NS', 'RETAGGIO.NS', 'RETINA.NS', 'REXNORD.NS', 'RESGEN.NS']: No data found, symbol may be delisted
17:49:41 │ INFO    │    📦 Batch 277/388 — 15 stocks...
17:49:41 │ ERROR   │ $RFL.NS: No data found, symbol may be delisted
17:49:41 │ ERROR   │ $RGCORP.NS: No data found, symbol may be delisted
17:49:42 │ ERROR   │ $RFSL.NS: No data found, symbol may be delisted
17:49:42 │ ERROR   │ $REXSEAL.NS: No data found, symbol may be delisted
17:49:42 │ ERROR   │ $RGRL.NS: No data found, symbol may be delisted
17:49:43 │ ERROR   │ $RGIL.NS: No data found, symbol may be delisted
17:49:44 │ ERROR   │ $REXPRO.NS: No data found, symbol may be delisted
17:49:44 │ ERROR   │ $RGF.NS: No data found, symbol may be delisted
17:49:44 │ ERROR   │ $RFLL.NS: No data found, symbol may be delisted
17:49:44 │ ERROR   │ 
9 Failed downloads:
17:49:44 │ ERROR   │ ['RFL.NS', 'RGCORP.NS', 'RFSL.NS', 'REXSEAL.NS', 'RGRL.NS', 'RGIL.NS', 'REXPRO.NS', 'RGF.NS', 'RFLL.NS']: No data found, symbol may be delisted
17:49:50 │ INFO    │    📦 Batch 278/388 — 15 stocks...
17:49:51 │ ERROR   │ $RICHA.NS: No data found, symbol may be delisted
17:49:51 │ ERROR   │ $RIDHISYN.NS: No data found, symbol may be delisted
17:49:51 │ ERROR   │ $RIDDHICORP.NS: No data found, symbol may be delisted
17:49:52 │ ERROR   │ $RIDDHI.NS: No data found, symbol may be delisted
17:49:52 │ ERROR   │ $RIBATEX.NS: No data found, symbol may be delisted
17:49:52 │ ERROR   │ $RIKHAV.NS: No data found, symbol may be delisted
17:49:53 │ ERROR   │ $RIIT.NS: No data found, symbol may be delisted
17:49:53 │ ERROR   │ $RISHDIGA.NS: No data found, symbol may be delisted
17:49:54 │ ERROR   │ $RISAINTL.NS: No data found, symbol may be delisted
17:49:54 │ ERROR   │ $RICHUNV.NS: No data found, symbol may be delisted
17:49:54 │ ERROR   │ 
10 Failed downloads:
17:49:54 │ ERROR   │ ['RICHA.NS', 'RIDHISYN.NS', 'RIDDHICORP.NS', 'RIDDHI.NS', 'RIBATEX.NS', 'RIKHAV.NS', 'RIIT.NS', 'RISHDIGA.NS', 'RISAINTL.NS', 'RICHUNV.NS']: No data found, symbol may be delisted
17:50:00 │ INFO    │    📦 Batch 279/388 — 15 stocks...
17:50:01 │ ERROR   │ $RISHITECH.NS: No data found, symbol may be delisted
17:50:01 │ ERROR   │ $RISHYRN.NS: No data found, symbol may be delisted
17:50:02 │ ERROR   │ $RKDAGRRTL.NS: No data found, symbol may be delisted
17:50:02 │ ERROR   │ $RISHIROOP.NS: No data found, symbol may be delisted
17:50:03 │ ERROR   │ $RITESHIN.NS: No data found, symbol may be delisted
17:50:03 │ ERROR   │ $RJSHAH.NS: No data found, symbol may be delisted
17:50:04 │ ERROR   │ $RITHWIKFMS.NS: No data found, symbol may be delisted
17:50:04 │ ERROR   │ $RISHILASE.NS: No data found, symbol may be delisted
17:50:04 │ ERROR   │ 
8 Failed downloads:
17:50:04 │ ERROR   │ ['RISHITECH.NS', 'RISHYRN.NS', 'RKDAGRRTL.NS', 'RISHIROOP.NS', 'RITESHIN.NS', 'RJSHAH.NS', 'RITHWIKFMS.NS', 'RISHILASE.NS']: No data found, symbol may be delisted
17:50:11 │ INFO    │    📦 Batch 280/388 — 15 stocks...
17:50:11 │ ERROR   │ $RNITAI.NS: No data found, symbol may be delisted
17:50:11 │ ERROR   │ $RLFL.NS: No data found, symbol may be delisted
17:50:12 │ ERROR   │ $RNPL.NS: No data found, symbol may be delisted
17:50:12 │ ERROR   │ $RNFI.NS: No data found, symbol may be delisted
17:50:13 │ ERROR   │ $RLF.NS: No data found, symbol may be delisted
17:50:13 │ ERROR   │ $ROADSTAR.NS: No data found, symbol may be delisted
17:50:13 │ ERROR   │ $ROCKPP.NS: No data found, symbol may be delisted
17:50:14 │ ERROR   │ $RODIUM.NS: No data found, symbol may be delisted
17:50:15 │ ERROR   │ $ROBU.NS: No data found, symbol may be delisted
17:50:15 │ ERROR   │ 
9 Failed downloads:
17:50:15 │ ERROR   │ ['RNITAI.NS', 'RLFL.NS', 'RNPL.NS', 'RNFI.NS', 'RLF.NS', 'ROADSTAR.NS', 'ROCKPP.NS', 'RODIUM.NS', 'ROBU.NS']: No data found, symbol may be delisted
17:50:21 │ INFO    │    📦 Batch 281/388 — 15 stocks...
17:50:21 │ ERROR   │ $ROLCOEN.NS: No data found, symbol may be delisted
17:50:22 │ ERROR   │ $ROSEMER.NS: No data found, symbol may be delisted
17:50:22 │ ERROR   │ $ROSELABS.NS: No data found, symbol may be delisted
17:50:22 │ ERROR   │ $ROOPAIND.NS: No data found, symbol may be delisted
17:50:23 │ ERROR   │ $ROJL.NS: No data found, symbol may be delisted
17:50:23 │ ERROR   │ $RONI.NS: No data found, symbol may be delisted
17:50:24 │ ERROR   │ $ROOPSHRI.NS: No data found, symbol may be delisted
17:50:24 │ ERROR   │ 
7 Failed downloads:
17:50:24 │ ERROR   │ ['ROLCOEN.NS', 'ROSEMER.NS', 'ROSELABS.NS', 'ROOPAIND.NS', 'ROJL.NS', 'RONI.NS', 'ROOPSHRI.NS']: No data found, symbol may be delisted
17:50:30 │ INFO    │    📦 Batch 282/388 — 15 stocks...
17:50:31 │ ERROR   │ $ROYALARC.NS: No data found, symbol may be delisted
17:50:31 │ ERROR   │ $RRETAIL.NS: No data found, symbol may be delisted
17:50:33 │ ERROR   │ $ROYAL.NS: No data found, symbol may be delisted
17:50:33 │ ERROR   │ $ROYALIND.NS: No data found, symbol may be delisted
17:50:33 │ ERROR   │ $ROYALCU.NS: No data found, symbol may be delisted
17:50:33 │ ERROR   │ 
5 Failed downloads:
17:50:33 │ ERROR   │ ['ROYALARC.NS', 'RRETAIL.NS', 'ROYAL.NS', 'ROYALIND.NS', 'ROYALCU.NS']: No data found, symbol may be delisted
17:50:39 │ INFO    │    📦 Batch 283/388 — 15 stocks...
17:50:40 │ ERROR   │ $RRMETAL.NS: No data found, symbol may be delisted
17:50:40 │ ERROR   │ $RTL.NS: No data found, symbol may be delisted
17:50:41 │ ERROR   │ $RSTL.NS: No data found, symbol may be delisted
17:50:41 │ ERROR   │ $RTFL.NS: No data found, symbol may be delisted
17:50:42 │ ERROR   │ $RRSECUR.NS: No data found, symbol may be delisted
17:50:42 │ ERROR   │ $RSCINT.NS: No data found, symbol may be delisted
17:50:43 │ ERROR   │ $RRFIN.NS: No data found, symbol may be delisted
17:50:43 │ ERROR   │ 
7 Failed downloads:
17:50:43 │ ERROR   │ ['RRMETAL.NS', 'RTL.NS', 'RSTL.NS', 'RTFL.NS', 'RRSECUR.NS', 'RSCINT.NS', 'RRFIN.NS']: No data found, symbol may be delisted
17:50:49 │ INFO    │    📦 Batch 284/388 — 15 stocks...
17:50:50 │ ERROR   │ $RUDRAGAS.NS: No data found, symbol may be delisted
17:50:51 │ ERROR   │ $RUDRAECO.NS: No data found, symbol may be delisted
17:50:51 │ ERROR   │ $RUNGTAIR.NS: No data found, symbol may be delisted
17:50:52 │ ERROR   │ 
3 Failed downloads:
17:50:52 │ ERROR   │ ['RUDRAGAS.NS', 'RUDRAECO.NS', 'RUNGTAIR.NS']: No data found, symbol may be delisted
17:50:58 │ INFO    │    📦 Batch 285/388 — 15 stocks...
17:50:58 │ ERROR   │ $SABOOSOD.NS: No data found, symbol may be delisted
17:50:59 │ ERROR   │ $SACHEMT.NS: No data found, symbol may be delisted
17:51:00 │ ERROR   │ $SACHEEROME.NS: No data found, symbol may be delisted
17:51:01 │ ERROR   │ 
3 Failed downloads:
17:51:01 │ ERROR   │ ['SABOOSOD.NS', 'SACHEMT.NS', 'SACHEEROME.NS']: No data found, symbol may be delisted
17:51:07 │ INFO    │    📦 Batch 286/388 — 15 stocks...
17:51:08 │ ERROR   │ $SAFEENTP.NS: No data found, symbol may be delisted
17:51:08 │ ERROR   │ $SAFE.NS: No data found, symbol may be delisted
17:51:09 │ ERROR   │ $SAGARSOFT.NS: No data found, symbol may be delisted
17:51:10 │ ERROR   │ $SAFECURE.NS: No data found, symbol may be delisted
17:51:10 │ ERROR   │ $SAENTER.NS: No data found, symbol may be delisted
17:51:11 │ ERROR   │ $SAGARSYST.NS: No data found, symbol may be delisted
17:51:11 │ ERROR   │ $SAFFRON.NS: No data found, symbol may be delisted
17:51:11 │ ERROR   │ 
7 Failed downloads:
17:51:11 │ ERROR   │ ['SAFEENTP.NS', 'SAFE.NS', 'SAGARSOFT.NS', 'SAFECURE.NS', 'SAENTER.NS', 'SAGARSYST.NS', 'SAFFRON.NS']: No data found, symbol may be delisted
17:51:17 │ INFO    │    📦 Batch 287/388 — 15 stocks...
17:51:18 │ ERROR   │ $SAILANI.NS: No data found, symbol may be delisted
17:51:19 │ ERROR   │ $SAHASRA.NS: No data found, symbol may be delisted
17:51:19 │ ERROR   │ $SAICOM.NS: No data found, symbol may be delisted
17:51:20 │ ERROR   │ $SAINIK.NS: No data found, symbol may be delisted
17:51:20 │ ERROR   │ $SAHARAHOUS.NS: No data found, symbol may be delisted
17:51:20 │ ERROR   │ $SAJHOTELS.NS: No data found, symbol may be delisted
17:51:20 │ ERROR   │ 
6 Failed downloads:
17:51:20 │ ERROR   │ ['SAILANI.NS', 'SAHASRA.NS', 'SAICOM.NS', 'SAINIK.NS', 'SAHARAHOUS.NS', 'SAJHOTELS.NS']: No data found, symbol may be delisted
17:51:26 │ INFO    │    📦 Batch 288/388 — 15 stocks...
17:51:27 │ ERROR   │ $SALORAINTL.NS: No data found, symbol may be delisted
17:51:27 │ ERROR   │ $SAMAY.NS: No data found, symbol may be delisted
17:51:28 │ ERROR   │ $SALAUTO.NS: No data found, symbol may be delisted
17:51:28 │ ERROR   │ $SALSAIN.NS: No data found, symbol may be delisted
17:51:29 │ ERROR   │ $SAKTHIFIN.NS: No data found, symbol may be delisted
17:51:30 │ ERROR   │ $SALGUTI.NS: No data found, symbol may be delisted
17:51:30 │ ERROR   │ $SALEM.NS: No data found, symbol may be delisted
17:51:30 │ ERROR   │ 
7 Failed downloads:
17:51:30 │ ERROR   │ ['SALORAINTL.NS', 'SAMAY.NS', 'SALAUTO.NS', 'SALSAIN.NS', 'SAKTHIFIN.NS', 'SALGUTI.NS', 'SALEM.NS']: No data found, symbol may be delisted
17:51:36 │ INFO    │    📦 Batch 289/388 — 15 stocks...
17:51:37 │ ERROR   │ $SAMSRITA.NS: No data found, symbol may be delisted
17:51:37 │ ERROR   │ $SAMPRE.NS: No data found, symbol may be delisted
17:51:37 │ ERROR   │ $SAMYAKINT.NS: No data found, symbol may be delisted
17:51:38 │ ERROR   │ $SAMPAT.NS: No data found, symbol may be delisted
17:51:39 │ ERROR   │ $SAMRATFORG.NS: No data found, symbol may be delisted
17:51:39 │ ERROR   │ $SAMRATPH.NS: No data found, symbol may be delisted
17:51:39 │ ERROR   │ $SAMOR.NS: No data found, symbol may be delisted
17:51:40 │ ERROR   │ $SAMTELIN.NS: No data found, symbol may be delisted
17:51:40 │ ERROR   │ $SAMTEX.NS: No data found, symbol may be delisted
17:51:41 │ ERROR   │ $SAMKRG.NS: No data found, symbol may be delisted
17:51:41 │ ERROR   │ $SAMINDUS.NS: No data found, symbol may be delisted
17:51:41 │ ERROR   │ 
11 Failed downloads:
17:51:41 │ ERROR   │ ['SAMSRITA.NS', 'SAMPRE.NS', 'SAMYAKINT.NS', 'SAMPAT.NS', 'SAMRATFORG.NS', 'SAMRATPH.NS', 'SAMOR.NS', 'SAMTELIN.NS', 'SAMTEX.NS', 'SAMKRG.NS', 'SAMINDUS.NS']: No data found, symbol may be delisted
17:51:47 │ INFO    │    📦 Batch 290/388 — 15 stocks...
17:51:48 │ ERROR   │ $SANCODE.NS: No data found, symbol may be delisted
17:51:48 │ ERROR   │ $SANGAMFIN.NS: No data found, symbol may be delisted
17:51:49 │ ERROR   │ $SANCF.NS: No data found, symbol may be delisted
17:51:49 │ ERROR   │ $SANBLUE.NS: No data found, symbol may be delisted
17:51:50 │ ERROR   │ $SANDUPHQ.NS: No data found, symbol may be delisted
17:51:50 │ ERROR   │ $SANCTRN.NS: No data found, symbol may be delisted
17:51:51 │ ERROR   │ 
6 Failed downloads:
17:51:51 │ ERROR   │ ['SANCODE.NS', 'SANGAMFIN.NS', 'SANCF.NS', 'SANBLUE.NS', 'SANDUPHQ.NS', 'SANCTRN.NS']: No data found, symbol may be delisted
17:51:57 │ INFO    │    📦 Batch 291/388 — 15 stocks...
17:51:57 │ ERROR   │ $SANTETX.NS: No data found, symbol may be delisted
17:51:58 │ ERROR   │ $SANJIVIN.NS: No data found, symbol may be delisted
17:51:58 │ ERROR   │ $SANTOSHF.NS: No data found, symbol may be delisted
17:51:59 │ ERROR   │ $SAPL.NS: No data found, symbol may be delisted
17:51:59 │ ERROR   │ $SANINFRA.NS: No data found, symbol may be delisted
17:52:00 │ ERROR   │ $SANPA.NS: No data found, symbol may be delisted
17:52:00 │ ERROR   │ 
6 Failed downloads:
17:52:00 │ ERROR   │ ['SANTETX.NS', 'SANJIVIN.NS', 'SANTOSHF.NS', 'SAPL.NS', 'SANINFRA.NS', 'SANPA.NS']: No data found, symbol may be delisted
17:52:06 │ INFO    │    📦 Batch 292/388 — 15 stocks...
17:52:06 │ ERROR   │ $SARVOTTAM.NS: No data found, symbol may be delisted
17:52:07 │ ERROR   │ $SARUPINDUS.NS: No data found, symbol may be delisted
17:52:07 │ ERROR   │ $SATKARTAR.NS: No data found, symbol may be delisted
17:52:07 │ ERROR   │ $SARTHAKGL.NS: No data found, symbol may be delisted
17:52:08 │ ERROR   │ $SATECH.NS: No data found, symbol may be delisted
17:52:08 │ ERROR   │ $SATCH.NS: No data found, symbol may be delisted
17:52:09 │ ERROR   │ $SARTHAKIND.NS: No data found, symbol may be delisted
17:52:09 │ ERROR   │ 
7 Failed downloads:
17:52:09 │ ERROR   │ ['SARVOTTAM.NS', 'SARUPINDUS.NS', 'SATKARTAR.NS', 'SARTHAKGL.NS', 'SATECH.NS', 'SATCH.NS', 'SARTHAKIND.NS']: No data found, symbol may be delisted
17:52:16 │ INFO    │    📦 Batch 293/388 — 15 stocks...
17:52:17 │ ERROR   │ $SATTRIX.NS: No data found, symbol may be delisted
17:52:17 │ ERROR   │ $SAVY.NS: No data found, symbol may be delisted
17:52:17 │ ERROR   │ $SAWACA.NS: No data found, symbol may be delisted
17:52:18 │ ERROR   │ $SAWALIYA.NS: No data found, symbol may be delisted
17:52:18 │ ERROR   │ $SBECSUG.NS: No data found, symbol may be delisted
17:52:19 │ ERROR   │ $SBECSYS.NS: No data found, symbol may be delisted
17:52:19 │ ERROR   │ $SAUMYA.NS: No data found, symbol may be delisted
17:52:20 │ ERROR   │ $SATTVAENGG.NS: No data found, symbol may be delisted
17:52:20 │ ERROR   │ $SAVERA.NS: No data found, symbol may be delisted
17:52:20 │ ERROR   │ 
9 Failed downloads:
17:52:20 │ ERROR   │ ['SATTRIX.NS', 'SAVY.NS', 'SAWACA.NS', 'SAWALIYA.NS', 'SBECSUG.NS', 'SBECSYS.NS', 'SAUMYA.NS', 'SATTVAENGG.NS', 'SAVERA.NS']: No data found, symbol may be delisted
17:52:26 │ INFO    │    📦 Batch 294/388 — 15 stocks...
17:52:27 │ ERROR   │ $SBFL.NS: No data found, symbol may be delisted
17:52:29 │ ERROR   │ 
1 Failed download:
17:52:29 │ ERROR   │ ['SBFL.NS']: No data found, symbol may be delisted
17:52:35 │ INFO    │    📦 Batch 295/388 — 15 stocks...
17:52:35 │ ERROR   │ $SBISENSEX.NS: No data found, symbol may be delisted
17:52:35 │ ERROR   │ $SBL.NS: No data found, symbol may be delisted
17:52:36 │ ERROR   │ $SBLI.NS: No data found, symbol may be delisted
17:52:36 │ ERROR   │ $SCC.NS: No data found, symbol may be delisted
17:52:37 │ ERROR   │ $SCDL.NS: No data found, symbol may be delisted
17:52:37 │ ERROR   │ $SCARNOSE.NS: No data found, symbol may be delisted
17:52:37 │ ERROR   │ $SCBL.NS: No data found, symbol may be delisted
17:52:38 │ ERROR   │ $SBRANDS.NS: No data found, symbol may be delisted
17:52:38 │ ERROR   │ $SBVCL.NS: No data found, symbol may be delisted
17:52:38 │ ERROR   │ $SCANPRO.NS: No data found, symbol may be delisted
17:52:39 │ ERROR   │ $SCAGRO.NS: No data found, symbol may be delisted
17:52:39 │ ERROR   │ 
11 Failed downloads:
17:52:39 │ ERROR   │ ['SBISENSEX.NS', 'SBL.NS', 'SBLI.NS', 'SCC.NS', 'SCDL.NS', 'SCARNOSE.NS', 'SCBL.NS', 'SBRANDS.NS', 'SBVCL.NS', 'SCANPRO.NS', 'SCAGRO.NS']: No data found, symbol may be delisted
17:52:45 │ INFO    │    📦 Batch 296/388 — 15 stocks...
17:52:45 │ ERROR   │ $SEACOAST.NS: No data found, symbol may be delisted
17:52:46 │ ERROR   │ $SDC.NS: No data found, symbol may be delisted
17:52:47 │ ERROR   │ $SCTL.NS: No data found, symbol may be delisted
17:52:47 │ ERROR   │ $SEALMATIC.NS: No data found, symbol may be delisted
17:52:48 │ ERROR   │ $SDREAMS.NS: No data found, symbol may be delisted
17:52:48 │ ERROR   │ $SCOOBEEDAY.NS: No data found, symbol may be delisted
17:52:48 │ ERROR   │ 
6 Failed downloads:
17:52:48 │ ERROR   │ ['SEACOAST.NS', 'SDC.NS', 'SCTL.NS', 'SEALMATIC.NS', 'SDREAMS.NS', 'SCOOBEEDAY.NS']: No data found, symbol may be delisted
17:52:54 │ INFO    │    📦 Batch 297/388 — 15 stocks...
17:52:55 │ ERROR   │ $SELLWIN.NS: No data found, symbol may be delisted
17:52:55 │ ERROR   │ $SELLOWRAP.NS: No data found, symbol may be delisted
17:52:56 │ ERROR   │ $SEITINVIT.NS: No data found, symbol may be delisted
17:52:56 │ ERROR   │ $SEATV.NS: No data found, symbol may be delisted
17:52:57 │ ERROR   │ $SEASONST.NS: No data found, symbol may be delisted
17:52:57 │ ERROR   │ 
5 Failed downloads:
17:52:57 │ ERROR   │ ['SELLWIN.NS', 'SELLOWRAP.NS', 'SEITINVIT.NS', 'SEATV.NS', 'SEASONST.NS']: No data found, symbol may be delisted
17:53:03 │ INFO    │    📦 Batch 298/388 — 15 stocks...
17:53:03 │ ERROR   │ $SENINFO.NS: No data found, symbol may be delisted
17:53:04 │ ERROR   │ $SENSEX1.NS: No data found, symbol may be delisted
17:53:04 │ ERROR   │ $SENSEXBEES.NS: No data found, symbol may be delisted
17:53:05 │ ERROR   │ $SEML.NS: No data found, symbol may be delisted
17:53:06 │ ERROR   │ $SERA.NS: No data found, symbol may be delisted
17:53:06 │ ERROR   │ 
5 Failed downloads:
17:53:06 │ ERROR   │ ['SENINFO.NS', 'SENSEX1.NS', 'SENSEXBEES.NS', 'SEML.NS', 'SERA.NS']: No data found, symbol may be delisted
17:53:12 │ INFO    │    📦 Batch 299/388 — 15 stocks...
17:53:13 │ ERROR   │ $SETFBSE100.NS: No data found, symbol may be delisted
17:53:14 │ ERROR   │ $SETFSN50.NS: No data found, symbol may be delisted
17:53:15 │ ERROR   │ $SEVL.NS: No data found, symbol may be delisted
17:53:15 │ ERROR   │ 
3 Failed downloads:
17:53:15 │ ERROR   │ ['SETFBSE100.NS', 'SETFSN50.NS', 'SEVL.NS']: No data found, symbol may be delisted
17:53:21 │ INFO    │    📦 Batch 300/388 — 15 stocks...
17:53:22 │ ERROR   │ $SGNTE.NS: No data found, symbol may be delisted
17:53:23 │ ERROR   │ $SGFRL.NS: No data found, symbol may be delisted
17:53:24 │ ERROR   │ $SFML.NS: No data found, symbol may be delisted
17:53:24 │ ERROR   │ $SFPIL.NS: No data found, symbol may be delisted
17:53:24 │ ERROR   │ $SFSL.NS: No data found, symbol may be delisted
17:53:25 │ ERROR   │ $SHAHCON.NS: No data found, symbol may be delisted
17:53:25 │ ERROR   │ 
6 Failed downloads:
17:53:25 │ ERROR   │ ['SGNTE.NS', 'SGFRL.NS', 'SFML.NS', 'SFPIL.NS', 'SFSL.NS', 'SHAHCON.NS']: No data found, symbol may be delisted
17:53:32 │ INFO    │    📦 Batch 301/388 — 15 stocks...
17:53:32 │ ERROR   │ $SHANMUGA.NS: No data found, symbol may be delisted
17:53:33 │ ERROR   │ $SHALPRO.NS: No data found, symbol may be delisted
17:53:33 │ ERROR   │ $SHANGAR.NS: No data found, symbol may be delisted
17:53:33 │ ERROR   │ $SHANTAI.NS: No data found, symbol may be delisted
17:53:34 │ ERROR   │ $SHALIWIR.NS: No data found, symbol may be delisted
17:53:34 │ ERROR   │ $SHAKTIPR.NS: No data found, symbol may be delisted
17:53:35 │ ERROR   │ $SHAHISHIP.NS: No data found, symbol may be delisted
17:53:35 │ ERROR   │ $SHAHLON.NS: No data found, symbol may be delisted
17:53:35 │ ERROR   │ 
8 Failed downloads:
17:53:35 │ ERROR   │ ['SHANMUGA.NS', 'SHALPRO.NS', 'SHANGAR.NS', 'SHANTAI.NS', 'SHALIWIR.NS', 'SHAKTIPR.NS', 'SHAHISHIP.NS', 'SHAHLON.NS']: No data found, symbol may be delisted
17:53:41 │ INFO    │    📦 Batch 302/388 — 15 stocks...
17:53:43 │ ERROR   │ $SHANTIGURU.NS: No data found, symbol may be delisted
17:53:43 │ ERROR   │ $SHAQUAK.NS: No data found, symbol may be delisted
17:53:44 │ ERROR   │ $SHANTIDENM.NS: No data found, symbol may be delisted
17:53:44 │ ERROR   │ $SHARIKA.NS: No data found, symbol may be delisted
17:53:45 │ ERROR   │ $SHARP.NS: No data found, symbol may be delisted
17:53:45 │ ERROR   │ $SHARMEH.NS: No data found, symbol may be delisted
17:53:45 │ ERROR   │ 
6 Failed downloads:
17:53:45 │ ERROR   │ ['SHANTIGURU.NS', 'SHAQUAK.NS', 'SHANTIDENM.NS', 'SHARIKA.NS', 'SHARP.NS', 'SHARMEH.NS']: No data found, symbol may be delisted
17:53:51 │ INFO    │    📦 Batch 303/388 — 15 stocks...
17:53:52 │ ERROR   │ $SHEEL.NS: No data found, symbol may be delisted
17:53:52 │ ERROR   │ $SHARPLINE.NS: No data found, symbol may be delisted
17:53:52 │ ERROR   │ $SHARPINV.NS: No data found, symbol may be delisted
17:53:53 │ ERROR   │ $SHAWGELTIN.NS: No data found, symbol may be delisted
17:53:53 │ ERROR   │ $SHASHANK.NS: No data found, symbol may be delisted
17:53:53 │ ERROR   │ $SHAYONAENG.NS: No data found, symbol may be delisted
17:53:54 │ ERROR   │ $SHELTER.NS: No data found, symbol may be delisted
17:53:54 │ ERROR   │ $SHASHIJIT.NS: No data found, symbol may be delisted
17:53:55 │ ERROR   │ $SHENTRA.NS: No data found, symbol may be delisted
17:53:55 │ ERROR   │ $SHARVAYA.NS: No data found, symbol may be delisted
17:53:55 │ ERROR   │ 
10 Failed downloads:
17:53:55 │ ERROR   │ ['SHEEL.NS', 'SHARPLINE.NS', 'SHARPINV.NS', 'SHAWGELTIN.NS', 'SHASHANK.NS', 'SHAYONAENG.NS', 'SHELTER.NS', 'SHASHIJIT.NS', 'SHENTRA.NS', 'SHARVAYA.NS']: No data found, symbol may be delisted
17:54:01 │ INFO    │    📦 Batch 304/388 — 15 stocks...
17:54:02 │ ERROR   │ $SHETHJI.NS: No data found, symbol may be delisted
17:54:02 │ ERROR   │ $SHGANEL.NS: No data found, symbol may be delisted
17:54:02 │ ERROR   │ $SHHARICH.NS: No data found, symbol may be delisted
17:54:02 │ ERROR   │ $SHIKHAR.NS: No data found, symbol may be delisted
17:54:03 │ ERROR   │ $SHETR.NS: No data found, symbol may be delisted
17:54:04 │ ERROR   │ $SHIKHARLETR.NS: No data found, symbol may be delisted
17:54:04 │ ERROR   │ $SHILINDORE.NS: No data found, symbol may be delisted
17:54:04 │ ERROR   │ $SHESHAINDS.NS: No data found, symbol may be delisted
17:54:05 │ ERROR   │ $SHINEFASH.NS: No data found, symbol may be delisted
17:54:05 │ ERROR   │ 
9 Failed downloads:
17:54:05 │ ERROR   │ ['SHETHJI.NS', 'SHGANEL.NS', 'SHHARICH.NS', 'SHIKHAR.NS', 'SHETR.NS', 'SHIKHARLETR.NS', 'SHILINDORE.NS', 'SHESHAINDS.NS', 'SHINEFASH.NS']: No data found, symbol may be delisted
17:54:11 │ INFO    │    📦 Batch 305/388 — 15 stocks...
17:54:11 │ ERROR   │ $SHIVAGR.NS: No data found, symbol may be delisted
17:54:11 │ ERROR   │ $SHIVA.NS: No data found, symbol may be delisted
17:54:12 │ ERROR   │ $SHIVAM.NS: No data found, symbol may be delisted
17:54:12 │ ERROR   │ $SHIVASHRIT.NS: No data found, symbol may be delisted
17:54:13 │ ERROR   │ $SHIVAEXPO.NS: No data found, symbol may be delisted
17:54:13 │ ERROR   │ $SHISHIND.NS: No data found, symbol may be delisted
17:54:14 │ ERROR   │ $SHIPWAVES.NS: No data found, symbol may be delisted
17:54:14 │ ERROR   │ 
7 Failed downloads:
17:54:14 │ ERROR   │ ['SHIVAGR.NS', 'SHIVA.NS', 'SHIVAM.NS', 'SHIVASHRIT.NS', 'SHIVAEXPO.NS', 'SHISHIND.NS', 'SHIPWAVES.NS']: No data found, symbol may be delisted
17:54:20 │ INFO    │    📦 Batch 306/388 — 15 stocks...
17:54:20 │ ERROR   │ $SHIVKAMAL.NS: No data found, symbol may be delisted
17:54:21 │ ERROR   │ $SHRAAITECH.NS: No data found, symbol may be delisted
17:54:22 │ ERROR   │ $SHKALYN.NS: No data found, symbol may be delisted
17:54:22 │ ERROR   │ $SHOORA.NS: No data found, symbol may be delisted
17:54:22 │ ERROR   │ $SHKARTP.NS: No data found, symbol may be delisted
17:54:23 │ ERROR   │ $SHPLPUNE.NS: No data found, symbol may be delisted
17:54:23 │ ERROR   │ $SHRAJSYNQ.NS: No data found, symbol may be delisted
17:54:23 │ ERROR   │ $SHIVTEXCHEM.NS: No data found, symbol may be delisted
17:54:24 │ ERROR   │ $SHRAJOI.NS: No data found, symbol may be delisted
17:54:24 │ ERROR   │ $SHKSIL.NS: No data found, symbol may be delisted
17:54:24 │ ERROR   │ $SHLOKKA.NS: No data found, symbol may be delisted
17:54:24 │ ERROR   │ 
11 Failed downloads:
17:54:24 │ ERROR   │ ['SHIVKAMAL.NS', 'SHRAAITECH.NS', 'SHKALYN.NS', 'SHOORA.NS', 'SHKARTP.NS', 'SHPLPUNE.NS', 'SHRAJSYNQ.NS', 'SHIVTEXCHEM.NS', 'SHRAJOI.NS', 'SHKSIL.NS', 'SHLOKKA.NS']: No data found, symbol may be delisted
17:54:30 │ INFO    │    📦 Batch 307/388 — 15 stocks...
17:54:31 │ ERROR   │ $SHREESHAY.NS: No data found, symbol may be delisted
17:54:31 │ ERROR   │ $SHREE.NS: No data found, symbol may be delisted
17:54:32 │ ERROR   │ $SHREENATH.NS: No data found, symbol may be delisted
17:54:33 │ ERROR   │ $SHREEREF.NS: No data found, symbol may be delisted
17:54:33 │ ERROR   │ $SHREESEC.NS: No data found, symbol may be delisted
17:54:33 │ ERROR   │ $SHREEGANES.NS: No data found, symbol may be delisted
17:54:34 │ ERROR   │ $SHRDAIS.NS: No data found, symbol may be delisted
17:54:34 │ ERROR   │ $SHREEPAC.NS: No data found, symbol may be delisted
17:54:34 │ ERROR   │ 
8 Failed downloads:
17:54:34 │ ERROR   │ ['SHREESHAY.NS', 'SHREE.NS', 'SHREENATH.NS', 'SHREEREF.NS', 'SHREESEC.NS', 'SHREEGANES.NS', 'SHRDAIS.NS', 'SHREEPAC.NS']: No data found, symbol may be delisted
17:54:40 │ INFO    │    📦 Batch 308/388 — 15 stocks...
17:54:41 │ ERROR   │ $SHREMETAL.NS: No data found, symbol may be delisted
17:54:42 │ ERROR   │ $SHRIKANHA.NS: No data found, symbol may be delisted
17:54:42 │ ERROR   │ $SHRIGANG.NS: No data found, symbol may be delisted
17:54:43 │ ERROR   │ $SHRIDINE.NS: No data found, symbol may be delisted
17:54:43 │ ERROR   │ $SHRICON.NS: No data found, symbol may be delisted
17:54:43 │ ERROR   │ $SHREYASI.NS: No data found, symbol may be delisted
17:54:44 │ ERROR   │ $SHRIAHIMSA.NS: No data found, symbol may be delisted
17:54:44 │ ERROR   │ $SHRENTI.NS: No data found, symbol may be delisted
17:54:44 │ ERROR   │ 
8 Failed downloads:
17:54:44 │ ERROR   │ ['SHREMETAL.NS', 'SHRIKANHA.NS', 'SHRIGANG.NS', 'SHRIDINE.NS', 'SHRICON.NS', 'SHREYASI.NS', 'SHRIAHIMSA.NS', 'SHRENTI.NS']: No data found, symbol may be delisted
17:54:51 │ INFO    │    📦 Batch 309/388 — 15 stocks...
17:54:52 │ ERROR   │ $SHTL.NS: No data found, symbol may be delisted
17:54:52 │ ERROR   │ $SHUBHSHREE.NS: No data found, symbol may be delisted
17:54:52 │ ERROR   │ $SHUKJEW.NS: No data found, symbol may be delisted
17:54:53 │ ERROR   │ $SHUBHAM.NS: No data found, symbol may be delisted
17:54:53 │ ERROR   │ $SHRYDUS.NS: No data found, symbol may be delisted
17:54:53 │ ERROR   │ $SHRISTI.NS: No data found, symbol may be delisted
17:54:54 │ ERROR   │ $SHRMFGC.NS: No data found, symbol may be delisted
17:54:54 │ ERROR   │ $SHYAM.NS: No data found, symbol may be delisted
17:54:55 │ ERROR   │ $SHVSUIT.NS: No data found, symbol may be delisted
17:54:55 │ ERROR   │ $SHVFL.NS: No data found, symbol may be delisted
17:54:55 │ ERROR   │ 
10 Failed downloads:
17:54:55 │ ERROR   │ ['SHTL.NS', 'SHUBHSHREE.NS', 'SHUKJEW.NS', 'SHUBHAM.NS', 'SHRYDUS.NS', 'SHRISTI.NS', 'SHRMFGC.NS', 'SHYAM.NS', 'SHVSUIT.NS', 'SHVFL.NS']: No data found, symbol may be delisted
17:55:01 │ INFO    │    📦 Batch 310/388 — 15 stocks...
17:55:02 │ ERROR   │ $SIDDHICOTS.NS: No data found, symbol may be delisted
17:55:03 │ ERROR   │ $SIBARAUT.NS: No data found, symbol may be delisted
17:55:04 │ ERROR   │ $SIDDHEGA.NS: No data found, symbol may be delisted
17:55:04 │ ERROR   │ $SIDDHA.NS: No data found, symbol may be delisted
17:55:05 │ ERROR   │ $SHYMINV.NS: No data found, symbol may be delisted
17:55:05 │ ERROR   │ $SICAPIT.NS: No data found, symbol may be delisted
17:55:05 │ ERROR   │ $SHYAMDHANI.NS: No data found, symbol may be delisted
17:55:06 │ ERROR   │ $SHYAMACOMP.NS: No data found, symbol may be delisted
17:55:06 │ ERROR   │ $SICL.NS: No data found, symbol may be delisted
17:55:06 │ ERROR   │ 
9 Failed downloads:
17:55:06 │ ERROR   │ ['SIDDHICOTS.NS', 'SIBARAUT.NS', 'SIDDHEGA.NS', 'SIDDHA.NS', 'SHYMINV.NS', 'SICAPIT.NS', 'SHYAMDHANI.NS', 'SHYAMACOMP.NS', 'SICL.NS']: No data found, symbol may be delisted
17:55:12 │ INFO    │    📦 Batch 311/388 — 15 stocks...
17:55:13 │ ERROR   │ $SIIL.NS: No data found, symbol may be delisted
17:55:13 │ ERROR   │ $SIGNGCL.NS: No data found, symbol may be delisted
17:55:14 │ ERROR   │ $SIHORA.NS: No data found, symbol may be delisted
17:55:14 │ ERROR   │ $SIDH.NS: No data found, symbol may be delisted
17:55:15 │ ERROR   │ $SIELFNS.NS: No data found, symbol may be delisted
17:55:16 │ ERROR   │ 
5 Failed downloads:
17:55:16 │ ERROR   │ ['SIIL.NS', 'SIGNGCL.NS', 'SIHORA.NS', 'SIDH.NS', 'SIELFNS.NS']: No data found, symbol may be delisted
17:55:22 │ INFO    │    📦 Batch 312/388 — 15 stocks...
17:55:23 │ ERROR   │ $SILKY.NS: No data found, symbol may be delisted
17:55:23 │ ERROR   │ $SIKOZY.NS: No data found, symbol may be delisted
17:55:24 │ ERROR   │ 
2 Failed downloads:
17:55:24 │ ERROR   │ ['SILKY.NS', 'SIKOZY.NS']: No data found, symbol may be delisted
17:55:30 │ INFO    │    📦 Batch 313/388 — 15 stocks...
17:55:31 │ ERROR   │ $SILVERPRL.NS: No data found, symbol may be delisted
17:55:31 │ ERROR   │ $SIMANDHAR.NS: No data found, symbol may be delisted
17:55:31 │ ERROR   │ $SIMMOND.NS: No data found, symbol may be delisted
17:55:32 │ ERROR   │ $SILVOAK.NS: No data found, symbol may be delisted
17:55:32 │ ERROR   │ $SILVERO.NS: No data found, symbol may be delisted
17:55:32 │ ERROR   │ $SIMPLXPAP.NS: No data found, symbol may be delisted
17:55:33 │ ERROR   │ $SILVERLINE.NS: No data found, symbol may be delisted
17:55:34 │ ERROR   │ $SIMPLEXCAS.NS: No data found, symbol may be delisted
17:55:34 │ ERROR   │ 
8 Failed downloads:
17:55:34 │ ERROR   │ ['SILVERPRL.NS', 'SIMANDHAR.NS', 'SIMMOND.NS', 'SILVOAK.NS', 'SILVERO.NS', 'SIMPLXPAP.NS', 'SILVERLINE.NS', 'SIMPLEXCAS.NS']: No data found, symbol may be delisted
17:55:40 │ INFO    │    📦 Batch 314/388 — 15 stocks...
17:55:40 │ ERROR   │ $SIYARAM.NS: No data found, symbol may be delisted
17:55:41 │ ERROR   │ $SIPL.NS: No data found, symbol may be delisted
17:55:41 │ ERROR   │ $SIMRAN.NS: No data found, symbol may be delisted
17:55:41 │ ERROR   │ $SIROHIA.NS: No data found, symbol may be delisted
17:55:42 │ ERROR   │ $SITAENT.NS: No data found, symbol may be delisted
17:55:42 │ ERROR   │ $SINNAR.NS: No data found, symbol may be delisted
17:55:43 │ ERROR   │ $SISL.NS: No data found, symbol may be delisted
17:55:44 │ ERROR   │ 
7 Failed downloads:
17:55:44 │ ERROR   │ ['SIYARAM.NS', 'SIPL.NS', 'SIMRAN.NS', 'SIROHIA.NS', 'SITAENT.NS', 'SINNAR.NS', 'SISL.NS']: No data found, symbol may be delisted
17:55:50 │ INFO    │    📦 Batch 315/388 — 15 stocks...
17:55:50 │ ERROR   │ $SIZEMASTER.NS: No data found, symbol may be delisted
17:55:50 │ ERROR   │ $SKIFL.NS: No data found, symbol may be delisted
17:55:51 │ ERROR   │ $SKCIL.NS: No data found, symbol may be delisted
17:55:51 │ ERROR   │ $SKM.NS: No data found, symbol may be delisted
17:55:52 │ ERROR   │ $SKIEL.NS: No data found, symbol may be delisted
17:55:52 │ ERROR   │ $SKIPPERPP.NS: No data found, symbol may be delisted
17:55:52 │ ERROR   │ $SKL.NS: No data found, symbol may be delisted
17:55:53 │ ERROR   │ $SKILVEN.NS: No data found, symbol may be delisted
17:55:53 │ ERROR   │ 
8 Failed downloads:
17:55:53 │ ERROR   │ ['SIZEMASTER.NS', 'SKIFL.NS', 'SKCIL.NS', 'SKM.NS', 'SKIEL.NS', 'SKIPPERPP.NS', 'SKL.NS', 'SKILVEN.NS']: No data found, symbol may be delisted
17:55:59 │ INFO    │    📦 Batch 316/388 — 15 stocks...
17:56:00 │ ERROR   │ $SKRABUL.NS: No data found, symbol may be delisted
17:56:00 │ ERROR   │ $SKPSEC.NS: No data found, symbol may be delisted
17:56:01 │ ERROR   │ $SKYIND.NS: No data found, symbol may be delisted
17:56:01 │ ERROR   │ $SKPMIL.NS: No data found, symbol may be delisted
17:56:02 │ ERROR   │ $SKYLMILAR.NS: No data found, symbol may be delisted
17:56:03 │ ERROR   │ $SKYBIOTECH.NS: No data found, symbol may be delisted
17:56:04 │ ERROR   │ $SLSTLQ.NS: No data found, symbol may be delisted
17:56:04 │ ERROR   │ 
7 Failed downloads:
17:56:04 │ ERROR   │ ['SKRABUL.NS', 'SKPSEC.NS', 'SKYIND.NS', 'SKPMIL.NS', 'SKYLMILAR.NS', 'SKYBIOTECH.NS', 'SLSTLQ.NS']: No data found, symbol may be delisted
17:56:10 │ INFO    │    📦 Batch 317/388 — 15 stocks...
17:56:11 │ ERROR   │ $SMCREDT.NS: No data found, symbol may be delisted
17:56:11 │ ERROR   │ $SMGOLD.NS: No data found, symbol may be delisted
17:56:11 │ ERROR   │ $SML.NS: No data found, symbol may be delisted
17:56:12 │ ERROR   │ $SMARITIME.NS: No data found, symbol may be delisted
17:56:12 │ ERROR   │ $SMEL.NS: No data found, symbol may be delisted
17:56:13 │ ERROR   │ $SMARTEN.NS: No data found, symbol may be delisted
17:56:13 │ ERROR   │ $SMFIL.NS: No data found, symbol may be delisted
17:56:14 │ ERROR   │ $SMAUTO.NS: No data found, symbol may be delisted
17:56:14 │ ERROR   │ $SMARTFIN.NS: No data found, symbol may be delisted
17:56:14 │ ERROR   │ 
9 Failed downloads:
17:56:14 │ ERROR   │ ['SMCREDT.NS', 'SMGOLD.NS', 'SML.NS', 'SMARITIME.NS', 'SMEL.NS', 'SMARTEN.NS', 'SMFIL.NS', 'SMAUTO.NS', 'SMARTFIN.NS']: No data found, symbol may be delisted
17:56:20 │ INFO    │    📦 Batch 318/388 — 15 stocks...
17:56:21 │ ERROR   │ $SNEHAA.NS: No data found, symbol may be delisted
17:56:21 │ ERROR   │ $SOBME.NS: No data found, symbol may be delisted
17:56:22 │ ERROR   │ $SMRUTHIORG.NS: No data found, symbol may be delisted
17:56:22 │ ERROR   │ $SODHACAP.NS: No data found, symbol may be delisted
17:56:22 │ ERROR   │ $SNIM.NS: No data found, symbol may be delisted
17:56:23 │ ERROR   │ $SNXT50BEES.NS: No data found, symbol may be delisted
17:56:23 │ ERROR   │ $SMTEL.NS: No data found, symbol may be delisted
17:56:24 │ ERROR   │ $SOCL.NS: No data found, symbol may be delisted
17:56:24 │ ERROR   │ $SNL.NS: No data found, symbol may be delisted
17:56:24 │ ERROR   │ 
9 Failed downloads:
17:56:24 │ ERROR   │ ['SNEHAA.NS', 'SOBME.NS', 'SMRUTHIORG.NS', 'SODHACAP.NS', 'SNIM.NS', 'SNXT50BEES.NS', 'SMTEL.NS', 'SOCL.NS', 'SNL.NS']: No data found, symbol may be delisted
17:56:30 │ INFO    │    📦 Batch 319/388 — 15 stocks...
17:56:31 │ ERROR   │ $SOLARIUM.NS: No data found, symbol may be delisted
17:56:32 │ ERROR   │ $SOFTBPO.NS: No data found, symbol may be delisted
17:56:32 │ ERROR   │ $SOFTRAKV.NS: No data found, symbol may be delisted
17:56:32 │ ERROR   │ $SOFCOM.NS: No data found, symbol may be delisted
17:56:33 │ ERROR   │ $SOLARAPP1.NS: No data found, symbol may be delisted
17:56:33 │ ERROR   │ $SOLIMAC.NS: No data found, symbol may be delisted
17:56:34 │ ERROR   │ $SOLVEX.NS: No data found, symbol may be delisted
17:56:34 │ ERROR   │ $SOLIDSTON.NS: No data found, symbol may be delisted
17:56:35 │ ERROR   │ 
8 Failed downloads:
17:56:35 │ ERROR   │ ['SOLARIUM.NS', 'SOFTBPO.NS', 'SOFTRAKV.NS', 'SOFCOM.NS', 'SOLARAPP1.NS', 'SOLIMAC.NS', 'SOLVEX.NS', 'SOLIDSTON.NS']: No data found, symbol may be delisted
17:56:41 │ INFO    │    📦 Batch 320/388 — 15 stocks...
17:56:41 │ ERROR   │ $SOURCEIND.NS: No data found, symbol may be delisted
17:56:42 │ ERROR   │ $SONALIS.NS: No data found, symbol may be delisted
17:56:43 │ ERROR   │ $SONALAD.NS: No data found, symbol may be delisted
17:56:43 │ ERROR   │ $SOUTHERNIN.NS: No data found, symbol may be delisted
17:56:44 │ ERROR   │ $SOURCENTRL.NS: No data found, symbol may be delisted
17:56:44 │ ERROR   │ 
5 Failed downloads:
17:56:44 │ ERROR   │ ['SOURCEIND.NS', 'SONALIS.NS', 'SONALAD.NS', 'SOUTHERNIN.NS', 'SOURCENTRL.NS']: No data found, symbol may be delisted
17:56:50 │ INFO    │    📦 Batch 321/388 — 15 stocks...
17:56:50 │ ERROR   │ $SPCAPIT.NS: No data found, symbol may be delisted
17:56:51 │ ERROR   │ $SPAR.NS: No data found, symbol may be delisted
17:56:51 │ ERROR   │ $SPCON.NS: No data found, symbol may be delisted
17:56:51 │ ERROR   │ $SPACEINCUBA.NS: No data found, symbol may be delisted
17:56:52 │ ERROR   │ $SPACAPS.NS: No data found, symbol may be delisted
17:56:53 │ ERROR   │ $SOUTHMG.NS: No data found, symbol may be delisted
17:56:53 │ ERROR   │ $SOUTLAT.NS: No data found, symbol may be delisted
17:56:53 │ ERROR   │ $SPARKLEGR.NS: No data found, symbol may be delisted
17:56:54 │ ERROR   │ $SOVERDIA.NS: No data found, symbol may be delisted
17:56:54 │ ERROR   │ 
9 Failed downloads:
17:56:54 │ ERROR   │ ['SPCAPIT.NS', 'SPAR.NS', 'SPCON.NS', 'SPACEINCUBA.NS', 'SPACAPS.NS', 'SOUTHMG.NS', 'SOUTLAT.NS', 'SPARKLEGR.NS', 'SOVERDIA.NS']: No data found, symbol may be delisted
17:57:00 │ INFO    │    📦 Batch 322/388 — 15 stocks...
17:57:00 │ ERROR   │ $SPENTA.NS: No data found, symbol may be delisted
17:57:01 │ ERROR   │ $SPECFOOD.NS: No data found, symbol may be delisted
17:57:01 │ ERROR   │ $SPICELOUNG.NS: No data found, symbol may be delisted
17:57:01 │ ERROR   │ $SPICEJET.NS: No data found, symbol may be delisted
17:57:02 │ ERROR   │ $SPINAROO.NS: No data found, symbol may be delisted
17:57:02 │ ERROR   │ $SPECTRA.NS: No data found, symbol may be delisted
17:57:03 │ ERROR   │ $SPEB.NS: No data found, symbol may be delisted
17:57:03 │ ERROR   │ $SPITZE.NS: No data found, symbol may be delisted
17:57:04 │ ERROR   │ $SPICEISLIN.NS: No data found, symbol may be delisted
17:57:04 │ ERROR   │ 
9 Failed downloads:
17:57:04 │ ERROR   │ ['SPENTA.NS', 'SPECFOOD.NS', 'SPICELOUNG.NS', 'SPICEJET.NS', 'SPINAROO.NS', 'SPECTRA.NS', 'SPEB.NS', 'SPITZE.NS', 'SPICEISLIN.NS']: No data found, symbol may be delisted
17:57:10 │ INFO    │    📦 Batch 323/388 — 15 stocks...
17:57:10 │ ERROR   │ $SRAMSET.NS: No data found, symbol may be delisted
17:57:10 │ ERROR   │ $SPPPOLY.NS: No data found, symbol may be delisted
17:57:11 │ ERROR   │ $SPL.NS: No data found, symbol may be delisted
17:57:11 │ ERROR   │ $SPVGLOBAL.NS: No data found, symbol may be delisted
17:57:12 │ ERROR   │ $SPUNWEB.NS: No data found, symbol may be delisted
17:57:12 │ ERROR   │ $SPRIGHT.NS: No data found, symbol may be delisted
17:57:13 │ ERROR   │ $SPML.NS: No data found, symbol may be delisted
17:57:13 │ ERROR   │ $SPTRSHI.NS: No data found, symbol may be delisted
17:57:13 │ ERROR   │ $SPSL.NS: No data found, symbol may be delisted
17:57:14 │ ERROR   │ $SPRAYKING.NS: No data found, symbol may be delisted
17:57:14 │ ERROR   │ 
10 Failed downloads:
17:57:14 │ ERROR   │ ['SRAMSET.NS', 'SPPPOLY.NS', 'SPL.NS', 'SPVGLOBAL.NS', 'SPUNWEB.NS', 'SPRIGHT.NS', 'SPML.NS', 'SPTRSHI.NS', 'SPSL.NS', 'SPRAYKING.NS']: No data found, symbol may be delisted
17:57:20 │ INFO    │    📦 Batch 324/388 — 15 stocks...
17:57:20 │ ERROR   │ $SRESTHA.NS: No data found, symbol may be delisted
17:57:21 │ ERROR   │ $SRICC.NS: No data found, symbol may be delisted
17:57:21 │ ERROR   │ $SRINACHA.NS: No data found, symbol may be delisted
17:57:22 │ ERROR   │ $SRGFFL.NS: No data found, symbol may be delisted
17:57:23 │ ERROR   │ $SRIGEE.NS: No data found, symbol may be delisted
17:57:23 │ ERROR   │ $SRECR.NS: No data found, symbol may be delisted
17:57:23 │ ERROR   │ $SRDAPRT.NS: No data found, symbol may be delisted
17:57:23 │ ERROR   │ 
7 Failed downloads:
17:57:23 │ ERROR   │ ['SRESTHA.NS', 'SRICC.NS', 'SRINACHA.NS', 'SRGFFL.NS', 'SRIGEE.NS', 'SRECR.NS', 'SRDAPRT.NS']: No data found, symbol may be delisted
17:57:29 │ INFO    │    📦 Batch 325/388 — 15 stocks...
17:57:30 │ ERROR   │ $SSL.NS: No data found, symbol may be delisted
17:57:30 │ ERROR   │ $SSFLPP.NS: No data found, symbol may be delisted
17:57:31 │ ERROR   │ $SSPDL.NS: No data found, symbol may be delisted
17:57:31 │ ERROR   │ $SSLEL.NS: No data found, symbol may be delisted
17:57:31 │ ERROR   │ $SRMENERGY.NS: No data found, symbol may be delisted
17:57:32 │ ERROR   │ $SRMCL.NS: No data found, symbol may be delisted
17:57:32 │ ERROR   │ $SRUSTEELS.NS: No data found, symbol may be delisted
17:57:33 │ ERROR   │ $SSMD.NS: No data found, symbol may be delisted
17:57:33 │ ERROR   │ $SRSOLTD.NS: No data found, symbol may be delisted
17:57:33 │ ERROR   │ $SSEGL.NS: No data found, symbol may be delisted
17:57:33 │ ERROR   │ 
10 Failed downloads:
17:57:33 │ ERROR   │ ['SSL.NS', 'SSFLPP.NS', 'SSPDL.NS', 'SSLEL.NS', 'SRMENERGY.NS', 'SRMCL.NS', 'SRUSTEELS.NS', 'SSMD.NS', 'SRSOLTD.NS', 'SSEGL.NS']: No data found, symbol may be delisted
17:57:40 │ INFO    │    📦 Batch 326/388 — 15 stocks...
17:57:41 │ ERROR   │ $SSTL.NS: No data found, symbol may be delisted
17:57:41 │ ERROR   │ $SSWRL.NS: No data found, symbol may be delisted
17:57:41 │ ERROR   │ $STANBIK.NS: No data found, symbol may be delisted
17:57:42 │ ERROR   │ $STANCAP.NS: No data found, symbol may be delisted
17:57:43 │ ERROR   │ $STANPACK.NS: No data found, symbol may be delisted
17:57:43 │ ERROR   │ $SSPNFIN.NS: No data found, symbol may be delisted
17:57:43 │ ERROR   │ $STANROS.NS: No data found, symbol may be delisted
17:57:44 │ ERROR   │ $STAL.NS: No data found, symbol may be delisted
17:57:44 │ ERROR   │ $STARCOM.NS: No data found, symbol may be delisted
17:57:44 │ ERROR   │ 
9 Failed downloads:
17:57:44 │ ERROR   │ ['SSTL.NS', 'SSWRL.NS', 'STANBIK.NS', 'STANCAP.NS', 'STANPACK.NS', 'SSPNFIN.NS', 'STANROS.NS', 'STAL.NS', 'STARCOM.NS']: No data found, symbol may be delisted
17:57:50 │ INFO    │    📦 Batch 327/388 — 15 stocks...
17:57:50 │ ERROR   │ $STARIMAGIN.NS: No data found, symbol may be delisted
17:57:51 │ ERROR   │ $STCORP.NS: No data found, symbol may be delisted
17:57:51 │ ERROR   │ $STARLENT.NS: No data found, symbol may be delisted
17:57:51 │ ERROR   │ $STARLOG.NS: No data found, symbol may be delisted
17:57:52 │ ERROR   │ $STARDELTA.NS: No data found, symbol may be delisted
17:57:52 │ ERROR   │ $STARSOURCE.NS: No data found, symbol may be delisted
17:57:53 │ ERROR   │ $STDSFAC.NS: No data found, symbol may be delisted
17:57:54 │ ERROR   │ $STARHFL.NS: No data found, symbol may be delisted
17:57:54 │ ERROR   │ $STDBAT.NS: No data found, symbol may be delisted
17:57:54 │ ERROR   │ 
9 Failed downloads:
17:57:54 │ ERROR   │ ['STARIMAGIN.NS', 'STCORP.NS', 'STARLENT.NS', 'STARLOG.NS', 'STARDELTA.NS', 'STARSOURCE.NS', 'STDSFAC.NS', 'STARHFL.NS', 'STDBAT.NS']: No data found, symbol may be delisted
17:58:00 │ INFO    │    📦 Batch 328/388 — 15 stocks...
17:58:00 │ ERROR   │ $STELLAR.NS: No data found, symbol may be delisted
17:58:01 │ ERROR   │ $STEP2COR.NS: No data found, symbol may be delisted
17:58:02 │ ERROR   │ $STHINPA.NS: No data found, symbol may be delisted
17:58:02 │ ERROR   │ $STELLANT.NS: No data found, symbol may be delisted
17:58:03 │ ERROR   │ $STOVACQ.NS: No data found, symbol may be delisted
17:58:03 │ ERROR   │ $STERPOW.NS: No data found, symbol may be delisted
17:58:03 │ ERROR   │ $STL.NS: No data found, symbol may be delisted
17:58:04 │ ERROR   │ $STML.NS: No data found, symbol may be delisted
17:58:04 │ ERROR   │ 
8 Failed downloads:
17:58:04 │ ERROR   │ ['STELLAR.NS', 'STEP2COR.NS', 'STHINPA.NS', 'STELLANT.NS', 'STOVACQ.NS', 'STERPOW.NS', 'STL.NS', 'STML.NS']: No data found, symbol may be delisted
17:58:10 │ INFO    │    📦 Batch 329/388 — 15 stocks...
17:58:10 │ ERROR   │ $STUDIOLSD.NS: No data found, symbol may be delisted
17:58:11 │ ERROR   │ $STRATMONT.NS: No data found, symbol may be delisted
17:58:11 │ ERROR   │ $STRAEXPO.NS: No data found, symbol may be delisted
17:58:11 │ ERROR   │ $STRGRENWO.NS: No data found, symbol may be delisted
17:58:12 │ ERROR   │ $SUBAHOTELS.NS: No data found, symbol may be delisted
17:58:12 │ ERROR   │ $SUBAM.NS: No data found, symbol may be delisted
17:58:13 │ ERROR   │ $STRIDERS.NS: No data found, symbol may be delisted
17:58:13 │ ERROR   │ 
7 Failed downloads:
17:58:13 │ ERROR   │ ['STUDIOLSD.NS', 'STRATMONT.NS', 'STRAEXPO.NS', 'STRGRENWO.NS', 'SUBAHOTELS.NS', 'SUBAM.NS', 'STRIDERS.NS']: No data found, symbol may be delisted
17:58:20 │ INFO    │    📦 Batch 330/388 — 15 stocks...
17:58:20 │ ERROR   │ $SUDAI.NS: No data found, symbol may be delisted
17:58:20 │ ERROR   │ $SUBSM.NS: No data found, symbol may be delisted
17:58:21 │ ERROR   │ $SUERYAAKNI.NS: No data found, symbol may be delisted
17:58:21 │ ERROR   │ $SUGALDAM.NS: No data found, symbol may be delisted
17:58:22 │ ERROR   │ $SULABEN.NS: No data found, symbol may be delisted
17:58:22 │ ERROR   │ $SUDARSHAN.NS: No data found, symbol may be delisted
17:58:22 │ ERROR   │ $SUJALA.NS: No data found, symbol may be delisted
17:58:22 │ ERROR   │ $SUDTIND-B.NS: No data found, symbol may be delisted
17:58:23 │ ERROR   │ $SUGSLLOYD.NS: No data found, symbol may be delisted
17:58:23 │ ERROR   │ $SUCROSA.NS: No data found, symbol may be delisted
17:58:23 │ ERROR   │ 
10 Failed downloads:
17:58:23 │ ERROR   │ ['SUDAI.NS', 'SUBSM.NS', 'SUERYAAKNI.NS', 'SUGALDAM.NS', 'SULABEN.NS', 'SUDARSHAN.NS', 'SUJALA.NS', 'SUDTIND-B.NS', 'SUGSLLOYD.NS', 'SUCROSA.NS']: No data found, symbol may be delisted
17:58:29 │ INFO    │    📦 Batch 331/388 — 15 stocks...
17:58:30 │ ERROR   │ $SUMERUIND.NS: No data found, symbol may be delisted
17:58:32 │ ERROR   │ $SUNCITYSY.NS: No data found, symbol may be delisted
17:58:32 │ ERROR   │ $SUMUKA.NS: No data found, symbol may be delisted
17:58:32 │ ERROR   │ 
3 Failed downloads:
17:58:32 │ ERROR   │ ['SUMERUIND.NS', 'SUNCITYSY.NS', 'SUMUKA.NS']: No data found, symbol may be delisted
17:58:38 │ INFO    │    📦 Batch 332/388 — 15 stocks...
17:58:39 │ ERROR   │ $SUNITATOOL.NS: No data found, symbol may be delisted
17:58:39 │ ERROR   │ $SUNILTX.NS: No data found, symbol may be delisted
17:58:40 │ ERROR   │ $SUNRETAIL.NS: No data found, symbol may be delisted
17:58:40 │ ERROR   │ $SUNRINV.NS: No data found, symbol may be delisted
17:58:41 │ ERROR   │ $SUNGOLD.NS: No data found, symbol may be delisted
17:58:41 │ ERROR   │ $SUNSKY.NS: No data found, symbol may be delisted
17:58:41 │ ERROR   │ $SUNILAGR.NS: No data found, symbol may be delisted
17:58:42 │ ERROR   │ $SUNRAJDI.NS: No data found, symbol may be delisted
17:58:42 │ ERROR   │ $SUNLITE.NS: No data found, symbol may be delisted
17:58:42 │ ERROR   │ 
9 Failed downloads:
17:58:42 │ ERROR   │ ['SUNITATOOL.NS', 'SUNILTX.NS', 'SUNRETAIL.NS', 'SUNRINV.NS', 'SUNGOLD.NS', 'SUNSKY.NS', 'SUNILAGR.NS', 'SUNRAJDI.NS', 'SUNLITE.NS']: No data found, symbol may be delisted
17:58:48 │ INFO    │    📦 Batch 333/388 — 15 stocks...
17:58:49 │ ERROR   │ $SUPER.NS: No data found, symbol may be delisted
17:58:49 │ ERROR   │ $SUPHA.NS: No data found, symbol may be delisted
17:58:49 │ ERROR   │ $SUPERSHAKT.NS: No data found, symbol may be delisted
17:58:50 │ ERROR   │ $SUPERIOR.NS: No data found, symbol may be delisted
17:58:50 │ ERROR   │ $SUPERBAK.NS: No data found, symbol may be delisted
17:58:51 │ ERROR   │ $SUNTECH.NS: No data found, symbol may be delisted
17:58:51 │ ERROR   │ $SUPERIRON.NS: No data found, symbol may be delisted
17:58:52 │ ERROR   │ $SUPRAPFSL.NS: No data found, symbol may be delisted
17:58:52 │ ERROR   │ $SUPERNOVA.NS: No data found, symbol may be delisted
17:58:52 │ ERROR   │ $SUPERTEX.NS: No data found, symbol may be delisted
17:58:52 │ ERROR   │ 
10 Failed downloads:
17:58:52 │ ERROR   │ ['SUPER.NS', 'SUPHA.NS', 'SUPERSHAKT.NS', 'SUPERIOR.NS', 'SUPERBAK.NS', 'SUNTECH.NS', 'SUPERIRON.NS', 'SUPRAPFSL.NS', 'SUPERNOVA.NS', 'SUPERTEX.NS']: No data found, symbol may be delisted
17:58:58 │ INFO    │    📦 Batch 334/388 — 15 stocks...
17:58:59 │ ERROR   │ $SUPRATRE.NS: No data found, symbol may be delisted
17:59:00 │ ERROR   │ $SURAJINDPP.NS: No data found, symbol may be delisted
17:59:01 │ ERROR   │ $SURAJ.NS: No data found, symbol may be delisted
17:59:01 │ ERROR   │ 
3 Failed downloads:
17:59:01 │ ERROR   │ ['SUPRATRE.NS', 'SURAJINDPP.NS', 'SURAJ.NS']: No data found, symbol may be delisted
17:59:08 │ INFO    │    📦 Batch 335/388 — 15 stocks...
17:59:08 │ ERROR   │ $SURATRAML.NS: No data found, symbol may be delisted
17:59:09 │ ERROR   │ $SURYAINDIA.NS: No data found, symbol may be delisted
17:59:10 │ ERROR   │ $SURBHIN.NS: No data found, symbol may be delisted
17:59:10 │ ERROR   │ $SURJIND.NS: No data found, symbol may be delisted
17:59:10 │ ERROR   │ $SURYAAMBA.NS: No data found, symbol may be delisted
17:59:11 │ ERROR   │ $SURFI.NS: No data found, symbol may be delisted
17:59:11 │ ERROR   │ 
6 Failed downloads:
17:59:11 │ ERROR   │ ['SURATRAML.NS', 'SURYAINDIA.NS', 'SURBHIN.NS', 'SURJIND.NS', 'SURYAAMBA.NS', 'SURFI.NS']: No data found, symbol may be delisted
17:59:17 │ INFO    │    📦 Batch 336/388 — 15 stocks...
17:59:18 │ ERROR   │ $SVCIND.NS: No data found, symbol may be delisted
17:59:18 │ ERROR   │ $SVRL.NS: No data found, symbol may be delisted
17:59:18 │ ERROR   │ $SVARTCORP.NS: No data found, symbol may be delisted
17:59:19 │ ERROR   │ $SWADEIN.NS: No data found, symbol may be delisted
17:59:19 │ ERROR   │ $SVS.NS: No data found, symbol may be delisted
17:59:19 │ ERROR   │ $SW1.NS: No data found, symbol may be delisted
17:59:20 │ ERROR   │ $SVJ.NS: No data found, symbol may be delisted
17:59:21 │ ERROR   │ $SWADHATURE.NS: No data found, symbol may be delisted
17:59:21 │ ERROR   │ $SVAMSOF.NS: No data found, symbol may be delisted
17:59:21 │ ERROR   │ $SVAINDIA.NS: No data found, symbol may be delisted
17:59:21 │ ERROR   │ 
10 Failed downloads:
17:59:21 │ ERROR   │ ['SVCIND.NS', 'SVRL.NS', 'SVARTCORP.NS', 'SWADEIN.NS', 'SVS.NS', 'SW1.NS', 'SVJ.NS', 'SWADHATURE.NS', 'SVAMSOF.NS', 'SVAINDIA.NS']: No data found, symbol may be delisted
17:59:28 │ INFO    │    📦 Batch 337/388 — 15 stocks...
17:59:28 │ ERROR   │ $SWANAGRO.NS: No data found, symbol may be delisted
17:59:29 │ ERROR   │ $SWASTIKA.NS: No data found, symbol may be delisted
17:59:29 │ ERROR   │ $SWAGTAM.NS: No data found, symbol may be delisted
17:59:30 │ ERROR   │ $SWASTIKAAL.NS: No data found, symbol may be delisted
17:59:30 │ ERROR   │ $SWASTH.NS: No data found, symbol may be delisted
17:59:30 │ ERROR   │ $SWATIPRO.NS: No data found, symbol may be delisted
17:59:31 │ ERROR   │ $SWASTIVI.NS: No data found, symbol may be delisted
17:59:31 │ ERROR   │ $SWADPOL.NS: No data found, symbol may be delisted
17:59:31 │ ERROR   │ 
8 Failed downloads:
17:59:31 │ ERROR   │ ['SWANAGRO.NS', 'SWASTIKA.NS', 'SWAGTAM.NS', 'SWASTIKAAL.NS', 'SWASTH.NS', 'SWATIPRO.NS', 'SWASTIVI.NS', 'SWADPOL.NS']: No data found, symbol may be delisted
17:59:37 │ INFO    │    📦 Batch 338/388 — 15 stocks...
17:59:38 │ ERROR   │ $SWOJAS.NS: No data found, symbol may be delisted
17:59:38 │ ERROR   │ $SYLPH.NS: No data found, symbol may be delisted
17:59:39 │ ERROR   │ $SYMBIOX.NS: No data found, symbol may be delisted
17:59:40 │ ERROR   │ $SYBLY.NS: No data found, symbol may be delisted
17:59:40 │ ERROR   │ $SWITCHTE.NS: No data found, symbol may be delisted
17:59:41 │ ERROR   │ $SWRNASE.NS: No data found, symbol may be delisted
17:59:41 │ ERROR   │ 
6 Failed downloads:
17:59:41 │ ERROR   │ ['SWOJAS.NS', 'SYLPH.NS', 'SYMBIOX.NS', 'SYBLY.NS', 'SWITCHTE.NS', 'SWRNASE.NS']: No data found, symbol may be delisted
17:59:47 │ INFO    │    📦 Batch 339/388 — 15 stocks...
17:59:47 │ ERROR   │ $TAKYON.NS: No data found, symbol may be delisted
17:59:48 │ ERROR   │ $TAHMARENT.NS: No data found, symbol may be delisted
17:59:48 │ ERROR   │ $SYTIXSE.NS: No data found, symbol may be delisted
17:59:49 │ ERROR   │ $SYSCHEM.NS: No data found, symbol may be delisted
17:59:50 │ ERROR   │ $TAIIND.NS: No data found, symbol may be delisted
17:59:51 │ ERROR   │ $SYSTEMATIC.NS: No data found, symbol may be delisted
17:59:51 │ ERROR   │ 
6 Failed downloads:
17:59:51 │ ERROR   │ ['TAKYON.NS', 'TAHMARENT.NS', 'SYTIXSE.NS', 'SYSCHEM.NS', 'TAIIND.NS', 'SYSTEMATIC.NS']: No data found, symbol may be delisted
17:59:57 │ INFO    │    📦 Batch 340/388 — 15 stocks...
17:59:57 │ ERROR   │ $TALBROSENG.NS: No data found, symbol may be delisted
17:59:58 │ ERROR   │ $TANFACIND.NS: No data found, symbol may be delisted
17:59:58 │ ERROR   │ $TARAI.NS: No data found, symbol may be delisted
17:59:58 │ ERROR   │ $TANKUP.NS: No data found, symbol may be delisted
17:59:59 │ ERROR   │ $TAPARIA.NS: No data found, symbol may be delisted
18:00:00 │ ERROR   │ $TANVI.NS: No data found, symbol may be delisted
18:00:00 │ ERROR   │ $TARINI.NS: No data found, symbol may be delisted
18:00:00 │ ERROR   │ 
7 Failed downloads:
18:00:00 │ ERROR   │ ['TALBROSENG.NS', 'TANFACIND.NS', 'TARAI.NS', 'TANKUP.NS', 'TAPARIA.NS', 'TANVI.NS', 'TARINI.NS']: No data found, symbol may be delisted
18:00:06 │ INFO    │    📦 Batch 341/388 — 15 stocks...
18:00:09 │ ERROR   │ $TATIAGLOB.NS: No data found, symbol may be delisted
18:00:09 │ ERROR   │ $TASHIND.NS: No data found, symbol may be delisted
18:00:09 │ ERROR   │ 
2 Failed downloads:
18:00:09 │ ERROR   │ ['TATIAGLOB.NS', 'TASHIND.NS']: No data found, symbol may be delisted
18:00:15 │ INFO    │    📦 Batch 342/388 — 15 stocks...
18:00:16 │ ERROR   │ $TCIIND.NS: No data found, symbol may be delisted
18:00:16 │ ERROR   │ $TCMLMTD.NS: No data found, symbol may be delisted
18:00:17 │ ERROR   │ $TAURIAN.NS: No data found, symbol may be delisted
18:00:17 │ ERROR   │ $TCFCFINQ.NS: No data found, symbol may be delisted
18:00:18 │ ERROR   │ 
4 Failed downloads:
18:00:18 │ ERROR   │ ['TCIIND.NS', 'TCMLMTD.NS', 'TAURIAN.NS', 'TCFCFINQ.NS']: No data found, symbol may be delisted
18:00:24 │ INFO    │    📦 Batch 343/388 — 15 stocks...
18:00:25 │ ERROR   │ $TECHERA.NS: No data found, symbol may be delisted
18:00:25 │ ERROR   │ $TDSL.NS: No data found, symbol may be delisted
18:00:25 │ ERROR   │ $TEAM24.NS: No data found, symbol may be delisted
18:00:26 │ ERROR   │ $TECHD.NS: No data found, symbol may be delisted
18:00:26 │ ERROR   │ $TECHCON.NS: No data found, symbol may be delisted
18:00:27 │ ERROR   │ $TECHNICHEM.NS: No data found, symbol may be delisted
18:00:27 │ ERROR   │ $TECHKGREEN.NS: No data found, symbol may be delisted
18:00:28 │ ERROR   │ 
7 Failed downloads:
18:00:28 │ ERROR   │ ['TECHERA.NS', 'TDSL.NS', 'TEAM24.NS', 'TECHD.NS', 'TECHCON.NS', 'TECHNICHEM.NS', 'TECHKGREEN.NS']: No data found, symbol may be delisted
18:00:34 │ INFO    │    📦 Batch 344/388 — 15 stocks...
18:00:34 │ ERROR   │ $TELOGICA.NS: No data found, symbol may be delisted
18:00:35 │ ERROR   │ $TEJASCARGO.NS: No data found, symbol may be delisted
18:00:35 │ ERROR   │ $TELECANOR.NS: No data found, symbol may be delisted
18:00:35 │ ERROR   │ $TELGE.NS: No data found, symbol may be delisted
18:00:36 │ ERROR   │ $TECHNOPACK.NS: No data found, symbol may be delisted
18:00:37 │ ERROR   │ $TEJASSVI.NS: No data found, symbol may be delisted
18:00:37 │ ERROR   │ $TEEAI.NS: No data found, symbol may be delisted
18:00:37 │ ERROR   │ $TEJNAKSH.NS: No data found, symbol may be delisted
18:00:38 │ ERROR   │ 
8 Failed downloads:
18:00:38 │ ERROR   │ ['TELOGICA.NS', 'TEJASCARGO.NS', 'TELECANOR.NS', 'TELGE.NS', 'TECHNOPACK.NS', 'TEJASSVI.NS', 'TEEAI.NS', 'TEJNAKSH.NS']: No data found, symbol may be delisted
18:00:45 │ INFO    │    📦 Batch 345/388 — 15 stocks...
18:00:46 │ ERROR   │ $TERRAREAL.NS: No data found, symbol may be delisted
18:00:46 │ ERROR   │ $TEXELIN.NS: No data found, symbol may be delisted
18:00:47 │ ERROR   │ $TFSL.NS: No data found, symbol may be delisted
18:00:47 │ ERROR   │ $TFLL.NS: No data found, symbol may be delisted
18:00:48 │ ERROR   │ $TERRAFORM.NS: No data found, symbol may be delisted
18:00:48 │ ERROR   │ 
5 Failed downloads:
18:00:48 │ ERROR   │ ['TERRAREAL.NS', 'TEXELIN.NS', 'TFSL.NS', 'TFLL.NS', 'TERRAFORM.NS']: No data found, symbol may be delisted
18:00:54 │ INFO    │    📦 Batch 346/388 — 15 stocks...
18:00:55 │ ERROR   │ $THINKINK.NS: No data found, symbol may be delisted
18:00:55 │ ERROR   │ $THAKKERS.NS: No data found, symbol may be delisted
18:00:56 │ ERROR   │ $THESL.NS: No data found, symbol may be delisted
18:00:57 │ ERROR   │ $TGIF.NS: No data found, symbol may be delisted
18:00:57 │ ERROR   │ $THAKRAL.NS: No data found, symbol may be delisted
18:00:57 │ ERROR   │ 
5 Failed downloads:
18:00:57 │ ERROR   │ ['THINKINK.NS', 'THAKKERS.NS', 'THESL.NS', 'TGIF.NS', 'THAKRAL.NS']: No data found, symbol may be delisted
18:01:03 │ INFO    │    📦 Batch 347/388 — 15 stocks...
18:01:04 │ ERROR   │ $TIHIL.NS: No data found, symbol may be delisted
18:01:04 │ ERROR   │ $THRIVE.NS: No data found, symbol may be delisted
18:01:05 │ ERROR   │ $TIGLOB.NS: No data found, symbol may be delisted
18:01:06 │ ERROR   │ $THREEMPAPE.NS: No data found, symbol may be delisted
18:01:06 │ ERROR   │ $TIERRA.NS: No data found, symbol may be delisted
18:01:07 │ ERROR   │ 
5 Failed downloads:
18:01:07 │ ERROR   │ ['TIHIL.NS', 'THRIVE.NS', 'TIGLOB.NS', 'THREEMPAPE.NS', 'TIERRA.NS']: No data found, symbol may be delisted
18:01:13 │ INFO    │    📦 Batch 348/388 — 15 stocks...
18:01:14 │ ERROR   │ $TIRSARJ.NS: No data found, symbol may be delisted
18:01:15 │ ERROR   │ $TIMESGREEN.NS: No data found, symbol may be delisted
18:01:15 │ ERROR   │ $TIRTPLS.NS: No data found, symbol may be delisted
18:01:15 │ ERROR   │ $TIRUFOAM.NS: No data found, symbol may be delisted
18:01:16 │ ERROR   │ $TIPCO.NS: No data found, symbol may be delisted
18:01:16 │ ERROR   │ $TILAK.NS: No data found, symbol may be delisted
18:01:17 │ ERROR   │ $TILPP.NS: No data found, symbol may be delisted
18:01:17 │ ERROR   │ 
7 Failed downloads:
18:01:17 │ ERROR   │ ['TIRSARJ.NS', 'TIMESGREEN.NS', 'TIRTPLS.NS', 'TIRUFOAM.NS', 'TIPCO.NS', 'TILAK.NS', 'TILPP.NS']: No data found, symbol may be delisted
18:01:23 │ INFO    │    📦 Batch 349/388 — 15 stocks...
18:01:24 │ ERROR   │ $TIRUSTA.NS: No data found, symbol may be delisted
18:01:24 │ ERROR   │ $TITAANIUM.NS: No data found, symbol may be delisted
18:01:24 │ ERROR   │ $TITANIN.NS: No data found, symbol may be delisted
18:01:25 │ ERROR   │ $TLL.NS: No data found, symbol may be delisted
18:01:25 │ ERROR   │ $TITANSEC.NS: No data found, symbol may be delisted
18:01:27 │ ERROR   │ $TIRUPATIIN.NS: No data found, symbol may be delisted
18:01:27 │ ERROR   │ $TITANBIO.NS: No data found, symbol may be delisted
18:01:27 │ ERROR   │ 
7 Failed downloads:
18:01:27 │ ERROR   │ ['TIRUSTA.NS', 'TITAANIUM.NS', 'TITANIN.NS', 'TLL.NS', 'TITANSEC.NS', 'TIRUPATIIN.NS', 'TITANBIO.NS']: No data found, symbol may be delisted
18:01:33 │ INFO    │    📦 Batch 350/388 — 15 stocks...
18:01:33 │ ERROR   │ $TOKYOFIN.NS: No data found, symbol may be delisted
18:01:34 │ ERROR   │ $TNSTLTU.NS: No data found, symbol may be delisted
18:01:35 │ ERROR   │ $TOTEM.NS: No data found, symbol may be delisted
18:01:36 │ ERROR   │ 
3 Failed downloads:
18:01:36 │ ERROR   │ ['TOKYOFIN.NS', 'TNSTLTU.NS', 'TOTEM.NS']: No data found, symbol may be delisted
18:01:42 │ INFO    │    📦 Batch 351/388 — 15 stocks...
18:01:42 │ ERROR   │ $TRADWIN.NS: No data found, symbol may be delisted
18:01:43 │ ERROR   │ $TPROJECT.NS: No data found, symbol may be delisted
18:01:43 │ ERROR   │ $TRANSCHEM.NS: No data found, symbol may be delisted
18:01:44 │ ERROR   │ $TRANSFD.NS: No data found, symbol may be delisted
18:01:44 │ ERROR   │ $TRABI.NS: No data found, symbol may be delisted
18:01:45 │ ERROR   │ $TRADEWELL.NS: No data found, symbol may be delisted
18:01:45 │ ERROR   │ $TPINDIA.NS: No data found, symbol may be delisted
18:01:45 │ ERROR   │ $TRADEUNO.NS: No data found, symbol may be delisted
18:01:46 │ ERROR   │ $TRANOCE.NS: No data found, symbol may be delisted
18:01:46 │ ERROR   │ 
9 Failed downloads:
18:01:46 │ ERROR   │ ['TRADWIN.NS', 'TPROJECT.NS', 'TRANSCHEM.NS', 'TRANSFD.NS', 'TRABI.NS', 'TRADEWELL.NS', 'TPINDIA.NS', 'TRADEUNO.NS', 'TRANOCE.NS']: No data found, symbol may be delisted
18:01:52 │ INFO    │    📦 Batch 352/388 — 15 stocks...
18:01:52 │ ERROR   │ $TRANWAY21.NS: No data found, symbol may be delisted
18:01:54 │ ERROR   │ $TRANSFRE.NS: No data found, symbol may be delisted
18:01:54 │ ERROR   │ $TRANSVOY.NS: No data found, symbol may be delisted
18:01:55 │ ERROR   │ $TRANSPACT.NS: No data found, symbol may be delisted
18:01:55 │ ERROR   │ $TRAVELS.NS: No data found, symbol may be delisted
18:01:55 │ ERROR   │ 
5 Failed downloads:
18:01:55 │ ERROR   │ ['TRANWAY21.NS', 'TRANSFRE.NS', 'TRANSVOY.NS', 'TRANSPACT.NS', 'TRAVELS.NS']: No data found, symbol may be delisted
18:02:01 │ INFO    │    📦 Batch 353/388 — 15 stocks...
18:02:01 │ ERROR   │ $TRILIANCE.NS: No data found, symbol may be delisted
18:02:02 │ ERROR   │ $TRIOMERC.NS: No data found, symbol may be delisted
18:02:02 │ ERROR   │ $TRIPR.NS: No data found, symbol may be delisted
18:02:03 │ ERROR   │ $TRISHAKT.NS: No data found, symbol may be delisted
18:02:03 │ ERROR   │ $TRINITYLEA.NS: No data found, symbol may be delisted
18:02:04 │ ERROR   │ $TRIUMPIN.NS: No data found, symbol may be delisted
18:02:05 │ ERROR   │ $TRESCON.NS: No data found, symbol may be delisted
18:02:05 │ ERROR   │ $TRICOMFRU.NS: No data found, symbol may be delisted
18:02:05 │ ERROR   │ 
8 Failed downloads:
18:02:05 │ ERROR   │ ['TRILIANCE.NS', 'TRIOMERC.NS', 'TRIPR.NS', 'TRISHAKT.NS', 'TRINITYLEA.NS', 'TRIUMPIN.NS', 'TRESCON.NS', 'TRICOMFRU.NS']: No data found, symbol may be delisted
18:02:11 │ INFO    │    📦 Batch 354/388 — 15 stocks...
18:02:12 │ ERROR   │ $TROM.NS: No data found, symbol may be delisted
18:02:12 │ ERROR   │ $TRIVENIGQ.NS: No data found, symbol may be delisted
18:02:13 │ ERROR   │ $TRUSTWAVE.NS: No data found, symbol may be delisted
18:02:13 │ ERROR   │ $TTC.NS: No data found, symbol may be delisted
18:02:13 │ ERROR   │ $TRUEGREEN.NS: No data found, symbol may be delisted
18:02:14 │ ERROR   │ $TRL.NS: No data found, symbol may be delisted
18:02:14 │ ERROR   │ $TSC.NS: No data found, symbol may be delisted
18:02:15 │ ERROR   │ $TRUSTEDGE.NS: No data found, symbol may be delisted
18:02:15 │ ERROR   │ $TSPIRITUAL.NS: No data found, symbol may be delisted
18:02:15 │ ERROR   │ $TRUECOLORS.NS: No data found, symbol may be delisted
18:02:16 │ ERROR   │ $TRIVENIENT.NS: No data found, symbol may be delisted
18:02:16 │ ERROR   │ 
11 Failed downloads:
18:02:16 │ ERROR   │ ['TROM.NS', 'TRIVENIGQ.NS', 'TRUSTWAVE.NS', 'TTC.NS', 'TRUEGREEN.NS', 'TRL.NS', 'TSC.NS', 'TRUSTEDGE.NS', 'TSPIRITUAL.NS', 'TRUECOLORS.NS', 'TRIVENIENT.NS']: No data found, symbol may be delisted
18:02:23 │ INFO    │    📦 Batch 355/388 — 15 stocks...
18:02:24 │ ERROR   │ $TULASEEBIOE.NS: No data found, symbol may be delisted
18:02:24 │ ERROR   │ $TULSYAN.NS: No data found, symbol may be delisted
18:02:25 │ ERROR   │ $TULIVE.NS: No data found, symbol may be delisted
18:02:25 │ ERROR   │ $TTIENT.NS: No data found, symbol may be delisted
18:02:25 │ ERROR   │ $TUNITEX.NS: No data found, symbol may be delisted
18:02:26 │ ERROR   │ $TUSALDAH.NS: No data found, symbol may be delisted
18:02:26 │ ERROR   │ $TTFL.NS: No data found, symbol may be delisted
18:02:27 │ ERROR   │ $TTLEL.NS: No data found, symbol may be delisted
18:02:27 │ ERROR   │ $TTGIL.NS: No data found, symbol may be delisted
18:02:27 │ ERROR   │ 
9 Failed downloads:
18:02:27 │ ERROR   │ ['TULASEEBIOE.NS', 'TULSYAN.NS', 'TULIVE.NS', 'TTIENT.NS', 'TUNITEX.NS', 'TUSALDAH.NS', 'TTFL.NS', 'TTLEL.NS', 'TTGIL.NS']: No data found, symbol may be delisted
18:02:33 │ INFO    │    📦 Batch 356/388 — 15 stocks...
18:02:34 │ ERROR   │ $TVSINVIT.NS: No data found, symbol may be delisted
18:02:35 │ ERROR   │ $TVOLCON.NS: No data found, symbol may be delisted
18:02:36 │ ERROR   │ $TWIROST.NS: No data found, symbol may be delisted
18:02:36 │ ERROR   │ $TYROON.NS: No data found, symbol may be delisted
18:02:36 │ ERROR   │ $TYCHE.NS: No data found, symbol may be delisted
18:02:37 │ ERROR   │ 
5 Failed downloads:
18:02:37 │ ERROR   │ ['TVSINVIT.NS', 'TVOLCON.NS', 'TWIROST.NS', 'TYROON.NS', 'TYCHE.NS']: No data found, symbol may be delisted
18:02:43 │ INFO    │    📦 Batch 357/388 — 15 stocks...
18:02:43 │ ERROR   │ $UCIL.NS: No data found, symbol may be delisted
18:02:44 │ ERROR   │ $UFMINDL.NS: No data found, symbol may be delisted
18:02:44 │ ERROR   │ $UHTL.NS: No data found, symbol may be delisted
18:02:45 │ ERROR   │ $UHZAVERI.NS: No data found, symbol may be delisted
18:02:46 │ ERROR   │ 
4 Failed downloads:
18:02:46 │ ERROR   │ ['UCIL.NS', 'UFMINDL.NS', 'UHTL.NS', 'UHZAVERI.NS']: No data found, symbol may be delisted
18:02:52 │ INFO    │    📦 Batch 358/388 — 15 stocks...
18:02:52 │ ERROR   │ $UNIABEXAL.NS: No data found, symbol may be delisted
18:02:53 │ ERROR   │ $UNICK.NS: No data found, symbol may be delisted
18:02:53 │ ERROR   │ $UML.NS: No data found, symbol may be delisted
18:02:54 │ ERROR   │ $ULTRACAB.NS: No data found, symbol may be delisted
18:02:55 │ ERROR   │ $UMIYA.NS: No data found, symbol may be delisted
18:02:55 │ ERROR   │ $UNIAUTO.NS: No data found, symbol may be delisted
18:02:55 │ ERROR   │ 
6 Failed downloads:
18:02:55 │ ERROR   │ ['UNIABEXAL.NS', 'UNICK.NS', 'UML.NS', 'ULTRACAB.NS', 'UMIYA.NS', 'UNIAUTO.NS']: No data found, symbol may be delisted
18:03:01 │ INFO    │    📦 Batch 359/388 — 15 stocks...
18:03:02 │ ERROR   │ $UNIQUEO.NS: No data found, symbol may be delisted
18:03:02 │ ERROR   │ $UNILEX.NS: No data found, symbol may be delisted
18:03:02 │ ERROR   │ $UNIFIED.NS: No data found, symbol may be delisted
18:03:03 │ ERROR   │ $UNIOFFICE.NS: No data found, symbol may be delisted
18:03:03 │ ERROR   │ $UNIROYAL.NS: No data found, symbol may be delisted
18:03:03 │ ERROR   │ $UNISEM.NS: No data found, symbol may be delisted
18:03:04 │ ERROR   │ $UNIJOLL.NS: No data found, symbol may be delisted
18:03:05 │ ERROR   │ 
7 Failed downloads:
18:03:05 │ ERROR   │ ['UNIQUEO.NS', 'UNILEX.NS', 'UNIFIED.NS', 'UNIOFFICE.NS', 'UNIROYAL.NS', 'UNISEM.NS', 'UNIJOLL.NS']: No data found, symbol may be delisted
18:03:11 │ INFO    │    📦 Batch 360/388 — 15 stocks...
18:03:11 │ ERROR   │ $UNIVARTS.NS: No data found, symbol may be delisted
18:03:12 │ ERROR   │ $UNISHIRE.NS: No data found, symbol may be delisted
18:03:12 │ ERROR   │ $UNITDCR.NS: No data found, symbol may be delisted
18:03:13 │ ERROR   │ $UNISON.NS: No data found, symbol may be delisted
18:03:13 │ ERROR   │ $UNITEDINT.NS: No data found, symbol may be delisted
18:03:14 │ ERROR   │ $UNITINT.NS: No data found, symbol may be delisted
18:03:14 │ ERROR   │ $UNIVSTAR.NS: No data found, symbol may be delisted
18:03:14 │ ERROR   │ 
7 Failed downloads:
18:03:14 │ ERROR   │ ['UNIVARTS.NS', 'UNISHIRE.NS', 'UNITDCR.NS', 'UNISON.NS', 'UNITEDINT.NS', 'UNITINT.NS', 'UNIVSTAR.NS']: No data found, symbol may be delisted
18:03:21 │ INFO    │    📦 Batch 361/388 — 15 stocks...
18:03:21 │ ERROR   │ $UNRYLMA.NS: No data found, symbol may be delisted
18:03:21 │ ERROR   │ $UNJHAFOR.NS: No data found, symbol may be delisted
18:03:22 │ ERROR   │ $UPROTECH.NS: No data found, symbol may be delisted
18:03:23 │ ERROR   │ $UNIWSEC.NS: No data found, symbol may be delisted
18:03:23 │ ERROR   │ $UPSURGE.NS: No data found, symbol may be delisted
18:03:24 │ ERROR   │ $UNTTEMI.NS: No data found, symbol may be delisted
18:03:24 │ ERROR   │ $URSUGAR.NS: No data found, symbol may be delisted
18:03:24 │ ERROR   │ 
7 Failed downloads:
18:03:24 │ ERROR   │ ['UNRYLMA.NS', 'UNJHAFOR.NS', 'UPROTECH.NS', 'UNIWSEC.NS', 'UPSURGE.NS', 'UNTTEMI.NS', 'URSUGAR.NS']: No data found, symbol may be delisted
18:03:31 │ INFO    │    📦 Batch 362/388 — 15 stocks...
18:03:31 │ ERROR   │ $USGTECH.NS: No data found, symbol may be delisted
18:03:32 │ ERROR   │ $UVDRHOR.NS: No data found, symbol may be delisted
18:03:32 │ ERROR   │ $USHAKIRA.NS: No data found, symbol may be delisted
18:03:33 │ ERROR   │ $UTIQUE.NS: No data found, symbol may be delisted
18:03:33 │ ERROR   │ $UVS.NS: No data found, symbol may be delisted
18:03:33 │ ERROR   │ $UTLINDS.NS: No data found, symbol may be delisted
18:03:34 │ ERROR   │ $UTSSAV.NS: No data found, symbol may be delisted
18:03:34 │ ERROR   │ $USHAFIN.NS: No data found, symbol may be delisted
18:03:34 │ ERROR   │ 
8 Failed downloads:
18:03:34 │ ERROR   │ ['USGTECH.NS', 'UVDRHOR.NS', 'USHAKIRA.NS', 'UTIQUE.NS', 'UVS.NS', 'UTLINDS.NS', 'UTSSAV.NS', 'USHAFIN.NS']: No data found, symbol may be delisted
18:03:40 │ INFO    │    📦 Batch 363/388 — 15 stocks...
18:03:41 │ ERROR   │ $VALIANT.NS: No data found, symbol may be delisted
18:03:41 │ ERROR   │ $VALENCIA.NS: No data found, symbol may be delisted
18:03:42 │ ERROR   │ $VAARAD.NS: No data found, symbol may be delisted
18:03:42 │ ERROR   │ $VAICC.NS: No data found, symbol may be delisted
18:03:43 │ ERROR   │ $VALINDIA.NS: No data found, symbol may be delisted
18:03:44 │ ERROR   │ 
5 Failed downloads:
18:03:44 │ ERROR   │ ['VALIANT.NS', 'VALENCIA.NS', 'VAARAD.NS', 'VAICC.NS', 'VALINDIA.NS']: No data found, symbol may be delisted
18:03:50 │ INFO    │    📦 Batch 364/388 — 15 stocks...
18:03:50 │ ERROR   │ $VALPLAST.NS: No data found, symbol may be delisted
18:03:51 │ ERROR   │ $VANTABIO.NS: No data found, symbol may be delisted
18:03:51 │ ERROR   │ $VANDU.NS: No data found, symbol may be delisted
18:03:51 │ ERROR   │ $VALLEY.NS: No data found, symbol may be delisted
18:03:52 │ ERROR   │ $VALSONQ.NS: No data found, symbol may be delisted
18:03:52 │ ERROR   │ $VAMSHIRU.NS: No data found, symbol may be delisted
18:03:54 │ ERROR   │ $VARDHANCFL.NS: No data found, symbol may be delisted
18:03:54 │ ERROR   │ $VAMA.NS: No data found, symbol may be delisted
18:03:54 │ ERROR   │ $VANICOM.NS: No data found, symbol may be delisted
18:03:55 │ ERROR   │ $VALLABHSQ.NS: No data found, symbol may be delisted
18:03:55 │ ERROR   │ $VAPIENTER.NS: No data found, symbol may be delisted
18:03:55 │ ERROR   │ $VANDAN.NS: No data found, symbol may be delisted
18:03:55 │ ERROR   │ 
12 Failed downloads:
18:03:55 │ ERROR   │ ['VALPLAST.NS', 'VANTABIO.NS', 'VANDU.NS', 'VALLEY.NS', 'VALSONQ.NS', 'VAMSHIRU.NS', 'VARDHANCFL.NS', 'VAMA.NS', 'VANICOM.NS', 'VALLABHSQ.NS', 'VAPIENTER.NS', 'VANDAN.NS']: No data found, symbol may be delisted
18:04:01 │ INFO    │    📦 Batch 365/388 — 15 stocks...
18:04:02 │ ERROR   │ $VARIMAN.NS: No data found, symbol may be delisted
18:04:02 │ ERROR   │ $VARYAA.NS: No data found, symbol may be delisted
18:04:03 │ ERROR   │ $VASHISHTHA.NS: No data found, symbol may be delisted
18:04:03 │ ERROR   │ $VBDESAI.NS: No data found, symbol may be delisted
18:04:03 │ ERROR   │ $VARUNME.NS: No data found, symbol may be delisted
18:04:04 │ ERROR   │ $VBIND.NS: No data found, symbol may be delisted
18:04:05 │ ERROR   │ $VASINFRA.NS: No data found, symbol may be delisted
18:04:05 │ ERROR   │ 
7 Failed downloads:
18:04:05 │ ERROR   │ ['VARIMAN.NS', 'VARYAA.NS', 'VASHISHTHA.NS', 'VBDESAI.NS', 'VARUNME.NS', 'VBIND.NS', 'VASINFRA.NS']: No data found, symbol may be delisted
18:04:13 │ INFO    │    📦 Batch 366/388 — 15 stocks...
18:04:13 │ ERROR   │ $VCU.NS: No data found, symbol may be delisted
18:04:13 │ ERROR   │ $VDEAL.NS: No data found, symbol may be delisted
18:04:14 │ ERROR   │ $VEERENRGY.NS: No data found, symbol may be delisted
18:04:14 │ ERROR   │ $VEERHEALTH.NS: No data found, symbol may be delisted
18:04:14 │ ERROR   │ $VEERKRUPA.NS: No data found, symbol may be delisted
18:04:15 │ ERROR   │ $VEEFIN.NS: No data found, symbol may be delisted
18:04:15 │ ERROR   │ $VEGA.NS: No data found, symbol may be delisted
18:04:16 │ ERROR   │ $VEDANTASSET.NS: No data found, symbol may be delisted
18:04:17 │ ERROR   │ $VEL.NS: No data found, symbol may be delisted
18:04:17 │ ERROR   │ 
9 Failed downloads:
18:04:17 │ ERROR   │ ['VCU.NS', 'VDEAL.NS', 'VEERENRGY.NS', 'VEERHEALTH.NS', 'VEERKRUPA.NS', 'VEEFIN.NS', 'VEGA.NS', 'VEDANTASSET.NS', 'VEL.NS']: No data found, symbol may be delisted
18:04:23 │ INFO    │    📦 Batch 367/388 — 15 stocks...
18:04:23 │ ERROR   │ $VELHO.NS: No data found, symbol may be delisted
18:04:24 │ ERROR   │ $VERITAS.NS: No data found, symbol may be delisted
18:04:24 │ ERROR   │ $VENMAX.NS: No data found, symbol may be delisted
18:04:25 │ ERROR   │ $VENLONENT.NS: No data found, symbol may be delisted
18:04:26 │ ERROR   │ $VELOX.NS: No data found, symbol may be delisted
18:04:26 │ ERROR   │ $VENTURA.NS: No data found, symbol may be delisted
18:04:26 │ ERROR   │ 
6 Failed downloads:
18:04:26 │ ERROR   │ ['VELHO.NS', 'VERITAS.NS', 'VENMAX.NS', 'VENLONENT.NS', 'VELOX.NS', 'VENTURA.NS']: No data found, symbol may be delisted
18:04:32 │ INFO    │    📦 Batch 368/388 — 15 stocks...
18:04:33 │ ERROR   │ $VGIL.NS: No data found, symbol may be delisted
18:04:34 │ ERROR   │ $VERTIS.NS: No data found, symbol may be delisted
18:04:34 │ ERROR   │ $VERTEX.NS: No data found, symbol may be delisted
18:04:35 │ ERROR   │ $VERTEXPP.NS: No data found, symbol may be delisted
18:04:35 │ ERROR   │ $VGINFOTECH.NS: No data found, symbol may be delisted
18:04:35 │ ERROR   │ 
5 Failed downloads:
18:04:35 │ ERROR   │ ['VGIL.NS', 'VERTIS.NS', 'VERTEX.NS', 'VERTEXPP.NS', 'VGINFOTECH.NS']: No data found, symbol may be delisted
18:04:42 │ INFO    │    📦 Batch 369/388 — 15 stocks...
18:04:42 │ ERROR   │ $VICTORYEV.NS: No data found, symbol may be delisted
18:04:43 │ ERROR   │ $VIKASWSP.NS: No data found, symbol may be delisted
18:04:43 │ ERROR   │ $VIGOR.NS: No data found, symbol may be delisted
18:04:43 │ ERROR   │ $VIKALPS.NS: No data found, symbol may be delisted
18:04:44 │ ERROR   │ $VIKASPROP.NS: No data found, symbol may be delisted
18:04:44 │ ERROR   │ $VIJAYPD.NS: No data found, symbol may be delisted
18:04:45 │ ERROR   │ $VIESL.NS: No data found, symbol may be delisted
18:04:45 │ ERROR   │ $VICTMILL.NS: No data found, symbol may be delisted
18:04:45 │ ERROR   │ 
8 Failed downloads:
18:04:45 │ ERROR   │ ['VICTORYEV.NS', 'VIKASWSP.NS', 'VIGOR.NS', 'VIKALPS.NS', 'VIKASPROP.NS', 'VIJAYPD.NS', 'VIESL.NS', 'VICTMILL.NS']: No data found, symbol may be delisted
18:04:51 │ INFO    │    📦 Batch 370/388 — 15 stocks...
18:04:51 │ ERROR   │ $VIKRAMTH.NS: No data found, symbol may be delisted
18:04:53 │ ERROR   │ $VINAYAKPOL.NS: No data found, symbol may be delisted
18:04:53 │ ERROR   │ $VINRKLB.NS: No data found, symbol may be delisted
18:04:54 │ ERROR   │ $VIKSHEN.NS: No data found, symbol may be delisted
18:04:54 │ ERROR   │ $VIKRAMAR.NS: No data found, symbol may be delisted
18:04:54 │ ERROR   │ 
5 Failed downloads:
18:04:54 │ ERROR   │ ['VIKRAMTH.NS', 'VINAYAKPOL.NS', 'VINRKLB.NS', 'VIKSHEN.NS', 'VIKRAMAR.NS']: No data found, symbol may be delisted
18:05:00 │ INFO    │    📦 Batch 371/388 — 15 stocks...
18:05:00 │ ERROR   │ $VINVANI.NS: No data found, symbol may be delisted
18:05:01 │ ERROR   │ $VIPPYSP.NS: No data found, symbol may be delisted
18:05:01 │ ERROR   │ $VINTAGES.NS: No data found, symbol may be delisted
18:05:02 │ ERROR   │ $VINYOFL.NS: No data found, symbol may be delisted
18:05:02 │ ERROR   │ $VIPULORG.NS: No data found, symbol may be delisted
18:05:03 │ ERROR   │ $VIRATCRA.NS: No data found, symbol may be delisted
18:05:03 │ ERROR   │ $VIRGOGLOB.NS: No data found, symbol may be delisted
18:05:03 │ ERROR   │ 
7 Failed downloads:
18:05:03 │ ERROR   │ ['VINVANI.NS', 'VIPPYSP.NS', 'VINTAGES.NS', 'VINYOFL.NS', 'VIPULORG.NS', 'VIRATCRA.NS', 'VIRGOGLOB.NS']: No data found, symbol may be delisted
18:05:10 │ INFO    │    📦 Batch 372/388 — 15 stocks...
18:05:10 │ ERROR   │ $VISHALBL.NS: No data found, symbol may be delisted
18:05:10 │ ERROR   │ $VISAGAR.NS: No data found, symbol may be delisted
18:05:11 │ ERROR   │ $VISIONCINE.NS: No data found, symbol may be delisted
18:05:11 │ ERROR   │ $VISIONCO.NS: No data found, symbol may be delisted
18:05:11 │ ERROR   │ $VISASTEEL.NS: No data found, symbol may be delisted
18:05:12 │ ERROR   │ $VIRYA.NS: No data found, symbol may be delisted
18:05:13 │ ERROR   │ 
6 Failed downloads:
18:05:13 │ ERROR   │ ['VISHALBL.NS', 'VISAGAR.NS', 'VISIONCINE.NS', 'VISIONCO.NS', 'VISASTEEL.NS', 'VIRYA.NS']: No data found, symbol may be delisted
18:05:19 │ INFO    │    📦 Batch 373/388 — 15 stocks...
18:05:19 │ ERROR   │ $VIVANTA.NS: No data found, symbol may be delisted
18:05:19 │ ERROR   │ $VIVIDM.NS: No data found, symbol may be delisted
18:05:20 │ ERROR   │ $VIVAA.NS: No data found, symbol may be delisted
18:05:20 │ ERROR   │ $VISTARAMAR.NS: No data found, symbol may be delisted
18:05:21 │ ERROR   │ $VISVEN.NS: No data found, symbol may be delisted
18:05:21 │ ERROR   │ $VIVIDIND.NS: No data found, symbol may be delisted
18:05:22 │ ERROR   │ $VIVANZA.NS: No data found, symbol may be delisted
18:05:22 │ ERROR   │ $VISTAPH.NS: No data found, symbol may be delisted
18:05:23 │ ERROR   │ $VIVIDEL.NS: No data found, symbol may be delisted
18:05:23 │ ERROR   │ 
9 Failed downloads:
18:05:23 │ ERROR   │ ['VIVANTA.NS', 'VIVIDM.NS', 'VIVAA.NS', 'VISTARAMAR.NS', 'VISVEN.NS', 'VIVIDIND.NS', 'VIVANZA.NS', 'VISTAPH.NS', 'VIVIDEL.NS']: No data found, symbol may be delisted
18:05:29 │ INFO    │    📦 Batch 374/388 — 15 stocks...
18:05:29 │ ERROR   │ $VKAL.NS: No data found, symbol may be delisted
18:05:29 │ ERROR   │ $VJLAXMIE.NS: No data found, symbol may be delisted
18:05:30 │ ERROR   │ $VLINFRA.NS: No data found, symbol may be delisted
18:05:30 │ ERROR   │ $VJTFEDU.NS: No data found, symbol may be delisted
18:05:31 │ ERROR   │ $VLL.NS: No data found, symbol may be delisted
18:05:31 │ ERROR   │ $VMS.NS: No data found, symbol may be delisted
18:05:32 │ ERROR   │ $VKGLOBAL.NS: No data found, symbol may be delisted
18:05:32 │ ERROR   │ 
7 Failed downloads:
18:05:32 │ ERROR   │ ['VKAL.NS', 'VJLAXMIE.NS', 'VLINFRA.NS', 'VJTFEDU.NS', 'VLL.NS', 'VMS.NS', 'VKGLOBAL.NS']: No data found, symbol may be delisted
18:05:38 │ INFO    │    📦 Batch 375/388 — 15 stocks...
18:05:38 │ ERROR   │ $VPL.NS: No data found, symbol may be delisted
18:05:39 │ ERROR   │ $VOLERCAR.NS: No data found, symbol may be delisted
18:05:39 │ ERROR   │ $VOLKAI.NS: No data found, symbol may be delisted
18:05:39 │ ERROR   │ $VRL.NS: No data found, symbol may be delisted
18:05:41 │ ERROR   │ $VOLLF.NS: No data found, symbol may be delisted
18:05:42 │ ERROR   │ $VRFILMS.NS: No data found, symbol may be delisted
18:05:42 │ ERROR   │ 
6 Failed downloads:
18:05:42 │ ERROR   │ ['VPL.NS', 'VOLERCAR.NS', 'VOLKAI.NS', 'VRL.NS', 'VOLLF.NS', 'VRFILMS.NS']: No data found, symbol may be delisted
18:05:48 │ INFO    │    📦 Batch 376/388 — 15 stocks...
18:05:48 │ ERROR   │ $VRUDDHI.NS: No data found, symbol may be delisted
18:05:48 │ ERROR   │ $VVIPIL.NS: No data found, symbol may be delisted
18:05:49 │ ERROR   │ $VRWODAR.NS: No data found, symbol may be delisted
18:05:49 │ ERROR   │ $VSDCONF.NS: No data found, symbol may be delisted
18:05:50 │ ERROR   │ $WAA.NS: No data found, symbol may be delisted
18:05:50 │ ERROR   │ $VXLINSTR.NS: No data found, symbol may be delisted
18:05:51 │ ERROR   │ $VSL.NS: No data found, symbol may be delisted
18:05:51 │ ERROR   │ $VSFPROJ.NS: No data found, symbol may be delisted
18:05:51 │ ERROR   │ 
8 Failed downloads:
18:05:51 │ ERROR   │ ['VRUDDHI.NS', 'VVIPIL.NS', 'VRWODAR.NS', 'VSDCONF.NS', 'WAA.NS', 'VXLINSTR.NS', 'VSL.NS', 'VSFPROJ.NS']: No data found, symbol may be delisted
18:05:57 │ INFO    │    📦 Batch 377/388 — 15 stocks...
18:05:58 │ ERROR   │ $WARRENTEA.NS: No data found, symbol may be delisted
18:05:58 │ ERROR   │ $WAAREE.NS: No data found, symbol may be delisted
18:05:59 │ ERROR   │ $WALLFORT.NS: No data found, symbol may be delisted
18:06:00 │ ERROR   │ $WAGEND.NS: No data found, symbol may be delisted
18:06:00 │ ERROR   │ $WALCHPF.NS: No data found, symbol may be delisted
18:06:00 │ ERROR   │ $WARDWIZFBL.NS: No data found, symbol may be delisted
18:06:01 │ ERROR   │ 
6 Failed downloads:
18:06:01 │ ERROR   │ ['WARRENTEA.NS', 'WAAREE.NS', 'WALLFORT.NS', 'WAGEND.NS', 'WALCHPF.NS', 'WARDWIZFBL.NS']: No data found, symbol may be delisted
18:06:08 │ INFO    │    📦 Batch 378/388 — 15 stocks...
18:06:09 │ ERROR   │ $WELTI.NS: No data found, symbol may be delisted
18:06:10 │ ERROR   │ $WELCURE.NS: No data found, symbol may be delisted
18:06:11 │ ERROR   │ $WEBSL.NS: No data found, symbol may be delisted
18:06:11 │ ERROR   │ 
3 Failed downloads:
18:06:11 │ ERROR   │ ['WELTI.NS', 'WELCURE.NS', 'WEBSL.NS']: No data found, symbol may be delisted
18:06:17 │ INFO    │    📦 Batch 379/388 — 15 stocks...
18:06:18 │ ERROR   │ $WILLIMFI.NS: No data found, symbol may be delisted
18:06:19 │ ERROR   │ $WHITHAL.NS: No data found, symbol may be delisted
18:06:20 │ ERROR   │ $WHITEORG.NS: No data found, symbol may be delisted
18:06:20 │ ERROR   │ $WEPSOLN.NS: No data found, symbol may be delisted
18:06:20 │ ERROR   │ $WESTLEIRES.NS: No data found, symbol may be delisted
18:06:21 │ ERROR   │ $WHITEFORCE.NS: No data found, symbol may be delisted
18:06:21 │ ERROR   │ 
6 Failed downloads:
18:06:21 │ ERROR   │ ['WILLIMFI.NS', 'WHITHAL.NS', 'WHITEORG.NS', 'WEPSOLN.NS', 'WESTLEIRES.NS', 'WHITEFORCE.NS']: No data found, symbol may be delisted
18:06:27 │ INFO    │    📦 Batch 380/388 — 15 stocks...
18:06:28 │ ERROR   │ $WMINIMT.NS: No data found, symbol may be delisted
18:06:28 │ ERROR   │ $WINPRO.NS: No data found, symbol may be delisted
18:06:29 │ ERROR   │ $WITS.NS: No data found, symbol may be delisted
18:06:29 │ ERROR   │ $WOL3D.NS: No data found, symbol may be delisted
18:06:29 │ ERROR   │ $WINSOMTX.NS: No data found, symbol may be delisted
18:06:30 │ ERROR   │ $WINSOMBR.NS: No data found, symbol may be delisted
18:06:30 │ ERROR   │ $WIREFABR.NS: No data found, symbol may be delisted
18:06:31 │ ERROR   │ $WINROC.NS: No data found, symbol may be delisted
18:06:31 │ ERROR   │ 
8 Failed downloads:
18:06:31 │ ERROR   │ ['WMINIMT.NS', 'WINPRO.NS', 'WITS.NS', 'WOL3D.NS', 'WINSOMTX.NS', 'WINSOMBR.NS', 'WIREFABR.NS', 'WINROC.NS']: No data found, symbol may be delisted
18:06:37 │ INFO    │    📦 Batch 381/388 — 15 stocks...
18:06:38 │ ERROR   │ $WOMENNET.NS: No data found, symbol may be delisted
18:06:39 │ ERROR   │ $WWALUM.NS: No data found, symbol may be delisted
18:06:40 │ ERROR   │ $WORKMATES.NS: No data found, symbol may be delisted
18:06:40 │ ERROR   │ $WOSAL.NS: No data found, symbol may be delisted
18:06:40 │ ERROR   │ $WORTH.NS: No data found, symbol may be delisted
18:06:41 │ ERROR   │ $WSFX.NS: No data found, symbol may be delisted
18:06:41 │ ERROR   │ 
6 Failed downloads:
18:06:41 │ ERROR   │ ['WOMENNET.NS', 'WWALUM.NS', 'WORKMATES.NS', 'WOSAL.NS', 'WORTH.NS', 'WSFX.NS']: No data found, symbol may be delisted
18:06:47 │ INFO    │    📦 Batch 382/388 — 15 stocks...
18:06:48 │ ERROR   │ $YARNSYN.NS: No data found, symbol may be delisted
18:06:48 │ ERROR   │ $YARNPP.NS: No data found, symbol may be delisted
18:06:48 │ ERROR   │ $YASHHTEJ.NS: No data found, symbol may be delisted
18:06:49 │ ERROR   │ $YAAP.NS: No data found, symbol may be delisted
18:06:49 │ ERROR   │ $YAANENT.NS: No data found, symbol may be delisted
18:06:50 │ ERROR   │ $YASHCHEM.NS: No data found, symbol may be delisted
18:06:50 │ ERROR   │ $YASHINNO.NS: No data found, symbol may be delisted
18:06:50 │ ERROR   │ $YASHMGM.NS: No data found, symbol may be delisted
18:06:51 │ ERROR   │ $YAJUR.NS: No data found, symbol may be delisted
18:06:51 │ ERROR   │ $YASHHV.NS: No data found, symbol may be delisted
18:06:51 │ ERROR   │ $YAMNINV.NS: No data found, symbol may be delisted
18:06:51 │ ERROR   │ 
11 Failed downloads:
18:06:51 │ ERROR   │ ['YARNSYN.NS', 'YARNPP.NS', 'YASHHTEJ.NS', 'YAAP.NS', 'YAANENT.NS', 'YASHCHEM.NS', 'YASHINNO.NS', 'YASHMGM.NS', 'YAJUR.NS', 'YASHHV.NS', 'YAMNINV.NS']: No data found, symbol may be delisted
18:06:58 │ INFO    │    📦 Batch 383/388 — 15 stocks...
18:06:58 │ ERROR   │ $YUG.NS: No data found, symbol may be delisted
18:06:59 │ ERROR   │ $YORKEXP.NS: No data found, symbol may be delisted
18:06:59 │ ERROR   │ $YOGISUNG.NS: No data found, symbol may be delisted
18:07:00 │ ERROR   │ $YUNIKM.NS: No data found, symbol may be delisted
18:07:00 │ ERROR   │ $YASTF.NS: No data found, symbol may be delisted
18:07:00 │ ERROR   │ $YASHRAJC.NS: No data found, symbol may be delisted
18:07:01 │ ERROR   │ $YSL.NS: No data found, symbol may be delisted
18:07:01 │ ERROR   │ 
7 Failed downloads:
18:07:01 │ ERROR   │ ['YUG.NS', 'YORKEXP.NS', 'YOGISUNG.NS', 'YUNIKM.NS', 'YASTF.NS', 'YASHRAJC.NS', 'YSL.NS']: No data found, symbol may be delisted
18:07:07 │ INFO    │    📦 Batch 384/388 — 15 stocks...
18:07:08 │ ERROR   │ $ZBINTXPP.NS: No data found, symbol may be delisted
18:07:08 │ ERROR   │ $YUVRAAJHPL.NS: No data found, symbol may be delisted
18:07:09 │ ERROR   │ $ZENIFIB.NS: No data found, symbol may be delisted
18:07:09 │ ERROR   │ $ZARCOLEA.NS: No data found, symbol may be delisted
18:07:09 │ ERROR   │ $ZARDIINV.NS: No data found, symbol may be delisted
18:07:10 │ ERROR   │ $ZAPPFRESH.NS: No data found, symbol may be delisted
18:07:11 │ ERROR   │ $ZDHJERK.NS: No data found, symbol may be delisted
18:07:11 │ ERROR   │ $ZELIO.NS: No data found, symbol may be delisted
18:07:11 │ ERROR   │ 
8 Failed downloads:
18:07:11 │ ERROR   │ ['ZBINTXPP.NS', 'YUVRAAJHPL.NS', 'ZENIFIB.NS', 'ZARCOLEA.NS', 'ZARDIINV.NS', 'ZAPPFRESH.NS', 'ZDHJERK.NS', 'ZELIO.NS']: No data found, symbol may be delisted
18:07:17 │ INFO    │    📦 Batch 385/388 — 15 stocks...
18:07:18 │ ERROR   │ $ZENITHHE.NS: No data found, symbol may be delisted
18:07:18 │ ERROR   │ $ZINEMA.NS: No data found, symbol may be delisted
18:07:18 │ ERROR   │ $ZHEMHOLD.NS: No data found, symbol may be delisted
18:07:19 │ ERROR   │ $ZHINDHSG.NS: No data found, symbol may be delisted
18:07:19 │ ERROR   │ $ZENLABS.NS: No data found, symbol may be delisted
18:07:20 │ ERROR   │ $ZHINUDYP.NS: No data found, symbol may be delisted
18:07:20 │ ERROR   │ $ZENOTECH.NS: No data found, symbol may be delisted
18:07:21 │ ERROR   │ $ZGAEKWAR.NS: No data found, symbol may be delisted
18:07:21 │ ERROR   │ $ZGOLDINV.NS: No data found, symbol may be delisted
18:07:21 │ ERROR   │ 
9 Failed downloads:
18:07:21 │ ERROR   │ ['ZENITHHE.NS', 'ZINEMA.NS', 'ZHEMHOLD.NS', 'ZHINDHSG.NS', 'ZENLABS.NS', 'ZHINUDYP.NS', 'ZENOTECH.NS', 'ZGAEKWAR.NS', 'ZGOLDINV.NS']: No data found, symbol may be delisted
18:07:27 │ INFO    │    📦 Batch 386/388 — 15 stocks...
18:07:28 │ ERROR   │ $ZMULTIPU.NS: No data found, symbol may be delisted
18:07:28 │ ERROR   │ $ZODJRDMKJ.NS: No data found, symbol may be delisted
18:07:29 │ ERROR   │ $ZPRBHSTE.NS: No data found, symbol may be delisted
18:07:29 │ ERROR   │ $ZMILGFIN.NS: No data found, symbol may be delisted
18:07:30 │ ERROR   │ $ZNEWSAGA.NS: No data found, symbol may be delisted
18:07:30 │ ERROR   │ $ZMANSOON.NS: No data found, symbol may be delisted
18:07:30 │ ERROR   │ $ZODIACVEN.NS: No data found, symbol may be delisted
18:07:31 │ ERROR   │ $ZJEETMAC.NS: No data found, symbol may be delisted
18:07:31 │ ERROR   │ $ZNIVITRD.NS: No data found, symbol may be delisted
18:07:32 │ ERROR   │ $ZNILKENG.NS: No data found, symbol may be delisted
18:07:32 │ ERROR   │ $ZKHANDEN.NS: No data found, symbol may be delisted
18:07:32 │ ERROR   │ $ZKOVALIN.NS: No data found, symbol may be delisted
18:07:32 │ ERROR   │ 
12 Failed downloads:
18:07:32 │ ERROR   │ ['ZMULTIPU.NS', 'ZODJRDMKJ.NS', 'ZPRBHSTE.NS', 'ZMILGFIN.NS', 'ZNEWSAGA.NS', 'ZMANSOON.NS', 'ZODIACVEN.NS', 'ZJEETMAC.NS', 'ZNIVITRD.NS', 'ZNILKENG.NS', 'ZKHANDEN.NS', 'ZKOVALIN.NS']: No data found, symbol may be delisted
18:07:39 │ INFO    │    📦 Batch 387/388 — 15 stocks...
18:07:39 │ ERROR   │ $ZSANMCOM.NS: No data found, symbol may be delisted
18:07:39 │ ERROR   │ $ZSARVAMA.NS: No data found, symbol may be delisted
18:07:40 │ ERROR   │ $ZSATYASL.NS: No data found, symbol may be delisted
18:07:40 │ ERROR   │ $ZSVTRADI.NS: No data found, symbol may be delisted
18:07:40 │ ERROR   │ $ZSOUTGAS.NS: No data found, symbol may be delisted
18:07:41 │ ERROR   │ $ZWELCAST.NS: No data found, symbol may be delisted
18:07:41 │ ERROR   │ $ZR2.NS: No data found, symbol may be delisted
18:07:42 │ ERROR   │ $ZSPEEDCO.NS: No data found, symbol may be delisted
18:07:42 │ ERROR   │ $ZSVARAJT.NS: No data found, symbol may be delisted
18:07:42 │ ERROR   │ $ZSHERAPR.NS: No data found, symbol may be delisted
18:07:43 │ ERROR   │ 
10 Failed downloads:
18:07:43 │ ERROR   │ ['ZSANMCOM.NS', 'ZSARVAMA.NS', 'ZSATYASL.NS', 'ZSVTRADI.NS', 'ZSOUTGAS.NS', 'ZWELCAST.NS', 'ZR2.NS', 'ZSPEEDCO.NS', 'ZSVARAJT.NS', 'ZSHERAPR.NS']: No data found, symbol may be delisted
18:07:49 │ INFO    │    📦 Batch 388/388 — 1 stocks...
18:07:51 │ INFO    │    ✅ OHLCV ready: 3204 stocks × 1244 trading days
18:07:52 │ INFO    │ Calculating multi-timeframe performance (calendar-anchored)...
18:07:56 │ INFO    │    Performance calculated for 3204 stocks (calendar-anchored)
18:07:56 │ INFO    │ 📊 Fetching NSE indices for Market Cap classification...
18:07:58 │ INFO    │    ✅ Market Cap mapping complete: 100 Large, 150 Mid
18:07:58 │ INFO    │ 🏆 Ranking stocks and exporting results...
18:07:58 │ INFO    │    📄 Full scan CSV: full_scan_2026-10-01_1807.csv
18:07:58 │ INFO    │    📄 Top performers JSON: top_performers_2026-10-01_1807.json
18:07:58 │ INFO    │    📄 Summary JSON: latest_scan_summary.json
18:07:58 │ INFO    │    📄 Full summary JSON: full_summary.json (3204 stocks)
18:07:58 │ INFO    │ 🔬 Fetching fundamentals for top movers...
18:07:58 │ INFO    │    📄 CSV fundamentals loaded: 5,731 stocks
18:07:58 │ INFO    │    🔬 Fetching 1 stocks via yfinance (not in CSV)...
18:07:58 │ INFO    │ 🔬 Fetching fundamentals for 1 stocks...
18:07:58 │ INFO    │    ✅ Fundamentals: 1/1 with data
18:07:58 │ INFO    │    📄 Fundamentals JSON saved: fundamentals.json (5,732 stocks)
18:07:58 │ INFO    │ 🎯 Running Opportunity Engine...
18:07:58 │ INFO    │    ⚡ Running 52W_BREAKOUT...
18:08:00 │ INFO    │    📈 BreakoutScanner: 26 signals found
18:08:00 │ INFO    │    ⚡ Running VOLUME_SPIKE...
18:08:02 │ INFO    │    📊 VolumeScanner: 102 signals found
18:08:02 │ INFO    │    ⚡ Running EMA_MOMENTUM...
18:08:08 │ INFO    │    🚀 MomentumScanner: 0 signals found
18:08:08 │ INFO    │    📊 Total raw signals: 128
18:08:08 │ INFO    │ ⚙️  Fusing scanner results...
18:08:08 │ INFO    │    ✅ 40 opportunities (threshold: 25+, max: 100)
18:08:08 │ INFO    │    📄 opportunities.json saved (40 entries)
18:08:08 │ INFO    │ 📊 Computing sector daily performance heatmap...
18:08:08 │ INFO    │    ✅ sector_daily_performance.json — 10 days × 3 sectors
18:08:08 │ INFO    │ 📊 Computing market regime...
18:08:08 │ WARNING │    ⚠️ Nifty fetch failed: float() argument must be a string or a real number, not 'Series'
18:08:08 │ INFO    │    ✅ market_regime.json — Regime: Sideways | A/D: 0.41
18:08:08 │ INFO    │ ⏱️  Total time: 3782.1s
